0,description,2,3,worksFor,jobTitle
Michael Tharrington,I'm here to have a good time helping folks build communities on Forem. I also really like music!,,,DEV/Forem,Community Manager
Ben Halpern,A Canadian software developer who thinks he’s funny. He/Him.,bendhalpern@gmail.com,,Forem,Webmaster
Molly Struve (she/her),International Speaker 🗣 Runner 🏃‍♀️ Always Ambitious. Never Satisfied. I ride 🦄's IRL,,MIT '10 Aerospace Engineering,DEV Community (soon to be Forem),Lead Site Reliability Engineer
Joe Doss,Fedora Linux user. Passionate about enabling others to improve their lives with Free Open Source Software.,,Michigan State University,Forem,Principal Systems Architect
Fernando,"Ruby, Rails, Docker, Mobile development and lots of random cloud computing plumbing.",,,Forem,Software Engineer
Arit Amana,Former Public Health Analyst. Coding Bootcamp Grad. Mentor to women (especially moms) who are transitioning to tech careers.,,,DEV,Associate Software Engineer
Julianna Tetreault,Associate Software Engineer @ Forem,,,Forem,Associate Software Engineer
Vaidehi Joshi,"Writing words, writing code. Sometimes doing both at once. Señiorita software engineer at Forem.",,,Forem,Senior Software Engineer
Nick Taylor (he/him),Senior software developer at Forem. Caught the live coding bug on Twitch at livecoding.ca,nick@dev.to,University of New Brunswick,Forem,Senior Software Developer
Dawood Khan Masood,404 bio not found,admin@hackhex.com,,,
Paweł Ludwiczak,I move pixels around.,,,Forem,Product Designer
Akhil Naidu,404 bio not found,admin@leewardslope.com,"IIT Guwahati, Enginnering Physics Graduate",Leewardslope,Founder
