0,1,2,price
Soul Food MP3,"Funky fun on my plate, feeding my soul is the goal! I need love, fun, peace, happiness, and inspiration in my life.",http://kidzbites.com/shop/soul-food-mp3/,0.99
Vegetable Rap MP3,"Why are vegetables so good? Green leafies, root veggies, stalks and flowers, podded pretties, and healthy herbs – I love my vegetables!",http://kidzbites.com/shop/vegetable-rap/,0.99
Super Food MP3,I’m in the mood for super food!,http://kidzbites.com/shop/super-food/,0.99
Nature In Season MP3,"Nature in season, variety is good. Better taste, better value, better for earth, and better for me!",http://kidzbites.com/shop/nature-in-season/,0.99
Have You Ever Eaten A Rainbow? MP3,"All the colours of the rainbow can be found in foods you know, and if you try to eat a rainbow you might find your pot of gold!",http://kidzbites.com/shop/have-you-ever-eaten-a-rainbow/,0.99
Where Does My Food Come From? MP3,"Where does my food come from? I want to know. Fresh, organic, local, homegrown – avoid the food spam!",http://kidzbites.com/shop/where-does-my-food-come-from/,0.99
Water MP3,"Always think of water, the drink of Kings! How much water have I had today?",http://kidzbites.com/shop/water/,0.99
Keeping It Real MP3,"Food that’s made in a lab? No, no, no, it makes me sad! When in doubt just remember to keep it real.",http://kidzbites.com/shop/keeping-real-mp3/,0.99
Kidz Bites Theme Song MP3,Delicious bite-sized pieces of information! Kidz Bites! Tell me the story of food.,http://kidzbites.com/shop/kidz-bites-theme-song-mp3/,0.99
Let’s Get Cooking MP3,"Let’s get cooking, the kitchen’s looking like it needs some love. The secret ingredient is vitamin L.",http://kidzbites.com/shop/lets-get-cooking/,0.99
We Came Here To Party MP3,"We came here to party and we need food that’s hearty! To keep us going all day, so we listen to our bodies! It’s never too late to try something new, to get down with our crew just do what we do.",http://kidzbites.com/shop/we-came-here-to-party/,0.99
