0,telephone,addressCountry,postalCode,streetAddress,longitude,latitude,addressLocality
NUS Museum,65168817,Singapore,119279,50 Kent Ridge Crescent National University of Singapore,103.772451,1.301897,Singapore
Asian Civilisations Museum,63327798,Singapore,179555,"1 Empress Pl,",103.8510592,1.2880208,Singapore
Pan Pacific Singapore,97423621,Singapore,039595,"7 Raffles Boulevard, Level 2 Public Art Space, Singapore",,,Singapore
National Gallery Singapore,,Singapore,178957,1 St Andrew&#039;s Rd,103.851285,1.289704,singapore
National Library Board,,Singapore,,100 Victoria Street #16-01 Singapore 189064,103.8542964,1.297559,Singapore
KC Arts Centre &#8211; Home of SRT,,Singapore,239035,"20 Merbau Road, Robertson Quay,",103.8416179,1.2916097,Singapore
"University Cultural Centre Theatre, NUS",,Singapore,119279,50 Kent Ridge Crescent,103.772451,1.301897,Singapore
Victoria Theatre,6908 8818,Singapore,179556,"9 Empress Pl, 179556",103.8512779,1.2883579,Singapore
Peranakan Museum,,Singapore,179941,39 Armenian Street,103.8490256,1.294362,Singapore
Goodman Arts Centre,6493 7112,Singapore,Singapore 439053,"90 Goodman Road, Block O",103.885325,1.30444,Singapore
Sullivan+Strumpf Singapore,6871 8753,Singapore,108933,5 Lock Road #01-06,103.803731,1.27725,Singapore
ShanghART Singapore,67349537,Singapore,108937,"ShanghART Singapore, 9 Lock Road, #02-22, Gillman Barracks",,,Singapore
Esplanade Theatre Studio,,Singapore,,,103.819836,1.352083,Singapore
Pineapple Lab,+63 917 655 0693,Philippines,1210,6053 R Palma,,,Metro Manila
University Cultural Centre Hall,,Singapore,119279,50 Kent Ridge Crescent,103.772451,1.301897,Singapore
Yeo Workshop,67345168,Singapore,109444,47 Malan Road #01-25,,,Singapore
Singapore Book Council Training Room,63425119,Singapore,439053,"90 Goodman Road, Block E #03-32, Goodman Arts Centre",,,Singapore
The Necessary Stage Black Box,,Singapore,,,103.819836,1.352083,
Sullivan+Strumpf Singapore,https://www.sullivanstrumpf.com/contact/,Singapore,108933,5 Lock Road #01-06,103.803731,1.27725,Singapore
Sullivan + Strumpf,+65 6871 8753,Singapore,108933,5 Lock Road #01-06,103.803731,1.27725,Singapore
Drama Centre Black Box,,Select a Country:,,,103.8573371,1.2936759,Singapore
Singapore Philatelic Museum,+65 6337 3888,Singapore,179807,23-B Coleman Street,103.8486632,1.2928284,Singapore
