0,byArtist,2,3
Time Destroys Everything C36,En Nihil,Part one of the Greater Plagues series.,20200624.0
Myiasis,Bespoke Decay,,20200731.0
The Moors Murders,Fistfuck,,20200423.0
PULSE DETONATIONS / DEATH CULT RITUAL (TITLE COMING SOON),PULSE DETONATIONS / DEATH CULT RITUAL,,20200725.0
Aftermath,LUNUS,"All tracks recorded and produced by Devis Granziera @ Devils Home Studio, Bassano del Grappa (Italy)",20200911.0
ROPE,GIMP,,20200802.0
Cremator,Subklinik,Recorded at House of Molestation Studio in the Fall/Winter of 1997 Remixed 02/12/99 Originally released to CDr on Slaughter Productions in 2000,20200809.0
Regime Change Operations 1 (Unmastered),Misery Engine,,20200910.0
Plucking The Sun Out Of The Sky,God Is War,"Recorded In Santa Monica, Ca in the month of July, 2020. Mastered By: Grant Richardson Artwork and Art Layout by: Deathbed Tapes IG: Crimesofthecrown777 \""You may forget with whom you laughed with, but you will never forget with whom you wept for.\",20200722.0
Marternarretei C60,Jugendwerkhof,,20200426.0
9 CIRCLES OF HELL,deathbed tapes,,20200801.0
Menses | Asphyxiation | Pregnancy C60,Unsignified Death,"I recorded 7 April 2020 II recorded 9 April 2020 Unsignified Death is Polwach Beokhaimook unsignifieddeath.bandcamp.com Maternal body asphyxiated symbolically, fetus asphyxiated pre-symbolically.",20200409.0
Death Unmasked,deathbed tapes,,20200531.0
αίμα και πορνεία C40,Closer Bones,,20200624.0
Generation of Abuse,Wound Policy & Tatterdemalion,,20200813.0
Exhausted,N.,,20200814.0
Purge,Reaper,,20200129.0
Chemical Bomb,K2,,20200906.0
Untitled,Needle Fetish / krovopuskanie,,20200624.0
A Warm Place C20,Spring Break,,20220222.0
Joplin C40,Grain Death,,20190802.0
Well C45,Unknown Hierarchy,"1. It's Taking So Damn Long To Get Here (I-VII) 2. Vitality 3. Gunman 4. Looking Out For Your Own 5. All Is Well Recorded in Dallas, Texas shortly after my divorce in 2017 using Guttertronics system, straight to tape. Based on the novel \""Well\"" by Matthew McIntosh 2003. Thanks to Alex Ford - Deathbed, 12X12.",20200207.0
(NAME COMING),Emaztegaiak,,20200812.0
