0,1,2,3,4,5,cookTime,totalTime,prepTime,9,10,11
Ruby Rojo,"['Garnish with a dehydrated orange wheel.', 'Pour all ingredients into a cocktail tin with ice.', 'Strain into glass.', 'Stir for 12-15 seconds.']","The Ruby Rojo is a simple yet sophisticated libation created in celebration of Port Wine Day. The tequila port cocktail, named by Azuñia fan Christina L., combines luxurious liquors – Azuñia Reposado organic tequila, ruby port, Amaro Montenegro, and classic Angostura Bitters. This elegant drink one of our crown jewel of cocktails.","['0.50 oz Amaro Montenegro', '1 Dehydrated Orange Wheel for Garnish', '0.50 oz Ruby Port', '2 oz Azuñia Reposado Organic Tequila', '2 dashes Angostura Bitters']",2020-08-04,Azuñia Tequila,PT0H0M,PT0H0M,PT0H0M,0.0,0.0,Cocktail
Añejo Tequila Manhattan,"['Strain with Julep strainer into glass.', 'Stir for 10 seconds.', 'Combine ingredients into mixing glass and add ice.']","Comprised of whiskey, sweet vermouth, and bitters, and garnished with a brandied cherry, the traditional Manhattan got its name from the New York City club that made it for the first time. There’s no fluff in this tequila Manhattan recipe unless you count the brandied cherry. In our spicy version, the Añejo Manhattan, the bourbon is traded for Añejo tequila. The richness of the tequila takes center stage of this tequila modified drink.","['2 oz Azuñia Añejo Tequila', '3 dashes Angostura Bitters', '1 oz Sweet Vermouth']",2019-07-18,Azuñia Tequila,PT0H0M,PT0H0M,PT0H0M,0.0,0.0,Cocktail
Cucumber Cooler,"['Shake all ingredients except for fresh mint.', 'Double strain into glass filled with fresh ice.', 'Garnish with fresh mint.', 'Muddle cucumber in cocktail shaker.']","The Cucumber Cooler is the anytime refreshment you’ve been craving! Azuñia Blanco organic tequila, Saler’s Gentiane, simple syrup, fresh muddled cucumber, orange bitters, and a hint of mint combine for a drink to quench your thirst on the hottest of summer days. Mix one up and we promise you’ll be cooler than a cucumber.","['1 oz fresh lime juice', '0.75 oz simple syrup', '1 pinch fresh mint', '3 dashes orange bitters', '2 slices cucumber', '0.50 oz Salers Gentiane', '1.50 oz Azuñia Blanco Organic Tequila']",2020-08-20,admin,PT0H0M,PT0H0M,PT0H0M,0.0,0.0,Cocktail
Amatitán Mule,"['Stir.', 'Add all ingredients into a mixing glass.', 'Serve over ice in a copper mug.']","This tequila cocktail is not just a Moscow mule made with tequila. To make the Amatitán Mule, you'll need the best tequila and some good American whiskey. Mix Azuñia Reposado organic tequila, ginger beer, Burnside Oregon Oaked Whiskey, fresh lime juice, and bitters for one of the simplest and smoothest tequila drinks. Serve in a copper mug for the ultimate sipping experience.","['1 oz Ginger Beer', '0.50 oz Burnside Whiskey Goose Hollow Bourbon', '0.50 oz Fresh Lime Juice', '2 dashes Bitters', '1.50 oz Azuñia Reposado Organic Tequila']",2020-08-04,admin,PT0H0M,PT0H0M,PT0H0M,0.0,0.0,Cocktail
Añejo Old Fashioned,"['Place sugar cube in mixing glass and saturate with bitters.', 'Stir for 10 seconds. Strain with Julep strainer into ice-filled glass.', 'Muddle until sugar crystals dissolve.', 'Add Azuñia and fill mixing glass with ice.']","Simple and refined, the Añejo Old Fashioned is one of America’s oldest cocktails (with a tequila twist). Swapping out the rye whiskey for Azuñia Añejo tequila, gives this old fashioned new life. The muddled sugar cube and Angostura Bitters add a level complexity to an otherwise simple cocktail. Everything old is new again.","['2 oz Azuñia Añejo Tequila', '1 Sugar cube', '3 dashes Angostura Bitters']",2019-07-18,admin,PT0H0M,PT0H0M,PT0H0M,0.0,0.0,Cocktail
Fernet Me Not,"['Strain into a glass.', 'Spray with Mezcal.', 'Garnish with fresh raspberries.', 'Muddle the raspberries in cocktail shaker.', 'Shake all ingredients except for Mezcal spray.']","This cocktail layers flavors of Azuñia Reposado organic tequila, Fernet, and the sweet-tart profile of muddled raspberries, and finishes with a mist of smoky mezcal. Think of this drink as a journey to 100 countries in one glass. This herbaceous tequila fernet cocktail is one you certainly cannot forget.","['Mezcal Spray', '4 Raspberries', '0.75 oz Fresh lemon juice', '1 oz Fernet', '1 oz Azuñia Reposado Organic Tequila', '0.75 oz Simple syrup']",2015-03-01,Azuñia Tequila,PT0H0M,PT0H0M,PT0H0M,0.0,0.0,Cocktail
Bloody Maria,"['Roll all ingredients between the two shakers back and forth 5-6 times.', 'Pour into glass and add ice.', 'Combine all ingredients in a cocktail shaker.', 'Top with desired garnish.']","The Bloody Maria is a tequila twist on the brunch-standard, the Bloody Mary. By swapping the vodka for Azuñia Blanco organic tequila, the flavors are elevated. Combining tequila, tomato juice, lemon juice, hot sauce, and celery salt, it's a great complement to Sunday breakfast on Cinco de Mayo or any day of the year. The best part about the Bloody Maria is that you get to make it as spicy (or not) as fits your taste. Add a few dashes of hot or skip that step altogether. Try it organic by choosing all organic ingredients.","['6 tbsp Tomato Juice', '0.50 tbsp Fresh Lemon Juice', 'Tabasco Sauce', 'Seasoning Salt', 'Celery Salt', '4 tbsp Azuñia Blanco Organic Tequila']",2017-04-28,Azuñia Tequila,PT0H0M,PT0H0M,PT0H0M,0.0,0.0,Cocktail
El Arnoldo,"['Shake for 5 seconds and dump into glass.', 'Combine all ingredients into shaker.']","The El Arnoldo is a simple concoction that takes a refreshing, familiar summer standard and gives it a little kick. This craft cocktail (a.k.a. “Spiked Arnold Palmer”) combines smooth Azuñia Añejo tequila, fresh squeezed lemonade, and classic black iced tea. We’re confident that the El Arnoldo will become one of your favorite cocktail drinks and a staple to cool you down on these warm summer nights.","['2 oz iced tea', '2 oz lemonade', '1.50 oz Azuñia Añejo Tequila']",2019-07-18,admin,PT0H0M,PT0H0M,PT0H0M,0.0,0.0,Cocktail
Oaxacan Old Fashioned,"['Add all the ingredients into an Old Fashioned glass with 1 large ice cube.', 'Stir until chilled.', 'Garnish with orange peel.']","A classic cocktail with an Azuñia Tequila twist. Our friend Peter D. Barriga stepped up the traditional Old Fashioned by swapping the bourbon for our organic Blanco. One sip, and you'll never look back.","['4 dashes Angostura Bitters', '0.25 oz Simple Syrup', '2 dashes Orange Bitters', '0.50 oz Ancho Reyes', '1.50 oz Azuñia Organic Blanco Tequila']",2020-08-29,erinr@azuniatequila.com,PT0H0M,PT0H0M,PT0H0M,0.0,0.0,Cocktail
Watermelon Fresca,"['Puree the watermelon in a food processor until smooth.', 'Combine all ingredients in a shaker.', 'Strain, yielding approximately 1.5 oz of juice.', 'Shake.', 'Dump into a glass rimmed with salt.']","The hardest part of this specialty watermelon cocktail, created by Shawn Monnin of Coasterra in San Diego, is slicing the watermelon. This delicious three-ingredient watermelon drink combines sweet, fresh watermelon puree and tart fresh-squeezed limes. It’s the perfect complement to summertime cuisine. This watermelon tequila drink will be your new go-to happy hour cocktail on the coast or off.","['0.50 oz pomegranate syrup', '0.75 oz fresh lime juice', ""2 dashes Peychaud's Bitters"", '3 oz seedless watermelon chunks', '2 oz Azuñia Blanco or Reposado Organic Tequila', 'Sea salt for rim (optional)', '0.50 oz Triple Sec']",2019-07-18,admin,PT0H0M,PT0H0M,PT0H0M,0.0,0.0,Cocktail
Penicillin #2,"['Garnish: Candied Ginger Garnish', 'Shake', 'Double Strain', 'Top with Garnish', 'Glass: Rocks']","No prescription needed, this Penicillin cocktail recipe will help chase away anything that’s knocking you out. Azuñia Reposado organic tequila, ginger, and lemon are sweetened naturally with honey. And for the perfect finish, a float of smoky mezcal is layered on top. Side note: you don’t really need to be sick to enjoy this penicillin cocktail variation. Go ahead, call in “well” to work and learn how to make a Penicillin cocktail.","['0.50 oz honey syrup', '0.50 oz Reál Ginger Syrup', '1 oz fresh lemon juice', '2 oz Azuñia Reposado Organic Tequila', 'Mezcal float']",2020-08-05,admin,PT0H0M,PT0H0M,PT0H0M,0.0,0.0,Cocktail
Agave Maize,"['Add all ingredients except reduction.', 'Add ice.', 'Shake for 8-10 seconds.', 'Top with Reduction and Garnish.', 'Double strain over fresh ice into glass.']","The highly acclaimed Citizen Public House in Scottsdale, AZ has elevated a standby bar snack by infusing it in a cocktail. The Agave Maize is a unique popcorn cocktail featuring Azuñia Blanco organic tequila, housemade pineapple syrup, fresh lemon juice, and the masterful heirloom popcorn reduction. The perfect mix of sweet and salt with a bright finish, the Agave Maize is more than just a popcorn-flavored cocktail. It’s a cocktail masterpiece sure to add a pop to any evening.","['0.75 oz pineapple syrup', 'Top with 1 bar spoon Heirloom Popcorn Reduction*', '1.50 oz Azuñia Blanco Organic Tequila', '0.75 oz fresh lemon juice']",2019-07-18,admin,PT0H0M,PT0H0M,PT0H0M,0.0,0.0,Cocktail
Madero,"['Garnish with watermelon wedge.', 'Combine all ingredients in an ice-filled cocktail shaker.', 'Shake vigorously for 10 seconds and pour into a glass, rimmed with salt (optional.)']","With a refreshingly crisp tequila-watermelon cocktail, it can feel like summer all year round. Our friends at El Chingon in San Diego hooked us up with this delicious recipe - follow the steps below to mix up the Madero.","['1.50 oz Fresh Watermelon Juice', 'Watermelon wedge', '1.50 oz Azuñia Blanco or Reposado Organic Tequila', '0.75 oz Azuñia Organic Agave Syrup']",2020-08-29,erinr@azuniatequila.com,PT0H0M,PT0H0M,PT0H0M,0.0,0.0,Cocktail
Verano en Valencia,"['Garnish with thyme and orange wheel', 'Build all ingredients in a wine glass or highball over fresh ice.', 'Top off with tonic water.']","With a cocktail this refreshing, you can keep that summer feeling all year long. Combine Azuñia Reposado with apricot, lemon, white port and tonic for a crisp and rejuvenating libation.","['1.50 oz Azuñia Reposado', '0.50 oz Lemon Juice', '0.50 oz Taylor Fladgate Chip Dry White Port', '2 oz Fever-Tree Mediterranean Tonic', '0.50 oz Giffard Apricot Liqueur']",2020-07-28,erinr@azuniatequila.com,PT0H0M,PT0H0M,PT0H0M,0.0,0.0,Cocktail
Sonoran Sunrise,"['Serve over rocks.', 'Shake all ingredients with ice.', 'Garnish.', 'Muddle jalapeno in cocktail shaker.', 'Double strain into glass.']","The Sonoran Sunrise is a prickly pear cocktail that's like an artist's' rendering of the sunrise in a glass. Azuñia Reposado organic tequila is layered with Orange Curacao, yuzu juice blend, and prickly pear syrup to make a tequila cocktail that's as delicious as it is beautiful. The fruitiness is tempered with muddled jalapeño giving this drink a depth of flavors that can't be missed – just like daybreak in the desert.","['0.75 oz yuzu juice blend', '0.50 oz prickly pear syrup', '0.50 oz Orange Curacao', '1 jalapeno slice', '1.50 oz Azuñia Reposado Organic Tequila']",2020-08-06,admin,PT0H0M,PT0H0M,PT0H0M,0.0,0.0,Cocktail
