0,givenName,birthDate,familyName,height,affiliation,weight
Pierre Biscotti,Pierre,1995-01-06T01:00:00+01:00,Biscotti,,RRC Hamoir,
Danny South,Danny,,South,,Belper Town FC,
Răzvan Ionuţ Udrea,Răzvan Ionuţ,1997-09-09T02:00:00+02:00,Udrea,,SC Fotbal Club FCSB SA,
Ka Wai Lam,Ka Wai,1985-06-05T02:00:00+02:00,Lam,170 cm,,68 kg
Jonny Harkness,Jonny,1985-11-18T01:00:00+01:00,Harkness,,Lisburn Distillery FC,
Josh Evans,Josh,1987-07-24T02:00:00+02:00,Evans,,Edgeworth Eagles FC,
Spencer Sachies,Spencer,,Sachies,,,
Alvin Singh,Alvin,1988-06-09T02:00:00+02:00,Singh,185 cm,,
Steve Brown,Steve,,Brown,,Harrow Borough FC,
Pierce Tully,Pierce,1987-01-26T01:00:00+01:00,Tully,,Sport &amp; Leisure Swifts FC,
Spencer Hamilton,Spencer,,Hamilton,,,
Mohammad Taher Amini,Mohammad Taher,,Amini,,,
Janos Kömmerling,Janos,2001-10-19T02:00:00+02:00,Kömmerling,,,
Loic Faivre,Loic,1992-07-31T02:00:00+02:00,Faivre,,,
Yaya Lam,Yaya,1989-09-18T02:00:00+02:00,Lam,,,
Saša Novaković,Saša,1991-05-27T02:00:00+02:00,Novaković,190 cm,FK Radnik Bijeljina,89 kg
Turan Sahin,Turan,1984-01-13T01:00:00+01:00,Sahin,,,
Fatih Emircan,Fatih,1997-07-10T02:00:00+02:00,Emircan,,,
Bishal Shrestha,Bishal,1992-09-12T02:00:00+02:00,Shrestha,,Nepal,
Michael Mclaughlin,Michael,2000-01-20T01:00:00+01:00,Mclaughlin,,,
Mohamed Magli,Mohamed,1996-06-24T02:00:00+02:00,Magli,,Al Mokawloon Al Arab,
Ryan Cresswell,Ryan,1987-12-22T01:00:00+01:00,Cresswell,185 cm,,80 kg
Jesse Betaze,Jesse,,Betaze,,,
John Hall,John,1991-02-16T01:00:00+01:00,Hall,,Samoa,
Anthony Baron,Anthony,1992-12-29T01:00:00+01:00,Baron,182 cm,,80 kg
Dave Forbes,Dave,1988-06-07T02:00:00+02:00,Forbes,,,
Mohammed Darfalou,Mohammed,1996-12-23T01:00:00+01:00,Darfalou,,,
Nathan Elyn,Nathan,2002-08-08T02:00:00+02:00,Elyn,,KMSK Deinze,
Ken Charles,Ken,,Charles,,,
Nabil Yarou,Nabil,1993-06-16T02:00:00+02:00,Yarou,,Benin,
Eminn Ghozzi,Eminn,1997-07-18T02:00:00+02:00,Ghozzi,,,
Christopher Blazynski,Christopher,1986-08-25T02:00:00+02:00,Blazynski,181 cm,,
Giorgos Eleftheriou,Giorgos,1984-09-30T02:00:00+02:00,Eleftheriou,167 cm,,
Carney Chukwuemeka,Carney,,Chukwuemeka,,,
Mbongeni Mzimela,Mbongeni,1985-04-03T02:00:00+02:00,Mzimela,183 cm,,
Kirill Khokhlov,Kirill,1993-07-26T02:00:00+02:00,Khokhlov,173 cm,,70 kg
Matthew Mendy,Matthew,1983-06-13T02:00:00+02:00,Mendy,,,
Rory Smith,Rory,,Smith,,,
Aaron McArdle,Aaron,,McArdle,,,
Sam Lewis,Sam,,Lewis,,Denbigh Town FC,
Kyle Reynish,Kyle,1983-11-03T01:00:00+01:00,Reynish,191 cm,,88 kg
Abdullah Talal Hameed,Abdullah,1995-11-20T01:00:00+01:00,Talal Hameed,,,
Lalrinchhana Lallawmpuia,Lalrinchhana,1997-02-27T01:00:00+01:00,Lallawmpuia,,,
Malik N&#039;Diaye,Malik,1998-07-10T02:00:00+02:00,N&#039;Diaye,,,
Yugo Ichiyanagi,Yugo,1985-04-02T02:00:00+02:00,Ichiyanagi,183 cm,,77 kg
Waleed Bakhet Hamid,Waleed Bakhet,1998-11-11T01:00:00+01:00,Hamid,,,
Zaid Jaber,Zaid,1991-01-06T01:00:00+01:00,Jaber,176 cm,,78 kg
Ali Najafi,Ali,,Najafi,,,
Sandile Khumalo,Sandile,1998-01-28T01:00:00+01:00,Khumalo,,AmaZulu FC,
Joshua Symons,Joshua,1994-08-22T02:00:00+02:00,Symons,,APIA Leichhardt Tigers FC,
Jasmin Kršić,Jasmin,2000-03-02T01:00:00+01:00,Kršić,,,
Sello Jaftha,Sello,1991-02-03T01:00:00+01:00,Jaftha,,Free State Stars FC,
Sanchez Payne,Sanchez,1993-01-31T01:00:00+01:00,Payne,,Hyde United FC,
Danny Emmington,Danny,,Emmington,,,
Stanislava Tsekova,Stanislava,1982-08-30T02:00:00+02:00,Tsekova,,,
Jack Parkinson,Jack,1989-07-23T02:00:00+02:00,Parkinson,,,
Maxime Goeminne,Maxime,1993-03-27T01:00:00+01:00,Goeminne,,Racing Waregem,
Kyong-Jin So,Kyong-Jin,1994-01-08T01:00:00+01:00,So,,,
Hao Rong,Hao,1987-04-07T02:00:00+02:00,Rong,180 cm,Tianjin Teda FC,72 kg
Yevhen Kuznetsov,Yevhen,1998-01-06T01:00:00+01:00,Kuznetsov,,Polessya Zhitomir,
Dean Wernerson,Dean,1995-12-30T01:00:00+01:00,Wernerson,,,
Jamie Lyons,Jamie,,Lyons,,,
Cătălin George Straton,Cătălin George,1989-10-09T01:00:00+01:00,Straton,190 cm,SC Fotbal Club FCSB SA,84 kg
Jamie Henry,Jamie,1997-02-17T01:00:00+01:00,Henry,,,
Luke Hallet,Luke,2002-10-09T02:00:00+02:00,Hallet,,Forest Green Rovers FC,
Raphael Lopes Silva,Raphael,1999-03-18T01:00:00+01:00,Lopes Silva,,,
Felipe Souza Ferreyra,Felipe,1998-05-21T02:00:00+02:00,Souza Ferreyra,,OFI FC,
Isaac Akinsete,Isaac,2002-01-02T01:00:00+01:00,Akinsete,,University College Dublin FC,
Mohamed Maged,Mohamed,1991-06-22T02:00:00+02:00,Maged,,Tanta SC,
Joel Sacks,Joel,1989-04-10T02:00:00+02:00,Sacks,170 cm,,69 kg
Isaiah LeFlore,Isaiah,2002-12-11T01:00:00+01:00,LeFlore,,,
Ali Can Ilbay,Ali Can,1992-05-24T02:00:00+02:00,Ilbay,,,
Danylo Artyushenko,Danylo,2002-07-04T02:00:00+02:00,Artyushenko,,,
Damion Hyatt,Damion,1985-12-23T01:00:00+01:00,Hyatt,,,
Ben Wilson,Ben,,Wilson,,Hythe Town FC,
Tyrone Charles,Tyrone,1988-11-30T01:00:00+01:00,Charles,,,
Zurab Gigashvili,Zurab,2001-11-20T01:00:00+01:00,Gigashvili,187 cm,,80 kg
Daniel Slavchev Yordanov,Daniel,1999-09-07T02:00:00+02:00,Slavchev Yordanov,,PFK Litex Lovech,
Duane Antonio,Duane,,Antonio,,Hanworth Villa Football Club,
Diego Resquin,Diego,1989-11-15T01:00:00+01:00,Resquin,,Miami United FC,
Mohammed Al Hudhifi,Mohammed,,Al Hudhifi,,,
Cameron Borthwick-Jackson,Cameron,1997-02-02T01:00:00+01:00,Borthwick-Jackson,183 cm,Oldham Athletic AFC,78 kg
Yordan Veselinov Yotov,Yordan,,Veselinov Yotov,,,
Hamed Namouchi,Hamed,1984-02-14T01:00:00+01:00,Namouchi,183 cm,,74 kg
Evgeniy Goryachev,Evgeniy,1992-01-16T01:00:00+01:00,Goryachev,184 cm,,72 kg
Chad Morris,Chad,,Morris,,,
Leon Hibbert,Leon,1981-11-06T01:00:00+01:00,Hibbert,193 cm,Arlesey Town FC,
Amir Daley,Amir,2002-02-26T01:00:00+01:00,Daley,,,
Stephen Murray,Stephen,1988-12-29T01:00:00+01:00,Murray,,,
Hasan Akdemir,Hasan,1990-03-04T01:00:00+01:00,Akdemir,,,
John McGivern,John,2002-08-23T02:00:00+02:00,McGivern,,,
Edin Kovačević,Edin,1999-06-07T02:00:00+02:00,Kovačević,,,
Chhong Bunnath,Chhong,1998-11-28T01:00:00+01:00,Bunnath,,,
Isaiah Micallef,Isaiah,,Micallef,,Malta U17,
Anastasia Kurdyuk,Anastasia,2001-03-09T01:00:00+01:00,Kurdyuk,,Ukraine U19,
Ramy Najjarine,Ramy,2000-04-23T02:00:00+02:00,Najjarine,176 cm,Melbourne City FC,71 kg
Marvin Kral,Marvin,1996-05-22T02:00:00+02:00,Kral,,,
Chris Casement,Chris,1988-01-12T01:00:00+01:00,Casement,,Linfield FC,
Sean Mackle,Sean,1988-04-10T02:00:00+02:00,Mackle,,,
Zak Paulo Piplica,Zak Paulo,2001-08-14T02:00:00+02:00,Piplica,,1. FC Lokomotive Leipzig,
Shane Byrne,Shane,1993-04-25T02:00:00+02:00,Byrne,178 cm,Brackley Town FC,
Jake Hibbs,Jake,1996-02-10T01:00:00+01:00,Hibbs,,,
Kyle Folds,Kyle,2002-04-15T02:00:00+02:00,Folds,188 cm,,93 kg
Jacob Campbell,Jacob,,Campbell,,,
Jack McGlynn,Jack,2003-07-07T02:00:00+02:00,McGlynn,180 cm,,66 kg
Scott Fellows,Scott,1992-04-19T02:00:00+02:00,Fellows,,,
Conor McCaul,Conor,1991-09-27T02:00:00+02:00,McCaul,,Newry City AFC,
Gokhan Yetkin,Gokhan,1984-02-25T01:00:00+01:00,Yetkin,,,
Alisher Safarov,Alisher,1998-06-24T02:00:00+02:00,Safarov,,,
Charlie Philpott,Charlie,,Philpott,,,
Adam Wrightson,Adam,1998-01-02T01:00:00+01:00,Wrightson,176 cm,,
Aled Rhun Williams,Aled Rhun,,Williams,,Caernarfon Town FC,
Ivan Lucić,Ivan,1997-02-10T01:00:00+01:00,Lucić,,,
Micheal Regin,Micheal,1988-05-09T02:00:00+02:00,Regin,,,
Brian Easton,Brian,1988-03-05T01:00:00+01:00,Easton,185 cm,Hamilton Academical FC,76 kg
Ayman Kharbat,Ayman,1993-01-02T01:00:00+01:00,Kharbat,,,
Kalsey Ann Hodges,Kalsey Ann,,Hodges,,BV Cloppenburg,
Joe Merrill,Joe,,Merrill,,,
Kyle Fisher,Kyle,1994-06-19T02:00:00+02:00,Fisher,183 cm,,77 kg
Mousa Khaled Ismaeel Al Zubi,Mousa Khaled Ismaeel,1993-02-11T01:00:00+01:00,Al Zubi,,,
Yan Kobon,Yan,1994-03-03T01:00:00+01:00,Kobon,,,
Adam Stevens,Adam,1975-02-26T01:00:00+01:00,Stevens,,Coalville Town FC,
Cameron Howieson,Cameron,1994-12-22T01:00:00+01:00,Howieson,,Auckland City FC,
Danny Greenfield,Danny,2001-03-01T01:00:00+01:00,Greenfield,176 cm,Gateshead FC,
Andrew Mobberley,Andrew,1992-03-10T01:00:00+01:00,Mobberley,,Samoa,
Saleh Ahmed Al Kaany,Saleh Ahmed,1997-10-05T02:00:00+02:00,Al Kaany,,Umm Salal SC,
Talal Al Shmaly,Talal,1977-01-09T01:00:00+01:00,Al Shmaly,,,
Thomas McDermott,Thomas,1998-01-30T01:00:00+01:00,McDermott,,Finn Harps FC,
Levan Sabadze,Levan,1992-03-17T01:00:00+01:00,Sabadze,,,
Dino Deak,Dino,1991-08-12T02:00:00+02:00,Deak,,,
David Veith,David,1997-04-24T02:00:00+02:00,Veith,,,
Adam Chennoufi,Adam,1988-07-04T02:00:00+02:00,Chennoufi,174 cm,,77 kg
Avimiled Rivas Quintero,Avimiled,1984-10-17T01:00:00+01:00,Rivas Quintero,179 cm,,73 kg
Douglas Wilson,Douglas,1994-03-03T01:00:00+01:00,Wilson,,Dungannon Swifts FC,
Haron Ahmed Zubair,Haron Ahmed,,Zubair,,,
Mohamed Assil Sioued,Mohamed Assil,1998-10-13T02:00:00+02:00,Sioued,,US Biskra,
Narachai Inthanaka,Narachai,1999-07-27T02:00:00+02:00,Inthanaka,,,
Edcarlos Conceição Santos,Edcarlos,1985-05-10T02:00:00+02:00,Conceição Santos,186 cm,EC Juventude,83 kg
Cory Williams,Cory,1995-09-26T01:00:00+01:00,Williams,,,
Nikos Vafeas,Nikos,1997-02-21T01:00:00+01:00,Vafeas,187 cm,OFI FC,79 kg
Shane Stokes,Shane,1999-05-05T02:00:00+02:00,Stokes,,,
Houa Mouan,Houa,1998-09-01T02:00:00+02:00,Mouan,,FC Municipal d&#039;Aubervilliers,
Jade Bronson North,Jade Bronson,1982-01-07T01:00:00+01:00,North,180 cm,,78 kg
Craig Donnellan,Craig,1996-06-12T02:00:00+02:00,Donnellan,,,
Cameron Reardon,Cameron,,Reardon,,,
Jordan Wright,Jordan,1993-11-24T01:00:00+01:00,Wright,,,
Aoife Slattery,Aoife,2001-02-06T01:00:00+01:00,Slattery,,"['Wexford Youths Women’s Academy AFC', 'Republic of Ireland U19']",
Alisher Barotov,Alisher,1999-09-10T02:00:00+02:00,Barotov,,,
Scott Cross,Scott,1987-10-30T01:00:00+01:00,Cross,,Daventry Town FC,
Diego Appollis,Diego,2001-06-18T02:00:00+02:00,Appollis,,Cape Town City FC,
Dian Dianov Minchev,Dian,,Dianov Minchev,,,
Gruffydd John Williams,Gruffydd John,1994-06-22T02:00:00+02:00,Williams,,Caernarfon Town FC,
Jasmin Jahic,Jasmin,2001-06-17T02:00:00+02:00,Jahic,,,
Andreas Antonakopoulos,Andreas,1997-03-15T01:00:00+01:00,Antonakopoulos,,Panachaiki FC,
Eric Odhiambo,Eric,1989-05-12T02:00:00+02:00,Odhiambo,175 cm,North Leigh FC,71 kg
Erol Can Akdağ,Erol Can,1996-08-18T02:00:00+02:00,Akdağ,,Giresunspor,
Tendai Chitiza,Tendai,1995-07-04T02:00:00+02:00,Chitiza,,,
Justin Davis,Justin,1988-05-06T02:00:00+02:00,Davis,183 cm,Nashville SC (USL),79 kg
Mohd Faridzuean Kamaruddin,Mohd Faridzuean,1995-03-30T02:00:00+02:00,Kamaruddin,,,
Kennedy Okwe Eriba,Kennedy,1990-12-21T01:00:00+01:00,Okwe Eriba,,,
Harrison Gilkes,Harrison,,Gilkes,,,
Gyebi Jeremiah Boateng,Gyebi Jeremiah,1999-10-12T02:00:00+02:00,Boateng,,NK Ankaran Hrvatini Mas Tech,
Levi Knight,Levi,,Knight,,,
Anass Nouader,Anass,1998-02-07T01:00:00+01:00,Nouader,,,
Tommy Rees,Tommy,,Rees,,,
Young-Ah Jung,Young-Ah,,Jung,,,
Amr Khalil,Amr,1993-01-01T01:00:00+01:00,Khalil,,Al Ittihad Al Iskandary,
Mahmoud Abdul Aati Donga,Mahmoud,1992-12-02T01:00:00+01:00,Abdul Aati Donga,175 cm,Ismaily SC,
Nayef Mohammad Kireiri,Nayef,1998-04-16T02:00:00+02:00,Mohammad Kireiri,,,
Pavel Hural,Pavel,,Hural,,,
Malsawmzuala,,1997-09-12T02:00:00+02:00,Malsawmzuala,178 cm,ATK,
Nurdin Rijal Ardhi,Nurdin Rijal,2000-07-18T02:00:00+02:00,Ardhi,,,
Jeffrey Payeras,Jeffrey,1993-10-16T01:00:00+01:00,Payeras,188 cm,CSD Municipal,82 kg
Petrez Williams,Petrez,2000-06-18T02:00:00+02:00,Williams,,St. Kitts and Nevis,
James Timmins,James,,Timmins,,,
Jack Bridge,Jack,1995-09-21T02:00:00+02:00,Bridge,178 cm,,73 kg
Scott Easthope,Scott,,Easthope,,Samoa,
Arian Sheta,Arian,1981-02-13T01:00:00+01:00,Sheta,187 cm,,
Raed Ibrahim Saleh,Raed Ibrahim,1992-06-09T02:00:00+02:00,Saleh,,,
Josh Mullin,Josh,1992-09-23T02:00:00+02:00,Mullin,180 cm,Ross County FC,66 kg
Sam Sherring,Sam,2000-05-08T02:00:00+02:00,Sherring,,Weymouth FC,
Okwute Izuchukwu,Okwute,1994-11-25T01:00:00+01:00,Izuchukwu,,,
Hérold Junior Charles,Hérold Junior,1990-07-23T02:00:00+02:00,Charles,,,
Roshan Singh,Roshan,1999-02-02T01:00:00+01:00,Singh,,,
Khris Oti,Khris,,Oti,,,
Berkay Türk,Berkay,2000-04-06T02:00:00+02:00,Türk,,Balikesirspor,
Ismayil Karakash,Ismayil,1999-01-08T01:00:00+01:00,Karakash,,,
Nicholas Stephen Paterson,Nicholas Stephen,1985-01-19T01:00:00+01:00,Paterson,177 cm,,69 kg
Rodgers Kola,Rodgers,1989-06-04T02:00:00+02:00,Kola,182 cm,,
Criag Wood,Criag,,Wood,,Redbridge FC,
Yousef Hassan Awad,Yousef Hassan,,Awad,,,
Sabri Can Gülle,Sabri Can,1999-01-09T01:00:00+01:00,Gülle,,,
Jim Plata,Jim,2000-01-16T01:00:00+01:00,Plata,,CD Guabirá,
Zvonimir Ožegović,Zvonimir,1997-09-30T02:00:00+02:00,Ožegović,,,
Joseph Walshe,Joseph,1995-10-17T01:00:00+01:00,Walshe,,Wexford Youths FC,
Diogo Ramos Motty,Diogo,2000-04-07T02:00:00+02:00,Ramos Motty,175 cm,,63 kg
Paul Vines,Paul,1983-09-21T02:00:00+02:00,Vines,,Greenwich Borough FC,
Zvjezdan Misimović,Zvjezdan,1982-06-05T02:00:00+02:00,Misimović,180 cm,,79 kg
Praweenwat Boonyong,Praweenwat,1990-02-13T01:00:00+01:00,Boonyong,179 cm,Ratchaburi Mitr Phol FC,72 kg
Giorgos Eleftheriou,Giorgos,1984-09-30T02:00:00+02:00,Eleftheriou,,Asil FC Lyssi,
Luke Ayling,Luke,1991-08-25T02:00:00+02:00,Ayling,183 cm,Leeds United,72 kg
Justin Clayton,Justin,1989-10-29T01:00:00+01:00,Clayton,,,
Saif Al Qeshtah,Saif,,Al Qeshtah,,,
Grant Ryan,Grant,1991-02-05T01:00:00+01:00,Ryan,,,
Ryan Irwin,Ryan,1994-04-03T02:00:00+02:00,Irwin,,Lisburn Distillery FC,
Yusuf Chadajo Saunders,Yusuf Chadajo,1997-02-27T01:00:00+01:00,Saunders,,St. Kitts and Nevis,
Fraser Stevens,Fraser,1996-03-27T01:00:00+01:00,Stevens,,,
Kylian Rebeca,Kylian,2001-04-15T02:00:00+02:00,Rebeca,,Stade Pontivyen,
Kim May Maren Nilles,Kim,1999-11-05T01:00:00+01:00,May Maren Nilles,,SC Bettembourg,
Emircan Koku,Emircan,2001-04-27T02:00:00+02:00,Koku,,,
Harouna Sakho,Harouna,1989-12-21T01:00:00+01:00,Sakho,,,
Kyle Neill,Kyle,1978-03-30T01:00:00+01:00,Neill,,,
Dino Jurković,Dino,1995-07-02T02:00:00+02:00,Jurković,,,
Amer Mohammad,Amer,1998-11-09T01:00:00+01:00,Mohammad,176 cm,,70 kg
Aaron Cosgrove,Aaron,1999-07-17T02:00:00+02:00,Cosgrove,,Welling United FC,
Marko Lazetić,Marko,2004-01-22T01:00:00+01:00,Lazetić,,FK Crvena Zvezda Beograd U19,
Zaw Pyae Pyho,Zaw,1994-06-02T02:00:00+02:00,Pyae Pyho,,"['Myanmar', 'Yangon United FC']",
Aleksey Yushchuk,Aleksey,1987-02-10T01:00:00+01:00,Yushchuk,163 cm,,60 kg
Scott Thomas,Scott,1987-09-24T02:00:00+02:00,Thomas,,,
Andrey Arkhipov,Andrey,1995-02-06T01:00:00+01:00,Arkhipov,,,
Griffin Dorsey,Griffin,1999-03-05T01:00:00+01:00,Dorsey,182 cm,Toronto FC,68 kg
Hamed Nabelie,Hamed,,Nabelie,,,
Timothy China,Timothy,1999-04-16T02:00:00+02:00,China,,Panegialios FC,
Marc McNulty,Marc,1992-09-14T02:00:00+02:00,McNulty,178 cm,FC Reading,69 kg
Scot Whiteside,Scot,1997-06-16T02:00:00+02:00,Whiteside,188 cm,Ballymena United FC,80 kg
Nail Can Kendir,Nail Can,2000-09-07T02:00:00+02:00,Kendir,,,
Raihane Zakhnini,Raihane,1996-10-16T02:00:00+02:00,Zakhnini,,,
Diana Jitariuc,Diana,2001-03-22T01:00:00+01:00,Jitariuc,,,
Kieran Smith,Kieran,,Smith,,,
Han-Do Lee,Han-Do,1994-03-16T01:00:00+01:00,Lee,185 cm,Gwangju FC,80 kg
Daniel Driver,Daniel,1998-11-05T01:00:00+01:00,Driver,,Brisbane Olympic FC,
Joseph Amoah,Joseph,,Amoah,,Bechem United FC,
Steve Austin,Steve,1990-12-27T01:00:00+01:00,Austin,,,
Nathan Curtis,Nathan,1996-02-07T01:00:00+01:00,Curtis,,Belper Town FC,
Admir Seferagic,Admir,1994-10-27T01:00:00+01:00,Seferagic,184 cm,,80 kg
Sefa Topal,Sefa,1999-03-04T01:00:00+01:00,Topal,,,
Blessed Andrade Mendes Teixeira,Blessed Andrade,1994-12-04T01:00:00+01:00,Mendes Teixeira,184 cm,,72 kg
Wei Liu,Wei,1995-01-16T01:00:00+01:00,Liu,185 cm,,
Jordan Green,Jordan,1995-02-22T01:00:00+01:00,Green,168 cm,Southend United FC,72 kg
Daniel Morton,Daniel,1994-10-15T01:00:00+01:00,Morton,,Gold Coast Knights SC,
Luka Matasović,Luka,2002-06-16T02:00:00+02:00,Matasović,,,
Machawe Rodgers Dlamini,Machawe,1992-08-08T02:00:00+02:00,Rodgers Dlamini,,,
Mohammed Abdulmalek Al Shahbal,Mohammed Abdulmalek,1995-03-25T01:00:00+01:00,Al Shahbal,,,
Ryan Rogers,Ryan,1999-11-12T01:00:00+01:00,Rogers,,,
Steven Gunner,Steven,,Gunner,,,
Deane Smalley,Deane,1988-09-05T02:00:00+02:00,Smalley,183 cm,,74 kg
Kyle Watkins,Kyle,2000-01-12T01:00:00+01:00,Watkins,,,
Robert Snodgrass,Robert,1987-09-07T02:00:00+02:00,Snodgrass,182 cm,West Ham United,82 kg
Tunahan Aydın,Tunahan,1991-11-14T01:00:00+01:00,Aydın,,,
Salem Saeed,Salem,1999-03-01T01:00:00+01:00,Saeed,,Al Nassr FC,
Diego Alejandro Olate Jeria,Diego Alejandro,1987-01-11T01:00:00+01:00,Olate Jeria,,,
Hampus Gustafsson,Hampus,2001-06-20T02:00:00+02:00,Gustafsson,,,
Prince Masino Bonkat,Prince,1996-05-22T02:00:00+02:00,Masino Bonkat,,,
Detre Bell,Detre,1997-08-03T02:00:00+02:00,Bell,,,
Sone Chit Pyae,Sone Chit,1995-10-28T01:00:00+01:00,Pyae,174 cm,"['Yadanarbon FC', 'Myanmar U20']",
George Green,George,1996-01-02T01:00:00+01:00,Green,183 cm,,79 kg
Edwin Munjoma,Edwin,1998-07-18T02:00:00+02:00,Munjoma,,FC Dallas,
Sami Al Harbi,Sami,1988-02-10T01:00:00+01:00,Al Harbi,,Najran SC,
Jordan Greaves,Jordan,,Greaves,,Stocksbridge Park Steels FC,
Jesse Devers,Jesse,1997-01-11T01:00:00+01:00,Devers,,Sligo Rovers FC,
Andrew Whiteside,Andrew,2001-05-08T02:00:00+02:00,Whiteside,,,
Hristijan Dimov,Hristijan,2000-03-23T01:00:00+01:00,Dimov,,,
Lehakoe Naile,Lehakoe,,Naile,,Free State Stars FC,
Yuval Yossipovich,Yuval,1994-02-22T01:00:00+01:00,Yossipovich,,,
Laurenţiu Constantin Ardelean,Laurenţiu Constantin,2001-02-08T01:00:00+01:00,Ardelean,,SC Fotbal Club FCSB SA,
Skodran Zeqiri,Skodran,1997-08-05T02:00:00+02:00,Zeqiri,,,
Brandon Diao,Brandon,,Diao,,,
Essau Mtshweni,Essau,1980-09-22T02:00:00+02:00,Mtshweni,180 cm,,
Abdullah Hussain,Abdullah,1998-01-22T01:00:00+01:00,Hussain,,,
Vyacheslav Koydan,Vyacheslav,1994-07-05T02:00:00+02:00,Koydan,,,
Lee Harrison,Lee,,Harrison,,,
Ross James Draper,Ross James,1988-10-20T01:00:00+01:00,Draper,185 cm,Ross County FC,79 kg
Kelsey Ewen,Kelsey,2004-06-29T02:00:00+02:00,Ewen,,,
Abdulah Awaji,Abdulah,1994-03-20T01:00:00+01:00,Awaji,173 cm,,63 kg
Soraisam Pritam Kumar Singh,Soraisam Pritam Kumar,1995-12-10T01:00:00+01:00,Singh,,Kerala Blasters FC,
Hayden McHenery,Hayden,,McHenery,,,
Dalibor Kozić,Dalibor,1988-02-10T01:00:00+01:00,Kozić,,FK Radnik Bijeljina,
Ivan Regulsky,Ivan,2000-05-17T02:00:00+02:00,Regulsky,,,
Jiahui Lou,Jiahui,1991-05-26T02:00:00+02:00,Lou,164 cm,,
Kyle Ajayi,Kyle,,Ajayi,,,
Jo Stålesen,Jo,1999-08-14T02:00:00+02:00,Stålesen,,,
Supanat Suadsong,Supanat,1999-02-25T01:00:00+01:00,Suadsong,,,
Greg Stewart,Greg,1995-04-16T02:00:00+02:00,Stewart,,,
Michela Dubcová,Michela,1999-01-17T01:00:00+01:00,Dubcová,,Czech Republic,
Tom Owen-Evans,Tom,1997-03-18T01:00:00+01:00,Owen-Evans,175 cm,,66 kg
Sean Fagan,Sean,2000-05-22T02:00:00+02:00,Fagan,,Albion Rovers FC,
Tom Williams,Tom,1994-09-29T01:00:00+01:00,Williams,,,
Zac Reynolds,Zac,,Reynolds,,Chesham United FC,
John Carrier,John,1991-07-27T02:00:00+02:00,Carrier,,Chattanooga FC,
Rasmus From,Rasmus,2000-02-16T01:00:00+01:00,From,,,
Edin Selimović,Edin,1992-12-10T01:00:00+01:00,Selimović,,FK Novi Pazar,
Moshe Gaolaolwe,Moshe,1993-12-25T01:00:00+01:00,Gaolaolwe,,Botswana,
Howard Hall,Howard,1988-09-29T01:00:00+01:00,Hall,,Bishop&#039;s Stortford FC,
Shahram Yosuf,Shahram,1996-01-01T01:00:00+01:00,Yosuf,,,
Jami Siirtola,Jami,1996-10-09T02:00:00+02:00,Siirtola,,,
Gökhan Öz,Gökhan,1999-05-29T02:00:00+02:00,Öz,,,
Cody McCann,Cody,2002-06-26T02:00:00+02:00,McCann,,,
Dan Madden,Dan,,Madden,,Bishop Auckland FC,
Yach Mayom Bol,Yach Mayom,1997-03-29T01:00:00+01:00,Bol,,,
Sadmir Zekovic,Sadmir,1994-04-29T02:00:00+02:00,Zekovic,190 cm,,
Azeez Yusuff,Azeez,1995-03-21T01:00:00+01:00,Yusuff,173 cm,,77 kg
Michael Abnett,Michael,1990-12-27T01:00:00+01:00,Abnett,,Margate FC,
Dean Lico,Dean,2000-02-08T01:00:00+01:00,Lico,,,
Sam Smith,Sam,,Smith,191 cm,Buxton FC,
Joe Hardy,Joe,1998-09-26T02:00:00+02:00,Hardy,,,
Ellis Monaghan,Ellis,,Monaghan,,,
Ugur Kiral,Ugur,1993-04-04T02:00:00+02:00,Kiral,186 cm,,83 kg
Ilya Petukhov,Ilya,2001-01-08T01:00:00+01:00,Petukhov,183 cm,,
Mario Booysen,Mario,1988-08-15T02:00:00+02:00,Booysen,191 cm,AmaZulu FC,
Matic Paljk,Matic,1997-10-02T02:00:00+02:00,Paljk,,ND Gorica,
Adulhadi Amin,Adulhadi,,Amin,,Al Kharitiyath SC,
Fabion Simms,Fabion,1989-10-11T01:00:00+01:00,Simms,,Harlow Town FC,
Evan Waldrep,Evan,1997-05-08T02:00:00+02:00,Waldrep,,,
Shahrul Igwan bin Samsudin,Shahrul Igwan,1994-05-17T02:00:00+02:00,bin Samsudin,174 cm,,69 kg
Jarrod Bowen,Jarrod,1996-12-20T01:00:00+01:00,Bowen,,West Ham United,
Ho-Min Jeong,Ho-Min,1994-03-31T02:00:00+02:00,Jeong,189 cm,Ansan Greeners FC,82 kg
Giscard Mavoungou,Giscard,1999-11-30T01:00:00+01:00,Mavoungou,,,
Kelly Adeniyi,Kelly,,Adeniyi,,,
Souvik Chakraborty,Souvik,1991-07-12T02:00:00+02:00,Chakraborty,172 cm,,
Lei Tong,Lei,1997-12-16T01:00:00+01:00,Tong,177 cm,"['China U21', 'Dalian Professional FC']",71 kg
Nayef Mubarak Abdullah Al Khater,Nayef Mubarak Abdullah,1990-08-06T02:00:00+02:00,Al Khater,,Al Khor SC,
Fraser Franks,Fraser,1990-11-22T01:00:00+01:00,Franks,183 cm,,69 kg
Jasem Mohammad,Jasem,1984-06-10T02:00:00+02:00,Mohammad,,,
Ryan Hall,Ryan,2000-10-06T02:00:00+02:00,Hall,180 cm,Aldershot Town FC,
John Peare,John,1994-10-12T01:00:00+01:00,Peare,,,
Samuel Berezansky,Samuel,2003-03-20T01:00:00+01:00,Berezansky,,South Hobart SC,
Simon Khan,Simon,2000-09-06T02:00:00+02:00,Khan,,,
Danil Glinskiy,Danil,2002-06-21T02:00:00+02:00,Glinskiy,193 cm,,74 kg
Petar Glavchev,Petar,1999-08-19T02:00:00+02:00,Glavchev,,,
Dave Nieskens,Dave,1994-04-29T02:00:00+02:00,Nieskens,182 cm,,75 kg
Francis Lastic,Francis,1972-02-03T01:00:00+01:00,Lastic,,,
Rungrath Poomchantuek,Rungrath,1992-05-17T02:00:00+02:00,Poomchantuek,173 cm,True Bangkok United FC,
Omar Josue Elvir,Omar Josue,1989-09-28T01:00:00+01:00,Elvir,,,
James Harmer,James,,Harmer,,,
Randy Mavinga,Randy,2000-05-01T02:00:00+02:00,Mavinga,,,
Reece Dobson,Reece,,Dobson,,East Thurrock United FC,
Jack Byrne,Jack,1989-07-20T02:00:00+02:00,Byrne,,,
Stephen Welsh,Stephen,2000-01-19T01:00:00+01:00,Welsh,,Celtic Glasgow,
Kyle McNamara,Kyle,1997-07-20T02:00:00+02:00,McNamara,,,
Foued Hadded,Foued,1990-11-01T01:00:00+01:00,Hadded,,CS Constantine,
Khalid Radwan Hasan,Khalid,1990-10-02T01:00:00+01:00,Radwan Hasan,,Al Khor SC,
Nalathon Sriboonrueng,Nalathon,1999-10-02T02:00:00+02:00,Sriboonrueng,,,
Maecky Lubrano,Maecky,1995-01-16T01:00:00+01:00,Lubrano,,,
Alisher Ziyavutdinov,Alisher,1992-06-27T02:00:00+02:00,Ziyavutdinov,,FK Sogdiana Jizak,
Roman Korkhovoy,Roman,2000-09-13T02:00:00+02:00,Korkhovoy,,FK Sinđelić Beograd,
Jianhua Li,Jianhua,1982-02-12T01:00:00+01:00,Li,175 cm,Guangdong Southern Tigers FC,64 kg
Thomas Salvan,Thomas,2002-04-20T02:00:00+02:00,Salvan,,,
Josip Ivančić,Josip,1991-03-29T01:00:00+01:00,Ivančić,193 cm,HSK Zrinjski Mostar,
Prince Amponsah,Prince,2003-08-30T02:00:00+02:00,Amponsah,,,
Jeff Beremes,Jeff,1997-01-11T01:00:00+01:00,Beremes,,,
Daichi Ishikawa,Daichi,1996-02-22T01:00:00+01:00,Ishikawa,178 cm,,73 kg
Dhari Al-Suwait,Dhari,1992-11-27T01:00:00+01:00,Al-Suwait,,,
Matt Buse,Matt,1997-10-07T02:00:00+02:00,Buse,,Torquay United FC,
Adan,,,Adan,,,
Greig Henslee,Greig,1983-01-13T01:00:00+01:00,Henslee,180 cm,,80 kg
Adil Lagouireh,Adil,1996-02-14T01:00:00+01:00,Lagouireh,,,
David Titov,David,,Titov,,St Patrick&#039;s Athletic FC,
Jordan Murray,Jordan,1995-10-02T01:00:00+01:00,Murray,,Central Coast Mariners FC,
Tyler Joyce,Tyler,,Joyce,,,
Lee Windrum,Lee,1985-08-14T02:00:00+02:00,Windrum,,Lisburn Distillery FC,
Vathanaka Chan,Vathanaka,1994-01-23T01:00:00+01:00,Chan,173 cm,,
Evren Güder,Evren,1995-12-08T01:00:00+01:00,Güder,,,
Abdullah Jassim Ali,Abdullah,1997-02-22T01:00:00+01:00,Jassim Ali,189 cm,Al Wasl Club,76 kg
Mohammed Al Khaled,Mohammed,,Al Khaled,,Kuwait,
Maria Adamaki,Maria,1985-01-11T01:00:00+01:00,Adamaki,,,
Benjamin Police,Benjamin,1986-05-19T02:00:00+02:00,Police,188 cm,,79 kg
Heraldo Jorrin,Heraldo,1993-09-10T02:00:00+02:00,Jorrin,183 cm,,
Jamal Jeffers,Jamal,1993-03-23T01:00:00+01:00,Jeffers,,St. Kitts and Nevis,
Hamza Mohammed,Hamza,1996-08-04T02:00:00+02:00,Mohammed,,Bechem United FC,
Jon Boardman,Jon,1981-01-27T01:00:00+01:00,Boardman,,Hungerford Town FC,
Phil Clarke,Phil,1988-10-20T01:00:00+01:00,Clarke,,,
Heather Payne,Heather,2000-01-26T01:00:00+01:00,Payne,,Republic of Ireland,
Nathan Durieux,Nathan,1998-01-03T01:00:00+01:00,Durieux,,,
Kirati Keawsombat,Kirati,1987-01-12T01:00:00+01:00,Keawsombat,,,
Rodney Miguel Pedrozo,Rodney Miguel,1993-09-05T02:00:00+02:00,Pedrozo,,Club General Díaz,
Aleksey Antilevskiy,Aleksey,2002-02-02T01:00:00+01:00,Antilevskiy,181 cm,FK Ruh Brest,71 kg
Sherzod Khakimov,Sherzod,1987-03-13T01:00:00+01:00,Khakimov,,,
Guto Hughes,Guto,1992-05-29T02:00:00+02:00,Hughes,,Denbigh Town FC,
Anges Patrick Kader Bohui,Anges Patrick Kader,2003-12-03T01:00:00+01:00,Bohui,,Philadelphia Union II,
Ritchy Bumbu,Ritchy,1995-07-13T02:00:00+02:00,Bumbu,,,
Blair Govan,Blair,1994-02-03T01:00:00+01:00,Govan,,,
Precious Johnson,Precious,1995-03-23T01:00:00+01:00,Johnson,,Bodens BK,
Martin Kuncl,Martin,1984-04-01T02:00:00+02:00,Kuncl,182 cm,,70 kg
Erez Isakov,Erez,1997-05-08T02:00:00+02:00,Isakov,,,
Tianyu Guo,Tianyu,1999-03-05T01:00:00+01:00,Guo,192 cm,Shandong Luneng Taishan FC,80 kg
Torik Adegoke,Torik,2001-07-17T02:00:00+02:00,Adegoke,,Wexford Youths FC,
Sanjiban Ghosh,Sanjiban,1991-07-06T02:00:00+02:00,Ghosh,,,
Cai Owens,Cai,1998-07-12T02:00:00+02:00,Owens,,,
Monkez Mohammed Jihad Ali,Monkez Mohammed,,Jihad Ali,,Al Gharafa SC,
Maksym Zelenevich,Maksym,1992-03-10T01:00:00+01:00,Zelenevich,178 cm,,70 kg
Snir Shoker,Snir,1989-05-08T02:00:00+02:00,Shoker,,,
Nemanja Pejović,Nemanja,2001-03-17T01:00:00+01:00,Pejović,,,
