0,1,2,description,addressLocality,postalCode,addressCountry,addressRegion,streetAddress
Chilled Squirrel,021 447 0304021 447 0304,http://www.bicyclecapetown.org/directory/listing/chilled-squirrel,"Who are we Chilled Squirrel custom builds electric bikes to suit different requirements.We believe strongly in supporting local makers, artisans and technicians and in customizing to suit customers requirements to suit African terrain. What we do 1. Electric bikes Built for you Visit our showroom and operations center to check out our latest electric bike collections : electric fat bikes electric mountain bikes electric cruiser bikes 2. E-bike Tours and Rentals Join us and our qualified tour guides on a magical adventure and exploration > 3. Electric bike corporate company Branding Interested in opening an e-bike rental, tour and/or delivery business? We build customized electric bikes with your logo and branding. Find out more >",Cape Town,7925.0,ZA,Western Cape,1 Observatory Road
Starling and Hero Bicycle Cafe,+27 71 117 2722+27 71 117 2722,https://www.bicyclecapetown.org/directory/listing/starling-and-hero-bicycle-cafe,,,,,,
MetroRail,0800 65 64 630800 65 64 63,https://www.bicyclecapetown.org/directory/listing/metrorail,Official MetroRail Western Cape website. Bicycles are allowed on the train during off-peak hours.,,,,,
Bicycle Parking Waterkant Street,,http://www.bicyclecapetown.org/directory/listing/bicycle-parking-waterkant-street,Locations No. Racks c/o Waterkant and St Georges 4 c/o Waterkant and Lower Burg 4 c/o Waterkant and Long 4 c/o Waterkant and Loop 6 between Loop and Bree 3 c/o Waterkant and Bree 4 c/o Waterkant and Bree 4 c/o Waterkant and Buitengraght under bridge 6 Total 35,,,,,
Downhill Adventures,+27 21 422 0388+27 21 422 0388,http://www.bicyclecapetown.org/directory/listing/downhill-adventures,,,,,,
Bikes 'n Wines,"['+27 74 186 0418+27 74 186 0418', '+27 21 823 8790+27 21 823 8790']",http://www.bicyclecapetown.org/directory/listing/bikes-n-wines,"Bikes ‘n Wines is a unique concept in Winelands’ tourism and a South African first, combining both mountain biking and exclusive wine tastings. The tours are targeted at young-hearted and outdoor-loving people who like to experience a wine tour from a different and authentic viewpoint. Join us for an adventure filled day of cycling and wine tasting in Stellenbosch or explore one of the other beautiful Winelands in the Western Cape! Free WiFi available.",Cape Town,8000.0,ZA,Western Cape,43 Waterkant Street
African Bikers Tours CC,+27 21 465 2018+27 21 465 2018,https://www.bicyclecapetown.org/directory/listing/african-bikers-tours-cc,,,,,,
Bicycle Parking Somerset Road,,https://www.bicyclecapetown.org/directory/listing/bicycle-parking-somerset-road,Locations No. Racks c/o Somerset and Dixon 6 c/o Somerset and Napier 4 c/o Somerset and De Smit 3 Green Point Traffic Dept 3 Somerset Road BP garage 3 Total 19,Cape Town,8001.0,ZA,Western Cape,11 Dixon Street
Qhubeka,+27 11 467 8726+27 11 467 8726,https://www.bicyclecapetown.org/directory/listing/qhubeka,"Qhubeka is World Bicycle Relief’s program in South Africa. World Bicycle Relief is a global non-profit organization dedicated to advancing education, health and economic opportunities by providing simple, sustainable transportation. Since World Bicycle Relief’s founding in 2005, it has delivered more than 220,000 specially designed, locally assembled bicycles to people in need.",,,,,
Cape Town Cycle Hire,+27 21 4341270+27 21 4341270,http://www.bicyclecapetown.org/directory/listing/cape-town-cycle-hire,,,,,,
City Cycle Tours,"['+27 21 511 4766+27 21 511 4766', '+27 82 807 9522+27 82 807 9522']",http://www.bicyclecapetown.org/directory/listing/city-cycle-tours,,,,,,
Bicycle Portraits,,http://www.bicyclecapetown.org/directory/listing/bicycle-portraits,Bicycle Portraits is a photographic book of everyday South Africans and their bicycles created by Stan Engelbrecht & Nic Grobler.,,,,,
Casareccio Cucina Italiana,+27 21 7900200+27 21 7900200,http://www.bicyclecapetown.org/directory/listing/casareccio-cucina-italiana,"Casareccio Italian Restaurant in Hout Bay – where the world meets for good coffee, good food & good conversation. Casareccio has state of the art bicycle parking too!",,,,,
Rondebosch Common,,http://www.bicyclecapetown.org/directory/listing/rondebosch-common,"Rondebosch Common has a long history as an open space for public use. This valuable 40 hectare block lies in a built-up area surrounded by established homes, schools and hospitals. The area supports a natural remnant of the critically endangered Cape Flats Sand fynbos, with patches of renosterveld, and is also a seasonal wetland. Over 300 plant species have been verified on the site, of which nine appear in the Red Data List, two of them being such as Ixia monadelpha (EN) and Podalyria sericea (NT). 110 different bird species have also been recorded. Rondebosch Common is very popular among local residents, who can be seen jogging, walking their dogs, exercising and enjoying the open space every day. A Friends Group is actively involved at this site and management input is provided by the Biodiversity Management branch.",Cape Town,7700.0,ZA,Western Cape,40 Campground Road
Deluxe CoffeeWorks,+27 725699579+27 725699579,http://www.bicyclecapetown.org/directory/listing/deluxe-coffeeworks,,,,,,
Clarke's Bar and Dining room,+27 21 424 7648+27 21 424 7648,http://www.bicyclecapetown.org/directory/listing/clarkes-bar-and-dining-room,,,,,,
The Handle Bar,,http://www.bicyclecapetown.org/directory/listing/the-handle-bar,"[ COFFEE * PEDAL * PASSION ] The Handle Bar is a unique coffee bar and bike shop tailored to the needs of cyclists. Bike storage, coffee and specialist products in stock to keep you going at the end of your ride or just as a walk-in.",Cape Town,8000.0,ZA,Western Cape,42 Hans Strijdom Avenue Lane
Brooks England SA,"['+27 72 8053452+27 72 8053452', '+27 21 813 6433+27 21 813 6433']",http://www.bicyclecapetown.org/directory/listing/brooks-england-sa,"Brooks handmade leather saddles, bags & accessories for bicycling are now available in SA. Brooks England is steeped in history, a prestige brand that boasts almost 150 years of tradition and expertise. But quality and style never age. Do come in to our new Showroom (at the Planet Art Building, 32 Jamieson Street) and take a seat.",,,,,
Cyclosport,"['+27 83 735 2496+27 83 735 2496', '+27 21 903 4538+27 21 903 4538']",https://www.bicyclecapetown.org/directory/listing/cyclosport,,,,,,
BikeLane,+27 21 447-3827+27 21 447-3827,http://www.bicyclecapetown.org/directory/listing/bikelane,,,,,,
Valhalla Park Family Recreation Centre,,https://www.bicyclecapetown.org/directory/listing/valhalla-park-family-recreation-centre,"The City of Cape Town has invested R33 million in the Valhalla Park Family Recreational Centre, which is the first of its kind in Cape Town. The centre is proving to be an increasingly popular facility – especially for children who make up nearly 70% of its visitors. Since it was opened in December 2013, an average of 292 people have visited the space daily. A record high was seen on the last day of the school holidays, 14 January 2014, with 707 visitors – 364 of whom were children. Situated on over six hectares of land, includes a full-size synthetic soccer pitch, a clubhouse and community facility, a network of pathways and landscaped areas, a BMX track, playground areas, outdoor gym areas, a spray park, a change room and ablution facilities, outdoor reading rooms for community interaction with library activities, two mini-soccer pitches, two multipurpose courts, a multitude of landscape architecture features and accommodation for a caretaker. “This uniquely inclusive multifunctional centre has added tremendous value to the community. It is a model recreation centre which caters for all ages and interests and has proven immensely popular over the school holidays. It is certainly a place for the whole",Cape Town,7490.0,ZA,Western Cape,2 Angela Street
The Gear Change,+27 21 448 8905+27 21 448 8905,http://www.bicyclecapetown.org/directory/listing/the-gear-change,"Here at The Gear Change, we provide a safe, secure platform from which to trade in second hand mid- to high-end cycling equipment. A convenient alternative to risky classified ads, The Gear Change removes much of the messiness, danger and complexity that can come from selling or buying second hand.",Cape Town,7700.0,ZA,Western Cape,Hill Park Lane
Ewizz - Electric Vehicles,+27 86 111 3968+27 86 111 3968,https://www.bicyclecapetown.org/directory/listing/ewizz-electric-vehicles,Bringing Electric Vehicles to South Africa,,,,,
Green Point Park,,https://www.bicyclecapetown.org/directory/listing/green-point-park,"Green Point Park – a little piece of paradise in the middle of the Mother City. For a fun day out, school tours, family picnics, children’s birthday parties, outdoor exercise, romantic walks and healthy activities; this is beautiful natural place to get some fresh air and be social. This carefully curated garden is composed of a rich variety of flora indigenous to the Cape, and offers the only Biodiversity Showcase Garden of its kind, featuring 25 000 indigenous plants, trees, shrubs, bulbs and groundcovers, consisting of 300 different plant species. Go on a journey of self-exploration and get wonderfully lost in the Outdoor Labyrinth or take a paid tour with us and discover the world of fynbos. Perhaps even plan the perfect play date for young children at the Tot-Lot Play Park or take a spontaneous afternoon off to unwind. Activities and facilities in Green Point Park Dazzle the little ones by showing them the natural wonders of Green Point Park. Play parks, soft, green lawns and shady settings make a picnic with friends and family an absolute pleasure, almost all year round in our sunny city. Walking Paths Cycling Paths Outdoor Excercise Gym Outdoor Events Children’s Playgrounds Picnic Spaces",Cape Town,8005.0,ZA,Western Cape,Park Road
Pedal Power Association,+27 21 689 8420+27 21 689 8420,http://www.bicyclecapetown.org/directory/listing/pedal-power-association,,,,,,
Rondebosch Park,021 689 8935021 689 8935,http://www.bicyclecapetown.org/directory/listing/rondebosch-park,"Address: Corner Campground Road and Sandown Roads, Rondebosch Opening hours: Daily from 08:00 to 18:00 Size: 2 hectares Entrance: Free Rondebosch Park is an open park of big trees, avenues of oaks, planes and pines and it features a variety of flora. There are pathways for gentle walks, its lawns provide ample space for picnics and the benches offer places to sit and relax. This park is often used for carols by candlelight and plays, Potter’s Market and is well known for its long-standing craft market on the second Saturday of each month. The craft market is revered as a relaxing way to spend a Saturday morning, browsing stalls of hand-made goods and breakfasting under the park’s lovely trees. Features Avenue of trees Variety of flora Facilities Play equipment Grassed area Public toilets Benches Footpaths / tracks Cycling allowed Dogs on leashes allowed Parking Fenced off / enclosed area",Cape Town,7700.0,ZA,Western Cape,3 Glebe Road
The City of Cape Town,0800 65 64 630800 65 64 63,https://www.bicyclecapetown.org/directory/listing/the-city-of-cape-town,The City of Cape Town Travel Smart campaign.,,,,,
BeeyondABike,,https://www.bicyclecapetown.org/directory/listing/beeyondabike,"Community empowerment through bicycle repair and education; A pedal powered bike shop traveling around the world! Currently BeeyondABike is running a bicycle education program at Fisantekraal High School in South Africa, working with teachers, students and volunteers from Peace and Love International to develop the bike program.",,,,,
