0,startDate,endDate,3,4,location,6,7,8,validFrom,10,11,organizer,13
"Road Show Longarm Experience – Janesville, WI",2020-08-01T11:00:00-05:00,2020-08-01T14:00:00-05:00,Organization,608-960-7797,Quilt Barn Studio,"&lt;p&gt;We are monitoring the ever-changing COVID-19 situation and are following recommendations issued by the Centers for Disease Control (CDC) and other federal and state agencies. We are taking extra precautionary steps to ensure the safety of our attendees including limiting the number of individuals in attendance, making sure social distancing is practiced, and ensuring a [&hellip;]&lt;/p&gt;\",,,,,608 960 7797,APQS Wisconsin | Quilt Barn Studio,
"*Moved up to March 26* Roadshow Longarm Experience &#8211; Des Moines, IA",2020-04-02T09:30:00-05:00,2020-04-02T13:00:00-05:00,Organization,800.426.7233,APQS Des Moines Show Room,"&lt;p&gt;&nbsp; APQS Road Show update: We are closely monitoring the ever-changing COVID-19 situation and are following recommendations issued by the Centers for Disease Control and other federal and state agencies. In light of that, we’ve reformatted this Road Show to ensure there will be 8 or less quilters. If you are signed up, you will [&hellip;]&lt;/p&gt;\",USD,primary,2020-02-05T00:00:00+00:00,0.0,800.426.7233,APQS Team,inStock
APQS Beginner&#8217;s Class,2020-10-15T10:00:00-04:00,2020-10-15T16:00:00-04:00,Organization,502-718-7148,APQS Louisville &#8211; Quilted Joy,"&lt;p&gt;APQS Educator, Angela Huffman, shares 13 years of experience to help you get the most from your new APQS longarm! This is a comprehensive class that covers multiple ways to load a quilt on a frame, how to set tension, how to use pantographs &amp; line them up, basic machine maintenance (APQS specific), how to [&hellip;]&lt;/p&gt;\",,,,,502-718-7148,Angela Huffman,
"New APQS Longarm Owners Class &#8211; APQS Austin, TX-Over the Top Quilting",2020-01-25T09:00:00-06:00,2020-01-25T14:00:00-06:00,Organization,512-358-4605,APQS Austin &#8211; Over the Top Quilting Studio,"&lt;p&gt;&nbsp; Learn hints and tips on how to make your quilting experience as successful as possible. The class is mostly “demonstration” so we can squeeze in as much information as possible. The class teaches everything there is to know about thread, batting, managing tension, loading a quilt, and more. This class is free to new [&hellip;]&lt;/p&gt;\",,,,,512-358-4605,Susan Rubino or Chris Wenz,
"Quilt Con Trade Show &#8211; Austin, TX",2020-02-20T00:00:00-06:00,2020-02-23T23:59:59-06:00,Organization,,Austin Convention Center,"&lt;p&gt;Presented by the Modern Quilt Guild, QuiltCon is the largest modern quilting show of its kind. Each year, thousands of attendees come to see over nearly 600 modern quilts on display, including 400 juried in from MQG members around the world. The conference features four days of workshops and lectures led by leading designers and [&hellip;]&lt;/p&gt;\",,,,,800.426.7233,APQS Team,
"*Changed to Virtual* Roadshow Longarm Experience – Janesville, Wisconsin",2020-04-11T11:00:00-05:00,2020-04-11T14:00:00-05:00,Organization,608 960-7797,APQS Wisconsin | Quilt Barn Studio,"&lt;p&gt;&nbsp; APQS Road Show update: Due to the COVID-19 situation, our Road Shows have gone virtual. Watch our live-streamed APQS Longarm Quilting Road Show demo from the comfort and safety of your home. Learn all about our quilting machines and discover the model that is right for you during this free and fun online event. [&hellip;]&lt;/p&gt;\",USD,primary,2020-02-17T00:00:00+00:00,0.0,608 960 7797,APQS Wisconsin | Quilt Barn Studio,inStock
"Roadshow Longarm Experience – Janesville, WI",2020-10-03T11:00:00-05:00,2020-10-03T14:00:00-05:00,Organization,608 960-7797,APQS Wisconsin | Quilt Barn Studio,"&lt;p&gt;We are monitoring the ever-changing COVID-19 situation and are following guidelines issued by the Centers for Disease Control (CDC) and other federal and state agencies. We are taking extra precautionary steps to ensure the safety of our attendees including limiting the number of individuals in attendance, making sure social distancing is practiced, and ensuring a [&hellip;]&lt;/p&gt;\",USD,primary,2020-08-18T00:00:00+00:00,0.0,608 960 7797,APQS Wisconsin | Quilt Barn Studio,inStock
"Rental Certification Class &#8211; APQS Austin, TX",2020-06-03T10:00:00-05:00,2020-06-03T13:00:00-05:00,Organization,512-358-4605,APQS Austin &#8211; Over the Top Quilting Studio,"&lt;p&gt;&nbsp; This 3 hour class prepares you to rent independent time on one of our APQS longarm machines. The class includes an hour of detailed instructions. During hours 2 and 3, you learn simple all-over designs, straight line creation, and problem management.&lt;/p&gt;\",USD,primary,2020-01-09T00:00:00+00:00,130.0,5123584605,APQS Austin TX,inStock
"Road to California Trade Show &#8211; Ontario, CA",2020-01-23T00:00:00-06:00,2020-01-26T23:59:59-06:00,Organization,,Ontario Convention Center &#8211; Road 2 California,"&lt;p&gt;&nbsp; More than 42,000 visitors from all 50 states and several foreign countries come each January to view exhibits featuring antique, traditional, art and modern quilts designed by both national and international quilt groups. A vibrant vendor mall of over 225 nationally and internationally known retailers feature the very latest to see, try and buy [&hellip;]&lt;/p&gt;\",,,,,800.426.7233,APQS Team,
Advanced Beginner Longarm Quilting Class,2020-10-16T10:00:00-04:00,2020-10-16T14:30:00-04:00,Organization,502-718-7148,APQS Louisville &#8211; Quilted Joy,&lt;p&gt;This course picks up where the APQS Beginning Longarm Class stops. This class offers a broad over view of custom quilting. During this lecture/demo class we will learn over 100 ways to custom quilt a block. Learn easy custom border/corner/sashing treatments. See how to “read” a quilt top and interpret a quilt top to select [&hellip;]&lt;/p&gt;\,USD,primary,2020-02-17T00:00:00+00:00,125.0,502-718-7148,Angela Huffman,inStock
"Advanced T-shirt Quilt Construction &#8211; APQS Austin, TX-Over the Top Quilting",2020-01-22T17:30:00-06:00,2020-01-22T20:30:00-06:00,Organization,512-358-4605,APQS Austin &#8211; Over the Top Quilting Studio,"&lt;p&gt;&nbsp; Learn to make an even better t-shirt quilt. In this class, you’ll learn the “random” design, and techniques to use as many parts and logos of a t-shirt as possible. Our instructor is Laura Holst.&lt;/p&gt;\",USD,primary,2019-11-16T00:00:00+00:00,50.0,512-358-4605,Susan Rubino or Chris Wenz,inStock
APQS Beginner&#8217;s Class &#8211; Spring TX,2020-01-25T09:00:00-06:00,2020-01-25T15:00:00-06:00,Organization,832-515-6919,Sisters Attic Quilting,"&lt;p&gt;With the beginner class offered at APQS, our goal is to teach you the skills you will need to accomplish a typical quilting project on your longarm quilting machine. Whether you intend to start a business or just want to get your quilts done faster, you will learn valuable techniques to accomplish your projects creatively [&hellip;]&lt;/p&gt;\",$,primary,2017-03-31T00:00:00+00:00,200.0,832-515-6919,Eva Ellison,inStock
"APQS Longarm Open House – Denver, CO",2020-02-22T11:00:00-07:00,2020-02-22T14:30:00-07:00,Organization,435-414-2026,A Quilters Choice,&lt;p&gt;Visit our Open House and test drive our longarm quilting machines to discover the model that is right for you. Preregistration for this event is requested. You can register by filling out the form below or giving us a call at 800-426-7233. What you’ll discover: Designed for quilters who do not currently own a longarm [&hellip;]&lt;/p&gt;\,USD,primary,2019-11-15T00:00:00+00:00,0.0,435 414 2026,Myrna Ficken,inStock
"*Changed to Virtual* Roadshow Longarm Experience – Louisville, KY",2020-04-11T12:00:00-04:00,2020-04-11T14:00:00-04:00,Organization,502-718-7148,APQS Louisville &#8211; Quilted Joy,"&lt;p&gt;&nbsp; APQS Road Show update: Due to the COVID-19 situation, our Road Shows have gone virtual. Watch our live-streamed online APQS Longarm Quilting Road Show from the comfort and safety of your home. Learn all about our quilting machines and discover the model that is right for you during this free and fun online event. [&hellip;]&lt;/p&gt;\",USD,primary,2020-02-17T00:00:00+00:00,0.0,502-718-7148,Angela Huffman,inStock
