0,recipeIngredient,datePublished,totalTime
Apple Cranberry Pie,"['For the Egg Wash', '2 cups frozen or fresh whole cranberries.', '1/2 cup packed brown sugar', '1 1/2 tsp cinnamon', '5 cups peeled, thin sliced, and cored apples. Place in a bowl of water with 2 tbsp of lemon juice.', '1/2 tsp fresh ground nutmeg', '2 pre-made 9 inch pie crusts or one Fool Proof Pie Dough recipe', 'For the Filling', '1 whole egg', 'Turbinado or course sugar for sprinkling on top', '1 tbsp pure vanilla extract', '1 cup granulated sugar', '1/2 tsp Apple Pie Spice', '1/4 cup flour', '4 tbsp cold butter cubed', '1 egg yolk', '1 tsp salt']","November 16, 2018",PT2H
Caramel Apples,"['10-11 medium sized apples or 4-5 for doubled dipped', '2 cups brown sugar', 'Choice of coatings like, chopped nots, chocolate chips, seeds, candies.', '1/2 cup butter diced', 'Popsicle sticks, skewers or brach pieces', '1 tsp vanilla extract', 'Some sea salt crystals for salted caramel', '1 cup light corn syrup', '1 14 oz can of condensed milk', 'Dash of salt']","October 31, 2018",
Savory Sweet Potato tart,"['1 large peeled sweet potato', '2 tbsp finely chopped chives', 'Salt and pepper to taste', '2 tbsp smoked brown sugar', '1/2 cup creme fraiche', 'One large square phyllo dough', '2 baby spring onions']","May 25, 2018",PT1H15M
"1,000 Layer Sweet Potato Muffins","['3 3/4 cups AP flour plus extra for rolling', '2 tbsp baking powder', '1 cup cold buttermilk', '1/4 cup granulated sugar', '1 + 1/2 stick of very cold butter grated', '1 1/2 cups mashed and chilled sweet potatoes from 2 large sweet potatoes', '2 tsp salt', '1 tbsp melted butter', '1/4 cup corn starch', '1 1/2 tsp baking soda', '2 tsp Bakewell Cream']","October 28, 2018",PT2H
Braised Purple Cabbage,"['salt and pepper to taste', 'For the cabbage', 'Salt and pepper to taste', '1 tbsp Worcestershire sauce', '2 tbsps butter', '1 medium size head of cabbage', '1 small Spanish onion sliced thinly', '1 tbsp dark brown sugar', '3 tbsps of rice wine vinegar', 'For the Caramelized Onions']","August 13, 2018",PT1H
Fresh Cranberry Sauce,"['1 1/2 cups of sugar', '1 12oz bag of fresh or frozen cranberries.', '1 tsp vanilla', 'Zest of 1/2 orange', '1 1/2 cups water']","December 4, 2018",PT30M
"Here’s a great recipe to start the day off or make for brunch in the Fall. Sometimes poached eggs don’t always turn out as planned, but when you put them in a butternut squash there’s no worries that it will be perfect. And the baby squashes are too cute for words. Each half is one serving and they make they’re own bowls. It’s a good combo of creamy butternut squash and the lushness of the egg yolk coming together. so simple dressed with flaked salt and pepper, sorrel greens, and roasted sweet baby peppers. Everything happens on a sheet pan for minimal mess in the kitchen.","['salt and pepper to taste', '3 tbsp plus 1 tbsp olive oil', '6-8 multi color baby sweet peppers', '4 eggs', '2 tbsp butter melted', '2 baby butternut squash']","October 5, 2018",
3 Way Onion Burger with Applewood Bacon and Aged Smoked Cheddar,"['2 large sweet Vidalia Onions', '4 large red onions', '1/2 cup APF (all purpose flour)', '1 tbsp Worcestershire sauce', '8 ounces tomato paste', '1/4 dark brown sugar', 'Onion Rings', '1/2 stick butter', '2 tsps ground cumin', 'Burger Patties', '1 pound 80/20 ground chuck', '1 small can chipotle peppers in adobe sauce, seeds removed and chopped', '8 slices Applewood smoked bacon', '2 eggs', '1/4 cup ketchup', '2 tbsps honey', '4 slices Aged smoked cheddar', '4 Toasted pretzel buns', 'Minced garlic', '1 cup Chipotle BBQ sauce', 'BBQ Caramelized Onions', '3 tbsps minced garlic', '1 tsp paprika', '1/4 cup black cherry preserves', '2 bunches scallions (green onions) for grilling', '3 tbsps molasses', 'Salt', 'Chipotle BBQ sauce', '2 1/2 cups water', '2 tbsps red wine vinegar', '1/2 cup blue or yellow corn meal', '1 tsp each salt and pepper', 'Olive oil', 'Salt and pepper', '3 tbsps yellow mustard']","May 18, 2018",PT2H10M
Classic Burger,"['4 tbsp shaved frozen butter', '4 brioche buns', '*Your choice of toppings', '1 tbsp butter for cooking', '1 lb of 80/20 mix ground beef', 'Flake salt and pepper to taste']","December 13, 2018",PT1H
Swedish Meatballs,"['1 cup heavy cream', '1 tsp mustard ( or 1/4 tsp dry mustard)', '1/4 tsp ground allspice', '2 cups beef stock', '1/2 tsp garlic powder', '1/8 tsp pepper', '5 tbsp butter', '1 egg', '1/4 cup panic bread crumbs', '1 tbsp Worcestershire sauce', '1 lb ground beef or turkey', '2 tbsp chopped Italian parsley (divided in half)', '3 tbsp flour', '1/2 tsp salt', '1/4 ground nutmeg', '1 tbsp olive oil', '1/4 cup finely chopped onion']","May 21, 2018",PT1H30M
Crispy Sheet Pan Brussel Sprouts,"['2 tbsp butter', '1 shallot sliced thin', '2 lbs brussel sprouts', '1/4 cup chicken or vegetable stock', 'Fried Onion topping optional', 'Salt and pepper to taste', '1 tsp garlic powder', '1 tbsp olive oil']","November 20, 2018",PT1H
Caramelized Onions,"['1/3 cup balsamic vinegar', '1 tablespoon olive oil', '2 tablespoon butter', '1 teaspoon salt', '1/2 cup maple syrup', '5-6 medium size red onions (you can also use yellow or sweet)']","May 21, 2018",PT45M
Candied Yam Muffins with Maple Glazed Pecans,"['1 cup dice candied yams ( 1/2 cup for inside and 1/2 for top of muffins )', '1 medium sweet potato', '1 large eggs', 'Pinch of salt', '3 tbsp brown sugar', '1/2 cup AP flour', '3/4 cup vegetable oil', 'A pinch of salt', '3 tbsp granulated sugar', '1 cup whole pecans', 'For the Streusel Topping', 'For the Muffins', '5 tbsp butter', '1 cup prepared recipe or leftovers of Candied Yams', 'For the Candied Yams', '3 tbsp butter', '3/4 cup granulated sugar', '1/3 cup sour cream', '4 tbsp pure maple syrup', '2 tsp cinnamon', 'For the Maple Glazed Pecans', '2 tsp baking powder', 'A dash of salt', '1 cup dark brown sugar', '1 tsp vanilla extract', '6 tbsp butter', '1/4 cup granulated sugar', '1 cup sweet potato puree or mash', '1/2 tsp salt', '1/2 tsp baking soda', '1/2 tsp cinnamon', '1 1/2 cups AP flour']","October 18, 2018",PT2H
Roasted Eggplant Dip aka Baba Ghanoush,"['1/4 cup lemon juice', '2 tablespoons chopped Italian parsley', '3 roasted garlic cloves or finely diced fresh', 'Olive oil', 'Salt to taste', '1/4 cup tahini', '2 medium eggplants']","May 21, 2018",PT1H30M
Corn Pudding,"['1 cup heavy cream', '2 eggs beaten', '4 cups fresh corn kernels or frozen corn kernels', '1 cup shredded white cheddar cheese', '1/2 tsp pepper', '1 tbsp fresh marjoram', '4 tbsp melted butter', '1 cup whipped cream cheese', '2 tbsp maple syrup', '1/2 cup breadcrumbs', '1 1/2 tsp flake salt or 1 tsp kosher salt', '2 shallots finely diced']","November 15, 2018",PT1H
Cabbage Steaks,"['4 tsp garlic powder', 'Chive Butter', '2 tbsp of olive oil', '2 tsp pepper', '1 tsp nigella seeds', '1/2 stick of softened salted butter', '1 bunch chives diced about 1/4 cup. Reserve about 2 tbsp for garnish', '2 small purple cabbages', '4 tsp salt']","October 28, 2018",PT1H
Harvest Bagel,"['8 oz of softened cream cheese', '1/2 cup diced dried fruit of your choice. Use at least 2 different kinds for color and variety.', '1tsp chia seeds', '3 tbsp pure maple syrup', '1 tbsp flax seeds']","October 29, 2018",PT30M
Fresh Sweet Creamed Corn with Marjoram Oil,"['Salt and white pepper to taste about 1 tsp each', '2 tsp fresh marjoram leaves', '1/2 cup of olive oil', '2 large ears of the sweetest corn you can find', '2 tbsp fresh chives chopped', '2 tbsp of butter', '1 tbsp of sugar']","August 29, 2018",PT30M
Fog and Pistachio Tart,"['1 cup almond flour (finely ground almonds)', '3/4 cup Icing sugar', 'ground black pepper - 1 teaspoon', 'FOR THE ALMOND CREAM', '3/4 cup simple syrup', 'FOR TART DOUGH', 'all purpose flour - 1 1/4 cup', '1 tbsp cornstarch', 'powdered sugar - sifted - 1/4 cup', 'unsalted butter, cold and cut into 1/4 - 1/2 cup', '2 eggs', 'pure vanilla extract - 1/2 teaspoon', 'half and half - 2 tablespoons', 'FOR THE PISTACHIO PASTE', '1 tbsp rum', 'pistachios - 1/3 cup', '1 cup Pistachios', 'salt - 1/4 teaspoon', 'egg yolk - 1 large (at room temperature)', '1 tbsp rum ( optional )', '7 tbsp butter', '3/4 confectioner sugar (powdered sugar)']","September 21, 2018",PT3H
Vegetarian Chili,"['2 small cloves garlic minced', '2 tbsp tomato paste', '1 tsp onion powder', '1 tsp dried oregano', '1 8oz can tomato sauce', '1 tsp smoked paprika', '1 15oz can kidney beans', 'Salt and pepper to taste', '2 cups vegetable stock', '1 tsp cayenne pepper (optional)', '1 15oz can whole stewed tomatoes', '2 tsp ground cumin', '1 15oz can black beans', '1 tsp garlic powder', '1 small onion diced', '2 tbsp olive oil', '2 tsp chili powder']","October 21, 2018",PT1H
Good Good Garlic Bread,"['1/2 teaspoon salt', '1/8 teaspoon cayenne pepper', '1 teaspoon garlic powder', '8 tablespoons unsalted butter', '1 teaspoon water', '1 (1-pound) loaf soft Italian bread, halved horizontally', '4-5 garlic cloves, minced to paste (1 tablespoon)']","September 19, 2018",PT30M
Holiday Sweet Potato Pie with Sugared Cranberries,"['3/4 cup evaporated milk', '1/2 teaspoon salt', '3/4 cup brown sugar', '1 unbaked pie crust', '1/8 teaspoon ground allspice', '1/2 teaspoon ground cinnamon', '1/8 teaspoon ground nutmeg', '2 eggs, beaten', '4 medium sweet potatoes 1/2 stick butter, softened 1/4 cup sugar', '1/8 teaspoon ground ginger', '1 teaspoon pure vanilla extract']","May 21, 2018",PT3H
Avocado Ranch Dressing,"['1/4 cup flat leaf Italian Parsley', '1 large ripe avocado pitted and roughly chopped', '2 cloves of garlic', '1/4 cup mayo', '3 tbsp milk or unsweetened almond milk', 'Juice from a 1/2 lime', '1/4 cup sour cream', '1 tbsp Olive Oil', '2 tbsp fresh dill', 'Salt and Pepper to taste']","August 8, 2018",PT30M
Zoodle Shrimp Scampi,"['1/2 pound large shrimp peeled and deveined and washed with tails on', 'salt and cracked pepper to taste', '2 small zucchinis made into zoodles', 'Zest of 1/2 lemon', '1/4 chopped fresh parsley', 'Juice of 1/2 lemon', '1/4 cup chicken broth or white wine', '2 cloves of garlic thinly sliced', '1 tablespoon olive oil', '1 tbsp butter', 'optional: red pepper flakes', '3 tbsp parmesan cheese']","July 16, 2018",PT30M
Black Bean Enchiladas with Mole Sauce,,"October 9, 2018",
Caramelized Banana Cake,"['3-4 ripe bananas, but still a little firm', '2/3 stick salted butter', '1 tsp. baking powder', '4 tbsp butter room temp', '1/2 cup + 1 tbsp, tightly packed light Muscovado or dark sugar', 'Banana Caramel Topping', '1/4 tsp. salt', '1/2 tsp. baking soda', '2/3 cup greek yogurt', '1/2 tsp. ground cinnamon', '1 tsp vanilla', '1 1/3 cup + 1 1/2 tbsp AP flour', '1/4 tsp. ground ginger', '3/4 cup + 1 1/2 tbsp granulated sugar', '2 large eggs']","October 5, 2018",
Easy Gravy,"['Optional: 1 cup Browned mushrooms or 1 cup yellow onion sliced thin in half rounds', 'Salt and pepper to taste', '2-3 cups of stock or broth', 'Spring of fresh thyme or marjoram', '2 heaping tbsp of AP flour']","November 29, 2018",PT15M
Cornbread,"['1/3 + 4 tbsps cup vegetable oil', '1 1/2 cup milk', '1 tbsp baking powder', '1 cup yellow corn meal', '2 eggs', '1 cup AP flour', '2 tbsps melted butter', '1/4 cup sugar', '1 tsp salt']","November 28, 2018",
Beet Pickled Eggs,"['1 bay leaf', '1/3 cup white vinegar', '6 hard boiled eggs', '1/4 red onion thinly sliced', '2 8oz Mason jars', '1/2 tsp salt', '1 can or jar of beets', '2 tbsp sugar', '1/3 cup cider vinegar', '4 Cloves']","May 21, 2018",PT30M
Pecan Pie,"['1/4 tsp ground cinnamon', '1/2 cup white granulated sugar', '1 1/2 cups pecan halves', '1 cup dark corn syrup', '1 9-inch frozen pie crust or make my foolproof pie dough here if making the springform version', '3 eggs beaten', '3 tsp salted butter, melted', '1 tsp pure vanilla extract']","November 15, 2018",PT1H
Rum Spiced Crab Apples,"['1 3/4 cups apple cider vinegar', '2-3 whole star anise', '1 quart of crab apples', '1 small cinnamon stick', '3 tbsp rum', '3 cups sugar', '1 tbsp cardamon pods slightly crushed', '1tsp whole cloves', '1 2/2 cups water']","November 1, 2018",PT1H
Baked Apple Cider Doughnuts,"['3 cups apple cider', '1/4 tsp baking soda', '2 cinnamon sticks', '1 tsp kosher salt', '3 1/2 cups AP flour', '1/2 cup apple butter', '1 1/4 cups granulated sugar', '1/4 tsp freshly grated nutmeg', '2 large eggs', '2 tbsp boiled apple cider syrup (optional)', '1/4 packed brown sugar', '1/2 cup butter milk', '2 tsp vanilla extract', '1 tbsp plus 1 tsp baking powder', '6 tbsp unsalted butter room temp', '1 tbsp plus 1 tsp ground cinnamon divided']","September 26, 2018",PT4H
Fried Green Tomatoes,"['*Note: The recipe is for one tomato which will serve 2. Multiply the recipe for how ever many servings you may need', '1/4 cup panko bread crumbs', 'Salt and pepper to taste', '1 large green tomato', '1/4 cup corn meal', '1 egg beaten', '1 cup of vegetable oil', '1/2 cup flour']","August 24, 2018",PT1H
Sticky Date Cake with Toffee Sauce,"['1 cup lightly packed mascovado sugar', '1/4 tsp cardamom', '1 tsp vanilla bean paste', '1/2 tsp course salt', '3/4 cup lightly packed muscovado sugar', '2 cups AP flour', '1/4 tsp fresh ground nutmeg', '3/4 cup heavy cream', '2 large eggs at room temp', '1 tsp baking soda', '1 tsp baking powder', '1 1/2 cups strong very hot brewed coffee', '1 stick unsalted butter', '6 tablespoons unsalted butter at room temp, plus a little more for the pan', 'Toffee Sauce', '1/4 tsp cinnamon', 'For the Cake', '16 ounces Bahari dates pitted and chopped (about 2 cups)']","October 15, 2018",
Healthy Maple Glazed Turkey Meatloaf,"['1 large clove of finely chopped garlic', '1 tbsp fresh marjoram', '1/2 cup small diced onion', '1 cup ketchup', '1 tbsp chopped fresh rosemary or 1 tsp dry', '8 small sweet multi colored bell peppers or 1 red, orange or yellow bell pepper', '2 lbs Ground Turkey', '2 tbsp brown sugar', '1 tsp garlic powder', '2 eggs', '2 tsp salt', '1/2 cup milk ( or unsweetened nut milk)', 'For glaze', '1 tbsp fresh sage or 1 tsp dry', '2 tbsp maple syrup', '1 tbsp tomato paste', '2 tbsp olive oil', '1 tbsp black pepper']","September 20, 2018",
SALTED DARK CHOCOLATE CHUNK COOKIES,"['1 cup walnuts or pecans (optional)', '2 large eggs beaten', '3/4 granulated sugar', '1 tsp vanilla extract', '1 cup ( 2 sticks unsalted butter ) softened', 'Flaked salt', '3/4 cup packed mascovado sugar', '1 tsp baking soda', '2 1/4 cups APF (all purpose flour)', '12 oz dark chocolate chunks shaved from a baking bar', '1 tsp salt']","May 21, 2018",PT1H
Dutch Apple Pie,"['1/2 cup packed brown sugar', '1 1/2 tsp cinnamon', '1 whole egg', '1/2 tsp fresh ground nutmeg', '1/2 butter', 'I prepared 9 inch pie shell or one Fool Proof Pie Dough recipe for a decorative pie.', '1/2 tsp Apple Pie Spice', '5 cups peeled, thin sliced, and cored apples. Place in a bowl of water with 2 tbsp of lemon juice.', 'For the Filling', '1 tsp fresh lemon juice', '4 tbsp melted butter cooled', '1 cup granulated sugar', 'For the Crumb Topping', '1 cup flour', 'For the Egg Wash', '5 tbsp flour', '1/2 cup granulated sugar', '1/2 cup brown sugar', '1 tbsp pure vanilla extract', '1 egg yolk', '1 tsp salt']","November 16, 2018",PT2H
The Perfect Baked Potato,"['2 tbsp chopped chives', 'Olive oil', '4 tbsp course Salt', '4 large russet potatoes', 'Salt and Pepper to taste']","October 21, 2018",
ider Glazed Carrots,"['2 tbsp butter', '1/2 cup chicken or vegetable stock', '1 tbsp fresh parsley', 'Salt and pepper to taste', '4 tbsp boiled cider', '1 tbsp mashed ginger or fresh ginger chopped very fine', '2 pounds of carrots', '1 tsp fresh thyme']","November 19, 2018",PT45M
Really Good Veggie Bean Burgers,"['2 (15-ounce) cans black beans, rinsed', '¼ teaspoon salt', '½ teaspoon ground coriander', '1 ounce corn chips, crushed coarse (1/2 cup)', '¼ teaspoon pepper', '2 garlic cloves, minced', '3 tablespoons minced fresh cilantro', '4 scallions, minced', '1 teaspoon ground cumin', '8 teaspoons olive oil or coconut oil', '2 tablespoons all-purpose flour', '2 large eggs', '6 broche buns']","September 2, 2018",PT2H
Beet and Purple Cabbage Sauerkraut,"['1 tsp kosher salt', '1 beet shredded fine or 1 cup', '1/4 cup finely sliced red onion', '3 cups finely sliced purple/red cabbage (save 2 leaves for later)', 'Optional: caraway seeds']","May 21, 2018",PT30M
Cider Roasted Turkey Roulade,"['1 large orange cut in 4 wedges', 'For the Brine', '*1 1/2 gallons cold water at the end to cover meat', '1/2 cup packed brown sugar', '3 tbsp softened butter', 'Butcher’s twine', '1 12-15lb turkey breast or 2 turkey legs', '1 onion cut into 1/2” slices', '1 cup soy sauce', '15-20 whole peppercorns', '1 lemon cut in 4 wedges', '3 celery sticks cut in half', '1 prepared butterflied and brined turkey breast or turkey leg(s)', '6 garlic cloves smashed', '2 sprigs cilantro or Italian parsley', '6 slices of fresh ginger cut about 1/4” thick', 'For Roasting', '2 carrots cut in half ( don’t bother peeling just wash or scrub)', '8 whole star anise pods', '2 or 3 cinnamon sticks', '1 cup kosher salt, plus more', '2 quarts, plus 1 cup apple cider', '2 apples cut into quarters', '4 to 5 large Sage leaves', 'Salt and pepper']","December 4, 2018",
The ONLY Guacamole Recipe You'll Ever Need,"['1/4 tsp garlic powder', '4 tblsp small diced Spanish onion', '1/4 tsp black pepper', '1/4 tsp onion powder', '2 large ripe avocados', 'Juice of one lime', '1/2 cup chopped fresh cilantro', '1 tsp salt']","August 6, 2018",PT30M
Toffee sauce,"['1 tsp vanilla bean paste', '3/4 cup heavy cream', '1 cup lightly packed mascovado sugar or dark brown sugar', '1 stick unsalted butter', 'Toffee Sauce']","October 15, 2018",PT30M
Apple Pie with Apple Rosettes,"['1/2 cup packed brown sugar', '1 1/2 tsp cinnamon', 'Egg wash', '6 cups peeled, thin sliced, and cored apples. Place in a bowl of water with 2 tbsp of lemon juice.', 'Extra pe dough', '1 whole egg', '3 pre-made 9 inch pie crusts or one Fool Proof Pie Dough recipe', '1/2 tsp fresh ground nutmeg', '1/2 butter', 'For the Rosettes', '1/2 tsp Apple Pie Spice', 'For the Filling', '1 tsp fresh lemon juice', '4 tbsp melted butter cooled', '1 cup granulated sugar', 'For the Crumb Topping', '1 cup flour', '1 medium sized apple', 'For the Egg Wash', '5 tbsp flour', '1/2 cup granulated sugar', '1/2 cup brown sugar', '1 extra medium sized apple for the rosettes.', '1 tbsp pure vanilla extract', '1 egg yolk', '1 tsp salt']","November 16, 2018",PT2H
Slab Apple Pie,"['1/2 cup ice water', '1/2 cup packed brown sugar', '1 1/2 tsp cinnamon', 'For the Pie Dough', '**If you want to make the exact design here you will need to double this recipe. If making a straight top crust or just a lattice you will only need one recipe.', '1 1/2 tsp salt', '9 cups peeled, sliced, cored apples in combinations of 50% ( 4 1/2 cups )Green Apples, and 50% Fuji, Macintosh, Arkansas Black, or another firm variety ( 4 1/2 ) cups. Place in a bowl of water with 2 tbsp of lemon juice.', '1 whole egg', '1/2 tsp fresh ground nutmeg', '3 3/4 cups AP flour', 'For the Pie', '1/2 tsp Apple Pie Spice', '2 tbsp Calvados / Apple Brandy', '1 tsp fresh lemon juice', '4 tbsp melted butter cooled', 'For the Egg Wash', '5 tbsp flour', '3 sticks butter cut up in 1/4” cubes and very very cold. Place in the freezer until ready', '1/2 cup granulated sugar', '1 1/2 tsp sugar', '1 tbsp pure vanilla extract', '1 egg yolk', '1 tsp salt']","November 10, 2018",PT3H
Creamy Stuffed Ricotta and Spinach Shells,"['2 tbsp fresh basil chopped', '2 tbsp tomato paste', '2 tsp salt and extra salt for boiling water', '1/4 cup small diced white onion', 'More salt and pepper to taste', '2 tbsp fresh oregano or 1tsp dried', '15 Jumbo pasta shells', 'I recipe Fresh Lemon Ricotta ( or 1 cup store bought )', '1 tsp pepper', '2 large garlic cloves small diced or paste', '1 tbsp olive oil', '1 12 oz can whole tomatoes', '3 cups fresh spinach', '1 can tomato sauce']","September 21, 2018",PT2H
Restaurant Style Mashed Potatoes,"['3 1/2 cups heavy cream (reserve 1 1/2 cups for mixing)', '4 cups milk', '1 sprig of fresh thyme', '1/8 cup kosher salt = salt to taste', '1 lb of Yukon Gold Potatoes', '1 tbsp chopped chives (optional)', '1 lb of salted butter', '2 bay leaves', '2 tsp white pepper', '3 large garlic cloves crushed']","November 19, 2018",PT1H
Blood Orange and Dark Chocolate Scones,"['2 tbsp cornstarch', '2 tbsp Turbinado sugar to sprinkle on top', 'Egg wash: 1 beaten egg with 1 tbsp heavy cream', '1/4 salt', '1/3 dark chocolate 75% or higher', '1 stick unsalted cold butter', '1/3 brown sugar', '1 tsp vanilla extract', '1/2 cup almond flour', '2 blood oranges', '1 tsp baking soda', '1 tsp baking powder', '1/2 cup heavy cream', '1 3/4 cup AP Flour plus 1 tbs and more for dusting']","September 26, 2018",PT45M
Roasted Summer Tomatoes,"['2 lbs or more of any variety of toamotes', '2 tbsps of fresh herbs like oregano, basil, marjoram, tarragon', '4 cloves of garlic', '4 tbsp of Olive oil', 'Salt and Pepper to taste']","July 15, 2018",PT1H
Roasted Acorn Squash,"['1/2 tsp smoked paprika', '1/2 tsp cumin', '2 tbsps olive oil', '1 tsp pepper', '1 large or 2 small acorn squash', '1/4 cup pomegranate seeds (arils)', '1 tsp salt']","August 13, 2018",PT1H
Mixed Berry Sorbet,"['1 cup granulated sugar or sugar substitute', '1 tbsp lemon juice', 'Zest of 1 lemon', '8 cups of berries ( blackberries, blueberries, strawberries, raspberries )']","December 7, 2018",
The Very Best Winter Squash Soup,"['1 - 5 pound winter squash', 'I large bay leaf', '2 sprigs of thyme', 'Salt and Pepper to tase', '4 tbsp butter', '3 cups chicken or vegetable stock', '1 -2 garlic cloves', '1/2 large sweet onion']","May 21, 2018",PT2H30M
Fresh Lemon Ricotta,"['Zest of 1 lemon', '3 cups milk', '1 cup double cream or heavy cream', '2 tbsp lemon juice', '1/2 tsp sea salt flakes']","September 20, 2018",
Healthy Turkey Spaghetti and Meatballs,"['Poaching Liquid', '1 tomato chicken or chicken boullion cube', 'Meatballs', '1 tbsp fresh marjoram', '1 12oz can whole peeled tomatoes', '1 tbsp fresh sage or 1 tsp dry', '1 tbsp black pepper', '2 tbsp tomato paste', '1/2 cup small diced onion', 'Tomato Sauce', 'Pasta of your choice: follow the directions for your choice of pasta', '2 eggs', '2 quarts of water', '4 tbsp olive oil ( set aside 2 tbsp if browning)', '1 large clove of finely chopped garlic', '1 tbsp chopped fresh rosemary or 1 tsp dry', '2 lbs Ground Turkey', '1 12oz can tomato sauce', '2 tsp salt', '1/2 cup milk ( or unsweetened nut milk)', '1 tsp garlic powder', 'Makes 14 nice size meatballs']","September 20, 2018",PT1H
Hibiscus Syrup,"['1 vanilla bean', '2 cups dried hibiscus flowers', '2 cups water', '2 cup granulated sugar']","August 20, 2018",PT1H
Southern Sweet Potato Pie,"['2 eggs beaten', '4 medium soft baked sweet potatoes', '1/8 tsp fresh ground nutmeg', '1/4 cup granulated sugar', '1/2 stick softened butter', '3/4 cup packed brown sugar', '1 tsp vanilla extract', '1 cup evaporated milk', '1/8 tsp ground ginger', '1/2 tsp salt', '1/8 tsp ground allspice', '1/2 tsp cinnamon', '1 unbaked pie shell or my foolproof Pie Dough recipe']","November 15, 2018",
Pickled Onions,"['4 tbsps sugar', '1 bay leaf', '2 cups white balsamic vinegar', 'A few sprigs of thyme', '1 tbsp mustard seeds', '1 large spanish red onion', '1/2 cup water', '1 tbsp coriander seeds', '4 tbsps salt']","July 16, 2018",PT30M
Mole Sauce,"['3 ounces tomatillos, (2 medium), husked and rinsed', '4 ounces mulato chiles, (8), wiped clean, stemmed, slit open, seeded (reserve the seeds), and deveined', '1 corn tortilla', '2 ounces ancho chiles, (4), wiped clean, stemmed, slit open, seeded (reserve the seeds), and deveined', '1/4 cup sesame seeds, toasted unhulled for garnish', '3 ounces tomato, (about 1 small)', '2 ounces pasilla chiles, (6), wiped clean, stemmed, slit open, seeded (reserve the seeds), and deveined', '1/2 small ripe (brown or black) plantain, peeled and cut crosswise into 1/2-inch slices', '1/4 teaspoon aniseed', '6 ounces Mexican chocolate', '1/4 teaspoon coriander seeds', '1 1/2 teaspoons fine salt, or 1 tablespoon kosher salt', '1 cup mild olive oil, or vegetable oil, divided', '1 (1/2-inch-thick) round slice white onion', '1/4 teaspoon whole allspice berries, (5 large)', '1 (1-inch) slice baguette', '1/2 ounce chipotle meco chiles, (2 to 3, tobacco-color), wiped clean, stemmed, slit open, seeded (reserve the seeds), and deveine', '1/4 teaspoon whole black peppercorns', '1/2 cup blanched almonds', '1/4 cup packed raisins', '1 tablespoon sugar', '6 whole cloves', '5 cloves garlic, peeled', '1/4 cup unhulled sesame seeds, scant', '3 tablespoons hulled raw (green) pumpkin seeds', '1 (1-inch) piece canela (Mexican cinnamon)']","October 9, 2018",
Green Cauliflower and Fresh Corn,"['4 tbsps of butter', '1/4 small diced white onion', '2 ears of corn husked and cleaned', '1/4 cup water', '1 tbsp of olive oil', '2 Tbsps chopped Italian parsley', 'Salt and Pepper to taste', 'I head green Cauliflower']","May 21, 2018",PT30M
Classic Mac 'n Cheese,"['1/4 flour', '1 cup aged gouda', '1 cup sharp cheddar cheese', 'FOR THE BECHAMEL', '1 tsp dried oregano', 'Salt and pepper to taste', '1 cup smoked gouda', '3 1/2 cups heavy cream', '1 pinch ground nutmeg', '1 sprig of thyme', '1 garlic clove crushed', '1 cup parmesan cheese grated (save 1/2 cup for top)', '1lb Callentani pasta', '1/4 cup butter', '1 cup monterey jack cheese', '1/2 grated onion', '1 bunch Italian parsley', '2 tbsps ground mustard']","May 4, 2018",PT1H15M
Chai Pancakes,"['1/2 tsp ground ginger', '2 tsp cinnamon', '2 tsp vanilla bean paste or vanilla extract', '4 tbsp dark brown sugar', '1/2 cup buttermilk', '1 tbsp baking powder', '3 eggs', '1/2 tsp allspice', '1 cup milk', '1/4 tsp fresh ground nutmeg', '1 1/2 cups of AP flour', '4 tbsp melted butter cooled', '1 tbsp Chai Spice or the following blend:', 'i/4 tsp ground cloves', 'Dash of salt']","October 28, 2018",PT30M
Hibiscus Cooler,"['1 vanilla bean', '2 cups dried hibiscus flowers', '2 cups water', '2 cup granulated sugar']","August 8, 2018",PT2H
Aunt Pete’s Cornbread Dressing,"['2 tsp salt or seasoned salt', '1 cup finely chopped white onions', '3 tbsp Bell Seasoning or the following:', '1 tbsp chopped parsley', '1 cup finely diced celery', 'For the Cornbread MAKE THE DAY BEFORE', '2 tsp black pepper', '2 tsp garlic powder', '2 eggs', '1 can or 2 cups Homemade Chicken Stock or Broth + 1 cup', '1/2 cup white corn meal', '1/2 cup crumbled fine toasted bread or crackers like saltines or crackers now.', '1/3 + 4 tbsps cup vegetable oil', '1 tbsp baking powder', '1 1/2 cup milk', '1 cup AP flour', '3 tbsp butter', '3/4 cup yellow corn meal', '2 beaten eggs', '1 cup finely dice bell pepper. You can use any color or a mixture of all. I like the red.', '1 prepared recipe of Corn Bread here.', '1 tbsp dried sage', 'For the Dressing', '1 tsp salt']","November 29, 2018",PT3H
Christmas Cranberry Scones,"['1 cup fresh cranberries (mash half of them (1/2 cup))', '1/2 cup granulated sugar', '1 tsp almond extract', '8 tbsp cold butter (cut into small cubes)', '3 1/2 cups AP flour', '1 egg', '1 tbsp baking powder', '8 oz almond paste (frozen and grated using the largest grate holes)', ""1 egg beaten with a little water for egg wash on top (*not needed if you are doing the'tear and form')"", '1 cup buttermilk (you can also use a buttermilk powder substitute)', '1/2 tsp salt', '1/2 tsp baking soda']",2018-12-21T12:42:14+00:00,PT40M
Ginger Orange Stollen,"['1/2 cup candied orange peel', '1 1/3 cups almond flour/meal', '2 tsp ground cardamom (plus 1 tsp for cardamom sugar)', '1 1/2 cups butter ( 3 sticks ) softened)', '2 tsp ground cardamom', '1 cup slivered almonds', '1 cup dried cherries', '1/2 cup candied lemon peel', '8 oz marzipan, pistachio, or almond paste for filling (plus 1 oz marzipan for the dough)', '1/4 tsp ground nutmeg', '2 large eggs', '1/3 cup whole milk (not skim)', '3 tbsp fresh yeast', '2 tsp ground ginger', '1 cup granulated sugar', 'Zest of one large orange', 'Butter or oil for greasing the bowl', '1/3 cup granulated sugaar', '1 tsp vanilla extract', '1/2 cup melted butter', '4 1/3 cups AP flour', '1/2 tsp salt', '1 1/2 cups powdered sugar', '2/3 cup liqueur like Cointreau, Grand Marnier, or Spiced Rum', '1 cup golden raisons']",2018-12-19T14:29:10+00:00,
Passion Fruit Curd,"['8 large egg yolks', '1 1/4 cups cold butter cut into small cubes (10 tbps)', '1 cup sugar', '1/2 cup passion fruit juice (can use from frozen)', '1/8 tsp salt']",2019-04-18T16:01:27+00:00,PT30M
Hibiscus Marshmallows,"['2 large egg whites or powdered egg whites equivalent', '1/2 cup light corn syrup', '2 cups super fine or caster sugar. (Can also use regular granulated sugar)', '1 1/2 tsp pure vanilla extract', '3/4 cup *Hibiscus Syrup (Prepare syrup according to recipe instructions link above.)', '1/2 -3/4 cup confectioners sugar', '1/4 tsp salt']",2019-03-03T14:22:27+00:00,PT495M
Lemon Curd,,2019-03-24T12:18:29+00:00,PT30M
No Churn Chocolate Hazelnut Ice Cream,"['2 cups Very cold Heavy Cream', '1 can Condensed Milk', '1/8 tsp Sea salt', '3/4 cup Nutella', '5 oz Hazelnut Praline Paste (approximately 1/2 can)']",2019-07-23T15:35:26+00:00,
Seared Salmon with Snap Pea Puree',"['4 tsp honey', '4 portions Salmon fillets', '1/2 lb sugar snap peas', '½ cup chicken broth', '1 clove garlic', '4 boiled eggs ((optional))', '1 tbsp sesame oil', '1 tbsp olive oil', 'Salt and Pepper to taste']",2019-06-16T14:28:19+00:00,
Daddy's Favorite Coconut Cake,,2019-04-04T14:48:24+00:00,PT105M
English Peas with Herbs,"['8 oz Sugar Snap Peas', '1 large shallot', '3 tbsp Grass fed butter or extra virgin olive oil', 'Flake sea salt and Pepper to taste', '16 oz English Peas', '2 tbsp spring of mint (More for garnish if you wish)', '2 tbsp tarragon']",2019-03-13T15:19:33+00:00,PT30M
Peanut Butter Truffles,,2019-02-09T11:54:49+00:00,PT30M
