0,startDate,2,endDate,4,5,6,validFrom,8,9,10,11
1st Annual ADC Scarecrow Contest &#8211; Fall in Love with ADC and the Outdoors,2020-09-12T00:00:00-04:00,"&lt;p&gt;Fall in Love with ADC and the Outdoors! Join ADC in our 1st Annual Scarecrow Contest. Registration opens on Saturday, September 12th at 8:00 am. You must register to participate. [&hellip;]&lt;/p&gt;\",2020-10-31T23:59:59-04:00,Organization,USD,primary,2020-09-12T00:00:00+00:00,Online,0,InStock,Brenna Nuckols
FL: Flounder Gigging,2020-08-29T17:00:00-04:00,"&lt;p&gt;ADC Florida Members will meet in Panacea, FL for 2 nights of Flounder Gigging with Panacea Outfitters. 7 Spots are open and the group will be split between the two nights. Night 1 - 3 openings Night 2: 4 openings **Please make sure you are signing up for the night you are available** The ticket [&hellip;]&lt;/p&gt;\",2020-08-30T23:30:00-04:00,Organization,"['USD', 'USD']","['primary', 'primary']","['2020-06-13T00:00:00+00:00', '2020-06-13T00:00:00+00:00']","Panacea, FL","['100', '100']","['LimitedAvailability', 'LimitedAvailability']",Elizabeth Bland
ADC 4th Annual FL Dove Hunt,2020-10-03T12:00:00-04:00,&lt;p&gt;Hey hey FL ladies! It’s that time of year again! Time to get geared up for our yearly dove hunt! Which is my favorite event we do all year!&lt;br /&gt;\ 👉🏻It’s kicks off the Fall 🍂season&lt;br /&gt;\ 👉🏻We grill 🍗 out lunch&lt;br /&gt;\ 👉🏻We get to laugh 😆 And have some good ole fashion fellowship and fun!&lt;br /&gt;\ 👉🏻 And we are outside and 6ft apart so we can definitely enjoy ourselves worry free!!&lt;br /&gt;\ What you’ll need&lt;br /&gt;\ 1. RSVP to this event&lt;br /&gt;\ 2. Shot gun (if u need to borrow let me know)&lt;br /&gt;\ 3. Shells/ammo&lt;br /&gt;\ 4. FL hunting license and dove stamp visit www.myfwc.org&lt;br /&gt;\ 5. Snacks and drinks- we will provide lunch&lt;br /&gt;\ 6. Anything you want to throw on grill&lt;br /&gt;\ 7. Eye 👁 and ear 👂 protection&lt;br /&gt;\ 8. Bug 🐛 spray&lt;br /&gt;\ 9. Sunscreen 🧴 &lt;/p&gt;\,2020-10-03T18:00:00-04:00,Organization,USD,primary,2020-08-03T00:00:00+00:00,"Alturas, FL",0,InStock,Brenna Nuckols
FL: Happy Half-Hour &#8211; Zoom Call,2020-05-09T18:00:00-04:00,"&lt;p&gt;ADC\\'s Florida Chapter is hosting a Happy Half Hour via Zoom to touch base, check in, and discuss plans for future events. If you\\'re not a member and interested in learning more about ADC this is a great opportunity.&lt;/p&gt;\",2020-05-09T18:30:00-04:00,Organization,,,,,,,Elizabeth Bland
AR: Snow Goose Hunt,2021-03-03T14:00:00-05:00,"&lt;p&gt;ADC Members from across the US will meet in Jonesboro, Arkansas for Snow Goose Hunting with River to River Outfitters. Details for for signing up for this trip have been posted in our private Facebook Group.&lt;/p&gt;\",2021-03-07T14:00:00-05:00,Organization,,,,"Jonesboro, Arkanas",,,Allison Voges
1st Annual ADC Scarecrow Contest &#8211; Fall in Love with ADC and the Outdoors,2020-09-12T00:00:00-04:00,"&lt;p&gt;Fall in Love with ADC and the Outdoors! Join ADC in our 1st Annual Scarecrow Contest. Registration opens on Saturday, September 12th at 8:00 am. You must register to participate. Your Scarecrow should follow our theme &quot;Fall in Love with ADC and the Outdoors&quot;. Its up to you to creatively include ADC in your design. [&hellip;]&lt;/p&gt;\",2020-10-31T23:59:59-04:00,Organization,USD,primary,2020-09-12T00:00:00+00:00,Online,0,InStock,Brenna Nuckols
FL: Meet and Greet,2019-10-16T18:30:00-04:00,"&lt;p&gt;Location: RevCafe, 180 S. Jefferson St, Monticello, FL 32344 Join us at our Monticello Meet and Greet. Come meet your fellow ADC sisters in person or stop by to see and hear first hand why joining American Daughters of Conservation is the right thing to do!&lt;/p&gt;\",2019-10-16T20:30:00-04:00,Organization,,,,,,,Elizabeth Bland
FL: Skills &#038; Knowledge Workshop,2020-04-18T08:30:00-04:00,"&lt;p&gt;ADC Members and non-members will meet to learn more about Trapping and Alligator Hunting. After lunch a speaker from FWC will discuss Florida\\'s Hunting Regulations Process. Location: Ocala Conservation Camp 7325 NE 170th Ave Silver Springs, FL 34488&lt;/p&gt;\",2020-04-18T17:00:00-04:00,Organization,"['USD', 'USD', 'USD']","['primary', 'primary', 'primary']","['2020-03-02T00:00:00+00:00', '2020-03-02T00:00:00+00:00', '2020-03-02T00:00:00+00:00']",,"['20', '10', '5']","['InStock', 'InStock', 'InStock']",Elizabeth Bland
FL: ADC Day at Bass Pro Shops,2019-09-07T13:00:00-04:00,"&lt;p&gt;Free event! American Daughters of Conservation and Bass Pro Shops in Tallahassee are joining forces to encourage the Women in our community to begin and/or further their hunting adventures. Join us for an afternoon of hands on seminars and workshops, raffles, and giveaways. Need childcare? We have that covered! Bass Pro Shops has activities for [&hellip;]&lt;/p&gt;\",2019-09-07T16:00:00-04:00,Organization,$,primary,2019-08-27T00:00:00+00:00,Bass Pro Shops,0,inStock,Elizabeth Bland
FL: 2nd Annual Scalloping Trip,2020-08-07T12:00:00-04:00,"&lt;p&gt;ADC Members from around the country will meet in Keaton Beach, FL for a weekend of snorkeling and collecting Florida Bay Scallops with Wild Child Charters. This event is open to ADC Members only. The cost of this trip includes lodging, meals, and access to a chartered boat all 3 days of the trip.&lt;/p&gt;\",2020-08-09T22:00:00-04:00,Organization,,,,School of Reds &#8211; Keaton Beach,,,Elizabeth Bland
