0,description,duration,contentRating,director,ratingCount,dateCreated,worstRating,bestRating,ratingValue,actor
Hate Story,cinemarumah21.com – Hate Story. Journalist Kavya Krishna loves tycoon Siddharth – who uses and abuses her. How far will Kavya go to get revenge? Film Bollywood Film Bollywood Subtitle Indonesia Film India Film India Subtitle Indonesia,140 Min.,Not Rated,Vivek Agnihotri,1.0,"Apr. 20, 2012",1.0,10.0,7.0,"['Joy Sengupta', 'Nikhil Dwivedi', 'Mohan Kapoor', 'Bhairavi Goswami', 'Iravati Harshe', 'Paoli Dam', 'Saurabh Dubey', 'Gopal Singh', 'Gulshan Devaiah']"
Horror Story,"cinemarumah21.com – Horror Story. A group of 7 youngsters-4 guys and 3 girls decide to spend a night at a reportedly haunted hotel to celebrate the farewell of one of them leaving for the USA. Despite people’s warnings and other “signs” trying to ward them off from there, they enter the hotel, and then the truth dawns on them. Seven friends – Sam alias Samrat, Magesh, Achint, Neel, Neena, Sonia and Magi reunite after several years apart to celebrate the farewell of one of their friends, who is going abroad in order to pursue his career and fulfill his goals. The group soon learns about an abandoned hotel with strange stories around it. Much against warnings, they decide to spend a night at the hotel, and soon realize the mistake of their lives Film Bollywood Film Bollywood Subtitle Indonesia Film India Film India Subtitle Indonesia",91 Min.,PG,Ayush Raina,1.0,"Sep. 13, 2013",1.0,10.0,7.0,"['Ravish Desai', 'Karan Kundra', 'Nandini Vaid', 'Hassan Zaidi', 'Aparnaa Bajpai']"
Kill Dil,"cinemarumah21.com – Kill Dil. Once upon a time in North India, two killers – Dev and Tutu – roamed free. Abandoned when young and vulnerable, Bhaiyaji gave them shelter and… nurtured them to kill! All is normal in their lives until destiny throws free-spirited Disha into the mix. What follows is a game of defiance, deception and love. Film Bollywood Film Bollywood Subtitle Indonesia Film India Film India Subtitle Indonesia",127 Min.,Not Rated,Shaad Ali,1.0,"Nov. 13, 2014",1.0,10.0,5.0,"['Ranveer Singh', 'Brijendra Kala', 'Rocky Verma', 'Parineeti Chopra', 'Govinda', 'Ali Zafar', 'Alok Nath']"
Kaho Naa Pyaar Hai,cinemarumah21.com – Kaho Naa Pyaar Hai. Life is paradise for an upright young man and a sweet-natured girl until fate intervenes. Now they’re separated by circumstances beyond their control. Film Bollywood Subtitle Indonesia Film India Film India Subtitle Indonesia,172 Min.,TV-14,Rakesh Roshan,1.0,"Jan. 14, 2000",1.0,10.0,8.0,"['Satish Shah', 'Johnny Lever', 'Dalip Tahil', 'Anupam Kher', 'Tanaaz Currim Irani', 'Ameesha Patel', 'Hrithik Roshan', 'Farida Jalal', 'Ashish Vidhyarthi', 'Mohnish Behl']"
Kal Ho Naa Ho,"cinemarumah21.com – Kal Ho Naa Ho. Naina, an introverted, perpetually depressed girl’s life changes when she meets Aman. But Aman has a secret of his own which changes their lives forever. Embroiled in all this is Rohit, Naina’s best friend who conceals his love for her. Film Bollywood Film Bollywood Subtitle Indonesia Film India Film India Subtitle Indonesia",186 Min.,Not Rated,Nikhil Advani,1.0,"Nov. 27, 2003",1.0,10.0,5.0,"['Saif Ali Khan', 'Rajpal Yadav', 'Shah Rukh Khan', 'Sonali Bendre', 'Simone Singh', 'Preity Zinta', 'Jaya Bachchan', 'Delnaaz Irani', 'Reema Lagoo', 'Lillete Dubey']"
Kyaa Kool Hain Hum 3,"cinemarumah21.com – Kyaa Kool Hain Hum 3. In order to impress his girlfriend’s conservative father, a porn actor uses his fellow adult movie stars in creating a fake traditional family. Film Bollywood Film Bollywood Subtitle Indonesia Film India Film India Subtitle Indonesia",124 Min.,PG,Umesh Ghadge,1.0,"Jan. 22, 2016",1.0,10.0,6.0,"['Shakti Kapoor', 'Claudia Ciesla', 'Tusshar Kapoor', 'Gauhar Khan', 'Meghna Naidu', 'Darshan Jariwala', 'Danny Sura', 'Mandana Karimi', 'Krishna Abhishek', 'Gizele Thakral']"
Gangs of Wasseypur Part 1,"cinemarumah21.com – Gangs of Wasseypur Part 1. Shahid Khan is exiled after impersonating the legendary Sultana Daku in order to rob British trains. Now outcast, Shahid becomes a worker at Ramadhir Singh’s colliery, only to spur a revenge battle that passes on to generations. At the turn of the decade, Shahid’s son, the philandering Sardar Khan vows to get his father’s honor back, becoming the most feared man of Wasseypur. Film Bollywood Film Bollywood Subtitle Indonesia Film India Film India Subtitle Indonesia",160 Min.,Not Rated,Anurag Kashyap,1.0,"Jun. 22, 2012",1.0,10.0,7.0,"['Manoj Bajpayee', 'Huma Qureshi', 'Pankaj Tripathi', 'Jaideep Ahlawat', 'Nawazuddin Siddiqui', 'Reema Sen', 'Jameel Khan', 'Piyush Mishra', 'Tigmanshu Dhulia', 'Richa Chadda']"
Jai Ho,"cinemarumah21.com – Jai Ho. An upright ex-army man, Jai fights a solitary war against corruption and injustice. With a simple mantra to pay forward, he starts off by helping one person and forms an ever growing circle of people helping each other. Film Bollywood Film Bollywood Subtitle Indonesia Film India Film India Subtitle Indonesia",145 Min.,Not Rated,Sohail Khan,1.0,"Jan. 24, 2014",1.0,10.0,7.0,"['Tabu', 'Salman Khan', 'Nauheed Cyrusi', 'Aditya Pancholi', 'Daisy Shah', 'Danny Denzongpa', 'Bruna Abdullah', 'Sudesh Lehri', 'Mahesh Manjrekar', 'Mohnish Behl']"
PEEPLI [Live],"cinemarumah21.com – Natha a poor farmer from Peepli village in the heart of rural India is about to lose his plot of land due to an unpaid bank loan. A quick fix to the problem is the a government program that aids the families of indebted farmers who have committed suicide. As a means of survival Farmer Natha can choose to die. His brother is happy to push him towards this unique ‘honour’ but Natha is reluctant. Local elections are around the corner and what might have been another unnoticed event turns into a ’cause celebre’ with everyone wanting a piece of the action. Political bigwigs, high-ranking bureaucrats, local henchmen and the ever-zealous media descend upon sleepy Peepli to stake their claim. The question on everyone’s lips – “Will he or Won’t he?” As the mania escalates, nobody seems to care how Natha really feels. Film Bollywood Film Bollywood Subtitle Indonesia Film India Film India Subtitle Indonesia",104 Min.,Not Rated,Anusha Rizvi,1.0,"Aug. 13, 2010",1.0,10.0,5.0,"['Raghubir Yadav', 'Shalini Vatsa', 'Malaika Shenoy', 'Naseeruddin Shah', 'Nawazuddin Siddiqui', 'Omkar Das Manikpuri', 'Vishal O. Sharma', 'Farookh Zafar']"
Gunday,"cinemarumah21.com – Gunday. Based in Calcutta during its most unsettled times in the 1970s, the film deals with the inseparable life of Bikram and Bala. The story of 2 boys, boys who became refugees. Refugees who became gun couriers. Gun Couriers who became coal bandits, coal bandits who became Calcutta’s Most Loved, Most Celebrated, Most Reckless, Most Fearless, Most Powerful! A story of two happy-go-lucky renegades who came to be known as…GUNDAY! Film Bollywood Film Bollywood Subtitle Indonesia Film India Film India Subtitle Indonesia",152 Min.,Not Rated,Ali Abbas Zafar,1.0,"Feb. 14, 2014",1.0,10.0,5.0,"['Priyanka Chopra', 'Ranveer Singh', 'Arjun Kapoor', 'Irrfan Khan']"
I Me aur Main,"cinemarumah21.com – I Me aur Main. As Ishaan, a music producer who takes advantage of the women in his life, feels a connection with Gauri, his new next-door neighbor, he begins to learn the importance of friendship – causing him to work to repair his relationships. Film Bollywood Film Bollywood Subtitle Indonesia Film India Film India Subtitle Indonesia",108 Min.,Not Rated,Kapil Sharma,1.0,"Mar. 01, 2013",1.0,10.0,8.0,"['Raima Sen', 'Chitrangada Singh', 'Prachi Desai', 'Zarina Wahab', 'John Abraham']"
Kurbaan,"cinemarumah21.com – Kurbaan. When a handsome young Indian couple (Saif Ali Khan and Kareena Kapoor) moves into the suburbs to claim their stake in the American dream, they are shocked to discover that they’ve become enmeshed in a secretive terrorist plot. But as tensions escalate, the bride begins to wonder if her husband has told her everything he knows. Film Bollywood Film Bollywood Subtitle Indonesia Film India Film India Subtitle Indonesia",161 Min.,PG,Renzil D'Silva,1.0,"Nov. 20, 2009",1.0,10.0,5.0,"['Saif Ali Khan', 'Om Puri', 'Nauheed Cyrusi', 'Vivek Oberoi', 'Rupinder Nagra', 'Kulbhushan Kharbanda', 'Kareena Kapoor Khan', 'Dia Mirza', 'Shishir Sharma', 'Kirron Kher']"
Happy New Year,cinemarumah21.com – Happy New Year. Six would-be thieves enter a prestigious dance competition as a cover for their larger goal of pulling off a major heist Film Bollywood Film Bollywood Subtitle Indonesia Film India Film India Subtitle Indonesia,180 Min.,Not Rated,Farah Khan,1.0,"Oct. 23, 2014",1.0,10.0,5.0,"['Sarah-Jane Dias', 'Vivaan Shah', 'Sonu Sood', 'Boman Irani', 'Anupam Kher', 'Shah Rukh Khan', 'Deepika Padukone', 'Abhishek Bachchan', 'Mohan Kapoor', 'Jackie Shroff']"
Ki & Ka,"cinemarumah21.com – Ki & Ka. An unconventional woman, gains immense success in her professional life but things take a turn when she meets a guy, who wants to be a house husband. Film Bollywood Film Bollywood Subtitle Indonesia Film India Film India Subtitle Indonesia",126 Min.,Not Rated,R. Balki,1.0,"Apr. 01, 2016",1.0,10.0,7.0,"['Swaroop Sampat', 'Kareena Kapoor Khan', 'Jaya Bachchan', 'Arjun Kapoor', 'Amitabh Bachchan', 'Rajat Kapoor']"
Go Goa Gone,"cinemarumah21.com – Go Goa Gone. A rave party off the coast of Goa, goes horrifyingly and hilariously wrong when the island is overrun with zombies. Film Bollywood Film Bollywood Subtitle Indonesia Film India Film India Subtitle Indonesia",111 Min.,,Krishna D.K.,1.0,"May. 10, 2013",1.0,10.0,8.0,"['Saif Ali Khan', 'Kunal Khemu', 'Pooja Gupta', 'Vir Das', 'Anand Tiwari', 'Larissa Bonesi', 'Soha Ali Khan']"
Kabul Express,"cinemarumah21.com – Kabul Express. Five people – two Indian journalists, an American journalist, an Afghan guide and a Pakistani soldier who takes them all hostage – are taken on a 48-hour journey into Afghanistan in a jeep called the Kabul Express, a special and unlikely bond developing between them along the way. Film Bollywood Film Bollywood Subtitle Indonesia Film India Film India Subtitle Indonesia",104 Min.,Not Rated,Kabir Khan,1.0,"Dec. 15, 2006",1.0,10.0,7.0,"['John Abraham', 'Salman Shahid', 'Linda Arsenio', 'Arshad Warsi', 'Hanif Hum Ghum']"
Grand Masti,"cinemarumah21.com – Grand Masti. Amar, Prem and Meet are longtime friends who have gone through every phase of growing up together and are now bored of their insipid married lives. To add a little spice to their lives they plan a wild adventure at their college reunion! When fun turns into something more insidious and deceitful, they find themselves being led astray and right into a seductive web of danger. Packed with innuendo and double meaning, this is an adult comedy based on a strong undertone of sex. Film Bollywood Film Bollywood Subtitle Indonesia Film India Film India Subtitle Indonesia",140 Min.,Not Rated,Indra Kumar,1.0,"Sep. 13, 2013",1.0,10.0,5.0,"['Manjari Phadnis', 'Karishma Tanna', 'Kainaat Arora', 'Vivek Oberoi', 'Suresh Menon', 'Bruna Abdullah', 'Sonalee Kulkarni', 'Ritesh Deshmukh', 'Maryam Zakaria', 'Aftab Shivdasani']"
Hamari Adhuri Kahani,"cinemarumah21.com – Hamari Adhuri Kahani (English: Our Incomplete Story) is a 2015 Indian romantic drama directed by Mohit Suri and produced by Mahesh Bhatt under the banner Vishesh Films and Fox Star Studios. The film stars Emraan Hashmi, Vidya Balan, and Rajkummar Rao. It is based on the love story of Bhatt’s parents, Nanabhai Bhatt, Shirin Mohammad Ali and his stepmother. Film Bollywood Film Bollywood Subtitle Indonesia Film India Film India Subtitle Indonesia",129 Min.,Not Rated,Mohit Suri,1.0,"Jun. 12, 2015",1.0,10.0,8.0,"['Rajkummar Rao', 'Sara Khan', 'Madhurima Tuli', 'Suhasini Mulay', 'Vidya Balan', 'Emraan Hashmi']"
Jab We Met,"cinemarumah21.com – Jab We Met. Depressed after the passing of his father, Dharamraj; as well as his gorgeous girlfriend ditching him, Mumbai-based businessman Aditya Kashyap takes a BEST bus, goes to Chatrapati Shivaji Train Terminus, and boards a train. This is where he meets Geet Kaur Dhillon, who is returning home to Bhatinda, and who pays for his ticket. At Bar Nagar, he decides to leave, but she follows him, missing her train. They manage to get a ride to Ratlam, miss the train again, but eventually make it to Bhatinda. Once there, he gets to meet her family; her pretty sister, Roop; as well as her to-be betrothed, Manjeet Singh Mann. Before the engagement could be finalized, she manages to convince her family that she wants to marry Aditya, and they welcome him with open arms. Before he could take stock of these new developments, she elopes with him – not to get married – but to re-locate to Manali – where her true love, Anshuman, is waiting, and who she hopes to get married to. Film Bollywood Film Bollywood Subtitle Indonesia Film India Film India Subtitle Indonesia",138 Min.,Not Rated,Imtiaz Ali,1.0,"Oct. 26, 2007",1.0,10.0,5.0,"['Tarun Arora', 'Pavan Malhotra', 'Kareena Kapoor Khan', 'Wamiqa Gabbi', 'Shahid Kapoor', 'Divya Shah', 'Saumya Tandon', 'Dara Singh', 'Brijendra Kala', 'Kiran Juneja']"
Hate Story 2,cinemarumah21.com – Hate Story 2. A young photographer from Mumbai uses her mind to play games with a prominent Hindu rightist leader. Film Bollywood Film Bollywood Subtitle Indonesia Film India Film India Subtitle Indonesia,130 Min.,Not Rated,Vishal Pandya,1.0,"Jul. 18, 2014",1.0,10.0,7.0,"['Neha Kaul', 'Rajesh Khera', 'Jay Bhanushali', 'Sushant Singh', 'Siddharth Kher', 'Surveen Chawla', 'Bikramjeet Kanwarpal', 'Shashank Shende', 'Sunny Leone']"
Jugni,"cinemarumah21.com – Jugni (Firefly) is the beat of the soul, the free-flying spirit. Jugni is Vibhavari (Vibs). Vibs is a music director, working on her first big break in the Hindi film industry. When work and home affairs, with her live-in boyfriend Sid hit a high tide, Vibs hits the road with a glint of hope; to find music. The journey takes her to a village in Punjab in the search of a Bibi Saroop, whose voice holds the promise that Vibs is searching for. But as the twist of fate would have it, Mastana, Bibi’s son and a proficient singer himself, is the voice and man who winds his way into Vibs’ heart. From here on, Jugni is about striking balances, making tough decisions while trying to soften the blows and dealing with the studied dramatic turns and unpredictabilities of life and finding the place which one can call home; home of the heart, where the firefly is at her brightest. Film Bollywood Film Bollywood Subtitle Indonesia Film India Film India Subtitle Indonesia",110 Min.,PG,Shefali Bhushan,1.0,"Jan. 22, 2016",1.0,10.0,6.0,"['Siddhant Behl', 'Anurita Jha', 'Sugandha Garg']"
Bruce Lee The Fighter,"cinemarumah21.com – Bruce Lee The Fighter. When a stuntman is mistaken for a police officer, he begins fighting crime. Film Bollywood Film Bollywood Subtitle Indonesia Film India Film India Subtitle Indonesia",151 Min.,,Sreenu Vaitla,1.0,"Oct. 16, 2015",1.0,10.0,7.0,"['Rakul Preet Singh', 'Chiranjeevi', 'Mukesh Rishi', 'Ram Charan', 'Nadhiya', 'Brahmanandam', 'Sampath Raj', 'Arun Vijay', 'Nagendra Babu', 'Kriti Kharbanda']"
Iru Mugan,"cinemarumah21.com – Iru Mugan. A disgraced RAW agent Akilan (Vikram) is recalled by the agency to track down a crazy scientist and a cross dresser Love (also Vikram), who has discovered a deadly new drug ‘Speed inhaler’. Film Bollywood Film Bollywood Subtitle Indonesia Film India Film India Subtitle Indonesia",150 Min.,Not Rated,Anand Shankar,1.0,"Sep. 08, 2016",1.0,10.0,7.0,"['Riythvika', 'Nithya Menen', 'Nayanthara', 'Nassar', 'Bala', 'Yugi Sethu', 'Thambi Ramaiah', 'Karunakaran', 'Vikram']"
Kabhi Khushi Kabhie Gham,"cinemarumah21.com – Kabhi Khushi Kabhie Gham. Rahul, the adoptive son of business magnate Yash Raichand, feels eternal gratitude to his father for rescuing him from a life of poverty. Yet, when Yash forbids his love of poor Anjali, Rahul marries her and moves to London with new wife and sister-in-law, breaking the heart of his mother. Ten years later, Rahul’s younger brother comes to London intent on brokering peace between father and son. Film Bollywood Film Bollywood Subtitle Indonesia Film India Film India Subtitle Indonesia",210 Min.,Not Rated,Karan Johar,1.0,"Dec. 14, 2001",1.0,10.0,6.0,"['Kajol', 'Shah Rukh Khan', 'Rani Mukerji', 'Parzaan Dastur', 'Kareena Kapoor Khan', 'Jaya Bachchan', 'Hrithik Roshan', 'Farida Jalal', 'Amitabh Bachchan', 'Alok Nath']"
Inkaar,"cinemarumah21.com – Inkaar. At a leading ad agency, the battle for the top job between Rahul Verma, the advertising CEO, and Maya Luthra, his ambitious protégée, takes an ugly turn when Maya files a sexual harassment complaint against Rahul. Film Bollywood Film Bollywood Subtitle Indonesia Film India Film India Subtitle Indonesia",133 Min.,,Sudhir Mishra,1.0,"Jan. 18, 2013",1.0,10.0,8.0,"['Chitrangada Singh', 'Rehana Sultan', 'Deepti Naval', 'Arjun Rampal', 'Kanwaljeet Singh', 'Vipin Sharma']"
Highway,"cinemarumah21.com – Highway. Right before her wedding, a young woman finds herself abducted and held for ransom. As the initial days pass, she begins to develop a strange bond with her kidnapper. Film Bollywood Film Bollywood Subtitle Indonesia Film India Film India Subtitle Indonesia",133 Min.,Not Rated,Imtiaz Ali,1.0,"Feb. 13, 2014",1.0,10.0,7.0,"['Durgesh Kumar', 'Shakeel Khan', 'Mohit Choudhary', 'Saharsh Kumar Shukla', 'Randeep Hooda', 'Pradeep Nagar', 'Alia Bhatt']"
Jaanwar,"cinemarumah21.com – Jaanwar. Sultan (Shakti Kapoor) adopted an orphan and named him Badshah (Akshay Kumar). Badshah grows up to be a criminal and his life was made difficult by Inspector Pradhan (Ashish Vidyarthi). Badshah’s sidekick is Abdul (Ashutosh Rana). The only hope in Badshah’s life is Sapna (Karisma Kapoor), whom he incidentally met. But circumstances lead Badshah to commit murder in public. During this experience, a child clangs to him and he took the child to Sapna. Before he could explain anything, Pradhan gets there and Badshah had to escape. He changed his name to Babu Lohar and becomes a blacksmith and loving father, to give the child a good future. However, after 7 years, he sees Abdul and Sultan again. Pradhan is still after him. When the child’s parents find out about him, they ask Babu to return their child. Will he let the child go? Will the child go with his parents? Film Bollywood Film Bollywood Subtitle Indonesia Film India Film India Subtitle Indonesia",120 Min.,Not Rated,Suneel Darshan,1.0,"Dec. 24, 1999",1.0,10.0,8.0,"['Shakti Kapoor', 'Shilpa Shetty', 'Kader Khan', 'Johnny Lever', 'Akshay Kumar', 'Aditya Kapadia', 'Ashutosh Rana', 'Ashish Vidhyarthi', 'Karisma Kapoor', 'Mohnish Behl']"
Hum Dil De Chuke Sanam,"cinemarumah21.com – Hum Dil De Chuke Sanam. Nandini has to choose between Sameer, the man who taught her to fall in love; and Vanraj, the man from whom she learnt how to abide and fulfill promises of love. Film Bollywood Film Bollywood Subtitle Indonesia Film India Film India Subtitle Indonesia",178 Min.,Not Rated,Sanjay Leela Bhansali,1.0,"Jun. 18, 1999",1.0,10.0,5.0,"['Vinay Pathak', 'Rajeev Verma', 'Salman Khan', 'Vikram Gokhale', 'Zohra Sehgal', 'Aishwarya Rai Bachchan', 'Sheeba Chaddha', 'Helen', 'Ajay Devgn', 'Smita Jaykar']"
Karthik Calling Karthik,"cinemarumah21.com – Karthik Calling Karthik. A much abused loner achieves success, and even wins the heart of his gorgeous co-worker, after getting early morning mysterious phone calls from someone. Film Bollywood Film Bollywood Subtitle Indonesia Film India Film India Subtitle Indonesia",135 Min.,,Vijay Lalwani,1.0,"Feb. 26, 2010",1.0,10.0,8.0,"['Farhan Akhtar', 'Vivan Bhatena', 'Yatin Karyekar', 'Ram Kapoor', 'Shefali Shah', 'Deepika Padukone', 'Vipin Sharma', 'Suresh Tope']"
Fukrey,"cinemarumah21.com – Fukrey. Just as Hunny, Choocha, Lali and Zafar are reaping the fruits of their misadventures from one year back; they are pulled up by the dreaded don, Bholil. She is back from prison early and wants to continue from where they left off. Film Bollywood Film Bollywood Subtitle Indonesia Film India Film India Subtitle Indonesia",137 Min.,Not Rated,Mrigdeep Singh Lamba,1.0,"Jun. 14, 2013",1.0,10.0,7.0,"['Vishakha Singh', 'Tejeshwar Singh', 'Mehak Manwani', 'Priya Anand', 'Pankaj Tripathi', 'Varun Sharma', 'Manjot Singh', 'Pulkit Samrat', 'Ali Fazal', 'Richa Chadda']"
Khatta Meetha,"cinemarumah21.com – Khatta Meetha. Struggling road construction contractor, Sachin Tichkule (Akshay Kumar) is doomed to Dream big. There is no chance in hell that his dreams will ever come true, simply because he has no money to bribe! To make Matters worse, the new municipal commissioner turns out to be his ex girl friend (Trisha) who now hates him. Even as you laugh as Sachin bubbles his way from one disaster to another, the film reveals in a light hearted way, the extent of corruption and bribery rampant in the system, and the ingenious means you have to adopt if you want to survive enjoy the bumpy ride! Film Bollywood Film Bollywood Subtitle Indonesia Film India",155 Min.,Not Rated,Priyadarshan,1.0,"Jul. 23, 2010",1.0,10.0,8.0,"['Trisha Krishnan', 'Paresh Brahmabhatt', 'Rajpal Yadav', 'Asrani', 'Johnny Lever', 'Akshay Kumar', 'Jaideep Ahlawat', 'Anupam Bhattacharya', 'Pooja Bhatt', 'Makrand Deshpande']"
Force,cinemarumah21.com – Force. A vengeful drug-dealer/gangster targets and terrorizes an entire police unit and their families. Film Bollywood Film Bollywood Subtitle Indonesia Film India Film India Subtitle Indonesia,137 Min.,R,Nishikant Kamat,1.0,"Sep. 23, 2011",1.0,10.0,6.0,"['Kamlesh Sawant', 'Vidyut Jamwal', 'Raj Babbar', ""Genelia D'Souza"", 'John Abraham', 'Mohnish Behl']"
Ishaqzaade,"cinemarumah21.com – Ishaqzaade. While fighting for the political supremacy of their respective families, a Hindu man and a Muslim woman share a forbidden romance. Film Bollywood Film Bollywood Subtitle Indonesia Film India Film India Subtitle Indonesia",132 Min.,PG,Habib Faisal,1.0,"May. 11, 2012",1.0,10.0,5.0,"['Anil Rastogi', 'Ratan Singh', 'Natasha Rastogi', 'Gauhar Khan', 'Parineeti Chopra', 'Charu Rastogi', 'Shashank Khaitan', 'Arjun Kapoor']"
Kaante,"cinemarumah21.com – Kaante. Kill, threaten, kidnap, maim, murder, steal… Meet the masters. In a world where loyalties are easily abandoned and allegiances bought, six perfect strangers come together to pull off the perfect crime. they must all trust each other. But when their simple robbery explodes into a bloody ambush, the ruthless killers realize that one of them is a cop. But which one? Film Bollywood Film Bollywood Subtitle Indonesia Film India Film India Subtitle Indonesia",152 Min.,R,Sanjay Gupta,1.0,"Dec. 20, 2002",1.0,10.0,7.0,"['Malaika Arora Khan', 'Sunil Shetty', 'Sanjay Dutt', 'Lucky Ali', 'Amitabh Bachchan', 'Mahesh Manjrekar']"
Guzaarish,"cinemarumah21.com – Guzaarish. Ethan, a magician rendered paralyzed in an accident, sets off a furor when he makes a petition to the court to end his own life. Film Bollywood Film Bollywood Subtitle Indonesia Film India Film India Subtitle Indonesia",126 Min.,PG,Sanjay Leela Bhansali,1.0,"Nov. 16, 2010",1.0,10.0,7.0,"['Swara Bhaskar', 'Monikangana Dutta', 'Rajit Kapoor', 'Aishwarya Rai Bachchan', 'Hrithik Roshan', 'Shernaz Patel', 'Aditya Roy Kapoor', 'Suhel Seth', 'Nafisa Ali', 'Makrand Deshpande']"
Kambakkht Ishq,cinemarumah21.com – Kambakkht Ishq is about a stuntman and a supermodel that don’t believe in love but through a hilarious series of events they fall for each other. Film Bollywood Film Bollywood Subtitle Indonesia Film India Film India Subtitle Indonesia,142 Min.,Not Rated,Sabbir Khan,1.0,"Jul. 03, 2009",1.0,10.0,5.0,"['Whoopi Goldberg', 'Amrita Arora', 'Akshay Kumar', 'Sylvester Stallone', 'Holly Valance', 'Brandon Routh', 'Denise Richards', 'Kareena Kapoor Khan', 'Aftab Shivdasani', 'Boman Irani']"
Jab Tak Hai Jaan,cinemarumah21.com – Jab Tak Hai Jaan. A bomb disposal expert becomes bitter and lonely and is unable to fall in love until he is forced to deal with his past. Film Bollywood Film Bollywood Subtitle Indonesia Film India Film India Subtitle Indonesia,176 Min.,Not Rated,Yash Chopra,1.0,"Nov. 13, 2012",1.0,10.0,7.0,"['Prerak Patel', 'Anushka Sharma', 'Varun Thakur', 'Gireesh Sahedev', 'Shah Rukh Khan', 'Jasmine Jardot', 'Sharib Hashmi', 'Katrina Kaif', 'Amarinder Sodhi', 'Bindal Parikh']"
Kai Po Che,"cinemarumah21.com – Kai Po Che. Based on Chetan Bhagat’s bestselling novel “The 3 Mistakes of My Life”, Kai Po Che (meaning a triumphant yell in Gujarati) is an unforgettable ode to friendship and the magical moments one shares with one’s closest pals – celebrating festivals, drunken dancing, watching cricket matches together, strategizing on how to catch the attention of the cute neighborhood girl, being there to watch each other’s back in troubled times and to celebrate one’s successes by screaming “Kai Po Che”! Film Bollywood Film Bollywood Subtitle Indonesia Film India Film India Subtitle Indonesia",120 Min.,Not Rated,Abhishek Kapoor,1.0,"Feb. 13, 2013",1.0,10.0,8.0,"['Rajkummar Rao', 'Amrita Puri', 'Amit Sadh', 'Sushant Singh Rajput']"
Heroine,cinemarumah21.com – Heroine. A female superstar struggles through the trials and tribulations of being a Bollywood actress. Film Bollywood Film Bollywood Subtitle Indonesia Film India Film India Subtitle Indonesia,140 Min.,Not Rated,Madhur Bhandarkar,1.0,"Sep. 21, 2012",1.0,10.0,8.0,"['Ranvir Shorey', 'Mugdha Godse', 'Shahana Goswami', 'Pallavi Sharda', 'Divya Dutta', 'Kareena Kapoor Khan', 'Helen', 'Arjun Rampal', 'Randeep Hooda', 'Lillete Dubey']"
Golmaal 3,"cinemarumah21.com – Golmaal 3 highlights the story of hatred between two bunch of siblings within a family. One of nature’s masterpieces, this is a family that eats together, prays together, lives together and a family ‘that can’t stand each other’. This quirky unique family will certainly deliver you with some rib tickling moments, ageless romance and some heartwarming scenes. A beautiful journey full of madness, love and excitement. A film with the perfect blend of just every emotion that will set in your heart with thrice the fun, thrice the magic, and thrice the laughter. Film Bollywood Film Bollywood Subtitle Indonesia Film India Film India Subtitle Indonesia",155 Min.,Not Rated,Rohit Shetty,1.0,"Nov. 05, 2010",1.0,10.0,6.0,"['Tusshar Kapoor', 'Kunal Khemu', 'Johnny Lever', 'Shreyas Talpade', 'Mithun Chakraborty', 'Kareena Kapoor Khan', 'Ratna Pathak', 'Arshad Warsi', 'Ajay Devgn', 'Sanjay Mishra']"
Jannat,"cinemarumah21.com – Jannat is a crime romance, starring Emraan Hashmi (Arjun) and Sonal Chauhan (Zoya). Arjun is a petty, yet smart conman who aspires to create Jannat (heaven) on earth. Wealth blinds him as he goes from being a bookie to a match fixer. He has aspirations of being a millionaire, but not at the cost of hard work. Will he be able to fulfil his desires or will it lead to his downfall? Film Bollywood Film Bollywood Subtitle Indonesia Film India Film India Subtitle Indonesia",140 Min.,Not Rated,Kunal Deshmukh,1.0,"May. 16, 2008",1.0,10.0,7.0,"['Sameer Kochhar', 'Vishal Malhotra', 'Emraan Hashmi', 'Javed Sheikh', 'Vipin Sharma', 'Sonal Chauhan']"
I Hate Luv Storys,"cinemarumah21.com – I Hate Luv Storys. Simran loves love stories, with her ideal job and perfect boyfriend, she lives a blissful and dreamy life. However, things are rudely interrupted by Jay’s cynicism on sentimentality. Film Bollywood Film Bollywood Subtitle Indonesia Film India Film India Subtitle Indonesia",129 Min.,Not Rated,Punit Malhotra,1.0,"Jun. 30, 2010",1.0,10.0,7.0,"['Kavin Dave', 'Adam Aseem Tiwari', 'Samir Soni', 'Simon Tyrrell', 'Bruna Abdullah', 'Ketki Dave', 'Imran Khan', 'Sonam Kapoor', 'Sammir Dattani', 'Anju Mahendru']"
Namastey London,"Namastey London cinemarumah21.com – Indian-born Manmohan Malhotra decided to re-locate to London, England, established himself, returned to India, got married to Bebo, and after a period of 4 years got a visa for her so that she could live with him. Shortly thereafter she gave birth to Jasmeet. Manmohan was always embarrassed of Bebo, as she was overly healthy and not quite sophisticated, as a result he always left her at home, while he socialized. Bebo did not want Jasmeet to end up like her, so got her admitted in an English Medium school, encouraged to mingle with Caucasian friends, and as a result Jasmeet was transformed in to Jazz – a stunningly beautiful young woman, British in looks, talk, habits, and heart. Manmohan’s plans to get her married to an Indian boy are all in vain. His friend, Parvez Khan, is in a similar situation with his son, Imran, openly romancing a Caucasian blonde, Susan. Manmohan decides to take his family for a tour in India… Film Bollywood Film Bollywood Subtitle Indonesia Film India Film India Subtitle Indonesia",128 Min.,PG,Vipul Amrutlal Shah,1.0,"Mar. 27, 2007",1.0,10.0,6.0,"['Tiffany Mulheron', 'Nina Wadia', 'Clive Standen', 'Akshay Kumar', 'Rishi Kapoor', 'Upen Patel', 'Ritesh Deshmukh', 'Katrina Kaif', 'Javed Sheikh', 'Shaana Diya']"
Kyon Ki,"cinemarumah21.com – Kyon Ki Widowed Colonel Khurana, a resident of India, goes to London, accumulates enough wealth, returns to India, opens a private Sanatorium for the insane, and hires his daughter, Tanvi, as one of the psychiatrists’. His second-in-charge is Dr. Sunil. Tanvi looks after patient #36, a woman by the name of Shobhna Mathur, quite lovingly, almost like the mother she never had. Then Shobhna gets well, is discharged and unable to recollect Tanvi’s loving care. This does hurt Tanvi, so she decides never to get close to any patient, especially the new patient #36, Anand J. Sharma, who has been admitted by a Court Order. Circumstances do make Tanvi and Anand get close, so close that they fall in love with each other. But her disciplinarian father has chosen a suitor named Karan, and is not willing to take the risk of Tanvi marrying a mental patient, especially one like Anand, who has been arrested and charged with killing his fiancée, Maya. Film Bollywood Film Bollywood Subtitle Indonesia Film India Film India Subtitle Indonesia",160 Min.,Not Rated,Priyadarshan,1.0,"Nov. 03, 2005",1.0,10.0,5.0,"['Salman Khan', 'Om Puri', 'Asrani', 'Sunil Shetty', 'Kareena Kapoor Khan', 'Arun Bakshi', 'Sulabha Arya', 'Manoj Joshi', 'Rimi Sen', 'Jackie Shroff']"
Haider,cinemarumah21.com – Haider. A young man returns to Kashmir after his father’s disappearance to confront his uncle – the man he suspects to have a role in his father’s fate. Film Bollywood Film Bollywood Subtitle Indonesia Film India Film India Subtitle Indonesia,150 Min.,Not Rated,Vishal Bhardwaj,1.0,"Oct. 02, 2014",1.0,10.0,8.0,"['Tabu', 'Kulbhushan Kharbanda', 'Kay Kay Menon', 'Narendra Jha', 'Shraddha Kapoor', 'Shahid Kapoor', 'Ashish Vidhyarthi', 'Aamir Bashir', 'Irrfan Khan', 'Lalit Parimoo']"
Kis Kisko Pyaar Karoon,"cinemarumah21.com – Kis Kisko Pyaar Karoon. A comedy or errors, wherein a married man attempts to juggle his three wives along with his current girlfriend. Film Bollywood Film Bollywood Subtitle Indonesia Film India Film India Subtitle Indonesia",132 Min.,Not Rated,Abbas Alibhai Burmawalla,1.0,"Sep. 25, 2015",1.0,10.0,6.0,"['Manjari Phadnis', 'Elli Avram', 'Kapil Sharma', 'Arbaaz Khan', 'Simran Kaur Mundi']"
Katti Batti,cinemarumah21.com – Katti Batti is a modern day romance that traces young architect Madhav’s love for the free-spirited Payal. They make for a perfect couple until a sudden turn of events creates an unanswered distance between them. Film Bollywood Film Bollywood Subtitle Indonesia Film India Film India Subtitle Indonesia,135 Min.,PG,Nikhil Advani,1.0,"Sep. 18, 2015",1.0,10.0,8.0,"['Imran Khan', 'Kangana Ranaut']"
Heropanti,"cinemarumah21.com – Heropanti. Rising from present India in the conflicting era of shining modernity and deep-rooted archaic traditions in the era of big city versus small towns, comes a love story sealed with an impossible fate. The story of the bold Bablu and the bratty Dimpy. Will Bablu and Dimpys love blossom under the terror of a brutal clan and the violent landscape it is set against. Heropanti is the story of today’s youth, and the coming of age of its conflicting protagonists. Film Bollywood Film Bollywood Subtitle Indonesia Film India Film India Subtitle Indonesia",146 Min.,Not Rated,Sabbir Khan,1.0,"May. 23, 2014",1.0,10.0,5.0,"['Shireesh Sharma', 'Sandeepa Dhar', 'Prakash Raj', 'Kriti Sanon', 'Tiger Shroff', 'Vikram Singh']"
Dabangg 2,"cinemarumah21.com – Chulbul Pandey is transferred and promoted to Kanpur. He is happily married with Rajjo. Kanpur witness a lot of criminal activities daily and kidnapping, rape and murders are done in broad daylight. The main antagonist/villain is Baccha Bhaiyaa, politician and a strong contender for the upcoming elections and Chulbul Pandey sabotages his political image by revealing his immoral activities to the public, media and police force. Chulbul Pandey takes Baccha Bhaiya head on & remains ‘Dabang’ as always Written by Dhrumil Parekh Salman Khan is back as Chulbul Pandey in Dabangg 2, the second adventure in one of the most successful franchises of all time in Indian cinema. In Dabangg 2, Chulbul Pandey has to battle the evil goon turned politician Baccha Bhaiyya. As he tries to strengthen his family ties with his father and brother. And romance his newly wed wife. And remain ‘Dabangg’ (fearless) no matter what. Film Bollywood Film Bollywood Subtitle Indonesia Film India Film India Subtitle Indonesia",125 Min.,Not Rated,Arbaaz Khan,1.0,"Dec. 21, 2012",1.0,10.0,8.0,"['Salman Khan', 'Deepak Dobriyal', 'Mahie Gill', 'Nikitin Dheer', 'Prakash Raj', 'Malaika Arora Khan', 'Kareena Kapoor Khan', 'Arbaaz Khan', 'Sonakshi Sinha', 'Vinod Khanna']"
Khamoshi The Musical,cinemarumah21.com – Khamoshi The Musical. The daughter of deaf-mute parents seeks their understanding when she discovers a love for music. Film Bollywood Film Bollywood Subtitle Indonesia Film India Film India Subtitle Indonesia,159 Min.,Not Rated,Sanjay Leela Bhansali,1.0,"Aug. 09, 1996",1.0,10.0,8.0,"['Salman Khan', 'Himani Shivpuri', 'Manisha Koirala', 'Helen', 'Seema Biswas', 'Raghuvir Yadav', 'Nana Patekar']"
Jism,"cinemarumah21.com – Jism. Kabir Lal is an alcoholic lawyer whose life is looking as if going down the drain. One morning he sees a stunningly attractive woman on a beach and is instantly enamored by her. By chance he sees her again in a restaurant and offers to buy her a drink. In the process he learns that her name is Sonia and she is married. Unable to resist, he asks her whether she would show him her home. It marks the beginning of a passionate affair, during which Kabir is told that Sonia’s husband neglects her. But Sonia cannot leave him because she cannot support herself without her husband’s money. Sonia suggests murder and Kabir, blind with lust, agrees. They manage to kill Sonia’s husband and make it look like an accident, but then Kabir gets to see Sonia’s other side: she no longer is the passionate lover as before, but is a cool-headed mean woman now who won’t let go of her wealth at any cost. Film Bollywood Film Bollywood Subtitle Indonesia Film India Film India Subtitle Indonesia",136 Min.,PG,Amit Saxena,1.0,"Jan. 17, 2003",1.0,10.0,5.0,"['Harsh Vasisht', 'Vinay Pathak', 'Ranvir Shorey', 'John Abraham', 'Anahita Oberoi', 'Bipasha Basu', 'Gulshan Grover']"
Govindudu Andarivaadele,"cinemarumah21.com – Govindudu Andarivaadele. Balaraju, the head of his village, lives with his wife Baby along with his two sons Chandrasekhar Rao and Bangari and two daughters. He helps Chandrasekhar become a doctor and builds a local hospital. On the day it opens, Chandrasekhar comes back home with his lover Kausalya, also a doctor. Both express their wish to marry and settle abroad, which upsets Balaraju, leading to their separation. 25 years later, Chandrasekhar, a successful doctor in London, tells the story to his son Abhiram and daughter Indu. Abhiram decides to go home to Balaraju and attempt a reconciliation. He meets his friend, Bunny, at the airport and goes to the village on Bunny’s bike the next day. Film Bollywood Film Bollywood Subtitle Indonesia Film India Film India Subtitle Indonesia",160 Min.,Not Rated,Pasupuleti Krishna Vamsi,1.0,"Oct. 01, 2014",1.0,10.0,5.0,"['Kajal Agarwal', 'Vennela Kishore', 'M. S. Narayana', 'Ram Charan', 'Prakash Raj', 'Rao Ramesh', 'Jayasudha', 'Srikanth Meka', 'Kamalinee Mukherjee', 'Kota Srinivasa Rao']"
Jannat 2,"cinemarumah21.com – Jannat 2 is a Bollywood crime thriller film and a sequel to the 2008 hit film, Jannat. The film is directed by Kunal Deshmukh, and produced by Mukesh Bhatt and Mahesh Bhatt under the Vishesh Films’ banner. Emraan Hashmi, Randeep Hooda, Imran Zahid and Esha Gupta will feature in lead roles. Film Bollywood Film Bollywood Subtitle Indonesia Film India Film India Subtitle Indonesia",,R,Kunal Deshmukh,1.0,"May. 04, 2012",1.0,10.0,8.0,"['Manish Chaudhary', 'Mohammed Zeeshan Ayyub', 'Emraan Hashmi', 'Esha Gupta', 'Randeep Hooda', 'Imran Zahid']"
Heroes,"cinemarumah21.com – Heroes. Havaldar Balkar Singh, Captain Dhananjay Shergill and Lieutenant Sahil Naqvi are amongst numerous fatalities on India’s side in the 1999 Kargil war against Pakistan. All 3 men had written their last letters to Kuljeet Kaur, Squadron Leader Vikram Singh, and Dr. Naqvi respectively. These letters were located 3 years later by IBN Reporter, Avinash Sarin, who entrusts them to two Indore-based slackers, Ali Shah and Sameer Suri, and asks them to deliver them to Chandigarh, Manali, and Leh respectively. Ali and Sameer set out to film this journey in order to get a graduation degree so that they can re-locate to America as well as televise it widely in order to convince the youth not to join any of India’s armed forces. Film Bollywood Film Bollywood Subtitle Indonesia Film India Film India Subtitle Indonesia",140 Min.,R,Samir Karnik,1.0,"Oct. 24, 2008",1.0,10.0,7.0,"['Amrita Arora', 'Salman Khan', 'Sohail Khan', 'Dino Morea', 'Vatsal Seth', 'Mithun Chakraborty', 'Preity Zinta', 'Riya Sen', 'Sunny Deol', 'Bobby Deol']"
Hate Story 3,cinemarumah21.com – Hate Story 3. Siya appears to be the bone of contention between warring businessmen Aditya and Saurav. But this one runs deeper than your average love triangle. Film Bollywood Film Bollywood Subtitle Indonesia Film India Film India Subtitle Indonesia,126 Min.,Not Rated,Vishal Pandya,1.0,"Dec. 04, 2015",1.0,10.0,6.0,"['Zareen Khan', 'Priyanshu Chatterjee', 'Daisy Shah', 'Puja Gupta', 'Prithvi Zutshi', 'Sharman Joshi', 'Karan Singh Grover']"
Holiday,"cinemarumah21.com – Holiday. A soldier on vacation finds himself hunting down a terrorist. A military officer attempts to hunt down a terrorist, destroy a terrorist gang and deactivate the sleeper cells under its command. Film Bollywood Film Bollywood Subtitle Indonesia Film India Film India Subtitle Indonesia",170 Min.,Not Rated,A.R. Murugadoss,1.0,"Jun. 06, 2014",1.0,10.0,7.0,"['Freddy Daruwala', 'Akshay Kumar', 'Sumeet Raghvan', 'Zakir Hussain', 'Anchal Singh', 'Govinda', 'Sonakshi Sinha']"
Happy Ending,cinemarumah21.com – Happy Ending. Yudi’s happy life is about to encounter a speed breaker-his BMW gets towed away and his dues have started piling up. He’s run out of money and luck! To make matters worse-his supposed ex-girlfriend isn’t really his ex. Film Bollywood Film Bollywood Subtitle Indonesia Film India Film India Subtitle Indonesia,135 Min.,Not Rated,Krishna D.K.,1.0,"Nov. 21, 2014",1.0,10.0,7.0,"['Saif Ali Khan', 'Dean Barlage', 'Kim DeJesus', 'Preity Zinta', 'Kareena Kapoor Khan', 'Kalki Koechlin', ""Ileana D'Cruz"", 'Govinda', 'Leah Caruana', 'Kira Cahill']"
Kick,"cinemarumah21.com – Kick. An adrenaline junkie walks away from a whirlwind romance and embraces a new life as a thief, though he soon finds himself pursued by veteran police officer and engaged in a turf war with a local gangster. Film Bollywood Film Bollywood Subtitle Indonesia Film India Film India Subtitle Indonesia",146 Min.,Not Rated,Sajid Nadiadwala,1.0,"Jul. 25, 2014",1.0,10.0,5.0,"['Salman Khan', 'Jacqueline Fernandez', 'Sanjay Mishra', 'Mithun Chakraborty', 'Archana Puran Singh', 'Saurabh Shukla', 'Randeep Hooda', 'Vipin Sharma', 'Nawazuddin Siddiqui', 'Rajit Kapoor']"
Aa Dekhen Zara,"cinemarumah21.com – Aa Dekhen Zara. A photographer (Ray) has nothing going for him, until he inherits a camera from his grandfather. This changes his life in a way that he could not have ever imagined in his wildest dreams. Film Bollywood Film Bollywood Subtitle Indonesia Film India Film India Subtitle Indonesia",117 Min.,Not Rated,Jehangir Surti,1.0,"Mar. 27, 2009",1.0,10.0,6.0,"['Sameer Siddiqui', 'Deepak Dhariwal', 'Thamapat Seengamrat', 'Bobby Vatsa', 'Srivas Naidu', 'Biswajeet Chatterjee', 'Neil Nitin Mukesh', 'Bipasha Basu', 'Rahul Dev', 'Sophie Chaudhary']"
Karan Arjun,cinemarumah21.com – Karan Arjun reincarnate in the different parts of the country. But the faith of their previous mother brings them together in order to avenge their death. Film Bollywood Film Bollywood Subtitle Indonesia Film India Film India Subtitle Indonesia,175 Min.,PG,Rakesh Roshan,1.0,"Jan. 13, 1995",1.0,10.0,6.0,"['Ranjeet', 'Ashok Saraf', 'Salman Khan', 'Johnny Lever', 'Kajol', 'Shah Rukh Khan', 'Mamta Kulkarni', 'Amrish Puri', 'Rakhee Gulzar', 'Aashif Sheikh']"
Hum Hain Rahi Pyar Ke,"cinemarumah21.com – Hum Hain Rahi Pyar Ke. Rahul Malhotra (Aamir Khan) is the manager of the heavily in debt family business. He is also the guardian of his dead sister’s mischievous kids. Rahul hires Vaijayanti (Juhi Chawla) as governess. Vaijayanti is a runaway from home as she does not want to marry the man her orthodox family has chosen for her. Predictably, Rahul and Vaijayanti fall in love. Maya (Navneet Nishan), a rich girl in love with Rahul tries to ruin his family and his business, but all ends happily. Film Bollywood Film Bollywood Subtitle Indonesia Film India Film India Subtitle Indonesia",163 Min.,PG,Mahesh Bhatt,1.0,"Jul. 05, 1993",1.0,10.0,7.0,"['Baby Ashrafa', 'Master Sharokh', 'Kunal Khemu', 'Tiku Talsania', 'Juhi Chawla', 'Aamir Khan']"
Kabhi Alvida Naa Kehna,"cinemarumah21.com – Kabhi Alvida Naa Kehna. Dev and Maya are both married to different people. Settled into a life of domestic ritual, and convinced that they are happy in their respective relationships, they still yearn for something deeper and more meaningful, which is precisely what they find in each other. Film Bollywood Film Bollywood Subtitle Indonesia Film India Film India Subtitle Indonesia",193 Min.,R,Karan Johar,1.0,"Aug. 11, 2006",1.0,10.0,8.0,"['Ahsaas Channa', 'Kajol', 'Shah Rukh Khan', 'Rani Mukerji', 'Preity Zinta', 'Kirron Kher', 'Arjun Rampal', 'Amitabh Bachchan', 'Abhishek Bachchan', 'John Abraham']"
Hero,"cinemarumah21.com – Hero. After meeting the chief of police’s pretty daughter, a gangster kidnaps the girl. During the journey they fall in love and the gangster decides to set her free. Film Bollywood Film Bollywood Subtitle Indonesia Film India Film India Subtitle Indonesia",145 Min.,Not Rated,Nikhil Advani,1.0,"Sep. 11, 2015",1.0,10.0,5.0,"['Chetan Hansraj', 'Salman Khan', 'Vivan Bhatena', 'Aditya Pancholi', 'Anil Mange', 'Anita Hassanandani', 'Sharad Kelkar', 'Tigmanshu Dhulia', 'Sooraj Pancholi', 'Athiya Shetty']"
Kuch Kuch Hota Hai,"cinemarumah21.com – Kuch Kuch Hota Hai. Anjali is left heartbroken when her best friend and secret crush, Rahul, falls in love with Tina. Years later, Tina’s young daughter tries to fulfil her mother’s last wish of uniting Rahul and Anjali. Film Bollywood Film Bollywood Subtitle Indonesia Film India Film India Subtitle Indonesia",185 Min.,Not Rated,Karan Johar,1.0,"Oct. 16, 1998",1.0,10.0,8.0,"['Salman Khan', 'Johnny Lever', 'Himani Shivpuri', 'Kajol', 'Shah Rukh Khan', 'Rani Mukerji', 'Anupam Kher', 'Archana Puran Singh', 'Farida Jalal', 'Reema Lagoo']"
Ishq Click,"cinemarumah21.com – Ishq Click is an upcoming 2016 Bollywood Romantic film, directed by Anil Balani and produced by Ajay Jaiswal and Satish Tripathi. It stars Adhyayan Suman and Sara Loren. The film is based on the life of a supermodel from Mumbai who struggles very hard to become a top model and a photographer who helps her in her struggle. Film Bollywood Film Bollywood Subtitle Indonesia Film India Film India Subtitle Indonesia",,PG,Anil Ballani,1.0,"Jul. 22, 2016",1.0,10.0,5.0,"['Adhyayan Suman', 'Sara Loren']"
Kaminey,"cinemarumah21.com – Kaminey. Two brothers, as different as chalk and cheese, find their lives intertwined when one puts himself in danger via a `get rich quick’ scheme and the other finds there is a price on his head. Film Bollywood Film Bollywood Subtitle Indonesia Film India Film India Subtitle Indonesia",135 Min.,Not Rated,Vishal Bhardwaj,1.0,"Aug. 14, 2009",1.0,10.0,7.0,"['Hrishikesh Joshi', 'Deb Mukherjee', 'Adil Hussain', 'Chandan Roy Sanyal', 'Rajatava Dutta', 'Shahid Kapoor', 'Shiv Kumar Subramaniam', 'Priyanka Chopra', 'Amole Gupte']"
Hasee Toh Phasee,"cinemarumah21.com – Hasee Toh Phasee. On the eve of Nikhil and Karishma’s engagement, Karishma’s wealthy father, Devesh Solanki, expresses his disapproval, believing Nikhil to be a lackadaisical young man. With one week to prove himself worthy to marry Karishma, Nikhil and Karishma’s sister, Meeta, grow closer to each other. Film Bollywood Film Bollywood Subtitle Indonesia Film India Film India Subtitle Indonesia",141 Min.,Not Rated,Vinil Mathew,1.0,"Feb. 07, 2014",1.0,10.0,6.0,"['Lily Patel', 'Adah Sharma', 'Nina Kulkarni', 'Navneet Nishan', 'Parineeti Chopra', 'Manoj Joshi', 'Anil Mange', 'Sharat Saxena', 'Sidharth Malhotra', 'Sameer Khakhar']"
Kahaani,"cinemarumah21.com – Kahaani. Vidya Bagchi (Vidya Balan) arrives in Kolkata from London to find her missing husband Arnab Bagchi. Seven months pregnant and alone in a festive city, she begins a relentless search for her husband. With nothing to rely on except fragments from her memories about him, all clues seem to reach a dead end when everyone tries to convince Vidya that her husband does not exist. She slowly realises that nothing is what it seems. In a city soaked in lies, Vidya is determined to unravel the truth about her husband – for herself and her unborn child – even at the cost of her own life. Film Bollywood Film Bollywood Subtitle Indonesia Film India Film India Subtitle Indonesia",122 Min.,Not Rated,Sujoy Ghosh,1.0,"Mar. 08, 2012",1.0,10.0,6.0,"['Saswata Chatterjee', 'Parambrata Chatterjee', 'Masood Akhtar', 'Darshan Jariwala', 'Vidya Balan', 'Indraneil Sengupta', 'Nawazuddin Siddiqui']"
Koyla,"cinemarumah21.com – Koyla. A village girl agrees to a marriage to a king she has never met after he sends her a photograph of himself. But the man in the photograph is not the king but his most loyal slave, the handsome but mute Shankar. Film Bollywood Film Bollywood Subtitle Indonesia Film India",170 Min.,PG,Rakesh Roshan,1.0,"Apr. 18, 1997",1.0,10.0,5.0,"['Ranjeet', 'Deepshika', 'Ashok Saraf', 'Salim Ghouse', 'Johnny Lever', 'Shah Rukh Khan', 'Pradeep Ram Singh Rawat', 'Amrish Puri', 'Jack Gaud', 'Madhuri Dixit']"
Housefull,"cinemarumah21.com – Housefull. Believing himself to be a jinx and bringing bad luck upon himself and others, a man attempts to find true love, but ends up in very complicated relationships. Film Bollywood Film Bollywood Subtitle Indonesia Film India Film India Subtitle Indonesia",135 Min.,Not Rated,Sajid Khan,1.0,"Apr. 30, 2010",1.0,10.0,5.0,"['Akshay Kumar', 'Chunky Pandey', 'Jacqueline Fernandez', 'Jiah Khan', 'Malaika Arora Khan', 'Ritesh Deshmukh', 'Deepika Padukone', 'Arjun Rampal', 'Lara Dutta', 'Boman Irani']"
Kaanchi: The Unbreakable,cinemarumah21.com – Kaanchi movie is a musical thriller with a love story. It is a story of the inner power of a woman who represents millions of suppressed youth against unjust in the country. It is also the story of an innocent rural beauty and her fight against power. Film Bollywood Film Bollywood Subtitle Indonesia Film India Film India Subtitle Indonesia,140 Min.,Not Rated,Subhash Ghai,1.0,"Apr. 25, 2014",1.0,10.0,6.0,"['Sahil Vaid', 'Imran Hasnee', 'Mithun Chakraborty', 'Rishi Kapoor', 'Mishti Chakravarty', 'Anil Mange', 'Kartik Tiwari']"
Ishkq in Paris,cinemarumah21.com – Ishkq in Paris. Akash nd Ishkq meet on a train from Rome to Paris and spend a romantic evening in the city. Film Bollywood Film Bollywood Subtitle Indonesia Film India Film India Subtitle Indonesia,95 Min.,Not Rated,Prem Raj,1.0,"May. 24, 2013",1.0,10.0,6.0,"['Isabelle Adjani', 'Salman Khan', 'Shekhar Kapur', 'Chunky Pandey', 'Sanjay Lafont', 'Preity Zinta', 'Gaurav Chanana']"
Humpty Sharma Ki Dulhania,"cinemarumah21.com – Humpty Sharma Ki Dulhania. A girl from Ambala, Kavya Pratap Singh, is about to be married. When she visits Delhi to shop for her ‘dhai lakh ka Ghagra'(wedding dress worth Rs. 2 Lakh), she meets Humpty Sharma, a carefree Delhiite, and falls in love with him.",133 Min.,,Shashank Khaitan,1.0,"Jul. 11, 2014",1.0,10.0,6.0,"['Ashutosh Rana', 'Siddharth Shukla', 'Varun Dhawan', 'Alia Bhatt']"
Hawaizaada,"cinemarumah21.com – Hawaizaada. In 1895, Shivkar Bapuji Talpade constructs and flies India’s first unmanned plane, despite having the odds stacked against him. Film Bollywood Film Bollywood Subtitle Indonesia Film India Film India Subtitle Indonesia",157 Min.,,Vibhu Puri,1.0,"Jan. 29, 2015",1.0,10.0,6.0,"['Ayushmann Khurrana', 'Naman Jain', 'Jayant Kripalani', 'Pallavi Sharda', 'Mithun Chakraborty', 'Gaurav Dwivedi', 'Jeffrey Goldberg']"
Josh,"cinemarumah21.com – Josh. Two gangs fight for control of the streets: the Scorpions, led by Prakash and the Eagles, fronted by Max. When Prakash’s brother Rahul comes to visit, he meets and quickly falls in love with Shirley, not realizing she’s the sister of his brother’s rival, Max. Though Rahul tries to keep their relationship secret, it’s only a matter of time before it brings the gang rivalry to a head. Film Bollywood Film Bollywood Subtitle Indonesia Film India Film India Subtitle Indonesia",157 Min.,PG,Mansoor Khan,1.0,"Jun. 09, 2000",1.0,10.0,5.0,"['Shah Rukh Khan', 'Chandrachur Singh', 'Sushant Singh', 'Aishwarya Rai Bachchan', 'Puneet Vashist', 'Sharad S. Kapoor', 'Suhas Joshi', 'Priya Gill', 'Vivek Vaswani', 'Sharat Saxena']"
Hawaa Hawaai,"cinemarumah21.com – Hawaa Hawaai is a 2014 Bollywood film directed by Amole Gupte. The film features Partho Gupte and Saqib Saleem. The film is produced by Fox Star Studios. The film is a commercial entertainer, and a tribute to people who dare to dream. Saqib Saleem is playing role of a skating coach in the film. The film is likely to be released on 9 May 2014. It is rumored that Sridevi might do a cameo in the movie, though Sridevi has not confirmed the news yet. The director Amol Gupte is going to compose and sing one song for the movie. Rest of the songs are going to be composed by Hitesh Sonik. Film Bollywood Film Bollywood Subtitle Indonesia Film India Film India Subtitle Indonesia",120 Min.,Not Rated,Amole Gupte,1.0,"May. 09, 2014",1.0,10.0,8.0,"['Srishti Sharma', 'Mahesh Balraj', 'Saqib Saleem', 'Anuj Sachdeva', 'Rekha Kamat', 'Partho A. Gupte', 'Neha Joshi', 'Makrand Deshpande']"
Khamoshiyan,"cinemarumah21.com – Khamoshiyan. A writer adrift in the icy slopes of Kashmir, discovers a woman with a strange and silent past. Film Bollywood Film Bollywood Subtitle Indonesia Film India Film India Subtitle Indonesia",122 Min.,Not Rated,Karan Darra,1.0,"Jan. 30, 2015",1.0,10.0,6.0,"['Debina Bonnerjee', 'Ali Fazal', 'Vikram Bhatt', 'Sapna Pabbi', 'Gurmeet Choudhary']"
Kahin Pyaar Na Ho Jaaye,"cinemarumah21.com – Kahin Pyaar Na Ho Jaaye. Prem Kapoor, an aspiring popstar, lives with his elder sister, Neelu, and brother-in-law, Vinod. Prem is in love with Nisha and both hope to marry soon… Film Bollywood Film Bollywood Subtitle Indonesia Film India Film India Subtitle Indonesia",165 Min.,Unrated,K. Muralimohana Rao,1.0,"Nov. 17, 2000",1.0,10.0,7.0,"['Shakti Kapoor', 'Salman Khan', 'Kashmira Shah', 'Inder Kumar', 'Rani Mukerji', 'Pooja Batra', 'Reema Lagoo', 'Raveena Tandon', 'Jackie Shroff', 'Mohnish Behl']"
Housefull 2,cinemarumah21.com – Housefull 2 is an upcoming Bollywood action comedy film directed by Sajid Khan and produced by Sajid Nadiadwala. It is the sequel to the 2010 Bollywood commercially successful movie Housefull Film Bollywood Film Bollywood Subtitle Indonesia Film India Film India Subtitle Indonesia,145 Min.,Not Rated,Sajid Khan,1.0,"Apr. 05, 2012",1.0,10.0,5.0,"['John Abraham', 'Zareen Khan', 'Randhir Kapoor', 'Akshay Kumar', 'Shreyas Talpade', 'Rishi Kapoor', 'Ritesh Deshmukh', 'Shazahn Padamsee', 'Boman Irani', 'Asin Thottumkal']"
Hum Tum,"cinemarumah21.com – Hum Tum (Hindi: हम तुम, translation: You and Me, Urdu: ہم تم) is a Bollywood movie, released in India on May 28, 2004, directed by Kunal Kohli and produced by Aditya Chopra and Yash Chopra. The movie stars Saif Ali Khan and Rani Mukerji in the lead roles. Film Bollywood Film Bollywood Subtitle Indonesia Film India Film India Subtitle Indonesia",142 Min.,Not Rated,Kunal Kohli,1.0,"May. 28, 2004",1.0,10.0,5.0,"['Parinita Seth', 'Saif Ali Khan', 'Jimmy Sheirgill', 'Rani Mukerji', 'Shenaz Treasury', 'Rishi Kapoor', 'Rati Agnihotri', 'Kirron Kher', 'Isha Koppikar', 'Abhishek Bachchan']"
Ghanchakkar,"cinemarumah21.com – Ghanchakkar. When Sanju a master safe cracker teams up with two dangerous criminals to commit one last heist. The robbery is successful and Sanju is given the task of hiding the money till things cool down and the booty can be split. Three months later, the associates return to collect their share of the loot, but Sanju refuses to even recognize them! They realize he enrolled into an accident and is suffering from strong amnesia and decide to stay with Sanju and his wife Neetu until Sanju remembers where he hid the money. What dangerous game is Sanju playing? Film Bollywood Film Bollywood Subtitle Indonesia Film India Film India Subtitle Indonesia",137 Min.,PG,Raj Kumar Gupta,1.0,"Jun. 28, 2013",1.0,10.0,6.0,"['Rajesh Sharma', 'Parvin Dabas', 'Mahabanoo Mody-Kotwal', 'Vidya Balan', 'Emraan Hashmi', 'Namit Das', 'Shashank Shende']"
Kismat Konnection,cinemarumah21.com – Kismat Konnection. Raj Malhotra is a luckless architect who seeks success but in vain. He bumps into a social activist named Priya. Raj finds out that Priya is a lucky charm for him but unfortunately she is protecting the community center for which he aims to win the contract of demolishing for a brand new shopping mall. Film Bollywood Film Bollywood Subtitle Indonesia Film India Film India Subtitle Indonesia,153 Min.,PG,Aziz Mirza,1.0,"Jul. 18, 2008",1.0,10.0,8.0,"['Boman Irani', 'Om Puri', 'Himani Shivpuri', 'Shah Rukh Khan', 'Juhi Chawla', 'Shahid Kapoor', 'Vishal Malhotra', 'Vidya Balan', 'Karanvir Bohra', 'Amit Varma']"
Himmatwala,"cinemarumah21.com – Himmatwala. When a temple priest commits suicide after being dishonored by an evil landlord, his son returns to his native village on a mission of vengeance. Film Bollywood Film Bollywood Subtitle Indonesia Film India Film India Subtitle Indonesia",150 Min.,Not Rated,Sajid Khan,1.0,"Mar. 29, 2013",1.0,10.0,8.0,"['Adhyayan Suman', 'Anil Dhawan', 'Mahesh Manjrekar', 'Chunky Pandey', 'Tamanna Bhatia', 'Ritesh Deshmukh', 'Leena Jumani', 'Zarina Wahab', 'Ajay Devgn', 'Paresh Rawal']"
Kites,"cinemarumah21.com – Kites. A wounded man searches for his sweetheart in the Mexican desert while on the run from the police, bounty hunters, and others. Film Bollywood Film Bollywood Subtitle Indonesia Film India Film India Subtitle Indonesia",123 Min.,Not Rated,Anurag Basu,1.0,"May. 21, 2010",1.0,10.0,7.0,"['Camme Tyla', 'Ivan Brutsche', 'Bárbara Mori', 'Kangana Ranaut', 'Steven Michael Quezada', 'Kabir Bedi', 'Hrithik Roshan', 'Nicholas Brown', 'Anand Tiwari', 'Luce Rains']"
Humko Deewana Kar Gaye,cinemarumah21.com – Humko Deewana Kar Gaye. Two kindred spirits who are betrothed to others must decide whether to go through with arranged marriages or brush aside convention for true love. Film Bollywood Film Bollywood Subtitle Indonesia Film India Film India Subtitle Indonesia,152 Min.,,Raj Kanwar,1.0,"Apr. 14, 2006",1.0,10.0,7.0,"['Akshay Kumar', 'Katrina Kaif', 'Helen', 'Anil Kapoor', 'Bipasha Basu', 'Shernaz Patel', 'Bhagyashree', 'Vivek Shauq']"
Kyaa Super Kool Hain Hum,cinemarumah21.com – Kyaa Super Kool Hain Hum. An aspiring actor and a struggling DJ team up to pursue the ladies they love and a diamond that rightfully belongs to their oversexed dog. Film Bollywood Film Bollywood Subtitle Indonesia Film India Film India Subtitle Indonesia,137 Min.,PG,Sachin Yardi,1.0,"Jun. 05, 2012",1.0,10.0,6.0,"['Tusshar Kapoor', 'Sarah-Jane Dias', 'Anupam Kher', 'Ritesh Deshmukh', 'Nalneesh Neel', 'Neha Sharma']"
Jaane Tu... Ya Jaane Na,"cinemarumah21.com – Jaane Tu… Ya Jaane Na (translation: Whether you know… or not) is a 2008 Indian romantic comedy film, written and directed by Abbas Tyrewala. The film stars Imran Khan and Genelia D’Souza in pivotal roles. Produced by Mansoor Khan, Aamir Khan, it marks the directional debut of Abbas Tyrewala, the debut of Imran Khan (Aamir Khan’s nephew) and Prateik Babbar as actors, and the re-appearance of D’Souza in Hindi cinema. Released on 4 July 2008, the film received positive reviews, and went on to become a Super Hit at the box office. The music is by A. R. Rahman. Film Bollywood Film Bollywood Subtitle Indonesia Film India Film India Subtitle Indonesia",155 Min.,PG,Abbas Tyrewala,1.0,"Jul. 04, 2008",1.0,10.0,8.0,"['Manjari Phadnis', 'Prateik Babbar', 'Ayaz Khan', 'Imran Khan', 'Naseeruddin Shah', 'Sugandha Garg', 'Alishka Varde', 'Ratna Pathak', 'Nirav Mehta', ""Genelia D'Souza""]"
Kabali,cinemarumah21.com – Kabali. A gangster in Malaysia goes in search of his family after 25 years of imprisonment. Film Bollywood Film Bollywood Subtitle Indonesia Film India Film India Subtitle Indonesia,150 Min.,TV-MA,Pa. Ranjith,1.0,"Jul. 22, 2016",1.0,10.0,6.0,"['Sangili Murugan', 'Dinesh Ravi', 'Radhika Apte', 'John Vijay', 'Kalaiyarasan', 'Nassar', 'Rajinikanth', 'Kishore', 'Winston Chao', 'Sai Dhanshika']"
Hum Tumhare Hain Sanam,"cinemarumah21.com – Hum Tumhare Hain Sanam. Radha and Suraj have been friends since childhood. Gopal has been in love with Radha ever since they spent a few years together as kids. Years later, Gopal’s guardian proposes to Radha a marriage with Gopal, and she accepts. Film Bollywood Film Bollywood Subtitle Indonesia Film India Film India Subtitle Indonesia",174 Min.,Not Rated,K. S. Adiyaman,1.0,"May. 24, 2002",1.0,10.0,6.0,"['Laxmikant Berde', 'Suman Ranganathan', 'Salman Khan', 'Shah Rukh Khan', 'Atul Agnihotri', 'Alok Nath', 'Dinesh Hingoo', 'Vikas Anand', 'Aruna Irani', 'Madhuri Dixit']"
Jism 2,"cinemarumah21.com – Jism 2. A porn star is hired by a dashing intelligence officer as a ‘honey-trap’ for a dreaded assassin. She not only has to confront her bitter-sweet past, but is also forced to make an impossible choice – one that will put her own life in jeopardy. Film Bollywood Film Bollywood Subtitle Indonesia Film India Film India Subtitle Indonesia",132 Min.,,Pooja Bhatt,1.0,"Aug. 03, 2012",1.0,10.0,7.0,"['Arif Zakaria', 'Sumit Nijhawan', 'Sunny Leone', 'Randeep Hooda', 'Arunoday Singh', 'Imran Zahid']"
Ishq,"cinemarumah21.com – Ishq. Harbans Rai and Ranjit Rai are two wealthy businessmen who absolutely *loathe* poverty and poor people . As fate would have it , Harbans Rai’s daughter Madhu falls for a poor mechanic Raja while Ranjit Rai’s son Ajay romances a poor girl Kajal . When Harbans and Ranjit come to know of it they try various ways to separate the lovers. Film Bollywood Film Bollywood Subtitle Indonesia Film India Film India Subtitle Indonesia",161 Min.,PG,Indra Kumar,1.0,"Nov. 28, 1997",1.0,10.0,6.0,"['Mohan Joshi', 'Johnny Lever', 'Dalip Tahil', 'Kajol', 'Tiku Talsania', 'Juhi Chawla', 'Deepak Shirke', 'Deven Verma', 'Aamir Khan', 'Ajay Devgn']"
Housefull 3,"cinemarumah21.com – Housefull 3. A father doesn’t want his three daughters to get married. Now, it’s up to three men to try to and convince the father that they’re a good fit for his daughters. Film Bollywood Film Bollywood Subtitle Indonesia Film India Film India Subtitle Indonesia",140 Min.,Not Rated,Sajid Samji,1.0,"Jun. 03, 2016",1.0,10.0,7.0,"['Akshay Kumar', 'Nikitin Dheer', 'Chunky Pandey', 'Sameer Kochhar', 'Ritesh Deshmukh', 'Nargis Fakhri', 'Abhishek Bachchan', 'Boman Irani', 'Jackie Shroff', 'Lisa Haydon']"
Jazbaa,"cinemarumah21.com – Jazbaa. After her daughter is kidnapped, a lawyer is forced to defend a criminal in exchange for her daughter’s freedom. Film Bollywood Film Bollywood Subtitle Indonesia Film India Film India Subtitle Indonesia",119 Min.,Not Rated,Sanjay Gupta,1.0,"Oct. 09, 2015",1.0,10.0,7.0,"['Shabana Azmi', 'Chandan Roy Sanyal', 'Aishwarya Rai Bachchan', 'Irrfan Khan', 'Jackie Shroff']"
Kapoor & Sons,cinemarumah21.com – Kapoor & Sons. A story revolving around a dysfunctional family of two brothers who visit their parents and grandfather in Coonoor and end up falling for the same woman. Film Bollywood Film Bollywood Subtitle Indonesia Film India Film India Subtitle Indonesia,132 Min.,Not Rated,Shakun Batra,1.0,"Mar. 18, 2016",1.0,10.0,7.0,"['Fawad Afzal Khan', 'Rishi Kapoor', 'Rajat Kapoor', 'Ratna Pathak', 'Sidharth Malhotra', 'Alia Bhatt']"
Jodhaa Akbar,"cinemarumah21.com – Jodhaa Akbar is a sixteenth century love story about a marriage of alliance that gave birth to true love between a great Mughal Emperor, Akbar and a Rajput princess, Jodhaa. Film Bollywood Film Bollywood Subtitle Indonesia Film India Film India Subtitle Indonesia",213 Min.,Not Rated,Ashutosh Gowariker,1.0,"Feb. 13, 2008",1.0,10.0,6.0,"['Ila Arun', 'Pramod Moutho', 'Sonu Sood', 'Suhasini Mulay', 'Kulbhushan Kharbanda', 'Aishwarya Rai Bachchan', 'Surendra Pal', 'Hrithik Roshan', 'Raza Murad', 'Rajesh Vivek']"
Gulaab Gang,cinemarumah21.com – Gulaab Gang. A fearless woman fights social injustice; creating a sanctuary for abused women and battling a crooked politician. Film Bollywood Film Bollywood Subtitle Indonesia Film India Film India Subtitle Indonesia,139 Min.,Not Rated,Soumik Sen,1.0,"Mar. 07, 2014",1.0,10.0,6.0,"['Sudev Nair', 'Divya Jagdale', 'Tannishtha Chatterjee', 'Juhi Chawla', 'Priyanka Bose', 'Madhuri Dixit']"
Jolly LLB,cinemarumah21.com – Jolly LLB. The film is a social satire on the law system of the country India. Film Bollywood Film Bollywood Subtitle Indonesia Film India Film India Subtitle Indonesia,135 Min.,Not Rated,Subhash Kapoor,1.0,"Mar. 15, 2013",1.0,10.0,5.0,"['Arshad Warsi', 'Amrita Rao', 'Boman Irani', 'Saurabh Shukla']"
Har Dil Jo Pyar Karega,"cinemarumah21.com – Har Dil Jo Pyar Karega. Raj is a struggling singer chasing his dreams in Mumbai, India. One night, he rescues a girl, Pooja, from a car accident and takes her to the hospital. As she lies in a coma, her wealthy family assume that Raj is the man with whom their daughter eloped. Sensing opportunity, he assumes this new identity. When Pooja’s best friend, Jahnvi, shows up, however, Raj starts to like her. After Pooja wakes up and falls for Raj, a tricky love triangle occurs. Film Bollywood Film Bollywood Subtitle Indonesia Film India Film India Subtitle Indonesia",168 Min.,PG,Raj Kanwar,1.0,"Aug. 04, 2000",1.0,10.0,8.0,"['Shakti Kapoor', 'Rajeev Verma', 'Vinay Pathak', 'Salman Khan', 'Satish Shah', 'Neeraj Vora', 'Rani Mukerji', 'Preity Zinta', 'Kamini Kaushal', 'Paresh Rawal']"
Entertainment,"cinemarumah21.com – Entertainment. Akhil (Akshay Kumar) finds out that he is the heir of 3000 crore rupees as he and his mother were abandoned by his diamond baron father (Panna Laal Johari) who is now dead. However, his life goes Topsy-turvy when he learns that the empire goes to entertainment (a dog). Film Bollywood Film Bollywood Subtitle Indonesia Film India Film India Subtitle Indonesia",140 Min.,Not Rated,Sajid Samji,1.0,"Aug. 08, 2014",1.0,10.0,8.0,"['Sonu Sood', 'Johnny Lever', 'Akshay Kumar', 'Shreyas Talpade', 'Tamanna Bhatia', 'Prakash Raj', 'Mithun Chakraborty', 'Krushna Abhishek', 'Ritesh Deshmukh', ""Remo D'Souza""]"
Krrish,"cinemarumah21.com – Krrish is born with magical powers – a legacy from his father. Priya comes into his life and becomes his world. When she beckons him to Singapore, he follows. In Singapore, Dr. Siddhant Arya, the megalomaniac scientist is on the verge of changing the future forever. Only one man stands between Dr. Siddharth Arya and his destructive dreams. To block his ruthless ambitions — Krishna must become Krrish. Film Bollywood Film Bollywood Subtitle Indonesia Film India Film India Subtitle Indonesia",174 Min.,Not Rated,Rakesh Roshan,1.0,"Jun. 23, 2006",1.0,10.0,8.0,"['Manini Mishra', 'Rekha', 'Archana Puran Singh', 'Naseeruddin Shah', 'Xia Bin', 'Hrithik Roshan', 'Puneet Issar', 'Hemant Pandey', 'Priyanka Chopra', 'Sharat Saxena']"
Krrish 3,"cinemarumah21.com – Krrish 3. After defeating the villainous Dr. Siddhant Arya, and bringing his father Rohit back from the dead, Krrish continued fighting against evil and saving innocent lives.Now Krishna is living a … Film Bollywood Film Bollywood Subtitle Indonesia Film India Film India Subtitle Indonesia",152 Min.,Not Rated,Rakesh Roshan,1.0,"Nov. 01, 2013",1.0,10.0,6.0,"['Rajpal Yadav', 'Vivek Oberoi', 'Sameer Ali Khan', 'Kangana Ranaut', 'Rakhee Tandon', 'Gowhar Khan', 'Arif Zakaria', 'Hrithik Roshan', 'Asif Basra', 'Priyanka Chopra']"
Khoobsurat,"cinemarumah21.com – Khoobsurat. A vibrant, hopelessly romantic physiotherapist meets a handsome young Rajput prince who is the complete opposite of her – and is engaged to someone else. Film Bollywood Film Bollywood Subtitle Indonesia Film India Film India Subtitle Indonesia",130 Min.,PG,Shashanka Ghosh,1.0,"Sep. 19, 2014",1.0,10.0,7.0,"['Fawad Afzal Khan', 'Cyrus Sahukar', 'Sonam Kapoor', 'Aditi Rao Hydari', 'Kirron Kher', 'Ratna Pathak']"
