0,startDate,2,3,4,5,endDate
SURREY- Talking Circle Speaker Series: Cultural Identity and Recovery,2019-09-19T21:00:00.000Z,https://schema.org/EventScheduled,https://schema.org/OfflineEventAttendanceMode,KPU The Gathering Place,"12666 72 Ave, Surrey, BC V3W 2M8, Canada",2019-09-19T22:00:00.000Z
VANCOUVER- Red Man Laughing,2019-11-10T03:00:00.000Z,https://schema.org/EventScheduled,https://schema.org/OfflineEventAttendanceMode,Rio Theatre,"1660 E Broadway, Vancouver, BC V5N 1W1, Canada",2019-11-10T04:30:00.000Z
VANCOUVER- Indigenous Women Rise: Tuesday Drumming Circle,2019-12-11T02:30:00.000Z,https://schema.org/EventScheduled,https://schema.org/OfflineEventAttendanceMode,PAFNW,"2017 Dundas St, Vancouver, BC V5L 1J5, Canada",2019-12-11T04:30:00.000Z
VANCOUVER- Indigenous Arts: Beaded Bracelets,2019-09-28T19:00:00.000Z,https://schema.org/EventScheduled,https://schema.org/OfflineEventAttendanceMode,Stanley Park Ecology Society,"610 Pipeline Rd, Vancouver, BC V6G 1Z4, Canada",2019-09-28T22:00:00.000Z
VANCOUVER- Indigenous Women Rise: Tuesday Drumming Circle!,2019-07-17T01:30:00.000Z,https://schema.org/EventScheduled,https://schema.org/OfflineEventAttendanceMode,PAFNW,"2017 Dundas St, Vancouver, BC V5L 1J5, Canada",2019-08-28T04:30:00.000Z
VANCOUVER- Cree & Ojibway Language classes,2020-03-13T01:30:00.000Z,https://schema.org/EventScheduled,https://schema.org/OfflineEventAttendanceMode,NEC Native Education College,"285 E 5th Ave, Vancouver, BC V5T 1H2, Canada",2020-03-13T03:30:00.000Z
VANCOUVER- Indigenous Women Rise: Tuesday Drumming Circle,2019-09-25T01:30:00.000Z,https://schema.org/EventScheduled,https://schema.org/OfflineEventAttendanceMode,PAFNW,"2017 Dundas St, Vancouver, BC V5L 1J5, Canada",2019-09-25T03:30:00.000Z
KAMLOOPS- Resurrection Fashion Show and Black Tie Gala,2019-09-15T01:00:00.000Z,https://schema.org/EventScheduled,https://schema.org/OfflineEventAttendanceMode,Fashion Speaks International,"334 Seymour St, Kamloops, BC V2C 2G2, Canada",2019-09-15T06:00:00.000Z
VANCOUVER- Ojibway Drop In Conversation Circle,2019-10-31T18:00:00.000Z,https://schema.org/EventScheduled,https://schema.org/OfflineEventAttendanceMode,Aboriginal Front Door Society,"384 Main Street, Vancouver, BC V6A 2T1, Canada",2019-10-31T19:30:00.000Z
VANCOUVER- Ojibway - Drop In Conversation Circles,2019-11-14T19:00:00.000Z,https://schema.org/EventScheduled,https://schema.org/OfflineEventAttendanceMode,Aboriginal Front Door Society,"384 Main Street, Vancouver, BC V6A 2T1, Canada",2019-11-14T20:30:00.000Z
VANCOUVER- Nisga'a Tsamiks Hoobiyee 2020,2020-02-28T18:30:00.000Z,https://schema.org/EventScheduled,https://schema.org/OfflineEventAttendanceMode,PNE Forum,"2901 E Hastings St, Vancouver, BC V5K 5J1, Canada",2020-03-01T05:00:00.000Z
VANCOUVER- Cree & Ojibway Language classes,2020-02-28T02:30:00.000Z,https://schema.org/EventScheduled,https://schema.org/OfflineEventAttendanceMode,NEC Native Education College,"285 E 5th Ave, Vancouver, BC V5T 1H2, Canada",2020-02-28T04:30:00.000Z
VANCOUVER- Cree & Ojibway Language classes,2020-03-20T01:30:00.000Z,https://schema.org/EventScheduled,https://schema.org/OfflineEventAttendanceMode,NEC Native Education College,"285 E 5th Ave, Vancouver, BC V5T 1H2, Canada",2020-03-20T03:30:00.000Z
VANCOUVER- Indigenous Women Rise: Tuesday Drumming Circle,2019-10-02T01:30:00.000Z,https://schema.org/EventScheduled,https://schema.org/OfflineEventAttendanceMode,PAFNW,"2017 Dundas St, Vancouver, BC V5L 1J5, Canada",2019-10-02T03:30:00.000Z
VANCOUVER- Indigenous Women Rise: Tuesday Drumming Circle,2019-11-20T02:30:00.000Z,https://schema.org/EventScheduled,https://schema.org/OfflineEventAttendanceMode,PAFNW,"2017 Dundas St, Vancouver, BC V5L 1J5, Canada",2019-11-20T04:30:00.000Z
VANCOUVER- Cree & Ojibway Language classes,2020-01-31T02:30:00.000Z,https://schema.org/EventScheduled,https://schema.org/OfflineEventAttendanceMode,NEC Native Education College,"285 E 5th Ave, Vancouver, BC V5T 1H2, Canada",2020-01-31T04:30:00.000Z
VANCOUVER- Ojibway - Drop In Conversation Circles,2020-02-20T19:00:00.000Z,https://schema.org/EventScheduled,https://schema.org/OfflineEventAttendanceMode,Aboriginal Front Door Society,"384 Main Street, Vancouver, BC V6A 2T1, Canada",2020-02-20T20:30:00.000Z
VANCOUVER- Indigenous Women Rise: Tuesday Drumming Circle,2019-12-04T02:30:00.000Z,https://schema.org/EventScheduled,https://schema.org/OfflineEventAttendanceMode,PAFNW,"2017 Dundas St, Vancouver, BC V5L 1J5, Canada",2019-12-04T04:30:00.000Z
VANCOUVER- Ojibway - Drop In Conversation Circles,2019-11-28T19:00:00.000Z,https://schema.org/EventScheduled,https://schema.org/OfflineEventAttendanceMode,Aboriginal Front Door Society,"384 Main Street, Vancouver, BC V6A 2T1, Canada",2019-11-28T20:30:00.000Z
VANCOUVER- Ojibway - Drop In Conversation Circles,2020-01-09T19:00:00.000Z,https://schema.org/EventScheduled,https://schema.org/OfflineEventAttendanceMode,Aboriginal Front Door Society,"384 Main Street, Vancouver, BC V6A 2T1, Canada",2020-01-09T20:30:00.000Z
NORTH VANCOUVER- X̱wex̱wiy̓úsem: Storytelling Movement Workshops,2019-09-28T20:00:00.000Z,https://schema.org/EventScheduled,https://schema.org/OfflineEventAttendanceMode,John Braithwaite Community Centre,"145 W 1st St, North Vancouver, BC V7M 1B1, Canada",2019-09-29T03:00:00.000Z
Indigenous Women's Leadership Summit,2019-10-11T01:00:51.308Z,https://schema.org/EventScheduled,https://schema.org/OfflineEventAttendanceMode,Pinnacle Hotel Harbourfront,"1133 W Hastings St, Vancouver, BC V6E 3T3, Canada",2019-10-13T00:00:51.308Z
VANCOUVER- National Indigenous Health Conference,2019-10-15T14:00:00.000Z,https://schema.org/EventScheduled,https://schema.org/OfflineEventAttendanceMode,"The Westin Bayshore, Vancouver","1601 Bayshore Dr, Vancouver, BC V6G 2V4, Canada",2019-10-17T23:00:00.000Z
VANCOUVER- Indigenous Women Rise: Tuesday Drumming Circle,2019-10-23T01:30:00.000Z,https://schema.org/EventScheduled,https://schema.org/OfflineEventAttendanceMode,PAFNW,"2017 Dundas St, Vancouver, BC V5L 1J5, Canada",2019-10-23T03:30:00.000Z
VANCOUVER- Ojibway Drop In Conversation Circle,2019-09-05T18:00:00.000Z,https://schema.org/EventScheduled,https://schema.org/OfflineEventAttendanceMode,Aboriginal Front Door Society,"384 Main Street, Vancouver, BC V6A 2T1, Canada",2019-09-05T19:00:00.000Z
CHILLIWACK- New Years Eve Pow Wow,2021-01-01T01:00:00.000Z,https://schema.org/EventScheduled,https://schema.org/OfflineEventAttendanceMode,Spirit of the People Cultural Society,"Chilliwack, BC, Canada",2021-01-01T08:00:00.380Z
VANCOUVER- Ojibway - Drop In Conversation Circles,2019-08-08T18:00:00.000Z,https://schema.org/EventScheduled,https://schema.org/OfflineEventAttendanceMode,Aboriginal Front Door Society,"384 Main Street, Vancouver, BC V6A 2T1, Canada",2020-03-05T20:30:00.000Z
VANCOUVER- Drum making workshop,2019-10-26T19:00:00.000Z,https://schema.org/EventScheduled,https://schema.org/OfflineEventAttendanceMode,Museum of Vancouver,"1100 Chestnut St, Vancouver, BC V6J 3J9, Canada",2019-10-26T23:00:00.000Z
VANCOUVER - Out of Concealment opening,2019-10-23T01:00:00.000Z,https://schema.org/EventScheduled,https://schema.org/OfflineEventAttendanceMode,Bill Reid Gallery of Northwest Coast Art,"639 Hornby St, Vancouver, BC V6C 2G3, Canada",2019-10-23T03:00:00.000Z
VANCOUVER- Indigenous Women Rise: Tuesday Drumming Circle,2019-11-06T02:30:00.000Z,https://schema.org/EventScheduled,https://schema.org/OfflineEventAttendanceMode,PAFNW,"2017 Dundas St, Vancouver, BC V5L 1J5, Canada",2019-11-06T04:30:00.000Z
VANCOUVER- Winter Gathering 2020,2020-01-17T03:00:00.000Z,https://schema.org/EventScheduled,https://schema.org/OfflineEventAttendanceMode,Bill Reid Gallery of Northwest Coast Art,"639 Hornby St, Vancouver, BC V6C 2G3, Canada",2020-01-17T05:00:00.000Z
VANCOUVER- Healing Circle for Indigenous Women,2019-09-21T01:00:00.000Z,https://schema.org/EventScheduled,https://schema.org/OfflineEventAttendanceMode,PAFNW,"2017 Dundas St, Vancouver, BC V5L 1J5, Canada",2019-09-21T05:00:00.000Z
VANCOUVER- Ojibway Drop In Conversation Circle,2019-10-17T18:00:00.000Z,https://schema.org/EventScheduled,https://schema.org/OfflineEventAttendanceMode,Aboriginal Front Door Society,"384 Main Street, Vancouver, BC V6A 2T1, Canada",2019-10-17T19:30:00.000Z
WEST VANCOUVER- Coast Salish Woodcarving and Design,2020-02-09T22:00:00.000Z,https://schema.org/EventScheduled,https://schema.org/OfflineEventAttendanceMode,Ferry Building Gallery | West Vancouver,"1414 Argyle Ave, West Vancouver, BC V7T 1C2, Canada",2020-02-10T00:00:00.000Z
VANCOUVER- Cree & Ojibway Language classes,2020-03-06T02:30:00.000Z,https://schema.org/EventScheduled,https://schema.org/OfflineEventAttendanceMode,NEC Native Education College,"285 E 5th Ave, Vancouver, BC V5T 1H2, Canada",2020-03-06T04:30:00.000Z
VANCOUVER- Cree & Ojibway Language classes,2020-02-21T02:30:00.000Z,https://schema.org/EventScheduled,https://schema.org/OfflineEventAttendanceMode,NEC Native Education College,"285 E 5th Ave, Vancouver, BC V5T 1H2, Canada",2020-02-21T04:30:00.000Z
VANCOUVER- Ojibway - Drop In Conversation Circles,2019-10-22T18:00:00.000Z,https://schema.org/EventScheduled,https://schema.org/OfflineEventAttendanceMode,Aboriginal Front Door Society,"384 Main Street, Vancouver, BC V6A 2T1, Canada",2019-10-22T19:30:00.000Z
VANCOUVER- Indigenous Women Rise: Tuesday Drumming Circle,2019-10-09T01:30:00.000Z,https://schema.org/EventScheduled,https://schema.org/OfflineEventAttendanceMode,PAFNW,"2017 Dundas St, Vancouver, BC V5L 1J5, Canada",2019-10-09T03:30:00.000Z
VANCOUVER- Talking Stick Festival,2020-02-19T03:00:00.000Z,https://schema.org/EventScheduled,https://schema.org/OfflineEventAttendanceMode,Various locations around Vancouver,"Vancouver, BC, Canada",2020-03-01T07:00:00.000Z
VANCOUVER- Indigenuity,2019-09-20T02:00:00.000Z,https://schema.org/EventScheduled,https://schema.org/OfflineEventAttendanceMode,SFU Woodward's,"149 W Hastings St, Vancouver, BC V6B 1H4, Canada",2019-09-20T05:00:00.000Z
Indigenous Women's Sweat Lodge Ceremony,2020-02-09T20:00:00.000Z,https://schema.org/EventScheduled,https://schema.org/OfflineEventAttendanceMode,Pacific Association of First Nations Wom,"2017 Dundas St, Vancouver, BC V5L 1J5, Canada",2020-02-10T01:00:00.000Z
40th Annual Kamloopa Powwow 2019,2019-08-03T02:00:00.000Z,https://schema.org/EventScheduled,https://schema.org/OfflineEventAttendanceMode,Tk’emlúps te Secwepemc,"200-330 Chief Alex Thomas Way, Kamloops, BC V2H 1H1, Canada",2019-08-04T07:00:00.000Z
VANCOUVER- Healing Circle for Indigenous Women,2019-09-14T01:00:00.000Z,https://schema.org/EventScheduled,https://schema.org/OfflineEventAttendanceMode,PAFNW,"2017 Dundas St, Vancouver, BC V5L 1J5, Canada",2019-09-14T05:00:00.000Z
VANCOUVER- Indigenous Women Rise: Tuesday Drumming Circle,2019-12-18T02:30:00.000Z,https://schema.org/EventScheduled,https://schema.org/OfflineEventAttendanceMode,PAFNW,"2017 Dundas St, Vancouver, BC V5L 1J5, Canada",2019-12-18T04:30:00.000Z
VANCOUVER- Ts’msyen Patch Making with Morgan Asoyuf,2019-10-23T02:00:00.000Z,https://schema.org/EventScheduled,https://schema.org/OfflineEventAttendanceMode,Bill Reid Gallery of Northwest Coast Art,"639 Hornby St, Vancouver, BC V6C 2G3, Canada",
VANCOUVER- Ojibway - Drop In Conversation Circles,2020-03-05T19:00:00.000Z,https://schema.org/EventScheduled,https://schema.org/OfflineEventAttendanceMode,Aboriginal Front Door Society,"384 Main Street, Vancouver, BC V6A 2T1, Canada",2020-03-05T20:30:00.000Z
CHILLIWACK- Family Day Pow Wow 2020,2020-02-15T20:00:00.000Z,https://schema.org/EventScheduled,https://schema.org/OfflineEventAttendanceMode,Chilliwack Senior Secondary,"46363 Yale Rd, Chilliwack, BC V2P 2P8, Canada",2020-02-17T05:00:00.000Z
VANCOUVER- Indigenous Women Rise: Tuesday Drumming Circle,2019-09-11T01:30:00.000Z,https://schema.org/EventScheduled,https://schema.org/OfflineEventAttendanceMode,PAFNW,"2017 Dundas St, Vancouver, BC V5L 1J5, Canada",2019-09-11T03:30:00.000Z
VANCOUVER- Ojibway Drop In Conversation Circle,2019-09-19T18:00:00.000Z,https://schema.org/EventScheduled,https://schema.org/OfflineEventAttendanceMode,Aboriginal Front Door Society,"384 Main Street, Vancouver, BC V6A 2T1, Canada",2019-09-19T22:00:00.000Z
VANCOUVER- Dentalium Earring Workshop,2019-09-21T20:00:00.000Z,https://schema.org/EventScheduled,https://schema.org/OfflineEventAttendanceMode,Bill Reid Gallery of Northwest Coast Art,"639 Hornby St, Vancouver, BC V6C 2G3, Canada",2019-09-21T23:00:00.000Z
VANCOUVER- BCAFN 16th Annual General Assembly 2019,2019-09-18T15:00:00.000Z,https://schema.org/EventScheduled,https://schema.org/OfflineEventAttendanceMode,Musqueam Community Centre,"6735 Salish Dr, Vancouver, BC V6N 4C6, Canada",2019-09-20T20:00:00.000Z
Squamish Veterans Pow Wow,2019-11-02T19:00:47.226Z,https://schema.org/EventScheduled,https://schema.org/OfflineEventAttendanceMode,Chief Joe Mathias Center,"100 Capilano Rd, North Vancouver, BC V7P 1A8, Canada",2019-11-04T02:00:47.226Z
VANCOUVER- In Honour of Our Brothers,2020-01-26T20:00:00.000Z,https://schema.org/EventScheduled,https://schema.org/OfflineEventAttendanceMode,Britannia Community Services Centre - In,"1661 Napier St, Vancouver, BC V5L 4X4, Canada",2020-01-27T00:00:00.000Z
VANCOUVER- Indigenous Women Rise: Tuesday Drumming Circle,2019-11-13T02:30:00.000Z,https://schema.org/EventScheduled,https://schema.org/OfflineEventAttendanceMode,PAFNW,"2017 Dundas St, Vancouver, BC V5L 1J5, Canada",2019-11-13T04:30:00.000Z
VANCOUVER- Ojibway - Drop In Conversation Circles,2019-10-17T18:00:00.000Z,https://schema.org/EventScheduled,https://schema.org/OfflineEventAttendanceMode,Aboriginal Front Door Society,"384 Main Street, Vancouver, BC V6A 2T1, Canada",2019-10-17T19:30:00.000Z
VANCOUVER- Snotty Nose Rez Kids & The Sorority,2019-11-15T05:00:00.000Z,https://schema.org/EventScheduled,https://schema.org/OfflineEventAttendanceMode,Venue Nightclub,"881 Granville St, Vancouver, BC V6Z 1K7, Canada",2019-11-15T08:00:00.000Z
MERRITT- 100 Drums,2019-09-21T00:00:00.000Z,https://schema.org/EventScheduled,https://schema.org/OfflineEventAttendanceMode,Shulus Community Arena,"2164 Neale Rd, Merritt, BC V1K 1M9, Canada",2019-09-23T00:00:00.000Z
"VANCOUVER- \""Phyllis's Orange Shirt\"" BOOK Signing",2019-09-21T18:00:00.000Z,https://schema.org/EventScheduled,https://schema.org/OfflineEventAttendanceMode,Kidsbooks,"2557 W Broadway, Vancouver, BC V6K 2E9, Canada",2019-09-21T20:00:00.000Z
VANCOUVER- Chloe Angus Full Moon Fall Launch,2019-09-14T00:00:00.000Z,https://schema.org/EventScheduled,https://schema.org/OfflineEventAttendanceMode,Chloe Angus Design,"45 E 6th Ave #100, Vancouver, BC V5T 1J3, Canada",2019-09-14T04:00:00.000Z
NEW WESTMINSTER- Spirit of the Children Society's FUN-Raising Fundraiser,2019-09-22T02:00:00.000Z,https://schema.org/EventScheduled,https://schema.org/OfflineEventAttendanceMode,The Columbia,"530 Columbia Street, New Westminster, BC V3L 1B1, Canada",2019-09-22T05:00:00.000Z
VANCOUVER- Healing Circle for Indigenous Women,2019-09-07T01:00:00.000Z,https://schema.org/EventScheduled,https://schema.org/OfflineEventAttendanceMode,PAFNW,"2017 Dundas St, Vancouver, BC V5L 1J5, Canada",2019-09-07T04:00:00.000Z
VANCOUVER- Indigenous Women Rise: Tuesday Drumming Circle,2019-09-18T01:30:00.000Z,https://schema.org/EventScheduled,https://schema.org/OfflineEventAttendanceMode,PAFNW,"2017 Dundas St, Vancouver, BC V5L 1J5, Canada",2019-09-18T03:30:00.000Z
VANCOUVER- ACCESS Community Forum,2019-10-31T18:30:00.000Z,https://schema.org/EventScheduled,https://schema.org/OfflineEventAttendanceMode,Vancouver Aboriginal Friendship Centre,"1607 E Hastings St, Vancouver, BC V5L 1S7, Canada",2019-10-31T22:00:00.000Z
VANCOUVER- Ojibway Drop In Conversation Circle,2019-11-14T19:00:00.000Z,https://schema.org/EventScheduled,https://schema.org/OfflineEventAttendanceMode,Aboriginal Front Door Society,"384 Main Street, Vancouver, BC V6A 2T1, Canada",2019-11-14T20:30:00.000Z
VANCOUVER- Cree & Ojibway Language classes,2020-03-27T01:30:00.000Z,https://schema.org/EventScheduled,https://schema.org/OfflineEventAttendanceMode,NEC Native Education College,"285 E 5th Ave, Vancouver, BC V5T 1H2, Canada",2020-03-27T03:30:00.000Z
VANCOUVER- Cree & Ojibway Language classes,2020-02-14T02:30:00.000Z,https://schema.org/EventScheduled,https://schema.org/OfflineEventAttendanceMode,NEC Native Education College,"285 E 5th Ave, Vancouver, BC V5T 1H2, Canada",2020-02-14T04:30:00.000Z
VANCOUVER- Ojibway - Drop In Conversation Circles,2019-12-12T19:00:00.000Z,https://schema.org/EventScheduled,https://schema.org/OfflineEventAttendanceMode,Aboriginal Front Door Society,"384 Main Street, Vancouver, BC V6A 2T1, Canada",2019-12-12T20:30:00.000Z
VANCOUVER- Ojibway - Drop In Conversation Circles,2020-02-06T19:00:00.000Z,https://schema.org/EventScheduled,https://schema.org/OfflineEventAttendanceMode,Aboriginal Front Door Society,"384 Main Street, Vancouver, BC V6A 2T1, Canada",2020-02-06T20:30:00.000Z
MERRITT- Indigenous Women's Gathering,2019-10-05T16:00:00.000Z,https://schema.org/EventScheduled,https://schema.org/OfflineEventAttendanceMode,Nicola Valley Institute of Technology (N,"4155 Belshaw St, Merritt, BC V1K 1R1, Canada",2019-10-06T05:00:00.000Z
VANCOUVER- Cree & Ojibway Language classes,2020-02-07T02:30:00.000Z,https://schema.org/EventScheduled,https://schema.org/OfflineEventAttendanceMode,NEC Native Education College,"285 E 5th Ave, Vancouver, BC V5T 1H2, Canada",2020-02-07T04:30:00.000Z
VANCOUVER- Ojibway Drop In Conversation Circle,2019-11-28T19:00:00.000Z,https://schema.org/EventScheduled,https://schema.org/OfflineEventAttendanceMode,Aboriginal Front Door Society,"384 Main Street, Vancouver, BC V6A 2T1, Canada",2019-11-28T20:30:00.000Z
NORTH VANCOUVER- Decolonizing Design Open Studio with Sierra Tasi Baker,2019-12-07T21:00:00.000Z,https://schema.org/EventScheduled,https://schema.org/OfflineEventAttendanceMode,Griffin Art Projects,"1174 Welch St, North Vancouver, BC V7P 2R5, Canada",2019-12-07T23:00:00.000Z
VANCOUVER- Indigenous Women's Sweat Lodge Ceremony,2019-09-08T19:00:00.000Z,https://schema.org/EventScheduled,https://schema.org/OfflineEventAttendanceMode,PAFNW,"2017 Dundas St, Vancouver, BC V5L 1J5, Canada",2019-09-09T00:00:00.000Z
VANCOUVER- Ojibway Drop In Conversation Circle,2019-10-03T18:00:00.000Z,https://schema.org/EventScheduled,https://schema.org/OfflineEventAttendanceMode,Aboriginal Front Door Society,"384 Main Street, Vancouver, BC V6A 2T1, Canada",2019-10-03T19:30:00.000Z
VANCOUVER- Ojibway - Drop In Conversation Circles,2020-01-23T19:00:00.000Z,https://schema.org/EventScheduled,https://schema.org/OfflineEventAttendanceMode,Aboriginal Front Door Society,"384 Main Street, Vancouver, BC V6A 2T1, Canada",2020-01-23T20:30:00.000Z
VANCOUVER-Strengthen our Circle Against Lateral Violence,2019-09-04T17:00:00.000Z,https://schema.org/EventScheduled,https://schema.org/OfflineEventAttendanceMode,Vancouver Aboriginal Friendship Centre,"1607 E Hastings St, Vancouver, BC V5L 1S7, Canada",2019-09-04T23:00:00.000Z
CHILLIWACK- Longhouse Harvest Dinner,2019-09-15T00:00:00.000Z,https://schema.org/EventScheduled,https://schema.org/OfflineEventAttendanceMode,Stó:lō Business Association,"7201 Vedder Rd, Chilliwack, BC V2R 4G5, Canada",2019-09-15T04:00:00.000Z
VANCOUVER- Indigenous Women Rise: Tuesday Drumming Circle,2019-10-30T01:30:00.000Z,https://schema.org/EventScheduled,https://schema.org/OfflineEventAttendanceMode,PAFNW,"2017 Dundas St, Vancouver, BC V5L 1J5, Canada",2019-10-30T03:30:00.000Z
VANCOUVER- BC Indigenous Business Awards,2019-10-18T00:30:00.000Z,https://schema.org/EventScheduled,https://schema.org/OfflineEventAttendanceMode,Fairmont Hotel Vancouver,"900 W Georgia St, Vancouver, BC V6C 2W6, Canada",2019-10-18T04:30:00.000Z
VANCOUVER- Indigenous Women Rise: Tuesday Drumming Circle,2019-10-16T01:30:00.000Z,https://schema.org/EventScheduled,https://schema.org/OfflineEventAttendanceMode,PAFNW,"2017 Dundas St, Vancouver, BC V5L 1J5, Canada",2019-10-16T03:30:00.000Z
VANCOUVER- Arming Sisters with Patty Stonefish,2019-08-30T17:00:00.000Z,https://schema.org/EventScheduled,https://schema.org/OfflineEventAttendanceMode,Templeton Park Pool,"700 Templeton Dr, Vancouver, BC V5L 4N8, Canada",2019-08-30T23:00:00.000Z
VANCOUVER- BC First Nations Business Forum,2019-10-11T15:00:00.000Z,https://schema.org/EventScheduled,https://schema.org/OfflineEventAttendanceMode,"The Westin Bayshore, Vancouver","1601 Bayshore Dr, Vancouver, BC V6G 2V4, Canada",2019-10-11T23:00:00.000Z
VANCOUVER- DTES Culture Saves Lives Pow Wow,2019-09-22T06:00:00.000Z,https://schema.org/EventScheduled,https://schema.org/OfflineEventAttendanceMode,CRAB Park at Portside,"101 E Waterfront Rd, Vancouver, BC V6A 4K3, Canada",2019-09-22T12:00:00.000Z
PEMBERTON- Thanksgiving Pow Wow,2019-10-12T02:00:16.644Z,https://schema.org/EventScheduled,https://schema.org/OfflineEventAttendanceMode,Lilwat7ul Culture Centre,"82 Ir 10 Rd, Pemberton, BC V0N 2L0, Canada",2019-10-14T05:00:16.644Z
VANCOUVER- Red Man,2019-07-28T03:00:00.000Z,https://schema.org/EventScheduled,https://schema.org/OfflineEventAttendanceMode,The Pace,"520 Alexander St, Vancouver, BC V6A 1C7, Canada",2019-07-28T07:00:00.000Z
LYTTON- Don Burnstick at the Lytton River Festival,2019-09-01T23:00:00.000Z,https://schema.org/EventScheduled,https://schema.org/OfflineEventAttendanceMode,Lytton,"Lytton, BC, Canada",2019-09-02T00:00:00.000Z
VANCOUVER- Cree & Ojibway Language classes,2020-01-24T02:30:00.000Z,https://schema.org/EventScheduled,https://schema.org/OfflineEventAttendanceMode,NEC Native Education College,"285 E 5th Ave, Vancouver, BC V5T 1H2, Canada",2020-01-24T04:30:00.000Z
SURREY- FRAFCA's Guiding Youth Home Fundraising Gala,2019-11-23T02:30:00.000Z,https://schema.org/EventScheduled,https://schema.org/OfflineEventAttendanceMode,Aria Banquet Hall,"12350 Pattullo Pl, Surrey, BC V3V 8C3, Canada",2019-11-23T07:00:00.000Z
VANCOUVER- Comics in Transit: Indigenous Family History Exhibition,2019-09-27T02:00:00.000Z,https://schema.org/EventScheduled,https://schema.org/OfflineEventAttendanceMode,Red Gate Arts Society,"1965 Main St, Vancouver, BC V5T 3C1, Canada",2019-09-27T04:00:00.000Z
VANCOUVER- Ojibway - Drop In Conversation Circles,2019-12-26T19:00:00.000Z,https://schema.org/EventScheduled,https://schema.org/OfflineEventAttendanceMode,Aboriginal Front Door Society,"384 Main Street, Vancouver, BC V6A 2T1, Canada",2019-12-26T20:30:00.000Z
VANCOUVER- Indigenous Women Rise: Tuesday Drumming Circle,2019-11-27T02:30:00.000Z,https://schema.org/EventScheduled,https://schema.org/OfflineEventAttendanceMode,PAFNW,"2017 Dundas St, Vancouver, BC V5L 1J5, Canada",2019-11-27T04:30:00.000Z
NEW WESTMINSTER- Cedar Sage & Sweetgrass Indigenous Art Show,2019-11-02T18:00:00.000Z,https://schema.org/EventScheduled,https://schema.org/OfflineEventAttendanceMode,100 Braid St Art Studios & Gallery,"200-100 Braid St, New Westminster, BC V3L 3P4, Canada",2019-11-04T01:00:00.000Z
VANCOUVER- Enlightening the Load: A retreat for indigenous women,2020-02-01T03:00:00.000Z,https://schema.org/EventScheduled,https://schema.org/OfflineEventAttendanceMode,Loon Lake Lodge & Retreat Centre,"14500 Silver Valley Rd, Maple Ridge, BC V4R 2R3, Canada",2020-02-03T07:00:00.000Z
