0,telephone,description,addressCountry,addressLocality,addressRegion,ratingValue,priceRange
Aeolos,0755 013 983 - 0755 195 555 - 0755 013 981,"This is a cream coloured, 3 storey, L shaped building facing the sea with a swimming pool out the front surrounded by well kept lush green lawns. This is a fairly newly built family run, Greek contemporary style hotel which is kept in excellent condition. Highly recommended. (0805/AC) This hotel is situated 8 minutes (on foot) from the town centre and the port. The nearest decent beach is in Stafylos 4km from the hotel, easily reached via the local bus service. There is no airport but a selection of ferries and hydrofoils running to the neighbouring islands of Skiathos and Alonnisos as well as the mainland (Volos, Thessaloniki). Rooms are medium in size, in excellent condition and feature air conditioning, telephone, fridge, and a glass of wine on arrival. All bathrooms have showers and all rooms have balconies with sea views.",Grecia,Alonissos,Alonissos,3.0,EUR 0 - EUR 0
Swissotel Al Ghurair Dubai,0755 013 983 - 0755 195 555 - 0755 013 981,Swissotel Al Ghurair Dubai 7 nights FLEXI DUBAI 2021(Vat) Rates are inclusive of 5% Value Added Tax starting from 01st January 2018. Check-In Time: 14:00 & Check-Out Time: 12:00nn. The Rates are applicable for CIS & Russia markets Mandatory New Year Gala Dinner Dinner on 31.12.2017 will be offer as Lunch.,Ukraine,Deira Dubai,Deira Dubai,5.0,EUR 0 - EUR 0
Sea World Pickalbatros Marsa Alam,0755 013 983 - 0755 195 555 - 0755 013 981,&nbsp;&nbsp;&nbsp;&nbsp;Access internet Wi-Fi gratuit&nbsp;&nbsp;&nbsp;&nbsp;&nbsp;&nbsp;&nbsp;&nbsp;Aqua park cu 9 tobogane&nbsp;&nbsp;&nbsp;&nbsp;&nbsp;&nbsp;&nbsp;&nbsp;Centru Wellness & Spa-1082 mp&nbsp;&nbsp;&nbsp;&nbsp;,Egipt,Marsa Alam,Marsa Alam,5.0,EUR 0 - EUR 0
The St. Regis Abu Dhabi,0755 013 983 - 0755 195 555 - 0755 013 981,/2The St. Regis Abu Dhabi 6 nights REVELION 2020/2021ALL Market including GCC and UAE Residents Check-In 15:00hrs Check-Out 12:00hrs Late check-Out betwwen 12:00hrs -18:00hrs will be charge 50% of the daily room rates. Late Check-Out after 18:00hrs will be charge 100% full night,Ukraine,Abu Dhabi,Abu Dhabi,5.0,EUR 3737 - EUR 7474
Grand Hyatt Abu Dhabi Hotel & Residences Emirates Pearl,0755 013 983 - 0755 195 555 - 0755 013 981,/2Grand Hyatt Abu Dhabi Hotel & Residences Emirates Pearl 7 nights REVELION 2020/2021(Vat) Rates are inclusive of 5% Value Added Tax starting from 01st January 2018. Hotel Terms and conditions from 17.12.2018 - 31.12.2019. Check-in: 15:00 hrs Check-out: 12:00 hrs Minimum of 2 nights stay will be applicable to all dates.,Ukraine,Abu Dhabi,Abu Dhabi,5.0,EUR 3106 - EUR 6212
Millennium Al Barsha,0755 013 983 - 0755 195 555 - 0755 013 981,"Millennium Al Barsha 7 nights FLEXI DUBAI 2021(Vat) Rates are inclusive of 5% Value Added Tax starting from 01st January 2018. Tourism Dirham Fee per bedroom per night is payable by the guest upon departure. Check-in Time 15.00 hrs, Check-out Time 12.00 hrs. check-in check-out: Not Allowed on 31.12.2019. Baby Cot will be offered on complimentary basis.(subject to availability) Extra Bed charges are per bed per night per person.",Ukraine,Al Barsha,Al Barsha,4.0,EUR 1033 - EUR 2066
Bab Al Qasr Hotel,0755 013 983 - 0755 195 555 - 0755 013 981,/2Bab Al Qasr Hotel 6 nights REVELION 2020/2021(Vat) Rates are inclusive of 5% Value Added Tax starting from 01st January 2018 Standard Check-in time is 14:00 hrs; Standard Check-out time is 12:00 hrs noon The rates are inclusive of 10% Service Charge and 6% Tourism Fee and 4% Municipality Fee. Buffet breakfast will be taken at Artisan's Kitchen restaurant only.,Ukraine,Abu Dhabi,Abu Dhabi,5.0,EUR 2949 - EUR 5898
Sheraton Abu Dhabi Hotel and Resort,0755 013 983 - 0755 195 555 - 0755 013 981,"/2Sheraton Abu Dhabi Hotel and Resort 7 nights REVELION 2020/2021(Vat) Rates are inclusive of 5% Value Added Tax starting from 01st January 2018 Tourism Dirham Fee per bedroom per night will be pay by the guest directly at the hotel. Check-In time is 15:00hrs, Check-Out time is 12:00nn. The Rates are valid for All Markets Except UAE Residents All Inclusive Supplement is inclusive of lunch and dinner in all day dining restaurant Flavors except special theme nights - alternative venues will be provided with a set menu. Supplement includes free flow of soft drinks and selected beverages (by glass) as per below : - American coffee, regular tea - Local mineral water, soft drinks (Cola, Fanta, Sprite, Canned Juices) - House beer and house wine - Selected Spirits (Rum, Gin, Vodka, Whisky, Brandy) - Long Drinks (combination from the mentioned spirits and soft drinks) - Selected cocktails (Pina Colada, Screw Driver, Cuba Libre and Tom Collins) Room Service and Mini Bar are not included",Ukraine,Abu Dhabi,Abu Dhabi,5.0,EUR 3040 - EUR 6080
Hilton Marsa Alam Nubian,0755 013 983 - 0755 195 555 - 0755 013 981,&nbsp;&nbsp;&nbsp;&nbsp;Access internet Wi-Fi&nbsp;&nbsp;&nbsp;&nbsp;&nbsp;&nbsp;&nbsp;&nbsp;3 restaurante á la carte&nbsp;&nbsp;&nbsp;&nbsp;,Egipt,Marsa Alam,Marsa Alam,5.0,EUR 0 - EUR 0
Corniche Hotel Abu Dhabi,0755 013 983 - 0755 195 555 - 0755 013 981,"/2Corniche Hotel Abu Dhabi 7 nights REVELION 2020/2021(Previously Millennium Corniche Hotel Abu Dhabi) Hotel Remarks valid from 01.11.2017 till 31.10.2017 Rates valid for ALL MARKETS Check in Time: After 14:00 hrs, Check out Time: 12:00 hrs All guest arriving before 14:00 hrs will be accommodatedas rooms become available. Rates are inclusive to all applicable taxes 10% service charge, 06% tourism fee, 04% municipality fee Minimum Length of Stay during Exhibition & Events period is 3 Nights.",Ukraine,Abu Dhabi,Abu Dhabi,5.0,EUR 1977 - EUR 3954
Emirates Palace Abu Dhabi,0755 013 983 - 0755 195 555 - 0755 013 981,"/2Emirates Palace Abu Dhabi 6 nights REVELION 2020/2021(Vat) Rates are inclusive of 5% Value Added Tax starting from 01st January 2018. Check-in time is 14:00 hours and Check-out time is 12:00 noon. New Year's Eve Package supplement is mandatory for all bookings throughout 31.12.2017 & 01.01.2018. Minimum Length of Stay 3 nights for all bookings over 31.12.2017 & 01.01.2018. No check-out allowed on 31.12.2017 and 01.01.2018 Half Board is provided only as breakfast + Lunch on 24.12.2017 & 31.12.2017 and Half Board is provided only as breakfast + Dinner on 01.01.2018 Contract prices are not valid during IDEX, FORMULA 1 and GCC SUMMIT December 2017.",Ukraine,Abu Dhabi,Abu Dhabi,5.0,EUR 0 - EUR 0
ALBATROS CITADEL RESORT (EX.CITADEL AZURE),0755 013 983 - 0755 195 555 - 0755 013 981,,Egypt,Sahl Hasheesh,Sahl Hasheesh,5.0,EUR 1165 - EUR 2330
Al Khoory Atrium Hotel - Al Barsha,0755 013 983 - 0755 195 555 - 0755 013 981,Al Khoory Atrium Hotel - Al Barsha 6 nights FLEXI DUBAI VARA 2020Hotel Remarks till 31.10.2017 All Market including GCC Check-In Time: 15:00 & Check-Out Time: 12:00nn. --------------------------------------------------------------------- Hotel Remarks 1st November 2017 till 31st December 2017 Check in time is 15 hrs an Rates are inclusive of 10%Service Charge and 10% municipality Fees. Breakfast will be taken at SPICES Restaurant,Ukraine,Al Barsha,Al Barsha,4.0,EUR 1136 - EUR 2272
Minos Ambassador All Suites & Spa,0755 013 983 - 0755 195 555 - 0755 013 981,,Greece,Isl Crete Rethymno,Isl Crete Rethymno,5.0,EUR 0 - EUR 0
Achousa Hotel,0755 013 983 - 0755 195 555 - 0755 013 981,"Achousa Hotel - Charter Avion Rodos (Timisoara) 2020This property is 11 minutes walk from the beach. Set amongst lush gardens on the outskirts of Faliraki in Rhodes, Achousa Hotel features a swimming pool and a sun terrace with a pool bar. Free Wi-Fi is provided throughout. Each studio has a private balcony with pool or garden views. A kitchenette with a fridge, cooking hobs and electric kettle is included in all units at the Achousa. Cocktails and ice creams are served at the bar while the pool bar provides snacks such as salads and omelettes as well as full meals throughout the day. A BBQ is held weekly in the swimming pool area. Bars, restaurants and shops are available just a 10-minute walk from the hotel. Staff at the 24-hour front desk can arrange car rental. Rhodes Town is 11 km away. Free private parking is possible on site.",Grecia,Rodos,Rodos,3.0,EUR 958 - EUR 1916
"Radisson Blu Hotel & Resort, Abu Dhabi Corniche (Former Hilton Abu Dhabi)",0755 013 983 - 0755 195 555 - 0755 013 981,"/2Radisson Blu Hotel & Resort, Abu Dhabi Corniche (Former Hilton Abu Dhabi) 7 nights REVELION 2020/2021(Vat) Rates are inclusive of 5% Value Added Tax starting from 01st January 2018 Check-In Time: 14:00 & Check-Out Time: 12:00nn. HB option is available for lunch or dinner excluding New Year's Eve dinner and during occasions with Special Brunch. Compulsory New Year's Gala Dinner 31.12.2017",Ukraine,Abu Dhabi,Abu Dhabi,5.0,EUR 3273 - EUR 6546
Saadiyat Rotana Resort & Villas- Abu Dhabi,0755 013 983 - 0755 195 555 - 0755 013 981,"/2Saadiyat Rotana Resort & Villas- Abu Dhabi 7 nights REVELION 2020/2021(Vat) Rates are inclusive of 5% Value Added Tax starting from 01st January 2018. Contracted rates valid to CIS Market,Europian & Russian. Check-in:15:00 hours Check-out:12:00 noon",Ukraine,Abu Dhabi,Abu Dhabi,5.0,EUR 0 - EUR 0
Hilton Garden Inn Dubai Al Muraqabat,0755 013 983 - 0755 195 555 - 0755 013 981,Sejur Dubai - Hilton Garden Inn Dubai Al Muraqabat,Emiratele Arabe Unite,Dubai,Dubai,4.0,EUR 0 - EUR 0
Roda Al Bustan Dubai Airport Hotel,0755 013 983 - 0755 195 555 - 0755 013 981,Roda Al Bustan Dubai Airport Hotel 7 nights FLEXI DUBAI VARA 2020Previously 'Al Bustan Rotana' Tourism Dirham Fee per bed room per night will pay by the guest at the hotel directly Check-In Time: 14:00 & Check-Out Time: 12:00nn. New Year Gala Dinner on 31.12.2017,Ukraine,Deira Dubai,Deira Dubai,5.0,EUR 0 - EUR 0
Park Rotana Abu Dhabi,0755 013 983 - 0755 195 555 - 0755 013 981,/2Park Rotana Abu Dhabi 7 nights REVELION 2020/2021(Vat) Rates are inclusive of 5% Value Added Tax starting from 01st January 2018 Check-In Time: 14:00 & Check-Out Time: 12:00nn.,Ukraine,Abu Dhabi,Abu Dhabi,5.0,EUR 2224 - EUR 4448
Hyatt Place Dubai/ Al Rigga,0755 013 983 - 0755 195 555 - 0755 013 981,"Hyatt Place Dubai/ Al Rigga 5 nights FLEXI DUBAI 2021The room rates are inclusive of 10% Service Charge and 10% Municipality Fee. Tourism Dirham Fee per room per night is payable by the guest upon departure. The hotel provides free connection to WiFi Internet in rooms and public places of hotel. The hotel provides a free group transfer on the Al Mamzar Beach Park beach according to the schedule. Check - In - 14:00 hrs Check - Out - 12:00 hrs ---------------------------------------------------------------------------------------------------------------------- Hotel Remarks December 28 2017 till December 28 2018 Rates are inclusive of Service Charge and 10% Municipality Fee. Minimum Lenght of 6 Nights Stay is required from 28.12.2017 - 02.01.2018. Check out on 31.12.2017 is not allowed. Check in time is 14 hrs and check out time is 12 hrs Hotel provides complimentary shuttle service to Mamzar Beach park Half board can be Lunch or Dinner Baby cots and Roll-away beds are free of charge,subject to availability.",Ukraine,Deira Dubai,Deira Dubai,4.0,EUR 1078 - EUR 2156
Fairmont Bab Al Bahr,0755 013 983 - 0755 195 555 - 0755 013 981,/2Fairmont Bab Al Bahr 6 nights REVELION 2020/2021(Vat) Rates are inclusive of 5% Value Added Tax starting from 01st January 2018.,Ukraine,Abu Dhabi,Abu Dhabi,5.0,EUR 3433 - EUR 6866
"Hilton Dubai, Al Habtoor City",0755 013 983 - 0755 195 555 - 0755 013 981,"Hilton Dubai, Al Habtoor City 7 nights FLEXI DUBAI VARA 2020(Vat) Rates are inclusive of 5% Value Added Tax starting from 01st January 2018 Check-in time: 15:00 hrs, Check-out time: 12:00 hrs",Ukraine,Sheikh Zayed,Sheikh Zayed,5.0,EUR 0 - EUR 0
Beach Albatros Resort,0755 013 983 - 0755 195 555 - 0755 013 981,&nbsp;&nbsp;&nbsp;&nbsp;Centru Wellness & Spa&nbsp;&nbsp;&nbsp;&nbsp;&nbsp;&nbsp;&nbsp;&nbsp;Centru de diving&nbsp;&nbsp;&nbsp;&nbsp;&nbsp;&nbsp;&nbsp;&nbsp;Acces internet Wi-Fi gratuit&nbsp;&nbsp;&nbsp;&nbsp;,Egipt,Hurghada,Hurghada,4.0,EUR 1038 - EUR 2076
Citymax Al Barsha at the Mall,0755 013 983 - 0755 195 555 - 0755 013 981,Citymax Al Barsha at the Mall 5 nopti - Charter avion Dubai Cluj 2020-2021 AnimaWings,Emiratele Arabe Unite,City Area,City Area,3.0,EUR 1149 - EUR 2298
Al Hamra Village,0755 013 983 - 0755 195 555 - 0755 013 981,Al Hamra Village 7 nights FLEXI DUBAI TOAMNA 2020(Vat) Rates are inclusive of 5% Value Added Tax starting from 01st January 2018. Tourism Dirham Fee per bed room per night will pay by the guest at the hotel directly,Ukraine,Ras Al Khaimah,Ras Al Khaimah,5.0,EUR 0 - EUR 0
HAWAII RIVIERA CLUB(2nd LINE),0755 013 983 - 0755 195 555 - 0755 013 981,,Egypt,Al Ahyaa Road,Al Ahyaa Road,4.0,EUR 1045 - EUR 2090
Alkionis Studios,0755 013 983 - 0755 195 555 - 0755 013 981,"It is a contemporary building of 15 rooms with fully equipped kitchen and veranda. The property disposes 2 types of accommodation, Studios amp; Apartments. All rooms feature bathroom with shower, air conditioning, fridge, telephone line, radio and satellite TV, but the Apartments have also a second separate bedroom. Double and single beds, are available in all room types.",Gr,Kalithea,Kalithea,1.0,EUR 324 - EUR 648
Tulip Al Barsha Hotel Apartment,0755 013 983 - 0755 195 555 - 0755 013 981,/2Tulip Al Barsha Hotel Apartment 7 nights REVELION 2020/2021,Ukraine,Al Barsha,Al Barsha,0.0,EUR 0 - EUR 0
ALBATROS AQUA BLU RESORT HURGHADA (EX. SEA WORLD RESORT),0755 013 983 - 0755 195 555 - 0755 013 981,,Egypt,Village Road,Village Road,4.0,EUR 0 - EUR 0
Alkyon Hotel,0755 013 983 - 0755 195 555 - 0755 013 981,Alkyon Hotel -Sejur individual Thassos 2020,Grecia,Thassos,Thassos,3.0,EUR 0 - EUR 0
Beach Rotana Abu Dhabi,0755 013 983 - 0755 195 555 - 0755 013 981,/2Beach Rotana Abu Dhabi 6 nights REVELION 2020/2021(Vat) Rates are inclusive of 5% Value Added Tax starting from 01st January 2018 Check-In Time: 14:00 & Check-Out Time: 12:00nn.,Ukraine,Abu Dhabi,Abu Dhabi,5.0,EUR 2659 - EUR 5318
Ibis Styles Dubai Airport,0755 013 983 - 0755 195 555 - 0755 013 981,"Ibis Styles Dubai Airport 7 nights FLEXI DUBAI TOAMNA 2020(Vat) Rates are inclusive of 5% Value Added Tax starting from 01st January 2018 Tourism Dirham Fee per bedroom per night payable directly by the guests to the hotel. Hotel Remarks: 01.11.2017 - 31.10.2018 Check In: 14:00hrs, Check Out: 12:00hrs",Ukraine,Deira Dubai,Deira Dubai,3.0,EUR 1034 - EUR 2068
CORAL LOS ALISIOS,0755 013 983 - 0755 195 555 - 0755 013 981,CORAL LOS ALISIOS 7 nights VARA 2020 SUM1The Coral Los Alisios is a refurbished apartment resort in Los Cristianos with 70 and 120-square-metre rooms specially designed for family holidays at the shores of the Atlantic. This comfortable accommodation of minimalist style and with an excellent quality price ratio offers services proper of a hotel but with the intimacy and privacy of some comfortable apartments.,Spania,Los Cristianos,Los Cristianos,4.0,EUR 0 - EUR 0
ALBATROS CITADEL RESORT (EX.CITADEL AZURE),0755 013 983 - 0755 195 555 - 0755 013 981,,Egypt,Sahl Hasheesh,Sahl Hasheesh,5.0,EUR 0 - EUR 0
Al Raha Beach Hotel Abu Dhabi,0755 013 983 - 0755 195 555 - 0755 013 981,"/2Al Raha Beach Hotel Abu Dhabi 6 nights REVELION 2020/2021Check-In time is 15:00 hours and Check-out time is 12:00 noon. The hotel provides free WiFi internet access in the rooms and public areas. Maximum 1 Extra Bed can be provided in the Superior room, Gulf View Room and Grand Gulf View Room The hotel provides complimentary shuttle bus service to 'Grand Mosque', 'Madinat Zayed', 'Yas Waterworld', 'Ferrari Park' and 'Marina and Yas Mall' on schedule. BB/HB/FB (breakfast, lunch, dinner) at the prices specified in the table, only at SEVILLA restaurant. Drinks for an additional payment. Al Raha Beach Hotel is connected to Al Raha Mall. All Inclusive supplememnt is inclusive of lunch and dinner, includes free flow of soft drinks and selected (by glass) as per below : - American coffee, regular tea, local mineral water, soft drinks (Cola, Fanta, Sprite, Canned juices), House Beer and House Wine, Selected Spirits : (Rum, Gin, Vodka, Whisky, Brandy), Long Drinks : (combination from the mentioned spirits adn soft drinks), Selected Cocktails : (Pina Colada, Screw Driver, Cuba Libre and Tom Collins) 10.07.2016 - 15.08.2016 Hotel will have annual maintenance of the outdoor main swimming pool. Only Villa Swimming pools and Villa kid's",Ukraine,Abu Dhabi,Abu Dhabi,5.0,EUR 2833 - EUR 5666
