0,jobTitle,worksFor
Katy Zikking,Founder | Solicitor | Director,"Harbour Family Law (Clifton, Bristol)"
John Ireland,Home Owner,"Domestic Property (Henbury, Cheshire)"
Roger Grooms,Purchasing Director,"Trelleborg AVS (Leicester, Leicestershire)"
Anthony Meleady,Special Assistant Project Manager,"Royal Free London NHS Foundation Trust (Hampstead, London)"
Joshua Noon,Brand & Marketing Manager,"IPassport Limited (Croydon, Greater London)"
Gega Bejashvili,Managing Director,"BJ Refurbishments (Putney Bridge, London)"
Admir Elezaj,Director,"Adiva Accountants Ltd (Bromley, London)"
Neil Pascoe,Chief Executive,"Wyedean Housing Association (Coleford, Gloucestershire)"
Kamal Khan,Director,"Tax solutions Ltd. (Darnall, Sheffield)"
Matt Gallagher,Director,"Interest Free 4 Cars [Goball Ltd] (Hull, East Riding of Yorkshire)"
Andy Walch,Site Manager,"O & P Construction Services Ltd (Sheffield, South Yorkshire)"
Alec Dobbie & Adam Gillett,Director & Chief Commercial Officer,"Fanfinders Ltd (Shoreditch, London)"
Elliott Myatt / Adrian Myatt,Directors,"Play Area Hygiene Services Ltd (Totnes, Devon)"
Joel Hannington,Architectural Designer,"Gad Arch Design Services Ltd (Kings Lynn, Norfolk)"
Colin Allan,Director,"Allan Controls Automation Ltd (Allerton, Liverpool)"
Julie Potts,Finance Administrator,"Eric Moore Partnership (Warrington, Cheshire)"
Ben Doouss,Director,"Woodstock Trading Company (Hereford, Herefordshire)"
Andrew Cash,Customer Success Manager,"Superfast IT (Stourbridge, West Midlands)"
Callum Dunne,Contracts Manager,"AOD Contracts (Twickenham, London)"
Milla Richardson,Social Media Consultant,"Pink Storm Social (Southam, Warwickshire)"
Darren Tomkins,Technical Ops Director,"Encome Energy Performance UK Ltd (Hereford, Hertfordshire)"
Lekia Lebari-Orleans,Architect,"Octopus Architects (Royal Liver Buildings, Liverpool)"
Jade Bloom,PA to Directors,"The Harouni Group (West Hampstead, London)"
Pete Manton,CI & Facilities Project Coordinator,"J J Churchill (Nuneaton, Leicestershire)"
Ian Cundell,Managing Director,"The British Premium Sausage Company (Normanton, West Yorkshire)"
Mike Box,Chief Financial Officer,"Reservoir / Reverb Music Ltd (Chiswick, London)"
Sarah Mann,Head of Legal,"Circus of Boom Ltd (St. Philips, Bristol)"
Patrick Wilbraham,Head of A&R and Facilities,"Pinewood Studios Group (Shepperton, Greater London)"
Phil McDonnell,Company Director,"Horizon Entertainment Cargo (Richmond upon Thames, Greater London)"
Robert Gilgorov,Maintenance & Facility Manager,"12 Hay Hill Ltd (Mayfair, London)"
David Balls,Contract Manager / Director,"JD Interior Solutions Ltd (Southwark, London)"
Steve Grimbleby,Estimating Manager,Stubbs Brothers Building Services Ltd (East Riding of Yorkshire)
Laura Cook,Business Secretary,"Up & Away Aviation Detailing Ltd (Kidlington, Oxfordshire)"
Stuart Hutchinson,Design & Marketing Manager,"Ultima furniture Systems Ltd (Pontefract, West Yorkshire)"
Stephen Kirk,Manufacturing and Project Manager,"LNS Turbo UK Ltd (Barnsley, South Yorkshire)"
Simon Pope,Field Services & Facilities Officer,"Westbase Technology Ltd (Caldicot, Monmouthshire)"
David Mulholland,Contract Manager,"AR Watson Building Contractors Limited For The Sandringham School (St Albans, Hertfordshire)"
James Talbot,Head of IT,"We Want Any Car Ltd (Burntwood, Staffordshire)"
Steve Kirk,Health & Safety Facilities Manager,"Bunzl Retail Supplies (Swinton, Manchester)"
Jason Pledger MCIAT C.Build E FCABE,Design Director,"Laurence Associates (Truro, Cornwall)"
Rachel Smith,Director,"Coherence Digital (Brighton, East Sussex)"
Mark Hudson,Operations Manager,"Select Offshore (Billericay, Essex)"
Peter Webb MIRP,Director,"Alexander Associates (Westerham, Kent)"
Simon Reading,Project Manager,"PEP Project Management Ltd (Braintree, Essex)"
Neyran Erdonmez,Architect,"LS Studio London Ltd (Farringdon, London)"
Daryl Butcher,Sales Team Leader,"Tygris Ltd (Irvine, Ayrshire, Scotland)"
Anthony Perry,Development Director,"Archway Construction (Northampton, Northamptonshire)"
Barrie Heywood,Owner,"BC Heywood Joinery (Nantwich, Cheshire)"
Aurore Baulier ARB,Architect,Atelier Baulier Ltd (London)
Paul Sandy,Director,"Decran Ltd (Newbury, Berkshire)"
Kelly Durrant,Director,"Equation Recruitment (Bicester, Oxfordshire)"
Zaid Bunni,Director,"Swedbrand Ltd (Camden, London)"
Chris Chapman,Senior Architect,"Hoban Design (Wimbledon, London)"
Kim Huckstep,Church Administrator,"Riverside Vineyard Church (Whitstable, Kent)"
Myles O'Connor,Surveyor,"Thomas and Sons [Construction] Limited (University Park, Nottingham)"
Robin Parr,Project Co-ordinator,"Vilicom (Reading, Berkshire)"
Ismael Valero,IT Director,"Small Back Room (Southwark, London)"
Bess Sturman,Interior Designer/Director,"Sturman & Wood (Ilkley, West Yorkshire)"
Nick Ellison,MD / Founder,"Purr Group (Fitzrovia, London)"
Joe Munns,Managing Director,"Bakedin (Basingstoke, Hampshire)"
Danny Blackwell,Facilities Manager,"Taylor Rose TTKW Limited (Deansgate, Manchester)"
Rob Castleman,Operations Director,"Daly Systems Ltd (Leicester, East Midlands)"
Chris Carter,Construction Manager,"Claines Construction (Evesham, Worcestershire)"
Kevin Baker,HSQE & Facilities Director,"Arken Pop (Newmarket, Suffolk)"
Vicky Nolan,Director,"Croft Myl (Halifax, West Yorkshire)"
Karl Burns,Director,"Wind Power Consultants (Shildon, County Durham)"
Jon Dobson,Owner & Senior Colourist,"Wash Post Ltd (City of London, London)"
Susanna Citrano,ARB Architect,"Ovrll Architecture [For The Burlington School of English Project] (Wandsworth, London)"
Sharna Bullen,Operations Manager,"PSC UK CENTRAL SERVICES (City of London, London)"
John Lipper,Group Managing Director,"Madison Brook International (Royal Victoria Dock, London)"
Revd Jet Jones,Director of Regeneration and Community Transformation and CEO,"Together For Change (Nuneaton, Warwickshire)"
Darren Halliday,Contracts Manager,"L.I.P. Construction (Lockerbie, Dumfries and Galloway)"
Katy Boughton,Operations Manager,"Engineered Systems (Electrical) Ltd (Stourton, Leeds)"
Callie Williams-Ward,Operational Support Manager,"Aalco Metals Limited (Chepstow, Gwent)"
Jonathan Hall,Director,"Platinum Management Solutions Ltd (Hyde, Manchester)"
Manuela Rossini,Homeowner,"Residential Project (Friary Park, London)"
Brian Peach,Director,"Skyler Contracting Ltd (Rochester, Kent)"
Gabrielle Omar,Architect,"Spot this Space (Stratford, London)"
Amarpall Samby,Property Manager,"Emerald Group (Bingley, West Yorkshire)"
Sean Butler,Project Manager,"HDI Ltd (Northern Quarter, Manchester)"
Kaiden Goldspink,Quantity Surveyor,"PJ Spillings (Builders) Ltd (Lowestoft, Suffolk)"
Jack Presland,Director,"GLX Limited (Norwich, Norfolk)"
Gary Norrie,Project Manager,"Garvel Clyde Ltd (Greenock, Renfrewshire)"
Nigel Ponsford,Partner,"Decora Mouldings (Gloucester, Gloucestershire)"
Catriona Humphries,Homeowner,"Domestic Project (Amersham, Buckinghamshire)"
Sarah Reed,Town Clerk,"Watchet Town Council (Watchet, Somerset)"
Darren Borg,Regional Director,"Wingate Electrical PLC (Waterloo, London)"
Aden Ottewill,Managing Director,"Prodigy IT Solutions (Blandford, Dorset)"
John Doyle,Contracts Manager,"Frencon Construction Limited (High Wycombe, Buckinghamshire)"
David Stratton,Director,"Aspect Interior Concept Ltd (Swindon, Wiltshire)"
Dave Williams,Technical Director,"Creative Network Solutions (Bamber Bridge, Lancashire)"
Danielle Stuart,Senior Operations Executive,"Leith Planning Group (Kirkham, Lancashire)"
Martin Gregory,Homeowner,"Dartmouth, Devon"
John Mitson,Owner,"J Mitson Building Contractors (Chelmsford, Essex)"
Neil Craig,Director,GMC Building Contractors Ltd
Liz McCallum,Homeowner,"Residential Project (Walton-on-Thames, Surrey)"
Faye Browning,Managing Director,"My Brother Bob Limited (Clerkenwell, London)"
Sophia Valenzuela,Assistant To Directors,"Cedar Dean Commercial (Soho, London)"
Rob Brown,Field Sales Engineer,"RJS Electronics Ltd (Bedford, Bedfordshire)"
Paul Hepples,Project Manager,"Naylor Industries Plc (Barnsley, South Yorkshire)"
Marcus Hunt,European & Asia DC Manager,"Thule Outdoor Limited (Haverhill, Suffolk)"
Brian Agacy,Contracts Manager,"Lilleker Bros Ltd (Rotherham, South Yorkshire)"
Mark Orchard,Managing Director,"Finewood Marketing [UK] Ltd (Chesterfield, Derbyshire)"
Sarah Fryer,Office Manager,"Ayima Ltd (Barbican, London)"
Jane Lee,General Manager,"Rescom Ltd (Worsley, Manchester)"
Paul Clarke,Account Director,"Mosaic Print Management (Long Marston, York)"
Alex Neumann,Operations Manager,"One Step Solutions LLP (Huntingdon, Cambridgeshire)"
Kim Harris,Director,"Business Savings Experts (Harpenden, Hertfordshire)"
Tom Johnson,Office Manager,"MB Cable Ltd (Brighton, East Sussex)"
Bob Jones,Stores Manager,"Costain Group PLC (Tonbridge, Kent)"
Joe Marks,Head of Procurement,"Decorean Ltd (Lewisham, London)"
Carl Johnston,Commercial Manager,"CN Projects (Dunstable, Bedfordshire)"
Garry Kemp,Managing Director,"Kemp Developments Ltd (Beverley, East Yorkshire)"
