0,description,worstRating,ratingValue,ratingCount,bestRating
00K9 (2020),"When Oddball, head of the Canine Intelligence Agency (CIA), learns of a villain named Sharposki and his elaborate plot to detonate a nuclear warhead to destroy the CIA and the whole galaxy with it, he has no choice but to call in Agent 00K9 to solve the case. Action, adventure, and comedy: 00K9 likes his tail shaken.",1.0,9.6,569.0,10.0
The Willoughbys (2020),"Convinced they'd be better off raising themselves, the Willoughby children hatch a sneaky plan to send their selfish parents on vacation. The siblings then embark on their own high-flying adventure to find the true meaning of family.",1.0,9.6,570.0,10.0
Latte & the Magic Waterstone (2019),Follows the journey of a young hedgehog who wants to save the forest and its inhabitants from a horrible drought by reclaim a magical waterstone from the bear king.,1.0,9.6,569.0,10.0
World of Tomorrow Episode Two: The Burden of Other People's Thoughts (2017),"Emily is visited by a backup clone of herself from the even-more distant future, as they must venture into eachother's psyche in order to restore the clone's deteriorating mind.",1.0,9.6,569.0,10.0
Dragons: Rescue Riders: Secrets of the Songwing (2020),"When a musical dragon with a beautiful voice hypnotizes the dragons and people of Huttsgalor, the Rescue Riders have to find a way to break the spell.",1.0,9.6,569.0,10.0
Spaced Cats,"Meet the Spaced Cats, two cannabis-craving cats on a mission to cop the best weed in the galaxy. This crew is higher than outer space itself and it's going to take help from all the wrong places to succeed on their mission. Blast off to parts unknown: these felines are flying high.",1.0,9.6,569.0,10.0
StarDog and TurboCat (2019),A loyal dog and a vigilante cat embark on a space age voyage to find their way home.,1.0,9.6,569.0,10.0
Açela (2020),Açela and her friends embark on an enchanting journey deep into a mysterious forest to discover the village's legend of the Taleteller.,1.0,9.6,569.0,10.0
Trolls World Tour (2020),"Poppy and Branch discover that they are but one of six different Troll tribes scattered over six different lands devoted to six different kinds of music: Funk, Country, Techno, Classical, Pop and Rock. Their world is about to get a lot bigger and a whole lot louder. A member of hard-rock royalty, Queen Barb, aided by her father King Thrash, wants to destroy all other kinds of music to let rock reign supreme. With the fate of the world at stake, Poppy and Branch, along with their friends, set out to visit all the other lands to unify the Trolls in harmony against Barb, who's looking to upstage them all",1.0,9.6,580.0,10.0
Scoob! (2020),"Scooby and the gang face their most challenging mystery ever: a plot to unleash the ghost dog Cerberus upon the world. As they race to stop this dogpocalypse, the gang discovers that Scooby has an epic destiny greater than anyone imagined.",1.0,9.5,601.0,10.0
Sonic the Hedgehog (2020),"After discovering a small, blue, fast hedgehog, a small-town police officer must help it defeat an evil genius who wants to do experiments on it.",1.0,9.6,586.0,10.0
We Bare Bears: The Movie (2020),"Grizz, Panda, and Ice Bear embark on an adventure to Canada after an agent from the Department of National Wildlife Control tries to put an end to their hi-jinx.",1.0,9.6,580.0,10.0
Playdate with Destiny (2020),Maggie and Marge are having a play-date at Springfield's finest toddler play park when Maggie becomes smitten with a little boy. It's love at first suck and Maggie dreams about seeing him again after a day full of make-believe romance.,1.0,9.6,570.0,10.0
Hair Love (2019),A father tries to do his daughter's hair for the first time.,1.0,9.6,569.0,10.0
