0,1,2,3,4,cookTime,6,7,prepTime,9,10,11,12,13,14,15,16,transFatContent,18,19,20,unsaturatedFatContent
White Chocolate Strawberry Martini,"A special martini perfect for Valentine's Day, an anniversary, or any romantic occasion.",,2014-02-09 13:18:48,,,10 min,0.0,10 min,0.0,374 g,19 g,4.0,26 g,21 g,2 g,1 g,0 g,10 g,4 g,285 calories,1 g
Whole Grain Gingersnaps,These whole grain gingersnaps are a chewy and delicious molasses cookie made with two whole grains and studded with candied ginger.,,2013-12-19 07:55:12,,14 min,35 min,0.0,20 min,0.0,25 g,8 g,4.0,82 g,15 g,3 g,1 g,0 g,18 g,4 g,101 calories,1 g
Thai Noodle and Vegetable Salad,"Peanut-y with a hint of spice, Thai Noodle and Vegetable Salad combines brown rice noodles, chopped vegetables and a spicy sauce.",8,2019-06-09 18:38:07,,2 min,15 min,0.0,15 min,0.0,170 g,6 g,4.0,342 g,44 g,1 g,8 g,0 g,0 g,7 g,262 calories,5 g
Citrus Salad with Blue Cheese,"Citrus Salad with Blue Cheese is sweet & bright for winter. And with lettuce, fruit & cheese, it’s extra healthy when it counts!",,2017-01-26 14:50:48,,,10 min,0.0,10 min,0.0,219 g,15 g,4.0,209 g,20 g,3 g,5 g,0 g,6 g,17 g,243 calories,13 g
"Steak, Blue Cheese, Veggie Wraps","Sirloin tips, chopped fresh veggies and blue cheese pair perfectly for a Steak, Blue Cheese, Veggie Wrap Sandwich that is tasty, healthy and economical!",,2016-09-04 16:11:32,,5 min,20 min,0.0,15 min,0.0,321 g,4 g,4.0,769 g,42 g,11 g,43 g,0 g,112 g,27 g,585 calories,15 g
Whole Wheat Pumpkin Donuts,"With nearly a full days worth of vitamin A, these quick, easy and delicious Whole Wheat Pumpkin Donuts say \""never too much pumpkin.\",,2015-10-18 16:25:29,,14 min,25 min,0.0,10 min,0.0,130 g,44 g,4.0,219 g,65 g,4 g,4 g,0 g,57 g,15 g,399 calories,10 g
Brandied Cherry Clafoutis,Brandied Cherry Clafoutis (pronounced klah-foo-TEE) is a custardy dessert full of fruit and vanilla. Imagine a sweet quiche with the slightest hint of cakiness (the tiny bit of flour also makes the recipe more forgiving). Perfect for brunch or a dessert with flare.,,2018-04-15 15:24:48,,45 min,1 hr,0.0,10 min,0.0,156 g,36 g,4.0,57 g,45 g,1 g,6 g,0 g,94 g,3 g,221 calories,2 g
Fall Colors Pavlova Meringue Dessert,Light and airy meringues topped with sorbet & fruit are a perfect dessert for fall--or anytime you need a dessert that is light and special.,,2016-10-13 15:37:51,,1 hr,2 hr,0.0,15 min,0.0,168 g,30 g,4.0,206 g,37 g,4 g,9 g,0 g,22 g,7 g,239 calories,3 g
Strawberry Meringue Dessert,A deceptively simple light desert with meringue and strawberries that works well for brunch or a special dinner.,,2014-05-06 20:59:05,,35 min,3 hr,0.0,20 min,0.0,154 g,33 g,4.0,42 g,36 g,8 g,3 g,0 g,44 g,13 g,262 calories,4 g
Fusion Bruschetta,,,2019-11-30 23:00:29,,5 min,15 min,0.0,10 min,0.0,45 g,1 g,4.0,225 g,9 g,0 g,2 g,0 g,0 g,1 g,49 calories,0 g
Chocolate Espresso Custard Pie,"With a whipped mascarpone topping and chocolate cookie crust this espresso latte custard pie is reminiscent of tiramisu, minus the lady fingers.",,2019-11-21 15:44:16,,30 min,3 hr,0.0,15 min,0.0,145 g,22 g,4.0,231 g,35 g,15 g,7 g,0 g,131 g,30 g,434 calories,13 g
Pumpkin Creme Brulee,"Maple Pumpkin Crème Brulee is sweet and creamy with a crunchy, caramel-y sugar top. And you don't need a torch to make it!",,2017-11-02 10:55:16,,30 min,4 hr,0.0,10 min,0.0,122 g,12 g,4.0,35 g,17 g,16 g,4 g,0 g,267 g,27 g,322 calories,10 g
Steak Fajita Nachos,Spiff up your football snacking or just make the most fun dinner ever with these Steak Fajita Nachos. A crowd pleaser that's ready in minutes!,8,,,PT15M,PT30M,,PT15M,,,,,,,,,,,,,
Hearty Stovetop Beef Stew,,12,2017-08-27 16:24:17,,2 hr,2 hr 30 min,0.0,30 min,0.0,524 g,8 g,4.0,401 g,37 g,6 g,41 g,0 g,99 g,16 g,488 calories,9 g
Mushroom Beef Burger,"Flavored with lots of chopped mushrooms, plus onions and more, this mushroom beef burger is a healthy and tasty grilling alternative.",,2019-07-20 22:11:02,,10 min,20 min,0.0,10 min,0.0,109 g,1 g,4.0,89 g,3 g,4 g,16 g,1 g,78 g,10 g,166 calories,4 g
Spicy Fried Breakfast Potatoes,"Spicy fried breakfast potatoes blend the comfort of fried potatoes with the flavor, color and antioxidant properties of turmeric and other spices! Gotta love comfort food!",,2018-02-04 09:47:38,,15 min,25 min,0.0,10 min,0.0,251 g,3 g,4.0,165 g,41 g,1 g,5 g,0 g,0 g,7 g,241 calories,6 g
Biscuits and Gravy,"Creamy gravy & savory sausage, topping carb-happy biscuits, makes Biscuits and Gravy a comfort food that's perfect any time of day!",6,,,PT15M,PT20M,,PT5M,,,,,,,,,,,,,
Orange Madeleines,"Is it a cake? Is it a cookie? That is the question--if you’re talking madeleines. Like these Sunshine Orange Madeleines. Sweet golden scallops with a soft and cake-y inside and a buttery crunch outside, there’s a lot to love here!",,2018-05-24 14:44:26,,12 min,1 hr 30 min,0.0,20 min,0.0,38 g,9 g,4.0,38 g,17 g,5 g,2 g,0 g,51 g,9 g,153 calories,2 g
Patsy's Spaghetti and Veal Meatballs,Celebrate National Pasta Day with delicious Spaghetti & Veal Meatballs from the famed Patsy's Italian Restaurant in New York City!,,,,,,,,5.0,6,,,,,,,,,,,
Creme Anglaise Fondue,"Like a rich liquid custard, crème anglaise fondue is perfect for dipping fruit or brownie bites. Drizzling cake or pie. Topping crepes. Can you say mmm?",4,2018-12-16 15:23:39,,15 min,20 min,0.0,5 min,0.0,76 g,8 g,4.0,30 g,9 g,8 g,3 g,0 g,135 g,14 g,171 calories,5 g
Spiced Cider,Making hot spiced cider is quick and easy (and all natural) if you start with your own spiced cider concentrate. Relax and enjoy winter!,,2015-11-23 18:06:23,,,,0.0,,0.0,227 g,29 g,4.0,9 g,32 g,0 g,0 g,0 g,0 g,0 g,130 calories,0 g
Rosemary Rubbed SIrloin,"Rosemary Rubbed Sirloin takes summer grilling over the top with a simple rub of rosemary, garlic, olive oil, salt and pepper.",,2016-05-26 11:27:23,,10 min,20 min,0.0,,0.0,178 g,0 g,4.0,176 g,2 g,6 g,48 g,0 g,133 g,15 g,347 calories,8 g
Maple Strawberry Rhubarb Crisp,Sweet strawberries and tart rhubarb combine perfectly in this Maple Strawberry Rhubarb Crisp -- sweetened using maple syrup (no sugar!) and sprinkled with a crunchy oatmeal topping!,,2018-05-13 10:52:44,,45 min,1 hr,0.0,15 min,0.0,158 g,14 g,4.0,80 g,38 g,4 g,3 g,0 g,15 g,7 g,219 calories,3 g
Whitefish Dill Quiche,"A delicious and healthy make ahead dish, whitefish dill quiche can be the answer to the uber busy transition from summer to fall",,2019-08-29 15:06:27,,45 min,1 hr,0.0,15 min,0.0,219 g,6 g,4.0,363 g,22 g,10 g,23 g,0 g,208 g,24 g,394 calories,12 g
Pear Gingerbread Upside-Down Cake,"With sweet pears and spicy gingerbread, this Pear Gingerbread Upside-Down Cake is a perfect holiday treat. Even better with ice cream and caramel sauce!",,2018-12-09 14:28:26,,35 min,1 hr,0.0,25 min,0.0,114 g,30 g,4.0,226 g,50 g,6 g,3 g,0 g,50 g,11 g,306 calories,4 g
Lemon Parmesan Roasted Cauliflower,"Golden roasted, plus lemony and cheesy, Lemon Parmesan Roasted Cauliflower, delivers loads of flavor--with an easy prep secret!",,2020-01-14 07:59:38,,30 min,40 min,0.0,10 min,0.0,177 g,3 g,4.0,362 g,9 g,3 g,7 g,0 g,8 g,14 g,181 calories,10 g
Strawberry Rhubarb Shrub,"Fruit shrubs like this strawberry rhubarb shrub are both trendy and historic. A mix of fruit, sugar and vinegar it can be used for cocktails or soft drinks.",,2014-06-30 20:55:12,,,,0.0,,0.0,56 g,22 g,4.0,4 g,23 g,0 g,0 g,0 g,0 g,0 g,92 calories,0 g
Blue Cheese Roasted Vegetables,"Who doesn't love flavorful, sweet/savory roasted vegetable!. Even more amazing as Blue Cheese Roasted Vegetables!",,2016-01-21 15:45:05,,,,0.0,,0.0,324 g,7 g,4.0,567 g,43 g,3 g,8 g,0 g,11 g,11 g,297 calories,8 g
Scotch Eggs,"Scotch Eggs, tasty sausage-covered cooked eggs, are a tasty appetizer that work great anywhere, from picnic to poolside cocktail party.",,2020-02-20 13:34:24,,35 min,45 min,0.0,10 min,0.0,70 g,0 g,4.0,354 g,2 g,4 g,8 g,0 g,132 g,13 g,167 calories,7 g
Kufta in Tahini Sauce,"Kufta in Tahini Sauce (or kofta or kefta) is ground meat mixed with parsley, onions, garlic and spices! Topped with potatoes and Tahini Sauce it’s a Middle Eastern delight.",,2019-10-11 20:43:08,,40 min,1 hr,0.0,20 min,0.0,314 g,4 g,4.0,696 g,38 g,6 g,20 g,0 g,39 g,24 g,433 calories,16 g
Brandied Plums,"Bumper crop of fruit? Put it up with brandy, vanilla and cinnamon to make brandied plums (or peaches or ...) for the easiest “canning” method ever.",,2014-08-30 14:34:04,,,,0.0,,0.0,2125 g,335 g,4.0,8 g,355 g,0 g,10 g,0 g,0 g,4 g,3040 calories,3 g
Late Harvest Sangria,"With warm notes from citrus & cloves, plus a fall fruitiness from pears & apple brandy, this Late Harvest Sangria is perfect for the holidays or all winter.",,2019-12-14 23:58:27,,5 min,1 hr,0.0,20 min,0.0,412 g,59 g,4.0,12 g,73 g,0 g,2 g,0 g,0 g,1 g,340 calories,0 g
One Pan Roasted Roots & Sausage,Two servings of veggies (one starchy) popped into the oven with a healthier sausage makes One Pan Roasted Roots & Sausage a perfect winter comfort food.,,2016-02-21 08:40:54,,,,0.0,,0.0,416 g,11 g,4.0,699 g,52 g,7 g,14 g,0 g,41 g,27 g,495 calories,16 g
Cherry Lime Ginger Ale (Cherry Moscow Mule),"Like a Moscow Mule with added cherry juice, this alcohol free (or not) Cherry Lime Ginger Ale, brings added health benefits and is a taste sensation!",1,,,,PT5M,,PT5M,4.5,,,,,,,,,,,,
Golden Lentils and Rice (One Pot Dal),"Creamy and lightly spiced, golden lentils and rice is like a healthy comfort food! Also vegan, gluten free and a one pot dish!",,2019-08-31 16:26:15,,40 min,1 hr,0.0,20 min,0.0,439 g,6 g,4.0,995 g,62 g,1 g,14 g,0 g,0 g,5 g,338 calories,4 g
Spanish Omelet (my version),This Spanish Omelet makes an inspiring and easy breakfast. And it’s zero points for Weight Watchers–hooray!,,2018-01-11 16:27:26,,15 min,25 min,0.0,10 min,0.0,375 g,9 g,4.0,517 g,23 g,3 g,16 g,0 g,372 g,10 g,243 calories,6 g
Honey-sweetened Frozen Strawberry Margaritas,Is there anything more refreshing on a hot summer evening then frozen strawberry Margaritas? This recipe is honey-sweetened and comes with an alcohol-free option for kids and non-drinkers!,,2018-07-01 07:17:46,,,5 min,0.0,5 min,0.0,311 g,54 g,4.0,13 g,61 g,0 g,1 g,0 g,0 g,1 g,391 calories,0 g
Pumpkin Drinking Custard,"Rich, golden, and satisfying, pumpkin drinking custard is as delicious as vanilla drinking custard but healthier—and perfect fall to New Years!",,2017-12-01 11:34:00,,15 min,1 hr,0.0,5 min,0.0,371 g,50 g,4.0,166 g,54 g,6 g,13 g,0 g,164 g,12 g,371 calories,4 g
Rhubarb Crack Bars,Rhubarb Crack bars are easy to make with a sweet tart flavor that is addictively delicious. Rhubarb season is short--make them while you can!,9,2018-06-17 14:55:53,,,,0.0,10 min,0.0,101 g,25 g,4.0,151 g,47 g,5 g,4 g,0 g,55 g,11 g,304 calories,6 g
Chicken Divan,"Chicken with broccoli or green beans, covered in a creamy sauce, Chicken Divan is a perfect winter comfort food.",6-8,,,PT45M,PT55M,,PT10M,5.0,,,,,,,,,,,,
Pumpkin Pear Trifle,"A simplified version of the classic English dessert, Pumpkin Pear Trifle combines pumpkin bread, juicy pears and maple custard for a perfect fall treat.",4-8,,,,,,,5.0,,,,,,,,,,,,
Pickled Red Onions,"What condiment says, “preserve fall” and “classy holidays”—all at once! How about pickled red onions. Perfect on pizza, sandwiches, salad, flatbread and more.",30,2019-10-24 15:57:17,,22 min,40 min,0.0,15 min,0.0,78 g,2 g,4.0,3 g,5 g,0 g,1 g,0 g,0 g,0 g,25 calories,0 g
Easy Book Club Chili,Think it’s impossible to source a delicious chili from the pantry? I did. Until I tried delicious book club chili at a summer meeting!,8,2019-10-19 17:41:07,,15 min,20 min,0.0,5 min,0.0,232 g,4 g,4.0,577 g,25 g,1 g,14 g,0 g,16 g,5 g,197 calories,4 g
Pear Riesling Sorbet,"If ice cream is made for summer, fruit sorbet, like Pear Riesling Sorbet is made for fall--with a sweet pear flavor and sophisticated hint of white wine.",,2016-10-30 11:05:58,,10 min,5 hr,0.0,10 min,0.0,179 g,29 g,4.0,9 g,42 g,0 g,1 g,0 g,0 g,0 g,168 calories,0 g
"Roasted Tomato Omelet with Spinach, Pesto & Cheese","Bursting with flavor, this Roasted Tomato Omelet with Spinach, Pesto & Cheese pairs savory pesto with sweet smoky roasted tomatoes for a perfect fall combo.",,2018-09-13 07:49:12,,35 min,45 min,0.0,10 min,0.0,629 g,11 g,4.0,820 g,19 g,16 g,33 g,0 g,416 g,46 g,603 calories,28 g
Easy Avocado Salmon Melt,"With no chopping and a just few minutes under the broiler, easy avocado salmon melt is a perfect comfort food for a blustery day.",,2019-02-17 09:20:38,,5 min,15 min,0.0,10 min,0.0,213 g,4 g,4.0,793 g,21 g,10 g,31 g,0 g,102 g,34 g,513 calories,21 g
Vanilla Plum Muffins,"Based on Martha's Plum Coffeecake Muffins, these Vanilla Plum Muffins are modified for a healthier treat--less fat, less sugar, whole wheat (pastry) flour.",12,2015-04-12 07:02:22,,20 min,35 min,0.0,15 min,0.0,86 g,11 g,4.0,50 g,34 g,3 g,4 g,0 g,43 g,5 g,200 calories,1 g
Salmon with Capers,"Salmon with Capers is a quick and elegant appetizer or light sandwich topper. Poach salmon and combine with a mayonnaise and caper dressing ahead of time, then serve when needed.",8,2018-06-07 14:46:24,,,1 hr,0.0,,0.0,132 g,1 g,4.0,229 g,2 g,2 g,15 g,0 g,40 g,11 g,186 calories,7 g
Harvest Vegetable Broth,"Homemade vegetable broth is easy, quick--and better tasting than many commercial varieties. You can even make it from carrot ends and other scraps!",,,,PT1H,PT1H10M,,PT10M,,,,,,,,,,,,,
Ginger Jack Cocktail,,,2016-11-15 19:59:33,,,,0.0,,0.0,128 g,5 g,4.0,9 g,6 g,0 g,0 g,0 g,0 g,0 g,152 calories,0 g
Greek Pasta Salad,"Greek Pasta Salad is the perfect finale for fall's tomatoes and cucumbers--along with some orzo, feta and kalamata olives.",,2016-10-06 16:29:36,,10 min,20 min,0.0,15 min,0.0,161 g,7 g,4.0,455 g,12 g,5 g,4 g,0 g,17 g,17 g,213 calories,12 g
Lemon Parmesan Herb Beans,"Layered onion, garlic and herb flavors blend beautifully into a rich sauce, lightened by a lemon vinaigrette to make Lemon Parmesan Herb Beans",,2019-04-04 15:57:14,,10 min,20 min,0.0,10 min,0.0,188 g,1 g,4.0,167 g,34 g,2 g,13 g,0 g,4 g,11 g,276 calories,8 g
No Torch Creme Brulee,Creme brulee is easy and delicious--and you don't need a torch! What have I been missing!,,2016-03-13 14:55:13,,,,0.0,,0.0,110 g,19 g,4.0,36 g,21 g,13 g,4 g,0 g,190 g,21 g,287 calories,8 g
Pre-Baked Pizza Crust,"Making Pre-Baked Pizza Crust is super easy at home. And it makes pizza night a snap, even making lots of different top-your-own pizzas.",,2019-09-07 21:59:04,,20 min,35 min,0.0,15 min,0.0,98 g,1 g,4.0,397 g,41 g,0 g,6 g,0 g,0 g,3 g,219 calories,2 g
No-Bake Strawberry Yogurt Pie,"This No-Bake Strawberry Yogurt Pie blends Greek Yogurt, fresh or frozen berries & maple syrup for a pie that's healthier than many recipes. Shhhh!",,2019-04-13 09:48:43,,,5 hr 20 min,0.0,20 min,0.0,108 g,19 g,4.0,128 g,31 g,4 g,5 g,0 g,18 g,10 g,237 calories,6 g
Salted Caramels,"A delicious sweet treat, salted caramels are easier to make than you think!",,2013-12-12 09:32:32,,30 min,2 hr,0.0,20 min,0.0,22 g,10 g,4.0,83 g,12 g,3 g,0 g,0 g,15 g,5 g,86 calories,1 g
Hearty White Whole Wheat Biscuits,"Made with healthy white whole wheat flour, you don't have to worry about eating a fun comfort food like white whole wheat biscuits anymore.",8,,,PT15M,PT25M,,PT10M,5.0,,,,,,,,,,,,
Strawberry Stuffed French Toast,,,2017-01-10 09:10:55,,10 min,20 min,0.0,10 min,0.0,232 g,17 g,4.0,460 g,45 g,4 g,12 g,0 g,111 g,9 g,315 calories,5 g
Cheese Tortellini Carbonara!,"Cheese filled tortellini, covered in creamy parmesan sauce, flavored with bacon and garlic creates a classic knockoff I call Cheese Tortellini Carbonara!",,2020-02-15 20:43:44,,10 min,20 min,0.0,20 min,0.0,160 g,1 g,4.0,1304 g,47 g,10 g,30 g,0 g,167 g,21 g,499 calories,9 g
Red Flannel Hash,"Red Flannel Hash adds beets to traditional hash for a fun red color and loads of healthy phytochemicals. With pre-cooked veggies, it's ready in 10 minutes!",,2016-02-08 14:20:00,,10 min,10 min,0.0,,0.0,253 g,6 g,4.0,139 g,36 g,1 g,5 g,0 g,0 g,14 g,282 calories,13 g
Homemade Peanut Butter Cups,,12,2014-04-12 20:39:29,,,,0.0,,0.0,20 g,8 g,4.0,12 g,10 g,3 g,2 g,0 g,3 g,7 g,111 calories,3 g
Russian Mushroom and Potato Soup,"A delicious soup that will take your from fall into winter, this Russian Mushroom and Potato Soup is full of mushrooms, potatoes, carrots and leeks all flavored with dill.",,2015-10-25 15:30:34,,30 min,50 min,0.0,30 min,0.0,301 g,3 g,4.0,598 g,18 g,5 g,6 g,0 g,21 g,8 g,157 calories,2 g
Moon and Starfruit Salad,"Blackberries, starfruit and salad greens pair with fresh passion fruit dressing in this tasty Moon and Starfruit Salad.",,2020-02-08 21:49:51,,,10 min,0.0,10 min,0.0,206 g,7 g,4.0,14 g,12 g,1 g,2 g,0 g,0 g,4 g,83 calories,4 g
Mini Mocha Cheesecakes,"With a chocolate cookie crust and creamy filling, these mini mocha cheesecakes are perfect for brunch or an elegant dessert tray.",,2015-05-11 19:55:34,,25 min,5 hr,0.0,30 min,0.0,79 g,18 g,4.0,202 g,29 g,10 g,4 g,0 g,52 g,20 g,316 calories,8 g
Prosciutto Caprese Bruschetta,,,,,PT10M,PT20M,,PT10M,5.0,8,,,,,,,,,,,
Orange Cranberry Marmalade,Did you know marmalade can be made without the bitter white pith? This orange cranberry marmalade is more like sweet tart candied orange peel.,24,2017-01-20 13:35:30,,1 hr,1 hr 30 min,0.0,30 min,0.0,65 g,18 g,4.0,1 g,19 g,0 g,0 g,0 g,0 g,0 g,73 calories,0 g
Wisconsin Eggs Benedict with Beer Cheese Sauce,"Wisconsin Eggs Benedict is a fun twist on a classic, using beer cheese sauce and brat patties. Add a Bloody Mary for the perfect Wisconsin brunch!",,2018-07-29 06:41:15,,15 min,25 min,0.0,10 min,0.0,232 g,0 g,4.0,1115 g,17 g,18 g,31 g,0 g,297 g,41 g,578 calories,16 g
Spicy Italian Pasta Salad,"With a light creamy dressing and flavorful add-ins like salami, artichokes and red pepper, this Spicy Italian Pasta Salad is a summer go to recipe.",,2019-07-05 09:19:45,,8 min,22 min,0.0,15 min,0.0,220 g,6 g,4.0,796 g,54 g,6 g,16 g,0 g,23 g,21 g,461 calories,14 g
White Gull Inn Blueberry Coffee Cake,,,2014-07-06 08:55:22,,1 hr,1 hr 20 min,0.0,20 min,0.0,203 g,56 g,4.0,277 g,91 g,15 g,9 g,1 g,123 g,29 g,648 calories,11 g
Deconstructed Caprese Salad Appetizer,"Cherry Tomatoes, Fresh Mozzarella balls and basil in a wine glass, Deconstructed Caprese Salad Appetizer is perfect for a dinner party or nice picnic.",,2019-07-03 11:03:46,,,10 min,0.0,10 min,0.0,156 g,7 g,4.0,666 g,15 g,10 g,15 g,0 g,45 g,27 g,348 calories,16 g
Rhubarb Sauce,"This simple rhubarb sauce is sweet, tart, and perfect for topping ice cream or stirring into yogurt. With only 3 ingredients, it is also low in sugar and a fun way to celebrate spring!",,2018-06-02 07:28:58,,10 min,15 min,0.0,5 min,0.0,20 g,12 g,4.0,0 g,12 g,0 g,0 g,0 g,0 g,0 g,48 calories,0 g
Creamsicle Martini,"A fun alternative to mimosas, a creamsicle martini will liven up any brunch and is great at cocktail parties too.",,2015-05-08 13:26:43,,,5 min,0.0,5 min,0.0,117 g,12 g,4.0,4 g,13 g,0 g,0 g,0 g,0 g,0 g,181 calories,0 g
Tomato Cheese Onion Sandwich,You will marvel at the amount of flavor a simple mix of ingredients can bring to a Tomato Cheese Onion sandwich. Can't beat easy & delicious!,,2017-09-23 11:48:17,,,10 min,0.0,10 min,0.0,192 g,4 g,4.0,593 g,32 g,12 g,20 g,0 g,60 g,20 g,384 calories,7 g
Chicken & Veggies in Spicy Peanut Sauce,"Chicken & Veggies in Spicy Peanut Sauce is fun & easy one dish meal. Top rice noodles with roast chicken, broccoli & carrots & spicy sauce--Mmmm!",,2016-09-15 16:07:39,,20 min,30 min,0.0,10 min,0.0,292 g,11 g,4.0,1195 g,59 g,4 g,22 g,0 g,29 g,18 g,473 calories,13 g
Cilantro Lime Rice with Snow Peas,"Make comfort food fresh with Cilantro Lime Rice with Snow Peas. Full of fluffy rice, tart lime, flavorful cilantro and spring-y snow peas.",,2019-03-23 16:36:57,,20 min,30 min,0.0,10 min,0.0,234 g,3 g,4.0,825 g,43 g,1 g,5 g,0 g,0 g,8 g,266 calories,6 g
Pear Custard Pie,"Sweet pears in an eggy vanilla custard, Pear Custard Pie is a quick and tasty recipe that is perfect for a holiday brunch or light dessert.",,2019-12-21 17:39:52,,45 min,1 hr,0.0,15 min,0.0,167 g,23 g,4.0,139 g,33 g,6 g,4 g,0 g,85 g,10 g,236 calories,4 g
Sneaky Kohlrabi & Cheese Fettuccini,Did you know that grated kohlrabi looks EXACTLY like cheese mixed with warm fettuccini! This pasta dish is creamy and cheesy with (shh) a serving of veggies,,2015-07-16 16:53:54,,10 min,15 min,0.0,15 min,0.0,165 g,2 g,4.0,337 g,50 g,11 g,13 g,0 g,55 g,18 g,412 calories,6 g
Butter Lettuce & Strawberry Salad,Sweet-tender butter lettuce pairs perfectly with juicy strawberries and crisp pecans. All topped with a rosy poppy seed dressing.,8,2016-06-16 09:06:36,,,,0.0,,0.0,121 g,11 g,4.0,151 g,14 g,2 g,2 g,0 g,0 g,19 g,221 calories,15 g
Steak with Chimichurri Sauce,,,2016-05-02 09:54:28,,8 min,20 min,0.0,10 min,0.0,230 g,6 g,4.0,438 g,8 g,6 g,48 g,0 g,133 g,19 g,409 calories,11 g
Pommes Duchesse,"An elegant dish of mashed and flavored potatoes piped into rosettes, pommes duchesse can turn the humble potato into a beautiful and impressive side.",,2018-05-20 14:14:57,,45 min,55 min,0.0,15 min,0.0,135 g,1 g,4.0,258 g,21 g,4 g,4 g,0 g,89 g,8 g,167 calories,3 g
Fresh Strawberry Pie,Fresh Strawberry Pie brings together the goodness of berries and the fun of pie. Ripe strawberry halves are placed in a crust then held together with thickened berry juice. It’s a perfect summer treat!,,2018-06-20 21:35:28,,20 min,4 hr,0.0,30 min,0.0,205 g,22 g,4.0,124 g,39 g,2 g,3 g,0 g,1 g,8 g,234 calories,6 g
Coquito Coconut Eggnog,"Coquito, coconut eggnog, a blend of coconut, sweetened condensed & evaporated milks. Egg optional. ‘Cause one kind of eggnog is never enough.",,2018-12-30 15:18:15,,10 min,1 hr,0.0,5 min,0.0,199 g,39 g,4.0,122 g,41 g,17 g,10 g,0 g,147 g,22 g,397 calories,5 g
Crème Caramel,"Crème Caramel is a smooth, creamy custard topping with rich dark caramel. Elegant enough for company and easy enough for an everyday treat, it’s a top contender for perfect dessert.",,2018-03-22 07:17:07,,40 min,8 hr,0.0,15 min,0.0,202 g,47 g,4.0,113 g,49 g,9 g,7 g,0 g,186 g,17 g,365 calories,6 g
Raspberry Plum Streusel Pie,"Pretty in pink with raspberries & plums, this Raspberry Plum Streusel Pie (based on Betty Crocker's French Apple Pie) is perfect for Easter or Mother's Day.",8,2019-04-18 10:01:45,,1 hr,8 hr,0.0,15 min,0.0,198 g,40 g,4.0,88 g,69 g,9 g,4 g,0 g,34 g,19 g,452 calories,8 g
No Torch Lavender Creme Brulee,"Lavender Crème Brulee brings together the crunchy melted sugar topped custard of a standard crème brulee with the subtly floral, spring-like flavor of lavender.",,2016-04-07 10:26:18,,,,0.0,,0.0,110 g,19 g,4.0,36 g,21 g,13 g,4 g,0 g,190 g,21 g,287 calories,8 g
Swiss Meringue Buttercream,,,2019-08-01 12:02:57,,10 min,20 min,0.0,10 min,0.0,45 g,17 g,4.0,41 g,17 g,10 g,1 g,1 g,41 g,15 g,207 calories,5 g
Coronation Chicken Salad,"With a sweet-savory blend of chicken, chutney, curry and dried fruit, coronation chicken salad is perfect for royal wedding watchers--or for a summer picnic or brunch. Top bread or lettuce, then serve as an entrée or appetizer.",,2018-05-17 06:37:56,,10 min,20 min,0.0,10 min,0.0,230 g,7 g,4.0,287 g,18 g,5 g,48 g,0 g,141 g,22 g,475 calories,16 g
Rosemary Tomato & Goat Cheese Bruschetta,"Enjoy the last days of fall with a roasted rosemary, tomato, goat cheese bruschetta served up on olive oil toasted baguette slices!",4,2015-10-07 18:23:13,,,,0.0,,0.0,128 g,3 g,4.0,174 g,12 g,3 g,5 g,0 g,7 g,11 g,158 calories,7 g
Spinach and Cheddar Squares,"These Spinach and Cheddar Squares are like the bar cookie of savory appetizers--delicious and super easy. Just mix, pour, bake, cut, enjoy!",,2019-12-05 15:25:38,,35 min,50 min,0.0,15 min,0.0,98 g,2 g,4.0,381 g,9 g,7 g,11 g,0 g,72 g,12 g,190 calories,4 g
S'mores Panna Cotta,"S&#x27;mores Panna Cotta starts with creamy chocolate pannacotta, topped with vanilla meringue and graham cracker crumbs for a fun andelegant summer dessert.",4,2020-08-09,"['½ teaspoon vanilla', '2 Tablespoons milk', 'Pinch of salt', '1 1/4 cups heavy cream', '2 teaspoons plain gelatin', '3 oounces unsweetened chocolate, finely chopped (see note)', '1 egg white', '2 Tablespoons (or more) graham cracker crumbs', '3 Tablespoons zero calorie sweetener (see note)', 'Pinch cream of tartar (optional)', '1/3 cup allulose sweetener (see note)', '2 T water']",PT20M,PT4H40M,,PT20M,,1,5 grams sugar,,93 grams sodium,13 grams carbohydrates,24 grams saturated fat,7 grams protein,1 grams trans fat,85 milligrams cholesterol,39 grams fat,425 calories,12 grams unsaturated fat
Mango Margaritas,"Fruity and festive with fresh mango, orange and lime,Mango Margaritas can get your summer started in the best way possible.",2,2020-05-23,"['1 orange, juiced', '1 lime, juiced, zest reserved for garnish (see note)', '1 T honey', '1 handful ice cubes for blending', '1 ounce Cointreau', '3 ounces tequila', '1 mango, peeled and diced', 'Additional ice for serving']",,PT10M,,PT10M,,1,41 grams sugar,,4 grams sodium,47 grams carbohydrates,0 grams saturated fat,2 grams protein,0 grams trans fat,0 milligrams cholesterol,1 grams fat,311 calories,0 grams unsaturated fat
Vanilla Confetti Madeleines,"Vanilla Confetti Madeleines are a cross between cookieand cake. They are a perfect tiny treat,especially with pretty pastel sprinkles!",6,2020-03-19,"['1-2 Tablespoons additional jimmies for sprinkling', '1/4 teaspoon baking powder', '1 Tablespoon warm water', '1/4 cup granulated sugar', '1/2 cup sifted all-purpose flour or pastry flour', 'Pinch of salt', '4 Tablespoons butter (plus another 1 Tablespoon for the pan)', '1-2 Tablespoons of colorful sprinkles (season appropriate)', '1 Tablespoon softened butter', '1 teaspoon vanilla', '1 large egg', '1/2 cup powdered sugar']",PT10M,PT35M,,PT15M,,1,12 grams sugar,,90 grams sodium,26 grams carbohydrates,4 grams saturated fat,3 grams protein,0 grams trans fat,32 milligrams cholesterol,8 grams fat,185 calories,3 grams unsaturated fat
Homemade Vanilla Pudding Pops,"Make Vanilla Pudding Pops your way and enjoy a no-bake dessert or snack that’s tasty, healthy and easy to make.",4,2020-08-23,"['1 cup whole milk (see note)', '¼ cup sugar or sweetener', '1 tablespoon butter, melted (omit for low fat)', '1 Tablespoon cornstarch', '1 teaspoon tablespoon vanilla', '1 egg yolk']",PT10M,PT4H15M,,PT5M,,1,16 grams sugar,,52 grams sodium,18 grams carbohydrates,3 grams saturated fat,3 grams protein,0 grams trans fat,60 milligrams cholesterol,6 grams fat,142 calories,2 grams unsaturated fat
Wild Grape Juice,"Join me on a fun adventure foraging for wild grapes, then turning them into grape juice. Free all-natural food–how good is that!",,2020-07-14,"['2 cups water', '3 cups of sugar (or more to taste)', '2 (or more) gallons of wild grapes, including stems']",PT30M,PT13H30M,,PT1H,,1,19 grams sugar,,1 grams sodium,19 grams carbohydrates,0 grams saturated fat,0 grams protein,0 grams trans fat,0 milligrams cholesterol,0 grams fat,74 calories,0 grams unsaturated fat
Chocolate Nut Clusters,"Crunchy, chocolatey &amp; healthier than the average treat, chocolate nut clusters are easy to make and adaptable to low-carb, sugar-free and gluten-free diets.",8,2020-07-25,"['1 teaspoon cocoa butter (or coconut oil) (optional, see note)', '½ cup chocolate chips, regular or sugar free for low-carb (see note)', '1/2 Tablespoon unsweetened shredded coconut for sprinkling (optional)', '1/2 Tablespoon flakey sea salt for sprinkling (optional)', '1-2 ounces of nuts (24 pieces)']",PT1M,PT1H16M,,PT15M,,1,7 grams sugar,,417 grams sodium,9 grams carbohydrates,3 grams saturated fat,2 grams protein,0 grams trans fat,0 milligrams cholesterol,8 grams fat,105 calories,4 grams unsaturated fat
Mixed Seafood Kabobs,"With shrimp, scallops and halibut (or other firm fish),these mixed seafood kabobs are decadence on a skewer. No pre-marinade needed.",12,2020-07-18,"['12 pearl onions', '12 mushrooms', '1 Tablespoon dried Tarragon or Oregano', '24 cherry tomatoes', '1 large lemon', '1 lb halibut or other firm fish', 'salt, pepper', '2-3 Tablespoons extra virgin olive oil', '24 large raw shrimp, about 1 pound', '24 sea scallops, about 1 pound', '1 Tablespoon dried minced onion']",PT15M,PT1H45M,1.0,PT30M,5.0,1,4 grams sugar,,686 grams sodium,12 grams carbohydrates,2 grams saturated fat,41 grams protein,0 grams trans fat,118 milligrams cholesterol,10 grams fat,298 calories,7 grams unsaturated fat
Low-Carb Angel Food with Buttercream Roses,"Light, airy and sweet, this low-carb angel food cake with whipped cream frosting and buttercream roses is perfect for keto or Atkins or just eating!",8,2020-05-28,"['½ teaspoon salt', '½ cup coconut flour', '½ teaspoon vanilla', '2 teaspoon cream of tartar', '2 ½ cups heavy cream', '½ cup butter', '½ cup whey protein powder', '2 teaspoon vanilla extract', '1 cup zero-calorie powdered sweetener', '¼ cup zero calorie sweetener, or to taste (granulated will work here)', '2 teaspoons vanilla', '1 cup zero calorie sweetener, blended in blender', 'Couple drops red food coloring', '1 ½ cups egg whites (from about 12 eggs), at room temperature']",PT45M,PT2H15M,,PT30M,,1,6 grams sugar,,222 grams sodium,9 grams carbohydrates,17 grams saturated fat,9 grams protein,1 grams trans fat,77 milligrams cholesterol,27 grams fat,313 calories,8 grams unsaturated fat
Harvest Vegetable Fritters with Shrimp,Grilled shrimp &amp; aioli on a golden vegetable fritter makes Harvest Vegetable Fritters with Shrimp a classy Farm to Table appetizer or entrée.,6,2020-09-10,"['½ cup flour', '2 Tablespoons aioli (or mayonnaise mixed with garlic and onion powder)', '¼ teaspoon salt', '¼ teaspoon smoked paprika', '¼ cup corn kernels', '6 shrimp', '¼ teaspoon cumin', '1 egg, beaten', 'Salt, pepper', '2 Tablespoons chopped parsley or cilantro', '½ Tablespoon olive oil', 'Pinch of baking powder', '½ teaspoon dried herbs of your choice', '2 ½ cups grated vegetables of your choice', '¼ teaspoon turmeric', '1 Tablespoons oil for frying']",PT20M,PT40M,,PT20M,,1,3 grams sugar,,292 grams sodium,20 grams carbohydrates,1 grams saturated fat,6 grams protein,0 grams trans fat,47 milligrams cholesterol,8 grams fat,177 calories,7 grams unsaturated fat
Homemade Onion Bagels,Homemade onion bagels aren&#x27;t difficult and can be made with ordinary home ingredients. Who wants bagels for breakfast now!,1,2020-06-21,"['1-2 T dried minced onion', '2 1/2 cups flour', 'Water for boiling', '¼ cup baking soda', '1 T onion powder', '1 tablespoon sugar', '1 cup warm water (about 115 F)', '1/2 tablespoon salt', '1 ½ t active dry yeast (or ½ packet)']",PT20M,PT1H35M,,PT0S,,1,3 grams sugar,,3052 grams sodium,44 grams carbohydrates,0 grams saturated fat,6 grams protein,0 grams trans fat,0 milligrams cholesterol,1 grams fat,207 calories,0 grams unsaturated fat
Pan Roasted Kohlrabi and Radishes,"Caramelized and mellow, with a hint of smokey bacon, Pan Roasted Kohlrabi and Radishes is quick, easy, and won&#x27;t heat up the kitchen!",6,2020-07-30,"['salt pepper to taste', '6-12 radishes, trimmed and cut in bite-sized pieces', '2 kohlrabi bulbs, peeled and cut into 1 inch pieces', '4 slices bacon (see note)', 'chopped parsley for garnish (optional)']",PT25M,PT30M,,PT5M,,1,0 grams sugar,,,,,,0 grams trans fat,,,75 calories,
Smoked Salmon Deviled Eggs,"Creamy, with a hint of smoked salmon, these smoked salmon deviled eggs are perfect for Easter or Mother’s Day brunch--or a summer picnic.",,2020-03-14,"['1/3 cup mayonnaise', '4 ounces diced smoked salmon', '1 Tablespoon fresh chopped dill or 1 teaspoon dried dill', '1 Tablespoon lemon juice', '1/8 teaspoon pepper', '2 ounces cream cheese, softened', 'Garnish with extra dill and caviar (optional)', '8 eggs, hard-cooked & peeled']",,PT0S,,,,,,,,,,,,,,,
Stuffed Pizza Burger,"Super easy, but with a big taste punch, this Stuffed Pizza Burger is filled with tasty provolone and Italian seasonings, then topped with pizza sauce!",,2020-05-14,"['4 slices provolone (or equivalent in grated cheese)', '1 lb ground beef', '2 teaspoons Italian season (see note)', '½ cup prepared pizza sauce']",PT10M,PT20M,,PT10M,,1,1 grams sugar,,458 grams sodium,4 grams carbohydrates,12 grams saturated fat,39 grams protein,1 grams trans fat,120 milligrams cholesterol,28 grams fat,425 calories,12 grams unsaturated fat
Key Lemon Pie,"Sunny yellow-gold, sweet and tart,this key lemon pie is super easy and tasty. A classic dessert or snack based on key lime pie!",8,2020-09-03,"['1/2 c fresh lemon juice', '4 large egg yolks', '2 t fine lemon zest (no white)', 'optional whipped cream, lemon zest and lemon slice(s) for garnish', '1 (14-ounce) can sweetened condensed milk', '1 graham cracker crust (packaged or homemade)']",PT15M,PT2H30M,,PT15M,,1,8 grams sugar,,151 grams sodium,20 grams carbohydrates,2 grams saturated fat,5 grams protein,0 grams trans fat,118 milligrams cholesterol,9 grams fat,181 calories,6 grams unsaturated fat
Apple Cranberry Coleslaw,"With a sweet tart creaminess, this Apple Cranberry Coleslaw is a delicious side dish to take you into fall.",6,2020-08-30,"['1/4 cup mayonnaise', '¼ teaspoon salt', '½ large apple – chopped (other half goes into dressing)', '1 large carrot, grated', '¼ teaspoon pepper', '2 scallions - sliced', '½ apple (leftover from coleslaw ingredients)', '½ cup dried cranberries', '1 small cabbage, core removed and shredded', '¼ teaspoon onion powder', '1/4 cup Greek yogurt (sour cream can be substituted)', '½ cup chopped pecan', '1 Tablespoons apple cider vinegar', '1 tablespoons honey']",,PT15M,,PT15M,,,,,,,,,,,,,
Butterscotch Pie with Pecan Crust,Creamy butterscotch pudding in a rich pecan shortbread crust makes Butterscotch Pie with Pecan Crust a stunning and delicious dessert.,8,2020-03-23,"['1/3 cup granulated sugar', '4 large egg yolks', '1/4 teaspoon kosher salt', '1 cup firmly packed brown sugar', '1 cup pecans, ground', '1 large egg yolk', '1 cup plus 2 tablespoons unbleached all-purpose flour', '1 2/3 cups whole milk', '3 tablespoons unsalted butter', '1/2 teaspoon kosher salt', '3 Tablespoons cornstarch', '6 tablespoons unsalted butter, room temperature']",PT25M,PT5H,2.0,PT35M,5.0,,,,,,,,,,,,
"Wisconsin Fried Cheese Curds, Pan-fried","Melty on the inside and crisp on the outside, Wisconsin Fried Cheese curds are a classic appetizer or snack. And they can even be pan-fried!",8,2020-07-12,"['1 egg', 'Oil for frying (see note)', '1 pound cheese curds, broken apart', '1/2 cup all-purpose flour, scooped (see note)', '1/2 cup beer (see note)', 'Salt']",PT15M,PT30M,,PT15M,,1,0 grams sugar,,,,,,,79 milligrams cholesterol,,,
Low-Carb Chocolate Chip Bars,Tired of dessert deprivation on a low-carb diet? These low-carb chocolate chip bars may just be the answer. Just in time for cookout season!,,2020-05-10,"['½ cup chocolate chips (sugar free if you have them)', '3 Tablespoons coconut flour', '3/4 teaspoon baking powder', '½ cup almond flour', '1 tsp vanilla extract', '¼ teaspoon xanthan gum', '3 eggs', 'Pinch of salt', '1/4 cup unsalted butter (room temperature )', '1 cup Swerve or other sweetener', '4 ounces of cream cheese (room temperature)']",PT45M,PT1H30M,,PT15M,,,,,,,,,,,,,
Low-Carb Cauliflower Mac n Cheese,"Rich and cheesy, Low-Carb Cauliflower Mac n Cheese, means it’s easy to have delicious comfort food. Even if you are doing keto or gluten-free.",,2020-06-14,"['¼ cup bacon bits (optional)', '2 tbsp. extra-virgin olive oil', '2 Tablespoons finely grated Parmesan', '½ cup heavy cream', '1 medium heads cauliflower, cut into bite sized pieces', '2 tbsp. freshly chopped parsley, for garnish (optional)', '1 cup shredded Gruyere', '3 oz. cream cheese, cut into cubes', 'Salt, pepper', '2 cups shredded cheddar', '1 cup crushed pork rinds (can sub panko bread crumbs)', '1 T Butter, for baking dish']",PT40M,PT55M,,PT15M,,1,5 grams sugar,,1157 grams sodium,13 grams carbohydrates,32 grams saturated fat,34 grams protein,1 grams trans fat,160 milligrams cholesterol,61 grams fat,729 calories,25 grams unsaturated fat
Dutch Farm Salad,"A bounty of farm fresh goodness, this delicious andhealthful Dutch Farm Salad brings together beets, potatoes, apple, eggs, cheeseand more.",4,2020-08-16,"['½ cup firm cheese cubes (e.g. Gouda, Cheddar, Edam)', '2 Tablespoons extra virgin olive oil', '1 cup diced cooked potatoes', '1 small apple, diced', '¼ cup diced pickle', 'Salt, pepper to taste', '1 cup diced cooked beets', '2 Tablespoons cider vinegar', '¼ cup (or more) good mayonnaise', '1 hard-cooked eggs, diced', '¼ cup thinly sliced onion']",PT0S,PT20M,,PT20M,,1,9 grams sugar,,465 grams sodium,21 grams carbohydrates,7 grams saturated fat,11 grams protein,0 grams trans fat,76 milligrams cholesterol,18 grams fat,286 calories,10 grams unsaturated fat
Sablefish with Chanterelles,"A gourmet entrée with less than 5 ingredients? Pair buttery wild Alaskan Sablefish with Chanterelles, woodsy and local, and it’s a “yes.&quot;",,2020-08-13,"['Salt, Pepper', '8 ounces chanterelles', '½ Tablespoon oil or non-stick spray', '4 Tablespoons butter, divided', '1 1/2 pounds Sablefish']",PT20M,PT25M,,PT5M,,1,0 grams sugar,,359 grams sodium,0 grams carbohydrates,14 grams saturated fat,29 grams protein,0 grams trans fat,138 milligrams cholesterol,47 grams fat,544 calories,27 grams unsaturated fat
Easiest Pommes Dauphinoise (Scalloped Potatoes),Pommes Dauphinoise is a tasty potato side dish flavored with cream and garlic. Here&#x27;s a one dish version that works for brunch or dinner.,6,2020-09-12,"['1 cup heavy cream', '1/2 teaspoon freshly ground black pepper', '3-4 large garlic cloves, finely chopped or run through garlic press', '2 cups milk', '1 teaspoon salt', '1 ½ pounds potatoes, ideally Yukon Gold']",PT1H,PT1H25M,1.0,PT15M,5.0,,,,,,,,,,,,
Low-Carb Creme Brulee,"Low-Carb Crème Brulee is every bit as delightful as the original. Creamy, sweet and easier than you&#x27;d think, it may just get you through your diet.",,2020-03-26,"['1/3 cup Swerve', '1 teaspoon vanilla extract', '2 Tablespoons Swerve (1 teaspoon/serving) to brulee (see note)', '4 egg yolks', '2 cups heavy cream']",PT35M,PT2H50M,,PT15M,,1,2 grams sugar,,27 grams sodium,3 grams carbohydrates,19 grams saturated fat,4 grams protein,1 grams trans fat,213 milligrams cholesterol,32 grams fat,308 calories,10 grams unsaturated fat
Creamy Artichoke Chicken Breasts,"Quick, creamy and delicious these Creamy ArtichokeChicken Breasts even give you some vegetables, right in your entrée!",4,2020-09-05,"['4 cloves garlic finely minced', '4 smaller chicken breasts (see note)', '12-ounce jar marinated artichoke hearts', '1 medium onion diced', '¾ cup grated parmesan cheese', 'Salt and pepper to taste', '2 tablespoons olive or vegetable oil', '1 red bell pepper diced', '¼ cup chopped fresh parsley', '¾ cup chicken broth', '¾ cup half and half or cream']",PT20M,PT35M,,PT15M,,,,,,,,,,,,,
Halibut Ceviche,"Raw fish is having a heyday. From the ubiquitous sushi, to “new kid” tuna poke, to citrus-y ceviche, like this halibut ceviche, just say “yum”!",4,2020-06-28,"['Zest of 1 lemon and 1 lime', '1/2 cup fresh lemon juice (approx 2 lemons)', '1/4 teaspoon kosher salt', '1 cup of quartered grape tomatoes', '1/4 cup fresh lime juice (approx 2-3 limes)', '1/2 teaspoon freshly ground black pepper', 'One 10-ounce halibut fillet, skinned and cut into 1/2-inch cubes', '2 tablespoons extra-virgin olive oil', '1 small jalapeno, finely diced (optional)', '1/8 teaspoon freshly ground black pepper', '2 tablespoons chopped fresh flat-leaf cilantro', '3 green onions, pale green and white parts only, sliced thinly', '1 teaspoon honey', '1 large avocado, peeled, seeded and cut into 1/2-inch cubes', '1 teaspoon salt', '2 tablespoons fresh lime juice']",PT3H,PT6H30M,,PT30M,,1,5 grams sugar,,740 grams sodium,16 grams carbohydrates,4 grams saturated fat,24 grams protein,0 grams trans fat,63 milligrams cholesterol,19 grams fat,316 calories,14 grams unsaturated fat
Green Appletini Martini,"Sweet tart and flavorful, this Green “Appletini” Martini isa fun and festive drink that’s perfect for an apple-y fall! Alcohol-freeversion included.",1,2020-09-07,"['Handful of ice', '¼ teaspoon Cointreau (omit if you don’t have it or are going alcohol free)', '1 ounce Torani green apple syrup', '1 drop each green and yellow food coloring', '3 ounces water', '2 ounces vodka (sub additional water or club soda for an alcohol free version)']",,PT5M,,PT5M,,1,,,,,0 grams saturated fat,0 grams protein,0 grams trans fat,0 milligrams cholesterol,0 grams fat,230 calories,0 grams unsaturated fat
Arugula Sweet Goat Cheese Salad,"With a creamy vinaigrette dressing, this Sweetened Goat Cheese Arugula Salad adds cranberries and pecans for maximum flavor.",,2020-06-11,"['2 T olive oil', '1/4 t oregano, dried minced onion', '¼ c dried cranberries', '0-1 T honey (based on taste, sweetness of goat cheese)', '1 t sweetened goat cheese', '2 ounces sweetened goat cheese, less 1 teaspoon (see above)', '1 T balsamic vinegar', '¼ cup whole pecans', 'Salt to taste', '6 cups arugula']",PT0S,PT20M,,PT10M,,1,10 grams sugar,,226 grams sodium,13 grams carbohydrates,4 grams saturated fat,5 grams protein,0 grams trans fat,7 milligrams cholesterol,15 grams fat,198 calories,11 grams unsaturated fat
Glazed Cherry Pie Bars,"Is it a pie? Is it a cookie? With Glazed Cherry Pie Bars, you have the best of both, for a surprisingly easy, tasty dessert or snack!",15,2020-09-09,"['½ teaspoon salt', '3/4 cup sugar (1 c for tart cherries)', '½ cup powdered sugar', '1 tablespoon lemon juice', '1 tablespoons butter', '2 T granulated “instant” tapioca (can sub 2 T cornstarch, I hear)', '2 cups all-purpose flour', '2 egg yolks', '¼ cup water to start + up to 2 Tablespoons more as needed', '½ cup + 2 Tablespoons lard or shortening (I used my farm lard)', '1 Tablespoons milk', '1 teaspoon vanilla', '4-5 cups pitted sweet cherries (chop if you want smaller pieces)', '1 teaspoon vanilla bean paste']",,PT0S,,,,1,39 grams sugar,,79 grams sodium,59 grams carbohydrates,2 grams saturated fat,4 grams protein,0 grams trans fat,29 milligrams cholesterol,5 grams fat,280 calories,2 grams unsaturated fat
Chive Blossom Vinegar,Chive Blossom Vinegar is a fun DIYproject that is super easy and produces a tasty vinegar for your salads and other dishes.,,2020-07-21,"['1 cup chive blossoms', '1 cup white distilled vinegar']",,P7DT5M,1.0,PT5M,5.0,,,,,,,,,,,,
Low-Carb Swedish Meatballs,"Flavorful meatballs in a creamy rich gravy, Swedish Meatballs can even be made gluten free and keto. Serve over noodles or cauliflower.",4,2020-03-07,"['1/4 teaspoon pepper', '1/2 teaspoon salt', '1 egg lightly beaten', '1 lb ground chuck (or half ground pork)', '4 ounces cream cheese', '2T fresh parsley or 1 T dried parsley', '¼ cup crushed pork rinds (or 1 slice fresh bread, grated)', '1 tablespoon Worcestershire sauce', '2-3 Tablespoons oil for frying', '1 teaspoon Dijon mustard', '1 1/4 cups beef broth', '¼ teaspoon xanthan gum (or 2 T flour)', '1 medium white onion, very finely diced', '2 cloves garlic, minced', '1/4 teaspoon ground allspice']",PT10M,PT30M,,PT20M,,1,3 grams sugar,,869 grams sodium,6 grams carbohydrates,15 grams saturated fat,37 grams protein,1 grams trans fat,178 milligrams cholesterol,42 grams fat,554 calories,23 grams unsaturated fat
