0,1,2,3,recipeIngredient,author,6
Roll-on Temple Massage with Clary Sage Essential Oil,"1. In bottle, combine essential oils. 2. Top off with grapeseed oil, replace lid and shake until well blended. 3. To use, shake bottle and gently roll onto temples.",A gentle DIY temple massage made with clary sage and bergamot essential oils to inspire relaxation and focus.,.31 fluid ounces,"['2 fluid ounces Aura Cacia Grapeseed Skin Care Oil 4 fl. oz.', '.31-ounce Aura Cacia Amber Roll-On Bottle with Writable Label .31 fl. oz.', '2 drops Aura Cacia Clary Sage Essential Oil 0.5 fl. oz.', '2 drops Aura Cacia Bergaptene-Free Bergamot Essential Oil 0.5 fl. oz.']",Aura Cacia,
Lavender and Tea Tree Essential Oil Cleaning Spray,"1. In bottle, combine soap and essential oils. 2. Top with water, replace lid and shake until well blended. 3. To use, spray on surface and wipe clean with damp cloth.",Make a homemade multipurpose home cleaning spray featuring lavender and tea tree essential oils.,16 fluid ounces,"['1 teaspoon unscented liquid soap', '1/2 teaspoon Aura Cacia Lavender Essential Oil 0.5 fl. oz.', '16-ounce spray bottle', '1/2 teaspoon Aura Cacia Tea Tree Essential Oil 0.5 fl. oz.', '15 fluid ounces water']",Aura Cacia,
Revitalizing Bath Bombs with Eucalyptus and Organic Blood Orange Essential Oils,"1. In a mixing bowl, whisk together corn starch, baking soda and citric acid granules until thoroughly combined. 2. Sprinkle the mixture with the essential oils and whisk again until well blended. 3. Apply 2-3 spritzes of water to the mixture and stir in. Repeat just until the mixture is able to form a clump when squeezed in your hand. 4. Divide the mix into golf ball sized balls and let dry in a warm, dry place. 5. Store the dried bath bombs in an airtight container. 6. To use. drop one bomb into warm bath water.",A simple recipe for DIY bath bombs featuring eucalyptus and organic blood orange essential oils.,,"['1/2 cup citric acid granules', '2 ounces water (in mister bottle)', '3/4 cup baking soda', '1 cup corn starch', '1 teaspoon Aura Cacia Organic Blood Orange Essential Oil 0.25 fl. oz.', '1 teaspoon Aura Cacia Eucalyptus (globulus) Essential Oil 0.5 fl. oz.']",Aura Cacia,PT1H
Whipped Body Butter with Frankincense and Myrrh Essential Oils,"1. In pan over low heat, melt cocoa butter then remove from heat. 2. Into cocoa butter, stir in remaining ingredients and set pan in refrigerator until mixture is setting up around edges of pan. 3. Whip with kitchen mixer until fluffy and smooth, then transfer to jar. 4. To use, scoop out desired amount and smooth into skin.","A simple, luxurious whipped body butter with frankincense and myrrh essential oils.",,"['1/4 cup Aura Cacia Organic Fair Trade Certified Cocoa Butter 4 fl. oz.', '3 tablespoons Aura Cacia Organic Sweet Almond Skin Care Oil 4 fl. oz.', 'Aura Cacia Amber Wide Mouth Jar with Writable Label 4 oz.', '24 drops Aura Cacia Frankincense Essential Oil 0.5 fl. oz.', '24 drops Aura Cacia Myrrh Essential Oil 0.5 fl. oz.', '1 teaspoon Aura Cacia Organic Vegetable Glycerin 4 fl. oz.']",Aura Cacia,PT30M
Grapefruit Juniper Essential Oil Diffusion,"1. In diffuser, combine essential oils. 2. Operate diffuser according to directions. 3. Refresh with additional oils whenever needed.",,18 drops,"['2 drops Aura Cacia Rosemary Essential Oil 0.5 fl. oz.', '10 drops Aura Cacia Grapefruit Essential Oil 0.5 fl. oz.', '6 drops Aura Cacia Juniper Berry Essential Oil 0.5 fl. oz.', 'essential oil diffuser']",Aura Cacia,PT5M
Clove Bud and Copaiba Diffusion Blend,"1. In diffuser, combine essential oils and operate according to instructions. 2. Refresh with additional oils as needed.",Diffuse this fresh and comforting blend of spice and fruit essential oils to create a pleasant ambience.,,"['4 drops Aura Cacia Organic Copaiba Essential Oil 0.25 fl. oz.', '8 drops Aura Cacia Organic Bergamot Essential Oil 0.25 fl. oz.', '6 drops Aura Cacia Organic Clove Bud Essential Oil 0.25 fl. oz.', 'essential oil diffuser']",Aura Cacia,PT5M
﻿Citronella and Balsam Fir Essential Oil Room Mist,"1. In bottle, combine essential oils. 2. Fill to the top with water, replace lid and shake until contents are well blended. 3. To use, shake bottle and mist airspace. 4. Store in a cool, dark place.","﻿A uplifting, woodsy DIY room mist recipe featuring balsam fir needle, lemongrass and lemon essential oils.",,"['2-ounce amber glass mist bottle', '2 fluid ounces water', '10 drops Aura Cacia Java Citronella Essential Oil 0.5 fl. oz.', '10 drops Aura Cacia Balsam Fir Needle Essential Oil 0.5 fl. oz.', '6 drops Aura Cacia Amber Mist Bottle with Writable Label 2 fl. oz.', '10 drops Aura Cacia Organic Pine Essential Oil 0.25 fl. oz.']",Aura Cacia,
Crown Chakra Essential Oil Diffusion,"1. In diffuser, combine essential oils. 2. Operate diffuser according to directions. 3. Refresh with additional oils whenever needed.",,18 drops,"['5 drops Aura Cacia Lavender Essential Oil 0.5 fl. oz.', '3 drops Aura Cacia Sweet Basil Essential Oil 0.5 fl. oz.', '10 drops Aura Cacia Frankincense Essential Oil 0.5 fl. oz.', 'essential oil diffuser']",Aura Cacia,PT5M
Hair Serum with Enrich Essential Oil Blend,"1. Into palm of hand, dispense argan oil. Add essential oil blend and rub hands together. 2. To use, comb mixture through hair, avoiding scalp and scrunching the ends until frizz is minimized.",A simple DIY hair serum featuring Aura Cacia Enrich Essential Oil Blend.,1 tablespoon,"['1 tablespoon Aura Cacia Organic Argan Skin Care Oil 1 fl. oz.', '6 drops Aura Cacia Enrich Essential Oil Blend 0.5 fl. oz.']",Aura Cacia,
Heart Chakra Essential Oil Room Mist,"1. Measure water into spray mister bottle. 2. Add essential oils to water in bottle, replace cap and shake contents vigorously until well-blended. 3. To use, shake bottle and mist self and airspace to encourage a soothed and accepting heart.",,2 fluid ounces,"['2 fluid ounces water', '2 ounces Aura Cacia Amber Mist Bottle with Writable Label 2 fl. oz.', '9 drops Aura Cacia Ylang Ylang III Essential Oil 0.5 fl. oz.', '33 drops Aura Cacia Bergamot Essential Oil 0.5 fl. oz.', '18 drops Aura Cacia Organic Sweet Marjoram Essential Oil 0.25 fl. oz.']",Aura Cacia,
Clay Body Mask with Geranium Essential Oil,"1. In a mixing bowl, combine cornmeal and clay powder, sprinkle with essential oils and whisk until all clumps are broken up. 2. Gradually add water to bowl, stirring continuously with a spoon or spatula. Continue adding water until mixture reaches a creamy, thick consistency. 3. To use, smooth mask onto skin in shower using gentle circular scrubbing motions. Allow mask to dry and tighten, then rinse with warm water in shower and pat dry. Follow with body oil or moisturizer, if desired.",A gently clarifying body mask recipe made with cornmeal and French white clay will nourish and renew you all over.,2 cups,"['75 drops Aura Cacia Geranium Essential Oil 0.5 fl. oz.', '1 cup French white clay powder', '1/4 to 1 cups water', '1 cup cornmeal', '25 drops Aura Cacia Lemongrass Essential Oil 0.5 fl. oz.']",Aura Cacia,PT15M
Sandalwood Lemon Essential Oil Diffusion,"1. In diffuser, combine essential oils. 2. Operate diffuser according to directions. 3. Refresh with additional oils whenever needed.",A grounding homemade diffusion blend recipe featuring sandalwood and lemon essential oils. Check the directions included with your diffuser for specific use and dilution recommendations. Adjust the amount of essential oils accordingly.,18 drops,"['5 drops Aura Cacia Lemon Essential Oil 0.5 fl. oz.', '8 drops Aura Cacia Sandalwood Essential Oil 0.5 fl. oz.', '5 drops Aura Cacia Vetiver Essential Oil 0.5 fl. oz.', 'essential oil diffuser']",Aura Cacia,PT5M
Face Mist with Lavender and Chamomile Essential Oils,"1. In bottle, combine essential oils. 2. Top off with water, replace lid and shake until well blended. 3. To use, shake bottle and mist face, avoiding eyes.",A balancing DIY face mist recipe featuring lavender and chamomile essential oils to calm and relax you.,2 fluid ounces,"['15 drops Aura Cacia Lavender Essential Oil 0.5 fl. oz.', '2 fluid ounces water', '2 drops Aura Cacia Clary Sage Essential Oil 0.5 fl. oz.', '5 drops Aura Cacia Lemon Essential Oil 0.5 fl. oz.', '2 drops Aura Cacia Roman Chamomile Essential Oil 0.125 fl. oz.', '2-ounce Aura Cacia Amber Mist Bottle with Writable Label 2 fl. oz.']",Aura Cacia,
Lavender Tangerine Throat Chakra Bath Salts,"1. Measure oatmeal into blender or food processor. Pulse until a powder forms. 2. In a small mixing bowl, combine sea salt, baking soda and powdered oat meal. Stir with a spoon until dry ingredients are well-mixed. 3. Sprinkle dry ingredients with the essential oils and stir with spoon until a damp powder forms. Transfer to 4 ounce jar. 4. To use, dissolve 2 - 4 tablespoons into bath water.",A revitalizing bath salts recipe featuring lavender and tangerine essential oils to open the throat chakra.,4 ounces,"['2 tablespoons baking soda', '4 tablespoons sea salt', '16 drops Aura Cacia Roman Chamomile Essential Oil 0.125 fl. oz.', '16 drops Aura Cacia Tangerine Essential Oil 0.5 fl. oz.', '16 drops Aura Cacia Lavender Essential Oil 2 fl. oz.', '2 tablespoons powdered oatmeal', '4-ounce Aura Cacia Amber Wide Mouth Jar with Writable Label 4 oz.']",Aura Cacia,PT10M
Roll-on Perfume Oil with Frankincense and Myrrh Essential Oils,"1. In roll-on bottle, measure essential oils, top off with jojoba oil and replace lid, shake until well blended. 2. To use, apply 2 to 3 swipes of perfume oil onto pulse points. Reapply as needed.",A centering roll-on perfume oil featuring frankincense and myrrh essential oils.,,"['2 drops Aura Cacia Frankincense Essential Oil 0.5 fl. oz.', 'Aura Cacia Amber Roll-On Bottle with Writable Label .31 fl. oz.', '1 drop Aura Cacia Juniper Berry Essential Oil 0.5 fl. oz.', '2 teaspoons Aura Cacia Jojoba Skin Care Oil 4 fl. oz.', '1 drop Aura Cacia Myrrh Essential Oil 0.5 fl. oz.']",Aura Cacia,PT5M
Peppermint Ginger Massage Cream,"1. Measure Aura Cacia Unscented Massage Cream into jar. 2. Add essential oils to jar and stir with a spoon until well-blended. 3. To use, massage 1 to 2 teaspoons into targeted area. Use a paper towel to wipe away any remaining excess when finished. To use on the skin, add two or more ounces of carrier oil or unscented massage cream.",An invigorating massage cream recipe featuring peppermint and ginger essential oils. Try applying before and after a workout to nourish the skin and relax the muscles.,4 fluid ounces,"['20 drops Aura Cacia Peppermint Essential Oil 0.5 fl. oz.', '10 drops Aura Cacia Eucalyptus (globulus) Essential Oil 0.5 fl. oz.', '4 fluid ounces Aura Cacia Unscented Massage Cream', '6 drops Aura Cacia Sweet Orange Essential Oil 0.5 fl. oz.', '4-ounce Aura Cacia Amber Wide Mouth Jar with Writable Label 4 oz.', '12 drops Aura Cacia Ginger Essential Oil 0.5 fl. oz.']",Aura Cacia,
Eucalyptus Peppermint Essential Oil Diffusion,"1. In diffuser, combine essential oils. 2. Operate diffuser according to directions. 3. Refresh with additional oils as needed.",,18 drops,"['5 drops Aura Cacia Lemon Essential Oil 0.5 fl. oz.', '7 drops Aura Cacia Eucalyptus (globulus) Essential Oil 0.5 fl. oz.', 'essential oil diffuser', '6 drops Aura Cacia Peppermint Essential Oil 0.5 fl. oz.']",Aura Cacia,PT5M
All-Purpose Cleaning Wipes with Lavender Essential Oil,"1. In container, stack paper towel squares. 2. In a small measuring cup, combine water, alcohol and lavender essential oil. 4. Pour over paper towels and seal with lid, allowing paper towels to absorb the liquid. 5. To use, simply wipe hands or surfaces with 1 wipe at a time. 6. To store, keep in refrigerator for up to 2 weeks.",A simple homemade hand and surface wipes recipe made with lavender essential oil for quick at-home or on-the-go clean up.,6 wipes,"['2 tablespoons Isopropyl or rubbing alcohol', '4 tablespoons water', '6 heavy duty paper towels, cut into squares', '24 drops Aura Cacia Lavender Essential Oil 0.5 fl. oz.', 'sandwich container']",Aura Cacia,PT15M
Pine and Balsam Fir Essential Oil Reed Diffusion,"1. Into bottle, measure grapeseed oil. 2. Add essential oils and stir until well blended. 3. To use, insert reeds and let sit for about 30 minutes. 4. Carefully remove reeds and flip them to expose the saturated ends. 5. To maintain aroma, flip reeds regularly.","﻿An elegant reed diffusion, featuring balsam fir needle and pine essential oils, to create a subtle woodsy ambiance.",1 reed diffusion,"['5 to 7 diffuser reeds', '3/4 cup Aura Cacia Grapeseed Skin Care Oil 4 fl. oz.', '8 ounces glass bottle (a squat, wide-bodied bottle with a narrow opening works best)', '25 drops Aura Cacia Pine Essential Oil 0.5 fl. oz.', '50 drops Aura Cacia Balsam Fir Needle Essential Oil 0.5 fl. oz.']",Aura Cacia,PT15M
Cleansing Hand Gel Spray,"1. In a bowl, combine all ingredients. Pour into mist bottles. 2. Place the spray top on tightly and shake well for 15- 20 seconds to combine. To use, spray as needed on hands.",,,"['8 drops Aura Cacia Bergamot Essential Oil 0.5 fl. oz.', '1/3 cup Aloe Vera Gel', '8 drops Aura Cacia Tea Tree Essential Oil 0.5 fl. oz.', '8 drops Aura Cacia Cinnamon Leaf Essential Oil 0.5 fl. oz.', '2/3 cup 91% Isopropyl Alcohol', '4 ounces Aura Cacia Silver Mist Bottle with Cap 4 fl. oz.']",Aura Cacia,PT5M
Sandalwood Vetiver Essential Oil Diffusion,"1. In diffuser, combine essential oils. 2. Operate diffuser according to directions. 3. Refresh with additional oils whenever needed.","A calming room diffusion, featuring sandalwood essential oil, that creates an introspective, centering atmosphere.",,"['5 drops Aura Cacia Lemon Essential Oil 0.5 fl. oz.', '8 drops Aura Cacia Sandalwood Essential Oil 0.5 fl. oz.', '5 drops Aura Cacia Vetiver Essential Oil 0.5 fl. oz.', 'essential oil diffuser']",Aura Cacia,PT5M
Purifying Hand Gel Spray,"1. In a bowl, combine all ingredients. Pour into mist bottles. 2. Place the spray top on tightly and shake well for 15- 20 seconds to combine. To use, spray as needed on hands.",,,"['2/3 cup 91% Isopropyl Alcohol', '4 ounces Aura Cacia Silver Mist Bottle with Cap 4 fl. oz.', '24 drops Aura Cacia Rescue Charm Essential Oil 0.5 fl. oz.', '1/3 cup Aloe Vera Gel']",Aura Cacia,PT5M
Lemongrass and Fir Needle Essential Oil Room Spray,"1. Into mist bottle, measure essential oils, top off with water, replace cap and shake vigorously until well blended. 2. To use, shake bottle and apply 2 to 3 sprays into airspace around you.",A revitalizing room spray recipe featuring lemongrass and fir essential oils.,2 fluid ounces,"['7 drops Aura Cacia Java Citronella Essential Oil 0.5 fl. oz.', '2 ounces water', '7 drops Aura Cacia Lemon Essential Oil 0.5 fl. oz.', '13 drops Aura Cacia Balsam Fir Needle Essential Oil 0.5 fl. oz.', '9 drops Aura Cacia Lemongrass Essential Oil 0.5 fl. oz.', '2-ounce Aura Cacia Amber Mist Bottle with Writable Label 2 fl. oz.']",Aura Cacia,
Balsam Fir and Frankincense Roll-on Perfume,"1. In roll-on bottle, measure essential oils, top off with grapeseed oil and replace lid, shake until well blended. 2. To use, apply 2 to 3 swipes of perfume oil onto pulse points, reapply as needed.",,.31 fluid ounce,"['5 drops Aura Cacia Balsam Fir Needle Essential Oil 0.5 fl. oz.', '3 drops frankincense essential oil', '2 drops myrrh essential oil', '2 teaspoons grapeseed oil', '.31-ounce Aura Cacia Amber Roll-On Bottle with Writable Label .31 fl. oz.']",Aura Cacia,
Lavender Wintergreen Massage Oil,"1. In glass bottle, measure all ingredients, replace lid and shake gently until well blended. 2. To use, massage 1 teaspoon into targeted area before or after exercise.","An invigorating massage oil, featuring lavender and wintergreen essential oils, that's great for applying to targeted muscle areas before and after exercising.",2 fluid ounces,"['2 drops Aura Cacia Clove Bud Essential Oil 0.5 fl. oz.', '5 drops Aura Cacia Lavender Essential Oil 0.5 fl. oz.', '4 drops Aura Cacia Wintergreen Essential Oil 0.5 fl. oz.', '2 ounce Aura Cacia 2 fl. oz. Amber Bottle with Writable Label 2 fl. oz.', '2 fluid ounces Aura Cacia Grapeseed Skin Care Oil 4 fl. oz.', '13 drops Aura Cacia German Chamomile (in jojoba oil) 0.5 fl. oz.']",Aura Cacia,
Manuka and Lemon Spray Cleaner,"1. In spray bottle, combine water and Borax, shake until dissolved. 2. In measuring cup, combine soap and essential oils, stir until combined, pour into bottle, and shake gently until everything is well blended. 3. To use, shake bottle, spray surface and wipe clean with a damp cloth. 4. Note Test on an inconspicuous area before general use.",This synthetic-free all-purpose spray cleaner will leave your home sparkling with a bright lemon-like scent.,,"['1 teaspoon Aura Cacia Lemon Essential Oil 0.5 fl. oz.', '1/2 teaspoon Borax', '1 teaspoon Aura Cacia Manuka Essential Oil 0.5 fl. oz.', '1/2 teaspoon unscented liquid soap', '1 3/4 cups water', '16-ounce spray bottle']",Aura Cacia,PT5M
Frankincense Crown Chakra Massage Oil,"1. Measure baobab oil into amber glass bottle. 2. Add essential oils to baobab oil, replace lid and shake gently until well-blended. 3. To use, apply a few drops to the tips of fingers, and massage into temples for an aroma-enhanced meditation.","A relaxing blend, featuring frankincense essential oil to balance the crown chakra in preparation for meditation.",2 fluid ounces,"['2-ounce Aura Cacia 2 fl. oz. Amber Bottle with Writable Label 2 fl. oz.', '1 fluid ounce Aura Cacia Organic Baobab Skin Care Oil 1 fl. oz.', '8 drops Aura Cacia Frankincense (in jojoba oil) 0.5 fl. oz.', '2 drops Aura Cacia Dark Patchouli Essential Oil 0.5 fl. oz.', '2 drops Aura Cacia Lavender Essential Oil 0.5 fl. oz.']",Aura Cacia,
Castor Oil Heat Pack,"1. In a small bowl, combine castor oil and essential oils. 2. Onto washcloth, drizzle mixture. 3. Around washcloth, fold a flannel cloth (about 1’ x 2’) and place on body part. 4. Cover with a heating pad and let sit for about 30 minutes. Before use, spot-test on an inconspicuous area to ensure the product does not irritate skin.","A homemade castor oil heat pack infused with lavender, peppermint and eucalyptus essential oils to relax and soothe the muscles and joints.",1 teaspoon,"['3 drops Aura Cacia Lavender Essential Oil 0.5 fl. oz.', '3 drops Aura Cacia Peppermint Essential Oil 0.5 fl. oz.', '3 drops Aura Cacia Eucalyptus (globulus) Essential Oil 0.5 fl. oz.', '1 tablespoon Aura Cacia Organic Castor Oil 4 fl. oz.']",Aura Cacia,
Lavender Geranium Bath and Body Oil,"1. Into bottle, measure sweet almond oil. 2. Add lavender and geranium essential oils, replace lid and shake until contents are well blended. 3. To use, add up to 1 ounce to bath water or massage into clean skin after bathing or showering.",A soothing oil blend featuring lavender and geranium essential oils that serves as both a bath oil and an after bath or shower body oil.,4 fluid ounces,"['4-ounce Aura Cacia 4 fl. oz. Amber Bottle with Writable Label 4 fl. oz.', '24 drops Aura Cacia Lavender Essential Oil 0.5 fl. oz.', '24 drops Aura Cacia Geranium Essential Oil 0.5 fl. oz.', '4 fluid ounces Aura Cacia Sweet Almond Skin Care Oil 4 fl. oz.']",Aura Cacia,
Throat Chakra Essential Oil Diffusion,"1. In diffuser, combine essential oils. 2. Operate diffuser according to directions. 3. Refresh with additional oils whenever needed.",,18 drops,"['3 drops Aura Cacia Peppermint Essential Oil 0.5 fl. oz.', 'essential oil diffusion', '6 drops Aura Cacia Lavender Essential Oil 0.5 fl. oz.', '9 drops Aura Cacia Roman Chamomile (in jojoba oil) 0.5 fl. oz.']",Aura Cacia,
Hand Cream with Lemon and Lavender Essential Oils,"1. In a double boiler, combine beeswax and sweet almond oil. Heat just until melted. 2. Dissolve sodium borate (Borax) in water. 3. Add water mixture to blender, turn on and stream in the wax and oil mixture. 4. Continue blending until the cream begins to thicken and takes on a hazy appearance. 5. Add essential oils and resume whisking until cream is thick. Transfer to container. 6. To use, massage a small amount into hands. Test on a small area before general use, and do not use on broken skin. If irritation occurs, discontinue use.","A gentle DIY hand cream recipe made with beeswax, sweet almond oil, lemon essential oil and lavender essential oil.",16 fluid ounces,"['1 teaspoon Aura Cacia Lemon Essential Oil 0.5 fl. oz.', '3/4 ounce beeswax', '1 teaspoon Aura Cacia Lavender Essential Oil 0.5 fl. oz.', '1 cup Aura Cacia Sweet Almond Skin Care Oil 4 fl. oz.', '1/4 teaspoon sodium borate (Borax)', '16-ounce resealable container', '1 cup water']",Aura Cacia,
Pine and Balsam Fir Essential Oil Salt Candle Diffusion,"1. In a mixing bowl, measure salt and essential oils. Toss until oil is thoroughly distributed. 2. Place votive candle in holder and carefully fill the space around the candle with salt mixture. 3. To use, light candle.","A salt candle diffusion, featuring balsam fir and pine salt essential oils that diffuse through coarse grain salt crystals to create glinting light refractions and a warming, woodsy ambiance.",1 diffusion,"['4 cups coarse grain salt', '1/2 teaspoon Aura Cacia Pine Essential Oil 0.5 fl. oz.', '1 unscented votive candle', 'decorative clear glass bowl or vase', 'clear glass votive holder', '1 teaspoon Aura Cacia Balsam Fir Needle Essential Oil 0.5 fl. oz.']",Aura Cacia,PT30M
Grapefruit Frankincense Yoga Mist,"1. In bottle, combine essential oils. 2. Top off with water, replace lid and shake until well blended. 3. To use, shake bottle and mist yoga mat, body and/or airspace before, during or after practice.","A fresh, calming body and mat mist recipe for your yoga practice that features grapefruit and frankincense essential oils.",,"['6 drops Aura Cacia Organic Grapefruit Essential Oil 0.25 fl. oz.', '6 drops Aura Cacia Organic Frankincense Essential Oil 0.25 fl. oz.', '2-ounce Aura Cacia Amber Mist Bottle with Writable Label 2 fl. oz.', '2 fluid ounces water']",Aura Cacia,
