0,1,2,3,4,category,6,priceCurrency,availability,validFrom,price,organizer
Seek God for the City 2020,2020-02-26T08:00:00+00:00,"&lt;p&gt;Seeking His face. Seeking His kingdom. Seek God for the City is designed to mobilize many to pray with united, sustained vision for people of your community. The daily prayers are all new and different from last year’s prayer guide. It’s hard to pray beyond our own problems, especially in difficult times. But since God does [&hellip;]&lt;/p&gt;\",Organization,2020-04-05T17:00:00+00:00,,,,,,,
Fall 2015 Church Chaplaincy Academy 13,2015-09-02T08:00:00+00:00,"&lt;p&gt;Registration is now open for the Fall 2015 Church Chaplaincy Academy 13. In past Academies, eighty-eight (88) area churches have joined to train well over 700 Volunteer Compassion Team Chaplains for their own churches as Crisis First Responders. The demands on a church pastor\\'s time are many. In caring for the needs of your church [&hellip;]&lt;/p&gt;\",Organization,2015-10-21T17:00:00+00:00,,Western Seminary,,,,,
Q Commons Sacramento,2016-10-13T18:30:00+00:00,"&lt;p&gt;Q Commons Sacramento is a live learning experience that challenges attendees to stay curious, think well, and advance good in their communities. https://www.youtube.com/watch?v=RW2KJ0rF9Xo Since launching in 2014, more than 15,000 individuals have participated in 180 Q Commons city events on five continents. Gather alongside friends, neighbors, and community leaders to become unified, informed, and inspired [&hellip;]&lt;/p&gt;\",Organization,2016-10-13T21:00:00+00:00,,Beatnik Studios,,,,,
Q Commons,2015-09-24T19:00:00+00:00,"&lt;p&gt;ACTS Group is partnered with Q Ideas to create a bi-annual rhythm of gathering leaders from all kinds of backgrounds and vocations for a night of inspiration and conversation about how we as Christians can advance good in our cities and communities. Q Commons brings the Q National event experience to your community. Join 10,000 [&hellip;]&lt;/p&gt;\",Organization,2015-09-24T21:00:00+00:00,,,,,,,Unnamed Organizer
Azusa Now,2016-04-09T08:00:00+00:00,"&lt;p&gt;It\\'s a fast, not a festival. TheCall does not advertise bands, nor promote speakers. We are not about the exaltation of human personalites. We are about exalting the Lord and Him alone. Our nation is in desperate need of the mercy of God and another great spiritual awakening, which will only come as the Body [&hellip;]&lt;/p&gt;\",Organization,2016-04-09T22:30:00+00:00,,Los Angeles Memorial Coliseum,,,,,
Life On Mission Training,2020-05-17T12:30:00+00:00,"&lt;p&gt;Life on Mission Training is a high energy interactive learning experience that helps you overcome your fears, obstacles and hang ups about talking about Jesus in your every day life. You will identify the people in your life, where they are in their spiritual journey and decide what step of faith God is calling you [&hellip;]&lt;/p&gt;\",Organization,2020-05-17T16:00:00+00:00,primary,Jesus Culture,$,inStock,2020-02-06T00:00:00+00:00,0.0,
Pacific Northwest City Advance 2019,2019-12-02T12:00:00+00:00,"&lt;p&gt;Save the date for City Advance in Eugene, OR! Pacific Northwest City Advance Monday - Tuesday December 2 + 3, 2019 SAVE NOW: December 2nd &amp; 3rd for the annual Pacific NW City Advance in Eugene! Plan to bring some colleagues engaged with your John 17 city-wide movement: pastors, leaders of non-profits, and kingdom-minded marketplace leaders. We\\'re [&hellip;]&lt;/p&gt;\",Organization,2019-12-03T17:00:00+00:00,,,,,,,
Q Commons Sacramento,2016-03-03T19:00:00+00:00,"&lt;p&gt;Join with 10,000 participants across 60+ cities to enjoy an evening of vision, learning and engagement on the cultural issues and topics that matter most through speakers, and connecting with other local leaders. &nbsp; www.qideas.org&lt;/p&gt;\",Organization,2016-03-03T22:00:00+00:00,,Studio 817,,,,,Convergence
Building a Legacy: A Million Man Call to Prayer,2019-11-02T08:00:00+00:00,"&lt;p&gt;THE MIGHTY MEN MOVEMENT BUILDING A LEGACY: MILLION MAN CALL TO PRAYER is designed to ignite a Statewide/National men’s prayer movement, and additionally to encourage and motivate men to build God honoring legacies through inspirational speakers and discipleship resources&lt;/p&gt;\",Organization,2019-11-02T12:45:00+00:00,primary,Peoples Church,$,inStock,2019-09-24T00:00:00+00:00,20.0,Mighty Men Movement
Q Commons Sacramento 2019,2019-10-24T19:00:00+00:00,"&lt;p&gt;Q Commons is a live learning experience that challenges attendees to stay curious, think well, and advance good in their communities. This year, we will be convening at Ferguson Hall, which has been a meeting place for church, business, non-profit and city leaders at Fremont Presbyterian Church in East Sacramento. The theme this year is [&hellip;]&lt;/p&gt;\",Organization,2019-10-24T22:00:00+00:00,primary,Ferguson Hall at Fremont Presbyterian Church,$,inStock,2019-09-17T00:00:00+00:00,29.0,Convergence
Q 2020 Virtual Summit,2020-04-22T08:00:00+00:00,"&lt;p&gt;Due to COVID-19, we are making this year’s Q Conference an all-virtual event that will be more relevant than ever. We are confident this decision provides an impactful way for leaders from every channel of culture and all around the world to continue to unite for important conversations about our current and quickly changing context. [&hellip;]&lt;/p&gt;\",Organization,2020-04-23T17:00:00+00:00,primary,Music City Center,$,inStock,2020-03-11T00:00:00+00:00,99.0,Q Ideas
