0,description,addressLocality,addressRegion,priceRange,addressCountry,ratingValue
Arabian Courtyard Hotel & Spa,Sejur Dubai - Arabian Courtyard Hotel & Spa,Dubai,Dubai,EUR 0 - EUR 0,Emiratele Arabe Unite,4.0
NUBIA AQUA BEACH RESORT & AQUAPARK,,Al Ahyaa Road,Al Ahyaa Road,EUR 0 - EUR 0,Egypt,5.0
Checkin Beatrix Apartments,Sejur Costa Brava - Checkin Beatrix Apartments,Pineda Del Mar,Pineda Del Mar,EUR 0 - EUR 0,Spania,3.0
TITANIC PALACE RESORT& AQUAPARK,,Village Road,Village Road,EUR 1140 - EUR 2280,Egypt,5.0
Titanic Resort & Aqua Park,&nbsp;&nbsp;&nbsp;&nbsp;Aqua Park - 15.000 mp&nbsp;&nbsp;&nbsp;&nbsp;&nbsp;&nbsp;&nbsp;&nbsp;Acces internet Wi-Fi&nbsp;&nbsp;&nbsp;&nbsp;,Hurghada,Hurghada,EUR 0 - EUR 0,Egipt,4.0
The Address Dubai Mall,Sejur Dubai - The Address Dubai Mall,Dubai,Dubai,EUR 0 - EUR 0,Emiratele Arabe Unite,5.0
Latania Apartments,Charter Creta Heraklion - Latania Apartments,Stalida,Stalida,EUR 0 - EUR 0,Grecia,3.0
The Village at The Cove Rotana Resort,The Village at The Cove Rotana Resort 7 nights FLEXI DUBAI TOAMNA 2020(Vat) Rates are inclusive of 5% Value Added Tax starting from 01st January 2018 Check in time : 14:00 hrs Check out time : 12:00 nn,Ras Al Khaimah,Ras Al Khaimah,EUR 0 - EUR 0,Ukraine,5.0
"Radisson Blu Hotel & Resort, Abu Dhabi Corniche (Former Hilton Abu Dhabi)","/2Radisson Blu Hotel & Resort, Abu Dhabi Corniche (Former Hilton Abu Dhabi) 7 nights REVELION 2020/2021(Vat) Rates are inclusive of 5% Value Added Tax starting from 01st January 2018 Check-In Time: 14:00 & Check-Out Time: 12:00nn. HB option is available for lunch or dinner excluding New Year's Eve dinner and during occasions with Special Brunch. Compulsory New Year's Gala Dinner 31.12.2017",Abu Dhabi,Abu Dhabi,EUR 3273 - EUR 6546,Ukraine,5.0
The Address Dubai Marina,Sejur Dubai - The Address Dubai Marina,Dubai,Dubai,EUR 0 - EUR 0,Emiratele Arabe Unite,5.0
Achousa Hotel,"Achousa Hotel - Charter Avion Rodos (Timisoara) 2020This property is 11 minutes walk from the beach. Set amongst lush gardens on the outskirts of Faliraki in Rhodes, Achousa Hotel features a swimming pool and a sun terrace with a pool bar. Free Wi-Fi is provided throughout. Each studio has a private balcony with pool or garden views. A kitchenette with a fridge, cooking hobs and electric kettle is included in all units at the Achousa. Cocktails and ice creams are served at the bar while the pool bar provides snacks such as salads and omelettes as well as full meals throughout the day. A BBQ is held weekly in the swimming pool area. Bars, restaurants and shops are available just a 10-minute walk from the hotel. Staff at the 24-hour front desk can arrange car rental. Rhodes Town is 11 km away. Free private parking is possible on site.",Rodos,Rodos,EUR 0 - EUR 0,Grecia,3.0
Al Khoory Atrium Hotel - Al Barsha,/2Al Khoory Atrium Hotel - Al Barsha 7 nights REVELION 2020/2021Hotel Remarks till 31.10.2017 All Market including GCC Check-In Time: 15:00 & Check-Out Time: 12:00nn. --------------------------------------------------------------------- Hotel Remarks 1st November 2017 till 31st December 2017 Check in time is 15 hrs an Rates are inclusive of 10%Service Charge and 10% municipality Fees. Breakfast will be taken at SPICES Restaurant,Al Barsha,Al Barsha,EUR 1136 - EUR 2272,Ukraine,4.0
Rove At The Park,Rove At The Park 5 nights FLEXI DUBAI 2021Vat) Rates are inclusive of 5% Value Added Tax starting from 01 January 2018. Check In Time 4:00PM; Check out Time 2:00PM,Dubai,Dubai,EUR 973 - EUR 1946,Ukraine,3.0
Hotel Amic Gala,Sejur Mallorca - Hotel Amic Gala,Can Pastilla,Can Pastilla,EUR 1178 - EUR 2356,Spania,3.0
Apartments Pierre & Vacances Blanes Playa,Sejur Costa Brava - Apartments Pierre & Vacances Blanes Playa,Blanes,Blanes,EUR 0 - EUR 0,Spania,3.0
Ibis Hotel Al Barsha,Sejur Dubai - Ibis Hotel Al Barsha 3*,Dubai,Dubai,EUR 0 - EUR 0,Emiratele Arabe Unite,3.0
Katia Apartments,Katia Apartments - Sejur individual Lefkada 2020,Lefkada,Lefkada,EUR 358 - EUR 716,Grecia,0.0
Seasons Hotel - Adults Only,Sejur Cipru - Seasons Hotel - Adults Only,Ayia Napa,Ayia Napa,EUR 0 - EUR 0,Cipru,4.0
Pickalbatros Jungle Aqua Park,&nbsp;&nbsp;&nbsp;&nbsp;Aqua Park cu 11 piscine şi 35 tobogane&nbsp;&nbsp;&nbsp;&nbsp;&nbsp;&nbsp;&nbsp;&nbsp;Centru Wellness & Spa&nbsp;&nbsp;&nbsp;&nbsp;&nbsp;&nbsp;&nbsp;&nbsp;Acces internet Wi-Fi gratuit&nbsp;&nbsp;&nbsp;&nbsp;,Hurghada,Hurghada,EUR 1826 - EUR 3652,Egipt,4.0
Citymax Al Barsha at the Mall,Citymax Al Barsha at the Mall 5 nopti - Charter avion Dubai Bucuresti 2020-2021 AnimaWings,City Area,City Area,EUR 1049 - EUR 2098,Emiratele Arabe Unite,3.0
Napa Plaza Hotel - Adults Only,Sejur Cipru - Napa Plaza Hotel - Adults Only,Ayia Napa,Ayia Napa,EUR 0 - EUR 0,Cipru,4.0
Hotel Crystal Admiral,Charter Antalya - Hotel CRYSTAL ADMIRAL,Side,Side,EUR 1318 - EUR 2636,Turcia,5.0
Astra Village Apartments & Suites,Charter Creta Heraklion - Astra Village Apartments & Suites 3*,Koutouloufari,Koutouloufari,EUR 0 - EUR 0,Grecia,3.0
Hotel Hilton Garden Inn Dubai Al Mina - Jumeirah,Sejur Dubai - Hotel Hilton Garden Inn Dubai Al Mina - Jumeirah,Dubai,Dubai,EUR 0 - EUR 0,Emiratele Arabe Unite,4.0
Melissa Apts Malia,Charter Creta Heraklion - Melissa Apartments Malia 3*,Malia,Malia,EUR 0 - EUR 0,Grecia,3.0
Hotel Don Pepe - Adults Only,Sejur Mallorca - Hotel Don Pepe - Adults Only,El Arenal,El Arenal,EUR 1078 - EUR 2156,Spania,3.0
Millennium Atria Business Bay,"Millennium Atria Business Bay 7 nights FLEXI DUBAI TOAMNA 2020(Vat) Rates are inclusive of 5% Value Added Tax starting from 01st January 2018. Tourism Dirham Fee per bedroom per night is payable by the guest upon departure. Check-in Time 15.00 hrs, Check-out Time 12.00 hrs. Check-in check-out: Not Allowed on 31.12.2019. Baby Cot will be offered on complimentary basis.(subject to availability). Free Sofa Bed available only in One bed room Apartment.",Dubai,Dubai,EUR 0 - EUR 0,Ukraine,5.0
Al Raha Beach Hotel Abu Dhabi,"/2Al Raha Beach Hotel Abu Dhabi 7 nights REVELION 2020/2021Check-In time is 15:00 hours and Check-out time is 12:00 noon. The hotel provides free WiFi internet access in the rooms and public areas. Maximum 1 Extra Bed can be provided in the Superior room, Gulf View Room and Grand Gulf View Room The hotel provides complimentary shuttle bus service to 'Grand Mosque', 'Madinat Zayed', 'Yas Waterworld', 'Ferrari Park' and 'Marina and Yas Mall' on schedule. BB/HB/FB (breakfast, lunch, dinner) at the prices specified in the table, only at SEVILLA restaurant. Drinks for an additional payment. Al Raha Beach Hotel is connected to Al Raha Mall. All Inclusive supplememnt is inclusive of lunch and dinner, includes free flow of soft drinks and selected (by glass) as per below : - American coffee, regular tea, local mineral water, soft drinks (Cola, Fanta, Sprite, Canned juices), House Beer and House Wine, Selected Spirits : (Rum, Gin, Vodka, Whisky, Brandy), Long Drinks : (combination from the mentioned spirits adn soft drinks), Selected Cocktails : (Pina Colada, Screw Driver, Cuba Libre and Tom Collins) 10.07.2016 - 15.08.2016 Hotel will have annual maintenance of the outdoor main swimming pool. Only Villa Swimming pools and Villa kid's",Abu Dhabi,Abu Dhabi,EUR 2833 - EUR 5666,Ukraine,5.0
Sea World Pickalbatros Marsa Alam,&nbsp;&nbsp;&nbsp;&nbsp;Access internet Wi-Fi gratuit&nbsp;&nbsp;&nbsp;&nbsp;&nbsp;&nbsp;&nbsp;&nbsp;Aqua park cu 9 tobogane&nbsp;&nbsp;&nbsp;&nbsp;&nbsp;&nbsp;&nbsp;&nbsp;Centru Wellness & Spa-1082 mp&nbsp;&nbsp;&nbsp;&nbsp;,Marsa Alam,Marsa Alam,EUR 0 - EUR 0,Egipt,5.0
Mövenpick Hotel Apartments Downtown Dubai,Sejur Dubai - Movenpick Hotel Apartments Downtown Dubai,Dubai,Dubai,EUR 0 - EUR 0,Emiratele Arabe Unite,5.0
Andaman Embrace Patong,"LOCATION & ATTRACTIONS<br>Andaman Embrace Patong lies in the heart of Patong Beach City. Located only minutes of walking distance to every point of interest from shopping, nightlife, hospitals, and the famous white sandy beach of Patong City.<br><strong>Hotel Address:</strong>&nbsp;2 Hadpatong Road, Patong Beach, Kathu, Phuket 83150 Thailand&nbsp;<br><br>Patong Beach 2 minute on foot Jungceylon Shopping Centre 10 minutes on foot, 5 minutes by car Bangla Night Street 10 minutes on foot, 5 minutes by car Phuket Fantasea 20 minutes by car Siam Niramit 25 minutes by car Central Festival Phuket 25 minutes by car Phuket Town 30 minutes by car Big Buddha Temple 30 minutes by car Chalong Temple 30 minutes by car Phuket International Airport 45 minutes by car",Phuket,Phuket,EUR 1840 - EUR 3681,Thailand,4.0
Hampton By Hilton Dubai Airport,Sejur Dubai - Hampton By Hilton Dubai Airport 3*,Dubai,Dubai,EUR 1158 - EUR 2316,Emiratele Arabe Unite,3.0
Punta Cana Princess All Suites Resort and Spa - Adults Only,Sejur Republica Dominicana - Punta Cana Princess All Suites Resort and Spa - Adults Only,Punta Cana,Punta Cana,EUR 3318 - EUR 6636,Republica Dominicana,5.0
Caravel Sensimar Resort and Spa (Adults Only),Charter Zakynthos - Caravel Sensimar Resort and Spa,Tsilivi,Tsilivi,EUR 0 - EUR 0,Grecia,5.0
Apsara Beachfront Resort and Villa,"The eco-friendly resort in Khao Lak is located on a pristine and unspoiled white sandy beach in Phang Nga Province, only 90minutes drive from Phuket International Airport. Apsara is a truly secluded destination where you will be totally relaxed and simply indulge yourself with the wonderful surroundings, the waves breaking on the deserted shore, and the breathtaking sunsets. Set on tranquil Pakarang Beach, this isolated haven is a great place for surfing, particularly for those seeking an uncrowded beach and friendly waves. The hotel with its 195 spacious, well-appointed rooms nestle in tropical splendor and are separated from the 60 extremely comfortable pool and Jacuzzi villas by a lush lagoon, with a mangrove forest against a stunning jungle background of the nearby National Park.<br><br>&nbsp;Resort<br>&nbsp;&nbsp;&nbsp;&nbsp;&nbsp;&nbsp;&nbsp; Superior Room<br>&nbsp;&nbsp;&nbsp;&nbsp;&nbsp;&nbsp;&nbsp; Deluxe Room<br>&nbsp;&nbsp;&nbsp;&nbsp;&nbsp;&nbsp;&nbsp; Deluxe Seaview<br>&nbsp;&nbsp;&nbsp;&nbsp;&nbsp;&nbsp;&nbsp; Family Deluxe<br>&nbsp;&nbsp;&nbsp;&nbsp;&nbsp;&nbsp;&nbsp; Pool Access<br>&nbsp;&nbsp;&nbsp;&nbsp;&nbsp;&nbsp;&nbsp; Suite<br>&nbsp;&nbsp;&nbsp; Villa<br>&nbsp;&nbsp;&nbsp;&nbsp;&nbsp;&nbsp;&nbsp; Jacuzzi Villa<br>&nbsp;&nbsp;&nbsp;&nbsp;&nbsp;&nbsp;&nbsp; Pool Villa<br>&nbsp;&nbsp;&nbsp; Dining<br>&nbsp;&nbsp;&nbsp;&nbsp;&nbsp;&nbsp;&nbsp; Kinnaree Restaurant<br>&nbsp;&nbsp;&nbsp;&nbsp;&nbsp;&nbsp;&nbsp; Napalai Restaurant<br>&nbsp;&nbsp;&nbsp;&nbsp;&nbsp;&nbsp;&nbsp; Zeus Beach Bar & Restaurant<br>&nbsp;&nbsp;&nbsp;&nbsp;&nbsp;&nbsp;&nbsp; Horizon Bar<br>&nbsp;&nbsp;&nbsp; Facilities<br>&nbsp;&nbsp;&nbsp;&nbsp;&nbsp;&nbsp;&nbsp; Swimming Pools<br>&nbsp;&nbsp;&nbsp;&nbsp;&nbsp;&nbsp;&nbsp; Apsara Spa<br>&nbsp;&nbsp;&nbsp;&nbsp;&nbsp;&nbsp;&nbsp; Gym<br>&nbsp;&nbsp;&nbsp;&nbsp;&nbsp;&nbsp;&nbsp; Kids Room & Playground<br>&nbsp;&nbsp;&nbsp;&nbsp;&nbsp;&nbsp;&nbsp; Library<br>&nbsp;&nbsp;&nbsp;&nbsp;&nbsp;&nbsp;&nbsp; Meetings<br>&nbsp;&nbsp;&nbsp;&nbsp;&nbsp;&nbsp;&nbsp; Private Dining<br><br><br>Superior Room (Size: 42 sq.m.)<br>Designed for heightened personal comfort<br>Set in low rise buildings on the beach and surrounded by flourishing gardens, these contemporary Thai designed rooms make up 93 of our 195 Resort Zone rooms.",Khao Lak,Khao Lak,EUR 1868 - EUR 3736,Thailand,4.0
Jumeirah at Etihad Towers,/2Jumeirah at Etihad Towers 7 nights REVELION 2020/2021*CONTRACTED RATES VALID FOR ALL MARKETS *Check-in time is 15:00 hours and Check-out time is 12:00 noon *Rates are inclusive of 5% VAT. Breakfast and Dinner will be served in Rosewater Restaurant only.,Abu Dhabi,Abu Dhabi,EUR 3257 - EUR 6514,Ukraine,5.0
HAWAII RIVIERA CLUB(2nd LINE),,Al Ahyaa Road,Al Ahyaa Road,EUR 1643 - EUR 3286,Egypt,4.0
Beach Albatros Resort,&nbsp;&nbsp;&nbsp;&nbsp;Centru Wellness & Spa&nbsp;&nbsp;&nbsp;&nbsp;&nbsp;&nbsp;&nbsp;&nbsp;Centru de diving&nbsp;&nbsp;&nbsp;&nbsp;&nbsp;&nbsp;&nbsp;&nbsp;Acces internet Wi-Fi gratuit&nbsp;&nbsp;&nbsp;&nbsp;,Hurghada,Hurghada,EUR 1074 - EUR 2148,Egipt,4.0
Ascos Coral Beach Hotel,Sejur Cipru - Ascos Coral Beach Hotel,Coral Bay,Coral Bay,EUR 938 - EUR 1876,Cipru,4.0
Christabelle Hotel Apartments,Sejur Cipru - Christabelle Hotel Apartments,Ayia Napa,Ayia Napa,EUR 0 - EUR 0,Cipru,3.0
Chelsea Gardens Hotel Apartments,"Chelsea Gardens Hotel Apartments 7 nights FLEXI DUBAI TOAMNA 2020(Vat) Rates are inclusive of 5% Value Added Tax starting from 01st January 2018 Tourism Dirham Fee per bed room per night is payable by the guest upon departure. Check-in time: 14:00 hrs, Check-out time: 12:00 hrs Late check out until 18:00 hrs",Jebel Ali,Jebel Ali,EUR 0 - EUR 0,Ukraine,4.0
Dias Luxury Hotel & Apts,Charter Creta Heraklion - Dias Luxury Hotel & Apts,Stalida,Stalida,EUR 0 - EUR 0,Grecia,4.0
Andaman Embrace Patong,"LOCATION & ATTRACTIONS<br>Andaman Embrace Patong lies in the heart of Patong Beach City. Located only minutes of walking distance to every point of interest from shopping, nightlife, hospitals, and the famous white sandy beach of Patong City.<br><strong>Hotel Address:</strong>&nbsp;2 Hadpatong Road, Patong Beach, Kathu, Phuket 83150 Thailand&nbsp;<br><br>Patong Beach 2 minute on foot Jungceylon Shopping Centre 10 minutes on foot, 5 minutes by car Bangla Night Street 10 minutes on foot, 5 minutes by car Phuket Fantasea 20 minutes by car Siam Niramit 25 minutes by car Central Festival Phuket 25 minutes by car Phuket Town 30 minutes by car Big Buddha Temple 30 minutes by car Chalong Temple 30 minutes by car Phuket International Airport 45 minutes by car",Phuket,Phuket,EUR 1903 - EUR 3807,Thailand,4.0
Marlita Beach Hotel Apartments,Sejur Cipru - Marlita Beach Hotel Apartments,Protaras,Protaras,EUR 0 - EUR 0,Cipru,3.0
Sheraton Abu Dhabi Hotel and Resort,"/2Sheraton Abu Dhabi Hotel and Resort 6 nights REVELION 2020/2021(Vat) Rates are inclusive of 5% Value Added Tax starting from 01st January 2018 Tourism Dirham Fee per bedroom per night will be pay by the guest directly at the hotel. Check-In time is 15:00hrs, Check-Out time is 12:00nn. The Rates are valid for All Markets Except UAE Residents All Inclusive Supplement is inclusive of lunch and dinner in all day dining restaurant Flavors except special theme nights - alternative venues will be provided with a set menu. Supplement includes free flow of soft drinks and selected beverages (by glass) as per below : - American coffee, regular tea - Local mineral water, soft drinks (Cola, Fanta, Sprite, Canned Juices) - House beer and house wine - Selected Spirits (Rum, Gin, Vodka, Whisky, Brandy) - Long Drinks (combination from the mentioned spirits and soft drinks) - Selected cocktails (Pina Colada, Screw Driver, Cuba Libre and Tom Collins) Room Service and Mini Bar are not included",Abu Dhabi,Abu Dhabi,EUR 0 - EUR 0,Ukraine,5.0
Hotel Auris Inn Al Muhanna,Sejur Dubai - Hotel Auris Inn Al Muhanna 4*,Dubai,Dubai,EUR 0 - EUR 0,Emiratele Arabe Unite,4.0
Grand Hyatt Abu Dhabi Hotel & Residences Emirates Pearl,/2Grand Hyatt Abu Dhabi Hotel & Residences Emirates Pearl 7 nights REVELION 2020/2021(Vat) Rates are inclusive of 5% Value Added Tax starting from 01st January 2018. Hotel Terms and conditions from 17.12.2018 - 31.12.2019. Check-in: 15:00 hrs Check-out: 12:00 hrs Minimum of 2 nights stay will be applicable to all dates.,Abu Dhabi,Abu Dhabi,EUR 3106 - EUR 6212,Ukraine,5.0
Blue Sky Apts Malia,Charter Creta Heraklion - Blue Sky Apts Malia,Malia,Malia,EUR 778 - EUR 1556,Grecia,2.0
Tulip Al Barsha Hotel Apartment,/2Tulip Al Barsha Hotel Apartment 7 nights REVELION 2020/2021,Al Barsha,Al Barsha,EUR 0 - EUR 0,Ukraine,0.0
Corniche Hotel Abu Dhabi,"/2Corniche Hotel Abu Dhabi 7 nights REVELION 2020/2021(Previously Millennium Corniche Hotel Abu Dhabi) Hotel Remarks valid from 01.11.2017 till 31.10.2017 Rates valid for ALL MARKETS Check in Time: After 14:00 hrs, Check out Time: 12:00 hrs All guest arriving before 14:00 hrs will be accommodatedas rooms become available. Rates are inclusive to all applicable taxes 10% service charge, 06% tourism fee, 04% municipality fee Minimum Length of Stay during Exhibition & Events period is 3 Nights.",Abu Dhabi,Abu Dhabi,EUR 1977 - EUR 3954,Ukraine,5.0
Select Benal Beach Apartments,Sejur Costa del Sol - Select Benal Beach Apartments,Benalmadena,Benalmadena,EUR 0 - EUR 0,Spania,4.0
PALMYRA AQUAPARK KANTAOUI,Detalii transport avion: Cod zbor: BJ **Plecare: (CLJ) 11.08.2021 13:00:00&nbsp;&nbsp;&nbsp;-&nbsp;&nbsp;&nbsp;(MIR) 11.08.2021 13:35:00Intoarcere: (MIR) 18.08.2021 07:30:00&nbsp;&nbsp;&nbsp;-&nbsp;&nbsp;&nbsp;(CLJ) 18.08.2021 12:05:00,Port El Kantaoui,Port El Kantaoui,EUR 1518 - EUR 3036,Tunisia,3.0
Katia Apartments,Katia Apartments - Sejur individual Lefkada 2020,Lefkada,Lefkada,EUR 0 - EUR 0,Grecia,0.0
Jungle Aqua Park,&nbsp;&nbsp;&nbsp;&nbsp;Aqua Park cu 11 piscine şi 35 tobogane&nbsp;&nbsp;&nbsp;&nbsp;&nbsp;&nbsp;&nbsp;&nbsp;Centru Wellness & Spa&nbsp;&nbsp;&nbsp;&nbsp;&nbsp;&nbsp;&nbsp;&nbsp;Acces internet Wi-Fi gratuit&nbsp;&nbsp;&nbsp;&nbsp;,Hurghada,Hurghada,EUR 1047 - EUR 2094,Egipt,4.0
Hilton Marsa Alam Nubian,&nbsp;&nbsp;&nbsp;&nbsp;Access internet Wi-Fi&nbsp;&nbsp;&nbsp;&nbsp;&nbsp;&nbsp;&nbsp;&nbsp;3 restaurante á la carte&nbsp;&nbsp;&nbsp;&nbsp;,Marsa Alam,Marsa Alam,EUR 0 - EUR 0,Egipt,5.0
Anastasia Beach Hotel,Sejur Cipru - Anastasia Beach Hotel,Protaras,Protaras,EUR 0 - EUR 0,Cipru,4.0
Swissotel Al Ghurair Dubai,Swissotel Al Ghurair Dubai 7 nights FLEXI DUBAI 2021(Vat) Rates are inclusive of 5% Value Added Tax starting from 01st January 2018. Check-In Time: 14:00 & Check-Out Time: 12:00nn. The Rates are applicable for CIS & Russia markets Mandatory New Year Gala Dinner Dinner on 31.12.2017 will be offer as Lunch.,Deira Dubai,Deira Dubai,EUR 0 - EUR 0,Ukraine,5.0
Saadiyat Rotana Resort & Villas- Abu Dhabi,"/2Saadiyat Rotana Resort & Villas- Abu Dhabi 7 nights REVELION 2020/2021(Vat) Rates are inclusive of 5% Value Added Tax starting from 01st January 2018. Contracted rates valid to CIS Market,Europian & Russian. Check-in:15:00 hours Check-out:12:00 noon",Abu Dhabi,Abu Dhabi,EUR 0 - EUR 0,Ukraine,5.0
Jungle Aqua Park,&nbsp;&nbsp;&nbsp;&nbsp;Aqua Park cu 11 piscine şi 35 tobogane&nbsp;&nbsp;&nbsp;&nbsp;&nbsp;&nbsp;&nbsp;&nbsp;Centru Wellness & Spa&nbsp;&nbsp;&nbsp;&nbsp;&nbsp;&nbsp;&nbsp;&nbsp;Acces internet Wi-Fi gratuit&nbsp;&nbsp;&nbsp;&nbsp;,Hurghada,Hurghada,EUR 1255 - EUR 2511,Egipt,4.0
JA Oasis Beach Tower Apartments,Sejur Dubai - JA Oasis Beach Tower Apartments,Dubai,Dubai,EUR 0 - EUR 0,Emiratele Arabe Unite,5.0
Hyatt Place Dubai/ Al Rigga,"/2Hyatt Place Dubai/ Al Rigga 7 nights REVELION 2020/2021The room rates are inclusive of 10% Service Charge and 10% Municipality Fee. Tourism Dirham Fee per room per night is payable by the guest upon departure. The hotel provides free connection to WiFi Internet in rooms and public places of hotel. The hotel provides a free group transfer on the Al Mamzar Beach Park beach according to the schedule. Check - In - 14:00 hrs Check - Out - 12:00 hrs ---------------------------------------------------------------------------------------------------------------------- Hotel Remarks December 28 2017 till December 28 2018 Rates are inclusive of Service Charge and 10% Municipality Fee. Minimum Lenght of 6 Nights Stay is required from 28.12.2017 - 02.01.2018. Check out on 31.12.2017 is not allowed. Check in time is 14 hrs and check out time is 12 hrs Hotel provides complimentary shuttle service to Mamzar Beach park Half board can be Lunch or Dinner Baby cots and Roll-away beds are free of charge,subject to availability.",Deira Dubai,Deira Dubai,EUR 1078 - EUR 2156,Ukraine,4.0
Pickalbatros Jungle Aqua Park,&nbsp;&nbsp;&nbsp;&nbsp;Aqua Park cu 11 piscine şi 35 tobogane&nbsp;&nbsp;&nbsp;&nbsp;&nbsp;&nbsp;&nbsp;&nbsp;Centru Wellness & Spa&nbsp;&nbsp;&nbsp;&nbsp;&nbsp;&nbsp;&nbsp;&nbsp;Acces internet Wi-Fi gratuit&nbsp;&nbsp;&nbsp;&nbsp;,Hurghada,Hurghada,EUR 0 - EUR 0,Egipt,4.0
TITANIC BEACH RESORT & AQUAPARK,,Village Road,Village Road,EUR 1101 - EUR 2202,Egypt,5.0
Beach Rotana Abu Dhabi,/2Beach Rotana Abu Dhabi 6 nights REVELION 2020/2021(Vat) Rates are inclusive of 5% Value Added Tax starting from 01st January 2018 Check-In Time: 14:00 & Check-Out Time: 12:00nn.,Abu Dhabi,Abu Dhabi,EUR 2659 - EUR 5318,Ukraine,5.0
Mercure Gold Hotel Al Mina Road Dubai,Sejur Dubai - Mercure Gold Hotel Al Mina Road Dubai,Dubai,Dubai,EUR 0 - EUR 0,Emiratele Arabe Unite,4.0
DebbieXenia Hotel Apartments,Sejur Cipru - DebbieXenia Hotel Apartments,Protaras,Protaras,EUR 0 - EUR 0,Cipru,3.0
Ibis Styles Dubai Airport,"Ibis Styles Dubai Airport 7 nights FLEXI DUBAI TOAMNA 2020(Vat) Rates are inclusive of 5% Value Added Tax starting from 01st January 2018 Tourism Dirham Fee per bedroom per night payable directly by the guests to the hotel. Hotel Remarks: 01.11.2017 - 31.10.2018 Check In: 14:00hrs, Check Out: 12:00hrs",Deira Dubai,Deira Dubai,EUR 1247 - EUR 2494,Ukraine,3.0
Grosvenor House Hotel and Apartments,Sejur Dubai - Grosvenor House Hotel and Apartments 5*,Dubai,Dubai,EUR 0 - EUR 0,Emiratele Arabe Unite,5.0
ALBATROS CITADEL RESORT (EX.CITADEL AZURE),,Sahl Hasheesh,Sahl Hasheesh,EUR 0 - EUR 0,Egypt,5.0
voco Dubai an IHG hotel,Sejur Dubai - voco Dubai an IHG hotel 5*,Dubai,Dubai,EUR 0 - EUR 0,Emiratele Arabe Unite,5.0
Novotel Dubai Al Barsha,Sejur Dubai - Novotel Dubai Al Barsha,Dubai,Dubai,EUR 1118 - EUR 2236,Emiratele Arabe Unite,4.0
Hotel The Royal Apollonia,Sejur Cipru - Hotel The Royal Apollonia,Limassol,Limassol,EUR 0 - EUR 0,Cipru,5.0
Aqua Bay Hotel,Charter Zakynthos - Aqua Bay Hotel,Tsilivi,Tsilivi,EUR 0 - EUR 0,Grecia,5.0
Titanic Beach Spa & Aquapark,&nbsp;&nbsp;Acces internet Wi-Fi gratuit pe întreg domeniul hotelului&nbsp;&nbsp;&nbsp;&nbsp;&nbsp;&nbsp;&nbsp;&nbsp;&nbsp;&nbsp;&nbsp;&nbsp;&nbsp;&nbsp;&nbsp;&nbsp;Aqua park cu 16 tobogane&nbsp;&nbsp;&nbsp;&nbsp;&nbsp;&nbsp;&nbsp;&nbsp;&nbsp;&nbsp;&nbsp;&nbsp;&nbsp;&nbsp;&nbsp;&nbsp;Centru de diving&nbsp;&nbsp;&nbsp;&nbsp;&nbsp;&nbsp;&nbsp;&nbsp;Centru Wellness & Spa&nbsp;&nbsp;&nbsp;&nbsp;&nbsp;&nbsp;,Hurghada,Hurghada,EUR 1752 - EUR 3504,Egipt,5.0
The St. Regis Abu Dhabi,/2The St. Regis Abu Dhabi 7 nights REVELION 2020/2021ALL Market including GCC and UAE Residents Check-In 15:00hrs Check-Out 12:00hrs Late check-Out betwwen 12:00hrs -18:00hrs will be charge 50% of the daily room rates. Late Check-Out after 18:00hrs will be charge 100% full night,Abu Dhabi,Abu Dhabi,EUR 3737 - EUR 7474,Ukraine,5.0
Mandalena Hotel Apartments,Sejur Cipru - Mandalena Hotel Apartments,Protaras,Protaras,EUR 0 - EUR 0,Cipru,3.0
Arabian Park Hotel,Sejur Dubai - Arabian Park Hotel 3*,Dubai,Dubai,EUR 0 - EUR 0,Emiratele Arabe Unite,3.0
Hotel Amic Can Pastilla,Sejur Mallorca - Hotel Amic Can Pastilla,Can Pastilla,Can Pastilla,EUR 1118 - EUR 2236,Spania,2.0
Bab Al Qasr Hotel,/2Bab Al Qasr Hotel 6 nights REVELION 2020/2021(Vat) Rates are inclusive of 5% Value Added Tax starting from 01st January 2018 Standard Check-in time is 14:00 hrs; Standard Check-out time is 12:00 hrs noon The rates are inclusive of 10% Service Charge and 6% Tourism Fee and 4% Municipality Fee. Buffet breakfast will be taken at Artisan's Kitchen restaurant only.,Abu Dhabi,Abu Dhabi,EUR 0 - EUR 0,Ukraine,5.0
"The St. Regis Saadiyat Island Resort, Abu Dhabi","/2The St. Regis Saadiyat Island Resort, Abu Dhabi 6 nights REVELION 2020/2021(Vat) Rates are inclusive of 5% Value Added Tax starting from 01st January 2018 ------------------------------------------------------------------------------------------------------------------------------------------ Hotel remarks November 01,2017 till October 31, 2018 Formula 1: Minimum 3 nights stay for the dates 23.11.2017 - 26.11.2017. Minimum 4 nights between the dates 28.12.2017 - 03.01.2018. No check out on 30.12.2017, 31.12.2017 & 01.01.2018. Compulsory Gala Dinner on 31.12.2017. (Non-refundable) Check-in time: 15:00 hrs, Check-out time: 12:00 hrs breakfast will be taken at Olea Restaurant Child Extra Bed is placed as Sofa Bed Extra bed Policy: Baby cot for infant till 2.99 yrs os free of charge subject to availability. EXtra bed for the child till 12.99 yrs are chargeable (from 0 -12.99 yrs).Extra bed is Sofa bed in ROOMS. Extra bed is rollaway bed in SUITES. In Rooms, if requested for rollaway bed, it wil be charged 110 USD.",Abu Dhabi,Abu Dhabi,EUR 0 - EUR 0,Ukraine,5.0
Park Rotana Abu Dhabi,/2Park Rotana Abu Dhabi 6 nights REVELION 2020/2021(Vat) Rates are inclusive of 5% Value Added Tax starting from 01st January 2018 Check-In Time: 14:00 & Check-Out Time: 12:00nn.,Abu Dhabi,Abu Dhabi,EUR 2224 - EUR 4448,Ukraine,5.0
Beach Albatros Resort,&nbsp;&nbsp;&nbsp;&nbsp;Centru Wellness & Spa&nbsp;&nbsp;&nbsp;&nbsp;&nbsp;&nbsp;&nbsp;&nbsp;Centru de diving&nbsp;&nbsp;&nbsp;&nbsp;&nbsp;&nbsp;&nbsp;&nbsp;Acces internet Wi-Fi gratuit&nbsp;&nbsp;&nbsp;&nbsp;,Hurghada,Hurghada,EUR 1638 - EUR 3276,Egipt,4.0
Millennium Al Barsha,"Millennium Al Barsha 7 nights FLEXI DUBAI TOAMNA 2020(Vat) Rates are inclusive of 5% Value Added Tax starting from 01st January 2018. Tourism Dirham Fee per bedroom per night is payable by the guest upon departure. Check-in Time 15.00 hrs, Check-out Time 12.00 hrs. check-in check-out: Not Allowed on 31.12.2019. Baby Cot will be offered on complimentary basis.(subject to availability) Extra Bed charges are per bed per night per person.",Al Barsha,Al Barsha,EUR 1154 - EUR 2308,Ukraine,4.0
Golden Sun Resort and Spa - Adults Only,Charter Zakynthos - Golden Sun Resort and Spa,Kalamaki,Kalamaki,EUR 2838 - EUR 5676,Grecia,4.0
CAESAR PALACE HOTEL & AQUA PARK (Ex.Mirage Aquapark),,Al Ahyaa Road,Al Ahyaa Road,EUR 0 - EUR 0,Egypt,5.0
ALBATROS AQUA BLU RESORT HURGHADA (EX. SEA WORLD RESORT),,Village Road,Village Road,EUR 0 - EUR 0,Egypt,4.0
Hilton Garden Inn Dubai Al Muraqabat,Sejur Dubai - Hilton Garden Inn Dubai Al Muraqabat,Dubai,Dubai,EUR 0 - EUR 0,Emiratele Arabe Unite,4.0
"Hilton Dubai, Al Habtoor City","Hilton Dubai, Al Habtoor City 7 nights FLEXI DUBAI VARA 2020(Vat) Rates are inclusive of 5% Value Added Tax starting from 01st January 2018 Check-in time: 15:00 hrs, Check-out time: 12:00 hrs",Sheikh Zayed,Sheikh Zayed,EUR 0 - EUR 0,Ukraine,5.0
Dannas Boutique Apartments,Charter Zakynthos - Dannas Boutique Apartments,Tsilivi,Tsilivi,EUR 1058 - EUR 2116,Grecia,2.0
Emirates Palace Abu Dhabi,"/2Emirates Palace Abu Dhabi 6 nights REVELION 2020/2021(Vat) Rates are inclusive of 5% Value Added Tax starting from 01st January 2018. Check-in time is 14:00 hours and Check-out time is 12:00 noon. New Year's Eve Package supplement is mandatory for all bookings throughout 31.12.2017 & 01.01.2018. Minimum Length of Stay 3 nights for all bookings over 31.12.2017 & 01.01.2018. No check-out allowed on 31.12.2017 and 01.01.2018 Half Board is provided only as breakfast + Lunch on 24.12.2017 & 31.12.2017 and Half Board is provided only as breakfast + Dinner on 01.01.2018 Contract prices are not valid during IDEX, FORMULA 1 and GCC SUMMIT December 2017.",Abu Dhabi,Abu Dhabi,EUR 0 - EUR 0,Ukraine,5.0
Fairmont Bab Al Bahr,/2Fairmont Bab Al Bahr 6 nights REVELION 2020/2021(Vat) Rates are inclusive of 5% Value Added Tax starting from 01st January 2018.,Abu Dhabi,Abu Dhabi,EUR 0 - EUR 0,Ukraine,5.0
ADAM & EVE HOTEL Adults Only,Charter Antalya - Hotel ADAM & EVE Adults Only,Belek,Belek,EUR 0 - EUR 0,Turcia,0.0
Select Benal Beach Apartments,Sejur Costa del Sol - Select Benal Beach Apartments,Benalmadena,Benalmadena,EUR 1018 - EUR 2036,Spania,4.0
"Somewhere Hotel Apartment, Deira","Somewhere Hotel Apartment, Deira 6 nights FLEXI DUBAI VARA 2020Check in time - 14:00 hrs, Check out time - 12:00hrs. Tourism Dirham Fee per bedroom per night will pay by the guest at the time of check-in.",Deira Dubai,Deira Dubai,EUR 0 - EUR 0,Ukraine,0.0
Hilton Garden Inn Dubai Al Jadaf Culture Village,Sejur Dubai - Hilton Garden Inn Dubai Al Jadaf Culture Village,Dubai,Dubai,EUR 0 - EUR 0,Emiratele Arabe Unite,5.0
Agrabella Hotel,Charter Creta Heraklion - Agrabella Hotel,Hersonissos,Hersonissos,EUR 858 - EUR 1716,Grecia,3.0
Lavender Hotel Apartment,"Lavender Hotel Apartment 7 nights FLEXI DUBAI VARA 2020(Vat) Rates are inclusive of 5% Value Added Tax starting from 01st January 2018 Check-in time: 14:00 hrs, Check-out time: 12:00 hrs Hotel provides Free Wi-Fi Internet Access",Deira Dubai,Deira Dubai,EUR 0 - EUR 0,Ukraine,0.0
