0,startDate,2,endDate
Прокатный картинг,2020-09-19T12:00:00+03:00,Organization,2020-09-19T20:00:00+03:00
SWS Sprint Cup,2019-10-13T12:00:00+03:00,Organization,2019-10-13T15:00:00+03:00
Прокатный картинг,2020-09-18T12:00:00+03:00,Organization,2020-09-18T20:00:00+03:00
Прокатный картинг,2019-10-13T15:00:00+03:00,Organization,2019-10-13T19:00:00+03:00
Прокатный и спортивный картинг,2020-09-23T12:00:00+03:00,Organization,2020-09-23T15:00:00+03:00
Прокатный картинг,2020-09-23T15:00:00+03:00,Organization,2020-09-23T20:00:00+03:00
Картинг для спортсменов и прокатный картинг,2020-09-16T11:00:00+03:00,Organization,2020-09-16T14:00:00+03:00
Прокатный картинг,2020-09-16T15:00:00+03:00,Organization,2020-09-16T20:00:00+03:00
SWS Junior,2020-02-16T15:00:00+03:00,Organization,2020-02-16T18:00:00+03:00
Детская школа картинга,2019-10-13T10:00:00+03:00,Organization,2019-10-13T12:00:00+03:00
Детская школа картинга,2020-09-19T09:00:00+03:00,Organization,2020-09-19T12:00:00+03:00
