0,1,description,3,4,price,category,availability,priceCurrency,validFrom
The Chatham Social Justice Exchange,2018-12-13T18:30:00+00:00,"&lt;p&gt;&lt;span style=&quot;color:grey&quot;&gt;A RAFI / ABUNDANCE EVENT • &lt;/span&gt;&lt;span style=&quot;color:#ff0000&quot;&gt;OCT 23, 2018, 6:30 - 8:30 pm:&lt;/span&gt;The Chatham Social Justice Exchange is focused on the brutal realities of race and the desire to be part of changing that reality. It is intentional space reserved for meaningful conversations, testimonies, and the exchange of ideas, resources, and actions for people who are committed to a path of racial equity and justice. The goal is to build community by fostering a deeper understanding of how these injustices affect all of us.&lt;/p&gt;\",Organization,2018-12-13T20:30:00+00:00,,,,,
Nonviolent Communication Workshop,2017-03-25T12:00:00+00:00,"&lt;p&gt;An Abundance NC Communication Toolbox Workshop with Amy Schmidt Saturday March 25, 12pm - 3:30pm Located at the Joy of Movement - 480 Hillsborough Street, Pittsboro NC For directions, click here. REGISTER HERE Enjoy a transformative immersion in compassionate communication. Learn the foundations of Nonviolent Communication while gaining the inspiration and skill to build a life of...&lt;/p&gt;\",Organization,2017-03-25T15:30:00+00:00,20 – 50,primary,inStock,$,2017-02-21T00:00:00+00:00
Spirit of Abundance,2019-10-21T03:00:00+00:00,&lt;p&gt;It is with great honour that we announce our new video created by Bobby Bailey and team and produced by Frank Phoenix. It took months for the footage and to create this beautiful and emotional video. Our story of Abundance and how we got here. Please share and thank you.&lt;/p&gt;\,Organization,2020-01-01T02:59:59+00:00,,,,,
PepperFest,2020-09-20T12:00:00+00:00,,Organization,2020-09-20T18:00:00+00:00,,,,,
Tiki Party! Fundraiser for Abundance NC!,2017-06-10T04:00:00+00:00,"&lt;p&gt;&lt;span style=&quot;color:grey&quot;&gt;Tiki Party!A Benefit for Abundance NC• &lt;/span&gt;&lt;span style=&quot;color:#ff0000&quot;&gt;Saturday, June 10, 4 - 8 pm&lt;/span&gt;With a tiki cocktail bar spearheaded by Crude Bitters and Piedmont Picnic Project (benefitting Abundance NC!) and a tap takeover by Four Saints, you know the drinkings going to be good. Plus, we\\'ll have family-friendly games and more for you to hula to....&lt;/p&gt;\",Organization,2017-06-10T20:00:00+00:00,,,,,
"Amuse Bouche: Fashion, Farming &#038; Fiber",2018-04-27T18:30:00+00:00,"&lt;p&gt;&lt;span style=&quot;color:grey&quot;&gt;A Part of Think Again: Fashion, Farming &amp; FiberA Panel Discussion on the Impact of Apparel• &lt;/span&gt;&lt;span style=&quot;color:#ff0000&quot;&gt;Friday, April 27, 6:30-9 pm:&lt;/span&gt;Our 6th Annual Amuse Bouche event is a festive panel discussion with five outstanding professionals who represent a holistic view of the current paradigm in organic farming, sustainable textiles and eco-friendly fashion. From industrial cotton to hemp farming. From fast-fashion to upcycled boutique wear. We\\'ll delve into concerns over the impacts of apparel, dive into topics you\\'re curious about and explore the questions you\\'re yearning to ask! &lt;/p&gt;\",Organization,2018-04-27T21:00:00+00:00,10,primary,inStock,$,2018-03-13T00:00:00+00:00
PepperFest,2020-09-20T12:00:00+00:00,,Organization,2020-09-20T18:00:00+00:00,,,,,
PepperFest,2020-09-20T12:00:00+00:00,,Organization,2020-09-20T18:00:00+00:00,,,,,
Chatham Social Justice Exchange &#8211; February Gathering,2020-02-17T18:30:00+00:00,"&lt;p&gt;&lt;span style=&quot;color:grey&quot;&gt;AN ABUNDANCE EVENT • &lt;/span&gt;&lt;span style=&quot;color:#ff0000&quot;&gt;Feb 17, 2020, 6:30 - 8:30 pm:&lt;/span&gt;The Chatham Social Justice Exchange is focused on the brutal realities of race and the desire to be part of changing that reality. It is intentional space reserved for meaningful conversations, testimonies, and the exchange of ideas, resources, and actions for people who are committed to a path of racial equity and justice. The goal is to build community by fostering a deeper understanding of how these injustices affect all of us.&lt;/p&gt;\",Organization,2020-02-17T20:30:00+00:00,,,,,
PepperFest,2020-09-20T12:00:00+00:00,,Organization,2020-09-20T18:00:00+00:00,,,,,
"Pepperfest &#8211; 10th Annual! Call for Chefs, Food Artisans and Volunteers!",2017-09-24T03:00:00+00:00,"&lt;p&gt;&lt;span style=&quot;color:grey&quot;&gt;An ABUNDANCE EVENT • &lt;/span&gt;&lt;span style=&quot;color:#ff0000&quot;&gt;Sept 24, 2017, 3-6 PM:&lt;/span&gt;This 10th Annual PepperFest comes at the perfect time to celebrate the year’s harvest, enjoy the cooler weather after summer’s intense heat, and savor the deliciousness of Carolina peppers! It’s a chance to hang out with your friends, listen to fantastic live music, and sample all you can eat of pepper-themed dishes and beverages, made by dozens of star chefs, brewers, distillers and more, from central N.C.&lt;/p&gt;\",Organization,2017-09-24T18:00:00+00:00,,,,,
Death Faire,2020-10-31T12:00:00+00:00,,Organization,2020-10-31T18:00:00+00:00,,,,,
Bereavement Ball &#8211; Dead Pets &#038; Onions,2017-07-08T19:00:00+00:00,"&lt;p&gt;&lt;span style=&quot;color:grey&quot;&gt;An Evening of Exquisite MiseryA Benefit for Abundance NC• &lt;/span&gt;&lt;span style=&quot;color:#ff0000&quot;&gt;Saturday, Full Moon, July 8, 8 until midnight:&lt;/span&gt;A recreation of Gunter Grass\\' &quot;Onion Cellar&quot; in a party we call Loss - An Evening of Exquisite Misery. A fashionable crowd gathers to chop onions at midnight, weep together and wallow in collective melancholy. The dress code is &quot;decaying beauty\\'. Guests sob over portraits of deceased childhood pets and sign their divorce papers on stage, while bands strum dirges, on themes of spiritual gloom.&lt;br /&gt;\ A Splendid Time is had by All. Join us at in a secret garden.....&lt;/p&gt;\",Organization,2017-07-08T23:59:00+00:00,100,primary,inStock,$,2017-05-24T00:00:00+00:00
"THINK AGAIN: Fashion, Farming &#038; Fiber",2018-04-27T18:00:00+00:00,"&lt;p&gt;&lt;span style=&quot;color:grey&quot;&gt;A Festival Conferenceat The Plant• &lt;/span&gt;&lt;span style=&quot;color:#ff0000&quot;&gt;Fri, Apr 27 6:30-8:30 - Sat, Apr 28, 2 PM - 10 PM:&lt;/span&gt;In this Friday Evening Amuse Bouche panel discussion and Saturday daylong festival event, we’ll re-think: The history of big cotton in NC - from the slave ship to the shores of China. The industrial agricultural system. The ills of &quot;fast fashion.&quot; Global industry and the economics of extraction. Conventional fibers and textiles. Social justice. The worldwide effects of garment disposal. Who and what is beautiful? Deep culture versus personal style. We’ll also dive into current sustainable fiber endeavors - such as hemp. We will engage in rethinking fashion by considering the use of upcycled, recycled and local materials. We’ll also shine a light on vendors and designers doing good work on this front - across our world and right here at home!&lt;/p&gt;\",Organization,2018-04-28T22:00:00+00:00,5 – 10,primary,inStock,$,2018-01-24T00:00:00+00:00
The 7th Annual Amazing Pepper Festival,2014-10-05T15:00:00+00:00,"&lt;p&gt;&lt;span style=&quot;color:grey&quot;&gt;An ABUNDANCE EVENT • &lt;/span&gt;&lt;span style=&quot;color:#ff0000&quot;&gt;OCT. 5, 3 -7 PM:&lt;/span&gt;PepperFest comes at the perfect time to celebrate the year’s harvest, enjoy the cooler weather after summer’s intense heat, and savor the deliciousness of Carolina peppers! It’s a chance to hang out with your friends, listen to fantastic live music, and sample all you can eat of pepper-themed dishes and beverages, made by dozens of star chefs, brewers, distillers and more, from central N.C.&lt;/p&gt;\",Organization,2014-10-05T19:00:00+00:00,25,primary,inStock,$,2014-09-02T00:00:00+00:00
Death Faire,2020-10-31T12:00:00+00:00,,Organization,2020-10-31T18:00:00+00:00,,,,,
The Invisible Path &#8211; Finding Home &#8211; Weekend with Mac Macartney at Sparkroot,2019-10-25T18:00:00+00:00,"&lt;p&gt;&lt;span style=&quot;color:grey&quot;&gt;A SPARKROOT EVENT • &lt;/span&gt;&lt;span style=&quot;color:#ff0000&quot;&gt;OCT 25, 6 PM until OCT 27, 4 PM&lt;/span&gt;A warrior’s way, a peacemaker’s way, a way toward expression of the deep desire to truly be yourself in your life, and to make a powerful contribution to the world – one that is aligned with your gifts, passion and experience. This is a joyful, soulful, and profoundly regenerative way to finding Home.&lt;/p&gt;\",Organization,2019-10-27T16:00:00+00:00,Free – 180,primary,inStock,$,2019-08-27T00:00:00+00:00
Pepperfest 2019,2019-09-22T15:00:00+00:00,"&lt;p&gt;&lt;span style=&quot;color:grey&quot;&gt;An ABUNDANCE EVENT • &lt;/span&gt;&lt;span style=&quot;color:#ff0000&quot;&gt;Sept 22, 2019, 3-6 PM:&lt;/span&gt;This Pittsboro PepperFest comes at the perfect time to celebrate the year’s harvest, enjoy the cooler weather after summer’s intense heat, and savor the deliciousness of Carolina peppers! It’s a chance to hang out with your friends, listen to fantastic live music, and sample all you can eat of pepper-themed dishes and beverages, made by dozens of star chefs, brewers, distillers and more, from central N.C.&lt;/p&gt;\",Organization,2019-09-22T18:00:00+00:00,5 – 40,primary,inStock,$,2019-05-01T00:00:00+00:00
"Pecha Kucha, Summer 2018",2018-08-14T18:00:00+00:00,"&lt;p&gt;&lt;span style=&quot;color:grey&quot;&gt;A Quarterly Storytelling Event&lt;/span&gt;&lt;span style=&quot;color:#ff0000&quot;&gt;Tuesday, Aug 14, 2018 6 - 8:30 PM: &lt;/span&gt; Pecha Kucha brings people together to present and discuss ideas. Presenters have 20 slides and 20 seconds per slide to discuss. Email us with your passionate ideas to share....&lt;/p&gt;\",Organization,2018-08-14T20:30:00+00:00,5 – 10,primary,inStock,$,2018-07-09T00:00:00+00:00
