0,description,url,author
The Marriage Bargain,The Marriage Bargain - Jennifer Probst,https://isach.info/story.php?story=the_marriage_bargain__jennifer_probst,Jennifer Probst
Bánh Mì Cô Đơn,Bánh Mì Cô Đơn - Judith Ryan Hendricks,https://isach.info/story.php?story=banh_mi_co_don__judith_ryan_hendricks,Judith Ryan Hendricks
Booked For Murder,Booked For Murder - Val McDermid,https://isach.info/story.php?story=booked_for_murder__val_mcdermid,Val McDermid
Train_,Train_ - Xxx,https://isach.info/story.php?story=train___xxx,Xxx
A Caribbean Mystery,A Caribbean Mystery - Agatha Christie,https://isach.info/story.php?story=a_caribbean_mystery__agatha_christie,Agatha Christie
Hồi Ký Ferguson : Leading,Hồi Ký Ferguson : Leading - Alex Ferguson,https://isach.info/story.php?story=hoi_ky_ferguson_leading__alex_ferguson,Alex Ferguson
Dexter Is Delicious,Dexter Is Delicious - Jeff Lindsay,https://isach.info/story.php?story=dexter_is_delicious__jeff_lindsay,Jeff Lindsay
Điệp Khúc Tình Yêu,Điệp Khúc Tình Yêu - Quỳnh Dao,https://isach.info/story.php?story=diep_khuc_tinh_yeu__quynh_dao,Quỳnh Dao
How To Make Women Laugh,How To Make Women Laugh - Martin Merrill,/audio.php?audio=how_to_make_women_laugh__martin_merrill,Martin Merrill
Một Chút Hương Tình Yêu,Một Chút Hương Tình Yêu - Quỳnh Dao,https://isach.info/story.php?story=mot_chut_huong_tinh_yeu__quynh_dao,Quỳnh Dao
Roadside Crosses,Roadside Crosses - Jeffery Deaver,https://isach.info/story.php?story=roadside_crosses__jeffery_deaver,Jeffery Deaver
Giọt Lệ Trong Mưa,Giọt Lệ Trong Mưa - Quỳnh Dao,https://isach.info/story.php?story=giot_le_trong_mua__quynh_dao,Quỳnh Dao
Cerulean Sins,Cerulean Sins - Laurell K. Hamilton,https://isach.info/story.php?story=cerulean_sins__laurell_k_hamilton,Laurell K. Hamilton
Sherlock Holmes,Sherlock Holmes - Sir Arthur Conan Doyle,https://isach.info/story.php?story=sherlock_holmes__sir_arthur_conan_doyle,Sir Arthur Conan Doyle
The Devil's Jaws,The Devil's Jaws - Xxx,https://isach.info/story.php?story=the_devil_s_jaws__xxx,Xxx
Anne of Green Gables,Anne of Green Gables - L.M. Montgomery,https://isach.info/story.php?story=anne_of_green_gables__l_m_montgomery,L.M. Montgomery
Northanger Abbey,Northanger Abbey - Jane Austen,https://isach.info/story.php?story=northanger_abbey__jane_austen,Jane Austen
Thịnh Yến,Thịnh Yến - Chu Loan Loan,https://isach.info/story.php?story=thinh_yen__chu_loan_loan,Chu Loan Loan
Một Chút Mưa Thơm,Một Chút Mưa Thơm - Mường Mán,https://isach.info/story.php?story=mot_chut_mua_thom__muong_man,Mường Mán
11 Miles,11 Miles - Xxx,https://isach.info/story.php?story=11_miles__xxx,Xxx
I Am Sam,I Am Sam - Xxx,https://isach.info/story.php?story=i_am_sam__xxx,Xxx
"Pinball, 1973","Pinball, 1973 - Haruki Murakami",https://isach.info/story.php?story=pinball_1973__haruki_murakami,Haruki Murakami
Never Judge A Lady By Her Cover,Never Judge A Lady By Her Cover - Sarah Maclean,https://isach.info/story.php?story=never_judge_a_lady_by_her_cover__sarah_maclean,Sarah Maclean
Spin,Spin - Xxx,https://isach.info/story.php?story=spin__xxx,Xxx
Cạm Bẫy,Cạm Bẫy - James Hadley Chase,https://isach.info/story.php?story=cam_bay__james_hadley_chase,James Hadley Chase
The Mysterious Affair At Styles,The Mysterious Affair At Styles - Agatha Christie,https://isach.info/story.php?story=the_mysterious_affair_at_styles__agatha_christie,Agatha Christie
Cocktail Cho Tình Yêu,Cocktail Cho Tình Yêu - Trần Thu Trang,https://isach.info/story.php?story=cocktail_cho_tinh_yeu__tran_thu_trang,Trần Thu Trang
Dying To Please,Dying To Please - Linda Howard,https://isach.info/story.php?story=dying_to_please__linda_howard,Linda Howard
Tiếu Ngạo Giang Hồ,Tiếu Ngạo Giang Hồ - Kim Dung,https://isach.info/story.php?story=tieu_ngao_giang_ho__kim_dung,Kim Dung
A Journey to the center of the Earth,A Journey to the center of the Earth - Jules Verne,https://isach.info/story.php?story=a_journey_to_the_center_of_the_earth__jules_verne,Jules Verne
The Fifth Mountain,The Fifth Mountain - Paulo Coelho,https://isach.info/story.php?story=the_fifth_mountain__paulo_coelho,Paulo Coelho
The Purloined Letter,The Purloined Letter - Edgar Alen Poe,/audio.php?audio=the_purloined_letter__edgar_alen_poe,Edgar Alen Poe
Princess Snow And Prince Ice,Princess Snow And Prince Ice - Nguyễn Kori,https://isach.info/story.php?story=princess_snow_and_prince_ice__nguye_n_kori,Nguyễn Kori
Norwegian Wood,Norwegian Wood - Haruki Murakami,https://isach.info/story.php?story=norwegian_wood__haruki_murakami,Haruki Murakami
Jeff The Killer,Jeff The Killer - Xxx,https://isach.info/story.php?story=jeff_the_killer__xxx,Xxx
Train,Train - Xxx,https://isach.info/story.php?story=train__xxx,Xxx
The Earl Takes All,The Earl Takes All - Lorraine Heath,https://isach.info/story.php?story=the_earl_takes_all__lorraine_heath,Lorraine Heath
The Man Who Was Thursday,The Man Who Was Thursday - G. K. Chesterton,https://isach.info/story.php?story=the_man_who_was_thursday__g_k_chesterton,G. K. Chesterton
"The Room, Story One: Remember","The Room, Story One: Remember - Xxx",https://isach.info/story.php?story=the_room_story_one_remember__xxx,Xxx
After The Night,After The Night - Linda Howard,https://isach.info/story.php?story=after_the_night__linda_howard,Linda Howard
Little Women,Little Women - Louisa May Alcott,https://isach.info/story.php?story=little_women__louisa_may_alcott,Louisa May Alcott
Open Season,Open Season - Linda Howard,https://isach.info/story.php?story=open_season__linda_howard,Linda Howard
How To Instantly Connect With Anyone,How To Instantly Connect With Anyone - Leil Lowndes,/audio.php?audio=how_to_instantly_connect_with_anyone__leil_lowndes,Leil Lowndes
I've Plumbed This Whole City,I've Plumbed This Whole City - Xxx,https://isach.info/story.php?story=i_ve_plumbed_this_whole_city__xxx,Xxx
The Bus,The Bus - Xxx,https://isach.info/story.php?story=the_bus__xxx,Xxx
The Golden Road,The Golden Road - Lucy Maud Montgomery,https://isach.info/story.php?story=the_golden_road__lucy_maud_montgomery,Lucy Maud Montgomery
Many Lives - Many Times,Many Lives - Many Times - Nguyên Phong,https://isach.info/story.php?story=many_lives_many_times__nguyen_phong,Nguyên Phong
Howl's Moving Castle,Howl's Moving Castle - Diana Wynne Jones,https://isach.info/story.php?story=howl_s_moving_castle__diana_wynne_jones,Diana Wynne Jones
Hỏa Ngục,Hỏa Ngục - Dan Brown,https://isach.info/story.php?story=hoa_nguc__dan_brown,Dan Brown
Origin,Origin - Xxx,https://isach.info/story.php?story=origin__xxx,Xxx
Tấm Ván Phóng Dao,Tấm Ván Phóng Dao - Mạc Can,/audio.php?audio=tam_van_phong_dao__mac_can,Mạc Can
The Garden Gnome,The Garden Gnome - Xxx,https://isach.info/story.php?story=the_garden_gnome__xxx,Xxx
The Godfather,The Godfather - Mario Puzo,https://isach.info/story.php?story=the_godfather__mario_puzo,Mario Puzo
Five Day. Five Nights,Five Day. Five Nights - Xxx,https://isach.info/story.php?story=five_day_five_nights__xxx,Xxx
Double Your Reading Speed In Ten Minutes,Double Your Reading Speed In Ten Minutes - Paul Scheele,/audio.php?audio=double_your_reading_speed_in_ten_minutes__paul_scheele,Paul Scheele
A Parent's Love,A Parent's Love - Xxx,https://isach.info/story.php?story=a_parent_s_love__xxx,Xxx
The Last Battle,The Last Battle - C. S. Lewis,https://isach.info/story.php?story=the_last_battle__c_s_lewis,C. S. Lewis
Julia Yêu Dấu,Julia Yêu Dấu - - Karen Robards,https://isach.info/story.php?story=julia_yeu_dau__karen_robards,- Karen Robards
Claustrophobia,Claustrophobia - Xxx,https://isach.info/story.php?story=claustrophobia__xxx,Xxx
Big Two-Hearted River,Big Two-Hearted River - Ernest Hemingway,https://isach.info/story.php?story=big_two_hearted_river__ernest_hemingway,Ernest Hemingway
The Burned Photo - Part 1,The Burned Photo - Part 1 - Xxx,https://isach.info/story.php?story=the_burned_photo_part_1__xxx,Xxx
Top 100 Sci-Fi Books - 003 - Foundation,Top 100 Sci-Fi Books - 003 - Foundation - Isaac Asimov,/audio.php?audio=top_100_scifi_books_003__foundation__isaac_asimov__1951,Isaac Asimov
Everything Will Be Okay,Everything Will Be Okay - Xxx,https://isach.info/story.php?story=everything_will_be_okay__xxx,Xxx
My Fear Of Water,My Fear Of Water - Xxx,https://isach.info/story.php?story=my_fear_of_water__xxx,Xxx
It Happened One Autumn,It Happened One Autumn - Lisa Kleypas,https://isach.info/story.php?story=it_happened_one_autumn__lisa_kleypas,Lisa Kleypas
The Deafening,The Deafening - Xxx,https://isach.info/story.php?story=the_deafening__xxx,Xxx
Jack And Jill,Jack And Jill - Louisa May Alcott,https://isach.info/story.php?story=jack_and_jill__louisa_may_alcott,Louisa May Alcott
Maximum Ride 5 - Max,Maximum Ride 5 - Max - James Patterson,https://isach.info/story.php?story=maximum_ride_5_max_james_patterson,James Patterson
Một Quan Niệm Tình Yêu,Một Quan Niệm Tình Yêu - Chu Lai,https://isach.info/story.php?story=mot_quan_niem_tinh_yeu__chu_lai,Chu Lai
Harry Potter And The Half-blood Prince,Harry Potter And The Half-blood Prince - J. K. Rowling.,https://isach.info/story.php?story=harry_potter_and_the_halfblood_prince__j_k_rowling,J. K. Rowling.
What I Forgot,What I Forgot - Xxx,https://isach.info/story.php?story=what_i_forgot__xxx,Xxx
Lean In,Lean In - Sheryl Sandberg,https://isach.info/story.php?story=lean_in__sheryl_sandberg,Sheryl Sandberg
A Child's Eyes,A Child's Eyes - Xxx,https://isach.info/story.php?story=a_child_s_eyes__xxx,Xxx
The Beach House,The Beach House - Mary Alice Monroe,https://isach.info/story.php?story=the_beach_house__mary_alice_monroe,Mary Alice Monroe
Song Of Ice And Fire: A Dance With Dragons,Song Of Ice And Fire: A Dance With Dragons - George R. R. Martin,https://isach.info/story.php?story=song_of_ice_and_fire_a_dance_with_dragons__george_r_r_martin,George R. R. Martin
Đêm Tình Yêu,Đêm Tình Yêu - Diana Palmer,https://isach.info/story.php?story=dem_tinh_yeu__diana_palmer,Diana Palmer
Nợ Tình,Nợ Tình - Agatha Christie,https://isach.info/story.php?story=no_tinh__agatha_christie,Agatha Christie
The Winner Stands Alone,The Winner Stands Alone - Paulo Coelho,https://isach.info/story.php?story=the_winner_stands_alone__paulo_coelho,Paulo Coelho
