0,startDate,2,endDate
Grand Pavois La Rochelle,2019-09-18,"Discover the world leader in producing high quality, innovation filled and exceptionally performing power catamarans at the Grand Pavois La Rochelle.",2019-09-23
Newport International Boat Show,2019-09-12,"Discover the world leader in producing high quality, innovation filled and exceptionally performing power catamarans at the Newport International Boat Show.",2019-09-15
Austrian Boat Show,2020-03-05,"Discover the world leader in producing high quality, exceptionally performing and innovation filled power catamarans at the Austrian Boat Show.",2020-03-08
Abu Dhabi International Boat Show,2019-10-16,Join us at the Abu Dhabi International Boat Show to step aboard the Aquila 44 and experience our world-class lineup.,2019-10-19
Biograd Boat Show,2019-10-17,Join us at the Biograd Boat Show to step aboard the Aquila 44 and experience our world-class lineup.,2019-10-21
Auckland On Water Boat Show,2019-10-03,We&#39;ll be at the Auckland On Water Boat Show where you can learn more about our exceptional line of power catamarans.,2019-10-06
Aquila Owners Rendezvous 2019,2019-07-25,,2019-07-28
Norwalk Boat Show,2019-09-19,"Discover the world leader in producing high quality, innovation filled and exceptionally performing power catamarans at the Norwalk Boat Show.",2019-09-22
Barcelona International Boat Show,2019-10-09,Come by and check out both the Aquila 32 and 36 at the Barcelona International Boat Show. Discover why Aquila is the world&#39;s leader in producing exceptional power catamarans.,2019-10-13
Cannes Yachting Festival,2019-09-10,Explore the Aquila 36 and 44 with us at the Cannes Yachting Festival. Discover why Aquila is the world leader in producing exceptional power catamarans.,2019-09-15
boot D&#252;sseldorf,2020-01-18,We&#39;ll be at the boot D&#252;sseldorf where you can learn more about our exceptional line of power catamarans.,2020-01-26
Tampa Boat Show,2019-10-25,"Aquila, the recognized leader in power catamarans around the globe, invites you to experience our exciting and growing family of boats at the Tampa Boat Show.",2019-10-27
United States Powerboat Show,2019-10-03,"Discover the world leader in producing high quality, innovation filled and exceptionally performing power catamarans at the United States Powerboat Show.",2019-10-06
Merdeka Yacht Extravaganza,2019-08-31,Explore the Aquila 36 with us at the Merdeka Yacht Extravaganza. Discover why Aquila is the world leader in producing exceptional power catamarans.,2019-09-01
Thailand Yacht Show,2020-01-09,We&#39;ll be at the Thailand Yacht Show where you can learn more about our exceptional line of power catamarans.,2020-01-12
Genoa Boat Show,2019-09-19,We will be at the Genoa Boat Show this September where you can learn more about our exceptional line of Aquila power catamarans.,2019-09-24
St. Petersburg Power and Sailboat Show,2019-12-05,"Aquila, the recognized leader in power catamarans around the globe, invites you to experience our exciting and growing family of boats at the St. Pete Boat Show.",2019-12-08
Fort Lauderdale International Boat Show,2019-10-30,"Discover the world leader in producing high quality, innovation filled and exceptionally performing power catamarans at the Fort Lauderdale International Boat Show.",2019-11-03
Miami International Boat Show,2020-02-13,"Aquila, the recognized leader in power catamarans around the globe, invites you to experience our exciting and growing family of boats at the Miami International Boat Show.",2020-02-17
