0,description,publisher,isbn,datePublished,5,bookFormat,url,8,9,author
"['French phrasebook & dictionary (6e édition)', 'LONELY PLANET FRANCE']",Take this phrasebook and choose your own adventure. Our phrasebooks give you a comprehensive mix of practical and social w[...],LONELY PLANET FRANCE,9781743214442.0,30/04/2015,,Book,https://www.belgiqueloisirs.be/editeur/lonely-planet-france,,,Collectif
"['Moving beyond the Crisis : reclaiming and...', 'BRUYLANT']",With the financial meltdown and the economic crisis in their fifth year already no one can any longer be in doubt about their[...],BRUYLANT,9782802739821.0,13/12/2012,,Book,https://www.belgiqueloisirs.be/editeur/bruylant,,,"['Gerard Timsit', 'Demetrios Argyriades']"
"[""The keys to Guinea's development"", ""L'HARMATTAN""]","\""Although Guinea has important assets in natural resources, hydroelectric energy, agricultural, land and fishing resources, i[...]",L'HARMATTAN,9782343082363.0,08/01/2016,,Book,https://www.belgiqueloisirs.be/editeur/l-harmattan,,,Mamadi Camara
"['Business and the meeting of western and...', ""L'HARMATTAN""]","Here is one the major challenge for executives, managers, students in management: how to apprehend correctly the world in whi[...]",L'HARMATTAN,9782343022789.0,24/01/2014,,Book,https://www.belgiqueloisirs.be/editeur/l-harmattan,,,Daniel Haber
"['ESKA', 'The ocean as a global system ; economics and...']","This book gathers together contributions from the Symposium \""The Ocean: Green Shipping and Sustainable Energy\"", held in Pa[...]",ESKA,9782747218887.0,17/12/2012,,Book,https://www.belgiqueloisirs.be/editeur/eska,,,"['Delphine Lautier', 'Ivar Ekeland', 'Damien Fessler', 'Jean-Michel Lasry']"
"[""L'HARMATTAN"", 'China in Africa ; competition between China,...']","The economic take-off of Beijing and other BRIC countries shakes the global economic map. To develop a sustainable economy, t[...]",L'HARMATTAN,9782296566910.0,02/12/2011,,Book,https://www.belgiqueloisirs.be/editeur/l-harmattan,,,Julien Bokilo
"['Development efforts in Afghanistan is there...', ""L'HARMATTAN""]",This collective work addresses key issues surrounding the provision of international assistance. It is based on fieldwork and[...],L'HARMATTAN,9782296545229.0,23/06/2011,,Book,https://www.belgiqueloisirs.be/editeur/l-harmattan,,,Jean Francois Trani
"['OCDE', 'Nuclear development market competition in...']","Nuclear power plants require a wide variety of specialised equipment, materials and services for their construction, operatio[...]",OCDE,9789264054066.0,11/09/2008,,Book,https://www.belgiqueloisirs.be/editeur/ocde,,,Collectif
"['OCDE', 'Shaping policy reform and peer review in...']",The Southeast Asian region has experienced remarkable economic dynamism in the past few decades. An interesting feature of re[...],OCDE,9789264039438.0,05/09/2008,,Book,https://www.belgiqueloisirs.be/editeur/ocde,,,Collectif
"['Brazil the disputed rise of a regional power...', ""L'HARMATTAN""]","\""One of the key elements in Brazil?s foreign policy is his challenge to the distribution of power on the international level.[...]",L'HARMATTAN,9782343080734.0,02/12/2015,,Book,https://www.belgiqueloisirs.be/editeur/l-harmattan,,,Patrick Howlett-Martin
"['The misunderstood crisis', ""L'ARTILLEUR""]","\""Bank collapses, the sub-prime crisis and state debts running out of control - since 2008, experts and politicians have defin[...]",L'ARTILLEUR,9782810005772.0,15/01/2014,,Book,https://www.belgiqueloisirs.be/editeur/l-artilleur,,,"['Senta Slingerland', 'Maarten Van Mourik', 'Oskar Slingerland']"
"['OCDE', 'OECD investment policy reviews : Ukraine 2011']",The series examines countries´ investment policies and reflects the OECD´s mission to help governments enhance their investme[...],OCDE,9789264113497.0,25/06/2011,,Book,https://www.belgiqueloisirs.be/editeur/ocde,,,Collectif
"['O REILLY & ASS', 'Unix for Oracle DBA ; pocket reference']",,O REILLY & ASS,9780596000660.0,09/02/2001,,Book,https://www.belgiqueloisirs.be/editeur/o-reilly-ass,,,Donald K Burleson
"['LANNOO', 'Insta grammar ; unicorn']","Hitching a ride on the back of today's unicorn trend that's flooding Instagram, Unicorn shows the most original posts revolvi[...]",LANNOO,9789401449687.0,21/05/2018,,Book,https://www.belgiqueloisirs.be/editeur/lannoo,,,Irene Schampaert
"['Overlap ; web et typography', 'NIGGLI']","Overlap presents a comprehensive overview of information regarding typography on the Web for a more conscious, more sensitive[...]",NIGGLI,9783721209464.0,20/11/2015,,Book,https://www.belgiqueloisirs.be/editeur/niggli,,,"['Jana Kemmer', 'Tabea Hartwich']"
"['Valerian ; INTEGRALE VOL.2 ; T.3 A T.5', 'CINEBOOK']","In this book you will find volumes 3 to 5: The Land Without Stars, Welcome to Alflolol and Birds of the Master - three storie[...]",CINEBOOK,9781849183567.0,13/07/2017,,Book,https://www.belgiqueloisirs.be/editeur/cinebook,,,"['Pierre Christin', 'Jean-Claude Mezieres']"
"['XIII Mystery T.1 ; the Mongoose', 'CINEBOOK']","He was XIII's most dogged enemy from the start, but who really was the Mongoose, that mysterious assassin-for-hire who nearly[...]",CINEBOOK,9781849182102.0,18/09/2014,,Book,https://www.belgiqueloisirs.be/editeur/cinebook,,,"['Xavier Dorison', 'Ralph Meyer']"
"['Yoko Tsuno T.9 ; the forge of Vulcan', 'CINEBOOK']","A strange accident at an offshore platform in the Caribbean draws Yoko, Vic and Pol into a new encounter with the Vineans - a[...]",CINEBOOK,9781849181976.0,12/06/2014,,Book,https://www.belgiqueloisirs.be/editeur/cinebook,,,Leloup Roger
"['Thorgal T.15 ; the cage', 'CINEBOOK']","It is time at last for Thorgal to return to his family. However, Aaricia is not staying idle after her rescue by Jolan, and t[...]",CINEBOOK,9781849181860.0,20/02/2014,,Book,https://www.belgiqueloisirs.be/editeur/cinebook,,,"['Grzegorz Rosinski', 'Jean Van Hamme']"
"[""Yoko Tsuno T.8 ; the devil's organ"", 'CINEBOOK']","Travelling down the Rhine, Yoko and her friends save a young stranger from drowning. Sensing foul play, the young Japanese gi[...]",CINEBOOK,9781849181648.0,22/08/2013,,Book,https://www.belgiqueloisirs.be/editeur/cinebook,,,Leloup Roger
"['CINEBOOK', 'Thorgal T.14 ; characters']","In their island fortress, Kriss and Shaigan still reign over their band of pirates and raiders. But Shaigan is beginning to h[...]",CINEBOOK,9781849181563.0,06/06/2013,,Book,https://www.belgiqueloisirs.be/editeur/cinebook,,,"['Grzegorz Rosinski', 'Jean Van Hamme']"
"['Largo Winch T.11 ; the three eyes of the...', 'CINEBOOK']",A proposed deal between one of Winch's companies and a Chinese group would require that the young billionaire come sign the c[...],CINEBOOK,9781849181471.0,21/03/2013,,Book,https://www.belgiqueloisirs.be/editeur/cinebook,,,"['Philippe Francq', 'Jean Van Hamme']"
"[""XIII T.16 ; Maximillian's gold"", 'CINEBOOK']","XIII and his friends, still in hiding from the NSA, now have the riddle from all three silver watches. and Maximilian's gold [...]",CINEBOOK,9781849181396.0,06/12/2012,,Book,https://www.belgiqueloisirs.be/editeur/cinebook,,,"['Vance William', 'Jean Van Hamme']"
"['XIII T.14 ; release the hounds !', 'CINEBOOK']","Having escaped from the clutches of Irina's organisation, XIII is on the loose in America but still hunted by both Giordino's[...]",CINEBOOK,9781849181280.0,23/08/2012,,Book,https://www.belgiqueloisirs.be/editeur/cinebook,,,"['Vance William', 'Jean Van Hamme']"
"['Largo Winch T.10 ; the law of the dollar', 'CINEBOOK']","Accused of murder and hated by an entire nation, Largo is hiding in Canada and feeling very much alone. But his friendships a[...]",CINEBOOK,9781849181174.0,18/05/2012,,Book,https://www.belgiqueloisirs.be/editeur/cinebook,,,"['Philippe Francq', 'Jean Van Hamme']"
"['Largo Winch T.9 ; the price of money', 'CINEBOOK']","A man shoots himself in front of Largo, live on TV. He was a guest on a financial talk show who had lost his company because [...]",CINEBOOK,9781849181129.0,05/04/2012,,Book,https://www.belgiqueloisirs.be/editeur/cinebook,,,"['Philippe Francq', 'Jean Van Hamme']"
"['Thorgal T.11 ; characters', 'CINEBOOK']","Still travelling with Kris of Valnor, Thorgal runs afoul of a local tribe. When a mysterious old woman offers him a chance to[...]",CINEBOOK,9781849181037.0,01/12/2011,,Book,https://www.belgiqueloisirs.be/editeur/cinebook,,,"['Grzegorz Rosinski', 'Jean Van Hamme']"
"['CINEBOOK', 'XIII T.9 ; for Maria']","Jason McLane is on holidays with Jones at some friends' in Central America, when a peculiar priest offers him startling news:[...]",CINEBOOK,9781849180931.0,15/09/2011,,Book,https://www.belgiqueloisirs.be/editeur/cinebook,,,"['Vance William', 'Jean Van Hamme']"
"['XIII T.8 ; thirteen to one', 'CINEBOOK']",XIII survived the trip back to his childhood home. The Mongoose has finally been caught and is in a high-security jail. But t[...],CINEBOOK,9781849180894.0,07/07/2011,,Book,https://www.belgiqueloisirs.be/editeur/cinebook,,,"['Vance William', 'Jean Van Hamme']"
"['CINEBOOK', 'Yoko Tsuno T.6 ; the morning of the world']","There is a volcano in Bali, the Agung, called \""The Morning of the World\"" by the locals. And that's where Yoko meets up with h[...]",CINEBOOK,9781849180825.0,16/06/2011,,Book,https://www.belgiqueloisirs.be/editeur/cinebook,,,Leloup Roger
"['Largo Winch T.8 ; characters', 'CINEBOOK']","Largo Winch has been hoodwinked, framed and sent to jail. His enemies are celebrating their victory after taking control of h[...]",CINEBOOK,9781849180757.0,07/04/2011,,Book,https://www.belgiqueloisirs.be/editeur/cinebook,,,"['Philippe Francq', 'Jean Van Hamme']"
"['Thorgal T.9 ; the guardian of the keys', 'CINEBOOK']","Thorgal is back in his old village with his family, but once again his destiny catches up with him when Volsung of Nichor, se[...]",CINEBOOK,9781849180504.0,07/10/2010,,Book,https://www.belgiqueloisirs.be/editeur/cinebook,,,"['Grzegorz Rosinski', 'Jean Van Hamme']"
"['XIII T.3 ; all the tears of hell', 'CINEBOOK']","Convicted of murder and sent to a high-security prison for the criminally insane, XIII finds himself not only unable to conti[...]",CINEBOOK,9781849180511.0,07/10/2010,,Book,https://www.belgiqueloisirs.be/editeur/cinebook,,,"['Vance William', 'Jean Van Hamme']"
"['CINEBOOK', 'Thorgal T.7 ; the master of the mountains']","Thorgal and his family are back in Europe, where a pregnant Aaricia insists on giving birth in Northland. Unable to find a sh[...]",CINEBOOK,9781849180238.0,01/04/2010,,Book,https://www.belgiqueloisirs.be/editeur/cinebook,,,"['Grzegorz Rosinski', 'Jean Van Hamme']"
"['Largo Winch T.4 ; the hour of the tiger', 'CINEBOOK']","Largo's best friend, Simon Ovronnaz, is being targeted by the secret services of Myanmar (formerly Burma). Simon and his girl[...]",CINEBOOK,9781905460991.0,20/08/2009,,Book,https://www.belgiqueloisirs.be/editeur/cinebook,,,"['Philippe Francq', 'Jean Van Hamme']"
"['Iznogoud T.4 ; Iznogoud and the magic computer', 'CINEBOOK']","In Baghdad, the Caliph's Grand Vizier Iznogoud has one aim in life: to become Caliph instead of the Caliph. The benign ruler,[...]",CINEBOOK,9781849180009.0,20/08/2009,,Book,https://www.belgiqueloisirs.be/editeur/cinebook,,,"['Jean Tabary', 'Rene Goscinny']"
"['Yoko Tsuno T.4 ; daughter of the wind', 'CINEBOOK']","Pretty, intelligent and combative, Yoko Tsuno is an electronics engineer who always remains faithful to her values: loyalty, [...]",CINEBOOK,9781905460946.0,20/08/2009,,Book,https://www.belgiqueloisirs.be/editeur/cinebook,,,Leloup Roger
"['Iznogoud T.3 ; Iznogoud and the day of misrule', 'CINEBOOK']","The Day of Misrule dawns in the magnificent city of Baghdad. Once a year, on this day, slaves take the place of their masters[...]",CINEBOOK,9781905460793.0,02/04/2009,,Book,https://www.belgiqueloisirs.be/editeur/cinebook,,,"['Jean Tabary', 'Rene Goscinny']"
"['Lucky Luke T.14 ; the dashing white cowboy', 'CINEBOOK']","Some strange burglaries take place at each performance of the play \""The Dashing White Cowboy\"" given by the company of W. Balt[...]",CINEBOOK,9781905460663.0,08/01/2009,,Book,https://www.belgiqueloisirs.be/editeur/cinebook,,,"['Morris', 'Rene Goscinny']"
"['Lucky Luke T.13 ; the tenderfoot', 'CINEBOOK']","At the funeral of old Baddy, everybody is moved except Ready, who has waited for the 100-year-old man's death a long time in [...]",CINEBOOK,9781905460656.0,06/11/2008,,Book,https://www.belgiqueloisirs.be/editeur/cinebook,,,"['Morris', 'Rene Goscinny']"
"['Blake et Mortimer T.4 ; the Francis Blake...', 'CINEBOOK']","Scandal breaks in the London press: There is a mole in the Intelligence Service! And it appears without a doubt, on a photogr[...]",CINEBOOK,9781905460632.0,16/10/2008,,Book,https://www.belgiqueloisirs.be/editeur/cinebook,,,"['Jean Van Hamme', 'Benoit Ted']"
The far side gallery t.5,"The fifth in the \""Gallery\"" series, this is a selection of \""Far side cartoons\"" from 1993 to 1995.",,9780751514933.0,29/11/1995,,Book,,,,Gary Larson
"['At Waregem ; the last weeks of World War One', 'LANNOO']",At Waregem is a graphic novel with realistic drawings and a factual background. The comic strip depicts the devastating last [...],LANNOO,9789401456678.0,18/09/2018,,Book,https://www.belgiqueloisirs.be/editeur/lannoo,,,Ivan Petrus Adriaenssens
"['Valerian ; INTEGRALE VOL.3 ; T.6 A T.8', 'CINEBOOK']",This third book of the collected edition contains volumes 6 to 8: Ambassador of the Shadows - the story that directly inspire[...],CINEBOOK,9781849183574.0,13/07/2017,,Book,https://www.belgiqueloisirs.be/editeur/cinebook,,,"['Pierre Christin', 'Jean-Claude Mezieres']"
"['LONELY PLANET FRANCE', 'Mongolian ; phrasebook & dictionary (3e...']",Thousands of practical and local phrases to help travellers navigate the country . Two-way dictionary . Coloured pronun[...],LONELY PLANET FRANCE,9781743211847.0,30/04/2014,,Book,https://www.belgiqueloisirs.be/editeur/lonely-planet-france,,,Collectif
"['Annick De Giry', 'Marion Billet', 'SEUIL', 'Anne De La Boulaye', ""Le jeu de l'oie des monuments de Paris / the wild goose chase game through Paris monuments""]","the wild goose chase game through paris monuments includes an information book on most of the outstanding sights of paris, a game board on the back cover, four detachable counters. lire la suite","['Editeur : SEUIL', 'SEUIL']",9782020997041.0,09/04/2009,0.0,Book,"['https://www.belgiqueloisirs.be/jeunesse/le-jeu-de-l-oie-des-monuments-de-paris-the-wild-goose-chase-game-through-paris-monuments-9782020997041.html', 'https://www.belgiqueloisirs.be/editeur/seuil']",11.70,EUR,"['Anne De La Boulaye', 'Marion Billet', 'Annick De Giry']"
"['Jojo Moyes', 'PENGUIN', 'Me before you']",Lou Clark knows lots of things. She knows how many footsteps there are between the bus stop and home. She knows she likes working in The Buttered Bun tea shop and she knows she might not love her boyfriend Patrick. What Lou doesn't know is she's about to lose her job or that knowing what's coming is what keeps her sane. lire la suite,"['Editeur : PENGUIN', 'PENGUIN']",9780718157838.0,01/01/2012,480.0,Book,"['https://www.belgiqueloisirs.be/editeur/penguin', 'https://www.belgiqueloisirs.be/anglais/me-before-you-9780718157838.html']","['8.49', '8.40']","['EUR', 'EUR']",Jojo Moyes
"['Tome', 'Janry', 'CHARACTERS', 'CINEBOOK', 'Spirou & Fantasio adventures T.3 ; running scared']","Spirou and Fantasio are hired by a doctor to escort some of his patients. Their ailment? An apparently incurable case of the hiccups. His solution: Send them on the most insane adventure ever and scare the hiccups out of them! Since he offers to pay for their expedition, the two fearless reporters agree to take the patients with them as they attempt to locate two explorers lost in 1938 near the Nepalese border. in the middle of a war! Correspond au tome 40 français: La frousse aux trousses lire la suite","['CINEBOOK', 'Editeur : CINEBOOK']",9781849181167.0,05/04/2012,48.0,Book,"['https://www.belgiqueloisirs.be/editeur/cinebook', 'https://www.belgiqueloisirs.be/bd-humour/spirou-fantasio-adventures-t3-running-scared-9781849181167.html']",,,"['Janry', 'Tome']"
"['Celant G/Bourriaud N', 'Walk on the wild side at the heart of the Carmignac Collection', 'David Cronenberg', 'Bourriaud Nicola/Fer', 'Bourriaud Nicolas /', 'Camille Morineau', 'Jodorowsky Alexandro', 'SKIRA', 'Alejandro Jodorowsky', 'Ferry Luc', 'Catherine Millet']","Composed of around 250 works by leading artists such as Roy Lichtenstein, Andy Warhol, Jean-Michel Basquiat, Keith Haring, Martial Raysse, Gerhard Richter and Ed Ruscha, the Carmignac Collection is also an open dialogue with emerging art scenes and contemporary creation by artists like Zhang Huan and Korakrit Arunanondchai. lire la suite","['SKIRA', 'Editeur : SKIRA']",9782370740410.0,30/10/2017,0.0,Book,"['https://www.belgiqueloisirs.be/editeur/skira', 'https://www.belgiqueloisirs.be/art/walk-on-the-wild-side-at-the-heart-of-the-carmignac-collection-9782370740410.html']",,,"['Jodorowsky Alexandro', 'Bourriaud Nicolas /', 'Camille Morineau', 'Ferry Luc', 'David Cronenberg', 'Celant G/Bourriaud N', 'Catherine Millet', 'Bourriaud Nicola/Fer', 'Alejandro Jodorowsky']"
"['Cold days - the dresden files: book 14', 'ORBIT']","You can't keep a good wizard down - even when he wants to stay that way. For years, Harry Dresden has been Chicago's[...]",ORBIT,9780356500898.0,03/01/2013,,Book,https://www.belgiqueloisirs.be/editeur/orbit,,,Jim Butcher
"['THE ENGINEER TRIOLGY - TOME 2: EVIL FOR EVIL', 'ORBIT']","The follow-up to Devices and Desires continues to push the boundaries of fantasy fiction in a fast-moving mix of politics, ac[...]",ORBIT,9781841492773.0,30/11/2006,,Book,https://www.belgiqueloisirs.be/editeur/orbit,,,K. J. Parker
"['THE THOUSANDFOLD THOUGHT - PRINCE OF NOTHING...', 'ORBIT']",The final reckoning is at hand. Faceless assassins will strike in the dead of night. Kings and Emperors will fall. The sorcer[...],ORBIT,9781841494111.0,01/05/2006,,Book,https://www.belgiqueloisirs.be/editeur/orbit,,,"['Richard Scott Bakker', 'R. Scott Bakker']"
"['HARPER COLLINS UK', 'THE LAST BATTLE - THE CHRONICLES OF NARNIA...']",A false Aslan is commanding all Narnians to work for the cruel Calormenes and striking terror into every heart. Jill and Eust[...],HARPER COLLINS UK,9780007115549.0,03/05/2001,,Book,https://www.belgiqueloisirs.be/editeur/harper-collins-uk,,,Clive Staples Lewis
"['THE VOYAGE OF THE DAWN TREADER - THE...', 'HARPER COLLINS UK']","Eustace found himself standing on the picture frame - in front of him was not glass but real sea. When Lucy, Edmund and their[...]",HARPER COLLINS UK,9780007115600.0,03/05/2001,,Book,https://www.belgiqueloisirs.be/editeur/harper-collins-uk,,,Clive Staples Lewis
"['HARPER COLLINS UK', 'THE SILVER CHAIR - THE CHRONICLES OF NARNIA...']","\""We've got to go north,\"" said Edmund, \""and reach the ruins of a giant city\"". Prince Rilian, Caspian's beloved son, has myster[...]",HARPER COLLINS UK,9780007115587.0,03/05/2001,,Book,https://www.belgiqueloisirs.be/editeur/harper-collins-uk,,,Clive Staples Lewis
"['HARPER COLLINS', 'THE RETURN OF THE KING - THE LORD OF THE...']","Features stories of the separate adventures of the Companions of the Ring. The adventures include Aragorn, revealed as the he[...]",HARPER COLLINS,9780261102378.0,19/03/2001,,Book,https://www.belgiqueloisirs.be/editeur/harper-collins,,,J R R Tolkien
"['HARPER COLLINS UK', 'THE FELLOWSHIP OF THE RING - THE LORD OF THE...']","Continuing the story begun in The Hobbit, this is the first part of Tolkien's epic masterpiece.Sauron, the Dark Lord, has gat[...]",HARPER COLLINS UK,9780261102354.0,02/06/1998,,Book,https://www.belgiqueloisirs.be/editeur/harper-collins-uk,,,J.R.R. Tolkien
"['THE TWO TOWERS - THE LORD OF THE RINGS V.2', 'HARPER COLLINS']","Building on the story begun in The Hobbit, this is the second part of Tolkien's epic masterpiece.Frodo and the Companions of [...]",HARPER COLLINS,9780261102361.0,02/06/1998,,Book,https://www.belgiqueloisirs.be/editeur/harper-collins,,,J.R.R. Tolkien
"['THE GREAT HUNT - THE WHEEL OF TIME V.2', 'ORBIT']","The sequel to \""The Eye of the World\"". Young Rand al'Thor has been recognized as the Dragon Reborn, but it is prophesied that [...]",ORBIT,9781857230277.0,11/02/1993,,Book,https://www.belgiqueloisirs.be/editeur/orbit,,,Robert Jordan
"[""Ayo's adventures ; tales of my journeys in..."", 'BOOKS ON DEMAND']","This is the story of the life and experiences of Fran's avatar, Ayo. Ayo is her name within Second Life. Ayo will first descr[...]",BOOKS ON DEMAND,9782810607723.0,24/04/2009,,Book,https://www.belgiqueloisirs.be/editeur/books-on-demand,,,Sabard F
"['A GENTLEMAN IN MOSCOW', 'PENGUIN US']",The mega-bestseller with more than 1.5 million readers that is soon to be a major television series One of five Summer 2019 [...],PENGUIN US,9780143132462.0,01/12/2017,,Book,https://www.belgiqueloisirs.be/editeur/penguin-us,,,Amor Towles
"['HACHETTE EDUCATION', ""READING TIME ; treasure island ; CM2 ; livre de l'élève"", 'Juliette Saumande', 'Claire Benimeli', 'READING TIME']",A mysterious map. And perhaps a treasure. A splendid ship with pirates on board... Join young Jim Hawkins on his incredible adventures ! lire la suite,"['HACHETTE EDUCATION', 'Editeur : HACHETTE EDUCATION']",9782011175434.0,26/01/2011,24.0,Book,"['https://www.belgiqueloisirs.be/editeur/hachette-education', 'https://www.belgiqueloisirs.be/scolaire/reading-time-treasure-island-cm2-livre-de-l-eleve-9782011175434.html']",,,"['Claire Benimeli', 'Juliette Saumande']"
"['Heart of the West', 'MAXTOR', 'CLASSICS', 'O. Henry']","\""Baldy Woods reached for the bottle, and got it. Whenever Baldy went for anything he usually--but this is not Baldy's story. He poured out a third drink that was larger by a finger than the first and second. Baldy was in consultation; and the consultee is worthy of his hire...\"" O. Henry's stories frequently have surprise endings. In his day, he was called the American answer to Guy de Maupassant. While both authors wrote plot twist endings, O. Henry stories were considerably more playful. His stories are also known for witty narration. Most of O. Henry's stories are set in his own time, the early 20th century. Many take place in New York City and deal for the most part with ordinary people: clerks, policemen, waitresses, etc. O. Henry's work is wide-ranging, and his characters can be found roaming the cattle-lands of Texas, exploring the art of the con-man, or investigating the tensions of class and wealth in turn-of-the-century New York. O. Henry had an inimitable hand for isolating some element of society and describing it with an incredible economy and grace of language. lire la suite","['MAXTOR', 'Editeur : MAXTOR']",9788490019412.0,27/04/2016,264.0,Book,"['https://www.belgiqueloisirs.be/accueil/heart-of-the-west-9788490019412.html', 'https://www.belgiqueloisirs.be/editeur/maxtor']",,,O. Henry
"['Stalker', 'HEADLINE BOOK PUBLISHING PLC', 'Faye Kellerman']","For Cindy Decker following the footsteps of her father to become a police lieutenant was never an easy decision. When she begins to suspect that she is being stalked, her overprotective father is the last person she can confide in. Until, that is, their cases seem set on a collision course. lire la suite","['HEADLINE BOOK PUBLISHING PLC', 'Editeur : HEADLINE BOOK PUBLISHING PLC']",9780747259237.0,22/02/2001,597.0,Book,"['https://www.belgiqueloisirs.be/polars-thrillers/stalker-9780747259237.html', 'https://www.belgiqueloisirs.be/editeur/headline-book-publishing-plc']",7.15,EUR,Faye Kellerman
"['Jean-Robert Pitte', 'Philippe Faure', 'Les cuisiniers de la république francaise ; les meilleures recettes', 'Guillaume Gomez', 'GLENAT', ""LE VERRE ET L'ASSIETTE""]","The Élysée Palace, the Prime Minister's Residence, the Quai d'Orsay, the Ministries for Finance, Agriculture and Overseas France, the French Embassies in Rome, Cairo and Ottawa, the French Consulate in New York, the Prefectures for Yvelines, Brittany and Alsace: the dishes created by these institutions' chefs reflect the great diversity of French gastronomy. This book is a collection of recipes, selected by Guillaume Gomez, Chef de Cuisine at the Élysée Palace and president of the association Les Cuisiniers de la République Française. Joining him in this presentation are some of the privileged guests at state dinners: Roselyne Bachelot, editorialist, author, and former minister for several French governments; Philippe Faure, Ambassador of France and co-director of the Paris Food Forum; Jean-Robert Pitte, geographer and president of the French Mission for Heritage and Food Cultures. France's culinaryand culturalreputation is championed in the Republic's kitchens: a daily challenge which is saluted by Brigitte Macron, together with Carla Bruni-Sarkozy and Valérie Trierweiler. lire la suite","['Editeur : GLENAT', 'GLENAT']",9782344039328.0,06/11/2019,224.0,Book,"['https://www.belgiqueloisirs.be/editeur/glenat', 'https://www.belgiqueloisirs.be/vie-pratique/les-cuisiniers-de-la-republique-francaise-les-meilleures-recettes-9782344039328.html']",,,"['Guillaume Gomez', 'Philippe Faure', 'Jean-Robert Pitte']"
"['A FRIEND OF THE FAMILY', 'Lisa Jewell', 'ADULT PBS']","Meet the Londons, a family in need of a friend. Gerry and Bernie London are proud parents of Tony, Sean and Ned, three wayward lads whose lives have suddenly reached crisis points. The Londons also have a new lodger a mysterious rockabilly called Gervase. Will he turn out to be a friend or foe to the family? lire la suite","['ADULT PBS', 'Editeur : ADULT PBS']",9780140295979.0,15/04/2004,425.0,Book,"['https://www.belgiqueloisirs.be/editeur/adult-pbs', 'https://www.belgiqueloisirs.be/anglais/a-friend-of-the-family-9780140295979.html']","['6.99', '6.10']","['EUR', 'EUR']",Lisa Jewell
"['HACHETTE PRATIQUE', 'Atlas des séries cultes']",Friends - Big Bang Theory - La franchise Law and Order - SherlocK - Star Trek - Stargate - Doctor Who - X-Files - Urgences - [...],HACHETTE PRATIQUE,9782017003892.0,15/11/2017,,Book,https://www.belgiqueloisirs.be/editeur/hachette-pratique,,,Marc Aumont
"['ESPACES & SIGNES', 'Collectif', 'Aboubakr Chraïbi', 'Arabic manuscripts of the thousand and one nights']","This book contains the rst complete list of all known Arabic manuscripts of The Thousand and one Nights as well as a list and tentative classi cation of the Turkish (Osmanli) manuscripts. The four tales edited are Sûl and Shumûl, one of the oldest tales divided into nights (older, indeed, than the Galland manuscript), Bayâd and Riyâd, which has now been edited using two new sources, The Sleeper Awakened, a perfectly representative tale of \""the merchant's son\"", and Zayd and Kahlâ, which is remarkable for its combination of Islam and paganism. It o ers new material and new interpretations (the story of Khurâfa and the syntactic unit astonishing/more astonishing still). It seeks to provide an accessible de nition of what middle Arabic literature is, shining new light on the history of the Nights : Analysis of the rst two tales has shown that the beginning of the Zotenberg's Egyptian Recension is older than the Syrian branch manuscripts. lire la suite","['ESPACES & SIGNES', 'Editeur : ESPACES & SIGNES']",9791094176115.0,06/02/2016,576.0,Book,"['https://www.belgiqueloisirs.be/editeur/espaces-signes', 'https://www.belgiqueloisirs.be/livres-en-vo/arabic-manuscripts-of-the-thousand-and-one-nights-9791094176115.html']",,,"['Collectif', 'Aboubakr Chraïbi']"
