0,1,inLanguage,3,bookEdition,headline
Finnish Bible 1776,"Christian Scripture inspired by God the Holy Spirit for teaching, rebuking, correcting, and training in righteousness with the Finnish Bible 1776, Finnish, Suomen Kieli.",fi,"Christian,Holy,Bible,Scripture,Word,salvation,grace,truth,doctrine,teaching,help,hope,inspired,teach,rebuke,correct,train,Finnish Bible 1776,Finnish, Suomen Kieli",Holy Bible Aionian Edition®,"Holy Bible Aionian Edition® Finnish Bible 1776 Finnish, Suomen Kieli"
"Malayalam Bible, മലയാളം ബൈബിള്‍","Christian Scripture inspired by God the Holy Spirit for teaching, rebuking, correcting, and training in righteousness with the Malayalam Bible, മലയാളം ബൈബിള്‍, Malayalam, മലയാളം.",ml,"Christian,Holy,Bible,Scripture,Word,salvation,grace,truth,doctrine,teaching,help,hope,inspired,teach,rebuke,correct,train,Malayalam Bible, മലയാളം ബൈബിള്‍,Malayalam, മലയാളം",Holy Bible Aionian Edition®,"Holy Bible Aionian Edition® Malayalam Bible, മലയാളം ബൈബിള്‍ Malayalam, മലയാളം"
"Spanish Bible 1569, Sagradas Escrituras, Antigua","Christian Scripture inspired by God the Holy Spirit for teaching, rebuking, correcting, and training in righteousness with the Spanish Bible 1569, Sagradas Escrituras, Antigua, Spanish, Español.",es,"Christian,Holy,Bible,Scripture,Word,salvation,grace,truth,doctrine,teaching,help,hope,inspired,teach,rebuke,correct,train,Spanish Bible 1569, Sagradas Escrituras, Antigua,Spanish, Español",Holy Bible Aionian Edition®,"Holy Bible Aionian Edition® Spanish Bible 1569, Sagradas Escrituras, Antigua Spanish, Español"
"Spanish Reina Valera Bible 1865, Español Santa Biblia","Christian Scripture inspired by God the Holy Spirit for teaching, rebuking, correcting, and training in righteousness with the Spanish Reina Valera Bible 1865, Español Santa Biblia, Spanish, Español.",es,"Christian,Holy,Bible,Scripture,Word,salvation,grace,truth,doctrine,teaching,help,hope,inspired,teach,rebuke,correct,train,Spanish Reina Valera Bible 1865, Español Santa Biblia,Spanish, Español",Holy Bible Aionian Edition®,"Holy Bible Aionian Edition® Spanish Reina Valera Bible 1865, Español Santa Biblia Spanish, Español"
"Open English Bible, US","Christian Scripture inspired by God the Holy Spirit for teaching, rebuking, correcting, and training in righteousness with the Open English Bible, US, English.",en,"Christian,Holy,Bible,Scripture,Word,salvation,grace,truth,doctrine,teaching,help,hope,inspired,teach,rebuke,correct,train,Open English Bible, US,English",Holy Bible Aionian Edition®,"Holy Bible Aionian Edition® Open English Bible, US English"
"Clementine Vulgate, Hetzenauer, Bibbia Vulgata Clementina","Christian Scripture inspired by God the Holy Spirit for teaching, rebuking, correcting, and training in righteousness with the Clementine Vulgate, Hetzenauer, Bibbia Vulgata Clementina, Latin, Latine.",la,"Christian,Holy,Bible,Scripture,Word,salvation,grace,truth,doctrine,teaching,help,hope,inspired,teach,rebuke,correct,train,Clementine Vulgate, Hetzenauer, Bibbia Vulgata Clementina,Latin, Latine",Holy Bible Aionian Edition®,"Holy Bible Aionian Edition® Clementine Vulgate, Hetzenauer, Bibbia Vulgata Clementina Latin, Latine"
"Coptic Boharic New Testament, ϯⲙⲉⲧⲣⲉⲙⲛ̀ⲭⲏⲙⲓ","Christian Scripture inspired by God the Holy Spirit for teaching, rebuking, correcting, and training in righteousness with the Coptic Boharic New Testament, ϯⲙⲉⲧⲣⲉⲙⲛ̀ⲭⲏⲙⲓ, Coptic Boharic, ϯⲙⲉⲧⲣⲉⲙⲛ̀ⲭⲏⲙⲓ.",,"Christian,Holy,Bible,Scripture,Word,salvation,grace,truth,doctrine,teaching,help,hope,inspired,teach,rebuke,correct,train,Coptic Boharic New Testament, ϯⲙⲉⲧⲣⲉⲙⲛ̀ⲭⲏⲙⲓ,Coptic Boharic, ϯⲙⲉⲧⲣⲉⲙⲛ̀ⲭⲏⲙⲓ",Holy Bible Aionian Edition®,"Holy Bible Aionian Edition® Coptic Boharic New Testament, ϯⲙⲉⲧⲣⲉⲙⲛ̀ⲭⲏⲙⲓ Coptic Boharic, ϯⲙⲉⲧⲣⲉⲙⲛ̀ⲭⲏⲙⲓ"
"Chamorro Gospels, Acts, Psalms, Y Cuatro Ebangelio Sija Yan Y Checho Y Apostoles Yan Y Salmo Sija","Christian Scripture inspired by God the Holy Spirit for teaching, rebuking, correcting, and training in righteousness with the Chamorro Gospels, Acts, Psalms, Y Cuatro Ebangelio Sija Yan Y Checho Y Apostoles Yan Y Salmo Sija, Chamorro.",ch,"Christian,Holy,Bible,Scripture,Word,salvation,grace,truth,doctrine,teaching,help,hope,inspired,teach,rebuke,correct,train,Chamorro Gospels, Acts, Psalms, Y Cuatro Ebangelio Sija Yan Y Checho Y Apostoles Yan Y Salmo Sija,Chamorro",Holy Bible Aionian Edition®,"Holy Bible Aionian Edition® Chamorro Gospels, Acts, Psalms, Y Cuatro Ebangelio Sija Yan Y Checho Y Apostoles Yan Y Salmo Sija Chamorro"
Young's Literal Translation,"Christian Scripture inspired by God the Holy Spirit for teaching, rebuking, correcting, and training in righteousness with the Young's Literal Translation, English.",en,"Christian,Holy,Bible,Scripture,Word,salvation,grace,truth,doctrine,teaching,help,hope,inspired,teach,rebuke,correct,train,Young's Literal Translation,English",Holy Bible Aionian Edition®,Holy Bible Aionian Edition® Young's Literal Translation English
"Spanish Free Bible Version, Biblia Libre","Christian Scripture inspired by God the Holy Spirit for teaching, rebuking, correcting, and training in righteousness with the Spanish Free Bible Version, Biblia Libre, Spanish, Español.",es,"Christian,Holy,Bible,Scripture,Word,salvation,grace,truth,doctrine,teaching,help,hope,inspired,teach,rebuke,correct,train,Spanish Free Bible Version, Biblia Libre,Spanish, Español",Holy Bible Aionian Edition®,"Holy Bible Aionian Edition® Spanish Free Bible Version, Biblia Libre Spanish, Español"
"Hebrew Masoretic Old Testament, כתבי הקודש","Christian Scripture inspired by God the Holy Spirit for teaching, rebuking, correcting, and training in righteousness with the Hebrew Masoretic Old Testament, כתבי הקודש, Hebrew, עברית.",he,"Christian,Holy,Bible,Scripture,Word,salvation,grace,truth,doctrine,teaching,help,hope,inspired,teach,rebuke,correct,train,Hebrew Masoretic Old Testament, כתבי הקודש,Hebrew, עברית",Holy Bible Aionian Edition®,"Holy Bible Aionian Edition® Hebrew Masoretic Old Testament, כתבי הקודש Hebrew, עברית"
"Latvian Glück Bible 8th edition, Latviešu Glück Bībele","Christian Scripture inspired by God the Holy Spirit for teaching, rebuking, correcting, and training in righteousness with the Latvian Glück Bible 8th edition, Latviešu Glück Bībele, Latvian, Latviešu.",lv,"Christian,Holy,Bible,Scripture,Word,salvation,grace,truth,doctrine,teaching,help,hope,inspired,teach,rebuke,correct,train,Latvian Glück Bible 8th edition, Latviešu Glück Bībele,Latvian, Latviešu",Holy Bible Aionian Edition®,"Holy Bible Aionian Edition® Latvian Glück Bible 8th edition, Latviešu Glück Bībele Latvian, Latviešu"
Bible,"Christian Scripture inspired by God the Holy Spirit for teaching, rebuking, correcting, and training in righteousness",en-US,"Christian,Holy,Bible,Scripture,Word,salvation,grace,truth,doctrine,teaching,help,hope,inspired,teach,rebuke,correct,train",Original autograph,Holy Bible
"Assamese Bible, অসমীয়া বাইবেল","Christian Scripture inspired by God the Holy Spirit for teaching, rebuking, correcting, and training in righteousness with the Assamese Bible, অসমীয়া বাইবেল, Assamese, Standard, অসমীয়া.",as,"Christian,Holy,Bible,Scripture,Word,salvation,grace,truth,doctrine,teaching,help,hope,inspired,teach,rebuke,correct,train,Assamese Bible, অসমীয়া বাইবেল,Assamese, Standard, অসমীয়া",Holy Bible Aionian Edition®,"Holy Bible Aionian Edition® Assamese Bible, অসমীয়া বাইবেল Assamese, Standard, অসমীয়া"
"Malagasy Bible 1865, Soratra Masina","Christian Scripture inspired by God the Holy Spirit for teaching, rebuking, correcting, and training in righteousness with the Malagasy Bible 1865, Soratra Masina, Malagasy.",mg,"Christian,Holy,Bible,Scripture,Word,salvation,grace,truth,doctrine,teaching,help,hope,inspired,teach,rebuke,correct,train,Malagasy Bible 1865, Soratra Masina,Malagasy",Holy Bible Aionian Edition®,"Holy Bible Aionian Edition® Malagasy Bible 1865, Soratra Masina Malagasy"
"Telugu Bible, తెలుగు బైబిల్","Christian Scripture inspired by God the Holy Spirit for teaching, rebuking, correcting, and training in righteousness with the Telugu Bible, తెలుగు బైబిల్, Telugu, తెలుగు.",te,"Christian,Holy,Bible,Scripture,Word,salvation,grace,truth,doctrine,teaching,help,hope,inspired,teach,rebuke,correct,train,Telugu Bible, తెలుగు బైబిల్,Telugu, తెలుగు",Holy Bible Aionian Edition®,"Holy Bible Aionian Edition® Telugu Bible, తెలుగు బైబిల్ Telugu, తెలుగు"
"New Testament, Nicolaas De Jonge, Het Vlaams Nieuwe Testament","Christian Scripture inspired by God the Holy Spirit for teaching, rebuking, correcting, and training in righteousness with the New Testament, Nicolaas De Jonge, Het Vlaams Nieuwe Testament, Flemish, Vlaams.",nl,"Christian,Holy,Bible,Scripture,Word,salvation,grace,truth,doctrine,teaching,help,hope,inspired,teach,rebuke,correct,train,New Testament, Nicolaas De Jonge, Het Vlaams Nieuwe Testament,Flemish, Vlaams",Holy Bible Aionian Edition®,"Holy Bible Aionian Edition® New Testament, Nicolaas De Jonge, Het Vlaams Nieuwe Testament Flemish, Vlaams"
"Hungarian Bible 1590, Vizsoly (Karoli) Biblia","Christian Scripture inspired by God the Holy Spirit for teaching, rebuking, correcting, and training in righteousness with the Hungarian Bible 1590, Vizsoly (Karoli) Biblia, Hungarian, Magyar Nyelv.",hu,"Christian,Holy,Bible,Scripture,Word,salvation,grace,truth,doctrine,teaching,help,hope,inspired,teach,rebuke,correct,train,Hungarian Bible 1590, Vizsoly (Karoli) Biblia,Hungarian, Magyar Nyelv",Holy Bible Aionian Edition®,"Holy Bible Aionian Edition® Hungarian Bible 1590, Vizsoly (Karoli) Biblia Hungarian, Magyar Nyelv"
"Bayash Luke, Luka","Christian Scripture inspired by God the Holy Spirit for teaching, rebuking, correcting, and training in righteousness with the Bayash Luke, Luka, Romanian, Bayash.",ro,"Christian,Holy,Bible,Scripture,Word,salvation,grace,truth,doctrine,teaching,help,hope,inspired,teach,rebuke,correct,train,Bayash Luke, Luka,Romanian, Bayash",Holy Bible Aionian Edition®,"Holy Bible Aionian Edition® Bayash Luke, Luka Romanian, Bayash"
"Jerome Vulgate Bible, Bibbia Vulgata Jerome","Christian Scripture inspired by God the Holy Spirit for teaching, rebuking, correcting, and training in righteousness with the Jerome Vulgate Bible, Bibbia Vulgata Jerome, Latin, Latine.",la,"Christian,Holy,Bible,Scripture,Word,salvation,grace,truth,doctrine,teaching,help,hope,inspired,teach,rebuke,correct,train,Jerome Vulgate Bible, Bibbia Vulgata Jerome,Latin, Latine",Holy Bible Aionian Edition®,"Holy Bible Aionian Edition® Jerome Vulgate Bible, Bibbia Vulgata Jerome Latin, Latine"
"Pohnpeian NT, Psalms: Old Alpha, Kadede Kap Pjam Akan","Christian Scripture inspired by God the Holy Spirit for teaching, rebuking, correcting, and training in righteousness with the Pohnpeian NT, Psalms: Old Alpha, Kadede Kap Pjam Akan, Pohnpeian.",,"Christian,Holy,Bible,Scripture,Word,salvation,grace,truth,doctrine,teaching,help,hope,inspired,teach,rebuke,correct,train,Pohnpeian NT, Psalms: Old Alpha, Kadede Kap Pjam Akan,Pohnpeian",Holy Bible Aionian Edition®,"Holy Bible Aionian Edition® Pohnpeian NT, Psalms: Old Alpha, Kadede Kap Pjam Akan Pohnpeian"
Bible in Basic English,"Christian Scripture inspired by God the Holy Spirit for teaching, rebuking, correcting, and training in righteousness with the Bible in Basic English, English.",en,"Christian,Holy,Bible,Scripture,Word,salvation,grace,truth,doctrine,teaching,help,hope,inspired,teach,rebuke,correct,train,Bible in Basic English,English",Holy Bible Aionian Edition®,Holy Bible Aionian Edition® Bible in Basic English English
"Hebrew Aleppo Codex, כתבי הקודש","Christian Scripture inspired by God the Holy Spirit for teaching, rebuking, correcting, and training in righteousness with the Hebrew Aleppo Codex, כתבי הקודש, Hebrew, עברית.",he,"Christian,Holy,Bible,Scripture,Word,salvation,grace,truth,doctrine,teaching,help,hope,inspired,teach,rebuke,correct,train,Hebrew Aleppo Codex, כתבי הקודש,Hebrew, עברית",Holy Bible Aionian Edition®,"Holy Bible Aionian Edition® Hebrew Aleppo Codex, כתבי הקודש Hebrew, עברית"
"Korean Revised Version, 개역성경","Christian Scripture inspired by God the Holy Spirit for teaching, rebuking, correcting, and training in righteousness with the Korean Revised Version, 개역성경, Korean, 한국어.",ko,"Christian,Holy,Bible,Scripture,Word,salvation,grace,truth,doctrine,teaching,help,hope,inspired,teach,rebuke,correct,train,Korean Revised Version, 개역성경,Korean, 한국어",Holy Bible Aionian Edition®,"Holy Bible Aionian Edition® Korean Revised Version, 개역성경 Korean, 한국어"
Ostervald French Bible,"Christian Scripture inspired by God the Holy Spirit for teaching, rebuking, correcting, and training in righteousness with the Ostervald French Bible, French, Français.",fr,"Christian,Holy,Bible,Scripture,Word,salvation,grace,truth,doctrine,teaching,help,hope,inspired,teach,rebuke,correct,train,Ostervald French Bible,French, Français",Holy Bible Aionian Edition®,"Holy Bible Aionian Edition® Ostervald French Bible French, Français"
"Danish Bible, Dansk Bibel","Christian Scripture inspired by God the Holy Spirit for teaching, rebuking, correcting, and training in righteousness with the Danish Bible, Dansk Bibel, Danish, Dansk.",da,"Christian,Holy,Bible,Scripture,Word,salvation,grace,truth,doctrine,teaching,help,hope,inspired,teach,rebuke,correct,train,Danish Bible, Dansk Bibel,Danish, Dansk",Holy Bible Aionian Edition®,"Holy Bible Aionian Edition® Danish Bible, Dansk Bibel Danish, Dansk"
"Norwegian Bible, Norsk Bibel","Christian Scripture inspired by God the Holy Spirit for teaching, rebuking, correcting, and training in righteousness with the Norwegian Bible, Norsk Bibel, Norwegian Bokmal, Norsk Bokmål.",nb,"Christian,Holy,Bible,Scripture,Word,salvation,grace,truth,doctrine,teaching,help,hope,inspired,teach,rebuke,correct,train,Norwegian Bible, Norsk Bibel,Norwegian Bokmal, Norsk Bokmål",Holy Bible Aionian Edition®,"Holy Bible Aionian Edition® Norwegian Bible, Norsk Bibel Norwegian Bokmal, Norsk Bokmål"
"Japanese Raguet-yaku 1910, ラゲ訳「我主イエズスキリストの新約聖書」","Christian Scripture inspired by God the Holy Spirit for teaching, rebuking, correcting, and training in righteousness with the Japanese Raguet-yaku 1910, ラゲ訳「我主イエズスキリストの新約聖書」, Japanese, 日本語.",ja,"Christian,Holy,Bible,Scripture,Word,salvation,grace,truth,doctrine,teaching,help,hope,inspired,teach,rebuke,correct,train,Japanese Raguet-yaku 1910, ラゲ訳「我主イエズスキリストの新約聖書」,Japanese, 日本語",Holy Bible Aionian Edition®,"Holy Bible Aionian Edition® Japanese Raguet-yaku 1910, ラゲ訳「我主イエズスキリストの新約聖書」 Japanese, 日本語"
"Pohnpeian NT, Psalms: New Alpha, Kadede Kap Psam Akan","Christian Scripture inspired by God the Holy Spirit for teaching, rebuking, correcting, and training in righteousness with the Pohnpeian NT, Psalms: New Alpha, Kadede Kap Psam Akan, Pohnpeian.",,"Christian,Holy,Bible,Scripture,Word,salvation,grace,truth,doctrine,teaching,help,hope,inspired,teach,rebuke,correct,train,Pohnpeian NT, Psalms: New Alpha, Kadede Kap Psam Akan,Pohnpeian",Holy Bible Aionian Edition®,"Holy Bible Aionian Edition® Pohnpeian NT, Psalms: New Alpha, Kadede Kap Psam Akan Pohnpeian"
"Spanish Reina Valera NT 1858, Español Santa Biblia","Christian Scripture inspired by God the Holy Spirit for teaching, rebuking, correcting, and training in righteousness with the Spanish Reina Valera NT 1858, Español Santa Biblia, Spanish, Español.",es,"Christian,Holy,Bible,Scripture,Word,salvation,grace,truth,doctrine,teaching,help,hope,inspired,teach,rebuke,correct,train,Spanish Reina Valera NT 1858, Español Santa Biblia,Spanish, Español",Holy Bible Aionian Edition®,"Holy Bible Aionian Edition® Spanish Reina Valera NT 1858, Español Santa Biblia Spanish, Español"
Esperanto London Bible,"Christian Scripture inspired by God the Holy Spirit for teaching, rebuking, correcting, and training in righteousness with the Esperanto London Bible, Esperanto.",eo,"Christian,Holy,Bible,Scripture,Word,salvation,grace,truth,doctrine,teaching,help,hope,inspired,teach,rebuke,correct,train,Esperanto London Bible,Esperanto",Holy Bible Aionian Edition®,Holy Bible Aionian Edition® Esperanto London Bible Esperanto
Douay-Rheims 1899,"Christian Scripture inspired by God the Holy Spirit for teaching, rebuking, correcting, and training in righteousness with the Douay-Rheims 1899, English.",en,"Christian,Holy,Bible,Scripture,Word,salvation,grace,truth,doctrine,teaching,help,hope,inspired,teach,rebuke,correct,train,Douay-Rheims 1899,English",Holy Bible Aionian Edition®,Holy Bible Aionian Edition® Douay-Rheims 1899 English
"Beaver Mark, Ootech Oochu Takehniya Tinkles St. Mark","Christian Scripture inspired by God the Holy Spirit for teaching, rebuking, correcting, and training in righteousness with the Beaver Mark, Ootech Oochu Takehniya Tinkles St. Mark, Beaver, Dane Zaa.",,"Christian,Holy,Bible,Scripture,Word,salvation,grace,truth,doctrine,teaching,help,hope,inspired,teach,rebuke,correct,train,Beaver Mark, Ootech Oochu Takehniya Tinkles St. Mark,Beaver, Dane Zaa",Holy Bible Aionian Edition®,"Holy Bible Aionian Edition® Beaver Mark, Ootech Oochu Takehniya Tinkles St. Mark Beaver, Dane Zaa"
"Sistina Vulgate Bible, Bibbia Vulgata Sistina","Christian Scripture inspired by God the Holy Spirit for teaching, rebuking, correcting, and training in righteousness with the Sistina Vulgate Bible, Bibbia Vulgata Sistina, Latin, Latine.",la,"Christian,Holy,Bible,Scripture,Word,salvation,grace,truth,doctrine,teaching,help,hope,inspired,teach,rebuke,correct,train,Sistina Vulgate Bible, Bibbia Vulgata Sistina,Latin, Latine",Holy Bible Aionian Edition®,"Holy Bible Aionian Edition® Sistina Vulgate Bible, Bibbia Vulgata Sistina Latin, Latine"
"Cherokee New Testament 1860, ᏣᎳᎩ ᎦᏬᏂᎯᏍᏗ","Christian Scripture inspired by God the Holy Spirit for teaching, rebuking, correcting, and training in righteousness with the Cherokee New Testament 1860, ᏣᎳᎩ ᎦᏬᏂᎯᏍᏗ, Cherokee, ᏣᎳᎩ ᎦᏬᏂᎯᏍᏗ.",,"Christian,Holy,Bible,Scripture,Word,salvation,grace,truth,doctrine,teaching,help,hope,inspired,teach,rebuke,correct,train,Cherokee New Testament 1860, ᏣᎳᎩ ᎦᏬᏂᎯᏍᏗ,Cherokee, ᏣᎳᎩ ᎦᏬᏂᎯᏍᏗ",Holy Bible Aionian Edition®,"Holy Bible Aionian Edition® Cherokee New Testament 1860, ᏣᎳᎩ ᎦᏬᏂᎯᏍᏗ Cherokee, ᏣᎳᎩ ᎦᏬᏂᎯᏍᏗ"
"Haitian Creole Bible, Kreyòl Ayisyen Bible","Christian Scripture inspired by God the Holy Spirit for teaching, rebuking, correcting, and training in righteousness with the Haitian Creole Bible, Kreyòl Ayisyen Bible, Haitian Creole, Kreyòl Ayisyen.",ht,"Christian,Holy,Bible,Scripture,Word,salvation,grace,truth,doctrine,teaching,help,hope,inspired,teach,rebuke,correct,train,Haitian Creole Bible, Kreyòl Ayisyen Bible,Haitian Creole, Kreyòl Ayisyen",Holy Bible Aionian Edition®,"Holy Bible Aionian Edition® Haitian Creole Bible, Kreyòl Ayisyen Bible Haitian Creole, Kreyòl Ayisyen"
"Greek NT Textus Receptus, H Καινή Διαθήκη","Christian Scripture inspired by God the Holy Spirit for teaching, rebuking, correcting, and training in righteousness with the Greek NT Textus Receptus, H Καινή Διαθήκη, Greek, Koine, Ελληνική.",el,"Christian,Holy,Bible,Scripture,Word,salvation,grace,truth,doctrine,teaching,help,hope,inspired,teach,rebuke,correct,train,Greek NT Textus Receptus, H Καινή Διαθήκη,Greek, Koine, Ελληνική",Holy Bible Aionian Edition®,"Holy Bible Aionian Edition® Greek NT Textus Receptus, H Καινή Διαθήκη Greek, Koine, Ελληνική"
"Navarro-Labourdin Basque New Testament, Euskal Biblia","Christian Scripture inspired by God the Holy Spirit for teaching, rebuking, correcting, and training in righteousness with the Navarro-Labourdin Basque New Testament, Euskal Biblia, Basque, Euskara.",eu,"Christian,Holy,Bible,Scripture,Word,salvation,grace,truth,doctrine,teaching,help,hope,inspired,teach,rebuke,correct,train,Navarro-Labourdin Basque New Testament, Euskal Biblia,Basque, Euskara",Holy Bible Aionian Edition®,"Holy Bible Aionian Edition® Navarro-Labourdin Basque New Testament, Euskal Biblia Basque, Euskara"
"World English Bible, British","Christian Scripture inspired by God the Holy Spirit for teaching, rebuking, correcting, and training in righteousness with the World English Bible, British, English.",en,"Christian,Holy,Bible,Scripture,Word,salvation,grace,truth,doctrine,teaching,help,hope,inspired,teach,rebuke,correct,train,World English Bible, British,English",Holy Bible Aionian Edition®,"Holy Bible Aionian Edition® World English Bible, British English"
"Slovene King James Bible 1769, Slovenščina Sveto pismo Kralja Jakoba","Christian Scripture inspired by God the Holy Spirit for teaching, rebuking, correcting, and training in righteousness with the Slovene King James Bible 1769, Slovenščina Sveto pismo Kralja Jakoba, Slovene, Slovenščina.",sl,"Christian,Holy,Bible,Scripture,Word,salvation,grace,truth,doctrine,teaching,help,hope,inspired,teach,rebuke,correct,train,Slovene King James Bible 1769, Slovenščina Sveto pismo Kralja Jakoba,Slovene, Slovenščina",Holy Bible Aionian Edition®,"Holy Bible Aionian Edition® Slovene King James Bible 1769, Slovenščina Sveto pismo Kralja Jakoba Slovene, Slovenščina"
"Japanese New Testament 1965, 新改訳新約聖書","Christian Scripture inspired by God the Holy Spirit for teaching, rebuking, correcting, and training in righteousness with the Japanese New Testament 1965, 新改訳新約聖書, Japanese, 日本語.",ja,"Christian,Holy,Bible,Scripture,Word,salvation,grace,truth,doctrine,teaching,help,hope,inspired,teach,rebuke,correct,train,Japanese New Testament 1965, 新改訳新約聖書,Japanese, 日本語",Holy Bible Aionian Edition®,"Holy Bible Aionian Edition® Japanese New Testament 1965, 新改訳新約聖書 Japanese, 日本語"
"King James Version, American","Christian Scripture inspired by God the Holy Spirit for teaching, rebuking, correcting, and training in righteousness with the King James Version, American, English.",en,"Christian,Holy,Bible,Scripture,Word,salvation,grace,truth,doctrine,teaching,help,hope,inspired,teach,rebuke,correct,train,King James Version, American,English",Holy Bible Aionian Edition®,"Holy Bible Aionian Edition® King James Version, American English"
"Japanese Bungo-yaku / Taisho-kaiyaku, 大正改訳「新約聖書」","Christian Scripture inspired by God the Holy Spirit for teaching, rebuking, correcting, and training in righteousness with the Japanese Bungo-yaku / Taisho-kaiyaku, 大正改訳「新約聖書」, Japanese, 日本語.",ja,"Christian,Holy,Bible,Scripture,Word,salvation,grace,truth,doctrine,teaching,help,hope,inspired,teach,rebuke,correct,train,Japanese Bungo-yaku / Taisho-kaiyaku, 大正改訳「新約聖書」,Japanese, 日本語",Holy Bible Aionian Edition®,"Holy Bible Aionian Edition® Japanese Bungo-yaku / Taisho-kaiyaku, 大正改訳「新約聖書」 Japanese, 日本語"
"Aramaic Peshitta New Testament 1905, ܦܫܝܛܬܐ","Christian Scripture inspired by God the Holy Spirit for teaching, rebuking, correcting, and training in righteousness with the Aramaic Peshitta New Testament 1905, ܦܫܝܛܬܐ, Aramaic, ܦܫܝܛܬܐ.",,"Christian,Holy,Bible,Scripture,Word,salvation,grace,truth,doctrine,teaching,help,hope,inspired,teach,rebuke,correct,train,Aramaic Peshitta New Testament 1905, ܦܫܝܛܬܐ,Aramaic, ܦܫܝܛܬܐ",Holy Bible Aionian Edition®,"Holy Bible Aionian Edition® Aramaic Peshitta New Testament 1905, ܦܫܝܛܬܐ Aramaic, ܦܫܝܛܬܐ"
"Bengali Bible, India, বাংলা বাইবেল, ভারত","Christian Scripture inspired by God the Holy Spirit for teaching, rebuking, correcting, and training in righteousness with the Bengali Bible, India, বাংলা বাইবেল, ভারত, Bengali, বাংলা.",bn,"Christian,Holy,Bible,Scripture,Word,salvation,grace,truth,doctrine,teaching,help,hope,inspired,teach,rebuke,correct,train,Bengali Bible, India, বাংলা বাইবেল, ভারত,Bengali, বাংলা",Holy Bible Aionian Edition®,"Holy Bible Aionian Edition® Bengali Bible, India, বাংলা বাইবেল, ভারত Bengali, বাংলা"
"Myanmar Burmese Judson Bible, မြန်မာမြန်မာယုဒသန်သမ်မာကမျြး","Christian Scripture inspired by God the Holy Spirit for teaching, rebuking, correcting, and training in righteousness with the Myanmar Burmese Judson Bible, မြန်မာမြန်မာယုဒသန်သမ်မာကမျြး, Myanmar Burmese, မြန်မာဘာသာ.",my,"Christian,Holy,Bible,Scripture,Word,salvation,grace,truth,doctrine,teaching,help,hope,inspired,teach,rebuke,correct,train,Myanmar Burmese Judson Bible, မြန်မာမြန်မာယုဒသန်သမ်မာကမျြး,Myanmar Burmese, မြန်မာဘာသာ",Holy Bible Aionian Edition®,"Holy Bible Aionian Edition® Myanmar Burmese Judson Bible, မြန်မာမြန်မာယုဒသန်သမ်မာကမျြး Myanmar Burmese, မြန်မာဘာသာ"
"Japanese Meiji-yaku 1953, 明治元訳「舊約聖書」","Christian Scripture inspired by God the Holy Spirit for teaching, rebuking, correcting, and training in righteousness with the Japanese Meiji-yaku 1953, 明治元訳「舊約聖書」, Japanese, 日本語.",ja,"Christian,Holy,Bible,Scripture,Word,salvation,grace,truth,doctrine,teaching,help,hope,inspired,teach,rebuke,correct,train,Japanese Meiji-yaku 1953, 明治元訳「舊約聖書」,Japanese, 日本語",Holy Bible Aionian Edition®,"Holy Bible Aionian Edition® Japanese Meiji-yaku 1953, 明治元訳「舊約聖書」 Japanese, 日本語"
"Greek Majority Text NT, H Καινή Διαθήκη","Christian Scripture inspired by God the Holy Spirit for teaching, rebuking, correcting, and training in righteousness with the Greek Majority Text NT, H Καινή Διαθήκη, Greek, Koine, Ελληνική.",el,"Christian,Holy,Bible,Scripture,Word,salvation,grace,truth,doctrine,teaching,help,hope,inspired,teach,rebuke,correct,train,Greek Majority Text NT, H Καινή Διαθήκη,Greek, Koine, Ελληνική",Holy Bible Aionian Edition®,"Holy Bible Aionian Edition® Greek Majority Text NT, H Καινή Διαθήκη Greek, Koine, Ελληνική"
"Riveduta Italian Bible 1927, Riveduta Italiano Bibbia","Christian Scripture inspired by God the Holy Spirit for teaching, rebuking, correcting, and training in righteousness with the Riveduta Italian Bible 1927, Riveduta Italiano Bibbia, Italian, Italiano.",it,"Christian,Holy,Bible,Scripture,Word,salvation,grace,truth,doctrine,teaching,help,hope,inspired,teach,rebuke,correct,train,Riveduta Italian Bible 1927, Riveduta Italiano Bibbia,Italian, Italiano",Holy Bible Aionian Edition®,"Holy Bible Aionian Edition® Riveduta Italian Bible 1927, Riveduta Italiano Bibbia Italian, Italiano"
"Spanish Sencillo Bible, La Biblia en Español Sencillo","Christian Scripture inspired by God the Holy Spirit for teaching, rebuking, correcting, and training in righteousness with the Spanish Sencillo Bible, La Biblia en Español Sencillo, Spanish, Español.",es,"Christian,Holy,Bible,Scripture,Word,salvation,grace,truth,doctrine,teaching,help,hope,inspired,teach,rebuke,correct,train,Spanish Sencillo Bible, La Biblia en Español Sencillo,Spanish, Español",Holy Bible Aionian Edition®,"Holy Bible Aionian Edition® Spanish Sencillo Bible, La Biblia en Español Sencillo Spanish, Español"
"Hindi Bible, पवित्र बाइबिल","Christian Scripture inspired by God the Holy Spirit for teaching, rebuking, correcting, and training in righteousness with the Hindi Bible, पवित्र बाइबिल, Hindi, हिन्दी.",hi,"Christian,Holy,Bible,Scripture,Word,salvation,grace,truth,doctrine,teaching,help,hope,inspired,teach,rebuke,correct,train,Hindi Bible, पवित्र बाइबिल,Hindi, हिन्दी",Holy Bible Aionian Edition®,"Holy Bible Aionian Edition® Hindi Bible, पवित्र बाइबिल Hindi, हिन्दी"
"Webster Version, Revised","Christian Scripture inspired by God the Holy Spirit for teaching, rebuking, correcting, and training in righteousness with the Webster Version, Revised, English.",en,"Christian,Holy,Bible,Scripture,Word,salvation,grace,truth,doctrine,teaching,help,hope,inspired,teach,rebuke,correct,train,Webster Version, Revised,English",Holy Bible Aionian Edition®,"Holy Bible Aionian Edition® Webster Version, Revised English"
"Somali Bible, Kitaabka Quduuska Ah","Christian Scripture inspired by God the Holy Spirit for teaching, rebuking, correcting, and training in righteousness with the Somali Bible, Kitaabka Quduuska Ah, Somali.",so,"Christian,Holy,Bible,Scripture,Word,salvation,grace,truth,doctrine,teaching,help,hope,inspired,teach,rebuke,correct,train,Somali Bible, Kitaabka Quduuska Ah,Somali",Holy Bible Aionian Edition®,"Holy Bible Aionian Edition® Somali Bible, Kitaabka Quduuska Ah Somali"
Brenton English Septuagint,"Christian Scripture inspired by God the Holy Spirit for teaching, rebuking, correcting, and training in righteousness with the Brenton English Septuagint, English.",en,"Christian,Holy,Bible,Scripture,Word,salvation,grace,truth,doctrine,teaching,help,hope,inspired,teach,rebuke,correct,train,Brenton English Septuagint,English",Holy Bible Aionian Edition®,Holy Bible Aionian Edition® Brenton English Septuagint English
"Arapaho Luke, Hethadenee waunauyaunee vadan Luke Vanenāna","Christian Scripture inspired by God the Holy Spirit for teaching, rebuking, correcting, and training in righteousness with the Arapaho Luke, Hethadenee waunauyaunee vadan Luke Vanenāna, Arapaho.",,"Christian,Holy,Bible,Scripture,Word,salvation,grace,truth,doctrine,teaching,help,hope,inspired,teach,rebuke,correct,train,Arapaho Luke, Hethadenee waunauyaunee vadan Luke Vanenāna,Arapaho",Holy Bible Aionian Edition®,"Holy Bible Aionian Edition® Arapaho Luke, Hethadenee waunauyaunee vadan Luke Vanenāna Arapaho"
Aionian Bible,"Christian Scripture inspired by God the Holy Spirit for teaching, rebuking, correcting, and training in righteousness with the Aionian Bible, English.",en,"Christian,Holy,Bible,Scripture,Word,salvation,grace,truth,doctrine,teaching,help,hope,inspired,teach,rebuke,correct,train,Aionian Bible,English",Holy Bible Aionian Edition®,Holy Bible Aionian Edition® Aionian Bible English
"Clementine Vulgate 1598, Bibbia Vulgata Clementina","Christian Scripture inspired by God the Holy Spirit for teaching, rebuking, correcting, and training in righteousness with the Clementine Vulgate 1598, Bibbia Vulgata Clementina, Latin, Latine.",la,"Christian,Holy,Bible,Scripture,Word,salvation,grace,truth,doctrine,teaching,help,hope,inspired,teach,rebuke,correct,train,Clementine Vulgate 1598, Bibbia Vulgata Clementina,Latin, Latine",Holy Bible Aionian Edition®,"Holy Bible Aionian Edition® Clementine Vulgate 1598, Bibbia Vulgata Clementina Latin, Latine"
"Oriya Bible, ଓଡିଆ ବାଇବେଲ","Christian Scripture inspired by God the Holy Spirit for teaching, rebuking, correcting, and training in righteousness with the Oriya Bible, ଓଡିଆ ବାଇବେଲ, Oriya, ଓଡ଼ିଆ.",or,"Christian,Holy,Bible,Scripture,Word,salvation,grace,truth,doctrine,teaching,help,hope,inspired,teach,rebuke,correct,train,Oriya Bible, ଓଡିଆ ବାଇବେଲ,Oriya, ଓଡ଼ିଆ",Holy Bible Aionian Edition®,"Holy Bible Aionian Edition® Oriya Bible, ଓଡିଆ ବାଇବେଲ Oriya, ଓଡ଼ିଆ"
Free Bible Version,"Christian Scripture inspired by God the Holy Spirit for teaching, rebuking, correcting, and training in righteousness with the Free Bible Version, English.",en,"Christian,Holy,Bible,Scripture,Word,salvation,grace,truth,doctrine,teaching,help,hope,inspired,teach,rebuke,correct,train,Free Bible Version,English",Holy Bible Aionian Edition®,Holy Bible Aionian Edition® Free Bible Version English
"Urdu Bible, Devanagari, उर्दू बाइबिल, देवनागरी","Christian Scripture inspired by God the Holy Spirit for teaching, rebuking, correcting, and training in righteousness with the Urdu Bible, Devanagari, उर्दू बाइबिल, देवनागरी, Urdu, उर्दू.",ur,"Christian,Holy,Bible,Scripture,Word,salvation,grace,truth,doctrine,teaching,help,hope,inspired,teach,rebuke,correct,train,Urdu Bible, Devanagari, उर्दू बाइबिल, देवनागरी,Urdu, उर्दू",Holy Bible Aionian Edition®,"Holy Bible Aionian Edition® Urdu Bible, Devanagari, उर्दू बाइबिल, देवनागरी Urdu, उर्दू"
"Greek NT Nestle 1904, H Καινή Διαθήκη","Christian Scripture inspired by God the Holy Spirit for teaching, rebuking, correcting, and training in righteousness with the Greek NT Nestle 1904, H Καινή Διαθήκη, Greek, Koine, Ελληνική.",el,"Christian,Holy,Bible,Scripture,Word,salvation,grace,truth,doctrine,teaching,help,hope,inspired,teach,rebuke,correct,train,Greek NT Nestle 1904, H Καινή Διαθήκη,Greek, Koine, Ελληνική",Holy Bible Aionian Edition®,"Holy Bible Aionian Edition® Greek NT Nestle 1904, H Καινή Διαθήκη Greek, Koine, Ελληνική"
"Greek NT Byzantine / Majority Text, H Καινή Διαθήκη","Christian Scripture inspired by God the Holy Spirit for teaching, rebuking, correcting, and training in righteousness with the Greek NT Byzantine / Majority Text, H Καινή Διαθήκη, Greek, Byzantine, Ελληνική.",el,"Christian,Holy,Bible,Scripture,Word,salvation,grace,truth,doctrine,teaching,help,hope,inspired,teach,rebuke,correct,train,Greek NT Byzantine / Majority Text, H Καινή Διαθήκη,Greek, Byzantine, Ελληνική",Holy Bible Aionian Edition®,"Holy Bible Aionian Edition® Greek NT Byzantine / Majority Text, H Καινή Διαθήκη Greek, Byzantine, Ελληνική"
"Free Portuguese Bible, Bíblia Livre Portuguesa","Christian Scripture inspired by God the Holy Spirit for teaching, rebuking, correcting, and training in righteousness with the Free Portuguese Bible, Bíblia Livre Portuguesa, Portuguese, Língua Portuguesa.",pt,"Christian,Holy,Bible,Scripture,Word,salvation,grace,truth,doctrine,teaching,help,hope,inspired,teach,rebuke,correct,train,Free Portuguese Bible, Bíblia Livre Portuguesa,Portuguese, Língua Portuguesa",Holy Bible Aionian Edition®,"Holy Bible Aionian Edition® Free Portuguese Bible, Bíblia Livre Portuguesa Portuguese, Língua Portuguesa"
American Standard Version 1901,"Christian Scripture inspired by God the Holy Spirit for teaching, rebuking, correcting, and training in righteousness with the American Standard Version 1901, English.",en,"Christian,Holy,Bible,Scripture,Word,salvation,grace,truth,doctrine,teaching,help,hope,inspired,teach,rebuke,correct,train,American Standard Version 1901,English",Holy Bible Aionian Edition®,Holy Bible Aionian Edition® American Standard Version 1901 English
Revised Version 1895,"Christian Scripture inspired by God the Holy Spirit for teaching, rebuking, correcting, and training in righteousness with the Revised Version 1895, English.",en,"Christian,Holy,Bible,Scripture,Word,salvation,grace,truth,doctrine,teaching,help,hope,inspired,teach,rebuke,correct,train,Revised Version 1895,English",Holy Bible Aionian Edition®,Holy Bible Aionian Edition® Revised Version 1895 English
"Spanish Reina Valera Bible 1909, Español Santa Biblia","Christian Scripture inspired by God the Holy Spirit for teaching, rebuking, correcting, and training in righteousness with the Spanish Reina Valera Bible 1909, Español Santa Biblia, Spanish, Español.",es,"Christian,Holy,Bible,Scripture,Word,salvation,grace,truth,doctrine,teaching,help,hope,inspired,teach,rebuke,correct,train,Spanish Reina Valera Bible 1909, Español Santa Biblia,Spanish, Español",Holy Bible Aionian Edition®,"Holy Bible Aionian Edition® Spanish Reina Valera Bible 1909, Español Santa Biblia Spanish, Español"
"Hawaiian Bible 1868, Baibala Hemolele","Christian Scripture inspired by God the Holy Spirit for teaching, rebuking, correcting, and training in righteousness with the Hawaiian Bible 1868, Baibala Hemolele, Hawaiian, Ōlelo Hawai'i.",,"Christian,Holy,Bible,Scripture,Word,salvation,grace,truth,doctrine,teaching,help,hope,inspired,teach,rebuke,correct,train,Hawaiian Bible 1868, Baibala Hemolele,Hawaiian, Ōlelo Hawai'i",Holy Bible Aionian Edition®,"Holy Bible Aionian Edition® Hawaiian Bible 1868, Baibala Hemolele Hawaiian, Ōlelo Hawai'i"
Weymouth New Testament,"Christian Scripture inspired by God the Holy Spirit for teaching, rebuking, correcting, and training in righteousness with the Weymouth New Testament, English.",en,"Christian,Holy,Bible,Scripture,Word,salvation,grace,truth,doctrine,teaching,help,hope,inspired,teach,rebuke,correct,train,Weymouth New Testament,English",Holy Bible Aionian Edition®,Holy Bible Aionian Edition® Weymouth New Testament English
"Church Slavonic Elizabeth Bible, Библия церковно-славянском языке","Christian Scripture inspired by God the Holy Spirit for teaching, rebuking, correcting, and training in righteousness with the Church Slavonic Elizabeth Bible, Библия церковно-славянском языке, Slavonic, Church, церковно-славянском.",cu,"Christian,Holy,Bible,Scripture,Word,salvation,grace,truth,doctrine,teaching,help,hope,inspired,teach,rebuke,correct,train,Church Slavonic Elizabeth Bible, Библия церковно-славянском языке,Slavonic, Church, церковно-славянском",Holy Bible Aionian Edition®,"Holy Bible Aionian Edition® Church Slavonic Elizabeth Bible, Библия церковно-славянском языке Slavonic, Church, церковно-славянском"
World Messianic Bible,"Christian Scripture inspired by God the Holy Spirit for teaching, rebuking, correcting, and training in righteousness with the World Messianic Bible, English.",en,"Christian,Holy,Bible,Scripture,Word,salvation,grace,truth,doctrine,teaching,help,hope,inspired,teach,rebuke,correct,train,World Messianic Bible,English",Holy Bible Aionian Edition®,Holy Bible Aionian Edition® World Messianic Bible English
One Unity Resource Bible,"Christian Scripture inspired by God the Holy Spirit for teaching, rebuking, correcting, and training in righteousness with the One Unity Resource Bible, English.",en,"Christian,Holy,Bible,Scripture,Word,salvation,grace,truth,doctrine,teaching,help,hope,inspired,teach,rebuke,correct,train,One Unity Resource Bible,English",Holy Bible Aionian Edition®,Holy Bible Aionian Edition® One Unity Resource Bible English
"Arabic Van Dyck Bible, الكتاب المقدس باللغة العربية، فان دايك","Christian Scripture inspired by God the Holy Spirit for teaching, rebuking, correcting, and training in righteousness with the Arabic Van Dyck Bible, الكتاب المقدس باللغة العربية، فان دايك, Arabic, العربية.",ar,"Christian,Holy,Bible,Scripture,Word,salvation,grace,truth,doctrine,teaching,help,hope,inspired,teach,rebuke,correct,train,Arabic Van Dyck Bible, الكتاب المقدس باللغة العربية، فان دايك,Arabic, العربية",Holy Bible Aionian Edition®,"Holy Bible Aionian Edition® Arabic Van Dyck Bible, الكتاب المقدس باللغة العربية، فان دايك Arabic, العربية"
Louis Segond French Bible 1910,"Christian Scripture inspired by God the Holy Spirit for teaching, rebuking, correcting, and training in righteousness with the Louis Segond French Bible 1910, French, Français.",fr,"Christian,Holy,Bible,Scripture,Word,salvation,grace,truth,doctrine,teaching,help,hope,inspired,teach,rebuke,correct,train,Louis Segond French Bible 1910,French, Français",Holy Bible Aionian Edition®,"Holy Bible Aionian Edition® Louis Segond French Bible 1910 French, Français"
"Greek NT Westcott / Hort, H Καινή Διαθήκη","Christian Scripture inspired by God the Holy Spirit for teaching, rebuking, correcting, and training in righteousness with the Greek NT Westcott / Hort, H Καινή Διαθήκη, Greek, Koine, Ελληνική.",el,"Christian,Holy,Bible,Scripture,Word,salvation,grace,truth,doctrine,teaching,help,hope,inspired,teach,rebuke,correct,train,Greek NT Westcott / Hort, H Καινή Διαθήκη,Greek, Koine, Ελληνική",Holy Bible Aionian Edition®,"Holy Bible Aionian Edition® Greek NT Westcott / Hort, H Καινή Διαθήκη Greek, Koine, Ελληνική"
"Russian Synodal Translation, Синодальный перевод","Christian Scripture inspired by God the Holy Spirit for teaching, rebuking, correcting, and training in righteousness with the Russian Synodal Translation, Синодальный перевод, Russian, русский.",ru,"Christian,Holy,Bible,Scripture,Word,salvation,grace,truth,doctrine,teaching,help,hope,inspired,teach,rebuke,correct,train,Russian Synodal Translation, Синодальный перевод,Russian, русский",Holy Bible Aionian Edition®,"Holy Bible Aionian Edition® Russian Synodal Translation, Синодальный перевод Russian, русский"
"Kannada Bible, ಕನ್ನಡ ಬೈಬಲ್","Christian Scripture inspired by God the Holy Spirit for teaching, rebuking, correcting, and training in righteousness with the Kannada Bible, ಕನ್ನಡ ಬೈಬಲ್, Kannada, ಕನ್ನಡ.",kn,"Christian,Holy,Bible,Scripture,Word,salvation,grace,truth,doctrine,teaching,help,hope,inspired,teach,rebuke,correct,train,Kannada Bible, ಕನ್ನಡ ಬೈಬಲ್,Kannada, ಕನ್ನಡ",Holy Bible Aionian Edition®,"Holy Bible Aionian Edition® Kannada Bible, ಕನ್ನಡ ಬೈಬಲ್ Kannada, ಕನ್ನಡ"
"Diodati Italian Bible 1649, Diodati Italiano Bibbia","Christian Scripture inspired by God the Holy Spirit for teaching, rebuking, correcting, and training in righteousness with the Diodati Italian Bible 1649, Diodati Italiano Bibbia, Italian, Italiano.",it,"Christian,Holy,Bible,Scripture,Word,salvation,grace,truth,doctrine,teaching,help,hope,inspired,teach,rebuke,correct,train,Diodati Italian Bible 1649, Diodati Italiano Bibbia,Italian, Italiano",Holy Bible Aionian Edition®,"Holy Bible Aionian Edition® Diodati Italian Bible 1649, Diodati Italiano Bibbia Italian, Italiano"
"Open Scriptures Hebrew Bible, כתבי הקודש","Christian Scripture inspired by God the Holy Spirit for teaching, rebuking, correcting, and training in righteousness with the Open Scriptures Hebrew Bible, כתבי הקודש, Hebrew, עברית.",he,"Christian,Holy,Bible,Scripture,Word,salvation,grace,truth,doctrine,teaching,help,hope,inspired,teach,rebuke,correct,train,Open Scriptures Hebrew Bible, כתבי הקודש,Hebrew, עברית",Holy Bible Aionian Edition®,"Holy Bible Aionian Edition® Open Scriptures Hebrew Bible, כתבי הקודש Hebrew, עברית"
God's Living Word,"Christian Scripture inspired by God the Holy Spirit for teaching, rebuking, correcting, and training in righteousness with the God's Living Word, English.",en,"Christian,Holy,Bible,Scripture,Word,salvation,grace,truth,doctrine,teaching,help,hope,inspired,teach,rebuke,correct,train,God's Living Word,English",Holy Bible Aionian Edition®,Holy Bible Aionian Edition® God's Living Word English
"Tongan Bible, Revised West","Christian Scripture inspired by God the Holy Spirit for teaching, rebuking, correcting, and training in righteousness with the Tongan Bible, Revised West, Tongan.",to,"Christian,Holy,Bible,Scripture,Word,salvation,grace,truth,doctrine,teaching,help,hope,inspired,teach,rebuke,correct,train,Tongan Bible, Revised West,Tongan",Holy Bible Aionian Edition®,"Holy Bible Aionian Edition® Tongan Bible, Revised West Tongan"
World English Bible,"Christian Scripture inspired by God the Holy Spirit for teaching, rebuking, correcting, and training in righteousness with the World English Bible, English.",en,"Christian,Holy,Bible,Scripture,Word,salvation,grace,truth,doctrine,teaching,help,hope,inspired,teach,rebuke,correct,train,World English Bible,English",Holy Bible Aionian Edition®,Holy Bible Aionian Edition® World English Bible English
"Breton Gospels, an Bibl","Christian Scripture inspired by God the Holy Spirit for teaching, rebuking, correcting, and training in righteousness with the Breton Gospels, an Bibl, Breton, Brezhoneg.",br,"Christian,Holy,Bible,Scripture,Word,salvation,grace,truth,doctrine,teaching,help,hope,inspired,teach,rebuke,correct,train,Breton Gospels, an Bibl,Breton, Brezhoneg",Holy Bible Aionian Edition®,"Holy Bible Aionian Edition® Breton Gospels, an Bibl Breton, Brezhoneg"
"Swedish Bible 1873, Svensk Bibel","Christian Scripture inspired by God the Holy Spirit for teaching, rebuking, correcting, and training in righteousness with the Swedish Bible 1873, Svensk Bibel, Swedish, Svensk.",sv,"Christian,Holy,Bible,Scripture,Word,salvation,grace,truth,doctrine,teaching,help,hope,inspired,teach,rebuke,correct,train,Swedish Bible 1873, Svensk Bibel,Swedish, Svensk",Holy Bible Aionian Edition®,"Holy Bible Aionian Edition® Swedish Bible 1873, Svensk Bibel Swedish, Svensk"
"Chinese Union Version Traditional, 新標點和合本","Christian Scripture inspired by God the Holy Spirit for teaching, rebuking, correcting, and training in righteousness with the Chinese Union Version Traditional, 新標點和合本, Chinese, 漢語.",zh-Hant,"Christian,Holy,Bible,Scripture,Word,salvation,grace,truth,doctrine,teaching,help,hope,inspired,teach,rebuke,correct,train,Chinese Union Version Traditional, 新標點和合本,Chinese, 漢語",Holy Bible Aionian Edition®,"Holy Bible Aionian Edition® Chinese Union Version Traditional, 新標點和合本 Chinese, 漢語"
"Clementine Vulgate, Conte, Bibbia Vulgata Clementina","Christian Scripture inspired by God the Holy Spirit for teaching, rebuking, correcting, and training in righteousness with the Clementine Vulgate, Conte, Bibbia Vulgata Clementina, Latin, Latine.",la,"Christian,Holy,Bible,Scripture,Word,salvation,grace,truth,doctrine,teaching,help,hope,inspired,teach,rebuke,correct,train,Clementine Vulgate, Conte, Bibbia Vulgata Clementina,Latin, Latine",Holy Bible Aionian Edition®,"Holy Bible Aionian Edition® Clementine Vulgate, Conte, Bibbia Vulgata Clementina Latin, Latine"
