0,jobTitle,2,telephone
Mohamed Abdallah,General Manager,,+201222126773
Nadal Jweihan,Deputy Executive Director,,+962 6 5699631/2
Ahmad Abed Ahmad,Logistics officer,,"['00962790836506', '009624120077']"
Raya Agontseva-Petkova,Sales manager,,+359 88 462 4654
International marketing Waleed Abass,International Marketing,+20 45 3922922,"['+20 45 3922922', '+20 120 529 0182']"
Ahmad Abudeyeh,,+962 7 9753 3733,+962 7 9753 3733
Davide Parisi,CEO,,+39 320 629 0496
Ana Blanca Gonzalez,Commercial Area,,3318945845
DR. AHMED ABOUHEGAZY,Chairman,,"['+20 111 710 7676', '+20 100 336 7897']"
Mersin office branch manager mehmet ayan,branch manager,,00905303852086
Dott. Massimo Bellotti,,+39 080 477 1420,"['+39 344 039 1956', '+39 080 477 1440']"
Ankit Bhargava,Vice President Marketing,+91 22 39559327,+91 22 39559393
Claudia Marini,"['Organic and export manager Fresh products', 'Organic and export manager']",,"['00390113975643', '00393425456224']"
José Antonio Gómez,Managing Director of Camposol International,+511 475-0789,+51 1 634-7100
Thomas Andersson,General Manager,,+34 968 486704
Valentina Varvaritsa,Head of Import Dept.,,+7 495 280-02-01 ext. 322
Athanas Sayumwe,,-,"['+255784625582', '+255754381824']"
Pavlos Apostolidis,,+30 2683 041956,"['+30 2683 041927', '+30 697 442 6195']"
Robb Bertels,Retail Category Manager/Business Development,+1 408-778-7751,"['+1 408-695-1136', '+1 408-778-7758']"
Baset Elbahy,Imports & Exports Manager,,+30 698 008 9400
CEO Tarifit Ahmed,,+212 5362-50296,"['+212 661-063282', '+212 5362-50296']"
Paul Devlin,"['Managing Director - Europe', 'Managing Director - Europe Fresh products']",+44 1892 724916,+44 1892 723488
jaime espinosa,President,,+1 786-707-7647
Miguel Ángel Navarro,General Manager,+34 954675922,+34 954999450
George Kallitsis,"['Export Director', 'Export Director Productos frescos']",+30 231 0754 211,"['+30 697 2822060', '+30 231 0289 195']"
Hila Nagel,Marketing Communications,,"['+972-52-609-7349', '+972-4-612-3514']"
Luca Muratori,"['Sales Manager', 'Sales Manager Fresh products']",,+39 035 683702
Frédéric Alberny,,+33 4 68 68 67 31,+33 4 68 68 67 19
Gregory Goodopoulos,CEO,,+30 697 492 1326
Telmo Ashish,Co-Manager/ Quality Surveyor,,
Charalambos Anastasiou,,+357 24 634360,+357 24 635551
Chris Georgopoulos,Social media / Communication manager,,"['+30 2351 091620', '+30 698 195 1605']"
Jose Calatayud,Export Manager,,+34 96 3911591
Karel Van Velthoven,Customer Engagement Manager,+3211249199,+3211249191
Elad Mardix,"['President', 'President Services']",,+972543666838
HISHAM AL TAJI,"['General Manager Fresh products', 'General Manager']",,+962 7 8623 1222
Lara Campesato,,+39 0521 548884,+39 0521 836738
WALID ABDELRASHID BASIOUNY GOUMA,,002 03 4842758,"['002 01021579111', '002 03 4842756']"
DANG PHUC NGUYEN,Secretary General,,+84 (0) 913805820
Daniel Jazxhi,Head of Marketing and External Affairs,,+355 69 691 3992
Ghassan Abuissa,Area Seed Unit Manager,+962 6 593 9873,+962 7 9691 9159
Boonmee Wongshotisatit,Managing Director,662 529 3348,"['6681 831 8769', '66 2 5293340']"
Mike Wilkes,Director of Business Development,,+1 604-806-6110
Poonye Akilaish,Director,,+230 5795 2450
Katerina Katri,Fresh products,,"['+30 26830 42070', '+30 698 0850402']"
Caroline BASSET,Marketing Manager,+33 321 503 641,+33 674 830 296
Guus Treuen,Managing Director,,+31 77 475 2002
Brian Faulkner,"['VP Business Development & Marketing Fresh products', 'VP Business Development & Marketing']",,604-946-3139
Charles-Henri Faure,Chief Technical Officer,,+41 79 374 24 16
Hany El Naggar,Vice President,+20 3 4837595,"['+2 01227715151', '+20 127 715151']"
Valon Bahtiri,"['Owner Fresh products', 'Owner']",+31174289992,"['+31174245543', '+31630007700']"
Nino Melitauri,Executive director,+995 558 29 91 83,+995558299183
(PhD) Wilhard Mlay,,+255 752 771 709,+255 754 393 302
Jorge Arangurí Carranza,Director,,+51 44 252574 Ext.101
Aniss BENCHABANE,Head of Department,,+213 782 06 56 65
Florian Hornstein,Head of Sales,,0751/808-255
Efthymios Balanis,,+30 2464031924,+30 2464031333
Mary-Francis Andrade,Trade Promotion Coordinator,+593 4 2925580,+593 4 2925423
Poonye Akilaish,"['Director Fresh products', 'Director']",,"['+230 5795 2450', '4211444']"
Debby Wang,International business manager,,+86 13141463919
Ruben Huber,"['Founder & Director', 'Founder & Director Logistik']",,+41 78 693 88 66
Lucas Lucas De Oliveira,,+55 11 3957-6625,"['+55 11 94369-8562', '+55 11 3957-6625']"
Engineer Tamer Abu Judom,Partner,,"['+962 7 7566 6060', '+962 6 566 6060']"
Director Anoir Dhimi,Director,,"['+212624216689', '+447985309309']"
Engineer in business administration Marcos Cedeño,CEO-Co Founder,,+593 99 309 4636
Huseyin Atinc,Managing Director,+90 232 892 8561,"['+905327892624', '+90 232 892 8560']"
Glenn Behrman,,+1 305-505-0970,+1 305-505-0970
Luan Meraku,Head of Production,,+386 49 812 218
DOAN TRONG TIEN,Trade Specialist,,+84 90 372 05 02
Jurgen De Witte,General Manager,,+32 2 2420876
Rafał Miśkowiec,Owner,,+48 660 66 59 59
Sales and Marketing Supervisor Despoina-Anna Archatzikakis,,+302621033365,"['+306936624433', '+302621033365']"
Bilal Asgenaz,Export & Marketing Manager,,+90 536 860 8236
Yianni Georgoulias,,+30 21 0777 4949,"['+30 21 0777 4949', '+30 694 633 3833']"
Sofia Comporta,Export Manager,,+
Sibel Abudaram,Export manager,,+90 5322973110
Miguel Angel Jiménez Bosque,Managing Director,+34 968 337 726,+34 626 022 485
Mahmoued Abdulrahim,CEO,+20 111 104 0462,"['+20 100 222 6237', '+20 111 104 0462']"
Denise Baths,Marketing,+31 (0)72 5625407,31 (0)72 5612700
Camilla Khrulova,,+46 70 880 04 90,+46 70 880 04 90
Mary-Francis Andrade,,+593 42 292 910,"['+593 42 287123', '+593 99 412 309']"
Thomas Erdmann,,+49 621 33840-161,+49 621 33840-114
Daniel Ghadiri,"['CTO & President Technical systems', 'CTO & President']",,
Angelika Dawiec,Office worker,,+696 700 774
Darryl Poisson,Managing Director,+27 31 902 6818,"['+27 82 929 4000', '+27 31 913 1800']"
Vito Cifarelli,"['Sales & Marketing Manager Fresh products', 'Sales & Marketing Manager']",,+393476377685
Aart Jan Bos,Salesmanager,+31 174 510009,+31 174 526100
Sean Carson,"Director of Market Development EMEA, AUS/NZ",+1 902-468-3474,"['+1 902-468-2840', '+1 902-209-9233']"
Enzo Bassi,"['Engineer Logistik', 'Engineer']",,"['+39 0461 171 5220', '+39 335 688 9664']"
Charilaos Bacharis,International Business Development Manager,,"['+30 693 695 9351', '+306936959351']"
J.W.H. van der Waal,General Manager,,0031180643900
George Papagiannis,"['Sales & Marketing Manager', 'Sales & Marketing Manager Technical systems']",+30 210 9875040,+30 210 9875042
Igor Despotovski,Head of Unit,,+ 38970 403 826
Nada Ayad,"['Board Member', 'Board Member Fresh products']",,+20 1002406702
Miguel Fernandez,"['Assessment and Development Director Frische Produkte', 'Assessment and Development Director']",,"['+52 1 232 113 2887', '+52 228 813 6050']"
David Blazevski,CEO,,"['+1 415-666-2275', '+381 61 6945111']"
Agritech Equipment & Services Pvt. Ltd Mr. Dinesh Goswamy,"['Director Sistemas técnicos', 'Director']",,"['++91-9810510375', '+91 11 2559 5119']"
Nick Afanasiev,Business Development Manager,,+380 50 816 3166
Abdallah Abu Ayyash,"['Chief Operating Officer, Engineer', 'Chief Operating Officer, Engineer Frische Produkte']",,"['+962 7 9000 1929', '+962 7 9656 5613']"
Nick Nafpliotis,Director,+30 210 2713683,+30 210 2723120
George Gviniashvili,CEO,+995 322 95 72 42,+995 577 55 03 14
Sarah Neale,Director of Marketing,+44 (0)1223 873401,+44 (0)1223 873400
Agron Mehmeti,Executive Director,,"['+38971343926', '+38349674704']"
Iyad Abu Awad,"General manager, board member, director, president, head of agency or similar",,"['+962777675777', '+96265677466']"
Jovana Djordjic,Marketing Director,,"['+381 69 4069444', '+1 415-666-2275']"
