0,1,2,3,4,alternativeHeadline,6,7,8,9,10
"['James A. (Jim) Baker', 'Sales 10.0']",978-1-886298-43-9,Jan 2015,224.0,Perfect Bound,Blocking and Tackling Your Way to the Top,en,Bayou Publishing,4.5,9.0,$24.95
"['The Guys-Only Guide to Getting Over Divorce (eBook)', 'Sam J. Buser', 'Glenn F. Sternes']",978-1-886298-66-8,Feb 2009,352.0,Digital,"and on with Life, Sex, and Relationships",en,Bayou Publishing,4.5,9.0,$14.95
"['James A. (Jim) Baker', 'The Anger Busting Workbook (eBook)']",978-1-886298-61-3,Jan 2015,216.0,eBook,"Simple, Powerful Techniques for Managing Anger and Saving Relationships",en,Bayou Publishing,4.5,9.0,$14.95
"['School Counselor Tool Kit', 'Roger Leslie', 'Jamie Raser', 'Deborah Shelton']",,Jan 2015,0.0,Package,Top Tools for Succeeding as a School Counselor,en,Bayou Publishing,4.5,9.0,$195.00
"['Start Talking (eBook)', 'Janine Sherman', 'Mary Jo Rapini']",978-1-886298-65-1,Jan 2015,160.0,eBook,"A Girl's Guide for You and Your Mom about Health, Sex, or Whatever",en,Bayou Publishing,5.0,10.0,$12.95
"['James A. (Jim) Baker', 'The Sexual Harassment Workbook']",978-1-886298-53-8,Jan 2015,124.0,Perfect Bound,"Recognizing, Managing, and Preventing Sexual Harassment in the Workplace",en,Bayou Publishing,4.5,9.0,$24.95
"['James A. (Jim) Baker', 'Zen and the Art of Negotiation Bundle (Print & eBook)']",XP-621,Jan 2015,102.0,,"Simple, Effective Skills That Will Guarantee You the Edge in Any Negotiation",en,Bayou Publishing,4.5,9.0,$25.95
"['Start Talking', 'Janine Sherman', 'Mary Jo Rapini']",978-1-886298-31-6,Nov 2008,200.0,Perfect Bound,"A Girl's Guide for You and Your Mom about Health, Sex, or Whatever",en,Bayou Publishing,4.5,9.0,$12.95
"['James A. (Jim) Baker', 'The Anger Busting Workbook']",978-1-886298-19-4,Nov 2010,216.0,Perfect Bound,"Simple, Powerful Techniques for Managing Anger and Saving Relationships",en,Bayou Publishing,5.0,10.0,$14.95
"['The Five Minute Parent (eBook)', 'Deborah Shelton']",978-1-886298-64-4,Jan 2015,124.0,eBook,Fun & Fast Activities for You and Your Little Ones,en,Bayou Publishing,4.5,9.0,$3.33
"['James A. (Jim) Baker', 'Counseling and Training Guide (Bundle: eBook & Paperback)']",XP-503,,112.0,,for the Anger Busting Workbook,en,Bayou Publishing,5.0,10.0,30.95
"['20 Fun & Fast Activities', 'Deborah Shelton']",,Jun 2015,10.0,Booklet,for Children and Their Parents,en,Bayou Publishing,4.5,9.0,$12.50
"['The Guys-Only Guide to Getting Over Divorce', 'Sam J. Buser', 'Glenn F. Sternes']",978-1-886298-32-3,Feb 2009,352.0,Perfect Bound,"and on with Life, Sex, and Relationships",en,Bayou Publishing,5.0,10.0,$14.95
"['The Five Minute Parent', 'Deborah Shelton']",978-1-886298-13-2,Jan 1970,180.0,Perfect Bound,Fun & Fast Activities for You and Your Little Ones,en,Bayou Publishing,5.0,10.0,$3.33
"['Zen and the Art of Negotiation (eBook)', 'James A. (Jim) Baker']",978-1-886298-71-2,Jan 2015,102.0,,"Simple, Effective Skills That Will Guarantee You the Edge in Any Negotiation",en,Bayou Publishing,4.5,9.0,$24.95
"['James A. (Jim) Baker', 'The Sexual Harassment Workbook Bundle (Print & eBook)']",XP-607,Jan 2015,124.0,,"Recognizing, Managing, and Preventing Sexual Harassment in the Workplace",en,Bayou Publishing,4.5,9.0,$25.95
