0,1,partOfSeries,duration,url
Tower of God Season 1 Episode 5,"Bam’s team defends the crown from the looming Regulars. As they charge into battle one after alone, Bam is distracted by a lone girl. The Regulars attack Bam, but…",Tower of God,The Crown’s Fate,https://solarmovies4u.com/episode/tower-of-god-season-1-episode-5/
Tower of God Season 1 Episode 2,"Bam overcomes Headon’s test and ascends to the second level of the tower. “The Black March” Bam received from Yuri catches the attention of Khun, who toys with him. Together they aim for the top, but…",Tower of God,3/400,https://solarmovies4u.com/episode/tower-of-god-season-1-episode-2/
Tower of God Season 1 Episode 1,She wanted to see the stars. He wanted to be with her. What do you desire that you would give your life for? Only those with the strength to survive can acquire that which they seek at the top of the tower.,Tower of God,Ball,https://solarmovies4u.com/episode/tower-of-god-season-1-episode-1/
America’s Got Talent Season 15 Episode 3,,America's Got Talent,Auditions 3,https://solarmovies4u.com/episode/americas-got-talent-season-15-episode-3/
Tower of God Season 1 Episode 8,"Team A is awed by the overwhelming power of the Ranker. As the Regulars are attacked one after another in the dark, will Anaak make it to the exit? What is Khun’s next plan?",Tower of God,Khun’s Strategy,https://solarmovies4u.com/episode/tower-of-god-season-1-episode-8/
Tower of God Season 1 Episode 6,"What will Khun do after meeting Rachel? The position selection begins, and despite struggling with their assignments, the examinees grow closer. Meanwhile, someone watches them and ruminates from afar…",Tower of God,Position Selection,https://solarmovies4u.com/episode/tower-of-god-season-1-episode-6/
America’s Got Talent Season 15 Episode 5,,America's Got Talent,Auditions 5,https://solarmovies4u.com/episode/americas-got-talent-season-15-episode-5/
Tower of God Season 1 Episode 11,,Tower of God,Episode 11,https://solarmovies4u.com/episode/tower-of-god-season-1-episode-11/
Tower of God Season 1 Episode 4,"At the end of the first round of the Crown Game, Anaak, wielder of the ever-changing sword “The Green April,” sits upon the throne. Bam, Khun, and Rak wait for the right moment to participate. Will they survive until the end of this bonus game?",Tower of God,The Green April,https://solarmovies4u.com/episode/tower-of-god-season-1-episode-4/
Tower of God Season 1 Episode 7,"Several days have passed since Anaak and Endorsi’s feud came to a total stop. As the next “Tag” test is about to begin, dark clouds begin gathering around Bam again.",Tower of God,Lunch and Tag,https://solarmovies4u.com/episode/tower-of-god-season-1-episode-7/
Tower of God Season 1 Episode 3,"When Test Director Hansung Yu announces the subject of the test, Rak throws a tantrum, and Bam calms him. Meanwhile, the gears in Khun’s head alone are turning. Second by second, time moves forward. What will they do?",Tower of God,The Correct Door,https://solarmovies4u.com/episode/tower-of-god-season-1-episode-3/
Tower of God Season 1 Episode 9,"“My plan worked.” With this declaration, Endorsi kicks her own teammate. What was the true intention of her plan to gather all the Fishermen in one location and see how the Ranker would act?",Tower of God,The One-Horned Ogre,https://solarmovies4u.com/episode/tower-of-god-season-1-episode-9/
Tower of God Season 1 Episode 10,"Rachel suffers a grave wound. How will she feel about reuniting with Bam? As their various thoughts and intentions jumble together, each one reaches their own decision in order to move forward. What waits for them beyond their sadness?",Tower of God,Beyond the Sadness,https://solarmovies4u.com/episode/tower-of-god-season-1-episode-10/
Tower of God Season 1 Episode 12,,Tower of God,Episode 12,https://solarmovies4u.com/episode/tower-of-god-season-1-episode-12/
America’s Got Talent Season 15 Episode 2,"The auditions continue as variety acts of all types and contestants of all ages audition for the chance to win $1 million. The Golden Buzzer is back, allowing a lucky act the chance to go directly to the Live Shows to compete for America’s vote.",America's Got Talent,Auditions 2,https://solarmovies4u.com/episode/americas-got-talent-season-15-episode-2/
America’s Got Talent Season 15 Episode 4,,America's Got Talent,Auditions 4,https://solarmovies4u.com/episode/americas-got-talent-season-15-episode-4/
Tower of God Season 1 Episode 13,,Tower of God,Episode 13,https://solarmovies4u.com/episode/tower-of-god-season-1-episode-13/
America’s Got Talent Season 15 Episode 1,"Simon Cowell, Heidi Klum, Howie Mandel and host Terry Crews return with new judge Sofia Vergara. Variety acts and contestants audition for the chance to win $1 million. The Golden Buzzer offers five acts the chance to go directly to the Live Shows.",America's Got Talent,Auditions 1,https://solarmovies4u.com/episode/americas-got-talent-season-15-episode-1/
