0,director,duration,genre,4,countryOfOrigin,dateCreated
Mayo Chiki,Kavaguti Keyitiro,"TV (13 eps.), 25 min.","comedy, romance, school, ecchi",,Japan,08-07-2011
Kimagure Orange Road,Kobayasi Osamu,"TV (48 eps.), 25 min.","comedy, romance, daily, mystic",,Japan,06-04-1987
Black Cat,Itagaki Sin,"TV (23 eps. + spec.), 25 min.","adventure, comedy, fantastic",,Japan,07-10-2005
Gravitation,Sirahata Bob,"TV (13 eps.), 25 min.","syonen-ай, comedy",,Japan,04-10-2000
Itsuka Tenma no Kuro Usagi,Yamamoto Takasi,"TV (12 eps.), 25 min.","adventure, mystic, romance, school",,Japan,09-07-2011
Kiitarou Shounen no Youkai Enikki,Hirasava Hisaesi,"TV (12 eps.), 4 min.","comedy, daily",,Japan,05-10-2016
KissXsis,Nava Munenori,"TV (12 eps.), 25 min.","comedy, daily, ecchi",,Japan,05-04-2010
Azumanga Daiou,Nisikiori Hirosi,"TV (26 eps.), 25 min.","comedy, school",,Japan,09-04-2002
Green Green,Muto Yudzi,"TV (12 eps. + 9 spec.), 25 min.","comedy, romance, drama, ecchi",,Japan,13-07-2003
Kamikaze Kaitou Jeanne,Umedzava Acutosi,"TV (44 eps.), 25 min.","romance, comedy, magical girl, shoujo",,Japan,13-02-1999
Kimi ni Todoke,Kaburaki Hiro,"TV (25 eps.), 25 min.","romance, daily, school, shoujo",,Japan,07-10-2009
Chuubyou Gekihatsu Boy,Itikava Kadzuya,"TV (11 eps.), 25 min.","comedy, daily",,Japan,04-10-2019
I My Me! Strawberry Eggs,Yamaguti Yudzi,"TV (13 eps.), 25 min.","romance, comedy, school",,Japan,04-07-2001
Kimi ga Aruji de Shitsuji ga Ore de,Kudo Susumu,"TV (13 eps.), 25 min.","comedy, romance, ecchi",,Japan,06-01-2008
Inazuma Eleven,Akiyama Kacuhito,"TV (127 eps.), 25 min.","comedy, sport",,Japan,05-10-2008
Myself Yourself,Kuroda Yasuhiro,"TV (13 eps. + 4 spec.), 25 min.","romance, drama, school",,Japan,03-10-2007
King of Bandit Jing,Vatanabe Hirosi,"TV (13 eps.), 24 min.","adventure, comedy, fantastic",,Japan,08-05-2002
Nyan Koi,Kavaguti Keyitiro,"TV (12 eps.), 25 min.","comedy, romance, school",,Japan,02-10-2009
Beelzebub,Takamoto Nobuhiro,"TV (60 eps.), 25 min.","adventure, comedy, syonen",,Japan,09-01-2011
Chi's Sweet Home,Masuhara Micuyuki,"TV (104 eps.), 3 min.","comedy, daily",,Japan,31-03-2008
Amagami SS,Hirayke Esimasa,"TV (25 eps. + 7 spec.), 25 min.","romance, school",,Japan,02-07-2010
Mayoi Neko Overrun!,Itagaki Sin,"TV (13 eps.), 25 min.","comedy, daily, romance, ecchi",,Japan,06-04-2010
Mawaru Penguin Drum,Ikuhara Kunihiko,"TV (24 eps.), 25 min.","adventure, comedy, daily, drama",,Japan,08-07-2011
Bakumatsu Gijinden Roman,Ogura Hirofumi,"TV (12 eps.), 25 min.","adventure, comedy",,Japan,08-01-2013
Bananya,Yatate Ke,"TV (13 eps.), 3 min.",comedy,Bananya,Japan,04-07-2016
Busou Renkin,Kato Takao,"TV (26 eps.), 25 min.","adventure, comedy, mystic, syonen",,Japan,05-10-2006
Kawaikereba Hentai demo Suki ni Natte Kuremasu ka,Imadzaki Icuki,"TV (12 eps.), 25 min.","comedy, romance, ecchi",,Japan,08-07-2019
Chouyaku Hyakuninisshu: Uta Koi,Kasay Ken'iti,"TV (13 eps.), 25 min.","romance, drama, comedy",,Japan,03-07-2012
Nichijou,Isihara Tacuya,"TV (26 eps.), 25 min.","comedy, school, daily, parody",,Japan,03-04-2011
Accel World,Ohara Masakadzu,"TV (24 eps.), 25 min.","adventure, fantastic, school",,Japan,07-04-2012
Wakaba Girl,Vatanabe Masaharu,"TV (13 eps. + spec.), 8 min.","comedy, daily",,Japan,03-07-2015
Flowers of Evil,Nagahama Hirosi,"TV (13 eps.), 25 min.","drama, school",Aku no Hana,Japan,05-04-2013
Lovely Complex,Uda Konosuke,"TV (24 eps.), 25 min.","comedy, romance, shoujo",,Japan,07-04-2007
Futakoi,Tomisava Nobuo,"TV (13 eps.), 24 min.","romance, comedy, school",,Japan,07-10-2004
One Piece,Uda Konosuke,"TV (829 eps. + 7 spec.), 25 min.","adventure, comedy, fantasy, syonen",,Japan,20-10-1999
Kaguya-hime no Monogatari,Takahata Isao,"movie, 140 min.",drama,,Japan,23-11-2013
Kyouran Kazoku Nikki,Kuroda Yasuhiro,"TV (26 eps.), 25 min.","comedy, magical girl, parody",,Japan,13-04-2008
Chronicles of the Going Home Club,Sato Hikaru,"TV (12 eps.), 25 min.","comedy, school",Kitakubu Katsudou Kiroku,Japan,05-07-2013
D-Frag!,Sugavara Seyki,"TV (12 eps.), 25 min.","comedy, school",,Japan,07-01-2014
Full Moon wo Sagashite,Kato Tosiyuki,"TV (52 eps.), 25 min.","musical, romance, drama, shoujo",,Japan,06-04-2002
Kono Naka ni Hitori Imoto ga Iru,Nava Munenori,"TV (12 eps.), 25 min.","comedy, ecchi",,Japan,06-07-2012
Beyblade,Kavase Tosifumi,"TV (51 eps.), 20 min.","adventure, sport, comedy",Beyblade,Japan,08-01-2001
BECK,Kobayasi Osamu,"TV (26 eps.), 25 min.","comedy, drama, romance, musical",,Japan,07-10-2004
Ookami-san to Shichinin no Nakama-tachi,Ivasaki siaki,"TV (12 eps.), 25 min.","comedy, romance, parody",,Japan,01-07-2010
Night Wizard,Yamamoto Yusuke,"TV (13 eps.), 25 min.","adventure, comedy, fantasy",,Japan,03-10-2007
Mai-Otome,Ohara Masakadzu,"TV (26 eps. + 9 spec.), 25 min.","fantastic, comedy, magical girl, drama",,Japan,07-10-2005
Hidan no Aria,Vatanabe Takasi,"TV (12 eps. + spec.), 25 min.","adventure, comedy, school",,Japan,15-04-2011
Horizon in the Middle of Nowhere,Ono Manabu,"TV (13 eps.), 25 min.","adventure, comedy, fantastic, mecha",Kyoukai Senjou no Horizon,Japan,02-10-2011
Kill Me Baby!,Yamakava Esiki,"TV (13 eps.), 25 min.",comedy,,Japan,06-01-2012
Bobobo-bo Bo-bobo,Sibata Hiroki,"TV (76 eps.), 26 min.","comedy, parody, fantastic",,Japan,08-11-2003
Lucky Star,Yamamoto Yutaka,"TV (24 eps.), 25 min.","comedy, daily",,Japan,08-04-2007
Ninin ga Shinobuden,Macui Hitoyuki,"TV (12 eps.), 25 min.","comedy, parody",,Japan,10-07-2004
Kimi ga Nozomu Eien,Vatanabe Tecuya,"TV (14 eps. + 6 spec.), 25 min.","romance, drama, daily",,Japan,05-10-2003
Maken-ki!,Ohata Koyti,"TV (12 eps.), 25 min.","adventure, comedy, romance, ecchi",,Japan,05-10-2011
Mahou Tsukai ni Taisetsu na Koto,Simoda Masami,"TV (12 eps.), 23 min.","mystic, daily",,Japan,10-01-2003
The Sky Crawlers,Osii Mamoru,"movie, 121 min.","drama, daily",,Japan,02-08-2008
High School DxD,Yanagisava Tecuya,"TV (12 eps. + spec.ы), 25 min.","adventure, mystic, ecchi, comedy",,Japan,06-01-2012
Tokusou Senshatai Dominion,Furuse Noboru,"OVA (6 eps.), 30 min.","adventure, comedy, fantastic",,Japan,20-10-1993
Great Teacher Onizuka,Abe Noriyuki,"TV (43 eps. + 2 eps.-коллажа), 25 min.","school, drama, comedy",,Japan,30-06-1999
Melancholy of Haruhi Suzumiya,Isihara Tacuya,"TV (14 eps.), 25 min.","comedy, fantastic, school",,Japan,03-04-2006
Karin,Kimura Sin'itiro,"TV (24 eps.), 25 min.","comedy, romance, school",Karin,Japan,04-11-2005
Hidamari Sketch,Simbo Akiyuki,"TV (12 eps.), 25 min.","comedy, daily",,Japan,12-01-2007
07-Ghost,Takamoto Nobuhiro,"TV (25 eps.), 25 min.","adventure, comedy, mystic, drama",,Japan,07-04-2009
Hoshizora e Kakaru Hashi,Mihara Takenori,"TV (12 eps.), 25 min.","comedy, ecchi, school",,Japan,11-04-2011
Hetalia Axis Powers,Sirahata Bob,"ONA (52 eps. + 3 spec.), 5 min.","comedy, history, parody",,Japan,24-01-2009
Lamune,Takada Dzyun,"TV (12 eps.), 25 min.","romance, comedy, drama, daily",,Japan,11-10-2005
Erementar Gerad,Ueda Sigeru,"TV (26 eps.), 25 min.","fantasy, comedy, romance",,Japan,05-04-2005
Binbou Shimai Monogatari,Kaydzava Yukio,"TV (10 eps.), 25 min.","drama, comedy, daily",,Japan,30-06-2006
Love Hina,Ivasaki Esiaki,"TV (24 eps. + 2 spec.), 25 min.","romance, comedy, ecchi, school",,Japan,19-04-2000
Koi to Senkyo to Chocolate,Kitahata Toru,"TV (12 eps.), 25 min.","comedy, romance, school",,Japan,06-07-2012
C3: Cube x Cursed x Curious,Onuma Sin,"TV (12 eps. + spec.), 25 min.","adventure, mystic, school",,Japan,01-10-2011
Excel Saga,Vatanabe Sin'iti,"TV (25 eps. + spec.), 25 min.","adventure, comedy, parody",,Japan,08-10-1999
Astarotte no Omocha,Oydzaki Fumitosi,"TV (12 eps.), 25 min.","comedy, ecchi, mystic",,Japan,10-04-2011
Hana-Saku Iroha,Ando Masahiro,"TV (26 eps.), 25 min.","daily, drama, comedy",,Japan,03-04-2011
Gensou Maden Saiyuki,Date Hayato,"TV (50 eps.), 25 min.","adventure, comedy, fantasy",,Japan,04-04-2000
Nisemonogatari,Simbo Akiyuki,"TV (11 eps.), 25 min.","comedy, mystic, ecchi",,Japan,08-01-2012
Candy Candy,Imadzava Tecuo,"TV (115 eps.), 25 min.","romance, drama, daily, shoujo",,Japan,01-10-1976
Kokoro Connect,Onuma Sin,"TV (13 eps. + 4 spec.), 25 min.","comedy, romance, drama, school",,Japan,08-07-2012
Kimi to Boku,Kambe Mamoru,"TV (13 eps.), 25 min.","comedy, daily, school",,Japan,04-10-2011
Natsume Yuujinchou,Omori Takahiro,"TV (13 eps.), 25 min.","mystic, comedy, drama, shoujo",,Japan,08-07-2008
Kokuriko-zaka kara,Miyadzaki Goro,"movie, 95 min.","romance, school, shoujo",,Japan,16-07-2011
Gokusen,Sato Yudzo,"TV (13 eps.), 24 min.","comedy, drama, school",,Japan,07-01-2004
Baki the Grappler,Namba Hitosi,"TV (24 eps.), 25 min.","martial arts, sport",,Japan,09-01-2001
Indian Summer,Inagaki Takayuki,"OVA (3 eps.), 30 min.","comedy, ecchi",Koharu Biyori,Japan,15-10-2007
Genshiken,Ikehata Takasi,"TV (12 eps.), 25 min.","comedy, parody, daily",,Japan,11-10-2004
Nodame Cantabile,Kasay Ken'iti,"TV (23 eps. + 2 spec.), 25 min.","comedy, romance, daily, shoujo",,Japan,12-01-2007
Koukaku no Regios,Kavasaki Icuro,"TV (24 eps. + 3 spec.), 25 min.","adventure, fantastic, mystic, school",,Japan,11-01-2009
Kobato,Masuhara Micuyuki,"TV (24 eps.), 25 min.","comedy, mystic, daily, romance",,Japan,06-10-2009
Double-J,Tani Adzuma,"TV (11 eps.), 4 min.",comedy,,Japan,29-06-2011
Convenience Store Boy Friends,Date Hayato,"TV (12 eps.), 25 min.","daily, romance",Konbini Kareshi,Japan,07-07-2017
Charlotte,Asay Esiyuki,"TV (13 eps.), 25 min.","comedy, mystic, drama",Charlotte,Japan,05-07-2015
Asu no Yoichi,Kudze Rion,"TV (12 eps.), 25 min.","comedy, romance, ecchi",,Japan,09-01-2009
Interviews with Monster Girls,Ando Re,"TV (12 eps.), 25 min.",comedy,Demi-chan wa Kataritai,Japan,08-01-2017
Bakuon!!,Nisimura Dzyundzi,"TV (12 eps.), 25 min.",comedy,,Japan,05-04-2016
Natsuyuki Rendezvous,Macuo Ko,"TV (11 eps.), 25 min.","romance, drama, daily",,Japan,06-07-2012
Kaichou wa Maid-sama!,Sakuray Hiroaki,"TV (26 eps. + spec.), 25 min.","comedy, romance, school, shoujo",,Japan,02-04-2010
Maji de Watashi ni Koi Shinasai,Motonaga Keytaro,"TV (12 eps.), 25 min.","adventure, comedy, ecchi, school",,Japan,02-10-2011
Kuroko no Basuke,Tada Syunsuke,"TV (25 eps.), 25 min.","comedy, sport, school",,Japan,08-04-2012
Kamisama Kazoku,Tioka Kimitosi,"TV (13 eps.), 25 min.","comedy, romance, mystic",,Japan,18-05-2006
Beastars,Macumi Sin'iti,"TV (11 eps.), 25 min.","drama, daily",,Japan,10-10-2019
Bakumatsu Rock,Kavasaki Icuro,"TV (12 eps.), 25 min.","adventure, musical, shoujo",,Japan,02-07-2014
Kanon,Ito Naoyuki,"TV (13 eps.), 25 min.","drama, romance, mystic",,Japan,31-01-2002
Mahou Sensei Negima!,Miyadzaki Nagisa,"TV (26 eps. + 3 spec.), 24 min.","adventure, comedy, romance, mystic",,Japan,06-01-2005
Kotonoha no Niwa,Sinkay Makoto,"movie, 46 min.","romance, drama",,Japan,31-05-2013
Kampfer,Kuroda Yasuhiro,"TV (12 eps. + spec.), 25 min.","adventure, comedy, school, ecchi",,Japan,02-10-2009
Kita e: Diamond Dust Drops,Sirahata Bob,"TV (12 eps. + spec.), 25 min.","daily, romance, drama",,Japan,20-01-2004
Kokoro Toshokan,Masunari Kodzi,"TV (13 eps. + spec.), 25 min.","comedy, daily",,Japan,11-10-2001
Chokotto Sister,Kuroda Yasuhiro,"TV (24 eps.), 25 min.","comedy, romance, drama",,Japan,12-07-2006
Maburaho,Kimura Sin'itiro,"TV (24 eps.), 25 min.","comedy, romance, mystic, ecchi",,Japan,14-10-2003
Denpa Onna to Seishun Otoko,Simbo Akiyuki,"TV (12 eps. + spec.), 25 min.","comedy, daily",,Japan,15-04-2011
Naruto Shippuuden,Date Hayato,"TV (444 eps.), 25 min.","adventure, martial arts, syonen",,Japan,15-02-2007
Kaidan Restaurant,Ikeda Eko,"TV (23 eps.), 20 min.","adventure, mystic, horrors, school",,Japan,13-10-2009
Seiyou Kottou Yougashiten: Antique,Okumura Esiaki,"TV (12 eps.), 25 min.","syonen-ай, comedy, daily",,Japan,04-07-2008
Medaka Box,Saeki Sedzi,"TV (12 eps.), 25 min.","comedy, school",,Japan,05-04-2012
Free!,Ucumi Hiroko,"TV (12 eps.), 25 min.","daily, sport",,Japan,04-07-2013
Kemono no Souja Erin,Hamana Takayuki,"TV (50 eps.), 25 min.","fantasy, daily, drama",,Japan,10-01-2009
Kyoukai Senjou no Horizon,Ono Manabu,"TV (13 eps.), 25 min.","adventure, comedy, fantastic, mecha",,Japan,02-10-2011
Lost Universe,Vatanabe Takasi,"TV (26 eps.), 25 min.","adventure, comedy, fantastic",,Japan,03-04-1998
Inu x Boku SS,Cuda Naokacu,"TV (12 eps. + spec.), 25 min.","comedy, romance, mystic",,Japan,13-01-2012
Brigadoon Marin to Melan,Enetani Esitomo,"TV (26 eps.), 25 min.","comedy, fantastic, mecha , drama",,Japan,21-07-2000
Binchou-tan,Furuhasi Kadzuhiro,"TV (12 eps. + 6 spec.), 12 min.","comedy, drama, daily",,Japan,03-02-2006
Boku wa Tomodachi ga Sukunai,Sayto Hisasi,"TV (12 eps.), 25 min.","comedy, parody, ecchi, school",,Japan,07-10-2011
Kaze no Youjinbou,Date Hayato,"TV (25 eps.), 25 min.","adventure, detective, drama",,Japan,02-10-2001
Akahori Gedou Hour Rabuge,Macui Hitoyuki,"TV (13 eps.), 25 min.","comedy, magical girl, parody",,Japan,05-07-2005
Girls Bravo,Aoki Ey,"TV (11 eps.), 25 min.","comedy, romance, ecchi",,Japan,06-07-2004
Onegai Twins,Ide Yasunori,"TV (12 eps.), 25 min.","comedy, romance, drama, ecchi",,Japan,15-07-2003
Kamen no Maid Guy,Sakoy Masayuki,"TV (12 eps. + OVA), 25 min.","comedy, mystic, ecchi",,Japan,06-04-2008
Kiniro no Corda,Oti Hirohito,"TV (25 eps. + spec.), 25 min.","romance, school, musical, shoujo",,Japan,02-10-2006
Koihime Musou,Nakanisi Nobuaki,"TV (12 eps.), 25 min.","adventure, comedy, ecchi",,Japan,09-07-2008
Mai-Hime,Ohara Masakadzu,"TV (26 eps. + 28 spec.), 25 min.","adventure, comedy, drama, romance",,Japan,01-10-2004
Daily Lives of High School Boys,Takamacu Sindzi,"TV (12 eps. + spec.ы), 25 min.","comedy, daily, school",Danshi Koukousei no Nichijou,Japan,10-01-2012
Dance with Devils,Esimura Ay,"TV (12 eps.), 25 min.","adventure, shoujo",Dance with Devils,Japan,07-10-2015
Bokura wa Minna Kawaisou,Miya Sigeyuki,"TV (12 eps. + spec.ы), 25 min.","comedy, romance",,Japan,04-04-2014
Kaze no Shoujo Emily,Kosaka Harume,"TV (26 eps.), 25 min.","drama, history, daily",,Japan,07-04-2007
Koi Kaze,Omori Takahiro,"TV (13 eps.), 25 min.","romance, drama, daily",,Japan,02-04-2004
Area no Kishi,Ogura Hirofumi,"TV (37 eps.), 25 min.","sport, daily, drama, school",,Japan,07-01-2012
Byousoku 5 Centimeter,Sinkay Makoto,"movie, 60 min.","romance, drama",,Japan,03-03-2007
Bokutachi wa Benkyou ga Dekinai,Ivasaki Esiaki,"TV (13 eps.), 25 min.","comedy, romance",,Japan,07-04-2019
Gourmet Girl Graffiti,Simbo Akiyuki,"TV (12 eps.), 25 min.","daily, comedy",Koufuku Graffiti,Japan,09-01-2015
Ladies versus Butlers!,Ocuki Acusi,"TV (12 eps. + 7 spec.), 25 min.","comedy, ecchi, romance, school",,Japan,05-01-2010
Yamadas First Time,Yamamoto Yusuke,"TV (12 eps.), 25 min.","comedy, romance, ecchi, school",B Gata H Kei,Japan,02-04-2010
Haiyore! Nyaruko-san,Nagasava Cuesi,"TV (12 eps.), 25 min.","adventure, comedy, parody",,Japan,10-04-2012
Onegai Teacher,Ide Yasunori,"TV (12 eps. + spec.ы), 25 min.","romance, comedy, school",,Japan,10-01-2002
Bartender,Vatanabe Masaki,"TV (11 eps.), 25 min.","drama, daily",,Japan,15-10-2006
Mitsudomoe,Ota Masahiko,"TV (13 eps. + spec.), 25 min.","comedy, school",,Japan,03-07-2010
Da Capo,Miyadzaki Nagisa,"TV (26 eps.), 25 min.","comedy, romance, drama, mystic",,Japan,06-07-2003
Itazura na Kiss,Yamasaki Osamu,"TV (25 eps.), 25 min.","romance, comedy, drama, shoujo",,Japan,05-04-2008
Kannazuki no Miko,Yanagisava Tecuya,"TV (12 eps.), 25 min.","shoujo-ай, drama, mystic, mecha",,Japan,02-10-2004
Kuragehime,Omori Takahiro,"TV (11 eps. + spec.ы), 25 min.","comedy, romance, drama",,Japan,15-10-2010
Naruto SD: Rock Lee no Seishun Full-Power Ninden,Murata Masahiko,"TV (51 eps.), 25 min.",comedy,,Japan,03-04-2012
Inukami,Kusakava Keydze,"TV (26 eps.), 25 min.","comedy, romance, mystic, ecchi",,Japan,06-04-2006
Fairy Tail,Isihira Sindzi,"TV (175 eps.), 25 min.","adventure, fantasy, comedy, syonen",,Japan,12-10-2009
A Channel,Ono Manabu,"TV (12 eps. + spec.ы), 25 min.","comedy, daily, school",,Japan,08-04-2011
Nazo no Kanojo X,Vatanabe Ayumu,"TV (13 eps.), 25 min.","comedy, romance, school",,Japan,08-04-2012
Bleach,Abe Noriyuki,"TV (366 eps.), 25 min.","adventure, comedy, fantasy, syonen",,Japan,05-10-2004
K-ON!,Yamada Naoko,"TV (12 eps. + 9 spec.), 25 min.","comedy, musical, school",,Japan,03-04-2009
Natsu no Arashi!,Simbo Akiyuki,"TV (13 eps.), 25 min.","comedy, romance, mystic, daily",,Japan,06-04-2009
Karakai Jouzu no Takagi-san,Akagi Hiroaki,"TV (12 eps.), 25 min.","comedy, romance, daily",,Japan,08-01-2018
Ichiban Ushiro no Daimaou,Vatanabe Takasi,"TV (12 eps. + 6 spec.), 25 min.","adventure, comedy, fantasy, ecchi",,Japan,03-04-2010
Bokura no Nanokakan Sensou,Murano Yuta,movie,"drama, comedy, экшен",,Japan,13-12-2019
Fortissimo Akkord,,visual novel,"adventure, erotic game, drama, fantasy",,Japan,2010
Chuunibyou demo Koi ga Shitai!,Isihara Tacuya,"TV (12 eps. + OVA + spec.ы), 25 min.","comedy, romance, drama, school",,Japan,04-10-2012
Junjou Romantica,Kon Tiaki,"TV (12 eps. + spec.), 25 min.","romance, comedy, drama, syonen-ай",,Japan,11-04-2008
Akane-iro ni Somaru Saka,Motonaga Keytaro,"TV (12 eps.), 25 min.","comedy, romance, school",,Japan,03-10-2008
Casshern Sins,Yamauti Sigeyasu,"TV (24 eps.), 25 min.","adventure, drama, fantastic, mecha",,Japan,02-10-2008
Hatenkou Yuugi,Takamoto Nobuhiro,"TV (10 eps.), 25 min.","adventure, comedy, mystic",,Japan,05-01-2008
Giant Killing,Ko Yu,"TV (26 eps.), 25 min.","sport, drama",,Japan,04-04-2010
Danshi Koukousei no Nichijou,Takamacu Sindzi,"TV (12 eps. + spec.ы), 25 min.","comedy, daily, school",,Japan,10-01-2012
Hachimitsu to Clover,Kasay Ken'iti,"TV (24 eps. + 2 spec.), 25 min.","comedy, romance, drama, daily",,Japan,15-04-2005
Weakling Pedal,Nabesima Osamu,"TV (38 eps.), 25 min.",sport,Yowamushi Pedal,Japan,08-10-2013
Clione no Akari,Isikava Naoya,"TV (12 eps.), 9 min.",daily,,Japan,12-07-2017
Hajime no Ippo,Nisimura Satosi,"TV (75 eps. + spec.), 24 min.","comedy, drama, sport",,Japan,04-10-2000
Shining Hearts,Kavasaki Icuro,"TV (12 eps.), 25 min.","daily, fantasy",,Japan,13-04-2012
Hyouka,Takemoto Yasuhiro,"TV (22 eps.), 25 min.","daily, detective",,Japan,23-04-2012
KimiKiss Pure Rouge,Kasay Ken'iti,"TV (24 eps. + spec.), 25 min.","comedy, romance, drama, school",,Japan,07-10-2007
Omamori Himari,Usiro Sindzi,"TV (12 eps.), 25 min.","comedy, romance, mystic, ecchi",,Japan,07-01-2010
Nogizaka Haruka no Himitsu,Nava Munenori,"TV (12 eps.), 25 min.","comedy, romance, school",,Japan,11-07-2008
Kabukichou Sherlock,Esimura Ay,"TV (24 eps.), 25 min.","adventure, detective, comedy, drama",,Japan,12-10-2019
Hayate no Gotoku,Kavaguti Keyitiro,"TV (52 eps.), 25 min.","comedy, romance, daily, parody",,Japan,01-04-2007
Midori no Hibi,Kobayasi Cuneo,"TV (13 eps.), 25 min.","comedy, romance, ecchi, school",,Japan,04-04-2004
Full Metal Panic!,Tigira Koyti,"TV (24 eps.), 25 min.","adventure, comedy, romance, mecha",,Japan,08-01-2002
Gift: Eternal Rainbow,Kimiya Sigeru,"TV (12 eps. + spec.), 25 min.","comedy, romance, school",,Japan,06-10-2006
Kaze no Stigma,Sakata Dzyun'iti,"TV (24 eps.), 25 min.","adventure, mystic, romance, comedy",,Japan,13-04-2007
Bananya,Yatate Ke,"TV (13 eps.), 3 min.",comedy,,Japan,04-07-2016
Hagure Yuusha no Estetica,Kudze Rion,"TV (12 eps.), 25 min.","adventure, mystic, romance, ecchi",,Japan,06-07-2012
Mashiro-iro Symphony,Suganuma Eydzi,"TV (12 eps. + spec.ы), 25 min.","romance, school",,Japan,05-10-2011
Bakuretsu Tenshi,Ohata Koyti,"TV (24 eps. + 6 spec.), 25 min.","adventure, comedy, mecha , ecchi",,Japan,07-04-2004
Sakigake!! Cromartie Koukou,Sakuray Hiroaki,"TV (26 eps.), 12 min.","comedy, parody, school",,Japan,03-10-2003
Eyeshield 21,Nisita Masaesi,"TV (145 eps. + spec.), 22 min.","comedy, sport, syonen",,Japan,06-04-2005
Amanchu!,Sato Dzyun'iti,"TV (12 eps.), 25 min.","comedy, daily",Amanchu!,Japan,08-07-2016
Kaleido Star,Sato Dzyun'iti,"TV (51 eps.), 23 min.","comedy, drama, mystic, shoujo",,Japan,03-04-2003
Needless,Sakoy Masayuki,"TV (24 eps. + 12 spec.), 25 min.","adventure, comedy, ecchi",,Japan,03-07-2009
DNA2,Sakata Dzyun'iti,"TV (12 eps.), 25 min.","fantastic, comedy, romance",,Japan,07-10-1994
Ultimate Otaku Teacher,Sato Masato,"TV (24 eps.), 25 min.","comedy, daily",Denpa Kyoushi,Japan,04-04-2015
Angel Beats!,Kisi Seydzi,"TV (13 eps. + 2 spec.), 25 min.","adventure, mystic, comedy, drama",,Japan,03-04-2010
Clannad,Isihara Tacuya,"TV (22 eps. + 3 spec.), 25 min.","romance, comedy, drama, daily",,Japan,03-10-2008
CLAMP School Detectives,Nabesima Osamu,"TV (26 eps.), 25 min.","adventure, comedy",,Japan,03-05-1997
Ao no Exorcist,Okamura Tensay,"TV (25 eps. + spec.), 25 min.","adventure, comedy, mystic, drama",,Japan,17-04-2011
Bamboo Blade,Sayto Hisasi,"TV (26 eps.), 25 min.","comedy, sport, martial arts, daily",,Japan,02-10-2007
Chobits,Asaka Morio,"TV (26 eps. + spec.), 25 min.","romance, comedy, fantastic, ecchi",,Japan,03-04-2002
Nanatsuiro Drops,Yamamoto Takasi,"TV (12 eps.), 25 min.","magical girl, romance, school",,Japan,03-07-2007
Naruto,Date Hayato,"TV (220 eps.), 23 min.","martial arts, adventure, comedy, syonen",,Japan,03-10-2002
Haunted Junction,Muto Yudzi,"TV (12 eps.), 25 min.","adventure, comedy, mystic, school",,Japan,03-04-1997
Level E,Kato Tosiyuki,"TV (13 eps.), 25 min.","adventure, comedy, fantastic",,Japan,11-01-2011
MM!,Nagasava Cuesi,"TV (12 eps. + spec.ы), 25 min.","comedy, school",,Japan,02-10-2010
Iketeru Futari,Yamaguti Takesi,"TV (16 eps.), 8 min.","comedy, romance, ecchi, school",,Japan,01-02-1999
