0,telephone,addressCountry,addressLocality,postalCode,streetAddress,latitude,longitude,addressRegion
Angel Fire Resort Country Club,(575) 377-3055,United States,Angel Fire,87710.0,100 Country Club Drive,36.3764098,-105.2869587,
Angel Fire Resort Nordic Center,(575) 377-4488,United States,Angel Fire,87710.0,100 Country Club Drive,36.3760398,-105.2870717,NM
Angel Fire Resort,(800) 633-7463,United States,Angel Fire,87710.0,10 Miller Lane,36.3879902,-105.2740404,NM
Angel Fire Resort,(800) 633-7463,United States,Angel Fire,87710.0,10 Miller Lane,36.3879902,-105.2740404,NM
Angel Fire Golf Course,(577) 377-4488,United States,Angel Fire,87710.0,10 Country Club Drive,36.3764098,-105.2869587,NM
Frontier Park,,United States,Angel Fire,87710.0,3367 NM-434,36.392282,-105.285542,NM
Angel Fire Golf Course,(577) 377-4488,United States,Angel Fire,87710.0,10 Country Club Drive,36.3764098,-105.2869587,NM
Angel Fire Golf Course,(577) 377-4488,United States,Angel Fire,87710.0,10 Country Club Drive,36.3764098,-105.2869587,NM
Angel Fire Golf Course,(577) 377-4488,United States,Angel Fire,87710.0,10 Country Club Drive,36.3764098,-105.2869587,NM
Angel Fire Golf Course,(577) 377-4488,United States,Angel Fire,87710.0,10 Country Club Drive,36.3764098,-105.2869587,NM
Angel Fire Bike Park,575-377-4369,United States,Angel Fire,87710.0,10 Miller Lane,36.3879902,-105.2740404,NM
Angel Fire Resort,(800) 633-7463,United States,Angel Fire,87710.0,10 Miller Lane,36.3879902,-105.2740404,NM
Frontier Park,,United States,Angel Fire,87710.0,3367 NM-434,36.392282,-105.285542,NM
Angel Fire Resort,(800) 633-7463,United States,Angel Fire,87710.0,10 Miller Lane,36.3879902,-105.2740404,NM
Angel Fire Golf Course,(577) 377-4488,United States,Angel Fire,87710.0,10 Country Club Drive,36.3764098,-105.2869587,NM
