0,telephone,addressCountry,addressLocality,postalCode,streetAddress,addressRegion
Philip Selznick Seminar Room,510-642-4038,United States,Berkeley,94720-2150,2240 Piedmont Ave,CA
George B. Dantzig Auditorium &#8211; 1174 Etcheverry Hall,510-642-6222,United States,Berkeley,94720,Etcheverry Hall,CA
Energy Resources Group,(510) 642-1640,United States,Berkeley,94720-3050,"310 Barrows Hall, University of California",
Berkeley Law,510-642-9523,United States,Berkeley,94720-7200,Law Building,CA
Online Webinar,,,,,,
Online,,,,,,
UCLA Covel Commons,,United States,Los Angeles,90095,200 De Neve Dr.,CA
202 Barrows Hall,5106421640,United States,Berkeley,9420,202 Barrows Hall,CA
Online,,,,,,
159 Mulford Hall,5106421085,United States,Berkeley,94709,130 Hilgard Way,CA
202 Barrows Hall,5106421640,,Berkeley,9420,202 Barrows Hall,
Online,,,,,,
3110 Etcheverry Hall,5106426222,United States,Berkeley,94720,3110 Etcheverry Hall,CA
SFO Aviation Museum,650-821-9900,United States,San Francisco,94128,SFO International Terminal,CA
Live Webinar,,,,,,
Online Webinar,,,,,,
Essig Museum,510-643-0804,United States,Berkeley,94720,1170 Valley Life Science Building,CA
David Brower Center,5108090900,United States,Berkeley,94705,2150 Allston Way,CA
Online,,,,,,
