0,telephone,priceRange,addressRegion,addressLocality,ratingValue,streetAddress,longitude,latitude
White Deer Run Of Altoona Iop,(814) 943-1699,,Pennsylvania,Altoona,,"1216 Pleasant Valley Blvd, Ste 204",-78.386052,40.507145
POF.com Reviews,,,,,1.99,,,
POF.com Reviews,,,,,1.98,,,
"['Justin Akela', 'Sam Pierangelo', 'Grant Moore', 'Mike Vazquez', 'Brian Lisiono', 'Manny Angulo', 'Chris Robertson', 'Edward Cazares', 'Holcomb Valley Road [CLOSED]', 'joseph benitez', 'Ron Kalfus', 'Caleb Compton', 'Kattina Fischer', 'Scott Teepen', 'Veronica kuhnert', 'Christian Ramos', 'D P', 'Ray Valverde', 'Molly Tannehill', 'Garrett Mallory', 'Glenn Watamanik', 'Dylan Moore', 'Thaddeus Ostrowski', 'Myran Mahroo', 'John Barahona', 'Erika Miller', 'Jorge P Dominguez', 'Francisco Obispo', 'Marcello Orsini', 'Ashley Honore-Rushing', 'Stephanie Valdez', 'Alfredo Gonzalez Jr', 'Humberto Villalpando', 'Wesley Castro', 'bret davidson', 'Joseph Laderer', 'Zach Roque', 'Jack Murray', 'Karen Donovan', 'EJ Tormes', 'Tim Hodge']",,,,,4.5,,-116.92256,34.26539
Eagle Consultants & Investigations,717 732 8641,,Pennsylvania,Altoona,,,-78.4078,40.525
Zoosk,,,,,1.59,,,
POF.com Reviews,,,,,1.93,,,
Westphal Signs,(920) 345-0102,$,WI,Brownsville,5.0,921 Kings Drive,,
Cataloochee Ranch,,,North Carolina,"Maggie Valley, North Carolina",4.7,119 Ranch Dr,,
CWL,+14169202458,,ON,Oshawa,,"6-470 King St W, Suite 111",-78.3832,43.6532
"The Natchez, New Orleans",,,"530 Natchez St New Orleans, LA, 70130 United States","530 Natchez St New Orleans, LA, 70130 United States",,"530 Natchez St New Orleans, LA, 70130 United States",,
Eskapade,+48 500 199 019,$$,Silesian Voivodeship,"Racibórz, Poland",5.0,Matejki 2 B,,
