0,telephone,email,faxNumber,description,addressCountry,streetAddress,postalCode,worstRating,addressLocality,ratingValue,bestRating,latitude,longitude,reviewCount
Food &amp; Drinks Singapore Hotel - 30 Bencoolen,+65 6337 2882 / WhatsApp : +65 90303800,reservations@30bencoolen.com.sg,+65 6338 2880,Food &amp; Drinks 30 Bencoolen ... Book a hotel in Singapore.,SG,30 Bencoolen Street,189621.0,0.0,Singapore,4.4,5.0,1.2985317,103.8503005,2812.0
Esplanade - Theatres on The Bay Singapore Hotel - 30 Bencoolen,+65 6337 2882 / WhatsApp : +65 90303800,reservations@30bencoolen.com.sg,+65 6338 2880,Esplanade - Theatres on The Bay 30 Bencoolen ... Book a hotel in Singapore.,SG,30 Bencoolen Street,189621.0,0.0,Singapore,4.4,5.0,1.2985317,103.8503005,2812.0
Suntec City Singapore Hotel - 30 Bencoolen,+65 6337 2882 / WhatsApp : +65 90303800,reservations@30bencoolen.com.sg,+65 6338 2880,Suntec City 30 Bencoolen ... Book a hotel in Singapore.,SG,30 Bencoolen Street,189621.0,0.0,Singapore,4.4,5.0,1.2985317,103.8503005,2812.0
The Istana Singapore Hotel - 30 Bencoolen,+65 6337 2882 / WhatsApp : +65 90303800,reservations@30bencoolen.com.sg,+65 6338 2880,The Istana 30 Bencoolen ... Book a hotel in Singapore.,SG,30 Bencoolen Street,189621.0,0.0,Singapore,4.4,5.0,1.2985317,103.8503005,2812.0
Gardens by the Bay Singapore Hotel - 30 Bencoolen,+65 6337 2882 / WhatsApp : +65 90303800,reservations@30bencoolen.com.sg,+65 6338 2880,Gardens by the Bay 30 Bencoolen ... Book a hotel in Singapore.,SG,30 Bencoolen Street,189621.0,0.0,Singapore,4.4,5.0,1.2985317,103.8503005,2812.0
Offers &amp; Packages Singapore Hotel - 30 Bencoolen,+65 6337 2882 / WhatsApp : +65 90303800,reservations@30bencoolen.com.sg,+65 6338 2880,Offers &amp; Packages 30 Bencoolen ... Book a hotel in Singapore.,SG,30 Bencoolen Street,189621.0,0.0,Singapore,4.4,5.0,1.2985317,103.8503005,2812.0
National Museum of Singapore Singapore Hotel - 30 Bencoolen,+65 6337 2882 / WhatsApp : +65 90303800,reservations@30bencoolen.com.sg,+65 6338 2880,National Museum of Singapore 30 Bencoolen ... Book a hotel in Singapore.,SG,30 Bencoolen Street,189621.0,0.0,Singapore,4.4,5.0,1.2985317,103.8503005,2812.0
Orchard Road Singapore Hotel - 30 Bencoolen,+65 6337 2882 / WhatsApp : +65 90303800,reservations@30bencoolen.com.sg,+65 6338 2880,Orchard Road 30 Bencoolen ... Book a hotel in Singapore.,SG,30 Bencoolen Street,189621.0,0.0,Singapore,4.4,5.0,1.2985317,103.8503005,2812.0
Little India Singapore Hotel - 30 Bencoolen,+65 6337 2882 / WhatsApp : +65 90303800,reservations@30bencoolen.com.sg,+65 6338 2880,Little India 30 Bencoolen ... Book a hotel in Singapore.,SG,30 Bencoolen Street,189621.0,0.0,Singapore,4.4,5.0,1.2985317,103.8503005,2812.0
Welcome to 30 Bencoolen - Contact Us Singapore Hotel - 30 Bencoolen,+65 6337 2882 / WhatsApp : +65 90303800,reservations@30bencoolen.com.sg,+65 6338 2880,Welcome to 30 Bencoolen - Contact Us 30 Bencoolen . The friendly staff at. Book a hotel in Singapore,SG,30 Bencoolen Street,189621.0,0.0,Singapore,4.4,5.0,1.2985317,103.8503005,2812.0
Singapore Art Museum Singapore Hotel - 30 Bencoolen,+65 6337 2882 / WhatsApp : +65 90303800,reservations@30bencoolen.com.sg,+65 6338 2880,Singapore Art Museum 30 Bencoolen ... Book a hotel in Singapore.,SG,30 Bencoolen Street,189621.0,0.0,Singapore,4.4,5.0,1.2985317,103.8503005,2812.0
