0,description,jobTitle,3
Trevor Hoey,"Former senior writer for AFR, Trevor Hoey provides incisive commentary on ASX developments, particularly focusing on the emerging companies market segment.",Writer,trevor@stocksdigital.com
Megan Graham,Megan Graham is a writer and journalist based in Melbourne. She is currently a writer for Finfeed and the Next Investor suite of platforms.,Writer,
Jonathan Jackson,Jonathan Jackson is an is RG146 certified editor and writer who has worked in print and digital media for almost 20 years. He is the Managing Editor at Finfeed.,Managing Editor,jonathan@stocksdigital.com
Mark Story,"A former editor, columnist, and chief reporter on business and financial publications across NZ, Australia, Hong Kong and the US, Mark Story operates Prime Strategy Media.",writer,
Abbie White,Abbie White is the Founder of The Execution Zone a business education provider for growth hungry entrepreneurs and leaders. She has assisted in the delivery of over $300 Million in sales.,writer,
Meagan Evans,Meagan Evans is an experienced financial writer and analyst with extensive investment market knowledge.,,meagan.evans@stocksdigital.com
Zoe Gross,"Zoe Gross is PhD qualified writer with StocksDigital who writes frequently about the legalised cannabis space, biotech, and new media.",Writer,zoe.gross@stocksdigital.com
Pete Pennicott,"Pekada Co-Founder and Principal Adviser, Pete Pennicott.",writer,pekadapr@kingcreative.com.au
David Robertson,"David Robertson is Head of Economic and Market Research, Bendigo and Adelaide Bank.",writer,
Preston Geeting,"Preston Geeting is the co-founder and director of Packform. After studying International Business at London Metropolitan University and Business Administration at California Lutheran University, Preston turned entrepreneur.",writer,
Lelde Smits,"Lelde Smits is an award winning Australian entrepreneur, Executive Director @TheCapNet, advisor to ASX-listed companies & executives, journalist, producer and presenter.",writer,lelde@thecapitalnetwork.com.au
Dale Gillham,Dale Gillham is a share market expert and writer.,Writer,
Justin Ware,Justin Ware is a content producer and manager at StocksDigital.,Content Producer,
Louis O'Neill,"Louis is a writer based in Sydney with a focus on social and political issues. Having interviewed local politicians and entrepreneurs, Louis now focuses on cannabis culture, legislation & reform.",Writer,
Alfred Chan,Alfred Chan is the managing director of Principal Investor Relations.,Writer,alfred.chan@principalir.com.au
Alex Grant,"Alex co-founded Lilac Solutions, one of the world's leading direct lithium extraction technology companies. He is now an independent advisor for multiple lithium projects around the world that seek to implement advanced technologies for production of battery quality lithium chemical products from un",Writer,ag@jadecove.com
Zachary Graves,"Zachary Graves has been writing about small cap stocks, IPOs and financial markets for over 10 years.",Writer,
Mark Bernberg,"Mark Bernberg is a long-time cannabis investing enthusiast and founder of The Green Fund. The Green Fund is Asia Pacific's preeminent media house, positioned at the forefront of the global cannabis industry.",Writer,mark@thegreenfund.com
Akram Sabbagh,"Ak is an experienced business owner and founder, board advisor, director, corporate and business coach. He plays a pivotal role in enabling leaders across a diverse range of sectors, transition their businesses to the next phase of development and achieve challenging commercial objectives.",Writer,
ID TechEX,"Since 1999 IDTechEx has provided independent market research, business intelligence and events on emerging technology to clients in over 80 countries.",writer,
Navarre Trousselot,Navarre is the Founder of Navexa — a portfolio analytics service made for Australian investors. Navarre left a lucrative corporate developer job to combine two of his passions; investing and entrepreneurship. He created Navexa because he couldn’t find a portfolio analytics service that met his own h,writer,
Alex Moffat,"In 2006, director Alex Moffat helped establish Australia's oldest stockbrokers and portfolio managers, Joseph Palmer & Sons in Victoria.",Writer,amoffatt@jpalmer.com.au
Werner Hohls,Werner Hohls is a project management specialist.,writer,
Patrick Coghlan,Patrick Coughlan is CEO of Creditor watch.,writer,patrick.coghlan@creditorwatch.com.au
James Dunn,"James Dunn has been a finance and business journalist since 1988, operating across the entire spectrum of these areas, from personal investment to high-end institutional finance.",writer,
Douglas Driscoll,Douglas Driscoll is CEO of real estate group Starr Partners.,writer,
Reuters News Agency,"Reuters.com brings you the latest news from around the world, covering breaking news in markets, business, politics, entertainment and technology.",Writer,
Jessica Foreman,Jessica Foreman is a Durham University graduate specialising in business and lifestyle based writing.,Writer,jessica.wforeman@gmail.com
Neil Munro,Neil Munro is a certified ActionCOACH.,writer,
Nadia Sabaini,Nadia is a Director of Bennett & Philp Lawyers and a member of our Business Advisory team.,Writer,
Dean Taylor,Dean Taylor is CEO of Digital Wine Ventures (ASX:DW8).,writer,dean.taylor@digitalwine.ventures
Rob Wilson,Rob Wilson is CEO and Co-Founder at Incent- Revolutionising Loyalty using the Blockchain.,writer,
Christopher Howard,Christopher is a Professional Engineer with international experience in both the design and management of major infrastructure projects with both owners and contractors.,writer,
Rat's Rant,Nick Kelso is a wealth advisor with Everblu Capital.,writer,nick.kelso@everblucapital.com
Bard Jontell,"Bard Jontell is a freelance writer specialising in technology, the future and Forex.",writer,
Nathan Bell,Nathan Bell is Nathan Bell is Intelligent Investor senior portfolio manager.,writer,
Mark LeBusque,Marl LeBusque is different ... and the world of work needs different right now.,writer,
David Smith,"David Smith, Principal Advisor in Business Improvement at SAI Global.",writer,
Michael Chetner,Michael Chetner is Head of Asia Pacific Zoom Video Conferencing (NASDAQ:ZM).,writer,mchetner@zoom.us
Matt Fahey,Matt Fahey is CEO of Vonex (ASX:VN8).,writer,mfahey@vonex.com.au
Rod North,Rod North is the Founder & Managing Director of Bourse Communications Pty Ltd.,writer,
Adam Vettese,Adam Vittese is an investment analyst with eToro.,writer,
Brad Stockman,Brad Stockman is Head of Product Management at Ascender.,Writer,
Jarryd Russell,Jarryd Russell is an Investment Consultant with Reach Markets.,Writer,
Tony Sinton,Tony Sinton is the group CEO of NETSTOCK and co-founder of NETSTOCK.,writer,
David Sullivan,David Sullivan is head of ABB Australia’s Electrification business and leads a technology portfolio that covers the full electrical value chain from substation to the point of consumption.,writer,
Lui Pangiarella,"Lui is an experienced facilitator, executive coach and company director with a focus on organisational performance, strategy, culture and leadership development.",Writer,
Jason Bryce,Jason Bryce is Content Manager for InfoChoice and loves comparing pretty much anything.,writer,jason.bryce@infochoice.com.au
Paul J. Lange,"Paul J. Lange is an exit strategist, international veteran private equity industry, investor, venture capitalist, strategic advisor, keynote speaker, author and mentor.",Writer,
Jason Talbot,"Dr Jason Talbot is the Managing Director of Graphite i2i, a specialist boutique management consulting firm which provides business transformation, performance improvement, M&A, strategy and governance services to medium and large organisations.",writer,jason.talbot@graphitei2i.com.au
Tain Bartholomew,Tain Bartholomew is director of Harcourts Pakenham.,Writer,
Rylan Dawes,Rylan Dawes is the VP of FX for AirWallex.,writer,
Michael Pyliotis,Michael Pyliotis is Vice President for the APAC region of networked purchase-to-pay solutions company Basware (Nasdaq: BAS1V).,writer,
Josh Gilbert,"Josh Gilbert is a highly competent and engaging Senior Account Manager with over 5 years’ experience working in various Account Management and client engagement roles. A demonstrated history of working in the financial services industry, consistent overachieving of commercial targets has led to rapi",writer,
Fabian Calle,"Fabian Calle is a General Manager, SMB & Nationals (A/NZ) at SAP Concur.",writer,
Gregory Robinson,"Gregory Robinson has been specialising in senior international executive appointments for over 18 years. Sector experience is broad and includes consumer retail, natural resources, infrastructure, industrial, manufacturing, telecommunications, technology, financial services, health and sport.",writer,gregory.robinson@blenheimpartners.com
Nigel Green,"deVere Group was established in 2002 by CEO Nigel Green. As more and more people focused on opportunities abroad, Green saw a niche in the financial services market for them.",writer,
Alan Fitterman,Alan Fitterman is founder and CEO of the DMIC2059 trading system.,writer,
Curtis Richens,Curtis Richens is Director of Asia at Halcyon Knights.,Writer,curtisr@halcyonknights.com.sg
Michael Stelzer,"Michael Stelzer is Vice President, Australia and New Zealand, at Verint Systems. He joined Verint in 2014 and provides the leadership and direction to position Verint as a strategic customer engagement partner to many leading organisations across the region. He is responsible for strategic planning,",writer,
Helen Baker,"Helen Baker is a financial adviser, author, speaker and spokesperson for online finance information platform Money.com.au. Helen has a passion for empowering Aussies to find financial freedom through strategic planning and goals-based financial advice. She has worked as a qualified financial adviser",writer,
University of Sydney,The University of Sydney is one of Australia's and the world's leading universities.,writer,
Tony Morrison,Tony Morrison is CEO Harcourts Victoria and Tasmania at Harcourts Real Estate.,Writer,
Forrest Allen,Forrest Allen is WhiteHawk's Director of Business Operations.,Writer,
Damien Manuel,"Damien Manuel is Director, Centre for Cyber Security Solutions a Deakin University.",writer,damien.manuel@deakin.edu.au
Lachlan Thorburn,Lachlan Thorburn is an Associate of Bennett & Philp Lawyers and member of our Commercial Litigation Team.,writer,
