0,description,streetAddress,url,postalCode,addressLocality,longitude,latitude,addressRegion
"Homes for Sale in Flat Rock, NC","Flat Rock Market Update Video Close Find houses for sale in Flat Rock, NC from Beverly-Hanks, REALTORS®. We have an office conveniently located nearby on Main Street in Hendersonville and our real estate agents are experts in the community. In addition to local expertise, all Beverly-Hanks, REALTORS® are backed by an outstanding support staff and committed to the highest standards of customer service. Find a home for sale in Flat Rock that’s right for you. Continue browsing this page to see all Flat Rock, NC real estate listings. Watch Flat Rock Market Video Update",,https://www.beverly-hanks.com/communities/flat-rock,,,-82.4415,35.2712,
Hot Springs,"Hot Springs Market Update Video Close The resort town of Hot Springs is also nestled next to the French Broad. Though its resident population is only 650, the town's numbers swell with visitors seeking relaxation and recreation. Hot Springs got its name from one of the region's extraordinary natural features: mineral springs with a temperature of more than 100 degrees. The Hot Springs Resort & Spamaintains indoor and outdoor hot tubs that are fed by the springs, and also offers a full range of massage and body treatments. Broadwing Farm Cabins also features spring-fed tubs. Watch Hot Springs Market Video Update The town itself is quite quaint, with one main drag that's lined with cafes, coffee shops and gift stores. Hot Springs' real outdoor claim to fame, though, is its intimate relationship with the Appalachian Trail. The AT passes right through town. Each April, the town hosts the weekend-long Trailfest, a celebration of all things AT complete with live music, local foods and athletic events. A few weeks after Trailfest, Hot Springs sponsors the annual French Broad River Festival, featuring an impressive roster of musical groups, whitewater and bike races, arts and crafts vendors and a kid's village. And in",,https://www.beverly-hanks.com/communities/hot-springs,,,-82.825,35.8961,
Byrdcliffe,"Byrdcliffe Market Update Video Close Beautiful new home community located in East Asheville. Arts & Craft style homes with land/home packages starting at $150,000. Buyers have 10 floor plans from which to choose. All homes are site-built with a completion time of approximately 120 days. Standard features include fiber cement siding, heat pump, covered front porches, concrete driveway, 9' ceilings on the main level, hardwood, carpet and tile floors, mountain views, city water and sewer, street lighting and more. This community is conveniently located just minutes from downtown Asheville but is not in the city limits so it qualifies for 100% USDA financing. Watch Byrdcliffe Market Video Update",,https://www.beverly-hanks.com/communities/byrdcliffe,,,-82.4496,35.5923,
Ashley Woods,"Ashley Woods Market Update Video Close Ashley Woods is located in Avery's Creek off of Brevard Road in South Asheville, just minutes from the Blue Ridge Parkway, N.C. Arboretum, Asheville Outlet Mall. It is blocks away from Bent Creek with full access to the Forest, Lake Powhattan, and 100s of hiking trails, YMCA, Airport and major Highways I-26 and I-40. Downtown Asheville and Hendersonville are in close proximity, along with the Avery's Creek/Roberson Schools. This community is serviced with public water, gas and sewer. The \""Preservation Collection\"" is made up of homes featuring some of the most appealing architectural styles from the early 20th century. Every one of these styles will accommodate today's open floor plans, flooded with natural light, and loaded with amenities such as authentic hardwood flooring, elegant moldings, garden tubs, walk-in closets and high ceilings. Front porches allow homeowners to experience a nostalgic feeling from days gone by. Prices start in the $300,000's. Watch Ashley Woods Market Video Update",,https://www.beverly-hanks.com/communities/ashley-woods,,,-82.5848,35.4841,
Mill Creek Condominiums,"Mill Creek Condominiums Market Update Video Close A quaint West Asheville Community. Nestled along the banks of two creeks, this community invites you to enjoy a quiet, easy lifestyle. Located just five minutes to downtown Asheville. Watch Mill Creek Condominiums Market Video Update",,https://www.beverly-hanks.com/communities/mill-creek-condominiums,,,-82.5105,35.4954,
"Homes for Sale in Mills River, NC","Mills River Market Update Video Close Find houses for sale in Mills River, NC from Beverly-Hanks, REALTORS®. Our real estate agents are experts in the community. In addition to local expertise, all Beverly-Hanks, REALTORS® are backed by an outstanding support staff and committed to the highest standards of customer service. Find a home for sale in Mills River that’s right for you. Continue browsing this page to see all Mills River, NC real estate listings. Watch Mills River Market Video Update",,https://www.beverly-hanks.com/communities/mills-river,,,-82.5667,35.3884,
Woodfin,"Woodfin Market Update Video Close Nestled along the banks of the French Broad River and Interstate 26, the Town of Woodfin provides a small-town mountain lifestyle with big-city amenities. Friendly people, good jobs, great restaurants, and beautiful scenery abound—and all five minutes from the hustle and bustle of downtown Asheville. Watch Woodfin Market Video Update Quick Link: Woodfin Homes and Land For Sale Sandwiched between Asheville to the south and Weaverville to the north, Woodfin’s community core winds longitudinally along Weaverville Highway. From restaurants and retail to whitewater adventures, residents enjoy the many amenities Woodfin has to offer. Quick Link: Find a Woodfin real estate professional BUYING PROPERTY IN WOODFIN Beverly-Hanks has an office conveniently located in nearby North Asheville. If you're searching for homes and land in Woodfin, our expert real estate agents are available to help. Your Beverly-Hanks & Associates REALTOR® is backed by an outstanding support staff and committed to the highest standards of customer service. Find the homes in Woodfin that allow you to Live the Life You Choose. Click below to search Woodfin neighborhood real estate for your ideal listings. Woodfin Affordable Homes ALL HOMES AND LAND FOR SALE IN WOODFIN For home mortgage services",,https://www.beverly-hanks.com/communities/woodfin,,,-82.5812,35.633,
Smoky Mtn Retreat - Eagle Nest,"Smoky Mtn Retreat - Eagle Nest Market Update Video Close Nestled in a lush canopy of splendid woodlands and breathtaking views, the Smoky Mountain Retreat at Eagle's Nest overlooks Maggie Valley, and has redefined mountain living. The high country of the Great Smoky Mountains is alive with wildlife and unspoiled beauty and provides the perfect setting for a luxury log home. Blessed with all of nature's bounty, our residents enjoy cool summer breezes, the magnificent color of the fall palette, snow skiing in the winter, the spectacle of spring flowers and year round golf. Only 5 minutes from the mountain top gate of the Smoky Mountain Retreat lies The Laurel Ridge Country Club (Visit Laurel Ridge). Combining the pristine mountain wilderness setting with a fantastic private Country Club including golf, tennis, swimming and fine dining creates an UNPARALLELED LIFESTYLE. Watch Smoky Mtn Retreat - Eagle Nest Market Video Update",,https://www.beverly-hanks.com/communities/smoky-mtn-retreat---eagle-nest,,,-83.0306,35.5233,
"Homes for Sale in Polk County, NC","Polk Market Update Video Close Find houses for sale in Polk County, NC from Beverly-Hanks, REALTORS®. We have an office conveniently located on Main Street in Saluda and our real estate agents are experts in the community. In addition to local expertise, all Beverly-Hanks, REALTORS® are backed by an outstanding support staff and committed to the highest standards of customer service. Find a home for sale in Polk County that’s right for you. Continue browsing this page to see all Polk County, NC real estate listings. Watch Polk Market Video Update",,https://www.beverly-hanks.com/communities/polk,,,-82.1713,35.2686,
"Homes for Sale in Olivette, NC","Find houses for sale in Olivette, NC from Beverly-Hanks, REALTORS®. We have an office conveniently located on Merrimon Avenue in North Asheville and our real estate agents are experts in the community. In addition to local expertise, all Beverly-Hanks, REALTORS® are backed by an outstanding support staff and committed to the highest standards of customer service. Find a home for sale in Olivette that’s right for you. Continue browsing this page to see all Olivette, NC real estate listings.",172 Old Macedonia Road,https://www.beverly-hanks.com/communities/olivette,28701.0,Alexander,-82.6276,35.6568,NC
Town Mountain Preserve,"Prepare to be caught off-guard the first time you drive through the impressive stone gates of Town Mountain Preserve. Take in the towering hardwood forest and the breathtaking vistas. Then realize that five minutes earlier you were sitting in a cafe in downtown Asheville. Quick Link: Town Mountain Preserve Homes and Land for Sale Town Mountain Preserve, a new mountain neighborhood, sits three miles above downtown Asheville, NC, with both a Beaverdam and a Town Mountain gated entrance. Generous homesites up to 3.74 acres offer unparalleled convenience and privacy, all with Asheville's best address. Town Mountain Preserve occupies 182 acres of rolling woodlands, meadows, and streams in a spectacular Blue Ridge Mountain setting. The community saddles Town Mountain, one of Asheville's most desirable locations. Located right next door to the governor's western residence, this Western North Carolina gated community offers the true illusion of seclusion with a sought-after, in-town location in the middle of everything that Asheville and the Western Carolina mountains has to offer. Town Mountain Preserve—where Asheville touches the sky. Quick Link: Find a Town Mountain Preserve Real Estate Professional BUYING PROPERTY IN TOWN MOUNTAIN PRESERVE Beverly-Hanks has an office conveniently located on Merrimon Avenue in North Asheville.",,https://www.beverly-hanks.com/communities/town-mountain-preserve,,,-82.5236,35.6279,
Falcon Ridge At Haw Creek,"Located just 3 miles from downtown Asheville, North Carolina, Falcon Ridge offers the perfect combination of a private mountain retreat with spectacular views and city conveniences. In the middle of it all. Above it all. Falcon Ridge represents a rare, and perhaps the last, opportunity to build a mountaintop home with long-range views within the city of Asheville. This pristine 42-acre community of 28 home sites has everything you are looking for in your Asheville home– community walking trail, outdoor pavilion, fire pit, proximity to all Asheville venues, and views from every lot. To browse custom floor plans, meet a design professional, or pick your home site, email or call us at (828) 384-8353. Falcon Ridge home site prices start in the upper $100′s with home and lot packages starting in the $800′s. Lots average approximately an acre in size and all offer year-round, long and short range views. In Falcon Ridge, you may choose from custom build-ready plans tailored for each home site or you can design your own. The team of Falcon Ridge Preferred Builders is ready to assist with turn key packages and custom homes. As a Falcon Ridge owner, you will have all Asheville city services",,https://www.beverly-hanks.com/communities/falcon-ridge-at-haw-creek,,,-82.5128,35.604,
"Homes for Sale in Marshall, NC","Marshall Market Update Video Close Find houses for sale in Marshall, NC from Beverly-Hanks, REALTORS®. We have a nearby office on Merrimon Avenue in North Asheville and our real estate agents are experts in the community. In addition to local expertise, all Beverly-Hanks, REALTORS® are backed by an outstanding support staff and committed to the highest standards of customer service. Find a home for sale in Marshall that’s right for you. Continue browsing this page to see all Marshall, NC real estate listings. Watch Marshall Market Video Update",,https://www.beverly-hanks.com/communities/marshall,,,-82.684,35.7973,
Keswick Hills,"Keswick Hills is a premier, low density, eco-friendly, private gated community in South Asheville, North Carolina. Only 9 miles from downtown Asheville. Mountain living close to everything, but a world away. Keswick Hills’ fantastic location benefits from its proximity to town, a peaceful mountain setting, its lower Buncombe County Taxes, highly rated schools, excellent medical facilities, and Asheville’s most desirable 28803 zip code. Living in a thoughtfully planned community that promotes green living and respects environmental preservation has never been so close. Come explore Keswick Hills and stay onsite via our Discovery Package.",,https://www.beverly-hanks.com/communities/keswick-hills,,,-82.4842,35.4919,
"Homes for Sale in Kenmure, NC","Kenmure Market Update Video Close Find houses for sale in Kenmure, NC from Beverly-Hanks, REALTORS®. Our real estate agents are experts in the community. In addition to local expertise, all Beverly-Hanks, REALTORS® are backed by an outstanding support staff and committed to the highest standards of customer service. Find a home for sale in Kenmure that’s right for you. Continue browsing this page to see all Kenmure, NC real estate listings. Watch Kenmure Market Video Update",,https://www.beverly-hanks.com/communities/kenmure,,,-82.4401,35.2569,
Padgett Place,"Padgett Place Market Update Video Close Enjoy the quintessential mountain lifestyle in the artistic enclave of Black Mountain at Padgett Place, a neighborhood with 42 exceptional, modern Craftsman homes. This new community features thoughtfully designed homes with expansive views and bright, open floor plans. Featuring desired, premium finishes throughout and using modern,quality construction methods, the homes at Padgett Place are crafted off-site in a controlled environment by specialized tradesmen. Beautifully situated off Padgettown Road, Padgett Place lets you take advantage of the enchanting mountain views while still being close to downtown and I-40. Watch Padgett Place Market Video Update Your search is over…welcome home.",542 Padgettown Road,https://www.beverly-hanks.com/communities/padgett-place,28711.0,Black Mountain,-82.3117,35.6257,NC
Grand Highlands at Bearwallow,"Grand Highlands at Bearwallow Market Update Video Close The community of Grand Highlands is just that, a community. By that, we mean there is a communal spirit shared by all the homeowners. A desire to own a home at the wondrous place. A yearning to embrace a lifestyle on one's own terms instead of living one mandated by others. A community which comes together in celebration, yet can also enjoy peace and solitude. Residents enjoy full access to a welcoming Grand Lodge with Expansive Verandas as well as events (big and small) at the Community Barn. And, as our community grows with more residents, we will respond to their input and requests and we will evolve together, as a community. Watch Grand Highlands at Bearwallow Market Video Update VIEW WEBSITE",,https://www.beverly-hanks.com/communities/grand-highlands-at-bearwallow,,,-82.3772,,
Swannanoa,"Swannanoa Market Update Video Close Located between Asheville and Black Mountain along Interstate 40, the Swannanoa community is full of rich mountain history. The area is named for the Swannanoa River that runs through the region and which was once a lifeline for settlers in the valley. Today, Swannanoa is growing quickly alongside other mountain communities. Watch Swannanoa Market Video Update Quick Link: Swannanoa Homes and Land For Sale Swannanoa enjoys proximity to nearby mountain vistas, rivers, and trails. The community of more than 4,500 residents breathes with mountain energy. Minutes from a plethora of natural or urban attractions (in Black Mountain and Asheville), Swannanoa is attracting first-time homebuyers and retirees alike. Quick Link: Find a Swannanoa real estate professional BUYING PROPERTY IN SWANNANOA Beverly-Hanks has an office conveniently located in nearby downtown Asheville. If you're searching for homes and land in Swannanoa, our expert real estate agents are available to help. Your Beverly-Hanks & Associates REALTOR® is backed by an outstanding support staff and committed to the highest standards of customer service. Find the homes in Swannanoa that allow you to Live the Life You Choose. Click below to search Swannanoa neighborhood real estate for your ideal listings. Swannanoa",,https://www.beverly-hanks.com/communities/swannanoa,,,-82.3958,35.5984,
Montford,"Montford Market Update Video Close If you seek the warmth and energy of Asheville, but the words “new” and “condo” aren’t quite your speed, the neighborhood of Montford is just a few short blocks away. Take a quick walk from the heart of downtown, and you will find yourself in the midst of a close-knit, historic neighborhood with large old trees, lush lawns, and diverse architecture. Watch Montford Market Video Update Quick Link: Montford Homes and Land For Sale Few neighborhoods reflect the rich architectural heritage of Asheville as well as the Montford Historic District. A portion of this neighborhood was listed in the National Register of Historic Places in 1977, and in 1981, the Asheville City Council designated Montford as a local historic district. Montford retains more than 600 buildings, most of which were built between 1890 and 1920. The neighborhood’s variety of architectural influences reflect the cosmopolitan character of Asheville during the turn of the 20th century. Victorian, Queen Anne, and Arts and Crafts styles combine with Neoclassical, Colonial Revival, and castle-like motifs, resulting in an overall complex quality of designs and artistic talent throughout the neighborhood. Quick Link: Find a Montford real estate professional BUYING PROPERTY IN",,https://www.beverly-hanks.com/communities/montford,,,-82.5699,35.6071,
Preserve at Chestnut Flats,"Preserve at Chestnut Flats Market Update Video Close Have you been dreaming of the iconic mountain lifestyle? Chestnut Flats is your ideal location! Enjoy the quiet luxury of a gated community that borders the Great Smoky Mountains National Park. Watch Preserve at Chestnut Flats Market Video Update This development of 800+ acres offers lots of two acres and up that are private and wooded or have stunning mountain views. Ranging from $35,000–$300,000, the first phase of lots became available in November 2018. Custom-built Art & Crafts-style homes start at $489,000. Minimum home size is set at 1,400 square feet.",397 Saranac Lane,https://www.beverly-hanks.com/communities/preserve-at-chestnut-flats,28785.0,Waynesville,,,NC
"Homes for Sale in Biltmore Forest, NC","Biltmore Forest Market Update Video Close Find houses for sale in Biltmore Forest, NC from Beverly-Hanks, REALTORS®. We have a convenient South Asheville office located just south of Biltmore Forest. We manage another office inside the Ramble Biltmore Forest, a private, master-planned community of 1,000 acres. Our real estate agents are experts in the community. In addition to local expertise, all Beverly-Hanks, REALTORS® are backed by an outstanding support staff and committed to the highest standards of customer service. Find a home for sale in Biltmore Forest that’s right for you. Continue browsing this page to see all Biltmore Forest, NC real estate listings. Watch Biltmore Forest Market Video Update",,https://www.beverly-hanks.com/communities/biltmore-forest,,,-82.54,35.5378,
1780,"1780 Market Update Video Close Named after the year patriots marched through the region to victory at the Battle of Kings Mountain, 1780 is the ideal place to escape to your lakefront retreat, yet be close to the daily activities at The Camp. The neighborhood features miles of community trails, including new pathways of the Overmountain Victory National Historic Trail a Linear National Park. These trails connect residents to Lake James State Park which has 3,000 acres of protected land and is directly adjacent to the property. Watch 1780 Market Video Update More than any community on the lake, 1780 offers a great variety of lakefront and mountain view homesites, including intimate rental enclaves at Hully Gully and The Camp. All off-water homesites have a dedicated boat slip in a community dock that's ready today. VIEW WEBSITE",,https://www.beverly-hanks.com/communities/1780,,,-81.904,35.7559,
Cherry Ridge,"Cherry Ridge Market Update Video Close Imagine living in a forest-like mountain setting, surrounded by nature. This is Cherry Ridge. A world apart, yet not so far away. Watch Cherry Ridge Market Video Update",,https://www.beverly-hanks.com/communities/cherry-ridge,,,-82.5645,35.7491,
Hawks Landing,"Hawks Landing Market Update Video Close Lovely upscale community being developed on 250 pristine wooded acres in Reems Creek Valley, with a commitment to preserve the integrity of the natural ambiance of native plants, wildlife, streams and waterfalls that are an integral part of this beautiful property. Watch Hawks Landing Market Video Update",,https://www.beverly-hanks.com/communities/hawks-landing,,,-82.4964,35.7125,
"Homes for Sale in Jackson County, NC","Jackson Market Update Video Close Find houses for sale in Jackson County, NC from Beverly-Hanks, REALTORS®. Our real estate agents are experts in the community. In addition to local expertise, all Beverly-Hanks, REALTORS® are backed by an outstanding support staff and committed to the highest standards of customer service. Find a home for sale in Jackson County that’s right for you. Continue browsing this page to see all Jackson County, NC real estate listings. Watch Jackson Market Video Update",,https://www.beverly-hanks.com/communities/jackson,,,-83.122,35.3265,
"Homes for Sale in Straus Park, NC","Straus Park Market Update Video Close Find houses for sale in Straus Park, NC from Beverly-Hanks, REALTORS®. We have an office conveniently located in nearby downtown Brevard and our real estate agents are experts in the community. In addition to local expertise, all Beverly-Hanks, REALTORS® are backed by an outstanding support staff and committed to the highest standards of customer service. Find a home for sale in Straus Park that’s right for you. Continue browsing this page to see all Straus Park, NC real estate listings. Watch Straus Park Market Video Update",,https://www.beverly-hanks.com/communities/straus-park,,,-82.7226,35.2571,
The Fitzgerald,"The Fitzgerald Market Update Video Close The Fitzgerald at Grove Park Inn is an intimate collection of just 24 well-appointed two and three bedroom condominiums. Featuring spectacular mountain and golf course views, these one of a kind residences offer all the luxury and amenities of the Grove Park Inn, just minutes from downtown Asheville. Watch The Fitzgerald Market Video Update",,https://www.beverly-hanks.com/communities/the-fitzgerald,,,-82.5413,35.6192,
"Homes for Sale in Clyde, NC","Find houses for sale in Clyde, NC from Beverly-Hanks, REALTORS®. Our real estate agents are experts in the community. In addition to local expertise, all Beverly-Hanks, REALTORS® are backed by an outstanding support staff and committed to the highest standards of customer service. Find a home for sale in Clyde that’s right for you. Continue browsing this page to see all Clyde, NC real estate listings.",,https://www.beverly-hanks.com/communities/clyde,,,-82.9106,35.5334,
"Homes for Sale in Canton, NC","Canton Market Update Video Close Find houses for sale in Canton, NC from Beverly-Hanks, REALTORS®. We have an office conveniently located nearby in Downtown Waynesville and our real estate agents are experts in the community. In addition to local expertise, all Beverly-Hanks, REALTORS® are backed by an outstanding support staff and committed to the highest standards of customer service. Find a home for sale in Canton that’s right for you. Continue browsing this page to see all Canton, NC real estate listings. Watch Canton Market Video Update",,https://www.beverly-hanks.com/communities/canton,,,-82.8373,35.5328,
Cedar Cliff Village,"A mountain lifestyle inspired community just minutes from downtown Asheville and The Blue Ridge Parkway. Cedar Cliff Village is a unique neighborhood of single family homes with short term rentals allowed. New construction starts at 1,300 square feet. This is your chance to build your new dream home or get in on the vacation rental opportunity in the Asheville area. Cedar Cliff Village is located in Fairview and is less than 10 minutes from downtown Asheville with easy access to everything the mountains of Western North Carolina offers.",51 Westside Village Road,https://www.beverly-hanks.com/communities/cedar-cliff-village,28730.0,Fairview,,,NC
The Haywood,"The Haywood Market Update Video Close The Haywood is an 18 luxury unit project in Downtown Asheville. Watch The Haywood Market Video Update Features Luxurious hardwood flooring Quartz countertops Stainless KitchenAid appliances Upgrades to Wolf and sub zero appliances available Combination soaking tub and glass enclosed shower units Kohler bathroom fixtures Tile shower walls Tile flooring in bath Recessed can and specialty lighting and ceiling fans Three distinct flooring, tile, and cabinetry options to suit your needs",123 Haywood Street,https://www.beverly-hanks.com/communities/the-haywood,28801.0,Asheville,-82.5566,35.5969,NC
Spring Creek Falls,"Spring Creek Falls Market Update Video Close Gated residential community of 30 homesites. Ponds, walking trails and dearly landscaped commons areas views, mountain ridgetop and meadow homesites. Watch Spring Creek Falls Market Video Update",,https://www.beverly-hanks.com/communities/spring-creek-falls,,,-82.5499,35.281,
"Homes for Sale in Chimney Rock & Bat Cave, NC","Find houses for sale in Chimney Rock & Bat Cave, NC from Beverly-Hanks, REALTORS®. Our real estate agents are experts in the community. In addition to local expertise, all Beverly-Hanks, REALTORS® are backed by an outstanding support staff and committed to the highest standards of customer service. Find a home for sale in Chimney Rock & Bat Cave that’s right for you. Continue browsing this page to see all Chimney Rock & Bat Cave, NC real estate listings.",,https://www.beverly-hanks.com/communities/chimney-rock-&-bat-cave,,,-82.2516,35.4307,
"Homes for Sale in Reynolds Mountain, NC","Reynolds Mountain Market Update Video Close Find houses for sale in Reynolds Mountain, NC from Beverly-Hanks, REALTORS®. We have an office conveniently located in north Asheville on Merrimon Avenue and our real estate agents are experts in the community. In addition to local expertise, all Beverly-Hanks, REALTORS® are backed by an outstanding support staff and committed to the highest standards of customer service. Find a home for sale in Reynolds Mountain that’s right for you. Continue browsing this page to see all Reynolds Mountain, NC real estate listings. Watch Reynolds Mountain Market Video Update",,https://www.beverly-hanks.com/communities/reynolds-mountain,,,-82.5635,35.6529,
"Homes for Sale in Sherwood Forest, NC","Sherwood Forest Market Update Video Close Find houses for sale in Sherwood Forest, NC from Beverly-Hanks, REALTORS®. We have an office conveniently located in South Brevard just a moment away from Sherwood Forest and our real estate agents are experts in the community. In addition to local expertise, all Beverly-Hanks, REALTORS® are backed by an outstanding support staff and committed to the highest standards of customer service. Find a home for sale in Sherwood Forest that’s right for you. Continue browsing this page to see all Sherwood Forest, NC real estate listings. Watch Sherwood Forest Market Video Update",,https://www.beverly-hanks.com/communities/sherwood-forest,,,-82.6838,35.1481,
"Homes for Sale in Connestee Falls, NC","Connestee Falls Market Update Video Close Find houses for sale in Connestee Falls, NC from Beverly-Hanks, REALTORS®. We have two office locations convenient to Connestee Falls. The Brevard, South Office is located just outside the east gate of the community, while the Brevard, Downtown Office is in the heart of town. At all offices, our real estate agents are experts in the community. In addition to local expertise, all Beverly-Hanks, REALTORS® are backed by an outstanding support staff and committed to the highest standards of customer service. Find a home for sale in Connestee Falls that’s right for you. Continue browsing this page to see all Connestee Falls, NC real estate listings. Watch Connestee Falls Market Video Update",,https://www.beverly-hanks.com/communities/connestee-falls,,,-82.7265,35.1629,
"Homes for Sale in Barnardsville, NC","Barnardsville Market Update Video Close Find houses for sale in Barnardsville, NC from Beverly-Hanks, REALTORS®. Our real estate agents are experts in the community. In addition to local expertise, all Beverly-Hanks, REALTORS® are backed by an outstanding support staff and committed to the highest standards of customer service. Find a home for sale in Barnardsville that’s right for you. Continue browsing this page to see all Barnardsville, NC real estate Watch Barnardsville Market Video Update",,https://www.beverly-hanks.com/communities/barnardsville,,,-82.4332,35.7627,
The Villages at Crest Mountain,"The Villages at Crest Mountain Market Update Video Close The Villages at Crest Mountain is a comprehensive green-built neighborhood 4.5 miles from downtown Asheville, North Carolina. This affordable intentional eco-community embraces social interaction and fellowship, organic food production, renewable energy, healthy built construction, rainwater harvesting, and shared resources. VIEW WEBSITE Watch The Villages at Crest Mountain Market Video Update",,https://www.beverly-hanks.com/communities/the-villages-at-crest-mountain,,,-82.6146,35.61,
"Homes for Sale in Fletcher, NC","Fletcher Market Update Video Close Find houses for sale in Fletcher, NC from Beverly-Hanks, REALTORS®. We have an office conveniently located in Biltmore Park in South Asheville/Arden and our real estate agents are experts in the community. In addition to local expertise, all Beverly-Hanks, REALTORS® are backed by an outstanding support staff and committed to the highest standards of customer service. Find a home for sale in Fletcher that’s right for you. Continue browsing this page to see all Fletcher, NC real estate listings. Watch Fletcher Market Video Update",,https://www.beverly-hanks.com/communities/fletcher,,,-82.5012,35.4306,
"Homes for Sale in Laurel Park, NC","Laurel Park Market Update Video Close Find houses for sale in Laurel Park, NC from Beverly-Hanks, REALTORS®. Our real estate agents are experts in the community. In addition to local expertise, all Beverly-Hanks, REALTORS® are backed by an outstanding support staff and committed to the highest standards of customer service. Find a home for sale in Laurel Park that’s right for you. Continue browsing this page to see all Laurel Park, NC real estate listings. Watch Laurel Park Market Video Update",,https://www.beverly-hanks.com/communities/laurel-park,,,-82.4934,35.3137,
Sylva,"With about 2500 residents, the town of Sylva serves as the county seat of Jackson County. However, it wasn't always that way. Originally, the village of Webster was established as the county seat but changed to Sylva in 1914. Covering 1,100 acres, Pinnacle Park provides plenty of opportunities for outdoor recreation. Visitors can hike to the pinnacle, which sits at an elevation of 5000 feet, and the view of town below. Southwestern Community College in Sylva offers more than 50 degree, certificate and diploma programs including GED preparation and options to transfer to a four-year university.",,https://www.beverly-hanks.com/communities/sylva,,,-83.2256,35.3741,
The Village Smoky Mtn Retreat,"The Village within Smoky Mountain Retreat at Eagles Nest sits at 4,000+ feet with one of the coolest summer climates in the North Carolina mountains. Nestled in a lush canopy of splendid woodlands, The Village offers a 60-acre enclave of manageable Â¾+ acre home sites. It's an affordable park-like mountain setting, in one of the area's most prestigious mountain home developments. Newly built homes measure between 1,500 sq ft and 3,000 sq ft. Building/lot packages range from $279,000 to $400,000 and each home is loaded with refined features.",,https://www.beverly-hanks.com/communities/the-village-smoky-mtn-retreat,,,,,
"Homes for Sale in Hendersonville, NC","Hendersonville Market Update Video Close Find houses for sale in Hendersonville, NC from Beverly-Hanks, REALTORS®. We have an office conveniently located on Main Street in Hendersonville and our Hendersonville real estate agents are experts in the community. In addition to local expertise, all Beverly-Hanks, REALTORS® are backed by an outstanding support staff and committed to the highest standards of customer service. Find a home for sale in Hendersonville that’s right for you. Continue browsing this page to see all Hendersonville, NC real estate listings. Watch Hendersonville Market Video Update",,https://www.beverly-hanks.com/communities/hendersonville,,,-82.4609,35.3187,
"Homes for Sale in Balsam Mountain Preserve, NC","Find houses for sale in Balsam Mountain Preserve, NC from Beverly-Hanks, REALTORS®. Our real estate agents are experts in the community. In addition to local expertise, all Beverly-Hanks, REALTORS® are backed by an outstanding support staff and committed to the highest standards of customer service. Find a home for sale in Balsam Mountain Preserve that’s right for you. Continue browsing this page to see all Balsam Mountain Preserve, NC real estate listings.",,https://www.beverly-hanks.com/communities/balsam-mountain-preserve,,,-82.9833,35.3667,
Old Wildlife Club,"Larger homesites are nestled amongst beautiful, mature trees, rolling hills and wildernesses define the beauty of Old Wildlife Club on Lake James. It is a place where people and nature peacefully coexist. Offering incredible views of the Pisgah National Forest, Linville Gorge Wilderness and the Blue Ridge Mountains, this lake community was once a well-known hunting ground. Today, it's home to an abundance of wildlife, including deer, turkey, red foxes and more. VIEW WEBSITE Tucked in next to the original section of Lake James State Park, Old Wildlife is just a quick boat ride across the water from The Camp, our lakefront adventure center, and its sister community, 1780. All off-water homesites have a dedicated slip in a community dock that's ready today, making this an ideal community for boat lovers aching to explore the area. A system of community hiking trails connects Old Wildlife owners to a network of protected meadows with stunning views of Shortoff Mountain and Linville Gorge.",,https://www.beverly-hanks.com/communities/old-wildlife-club,,,-81.9231,35.743,
Brickton Village,"Brickton Village Market Update Video Close Brickton Village is a must see if you're looking for a friendly, convenient condominium village. We've just completed two new buildings—48 units—with two and three-bedroom choices. Both buildings include an elevator, a much-appreciated amenity in inclement weather or when carrying groceries and other items. All exterior maintenance is covered with a low HOA fee. Watch Brickton Village Market Video Update This owner-occupied community offers truly affordable quality built homes starting at $135,000. Prices this low mean that in many cases you can own a home for less than you can rent. Upon completion, we plan to offer 100% financing *(subject to qualification) through our mortgage specialist John Isgrig, one of the most experienced loan officers in the area. High ceilings(9') are just the beginning of the thoughtful touches each condo includes. All units have open floor plans, 42\"" cabinets, granite counters in kitchen, and extra insulation. Stainless appliances and balconies are standard. Upgrades are available for floor treatments and other options. Green spaces, views, and a dog-friendly area let you enjoy the outdoors and beautiful mountains surrounding the village. Visit our model unit onsite! Being owner-occupied makes for a true community where you get",,https://www.beverly-hanks.com/communities/brickton-village,,,-82.5134,35.409,
The Terrace At Reynolds Mountain,"Craft designed for an active, low-maintenance lifestyle, the modern villas of The Terrace At Reynolds Mountain balance tranquil mountain living with easy access to the thriving urban scene of Asheville, North Carolina. Close to both nature and city, The Terrace offer the perfect blend of amenities, convenience and outstanding value. The Terrace villas feature sustainable, smart architecture with a touch of modern elegance. Be part of a neighborhood with private streets and natural buffers that support native wildlife. With year-round mountain views and proximity to both city and mountain wilderness, the villas at The Terrace are created for you to live life, balanced, in Asheville, NC.","Senator Reynolds Road, Asheville, NC 28804",https://www.beverly-hanks.com/communities/the-terrace-at-reynolds-mountain,28804.0,Reynolds Mountain,-82.577,35.641,NC
The Preserve at Wolf Laurel,"The Preserve at Wolf Laurel Market Update Video Close The Wolf Laurel community consists of over 5,000 acres with elevations ranging from 3,200 feet to 4,800 feet above sea level. As a recent addition to the Wolf Laurel community, The Preserve is an established gated community with beautiful mountain homes and home sites available for purchase. With elevations up to 4,800 feet, The Preserve at Wolf Laurel is perfect for a primary residence or seasonal mountain home retreat with breathtaking views and a sense of tranquility entrenched in nature. A variety of home sites and plans are available through our preferred builder program for homebuyers to build the home of their dreams. Homes are under construction with four models to choose from and a range of affordable prices. Watch The Preserve at Wolf Laurel Market Video Update",5860 Bald Mountain Rd,https://www.beverly-hanks.com/communities/the-preserve-at-wolf-laurel,28714.0,Burnsville,,,NC
Eagle Pointe,"Eagle Pointe Market Update Video Close Charming community located in the desirable Flat Rock - Hendersonville area. Eagle Pointe consists of 46 single family home sites starting in the mid-$200s. Convenient to downtown Hendersonvile (3 miles) and adjacent to Blue Ridge College, Eagle Pointe offers single-level living, home sizes from 1,588 to 2378 sq. ft. Each home is carefully designed in the Craftsman style with open floor plans, high ceilings throughout, split bedrooms, covered patios and porches and oversize two-car garages. You'll enjoy our walking trails, our open area and our careful attention to detail.Eagle Pointe has underground utilities including power, city water and sewer, cable and natural gas. Two completed 3 bedroom, 2 bath cottages are now available. Watch Eagle Pointe Market Video Update",,https://www.beverly-hanks.com/communities/eagle-pointe,,,-82.4288,35.3085,
"Homes for Sale in Swain County, NC","Find houses for sale in Swain County, NC from Beverly-Hanks, REALTORS®. Our real estate agents are experts in the community. In addition to local expertise, all Beverly-Hanks, REALTORS® are backed by an outstanding support staff and committed to the highest standards of customer service. Find a home for sale in Swain County that’s right for you. Continue browsing this page to see all Swain County, NC real estate listings.",,https://www.beverly-hanks.com/communities/swain,,,,,
Crystal Communities,"Crystal Communities Market Update Video Close Crystal Heights, Crystal Creek, and Crystal Cove are unique residential neighborhoods boasting 48 homesites on 50 acres. Each homesite offers magnificent mountain, lake, or forest views. Amenities include a private lake, creek, picnic area, and BBQ facilities and are available to all residents. Located just minutes away from historic downtown Hendersonville, this is a wonderful place to build and live in your dream house. Lots from the low 70's. Watch Crystal Communities Market Video Update",,https://www.beverly-hanks.com/communities/crystal-communities,,,-82.5484,35.2931,
"Homes for Sale in Tryon, NC","Find houses for sale in Tryon, NC from Beverly-Hanks, REALTORS®. We have an office conveniently located nearby in Saluda and our real estate agents are experts in the community. In addition to local expertise, all Beverly-Hanks, REALTORS® are backed by an outstanding support staff and committed to the highest standards of customer service. Find a home for sale in Tryon that’s right for you. Continue browsing this page to see all Tryon, NC real estate listings.",,https://www.beverly-hanks.com/communities/tryon,,,-82.2372,35.205,
Somersby Park,"The Somersby Park neighborhood is located in the picturesque mountain community of Laurel Park, North Carolina. We are 15 minutes from downtown Hendersonville with easy access to Asheville and Brevard. Somersby Park is a magnificent 160-acre private mountain community located adjacent to Jump Off Rock in beautiful Laurel Park. Behind the gated entrance lies a setting which comes to life with hardwood and evergreen trees, Rhododendron forests, spring fed streams that flow into intimate ponds, trails and massive sentinels of granite outcroppings. You'll be able to enjoy the seclusion of a quiet mountain enclave, yet rest comfortably within minutes of the small-town Southern hospitality of downtown Hendersonville, and from culturally rich Asheville. Access to some of the world's finest fly-fishing, kayaking and canoeing is minutes away. Everything from shopping, dining, art and culture, history, medical care, churches and schools are a short distance from your driveway. All of this plus the mild western North Carolina climate makes it ideal for the outdoor enthusiast. Learn More About Somersby Park",,https://www.beverly-hanks.com/communities/somersby-park,,,-82.4941,35.3136,
Haw Creek,"Haw Creek Market Update Video Close Just to the east of downtown Asheville is Haw Creek. Named for the majestic valley where it lies, Haw Creek is a neighborhood of homes of varying styles and price ranges, all surrounded by the natural beauty of the area. With its thriving community association and well-maintained city parks, it has the feel of a planned community. The neighborhood backs up to the Blue Ridge Parkway and is crisscrossed with trails some of which lead to the Parkway, yet is still conveniently located very close to one of Asheville's main centers of commerce, the Asheville Mall and the shopping centers on South Tunnel Road. Like most neighborhoods in Asheville, the city maintains wonderful public spaces for residents of Haw Creek. The East Asheville Center is part of the complex housing the East Asheville Branch Library and a fire station. Outside the center is a large playground, picnic tables, grills and a basketball court. Charlie Bullman Park, named after an Asheville legend in youth sports, features two lighted ballfields, concession and restrooms. Haw Creek Park, a neighborhood park featuring wooded natural areas, trails, a gazebo, restrooms, and a picnic shelter. Watch Haw Creek Market Video",,https://www.beverly-hanks.com/communities/haw-creek,,,-82.505,35.5977,
Homes for Sale in Western North Carolina,"Western North Carolina Market Update Video Close Find houses for sale in Western North Carolina from Beverly-Hanks, REALTORS®. Our Western North Carolina real estate agents are experts in the community. In addition to local expertise, all Beverly-Hanks, REALTORS® are backed by an outstanding support staff and committed to the highest standards of customer service. Find a home for sale in Western North Carolina that’s right for you. Continue browsing this page to see all Western North Carolina real estate listings. Watch Western North Carolina Market Video Update",,https://www.beverly-hanks.com/communities/western-north-carolina,,,-82.565,35.6076,
"Homes for Sale in Burnsville, NC","Burnsville Market Update Video Close Find houses for sale in Burnsville, NC from Beverly-Hanks, REALTORS®. We have an office located in north Asheville, just half an hour from Burnsville and our Burnsville real estate agents are experts in the community. In addition to local expertise, all Beverly-Hanks, REALTORS® are backed by an outstanding support staff and committed to the highest standards of customer service. Find a home for sale in Burnsville that’s right for you. Continue browsing this page to see all Burnsville, NC real estate listings. Watch Burnsville Market Video Update",,https://www.beverly-hanks.com/communities/burnsville,,,-82.2976,35.9166,
"Homes for Sale in The Ramble Biltmore Forest, NC","The Ramble Biltmore Forest Market Update Video Close Find houses for sale in The Ramble Biltmore Forest, NC from Beverly-Hanks, REALTORS®. Our The Ramble Biltmore Forest real estate agents are experts in the community. In addition to local expertise, all Beverly-Hanks, REALTORS® are backed by an outstanding support staff and committed to the highest standards of customer service. Find a home for sale in The Ramble Biltmore Forest that’s right for you. Continue browsing this page to see all The Ramble Biltmore Forest, NC real estate listings. Watch The Ramble Biltmore Forest Market Video Update",5 Valley Springs Rd,https://www.beverly-hanks.com/communities/the-ramble-biltmore-forest,28803.0,Asheville,-82.5289,35.516,NC
"Homes for Sale in Graham County, NC","Find houses for sale in Graham County, NC from Beverly-Hanks, REALTORS®. Our real estate agents are experts in the community. In addition to local expertise, all Beverly-Hanks, REALTORS® are backed by an outstanding support staff and committed to the highest standards of customer service. Find a home for sale in Graham County that’s right for you. Continue browsing this page to see all Graham County, NC real estate listings.",,https://www.beverly-hanks.com/communities/graham,,,-83.9497,35.3697,
The Farm At Mills River,"It’s often said that location is everything. And that’s an inescapable truth in real estate. While most places won’t fit every need, The Farm at Mills River is situated in a location that’s genuinely well-suited for almost everybody. Nestled comfortably in the heart of the magnificent Blue Ridge Mountains of North Carolina, this outstanding development puts you within an easy drive of every worthwhile destination in this national treasure.",455 Nesbitt Drive,https://www.beverly-hanks.com/communities/the-farm-at-mills-river,28759.0,Mills River,-82.5497,35.4002,NC
Baldwin Commons,"Baldwin Commons Market Update Video Close Baldwin Commons is a new town house community located in Arden, NC. Baldwin Commons will consist of 62 homes. It will feature amenities such as a dog park, playground, and plenty of common area greenspace. The location is stellar. Baldwin Commons is five minutes to shopping, dining, and entertainment. Buyers can select their own finishes if they purchase before builder-selected finishes have been installed. Homes start at $229,900. Welcome home! Watch Baldwin Commons Market Video Update",1007 Baldwin Commons,https://www.beverly-hanks.com/communities/baldwin-commons,28704.0,Arden,-82.505,35.4579,NC
Sun Dance Ridge,Sun Dance Ridge Market Update Video Close Sun Dance Ridge. A mountain community built on a foundation of environmental preservation and economic value. Watch Sun Dance Ridge Market Video Update,,https://www.beverly-hanks.com/communities/sun-dance-ridge,,,-82.3212,35.6178,
Fox Run Preserve,"In a private natural setting, just 10 minutes from vibrant downtown Hendersonville and historic Flat Rock's Fox Run Preserve is a serene community developed by Biltmore Farms with large wooded lots and abundant open space. With only 44 homesites on 86 acres, more than a fourth of the land in this small gated community is dedicated to green space, a community pond, parks, and walking trails. Fox Run Preserve is a special place to simplify and enjoy privacy, nature, and convenience.",,https://www.beverly-hanks.com/communities/fox-run-preserve,,,-82.5116,35.2839,
Hyde Park,"On-Site Sales Center Open by Appointment Located in beautiful South Asheville, Hyde Park is an Arts and Crafts-style new home community in Arden with land and home packages starting at $260,000. There are 10+ lots still available in Phase I and several floor plans from which to choose. All of the homes built in Hyde Park are site-built with a completion time of approximately 8–10 months from start of construction. Standard features include natural gas furnace, 9-foot ceilings, hardwood floors in the main living areas, cement board siding, natural gas range, granite counter tops, and covered front porch. This community is located between Asheville and Hendersonville and is convenient to Asheville Airport, Biltmore Park Reuter YMCA, hiking, shopping, and dining. Phase 1 Plat",,https://www.beverly-hanks.com/communities/hyde-park,,,-82.5529,35.4656,
"Homes for Sale in Old Fort, NC","Find houses for sale in Old Fort, NC from Beverly-Hanks, REALTORS®. Our real estate agents are experts in the community. In addition to local expertise, all Beverly-Hanks, REALTORS® are backed by an outstanding support staff and committed to the highest standards of customer service. Find a home for sale in Old Fort that’s right for you. Continue browsing this page to see all Old Fort, NC real estate listings.",,https://www.beverly-hanks.com/communities/old-fort,,,-82.1806,35.629,
"Homes for Sale in Yancey County, NC","Yancey Market Update Video Close Find houses for sale in Yancey County, NC from Beverly-Hanks, REALTORS®. We have an office located in north Asheville on Merrimon Avenue, just half an hour from Yancey County and our real estate agents are experts in the community. In addition to local expertise, all Beverly-Hanks, REALTORS® are backed by an outstanding support staff and committed to the highest standards of customer service. Find a home for sale in Yancey County that’s right for you. Continue browsing this page to see all Yancey County, NC real estate listings. Watch Yancey Market Video Update",,https://www.beverly-hanks.com/communities/yancey,,,-82.3,35.9176,
"Homes for Sale in Weaverville, NC","Weaverville Market Update Video Close Find houses for sale in Weaverville, NC from Beverly-Hanks, REALTORS®. We have an office conveniently located on Main Street in Weaverville and our Weaverville real estate agents are experts in the community. In addition to local expertise, all Beverly-Hanks, REALTORS® are backed by an outstanding support staff and committed to the highest standards of customer service. Find a home for sale in Weaverville that’s right for you. Continue browsing this page to see all Weaverville, NC real estate listings. Watch Weaverville Market Video Update",,https://www.beverly-hanks.com/communities/weaverville,,,-82.5606,35.697,
"Homes for Sale in Arden, NC","Arden Market Update Video Close Find houses for sale in Arden, NC from Beverly-Hanks, REALTORS®. Our real estate agents are experts in the community. In addition to local expertise, all Beverly-Hanks, REALTORS® are backed by an outstanding support staff and committed to the highest standards of customer service. Find a home for sale in Arden that’s right for you. Continue browsing this page to see all Arden, NC real estate listings. Watch Arden Market Video Update",,https://www.beverly-hanks.com/communities/arden,,,-82.5165,35.4662,
Pinchot Forest,"Pinchot Forest Market Update Video Close Pinchot Forest is a luxurious gated community located in beautiful South Asheville, offering the ultimate blend of privacy and convenience. The community is home to only 22 expansive estate homesites ranging in size from 1.6 to 3.4 acres, affording you a peaceful life surrounded by virgin forest with long-range views of The Blue Ridge mountains. And only a few minutes away you’ll enjoy the bevy of shopping, dining and entertainment options available to residents of the most vibrant and sought-after city in the Southeast. Watch Pinchot Forest Market Video Update",102 Old Forest Drive,https://www.beverly-hanks.com/communities/pinchot-forest,28803.0,Asheville,-82.5086,35.4988,NC
Cashiers,"Cashiers Market Update Video Close The Village of Cashiers likes to boast of its location, perched on the highest plateau in the Blue Ridge Mountains in Western North Carolina. And, there's no doubt this singularly unique geography is spectacularly beautiful, with hundreds of waterfalls, quiet lakes, stone mountains and rhododendron forests. Watch Cashiers Market Video Update Cashiers (pronounced CASH-ers) is a true crossroads community, with four roads coming in from each of the cardinal directions serving as the only arteries in or out. At this crossroads is the Village Green, a commons area lined with shops. You'll find plenty of hikers and rock climbers amongst the permanent residents in the area. Panthertown Valley boasts 6,700 acres of sheer rock, waterfalls, and hiking and biking trails. Cashiers also has excellent golfing and country clubs. High Hampton Inn and Country Club and Fairfield Sapphire Valley are full-service resorts that provide rooms, golfing, dining and other amenities. In the village proper, a walking trail leads shoppers to the many retail shops and restaurants. Whitewater Falls, the tallest waterfall in the east, is 10 miles from Cashiers. The Zachary-Tolbert House is an 1840 Greek Revival estate house on the National Register of Historic Places",,https://www.beverly-hanks.com/communities/cashiers,,,-83.0996,35.1119,
"Homes for Sale in Lake Junaluska, NC","Lake Junaluska Market Update Video Close Find houses for sale in Lake Junaluska, NC from Beverly-Hanks, REALTORS®. Our real estate agents are experts in the community. In addition to local expertise, all Beverly-Hanks, REALTORS® are backed by an outstanding support staff and committed to the highest standards of customer service. Find a home for sale in Lake Junaluska that’s right for you. Continue browsing this page to see all Lake Junaluska, NC real estate listings. Watch Lake Junaluska Market Video Update",,https://www.beverly-hanks.com/communities/lake-junaluska,,,-82.9595,35.5278,
Biltmore Park Town Square Condos,"Biltmore Park Town Square Condos Market Update Video Close Find your perfect place with the condos and town homes in Biltmore Park Town Square. Humming with life, this vibrant town center in Asheville, NC is a fresh re-imagining of the Main Streets of the past, made to meet today's standards of smart growth, green living and reduced driving. Watch Biltmore Park Town Square Condos Market Video Update VIEW WEBSITE",,https://www.beverly-hanks.com/communities/biltmore-park-town-square-condos,,,-82.5548,35.4866,
"Homes for Sale in Rutherford County, NC","Rutherford Market Update Video Close Find houses for sale in Rutherford County, NC from Beverly-Hanks, REALTORS®. Our real estate agents are experts in the community. In addition to local expertise, all Beverly-Hanks, REALTORS® are backed by an outstanding support staff and committed to the highest standards of customer service. Find a home for sale in Rutherford County that’s right for you. Continue browsing this page to see all Rutherford County, NC real estate listings. Watch Rutherford Market Video Update",,https://www.beverly-hanks.com/communities/rutherford,,,-81.957,35.3693,
"Homes for Sale in Saluda, NC","Saluda Market Update Video Close Find houses for sale in Saluda, NC from Beverly-Hanks, REALTORS®. Our Saluda real estate agents are experts in the community. In addition to local expertise, all Beverly-Hanks, REALTORS® are backed by an outstanding support staff and committed to the highest standards of customer service. Find a home for sale in Saluda that’s right for you. Continue browsing this page to see all Saluda, NC real estate listings. Watch Saluda Market Video Update",,https://www.beverly-hanks.com/communities/saluda,,,-82.3492,35.2362,
"Homes for Sale in Hollabrook Farm, NC","Find houses for sale in Hollabrook Farm, NC from Beverly-Hanks, REALTORS®. Our real estate agents are experts in the community. In addition to local expertise, all Beverly-Hanks, REALTORS® are backed by an outstanding support staff and committed to the highest standards of customer service. Find a home for sale in Hollabrook Farm that’s right for you. Continue browsing this page to see all Hollabrook Farm, NC real estate listings.",,https://www.beverly-hanks.com/communities/hollabrook-farm,,,-82.5439,35.4035,
Bridgewater,"Bridgewater Market Update Video Close Bridgewater is a lifestyle community located in the beautiful Cane Creek Valley of Fairview, NC, just minutes from downtown and South Asheville. Bridgewater was developed and planned to enhance and protect the preserved meadows and creekside greenspace along with the nature trails. Bridgewater has a gated entrance and a six-acre community park. Watch Bridgewater Market Video Update",,https://www.beverly-hanks.com/communities/bridgewater,,,-82.4292,35.5024,
"Homes for Sale in Fairview, NC","Fairview Market Update Video Close Find houses for sale in Fairview, NC from Beverly-Hanks, REALTORS®. We have an office conveniently located nearby in South Asheville and our real estate agents are experts in the community. In addition to local expertise, all Beverly-Hanks, REALTORS® are backed by an outstanding support staff and committed to the highest standards of customer service. Find a home for sale in Fairview that’s right for you. Continue browsing this page to see all Fairview, NC real estate listings. Watch Fairview Market Video Update",,https://www.beverly-hanks.com/communities/fairview,,,-82.3986,35.5152,
Montreat,"Montreat Market Update Video Close Montreat, NC is a secluded mountain cove community. The town is rare in that it is void of commercial development, has no traffic lights, and no home postal delivery. It is truly an environmentally conscious neighborhood. Watch Montreat Market Video Update Quick Link: Montreat Homes and Land for Sale Montreat occupies 2.8 square miles and is centered around the focal point of Lake Susan. Connecting with nature is easy in Montreat. Multiple trails wind through hundreds of acres of wilderness surrounding the town, along creeks, across rustic bridges, and through preserved woodland areas. Quick Link: Find a Montreat Real Estate Professional BUYING PROPERTY IN MONTREAT Beverly-Hanks has an office conveniently located nearby in North Asheville. If you're searching for homes and land in Montreat, our expert real estate agents are available to help. Your Beverly-Hanks REALTOR® is backed by an outstanding support staff and committed to the highest standards of customer service. Find the homes in Montreat that allow you to Live the Life You Choose. Click below to search Montreat real estate for your ideal listings. All Homes and Land for Sale in Montreat Quick Link: Montreat Market Information For home mortgage services through",,https://www.beverly-hanks.com/communities/montreat,,,-82.3028,35.6442,
"Homes for Sale in Southcliff, NC","Southcliff Market Update Video Close Find houses for sale in Southcliff, NC from Beverly-Hanks, REALTORS®. Our real estate agents are experts in the community. In addition to local expertise, all Beverly-Hanks, REALTORS® are backed by an outstanding support staff and committed to the highest standards of customer service. Find a home for sale in Southcliff that’s right for you. Continue browsing this page to see all Southcliff, NC real estate listings. Watch Southcliff Market Video Update",,https://www.beverly-hanks.com/communities/southcliff,,,-82.441,35.5423,
Village Park,"Village Park Market Update Video Close Village Park is a gated community consisting of 36 single family lots and 24 luxury townhomes (called \""The Meadows\""). Defined by natural forested habitat, Village Park is a beautifully planned gated community. The communities neighborhoods are masterfully planned and inspired by the beauty of nature. Watch Village Park Market Video Update You'll be able to enjoy quiet meditative walks with views of the mountains from many spots within the community. Village Park includes an attractive park and garden area that encourages residents to sit and enjoy the masterful landscaping. We also have an active Homeowners Association. Located close to downtown Asheville with convenient access to schools, medical facilities, and shopping.",,https://www.beverly-hanks.com/communities/village-park,,,-82.4655,35.5462,
Ciel,"Ciel is a community of 25 estate-sized homesites carefully planned on 117 acres in Asheville, NC. Even the most complex painting begins with a single brush stroke. Similarly, the vision for CiÄ•l in Asheville, NC began with a simple concept. A desire to create an environment that balances the majesty of the North Carolina mountains with custom-crafted, luxury homes. That dream has been cultivated into a mountaintop neighborhood that respects the existing landscape. Dramatic Blue Ridge Mountain views serve as the backdrop for this community committed to environmentally conscious development. All aspects of the mountain homes are carefully planned by a team of experts to create a healthier home without sacrificing luxury. VIEW WEBSITE",,https://www.beverly-hanks.com/communities/ciel,,,-82.5417,35.6543,
55 South Market,"55 South Market Market Update Video Close Luxurious, upscale and timeless, our eco-friendly homes feature the best in smart home technology and hand crafted design. 55 South Market boasts building amenities that include on-site parking, a resident elevator, trash chutes, and controlled building access. Watch 55 South Market Market Video Update","55 S Market Street, Asheville, NC 28801",https://www.beverly-hanks.com/communities/55-south-market,28801.0,Asheville,-82.5499,35.5928,NC
"Homes for Sale in Grove Park, NC","Grove Park Market Update Video Close Find houses for sale in Grove Park, NC from Beverly-Hanks, REALTORS®. We have an office conveniently located in North Asheville, just minutes from the Grove Park neighborhood and our real estate agents are experts in the community. In addition to local expertise, all Beverly-Hanks, REALTORS® are backed by an outstanding support staff and committed to the highest standards of customer service. Find a home for sale in Grove Park that’s right for you. Continue browsing this page to see all Grove Park, NC real estate listings. Watch Grove Park Market Video Update",,https://www.beverly-hanks.com/communities/grove-park,,,-82.54,35.6145,
The Views at Rose Hill,"Surrounded by 360 degrees of mountain vistas, Rose Hill offers exceptional mountain homes with breathtaking views. Conveniently located in a gated community, Rose Hill offers a secure, peaceful setting with well built homes for sale in Asheville NC. Rose Hill has a low maintenance way of life complete with community gardens, a clubhouse and pool. View the latest floorplans being built and the 2015 Features Sheet. Walk Through 3D Tour of Model Home",,https://www.beverly-hanks.com/communities/the-views-at-rose-hill,,,-82.7205,35.6564,
Leicester,"Leicester Market Update Video Close The unincorporated community of Leicester generally flies under the radar compared to bustling West Asheville or charming Weaverville. Even so, they’ve seen a 16% growth in population since 2000, making it a great place to discover and live for those in the know. Watch Leicester Market Video Update Quick Link: Leicester Homes and Land For Sale Originally called Turkey Creek, the Leicester community was founded in 1829 with the establishment of a local post office. Frontiersman Leicester Chapman, an early Postmaster of that office, renamed the area for his own namesake, the Earl of Leicester. Today, the bucolic community is filled with local farms, artisans, and nature lovers who enjoy the quiet mountain views. Quick Link: Find a Leicester real estate professional BUYING PROPERTY IN LEICESTER Beverly-Hanks has an office conveniently located in nearby downtown Asheville. If you're searching for homes and land in Leicester, our expert real estate agents are available to help. Your Beverly-Hanks & Associates REALTOR® is backed by an outstanding support staff and committed to the highest standards of customer service. Find the homes in Leicester that allow you to Live the Life You Choose. Click below to search Leicester neighborhood",,https://www.beverly-hanks.com/communities/leicester,,,-82.7137,35.6526,
Village at Windstone,"Village at Windstone Market Update Video Close Luxuriously appointed townhouses from $299,000 and up. Conveniently located between Asheville and Hendersonville. Enjoy gated security, club house with heated pool, walking trails & greenspace, and panoramic views. Watch Village at Windstone Market Video Update",,https://www.beverly-hanks.com/communities/village-at-windstone,,,-82.4738,35.4401,
"Homes for Sale in Mars Hill, NC","Mars Hill Market Update Video Close Find houses for sale in Mars Hill, NC from Beverly-Hanks, REALTORS®. Our real estate agents are experts in the community. In addition to local expertise, all Beverly-Hanks, REALTORS® are backed by an outstanding support staff and committed to the highest standards of customer service. Find a home for sale in Mars Hill that’s right for you. Continue browsing this page to see all Mars Hill, NC real estate listings. Watch Mars Hill Market Video Update",,https://www.beverly-hanks.com/communities/mars-hill,,,-82.5493,35.8264,
Country Walk,"Country Walk is a family-oriented new home community and part of the Glen Arden Elementary, Cane Creek Middle, and TC Roberson High School district. There is even a covered bus stop for the kids waiting to head out each day. Quick Link: Country Walk Homes and Land For Sale You can buy a lot and build your own home or work with the developer of Country Walk on a lot/home package. Minimum square footage is 2,000, and building packages range from $475,000–$600,000. City water is available, with septic tank required. Quick Link: Find a Country Walk real estate professional BUYING PROPERTY IN COUNTRY WALK Find the homes in Country Walk that allow you to Live the Life You Choose. Click below to search Country Walk real estate for your ideal listings. ALL HOMES AND LAND FOR SALE IN COUNTRY WALK To learn more about Country Walk, contact Beverly-Hanks & Associates REALTOR® Eric Attreau and discuss the options, the community, the prices, and more. For home mortgage services through Beverly-Hanks & Associates, visit our Mortgage Services office in downtown Asheville, NC. COUNTRY WALK REAL ESTATE IS ALL ABOUT LOCATION: Located in Fletcher, Country Walk offers many amenities within minutes, including a",40 Jackson Meadow Road,https://www.beverly-hanks.com/communities/country-walk,28732.0,Fletcher,-82.4819,35.4819,NC
"Homes for Sale in Rumbling Bald Resort, NC","Rumbling Bald Resort Market Update Video Close Find houses for sale in Rumbling Bald Resort, NC from Beverly-Hanks, REALTORS®. Our Rumbling Bald Resort real estate agents are experts in the community. In addition to local expertise, all Beverly-Hanks, REALTORS® are backed by an outstanding support staff and committed to the highest standards of customer service. Find a home for sale in Rumbling Bald Resort that’s right for you. Continue browsing this page to see all Rumbling Bald Resort, NC real estate listings. Watch Rumbling Bald Resort Market Video Update",,https://www.beverly-hanks.com/communities/rumbling-bald-resort,,,-82.1889,35.4627,
"Homes for Sale in West Asheville, NC","West Asheville Market Update Video Close Find houses for sale in West Asheville, NC from Beverly-Hanks, REALTORS®. Our Downtown Asheville real estate agents are experts in the community. In addition to local expertise, all Beverly-Hanks, REALTORS® are backed by an outstanding support staff and committed to the highest standards of customer service. Find a home for sale in West Asheville that’s right for you. Continue browsing this page to see all West Asheville, NC real estate listings. Watch West Asheville Market Video Update",,https://www.beverly-hanks.com/communities/west-asheville,,,-82.5837,35.5778,
Sunset Falls At Bald Creek,"Sunset Falls At Bald Creek Market Update Video Close Sunset Falls at Bald Creek is our 300-acre residential community nestled within the heart of the Blue Ridge Mountains of Western North Carolina. We are situated within the pastoral farming community of Crabtree Township in Haywood County, located just 35 minutes west of downtown Asheville and 20 minutes northeast of the quaint shops of Main Street in Waynesville, the county seat. Haywood County is the home to sixteen mountain peaks that rise to elevations of more than 6,000 feet, more than any other county east of the Mississippi River. Watch Sunset Falls At Bald Creek Market Video Update",284 Long View Trail,https://www.beverly-hanks.com/communities/sunset-falls-at-bald-creek,28721.0,Clyde,-82.8548,35.6439,NC
"Homes for Sale in Bear Lake Reserve, NC","Bear Lake Reserve Market Update Video Close Find houses for sale in Bear Lake Reserve, NC from Beverly-Hanks, REALTORS®. Our real estate agents are experts in the community. In addition to local expertise, all Beverly-Hanks, REALTORS® are backed by an outstanding support staff and committed to the highest standards of customer service. Find a home for sale in Bear Lake Reserve that’s right for you. Continue browsing this page to see all Bear Lake Reserve, NC real estate listings. Watch Bear Lake Reserve Market Video Update",412 Lake Forest Drive,https://www.beverly-hanks.com/communities/bear-lake-reserve,28783.0,Tuckasegee,-83.0534,35.2324,NC
Beaverdam Run,"Beaverdam Run Market Update Video Close Beaverdam Run is a gated mountainside community of 136 condominiums located on 115 spectacular wooded acres in North Asheville. Five different styles of homes are available, each with unique views of mountains, ponds, streams and lush landscaping. The amenities include a club house with kitchen, outdoor patio, and fitness room. There is a heated indoor swimming pool and saunas. The log cabin features a ping pong table, library and meeting rooms. There are two tennis courts, one adapted for pickle ball. The activities available to residents include water aerobics, yoga class, bridge group, book group, and majong. All of this is located a short drive to shops, restaurants, grocery, banks, the library and the Country Club of Asheville. Watch Beaverdam Run Market Video Update For more information on this great community check out www.beaverdamrun.org",,https://www.beverly-hanks.com/communities/beaverdam-run,,,-82.5194,35.6456,
Deerlake Village,"Deerlake Village Market Update Video Close Named when one of the developers witnessed a deer swimming across the community lake, Deerlake Village has been a growing community in Brevard since the 1980s. With an interesting history and an interesting layout, Deerlake Village is a beloved community located mere minutes from Downtown Brevard. Watch Deerlake Village Market Video Update Quick Link: Deerlake Village Homes and Land For Sale Separated into varied areas specific to the housing type, Deerlake Village residents enjoy single-level homes with easily navigable and flat roads, multi-level homes tucked into the ridge, and lakeside or creekside homes. Social and recreational activities abound, giving the area a distinct feeling of camaraderie. Quick Link: Find a Deerlake Village real estate professional BUYING PROPERTY IN DEERLAKE VILLAGE Beverly-Hanks has an office conveniently located in nearby Downtown Brevard. If you're searching for homes and land in Deerlake, our expert real estate agents are available to help. Your Beverly-Hanks REALTOR® is backed by an outstanding support staff and committed to the highest standards of customer service. Find the homes in Deerlake Village that allow you to Live the Life You Choose. Click below to search Deerlake Village real estate for your ideal listings.",,https://www.beverly-hanks.com/communities/deerlake-village,,,-82.7297,35.2525,
"Homes for Sale in North Asheville, NC","North Asheville Market Update Video Close Find houses for sale in North Asheville, NC from Beverly-Hanks, REALTORS®. Our North Asheville real estate agents are experts in the community. In addition to local expertise, all Beverly-Hanks, REALTORS® are backed by an outstanding support staff and committed to the highest standards of customer service. Find a home for sale in North Asheville that’s right for you. Continue browsing this page to see all North Asheville, NC real estate listings. Watch North Asheville Market Video Update",,https://www.beverly-hanks.com/communities/north-asheville,,,-82.5489,35.6132,
"Homes for Sale in Biltmore Lake, NC","Biltmore Lake Market Update Video Close Find houses for sale in Biltmore Lake, NC from Beverly-Hanks, REALTORS®. We have an office conveniently located in Biltmore Lake and our Biltmore Lake real estate agents are experts in the community. In addition to local expertise, all Beverly-Hanks, REALTORS® are backed by an outstanding support staff and committed to the highest standards of customer service. Find a home for sale in Biltmore Lake that’s right for you. Continue browsing this page to see all Biltmore Lake, NC real estate listings. Watch Biltmore Lake Market Video Update",80 Lake Drive,https://www.beverly-hanks.com/communities/biltmore-lake,28715.0,Candler,-82.6539,35.5349,NC
Smoky Mountain Country Club,"Smoky Mountain Country Club Market Update Video Close Smoky Mountain Country Club is a gated, 335-acre resort community in the mountains of Western North Carolina, an hour west of Asheville. With the Great Smoky Mountains National Park and the Nantahala National Forest at our doorstep, Smoky Mountain Country Club offers our residents a truly unique environment, we are surrounded by over 1,000,000 acres of federally protected parklands. Watch Smoky Mountain Country Club Market Video Update",,https://www.beverly-hanks.com/communities/smoky-mountain-country-club,,,-83.3677,35.4133,
Homestead at Mills River,"Homestead at Mills River is a beautiful gated community encompassing over 292 pristine acres with only 145 home sites. This upscale community is centrally located between the three most sought after cities in Western North Carolina: Asheville (8 miles to South Asheville, 19 miles to Downtown), Hendersonville (10 miles) and Brevard (9 miles). In addition to the beauty of our mountain community, which is nestled between the north and south forks of the Mills River, we enjoy the convenience of being only 3.5 miles to the area's main thoroughfare. VIEW WEBSITE",,https://www.beverly-hanks.com/communities/homestead-at-mills-river,,,-82.6156,35.3825,
"Homes for Sale in Maggie Valley, NC","Maggie Valley Market Update Video Close Find houses for sale in Maggie Valley, NC from Beverly-Hanks, REALTORS®. Our real estate agents are experts in the community. In addition to local expertise, all Beverly-Hanks, REALTORS® are backed by an outstanding support staff and committed to the highest standards of customer service. Find a home for sale in Maggie Valley that’s right for you. Continue browsing this page to see all Maggie Valley, NC real estate listings. Watch Maggie Valley Market Video Update",,https://www.beverly-hanks.com/communities/maggie-valley,,,-83.0976,35.5181,
Skyland,"Skyland Market Update Video Close The community of Skyland is located about eight miles south of downtown Asheville and about three miles south of Biltmore Forest off US 25. Skyland, is home to scores of additional eateries and shops and more recreation facilities including the county-run Zeugner Center which has a heated indoor pool, measuring 35-by-75 feet that hosts water exercise classes and open swim times for the public. Watch Skyland Market Video Update One of the community's highlights is Lake Julian, a thermal lake that is used as a cooling agent for Progress Energy. Also run by the county, Lake Julian Park, is popular among local families. Buncombe County residents can rent picnic shelters for family reunions, birthday parties or special events. The 300-acre lake and surrounding park offers picnicking spots, boating, fishing and a playground. The lake has an abundance of fish, including bass, brim, catfish, crappie and tilapia. Anglers can fish from the shore and, for a small fee, from privately owned or rented boats. The park also rents paddle boats and canoes, and provides free use of a pontoon boat for people with disabilities, senior citizens and student groups. On the shore, there's a sand volleyball",,https://www.beverly-hanks.com/communities/skyland,,,-82.5242,35.4892,
"Homes for Sale in Henderson County, NC","Henderson Market Update Video Close Find houses for sale in Henderson County, NC from Beverly-Hanks, REALTORS®. We have an office located conveniently in Downtown Henderson and our Henderson County real estate agents are experts in the community. In addition to local expertise, all Beverly-Hanks, REALTORS® are backed by an outstanding support staff and committed to the highest standards of customer service. Find a home for sale in Henderson County that’s right for you. Continue browsing this page to see all Henderson County, NC real estate listings. Watch Henderson Market Video Update",,https://www.beverly-hanks.com/communities/henderson,,,-82.4607,35.3177,
"Homes for Sale in Champion Hills, NC","Champion Hills Market Update Video Close Find houses for sale in Champion Hills, NC from Beverly-Hanks, REALTORS®. We have an on-site office conveniently located next to the Wellness Center in Champion Hills and our Champion Hills real estate agents are experts in the community. In addition to local expertise, all Beverly-Hanks, REALTORS® are backed by an outstanding support staff and committed to the highest standards of customer service. Find a home for sale in Champion Hills that’s right for you. Continue browsing this page to see all Champion Hills, NC real estate listings. Watch Champion Hills Market Video Update",,https://www.beverly-hanks.com/communities/champion-hills,,,-82.5059,35.4561,
Skytop Farm,"Skytop Farm is one of Hendersonville's premier gated communities with 55 home sites on over 110 acres. Of the 110 acres, 35 acres have been set aside for the community's enjoyment. Skytop Farm is very unique in that it has access to the French Broad River and the access is available to all residents. Additional amenities include a fishing pond and stream, hiking trails, club house, putting green, pool and recreation area. Sterling Development has taken care in preserving the natural beauty of this unique community.",,https://www.beverly-hanks.com/communities/skytop-farm,,,-82.5233,35.3811,
Weaver Village,"Weaver Village Market Update Video Close Walk to Downtown Weaverville, small subdivision of 19 homes with lawn care included. 3 bedroom 2 both open floorplan - 2 car garage Watch Weaver Village Market Video Update",,https://www.beverly-hanks.com/communities/weaver-village,,,-82.5646,35.7014,
Cedar Walk,"Cedar Walk Market Update Video Close Cedar Walk is a new home development conveniently located in the center of Royal Pines, one of South Asheville's most desirable neighborhoods. Cedar Walk is only minutes to Biltmore Park and the Asheville Regional Airport. These affordable, new construction homes with a modern design make for a low maintenance lifestyle to enjoy all that South Asheville has to offer. Watch Cedar Walk Market Video Update","1 Cedar Lane, Arden, NC 28704",https://www.beverly-hanks.com/communities/cedar-walk,28704.0,Arden,-82.5163,35.4716,NC
The Village at Chunns Cove,"The Village at Chunns Cove Market Update Video Close Located just minutes from Downtown Asheville and major retail shopping, The Village at Chunns Cove offers luxury urban-style living and convenience in a tranquil mountain setting. Watch The Village at Chunns Cove Market Video Update",1 Macallan Lane,https://www.beverly-hanks.com/communities/the-village-at-chunns-cove,28801.0,Asheville,-82.5325,35.6019,NC
Blythe Commons,"Blythe Commons Market Update Video Close Located close to downtown Hendersonville this quality condominium development by Park Place Developers offers seven different models featuring 2, 3 and 4 bedroom units with unvented fireplace and gas logs, covered patio, 2 car garage, GE Profile Appliances, deluxe cabinets plus many other features and choices available. Watch Blythe Commons Market Video Update",,https://www.beverly-hanks.com/communities/blythe-commons,,,-82.4779,35.3297,
Crestview Pointe,"Crestview Pointe Market Update Video Close Located just minutes from Downtown Waynesville and a short 30 minute drive from Asheville lies the gated community of Crestview Pointe. The high elevation properties gives owners big mountain views from many home sites, but still retains easy year round access to the entire Smoky Mountain region. These large wooded properties feature paved access to the Camp Branch area adjacent to Waynesville Country Club. Cresview Pointe's location makes it equally easy to enjoy outdoor mountain activities including, golf, hiking, and fishing in the Great Smoky Mountains or to simply stroll down Waynesville's quaint downtown that hosts numerous local artists and diverse dining options. Watch Crestview Pointe Market Video Update",,https://www.beverly-hanks.com/communities/crestview-pointe,,,-82.9675,35.4565,
"Homes for Sale in Brevard, NC","Brevard Market Update Video Close Find houses for sale in Brevard, NC from Beverly-Hanks, REALTORS®. Our downtown Brevard real estate agents and south Brevard real estate agents are experts in the community. In addition to local expertise, all Beverly-Hanks, REALTORS® are backed by an outstanding support staff and committed to the highest standards of customer service. Find a home for sale in Brevard that’s right for you. Continue browsing this page to see all Brevard, NC real estate listings. Watch Brevard Market Video Update",,https://www.beverly-hanks.com/communities/brevard,,,-82.7286,35.2417,
"Homes for Sale in The Cliffs at Walnut Cove, NC","Find houses for sale in The Cliffs at Walnut Cove, NC from Beverly-Hanks, REALTORS®. Our real estate agents are experts in the community. In addition to local expertise, all Beverly-Hanks, REALTORS® are backed by an outstanding support staff and committed to the highest standards of customer service. Find a home for sale in The Cliffs at Walnut Cove that’s right for you. Continue browsing this page to see all The Cliffs at Walnut Cove, NC real estate listings.",,https://www.beverly-hanks.com/communities/the-cliffs-at-walnut-cove,,,-82.6135,35.4979,
Ashecroft,"Ashecroft Market Update Video Close Ashecroft’s quarter-acre homesites range in character from thickly wooded forest to long-range Blue Ridge Mountain views. Each homesite has been carefully planned with both views and privacy in mind. Ashecroft properties are sold as house/lot packages with multiple house plans to choose from. Watch Ashecroft Market Video Update All Ashecroft homesites are accessed from paved streets with curb and gutter storm water drainage. Each property is served by municipal sewer and water with underground electricity, natural gas, cable and internet. Several versions of the Gordon, MacBride, and Forsyth house plans are available at ashecroft.com.",29 West Oakveiw Road,https://www.beverly-hanks.com/communities/ashecroft,28806.0,Asheville,-82.6282,35.5478,NC
"Homes for Sale in Poplar Ridge, NC","Find houses for sale in Poplar Ridge, NC from Beverly-Hanks, REALTORS®. Our real estate agents are experts in the community. In addition to local expertise, all Beverly-Hanks, REALTORS® are backed by an outstanding support staff and committed to the highest standards of customer service. Find a home for sale in Poplar Ridge that’s right for you. Continue browsing this page to see all Poplar Ridge, NC real estate listings.",,https://www.beverly-hanks.com/communities/poplar-ridge,,,-82.4866,35.5111,
Reems Creek Golf Community,"Away from the hustle and bustle of urban life, Weaverville is attracting newcomers because of its small town friendly atmosphere. With a population of 3,200, Weaverville has had a growth spurt in recent years. The town is situated in the Reems Creek Valley, adjacent to Interstate 26 and just five miles north of Asheville, where many Weaverville residents work. Many artists have found a haven here and on Main Street, a short walk takes you past several art and pottery boutiques, our library and Town Hall, and popular massage therapy businesses. And, a little further down Main Street, are the locations of a new post office and fire department. One of Weaverville's biggest attractions is the community at the Reems Creek Golf Course. It is a beautiful upscale subdivision with lovely single family homes, townhomes and condominiums sited around the golf course with breathtaking views and a lifestyle coveted by many. Approximately 200 residents have discovered the treasure of living here. Homeowners are blessed with the freedom to pursue their own individual interests or to participate in a multitude of activities such as hiking, reading, bridge, Ma Jongg, crafts, sewing, hosting our annual Art Safari, enjoying golf and more. But",,https://www.beverly-hanks.com/communities/reems-creek-golf-community,,,-82.5203,35.7017,
Estelle Park,"Estelle Park Market Update Video Close A new Arts and Crafts home community in West Asheville. Thirteen Land/Home packages to choose from. Homes from the low $200,000's. Watch Estelle Park Market Video Update",,https://www.beverly-hanks.com/communities/estelle-park,,,-82.6208,35.5898,
"Homes for Sale in High Vista, NC","Find houses for sale in High Vista, NC from Beverly-Hanks, REALTORS®. Our real estate agents are experts in the community. In addition to local expertise, all Beverly-Hanks, REALTORS® are backed by an outstanding support staff and committed to the highest standards of customer service. Find a home for sale in High Vista that’s right for you. Continue browsing this page to see all High Vista, NC real estate listings.",,https://www.beverly-hanks.com/communities/high-vista,,,,,
Woodland Trails,"Woodland Trails Market Update Video Close A private, wooded condominium development located near Biltmore Lake. Two bedroom, two bath units available. Affordable prices starting in the low $100's. Conveniently located near school, shopping and only 15 minutes to downtown Asheville. Watch Woodland Trails Market Video Update",,https://www.beverly-hanks.com/communities/woodland-trails,,,-82.679,35.5328,
Mountain Traditions,"Mountain Traditions Market Update Video Close An easy 20-minute drive north of Asheville, Mountain Traditions is situated on more than 400 acres of the magnificent Blue Ridge Mountains in the Southern Appalachians. Mountain Traditions is an environmentally-friendly community of mountain homes and land for sale in Mars Hill, North Carolina, where you will want to build your ideal home for permanent, vacation or retirement living. Watch Mountain Traditions Market Video Update",,https://www.beverly-hanks.com/communities/mountain-traditions,,,-82.4763,35.8552,
Chimney Laurel on Elk Mountain,"Chimney Laurel on Elk Mountain Market Update Video Close Tucked into the cool deep forests of Western North Carolina close to Asheville, six moss-covered chimneys rise from the earth as natural as any other element. They are all that remain of cottages built there in the 1930s; quarters created for affluent friends of Author Thomas Wolfe’s family. Discover what those friends loved about this land…refreshing mountain breezes, stunning long range views, fire-red and purple sunsets, clear spring waters, and lush mountain flora. Watch Chimney Laurel on Elk Mountain Market Video Update These chimneys will soon welcome homes again. Introducing Chimney Laurel on Elk Mountain, a gated residential community with 26 home sites. This is Asheville real estate redefined; a residential community built with respect for the land and its history.",,https://www.beverly-hanks.com/communities/chimney-laurel-on-elk-mountain,,,-82.5134,35.6598,
Towne Place,"Towne Place Market Update Video Close An upscale gated community featuring thirty-eight custom town homes surrounding a 1940's era mansion that has been fully modernized and converted into two luxury condos. Situated on eleven-plus acres, this tranquil location is minutes from town and convenient to medical and shopping. Watch Towne Place Market Video Update",,https://www.beverly-hanks.com/communities/towne-place,,,-82.4501,35.2955,
"Homes for Sale in Lake Lure, NC","Lake Lure Market Update Video Close Find houses for sale in Lake Lure, NC from Beverly-Hanks, REALTORS®. We have an office conveniently located in the Rumbling Bald Resort on Lake Lure and our Lake Lure real estate agents are experts in the community. In addition to local expertise, all Beverly-Hanks, REALTORS® are backed by an outstanding support staff and committed to the highest standards of customer service. Find a home for sale in Lake Lure that’s right for you. Continue browsing this page to see all Lake Lure, NC real estate listings. Watch Lake Lure Market Video Update",,https://www.beverly-hanks.com/communities/lake-lure,,,-82.2048,35.4278,
"Homes for Sale in Mountain Air, NC","Mountain Air Market Update Video Close Find houses for sale in Mountain Air, NC from Beverly-Hanks, REALTORS®. Our real estate agents are experts in the community. In addition to local expertise, all Beverly-Hanks, REALTORS® are backed by an outstanding support staff and committed to the highest standards of customer service. Find a home for sale in Mountain Air that’s right for you. Continue browsing this page to see all Mountain Air, NC real estate listings. Watch Mountain Air Market Video Update",,https://www.beverly-hanks.com/communities/mountain-air,,,-82.3462,35.8716,
"6 Pilsgate Way Asheville, NC 28803",,6 Pilsgate Way,,28803.0,Asheville,-82.55622,35.48644,NC
"112 Reeves Road Leicester, NC 28748",,112 Reeves Road,,28748.0,Leicester,-82.73831,35.66003,NC
"13 Ashe Park Circle Asheville, NC 28806",,13 Ashe Park Circle,,28806.0,Asheville,-82.628037,35.548265,NC
"812 Cliff Rose Court Fletcher, NC 28732",,812 Cliff Rose Court,,28732.0,Fletcher,-82.520936,35.438249,NC
"22 Robin Roost Road Weaverville, NORTH CAROLINA 28787",,22 Robin Roost Road,,28787.0,Weaverville,-82.5746,35.685799,NC
"616 Kenmure Drive Flat Rock, NC 28731",,616 Kenmure Drive,,28731.0,Flat Rock,-82.456839,35.252943,NC
"Lt 131 &amp; 132 Watershed Way Mills River, NC 28759",,Lt 131 & 132 Watershed Way,,28759.0,Mills River,-82.628796,35.37863,NC
"42 Schenck Parkway #B08 Asheville, NC 28803",,42 Schenck Parkway,,28803.0,Asheville,-82.5551,35.4869,NC
"52 Governor Thomson Terrace Weaverville, NC 28787",,52 Governor Thomson Terrace,,28787.0,Weaverville,-82.53326,35.69375,NC
"1204 5th Avenue W Hendersonville, NORTH CAROLINA 28739",,1204 5th Avenue W,,28739.0,Hendersonville,-82.475061,35.315578,NC
"39 Ray Hill Road Horse Shoe, NC 28742",,39 Ray Hill Road,,28742.0,Horse Shoe,-82.56603,35.34554,NC
"68 Carriage Summitt Way Hendersonville, NC 28791",,68 Carriage Summitt Way,,28791.0,Hendersonville,-82.510323,35.342328,NC
"4 Bauhaus Court Asheville, NC 28801",,4 Bauhaus Court,,28801.0,Asheville,-82.5504,35.5878,NC
"334 Chunns Cove Road Asheville, NC 28805",,334 Chunns Cove Road,,28805.0,Asheville,-82.53239,35.60831,NC
"26 Valle Vista Drive Asheville, NC 28804",,26 Valle Vista Drive,,28804.0,Asheville,-82.562931,35.625362,NC
"22 Old Bridge Circle Fairview, NC 28730",,22 Old Bridge Circle,,28730.0,Fairview,-82.4463,35.54753,NC
"7 Ozark Spring Lane Asheville, NC 28805",,7 Ozark Spring Lane,,28805.0,Asheville,-82.49801,35.601603,NC
"15 Loridon Drive Weaverville, NC 28787",,15 Loridon Drive,,28787.0,Weaverville,-82.59186,35.69812,NC
"7 Ozark Spring Lane Asheville, NORTH CAROLINA 28805",,7 Ozark Spring Lane,,28805.0,Asheville,-82.49801,35.601603,NC
"4 Bauhaus Court Asheville, NORTH CAROLINA 28801",,4 Bauhaus Court,,28801.0,Asheville,-82.5504,35.5878,NC
"191 Treetops Lane Asheville, NC 28803",,191 Treetops Lane,,28803.0,Asheville,-82.50968,35.4885,NC
"1122 Burnside Drive Asheville, NC 28803",,1122 Burnside Drive,,28803.0,Asheville,-82.54878,35.48868,NC
"24 Bran Rick Lane Arden, NC 28704",,24 Bran Rick Lane,,28704.0,Arden,-82.55198,35.44491,NC
"216 Sugar Hollow Road Hendersonville, NC 28739",,216 Sugar Hollow Road,,28739.0,Hendersonville,-82.502158,35.276261,NC
"3 Ayr Court Arden, NC 28704",,3 Ayr Court,,28704.0,Arden,-82.511771,35.467202,NC
"114 Lumber River Road Fletcher, NC 28732",,114 Lumber River Road,,28732.0,Fletcher,-82.52465,35.40442,NC
"7 Ridgeview Drive Asheville, NC 28804",,7 Ridgeview Drive,,28804.0,Asheville,-82.519,35.6479,NC
"199 Benhurst Court Hendersonville, NC 28791",,199 Benhurst Court,,28791.0,Hendersonville,-82.52493,35.37084,NC
"56 Westfield Way #3 Candler, NORTH CAROLINA 28715",,56 Westfield Way,,28715.0,Candler,-82.68516,35.54935,NC
"815 Barbara Boulevard Hendersonville, NC 28739",,815 Barbara Boulevard,,28739.0,Hendersonville,-82.501795,35.281897,NC
"52 Governor Thomson Terrace Weaverville, NORTH CAROLINA 28787",,52 Governor Thomson Terrace,,28787.0,Weaverville,-82.53326,35.69375,NC
"36 Governor Thomson Terrace Weaverville, NC 28787",,36 Governor Thomson Terrace,,28787.0,Weaverville,-82.535279,35.692351,NC
