0,jobTitle,nationality
Terry GILLIAM,Director,UNITED KINGDOM
Martin MONK,"Director, Script Writer",GERMANY
Jan NEMEC,Script Writer,CZECH REPUBLIC
Georges ROUQUIER,Director,FRANCE
Daniela THOMAS,Director,BRAZIL
Nicole LE GARREC,"Director, Director",FRANCE
Helena TRESTIKOVA,Director,CZECH REPUBLIC
Apichatpong WEERASETHAKUL,Director,THAILAND
Benoît JACQUOT,Director,FRANCE
Agnes KOCSIS,"Script Writer, Director",HUNGARY
Joachim TRIER,Director,DINAMARCA
COSTA-GAVRAS,Director,FRANCE
Kôji FUKADA,Director,JAPAN
Lukas DHONT,Director,
Benoît POELVOORDE,"Actor, Actor",BÉLGICA
Chiara MASTROIANNI,"Actress, Actress","FRANCE , ITALY"
Gilles CARLE,Script Writer,CANADA
Uma THURMAN,"Actress, Actress",UNITED STATES OF AMERICA
Yorgos LANTHIMOS,"Director, Script Writer, Producer",GREECE
Penélope CRUZ,"Actress, Actress",SPAIN
Pablo FENDRIK,Director,ARGENTINA
Enrico CERASUOLO,"Director, Script Writer",ITALY
David LEAN,"Script Writer, Director",UNITED KINGDOM
Dekel BERENSON,Director,ISRAEL
Jean-Paul RAPPENEAU,Director,FRANCE
Werner HERZOG,"Director, Script Writer",GERMANY
Tamaz MELIAVA,Director,GEORGIA
Annie SILVERSTEIN,"Director, Script Writer",UNITED STATES OF AMERICA
Bennett MILLER,Director,ESTADOS UNIDOS
Corneliu PORUMBOIU,Director,RUMANÍA
Jean COCTEAU,Director,FRANCE
Laurent LUCAS,Actor,FRANCE
Philippe LAUDENBACH,Actor,FRANCE
Antonio BANDERAS,Actor,SPAIN
Patrice LECONTE,Director,FRANCIA
Juan Antonio BARDEM,Director,SPAIN
Abderrahmane SISSAKO,"Director, Writer, Producer",MAURITANIA
Danielle LESSOVITZ,"Director, Script Writer",UNITED STATES OF AMERICA
Robert GUÉDIGUIAN,"Director, script writer, producer",FRANCE
Amit MADHESHIYA,Director,INDIA
PARK Young-Ju,Director,SOUTH KOREA
Ang LEE,"Director, Actor",TAIWÁN
Juliano DORNELLES,"Set decorator, Director, Script Writer",BRAZIL
Ang LEE,"Director, Actor",TAIWAN
Dan KRAUSS,Director,UNITED STATES OF AMERICA
Léa MYSIUS,Director,FRANCE
Saeed JAFARIAN,Script Writer,IRAN
Vincent CASSEL,"Actor, Actor",FRANCE
Vincent PEREZ,"Script Writer, Actor",SWITZERLAND
Rolf DE HEER,"Script Writer, Actor",AUSTRALIA
Ennio MORRICONE,Film music composer,ITALY
Istvan GAAL,Director,HUNGARY
Angela SCHANELEC,Director,GERMANY
Joachim TRIER,Director,DENMARK
Terence YOUNG,Director,UNITED KINGDOM
Roy ANDERSSON,Script Writer,SWEDEN
Takashi MIIKE,Director,JAPAN
Ramin BAHRANI,Script Writer,UNITED STATES OF AMERICA
Michael STEINBERG,Script Writer,UNITED STATES OF AMERICA
Eran KOLIRIN,Director,ISRAEL
Daniel RAIM,Director,ISRAEL
Arta DOBROSHI,Actress,KOSOVO
Lukas DHONT,Director,
Sara FORESTIER,Actress,FRANCE
Ignacio JURICIC MERILLAN,Director,CHILE
Neeraj GHAYWAN,Director,INDIA
Michel CACOYANNIS,Director,GREECE
Jean DELANNOY,Director,FRANCE
Nabil AYOUCH,Director,MOROCCO
Santiago MITRE,Director,ARGENTINA
Karim AÏNOUZ,"Director, Script Writer",BRAZIL
Zhuangzhuang TIAN,Director,CHINA
Dennis HOPPER,"Script Writer, Actor, Director",UNITED STATES OF AMERICA
Michael POWELL,Director,UNITED KINGDOM
Jaco VAN DORMAEL,Director,BELGIUM
Michel PICCOLI,"Actor, Actor",FRANCIA
Nandita DAS,Actress,INDIA
WANG Bing,Director,CHINA
André TURPIN,Cinematographer,CANADA
Karim AINOUZ,"Director, Script Writer",BRAZIL
Damián SZIFRON,"Director, Script Writer",ARGENTINA
Andrea TESTA,Director,ARGENTINA
Stanley KUBRICK,"Script Writer, Director, Actor",UNITED STATES OF AMERICA
Istvan SZABO,Director,HUNGARY
Jerzy KAWALEROWICZ,Director,POLAND
Diego VEGA,Director,PERU
Gilles MARCHAND,Director,FRANCIA
Merzak ALLOUACHE,"Script Writer, Director",ALGERIA
Bruno DUMONT,Director,FRANCE
Robert ENRICO,Director,FRANCE
Jean SUYEUX,Director,FRANCE
Robert WEIDE,"Script Writer, Director",UNITED STATES OF AMERICA
Tomás KLEIN,Director,REPÚBLICA CHECA
Alice DIOP,Director,FRANCE
Michel CACOYANNIS,Director(a),GRECIA
Chloë SEVIGNY,"Actress, Script Writer, Director",UNITED STATES OF AMERICA
Sharon STONE,"Actress, Actress",UNITED STATES OF AMERICA
Alain BERBERIAN,Director,FRANCIA
Anaïs DEMOUSTIER,Actress,FRANCE
SHIN Su-Won,Director,SOUTH KOREA
Frédéric ROSSIF,Director,FRANCE
Catherine DENEUVE,"Actress, Actress",FRANCE
Quentin TARANTINO,"Director, Actor, Script Writer",UNITED STATES OF AMERICA
Jay RABINOWITZ,Script Writer,UNITED STATES OF AMERICA
Juho KUOSMANEN,Director,FINLAND
Safi FAYE,"Script Writer, Director, Actress",SENEGAL
Jean BEAUDIN,Script Writer,CANADA
Jean RENOIR,"Script Writer, Director",FRANCE
Jin TAO,Director,CHINA
Laurent LARIVIÈRE,Director,FRANCE
Dominik MOLL,Director,FRANCIA
Isabella ROSSELLINI,Actress,ITALY
Masaki KOBAYASHI,Director,JAPAN
Jacques DEMY,Director,FRANCE
Bert HAANSTRA,Director,NETHERLANDS
Federico Luis TACHELLA,"Script Writer, Director",ARGENTINA
Michael DUDOK DE WIT,Director,NETHERLANDS
Heidi SAMAN,"Film Editor, Script Writer",UNITED STATES OF AMERICA
Andreas DRESEN,Script Writer,GERMANY
Manoel DE OLIVEIRA,"Script Writer, Director",PORTUGAL
Al PACINO,"Script Writer, Actor",UNITED STATES OF AMERICA
Yutaro SEKI,Director,JAPAN
Lina WERTMÜLLER,"Director, Script Writer",ITALY
Lorenzo MATTOTTI,"Director, Script Writer",ITALY
Moussa TOURÉ,Director(a),SENEGAL
Mimmo CALOPRESTI,Director,ITALY
Michael LABARCA,Director,VENEZUELA
Rory KELLY,Script Writer,UNITED STATES OF AMERICA
Ida PANAHANDEH,"Director, Script Writer",IRAN
Simon ROUBY,Script Writer,FRANCE
Franco BRUSATI,Director,ITALY
Radu MUNTEAN,"Director, script writer",ROMANIA
Shoki LIN,Director,SINGAPUR
Raoul RUIZ,Director,"CHILE , FRANCIA"
Roberto MINERVINI,Director,ITALY
Tomás KLEIN,Director,CZECH REPUBLIC
Doroteya DROUMEVA,"Film Editor, Script Writer",BULGARIA
Teemu NIKKI,"Script Writer, Director",FINLAND
Zabou BREITMAN,"Actress, Director, Script Writer",FRANCE
Santiago LOZA,"Director, dramatic author, writer",ARGENTINA
Arnaud DESPLECHIN,"Director, Actor, Script Writer",FRANCE
SHEN Di,Script Writer,CHINA
Tonino GUERRA,Script Writer,ITALY
Franck PINA,Director,FRANCE
Tae-Gyum SON,Script Writer,SOUTH KOREA
Andreas KOVACS,Director,HUNGARY
Thomas VINTERBERG,Director,DENMARK
Romain MAZEVET,Director,FRANCIA
Lester James PERIES,Director,SRI LANKA
Mauro BOLOGNINI,Director,ITALY
Cristián JIMÉNEZ,Director,CHILE
Ran HUANG,Director,CHINA
John HUSTON,"Script Writer, Director",UNITED STATES OF AMERICA
Jean-Marc BARR,Actor,FRANCE
Henri DECOIN,Director,FRANCE
James GRAY,Director,UNITED STATES OF AMERICA
Mathieu KASSOVITZ,Director,FRANCE
Jasmine TRINCA,"Actress, Actress",ITALY
Youssef CHAHINE,Director,EGIPTO
Sergio AMIDEI,Script Writer,ITALY
Cristi PUIU,Director,ROMANIA
John BOORMAN,"Director, Actor",UNITED KINGDOM
Anthony BURGESS,Writer,UNITED STATES OF AMERICA
Justine TRIET,"Director, Script Writer",FRANCE
Lee DANIELS,Director,UNITED STATES OF AMERICA
Gabe POLSKY,"Script Writer, Director",UNITED STATES OF AMERICA
Michel BLANC,Script Writer,FRANCE
Shinji AOYAMA,Director,JAPAN
Peter GREENAWAY,Script Writer,UNITED KINGDOM
Gabriel CLARKE,Director,UNITED KINGDOM
YEON Jegwang,Director,COREA DEL SUR
Nancy BUIRSKI,Director,UNITED STATES OF AMERICA
Alexander PAYNE,Director,UNITED STATES OF AMERICA
Xavier DOLAN,"Director, Actor",CANADA
Jonathan DEMME,Director,ESTADOS UNIDOS
Dalibor MATANIC,Director,CROACIA
Philippe SARDE,Film music composer,FRANCE
Valeria GOLINO,Actress,ITALY
Safi KAMAU GOODMAN,Actress,KENYA
Jacques MAILLOT,Director,FRANCE
Claude MILLER,Director,FRANCE
René LUCOT,Director,FRANCE
Robin WRIGHT,"Actress, Director",UNITED STATES OF AMERICA
Raoul PECK,Director,HAITÍ
Cesare ZAVATTINI,"Writer, Script Writer",ITALY
Denis VILLENEUVE,"Director, script writer",CANADA
Jerry SCHATZBERG,"Director, Actor",ESTADOS UNIDOS
Marion HANSEL,"Script Writer, Actress",BELGIUM
DIAO Yinan,"Director, Script Writer",CHINA
Luis ORTEGA,Script Writer,ARGENTINA
Agnes PATRON,"Director, Script Writer",FRANCE
Marcel ICHAC,Director,FRANCE
Yabushita TAIJI,"Director, Script Writer",JAPAN
Jeremy THOMAS,Producer,UNITED KINGDOM
Enrique FERNANDEZ,Script Writer,URUGUAY
Eric ROCHANT,"Script Writer, Director",FRANCE
Lino BROCKA,Director,PHILIPPINES
Clément TREHIN-LALANNE,Director,FRANCIA
Marie VERMILLARD,Director,FRANCE
Won-Tae LEE,"Director, Script Writer",SOUTH KOREA
Hector BABENCO,"Director, Actor",BRAZIL
Luc DARDENNE,Director,BELGIUM
Billy WILDER,"Script Writer, Director",UNITED STATES OF AMERICA
Volker SCHLÖNDORFF,Director,ALEMANIA
Xavier GIANNOLI,Script Writer,FRANCE
Andrzej ZULAWSKI,Script Writer,POLAND
Barbara RUPIK,"Director, Script Writer",POLAND
Herman VAN DER HORST,Director,NETHERLANDS
Charlize THERON,Actress,SOUTH AFRICA
Nabil AYOUCH,Director,MARRUECOS
Santiago MITRE,Director,ARGENTINA
Ali ABBASI,Script Writer,IRAN
NA Hong-Jin,Director,SOUTH KOREA
Christoph HOCHHÄUSLER,Script Writer,GERMANY
Richard MELLOUL,Director,FRANCIA
Nicolas PHILIBERT,Director,FRANCIA
Bernardo BERTOLUCCI,"Director, Script Writer, Actor",ITALY
Jakub HEJNA,Director,CZECH REPUBLIC
WANG Chao,"Producer, Script Writer",CHINA
Ana KATZ,Script Writer,ARGENTINA
Vanessa DUMONT,Director,FRANCE
Nadav LAPID,Director,ISRAEL
OH Seung-Uk,Director,SOUTH KOREA
Alessandro ZANON,Audio engineer,ITALY
Christina ANDREEF,Director,NEW ZEALAND
Mohammad RASOULOF,"Script Writer, Director",IRAN
Robert DUVALL,"Script Writer, Actor",UNITED STATES OF AMERICA
Ignacio LOPEZ TARSO,Actor,MEXICO
Ingmar BERGMAN,"Script Writer, Actor, Director",SWEDEN
Dominique BLANC,Actress,FRANCE
Céline SCIAMMA,"Script Writer, Director",FRANCE
Robin WENG,Director,CHINA
Gerardo NARANJO,Director,MEXICO
Yves JEULAND,Director,FRANCE
Nadav LAPID,Director,ISRAEL
Laura SAMANI,Director,ITALY
Christopher HAMPTON,Script Writer,UNITED KINGDOM
Jerry SCHATZBERG,"Director, Actor",UNITED STATES OF AMERICA
Richard LESTER,Director,UNITED KINGDOM
Nicolas DAVENEL,Director,FRANCIA
Yarden LIPSHITZ LOUZ,Director,ISRAEL
Sheila VAND,Actress,IRAN
Thymaya PAYNE,Script Writer,UNITED STATES OF AMERICA
MAIWENN,Director,FRANCE
Julia KUPERBERG,Director,FRANCE
Clara KUPERBERG,Director,FRANCE
HAN Fengyu,Director,CHINA
Nadine LABAKI,"Director, Actress",LEBANON
Pablo TRAPERO,Director,ARGENTINA
Alexandre GILMET,Director,BELGIUM
JEON Do-Yeon,Actress,SOUTH KOREA
Philippe GARREL,"Script Writer, Actor",FRANCE
Mimmo CALOPRESTI,Director,ITALIA
Frederick WISEMAN,Director,UNITED STATES OF AMERICA
Ely DAGHER,Director,LÍBANO
JIA Zhang-Ke,"Director, Writer, Producer",CHINA
Jean GREMILLON,Director,FRANCE
Akira KUROSAWA,Script Writer,JAPAN
Jane CAMPION,Actress,NEW ZEALAND
Antonio MESSANA,"Director, Script Writer",ITALY
Serge ROULLET,Director,FRANCE
Thomas NITSCHE,Director,FRANCIA
Souleymane CISSE,"Director, Director, Actor",MALI
Fatih AKIN,Director,ALEMANIA
Diego LUNA,"Actor, Director, Producer",MEXICO
Nicolas DAVENEL,Director,FRANCE
Simon VAHLNE,Director,SUECIA
Agustina SAN MARTIN,"Director, Other, Script Writer",ARGENTINA
Jean DRÉVILLE,Director,FRANCE
Vasilis KEKATOS,"Director, Script Writer",GREECE
Jean BOUISE,Actor,FRANCE
Nguyen Trong BINH,Film distribution,FRANCE
Peter DEL MONTE,Script Writer,ITALY
Krzyzstof ZANUSSI,Script Writer,POLAND
Paul CLAUDON,Producer,FRANCE
Nicolas WINDING REFN,"Director, Writer, Producer, Script Writer, Director",
Mario SESTI,"Director, Script Writer",ITALY
Monika WILLI,Film Editor,AUSTRIA
Miguel INCLAN,Actor,MEXICO
Yousry NASRALLAH,Director,EGYPT
Bille AUGUST,Director,DINAMARCA
OH Seung-Uk,Director,COREA DEL SUR
Ryan GOSLING,"Actor, Director",CANADA
Krystyna JANDA,Actress,POLAND
Christophe HONORE,"Director, Script Writer",FRANCE
Gérard DEPARDIEU,"Actor, Actor",FRANCE
Isabella EKLÖF,Script Writer,SWEDEN
John MCKENNA,Director,REINO UNIDO
Dexter FLETCHER,"Script Writer, Director",UNITED KINGDOM
Aleksandar PETROVIC,Director,SERBIA
Alice WINOCOUR,Director,FRANCE
Johnnie TO,Director,"HONG KONG , CHINA"
Yona ROZENKIER,"Director, Script Writer",
Guillaume CANET,"Actor, Actor",FRANCIA
Erenik BEQIRI,"Director, Script Writer",ALBANIA
ZU Feng,"Director, Actor",CHINA
Xavier BEAUVOIS,"Script Writer, Actor",FRANCE
WEI Shujun,Script Writer,CHINA
James IVORY,"Script Writer, Director",UNITED STATES OF AMERICA
Karoly MAKK,Director,HUNGARY
Richard MELLOUL,Director,FRANCE
Carlos VILARDEBO,Director,FRANCE
John WATERS,Director,UNITED STATES OF AMERICA
Kaige CHEN,Director,CHINA
Andrey ZVYAGINTSEV,"Director, script writer",RUSSIA
LEE Chang-Dong,Director,COREA DEL SUR
George SLUIZER,Script Writer,NETHERLANDS
Daniel AUTEUIL,"Actor, Actor",FRANCIA
Julie DELPY,"Script Writer, Director",FRANCE
Danièle THOMPSON,Script Writer,FRANCE
Tim ROBBINS,Script Writer,UNITED STATES OF AMERICA
Sergio CASTELLITTO,Actor,ITALY
