0,byArtist,2,3
[HOLY011] ᴼᵘʳᵒᵇᵒʳᵒˢ ᴹᵉᵈⁱᵗᵃᵗⁱᵒⁿ ᴹᵘˢⁱᶜ [ᴿᴱᵈ],PMJJ,20180103.0,~~~~~~~~~~~~~~~~~~~~~~~~~~~~~~~~~~~~~~~~ HOL[]Y011
[TK001] ᏖᏂᏋ ᎮᎧᏇᏋᏒ ᎩᎧᏬ ᎧᏰᏖᏗᎥᏁᏋᎴ,月 [tsuki],20171011.0,Companion to 'This is the Power I Obtained\
[TK004] ᵀʰⁱˢ ⁱˢ ᵗʰᵉ ᴾᵒʷᵉʳ ᴵ ᴼᵇᵗᵃⁱⁿᵉᵈ,月 [tsuki],20181011.0,"It's Effects become apparent. It sometimes breathes with a gentleness that barely stirs the leaves of the Bracken on a summer's eve at another time it acts with such violence that it dethrones the loftiest giants and wrecks the greatest triumphs of architecture and is the variableness of power not also a feature of the Spirit? \\\\ It sometimes speaks with the 'still small voice' to one's conscience The world sees no struggle, but witnesses only the effect on the afterlife \""You, who once sang wildly, danced, and laughed, and sucked in dizzy madness with your draft, Now weeps a silent flood, left changing ways, with sober, meek, and benevolent days.\"" but the Spirit sometimes acts differently like a 'rushing mighty wind' and with power may cast one to the ground [as it did with Paul of Taurus] and who shall dare limit the Power of this Spirit? The various physical manifestations are the natural results of ordinary causes operating with more than ordinary Power. [][][][][][][][][][][][][][][][][][][][] HOL[]Y091"
[H006​-​e] 𝐓𝐡𝐞 𝐏𝐨𝐰𝐞𝐫 𝐖𝐞 𝐎𝐛𝐭𝐚𝐢𝐧,OTHERM,20190420.0,"[[[[[[ OTHERM ]]]]]] presents... ;;;;;;The Power We Obtain;;;;;; ~~** \"" \"" \"" POST's 'Map of Mediums' has finally brought the entire crew to the fabled Garden. However, danger lurks just beyond the depths of reality. Time and space will unfold into the ultimate enemy! \"" \"" \"" **~~ ====================================== [H006-e] TCGx001"
[H010] ʙᴏᴏᴛʟᴇɢ ₙₒ​.​₇₈,PMJJ,20190725.0,
[HOLY018] 𝙉𝙊 𝙁𝙐𝙏𝙐𝙍𝙀 𝙂𝙐𝘼𝙍𝘼𝙉𝙏𝙀𝙀𝘿,DS.wes,20180423.0,"\"" The Future is Clear. It's Going to Fall Apart. What's the Use of Worrying? It's Inevitable. Yet, Even Amidst the Hatred + Carnage Life is Still Worth Living. It is Possible for Wonderful Encounters + Beautiful Things 2eXist \"" ~~~~~~~~~~~~~~~~~~~~~~~~~~~~~~~~~~~~~~~~ HOL[]Y018"
[HOLY103] 𝔾𝕙𝕠𝕤𝕥𝕤 𝔸𝕣𝕖 ℝ𝕖𝕒𝕝,Kyasuri,20180816.0,||||||||||||||||||||||||||||||| HOL[]Y103
[HOLY016] 🆅🅸🆁🆄🆂 🆅🅴🅻🅾🅲🅸🆃🆈 🅶🅰🅲🅷🅰,PMJJ,20180421.0,"Neon-shi is Home to the Best Racers in the World. These Locals are in flux, constantly competing to take the Top Spot However, Neon-shi also attracts Outsiders... And a New Challenger is Approaching... ~~~~~~~~~~~~~~~~~~~~~~~~~~~~~~~~~~~~~~~~ HOL[]Y016"
ECHO: ANiMA,bubble angel,20200703.0,joker in a world of jokes
[HOLY024] 丂ㄚ丂ㄒ乇爪_丂ㄩ尺千乇尺​.​乇乂乇,スバル,20180610.0,Deep Web World Wide NetWork Execute ~~~~~~~~~~~~~~~~~~~~~~~~~~~~~~~~~~~~~~~~ HOL[]Y024
[TK006] الشامان الإلهي تحت الماء,No One in the End,20190312.0,"Noise and Peace, reaching out with warmth. Smacking you with love and kindness and support. Go dance by yourself, you of filth. Go dance to the songs of hope and prosper under sunlight. We are not of this realm and we will not be deterred. Open your arms, child. ====================================== HOL[]Y050 _HOUSE001"
[HOLY009] ᴼᵘʳᵒᵇᵒʳᵒˢ ᴹᵉᵈⁱᵗᵃᵗⁱᵒⁿ ᴹᵘˢⁱᶜ [ᴮᴸᵘᵉ],PMJJ,20180101.0,~~~~~~~~~~~~~~~~~~~~~~~~~~~~~~~~~~~~~~~~ HOL[]Y009
[TK003] Ｂｉｒｔｈ░ｏｆ░ｔｈｅ░Ｆｒｏｓｔ░Σｍｐｒｅｓｓ,RG Frost,20180927.0,"\""Dao-shi will fall into the depths of Ice\"" [][][][][][][][][][][][][][][][][][][][][][][][][][][][][][] HOL[]Y091"
[TK010] 𝐇𝐢𝐝𝐝𝐞𝐧 𝐒𝐞𝐜𝐫𝐞𝐭𝐬 𝐨𝐟 𝐭𝐡𝐞 𝐌𝐨𝐨𝐧𝐰𝐞𝐥𝐥,Promiser,20200131.0,track listing: 1. defend 2. shiver 3. retraced 4. a memory arriving 5. backtrack 6. rebirth of a world 7. exclude 8. remember 9. seeking it out 10. reflexes 11. voiceless ========================================= TK010
[TK005] 𝐅𝐫𝐨𝐳𝐞𝐧 𝐌𝐞𝐦𝐨𝐫𝐲,RG Frost,20190113.0,It's easy to remember. At home inside my head so it never had to leave. It's easy to be afraid when you don't remember. Something you never thought would leave. There's no single moment when it fades. Slowly seeping away through the cracks of every day passing. Frozen in time. Reforming in a different shape upon every recollection. The word is familiar but the feeling is distant. It's easy to forget. [][][][][][][][][][][][][][][][][][][][][][][][][][][][][][][][][][][][][][][][][][][][][][][][][][]
[HOLY110] ᴼᵘʳᵒᵇᵒʳᵒˢ ᴹᵉᵈⁱᵗᵃᵗⁱᵒⁿ ᴹᵘˢⁱᶜ [ᴳᴿᵉᵉⁿ],PMJJ,20180102.0,~~~~~~~~~~~~~~~~~~~~~~~~~~~~~~~~~~~~~~~~ HOL[]Y010
