0,1,2,3,4,5,6,7,8,9,10,11,12,13,14,15,servingSize,17,18,19,20,21,22,23
Clonakilty Stuffed Capsicums,A twist on an old skool classic!,"['2', '2 people']",2019-03-12T17:10:47+00:00,PT10M,PT30M,PT40M,"['Dinner', 'Lunch']","['Irish', 'Worldwide', 'Australian']","Black Pudding, Capsicums, Stuffed Capsicums",AnotherFoodBlogger,4.92,"['3 sweet pointed capsicums (cut in half. Regular capsicums will work just fine too)', 'parsley (chopped for garnish)', '½ red onion (diced)', '150 g butternut squash/pumpkin (diced)', '4 tbsp olive oil', '150 g clonakilty black pudding (chopped roughly)', '1 sprig rosemary (chopped finely)', 'salt', '3 tbsp goats curd', '2 tbsp pinenuts', 'pepper', '2 garlic cloves (crushed)']",48 g,12.0,15 g,1 serving,21 g,949 kcal,19 mg,16 g,79 g,179 mg,12 g
Korean Steak Tacos,Not your average steak taco!,"['2', '2 people']",2020-06-10T10:44:37+00:00,PT15M,PT15M,,"['BBQ', 'Dinner']","['Korean', 'Asian', 'Fusion', 'Mexican', 'Australian']","gochujang aioli, korean steak tacos, Steak Tacos, Tacos",AnotherFoodBlogger,5.0,"['2 tbsp soy sauce', '1 pinch salt', '3 tbsp gochujang paste', '1 tbsp cold water', '100 ml canola oil', '1 handful coriander leaves', '1 tbsp oil', '2 egg yolks', '1/4 red cabbage (shredded)', '1 tbsp palm sugar', '1 tsp ginger (grated)', '1 tbsp gochujang paste', '400 g steak (skirt, flank or hangar)', '1 clove garlic (crushed)', '100 ml olive oil', '6 tortillas', '1 tsp lime juice', '1 tbsp rice vinegar']",72 g,4.0,27 g,1 serving,16 g,1797 kcal,317 mg,55 g,146 g,1805 mg,5 g
"Marinated Lamb, hummus, parsley oil & almonds",This marinated shoulder of lamb dish is the PERFECT dish for your family Sunday roast,"['4 people', '4']",2018-03-31T07:25:25+00:00,PT10M,PT20M,PT30M,Dinner,Worldwide,"Grilled Lamb, Lamb, Marinated Lamb",AnotherFoodBlogger,,"['1 tsp honey', 'pepper', '1 tsp dried oregano', '1 handful parsley (finely chopped )', '1/2 lemon (juiced)', '2 tbsp olive oi', '1 handful raisins', '4 - 8 carrots (cut into equal sizes)', '1 tsp rosemary (chopped finely)', '1 handful almonds (chopped)', 'hummus', 'salt', '1/2 leg (boned &amp; butterflied approx 1 kg)', '3 tbsp olive oil', '1 tsp chili flakes']",9 g,,2 g,1 serving,1 g,229 kcal,,1 g,21 g,11 mg,1 g
Pumpkin Pork Risotto,Autumn in a bowl!,"['2', '2 people']",2019-05-29T08:47:24+00:00,PT10M,PT40M,,"['Main Course', 'Appetizer']","['Worldwide', 'Australian', 'American', 'Italian']","Pork Risotto, Pumpkin Pork Risotto, Pumpkin Risotto, Risotto",AnotherFoodBlogger,4.92,"['150 g pumpkin or squash', '1 clove garlic (crushed)', '4 slices streaky bacon (cut into lardons)', '1/2 cup parmesan cheese (grated)', '1 pinch chili flakes (optional)', '2 cloves garlic (crushed)', '1 cup Arborio rice', '1 tsp thyme (chopped)', '200 ml water', '75 ml white wine', '1 tbsp olive oil', '1 shallot (diced)', '1 knob butter', 'thyme', '1/2 onion (chopped)', 'pumpkin seeds', '100 g butter', '1 litre chicken or vegetable stock', '100 g pumpkin or squash (chopped into 1 cm cubes)', 'chili flakes']",104 g,12.0,12 g,1 serving,7 g,901 kcal,46 mg,27 g,39 g,706 mg,7 g
Hummus with lemon creme fraiche & pistachios,Homemade hummus is so simple to make and with the addition of pistachios and creme fraiche it's perfect as a dinner party dip,"['8', '8 people']",2018-03-26T07:25:32+00:00,PT5M,,PT5M,"['Breakfast', 'Snacks', 'Dinner', 'Lunch']","['Worldwide', 'Middle Eastern']",Homemade Hummus,AnotherFoodBlogger,5.0,"['1 garlic clove (crushed)', 'crushed pistachios', '1/3 cup olive oil', '3 dashes sesame oil', '1/2 lemon (juiced)', '400 g can of chickpeas', '1/2 teaspoon cumin', '1 tablespoon water', '1 teaspoon tahini', '1 teaspoon lemon juice', '2 tablespoon creme fraiche']",113 g,1.0,11 g,1 serving,19 g,1359 kcal,,36 g,88 g,34 mg,30 g
Miso Steak Sauce,Sometimes you need to add a little umph to your steak ;),"['4 people', '4']",2020-05-05T14:46:31+00:00,PT2M,PT5M,,Dinner,"['Asian', 'Australian']","Miso Ketchup, Miso sauce, Miso steak sauce, Steak sauce",AnotherFoodBlogger,5.0,"['1 tsp dijon mustard', '1/2 tsp smoked paprika', '1 pinch cayenne', '4 tbsp kecap manis', '1/2 lime (juiced)', '75 g cold butter (cut into cubes)', '3 tbsp white miso']",21 g,3.0,10 g,1 serving,14 g,236 kcal,40 mg,2 g,16 g,948 mg,1 g
Roasted red pepper & sriracha harissa,This charred red pepper and sriracha harissa is my go to spicy sauce. SOOOOO good!,"['20', '20 people']",2018-04-29T11:21:58+00:00,,,,"['Breakfast', 'Dinner', 'Brunch', 'Lunch']","['Worldwide', 'Mediterranean']",Harissa,AnotherFoodBlogger,5.0,"['3 red peppers (charred, peeled &amp; deseeded)', '3 tbls sriracha', '1.5 tbls crushed garlic', '1 tsp ground cardamom', '3 tbls olive oil', '1 tsp ground coriander', '2 tsp ground cumin', 'salt', 'pepper']",1 g,7.0,,1 serving,,28 kcal,,,2 g,59 mg,
Chili Crab Linguine,"Quick, simple and tasty too!&nbsp; This truly is a 1 pot wonder","['2', '2 people']",2019-04-30T14:24:02+00:00,PT8M,PT12M,PT20M,"['Dinner', 'Lunch']",Worldwide,"Crab Linguine, Crab Pasta, Easy Crab Pasta, Simple Crab Pasta",AnotherFoodBlogger,5.0,"['2 red chili (finely chopped)', '160 g linguine pasta', '150 g crab meat', '2 cloves garlic (finely chopped)', '4 tbsp pasta water', '2 tbsp lemon juice', '1 tsp ginger (grated)', '1/2 lemon (zested)', '1 handful coriander (finely chopped)', '1 splash white wine', '5 tbsp olive oil']",66 g,19.0,5 g,1 serving,5 g,698 kcal,31 mg,25 g,36 g,640 mg,3 g
Brown Butter Prawn Pasta,Proper fancy comfort food!,"['2', '2 people']",2020-08-16T11:17:04+00:00,PT10M,PT40M,,"['Dinner', 'Lunch']",Australian,"brown butter, brown butter prawn pasta, prawn pasta",AnotherFoodBlogger,5.0,"['120 g pasta (curly fettuccine )', '50 g butter', '2 ears corn', '250 ml heavy cream', '300 g cherry tomatoes (cut in 1/2)', '4 tbsp olive oil', '6 sprigs chives (finely chopped)', '200 g prawns (approx 12 (peeled &amp; deveined))', '1 clove garlic (crushed)', '1/2 lemon (zested)', '1 tsp chili flakes']",56 g,4.0,37 g,1 serving,6 g,1216 kcal,423 mg,33 g,97 g,1098 mg,3 g
Rhubarb Creme Brulee,A little twist on the classic creme brulee recipe,"['4 people', '4']",2018-06-07T17:21:25+00:00,PT10M,PT30M,PT40M,Dessert,French,"Creme Brulee, Rhubarb Creme Brulee, Simple Creme Brulee, tahitian vanilla beans",AnotherFoodBlogger,5.0,"['1/2 vanilla bean (cut in half &amp; seeds removed)', '300 ml cream', 'castor or brown sugar (for bruleeing)', '3 rhubarb stalks (chopped)', '1/4 cup castor sugar', '1/4 cup brown sugar', '40 ml orange juice', '40 ml water', '3 egg yolks']",139 g,9.0,74 g,1 serving,120 g,1731 kcal,996 mg,16 g,127 g,164 mg,2 g
Acai Ice Pops,Simple &amp; healthy - the perfect dessert for the kids,"['8 Ice Pops', '8']",2020-07-26T17:50:00+00:00,PT4M,,,"['Snacks', 'Dessert']",Worldwide,"Acai, Acai Ice Pops, Healthy Ice Pops, Ice Lollies, Ice Pops",AnotherFoodBlogger,5.0,"['425 g tinned pineapple (with syrup)', '200 g coconut yoghurt', '10 g SloFoodGrp acai']",10 g,5.0,1 g,1 serving,9 g,57 kcal,1 mg,3 g,1 g,11 mg,1 g
"Spiced roasted peaches, ginger biscuit &amp; orange mascarpone","Maple syrup, butter, vanilla, cinnamon &amp; peaches - need I say more?","['2', '2 people']",2019-06-10T09:32:19+00:00,PT5M,PT15M,PT20M,"['Dessert', 'Brunch']","['Worldwide', 'Australian']","Peach Dessert, Peaches, Roasted Peaches, Spiced Peaches",AnotherFoodBlogger,4.67,"['2 tbsp cream', '2 tbsp butter', '1 piece star anise', '3 peaches (halved )', '1 sprig thyme (garnish)', '100 g mascarpone', '4 tbsp maple syrup', '2 ginger biscuits', '1 tsp vanilla', '1 cinnamon stick', '1 orange (zested &amp; juiced)']",61 g,3.0,17 g,1 serving,44 g,533 kcal,70 mg,7 g,29 g,72 mg,5 g
"Potato, Leek & Black Pudding Soup",My twist on the classic soup. Comfort in a bowl!,,2020-06-05T07:01:43+00:00,PT15M,PT30M,,"['Starter', 'Main Course', 'Dinner']","['Irish', 'Worldwide', 'Australian']","Black Pudding, Black Pudding Soup, Potato &amp; Leek Soup, Soup",AnotherFoodBlogger,5.0,"['200 g leeks (1 large)', '50 g butter', '4 sprigs thyme', '2 tbsp olive oil', '50 ml white wine', '1 pinch garlic powder', '1 tbsp oil', '2 cloves garlic (crushed)', '100 g bread (torn)', '2 kg potatoes (peeled &amp; cut into 2cm pieces)', '1/2 tsp salt', '1 tsp thyme', '2 tbsp butter (melted)', '50 g blue cheese (more if you are a big fan!)', '200 g black pudding (cut into 1” pieces and into ¼’s)', '1-1.5L veg stock (see tips)', '1 tsp salt']",98 g,7.0,14 g,1 serving,11 g,1064 kcal,38 mg,30 g,58 g,4706 mg,11 g
Asian Salmon & Nam Prik Dressing,Delicious salmon with a classic Asian dipping sauce.,"['2', '2 people']",2020-07-17T11:05:08+00:00,PT15M,PT10M,,Dinner,"['Asian', 'Australian']","Asian Salmon, Beansprout Salad, Nam Prik, Nam Prik Pla",AnotherFoodBlogger,5.0,"['3 tbsp lime juice', '2 170g salmon fillets', '3 tsp palm sugar', '1 handful coriander', '1 red chili (finely chopped)', '1 handful mint', '2 cloves garlic (crushed)', '4 snow peas (sliced finely lengthways)', '2 tbsp coriander (finely chopped)', '1 thumbsized piece ginger (grated)', '3 tbsp fish sauce', '1 tsp sesame seeds', '1 tbsp crispy shallots', '1 tbsp peanuts (chopped)', '1 red chili (sliced finely)', '100 g beansprouts', '1 spring onion (sliced finely at an angle)']",20 g,5.0,1 g,1 serving,11 g,122 kcal,1 mg,7 g,4 g,2148 mg,3 g
"Pork tenderloin, shiitake, spinach, honey mustard sauce",Pork tenderloin that is mouth watering good! Perfect to serve on any occasion.,"['2', '2 people']",2018-06-21T07:21:56+00:00,PT10M,PT30M,PT40M,Dinner,"['Worldwide', 'Australian', 'American']",Pork Tenderloin,AnotherFoodBlogger,5.0,"['2 kipfler potatoes', '2 tbsp honey', '400 g pork tenderloin (trimmed)', '1 slice panchetta or bacon (cut into lardons)', 'salt', '6 shiitake mushroom (sliced or halved depending upon size)', '1 clove garlic - crushed', '2 tsp wholegrain mustard', '1 tbsp olive oil', '1 handful spinach', 'pepper', '1/2 red onion (sliced)']",101 g,8.0,9 g,1 serving,39 g,1138 kcal,274 mg,100 g,38 g,545 mg,14 g
"BBQ Lamb, macadamia romesco, grilled broccolini & herb leaf salad",Beautiful Aussie lamb with Spanish influences,"['4 people', '4']",2020-06-17T07:52:37+00:00,PT20M,PT30M,,"['Dinner', 'Lunch']","['Worldwide', 'Australian', 'Spanish']","BBQ Lamb, Romesco Sauce, Seabrook Wines",AnotherFoodBlogger,5.0,"['50 ml olive oil', '2 tbsp sherry vinegar', '1 tsp smoked paprika', '3 garlic cloves', '3 truss tomatoes', '1 handful parsley', '1 tsp salt', '800 g butterflied lamb leg', '2 tsp salt', '200 g mixed leaves salad', '100 g macadamia', '1 handful mixed herbs (dill, mint, parsley)', '1 red capsicum', '1 pinch cayenne pepper', '3 tbsp olive oil', '3 bunches broccolini']",21 g,8.0,7 g,1 serving,8 g,551 kcal,81 mg,34 g,38 g,1882 mg,6 g
Pork tenderloin & spicy eggplant,"Quick, simple and elegant to boost","['2', '2 people']",2020-04-08T14:34:31+00:00,PT15M,PT18M,,Dinner,"['Worldwide', 'Australian', 'Mediterranean']","crispy kale, pork fillet, pork tenderloin &amp; spicy eggplant, spiced eggplant, spicy eggplant",AnotherFoodBlogger,4.91,"['1 pinch salt', '1 brown onion (diced)', '200 g kale (picked &amp; washed)', '1 tsp smoked paprika', '4 tbsp olive oil', '1 handful parsley (chopped)', '1/2 tsp cumin', '2 cloves garlic (crushed)', '1 tsp red wine vinegar', 'salt', '1 eggplant (cut into 1cm cubes)', '1/2 tsp oregano', '400 g pork tenderloin', '1 tsp lemon juice', '2 tbsp olive oil']",30 g,10.0,8 g,1 serving,11 g,752 kcal,130 mg,49 g,51 g,173 mg,8 g
Sumac Roasted Pumpkin,This side dish is perfect for a family style dinner,"['4 people', '4']",2019-07-08T13:35:45+00:00,PT10M,PT30M,PT1480M,"['Dinner', 'Brunch', 'Lunch']","['Worldwide', 'Middle Eastern']","Labneh, Roasted Pumpkin, Spiced Pumpkin, Sumac Pumpkin",AnotherFoodBlogger,,"['2 tbsp pomegranate seeds', '500 g pumpkin (cut in 2 large wedges)', '500 g whole milk yoghurt', '1 tbsp lemon juice', '1 handful parsley (chopped)', '50 g hazelnuts', '1 tbsp honey', 'salt', '2 tbsp sumac', '1 clove garlic (crushed)', '1 tbsp olive oil', 'pepper', '1 tsp salt']",22 g,,4 g,1 serving,15 g,243 kcal,16 mg,8 g,15 g,641 mg,2 g
Tomato & Chili Jam,"This is 100% my wifes favourite condiment in the fridge.&nbsp; Great as a dip, on cheese or with crisps","['12 people', '12']",2018-05-09T17:20:49+00:00,PT5M,PT60M,PT65M,"['Breakfast', 'Snacks', 'Dinner', 'Lunch']",Worldwide,Tomato Chili Jam,AnotherFoodBlogger,5.0,"['2 tbsp soy sauce', '2 garlic cloves', '100 ml white vinegar', '1 thumbsized piece ginger', '.5 lemon (juiced)', '1 cup brown sugar', '1-2 red chili (I used 1.5)', '6 tomatoes (truss or roma)', '1 tsp salt']",21 g,2.0,,1 serving,19 g,86 kcal,,,,370 mg,
Vegetable Bolognese,Trick the kids into eating their veg ;),,2020-09-03T13:10:47+00:00,PT15M,PT45M,,Dinner,"['Australian', 'Italian']","Bolognese, Vegetable Bolognese, Vegetarian, Vegetarian Bolognese",AnotherFoodBlogger,5.0,"['60 g basil', '2 tins tinned tomatoes', '80 ml olive oil', '1 clove garlic', '2 tbsp olive oil', '2 tbsp tomato paste', '400 ml red wine', '2 tsp chili flakes', '200 g mushrooms', '3 carrots', 'Crème Fraiche (optional)', '250 ml warm water', '1 knob butter', '15 g pinenuts', '2 sprigs thyme', '1 tbsp lemon juice', '1 cauliflower', '5 g dried morels', '20 g parmesan (grated)', '1&quot; piece ginger', '1 red onion', '4 cloves garlic', '1 cinnamon stick']",96 g,4.0,20 g,1 serving,37 g,1881 kcal,14 mg,35 g,128 g,986 mg,27 g
Spanish Fish Stew,A big bowl of happiness,"['4 people', '4']",2020-07-29T14:49:02+00:00,PT15M,PT30M,,"['Dinner', 'Lunch']","['Australian', 'Spanish']","barramundi, fish stew, spanish fish stew",AnotherFoodBlogger,5.0,"['1 red onion (sliced in half and then 4-5 wedges per half)', '1 bay leaf', '200 g fennel (sliced in half, root removed and then sliced into 1cm pieces)', '100 ml red wine', '100 g olives', '500 g barramundi (cut into 125g pieces)', '1 tsp smoked paprika', '1/2 tsp chili flakes', 'sourdough bread', '400 ml veg stock', '2 cloves garlic (crushed)', '200 g chorizo (sliced in ¼ lengthways and then widthways so you have wedges)', '1 lemon (wedge)', '2 tbsp parsley (roughly chopped)', '1 tin tomatoes', '1 tbsp tomato paste', '2 tbsp olive oil']",11 g,7.0,6 g,1 serving,3 g,405 kcal,85 mg,32 g,24 g,1520 mg,3 g
Szechuan Chicken Rice,Chicken mince packed with flavour,"['4 people', '4']",2020-08-04T07:01:25+00:00,PT15M,PT20M,,Dinner,"['Worldwide', 'Asian', 'Australian']","Chicken &amp; Rice, Chicken Mince, Szechuan Chicken, Szechuan Sauce",AnotherFoodBlogger,5.0,"['1 tbsp oil', 'salt', '1 tbsp butter', '3/4 cup rice', '2 tsp ginger (grated)', '10 green beans (diced)', '2 tbsp Asian chili garlic sauce', 'coriander', '2 tbsp sesame oil', '1 tbsp cornstarch', '500 g Inglewood chicken mince', '6 tbsp maple syrup', '1 tbsp sesame oil', '100 ml soy sauce', '4 eggs', '2 tsp Szechuan peppercorns', 'peanuts (chopped)', '1 clove garlic (grated)', '1.5 cups water', '1 spring onion (sliced finely)', '1 tsp five Spice', '2 tbsp rice vinegar', '1&quot; piece ginger (grated)', '2 carrots (chopped same size as green beans)', '1 red chili (sliced finely)', '2 tbsp mirin']",63 g,1.0,7 g,1 serving,23 g,669 kcal,271 mg,34 g,32 g,1666 mg,3 g
Grilled Lamb & Black Pudding Skewers,"Quick, simple and delicious is the name of the game with this one!","['2', '2 people']",2019-05-21T12:13:14+00:00,PT10M,PT10M,,Dinner,"['Irish', 'Australian']","Black Pudding, Clonakilty Black Pudding, Grilled Lamb Skewers, Lamb Skewers",AnotherFoodBlogger,5.0,"['2 tbsp capers', '500 g lamb mince', '1 tsp oregano', '75 g feta cheese (crumbled)', '2 tbsp lemon juice', '100 g cherry tomatoes (chopped in half)', 'salt', '20 g parsley leaves', '200 g clonakilty black pudding (removed from skin and chopped)', 'pepper', '2 tbsp olive oil', '1/2 red onion (sliced)']",9 g,6.0,33 g,1 serving,4 g,958 kcal,216 mg,48 g,81 g,817 mg,2 g
Chicken & Butterbean Cassoulet,A classic and delicious heart-warming dish,"['4 people', '4']",2020-06-02T14:55:28+00:00,PT15M,PT45M,,Dinner,"['Australian', 'French']","Chicken Casserole, Chicken Cassoulet, Chicken Stew, One Pot Chicken",AnotherFoodBlogger,5.0,"['12 chantenay carrots (or 2 large carrots cut into 1&quot; pieces)', '3 chicken thighs (bone – in)', '3 chicken drumstricks', '1 tbsp salt', '4 slices streaky bacon (chopped)', '3 cloves garlic (chopped)', '600 g potatoes (peeled and cut into 2cm cubes)', '1/2 tsp chili flakes', '100 ml white wine', '1 tbsp grain mustard', '1 leek (cleaned &amp; sliced into 1 cm discs)', '50 ml cream', '200 g butterbeans', '3 tbsp olive oil', '100 g butter (cut into cubes)', '300 ml chicken stock', '3 sprigs thyme']",107 g,6.0,62 g,1 serving,24 g,3141 kcal,827 mg,165 g,219 g,8904 mg,27 g
Chicken & Mushroom Pie,This chicken and mushroom pie is both toddler and adult friendly!&nbsp; Not to mention delicious too,"['6', '6 people']",2018-05-02T12:48:52+00:00,PT10M,PT45M,PT55M,"['Dinner', 'Lunch']",Worldwide,Chicken Mushroom Pie,AnotherFoodBlogger,5.0,"['2 tbsp butter', '2 tsp dried oregano', '1/2 a leek or white onion (roughly chopped)', '4 tbsp butter', '1 tbsp garlic (crushed)', '2 cups milk', '6 chicken thighs', '2 tbsp flour', '3 large russet potatoes', '1 tsp whole grain mustard (optional)', '10 button mushrooms (roughly chopped)', '1 cup frozen peas']",168 g,1.0,39 g,1 serving,40 g,2497 kcal,713 mg,164 g,131 g,882 mg,32 g
"Crispy pork belly,sweet potato puree & cider jus",If you like crispy skin pork then this is the recipe for you. A simple cider jus and some amazing sweet potatoes and this will impress any dinner guest!,"['2', '2 people']",2018-10-24T11:23:51+00:00,PT20M,PT60M,PT80M,Dinner,"['Worldwide', 'Australian', 'American']",Crispy Pork Belly,AnotherFoodBlogger,5.0,"['2 tbsp butter', '100 g savoy cabbage ( chopped)', 'salt', '½ onion (roughly chopped)', '1 garlic clove (chopped)', '4-500 g pork belly', '1 tsp ginger (grated)', '200 ml chicken stock', 'pepper', '1 bayleaf', '1 star anise', '½ tsp ground cinnamon', '2 thyme (sprigs)', '1 tsp brown sugar', '1 sweet potato ( roughly chopped)', '50 ml water or chicken stock', '1 tsp cider vinegar', '1 cinnamon stick', '330 ml cider']",29 g,1.0,46 g,1 serving,8 g,1318 kcal,178 mg,25 g,119 g,403 mg,5 g
Plum BBQ Sauce,"Spicy, sticky &amp; sweet - a deliciously simple BBQ sauce","['500 ml', '500']",2020-05-19T08:35:07+00:00,PT10M,PT17M,,"['BBQ', 'Dinner', 'Lunch']","['Worldwide', 'Australian', 'American']","5 spice bbq sauce, bourbon plum bbq sauce, plum bbq sauce",AnotherFoodBlogger,4.75,"['3 tsp 5 spice', '2 sprigs thyme', '1 pinch cayenne pepper', '1/2 lemon (juiced)', '1 kg plums (de seeded)', '1/2 brown onion (diced)', '150 g brown sugar', '200 ml rice vinegar', '1 tsp grated ginger', '150 ml water', '100 ml bourbon', '1 tsp salt']",1 g,4.0,1 g,1 serving,1 g,3 kcal,,1 g,1 g,5 mg,1 g
Pea &amp; Ham Soup,&quot;Fancy&quot; dinner party soup!,,2020-09-15T11:04:24+00:00,PT10M,PT90M,,"['Dinner', 'Lunch']",Worldwide,"Arugula Soup, Pea &amp; Ham Soup, Pea Soup, Vegetable Soup",AnotherFoodBlogger,5.0,"['1.5 kg frozen peas', '1.5 liters stock (veg or chicken)', '1/2 lemon', '1 bay leaf (optional)', '4-6 tbsp cream', '1 ham hock', '50 g dark chocolate (melted)', '30 g butter', '1/2 brown onion (diced)', 'mint leaves', '5 g mint', '1 dried chili (optional)', '1 cloves garlic (crushed)', '1 tbsp olive oil', '6 peppercorns (optional)']",246 g,2.0,33 g,1 serving,101 g,2301 kcal,225 mg,120 g,97 g,6713 mg,78 g
Hot cross bun & olive oil ice cream w/ bruleed bananas and salted caramel,This no churn ice cream is delicious and simple to make. Sexied up a little with bananas and caramel sauce its a plate fit for a king!,"['4 people', '4']",2018-03-29T07:25:28+00:00,PT20M,PT10M,PT30M,Dessert,Worldwide,"Ice Cream, No Churn Ice Cream, Olive Oil Ice Cream",AnotherFoodBlogger,5.0,"['2 tsp vanilla puree', '1/2 cup heavy cream (room temp)', '2 hot cross buns', '1 can condensed milk (397ml )', '1/4 cup water', 'peanuts (chopped)', '1 tsp maldon salt', '1-2 bananas', '1 cup sugar', '1/2 cup olive oil', '2 cups heavy cream', '85 g salted butter (cut in cubes)', '1 tsp brown sugar', '1/2 hot cross bun (torn into chunks &amp; toasted in the oven (feel free to butter the other half up and eat it!))', '1 tsp salt']",117 g,1.0,54 g,1 serving,109 g,1454 kcal,283 mg,11 g,107 g,1499 mg,
Crispy Fish Tacos,"Fresh, crispy and simply delish!","['2', '2 people']",2020-08-25T07:40:39+00:00,PT20M,PT10M,,Dinner,"['Californian', 'Mexican', 'Australian']","Crispy Fish Tacos, Fish Tacos, Snapper Tacos, Tacos",AnotherFoodBlogger,5.0,"['1/2 granny smith apple', 'salt &amp; pepper', '1 handful coriander', '1/4 red onion', '4 tbsp olive oil', '60 g flour', '100 g red cabbage (sliced thinly)', 'salt', '250-300 g snapper', '2 jalapenos', 'canola oil (see tips)', '6 tortillas', '1 lime (juiced)', '120 ml sparkling water']",85 g,6.0,6 g,1 serving,12 g,813 kcal,46 mg,37 g,36 g,715 mg,7 g
Avocado & Pea Hummus,"Quick, simple, and fresh!","['4 people', '4']",2020-07-10T12:28:47+00:00,PT2M,PT2M,,"['Dinner', 'Brunch', 'Lunch']","['Worldwide', 'Australian']","Avocado Hummus, Avocado Pea Hummus, Homemade Hummus, Hummus, Simple Hummus",AnotherFoodBlogger,5.0,"['2 tbsp tahini', '1 tbsp pepitas', '3 snow peas (sliced thinly lengthways)', '2 tbsp cold water', '1 tbsp lemon juice', '4 mint leaves', '75 ml olive oil', '200 g frozen peas', 'mint leaves', '1 clove garlic', 'coriander', '1 avocado', 'pickled onions']",14 g,3.0,4 g,1 serving,3 g,348 kcal,,6 g,32 g,10 mg,7 g
Spiced Red Cabbage,Amazing aromas and even better flavours!,"['8', '8 people']",2020-06-23T07:22:32+00:00,PT15M,PT120M,,"['Sunday Lunch', 'Dinner']","['German', 'Worldwide']","Braised Red Cabbage, Red Cabbage, Spiced Red Cabbage",AnotherFoodBlogger,5.0,"['2 apple (peeled &amp; diced)', '50 g butter', '2 sprigs thyme', '1 red cabbage (approx. 1.5kg – sliced thinly)', '1 star anise', '300 ml red wine', '2 cloves', '100 ml balsamic vinegar', '1 onion (peeled &amp; sliced thinly)', '1 cinnamon stick', '1 tsp chili flakes', '50 g brown sugar']",25 g,2.0,1 g,1 serving,17 g,133 kcal,,2 g,1 g,39 mg,4 g
Apple & Rhubarb Crumble,"This crumble screams autumn flavours.&nbsp; Top it with my creme anglaise, turn on the fire and curl up with a movie #perfect","['8', '8 people']",2018-05-06T07:24:06+00:00,PT10M,PT50M,PT60M,Dessert,Worldwide,"apple crumble, Crumble, rhubarb crumble, tahitian vanilla beans",AnotherFoodBlogger,5.0,"['1/2 tsp ground ginger', '1/2 cup raisins', '1/3 cup self raising flour', '1 vanilla bean (cut in half &amp; seed removed)', '1/3 cup brown sugar', '100 g butter (chopped and room temp)', '3 granny smith apples (peeled and diced)', '1/3 cup castor sugar', '1/2 cup porridge oats', '4 stalks rhubarb (diced)', '1 cinnamon stick', '1/2 tsp cinnamon', '1 cup flour', '1 tbsp water']",56 g,1.0,,1 serving,25 g,239 kcal,,4 g,,8 mg,4 g
Moroccan Steak Pitas,This is simply a MOREISH dish!,"['4 people', '4']",2020-07-07T07:37:48+00:00,PT30M,PT20M,,"['Dinner', 'Lunch']","['Moroccan', 'Australian']","Homemade pita, Moroccan steak, Moroccan steak pitas, Steak pita",AnotherFoodBlogger,5.0,"['2 tsp smoked paprika', '1 tsp sugar', '1/2 tsp cayenne', '200 g Greek yoghurt', '50 g raisins', '1/2 red onion', '7 g yeast', '2 truss tomatoes', '16 baby gem leaves', '300 g 00 flour (plus extra for dusting)', '1 tsp cumin', '12 black olives', '500g steak (skirt, flank or hangar see blog post)', '1 tsp ground ginger', '1 handful coriander (chopped)', '1 handful mint (chopped)', '1 tbsp olive oil', '1/2 ts[ ground cloves', '1 pinch salt', '1/2 tsp black pepper', '1 tbsp lemon juice', '1/2 tsp cumin', '2 tsp salt', '240 ml warm water', '1 tsp salt']",74 g,3.0,1780 g,1 serving,6 g,59253 kcal,17235 mg,5700 g,4010 g,16664 mg,5 g
Homemade BBQ Sauce,This BBQ sauce is so simple to make and utterly delicious too,"['20', '20 people']",2018-05-21T07:20:51+00:00,PT5M,PT22M,PT27M,"['Breakfast', 'Dinner', 'Lunch']","['BBQ', 'American']",BBQ Sauce,AnotherFoodBlogger,5.0,"['2 cups white vinegar', '1 star anise', '2 cloves', '1 tbsp salt', '1 tbsp chili powder', '1.5 cups Heinz ketchup', '1.5 cups dark brown sugar', '1.5 tsp ground black pepper']",424 g,1.0,,1 serving,399 g,1783 kcal,,6 g,2 g,10477 mg,4 g
Crumbed Veal Cutlet w/ Lemon Caper Butter,Delicious crumbed veal with a simple butter sauce,"['2', '2 people']",2020-07-22T20:59:15+00:00,PT25M,PT20M,,Dinner,Australian,"Crumbed Veal, Lemon Caper Sauce, Veal, Veal Cutlet",AnotherFoodBlogger,5.0,"['300 ml canola oil', '100 g mixed leaves', '50 g butter', '2 tbsp capers', '1 tbsp olive oil', '1 tbsp lemon juice', 'salt/pepper', '50 g flour', '50 ml milk', '1 eggs (beaten)', '40 g panko breadcrumbs', '1 clove garlic (crushed)', '1 tbsp parsley (chopped)', '1/2 bulb fennel', '1 tsp lemon juice', '2 veal cutlets (250g each)', '1/2 green apple']",98 g,3.0,39 g,1 serving,15 g,4081 kcal,434 mg,93 g,374 g,1600 mg,9 g
Veal Parm Sandwich,"Quick, crispy and packed with flavour this parm sandwich is a real winner!","['2', '2 people']",2018-06-28T07:22:52+00:00,PT10M,PT6M,PT16M,"['Snack', 'Dinner', 'Lunch']","['Australian', 'American', 'Italian']",,AnotherFoodBlogger,4.84,"['1 turkish bread roll', '1 handful rocket leaves', '1 slice veal rump ( approx 150g / 1\\"" thick)', '1 egg', '2 slices swiss cheese', '1 tbsp tomato chutney (OR chili jam (see below))', '.5 cup panko breadcrumbs', '1 tbsp parsley (chopped)', '2 tbsp flour', '1 garlic clove (minced)', '1 tbsp tomato chili jam', ""1 cup squeaky gate 'mild one' olive oil (approx)"", '1 tbsp butter (softened)']",31 g,6.0,7 g,1 serving,1 g,388 kcal,108 mg,15 g,21 g,307 mg,1 g
Steak &amp; Onion Soubise,Perfectly cooked steak and a creamy onion sauce - yes please!,"['4 people', '4']",2020-08-26T11:47:10+00:00,PT10M,PT30M,,Dinner,"['Worldwide', 'Australian', 'French']","bechamel sauce, onion soubise, steak dinner, striploin steak",AnotherFoodBlogger,,"['500 g milk', '1 bay leaf', '1 clove', '4 x 300g striploins (ribeye, fillet, sirloin also work)', '2 cloves garlic', '400 g brown onions (2 medium sized)', 'salt', '2 bunches broccolini', '3 tbsp olive oil', '1 pinch nutmeg', '20 g flour', '70 g butter (20g for roux &amp; 50g onions)']",26 g,,7 g,1 serving,13 g,394 kcal,13 mg,9 g,29 g,249 mg,3 g
Miso Fried Chicken,"Crispy, crunchy umami fried chicken!","['2', '2 people']",2019-12-19T09:38:05+00:00,PT20M,PT10M,,"['Dinner', 'Lunch']",Worldwide,"Crispy Fried Chicken, Fried Chicken, Miso Chicken, Miso Fried Chicken",AnotherFoodBlogger,5.0,"['1 tbsp maple syrup', '1/2 tsp 5 spice', '200 ml olive oil', '1 clove garlic (crushed)', '1 tbsp soy sauce', '1 tsp oyster sauce', 'pickled sushi ginger', 'lettuce', '2 tbsp hoisin', '1 tbsp mirin', '1 tsp ginger (grated)', '2 brioche buns', '1 tbsp kecap manis', '1 tin coconut milk', '1 tbsp honey', '100 g panko breadcrumbs', '1 tbsp cold water', '2 sprigs thyme', '2 tbsp rice vinegar', '1 tsp garlic powder', '2-4 chicken thighs', '2 tbsp white miso', '1 egg yolk']",118 g,7.0,32 g,1 serving,32 g,1920 kcal,353 mg,40 g,145 g,2551 mg,4 g
Smoked Pumpkin Hummus,A twist on traditional hummus,,2019-04-11T10:00:32+00:00,PT10M,PT40M,PT50M,"['Breakfast', 'Dinner', 'Brunch', 'Lunch']","['Worldwide', 'Australian']","Hummus, Pumpkin Hummus, Smoked Hummus, Vegetables",AnotherFoodBlogger,5.0,"['1 garlic clove (crushed)', '1/3 cup olive oil', '1 pinch salt', 'pumpkin seeds', '1 pot salted boiling water', '2 tbsp lemon juice', '1/3 cup olive oil (approx)', 'chili flakes', '1 pot ice cold water', '1 pinch cayenne pepper', '1 tsp tahini', '500 g kent or kabocha pumpkin (peeled and chopped)', 'sesame seeds', '1 handful coriander (&amp; stalks)', '1 handful cherrywood chips (for smoking)']",47 g,4.0,20 g,1 serving,11 g,1486 kcal,,6 g,147 g,66 mg,7 g
Gourmet Fish Pie,"Simple, delicious and extra fancy too ;)","['6', '6 people']",2020-06-27T06:53:32+00:00,PT15M,PT40M,,"['Dinner', 'Lunch']","['Worldwide', 'British', 'Australian']","audrey wilkinson, fish pie, gourmet fish pie",AnotherFoodBlogger,4.91,"['100 g butter (cut into cubes)', '50 g butter', '150 g smoked fish', '200 ml milk', '200 g white fish (snapper, emperor, cod, barramundi)', '2 cloves garlic (crushed)', 'Salt &amp; Pepper', '75 g frozen peas', '4 tbsp flour', '50 g cream', '50 ml cream', '300 g salmon (skinless)', '1 lemon (zested)', '5 g dill', '50 ml white wine', '250 ml fish or veg stock', '1 kg potatoes (peeled &amp; cut into 2cm pieces)', '1 tbsp lemon juice', '10 prawns (peeled)', '1 leek (sliced)']",16 g,10.0,5 g,1 serving,4 g,271 kcal,96 mg,24 g,11 g,201 mg,3 g
Cauliflower Bacon Soup,"Simple, warming &amp; sexy to boot!","['4 people', '4']",2019-06-18T12:22:10+00:00,PT8M,PT25M,,"['Appetizer', 'Dinner', 'Lunch']",Worldwide,"Cauliflower Bacon Soup, Cauliflower Soup, Cauliflower Tarragon Soup, Fancy Soup, Simple Soup, Soup",AnotherFoodBlogger,5.0,"['1 brown onion (diced)', '100 g bacon lardons', '50 g old bread (torn or chopped into 2cm pieces)', '1 liter stock (chicken or veg)', '2 cloves garlic (crushed)', 'tarragon leaves', 'salt', '750 g cauliflower (chopped)', 'bacon fat', '1 tbsp olive oil', '10 leaves tarragon', 'pepper', '1 knob butter']",23 g,7.0,4 g,1 serving,8 g,231 kcal,36 mg,16 g,10 g,1873 mg,5 g
Chorizo Prawn Skewers,"Quick, simple and well simply delicious!","['2', '2 people']",2019-06-26T14:37:09+00:00,PT10M,PT10M,,Dinner,Worldwide,"BBQ Skewers, Fish Skewers, Meat Skewers, Prawn Chorizo Skewers, Prawn Skewers",AnotherFoodBlogger,5.0,"['12 prawns (shelled)', '1 tbsp lime juice', 'pepper', '150 g chorizo (cut into 8 pieces)', '1 tbsp lemon juice', 'coriander leaf (garnish)', '12 prawns', '2 peppers/capsicums (chopped)', '1 red onion (chopped)', '1 tsp sherry vinegar', 'salt', '200 g Clonakilty black pudding (cut into 8 pieces)', '1 clove garlic (crushed)', '1 tbsp olive oil', '1/2 red chili (finely chopped)', '6 tbsp kewpie mayo']",27 g,1.0,19 g,1 serving,10 g,977 kcal,246 mg,37 g,69 g,2329 mg,4 g
Korean Beef Burger,"Spicy, juicy and simply perfect!","['4 people', '4']",2020-09-11T11:49:24+00:00,PT20M,PT10M,,"['BBQ', 'Dinner']","['Korean', 'Australian', 'Fusion']","Beef Burger, Burger, Korean Beef Burger, Korean Burger",AnotherFoodBlogger,,"['100 ml canola oil', 'salt', '1 clove garlic (crushed)', '4-8 slices American cheese (I like 2 slices per burger)', '1 tbsp rice vinegar', '1 tsp sesame oil', '3 tbsp gochujang paste', '1 spring onion', '4 buns', '1 tbsp sesame seeds', '50 g red cabbage', '100 g wombok (finely chopped)', '1 tsp maple syrup', '1 carrot', '1/2 apple', '2 egg yolks', '3 tbsp rice vinegar', '720 g beef mince (divided into 4 burgers)', '1 tsp lime juice', '2 tbsp gochujang paste', '50 g wombok', '1 handful coriander', '2 tsp fish sauce', '100 ml olive oil', '5 tbsp olive oil', '1 tbsp water']",47 g,,27 g,1 serving,11 g,1411 kcal,246 mg,43 g,117 g,1019 mg,2 g
Grilled lamb & roasted veg salad,"Fresh, tasty and will feed the family!","['4 people', '4']",2020-04-21T12:54:15+00:00,PT15M,PT30M,,"['Dinner', 'Lunch']","['Worldwide', 'Australian']","grilled lamb &amp; roasted veg salad, grilled lamb salad, lamb &amp; veg salad, lamb salad",AnotherFoodBlogger,5.0,"['2 tbsp tahini', '100 g rocket', '250 g squash (chopped)', '2 tbsp cold water', '2 tbsp olive oil', '2 tbsp pepitas', '50 g feta (crumbled)', '1 tbsp lemon juice', '1 tbsp maple syrup', 'salt', '2 red chili (sliced)', '1 clove garlic (crushed)', '150 ml olive oil', '250 g brussel sprouts (cut in half)', '1 red onion (cut into wedges)', '1/2 pomegranate (de seeded)', '600 g lamb leg (butterflied)', '2 tsp dijon mustard']",32 g,1.0,11 g,1 serving,14 g,747 kcal,72 mg,29 g,59 g,260 mg,7 g
Chorizo &amp; Prawn Tacos,"sweet, spicy, delicious and quick = midweek perfection","['2', '2 people']",2020-08-05T13:44:57+00:00,PT5M,PT10M,,"['Dinner', 'Lunch']","['Mexican', 'Australian']","Chorizo Prawn Tacos, Chorizo Tacos, Prawn Tacos, Tacos",AnotherFoodBlogger,5.0,"['1 lime (cut into wedges)', '75 g red cabbage (sliced thinly)', '2 radish (sliced thinly)', '6 tacos', '1 handful coriander', '1 ear corn', '12-18 prawns (peeled and de-veined)', '150 g chorizo', '1 tsp olive oil']",16 g,4.0,7 g,1 serving,4 g,337 kcal,138 mg,22 g,21 g,1191 mg,3 g
Asian Papaya Salad,"Fresh, healthy and 100% moreish!","['2', '2 people']",2019-10-09T13:42:08+00:00,PT20M,,,"['Snack', 'Dinner', 'Brunch', 'Lunch']","['Asian', 'Thai', 'Australian', 'Italian']","asian papaya salad, asian salad, Avocado Corn Salad, green papaya salad, healthy salad, papaya salad",AnotherFoodBlogger,5.0,"['1 spring onion (finely sliced)', '1 handful mint', '75 g beansprouts', '2 cloves garlic (roughly chopped)', '3 dashes fish sauce (optional)', '200 g papaya (grated)', '10 g palm sugar', 'crispy shallots', '50 g peanuts (chopped)', '1 thumbsize ginger (roughly chopped)', '1-2 red chili (roughly chopped)', '3 tbsp olive oil', '1 carrot (julienned)', '1 handful thai basil', '1 tbsp lime juice', '75 g snow peas (julienned)', '1 handful coriander', 'black sesame seeds', '1-2 red chili (julienned)', 'sesame seeds', '1/2 tsp shrimp paste (optional)']",31 g,1.0,5 g,1 serving,17 g,449 kcal,14 mg,12 g,34 g,197 mg,7 g
Beef Cheek Ragu,Slow cooked beef cheeks are a thing of beauty.&nbsp; A little time consuming to make but TOTALLY worth it.&nbsp; PS - My toddler demolishes this on the regular!10,"['10 people', '10']",2018-04-26T17:24:10+00:00,PT15M,PT200M,PT215M,Dinner,Worldwide,"Beef Cheek Ragu, Beef Cheeks, Ragu",AnotherFoodBlogger,4.46,"['1 bay leaf', '1 white onion (diced)', '2 carrots (diced)', 'salt', '1 kg beef cheeks', '1 tbsp tomato paste', '2 tbsp olive oil', '4 sprigs thyme', '440ml can diced tomatoes', 'small bunch parsley (finely chopped)', '500 ml red wine', '1 red chili (finely chopped)', 'pepper', '1 thumbsized piece ginger (finely chopped)', '1/2 lemon (juiced)', 'breadcrumbs', 'pinch pepper', 'pinch salt', '1 celery (diced)', '1 piece star anise', '6 cloves garlic (finely chopped)', '500 ml beef stock']",11 g,22.0,3 g,1 serving,3 g,262 kcal,43 mg,16 g,12 g,282 mg,1 g
Pork & Black Pudding Burger,An Aussie-Irish Collab Burger!!!,"['4 people', '4']",2020-05-26T14:26:50+00:00,PT10M,PT10M,,"['Dinner', 'Brekkie', 'BBQ', 'Brunch', 'Hungover']","['Irish', 'Worldwide', 'Australian']","Black Pudding, Black Pudding Burger, Clonakilty Black Pudding, Pork &amp; Black Pudding Burger, Pork Burger",AnotherFoodBlogger,5.0,"['1 Apple', '600 g Pork mince', '4 Eggs', '4 Burger buns', '4 tbsp Mayonnaise/Aioli', '4 tbsp Tomato chili jam', '200 g Clonakilty Black Pudding', '1 Beetroot (peeled)', 'Salt']",30 g,6.0,15 g,1 serving,9 g,705 kcal,278 mg,36 g,48 g,467 mg,3 g
Baked Whole Fish - Asian Style,Simple and packed with flavour. The way dinner should be ;),"['2', '2 people']",2020-05-11T07:54:21+00:00,PT15M,PT20M,,Dinner,"['Asian', 'Australian']","Baked Whole Fish, En Papillotte, Steamed Whole FIsh, Whole Fish Recipe",AnotherFoodBlogger,5.0,"['1 handful coriander stalks (reserve the leaves for later)', '1 lime (zested)', '1 tsp sugar', '1 tbsp soy sauce', '1 lemongrass (peeled and cut *see tips*)', '1&#039; piece ginger (grated)', '1 tbsp sesame seeds (toasted *tips*)', '2 tbsp soy', '1 tsp sesame oil', '500 g whole fish (see tips)', '1 bunch soba noodles (usually 90g)', 'lime wedge', '1 tsp rice vinegar', '2 spring onions (finely chopped)', '2 red chili (cut into matchsticks)', '2 tbsp white wine', '1 spring onion (sliced at an angle)', 'coriander leaves', '2 cloves garlic (chopped)', '1 thumbsized piece ginger (cut into matchsticks)', 'sesame seeds']",204 g,2.0,6 g,1 serving,29 g,1496 kcal,250 mg,126 g,26 g,1434 mg,25 g
Cheesy Vegetable Muffins,My toddler demolishes these muffins and my wife adores them too. JOB DONE!,"['24 muffins', '24']",2018-04-15T17:24:46+00:00,PT5M,PT15M,PT20M,"['Snacks', 'Lunch']",Worldwide,Vegetable Muffins,AnotherFoodBlogger,,"['3 tbsp self raising flour', '3/4 cup grated cauliflower ( approx 4 large florets)', '1/2 garlic clove (crushed)', '1/2 cup milk', '2 eggs', '50 g blue cheese (*see tip*)', '1 tbsp olive oil', '3/4 cup grated broccoli ( approx 4 large florets)']",31 g,,16 g,1 serving,9 g,620 kcal,377 mg,31 g,41 g,920 mg,3 g
Coconut Corn Soup,DELICIOUS and simple to make - this soup is a dinner party must have!,"['6', '6 people']",2019-04-18T12:15:48+00:00,PT5M,PT20M,PT25M,"['Dinner', 'Lunch']",Worldwide,"Coconut corn soup, Corn crab soup, Delicious Soup, Simple Soup, Soup",AnotherFoodBlogger,5.0,"['coconut milk', '1 tbsp lime juice', 'chili slice', '440 ml coconut milk', '.5 brown onion (diced)', '20 g crab meat', '1 red chili (chopped)', 'salt', '500 ml vegetable stock', 'coriander leaves', 'charred corn', '1 clove garlic', '500 g corn', '1 tbsp olive oil', 'pepper', '1 knob butter', 'pickled onions']",22 g,8.0,14 g,1 serving,5 g,260 kcal,1 mg,5 g,19 g,372 mg,2 g
Classic Pepper Sauce,A classic is a classic!,,2020-06-30T14:26:04+00:00,PT3M,PT12M,,Dinner,Worldwide,"classic pepper sauce, Pepper sauce, peppercorn sauce, steak &amp; pepper sauce",AnotherFoodBlogger,5.0,"['2 sprigs thyme', 'salt &amp; pepper', '2 tbsp sour cream', '200 ml beef stock', '50 ml brandy', '1 clove garlic (crushed)', '100 ml heavy cream', '1-2 tbsp green peppercorns', '1 knob butter']",9 g,5.0,26 g,1 serving,2 g,545 kcal,149 mg,7 g,42 g,759 mg,1 g
