0,numTracks,inAlbum,duration,track
The Voice,1.0,https://ellenmandel.com/album/1460673/the-voice,PT3M53S,The Voice
Who Said it Would Be Easy,1.0,https://ellenmandel.com/album/1460693/who-said-it-would-be-easy,PT2M12S,Who Said it Would Be Easy
this is the garden,1.0,https://ellenmandel.com/album/1460707/this-is-the-garden,PT2M53S,this is the garden
Mr. Waldo's Song lyrics by Dylan Thomas,1.0,https://ellenmandel.com/album/1460691/mr-waldo-s-song-lyrics-by-dylan-thomas,PT2M6S,Mr. Waldo's Song lyrics by Dylan Thomas
Slow but Steady,1.0,https://ellenmandel.com/album/1460699/slow-but-steady,PT48S,Slow but Steady
when faces called flowers,1.0,https://ellenmandel.com/album/1460719/when-faces-called-flowers,PT4M1S,when faces called flowers
Lulu Suite Part 2,1.0,https://ellenmandel.com/album/1460752/lulu-suite-part-2,PT1M29S,Lulu Suite Part 2
Lulu Suite Part 5,1.0,https://ellenmandel.com/album/1460758/lulu-suite-part-5,PT2M8S,Lulu Suite Part 5
Overture to The Cure at Troy by Seamus Heaney,1.0,https://ellenmandel.com/album/1460765/overture-to-the-cure-at-troy-by-seamus-heaney,PT28S,Overture to The Cure at Troy by Seamus Heaney
Lulu Suite Part 3,1.0,https://ellenmandel.com/album/1460754/lulu-suite-part-3,PT1M48S,Lulu Suite Part 3
Lulu Suite Part 1,1.0,https://ellenmandel.com/album/1460750/lulu-suite-part-1,PT2M35S,Lulu Suite Part 1
a wind has blown the rain away,1.0,https://ellenmandel.com/album/1460684/a-wind-has-blown-the-rain-away,PT2M52S,a wind has blown the rain away
Overture to Candida by G.B. Shaw,1.0,https://ellenmandel.com/album/1460766/overture-to-candida-by-g-b-shaw,PT1M12S,Overture to Candida by G.B. Shaw
Ending to The Cure at Troy by Seamus Heaney,1.0,https://ellenmandel.com/album/1460774/ending-to-the-cure-at-troy-by-seamus-heaney,PT1M39S,Ending to The Cure at Troy by Seamus Heaney
Human Beings Suffer lyrics by Seamus Heaney,1.0,https://ellenmandel.com/album/1460773/human-beings-suffer-lyrics-by-seamus-heaney,PT2M45S,Human Beings Suffer lyrics by Seamus Heaney
Overture to The Keepers by Barbara Lebow,1.0,https://ellenmandel.com/album/1460775/overture-to-the-keepers-by-barbara-lebow,PT1M21S,Overture to The Keepers by Barbara Lebow
Lulu Suite Part 4,1.0,https://ellenmandel.com/album/1460756/lulu-suite-part-4,PT2M5S,Lulu Suite Part 4
What Came to You,1.0,https://ellenmandel.com/album/1460672/what-came-to-you,PT2M50S,What Came to You
When all the others were away at Mass,1.0,https://ellenmandel.com/album/1460696/when-all-the-others-were-away-at-mass,PT3M36S,When all the others were away at Mass
This Could Be the One,1.0,https://ellenmandel.com/album/1460694/this-could-be-the-one,PT1M30S,This Could Be the One
The Brave Man,1.0,https://ellenmandel.com/album/1460710/the-brave-man,PT2M26S,The Brave Man
The Meditation of the Old Fisherman,1.0,https://ellenmandel.com/album/1460720/the-meditation-of-the-old-fisherman,PT2M29S,The Meditation of the Old Fisherman
The Bow Ceremony from The Cure at Troy by Seamus Heaney,1.0,https://ellenmandel.com/album/1460768/the-bow-ceremony-from-the-cure-at-troy-by-seamus-heaney,PT3M1S,The Bow Ceremony from The Cure at Troy by Seamus Heaney
Polished linoleum shone there,1.0,https://ellenmandel.com/album/1460697/polished-linoleum-shone-there,PT2M35S,Polished linoleum shone there
Buffalo Bill's defunct,1.0,https://ellenmandel.com/album/1460690/buffalo-bill-s-defunct,PT1M13S,Buffalo Bill's defunct
Lady Britomart from Major Barbara by GB Shaw,1.0,https://ellenmandel.com/album/1460770/lady-britomart-from-major-barbara-by-gb-shaw,PT3M47S,Lady Britomart from Major Barbara by GB Shaw
Hercules from The Cure at Troy by Seamus Heaney,1.0,https://ellenmandel.com/album/1460769/hercules-from-the-cure-at-troy-by-seamus-heaney,PT2M26S,Hercules from The Cure at Troy by Seamus Heaney
