0,address,email,faxNumber,telephone
Elegant Complex in Agios Nikolaos I Alantha Apartments - Crete,Erithrou Stavrou 23,[email protected],+30 28410-82346,+30 28410 23527
Roof terrace Pool Bar – Alantha Apartments,Erithrou Stavrou 23,[email protected],+30 28410-82346,+30 28410 23527
Intergrated - Alantha Apartments,Erithrou Stavrou 23,[email protected],+30 28410-82346,+30 28410 23527
Roof Terrace Lounge – Alantha Apartments,Erithrou Stavrou 23,[email protected],+30 28410-82346,+30 28410 23527
Location - Agios Nikolaos I Alantha Apartments,Erithrou Stavrou 23,[email protected],+30 28410-82346,+30 28410 23527
Rooms & Facilities I Alantha Apartments Crete,Erithrou Stavrou 23,[email protected],+30 28410-82346,+30 28410 23527
Sea-View Studio I Alanta Apartments - Crete,Erithrou Stavrou 23,[email protected],+30 28410-82346,+30 28410 23527
Contact Us I Alantha Apartments Crete,Erithrou Stavrou 23,[email protected],+30 28410-82346,+30 28410 23527
Studio I Alantha Apartments - Crete,Erithrou Stavrou 23,[email protected],+30 28410-82346,+30 28410 23527
Sea-View Apartment I Alantha Apartments - Crete,Erithrou Stavrou 23,[email protected],+30 28410-82346,+30 28410 23527
Roof terrace swimming pool – Alantha Apartments,Erithrou Stavrou 23,[email protected],+30 28410-82346,+30 28410 23527
Games Room – Alantha Apartments,Erithrou Stavrou 23,[email protected],+30 28410-82346,+30 28410 23527
Facilities I Alantha Apartments Crete,Erithrou Stavrou 23,[email protected],+30 28410-82346,+30 28410 23527
Apartment I Alantha Apartments Crete,Erithrou Stavrou 23,[email protected],+30 28410-82346,+30 28410 23527
Accommodation in Crete I Alantha Apartmens,Erithrou Stavrou 23,[email protected],+30 28410-82346,+30 28410 23527
