0,description,duration,countryOfOrigin,dateCreated,productionCompany
The Seduction of Maxine,"A famous actress is receiving death threats by an obsessed fan, so she hires a bodyguard and slowly befriends him. However, her stalker may be closer than she thinks.",1:25:30,USA,"11 January, 2000",SGF Productions Inc.
Swinging Wives,"Kimberly helps couples diversify their sex lives, which are on the brink of divorce due to sexual relations. Showing herself as an exemplary well-groomed woman, she is invited by a rich couple with spending the night in their house. Hot and experienced Kimberly takes the initiative in his own hands, instructing on the points of his new and expensive customers.",1:26:52,USA,2005,MRG Entertainment
Wicked Temptations,"SAMANTHA -SAM- SHARPE is an ambitious but lonely (but, of course, drop dead gorgeous) private eye whose cases aren't exactly going to make any headlines, but that changes when she's hired to track down a publishing mogul's missing trophy wife. But when a corpse turns up at the bottom of a pool, Sam decides to set a trap for the killer.",1:25:08,USA,2002,MRG Entertainment
Spoonful of Sex,"When a café owner finds a love poem left in a book, she believes it was left by a secret admirer which leads to a mistaken identity whirlwind affair and as the poem makes its way across town, it sparks amorous repercussions.",1:22:24,USA,"22 September, 2016",Adam & Eve Pictures
Areola 51,"A beautiful grad student named Tara Simmons is abducted by aliens in a flying saucer. Four days later she finds herself back on earth at the top secret government facility Areola 51, which documents sexual encounters with aliens. She remembers everything and recounts the story of her pleasant abduction in sensuous detail to an eager but reserved government agent. Tara describes being bound and bathed by the humanoid aliens, and later being probed by their hands and instruments. She also tells of having various types of sex with the aliens and of having to train them in the ways of sensual pleasure since the alien race had lost their sexuality. As Tara continues, the agent loses interest in taking notes, and becomes aroused and eager to hear more. She also reports that the aliens made her own sexual fantasies seem real as a way to study sex and to reward her. Finally, Tara seduces the agent, but may have an ulterior motive.",1:13:42,USA,2007,Sixninesix Entertainment
Swingers Sex Party (2007),"Paul and Leslie invite friends to celebrate their upcoming marriage. Rick and Sarah come, as planned, but Claire appears alone, and looks awful. She explains that she broke up with her boyfriend, because she caught him with another woman. Now the whole five starts to discuss the issues of sex, marriage, adultery...",1:23:27,USA,2007,MRG Entertainment
Vinyl Dolls,The girl band Vinyl Dolls have a problem : artistic differences with the guitarist have left the band without their best player right before they are to begin a week of performances sold out in local rock club.,1:31:51,USA,"12 December, 2002",Indigo Entertainment
Sexy Assassins,A beautiful assassin woman has fallen in love with her final target. Will she be able to put her love aside?,1:18:58,USA,"23 January, 2012",MRG Entertainment
Os bons Tempos Voltaram: Vamos Gozar Outra Vez (1985),"Two independent episodes portraying the follies of the youth of the 1960s. In Hot Saturday, directed by Ivan Cardoso, a girl does everything to lose her virginity. John Harbert signs First of April in which the coup d'état of 1964 does not prevent a group of young people from throwing a party, to the despair of the elders.",1:41:24,"['Brazil', 'Portugal']","1 January, 1985","['Cinearte Produções Cinematográficas', 'Cinedistri', 'Embrafilme']"
Emmanuelle Through Time: Emmanuelle's Forbidden Pleasures,Emmanuelle's final erotic adventure through space and time!,1:28:19,USA,2011,Click Productions
La casa del piacere,"Lord Hutton travels to Manila on business and spend his honeymoon with young and beautiful wife Eleanor, guests of old friend Xiao Chang. But on their arrival, they discover that Xiao has been dead for three months and the couple is forced to rely on Lin Piao, young and strong son of the deceased, who has no difficulty striking the fantasies of Eleanor, already dissatisfied with a marriage without any sexual stimulation. The woman, in fact, easily yields to the refined Lin, in a wild erotic game that will lead her to know every aspect of the perverse and fascinating -oriental love- and to indulge herself, now without any inhibition, even to several people during a singular session in an atelier. However, Eleanor still does not suspect that she is being spied on by a camera maneuvered by her husband, an incurable voyeur who bought dearly the complicity of Lin Piao, in need of money to heal the large debts inherited.",1:26:50,Italy,"20 September, 1994",Produzioni Cinematografiche Massaccesi (PCM) International
Erotic Seductions (2007),"The main character of the film, a student of the College of Carrie, conducts research on the topic of romantic relations between a man and a woman - this is the theme of her scientific work. Carrie has her own view on this issue, her teacher Jack does not agree with her in everything. Especially since Jack is not just a teacher. Where to find the truth: in theory or in practice? Carrie and her college teacher Jack discuss the value and depth of sexual and romantic relationships, and enthusiastically test their theory...",1:17:19,USA,"1 January, 2007",MRG Entertainment
Sexual Appetite,"Beginner screenwriter Chase and two novice actresses work at banquets at a posh audience. And everyone is ready to tell a lot of stories: who advised housewives about the exquisite sauce in their bedrooms, who provided a full range of services to the waiter...",1:13:50,USA,"02 March, 2004",MRG Entertainment
Auf ins blaukarierte Himmelbett (1974),"For too long, the fun-loving inhabitants of the romantic mountain village Vöglbrunn have lived happily until one day the community treasury was empty. But after all, it was not for nothing that they made the wicked-eared mayor Gamsmüller, who quickly applied for a million-dollar loan in Bonn at this black hour. Like a lightning strike, the local councils are hit when, after some time, they receive the notification that the loan has been declined...",1:22:21,West Germany,"27 December, 1974",Alois Brummer-Produktion
Passion's Obsession (2000),"When a beautiful private eye tracks a handsome model who is disappeared, she discovers why he's not only the ideal centerfold, but every woman's sexual fantasy as well. Her pursuit introduces her to the lustful temptation of the Celebrity Underworld... a secret society where every kinky desire is fulfilled. Now, having her passion's obsessions granted, does she honor her contract, or fall in love with her elusive quarry?",1:32:05,USA,"30 May, 2000",Surrender Cinema
Undercover Sex (2003),"She's enjoying sex in secrecy! When the police are investigating the murder of a young dancer from a private erotic bar, an attractive investigator decides to step as a new stripper to catch a brutal murderer. She does not know how she likes her work!",1:29:30,USA,"21 December, 2003",MRG Entertainment
Kinky Sex Spa,Another softcore flick from MRG Entertainment with lots of re-used contents from other movies.,1:19:31,USA,2009,MRG Entertainment
Innamorata (1995),"Carlo Belleri lives in a villa with Marisa and his son Nino. This boy has difficulties with the opposite sex so Marisa studies a plan. She implemented it in agreement with the beautiful niece Giusy, who tries to seduce Nino with difficulty.",1:24:07,Italy,"1 January, 1995",PGA
Sexual Indiscretion,Laura (Christy Patrick)seeks advice from divorce experts Sam and Tracy after finding her husband in bed with another woman.,1:19:29,USA,2005,MRG Entertainment
Cosmic Calendar Girls (2016),The super-hot model of the galaxy hits Earth to find a new place for its super-hot galactic photo shoot.,1:21:15,USA,"8 November, 2016",Retromedia Entertainment
Friend of the Family (1995),A mysterious but good-natured tramp is trying to help one wealthy but troubled Malibu family to overcome personal and romantic problems.,1:42:19,USA,20 June 1995,New City Releasing
Sex Files: Alien Erotica II,"Sex Files Alien Erotica II: In this sequel to The Sex Files, Agent Forrest continues her exploits with the special branch of the FBI. Basically two segments, in the first she investigates a fungus that exudes a powder that makes anyone touched by it irresistible. In the second, she investigates a mysterious hotel room where people disappear, and becomes involved in an alien plan to take over the world.",1:20:03,USA,"7 October, 2000",Oranton Ltd.
Estrela Nua (1984),"Angela, a famous actress in an existential crisis caused by overexposure of her image, throws the car against a tree and dies without completing the dubbing of her last film. She will be replaced by Gloria, a timid actress at the beginning of her career who does not even suspect that there is much more linking her life to that of Angela.",1:23:48,Brazil,"19 December, 2017",Olympus Filmes
Trail of Passion (2003),A woman's hopes of reviving a 10 year love affair are shattered a piece at a time. The new Mark Savage film is always a special event at the Melbourne Underground Film Festival. It features a cameo from Ron Jeremy and is an erotic adventure that will pervert and entice.,1:28:19,Australia,"6 July, 2003",Anchor
Andromina The Pleasure Planet (1999),"There was once a place of a sanctuary of space jockeys and cosmic cowboys, a place where dream fulfillment was on a daily agenda. The man could be a man here, or if he wanted to - an angel. The team of the site was the Andromina delight planet, and the pleasure was sold there in full swing...",1:31:51,USA,"6 August, 1999",Surrender Cinema
All Babe Network,"Compton operates a low-budget TV network. He's trying to kick the boss's nephew who tries to undermine her efforts with a program called Hoax Hunter. The boss’s nephew is making a live broadcast with his girlfriend Stacy in search of the Big Foot to save the job of the boss, which ends up topless. Then suddenly ratings start to rise.",1:21:44,USA,"24 September, 2013",Retromedia Entertainment
Deadly Pickup (2016),"Breezy isn't your ordinary hitch-hiker: she's sexy, fun... and a cold-blooded killer. As deadly as a viper, Breezy murders her victims with a poisonous ring. As she preys on highway pickups, Breezy moves from town to town, finally settling briefly as a boarder in the house of a young couple who have no idea what kind of sexual wolf they've just let in the door.",1:25:08,USA,"26 July, 2016",Retromedia Entertainment
Human Desires,Alicia Royale is a fashion queen. She decides to hold a big pyramid party as a promotional stunt. On the evening of the happening one of the models is found dead in the swimming pool. Suicide is the police decision. Zoë Taylor thinks otherwise. She asks private investigator Dean Thomas to investigate the case.,1:34:26,USA,"11 November, 1997",Magic Hour Pictures
Femmine in fuga,"The true story of a young, shy, pretty girl called Angela Duvall. Angela, trying to protect her brother, takes the blame for a murder she didn't commit. She is sent to a women's penitentiary where she has to play with the rules of the prison in order to survive the abusive attacks of the rest of the caged women and the plans of the corrupted warden who wants her dead. The honest, handsome prison doctor being aware of her innocence tries to help her. She gets abused and humiliated and during a prison riot she escapes with a rough bunch of her fellow inmates without knowing that in the meantime her innocence has been proven and she is to be released...",1:29:56,"['Brazil', 'Italy']",1984,"['Brasil Produções Cinematográficas', 'R.P.A. Cinematografica']"
Sexual Malice,"A bored housewife indulges in an affair with a mysterious stranger, only to find her feelings for him spiralling out of control into the realms of obsession.",1:37:29,USA,"09 February, 1994",Axis Films International
Deviant Fantasy Matchmaker (2011),Layla (Kaylani Lei) is trying to be a matchmaker in this erotic movie.,1:16:41,USA,"3 January, 2011",MRG Entertainment
Carousel of Sex (2015),"After falling for a handsome philanthropist, a working woman, who lives life to the fullest, fantasizes about a new life. Will she run away or will her voluptuous rival steal her happiness away?",1:10:55,USA,"1 February, 2015",Mongolian Barbeque
Illicit Desire,Illicit Desires is an engaging film that harkens back to the classic erotic thrillers of the 90’s.,1:21:10,USA,2017,Retromedia Entertainment
Personals II: CasualSex.com (2001),"A man has long worked in one popular magazine. This time he was instructed to write an interesting article about how people get acquainted in the vastness of the Internet. He could not find any positive example in his environment, so he sat and puzzled over the task, since if he did not give it up by the appointed time, he could say goodbye to work. The girl recently broke up with her boyfriend, as she caught him with one frivolous beauty when they rested on the seashore. After the relationship was broken, she was looking for a new guy. The colleague, with whom she was friends, invited her to place her photo on one of the services, so that through correspondence she could get acquainted with a man. The girl does, and after a very short time really begins to communicate with an interesting man. Will she be able to find love in the virtual world or is her happiness just in front of her nose?.",1:32:39,USA,2001,Indigo Entertainment
Winter Wonderlust (2015),"A few too many cocktails turn Marisa and Brian's blind date into an overnight stay. Foiled by an ice storm, they then get unexpectedly stuck together over a holiday weekend. With nothing else to do but get to know one another, they learn that sometimes first impressions are quite wrong.",1:15:06,USA,"25 February, 2015",Wicked Passions
Insatiable Wives,"Donna is bored in marrying Tom. Tom tells her that Tom is a bishop, and she likes sex a bit with Tom, but Tom likes comfort and running his own bar takes most of his time. Since Donna often exchanges gossip about sexual experiences with her three friends, she secretly wishes she may sometimes be in their place and experience such wild sex games as her friends describe. When she wakes up the next day, she finds that everything has changed, and she's in the skin of one of her buddies. She can then begin to explore what her wild stories were about...",1:35:52,USA,2007,Twilight Entertainment
The Model Solution,"Jack's father set him up in the perfect job, heading up an L.A. modeling agency. The only catch is that he has a limited time to show a profit or go to work in the family's oil business. Not willing to give up the playboy lifestyle, he pulls out all of the stops to bring in a very lucrative lingerie catalog account. But as a rival agency goes a step further by using their models as sexual enticements, Jack faces an interesting moral dilemma, and time is running out.",1:32:43,USA,"30 April, 2002",Indigo Entertainment
Senso proibito (1995),"Andrea, a talented photographer, begins to take an interest in cinema. In search of funding for the film he projects, he finds himself immersed in the same world of compromise and subservience that he intended to abandon. On the other hand, Andrea's emotional and professional relationship breaks down, giving rise to a wave of guilt, petty blackmail and jealousy involving all the characters in the story.",1:35:31,Italy,"1 January, 1995",Galassia Film
Passion Before Midnight,A devious psychiatrist begins to manipulate a vulnerable patient in order to get her hands on her client's wealth.,1:24:31,USA,"19 April, 2003",MRG Entertainment
Staying on Top,"Climbing the corporate ladder to the top of professional success, the talented and ambitious Catherine does not suspect how cruel and unfair this world is, where women are not allowed to higher positions. Betrayal from the boss makes her reassess the situation in a new way. Surrounding himself with loyal friends, Catherine understands that one wrong step - and a fall from the ladder is assured, but if everything is well thought out, you can get the stars from the sky.",1:33:58,USA,2002,Indigo Entertainment
Sex at First Sight,"After Elena learns about the frequent betrayals of her boyfriend David, the girl decides to leave everything behind and start a new life. With all the things she goes to the house of her best friends, where she wants to calm down and experience the separation. Being in an emotional breakdown, she goes to her therapist, but Elena does not know that the doctor is in cahoots with her ex-boyfriend and he is trying to manipulate her feelings...",1:21:16,USA,"13 January, 2009",MRG Entertainment
Maximum Thrust,"Female auto club hires girl-racer Beck, hoping to win with her a couple of victories in prestigious street competitions. However, the newcomer will soon be seduced by the rival competitor Junior, ready to do anything to get rid of unwanted rivals.",1:32:27,USA,"26 December, 2003",Indigo Entertainment
Passionate Deceptions,"This lurid erotic thriller follows Tucker and Susan, two investigators working in the Internet Sex Crime division of the Los Angeles Police Department. The officers begin working on a missing person case, and soon wind up at a bizarre mansion where a sleazy reality show is routinely filmed by the owners. To catch the murderer, Susan poses as one of the girls on the series - little realizing what lies in store for her.",1:21:36,USA,"22 December, 2002",MRG Entertainment
Friend of the Family II (1996),"Alex decides to have an affair with a woman named Linda while he is on business in New Orleans. When he returns home to his wife and child, he is surprised to find that his wife has hired the off-kilter homewrecker as a nanny to their baby. Alex must find a way to stay cool and not let his wife know the true identity and intentions of Linda.",1:29:18,USA,13 September 1996,Royal Oaks Entertainment Inc.
Femalien,"An alien civilization has evolved to become beings of pure light energy, unbound by the limitations of the mortal body. They have sent a representative to Earth to record human sensory experiences. Taking the form of the perfect human female, Kara, she uses her incredible powers to unlock the secrets of sensuality so long forgotten in her world.",1:29:06,USA,1996,Surrender Cinema
Talk Sex,Kelli McCarty has a morning sex talk show where she advocates that women explore their sexuality be the aggressors if necessary and sleep with anyone that appeals to them. Her show is followed by a new one hosted by Bobby Johnston where he advocates sex within the bounds of commitment and emotional connection. In other words they are polar opposites. The format of their shows is listener call-in so we get to hear and see sex experiences of many women. Eventually the producers realize that their two -sex talk- stars belong on the same show. It is at that point that the film is most interesting because their verbal battles are entertaining. Of course we all know opposites attract and it is only a matter of time before they get together and create a passionate happy ending.,1:27:17,USA,"26 February, 2001",Indigo Entertainment
Sexual Retreat,"Mark, along with his girlfriend, Tracy, decided to go to the mansion to get some rest, where they were met by the hostess named Colette. After a while, their company joined Denise, who at this point had a quarrel with her boyfriend Paul. All together they had nice time told stories to each other, on topics related to love and sex, and sometimes tested them to the practice...",1:25:57,USA,2004,MRG Entertainment
Eve's Secret (2014),"A photographer goes on a quest to find a flawless model. After banging a model (Dillon Harper) during a photo shoot, he bangs his friend (Chanel Preston) on his couch. Meanwhile, a pale-skinned vixen named Eve (Charlotte Stokely) fucks her boyfriend and kills him afterwards when he calls her dirty. Eve gets a job posing for the photographer and naturally winds up in the sack (or at least the couch) with him. Eventually, his girlfriend realizes something is very wrong with Eve.",1:24:13,USA,3 June 2014,MRG Entertainment
Lolita from Interstellar Space (2014),A sexy alien is sent to Earth to study human mating rituals.,1:21:30,USA,"8 March, 2014",Synthetic Filmwerx
Elle ou lui (2000),"Since the girlfriend Benoit Marianne began attending a dance school, the young man began to notice changes in her behavior. This alarmed him, especially since the owner of the school Gloria was involved in the case of the mysterious death of one of the students who had fallen from the balcony. Soon, Benoit noticed that Marianne began to avoid him, and after a while he learned that there was a sexual relationship between his girlfriend and Gloria. And this connection causes burning jealousy from the other student of Gloria - Camille. This jealousy was so obvious that Benoit began to fear for Marianne's life, suspecting that it was Gloria's infidelity that forced Camille in love with her to eliminate her previous rival...",1:27:10,France,"24 September, 2000",Isatae
The Sex Substitute 2,"The Sex Substitute 2 concerns a pair of young guys who, through a variety of misunderstandings, are mistaken for sex therapists. They use their position in order to have as many sexual experiences as possible.",1:27:52,USA,"17 March, 2003",Indigo Entertainment
Erotic Amnesia (2016),"After a painful breakup, a couple turn to hypnosis to try to erase their memories of each other but while their minds may be clear, their hearts and bodies may never forget so they embark on one night of passion to piece together their love.",1:22:46,USA,"1 January, 2016",Adam & Eve Pictures
House on Hooter Hill,A group of sensual and cheerful beauties is willing to pay a large sum of money just to get to one night in a mysterious house where they are haunted. And they do not do it by accident. Local spirits can boast qualities that you would hardly seek for deadly lovers.,1:18:11,USA,"11 September, 2007",Howru Productions
Onda Nova (1983),"Gayvotas FC is a women's football team sponsored by a professional club. The film follows the joys and sorrows of girls in and out of the fields, their love affairs and disappointments, the difficult relationship with parents who fear that football will masculinize their daughters and the betrayal of their boyfriends.",1:41:58,Brazil,"1 January, 1983",Olympus Filmes
Intrigo d'amore (1988),"Billy is a young photographer engaged in piquant photo shoots. His main clients are women, who want to revive feelings and desires in their husbands. Three friends are asked to photograph them: The first is Janet, the police wife, the second is Lauren, the wife of the banker, and the third is Evelyn, is married to a lawyer. While working, Billy seduces three women, and someone starts to blackmail them. The photographer asks her husband Janet to conduct an investigation. As a result, blackmailers are found, but Evelyn's husband kills her and Billy.",1:29:00,Italy,"1 January, 1988",Italia Film Production
Personals: College Girl Seeking...,"Twenty-one-year-old student Juliette writes a study of human sexual behavior, but her professor is not very satisfied with the results. She asks her to dive deeper into the issue, but she does not understand him very much. Her roommate Sarah knows exactly what Juliette needs - going from theory to practice. She must know because she is a sex expert. And so she suggests a friend to try it with an ad. He gets a pile of answers and has the opportunity to get to know a lot of common and unusual sexual practices, hobbies and libations. The trouble arises when you accidentally get involved with Sara's friend David.",1:34:08,USA,"1 April, 2001",Indigo Entertainment
Sinsations: Deviant Divas,Lots of nudity and simulated sex in this flick.,1:12:00,USA,2007,MRG Entertainment
Over the Wire,"When telephone repairman (and ex-cop) Bruce (David Christensen) overhears a potentially deadly business conversation over crossed wires, he dutifully reports his concern to his police-detective pal, Roy Walker (Keith Lewis). Bruce believes that one of two sisters--realtor Susan Sternam (Landon Hall) and exotic dancer Rachel Sternam (Shauna O'Brien)--has hired a hit man to eliminate the other. Playing the good citizen against Roy's advice, Bruce confronts both women, immediately suspecting overtly bitchy Susan (whom he nonetheless beds) and shielding troubled Rachel, who presents herself as the victim of her controlling older sister. Meanwhile, Susan's unfaithful boyfriend Mark (Tim Abell) tangles with Roy, who mistakes him for the hit man.",1:27:54,USA,"21 May, 1996",SC Productions
Sex with the Ex (2014),"A story about a college woman whose traumatic freshman year results in her growing stronger to help others, finding herself as she reclaims her dignity from a horrid wretch.",1:46:29,USA,"3 September, 2014",New Sensations Video
Bikini Model Mayhem (2016),A dirty politician uses sexy robots to seduce and blackmail his rivals.,1:21:12,USA,"24 January, 2016",Retromedia Entertainment
Femalien II,"Two gorgeous female aliens come to Earth, seeking their equally gorgeous friend 'Kara', who has become addicted to learning about Earthling procreation. Then everyone gets naked!",1:32:56,USA,1998,Twilight Movies
Bad Girls Behind Bars (2016),"Wise-cracking news reporter Georgina goes undercover in a women's prison to get the story of a lifetime. But she discovers she's stranded behind bars after her outside contact suddenly dies, now, the only way to get out is to Put Out. (IMDB)",1:16:46,USA,"26 January, 2016",
Night Fire,"Lydia is a woman full of passion who is not happy with her marriage. But then another couple appears in her life, which creates life-threatening situations.",1:33:37,USA,"12 October, 1994",Miklen Entertainment
Castle Eros (2002),Two American tourists find themselves in Europe in a penniless state. Then they start working in a castle in Italy where guests come to fulfill their fantasies.,1:31:02,USA,"18 June, 2002",Surrender Cinema
Hot Club California,"Uncle Leo asks his three beautiful nieces to help him turn his ruined club into a popular beach resort for the Malibu elite. It's hard work, but when the girls realize how hot and sweet the fruits of their work are, they will be eager.",1:49:46,USA,"2 December, 1999",Cameo Films
Passion's Desire,"In this erotic thriller, Mark (Jeff Davis) is a man who seemingly has it all - good looks, a lucrative career, and not one but three beautiful girlfriends. Mark comes to the conclusion that he has to decide on one of them, but while Cindy, Donna, and Jill are all quite attractive, they're also very different, so rather than narrowing his choices, Mark decides to expand them. Also screened as Animal Attraction 2.",1:36:16,USA,"25 November, 2000",Twilight Entertainment
An Erotic Tale of Ms. Dracula,"An investigation at Ms. Dracula's mansion into the disappearance of a local beauty leads a group of characters, pulled from the pages of vampire fiction, on a wild goose chase that results...",1:15:16,USA,"3 April, 2014",Old Mill Entertainment
Playing With Penny (2006),Penny s boyfriend Derek seems to think that poker is only a man s game. When Derek enters a poker tournament and discourages Penny from joining because she s a girl Penny sets out to prove him wrong. She’ll do anything to learn the game even if it means betting her clothes. The stakes get higher the room gets hotter and sexy Penny shows all her cards.,1:12:45,USA,"1 January, 2006",Torchlight Pictures
Insatiable Obsession,"Writer Collin Blake suffers from a block, and the manuscript surrender is near the corner. His wife would hire him to a remote rural house where he could find inspiration. Soon after the move, it turns out that the house has a dark past, in which it grips with the criminals and the sinful eroticism of a former brothel. Colin is suddenly full of inspiration, and the book is fast moving forward. The spirit of former owner Stella, who supplies him with stories, full of wastefulness, begins to visit him. But as Stella accompanies him with ancient erotic sins, Colin ceases to distinguish reality from the revelation of the past.",1:30:17,USA,2006,MRG Entertainment
Kiss and Kill (2017),"A woman named Katy is blackmailed with photos of sexual nature into giving in to any of her blackmailer's whims. Seeing no other way out, she opts for deadly revenge.",1:21:36,USA,"8 August, 2017",Retromedia Entertainment
Voyeur's Web,Cinnamon joins a voyeur's club in order to write an article for a magazine. Sam is an undercover cop and working on a vice operation when Olivia discovers his true identity.,1:25:00,USA,"6 November, 2010",MRG Entertainment
Sexual Temptations,"Beautiful new FBI recruit Carly Davis (Chelsea Blue) gets a chance to prove herself when she’s sent to nab international jewel thief Jack Sullivan (Joe Souza) in this erotic thriller. Using both her sexual wiles and her tracking expertise, Carly lures Sullivan into her trap. But Sullivan may be on to the novice, who soon begins falling for her captivating quarry.",1:22:37,USA,2001,MRG Entertainment
Le miroir du désir (1996),"Linda (Clara Mars), an American choreographer in Paris, is looking for an original birthday gift for her husband, Jean (Patrick Hamel). She organizes a fake audition for an erotic dance show in New York. While they are choosing dancers they are fulfilling their fantasies. Three dancers attract Jean's attention: the couple of Daniel (Donn Martin) and Laure (Julia Austin) and Sophie (Marie-France Henry). Linda seduces Daniel and pushes Sophie into the arms of her husband and destines Laure to the final surprise. But Laure soon understands the aim of these rehearsals and prefers to leave the class. Indeed she refuses to be a gift offered to Jean, while she just thought to come and dance to entertain. (IMDB user lament)",1:28:29,France,"6 April, 1997",ISATAE
Air Erotica (2004),It is time to join the mile high club.,1:21:14,USA,"30 December, 2004",Torchlight Pictures
A Girl's Affair,Another torchlight movie that contains a lot of sex scenes.,1:18:37,USA,"13 January, 2002",Torchlight Pictures
Passionate Encounters,"Dr. Kinkaid and Dr. Jenkins start a sociological experiment, which involves examining how men and women react to each other in specific social situations. Volunteers selected for research who spend the weekend locked in the home quickly begin to integrate.",1:22:05,USA,"11 March, 2004",MRG Entertainment
The Exhibitionist Files (2002),"For many years scientists have observed animals in natural conditions. It's time to observe people. Lisa, a sex therapist, is conducting an investigation of exhibitionism. She selects out of 175 candidates seven women and two men. The stories told to her by the testimony are incredible and exciting. Attraction to Robert, one of the subjects, becomes unbearable. Whether Lisa will be able to cross the line of embarrassment and fear and completely surrender to passion and excitement.",1:43:49,USA,"16 July, 2002",Indigo Entertainment
Emmanuelle Through Time: Rod Steele 0014 & Naked Agent 0069,The legendary queen of erotica and the ultimate secret agent finally meet!,1:26:59,USA,"17 January, 2012",Click Productions
Carnal Desires,"Mick is the best masseur in the city. His services, which extend far beyond the limits of professional duties, are used by the most famous and rich women. Ambitious Mick is dreaming to open his own wellness center. Thanks to the acquaintance with millionaire Dean Wallace, who is ready to invest in the project, Mika's blue dream is close to realization. But how far is he ready to go to achieve the desired?",1:23:29,USA,"11 March, 1999",MRG Entertainment
