0,1,photo,checkInTime,checkoutTime,5,6,7,8,9,10,11
Aston Kaanapali Shores,808-667-2211,https://www.aquaaston.com/files/live/sites/aah/files/properties/AKS/aston-kaanapali-shores-garden-pool-960x639.jpg,3 p.m.,12 p.m.,"Laid out on ten acres of serene landscape that opens up to expanse oceanfront views, Aston Kaanapali Shores immerses you in the “quintessential Hawaiian experience.” Unwind in tropical gardens with cascading waterfalls, take a dip in the oceanfront or garden pools, and dine al fresco with stunning views of Molokai and Lanai - all without ever leaving the property. Additional on-site amenities include an activities desk, fitness center and spa, two jet spas, free introductory SCUBA lessons, a year-round kids program, and cultural activities that include hula and ukulele lessons.",3445 Lower Honoapiilani Road,HI,96761.0,Lahaina,4.0,2989.0
Aston Waikiki Beach Tower,808-926-6400,https://www.aquaaston.com/files/live/sites/aah/files/properties/AWT/aston-waikiki-beach-tower-hospitality-room-sofa-960x640.jpg,3:00 pm,12:00 noon,"Wake up to oceanfront living. Located directly across from Waikiki Beach in Honolulu, Aston Waikiki Beach Tower perfectly combines exclusive condominium living with attentive resort-quality service. Guests enjoy modern on-site amenities including a swimming pool, separate children&#039;s pool, jet spa, cabanas, barbecue grills, fitness room, yoga room, hospitality lounge, billiards, and cultural activities. In the energetic heart of Waikiki, Aston Waikiki Beach Tower is just steps away from a number of places to shop, dine, play in the ocean, and dance the night away.",2470 Kalakaua Avenue,HI,96815.0,Honolulu,4.5,1251.0
Aston Mahana at Kaanapali,808-661-8751,https://www.aquaaston.com/files/live/sites/aah/files/properties/MAH/aston-mahana-at-kaanapali-pool-960x640-1.jpg,3:00 pm,12:00 noon,"Aston Mahana at Kaanapali is a tranquil tropical retreat that takes full advantage of its beautiful northern Kaanapali Beach setting. Guests rave about the beautiful landscaping and decor, but it’s the ocean that is truly the star of the show with breathtaking views of Lanai and Molokai as an added bonus. An accessible location, drive from Kaanapali to Lahaina and other popular Maui attractions. On-site amenities include a pool, jet spa, shuffle board, tennis court, and barbecue grills.",110 Kaanapali Shores Place,HI,96761.0,Lahaina,4.5,2140.0
Aston Waikoloa Colony Villas,808-886-8899,https://www.aquaaston.com/files/live/sites/aah/files/properties/WCV/aston-waikoloa-colony-villas-pool-1-960x640.jpg,3:00 pm,12:00 noon,"Located on the Hawaii Island’s west coast next to the 10th fairway of the Waikoloa Beach Golf Course is Aston Waikoloa Colony Villas, a private gated community that boasts stunning views of Mauna Kea and the &#039;Big Island’s&#039; notorious lava fields surrounding the area. An ultimate leisure retreat, guests enjoy two full-sized pools, a fitness center, and barbecue grills. In addition to world-class golf, nearby activities include shopping, dining, beachfronts, and ancient petroglyph fields.",69-555 Waikoloa Beach Dr.,HI,96738.0,Waikoloa,4.5,264.0
Aston Waikiki Sunset,808-922-0511,https://www.aquaaston.com/files/live/sites/aah/files/properties/SUN/Aston-Waikiki-Sunset_Tennis-Court-1024.jpg,3:00 pm,12:00 noon,"Get comfortable and make yourself at home. Aston Waikiki Sunset is a family-friendly condominium resort in Honolulu that reflects the relaxed lifestyle of the islands. Guests enjoy an on-site swimming pool, large sun deck, fitness center, barbecue stations, and a hospitality lounge. With exciting activities at Waikiki Beach, Kapiolani Park, and the Honolulu Zoo just a short stroll walk away, Aston Waikiki Sunset is an ideal homebase for a Waikiki getaway.",229 Paoakalani Avenue,HI,96815.0,Honolulu,3.5,1608.0
Aqua Palms Waikiki,808-947-7256,https://www.aquaaston.com/files/live/sites/aah/files/properties/PAW/aqua-palms-waikiki-lobby-front-desk-1-960x609.jpg,3:00 pm,12:00 noon,"Situated at the gateway to Waikiki, Aqua Palms Waikiki hotel in Hawaii is a lively boutique hotel just a block from the beach and within walking distance to Ala Moana Center, Fort DeRussy, and the Hawaii Convention Center. A friendly and service-oriented hotel, guests enjoy on-site amenities including a pool and sun deck, fitness facilities, activities and tours desk, IHOP restaurant, WiFi internet access, and a weekly manager’s reception with refreshments and live music.",1850 Ala Moana Boulevard,HI,96815.0,Honolulu,4.0,2088.0
Aston Waikiki Circle Hotel,808-923-1571,https://www.aquaaston.com/files/live/sites/aah/files/properties/CIR/aston-waikiki-circle-beach-960x640.jpg,3:00 pm,12:00 noon,"If you want to live large, yet save a little in Waikiki, look no further than the Aston Waikiki Circle Hotel. Centrally located on Kalakaua Avenue and directly across from Waikiki Beach, the hotel features whimsical architecture (designed to resemble a Chinese lantern) and is within walking distance from the Honolulu Zoo, Royal Hawaiian Center, Waikiki Aquarium, and other popular island activities. With an oceanfront location and unbeatable room rates, the Aston Waikiki Circle Hotel is a gem in Waikiki.",2464 Kalakaua Avenue,HI,96815.0,Honolulu,4.0,1289.0
Aston at The Whaler on Kaanapali Beach,808-661-6000,https://www.aquaaston.com/files/live/sites/aah/files/properties/WHA/aston-at-the-whaler-on-kaanapali-beach-beach-960x612.jpg,4:00 pm,11:00 am,"Within Kaanapali Beach Resort and set along the pristine Kaanapali Beach shoreline is Aston at The Whaler on Kaanapali Beach, a condominium resort that exudes leisure and relaxation. Comprised of two 12-story mid-century towers on six acres of lush tropical landscaping, guests spend days dipping in the pool, catching sunsets on the beachfront, and unwinding by the fire pits. Other convenient on-site amenities include a jet spa, sauna, fitness center, spa, barbecue grills, tennis court, and concierge. Aston at The Whaler on Kaanapali Beach is just a hop away from Whaler’s Village and a short drive to the town of Lahaina.",2481 Kaanapali Parkway,HI,96761.0,Lahaina,4.5,1394.0
Aston at Papakea Resort,808-665-0880,https://www.aquaaston.com/files/live/sites/aah/files/properties/PAP/aston-at-papakea-resort-grounds-16-960x641.jpg,3:00 pm,12:00 noon,"An ideal tropical escape, Aston at Papakea Resort is an oceanfront condominium resort in Maui on 13 acres of expansive lawns and lush gardens. Guests with a passion for active living enjoy a variety of on-site amenities that include two outdoor pools and jets spas, two tennis courts, pickleball court, putting greens, poolside cabanas, and barbecue grills. WiFi internet access is available throughout the resort.",3543 Lower Honoapiilani Road,HI,96761.0,Lahaina,4.0,1270.0
Crocodile Bay Resort,+1-506-2735-5631,https://www.aquaaston.com/files/live/sites/aah/files/properties/CBR/crocodile-bay-open-water-1920x.jpg,3:00 pm,11:00 am,"Crocodile Bay is the perfect destination for people who want to pair their exhilarating adventures with creature comforts. Our all-inclusive approach means all you have to think about is which expeditions you want to try. We have over 30 expeditions, from offshore fishing to jungle tours to ziplining. With the largest professional sport fishing team in Central America, we are a premier destination for fishing. Between adventures, enjoy our beautiful rooms, luxury spa and fun pool with a swim up bar. If you are traveling with a group with varied interests, then Crocodile Bay is perfect - we have something for everyone.","Costado Este del Aeropuerto de Puerto Jiménez, Costa Rica",,,,4.5,250.0
Ewa Hotel Waikiki,808-922-1677,https://www.aquaaston.com/files/live/sites/aah/files/properties/EWA/ewa-lobby-960x539.jpg,3:00 pm,12:00 noon,"Ewa Hotel Waikiki offers a prime location for those seeking to stay in Waikiki without paying a hefty price. A hidden gem, the hotel is located just two blocks from Waikiki Beach, and right across from Kapiolani Park and the Honolulu Zoo. The hotel features an expansive rooftop sun deck where guests enjoy soaking up the Hawaiian sunshine and view spectacular Waikiki sunsets. Guests enjoy comfortable standard room, or opt for a convenient studio or suite with a kitchenette.",2555 Cartwright Road,HI,96815.0,Honolulu,3.5,540.0
Aston at the Waikiki Banyan,808-922-0555,https://www.aquaaston.com/files/live/sites/aah/files/properties/BAN/aston-at-the-waikiki-banyan-pool-960x639.jpg,3:00 pm,12:00 noon,"Aston at the Waikiki Banyan is a long-time favorite among Kamaaina and return visitors alike, emanating a traditional Hawaii atmosphere that so many love. Located one block away from the excitement of Kalakaua Avenue, it’s close to shopping and restaurants but slightly removed to the peaceful side of Waikiki. Aston at the Waikiki Banyan offers on-site conveniences that include an activities desk, coffee shop, and a large recreation deck that features barbecue grills, a basketball and tennis court, a kid&#039;s playground area, a swimming pool, and two jet spas. Add to the excitement, views of the Waikiki cityscape and you’ve got hours of fun in the Hawaiian sun.",201 Ohua Avenue,HI,96815.0,Honolulu,3.5,1059.0
Aston at Poipu Kai,808-742-7424,https://www.aquaaston.com/files/live/sites/aah/files/properties/PPK/aston-at-poipu-kai-pool-kahala-960x639.jpg,3:00 pm,11:00 am,"Situated on the sunny south side of Kauai, Aston at Poipu Kai provides an unforgettable backdrop for an idyllic Hawaii vacation. Spread out over 84 lush landscaped acres with five distinct condominium communities, each with its own unique character. Each community has its own pool and and outdoor barbecues. Stay active with outdoor tennis courts and walking/jogging paths that lead to the beachfront.",1775 Poipu Road,HI,96756.0,Koloa,4.0,317.0
Ilikai Lite,808-944-6333,https://www.aquaaston.com/files/live/sites/aah/files/properties/ILT/Ilikai-Courtyard_1024.jpg,3:00 pm,12:00 noon,"Located within renowned Ilikai Hotel is Ilikai Lite, a range of affordable accommodations in traditional decor that still include the services and amenities provided by Ilikai Hotel. The iconic oceanfront Ilikai Hotel is situated on the Ala Wai Yacht Marina at the edge of Waikiki and just a short stroll to Ala Moana Center and two blocks to the Hawaii Convention Center. A modern paradise blended with nostalgic Hawaiian-style hospitality, guests enjoy two pools, a fitness center, spa and full service salon, retail shops, a coffee shop, weekly entertainment, and cocktails and dining at popular restaurant &#039;Cinnamon&#039;s at The Ilikai.&#039;",1777 Ala Moana Boulevard,HI,96815.0,Honolulu,4.5,2540.0
Maui Kaanapali Villas,808-667-7791,https://www.aquaaston.com/files/live/sites/aah/files/properties/MKV/aston-maui-kaanapali-villas-exterior-pool-with-ocean-960x638.jpg,4:00 pm,11:00 am,"So blissful you may never want to leave, Maui Kaanapali Villas is set along sandy shores and amidst 11 acres of lush tropical gardens creating the ultimate backdrop for a dream Maui vacation. Spend days exploring the resort and following the footpath to breathtaking Kahekili Beach. Dine on island cuisine with a view at Castaway Cafe. On-site amenities include two swimming pools and jet spas, a fitness center, spa, shuffleboard court, barbecue grills, Kaanapali Resort shuttle service, activities desk, shops, and direct beach access. Enjoy the warm and sunny weather in Lahaina.",45 Kai Ala Drive,HI,96761.0,Lahaina,4.0,1411.0
Aston Maui Hill,808-879-6321,https://www.aquaaston.com/files/live/sites/aah/files/properties/MHL/aston-maui-hill-pool-960x709.jpg,2:00 pm,11:00 am,"Situated on lush tropical landscaping in Kihei on Maui, Aston Maui Hill is a condominium resort, just minutes from the premier resort area of Wailea. Experience true aloha spirit from a gracious staff who treat you like family. When you’re out and about, enjoy easy access to nearby shops and restaurants, Kamaole Beach Parks, and world-class golf courses. On-site amenities include a swimming pool, putting green, shuffle board, and barbecue grills. An ideal choice families and large parties, Aston Maui Hill is a &#039;home sweet home&#039; while vacationing in Hawaii.",2881 South Kihei Road,HI,96753.0,Kihei,4.5,777.0
Aqua Aloha Surf Waikiki,808-923-0222,https://www.aquaaston.com/files/live/sites/aah/files/properties/AAS/aqua-aloha-surf-waikiki-pool1-1-960x640.jpg,3:00 pm,12:00 noon,"A surfer’s lifestyle is all about being inspired by the ocean, hitting the beach for sun therapy, and laid back living with a sense of freedom. The moment you enter Aqua Aloha Surf Waikiki, you’ll feel that freeing vibe all around you. Friendly staff that radiates aloha spirit and a bright lobby decorated in blues of the ocean and shades of green like swaying palm trees. Guests enjoy amenities that include daily continental breakfast, an on-site spa, cafe, fitness area, pool, barbecue grill, and WiFi to stay connected. The hotel is located just a block from the International Marketplace and two blocks to the beachfront. Stay near all the fun things to do in Waikiki.",444 Kanekapolei Street,HI,96815.0,Honolulu,3.5,1801.0
Aston at the Executive Centre Hotel,808-539-3000,https://www.aquaaston.com/files/live/sites/aah/files/properties/EXC/EXC_pool-2018-960x640.jpg,3:00 pm,12:00 noon,"The 41-story Aston at the Executive Centre Hotel is the only hotel in downtown Honolulu, an ideal location for business travelers and leisure visitors alike. Located within walking distance of the State Capitol, government offices, the city’s financial district, Hawaii Pacific University, Aloha Tower, and Chinatown, it&#039;s convenient and easily accessible. Guests enjoy lounging at the pool on the 11th floor recreation deck along with a hot tub and lounge chairs.",1088 Bishop Street,HI,96813.0,Honolulu,4.0,331.0
Tuscana Resort Orlando by Aston,407-787-4800,https://www.aquaaston.com/files/live/sites/aah/files/properties/TRO/tuscana-resort-orlando-pool-1-1-960x640.jpg,4:00 pm,11:00 am,"Tuscana Resort Orlando by Aston is a Mediterranean-style villa resort, located where the best of Orlando attractions are practically in your backyard. Be adventurous and take a ride in a hot air balloon or canoe the headwaters of the Everglades. Make memories at world-famous theme parks like Walt Disney World® Resort, LEGOLAND® Florida Resort, and SeaWorld, located just minutes away. On-site, find a host of family-friendly amenities include a swimming pool complex with a separate children’s pool, a jet spa, fitness center, 30-seat movie theater, picnic area with barbecue grills, and a restaurant.",1395 Tuscana Lane,FL,33896.0,ChampionsGate,4.0,1204.0
Aston Shores at Waikoloa,808-886-5001,https://www.aquaaston.com/files/live/sites/aah/files/properties/ASW/aston-shores-at-waikoloa-pool-1-960x638.jpg,3:00 pm,11:00 am,"On the west coast of Hawaii Island (The Big Island) known for its many golf resorts, Aston Shores at Waikoloa is a gated condominium resort community nestled between two Waikoloa golf courses. A stress-free alternative to mega-resorts yet with all the right amenities, enjoy a swimming pool and jet spa, tennis courts, fitness center, and outdoor barbecues. Aston Shores at Waikoloa offers a serene escape with scenic views of Mauna Kea and the impressive lava fields that surround the resort.",69-1035 Keana Place,HI,96738.0,Waikoloa,4.0,277.0
ESPACIO THE JEWEL OF WAIKIKI,808-377-2246,https://www.aquaaston.com/files/live/sites/aah/files/properties/AWB/rs_480x0_espacio-reception-lobby-1000X800.jpg,3:00 pm,12:00 noon,"ESPACIO The Jewel of Waikiki is redefining the luxury hotel experience in Waikiki for guests who seek the ultra-exclusive with personalized service and privacy. Elegant all-suite accommodations are bedecked in Italian marble details and accents from Morocco. Every suite offers a private entry on its own floor, multiple rooms, and three full bathrooms plus one half bath - each with TOTO Washlets. Modern kitchens are equipped with Thermador and Miele appliances. Catch picture-perfect sunsets while soaking in the Jacuzzi® on a private balcony. Fused with each suite&#039;s lavish amenities and design is the integration of cutting edge technology. Control anything from room temperatures and lighting to ordering room service, all with a touch on an iPad. Use Smart TV functions for streaming and managing digital content from personal devices on the TV screen. On-site, guests are treated to the finest services and amenities. Lounge with sweeping views from a rooftop infinity pool, rejuvenate at the full-service spa, and treat the palate to an exclusive fine dining experience at Mugen. Included is complimentary luxury vehicle rental, round-trip luxury airport transportation, and convenient in-suite registration. Butler and concierge service ensure stays at ESPACIO are stress-free and unforgettable.",2452 Kalakaua Avenue,HI,96815.0,Honolulu,5.0,10.0
Aston at the Maui Banyan,808-875-0004,https://www.aquaaston.com/files/live/sites/aah/files/properties/MBA/aston-at-the-maui-banyan-amenities-tennis-court-960x702.jpg,3:00 pm,12:00 noon,"The sunny Kihei coast offers the best of beach-town living. Located directly across from the golden sands of Kamaole Beach Park II, Aston at the Maui Banyan offers a perfect setting for your next vacation. Enjoy convenient condominium living and easy access to many of Maui’s popular attractions in Kihei and Wailea, all at great value. On-site amenities include two swimming pools, two jet spas, barbecue grills, and a tennis court.",2575 South Kihei Road,HI,96753.0,Kihei,4.0,877.0
Aston Paki Maui,808-665-0880,https://www.aquaaston.com/files/live/sites/aah/files/properties/PAK/paki-maui_005-oceanfront-exterior--960x640.jpg,3 p.m.,12 p.m.,"Aston Paki Maui offers the best value for an oceanfront resort on the Kaanapali Coast. Tropical beauty, easygoing comfort, and affordability make Aston Paki Maui an ideal Maui getaway. Convenient on-site amenities include an outdoor pool, jet spa, barbecue grills, lush tranquil gardens, and a coconut tree-lined lawn with loungers to take in expansive views of the Pacific. Adjacent is Honokowai Beach park, and within short driving distance are Whaler&#039;s Village and the charming town of Lahaina.",3615 Lower Honoapiilani Road,HI,96761.0,Lahaina,3.5,564.0
Aston Islander on the Beach,808-822-7417,https://www.aquaaston.com/files/live/sites/aah/files/properties/IOB/aston-islander-on-the-beach-pool-1-960x641.jpg,3:00 pm,11:00 am,"With its plantation style architecture and direct proximity to the beach, Aston Islander on the Beach is a gem on the Coconut Coast of Kauai. A perfect retreat for those who want to get away from it all, this charming hotel on the beach is surrounded by six acres of tropical floral gardens with an outdoor pool area that features hut-like cabanas and a poolside bar. Additional on-site amenities include a jet spa, beach loungers, bike rentals, barbecues, and an activities desk to help plan island adventures.",440 Aleka Place,HI,96746.0,Kapaa,4.0,1976.0
Aston Kona by the Sea,808-327-2300,https://www.aquaaston.com/files/live/sites/aah/files/properties/KBS/aston-kona-by-the-sea-pool-2-960x639.jpg,3:00 pm,12:00 noon,"Set along Kona&#039;s notorious black lava shoreline, Aston Kona by the Sea opens up to stunning views of the Pacific, creating the backdrop for a dream Hawaiian Vacation. In a popular location for snorkeling and surfing, this condominium resort is within ideal proximity to must-do Kona activities, while still offering a serene retreat with its tropical landscaping and sandy lounge area beneath breezy coconut trees. Additional on-site amenities include a saltwater pool, jet spa, barbecues, WiFi internet access, and meeting room/reception space available to rent.",75-6106 Alii Drive,HI,96740.0,Kailua-Kona,4.0,739.0
Ilikai Hotel & Luxury Suites,808-949-3811,https://www.aquaaston.com/files/live/sites/aah/files/properties/ILI/amenities/ilikai-hotel-suites-pool-960x720.jpg,3:00 pm,12:00 noon,"Internationally-recognized in the opening sequence of the original Hawaii Five-O television series, the Ilikai Hotel &amp; Luxury Suites is truly renowned as a Waikiki landmark. The iconic oceanfront hotel is situated on the Ala Wai Yacht Marina at the edge of Waikiki and just a short stroll to Ala Moana Center and two blocks to the Hawaii Convention Center. A modern paradise blended with nostalgic Hawaiian-style hospitality, guests enjoy two hotel swimming pools, a fitness center, spa and full service salon, retail shops, coffee shop, weekly entertainment, and cocktails and dining at popular restaurant &#039;Cinnamon&#039;s at The Ilikai.&#039; All accommodations feature full kitchens and a private lanai.",1777 Ala Moana Boulevard,HI,96815.0,Honolulu,4.5,2540.0
The Fountains at ChampionsGate,407-787-4800,https://www.aquaaston.com/files/live/sites/aah/files/properties/FRO/the-fountains-at-champions-gate-pool-1-960x640.jpg,4 p.m.,11 a.m.,"The Fountains at ChampionsGate resort puts the ‘home’ in ‘townhome.’ Enjoy the comfort and convenience of beautifully furnished villas in an ideal location surrounded by flowering gardens and lush, green landscape. Close to the most famous theme parks in America but worlds away from the crowds, this exclusive gated resort features upscale villas with plenty of space for all the family. On-site amenities include a pool, jet spa, and fitness center. Guests are also permitted access to the amenities of neighboring Tuscana Resort Orlando by Aston.",8101 Roseville Boulevard,FL,33896.0,Davenport,4.0,141.0
Aqua Oasis,808-923-2300,https://www.aquaaston.com/files/live/sites/aah/files/properties/OAS/aqua-oasis-lobby-chair-detail-960x624.jpg,3:00 pm,12:00 noon,"Enter the light and plant-filled lobby of Aqua Oasis and understand immediately how this boutique Waikiki hotel got its name. Walls of greenery, orchids surrounding indoor water features, and a koi and turtle pond - all just a short walk from the beach and near the best shopping in Waikiki, dining, and nightlife. it truly feels like an oasis in the midst of the city. When unwinding between activities, come “home” to a serene atmosphere. Take a dip in the intimate soaking pool, lay out on the sun deck, and grab a bite to eat at Aloha Steak House Waikiki. When its time to galavant again, the on-site concierge can help plan exciting adventures. The Oasis’ charm speaks for itself - it’s a slice of paradise in the heart of Waikiki.",320 Lewers Street,HI,96815.0,Honolulu,4.0,909.0
