0,1,ratingValue,ratingCount,worstRating,bestRating
NCERT Solutions Class 10 English Footprints Without Feet Chapter 5 &#8211; Footprints without Feet,"Here you will get free NCERT Solutions for Class 10 English, Footprints Without Feet of Chapter 5 &#8211; Footprints without Feet. All NCERT Book Solutions are given here for Footprints without Feet. NCERT Solutions are helpful in the preparation of several school level, graduate and undergraduate level competitive exams. Practicing questions from Footprints Without Feet NCERT English Solutions for Class 10...",5.0,2.0,1.0,5.0
NCERT Solutions Class 10 Social Science (Hindi Medium),"The candidates looking for NCERT Solutions for Class 10 Social Science in Hindi can have a look at the page below. Through this page, the students will be getting answers to the textbook questions of the NCERT Social Science book. While studying from the NCERT books, not just the students but at times, teachers too...",3.0,1.0,1.0,5.0
NCERT Solutions Class 8 Social Science Civics Chapter 8 Confronting Marginalisation,"Here you can get free NCERT Solutions for Class 8 Social Science, Civics of Chapter 8 Confronting Marginalisation. All NCERT Book Solutions are given here exercise wise for Confronting Marginalisation. NCERT Solutions are helpful in the preparation of several school level, graduate and undergraduate level competitive exams. Practicing questions from Social and Political Life-III NCERT Social...",5.0,1.0,1.0,5.0
NCERT Solutions Class 8 English It So Happened Chapter 11 Ancient Education System of India,"Here you will get free NCERT Solutions for Class 8 English, It So Happened of Chapter 11 Ancient Education System of India. All NCERT Book Solutions are given here exercise wise for Ancient Education System of India. NCERT Solutions are helpful in the preparation of several school level, graduate and undergraduate level competitive exams. Practicing questions...",5.0,1.0,1.0,5.0
NCERT Solutions Class 8 Science,"The candidates looking for NCERT Solutions for Class 8 Science can have a look at the page below. Through this page, the students will be getting answers to the textbook questions of the NCERT Science book. While studying from the NCERT books, not just the students but at times, teachers too get confused. This is...",5.0,1.0,1.0,5.0
NCERT Solutions Class 10 Maths Chapter 13 पृष्ठीय क्षेत्रफल और आयतन,"Here you can get free NCERT Solutions for&nbsp;Class 10 Maths, in Hindi of&nbsp;Chapter 13 Surface Areas and Volumes. All NCERT Book Solutions are given here exercise wise for Surface Areas and Volumes.&nbsp;NCERT Solutions&nbsp;are helpful in the preparation of several school level, graduate and undergraduate level competitive exams.&nbsp;Practicing questions from&nbsp;NCERT Maths Book, its Solutions in Hindi...",3.0,1.0,1.0,5.0
NCERT Solutions Class 8 Social Science Geography Chapter 3 Mineral and Power Resources,"Here you can get free NCERT Solutions for Class 8 Social Science, Geography of Chapter 3 Mineral and Power Resources. All NCERT Book Solutions are given here exercise wise for Mineral and Power Resources. NCERT Solutions are helpful in the preparation of several school level, graduate and undergraduate level competitive exams. Practicing questions from Resource and...",5.0,1.0,1.0,5.0
NCERT Solutions Class 6 Hindi Durva Chapter 22 यात्रा की तैयारी,"Here you will get free NCERT Solutions for&nbsp;Class 6&nbsp;Hindi,&nbsp; Durva of Chapter 22 Yatra Ki Taiyari. All NCERT Book Solutions are given here exercise wise for Yatra Ki Taiyari. NCERT Solutions are helpful in the preparation of several school level, graduate and undergraduate level competitive exams. Practicing questions from NCERT Hindi Durva for Class 6...",5.0,1.0,1.0,5.0
NCERT Solutions Class 8 Hindi Sanshipt Budhcharit Chapter 3 ज्ञान-प्राप्‍त,"Here you will get free NCERT Solutions for Class 8 Hindi, Sanshipt Budhcharit of Chapter 3 Gyan-Prapt. All NCERT Book Solutions are given here exercise wise for Gyan-Prapt. NCERT Solutions are helpful in the preparation of several school level, graduate and undergraduate level competitive exams. Practicing questions from NCERT Hindi Sanshipt Budhcharit for Class 8 Chapter...",5.0,1.0,1.0,5.0
NCERT Solutions Class 6 Maths Chapter 12 Ratio And Proportion,"Here you can get free NCERT Solutions for&nbsp;Class 6&nbsp;Maths, of Chapter 12 Ratio And Proportion. All NCERT Book Solutions are given here exercise wise for Ratio And Proportion. NCERT Solutions are helpful in the preparation of several school level, graduate and undergraduate level competitive exams. Practicing questions from NCERT Maths Book, its Solutions for Class...",5.0,1.0,1.0,5.0
NCERT Solutions Class 8 Hindi Vasant Chapter 6 भगवान के डाकिये,"Here you will get free NCERT Solutions for Class 8 Hindi, Vasant of Chapter 6 Bhagwan ke Dakiae. All NCERT Book Solutions are given here exercise wise for Bhagwan ke Dakiae. NCERT Solutions are helpful in the preparation of several school level, graduate and undergraduate level competitive exams. Practicing questions from NCERT Hindi Vasant for Class 8...",2.0,1.0,1.0,5.0
NCERT Solutions Class 7 Social Science Civics Chapter 7 Markets Around Us,"Here you can get free NCERT Solutions for Class 7 Social Science, Civics of Chapter 7 Markets Around Us. All NCERT Book Solutions are given here exercise wise for Markets Around Us. NCERT Solutions are helpful in the preparation of several school level, graduate and undergraduate level competitive exams. Practicing questions from Social and Political Life-II...",5.0,1.0,1.0,5.0
NCERT Solutions Class 8 Science Chapter 6 दहन और ज्वाला,"Here you can get free NCERT Solutions for Class 8 Science, in Hindi of Chapter 6 Combustion and Flame. All NCERT Book Solutions are given here exercise wise for Combustion and Flame. NCERT Solutions are helpful in the preparation of several school level, graduate and undergraduate level competitive exams. Practicing questions from NCERT Science Book, its Solutions in...",5.0,1.0,1.0,5.0
NCERT Solutions Class 7 Hindi Vasant Chapter 7 पापा खो गए,"Here you will get free NCERT Solutions for Class 7 Hindi, Vasant of Chapter 7 Papa Kho Gaye. All NCERT Book Solutions are given here exercise wise for Papa Kho Gaye. NCERT Solutions are helpful in the preparation of several school level, graduate and undergraduate level competitive exams. Practicing questions from NCERT Hindi Vasant for Class...",5.0,1.0,1.0,5.0
NCERT Solutions Class 7 Maths Chapter 6 The Triangle and its Properties,"Here you can get free NCERT Solutions for Class 7 Maths, of Chapter 6 The Triangle and its Properties. All NCERT Book Solutions are given here exercise wise for The Triangle and its Properties. NCERT Solutions are helpful in the preparation of several school level, graduate and undergraduate level competitive exams. Practicing questions from NCERT Maths Book,...",5.0,1.0,1.0,5.0
NCERT Solutions Class 9 Hindi Sanchayan Chapter 1 गिल्लू,"Here you will get free NCERT Solutions for Class 9&nbsp;Hindi, Sanchayan of Chapter 1 Gillu. All NCERT Book Solutions are given here exercise wise for Gillu. NCERT Solutions are helpful in the preparation of several school level, graduate and undergraduate level competitive exams. Practicing questions from NCERT Hindi Sanchayan for Class 9 Chapter 1 Gillu...",5.0,1.0,1.0,5.0
NCERT Solutions Class 8 Maths,"The candidates looking for NCERT Solutions for Class 8 Maths can have a look at the page below. Through this page, the students will be getting answers to the textbook questions of the NCERT Maths book. While studying from the NCERT books, not just the students but at times, teachers too get confused. This is...",5.0,1.0,1.0,5.0
NCERT Solutions Class 6 Social Science Geography Chapter 5 Major Domains of the Earth,"Here you can get free NCERT Solutions for Class 6 Social Science, Geography of Chapter 5 Major Domains of the Earth All NCERT Book Solutions are given here exercise wise for Major Domains of the Earth NCERT Solutions are helpful in the preparation of several school level, graduate and undergraduate level competitive exams. Practicing questions...",5.0,1.0,1.0,5.0
NCERT Solutions Class 10 English First Flight Chapter 1 &#8211; A Letter to God,"Here you will get free NCERT Solutions for Class 10 English, First Flight of Chapter 1 &#8211; A Letter to God. All NCERT Book Solutions are given here for A Letter to God. NCERT Solutions are helpful in the preparation of several school level, graduate and undergraduate level competitive exams. Practicing questions from First Flight NCERT English Solutions for Class 10 Chapter...",5.0,1.0,1.0,5.0
NCERT Solutions Class 6 Hindi Durva Chapter 15 बातचीत,"Here you will get free NCERT Solutions for&nbsp;Class 6&nbsp;Hindi,&nbsp; Durva of Chapter 15 Baatcheet. All NCERT Book Solutions are given here exercise wise for Baatcheet. NCERT Solutions are helpful in the preparation of several school level, graduate and undergraduate level competitive exams. Practicing questions from NCERT Hindi Durva for Class 6 Chapter 15 Baatcheet is...",5.0,1.0,1.0,5.0
NCERT Solutions Class 6 Maths Chapter 1 Knowing Our Numbers,"Here you can get free NCERT Solutions for&nbsp;Class 6&nbsp;Maths, of Chapter 1 Knowing Our Numbers. All NCERT Book Solutions are given here exercise wise for Knowing Our Numbers. NCERT Solutions are helpful in the preparation of several school level, graduate and undergraduate level competitive exams. Practicing questions from NCERT Maths Book, its Solutions for Class...",5.0,1.0,1.0,5.0
NCERT Solutions Class 8 Science Chapter 4 Materials: Metals and Non – Metals,"Here you can get free NCERT Solutions for Class 8 Science, of Chapter 4 Materials: Metals and Non – Metals. All NCERT Book Solutions are given here exercise wise for Materials: Metals and Non – Metals. NCERT Solutions are helpful in the preparation of several school level, graduate and undergraduate level competitive exams. Practicing questions from NCERT...",5.0,1.0,1.0,5.0
NCERT Solutions Class 6 Hindi Vasant Chapter 1 वह चिड़िया जो,"Here you will get free NCERT Solutions for&nbsp;Class 6 Hindi,&nbsp; Vasant of Chapter 1 Wah Chidiya Jo. All NCERT Book Solutions are given here exercise wise for Wah Chidiya Jo. NCERT Solutions are helpful in the preparation of several school level, graduate and undergraduate level competitive exams. Practicing questions from NCERT Hindi Vasant for Class...",5.0,1.0,1.0,5.0
NCERT Solutions Class 6 English A Pact with the Sun Chapter 8 A Pact with the Sun,"Here you will get free NCERT Solutions for&nbsp;Class 6 English, A Pact with the Sun of Chapter 8 A Pact with the Sun. All NCERT Book Solutions are given here exercise wise for A Pact with the Sun. NCERT Solutions are helpful in the preparation of several school level, graduate and undergraduate level competitive exams....",5.0,1.0,1.0,5.0
NCERT Solutions Class 9 Hindi Kshitiz Chapter 1 दो बैलों की कथा,"Here you will get free NCERT Solutions for&nbsp;Class 9&nbsp;Hindi, Kshitiz of&nbsp;Chapter 1 Do Bailon Ki Katha. All NCERT Book Solutions are given here exercise wise for Do Bailon Ki Katha. NCERT Solutions are helpful in the preparation of several school level, graduate and undergraduate level competitive exams. Practicing questions from NCERT Hindi Kshitiz for Class...",1.0,1.0,1.0,5.0
"NCERT Solutions Class 7 Science Chapter 5 Acids, Bases and Salts","Here you can get free NCERT Solutions for&nbsp;Class 7&nbsp;Science, of Chapter 5 Acids, Bases and Salts. All NCERT Book Solutions are given here exercise wise for Acids, Bases and Salts . NCERT Solutions are helpful in the preparation of several school level, graduate and undergraduate level competitive exams. Practicing questions from NCERT Science Book, its...",5.0,1.0,1.0,5.0
NCERT Solutions Class 8 English It So Happened Chapter 10 The comet-II,"Here you will get free NCERT Solutions for Class 8 English, It So Happened of Chapter 10 The comet-II. All NCERT Book Solutions are given here exercise wise for The comet-II. NCERT Solutions are helpful in the preparation of several school level, graduate and undergraduate level competitive exams. Practicing questions from NCERT English It So Happened...",5.0,1.0,1.0,5.0
NCERT Solutions Class 8 Social Science History Chapter 5 When People Rebel 1857 and After,"Here you can get free NCERT Solutions for Class 8 Social Science, History of Chapter 5 When People Rebel 1857 and After. All NCERT Book Solutions are given here exercise wise for When People Rebel 1857 and After. NCERT Solutions are helpful in the preparation of several school level, graduate and undergraduate level competitive exams. Practicing questions...",5.0,1.0,1.0,5.0
NCERT Solutions Class 7 Hindi Vasant Chapter 16 भोर और बरखा,"Here you will get free NCERT Solutions for Class 7 Hindi, Vasant of Chapter 16 Bhor Or Barkha. All NCERT Book Solutions are given here exercise wise for Bhor Or Barkha. NCERT Solutions are helpful in the preparation of several school level, graduate and undergraduate level competitive exams. Practicing questions from NCERT Hindi Vasant for Class...",5.0,1.0,1.0,5.0
"NCERT Solutions Class 6 Science Chapter 11 Light, Shadows and Reflections","Here you can get free NCERT Solutions for&nbsp;Class 6&nbsp;Science, of Chapter 11 Light, Shadows and Reflections. All NCERT Book Solutions are given here exercise wise for Light, Shadows and Reflections. NCERT Solutions are helpful in the preparation of several school level, graduate and undergraduate level competitive exams. Practicing questions from NCERT Science Book, its Solutions...",5.0,1.0,1.0,5.0
NCERT Solutions Class 8 Science Chapter 15 Some Natural Phenomena,"Here you can get free NCERT Solutions for Class 8 Science, of Chapter 15 Some Natural Phenomena. All NCERT Book Solutions are given here exercise wise for Some Natural Phenomena. NCERT Solutions are helpful in the preparation of several school level, graduate and undergraduate level competitive exams. Practicing questions from NCERT Science Book, its Solutions for Class...",5.0,1.0,1.0,5.0
NCERT Solutions Class 7 English Honeycomb Chapter 1 Three Questions and The Squirrel,"Here you will get free NCERT Solutions for Class 7 English, Honeycomb of Chapter 1 Three Questions and The Squirrel. All NCERT Book Solutions are given here exercise wise for Three Questions and The Squirrel. NCERT Solutions are helpful in the preparation of several school level, graduate and undergraduate level competitive exams. Practicing questions from NCERT...",5.0,1.0,1.0,5.0
NCERT Solutions Class 8 English It So Happened Chapter 8 Jalebis,"Here you will get free NCERT Solutions for Class 8 English, It So Happened of Chapter 8 Jalebis. All NCERT Book Solutions are given here exercise wise for Jalebis. NCERT Solutions are helpful in the preparation of several school level, graduate and undergraduate level competitive exams. Practicing questions from NCERT English It So Happened for Class...",5.0,1.0,1.0,5.0
NCERT Solutions Class 7 English Honeycomb Chapter 4 The Ashes that Made Trees Bloom and Chivvy,"Here you will get free NCERT Solutions for Class 7 English, Honeycomb of Chapter 4 The Ashes that Made Trees Bloom and Chivvy. All NCERT Book Solutions are given here exercise wise for The Ashes that Made Trees Bloom and Chivvy. NCERT Solutions are helpful in the preparation of several school level, graduate and undergraduate level...",5.0,1.0,1.0,5.0
NCERT Solutions Class 8 English Honeydew Chapter 7 A Visit to Cambridge,"Here you will get free NCERT Solutions for Class 8 English, Honeydew of Chapter 7 A Visit to Cambridge. All NCERT Book Solutions are given here exercise wise for A Visit to Cambridge. NCERT Solutions are helpful in the preparation of several school level, graduate and undergraduate level competitive exams. Practicing questions from NCERT English Honeydew for...",5.0,1.0,1.0,5.0
NCERT Solutions Class 9 English Beehive Chapter 4 &#8211; Truly Beautiful Mind and The Lake Isle of Innisfree,"Here you will get free NCERT Solutions for Class 9 English, Beehive of Chapter 4 Truly Beautiful Mind and The Lake Isle of Innisfree. All NCERT Book Solutions are given here exercise wise for Truly Beautiful Mind and The Lake Isle of Innisfree. NCERT Solutions are helpful in the preparation of several school level, graduate and undergraduate...",5.0,1.0,1.0,5.0
NCERT Solutions Class 8 English It So Happened Chapter 2 Children At Work,"Here you will get free NCERT Solutions for Class 8 English, It So Happened of Chapter 2 Children At Work. All NCERT Book Solutions are given here exercise wise for Children At Work. NCERT Solutions are helpful in the preparation of several school level, graduate and undergraduate level competitive exams. Practicing questions from NCERT English It...",5.0,1.0,1.0,5.0
NCERT Solutions Class 7 Social Science Civics Chapter 9 Struggles for Equality,"Here you can get free NCERT Solutions for Class 7 Social Science, Civics of Chapter 9 Struggles for Equality. All NCERT Book Solutions are given here exercise wise for Struggles for Equality. NCERT Solutions are helpful in the preparation of several school level, graduate and undergraduate level competitive exams. Practicing questions from Social and Political Life-II...",5.0,1.0,1.0,5.0
NCERT Solutions Class 7 Social Science Civics Chapter 5 Women Change the World,"Here you can get free NCERT Solutions for Class 7 Social Science, Civics of Chapter 5 Women Change the World. All NCERT Book Solutions are given here exercise wise for Women Change the World. NCERT Solutions are helpful in the preparation of several school level, graduate and undergraduate level competitive exams. Practicing questions from Social and...",5.0,1.0,1.0,5.0
NCERT Solutions Class 6 Hindi Durva Chapter 19 प्रदर्शनी,"Here you will get free NCERT Solutions for&nbsp;Class 6&nbsp;Hindi,&nbsp; Durva of Chapter 19 Pradarshani. All NCERT Book Solutions are given here exercise wise for Pradarshani. NCERT Solutions are helpful in the preparation of several school level, graduate and undergraduate level competitive exams. Practicing questions from NCERT Hindi Durva for Class 6 Chapter 19 Pradarshani is...",5.0,1.0,1.0,5.0
NCERT Solutions Class 8 Social Science Civics Chapter 3 Why do we need a Parliament?,"Here you can get free NCERT Solutions for Class 8 Social Science, Civics of Chapter 3 Why do we need a Parliament? All NCERT Book Solutions are given here exercise wise for Why do we need a Parliament? NCERT Solutions are helpful in the preparation of several school level, graduate and undergraduate level competitive exams. Practicing...",5.0,1.0,1.0,5.0
NCERT Solutions Class 7 English Honeycomb Chapter 10 The Story of Cricket,"Here you will get free NCERT Solutions for Class 7 English, Honeycomb of Chapter 10 The Story of Cricket. All NCERT Book Solutions are given here exercise wise for The Story of Cricket. NCERT Solutions are helpful in the preparation of several school level, graduate and undergraduate level competitive exams. Practicing questions from NCERT English Honeycomb...",5.0,1.0,1.0,5.0
NCERT Solutions Class 7 Social Science Geography Chapter 6 Natural Vegetation and Wildlife,"Here you can get free NCERT Solutions for Class 7 Social Science, Geography of Chapter 6 Natural Vegetation and Wildlife. All NCERT Book Solutions are given here exercise wise for Natural Vegetation and Wildlife. NCERT Solutions are helpful in the preparation of several school level, graduate and undergraduate level competitive exams. Practicing questions from Our Environment...",5.0,1.0,1.0,5.0
NCERT Solutions Class 9 English Beehive Chapter 10 &#8211; Kathmandu and A Slumber Did My Spirit Seal,"Here you will get free NCERT Solutions for Class 9 English, Beehive of Chapter 10 Kathmandu and A Slumber Did My Spirit Seal. All NCERT Book Solutions are given here exercise wise for Kathmandu and A Slumber Did My Spirit Seal. NCERT Solutions are helpful in the preparation of several school level, graduate and undergraduate level competitive...",5.0,1.0,1.0,5.0
NCERT Solutions Class 7 Science Chapter 4 Heat,"Here you can get free NCERT Solutions for Class 7&nbsp;Science, of Chapter 4 Heat. All NCERT Book Solutions are given here exercise wise for Heat. NCERT Solutions are helpful in the preparation of several school level, graduate and undergraduate level competitive exams. Practicing questions from NCERT Science Book, its Solutions for Class 7 Chapter 4...",5.0,1.0,1.0,5.0
NCERT Solutions Class 7 English Honeycomb Chapter 5 Quality and Trees,"Here you will get free NCERT Solutions for Class 7 English, Honeycomb of Chapter 5 Quality and Trees. All NCERT Book Solutions are given here exercise wise for Quality and Trees. NCERT Solutions are helpful in the preparation of several school level, graduate and undergraduate level competitive exams. Practicing questions from NCERT English Honeycomb for Class...",5.0,1.0,1.0,5.0
NCERT Solutions Class 6 Hindi Vasant Chapter 10 झाँसी की रानी,"Here you will get free NCERT Solutions for&nbsp;Class 6 Hindi,&nbsp; Vasant of Chapter 10 Jhansi Ki Rani. All NCERT Book Solutions are given here exercise wise for Jhansi Ki Rani. NCERT Solutions are helpful in the preparation of several school level, graduate and undergraduate level competitive exams. Practicing questions from NCERT Hindi Vasant for Class...",5.0,1.0,1.0,5.0
NCERT Solutions Class 9 English Beehive Chapter 6 &#8211; My Childhood and No Men Are Foreign,"Here you will get free NCERT Solutions for Class 9 English, Beehive of Chapter 6 My Childhood and No Men Are Foreign. All NCERT Book Solutions are given here exercise wise for My Childhood and No Men Are Foreign. NCERT Solutions are helpful in the preparation of several school level, graduate and undergraduate level competitive exams. Practicing...",5.0,1.0,1.0,5.0
NCERT Solutions Class 6 Hindi Durva Chapter 17 तितली,"Here you will get free NCERT Solutions for&nbsp;Class 6&nbsp;Hindi,&nbsp; Durva of Chapter 17 Titlee. All NCERT Book Solutions are given here exercise wise for Titlee. NCERT Solutions are helpful in the preparation of several school level, graduate and undergraduate level competitive exams. Practicing questions from NCERT Hindi Durva for Class 6 Chapter 17 Titlee is...",5.0,1.0,1.0,5.0
NCERT Solutions Class 6 English HoneySuckle Chapter 9 Desert Animals and Whatif,"Here you will get free NCERT Solutions for&nbsp;Class 6 English, HoneySuckle of Chapter 9 Desert Animals and Whatif. All NCERT Book Solutions are given here exercise wise for Desert Animals and Whatif. NCERT Solutions are helpful in the preparation of several school level, graduate and undergraduate level competitive exams. Practicing questions from NCERT English HoneySuckle...",5.0,1.0,1.0,5.0
NCERT Solutions Class 6 English A Pact with the Sun Chapter 6 The Monkey and the Crocodile,"Here you will get free NCERT Solutions for&nbsp;Class 6 English, A Pact with the Sun of Chapter 6 The Monkey and the Crocodile. All NCERT Book Solutions are given here exercise wise for The Monkey and the Crocodile. NCERT Solutions are helpful in the preparation of several school level, graduate and undergraduate level competitive exams....",5.0,1.0,1.0,5.0
NCERT Solutions Class 6 English HoneySuckle Chapter 10 The Banyan Tree,"Here you will get free NCERT Solutions for&nbsp;Class 6 English, HoneySuckle of Chapter 10 The Banyan Tree. All NCERT Book Solutions are given here exercise wise for The Banyan Tree. NCERT Solutions are helpful in the preparation of several school level, graduate and undergraduate level competitive exams. Practicing questions from NCERT English HoneySuckle for Class...",5.0,1.0,1.0,5.0
NCERT Solutions Class 7 Social Science Civics Chapter 8 बाज़ार में एक कमीज़,"Here you can get free NCERT Solutions for Class 7 Social Science, Civics in Hindi of Chapter 8 A Shirt in the Market. All NCERT Book Solutions are given here exercise wise for A Shirt in the Market. NCERT Solutions are helpful in the preparation of several school level, graduate and undergraduate level competitive exams. Practicing questions...",5.0,1.0,1.0,5.0
NCERT Solutions Class 7 Maths Chapter 12 Algebraic Expressions,"Here you can get free NCERT Solutions for Class 7 Maths, of Chapter 12 Algebraic Expressions. All NCERT Book Solutions are given here exercise wise for Algebraic Expressions. NCERT Solutions are helpful in the preparation of several school level, graduate and undergraduate level competitive exams. Practicing questions from NCERT Maths Book, its Solutions for Class 7 Chapter...",5.0,1.0,1.0,5.0
NCERT Solutions Class 6 Science Chapter 10 Motion and Measurement of Distances,"Here you can get free NCERT Solutions for&nbsp;Class 6&nbsp;Science, of Chapter 10 Motion and Measurement of Distances. All NCERT Book Solutions are given here exercise wise for Motion and Measurement of Distances. NCERT Solutions are helpful in the preparation of several school level, graduate and undergraduate level competitive exams. Practicing questions from NCERT Science Book,...",5.0,1.0,1.0,5.0
NCERT Solutions Class 8 English Honeydew Chapter 10 The Great Stone Face-II,"Here you will get free NCERT Solutions for Class 8 English, Honeydew of Chapter 10 The Great Stone Face-II. All NCERT Book Solutions are given here exercise wise for The Great Stone Face-II. NCERT Solutions are helpful in the preparation of several school level, graduate and undergraduate level competitive exams. Practicing questions from NCERT English Honeydew for...",5.0,1.0,1.0,5.0
NCERT Solutions Class 6 Hindi Durva Chapter 26 बढे चलो,"Here you will get free NCERT Solutions for&nbsp;Class 6&nbsp;Hindi,&nbsp; Durva of Chapter 26 Badhe Chalo. All NCERT Book Solutions are given here exercise wise for Badhe Chalo. NCERT Solutions are helpful in the preparation of several school level, graduate and undergraduate level competitive exams. Practicing questions from NCERT Hindi Durva for Class 6 Chapter 26...",5.0,1.0,1.0,5.0
NCERT Solutions Class 10 Social Science History Chapter 4 औद्योगिकीकरण की युग,"Here you can get free NCERT Solutions for&nbsp;Class 10 Social Science, History in Hindi of&nbsp;Chapter 4 The Age of Industrialisation. All NCERT Book Solutions are given here exercise wise for The Age of Industrialisation.&nbsp;NCERT Solutions&nbsp;are helpful in the preparation of several school level, graduate and undergraduate level competitive exams.&nbsp;Practicing questions from India and The Contemporary...",2.0,1.0,1.0,5.0
NCERT Solutions Class 6 Social Science Geography Chapter 6 Major Landforms of the Earth,"Here you can get free NCERT Solutions for Class 6 Social Science, Geography of Chapter 6 Major Landforms of the Earth All NCERT Book Solutions are given here exercise wise for Major Landforms of the Earth NCERT Solutions are helpful in the preparation of several school level, graduate and undergraduate level competitive exams. Practicing questions...",5.0,1.0,1.0,5.0
NCERT Solutions Class 7 Science Chapter 3 Fibre to Fabric,"Here you can get free NCERT Solutions for Class 7 Science, of Chapter 3 Fibre to Fabric. All NCERT Book Solutions are given here exercise wise for Fibre to Fabric. NCERT Solutions are helpful in the preparation of several school level, graduate and undergraduate level competitive exams. Practicing questions from NCERT Science Book, its Solutions for Class...",5.0,1.0,1.0,5.0
NCERT Solutions Class 7 English An Alien Hand Chapter 8 The Bear Story,"Here you will get free NCERT Solutions for Class 7 English, An Alien Hand of Chapter 8 The Bear Story. All NCERT Book Solutions are given here exercise wise for The Bear Story. NCERT Solutions are helpful in the preparation of several school level, graduate and undergraduate level competitive exams. Practicing questions from NCERT English An...",5.0,1.0,1.0,5.0
NCERT Solutions Class 7 English Honeycomb Chapter 2 A Gift of Chappals and The Rebel,"Here you will get free NCERT Solutions for Class 7 English, Honeycomb of Chapter 2 A Gift of Chappals and The Rebel. All NCERT Book Solutions are given here exercise wise for A Gift of Chappals and The Rebel. NCERT Solutions are helpful in the preparation of several school level, graduate and undergraduate level competitive exams....",5.0,1.0,1.0,5.0
NCERT Solutions Class 6 Social Science Civics Chapter 8 ग्रामीण क्षेत्र में आजीविका,"Here you can get free NCERT Solutions for&nbsp;Class 6&nbsp;Social Science, Civics in Hindi of Chapter 8 Rural Livelihoods. All NCERT Book Solutions are given here exercise wise for Rural Livelihoods. NCERT Solutions are helpful in the preparation of several school level, graduate and undergraduate level competitive exams. Practicing questions from Social and Political Life NCERT...",1.0,1.0,1.0,5.0
NCERT Solutions Class 6 Social Science Geography Chapter 3 Motions of the Earth,"Here you can get free NCERT Solutions for Class 6 Social Science, Geography of Chapter 3 Motions of the Earth All NCERT Book Solutions are given here exercise wise for Motions of the Earth NCERT Solutions are helpful in the preparation of several school level, graduate and undergraduate level competitive exams. Practicing questions from Our...",5.0,1.0,1.0,5.0
NCERT Solutions Class 7 Maths Chapter 3 आँकड़ो का प्रबंधन,"Here you can get free NCERT Solutions for&nbsp;Class 7&nbsp;Maths, in Hindi of&nbsp;Chapter 3 Data Handling. All NCERT Book Solutions are given here exercise wise for Data Handling. NCERT Solutions are helpful in the preparation of several school level, graduate and undergraduate level competitive exams. Practicing questions from NCERT Maths Book, its Solutions in Hindi for...",1.7,3.0,1.0,5.0
NCERT Solutions Class 6 Science Chapter 4 Sorting Materials into Groups,"Here you can get free NCERT Solutions for&nbsp;Class 6&nbsp;Science, of Chapter 4 Sorting Materials into Groups. All NCERT Book Solutions are given here exercise wise for Sorting Materials into Groups. NCERT Solutions are helpful in the preparation of several school level, graduate and undergraduate level competitive exams. Practicing questions from NCERT Science Book, its Solutions...",5.0,1.0,1.0,5.0
NCERT Solutions Class 8 Social Science,"The candidates looking for NCERT Solutions for Class 8 Social Science can have a look at the page below. Through this page, the students will be getting answers to the textbook questions of the NCERT Social Science book. While studying from the NCERT books, not just the students but at times, teachers too get confused. This...",5.0,1.0,1.0,5.0
NCERT Solutions Class 9 Maths Chapter 1 संख्या पद्धति,"Here you can get free NCERT Solutions for&nbsp;Class 9&nbsp;Maths, in Hindi of&nbsp;Chapter 1 Number Systems. All NCERT Book Solutions are given here exercise wise for Number Systems.&nbsp;NCERT Solutions&nbsp;are helpful in the preparation of several school level, graduate and undergraduate level competitive exams.&nbsp;Practicing questions from&nbsp;NCERT Maths Book, its Solutions in Hindi for&nbsp;Class 9 Chapter 1 Number...",5.0,1.0,1.0,5.0
NCERT Solutions Class 9 English Moments Chapter 1 &#8211; The Lost Child,"Here you will get free NCERT Solutions for Class 9 English, Moments of Chapter 1 The Lost Child. All NCERT Book Solutions are given here exercise wise for The Lost Child. NCERT Solutions are helpful in the preparation of several school level, graduate and undergraduate level competitive exams. Practicing questions from NCERT English Moments for Class...",5.0,1.0,1.0,5.0
NCERT Solutions Class 9 English Moments Chapter 2 &#8211; The Adventure of Toto,"Here you will get free NCERT Solutions for Class 9 English, Moments of Chapter 2 The Adventure of Toto. All NCERT Book Solutions are given here exercise wise for The Adventure of Toto. NCERT Solutions are helpful in the preparation of several school level, graduate and undergraduate level competitive exams. Practicing questions from NCERT English Moments...",5.0,1.0,1.0,5.0
NCERT Solutions Class 8 Science Chapter 2 Microorganisms: Friend and Foe,"Here you can get free NCERT Solutions for Class 8 Science, of Chapter 2 Microorganisms: Friend and Foe. All NCERT Book Solutions are given here exercise wise for Microorganisms: Friend and Foe. NCERT Solutions are helpful in the preparation of several school level, graduate and undergraduate level competitive exams. Practicing questions from NCERT Science Book, its Solutions...",5.0,1.0,1.0,5.0
NCERT Solutions Class 9 English Beehive Chapter 5 &#8211; The Snake and the Mirror and A Legend of the Northland,"Here you will get free NCERT Solutions for Class 9 English, Beehive of Chapter 5 The Snake and the Mirror and A Legend of the Northland. All NCERT Book Solutions are given here exercise wise for The Snake and the Mirror and A Legend of the Northland. NCERT Solutions are helpful in the preparation of several school...",5.0,1.0,1.0,5.0
"NCERT Solutions Class 6 Science Chapter 16 Garbage In, Garbage Out","Here you can get free NCERT Solutions for&nbsp;Class 6&nbsp;Science, of Chapter 16 Garbage In, Garbage Out. All NCERT Book Solutions are given here exercise wise for Garbage In, Garbage Out. NCERT Solutions are helpful in the preparation of several school level, graduate and undergraduate level competitive exams. Practicing questions from NCERT Science Book, its Solutions...",5.0,1.0,1.0,5.0
NCERT Solutions Class 10 English First Flight Chapter 3 &#8211; Two Stories about Flying,"Here you will get free NCERT Solutions for Class 10 English, First Flight of Chapter 3 &#8211; Two Stories about Flying. All NCERT Book Solutions are given here for Two Stories about Flying. NCERT Solutions are helpful in the preparation of several school level, graduate and undergraduate level competitive exams. Practicing questions from First Flight NCERT English Solutions for Class 10 Chapter...",5.0,1.0,1.0,5.0
NCERT Solutions Class 8 Social Science History Chapter 2 From Trade to Territory,"Here you can get free NCERT Solutions for Class 8 Social Science, History of Chapter 2 From Trade to Territory. All NCERT Book Solutions are given here exercise wise for From Trade to Territory. NCERT Solutions are helpful in the preparation of several school level, graduate and undergraduate level competitive exams. Practicing questions from History &#8211; Our...",5.0,1.0,1.0,5.0
NCERT Solutions Class 6 Science Chapter 15 Air Around Us,"Here you can get free NCERT Solutions for&nbsp;Class 6&nbsp;Science, of Chapter 15 Air Around Us. All NCERT Book Solutions are given here exercise wise for Air Around Us. NCERT Solutions are helpful in the preparation of several school level, graduate and undergraduate level competitive exams. Practicing questions from NCERT Science Book, its Solutions for Class...",5.0,1.0,1.0,5.0
NCERT Solutions Class 6 Maths Chapter 3 Playing With Numbers,"Here you can get free NCERT Solutions for&nbsp;Class 6&nbsp;Maths, of Chapter 3 Playing With Numbers. All NCERT Book Solutions are given here exercise wise for Playing With Numbers. NCERT Solutions are helpful in the preparation of several school level, graduate and undergraduate level competitive exams. Practicing questions from NCERT Maths Book, its Solutions for Class...",5.0,1.0,1.0,5.0
NCERT Solutions Class 8 Science Chapter 8 Cell-Structure and Functions,"Here you can get free NCERT Solutions for Class 8 Science, of Chapter 8 Cell-Structure and Functions. All NCERT Book Solutions are given here exercise wise for Cell-Structure and Functions. NCERT Solutions are helpful in the preparation of several school level, graduate and undergraduate level competitive exams. Practicing questions from NCERT Science Book, its Solutions for Class...",5.0,1.0,1.0,5.0
NCERT Solutions Class 7 English An Alien Hand Chapter 5 Golu Grows a Nose,"Here you will get free NCERT Solutions for Class 7 English, An Alien Hand of Chapter 5 Golu Grows a Nose. All NCERT Book Solutions are given here exercise wise for Golu Grows a Nose. NCERT Solutions are helpful in the preparation of several school level, graduate and undergraduate level competitive exams. Practicing questions from NCERT...",5.0,1.0,1.0,5.0
NCERT Solutions Class 8 Social Science Civics Chapter 10 Law and Social Justice,"Here you can get free NCERT Solutions for Class 8 Social Science, Civics of Chapter 10 Law and Social Justice. All NCERT Book Solutions are given here exercise wise for Law and Social Justice. NCERT Solutions are helpful in the preparation of several school level, graduate and undergraduate level competitive exams. Practicing questions from Social and...",5.0,1.0,1.0,5.0
NCERT Solutions Class 6 Science Chapter 13 Fun with Magnets,"Here you can get free NCERT Solutions for&nbsp;Class 6&nbsp;Science, of Chapter 13 Fun with Magnets. All NCERT Book Solutions are given here exercise wise for Fun with Magnets. NCERT Solutions are helpful in the preparation of several school level, graduate and undergraduate level competitive exams. Practicing questions from NCERT Science Book, its Solutions for Class...",5.0,1.0,1.0,5.0
NCERT Solutions Class 10 English First Flight &#8211; Fire and Ice,"Here you will get free NCERT Solutions for Class 10 English, First Flight Fire and Ice. All NCERT Book Solutions are given here for Fire and Ice. NCERT Solutions are helpful in the preparation of several school level, graduate and undergraduate level competitive exams. Practicing questions from First Flight NCERT English Solutions for Class 10 &#8211; Fire and Ice is proven...",5.0,1.0,1.0,5.0
NCERT Solutions Class 6 English A Pact with the Sun Chapter 3 The Shepherd’s Treasure,"Here you will get free NCERT Solutions for&nbsp;Class 6 English, A Pact with the Sun of Chapter 3 The Shepherd’s Treasure. All NCERT Book Solutions are given here exercise wise for The Shepherd’s Treasure. NCERT Solutions are helpful in the preparation of several school level, graduate and undergraduate level competitive exams. Practicing questions from NCERT...",5.0,1.0,1.0,5.0
NCERT Solutions Class 6 Maths Chapter 4 Basic Geometrical Ideas,"Here you can get free NCERT Solutions for&nbsp;Class 6&nbsp;Maths, of Chapter 4 Basic Geometrical Ideas. All NCERT Book Solutions are given here exercise wise for Basic Geometrical Ideas. NCERT Solutions are helpful in the preparation of several school level, graduate and undergraduate level competitive exams. Practicing questions from NCERT Maths Book, its Solutions for Class...",5.0,1.0,1.0,5.0
NCERT Solutions Class 8 Science Chapter 9 Reproduction in Animals,"Here you can get free NCERT Solutions for Class 8 Science, of Chapter 9 Reproduction in Animals. All NCERT Book Solutions are given here exercise wise for Reproduction in Animals. NCERT Solutions are helpful in the preparation of several school level, graduate and undergraduate level competitive exams. Practicing questions from NCERT Science Book, its Solutions for Class...",5.0,1.0,1.0,5.0
NCERT Solutions Class 8 English Honeydew Chapter 8 A Short Monsoon Diary,"Here you will get free NCERT Solutions for Class 8 English, Honeydew of Chapter 8 A Short Monsoon Diary. All NCERT Book Solutions are given here exercise wise for A Short Monsoon Diary. NCERT Solutions are helpful in the preparation of several school level, graduate and undergraduate level competitive exams. Practicing questions from NCERT English Honeydew for...",5.0,1.0,1.0,5.0
NCERT Solutions Class 7 Social Science History Chapter 9 क्षेत्रीय संस्कृतिओं का निर्माण,"Here you can get free NCERT Solutions for&nbsp;Class 7&nbsp;Social Science, History in Hindi of&nbsp;Chapter 9 The Making of Regional Cultures. All NCERT Book Solutions are given here exercise wise for The Making of Regional Cultures. NCERT Solutions are helpful in the preparation of several school level, graduate and undergraduate level competitive exams. Practicing questions from...",5.0,1.0,1.0,5.0
NCERT Solutions Class 8 Maths Chapter 8 Comparing Quantities,"Here you can get free NCERT Solutions for Class 8 Maths, of Chapter 8 Comparing Quantities. All NCERT Book Solutions are given here exercise wise for Comparing Quantities. NCERT Solutions are helpful in the preparation of several school level, graduate and undergraduate level competitive exams. Practicing questions from NCERT Maths Book, its Solutions for Class 8 Chapter...",5.0,1.0,1.0,5.0
NCERT Solutions Class 9 Social Science History Chapter 5 आधुनिक विश्व में चरवाहे,"Here you can get free NCERT Solutions for Class 9 Social Science, History in Hindi of Chapter 5 Pastoralists in the Modern World. All NCERT Book Solutions are given here exercise wise for Pastoralists in the Modern World. NCERT Solutions are helpful in the preparation of several school level, graduate and undergraduate level competitive exams. Practicing questions from India and The...",5.0,1.0,1.0,5.0
NCERT Solutions Class 7 Hindi Vasant Chapter 19 आश्रम का अनुमानित व्यय,"Here you will get free NCERT Solutions for Class 7 Hindi, Vasant of Chapter 19 Ashram Ka Anumanit Vyay. All NCERT Book Solutions are given here exercise wise for Ashram Ka Anumanit Vyay. NCERT Solutions are helpful in the preparation of several school level, graduate and undergraduate level competitive exams. Practicing questions from NCERT Hindi Vasant...",5.0,1.0,1.0,5.0
NCERT Solutions Class 6 Maths Chapter 14 Practical Geometry,"Here you can get free NCERT Solutions for&nbsp;Class 6&nbsp;Maths, of Chapter 14 Practical Geometry. All NCERT Book Solutions are given here exercise wise for Practical Geometry. NCERT Solutions are helpful in the preparation of several school level, graduate and undergraduate level competitive exams. Practicing questions from NCERT Maths Book, its Solutions for Class 6 Chapter...",5.0,1.0,1.0,5.0
NCERT Solutions Class 8 English It So Happened Chapter 7 The Open Window,"Here you will get free NCERT Solutions for Class 8 English, It So Happened of Chapter 7 The Open Window. All NCERT Book Solutions are given here exercise wise for The Open Window. NCERT Solutions are helpful in the preparation of several school level, graduate and undergraduate level competitive exams. Practicing questions from NCERT English It...",5.0,1.0,1.0,5.0
NCERT Solutions Class 7 English Honeycomb Chapter 6 Expert Detectives and Mystery of the Talking Fan,"Here you will get free NCERT Solutions for Class 7 English, Honeycomb of Chapter 6 Expert Detectives and Mystery of the Talking Fan. All NCERT Book Solutions are given here exercise wise for Expert Detectives and Mystery of the Talking Fan. NCERT Solutions are helpful in the preparation of several school level, graduate and undergraduate level...",5.0,1.0,1.0,5.0
NCERT Solutions Class 6 Social Science History Chapter 3 In the Earliest Cities,"Here you can get free NCERT Solutions for&nbsp;Class 6&nbsp;Social Science, History of Chapter 3 In the Earliest Cities. All NCERT Book Solutions are given here exercise wise for In the Earliest Cities. NCERT Solutions are helpful in the preparation of several school level, graduate and undergraduate level competitive exams. Practicing questions from History &#8211; Our...",5.0,1.0,1.0,5.0
NCERT Solutions Class 6 Maths Chapter 13 Symmetry,"Here you can get free NCERT Solutions for&nbsp;Class 6&nbsp;Maths, of Chapter 13 Symmetry. All NCERT Book Solutions are given here exercise wise for Symmetry. NCERT Solutions are helpful in the preparation of several school level, graduate and undergraduate level competitive exams. Practicing questions from NCERT Maths Book, its Solutions for Class 6 Chapter 13 Symmetry...",5.0,1.0,1.0,5.0
NCERT Solutions Class 6 Hindi Durva Chapter 10 गुब्बारा,"Here you will get free NCERT Solutions for&nbsp;Class 6&nbsp;Hindi,&nbsp; Durva of Chapter 10 Gubbaara. All NCERT Book Solutions are given here exercise wise for Gubbaara. NCERT Solutions are helpful in the preparation of several school level, graduate and undergraduate level competitive exams. Practicing questions from NCERT Hindi Durva for Class 6 Chapter 10 Gubbaara is...",5.0,1.0,1.0,5.0
NCERT Solutions Class 6 Hindi Vasant Chapter 15 नौकर,"Here you will get free NCERT Solutions for&nbsp;Class 6 Hindi,&nbsp; Vasant of Chapter 15 Naukar. All NCERT Book Solutions are given here exercise wise for Naukar. NCERT Solutions are helpful in the preparation of several school level, graduate and undergraduate level competitive exams. Practicing questions from NCERT Hindi Vasant for Class 6 Chapter 15 Naukar...",5.0,1.0,1.0,5.0
NCERT Solutions Class 6 Maths Chapter 7 Fractions,"Here you can get free NCERT Solutions for&nbsp;Class 6&nbsp;Maths, of Chapter 7 Fractions. All NCERT Book Solutions are given here exercise wise for Fractions. NCERT Solutions are helpful in the preparation of several school level, graduate and undergraduate level competitive exams. Practicing questions from NCERT Maths Book, its Solutions for Class 6 Chapter 7 Fractions...",5.0,2.0,1.0,5.0
"NCERT Solutions Class 8 Social Science History Chapter 8 Women, Caste and Reform","Here you can get free NCERT Solutions for Class 8 Social Science, History of Chapter 8 Women, Caste and Reform. All NCERT Book Solutions are given here exercise wise for Women, Caste and Reform. NCERT Solutions are helpful in the preparation of several school level, graduate and undergraduate level competitive exams. Practicing questions from History &#8211; Our...",5.0,1.0,1.0,5.0
NCERT Solutions Class 6 English A Pact with the Sun Chapter 4 The Old-Clock Shop,"Here you will get free NCERT Solutions for&nbsp;Class 6 English, A Pact with the Sun of Chapter 4 The Old-Clock Shop. All NCERT Book Solutions are given here exercise wise for The Old-Clock Shop. NCERT Solutions are helpful in the preparation of several school level, graduate and undergraduate level competitive exams. Practicing questions from NCERT...",5.0,1.0,1.0,5.0
NCERT Solutions Class 6 Social Science Civics Chapter 8 Rural Livelihoods,"Here you can get free NCERT Solutions for Class 6 Social Science, Civics of Chapter 8 Rural Livelihoods. All NCERT Book Solutions are given here exercise wise for Rural Livelihoods. NCERT Solutions are helpful in the preparation of several school level, graduate and undergraduate level competitive exams. Practicing questions from Social and Political Life-I NCERT...",5.0,1.0,1.0,5.0
NCERT Solutions Class 8 Social Science Civics Chapter 9 Public Facilities,"Here you can get free NCERT Solutions for Class 8 Social Science, Civics of Chapter 9 Public Facilities. All NCERT Book Solutions are given here exercise wise for Public Facilities. NCERT Solutions are helpful in the preparation of several school level, graduate and undergraduate level competitive exams. Practicing questions from Social and Political Life-III NCERT Social...",5.0,1.0,1.0,5.0
NCERT Solutions Class 7 Hindi Vasant Chapter 17 वीर कुवँर सिंह,"Here you will get free NCERT Solutions for Class 7 Hindi, Vasant of Chapter 17 Veer Kunwar Singh. All NCERT Book Solutions are given here exercise wise for Veer Kunwar Singh. NCERT Solutions are helpful in the preparation of several school level, graduate and undergraduate level competitive exams. Practicing questions from NCERT Hindi Vasant for Class...",5.0,1.0,1.0,5.0
NCERT Solutions Class 7 Social Science Civics Chapter 1 समानता,"Here you can get free NCERT Solutions for Class 7 Social Science, Civics in Hindi of Chapter 1 On Equality. All NCERT Book Solutions are given here exercise wise for On Equality. NCERT Solutions are helpful in the preparation of several school level, graduate and undergraduate level competitive exams. Practicing questions from Social and Political Life &#8211;...",5.0,1.0,1.0,5.0
NCERT Solutions Class 7 Social Science Geography Chapter 8 Human Environment Interactions &#8211; The Tropical and the Subtropical Region,"Here you can get free NCERT Solutions for Class 7 Social Science, Geography of Chapter 8 Human Environment Interactions &#8211; The Tropical and the Subtropical Region. All NCERT Book Solutions are given here exercise wise for Human Environment Interactions &#8211; The Tropical and the Subtropical Region. NCERT Solutions are helpful in the preparation of several school...",5.0,1.0,1.0,5.0
NCERT Solutions Class 9 English Beehive Chapter 8 &#8211; Reach for the Top and On Killing a Tree,"Here you will get free NCERT Solutions for Class 9 English, Beehive of Chapter 8 Reach for the Top and On Killing a Tree. All NCERT Book Solutions are given here exercise wise for Reach for the Top and On Killing a Tree. NCERT Solutions are helpful in the preparation of several school level, graduate and undergraduate...",5.0,1.0,1.0,5.0
NCERT Solutions Class 8 Maths Chapter 4 प्रायोगिक ज्यामिति,"Here you can get free NCERT Solutions for Class 8 Maths, in Hindi of Chapter 4 Practical Geometry. All NCERT Book Solutions are given here exercise wise for Practical Geometry. NCERT Solutions are helpful in the preparation of several school level, graduate and undergraduate level competitive exams. Practicing questions from NCERT Maths Book, its Solutions in Hindi for...",5.0,1.0,1.0,5.0
NCERT Solutions Class 6 Science Chapter 7 Getting to Know Plants,"Here you can get free NCERT Solutions for&nbsp;Class 6&nbsp;Science, of Chapter 7 Getting to Know Plants. All NCERT Book Solutions are given here exercise wise for Getting to Know Plants. NCERT Solutions are helpful in the preparation of several school level, graduate and undergraduate level competitive exams. Practicing questions from NCERT Science Book, its Solutions...",5.0,1.0,1.0,5.0
NCERT Solutions Class 6 Social Science Civics Chapter 5 Panchayati raj,"Here you can get free NCERT Solutions for Class 6 Social Science, Civics of Chapter 5 Panchayati Raj. All NCERT Book Solutions are given here exercise wise for Panchayati Raj. NCERT Solutions are helpful in the preparation of several school level, graduate and undergraduate level competitive exams. Practicing questions from Social and Political Life-I NCERT...",5.0,1.0,1.0,5.0
NCERT Solutions Class 6 Hindi Durva Chapter 18 ईश्वरचंद्र विद्यासागर,"Here you will get free NCERT Solutions for&nbsp;Class 6&nbsp;Hindi,&nbsp; Durva of Chapter 18 IshwarChandra Vidyasagar. All NCERT Book Solutions are given here exercise wise for IshwarChandra Vidyasagar. NCERT Solutions are helpful in the preparation of several school level, graduate and undergraduate level competitive exams. Practicing questions from NCERT Hindi Durva for Class 6 Chapter 18...",5.0,1.0,1.0,5.0
NCERT Solutions Class 7 English Honeycomb Chapter 3 Gopal and the Hilsa Fish and The Shed,"Here you will get free NCERT Solutions for Class 7 English, Honeycomb of Chapter 3 Gopal and the Hilsa Fish and The Shed. All NCERT Book Solutions are given here exercise wise for Gopal and the Hilsa Fish and The Shed. NCERT Solutions are helpful in the preparation of several school level, graduate and undergraduate level...",5.0,1.0,1.0,5.0
NCERT Solutions Class 6 Social Science Geography Chapter 2 Globe: Latitudes and Longitudes,"Here you can get free NCERT Solutions for Class 6 Social Science, Geography of Chapter 2 Globe: Latitudes and Longitudes All NCERT Book Solutions are given here exercise wise for Globe: Latitudes and Longitudes NCERT Solutions are helpful in the preparation of several school level, graduate and undergraduate level competitive exams. Practicing questions from Our...",5.0,1.0,1.0,5.0
NCERT Solutions Class 6 Science Chapter 14 Water,"Here you can get free NCERT Solutions for&nbsp;Class 6&nbsp;Science, of Chapter 14 Water. All NCERT Book Solutions are given here exercise wise for Water. NCERT Solutions are helpful in the preparation of several school level, graduate and undergraduate level competitive exams. Practicing questions from NCERT Science Book, its Solutions for Class 6 Chapter 14 Water...",5.0,1.0,1.0,5.0
NCERT Solutions Class 7 Maths Chapter 8 Comparing Quantities,"Here you can get free NCERT Solutions for Class 7 Maths, of Chapter 8 Comparing Quantities. All NCERT Book Solutions are given here exercise wise for Comparing Quantities. NCERT Solutions are helpful in the preparation of several school level, graduate and undergraduate level competitive exams. Practicing questions from NCERT Maths Book, its Solutions for Class 7 Chapter...",5.0,1.0,1.0,5.0
NCERT Solutions Class 6 Hindi Durva Chapter 14 फूल,"Here you will get free NCERT Solutions for&nbsp;Class 6&nbsp;Hindi,&nbsp; Durva of Chapter 14 Phool. All NCERT Book Solutions are given here exercise wise for Phool. NCERT Solutions are helpful in the preparation of several school level, graduate and undergraduate level competitive exams. Practicing questions from NCERT Hindi Durva for Class 6 Chapter 14 Phool is...",5.0,1.0,1.0,5.0
NCERT Solutions Class 10 Maths (Hindi Medium),"The candidates looking for NCERT Solutions for Class 10 Maths in Hindi can have a look at the page below. Through this page, the students will be getting answers to the textbook questions of the NCERT Maths book. While studying from the NCERT books, not just the students but at times, teachers too get confused....",2.0,1.0,1.0,5.0
NCERT Solutions Class 6 Hindi Durva Chapter 13 कपडे की दूकान,"Here you will get free NCERT Solutions for&nbsp;Class 6&nbsp;Hindi,&nbsp; Durva of Chapter 13 Kapde Ki Dukaan. All NCERT Book Solutions are given here exercise wise for Kapde Ki Dukaan. NCERT Solutions are helpful in the preparation of several school level, graduate and undergraduate level competitive exams. Practicing questions from NCERT Hindi Durva for Class 6...",5.0,1.0,1.0,5.0
NCERT Solutions Class 7 Hindi Vasant Chapter 2 दादी माँ,"Here you will get free NCERT Solutions for Class 7 Hindi, Vasant of Chapter 2 Dadi Maa. All NCERT Book Solutions are given here exercise wise for Dadi Maa. NCERT Solutions are helpful in the preparation of several school level, graduate and undergraduate level competitive exams. Practicing questions from NCERT Hindi Vasant for Class 7 Chapter...",5.0,1.0,1.0,5.0
NCERT Solutions Class 8 Maths Chapter 10 Visualising Solid Shapes,"Here you can get free NCERT Solutions for Class 8 Maths, of Chapter 10 Visualising Solid Shapes. All NCERT Book Solutions are given here exercise wise for Visualising Solid Shapes. NCERT Solutions are helpful in the preparation of several school level, graduate and undergraduate level competitive exams. Practicing questions from NCERT Maths Book, its Solutions for Class...",5.0,1.0,1.0,5.0
NCERT Solutions Class 6 Hindi Vasant Chapter 7 साथी हाथ बढ़ाना,"Here you will get free NCERT Solutions for&nbsp;Class 6 Hindi,&nbsp; Vasant of Chapter 7 Saathi Haath Badhana. All NCERT Book Solutions are given here exercise wise for Saathi Haath Badhana. NCERT Solutions are helpful in the preparation of several school level, graduate and undergraduate level competitive exams. Practicing questions from NCERT Hindi Vasant for Class...",5.0,1.0,1.0,5.0
NCERT Solutions Class 7 Hindi Durva Chapter 2 सबसे सुंदर लड़की,"Here you will get free NCERT Solutions for&nbsp;Class 7&nbsp;Hindi,&nbsp; Durva of Chapter 2 Sabse Sundar Ladki. All NCERT Book Solutions are given here exercise wise for Sabse Sundar Ladki. NCERT Solutions are helpful in the preparation of several school level, graduate and undergraduate level competitive exams. Practicing questions from NCERT Hindi Durva for Class 7...",4.0,1.0,1.0,5.0
NCERT Solutions Class 8 English Honeydew Chapter 5 The Summit Within,"Here you will get free NCERT Solutions for Class 8 English, Honeydew of Chapter 5 The Summit Within. All NCERT Book Solutions are given here exercise wise for The Summit Within. NCERT Solutions are helpful in the preparation of several school level, graduate and undergraduate level competitive exams. Practicing questions from NCERT English Honeydew for Class 8...",5.0,1.0,1.0,5.0
NCERT Solutions Class 7 Social Science Civics Chapter 2 Role of the Government in Health,"Here you can get free NCERT Solutions for Class 7 Social Science, Civics of Chapter 2 Role of the Government in Health. All NCERT Book Solutions are given here exercise wise for Role of the Government in Health. NCERT Solutions are helpful in the preparation of several school level, graduate and undergraduate level competitive exams. Practicing...",5.0,1.0,1.0,5.0
NCERT Solutions Class 7 Social Science Geography Chapter 1 पर्यावरण,"Here you can get free NCERT Solutions for Class 7 Social Science, Geography in Hindi of Chapter 1 Environment. All NCERT Book Solutions are given here exercise wise for Environment. NCERT Solutions are helpful in the preparation of several school level, graduate and undergraduate level competitive exams. Practicing questions from Our Environment NCERT Social Science Geography Solutions...",5.0,1.0,1.0,5.0
NCERT Solutions Class 8 Science Chapter 5 Coal and Petroleum,"Here you can get free NCERT Solutions for Class 8 Science, of Chapter 5 Coal and Petroleum. All NCERT Book Solutions are given here exercise wise for Coal and Petroleum. NCERT Solutions are helpful in the preparation of several school level, graduate and undergraduate level competitive exams. Practicing questions from NCERT Science Book, its Solutions for Class...",5.0,1.0,1.0,5.0
NCERT Solutions Class 6 Social Science Civics Chapter 1 Understanding Diversity,"Here you can get free NCERT Solutions for Class 6 Social Science, Civics of Chapter 1 Understanding Diversity. All NCERT Book Solutions are given here exercise wise for Understanding Diversity. NCERT Solutions are helpful in the preparation of several school level, graduate and undergraduate level competitive exams. Practicing questions from Social and Political Life-I NCERT...",5.0,1.0,1.0,5.0
"NCERT Solutions Class 6 English HoneySuckle Chapter 1 Who Did Patrick’s Homework? and A House, A Home","Here you will get free NCERT Solutions for&nbsp;Class 6 English, HoneySuckle of Chapter 1 Who Did Patrick’s Homework? and A House, A Home. All NCERT Book Solutions are given here exercise wise for Who Did Patrick’s Homework? and A House, A Home. NCERT Solutions are helpful in the preparation of several school level, graduate and...",5.0,1.0,1.0,5.0
NCERT Solutions Class 6 Hindi Vasant Chapter 16 वन के मार्ग में,"Here you will get free NCERT Solutions for&nbsp;Class 6 Hindi,&nbsp; Vasant of Chapter 16 Van ke Marg Mein. All NCERT Book Solutions are given here exercise wise for Van ke Marg Mein. NCERT Solutions are helpful in the preparation of several school level, graduate and undergraduate level competitive exams. Practicing questions from NCERT Hindi Vasant...",5.0,1.0,1.0,5.0
NCERT Solutions Class 7 Maths Chapter 7 Congruence of Triangles,"Here you can get free NCERT Solutions for Class 7 Maths, of Chapter 7 Congruence of Triangles. All NCERT Book Solutions are given here exercise wise for Congruence of Triangles. NCERT Solutions are helpful in the preparation of several school level, graduate and undergraduate level competitive exams. Practicing questions from NCERT Maths Book, its Solutions for Class...",5.0,1.0,1.0,5.0
NCERT Solutions Class 8 Maths Chapter 3 Understanding Quadrilaterals,"Here you can get free NCERT Solutions for Class 8 Maths, of Chapter 3 Understanding Quadrilaterals. All NCERT Book Solutions are given here exercise wise for Understanding Quadrilaterals. NCERT Solutions are helpful in the preparation of several school level, graduate and undergraduate level competitive exams. Practicing questions from NCERT Maths Book, its Solutions for Class 8 Chapter...",5.0,1.0,1.0,5.0
NCERT Solutions Class 6 Social Science,"The candidates looking for NCERT Solutions for Class 6 Social Science&nbsp;can have a look at the page below. Through this page, the students will be getting answers to the textbook questions of the NCERT Social Science book. While studying from the NCERT books, not just the students but at times, teachers too get confused. This...",5.0,1.0,1.0,5.0
NCERT Solutions Class 7 Hindi Vasant Chapter 15 नीलकंठ,"Here you will get free NCERT Solutions for Class 7 Hindi, Vasant of Chapter 15 Neelkanth. All NCERT Book Solutions are given here exercise wise for Neelkanth. NCERT Solutions are helpful in the preparation of several school level, graduate and undergraduate level competitive exams. Practicing questions from NCERT Hindi Vasant for Class 7 Chapter 15 Neelkanth...",5.0,1.0,1.0,5.0
NCERT Solutions Class 8 Hindi Durva Chapter 2 दो गौरेया,"Here you will get free NCERT Solutions for Class 8 Hindi, Durva of Chapter 2 Do Goraiya. All NCERT Book Solutions are given here exercise wise for Do Goraiya. NCERT Solutions are helpful in the preparation of several school level, graduate and undergraduate level competitive exams. Practicing questions from NCERT Hindi Durva for Class 8 Chapter...",5.0,1.0,1.0,5.0
NCERT Solutions Class 8 Social Science Civics Chapter 6 Understanding Our Criminal Justice System,"Here you can get free NCERT Solutions for Class 8 Social Science, Civics of Chapter 6 Understanding Our Criminal Justice System. All NCERT Book Solutions are given here exercise wise for Understanding Our Criminal Justice System. NCERT Solutions are helpful in the preparation of several school level, graduate and undergraduate level competitive exams. Practicing questions from...",5.0,1.0,1.0,5.0
NCERT Solutions Class 8 Science Chapter 11 Force and Pressure,"Here you can get free NCERT Solutions for Class 8 Science, of Chapter 11 Force and Pressure. All NCERT Book Solutions are given here exercise wise for Force and Pressure. NCERT Solutions are helpful in the preparation of several school level, graduate and undergraduate level competitive exams. Practicing questions from NCERT Science Book, its Solutions for Class...",5.0,1.0,1.0,5.0
NCERT Solutions Class 7 Social Science History Chapter 4 The Mughal Empire,"Here you can get free NCERT Solutions for Class 7 Social Science, History of Chapter 4 The Mughal Empire. All NCERT Book Solutions are given here exercise wise for The Mughal Empire. NCERT Solutions are helpful in the preparation of several school level, graduate and undergraduate level competitive exams. Practicing questions from History &#8211; Our Past II...",5.0,1.0,1.0,5.0
NCERT Solutions Class 6 Hindi Durva Chapter 27 व्यर्थ की शंका,"Here you will get free NCERT Solutions for&nbsp;Class 6&nbsp;Hindi,&nbsp; Durva of Chapter 27 Vyarth Ki Shanka. All NCERT Book Solutions are given here exercise wise for Vyarth Ki Shanka. NCERT Solutions are helpful in the preparation of several school level, graduate and undergraduate level competitive exams. Practicing questions from NCERT Hindi Durva for Class 6...",5.0,1.0,1.0,5.0
NCERT Solutions Class 6 Social Science Geography Chapter 7 Our Country – India,"Here you can get free NCERT Solutions for Class 6 Social Science, Geography of Chapter 7 Our Country – India All NCERT Book Solutions are given here exercise wise for Our Country – India NCERT Solutions are helpful in the preparation of several school level, graduate and undergraduate level competitive exams. Practicing questions from Our...",5.0,1.0,1.0,5.0
NCERT Solutions Class 8 Social Science Civics Chapter 2 Understanding Secularism,"Here you can get free NCERT Solutions for Class 8 Social Science, Civics of Chapter 2 Understanding Secularism. All NCERT Book Solutions are given here exercise wise for Understanding Secularism. NCERT Solutions are helpful in the preparation of several school level, graduate and undergraduate level competitive exams. Practicing questions from Social and Political Life-III NCERT Social...",5.0,1.0,1.0,5.0
NCERT Solutions Class 7 English An Alien Hand Chapter 10 An Alien Hand,"Here you will get free NCERT Solutions for Class 7 English, An Alien Hand of Chapter 10 An Alien Hand. All NCERT Book Solutions are given here exercise wise for An Alien Hand. NCERT Solutions are helpful in the preparation of several school level, graduate and undergraduate level competitive exams. Practicing questions from NCERT English An...",5.0,1.0,1.0,5.0
NCERT Solutions Class 6 Social Science History Chapter 6 New Questions and Ideas,"Here you can get free NCERT Solutions for&nbsp;Class 6&nbsp;Social Science, History of Chapter 6 New Questions and Ideas. All NCERT Book Solutions are given here exercise wise for New Questions and Ideas. NCERT Solutions are helpful in the preparation of several school level, graduate and undergraduate level competitive exams. Practicing questions from History &#8211; Our...",5.0,1.0,1.0,5.0
NCERT Solutions Class 8 Science Chapter 14 Chemical Effects of Electric Current,"Here you can get free NCERT Solutions for Class 8 Science, of Chapter 14 Chemical Effects of Electric Current. All NCERT Book Solutions are given here exercise wise for Chemical Effects of Electric Current. NCERT Solutions are helpful in the preparation of several school level, graduate and undergraduate level competitive exams. Practicing questions from NCERT Science Book,...",5.0,1.0,1.0,5.0
NCERT Solutions Class 7 Social Science Geography Chapter 4 Air,"Here you can get free NCERT Solutions for Class 7 Social Science, Geography of Chapter 4 Air. All NCERT Book Solutions are given here exercise wise for Air. NCERT Solutions are helpful in the preparation of several school level, graduate and undergraduate level competitive exams. Practicing questions from Our Environment NCERT Social Science Geography Solutions for...",5.0,1.0,1.0,5.0
NCERT Solutions Class 6 Science Chapter 6 Changes around Us,"Here you can get free NCERT Solutions for&nbsp;Class 6&nbsp;Science, of Chapter 6 Changes around Us. All NCERT Book Solutions are given here exercise wise for Changes around Us. NCERT Solutions are helpful in the preparation of several school level, graduate and undergraduate level competitive exams. Practicing questions from NCERT Science Book, its Solutions for Class...",5.0,1.0,1.0,5.0
NCERT Solutions Class 7 Maths Chapter 1 Integers,"Here you can get free NCERT Solutions for&nbsp;Class 7&nbsp;Maths, of Chapter 1 Integers. All NCERT Book Solutions are given here exercise wise for Integers. NCERT Solutions are helpful in the preparation of several school level, graduate and undergraduate level competitive exams. Practicing questions from NCERT Maths Book, its Solutions for Class 7 Chapter 1 Integers...",5.0,1.0,1.0,5.0
NCERT Solutions Class 7 Maths Chapter 9 Rational Numbers,"Here you can get free NCERT Solutions for Class 7 Maths, of Chapter 9 Rational Numbers. All NCERT Book Solutions are given here exercise wise for Rational Numbers. NCERT Solutions are helpful in the preparation of several school level, graduate and undergraduate level competitive exams. Practicing questions from NCERT Maths Book, its Solutions for Class 7 Chapter...",5.0,1.0,1.0,5.0
NCERT Solutions Class 9 English Moments Chapter 10 &#8211; The Beggar,"Here you will get free NCERT Solutions for Class 9 English, Moments of Chapter 10 The Beggar. All NCERT Book Solutions are given here exercise wise for The Beggar. NCERT Solutions are helpful in the preparation of several school level, graduate and undergraduate level competitive exams. Practicing questions from NCERT English Moments for Class 9 Chapter...",5.0,1.0,1.0,5.0
NCERT Solutions Class 8 Social Science Civics Chapter 5 Judiciary,"Here you can get free NCERT Solutions for Class 8 Social Science, Civics of Chapter 5 Judiciary. All NCERT Book Solutions are given here exercise wise for Judiciary. NCERT Solutions are helpful in the preparation of several school level, graduate and undergraduate level competitive exams. Practicing questions from Social and Political Life-III NCERT Social Science Civics...",5.0,1.0,1.0,5.0
"NCERT Solutions Class 8 Social Science History Chapter 6 Weavers, Iron Smelters and Factory Owners","Here you can get free NCERT Solutions for Class 8 Social Science, History of Chapter 6 Weavers, Iron Smelters and Factory Owners. All NCERT Book Solutions are given here exercise wise for Weavers, Iron Smelters and Factory Owners. NCERT Solutions are helpful in the preparation of several school level, graduate and undergraduate level competitive exams. Practicing questions...",5.0,1.0,1.0,5.0
NCERT Solutions Class 6 Social Science Geography Chapter 3 पृथ्वी की गतियाँ,"Here you can get free NCERT Solutions for&nbsp;Class 6&nbsp;Social Science, Geography in Hindi of Chapter 3 Motions of the Earth. All NCERT Book Solutions are given here exercise wise for Motions of the Earth. NCERT Solutions are helpful in the preparation of several school level, graduate and undergraduate level competitive exams. Practicing questions from The...",1.0,1.0,1.0,5.0
NCERT Solutions Class 6 Maths Chapter 5 Understanding Elementary Shapes,"Here you can get free NCERT Solutions for&nbsp;Class 6&nbsp;Maths, of Chapter 5 Understanding Elementary Shapes. All NCERT Book Solutions are given here exercise wise for Understanding Elementary Shapes. NCERT Solutions are helpful in the preparation of several school level, graduate and undergraduate level competitive exams. Practicing questions from NCERT Maths Book, its Solutions for Class...",5.0,1.0,1.0,5.0
NCERT Solutions Class 6 Hindi Vasant Chapter 4 चाँद से थोड़ी सी गप्पे,"Here you will get free NCERT Solutions for&nbsp;Class 6 Hindi,&nbsp; Vasant of Chapter 4 Chaand Se Thodi Si Gappe. All NCERT Book Solutions are given here exercise wise for Chaand Se Thodi Si Gappe. NCERT Solutions are helpful in the preparation of several school level, graduate and undergraduate level competitive exams. Practicing questions from NCERT...",5.0,1.0,1.0,5.0
"NCERT Solutions Class 6 Social Science Geography Chapter 8 India: Climate, Vegetation and Wildlife","Here you can get free NCERT Solutions for Class 6 Social Science, Geography of Chapter 8 India: Climate, Vegetation and Wildlife All NCERT Book Solutions are given here exercise wise for India: Climate, Vegetation and Wildlife NCERT Solutions are helpful in the preparation of several school level, graduate and undergraduate level competitive exams. Practicing questions...",5.0,1.0,1.0,5.0
NCERT Solutions Class 6 Maths,"The candidates looking for NCERT Solutions for Class 6 Maths can have a look at the page below. Through this page, the students will be getting answers to the textbook questions of the NCERT Maths book. While studying from the NCERT books, not just the students but at times, teachers too get confused. This is...",5.0,1.0,1.0,5.0
NCERT Solutions Class 8 Science Chapter 17 Stars and the Solar System,"Here you can get free NCERT Solutions for Class 8 Science, of Chapter 17 Stars and the Solar System. All NCERT Book Solutions are given here exercise wise for Stars and the Solar System. NCERT Solutions are helpful in the preparation of several school level, graduate and undergraduate level competitive exams. Practicing questions from NCERT Science Book,...",5.0,1.0,1.0,5.0
NCERT Solutions Class 6 Maths Chapter 8 Decimals,"Here you can get free NCERT Solutions for&nbsp;Class 6&nbsp;Maths, of Chapter 8 Decimals. All NCERT Book Solutions are given here exercise wise for Decimals. NCERT Solutions are helpful in the preparation of several school level, graduate and undergraduate level competitive exams. Practicing questions from NCERT Maths Book, its Solutions for Class 6 Chapter 8 Decimals...",5.0,1.0,1.0,5.0
NCERT Solutions Class 6 Hindi Durva Chapter 24 डॉक्टर,"Here you will get free NCERT Solutions for&nbsp;Class 6&nbsp;Hindi,&nbsp; Durva of Chapter 24 Doctor. All NCERT Book Solutions are given here exercise wise for Doctor. NCERT Solutions are helpful in the preparation of several school level, graduate and undergraduate level competitive exams. Practicing questions from NCERT Hindi Durva for Class 6 Chapter 24 Doctor is...",5.0,1.0,1.0,5.0
NCERT Solutions Class 8 Maths Chapter 4 Practical Geometry,"Here you can get free NCERT Solutions for Class 8 Maths, of Chapter 4 Practical Geometry. All NCERT Book Solutions are given here exercise wise for Practical Geometry. NCERT Solutions are helpful in the preparation of several school level, graduate and undergraduate level competitive exams. Practicing questions from NCERT Maths Book, its Solutions for Class 8 Chapter...",5.0,1.0,1.0,5.0
NCERT Solutions Class 10 Social Science Political Science Chapter 1 सत्ता की साझेदारी,"Here you can get free NCERT Solutions for&nbsp;Class 10 Social Science, Political Science in Hindi of&nbsp;Chapter 1 Power Sharing. All NCERT Book Solutions are given here exercise wise for Power Sharing.&nbsp;NCERT Solutions&nbsp;are helpful in the preparation of several school level, graduate and undergraduate level competitive exams.&nbsp;Practicing questions from Democratic Politics -II&nbsp;NCERT Social Science Political Science...",1.0,1.0,1.0,5.0
NCERT Solutions Class 8 Social Science Civics Chapter 7 Understanding Marginalisation,"Here you can get free NCERT Solutions for Class 8 Social Science, Civics of Chapter 7 Understanding Marginalisation. All NCERT Book Solutions are given here exercise wise for Understanding Marginalisation. NCERT Solutions are helpful in the preparation of several school level, graduate and undergraduate level competitive exams. Practicing questions from Social and Political Life-III NCERT Social...",5.0,1.0,1.0,5.0
NCERT Solutions Class 8 Maths Chapter 2 Linear Equations in One Variable,"Here you can get free NCERT Solutions for Class 8 Maths, of Chapter 2 Linear Equations in One Variable. All NCERT Book Solutions are given here exercise wise for Linear Equations in One Variable. NCERT Solutions are helpful in the preparation of several school level, graduate and undergraduate level competitive exams. Practicing questions from NCERT Maths Book,...",5.0,1.0,1.0,5.0
NCERT Solutions Class 7 English Honeycomb Chapter 9 A Bicycle in Good Repair and Garden Snake,"Here you will get free NCERT Solutions for Class 7 English, Honeycomb of Chapter 9 A Bicycle in Good Repair and Garden Snake. All NCERT Book Solutions are given here exercise wise for A Bicycle in Good Repair and Garden Snake. NCERT Solutions are helpful in the preparation of several school level, graduate and undergraduate level...",5.0,1.0,1.0,5.0
NCERT Solutions Class 9 Science Chapter 15 खाद्य संसाधनों में सुधार,"Here you can get free NCERT Solutions for&nbsp;Class 9&nbsp;Science, in Hindi of&nbsp;Chapter 15 Improvement in Food Resources. All NCERT Book Solutions are given here exercise wise for Improvement in Food Resources.&nbsp;NCERT Solutions&nbsp;are helpful in the preparation of several school level, graduate and undergraduate level competitive exams.&nbsp;Practicing questions from&nbsp;NCERT Science Book, its Solutions in Hindi for&nbsp;Class...",5.0,1.0,1.0,5.0
NCERT Solutions Class 6 Hindi Durva Chapter 25 जयपुर से पत्र,"Here you will get free NCERT Solutions for&nbsp;Class 6&nbsp;Hindi,&nbsp; Durva of Chapter 25 Jaipur Se Patr. All NCERT Book Solutions are given here exercise wise for Jaipur Se Patr. NCERT Solutions are helpful in the preparation of several school level, graduate and undergraduate level competitive exams. Practicing questions from NCERT Hindi Durva for Class 6...",5.0,1.0,1.0,5.0
NCERT Solutions Class 7 Social Science Civics Chapter 2 स्वास्थ्य में सरकार की भूमिका,"Here you can get free NCERT Solutions for Class 7 Social Science, Civics in Hindi of Chapter 2 Role of the Government in Health. All NCERT Book Solutions are given here exercise wise for Role of the Government in Health. NCERT Solutions are helpful in the preparation of several school level, graduate and undergraduate level competitive exams....",1.0,1.0,1.0,5.0
NCERT Solutions Class 7 Science Chapter 13 Motion and Time,"Here you can get free NCERT Solutions for Class 7 Science, of Chapter 13 Motion and Time. All NCERT Book Solutions are given here exercise wise for Motion and Time. NCERT Solutions are helpful in the preparation of several school level, graduate and undergraduate level competitive exams. Practicing questions from NCERT Science Book, its Solutions for Class...",5.0,1.0,1.0,5.0
"NCERT Solutions Class 6 Social Science History Chapter 1 What, Where, How and When?","Here you can get free NCERT Solutions for&nbsp;Class 6&nbsp;Social Science, History of Chapter 1 What, Where, How and When? All NCERT Book Solutions are given here exercise wise for What, Where, How and When? NCERT Solutions are helpful in the preparation of several school level, graduate and undergraduate level competitive exams. Practicing questions from History...",5.0,1.0,1.0,5.0
NCERT Solutions Class 7 Science Chapter 18 Wastewater Story,"Here you can get free NCERT Solutions for&nbsp;Class 7&nbsp;Science, of Chapter 18 Wastewater Story. All NCERT Book Solutions are given here exercise wise for Wastewater Story. NCERT Solutions are helpful in the preparation of several school level, graduate and undergraduate level competitive exams. Practicing questions from NCERT Science Book, its Solutions for Class 7 Chapter...",5.0,1.0,1.0,5.0
NCERT Solutions Class 6 Social Science Civics Chapter 6 Rural Administration,"Here you can get free NCERT Solutions for Class 6 Social Science, Civics of Chapter 6 Rural Administration. All NCERT Book Solutions are given here exercise wise for Rural Administration. NCERT Solutions are helpful in the preparation of several school level, graduate and undergraduate level competitive exams. Practicing questions from Social and Political Life-I NCERT...",5.0,1.0,1.0,5.0
NCERT Solutions Class 8 Science Chapter 10 Reaching the Age of Adolescence,"Here you can get free NCERT Solutions for Class 8 Science, of Chapter 10 Reaching the Age of Adolescence. All NCERT Book Solutions are given here exercise wise for Reaching the Age of Adolescence. NCERT Solutions are helpful in the preparation of several school level, graduate and undergraduate level competitive exams. Practicing questions from NCERT Science Book,...",5.0,1.0,1.0,5.0
NCERT Solutions Class 8 Maths Chapter 13 Direct and Inverse Proportions,"Here you can get free NCERT Solutions for Class 8 Maths, of Chapter 13 Direct and Inverse Proportions. All NCERT Book Solutions are given here exercise wise for Direct and Inverse Proportions. NCERT Solutions are helpful in the preparation of several school level, graduate and undergraduate level competitive exams. Practicing questions from NCERT Maths Book, its Solutions...",5.0,1.0,1.0,5.0
NCERT Solutions Class 9 Science Chapter 5 जीवन की मौलिक इकाई,"Here you can get free NCERT Solutions for&nbsp;Class 9&nbsp;Science, in Hindi of&nbsp;Chapter 5 The Fundamental Unit of Life. All NCERT Book Solutions are given here exercise wise for The Fundamental Unit of Life.&nbsp;NCERT Solutions&nbsp;are helpful in the preparation of several school level, graduate and undergraduate level competitive exams.&nbsp;Practicing questions from&nbsp;NCERT Science Book, its Solutions in...",1.0,1.0,1.0,5.0
NCERT Solutions Class 6 Science Chapter 2 Components of Food,"Here you can get free NCERT Solutions for&nbsp;Class 6&nbsp;Science, of Chapter 2 Components of Food. All NCERT Book Solutions are given here exercise wise for Components of Food. NCERT Solutions are helpful in the preparation of several school level, graduate and undergraduate level competitive exams. Practicing questions from NCERT Science Book, its Solutions for Class...",5.0,1.0,1.0,5.0
NCERT Solutions Class 7 Hindi Vasant Chapter 12 कंचा,"Here you will get free NCERT Solutions for Class 7 Hindi, Vasant of Chapter 12 Kancha. All NCERT Book Solutions are given here exercise wise for Kancha. NCERT Solutions are helpful in the preparation of several school level, graduate and undergraduate level competitive exams. Practicing questions from NCERT Hindi Vasant for Class 7 Chapter 12 Kancha...",5.0,1.0,1.0,5.0
NCERT Solutions Class 6 Hindi Durva Chapter 8 रुमाल,"Here you will get free NCERT Solutions for&nbsp;Class 6&nbsp;Hindi,&nbsp; Durva of Chapter 8 Rumaal. All NCERT Book Solutions are given here exercise wise for Rumaal. NCERT Solutions are helpful in the preparation of several school level, graduate and undergraduate level competitive exams. Practicing questions from NCERT Hindi Durva for Class 6 Chapter 8 Rumaal is...",5.0,1.0,1.0,5.0
NCERT Solutions Class 7 Social Science Geography Chapter 9 Life in the Deserts,"Here you can get free NCERT Solutions for Class 7 Social Science, Geography of Chapter 9 Life in the Deserts. All NCERT Book Solutions are given here exercise wise for Life in the Deserts. NCERT Solutions are helpful in the preparation of several school level, graduate and undergraduate level competitive exams. Practicing questions from Our Environment...",5.0,1.0,1.0,5.0
NCERT Solutions Class 6 Maths Chapter 6 Integers,"Here you can get free NCERT Solutions for&nbsp;Class 6&nbsp;Maths, of Chapter 6 Integers. All NCERT Book Solutions are given here exercise wise for Integers. NCERT Solutions are helpful in the preparation of several school level, graduate and undergraduate level competitive exams. Practicing questions from NCERT Maths Book, its Solutions for Class 6 Chapter 6 Integers...",5.0,1.0,1.0,5.0
NCERT Solutions Class 8 Maths Chapter 16 Playing with Numbers,"Here you can get free NCERT Solutions for Class 8 Maths, of Chapter 16 Playing with Numbers. All NCERT Book Solutions are given here exercise wise for Playing with Numbers. NCERT Solutions are helpful in the preparation of several school level, graduate and undergraduate level competitive exams. Practicing questions from NCERT Maths Book, its Solutions for Class...",5.0,1.0,1.0,5.0
NCERT Solutions Class 6 Maths Chapter 11 Algebra,"Here you can get free NCERT Solutions for&nbsp;Class 6&nbsp;Maths, of Chapter 11 Algebra. All NCERT Book Solutions are given here exercise wise for Algebra. NCERT Solutions are helpful in the preparation of several school level, graduate and undergraduate level competitive exams. Practicing questions from NCERT Maths Book, its Solutions for Class 6 Chapter 11 Algebra...",5.0,1.0,1.0,5.0
NCERT Solutions Class 10 Social Science Economics Chapter 1 विकास,"Here you can get free NCERT Solutions for Class 10 Social Science, Economics in Hindi of Chapter 1 Development. All NCERT Book Solutions are given here exercise wise for Development. NCERT Solutions are helpful in the preparation of several school level, graduate and undergraduate level competitive exams. Practicing questions from Understanding Economic Development NCERT Social Science Economics Solutions in Hindi for Class...",1.5,2.0,1.0,5.0
NCERT Solutions Class 7 Science Chapter 12 Reproduction in Plants,"Here you can get free NCERT Solutions for Class 7 Science, of Chapter 12 Reproduction in Plants. All NCERT Book Solutions are given here exercise wise for Reproduction in Plants. NCERT Solutions are helpful in the preparation of several school level, graduate and undergraduate level competitive exams. Practicing questions from NCERT Science Book, its Solutions for Class...",5.0,1.0,1.0,5.0
"NCERT Solutions Class 6 Social Science History Chapter 11 इमारतें, चित्र तथा किताब","Here you can get free NCERT Solutions for&nbsp;Class 6&nbsp;Social Science, History in Hindi of&nbsp;Chapter 11 Buildings, Paintings and Books All NCERT Book Solutions are given here exercise wise for Buildings, Paintings and Books NCERT Solutions are helpful in the preparation of several school level, graduate and undergraduate level competitive exams. Practicing questions from Our Pasts...",5.0,1.0,1.0,5.0
NCERT Solutions Class 7 Hindi Durva Chapter 6 गारो,"Here you will get free NCERT Solutions for Class 7 Hindi, Durva of Chapter 6 Garo. All NCERT Book Solutions are given here exercise wise for Garo. NCERT Solutions are helpful in the preparation of several school level, graduate and undergraduate level competitive exams. Practicing questions from NCERT Hindi Durva for Class 7 Chapter 6 Garo is...",5.0,1.0,1.0,5.0
NCERT Solutions Class 7 Social Science History Chapter 9 The Making of Regional Cultures,"Here you can get free NCERT Solutions for Class 7 Social Science, History of Chapter 9 The Making of Regional Cultures. All NCERT Book Solutions are given here exercise wise for The Making of Regional Cultures. NCERT Solutions are helpful in the preparation of several school level, graduate and undergraduate level competitive exams. Practicing questions from History...",5.0,1.0,1.0,5.0
NCERT Solutions Class 10 English First Flight &#8211; A Tiger in the Zoo,"Here you will get free NCERT Solutions for Class 10 English, First Flight A Tiger in the Zoo. All NCERT Book Solutions are given here for A Tiger in the Zoo. NCERT Solutions are helpful in the preparation of several school level, graduate and undergraduate level competitive exams. Practicing questions from First Flight NCERT English Solutions for Class 10 &#8211; A...",1.0,1.0,1.0,5.0
NCERT Solutions Class 6 Maths Chapter 10 Mensuration,"Here you can get free NCERT Solutions for&nbsp;Class 6&nbsp;Maths, of Chapter 10 Mensuration. All NCERT Book Solutions are given here exercise wise for Mensuration. NCERT Solutions are helpful in the preparation of several school level, graduate and undergraduate level competitive exams. Practicing questions from NCERT Maths Book, its Solutions for Class 6 Chapter 10 Mensuration...",5.0,1.0,1.0,5.0
NCERT Solutions Class 7 Maths Chapter 5 Lines and Angles,"Here you can get free NCERT Solutions for Class 7 Maths, of Chapter 5 Lines and Angles. All NCERT Book Solutions are given here exercise wise for Lines and Angles. NCERT Solutions are helpful in the preparation of several school level, graduate and undergraduate level competitive exams. Practicing questions from NCERT Maths Book, its Solutions for Class...",5.0,1.0,1.0,5.0
NCERT Solutions Class 10 Science (Hindi Medium),"The candidates looking for NCERT Solutions for Class 10 Science in Hindi can have a look at the page below. Through this page, the students will be getting answers to the textbook questions of the NCERT Science book. While studying from the NCERT books, not just the students but at times, teachers too get confused....",1.3,3.0,1.0,5.0
NCERT Solutions Class 6 English HoneySuckle Chapter 8 A Game of Chance and Vocation,"Here you will get free NCERT Solutions for&nbsp;Class 6 English, HoneySuckle of Chapter 8 A Game of Chance and Vocation. All NCERT Book Solutions are given here exercise wise for A Game of Chance and Vocation. NCERT Solutions are helpful in the preparation of several school level, graduate and undergraduate level competitive exams. Practicing questions...",5.0,1.0,1.0,5.0
NCERT Solutions Class 6 Hindi Durva Chapter 11 पर्वत,"Here you will get free NCERT Solutions for&nbsp;Class 6&nbsp;Hindi,&nbsp; Durva of Chapter 11 Parvat. All NCERT Book Solutions are given here exercise wise for Parvat. NCERT Solutions are helpful in the preparation of several school level, graduate and undergraduate level competitive exams. Practicing questions from NCERT Hindi Durva for Class 6 Chapter 11 Parvat is...",5.0,1.0,1.0,5.0
NCERT Solutions Class 8 Science Chapter 18 Pollution of Air and Water,"Here you can get free NCERT Solutions for Class 8 Science, of Chapter 18 Pollution of Air and Water. All NCERT Book Solutions are given here exercise wise for Pollution of Air and Water. NCERT Solutions are helpful in the preparation of several school level, graduate and undergraduate level competitive exams. Practicing questions from NCERT Science Book,...",5.0,1.0,1.0,5.0
NCERT Solutions Class 7 Social Science History Chapter 1 Tracing Changes Through a Thousand Years,"Here you can get free NCERT Solutions for Class 7 Social Science, History of Chapter 1 Tracing Changes Through a Thousand Years. All NCERT Book Solutions are given here exercise wise for Tracing Changes Through a Thousand Years. NCERT Solutions are helpful in the preparation of several school level, graduate and undergraduate level competitive exams. Practicing questions...",5.0,1.0,1.0,5.0
NCERT Solutions Class 10 English First Flight Chapter 4 &#8211; From the Diary of Anne Frank,"Here you will get free NCERT Solutions for Class 10 English, First Flight of Chapter 4 &#8211; From the Diary of Anne Frank. All NCERT Book Solutions are given here for From the Diary of Anne Frank. NCERT Solutions are helpful in the preparation of several school level, graduate and undergraduate level competitive exams. Practicing questions from First Flight NCERT English...",5.0,1.0,1.0,5.0
