0,numTracks,track,inAlbum,duration
I Will Remember You,1.0,I Will Remember You,https://awilshiremusic.com/album/1276334/i-will-remember-you,PT3M46S
Trust and Breathe,1.0,Trust and Breathe,https://awilshiremusic.com/album/1276323/trust-and-breathe,PT4M19S
So Amazing,1.0,So Amazing,https://awilshiremusic.com/album/1276331/so-amazing,PT4M24S
So Amazing,1.0,So Amazing,https://awilshiremusic.com/album/1276336/so-amazing,PT4M24S
Alone With You,1.0,Alone With You,https://awilshiremusic.com/album/1276327/alone-with-you,PT5M2S
Dedication Song,1.0,Dedication Song,https://awilshiremusic.com/album/1276333/dedication-song,PT4M59S
Remain In Your Love,1.0,Remain In Your Love,https://awilshiremusic.com/album/1276321/remain-in-your-love,PT4M20S
Walkin' Worthy,1.0,Walkin' Worthy,https://awilshiremusic.com/album/1276325/walkin-worthy,PT3M38S
Come To Me,1.0,Come To Me,https://awilshiremusic.com/album/1276326/come-to-me,PT5M13S
Worthy Is the Lamb,1.0,Worthy Is the Lamb,https://awilshiremusic.com/album/1276318/worthy-is-the-lamb,PT3M47S
To Notice You,1.0,To Notice You,https://awilshiremusic.com/album/1276319/to-notice-you,PT5M23S
Never a Time,1.0,Never a Time,https://awilshiremusic.com/album/1276329/never-a-time,PT4M19S
Best,1.0,Best,https://awilshiremusic.com/album/1276338/best,PT3M53S
