0,url,price
Rodin: The Sculptors’ View,https://www.jakeauerbachfilms.com/product/rodin-the-sculptors-view/,10.0
Kitaj… In The Picture,https://www.jakeauerbachfilms.com/product/kitaj-in-the-picture/,10.0
Titian – A Documentary,https://www.jakeauerbachfilms.com/product/titian-a-documentary/,10.0
Lucian Freud: Portraits,https://www.jakeauerbachfilms.com/product/lucian-freud-portraits/,10.0
John Virtue: London,https://www.jakeauerbachfilms.com/product/john-virtue-london/,10.0
The Last Art Film,https://www.jakeauerbachfilms.com/product/the-last-art-film/,10.0
Paula Rego: Telling Tales,https://www.jakeauerbachfilms.com/product/paula-rego-telling-tales/,10.0
FRANK,https://www.jakeauerbachfilms.com/product/frank-stream-hd/,12.0
Frank Auerbach: To the Studio,https://www.jakeauerbachfilms.com/product/frank-auerbach-to-the-studio/,10.0
20 Sites n Years,https://www.jakeauerbachfilms.com/product/20-sites-n-years-stream/,10.0
Sickert’s London,https://www.jakeauerbachfilms.com/product/sickerts-london/,10.0
