0,jobTitle,telephone,worksFor,contactType
Joyce Buchanan,"Leonard, TX",(903) 587-2570,FMBC,customer service
Stonebriar Insurance Group,"Frisco, TX",(469) 362-5300,FMBC,customer service
Edmonds Insurance Agency,"Waller, TX",(281) 404-3100,FMBC,customer service
Jim Toman Insurance Agency,"Tyler, TX",(903) 509-1300,FMBC,customer service
Moursund Insurance Agency,"Round Mountain, TX",(830) 825-3237,FMBC,customer service
Secure Insurance Agency,"Raymondville, TX",(956) 689-0105,FMBC,customer service
"VGW Insurance, LLP","Rockwall, TX",(972) 771-7373,FMBC,customer service
"Wallace Insurance Agency, LLC","Daingerfield, TX",(903) 563-6457,FMBC,customer service
Hill Country Insurance,"Burnet, TX",(512) 525-3872,FMBC,customer service
Bobby Walters Insurance Agency,"Centerville, TX",(903) 536-1000,FMBC,customer service
Porter Insurance Agency,"Porter, TX",(281) 354-8607,FMBC,customer service
Thompson Graves Insurance Agency,"Cedar Park, TX",(512) 331-1000,FMBC,customer service
The Koonce Group,"Nacogdoches, TX",(936) 569-7223,FMBC,customer service
Stephen Evans,"Columbus, TX",(713) 499-9210,FMBC,customer service
Sewell-Uselton Insurance Agency,"Nocona, TX",(940) 825-4206,FMBC,customer service
Countrywide Insurance Agency,"Coleman, TX",(325) 625-4126,FMBC,customer service
All Your Insurance Needs,"Salado, TX",(254) 947-3100,FMBC,customer service
Gage Insurance Agency,"San Saba, TX",(325) 372-4355,FMBC,customer service
Texas Legacy Insurance Group,"Cross Plains, TX",(254) 221-9950,FMBC,customer service
Eagle Lake Insurance Association Inc.,"Eagle Lake, TX",(979) 234-2500,FMBC,customer service
Rooke's Texas Hills Insurance Agency,"Junction, TX",(325) 446-4843,FMBC,customer service
Best Texas Ins Svcs,"Midlothian, TX",(972) 291-9556,FMBC,customer service
Debbie Box Agency,"Waxahachie, TX",(972) 268-7175,FMBC,customer service
"Slaughter Enterprises, Inc.","Quinlan, TX",(903) 356-6500,FMBC,customer service
Lori Conway,"La Grange, tX",(979) 206-2524,FMBC,customer service
Robyn Kay,"White Oak, TX",(903) 759-0712,FMBC,customer service
Kris Crow Agency,"Odessa, TX",(432) 337-0800,FMBC,customer service
Medrano All-1 Insurance,"Corsicana, TX",(903) 872-7489,FMBC,customer service
Rocky Biggs Insurance,"Alvarado, TX",(817) 783-8114,FMBC,customer service
Brian Stamper,"Owasso, OK",(918) 609-5000,FMBC,customer service
Ronnie Dunavant,"Mt. Pleasant, TX",(903) 572-3472,FMBC,customer service
Davis Insurance Agency,"Longview, TX",(903) 232-1635,FMBC,customer service
Mainstay Financial Group,"Irving, TX",(972) 778-8201,FMBC,customer service
Moon Insurance,"Houston, TX",(281) 484-8320,FMBC,customer service
Legal Insurance Agency,"Arlington, TX",(817) 618-6381,FMBC,customer service
Rockdale Insurance Agency,"Rockdale, TX",(512) 446-0001,FMBC,customer service
Masterson Insurance Agency,"Centerville, TX",(936) 598-4359,FMBC,customer service
Spross Insurance Agency,"Waco, TX",(254) 772-8518,FMBC,customer service
Killebrew Insurance Agency,"Odessa, TX",(432) 332-6322,FMBC,customer service
Utopia Insurance Agency,"Utopia, TX",(830) 966-4646,FMBC,customer service
Lottie Boll,"Emory, TX",(903) 473-0040,FMBC,customer service
Forbess Insurance Agency,"Brownwood, TX",(325) 641-2186,FMBC,customer service
Jill Waters,"Sealy, TX",(832) 344-7822,FMBC,customer service
Jon Brasher,"Benbrook, TX",(817) 350-4917,FMBC,customer service
Dixie Dunavant,"Longview, TX",(903) 663-4209,FMBC,customer service
Marilyn Caldwell,"Royse City, TX",(972) 635-6772,FMBC,customer service
Burns McElhaney Agency,"Pittsburg, TX",(903) 856-3422,FMBC,customer service
