0,1,2,3,4,5,6,7,validFrom,9,10,11,12
Virtual AdaptFit,2020-03-31T13:00:00-07:00,"&lt;p&gt;A Virtual Workout for you to do at home. No matter your skill level, we can adapt the exercise to you and your needs. Bring equipment (bands, weights, dowel, pillow) if you have and an assistant if you think you\\'ll need some support. RSVP Here&lt;/p&gt;\",Organization,Zoom,,,2020-03-31T14:00:00-07:00,,,Adapt Movement,7606887323.0,
Member Meetup,2019-12-19T17:00:00-08:00,"&lt;p&gt;Adapt’s Member Meet Up Program aims to compliment our mission to assist members in maximizing their life experience. This program is a great place for persons to build their network of adaptive and accessible resources. Additionally, it provides a safe space to express emotions pertaining to a mobility-challenged journey, surrounded by others with similar experiences. [&hellip;]&lt;/p&gt;\",Organization,Adapt Functional Movement Center,USD,primary,2019-12-19T18:00:00-08:00,2018-11-28T00:00:00+00:00,inStock,Adapt Movement,7606887323.0,0.0
Friday Mindfulness Meetup,2020-09-11T16:00:00-07:00,"&lt;p&gt;Join us for a weekly mental health reprieve at our Mindfulness Meetup. Michelle York, LMFT and Adapt founder John Monteith will host a gathering to talk about the current situation, how everyone is feeling and how we can be more present and mindful to get through this trying time together. Kick off your weekend on [&hellip;]&lt;/p&gt;\",Organization,Zoom,,,2020-09-11T17:00:00-07:00,,,Adapt Movement,7606887323.0,
Friday Mindfulness Meetup,2020-09-18T16:00:00-07:00,"&lt;p&gt;Join us for a weekly mental health reprieve at our Mindfulness Meetup. Michelle York, LMFT and Adapt founder John Monteith will host a gathering to talk about the current situation, how everyone is feeling and how we can be more present and mindful to get through this trying time together. Kick off your weekend on [&hellip;]&lt;/p&gt;\",Organization,Zoom,,,2020-09-18T17:00:00-07:00,,,Adapt Movement,7606887323.0,
Friday Mindfulness Meetup,2020-09-25T16:00:00-07:00,"&lt;p&gt;Join us for a weekly mental health reprieve at our Mindfulness Meetup. Michelle York, LMFT and Adapt founder John Monteith will host a gathering to talk about the current situation, how everyone is feeling and how we can be more present and mindful to get through this trying time together. Kick off your weekend on [&hellip;]&lt;/p&gt;\",Organization,Zoom,,,2020-09-25T17:00:00-07:00,,,Adapt Movement,7606887323.0,
Friday Mindfulness Meetup,2020-10-02T16:00:00-07:00,"&lt;p&gt;Join us for a weekly mental health reprieve at our Mindfulness Meetup. Michelle York, LMFT and Adapt founder John Monteith will host a gathering to talk about the current situation, how everyone is feeling and how we can be more present and mindful to get through this trying time together. Kick off your weekend on [&hellip;]&lt;/p&gt;\",Organization,Zoom,,,2020-10-02T17:00:00-07:00,,,Adapt Movement,7606887323.0,
Friday Mindfulness Meetup,2020-09-04T16:00:00-07:00,"&lt;p&gt;Join us for a weekly mental health reprieve at our Mindfulness Meetup. Michelle York, LMFT and Adapt founder John Monteith will host a gathering to talk about the current situation, how everyone is feeling and how we can be more present and mindful to get through this trying time together. Kick off your weekend on [&hellip;]&lt;/p&gt;\",Organization,Zoom,,,2020-09-04T17:00:00-07:00,,,Adapt Movement,7606887323.0,
Adaptive Yoga Class,2019-09-18T17:15:00-07:00,,Organization,Adapt Functional Movement Center,USD,primary,2019-09-18T18:15:00-07:00,2019-04-09T00:00:00+00:00,inStock,Adapt Movement,7606887323.0,0.0
Adaptive Paddle Boarding,2019-11-06T09:00:00-08:00,"&lt;p&gt;Join Pushing 4 Independence every first Wednesday of the month at the Newport Aquatic Center for adaptive paddling. Whether you\\'re new to water sports or a seasoned paddler, we\\'d love to see you there!&lt;/p&gt;\",Organization,Paddle Boarding,USD,primary,2019-11-06T12:00:00-08:00,2018-11-28T00:00:00+00:00,inStock,,,0.0
Member Meetup,2019-08-29T18:00:00-07:00,"&lt;p&gt; Join the Adapt team and fellow members for a fun night of trivia at Pub 980 at the Belching Beaver Brewery!Hosted by Sunset Trivia Date: August 29, 2019Time: 6pm - 8pmLocation: 980 Park Center Dr. Suite A, Vista, CA, 92081, United States&lt;/p&gt;\",Organization,pub 980,USD,primary,2019-08-29T21:00:00-07:00,2018-11-28T00:00:00+00:00,inStock,,,0.0
Adaptive Yoga Class,2019-07-17T17:15:00-07:00,,Organization,Adapt Functional Movement Center,USD,primary,2019-07-17T18:15:00-07:00,2019-04-09T00:00:00+00:00,inStock,Adapt Movement,7606887323.0,0.0
Adaptive Paddle Boarding,2019-10-02T09:00:00-07:00,"&lt;p&gt;Join Pushing 4 Independence every first Wednesday of the month at the Newport Aquatic Center for adaptive paddling. Whether you\\'re new to water sports or a seasoned paddler, we\\'d love to see you there!&lt;/p&gt;\",Organization,Paddle Boarding,USD,primary,2019-10-02T12:00:00-07:00,2018-11-28T00:00:00+00:00,inStock,,,0.0
Virtual AdaptFit,2020-04-14T13:00:00-07:00,"&lt;p&gt;A Virtual Workout for you to do at home. No matter your skill level, we can adapt the exercise to you and your needs. Bring equipment (bands, weights, dowel, pillow) if you have and an assistant if you think you\\'ll need some support. RSVP Here&lt;/p&gt;\",Organization,Zoom,,,2020-04-14T14:00:00-07:00,,,Adapt Movement,7606887323.0,
Adaptive Paddle Boarding,2019-09-04T09:00:00-07:00,"&lt;p&gt;Join Pushing 4 Independence every first Wednesday of the month at the Newport Aquatic Center for adaptive paddling. Whether you\\'re new to water sports or a seasoned paddler, we\\'d love to see you there!&lt;/p&gt;\",Organization,Paddle Boarding,USD,primary,2019-09-04T12:00:00-07:00,2018-11-28T00:00:00+00:00,inStock,,,0.0
Adaptive Yoga Class,2019-06-19T17:15:00-07:00,,Organization,Adapt Functional Movement Center,USD,primary,2019-06-19T18:15:00-07:00,2019-04-09T00:00:00+00:00,inStock,Adapt Movement,7606887323.0,0.0
Adaptive Paddle Boarding,2019-12-04T09:00:00-08:00,"&lt;p&gt;Join Pushing 4 Independence every first Wednesday of the month at the Newport Aquatic Center for adaptive paddling. Whether you\\'re new to water sports or a seasoned paddler, we\\'d love to see you there!&lt;/p&gt;\",Organization,Paddle Boarding,USD,primary,2019-12-04T12:00:00-08:00,2018-11-28T00:00:00+00:00,inStock,,,0.0
Thanksgiving &#8211; CLOSED,2019-11-28T00:00:00-08:00,"&lt;p&gt;Adapt will be CLOSED for Thanksgiving on Thursday November 28, 2019 We will return to business as usual on Monday December 2nd @ 9am.&lt;/p&gt;\",Organization,Adapt Functional Movement Center,USD,primary,2019-11-28T23:59:59-08:00,2019-10-30T00:00:00+00:00,inStock,,,0.0
Adaptive Yoga Class,2019-11-20T17:15:00-08:00,,Organization,Adapt Functional Movement Center,USD,primary,2019-11-20T18:15:00-08:00,2019-04-09T00:00:00+00:00,inStock,Adapt Movement,7606887323.0,0.0
Black Friday &#8211; CLOSED,2019-11-29T00:00:00-08:00,"&lt;p&gt;Adapt will be CLOSED for Black Friday on Friday November 29, 2019 We will return to business as usual on Monday December 2nd @ 9am.&lt;/p&gt;\",Organization,Adapt Functional Movement Center,,,2019-11-29T23:59:59-08:00,,,Adapt Movement,7606887323.0,
Member Meetup,2019-09-26T17:00:00-07:00,"&lt;p&gt;Adapt’s Member Meet Up Program aims to compliment our mission to assist members in maximizing their life experience. This program is a great place for persons to build their network of adaptive and accessible resources. Additionally, it provides a safe space to express emotions pertaining to a mobility-challenged journey, surrounded by others with similar experiences. [&hellip;]&lt;/p&gt;\",Organization,Adapt Functional Movement Center,USD,primary,2019-09-26T18:00:00-07:00,2018-11-28T00:00:00+00:00,inStock,Adapt Movement,7606887323.0,0.0
Adaptive Yoga Class,2019-12-18T17:15:00-08:00,,Organization,Adapt Functional Movement Center,USD,primary,2019-12-18T18:15:00-08:00,2019-04-09T00:00:00+00:00,inStock,Adapt Movement,7606887323.0,0.0
