0,numTracks,2,byArtist,publisher,image,track
Emeterians – Dub Master,,11 de maig de 2018,"Emeterians, The Island Defenders",https://www.lapanchitarecords.com/,https://www.lapanchitarecords.com/wp-content/uploads/2018/05/Emeterians-HM-17-1024x1024.jpg,
High Paw feat. Chalart58 – A Little Flower,1.0,1 de desembre de 2017,"Chalart58, High Paw",https://www.lapanchitarecords.com/,https://www.lapanchitarecords.com/wp-content/uploads/2017/11/A-Little-Flower-3000-1024x1024.jpg,A Little Flower
Raggattack feat. Belén Natalí – Don’t Stop,2.0,13 d'octubre de 2017,"Belén Natalí, Raggattack",https://www.lapanchitarecords.com/,https://www.lapanchitarecords.com/wp-content/uploads/2017/10/DONT-STOP-3000-1024x1024.jpg,"[""Don't Stop (dub version)"", ""Don't Stop""]"
Marcus I – Proverbs,2.0,4 de setembre de 2020,"Chalart58, Marcus I",https://www.lapanchitarecords.com/,https://www.lapanchitarecords.com/wp-content/uploads/2020/09/Marcus-I-72pp-1024x1024.jpg,"['Proverbs', 'Proverbs (dub version)']"
Malaka Youth & Chalart58 – Big Step,1.0,16 de febrer de 2018,"Chalart58, Malaka Youth",https://www.lapanchitarecords.com/,https://www.lapanchitarecords.com/wp-content/uploads/2018/02/MalakaYouth-BigStep16-1024x1024.jpg,Big Step
Bungalo Dub & Chalart58 – Legend (feat. Matah),,19 de juliol de 2019,"Bungalo Dub, Chalart58, Matah",https://www.lapanchitarecords.com/,https://www.lapanchitarecords.com/wp-content/uploads/2019/07/LEGEND-Bungalo-Dub_Matah_Chalart58-1024x1024.jpg,
Ranking Youth & Chalart58 – Jezebel,2.0,5 de juny de 2020,"Chalart58, Ranking Youth",https://www.lapanchitarecords.com/,https://www.lapanchitarecords.com/wp-content/uploads/2020/06/RY-Jezebel-Bruixa-26-1024x1024.jpg,"['Jezebel (dub version)', 'Jezebel']"
Matah feat. Chalart58 – Atomic Land,6.0,8 de setembre de 2017,,https://www.lapanchitarecords.com/,https://www.lapanchitarecords.com/wp-content/uploads/2017/09/Atomic-Land-3000x3000-72dpi-1024x1024.jpg,"['Make Some Noise (dub version)', 'Atomic Land', 'Make Some Noise', 'In This Train', 'In This Train (dub version)', 'Atomic Land (dub version)']"
Marcus I – Proverbs,,4 de setembre de 2020,"Chalart58, Marcus I",https://www.lapanchitarecords.com/,https://www.lapanchitarecords.com/wp-content/uploads/2020/09/Marcus-I-72pp-1024x1024.jpg,
"Uri Green, Da Fuchaman, Jah Garvey – Hot It Up",1.0,2 de febrer de 2017,Uri Green,https://www.lapanchitarecords.com/,https://www.lapanchitarecords.com/wp-content/uploads/2017/03/HOT-IT-UP-500.jpg,Hot It Up
Adala – Mr. Fireman,1.0,23 de desembre de 2016,,https://www.lapanchitarecords.com/,https://www.lapanchitarecords.com/wp-content/uploads/2017/06/a0212354301_10-1024x1024.jpg,Mr. Fireman
George Palmer – Praises to the Most High,2.0,3 de juny de 2016,,https://www.lapanchitarecords.com/,https://www.lapanchitarecords.com/wp-content/uploads/2017/06/a4062944662_10-1024x1024.jpg,"['Praises To The Most High dub version', 'Praises To The Most High']"
Tunelon Iration feat. Chalart58 – Born To Be Winner,1.0,27 d'octubre de 2017,"Chalart58, Tunelon Iration",https://www.lapanchitarecords.com/,https://www.lapanchitarecords.com/wp-content/uploads/2017/10/Tunelon-Vibration-02-1024x1024.jpg,Born To Be Winner
"Brother Wildman, Yeyo Perez, Chalart58 – Liberation Riddim",,19 de juny de 2020,"Brother Wildman, Chalart58, Yeyo Perez",https://www.lapanchitarecords.com/,https://www.lapanchitarecords.com/wp-content/uploads/2020/06/Wildman-Yeyo-08.jpg,
Ranking Youth – Jah Power,1.0,14 de desembre de 2018,Ranking Youth,https://www.lapanchitarecords.com/,https://www.lapanchitarecords.com/wp-content/uploads/2018/12/Ranking-Youth-tf.-Highgtricks-Jah-Power-1024x1024.jpg,Jah Power (feat. Hightricks)
Adala – Cel,8.0,20 de gener de 2017,Adala,https://www.lapanchitarecords.com/,https://www.lapanchitarecords.com/wp-content/uploads/2017/03/CEL-500.jpg,"['Dama', 'Quantes Pluges', 'Drames', 'Cold In Paradise', 'Look Inside', 'What Can I Say', 'December', 'Mr. Fireman']"
Women Soldier,10.0,30 de novembre de 2018,"Belén Natalí, Chalart58, High Paw, I-Leen, Matah, Sista Awa",https://www.lapanchitarecords.com/,https://www.lapanchitarecords.com/wp-content/uploads/2018/11/WOMEN-SOLDIER-1024x1024.jpg,"['Sista Awa & Chalart58 - Good Ova Evil (dub version)', 'Belén Natalí & Chalart58 - Kings Artifacts', 'High Paw & Chalart58 - Lyrics Designer', 'Matah & Chalart58 - On My Mind', 'I-Leen & Chalart58 - Chase Dem', 'Matah & Chalart58 - On My Mind (dub version)', 'High Paw & Chalart58 - Lyrics Designer (dub version)', 'I-Leen & Chalart58 - Chase Dem (dub version)', 'Belén Natalí & Chalart58 - Kings Artifacts (dub version)', 'Sista Awa & Chalart58 - Good Ova Evil']"
Lo-End Dub ft. Sista Kata – The People are Calling,3.0,5 d'abril de 2019,Lo-End Dub,https://www.lapanchitarecords.com/,https://www.lapanchitarecords.com/wp-content/uploads/2019/04/People-are-calling-FD-03-1024x1024.jpg,"['The dub is calling (Part II)', 'The dub is calling', 'The people are calling']"
Women Soldier,,30 de novembre de 2018,"Belén Natalí, Chalart58, High Paw, I-Leen, Matah, Sista Awa",https://www.lapanchitarecords.com/,https://www.lapanchitarecords.com/wp-content/uploads/2018/11/WOMEN-SOLDIER-1024x1024.jpg,
Lasai & Chalart58 – Cyaan Stop This,2.0,21 de juny de 2016,"Chalart58, Lasai",https://www.lapanchitarecords.com/,https://www.lapanchitarecords.com/wp-content/uploads/2017/06/a2983433579_10-1024x1024.jpg,"['Cyaan Stop This', 'Cyaan Stop This dub version']"
Vanderamah & Longfingah – Wake Up My People,1.0,14 de juliol de 2017,,https://www.lapanchitarecords.com/,https://www.lapanchitarecords.com/wp-content/uploads/2017/07/a0839812334_10-1024x1024.jpg,Wake Up My People
Emma Youth – Lifetime,1.0,21 de juliol de 2017,Emma Youth,https://www.lapanchitarecords.com/,https://www.lapanchitarecords.com/wp-content/uploads/2017/07/Emma-Youth-Lifetime-20-1024x1024.jpg,Lifetime
Malaka Youth & Chalart58 – Big Step,,16 de febrer de 2018,"Chalart58, Malaka Youth",https://www.lapanchitarecords.com/,https://www.lapanchitarecords.com/wp-content/uploads/2018/02/MalakaYouth-BigStep16-1024x1024.jpg,
Broda Nelson & The Sweet Vibrations – Let Love Shine,2.0,28 de juliol de 2015,,https://www.lapanchitarecords.com/,https://www.lapanchitarecords.com/wp-content/uploads/2017/06/a1006915281_10-1024x1024.jpg,"['Let Love Shine', 'Let Love Shine dub version']"
Raggattack – If You Bring The Selection (remix),1.0,22 de juny de 2018,"Chalart58, High Paw, Raggattack",https://www.lapanchitarecords.com/,https://www.lapanchitarecords.com/wp-content/uploads/2018/09/If-you-bring-Remix-03-1024x1024.jpg,If You Bring The Selection
"Uri Green, Da Fuchaman, Jah Garvey – Hot It Up",,2 de febrer de 2017,Uri Green,https://www.lapanchitarecords.com/,https://www.lapanchitarecords.com/wp-content/uploads/2017/03/HOT-IT-UP-500.jpg,
