0,1,url,duration,partOfSeries,director
The O.C. Season 3 Episode 21,"Ryan decides to go and invite his mother to his graduation party. Taylor and Summer work together to try and find out what Seth is hiding, but Summer ends up getting hurt. Marissa realises she is in bad company after she finds out how low Volchok’s friends can go. Sandy is able to fix his work problems with Matt but while doing so he hurts Kirsten.",https://www.slaughterhousecam.com/episode/the-o-c-season-3-episode-21/,The Dawn Patrol,The O.C.,Ian Toynton
The Big Bang Theory Season 2 Episode 11,Penny starts dating Leonard’s handsome colleague; Leonard and his friends are tortured by Sheldon’s obsession with gift-giving etiquette.,https://www.slaughterhousecam.com/episode/the-big-bang-theory-season-2-episode-11/,The Bath Item Gift Hypothesis,The Big Bang Theory,Mark Cendrowski
The O.C. Season 3 Episode 23,"Harbor School’s Senior Prom brings out the best and the worst in everyone. Taylor hits a high at prom, while Summer falls flat with her surprising prom date. Seth and Anna come up with a prom plan to win Summer back. Meanwhile, Marissa convinces Volchok to go to the prom and Ryan brings an unexpected old flame. When one of the girls is elected prom queen, it truly becomes a night to remember. Later, when Taylor’s prom funds are missing, Ryan returns to his old ways and prom night turns brutal.",https://www.slaughterhousecam.com/episode/the-o-c-season-3-episode-23/,The Party Favor,The O.C.,Michael Lange
The O.C. Season 3 Episode 13,Kaitlin starts going out with Johnny with the sole motive of making Marissa jealous. Seth starts getting nostalgic as he prepares for his Brown interview.,https://www.slaughterhousecam.com/episode/the-o-c-season-3-episode-13/,The Pot Stirrer,The O.C.,Norman Buckley
The O.C. Season 3 Episode 25,"It is graduation day for Ryan, Seth, Summer, and Marissa at Harbor High School. After graduation they all went out to eat and celebrate their graduation. Ryan’s mother gave him a new car as a graduation present. Marissa is going to spend a year on a boat with her father as her graduation gift. Seth finally got into RISD for second semester. Summer is still going to Brown University in the fall. Volchok is still mad at Marissa and Ryan so he decided to crash Ryan’s car.",https://www.slaughterhousecam.com/episode/the-o-c-season-3-episode-25/,The Graduates,The O.C.,Ian Toynton
The O.C. Season 4 Episode 13,"Taylor makes a plan to fix things between Ryan and his dad. Julie continues her relationship with Bullit but when she runs into Frank when Ryan and Taylor are around they realize that she has been having a secret affair with Frank. When Kaitlin learns that Taylor and Ryan are trying to break up Frank and Julie she tries to get her mother to like Bullit, which forces Julie to choose between Bullit and Frank.Summer begins to think about if Seth really is the one for her.",https://www.slaughterhousecam.com/episode/the-o-c-season-4-episode-13/,The Case of the Franks,The O.C.,Norman Buckley
The O.C. Season 4 Episode 5,When Taylor learns about Ryan’s sleeping problems she devises a plan to help him but must then turn to Kaitlin when her plan backfires. At Brown Summer and Che step up their activism and it lands them more freedom than imagined. Julie also gets help from Kaitlin to help save the dating service.,https://www.slaughterhousecam.com/episode/the-o-c-season-4-episode-5/,The Sleeping Beauty,The O.C.,Ian Toynton
"Love, Victor Season 1 Episode 9","Watch Love, Victor Season 1 Episode 9 online full free. Love, Victor Season 1 watch online free in HD. Info: Not Available. Love, Victor Season 1 Episode 9 Watch Full 123Movies, GoMovies, PutLockers.",https://www.slaughterhousecam.com/episode/love-victor-season-1-episode-9/,Episode 9,"Love, Victor",
The Big Bang Theory Season 1 Episode 2,"Leonard volunteers to sign for a package in an attempt to make a good impression on Penny, but when he enlists Sheldon for help, his attempt at chivalry goes terribly awry.",https://www.slaughterhousecam.com/episode/the-big-bang-theory-season-1-episode-2/,The Big Bran Hypothesis,The Big Bang Theory,Mark Cendrowski
The O.C. Season 3 Episode 24,"Ryan and Volchok make a deal after a fallout at prom. Sandy is chosen as Man of the Year, but this sparks the DA to dig deeper into his involvement with the hospital problems. Marissa goes and sees Kaitlin at her boarding school and Seth visits the Newport Group HQ and lights up the joint.",https://www.slaughterhousecam.com/episode/the-o-c-season-3-episode-24/,The Man of the Year,The O.C.,"['Ian Toynton', 'Tony Wharmby']"
The O.C. Season 3 Episode 9,"Marissa visits Johnny at his house after his accident to see how he is doing. Julie and Kirsten get a contract for their new catering business while Sandy, Ryan and Matt meet with investors.",https://www.slaughterhousecam.com/episode/the-o-c-season-3-episode-9/,The Disconnect,The O.C.,Tony Wharmby
The O.C. Season 3 Episode 6,"Marissa discovers something in Johnny that Ryan lacks and Charlotte convinces Julie and Kirsten to throw a charity event. After discovering fake IDs in Charlotte’s purse, Julie confronts her.",https://www.slaughterhousecam.com/episode/the-o-c-season-3-episode-6/,The Swells,The O.C.,Michael Fresco
The O.C. Season 3 Episode 11,"Ryan, Seth and Summer launch a campaign to get Marissa back into Harbour. With the help of Dr. Kim they get the board of trustees to hear the case will Marissa be permitted to return for her final semester?",https://www.slaughterhousecam.com/episode/the-o-c-season-3-episode-11/,The Safe Harbor,The O.C.,Tony Wharmby
Silicon Valley S06E07 Season 6 Episode 7,"Silicon Valley S06E07 Season 6 Episode 7 Watch Online Free in HD Quality. Silicon Valley Full Episodes Online For Free. Ahead of a career-defining moment, Richard makes a startling discovery that changes everything and sends the entire Pied Piper team racing to pull off the biggest bait-and-switch that Silicon Valley has ever seen.",https://www.slaughterhousecam.com/episode/silicon-valley-season-6-episode-7/,Exit Event,Silicon Valley,
The O.C. Season 3 Episode 14,Sandy and Matt’s hospital project hits a roadblock. Kirsten and Julie run into troubles of their own with their matchmaking business. Marissa confesses her feelings to Johnny. Summer finds out out about Seth.,https://www.slaughterhousecam.com/episode/the-o-c-season-3-episode-14/,The Cliffhanger,The O.C.,Michael Lange
The O.C. Season 4 Episode 3,"It’s Thanksgiving time. Volchok is back in town and Ryan seems eager to take revenge. At first Sandy and Kirsten try to talk him out of this but, then, Sandy makes Ryan face Volchok. Julie’s behavior turns Kaitlin away and permanently jeopardizes her relationship with Dr. Roberts. Summer starts protesting against poverty issues and turns the Cohens’ Thanksgiving dinner into a homelesses’ refuge. It’s clear she hasn’t got over Marissa’s death yet. Veronica kicks Taylor out as soon as she discovers her beloved daughter married a French man during her European trip.",https://www.slaughterhousecam.com/episode/the-o-c-season-4-episode-3/,The Cold Turkey,The O.C.,Michael Lange
The O.C. Season 4 Episode 15,After the earthquake the residents of Newport scramble to make sure that everyone is ok. When Sandy speaks to Seth he tells him to stay put but he refuses as all he wants to do is be with Ryan and Taylor and Seth finds out what it is really like to be a brother.Taylor finally learns that the bonds between family are stronger than she thought. Julie and Kaitlin remain stuck in the Ice-Cream store before the only man for Julie turns up and saves them. They think everything is going well before they meet up at the Cohen’s house and learn things are not what they seem.,https://www.slaughterhousecam.com/episode/the-o-c-season-4-episode-15/,The Night Moves,The O.C.,Patrick R. Norris
The O.C. Season 4 Episode 10,"Taylor’s ex-husband comes to Newport and causes a rift in her relationship with Ryan. Seth goes to Seattle to obtain Dr. Roberts blessing, while Summer “travels to the past” for 48 hours. Kaitlin finds love, while Julie finds problems with Kirsten.",https://www.slaughterhousecam.com/episode/the-o-c-season-4-episode-10/,The French Connection,The O.C.,John Stephens
Raised by Wolves Season 1 Episode 4,"Father tries to teach the children how to hunt some of Kepler-22b’s mysterious creatures for food. Meanwhile, the Mithraic make a stunning discovery that potentially fulfills a Mithraic prophecy, and a debate about how to proceed ignites a conflict between Marcus and the Mithraic leader, Ambrose.",https://www.slaughterhousecam.com/episode/raised-by-wolves-2020-season-1-episode-4/,Nature's Course,Raised by Wolves (2020),Luke Scott
The Fix Season 1 Episode 9,,https://www.slaughterhousecam.com/episode/the-fix-season-1-episode-9/,Jeopardy,The Fix,
The Big Bang Theory Season 3 Episode 20,"When Leonard and Penny aren’t speaking, Sheldon goes to extremes to keep them both happy.",https://www.slaughterhousecam.com/episode/the-big-bang-theory-season-3-episode-20/,The Spaghetti Catalyst,The Big Bang Theory,"['Anthony Joseph Rich', 'Nikki Lorre']"
The O.C. Season 3 Episode 20,When college acceptance and rejection letters are received the kids must consider what path they are going to follow. Ryan and Sadie are trying to decide what they will do after high school. Taylor holds a college party and Summer and Marissa fix their friendship problems.,https://www.slaughterhousecam.com/episode/the-o-c-season-3-episode-20/,The Day After Tomorrow,The O.C.,Norman Buckley
The O.C. Season 4 Episode 1,"Seth works at a comic book store in Newport. Kirsten drops by the store to ask Seth if he has something to send Ryan in a “care package” she is preparing. Later, Seth tries to talk Ryan into coming to dinner at the Cohens’ but the latter isn’t easily persuaded, saying he works nights, etc. At her dorm, Summer and a friend named Che try to rally students for a protest. Summer gets a phone call from Taylor who seems to be in Paris.",https://www.slaughterhousecam.com/episode/the-o-c-season-4-episode-1/,The Avengers,The O.C.,Ian Toynton
The O.C. Season 4 Episode 4,"When Seth visits Summer, she realizes that her materialistic, gossiping self may be forever gone ever since she went to Brown. Ryan helps Taylor with her divorce. Temptation stirs when Kaitlin and Julie vow to stay out of trouble. And Sandy longs for a guy’s night out.",https://www.slaughterhousecam.com/episode/the-o-c-season-4-episode-4/,The Metamorphosis,The O.C.,Norman Buckley
The O.C. Season 3 Episode 19,"Julie and Dr. Roberts announce their engagement and the Cooper ladies move in with Summer and her dad. Meanwhile, Marissa drifts away from the group and Summer when she seeks solace in the bad company of Volchok and his crew. Ryan tries to move on with Sadie, but Seth’s concerns for Marissa get in the way. At the Newport Group, Sandy’s woes with Matt continue and Kirsten surprises Seth with a night out.",https://www.slaughterhousecam.com/episode/the-o-c-season-3-episode-19/,The Secrets and Lies,The O.C.,Michael Fresco
30 Rock Season 2 Episode 3,"Jack hires his own private investigator to lead GE in the wrong direction so that they will not be able to find any dirt on him that might put him in a compromising position. However, when he is asked to give up his cookie jar collection, Jack finds the task too much of a challenge. Meanwhile, Angie announces that she will follow Tracy at all times to keep him in line, which Liz believes to be good until she covers for Tracy and gets on Angie’s bad side. Finally, Jenna starts to worry once she starts to lose all the weight she gained over the summer and her popularity begins to hang on the line.",https://www.slaughterhousecam.com/episode/30-rock-season-2-episode-3/,The Collection,30 Rock,Don Scardino
The O.C. Season 3 Episode 12,It’s winter break and Kaitlin Cooper has returned home from her Montecito boarding school.,https://www.slaughterhousecam.com/episode/the-o-c-season-3-episode-12/,The Sister Act,The O.C.,Ian Toynton
The O.C. Season 3 Episode 17,Ryan thinks about not inviting Marissa to his 18th birthday after their falling out but Sandy tries to get him to invite a relative. After months of avoiding telling Summer and Marissa the truth Neil and Julie tell Summer and Marissa the truth.,https://www.slaughterhousecam.com/episode/the-o-c-season-3-episode-17/,The Journey,The O.C.,Roxann Dawson
The O.C. Season 4 Episode 12,"Sandy, Ryan and Seth prepare for Kirsten’s upcoming 40th birthday party, however Kirsten learns some news that will change her life forever. Kaitlin tries to stop her mother having a secret love affair. Taylor visits a therapist and Ryan pretends that he doesnt miss her. Elsewhere Che finally learns that Seth isn’t his soulmate.",https://www.slaughterhousecam.com/episode/the-o-c-season-4-episode-12/,The Groundhog Day,The O.C.,Ian Toynton
The O.C. Season 3 Episode 7,"When the gang heads to The Bait Shop to see The Subways, Taylor’s horsing around causes a major rift between Seth and Summer. Marissa, determined to end the potentially explosive rift between Ryan and Volchok, does whatever it takes to watch out for Ryan. Meanwhile, Matt, Sandy’s Newport Group partner, goes above and beyond the call of duty when he learns he has to cut Newport Group staff.",https://www.slaughterhousecam.com/episode/the-o-c-season-3-episode-7/,The Anger Management,The O.C.,Michael Fresco
The O.C. Season 4 Episode 11,Kirsten is forced to clean up after Julie after one of the men she set up with a date experiences a medical condition. Will and his fellow band members have a bake sale so they can raise money to buy new uniforms.,https://www.slaughterhousecam.com/episode/the-o-c-season-4-episode-11/,The Dream Lover,The O.C.,Patrick R. Norris
Ray Donovan S07E09 Season 7 Episode 9,"Ray Donovan S07E09 Season 7 Episode 9 Watch Online Free in HD Quality. Ray Donovan Full Episodes Online For Free. With his back against the wall, Ray turns to Judge Scholl to clear his name with Det. Perry. Daryll is pushed to the edge by the Sullivans while Mickey continues to chase Jim’s money. Terry makes an unexpected friend at physical therapy.",https://www.slaughterhousecam.com/episode/ray-donovan-season-7-episode-9/,Bugs,Ray Donovan,
The O.C. Season 3 Episode 18,"When an old friend returns to Newport, Ryan decides to help her, which causes problems for him and Sadie. When Summer and Seth run into another rough patch Taylor tries to help them out. Sandy has to deal with more problems with the Newport Group and Marissa must deal with being alone.",https://www.slaughterhousecam.com/episode/the-o-c-season-3-episode-18/,The Undertow,The O.C.,Robert Duncan McNeill
The O.C. Season 3 Episode 8,"Ryan, Summer, Seth, and Marissa think about what they’d like to do with their lives as they compile their college applications, but they run across several obstacles; Johnny’s surfing career takes an unfortunate twist; a revealed secret complicates Julie’s friendship with Kirsten.",https://www.slaughterhousecam.com/episode/the-o-c-season-3-episode-8/,The Game Plan,The O.C.,Tate Donovan
The O.C. Season 4 Episode 7,"Chrismukkah once again returns to the Cohens. Ryan and Taylor have an accident while putting up the holiday lights and they end up in a sort of parallel universe, where all is not like it is meant to be, since Ryan does not exist. While – in the real world – everybody is worrying about them, except Taylor’s mom, they eventually manage to fix things, also thanks to a letter from the past.",https://www.slaughterhousecam.com/episode/the-o-c-season-4-episode-7/,The Chrismukk-huh?,The O.C.,Ian Toynton
The O.C. Season 4 Episode 9,Kaitlin is assigned a tutor after she presented a ruffled report to her class. Julie comes clean to Kirsten about who Frank really is. Summer and Seth continue their recent commitment despite how they really feel about it. When Ryan’s dad comes to the Cohen’s for dinner things don’t go as planned.,https://www.slaughterhousecam.com/episode/the-o-c-season-4-episode-9/,The My Two Dads,The O.C.,Michael Schultz
The O.C. Season 4 Episode 2,"Ryan and Seth go to Mexico to find Volchok, but Seth secretly phones home worried about what Ryan might do if they find him. A distraught Sandy and Kirsten decide to go after the boys and try to stop Ryan before he does something he might regret. Meanwhile, Julie and Kaitlin are forced to participate in a clothing drive at the school, and Summer and her hippie friends try to save a tree.",https://www.slaughterhousecam.com/episode/the-o-c-season-4-episode-2/,The Gringos,The O.C.,Patrick R. Norris
Power Book II: Ghost Season 1 Episode 1,"As Tariq St. Patrick begins his new life at Stansfield University, he’s torn between two worlds.",https://www.slaughterhousecam.com/episode/power-book-ii-ghost-season-1-episode-1/,The Stranger,Power Book II: Ghost,
The O.C. Season 3 Episode 22,"Graduation is just weeks away and Ryan, Seth, Summer and Marissa leave Newport to attend their respective pre-frosh orientations at UC Berkeley and Brown. While dropping the boys off at the airport, Kirsten is surprised to see Theresa and her all-too-familiar-looking baby boy. While visiting Brown, Seth runs into Anna on the quad and they instantly connect. Could this be the end of Summer and Seth? Meanwhile, Kirsten and Sandy attend a hospital benefit where Kirsten vents her frustrations and falls back into an old habit.",https://www.slaughterhousecam.com/episode/the-o-c-season-3-episode-22/,The College Try,The O.C.,Tony Wharmby
The O.C. Season 4 Episode 8,"Ryan and Taylor may be heading out on a Las Vegas road trip for New Year’s Eve, but there’s even more fun in store when Seth and Summer join them. Meanwhile Julie doesn’t trust NewMatch’s new accountant, and Sandy suspects the reason why.",https://www.slaughterhousecam.com/episode/the-o-c-season-4-episode-8/,The Earth Girls Are Easy,The O.C.,Norman Buckley
Letterkenny Season 2 Episode 2,"The hicks, skids and hockey players participate in a Letterkenny election.",https://www.slaughterhousecam.com/episode/letterkenny-season-2-episode-2/,The Election,Letterkenny,
Raised by Wolves Season 1 Episode 5,"Marcus moves forward with a plan to rescue the Mithraic children, but first he has to find them. Back at the settlement, Campion and Paul bond while on a hunting expedition with Father, and Mother attempts to learn more about her origins.",https://www.slaughterhousecam.com/episode/raised-by-wolves-2020-season-1-episode-5/,Infected Memory,Raised by Wolves (2020),Sergio Mimica-Gezzan
The Fresh Prince of Bel-Air Season 2 Episode 19,"Needing a game show partner, Will must choose between bickering friends.",https://www.slaughterhousecam.com/episode/the-fresh-prince-of-bel-air-season-2-episode-19/,Eyes on the Prize,The Fresh Prince of Bel-Air,"['Ellen Gittelsohn', 'Mattie Caruthers']"
The O.C. Season 4 Episode 14,It’s Taylor’s birthday and she hopes Ryan will tell her he loves her. She’s unsure whether she should tell him she got into Berkeley as well. Summer feels that Seth should find something in his life that he really cares about whereas Kirsten is having second thoughts about raising another child in Newport. Then the unexpected happens even though it’s been predicted.,https://www.slaughterhousecam.com/episode/the-o-c-season-4-episode-14/,The Shake Up,The O.C.,Ian Toynton
Naked and Afraid XL Season 6 Episode 9,"Watch Naked and Afraid XL Season 6 Episode 9 online full free. Naked and Afraid XL Season 6 watch online free in HD. Info: Wes and team get their third big-game kill, but the victory quickly becomes an unexpected and very dangerous medical situation. A broiling heat wave pushes temperatures to 130 degrees and tests Bulent’s ability to survive solo. Naked and Afraid XL Season 6 Episode 9 Watch Full 123Movies, GoMovies, PutLockers.",https://www.slaughterhousecam.com/episode/naked-and-afraid-xl-season-6-episode-9/,Third Times The Harm,Naked and Afraid XL,
The O.C. Season 4 Episode 16,"The Cohen family says goodbye in the series finale as the episode jumps six months after the earthquake to show the Cohens, Ryan, Taylor, Summer and the Cooper women trying to piece their lives back together. The Cohens find out that fixing up their old mansion would cost more than rebuilding it but Ryan and Seth see this as an opportunity to give Sandy and an expecting Kirsten a surprise that’ll change their lives.",https://www.slaughterhousecam.com/episode/the-o-c-season-4-episode-16/,"The End's Not Near, It's Here",The O.C.,Ian Toynton
Power Book II: Ghost Season 1 Episode 2,"Tariq St. Patrick adjusts to the changes that were prompted by a dramatic change in how his world is operated, which includes the death of his father and his mother confronting murder charges for a crime that her son was responsible for.",https://www.slaughterhousecam.com/episode/power-book-ii-ghost-season-1-episode-2/,Exceeding Expectations,Power Book II: Ghost,
3rd Rock from the Sun Season 5 Episode 20,"It’s a nice day and Dick doesn’t want to be stuck in the workplace, so he decides to do something that he thinks has never been done before – fake a sick day. Mary soon finds out what he’s up to and decides to join him, and the pair run into Strudwick, who is doing the same thing. Meanwhile, Sally, Harry and Tommy find a police scanner that Don has left lying around and begin listening to a woman named Andrea’s phone conversations. Things take an interesting twist, however, when Harry begins dating her.",https://www.slaughterhousecam.com/episode/3rd-rock-from-the-sun-season-5-episode-20/,Dick Solomon's Day Off,3rd Rock from the Sun,
The O.C. Season 3 Episode 15,Kaitlin prepares herself to head back to school. Ryan has doubts about his relationship with Marissa after helping out Sadie. Kirsten and Julie make plans for a Valentine’s Day party.,https://www.slaughterhousecam.com/episode/the-o-c-season-3-episode-15/,The Heavy Lifting,The O.C.,Ian Toynton
3rd Rock from the Sun Season 3 Episode 23,"An eccentric new professor (John Cleese) has arrived at Pendleton University and Dick is quick to befriend him; he soon becomes annoyed when Dr. Neesam appears to be able to do everything better than he can, and becomes a rival for Mary’s affections. Sally becomes concerned that Officer Don has lost interest in her after hearing a woman tell him he was “great last night”, so Mrs. Dubcek convinces her to disguise herself and follow him around.",https://www.slaughterhousecam.com/episode/3rd-rock-from-the-sun-season-3-episode-23/,Dick And The Other Guy (Part 2),3rd Rock from the Sun,
The O.C. Season 4 Episode 6,Kaitlin takes down the school mean girl by throwing a rager at her house. Sandy and Kirsten find time to bond with Ryan while Seth is away visiting Summer at Brown but all he finds is an empty dorm room. Meanwhile Julie continues work on the dating service and finds out a new surprise.,https://www.slaughterhousecam.com/episode/the-o-c-season-4-episode-6/,The Summer Bummer,The O.C.,Michael Lange
The O.C. Season 3 Episode 10,Chrismukkah has returned to the Cohen house and Seth suggests to have a Bar Mitzvah to Ryan to raise money for Johnny’s knee surgery after his accident but Ryan then pulls out after seeing Johnny and Marissa get too close.,https://www.slaughterhousecam.com/episode/the-o-c-season-3-episode-10/,The Chrismukkah Bar-Mitzvahkkah,The O.C.,Ian Toynton
Nikita Season 1 Episode 12,"Now an agent, Alex gets a new apartment and is given a cover job. She meets her new neighbor Nathan who invites her to a party at his house. Nikita warns Alex about getting too involved with people but Alex struggles between her duties at Division and living a normal life. Nikita realizes Division has implanted a kill chip in Alex’s head and sets out to gain control of the chip. While interrogating Birkhoff, Nikita stuns Ryan by revealing a secret.",https://www.slaughterhousecam.com/episode/nikita-season-1-episode-12/,Free,Nikita,Jonathan Glassner
The Simpsons Season 23 Episode 22,"In the Season 23 finale, Lisa tries to boost her popularity by ghost writing positive things about herself on the school blog. The effort fails miserably, until a psychic force tells Lady Gaga (who provides her own voice) that Lisa needs her help.",https://www.slaughterhousecam.com/episode/the-simpsons-season-23-episode-22/,Lisa Goes Gaga,The Simpsons,Chuck Sheetz
The O.C. Season 3 Episode 16,"When Ryan and Sadie go on a road trip to search for one of Johnny’s relatives they end up in Ryan’s old neighborhood in Chino, which brings the two closer together. While the two are away Marissa is implicated in Johnny’s death and Seth and Summer learn the truth about Julie and Dr. Roberts new secret.",https://www.slaughterhousecam.com/episode/the-o-c-season-3-episode-16/,The Road Warrior,The O.C.,Michael Fresco
Lovecraft Country Season 1 Episode 5,"After making a devil’s bargain with William, Ruby steps into the charmed shoes of a white woman, but her transformation only fortifies her resentment of the racial divide. A betrayal by Montrose unleashes Atticus’ pent up rage, leaving Leti deeply disturbed and sending Montrose into the comforting arms of his secret lover.",https://www.slaughterhousecam.com/episode/lovecraft-country-season-1-episode-5/,Strange Case,Lovecraft Country,Cheryl Dunye
