0,1,honorificSuffix
Dr Iain Grant,"Senior Clinician, Medical Oncology & Research",BVSc DipACVIM MRCVS
Dr Guillaume Leblond,"Senior Surgeon, Neurology",DVM DVSc DipACVIM MRCVS
Fiona Taylor,Inpatient Physiotherapist,BSc (Hons) MCSP HCPC MSc Vet Phys ACPAT catA
Dr Miguel Solano,"Senior Surgeon, Orthopaedics",DVM DipECVS MRCVS
Charlotte Baldwyn,Chartered Physiotherapist,"MCSP, MSc vet phys, ACPAT CAT A"
Heidi Ferasin,RCVS Advanced Practitioner in Veterinary Cardiology,BVSc CertVC MRCVS
Professor Clare Rusbridge,Chief of Neurology,BVMS (Hons) PhD DECVN FRCVS
Dr James Guthrie,"Senior Surgeon, Orthopaedics",BVM&S CertAVP (GSAS) DipECVS MRCVS
Magda Gerou-Ferriani,"Senior Clinician, Internal Medicine",DVM CertSAM Dip ECVIM-CA MRCVS
Dr Jonathan Bray,"Senior Clinician, Oncologic & Soft Tissue Surgery & Research",BVSc MVSc MSc(ClinOnc) MACVSc CertSAS DiplECVS MRCVS
Gerard McLauchlan,"Senior Clinician, Interventional Radiology",BVMS DipECVIM-CA FHEA MRCVS
Dr Sarah Girling,"Senior Surgeon, Orthopaedics",BSc BVSc CertSAS DipECVS MRCVS
Dr Quentin Fournier,"Senior Clinician, Medical Oncology",DVM Dipl. ECVIM-CA (Oncology) MRCVS
Sérgio Guilherme,"Senior Clinician, Radiology",LMV MRCVS
Susan Murphy,"Senior Surgeon, Orthopaedics",MVB DipECVS MRCVS
Dr Luca Ferasin,EBVS® & RCVS Specialist in Veterinary Cardiology,DVM PhD CertVC PGCert(HE) DipECVIM-CA (Cardiology) GPCert(B&PS) FRCVS
Padraig Egan,"Senior Surgeon, Orthopaedics",BVM&S CertAVP (GSAS) DipECVS MRCVS
Fiona Doubleday,Chartered Physiotherapist & Rehabilitation Team Leader,BSc (Hons) MCSP SRP ACPAT CAT A
