0,genre,keywords,ratingValue,ratingCount,datePublished,actor,creator,bestRating
Watch Metamorphosis Blue-ray Streaming Online,"['Comedy', 'Documentary']","['psychedelics', 'healing process', 'amazon rainforest', 'ayahuasca']",0.0,0.0,2009-08-03,Hamilton Souther,Mono Blanco Films,10.0
Watch The Danish Girl Blue-ray Streaming Online,"['Comedy', 'Drama']","['paris, france', 'copenhagen, denmark', 'lgbt', 'based on novel or book', 'transsexual', 'surgery', 'artist', '1920s', 'painter', 'denmark', 'art']",7.6,4540.0,2015-08-03,"['Nicola Sloane', 'Cosima Shaw', 'Eddie Redmayne', 'Matthias Schoenaerts', 'Holly Weston', 'Rebecca Clay', 'Sonya Cullingford', 'Peter Krag', 'Jake Graf', 'Issy van Randwyck', 'Sebastian Koch', 'Aisha Fabienne Ross', 'Angela Curran', 'Henry Pettigrew', 'Miltos Yerolemou', 'Adrian Schiller', 'Richard Dixon', 'Rebecca Root', 'Victoria Emslie', 'Philip Arditti', 'Raphael Acloque', 'Maya Lindh', 'Paul Bigley', 'Alexander Devrient', 'Alicia Vikander', 'Claus Bue', 'Tusse Silberg', 'Sophie Kennedy Clark', 'Clare Fettarappa', 'Pixie', 'Erich Redman', 'Pip Torrens', 'Eleanor Hafner', 'Nicholas Woodeson', 'Ben Whishaw', 'Amber Heard', 'Nancy Crane', 'Emerald Fennell']","['Copenhagen Film Fund', 'Shelter Productions', 'Taxshelter. be', 'Pretty Pictures', 'Artémis Productions', 'ReVision Pictures', 'Senator Global Productions', 'Working Title Films', 'Le Tax Shelter du Gouvernement Fédéral de Belgique', 'Kvinde Films']",10.0
Watch The Bounty Blue-ray Streaming Online,"['Comedy', 'Action, Drama, History', 'History', 'Drama', 'Action']","['sailor', 'sea', 'whipping', 'exotic island', 'pregnancy', '18th century', 'ship', 'murder', 'based on a true story', 'native peoples', 'mutiny', 'storm at sea', 'british sailor', 'fiji', 'great barrier reef', 'lake', 'tahiti', 'sailing']",6.7,295.0,1984-08-03,"['Simon Adams', 'Malcolm Terris', 'Edward Fox', 'Dexter Fletcher', 'Philip Martin Brown', 'John Sessions', 'Bernard Hill', 'Tavana', 'Tevaite Vernette', 'Jon Gadsby', 'Wi Kuki Kaa', 'Anthony Hopkins', 'Mary Kauila', 'Andrew Wilde', 'Brendan Conroy', 'Jack May', 'Laurence Olivier', 'Sharon Bower', 'Liam Neeson', 'Daniel Day-Lewis', 'Pete Lee-Wilson', 'Phil Davis', 'Richard Graham', 'Steve Fletcher', 'Mel Gibson', 'Barry Dransfield', 'Simon Chandler', 'Neil Morrissey']",Dino De Laurentiis Company,10.0
Watch Kannum Kannum Kollaiyadithaal Blue-ray Streaming Online,"['Comedy', 'Comedy, Romance, Drama', 'Drama', 'Romance']",,6.4,35.0,2020-08-03,"['Ramdoss', 'Gautham Vasudev Menon', 'Johnny Lever', 'Ritu Varma', 'Rakshan', 'Dulquer Salmaan', 'Mohit Raina', 'Saurabh Shukla', 'Niranjani Ahathian', 'Paresh Rawal', 'Kovai Sarala']","['Anto Joseph Film Company', 'Viacom 18 Motion Pictures']",10.0
Watch Once Upon a Time in China II Blue-ray Streaming Online,"['Comedy', 'Action', 'Action, Comedy']","['sect', 'martial arts', 'martial arts master', 'congress', 'colonisation', 'china', 'kung fu', 'kung fu master']",7.3,137.0,1992-08-03,"['Kent Chow Shu-Gei', 'Leung Yat-Ho', 'Rosamund Kwan', 'Dion Lam', 'Paul Fonoroff', 'Max Mok Siu-Chung', 'David Chiang', 'Joe Chu Kai-Sang', 'Yen Shi-Kwan', 'William Ho Ka-Kui', 'Xiong Xin-Xin', 'Donnie Yen', 'Jet Li', 'Michael Miller', 'Zhang Tie-Lin']","['Orange Sky Golden Harvest', 'Film Workshop', 'Paragon Films Ltd.']",10.0
Watch The Spiderwick Chronicles Blue-ray Streaming Online,"['Comedy', 'Drama', 'Adventure', 'Fantasy', 'Adventure, Family, Fantasy, Drama', 'Family']","['goblin', 'parent child relationship', 'sibling relationship', 'fairy', 'based on young adult novel', 'single mother', 'magical creature', 'hidden truth', 'alternate reality', 'family relationships']",6.5,1779.0,2008-08-03,"['David Strathairn', 'Joan Plowright', 'Andrew McCarthy', 'Sarah Bolger', 'Nick Nolte', 'Martin Short', 'Seth Rogen', 'Mary-Louise Parker', 'Tyler Patrick Jones', 'Ron Perlman', 'Freddie Highmore', 'Lise Durocher-Viens']","['Paramount', 'The Kennedy/Marshall Company']",10.0
Watch The Last Emperor Blue-ray Streaming Online,"['Comedy', 'History', 'Drama', 'Drama, History']","['drug addiction', ""coup d'etat"", 'war crimes', 'isolation', 'japanese occupation of china', '1940s', 'suicide attempt', 'revolution', 'autobiography', 'suicide', 'based on a true story', 'teacher', '1920s', 'opium', 'dowager', 'reeducation camp', 'experiment', 'arranged marriage', 'biography', 'beijing, china', 'war on drugs', 'emperor', 'war', '1950s', 'lgbt interest', 'china', 'world war ii', 'dynasty', 'decadence', 'communism', '1930s', 'becoming an adult', 'manchuria', '1910s', 'buddhism']",7.6,944.0,1987-08-03,"['Dennis Dun', 'John Lone', 'Ric Young', 'Vivian Wu', 'Henry O', 'Biao Wang', 'Glen Murphy', 'Constantine Gregory', 'Yu Li', 'Ryuichi Sakamoto', 'Joan Chen', 'Ruocheng Ying', 'Daxing Zhang', 'Cary-Hiroyuki Tagawa', 'Chen Kaige', 'Richard Vuu', 'Fumihiko Ikeda', 'Hideo Takamatsu', 'Shu Chen', ""Peter O'Toole"", 'Cai Hongxiang', 'Basil Pao', 'Tsou Tijger', 'Lisa Lu', 'Maggie Han', 'Victor Wong', 'Tianmin Zhang', 'Tao Wu', 'Jade Go', 'Shi Liang']","['Soprofilms', 'Yanco', 'Hemdale Film Corporation', 'Recorded Pictures Company', 'TAO Film']",10.0
Watch Mayhem Blue-ray Streaming Online,"['Comedy', 'Horror', 'Action', 'Action, Comedy, Horror']","['violence', 'quarantine', 'office', 'fired from the job', 'drugs', 'police', 's.w.a.t.', 'cocaine', 'business consultant', 'scissors', 'virus', 'murder']",6.3,344.0,2017-08-03,"['Steven Yeun', 'Nikola Kent', 'Kerry Fox', 'Bojan Perić', 'Samara Weaving', 'Vladimir Aleksić', 'Dallas Roberts', 'André Eriksen', 'Steven Brand', 'Olja Hrustic', 'Lucy Chappell', 'Mark Frost', 'Claire Dellamar', 'Annamaria Serda', 'Scott Alexander Young', 'Caroline Chikezie', 'Jovana Prosenik', 'Nina Seničar']","['Royal Viking Entertainment', 'Circle of Confusion']",10.0
Watch Curse of the Golden Flower Blue-ray Streaming Online,"['Comedy', 'Drama', 'Action', 'Fantasy', 'Action, Drama, Fantasy']","['swordplay', 'heir to the throne', 'secret love', 'poison', 'battle for power', 'passion', 'plan', 'martial arts', 'conspiracy of murder', '7th century', 'china', 'tang dynasty', 'fight', 'secret society', 'palace', 'marriage crisis', 'planned murder', 'toxication', 'pomp', 'power']",6.7,455.0,2006-08-03,"['Chen Jin', 'Liu Ye', 'Qin Junjie', 'Ni Dahong', 'Li Man', 'Jay Chou', 'Gong Li', 'Chow Yun-Fat']","['Beijing New Picture Film Co. Ltd.', 'Edko Films Ltd.']",10.0
Watch Star Trek Blue-ray Streaming Online,"['Comedy', 'Adventure', 'Science Fiction', 'Action', 'Science Fiction, Action, Adventure']","['black hole', 'futuristic', 'teleportation', 'based on tv series', 'time travel', 'warp speed', 'spacecraft', 'supernova', 'parachute', 'alternate reality', 'san francisco, california', 'reboot', 'child driving car', '23rd century', 'space', 'space opera', 'unlikely friendship', '24th century', 'warp engine', 'space mission', 'prequel', 'romulans']",7.4,7397.0,2009-08-03,"['Eric Bana', 'Faran Tahir', 'Kelvin Yu', 'Randy Pausch', 'Douglas Tait', 'Tavarus Conley', 'Bruce Greenwood', 'Cody Klop', 'Sean Gerace', 'Anna Katarina', 'Zoe Saldana', 'Bob Clendenin', 'Lorenzo James Henrie', 'Kasia Kowalczyk', 'Zoe Chernov', 'Jason Brooks', 'Tony Elias', 'Freda Foh Shen', 'Gerald W. Abrams', 'Clifton Collins Jr.', 'Simon Pegg', 'Karl Urban', 'Chris Pine', 'Max Chernov', 'Marta Martin', 'Sonita Henry', 'Jason Matthew Smith', 'Spencer Daniels', 'Winona Ryder', 'Colby Paul', 'Jeremy Fitzgerald', 'Jacob Kogan', 'Jeff Castle', 'Marcus Young', 'Akiva Goldsman', 'Jennifer Morrison', 'Darlena Tejeiro', 'Billy Brown', 'Chris Hemsworth', 'Ben Cross', 'Tony Guma', 'Zachary Quinto', 'Rachel Nichols', 'Greg Grunberg', 'John Cho', 'Anton Yelchin', 'Leonard Nimoy', 'Tim Griffin', 'James McGrath', 'Jimmy Bennett']","['MavroCine Pictures GmbH & Co. KG', 'Paramount', 'Bad Robot', 'Spyglass Entertainment']",10.0
Watch The Incredibles Blue-ray Streaming Online,"['Comedy', 'Animation', 'Action, Adventure, Animation, Family', 'Adventure', 'Action', 'Family']","['secret', 'family relationships', 'weapon', 'super power', 'island', 'superhero family', 'secret identity', 'superhero', 'lawsuit', 'hero', 'wretch', '1950s', '1960s']",7.7,12997.0,2004-08-03,"['Wayne Canney', 'Elizabeth Greenberg', 'Lori Richardson', 'Louis Gonzales', 'Jazzie Mahannah', 'Juliet Greenberg', 'Billy Guardino', 'Emmy Clarke', 'Stephen Schaffer', 'Elizabeth Peña', 'Brad Bird', 'Sarah Vowell', 'Holly Hunter', 'A.J. Riebli III', 'Lou Romano', 'Frank Thomas', 'Teddy Newton', 'Pamela Gaye Walker', 'Randy Nelson', 'Dominique Louis', 'Jeff Pidgeon', 'Wallace Shawn', 'Bud Luckey', 'Patrick Walker', 'Samuel L. Jackson', 'Brad Lewis', 'Nicholas Bird', 'Louis Martin Braga III', 'Kimberly Adair Clark', 'Maeve Andrews', 'Mark Andrews', 'Spencer Fox', ""Dennis 'D.J.' Jennings"", 'Peter Sohn', 'Bob Scott', 'Jean Sincere', 'Bob Peterson', 'Pete Docter', 'Michael Bird', 'Craig T. Nelson', 'Andrew Stanton', ""Bret 'Brook' Parker"", 'Ted Mathot', 'Eli Fucile', 'Jason Lee', 'John Ratzenberger', 'Ollie Johnston', 'Katherine Ringgold', 'Joe Ranft', 'Juliet Pokorny']","['Pixar', 'Walt Disney Pictures']",10.0
Rachael Ray (2020),Talk,,5.9,17.0,,Rachael Ray,,10.0
Watch The Mothman Prophecies Blue-ray Streaming Online,"['Drama, Horror, Mystery', 'Comedy', 'Mystery', 'Drama', 'Horror']","['mothman', 'west virginia', 'urban legend', 'bridge', 'warning', 'dream', 'tumor', 'small town', 'premonition', 'car wreck', 'hospital', 'chemical plant', 'death of wife', 'motel', 'mysterious events', 'psychic', 'alien life-form', 'based on novel or book', 'telephone call', 'hallucination', 'reporter']",6.1,684.0,2002-08-03,"['Ann McDonough', 'Susan Nicholas', 'Murphy Dunne', 'Tom Stoviak', 'Doug Korstanje', 'Betsy Zajko', 'Matt Miller', 'Mark Pellington', 'Elizabeth Cazenave', 'Lucinda Jenney', 'Jennifer Martin', 'Laura Linney', 'David Eigenberg', 'Yvonne Erickson', 'Christin Frame', 'Tim Hartman', 'Bill Laing', 'Richard Gere', 'Bob Tracey', 'Rohn Thomas', 'Josh Braun', 'Debra Messing', 'Alan Bates', 'Harris Mackenzie', 'Sam Nicotero', 'Pete Handelman', 'Dan Callahan', 'Ron Emanuel', 'Zachary Mott', 'Scott Nunnally', 'Nesbitt Blaisdell', 'Tom Tully', 'Shane Callahan', 'Will Patton']","['Screen Gems', 'Lakeshore Entertainment']",10.0
Watch Maze Runner: The Death Cure Blue-ray Streaming Online,"['Comedy', 'Science Fiction', 'Action, Science Fiction', 'Action']","['mad scientist', 'based on young adult novel', 'shooting', 'killer', 'scientist', 'runner', 'trial', 'labyrinth', 'sequel', 'zombie apocalypse', 'combat', 'universal cure', 'vaccine', 'terminal illness', 'fight', 'post-apocalyptic future', 'survival', 'murder', 'battle', 'cure', 'desert', 'zombie', 'city', 'based on novel or book', 'imprisonment', 'doctor', 'illness', 'maze']",7.1,5096.0,2018-08-03,"['Will Poulter', 'Greg Kriek', 'Dale Jackson', 'Liza Scholtz', 'Jake Curran', ""Dylan O'Brien"", 'Paul du Toit', 'Ki Hong Lee', 'Nathan Barris', 'Jacob Lofland', 'Barry Pepper', 'Rosa Salazar', 'Paul Lazenby', 'Katherine McNamara', 'Drikus Volschenk', 'Armando De Leca', 'Thomas Brodie-Sangster', 'Fiona Ramsay', 'Dylan Kriek', 'Nathalie Emmanuel', 'Paul Hampshire', 'Clayton Evertson', 'Dexter Darden', 'Giancarlo Esposito', 'Walton Goggins', 'Kaya Scodelario', 'Bart Fouche', 'Aidan Gillen', 'Patricia Clarkson', 'Kazi Maubert', 'Parm Soor', 'Emily Child', 'Shai Lun Choo', 'Dylan Smith', 'Scot Cooper']","['Gotham Group', '20th Century Fox', 'Temple Hill Entertainment']",10.0
Watch The Mortal Instruments: City of Bones Blue-ray Streaming Online,"['Comedy', 'Mystery', 'Fantasy, Action, Mystery', 'Action', 'Fantasy']","['angel', 'based on novel or book', 'based on young adult novel', 'werewolf', 'downworlder', 'shadowhunter', 'warlock', 'demon hunter', 'vampire']",6.4,3580.0,2013-08-03,"['Aidan Turner', 'Pedro Miguel Arce', 'Jemima West', 'Matthew Cheng', 'Robert Maillet', 'Carlos Gonzalez-Vio', 'Melantha Blackthorne', 'Adam Bogen', 'Bonnie Siu', 'Harry Van Gorkum', 'CCH Pounder', 'Chad Connell', 'Jerry A. Ziler', 'Andre Givogue', 'Jonathan Rhys Meyers', 'Kevin Durand', 'Elyas M’Barek', 'Chris Ratz', 'Lily Collins', 'Christopher Maleki', 'Gregory Terlecki', 'Robert Sheehan', 'Stephen R. Hart', 'Jared Harris', 'Lena Headey', 'Kevin Zegers', 'Jonathan Seinen', 'Godfrey Gao', 'Jamie Campbell Bower']","['Don Carmody Productions', 'Constantin Film', 'Screen Gems', 'Mister Smith Entertainment', 'Unique Features']",10.0
Watch Spring Breakers Blue-ray Streaming Online,"['Comedy', 'Crime', 'Drama', 'Drama, Crime']","['party', 'spring break', 'female friendship', 'florida', 'drugs', 'young adult', 'drug dealer', 'art house']",5.2,3009.0,2013-08-03,"['Karleigh Chase', 'Vivian Fleming-Alvarez', 'Nicole Paris Williams', 'Dave Kramer', 'Gucci Mane', 'Sidney Sewell', 'Lauren Vera', 'Ken Anthony II', 'Kathryn Trail', 'Dayton Sinkia', 'Selena Gomez', 'Lee Irby', 'Jimmy Star', 'Josh Randall', 'Mattox Gardner', 'Anthony J. James', 'Russell Curry', 'James Franco', 'Ashley Benson', 'Emma Holzer', 'Benjamin Weaver', 'Erik Anthony Russo', 'Paige Anderson', 'Heather Morris', 'Tony Robinette', 'Travis Duncan', 'Rod Grant', 'Rachel Korine', 'Ash Lendzion', 'Megan Russell', 'Vanessa Hudgens', 'Tom Franco', 'Rebecca Kauffman', 'Jeff Jarrett', 'John McClain', 'Thurman Sewell']","[""O' Salvation"", 'Radar Pictures', 'Rabbit Bandini Productions', 'Muse Productions', 'MJZ', 'Iconoclast', 'Pop Films', 'Division Films']",10.0
Watch What's Eating Gilbert Grape Blue-ray Streaming Online,"['Comedy', 'Romance', 'Romance, Drama', 'Drama']","['sibling relationship', 'iowa', 'obesity', 'based on novel or book', 'mentally disabled', 'single mother', 'dysfunctional family', 'mentally handicapped child', 'widow', 'grocery store']",7.7,2511.0,1993-08-03,"['Susan Loughran', 'Johnny Depp', 'Damian Tamburro', 'Mark Jordan', 'Robert B. Hedges', 'Brady Coleman', 'Tim Simek', 'Penelope Branning', 'David H. Kramer', 'John C. Reilly', 'Libby Villari', 'Cameron Finley', 'Nicholas Stojanovich', 'Joe Stevens', 'Darlene Cates', 'George Haynes', 'David Stanford', 'Mary Steenburgen', 'Tim Green', 'Daniel Gullahorn', 'Leonardo DiCaprio', 'Juliette Lewis', 'Brent Bratton', 'Buck Reynolds', 'Kay Bower', 'Kevin Tighe', 'Laura Harrington', 'Crispin Glover', 'Mona Lee Fultz', 'Kirk Hunter', 'Mary Kate Schellhardt']","['Paramount', 'J&M Entertainment']",10.0
Watch The Twilight Saga: Breaking Dawn - Part 1 Blue-ray Streaming Online,"['Comedy', 'Adventure, Fantasy, Romance', 'Adventure', 'Romance', 'Fantasy']","['supernatural creature', 'based on novel or book', 'based on young adult novel', 'werewolf', 'dead', 'duringcreditsstinger', 'vampire']",6.1,6401.0,2011-08-03,"['Alex Rice', 'Angelo Renai', 'Caitlin Mooney-Fu', 'Sebastião Lemos', 'Justin Chon', 'Chaske Spencer', 'Charlie Bewley', 'Stephenie Meyer', 'Tinsel Korey', 'MyAnna Buring', 'Michael Welch', 'Elizabeth Reaser', 'Julia Jones', 'Ali Faulkner', 'Dakota Fanning', 'Alex Meraz', 'Billy Burke', 'Casey LaBow', 'Bronson Pelletier', 'Kiowa Gordon', 'Tyson Houseman', 'Kristen Stewart', 'Mía Maestro', 'Jackson Rathbone', 'Booboo Stewart', 'Christopher Heyerdahl', 'Kellan Lutz', 'Peter Facinelli', 'Gil Birmingham', 'Michael Sheen', 'Robert Pattinson', 'Nikki Reed', 'Christian Serratos', 'Anna Kendrick', 'Tanaya Beatty', 'Swo-wo Gabriel', 'Brayden Jimmie', 'Christian Camargo', 'Sienna Joseph', 'Taylor Lautner', 'Sarah Clarke', 'Maggie Grace', 'Carolina Virguez', 'Mackenzie Foy', 'Ty Olsson', 'Ashley Greene', 'Jamie Campbell Bower', 'Daniel Cudmore']","['TSBD Productions', 'Summit Entertainment', 'Sunswept Entertainment', 'TSBD Canada Productions', 'Total Entertainment', 'TSBD Louisiana', 'Temple Hill Entertainment']",10.0
Watch Margin Call Blue-ray Streaming Online,"['Comedy', 'Thriller, Drama', 'Drama', 'Thriller']","['financial crisis', 'capitalism', 'stock market crash', 'wall street', '21st century', 'investment', 'stock market', 'investment banker', 'downsizing', 'brokerage']",6.8,1050.0,2011-08-03,"['Paul Bettany', 'Mary McDonnell', 'Demi Moore', 'Penn Badgley', 'Kevin Spacey', 'Zachary Quinto', 'Susan Blackwell', 'Aasif Mandvi', 'Maria Dizzia', 'Ashley Williams', 'Stanley Tucci', 'Simon Baker', 'Jeremy Irons']","['Untitled Entertainment', 'Washington Square Films', 'Before the Door Pictures', 'Benaroya Pictures']",10.0
Watch Avengers: Endgame Blue-ray Streaming Online,"['Comedy', 'Adventure, Science Fiction, Action', 'Science Fiction', 'Action', 'Adventure']","['final battle', 'time machine', 'sequel', 'iron man', 'alien invasion', 'alternate timeline', 'time travel', 'sister sister relationship', 'avengers endgame', 'father daughter relationship', 'based on comic', 'marvel cinematic universe', 'superhero team', 'space travel', 'avengers']",8.3,15167.0,2019-08-03,"['Tilda Swinton', 'Michelle Pfeiffer', 'William Hurt', 'Winston Duke', 'Marisa Tomei', 'Robert Downey Jr.', 'Danai Gurira', 'Jeremy Renner', 'Zoe Saldana', 'Pom Klementieff', 'Karen Gillan', 'Bradley Cooper', 'Brie Larson', 'Sean Gunn', 'Chris Pratt', 'Jon Favreau', 'Angela Bassett', 'Linda Cardellini', 'Josh Brolin', 'Rene Russo', 'Emma Fuhrmann', 'Sebastian Stan', 'Maximiliano Hernández', 'Evangeline Lilly', 'Don Cheadle', 'Tom Holland', 'Robert Redford', 'Hayley Atwell', 'Samuel L. Jackson', 'Anthony Mackie', 'Gwyneth Paltrow', 'Elizabeth Olsen', 'Vin Diesel', 'Letitia Wright', 'Tessa Thompson', 'Chris Evans', 'Benedict Wong', 'Mark Ruffalo', 'Scarlett Johansson', 'John Slattery', 'Taika Waititi', 'Paul Rudd', 'Dave Bautista', 'Chris Hemsworth', 'Michael Douglas', 'Tom Hiddleston', 'Natalie Portman', 'Benedict Cumberbatch', 'Chadwick Boseman', 'Cobie Smulders']",Marvel Studios,10.0
Watch Kung Fu Hustle Blue-ray Streaming Online,"['Comedy', 'Action', 'Crime', 'Fantasy', 'Action, Comedy, Crime, Fantasy']","['martial arts', 'canton', '1940s', 'anarchic comedy', 'policeman', 'defense', 'mafia', 'kung fu', 'gangster', 'magic']",7.3,1634.0,2004-08-03,"['Feng Xiaogang', 'Jia Kang-Xi', 'Yuen Wah', 'Yuen Qiu', 'Dung Chi-Wa', 'Lam Tze-chung', 'Tenky Tin Kai-Man', 'Stephen Chow', 'Chiu Chi-Ling', 'Lam Suet', 'Danny Chan Kwok-Kwan', '释彦能', 'Jazz Lam', 'Eva Huang', 'Yuen Cheung-Yan', 'Fung Hak-On', 'Kai Shi Chen', 'Bruce Leung Siu-Lung']","['Star Overseas', 'China Film Co-Production Corporation']",10.0
Watch Austin Powers: The Spy Who Shagged Me Blue-ray Streaming Online,"['Comedy', 'Adventure, Comedy, Crime, Science Fiction', 'Adventure', 'Science Fiction', 'Crime']","['cat', 'time travel', 'space marine', 'android', 'u.s. president', 'car journey', 'laser gun', 'cia', 'spy', 'moon', 'car', 'showdown', 'supermodel', 'aftercreditsstinger', 'exotic island', 'undercover', 'single', 'clone', 'saving the world', 'submarine', 'nasa', 'duringcreditsstinger']",6.2,2255.0,1999-08-03,"['Tim Bagley', 'Willie Nelson', 'Kristen Johnston', 'Burt Bacharach', 'Woody Harrelson', 'Kirk Ward', 'Jennifer Coolidge', 'Tony Jay', 'Michael York', 'George Cheung', 'Fred Willard', 'Tim Robbins', 'Mindy Sterling', 'Clint Howard', 'Oliver Muirhead', 'Charles Napier', 'Jeanette Miller', 'Robert Wagner', 'Faune Chambers', 'John Mahon', 'Rob Lowe', 'Douglas Fisher', 'Kevin Durand', 'Jeff Garlin', 'Verne Troyer', 'Heather Graham', 'Brian Hooks', 'Mike Hagerty', 'Seth Green', 'Steve Eastin', 'Michael McDonald', 'Elvis Costello', 'Alison Faulk', 'David Koechner', 'Rebecca Romijn', 'Will Ferrell', 'Mike Myers', 'Scott Cooper', 'Jack Kehler', 'Jerry Springer', 'Kevin Cooney', 'Mary Jo Smith', 'Muse Watson', 'Elizabeth Hurley', 'Gia Carides']","[""Eric's Boy"", 'New Line Cinema']",10.0
Watch Cruel Intentions Blue-ray Streaming Online,"['Comedy', 'Romance', 'Drama', 'Drama, Romance']","['virgin', 'sibling relationship', 'love letter', 'bet', 'seduction', 'sadistic', 'addiction', 'psychotherapy', 'drug abuse', 'cynic', 'sexual obsession', 'private school', 'cocaine', 'manipulation', 'love', 'innocence', 'upper class']",6.7,2060.0,1999-08-03,"['Joshua Jackson', 'Sarah Michelle Gellar', 'Reese Witherspoon', 'Swoosie Kurtz', 'Louise Fletcher', 'Drew Snyder', 'Fred Norris', 'Phil Hawn', 'Hiep Thi Le', 'Alaina Reed Hall', 'Ginger Williams', 'Ryan Phillippe', 'Christine Baranski', 'Deborah Offner', 'Herta Ware', 'Eric Mabius', ""Charlie O'Connell"", 'Selma Blair', 'Tara Reid', 'Sean Patrick Thomas']","['Newmarket Capital Group', 'Columbia Pictures', 'Cruel Productions']",10.0
Watch Peninsula Blue-ray Streaming Online,"['Comedy', 'Action', 'Action, Horror, Thriller', 'Horror', 'Thriller']","['zombie', 'sequel', 'peninsula war', 'dystopia', 'busan, south korea']",7.1,518.0,2020-08-03,"['Daniel Joey Albright', 'Kim Min-jae', 'Cha Si-won', 'Lee Ye-won', 'Kang Dong-won', 'Lee Re', 'Kwon Hae-hyo', 'Koo Kyo-hwan', 'Kim Gyu-baek', 'Jang So-yeon', 'Lee Jung-hyun', 'Hwang Yeon-hui', 'Kim Do-yoon']","['Vantage Holdings', 'RedPeter Film', 'Next Entertainment World']",10.0
Q&A (2020),"News, Talk",,4.5,2.0,,Hamish Macdonald,,10.0
Watch Twitches Blue-ray Streaming Online,"['Comedy', 'Drama', 'Comedy, Drama, Family, Fantasy, TV Movie', 'TV Movie', 'Fantasy', 'Family']","['sibling relationship', 'parent child relationship', 'darkness', 'another world', 'uncle', 'sister', 'witch', 'dead father', 'mother', 'twin sister', 'magic', 'adoption']",6.5,306.0,2007-08-03,"['Pat Kelly', 'Kristen Wilson', 'Jennifer Robertson', 'Kathryn Haggis', 'Tia Mowry', 'Natalie Krill', 'Arnold Pinnock', 'Jessica Feliz', 'Jackie Rosenbaum', 'Karen Holness', 'Jessica Greco', 'David Ingram', 'Albert Howell', 'Patrick Fabian', 'Tamera Mowry']",Disney Channel,10.0
Watch Dial M for Murder Blue-ray Streaming Online,"['Comedy', 'Crime', 'Thriller', 'Crime, Thriller']","['jealousy', 'secret', 'murder plot', 'classic', 'theft', 'london, england', 'visit', 'evidence', 'blackmail', 'keys', 'tennis player', 'husband', 'marriage', 'adultery', 'love', 'letter', 'murder', 'crime fiction writer']",8.0,1558.0,1954-08-03,"['Leo Britt', 'Forbes Murray', 'Jack Cunningham', 'Thayer Roberts', 'Sam Harris', 'Anthony Dawson', 'Ray Milland', ""William H. O'Brien"", 'Martin Milner', 'Grace Kelly', 'George Alderson', 'George Leigh', 'John Williams', 'Harold Miller', 'Guy Doleman', 'Robin Hughes', 'Patrick Allen', 'Bess Flowers', 'Robert Cummings']","['Warner Bros. Pictures', 'First National Pictures']",10.0
Watch City Hunter Blue-ray Streaming Online,"['Comedy', 'Action, Adventure, Comedy, Romance', 'Adventure', 'Action', 'Romance']","['hostage', 'martial arts', 'spoof', 'terrorist', 'boat', 'based on manga']",6.5,199.0,1993-08-03,"['Eric Kot', 'Michael Wong', 'Joey Wong', 'Ken Lo', 'Carol Wan', 'Mike Abbott', 'William Duen', 'Leon Lai', 'Chingmy Yau', 'Kenzo Hagiwara', 'Richard Norton', 'Louis Roth', 'Pal Sinn Lap-man', 'Jan Lamb', 'Jackie Chan', 'Kumiko Goto', 'Gary Daniels']","['Orange Sky Golden Harvest', 'Golden Way Films Ltd.', 'Paragon Films Ltd.']",10.0
Watch The Babadook Blue-ray Streaming Online,"['Drama', 'Horror', 'Drama, Horror', 'Comedy']","['book', 'parent child relationship', 'adelaide australia', 'self created problems', 'monster', 'woman director', 'grieving', 'single mother', 'nightmare', 'sleeplessness', 'dysfunctional family', 'death of spouse', 'self delusion', 'behavioral disorders', 'psychological horror']",6.5,4348.0,2014-08-03,"['Benjamin Winspear', 'Charlie Crabtree', 'Michelle Nightingale', 'Ethan Grabis', 'Tony Mack', 'Craig McArdle', 'Peta Shannon', 'Lotte Crawford', 'Noah Wiseman', 'Chloe Hurn', 'Jacquy Phillips', 'India Zorkovic', 'Essie Davis', 'John Maurice', 'Pippa Wanganeen', 'Tim Purcell', 'Alicia Zorkovic', 'Isla Zorkovic', 'Cathy Adamek', 'Craig Behenna', 'Michael Gilmour', 'Bridget Walters', 'Daniel Henshall', 'Hayley McElhinney', 'Sophie Allan', 'Carmel Johnson', 'Hachi', 'Lucy Hong', 'Terence Crawford', 'Adam Morgan', 'Chris Roberts', 'Barbara West', 'Stephen Sheehan', 'Sophie Riggs', 'Tiffany Lyndall-Knight', 'Annie Batten']","['Causeway Films', 'Entertainment One', 'Screen Australia', 'South Australian Film Corporation', 'Smoking Gun Productions']",10.0
Watch You've Been Trumped Blue-ray Streaming Online,"['Comedy', 'Documentary']","['tycoon', 'ruthlessness', 'environmental conservation', 'sand dune', 'citizen action', 'common good', 'environmental destruction', 'david and goliath', 'political satire', 'balmedie scotland', 'scandal', 'contempt', 'community action', 'police harassment', 'sustainable development']",6.8,25.0,2012-08-03,"['Michael Forbes', 'Anthony Baxter', 'Sheila Forbes', 'Donald Trump']",Montrose Pictures,10.0
Watch Emma Blue-ray Streaming Online,"['Comedy', 'Romance', 'Drama', 'Comedy, Drama, Romance']","['picnic', 'matchmaking', 'based on novel or book', '19th century', 'english countryside']",6.8,402.0,1996-08-03,"['Juliet Stevenson', 'Toni Collette', 'Rebecca Craig', 'Kathleen Byron', 'Phyllida Law', 'Alan Cumming', 'Denys Hawthorne', 'Brian Capron', 'Angela Down', 'Sophie Thompson', 'Lee Boardman', 'Greta Scacchi', 'Gwyneth Paltrow', 'Ewan McGregor', 'Polly Walker', 'Ruth Jones', 'Karen Westwood', 'John Franklyn-Robbins', 'Edward Woodall', 'James Cosmo', 'Jeremy Northam']","['Haft Entertainment', 'Matchmaker Films', 'Miramax']",10.0
Watch Cirque du Freak: The Vampire's Assistant Blue-ray Streaming Online,"['Comedy', 'Adventure, Fantasy, Action, Thriller', 'Adventure', 'Action', 'Fantasy', 'Thriller']","['spider', 'based on novel or book', 'best friend', 'based on young adult novel', 'wolfman', 'antidote', 'vampire']",5.7,723.0,2009-08-03,"['Kristen Schaal', 'Daniel Newman', 'Chris Massoglia', 'Michael Cerveris', 'Willem Dafoe', 'Salma Hayek', 'Ray Stevenson', 'Patrick Breen', 'John C. Reilly', 'Tom Woodruff Jr.', 'Patrick Fugit', 'Josh Hutcherson', 'Don McManus', 'Beau Holden', 'Morgan Saylor', 'Colleen Camp', 'Lo Graham', 'Frankie Faison', 'Drew Rin Varick', 'Jane Krakowski', 'Trey Burvant', 'Orlando Jones', 'Jessica Carlson', 'Ken Watanabe']",Universal Pictures,10.0
Watch The Gift Blue-ray Streaming Online,"['Comedy', 'Horror, Drama, Thriller, Mystery', 'Mystery', 'Drama', 'Horror', 'Thriller']","['violence', 'dream', 'sheriff', 'abusive husband', 'widow', 'nightmare', 'small town', 'pond', 'premonition', 'clairvoyant', 'tarot cards', 'southern gothic', 'court', 'fortune teller', 'extrasensory perception', 'backwoods']",6.4,702.0,2000-08-03,"['Hunter McGilvray', 'Giovanni Ribisi', 'Chelcie Ross', 'Rosemary Harris', 'Dallas Johnson', 'John Beasley', 'Lynnsee Provence', 'Michael Jeter', 'Yvetta Young', 'Gary Cole', 'Rebecca Koon', 'David Brannen', 'Greg Kinnear', 'Katie Holmes', 'Hilary Swank', 'Kim Dickens', 'Keanu Reeves', 'J.K. Simmons', 'Cate Blanchett']","['Alphaville Films', 'Lakeshore Entertainment']",10.0
Watch Little Women Blue-ray Streaming Online,"['Comedy', 'Romance', 'Drama', 'Drama, Romance']","['sibling relationship', 'writer', 'sister', 'usa', 'based on novel or book', 'sister sister relationship', 'massachusetts', '19th century', 'remake']",8.0,2857.0,2019-08-03,"['Florence Pugh', 'Sasha Frolova', 'Lily Gavin', 'Hadley Robinson', 'Emma Watson', 'Tony Tucker', 'Saoirse Ronan', 'Lilly Englert', 'Jayne Houdyshell', 'Harper Pilat', 'Eowyn Young', 'Tracy Letts', 'Rosario Guillen', 'Abby Quinn', 'Bill Mootos', 'Jonathon Acorn', 'Charlotte Kinder', 'David J. Curtis', 'Laura Dern', 'Emily Edström', 'Finola Weller Baldet', 'Dash Barber', 'Meryl Streep', 'Chris Cooper', ""Daniel O'Shea"", 'James Norton', 'Erin Rose', 'Edgar Damatian', 'Ana Kayne', 'Lizzie Short', 'Flannery Gregg', 'Rafael Silva', 'J.M. Davis', 'Maryann Plunkett', 'Lonnie Farmer', 'Lucy Austin', 'Jen Nikolaisen', 'Tom Kemp', 'Louis Garrel', 'Mason Alban', 'Lewis D. Wheeler', 'James J. LaBonte', 'Timothée Chalamet', 'Anthony Estrella', 'Adrianne Krstansky', 'Edward Fletcher', 'Sophia Gialloreto', 'Joanne Caidor', 'Bob Odenkirk', 'Eliza Scanlen']","['Regency Enterprises', 'Columbia Pictures', 'Sony Pictures', 'Pascal Pictures']",10.0
Watch Dolittle Blue-ray Streaming Online,"['Comedy', 'Adventure', 'Comedy, Fantasy, Adventure, Family', 'Fantasy', 'Family']","['animal', 'victorian england', 'veterinary', 'based on novel or book', 'island', 'ship', 'talking to animals', 'doctor', ""based on children's book"", 'voyage']",6.9,2074.0,2020-08-03,"['Ranjani Brow', 'Gia Davis', 'Jason Mantzoukas', 'Harry Collett', 'Robert Downey Jr.', 'Martin Pemberton', 'Jim Broadbent', 'Scott Menville', 'Jane Leaney', 'John Cena', 'Emma Thompson', 'Carmel Laniado', 'Will Arnett', 'Elliot Barnes-Worrell', 'Frances de la Tour', 'Rami Malek', 'Sid Sagar', 'Kyrie Mcalpin', 'Joseph Balderrama', 'Selena Gomez', 'Samson Kayo', 'Mark Umbers', 'Octavia Spencer', 'Daniel Hoffmann-Gill', 'Jessie Buckley', 'Sonny Ashbourne Serkis', 'Michael Sheen', 'Kumail Nanjiani', 'Jim Carretta', 'Henry Holcomb', 'Isley Zamora', 'Oliver Chris', 'Paul Holowaty', 'John-Luke Roberts', 'Matt King', 'Ralph Ineson', 'Josh Jefferies', 'Clive Francis', 'Nick Fisher', 'Tim Treloar', 'Antonio Banderas', 'Kelly Stables', 'Kasia Smutniak', 'Joanna Page', 'Craig Robinson', 'Marion Cotillard', 'Stewart Scudamore', 'Ralph Fiennes', 'David Sheinkopf', 'Tom Holland']","['Team Downey', 'Perfect World Pictures', 'RK films', 'Universal Pictures']",10.0
Watch Star Trek: Insurrection Blue-ray Streaming Online,"['Comedy', 'Science Fiction, Action, Adventure, Thriller', 'Adventure', 'Science Fiction', 'Action', 'Thriller']","['starship', 'retribution', 'alien', 'spacecraft officer', 'exploding ship', 'utopia', 'cosmos', 'space opera']",6.4,730.0,1998-08-03,"['Michael Dorn', 'Gregg Henry', 'Breon Gorman', 'Bruce French', 'Phillip Glasser', 'Michael Welch', 'Anthony Zerbe', 'Zachary Isaiah Williams', 'Larry Anderson', 'Kenneth Lane Edwards', 'Rico Bueno', 'Patrick Stewart', 'Jennifer Tung', 'Peggy Miley', 'D. Elliot Woods', 'Daniel Hugh Kelly', 'Mark Deakins', 'Rick Worthy', 'Donna Murphy', 'Raye Birk', 'Claudette Nevins', 'LeVar Burton', 'F. Murray Abraham', 'Jonathan Frakes', 'Stephanie Niznik', 'McKenzie Westmore', 'Joseph Ruskin', 'John Hostetter', 'Gates McFadden', 'Marina Sirtis', 'Greg Poland', 'Brent Spiner', 'Michael Horton']","['Paramount', 'Digital Image Associates']",10.0
Watch PLAY! A Video Game Symphony Blue-ray Streaming Online,"['Comedy', 'Music']","['live recording', 'video game', 'live performance', 'video game music']",0.0,0.0,2009-08-03,Arnie Roth,JMP Entertainment,10.0
Watch A Nightmare on Elm Street 4: The Dream Master Blue-ray Streaming Online,"['Comedy', 'Horror', 'Thriller', 'Horror, Thriller']","['resurrection', 'martial arts', 'sequel', 'dream', 'supernatural', 'diner', 'alcoholic', 'nightmare', 'high school', 'disfigurement']",5.8,798.0,1988-08-03,"['Ken Sagoes', 'Lisa Wilcox', 'Rodney Eastman', 'Kisha Brackel', 'John Beckman', 'Joie Magidow', 'Mickey Yablans', 'Jody Montana', 'Kristen Clayton', 'Tuesday Knight', 'Joanna Lipari', 'Cheryl Richardson', 'Nicholas Mele', 'Danny Hassel', 'Jeff Levine', 'Andras Jones', 'Linnea Quigley', 'Brooke Theiss', 'Richard Garrison', 'Hope Marie Carlton', 'Renny Harlin', 'Jacquelyn Masche', 'Wanda Bursey', 'Robert Shaye', 'Duane Davis', 'Robert Englund', 'Brooke Bundy', ""Pat O'Neal"", 'Toy Newkirk']",New Line Cinema,10.0
Watch Cottage Country Blue-ray Streaming Online,"['Comedy', 'Action, Comedy, Crime, Romance, Thriller', 'Action', 'Crime', 'Romance', 'Thriller']","['mushrooms', 'gore', 'canada', 'marijuana', 'comedy of errors', 'car chase', 'marriage proposal', 'pot smoking', 'lakefront', 'police', 'uninvited guest', 'disposing of a dead body', 'canoe', 'forest', 'blood', 'remote', 'ax', 'bow and arrow', 'ax murder', 'murder', 'violence', 'ontario canada', 'car accident', 'wood chopping', 'cottage']",5.0,87.0,2013-08-03,"['Earl Pastko', 'Bill Turnbull', 'Benjamin Ayres', 'Lucy Punch', 'Jim Annan', 'Tyler Labine', 'Dan Petronijevic', 'Sabrina Grdevich', 'Kenneth Welsh', 'Nancy Beatty', 'Malin Åkerman', 'Jonathan Crombie']",Whizbang Films,10.0
Watch Carrie Blue-ray Streaming Online,"['Drama', 'Horror', 'Drama, Horror', 'Comedy']","['explosion', 'violence', 'religion', 'telekinesis', 'prank', 'prom', 'based on novel or book', 'teenager', 'woman director', 'revenge', 'high school', 'humiliation', 'remake', 'murder', 'power']",6.0,3273.0,2013-08-03,"['Kyle Mac', 'Max Topplin', 'Mouna Traoré', 'Demetrius Joyette', 'Jefferson Brown', 'Ansel Elgort', 'Philip Nozuka', 'Barry Shabaka Henley', 'Portia Doubleday', 'Eddie Max Huband', 'Evan Gilchrist', 'Chloë Grace Moretz', 'Samantha Weinstein', 'Katie Strain', 'Derek McGrath', 'Arlene Mazerolle', 'Michelle Nolden', 'Karissa Strain', 'Alex Russell', 'Connor Price', 'Julianne Moore', 'Cynthia Preston', 'Judy Greer', 'Zoë Belkin', 'Tyler Rushton', 'Christopher Britton', 'Gabriella Wilde']","['Screen Gems', 'Metro-Goldwyn-Mayer', 'Misher Films']",10.0
Watch Big Stan Blue-ray Streaming Online,Comedy,"['prison life', 'martial arts', 'gang', 'cons and scams', 'slapstick', 'corruption', 'fraud', 'anti hero', 'prison']",6.1,436.0,2007-08-03,"['Jennifer Morrison', 'Marcia Wallace', 'Henry Gibson', 'David Carradine', 'Buddy Lewis', 'Bob Sapp', 'M. Emmet Walsh', 'Scott Wilson', 'Dan Haggerty', 'Olivia Munn', 'Brandon T. Jackson', 'Richard Kind', 'Richard Riehle', 'Kevin Gage', 'Rob Schneider', 'Sally Kirkland', 'Chris Moss', 'Jackson Rathbone']","['Silver Nitrate', 'From Out of Nowhere Productions', 'Crystal Sky Pictures', 'Big Stan Productions', 'Chicago Entertainment Partners']",10.0
Watch Head Under Water Blue-ray Streaming Online,"['Comedy', 'Comedy, Thriller, Drama', 'Drama', 'Thriller']","['secret', 'secret love', 'underdog', 'teachers and students', 'puppet', 'swimming pool', 'giftmord', 'suburbian idyll', 'small town', 'teacher', 'violence in schools']",5.3,3.0,2007-08-03,"['Traute Hoess', 'Devid Striesow', 'Frederick Lau', 'August Diehl', 'Waldemar Kobus', 'Fritzi Haberlandt', 'Philipp Danne', 'Jürgen Tarrach', 'Alice Dwyer', 'Nicholas Bodeux', 'Dagmar Manzel', 'Ricarda Juelich', 'Elea Geissler']",Typhoon Film,10.0
Watch T2 Trainspotting Blue-ray Streaming Online,"['Comedy', 'Crime, Drama', 'Drama', 'Crime']","['drug addiction', 'heroin', 'blackmail', 'revenge', 'prison', 'prison escape', 'scotland', 'extortion', 'council estate', 'eastern european', 'sequel', 'junkie', 'edinburgh, scotland', 'friendship', 'apartment', 'theft', 'addiction', 'cocaine', 'fight', 'bar', 'nightclub', 'violence', 'based on novel or book', 'bar fight']",7.0,2213.0,2017-08-03,"['James McElvar', 'Michael Shaw', 'Scot Greenan', 'Pauline Lynch', 'Pauline Turner', 'Eileen Nicholas', 'Connor McIndoe', 'John Bell', 'Kelly Macdonald', 'Svetla Yancheva', 'Gordon Kennedy', 'Kevin McKidd', 'Anjela Nedyalkova', 'Tom Urie', 'Jonny Lee Miller', 'Christopher Douglas', 'Simon Weir', 'Ewen Bremner', 'Karl Argue', 'Ewan McGregor', 'Steven Robertson', 'Bradley Welsh', 'Kyle Fitzpatrick', 'John Kazek', 'Christopher Mullen', 'Elijah Wolf', 'Blair Flucker', 'Robert Carlyle', 'Shirley Henderson', 'Tereza Duskova', 'Irvine Welsh', 'Ben Skelton', 'James Cosmo', 'Amy Manson', 'Katie Leung']","['DNA Films', 'Decibel Films', 'Film4 Productions', 'Cloud Eight Films', 'Creative Scotland', 'TriStar Pictures']",10.0
Watch Kung Fu Panda 3 Blue-ray Streaming Online,"['Comedy', 'Animation', 'Action, Adventure, Animation, Comedy, Family', 'Adventure', 'Action', 'Family']","['fighter', 'anthropomorphism', 'martial arts', 'wuxia', 'village', 'sequel', 'woman director', 'china', 'panda', 'kung fu', 'dragon', 'ancient china']",6.8,3764.0,2016-08-03,"['Randall Duk Kim', 'David Cross', 'Radzi Chinyanganya', 'Dustin Hoffman', 'Mick Wingert', 'Pax Jolie-Pitt', 'James Hong', 'Jack Black', 'Jackie Chan', 'Jean-Claude Van Damme', 'Lena Golia', 'Joseph Izzo', 'Seth Rogen', 'Shiloh Jolie-Pitt', 'Bryan Cranston', 'Barbara Dirickson', 'Kelly Cooney', 'Steele Gagnon', 'Fred Tatasciore', 'Al Roker', 'Zahara Jolie-Pitt', 'Stephen Kearin', 'Angelina Jolie', 'April Hong', 'Knox Jolie-Pitt', 'Ming Tsai', 'Gus Culligan', 'Kate Hudson', 'Wayne Knight', 'Liam Knight', 'Willie Geist', 'J.K. Simmons', 'Lindsey Russell', 'Lucy Liu']","['China Film Co.', 'Pearl Studio', 'DreamWorks Animation']",10.0
Watch Armageddon Blue-ray Streaming Online,"['Comedy', 'Science Fiction', 'Action', 'Adventure', 'Action, Thriller, Science Fiction, Adventure', 'Thriller']","['disaster movie', 'wedding', 'space marine', 'cataclysm', 'race against time', 'loss of loved one', 'daughter', 'moon', 'self sacrifice', 'daring rescues', 'paris, france', 'space centre', 'space', 'heroic mission', 'end of the world', 'saving the world', 'asteroid', 'astronaut', 'nasa', 'duringcreditsstinger']",6.8,5445.0,1998-08-03,"['Dina Morrone', 'Seiko Matsuda', 'Patrick Richwood', 'Ken Hudson Campbell', 'Greg Collins', 'Ian Quinn', 'William Fichtner', 'Keith David', 'Charlton Heston', 'Stanley Anderson', 'K.C. Leomiti', 'Judith Hoag', 'John Mahon', 'Frank Van Keeken', 'Ellen Cleghorne', 'Jessica Steen', 'Brian Mulligan', 'Bodhi Elfman', 'Jim Ishida', 'Harry Humphries', 'Ben Affleck', 'J. Patrick McCormack', 'Jason Isaacs', 'Marshall R. Teague', 'Anthony Guidera', 'Shawnee Smith', 'Steve Buscemi', 'Liv Tyler', 'Peter Stormare', 'Owen Wilson', 'Albert Wong', 'Chris Ellis', 'Grayson McCouch', 'Eddie Griffin', 'Billy Bob Thornton', 'Deborah Nishimura', 'Grace Zabriskie', 'Christian Clemenson', 'Patrick Lander', 'Mark Curry', 'Clark Heathcliffe Brolly', 'Dyllan Christopher', 'Udo Kier', 'Bruce Willis', 'Michael Clarke Duncan', 'James Harper', 'Steven Ford', 'Sage Allen', 'Will Patton', 'John Aylward']","['Touchstone Pictures', 'Jerry Bruckheimer Films', 'Valhalla Motion Pictures']",10.0
Watch The Lion King Blue-ray Streaming Online,"['Comedy', 'Music', 'Adventure', 'Adventure, Family, Music', 'Family']","['sidekick', 'father son relationship', 'lion', 'uncle', 'live action remake', 'grief', 'redemption', 'imax', 'computer-generated imagery', 'live action and animation', 'prince', 'africa', 'musical', 'family', 'king', 'remake']",7.2,6812.0,2019-08-03,"['Penny Johnson', 'JD McCrary', 'Alfre Woodard', 'Shahadi Wright Joseph', 'Josh McCrary', 'Eric André', 'John Oliver', 'John Kani', 'Seth Rogen', 'Phil LaMarr', 'J. Lee', 'Donald Glover', 'Keegan-Michael Key', 'Billy Eichner', 'Amy Sedaris', 'Florence Kasumba', 'Beyoncé Knowles', 'Chiwetel Ejiofor', 'Chance the Rapper', 'James Earl Jones']","['Fairview Entertainment', 'Walt Disney Pictures']",10.0
Watch He's Out There Blue-ray Streaming Online,"['Comedy', 'Horror', 'Thriller', 'Horror, Thriller']","['psychopath', 'vacation', 'island', 'mother', 'daughter', 'remote island', 'mother daughter relationship', 'survival']",5.8,171.0,2018-08-03,"['Ryan McDonald', 'Yvonne Strahovski', 'Anna Pniowsky', 'Abigail Pniowsky', 'Stephanie Costa', 'Julian Bailey', 'Justin Bruening']","['Screen Gems', 'Sony Pictures', 'Unbroken Pictures']",10.0
Watch Out of Africa Blue-ray Streaming Online,"['Comedy', 'History', 'History, Romance, Drama', 'Drama', 'Romance']","['based on memoir or autobiography', 'big game hunter', 'nairobi', 'cuckolded husband', 'safari', 'romance', 'syphilis', 'farm', 'historical drama', 'infidelity', '1910s', 'africa', 'danish', 'lion', 'kenya']",7.2,831.0,1985-08-03,"['Niven Boyd', 'Ann Palmer', 'Allaudin Qureshi', 'Sbish Trzebinski', 'Joseph Thiaka', 'Muriel Gross', 'Leslie Phillips', 'Michael Kitchen', 'Iman', 'Graham Crowden', 'Michael Gough', 'Keith Pearson', 'Shane Rimmer', 'Robert Redford', 'Meryl Streep', 'Peter Strong', 'Kenneth Mason', 'Rachel Kempson', 'Donal McCann', 'Suzanna Hamilton', 'Malick Bowens', 'Mike Bugara', 'Klaus Maria Brandauer', 'Tristram Jellinek', 'Amanda Parkin', 'Job Seda', 'Stephen B. Grimes', 'Abdulla Sunado', 'Stephen Kinyanjui', 'Annabel Maule', 'Mohammed Umar', 'Benny Young']","['Universal Pictures', 'Mirage Enterprises', 'Mirage Entertainment']",10.0
Watch Sonic the Hedgehog Blue-ray Streaming Online,"['Comedy', 'Action, Science Fiction, Comedy, Family', 'Science Fiction', 'Action', 'Family']","['san francisco, california', 'road trip', 'live action remake', 'flossing', 'bar fight', 'based on video game', 'video game', 'duringcreditsstinger', 'friendship', 'cop']",7.5,5717.0,2020-08-03,"['Jeanie Cloutier', 'Sean Campbell', 'Debs Howard', 'Frank C. Turner', 'James Marsden', 'Jeremy Arnold', 'Steve Warky Nunez', 'Melody Nosipho Niemann', 'Michael Hogan', 'Chris Gailus', 'Charles Heffernan', 'Brad Kelly', 'Adam Pally', 'Benjamin Valic', 'Leanne Lapp', 'John Specogna', 'Neal McDonough', 'Lee Majdoub', 'Peter Bryant', 'Nadeen Lightbody', 'Garry Chalk', 'Bethel Lee', 'Andrea Marcum', 'Elfina Luk', 'Breanna Watkins', 'Ben Schwartz', 'Jim Carrey', 'Tika Sumpter', 'Lisa Chandler', 'Sandy Robson', 'Nicholas Dohy', 'Jeff Sanca', 'Scott Patey', 'Donna Jay Fulks', 'Dean Petriw', 'Anthony Santiago', 'Shannon Chan-Kent', 'Bailey Skodje', 'Tom Butler', ""Colleen O'Shaughnessey"", 'Emma Oliver', 'Jeremiah Oh', 'Natasha Rothwell', 'Terence Kelly']","['Paramount', 'Original Film', 'SEGA', 'Marza Animation Planet', 'Stories International', 'DJ2 Entertainment', 'Blur Studios', 'Digital Makeup Group']",10.0
Watch Blitz Blue-ray Streaming Online,"['Comedy', 'Action', 'Crime', 'Crime, Action, Thriller', 'Thriller']","['police detective', 'homophobia', 'psychopath', 'london, england', 'lawyer', 'based on novel or book', 'lgbt', 'hare krishna', 'swat team', 'revenge', 'serial killer', 'arson', 'murder']",6.0,969.0,2011-08-03,"['Antonia Christy', 'Christina Cole', 'Richard Riddell', 'Joe Dempsie', 'Nicky Henson', 'Del Synnott', 'Taylor James', 'Alex Lanipekun', 'Ron Donachie', 'Luke Evans', 'Nabil Elouahabi', 'Ned Dennehy', 'Mark Roper', 'Mark Rylance', 'Jason Statham', 'Elly Fairman', 'Zawe Ashton', 'Steven Harwood-Brown', 'Serge Soric', 'Paddy Considine', 'Aidan Gillen', 'Bill Champion', 'David Morrissey', 'Gregory Finnegan', 'Ranjit Krishnamma']","['Blitz Films', 'Kushner/Wyman Productions', 'Current Entertainment', 'Lionsgate', 'Lipsync Productions', 'Davis-Films', 'Junction Films']",10.0
Watch Pride & Prejudice Blue-ray Streaming Online,"['Comedy', 'Romance', 'Drama', 'Drama, Romance']","['pride', 'prejudice', 'opposites attract', 'georgian', '18th century', 'based on novel or book', 'england', 'bachelor', 'gentleman', 'suitor', '1790s', 'period drama', 'family relationships']",8.0,4973.0,2005-08-03,"['Talulah Riley', 'Jena Malone', 'Cornelius Booth', 'Sylvester Morand', 'Samantha Bloom', 'Claudie Blakley', 'Liam Thomas', 'Meg Wynn Owen', 'Kelly Reilly', 'Donald Sutherland', 'Arnold Montey', 'Tamzin Merchant', 'Bret Jones', 'Roy Holder', 'Keira Knightley', 'Carey Mulligan', 'Rosamund Stephen', 'Mark Arends', 'Rupert Friend', 'Jay Simpson', 'Moya Brady', 'Judi Dench', 'Brenda Blethyn', 'Peter Wight', 'Rosamund Pike', 'Simon Woods', 'Janet Whiteside', 'Pip Torrens', 'Sinéad Matthews', 'Penelope Wilton', 'Matthew Macfadyen', 'Tom Hollander']","['StudioCanal', 'Scion Films', 'Focus Features', 'Working Title Films', 'Universal Pictures']",10.0
Watch Event Horizon Blue-ray Streaming Online,"['Comedy', 'Mystery', 'Science Fiction', 'Horror, Science Fiction, Mystery', 'Horror']","['burning man', 'black hole', 'insanity', 'alternate dimension', 'super power', 'hellgate', 'distress signal', 'space marine', 'explosion', 'flashback', 'trapped in space', 'crew', 'delusion', 'space travel', 'evil spirit', 'violence', 'religion', 'nightmare', 'rescue team', 'hallucination', 'cryogenics']",6.4,1597.0,1997-08-03,"['Sean Pertwee', 'Robert Jezek', 'Teresa May', 'Noah Huntley', 'Emily Booth', 'Sam Neill', 'Jack Noseworthy', 'Laurence Fishburne', 'Joely Richardson', 'Barclay Wright', 'Peter Marinker', 'Kathleen Quinlan', 'Richard T. Jones', 'Holley Chant', 'Jason Isaacs']","['Paramount', 'Impact Pictures', 'Golar Productions']",10.0
Watch Schools Out Blue-ray Streaming Online,Comedy,"['teachers and students', 'teacher', 'learning and teaching']",5.9,115.0,2008-08-03,"['Arthur Dupont', 'Théo Frilet', 'Bernadette Lafont', 'Michel Blanc', 'Pierre Niney', 'Valentine Catzéflis', 'Julia Piaton']",Mes Films,10.0
Watch After We Collided Blue-ray Streaming Online,"['Comedy', 'Romance', 'Romance, Drama', 'Drama']","['teenage crush', 'based on novel or book', 'saga', 'love', 'after']",6.8,297.0,2020-08-03,"['Khadijha Red Thunder', 'Charlie Weber', 'Louise Lombard', 'Karimah Westbrook', 'Samuel Larsen', 'John Jackson Hunter', 'Pia Mia', 'Inanna Sarkis', 'Selma Blair', 'Candice King', 'Dylan Arnold', 'Rob Estes', 'Dylan Sprouse', 'Max Ragone', 'Josephine Langford', 'Hero Fiennes Tiffin', 'Shane Paul McGhie']","['Voltage Pictures', 'CalMaple Films']",10.0
Watch The Revenant Blue-ray Streaming Online,"['Comedy', 'Western, Drama, Adventure', 'Drama', 'Adventure', 'Western']","['gore', 'bear', 'revenge', 'based on a true story', 'dreamy', 'mountain', 'child killing', 'bear attack', 'frontier', 'native american', 'indian attack', 'wild west', '19th century', 'forest', 'fur trapping', 'grizzly bear', 'snow', 'liar', 'winter', 'survival', 'murder', 'starvation', 'final battle', 'parent child relationship', 'violence', 'dead horse', 'wolves', 'based on novel or book', 'wilderness', 'scalping', 'remake', 'rape']",7.5,13563.0,2015-08-03,"['Will Poulter', 'Isaiah Tootoosis', 'Robert Moloney', 'Chris Ippolito', 'C. Adam Leigh', 'Veronica Marlowe', ""Melaw Nakehk'o"", 'Emmanuel Bilodeau', 'Peter Strand Rumpel', 'Tom Hardy', 'Blake Wildcat', 'Joshua Burge', 'Domhnall Gleeson', 'Cody Big Tobacco', 'Chesley Wilson', 'Timothy Lyle', 'Vincent Leclerc', 'Paul Anderson', 'Christopher Rosamond', 'Fabrice Adde', 'Duane Howard', 'Daniel Rampanen', 'Michael Fraser', 'Arthur RedCloud', 'Jeffrey Olynek', 'Anthony Starlight', 'Cole Vandale', 'Lukas Haas', 'McCaleb Burnett', 'Tom Guiry', 'Kevin Corey', 'Scott Duncan', 'Leonardo DiCaprio', 'Mariah Old Shoes', 'Dion Little Child', 'Grace Dove', 'Paul Young Pine', 'Scott Olynek', 'Tyson Wood', 'Forrest Goodluck', 'Amelia Crow Show', 'Stephane Legault', 'Jamie Medicine Crane', 'Kristoffer Joner', 'Dallas Young Pine', 'Brendan Fletcher', 'Kory Grim', 'Adrian Glynn McMorran', 'Alex Bisping', 'Clarence Hoof']","['Anonymous Content', 'Hong Kong Alpha Motion Pictures Co.', 'M Productions', 'Appian Way', 'RatPac-Dune Entertainment', 'Regency Enterprises', 'CatchPlay', 'New Regency Pictures', 'Monarchy Enterprises S.a.r.l.']",10.0
Watch The Monster Blue-ray Streaming Online,"['Drama', 'Horror', 'Drama, Horror', 'Comedy']","['thunderstorm', 'car accident', 'monster', 'mother', 'daughter', 'alcoholism', 'forest', 'rain']",5.3,328.0,2016-08-03,"['Marc Hickox', 'Christine Ebadi', 'Ella Ballentine', 'Zoe Kazan', 'Aaron Douglas', 'Scott Speedman', 'Chris Webb']","['Unbroken Pictures', 'Atlas Independent']",10.0
Watch Star Trek Beyond Blue-ray Streaming Online,"['Comedy', 'Action, Adventure, Science Fiction', 'Adventure', 'Science Fiction', 'Action']","['gay', 'hatred', 'sequel', 'lgbt', 'stranded', 'space opera']",6.7,4966.0,2016-08-03,"['Jennifer Cheon', 'Sofia Boutella', 'Matthew MacCaull', 'Jake Foy', 'Lydia Wilson', 'Anthony Shim', 'Roxanne Fernandes', 'Harry Han', 'Priya Rajaratnam', 'Andrea Yu', 'Jennifer W. Evans', 'Jake Huang', 'Richard Laurence', 'Jodi Haynes', 'Zoe Saldana', 'Dan Payne', 'Luka Hays', 'Jeremy Raymond', 'Thomas Cadrot', 'Melissa Roxburgh', 'Jarod Joseph', 'Doug Jung', 'Adam DiMarco', 'Polina Soldatova', 'Simon Pegg', 'Karl Urban', 'Chris Pine', 'Tarun Keram', 'Shea Whigham', 'J.P. Mulcaster', 'Christian Sloan', 'Emy Aneke', 'Deep Roy', 'Idris Elba', 'Shohreh Aghdashloo', 'Nathan Jean', 'Douglas Chapman', 'Fiona Vroom', 'Joe Taslim', 'Alex Rose', 'Zachary Quinto', 'Anita Brown', 'Kim Kold', 'Greg Grunberg', 'John Cho', 'Gina Brinkman', 'Anton Yelchin', 'Edwin Rodriguez', 'Fraser Aitcheson', 'Danny Pudi']","['Huahua Media', 'Paramount', 'Skydance Media', 'Sneaky Shark', 'Bad Robot', 'Alibaba Pictures Group', 'Perfect Storm Entertainment']",10.0
Watch Anna Karenina Blue-ray Streaming Online,"['Comedy', 'Romance', 'Drama', 'Drama, Romance']","['horse race', 'imperial russia', 'based on novel or book', 'st. petersburg, russia', 'adultery', '19th century', 'death', 'high society']",6.7,1628.0,2012-08-03,"['Michelle Dockery', 'David Wilmot', 'Ruth Wilson', 'Emily Watson', 'Steve Evets', 'Jude Monk McGowan', 'Aruhan Galieva', 'Kyle Soller', 'Kenneth Collard', 'Antony Byrne', 'Kelly Macdonald', 'Sam Cox', 'Henry Lloyd-Hughes', 'Domhnall Gleeson', 'Bryan Hands', 'Jamie Beamish', 'Guro Nagelhus Schia', 'Tannishtha Chatterjee', 'Cecily Morrissey', 'Cara Delevingne', 'Luke Newberry', 'Marine Battier', 'Keira Knightley', 'Thomas Howes', 'Giles King', 'Oskar McNamara', 'Alexandra Roach', 'Eric MacLennan', 'Alicia Vikander', 'Eros Vlahos', 'Max Bennett', 'Octavia Morrissey', 'Freya Galpin', 'Hera Hilmar', 'Bodil Blain', 'Raphaël Personnaz', 'Holliday Grainger', 'Jude Law', 'Susanne Lothar', 'Michael Shaeffer', 'Buffy Davis', 'Shirley Henderson', 'Theo Morrissey', 'Pip Torrens', 'Beatrice Morrissey', 'Olivia Williams', 'Matthew Macfadyen', 'Aaron Taylor-Johnson', 'Emerald Fennell', 'Bill Skarsgård']","['Focus Features', 'Working Title Films', 'Universal Pictures']",10.0
Watch Demon House Blue-ray Streaming Online,"['Comedy', 'Mystery', 'Documentary, Horror, Mystery', 'Horror', 'Documentary']","['ghost', 'spirit', 'possession', 'haunted']",6.4,9.0,2019-08-03,"['Zak Bagans', 'Jay Wasley', 'Billy Tolley']",Freestyle Digital Media,10.0
Hawaii Five-0 (2020),"Action, Crime, Drama",,7.0,561.0,,"['Katrina Law', 'Chi McBride', 'Taylor Wily', 'Kimee Balmilero', 'Beulah Koale', ""Alex O'Loughlin"", 'Ian Anthony Dale', 'Dennis Chun', 'Meaghan Rath', 'Scott Caan']",,10.0
Watch King Cobra Blue-ray Streaming Online,"['Comedy', 'Crime, Drama', 'Drama', 'Crime']","['behind the scenes', 'business rivalry', 'biography', 'based on novel or book', 'lgbt', 'gay pornography', 'vanity', 'ego', 'based on a true story', 'inspired by a true story', 'pornography', 'porn industry', 'murder', 'rent boy']",5.8,346.0,2016-08-03,"['Sean Grandillo', 'Christian Slater', 'Keegan Allen', 'James Franco', 'Alicia Silverstone', 'Garrett Clayton', 'Rosemary Howard', 'Edward Crawford', 'Spencer Lofranco', 'Molly Ringwald', 'Ron Simons']","['SSS Entertainment', 'Yale Productions', 'Rabbit Bandini Productions', 'Digital Ignition Entertainment', 'BondIt']",10.0
Watch Red Joan Blue-ray Streaming Online,"['Comedy', 'History', 'Thriller', 'Thriller, History']","['older man younger woman relationship', 'physics professor', 'soviet union', '2000s', 'london, england', '1940s', 'co-worker relationship', 'atomic bomb', 'based on novel or book', 'cold war', 'british secret service', 'female spy', 'based on a true story', 'world war ii', 'cambridge', 'communist spy', 'mother son relationship', '1930s']",6.7,202.0,2018-08-03,"['Nicola Sloane', 'Ed Birch', 'Raymond Coulthard', 'Phill Langhorne', 'Stephen Boxer', 'Kevin Fuller', 'Freddie Gaminara', 'Debbie Chazen', 'Nina Sosanya', 'Ciarán Owens', 'Stuart Milligan', 'Adrian Wheeler', 'Lulu Meissner', 'Laurence Spellman', 'Raj Swamy', 'Robin Soans', 'Sophie Cookson', 'Lily Delderfield', 'Irfan Shamji', 'Mike Sykes', 'Jessica Delderfield', 'Judi Dench', 'Stephen Campbell Moore', 'Richard Teverson', 'Steven Hillman', 'Tereza Srbová', 'Ben Miles', 'Tom Hughes', 'Hasan Dixon', 'Simon Ludders']","['Cambridge Picture Company', 'Trademark Films']",10.0
Watch Sense and Sensibility Blue-ray Streaming Online,"['Comedy', 'Romance', 'Drama', 'Drama, Romance']","['bowling', 'rainstorm', 'horse and carriage', 'based on novel or book', 'country life', 'decorum', 'period drama', 'servant', 'military officer', '19th century', 'devon', 'inheritance', 'rural area']",7.4,1023.0,1995-08-03,"['Robert Hardy', 'Elizabeth Spriggs', 'James Fleet', 'Ian Brimble', 'Emma Thompson', 'Lone Madsen', 'Alan Rickman', 'Imogen Stubbs', 'Richard Lumsden', 'Eleanor McCready', 'Imelda Staunton', 'Greg Wise', 'Hugh Laurie', 'Emilie François', 'Tom Wilkinson', 'Isabelle Amyes', 'Oliver Ford Davies', 'Hugh Grant', 'Harriet Walter', 'Gemma Jones', 'Kate Winslet']","['Columbia Pictures', 'Mirage Enterprises']",10.0
Watch My Life Without Me Blue-ray Streaming Online,"['Comedy', 'Romance', 'Drama', 'Drama, Romance']","['parent child relationship', 'secret love', 'responsibility', 'farewell', 'woman director', 'night shift', 'daughter', 'dying and death']",5.9,272.0,2003-08-03,"['Sarah Polley', 'Jessica Amlee', 'Camille Martinez', 'Debbie Harry', 'Alfred Molina', 'Maria de Medeiros', 'Leonor Watling', 'Kenya Jo Kennedy', 'Julian Richings', 'Scott Speedman', 'Mark Ruffalo', 'Amanda Plummer']","['El Deseo', 'Milestone Productions']",10.0
Watch Fearless Blue-ray Streaming Online,"['Comedy', 'Drama, Action', 'Drama', 'Action']","['hope', 'martial arts', 'respect', 'restaurant', 'shanghai, china', 'blindness and impaired vision', 'kung fu', 'patriotism', 'exile', 'beggar', 'tea', 'friendship', 'rice', 'sake']",7.4,785.0,2006-08-03,"['Lu Yuhao', 'Li Jun', 'Sun Leqiu', 'Song Shuo', 'Jean Claude Leuyer', 'Qian Yi', 'Masato Harada', 'Nathan Jones', 'Li Chao', 'Brandon Rhea', 'Scott Ma', 'Sun Li', 'Xu Yonghai', 'Wei Binghua', 'Chen Fusheng', 'Jacky Heung', 'Qilong Zhu', 'Guo Shaoheng', 'Yun Qu', 'Ma Yin', 'Zheng Shiming', 'Pau Hei-Ching', 'He Si-Rong', 'Xu Ailing', 'Ting Leung', 'Wang Qi', 'John Paisley', 'Anthony De Longis', 'Gao Yuntong', 'Zhao Zhigang', 'Jet Li', 'Cheng Yong', 'Philippe Millieret', 'He Ju', 'Dong Yong', 'Liu Licheng', 'Shang Yapeng', 'Chen Zhi-Hui', 'Mike Leeder', 'Collin Chou', 'Ma Jingjing', 'Zhao Tieying', 'Yi Shixiong', 'Jon T. Benn', 'Shu Jian', 'Shidou Nakamura']","['China Film Co-Production Corporation', 'Wide River Investments', 'Beijing Film Studio', 'China Film Group Corporation', 'Hero China International']",10.0
Watch Stray Cat Rock: Delinquent Girl Boss Blue-ray Streaming Online,"['Drama, Crime, Thriller, Action, Music', 'Comedy', 'Music', 'Drama', 'Action', 'Crime', 'Thriller']","['violence', 'knife fight', 'tokyo, japan', 'gang leader', 'yakuza', 'motorcycle chase', 'shotgun', 'feminist', 'girl gang', 'murder', 'motorcycle gang']",6.0,15.0,1970-08-03,"['Ken Sanders', 'Meiko Kaji', 'Goro Mutsumi', 'Tatsuya Fuji', 'Akiko Wada', 'Kōji Wada', 'Hanako Tokachi', 'Bunjaku Han', 'Yōsui Inoue']","['Hori Production', 'Nikkatsu Corporation']",10.0
Watch Changeling Blue-ray Streaming Online,"['Comedy', 'Crime, Drama, Mystery', 'Mystery', 'Drama', 'Crime']","['power', 'government', 'criticism', 'mother', 'reunion', 'missing person', 'murder', 'police', '1920s', 'mother love', 'corruption', 'kidnapped child', 'minister', 'public', 'conspiracy', 'los angeles, california', '1930s']",7.6,2695.0,2008-08-03,"['Joe Kaprielian', 'Geoff Pierson', 'Hope Shapiro', 'J.P. Bumstead', 'John Harrington Bland', 'Riki Lindhome', 'Frank Wood', 'Erica Grant', 'Caleb Campbell', 'Wendy Worthington', 'Sterling Wolfe', 'Zach Mills', 'Kevin Glikmann', 'Jeffrey Donovan', 'Kerri Randles', 'Drew Richards', 'Dawn Flood', 'Dale Dickey', 'Michael McCafferty', 'David Goldman', 'Madison Hodges', 'John Malkovich', 'Russell Edge', 'Jeff Cockey', 'Reed Birney', 'Pete Rockwell', 'Anthony De Marco', 'Antonia Bennett', 'Jim Cantafio', 'Jan Devereaux', 'Devon Conti', ""Denis O'Hare"", 'Morgan Eastwood', 'Gattlin Griffith', 'Pamela Dunlap', 'Joshua Logan Moore', 'Eddie Alderson', 'Amy Ryan', 'Angelina Jolie', 'Michael Kelly', 'Colm Feore', 'Maria J. Rockwell', 'Michelle Gunn', 'Debra Christofferson', 'Roger Hewlett', 'Muriel Minot', 'Stephen W. Alvarez', 'Jason Butler Harner', 'Peter Gerety', 'Ric Sarabia']","['Malpaso Productions', 'Imagine Entertainment', 'Relativity Media']",10.0
Watch The Lion King II: Simba's Pride Blue-ray Streaming Online,"['Comedy', 'Animation', 'Adventure, Animation, Family', 'Adventure', 'Family']","['baby', 'father daughter relationship', 'africa', 'lion', 'friendship']",6.9,3134.0,1998-08-03,"['Peter Renaday', 'Jason Marsden', 'Lacey Chabert', 'Liz Callaway', 'Edward Hibbert', 'Andy Dick', 'Seth Isler', 'Jim Cummings', 'Adrienne Hampton', 'Lisa Long', 'Meredith Scott Lynn', 'Joel Moffett', 'Robin Frizzell', 'Suzanne Pleshette', 'Neve Campbell', 'Matthew Broderick', 'Richard Sinclair', 'Nathan Lane', 'Robert Guillaume', 'Cam Clarke', ""Ryan O'Donohue"", 'Michelle Horn', 'Moira Kelly', 'Vanessa Theme Ament', 'Ernie Sabella', 'James Earl Jones']","['DisneyToon Studios', 'Disney Television Animation']",10.0
Watch King of California Blue-ray Streaming Online,"['Comedy', 'Drama', 'Comedy, Drama']","['cello', 'idealism', 'insanity', 'father', 'father figure', 'single father', 'robbery', 'daughter', 'treasure hunt', 'treasure']",6.5,213.0,2007-08-03,"['Arthur Santiago', 'Allisyn Ashley Arm', 'Michael Douglas', 'Paul Lieber', 'Kathleen Wilhoite', 'Evan Rachel Wood', 'Ian Hopps', 'Willis Burks II', 'Will Rothhaar', 'Laura Kachergus', 'Anne L. Nathan', 'Ashley Greene']","['Millennium Films', 'Lone Star Film Group', 'Michael London Productions', 'Emmett/Furla Films', 'Nu Image', 'King of California Productions']",10.0
Watch Little Voice Blue-ray Streaming Online,"['Comedy', 'Drama', 'Comedy, Drama']","['talent', 'parent child relationship', 'father', 'mother', 'voice', 'recluse', 'northern england', 'carrier pigeon', 'pigeon', 'yorkshire', 'daughter', 'loneliness', 'singer', 'cowardliness', 'independent film']",6.6,124.0,1998-08-03,"['James Welsh', 'Adam Fogerty', 'Karen Gregory', 'Graham Turner', 'Fred Feast', 'Ewan McGregor', 'Dick Van Winkle', 'Philip Jackson', 'Alex Norton', 'Michael Caine', 'Jane Horrocks', 'Annette Badland', 'Jim Broadbent', 'Howard Grace', 'Brenda Blethyn']",Miramax,10.0
Watch Golmaal - Fun Unlimited Blue-ray Streaming Online,"['Comedy', 'Drama', 'Comedy, Family, Action, Drama', 'Action', 'Family']","['stupidity', 'dream girl', 'comedy team']",6.5,70.0,2006-08-03,"['Tusshar Kapoor', 'Vrajesh Hirjee', 'Farid Amiri', 'Paresh Rawal', 'Mukesh Tiwari', 'Rimi Sen', 'Sushmita Mukherjee', 'Manoj Joshi', 'Sharman Joshi', 'Arshad Warsi', 'Ajay Devgn', 'Sanjay Mishra']","['K Sera Sera Limited', 'Shree Ashtavinayak Cinevision Ltd']",10.0
Watch Shaolin Blue-ray Streaming Online,"['Comedy', 'Action, Drama', 'Drama', 'Action']","['martial arts', 'violence', 'kung fu', 'martial arts master', 'tai chi', 'mixed martial arts', 'china', 'martial artist', 'shaolin master', 'monk', 'duel', 'parkour', 'wu shu', 'warlord', 'shaolin kung fu', 'fictional war', 'shaolin monk']",6.6,207.0,2011-08-03,"['Yue Hoi', 'Wu Jing', 'Bai Bing', 'Liang Jing-Ke', 'Chen Zhi-Hui', 'Shi Xiao-Hong', 'Jackie Chan', 'Xiong Xin-Xin', 'Andy Lau', '释彦能', 'Fan Bingbing', 'Yu Shaoqun', 'Sang Wei-Lin', 'Nicholas Tse']","['Emperor Motion Pictures', 'China Film Group Corporation']",10.0
Watch The Shaggy Dog Blue-ray Streaming Online,"['Comedy', 'Family', 'Comedy, Family']","['dog', 'parent child relationship', 'turns into animal', 'lawyer', 'body exchange', 'husband wife relationship', 'daughter', 'family', 'workaholic', 'transformation']",4.8,391.0,2006-08-03,"['Spencer Breslin', 'Joel David Moore', 'Robert Downey Jr.', 'Annabelle Gurwitch', 'Philip Baker Hall', 'Danny Glover', 'Bess Wohl', 'Kristin Davis', 'Koji Kataoka', 'Rhea Seehorn', 'Casey Sander', 'Jeanette Brox', 'Mark Robert Ellis', 'Tim Allen', 'Jarrad Paul', 'Kevin Cooney', 'Craig Kilborn', 'Zena Grey', 'Jane Curtin', 'Shawn Pyfrom', 'Jesse Heiman', 'Joshua Leonard']","['Mandeville Films', 'Boxing Cat Films', 'Walt Disney Pictures']",10.0
Watch Dead Rising: Endgame Blue-ray Streaming Online,"['Comedy', 'Action, Horror', 'Horror', 'Action']","['news reporter', 'quarantine', 'zombie']",4.9,110.0,2016-08-03,"['Patrick Sabongui', 'Heather Roop', 'Marie Avgeropoulos', 'Billy Zane', 'Jessica Harmon', 'Jim Shield', 'Teach Grant', 'Jesse Metcalfe', 'Dennis Haysbert', 'Dakota Guppy', 'Keegan Connor Tracy', 'Lee Majdoub', 'Stephen Lobo', 'Donavon Stinson', 'Meghan Ory', 'Jim Thorburn', 'Ian Tracey']","['DR2 Productions', 'Contradiction Films', 'Legendary Digital Media']",10.0
Watch Kung Fu Panda Blue-ray Streaming Online,"['Comedy', 'Animation', 'Adventure', 'Adventure, Animation, Family, Comedy', 'Family']","['snake', 'destiny', 'noodle', 'kung fu', 'restaurant', 'monkey', 'turtle', 'strong woman', 'ancient china', 'anthropomorphism', 'martial arts', 'aftercreditsstinger', 'china', 'bravery', 'monkey warrior', 'mentor', 'evil', 'tiger', 'fighting', 'panda', 'master', 'sensei', 'shop']",7.1,7753.0,2008-08-03,"['Randall Duk Kim', 'David Cross', 'Emily Burns', 'Dustin Hoffman', 'Kent Osborne', 'James Hong', 'Jack Black', 'Jackie Chan', 'Kyle Gass', 'Seth Rogen', 'Jeremy Shipp', 'Mark Osborne', 'Ian McShane', 'John Stevenson', 'Dan Fogler', 'JR Reed', 'Tanya Haden', 'Stephen Kearin', 'Angelina Jolie', 'Melissa Cobb', 'Wayne Knight', 'Stephanie Harvey', 'Laura Kightlinger', 'Riley Osborne', 'Michael Clarke Duncan', 'Lucy Liu']",DreamWorks Animation,10.0
Watch Chasing Ice Blue-ray Streaming Online,"['Comedy', 'Documentary']","['cryosphere', 'field research', 'climate change', 'melting glacier', 'global warming', 'glacier', 'environmental change', 'polar ice cap']",7.5,112.0,2012-08-03,"['Tad Pfeffer', 'Adam LeWinter', 'Kitty Boone', 'James Balog', 'Suzanne Balog', 'Sylvia Earle', 'Jason Box', 'Louie Psihoyos', 'Jeff Orlowski', 'Dennis Dimick', 'Svavar Jonatansson']","['Diamond Docs', 'Exposure Labs']",10.0
Watch Gone Baby Gone Blue-ray Streaming Online,"['Comedy', 'Crime, Drama, Mystery', 'Mystery', 'Drama', 'Crime']","['blackmail', 'drugs', 'addict', 'conspiracy', 'boston, massachusetts', 'child kidnapping', 'alcoholic', 'police', 'kidnapped child', 'kidnapping', 'detective', 'neo-noir', 'robbery', 'pedophile', 'murder', 'gang', 'violence', 'based on novel or book', 'corruption']",7.3,2422.0,2007-08-03,"['Bob J. Leary', 'Michelle Monaghan', 'Cathie Callanan', 'Bobby Curcuro', 'Chelsea Ladd', 'Sean Malone', 'Jay Giannone', 'Robert Wahlberg', 'Fanshen Cox', 'Kenneth Butler Jr.', 'Jill Quigg', 'Slaine', 'John McColgam', 'Kippy Goldfarb', 'Edi Gathegi', 'Tom McNeeley', 'Morgan Freeman', 'Jimmy LeBlanc', 'Michael T. Blythe', 'Matthew Maher', 'Kevin Molis', 'William Lee', 'Titus Welliver', 'Daniel DeMiller Jr.', 'Stephen Curran', 'William Marlowe', 'Joseph Flaherty', 'Trudi Goodman', 'Mike Pusateri', 'John Ashton', 'Carla Antonino', 'Casey Affleck', 'Michael Kenneth Williams', ""Joseph Thomas-O'Brien"", 'Matt Podolske', 'Amy Ryan', 'Cameron Henry', 'Paul Hornung', 'Elizabeth Duff', 'Tom Kemp', 'Ed Harris', ""Madeline O'Brien"", 'Nicholas Donovan', 'Mark Margolis', 'Paul Sullivan', 'Amy Madigan', 'Mary Bounphasaysonh', 'Brian Scannell', 'Josh Marchette', 'Peg Holzemer']","['The Ladd Company', 'Miramax']",10.0
Watch Beauty and the Beast Blue-ray Streaming Online,"['Comedy', 'Romance', 'Fantasy', 'Family, Fantasy, Romance', 'Family']","['beast', 'castle', 'gay', 'live action remake', 'curse', '18th century', 'lgbt', 'cartoon', 'gay character', 'live action and animation', 'fairy tale', 'musical', 'remake', 'transformation', 'magic', 'creature']",7.0,12818.0,2017-08-03,"['Kevin Kline', 'Rudi Goodman', 'Sophie Reid', 'Tom Oakley', 'Emma Watson', 'Beth Willetts', 'Ray Fearon', 'Stanley Tucci', 'Michael Jibson', 'Jane Fowler', 'Daniel Ioannou', 'Mandy Montanez', 'Henry Garrett', 'Rita Davies', 'Emma Thompson', 'Luke Evans', 'Haydn Gwynne', 'Josh Gad', 'Dean Street', 'Sharon Gomez', 'Adrian Schiller', 'Simone Sault', 'Jolyon Coy', 'Gugu Mbatha-Raw', 'Ian McKellen', 'Steven Butler', 'Ewan McGregor', 'Dan Stevens', 'Tom Burgering', 'Hattie Morahan', 'Kai Gordon', 'Gerard Horan', 'Rafaëlle Cohen', 'D.J. Bailey', 'Daisy Duczmal', 'Clive Rowe', 'Oscar Francisco', 'Lynne Wilmot', 'Dale Branston', 'Harry Marcus', 'Jimmy Johnston', 'Joey Brown', 'Thomas Padden', 'Audra McDonald', 'Carla Nella', 'Zoe Rainey', 'Alexis Loizon', 'Leo Andrew', 'Harriet Jones', 'Nathan Mack']","['Mandeville Films', 'Walt Disney Pictures']",10.0
Watch The Beguiled Blue-ray Streaming Online,"['Comedy', 'Drama', 'Western', 'Drama, Western']","[""girls' school"", 'remake', 'all girls school', 'union soldier', 'american civil war', 'based on novel or book', 'sexual tension', 'woman director', 'virginia', '19th century', 'confederacy', 'period drama']",5.8,1551.0,2017-08-03,"['Colin Farrell', 'Elle Fanning', 'Emma Howard', 'Addison Riecke', 'Kirsten Dunst', 'Wayne Pére', 'Nicole Kidman', 'Joel Albin', 'Oona Laurence', 'Angourie Rice', 'Eric Ian', 'Matt Story']","['FR Productions', 'American Zoetrope']",10.0
Watch Blue-ray Streaming Online,Comedy,,,,-08-03,,,10.0
Watch Beautiful Boy Blue-ray Streaming Online,"['Comedy', 'Drama']","['san francisco, california', 'father son relationship', 'drug rehabilitation', 'drug addiction', 'based on memoir or autobiography', 'biography', 'based on novel or book', 'based on a true story', 'methamphetamine']",7.5,1210.0,2018-08-03,"['Andre Royo', 'Christian Convery', 'Zachary Rifkin', 'LisaGay Hamilton', 'Stefanie Scott', 'Kue Lawrence', 'Mandeiya Flory', 'Julian Works', 'Timothy Hutton', 'Jack Dylan Grazer', 'Amy Forsyth', 'Carlton Wilborn', 'Ricky Low', 'David Mendenhall', 'Amy Ryan', 'Steve Carell', 'Maura Tierney', 'Timothée Chalamet', 'Oakley Bull', 'Kaitlyn Dever']","['Plan B Entertainment', 'Big Indie Pictures']",10.0
Watch The Addiction Blue-ray Streaming Online,"['Drama', 'Horror', 'Drama, Horror', 'Comedy']","['violence', 'philosophy', 'addiction', 'blood', 'student', 'new york city', 'new york university', 'vampire']",6.5,132.0,1995-08-03,"['Michael A. Fella', 'Christopher Walken', 'Bianca Pratt', 'Michael Imperioli', 'Edward Conna', 'Frank Aquilino', 'Fredro Starr', 'Chuck Jeffreys', 'Nicholas De Cegli', 'Lili Taylor', 'Heather Bracken', 'Anthony Giangrande', 'Kathryn Erbe', 'Susan Mitchell', 'Mary Ann Hannon', 'Nancy Ellen Anzalone', 'Jay Julien', 'Annabella Sciorra', 'Louis Katz', 'Avron Coleman', 'Christina Campanella', 'Robert W. Castle', 'Paul Calderon', 'Edie Falco', 'Fred Williams', 'Lisa Casillo', 'Kevin Scullin', 'John Vincent McEvily', 'Jamal Simmons', 'Leroy Johnson']","['October Films', 'Fastnet Films', 'Guild']",10.0
Watch Creepshow Blue-ray Streaming Online,"['Comedy', 'Horror', 'Horror, Comedy']","['halloween', 'zombie', 'gore', 'cockroach', 'monster', 'meteor', 'buried alive', 'based on comic', 'animated scene', 'living dead', 'anthology']",6.8,554.0,1982-08-03,"['Jon Lormer', 'Viveca Lindfors', 'Warner Shook', 'Christine Forrest', 'Tom Atkins', 'Gaylen Ross', 'E.G. Marshall', 'Carrie Nye', 'Iva Jean Saraceni', 'Adrienne Barbeau', 'Stephen King', ""Bingo O'Malley"", 'Hal Holbrook', 'David Early', 'Tom Savini', 'Ted Danson', 'Leslie Nielsen', 'Ed Harris', 'Fritz Weaver', 'John Amplas', 'Ann Muffly']","['Warner Bros. Pictures', 'Laurel Entertainment', 'Creepshow Films Inc.', 'United Film Distribution Company (UFDC)']",10.0
Watch Victoria & Abdul Blue-ray Streaming Online,"['Comedy', 'History', 'Drama', 'Drama, History']","['lgbt interest', 'queen victoria', 'biography', 'based on novel or book', 'based on a true story', '19th century', 'british monarchy']",6.9,835.0,2017-08-03,"['Julian Wadham', 'Simon Callow', 'Cliff Dutton', 'Shaun Newnham', 'Penny Ryder', 'Paul Higgins', 'Fenella Woolgar', 'Sophie Trott', 'Paul Redfern', 'Tim Bristow', 'Martin McGilligan', 'Eddie Izzard', 'Christopher McMullen', 'Ali Fazal', 'Benjamin Murrell', 'Nigel Black', 'Will Christopherson', 'Nicolas Savidis-Macris', 'Robin Soans', 'Martyn Mayger', 'Andrei Csolsim', 'Stuart Whelan', 'Deano Bugatti', 'Simon Craddock', 'Daniel Trevenna', 'Michael Gambon', 'Rita McDonald Damper', 'Marek Hollands', 'Adeel Akhtar', 'Judi Dench', 'Tim Pigott-Smith', 'Sukh Ojla', 'Jonathan Harden', 'Glyn Angell', 'Ruth McCabe', 'Olivia Williams', 'Lois Temel', 'Ashley Hudson', 'Grant Crookes', 'Benjamin Haigh']","['Perfect World Pictures', 'Cross Street Films', 'BBC Films', 'Working Title Films']",10.0
Watch Fist of Fury Blue-ray Streaming Online,"['Comedy', 'Drama', 'Drama, Action, Thriller', 'Action', 'Thriller']","['nunchaku', 'brutality', 'honor', 'martial arts', 'tragic hero', 'tough guy', 'kung fu master', 'chinese', 'one man army', 'japanese man', 'revenge', 'teacher', 'brawl', 'kung fu', 'murder']",7.3,522.0,1972-08-03,"['Yuen Wah', 'San Chin', 'Little Unicorn', 'Riki Hashimoto', 'Tony Liu', 'Jackie Chan', 'Corey Yuen', 'Bruce Lee', 'Jun Katsumura', 'Fung Ngai', 'Han Ying-Chieh', 'Yuen Biao', 'Maria Yi', 'James Tien', 'Lee Kwan', 'Yin Chi Lee', 'Peter Chan Lung', 'Lo Wei', 'Robert Baker', 'Tien Feng', 'Fu Ching Chen', 'Nora Miao', 'Gam Tin-Chue', 'Wei Ping-ao', 'Huang Chung-Hsin']",Orange Sky Golden Harvest,10.0
Watch Demolition Man Blue-ray Streaming Online,"['Comedy', 'Science Fiction', 'Action', 'Crime', 'Crime, Action, Science Fiction']","['fistfight', 'shootout', 'social control', 'explosion', 'prison escape', 'foot chase', 'car chase', 'psychopath', 'museum', 'censorship', 'police', 'martial arts', 'culture shock', 'helicopter', 'warden', 'future', 'betrayal', 'crime fighter', 'knitting', 'violence', 'cyberpunk', 'utopia', 'subterranean', 'dystopia', 'cryogenics']",6.6,2265.0,1993-08-03,"['Dean Minerd', 'Paul Perri', 'Sylvester Stallone', 'Bob Gunton', 'Casey Wallace', 'Troy Evans', 'Wesley Snipes', 'Rosemarie Lagunas', 'Brandy Ledford', 'Jack Black', 'Dan Cortese', 'Anneliza Scott', 'Denis Leary', 'Charles Glass', 'Grand L. Bush', 'Claude Oatts', 'Steve Kahan', 'Alex Chapman', 'Rob Schneider', 'Don Charles McGovern', 'Lara Harris', 'Brett A. Jones', 'Glenn Shadix', 'Andre Gregory', 'Sam Nehira', 'Paul Bollen', 'Ken Baldwin', 'Trent Walker', 'Bill Cobbs', 'Jesse Ventura', 'Carlton Wilborn', 'Patricia Rive', 'Nigel Hawthorne', 'John Enos III', 'Sandra Bullock', 'Rhino Michaels', 'Benjamin Bratt', 'Kristopher Logan', 'Susan Lentini', 'Michael Buice', 'Mark Colson', 'Ben Jurand', 'Chris Durand', 'Toshishiro Obata', 'Pat Skipper', 'Billy D. Lucas']","['Warner Bros. Pictures', 'Silver Pictures']",10.0
I'm a Celebrity Get Me Out of Here! (2019),"Comedy, Reality",,5.4,12.0,,"['Jacqueline Jossa', 'Cliff Parisi', 'Caitlyn Jenner', 'Declan Donnelly', 'Adele Roberts', 'Andrew Maxwell', 'Roman Kemp', 'Kate Garraway', 'Anthony McPartlin', 'Nadine Coyle']",,10.0
Watch Maze Runner: The Scorch Trials Blue-ray Streaming Online,"['Comedy', 'Science Fiction', 'Action', 'Action, Science Fiction, Thriller', 'Thriller']","['dystopia', 'based on young adult novel', 'disease', 'sewer', 'runner', 'corporation', 'immunity', 'resistance', 'antidote', 'storm', 'post-apocalyptic future', 'on the run', 'infection', 'desert', 'zombie', 'escape', 'based on novel or book', 'city ruin', 'maze', 'virus']",6.7,7523.0,2015-08-03,"['James Tyler Robinson', 'Martin Palmer', 'Ben Pronsky', 'Frank Powers', ""Dylan O'Brien"", 'Ki Hong Lee', 'Andrea Good', 'Jacob Lofland', 'Gonzalo Robles', 'Barry Pepper', 'Rosa Salazar', 'Alexander Flores', 'Lili Taylor', 'Brandon K. Hampton', 'Jenny Gabrielle', 'Shawn Prince', 'Katherine McNamara', 'Keith Jardine', 'Thomas Brodie-Sangster', 'Alan Tudyk', 'Gary Hood', 'Carma Harvey', 'Nathalie Emmanuel', 'David House', 'Dexter Darden', 'Terry Dale Parks', 'Giancarlo Esposito', 'Brian Barela', 'John Christian Love', 'Bryce Romero', 'James Burnett', 'Jeremy Becerra', 'John Trejo', 'Kaya Scodelario', 'Adriana Acosta', 'Ryan Jason Cook', 'Kathryn Smith-McGlynn', 'Matthew Page', 'Aidan Gillen', 'Marc Comstock', 'Alex Knight', 'Patricia Clarkson', 'Morse Bicknell', 'Tatanka Means', 'Luke Gallegos', 'Laramie Cooley', 'Jetto Dorsainville', 'Jess King', 'Lora Martinez-Cunningham', 'Matt Metzler']","['Gotham Group', 'TSG Entertainment', 'Temple Hill Entertainment']",10.0
Watch Master and Commander: The Far Side of the World Blue-ray Streaming Online,"['Comedy', 'War', 'Adventure, Drama, War', 'Drama', 'Adventure']","['english navy', 'sea battle', 'naturalist', 'galapagos islands', 'based on novel or book', 'galapagos', 'surgeon', 'navy', 'high seas', 'napoleonic wars', 'weevil', '19th century', 'self surgery', 'frigate']",7.0,1937.0,2003-08-03,"['Bryan Dick', 'David Threlfall', 'Thierry Segall', 'Billy Boyd', 'Richard Pates', 'Max Benitz', 'Ousmane Thiam', 'John DeSantis', 'Patrick Gallagher', 'Alex Palmer', 'Mark Lewis Jones', 'Joseph Morgan', 'Paul Bettany', 'Lee Ingleby', 'Richard McCabe', 'William Mannering', 'Robert Pugh', 'Chris Larkin', 'Jack Randall', 'Russell Crowe', 'Max Pirkis', 'Ian Mercer', 'George Innes', 'Edward Woodall', 'Tony Dolan', ""James D'Arcy""]","['Samuel Goldwyn Films', 'Universal Pictures', '20th Century Fox', 'Miramax']",10.0
Watch Finding Neverland Blue-ray Streaming Online,"['Comedy', 'Drama']","['parent child relationship', 'faith', 'london, england', 'becoming an adult', 'theatre group', 'stroke of fate', 'illness', 'widow', 'peter pan', 'theater play', 'author']",7.3,2728.0,2004-08-03,"['Tobias Menzies', 'Nick Roud', 'Johnny Depp', 'Dustin Hoffman', 'Mackenzie Crook', 'Eileen Essell', 'Kelly Macdonald', 'Radha Mitchell', 'Toby Jones', 'Angus Barnett', 'Julie Christie', 'Joe Prospero', 'Ian Hart', 'Tim Potter', 'Rosie Ede', 'Kate Maberly', 'Luke Spill', 'Jimmy Gardner', 'Freddie Highmore', 'Paul Whitehouse', 'Kate Winslet']","['Film Colony', 'Miramax']",10.0
Watch Leviathan Blue-ray Streaming Online,"['Comedy', 'Documentary']","['woman director', 'atlantic ocean', 'fishing', 'fisherman', 'commercial fishing']",6.9,55.0,2012-08-03,"['Brian Jannelle', 'Christopher Swampstead', 'Adrian Guillette', 'Declan Conneely', 'Johnny Gatcombe', 'Clyde Lee', 'Arthur Smith']",Arrete Ton Cinema,10.0
Watch I Am Legend Blue-ray Streaming Online,"['Comedy', 'Drama, Horror, Action, Thriller, Science Fiction', 'Drama', 'Science Fiction', 'Action', 'Horror', 'Thriller']","['zombie', 'helplessness', 'lost civilisation', 'saving the world', 'pandemic', 'post-apocalyptic future', 'dystopia', 'alone', 'virus', 'infection', 'matter of life and death']",7.2,11231.0,2007-08-03,"['Asa Liebmann', 'Eric Jenkins', 'Erin Owen', 'Joanna Numata', 'Salli Richardson-Whitfield', 'Dash Mihok', 'Tyree Michael Simpson', 'Alexander DiPersia', 'Will Smith', 'Anika Ellis', 'Alice Braga', 'Jon-Paul Mateo', 'Reed Kelly', 'Marin Ireland', 'Emma Thompson', 'Luke Miller', 'Deborah Lohse', 'Steve Cirbus', 'Kimberly Shannon Murphy', 'Okwui Okpokwasili', 'Mike Patton', 'Gabriella Hill', 'Grasan Kingsberry', 'Calista Hill', 'Willow Smith', 'April Grace', 'Anthony C. Mazza', 'Kennis Hawkins', 'Caitlin McHugh', 'Moses Harris Jr.', 'Courtney Munch', 'Pat Fraley', 'James McCauley', 'Blake Lange', 'Charlie Tahan', 'Vince Cupone', 'Adhi Sharma', 'Deborah Collins', 'Katherine Brook', 'John Grady', 'Abraham Sparrow', 'Pedro Mojica', 'Darrell Foster', 'Raul Torres', 'Drew Leary', 'Madeline Hill', 'Marc Inniss', 'Lynna Davis', 'Ian Mclaughlin', 'Samuel Glen']","['Original Film', 'Weed Road Pictures', 'Overbrook Entertainment', 'Heyday Films', 'Village Roadshow Pictures', 'Warner Bros. Pictures']",10.0
Watch Inheritance Blue-ray Streaming Online,"['Comedy', 'Mystery', 'Drama', 'Thriller, Drama, Mystery', 'Thriller']","['patriarchy', 'father', 'buried memories', 'dark secret', 'family secrets', 'hidden truth', 'daughter']",6.3,115.0,2020-08-03,"['Harrison Stone', 'Mariyah Francis', 'Jim E Chandler', 'Marque Richardson', 'Christina DeRosa', 'Hamid-Reza Benjamin Thompson', 'Connie Nielsen', 'Patrick Warburton', 'Chris Gann', 'Simon Pegg', 'Katie Callaway', 'Rebecca Adams', 'Lily Collins', 'Grae Marino', 'Meagan Bown', 'Josh Murray', 'Lucas Alexander Ayoub', 'Lydia Hand', 'Joe Herrera', 'Chace Crawford', 'Ashley Pereira', 'Michael Beach']","['Ingenious Media', 'White Comet Films', 'Southpaw Entertainment', 'Highland Film Group']",10.0
Watch The Pale Door Blue-ray Streaming Online,"['Comedy', 'Horror', 'Western', 'Horror, Western']","['occult', 'violence', 'train robbery', 'witches', 'outlaw gang', 'cowboy', 'church', 'brothel']",5.5,20.0,2020-08-03,"['Natasha Bassett', 'Jake Ryan Scott', 'Darryl Cox', 'Danielle Evon Ploeger', 'Zachary Knighton', 'Jeremy King', 'Tina Parker', 'Jonny Mars', 'Doug Van Liew', 'Erin Herring', 'Collin Place', 'Noah Segan', 'Mark Adam Goff', 'Holt Boggs', 'Devin Druid', 'Stan Shaw', 'Pat Healy', 'Alexandra Harris', 'Melora Walters', 'Kent Shelton', 'James Landry Hébert', 'Debbi Tucker', 'Peggy Schott', 'Bill Sage']","['Title Media', 'Paper Street Pictures', 'Storyteller Media']",10.0
Big Brother (2020),Reality,,4.9,169.0,,Julie Chen,,10.0
Watch The Frighteners Blue-ray Streaming Online,"['Comedy', 'Horror', 'Horror, Comedy']","['scam', 'poltergeist', 'hell', 'graveyard', 'threat', 'con man', 'judge', 'fbi', 'architect', 'cult film', 'sheriff', 'ghost', 'mother', 'small town', 'serial killer', 'investigator', 'daughter', 'ghost world', 'black humor', 'multiple murder', 'funeral', 'army sergeant', 'widower', 'supernatural', 'lovers', 'recluse', 'psychotic', 'widow', 'murder', 'car accident', 'grim reaper', 'doctor', 'reporter', 'spooky', 'haunted']",6.8,879.0,1996-08-03,"['Angela Bloomfield', 'Jim Fyfe', 'Troy Evans', 'Jake Busey', 'Stuart Devenie', 'K.C. Kelly', 'Julianna McCarthy', 'Jonathan Blick', 'Chi McBride', 'Michael J. Fox', 'Elizabeth Hawthorne', 'R. Lee Ermey', 'Dee Wallace', 'Leslie Wing', 'Desmond Kelly', 'Jeffrey Combs', 'John Leigh', 'Billy Jackson', 'Melanie Lynskey', 'John Astin', 'Michael Robinson', 'Peter Dobson', 'Frank Edwards', 'Trini Alvarado']","['WingNut Films', 'Universal Pictures']",10.0
Watch Layer Cake Blue-ray Streaming Online,"['Comedy', 'Drama', 'Crime', 'Drama, Thriller, Crime', 'Thriller']","['london, england', 'drug smuggle', 'gangster', 'cult film', 'ecstasy', 'drug mule', 'drug traffic', 'rooftop', 'kidnapping', 'neo-noir', 'cocaine', 'hitman', 'murder', 'mission of murder', 'violence', 'based on novel or book', 'planned murder', 'cafe', 'crack head']",7.0,1206.0,2004-08-03,"['James Dodd', 'Dragan Mićanović', 'Nick Thomas-Webster', 'Dexter Fletcher', 'Nathalie Lunghi', 'Burn Gorman', 'Peter Rnic', 'Jamie Foreman', 'Tom Hardy', 'Paul Orchard', 'Daniel Moorehead', 'Louis Emerick', 'Jason Flemyng', 'Ben Brazier', 'Steve John Shepherd', 'Arnold Montey', 'Ivan Kaye', 'Marcel Iureș', 'George Harris', 'Dimitri Andreas', 'Daniel Craig', 'Matt Ryan', 'Stephen Walters', 'Budge Prewitt', 'Marvin Benoit', 'Sienna Miller', 'Kelly-Marie Kerr', 'Michael Gambon', 'Colm Meaney', 'Darren Healy', 'Darren Sean Enright', 'Philip Howard', 'Garry Tubbs', 'Tamer Hassan', 'Francis Magee', 'Neil Finnighan', 'Kenneth Cranham', 'Sally Hawkins', 'Ben Whishaw', 'Rab Affleck', 'Don McCorkindale', 'Brinley Green']",Marv Films,10.0
Watch G.I. Joe: Retaliation Blue-ray Streaming Online,"['Comedy', 'Adventure', 'Science Fiction', 'Action', 'Adventure, Action, Science Fiction, Thriller', 'Thriller']","['secret', 'rescue', 'technology', 'president', 'assassin', 'missile', 'warhead', 'cobra', 'explosion', 'conspiracy', 'surveillance', 'battle']",5.5,4342.0,2013-08-03,"['Naim Alherimi', 'Chip Carriere', 'Arnold Vosloo', 'Élodie Yung', 'Adrianne Palicki', 'Matt Gerald', 'Ilia Volok', 'Robert Catrini', 'Ray Park', 'Jim Palmer', 'Grant Goodman', 'Jonathan Pryce', 'Ray Stevenson', 'Dwayne Johnson', 'DeRay Davis', 'RZA', 'Joseph Mazzello', 'Ajay Mehta', 'Joe Chrest', 'Terry Dale Parks', 'Marcelo Tubert', 'Walton Goggins', 'James Carville', 'Ravi Naidu', 'Channing Tatum', 'Douglas M. Griffin', 'Tiffany Lonsdale', 'Lee Byung-hun', 'Augustus Cho', 'Joanna Leeds', 'Luke Bracey', 'Dikran Tulaine', 'Raja Deka', 'Bruce Willis', 'D.J. Cotrona', 'Ryan Hansen', 'James Lew']","['Paramount', 'Skydance Media', 'Metro-Goldwyn-Mayer', 'Hasbro', 'Saints LA', 'Di Bonaventura Pictures']",10.0
Watch Antonia's Line Blue-ray Streaming Online,"['Comedy', 'Drama, Comedy', 'Drama']","['suicide', 'underdog', 'village life', 'male homosexuality', 'loss of loved one', 'right and justice', 'university', 'peasant', 'mathematics', 'village', 'single', 'mentally disabled', 'world war ii', 'feminism', 'widow', 'freedom', 'free love', 'family history', 'parent child relationship', 'indian summer', 'philosophy', 'woman director', 'domestic violence', 'rape']",7.1,67.0,1996-08-03,"['Thyrza Ravesteijn', 'Fran Waller Zeper', 'Veerle van Overloop', 'Els Dottermans', 'Esther Vriesendorp', 'Jan Decleir', 'Marina de Graaf', 'Wimie Wilhelm', 'Arne Bang-Hansen', 'Reinout Bussemaker', 'Dora van der Groen', 'Willeke van Ammelrooy', 'Elsie de Brauw', 'Mil Seghers']","['NPS Televisie', 'Bergen Film', 'Bard Entertainments']",10.0
Watch Brightburn Blue-ray Streaming Online,"['Comedy', 'Horror, Thriller, Science Fiction', 'Science Fiction', 'Horror', 'Thriller']","['kansas state', 'father son relationship', 'child murderer', 'super villain', 'super power', 'husband wife relationship', 'american countryside', 'country life', 'mother son relationship', 'human alien']",6.0,1744.0,2019-08-03,"['Matt Jones', 'Stephen Blackehart', 'Emmie Hunter', 'Steve Agee', 'Christian Finlayson', 'Jennifer Holland', 'Abraham Clinkscales', 'Becky Wahlstrom', 'Terence Rosemore', 'Annie Humphrey', 'Mike Dunston', 'Gregory Alan Williams', 'Meredith Hagner', 'Elizabeth Becka', 'Jackson A. Dunn', 'David Denman', 'Michael Rooker', 'Elizabeth Banks']","['Screen Gems', 'Sony Pictures', 'Troll Court Entertainment']",10.0
Watch Minions: Orientation Day Blue-ray Streaming Online,"['Animation, Comedy, Family', 'Family', 'Comedy', 'Animation']","['minions', 'short']",6.8,138.0,2010-08-03,"['Rob Huebel', 'Pierre Coffin']","['Universal Pictures', 'Illumination Entertainment']",10.0
Watch Rush Blue-ray Streaming Online,"['Comedy', 'Crime, Drama', 'Drama', 'Crime']","['undercover cop', 'theft', 'addiction', 'paranoia', 'heroin', 'narcotics cop', 'drugs', 'dealer', 'cocaine', 'cold turkey', 'texas', 'love', 'investigation', 'assignment']",6.8,74.0,1991-08-03,"['Dennis Burkley', 'Toni Pilgreen', 'Sam Elliott', 'Barbara Lasater', 'Max Perlich', 'Tony Frank', 'Special K. McCray', 'Dennis Letts', 'Merrill Connally', 'Jennifer Jason Leigh', 'William Sadler', 'Jimmy Ray Pickens', 'Gregg Allman', 'Jason Patric', 'Glenn Wilson']","['Metro-Goldwyn-Mayer', 'The Zanuck Company']",10.0
Watch Don't Look Now Blue-ray Streaming Online,"['Comedy', 'Thriller, Drama, Horror', 'Drama', 'Horror', 'Thriller']","['psychic', 'mental illness', 'sibling relationship', 'hospital', 'ladder', 'architecture', 'italy', 'venice, italy', 'supernatural', 'loss of loved one', 'gondola', 'grieving', 'husband wife relationship', 'church restoration', 'premonition', 'hallucination', 'reading']",7.0,503.0,1973-08-03,"['Hilary Mason', 'Nicholas Salter', 'Massimo Serato', 'Sharon Williams', 'Adelina Poerio', 'Bruno Cattaneo', 'Leopoldo Trieste', 'Renato Scarpa', 'Ann Rye', 'Giorgio Trestini', 'Donald Sutherland', 'David Tree', 'Julie Christie', 'Clelia Matania']","['Casey Productions', 'Eldorado Films']",10.0
Watch A Scanner Darkly Blue-ray Streaming Online,"['Comedy', 'Animation', 'Animation, Science Fiction, Thriller', 'Science Fiction', 'Thriller']","['exam', 'brain', 'drugs', 'corporation', 'dream', 'condition', 'substance', 'california', 'schizophrenia', 'undercover', 'future', 'detective', 'neo-noir', 'totalitarian', 'cocaine', 'assignment', 'surveillance', 'based on novel or book', 'cyberpunk', 'dystopia']",6.8,1150.0,2006-08-03,"['Chamblee Ferguson', 'Rory Cochrane', 'Turk Pipkin', 'Dameon Clarke', 'Woody Harrelson', 'Natasha Valdez', 'Alex Jones', 'Mitch Baker', 'Ken Webster', 'Marco Perella', 'Winona Ryder', 'Wilbur Penn', 'Melody Chase', 'Robert Downey Jr.', 'Keanu Reeves', 'Jason Douglas', 'Angela Rawna', 'Steven Chester Prince']","['Warner Independent Pictures (WIP)', 'Section Eight', 'Thousand Words', 'Detour Filmproduction', '3 Arts Entertainment']",10.0
Watch The Basketball Diaries Blue-ray Streaming Online,"['Comedy', 'Crime', 'Drama', 'Drama, Crime']","['school suspension', 'based on memoir or autobiography', 'addiction', 'friends', 'heroin', 'sports', 'drugs', 'new york city', 'basketball', '1960s']",7.3,1155.0,1995-08-03,"['Bruno Kirby', 'James Madio', 'Leonardo DiCaprio', 'Brittany Daniel', 'Juliette Lewis', 'Lorraine Bracco', 'Manny Alfaro', 'Ernie Hudson', 'Cynthia Daniel', 'Mark Wahlberg', 'Roy Cooper', 'Michael Imperioli', 'Michael Rapaport', 'Patrick McGaw']","['New Line Cinema', 'Island Pictures']",10.0
Watch Seven Psychopaths Blue-ray Streaming Online,"['Comedy', 'Crime', 'Comedy, Crime']","['party', 'shih tzu', 'scam', 'criminal', 'kidnapping', 'los angeles, california', 'suicide', 'neo-noir', 'murder', 'screenwriter', 'alcohol', 'explosion', 'underworld', 'fight', 'gangster', 'struggling']",6.8,2623.0,2012-08-03,"['Long Nguyen', 'Christopher Walken', 'Olga Kurylenko', 'Linda Bright Clay', 'Woody Harrelson', 'Bonny', 'Joseph Lyle Taylor', 'Tai Chan Ngo', 'Christian Barillas', 'Gabourey Sidibe', 'Harry Dean Stanton', 'John Bishop', 'Colin Farrell', 'Ronnie Gene Blevins', 'Frank Alvarez', 'Brendan Sexton III', 'Tom Waits', 'Samantha Cutaran', ""Patrick O'Connor"", 'Michael Pitt', 'Sam Rockwell', 'Richard Wharton', 'Christine Marzano', 'Kevin Corrigan', 'Zeljko Ivanek', 'Johnny Bolton', 'Helena Mattsson', 'Michael Stuhlbarg', 'Kiran Deol', 'James Landry Hébert', 'Amanda Warren', 'Abbie Cornish', 'Christopher Gehrman']","['British Film Institute', 'CBS Films', 'Film4 Productions', 'Blueprint Pictures', 'HanWay Films']",10.0
Watch Phantasm III: Lord of the Dead Blue-ray Streaming Online,"['Comedy', 'Science Fiction', 'Action', 'Horror', 'Horror, Action, Science Fiction']","['zombie', 'mortuary', 'mausoleum', 'sentinals', 'tall man']",5.7,121.0,1994-08-03,"['Wendy Way', 'Sarah Scott Davis', 'A. Michael Baldwin', 'Kevin Connors', 'Gloria Lynne Henry', 'Angus Scrimm', 'Robert Beecher', 'Claire Benedek', 'Bill Thornbury', 'Duane Tucker', 'Irene Roseen', 'Brooks Gardner', 'Cindy Ambuehl', 'Reggie Bannister', 'John Davis Chandler']",Starway International Inc.,10.0
Watch The Lion King 1½ Blue-ray Streaming Online,"['Animation, Comedy, Family', 'Family', 'Comedy', 'Animation']","['pig', 'sequel', 'best friend', 'royalty', 'africa', 'lion']",6.6,2135.0,2004-08-03,"['Cherie Christmas', 'Frank Welker', 'Edward Hibbert', 'Carolyn Gardner', 'Jerry Stiller', 'Tress MacNeille', 'Alex Manugian', 'Matt Weinberg', 'Del Roy', 'Whoopi Goldberg', 'Corey Burton', 'Andrea Wolfson', 'Jim Cummings', 'Clay Savage', 'Matthew Broderick', 'Wayne Allwine', 'Jason Rudofsky', 'Kevin Schon', 'Cheech Marin', 'Nathan Lane', 'Robert Guillaume', 'Cam Clarke', 'Tony Anselmo', 'Moira Kelly', 'Shaun Fleming', 'Bob Joles', 'Blayne Weaver', 'Mary Beth Roe', 'Chris Sanders', 'Julie Kavner', 'Jeff Bennett', 'Bill Farmer', 'Ernie Sabella']",DisneyToon Studios,10.0
Watch Blood Diamond Blue-ray Streaming Online,"['Comedy', 'Drama', 'Drama, Thriller, Action', 'Action', 'Thriller']","['private military company', 'journalist', 'mercenary', 'bootlegger', 'loss of loved one', 'rwandan genocide', 'fisherman', 'diamond mine', '1990s', 'smuggling', 'sierra leone', 'journalism', 'africa', 'oppression', 'special unit', 'rebel', 'slavery']",7.5,5073.0,2006-08-03,"['Mduduzi Mabaso', 'Arnold Vosloo', 'Antony Coleman', 'Zenzo Ngqobe', ""Adetokumboh M'Cormack"", 'Ato Essandoh', 'Klemens Becker', 'Benu Mabhena', 'Kagiso Kuypers', 'Tyrone Keogh', 'Vanessa Haywood', 'Jennifer Connelly', 'Djimon Hounsou', 'Percy Matsemela', 'Grant Swanby', 'Leonardo DiCaprio', 'Marius Weyers', 'Michael Sheen', 'Basil Wallace', 'Nathaniel Ramabulana', 'Ntare Guma Mbaho Mwine', 'David S. Lee', 'David Harewood', 'Stephen Collins', 'Jimi Mistry', 'Anointing Lukola']","['Virtual Studios', 'Bedford Falls Productions', 'Liberty Pictures', 'Spring Creek Productions', 'Lonely Film Productions GmbH & Co. KG.', 'Warner Bros. Pictures', 'Initial Entertainment Group (IEG)']",10.0
Watch The Curse of Frankenstein Blue-ray Streaming Online,"['Comedy', 'Horror', 'Science Fiction', 'Horror, Science Fiction']","['mad scientist', 'experiment', 'severed hand', 'brain transplant', 'reanimation', 'decapitation', 'gothic horror', 'brain', 'hammer horror', 'guillotine', 'murder', 'revenge', 'severed head', 'morgue', 'told in flashback', 'reanimated corpse', 'remake', 'creature']",7.0,133.0,1957-08-03,"['Melvyn Hayes', 'Robert Urquhart', 'Andrew Leigh', 'Peter Cushing', 'Claude Kingston', 'Raymond Ray', 'Noel Hood', 'Alex Gallier', 'Hazel Court', 'Middleton Woods', 'Sally Walsh', 'Michael Mulcaster', 'Valerie Gaunt', 'Christopher Lee', 'Paul Hardtmuth', 'Fred Johnson', 'Ann Blake']",Hammer Film Productions,10.0
Watch Before the Devil Knows You're Dead Blue-ray Streaming Online,"['Comedy', 'Crime, Drama, Thriller', 'Drama', 'Crime', 'Thriller']","['sibling relationship', 'woman between two men', 'workplace', 'drug addiction', 'hospital', 'greed', 'office', 'father', 'sibling rivalry', 'hold-up robbery', 'career', 'shortage of money', 'daughter', 'jewelry store', 'botched robbery', 'investigation']",7.1,888.0,2007-08-03,"['Michael Shannon', 'Tom Zolandz', 'Nicholas E. Pagani', 'Mateo Gómez', 'Philip Seymour Hoffman', 'Marisa Tomei', 'Lee Wilkof', 'Zeke Hawkins', 'Natalie Gold', 'John Knox', 'Mary DeBellis', 'Meredith Patterson', 'Rosemary Harris', 'Albert Finney', 'Jordan Gelber', 'Patrick G. Burns', 'Josh Mowery', 'Megan Byrne', 'Paul Butler', 'Sarah Livingston', 'Anita Sklar', 'Bob Colletti', 'Blaine Horton', 'Diane Bradley', 'Sakina Jaffrey', 'Adrian Martinez', 'Aleksa Palladino', 'Guy A. Fortt', 'Alice Spivak', ""Brían F. O'Byrne"", 'Damon Gupton', 'Amy Ryan', 'Keith Davis', 'Chris Chalk', 'Marcia Jean Kurtz', 'Leonardo Cimino', 'Denis McKeown', 'Charles Kopelson', 'James Lally', 'Jack Fitz', 'Myra Lucretia Taylor', 'Ethan Hawke', 'Arija Bareikis', 'Alex Emanuel', 'Richard Lublin']","['Michael Cerenzie Productions', 'Capitol Films', 'Unity Productions', 'Linsefilm', 'Funky Buddha Productions']",10.0
Watch Derren Brown: Pushed to the Edge Blue-ray Streaming Online,"['Comedy', 'Documentary', 'TV Movie', 'Documentary, TV Movie']","['deception', 'social science', 'psychology', 'social engineering', 'manipulation']",7.3,58.0,2016-08-03,"['Tom Carter', 'Heather Ashley Chase', 'Derren Brown', 'Martin Freeman', 'Chris Kingston', 'David Tennant', 'Matt Lucas', 'Polly Eachus']",Vaudeville Productions,10.0
Watch Aliens Blue-ray Streaming Online,"['Comedy', 'Science Fiction', 'Action', 'Action, Thriller, Science Fiction', 'Thriller']","['alien', 'extraterrestrial technology', 'xenomorph', 'warrior woman', 'spaceman', 'colony', 'android', 'space colony', 'space marine', 'vacuum', 'settler', 'space travel', 'cryogenics']",7.9,6337.0,1986-08-03,"['Blain Fairman', 'Alibe Parsons', 'Bill Paxton', 'Mark Rolston', 'Sigourney Weaver', 'Al Matthews', 'Jay Benedict', 'Carrie Henn', 'Paul Maxwell', 'Carl Toop', 'Cynthia Dale Scott', 'Paul Reiser', 'Jenette Goldstein', 'Ricco Ross', 'Mac McDonald', 'Lance Henriksen', 'Colette Hiller', 'Michael Biehn', 'Valerie Colgan', 'Daniel Kash', 'Trevor Steedman', 'James Remar', 'Tip Tipping', 'Eddie Powell', 'Alan Polonsky', 'Barbara Coles', 'William Hope']","['Brandywine Productions', 'SLM Production Group', '20th Century Fox']",10.0
Watch Vivarium Blue-ray Streaming Online,"['Comedy', 'Thriller, Science Fiction, Horror', 'Science Fiction', 'Horror', 'Thriller']","['body bag', 'suburb', 'real estate agent', 'trapped', 'creepy kid', 'digging']",6.0,627.0,2019-08-03,"['Jesse Eisenberg', 'Michael McGeown', 'Senan Jennings', 'Imogen Poots', 'Jack Hudson', 'Jonathan Aris', 'Danielle Ryan', 'Mark Quigley', 'Olga Wehrly', 'Eanna Hardwicke', 'Molly McCann']","['Lovely Productions', 'Frakas Productions', 'Fantastic Films', 'XYZ Films', 'PingPongFilm']",10.0
Watch Man of Tai Chi Blue-ray Streaming Online,"['Comedy', 'Action, Drama', 'Drama', 'Action']","['illegal matches', 'martial arts', 'extortion', 'tai chi', 'china']",6.0,568.0,2013-08-03,"['Simon Yam', 'Ye Qing', 'Steven Dasz', 'Steve Yoo', 'Sam Lee', 'Jeremy Marinas', 'Michael Tong', 'Silvio Simac', 'Michael Chan', 'Iko Uwais', 'Keanu Reeves', 'Tiger Hu Chen', 'Karen Mok', 'Yu Hai']","['Dalian Wanda Group', 'China Film Group Corporation', 'Universal Pictures', 'Village Roadshow Pictures', 'Company Films']",10.0
Watch Being Canadian Blue-ray Streaming Online,"['Comedy, Documentary', 'Comedy', 'Documentary']","['interview', 'national identity', 'road trip', 'canadian history', 'canada', 'canada day', 'canadian stereotype', 'canadian']",5.4,17.0,2015-08-03,"[""Catherine O'Hara"", 'Russell Peters', 'Michael Bublé', 'Paul Shaffer', 'Morley Safer', 'Kathy Griffin', 'Will Arnett', 'Malcolm Gladwell', 'Rich Little', 'Martin Short', 'Barenaked Ladies', 'Kim Cattrall', 'Seth Rogen', 'Alex Trebek', 'Michael J. Fox', 'Robert Cohen', 'David Steinberg', 'Rick Mercer', 'Nathan Fillion', 'Christy Alcroft', 'Ben Stiller', 'Alan Thicke', 'Alanis Morissette', 'Caroline Rhea', 'Howie Mandel', 'Dave Foley', 'Geddy Lee', 'Mike Myers', 'Jason Priestley', 'William Shatner', ""Conan O'Brien"", 'Eugene Levy', 'George Stroumboulopoulos', 'Dan Aykroyd', 'Cobie Smulders']",GRAiNEY Pictures,10.0
Watch The Gruffalo Blue-ray Streaming Online,"['Comedy', 'Family', 'Animation', 'Animation, Family']","['snake', 'short', 'mouse', 'fox', ""based on children's book""]",7.0,142.0,2009-08-03,"['John Hurt', 'James Corden', 'Rob Brydon', 'Helena Bonham Carter', 'Robbie Coltrane', 'Tom Wilkinson']","['Magic Light Pictures', 'Orange Eye']",10.0
Watch The Ghost and the Darkness Blue-ray Streaming Online,"['Comedy', 'Adventure']","['swahili', 'bridge', 'colonialism', 'based on a true story', 'africa', 'lion', 'lion attack', 'animal attack', 'kenya']",6.6,540.0,1996-08-03,"['Giles Masters', 'Om Puri', 'Glen Gabela', 'Kurt Egelhof', 'Alex Ferns', 'Bernard Hill', 'Val Kilmer', 'John Kani', 'Jack Devnarain', 'Patrick Gifford', 'Henry Cele', 'Teddy Reddy', 'Richard Nwamba', 'Emily Mortimer', 'George Middlekoop', 'Raheem Khan', 'Satchu Annamalai', 'Brian McCardie', 'Nick Lorentz', 'Tom Wilkinson', 'Justin Gifford', 'Michael Douglas', 'Kaycey Padayachee']","['Paramount', 'Constellation Films']",10.0
Watch A Nightmare on Elm Street Part 2: Freddy's Revenge Blue-ray Streaming Online,"['Comedy', 'Horror']","['spontaneous combustion', 'bdsm', 'sleepwalking', 'dream', 'supernatural', 'possession', 'school bus', 'nightmare', 'fire', 'high school', 'diary', 'premonition', 'party', 'haunted house', 'disfigurement', 'transformation']",5.8,1067.0,1985-08-03,"['Kimberly Lynn', 'Melinda O. Fee', 'Allison Barron', 'Robert Rusler', 'Hart Sprager', 'Clu Gulager', 'Kim Myers', 'Tom Tangen', 'Lyman Ward', 'JoAnn Willette', 'Marshall Bell', 'Steve Eastin', 'Donna Bruce', 'Steven Smith', 'Brian Wimmer', 'Jonathan Hart', 'Robert Shaye', 'Christie Clark', 'Robert Englund', 'Edward Blackoff', 'Tom McFadden', 'Mark Patton', 'Kerry Remsen', 'Robert Chaskin', 'Sydney Walsh', 'Hope Lange']","['Smart Egg Pictures', 'New Line Cinema']",10.0
Watch Killing Zoe Blue-ray Streaming Online,"['Comedy', 'Action, Crime, Drama, Thriller', 'Drama', 'Action', 'Crime', 'Thriller']","['hostage', 'heroin', 'drugs', 'aids', 'bank', 'vault', 'junkie', 'drug abuse', 'friendship', 'illegal prostitution', 'hoodlum', 'kidnapping', 'paris, france', 'prostitute', 'robbery', 'jazz', 'bank robbery', 'murder', 'violence', 'night life', 'bank robber']",6.2,207.0,1993-08-03,"['Gladys Holland', 'Julie Delpy', 'Jean-Hugues Anglade', 'Gary Kemp', 'Kimberly Beck', 'Eric Pascal Chaltiel', 'Bruce Ramsay', 'Kario Salem', 'Ron Jeremy', 'Cecilia Peck', 'Salvator Xuereb', 'Eric Stoltz', 'Annette Goodman', 'Djimon Hounsou', 'Martin Raymond', 'Tai Thai']",Live Entertainment,10.0
Watch George Washington Blue-ray Streaming Online,"['Comedy', 'Drama']","['north carolina', 'children', 'small town', 'independent film']",6.7,72.0,2000-08-03,"['Curtis Cotton III', 'Ebony Jones', 'Derricka Rolle', 'Scott Clackum', 'Janet Taylor', 'Eddie Rouse', 'Paul Schneider', 'Donald Holden', 'Beau Nix', 'Candace Evanofski', 'Rachael Handy', 'Jonathan Davidson', 'Damian Jewan Lee', 'Henry Harris']",,10.0
