0,description,dateCreated
I Was a Child Bride: The Untold Story,"In America, a shocking number of teenage girls are forced into marriages against their will because of legal loopholes in most states. Many believe this only happens in developing countries, but in the past 15 years, an estimated 200,000 girls have been forced into marriage in the US. In this in-depth two-hour documentary episode, Elizabeth Vargas reveals the heart-wrenching stories of child marriage victims, who against all odds, escaped the most dire of circumstances. These brave survivors tackle this taboo issue in their personal lives and help to shine a light on the national epidemic with the hope that no child will ever have to be a victim again.",2019-12-17T21:34:34.000Z
America on Fire,"Pulitzer Prize winning journalist Charlie Leduff goes deep inside the American militia movement to uncover their roots, motivations, and goals in an increasingly polarized world.",2019-12-17T21:35:23.000Z
Voices Magnified: Policing in America,"Narrated by Emmy Award-winning actor Laurence Fishburne, &quot;Voices Magnified: Policing in America&quot; examines what it will take to transform the way we police our streets so people of all races can feel safe and respected by those who are charged with protecting them. Assembling multiple perspectives including community leaders and activists, police, grieving families and victims of brutality, the aim is to understand why, amid a global health pandemic, Americans from across the socioeconomic and racial spectrum felt compelled to leave the safety of their homes and pour into the streets this spring to demand racial justice after the deaths of George Floyd, Breonna Taylor and others. People with the most at stake on all sides seek to advance solutions to these issues, transforming the smoldering embers of the uprising into a real spark for systemic change. The special will also specifically examine the city and county of Los Angeles and track the unfolding story of how that city is working to address the historically troubled relationship between residents of color and law enforcement.",2020-09-21T00:25:41.825Z
Elizabeth Smart: Questions Answered,"Abduction survivor Elizabeth Smart answers questions from viewers, revealing new details about her nine months in captivity and her recovery. Dr. Drew Pinsky guides a revealing discussion about her methods of surviving the ordeal.",2019-12-17T21:35:31.000Z
Dating App Horrors: The Untold Story,"Dating apps have become an increasingly popular way for people to connect. Elizabeth Vargas examines the largely unregulated dating app industry and explores the risks of dating online, which in some rare cases has led to assault, rape and even murder. Vargas explores this topic through interviews with lawyers, detectives and advocates, who all hope that discussing this development will prevent future experiences and protect users.",2019-12-17T21:34:33.000Z
Biography: The Nine Lives of Ozzy Osbourne,"&quot;The Nine Lives of Ozzy Osbourne&quot; traces his life from his childhood in poverty and time in prison, to fronting metal band Black Sabbath and successful solo career, to one of rock’s elder statesmen and a lovable 21st century television dad. As Ozzy turns 70, he reflects on the intimate details of his successes, failures, and his unique ability for survival and perseverance—including never-before-seen interviews about his recent Parkinson&#x27;s diagnosis. The documentary features interviews with Sharon, Kelly and Jack Osbourne as well as friends and fellow musicians including Rick Rubin, Ice-T, Marilyn Manson, Rob Zombie, Jonathan Davis, Post Malone and more.",2020-09-19T05:57:49.788Z
Women Who Kill,A documentary investigating why women are more likely to kill family members than men. The special features interviews from a variety of cases including a woman who stabbed her boyfriend with a stiletto-heeled shoe and a husband who was pushed out of a high-rise apartment.,2019-12-17T21:35:50.000Z
O.J.: Guilty in Vegas,This two-hour premiere special analyzes with new details and revelations the case that led to Simpson&#x27;s conviction for armed robbery. The documentary will take viewers back to the scene of the crime in room 1203 at the Palace Station Casino and re-examine the chilling details that led to O.J. Simpson&#x27;s verdict.,2019-12-17T21:35:37.000Z
Born This Way Presents: Deaf Out Loud,"Executive produced by Academy® Award-winner Marlee Matlin, this new documentary special follows three predominantly deaf families as they raise their children in a hearing world. With many differing opinions about how deaf children should be raised swirling in the social consciousness, these families work to forge their own paths forward and combat the daily social stigmas many deaf people face.",2019-12-17T21:34:59.000Z
Warren Jeffs: Prophet of Evil,"&quot;Warren Jeffs: Prophet of Evil&quot; pulls back the curtain on the now imprisoned religious prophet to an estimated 15,000 followers of the FLDS Church who, before going to jail for two felony counts of child sexual assault in 2011, is said to have married at least 78 wives and have more than 50 children and controlled millions of dollars for the church. This two-hour special takes a look from the inside out at a community that was led for decades by a man who controlled many to quell his demands and desires.",2020-03-06T20:31:15.000Z
Sex for Sale: The Untold Story,"Elizabeth Vargas explores the inner workings of the new sex trade which relies on the internet to tap into a huge demand for sex, intimacy and companionship. This unfiltered look at the secrets, rules and specialties of the sex industry takes viewers on a revealing journey through immersive character-driven portraits of a male escort who promotes himself on social media as the &quot;ultimate boyfriend experience&quot; for women, a grad student-turned-millionaire who, in her live video streams, caters to the unusual fetishes of men she&#x27;ll never meet, a woman capitalizing on the benefits of new motherhood, a so-called &quot;naughty lifestyle&quot; mogul who helps couples explore their wildest desires and young women who have sugar daddies they&#x27;ve met online pay for their tuition, days at the spa, luxurious travel and more. These entrepreneurs give in-depth details on how they made a living by using the internet to sell sex.",2019-12-17T21:34:35.000Z
Living in Sin: Inside a Religious Reform School,"At a religious reform school in Indiana, several former students share their heart-wrenching stories of what they allege to be physical and emotional mistreatment. But those who run the school, and another former student, say that what happened there is just the strict structure and discipline common to similar schools for troubled teens.",2019-12-17T21:34:17.000Z
Casey Anthony&#x27;s Parents Speak,"Ten years after the tragic disappearance and mysterious death of three year old Caylee Anthony, her grandparents, George and Cindy Anthony, open up to Elizabeth Vargas about their lives in the A&amp;E special, &quot;Casey Anthony&#x27;s Parents Speak.&quot; Along the way George and Cindy revisit locations that have come to define their lives, from the woods where Caylee&#x27;s remains were found, to the hotel where George almost ended it all. And for the first time ever, cameras will follow as they shed light on the complicated truth about their relationship with each other and the tension surrounding their differing opinions about their notorious daughter, Casey.",2019-12-17T21:35:13.000Z
Vanished in Paradise: The Untold Story,"Elizabeth Vargas explores the mysterious disappearance of Hannah Upp, a 32-year-old teacher from Oregon, who vanished in the U.S. Virgin Islands in 2017 in the chaotic days between two category five hurricanes. While many questions remain about what might have happened to Hannah, her family and friends have reason to believe that she may be lost with no idea who she is, wandering in what doctors call a &quot;fugue&quot; state--a rare form of temporary amnesia. Vargas will help retrace Hannah&#x27;s last known steps by sifting through clues from her past as well as speaking with Hannah&#x27;s mother, friends and law enforcement who are still actively searching for her.",2019-12-17T21:34:32.000Z
Biggie: The Life of Notorious B.I.G.,"Directed by Mark Ford, Biggie: The Life of Notorious B.I.G. is the first biography to be authorized by his estate and will be the most personal and revealing documentary about the late Christopher Wallace that anyone has ever seen. It will provide interviews with those closest to him including his widow Faith Evans, his mother Voletta Wallace, his close friend Lil Cease and members of Junior Mafia as well as cultural icons Sean &quot;Diddy&quot; Combs, Shawn &quot;Jay Z&quot; Carter and Nas. Twenty years after his death, this intimate documentary will also focus on Faith Evans as she embarks on an emotional journey to reconcile her own turbulent memories. In addition, the special will explore the people and places that shaped his life including his youth hustling on the streets of Brooklyn, NY, his rise to fame with his confidante and collaborator Sean &quot;Diddy&quot; Combs, his relationships with Faith Evans and Lil&#x27; Kim, his feud with Tupac Shakur, and his shocking murder on the streets of Los Angeles.",2019-12-17T21:35:45.000Z
Hunting JonBenét&#x27;s Killer: The Untold Story,"Elizabeth Vargas takes a fresh look at the most notorious cold case murder in American history. By tracking down new leads and with new DNA tests, this episode takes a deeper dive in hopes of bringing peace to the Ramsey family. Featuring an exclusive interview with John Ramsey, as well as many never-before-seen photos, the documentary also pursues numerous &quot;intruder theories&quot; of the crime. Vargas and retired FBI agent Robert Clark investigate the possibility that the killer may have ties to a group that believed in extra-terrestrial life and the end of the world.",2019-12-17T21:34:36.000Z
Sentenced to Life: Teen Killers,"When it comes to kids who kill, the U.S. has a zero tolerance policy. Children charged with murder can be convicted as adults and sentenced to spend the rest of their life behind bars, without the chance of parole. In 2015 a landmark Supreme Court ruling now controversially gives child lifers the chance to walk free, by giving them a resentencing hearing. As the nationwide resentencing of juvenile lifers begins, journalist Susanna Reid follows the hearing of one of the most notorious child homicide cases ever to hit Jacksonville, Florida. Joshua Phillips was just 14 when he was convicted of brutally murdering his 8-year-old neighbor. Having already served nearly 20 years in prison, Josh will take the stand and plead for his freedom, but will it be enough to secure a reprieve and will the local community be able to reconcile the judge&#x27;s verdict? Susanna meets the people affected by his crime and meets other juveniles convicted of some of the most shocking crimes imaginable.",2019-12-17T21:31:15.000Z
The Plot Against America,"&quot;The Plot Against America&quot; looks beyond the headlines and goes into the heart of our country to ask the question, is America safe? Beginning in 2001, a shift in counter-intelligence spending meant that the United States took its eye off the spy game while Russia continued to dedicate vast resources to developing their army of spies. The documentary follows former FBI Special Agent Dennis Franks as he tracks down enemy &quot;sleepers&quot; who have been strategically placed throughout America, and builds a case to expose them.",2020-02-03T15:58:49.000Z
Biography: I Want My MTV,"Charts the rise of a cultural phenomenon that came to define a generation: MTV. What started during the nascent days of cable television as a scrappy, playful music video lineup, rapidly evolved into a reflection of American youth culture. The special weaves together exclusive interviews with the network&#x27;s founders and VJs, artists and journalists, along with rarely seen archival footage and outtakes, including an interview with the late David Bowie that was never broadcast on television.",2020-09-21T00:53:30.873Z
John and Yoko: Above Us Only Sky,"This special traces the untold story of the making of John Lennon&#x27;s 1971 album &quot;Imagine.&quot; Utilizing never-before-seen footage of Lennon and Ono from their private archive, the special delves into the depth of the creative collaboration between the couple and explores how the art, politics and music of the pair are intrinsically entwined. Features interviews with the people who witnessed the period first hand including Yoko Ono, Julian Lennon, David Bailey (photographer), John Dunbar (Gallerist who introduced the couple), Dan Richter (Yoko&#x27;s neighbor and John&#x27;s former personal assistant) and Eddie Veale (studio designer), some of who have never spoken publicly on camera before.",2019-12-17T21:34:39.000Z
"Silk Road: Drugs, Death and the Dark Web","In 2011, a sensational new black market website known as the &quot;Silk Road&quot; emerged on the dark net. This &quot;Amazon of Illegal Drugs&quot; was the brainchild of a mysterious, libertarian intellectual operating under the avatar &quot;The Dread Pirate Roberts.&quot; Promising its users complete anonymity, and total freedom from government regulation or scrutiny, Silk Road became a billion-dollar digital drugs cartel.",2019-12-17T21:35:22.000Z
Kids Who Kill,"This two-hour special dives into the minds of child killers, and tells the intense, personal stories of young murderers and their victims, with exclusive access to the families involved. These emotional stories drill deep into tragic moments of violence, and show the ripple effects on the families and the killers themselves. In-depth interviews with the prosecutors and defense attorneys in each case, as well as child psychology experts, fosters a debate over punishment versus rehabilitation, and the competence of the adolescent brain.",2019-12-17T21:35:49.000Z
Author: The JT LeRoy Story,"Author: The JT LeRoy Story, directed by Jeff Feuerzeig, takes us down the infinitely fascinating rabbit hole of how Laura Albert, like a Cyrano de Bergerac on steroids, breathed not only words, but life, into her avatar for a decade. Albert’s epic and entertaining account plunges us into a glittery world of rock shows, fashion events, and the Cannes red carpet where LeRoy becomes a sensation. As she recounts this astonishing odyssey, Albert also reveals the intricate web spun by irrepressible creative forces within her.",2019-12-17T21:35:00.000Z
The Spy Who Raised Me,"&quot;The Spy Who Raised Me&quot; follows the emotional journey of Chelsea Dittrich, the U.S. born daughter of a former American-based Russian spy. Speaking with other children of spies as well as with her own father whose spying activities tore her family apart, she uncovers the effects this clandestine activity has on families and communities as a whole.",2020-02-03T15:59:02.000Z
Secret Life of a Gang Girl: The Untold Story,"Is gang violence being propelled by social media? In this episode, Elizabeth Vargas investigates how and why young gang members&#x27; internet feuds are erupting into real-world shootings. Focusing on the notorious life and tragic death of one legendary teenage female gang assassin in Chicago with a strong social media presence, Vargas explores how there may be a hidden pattern in the social media footprints of gang members, which can be used to help to identify potential real-world conflicts and help to stem the violence.",2019-12-17T21:34:30.000Z
The Time Is Now: Race and Resolution,"The Time Is Now: Race and Resolution aired across all A+E networks in partnership with the NAACP and OZY. This important conversation features influential social justice voices discussing the ways systemic racism, implicit bias, and economic inequality are afflicting our nation, and pathways forward to help achieve lasting change.",2020-09-19T05:37:39.120Z
L.A. Burning: The Riots 25 Years Later,An original two-hour documentary marking the 25th anniversary of the infamous L.A. riots that reexamines the intense and life-changing events through the eyes of those who lived it.,2020-03-06T20:00:05.000Z
Criss Angel: Trick&#x27;d Up,"This fast-paced, one hour special showcases the most mind-blowing magic ever performed. Criss Angel and &quot;The Supernaturalists,&quot; his hand-picked team of the of the world&#x27;s best magicians, leave the glitz of Vegas to go on a road trip to the heart of America, shocking unsuspecting bystanders and destroying the minds of celebrity guests. It&#x27;s the raw, in-your-face, insane magic that Criss Angel has pioneered. With more than 30 illusions, the TV special event is packed with more magic than any televised magic show, EVER! Guests appearances include: Gary Oldman, Paris Jackson, comedian Andrew Dice Clay, Miles Brown (Blackish), Latino Pop star Belinda, DJ Steve Aoki, UFC stars Frank Mir, Chuck Liddell, Randy Couture and Paige VanZant.",2019-12-17T21:36:19.000Z
Jonestown: The Women Behind the Massacre,"The powerful two-hour special &quot;Jonestown: The Women Behind The Massacre,&quot; focuses on four women in Jim Jones&#x27; inner circle who helped plan the 1978 Jonestown Massacre, one of the largest murder-suicide events in modern history which left 918 men, women and children dead. The special will explore the influence that Jones&#x27; wife Marceline Jones and mistresses Carolyn Layton, Maria Katsaris and Annie Moore had on The People&#x27;s Temple and its tragic end.",2019-12-17T21:35:22.000Z
Behind Bars: Women Unchained,"Across the country the female inmate population is exploding, as more and more women are coming to prison for longer sentences. Officials in New Mexico are tackling this problem head-on by creating a new experimental prison for female inmates that provides jobs and freedom of movement in an attempt to adjust them to the outside world and reduce the possibility of reoffending after release. But as the staff in Springer move the women in over a three-week period, trouble begins to brew. The inmates form dangerous cliques, the staff finds evidence of drug trafficking, and fights breakout. While some of the women make it through the program reformed and ready for a fresh start on the outside, others challenge the system, facing new charges and an uncertain future.",2019-12-17T21:35:48.000Z
No Greater Law,"&quot;No Greater Law&quot; introduces audiences to the families, beliefs and primeval rejection of compromise behind an elusive and private faith healing church known as the Followers of Christ. As an effort grows by outsiders and the local sheriff&#x27;s office to confront an issue they say puts children at risk, the conflict tests the politicians and legality of exemptions that support and protect the church&#x27;s way of life. Exploring the narrative and ideological rift with empathy for all involved, the film unveils the changing landscape of a highly religious and individualistic state, and country, and lays bare a cultural fracture in the American religious psyche.",2019-12-17T21:34:58.000Z
