0,description,duration,contentRating,director,datePublished,ratingCount,ratingValue,bestRating,worstRating,actor
Accident Man,"Mike Fallon, the Accident Man, is a stone cold killer. When a loved one is murdered by his own crew, Fallon is forced to avenge the one person who actually meant something to him.",PT101M,R,Jesse V. Johnson,2018-02-06,1.0,3.4,5.0,1.0,"['Scott Adkins', 'Amy Johnston', 'Ray Stevenson', 'Michael Jai White', 'Ray Park', 'Ashley Greene']"
Silver Linings Playbook,"After spending eight months in a mental institution, a former teacher moves back in with his parents and tries to reconcile with his ex-wife.",PT122M,R,David O. Russell,2012-12-25,1.0,4.1,5.0,1.0,"['Bradley Cooper', 'Jennifer Lawrence', 'Robert De Niro', 'Julia Stiles', 'Jacki Weaver', 'Chris Tucker']"
Hidden Figures,"The untold story of Katherine G. Johnson, Dorothy Vaughan and Mary Jackson – brilliant African-American women working at NASA and serving as the brains behind one of the greatest operations in history – the launch of astronaut John Glenn into orbit. The visionary trio crossed all gender and race lines to inspire generations to dream big.",PT127M,PG,Theodore Melfi,2016-12-25,1.0,4.2,5.0,1.0,"['Kirsten Dunst', 'Kevin Costner', 'Octavia Spencer', 'Jim Parsons', 'Janelle Monáe', 'Taraji P. Henson']"
Batman v Superman: Dawn of Justice,"Fearing the actions of a god-like Super Hero left unchecked, Gotham City’s own formidable, forceful vigilante takes on Metropolis’s most revered, modern-day savior, while the world wrestles with what sort of hero it really needs. And with Batman and Superman at war with one another, a new threat quickly arises, putting mankind in greater danger than it’s ever known before.",PT151M,PG-13,Zack Snyder,2016-03-25,1.0,2.6,5.0,1.0,"['Gal Gadot', 'Jesse Eisenberg', 'Amy Adams', 'Ben Affleck', 'Diane Lane', 'Henry Cavill']"
Blockers,"When three parents discover their daughters’ pact to lose their virginity at prom, they launch a covert one-night operation to stop the teens from sealing the deal.",PT102M,R,Kay Cannon,2018-04-06,1.0,3.5,5.0,1.0,"['Kathryn Newton', 'Leslie Mann', 'John Cena', 'Geraldine Viswanathan', 'Gideon Adlon', 'Ike Barinholtz']"
Bad Teacher,"A lazy, incompetent middle school teacher who hates her job and her students is forced to return to her job to make enough money for a boob job after her rich fiancé dumps her.",PT92M,R,Jake Kasdan,2011-06-19,1.0,2.6,5.0,1.0,"['John Michael Higgins', 'Lucy Punch', 'Phyllis Smith', 'Justin Timberlake', 'Jason Segel', 'Cameron Diaz']"
Harry Potter and the Philosopher&#39;s Stone,"Harry Potter has lived under the stairs at his aunt and uncle&#39;s house his whole life. But on his 11th birthday, he learns he&#39;s a powerful wizard -- with a place waiting for him at the Hogwarts School of Witchcraft and Wizardry. As he learns to harness his newfound powers with the help of the school&#39;s kindly headmaster, Harry uncovers the truth about his parents&#39; deaths -- and about the villain who&#39;s to blame.",PT152M,PG,Chris Columbus,2001-11-16,1.0,3.9,5.0,1.0,"['Emma Watson', 'Alan Rickman', 'Tom Felton', 'Daniel Radcliffe', 'Rupert Grint', 'Richard Harris']"
Dreamer: Inspired By a True Story,Ben Crane believes that a severely injured racehorse deserves another chance. He and his daughter Cale adopt the mare and save it from being sacrificed by the owner.,PT106M,PG,John Gatins,2005-10-21,1.0,3.3,5.0,1.0,"['Freddy Rodríguez', 'Kris Kristofferson', 'Dakota Fanning', 'David Morse', 'Kurt Russell', 'Elisabeth Shue']"
The Great Muppet Caper,"Kermit and Fozzie are newspaper reporters sent to London to interview Lady Holiday, a wealthy fashion designer whose priceless diamond necklace is stolen. Kermit meets and falls in love with her secretary, Miss Piggy. The jewel thieves strike again, and this time frame Miss Piggy. It&#39;s up to Kermit and Muppets to bring the real culprits to justice.",PT95M,G,Jim Henson,1981-06-26,1.0,3.6,5.0,1.0,"['Dave Goelz', 'Jerry Nelson', 'Frank Oz', 'Charles Grodin', 'Richard Hunt', 'Jim Henson']"
Urge,A group of friends on holiday on an island experiment a new designer drug that makes them lose their ability to control their urges.,PT89M,,Aaron Kaufman,2016-02-14,1.0,2.2,5.0,1.0,"['Alexis Knapp', 'Bar Paly', 'Danny Masterson', 'Justin Chatwin', 'Ashley Greene', 'Pierce Brosnan']"
Poms,A woman moves into a retirement community and starts a cheerleading squad with her fellow residents.,PT91M,,Zara Hayes,2019-05-09,1.0,2.6,5.0,1.0,"['Diane Keaton', 'Pam Grier', 'Jacki Weaver', 'Rhea Perlman', 'Charlie Tahan', 'Alisha Boe']"
Mary Poppins Returns,"In Depression-era London, a now-grown Jane and Michael Banks, along with Michael&#39;s three children, are visited by the enigmatic Mary Poppins following a personal loss. Through her unique magical skills, and with the aid of her friend Jack, she helps the family rediscover the joy and wonder missing in their lives.",PT131M,PG,Rob Marshall,2018-12-19,1.0,3.5,5.0,1.0,"['Emily Mortimer', 'Lin-Manuel Miranda', 'Nathanael Saleh', 'Ben Whishaw', 'Pixie Davies', 'Emily Blunt']"
