0,1,url,partOfSeries,duration
Family Guy Season 2 Episode 3,"Peter, who is concerned that the world is about to end becase of Y2K, convinces the family into canceling all their New Year’s Eve plans. After bombs destroy everything, the Griffins set off to a Twinkie factory in Natick.",https://www.zebrahead.org/episode/family-guy-season-2-episode-3/,Family Guy,Da Boom
Naked and Afraid XL Season 6 Episode 7,"Watch Naked and Afraid XL Season 6 Episode 7 online full free. Naked and Afraid XL Season 6 watch online free in HD. Info: Brutal heat punishes Suzanne as she makes a new start after leaving Seth. Barehanded Killer Bulent takes on a monitor lizard. A potential snake attack could be Seth’s first African food win. A tribe plans a move that could upend the challenge. Naked and Afraid XL Season 6 Episode 7 Watch Full 123Movies, GoMovies, PutLockers.",https://www.zebrahead.org/episode/naked-and-afraid-xl-season-6-episode-7/,Naked and Afraid XL,A Matter of Life or Seth
Animal Kingdom Season 3 Episode 13,The Cody family picks up the pieces from their showdown with Lucy; Smurf becomes determined to reel Pope back into the fold at any cost; J goes to extreme lengths to protect a secret.,https://www.zebrahead.org/episode/animal-kingdom-season-3-episode-13/,Animal Kingdom,Hyenas
Animal Kingdom Season 1 Episode 3,"While Craig recovers from his wound, Baz and Craig deal with some old associates down in Mexico. Meanwhile, strapped for cash, Pope takes charge and ropes Deran and J into a job without Smurf’s knowledge. Threatened by J’s participation, Deran sends J a terrifying message.",https://www.zebrahead.org/episode/animal-kingdom-season-1-episode-3/,Animal Kingdom,"Stay Close, Stick Together"
I’ll Be Gone in the Dark Season 1 Episode 2,"Watch I’ll Be Gone in the Dark Season 1 Episode 2 online full free. I’ll Be Gone in the Dark Season 1 watch online free in HD. Info: Michelle reflects on the 1984 murder of her childhood neighbor Kathy Lombardo, which she credits with planting the seed for her lifelong fascination with unsolved crimes. Local detectives who worked the EAR case in the ’70s – and citizen detectives who picked up where they left off – discuss a proliferation of serial rape cases in Northern California at the time. I’ll Be Gone in the Dark Season 1 Episode 2 Watch Full 123Movies, GoMovies, PutLockers.",https://www.zebrahead.org/episode/ill-be-gone-in-the-dark-season-1-episode-2/,I'll Be Gone in the Dark,Reign of Terror
Naked and Afraid XL Season 6 Episode 2,"Watch Naked and Afraid XL Season 6 Episode 2 online full free. Naked and Afraid XL Season 6 watch online free in HD. Info: As temperatures soar, survivalists try to hunt while being hunted themselves. At Camp Murder Puddle, the group fights off a night attack by aggressive crocodiles. A team in turmoil leads to the first self-banishment of the challenge. Naked and Afraid XL Season 6 Episode 2 Watch Full 123Movies, GoMovies, PutLockers.",https://www.zebrahead.org/episode/naked-and-afraid-xl-season-6-episode-2/,Naked and Afraid XL,Croc Shock
Animal Kingdom Season 2 Episode 5,"As the boys put the megachurch heist in motion, Craig has second thoughts. Javi surprises Smurf with a visit.",https://www.zebrahead.org/episode/animal-kingdom-season-2-episode-5/,Animal Kingdom,Forgive Us Our Trespasses
Animal Kingdom Season 1 Episode 10,,https://www.zebrahead.org/episode/animal-kingdom-season-1-episode-10/,Animal Kingdom,What Have You Done
Animal Kingdom Season 2 Episode 7,"The boys consider how far they’ll go to help Smurf eliminate Javi. Shaken by what’s happened, Nicky and J get closer. Baz shares new information with Pope about Catherine’s disappearance.",https://www.zebrahead.org/episode/animal-kingdom-season-2-episode-7/,Animal Kingdom,Dig
Penn & Teller: Fool Us Season 7 Episode 5,"Watch Penn & Teller: Fool Us Season 7 Episode 5 online full free. Penn & Teller: Fool Us Season 7 watch online free in HD. Info: Featured magicians Guy Bavli, Javier Botía, B.S. Reddy and Chad Allen. Penn & Teller: Fool Us Season 7 Episode 5 Watch Full 123Movies, GoMovies, PutLockers.",https://www.zebrahead.org/episode/penn-teller-fool-us-season-7-episode-5/,Penn & Teller: Fool Us,Watermelon Surgery
Animal Kingdom Season 2 Episode 2,"As Smurf adjusts to being sidelined, the boys scope out their next job. Deran needs quick cash, and Pope and Craig lend him a hand while Baz investigates Catherine’s disappearance.",https://www.zebrahead.org/episode/animal-kingdom-season-2-episode-2/,Animal Kingdom,Karma
Naked and Afraid XL Season 6 Episode 6,"Watch Naked and Afraid XL Season 6 Episode 6 online full free. Naked and Afraid XL Season 6 watch online free in HD. Info: Not Available. Naked and Afraid XL Season 6 Episode 6 Watch Full 123Movies, GoMovies, PutLockers.",https://www.zebrahead.org/episode/naked-and-afraid-xl-season-6-episode-6/,Naked and Afraid XL,Season 6 Episode 6
Naked and Afraid XL Season 6 Episode 9,"Watch Naked and Afraid XL Season 6 Episode 9 online full free. Naked and Afraid XL Season 6 watch online free in HD. Info: Wes and team get their third big-game kill, but the victory quickly becomes an unexpected and very dangerous medical situation. A broiling heat wave pushes temperatures to 130 degrees and tests Bulent’s ability to survive solo. Naked and Afraid XL Season 6 Episode 9 Watch Full 123Movies, GoMovies, PutLockers.",https://www.zebrahead.org/episode/naked-and-afraid-xl-season-6-episode-9/,Naked and Afraid XL,Third Times The Harm
Animal Kingdom Season 1 Episode 9,,https://www.zebrahead.org/episode/animal-kingdom-season-1-episode-9/,Animal Kingdom,Judas Kiss
Animal Kingdom Season 4 Episode 4,Smurf’s increasingly unnerving behavior shows up in unexpected places. J realizes he needs to set his own plans in motion if he wants to lead the family. Deran gets disturbing news from an old friend; and Pope struggles to resist Angela.,https://www.zebrahead.org/episode/animal-kingdom-season-4-episode-4/,Animal Kingdom,Tank
Animal Kingdom Season 1 Episode 2,"The Codys must deal with the aftermath of the heist, as they discover all did not go as planned. Smurf dispatches her boys to tie up loose ends, but her efforts are complicated by Baz and Pope’s growing rivalry. As Pope gets increasingly volatile, J finds himself in the middle.",https://www.zebrahead.org/episode/animal-kingdom-season-1-episode-2/,Animal Kingdom,We Don't Hurt People
Animal Kingdom Season 2 Episode 1,"After a risky heist misfires, the boys blame Smurf, sending shock waves through the family. Baz copes with being a single parent, while Deran makes plans for the future.",https://www.zebrahead.org/episode/animal-kingdom-season-2-episode-1/,Animal Kingdom,Eat What You Kill
Animal Kingdom Season 1 Episode 8,Tensions run high as the Codys prepare for their big heist. Catherine gets a shock and must decide what’s best for her family. J faces pressure from the cops.,https://www.zebrahead.org/episode/animal-kingdom-season-1-episode-8/,Animal Kingdom,Man In
Animal Kingdom Season 3 Episode 7,"Deran leads the charge in planning the weed heist; Lucy calls Pope down to Mexico for some intel on Baz’s murder; J reaches a breaking point with Smurf; Craig learns more about Billy’s girlfriend, Frankie.",https://www.zebrahead.org/episode/animal-kingdom-season-3-episode-7/,Animal Kingdom,Low Man
Animal Kingdom Season 1 Episode 6,"When Pope tests positive for drugs, Smurf does what it takes to keep the family intact. Baz gets his brothers to rob a house as part of his larger plan.",https://www.zebrahead.org/episode/animal-kingdom-season-1-episode-6/,Animal Kingdom,Child Care
FBI: Criminal Pursuit Season 1 Episode 1,,https://www.zebrahead.org/episode/fbi-criminal-pursuit-season-1-episode-1/,FBI: Criminal Pursuit,Murder By Mail
Santa Clarita Diet Season 1 Episode 8,A new-look Loki takes Joel and Sheila by surprise while Abby and Eric learn the fine art of leaving well enough alone.,https://www.zebrahead.org/episode/santa-clarita-diet-season-1-episode-8/,Santa Clarita Diet,How Much Vomit?
Naked and Afraid XL Season 6 Episode 5,"Watch Naked and Afraid XL Season 6 Episode 5 online full free. Naked and Afraid XL Season 6 watch online free in HD. Info: Not Available. Naked and Afraid XL Season 6 Episode 5 Watch Full 123Movies, GoMovies, PutLockers.",https://www.zebrahead.org/episode/naked-and-afraid-xl-season-6-episode-5/,Naked and Afraid XL,Season 6 Episode 5
Naked and Afraid XL Season 6 Episode 4,"Watch Naked and Afraid XL Season 6 Episode 4 online full free. Naked and Afraid XL Season 6 watch online free in HD. Info: A brutal windstorm punishes the survivalists. A falling out with Bulent leads Makani to banish herself and risk going it alone. Kate finds a new group and the desperate team goes on a hunt that could make or break their challenge. Naked and Afraid XL Season 6 Episode 4 Watch Full 123Movies, GoMovies, PutLockers.",https://www.zebrahead.org/episode/naked-and-afraid-xl-season-6-episode-4/,Naked and Afraid XL,No Calm After the Storm
Animal Kingdom Season 4 Episode 1,"Season 4 starts as the Codys pull off a risky robbery. Smurf and Pope remain at odds even as Pope finds a new outlet for his anger. Deran involves Adrian in the family business, and J tests the waters of his new identity outside the family.",https://www.zebrahead.org/episode/animal-kingdom-season-4-episode-1/,Animal Kingdom,Janine
Roseanne Season 10 Episode 2,,https://www.zebrahead.org/episode/roseanne-season-10-episode-2/,Roseanne,Season 10 Episode 2
Voltron: Legendary Defender Season 1 Episode 10,The team stops at an isolated and seemingly insignificant Galra space station and discovers how the empire is gathering its energy from the universe.,https://www.zebrahead.org/episode/voltron-legendary-defender-season-1-episode-10/,Voltron: Legendary Defender,Collection and Extraction
Impractical Jokers Season 6 Episode 19,"Murr, Joe, Sal and Q must explain why they’ve suddenly been doused with water while working at the mall. Tonight’s big loser gets decked out as a pirate but doesn’t find any rum in his cup as he entertains kids set on mutiny.",https://www.zebrahead.org/episode/impractical-jokers-season-6-episode-19/,Impractical Jokers,Flatfoot the Pirate
Animal Kingdom Season 4 Episode 6,"Suspicion grows when Smurf learns of a new threat to the family. Craig tracks down Frankie in the wake of her betrayal, and Deran makes a dangerous decision to try and protect his relationship with Adrian.",https://www.zebrahead.org/episode/animal-kingdom-season-4-episode-6/,Animal Kingdom,Into the Black
Animal Kingdom Season 3 Episode 2,"J struggles to keep the family business afloat after Smurf enlists him to make sure all the bills get paid. Deran makes his own moves independent of the family. Pope learns the ins and outs of parenting as he cares for Lena, and Craig makes enemies in Mexico.",https://www.zebrahead.org/episode/animal-kingdom-season-3-episode-2/,Animal Kingdom,In The Red
Animal Kingdom Season 1 Episode 5,"When Deran won’t come home, Pope goes to extreme measures. Baz gets an idea for the Codys’ next job. J goes out with his teacher, while Smurf confronts her past.",https://www.zebrahead.org/episode/animal-kingdom-season-1-episode-5/,Animal Kingdom,Flesh Is Weak
Animal Kingdom Season 4 Episode 13,"In the aftermath of Smurf’s heist, the Codys have to protect their reputation, while friends and enemies from the past close in. Deran realizes there is only one way to keep Adrian safe. Craig struggles to adapt to a new pace of life as Pope and J’s growing tension reaches a boiling point.",https://www.zebrahead.org/episode/animal-kingdom-season-4-episode-13/,Animal Kingdom,Smurf
I’ll Be Gone in the Dark Season 1 Episode 3,"Watch I’ll Be Gone in the Dark Season 1 Episode 3 online full free. I’ll Be Gone in the Dark Season 1 watch online free in HD. Info: In 1979, law enforcement is thrilled when the East Area Rapist (EAR) attacks abruptly stop in Northern California, but in reality, the still unknown assailant has moved south to commit a number of gruesome murders in the Santa Barbara area, known as the “Original Night Stalker” series. The hunt for the perpetrator stalls due to lack of cooperation between jurisdictions and concerns of tarnishing the area’s pristine image, leaving the community unaware of the predator in their midst. Michelle’s article chronicling her investigation of the case causes a splash when it’s published in 2013. I’ll Be Gone in the Dark Season 1 Episode 3 Watch Full 123Movies, GoMovies, PutLockers.",https://www.zebrahead.org/episode/ill-be-gone-in-the-dark-season-1-episode-3/,I'll Be Gone in the Dark,Rat in a Maze
Animal Kingdom Season 2 Episode 4,"With the bar set to open, Deran frets about telling Smurf about it. Pope and Amy go on a date, while Nicky must choose between Craig and J.",https://www.zebrahead.org/episode/animal-kingdom-season-2-episode-4/,Animal Kingdom,Broken Boards
Animal Kingdom Season 2 Episode 10,"As Craig leads the boys and Nicky in pirating the yacht, Smurf tries to find out who robbed her. Meanwhile, Baz considers what life would be like without Smurf calling all the shots.",https://www.zebrahead.org/episode/animal-kingdom-season-2-episode-10/,Animal Kingdom,Treasure
Animal Kingdom Season 3 Episode 4,"With the cops on their tail, the Cody boys try to pull off their first heist without Smurf and Baz. They return to find unexpected guests waiting at home. Smurf demands that J get rid of them as she deals with a problem of her own in jail.",https://www.zebrahead.org/episode/animal-kingdom-season-3-episode-4/,Animal Kingdom,Wolves
Animal Kingdom Season 4 Episode 7,"J gains favor with Smurf as he puts together the plan for a new job, while Angela learns more about what Smurf’s been hiding. Craig explores his new relationship with Renn and Pope struggles with his changing role in the family.",https://www.zebrahead.org/episode/animal-kingdom-season-4-episode-7/,Animal Kingdom,Know Thy Enemy
Animal Kingdom Season 2 Episode 3,Smurf takes J to the desert for an old friend’s wake. Baz visits Lucy in Mexico and Pope bonds with Amy from the megachurch while babysitting Lena. Deran considers what he’ll risk to get a liquor license for the bar.,https://www.zebrahead.org/episode/animal-kingdom-season-2-episode-3/,Animal Kingdom,Bleed For It
Animal Kingdom Season 4 Episode 10,"Smurf orders the Cody boys to plan a dangerous job while she orchestrates an elaborate party at the house. J tries to ally himself with Pope, but learns he’s in way over his head. Craig responds to a challenge to his newly formed family with Renn.",https://www.zebrahead.org/episode/animal-kingdom-season-4-episode-10/,Animal Kingdom,Exit Strategy
Animal Kingdom Season 1 Episode 7,"While Smurf takes care of unfinished business, Craig and Deran throw a party at the house. Forced to accelerate his timetable, Baz takes the final step in his long con. J makes a dangerous mistake.",https://www.zebrahead.org/episode/animal-kingdom-season-1-episode-7/,Animal Kingdom,Goddamn Animals
Animal Kingdom Season 4 Episode 8,"The Codys head out for a big job, even though Smurf is nowhere to be found. All eyes are on J as he assumes a leadership position in a risky heist.",https://www.zebrahead.org/episode/animal-kingdom-season-4-episode-8/,Animal Kingdom,Ambo
Animal Kingdom Season 2 Episode 6,"As Javi ratchets up the pressure on Smurf, she enlists J to help her. Baz is confronted by a secret Catherine kept from him. Pope and Baz clash in the wake of the megachurch job.",https://www.zebrahead.org/episode/animal-kingdom-season-2-episode-6/,Animal Kingdom,Cry Havoc
Animal Kingdom Season 4 Episode 11,"Pope grows suspicious of J when Angela reveals the circumstances of her disappearance. As the threats against Adrian loom larger, Deran scrambles to find a way out. Craig navigates new complications in his relationship with Renn. Janine takes on a different role in the crew’s latest heist as she plans for her future with Colin.",https://www.zebrahead.org/episode/animal-kingdom-season-4-episode-11/,Animal Kingdom,Julia
Tyler Perry’s The Oval Season 1 Episode 24,"Watch Tyler Perry’s The Oval Season 1 Episode 24 online full free. Tyler Perry’s The Oval Season 1 watch online free in HD. Info: Not Available. Tyler Perry’s The Oval Season 1 Episode 24 Watch Full 123Movies, GoMovies, PutLockers.",https://www.zebrahead.org/episode/tyler-perrys-the-oval-season-1-episode-24/,Tyler Perry's The Oval,Episode 24
Animal Kingdom Season 4 Episode 12,"The Cody family sets off on Smurf’s mysterious heist, unaware of the surprises that await them when they arrive, which will change the family forever.",https://www.zebrahead.org/episode/animal-kingdom-season-4-episode-12/,Animal Kingdom,Ghosts
RuPaul’s Drag Race All Stars Season 5 Episode 6,"Watch RuPaul’s Drag Race All Stars Season 5 Episode 6 online full free. RuPaul’s Drag Race All Stars Season 5 watch online free in HD. Info: The All Stars fire up the grill and join RuPaul’s family for the Charles Backyard Ball – while serving two sizzling looks! Pop star Bebe Rexha joins the party, along with RuPaul’s sisters Rozy and Renae. RuPaul’s Drag Race All Stars Season 5 Episode 6 Watch Full 123Movies, GoMovies, PutLockers.",https://www.zebrahead.org/episode/rupauls-drag-race-all-stars-season-5-episode-6/,RuPaul's Drag Race All Stars,The Charles Family Backyard Ball
Regular Show Season 2 Episode 21,"When Skips kills Rigby, he must defeat Death in an arm wrestle competition to bring Rigby back.",https://www.zebrahead.org/episode/regular-show-season-2-episode-21/,Regular Show,Over the Top
Animal Kingdom Season 1 Episode 1,A teen plunges into danger when he moves in with his wild relatives in a surf community.,https://www.zebrahead.org/episode/animal-kingdom-season-1-episode-1/,Animal Kingdom,Pilot
Animal Kingdom Season 3 Episode 8,,https://www.zebrahead.org/episode/animal-kingdom-season-3-episode-8/,Animal Kingdom,Incoming
Animal Kingdom Season 4 Episode 3,"As Craig feels the pressure of pulling off Frankie’s increasingly complicated job, J grows frustrated with Mia. Deran tries to get Pope out of the house, and Smurf decides she needs answers.",https://www.zebrahead.org/episode/animal-kingdom-season-4-episode-3/,Animal Kingdom,Man vs. Rock
Strange Evidence Season 4 Episode 7,"Watch Strange Evidence Season 4 Episode 7 online full free. Strange Evidence Season 4 watch online free in HD. Info: Not Available. Strange Evidence Season 4 Episode 7 Watch Full 123Movies, GoMovies, PutLockers.",https://www.zebrahead.org/episode/strange-evidence-season-4-episode-7/,Strange Evidence,Season 4 Episode 7
Animal Kingdom Season 2 Episode 11,Baz puts his plan to take down Smurf in motion as Marco cashes in a favor with Craig and Deran. Pope seeks the truth behind the reasons for Catherine’s death.,https://www.zebrahead.org/episode/animal-kingdom-season-2-episode-11/,Animal Kingdom,The Leopard
I’ll Be Gone in the Dark Season 1 Episode 4,"Watch I’ll Be Gone in the Dark Season 1 Episode 4 online full free. I’ll Be Gone in the Dark Season 1 watch online free in HD. Info: Michelle and her editors agree to push her book deadline after being granted access to the Orange County Sheriff’s Department’s East Area Rapist / Original Night Stalker (EAR/ONS) room. Poring over 37 boxes of files now occupying her daughter’s playroom, Michelle and her researcher Paul Haynes explore the case of the “Visalia Ransacker,” the perpetrator of a string of burglaries in the early ‘70s bearing striking similarities to EAR. I’ll Be Gone in the Dark Season 1 Episode 4 Watch Full 123Movies, GoMovies, PutLockers.",https://www.zebrahead.org/episode/ill-be-gone-in-the-dark-season-1-episode-4/,I'll Be Gone in the Dark,The Motherlode
Animal Kingdom Season 1 Episode 4,"As the boys gear up for Pope’s birthday, Smurf wants to know if they’re playing by her rules. J learns more about his mother’s estrangement from the family.",https://www.zebrahead.org/episode/animal-kingdom-season-1-episode-4/,Animal Kingdom,Dead to Me
Naked and Afraid XL Season 6 Episode 3,"Watch Naked and Afraid XL Season 6 Episode 3 online full free. Naked and Afraid XL Season 6 watch online free in HD. Info: After self-banishing, Kate is slammed by Africa’s wrath. Desperately hungry, Bulent gets a major score with his bare hands but can Makani put aside her vegan beliefs? Wes and Gwen’s first big food win goes wrong, threatening their health. Naked and Afraid XL Season 6 Episode 3 Watch Full 123Movies, GoMovies, PutLockers.",https://www.zebrahead.org/episode/naked-and-afraid-xl-season-6-episode-3/,Naked and Afraid XL,The Barehanded Killer
Naked and Afraid XL Season 6 Episode 8,"Watch Naked and Afraid XL Season 6 Episode 8 online full free. Naked and Afraid XL Season 6 watch online free in HD. Info: Wes scores another kill, but when a group enters their camp, the win creates tension. A desperate Bulent migrates to Seth’s watering hole. Seth is open to a partnership but Bulent remains solo and quickly gets a major food win in Seth’s backyard. Naked and Afraid XL Season 6 Episode 8 Watch Full 123Movies, GoMovies, PutLockers.",https://www.zebrahead.org/episode/naked-and-afraid-xl-season-6-episode-8/,Naked and Afraid XL,Keep Your Frenemies Close
Regular Show Season 8 Episode 26,"Despite all of his training, Pops still does not want to fight, so he sets up a meeting with Anti-Pops to settle things peacefully.",https://www.zebrahead.org/episode/regular-show-season-8-episode-26/,Regular Show,Kill 'Em with Kindness
Naked and Afraid XL Season 6 Episode 1,"Watch Naked and Afraid XL Season 6 Episode 1 online full free. Naked and Afraid XL Season 6 watch online free in HD. Info: 12 survivalists take on a 40-day XL challenge in the ferocious, heat-stricken, deadly South African bush, a location so challenging ancient tribes would banish the weak. Now, these survivalists will do the same if someone isn’t pulling their weight. Naked and Afraid XL Season 6 Episode 1 Watch Full 123Movies, GoMovies, PutLockers.",https://www.zebrahead.org/episode/naked-and-afraid-xl-season-6-episode-1/,Naked and Afraid XL,Valley of the Banished
The Amazing World of Gumball Season 5 Episode 38,"When the kids find out that Mom’s life hasn’t panned out as she’d hoped, they start taking on her chores, but they accidentally grab her bucket list instead of her to-do list.",https://www.zebrahead.org/episode/the-amazing-world-of-gumball-season-5-episode-38/,The Amazing World of Gumball,The List
Animal Kingdom Season 3 Episode 5,Deran gets to know his father Billy and helps J with a dilemma as Pearce closes in on Smurf’s laundering operation. Craig uncovers a secret that sends him to Smurf and Nicky must decide whether she belongs in the Cody family or not.,https://www.zebrahead.org/episode/animal-kingdom-season-3-episode-5/,Animal Kingdom,Prey
Animal Kingdom Season 3 Episode 11,Smurf enlists the boys in a surprise job that results in devastating consequences; Pope is forced to confront the truth about Baz’s murder as J steps up for the family in an unexpected way.,https://www.zebrahead.org/episode/animal-kingdom-season-3-episode-11/,Animal Kingdom,Jackpot
Animal Kingdom Season 2 Episode 9,"When Baz bows out of the yacht heist, Craig and Deran consider their options. Meanwhile, Baz recruits J for a more personal job.",https://www.zebrahead.org/episode/animal-kingdom-season-2-episode-9/,Animal Kingdom,Custody
The Grand Tour Season 3 Episode 1,"In the first episode of a brand new season, Jeremy Clarkson, Richard Hammond and James May make a pilgrimage to Detroit to drive three highly tuned muscle cars on the deserted streets of this once-great motor city. Also in this show, Jeremy drives the super-lightweight, super-hardcore, 789 horsepower McLaren Senna.",https://www.zebrahead.org/episode/the-grand-tour-season-3-episode-1/,The Grand Tour,Motown Funk
Gilmore Girls Season 6 Episode 3,"Sookie creates a S’mores wedding cake, so what more does Lorelai need to set a date? Logan comes home, Lane and the band come home and Paul Anka eats three pounds of chocolate while under Luke’s care.",https://www.zebrahead.org/episode/gilmore-girls-season-6-episode-3/,Gilmore Girls,The UnGraduate
Animal Kingdom Season 3 Episode 6,J tries to make his relationship with Nicky work as he faces pressure from Smurf to clean up loose ends; Craig gathers the boys to defend the Cody’s reputation in town when outsiders move in on their territory; Billy gives Deran an idea for a job.,https://www.zebrahead.org/episode/animal-kingdom-season-3-episode-6/,Animal Kingdom,Broke From the Box
Animal Kingdom Season 2 Episode 12,"With Smurf in jail, Baz makes his move to run the family, but his brothers have other plans.",https://www.zebrahead.org/episode/animal-kingdom-season-2-episode-12/,Animal Kingdom,You Will Be Gutted
Animal Kingdom Season 4 Episode 2,J reconsiders his relationship with Smurf after he gets bad news about Morgan’s death. Frankie lures Craig with the promise of another big score. The arrival of an old family friend surprises Pope.,https://www.zebrahead.org/episode/animal-kingdom-season-4-episode-2/,Animal Kingdom,Angela
Animal Kingdom Season 3 Episode 9,A decision from Deran’s past comes back to haunt him. J works to get back into Smurf’s good graces as she tries to take away his control over the family business. Billy uses his past with Smurf to his advantage.,https://www.zebrahead.org/episode/animal-kingdom-season-3-episode-9/,Animal Kingdom,Libertad
Animal Kingdom Season 3 Episode 10,Billy pressures the family to give him what he’s owed; Craig has a surprise meeting that makes him reconsider his future; Smurf comes to the boys with a proposal as they struggle to hold onto the freedom they had when she was in jail.,https://www.zebrahead.org/episode/animal-kingdom-season-3-episode-10/,Animal Kingdom,Off The Tit
Animal Kingdom Season 3 Episode 1,Baz fights for his life as the Cody boys figure out what their next move is in the aftermath of the shooting. Smurf gets some surprising news in jail and fields an offer from Pearce.,https://www.zebrahead.org/episode/animal-kingdom-season-3-episode-1/,Animal Kingdom,The Killing
Diesel Brothers Season 7 Episode 5,"Watch Diesel Brothers Season 7 Episode 5 online full free. Diesel Brothers Season 7 watch online free in HD. Info: The Diesel Brothers continue work on their tank build, but engine and transmission troubles put the project in jeopardy. Diesel Brothers Season 7 Episode 5 Watch Full 123Movies, GoMovies, PutLockers.",https://www.zebrahead.org/episode/diesel-brothers-season-7-episode-5/,Diesel Brothers,"A Tank, An Eagle And A Brat"
Animal Kingdom Season 2 Episode 8,"As cops press Amy about the church robbery, Pope diverts their suspicions. Craig plans an unusual heist of his own. Baz tails Smurf to find out what she’s really hiding.",https://www.zebrahead.org/episode/animal-kingdom-season-2-episode-8/,Animal Kingdom,Grace
Animal Kingdom Season 4 Episode 5,,https://www.zebrahead.org/episode/animal-kingdom-season-4-episode-5/,Animal Kingdom,Episode 5
The Challenge Season 35 Episode 17,"Watch The Challenge Season 35 Episode 17 online full free. The Challenge Season 35 watch online free in HD. Info: The challengers reunite virtually for the first time since the finale to break down the strategy, expose the snakes and address the madness from this season. The Challenge Season 35 Episode 17 Watch Full 123Movies, GoMovies, PutLockers.",https://www.zebrahead.org/episode/the-challenge-season-35-episode-17/,The Challenge,Reunion
Animal Kingdom Season 3 Episode 12,The Cody family picks up the pieces from their showdown with Lucy; Smurf becomes determined to reel Pope back into the fold at any cost; J goes to extreme lengths to protect a secret.,https://www.zebrahead.org/episode/animal-kingdom-season-3-episode-12/,Animal Kingdom,Homecoming
I’ll Be Gone in the Dark Season 1 Episode 1,"Watch I’ll Be Gone in the Dark Season 1 Episode 1 online full free. I’ll Be Gone in the Dark Season 1 watch online free in HD. Info: Delving into the world of online chat rooms and crime blogs, writer Michelle McNamara becomes immersed in the graphic details of the Golden State Killer case, connecting with like-minded sleuths, trading facts, photos and leads. After pitching a story to Los Angeles Magazine, she hits the ground running, interviewing several EAR survivors and retired detectives who worked the case. I’ll Be Gone in the Dark Season 1 Episode 1 Watch Full 123Movies, GoMovies, PutLockers.",https://www.zebrahead.org/episode/ill-be-gone-in-the-dark-season-1-episode-1/,I'll Be Gone in the Dark,Murder Habit
Animal Kingdom Season 2 Episode 13,"When Smurf realizes she may be in jail a lot longer than expected, she pits her sons against one another, the consequences be damned.",https://www.zebrahead.org/episode/animal-kingdom-season-2-episode-13/,Animal Kingdom,Betrayal
Animal Kingdom Season 3 Episode 3,Smurf navigates prison politics in pursuit of a potential job. J pulls the Cody boys together to keep the family enterprise going. Nicky gets into serious trouble when she tries to impress an old friend.,https://www.zebrahead.org/episode/animal-kingdom-season-3-episode-3/,Animal Kingdom,The Center Will Hold
Below Deck Mediterranean Season 5 Episode 8,"Watch Below Deck Mediterranean Season 5 Episode 8 online full free. Below Deck Mediterranean Season 5 watch online free in HD. Info: After struggling through the first day of charter, Kiko fights to regain his footing with a demanding set of charter guests. While Hannah leans on an overworked Bugsy to carry an injured Jess, Captain Sandy becomes concerned about the interior’s performance. Meanwhile, Malia looks to Rob and Alex to step up after she’s forced to make a tough call that changes the exterior’s dynamic. And a surprise complaint forces Captain Sandy to issue an ultimatum. Below Deck Mediterranean Season 5 Episode 8 Watch Full 123Movies, GoMovies, PutLockers.",https://www.zebrahead.org/episode/below-deck-mediterranean-season-5-episode-8/,Below Deck Mediterranean,Rise and Don't Shine
Adam Ruins Everything Season 2 Episode 6,"Adam shows that Columbus didn’t discover America, King Tut was a dud and the rules of grammar are not as ironclad as people think.",https://www.zebrahead.org/episode/adam-ruins-everything-season-2-episode-6/,Adam Ruins Everything,Adam Ruins What We Learned in School
