0,address,2,3,4,5
Natural Health Organics,"PO Box 4300, Goonellabah NSW 2480",02 6624 7820,"For access to organic food at a great price, shop at Natural Health Organics. There are many options for a health food store in Australia, but there are some unique advantages to Natural Health Organics. These advantages relate to the company’s distribution model, price structure and selection. Natural Health Organics operates entirely online. This online model allows the company to easily distribute products to interested buyers across Australia. Health food is a growing industry, but there are still limited options for most local communities. Because of this, it can be hard to find exactly the product desired at a reasonable price point. The online model of Natural Health Organics makes it easy for anyone to get organic products on demand. This online model has another benefit for consumers. Because Natural Health Organics operates online, expenses are minimised. This savings is passed along to the consumer. Organic health food can be expensive, but the online efficiency of this retailer offers a superior price point. Shipping prices are also affordable, and select products even ship for free across Australia. For added savings, the store routinely features a clearance section. This allows shoppers access to quality organic products at deeply discounted prices. In",https://www.biznearu.com.au/wp-content/uploads/natural-health-organics.jpg,
Family Medical Centre Ballina,"15 Martin Street, Ballina 4578",02 66863299,"The Family Medical Centre has been providing medical services to the Ballina Community since the 1970’s. Doctors initially consulted from a converted 100-year-old house, but since 2008 this house was relocated to start a new life as a home, and a purpose-designed surgery was built in its place.",https://www.biznearu.com.au/wp-content/uploads/family-medical-centre-ballina.jpg,"['We 8:30am – 5pm', 'Tu 8:30am – 5pm', 'Su Closed', 'Mo 8:30am – 5pm', 'Th 8:30am – 5pm', 'Fr 8:30am – 5pm', 'Sa 8am - 10am']"
Executive Coaching Sydney | Andrew May,"Level 3, 131 Clarence Street Sydney 2000 NSW",1300 695 550,"Andrew May has spent the past 15 years working with business, leadership and sport teams. To survive in the modern era requires a radically different approach to performance. Peak performance comes from integration of four areas Physiology, Productivity, Recovery and Psychology. One does not work as effectively without the other.",https://www.biznearu.com.au/wp-content/uploads/AndrewMay-Logo.jpg,"['Mo 9am - 5pm', 'Tu 9am - 5pm', 'Fr 9am - 5pm', 'Th 9am - 5pm', 'We 9am - 5pm', 'Su 9am - 5pm', 'Sa 9am - 5pm']"
Woolworths Lismore Central,"Cnr Conway & Carrington Streets Lismore, 2480, NSW",(02) 5698 1002,"Woolworths Lismore Central, Your Fresh Food People. ATM, Fresh Seafood, Instore Bakery.",https://www.biznearu.com.au/wp-content/uploads/woolworths-ballina-fair-shopping-centre.jpg,"['Fr 7am - 8pm', 'Th 7am - 8pm', 'Sa 7am - 8pm', 'Mo 7am - 8pm', 'We 7am - 8pm', 'Tu 7am - 8pm', 'Su 8am - 8pm']"
Maintenance Free Decking,"Fishing Point, Sydney, 2083",0414 382 411,"Maintenance Free Decking | As your Millboard experts, we make it easy! We have over 30 years experience creating beautiful decks, so you can relax and know that you’re in good hands. Our expert staff can assist you with everything from supply and delivery of Millboard and all required materials, through to a complete custom design and construction solution anywhere in Australia! Millboard Features: Millboard composite decking won’t splinter, rot, warp, fade or stain – ever! Ultra-low maintenance Does not rot warp or splinter Eco-friendly Anti-slip Millboard decking is ideal for: public spaces hotels restaurants & bistros walkways & steps seating & tables shopping centres pool surrounds promenades body corporate areas boardwalks & wetlands marinas jetties & pontoons school play & seating areas building facades (cladding) Millboard Colour Range:",https://www.biznearu.com.au/wp-content/uploads/millboard-composite-decking.jpg,"['Th 7am - 5pm', 'Mo 7am - 5pm', 'We 7am - 5pm', 'Sa Closed', 'Su Closed', 'Tu 7am - 5pm', 'Fr 7am - 5pm']"
Optimal Bookkeeping Adelaide,"41 Jetty Street, Grange Adelaide SA 5022",0407 439 063,"Optimal Bookkeeping (Also known as: Optimial Books) is an accounting company that gears its services towards small or medium businesses in Adelaide. To best serve their clients, Optimal Books offers a number of accounting services, including bookkeeping and tax returns. In terms of service, Optimal Books stands apart from the competition and focuses on treating clients personally, working one-on-one to provide individualised support. Every client is a priority, therefore, concerns and questions are addressed promptly. On-time service is so important that it is actually part of the promise Optimal Books makes to all its clients, no matter how big or small they may be. In addition to quality services, Optimal Books also utilises the latest technologies to help clients and are proud to serve as a Xero bookkeeper. By using the best accounting software on the market, clients can have a superior user experience. This enhances transparency and empowers clients to make better decisions for themselves in terms of budgeting. In addition to being a Xero bookkeeper, Optimal Bookkeeping works with other innovative solutions for tax returns and bookkeeping. This allows clients to choose the technology that best meets their needs. With this level of service and experience, Optimal Books",https://www.biznearu.com.au/wp-content/uploads/optimal-bookkeeping-adelaide.jpg,
Shoulder Surgery Sydney | Dr Kalman Piper,Suite 303 Level 3 2 Technology Place Macquarie University NSW 2109,1800 746 853,"He is accredited to operate at Macquarie University Hospital, Norwest Private Hospital and Sydney Adventist Hospital. Dr Kalman Piper is an Australian trained Orthopaedic Surgeon who specialises in shoulder surgery. Kaliper Orthopaedics offer a complete range of treatment options for all shoulder pathologies. Kaman has consulting rooms at Macquarie University Clinic and at Norwest Business Park.",https://www.biznearu.com.au/wp-content/uploads/Dr-Kalman-Piper-logo.jpg,"['Mo 9am - 5pm', 'Sa Closed', 'Tu 9am - 5pm', 'Su Closed', 'Fr 9am - 5pm', 'We 9am - 5pm', 'Th 9am - 5pm']"
Contemporary Decks,"2 Allunga Ave, Ashmore",0438 294 956,Contemporary Decks prides itself on building quality crafted outdoor timber structures. We stand by our products and superior finish 100%. We have experience within the industry for the last decade so Contemporary Decks can offer you the best outdoor timber structures combined with extensive attention to detail and master crafts-men ship.,https://www.biznearu.com.au/wp-content/uploads/logo.jpg,"['Tu 7am-6pm', 'Su Closed', 'Mo 7am-6pm', 'Fr 7am-6pm', 'Sa 7am-1pm', 'Th 7am-6pm', 'We 7am-6pm']"
North Coast Water Tanks,Lismore NSW,02 6688 8055,"For all service related to water tanks, North Coast Water Tanks is the company to choose. With service areas through the Central Coast and the North Coast, this company has been a leader in the industry for the past three decades. Thanks to this successful legacy, the company has recently expanded its service areas to include parts of New South Wales and the southern portion of Queensland. North Coast Water Tanks is proud to offer comprehensive options for water tanks in these service areas. This starts with the best selection of water tanks currently on the market. Every tank offered by this company is of the highest quality, which ensures superior ongoing performance for rainwater collection. All the tanks are certified for the customer’s peace of mind, ensuring the most efficient rainwater collection in Australia. While the selection of new water tanks is impressive, North Coast Water Tanks also offers other services for a current rainwater collection system. In particular, the team specializes in rainwater tank repairs. With rainwater tank repairs, it is possible to restore a used water tank to a functional condition. Many customers also turn to North Coast Water Tanks for water tank cleaning. Routine water tank",https://www.biznearu.com.au/wp-content/uploads/north-coast-water-tanks.jpg,"['Th 7am - 5pm', 'Mo 7am - 5pm', 'We 7am - 5pm', 'Sa 7am - 1pm', 'Tu 7am - 5pm', 'Fr 7am - 5pm']"
All Roof Australia,5 James St Ballina NSW 2478,1800 400 200,"All Roof Australia is an experienced roofing company based in the Northern Rivers NSW. As roofing experts, this team tackles projects of all sizes. From minor roof repairs to extensive roofing restoration projects, All Roof Australia handles them all with timeliness, expertise and professionalism. In order to provide clients with the best results, All Roof Australia is careful in its choice of materials. All products and materials used by this company are backed by manufacturer warranties. Additionally, these supplies have all be chosen for their resilience in the face of Australia’s weather conditions. These measures are taken to ensure that clients get repairs and restoration that endure over time. All Roof Australia is dedicated to customer service. There are various payment options available, and the company offers a warranty for the client’s peace of mind. All service quotes are provided free of charge and are offered without obligation. All Roof Australia provides service to the communities of Alstonville, Ballina, Bangalow, Byron Bay, Evans Head, Lennox Head, Lismore, Ocean Shores and everywhere in-between. Give Brad and the team a call today 1800 400 200 for a FREE roof inspection & quote.",https://www.biznearu.com.au/wp-content/uploads/all-roof-australia.jpg,"['We 7am - 4:30pm', 'Fr 7am - 4:30pm', 'Th 7am - 4:30pm', 'Mo 7am - 4:30pm', 'Tu 7am - 4:30pm']"
North Brisbane Weight Loss,"363 South Pine Rd, Brendale, QLD 4500",07 3063 4799,"Our Ideal protein method provides you with adequate amounts of protein that won’t tax your liver or kidneys like other protein diets. Reset your metabolism, gain health and get educated to live the healthy life you’ve been wanting to live. Lose weight the right way, visit us today.",https://www.biznearu.com.au/wp-content/uploads/Logo.jpg,
Transition Cycles &#038; Fitness Ballina,49 River St Ballina NSW 2478,(02) 6686 6522,"Transition Cycles & Fitness Ballina | The right bike, the right fit at the right price. Products Road Bikes | Mountain Bikes | Kids Bikes | Comfort Bikes | BMX Bikes | Largest Range of Clothing & Accessories Services Professional Workshop",https://www.biznearu.com.au/wp-content/uploads/transition-cycles-fitness-ballina.jpg,"['Mo 9am - 5pm', 'Tu 9am - 5pm', 'Su Closed', 'Fr 9am - 5pm', 'We 9am - 5pm', 'Th 9am- 5:30pm', 'Sa 9am - 1pm']"
Basman Returns &#8211; Chartered Accountants,"PO Box 9123, Gold Coast MC Qld 9726",0419 671 602,"BASMAN RETURNS has the qualifications, experience and skills to help you: Minimise the tax you pay (legally) Keep your financial and business records more efficiently Use business structures to protect your assets Minimise your risk of being investigated by the Tax Office Start / Improve / Grow your business Sleep better at night knowing that you have an expert looking after all your business accounting and taxation needs. Call Alan Beck on 0419 671 602",https://www.biznearu.com.au/wp-content/uploads/basman-returns-gold-coast.jpg,"['Mo 9am - 5pm', 'Sa Closed', 'Tu 9am - 5pm', 'Su Closed', 'Fr 9am - 5pm', 'We 9am - 5pm', 'Th 9am - 5pm']"
Thomas Noble &#038; Russell Accountants Lismore,"31 Keen St, Lismore NSW 2480",02 6621 8544,"Established in 1899 in Lismore NSW, Thomas Noble & Russell (“TNR”) has grown to be one of the area’s largest firms of accountants and business advisors. TNR Lismore provide a wide range of professional services including: Audit & Assurance, Business Services & Taxation, GST, Audit & Taxation of Self Managed Super Funds, FBT, Bookkeeping & Payroll Advice and IT Consulting.",https://www.biznearu.com.au/wp-content/uploads/thomas-noble-russell-accountants-lismore.jpg,"['Mo 9am - 5pm', 'Sa Closed', 'Tu 9am - 5pm', 'Su Closed', 'Fr 9am - 5pm', 'We 9am - 5pm', 'Th 9am - 5pm']"
Modern Kitchen and European Kitchens Design in Sydney,"122 Victoria Rd, Drummoyne, NSW",0297198977,Eurolife is the leading provider of Italian designed and made modern kitchens in Sydney Australia. We provide custom design European kitchens and Contemporary kitchens. Modern kitchen designs are created by Italian brand names around such as Stosa Cucine. For more details visit: https://eurolife.com.au/italian-kitchen-design-sydney/modern-kitchen-design/,https://www.biznearu.com.au/wp-content/uploads/Modern-Kitchen-Design-1.jpg,
Moneez Financial Pty Ltd,"1/211 Warrigal Rd, Hughesdale, Victoria, 3166, Australia",1300 666 339,"At Moneez, We specialize in a huge range of products and have brokers who can help you in various products.We can help you get your money – and get it in the most easiest method possible. We have some of the best mortgage brokers in Melbourne who posses vast industry experience and expertise. They can help you with your needs of different types of loans. We are glad to inform you that we work over 25 different lenders to provide you the best deals and services for various loans like Car loan (Even for 457 Visa Holders), Personal Loans (Even for 457 Visa Holders), Home Loans (Even for 457 Visa Holders), Vehicle Loans (Even for 457 Visa Holders), Business Loans, Flexi Rent, Commercial Loans, Asset Loans and EFTPOS Machines. We cater 457 Visa holders, bad credit or complex situations with ease. Just give us a call on 1300 666 339 and talk to one of our Melbourne finance specialists today.",https://www.biznearu.com.au/wp-content/uploads/moneez-logo.jpg,"['We 10.00AM - 5:00PM', 'Mo 10.00AM - 5:00PM', 'Th 10.00AM - 5:00PM', 'Tu 10.00AM - 5:00PM', 'Fr 10.00AM - 5:00PM']"
Sport Shirts Australia,"9 Barclay St, Marrickville, New South Wales, 2204 Australia",02 9550 6898,"Sport Shirts Australia provide uniform solutions such as polos, round neck, v neck shirts, shorts, tracktops, trackpants, hats etc for schools, corporate, not for profit events and sports events. Our company is 100% custom made company. So, our main point to customers is that they can use our interactive pages on our website to create their own products and then submit the enquiry or they can leave their details & we can do the designing for them. Even though we have some available designs for customers to choose, all our products can be modified.",https://www.biznearu.com.au/wp-content/uploads/ssa.png,"['Mo 9am - 5pm', 'Tu 9am - 5pm', 'Su Closed', 'Fr 9am - 5pm', 'Th 9am - 5pm', 'We 9am - 5pm', 'Sa 9am - 5pm']"
Bangalow Accounting,"75 Byron Street, Bangalow, NSW 2479",02 6687 1922,"Bangalow Accounting, provides a full range of accounting, taxation, and business management services tailored to meet the needs of small business and individual clients. We are professional Tax Agents, Tax Accountants, Taxation Consultants and cover Business Taxation.",https://www.biznearu.com.au/wp-content/uploads/bangalow-accounting.jpg,"['Mo 9am - 5pm', 'Sa Closed', 'Tu 9am - 5pm', 'Su Closed', 'Fr 9am - 5pm', 'We 9am - 5pm', 'Th 9am - 5pm']"
Giraffe Removals Sydney,"6 Carlton Crescent, Summer Hill, NSW 2130","['0418 276 807', '1300 554 552']","Giraffe Removals has been one of Sydney’s most trusted removalist companies for over 50 years. Specialising in home and office relocation, throughout Sydney and across Australia, they are dedicated to delivering your goods quickly, safely at competitive prices. Giraffe Removals cover the entirety of the moving experience; from packing and disassembly, to relocation and storage, to unpacking and reassembly. Giraffe Removals have a large fleet of removal trucks well equipped for moves big and small, with a number of secure storage facilities in locations across Sydney. Meaning Giraffe Removals can organise your move efficiently, conveniently and stress-free. As well as being uniquely well placed to cater to your last-minute moves or unique circumstances. With decades of experience, Giraffe Removals can work with all types of clients. From large corporations, charities and celebrities, as well as countless family and business moves of all sizes. Giraffe Removals are dedicated to providing the best experience possible, with the utmost professional care regardless of the size of your relocation. Give Jim and the team a call today 1300 554 552 for a free quote, with no hidden add-ons or surcharges.",https://www.biznearu.com.au/wp-content/uploads/giraffe-removal-sydney.jpg,"['Th 8am - 5pm', 'Tu 8am - 5pm', 'Fr 8am - 5pm', 'We 8am - 5pm', 'Mo 8am - 5pm', 'Sa 9am - 1pm']"
Cosmetic Surgeon | Dr James Southwell-Keely,2a Mona Rd Darling Point 2027 NSW,1300 884 827,"Dr James Southwell-Keely is a fully trained and fully qualified plastic, reconstructive and cosmetic surgeon with the Royal Australasian College of Surgeons, the only recognised statutory body in Australia charged with the training of surgeons. He is a member of the Australian Society of Plastic Surgeons (ASPS), which works in conjunction with the Royal Australasian College of Surgeons to train future Australian plastic surgeons. His areas of expertise include facial cosmetic and reconstructive surgery, breast cosmetic and reconstructive surgery, microsurgery, maxillofacial surgery, skin cancer surgery and hand surgery.",https://www.biznearu.com.au/wp-content/uploads/southwell.png,
IEMS Group | Migration Services,"Level 2, 187 Catherine street Leichhardt 2040 NSW",02 7901 7898,International Education and Migration Services (IEMS) is an Australian owned independent student placement agency offering the complete package for international students wishing to study abroad in Australia. We offer a comprehensive range of study options and courses across the whole of Australia operating from Sydney based Headquarters.,https://www.biznearu.com.au/wp-content/uploads/IEMS.png,
Kitchens Squared Melbourne,"101 Station Street, Nunawading Vic 3131",03 98747400,"Kitchens Squared is an award winning Melbourne kitchens design and manufacturers that can design and build a new kitchen and install it in your home. We also do complete Melbourne kitchen renovations* on existing homes, whether your style is modern, contemporary or classic.",https://www.biznearu.com.au/wp-content/uploads/kitchens-squared-melbourne.jpg,"['Fr 10am – 5pm', 'Th 10am – 5pm', 'Su Closed', 'Tu 10am – 5pm', 'Sa 10am – 5pm', 'We 10am – 5pm', 'Mo 10am – 5pm']"
The Point Bar and Restaurant Ballina,2 Martin St Ballina NSW 2478,02 6618 1188,"For fine dining and the best views in Ballina, look no further than The Point Bar and Restaurant Ballina. Situated under the Ramada Hotel and Suites, The Point is a restaurant, bar, entertainment and function venue. Combining friendly hospitality and generous meals made from fresh local ingredients, The Point has an atmosphere that delights both locals and visitors to Ballina.",https://www.biznearu.com.au/wp-content/uploads/the-point-ballina.jpg,"['Sa 7am - until late', 'We 7am - until late', 'Mo 7am - until late', 'Fr 7am - until late', 'Tu 7am - until late', 'Th 7am - until late', 'Su 7am - until late']"
Northern Rivers Occupational Therapy,Ballina NSW Australia,02 6681 6995,"Ms Roshan Dahlke is a female occupational therapist with expertise in acquired brain injuries, ADL assessment, ageing, arthritis, assessments, back pain, brain injuries, carers support, cognitive/perceptual assessment, dementia, dyspraxia, equipment assessment, equipment selection, fatigue, hand therapy, hand therapy and splinting, home assessments and modifications, housing modification and safety assessments, lymphodema, oedema, neurological disorders, orthopaedics, palliative care, parkinson’s disease, physical rehabilitation, rehabilitation, relaxation training, scar management, stress, stroke, supervision, wheelchair/seating assessment and wheelchair/seating selection. DVA, Medicare (Enhanced Primary Care), private funds. Service Area: Ballina, Byron Bay, Lismore, Bangalow, Evens Head, Lennox Head, Grafton, Maclean, Yamba, Alstonville & everywhere in-between.",https://www.biznearu.com.au/wp-content/uploads/northern-rivers-occupational-therapy-1.jpg,"['We 9am - 4pm', 'Sa Closed', 'Su Closed', 'Th 9am - 4pm', 'Tu 9am - 4pm', 'Mo 9am - 4pm', 'Fr 9am - 4pm']"
Thai By Night,187 River St Ballina 2478 NSW,02 6686 7217,"In the centre of Ballina’s CBD, just a stroll away from the Richmond river and RSL club, this authentic Thai restaurant offers diners all the staple dishes from satays to curries and everything in between. The Thai By Night chefs are renowned for their variety of fresh and flavoursome cuisine a favourite dining spot for many locals. Open 7 days for dinner only.",https://www.biznearu.com.au/wp-content/uploads/thai-by-night.jpg,"['We 6pm - 10pm', 'Tu 6pm - 10pm', 'Th 6pm - 10pm', 'Fr 6pm - 11pm', 'Su 6pm - 10pm', 'Sa 6pm - 11pm', 'Mo 6pm - 10pm']"
Thirsty Water Deliveries,"110 Teven Rd, Ballina NSW, 2478",0459 348 615,"Located in Ballina NSW, Thirsty Water Deliveries strives to be your choice for water delivery service. With a wide range of water delivery options, Thirsty Water Deliveries can provide water for both residential and commercial customers. To get the job done, Thirsty Water Deliveries has three trucks on hand: 2 x 13,000L Trucks 1x 4000L Truck Thirsty Water Deliveries service area includes: Alstonville – Ballina – Bangalow – Byron Bay – Coraki – Evans Head – Lennox Head – Lismore – Woodburn and everywhere in-between.",https://www.biznearu.com.au/wp-content/uploads/thirsty-water-deliveries-ballina.jpg,"['We 24hrs', 'Mo 24hrs', 'Fr 24hrs', 'Th 24hrs', 'Sa 24hrs', 'Su 24hrs', 'Tu 24hrs']"
Giraffe Removals Central Coast,Central Coast NSW 2260,1300 554 552,"With dedication to customer service and skill in the removal process, Giraffe Removals has been a mainstay in the Central Coast for more than 50 years. The removal industry can be rather spotty when it comes to quality and integrity, but Giraffe Removals Central Coast does not function the way most removalists do. Giraffe Removals focuses on quality, transparency and efficiency for the best experience possible for clients. The first thing that draws most people to Giraffe Removals over other Central Coast removalists is the price. A removal can be a costly affair, and this cost is intensified by the other realities of changing properties. Giraffe Removals works hard to offer competitive prices with the utmost transparency. Other removalists hit clients with unexpected fees and charges, but there are no such hidden surprises at Giraffe Removals. All costs are clearly disclosed at the start, ensuring that all clients can budget accordingly. A removal can be affordable, but if it is not effective, then the cost is not worthwhile. This is where Giraffe Removals Central Coast really outshines the competition. All removalists on the team are trained to work with care and precision on removals of all sizes. This is the",https://www.biznearu.com.au/wp-content/uploads/giraffe-removal-central-coast.jpg,"['Th 7am - 5pm', 'Mo 7am - 5pm', 'We 7am - 5pm', 'Sa 7am - 1pm', 'Tu 7am - 5pm', 'Fr 7am - 5pm']"
Sydney Removalist,Sydney NSW 2000,,"When you need to move, you have enough to think about. The integrity and quality of your removalist should not be on your mind. That is why you should plan your next move with Sydney Removalist today. Sydney Removalist is designed to minimize the strain and stress of your move. This starts with a transparent pricing structure. Other removalists include hidden fees that show up unexpectedly on your final bill. With Sydney Removalist, the price structure is easy to understand with rates starting as low as $18 per half hour. You can pick and choose from many different services to ensure that you get exactly the removalist experience you need, want and can afford. Another important aspect to remember when considering removalists is location. Sydney Removalist has a network of removalists throughout Sydney. This makes it easy to find service for your neighborhood. The fact that Sydney Removalist works with partners in so many regions ensures that every client gets the best service possible. Moreover, Sydney Removalist understands that each move is distinct. When looking for removalists, this company allows you to consider specific removals. For example, you can look for service for a house removal or office relocations. There",https://www.biznearu.com.au/wp-content/uploads/sydney-removalist-logo.png,"['Th 7am - 5pm', 'Mo 7am - 5pm', 'We 7am - 5pm', 'Sa Closed', 'Su Closed', 'Tu 7am - 5pm', 'Fr 7am - 5pm']"
"Promotional Products, Promotional Items Perth &#8211; MadDogPrints","2b/13 Oxleigh Drive, Perth Malaga WA 6090, Australia",0893773441,"Mad Dog Promotions is a Perth-based business that offers a flexible range of customized Promotional Products Perth, Promotional items Perth.",https://www.biznearu.com.au/wp-content/uploads/Merchandise-In-Perth-Mad-Dog-Promotions.jpg,"['Fr 8.30 - 16.00', 'Sa Closed', 'Su Closed', 'Mo 8.30 - 16.00', 'We 8.30 - 16.00', 'Th 8.30 - 16.00', 'Tu 8.30 - 16.00']"
New Life Nutrition,"CBD 7 Day Medical Centre Level 1, 245 Albert St Brisbane 4000 QLD",07 3071 7405,"New Life Nutrition Brisbane Directed by dietitian Julie Masci, New Life Nutrition is a small team of dedicated dietitians and nutritionists in Brisbane with experience treating a wide range of clinical and lifestyle based nutrition problems. Our focus is providing personalised and practical lifestyle solutions that are simple and easy to follow. Come and see us at one of our many clinics across Brisbane and let us help you start your new life and improve your health with good nutrition.",https://www.biznearu.com.au/wp-content/uploads/new-life-nutrition.jpg,"['Fr 8:00 am - 6:00 pm', 'Tu 8:00 am - 6:00 pm', 'We 8:00 am - 6:00 pm', 'Sa Closed', 'Su Closed', 'Th 8:00 am - 6:00 pm', 'Mo 8:00 am - 6:00 pm']"
Woolworths Ballina,"82-96 River St, Ballina NSW 2478",(02) 6698 4610,"Woolworths Ballina, The Fresh Food People. ATM, Fresh Seafood, Instore Bakery.",https://www.biznearu.com.au/wp-content/uploads/woolworths-ballina-fair-shopping-centre.jpg,"['Mo 7am - 9pm', 'Sa 7am - 8pm', 'Su 8am - 8pm', 'Fr 7am - 9pm', 'We 7am - 9pm', 'Th 7am - 9pm', 'Tu 7am - 9pm']"
WCA Accountants Ballina,"1/183 River Street, Ballina NSW 2478.",02 6686 5655,"WCA Accountants Ballina objective is to assist our clients create value in, and bring a competitive advantage to their activities. By combining our strengths with those of our clients we seek to continually improve their business, taxation and financial affairs with the aim of providing relevant and reliable information.",https://www.biznearu.com.au/wp-content/uploads/wca-accountants-ballina.jpg,"['Th 8:30am - 5pm', 'Mo 8:30am - 5pm', 'Sa Closed', 'Su Closed', 'Fr 8:30am - 5pm', 'We 8:30am - 5pm', 'Tu 8:30am - 5pm']"
Ritchies Supa IGA Ballina,"Cnr Kerr & Bangalow Road, Shop 9 Ballina NSW 2478",02 6686 4999,"Ritchies Supa IGA Supermarket Ballina, Where the Community Benefits.",https://www.biznearu.com.au/wp-content/uploads/supa-iga-ballina.jpg,"['Su 6am - 10pm', 'Fr 6am - 10pm', 'Tu 6am - 10pm', 'Sa 6am - 10pm', 'Th 6am - 10pm', 'We 6am - 10pm', 'Mo 6am - 10pm']"
Collins Hume Ballina,"97 Tamar Street, Ballina NSW 2478",02 6686 3000,"Since we began in Ballina in 1980, Collins Hume has helped many businesses, individuals and families to prosper—professionally, financially and personally. That’s our business.",https://www.biznearu.com.au/wp-content/uploads/collins-hume-ballina.jpg,"['Mo 9am - 5pm', 'Sa Closed', 'Tu 9am - 5pm', 'Su Closed', 'Fr 9am - 5pm', 'We 9am - 5pm', 'Th 9am - 5pm']"
Essential Olie &#8211; dōTERRA Essential Oils,93 Tompson Road PANANIA NSW 2213,0413 639 875,"Wellness Through dōTERRA Essential Oils from Essential Olie Everyone wants to live the best life possible. While some people focus on fad diets or promotions at work, most are not connected to the fundamental holistic options that can infuse life with wellness. No matter what job you have or what your personal life is like, you can better your existence with dōTERRA essential oils. Founded by Tracey Francis, Essential Olie is a wellness company, inspired to provide wellness solutions for people from all walks of life. dōTERRA essential oils are naturally occurring, and they are non-toxic options to supplement your wellness. Essential Olie knows that wellness is about the mind and body. Therefore, they also offer educational resources to help customers learn about the essential oils they purchase. This educational material empowers clients, ensuring that they have the knowledge needed to understand these essential oils. At Essential Olie, it is not just about turning a profit. Tracey and her team want to partner with customers to create a better life for everyone. The educational opportunities are available through essential oil workshops and other events. The website also provides a blog full of great recipes, essential oil blends and other resources,",https://www.biznearu.com.au/wp-content/uploads/essential-olie-logo.jpg,
Aldi Supermarket Ballina,"Corner North Creek Road & Pacific Highway, Ballina NSW 2478",13 25 34,Aldi Supermarket Ballina | ALDI are proud to be the first grocery retailer in Australia to introduce a National PricingTM Policy across our entire everyday grocery range in all our stores. We believe you shouldn’t have to pay more for your groceries simply because of where you live.,https://www.biznearu.com.au/wp-content/uploads/aldi-ballina.jpg,"['Tu 8:30am - 8pm', 'Mo 8:30am - 8pm', 'Su 9am - 6pm', 'Th 8:30am - 9pm', 'Sa 8am - 6pm', 'Fr 8:30am - 8pm', 'We 8:30am - 8pm']"
Jolly Jesters Jumping Castle Hire Sydney,Lalor Park NSW Sydney,1300 565 595,"Jolly Jesters Jumping Castle Hire Sydney have been hiring jumping castles and servicing the Sydney area since 2009. Hiring a jumping castle is the prefect kids birthday party idea. Jolly Jesters understand the need for a safe, affordable and hassle free jumping castle hire experience. Our friendly team will deliver and erect your jumping castle and at the conclusion of your special event, we will also come and pack away the jumping castle. Be sure to consider Jolly Jesters Jumping Castle Hire Sydney for your next kids birthday party. Call: 1300 565 595",https://www.biznearu.com.au/wp-content/uploads/jolly-jesters-jumping-castles-sydney.png,"['Mo 8am - 6pm', 'Fr 8am - 6pm', 'Sa 8am - 6pm', 'Tu 8am - 6pm', 'Th 8am - 6pm', 'We 8am - 6pm', 'Su 8am - 6pm']"
DKM group,"10 Moonee Street, Coffs Harbour NSW 2450",02 6650 5959,DKM is a professional services firm that provides accounting and other tailored services to SME and individual clients along the eastern seaboard of Australia. DKM’s origins can be dated back 40 years via numerous antecedent firms.,https://www.biznearu.com.au/wp-content/uploads/DKM-group.png,"['We 8.30am to 5.00pm', 'Th 8.30am to 5.00pm', 'Sa Closed', 'Fr 8.30am to 5.00pm', 'Su Closed', 'Mo 8.30am to 5.00pm', 'Tu 8.30am to 5.00pm']"
Wedding Bands Melbourne | JMD Entertainment,Main Rd Eltham Melbourne 3095 Vic,0498 487 838,For all of your live music needs come and see JMD Entertainment. Wedding Bands Melbourne is a live music entertainment agency that are specialists in Wedding Bands Melbourne.,https://www.biznearu.com.au/wp-content/uploads/logo-2.png,
Australian Web Marketers,12 Maddison Lane Redfern 2016 NSW Australia,(02) 8061 6696,"Australian Web Marketers Sydney We are an Australian Web Design Company that specialises in creating professional websites that generate sales and rank high on Google. If your business isn’t utilizing the incredible power of Google, then you are excluding yourself from a huge percentage of your customers. Australian Web Marketers understand how important new customers are to a business and that is why we create professional websites complete with full Search Engine Optimisation (SEO). Australian Web Marketers are one of the leading Web Design Companies in Australia. Web Development, Design & SEO in Sydney and Melbourne.",https://www.biznearu.com.au/wp-content/uploads/australian-web-marketers.jpg,"['We 9:00 am - 6:00 pm', 'Fr 9:00 am - 6:00 pm', 'Mo 9:00 am - 6:00 pm', 'Sa Closed', 'Th 9:00 am - 6:00 pm', 'Su Closed', 'Tu 9:00 am - 6:00 pm']"
Clayton James Solicitors,"Level 21, 133 Castlereagh Street, SYDNEY NSW 2000",1800 960 644,"All legal matters are stressful for clients, but few things are as heartrending as family disputes. This is especially true when a will is being called into question. Due to the sensitive nature and legal nuances of such cases, professional support from an expert solicitor is necessary. This is the service offered by Clayton James Solicitors. The team at Clayton James Solicitors has ample experience in will disputes, sharing more than 35 years of legal experience. In order to be fair to clients, this firm does not accept payment if the case does not win in court. When the case is successful, payment is determined by a variety of factors. Fees are not assessed in an ongoing manner. Instead, they are collected at the end, and these costs are typically covered by the payout from the contested estate. In order to give clients a sense of possible cost, an assessment is provided upfront. This assessment of the case covers the client’s likelihood of success while also outlining the amount of time and money it will probably take. Many factors must be considered before pursuing a case. Clients must have a valid legal claim to contest the will, which is what",https://www.biznearu.com.au/wp-content/uploads/clayton-james-solicitors.jpg,"['Mo 9am - 5pm', 'Sa Closed', 'Tu 9am - 5pm', 'Su Closed', 'Fr 9am - 5pm', 'We 9am - 5pm', 'Th 9am - 5pm']"
Colour Up &#8211; Custom Sportswear &amp; Sports Uniforms Online Australia,"2f/13 Oxleigh Drive, Perth Malaga WA 6090, Australia",1300 145 346,"Design your own custom sportswear and sports uniforms online. Colour Up offers wide range of custom sportswear for both men and women at affordable price. Choose desired colour, add logo, names, numbers, etc. No setup or design charges. We ship custom printed sports uniforms across Australia and New Zealand with fast turnaround time.",https://www.biznearu.com.au/wp-content/uploads/Colour-Up-Logo-GETCREATIVE1.png,
Grande Drill &#038; Blast,Coraki nsw,0406 122 372,"Grande Drill & Blast offers a full range of drilling and blasting services for its varied clients. This includes any on-ground rock needs. Many clients choose this company for blast hole drilling during the production phase. Alternatively, these services can also be employed for preparation. The company has ample experience with pre-split processes for drilling and blasting. These production services are just the start. Grande Drill & Blast is proud to be a one-stop choice, which means it participates in every part of the rock process. Before any type of drill or blast work, a complete safety analysis is necessary along with a comprehensive environmental assessment. This company is prepared to offer both such analyses in addition to information on blast design and mark out. In addition to these civil blasting options, the company also offers magazine storage at a secure and safe facility. This ensures that all equipment is stored according to protocol, which provides the ultimate peace of mind. Grande Drill & Blast will work with each client to determine the exact services needed. The business is closely held by family ownership. Current service locations include New South Wales along with parts of Queensland and New England. Grande",https://www.biznearu.com.au/wp-content/uploads/grande-drill-blast.png,"['Th 7am - 5pm', 'Mo 7am - 5pm', 'We 7am - 5pm', 'Sa 7am - 1pm', 'Tu 7am - 5pm', 'Fr 7am - 5pm']"
Kothes Accountants,163 Auckland St Bega NSW 2550,(02) 6491 6491,"Kothes Accounting Group is here to help you plan, implement and achieve your financial goals. Our qualified team of chartered accountants takes an active interest in all our clients’ and provide solutions and strategies to improve profitability, minimise tax and create and preserve wealth.",https://www.biznearu.com.au/wp-content/uploads/Kothes-Full-Colour-K-480x480.png,"['We 8:30am – 5:00pm', 'Sa Closed', 'Su Closed', 'Tu 8:30am – 5:00pm', 'Fr 8:30am – 5:00pm', 'Th 8:30am – 5:00pm', 'Mo 8:30am – 5:00pm']"
Taylors Estate Agents,62 Belmore Rd Randwick NSW 2031,02 9398 1133,"As an integral part of the local Randwick landscape, Taylors Estate Agents boasts a rich history spanning more than 80 years. We like to think that the craft of selling and managing property is in our blood. Taylors Estate Agents proud heritage is supported by a strong commitment to continuous progress and innovation. Taylors Estate Agents are always looking for a better way to do things to ensure our clients enjoy the finest service and the most exceptional results. Whether it is buying or selling, or leasing or renting a unit or house in Randwick, Coogee, Kensington or the Kingsford area, Taylors is your agent.",https://www.biznearu.com.au/wp-content/uploads/taylors-real-estate.jpg,"['Su Closed', 'Fr 8:30 am - 5:30 pm', 'Mo 8:30 am - 5:30 pm', 'We 8:30 am - 5:30 pm', 'Sa 8:30 am - 2:30 pm', 'Tu 8:30 am - 5:30 pm', 'Th 8:30 am - 5:30 pm']"
Extra Cheap Rubbish Removal,"Parramatta, NSW 2150",0411 015 282,"Great Rubbish Removal Service, The Extra Cheap Rubbish Removal The Extra Cheap Rubbish Removal is a rubbish-removal company stationed in Sydney, that provides rubbish removal services to Bondi, Northern Beaches, Eastern Suburbs, Manly, Maroubra and many other Sydney suburbs. They are here to help you get rid of all of your unwanted waste that is cluttering your space. Offering a service that helps clean our planet of waste; The Extra Cheap Rubbish Removal is an eco-friendly and environmentally responsible company that will take care of your rubbish the way it is meant to be handled. Everything about their services and prices is listed on their very informative site. Make sure to check it out, as they might be offering services that you never even knew you needed. It is important that we keep our environment clean, and the Extra Cheap Rubbish Removal company is trying to help to do just that!",https://www.biznearu.com.au/wp-content/uploads/extra-cheap-rubbish-removal.jpg,
ESP Developments &#8211; Builders Brisbane,"42 Thomas Street, Camp Hill QLD 4152 Australia",07 3847 1855,"ESP Developments is one of the leading options for custom home construction and renovation. Located in Brisbane, this company has decades of experience, and it has become one of the most trusted names in the construction industry. This leadership comes from the total dedication and premier skills embodied in every member of the ESP Developments team. Compared to other builders, there is little that ESP Developments cannot do. ESP Developments can help clients with new construction projects, building your home from the ground up. However, clients can also rely on ESP Developments for any home renovations or additions. These extensions and renovations can add instant value to your existing home. Other renovation builders Brisbane take a one-size-fits-all approach, offering savings that really just cut down on quality. For ESP Developments, on the other hand, customization is the name of the game. The end result is perfectly tailored to each client’s specific needs. ESP Developments is run by Thomas Esprester, who founded the company in 1988. This means that ESP Developments has nearly four decades of experience in Brisbane. This longevity is impressive when you think about how volatile the business can be. For Esprester, however, building has been a lifelong",https://www.biznearu.com.au/wp-content/uploads/esp-developments-brisbane-builders.jpg,
Viden Accountants,"22 Mayneview St, PO Box 1330 Milton, QLD 4064, Australia.",07 3368 9999,"regardless of whether you are a business looking for financial reports, bookkeeping, tax planning or or an individual looking for financial planning, superannuation advice or tax return services, we have the right people to do your work cost effectively, at all times.",https://www.biznearu.com.au/wp-content/uploads/Viden.png,"['We 8:30am – 5pm', 'Tu 8:30am – 5pm', 'Sa Closed', 'Mo 8:30am – 5pm', 'Su Closed', 'Th 8:30am – 5pm', 'Fr 8:30am – 5pm']"
ATV Antenna Service Gold Coast,Gold Coast,1800 441 114,"ATV Antenna Service Gold Coast provides a wide range of television antenna services to clients in the Gold Coast. As the name suggests, ATV Antenna Service has ample experience with antenna installation, repairs and maintenance. This service can ensure that the right antenna is installed in the right location for the best television reception possible. However, ATV Antenna Service has expanded its service offerings to include television enhancements on other levels. Today, the company also works with digital set top boxes, additional TV points, home theater installation and more. By working with both residential and commercial clients, this company can handle antennas and projects of all sizes. As part of the company’s founding principles, ATV Antenna Service is committed to providing unparalleled service for clients. Client satisfaction is absolutely critical. It is easy to see that the company has been successful in this pursuit. While other companies in this industry may struggle to survive, this company has thrived for more than 30 years. This longstanding position in telecommunications makes ATV Antenna Service a trusted leader for clients of all backgrounds. ATV Antenna Service has three locations. The first being on the Gold Coast, the second is in Ballina, and the",https://www.biznearu.com.au/wp-content/uploads/atv-antenna-service-gold-coast.jpg,"['Th 7am - 5pm', 'Mo 7am - 5pm', 'We 7am - 5pm', 'Sa Closed', 'Su Closed', 'Tu 7am - 5pm', 'Fr 7am - 5pm']"
Second Nature Builders Brisbane,"Albany creek, QLD 4035",0438 325 566,"Second Nature Builders Brisbane is a construction company that specialises in home extensions and renovations throughout the North Brisbane area. Owned and operated by local builder Sean Rogers, who has a long history within the building industry. For more than 25 years, he has worked tirelessly, mastering his craft and discovering the principles that truly make a builder stand out from the competition. To this end, Second Nature Builders focuses on integrity and seeks to provide quality work with transparent pricing and superb customer service. Overall, the team at Second Nature Builders is passionate about natural building, and with meticulous attention to detail, you can feel rest assured your renovation or extension will be on time & budget. Contact Sean today 0438 325 566 to set up an initial consultation. QBCC Lic 1179720 | ABN 95 968 912 057",https://www.biznearu.com.au/wp-content/uploads/second-nature-builders.jpg,"['Th 7am - 5pm', 'Mo 7am - 5pm', 'Fr 7am - 5pm', 'Tu 7am - 5pm', 'We 7am - 5pm']"
Ballina Storage Sheds,21 -23 clark st ballina nsw 2478,6686 1100,"There are many options for self storage sheds in Ballina, but few companies can offer the service, security and selection of Ballina Storage Sheds. The storage facility is conveniently located in the heart of Ballina, ensuring that all clients have easy access to their belongings. Ballina Storage Sheds is proud to work with commercial clients, local businesses, household clients and recreational clients. In other words, no matter what your storage needs may be, Ballina Storage Sheds has the capacity to get the job done. The sheds are available in a range of sizes. There are economical sheds sized 3 meters by 3 meters. For more moderate needs, clients can benefit from units that are either 3 meters by 6 meters or 3 meters by 9 meters. Finally, for the largest needs, Ballina Storage Sheds has a selection of units that max out at 3 meters by 12 meters. Along with the range of units available, Ballina Storage Sheds has tiered prices. Small units are affordably priced with competitive monthly rates. Prices increase based on the size of the storage unit, but even the largest units offer good value for each square meter of storage space. The perks do not stop",https://www.biznearu.com.au/wp-content/uploads/ballina-storage-sheds-logo.jpg,"['Tu 8.30am – 5pm', 'We 8.30am – 5pm', 'Th 8.30am – 5pm', 'Su By Appointment', 'Mo 8.30am – 5pm', 'Fr 8.30am – 5pm', 'Sa By Appointment']"
Woolworths Ballina Fair Shopping Centre,"Ballina Fair Shopping Centre, Cnr Fox And Kerr Roads, Ballina NSW 2478",02 6698 4602,"Woolworths Ballina Fair Shopping Centre, The Fresh Food People.",https://www.biznearu.com.au/wp-content/uploads/woolworths-ballina-fair-shopping-centre.jpg,"['Sa 7am - 9pm', 'Mo 7am - 9pm', 'Su 7am - 8pm', 'Fr 7am - 9pm', 'We 7am - 9pm', 'Th 7am - 9pm', 'Tu 7am - 9pm']"
