0,1,2,3,disambiguatingDescription
"Thūmma tūshriq al-shams : The sun also rises, Īrnist Himīnjwāy",9789953755861.0,OzEuM20Yq-c,HU0CrOH9LGw,"The instance Thūmma tūshriq al-shams : The sun also rises, Īrnist Himīnjwāy represents a material embodiment of a distinct intellectual or artistic creation found in City of Belmont - Ruth Faulkner Public Library."
"Maawit Nget-nget Koomba Keba Waakarl : The little mouse and the great big water snake, story by Kathy Yarran ; illustrations by Charmaine Bennell",9781741310641.0,bsQB8JgvuRU,CmQfy71Swh8,"The instance Maawit Nget-nget Koomba Keba Waakarl : The little mouse and the great big water snake, story by Kathy Yarran ; illustrations by Charmaine Bennell represents a material embodiment of a distinct intellectual or artistic creation found in City of Belmont - Ruth Faulkner Public Library."
"Michelle Bridges, Project extreme",,ctWLNgwGGbU,,"The instance Michelle Bridges, Project extreme represents a material embodiment of a distinct intellectual or artistic creation found in City of Belmont - Ruth Faulkner Public Library."
"Phonics 4 babies, Friends & family, (DVD)",,d6tk2Vc2x6g,SzQRGkiXooM,"The instance Phonics 4 babies, Friends & family, (DVD) represents a material embodiment of a distinct intellectual or artistic creation found in City of Belmont - Ruth Faulkner Public Library."
"Counting dinos, Eric Pinder ; pictures by Junissa Bianda",9780807512814.0,rw3dUlSVM0s,2xmx39WBQvo,"The instance Counting dinos, Eric Pinder ; pictures by Junissa Bianda represents a material embodiment of a distinct intellectual or artistic creation found in City of Belmont - Ruth Faulkner Public Library."
The secret of Moonacre,,zIZPpZLlW7g,IrsZaCITKIE,The instance The secret of Moonacre represents a material embodiment of a distinct intellectual or artistic creation found in City of Belmont - Ruth Faulkner Public Library.
"Lost, The complete first season, Part two",,JB9siwaWPE4,3vjb8HQgK-8,"The instance Lost, The complete first season, Part two represents a material embodiment of a distinct intellectual or artistic creation found in City of Belmont - Ruth Faulkner Public Library."
"The school science experiments, Vol 3",,73o8e570oso,,"The instance The school science experiments, Vol 3 represents a material embodiment of a distinct intellectual or artistic creation found in City of Belmont - Ruth Faulkner Public Library."
"The dark mirror, Juliet Marillier",9780330426008.0,ZRNJRmMZVyQ,YPTe4eUhzOQ,"The instance The dark mirror, Juliet Marillier represents a material embodiment of a distinct intellectual or artistic creation found in City of Belmont - Ruth Faulkner Public Library."
The revenant,,atiP8MyU_i4,,The instance The revenant represents a material embodiment of a distinct intellectual or artistic creation found in City of Belmont - Ruth Faulkner Public Library.
"Stranded, Alex Kava",9780750539050.0,nf1IrB0OUqw,kqqpJaH4Ggg,"The instance Stranded, Alex Kava represents a material embodiment of a distinct intellectual or artistic creation found in City of Belmont - Ruth Faulkner Public Library."
"Phonics 4 babies, Colors & counting, (DVD)",,ygh_MxOLPLM,SzQRGkiXooM,"The instance Phonics 4 babies, Colors & counting, (DVD) represents a material embodiment of a distinct intellectual or artistic creation found in City of Belmont - Ruth Faulkner Public Library."
Cold war,,cIvW4khu1Gg,,The instance Cold war represents a material embodiment of a distinct intellectual or artistic creation found in City of Belmont - Ruth Faulkner Public Library.
"Remind me how this ends, Gabrielle Tozer",9781460751688.0,mcMWN2tVuGo,NXuoQPApsOo,"The instance Remind me how this ends, Gabrielle Tozer represents a material embodiment of a distinct intellectual or artistic creation found in City of Belmont - Ruth Faulkner Public Library."
Arrietty,,GoHjLMx1sqY,,The instance Arrietty represents a material embodiment of a distinct intellectual or artistic creation found in City of Belmont - Ruth Faulkner Public Library.
"Boing boing, Alexander McCall Smith & Zoe Persico",9781781125144.0,E1AskwqRatg,JFqa5GnTTsc,"The instance Boing boing, Alexander McCall Smith & Zoe Persico represents a material embodiment of a distinct intellectual or artistic creation found in City of Belmont - Ruth Faulkner Public Library."
"The way of kings. : Part two, Brandon Sanderson",9780575102484.0,9feTiXcm8qc,,"The instance The way of kings. : Part two, Brandon Sanderson represents a material embodiment of a distinct intellectual or artistic creation found in City of Belmont - Ruth Faulkner Public Library."
"Big rain coming, Katrina Germein ; illustrated by Bronwyn Bancroft",9780143500452.0,pOGJ9jz7hqQ,rTaB2A-no84,"The instance Big rain coming, Katrina Germein ; illustrated by Bronwyn Bancroft represents a material embodiment of a distinct intellectual or artistic creation found in City of Belmont - Ruth Faulkner Public Library."
"Downton Abbey, Season six",,MlrktuQL61s,,"The instance Downton Abbey, Season six represents a material embodiment of a distinct intellectual or artistic creation found in City of Belmont - Ruth Faulkner Public Library."
"Alice-Miranda in New York, Jacqueline Harvey",9781489494641.0,rloQeZYnQIY,J3asmj161_g,"The instance Alice-Miranda in New York, Jacqueline Harvey represents a material embodiment of a distinct intellectual or artistic creation found in City of Belmont - Ruth Faulkner Public Library."
"The bubblegum tree, Alexander McCall Smith ; narrated by Leighton Pugh",9781510008939.0,UeftsH43D0Y,nxPnYnAQv4g,"The instance The bubblegum tree, Alexander McCall Smith ; narrated by Leighton Pugh represents a material embodiment of a distinct intellectual or artistic creation found in City of Belmont - Ruth Faulkner Public Library."
"The rumour, Lesley Kara",9781444842548.0,9deJxSqKUoA,qC4nVLw2Zcw,"The instance The rumour, Lesley Kara represents a material embodiment of a distinct intellectual or artistic creation found in City of Belmont - Ruth Faulkner Public Library."
"Michelle Bridges, Project shape-up",,OIvSVkwWEoU,,"The instance Michelle Bridges, Project shape-up represents a material embodiment of a distinct intellectual or artistic creation found in City of Belmont - Ruth Faulkner Public Library."
"Lady Anne's quest, by Susan Page Davis",9781410476319.0,3pxh0AykFfA,b9VqgMClG90,"The instance Lady Anne's quest, by Susan Page Davis represents a material embodiment of a distinct intellectual or artistic creation found in City of Belmont - Ruth Faulkner Public Library."
"Lost, The complete third season",,7DMyI45_C7o,KQJxb9eX4RI,"The instance Lost, The complete third season represents a material embodiment of a distinct intellectual or artistic creation found in City of Belmont - Ruth Faulkner Public Library."
"Mad men, Season five",,Me6qa3mL6js,5w2cGMgnsQE,"The instance Mad men, Season five represents a material embodiment of a distinct intellectual or artistic creation found in City of Belmont - Ruth Faulkner Public Library."
"Night-night Perth : a sleepy bedtime rhyme, written by Katherine Sully ; illustrated by Helen Poole",9781760451363.0,hyjKBEgbVjc,XheWeEaZdeI,"The instance Night-night Perth : a sleepy bedtime rhyme, written by Katherine Sully ; illustrated by Helen Poole represents a material embodiment of a distinct intellectual or artistic creation found in City of Belmont - Ruth Faulkner Public Library."
"Windja Yongka Kwobidak Bwoka Baranginy : Where the kangaroo got his beautiful coat, story by Valma Humphries ; illustrations by Charmaine Bennell",9781741310689.0,OgQY5sbAVF0,CmQfy71Swh8,"The instance Windja Yongka Kwobidak Bwoka Baranginy : Where the kangaroo got his beautiful coat, story by Valma Humphries ; illustrations by Charmaine Bennell represents a material embodiment of a distinct intellectual or artistic creation found in City of Belmont - Ruth Faulkner Public Library."
"Maawit Nget-nget Koomba Keba Waakarl : The little mouse and the great big water snake, story by Kathy Yarran ; illustrations by Charmaine Bennell",9781741310610.0,BNzas4XDBCM,CmQfy71Swh8,"The instance Maawit Nget-nget Koomba Keba Waakarl : The little mouse and the great big water snake, story by Kathy Yarran ; illustrations by Charmaine Bennell represents a material embodiment of a distinct intellectual or artistic creation found in City of Belmont - Ruth Faulkner Public Library."
"Phonics 4 babies, Imagination station, (DVD)",,9Yrj678EAjQ,SzQRGkiXooM,"The instance Phonics 4 babies, Imagination station, (DVD) represents a material embodiment of a distinct intellectual or artistic creation found in City of Belmont - Ruth Faulkner Public Library."
"Fringe, The complete fifth and final season",,PYg7DECPzts,YcI5kzbXwpw,"The instance Fringe, The complete fifth and final season represents a material embodiment of a distinct intellectual or artistic creation found in City of Belmont - Ruth Faulkner Public Library."
"The Paradise, (DVD)",,4hNedMkaGaA,clwwOAcXmCA,"The instance The Paradise, (DVD) represents a material embodiment of a distinct intellectual or artistic creation found in City of Belmont - Ruth Faulkner Public Library."
"One perfect family, Anna Jacobs",9780750547925.0,fRdoDn6sD3g,T609IOIax4U,"The instance One perfect family, Anna Jacobs represents a material embodiment of a distinct intellectual or artistic creation found in City of Belmont - Ruth Faulkner Public Library."
"The crucifix killer, Chris Carter",9781471128219.0,FMsTZyonmhs,mg_PNFHGWkc,"The instance The crucifix killer, Chris Carter represents a material embodiment of a distinct intellectual or artistic creation found in City of Belmont - Ruth Faulkner Public Library."
"The blood of kings, M.K. Hume",9781472215802.0,3qd_S9uU3T4,2VeGmy75fcI,"The instance The blood of kings, M.K. Hume represents a material embodiment of a distinct intellectual or artistic creation found in City of Belmont - Ruth Faulkner Public Library."
"The journey home, Lou Aronica",9781611882322.0,dAotbSCgH-o,3MMBwaBEkuI,"The instance The journey home, Lou Aronica represents a material embodiment of a distinct intellectual or artistic creation found in City of Belmont - Ruth Faulkner Public Library."
"Reign, The complete third season",,OxUeVzcMXXc,,"The instance Reign, The complete third season represents a material embodiment of a distinct intellectual or artistic creation found in City of Belmont - Ruth Faulkner Public Library."
"Crush catastrophe, Rachel Renée Russell, with Nikki Russell and Erin Russell",9781471168017.0,pESSocBYIUY,f7ZCQD0-r7w,"The instance Crush catastrophe, Rachel Renée Russell, with Nikki Russell and Erin Russell represents a material embodiment of a distinct intellectual or artistic creation found in City of Belmont - Ruth Faulkner Public Library."
"Fireproof, Alex Kava",9780750539043.0,v2M5UTZFc18,kqqpJaH4Ggg,"The instance Fireproof, Alex Kava represents a material embodiment of a distinct intellectual or artistic creation found in City of Belmont - Ruth Faulkner Public Library."
Ομήρου Οδύσσεια Τόμος Β,,YYL4pehLB_4,_nFSApI9STs,The instance Ομήρου Οδύσσεια Τόμος Β represents a material embodiment of a distinct intellectual or artistic creation found in City of Belmont - Ruth Faulkner Public Library.
"Slinky Malinki early bird, Lynley Dodd",9780723293996.0,093VcBeJq9U,,"The instance Slinky Malinki early bird, Lynley Dodd represents a material embodiment of a distinct intellectual or artistic creation found in City of Belmont - Ruth Faulkner Public Library."
"Workaholics, Season one",,XyVsQj1i2Us,9j3--EOX-gA,"The instance Workaholics, Season one represents a material embodiment of a distinct intellectual or artistic creation found in City of Belmont - Ruth Faulkner Public Library."
"The Bertie project, Alexander McCall Smith",9781846973598.0,H9ziZU5RPqw,PLf8oybKCMI,"The instance The Bertie project, Alexander McCall Smith represents a material embodiment of a distinct intellectual or artistic creation found in City of Belmont - Ruth Faulkner Public Library."
"Her brother's keeper, Beth Wiseman",9781410479884.0,r1jU7dMzEOY,b9VqgMClG90,"The instance Her brother's keeper, Beth Wiseman represents a material embodiment of a distinct intellectual or artistic creation found in City of Belmont - Ruth Faulkner Public Library."
"Two night stand, director, Max Nichols",,Q9sVO0eObgQ,kTKTNTkvluU,"The instance Two night stand, director, Max Nichols represents a material embodiment of a distinct intellectual or artistic creation found in City of Belmont - Ruth Faulkner Public Library."
"Nomad : a personal journey through the clash of civilizations, Ayaan Hirsi Ali",9780732292836.0,vYVTkh2xJJY,f9KCCpUTzMI,"The instance Nomad : a personal journey through the clash of civilizations, Ayaan Hirsi Ali represents a material embodiment of a distinct intellectual or artistic creation found in City of Belmont - Ruth Faulkner Public Library."
"Lost : the extended experience, The complete second season",,A9s9cIDnVO8,gOULf4l_up4,"The instance Lost : the extended experience, The complete second season represents a material embodiment of a distinct intellectual or artistic creation found in City of Belmont - Ruth Faulkner Public Library."
Swordfish,,-1ypCgysvxw,B37V8NWdN6I,The instance Swordfish represents a material embodiment of a distinct intellectual or artistic creation found in City of Belmont - Ruth Faulkner Public Library.
"Midsomer murders, Complete season 9",,HNDT80d-JAQ,,"The instance Midsomer murders, Complete season 9 represents a material embodiment of a distinct intellectual or artistic creation found in City of Belmont - Ruth Faulkner Public Library."
"Big Bunny, Rowboat Watkins",9781452163901.0,Kv3j0_HR-vU,sBteP-79Wik,"The instance Big Bunny, Rowboat Watkins represents a material embodiment of a distinct intellectual or artistic creation found in City of Belmont - Ruth Faulkner Public Library."
Copyright Law of the United States of America: contained in Title 17 of the United States Code,,MNYS5kYIWoE,_nFSApI9STs,The instance Copyright Law of the United States of America: contained in Title 17 of the United States Code represents a material embodiment of a distinct intellectual or artistic creation found in City of Belmont - Ruth Faulkner Public Library.
"Holy orders, Benjamin Black",9780753192221.0,8gyHtnaY8mw,sp4oSp1xMqU,"The instance Holy orders, Benjamin Black represents a material embodiment of a distinct intellectual or artistic creation found in City of Belmont - Ruth Faulkner Public Library."
Big birthday bash,,PqNxxtcBQNg,,The instance Big birthday bash represents a material embodiment of a distinct intellectual or artistic creation found in City of Belmont - Ruth Faulkner Public Library.
"Don't go back to where you came from : why multiculturalism works, Tim Soutphommasane",9781459647572.0,gTqMusxUnf0,HfbZqjT1aso,"The instance Don't go back to where you came from : why multiculturalism works, Tim Soutphommasane represents a material embodiment of a distinct intellectual or artistic creation found in City of Belmont - Ruth Faulkner Public Library."
"Lost, The complete fourth season",,IszzkHNBxv0,Kxiht5P9uNg,"The instance Lost, The complete fourth season represents a material embodiment of a distinct intellectual or artistic creation found in City of Belmont - Ruth Faulkner Public Library."
"Bhora, Julaphiẏā Isalāma",9789849138549.0,FvprdJ2jgqg,pHtQqsX59FI,"The instance Bhora, Julaphiẏā Isalāma represents a material embodiment of a distinct intellectual or artistic creation found in City of Belmont - Ruth Faulkner Public Library."
"Cold cold heart, Tami Hoag",9781410467706.0,8sbLTAeoB2c,XUcVq0eyYPU,"The instance Cold cold heart, Tami Hoag represents a material embodiment of a distinct intellectual or artistic creation found in City of Belmont - Ruth Faulkner Public Library."
"Bear Grylls adventures, Volume 6, Bear Grylls ; read by Joe Jameson",9781489494603.0,DrXCXOr9G2M,J3asmj161_g,"The instance Bear Grylls adventures, Volume 6, Bear Grylls ; read by Joe Jameson represents a material embodiment of a distinct intellectual or artistic creation found in City of Belmont - Ruth Faulkner Public Library."
"Delivery bear, Laura Gehl ; pictures by Paco Sordo",9780807515327.0,wzvgiYKXHd4,2xmx39WBQvo,"The instance Delivery bear, Laura Gehl ; pictures by Paco Sordo represents a material embodiment of a distinct intellectual or artistic creation found in City of Belmont - Ruth Faulkner Public Library."
"Crush catastrophe, Rachel Renee Russell",9781471168017.0,fJTFJeq7sAc,uXpXK77yq-E,"The instance Crush catastrophe, Rachel Renee Russell represents a material embodiment of a distinct intellectual or artistic creation found in City of Belmont - Ruth Faulkner Public Library."
"Fall from pride, Karen Harper",9781410440242.0,1cvnJokE2Pw,q-QSRTs-6Vw,"The instance Fall from pride, Karen Harper represents a material embodiment of a distinct intellectual or artistic creation found in City of Belmont - Ruth Faulkner Public Library."
"To the land of long lost friends, Alexander McCall Smith",9781785417993.0,tWcAgSIUdPM,Igr9PIluinU,"The instance To the land of long lost friends, Alexander McCall Smith represents a material embodiment of a distinct intellectual or artistic creation found in City of Belmont - Ruth Faulkner Public Library."
"Grandpa, me & poetry, written by Sally Morgan ; illustrated by Craig Smith",9781742991702.0,xDW6I31-_JU,rfRw8l7mTXs,"The instance Grandpa, me & poetry, written by Sally Morgan ; illustrated by Craig Smith represents a material embodiment of a distinct intellectual or artistic creation found in City of Belmont - Ruth Faulkner Public Library."
"Arata : the legend, 22, story & art by Yuu Watase ; English adaptation, Lance Caselman ; translation, JN Productions",9781421579047.0,-tiEQdMSA4c,NlVkHp_I5KI,"The instance Arata : the legend, 22, story & art by Yuu Watase ; English adaptation, Lance Caselman ; translation, JN Productions represents a material embodiment of a distinct intellectual or artistic creation found in City of Belmont - Ruth Faulkner Public Library."
"Chakde! India : Cakade! Iṇḍiyá, Yash Raj Films",,T6HDP_2E1EA,vMk_uo3nfBw,"The instance Chakde! India : Cakade! Iṇḍiyá, Yash Raj Films represents a material embodiment of a distinct intellectual or artistic creation found in City of Belmont - Ruth Faulkner Public Library."
"The musketeers, Series three",,dva59fDrCQ4,,"The instance The musketeers, Series three represents a material embodiment of a distinct intellectual or artistic creation found in City of Belmont - Ruth Faulkner Public Library."
"Soul eater, 7/, by Atsushi Ōhkubo ; translation: Jack Wiedrick",9780316071109.0,qnhO14BSgd4,ESlcTvMMV8k,"The instance Soul eater, 7/, by Atsushi Ōhkubo ; translation: Jack Wiedrick represents a material embodiment of a distinct intellectual or artistic creation found in City of Belmont - Ruth Faulkner Public Library."
The Infiltrator,,91e8IdBqIgw,,The instance The Infiltrator represents a material embodiment of a distinct intellectual or artistic creation found in City of Belmont - Ruth Faulkner Public Library.
"Play School, Famous friends",,ZB6c4KoOMqQ,,"The instance Play School, Famous friends represents a material embodiment of a distinct intellectual or artistic creation found in City of Belmont - Ruth Faulkner Public Library."
Rise of the footsoldier,,lSTd179xOd4,,The instance Rise of the footsoldier represents a material embodiment of a distinct intellectual or artistic creation found in City of Belmont - Ruth Faulkner Public Library.
"The school science experiments, Vol. 2",,WjTj0RNy9Jw,,"The instance The school science experiments, Vol. 2 represents a material embodiment of a distinct intellectual or artistic creation found in City of Belmont - Ruth Faulkner Public Library."
"Safe from harm, R.J. Bailey",9781471157172.0,AUxn7RUhogE,TEAAGLgnUjw,"The instance Safe from harm, R.J. Bailey represents a material embodiment of a distinct intellectual or artistic creation found in City of Belmont - Ruth Faulkner Public Library."
Dhoom 3,,ouERPIolanE,,The instance Dhoom 3 represents a material embodiment of a distinct intellectual or artistic creation found in City of Belmont - Ruth Faulkner Public Library.
"The No. 1 Ladies' Detective Agency, The complete first season, (DVD)",,RQmOBeqVxk8,i4GF1QE49WQ,"The instance The No. 1 Ladies' Detective Agency, The complete first season, (DVD) represents a material embodiment of a distinct intellectual or artistic creation found in City of Belmont - Ruth Faulkner Public Library."
"4 ingredients, Keto foods : low carbs, vegetables, good meats, healthy fats, seafood & fish, Kim McCosker",9780648485117.0,Gqmg6xNc_ls,ghgBUgDnCLw,"The instance 4 ingredients, Keto foods : low carbs, vegetables, good meats, healthy fats, seafood & fish, Kim McCosker represents a material embodiment of a distinct intellectual or artistic creation found in City of Belmont - Ruth Faulkner Public Library."
"Reign, The complete first season",,4vkpQCYxvmM,lWwJM7Rhb74,"The instance Reign, The complete first season represents a material embodiment of a distinct intellectual or artistic creation found in City of Belmont - Ruth Faulkner Public Library."
"Roy, The new boy",,Yw-8fHx_0PY,Pn4QK-lxtA0,"The instance Roy, The new boy represents a material embodiment of a distinct intellectual or artistic creation found in City of Belmont - Ruth Faulkner Public Library."
"Dead rising, Watchtower",,IzSLazw5Zbg,,"The instance Dead rising, Watchtower represents a material embodiment of a distinct intellectual or artistic creation found in City of Belmont - Ruth Faulkner Public Library."
The Boy Scout,,b7NH8Vx7Ddo,_nFSApI9STs,The instance The Boy Scout represents a material embodiment of a distinct intellectual or artistic creation found in City of Belmont - Ruth Faulkner Public Library.
"Those we left behind, Stuart Neville",9781846556975.0,98hQv6t-aT4,v1p6H_Jutig,"The instance Those we left behind, Stuart Neville represents a material embodiment of a distinct intellectual or artistic creation found in City of Belmont - Ruth Faulkner Public Library."
"Alice-Miranda at sea, [written and] read by Jacqueline Harvey",9781489482556.0,iJHW10bxlV4,JcAq7tQyPJY,"The instance Alice-Miranda at sea, [written and] read by Jacqueline Harvey represents a material embodiment of a distinct intellectual or artistic creation found in City of Belmont - Ruth Faulkner Public Library."
"The hour, Series 2",,zuOnNK1qvqQ,U_IYWVWFkJ4,"The instance The hour, Series 2 represents a material embodiment of a distinct intellectual or artistic creation found in City of Belmont - Ruth Faulkner Public Library."
The King's Jackal,,kz_xJ1GuXRM,_nFSApI9STs,The instance The King's Jackal represents a material embodiment of a distinct intellectual or artistic creation found in City of Belmont - Ruth Faulkner Public Library.
"Dream a little dream, Sue Moorcroft",9781471216503.0,uKGKibw5JOg,HH6s1-fSjVA,"The instance Dream a little dream, Sue Moorcroft represents a material embodiment of a distinct intellectual or artistic creation found in City of Belmont - Ruth Faulkner Public Library."
"Mental maths, Vol 1 & 2",,rqZeor7cxxw,,"The instance Mental maths, Vol 1 & 2 represents a material embodiment of a distinct intellectual or artistic creation found in City of Belmont - Ruth Faulkner Public Library."
"Barāʼah mumazzaqah : riwāyah, Shāhīnāz Tawfīq al-Jawharī",9789953505893.0,eXOxIbKUQIM,SipHf4aUPls,"The instance Barāʼah mumazzaqah : riwāyah, Shāhīnāz Tawfīq al-Jawharī represents a material embodiment of a distinct intellectual or artistic creation found in City of Belmont - Ruth Faulkner Public Library."
"The Usborne big book of big bugs and a few little ones too--, written by Emily Bone ; illustrated by Fabiano Fiorin",9781409532989.0,IJH__bopcoc,qRsA66A0ycg,"The instance The Usborne big book of big bugs and a few little ones too--, written by Emily Bone ; illustrated by Fabiano Fiorin represents a material embodiment of a distinct intellectual or artistic creation found in City of Belmont - Ruth Faulkner Public Library."
"Lizzie flying solo, Nanci Turner Steveson",9780062673183.0,dTgB_HMvVTA,nHtsm-vzGHs,"The instance Lizzie flying solo, Nanci Turner Steveson represents a material embodiment of a distinct intellectual or artistic creation found in City of Belmont - Ruth Faulkner Public Library."
"Community, The complete fifth season",,MAHdSKzeI8E,,"The instance Community, The complete fifth season represents a material embodiment of a distinct intellectual or artistic creation found in City of Belmont - Ruth Faulkner Public Library."
"The cleverness of ladies, Alexander McCall Smith",9781445898810.0,fQKvOm7GOMg,1lc92EnXC-A,"The instance The cleverness of ladies, Alexander McCall Smith represents a material embodiment of a distinct intellectual or artistic creation found in City of Belmont - Ruth Faulkner Public Library."
Child 44,,5HGmUAnHtCE,,The instance Child 44 represents a material embodiment of a distinct intellectual or artistic creation found in City of Belmont - Ruth Faulkner Public Library.
"The wheels on the...uh-oh!, Sue Tarsky ; pictures by Alex Willmore",9780807588697.0,-gb3FMEofEA,2xmx39WBQvo,"The instance The wheels on the...uh-oh!, Sue Tarsky ; pictures by Alex Willmore represents a material embodiment of a distinct intellectual or artistic creation found in City of Belmont - Ruth Faulkner Public Library."
The United States Constitution,,VCZPVu2sZ6w,_nFSApI9STs,The instance The United States Constitution represents a material embodiment of a distinct intellectual or artistic creation found in City of Belmont - Ruth Faulkner Public Library.
"Bitạ̄lat., Ihṣān Nawrūzī",9789643623760.0,vzmmZp5mj9Q,Gh7uupR1Qgs,"The instance Bitạ̄lat., Ihṣān Nawrūzī represents a material embodiment of a distinct intellectual or artistic creation found in City of Belmont - Ruth Faulkner Public Library."
NREN,,OXkYLkLIiX4,_nFSApI9STs,The instance NREN represents a material embodiment of a distinct intellectual or artistic creation found in City of Belmont - Ruth Faulkner Public Library.
"Already gone, John Rector",9781407496337.0,LlVYcdQZMRM,Dhlqa1zrKr4,"The instance Already gone, John Rector represents a material embodiment of a distinct intellectual or artistic creation found in City of Belmont - Ruth Faulkner Public Library."
"A guide to Berlin, Gail Jones",9780857988157.0,SBLNMcc6r8g,7DpI6pwksTE,"The instance A guide to Berlin, Gail Jones represents a material embodiment of a distinct intellectual or artistic creation found in City of Belmont - Ruth Faulkner Public Library."
"Those we left behind, Stuart Neville",9781444831771.0,E2Utl-N_7qs,5rU4OHc39y0,"The instance Those we left behind, Stuart Neville represents a material embodiment of a distinct intellectual or artistic creation found in City of Belmont - Ruth Faulkner Public Library."
"Reign, The complete second season",,kkCPIylLGsM,eJehzZp7CJg,"The instance Reign, The complete second season represents a material embodiment of a distinct intellectual or artistic creation found in City of Belmont - Ruth Faulkner Public Library."
"Eragon, Christopher Paolini",9780375826696.0,q9uFsrztw04,J7zzXFhbrls,"The instance Eragon, Christopher Paolini represents a material embodiment of a distinct intellectual or artistic creation found in City of Belmont - Ruth Faulkner Public Library."
"Phonics 4 babies, You can do it!, (DVD)",,JEqAqvsV4yc,SzQRGkiXooM,"The instance Phonics 4 babies, You can do it!, (DVD) represents a material embodiment of a distinct intellectual or artistic creation found in City of Belmont - Ruth Faulkner Public Library."
"The blood of kings, M.K. Hume",9781472215796.0,3qd_S9uU3T4,2VeGmy75fcI,"The instance The blood of kings, M.K. Hume represents a material embodiment of a distinct intellectual or artistic creation found in City of Belmont - Ruth Faulkner Public Library."
"Workaholics, Season two",,uc65vL121OU,,"The instance Workaholics, Season two represents a material embodiment of a distinct intellectual or artistic creation found in City of Belmont - Ruth Faulkner Public Library."
"A daughter's journey, Anna Jacobs",9780750547949.0,JVO_SLha-D8,T609IOIax4U,"The instance A daughter's journey, Anna Jacobs represents a material embodiment of a distinct intellectual or artistic creation found in City of Belmont - Ruth Faulkner Public Library."
Ομήρου Οδύσσεια Τόμος Γ,,t5_Q7h1AkSc,_nFSApI9STs,The instance Ομήρου Οδύσσεια Τόμος Γ represents a material embodiment of a distinct intellectual or artistic creation found in City of Belmont - Ruth Faulkner Public Library.
"The novel habits of happiness, Alexander McCall Smith",9780307907356.0,SutARNrsQTo,NOIbvx8WyMs,"The instance The novel habits of happiness, Alexander McCall Smith represents a material embodiment of a distinct intellectual or artistic creation found in City of Belmont - Ruth Faulkner Public Library."
Hidden figures,,xgiMkoGXUTo,,The instance Hidden figures represents a material embodiment of a distinct intellectual or artistic creation found in City of Belmont - Ruth Faulkner Public Library.
"Point of origin, by Patricia Cornwell",9781481534109.0,fQX_U08onRA,UeRcpUwwVhE,"The instance Point of origin, by Patricia Cornwell represents a material embodiment of a distinct intellectual or artistic creation found in City of Belmont - Ruth Faulkner Public Library."
"I'll catch you, Jesse Kellerman",9781471227837.0,WXhzE8DXxrg,lFHhYsrPipQ,"The instance I'll catch you, Jesse Kellerman represents a material embodiment of a distinct intellectual or artistic creation found in City of Belmont - Ruth Faulkner Public Library."
"The school science experiments, Vol. 1",,inqKa3wg9Y0,,"The instance The school science experiments, Vol. 1 represents a material embodiment of a distinct intellectual or artistic creation found in City of Belmont - Ruth Faulkner Public Library."
"Yawmiyyāt ʻashīqah : Diaries of a mistress, Hibah N. Rājiḥah",9789953505893.0,yiamu2DlZMg,97NqFuuykeE,"The instance Yawmiyyāt ʻashīqah : Diaries of a mistress, Hibah N. Rājiḥah represents a material embodiment of a distinct intellectual or artistic creation found in City of Belmont - Ruth Faulkner Public Library."
Hell Ship,9781760636647.0,dDF94L0Zzf0,,The instance Hell Ship represents a material embodiment of a distinct intellectual or artistic creation found in City of Belmont - Ruth Faulkner Public Library.
"Worst case scenario, Helen FitzGerald",9781787821934.0,J0lvlgGcPAs,Lk27JbA5mL4,"The instance Worst case scenario, Helen FitzGerald represents a material embodiment of a distinct intellectual or artistic creation found in City of Belmont - Ruth Faulkner Public Library."
"Mechanic, Resurrection",,o8GoY_FFdSY,,"The instance Mechanic, Resurrection represents a material embodiment of a distinct intellectual or artistic creation found in City of Belmont - Ruth Faulkner Public Library."
Jonah from Tonga,,R3UURcv0NW4,f3GU8q1qx_s,The instance Jonah from Tonga represents a material embodiment of a distinct intellectual or artistic creation found in City of Belmont - Ruth Faulkner Public Library.
Criminal activities,,OmCU6HomWbY,,The instance Criminal activities represents a material embodiment of a distinct intellectual or artistic creation found in City of Belmont - Ruth Faulkner Public Library.
