0,1,priceRange,3,4,5
Shri OM TVS,9801077001.0,INR,0.0,"TVS bike dealers in Motihari Bihar. TVS Apache, TVS Jupiter, TVS XL 100",0.0
Shekhar Tech Enterprises,8789294527.0,INR,1.0,"We Provide below Product/ Services Mask Gloves Sanitizer PPE Kit Sanitisation Tunnel Infrared Thermometer Please contact us to sanitize your House, Office, Shop and Vehicles.",5.0
IIT COACHING FOR PHYISCS IN MOTIHARI...,9939365719.0,INR,0.0,"Meridian Physics for, I.SC ( Hindi,English),CBSE (10+2)SPECIAL CLASSES FOR, 1.JEE Mains & Advance.. 2.Medical Entrance.. 3.doubt classes 4.special classes for weak students..",0.0
Website designing in Bihar,7760632361.0,INR,0.0,Get a cool and user friendly website for your business at the lowest price ever.,0.0
Mahindra rural housing finance ktd,7677664655.0,INR,0.0,"Hi.. if anyone interested in taking home loan for new construction, re construction... Please call me.. i will support and provide you the same.",0.0
Shree RC Enterprises Mahindra Showroom,8294630775.0,INR,0.0,Dealer of Mahindra (Automobile Dealer),0.0
Website Design Company in Patna,8877885656.0,INR,0.0,YpayMore is India's longest established website design company in patna Let us build your High Quality perfect website at affordable cost.,0.0
Software Products ( I T Company),7360000482.0,INR,0.0,"Our services are website design, development & maintenance, Billing system, Accounting system, Management system, Android, SMO, SEO, CMS, Domain/Hosting and many more. Please feel free to contact us or visit our website www.techizas.com for our products & services. We will be glad to hear you.",0.0
V K International School,8873328925.0,INR,0.0,V.K. International School - CBSE Pattern school in Motihari,0.0
Khushi Electricals,9999966745.0,INR,0.0,"ALL KINDS OF ELECTRICAL S ITEM LIKE WIRE , PVC PIPE , SWITCH , LED BULB J BOX T L ETC CALL NO 9999966745",0.0
Apna movers and packers pvt ltd,9905399051.0,INR,0.0,Packing loading transportation and unloading services,0.0
RAJEEV MATHEMATICS CLASSES,9523600330.0,INR,0.0,"RAJEEV MATHEMATICS CLASSES run by Mr. Rajeev Kumar Shriwastava, himself an Electronics and Communication Engineer( M. Tech.). We begins as a coaching for IIT-JEE( Main & Advance), BCECEB, KVPY, Olympiad, XI and XII, with a vision to provide an ideal launch pad for serious JEE aspirants.",0.0
Step Up Height Increaser In Bihar,9873964819.0,INR,0.0,"Height increment works out well according to the development of the human body with toning and muscular development of back muscles, Decompression and straightening of spinal cord, spinal regeneration and progressive thickening. People facing the challenges for height problem have to face social pressure as it creates a problem in marriage later on, secondly one becomes restricted to opt for many career options as they do not meet the minimal requirements of eligibility. But we should not give up on ourselves, one can try to indulge in activities such as swimming, cycling, jogging regularly, sprinting and even yoga helps in the increase of human hormones which in turn act as a catalyst in stimulating growth. Apart from these your walking structure, sitting posture and sleeping posture also affect your body structure, so one should always take care of these. Thanks&Regards Yourteleshopy(Bihar, Patna) Website: http://www.yourtelehsopy.net/ Contact: +91-9873964819",0.0
Best Joint Pain Relief Oil Ayurvedic Saptarishi Sandhi Sudha Plus,,INR,0.0,Sandhi Sudha Plus is complete Ayurvedic product it is the result of long-term medical research and is made up of Himalayan herbs. It is pure and medically acclaimed and is made to give relief from any kind of pain. Order Online Here: www.sandhisudhaoilonline.com,0.0
Khushi Packers Movers,9798968258.0,INR,0.0,"We ensure timely and safe delivery of your valuable household goods.Household shifting is a comfortable and hassle free process by our household shifting service.The relocation services offered by us include : Household Relocation, Corporate Relocation, Commercial Relocation.",0.0
Graphic Design,9304670332.0,INR,0.0,Graphic Design,0.0
TalentClub Recruitment Pvt Ltd,9122165241.0,INR,0.0,Your trusted job placement agency We Deals in - Banking Jobs Pharma Jobs Financial Jobs Hotel/Hospitality Jobs and many more,0.0
120 Teacher Requirement in Gopalganj,9117045106.0,INR,0.0,"Name of Organization – Regional Employment Center Official website – http://regionaledu.webs.com/ E-mail – regional.edu@mail.com Last Date – Not Announced. Total Number of Vacancies – 120 Posts (Expected) Job Location – Entire Gopalganj District Pay Scale – Rs.5,000/- to Rs.15,000/- with pension.**",0.0
Packers and Movers in Patna|Patna Packers and Movers,7840034001.0,INR,0.0,"Aryawarta packers and movers in Patna who offers best packaging service in Patna,Patna packers and movers,movers and packers in Patna",0.0
RAVI INTERNET CAFE AND MOBILE LAB,9430462250.0,INR,0.0,All Online Work and Android Phone Service. Common Service Centre,0.0
TKM WEBSOFT,8559081252.0,INR,0.0,Web development web hosting CMS website development online marketing Apps development,0.0
Monalisa Restaurant,8434664511.0,INR,0.0,"Monalisa Hotel and Restaurant in Motihari - Hotels, Restaurant, all kind of party arrangement in Motihari.",0.0
Jans hospital,9546201232.0,INR,0.0,Jans hospital is an initiative of jans grorup. 50 beded multispeciality hospital. A tirtiary care unit,0.0
RASHTRA BHARTI PUBLIC SCHOOL GAIGHAT,,INR,0.0,We work for students better Educational future.,0.0
Trace Root GPS,7519303586.0,INR,0.0,REAL TIME TRACKING Tracking solution you can check the status of your vehicle by live tracking your fleet 24×7 on Real Time. LOCATION AND PATH TRACKER GPS Tracking solution offers you ENGINE BLOCK If your chauffeur takes the vehicle to some unwanted area and stops responding to your calls.,0.0
CONCEPT OF MATHEMATICS CLASSES,8984619247.0,INR,0.0,"Concept of mathematics classes is an ideal institude for jee(main/advance) ,b-tech sem and 11th&12th. This institude is one of the most popular institude for giving result. Director of this institude is Er. Mithun Kumar. Target of this institude that student gets more succes. Right now this institude is in bhubaneswar(odissa) but this institude will be shifted in your city in 2016.",0.0
Learn Math from experienced teacher,9939837679.0,INR,0.0,Learn Math for all classes from experienced teacher. Above 20 years of teaching experience. Special evening and weekend batches in Motihari. Call Manoj Sir 9939837679.,0.0
Atharva Healthcare Traders,9123122147.0,INR,0.0,"Deals in Hospital Bed, Hospital equipment, Hospital Instruments dealer and stockiest...",0.0
Rama IT Solutions,9555315856.0,INR,0.0,"Rama IT Solutions supplies simple, reliable and affordable personal-computing solutions and devices for home and business use. including Desktop PCs, Notebooks, Workstations, Servers including thin clients, enterprise storage, management software, Printer hardware, all-in-ones, digital imaging and commercial printing devices, cameras and scanners, and associated supplies and accessories and a variety of solutions.",0.0
Buy Sandhi Sudha Plus Oil 3 Bottles Pack,,INR,0.0,"SandhiSudha is a joint pain relief oil that will strengthen your bone and muscles. If you are victim with acute joint pain and have tried numerous products available in the market and other ways of getting rid of the pain, then Sandhi Sudha is an answer to your troubles. www.sandhisudhaoilonline.com",0.0
SATYAM HOSPITAL,9334439782.0,INR,0.0,"Satyam Hospital is a 75 bedded multi-discipline private hospital situated in the city of Patna. It was established by a young and dynamic entrepreneur, Shyam Singh in the year 2001 who currently serves as the Managing Director of the Hospital. Within a short duration of time Satyam hospital has become renowned in Patna for its quality services, work ethics, commitment and affordable services. Doctors and Specialists from multiple disciplines serve patients with the help of trained medical staff employed at the Hospital. 24 hours Emergency services are available.",0.0
Franchise business Opportunities in Bihar - TEEA English Academy,7428076783.0,INR,0.0,Profitable franchise businesses in India in low investments : Teea English Academy START YOUR OWN SPOKEN ENGLISH INSTITUTE BECOME OUR FRANCHISE TEEA ENGLISH ACADEMY FOR FRANCHISEE: 07428076783 HURRY START YOUR BUSINESS TODAY - HIGH PROFIT SHARING FRANCHISE BUSINESS IN INDIA,0.0
RK INTERNATIONAL PUBLIC SCHOOL,9304695226.0,INR,0.0,It's a portal for quality education and career building. ONE OF THE BEST CO-EDUCATIONAL & CBSE CURRICULAM BASED SCHOOL IN MOTIHARI,0.0
Flexible Online Part Time Job,9434019000.0,INR,0.0,Great Opening for Online Part Time Job at Universal Info Service. All that is needed is access to the Internet. Email us at- info@easypostjob4u.com or Click Us at http://www.easypostjob4u.com Ph.9474425752 - Advertiser GYD5903SPL,0.0
RAHUL MISHRA TUTORIALS,9110116701.0,INR,0.0,"We are serving Pune Cantonment (Maharashtra) since 2012 with quality education. Now opening new branch in Motihari for CBSE, ICSE, Sainik School, Military School, NDA and CDS.",0.0
Avazyam Event & Entertainment Pvt Ltd,9958482883.0,INR,0.0,"Wedding Event, Corporate Functions, Conferences & Seminars, Fashion Shows, Brand Activation, Catering Services, Road Shows, Model/Celebrity Management, Exhibitions, Dance Shows, Private Functions, Pool Party, Product Launches, Musical Concerts, Birthday / Anniversary, Business Promotion & many more",0.0
Shri Gopal Sweets,9939073257.0,INR,0.0,We provide tasty & fresh sweets.And also take order in any party occasion.please visit......,0.0
Ali Cyber Cafe,7250803952.0,INR,0.0,Ali Cyber Cafe is the Best Cyber Cafe in MotihariMust pupler Cyber Cafe in MotihariGreat Knowledge & Best Information Distribute,0.0
Kumar complex avasiya hotel,,INR,0.0,We providing best facility. It's not a hotel it's your home out of your home............ We providing both ac and non ac accommodation. We have also a party hall........,0.0
Raj Pari Auto Mobile,7739390900.0,INR,0.0,Authorised Dealer,0.0
LINGUA EXPERT ACADEMY,9716448427.0,INR,0.0,"L.E.A. has key benefits with Spoken English Program, Advance Grammar Curriculum, Personality Development, Etiquettes & Manners program, Group Discussion enable Session, Voice & Accent Exercise, Convenient Schedule, Audio-Video Lesson Plan.",0.0
Techizas Infotech Pvt. Ltd.,7557700031.0,INR,0.0,"A Leading Software Co. in Patna Domain, provides Website design & development, Bulk SMS Packages, Customized Software Products and Many more other services. We are committed to serve you the best. Please log on to our website www.techizas.com for details.",0.0
Maxbrain Chemistry,,INR,0.0,"Chemistry Coaching for 11th,12th(CBSE, ICSE & BSEB), IIT(Main & Advanced), PMT, IIT-JAM, B.Sc.(H & S), M.Sc., GATE, SET, PRT etc. www.facebook.com/maxbrainchemistry Dr. Rakesh Srivastava M.Sc. DCE, Ph.D. 10 Years Teaching Experience of 11th to M.Sc.",0.0
DEV TUTORIALS INSTITUTES,9029142093.0,INR,0.0,"DEV Tutorials Institutes, for making true my dream of giving scholars and well trained BRAINs to my nation and my motihari where then can lead us.",0.0
Online Doctor Appointment Website & Mobile App,9955008542.0,INR,0.0,"Doctors, Ambulance and Pathological Centres are welcome to be a part of us simply filling a form. Our website www.zeromv.com and mobile app zeromv available at play store. .Marketing Executives are needed for Patna and all District Headquarters in Bihar.",0.0
Extra Cash at your free time.,9434019000.0,INR,0.0,"Start your career as an Ad Publisher of Universal Info Service. A Unique Online Earning Platform for all ages.Click our website at www.easypostjob4u.com or mail us at info@easypostjob4u.com or call us at 0353-2461473, 0353-2110484, Mobile: - +91-9434019000, +91-9474425752 - Advertiser GYD5902SPL",0.0
Prakash mobile repairs,9507717674.0,INR,0.0,All type of mobile repair or download easy or accessories or much more,0.0
Medical Representative,8002801975.0,INR,0.0,One Seat vacant for Medical Representative in Pharma Company.Freshers are invited.,0.0
NILAM HOME DECOR,7004099577.0,INR,0.0,"we offers a full range of INTERIOR & EXTERIOR Decoration products like wpc jali,door,door from, pvc sheet & mica, Full range of MDF and all latest hardware accessorises for kitchen,home ,office ,show room and all. we are dealing wholesale and retails business of such products .",0.0
Raj Automobiles Yamaha,7091690271.0,INR,0.0,Authorised Dealer of Yamaha,0.0
Timbee,9708208586.0,INR,0.0,"We sell all types of wood like sal,teak,etc.We have the best wood for all purposes.We will be glad if you pay a visit.Reasonable rates with appropriate discount is offered.",0.0
