0,description,image,priceRange,streetAddress,addressLocality
The River House Boutique Hotel,"Description A newly renovated 250-year old Boutique Hotel, Bar and Restaurant. We are thrilled to welcome you to our new Boutique Hotel. We are most pleased to present this over 250 year old house, newly renovated from top to bottom with different unique rooms, bar and restaurant. Our young team will give you a warm welcome anytime. Situated in the heart of Switzerland, Andermatt is one of the greatest outdoor recreational regions. A small yet exclusive hideaway from press. Our 6 spacious rooms and 2 junior suites, most with mountain view, have private bath, handmade beds and unique touches. You will find free WiFi and iPod-ready rooms. Breakfast includes fresh breads, regional homemade products, cereals, yogurt, a variety of egg dishes or pancakes, coffee, tea and juices. Conditions / extras Baby crib Fr. 20.- per night, Pets: Fr. 10.- per night, Parking CHF 10.00 per night, Massage 60min: CHF 133.00. Check in: 15.00 Uhr; Check out: 11.00 Uhr. Cancellation Rules 1 night or more: Cancellation at least 7 days prior to arrival, otherwise payment will be due for the full amount of the reservation Early departure: payment will be due for the full amount of the reservation",https://image.tomas.travel/tds/repository/TDS00020010049139961/TDS00020010010367324/TDS00020011359370086_sized_320_0.jpg,"From 155,00 CHF to 217,00 CHF",Design und Eco Hotel,Andermatt
Gasthaus Pension zum Turm,"Description Welcome to Hospental, in the heart of the Urseren Valley, surrounded by 7 alpine passes. Sinde 1994 we manage our cosy Family Business in the 4th generation. Our 2 single rooms, 1 double room, 1 twin room and 1 triple room are simple but cosy. In the rooms is running cold and warm water. The shared toilet&shower are on the corridor (max. 9 guests). In the dormitory we have 14 & 16 beds (not only for Groups). On the menue you will find fresh pizzas, steaks on the hot Stone, fonue&Raclette and typical local Swiss dishes. The cosy Restaurant with the 34 seats invites you to linger. The quiet garden Restaurant is turned away from the street and wind-sheltered behind the house, with a view on the legendary Langobarden Tower from the 13th century.. Conditions / extras extra bed: Fr. 42.--/night incl. breakfast children bed: Fr. 15.--/night dog only on request: Fr. 10.--/night free WLAN",https://image.tomas.travel/tds/repository/TDS00020010327358137/TDS00020010010367324/TDS00020011252204069_sized_320_0.jpg,"From 42,00 CHF to 177,00 CHF",Gotthardstrasse 36 - Postfach 8,Hospental
Hotel Klausenpasshöhe,"Description The Klausenpasshöhe hotel is always worth a trip to and definitely a stop at. After the curvy drive from Unterschächen, the hotel with res-taurant offers the chance for a short rest or an overnight stay in historical ambience. Motor-bikers and cyclists take the opportunity to race to the terrace to be spoiled by the hosts with fine food and have their thirst quenched. Welcome to the Klausenpasshöhe!",https://image.tomas.travel/tds/repository/TDS00020010395133379/TDS00020010010367324/TDS00020010396567717_sized_320_0.jpg,,Balm,Unterschächen
Gasthaus Tourist,"Description The guesthouse 'Tourist', at the foot of the mountain Urirotstock, is a family friendly hotel. There are mod-ern rooms with a shared shower and toilet on the same floor. Perfect for hikers, families and groups looking for peace and relaxation. Conditions / extras Dogs CHF 10",https://image.tomas.travel/tds/repository/TDS00020010390864236/TDS00020010010367324/TDS00020010390942884_sized_320_0.jpg,"From 70,00 CHF to 96,00 CHF",Dorfstrasse 25,Isenthal
Hotel Goldener Schlüssel,"Description Traditional values combined with modern comforts define the charm of this stylish hotel. The hotel has 18 rooms with a total of 38 beds. In the cosy restaurant we serve creative and seasonal fine food. There is a private car park, internet access and excellent connections to public transport. Close by, there is a theatre, cinema, golf course (9 holes and driving range), swimming pool, fitness centre and various winter sport facilities. And do not forget the breath-taking natural landscape around the lake and mountains. Big events of various kinds can be opti-mally held in our banquet room.",https://image.tomas.travel/tds/repository/TDS00020010051792702/TDS00020010010367324/TDS00020010347510052_sized_320_0.jpg,,Schützengasse 9,Altdorf
Hotel Bergidyll,"Description The family-run Hotel Bergidyll offers cozyness and comfort, all in central Andermatt. It is located less than a 10-minute walk from the train station and the Nätschen/Gemsstock ski slopes. Rooms have a cozy atmosphere created by carpeted floors and light-wood furniture. Each one as a wall-mounted cable TV, private bathroom and free Wi-Fi. The With much heartful affection and joie de vivre, the guests will be spoiled with a selection of Fresh salads, light snacks and a dish of the day. While shooting the film Goldfinger, actor Sean Connery and the entire crew stayed at this property. You can still book this room! Conditions / extras An extra fee for animals may apply.",https://image.tomas.travel/tds/repository/TDS00020011806289724/TDS00020010010367324/TDS00020011866439994_sized_320_0.jpg,"From 70,00 CHF to 110,00 CHF",Gotthardstrasse 39,Andermatt
Hotel Alpina,"Description The holtel Alpina is newly renovated and offers you up to date standards for guests and assures you of a great holiday. Our rooms have a total of 50 beds, are newly furnished and offer both great comfort and a wonderful view of the mountains. We will spoil you with our stylish food, selected wines and a relaxing atmosphere. Our large and attractive dining room is perfect for weddings, club and company events. The dining rooms can fit a total of 200 people. The well-equipped rooms can also be used for seminars and conferences. On the ground floor, there is the homely restaurant and the hunter's lounge with combined room for 95. In summer, enjoy the wonderful sun terrace with seating for 70. A large car park has room for both cars and buses. Conditions / extras Dormitory with washing room and a shared shower: -with breakfast CHF 35 per personwith -with half-board CHF 58 per person -with full-board CHF 77 For a stay of 3 days or more, there is a discount of CHF 5 per person a night. For a stay of 5 days or more, there is a discount of CHF 10 per person a night.",https://image.tomas.travel/tds/repository/TDS00020010634165655/TDS00020010000158950/TDS00020010651883839_sized_320_0.jpg,,Klausenstrasse,Unterschächen
Gasthaus Brückli,Description Gasthaus Brückli is centrally located in the village of Schattdorf and offers cosy rooms and a homely restaurant.,https://image.tomas.travel/tds/repository/TDS00020010752491447/TDS00020010010367324/TDS00020011936014758_sized_320_0.jpg,,Gotthardstrasse 82,Schattdorf UR
Alpenhotel Schlüssel,"Description Welcome to the Alpenhotel Schlüssel in Andermatt! The ideal accomodation for skiers, nordic skiers, motorcyclists and cyclists. The Alpenhotel has 24 modern and spacious double rooms, all with bath/shower, toilet, TV, radio, telephone and connecting doors! Each room has a private balcony with mountain view. Start your holiday at our breakfast buffet and end your day in the cozy hotel bar! We also offer half board stays. Non smoking rooms only.",https://image.tomas.travel/tds/repository/TDS00020010047462407/TDS00020010010367324/TDS00020011144044834_sized_320_0.jpg,,Gotthardstrasse 30,Andermatt
Restaurant Seegarten,"Description The restaurant Seegarten is right next to the popular Path of Switzerland and has a panoramic view of the southern part of the lake of Uri as well as the Urner mountains. Hikers, windsurfers and motor bikers often have a break here to enjoy the popular meals and generous portions. Book well ahead as we only have two rooms. Special offer: Stay 5 nights, pay for 4. Conditions / extras Pets are allowed but there can be an extra fee.",https://image.tomas.travel/tds/repository/TDS00020010047462627/TDS00020010010367324/TDS00020011228709322_sized_320_0.jpg,,Bauenstrasse,Bauen
Hotel Montana,Description Our family-run hotel is located directly on the «Swiss Path». In our Restaurant or on the garden terrace you can enjoy a delicious meal or dessert. Not far from the hotel you have a magnificent view of Lake Uri and the surrounding mountains. Conditions / extras Check in: 14.00 – 21.00 Check out: 8.00 –10.30 We accept credit cards!,,,Dorfstrasse 77,Seelisberg
Hotel Badus,"Description Large rooms with bath or shower, WC, cable-TV, radio, telephone, safe. / families welcome / children's play-area on the 4th floor / television in lounge. Conditions / extras pets CHF 7.-- per day / covered garage CHF 8.-- per day",https://image.tomas.travel/tds/repository/TDS00020010043135729/TDS00020010010367324/TDS00020010469022133_sized_320_0.jpg,,Gotthardstrasse 25,Andermatt
Hotel Urirotstock,"Description In the beautiful, romantic mountain village Isenthal - high above the lake of Uri - the hotel Urirotstock is sur-rounded by mountains, The simply furnished rooms in the hotel have wooden floors and almost all have a large bath with shower. Enjoy the great terrace in summer with a play-ground right next to it. In winter it is only a few minutes to the Gitschenen ski lift where you and your family can hit the slopes Conditions / extras The tourist tax of CHF 1.50 per per-son a night is collected here. Please note that check in on Wednesdays is only possible after 17.00.",https://image.tomas.travel/tds/repository/TDS00020010335852632/TDS00020010010367324/TDS00020010336776303_sized_320_0.jpg,"From 72,00 CHF to 160,00 CHF",Dorfstrasse 27,Isenthal
THE CHEDI Andermatt,"Description Built in the heart of traditional Andermatt, The Chedi Andermatt, a member of The Leading of the World, offers the finest holiday experience. The hotel enchants its guest at The Restaurant (15 GaultMillau points), The Japanese Restaurant (1 Michelin star and 16 GaultMillau points), The Bar and Living Room, The Lobby, The Courtyard, The Wine and Cigar Library and The Chalet (only opened during winter season). Experience pure relaxation at our multi-award-winning 2,400 sqm The Spa and Health Club with a 35 metre long Indoor pool and a 12 metre long Outdoor pool. Conditions / extras Covered parking: CHF 30.- per night Dogs are allowed, CHF 40.- per night",https://image.tomas.travel/tds/repository/TDS00020010479422090/TDS00020010010367324/TDS00020011626179936_sized_320_0.jpg,"From 890,00 CHF to 15.000,00 CHF",Gotthardstrasse 4,Andermatt
Hotel Des Alpes,"Description Our family-owned hotel with a fine tradition is located in a beautiful landscape in the center of the Swiss Alps. Our village and its environment animate to sport-, leisure- and recreation activities. We are close to the Matterhorn-Gotthard-Railway station, the unique Furka-Steam-Train, a 9 hole golf-course as well as the ski resort \""Gotthard-Oberalp-Arena\"". We offer our guests a beautiful sun-terrace with view at the mountain sides, a traditional restaurant with excellent food, a lounge and a saloon as well as modern equipped bedrooms. Conditions / extras Pet CHF 10.00/night.",https://image.tomas.travel/tds/repository/TDS00020010047746630/TDS00020010010367324/TDS00020010047753162_sized_320_0.jpg,"From 100,00 CHF to 222,00 CHF",Furkastrasse,Realp
Hotel Stern und Post,"Description Built in 1788, the romantic hotel was one of the first post offices in Swit-zerland and the last stop before the climb up to the Gotthard pass. Be-cause of its special location, it quickly became one of the top ad-dresses in canton Uri. And it remains notable today for its generosity; various old lounges, halls and a park-like garden invite you to stay awhile. Just like Johann Wolfgang Goethe, Hans Christian Andersen and General Henri Guisan, today's guests value the excellent food and unique ambience. The hotel is a member of 'Swiss Historic Hotels' and received a ICOMOS - special prize for professionally running a restaurant with historic hotel fur-nishings. The rooms are modern with old antiques. Conditions / extras Dogs CHF 15 per night. (appoinment) Garage CHF 15 per night. Half-board CHF 42 per person. Tourist tax: CHF 1 per adult a night",https://image.tomas.travel/tds/repository/TDS00020010049065614/TDS00020010010367324/TDS00020010290035248_sized_320_0.jpg,"From 125,00 CHF to 165,00 CHF",Gotthardstrasse 88,Amsteg
Hotel Bellevue,Description Recovery high above Lake Lucerne with a magnificent view of the lake and the mountains invites you to relax. Family-run hotel and apartment complex with a personal atmosphere and built in the chalet style. Conditions / extras Sauna free of charge / Pets CHF 8.00/day / Baby cot free of charge,https://image.tomas.travel/tds/repository/TDS00020010049390365/TDS00020010010367324/TDS00020010050189577_sized_320_0.jpg,"From 121,00 CHF to 850,00 CHF",Dorfstrasse 70,Seelisberg
Hotel Zum Weissen Rössli,"Description The hotel is renovated until March 2011 and offers modern rooms. It is located at the entry of one of the most beautiful and spectacular valleys of the swiss alps - the Göscheneralp. It offers a lot of comfort,free parking for guest, regional and national specialities as well as our house speciality \""Poulet im Chörbli\"". The hotel has 24 rooms with shower or bathtub, toilet, satellite TV, wireless LAN and Safe. There are also 2 rooms for allergic people. Our excellent food can be enjoyed in our alpine-style-restaurant or on our panorama terrace. For groups, seminars and other events we can offer our 'Suworowstube' and for smaler events our 'Stübli'. Additionally there is a hall which can welcome up to 100 people. Our new spa is open Conditions / extras There is an additional charge for pets.",https://image.tomas.travel/tds/repository/TDS00020010122994608/TDS00020010010367324/TDS00020010312760794_sized_320_0.jpg,,Gotthardstrasse 38,Göschenen
