0,dateCreated,director,actor,inLanguage,countryOfOrigin,6
Awara Paagal Deewana,2020-05-30 06:17:02,Vikram Bhatt,"['Akshay Kumar', 'Aftab Shivdasani', 'Preeti Jhangiani', 'Sunil Shetty']",Hindi,India,"['Khalid Azmi', 'Anand S. Vardhan (dialogue)', 'Neeraj Vora (dialogue)', 'Mangesh Kulkarni (screenplay)']"
A Mermaid Called Aida,2020-03-31 15:53:09,Riyad Vinci Wadia,"['Ajay Mehta', 'Aida Banaji']",Hindi,India,
Aadi Dampathulu,2020-04-20 16:50:02,Narayana Rao Dasari,"['Jayasudha', 'Akkineni Nageshwara Rao']",Telugu,India,
Ammoru,2020-04-22 04:46:02,Kodi Ramakrishna,"['Ramya Krishnan', 'Suresh', 'Rami Reddy', 'Soundarya']",Telugu,India,Satyanand
Adventures of a Sugar Doll,2020-04-23 12:04:05,"['Kantilal Rathod', 'K. Gopal Krishnan']",,English,India,
Akka,2020-03-31 09:13:07,Shridhar Joshi,"['Prashant Damle', 'Sulabha Deshpande', 'Amitabh Bachchan', 'Ajay Fhansekar']",Marathi,India,
Adikkurippu,2020-04-10 03:06:04,K. Madhu,"['Jagathi Sreekumar', 'Janardanan', 'Urvashi', 'Mammootty']",Malayalam,India,S.N. Swamy
Bharyabhartala Bandam,2020-04-21 08:10:04,Rajendra Prasad V.B.,"['Balakrishna', 'Jayasudha', 'Annapoorna', 'Akkineni Nageshwara Rao']",Telugu,India,Acharya Athreya
Bagula Bhagat,2020-04-10 06:53:02,Harmesh Malhotra,"['Shabana Azmi', 'Kamini Kaushal', 'Ashok Kumar', 'Shatrughan Sinha']",Hindi,India,
Badnam,2020-04-09 19:09:04,D.D. Kashyap,"['Balraj Sahni', 'Helen']",Hindi,India,
Arjun Pandit,2020-05-01 22:37:12,Rahul Rawail,"['Juhi Chawla', 'Mukesh Rishi', 'Sunny Deol', 'Saurabh Shukla']",Hindi,India,"['Ravi Shankar Jaiswal', 'Shivkumar Subramaniam (screenplay)']"
Akashdeep,2020-04-10 04:43:03,Phani Majumdar,"['Dharmendra', 'Mehmood', 'Ashok Kumar', 'Nanda']",Hindi,India,
Achaneyanenikkishtam,2020-05-31 16:31:06,Suresh Krishna,"['Lakshmi Gopalaswamy', 'Kalabhavan Mani', 'Biju Menon', 'Mohanlal']",Malayalam,India,Satheesh Poduval
Aamdani Atthanni Kharcha Rupaiya,2020-05-20 15:07:02,"['K. Raghavendra Rao', 'A.S. Ravindra Babu']","['Chandrachur Singh', 'Tabu', 'Juhi Chawla', 'Govinda']",Hindi,India,"['V. Shekhar', 'Anwar Khan (dialogue assistant)']"
Bhakta Potana,2020-04-22 05:47:02,Kadri Venkata Reddy,"['Chittor V. Nagaiah', 'Vanaja Naalam', 'Mudigonda Lingamurthy', 'Hemalatha']",Telugu,India,Samudrala Raghavacharya
Andaz Apna Apna,2020-03-31 09:16:01,Rajkumar Santoshi,"['Aamir Khan', 'Salman Khan', 'Karisma Kapoor', 'Raveena Tandon']",Hindi,India,"['Rajkumar Santoshi', 'Dilip Shukla (dialogue)']"
