0,1,2,3,4,typicalAgeRange
"Remus, MI - Workshops and Concert at May’s Barn",2020-09-26T00:00:59-04:00,"LIVE and IN PERSON Aaron Jonah Lewis w/Special Guest TBA May's Barn in Remus, MI 7pm Sat. Concert $20-$50 2pm Sat. Banjo Workshop $30-$60 Noon Sun. Fiddle Workshop $30-$60 Either Workshop + Concert $40-$100 For more info contact thestablefordagency@gmail.com","Remus, MI 49340, USA",,
Detroit Square Dance Society,2016-11-12T19:00:00,"Great news! We have confirmed a date for a WEEKEND dance at the Gaelic League, likely our last for the year. We want this to be a big one so please spread the word. Here are the details: Gaelic League Irish American Club 2068 Michigan Ave., Detroit, MI 48216 (Corktown) We will be in the ballroom. There may be another event going on in the bar. 7pm potluck 7:30 music and flatfooting 8-11 Southern squares all night long $10 suggested donation; no one turned away All dances will be taught; no experience necessary No partner needed; everybody is welcome! Lindsay McCaw will be our caller for the night. The band will consist of yours truly on fiddle, Rachel Pearson on bass, Erik Alan on guitar, and any number of special guests. Bring your fiddle/mando/banjo/guitar/etc. if you want to join in with either the dance band on stage or in a possible satellite jam that may be happening nearby!",Gaelic League,"10,,",All Ages
&#8220;Rollicking + Bucolic&#8221; UK Summer Tour 2016,2016-07-02T11:00:00,"Workshops: 11am-1pm then lunch 2pm-4pm then all together for last hour 4pm-5pm. Evening concert: 8pm &#8211; 10pm The workshop and concert are being held on Saturday 2 July 2016 Musical Instrument Workshop from 11:00-13:00 &amp; 14:00-16:00 followed by a slow jam from 16:00-17:00 meeting at Glencairn Memorial Institute at 10:30 £20 Aaron Jonah Lewis – Clawhammer Banjo Lindsay McCaw – Fiddle Ben Belcher – Bass Gerry Hastie – Mandolin Gordy Reynolds – Guitar The Corn Potato String Band in Concert at the Coach House at the Craigdarroch Arms Hotel at 20:00 £10 (£5 for those attending Workshop) Optional supper for those attending Instrument Workshops following the Workshop in Craigdarroch Arms Hotel £5 Places for the workshops and the concert are limited and can be reserved by purchasing tickets online below (selecting appropriate options), using a debit card, credit card or by PayPal (no online booking fees apply and full refunds will be provided if requested by 30 June 2016 ). When you purchase tickets online you will receive an email confirmation from PayPal which should be brought along to the event. For further information, including details about alternative payment methods or to make a refund requests, please either click on",Moniaive Old Timey Summer Workshops at Glencairn Memorial Institute &#038; The Paterson Rooms,20,All Ages
&#8220;Rollicking + Bucolic&#8221; UK Summer Tour 2016,2016-07-02T11:00:00,"Workshops: 11am-1pm then lunch 2pm-4pm then all together for last hour 4pm-5pm. Evening concert: 8pm &#8211; 10pm The workshop and concert are being held on Saturday 2 July 2016 Musical Instrument Workshop from 11:00-13:00 &amp; 14:00-16:00 followed by a slow jam from 16:00-17:00 meeting at Glencairn Memorial Institute at 10:30 £20 Aaron Jonah Lewis – Clawhammer Banjo Lindsay McCaw – Fiddle Ben Belcher – Bass Gerry Hastie – Mandolin Gordy Reynolds – Guitar The Corn Potato String Band in Concert at the Coach House at the Craigdarroch Arms Hotel at 20:00 £10 (£5 for those attending Workshop) Optional supper for those attending Instrument Workshops following the Workshop in Craigdarroch Arms Hotel £5 Places for the workshops and the concert are limited and can be reserved by purchasing tickets online below (selecting appropriate options), using a debit card, credit card or by PayPal (no online booking fees apply and full refunds will be provided if requested by 30 June 2016 ). When you purchase tickets online you will receive an email confirmation from PayPal which should be brought along to the event. For further information, including details about alternative payment methods or to make a refund requests, please either click on",Moniaive Old Timey Summer Concert,105,All Ages
Corn Potato Duo &#8211; Lewis/McCaw,2016-10-22T12:30:00,"American Fiddle Styles Master Class: Award-winning fiddlers Aaron Jonah Lewis and Lindsay McCaw, of the Corn Potato String Band, will discuss and demonstrate a variety of old time (i.e. pre-bluegrass) fiddle styles from different regions of the US. including, but not limited to, Appalachian breakdowns, Midwestern polkas, country rags, fiddle blues from Tennessee, and Texas contest fiddling. Lewis and McCaw will include twin fiddling and possible discussion and demonstration of twin fiddling styles and techniques if time allows. If there is enough interest they will teach a tune from their repertoire as well. This workshop will last 60-90 minutes.",Flint Institute of Music,,All Ages
&#8220;Rollicking + Bucolic&#8221; UK Summer Tour 2016,2016-06-08T19:00:00,"Richmond Old Time Music &amp; Dance presents: SQUARE DANCE with The CORN POTATO STRING BAND, featuring caller LINDSAY McCAW, from Michigan, USA. All dances taught. No experience necessary. No partner needed. Suggested donation £10. There will be light refreshments but please feel free to BYOB and food contributions. 5 minutes walk from Richmond Station (District Line Tube, London Overground). Free parking in Old Deer Park car park TW9 2RA. Please contact Julian Marshall for more information: email@jgmarshall.com 07973 113253",Richmond Square Dance at Sea Cadets Hut,10,All Ages
&#8220;Rollicking + Bucolic&#8221; UK Summer Tour 2016,2016-06-03T19:00:00,"This is our most favorite festival ever. Loads of great music, the food and drink are top quality, beautiful camping, all kinds of workshops, and it&#8217;s small enough that you end up making friends with all kinds of people. Highly recommended!",Fire In The Mountain Festival,,All Ages
Corn Potato String Band,2016-09-30T21:00:00,"Fri. September 30th: From Tallahassee to the Real Alaska feat. Ken Waldman Sep 30, 2016 →8 pm @ Club Downunder Friday, September 30 From Tallahassee to the Real Alaska feat. Ken Waldman Club Downunder Doors 8:00pm // Show 9:00pm Free 18+ Ken Waldman, Frank Lindamood, Chuck Levy, Dan Wally Baker, and Corn Potato String Band. Alaskan Fiddling Poet, Ken Waldman, brings a roots music variety show to launch Parents’ Weekend at FSU. Waldman, who has six full-length poetry collections, a memoir, and nine CDs that combine Appalachian string-band music with original poetry, specializes in assembling big talents for one-of-a-kind shows. Here, he’s joined by a trio of wild multi-instrumentalists from Michigan and Alabama – The Corn Potato String Band; a pair of percussive dancers (and musicians) from New Orleans – Dan Wally Baker and Emolyn Liden; Gainesville fiddle and banjo champ – Chuck Levy; and local treasure – Frank Lindamood. The Austin Chronicle says of Waldman’s shows: “Always recommended.” According to the Denver Post, “Renegade Americana.” Everybody tours internationally. Tonight they’re congregating in Tallahassee. Expect an evening of fun, inspiration, and surprises, including special guests and impromptu collaborations. Artist Websites: Ken Waldman http://www.kenwaldman.com/ Frank Lindamood http://www.franklindamood.com/ Chuck Levy http://www.banjourneys.com/ Dan",Club Downunder &#8211; Florida State University,,All Ages
&#8220;Super T-Bone&#8221; US Spring Tour 2016,2016-05-23T19:00:00,"5:30 pm &#8211; potluck (bring a beverage and dish to share) 7:00 pm &#8211; concert 8:30 -10:30 &#8211; jamming party ~ Suggested donation for the performers is $15 ~ Please RSVP to Janet via FB or at FosterFiddler@Yahoo.com ~ Check them out at: http://172.96.186.212/~aaronjon/cornpotato.com/ ~ Note that although this is a Monday night event, distant guests with flexible schedules are welcome to camp out.",Albany House Concert,15,All Ages
&#8220;Super T-Bone&#8221; US Spring Tour 2016,2016-05-09T19:00:00,This is the last regular monthly square dance to take place at Bell&#8217;s! It&#8217;s a bittersweet honor for us to be there as we are sad to see the end of the monthly dances but I know we are going to have a blast!,Bells Brewery,5,All Ages
Detroit Square Dance Society,2016-04-21T19:00:00,"Louisville Old Time Squares Association (LOTSA) (LOTSA) presents our Third Thursday Hoedown in Germantown, an old-time square dance social! Spring has SPRUNG, and LOTSA wants you to grab your partner by the heel and toe, grab em&#8217; til they holler WHOA! But no really, you don&#8217;t need a partner to come to the Third Thursday Hoedown. You just need yourself and you&#8217;re dancing shoes! The Corn Potatos are Ben Luttermoser and Rachel Pearson of Behind The Times on guitar and bass, and Aaron Jonah Lewis on fiddle! This formation of our Michigan musicians is also known as the Detroit Square Dance Society! From what we know so far, this will be some of the best dance tunes you&#8217;ve heard in 2016 and beyond! Let er&#8217; rip buds! Lindsay McCaw will be calling the dances. She is a proud member of the Detroit Square Dance Society as well as The Corn Potatoes and to describe her in three words, she&#8217;s creative, fun, and MAGIC. Doors open at 7 PM, come on in then and get a pizza! Beginner Lesson: around 7:30 PM DANCING from 8–10:30pm Open calling until 11pm Come one, come all, EVERYONE! ALL ages. ALL levels of experience. $5",Hoedown in Germantown,"5,,038",All Ages
Detroit Square Dance Society,2016-01-23T19:00:00,"6:30 potluck, 7pm flatfooting, 7:30-11 (or later) Southern-style square dancing and Irish set dancing Callers: Lindsay McCaw and Anne McCallun Bands: Detroit Square Dance Society Band (Aaron Jonah Lewis &#8211; fiddle, Ben Luttermoser &#8211; guitar, Rachel Pearson &#8211; bass) and Mick Gavin &amp; Friends",Gaelic League,10,All Ages
Detroit Square Dance Society,2016-01-20T20:00:00,"6:30 potluck, 7pm flatfooting, 7:30-11 (or later) Southern-style square dancing and Irish set dancing Callers: Lindsay McCaw and Anne McCallun, Bands: Detroit Square Dance Society Band (Aaron Jonah Lewis &#8211; fiddle, Ben Luttermoser &#8211; guitar, Rachel Pearson &#8211; bass) and Mick Gavin &amp; Friends",Gaelic League,10,All Ages
Corn Potato String Band,2016-01-15T21:00:00,APAP Showcase &#8212; Ken Waldman: From Manhattan To Moose Pass Singers &amp; Musicians $50.00 cover charge and a 2 drink minimum per person No cost to APAP Members with Badges Cash Only Approximate running time: 3 hours Seating from 8:45pm,Don&#8217;t Tell Mama,502,All Ages
Corn Potato String Band,2016-01-09T21:00:00,"The NYC Barn Dance &#8211; bringing people together to have a great time dancing to great music! The caller, musicians, and dancers will always welcome newcomers to our dance party! All our events are dance parties, but all dances are taught! The NYC Barn Dance was created by David Harvey in October 2006 as a monthly event designed to give New Yorkers an opportunity to experience through dance the traditional dance music being played in the city and elsewhere. This experience stands in stark contrast to how this music is often experienced in NYC: at spaces where dancing is difficult or prohibited. Solid turnout, strong reviews by attendees and musicians, and the renewal of a New York State Council on the Arts grant have all served as proof that the event is a welcome and valuable addition to the New York City social landscape. The Barn Dance is a fully participatory, traditional, social dance event, and attendees are invited to participate as dancers regardless of experience.",Jalopy Theatre,1315,All Ages
Corn Potato String Band,2016-09-23T00:00:01,"Concert Performance Details: Date: September 23, 2016 Location: The Sheldon Ballroom Number of Sets: 1 Set Length: 45 Minutes Start Time/End Time: 9:00-9:45 pm Stage: Sheldon Ballroom Workshop Details: Date: September 24, 2016 Time: 12:30-2:30pm Location: Folk School of KDHX, 3323 Washington Blvd, St Louis, MO 63103 Workshops: 2, Fiddle (Aaron) and Flatfooting (Lindsay) Square Dance Details Date(s): September 24, 2016 Location: The Stage @ KDHX Number of Sets: 1 Set Length: 90 Minutes Start Time/End Time: 4:00 &#8211; 5:30 pm",2016 Saint Louis Folk &#038; Roots Festival,,All Ages
Corn Potato String Band,2016-09-19T19:00:00,"Detroit Square Dance Society September Square Dance with special guest musicians from Akron, OH, and Opelika, AL!!! Irish Set dancing as well, All with Live music and calling!!! 6:30 Potluck 7pm music and flatfooting 7:30-11pm Set dancing and Square dance",Gaelic League,"10,,",All Ages
Corn Potato String Band,2016-08-30T20:00:00,"We host concerts in our home,focusing on bluegrass,americana,acoustic country,cajun and folk music.Anyone interested in listening to this sort of music,played well by great musicians,is very welcome to come.Contact us by the phone number or email address on this page for further details.We are totally non profit,all money raised goes to the musicians or a local charity. We support mainly touring musicians,as a venue which,while not able to pay a large fee,does offer a gig on a night when there may be nothing else available. We also aim to promote great live acoustic music to an audience which does not often attend live gigs,and hope that they then go to other venues to hear more.",The Red Room,,All Ages
Corn Potato Duo &#8211; Lewis/McCaw,2016-08-19T13:00:00,"We&#8217;ll be in the Old Timey Village next to the Hee Haw Shack on the Gallinippers Stage, back of a 1931 Ford flatbed truck any time the weather is good.",Wilson County Fair &#8211; Fiddlers Grove Historical Village &#8211; Hee Haw Stage,,All Ages
Aaron Jonah Lewis,2019-12-31T19:00:00,"https://www.facebook.com/events/1435010823333335/ We are ringing in the New Year with some of our favorite friends&#8230;including you!! Join us for the fun! New Years Eve 2019 at the G.A.R. Hall &#8211; We are ringing in the New Year with some of our favorite friends helping us out on stage. David Mayfield called some of his exceptionally talented friends to form our first ever jug band! They are busy putting together a show sure to bring in 2020 with a song, a smile and a laugh! This year&#8217;s band is David Mayfield, Becky Boyd, Roger Hoover, Andrew Bonnis, Ray Flannigan, Anthony Taddeo, and Aaron Jonah Lewis. Included in your ticket is a dinner prepared by Chef Ron and a champagne toast at midnight. If you have ever spent New Years Eve with us at the G.A.R. Hall you know we love celebrating with friends and YOU our music family. Doors open at 7pm. Dinner served at 8pm. Music will begin at 9pm Please choose your meal option with your ticket- Seats will be assigned, please send a message to karen@crookedrivercreative.com if you have seating requests ..We want you to celebrate with your friends! Option #1 &#8211; Grilled BBQ Chicken ~ served with rosemary","G.A.R. Hall, the Voices in the Valley Small Hall Concert Series",6070,All Ages
Detroit Square Dance Society,2019-10-12T18:00:00,"Have you been longing to square dance once more at the Gaelic League? Well, we have some good news &#8212; Saturday, October 12 the Detroit Square Dance Society returns to our original venue, the Gaelic League! There is parking behind the building and all around Michigan Ave. This is going to be a good old-fashioned hoedown just like we used to do so come prepared with your dancing shoes and all your pals. Bring a dish for the potluck (or not) but don&#8217;t bring any drinks, we&#8217;ve got you covered there. Potluck at 6 Dancing at 7 Suggested donation $10 Cash bar with Bruce the friendly barkeep All ages Everybody is welcome, no one turned away No experience necessary, all dances will be taught No partner needed, no fancy outfits needed (though you&#8217;re welcome to dress up however you like) Eating, drinking and dancing are highly encouraged but you&#8217;re free to come just for the party and the live music too! Lindsay McCaw calling, Aaron Jonah Lewis on fiddle, Rachel Pearson on bass, Kyle Rhodes on guitar, special mystery guests sitting in throughout the night (just bring your instrument/s if you want to be a mystery guest)",Corktown Rhythms Festival at Intersections Park,10,All Ages
Aaron Jonah Lewis,2019-10-10T19:30:00,"Acoustic virtuosity on full display with these two stunning duos. Laurel Premo &amp; Aaron Jonah Lewis (Red Tail Ring, Lovestruck Balladeers, Corn Potato String Band) have deep Michigan roots, and award-winning Ethan Setiawan &amp; Louise Bichan will be making their Robin Theatre debut. 7PM showtime | 6:30 doors All ages, accessible space $15 advance, $18 doors Laurel Premo and Aaron Jonah Lewis are leading the way for a new generation of folk music excellence. They&#8217;ll bring their energy and talent to a selection of old-time music and original tunes for fiddle and banjo. Ethan Setiawan is an acclaimed mandolinist out of Indiana, and the award-winning composer Louise Bichan hails from Scotland. They make beautiful music together! Laurel Premo: https://www.laurelpremo.com/ Aaron Jonah Lewis: https://aaronjonahlewis.com/ Ethan Setiawan &amp; Louise Bichan: https://www.louisebichan.co.uk/bichan-setiawan https://youtu.be/e_UD9dM5iUI https://youtu.be/MUiDts66Ruk",The Robin Theater,"15,10,20.",All Ages
Aaron Jonah Lewis,2019-10-05T11:00:00,I will play some pieces from my repertoire and discuss some points of technique and musicianship that go into their execution. The rally starts Thursday evening and lasts until Sunday morning. See the ABF website banjofraternity.org for more information.,American Banjo Fraternity Rally at Newark Garden Hotel,,All Ages
Aaron Jonah Lewis,2019-09-24T19:00:00,"I’m playing some tunes after the screening with Hannah Lewis and Micah Spence. Sister filmmakers, Julie Simone and Vicki Vlasic return to their Appalachian roots to film at the world&#8217;s oldest Fiddler&#8217;s Convention. With multi-generations jamming together, we are witness to some off-the-charts pickin’ and fiddlin’ keeping old-time and bluegrass alive in the Appalachian mountains. Fiddlin&#8217; is a love-letter to American roots and the uplifting power of music.",The Maple Theater,1015,All Ages
Detroit Square Dance Society,2019-12-07T19:30:00,"Wayne State University Park | Beer Garden Tent at the corner of Warren Avenue and Woodward Avenue, Detroit, MI 48202 &#8212;&#8211; Greta Van Doren calling, Kyle Rhodes on guitar, Grace van&#8217;t Hof on banjo, Rachel Pearson on bass, Aaron Jonah Lewis on fiddle.",Wayne State University Park Beer Garden Tent,,All Ages
Aaron Jonah Lewis,2019-09-11T20:00:00,"Detroit Public Television presents an evening of Detroit Country Music, with clips from the PBS Ken Burns &#8220;Country Music&#8221; documentary film, and live performances of songs from a smorgasbord of Detroit area acts, 12 of them, both musical and dancing. Tickets available at dptv.org Just call us “Detroit Country City” for one night only! Featuring a live performance by Detroit’s own Dan John Miller and his band, Blanche, and many other musicians. There will also be interviews and discussions about Detroit’s history and the city’s country music roots, as well as clips from the Ken Burns documentary. Enjoy performances by: Dan John Miller Blanche Frontier Ruckus The Volebeats Saline Fiddlers Philharmonic Craig &#8216;Bones&#8217; Maki Candy Miller Aaron Jonah Lewis Libby Decamp Ethan Daniel Davidson Behind the Times The Tri-County Squares The CommonWealth Cloggers",The Crofoot,2060,All Ages
Detroit Square Dance Society,2019-09-08T05:00:00,"I&#8217;ve always wanted to have a square dance in Clark Park and on Sunday, September 8 at 5pm it is finally happening! WHERE: Clark Park Stage (Porter &amp; Junction), Southwest Detroit WHEN: 5-7pm HOW MUCH: FREE! Donations appreciated to support future DSDS activities WHO: Greta Van Doren calling, Aaron Jonah Lewis on fiddle, Kyle Rhodes on guitar, Rachel Pearson on bass, and special mystery guests sitting in throughout the dance. (If you want to be a special mystery guest just show up with your instrument/s. Feel free to contact me with any questions.) We need some volunteers to collect donations throughout the event. This would entail walking around with collection buckets. We also need volunteers to create said collection buckets. If you are interested in helping with either or both of these tasks please let me know. As usual, &#8211; Everyone is Welcome &#8211; All Dances are Taught &#8211; Come As You Are &#8211; No Partner Necessary &#8211; All Ages are Welcome",Clark Park,,All Ages
Detroit Square Dance Society,2019-07-25T19:30:00,"Come for the pizza, stay for the square dance! &#8211; Dancing starts at 7 and may go as late as 11 &#8211; $10 suggested donation, all goes to the band &#8211; Come early for great pizza! &#8211; Soft shoes recommended; the tile floor at PizzaPlex is hard&#8230; &#8211; All ages, everybody is welcome, no partner needed, no experience necessary, all dances taught &#8211; Lindsay McCaw calling, Aaron Jonah Lewis on fiddle, Kyle Rhodes on guitar, Rachel Pearson on bass, ________ special guests may be appearing (bring your instruments, you know who you are!) PizzaPlex is located at 4458 W Vernor Hwy, Detroit, Michigan 48209 and the pizza really is so good. They also have a full bar and espresso.",PizzaPlex,10,All Ages
Aaron Jonah Lewis,2019-07-13T11:00:00,"Banjo (11-12:30) and Fiddle by Ear (1:30-3) [][] $30 per workshop [][] Make reservations at www.elderly.com/events or in-store [][] https://www.elderly.com/collections/events/products/aaron-jonah-lewis-clawhammer-banjo-clinic [][] https://www.elderly.com/collections/events/products/old-time-fiddle-by-ear-a-workshop-with-aaron-jonah-lewis [][] Clawhammer: https://www.facebook.com/events/342055479784364/ [][] Fiddle: https://www.facebook.com/events/2345815822117219/ [][] Banjo Workshop: This clawhammer banjo clinic has something to offer everyone from the total beginner to the advanced player. Aaron Jonah Lewis will focus on the fundamentals of frailling, especially right hand technique with an emphasis on rhythm and feel. We will certainly learn a useful new tune or two and will cover the use of drop-thumb, hammer-ons and pull-offs as well. We will also discuss the role of the banjo in a jam setting as well as how to play along to a tune you’ve never heard before in your life. [][] Old Time Fiddle by Ear: In this workshop Aaron Jonah Lewis will teach old time fiddle by ear. The old time fiddle styles of the Appalachian mountains are characterized by their syncopated bowing patterns and driving rhythms. The workshop will be spent discussing musical and technical aspects and learning a tune. This workshop is aimed at people who can already play their fiddle/violin but will be taught by ear so you don’t need to read music.",Elderly Instruments,30,All Ages
Aaron Jonah Lewis,2019-06-21T17:00:00,"The Blind Swine Speakeasy, the museum’s first exhibit that explores new ways to bring local history and culture to the community, can be described as a cross between an event and exhibit. The raw space, once used as a garage, is a perfect fit for a Prohibition-era speakeasy that tackles the complex issues around the 18th amendment –all while enjoying music and a, now legal, beverage. To add to the authentic 1930s era speakeasy experience, the yet to be renovated space will not be air-conditioned and has concrete floors and low lighting. The museum’s staff explains that speakeasies in rural areas were often called The Blind Pig. These entertainment establishments used farm animals as attractions (or cover!) and guests were “offered” a “beverage” with the ticket price. The drawing of the swine in the logo for the museum’s exhibit comes from the local breeder, Carl Ruebush, who was well-known in the late 1920s for his Chester White Swine. The museum has a few items from his business in its collection and these will be on display in the speakeasy. Much like the prohibition era speakeasy, music will be part of the exhibit. For the June 1st opening, Jeff Holtz will",Western Illinois Museum,5,All Ages
Detroit Square Dance Society,2019-06-15T18:00:00,"Planet Ant &amp; Detroit Square Dance Society present A Midsummer D&#8217;ANTs at Ant Hall featuring KING MELLOWMAN &amp; MELLOW RUNNINGS &#8211; Reggae Music! Potluck! Southern squares! Calling and instruction from Greta Van Doren, LIVE MUSIC from your local Detroit Square Dance Society Band (Aaron Jonah Lewis &#8211; fiddle, Kyle Rhodes &#8211; guitar, Rachel Pearson &#8211; bass), always with the possibility of surprise special guests. No experience or partner needed. All dances taught. PLUS Live Reggae Music by Detroit&#8217;s own King Mellowman &amp; Mellow Runnings!! This is our first try at bringing in another kind of dance music and we think it will be a big success. King Mellowman &amp; Mellow Runnings would like to remind us that there&#8217;s &#8220;Nothing wrong with partying ,but also remember to party with a purpose.&#8221; And that&#8217;s what we&#8217;re all about here at Detroit Square Dance Society. Note: This event is not being promoted as an &#8220;All Ages Event,&#8221; however minors are entirely welcome and encouraged to attend with a parent or guardian. ——————————— No experience needed! No partner needed! All dances taught! All are welcome! ——————————— potluck 6p | dancing 7p $15-$20 sugg. donation No one turned away bar open 7p | 21+ ———————————",Ant Hall,1020,All Ages
Detroit Square Dance Society,2019-05-19T18:00:00,"Sunday | May 19 | Ant Hall | 6p | $10 suggested Planet Ant &amp; Detroit Square Dance Society present A Spring SquaredANTs at the Ant Hall! Potluck! Southern squares! Calling and instruction from Sean Fen (Marion, OH), live music from champion fiddlers Henry Barnes (Washington Courthouse, OH) and locals Aaron Jonah Lewis, guitarist Kyle Rhodes and string-bassist Rachel Pearson, aka your beloved Detroit Square Dance Society Band, always with the possibility of surprise special guests. No experience or partner needed. All dances taught. ——————————— No experience needed! No partner needed! All dances taught! All are welcome! ——————————— potluck 6p | dancing 7p $10 sugg. donation bar open 7p | 21+ ——————————— Presented by Planet Ant | a 501(c)(3) non-profit",Ant Hall,10,All Ages
Aaron Jonah Lewis,2019-04-28T19:00:00,"Two Stages of Music and Dance 2pm Kitty Donohue Siobhan and Terence McKinney 3pm The RFD Boys Eddie McGlinchey, Irish Ballads 4pm Saline Fiddlers Philharmonic The Ardan School of Irish Dance 5pm Finvarra&#8217;s Wren The Motor City Dance Company 6pm El Alma Espanola Kenneth and Marion MacCloud with Cameron Rankin The MacNeil Family 7pm John Freeman and The Codgers Aaron Jonah Lewis and Co. Scottish pipers 8pm Session with Marty Somberg and Mick Gavin Michael Gavin and Rachel Pearson All donations to Doctors Without Borders Please make checks payable to Doctors Without Borders For further information 313 537-3489 or 734 665-2968",Conor O&#8217;Neill&#8217;s,,All Ages
Aaron Jonah Lewis,2019-04-26T19:30:00,"Aaron Jonah Lewis is an acclaimed multi-instrumentalist, performer and educator. He has won awards at the Clifftop Appalachian String Band Festival, including First Place Neo-traditional Band in 2008 and 2015, and at the Galax Old Fiddlers Convention, including First Place Bluegrass Fiddle in 2018 and in 2007. He has performed at major festivals from the US to the UK and from Italy to Finland and continues to tour extensively. Cash at the door: $10.00 for SMTMD members, $15.00 for non-members",Southern Maryland Traditional Music &#038; Dance,"10.00,15.00",All Ages
Aaron Jonah Lewis,2019-04-26T15:30:00,"At the Christ Church Chaptico Parish Hall. Aaron Jonah Lewis has taught workshops at the Royal Scottish Academy of Music and Drama in Glasgow and at the English Folk Dance and Song Society in London. He also plays and teaches banjo, mandolin, and guitar and is currently based in Detroit. More information about Aaron at &#8211; https://aaronjonahlewis.com Workshop seating is limited, (first come first served basis), to make a reservation, contact Mike Smith at smtmdmike@gmail.com Cash at the door: $20.00 for SMTMD members, $20.00 for children, $25.00 for non-members",Southern Maryland Traditional Music &#038; Dance,"20.00,20.00,25.00",All Ages
Aaron Jonah Lewis,2019-04-18T10:30:00,"Border City Roots is your weekly showcase of the best independent roots and folk music from both sides of the river. Tune in Thursday mornings from 10:30am to noon as your host Allison Brown brings you new music from Canadian songwriters, folk and old-tyme, bluegrass and alt-country, and the occasional sprinkling of jazz and blues alongside vintage songs spanning the roots music genre. Border City Roots features interviews, special themes and live guests, keeping you informed on concerts and events in our growing roots music community.",Border City Roots,,All Ages
Aaron Jonah Lewis,2019-04-12T20:00:00,"Pot Luck at 6:30. Music starts at 8:00. RSVP to jim@jimsrootsandblues.com with name and how many places to reserve. There&#8217;s seating for about 50 and standing for about 10 more. An address reminder, and pot luck query will be sent about a week before the concert. New folks—we&#8217;re one easy block from the #1 subway stop at 103rd Street. Don&#8217;t Forget the Pot Luck! Everyone loves this party-on-the-cheap before the music starts. People bring all sorts of snacks/appetizers, salads, entrées, casseroles, desserts and, of course, beverages. It helps to know about a week beforehand roughly what you&#8217;ll bring, so I can shop for missing items. $20 at the door. All proceeds go to the musicians.",Jim’s Roots &#038; Blues House Concert Series,20,All Ages
Lovestruck Balladeers,2019-04-05T19:30:00,"Please join us for a night of musical celebration with The Lovestruck Balladeers on April 5th at 7:30 PM. The Lovestruck Balladeers is a stellar band of traveling musicians. Together, or on their own paths, they have traversed the country and the globe, carrying traditional styles into modern times and bringing new sounds to old music. The versatile quintet features twin fiddles, clarinet, a mandolin trio, acoustic and electric guitar, upright bass, banjos, piano, and vocal harmonies. Ragtime, old-time, jazz, swing, country, waltzes from around the world and dance music of all varieties are in the mix. Hailing from across the United States, The Lovestruck Balladeers are Jake Sanders, Aaron Jonah Lewis, Dennis Lichtman, Sean Cronin, and Dalton Ridenhour. Watch them in action: https://www.youtube.com/watch?v=2HRuZRLqPyk",ArtYard,20,All Ages
Farnsworth Street Footwarmers,2019-11-30T14:00:00,"On Saturday November 30, 2019 The Detroit Blues Heritage Series will present “Detroit Acoustic Blues” This event will take place at the Historic Scarab Club, 217 Farnsworth in Detroit’s Cultural Center from 2PM until 4 PM. A $10.00 Donation is requested The band at this event will be the Farnsworth Street Footwarmers featuring Rollie Tussing (Guitar), Rob Avsharian, Aaron Jonah Lewis (Fiddle), Serge Vander Voo (Bass) and Ross Huff (Trumpet and Flugelhorn) Rollie Tussing is an award winning guitarist. His raggedy brand of music is informed by the era of 78 rpm records, juke-joints, and street performers. He composes a lot of his own songs and has a knack for re-working old obscure tunes. Rob Avsharian ( Percussion) is a native of Ann Arbor and a graduate of North Texas State U. Rob has recorded and/ or performed with the group Snarkey Puppy, Ralphe Armstrong and the Grammy Award winning group Brave Combo. He has also performed on National Public radio’s World Café Live. Aaron Jonah Lewis is an acclaimed multi-instrumentalist, performer and educator. Lewis has appeared on dozens of recordings from bluegrass and old time to traditional jazz. In addition to Fiddle he also plays and teaches banjo, mandolin",Scarab Club,10.00,All Ages
Aaron Jonah Lewis,2019-03-15T18:30:00,"The evening’s plans: From start to finish, Bluegrass &amp; Green Acres will be a delightful evening. The Steam Plant, along the Maumee River waterfront, is easy to get to, with free, indoor parking adjacent to the building. Enjoy live entertainment (more on this “new” band of seasoned veterans below), heavy hors d’oeuvres and an open beer and wine bar all evening. And check out our line-up of live and silent auction items, including many that are first-ever experiences. Please visit this page frequently, as we’ll be adding more information as it’s finalized. Our location: ProMedica opened its new headquarters in a renovated Steam Plant in 2017. But the building has had an important place along the city’s downtown skyline, as well as in its history. Established in 1896 as the Water Street Station, the building was one of the city’s electric utility companies. Later it became the Toledo Edison Steam Plant, and provided steam heat to downtown buildings. The facility was retired in 1985 and remained vacant for over 30 years. It was placed on the National Register of Historic Places in 2003. For Bluegrass &amp; Green Acres we’ll be using its two-story reception and atrium, which showcase the original",Blue Grass And Green Acres Fundraiser for Black Swamp Conservancy,,All Ages
Detroit Square Dance Society,2019-03-01T18:00:00,"6:00 potluck, 7-10 dancing, 11:00 live music in the Ghostlight next door! $10 suggested donation Join us for our first square dance at a new venue, the wonderful Ant Hall! Potluck! Southern squares! Calling and instruction from Marlin Whitaker, live music from fiddler Aaron Jonah Lewis, guitarist Kyle Rhodes and stringbassest Rachel Pearson, aka your beloved Detroit Square Dance Society Band, always with the possibility of surprise special guests. No experience or partner needed. All dances taught. Suggested donation $10 at the door. Pot luck at 6, dancing at 7-10 with live music in the Ghost Light Bar next door afterwards!",Ant Hall,10,All Ages
Detroit Square Dance Society,2019-01-16T18:30:00,"The first square dance of the new year will feature caller Sean Fen from Ohio, Caleb Powers and Aaron Jonah Lewis on fiddles and banjos, Kyle Rhodes on guitar and Rachel Pearson on the bass. No experience or partner needed. All dances taught. Suggested donation $10 at the door. Pot luck at 6:30, dancing at 7!",Gaelic League,10,All Ages
Fall Midwest Tour 2019,2019-11-13T19:00:00,"The Brink Lounge welcomes back, The Lovestruck Balladeers. This ensemble brings traditional music into the 21st century with all the energy of a train disaster. They might whip out a lost melody from a forgotten mandolin folio or they might play a Mexican waltz. They might push into a renegade re-arrangement of a swing standard or get down with a country rag. They are the five scorpion sons of a West Virginia dance hall, a Little Italy tourist attraction and a Oaxacan birthday party. Together, or on their own paths, this stellar band of traveling musicians has traversed the country and the globe, carrying traditional styles into modern times. This versatile quintet features twin fiddles, clarinet, guitars, a mandolin trio, upright bass, banjo, piano, and vocal harmonies. Their repertoire is a rare repository of American and international music seldom heard beyond the walls of low-lit dance halls found at the edge of the known world. The past never sounded so palpable. Hailing from across the United States and Canada, The Lovestruck Balladeers are: Jake Sanders, Aaron Jonah Lewis, Dennis Lichtman, Sean Cronin and Dalton Ridenhour. ______________________________________________________ Mal-O-Dua pulls from a wide range of sources including Gypsy Jazz, traditional Hawaiian music,",Brink Lounge,1518,All Ages
Fall Midwest Tour 2019,2019-11-10T19:00:00,"Metroparks Toledo and The Black Swamp Conservancy are pleased to present a unique concert experience at the stunning Brookwood venue in Swan Creek Preserve Metropark. Our first show will feature The Lovestruck Balladeers &#8212; a versatile quintet consisting of twin fiddles, clarinet, a mandolin trio, acoustic and electric guitar, upright bass, banjos, piano, and vocal harmonies. The group will perform an eclectic mix of jazz, old-time, swing, and country music from around the world. Space is VERY limited, so be sure to reserve your tickets ASAP. Call 419.407.9810.",Brookwood Concert Series,20,All Ages
Aaron Jonah Lewis,2019-10-28T12:00:00,"Talk and Demo with Multi-instrumentalist Aaron Jonah Lewis Sponsored by the Center for Folklife and Cultural Heritage CFCH Conference Room, 2nd FL, Suite 2001 Aaron Jonah Lewis is noted for his mastery of multiple banjo styles, exploring veins in the roots of Old-Time, Bluegrass, Ragtime, and jazz. Lewis builds compelling musical bridges between the printed banjo music and techniques of the 19th century and the instrument&#8217;s journey into recorded sound by the turn of the 20th century. He can be heard on his latest recording Mozart of the Banjo: The Joe Morley Project, and appears regularly with the Corn Potato String Band and Lovestruck Balladeers.",Smithsonian Center for Folklife and Cultural Heritage,,All Ages
Aaron Jonah Lewis,2019-10-23T20:00:00,"Join us for a special, intimate concert at School of Musical Traditions with multi-instrumental old-time artist Aaron Jonah Lewis! There will be a meet-and-greet with the artist from 7:30-8:00pm, and the concert will be 8:00-9:30pm. Aaron Jonah Lewis is a champion fiddler who has been elbow-deep in traditional American fiddle and banjo music since his first lessons at the age of five with Kentucky native Robert Oppelt. Aaron has taken blue ribbons at the Appalachian String Band Festival in Clifftop, WV, and at the Old Fiddlers Convention in Galax, VA, the oldest and largest fiddlers convention in the country. He is also noted for his mastery of multiple banjo styles. He spends most of his time on the road, touring as a solo performer and with the Corn Potato String Band and Lovestruck Balladeers.",School of Musical Traditions,20,All Ages
Aaron Jonah Lewis,2020-09-26T20:00:00,"LIVE and IN PERSON _______________________________________________ Aaron Jonah Lewis w/Special Guest TBA May&#8217;s Barn in Remus, MI _______________________________________________ 7pm Sat. Concert $20-$50 2pm Sat. Banjo Workshop $30-$60 Noon Sun. Fiddle Workshop $30-$60 Either Workshop + Concert $40-$100 _______________________________________________ For more info and to make reservations email thestablefordagency@gmail.com",May&#8217;s Barn,,All Ages
&#8220;Fun And Fancy&#8221; Autumn Tour in UK and Ireland,2015-10-04T20:00:00,We are playing the after-party or closing event of the Skipton Puppet Festival. Wish we could get there sooner to participate more in this great event but at least we&#8217;ll get to party with some of the puppeteers and enthusiasts.,Cock and Bottle,,All Ages
&#8220;Fun And Fancy&#8221; Autumn Tour in UK and Ireland,2015-09-16T21:00:00,"With Special Guests! Konrad, Fuzzy Jones and Jonny Flockton. Doors open at 8pm. This is a Members Club &#8212; In order to get in you must be a member or be the guest of a member. Becoming a member costs £1 and simply requires that you fill out the form at this link http://www.wharfchambers.org/join.html",Wharf Chambers,5,All Ages
&#8220;Portion Control&#8221; Spring Tour 2015,2015-04-10T20:00:00,This is going to be such a cool weekend in a beautiful place with loads of great folks and it&#8217;s all about square dancing! We will also be teaching some workshops. AAAAnd we will have the incomparable Joe DeJarnette joining us on bass! Sponsored by the Folklore Society of Greater Washington.,Chesapeake Dance Weekend,,All Ages
&#8220;Portion Control&#8221; Spring Tour 2015,2015-03-29T17:00:00,"Doors at 4pm, Show at 5pm. Come early to get a good seat and taste some of the fine craft beer on offer! And if I may, I&#8217;d like to mention the superb farm-to-table cuisine as well&#8230;",Elk Creek Cafe + Aleworks,"10,12",All Ages
&#8220;Portion Control&#8221; Spring Tour 2015,2015-03-24T19:30:00,"It&#8217;s our debut at this nationally-renowned venue! Come out and bring all your music-loving friends. We have to show these people that we are loved around here and that we can fill their room up! Plus, it&#8217;s a FREE SHOW! And I&#8217;ll be giving out FREE HUGS to everyone who shows up and wants a hug.",The Ark,,All Ages
Corn Potato Duo &#8211; Lewis/McCaw,2015-02-07T17:00:00,"Great line-up this year as usual including: KENNETH MacLOUD AND THE RANKIN FAMILY FINVARRA&#8217;S WREN THE CORN-POTATO STRING BAND BEHIND THE TIMES THE CONNOR O&#8217;NEIL&#8217;S SESSIOIN GROUP HIGHLAND PIPER TERRENCE BRADLEY CROSSROADS CEILI with MICK, MICHAEL and SEAN GAVIN, COLLEEN SHANKS , FRANK KENNEDY, RAY MAGUIRE AND COLIN PAIGE. EL ALMA ESPANOL SIUSAN OROURKE AND ZIG ZEITLER THE ARDAN SCHOOL OF IRISH DANCE Cash bar and good food available for purchase. plenty of parking at the club and across the street. Admission is by donation, whatever you can afford to give to this fantastic group of Doctors and Nurses who actually make a difference in this world. Phone 313 537-3489 for further information.",6th Annual Benefit for Doctors Without Borders,,All Ages
&#8220;Fun And Fancy&#8221; Autumn Tour in UK and Ireland,2015-10-09T21:00:00,"We will play some concerts and sessions along with a number of other bands from all over the place! Other artists include The Groove Bluegrass Band (UK), The New Breadwinners (Dublin), and The Maple Tree Circus (Switzerland), more to follow.",Bunratty Folk Park Festival,5,All Ages
&#8220;Fun And Fancy&#8221; Autumn Tour in UK and Ireland,2015-10-06T20:00:00,"We host concerts in our home,focusing on bluegrass,americana,acoustic country,cajun and folk music.Anyone interested in listening to this sort of music,played well by great musicians,is very welcome to come.Contact us by the phone number or email address on this page for further details.We are totally non profit,all money raised goes to the musicians or a local charity. We support mainly touring musicians,as a venue which,while not able to pay a large fee,does offer a gig on a night when there may be nothing else available. We also aim to promote great live acoustic music to an audience which does not often attend live gigs,and hope that they then go to other venues to hear more.",The Red Room,,All Ages
Corn Potato Duo &#8211; Lewis/McCaw,2017-06-22T19:00:00,"NE Ohio’s &#8220;Old-School Blues &amp; Roots Music” Duo of Jen Maurer &amp; Anthony Papaleo combine forces with &#8220;American Music Traditionalists,&#8221; the Corn Potato String Band Duo (Aaron Jonah Lewis and Lindsay McCaw) to make a fun &amp; rowdy (but family friendly) night of musical songs that are a part of your old-soul consciousness even though you’re too young to really realize it. Expect some rousing vocals, crazy amazing fiddling (1-3 fiddles at a time), banjo plucking, guitar picking, bass booming, and clogging. This will be a night of “ho-downs,” country rags, southern gospel, old-timey foot stompers, classical banjo exploits, delta and piedmont blues, and of course -1950s R&amp;B.",NightTown,,All Ages
Detroit Square Dance Society,2017-06-21T17:00:00,"With Lindsay McCaw calling!! 5pm potluck, 6-10pm dancing Beginners&#8217; workshop/flatfooting at 5:30 All dances taught, no experience necessary Your Detroit Square Dance Society Band this time will be Aaron Jonah Lewis on fiddle, Kyle Rhodes on guitar, Rachel Pearson on bass, and special surprise guests throughout the evening.",Gaelic League,"10,",All Ages
Home Routes Tour in Manitoba April 2017,2017-03-31T20:00:00,"Please visit www.homeroutes.ca for reservations and more info. We are playing a tour of house concerts so it&#8217;s important to make reservations as seating is limited! Here is the schedule: 3/31 &#8211; Patricia Beach, MB 4/1 &#8211; Winnipeg, MB 4/2 &#8211; Letellier, MB 4/4 &#8211; Baldur, MB 4/5 &#8211; Killarney, MB 4/6 &#8211; Polonia, MB 4/7 &#8211; Rossburn, MB 4/8 &#8211; Norquay, SK 4/9 &#8211; Swan River, MB 4/11 &#8211; Grandview, MB 4/12 &#8211; Arden, MB 4/13 &#8211; Winnipeg, MB",Home Routes Tour,,All Ages
Detroit Square Dance Society,2017-11-04T18:00:00,"Your local Detroit community square dance is happening once again THIS SUNDAY, October 8 at the Gaelic League in Corktown!! 6pm &#8211; Potluck 7pm &#8211; Flatfooting/Beginners Workshop 7:30 til ?? (probably around 11) &#8211; Southern Squares, a Waltz or two and perhaps a Two Step or a Schottische for good measure, you never know&#8230;! $10 suggested donation, no one turned away, all are welcome No experience necessary, all dances will be taught by our caller, Lindsay McCaw Live music by Yours Truly on fiddle, Kyle Rhodes on guitar, Rachel Pearson on bass, and surprise special guests!",Gaelic League,10,All Ages
Detroit Square Dance Society,2017-10-08T17:00:00,"Your local Detroit community square dance is happening once again THIS SUNDAY, October 8 at the Gaelic League in Corktown!! 5pm &#8211; Potluck 6pm &#8211; Flatfooting/Beginners Workshop 6:30 til ?? (probably around 10) &#8211; Southern Squares, a Waltz or two and perhaps a Two Step or a Schottische for good measure, you never know&#8230;! $10 suggested donation, no one turned away, all are welcome No experience necessary, all dances will be taught by our caller, Lindsay McCaw Live music by Aaron Jonah Lewis on fiddle, Kyle Rhodes on guitar, Rachel Pearson on bass, and surprise special guests!",Gaelic League,10,All Ages
Detroit Square Dance Society,2018-10-25T18:00:00,"The Detroit Square Dance Society presents Aaron Jonah Lewis and the Detroit Square Dance Society Band Starring: Rachel Pearson on bass; Aaron Jonah Lewis on fiddle and banjo with special guest fiddler Henry Barnes, guitarist Ali Kafka, and caller Sean Fen. Potluck at 6 Dancing at 7 Cash bar with Bruce the friendly barkeep No experience needed, all dances will be taught. Come as you are, come alone or bring a friend! Suggested donation $10 Family friendly event Plenty of parking at the side and in the back but if you park on the street, don&#8217;t forget to feed the meter. SEE YOU THERE!!!!!!!!!!!!!",Gaelic League,10,
Corn Potato String Band,2018-05-16T19:00:00,"The Corn Potato String Band are coming through the area again and this time we&#8217;ll dance! The first half of the show will be a performance of their driving fiddle, good ol&#8217; guitar and brave banjo on a multitude of traditional American music all with harmonious singing and stories. The Potatoes are also very adept at square and contra dance calling so after a break we&#8217;ll put on our dancing shoes! This is not a experience required dance &#8211; it is fun for beginners and well-seasoned alike!! All of this will take place in the just opened Cognito Brewing in the Bangor Elevator. Advance tickets are $10 online or in person at Phoenix Records. It&#8217;s $15 at the door unless you&#8217;re a Foundry Hall member in which case you pay the advance price at the door.",Foundry Hall at Cognito Brewing,1015,All Ages
