0,1,streetAddress,addressCountry,postalCode,addressLocality,addressRegion,latitude,longitude
Delaware Park,"&lt;p&gt;One of Olmsted’s first three parks in Buffalo, Delaware Park serves as the focal point of the Olmsted system and today contains many of Buffalo’s cultural institutions. Simply named The...&lt;/p&gt;\",Meadow Drive,United States,14214.0,Buffalo,NY,42.933772,-78.8589745
Riverside Park,"&lt;p&gt;Designed in 1898, the 22-acre Riverside Park was the last park the Olmsted firm designed in Buffalo. Originally, park visitors could enjoy the Minnow Pools, a romantic stream with waterfalls and...&lt;/p&gt;\",2700 Niagara Street,United States,14207.0,Buffalo,NY,42.9564017,-78.9117276
"Martin Luther King, Jr. Park","&lt;p&gt;The Parade was a 56-acre park designed by Olmsted in 1871. Redesigned by Olmsted’s son John in 1896, it became Humboldt Park and in 1977 was renamed Martin Luther King,...&lt;/p&gt;\",West Parade Circle,United States,14211.0,Buffalo,NY,42.904222,-78.8439141
Front Park,"&lt;p&gt;Originally called The Front, Front Park was once the most popular recreational destination in the city and a prominent Buffalo icon. As with Delaware Park, Olmsted himself chose the location,...&lt;/p&gt;\",4th Street and Porter Avenue,United States,14213.0,Buffalo,NY,42.8999668,-78.8987869
Cazenovia Park,&lt;p&gt;Cazenovia Park is connected to South Park by Red Jacket and McKinley Parkways. The park boasts one of the more mature stands of trees in the city and has been...&lt;/p&gt;\,Warren Spahn Way,United States,14220.0,Buffalo,NY,42.8457477,-78.8083105
Burchfield Penney Art Center,,1300 Elmwood Ave,United States,14222.0,Buffalo,,42.9337465,-78.8805119
Marcy Casino,,199 Lincoln Parkway,,14209.0,Buffalo,,42.9316806,-78.8738253
RICH Products,,1 Robert Rich Way,United States,14213.0,Buffalo,NY,42.9145842,-78.8985269
South Park,"&lt;p&gt;The 155-acre South Park was designed in 1894 as an arboretum, with more than 2,300 types of trees, shrubs and plant life, and room for a large conservatory building, now...&lt;/p&gt;\",Park Drive,United States,14218.0,Buffalo,NY,42.8275666,-78.8295095
Japanese Garden in Delaware Park,,1 Museum Court,United States,14216.0,Buffalo,NY,42.9354288,-78.8763818
