0,givenName,honorificSuffix,worksFor,familyName
"William Ehling, CFA®",William,CFA®,Federated Hermes,Ehling
"Steven Chiavarone, CFA®",Steven,CFA®,Federated Hermes,Chiavarone
"Deborah Cunningham, CFA®",Deborah,CFA®,Federated Hermes,Cunningham
"Stephen Auth, CFA®",Stephen,CFA®,Federated Hermes,Auth
Martin Schulz,Martin,,Federated Hermes,Schulz
"Stephen Costlow, CTP",Stephen,CTP,Federated Hermes,Costlow
"John Ettinger, CFA®",John,CFA®,Federated Hermes,Ettinger
"Tom Brakel, M.D.",Tom,M.D.,Federated Hermes,Brakel
"Chengjun (Chris) Wu, CFA®",Chengjun (Chris),CFA®,Federated Hermes,Wu
"Damian McIntyre, CFA®, FRM, CAIA",Damian,"CFA®, FRM, CAIA",Federated Hermes,McIntyre
"Dana Meissner, CFA®, FRM, CAIA",Dana,"CFA®, FRM, CAIA",Federated Hermes,Meissner
J. Christopher Donahue,J. Christopher,,Federated Hermes,Donahue
Michael J. Farrell,Michael,,Federated Hermes,Farrell
Marie Milie Jones,Marie,,Federated Hermes,Milie Jones
"Saker Nusseibeh, CBE",Saker,CBE,Federated Hermes,Nusseibeh
