0,description,addressLocality,addressCountry,priceRange,ratingValue,addressRegion
Hilton Marsa Alam Nubian,&nbsp;&nbsp;&nbsp;&nbsp;Access internet Wi-Fi&nbsp;&nbsp;&nbsp;&nbsp;&nbsp;&nbsp;&nbsp;&nbsp;3 restaurante á la carte&nbsp;&nbsp;&nbsp;&nbsp;,Marsa Alam,Egipt,EUR 0 - EUR 0,5.0,Marsa Alam
Alkionis Studios,"It is a contemporary building of 15 rooms with fully equipped kitchen and veranda. The property disposes 2 types of accommodation, Studios amp; Apartments. All rooms feature bathroom with shower, air conditioning, fridge, telephone line, radio and satellite TV, but the Apartments have also a second separate bedroom. Double and single beds, are available in all room types.",Kalithea,Gr,EUR 0 - EUR 0,1.0,Kalithea
GRAND BLUE SAINT MARIA AQUAPARK,,Village Road,Egypt,EUR 0 - EUR 0,3.0,Village Road
Hilton Garden Inn Dubai Al Jadaf Culture Village,Sejur Dubai - Hilton Garden Inn Dubai Al Jadaf Culture Village,Dubai,Emiratele Arabe Unite,EUR 0 - EUR 0,5.0,Dubai
Pickalbatros Jungle Aqua Park,&nbsp;&nbsp;&nbsp;&nbsp;Aqua Park cu 11 piscine şi 35 tobogane&nbsp;&nbsp;&nbsp;&nbsp;&nbsp;&nbsp;&nbsp;&nbsp;Centru Wellness & Spa&nbsp;&nbsp;&nbsp;&nbsp;&nbsp;&nbsp;&nbsp;&nbsp;Acces internet Wi-Fi gratuit&nbsp;&nbsp;&nbsp;&nbsp;,Hurghada,Egipt,EUR 1826 - EUR 3652,4.0,Hurghada
NUBIA AQUA BEACH RESORT & AQUAPARK,,Al Ahyaa Road,Egypt,EUR 0 - EUR 0,5.0,Al Ahyaa Road
Millennium Al Barsha,"/2Millennium Al Barsha 7 nights REVELION 2020/2021(Vat) Rates are inclusive of 5% Value Added Tax starting from 01st January 2018. Tourism Dirham Fee per bedroom per night is payable by the guest upon departure. Check-in Time 15.00 hrs, Check-out Time 12.00 hrs. check-in check-out: Not Allowed on 31.12.2019. Baby Cot will be offered on complimentary basis.(subject to availability) Extra Bed charges are per bed per night per person.",Al Barsha,Ukraine,EUR 0 - EUR 0,4.0,Al Barsha
Titanic Resort & Aqua Park,&nbsp;&nbsp;&nbsp;&nbsp;Aqua Park - 15.000 mp&nbsp;&nbsp;&nbsp;&nbsp;&nbsp;&nbsp;&nbsp;&nbsp;Acces internet Wi-Fi&nbsp;&nbsp;&nbsp;&nbsp;,Hurghada,Egipt,EUR 0 - EUR 0,4.0,Hurghada
Melissa Apts Malia,Charter Creta Heraklion - Melissa Apartments Malia 3*,Malia,Grecia,EUR 658 - EUR 1316,3.0,Malia
Captains Beach Apartments,"The accommodation in Captains Apartments and rooms comprises 6 rooms, each with private balcony, bathroom, refrigerator and TV. The baths have all the necessary amenities and facilities. Guests can enjoy drinks, seafood and local dishes at Captain’s Bar and Restaurant on the ground floor, while admiring the sea view. Remark: during the summer months the check-in is made at the beach bar Island which is situated next to the hotel.",Thassos,Grecia,EUR 0 - EUR 0,1.0,Thassos
Seasons Hotel - Adults Only,Sejur Cipru - Seasons Hotel - Adults Only,Ayia Napa,Cipru,EUR 0 - EUR 0,4.0,Ayia Napa
Novotel Dubai Al Barsha,Sejur Dubai - Novotel Dubai Al Barsha,Dubai,Emiratele Arabe Unite,EUR 1118 - EUR 2236,4.0,Dubai
Marlita Beach Hotel Apartments,Sejur Cipru - Marlita Beach Hotel Apartments,Protaras,Cipru,EUR 0 - EUR 0,3.0,Protaras
AMC ROYAL AQUA PARK HOTEL,,Al Ahyaa Road,Egypt,EUR 0 - EUR 0,5.0,Al Ahyaa Road
Hampton By Hilton Dubai Airport,Sejur Dubai - Hampton By Hilton Dubai Airport 3*,Dubai,Emiratele Arabe Unite,EUR 0 - EUR 0,3.0,Dubai
Mandalena Hotel Apartments,Sejur Cipru - Mandalena Hotel Apartments,Protaras,Cipru,EUR 0 - EUR 0,3.0,Protaras
Titanic Beach Spa & Aquapark,&nbsp;&nbsp;Acces internet Wi-Fi gratuit pe întreg domeniul hotelului&nbsp;&nbsp;&nbsp;&nbsp;&nbsp;&nbsp;&nbsp;&nbsp;&nbsp;&nbsp;&nbsp;&nbsp;&nbsp;&nbsp;&nbsp;&nbsp;Aqua park cu 16 tobogane&nbsp;&nbsp;&nbsp;&nbsp;&nbsp;&nbsp;&nbsp;&nbsp;&nbsp;&nbsp;&nbsp;&nbsp;&nbsp;&nbsp;&nbsp;&nbsp;Centru de diving&nbsp;&nbsp;&nbsp;&nbsp;&nbsp;&nbsp;&nbsp;&nbsp;Centru Wellness & Spa&nbsp;&nbsp;&nbsp;&nbsp;&nbsp;&nbsp;,Hurghada,Egipt,EUR 0 - EUR 0,5.0,Hurghada
Dannas Boutique Apartments,Charter Zakynthos - Dannas Boutique Apartments,Tsilivi,Grecia,EUR 1058 - EUR 2116,2.0,Tsilivi
Hilton Garden Inn Dubai Al Muraqabat,Sejur Dubai - Hilton Garden Inn Dubai Al Muraqabat,Dubai,Emiratele Arabe Unite,EUR 0 - EUR 0,4.0,Dubai
Hotel Grand Excelsior Al Barsha,Sejur Dubai - Hotel Grand Excelsior Al Barsha 4*,Dubai,Emiratele Arabe Unite,EUR 0 - EUR 0,4.0,Dubai
Katia Apartments,Katia Apartments - Sejur individual Lefkada 2020,Lefkada,Grecia,EUR 0 - EUR 0,0.0,Lefkada
CAESAR PALACE HOTEL & AQUA PARK (Ex.Mirage Aquapark),,Al Ahyaa Road,Egypt,EUR 0 - EUR 0,5.0,Al Ahyaa Road
Hotel Amic Gala,Sejur Mallorca - Hotel Amic Gala,Can Pastilla,Spania,EUR 1178 - EUR 2356,3.0,Can Pastilla
Grosvenor House Hotel and Apartments,Sejur Dubai - Grosvenor House Hotel and Apartments 5*,Dubai,Emiratele Arabe Unite,EUR 0 - EUR 0,5.0,Dubai
Ibis Hotel Al Barsha,Sejur Dubai - Ibis Hotel Al Barsha 3*,Dubai,Emiratele Arabe Unite,EUR 0 - EUR 0,3.0,Dubai
BEACH ALBATROS RESORT,&nbsp;&nbsp;&nbsp;&nbsp;Centru Wellness & Spa&nbsp;&nbsp;&nbsp;&nbsp;&nbsp;&nbsp;&nbsp;&nbsp;Centru de diving&nbsp;&nbsp;&nbsp;&nbsp;&nbsp;&nbsp;&nbsp;&nbsp;Acces internet Wi-Fi gratuit&nbsp;&nbsp;&nbsp;&nbsp;,Village Road,Egypt,EUR 1378 - EUR 2756,4.0,Village Road
Aroma Villa,"Featuring a private balcony, the rooms and studios in Villa Aroma are air conditioned and decorated in soft tones. They all offer a flat-screen, satellite TV, mini fridge and safety deposit box. Some units also have kitchenettes. Free parking can be found near the premises. Important remark: cooking ( steering and grilling etc. ) is not allowed in the rooms. The hotel has cooking hobs, but they are for boiling eggs, heating water, making soup for children etc. In General, the kitchenette is for light snacks, this is why the hotel does not provide cooking utensils in the rooms.",Thassos,Grecia,EUR 0 - EUR 0,2.0,Thassos
Select Benal Beach Apartments,Sejur Costa del Sol - Select Benal Beach Apartments,Benalmadena,Spania,EUR 1018 - EUR 2036,4.0,Benalmadena
Ascos Coral Beach Hotel,Sejur Cipru - Ascos Coral Beach Hotel,Coral Bay,Cipru,EUR 938 - EUR 1876,4.0,Coral Bay
Arabian Park Hotel,Sejur Dubai - Arabian Park Hotel 3*,Dubai,Emiratele Arabe Unite,EUR 0 - EUR 0,3.0,Dubai
Dias Luxury Hotel & Apts,Charter Creta Heraklion - Dias Luxury Hotel & Apts,Stalida,Grecia,EUR 858 - EUR 1716,4.0,Stalida
Alkyon Hotel,Alkyon Hotel -Sejur individual Thassos 2020,Thassos,Grecia,EUR 0 - EUR 0,3.0,Thassos
Katia Apartments,Katia Apartments - Charter Avion Lefkada (Bucuresti) 2020,Lefkada,Grecia,EUR 158 - EUR 316,0.0,Lefkada
voco Dubai an IHG hotel,Sejur Dubai - voco Dubai an IHG hotel 5*,Dubai,Emiratele Arabe Unite,EUR 0 - EUR 0,5.0,Dubai
Signature 1 Hotel Tecom (Adults Only),Sejur Dubai - Signature 1 Hotel Tecom 4* (Adults Only),Dubai,Emiratele Arabe Unite,EUR 0 - EUR 0,4.0,Dubai
Hotel Hilton Garden Inn Dubai Al Mina - Jumeirah,Sejur Dubai - Hotel Hilton Garden Inn Dubai Al Mina - Jumeirah,Dubai,Emiratele Arabe Unite,EUR 0 - EUR 0,4.0,Dubai
Checkin Beatrix Apartments,Sejur Costa Brava - Checkin Beatrix Apartments,Pineda Del Mar,Spania,EUR 938 - EUR 1876,3.0,Pineda Del Mar
Vedere Apartments,Vedere Apartments 7 nopti Insula Thassos Autocar 2020Vedere Apartmets offer the warmest atmosphere just to make your holidays experience unforgettable.,Golden Beach,Grecia,EUR 0 - EUR 0,1.0,Golden Beach
G Mare Studios Apartments,"Your stay at‘Gmare’ offers you everything you need for truly enjoyable holidays, exactly as you have imagined them: easy access to every part of Halkidiki Peninsula and the city of Thessaloniki. The‘Gmare’ studio and apartment complex is located in the village of Gerakini, on the beach of the first third of Sithonia Peninsula; in fact, it lies between Sithonia and Kassandra Peninsulas, at the heart of Halkidiki, affording easy access to the most beautiful beaches of Greece, famous for their clear, blue, transparent waters. ‘Gmare’ includes studios and three types of apartments suitable for accommodating from two to four persons, depending on your choice. Some properties have a private garden, while all of them are decorated in an elegant and modern style, aiming for comfort and functionality with modern equipment. All studios and apartments of ‘Gmare’ are fully furbished to meet all your needs so that you can enjoy a relaxing and restful stay during your holidays. We’ll be glad to welcome you and provide you with top quality accommodation of the highest standards, whichever type of studio or apartment you select.",Gerakini,Gr,EUR 0 - EUR 0,1.0,Gerakini
ADAM & EVE HOTEL Adults Only,Charter Antalya - Hotel ADAM & EVE Adults Only,Belek,Turcia,EUR 0 - EUR 0,0.0,Belek
Aqua Bay Hotel,Charter Zakynthos - Aqua Bay Hotel,Tsilivi,Grecia,EUR 0 - EUR 0,5.0,Tsilivi
ALBATROS AQUA BLU RESORT HURGHADA (EX. SEA WORLD RESORT),,Village Road,Egypt,EUR 1074 - EUR 2148,4.0,Village Road
Holiday Inn Dubai - Al Barsha,Sejur Dubai - Holiday Inn Dubai - Al Barsha,Dubai,Emiratele Arabe Unite,EUR 0 - EUR 0,4.0,Dubai
Hotel Crystal Admiral,Charter Antalya - Hotel CRYSTAL ADMIRAL,Side,Turcia,EUR 878 - EUR 1756,5.0,Side
Sea World Pickalbatros Marsa Alam,&nbsp;&nbsp;&nbsp;&nbsp;Access internet Wi-Fi gratuit&nbsp;&nbsp;&nbsp;&nbsp;&nbsp;&nbsp;&nbsp;&nbsp;Aqua park cu 9 tobogane&nbsp;&nbsp;&nbsp;&nbsp;&nbsp;&nbsp;&nbsp;&nbsp;Centru Wellness & Spa-1082 mp&nbsp;&nbsp;&nbsp;&nbsp;,Marsa Alam,Egipt,EUR 0 - EUR 0,5.0,Marsa Alam
Hotel Auris Inn Al Muhanna,Sejur Dubai - Hotel Auris Inn Al Muhanna 4*,Dubai,Emiratele Arabe Unite,EUR 0 - EUR 0,4.0,Dubai
Hotel Crystal Admiral,Charter Antalya - Hotel CRYSTAL ADMIRAL,Side,Turcia,EUR 0 - EUR 0,5.0,Side
Anastasia Beach Hotel,Sejur Cipru - Anastasia Beach Hotel,Protaras,Cipru,EUR 0 - EUR 0,4.0,Protaras
Hampton By Hilton Dubai Airport,Sejur Dubai - Hampton By Hilton Dubai Airport 3*,Dubai,Emiratele Arabe Unite,EUR 1158 - EUR 2316,3.0,Dubai
Anna s Star Beach Hotel,"The hotel offers spacious, double, triple and quadruple modern rooms, all of them with private furnished balconies and apartments, which can host from 3 to 5 guests. All apartments are equipped with kitchen, air-condition, plasma TV, fridge, Wi-Fi and are comfortably furnished. Families and children are able to enjoy a swimming pool with Jacuzzi and a pool bar, where you can enjoy a drink or a snack. The hotel also offers free umbrellas and sunbeds on the beach, where snacks and refreshments are served. For more energetic guests there is a beach volley court. At the back you will find a private, secure parking, free of charge. Remarks: the sea view studio for 3 persons consists of dbl bed and extra bed. There is the possibility of paying breakfast on the spot.",Thassos,Grecia,EUR 0 - EUR 0,2.0,Thassos
Select Benal Beach Apartments,Sejur Costa del Sol - Select Benal Beach Apartments,Benalmadena,Spania,EUR 0 - EUR 0,4.0,Benalmadena
Across Potidea Golden Beach,"This hotel has 47 rooms with satellite tv and A/C, some of them renovated. It consists of 3 buildings (Main building with reception, lobby, main bar, TV corner, Internet corner, etc, annex 1 with pool, bar, restaurant and annex building 2 with rooms) . The baby cot and the safe box in the rooms are with extra-charge payable on the spot. Also, the A/C in all types of rooms is with extra-charge.",Halkidiki,Grecia,EUR 0 - EUR 0,2.0,Halkidiki
Citymax Al Barsha at the Mall,Citymax Al Barsha at the Mall 5 nopti - Charter avion Dubai Cluj 2020-2021 AnimaWings,City Area,Emiratele Arabe Unite,EUR 1118 - EUR 2236,3.0,City Area
Cosmelenia Hotel Apartments,Sejur Cipru - Cosmelenia Hotel Apartments,Ayia Napa,Cipru,EUR 0 - EUR 0,3.0,Ayia Napa
Mercure Gold Hotel Al Mina Road Dubai,Sejur Dubai - Mercure Gold Hotel Al Mina Road Dubai,Dubai,Emiratele Arabe Unite,EUR 0 - EUR 0,4.0,Dubai
HAWAII RIVIERA CLUB(2nd LINE),,Al Ahyaa Road,Egypt,EUR 0 - EUR 0,4.0,Al Ahyaa Road
Hotel Don Pepe - Adults Only,Sejur Mallorca - Hotel Don Pepe - Adults Only,El Arenal,Spania,EUR 1078 - EUR 2156,3.0,El Arenal
Armani Hotel Dubai,Sejur Dubai - Armani Hotel Dubai 5*,Dubai,Emiratele Arabe Unite,EUR 2938 - EUR 5876,5.0,Dubai
Admiral Argassi,Charter Zakynthos - Admiral Argassi,Argassi,Grecia,EUR 1278 - EUR 2556,3.0,Argassi
Blue Sky Apts Malia,Charter Creta Heraklion - Blue Sky Apts Malia,Malia,Grecia,EUR 0 - EUR 0,2.0,Malia
Astra Village Apartments & Suites,Charter Creta Heraklion - Astra Village Apartments & Suites 3*,Koutouloufari,Grecia,EUR 638 - EUR 1276,3.0,Koutouloufari
TITANIC PALACE RESORT& AQUAPARK,,Village Road,Egypt,EUR 1164 - EUR 2328,5.0,Village Road
Hotel The Royal Apollonia,Sejur Cipru - Hotel The Royal Apollonia,Limassol,Cipru,EUR 0 - EUR 0,5.0,Limassol
Titanic Resort & Aqua Park,&nbsp;&nbsp;&nbsp;&nbsp;Aqua Park - 15.000 mp&nbsp;&nbsp;&nbsp;&nbsp;&nbsp;&nbsp;&nbsp;&nbsp;Acces internet Wi-Fi&nbsp;&nbsp;&nbsp;&nbsp;,Hurghada,Egipt,EUR 1676 - EUR 3352,4.0,Hurghada
Denise Beach Hotel and Apartments,Charter Zakynthos - Denise Beach Hotel and Apartments,Laganas,Grecia,EUR 818 - EUR 1636,4.0,Laganas
DebbieXenia Hotel Apartments,Sejur Cipru - DebbieXenia Hotel Apartments,Protaras,Cipru,EUR 0 - EUR 0,3.0,Protaras
Mövenpick Hotel Apartments Downtown Dubai,Sejur Dubai - Movenpick Hotel Apartments Downtown Dubai,Dubai,Emiratele Arabe Unite,EUR 0 - EUR 0,5.0,Dubai
H10 COSTA ADEJE PALACE,"H10 COSTA ADEJE PALACE Vara 2020 pachet 7 nopti plecare din Bucuresti zbor Wizz Air (2)Located on the seafront and with direct access to La Enramada beach, H10 Costa Adeje Palace is an iconic hotel known for its magnificent swimming pools, Chill-Out Terrace with spectacular sea views and enchanting Canary Island gardens. It also features a wide range of dining options, including the Asian restaurant Sakura Teppanyaki; a full programme of entertainment for the whole family; a Despacio Spa Centre and Privilege, Exclusive Rooms and Services. Hotel Website: https://www.h10hotels.com/es/hoteles-tenerife/h10-costa-adeje-palace",Costa Adeje,Spania,EUR 0 - EUR 0,4.0,Costa Adeje
JA Oasis Beach Tower Apartments,Sejur Dubai - JA Oasis Beach Tower Apartments,Dubai,Emiratele Arabe Unite,EUR 0 - EUR 0,5.0,Dubai
Titanic Beach Spa & Aquapark,&nbsp;&nbsp;Acces internet Wi-Fi gratuit pe întreg domeniul hotelului&nbsp;&nbsp;&nbsp;&nbsp;&nbsp;&nbsp;&nbsp;&nbsp;&nbsp;&nbsp;&nbsp;&nbsp;&nbsp;&nbsp;&nbsp;&nbsp;Aqua park cu 16 tobogane&nbsp;&nbsp;&nbsp;&nbsp;&nbsp;&nbsp;&nbsp;&nbsp;&nbsp;&nbsp;&nbsp;&nbsp;&nbsp;&nbsp;&nbsp;&nbsp;Centru de diving&nbsp;&nbsp;&nbsp;&nbsp;&nbsp;&nbsp;&nbsp;&nbsp;Centru Wellness & Spa&nbsp;&nbsp;&nbsp;&nbsp;&nbsp;&nbsp;,Hurghada,Egipt,EUR 1568 - EUR 3136,5.0,Hurghada
The Address Dubai Mall,Sejur Dubai - The Address Dubai Mall,Dubai,Emiratele Arabe Unite,EUR 0 - EUR 0,5.0,Dubai
Jungle Aqua Park,&nbsp;&nbsp;&nbsp;&nbsp;Aqua Park cu 11 piscine şi 35 tobogane&nbsp;&nbsp;&nbsp;&nbsp;&nbsp;&nbsp;&nbsp;&nbsp;Centru Wellness & Spa&nbsp;&nbsp;&nbsp;&nbsp;&nbsp;&nbsp;&nbsp;&nbsp;Acces internet Wi-Fi gratuit&nbsp;&nbsp;&nbsp;&nbsp;,Hurghada,Egipt,EUR 0 - EUR 0,4.0,Hurghada
Arabian Courtyard Hotel & Spa,Sejur Dubai - Arabian Courtyard Hotel & Spa,Dubai,Emiratele Arabe Unite,EUR 0 - EUR 0,4.0,Dubai
Checkin Beatrix Apartments,Sejur Costa Brava - Checkin Beatrix Apartments,Pineda Del Mar,Spania,EUR 0 - EUR 0,3.0,Pineda Del Mar
Blue Sky Apartments,"The 9 Apartments and Studios are comfortable, spacious and provide a large living room-kitchen area, bedroom, bathroom, with TV, air conditioning and balcony or yard.",Thassos,Grecia,EUR 0 - EUR 0,1.0,Thassos
Napa Plaza Hotel - Adults Only,Sejur Cipru - Napa Plaza Hotel - Adults Only,Ayia Napa,Cipru,EUR 0 - EUR 0,4.0,Ayia Napa
Christabelle Hotel Apartments,Sejur Cipru - Christabelle Hotel Apartments,Ayia Napa,Cipru,EUR 0 - EUR 0,3.0,Ayia Napa
Hotel Amic Can Pastilla,Sejur Mallorca - Hotel Amic Can Pastilla,Can Pastilla,Spania,EUR 1118 - EUR 2236,2.0,Can Pastilla
Caravel Sensimar Resort and Spa (Adults Only),Charter Zakynthos - Caravel Sensimar Resort and Spa,Tsilivi,Grecia,EUR 0 - EUR 0,5.0,Tsilivi
Golden Sun Resort and Spa - Adults Only,Charter Zakynthos - Golden Sun Resort and Spa,Kalamaki,Grecia,EUR 2838 - EUR 5676,4.0,Kalamaki
ALBATROS CITADEL RESORT (EX.CITADEL AZURE),,Sahl Hasheesh,Egypt,EUR 0 - EUR 0,5.0,Sahl Hasheesh
PALMYRA AQUAPARK KANTAOUI,Detalii transport avion: Cod zbor: BJ **Plecare: (CLJ) 11.08.2021 13:00:00&nbsp;&nbsp;&nbsp;-&nbsp;&nbsp;&nbsp;(MIR) 11.08.2021 13:35:00Intoarcere: (MIR) 18.08.2021 07:30:00&nbsp;&nbsp;&nbsp;-&nbsp;&nbsp;&nbsp;(CLJ) 18.08.2021 12:05:00,Port El Kantaoui,Tunisia,EUR 1318 - EUR 2636,3.0,Port El Kantaoui
Agrabella Hotel,Charter Creta Heraklion - Agrabella Hotel,Hersonissos,Grecia,EUR 858 - EUR 1716,3.0,Hersonissos
MAHDIA PALACE,Detalii transport avion: Cod zbor: BJ **Plecare: (CLJ) 15.09.2021 13:00:00&nbsp;&nbsp;&nbsp;-&nbsp;&nbsp;&nbsp;(MIR) 15.09.2021 13:35:00Intoarcere: (MIR) 22.09.2021 07:30:00&nbsp;&nbsp;&nbsp;-&nbsp;&nbsp;&nbsp;(CLJ) 22.09.2021 12:05:00,Mahdia,Tunisia,EUR 1538 - EUR 3076,5.0,Mahdia
