0,startDate,endDate,3,4,5,6,validFrom,8,9
CIAA Men's and Women's Basketball Tournament - Session 2,2021-02-24,2021-02-24,Royal Farms Arena,CIAA Mens and Womens Basketball Tournament,USD,http://schema.org/InStock,2020-02-29,46.0,"CIAA Men's and Women's Basketball Tournament - Session 2 at Royal Farms Arena on February 24, 2021"
CIAA Men's and Women's Basketball Tournament - Session 3,2021-02-25,2021-02-25,Royal Farms Arena,CIAA Mens and Womens Basketball Tournament,USD,http://schema.org/InStock,2020-03-04,89.0,"CIAA Men's and Women's Basketball Tournament - Session 3 at Royal Farms Arena on February 25, 2021"
CIAA Men's and Women's Basketball Tournament - Session 4,2021-02-25,2021-02-25,Royal Farms Arena,CIAA Mens and Womens Basketball Tournament,USD,http://schema.org/InStock,2020-03-05,89.0,"CIAA Men's and Women's Basketball Tournament - Session 4 at Royal Farms Arena on February 25, 2021"
CIAA Men's and Women's Basketball Tournament - Session 5,2021-02-26,2021-02-26,Royal Farms Arena,CIAA Mens and Womens Basketball Tournament,USD,http://schema.org/InStock,2020-02-29,90.0,"CIAA Men's and Women's Basketball Tournament - Session 5 at Royal Farms Arena on February 26, 2021"
CIAA Men's and Women's Basketball Tournament - Session 6,2021-02-26,2021-02-26,Royal Farms Arena,CIAA Mens and Womens Basketball Tournament,USD,http://schema.org/InStock,2020-03-06,89.0,"CIAA Men's and Women's Basketball Tournament - Session 6 at Royal Farms Arena on February 26, 2021"
CIAA Men's and Women's Basketball Tournament - Session 7,2021-02-27,2021-02-27,Royal Farms Arena,CIAA Mens and Womens Basketball Tournament,USD,http://schema.org/InStock,2020-03-04,124.0,"CIAA Men's and Women's Basketball Tournament - Session 7 at Royal Farms Arena on February 27, 2021"
Baltimore Orioles vs. Boston Red Sox - Home Opener,2021-04-08,2021-04-08,Oriole Park At Camden Yards,Baltimore Orioles,USD,http://schema.org/InStock,2020-07-09,210.0,"Baltimore Orioles vs. Boston Red Sox - Home Opener at Oriole Park At Camden Yards on April 08, 2021"
CIAA Men's and Women's Basketball Tournament - All Sessions,2021-02-23,2021-02-23,Royal Farms Arena,CIAA Mens and Womens Basketball Tournament,USD,http://schema.org/InStock,2020-02-25,319.0,"CIAA Men's and Women's Basketball Tournament - All Sessions at Royal Farms Arena on February 23, 2021"
CIAA Men's and Women's Basketball Tournament - Session 1,2021-02-23,2021-02-23,Royal Farms Arena,CIAA Mens and Womens Basketball Tournament,USD,http://schema.org/InStock,2020-03-05,46.0,"CIAA Men's and Women's Basketball Tournament - Session 1 at Royal Farms Arena on February 23, 2021"
AJ Swearingen & Jayne Kelli - Music of Simon & Garfunkel,2020-10-10,2020-10-10,Barns of Rose Hill,AJ Swearingen & Jayne Kelli - Music of Simon & Garfunkel,USD,http://schema.org/InStock,2019-12-12,41.0,"AJ Swearingen & Jayne Kelli - Music of Simon & Garfunkel at Barns of Rose Hill on October 10, 2020"
Start Making Sense - Talking Heads Tribute,2020-10-09,2020-10-09,Birchmere Music Hall,Start Making Sense: Talking Heads Tribute,USD,http://schema.org/InStock,2020-09-21,52.0,"Start Making Sense - Talking Heads Tribute at Birchmere Music Hall on October 09, 2020"
Eclipse - A Tribute To Journey,2020-10-11,2020-10-11,Birchmere Music Hall,Eclipse - A Tribute To Journey,USD,http://schema.org/InStock,2020-09-11,49.0,"Eclipse - A Tribute To Journey at Birchmere Music Hall on October 11, 2020"
Scott Bradlee's Postmodern Jukebox,2020-10-15,2020-10-15,Strand Theatre at Appell Center for the Performing Arts,,,http://schema.org/InStock,2020-01-23,,"Scott Bradlee's Postmodern Jukebox at Strand Theatre at Appell Center for the Performing Arts on October 15, 2020"
Drive-In Concert: Pigeons Playing Ping Pong,2020-10-15,2020-10-15,Showtime At The Drive-In,Pigeons Playing Ping Pong,USD,http://schema.org/InStock,2020-09-22,410.0,"Drive-In Concert: Pigeons Playing Ping Pong at Showtime At The Drive-In on October 15, 2020"
Double Vision - Foreigner Tribute Band,2020-10-16,2020-10-16,Birchmere Music Hall,Double Vision - Foreigner Tribute Band,USD,http://schema.org/InStock,2020-09-25,58.0,"Double Vision - Foreigner Tribute Band at Birchmere Music Hall on October 16, 2020"
