0,description,duration,keywords,director,dateCreated,6,actor
Ishqeria,"Bollywood movie Ishqeria (2018) is Directed By Prerna Wadhawan. Staring: Neil Nitin Mukesh , Richa Chaddha ,",,"Ishqeria,2018,Romance,Neil Nitin Mukesh , Richa Chaddha ,",Prerna Wadhawan,2018-08-25,Swarp Films & Yen Movies,"['Neil Nitin Mukesh', 'Richa Chaddha']"
Jaane Kyun De Yaaron,"Bollywood movie Jaane Kyun De Yaaron (2018) is Directed By Akshay Anand. Staring: Raghu Raja, Abhishek Sharma , Kabir Bedi , Chetna Pande ,Heena Panchal , Viju Khote ,",,"Jaane Kyun De Yaaron,2018,Drama,Raghu Raja, Abhishek Sharma , Kabir Bedi , Chetna Pande ,Heena Panchal , Viju Khote ,",Akshay Anand,2018-08-25,"NeelRishiFilms,Theatre King","['Raghu Raja', 'Heena Panchal', 'Viju Khote', 'Chetna Pande', 'Kabir Bedi', 'Abhishek Sharma']"
Love Ke Funday,"Bollywood movie Love Ke Funday (2016) is Directed By Indervesh Yogee. Staring: Shaleen Bhanot, Pooja Banerjee",,"Love Ke Funday,2016,Comedy,Shaleen Bhanot, Pooja Banerjee",Indervesh Yogee,2017-08-27,,"['Shaleen Bhanot', 'Pooja Banerjee']"
Judwaa 2,"Bollywood movie Judwaa 2 (2017) is Directed By David Dhawan. Staring: Varun Dhawan, Jacqueline Fernandez, Taapsee Pannu, Anupam Kher, Sachin Khedekar, Upasana Singh, Rajpal Yadav, Pavan Malhotra, Ali Asgar, Vivan Bhatena, Vikas Verma, Johnny Lever, Rajat Rawail, Salman Khan (cameo)",,"Judwaa 2,2017,Acton/Comedy, Varun Dhawan, Jacqueline Fernandez, Taapsee Pannu, Anupam Kher, Sachin Khedekar, Upasana Singh, Rajpal Yadav, Pavan Malhotra, Ali Asgar, Vivan Bhatena, Vikas Verma, Johnny Lever, Rajat Rawail, Salman Khan (cameo)",David Dhawan,2017-06-26,Nadiadwala Grandson Entertainment,"['Upasana Singh', 'Sachin Khedekar', 'Vikas Verma', 'Varun Dhawan', 'Vivan Bhatena', 'Anupam Kher', 'Johnny Lever', 'Rajpal Yadav', 'Jacqueline Fernandez', 'Ali Asgar', 'Taapsee Pannu', 'Pavan Malhotra', 'Salman Khan (cameo)', 'Rajat Rawail']"
Aa Gaya Hero,"Bollywood movie Aa Gaya Hero (2017) is Directed By Dipankar Senapati. Staring: Govinda, Ashutosh Rana, Murali Sharma, Richa Chadda",,"Aa Gaya Hero,2017,Action/Comedy,Govinda, Ashutosh Rana, Murali Sharma, Richa Chadda",Dipankar Senapati,2017-06-26,,"['Murali Sharma', 'Govinda', 'Ashutosh Rana', 'Richa Chadda']"
Jolly LLB 2,"Bollywood movie Jolly LLB 2 (2017) is Directed By Subhash Kapoor. Staring: Akshay Kumar, Huma Qureshi, Annu Kapoor",,"Jolly LLB 2,2017,Drama,Akshay Kumar, Huma Qureshi, Annu Kapoor",Subhash Kapoor,2017-06-26,,"['Akshay Kumar', 'Annu Kapoor', 'Huma Qureshi']"
Bhanwarey,"Bollywood movie Bhanwarey (2017) is Directed By Shaurya Singh. Staring: Shaurya Singh, Priyanka Shukla, Karan Thakur, Jashan Singh, Manoj Bakshi, Matin Khan, Padmender Rawat",,"Bhanwarey,2017,Comedy,Shaurya Singh, Priyanka Shukla, Karan Thakur, Jashan Singh, Manoj Bakshi, Matin Khan, Padmender Rawat",Shaurya Singh,2017-06-26,,"['Padmender Rawat', 'Matin Khan', 'Manoj Bakshi', 'Karan Thakur', 'Shaurya Singh', 'Priyanka Shukla', 'Jashan Singh']"
Yeh Hai India,"Bollywood movie Yeh Hai India (2017) is Directed By Lom Harsh. Staring: Gavie Chahal, Deana Uppal, Mohan Agashe, Mohan Joshi",,"Yeh Hai India,2017,Patriotic/Drama,Gavie Chahal, Deana Uppal, Mohan Agashe, Mohan Joshi",Lom Harsh,2017-06-26,,"['Mohan Joshi', 'Deana Uppal', 'Mohan Agashe', 'Gavie Chahal']"
Khajoor Pe Atke,"Bollywood movie Khajoor Pe Atke (2018) is Directed By Harsh Chhaya. Staring: Vinay Pathak , Manoj Pahwa , Seema Pahwa , Dolly Ahluwalia , Sabah Kapoor,",,"Khajoor Pe Atke,2018,Comedy,Vinay Pathak , Manoj Pahwa , Seema Pahwa , Dolly Ahluwalia , Sabah Kapoor,",Harsh Chhaya,2018-08-25,Welcome Friends Production,"['Vinay Pathak', 'Sabah Kapoor', 'Seema Pahwa', 'Manoj Pahwa', 'Dolly Ahluwalia']"
Sweetiee Weds NRI,"Bollywood movie Sweetiee Weds NRI (2017) is Directed By Hasnain Hyderabadwala. Staring: Himansh Kohli , Zoya Afroz , Darshan Jariwala , Kiran Juneja",,"Sweetiee Weds NRI,2017,Romance/Comedy,Himansh Kohli , Zoya Afroz , Darshan Jariwala , Kiran Juneja",Hasnain Hyderabadwala,2017-06-26,,"['Darshan Jariwala', 'Kiran Juneja', 'Zoya Afroz', 'Himansh Kohli']"
Gulabo Sitabo,Gulabo Sitabo is a 2020 Bollywood comedy-drama filmdirected by Shoojit Sircar. Cast Amitabh Bachchan and Ayushmann Khurrana. OTT release on Prime Video worldwide on 12 June 2020.,,"Gulabo Sitabo,2020,Drama,Amitabh Bachchan, Ayushmann Khurrana",Shoojit Sircar,2020-02-21,,"['Amitabh Bachchan', 'Ayushmann Khurrana']"
Falsafa: The Other Side,"Bollywood movie Falsafa: The Other Side (2019) is Directed By Himanshu Yadav. Staring: Manit Joura, Geetanjali Singh, Ridhima Grover, Sumit Gulati, Amitabh Srivastava, Geeta Agarwal, Hareesh Chabra, Vankatesh Vohra",,"Falsafa: The Other Side,2019,Thriller,Manit Joura, Geetanjali Singh, Ridhima Grover, Sumit Gulati, Amitabh Srivastava, Geeta Agarwal, Hareesh Chabra, Vankatesh Vohra",Himanshu Yadav,2018-09-04,VK YADAV,"['Geetanjali Singh', 'Hareesh Chabra', 'Vankatesh Vohra', 'Geeta Agarwal', 'Manit Joura', 'Amitabh Srivastava', 'Ridhima Grover', 'Sumit Gulati']"
Neerja,"Bollywood movie Neerja (2016) is Directed By Ram Madhvani. Staring: Sonam Kapoor, Shabana Azmi, Shekhar Ravjiani",,"Neerja,2016,Biopic/Drama,Sonam Kapoor, Shabana Azmi, Shekhar Ravjiani",Ram Madhvani,2017-08-27,,"['Shekhar Ravjiani', 'Shabana Azmi', 'Sonam Kapoor']"
Happy Bhaag Jayegi,"Bollywood movie Happy Bhaag Jayegi (2016) is Directed By Mudassar Aziz. Staring: Abhay Deol, Diana Penty, Momal Sheikh, Ali Fazal, Jimmy Shergill",,"Happy Bhaag Jayegi,2016,Comedy,Abhay Deol, Diana Penty, Momal Sheikh, Ali Fazal, Jimmy Shergill",Mudassar Aziz,2017-08-27,,"['Jimmy Shergill', 'Momal Sheikh', 'Ali Fazal', 'Diana Penty', 'Abhay Deol']"
Kick 2,"Bollywood movie Kick 2 (2020) is Directed By Sajid Nadiadwala. Staring: Salman Khan,Jacqueline Fernandez",,"Kick 2,2020,Action,Salman Khan,Jacqueline Fernandez",Sajid Nadiadwala,2018-11-03,"Nadiadwala Grandson Entertainment, Fox Star Studios","['Jacqueline Fernandez', 'Salman Khan']"
Befikre,"Bollywood movie Befikre (2016) is Directed By Aditya Chopra. Staring: Ranveer Singh, Vaani Kapoor",,"Befikre,2016,Romance,Ranveer Singh, Vaani Kapoor",Aditya Chopra,2017-08-27,,"['Ranveer Singh', 'Vaani Kapoor']"
Haramkhor,"Bollywood movie Haramkhor (2017) is Directed By Shlok Sharma. Staring: Nawazuddin Siddiqui, Shweta Tripathi",,"Haramkhor,2017,Drama,Nawazuddin Siddiqui, Shweta Tripathi",Shlok Sharma,2017-06-26,,"['Shweta Tripathi', 'Nawazuddin Siddiqui']"
Yamla Pagla Deewana: Phir Se,"Bollywood movie Yamla Pagla Deewana: Phir Se (2018) is Directed By Navaniat Singh. Staring: Dharmendra , Sunny Deol , Bobby Deol , Kriti Kharbanda ,Johnny Lever ,",,"Yamla Pagla Deewana: Phir Se,2018,Comedy,Dharmendra , Sunny Deol , Bobby Deol , Kriti Kharbanda ,Johnny Lever ,",Navaniat Singh,2018-08-25,Pen India Limited,"['Johnny Lever', 'Dharmendra', 'Kriti Kharbanda', 'Sunny Deol', 'Bobby Deol']"
Thalaivi,"Bollywood movie Thalaivi (2020) is Directed By A. L. Vijay. Staring: Kangana Ranaut, Arvind Swami",,"Thalaivi,2020,Biopic,Kangana Ranaut, Arvind Swami",A. L. Vijay,2020-02-21,"Vibri Motion Pictures, Karma Media and Entertainment","['Arvind Swami', 'Kangana Ranaut']"
Mitron,"Bollywood movie Mitron (2018) is Directed By Nitin Kakkar . Staring: Jackky Bhagnani, Kritika Kamra, Pratik Gandhi, Neeraj Sood and Shivam Parekh",,"Mitron,2018,Bollywood,Jackky Bhagnani, Kritika Kamra, Pratik Gandhi, Neeraj Sood and Shivam Parekh",Nitin Kakkar,2018-09-01,Abundantia Entertainment,"['Kritika Kamra', 'Pratik Gandhi', 'Jackky Bhagnani', 'Neeraj Sood and Shivam Parekh']"
OK Mein Dhokhe,"Bollywood movie OK Mein Dhokhe (2016) is Directed By Utpal S. Chaudhary. Staring: Zoya Rathore, Sapan Krishna, Vaidhei Singh, Megha Verma, Ravi Thakur, Milan Singh",,"OK Mein Dhokhe,2016,Drama/Thriller,Zoya Rathore, Sapan Krishna, Vaidhei Singh, Megha Verma, Ravi Thakur, Milan Singh",Utpal S. Chaudhary,2017-08-27,,"['Sapan Krishna', 'Vaidhei Singh', 'Megha Verma', 'Zoya Rathore', 'Ravi Thakur', 'Milan Singh']"
Blackmail,"Bollywood movie Blackmail (2018) is Directed By Abhinay Deo. Staring: Irrfan Khan , Kirti Kulhari , Arunoday Singh , Divya Dutta ,Omi Vaidya ,",,"Blackmail,2018,Comedy,Irrfan Khan , Kirti Kulhari , Arunoday Singh , Divya Dutta ,Omi Vaidya ,",Abhinay Deo,2018-08-25,"T-Series, RDP Motion Pictures","['Divya Dutta', 'Omi Vaidya', 'Kirti Kulhari', 'Irrfan Khan', 'Arunoday Singh']"
Cheat India,"Bollywood movie Cheat India (2019) is Directed By Soumik Sen. Staring: Emraan Hashmi,Shreya Dhanwanthary",,"Cheat India,2019,Drama,Emraan Hashmi,Shreya Dhanwanthary",Soumik Sen,2018-11-03,"T-Series, Emraan Hashmi Films","['Shreya Dhanwanthary', 'Emraan Hashmi']"
Dear Maya,"Bollywood movie Dear Maya (2017) is Directed By Sunaina Bhatnagar. Staring: Manisha Koirala, Madiha Imam, Shreya Chaudhary",,"Dear Maya,2017,Thriller/Drama,Manisha Koirala, Madiha Imam, Shreya Chaudhary",Sunaina Bhatnagar,2017-06-26,,"['Madiha Imam', 'Shreya Chaudhary', 'Manisha Koirala']"
Zubaan,"Bollywood movie Zubaan (2016) is Directed By Mozez Singh. Staring: Vicky Kaushal, Sarah Jane Dias, Raghav Chanana",,"Zubaan,2016,Drama,Vicky Kaushal, Sarah Jane Dias, Raghav Chanana",Mozez Singh,2017-08-27,,"['Raghav Chanana', 'Vicky Kaushal', 'Sarah Jane Dias']"
Ishq Click,"Bollywood movie Ishq Click (2016) is Directed By Anil Ballani. Staring: Adhyayan Suman, Sara Loren",,"Ishq Click,2016,Romance/Drama,Adhyayan Suman, Sara Loren",Anil Ballani,2017-08-27,,"['Adhyayan Suman', 'Sara Loren']"
Pari,"Bollywood movie Pari (2018) is Directed By Prosit Roy. Staring: Anushka Sharma , Parambrata Chatterjee , Rajat Kapoor ,Ritabhari Chakraborty , Mansi Multani,",,"Pari,2018,Thriller,Anushka Sharma , Parambrata Chatterjee , Rajat Kapoor ,Ritabhari Chakraborty , Mansi Multani,",Prosit Roy,2018-08-25,"Clean Slate Films, KriArj Entertainment","['Anushka Sharma', 'Mansi Multani', 'Ritabhari Chakraborty', 'Parambrata Chatterjee', 'Rajat Kapoor']"
Fukrey Returns,"Bollywood movie Fukrey Returns (2017) is Directed By Mrighdeep Singh Lamba. Staring: Pulkit Samrat, Varun Sharma, Ali Fazal, Manjot Singh, Richa Chadda",,"Fukrey Returns,2017,Comedy,Pulkit Samrat, Varun Sharma, Ali Fazal, Manjot Singh, Richa Chadda",Mrighdeep Singh Lamba,2017-06-26,,"['Varun Sharma', 'Manjot Singh', 'Pulkit Samrat', 'Ali Fazal', 'Richa Chadda']"
Ek Ladki Ko Dekha Toh Aisa Laga,"Bollywood movie Ek Ladki Ko Dekha Toh Aisa Laga (2019) is Directed By Shelly Chopra Dhar. Staring: Anil Kapoor,Sonam Kapoor,Juhi Chawla,Rajkummar Rao",,"Ek Ladki Ko Dekha Toh Aisa Laga,2019,Drama,Anil Kapoor,Sonam Kapoor,Juhi Chawla,Rajkummar Rao",Shelly Chopra Dhar,2018-11-03,"Vinod Chopra Films, Rajkumar Hirani Films","['Rajkummar Rao', 'Juhi Chawla', 'Anil Kapoor', 'Sonam Kapoor']"
Karwaan,"Bollywood movie Karwaan (2018) is Directed By Akarsh Khurana. Staring: Irrfan Khan , Dulquer Salman , Mithila Palkar , Kriti Kharbanda ,",,"Karwaan,2018,Comedy,Irrfan Khan , Dulquer Salman , Mithila Palkar , Kriti Kharbanda ,",Akarsh Khurana,2018-08-25,RSVP Movies,"['Mithila Palkar', 'Dulquer Salman', 'Irrfan Khan', 'Kriti Kharbanda']"
Mercury,"Bollywood movie Mercury (2018) is Directed By Karthik Subbaraj. Staring: Prabhu Deva , Sananth Reddy , Remya Nambeesan ,",,"Mercury,2018,Thriller,Prabhu Deva , Sananth Reddy , Remya Nambeesan ,",Karthik Subbaraj,2018-08-25,Pen India Limited,"['Remya Nambeesan', 'Prabhu Deva', 'Sananth Reddy']"
Mukkabaaz,"Bollywood movie Mukkabaaz (2018) is Directed By Anurag Kashyap. Staring: Vineet Kumar Singh , Zoya Hussain, Ravi Kishan , Jimmy Sheirgill ,",,"Mukkabaaz,2018,Drama,Vineet Kumar Singh , Zoya Hussain, Ravi Kishan , Jimmy Sheirgill ,",Anurag Kashyap,2018-08-25,"Eros International, Colour Yellow Productions","['Jimmy Sheirgill', 'Ravi Kishan', 'Vineet Kumar Singh', 'Zoya Hussain']"
Soorma,"Bollywood movie Soorma (2018) is Directed By Shaad Ali. Staring: Diljit Dosanjh , Taapsee Pannu , Angad Bedi ,",,"Soorma,2018,Biopic,Diljit Dosanjh , Taapsee Pannu , Angad Bedi ,",Shaad Ali,2018-08-25,Sony Pictures,"['Angad Bedi', 'Diljit Dosanjh', 'Taapsee Pannu']"
Kabir Singh,Bollywood movie Kabir Singh (2019) is Directed By Sandeep Vanga. Staring: Shahid Kapoor,,"Kabir Singh,2019,Drama,Shahid Kapoor",Sandeep Vanga,2018-11-03,"T-Series, Cine1 Studios",Shahid Kapoor
Ishq Tera,"Bollywood movie Ishq Tera (2018) is Directed By Jojo D'Souza. Staring: Hrishitaa Bhatt , Mohit Madaan , Mozhgan Taraneh (Irani Star), Shahbaz Khan , Aman Verma , Ganesh Yadav, Manoj Pawha, Salil Naik, Manju Sharma, Pyumori Mehta Ghosh ,",,"Ishq Tera,2018,Thriller,Hrishitaa Bhatt , Mohit Madaan , Mozhgan Taraneh (Irani Star), Shahbaz Khan , Aman Verma , Ganesh Yadav, Manoj Pawha, Salil Naik, Manju Sharma, Pyumori Mehta Ghosh ,",Jojo D'Souza,2018-08-25,Big Banner Entertainment,"['Manoj Pawha', 'Pyumori Mehta Ghosh', 'Hrishitaa Bhatt', 'Manju Sharma', 'Salil Naik', 'Shahbaz Khan', 'Mohit Madaan', 'Aman Verma', 'Ganesh Yadav', 'Mozhgan Taraneh (Irani Star)']"
Brahman Naman,"Bollywood movie Brahman Naman (2016) is Directed By Qaushiq Mukherjee. Staring: Shashank Arora, Sid Mallya, Denzil Smith, Biswa Kalyan Rath, Tanmay Dhananiya, Vaishwath Shankar",,"Brahman Naman,2016,Comedy,Shashank Arora, Sid Mallya, Denzil Smith, Biswa Kalyan Rath, Tanmay Dhananiya, Vaishwath Shankar",Qaushiq Mukherjee,2017-08-27,,"['Denzil Smith', 'Vaishwath Shankar', 'Biswa Kalyan Rath', 'Tanmay Dhananiya', 'Shashank Arora', 'Sid Mallya']"
A Scandall,"Bollywood movie A Scandall (2016) is Directed By Ishaan Shrivedi. Staring: Manav Kaul, Tanvi Vyas",,"A Scandall,2016,Adult,Manav Kaul, Tanvi Vyas",Ishaan Shrivedi,2017-08-27,,"['Manav Kaul', 'Tanvi Vyas']"
Sanam Re,"Bollywood movie Sanam Re (2016) is Directed By Divya Khosla Kumar. Staring: Pulkit Samrat, Yami Gautam, Urvashi Rautela, Rishi Kapoor, Divya Khosla Kumar, Bharti Singh, Shreyas Pardiwalla",,"Sanam Re,2016,Romance,Pulkit Samrat, Yami Gautam, Urvashi Rautela, Rishi Kapoor, Divya Khosla Kumar, Bharti Singh, Shreyas Pardiwalla",Divya Khosla Kumar,2017-08-27,,"['Divya Khosla Kumar', 'Urvashi Rautela', 'Bharti Singh', 'Rishi Kapoor', 'Shreyas Pardiwalla', 'Pulkit Samrat', 'Yami Gautam']"
Traffic,"Bollywood movie Traffic (2016) is Directed By Rajesh Pillai. Staring: Manoj Bajpayee, Jimmy Shergill, Divya Dutta, Kitu Gidwani, Prosenjit Chatterjee, Sachin Khedekar, Nikita Thukral, Vishal Singh, Parambrata Chatterjee",,"Traffic,2016,Thriller,Manoj Bajpayee, Jimmy Shergill, Divya Dutta, Kitu Gidwani, Prosenjit Chatterjee, Sachin Khedekar, Nikita Thukral, Vishal Singh, Parambrata Chatterjee",Rajesh Pillai,2017-08-27,,"['Kitu Gidwani', 'Sachin Khedekar', 'Jimmy Shergill', 'Manoj Bajpayee', 'Nikita Thukral', 'Parambrata Chatterjee', 'Divya Dutta', 'Prosenjit Chatterjee', 'Vishal Singh']"
Paltan,"Bollywood movie Paltan (2018) is Directed By J. P. Dutta. Staring: Jackie Shroff , Sonu Sood , Arjun Rampal , Gurmeet Choudhary , Siddhanth Kapoor , Harshvardhan Rane , Luv Sinha , Esha Gupta , Monica Gill , Sonal Chauhan , Dipika Kakar ,",,"Paltan,2018,Action/War,Jackie Shroff , Sonu Sood , Arjun Rampal , Gurmeet Choudhary , Siddhanth Kapoor , Harshvardhan Rane , Luv Sinha , Esha Gupta , Monica Gill , Sonal Chauhan , Dipika Kakar ,",J. P. Dutta,2018-08-25,"Zee Studios, J P Films","['Sonu Sood', 'Luv Sinha', 'Dipika Kakar', 'Siddhanth Kapoor', 'Arjun Rampal', 'Harshvardhan Rane', 'Esha Gupta', 'Monica Gill', 'Sonal Chauhan', 'Jackie Shroff', 'Gurmeet Choudhary']"
Half Girlfriend,"Bollywood movie Half Girlfriend (2017) is Directed By Mohit Suri. Staring: Arjun Kapoor, Shraddha Kapoor",,"Half Girlfriend,2017,Romance/Drama,Arjun Kapoor, Shraddha Kapoor",Mohit Suri,2017-06-26,,"['Arjun Kapoor', 'Shraddha Kapoor']"
Madaari,"Bollywood movie Madaari (2016) is Directed By Nishikant Kamat. Staring: Irrfan Khan, Jimmy Sheirgill",,"Madaari,2016,Drama,Irrfan Khan, Jimmy Sheirgill",Nishikant Kamat,2017-08-27,,"['Irrfan Khan', 'Jimmy Sheirgill']"
Bajra vs Burger,"Bollywood movie Bajra vs Burger (2018) is Directed By Rajsingh Verma. Staring: Jaising , Baby Sonia Gaitonde , Satyanand Gaitonde ,Dayanand Sabhnani , Khushi Rajpoot , Sandeep aurora ,Michelle D'Alessandro Hatt , Ernest Thomas Hamilton , Rajsingh Verma",,"Bajra vs Burger,2018,Comedy,Jaising , Baby Sonia Gaitonde , Satyanand Gaitonde ,Dayanand Sabhnani , Khushi Rajpoot , Sandeep aurora ,Michelle D'Alessandro Hatt , Ernest Thomas Hamilton , Rajsingh Verma",Rajsingh Verma,2018-08-25,"Blissunlimited,Buds Entertainment, Global Art School, Shirin Nazim Charaniya","['Sandeep aurora', 'Rajsingh Verma', 'Ernest Thomas Hamilton', 'Baby Sonia Gaitonde', 'Jaising', 'Dayanand Sabhnani', 'Satyanand Gaitonde', ""Michelle D'Alessandro Hatt"", 'Khushi Rajpoot']"
Sab Kushal Mangal,"Bollywood movie Sab Kushal Mangal (2020) is Directed By Karan Vishwanath Kashyap. Staring: Akshaye Khanna, Priyaank Sharma and Riva Kishan",,"Sab Kushal Mangal,2020,Drama/Comedy,Akshaye Khanna, Priyaank Sharma and Riva Kishan",Karan Vishwanath Kashyap,2019-11-04,,"['Priyaank Sharma and Riva Kishan', 'Akshaye Khanna']"
Hope Aur Hum,"Bollywood movie Hope Aur Hum (2018) is Directed By Sudip Bandyopadhyay. Staring: Naseeruddin Shah , Sonali Kulkarni , Aamir Bashir ,",,"Hope Aur Hum,2018,Drama,Naseeruddin Shah , Sonali Kulkarni , Aamir Bashir ,",Sudip Bandyopadhyay,2018-08-25,PVR Pictures,"['Sonali Kulkarni', 'Aamir Bashir', 'Naseeruddin Shah']"
Qarib Qarib Singlle,"Bollywood movie Qarib Qarib Singlle (2017) is Directed By Tanuja Chandra . Staring: Irrfan Khan, Parvathy",,"Qarib Qarib Singlle,2017,Drama,Irrfan Khan, Parvathy",Tanuja Chandra,2017-10-15,"Zee Studios, Sutapa Sikdar, Shailja Kejriwal & Ajay Rai","['Parvathy', 'Irrfan Khan']"
Kahaani 2,"Bollywood movie Kahaani 2 (2016) is Directed By Sujoy Ghosh. Staring: Vidya Balan, Arjun Rampal, Jugal Hansraj",,"Kahaani 2,2016,Thriller,Vidya Balan, Arjun Rampal, Jugal Hansraj",Sujoy Ghosh,2017-08-27,,"['Vidya Balan', 'Arjun Rampal', 'Jugal Hansraj']"
Dear Zindagi,"Bollywood movie Dear Zindagi (2016) is Directed By Gauri Shinde. Staring: Alia Bhatt, Shah Rukh Khan, Ira Dubey, Kunal Kapoor",,"Dear Zindagi,2016,Drama,Alia Bhatt, Shah Rukh Khan, Ira Dubey, Kunal Kapoor",Gauri Shinde,2017-08-27,,"['Shah Rukh Khan', 'Alia Bhatt', 'Kunal Kapoor', 'Ira Dubey']"
The Zoya Factor,"Bollywood movie The Zoya Factor (2019) is Directed By Abhishek Sharma. Staring: Sonam Kapoor, Dulquer Salmaan",,"The Zoya Factor,2019,Biopic,Sonam Kapoor, Dulquer Salmaan",Abhishek Sharma,2018-11-03,"Fox Star Studios, Bongo Media","['Dulquer Salmaan', 'Sonam Kapoor']"
Badla,"Bollywood movie Badla (2019) is Directed By Sujoy Ghosh. Staring: Amitabh Bachchan,Taapsee Pannu, Tony Luke, Amrita Singh",,"Badla,2019,Drama,Amitabh Bachchan,Taapsee Pannu, Tony Luke, Amrita Singh",Sujoy Ghosh,2018-11-03,"Red Chillies Entertainment, Azure Entertainment","['Amitabh Bachchan', 'Taapsee Pannu', 'Amrita Singh', 'Tony Luke']"
Ishq Junoon,"Bollywood movie Ishq Junoon (2016) is Directed By Sanjay Sharma. Staring: Rajbeer Singh, Akshay Rangshahi, Divya Singh, Raj Aryan",,"Ishq Junoon,2016,Romantic/Erotic,Rajbeer Singh, Akshay Rangshahi, Divya Singh, Raj Aryan",Sanjay Sharma,2017-08-27,,"['Akshay Rangshahi', 'Rajbeer Singh', 'Raj Aryan', 'Divya Singh']"
Blank,"Bollywood movie Blank (2019) is Directed By Behzad Khambata. Staring: Sunny Deol,Karan Kapadia",,"Blank,2019,Drama,Sunny Deol,Karan Kapadia",Behzad Khambata,2018-11-03,Carnival Pictures,"['Karan Kapadia', 'Sunny Deol']"
Kaabil,"Bollywood movie Kaabil (2017) is Directed By Sanjay Gupta. Staring: Hrithik Roshan, Yami Gautam, Ronit Roy, Rohit Roy Narendra Jha",,"Kaabil,2017,Action/Drama,Hrithik Roshan, Yami Gautam, Ronit Roy, Rohit Roy Narendra Jha",Sanjay Gupta,2017-06-26,,"['Hrithik Roshan', 'Rohit Roy Narendra Jha', 'Yami Gautam', 'Ronit Roy']"
Love Per Square Foot,"Bollywood movie Love Per Square Foot (2018) is Directed By Anand Tiwari. Staring: Vicky Kaushal, Angira Dhar",,"Love Per Square Foot,2018,Romance/Comedy,Vicky Kaushal, Angira Dhar",Anand Tiwari,2017-06-26,,"['Vicky Kaushal', 'Angira Dhar']"
LUPT,"Bollywood movie LUPT (2018) is Directed By Prabhuraj. Staring: Jaaved Jaaferi, Vijay Raaz, Karan Aanand, Meenakshi Dixit, Niki Walia and Rishab Chadha",,"LUPT,2018,Horror,Jaaved Jaaferi, Vijay Raaz, Karan Aanand, Meenakshi Dixit, Niki Walia and Rishab Chadha",Prabhuraj,2018-09-30,Hanwant Khatri and Lalit Kiri,"['Niki Walia and Rishab Chadha', 'Meenakshi Dixit', 'Vijay Raaz', 'Karan Aanand', 'Jaaved Jaaferi']"
Veerappan,"Bollywood movie Veerappan (2016) is Directed By Ram Gopal Varma. Staring: Sandeep Bharadwaj, Lisa Ray, Sachiin Joshi, Zarine Khan, Usha Jadhav",,"Veerappan,2016,Action,Sandeep Bharadwaj, Lisa Ray, Sachiin Joshi, Zarine Khan, Usha Jadhav",Ram Gopal Varma,2017-08-27,,"['Sandeep Bharadwaj', 'Lisa Ray', 'Usha Jadhav', 'Sachiin Joshi', 'Zarine Khan']"
2.0,"Bollywood movie 2.0 (2018) is Directed By S.Shankar. Staring: Rajinikanth , Akshay Kumar , Amy Jackson",,"2.0,2018,Sci-Fi,Rajinikanth , Akshay Kumar , Amy Jackson",S.Shankar,2018-08-25,"Lyca Productions, Karan Johar","['Akshay Kumar', 'Amy Jackson', 'Rajinikanth']"
Hind Ka Napak Ko Jawab: MSG Lion Heart 2,"Bollywood movie Hind Ka Napak Ko Jawab: MSG Lion Heart 2 (2017) is Directed By Gurmeet Ram Rahim Singh. Staring: Gurmeet Ram Rahim Singh, Honeypreet Insan",,"Hind Ka Napak Ko Jawab: MSG Lion Heart 2,2017,Action/Drama,Gurmeet Ram Rahim Singh, Honeypreet Insan",Gurmeet Ram Rahim Singh,2017-06-26,,"['Gurmeet Ram Rahim Singh', 'Honeypreet Insan']"
Kuchh Bheege Alfaaz,"Bollywood movie Kuchh Bheege Alfaaz (2018) is Directed By Onir. Staring: Zain Khan Durrani, Geetanjali Thapa ,",,"Kuchh Bheege Alfaaz,2018,Romance,Zain Khan Durrani, Geetanjali Thapa ,",Onir,2018-08-25,Yoodlee Films,"['Geetanjali Thapa', 'Zain Khan Durrani']"
"Saheb, Biwi Aur Gangster 3","Bollywood movie Saheb, Biwi Aur Gangster 3 (2018) is Directed By Tigmanshu Dhulia. Staring: Sanjay Dutt , Jimmy Sheirgill , Mahi Gill , Chitrangada Singh ,",,"Saheb, Biwi Aur Gangster 3,2018,Drama,Sanjay Dutt , Jimmy Sheirgill , Mahi Gill , Chitrangada Singh ,",Tigmanshu Dhulia,2018-08-25,Wave Cinemas,"['Chitrangada Singh', 'Mahi Gill', 'Sanjay Dutt', 'Jimmy Sheirgill']"
Good Newwz,"Bollywood movie Good Newwz (2019) is Directed By Raj Mehta. Staring: Akshay Kumar,Kareena Kapoor Khan,Diljit Dosanjh,Kiara Advani",,"Good Newwz,2019,Comedy,Akshay Kumar,Kareena Kapoor Khan,Diljit Dosanjh,Kiara Advani",Raj Mehta,2018-11-03,"Dharma Productions, Cape Of Good Films","['Akshay Kumar', 'Diljit Dosanjh', 'Kiara Advani', 'Kareena Kapoor Khan']"
Badrinath Ki Dulhania,"Bollywood movie Badrinath Ki Dulhania (2017) is Directed By Shashank Khaitan. Staring: Varun Dhawan, Alia Bhatt",,"Badrinath Ki Dulhania,2017,Romance/Comedy,Varun Dhawan, Alia Bhatt",Shashank Khaitan,2017-06-26,,"['Varun Dhawan', 'Alia Bhatt']"
Mardaani 2,Bollywood movie Mardaani 2 (2019) is Directed By Gopi Puthran. Staring: Rani Mukerji,,"Mardaani 2,2019,Action/Thriller,Rani Mukerji",Gopi Puthran,2019-10-04,"Yash Raj Films, Aditya Chopra",Rani Mukerji
Dassehra,"Bollywood movie Dassehra (2018) is Directed By Manish Vatsalya. Staring: Neil Nitin Mukesh, Tina Desai",,"Dassehra,2018,Thriller,Neil Nitin Mukesh, Tina Desai",Manish Vatsalya,2018-10-02,Rash Production Pvt. Ltd.,"['Neil Nitin Mukesh', 'Tina Desai']"
Baahubali 2: The Conclusion,"Bollywood movie Baahubali 2: The Conclusion (2017) is Directed By S. S. Rajamouli. Staring: Prabhas, Rana Daggubati, Anushka Shetty, Tamannaah, Ramya Krishnan, Sathyaraj, Nassar",,"Baahubali 2: The Conclusion,2017,Epic/Action,Prabhas, Rana Daggubati, Anushka Shetty, Tamannaah, Ramya Krishnan, Sathyaraj, Nassar",S. S. Rajamouli,2017-06-26,,"['Sathyaraj', 'Rana Daggubati', 'Tamannaah', 'Nassar', 'Anushka Shetty', 'Ramya Krishnan', 'Prabhas']"
Gully Boy,"Bollywood movie Gully Boy (2019) is Directed By Zoya Akhtar. Staring: Ranveer Singh,Alia Bhatt",,"Gully Boy,2019,Biopic,Ranveer Singh,Alia Bhatt",Zoya Akhtar,2018-11-03,"Tiger Baby, Excel Entertainment","['Ranveer Singh', 'Alia Bhatt']"
Dhanak,"Bollywood movie Dhanak (2016) is Directed By Nagesh Kukunoor. Staring: Hetal Gadda, Krrish Chabbria, Vipin Sharma, Vibha Chibber, Vijay Maurya",,"Dhanak,2016,Drama,Hetal Gadda, Krrish Chabbria, Vipin Sharma, Vibha Chibber, Vijay Maurya",Nagesh Kukunoor,2017-08-27,,"['Vibha Chibber', 'Vijay Maurya', 'Krrish Chabbria', 'Vipin Sharma', 'Hetal Gadda']"
Ek Haseena Thi Ek Deewana Tha,"Bollywood movie Ek Haseena Thi Ek Deewana Tha (2017) is Directed By Suneel Darshan. Staring: Shiv Darshan, Natasha Fernandez, Upen Patel",,"Ek Haseena Thi Ek Deewana Tha,2017,Romance,Shiv Darshan, Natasha Fernandez, Upen Patel",Suneel Darshan,2017-06-26,,"['Natasha Fernandez', 'Upen Patel', 'Shiv Darshan']"
The Accidental Prime Minister,"Bollywood movie The Accidental Prime Minister (2018) is Directed By Vijay Ratnakar Gutte. Staring: Anupam Kher , Akshaye Khanna ,",,"The Accidental Prime Minister,2018,Biopic,Anupam Kher , Akshaye Khanna ,",Vijay Ratnakar Gutte,2018-08-25,Bohra Bos International,"['Akshaye Khanna', 'Anupam Kher']"
Super 30,"Bollywood movie Super 30 (2019) is Directed By Vikas Bahl. Staring: Hrithik Roshan,Mrunal Thakur",,"Super 30,2019,Biographical,Hrithik Roshan,Mrunal Thakur",Vikas Bahl,2018-11-03,"Phantom Entertainment, Reliance Entertainment","['Hrithik Roshan', 'Mrunal Thakur']"
Bank Chor,"Bollywood movie Bank Chor (2017) is Directed By Bumpy. Staring: Riteish Deshmukh, Vivek Oberoi, Rhea Chakraborty, Sahil Vaid, Akriti Singh, Bhuvan Arora, Vikram Thapa",,"Bank Chor,2017,Comedy,Riteish Deshmukh, Vivek Oberoi, Rhea Chakraborty, Sahil Vaid, Akriti Singh, Bhuvan Arora, Vikram Thapa",Bumpy,2017-06-26,,"['Vikram Thapa', 'Sahil Vaid', 'Vivek Oberoi', 'Riteish Deshmukh', 'Akriti Singh', 'Bhuvan Arora', 'Rhea Chakraborty']"
Wajah Tum Ho,"Bollywood movie Wajah Tum Ho (2016) is Directed By Vishal Pandya. Staring: Sana Khan, Sharman Joshi, Gurmeet Choudhary",,"Wajah Tum Ho,2016,Romance/Drama,Sana Khan, Sharman Joshi, Gurmeet Choudhary",Vishal Pandya,2017-08-27,,"['Sharman Joshi', 'Sana Khan', 'Gurmeet Choudhary']"
Coffee with D,"Bollywood movie Coffee with D (2017) is Directed By Vishal Mishra. Staring: Sunil Grover, Anjana Sukhani, Dipannita Sharma, Rajesh Sharma, Zakir Hussain, Pankaj Tripathi",,"Coffee with D,2017,Comedy/Crime,Sunil Grover, Anjana Sukhani, Dipannita Sharma, Rajesh Sharma, Zakir Hussain, Pankaj Tripathi",Vishal Mishra,2017-06-26,,"['Rajesh Sharma', 'Sunil Grover', 'Pankaj Tripathi', 'Zakir Hussain', 'Dipannita Sharma', 'Anjana Sukhani']"
Fitoor,"Bollywood movie Fitoor (2016) is Directed By Abhishek Kapoor. Staring: Aditya Roy Kapoor, Katrina Kaif, Tabu, Ajay Devgn, Aditi Rao Hydari, Akshay Oberoi, Lara Dutta, Rahul Bhatt",,"Fitoor,2016,Romance/Drama,Aditya Roy Kapoor, Katrina Kaif, Tabu, Ajay Devgn, Aditi Rao Hydari, Akshay Oberoi, Lara Dutta, Rahul Bhatt",Abhishek Kapoor,2017-08-27,,"['Aditya Roy Kapoor', 'Tabu', 'Akshay Oberoi', 'Aditi Rao Hydari', 'Katrina Kaif', 'Rahul Bhatt', 'Lara Dutta', 'Ajay Devgn']"
Aiyaary,"Bollywood movie Aiyaary (2018) is Directed By Neeraj Pandey. Staring: Sidharth Malhotra , Manoj Bajpayee , Rakul Preet Singh ,Pooja Chopra , Anupam Kher , Naseeruddin Shah ,",,"Aiyaary,2018,Drama,Sidharth Malhotra , Manoj Bajpayee , Rakul Preet Singh ,Pooja Chopra , Anupam Kher , Naseeruddin Shah ,",Neeraj Pandey,2018-08-25,Reliance Entertainment,"['Rakul Preet Singh', 'Manoj Bajpayee', 'Anupam Kher', 'Naseeruddin Shah', 'Pooja Chopra', 'Sidharth Malhotra']"
Raja Abroadiya,"Bollywood movie Raja Abroadiya (2018) is Directed By Lakhwinder Shabla. Staring: Robin Sohi, Vaishnavi Patwardhan,",,"Raja Abroadiya,2018,Comedy,Robin Sohi, Vaishnavi Patwardhan,",Lakhwinder Shabla,2018-08-25,Shabla Films,"['Vaishnavi Patwardhan', 'Robin Sohi']"
Mukti Bhawan,"Bollywood movie Mukti Bhawan (2017) is Directed By Shubhashish Bhutiani. Staring: Adil Hussain, Lalit Behl, Navnindra Behl",,"Mukti Bhawan,2017,Drama,Adil Hussain, Lalit Behl, Navnindra Behl",Shubhashish Bhutiani,2017-06-26,,"['Adil Hussain', 'Navnindra Behl', 'Lalit Behl']"
Sachin: A Billion Dreams,Bollywood movie Sachin: A Billion Dreams (2017) is Directed By James Erskine. Staring: Sachin Tendulkar,,"Sachin: A Billion Dreams,2017,Biopic,Sachin Tendulkar",James Erskine,2017-06-26,,Sachin Tendulkar
2016 The End,"Bollywood movie 2016 The End (2017) is Directed By Jaideep Chopra. Staring: Priya Banerjee, Harshad Chopra, Kiku Sharda, Rahul Roy, Divyendu Sharma",,"2016 The End,2017,Comedy/Drama,Priya Banerjee, Harshad Chopra, Kiku Sharda, Rahul Roy, Divyendu Sharma",Jaideep Chopra,2017-09-16,"Jaideep Chopra, Sakshi Chopra, Shikha Parashar Pakhare","['Kiku Sharda', 'Priya Banerjee', 'Harshad Chopra', 'Divyendu Sharma', 'Rahul Roy']"
Aligarh,"Bollywood movie Aligarh (2016) is Directed By Hansal Mehta. Staring: Manoj Bajpayee, Rajkummar Rao",,"Aligarh,2016,Biopic/Drama,Manoj Bajpayee, Rajkummar Rao",Hansal Mehta,2017-08-27,,"['Rajkummar Rao', 'Manoj Bajpayee']"
Ekta,"Bollywood movie Ekta (2018) is Directed By Suman Reddy. Staring: Navneet Kaur Dhillon , Robin Sohi, Avneet Kaur , Salil Ankola , Pranati Rai Prakash , Rushad Rana ,",,"Ekta,2018,Horror/Thriller,Navneet Kaur Dhillon , Robin Sohi, Avneet Kaur , Salil Ankola , Pranati Rai Prakash , Rushad Rana ,",Suman Reddy,2018-08-25,BS Production House,"['Avneet Kaur', 'Salil Ankola', 'Navneet Kaur Dhillon', 'Robin Sohi', 'Rushad Rana', 'Pranati Rai Prakash']"
Beyond the Clouds,"Bollywood movie Beyond the Clouds (2018) is Directed By Majid Majidi. Staring: Ishaan Khatter , Malavika Mohanan ,",,"Beyond the Clouds,2018,Drama,Ishaan Khatter , Malavika Mohanan ,",Majid Majidi,2018-08-25,Zee Studios,"['Ishaan Khatter', 'Malavika Mohanan']"
Total Dhamaal,"Bollywood movie Total Dhamaal (2019) is Directed By Indra Kumar. Staring: Madhuri Dixit , Ajay Devgn , Anil Kapoor , Riteish Deshmukh , Arshad Warsi , Jaaved Jaaferi , Aashish Chaudhary , Niharica Raizada ,",,"Total Dhamaal,2019,Comedy,Madhuri Dixit , Ajay Devgn , Anil Kapoor , Riteish Deshmukh , Arshad Warsi , Jaaved Jaaferi , Aashish Chaudhary , Niharica Raizada ,",Indra Kumar,2018-08-25,Fox Star Studios,"['Ajay Devgn', 'Riteish Deshmukh', 'Niharica Raizada', 'Anil Kapoor', 'Aashish Chaudhary', 'Arshad Warsi', 'Madhuri Dixit', 'Jaaved Jaaferi']"
Ghayal Once Again,"Bollywood movie Ghayal Once Again (2016) is Directed By Sunny Deol. Staring: Sunny Deol, Soha Ali Khan, Aanchal Munjal, Daina Khan, Shivam Patil, Rishabh Arora, Abhilash Kumar",,"Ghayal Once Again,2016,Drama-Action,Sunny Deol, Soha Ali Khan, Aanchal Munjal, Daina Khan, Shivam Patil, Rishabh Arora, Abhilash Kumar",Sunny Deol,2017-08-27,,"['Rishabh Arora', 'Abhilash Kumar', 'Aanchal Munjal', 'Soha Ali Khan', 'Daina Khan', 'Sunny Deol', 'Shivam Patil']"
Luv U Alia,"Bollywood movie Luv U Alia (2016) is Directed By Indrajit Lankesh. Staring: Bhumika Chawla, V. Ravichandran, Sudeep, Sunny Leone, Chandan Kumar, Sangeeta Chauhan",,"Luv U Alia,2016,Romance,Bhumika Chawla, V. Ravichandran, Sudeep, Sunny Leone, Chandan Kumar, Sangeeta Chauhan",Indrajit Lankesh,2017-08-27,,"['Sangeeta Chauhan', 'V. Ravichandran', 'Chandan Kumar', 'Bhumika Chawla', 'Sudeep', 'Sunny Leone']"
Dhadak,"Bollywood movie Dhadak (2018) is Directed By Shashank Khaitan. Staring: Ishaan Khatter , Jhanvi Kapoor,",,"Dhadak,2018,Drama,Ishaan Khatter , Jhanvi Kapoor,",Shashank Khaitan,2018-08-25,Dharma Productions,"['Jhanvi Kapoor', 'Ishaan Khatter']"
Ek Kahani Julie Ki,Bollywood movie Ek Kahani Julie Ki (2016) is Directed By Aziz Zee. Staring: Rakhi Sawant,,"Ek Kahani Julie Ki,2016,Thriller,Rakhi Sawant",Aziz Zee,2017-08-27,,Rakhi Sawant
Laal Rang,"Bollywood movie Laal Rang (2016) is Directed By Syed Ahmad Afzal. Staring: Randeep Hooda, Akshay Oberoi, Rajneesh Duggal, Piaa Bajpai, Minakkshi Kalitha",,"Laal Rang,2016,Action,Randeep Hooda, Akshay Oberoi, Rajneesh Duggal, Piaa Bajpai, Minakkshi Kalitha",Syed Ahmad Afzal,2017-08-27,,"['Rajneesh Duggal', 'Akshay Oberoi', 'Piaa Bajpai', 'Minakkshi Kalitha', 'Randeep Hooda']"
Rebellious Flower,"Bollywood movie Rebellious Flower (2016) is Directed By Krishan Hooda. Staring: Prince Shah, Shashank Singh, Mantra Mugdha, Kirti Adarkar, Bachchan Pachera, Shaneel Sinha",,"Rebellious Flower,2016,Biopic,Prince Shah, Shashank Singh, Mantra Mugdha, Kirti Adarkar, Bachchan Pachera, Shaneel Sinha",Krishan Hooda,2017-08-27,,"['Prince Shah', 'Shashank Singh', 'Kirti Adarkar', 'Mantra Mugdha', 'Bachchan Pachera', 'Shaneel Sinha']"
Poster Boys,"Bollywood movie Poster Boys (2017) is Directed By Shreyas Talpade. Staring: Sunny Deol, Shreyas Talpade, Bobby Deol",,"Poster Boys,2017,Comedy,Sunny Deol, Shreyas Talpade, Bobby Deol",Shreyas Talpade,2017-06-26,,"['Shreyas Talpade', 'Sunny Deol', 'Bobby Deol']"
Jalebi,"Bollywood movie Jalebi (2018) is Directed By Pushpdeep Bhardwaj. Staring: Rhea Chakraborty , Digangana Suryavanshi , Varun Mitra,",,"Jalebi,2018,Drama,Rhea Chakraborty , Digangana Suryavanshi , Varun Mitra,",Pushpdeep Bhardwaj,2018-08-25,Vishesh Films,"['Varun Mitra', 'Digangana Suryavanshi', 'Rhea Chakraborty']"
Sanju,"Bollywood movie Sanju (2018) is Directed By Rajkumar Hirani. Staring: Ranbir Kapoor , Sonam Kapoor , Dia Mirza , Paresh Rawal ,Manisha Koirala , Anushka Sharma ,",,"Sanju,2018,Biopic,Ranbir Kapoor , Sonam Kapoor , Dia Mirza , Paresh Rawal ,Manisha Koirala , Anushka Sharma ,",Rajkumar Hirani,2018-08-25,"Rajkumar Hirani Films, Vinod Chopra Films","['Anushka Sharma', 'Manisha Koirala', 'Ranbir Kapoor', 'Sonam Kapoor', 'Dia Mirza', 'Paresh Rawal']"
Happy Phirr Bhag Jayegi,"Bollywood movie Happy Phirr Bhag Jayegi (2018) is Directed By Mudassar Aziz. Staring: Sonakshi Sinha , Diana Penty , Ali Fazal , Jimmy Shergill ,Jassi Gill ,",,"Happy Phirr Bhag Jayegi,2018,Comedy,Sonakshi Sinha , Diana Penty , Ali Fazal , Jimmy Shergill ,Jassi Gill ,",Mudassar Aziz,2018-08-25,"Eros International, Colour Yellow Productions","['Jimmy Shergill', 'Jassi Gill', 'Ali Fazal', 'Diana Penty', 'Sonakshi Sinha']"
Banjo,"Bollywood movie Banjo (2016) is Directed By Ravi Jadhav. Staring: Riteish Deshmukh, Nargis Fakhri , Dharmesh Yelande ,",,"Banjo,2016,Comedy/Drama,Riteish Deshmukh, Nargis Fakhri , Dharmesh Yelande ,",Ravi Jadhav,2017-08-27,,"['Riteish Deshmukh', 'Dharmesh Yelande', 'Nargis Fakhri']"
Daddy,"Bollywood movie Daddy (2017) is Directed By Ashim Ahluwalia. Staring: Arjun Rampal, Aishwarya Rajesh, Nishikant Kamat, Anand Ingale",,"Daddy ,2017,Biography,Arjun Rampal, Aishwarya Rajesh, Nishikant Kamat, Anand Ingale",Ashim Ahluwalia,2017-08-19,"Arjun Rampal, Rutvij Patel","['Aishwarya Rajesh', 'Anand Ingale', 'Arjun Rampal', 'Nishikant Kamat']"
Indu Sarkar,"Bollywood movie Indu Sarkar (2017) is Directed By Madhur Bhandarkar. Staring: Anupam Kher, Neil Nitin Mukesh, Kirti Kulhari, Tota Roy Chowdhury",,"Indu Sarkar,2017,Drama,Anupam Kher, Neil Nitin Mukesh, Kirti Kulhari, Tota Roy Chowdhury",Madhur Bhandarkar,2017-06-26,,"['Neil Nitin Mukesh', 'Kirti Kulhari', 'Tota Roy Chowdhury', 'Anupam Kher']"
Jack & Dil,"Bollywood movie Jack & Dil (2018) is Directed By Sachin P. Karande. Staring: Amit Sadh, Arbaaz Khan, Sonal Chauhan, Evelyn Sharma, Rajdeep Choudhury, Sachin Parekh & Rajeev Mehera",,"Jack & Dil,2018,Comedy,Amit Sadh, Arbaaz Khan, Sonal Chauhan, Evelyn Sharma, Rajdeep Choudhury, Sachin Parekh & Rajeev Mehera",Sachin P. Karande,2018-11-02,Sagar S. Sinagare,"['Evelyn Sharma', 'Amit Sadh', 'Sachin Parekh & Rajeev Mehera', 'Rajdeep Choudhury', 'Arbaaz Khan', 'Sonal Chauhan']"
Rocky Handsome,"Bollywood movie Rocky Handsome (2016) is Directed By Nishikant Kamat. Staring: John Abraham, Shruti Haasan, Nathalia Kaur",,"Rocky Handsome,2016,Action,John Abraham, Shruti Haasan, Nathalia Kaur",Nishikant Kamat,2017-08-27,,"['John Abraham', 'Nathalia Kaur', 'Shruti Haasan']"
Jab Harry Met Sejal,"Bollywood movie Jab Harry Met Sejal (2017) is Directed By Imtiaz Ali. Staring: Shah Rukh Khan, Anushka Sharma",,"Jab Harry Met Sejal,2017,Romance,Shah Rukh Khan, Anushka Sharma",Imtiaz Ali,2017-06-26,,"['Shah Rukh Khan', 'Anushka Sharma']"
Runningshaadi.com,"Bollywood movie Runningshaadi.com (2017) is Directed By Amit Roy. Staring: Amit Sadh, Taapsee Pannu",,"Runningshaadi.com,2017,Drama,Amit Sadh, Taapsee Pannu",Amit Roy,2017-06-26,,"['Taapsee Pannu', 'Amit Sadh']"
Dangal,"Bollywood movie Dangal (2016) is Directed By Nitesh Tiwari. Staring: Aamir Khan, Sakshi Tanwar, Fatima Sana Shaikh, Sanya Malhotra, Zaira Wasim",,"Dangal,2016,Biopic,Aamir Khan, Sakshi Tanwar, Fatima Sana Shaikh, Sanya Malhotra, Zaira Wasim",Nitesh Tiwari,2017-08-27,,"['Fatima Sana Shaikh', 'Zaira Wasim', 'Sanya Malhotra', 'Aamir Khan', 'Sakshi Tanwar']"
Meri Pyaari Bindu,"Bollywood movie Meri Pyaari Bindu (2017) is Directed By Akshay Roy. Staring: Ayushmann Khurrana, Parineeti Chopra",,"Meri Pyaari Bindu,2017,Romance,Ayushmann Khurrana, Parineeti Chopra",Akshay Roy,2017-06-26,,"['Parineeti Chopra', 'Ayushmann Khurrana']"
Marjaavaan,"Bollywood movie Marjaavaan (2019) is Directed By Milap Zaveri. Staring: Riteish Deshmukh, Sidharth Malhotra, Tara Sutaria and Rakul Preet Singh",,"Marjaavaan,2019,Action/Comedy/Drama,Riteish Deshmukh, Sidharth Malhotra, Tara Sutaria and Rakul Preet Singh",Milap Zaveri,2019-09-30,"Bhushan Kumar, Divya Khosla Kumar, Krishan Kumar (T-Series) and Monisha Advani, Madhu Bhojwani and Nikkhil Advani (Emmay Entertainment)","['Riteish Deshmukh', 'Sidharth Malhotra', 'Tara Sutaria and Rakul Preet Singh']"
3 Storeys,"Bollywood movie 3 Storeys (2018) is Directed By Arjun Mukherjee. Staring: Richa Chaddha , Pulkit Samrat , Sharman Joshi , Renuka Shahane , Masumeh Makhija , Laksh Singh, Aisha Ahmed, Ankit Rathi,",,"3 Storeys,2018,Thriller,Richa Chaddha , Pulkit Samrat , Sharman Joshi , Renuka Shahane , Masumeh Makhija , Laksh Singh, Aisha Ahmed, Ankit Rathi,",Arjun Mukherjee,2018-08-25,Excel Entertainment,"['Renuka Shahane', 'Laksh Singh', 'Aisha Ahmed', 'Masumeh Makhija', 'Pulkit Samrat', 'Sharman Joshi', 'Ankit Rathi', 'Richa Chaddha']"
Ishq Forever,"Bollywood movie Ishq Forever (2016) is Directed By Sameer Sippy. Staring: Krishna Chaturvedi, Ruhi Singh, Javed Jaffrey, Lisa Ray",,"Ishq Forever,2016,Drama,Krishna Chaturvedi, Ruhi Singh, Javed Jaffrey, Lisa Ray",Sameer Sippy,2017-08-27,,"['Lisa Ray', 'Ruhi Singh', 'Javed Jaffrey', 'Krishna Chaturvedi']"
Manikarnika: The Queen of Jhansi,"Bollywood movie Manikarnika: The Queen of Jhansi (2019) is Directed By Krish. Staring: Kangana Ranaut,Sonu Sood,Ankita Lokhande,Vaibhav Tatwawaadi,Atul Kulkarni",,"Manikarnika: The Queen of Jhansi,2019,Biographical,Kangana Ranaut,Sonu Sood,Ankita Lokhande,Vaibhav Tatwawaadi,Atul Kulkarni",Krish,2018-11-03,"Kairos Kontent Studios, Zee Studios","['Ankita Lokhande', 'Sonu Sood', 'Kangana Ranaut', 'Atul Kulkarni', 'Vaibhav Tatwawaadi']"
Bachche Kachche Sachche,"Bollywood movie Bachche Kachche Sachche (2017) is Directed By Ravi Sadasiv. Staring: Anna Hazare(cameo role), Ekta Singh, Ashish Vidyarthi, Mukesh Tiwari",,"Bachche Kachche Sachche,2017,Children/Drama,Anna Hazare(cameo role), Ekta Singh, Ashish Vidyarthi, Mukesh Tiwari",Ravi Sadasiv,2017-06-26,,"['Anna Hazare(cameo role)', 'Ekta Singh', 'Ashish Vidyarthi', 'Mukesh Tiwari']"
Satyameva Jayate,"Bollywood movie Satyameva Jayate (2018) is Directed By Milap Zaveri. Staring: John Abraham , Manoj Bajpayee , Aisha Sharma, Taimoor Nadeem,",,"Satyameva Jayate,2018,Action/Thriller,John Abraham , Manoj Bajpayee , Aisha Sharma, Taimoor Nadeem,",Milap Zaveri,2018-08-25,"T Series, Emmay Entertainment","['Manoj Bajpayee', 'John Abraham', 'Aisha Sharma', 'Taimoor Nadeem']"
Thappad,"Bollywood movie Thappad (2020) is Directed By Anubhav Sinha. Staring: Taapsee Pannu, Pavail Gulati",,"Thappad,2020,Drama,Taapsee Pannu, Pavail Gulati",Anubhav Sinha,2020-02-20,"Benaras Media Works, T-Series","['Taapsee Pannu', 'Pavail Gulati']"
The Sky Is Pink,"Bollywood movie The Sky Is Pink (2019) is Directed By Shonali Bose. Staring: Priyanka Chopra, Farhan Akhtar, Zaira Wasim, Rohit Suresh Sara from",,"The Sky Is Pink,2019,Biopic, Priyanka Chopra, Farhan Akhtar, Zaira Wasim, Rohit Suresh Sara from",Shonali Bose,2019-10-11,"Purple Pebble Pictures, RSVP Movies, Roy Kapur Films","['Priyanka Chopra', 'Farhan Akhtar', 'Rohit Suresh Sara from', 'Zaira Wasim']"
Love You Family,"Bollywood movie Love You Family (2017) is Directed By Sachindra Sharma. Staring: Salman Yusuff Khan, Aksha Pardasany, Kashyap, Shakti Kapoor, Manoj Joshi",,"Love You Family,2017,Drama,Salman Yusuff Khan, Aksha Pardasany, Kashyap, Shakti Kapoor, Manoj Joshi",Sachindra Sharma,2017-06-26,,"['Shakti Kapoor', 'Salman Yusuff Khan', 'Aksha Pardasany', 'Manoj Joshi', 'Kashyap']"
Khel Toh Ab Shuru Hoga,"Bollywood movie Khel Toh Ab Shuru Hoga (2016) is Directed By Kunal V Singh. Staring: Ruslaan Mumtaz, Devshi Khanduri",,"Khel Toh Ab Shuru Hoga,2016,Action,Ruslaan Mumtaz, Devshi Khanduri",Kunal V Singh,2017-08-27,,"['Ruslaan Mumtaz', 'Devshi Khanduri']"
A Flying Jatt,"Bollywood movie A Flying Jatt (2016) is Directed By Remo D'Souza. Staring: Tiger Shroff, Jacqueline Fernandez, Nathan Jones, Kay Kay Menon, Amrita Singh, Shraddha Kapoor",,"A Flying Jatt,2016,Action/Comedy,Tiger Shroff, Jacqueline Fernandez, Nathan Jones, Kay Kay Menon, Amrita Singh, Shraddha Kapoor",Remo D'Souza,2017-08-27,,"['Jacqueline Fernandez', 'Kay Kay Menon', 'Amrita Singh', 'Shraddha Kapoor', 'Tiger Shroff', 'Nathan Jones']"
Hichki,Bollywood movie Hichki (2018) is Directed By Siddharth P Malhotra. Staring: Rani Mukerji,,"Hichki,2018,Drama,Rani Mukerji",Siddharth P Malhotra,2018-08-25,Yash Raj Films,Rani Mukerji
Shaadi Mein Zaroor Aana,Bollywood movie Shaadi Mein Zaroor Aana (2017) is Directed By Ratnaa Sinha. Staring: Rajkummar Rao and Kriti Kharbanda,,"Shaadi Mein Zaroor Aana,2017,Romantic/Drama,Rajkummar Rao and Kriti Kharbanda",Ratnaa Sinha,2017-10-13,Vinod Bachchan,Rajkummar Rao and Kriti Kharbanda
Radhe,Bollywood movie Radhe (2020) is Directed By Prabhu Deva. Staring: Salman Khan,,"Radhe,2020,Action,Salman Khan",Prabhu Deva,2019-10-18,"Salman Khan Films, Sohail Khan Productions and Reel Life Production Private Limited",Salman Khan
Rock On 2,"Bollywood movie Rock On 2 (2016) is Directed By Sujaat Saudagar. Staring: Farhan Akhtar, Arjun Rampal, Purab Kohli, Shraddha Kapoor, Prachi Desai, Shashank Arora, Shahana Goswami",,"Rock On 2,2016,Drama,Farhan Akhtar, Arjun Rampal, Purab Kohli, Shraddha Kapoor, Prachi Desai, Shashank Arora, Shahana Goswami",Sujaat Saudagar,2017-08-27,,"['Farhan Akhtar', 'Shahana Goswami', 'Prachi Desai', 'Purab Kohli', 'Shraddha Kapoor', 'Arjun Rampal', 'Shashank Arora']"
Maatr,"Bollywood movie Maatr (2017) is Directed By Ashtar Sayed. Staring: Raveena Tandon, Saheem Khan",,"Maatr,2017,Thriller/Drama,Raveena Tandon, Saheem Khan",Ashtar Sayed,2017-06-26,,"['Saheem Khan', 'Raveena Tandon']"
Simran,"Bollywood movie Simran (2017) is Directed By Hansal Mehta. Staring: Kangana Ranaut, Sohum Shah",,"Simran,2017,Drama,Kangana Ranaut, Sohum Shah",Hansal Mehta,2017-06-26,,"['Sohum Shah', 'Kangana Ranaut']"
Mr. Kabaadi,"Bollywood movie Mr. Kabaadi (2017) is Directed By Seema Kapoor. Staring: Anup Jalota, Sukhwinder Singh, Shaan, Javed Ali, Madhushree",,"Mr. Kabaadi,2017,Comedy/Drama, Anup Jalota, Sukhwinder Singh, Shaan, Javed Ali, Madhushree",Seema Kapoor,2017-09-08,,"['Shaan', 'Anup Jalota', 'Javed Ali', 'Sukhwinder Singh', 'Madhushree']"
Munna Michael,"Bollywood movie Munna Michael (2017) is Directed By Sabbir Khan. Staring: Tiger Shroff, Nawazuddin Siddiqui, Nidhhi Agerwal",,"Munna Michael,2017,Action/Romance,Tiger Shroff, Nawazuddin Siddiqui, Nidhhi Agerwal",Sabbir Khan,2017-06-26,,"['Nidhhi Agerwal', 'Nawazuddin Siddiqui', 'Tiger Shroff']"
The Final Exit,"Bollywood movie The Final Exit (2017) is Directed By Dhwanil Mehta. Staring: Kunaal Roy Kapu,r Archana Shastry, Elena Kazan, Reyhna Malhotra, Scarlett Wilson",,"The Final Exit,2017,Thriller,Kunaal Roy Kapu,r Archana Shastry, Elena Kazan, Reyhna Malhotra, Scarlett Wilson",Dhwanil Mehta,2017-09-14,Mars Entertainment Group,"['r Archana Shastry', 'Scarlett Wilson', 'Reyhna Malhotra', 'Kunaal Roy Kapu', 'Elena Kazan']"
Sonu Ke Titu Ki Sweety,"Bollywood movie Sonu Ke Titu Ki Sweety (2018) is Directed By Luv Ranjan. Staring: Kartik Aaryan , Nushrat Bharucha , Sunny Nijar ,",,"Sonu Ke Titu Ki Sweety,2018,Drama,Kartik Aaryan , Nushrat Bharucha , Sunny Nijar ,",Luv Ranjan,2018-08-25,"T-Series, Luv Films","['Sunny Nijar', 'Nushrat Bharucha', 'Kartik Aaryan']"
Hanuman Da' Damdaar,"Bollywood movie Hanuman Da' Damdaar (2017) is Directed By Ruchi Narain. Staring: Salman Khan, Raveena Tandon, Kunal Khemu, Chunky Pandey",,"Hanuman Da' Damdaar,2017,Animation,Salman Khan, Raveena Tandon, Kunal Khemu, Chunky Pandey",Ruchi Narain,2017-06-26,,"['Chunky Pandey', 'Salman Khan', 'Kunal Khemu', 'Raveena Tandon']"
Love Shhuda,"Bollywood movie Love Shhuda (2016) is Directed By Vaibhav Mishra. Staring: Girish Kumar, Navneet Kaur Dhillon, Benaf Dadachandji, Yash Pandit",,"Love Shhuda,2016,Romance,Girish Kumar, Navneet Kaur Dhillon, Benaf Dadachandji, Yash Pandit",Vaibhav Mishra,2017-08-27,,"['Navneet Kaur Dhillon', 'Girish Kumar', 'Benaf Dadachandji', 'Yash Pandit']"
Jeena Isi Ka Naam Hai,"Bollywood movie Jeena Isi Ka Naam Hai (2017) is Directed By Keshhav Panneriy. Staring: Arbaaz Khan, Manjari Fadnis, Himansh Kohli, Supriya Pathak, Ashutosh Rana, Rati Agnihotri, Prem Chopra",,"Jeena Isi Ka Naam Hai,2017,Romance/Drama,Arbaaz Khan, Manjari Fadnis, Himansh Kohli, Supriya Pathak, Ashutosh Rana, Rati Agnihotri, Prem Chopra",Keshhav Panneriy,2017-06-26,,"['Prem Chopra', 'Himansh Kohli', 'Rati Agnihotri', 'Ashutosh Rana', 'Supriya Pathak', 'Manjari Fadnis', 'Arbaaz Khan']"
Gurgaon,"Bollywood movie Gurgaon (2017) is Directed By Shanker Raman. Staring: Akshay Oberoi, Ragini Khanna, Pankaj Tripathi, Aamir Bashir, Shalini Vatsa, Srinivas Sunderrajan",,"Gurgaon,2017,Neo-noir,Akshay Oberoi, Ragini Khanna, Pankaj Tripathi, Aamir Bashir, Shalini Vatsa, Srinivas Sunderrajan",Shanker Raman,2018-08-20,JAR Pictures,"['Shalini Vatsa', 'Srinivas Sunderrajan', 'Pankaj Tripathi', 'Ragini Khanna', 'Akshay Oberoi', 'Aamir Bashir']"
Teraa Surroor,"Bollywood movie Teraa Surroor (2016) is Directed By Shawn Arranha. Staring: Himesh Reshammiya, Farah Karimi, Monica Dogra, Naseeruddin Shah, Shekhar Kapur",,"Teraa Surroor,2016,Action/Romance/Thriller,Himesh Reshammiya, Farah Karimi, Monica Dogra, Naseeruddin Shah, Shekhar Kapur",Shawn Arranha,2017-08-27,,"['Monica Dogra', 'Shekhar Kapur', 'Himesh Reshammiya', 'Farah Karimi', 'Naseeruddin Shah']"
Santa Banta Pvt Ltd,"Bollywood movie Santa Banta Pvt Ltd (2016) is Directed By Akashdeep Sabir. Staring: Vir Das, Boman Irani, Ram Kapoor, Neha Dhupia, Lisa Haydon",,"Santa Banta Pvt Ltd,2016,Comedy,Vir Das, Boman Irani, Ram Kapoor, Neha Dhupia, Lisa Haydon",Akashdeep Sabir,2017-08-27,,"['Neha Dhupia', 'Ram Kapoor', 'Vir Das', 'Boman Irani', 'Lisa Haydon']"
Tanhaji,"Bollywood movie Tanhaji (2020) is Directed By Om Raut. Staring: Ajay Devgn, Saif Ali Khan, Kajol",,"Tanhaji,2020,Action/Drama,Ajay Devgn, Saif Ali Khan, Kajol",Om Raut,2019-10-21,"Ajay Devgn FFilms, TSeries","['Kajol', 'Saif Ali Khan', 'Ajay Devgn']"
Jai Gangaajal,"Bollywood movie Jai Gangaajal (2016) is Directed By Prakash Jha. Staring: Priyanka Chopra, Anuj Aggarwal, Prakash Jha, Rahul Bhatt",,"Jai Gangaajal,2016,Action/Drama,Priyanka Chopra, Anuj Aggarwal, Prakash Jha, Rahul Bhatt",Prakash Jha,2017-08-27,,"['Anuj Aggarwal', 'Rahul Bhatt', 'Prakash Jha', 'Priyanka Chopra']"
Commandos 3,"Bollywood movie Commandos 3 (2019) is Directed By Aditya Datt. Staring: Vidyut Jammwal, Adah Sharma, and Angira Dhar",,"Commandos 3,2019,Action,Vidyut Jammwal, Adah Sharma, and Angira Dhar",Aditya Datt,2019-10-22,"Reliance Entertainment, Motion Pictures Capital,","['Adah Sharma', 'and Angira Dhar', 'Vidyut Jammwal']"
B.A. Pass-2,"Bollywood movie B.A. Pass-2 (2017) is Directed By Shadab Khan. Staring: Kritika Sachdeva, Sasho, Indranil Sengupta, Aarav Choudhary, Sanghmitra, Saurabh Dubey",,"B.A. Pass-2,2017,DRAMA,Kritika Sachdeva, Sasho, Indranil Sengupta, Aarav Choudhary, Sanghmitra, Saurabh Dubey",Shadab Khan,2017-09-13,Narendra Singh & Aastha Naad - FILMYBOX,"['Sanghmitra', 'Sasho', 'Aarav Choudhary', 'Kritika Sachdeva', 'Indranil Sengupta', 'Saurabh Dubey']"
Made In China,"Bollywood movie Made In China (2019) is Directed By Mikhil Musale. Staring: Rajkummar Rao,Mouni Roy,Boman Irani",,"Made In China,2019,Drama,Rajkummar Rao,Mouni Roy,Boman Irani",Mikhil Musale,2018-11-03,Maddock Films,"['Rajkummar Rao', 'Boman Irani', 'Mouni Roy']"
Kutumb The Family,"Bollywood movie Kutumb The Family (2017) is Directed By Amit Shree Yadav. Staring: Alok Nath, Rajpal Yadav",,"Kutumb The Family,2017,Drama,Alok Nath, Rajpal Yadav",Amit Shree Yadav,2017-06-26,,"['Alok Nath', 'Rajpal Yadav']"
Commando 2,"Bollywood movie Commando 2 (2017) is Directed By Deven Bhojani. Staring: Vidyut Jammwal, Adil Hussain, Adah Sharma, Esha Gupta, Freddy Daruwala",,"Commando 2,2017,Action,Vidyut Jammwal, Adil Hussain, Adah Sharma, Esha Gupta, Freddy Daruwala",Deven Bhojani,2017-06-26,,"['Adil Hussain', 'Vidyut Jammwal', 'Freddy Daruwala', 'Adah Sharma', 'Esha Gupta']"
Bhoomi,"Bollywood movie Bhoomi (2017) is Directed By Omung Kumar. Staring: Sanjay Dutt, Aditi Rao Hydari",,"Bhoomi,2017,Action/Drama,Sanjay Dutt, Aditi Rao Hydari",Omung Kumar,2017-06-26,,"['Aditi Rao Hydari', 'Sanjay Dutt']"
Raman Raghav 2.0,"Bollywood movie Raman Raghav 2.0 (2016) is Directed By Anurag Kashyap. Staring: Nawazuddin Siddiqui, Vicky Kaushal, Sobhita Dhulipala",,"Raman Raghav 2.0,2016,Crime/Thriller,Nawazuddin Siddiqui, Vicky Kaushal, Sobhita Dhulipala",Anurag Kashyap,2017-08-27,,"['Vicky Kaushal', 'Nawazuddin Siddiqui', 'Sobhita Dhulipala']"
Hindi Medium,"Bollywood movie Hindi Medium (2017) is Directed By Saket Chaudhary. Staring: Irrfan Khan, Saba Qamar, Deepak Dobriyal",,"Hindi Medium,2017,Drama/Romance,Irrfan Khan, Saba Qamar, Deepak Dobriyal",Saket Chaudhary,2017-06-26,,"['Saba Qamar', 'Irrfan Khan', 'Deepak Dobriyal']"
Nanu Ki Jaanu,"Bollywood movie Nanu Ki Jaanu (2018) is Directed By Faraz Haider. Staring: Patralekhaa , Abhay Deol , Sapna Chaudhary,",,"Nanu Ki Jaanu,2018,Comedy,Patralekhaa , Abhay Deol , Sapna Chaudhary,",Faraz Haider,2018-08-25,Inbox Pictures,"['Abhay Deol', 'Sapna Chaudhary', 'Patralekhaa']"
1920 London,"Bollywood movie 1920 London (2016) is Directed By Tinu Suresh Desai. Staring: Sharman Joshi, Meera Chopra, Vishal Karnwal",,"1920 London,2016,Horror,Sharman Joshi, Meera Chopra, Vishal Karnwal",Tinu Suresh Desai,2017-08-27,,"['Sharman Joshi', 'Vishal Karnwal', 'Meera Chopra']"
Airlift,"Bollywood movie Airlift (2016) is Directed By Raja Krishna Menon. Staring: Akshay Kumar, Nimrat Kaur, Purab Kohli, Ferena Wazeir, Gunjan Malhotra",,"Airlift,2016,War/Thriller,Akshay Kumar, Nimrat Kaur, Purab Kohli, Ferena Wazeir, Gunjan Malhotra",Raja Krishna Menon,2017-08-27,,"['Ferena Wazeir', 'Akshay Kumar', 'Purab Kohli', 'Gunjan Malhotra', 'Nimrat Kaur']"
Poorna - Courage has no limits,"Bollywood movie Poorna - Courage has no limits (2017) is Directed By Rahul Bose. Staring: Rahul Bose, Aditi Inamdar, Heeba Shah, Dhritiman Chatterji",,"Poorna - Courage has no limits,2017,Adventure,Rahul Bose, Aditi Inamdar, Heeba Shah, Dhritiman Chatterji",Rahul Bose,2017-06-26,,"['Heeba Shah', 'Dhritiman Chatterji', 'Rahul Bose', 'Aditi Inamdar']"
Mulk,"Bollywood movie Mulk (2018) is Directed By Anubhav Sinha. Staring: Rishi Kapoor , Prateik Babbar , Rajat Kapoor , Taapsee Pannu , Ashutosh Rana , Manoj Pahwa , Neena Gupta ,",,"Mulk,2018,Drama,Rishi Kapoor , Prateik Babbar , Rajat Kapoor , Taapsee Pannu , Ashutosh Rana , Manoj Pahwa , Neena Gupta ,",Anubhav Sinha,2018-08-25,Soham Rockstar Entertainment,"['Prateik Babbar', 'Neena Gupta', 'Rishi Kapoor', 'Taapsee Pannu', 'Ashutosh Rana', 'Manoj Pahwa', 'Rajat Kapoor']"
A Gentleman,"Bollywood movie A Gentleman (2017) is Directed By Raj and D.K.. Staring: Sidharth Malhotra, Jacqueline Fernandez, Darshan Kumar, Suniel Shetty",,"A Gentleman,2017,Action/Romance,Sidharth Malhotra, Jacqueline Fernandez, Darshan Kumar, Suniel Shetty",Raj and D.K.,2017-06-26,,"['Jacqueline Fernandez', 'Suniel Shetty', 'Sidharth Malhotra', 'Darshan Kumar']"
Ajab Singh Ki Gajab Kahani,Bollywood movie Ajab Singh Ki Gajab Kahani (2017) is Directed By Rishi Prakash Mishra. Staring: Yashpal Sharma Ajay Kumar Singh Rajesh Jais,,"Ajab Singh Ki Gajab Kahani,2017,Thriller/Drama,Yashpal Sharma Ajay Kumar Singh Rajesh Jais",Rishi Prakash Mishra,2017-06-26,,Yashpal Sharma Ajay Kumar Singh Rajesh Jais
Dil Toh Deewana Hai,"Bollywood movie Dil Toh Deewana Hai (2016) is Directed By Raja Bundela. Staring: Haider Khan, Sadha, Raj Babbar, Zeenat Aman, Sushmita Mukherjee, Alok Nath, Hemant Pandey",,"Dil Toh Deewana Hai,2016,Comedy/Romance,Haider Khan, Sadha, Raj Babbar, Zeenat Aman, Sushmita Mukherjee, Alok Nath, Hemant Pandey",Raja Bundela,2017-08-27,,"['Zeenat Aman', 'Haider Khan', 'Raj Babbar', 'Hemant Pandey', 'Sushmita Mukherjee', 'Alok Nath', 'Sadha']"
One Night Stand,"Bollywood movie One Night Stand (2016) is Directed By Jasmine Moses D'Souza. Staring: Sunny Leone, Tanuj Virwani, Nyra Banerjee",,"One Night Stand,2016,Thriller,Sunny Leone, Tanuj Virwani, Nyra Banerjee",Jasmine Moses D'Souza,2017-08-27,,"['Tanuj Virwani', 'Sunny Leone', 'Nyra Banerjee']"
Thackeray,Bollywood movie Thackeray (2019) is Directed By Abhijit Panse. Staring: Nawazuddin Siddiqui,,"Thackeray,2019,Biographical,Nawazuddin Siddiqui",Abhijit Panse,2018-11-03,Raut'ers Entertainment,Nawazuddin Siddiqui
Bhaiaji Superhit,"Bollywood movie Bhaiaji Superhit (2018) is Directed By Neerraj Pathak. Staring: Sunny Deol , Preity Zinta , Ameesha Patel , Arshad Warsi ,Shreyas Talpade , Evelyn Sharma ,",,"Bhaiaji Superhit,2018,Action/Comedy,Sunny Deol , Preity Zinta , Ameesha Patel , Arshad Warsi ,Shreyas Talpade , Evelyn Sharma ,",Neerraj Pathak,2018-08-25,Metro Movies,"['Shreyas Talpade', 'Evelyn Sharma', 'Ameesha Patel', 'Preity Zinta', 'Arshad Warsi', 'Sunny Deol']"
Golmaal Again,"Bollywood movie Golmaal Again (2017) is Directed By Rohit Shetty. Staring: Rohit Verma, Ajay Devgan, Parineeti Chopra, Neil Nitin Mukesh, Tabu, Shreyas Talpade, Tusshar Kapoor",,"Golmaal Again,2017,Comedy,Rohit Verma, Ajay Devgan, Parineeti Chopra, Neil Nitin Mukesh, Tabu, Shreyas Talpade, Tusshar Kapoor",Rohit Shetty,2017-06-26,,"['Tusshar Kapoor', 'Rohit Verma', 'Tabu', 'Shreyas Talpade', 'Neil Nitin Mukesh', 'Parineeti Chopra', 'Ajay Devgan']"
Saand Ki Aankh,"Bollywood movie Saand Ki Aankh (2019) is Directed By Tushar Hiranandani. Staring: Taapsee Pannu, Bhumi Pednekar along with Prakash Jha, Viineet Kumar, Shaad Randhawa",,"Saand Ki Aankh,2019,Drama,Taapsee Pannu, Bhumi Pednekar along with Prakash Jha, Viineet Kumar, Shaad Randhawa",Tushar Hiranandani,2019-10-14,"Reliance Entertainment, Anurag Kashyap & Nidhi Parmar","['Shaad Randhawa', 'Bhumi Pednekar along with Prakash Jha', 'Taapsee Pannu', 'Viineet Kumar']"
Baaghi 2,"Bollywood movie Baaghi 2 (2018) is Directed By Ahmed Khan. Staring: Tiger Shroff , Disha Patani , Manoj Bajpayee , Randeep Hooda , Jacqueline Fernandez ,",,"Baaghi 2,2018,Action/Romance,Tiger Shroff , Disha Patani , Manoj Bajpayee , Randeep Hooda , Jacqueline Fernandez ,",Ahmed Khan,2018-08-25,"Nadiadwala Grandson Entertainment, Fox Star Studios","['Disha Patani', 'Manoj Bajpayee', 'Jacqueline Fernandez', 'Tiger Shroff', 'Randeep Hooda']"
Battalion 609,"Bollywood movie Battalion 609 (2019) is Directed By Brijesh Batuknath Tripathi. Staring: Shoaib Ibrahim, Elena Kazan, Farnaz Shetty, Vishwas Kini, Vicky Ahuja, Vikas Srivastava, Chandraprakash Thakur",,"Battalion 609,2019,Action, Shoaib Ibrahim, Elena Kazan, Farnaz Shetty, Vishwas Kini, Vicky Ahuja, Vikas Srivastava, Chandraprakash Thakur",Brijesh Batuknath Tripathi,2019-10-07,N.J Lalwani Films,"['Shoaib Ibrahim', 'Chandraprakash Thakur', 'Vishwas Kini', 'Vikas Srivastava', 'Vicky Ahuja', 'Farnaz Shetty', 'Elena Kazan']"
Mona Darling,"Bollywood movie Mona Darling (2017) is Directed By Shashi Sudigala. Staring: Anshuman Jha, Divya Menon, Suzanna Mukherjee, Sanjay Suri",,"Mona Darling,2017,Thriller,Anshuman Jha, Divya Menon, Suzanna Mukherjee, Sanjay Suri",Shashi Sudigala,2017-06-26,,"['Anshuman Jha', 'Suzanna Mukherjee', 'Sanjay Suri', 'Divya Menon']"
URI,"Bollywood movie URI (2019) is Directed By Aditya Dhar. Staring: Vicky Kaushal, Paresh Rawal, Yami Gautam",,"URI,2019,Action,Vicky Kaushal, Paresh Rawal, Yami Gautam",Aditya Dhar,2018-09-30,RSVP Movies,"['Vicky Kaushal', 'Paresh Rawal', 'Yami Gautam']"
Laali Ki Shaadi Mein Laaddoo Deewana,"Bollywood movie Laali Ki Shaadi Mein Laaddoo Deewana (2017) is Directed By Manish Harishankar. Staring: Vivaan Shah, Akshara Haasan, Gurmeet Choudhary, Kavitta Verma, Saurabh Shukla, Sanjay Mishra, Darshan Jariwala, Ra hivi",,"Laali Ki Shaadi Mein Laaddoo Deewana,2017,Comedy/Drama,Vivaan Shah, Akshara Haasan, Gurmeet Choudhary, Kavitta Verma, Saurabh Shukla, Sanjay Mishra, Darshan Jariwala, Ra hivi",Manish Harishankar,2017-06-26,,"['Vivaan Shah', 'Akshara Haasan', 'Ra hivi', 'Kavitta Verma', 'Darshan Jariwala', 'Saurabh Shukla', 'Sanjay Mishra', 'Gurmeet Choudhary']"
Saansein,"Bollywood movie Saansein (2016) is Directed By Rajiv S. Ruia. Staring: Rajneesh Duggal, Sonarika Bhadoria, Hiten Tejwani, Neetha Shetty, Sachi Ruia, Amir Dalvi, Vishal Malhotra",,"Saansein,2016,Romantic/Horror,Rajneesh Duggal, Sonarika Bhadoria, Hiten Tejwani, Neetha Shetty, Sachi Ruia, Amir Dalvi, Vishal Malhotra",Rajiv S. Ruia,2017-08-27,,"['Rajneesh Duggal', 'Hiten Tejwani', 'Amir Dalvi', 'Sonarika Bhadoria', 'Vishal Malhotra', 'Neetha Shetty', 'Sachi Ruia']"
Muskurahatein,"Bollywood movie Muskurahatein (2017) is Directed By J. S. Randhawa. Staring: J.S. Randhawa, Sonal Mudgal, Sanjay Mishra | See full cast & crew",,"Muskurahatein,2017,Drama/Romance,J.S. Randhawa, Sonal Mudgal, Sanjay Mishra | See full cast & crew",J. S. Randhawa,2017-08-19,,"['Sanjay Mishra | See full cast & crew', 'Sonal Mudgal', 'J.S. Randhawa']"
Rustom,"Bollywood movie Rustom (2016) is Directed By Tinu Suresh Desai. Staring: Akshay Kumar, Ileana D'Cruz, Esha Gupta, Arjan Bajwa",,"Rustom,2016,Romance/Thriller,Akshay Kumar, Ileana D'Cruz, Esha Gupta, Arjan Bajwa",Tinu Suresh Desai,2017-08-27,,"['Akshay Kumar', ""Ileana D'Cruz"", 'Arjan Bajwa', 'Esha Gupta']"
Machine,"Bollywood movie Machine (2017) is Directed By Abbas-Mustan. Staring: Mustafa Burmawalla, Kiara Advani, Carla Dennis",,"Machine,2017,Romance/Thriller,Mustafa Burmawalla, Kiara Advani, Carla Dennis",Abbas-Mustan,2017-06-26,,"['Mustafa Burmawalla', 'Kiara Advani', 'Carla Dennis']"
Behen Hogi Teri,"Bollywood movie Behen Hogi Teri (2017) is Directed By Ajay K Pannalal. Staring: Rajkummar Rao, Shruti Haasan, Gulshan Grover, Mrunal Jain Now in Cinemas",,"Behen Hogi Teri,2017,Romance/Comedy,Rajkummar Rao, Shruti Haasan, Gulshan Grover, Mrunal Jain Now in Cinemas",Ajay K Pannalal,2017-06-26,,"['Rajkummar Rao', 'Gulshan Grover', 'Mrunal Jain Now in Cinemas', 'Shruti Haasan']"
The Blueberry Hunt,"Bollywood movie The Blueberry Hunt (2016) is Directed By Anup Kurien. Staring: Naseeruddin Shah, Vipin Sharma, Vinay Forrt",,"The Blueberry Hunt,2016,Thriller,Naseeruddin Shah, Vipin Sharma, Vinay Forrt",Anup Kurien,2017-08-27,,"['Vipin Sharma', 'Vinay Forrt', 'Naseeruddin Shah']"
Mohenjo Daro,"Bollywood movie Mohenjo Daro (2016) is Directed By Ashutosh Gowariker. Staring: Hrithik Roshan, Pooja Hegde, Kabir Bedi, Arunoday Singh, Sharad Kelkar",,"Mohenjo Daro,2016,Drama,Hrithik Roshan, Pooja Hegde, Kabir Bedi, Arunoday Singh, Sharad Kelkar",Ashutosh Gowariker,2017-08-27,,"['Kabir Bedi', 'Hrithik Roshan', 'Sharad Kelkar', 'Pooja Hegde', 'Arunoday Singh']"
Phobia,"Bollywood movie Phobia (2016) is Directed By Pawan Kripalani. Staring: Radhika Apte, Satyadeep Misra",,"Phobia,2016,Thriller,Radhika Apte, Satyadeep Misra",Pawan Kripalani,2017-08-27,,"['Satyadeep Misra', 'Radhika Apte']"
Beiimaan Love,"Bollywood movie Beiimaan Love (2016) is Directed By Rajeev Chaudhary. Staring: Sunny Leone, Rajneesh Duggal,Daniel Weber",,"Beiimaan Love,2016,Thriller,Sunny Leone, Rajneesh Duggal,Daniel Weber",Rajeev Chaudhary,2017-08-27,,"['Sunny Leone', 'Daniel Weber', 'Rajneesh Duggal']"
Haseena: The Queen of Mumbai,"Bollywood movie Haseena: The Queen of Mumbai (2017) is Directed By Apoorva Lakhia. Staring: Shraddha Kapoor, Sharman Joshi, Siddhanth Kapoor, Ankur Bhatia",,"Haseena: The Queen of Mumbai,2017,Biographic,Shraddha Kapoor, Sharman Joshi, Siddhanth Kapoor, Ankur Bhatia",Apoorva Lakhia,2017-06-26,,"['Sharman Joshi', 'Siddhanth Kapoor', 'Ankur Bhatia', 'Shraddha Kapoor']"
Phillauri,"Bollywood movie Phillauri (2017) is Directed By Anshai Lal. Staring: Anushka Sharma, Diljit Dosanjh, Suraj Sharma, Mehreen Pirzada, Nidhi Bisht",,"Phillauri,2017,Romance/Comedy,Anushka Sharma, Diljit Dosanjh, Suraj Sharma, Mehreen Pirzada, Nidhi Bisht",Anshai Lal,2017-06-26,,"['Diljit Dosanjh', 'Anushka Sharma', 'Suraj Sharma', 'Mehreen Pirzada', 'Nidhi Bisht']"
Kesari,"Bollywood movie Kesari (2019) is Directed By Anurag Singh. Staring: Akshay Kumar,Parineeti Chopra,Mir Sarwar,Ashwath Bhatt,Pawan Malhotra,Rana Ranbir,Mohit Raina,Vipin Sharma",,"Kesari,2019,Drama/Historical,Akshay Kumar,Parineeti Chopra,Mir Sarwar,Ashwath Bhatt,Pawan Malhotra,Rana Ranbir,Mohit Raina,Vipin Sharma",Anurag Singh,2018-11-03,Dharma Productions,"['Ashwath Bhatt', 'Mir Sarwar', 'Rana Ranbir', 'Akshay Kumar', 'Pawan Malhotra', 'Parineeti Chopra', 'Mohit Raina', 'Vipin Sharma']"
Te3n,"Bollywood movie Te3n (2016) is Directed By Ribhu Dasgupta. Staring: Amitabh Bachchan, Vidya Balan, Nawazuddin Siddiqui",,"Te3n,2016,Thriller,Amitabh Bachchan, Vidya Balan, Nawazuddin Siddiqui",Ribhu Dasgupta,2017-08-27,,"['Amitabh Bachchan', 'Vidya Balan', 'Nawazuddin Siddiqui']"
Noor,"Bollywood movie Noor (2017) is Directed By Sunhil Sippy. Staring: Sonakshi Sinha, Kanan Gill, Shibani Dandekar, Purab Kohli",,"Noor,2017,Comedy/Drama,Sonakshi Sinha, Kanan Gill, Shibani Dandekar, Purab Kohli",Sunhil Sippy,2017-06-26,,"['Shibani Dandekar', 'Purab Kohli', 'Sonakshi Sinha', 'Kanan Gill']"
Baaghi 3,"Bollywood movie Baaghi 3 (2020) is Directed By Ahmed Khan. Staring: Tiger Shroff, Riteish Deshmukh, Shraddha Kapoor",,"Baaghi 3,2020,Action,Tiger Shroff, Riteish Deshmukh, Shraddha Kapoor",Ahmed Khan,2020-02-20,"Nadiadwala Grandson Entertainment, Fox Star Studios","['Riteish Deshmukh', 'Tiger Shroff', 'Shraddha Kapoor']"
Bioscopewala,"Bollywood movie Bioscopewala (2018) is Directed By Deb Medhekar. Staring: Danny Denzongpa , Geetanjali Thapa , Tisca Chopra , Adil Hussain ,",,"Bioscopewala,2018,Drama,Danny Denzongpa , Geetanjali Thapa , Tisca Chopra , Adil Hussain ,",Deb Medhekar,2018-08-25,"Fox Star Studios, Star India","['Tisca Chopra', 'Geetanjali Thapa', 'Adil Hussain', 'Danny Denzongpa']"
Love Sonia,"Bollywood movie Love Sonia (2018) is Directed By Tabrez Noorani. Staring: Mrunal Thakur , Freida Pinto , Manoj Bajpayee ,Rajkummar Rao , Richa Chadda , Anupam Kher , Adil Hussain , Sai Tamhankar ,",,"Love Sonia,2018,Drama,Mrunal Thakur , Freida Pinto , Manoj Bajpayee ,Rajkummar Rao , Richa Chadda , Anupam Kher , Adil Hussain , Sai Tamhankar ,",Tabrez Noorani,2018-08-25,"Tamasha Talkies, Womark/Noorani Productions, Love Sonia Films, India Take One Productions","['Rajkummar Rao', 'Adil Hussain', 'Manoj Bajpayee', 'Anupam Kher', 'Freida Pinto', 'Sai Tamhankar', 'Mrunal Thakur', 'Richa Chadda']"
India's Most Wanted,Bollywood movie India's Most Wanted (2019) is Directed By Rajkumar Gupta. Staring: Arjun Kapoor,,"India's Most Wanted,2019,Thriller,Arjun Kapoor",Rajkumar Gupta,2018-11-03,Fox Star Studios,Arjun Kapoor
Batla House,Bollywood movie Batla House (2019) is Directed By Nikhil Advani. Staring: John Abraham,,"Batla House,2019,Action,John Abraham",Nikhil Advani,2018-11-03,"Emmay Entertainment, T-Series",John Abraham
Race 3,"Bollywood movie Race 3 (2018) is Directed By Remo D'Souza. Staring: Anil Kapoor , Salman Khan , Bobby Deol , Jacqueline Fernandez , Saqib Saleem , Daisy Shah , Freddy Daruwala ,",,"Race 3,2018,Thriller,Anil Kapoor , Salman Khan , Bobby Deol , Jacqueline Fernandez , Saqib Saleem , Daisy Shah , Freddy Daruwala ,",Remo D'Souza,2018-08-25,"Tips Films, Salman Khan Films","['Salman Khan', 'Daisy Shah', 'Jacqueline Fernandez', 'Saqib Saleem', 'Anil Kapoor', 'Freddy Daruwala', 'Bobby Deol']"
Shorgul,"Bollywood movie Shorgul (2016) is Directed By Pranav Kumar Singh, Jitendra Tiwari. Staring: Jimmy Shergill, Suha Gezen, Ashutosh Rana, Narendra Jha",,"Shorgul,2016,Political/Drama,Jimmy Shergill, Suha Gezen, Ashutosh Rana, Narendra Jha","Pranav Kumar Singh, Jitendra Tiwari",2017-08-27,,"['Ashutosh Rana', 'Jimmy Shergill', 'Suha Gezen', 'Narendra Jha']"
Dongri Ka Raja,"Bollywood movie Dongri Ka Raja (2016) is Directed By Hadi Ali Abrar. Staring: Gashmeer Mahajani, Reecha Sinha, Ronit Roy, Sachin Suvarna, Ashmit Patel, Sunny Leone",,"Dongri Ka Raja,2016,Action/Thriller,Gashmeer Mahajani, Reecha Sinha, Ronit Roy, Sachin Suvarna, Ashmit Patel, Sunny Leone",Hadi Ali Abrar,2017-08-27,,"['Ashmit Patel', 'Ronit Roy', 'Gashmeer Mahajani', 'Reecha Sinha', 'Sachin Suvarna', 'Sunny Leone']"
Billu Ustaad,"Bollywood movie Billu Ustaad (2018) is Directed By Suvhhdan Angre. Staring: Akhilendra Mishra , Deepraj Rana , Mithila Naik, KK Goswami , Priyanshu Chaterjee,",,"Billu Ustaad,2018,Drama,Akhilendra Mishra , Deepraj Rana , Mithila Naik, KK Goswami , Priyanshu Chaterjee,",Suvhhdan Angre,2018-08-25,Narayan Films,"['Priyanshu Chaterjee', 'Deepraj Rana', 'KK Goswami', 'Mithila Naik', 'Akhilendra Mishra']"
Do Lafzon Ki Kahani,"Bollywood movie Do Lafzon Ki Kahani (2016) is Directed By Deepak Tijori. Staring: Randeep Hooda, Kajal Aggarwal",,"Do Lafzon Ki Kahani,2016,Romantic,Randeep Hooda, Kajal Aggarwal",Deepak Tijori,2017-08-27,,"['Randeep Hooda', 'Kajal Aggarwal']"
Chalk n Duster,"Bollywood movie Chalk n Duster (2016) is Directed By Jayant Gilatar. Staring: Shabana Azmi, Juhi Chawla, Divya Dutta, Zarina Wahab, Arya Babbar, Richa Chadha",,"Chalk n Duster,2016,Drama,Shabana Azmi, Juhi Chawla, Divya Dutta, Zarina Wahab, Arya Babbar, Richa Chadha",Jayant Gilatar,2017-08-27,,"['Shabana Azmi', 'Juhi Chawla', 'Arya Babbar', 'Divya Dutta', 'Richa Chadha', 'Zarina Wahab']"
Saat Uchakkey,"Bollywood movie Saat Uchakkey (2016) is Directed By Sanjeev Sharma. Staring: Manoj Bajpayee, Anupam Kher, Kay Kay Menon, Annu Kapoor, Vijay Raaz, Aditi Sharma",,"Saat Uchakkey,2016,Comedy,Manoj Bajpayee, Anupam Kher, Kay Kay Menon, Annu Kapoor, Vijay Raaz, Aditi Sharma",Sanjeev Sharma,2017-08-27,,"['Manoj Bajpayee', 'Anupam Kher', 'Kay Kay Menon', 'Vijay Raaz', 'Annu Kapoor', 'Aditi Sharma']"
Milan Talkies,"Bollywood movie Milan Talkies (2019) is Directed By Tigmanshu Dhulia. Staring: Ali Fazal,Shraddha Srinath,Reecha Sinha,Ashutosh Rana,Sanjay Mishra,Sikander Kher,Pankaj Tripathi",,"Milan Talkies,2019,Drama,Ali Fazal,Shraddha Srinath,Reecha Sinha,Ashutosh Rana,Sanjay Mishra,Sikander Kher,Pankaj Tripathi",Tigmanshu Dhulia,2018-11-03,Filmy Keeda Productions,"['Pankaj Tripathi', 'Ashutosh Rana', 'Shraddha Srinath', 'Ali Fazal', 'Reecha Sinha', 'Sanjay Mishra', 'Sikander Kher']"
Sooryavanshi,"Bollywood movie Sooryavanshi (2020) is Directed By Rohit Shetty. Staring: Akshay Kumar, Katrina Kaif",,"Sooryavanshi,2020,Adventure,Akshay Kumar, Katrina Kaif",Rohit Shetty,2019-10-10,"Rohit Shetty Picturez and Dharma Productions respectively, in association with Reliance Entertainment and Cape Of Good Films.","['Akshay Kumar', 'Katrina Kaif']"
Aksar 2,"Bollywood movie Aksar 2 (2017) is Directed By Ananth Mahadevan. Staring: Gautam Rode, Abhinav Shukla, Zareen Khan, Mohit Madaan, S. Sreesanth, Lillete Dubey",,"Aksar 2,2017,Thriller,Gautam Rode, Abhinav Shukla, Zareen Khan, Mohit Madaan, S. Sreesanth, Lillete Dubey",Ananth Mahadevan,2017-08-29,Anant Mahadevan,"['S. Sreesanth', 'Zareen Khan', 'Abhinav Shukla', 'Gautam Rode', 'Mohit Madaan', 'Lillete Dubey']"
Bareilly Ki Barfi,"Bollywood movie Bareilly Ki Barfi (2017) is Directed By Ashwini Iyer Tiwari. Staring: Ayushmann Khurrana , Rajkummar Rao ,Kriti Sanon",,"Bareilly Ki Barfi,2017,Comedy/Romance,Ayushmann Khurrana , Rajkummar Rao ,Kriti Sanon",Ashwini Iyer Tiwari,2017-06-26,,"['Rajkummar Rao', 'Kriti Sanon', 'Ayushmann Khurrana']"
Fever,"Bollywood movie Fever (2016) is Directed By Rajeev Jhaveri. Staring: Rajeev Khandelwal, Gauhar Khan, Gemma Atkinson, Victor Banerjee, Caterina Murino, Ankita Makwana",,"Fever,2016,Thriller,Rajeev Khandelwal, Gauhar Khan, Gemma Atkinson, Victor Banerjee, Caterina Murino, Ankita Makwana",Rajeev Jhaveri,2017-08-27,,"['Victor Banerjee', 'Gemma Atkinson', 'Rajeev Khandelwal', 'Gauhar Khan', 'Caterina Murino', 'Ankita Makwana']"
Our Heroes,"Bollywood movie Our Heroes (2018) is Directed By Manish Parihar. Staring: Devraj Singh Sarangdevot , Shankar Lal Dangi , Mahesh Gurjar , Gourav Gurjar ,",,"Our Heroes,2018,Action,Devraj Singh Sarangdevot , Shankar Lal Dangi , Mahesh Gurjar , Gourav Gurjar ,",Manish Parihar,2018-08-25,Jassi Production House Ltd.,"['Gourav Gurjar', 'Devraj Singh Sarangdevot', 'Shankar Lal Dangi', 'Mahesh Gurjar']"
Umrika,"Bollywood movie Umrika (2016) is Directed By Prashant Nair. Staring: Prateik Babbar, Suraj Sharma, Toni Revolori, Adil Hussain, Nidhi Bisht",,"Umrika,2016,Drama,Prateik Babbar, Suraj Sharma, Toni Revolori, Adil Hussain, Nidhi Bisht",Prashant Nair,2017-08-27,,"['Adil Hussain', 'Prateik Babbar', 'Suraj Sharma', 'Toni Revolori', 'Nidhi Bisht']"
Hai Apna Dil Toh Awara,Bollywood movie Hai Apna Dil Toh Awara (2016) is Directed By Monjoy Mukerji. Staring: Sahil Anand,,"Hai Apna Dil Toh Awara,2016,Comedy/Romance,Sahil Anand",Monjoy Mukerji,2017-08-27,,Sahil Anand
Laila Majnu,"Bollywood movie Laila Majnu (2018) is Directed By Sajid Ali. Staring: Mir Sarwar , Avinash Tiwari, Tripti Dimri, Ruchika Kapoor,",,"Laila Majnu,2018,Drama/Romance,Mir Sarwar , Avinash Tiwari, Tripti Dimri, Ruchika Kapoor,",Sajid Ali,2018-08-25,"Pi Films, Balaji Motion Pictures","['Avinash Tiwari', 'Tripti Dimri', 'Mir Sarwar', 'Ruchika Kapoor']"
Waiting,"Bollywood movie Waiting (2016) is Directed By Anu Menon. Staring: Naseeruddin Shah, Kalki Koechlin, Arjun Mathur, Rajat Kapoor, Suhasini Maniratnam",,"Waiting,2016,Drama,Naseeruddin Shah, Kalki Koechlin, Arjun Mathur, Rajat Kapoor, Suhasini Maniratnam",Anu Menon,2017-08-27,,"['Naseeruddin Shah', 'Kalki Koechlin', 'Arjun Mathur', 'Rajat Kapoor', 'Suhasini Maniratnam']"
Marudhar Express,"Bollywood movie Marudhar Express (2019) is Directed By Vishal Mishra. Staring: Kunaal Roy Kapur , Tara Alisha Berry ,",,"Marudhar Express,2019,Drama,Kunaal Roy Kapur , Tara Alisha Berry ,",Vishal Mishra,2018-08-25,,"['Kunaal Roy Kapur', 'Tara Alisha Berry']"
Saala Khadoos,"Bollywood movie Saala Khadoos (2016) is Directed By Sudha Kongara Prasad. Staring: R. Madhavan, Ritika Singh",,"Saala Khadoos,2016,Sports,R. Madhavan, Ritika Singh",Sudha Kongara Prasad,2017-08-27,,"['R. Madhavan', 'Ritika Singh']"
Panipat,"Bollywood movie Panipat (2019) is Directed By Ashutosh Gowariker. Staring: Sanjay Dutt,Arjun Kapoor,Kriti Sanon,Kabir Bedi",,"Panipat,2019,Action/Battle,Sanjay Dutt,Arjun Kapoor,Kriti Sanon,Kabir Bedi",Ashutosh Gowariker,2018-11-03,Ashutosh Gowariker Productions Private Limited,"['Arjun Kapoor', 'Sanjay Dutt', 'Kriti Sanon', 'Kabir Bedi']"
The Legend of Michael Mishra,"Bollywood movie The Legend of Michael Mishra (2016) is Directed By Manish Jha. Staring: Arshad Warsi, Aditi Rao Hydari, Boman Irani, Kayoze Irani",,"The Legend of Michael Mishra,2016,Romance/Drama,Arshad Warsi, Aditi Rao Hydari, Boman Irani, Kayoze Irani",Manish Jha,2017-08-27,,"['Aditi Rao Hydari', 'Arshad Warsi', 'Kayoze Irani', 'Boman Irani']"
Satellite Shankar,Bollywood movie Satellite Shankar (2019) is Directed By Irfan Kamal. Staring: Sooraj Pancholi and Megha Akash,,"Satellite Shankar,2019,Drama/Action,Sooraj Pancholi and Megha Akash",Irfan Kamal,2019-10-17,"Murad Khetani, Ashwin Varde, and SCIPL",Sooraj Pancholi and Megha Akash
Mubarakan,"Bollywood movie Mubarakan (2017) is Directed By Anees Bazmee. Staring: Anil Kapoor, Arjun Kapoor, Ileana D'Cruz, Athiya Shetty",,"Mubarakan,2017,Comedy/Romance,Anil Kapoor, Arjun Kapoor, Ileana D'Cruz, Athiya Shetty",Anees Bazmee,2017-06-26,,"['Arjun Kapoor', ""Ileana D'Cruz"", 'Anil Kapoor', 'Athiya Shetty']"
Junooniyat,"Bollywood movie Junooniyat (2016) is Directed By Vivek Agnihotri. Staring: Pulkit Samrat, Yami Gautam, Gulshan Devaiah, Hrishita Bhatt",,"Junooniyat,2016,Romance,Pulkit Samrat, Yami Gautam, Gulshan Devaiah, Hrishita Bhatt",Vivek Agnihotri,2017-08-27,,"['Hrishita Bhatt', 'Pulkit Samrat', 'Yami Gautam', 'Gulshan Devaiah']"
Kaashi,"Bollywood movie Kaashi (2018) is Directed By Dhiraj Kumar . Staring: Sharman Joshi, Aishwarya Devan",,"Kaashi,2018,Thriller,Sharman Joshi, Aishwarya Devan",Dhiraj Kumar,2018-09-29,"Dhiraj Kumar, Manish Kishore, Shravan Kumar Agarwal, Sanjay Surana, Vinit Singh","['Sharman Joshi', 'Aishwarya Devan']"
Helicopter Eela,"Bollywood movie Helicopter Eela (2018) is Directed By Pradeep Sarkar. Staring: Kajol , Riddhi Sen , Neha Dhupia , Tota Roy Choudhury ,",,"Helicopter Eela,2018,Drama,Kajol , Riddhi Sen , Neha Dhupia , Tota Roy Choudhury ,",Pradeep Sarkar,2018-08-25,"Pen India Limited, Ajay Devgn FFilms","['Kajol', 'Neha Dhupia', 'Tota Roy Choudhury', 'Riddhi Sen']"
Rangoon,"Bollywood movie Rangoon (2017) is Directed By Vishal Bhardwaj. Staring: Shahid Kapoor, Saif Ali Khan, Kangana Ranaut",,"Rangoon,2017,Romance/Drama,Shahid Kapoor, Saif Ali Khan, Kangana Ranaut",Vishal Bhardwaj,2017-06-26,,"['Shahid Kapoor', 'Saif Ali Khan', 'Kangana Ranaut']"
Judgementall Hai Kya,"Bollywood movie Judgementall Hai Kya (2019) is Directed By Prakash Kovelamudi. Staring: Rajkummar Rao,Kangana Ranaut",,"Judgementall Hai Kya,2019,Thriller/Comedy,Rajkummar Rao,Kangana Ranaut",Prakash Kovelamudi,2018-11-03,"Balaji Motion Pictures, Karma Media and Enterment","['Rajkummar Rao', 'Kangana Ranaut']"
Guns of Banaras,"Bollywood movie Guns of Banaras (2020) is Directed By Sekhar Suri. Staring: Karan Nath, Nathalia Kaur, Abhimanyu Singh, Ganesh Venkatraman, Shilpa Shirodkar, Zarina Wahab, Mohan Agashe, Tej sapru",,"Guns of Banaras,2020,Action,Karan Nath, Nathalia Kaur, Abhimanyu Singh, Ganesh Venkatraman, Shilpa Shirodkar, Zarina Wahab, Mohan Agashe, Tej sapru",Sekhar Suri,2020-02-20,"AJ Media Corp, Dashaka Cinema Co Production","['Nathalia Kaur', 'Abhimanyu Singh', 'Tej sapru', 'Shilpa Shirodkar', 'Ganesh Venkatraman', 'Karan Nath', 'Zarina Wahab', 'Mohan Agashe']"
Tum Bin 2,"Bollywood movie Tum Bin 2 (2016) is Directed By Anubhav Sinha. Staring: Neha Sharma, Aditya Seal, Aashim Gulati",,"Tum Bin 2,2016,Romance,Neha Sharma, Aditya Seal, Aashim Gulati",Anubhav Sinha,2017-08-27,,"['Aditya Seal', 'Neha Sharma', 'Aashim Gulati']"
Junglee,"Bollywood movie Junglee (2019) is Directed By Chuck Russell. Staring: Vidyut Jammwal,Akshay Oberoi",,"Junglee,2019,Action,Vidyut Jammwal,Akshay Oberoi",Chuck Russell,2018-11-03,Junglee Pictures,"['Akshay Oberoi', 'Vidyut Jammwal']"
Omerta,Bollywood movie Omerta (2018) is Directed By Hansal Mehta. Staring: Rajkummar Rao,,"Omerta,2018,Drama,Rajkummar Rao",Hansal Mehta,2017-06-26,,Rajkummar Rao
Thodi Thodi Si Manmaaniyan,"Bollywood movie Thodi Thodi Si Manmaaniyan (2017) is Directed By Aditya Sarpotdar. Staring: Arsh Sehrawat, Shrenu Parikh, Mukesh Tiwari",,"Thodi Thodi Si Manmaaniyan,2017,Romance,Arsh Sehrawat, Shrenu Parikh, Mukesh Tiwari",Aditya Sarpotdar,2017-06-26,,"['Shrenu Parikh', 'Arsh Sehrawat', 'Mukesh Tiwari']"
Qaidi Band,"Bollywood movie Qaidi Band (2017) is Directed By Habib Faisal. Staring: Aadar Jain, Anya Singh, Sachin, Prince Parvinder Singh",,"Qaidi Band,2017,Musical/drama,Aadar Jain, Anya Singh, Sachin, Prince Parvinder Singh",Habib Faisal,2018-08-20,Yash Raj Films,"['Anya Singh', 'Aadar Jain', 'Prince Parvinder Singh', 'Sachin']"
Falooda,"Bollywood movie Falooda (2018) is Directed By Dhiraj Singh. Staring: Aarav Negi, Goonj Chand, Azhar, Pihu Sharma, Dhiraj Singh,",,"Falooda,2018,Comedy,Aarav Negi, Goonj Chand, Azhar, Pihu Sharma, Dhiraj Singh,",Dhiraj Singh,2018-08-25,"Vaibav laxmi Films, Shree S.J Entertainment, Dev Gayatri Entertainment","['Azhar', 'Aarav Negi', 'Goonj Chand', 'Pihu Sharma', 'Dhiraj Singh']"
7 Hours To Go,"Bollywood movie 7 Hours To Go (2016) is Directed By Saurabh Varma. Staring: Shiv Pandit, Sandeepa Dhar, Natasa Stankovic, Varun Badola",,"7 Hours To Go,2016,Crime/Thriller,Shiv Pandit, Sandeepa Dhar, Natasa Stankovic, Varun Badola",Saurabh Varma,2017-08-27,,"['Shiv Pandit', 'Natasa Stankovic', 'Sandeepa Dhar', 'Varun Badola']"
Rukh,"Bollywood movie Rukh (2017) is Directed By Atanu Mukherjee. Staring: Manoj Bajpayee, Smita Tambe and Adarsh Gourav",,"Rukh,2017,Drama,Manoj Bajpayee, Smita Tambe and Adarsh Gourav",Atanu Mukherjee,2017-10-15,Manish Mundra,"['Manoj Bajpayee', 'Smita Tambe and Adarsh Gourav']"
Sanam Teri Kasam,"Bollywood movie Sanam Teri Kasam (2016) is Directed By Radhika Rao, Vinay Sapru. Staring: Mawra Hocane, Harshvardhan Rane, Anurag Sinha, Shraddha Das",,"Sanam Teri Kasam,2016,Romance,Mawra Hocane, Harshvardhan Rane, Anurag Sinha, Shraddha Das","Radhika Rao, Vinay Sapru",2017-08-27,,"['Anurag Sinha', 'Mawra Hocane', 'Harshvardhan Rane', 'Shraddha Das']"
Baadshaho,"Bollywood movie Baadshaho (2017) is Directed By Milan Lutharia. Staring: Ajay Devgn, Emraan Hashmi, Vidyut Jammwal, Ileana D'Cruz, Esha Gupta",,"Baadshaho,2017,Action,Ajay Devgn, Emraan Hashmi, Vidyut Jammwal, Ileana D'Cruz, Esha Gupta",Milan Lutharia,2017-06-26,,"['Vidyut Jammwal', ""Ileana D'Cruz"", 'Emraan Hashmi', 'Esha Gupta', 'Ajay Devgn']"
Love Games,"Bollywood movie Love Games (2016) is Directed By Vikram Bhatt. Staring: Patralekha, Tara Alisha Berry, Gaurav Arora",,"Love Games,2016,Thriller,Patralekha, Tara Alisha Berry, Gaurav Arora",Vikram Bhatt,2017-08-27,,"['Patralekha', 'Tara Alisha Berry', 'Gaurav Arora']"
High Jack,"Bollywood movie High Jack (2018) is Directed By Akash Khurana. Staring: Sumeet Vyas , Sonnalli Seygall , Mantra , Taaruk Raina, Priyanshu Painyuli, Kumud Mishra , Natasha Rastogi ,",,"High Jack,2018,Comedy,Sumeet Vyas , Sonnalli Seygall , Mantra , Taaruk Raina, Priyanshu Painyuli, Kumud Mishra , Natasha Rastogi ,",Akash Khurana,2018-08-25,Phantom Films,"['Sumeet Vyas', 'Natasha Rastogi', 'Kumud Mishra', 'Priyanshu Painyuli', 'Sonnalli Seygall', 'Taaruk Raina', 'Mantra']"
Akira,"Bollywood movie Akira (2016) is Directed By A.R. Murugadoss. Staring: Sonakshi Sinha, Konkona Sen Sharma, Raai Laxmi, Amit Sadh, Anurag Kashyap, Atul Kulkarni",,"Akira,2016,Action/Drama,Sonakshi Sinha, Konkona Sen Sharma, Raai Laxmi, Amit Sadh, Anurag Kashyap, Atul Kulkarni",A.R. Murugadoss,2017-08-27,,"['Anurag Kashyap', 'Konkona Sen Sharma', 'Amit Sadh', 'Raai Laxmi', 'Atul Kulkarni', 'Sonakshi Sinha']"
Ki & Ka,"Bollywood movie Ki & Ka (2016) is Directed By R. Balki. Staring: Kareena Kapoor, Arjun Kapoor, Amitabh Bachchan, Jaya Bachchan",,"Ki & Ka,2016,Romance/Comedy,Kareena Kapoor, Arjun Kapoor, Amitabh Bachchan, Jaya Bachchan",R. Balki,2017-08-27,,"['Arjun Kapoor', 'Jaya Bachchan', 'Amitabh Bachchan', 'Kareena Kapoor']"
Raees,"Bollywood movie Raees (2017) is Directed By Rahul Dholakia. Staring: Shah Rukh Khan, Mahira Khan, Nawazuddin Siddiqui",,"Raees,2017,Action/Thriller,Shah Rukh Khan, Mahira Khan, Nawazuddin Siddiqui",Rahul Dholakia,2017-06-26,,"['Shah Rukh Khan', 'Nawazuddin Siddiqui', 'Mahira Khan']"
Kapoor & Sons,"Bollywood movie Kapoor & Sons (2016) is Directed By Shakun Batra. Staring: Sidharth Malhotra, Alia Bhatt, Fawad Khan, Rishi Kapoor",,"Kapoor & Sons,2016,Drama/Comedy,Sidharth Malhotra, Alia Bhatt, Fawad Khan, Rishi Kapoor",Shakun Batra,2017-08-27,,"['Fawad Khan', 'Sidharth Malhotra', 'Rishi Kapoor', 'Alia Bhatt']"
Nil Battey Sannata,"Bollywood movie Nil Battey Sannata (2016) is Directed By Ashwini Iyer Tiwari. Staring: Swara Bhaskar, Ratna Pathak, Pankaj Tripathi, Sanjay Suri",,"Nil Battey Sannata,2016,Comedy/Drama,Swara Bhaskar, Ratna Pathak, Pankaj Tripathi, Sanjay Suri",Ashwini Iyer Tiwari,2017-08-27,,"['Swara Bhaskar', 'Sanjay Suri', 'Ratna Pathak', 'Pankaj Tripathi']"
Force 2,"Bollywood movie Force 2 (2016) is Directed By Abhinay Deo. Staring: John Abraham, Sonakshi Sinha, Tahir Raj Bhasin",,"Force 2,2016,Action,John Abraham, Sonakshi Sinha, Tahir Raj Bhasin",Abhinay Deo,2017-08-27,,"['John Abraham', 'Sonakshi Sinha', 'Tahir Raj Bhasin']"
Chaar Sahibzaade: Rise of Banda Singh Bahadur,Bollywood movie Chaar Sahibzaade: Rise of Banda Singh Bahadur (2016) is Directed By Harry Baweja. Staring: Harman Baweja,,"Chaar Sahibzaade: Rise of Banda Singh Bahadur,2016,Action/Drama/Animation,Harman Baweja",Harry Baweja,2017-08-27,,Harman Baweja
Baaghi,"Bollywood movie Baaghi (2016) is Directed By Sabbir Khan. Staring: Tiger Shroff, Shraddha Kapoor, Sudheer Babu, Sunil Grover",,"Baaghi,2016,Action,Tiger Shroff, Shraddha Kapoor, Sudheer Babu, Sunil Grover",Sabbir Khan,2017-08-27,,"['Sunil Grover', 'Sudheer Babu', 'Tiger Shroff', 'Shraddha Kapoor']"
Bhavesh Joshi Superhero,"Bollywood movie Bhavesh Joshi Superhero (2018) is Directed By Vikramaditya Motwane. Staring: Harshvardhan Kapoor , Priyanshu Painyuli, Nishikant Kamat,",,"Bhavesh Joshi Superhero,2018,Action,Harshvardhan Kapoor , Priyanshu Painyuli, Nishikant Kamat,",Vikramaditya Motwane,2018-08-25,"Phantom Films, Eros International","['Priyanshu Painyuli', 'Nishikant Kamat', 'Harshvardhan Kapoor']"
G Kutta Se,"Bollywood movie G Kutta Se (2017) is Directed By Rahul Dahiya. Staring: Rajbeer Singh, Neha Chauhan, Rashmi Singh Somvanshi, Nitin Pandit, Sandeep Goyat, Parth Sharma, Vibh Tyagi",,"G Kutta Se,2017,Drama,Rajbeer Singh, Neha Chauhan, Rashmi Singh Somvanshi, Nitin Pandit, Sandeep Goyat, Parth Sharma, Vibh Tyagi",Rahul Dahiya,2017-06-26,,"['Vibh Tyagi', 'Sandeep Goyat', 'Rashmi Singh Somvanshi', 'Nitin Pandit', 'Rajbeer Singh', 'Parth Sharma', 'Neha Chauhan']"
Tere Bin Laden: Dead or Alive,"Bollywood movie Tere Bin Laden: Dead or Alive (2016) is Directed By Abhishek Sharma. Staring: Manish Paul, Sikander Kher, Pradhuman Singh, Ali Zafar, Sugandha Ram",,"Tere Bin Laden: Dead or Alive,2016,Comedy,Manish Paul, Sikander Kher, Pradhuman Singh, Ali Zafar, Sugandha Ram",Abhishek Sharma,2017-08-27,,"['Pradhuman Singh', 'Sugandha Ram', 'Ali Zafar', 'Manish Paul', 'Sikander Kher']"
Nirdosh,"Bollywood movie Nirdosh (2018) is Directed By Pradeep Rangwani. Staring: Arbaaz Khan , Manjari Fadnis , Ashmit Patel , Mukul Dev ,Mahek Chahal ,",,"Nirdosh,2018,Thriller,Arbaaz Khan , Manjari Fadnis , Ashmit Patel , Mukul Dev ,Mahek Chahal ,",Pradeep Rangwani,2018-08-25,UV Films,"['Ashmit Patel', 'Mukul Dev', 'Manjari Fadnis', 'Arbaaz Khan', 'Mahek Chahal']"
JD,"Bollywood movie JD (2017) is Directed By Shailendra Pandey. Staring: Govind Namdev, Aman Verma, Vedita Pratap Singh, Arvind Gaur",,"JD,2017,Drama/Thriller,Govind Namdev, Aman Verma, Vedita Pratap Singh, Arvind Gaur",Shailendra Pandey,2017-06-26,,"['Aman Verma', 'Vedita Pratap Singh', 'Govind Namdev', 'Arvind Gaur']"
Loveyatri,"Bollywood movie Loveyatri (2018) is Directed By Abhiraj Minawala. Staring: Aayush Sharma, Warina Hussain,",,"Loveyatri,2018,Romantic,Aayush Sharma, Warina Hussain,",Abhiraj Minawala,2018-08-25,Salman Khan Films,"['Aayush Sharma', 'Warina Hussain']"
Raaz Reboot,"Bollywood movie Raaz Reboot (2016) is Directed By Vikram Bhatt. Staring: Emraan Hashmi, Kriti Kharbanda, Gaurav Arora, Suzanna Mukherjee",,"Raaz Reboot,2016,Horror,Emraan Hashmi, Kriti Kharbanda, Gaurav Arora, Suzanna Mukherjee",Vikram Bhatt,2017-08-27,,"['Suzanna Mukherjee', 'Gaurav Arora', 'Kriti Kharbanda', 'Emraan Hashmi']"
Downup The Exit 796,"Bollywood movie Downup The Exit 796 (2018) is Directed By Jaimin Bal. Staring: Yatin Karyekar , Vinayak Mishra, Kirti Swaly,",,"Downup The Exit 796,2018,Thriller,Yatin Karyekar , Vinayak Mishra, Kirti Swaly,",Jaimin Bal,2018-08-25,Jaimin Bal Entertainment,"['Kirti Swaly', 'Vinayak Mishra', 'Yatin Karyekar']"
Drive,"Drive is an upcoming action thriller film ready to release on Netflix on 1st Nov 2019. Movie is directed by Tarun Mansukhani and produced by Karan Johar. It features Sushant Singh Rajput, Jacqueline Fernandez, Vikramjeet Virk and Sapna Pabbi in the lead roles.",,"Drive,2019,Action,Sushant Singh Rajput, Jacqueline Fernandez, Vikramjeet Virk and Sapna Pabbi",Tarun Mansukhani,2019-10-18,"Dharma Productions, Karan Johar, Hiroo Yash Johar, Apoorva Mehta, Bhaumik Gondaliya","['Jacqueline Fernandez', 'Vikramjeet Virk and Sapna Pabbi', 'Sushant Singh Rajput']"
OK Jaanu,"Bollywood movie OK Jaanu (2017) is Directed By Shaad Ali. Staring: Aditya Roy Kapur, Shraddha Kapoor, Naseeruddin Shah, Leela Samson",,"OK Jaanu,2017,Romance/Drama,Aditya Roy Kapur, Shraddha Kapoor, Naseeruddin Shah, Leela Samson",Shaad Ali,2017-06-26,,"['Aditya Roy Kapur', 'Leela Samson', 'Naseeruddin Shah', 'Shraddha Kapoor']"
Global Baba,"Bollywood movie Global Baba (2016) is Directed By Manoj Sidheshwari Tewari. Staring: Abhimanyu Singh, Sandeepa Dhar, Ravi Kishan, Pankaj Tripathi, Sanjay Mishra, Akhilendra Mishra",,"Global Baba,2016,Satire,Abhimanyu Singh, Sandeepa Dhar, Ravi Kishan, Pankaj Tripathi, Sanjay Mishra, Akhilendra Mishra",Manoj Sidheshwari Tewari,2017-08-27,,"['Sandeepa Dhar', 'Pankaj Tripathi', 'Sanjay Mishra', 'Ravi Kishan', 'Abhimanyu Singh', 'Akhilendra Mishra']"
Welcome To New York,"Bollywood movie Welcome To New York (2018) is Directed By Chakri Toleti. Staring: Karan Johar , Diljit Dosanjh , Lara Dutta , Sonakshi Sinha ,Riteish Deshmukh , Boman Irani ,",,"Welcome To New York,2018,Comedy,Karan Johar , Diljit Dosanjh , Lara Dutta , Sonakshi Sinha ,Riteish Deshmukh , Boman Irani ,",Chakri Toleti,2018-08-25,Wiz Films,"['Karan Johar', 'Diljit Dosanjh', 'Riteish Deshmukh', 'Lara Dutta', 'Boman Irani', 'Sonakshi Sinha']"
Direct Ishq,"Bollywood movie Direct Ishq (2016) is Directed By Rajiv S. Ruia. Staring: Rajneesh Duggal, Nidhi Subbaiah, Arjun Bijlani",,"Direct Ishq,2016,Drama,Rajneesh Duggal, Nidhi Subbaiah, Arjun Bijlani",Rajiv S. Ruia,2017-08-27,,"['Rajneesh Duggal', 'Arjun Bijlani', 'Nidhi Subbaiah']"
Pataakha,"Bollywood movie Pataakha (2018) is Directed By Vishal Bhardwaj. Staring: Sanya Malhotra , Sunil Grover , Radhika Madan ,",,"Pataakha,2018,Drama,Sanya Malhotra , Sunil Grover , Radhika Madan ,",Vishal Bhardwaj,2018-08-25,"Kayta Productions, Vishal Bhardwaj Films","['Radhika Madan', 'Sunil Grover', 'Sanya Malhotra']"
Dobaara: See Your Evil,"Bollywood movie Dobaara: See Your Evil (2017) is Directed By Prawaal Raman. Staring: Huma Qureshi, Saqib Saleem, Adil Hussain, Lisa Ray, Rhea Chakraborty, Madalina Bellariu Ion, Abhishek Singh, Rysa Saujani",,"Dobaara: See Your Evil,2017,Horror,Huma Qureshi, Saqib Saleem, Adil Hussain, Lisa Ray, Rhea Chakraborty, Madalina Bellariu Ion, Abhishek Singh, Rysa Saujani",Prawaal Raman,2017-06-26,,"['Adil Hussain', 'Abhishek Singh', 'Huma Qureshi', 'Lisa Ray', 'Rysa Saujani', 'Saqib Saleem', 'Madalina Bellariu Ion', 'Rhea Chakraborty']"
Naam Shabana,"Bollywood movie Naam Shabana (2017) is Directed By Shivam Nair. Staring: Taapsee Pannu, Akshay Kumar, Manoj Bajpayee, Anupam Kher, Danny Denzongpa, Prithviraj Sukumaran",,"Naam Shabana,2017,Action/Thriller,Taapsee Pannu, Akshay Kumar, Manoj Bajpayee, Anupam Kher, Danny Denzongpa, Prithviraj Sukumaran",Shivam Nair,2017-06-26,,"['Manoj Bajpayee', 'Anupam Kher', 'Akshay Kumar', 'Danny Denzongpa', 'Taapsee Pannu', 'Prithviraj Sukumaran']"
Baar Baar Dekho,"Bollywood movie Baar Baar Dekho (2016) is Directed By Nitya Mehra. Staring: Katrina Kaif, Sidharth Malhotra, Ram Kapoor, Taaha Shah, Sarika, Sayani Gupta",,"Baar Baar Dekho,2016,Romance/Drama,Katrina Kaif, Sidharth Malhotra, Ram Kapoor, Taaha Shah, Sarika, Sayani Gupta",Nitya Mehra,2017-08-27,,"['Taaha Shah', 'Ram Kapoor', 'Katrina Kaif', 'Sidharth Malhotra', 'Sayani Gupta', 'Sarika']"
Udta Punjab,"Bollywood movie Udta Punjab (2016) is Directed By Abhishek Chaubey. Staring: Shahid Kapoor, Alia Bhatt, Kareena Kapoor, Diljit Dosanjh",,"Udta Punjab,2016,Crime,Shahid Kapoor, Alia Bhatt, Kareena Kapoor, Diljit Dosanjh",Abhishek Chaubey,2017-08-27,,"['Shahid Kapoor', 'Alia Bhatt', 'Diljit Dosanjh', 'Kareena Kapoor']"
Tubelight,"Bollywood movie Tubelight (2017) is Directed By Kabir Khan. Staring: Salman Khan, Sohail Khan, Zhu Zhu, Matin Rey Tangu, Mohammed Zeeshan Ayyub, Om Puri, Yashpal Sharma, Shah Rukh Khan (cameo)",,"Tubelight,2017,Action/Drama,Salman Khan, Sohail Khan, Zhu Zhu, Matin Rey Tangu, Mohammed Zeeshan Ayyub, Om Puri, Yashpal Sharma, Shah Rukh Khan (cameo)",Kabir Khan,2017-06-26,,"['Salman Khan', 'Sohail Khan', 'Om Puri', 'Yashpal Sharma', 'Matin Rey Tangu', 'Mohammed Zeeshan Ayyub', 'Zhu Zhu', 'Shah Rukh Khan (cameo)']"
Fryday,"Bollywood movie Fryday (2018) is Directed By Abhishek Dogra. Staring: Govinda, Varun Sharma, Sanjay Mishra, Brijendra Kala",,"Fryday,2018,Comedy,Govinda, Varun Sharma, Sanjay Mishra, Brijendra Kala",Abhishek Dogra,2018-09-08,Sajid Qureshi and PVR Pictures,"['Varun Sharma', 'Brijendra Kala', 'Sanjay Mishra', 'Govinda']"
Saanjh,"Bollywood movie Saanjh (2017) is Directed By Ajay Saklani. Staring: Aditi Charak, Vishal Parpagga, Rupeshwari Sharma, Asif Basra, Taranjit Kaur",,"Saanjh,2017,Drama,Aditi Charak, Vishal Parpagga, Rupeshwari Sharma, Asif Basra, Taranjit Kaur",Ajay Saklani,2017-06-26,,"['Vishal Parpagga', 'Rupeshwari Sharma', 'Asif Basra', 'Aditi Charak', 'Taranjit Kaur']"
Bollywood Diaries,"Bollywood movie Bollywood Diaries (2016) is Directed By K.D. Satyam. Staring: Raima Sen, Ashish Vidyarthi, Salim Diwan, Karuna Pandey, Vineet Kumar Singh",,"Bollywood Diaries,2016,Drama,Raima Sen, Ashish Vidyarthi, Salim Diwan, Karuna Pandey, Vineet Kumar Singh",K.D. Satyam,2017-08-27,,"['Raima Sen', 'Salim Diwan', 'Ashish Vidyarthi', 'Karuna Pandey', 'Vineet Kumar Singh']"
Trapped,"Bollywood movie Trapped (2017) is Directed By Vikramaditya Motwane. Staring: Rajkummar Rao, Geetanjali Thapa, Khushboo Upadhyay",,"Trapped,2017,Thriller,Rajkummar Rao, Geetanjali Thapa, Khushboo Upadhyay",Vikramaditya Motwane,2017-06-26,,"['Rajkummar Rao', 'Khushboo Upadhyay', 'Geetanjali Thapa']"
Parmanu: The Story Of Pokhran,"Bollywood movie Parmanu: The Story Of Pokhran (2018) is Directed By Abhishek Sharma. Staring: John Abraham , Diana Penty , Boman Irani ,",,"Parmanu: The Story Of Pokhran,2018,Action/drama,John Abraham , Diana Penty , Boman Irani ,",Abhishek Sharma,2018-08-25,"KAYTA Production, JA Entertainment","['Diana Penty', 'Boman Irani', 'John Abraham']"
Kaala,"Bollywood movie Kaala (2018) is Directed By Pa. Ranjith. Staring: Rajnikanth , Huma Qureshi , Nana Patekar ,",,"Kaala,2018,Action,Rajnikanth , Huma Qureshi , Nana Patekar ,",Pa. Ranjith,2018-08-25,"Wunderbar Films, Lyca Productions","['Rajnikanth', 'Nana Patekar', 'Huma Qureshi']"
Prakash Electronic,"Bollywood movie Prakash Electronic (2017) is Directed By Manoj Sharma. Staring: Hemant Pandey, Hrishitaa Bhatt, Sanjay Mishra, Manoj Pawa",,"Prakash Electronic,2017,Comedy,Hemant Pandey, Hrishitaa Bhatt, Sanjay Mishra, Manoj Pawa",Manoj Sharma,2017-06-26,,"['Hrishitaa Bhatt', 'Sanjay Mishra', 'Manoj Pawa', 'Hemant Pandey']"
Sui Dhaaga,"Bollywood movie Sui Dhaaga (2018) is Directed By Sharat Katariya. Staring: Varun Dhawan , Anushka Sharma ,",,"Sui Dhaaga,2018,Romance,Varun Dhawan , Anushka Sharma ,",Sharat Katariya,2018-08-25,Yash Raj Films,"['Varun Dhawan', 'Anushka Sharma']"
Bypass Road,"Bollywood movie Bypass Road (2019) is Directed By Naman Nitin Mukesh. Staring: Neil Nitin Mukesh | Adah Sharma,Shama Sikander,Gul Panag,Rajit Kapur",,"Bypass Road,2019,Mystery/Horror,Neil Nitin Mukesh | Adah Sharma,Shama Sikander,Gul Panag,Rajit Kapur",Naman Nitin Mukesh,2019-10-01,"Nnm Films, Neil Nitin Mukesh & Sonal Deshpande","['Neil Nitin Mukesh | Adah Sharma', 'Gul Panag', 'Rajit Kapur', 'Shama Sikander']"
Chhichhore,Bollywood movie Chhichhore (2019) is Directed By Nitesh Tiwari. Staring: Sushant Singh Rajput,,"Chhichhore,2019,Drama,Sushant Singh Rajput",Nitesh Tiwari,2018-11-03,"Nadiadwala Grandson Entertainment, Fox Star Studios",Sushant Singh Rajput
