0,dateCreated,dateModified,director,ratingCount,ratingValue,duration,bestRating,actor,worstRating,10,author
Ha Nacido una Estrella (1937),2018-08-21 00:16:42,2020-09-17 15:47:53,"['William A. Wellman', 'Jack Conway']",5.0,6.88,PT111M,10.0,"['Peggy Wood', 'Edgar Kennedy', 'Adolphe Menjou', ""Guinn 'Big Boy' Williams"", 'Elizabeth Jenns', 'Lionel Stander', 'Fredric March', 'J.C. Nugent', 'May Robson', 'Janet Gaynor', 'Andy Devine', 'Owen Moore']",1.0,Max Steiner,"['John Lee Mahin', 'Robert Carson', 'Adela Roger St. Johns', 'William A. Wellman', 'Dorothy Parker', 'David O. Selznick', 'Ring Lardner Jr.', 'Budd Schulberg', 'Ben Hecht', 'Alan Campbell']"
"Tómeme el Pulso, Doctor",2018-08-21 00:16:42,2020-09-18 04:05:22,Gregory La Cava,,,PT86M,,"['George Irving', 'Heinie Conklin', 'Bebe Daniels', 'Harry Cording', 'Guy Oliver', 'William Powell', 'Melbourne MacDowell', 'Charles Sellon', 'Richard Arlen']",,,"['Howard Emmett Rogers', 'Keene Thompson', 'George Marion Jr.', 'Nicholas T. Barrows']"
Mad City,2018-08-21 00:16:42,2020-09-29 13:15:18,Costa-Gavras,29.0,6.11,PT115M,10.0,"['Bobby Brewer', 'Alan Alda', 'Bill Nunn', 'Blythe Danner', 'Dustin Hoffman', 'Tammy Lauren', 'Nicole Fellows', 'Lucinda Jenney', 'Robert Prosky', 'William Atherton', 'Jay Leno', ""William O'Leary"", 'Jason Cottle', 'Raymond J. Barry', 'Ted Levine', 'John Travolta', 'Ebbe Roe Smith', 'Kyla Pratt', 'Larry King', 'Kurt Johnson', 'Akosua Busia', 'Patricia Smith', 'Kevin Cooney', 'Milton Davis Jr.', 'Mia Kirshner', 'Dyllan Christopher', 'John Landis', 'Chris Byrne', 'Charlie Holliday']",1.0,Thomas Newman,Tom Matthews
The calming,2020-09-13 12:26:47,2020-09-26 11:03:07,Fang Song,1.0,8.0,PT93M,10.0,"['Ye Yuzhu', 'Song Dijin', 'Xi Qi']",1.0,,Fang Song
Incidente en Ox-Bow,2018-08-21 00:16:42,2020-09-22 05:25:11,William A. Wellman,23.0,8.01,PT75M,10.0,"['Francis Ford', 'Mary Beth Hughes', 'William Eythe', 'Harry Davenport', 'Frank Conroy', 'Ted North', 'Dick Rich', 'Harry Morgan', 'Anthony Quinn', 'Paul Hurst', 'Victor Kilian', 'Jane Darwell', 'Matt Briggs', 'Dana Andrews', 'Marc Lawrence [I]', 'Henry Fonda']",1.0,Cyril J. Mockridge,"['Lamar Trotti', 'Walter Van Tilburg Clark']"
Ciudad Mágica,2018-08-21 00:16:42,2020-09-20 08:57:22,William A. Wellman,4.0,6.15,PT107M,10.0,"['Ned Sparks', 'Kent Smith', 'James Stewart', 'Regis Toomey', 'Jane Wyman', 'Wallace Ford']",1.0,Roy Webb,"['Joseph Krumgold', 'Robert Riskin']"
Hampa Dorada (1931),2018-08-21 00:16:42,2020-09-23 23:45:30,Mervyn LeRoy,15.0,6.36,PT80M,10.0,"['Ralph Ince', 'Edward G. Robinson', 'Glenda Farrell', 'Douglas Fairbanks Jr.', 'William Collier Jr.', 'Sidney Blackmer']",1.0,David Mendoza,"['W.R. Burnett', 'Darryl F. Zanuck', 'Robert Lord']"
Bad Grandpa,2018-08-21 00:16:42,2020-09-20 03:47:56,Jeff Tremaine,14.0,4.98,PT92M,10.0,"['Jackson Nicoll', 'Greg Harrison', 'Blythe Barrington-Hughes', 'Georgina Cates', 'Spike Jonze', 'Catherine Keener', 'Johnny Knoxville']",1.0,,"['Jeff Tremaine', 'Fax Bahr', 'Spike Jonze', 'Adam Small', 'Johnny Knoxville']"
¡Marchando!,2018-08-21 00:16:42,2020-09-17 20:44:07,Rob McKittrick,39.0,5.76,PT94M,10.0,"['Luis Guzmán', 'David Koechner', 'Chi McBride', 'Justin Long', 'Dane Cook', 'John Francis Daley', 'Ryan Reynolds', 'Jordan Ladd', 'Anna Faris']",1.0,"['Peaches', 'Adam Gorgoni']",Rob McKittrick
Espías Como Nosotros,2018-08-21 00:16:42,2020-09-22 13:14:59,John Landis,21.0,5.13,PT102M,10.0,"['Terry Gilliam', 'William Prince', 'Christopher Malcolm', 'Jim Staahl', 'Dan Aykroyd', 'Steve Forrest', 'Bruce Davison', 'Chevy Chase', 'Bob Hope', 'Donna Dixon', 'Charles McKeown', 'Bernie Casey']",1.0,Elmer Bernstein,"['Dan Aykroyd', 'Lowell Ganz', 'Dave Thomas', 'Babaloo Mandel']"
El Rey Pescador,2018-08-21 00:16:42,2020-09-24 08:43:23,Terry Gilliam,90.0,7.1,PT137M,10.0,"['Jayce Bartok', 'Lou Hancock', 'Dan Futterman', 'Mercedes Ruehl', 'Bradley Gregg', 'Jeff Bridges', 'Carlos Carrasco', 'Amanda Plummer', 'Ted Ross', 'Lara Harris', 'Michael Jeter', 'David Hyde Pierce', 'Kathy Najimy', 'Stephen Bridgewater', 'Al Fann', 'Christian Clemenson', 'Harry Shearer', 'Mark Bowden', 'Robin Williams']",1.0,"['Robert J. Walsh', 'George Fenton']",Richard LaGravenese
La Herencia del Viento (1999),2018-08-21 00:16:42,2020-09-20 00:17:03,Daniel Petrie,1.0,8.0,PT113M,10.0,"['Jim Meskimen', 'David Wells', 'Kathryn Morris', 'Lane Smith', 'John Cullum', 'George C. Scott', 'Jack Lemmon', 'Piper Laurie', 'Beau Bridges', 'Brad Greenquist', 'Peter Mackenzie', 'Tom Everett Scott']",1.0,Laurence Rosenthal,"['Jerome Lawrence', 'Nedrick Young', 'Harold Jacob Smith', 'Robert E. Lee']"
La Feria de la Vanidad,2018-08-21 00:16:42,2020-09-18 06:07:56,"['Lowell Sherman', 'Rouben Mamoulian']",1.0,7.0,PT84M,10.0,"['Frances Dee', 'Cedric Hardwicke', 'Billie Burke', 'Miriam Hopkins', 'Alison Skipworth', 'Doris Lloyd']",1.0,Roy Webb,"['Langdon Mitchell', 'William Makepeace Thackeray', 'Francis Edward Faragoh']"
Caravana de mujeres,2018-08-21 00:16:42,2020-09-18 18:03:58,William A. Wellman,24.0,6.37,PT118M,10.0,"['Denise Darcel', 'Julie Bishop', 'John McIntire', 'Henry Nakamura', 'Lenore Lonergan', 'Robert Taylor [I]', 'Hope Emerson']",1.0,"['Henry Russell', 'Jeff Alexander']","['Frank Capra', 'Charles Schnee']"
El Enemigo Público Número Uno,2018-08-21 00:16:42,2020-09-30 14:45:16,W.S. Van Dyke,12.0,6.1,PT93M,10.0,"['Leo Carrillo', 'Clark Gable', 'William Powell', 'Myrna Loy', 'Nat Pendleton']",1.0,William Axt,"['Joseph L. Mankiewicz', 'Oliver H.P. Garrett']"
Trabajo basura,2018-08-21 00:16:42,2020-09-26 02:02:42,Mike Judge,68.0,6.52,PT89M,10.0,"['Diedrich Bader', 'David Herman', 'Jennifer Aniston', 'Stephen Root', 'Gary Cole', 'Richard Riehle', 'Ron Livingston', 'Ajay Naidu']",1.0,John Frizzell,Mike Judge
Unbroken: Path to Redemption,2018-09-19 10:02:50,2020-09-23 20:12:18,Harold Cronk,,,PT98M,,"['Calvin Dean', 'Will Graham', 'Vincenzo Amato', 'Vicki Jo Costanzo', 'Derek Brandon', 'Lucky Afaratu', 'Gary Cole', 'Samuel Hunt', 'Bobby Campo', 'Merritt Patterson', 'Allison Bryant', 'David Cohen', 'David DeLuise', 'Vanessa Bell Calloway', 'Andrew Caldwell']",,Brandon Roberts,"['Laura Hillenbrand', 'Ken Hixon', 'Richard Friedenberg']"
El Hacha Justiciera,2018-08-21 00:16:42,2020-09-16 20:21:14,William A. Wellman,2.0,5.0,PT74M,10.0,"['Leslie Fenton', 'Loretta Young', 'Edward G. Robinson', 'Dudley Digges']",1.0,Bernhard Kaun,J. Grubb Alexander
Mujercitas (1949),2018-08-21 00:16:42,2020-09-16 18:58:05,Mervyn LeRoy,23.0,6.52,PT121M,10.0,"['Lucile Watson', 'Peter Lawford', 'June Allyson', ""Margaret O'Brien"", 'Mary Astor', 'C. Aubrey Smith', 'Janet Leigh', 'Rossano Brazzi', 'Elizabeth Taylor']",1.0,Adolph Deutsch,"['Andrew Solt', 'Sarah Y. Mason', 'Victor Heerman', 'Sally Benson', 'Louisa May Alcott']"
Memento,2018-08-21 00:16:42,2020-09-28 00:55:51,Christopher Nolan,628.0,8.41,PT113M,10.0,"['Joe Pantoliano', 'Harriet Sansom Harris', 'Jorja Fox', 'Russ Fega', 'Stephen Tobolowsky', 'Mark Boone Junior', 'Guy Pearce', 'Carrie-Anne Moss']",1.0,David Julyan,"['Jonathan Nolan', 'Christopher Nolan']"
Following,2018-08-21 00:16:42,2020-09-27 11:32:02,Christopher Nolan,80.0,7.57,PT69M,10.0,"['Lucy Russell', 'John Nolan', 'Alex Haw', 'Jeremy Theobald']",1.0,David Julyan,Christopher Nolan
Jackass,2018-08-21 00:16:42,2020-09-18 22:24:04,Jeff Tremaine,138.0,5.14,PT87M,10.0,"['Preston Lacy', 'Dave England', 'Chris Pontius', 'Johnny Knoxville', 'Ryan Dunn', 'Jeff Tremaine', 'Jason Acuña', 'Rakeyohn', 'Dimitry Elyashkevich', 'Tony Hawk', 'Mat Hoffman', 'Rip Taylor', 'Bam Margera', 'Spike Jonze', 'Stephanie Hodge', 'Brandon Dicamillo', 'Rick Kosick', 'Steve-O', 'Jess Margera', 'Henry Rollins']",1.0,"['Public Enemy', 'D. Boon', 'Minutemen']","['Johnny Knoxville', 'Jeff Tremaine', 'Spike Jonze']"
Aeropuerto Central,2018-08-21 00:16:42,2020-09-30 08:00:59,"['William A. Wellman', 'Alfred E. Green']",,,PT72M,,"['Willard Robertson', 'Sally Eilers', 'Claire McDowell', 'John Wayne', 'Arthur Vinton', 'Tom Brown', 'Richard Barthelmess', 'James Murray [I]', 'Grant Mitchell']",,"['Bernhard Kaun', 'Howard Jackson']","['Jack Moffitt', 'James Seymour', 'Rian James']"
Beginning,2020-07-24 10:19:34,2020-09-25 13:25:44,Dea Kulumbegashvili,1.0,2.0,PT130M,10.0,"['Ia Sukhitashvili', 'Rati Oneli', 'Kakha Kintsurashvili']",1.0,Nicolas Jaar,"['Dea Kulumbegashvili', 'Rati Oneli']"
Mumbai Diaries,2018-08-21 00:16:42,2020-09-18 23:05:06,Kiran Rao,,,PT100M,,"['Kitu Gidwani', 'Jitendra Shinde', 'Danish Hussain', 'Prateik', 'Kriti Malhotra', 'Monica Dogra', 'Aasha Pawar', 'Rohit Tiwari', 'Nafisa Amin Khan', 'Jyoti Pawar', 'Ashok Varma', 'Jehan Manekshaw', 'Aamir Khan', 'Sanjivani Oagle']",,Gustavo Santaolalla,Kiran Rao
La Batalla del Río de la Plata,2018-08-21 00:16:42,2020-09-20 03:43:51,"['Michael Powell', 'Emeric Pressburger']",8.0,5.99,PT119M,10.0,"['John Gregson', 'Jack Gwillim', 'Ian Hunter', 'Bernard Lee', 'Lionel Murton', 'Anthony Quayle']",1.0,Brian Easdale,"['Michael Powell', 'Emeric Pressburger']"
Jackass 2. Todavía más,2018-08-21 00:16:42,2020-09-17 03:21:26,Jeff Tremaine,82.0,5.62,PT95M,10.0,"['Ryan Dunn', 'Dave England', 'Bam Margera', 'Steve-O', 'Johnny Knoxville']",1.0,,"['Johnny Knoxville', 'Jeff Tremaine', 'Spike Jonze']"
Girl 6,2018-08-21 00:16:42,2020-09-16 17:16:51,Spike Lee,3.0,5.0,PT107M,10.0,"['Richard Belzer', 'John Cameron Mitchell', 'Theresa Randle', 'Michael Imperioli', 'Naomi Campbell', 'Chuck Jeffreys', 'Nelson Vasquez', 'Novella Nelson', 'Larry Pine', 'Arthur J. Nascarella', 'Ron Silver', 'Isaiah Washington', 'Debi Mazar', 'Jenifer Lewis', 'Thomas Jefferson Byrd', 'Kristen Wilson', 'Peter Berg', 'Billie Neal', 'Susan Batson', 'John Turturro', 'Madonna', 'Gretchen Mol', 'Leonard L. Thomas', 'Michele Kelly', 'Coati Mundi', 'Spike Lee', 'Ranjit Chowdhry', 'Quentin Tarantino', 'Delilah Cotto']",1.0,Prince,Suzan-Lori Parks
Han matado a un hombre blanco,2018-08-21 00:16:42,2020-09-21 03:50:05,Clarence Brown,3.0,7.69,PT87M,10.0,"['Elzie Emanuel', 'Will Geer', 'David Clarke', 'Harry Hayden', 'Charles Kemper', 'Elizabeth Patterson', 'Porter Hall', 'Juano Hernandez', 'Lela Bliss', 'David Brian', 'Claude Jarman Jr.']",1.0,Adolph Deutsch,"['Ben Maddow', 'William Faulkner']"
La Furia (1978),2018-08-21 00:16:42,2020-09-28 22:22:32,Brian De Palma,15.0,5.66,PT118M,10.0,"['John Cassavetes', 'Amy Irving', 'Charles Durning', 'Kirk Douglas', 'Andrew Stevens', 'Fiona Lewis', 'Carrie Snodgress']",1.0,John Williams [I],John Farris
Tigre y Dragón,2018-08-21 00:16:42,2020-09-18 06:56:39,Ang Lee,196.0,6.76,PT120M,10.0,"['Michelle Yeoh', 'Ziyi Zhang', 'Yun-Fat Chow', 'Chen Chang']",1.0,"['Tan Dun', 'Jorge Calandrelli']","['Du Lu Wang', 'Hui-Ling Wang']"
Jackass 2.5: Sin Cortes,2018-08-21 00:16:42,2020-09-14 21:32:07,Jeff Tremaine,14.0,4.57,PT64M,10.0,"['Jeff Tremaine', 'Preston Lacy', 'Dave England', 'Jason Acuña', 'Bam Margera', 'Chris Pontius', 'Spike Jonze', 'Johnny Knoxville', 'Dimitry Elyashkevich']",1.0,,
Bamboozled,2018-08-21 00:16:42,2020-09-20 04:03:16,Spike Lee,2.0,6.5,PT135M,10.0,"['Damon Wayans', 'Mos Def', 'Jada Pinkett Smith', 'Tommy Davidson', 'Susan Batson', 'Kim Director', 'Savion Glover', 'Michael Rapaport']",1.0,Terence Blanchard,Spike Lee
