0,gender,nationality,homeLocation,height,weight,knowsLanguage,makesOffer,birthDate
GrouPassion,Couple Female + Male,Latino/Hispanic,colombia,">5'4\"" - 5'6\"" [160cm - 170cm]",140 - 160 lbs [60 - 70 kg],"Spanish, English","['dildoing', 'tugging', 'cock sucking', 'dancing', 'asslicking', 'cum on face', 'ejaculation', 'flashing', 'couples fucking', 'ass fucking', 'dreaming', 'facesitting', 'blowjob', 'bdsm', 'creampie', 'enjoying', 'ball licking', 'dicksucking', 'camshow', 'ass to mouth', 'foursome', 'cum on ass', 'fucking hard', 'gagging', 'blowing', 'fisting', 'fucking machines', 'fucking', '3way', 'feet fuck', 'facial', 'dildo play', 'chatting', 'cum swapping', 'group sex', 'cumshot', 'anal play', 'ball sucking', 'cum inside', 'dildofucking', 'cum in pussy', 'handjob', 'cum in mouth', 'fingering', 'ass fingering', 'double penetration', 'deepthroat', 'asian massage', 'butt fuck', 'cumming']",2001.0
headusa,Female,Ebony,,">5'10\"" - 6\"" [175cm - 185cm]",160 - 180 lbs [70 - 80 kg],English,"['sucking', 'dicksucking', 'teasing', 'camshow', 'female domination', 'masturbation', 'blowjob', 'gagging', 'blowing']",1992.0
LeKsa_LeKsa,Female,White/Caucasian,Cehia,">5'4\"" - 5'6\"" [160cm - 170cm]",100 - 120 lbs [46 - 55 kg],English,"['dildoing', 'dancing', 'lovense', 'massage', 'dreaming', 'pussyfucking', 'enjoying', 'sucking', 'dicksucking', 'teasing', 'kissing', 'camshow', 'stripping', 'swallowing', 'facial', 'dildo play', 'chatting', 'dildofucking', 'fingering', 'ass fingering', 'deepthroat', 'smoking', 'rubbing']",1997.0
connyprinz,Female,Latino/Hispanic,Colombia,">5'7\"" - 5'9\"" [170cm - 175cm]",100 - 120 lbs [46 - 55 kg],"Spanish, English","['dildoing', 'cock sucking', 'dancing', 'asslicking', 'cum on face', 'ejaculation', 'flashing', 'couples fucking', 'ass fucking', 'love making', 'dreaming', 'facesitting', 'blowjob', 'bdsm', 'creampie', 'enjoying', 'ball licking', 'dicksucking', 'kissing', 'camshow', 'ass to mouth', 'licking', 'foursome', 'cum on ass', 'fucking hard', 'gagging', 'blowing', 'fisting', 'fucking machines', 'fucking', '3way', 'feet fuck', 'facial', 'bouncing', 'chatting', 'cumshot', 'anal play', 'ball sucking', 'cum inside', 'dildofucking', 'handjob', 'cum in mouth', 'fingering', 'ass fingering', 'double penetration', 'deepthroat', 'asian massage', 'jerking', 'dildo play', 'cumming']",2002.0
Kiera_Stone,Female,White/Caucasian,USA,">5'7\"" - 5'9\"" [170cm - 175cm]",120 - 140 lbs [55 - 63 kg],English,"['fucking pussy', 'dildoing', 'titlicking', 'cock sucking', 'dancing', 'asslicking', 'cum on face', 'ejaculation', 'female domination', 'massage', 'flashing', 'love making', 'dreaming', 'blowjob', 'bdsm', 'pussyfucking', 'enjoying', 'sucking', 'dicksucking', 'teasing', 'kissing', 'camshow', 'squirt', 'licking', 'cum on ass', 'fucking hard', 'gagging', 'blowing', 'stripping', 'cunnilingus', 'fucking', 'feet fuck', 'titty fuck', 'facial', 'dildo play', 'chatting', 'no fucking', 'cumshot', 'anal play', 'ball sucking', 'dildofucking', 'handjob', 'pussyrubbing', 'fingering', 'double penetration', 'deepthroat', 'masturbation', 'butt fuck', 'cumming', 'rubbing']",1987.0
SophiaWolfe,Female,Latino/Hispanic,Colombia,">5' - 5'3\"" [150cm - 160cm]",100 - 120 lbs [46 - 55 kg],"English, Spanish","['fucking pussy', 'tugging', 'titlicking', 'cock sucking', 'dancing', 'female domination', 'lovense', 'massage', 'flashing', 'ass fucking', 'love making', 'dreaming', 'blowjob', 'bdsm', 'pussyfucking', 'enjoying', 'sucking', 'dicksucking', 'teasing', 'kissing', 'camshow', 'licking', 'fucking hard', 'blowing', 'cum on tits', 'stripping', 'fucking', 'swallowing', 'feet fuck', 'titty fuck', 'facial', 'bouncing', 'chatting', 'dildo play', 'cumshot', 'anal play', 'dildofucking', 'ohmibod', 'handjob', 'pussyrubbing', 'fingering', 'ass fingering', 'double penetration', 'deepthroat', 'masturbation', 'butt fuck', 'cumming', 'rubbing']",2001.0
MichelCameron,Couple Female + Female,Latino/Hispanic,,>< 5' [150cm],90 - 100 lbs [40 - 45 kg],Spanish,"['fucking pussy', 'dildoing', 'tugging', 'cock sucking', 'dancing', 'asslicking', 'massage', 'flashing', 'ass fucking', 'pussyeating', 'love making', 'facesitting', 'blowjob', 'bdsm', 'pussyfucking', 'enjoying', 'sucking', 'dicksucking', 'teasing', 'kissing', 'camshow', 'pussylicking', 'ass to mouth', 'licking', 'fucking hard', 'gagging', 'blowing', 'fisting', 'fucking machines', 'stripping', 'fucking', 'swallowing', 'feet fuck', 'facial', 'girl on girl', 'dildo play', 'chatting', 'anal play', 'dildofucking', 'handjob', 'cum in mouth', 'rimming', 'pussyrubbing', 'fingering', 'ass fingering', 'double penetration', 'deepthroat', 'asian massage', 'butt fuck', 'rubbing']",2002.0
naughtysecret,Couple Female + Female,Latino/Hispanic,,">5'4\"" - 5'6\"" [160cm - 170cm]",90 - 100 lbs [40 - 45 kg],"Spanish, English","['fucking pussy', 'dildoing', 'cock sucking', 'dancing', 'asslicking', 'ejaculation', 'female domination', 'massage', 'couples fucking', 'flashing', 'ass fucking', 'love making', 'dreaming', 'facesitting', 'blowjob', 'bdsm', 'enjoying', 'sucking', 'dicksucking', 'fucking girls', 'teasing', 'kissing', 'camshow', 'ass to mouth', 'licking', 'foursome', 'gagging', 'blowing', 'stripping', 'cunnilingus', 'fucking', 'swallowing', 'feet fuck', 'facial', 'girl on girl', 'bouncing', 'chatting', 'dildo play', 'no fucking', 'anal play', 'dildofucking', 'rimming', 'fingering', 'ass fingering', 'double penetration', 'deepthroat', 'masturbation', 'asian massage', 'butt fuck', 'rubbing']",1999.0
AliceJohnsonn,Female,White/Caucasian,Colombia,">5'4\"" - 5'6\"" [160cm - 170cm]",90 - 100 lbs [40 - 45 kg],"Spanish, English","['dildoing', 'cock sucking', 'dancing', 'lovense', 'massage', 'flashing', 'pussyfucking', 'enjoying', 'dicksucking', 'teasing', 'camshow', 'licking', 'stripping', 'feet fuck', 'bouncing', 'chatting', 'dildofucking', 'handjob', 'pussyrubbing', 'fingering', 'ass fingering', 'masturbation', 'jerking', 'dildo play']",2000.0
AnnieeHall,Female,Latino/Hispanic,Colombia,">5'4\"" - 5'6\"" [160cm - 170cm]",100 - 120 lbs [46 - 55 kg],"Spanish, English","['fucking pussy', 'dildoing', 'cock sucking', 'dancing', 'ejaculation', 'lovense', 'dreaming', 'blowjob', 'pussyfucking', 'enjoying', 'sucking', 'dicksucking', 'teasing', 'kissing', 'camshow', 'squirt', 'swallowing', 'feet fuck', 'facial', 'dildo play', 'anal play', 'dildofucking', 'ohmibod', 'pussyrubbing', 'deepthroat', 'masturbation', 'jerking', 'smoking', 'cumming', 'rubbing']",2002.0
maryevans-,Female,Ebony,Colombia,">5' - 5'3\"" [150cm - 160cm]",100 - 120 lbs [46 - 55 kg],"Russian, English","['fucking pussy', 'dildoing', 'cock sucking', 'dancing', 'asslicking', 'female domination', 'lovense', 'massage', 'flashing', 'ass fucking', 'pussyeating', 'love making', 'dreaming', 'blowjob', 'bdsm', 'pussyfucking', 'enjoying', 'sucking', 'teasing', 'kissing', 'camshow', 'pussylicking', 'licking', 'cum on ass', 'fucking hard', 'gagging', 'stripping', 'cunnilingus', 'fucking', 'swallowing', '3way', 'feet fuck', 'facial', 'dildo play', 'chatting', 'anal play', 'dildofucking', 'cum in pussy', 'ohmibod', 'handjob', 'cum in mouth', 'pussyrubbing', 'fingering', 'ass fingering', 'deepthroat', 'masturbation', 'jerking', 'butt fuck', 'cumming', 'rubbing']",2000.0
SunyAndersonX,Female,Latino/Hispanic,Colombia,">5'4\"" - 5'6\"" [160cm - 170cm]",100 - 120 lbs [46 - 55 kg],"Spanish, English","['cock sucking', 'female domination', 'lovense', 'massage', 'flashing', 'love making', 'dreaming', 'blowjob', 'enjoying', 'sucking', 'ball licking', 'kissing', 'camshow', 'licking', 'blowing', 'fisting', 'stripping', 'fucking', 'swallowing', 'girl on girl', 'chatting', 'no fucking', 'cumshot', 'ball sucking', 'dildofucking', 'ohmibod', 'handjob', 'ass fingering', 'masturbation', 'dildo play', 'rubbing']",2002.0
cutekimmforu,Female,Asian,russia,">5' - 5'3\"" [150cm - 160cm]",100 - 120 lbs [46 - 55 kg],"English, Russian","['enjoying', 'stripping', 'sucking', 'dildoing', 'cock sucking', 'dancing', 'dicksucking', 'camshow', 'lovense', 'squirt', 'ass fucking', 'chatting', 'smoking', 'dreaming', 'jerking', 'blowjob', 'dildofucking', 'dildo play']",2001.0
Cyrda07,Male,,Czech Republic,">5'10\"" - 6\"" [175cm - 185cm]",,,,
AlanaBruts,,,Colombia,,,,,1997.0
AnaUribe,Female,Latino/Hispanic,Colombia,">5' - 5'3\"" [150cm - 160cm]",90 - 100 lbs [40 - 45 kg],Spanish,"['dildoing', 'cock sucking', 'dancing', 'cum on face', 'ejaculation', 'lovense', 'ass fucking', 'bdsm', 'blowjob', 'creampie', 'dicksucking', 'stripping', 'anal play', 'dildofucking', 'cum in mouth', 'ass fingering', 'double penetration', 'deepthroat', 'masturbation', 'dildo play', 'cumming']",1999.0
GabyJaramillo,Female,Latino/Hispanic,,">5'4\"" - 5'6\"" [160cm - 170cm]",100 - 120 lbs [46 - 55 kg],Spanish,"['dancing', 'lovense', 'flashing', 'ass fucking', 'dreaming', 'blowjob', 'enjoying', 'dicksucking', 'kissing', 'camshow', 'fucking hard', 'gagging', 'blowing', 'stripping', 'facial', 'bouncing', 'dildo play', 'anal play', 'dildofucking', 'fingering', 'masturbation', 'butt fuck']",1998.0
EvelynOwens,Female,Latino/Hispanic,Colombia,">5'4\"" - 5'6\"" [160cm - 170cm]",100 - 120 lbs [46 - 55 kg],"Spanish, English","['dildoing', 'titlicking', 'dancing', 'lovense', 'massage', 'flashing', 'pussyeating', 'dreaming', 'blowjob', 'pussyfucking', 'creampie', 'enjoying', 'sucking', 'dicksucking', 'teasing', 'kissing', 'camshow', 'pussylicking', 'squirt', 'licking', 'fucking hard', 'blowing', 'stripping', 'cunnilingus', 'swallowing', 'titty fuck', 'bouncing', 'chatting', 'cumshot', 'dildofucking', 'ohmibod', 'handjob', 'pussyrubbing', 'fingering', 'deepthroat', 'masturbation', 'jerking', 'dildo play', 'rubbing']",2001.0
clarisekidman,Female,Latino/Hispanic,,">5'4\"" - 5'6\"" [160cm - 170cm]",120 - 140 lbs [55 - 63 kg],"Spanish, English","['tugging', 'cock sucking', 'titlicking', 'dancing', 'asslicking', 'ejaculation', 'female domination', 'massage', 'flashing', 'dreaming', 'facesitting', 'blowjob', 'pussyfucking', 'creampie', 'enjoying', 'ball licking', 'dicksucking', 'kissing', 'camshow', 'ass to mouth', 'licking', 'muffdiving', 'cum on ass', 'fucking hard', 'gagging', 'blowing', 'cum on tits', 'stripping', 'fucking machines', 'fucking', 'feet fuck', 'facial', 'bouncing', 'chatting', 'dildo play', 'anal play', 'ball sucking', 'dildofucking', 'handjob', 'pussyrubbing', 'fingering', 'ass fingering', 'double penetration', 'deepthroat', 'masturbation', 'asian massage', 'jerking', 'butt fuck', 'cumming', 'rubbing']",1997.0
Jey-Key,Couple Female + Male,White/Caucasian,Россия,">5'4\"" - 5'6\"" [160cm - 170cm]",140 - 160 lbs [60 - 70 kg],"Russian, English","['dildoing', 'cock sucking', 'asslicking', 'cum on face', 'ejaculation', 'massage', 'couples fucking', 'flashing', 'ass fucking', 'love making', 'dreaming', 'facesitting', 'blowjob', 'bdsm', 'creampie', 'enjoying', 'sucking', 'ball licking', 'dicksucking', 'teasing', 'kissing', 'camshow', 'ass to mouth', 'licking', 'cum on ass', 'fucking hard', 'gagging', 'fisting', 'fucking', 'swallowing', 'facial', 'dildo play', 'chatting', 'anal play', 'ball sucking', 'cum inside', 'dildofucking', 'handjob', 'cum in mouth', 'fingering', 'ass fingering', 'double penetration', 'deepthroat', 'smoking', 'masturbation', 'asian massage', 'jerking', 'butt fuck', 'cumming', 'rubbing']",1993.0
Hanna_,Couple Female + Male,Latino/Hispanic,BongaCams,">5'4\"" - 5'6\"" [160cm - 170cm]",100 - 120 lbs [46 - 55 kg],"English, Spanish","['dildoing', 'cock sucking', 'dancing', 'asslicking', 'cum on face', 'ejaculation', 'massage', 'couples fucking', 'flashing', 'ass fucking', 'love making', 'dreaming', 'facesitting', 'blowjob', 'creampie', 'enjoying', 'ball licking', 'dicksucking', 'kissing', 'camshow', 'ass to mouth', 'licking', 'cum on ass', 'gagging', 'blowing', 'fisting', 'fucking', 'feet fuck', 'facial', 'dildo play', 'chatting', 'cum swapping', 'cumshot', 'anal play', 'ball sucking', 'cum inside', 'dildofucking', 'handjob', 'cum in mouth', 'rimming', 'fingering', 'ass fingering', 'double penetration', 'deepthroat', 'smoking', 'masturbation', 'jerking', 'butt fuck', 'cumming', 'rubbing']",1996.0
KatyEvans,Female,Latino/Hispanic,Colombia,">5'4\"" - 5'6\"" [160cm - 170cm]",140 - 160 lbs [60 - 70 kg],"Spanish, English","['fucking pussy', 'titlicking', 'cock sucking', 'dancing', 'lovense', 'massage', 'ass fucking', 'love making', 'blowjob', 'pussyfucking', 'enjoying', 'dicksucking', 'kissing', 'camshow', 'squirt', 'licking', 'fucking hard', 'blowing', 'stripping', 'fucking', 'feet fuck', 'bouncing', 'chatting', 'dildo play', 'cumshot', 'anal play', 'dildofucking', 'ohmibod', 'handjob', 'pussyrubbing', 'ass fingering', 'deepthroat', 'smoking', 'masturbation', 'butt fuck', 'cumming']",1996.0
Carla-Millan,Female,White/Caucasian,Colombia,">5' - 5'3\"" [150cm - 160cm]",90 - 100 lbs [40 - 45 kg],English,"['dildoing', 'cock sucking', 'dancing', 'asslicking', 'cum on face', 'ejaculation', 'flashing', 'couples fucking', 'ass fucking', 'love making', 'dreaming', 'facesitting', 'blowjob', 'bdsm', 'creampie', 'enjoying', 'ball licking', 'dicksucking', 'kissing', 'camshow', 'ass to mouth', 'foursome', 'cum on ass', 'fucking hard', 'gagging', 'blowing', 'fisting', 'fucking machines', 'fucking', '3way', 'feet fuck', 'facial', 'dildo play', 'chatting', 'cum swapping', 'cumshot', 'anal play', 'ball sucking', 'cum inside', 'dildofucking', 'handjob', 'cum in mouth', 'fingering', 'ass fingering', 'double penetration', 'deepthroat', 'asian massage', 'jerking', 'butt fuck', 'cumming']",2002.0
DannaHope,Female,Latino/Hispanic,Colombia,">5' - 5'3\"" [150cm - 160cm]",140 - 160 lbs [60 - 70 kg],"Spanish, English","['dildoing', 'cock sucking', 'dancing', 'lovense', 'massage', 'flashing', 'dreaming', 'facesitting', 'blowjob', 'enjoying', 'dicksucking', 'teasing', 'camshow', 'licking', 'fucking hard', 'blowing', 'stripping', 'fucking', 'feet fuck', 'facial', 'chatting', 'dildofucking', 'handjob', 'cum in mouth', 'fingering', 'deepthroat', 'masturbation', 'dildo play']",2000.0
Kamila5555555,Couple Female + Female,White/Caucasian,Россия,">5'4\"" - 5'6\"" [160cm - 170cm]",100 - 120 lbs [46 - 55 kg],"Russian, English","['fucking pussy', 'dildoing', 'tugging', 'cock sucking', 'titlicking', 'asslicking', 'female domination', 'lovense', 'massage', 'flashing', 'ass fucking', 'love making', 'dreaming', 'facesitting', 'blowjob', 'bdsm', 'pussyfucking', 'enjoying', 'sucking', 'ball licking', 'dicksucking', 'fucking girls', 'teasing', 'kissing', 'pussylicking', 'squirt', 'licking', 'muffdiving', 'fucking hard', 'fisting', 'stripping', 'cunnilingus', 'fucking', '3way', 'feet fuck', 'titty fuck', 'bouncing', 'chatting', 'dildo play', 'anal play', 'ball sucking', 'dildofucking', 'handjob', 'pussyrubbing', 'double penetration', 'deepthroat', 'masturbation', 'jerking', 'butt fuck', 'rubbing']",1994.0
paolaxm,Female,Latino/Hispanic,Colombia,">5'4\"" - 5'6\"" [160cm - 170cm]",140 - 160 lbs [60 - 70 kg],"Spanish, English","['dancing', 'massage', 'flashing', 'ass fucking', 'pussyfucking', 'camshow', 'fucking hard', 'stripping', 'fucking', 'feet fuck', 'chatting', 'anal play', 'dildofucking', 'fingering', 'ass fingering', 'deepthroat', 'masturbation', 'dildo play', 'cumming', 'rubbing']",1973.0
MelliMillers1,Female,Latino/Hispanic,colombia,">5'4\"" - 5'6\"" [160cm - 170cm]",100 - 120 lbs [46 - 55 kg],"Spanish, English","['fucking pussy', 'dildoing', 'cock sucking', 'lovense', 'love making', 'dreaming', 'blowjob', 'pussyfucking', 'kissing', 'camshow', 'fucking hard', 'blowing', 'stripping', 'fucking', 'dildo play', 'chatting', 'anal play', 'dildofucking', 'handjob', 'pussyrubbing', 'fingering', 'double penetration', 'masturbation', 'jerking', 'butt fuck', 'cumming', 'rubbing']",1995.0
Trent34,Muško,,United States,>[175cm - 185cm],[70 - 80 kg],,,
BabysSex24,Couple Female + Male,Latino/Hispanic,colombia,">5'4\"" - 5'6\"" [160cm - 170cm]",140 - 160 lbs [60 - 70 kg],Spanish,"['dildoing', 'tugging', 'cock sucking', 'dancing', 'asslicking', 'cum on face', 'flashing', 'couples fucking', 'ass fucking', 'dreaming', 'facesitting', 'blowjob', 'bdsm', 'creampie', 'enjoying', 'sucking', 'ball licking', 'dicksucking', 'teasing', 'camshow', 'ass to mouth', 'foursome', 'cum on ass', 'fucking hard', 'gagging', 'blowing', 'fisting', 'fucking machines', 'fucking', '3way', 'feet fuck', 'facial', 'dildo play', 'chatting', 'cum swapping', 'cumshot', 'anal play', 'ball sucking', 'cum inside', 'dildofucking', 'handjob', 'cum in mouth', 'fingering', 'ass fingering', 'double penetration', 'deepthroat', 'smoking', 'asian massage', 'butt fuck', 'cumming']",1995.0
JesseCooper,Female,Latino/Hispanic,,">5' - 5'3\"" [150cm - 160cm]",160 - 180 lbs [70 - 80 kg],English,"['dildoing', 'tugging', 'cock sucking', 'dancing', 'asslicking', 'cum on face', 'massage', 'flashing', 'ass fucking', 'pussyeating', 'love making', 'dreaming', 'facesitting', 'blowjob', 'pussyfucking', 'enjoying', 'sucking', 'ball licking', 'dicksucking', 'teasing', 'kissing', 'camshow', 'pussylicking', 'ass to mouth', 'licking', 'cum on ass', 'fucking hard', 'gagging', 'blowing', 'stripping', 'cunnilingus', 'fucking', 'swallowing', 'facial', 'dildo play', 'chatting', 'anal play', 'ball sucking', 'cum inside', 'dildofucking', 'handjob', 'cum in mouth', 'rimming', 'fingering', 'ass fingering', 'double penetration', 'deepthroat', 'butt fuck', 'cumming', 'rubbing']",2000.0
greicyass,Female,Latino/Hispanic,Wonderland,">5'4\"" - 5'6\"" [160cm - 170cm]",120 - 140 lbs [55 - 63 kg],"Spanish, English","['dildoing', 'cock sucking', 'dancing', 'asslicking', 'cum on face', 'ejaculation', 'flashing', 'couples fucking', 'ass fucking', 'dreaming', 'facesitting', 'blowjob', 'bdsm', 'creampie', 'enjoying', 'ball licking', 'dicksucking', 'kissing', 'camshow', 'ass to mouth', 'foursome', 'cum on ass', 'fucking hard', 'gagging', 'blowing', 'fisting', 'fucking machines', 'fucking', '3way', 'feet fuck', 'facial', 'bouncing', 'chatting', 'dildo play', 'cum swapping', 'cumshot', 'anal play', 'ball sucking', 'cum inside', 'dildofucking', 'handjob', 'cum in mouth', 'fingering', 'ass fingering', 'double penetration', 'deepthroat', 'asian massage', 'jerking', 'butt fuck', 'cumming']",1997.0
