0,ratingValue,2,3,reviewCount
CS Bilsyn ApS - Ribe,4.0,8.7739,55.3457,1.0
Dekra Bilsyn ApS - Lemvig (Storvogne),4.0,8.293807,56.542822,1.0
Applus Bilsyn - Ringsted,5.0,11.7989,55.4325,1.0
Bilsyn Plus - Taastrup,4.0,12.287681,55.648952,1.0
Applus Bilsyn - Kalundborg,5.0,11.105401,55.678217,1.0
Applus Bilsyn - Taulov,5.0,9.6273,55.5427,1.0
Bilsyn Plus - Virum,5.0,12.478803,55.78728,1.0
Udby Bilsyn og Antirust - Skallerup,5.0,11.9554,55.0647,1.0
Applus Bilsyn - Hørsholm Nord,5.0,12.4902,55.9009,1.0
Applus Bilsyn - Give,5.0,9.2292,55.8443,1.0
Bilsyn Plus - Gilleleje,5.0,12.321257,56.112026,1.0
Flex Bilsyn 4340,5.0,11.76096,55.622842,1.0
Applus Bilsyn - Nyborg,5.0,10.7703,55.3104,1.0
Bilsyn Plus - Slangerup,3.0,12.1561,55.8484,1.0
FDM test og bilsyn - Lyngby,5.0,12.5178,55.7687,1.0
Applus Bilsyn - Sønderborg,4.0,9.8184,54.9229,1.0
FDM test og bilsyn - Roskilde,5.0,12.0632,55.6262,1.0
FDM test og bilsyn - Silkeborg,5.0,9.5546,56.1881,1.0
Rikkos Bilsyn ApS,5.0,9.845457,55.852471,1.0
LB Bilsyn ApS - Aabenraa,5.0,9.4393,55.0033,1.0
Bilsyn Plus - Risskov,5.0,10.266,56.207,1.0
Himmerlands Bilsyn ApS - Aars,5.0,9.4935,56.8062,1.0
Applus Bilsyn - Valby,5.0,12.507623,55.648539,1.0
Bilsyn Plus - Hvidovre,5.0,12.463196,55.614551,1.0
FDM test og bilsyn - Vejle,5.0,9.5217,55.7068,1.0
Farum Synshal ApS,5.0,12.362,55.8211,1.0
Bilsyn Plus - Birkerød,4.0,12.4293,55.8269,1.0
Skagen Bilsyn A/S,5.0,10.5685,57.7338,1.0
Dekra Bilsyn Aps - Rønnede,5.0,12.027788,55.261153,1.0
Test- og Bilsyn Sønderborg v/Erik Bork,5.0,9.8186,54.9229,1.0
Applus Bilsyn - Thisted,4.0,8.7307,56.9639,1.0
Applus Bilsyn - Roskilde,5.0,12.063,55.6258,1.0
Midtsjællands Bilsyn - Skælskør,5.0,11.318,55.2533,1.0
Applus Bilsyn - Nørresundby,5.0,9.9512,57.0657,1.0
Applus Bilsyn - Svendborg,4.0,10.6056,55.0728,1.0
Jeppes Bilsyn ApS,4.0,9.4008,56.4493,1.0
Applus Bilsyn - Vordingborg,5.0,11.9015,54.9982,1.0
Dekra Bilsyn ApS - Frederikshavn,5.0,10.499295,57.442897,1.0
Applus Bilsyn - Nykøbing F Nord,5.0,11.881,54.7797,1.0
Applus Bilsyn - Aarhus Midt,5.0,10.1703,56.1511,1.0
Applus Bilsyn - Haderslev Nord,4.0,9.4747,55.2631,1.0
Bilsyn Plus - Herlev,4.0,12.4279,55.7152,1.0
Applus Bilsyn - Køge Midt,5.0,12.18414,55.475663,1.0
Applus Bilsyn - Frederikshavn Syd,5.0,10.5218,57.4196,1.0
Applus Bilsyn - Søborg,4.0,12.4865,55.7376,1.0
Applus Bilsyn - Nykøbing Sjælland,5.0,11.6596,55.9289,1.0
FDM test og bilsyn - Hjørring,4.0,10.0277,57.4563,1.0
Applus Bilsyn - Sorø,5.0,11.5601,55.4625,1.0
Bilsyn Slagelse,4.0,11.3993,55.4131,1.0
Applus Bilsyn - Fredericia Syd,5.0,9.6863,55.5437,1.0
Applus Bilsyn - Viborg,5.0,9.4038,56.4666,1.0
Assens Bilsyn I/S,5.0,9.9135,55.2595,1.0
Applus Bilsyn - Aalborg Øst,2.0,10.0172,57.0322,1.0
Applus Bilsyn - Helsingør,4.0,12.570211,56.026466,1.0
Applus Bilsyn - Birkerød,5.0,12.4381,55.8423,1.0
Synshallen Kærvej ApS - Sønderborg,5.0,9.7941,54.9248,1.0
Bilsyn Plus - Karlslunde,5.0,12.2351,55.5694,1.0
Applus Bilsyn - Holstebro Midt,5.0,8.6385,56.3668,1.0
LB Bilsyn ApS - Tønder,5.0,8.8862,54.95,1.0
Jysk-Bilsyn - Holbæk,4.0,11.7014,55.7138,1.0
Applus Bilsyn - Vejle Øst,5.0,9.566285,55.725142,1.0
Bilsyn Plus - Svenstrup,5.0,9.8539,56.9661,1.0
Pava Bilsyn - Ballerup,5.0,12.3766,55.7243,1.0
D1 Bilsyn ApS,5.0,12.3718,55.6825,1.0
Midtsjællands Bilsyn - Sorø,5.0,11.5637,55.4146,1.0
Applus Bilsyn - Ishøj,4.0,12.3252,55.6176,1.0
Bilsyn 4400 ApS,4.0,11.1005,55.6786,1.0
FDM test og bilsyn - Næstved,4.0,11.7905,55.2496,1.0
Bilsyn Plus - Østhimmerland,4.0,10.2236,56.9736,1.0
Applus Bilsyn - Aars,5.0,9.4929,56.8081,1.0
Applus Bilsyn - Lyngby,4.0,12.5173,55.789,1.0
FDM test og bilsyn - Aalborg,5.0,9.9249,57.0315,1.0
Synshallen Toftlund,5.0,9.0774,55.1924,1.0
HK Automobiler-Bilsyn ApS,5.0,11.7202,55.7085,1.0
Applus Bilsyn - Odense Nord,5.0,10.39,55.4251,1.0
Dekra Bilsyn ApS - Næstved,3.0,11.778632,55.248201,1.0
Slotsbyens Bilsyn ApS,5.0,12.279136,55.932193,1.0
Syddjurs Bilsyn A/S,4.0,10.4148,56.3072,1.0
Bilsyn Plus - Haarby,5.0,10.1325,55.2211,1.0
Applus Bilsyn - Lemvig,5.0,8.289,56.5424,1.0
Master Bilsyn ApS - Vallensbæk,4.0,12.3789,55.6439,1.0
Applus Bilsyn - Hillerød,5.0,12.2641,55.9308,1.0
Applus Bilsyn - Tilst,5.0,10.0942,56.1826,1.0
Dekra Bilsyn ApS - Holstebro,4.0,8.617537,56.378419,1.0
Dekra Bilsyn ApS - Ringkøbing,5.0,8.272532,56.08807,1.0
Pava Bilsyn - Skive,5.0,9.0188,56.5413,1.0
Larsen Bilsyn,2.0,12.2603,55.9472,1.0
Bilsyn Plus - Revninge,5.0,10.6505,55.4212,1.0
Applus Bilsyn - Vejle Midt,5.0,9.522205,55.708871,1.0
"Verners Bilsyn ApS - Viborg, Fabrikvej 16",5.0,9.4072,56.4698,1.0
FDM test og bilsyn - Fredericia,5.0,9.7173,55.5292,1.0
FDM test og bilsyn - Taastrup,5.0,12.289495,55.659553,1.0
Applus Bilsyn - Aalborg Midt,4.0,9.9226,57.0339,1.0
Bojesen Bilsyn ApS - Kjellerup,5.0,9.4154,56.2837,1.0
Applus Bilsyn - Odense Vest,5.0,10.3026,55.4184,1.0
Arno Bilsyn ApS - Hillerød,4.0,12.2755,55.9319,1.0
Bilsyn Plus - Silkeborg C,5.0,9.5596,56.190464,1.0
Fair Bilsyn ApS - Fælledvej,4.0,8.918776,55.767745,1.0
Applus Bilsyn - Skrydstrup,5.0,9.2506,55.2411,1.0
Øernes Bilsyn - Bogø,5.0,12.043189,54.917988,1.0
Bornholm - Bilsyn ApS,5.0,14.7078,55.107,1.0
FDM test og bilsyn - Ballerup,5.0,12.3739,55.7294,1.0
Bilsyn Stevns v/Andreas Agerskov,4.0,12.402515,55.305249,1.0
Dekra Bilsyn ApS - Brønderslev,4.0,9.959219,57.259092,1.0
Ebeltoft Bilsyn,4.0,10.6852,56.1809,1.0
Applus Bilsyn - Aarhus Nord,5.0,10.2434,56.2022,1.0
Applus Bilsyn - Dronninglund,5.0,10.2972,57.1652,1.0
Hjørring Synshal A/S,5.0,10.0193,57.4608,1.0
Bilsyn Plus - Nakskov,5.0,11.1626,54.8311,1.0
Applus Bilsyn - Tårnby,5.0,12.597383,55.623697,1.0
Dekra Bilsyn ApS - Lemvig,4.0,8.2956,56.541128,1.0
Applus Bilsyn - Gentofte,5.0,12.535,55.7568,1.0
Applus Bilsyn - Brønshøj,5.0,12.4821,55.7092,1.0
Applus Bilsyn - Østerbro,5.0,12.5708,55.6943,1.0
Næstved-Bilsyn - Elektrikervænget,5.0,11.7729,55.192,1.0
Svendborg Synshal ApS,5.0,10.5859,55.0769,1.0
Bilsyn Plus - Fårevejle,5.0,11.4394,55.8037,1.0
Applus Bilsyn - Helsinge Vest,5.0,12.1726,56.0199,1.0
Synspladsen.dk ApS - Hvidovre,5.0,12.4777,55.6115,1.0
Applus Bilsyn - Skærbæk,5.0,8.7645,55.1619,1.0
Pava Bilsyn - Nykøbing Mors,3.0,8.8436,56.8069,1.0
Bilsyn3000,3.0,12.571648,56.030446,1.0
Applus Bilsyn - Hvidovre,5.0,12.4676,55.6074,1.0
Bilsyn Plus - Villestofte,5.0,10.3043,55.418,1.0
Fyns Drive-In Bilsyn,5.0,10.0546,55.4142,1.0
Dekra Bilsyn ApS - Ry,5.0,9.79183,56.08271,1.0
Bilsyn Plus - Valby,5.0,12.509474,55.663532,1.0
Bilsyn HVVR ApS,5.0,12.11887,55.64141,1.0
Bilsyn Plus - Hedensted,5.0,9.712449,55.777767,1.0
Applus Bilsyn - Læsø,5.0,11.0071,57.2574,1.0
Flex Bilsyn 4550,4.0,11.503757,55.809846,1.0
Vallensbæk Synshal ApS,4.0,12.376061,55.643311,1.0
Applus Bilsyn - Herlev,5.0,12.4614,55.7331,1.0
Rødekro Bilsyn ApS,5.0,9.3516,55.0687,1.0
Himmerlands Bilsyn ApS - Nørager,4.0,9.6455,56.7023,1.0
Bilsyn Plus - Jyderup,5.0,11.4126,55.6602,1.0
Fair Bilsyn ApS - Grindsted,4.0,8.9318,55.760836,1.0
Midtsjællands Bilsyn - Korsør,5.0,11.1441,55.3492,1.0
Bojesen Bilsyn ApS - Silkeborg,5.0,9.5566,56.1885,1.0
Bilsyn Plus - Viborg,5.0,9.369959,56.45605,1.0
Bojesen Bilsyn ApS - Skive,5.0,9.0391,56.5629,1.0
Sydjysk Bilsyn ApS,5.0,9.494,55.2516,1.0
Applus Bilsyn - Ærø,5.0,10.4145,54.8484,1.0
Bilsyn Plus - Allerød,5.0,12.3508,55.883,1.0
Applus Bilsyn - Hjørring,5.0,9.9998,57.4561,1.0
Applus Bilsyn - Tønder,5.0,8.86,54.9449,1.0
Bilsyn Plus - Brønderslev,5.0,9.968375,57.270549,1.0
Trekantens Bilsyn ApS - Grindsted,5.0,8.9413,55.7584,1.0
Applus Bilsyn - Hørsholm Syd,5.0,12.4897,55.8967,1.0
Applus Bilsyn - Horsens Midt,4.0,9.8462,55.8536,1.0
"Verners Bilsyn ApS - Viborg, Vævervej 28",4.0,9.401,56.4644,1.0
Bilsyn Plus - Brøndby,4.0,12.4375,55.6572,1.0
Pava Bilsyn - Silkeborg ApS,5.0,9.568,56.2046,1.0
Applus Bilsyn - Vedbæk,5.0,12.5325,55.8379,1.0
Bilsyn Plus - Odense,4.0,10.4014,55.4013,1.0
Bilsyn Plus - Maribo,5.0,11.487,54.7756,1.0
Applus Bilsyn - Odense Syd,5.0,10.4014,55.35,1.0
Dekra Bilsyn ApS - Haderslev,4.0,9.48434,55.264737,1.0
Midtjysk bilsyn af 2016 ApS - Ejstrupholm,5.0,9.292064,55.965677,1.0
Bilsyn Plus - Bornholm,4.0,14.915236,55.07671,1.0
Synsgruppen Bilsyn ApS - Kirstinehøj,5.0,12.6146,55.6145,1.0
Applus Bilsyn - Silkeborg Nord,5.0,9.5631,56.1884,1.0
FDM Test og Bilsyn - Hillerød,5.0,12.2609,55.9269,1.0
Applus Bilsyn - Høng,5.0,11.2965,55.4876,1.0
Bilsyn Køge ApS,4.0,12.1757,55.4749,1.0
Applus Bilsyn - Ishøj Last,5.0,12.3272,55.6164,1.0
Applus Bilsyn - Horsens Vest,4.0,9.8179,55.8584,1.0
Thybilsyn.dk - Snedsted,5.0,8.4982,56.8516,1.0
Applus Bilsyn - Holbæk,5.0,11.7127,55.7023,1.0
Samsø Bilsyn v/Allan Jürgensen,4.0,10.5639,55.8233,1.0
Applus Bilsyn - Løgstør,5.0,9.2623,56.9584,1.0
Thybilsyn.dk - Thisted,5.0,8.6446,56.9378,1.0
Thybilsyn.dk - Silstrup,5.0,8.7379,56.969,1.0
Applus Bilsyn - Herfølge,5.0,12.1457,55.423,1.0
Fjerritslev Bilsyn ApS,5.0,9.2565,57.0883,1.0
Bilsyn Plus - Fredensborg,5.0,12.4135,55.987,1.0
Applus Bilsyn - Vejle Syd,4.0,9.5725,55.6849,1.0
Applus Bilsyn - Nakskov,5.0,11.1617,54.8247,1.0
Falster Bilsyn,5.0,12.0285,54.8884,1.0
Applus Bilsyn - Ølstykke,5.0,12.1384,55.7631,1.0
Bilsyn Langeland,5.0,10.7357,54.935,1.0
Bilsyn Plus - Otterup,4.0,10.4299,55.5206,1.0
Applus Bilsyn - Brande,5.0,9.1465,55.9327,1.0
Applus Bilsyn - Bogense,5.0,10.0864,55.552,1.0
Bilsyn4760.dk,5.0,11.8915,55.0215,1.0
FDM test og bilsyn - Aarhus V,5.0,10.1512,56.1747,1.0
Applus Bilsyn - Padborg,4.0,9.3417,54.8291,1.0
Pava Bilsyn - Slagelse,5.0,11.3389,55.4187,1.0
Applus Bilsyn - Nykøbing F Syd,5.0,11.8955,54.7587,1.0
Applus Bilsyn - Haslev,5.0,11.9401,55.3288,1.0
Bilsyn Plus - Ballerup,5.0,12.37085,55.74837,1.0
Bilsyn Svendborg ApS,5.0,10.6315,55.087,1.0
Pava Bilsyn - Faaborg,4.0,10.2345,55.1108,1.0
Applus Bilsyn - Frederikssund,5.0,12.0659,55.8473,1.0
Pava Bilsyn - Birkerød,4.0,12.435,55.842,1.0
Bojesen Bilsyn ApS - Holstebro,5.0,8.637821,56.382327,1.0
Bilsyn Plus - Gentofte,5.0,12.5102,55.7566,1.0
Applus Bilsyn - Skive,5.0,9.0419,56.5637,1.0
Broager Bilsyn v/Christian Jørgensen,5.0,9.6557,54.8935,1.0
Applus Bilsyn - Grindsted,5.0,8.9633,55.7573,1.0
Applus Bilsyn - Jyderup,5.0,11.414634,55.660625,1.0
Arno Bilsyn ApS - Albertlund,4.0,12.3397,55.6624,1.0
FDM test og bilsyn - Amager,5.0,12.6065,55.6227,1.0
LB Bilsyn ApS - Padborg,5.0,9.349,54.8447,1.0
Dekra Bilsyn ApS - Thisted,4.0,8.7222,56.9625,1.0
Applus Bilsyn - Silkeborg Syd,5.0,9.5756,56.1028,1.0
Bojesen Bilsyn ApS - Viborg,5.0,9.4101,56.417,1.0
Dekra Bilsyn ApS - Sæby,4.0,10.452075,57.313726,1.0
Applus Bilsyn - Glostrup,5.0,12.4186,55.6679,1.0
Sparbilsyn ApS - Hvidovre,5.0,12.4709,55.6241,1.0
Bilsyn Plus - Ringsted,4.0,11.800935,55.430685,1.0
Brønderslev Synshal,5.0,9.9535,57.262234,1.0
Bilsyn Plus - Aalborg,5.0,9.9226,57.0396,1.0
Bilsyn Plus - Espergærde,5.0,12.5453,55.981,1.0
Applus Bilsyn - Køge Nord,4.0,12.189,55.4852,1.0
Applus Bilsyn - Rødding,5.0,9.05595,55.375199,1.0
Frederiksværk Bilsyn,5.0,12.0043,55.982667,1.0
Skive Quick Syn,5.0,8.9983,56.5679,1.0
Applus Bilsyn - Kastrup,5.0,12.6136,55.6162,1.0
Applus Bilsyn - Maribo,5.0,11.4853,54.775,1.0
DANBILSYN ApS,5.0,12.437575,55.65994,1.0
Dekra Bilsyn ApS - Hurup,3.0,8.429713,56.749243,1.0
Applus Bilsyn - Ribe,5.0,8.7766,55.3477,1.0
JB bilsyn,4.0,11.889461,55.961706,1.0
Applus Bilsyn - Nykøbing Mors,5.0,8.8489,56.8035,1.0
Farsø Synshal ApS,5.0,9.3401,56.7597,1.0
St. Binderup Synshal A/S,5.0,9.5355,56.7407,1.0
Applus Bilsyn - Vejen Syd,5.0,9.1597,55.4712,1.0
Applus Bilsyn - Næstved Øst,5.0,11.794,55.2517,1.0
FDM test og bilsyn - Fredericia hos ALD,5.0,9.6964,55.5356,1.0
FDM test og bilsyn - Odense,5.0,10.3996,55.3556,1.0
Dekra Bilsyn ApS - Maribo,4.0,11.508793,54.779615,1.0
Applus Bilsyn - Ølgod,5.0,8.6363,55.8114,1.0
Nordsjællands Bilsyn ApS - Helsingør,4.0,12.567,56.0215,1.0
Applus Bilsyn - Fredericia Midt,5.0,9.7273,55.5695,1.0
Dekra Bilsyn ApS - Skjern,4.0,8.508289,55.950454,1.0
Dekra Bilsyn ApS - Nykøbing Falster,4.0,11.878592,54.779679,1.0
Dekra Bilsyn Aps - Silkeborg,5.0,9.571246,56.186967,1.0
Applus Bilsyn - Roskilde Øst,4.0,12.12602,55.642454,1.0
Øernes Bilsyn - Stege,5.0,12.2879,54.998,1.0
Applus Bilsyn - Greve,5.0,12.2651,55.5887,1.0
Vestsjællands Bilsyn ApS,5.0,11.3611,55.3865,1.0
Applus Bilsyn - Ringkøbing,5.0,8.2764,56.0887,1.0
Applus Bilsyn - Rønne,4.0,14.7293,55.0942,1.0
Applus Bilsyn - Skjern,5.0,8.488353,55.960066,1.0
Applus Bilsyn - Hadsund,5.0,10.1031,56.7379,1.0
Tønder Bilsyn,4.0,8.8724,54.9463,1.0
Autosyn Danmark A/S,4.0,12.173452,55.447071,1.0
BilsynRibe.dk ApS,5.0,8.7764,55.3452,1.0
Midtsjællands Bilsyn - Ringsted,5.0,11.7915,55.4279,1.0
Applus Bilsyn - Rødovre,5.0,12.4354,55.6748,1.0
Bilsyn Plus - Dianalund,5.0,11.4802,55.5324,1.0
Himmerlands Bilsyn ApS - Farsø,4.0,9.341,56.775,1.0
Pava Bilsyn - Grenaa,5.0,10.8745,56.4057,1.0
Applus Bilsyn - Billund,5.0,9.1027,55.7352,1.0
Sæby Bilsyn,5.0,10.450628,57.313892,1.0
Applus Bilsyn - Nørrebro,5.0,12.5457,55.7057,1.0
Hvidovre Synshal ApS,4.0,12.28155,55.38298,1.0
Sikker Bilsyn ApS - Thyholm,4.0,8.467058,56.665561,1.0
Hirtshals Synshal A/S,5.0,9.9824,57.5772,1.0
Pava Bilsyn - Farum,5.0,12.3664,55.8179,1.0
FDM test og bilsyn - Slagelse,4.0,11.3422,55.3955,1.0
Applus Bilsyn - Helsinge Øst,5.0,12.176393,56.022652,1.0
Applus Bilsyn - Aarup,5.0,10.056102,55.378047,1.0
Applus Bilsyn - Nexø,5.0,15.1276,55.0613,1.0
Trekantens Bilsyn ApS - Billund,5.0,9.1082,55.7342,1.0
Applus Bilsyn - Aalborg Vest,5.0,9.889133,57.021816,1.0
Applus bilsyn - Svebølle,3.0,11.2971,55.6491,1.0
Thybilsyn.dk - Nykøbing M.,5.0,8.8452,56.7855,1.0
Bilsyn Plus - Amager,5.0,12.6131,55.6149,1.0
Drive-In Bilsyn.dk ApS,5.0,12.3067,55.7509,1.0
Applus Bilsyn - Hornsyld,5.0,9.8639,55.7621,1.0
Applus Bilsyn - Horsens Nord,4.0,9.7835,55.8856,1.0
Roslev Bilsyn,5.0,8.9768,56.6945,1.0
Sikker Bilsyn ApS,4.0,8.587231,56.365658,1.0
Bilsyn Plus - Gundsømagle,5.0,12.160583,55.7379,1.0
Applus Bilsyn - Ans,5.0,9.5938,56.3088,1.0
MH Bilsyn,5.0,12.3719,55.8198,1.0
Henriks Synshal ApS,4.0,12.0777,55.8458,1.0
Applus Bilsyn - Slagelse Øst,5.0,11.36674,55.447668,1.0
Applus Bilsyn - Assens,5.0,9.8955,55.2612,1.0
Applus Bilsyn - Aarhus Syd,5.0,10.1285,56.1101,1.0
Bilsyn Plus - Sorø,4.0,11.565865,55.442927,1.0
Bilsyn Nyborg ApS,5.0,10.7926,55.3189,1.0
Grenaa Synshal v/Henrik Svendsen,5.0,10.8982,56.4199,1.0
Applus Bilsyn - Taastrup Last,5.0,12.244,55.6383,1.0
