0,telephone,postalCode,addressCountry,streetAddress,addressLocality,latitude,longitude
Park Ave CDs,407.447.7275,32803.0,United States,2916 Corrine Drive,Orlando,28.5674754,-81.3467041
Bikes Beans and Bordeaux Cafe,407.427.1440,32803.0,United States,3022 Corrine Drive,Orlando,28.5675083,-81.3452624
Warrior One,,32803.0,United States,2822 Corrine Drive,Orlando,28.5674906,-81.3472841
Stardust Video and Coffee,407.623.3393,32803.0,United States,1842 E. Winter Park Rd.,Orlando,28.5684649,-81.3465352
The Lovely Boutique Market,,32803.0,United States,2906 Corrine Drive,Orlando,28.5674939,-81.3470249
Redlight Redlight,,32803.0,United States,2810 Corrine Drive,Orlando,28.5675094,-81.3476857
Leu Gardens,,32803.0,United States,192- North Forest Avenue,Orlando,28.5439981,-81.3549434
Audubon Park Covenant Church,,32803.0,United States,3219 Chelsea Street,Orlando,28.5631079,-81.3431805
Emmanuel Episcopal Church,,32803.0,United States,1603 E. Winter Park Rd.,Orlando,28.5665895,-81.3456664
Kelly&#8217;s Homemade Ice Cream,321.226.8685,32803.0,United States,3114 Corrine Drive,Orlando,28.5675108,-81.3451842
La Femme Du Fromage,,32803.0,United States,3201 Corrine Drive,Orlando,28.5683502,-81.3437675
