0,jobTitle,addressRegion,faxNumber,streetAddress,addressLocality,postalCode
"Clary, James",Teacher,IN,260-495-7301,811 W. Renee Dr.,Fremont,46737.0
"Mansberger, Amy",First Grade,IN,260-495-2133,501 Toledo St.,Fremont,46737.0
"Duncan, Melissa",Guidance,IN,260-495-2133,501 Toledo St.,Fremont,46737.0
"Griffis, Kathy",Teacher,IN,260-495-7301,811 W. Renee Dr.,Fremont,46737.0
"LaPlace, Scott",Athletic Director,IN,260-495-7301,811 W. Renee Dr.,Fremont,46737.0
"Hardwick, Melissa",Teacher,IN,260-495-7301,811 W. Renee Dr.,Fremont,46737.0
"Concus, Christina",Keyboarding,IN,260-495-2133,501 Toledo St.,Fremont,46737.0
"Bock, April",Teacher,IN,260-495-7301,811 W. Renee Dr.,Fremont,46737.0
"David, Randy",Fourth Grade,IN,260-495-2133,501 Toledo St.,Fremont,46737.0
"Nofziger, Cheri",Teacher,IN,260-495-7301,811 W. Renee Dr.,Fremont,46737.0
"Brubaker, Miranda",Teacher,IN,260-495-7301,811 W. Renee Dr.,Fremont,46737.0
"Brewbaker, Sandy",Teacher,IN,260-495-7301,811 W. Renee Dr.,Fremont,46737.0
"Bryan, Eric",Principal,IN,260-495-2133,501 Toledo St.,Fremont,46737.0
"Cairl, Dan",Teacher,IN,260-495-7301,811 W. Renee Dr.,Fremont,46737.0
"Koch, Sarah",Teacher,IN,260-495-7301,811 W. Renee Dr.,Fremont,46737.0
"Miller, Candace",Music,IN,260-495-2133,501 Toledo St.,Fremont,46737.0
"Kuespert, Drew",Teacher,IN,260-495-7301,811 W. Renee Dr.,Fremont,46737.0
"Mohler, Greg",Principal,IN,260-495-7301,811 W. Renee Dr.,Fremont,46737.0
Mr. Eric Bryan,FES Principal,,(260)-495-2133,,,
"Skeens, Alexis",Secretary,IN,260-495-7301,811 W. Renee Dr.,Fremont,46737.0
Greg Mohler,FMS Principal,,(260) 495-7301,,,
"Bice, Vicki",Secretary,IN,260-495-7301,811 W. Renee Dr.,Fremont,46737.0
"Thober, Julie",Teacher,IN,260-495-7301,811 W. Renee Dr.,Fremont,46737.0
"Gilbert, Kelly",First Grade,IN,260-495-2133,501 Toledo St.,Fremont,46737.0
"Fowler, Betsy",Teacher,IN,260-495-7301,811 W. Renee Dr.,Fremont,46737.0
"Sherbondy, Cheryl",Teacher,IN,260-495-7301,811 W. Renee Dr.,Fremont,46737.0
"Handshy, Tami",Speech,IN,260-495-2133,501 Toledo St.,Fremont,46737.0
"Gaerte, Hunter",Physical Education,IN,260-495-2133,501 Toledo St.,Fremont,46737.0
"Heller, Sally",Teacher,IN,260-495-7301,811 W. Renee Dr.,Fremont,46737.0
"Thompson, Joni",Academic Coach,IN,260-495-2133,501 Toledo St.,Fremont,46737.0
"Greenler, Kasie",Science Teacher,IN,260-495-2133,501 Toledo St.,Fremont,46737.0
"Barroeta, Lisbeth",Teacher,IN,260-495-7301,811 W. Renee Dr.,Fremont,46737.0
"Barroeta, Lisbeth",Spanish,IN,260-495-2133,501 Toledo St.,Fremont,46737.0
"Concus, Christina",Teacher,IN,260-495-7301,811 W. Renee Dr.,Fremont,46737.0
"Stone, Lindsey",Teacher,IN,260-495-7301,811 W. Renee Dr.,Fremont,46737.0
"White, Terri",Teacher,IN,260-495-7301,811 W. Renee Dr.,Fremont,46737.0
"Camp, Gayle",Fourth Grade,IN,260-495-2133,501 Toledo St.,Fremont,46737.0
"Stukey, Jennifer",First Grade,IN,260-495-2133,501 Toledo St.,Fremont,46737.0
"Pentecost, Eric",Teacher,IN,260-495-7301,811 W. Renee Dr.,Fremont,46737.0
"Cain, Maria",Secretary,IN,260-495-2133,501 Toledo St.,Fremont,46737.0
"Adomaitis, Mary",Title 1,IN,260-495-2133,501 Toledo St.,Fremont,46737.0
"Conroy, Jeannie",Teacher,IN,260-495-7301,811 W. Renee Dr.,Fremont,46737.0
"Anderson, Jeanna",Third Grade,IN,260-495-2133,501 Toledo St.,Fremont,46737.0
"Senecal, Julie",Teacher,IN,260-495-7301,811 W. Renee Dr.,Fremont,46737.0
"Sacquitne, Mary",Second Grade,IN,260-495-2133,501 Toledo St.,Fremont,46737.0
"Sattison, Jessica",K-2 E-Learning Teacher,IN,260-495-2133,501 Toledo St.,Fremont,46737.0
"Squires, Jennifer",Teacher,IN,260-495-7301,811 W. Renee Dr.,Fremont,46737.0
