0,1,identifier,3,url
Gesangverein 1839 Adelsheim - Adventskonzert,2019-11-30T19:00,https://www.adelsheim.de/freizeit-tourismus/veranstaltungen/event/135-gesangverein-1839-adelsheim-adventskonzert.html,,https://www.adelsheim.de/freizeit-tourismus/veranstaltungen/event/135-gesangverein-1839-adelsheim-adventskonzert.html
Jugendfeuerwehr Leibenstadt- - Adventskaffee,2020-12-06T14:00,https://www.adelsheim.de/freizeit-tourismus/veranstaltungen/event/299-jugendfeuerwehr-leibenstadt-adventskaffee.html,,https://www.adelsheim.de/freizeit-tourismus/veranstaltungen/event/299-jugendfeuerwehr-leibenstadt-adventskaffee.html
abgesagt - SV Germania Adelsheim - Sportfest,2020-07-17,https://www.adelsheim.de/freizeit-tourismus/veranstaltungen/event/259-sv-germania-adelsheim-sportfest.html,,https://www.adelsheim.de/freizeit-tourismus/veranstaltungen/event/259-sv-germania-adelsheim-sportfest.html
Gesangverein 1839 Adelsheim - Schloßgrabenkonzert,2019-07-13T18:30,https://www.adelsheim.de/freizeit-tourismus/veranstaltungen/event/97-gesangverein-1839-adelsheim-schlossgrabenkonzert.html,,https://www.adelsheim.de/freizeit-tourismus/veranstaltungen/event/97-gesangverein-1839-adelsheim-schlossgrabenkonzert.html
V.I.S.A. Schwimmbadförderverein Jahreshauptversammlung,2020-07-10T19:00,https://www.adelsheim.de/freizeit-tourismus/veranstaltungen/event/311-v-i-s-a-schwimmbadfoerderverein-jahreshauptversammlung.html,,https://www.adelsheim.de/freizeit-tourismus/veranstaltungen/event/311-v-i-s-a-schwimmbadfoerderverein-jahreshauptversammlung.html
abgesagt - DRK Adelsheim - Jahreshauptversammlung,2020-03-13T20:00,https://www.adelsheim.de/freizeit-tourismus/veranstaltungen/event/201-drk-adelsheim-jahreshauptversammlung.html,,https://www.adelsheim.de/freizeit-tourismus/veranstaltungen/event/201-drk-adelsheim-jahreshauptversammlung.html
VdK OV Adelsheim/ Sennfeld - Frühstück im Café Deimel,2020-10-31T09:00,https://www.adelsheim.de/freizeit-tourismus/veranstaltungen/event/283-vdk-ov-adelsheim-sennfeld-fruehstueck-im-cafe-deimel.html,None,https://www.adelsheim.de/freizeit-tourismus/veranstaltungen/event/283-vdk-ov-adelsheim-sennfeld-fruehstueck-im-cafe-deimel.html
THW Adelsheim - 50 jähriges Jubiläum - Tanz in der Fahrzeughalle,2019-09-14T20:00,https://www.adelsheim.de/freizeit-tourismus/veranstaltungen/event/108-thw-adelsheim-50-jaehriges-jubilaeum-tanz-in-der-fahrzeughalle.html,,https://www.adelsheim.de/freizeit-tourismus/veranstaltungen/event/108-thw-adelsheim-50-jaehriges-jubilaeum-tanz-in-der-fahrzeughalle.html
DRK OV Adelsheim - Zwiebelkuchenfest,2020-10-03T11:00,https://www.adelsheim.de/freizeit-tourismus/veranstaltungen/event/276-drk-ov-adelsheim-zwiebelkuchenfest.html,,https://www.adelsheim.de/freizeit-tourismus/veranstaltungen/event/276-drk-ov-adelsheim-zwiebelkuchenfest.html
Weihnachtsspielen der Feuerwehr- und Stadtkapelle Adelsheim,2019-12-22T13:30,https://www.adelsheim.de/freizeit-tourismus/veranstaltungen/event/146-weihnachtsspielen-der-feuerwehr-und-stadtkapelle-adelsheim.html,,https://www.adelsheim.de/freizeit-tourismus/veranstaltungen/event/146-weihnachtsspielen-der-feuerwehr-und-stadtkapelle-adelsheim.html
Kleintierzuchtverein - Lokalschau,2020-11-21,https://www.adelsheim.de/freizeit-tourismus/veranstaltungen/event/291-kleintierzuchtverein-lokalschau.html,,https://www.adelsheim.de/freizeit-tourismus/veranstaltungen/event/291-kleintierzuchtverein-lokalschau.html
SV Leibenstadt - Kerwe,2020-10-25T11:30,https://www.adelsheim.de/freizeit-tourismus/veranstaltungen/event/281-sv-leibenstadt-kerwe.html,,https://www.adelsheim.de/freizeit-tourismus/veranstaltungen/event/281-sv-leibenstadt-kerwe.html
Verband Wohngemeinschaft - Jahreshauptversammlung,2019-03-29T19:30,https://www.adelsheim.de/freizeit-tourismus/veranstaltungen/event/57-verband-wohngemeinschaft-jahreshauptversammlung-zunftheim-der-gaeaesswaermer.html,Restaurant Alessia,https://www.adelsheim.de/freizeit-tourismus/veranstaltungen/event/57-verband-wohngemeinschaft-jahreshauptversammlung-zunftheim-der-gaeaesswaermer.html
Jugendhaus Adelsheim - Weihnachtssession,2020-12-26T19:00,https://www.adelsheim.de/component/jem/event/308-jugendhaus-adelsheim-weihnachtssession.html,,https://www.adelsheim.de/component/jem/event/308-jugendhaus-adelsheim-weihnachtssession.html
SV Leibenstadt - Schlachtplattenessen,2020-11-28T15:00,https://www.adelsheim.de/freizeit-tourismus/veranstaltungen/event/290-sv-leibenstadt-schlachtplattenessen.html,,https://www.adelsheim.de/freizeit-tourismus/veranstaltungen/event/290-sv-leibenstadt-schlachtplattenessen.html
abgesagt - Gewerbeverein Adelsheim - Jahreshauptversammlung,2020-03-26T20:00,https://www.adelsheim.de/freizeit-tourismus/veranstaltungen/event/213-gewerbeverein-adelsheim-jahreshauptversammlung.html,,https://www.adelsheim.de/freizeit-tourismus/veranstaltungen/event/213-gewerbeverein-adelsheim-jahreshauptversammlung.html
Jugendhaus Adelsheim - Weihnachtssession,2020-12-26T19:00,https://www.adelsheim.de/freizeit-tourismus/veranstaltungen/event/308-jugendhaus-adelsheim-weihnachtssession.html,,https://www.adelsheim.de/freizeit-tourismus/veranstaltungen/event/308-jugendhaus-adelsheim-weihnachtssession.html
Gewerbeverein Adelsheim - Verkaufsoffener Sonntag,2019-07-07T13:00,https://www.adelsheim.de/freizeit-tourismus/veranstaltungen/event/94-gewerbeverein-adelsheim-verkaufsoffener-sonntag.html,,https://www.adelsheim.de/freizeit-tourismus/veranstaltungen/event/94-gewerbeverein-adelsheim-verkaufsoffener-sonntag.html
Justizvollzugsanstalt Adelsheim - Weihnachtsbasar,2020-11-28T09:00,https://www.adelsheim.de/freizeit-tourismus/veranstaltungen/event/296-justizvollzugsanstalt-adelsheim-weihnachtsbasar.html,,https://www.adelsheim.de/freizeit-tourismus/veranstaltungen/event/296-justizvollzugsanstalt-adelsheim-weihnachtsbasar.html
Bücherbörse - EBG,2020-11-22,https://www.adelsheim.de/freizeit-tourismus/veranstaltungen/event/292-buecherboerse-ebg.html,,https://www.adelsheim.de/freizeit-tourismus/veranstaltungen/event/292-buecherboerse-ebg.html
VfB Sennfeld Schlachtfest,2020-01-22T15:00,https://www.adelsheim.de/component/jem/event/174-vfb-sennfeld-schlachtfest.html,,https://www.adelsheim.de/component/jem/event/174-vfb-sennfeld-schlachtfest.html
Kinomobil,2020-01-28T15:00,https://www.adelsheim.de/component/jem/event/175-kinomobil.html,,https://www.adelsheim.de/component/jem/event/175-kinomobil.html
Förderverein des Kath. Kindergartens Don Bosco - Spielzeug und Fahrzeugbasar,2020-11-15T14:00,https://www.adelsheim.de/freizeit-tourismus/veranstaltungen/event/288-foerderverein-des-kath-kindergartens-don-bosco-spielzeug-und-fahrzeugbasar.html,,https://www.adelsheim.de/freizeit-tourismus/veranstaltungen/event/288-foerderverein-des-kath-kindergartens-don-bosco-spielzeug-und-fahrzeugbasar.html
Feuerwehr und Stadtkapelle - Weihnachtsspielen in allen Stadtteilen,2020-12-20,https://www.adelsheim.de/freizeit-tourismus/veranstaltungen/event/306-feuerwehr-und-stadtkapelle-weihnachtsspielen-in-allen-stadtteilen.html,None,https://www.adelsheim.de/freizeit-tourismus/veranstaltungen/event/306-feuerwehr-und-stadtkapelle-weihnachtsspielen-in-allen-stadtteilen.html
DRK - Blutspendetermin,2020-12-07T14:30,https://www.adelsheim.de/component/jem/event/300-drk-blutspendetermin.html,,https://www.adelsheim.de/component/jem/event/300-drk-blutspendetermin.html
Nachthemdenball,2020-02-21T20:30,https://www.adelsheim.de/freizeit-tourismus/veranstaltungen/event/185-nachthemdenball.html,,https://www.adelsheim.de/freizeit-tourismus/veranstaltungen/event/185-nachthemdenball.html
Förderverein EBG - Jahreshauptversammlung,2020-10-16T19:30,https://www.adelsheim.de/freizeit-tourismus/veranstaltungen/event/280-foerderverein-ebg-jahreshauptversammlung.html,,https://www.adelsheim.de/freizeit-tourismus/veranstaltungen/event/280-foerderverein-ebg-jahreshauptversammlung.html
Tag der offenen Tür - Historischer Arbeitskreis Sennfeld,2020-01-18T15:00,https://www.adelsheim.de/component/jem/event/170-tag-der-offenen-tuer-historischer-arbeitskreis-sennfeld.html,,https://www.adelsheim.de/component/jem/event/170-tag-der-offenen-tuer-historischer-arbeitskreis-sennfeld.html
Feuerwehr und Stadtkapelle - Weihnachtsspielen in allen Stadtteilen,2020-12-20,https://www.adelsheim.de/component/jem/event/306-feuerwehr-und-stadtkapelle-weihnachtsspielen-in-allen-stadtteilen.html,,https://www.adelsheim.de/component/jem/event/306-feuerwehr-und-stadtkapelle-weihnachtsspielen-in-allen-stadtteilen.html
Adelsheimer Herbst,2020-10-11T12:00,https://www.adelsheim.de/freizeit-tourismus/veranstaltungen/event/278-adelsheimer-herbst.html,,https://www.adelsheim.de/freizeit-tourismus/veranstaltungen/event/278-adelsheimer-herbst.html
Konzert der Konzertgemeinde Adelsheim,2020-01-19T11:00,https://www.adelsheim.de/component/jem/event/157-konzert-der-konzertgemeinde-adelsheim.html,,https://www.adelsheim.de/component/jem/event/157-konzert-der-konzertgemeinde-adelsheim.html
Tag der offenen Tür - Historischer Arbeitskreis Sennfeld,2020-01-18T15:00,https://www.adelsheim.de/freizeit-tourismus/veranstaltungen/event/170-tag-der-offenen-tuer-historischer-arbeitskreis-sennfeld.html,,https://www.adelsheim.de/freizeit-tourismus/veranstaltungen/event/170-tag-der-offenen-tuer-historischer-arbeitskreis-sennfeld.html
abgesagt - VdK OV Adelsheim/ Sennfeld - Vortrag über Darmkrebsvorsorge,2020-03-18,https://www.adelsheim.de/freizeit-tourismus/veranstaltungen/event/206-vdk-ov-adelsheim-sennfeld-vortrag-ueber-darmkrebsvorsorge.html,,https://www.adelsheim.de/freizeit-tourismus/veranstaltungen/event/206-vdk-ov-adelsheim-sennfeld-vortrag-ueber-darmkrebsvorsorge.html
Tag des offenen Denkmals,2020-09-13T14:00,https://www.adelsheim.de/freizeit-tourismus/veranstaltungen/event/271-tag-des-offenen-denkmals.html,,https://www.adelsheim.de/freizeit-tourismus/veranstaltungen/event/271-tag-des-offenen-denkmals.html
Heimatverein Sennfeld - Jahreshauptversammlung,2020-03-09T19:30,https://www.adelsheim.de/freizeit-tourismus/veranstaltungen/event/199-heimatverein-sennfeld-jahreshauptversammlung.html,,https://www.adelsheim.de/freizeit-tourismus/veranstaltungen/event/199-heimatverein-sennfeld-jahreshauptversammlung.html
Kinomobil,2020-01-28T15:00,https://www.adelsheim.de/freizeit-tourismus/veranstaltungen/event/175-kinomobil.html,,https://www.adelsheim.de/freizeit-tourismus/veranstaltungen/event/175-kinomobil.html
abgesagt - Gesangverein 1864 Leibenstadt - Kirchenkonzert,2020-03-14T19:00,https://www.adelsheim.de/freizeit-tourismus/veranstaltungen/event/202-gesangverein-1864-leibenstadt-kirchenkonzert.html,,https://www.adelsheim.de/freizeit-tourismus/veranstaltungen/event/202-gesangverein-1864-leibenstadt-kirchenkonzert.html
VfB Sennfeld Schlachtfest,2020-01-22T15:00,https://www.adelsheim.de/freizeit-tourismus/veranstaltungen/event/174-vfb-sennfeld-schlachtfest.html,,https://www.adelsheim.de/freizeit-tourismus/veranstaltungen/event/174-vfb-sennfeld-schlachtfest.html
abgesagt-Rathaustreff,2020-03-18T19:00,https://www.adelsheim.de/freizeit-tourismus/veranstaltungen/event/205-rathaustreff.html,,https://www.adelsheim.de/freizeit-tourismus/veranstaltungen/event/205-rathaustreff.html
Gemeinsame Gedenkfeier Volkstrauertag,2020-11-15T11:15,https://www.adelsheim.de/freizeit-tourismus/veranstaltungen/event/287-gemeinsame-gedenkfeier-volkstrauertag.html,,https://www.adelsheim.de/freizeit-tourismus/veranstaltungen/event/287-gemeinsame-gedenkfeier-volkstrauertag.html
Schmutziger Donnerstag,2020-02-20T17:33,https://www.adelsheim.de/freizeit-tourismus/veranstaltungen/event/184-schmutziger-donnerstag.html,,https://www.adelsheim.de/freizeit-tourismus/veranstaltungen/event/184-schmutziger-donnerstag.html
Adelsheim Leuchtet - Fassaden und Mauerprojektionen am Unterschloss,2020-12-12T17:00,https://www.adelsheim.de/freizeit-tourismus/veranstaltungen/event/304-adelsheim-leuchtet-fassaden-und-mauerprojektionen-am-unterschloss.html,None,https://www.adelsheim.de/freizeit-tourismus/veranstaltungen/event/304-adelsheim-leuchtet-fassaden-und-mauerprojektionen-am-unterschloss.html
