0,description,partOfSeries,episodeNumber
Benim İçin Üzülme / 40. Bölüm,40.0,benim-icin-uzulme,40.0
Düşman Kardeşler - 2. Bölüm,2.0,dusman-kardesler,2.0
G.Doğudan Öyküler Önce Vatan - 3. Bölüm,3.0,g.dogudan-oykuler-once-vatan,3.0
Suskunlar - 6. Bölüm,6.0,suskunlar,6.0
Lale Devri - 4. Bölüm,4.0,lale-devri,4.0
G.Doğudan Öyküler Önce Vatan - 5. Bölüm,5.0,g.dogudan-oykuler-once-vatan,5.0
Salih Kuşu - 5. Bölüm,5.0,salih-kusu,5.0
Suskunlar - 3. Bölüm,3.0,suskunlar,3.0
Lale Devri - 11. Bölüm,11.0,lale-devri,11.0
Suskunlar - 25. Bölüm,25.0,suskunlar,25.0
Benim İçin Üzülme / 50. Bölüm,50.0,benim-icin-uzulme,50.0
Salih Kuşu - 4. Bölüm,4.0,salih-kusu,4.0
Gamsız Hayat'ın 1. Bölümünü izlemek için tıklayın,,gamsiz-hayat,1.0
Fatih Harbiye / 26. Bölüm,26.0,fatih-harbiye,26.0
G.Doğudan Öyküler Önce Vatan - 2. Bölüm,2.0,g.dogudan-oykuler-once-vatan,2.0
Benim İçin Üzülme / 34. Bölüm,34.0,benim-icin-uzulme,34.0
Lale Devri - 5. Bölüm,5.0,lale-devri,5.0
Benim İçin Üzülme / 43. Bölüm,43.0,benim-icin-uzulme,43.0
Fatih Harbiye - 22. Bölüm,22.0,fatih-harbiye,22.0
Benim İçin Üzülme / 45. Bölüm,45.0,benim-icin-uzulme,45.0
Benim İçin Üzülme / 48. Bölüm,48.0,benim-icin-uzulme,48.0
Salih Kuşu - 10. Bölüm,10.0,salih-kusu,10.0
Benim İçin Üzülme / 39. Bölüm,39.0,benim-icin-uzulme,39.0
Suskunlar - 21. Bölüm,21.0,suskunlar,21.0
Suskunlar - 26. Bölüm,26.0,suskunlar,26.0
Düşman Kardeşler - 6. Bölüm,6.0,dusman-kardesler,6.0
Suskunlar - 22. Bölüm,22.0,suskunlar,22.0
Lale Devri - 9. Bölüm,9.0,lale-devri,9.0
Lale Devri - 8. Bölüm,8.0,lale-devri,8.0
Benim İçin Üzülme / 37. Bölüm,37.0,benim-icin-uzulme,37.0
G.Doğudan Öyküler Önce Vatan - 8. Bölüm,8.0,g.dogudan-oykuler-once-vatan,8.0
Lale Devri - 10. Bölüm,10.0,lale-devri,10.0
Suskunlar - 10. Bölüm,10.0,suskunlar,10.0
G.Doğudan Öyküler Önce Vatan - 9. Bölüm,9.0,g.dogudan-oykuler-once-vatan,9.0
G.Doğudan Öyküler Önce Vatan - 4. Bölüm,4.0,g.dogudan-oykuler-once-vatan,4.0
Mert'in aşk oyunu sarpa sarıyor! 4. Bölüm için tıklayın,,gamsiz-hayat,4.0
Düşman Kardeşler - 4. Bölüm,4.0,dusman-kardesler,4.0
Fatih Harbiye / 17. Bölüm,17.0,fatih-harbiye,17.0
Benim İçin Üzülme / 38. Bölüm,38.0,benim-icin-uzulme,38.0
Salih Kuşu - 6. Bölüm,6.0,salih-kusu,6.0
Mert ve Kaan kardeş mi? 2. Bölüm,,gamsiz-hayat,2.0
G.Doğudan Öyküler Önce Vatan - 11. Bölüm,11.0,g.dogudan-oykuler-once-vatan,11.0
Suskunlar - 17. Bölüm,17.0,suskunlar,17.0
Suskunlar - 28. Bölüm,28.0,suskunlar,28.0
"Mert, Ela'yı kurtaracak mı? 3. Bölümü izlemek için tıklayın",,gamsiz-hayat,3.0
Düşman Kardeşler - 5. Bölüm,5.0,dusman-kardesler,5.0
Lale Devri - 1. Bölüm,1.0,lale-devri,1.0
Fatih Harbiye / 18. Bölüm,18.0,fatih-harbiye,18.0
Benim İçin Üzülme / 41. Bölüm,41.0,benim-icin-uzulme,41.0
"Can, Ayşegül'e aşık mı oluyor? 3. Bölüm",3.0,iliski-durumu-karisik,3.0
G.Doğudan Öyküler Önce Vatan - 7. Bölüm,7.0,g.dogudan-oykuler-once-vatan,7.0
Salih Kuşu - 7. Bölüm,7.0,salih-kusu,7.0
Suskunlar - 13. Bölüm,13.0,suskunlar,13.0
Benim İçin Üzülme / 51. Bölüm,51.0,benim-icin-uzulme,51.0
Düşman Kardeşler - 11. Bölüm,11.0,dusman-kardesler,11.0
Lale Devri - 2. Bölüm,2.0,lale-devri,2.0
Fatih Harbiye / 25. Bölüm,25.0,fatih-harbiye,25.0
Dila Hanım / 47. Bölüm - 2,47.0,dila-hanim,47.0
Düşman Kardeşler - 7. Bölüm,7.0,dusman-kardesler,7.0
Benim İçin Üzülme / 49. Bölüm,49.0,benim-icin-uzulme,49.0
Salih Kuşu - 8. Bölüm,8.0,salih-kusu,8.0
Fatih Harbiye / 38. Bölüm,38.0,fatih-harbiye,38.0
Düşman Kardeşler - 1. Bölüm,1.0,dusman-kardesler,1.0
Lale Devri - 6. Bölüm,6.0,lale-devri,6.0
Lale Devri - 7. Bölüm,7.0,lale-devri,7.0
Salih Kuşu - 2. Bölüm,2.0,salih-kusu,2.0
Benim İçin Üzülme / 42. Bölüm,42.0,benim-icin-uzulme,42.0
Bebek İşi / 27. Bölüm,27.0,bebek-isi,27.0
Salih Kuşu - 1. Bölüm,1.0,salih-kusu,1.0
Benim İçin Üzülme / 47. Bölüm,47.0,benim-icin-uzulme,47.0
Düşman Kardeşler - 8. Bölüm,8.0,dusman-kardesler,8.0
Düşman Kardeşler - 10. Bölüm,10.0,dusman-kardesler,10.0
Benim İçin Üzülme / 36. Bölüm,36.0,benim-icin-uzulme,36.0
