0,description,dateCreated,duration,actor,genre,countryOfOrigin,ratingValue,bestRating,ratingCount,worstRating,startDate,director
Vidocq,"Digitally filmed neo-gothic biography of a 19th century super cop, starring Gérard Depardieu.",2001.0,,"['Moussa Maaskri', 'Fred Ulysse', 'Jean-Marc Thibault', 'Elsa Kikoïne', 'André Dussollier', 'Gilles Arbona', 'André Penvern', 'Gérard Depardieu', 'Guillaume Canet', 'Jean-Pol Dubois', 'Edith Scob', 'Isabelle Renauld', 'Inès Sastre', 'François Chattot', 'Jean-Pierre Gos']","['Thriller', 'Action']",France,3.0,5.0,11.0,1.0,2001-09-19,Pitof
Jasper: Journey to the End of the World,"Animation film about an inquisitive pinguin eager to see the world, who gets onboard an ocean liner.",2009.0,82.0,,Animation,Germany,3.3,5.0,3.0,1.0,2009-12-23,"['Kay Delventhal', 'Eckart Fingberg']"
Florence Foster Jenkins,"New York, 1944. Heiress Florence Foster Jenkins is passionate about classical music. With the help of her husband and impresario, the failed actor St Clair Bayfield, she organizes many social events and sings in her spare time. The only problem: she has a horrible singing voice. But because she is sheltered by those around her, including her husband, she has no idea – and decides to hold concerts and perform for an audience...&lt;br /&gt;",2016.0,111.0,"['Allan Corduner', 'Danny Mahoney', 'Meryl Streep', 'John Kavanagh', 'John Sessions', 'Claire Ashton', 'Rebecca Ferguson', 'Ewan Stewart', 'Pat Starr', 'Sid Phoenix', 'Elliot Levey', 'Nina Arianda', 'Paola Dionisotti', 'Simon Helberg', 'Lloyd Hutchinson', 'Philip Rosch', 'Hugh Grant', 'David Menkin', 'Christian McKay', 'Stanley Townsend']","['Comedy', 'Music', 'Drama']",UK,4.2,5.0,45.0,1.0,"['2016-07-13', '2016-11-24']",Stephen Frears
Le jeune Ahmed,A teenager comes under the fatal influence of a fundamentalist imam.,2019.0,84.0,"['Idir Ben Addi', 'Olivier Bonnaud', 'Myriem Akheddiou']",Drama,"['Belgium', 'France']",3.5,5.0,4.0,1.0,"['2019-05-22', '2019-12-05', '2019-12-12']","['Luc Dardenne', 'Jean-Pierre Dardenne']"
Bad Teacher,"Elizabeth (&lt;a href=&quot;/en/search/index.php?search=Cameron%20Diaz&quot; class=&quot;emphlink&quot;&gt;&lt;strong&gt;Cameron Diaz&lt;/strong&gt;&lt;/a&gt;) is a junior high school teacher who dreams of finding a new sugar daddy and quitting. She is terrible at her job, a bad colleague, slutty, superficial, two-faced and motivated only by her greed (she washes cars with her pupils only to steal the money they make, she helps them cheat to get a bonus for the class with the highest score, etc.), so that she can get a boob job to attract a wealthy substitute teacher. How far will she go to get her man?",2011.0,92.0,"['Jason Segel', 'Noah Munck', 'Justin Timberlake', 'Kaitlyn Dever', 'Laurie Landry', 'Phyllis Smith', 'Paul Bates', 'Adrian Kali Turner', 'Molly Shannon', 'Eric Stonestreet', 'Joey Luthman', 'Thomas Lennon', 'Kathryn Newton', 'Jillian Armenante', 'Bruno Gioiello', 'Cameron Diaz', 'John Michael Higgins', 'Christina Gabrielle', 'Noah Dahl', 'Lucy Punch']",Comedy,,2.8,5.0,225.0,1.0,"['2011-06-23', '2011-09-02', '2011-07-27']",Jake Kasdan
Stardust,A young man goes in search of a star to win the heart of his love.,2007.0,127.0,"['Mark Strong', 'Nathaniel Parker', 'Sienna Miller', 'Jason Flemyng', 'Rab Affleck', 'Claire Danes', 'Ricky Gervais', 'Adam Fogerty', 'Ian McKellen', 'Rupert Everett', 'Jordan Long', 'Robert De Niro', 'Mark Heap', 'George Innes', 'Julian Rhind-Tutt', 'Dexter Fletcher', 'Ben Barnes', 'Henry Cavill', 'Peter O&#039;Toole', 'Michelle Pfeiffer']","['Romance', 'Fantasy', 'Adventure']","['UK', 'USA']",4.0,5.0,79.0,1.0,"['2007-09-27', '2007-10-10']",Matthew Vaughn
Lara,On Lara&#039;s 60th birthday there is a big concert involving her son – but she is not invited.,2019.0,98.0,"['Tom Schilling', 'Stephan Taubert', 'Susanne Bredehöft', 'Steffen Jürgens', 'Tina Pfurr', 'Hildegard Schroedter', 'Corinna Harfouch']","['Comedy', 'Drama']",Germany,3.6,5.0,10.0,1.0,2019-11-07,Jan Ole Gerster
21,A group of students and their math professor plan to win millions in Vegas by counting cards.,2008.0,123.0,"['Donna Lows', 'Liza Lapira', 'Steven Richard Vezina', 'Sam Golzari', 'Jacob Pitts', 'Jack Gilpin', 'Laurence Fishburne', 'Aaron Yoo', 'Jack McGee', 'Josh Gad', 'Chaska T. Werner', 'Spencer Garrett', 'Kate Bosworth', 'Christopher Michael Holley', 'Jeffrey Ma', 'Frank Patton', 'Butch Williams', 'Kevin Spacey', 'Jim Sturgess', 'Helen Carey']",Drama,USA,3.7,5.0,152.0,1.0,"['2008-06-05', '2008-06-04']",Robert Luketic
Zero Dark Thirty,"Sent in 2003 to the American embassy in Pakistan, Maya helps torture jihadist prisoners suspected of being in on 9/11 under the orders of Osama Bin Laden. Some time later, Maya takes the case up again, determined to find the greatest terrorist in modern history. In 2009, after believing that she and the CIA have been on the wrong track for years, Maya manages to identify a man who may be a messenger for Osama Ben Laden, as well as the bunker in which he may be hiding. With no proof, Maya tries to convince the top brass at the CIA and the White House to send in troops...",2012.0,157.0,"['Mark Strong', 'Jessica Chastain', 'Sean Mahon', 'Akin Gazi', 'Callan Mulvey', 'Daniel Lapaine', 'Jason Clarke', 'Nash Edgerton', 'Christian Contreras', 'Harold Perrineau Jr.', 'Parker Sawyers', 'Scott Adkins', 'Jeremy Strong', 'Fares Fares', 'Jennifer Ehle', 'Chris Pratt', 'Kyle Chandler', 'Henry Garrett', 'Joel Edgerton', 'Édgar Ramírez']",Thriller,USA,3.4,5.0,113.0,1.0,"['2013-01-23', '2013-01-31', '2013-02-07']",Kathryn Bigelow
Dans la cour,"Devoid of all his ambition, desires and good sense, Antoine abandons his career as a musician. Chance leads him to a building in Paris, where he becomes the manager. There he meets Mathilde, an anxious retiree, who despondently fills in her free time until the day a crack appears in the wall of her living room. Which increases her anxiety, bringing her closer to Antoine, who is almost as lost as she is…",2014.0,,"['Pio Marmaï', 'Féodor Atkine', 'Fanny Pierre', 'Catherine Deneuve', 'Adeline Moreau', 'Gustave de Kervern']",,France,3.8,5.0,4.0,1.0,2014-04-23,Pierre Salvadori
Cure - The Life of Another,"Linda was born in Croatia, but grew up in Switzerland. A little after the war, she returns to live in her father’s homeland and meets Eta, an adolescent of the same age. The two girls get into an obsessive and sensual game of changing identities, which turns dramatic. When Eta dies, Linda slowly begins to take her place in the family, sinking into lies and anguish, haunted by the phantom of her friend.&lt;br /&gt;",2014.0,83.0,"['Mirjana Karanovic', 'Lucija Radulovic', 'Sylvie Marinkovic', 'Maja Zeco', 'Marija Skaricic', 'Franjo Dijak', 'Leon Lucev']","['Mystery', 'War', 'Drama', 'Thriller']","['Switzerland', 'Bosnia and Herzegovina', 'Croatia']",3.0,5.0,10.0,1.0,"['2014-10-23', '2014-10-29']",Andrea Štaka
La belle époque,A son enables his pessimistic father to go on a constructed time travel in a film studio.,2019.0,110.0,"['Arnaud de Montlivaut', 'Doria Tillier', 'Pierre Arditi', 'Elisabeth Duda', 'Sébastien Corona', 'Guillaume Canet', 'Daniel Auteuil', 'Frédéric Sandeau', 'Tobias Licht', 'Fanny Ardant', 'Michaël Cohen', 'Bertrand Poncet', 'Jeanne Arenes', 'Denis Podalydès', 'Emmanuel Ménard']","['Comedy', 'Drama']",France,3.9,5.0,29.0,1.0,"['2019-11-07', '2019-11-28', '2019-11-06']",Nicolas Bedos
Lovely Louise,"80-year-old Louise (&lt;a href=&quot;/en/search/index.php?search=Annemarie%20D%26uuml%3Bringer&quot; class=&quot;emphlink&quot;&gt;&lt;strong&gt;Annemarie Düringer&lt;/strong&gt;&lt;/a&gt;), a former actress, and her son André (&lt;a href=&quot;/en/search/index.php?search=Stefan%20Kurt&quot; class=&quot;emphlink&quot;&gt;&lt;strong&gt;Stefan Kurt&lt;/strong&gt;&lt;/a&gt;), a taxi driver, lead a boring and well-regulated life: tea, pool, tea and cards with other old ladies, bedtime ritual for her, getting up ritual for him, weekends at the airport with other fans of model planes. André, obsessed with his mother&#039;s well-being, can&#039;t break away from her even as he falls for Steffi (&lt;a href=&quot;/en/search/index.php?search=Nina%20Proll&quot; class=&quot;emphlink&quot;&gt;&lt;strong&gt;Nina Proll&lt;/strong&gt;&lt;/a&gt;), the pretty saleswomen at the local sausage van. Charming scam artist Bill (&lt;a href=&quot;/en/search/index.php?search=Stanley%20Townsend&quot; class=&quot;emphlink&quot;&gt;&lt;strong&gt;Stanley Townsend&lt;/strong&gt;&lt;/a&gt;) arrives from the States and wins over Louise as he starts to call her “mom”...",2013.0,91.0,"['Wolfgang Beuschel', 'Andri Schenardi', 'Carla Juri', 'Stefan Kurt', 'Stanley Townsend', 'Michael Neuenschwander', 'Miro Svercel', 'Nina Proll', 'Matthias Breitenbach', 'Alice Bruengger', 'Annemarie Düringer', 'Lotti Happle', 'Hans-Ruedi Strässler']","['Comedy', 'Drama']","['Switzerland', 'Spain', 'Germany']",3.4,5.0,35.0,1.0,2013-09-05,Bettina Oberli
A Bigger Splash,"In the Italian sunshine on the island of Pantelleria, Marianne Lane, a rock star who loses her voice after surgery, enjoys her convalescence with her companion Paul. Until the unexpected arrival of Harry, a former lover with an explosive character, who insinuates himself and his daughter Penny into their idyll. The four embark on an whirlwind of seduction and lies, as the tension mounts between them.",2015.0,125.0,"['Salvatore Cipri', 'Tilda Swinton', 'Francesca Faccilongo', 'Salvatore Gabriele', 'Jerry Popiel', 'Alessandro Ferrara', 'Tom Stickley', 'Elena Bucci', 'Dakota Johnson', 'Taketo Gohara', 'Vito Rodo', 'Giuseppe Spata', 'Lily McMenamy', 'Matthias Schoenaerts', 'Francesco Leone', 'Aurore Clément', 'Ralph Fiennes', 'Livio Franco Blandino', 'David Maddalena', 'Corrado Guzzanti']","['Mystery', 'Drama', 'Crime']","['France', 'Italy']",2.9,5.0,9.0,1.0,"['2015-11-26', '2016-06-15', '2016-05-12']",Luca Guadagnino
Eastern Promises,A midwife enters into the world of the Russian mafia to find the family of a new-born baby.,2007.0,100.0,"['Badi Uzzaman', 'Aleksandar Mikic', 'Sarah-Jeanne Labrosse', 'Yuri Klimov', 'Raza Jaffrey', 'Vincent Cassel', 'Jerzy Skolimowski', 'Michael Sarne', 'Naomi Watts', 'Lalita Ahmed', 'Mina E. Mina', 'Viggo Mortensen', 'Armin Mueller-Stahl', 'Sinéad Cusack', 'Boris Isarov', 'Olegar Fedoro', 'Doña Croll', 'Tatiana Maslany', 'Donald Sumpter', 'Josef Altin']","['Crime', 'Drama', 'Thriller']","['UK', 'Canada', 'USA']",3.8,5.0,173.0,1.0,"['2007-12-27', '2007-11-07']",David Cronenberg
Les hirondelles de Kaboul,"In the summer of 1998, a dramatic coincidence turns Zunaira&#039;s life in Kabul upside down.",2019.0,80.0,"['Simon Abkarian', 'Zita Hanrot', 'Swann Arlaud', 'Hiam Abbass']",Animation,France,4.6,5.0,11.0,1.0,"['2019-12-05', '2019-09-18']","['Zabou Breitman', 'Eléa Gobbé-Mévellec']"
Deutschstunde,The boy Siggi remembers his childhood under National Socialism.,2019.0,125.0,"['Mette Lysdahl', 'Sonja Richter', 'Christian Serritiello', 'Tobias Moretti', 'Frank Genser', 'Dagmar Manzel', 'Tom Gronau', 'Levi Eisenblätter', 'Louis Hofmann', 'Maria-Victoria Dragus', 'Simon Kerrison', 'Klaus Peeck', 'Jeff Zach', 'Johanna Wokalek', 'Ulrich Noethen']",Drama,Germany,4.3,5.0,3.0,1.0,2019-11-07,Christian Schwochow
The In-Laws,A man (Albert Brooks) gets caught up in a CIA mission with his daughter&#039;s father-in-law (Michael Douglas).,2003.0,95.0,"['Vladimir Radian', 'Michael Bodnar', 'Albert Brooks', 'Michael Douglas', 'Robin Tunney']",Comedy,USA,2.4,5.0,5.0,1.0,,Andrew Fleming
Ramen Shop,A young man who is curious about his deceased parents&#039; past takes a food journey to Singapore where he uncovers more than just delicious meals. [Pressetext],2018.0,89.0,"['Takumi Saitoh', 'Seiko Matsuda']",Comedy,Singapore,4.2,5.0,11.0,1.0,"['2018-12-27', '2018-12-26']",Eric Khoo
Midway,"World War II: After the Midway attack is prevented, everyone is seeking for revenge.",2019.0,140.0,"['Mandy Moore', 'Christie Brooke', 'Garret Sato', 'Robert Crooks', 'Jake Weber', 'Jake Manley', 'Dennis Quaid', 'Woody Harrelson', 'Jun Kunimura', 'Tony Nowicki', 'Peter Shinkoda', 'Aaron Eckhart', 'Ed Skrein', 'Kasey Ryne Mazak', 'Luke Evans', 'Brennan Brown', 'Tadanobu Asano', 'Alexander Ludwig', 'Darren Criss', 'Patrick Wilson']","['War', 'History', 'Action']","['China', 'USA']",3.5,5.0,29.0,1.0,"['2019-11-07', '2019-11-28', '2019-11-06']",Roland Emmerich
Before Night Falls,Biopic of Cuban author Reinaldo Arenas with star performance of Julio Bardem and cameo by Johnny Depp and Sean Penn.,2000.0,133.0,"['Olatz López Garmendia', 'Olivier Martinez', 'Javier Bardem', 'Jorge Zárate', 'Jerzy Skolimowski', 'Michael Wincott', 'Jorge Zepeda', 'John Ortiz', 'Maurice Compte', 'Claudette Maillé', 'Abel Woolrich', 'Fidel Castro', 'Johnny Depp', 'Sean Penn', 'Najwa Nimri', 'Julian Busio', 'Vincent Laresca', 'Matthias Ehrenberg', 'Pedro Armendáriz Jr.', 'Diego Luna']",Drama,USA,3.3,5.0,71.0,1.0,"['2001-08-22', '2001-06-28']",Julian Schnabel
Motherless Brooklyn,A lonely private detective with Tourette&#039;s syndrome wants to solve the murder of his mentor.,2019.0,144.0,"['Robert Wisdom', 'Bruce Willis', 'Willem Dafoe', 'Leslie Mann', 'Joseph Siravo', 'Robert Myers', 'Kenneth Carrella', 'Josh Pais', 'Ethan Suplee', 'Alec Baldwin', 'Radu Spinghel', 'Stephen Adly-Guirgis', 'Katy Davis', 'Gugu Mbatha-Raw', 'Bobby Cannavale', 'Dallas Roberts', 'Fisher Stevens', 'Michael Kenneth Williams', 'Cherry Jones', 'Edward Norton']","['Crime', 'Drama']",USA,3.6,5.0,18.0,1.0,"['2019-12-12', '2019-12-04']",Edward Norton
Transformers: The Last Knight,"In the wake of many clashes between the transformers, the majority of the governments on Earth have declared the robots illegal, putting a military force in charge of eliminating them. When an autobot ship crashes into Chicago, Cade Yeager, accompanied by the faithful Bumblebee, tries to rescue them. One of the robots gives Cade a mysterious talisman. Cade does not suspect that he will soon have to face Optimus Prime, who is under the control of an evil force arriving from space, which is determined to find an artifact hidden on Earth for 2,000 years...",2017.0,148.0,"['Christina Tam', 'Claude Knowlton', 'Seeta Indrani', 'Mitch Pileggi', 'Stephen Hogan', 'Glenn Morshower', 'Stanley Tucci', 'Jerrod Carmichael', 'John Turturro', 'Mark Wahlberg', 'Tim Downie', 'Benjamin Flores Jr.', 'Tony Hale', 'Josh Duhamel', 'Pauline McLynn', 'Sara Stewart', 'Jacob Zachar', 'Aisha Kabia', 'Gemma Chan', 'Anthony Hopkins']","['Adventure', 'Thriller', 'Sci-fi', 'Action']",USA,3.9,5.0,51.0,1.0,"['2017-06-28', '2017-06-22']",Michael Bay
3:10 to Yuma,A down-on-his-luck rancher is given hope when an outlaw comes to town.,2007.0,123.0,"['Luce Rains', 'Peter Fonda', 'Luke Wilson', 'Benjamin Petry', 'Christopher Berry', 'Kevin Durand', 'Russell Crowe', 'Chad Brummett', 'Ben Foster', 'Girard Swan', 'Christian Bale', 'Lennie Loftin', 'Chris Browning', 'Logan Lerman', 'Gretchen Mol', 'Jason Henning', 'Arron Shiver', 'Forrest Fyre', 'Dallas Roberts', 'Alan Tudyk']","['Crime', 'Drama', 'Western']",USA,3.8,5.0,107.0,1.0,"['2008-01-31', '2008-03-26']",James Mangold
Crossing Over,Ensemble drama about Green Card hopefuls trying to work around the US immigration system.,2009.0,113.0,"['Michael Cudlitz', 'Marshall Manesh', 'Alice Eve', 'Lizzy Caplan', 'Harrison Ford', 'Gigi Rice', 'Ray Liotta', 'John Lafayette', 'Don Scribner', 'Cliff Curtis', 'Tammin Sursok', 'Justin Chon', 'Maree Cheatham', 'Yvette Cruise', 'Josh Gad', 'Ashley Judd', 'Jacqueline Obradors', 'Jack Conley', 'Jim Sturgess', 'Leonardo Nam']",Drama,USA,3.3,5.0,47.0,1.0,2009-06-04,Wayne Kramer
Cyanure,"13-year-old Achille has a great idol - his father Joe, who&#039;s been in prison since his son&#039;s birth. With great imagination, Achille draws for himself the life that Papa Joe and Mama Pénélope must have had. His expectations are great when Joe is released, but his macho dad doesn&#039;t want to have anything to do with him, just as Pénélope wants nothing to do with Joe. She gives him an ultimatum: either be a good father to Achille or she&#039;ll divorce him.",2013.0,103.0,"['Marco Calamandrei', 'Michel Demierre', 'Eliott Favre', 'Lionel Blanc', 'Ludivine Gschworner', 'Christophe Sermet', 'Mathilde Mélèse', 'Alexander Etzlinger', 'Sabine Timoteo', 'Ludivine Geschworner', 'Roy Dupuis', 'Etzlinger Alexandre', 'Lionel Fresard', 'Alexandre Etzlinger', 'Thierry Jorand', 'Isabelle Caillat', 'Yannick Guiraud', 'Pascal Parizot', 'Serge Musy']","['Romance', 'Drama']","['Switzerland', 'Canada']",3.4,5.0,13.0,1.0,"['2013-02-27', '2014-03-06']",Séverine Cornamusaz
Gangs of Wasseypur I,"&lt;a href=&quot;/en/search/index.php?search=Gangs%20of%20Wasseypur&quot; class=&quot;emphlink&quot;&gt;&lt;strong&gt;Gangs of Wasseypur&lt;/strong&gt;&lt;/a&gt; starts with the hold-up of a train carrying coal during British colonial times. Shahid, the leader of the Khan clans is lured into a trap. His son Sardar swears revenge on the death of his father, killed by the gang of Ramadhir Singh. The feud spans throughout this gangster drama, which takes place between 1941 and 2009. Sardar Khan also comes to a violent end and his son Faisal takes over. Constantly stoned, the supposed softy reveals himself to be a brutal avenger, a cunning tactician and businessman.",2012.0,320.0,"['Tigmanshu Dhulia', 'Zeishan Quadri', 'Vipin Sharma', 'Manoj Bajpayee', 'Anurita Jha', 'Nawazuddin Siddiqui', 'Harish Khanna', 'Piyush Mishra', 'Vineet Singh', 'Jaideep Ahlawat', 'Aditya Kumar', 'Vijesh Rajan', 'Reema Sen', 'Raj Kumar Yadav', 'Satyakam Anand', 'Richa Chadda', 'Jameel Khan', 'Huma Qureshi', 'Mukesh Chhabra', 'Murari Kumar']","['Crime', 'Thriller', 'Drama', 'Action']",India,3.0,5.0,13.0,1.0,2013-09-26,Anurag Kashyap
The Grinch,"For their eighth fully animated feature, Illumination and Universal Pictures present The&lt;br /&gt; Grinch, based on Dr. Seuss’ beloved holiday classic. The Grinch tells the story of a cynical&lt;br /&gt; grump who goes on a mission to steal Christmas, only to have his heart changed by a&lt;br /&gt; young girl’s generous holiday spirit. Funny, heartwarming and visually stunning, it’s a&lt;br /&gt; universal story about the spirit of Christmas and the indomitable power of optimism.&lt;br /&gt; Academy Award® nominee Benedict Cumberbatch lends his voice to the infamous Grinch,&lt;br /&gt; who lives a solitary life inside a cave on Mt. Crumpet with only his loyal dog, Max, for&lt;br /&gt; company. With a cave rigged with inventions and contraptions for his day-to-day needs,&lt;br /&gt; the Grinch only sees his neighbors in Who-ville when he runs out of food.&lt;br /&gt; Each year at Christmas they disrupt his tranquil solitude with their increasingly bigger,&lt;br /&gt; brighter and louder celebrations. When the Whos declare they are going to make Christmas&lt;br /&gt; three times bigger this year, the Grinch realizes there is only one way for him to gain some&lt;br /&gt; peace and quiet: he must steal Christmas. To do so, he decides he will pose as",2018.0,90.0,Benedict Cumberbatch,"['Comedy', 'Fantasy', 'Animation']",USA,3.5,5.0,28.0,1.0,"['2018-11-28', '2018-11-29']","['Yarrow Cheney', 'Scott Mosier']"
Abrir puertas y ventanas,"Three young sisters live in a house in Buenos Aires after the death of their grandmother. Violeta takes off and returns later as if nothing happened. Sofia is moody, caustic and self-involved. Marina is responsible and the only one really interested in keeping the house.",2011.0,98.0,"['María Canale', 'Martina Juncadella', 'Julián Tello', 'Ailín Salas']",Comedy,"['Switzerland', 'Netherlands', 'Argentina']",3.2,5.0,29.0,1.0,"['2011-10-19', '2012-05-10']",Milagros Mumenthaler
Widows,"&quot;Widows&quot; is the story of four women with nothing in common except a debt left behind by their dead husbands&#039; criminal activities. Set in contemporary Chicago, amid a time of turmoil, tensions build when Veronica (Viola Davis), Alice (Elizabeth Debicki), Linda (Michelle Rodriguez) and Belle (Cynthia Erivo) take their fate into their own hands and conspire to forge a future on their own terms [Pressetext]",2018.0,130.0,"['Daniel Kaluuya', 'Viola Davis', 'Cynthia Erivo', 'Michelle Rodriguez', 'Liam Neeson', 'Robert Duvall', 'Andre Holland', 'Elizabeth Debicki', 'Colin Farrell']","['Crime', 'Drama', 'Thriller']","['UK', 'USA']",3.2,5.0,28.0,1.0,"['2018-12-06', '2018-11-28', '2018-11-15']",Steve McQueen
La Gomera,A group of gangsters wants to smuggle a mattress manufacturer out of prison in Bucharest.,2019.0,97.0,"['Sergiu Costache', 'Antonio Buíl', 'Andrei Ciopec', 'Cristóbal Pinto', 'Agustí Villaronga', 'Rodica Lazar', 'Catrinel Marlon', 'George Pistereanu', 'Vlad Ivanov', 'István Teglas', 'Sabin Tambrea']","['Comedy', 'Drama', 'Thriller']","['Romania', 'Sweden', 'France', 'Germany']",2.5,5.0,2.0,1.0,"['2020-02-13', '2020-01-15']",Corneliu Porumboiu
A History of Violence,The owner of a diner is forced into the media spotlight when he shoots two brutal robbers. Thriller by David Cronenberg.,2005.0,96.0,"['Evan Rose', 'April Mullen', 'Neven Pajkic', 'Connor Price', 'William Hurt', 'Jason Barbeck', 'Maria Bello', 'Stephen McHattie', 'Morgan Kelly', 'Heidi Hayes', 'Viggo Mortensen', 'Ed Harris', 'Peter MacNeill', 'Greg Bryk', 'Ian Matthews', 'Steve Arbuckle', 'Kyle Schmid', 'Ashton Holmes', 'Sumela Kay']","['Drama', 'Thriller']",USA,3.8,5.0,153.0,1.0,"['2005-11-02', '2005-10-13']",David Cronenberg
Sennentuntschi,"There is a myth told throughout the Alps about a Sennentuntschi, a doll made out of straw that isolated herdsmen use as «company», who comes to life and seeks revenge on the three men who conjured her up and abused her. Set in the mountains of Graubünden, the movie tells of a mysterious mute woman who appears out of nowhere just as men are disappearing and dying in the local village.",2010.0,110.0,"['Daniel Rohr', 'Rebecca Indermaur', 'Andrea Zogg', 'Carlos Leal', 'Joel Basman', 'Roxane Mesquida', 'Thomas Landl', 'Hanspeter Müller-Drossaart', 'Nicholas Ofczarek', 'Ueli Jäggi', 'Peter Jecklin']",Mystery,Switzerland,3.8,5.0,324.0,1.0,"['2010-10-14', '2011-03-16']",Michael Steiner
Sex Tape,"After ten years of marriage, two children, two careers and one house, passion has been replaced by routine in the life of Jay and Annie. So she decides to organize a hot night for the two of them to reignite the flame. They get their iPad going and make a sex tape, sure that this will stir things up. But the next day, they realize to their horror that they’ve shared the video with all their friends and acquaintances by mistake, thanks to a technical feature that can’t be undone. So they set about trying to get all the copies back …",2014.0,94.0,"['Jeffrey Corazzini', 'Rob Lowe', 'Christopher Coulouras', 'Jeffery Kincannon', 'Hunter Goligoski', 'Giselle Eisenberg', 'London Hall', 'Ellie Kemper', 'Celeste Oliva', 'Jack Black', 'Rosemary Howard', 'Randall Park', 'Susan Garibotto', 'Nancy Lenehan', 'Frankie Imbergamo', 'Anastasia Sanidopoulos Mousis', 'Cameron Diaz', 'Sebastian Hedges Thomas', 'Kate Jurdi', 'Rob Corddry']",Comedy,USA,2.6,5.0,64.0,1.0,"['2014-09-10', '2014-09-11']",Jake Kasdan
Les invisibles,"They are gay or lesbian and live apart from society; men and women who live in the French countryside and are all far older than 70. They talk about living a life on the fringe, between worry and hope, fear and acceptance – of who they are. They all first belied, suppressed and hid their feelings, but then one day acknowledged their love and freed themselves.",2012.0,115.0,"['Elisabeth', 'Yann', 'Thérèse Clerc', 'Monique', 'Pierre', 'Pierrot', 'Jacques', 'Bernard', 'Christian', 'Catherine']",Documentary,France,3.2,5.0,14.0,1.0,2013-06-13,Sébastien Lifshitz
RoboCop,"Detroit, 2028: policeman Alex Murphy (&lt;a href=&quot;/en/search/index.php?search=Joel%20Kinnaman&quot; class=&quot;emphlink&quot;&gt;&lt;strong&gt;Joel Kinnaman&lt;/strong&gt;&lt;/a&gt;) is severely troubled by the ever-increasing violence in his hometown. But he believes in the good of mankind and is sure that crime will be stamped out one day. Then Murphy is the victim of an attack, in which he suffers life-threatening injuries. The conglomerate OmniCorp steps in to help: Dr. Dennett Norton (&lt;a href=&quot;/en/search/index.php?search=Gary%20Oldman&quot; class=&quot;emphlink&quot;&gt;&lt;strong&gt;Gary Oldman&lt;/strong&gt;&lt;/a&gt;) turns Alex into a prototype for a new supercop, called RoboCop. But Alex soon discovers he still has a human side.",2014.0,121.0,"['Philip Akin', 'Zach Grenier', 'Samuel L. Jackson', 'Dalias Blake', 'Dean Redman', 'Abbie Cornish', 'Tommy Chang', 'Jackie Earle Haley', 'Diezel Ramos', 'Tom Stern', 'Michael Keaton', 'Jennifer Ehle', 'Joe Vercillo', 'Kirby Morrow', 'Michael Kenneth Williams', 'Gary Oldman', 'Jay Baruchel', 'Markus Parilo', 'Daniel Kash', 'Melanie Scrofano']","['Crime', 'Thriller', 'Sci-fi', 'Action']",USA,3.2,5.0,67.0,1.0,"['2014-02-06', '2014-02-05']",José Padilha
View from the Top,Gwyneth Paltrow dreams of being a flight attendant in this nostalgic comedy.&lt;br /&gt;,2003.0,87.0,"['David Hayward', 'Rob Lowe', 'Nadia Dajani', 'Stacey Dash', 'Gwyneth Paltrow', 'Joshua Malina', 'Robyn Peterson', 'Mark Ruffalo', 'Concetta Tomei', 'Candice Bergen', 'Mike Myers', 'Troy Evans', 'Christina Applegate', 'Kelly Preston', 'Jon Polito', 'Marc Blucas', 'John Francis Daley', 'Duane King', 'Chelsey Cole', 'Jorge R. Hernandez']","['Comedy', 'Romance']",USA,2.8,5.0,18.0,1.0,"['2003-10-22', '2003-09-11']",Bruno Barreto
Strähl,A narcotics officer gets caught up in the drug world of Zurich&#039;s Langstrasse.,2004.0,83.0,"['Katrin Brenk', 'Andrew Mitchell', 'Elfat Nuhiji', 'Adem Kicai', 'Johanna Bantzer', 'Jonas Rüegg', 'Ingold Wildenauer', 'André Seidenberg', 'Liri Lushi', 'Roeland Wiesnekker', 'Martin Hug', 'Raphael Clamer', 'Maggie Herrmann', 'Albert Tanner', 'Alice Flotron', 'Manuel Löwensberg', 'Mike Müller', 'Nderim Hajrullahu', 'Filippo Bonacci', 'Max Rüdlinger']","['Crime', 'Drama']","['Switzerland', 'Germany']",3.4,5.0,52.0,1.0,2004-03-25,Manuel Flurin Hendry
Parlez-moi de vous,"Every evening, Mélina (&lt;a href=&quot;/en/search/index.php?search=Karin%20Viard&quot; class=&quot;emphlink&quot;&gt;&lt;strong&gt;Karin Viard&lt;/strong&gt;&lt;/a&gt;) empathically dispenses good advice to those who call in to her radio show to resolve their emotional problems. But once in the real world, Mélina is forty, single, cold and distant, with a plethora of phobias. What she&#039;s hiding is an old wound: her mother abandoned her when she was a child. When she tracks the woman down through an agency, she decides to meet her birth mother, Joëlle (&lt;a href=&quot;/en/search/index.php?search=Nadia%20Barentin&quot; class=&quot;emphlink&quot;&gt;&lt;strong&gt;Nadia Barentin&lt;/strong&gt;&lt;/a&gt;), who works in a charity shop in the suburbs, but without telling her who she is. Then Lucas (&lt;a href=&quot;/en/search/index.php?search=Nicolas%20Duvauchelle&quot; class=&quot;emphlink&quot;&gt;&lt;strong&gt;Nicolas Duvauchelle&lt;/strong&gt;&lt;/a&gt;), Jöelle&#039;s son by marriage, falls in love with Mélina...",2012.0,89.0,"['Catherine Hosmalin', 'Jean-Noël Brouté', 'François Bureloup', 'Serpentine Teyssier', 'Hubert Saint-Macary', 'Myriam Roustan', 'Patrick Fierry', 'Walter Shnorkell', 'Nicolas Duvauchelle', 'Arnaud Duléry', 'Jean-Louis Tilburg', 'Karin Viard', 'Philippe Pillavoine', 'Dani', 'Robin Causse', 'Jean-Claude Tran', 'Emilie Hantz', 'Charline Paul', 'Ariane Pirie', 'Nadia Barentin']","['Comedy', 'Drama']",France,3.4,5.0,31.0,1.0,"['2012-08-23', '2012-03-21']",Pierre Pinaud
Karma Shadub,"Paul Giger wanted his son Ramon to make a documentary about the performance of his work «Karma Shadub» in the cathedral in St. Gallen (Summer 2011). Karma Shadub (Tibetan for “dancing star”) was composed for Ramon’s birth 30 years prior and is one of his five first names. From the beginning, the emotional conflict between the two is palpable: the father is shocked by the idea that his son would include himself in the film and advises him to send the script to a disability insurance company! The son, who thinks his father isn’t interested in other people’s feelings, does everything he can to interact with his father. The obstinacy of one is equivalent to the resistance of the other...",2013.0,94.0,Paul Giger,Documentary,Switzerland,2.3,5.0,21.0,1.0,2013-12-12,"['Ramon Giger', 'Jan Gassmann']"
El Camino de San Diego,"An exceptional fan of Maradona, a young Argentinean travels across the country to bring his idol a tree root.",2006.0,98.0,"['Miguel González Colman', 'Claudio Uassouf', 'Paola Rotela', 'Marisa Córdoba', 'Lila Cáceres', 'Alfredo Lorenzo', 'Toti Rivas', 'Silvina Fontelles', 'María Marta Alvez', 'Ignacio Benítez', 'Otto Mosdien', 'José Armónico', 'Walter Donado', 'Carlos Wagner La Bella', 'Alberto Rodríguez', 'Pascual Condito', 'Juan Villegas', 'Aníbal Maldonado', 'Alberto Rodríguez Mujica']",Comedy,Argentina,3.2,5.0,5.0,1.0,"['2007-06-13', '2007-09-06']",Carlos Sorin
Nous trois ou rien,"Iran, 1955. Raised in a small village in the south with his 11 brothers and sisters, Hibat becomes an essential figure in the opposition against the shah’s regime. Prepared to do anything to bring down the house of Pahlavi and replace it with democracy, he ends up spending eight years in prison. When Hibat is released, he falls in love with Fereshteh as he returns to battle to try and free his people. But when the danger becomes too great for them and their son, they both decide to leave Iran for France. Settling in a Paris banlieue, they continue their fight for social justice in the face of all opposition.&lt;br /&gt;",2015.0,102.0,"['Sébastien Pouderoux', 'Carole Franck', 'Alexandre Astier', 'Gérard Darmon', 'Michel Vuillermoz', 'Camélia Jordana', 'Zabou Breitman', 'Mansour Badri', 'Abdellah Chakiri', 'Aziz Kabouche', 'Soufiane Guerrab', 'Sébastien Deux', 'Kyan Khojandi', 'Claudette Vizioli-Walker', 'Leïla Bekhti', 'Eriq Ebouaney', 'Arsène Mosca', 'Mourad Boudaoud', 'Jonathan Cohen', 'Orian Castano']","['Comedy', 'Drama']",France,4.1,5.0,21.0,1.0,"['2016-06-09', '2015-11-18']",Kheiron
Mon chien stupide,"A dog breathes new life into the family of Henri, who is currently struggling with a life crisis.",2019.0,94.0,"['Ben Attal', 'Pablo Venzal', 'Sébastien Thiery', 'Yvan Attal', 'Adèle Wismes', 'Charlotte Gainsbourg', 'Eric Ruf', 'Pascale Arbillot']",Comedy,France,3.2,5.0,14.0,1.0,"['2019-11-14', '2019-10-30']",Yvan Attal
Seelenschatten,A documentary by Dieter Gränicher about the difficulties of dealing&lt;br /&gt; with depression.&lt;br /&gt;,2002.0,,,Documentary,Switzerland,3.8,5.0,10.0,1.0,2002-11-14,Dieter Gränicher
Yalom&#039;s Cure,"Personal documentary about Irvin D. Yalom, who is very respected in the world of psychoanalysis, has sold millions of books around the world and attracts thousands to his conferences. Sabine Gisiger closely films the life of this 80-year-old, that of his wife and children, capturing his reflections on human existence and his perception of human relations.&lt;br /&gt;",2014.0,77.0,"['Irvin D. Yalom', 'Marilyn Yalom']",Documentary,"['Switzerland', 'France', 'USA']",3.8,5.0,44.0,1.0,"['2014-10-02', '2015-01-07']",Sabine Gisiger
#Female Pleasure,"Barbara Miller’s feature documentary #FEMALE PLEASURE portrays five courageous, smart and self-determined women, breaking the silence imposed by their archaic-patriarch societies and religious communities. With incredible strength and positive energy, Deborah Feldman, Leyla Hussein, Rokudenashiko, Doris Wagner and Vithika Yadav are fighting for sexual liberation and autonomy for women, beyond religious rules and cultural barriers. But their victory comes at a high price: they all have experienced public defamation, threats and prosecutions, have been excommunicated by the society they grew up in and even received death threats by religious leaders and fanatics.&lt;br /&gt; &lt;br /&gt; #FEMALE PLEASURE shows the universal mechanisms at work that determine the position of women until today, spanning cultures, religions and continents: from Japan and India and the Somali muslim diaspora to the Hasidic community in Brooklyn and the Catholic clergy in Europe. All protagonists have come to the same conclusion: the female body is subjected to male lust and first and foremost meant for procreation, without any regard for female sexual pleasure and autonomy.&lt;br /&gt; &lt;br /&gt; These women decided to speak up and are the ultimate example on how courage, strength and zest for life can indeed alter societal structures. [Pressetext]",2018.0,97.0,,Documentary,Switzerland,3.9,5.0,52.0,1.0,"['2019-03-13', '2018-11-15', '2019-03-14']",Barbara Miller
Miriam Goldschmidt - Erfinderin von Dazwischen,"Documentary about the theatre artist Miriam Goldschmidt, who looks back on an eventful life.",2019.0,83.0,"['Peter Brook', 'Miriam Goldschmidt']",Documentary,Switzerland,5.0,5.0,8.0,1.0,2019-11-14,"['Christof Schäfer', 'Janos Tedeschi']"
Zombieland: Double Tap,"10 years later, the four zombie killers create a crazy chaos for the second time.",2019.0,97.0,"['Rachel Luttrell', 'Otis Winston', 'Rosario Dawson', 'Luke Wilson', 'Tim McAdams', 'Victoria Hall', 'Timothy Carr', 'Thomas Middleditch', 'Woody Harrelson', 'Dan Aykroyd', 'Avan Jogia', 'Bill Murray', 'Ian Gregg', 'Diezel Ramos', 'Julia Vasi', 'Zoey Deutch', 'Abigail Breslin', 'Jesse Eisenberg', 'Emma Stone', 'Jess Durham']","['Comedy', 'Horror', 'Action']",USA,3.5,5.0,21.0,1.0,"['2019-11-07', '2019-11-14', '2019-10-30']",Ruben Fleischer
Marmaduke,"Marmaduke and his owner Phil move from Kansas to Orange Country, California. Phil works in dog food and his hand-on boss has set up a huge park for his employees&#039; pets. But Marmaduke doesn&#039;t realize there&#039;s a strict pecking order, and that he&#039;s at the bottom.",2010.0,87.0,"['Christopher Attadia', 'Liza Lapira', 'Marlon Wayans', 'Lee Pace', 'Owen Wilson', 'Steve Coogan', 'Damon Wayans Jr.', 'Devon Werkheiser', 'Kiefer Sutherland', 'George Lopez', 'Jack McGee', 'Josh Gad', 'William H. Macy', 'Judy Greer', 'Anjelah Johnson-Reyes', 'Heather Doerksen', 'Christopher Mintz-Plasse', 'Keith Dallas', 'Sam Elliott', 'Emma Stone']",Comedy,USA,2.7,5.0,106.0,1.0,"['2010-07-15', '2010-08-18']",Tom Dey
Fred Claus,Every wondered what Santa&#039;s brother does? Comedy with Vince Vaughn and Paul Giamatti.,2007.0,116.0,"['William Dick', 'Allan Corduner', 'Frank Stallone', 'Paul Giamatti', 'Angela Curran', 'Dylan Minnette', 'Ludacris', 'Stephen Baldwin', 'Burn Gorman', 'Elizabeth Berrington', 'Mike Bacarella', 'Jeremy Swift', 'Rio Hackford', 'Miranda Richardson', 'Kathy Bates', 'John Michael Higgins', 'Kevin Spacey', 'Rachel Weisz', 'Craig J. Harris', 'Elizabeth Banks']","['Comedy', 'Fantasy']",USA,3.1,5.0,23.0,1.0,2007-11-29,David Dobkin
"I, Daniel Blake","In this new satire, Loach expresses his rage against the British social system. This is the story of a sexagenarian widower (&lt;a href=&quot;/en/search/index.php?search=Dave%20Johns&quot; class=&quot;emphlink&quot;&gt;&lt;strong&gt;Dave Johns&lt;/strong&gt;&lt;/a&gt;), a disarming worker disoriented after a heart attack. He is forbidden to return to work, but his disability pension has also been refused... Daniel is forced to put his life at risk, supplementing his unemployment benefits by taking on a few hours of work every week.",2016.0,100.0,"['Mick Laffey', 'Hayley Squires', 'Micky McGregor', 'Stephen Halliday', 'David Murray', 'Kate Rutter', 'Julie Nicholson', 'John Sumner', 'Dylan McKiernan', 'Colin Coombs', 'Bryn Jones', 'Viktoria Kay', 'James Hepworth', 'Dave Johns', 'Natalie Ann Jamieson', 'Mark Burns', 'Sharon Percy', 'Harriet Ghost', 'Rob Kirtley', 'Briana Shann']",Drama,"['UK', 'Belgium', 'France']",4.6,5.0,48.0,1.0,"['2016-11-10', '2016-10-26', '2016-12-08']",Ken Loach
The Informer,"In order to return to his family, a prisoner is forced to become an informer for the FBI.",2019.0,113.0,"['Joel Kinnaman', 'Ruth Bradley', 'Sam Spruell', 'Rosamund Pike', 'Preston Sadleir', 'Common', 'Martin McCann', 'Charles Mnene', 'Mateusz Kosciukiewicz', 'Aylam Orian', 'Scott Martin', 'Kenneth Carrella', 'Jorge Leon Martinez', 'Eugene Lipinski', 'Dilyana Bouklieva', 'Clive Owen', 'Alex Ziwak', 'Nasir Jama', 'Ana de Armas', 'Jenna Willis']","['Crime', 'Drama']","['UK', 'USA']",2.7,5.0,3.0,1.0,"['2019-10-17', '2019-12-05']",Andrea Di Stefano
Edge of Darkness,A Boston detective investigates the death of his daughter who was murdered in front of him.,2010.0,117.0,"['Paul Sparks', 'Damian Young', 'Dan Marshall', 'Danny Huston', 'Denis O&#039;Hare', 'Nico Evers-Swindell', 'David Aaron Baker', 'Tom Kemp', 'Mel Gibson', 'Rick Avery', 'Celeste Oliva', 'Susan Farese', 'Dossy Peabody', 'Ray Winstone', 'Kevin DeCoste', 'Jay O. Sanders', 'Gary Roscoe', 'Robert Masiello', 'Bojana Novakovic', 'Caterina Scorsone']","['Drama', 'Thriller']","['UK', 'USA']",3.1,5.0,96.0,1.0,"['2010-03-18', '2010-02-17', '2010-03-26']",Martin Campbell
Räuberinnen,Schiller&#039;s Robbers as a hyped-up Swiss S&amp;M fairy tale.,2009.0,80.0,"['Sascha Ley', 'Antoine Monot Jr.', 'Myriam Muller', 'Hans-Peter Ulli', 'Kaspar Weiss', 'Hanspeter Ulli', 'Delphine Clairet', 'Nina Buehlmann', 'Cynthia Coray', 'Sabine Timoteo', 'Milton Rodrigues Gomes', 'Alexandra Prusa', 'Nina Bühlmann', 'Gianin Löffler', 'Marco Lorenzini', 'Celine Wenger', 'Mathis Künzler', 'Nils Althaus', 'Gianin Loffler']","['Comedy', 'Adventure', 'Action']","['Switzerland', 'Luxembourg']",2.3,5.0,48.0,1.0,2009-06-04,Carla Lia Monti
In the Heart of the Sea,"Fascinated by the mysterious story of the whaling ship Essex, which disappeared in the waters of the Pacific Ocean, Herman Melville tracked down Thomas Nickerson, one of the ship’s sailors, who was still traumatized by the events. From this he wrote his greatest novel, Moby-Dick. Howard’s movie tells the story of the Essex, which left New England in the winter of 1820, captained by the young and inexperienced George Pollard, and assisted by his first mate Owen Chase. As they go off on their hunt, they come across a huge sperm whale that fights back…&lt;br /&gt;",2015.0,122.0,"['Claudia Newman', 'Cillian Murphy', 'David Golt', 'Benjamin Walker', 'Michelle Fairley', 'Jordi Mollà', 'Simone Liebman', 'Julian Seager', 'Sam Keeley', 'Alexander Bracq', 'Joseph Mawle', 'Ben Whishaw', 'Siong Loong Choong', 'Jamie Sives', 'Chris Hemsworth', 'Jill Buchanan', 'Donald Sumpter', 'Jamie Michie', 'Brendan Gleeson', 'Christian Wolf-La&#039;Moy']","['Drama', 'Adventure', 'Action']",USA,3.7,5.0,22.0,1.0,"['2015-12-09', '2015-12-03']",Ron Howard
I Give it a Year,"Nat (&lt;a href=&quot;/en/search/index.php?search=Rose%20Byrne&quot; class=&quot;emphlink&quot;&gt;&lt;strong&gt;Rose Byrne&lt;/strong&gt;&lt;/a&gt;) and Josh (&lt;a href=&quot;/en/search/index.php?search=Rafe%20Spall&quot; class=&quot;emphlink&quot;&gt;&lt;strong&gt;Rafe Spall&lt;/strong&gt;&lt;/a&gt;) have just married, although they have little in common. What their friends have long predicted comes true after a year: their first appointment with a marriage counselor. Distracted by all kinds of admirers and personal desires, the two are forced to ask themselves whether they really can stay a couple until death do them part?",2013.0,97.0,"['Anna Faris', 'Shaun Lucas', 'Ray Donn', 'Rafe Spall', 'Jason Flemyng', 'Nigel Planer', 'Jane Asher', 'Olivia Colman', 'Tim Key', 'Paul Blackwell', 'Senem Temiz', 'Lee Asquith-Coe', 'Rose Byrne', 'Simon Baker', 'Craig Izzard', 'Peter Mair', 'Eva Dagoo', 'Stephen Merchant', 'Minnie Driver', 'Terence Harvey']","['Comedy', 'Romance']",UK,2.6,5.0,90.0,1.0,"['2013-04-18', '2013-04-10']",Dan Mazer
Perfect Stranger,A journalist seduces an ad executive to find out whether he killed her best friend.,2007.0,100.0,"['Patti D&#039;Arbanville', 'Jason Antoon', 'Cynthia Loebe', 'Tamara Feldman', 'Paula Miranda', 'Bruce Willis', 'Florencia Lozano', 'Anya Avaeva', 'Cassandra Seidenfeld', 'Jared Burke', 'Jane Bradbury', 'Clea Lewis', 'Richard Portnow', 'Gary Dourdan', 'Deirdre Lorenz', 'Olja Hrustic', 'Nicki Lynn Aycox', 'Kathleen Chalfant', 'Giovanni Ribisi', 'Halle Berry']","['Crime', 'Thriller', 'Action']",USA,3.0,5.0,64.0,1.0,"['2007-04-11', '2007-04-12']",James Foley
Ferienfieber,A family vacation turns unto a catastrophe: Swiss actor Beat Schlatter plays the head of a straight-laced family on vacation.,2004.0,85.0,"['Lukas Rüegg', 'Ellen Ten Damme', 'Irina Schönen', 'Beat Schlatter', 'Mattijn Hartemink', 'Raoul de Jong', 'Hanspeter Müller-Drossaart', 'Wanda Wylova', 'Murat Yakin', 'Selina Weber']",Comedy,"['Switzerland', 'Netherlands']",3.2,5.0,36.0,1.0,2004-11-18,This Lüscher
Toy Story 3,"Before he moves onto campus at college, Andy&#039;s old room gets cleaned out. But Cowboy Woody, Space Ranger Buzz Lightyear and all their friends are donated to a day care center by mistake, where they make friends with other toys, especially Lotso the teddy, who seems nice at first, but turns out to be an evil tyrant.",2010.0,103.0,"['Don Rickles', 'Beatrice Miller', 'Tom Hanks', 'Laurie Metcalf', 'Joan Cusack', 'Bud Luckey', 'R. Lee Ermey', 'Estelle Harris', 'Jodi Benson', 'John Ratzenberger', 'Timothy Dalton', 'Blake Clark', 'Wallace Shawn', 'Emily Hahn', 'Michael Keaton', 'Ned Beatty', 'Whoopi Goldberg', 'Teddy Newton', 'Javier Fernandez Pena', 'Tim Allen']","['Comedy', 'Animation', 'Adventure', 'Fantasy', 'Children']",USA,3.9,5.0,771.0,1.0,"['2010-07-07', '2010-07-14', '2010-07-29']",Lee Unkrich
Das Leben ist zu lang,A Jewish director has a creative and existential crisis and decides to kill himself.,2010.0,83.0,"['Heino Ferch', 'Elke Sommer', 'Yvonne Catterfeld', 'Justus von Dohnányi', 'Udo Kier', 'Emilio De Marchi', 'Meret Becker', 'Hans Hollmann', 'Veronica Ferres', 'Matthias Koeberlin', 'Steffen Groth', 'Markus Hering', 'Kurt Krömer', 'Gottfried John']","['Comedy', 'Drama']",Germany,2.9,5.0,30.0,1.0,2010-09-02,Dani Levy
Matchmaker,"A single woman is in search of a man: he should be Jewish - or at least tolerant - intelligent and adaptable. A documentary look at matchmaking, kosher cuisine and coexistence.",2005.0,70.0,,Documentary,Switzerland,3.9,5.0,20.0,1.0,"['2005-10-27', '2006-03-08']",Gabrielle Antosiewicz
Lino: Una Aventura de Siete Vidas,"After a visit to a magician, entertainer Lino wakes up a as a big cat.",2017.0,94.0,"['Helio Ribeiro', 'Marcelo Xepa', 'Luiz Carlos de Moraes', 'Paolla Oliveira', 'Dira Paes', 'Sarah Regina', 'Guilherme Lopes', 'Lupa Mabuze', 'Cadu Paschoal', 'Luiz Carlos Persy', 'Ruriá Duprat', 'Hugo Myara', 'Luísa Viotti', 'Phil Miler', 'Isabella Koppel', 'Arthur Salerno', 'Selton Mello', 'Leo Rabelo', 'Eduarda Móras']","['Children', 'Animation', 'Adventure']",Brazil,2.0,5.0,1.0,1.0,2019-12-05,Rafael Ribas
