0,telephone,streetAddress,addressCountry,postalCode,addressLocality,longitude,addressRegion,latitude
Fort Sun East &amp; West,2517324020.0,2438 Ponce de Leon Ct,US,36542.0,Gulf Shores,-87.9795733,Fort Morgan,30.2291925
Beach Baby East,2517324020.0,1209 W Beach Blvd,US,36542.0,Gulf Shores,-87.717246,Gulf Shores,30.243277
On Golden Pond #3A,2517324020.0,1506 Sandpiper Lane #3,US,36542.0,Gulf Shores,-87.7317867,Gulf Shores,30.2447309
Sundancer West,2517324020.0,1207 W Beach Blvd,US,36542.0,Gulf Shores,-87.717118,Gulf Shores,30.243413
Sea Monster West,2517324020.0,1217 W Beach Blvd,US,36542.0,Gulf Shores,-87.717638,Gulf Shores,30.24346
Sea Monster East &amp; West,2517324020.0,1217 W Beach Blvd,US,36542.0,Gulf Shores,-87.717638,Gulf Shores,30.24346
Beach Castle East &amp; West,2517324020.0,3660 Ponce de Leon Ct,US,36542.0,Gulf Shores,-87.958714,Fort Morgan,30.230704
Casa Playa East,2517324020.0,1252 W Beach Blvd,US,36542.0,Gulf Shores,-87.719949,Gulf Shores,30.244107
Sea Urchins South,2517324020.0,1300 W Beach Blvd,US,36542.0,,-87.722583,Gulf Shores,30.243781
The Emerald at the Cottages at Romar,2517324020.0,23150 Perdido Beach Blvd # 9,US,36561.0,Orange Beach,-87.628425,Orange Beach,30.257872
SeaRae,2517324020.0,629 W Beach Blvd,US,36542.0,Gulf Shores,-87.699712,Gulf Shores,30.245822
Shells East &amp; West,2517324020.0,1420 W Beach Blvd,US,36542.0,Gulf Shores,-87.727551,Gulf Shores,30.243005
Shells West,2517324020.0,1420 W Beach Blvd,US,36542.0,Gulf Shores,-87.7275546,Gulf Shores,30.2430987
The Sapphire at the Cottages at Romar,2517324020.0,23150 Perdido Beach Blvd #10,US,36542.0,Gulf Shores,-87.628293,Gulf Shores,30.257896
Seafoam,2517324020.0,1499 W Beach Blvd,US,36542.0,Gulf Shores,-87.730897,Gulf Shores,30.241967
Shells East,2517324020.0,1420 W Beach Blvd,US,36542.0,Gulf Shores,-87.727551,Gulf Shores,30.243005
Dancing Dolphin,2517324020.0,2193 West Beach Blvd,US,36542.0,Gulf Shores,-87.75828,Gulf Shores,30.237777
Casa Playa East &amp; West,2517324020.0,1252 W Beach Blvd,US,36542.0,Gulf Shores,-87.719949,Gulf Shores,30.244107
Gulf &amp; Golf at the Plantation East,2517324020.0,805 Plantation Rd #13A,US,36542.0,Gulf Shores,-87.888841,Fort Morgan,30.233923
Beach Castle East,2517324020.0,3660 Ponce de Leoon Ct,US,36542.0,Gulf Shores,-87.958714,Fort Morgan,30.230704
Beach Baby East &amp; West,2517324020.0,1209 W Beach Blvd,US,36542.0,Gulf Shores,-87.717246,Gulf Shores,30.243277
Pearl East,2517324020.0,1037 W Beach Blvd,US,36542.0,Gulf Shores,-87.711606,Gulf Shores,30.244254
Sundancer East,2517324020.0,1205 W Beach,US,36542.0,Gulf Shores,-87.717118,Gulf Shores,30.243413
Sea Urchins North,2517324020.0,1300 W Beach Blvd,US,36542.0,Gulf Shores,-87.722583,Gulf Shores,30.243781
Beach Castle West,2517324020.0,3660 Ponce de Leon Ct,US,36542.0,Gulf Shores,-87.958714,Fort Morgan,30.230704
Gulf &amp; Golf at the Plantation East &amp; West,2517324020.0,805 Plantation Rd #13,US,36542.0,Gulf Shores,-87.888841,Fort Morgan,30.233923
Gulf &amp; Golf at the Plantation West,2517324020.0,805 Plantation Rd #13B,US,36542.0,Gulf Shores,-87.888841,Fort Morgan,30.233923
Sea Urchins North &amp; South,2517324020.0,1300 W Beach Blvd,US,36542.0,Gulf Shores,-87.722583,Gulf Shores,30.243781
Wits End West,2517324020.0,1433 W Beach Blvd,US,36542.0,Gulf Shores,-87.727911,Gulf Shores,30.242277
Wits End East &amp; West,2517324020.0,1433 W Beach Blvd,US,36542.0,Gulf Shores,-87.727911,Gulf Shores,30.242277
Andrew&#039;s Sandbox,2517324020.0,1945 W Beach Blvd,US,36542.0,Gulf Shores,-87.74838,Gulf Shores,30.239433
Beach Axis East,2517324020.0,1203 West Beach Blvd,US,36542.0,Gulf Shores,-87.71697,Gulf Shores,30.243301
Wits End East,2517324020.0,1433 W Beach Blvd,US,36542.0,Gulf Shores,-87.727911,Gulf Shores,30.242277
Sea Monster East,2517324020.0,1217 W Beach Blvd,US,36542.0,Gulf Shores,-87.717638,Gulf Shores,30.24346
Sundancer East &amp; West,2517324020.0,1207 W Beach Blvd,US,36542.0,Gulf Shores,-87.717118,Gulf Shores,30.243413
Summertide,2517324020.0,2809 W Beach Blvd,US,36542.0,Gulf Shores,-87.781462,Gulf Shores,30.233694
The Diamond at the Cottages at Romar,2517324020.0,23150 Perdido Beach Blvd #8,US,36561.0,Orange Beach,-87.628575,Orange Beach,30.257799
