0,1,author,priceCurrency,price,availability,6
"Icones & Descriptiones Rariorum Plantarum Siciliae, Melitae, Galliae, & Italiae",,"BOCCONE, PAOLO",USD,3500.0,InStock,
"Acht Vorlesungen über Theoretische Physik, gehalten an der Columbia University im Frühjahr 1909",Planck was a German physicist who received the Nobel Prize in Physics in 1918 for his work on quantum theory of which he was.....,"PLANCK, MAX",USD,250.0,InStock,
"Traité du mouvement, et de la mesure des eaux coulantes et jaillissantes : avec un traité preliminaire du mouvement en general. Tiré des Ouvrages Manuscrits de feu Monsieur Varignon, par M. l'Abbé Pujol",,"VARIGNON PIERRE; PUJOL, ABBÉ",USD,1800.0,InStock,
Ciphering Book of a Colonial Schoolboy.,"The Cadwalader family had a number of prominent members some politicians and others physicians and surgeons. Dr. Evans Cadwalader (1716-1773), presumably father of the writer of this manuscript was a Philadelphia physician and friend of Benjamin Franklin.","['sic', 'CADWALLADER EVANS', 'EVANS, CADWALLADER (sic).']",USD,10000.0,InStock,
The Coagulation of Blood. Investigations on a New Clotting Factor.,"Factor V (pronounced factor five) is a protein of the coagulation system, rarely referred to as proaccelerin or labile factor. In contrast to most other coagulation factors, it is not enzymatically active but functions as a cofactor. Deficiency leads to predisposition for hemorrhage, while some mutations (most notably factor V Leiden) predispose for thrombosis.” (Wikipedia). (Garrison & Morton, 912.5).","['OWREN, PAUL.', 'PAUL OWREN']",USD,375.0,InStock,"J. Chr. Gundersen Boktrykkeri,"
Lezioni Accademiche,"First edition of Torricellis's twelve unpublished lectures delivered to the Accademia della Crusca, the Studio Fiorentino, and the Academy of Drawing. Bonaventuri's preface contains a biography of Torricelli and a good overview of his work; it also reprints Torricelli's letters on the barometric experiment (in response to Ricci's concerns -Norman). Provenance: This copy had been given to Charles P. Berolzheimer in 1977 at Stresa Italy by Dott Renato Candela. Evangelsita Torricelli was Galileo's most distinguished pupil... Torricelli... experimented and discovered that liquids are pushed up in a tube by the pressure of the atmosphere on the surface of the liquid outside the tub - thus, the barometer or Torricellian tube.\"" (Sparrow, Milestones of Science ) Provenance: This copy had been given to Charles P. Berolzheimer in 1977 at Stresa Italy by Dott Renato Candela. (Dibner149; Norman, 2088).","['EVANGELISTA TORRICELLI', 'TORRICELLI, EVANGELISTA']",USD,6500.0,InStock,"Jacopo Guiducci,"
"Pambotanologia. Sive Enchiridion Botanicum. Or A Compleat Herball. Containing The Summe Of What Hath Hitherto Been Published Either By Ancient Or Moderne Authors Both Galenicall And Chymicall, Touching Trees, Shrubs, Plants, Fruits, Flowers, &C. In An Alphabeticall Order: Wherein All That Are Not In The Physick Garden In Oxford Are Noted With Asterisks. Shewing Their Place, Time, Names, Kindes, Temperature, Vertues, Use, Dose, Danger And Antidotes. Together With An [Brace] Introduction To Herbarisme, &C. Appendix Of Exoticks. Universall Index Of Plants: Shewing What Grow Wild In England.",,"LOVELL, ROBERT",USD,2250.0,InStock,
Piscium querelae et vindiciae,"First unequivocal demonstration that images contained in rock were from prehistoric animals, mainly fish.","SCHEUCHZER, JOHANN JACOB",USD,9000.0,InStock,
Beschreibung von allerley Insecten in Teutschland Nebst Nützlichen Anmerkungen und nötigen Abbildungen von diesem Kriechenden und Fliegenden Inländischen Gewürme…,"Provenance: Bookplates of TG van Lidth de Jeude, Silluf and Bengt-Olof Landin and one more. Frisch was a German engraver and naturalist who had published extensively on insects and birds. The present work is a major 18th century description of indigenous insects in Germany. The plates were engraved by Frisch. (Hagen p. 254).","['JOHANN L. FRISCH', 'FRISCH, JOHANN L.']",USD,3500.0,InStock,"Verlegts Christ. Gottl. Nicolai,"
Principles and Methods of Plant Breeding with Special Reference to Horticultural Crops.,,"BOWERS, CLEMENT GRAY [PLANT BREEDING - MASTERS THESIS]",USD,950.0,InStock,
Rare original 18th century Italian manuscript on astronomy.,"Barnaba Oriani (1752-1832) was an Italian astronomer who studied astronomy under Joseph Louis Lagrange. He was ordained a priest in 1776 and joined the staff at the Brera Observatory of the Jesuit college in Milan as an assistant astronomer. Napoleon appointed him director of this Milan Observatory in 1802. Napoleon also appointed him to participate in measuring the arc of meridian between zeniths of Rimini and Rome. Oriani was honored by being named a corresponding member of the French Academy of Science, Fellow of the Royal Society and member of the Berlin Academy. He was associated with Theatine monk Piazzzi in astronomical studies for over 37 years; used his calculations to prove that Uranus is a planet rather than a comet. He published his tables of Uranus in 1795, some of which appear to be in the present manuscript. Poggendorff provides extensive list of Oriani's dissertation and writings in astronomy. (Poggend. II, 332f.;World Who's Who in Sci. p. 1288; Wolf II, 273f.).","['[ORIANI, BARNABA]', 'BARNABA ORIANI']",USD,6000.0,InStock,
Histoire naturelle des quadrupédes ovipares et des serpens,,"LA CÉPÈDE, B.G. E",USD,2500.0,InStock,
Cours de Mathématiques: Géometrie and Algèbra,"Régny was a noted French economist who was invited around 1830 by Greek leader Capodistrias to assist Greece with their economic problems. Although Capodistrias was assassinated before he arrived, Régny stayed in Greece during the period of Regency (1833-1835). He went on to found and organize the State Audit Council, according to French ideals, and became its first chairman. He also assisted in the Foundation of the National Bank of Greece in 1841. Arthémond de Régny got married in 1798 to the Genoese woman, Catherine Castellini, who was the daughter of Balthasar and granddaughter of Domenico Castellini who conquered the Algerians in 1763. Balthasar Castellini was consul to Naples and subsequently in Cartagena (Spain), Marseille and Genoa. He was in charge of important missions by the royal court of Naples, and also held an outstanding position in the trade. The family Régny was originally from the province of Dombes. At the beginning of the eighteenth century, Francois Régny established his family in Genoa, where he was in charge of the \""Direction of the diplomats for the King.\","['RÉGNY, ARTHÉMOND [de].', 'de', 'ARTHÉMOND RÉGNY']",USD,3500.0,InStock,"Author,"
Elementa Matheseos tumultuario Studio concinnata ac suis Studentibus tradita,,"MODESTO, A. R. P. A MTE",USD,4800.0,InStock,
Opera omnia &: Vol.1 Istolgia normale (1870-1883) Vol. 2 Istologia normale (1883-1902) Vol. 3 Patologia hererale e Isto-patologia (1868-1894).,"The present set of volumes provides an extensive collection of Golgi's major works on neurons and numerous other cells as well as his research on malaria. Golgi introduced a selective silver stain that stained individual neuronal cells and a discrete reticulate structure inside cells, subsequently called the Golgi Apparatus. With his staining method, Golgi was able to study \""of the finer anatomy of the nervous system. Using this technique, he identified Golgi's Type I and Type II nerve cells and did other detailed studies of the cerbrum, spinal cord, and olfactory system. Golgi later determined the correct course of the uriniferous tubules and their relation to the glomeruli of the kidney. In 1886, only a few years after Laveran's discovery of the malaria parasite, Golgi described the parasites of the tertian and quartan fevers and their nonsexual development. Together with Ramón y Cajal, Golgi was awarded the Nobel prize in 1906 for their many contributions into man's understanding of the structure and function of the nervous system.\"" (Heirs of Hipporcrates, p. 611 no. 2056) .This is an exceptionally scarce publication of Golgi's research, much of which only appeared as journal articles, with only 350 copies printed.","['CAMILLO GOLGI', 'GOLGI, CAMILLO']",USD,9500.0,InStock,"Hoepli,"
"A guide to the stars : being an easy method of knowing the relative positions of all the fixed stars from the first to the third magnitude in either hemisphere, particularly those that are useful for finding the longitude and latitude at sea : With twelve",,"BROOKE, HENRY",USD,450.0,InStock,
"The knowledge of the heavens and the earth made easy, or, The first principles of astronomy and geography explain'd by the use of globes and maps: with a solution of the common problems by a plain scale and compasses, as well as by the globe",,"WATTS, ISAAC",USD,650.0,InStock,
"De Chirurgie ende alle de opera, ofte wercken van Mr Ambrosius Pare, raedt, ende opperste chirurgijn van vier koninghen in Vranckrijcke, nu eerst uyt de Francoysche, in onse ghemeyne Nederlansche sprake, ende uyt de vierde editie, ghetrouwelick overgheset, door D. Carolum Battum, Medicijn, ordinaris der stadt Dordrecht. Ende in desen laetsten druck, van veel fauten verbetert. Met alle de figueren soo wel der anatomien als van de instrumenten der Chirurgien, ende van vele diversche monsters...Tot","This is another page-for-page reprint of the text of the 1604 edition. The publisher is the same as that of the 1615 edition, his device appearing on both title-pages (Doe, p. 197). Doe also points out that the Dutch editions were fare superior to the “very inferior” Latin edition. In addition, the Dutch editions used the same woodblocks used for the French editions minus “a few historical woodcuts, which the printer left out by …the translator’s advice because they were not instructive and would have encumbered the book…” (Doe, pp.193- 194).","['AMBROISE', 'PARE', 'PARE (AMBROISE).']",USD,6000.0,InStock,"Harman Kranepoe,"
"The Garden of Eden: or, An accurate Description of all Flowers and Fruits now growing in England..., In two parts…","Provenance: bookplate of Harold Hulme Brindley. He was a British zoologist, educated at St. John’s College, Cambridge where he took honours in the Natural Sciences Tripos in 1888. He aided Weldon and Bateson in a period largely devoted to measurements designed to ascertain the technique of natural selection. He also contributed to the study of variation of the Mollusca and the Orthoptera group of insects, and acted as an Examiner in zoology at Glasgow University, 1915-18 and 1925-6. He was also a Fellow of St John's, and, from 1914 to 1923, Steward of the College. Brindley was deeply interested in shipping, and rose to distinction as a nautical archaeologist. He was a founding member of the Navy Records Society and of the Society for Nautical Research, serving as its Vice-President. In 1935 he was Head of the Seal Room of the National Maritime Museum, Greenwich. (Nature 153, 309, 1944; ODNB) (Henrey 299; Hunt 340; Wing P2388).","['PLATT (SIR HUGH).', 'PLATT', 'SIR HUGH']",USD,2500.0,InStock,"William and John Leake,"
"Systema Agriculturae; The Mystery Of Husbandry Discovred.. Treating of the several new and most advantagious ways of tilling, planting, sowing, manuring, ordering, improving of all sortes of gardens. with an account of instruments and engines .to which",,"WORLIDGE, JOHN",USD,1500.0,InStock,
"Practical Geodesy Comprising Chain Surveying and the Use of Surveying Instruments Together with Trigonometrical, Colonial, Mining, and Maritime Surveying and Levelling and Hill Drawing.",,"WILLIAMS, BUTLER",USD,250.0,InStock,
"[Os-ki Ti-s-te-mint : Ki-ti-pe-yip-ci- ke-mi-na-wah mii-na Ki-pi-maa-ci-yi-ey-mi-naw Ci-sas Karyst; [New Testament Our Lord and Saviour of Jesus Christ. Translated these same are William Mason, minister.]",,"MASON, WILLIAM, SOPHIA MASON, H.B. STEINHAUER AND JOHN SINCLAIR",USD,1800.0,InStock,
Dakota wowapi wakan kin. The new testament in the Dakotalanguage: Translated from The Original Greek.,Very good copy of this scarce title. This is the.....,"RIGGS, STEPHEN R.",USD,1800.0,InStock,
[NUMBER THEORY -MANUSCRIPT & OFF PRINTS].,"The majority of the manuscript pages appear to deal with quadratic forms in Leonard Dickson's - Studies in the theory of numbers. (1930), which contains numerous original investigations in the theory of quadratic forms in three or four variables. In Dickson's earlier work on the History of the Theory of Numbers (1919-23) he provided little interpretation and made no attempt to contextualize the results being described. It is probably with this background that Kraitchik devoted much of the manuscript sheets to Dickson's work. Other manuscript notes dealing with other equations from Euler \""Continuous la table\"" dated March to December, 1939. The last group of manuscript pages in 8vo deal with equations from a publication of Landar(sic) Backman dated November 1931 and May 1938. There are a few loose sheets with calculations but no identification. These may be sheets used to make rough calculations. Together this manuscript collection and off prints offer a very good example of Kraitchik's thinking in regards the theory of numbers. Although Kraitchik is often thought of in relation to Recreational Mathematics, he really spent considerable time with the Theory of Numbers. The present collection of 3 off prints and manuscript sheets most of which are on","['MAURICE KRAITCHIK', 'KRAITCHIK, MAURICE']",USD,3000.0,InStock,
Handbuch der Specifischen Homöopathie mit Gebrauchs-Anweisung zur Heilung der Krankheiten.,,"HUMPHREYS, F",USD,150.0,InStock,
"The Microscope, Its History, Construction, and Applications Being a Familiar Introduction to the Use of the Instrument and the Study of Microscopical Science",,"HOGG, JABEZ",USD,450.0,InStock,
"Anatomia seu interiora rerum cum animatorum tum inanimatorum, Ope & nebeficio equisitissi- morum Microscopiorum Detecta, variisque experimentis demonstrate. ; Continuatio Epistolarum...",,"LEEUWENHOEK, ANTONI VAN",USD,6500.0,InStock,
"Lectures on Histology, Delivered at the Royal College of Surgeons of England, in the Session 1850-51. Elementary Tissues of Plants and Animals.",,"Quekett, JOHN",USD,275.0,InStock,
A practical guide to operations on the teeth: to which is prefixed a historical sketch of the rise and progress of dental surgery,,"SNELL, JAMES",USD,600.0,InStock,
"Materia Medica Liber I. De Plantis secundum Genera, Loca, Nomina, Qualitates, Vires, Differentias, Durationes, Simplicia, Modos, Usus, Synonyma.... digestus.","Since Linnaeus thought much of the contents of the Stockholm Pharmacopoeia was useless for treating ailments, he modernised the list and motivated his choices in his Materia medica. This and his two subsequent books were used in the teaching of medicine and pharmacology for several decades all over Europe (which at that time was considered the whole world). Linnaeus also wrote several theses on medicines and pharmaceutical control, for example how to determine the quality and usefulness of medicinal plants by using taste and smell and also to make sure that the product was not too old. Linnaeus’ Materia Medica also acted as a jolt to the Swedish medical authorities that it was time to modernise medicine and just over twenty-five years later the book Pharmacopoea Svecica was published in 1775 – it was the first national Swedish Pharmacopoeia. In his botanical garden, Linnaeus kept all the important medicinal plants that could be grown in Sweden as well as many plants that he wanted to observe as a botanist. He used the garden to demonstrate medicinal plants and botany to the medical students. (\""Linné” Upsula Univ. website) (Soulsby, 968).","['LINNAEUS, C.', 'C. LINNAEUS']",USD,6000.0,InStock,"L. Salvius,"
"Études sur la bière, ses maladies, causes qui les provoquent, procédé pour la rendre inaltérable, avec une théorie nouvelle de la fermentation.",,"PASTEUR, LOUIS",USD,800.0,InStock,
Catalogue General de toutes Les Plantes mises par Leur alphabetique Fait Par Sebastien Jeanpierre Garçon apotiquaire chez le lieu Pierson M. apotiquaire. A Nancy 1741,,"JEAN-PIERRE, SÉBASTIEN",USD,8500.0,InStock,
"New Improvements of Planting and Gardening, both Philosophical and Practical In Three Parts. I. containing, A New System of Vegetations. Motion of the Sap… Of Salts, and Improvement of Forest-Trees.….Desighs of Garden –Plats… II. The best Manner of Improving Flower –Gardens, or Parterres; of raising and propagating all Sorts of Flowers… III. Of Improving Fruit-Trees, Kitchen-Gardens, and Green-House Plants. With the Gentleman and Gardener’s Kalendar; to which is added, that scarce and valuable Tract intitled Herefordshire-Orchards (by I.B.-John Beale).",,BRADLEY (RICHARD),USD,1500.0,InStock,
Atlas,"The details in the text for different maps vary but capture the essence of the country or region and the native people. Although the color maps are not very detailed, they have a real aesthetic value and reflect the world viewed by the French bourgeoisie of the nineteenth century. The atlas is in good condition and shows the real artistic talent of its Marie Ponson. There are two printed religious documents inserted loose at front. These documents record the day when Marie Ponson received her first communion in the Catholic Church and when she was officially consecrated to the Order of St. Vierge in 1882. She originally entered the order in 1878, which suggests that the preparation of the Atlas was undertaken after Marie Ponson was formally made a Sister of the Order of the Blessed Virgin (Ste Vierge) in 1882.","['MARIE PONSON', 'PONSON, MARIE']",USD,2200.0,InStock,"Author,"
"Hyacinthi Ambrosini ... Phytologiae, hoc est, De plantis partis primae tomus primus : in quo herbarum nostro seculo descriptarum, nomina, aequiuoca, synonyma, ac etymologiae inuestigantur : additis aliquot plantarum viuis iconibus ... : cum indice trilingui copiosissimo",,"AMBROSINI, GIACINTO & LORENZO TINTI",USD,6000.0,InStock,
"An introduction to the science of botany, chiefly extracted from the works of Linnaeus; to which are added, several new tables and notes, and a life of the author",,"LEE, JAMES, [CARL VON LINNÉ]",USD,750.0,InStock,
"Ueber einen neuen Formbestandtheil des Säugetierblutes, und die Bedeutung desselben für die Thrombosis und Blutgerinnung überhaupt.","Bizzozero (1846-1901) referred in his essay on a new form component of the blood and its role in thrombosis and coagulation, the platelets, as he called the platelets, as the third independent form component of two to three times smaller diameter than the erythrocytes circulating beside them and the white blood cells in the blood. However, the question of thrombocytogenesis could not really be solved until 1906 by James H. Wright (1869-1928), who observed the formation of platelets from constrictions on the pseudopodia of the megakaryocytes of the bone marrow. A further stimulation of the biostimulatory research by Bizzozero resulted from the fact that he brought the platelets 5in connection with the blood clotting. They, and not the white blood cells, played the main role in the coagulation, because it was likely that the platelets were not only involved in the pathological thrombosis. Bizzozero proposed a bridge to Virchow's view in 1882 with the conclusion that \""their proliferation would alter the conditions of the circulation, and it is probable that in such cases the slightest alteration of the walls of the vessel may give rise to widespread thrombosis\"". Cf. Axel W.Bauer & Kerstin Mall, H- MOSTASE, THROMBOSE AND EMBOLISM. Historical","['BIZZOZERO, GIULIO.', 'GIULIO BIZZOZERO']",USD,800.0,InStock,Zbl. med. Wiss.
"Manuel de médecine pratique. Tiré des écrits de plusieurs médecins célèbres, et proffesseur (sic) des universités. Le tout rangé sous les trois parties de la médecine qui sont la phisiologie, la pathologie, et thérapeutique. Composé par les soins, et à l'; Bound with, Mlle REYNE D'ISSURTITTE. Vin Purgattif et Sudorifique Contre Lhidropisie",,GANNERON,USD,2500.0,InStock,
"Grundriss der Physiologie für Vorlesungen. Nach der vierten lateinischen mit den Verbesserungden und Zusätzen des herrn Prof. Wrisberg in Göttingen, vermehrten Ausgabe aufs neue übersetzt, und mit Anmerkungen vershehen durch herrn hofrath Sömmerring ... m",,"HALLER, ALBRECHT VON; HEINRICH AUGUST WRISBERG; SAMUEL THOMAS VON SOEMMERRING; PHILIPP FRIEDRICH THEODOR MECKEL",USD,600.0,InStock,
"De Chirurgie ende alle de opera, ofte wercken van Mr Ambrosius Pare, raedt, ende opperste chirurgijn van vier koninghen in Vranckrijcke, nu eerst uyt de Francoysche, in onse ghemeyne Nederlansche sprake, ende uyt de vierde editie, ghetrouwelick overgheset, door D. Carolum Battum, Medicijn, ordinaris der stadt Dordrecht. Ende in desen laetsten druck, van veel fauten verbetert. Met alle de figueren soo wel der anatomien als van de instrumenten der Chirurgien, ende van vele diversche monsters...Tot",,PARE (AMBROISE).,USD,6000.0,InStock,
"Gnomonica, oder Gründlicher Unterricht und Beschreibung, Wie man allerhand Sonnen-Uhren auf ebenen Orten künstlich aufreissen und leichlich verfertigen soll &c. Zum andermal aufgeleget und Mit nutzlichen Anmerkungen, wie auch Dem Andern Theil, vermehret,",,"WELPER, EBERHARD; JOHANN CHRISTOPH STURM",USD,3500.0,InStock,
"Surveying Improved; or The whole art both in theory and practice, fully demonstrated. In four parts. To which is added Geodoesia Accurata or Surveying made easy by the chain only. Also a new essay upon solids. Shewing how the dimensions of timber-trees,",,"WILSON, HENRY & HUME, WILLIAM",USD,1500.0,InStock,
Beschreibung von allerley Insecten in Teutschland Nebst Nützlichen Anmerkungen und nötigen Abbildungen von diesem Kriechenden und Fliegenden Inländischen Gewürme…,,"FRISCH, JOHANN L.",USD,3500.0,InStock,
"An introduction to the science of botany, chiefly extracted from the works of Linnaeus; to which are added, several new tables and notes, and a life of the author","This is a rare color copy of Lee's \""original work that constituted the first treatise of treatise of the Linnaean system in England.\"" (Stafleu & Cowan 4289). There is dedication to James Edward Smith by James Lee the Younger followed by Thornton's essay on James Lee. There are VIII Tables complementing the translation of text for the twenty four Linnean Classes, Appendix on Palms, five (5) chapters on Genera and, in Part Third, twenty three (23) chapters on plant types, i.e. vegetables divisible into families or tribes, all parts of plants, seeds and various aspects of growth, germination and fine structures found on plants, ending with types of inflorescence and other morphological features on plants that permitting distinction of species and their varieties . The remaining portion of the book contains tables that include portions of the Termini Botanici: A dictionary of botanical terms for use of students in botany. \""Lee (1715-1795) was gardener at Syon House, Middlesex and to Duek of Argyll at Whitton, Middleses. He also was partner with J. Kennedy in Vineyard Nursery, Hammersmith around 1745. He had a number of plant collectors providing plants from America and at the Cape (Horn?). He was a correspondent of","['CARL VON LINNÉ', 'JAMES LEE', 'LEE, JAMES, [CARL VON LINNÉ]']",USD,750.0,InStock,"Printed for F.C. and J. Rivington [etc.],"
"A Compleat System of Opticks, in Four Books, viz. a Popular, a Mathematical, a Mechanical, and a Philosophical Treatise. To which are added remarks upon the whole",,"SMITH, ROBERT",USD,3250.0,InStock,
"Japanese Plant Catalogue. Catalogue of Japanese Plants, Bulbs and Seeds","Louis Boehmer, was a German citizen who migrated to America in around 1866, working as a gardener in Rochester, New York. In 1872 he moved to Japan and became head of a government-owned American run farming operation. After the breakup of the farm he established his own nursery in 1882, specializing in exporting Japanese plants and bonsai to Europe, the United States and Australia. In 1890 Boehmer sold his nursery to his partner Albert Unger.","['CO', 'BOEHMER, L. & CO.', 'L. BOEHMER']",USD,1950.0,InStock,"L. Boehmer & Co.,"
Fungorum Agri Ariminensis Historia,"The classification criteria is given by the external form, judged by Battarra to be a more certain and practical method of classification, than that used by Gleditsch in his Methodus fungorum of 1753. (notes from translation of Dizionario Biografico degli Italiani VII p. 236) (Nissen BBI 95; Pritzel 490; Volbracht, 9).","['BATTARRA, GIOVANNI ANTONIO', 'GIOVANNI ANTONIO BATTARRA']",USD,6000.0,InStock,"Typis Ballantianis,"
Mathematics Manuscript & Work Book],,"SCOTT, ROBERT",USD,750.0,InStock,
"The Theory Of Horticulture; Or, An Attempt To Explain The Principal Operations of Gardening Upon Physiological Principles",,"LINDLEY, JOHN",USD,350.0,InStock,
"Recueil de jardins anglois et chinois. Recueil de jardinage composé par le Sr. Panseron, Architecte, Professeur d'Architecture, Ancien Professeur de Dessin à l'Ecole Royale Militaire et cydevant Inspecteur des Batimens de S.A.S. Mrg. le Prince de Conti.",,"PANSERON, PIERRE",USD,7000.0,InStock,
"A Short Attempt to Recommend the Study of Botanical Analogy, in Investigating the Properties of Medicines from the Vegetable Kingdom.","First and only edition listed in ESTC under this title, rare, showing only four copies in U.S. libraries, bound in full calf, dry, contents clean, with the half-title present.","['ROBINSON, G.', 'G. ROBINSON']",USD,1250.0,InStock,"G. Robinson and C. Elliott,"
"British Jungermanniae: Being a History and Description, with colored Figures, of each Species of the Genus, and Microscopical Analyses of the Parts",,"HOOKER, WILLIAM JACKSON",USD,9000.0,InStock,
Algues Côtes de Bretagne,,"['ANONYMOUS', '[ANONYMOUS]']",USD,4800.0,InStock,
"The Theory Of Horticulture; Or, An Attempt To Explain The Principal Operations of Gardening Upon Physiological Principles",,"['JOHN LINDLEY', 'LINDLEY, JOHN']",USD,350.0,InStock,Longman et al.
"La Trigonometrie Rectiligne Et Sphérique ; Avec Les Tables Des Sinus, Tangentes Et Sécantes, Pour Un Rayon De Beaucoup Parties, Et Les Tables Des Logarithmes Des Sinus Et Des Tangentes, [Etc.]. Nouvelle édition, revûe & corrigée exactement",,[ANONYOMOUS- MANUSCRIPT 1767] & OZANAM (JACQUES),USD,2000.0,InStock,
"Euclidis Megarensis Mathematici Clarissimi Elementorum Geometrcorum Lib Xv. Cum Epositione Theonis In Priores Xiii À Bartholomaeo Veneto Latinitate Donata, Campani In Omnes & Hypsiclis Alexandrini In Duos Postremos. His Adiecta Sunt Phaenomena, Catoptrica",,[EUCLID],USD,25000.0,InStock,
"The Forest Pruner; Or Timber Owner's Assistant: a treatise on he training or management of British timber trees; whether intended for use, ornament, or shelter: including an explanation of the causes of their general diseases and defects, with the means of prevention, and remedies, ... also, an examination of the properties of English fir timber; with remarks on the old and outlines of a new system of the management of oak woods",,"['WILLIAM PONTEY', 'PONTEY, WILLIAM']",USD,475.0,InStock,"J. Harding,"
"Käfer-Büchlein oder Beschreibung der schönsten, nützlichsten und schädlichsten in- und ausländischen Käfer. Nebst einer kurzen Anweisung, Käfer zu fangen und sie, nebst ihren Eiern, Larven und Puppen für Sammlungen herzurichten. Für Knaben ... so wie für",,REBAU HEINRICH,USD,275.0,InStock,
"A popular treatise on the remedies to be employed in cases of poisoning and apparent death: including the means of detecting poisons, of distinguishing real from apparent death, and of ascertaining the adulteration of wines",,"ORFILA, MATTHIEU P.; WILLIAM PRICE[Translator]",USD,600.0,InStock,
Travaux du Prof. Ramon y Cajal sur La Rétine. Les problèmes histo- physiologiques de la rétine-la rétine des vertébrés,Scarce copy of Cajal's ophthalmological research. Copy of noted French ophthalomologist Pierre Amalric with his notations.,"RAMON Y CAJAL, SANTIAGO",USD,2250.0,InStock,
"Pharmacopoeia officinalis & extemporanea, or, A compleat English dispensatory in four parts : containing: I. The theory of pharmacy, and the several processes therein, II. A description of the officinal simples, with their virtues and preparations, Galeni",,"QUINCY, JOHN",USD,750.0,InStock,
"Flora Americae Septentrionalis, or, A systematic arrangement and description of the plants of North America :containing, besides what have been described by preceding authors, many new and rare species, collected during twelve years travels and residence",,"PURSH,FREDERICK",USD,5500.0,InStock,
"Flora Angelica, Quam Cum Consens. Experiment. Fac. Medicae in Regia Academia Upsaliensi Sub Prasesidio… Dn. Doct. Caroli LInnaei…","This is one of the most significant of all Linnaen theses, being the first arrangement of English plants in the.....","[LINNAEUS, CARL] GRUFBERG, ISAAC OLAF",USD,2500.0,InStock,
"Botany Of The Northern And Middle States; Or A Description Of The Plants Found In The United States North Of Virginia, Arranged According To The Natural System; With A Synopsis Of The Genera According To The Linnaean System - A Sketch Of The Rudiments Of Botany, And A Glossary Of Terms.",,"BECK, LEWIS C.",USD,250.0,InStock,
"A treatise on forest-trees: containing not only the best methods of their culture hitherto practised, but a variety of new and useful discoveries, the result of many repeated experiments: as also, plain directions for removing most of the valuable kinds o",,"BOUTCHER, WILLIAM",USD,1250.0,InStock,
"Lettere Mediche Del Dottore Martino Ghisi Medico Cremonese La Prima Delle Quali Tratta Di Varj Mali, Curati Col Mercurio Crudo, E La Seconda Contiene L’istoria Delle Angine Epidemiche Degli Anni 1747 E 1748. Cremoni: Pietro Ricchini, 1749; Bound With Ebembitar De Limonibus Tractatus Arabicus In Latinum Versus AB ANDREA BELLUNENSI Typis Primum Evulgatus A Martino Ghisio Medico Cremonensi Dicatus Nobli AC Clarissimo Vio Don Paulo Valcarengo Physico Collegiato Cremonae Ferrariae …. Serenissimi Ducis Mutinae Medico Consulenti.",,"GHISI, MARTINO RICCHINI",USD,7500.0,InStock,
"The Pinetum: Being a Synopsis of All the Coniferous Plants at Present Known, with Descriptions, History & Synonyms, and a Comprehensive Systematic Index...; New Edition Considerably enlarged, Incorporating the former Supplement, and Including an Index of the Popular Names of Coniferae, English and Forein, To which is now addes An Alphabetical Reference-List of all the coloured plates of the Genus pinus publi",,"GORDON, GEORGE",USD,350.0,InStock,
Notes de chimie organique prises au cours de M. Le Professeur de Forcrand pendant les années scolaires de 1903-1904 et 1904-1905,,[DE FORCRAND (HIPPOLYTE ROBERT].,USD,1500.0,InStock,
Conchyliologie...; Planches des Espèces dans Generie Helix Mars. 1859 P(ar). Terver; Catalogue des Mollusques Terrestres et Fluviatiles observés Dans Les Possessioins Françaises Au Nord De L’Afrique,"This manuscript was intended to be the beginning or part of the great work that cites Terver in 1839 but was never published that included collaboration with Mr. Michaud. Most of the unpublished drawings of identified species of molluscs were given to the Natural History Museum of Lyon. Terver published very little, viz. two or three journal articles and a catalogue that is included in this collection. A biography of life and works of Terver was written by Arnould Locard as introduction to his book, Malacologie Lyonnaise ou Description des Mollusquees Terrestres & Aquatique des Environs de Lyon d’Après La Collection Ange-Paulin Terver Donnée au Muséum de Lyon par la Famiille Terver en 1870. Lyon, 1870.","['TERVER, ANGE PAULIN', 'ANGE PAULIN TERVER']",USD,9800.0,InStock,"Author & Baillière, Crochard; Savy,"
Gèométrie Royalle,The preliminary typed pages signed by Maurice Besnard gives an excellent history of this manuscript as well as noting that “throughout the history of the polytechnic school the scientific courses taught at this school present a great homogeneity gradually completing as a measure of the development of diverse scientific disciplines but still keeping their structure and general presentation.,"['[M. MONTEGU]', 'M. MONTEGU']",USD,8500.0,InStock,"Manuscript,"
Opera omnia &: Vol.1 Istolgia normale (1870-1883) Vol. 2 Istologia normale (1883-1902) Vol. 3 Patologia hererale e Isto-patologia (1868-1894).,,"GOLGI, CAMILLO",USD,9500.0,InStock,
Haemophilia As A Proof For Mutation In Man,,"SIRKS, M.J",USD,25.0,InStock,
"Cellular Immunity: Observations on Natural and Acquired Immunity to Cobra Venom; Proceedings of the Royal Society B: Biological Sciences, Vol. 92",,"GUNN, J. A.; R. ST. A. HEATHCOTE",USD,175.0,InStock,
"Principes sur le mouvement et l’équilibre, pour servir d’introduction aux Mécaniques & à la Physique","This is a rare complete original edition of this work on mechanics that includes the section on Ellipse that is often lacking. (Bibliotheca Mechanica, pp.324-325).","['[TRABAUD]', 'TRABAUD']",USD,1800.0,InStock,"Jean Desaint & Charles Saillant,"
"Traité De Gnomonique Premiere Partie Contenant L’Introduction à cette Science Plusierus pratiques de Geometrie et Les Tables necessaries à la construction des Cadrans; Traité De Gnomonique Seconde Partie Contenant La construction detoutes Sortes de Cadrans Avec la Description des arcs des Signes, des heures Italiques Babiloniques et Antiquesetc.; Traité De Gnomonique Troisieme Partie Contenant La description de plusierus Cadrans portatifs et curieuse tant au Soleil qu’a la Lune et aux Etoiles",,[ANONYMOUS],USD,3800.0,InStock,
"Serenissimi marchionis et principis Bada-Durlacensis hortus Carolsruhanus, in tres ordines digestus, exhibens nomina plantarum... quae aluntur per Christianum Thran,... Accedit aurantiorum, citreorum limonumque malorum catalogus, auctore Josua Rislero,..","Christian Thran was the gardener for margrave Karl Wihelm of Baden-Durlach from 1731 to 1746 who asked him to create the palace garden in the French baroque style. (Castles of Karlsruhe & University of Karlsruhe). Thran kept a diary of his work as head gardener and is responsible for the list of all the plants. In his Preface Josua Risler explains that the council (overseeing the garden?) ordered this publication, requesting him to check Thran’s list and add literature citations. This made the list more usable by any reader, particularly as the references cited often had illustrations of the plant of interest to the reader. Risler was also asked to prepare the second section on citrus fruits complete with references. These plants were probably not covered in Thran’s diary. Also, the citrus plants would most likely be in the Orangerie. It is understandable that Josua Risler, a pharmacist, prepared the list of all the genus and species of citrus fruit growing in the Carolsruh Orangerie. He would be most familiar with citrus fruit, as well as being knowledgeable of botanical literature to add proper citation to all the plants. The exception, as noted, is for a number of citrus species","['J. RISLER', 'C. THRAN', 'RISLER, J.; C. THRAN']",USD,2500.0,InStock,"Literis S. A. de La Carriere,"
Histoire naturelle des singes et des makis.,"This is the first publication by Audebert, a French painter and naturalist, who used his own special technique for coloring his engraved plates. This is a remarkable work by an extremely talented artist and engraver whose engraved plates rendered the animals in a natural brilliance. This is the first publication by Audebert, a French naturalist, who used his own special technique for making the plates. This is a truly remarkable work in very good condition. This is the only work by Audebert published in his lifetime. He died in 1700 and left two other works on birds published posthumously. (Nissen ZBI 156, Wood, p.206).","['AUDEBERT. JEAN-BAPTISTE', 'AUDEBERT. JEAN-BAPTISTE.']",USD,30000.0,InStock,
Studien über die Hirnrinde des Menschen Aus dem Spanischen übersetzt von Dr. J. Bresler,"Ramón y Cajal continued his histological studies after training under Dr. Maestre. Hn 1887 Cajal first saw examples of Golgi s silver stain...[and] immediately began to use his modification of the Golgi stain and obtained fascinating results by use of nervous tissue from embryos. Her the nerve cells and their processes stood out completely without interference from nyelinated fibers, revealing...the whole composition of the cortical gray matter. Cajal devoted untiring effort to the elucidating of the histological anatomy of the nervous system. In 1889 he presented his silver-stained specimens to the German Anatomical Congress in Berlin. Here his genius was immediately recogniaed by Kölliker. Cajal found evidence from his studies on nerve cells and fibers in the cerebellum that the nervous impulse was transmitted from one cell to another cell by contact and did not pass into a reticular network as proposed by Golgi. Cajal ultimately established that the dendrites in general receive impulses from other cells. These are then transmitted through the nerve cell via the axon to still other cells. This theory was immediately accepted by van Gehuchten and Kölliker and was recognized as one of the fundamental concepts underlying the function of the nervous system for which","['RAMÓN y CAJAL, SANTIAGO', 'SANTIAGO RAMÓN y. CAJAL']",USD,2800.0,InStock,"J.A. Barth,"
"A History of the Fossil Insects in the seondary rocks of England: Accompanied by a particular account of the strata in which they occur, and of the circumstances connected with their preservation.",A fine book by an English geologist with interest in fossil record of secondary rock.....,"BRODIE, PETER B",USD,200.0,InStock,
"Arithmetica et Geometria Nova, …Libri II; Geometriae Practicae, Pars I. & II; Pars Tertia; Pars Quarta; Pars Quinta; Pars Sexta; Primum Mobile (1631)",,"METIUS, ADRIANI",USD,7500.0,InStock,
Cours de Microbiologie III.,"There is around 60/70 pages with several original drawings of instruments and cellules. The courses given by Duclaux, Laveran, Metchnikoff etc. about tetanos, antiseptic, coccidies and cancer, paludism, phagocytose, immunity and some rare new microbes provided students with the most current research by these noted scientists and physicians.","['PEREZ (CHARLES),', 'CHARLES', 'PEREZ']",USD,1500.0,InStock,"Institut Pasteur,"
"The Rose Garden: In Two Divisions : Division I. Embracing The History Of The Rose, The Formation Of The Rosarium, And A Detailed Account Of The Various Practices Adopted In The Successful Cultivation Of This Popular Flower ; Illustrated With Numerous Engr",,"PAUL, WILLIAM",USD,900.0,InStock,
"Flora Historica: or the Three Seasons of the British Parterre historically and botanically treated; with observations on planting, to secure a regular succession of flowers, from the commencement of Spring to the end of Autumn; To which are added, the most approved methods of cultivatibulbous and other plants, as practised by the most celebrated florists of England, Holland, and France. In Two Volumes",,"PHILLIPS, HENRY",USD,525.0,InStock,
"Opuscula miscellanea quorum non pauca nunc primum prodeunt, tres in partes divisa. I-III.: Adversaria anatomica omnia... Opus nunc vere absolutum... I-VI. Bound with: MORGAGNI, G. B., Epistolae anatomicae duodeviginti ad scripta pertinentes celeberrimi viri Antonii Mariae Valsalvae... I-II. Bassani (sumptibus Remondinianis) Morgagni, G. B., Epistolae anatomicae duae novas observationes et animadveriones complectentes...",,"MORGAGNI, GIOVANNI BAPTISTA",USD,6000.0,InStock,
"Synopsis Methodica Stirpium Britannicarum, Tum Indigenis, Tum In Agris Cultis, Locis Suis Dispositis, Additis Generum Characteristicis, Specierum Descriptionibus, & Virium Epitome..., bound with De variis Plantarum Methodis Dissertatio Brevis...,","Second edition of first title with imprimatur leaf opposite title. [Wing R407], [Wing R390].","['RAY, JOHN', 'JOHN RAY']",USD,1900.0,InStock,"S. Smith & B. Walford,"
"The Forest Pruner; Or Timber Owner's Assistant: a treatise on he training or management of British timber trees; whether intended for use, ornament, or shelter: including an explanation of the causes of their general diseases and defects, with the means of prevention, and remedies, ... also, an examination of the properties of English fir timber; with remarks on the old and outlines of a new system of the management of oak woods",,"PONTEY, WILLIAM",USD,475.0,InStock,
Rare original 18th century Italian manuscript on astronomy.,,"[ORIANI, BARNABA]",USD,6000.0,InStock,
Of Natural Philosophy,,"['WILLIAM WATT', 'WATT, WILLIAM']",USD,5000.0,InStock,
Charles Peters his Book,Charles Peters taking this course most likely copied the exercises from his teacher’s ciphering book to create this personal mathematical book for reference and later consultation.,"['PETERS, CHARLES', 'CHARLES PETERS']",USD,2500.0,InStock,"Manuscript,"
"Traite theorique et pratique sur la culture de la vigne, avec L'art de faire le vin, les eaux-de-vie, esprits de vin, vinaigres simples et composes. .. Ouvrage dans lequel se trouvent methodes pour faire, gouverner, les perfectionner les Vins, Eaux-de-vie, et Vinaigres; avec 21 planches representant les divers especes de Vignes, les machines et instrumens servant a la fabrication des Vins et Eaux-de-vie",,"CHAPTAL, JEAN ANTOINE; ABBE ROZIER; PARMENTIER",USD,2500.0,InStock,
An Introduction to Botany… In Two volumes,,"['JOHN LINDLEY', 'LINDLEY, JOHN']",USD,350.0,InStock,Longman et al.
"A treatise on brewing: wherein is exhibited the whole process of the art and mystery of brewing the various sorts of malt liquor; with practical examples upon each species. Together with the manner of using the thermometer and saccharometer; elucidated by examples, and rendered easy to any capacity, in brewing",,MORRICE ALEXANDER,USD,950.0,InStock,
Principles and Methods of Plant Breeding with Special Reference to Horticultural Crops.,Bowers begins the thesis with is a review of the literature for plant breeding from beginning to end of 19th century and the principle plant breeders. He then describes genetic basis for breeding as well as different aspects of making crosses and pollination. The main body of his research is presented for the different plants and methods he used in creating different varieties. Bowers' signature is on front end paper. Bowers was well known for his publications on rhododendrons. In this masters thesis he presents his research on plant breeding at Cornell which awarded him the degree. This is a significant work because it comes at the time just after Bateson in England and others discovered the importance of the genetic work of Mendel using crosses of garden grown peas. Bowers' research was aimed at discovering what breeding principles were successful in generating new useful crop varieties.,"['CLEMENT GRAY BOWERS', 'PLANT BREEDING - MASTERS THESIS', 'BOWERS, CLEMENT GRAY [PLANT BREEDING - MASTERS THESIS]']",USD,950.0,InStock,
[18th Century Royal Family Ciphering Book].,"“The motto is French for literally \""God and my right\"", meaning that the king is \""Rex Angliae Dei gratia\"": King of England by the grace of God. It is used to imply that the monarch of a nation has a God-given (divine) right to rule. For the Royal coat of arms of the Kingdom of England to have a French rather than English motto was not unusual, given that Norman French was the primary language of the English Royal Court and ruling class following the rule of Willia the Conqueror of Normandy and later the Plantagenets. Another Old French phrase also appears in the full achievement of the Royal Arms.” (Wikipedia). “Dieu et mon droit (French for God and my right, referring to the monarch's divine right to govern) has generally been used as the motto of the British monarch since it was adopted by Henry V (1413-1422). Originally it was spelled Dieut et mon droict, the early Modern French spelling, but later the 't' in \""Dieut\"" and the 'c' in \""droict\"" were taken out in accordance with present French orthography. To this day, this motto is emblazoned on the Royal Coat of Arms of the United Kingdom. A French",ANONYMOUS,USD,8500.0,InStock,"Manuscript,"
Manual de anatomia patologica general seguida de un resumen de microscopia aplicada a la histologia y bacteriologia patologicas,"This third edition is greatly enlarged from the first edition published in 1890. There is extensive analysis and discussion of tissues, bacteria, fungi and pathological diseases including tumors. Ramon y Cajal was a meticulous investigator and excellent histologist who was awarded the Nobel Prize for Physiology and Medicine with Camilo Golgi in 1906. (Heirs 2145.5 -1st Ed.).","['SANTIAGO RAMON y. CAJAL', 'RAMON y CAJAL, SANTIAGO']",USD,1250.0,InStock,"Imp. y Libreria de Nicolas Moya,"
Traité de géographie mathématique,,"ROELANT, MIMIE",USD,4500.0,InStock,
Thesis pour Le Doctorat En Medicine - Essais Ophthalmoscopiques.,"utstanding collection of 13 original drawings in gouache and watercolor studies and preparatory work of Emond Delorme, one of the most important French military surgeons who received the Grand Officer of the Legion of Honour. Provenance: Ink signature of V. Stoeber on upper right corner of Thesis cover. This collection comes from the personal library of Victor Stoeber, ophthalmology pioneer in France and thesis director for the young Delorme in Strasbourg. This collection comes from a private source and represents the skill and medical expertise of Edmond Delorme who went on to be one of the greatest French military surgeons from the late 19th to early 20th century. He was a pioneer in aseptic surgery when in the army and later was made director of the School of Val de Grâce He was an ingenious surgeon and inventor of new techniques in Grace. In addition it comes directly from private funds and is the earliest medical studies of one of the largest French military surgeons from the late nineteenth and early twentieth century, the pioneer in aseptic surgery army, future director of the School of Val de, ingenious thoracic surgeon and inventor. The young Edmond Delorme, from Luneville in Meurthe-et-Moselle","['DELORME, EDMOND', 'EDMOND DELORME']",USD,4500.0,InStock,
[NUMBER THEORY -MANUSCRIPT & OFF PRINTS].,,"KRAITCHIK, MAURICE",USD,3000.0,InStock,
