0,1,datePublished,3,4,5,6
Cheese and Apple Quesadillas,"['Sprinkle the grated cheese and apple evenly between two of the tortillas', 'Serve once cooled.', 'You could also add sultanas for added texture.', 'In a frying pan, dry-fry the tortillas over a medium for 2 minutes on each side, or until slightly brown and the cheese melted', 'Place the remaining two tortillas on top and press down to sandwich the cheese and apple together']","January 3, 2016",PT5M,"['4 flour tortillas', '50g mild cheese, grated', '1 apple, peeled, cored and grated']",PT4M,P
Easy Cheesy Pizza Tortilla,"['Cook under a grill, on medium heat, for 3 minutes, or bake on a high heat in the oven for 5 minutes, or until the cheese has melted', 'Spread the pesto over one half of the tortilla, sprinkle the tomatoes and cheese over the top and fold it in half', 'Serve once cooled.']","June 2, 2016",PT5M,"['1 heaped tablespoon tomato pesto', 'A handful of grated mild cheese', '3 cherry tomatoes, quartered', '1 tortilla wrap']",P,P
Hummus,"['Simply place all ingredients into a food processor and blitz to form a thick and creamy dip', 'Store in the fridge for up to 3 days']","December 18, 2017",PT5M,"['5 tablespoons lemon juice', '1 teaspoon minced garlic', '1 teaspoon paprika', '2 teaspoons freshly ground black pepper', '400g tin chickpeas, drained and rinsed well']",P,P
Super Mild Chilli Con Carne,"['Add the mince to the pan and cook until browned', 'In a large saucepan, heat the oil over a medium heat and then fry the onion and pepper until softened', 'Serve once cooled with rice, pasta or in tortilla wraps.', 'Once the mince is cooked, add all of the other ingredients and cook, covered, over a medium heat for 30 minutes']","January 19, 2016",PT15M,"['1 small green pepper, de-seeded and diced', '1 large carrot, diced', '1 small sweet potato, diced', '250ml low salt beef stock', '1 teaspoon paprika', '1 teaspoon mild chilli powder', '250ml low salt vegetable stock', '4-5 mushrooms, diced', '4 celery stalks, sliced', '1 teaspoon sugar', '1 cup (250ml) water', '400g tin of chopped tomatoes', '1 tablespoon vegetable oil', '500g lean minced beef', '400g tin of red kidney beans, drained', '1 onion, diced']",PT40M,P
Santa’s Yummy Christmas Crisps,"['Using cookie cutters, cut into the tortillas to form your desired festive shapes (press hard!)', 'Place festive tortilla shapes onto your baking tray/s and spray with more cooking spray', 'Bake in the oven for 5-10 minutes until the crisps are starting to brown round the edges and are crispy', 'Heat oven to 180°C and spray a large or two small baking trays with cooking spray']","December 20, 2016",PT15M,"['Spray cooking oil', '2 tortilla wraps']",PT10M,P
Strawberries and Cream Smiley Face Cake!,"['Add a few drops of red food colouring to reserved frosting, stir and then and spread over the lip mould - again place lips strategically onto the cake', 'In the meantime, make the frosting by whipping cream with a hand whisk until it will no longer run off the back of a spoon (stiff peaks) - reserve 6 tablespoons of frosting', ""Store cake in the fridge until it's time to serve, eat within 2-3 days."", 'Add flour, oats and coconut sugar and gently combine (do not overmix)', 'To finish your cake place remaining strawberry (or you could use a large chocolate button) strategically into the nose position', 'Divide mix evenly between Mini EasyMat and 2 cake tins, place into the oven to bake for 15 minutes after which time remove the Mini EasyMat and continue to bake the main cake for a further 5-10 minutes', ""Add frosting to the two eyes created from the Mini EasyMat mould and place strategically onto the cake, use your 2 blueberries to make pupil's"", 'Take a large mug and cut out a half moon from the large lip shaped EasyMat mould to form a structured smile shape (use picture as a reference)', 'Fold through diced strawberries', 'Heat oven to 180°C. Grease your Mini EasyMat and line two shallow cake tins with baking paper', 'Once baked cakes are cool, spread 2 tablespoons of frosting over the inside of one of the cakes, you could add strawberry jam to inside of the other cake if desired', 'Combine oil, eggs, yoghurt and vanilla in a large bowl and stir to combine', 'Sandwich the two cakes together and then frost the rest of the cake using the remaining frosting']","May 4, 2017",PT25M,"['Frosting:', '1 cup (90g) of oats', 'Sprinkles for freakles and chocolate button for nose (optional)', 'Red food colouring (natural preferred)', 'Large tub of heavy double cream (600ml)', '1 mugful of fresh strawberries (about 1 punnet), diced but reserve 1 for the nose', '3/4 cup (165g) coconut sugar', '3 medium eggs', '1 1/4 cup (225ml) vegetable oil', '1 1/2 teaspoons vanilla bean paste or extract', '3 cups (375g) self raising flour', '2 blueberries', '1 1/2 cup (366g) Greek yoghurt']",PT25M,P
Salmon and Sweet Potato Fishcakes,"['Serve once cooled.', 'Divide the mixture evenly into 8 balls and then flatten slightly to create a burger shape', 'In a large bowl, flake the cooked salmon fillets and then add the mashed sweet potato, onion, cheese, egg and breadcrumbs – stir to combine', 'In a frying pan, heat the oil over a medium-low heat and then fry the fishcakes for 4-5 minutes on each side, or until golden brown and heated all the way through']","September 14, 2016",PT20M,"['1 medium egg, whisked', '2 tablespoons grated parmesan cheese', '80g breadcrumbs', '300g sweet potato, cooked and mashed', '600g salmon fillets, cooked', '1 tablespoon vegetable oil']",PT10M,P
,"['These cupcakes are particularly delicious served slightly warm but it is best to leave the cupcakes you wish to ice to cool completely before icing.', 'Bake your cupcakes in the oven for 15-20 minutes, or until a knife comes out clean from the centre to show that they are cooked through. Please note that these will be slightly paler than a normal cupcake as there is no sugar – if you wait until they turn golden brown they will be quite dense and not as light so please do use a knife or cake testing stick to check', 'Preheat the oven to 190°C and grease or line a 12-hole muffin tray with 8 cases', 'Whilst your cupcakes cool in the tray (avoid removing too early), make your icing by stirring the lemon juice, elderflower cordial and sugar in a small bowl until smooth – reserve until the cakes you wish to ice are cool', 'In a saucepan, melt the butter and maple syrup over a low heat – reserve', 'Divide your mixture evenly between the 8 cases', 'Sift the flour into a large bowl and then add the finely grated lemon zest, lemon juice, whisked eggs and the melted butter and maple syrup – stir to combine until a smooth, runny mixture has been formed and no lumps remain']","May 14, 2018",PT10M,"['2 lemons, juiced and the zest finely grated from one', '150g unsalted butter', '2 tablespoons maple syrup (or honey if baby is over 12 months)', '140g icing sugar', 'Elderflower icing (optional):', 'Juice of ½ a small lemon', '150g self-raising flour', '3 medium eggs, whisked', '1 tablespoon elderflower cordial']",PT20M,P
Slow Cooked Mince and Bean Chilli,"['n a frying pan, heat the oil over a medium heat and then fry the mince until browned - drain any excess fat', 'Cook on low for at least 7 hours', 'Serve once cooled.', 'Transfer the mince to the slow cooker, along with all of the other ingredients – stir well and cover with the lid']","April 7, 2016",PT10M,"['1 teaspoon dried basil', '1 teaspoon dried parsley', '3 celery sticks, chopped', '2 onions, diced', '700g lean minced beef', '2 carrots, grated (squeeze in a muslin or tea towel to drain excess moisture)', '1 teaspoon mild chilli powder', '1 teaspoon dried oregano', '400g tin of low salt baked beans', '1 tablespoon vegetable oil', '600g passata', '1 sweet potato, grated']",PT7H,P
Mixed Berry Muffins,"['Divide the mixture evenly between the muffin cases and top with granola, if desired', 'Sift the flour, baking powder and brown sugar into the mixture— whisk to combine', 'Gently fold the mixed berries into the mixture', 'Serve once cooled.', 'In a large bowl, mix together the eggs, yoghurt and oil', 'Preheat the oven to 180°C and grease or line a 12-hole muffin tray with cases', 'Bake your muffins in the oven for 15-20 minutes, or until golden brown and a knife comes out clean from the centre to show that they are cooked through']","January 18, 2016",PT15M,"['¾ cup (187ml) vegetable oil', '2½ cups (312g) plain flour', '2 medium eggs, whisked', '1 cup (149g) frozen mixed berries', '¾ cup (150g) brown sugar', '¾ cup (187ml) vanilla yoghurt', '½ cup (61g) granola to sprinkle on top (optional, but may not be suitable if baby is under 12 months if it contains honey – alternatively you could make your own from the recipe at the start of this section)', '2 ½ tablespoons baking powder']",PT20M,P
Sweet Meat Loaf,"['In a large bowl, mix together the beef, apricots, carrot, courgette crackers, egg, milk, ½ cup (125ml) of the ketchup, onion, pepper and garlic powder', 'After the meatloaf has baked for 1 hour, pour the mixture you created in Step 4 onto the meat loaf and spread evenly across it', 'Pour the mixture into a lined loaf tin and bake for 1 hour', 'Whilst the loaf cooks, mix together the remaining ¾ cup (187ml) of ketchup, brown sugar, apricot jam and Worcestershire sauce in a bowl - reserve', 'Serve once cooled.', 'Preheat the oven to 180°C and line a 9x5” loaf tray', 'Return the loaf to the oven and bake for a further 30 minutes']","January 29, 2016",PT15M,"['1 carrot, grated (squeeze in a muslin or tea towel to drain excess moisture)', '1 medium egg, whisked', '7 dried apricots, diced', '½ teaspoon garlic powder', '¼ cup (50g) brown sugar', '1 onion, finely diced', '1¼ cups (312ml) reduced salt tomato ketchup', '1 tablespoon Worcestershire sauce', '1 courgette, grated (squeeze in a muslin or tea towel to drain excess moisture)', '12 Ritz crackers, ground to fine crumbs in a food processor', '1 cup (250ml) full fat milk (any will work — cow’s, soya, oat, coconut, breast or formula)', '900g minced beef', '½ teaspoon black pepper', '¼ cup (81g) apricot jam']",P,P
Banana Loaf,"['Preheat the oven to 180°C and grease or line a loaftin', 'Bake your loaf in the oven for 45-55 minutes, or until golden brown and a knife comes out clean from the centre to show that it is cooked through', 'Serve once cooled.', 'Pour the flour, flaxseed, spices and granola into the mixture – stir until just combined', 'In a bowl, mash the banana and then add the oil, eggs, yoghurt and sugar - whisk to combine', 'Pour the mixture into the loaf tin and top with granola']","February 5, 2016",PT15M,"['180ml vegetable oil', '1 teaspoon ground cinnamon', '3 small bananas', '2 medium eggs, whisked', '2 cups (250g) self-raising flour', '½ teaspoon ground nutmeg', '1 cup (122g) granola, plus extra to sprinkle on top (may not be suitable if baby is under 12months if it contains honey – alternatively you could make your own from the recipe at the start of the Sweet Treats section)', '2 tablespoons flaxseed, ground', '¾ cup (150g) coconut sugar (or brown sugar)', '1 cup (250ml) thick full fat vanilla yoghurt']",PT55M,P
Peanut Butter Banana,"['Spread the peanut butter on top of the banana slices and serve — so simple!', 'Peel a banana and cut it into quarters (older babies with a good pincer grip may prefer round 1cm slices)']","January 11, 2016",PT3M,"['1 Banana', 'Dollops of smooth peanut butter (for example Meridian, which is 100% nuts)']",P,P
Tuna Fishcakes,"['In a large bowl, mix together the cooled mash, tuna, sweetcorn, spring onion, chives, egg and pepper – then add ½ cup (30g) of the breadcrumbs and the flour', 'Use your hands to shape the mixture into 9 fishcakes. Coat them well in the remaining breadcrumbs', 'In a large frying pan, heat the oil over a medium heat and then fry each fish cake for 2 minutes on each side, until golden brown', 'Prepare your mashed potato and allow it to cool', 'Serve once cooled, but still nice and warm.']","October 3, 2016",PT30M,"['1 spring onion, finely sliced', '1 medium egg, whisked', '2 cups (120g) breadcrumbs', '1 tin of tuna in oil, drained', '1 cup (175g) sweetcorn', '1 tablespoon olive oil', '¼ teaspoon ground black pepper', '100g mashed potato', '½ cup (62g) plain flour', '2 tablespoons fresh chives, finely diced']",PT4M,P
Tuna Toasties,"['In a bowl, mix together the drained tuna, sweetcorn and yoghurt', 'Serve once cooled.', 'Preheat the grill to a medium heat', 'Place your open toasties under the grill for 3-5 minutes, or until the cheese is melted and golden', 'Divide the mixture evenly between the 4 slices of bread and top with the grated cheese']","January 29, 2016",PT5M,"['160g tinned tuna in spring water, drained', '50g mild cheddar cheese, grated', '6 tablespoons plain yoghurt', '200g tinned sweetcorn, drained', '4 slices of your preferred bread — I used a panini roll']",P,P
Strawberry and Banana Loaf Cake,"['Bake your loaf in the oven for 50 minutes, or until golden brown and a knife comes out clean from the centre to show that they are cooked through', 'Serve once cooled.', 'Preheat the oven to 180°C and grease or line a loaf tin with baking paper', 'Sift the flour and baking powder into the mixture - whisk again to combine', 'In a large bowl, whisk together the eggs, coconut oil, sugar, yoghurt, bananas and vanilla', 'Gentle fold the diced strawberries through the mixture, until evenly distributed – pour into the loaf tin']","August 17, 2016",PT10M,"['2 bananas, mashed', '2 medium eggs, whisked', '2 teaspoons baking powder', '125g strawberries, diced', '1 teaspoon vanilla bean paste or extract', '2 cups (250g) wholemeal spelt flour (or plain flour)', '1 cup (250ml) Greek yoghurt', '½ cup coconut oil (125ml), melted and cooled slightly', '½ cup (100g) coconut sugar']",PT50M,P
Creme Fraiche and Cucumber Dip,"['Place the ingredients into a bowl and stir well - it’s that simple!', 'Store in the fridge for up to 3 days.']","December 18, 2017",PT5M,"['1/2 teaspoon dried dill', '150g creme fraiche', '1 teaspoon freshly ground pepper', '1/4 cucumber, diced into very small cubes']",P,P
Slow Cooked Spanish Shepherd’s Pie,"['Place all of the ingredients except potato and cheese into the slow cooker – stir well and cover with the lid', 'In a bowl, mix together the remaining tablespoon of Spanish spice and the mashed potatoes – spread evenly over the mince', 'Serve once cooled.', 'Sprinkle grated cheese over the top of the mash and place under a medium-heat grill, until the cheese has melted and turned golden', 'Cook on low for 6 hours', 'After 6 hours have passed, transfer the contents to a baking dish']","April 20, 2016",PT15M,"['300g cooked potatoes, mashed', '2 stalks celery, diced', 'A handful of grated cheese', '3 tablespoons Spanish spice', '1 teaspoon minced garlic', '2 carrots, grated (squeeze in a muslin or tea towel to drain excess moisture)', '400g tin of chopped tomatoes with garlic and onion', '500g minced lamb', '1 onion, diced']",PT6H,P
Ham and Cheese Aubergine Bites,"['Bake the aubergine for 30-40 minutes, or until tender', 'Sprinkle the cheese evenly over the ham and place under the grill, on a medium heat, for 3 minutes, or until the cheese has melted and turned golden', 'Serve once cooled, sliced in half.', 'Preheat the oven to 180°C and line a baking tray with baking paper', 'Once the aubergine rounds are tender, remove them from the oven and place the ham squares on top and then sprinkle the cheese over the top', 'Place the aubergine rounds onto the baking tray, drizzle with olive oil and sprinkle with oregano']","January 25, 2016",PT10M,"['1½ cups (187g) grated mild cheese', '2 slices of ham, cut into 2cm squares', '1 aubergine, sliced into 5mm rounds', 'Drizzle of olive oil', '½ teaspoon dried oregano']",PT43M,P
Sunshine Pasta Salad,"['Serve once cooled.', 'In a saucepan, boil the pasta according to the packet instructions', 'Whilst the pasta cooks, heat the oil in a frying pan over a low heat and gently fry the diced courgette for 6 minutes', 'Once the pasta is cooked, drain it well and stir it into the vegetables with the tablespoon of cream cheese', 'After 6 minutes have passed, add the tomatoes and sweetcorn to the pan to cook for 1 minute - remove from the heat and set aside']","February 11, 2016",PT10M,"['10 large pasta shells (Conchiglioni Rigate)', '½ courgette, diced into 1cm squares', '1 tablespoon cream cheese', '1 tablespoon olive oil', '½ cup (64g) sweetcorn', '5 cherry tomatoes, quartered']",PT12M,P
Gingerbread Pancakes,"['In a bowl, mix together the flour, baking powder and spices', 'In a frying pan, heat 1 tablespoon of the butter over a medium heat and then add two tablespoons of batter per pancake - cook for 1-2 minutes until bubbles begin to form and then carefully flip to cook the underside for another minute', 'Continue to cook the pancakes in this way, until you have used all of your batter', 'Add the wet ingredients to the dry and stir until just combined - don’t worry if a few lumps remain', 'In a separate bowl mix together the sugar, molasses, maple syrup, eggs, melted butter and buttermilk', 'Serve once cooled with a drizzle of maple syrup.']","December 20, 2016",PT5M,"['1 teaspoon ground cinnamon', '2 medium eggs, whisked', '2 teaspoons baking powder', '¾ cup (187ml) buttermilk', '1/8 teaspoon ground nutmeg', '1 tablespoon maple syrup, or fruit purée plus extra for serving', '1/8 teaspoon ground cloves', '1¼ cup (156g) plain flour', '2 tablespoons unsalted butter for frying', '¾ teaspoon ground ginger', '¼ cup (50g) coconut sugar (or brown sugar)', '1 tablespoon molasses, or black treacle', '4 tablespoons unsalted butter, melted']",PT3M,P
Gingerbread Biscuits,"['Bake your biscuits in the oven for 12-15 minutes, or until golden brown', 'Once the mixture has chilled, wet your hands and scoop out heaped tablespoons of the cookie dough and roll them into small balls and place onto the lined baking tray', 'Serve once cooled.', 'Continue until all of the dough has been rolled and arranged onto the baking tray (do not flatten them)', 'In a bowl, mix together all of the ingredients and then transfer to the fridge to chill for 30 minutes', 'Preheat the oven to 180°C and line a large baking tray with baking paper']","December 20, 2016",PT40M,"['¼ cup (125ml) maple syrup (or honey if your baby is over 12 months old', '1½ teaspoons ground ginger', '1¼ cup (157g) plain flour', '1½ teaspoons baking powder', '½ teaspoon ground cinnamon', '1 large egg, whisked', '2 tablespoons melted coconut oil, or unsalted butter']",PT15M,P
Simple Strawberry Muffins,"['Divide the mixture evenly between the muffin cases and add the slices of strawberry on top for decoration if you wish. Sprinkle the granola over the muffins, if desired', 'Sift the sugar and flour into the mixture - whisk to combine', 'In a large bowl, mix together the oil, eggs, yoghurt and vanilla', 'Gently fold the diced strawberries through the mixture', 'Serve once cooled.', 'Preheat the oven to 180°C and grease or line a 12-hole muffin tray with cases', 'Bake your muffins in the oven for 15-20 minutes, or until golden brown and a knife comes out clean from the centre to show that they are cooked through']","March 3, 2016",PT5M,"['¾ cup (187ml) vegetable oil', '2 medium eggs, whisked', '2 cups (250g) wholemeal spelt flour', '½ cup (100g) coconut sugar (or brown sugar)', '1 cup (250ml) full fat plain yoghurt', '1 teaspoon vanilla bean paste or extract', '400g strawberries, hulled and diced (cut 2 into 6 slices each for decoration — optional)', '¼ cup (30g) granola to sprinkle on top (optional, but may not be suitable if baby is under 12 months if it contains honey – alternatively you could make your own from the recipe at the start of this section)']",PT20M,P
Two Ingredient Cookies,"['Serve once cooled.', 'Bake your cookies for 15 minutes, or until golden brown', 'Shape the mixture into cookie-size patties and place them onto the baking tray', 'Preheat the oven to 180°C and grease or line a baking tray with baking paper', 'In a bowl, mix together the mashed banana and oats— add any extra fillings of your choice']","February 16, 2016",PT5M,"['2 bananas, mashed', '1 cup (90g) oats']",PT15M,P
No-Bake Peanut Butter Slice,"['Stir the oats into the melted mixture and then pour the combined mixture into a shallow, freezer-safe dish', 'Place the dish into the freezer for 1 hour and then transfer to the fridge for two hours, until you are ready to slice and serve.', 'In a microwave-safe bowl, mix together the peanut butter and maple syrup and then microwave until the mixture has melted (approximately 2 minutes)']","February 1, 2016",PT10M,"['½ cup (125ml) maple syrup', '1½ cups (375g) smooth peanut butter (for example Meridian, which is 100% nuts)', '1 cup (90g) oats']",P,P
Allergy Free Chocolate Cake (Dairy &amp; Egg Free),"['Bake your cake in the oven for 35-40 minutes, or until golden brown and a knife comes out clean from the centre to show that it is cooked through', 'In a large bowl, mix together all of the dry ingredients', 'Serve once cooled.', 'Stir the mixture well and then pour the batter into the lined tin', 'Preheat the oven to 180°C and grease or line a deep spring-form cake tin', 'Make 3 wells in the dry mixture: pour the oil into one, the vanilla in another and the vinegar into the final one - pour the water over the top']","March 19, 2016",PT10M,"['3 cups (375g) plain flour', '2 cups (500ml) water', '2 teaspoons baking powder', '6 tablespoons cocoa powder', '2 teaspoons vanilla bean paste or extract', '2 teaspoons white wine vinegar', '10 tablespoons vegetable oil', '2 cups (400g) brown sugar']",PT40M,P
Two Ingredient Banana Pancakes,"['Serve once cooled. These pancakes are delicious served with a topping of fruit and some natural yoghurt.', 'In a frying pan, heat the oil over a medium heat and then fry 1½ tablespoons of the mixture at a time, cooking each pancake for 2 minutes on each side', 'In a bowl, mix together the eggs and the mashed banana']","February 16, 2016",PT5M,"['2 medium eggs, whisked', '1 banana, mashed well', 'Coconut oil, for frying', 'Natural yoghurt (optional)', 'Fruit topping/s of your choice (optional)']",PT4M,P
Bunny Rabbit Carrot Cookies,"['In a bowl, mix together all of the ingredients', 'Serve once cooled.', 'Bake your cookies for 15 minutes, or until golden brown', 'Shape the mixture into cookie-size patties and place them onto the baking tray', 'Preheat the oven to 180°C and grease or line a baking tray with baking paper']","March 22, 2018",P,"['2 bananas, mashed', '1 cup (90g) oats', '1/4 teaspoon mixed spice', '1/2 teaspoon ground cinnamon', '1 carrot, peeled and grated (squeeze in a muslin or tea towel to drain excess moisture)', '1 tablespoon ground flaxseed', '2 tablespoons orange juice', '1/4 teaspoon ground ginger']",P,P
Pork and Apple with Leek Mash,"['In a frying pan, heat 1 tablespoon of the oil over a medium heat and then fry the leeks for 5 minutes – reserve', 'In the pan you used to fry the chops, fry the onion, sage and apple for 6 minutes, then add the stock and mustard - allow to simmer for 8 minutes', 'Place the potatoes in boiling water and set a timer for 20 minutes', 'Serve your pork chops with the leek mash once cooled.', 'Turn the pan onto a very low heat whilst you mash the cooked potatoes with the butter, then stir in the fried leeks', 'Whilst the potatoes boil, heat the remaining tablespoon of oil in a large pan over a medium heat and fry each pork chop for 2 minutes on each side and then set aside']","February 11, 2016",PT15M,"['4 pork chops', '2 tablespoons olive oil', '2 eating apples, cored and cut into wedges', '300ml chicken stock', 'A knob of unsalted butter', '2 teaspoon Dijon mustard', '1 leek, sliced into thin rounds', '2 teaspoons dried sage', '1 onion, sliced', '3 large potatoes, peeled and quartered']",PT30M,P
Chicken Korma with Chunky Veg,"['Serve once cooled with rice, couscous, or soft bread.', 'Add the coconut milk, stock and ground almonds to the pan and stir, then leave it to start bubbling', 'In a frying pan, heat the oil over a medium heat and then fry the diced chicken until browned - transfer directly to your slow cooker', 'Once the mixture is bubbling, remove the pan from the heat and transfer the contents to the slow cooker – stir well and cover with the lid', 'Using the same pan, fry the onions, peppers, green beans, chilli, ginger, and curry paste for 5 minutes', 'Cook on low for 8 hours']","April 20, 2016",PT15M,"['2 tablespoons minced ginger', '6 chicken breasts, diced', '1 red pepper, de-seeded and diced (fresh or frozen)', '6 tablespoons korma curry paste (or a whole jar!)', '1 green pepper, de-seeded and diced (fresh or frozen)', '200ml low salt chicken stock', '1 cup (108g) green beans (fresh or frozen)', '2 onions, diced', '250ml coconut milk', '1 green chilli, de-seeded and diced (optional)', '1 tablespoon vegetable oil', '4 tablespoons ground almonds']",PT8H,P
"Ham, Sweetcorn and Cheese Toastie","['Top one slice of bread with the ham and sweetcorn and then sprinkle the cheese over the top', 'In a frying pan, dry-fry the toastie over a medium-heat for 2 minutes on each side, or until slightly brown and the cheese melted', 'Place the second slice of bread on top to make a sandwich', 'Serve once cooled.', 'Spread the butter onto both sides of the bread slices']","February 11, 2016",PT5M,"['2 slices of bread', '2 tablespoons unsalted butter', '2 tablespoons sweetcorn', '1 slice of ham (avoid ham containing honey if baby is under 12 months)', 'A small handful of grated mild cheese']",PT4M,P
The Best Almond &amp; Coconut Porridge,"['Microwave for 2-5 minutes depending on how sloppy/thick you like your porridge', 'Simply pour oats into your bowl of choice', 'Pour milk on top to cover oats completely', ""Stir in honey if it's for yourself or maple syrup if it's for bub""]","December 18, 2015",PT5M,"['60g of old fashioned oats', '1 TSP honey or maple syrup (never give honey to a baby under one)', ""Alpro coconut and almond milk (it's new but you will find it in most supermarkets)""]",PT5M,P
Peanut Butter Muffins,"['Bake your muffins in the oven for 15 — 20 minutes, or until golden brown and a knife comes out clean from the centre to show that they are cooked through', 'Serve once cooled.', 'Divide the mixture evenly between the muffin cases', 'In a large bowl, mix together the flour, sugar (or maple syrup) and cinnamon', 'Stir the peanut butter, banana, yoghurt, egg, oil and vanilla into the mixture', 'Preheat the oven to 180°C and grease or line a 12-hole muffin tray with cases']","February 25, 2016",PT15M,"['1 teaspoon ground cinnamon', '1 medium egg, whisked', '1 banana, mashed', '1 teaspoon vanilla bean paste or extract', '¼ cup (50g) sugar, or 1/3 cup (83ml) maple syrup, or fruit purée', '1/3 cup (83g) smooth peanut butter (for example Meridian, which is 100% nuts)', '2 cups (250g) self-raising flour', '4 tablespoons vegetable oil', '1 cup (250ml) full fat Greek yoghurt']",PT20M,P
Courgetti Bolognese (can be made with Spaghetti too),"['In a microwave-safe bowl, cover the cubes of carrot with water and microwave for 5 minutes - drain and reserve', 'In the same frying pan, fry the onion for 6 minutes, then add the garlic and carrots - cook for a further 2 minutes', 'Return the mince to the pan and add the tomatoes, stock, Worcestershire sauce and a good grind of black pepper — allow to simmer for 45 minutes', 'Serve once cooled.', 'Once the mince has simmered for 45 minutes, turn the heat off and simply fry the courgetti over a medium heat for 5 minutes', 'In a large frying pan, heat the oil over a medium heat and fry the mince until browned - drain any excess fat and then reserve the mince']","January 29, 2016",PT15M,"['Black pepper, to season', '400ml low salt beef stock', '2 teaspoons minced garlic', '100g carrot, cut into small 0.5cm cubes', '1 onion, finely diced', '2 courgettes, spiralized using the ‘noodle’ setting or 300g spaghetti pasta', '400g minced beef', '2 tablespoons Worcestershire sauce', '2 x 400g tins of chopped tomatoes', '1 tablespoon vegetable oil']",P,P
"Mixed Berry, Pear and Coconut Mini Loaves","['Gently fold the coconut, mixed berries and grated pear into the mixture', 'Preheat the oven to 180°C and grease or line 12 mini loaf tins', 'Sift the flours, baking powder and spices into the mixture – whisk to combine', 'Serve once cooled.', 'Divide the mixture evenly between the mini loaf tins and top with the remaining ¼ cup mixed berries on top of the loaves', 'Bake your mini loaves in the oven for 15 — 20 minutes, or until golden brown and a knife comes out clean from the centre to show that they are cooked through', 'In a large bowl, mix together the yoghurt, eggs, coconut oil, sugar, oats and vanilla']","February 17, 2016",PT20M,"['1 cup (125g) self-raising flour', '2 medium eggs, whisked', '½ cup (125ml) coconut oil, melted', '½ cup (100g) coconut sugar (or brown sugar)', '1 teaspoon baking powder', '1½ cups (375ml) plain yoghurt', '1 cup (175g) mixed berries, plus ¼ cup (44g) to sprinkle on top (fresh or frozen)', '¼ teaspoon ground cinnamon', '¼ cup (22g) oats', '¼ teaspoon ground nutmeg', '1 tablespoon vanilla bean paste or extract', '1 cup (125g) wholemeal plain flour', '2 pears, peeled, cored and grated (squeeze in a muslin or tea towel to drain excess moisture)', '1 cup (100g) desiccated coconut']",PT20M,P
Easy Slow Cooked Beef,"['In a jug, mix together the stock, Worcestershire sauce, soya sauce and garlic and then pour it over the beef – cover with the lid', 'Cook on low for 8-10 hours, until the beef is so tender it falls apart', 'If the gravy is too runny for your liking, you can use cornflour to thicken it to your desired consistency', 'Serve once cooled with mashed potato or rice.', 'Spoon the onions from Step 1 over the beef', 'In a frying pan, heat the oil over a medium heat and fry the onions for 10 minutes until soft — reserve', 'In the same pan, fry the beef for 3 minutes on each side before placing into your slow cooker']","March 31, 2016",PT10M,"['3 onions, sliced', 'Mashed potato or rice to serve (optional suggestions)', '6 teaspoons minced garlic', '1 tablespoons low salt soya sauce', '2 tablespoons Worcestershire sauce', '1 tablespoon vegetable oil', '300ml low salt beef stock', '3 ½ pounds stewing beef', 'Cornflour (optional)']",P,P
