0,description,duration,contentRating,director,dateCreated,ratingCount,bestRating,ratingValue,actor,worstRating
Bird Box,"Bird Box (2018) Dual Audio 480p 720p WEB-DL x264 Five years after an ominous unseen presence drives most of society to suicide, a survivor and her two children make a desperate bid to reach safety. Download Bird Box (2018) Dual Audio 480p 720p WEB-DL x264 is a Hindi-English Movie Collected From Dual Audio Movies. This Movie based on Drama, Science Fiction, Thriller. BRWMovies.com is The Best Website/Platform For 300 MB Movies, Bollywood, Hollywood HD Movies, And TV Series. We Provide Direct Google Drive Download Links For Fast And Secure Downloading. Just Click On Download Button And Follow Steps To Download. Full Name: Bird Box (2018) Language: Hindi + English Size: 361 MB & 1.03 GB Quality: 480p & 720p Download Full Movie in HD 480p (361 MB)↓ [Server 1] [Server 2] Download Full Movie in HD 720p (1.03 GB)↓ [Server 1] [Server 2]",124 Min.,R,Susanne Bier,"Dec. 13, 2018",1.0,10.0,8.0,"['Rosa Salazar', 'Machine Gun Kelly', 'Lil Rel Howery', 'Jacki Weaver', 'Pruitt Taylor Vince', 'Trevante Rhodes', 'Danielle Macdonald', 'Sandra Bullock', 'Tom Hollander', 'BD Wong']",1.0
1920 London,"1920 London (2016) Dual Audio 480p 720p WEB-DL x264 Shivangi (Meera Chopra) lives in London with her husband Veer Singh. One day, he receives a gift from Rajasthan. From then, strange things happen with Veer and his condition deteriorates. Download 1920 London (2016) Dual Audio 480p 720p WEB-DL x264 is a Hindi-English Movie Collected From Dual Audio Movies. This Movie based on Horror. BRWMovies.com is The Best Website/Platform For 300 MB Movies, Bollywood, Hollywood HD Movies, And TV Series. We Provide Direct Google Drive Download Links For Fast And Secure Downloading. Just Click On Download Button And Follow Steps To Download. Full Name: 1920 London (2016) Language: Hindi + English Size: 350 MB & 881 MB Quality: 480p & 720p Download Full Movie in HD 480p (350 MB)↓ [Server 1] [Server 2] Download Full Movie in HD 720p (881 MB)↓ [Server 1] [Server 2]",120 Min.,,Tinu Suresh Desai,"May. 06, 2016",1.0,10.0,7.0,"['Sharman Joshi', 'Meera Chopra', 'Vishal Karwal']",1.0
Shaolin,"Shaolin (2011) Dual Audio 480p 720p WEB-DL x264 China is plunged into strife as feuding warlords try to expand their power by warring over neighboring lands. Fuelled by his success on the battlefield, young and arrogant Hao Jie sneers at Shaolin’s masters when he beats one of them in a duel. But the pride comes before a fall. When his own family is wiped out by a rival warlord, Hao is forced to take refuge with the monks. As the civil unrest spreads and the people suffer, Hao and the Shaolin masters are forced to take a fiery stand against the evil warlords. They launch a daring plan or rescue and escape. Download Shaolin (2011) Dual Audio 480p 720p WEB-DL x264 is a Hindi-English Movie Collected From Dual Audio Movies. This Movie based on Action, Drama. BRWMovies.com is The Best Website/Platform For 300 MB Movies, Bollywood, Hollywood HD Movies, And TV Series. We Provide Direct Google Drive Download Links For Fast And Secure Downloading. Just Click On Download Button And Follow Steps To Download. Full Name: Shaolin (2011) Language: Hindi + English Size: 408 MB & 1.02 GB Quality: 480p & 720p Download Full Movie in HD 480p (408 MB)↓",131 Min.,R,Benny Chan,"Jan. 20, 2011",1.0,10.0,8.0,"['Yue Hoi', 'Wu Jing', 'Bai Bing', 'Xing Yu', 'Andy Lau', 'Xiong Xin-Xin', 'Fan Bingbing', 'Yu Shaoqun', 'Jackie Chan', 'Nicholas Tse']",1.0
Black Panther,"Download Black Panther (2018) Dual Audio 720p BluRay x264 King T’Challa returns home from America to the reclusive, technologically advanced African nation of Wakanda to serve as his country’s new leader. However, T’Challa soon finds that he is challenged for the throne by factions within his own country as well as without. Using powers reserved to Wakandan kings, T’Challa assumes the Black Panther mantel to join with girlfriend Nakia, the queen-mother, his princess-kid sister, members of the Dora Milaje (the Wakandan ‘special forces’) and an American secret agent, to prevent Wakanda from being dragged into a world war Download Black Panther (2018) Dual Audio 720p BluRay x264 is a Hindi-English Movie Collected From Dual Audio Movies. This Movie based on Action, Adventure. BRWMovies.com is The Best Website/Platform For 300 MB Movies, Bollywood, Hollywood HD Movies, And TV Series. We Provide Direct Google Drive Download Links For Fast And Secure Downloading. Just Click On Download Button And Follow Steps To Download. Full Name: Black Panther (2018) Language: Hindi + English Size: 1.13 GB Quality: 720p Download Full Movie in HD 720p (1.13 GB)↓ [Server 1] [Server 2] .",134 Min.,PG-13,Lisa C. Satriano,"Feb. 13, 2018",1.0,10.0,8.0,"['Daniel Kaluuya', 'Martin Freeman', 'Sterling K. Brown', 'Angela Bassett', 'Michael B. Jordan', ""Lupita Nyong'o"", 'Winston Duke', 'Letitia Wright', 'Danai Gurira', 'Chadwick Boseman']",1.0
Class of '83,"Class of ’83 (2020) Hindi 480p 720p WEB-DL x264 ESubs A hero policeman shunted to a punishment posting as the Dean of the police academy decides to punish the corrupt bureaucracy and its criminal allies in return by training five lethal assassin policemen. Download Class of ’83 (2020) Hindi 480p 720p WEB-DL x264 ESubs is a Hindi Movie Collected from Bollywood Movies. This Movie based on Drama. BRWMovies.com is The Best Website/Platform For 300 MB Movies, Bollywood, Hollywood HD Movies, And TV Series. We Provide Direct Google Drive Download Links For Fast And Secure Downloading. Just Click On Download Button And Follow Steps To Download. Full Name: Class of ’83 (2020) Language: Hindi Size: 315 MB & 788 MB Quality: 480p & 720p Download Full Movie in HD 480p (315 MB)↓ [Server 1] [Server 2] Download Full Movie in HD 720p (788 MB)↓ [Server 1] [Server 2]",98 Min.,,Atul Sabharwal,"Aug. 21, 2020",1.0,10.0,5.0,"['Joy Sengupta', 'Geetika Tyagi', 'Sameer Paranjape', 'Bhupendra Jadawat', 'Ninad Mahajani', 'Anup Soni', 'Vishwajeet Pradhan', 'Hitesh Bhojraj', 'Ravi Singh', 'Bobby Deol']",1.0
The Babysitter,"The Babysitter (2017) Dual Audio 480p 720p WEB-DL x264 When Cole stays up past his bedtime, he discovers that his hot babysitter is part of a Satanic cult that will stop at nothing to keep him quiet. Download The Babysitter (2017) Dual Audio 480p 720p WEB-DL x264 is a Hindi-English Movie Collected From Dual Audio Movies. This Movie based on Comedy, Horror. BRWMovies.com is The Best Website/Platform For 300 MB Movies, Bollywood, Hollywood HD Movies, And TV Series. We Provide Direct Google Drive Download Links For Fast And Secure Downloading. Just Click On Download Button And Follow Steps To Download. Full Name: The Babysitter (2017) Language: Hindi + English Size: 272 MB & 712 MB Quality: 480p & 720p Download Full Movie in HD 480p (272 MB)↓ [Server 1] [Server 2] Download Full Movie in HD 720p (712 MB)↓ [Server 1] [Server 2]",85 Min.,TV-MA,McG,"Oct. 13, 2017",1.0,10.0,5.0,"['Hana Mae Lee', 'Judah Lewis', 'Samara Weaving', 'Robbie Amell', 'Leslie Bibb', 'Emily Alyn Lind', 'Ken Marino', 'Doug Haley', 'Andrew Bachelor', 'Bella Thorne']",1.0
Neeya 2,"Neeya 2 (2019) Hindi 480p 720p WEB-DL x264 ESubs A shape-shifting snake-woman, who is in search of her lover, who she lost two decades ago, sets out to win his love again. Download Neeya 2 (2019) Hindi 480p 720p WEB-DL x264 ESubs is a Hindi Movie Collected from Hindi Movies. This Movie based on Thriller, Horror. BRWMovies.com is The Best Website/Platform For 300 MB Movies, Bollywood, Hollywood HD Movies, And TV Series. We Provide Direct Google Drive Download Links For Fast And Secure Downloading. Just Click On Download Button And Follow Steps To Download. Full Name: Neeya 2 (2019) Language: Hindi Size: 406 MB & 1.07 GB Quality: 480p & 720p Download Full Movie in HD 480p (406 MB)↓ [Server 1] [Server 2] Download Full Movie in HD 720p (1.07 GB)↓ [Server 1] [Server 2]",125 Min.,,L. K. Suresh,"May. 24, 2019",1.0,10.0,5.0,"['Balasaravanan', 'Jai Sampath', 'Priyadarshini Rajkumar', 'Catherine Tresa', 'Raai Laxmi', 'Powerstar Srinivasan', 'Avinash', 'Varalaxmi Sarathkumar']",1.0
Pain & Gain,"Pain & Gain (2013) Dual Audio 480p 720p WEB-DL x264 Daniel Lugo, manager of the Sun Gym in 1990s Miami, decides that there is only one way to achieve his version of the American dream: extortion. To achieve his goal, he recruits musclemen Paul and Adrian as accomplices. After several failed attempts, they abduct rich businessman Victor Kershaw and convince him to sign over all his assets to them. But when Kershaw makes it out alive, authorities are reluctant to believe his story. Download Pain & Gain (2013) Dual Audio 480p 720p WEB-DL x264 is a Hindi-English Movie Collected From Dual Audio Movies. This Movie based on Action, Crime, Thriller. BRWMovies.com is The Best Website/Platform For 300 MB Movies, Bollywood, Hollywood HD Movies, And TV Series. We Provide Direct Google Drive Download Links For Fast And Secure Downloading. Just Click On Download Button And Follow Steps To Download. Full Name: Pain & Gain (2013) Language: Hindi + English Size: 510 MB & 1.08 GB Quality: 480p & 720p Download Full Movie in HD 480p (510 MB)↓ [Server 1] [Server 2] Download Full Movie in HD 720p (1.08 GB)↓ [Server 1] [Server 2]",130 Min.,R,Michael Bay,"Apr. 18, 2013",1.0,10.0,6.0,"['Anthony Mackie', 'Ed Harris', 'Dwayne Johnson', 'Rebel Wilson', 'Bar Paly', 'Ken Jeong', 'Rob Corddry', 'Mark Wahlberg', 'Michael Rispoli', 'Tony Shalhoub']",1.0
Pinjar,"Pinjar (2003) Hindi 480p 720p WEB-DL x264 ESubs In the days leading up to Partition, a Hindu woman is abducted by a Muslim man. Soon, she finds herself not only forced into marriage, but living in a new country as the borders between India and Pakistan are drawn Download Pinjar (2003) Hindi 480p 720p WEB-DL x264 ESubs is a Hindi Movie Collected from Hindi Movies. This Movie based on Drama. BRWMovies.com is The Best Website/Platform For 300 MB Movies, Bollywood, Hollywood HD Movies, And TV Series. We Provide Direct Google Drive Download Links For Fast And Secure Downloading. Just Click On Download Button And Follow Steps To Download. Full Name: Pinjar (2003) Language: Hindi Size: 549 MB & 1.52 GB Quality: 480p & 720p Download Full Movie in HD 480p (549 MB)↓ [Server 1] [Server 2] Download Full Movie in HD 720p (1.52 GB)↓ [Server 1] [Server 2]",188 Min.,,Chandra Prakash Dwivedi,"Oct. 22, 2003",1.0,10.0,6.0,"['Manoj Bajpayee', 'Sandali Sinha', 'Isha Koppikar', 'Sanjay Suri', 'Urmila Matondkar']",1.0
Avengers: Endgame,"Download Avengers- Endgame (2019) Dual Audio 720p BluRay x264 After the devastating events of Avengers: Infinity War, the universe is in ruins due to the efforts of the Mad Titan, Thanos. With the help of remaining allies, the Avengers must assemble once more in order to undo Thanos’ actions and restore order to the universe once and for all, no matter what consequences may be in store. Download Avengers- Endgame (2019) Dual Audio 720p BluRay x264 is a Hindi-English Movie Collected From Dual Audio Movies. This Movie based on Action, Adventure. BRWMovies.com is The Best Website/Platform For 300 MB Movies, Bollywood, Hollywood HD Movies, And TV Series. We Provide Direct Google Drive Download Links For Fast And Secure Downloading. Just Click On Download Button And Follow Steps To Download. Full Name: Avengers- Endgame (2019) Language: Hindi + English Size: 1.45 GB Quality: 720p Download Full Movie in HD 720p (1.45 GB)↓ [Server 1] [Server 2]",181 Min.,PG-13,Anthony Russo,"Apr. 24, 2019",1.0,10.0,8.0,"['Chris Evans', 'Chadwick Boseman', 'Paul Rudd', 'Chris Hemsworth', 'Robert Downey Jr.', 'Jeremy Renner', 'Benedict Cumberbatch', 'Don Cheadle', 'Mark Ruffalo', 'Scarlett Johansson']",1.0
Unknown Origins,"Unknown Origins (2020) English 720p WEB-DL x264 In Madrid, Spain, a mysterious serial killer ruthlessly murders his victims by recreating the first appearance of several comic book superheroes. Cosme, a veteran police inspector who is about to retire, works on the case along with the tormented inspector David Valentín and his own son Jorge Elías, a nerdy young man who owns a comic book store. Download Unknown Origins (2020) English 720p WEB-DL x264 is an English Movie Collected From Hollywood Movies. This Movie based on Drama, Thriller. BRWMovies.com is The Best Website/Platform For 300 MB Movies, Bollywood, Hollywood HD Movies, And TV Series. We Provide Direct Google Drive Download Links For Fast And Secure Downloading. Just Click On Download Button And Follow Steps To Download. Full Name: Unknown Origins (2020) Language: English + Russian Size: 515 MB Quality: 720p Download Full Movie in HD 720p (515 MB)↓ [Server 1] [Server 2]",97 Min.,TV-MA,David Galán Galindo,"Aug. 28, 2020",1.0,10.0,8.0,"['Carlos Areces', 'Antonio Resines', 'Verónica Echegui', 'Javier Rey', 'Juanfra Juárez', 'Ernesto Alterio', 'Álex García', 'Mario Díaz', 'Brays Efe', 'Leonardo Sbaraglia']",1.0
WALL·E,"WALL·E (2008) Dual Audio 480p 720p WEB-DL x264 WALL·E is the last robot left on an Earth that has been overrun with garbage and all humans have fled to outer space. For 700 years he has continued to try and clean up the mess, but has developed some rather interesting human-like qualities. When a ship arrives with a sleek new type of robot, WALL·E thinks he’s finally found a friend and stows away on the ship when it leaves. Download WALL·E (2008) Dual Audio 480p 720p WEB-DL x264 is a Hindi-English Movie Collected From Dual Audio Movies. This Movie based on Animation. Family, Science Fiction. BRWMovies.com is The Best Website/Platform For 300 MB Movies, Bollywood, Hollywood HD Movies, And TV Series. We Provide Direct Google Drive Download Links For Fast And Secure Downloading. Just Click On Download Button And Follow Steps To Download. Full Name: WALL·E (2008) Language: Hindi + English Size: 309 MB & 802 MB Quality: 480p & 720p Download Full Movie in HD 480p (309 MB)↓ [Server 1] [Server 2] Download Full Movie in HD 720p (802 MB)↓ [Server 1] [Server 2]",98 Min.,G,Andrew Stanton,"Jun. 22, 2008",1.0,10.0,5.0,"['Teddy Newton', 'John Ratzenberger', 'Kathy Najimy', 'Jeff Garlin', 'Elissa Knight', 'Ben Burtt', 'Bob Bergen', 'Fred Willard', 'Sigourney Weaver', 'John Cygan']",1.0
Sinkhole,"Sinkhole (2013) Dual Audio 480p 720p WEB-DL x264 After a massive sinkhole swallows a nearby town, a school bus filled with students is dropped deep underground. After the crash, the students realize the bus is hanging precariously against the side of the sinkhole, held in place by a broken pipe. Any sudden move could send the bus plummeting into the darkness below. Alone and with all the adults injured, the teens struggle for survival with the story taking on shades of Lord of the Flies. Their only hope is a small-town paramedic, who must overcome a tragic past to rescue the students. Download Sinkhole (2013) Dual Audio 480p 720p WEB-DL x264 is a Hindi-English Movie Collected From Dual Audio Movies. This Movie based on Action, Drama. BRWMovies.com is The Best Website/Platform For 300 MB Movies, Bollywood, Hollywood HD Movies, And TV Series. We Provide Direct Google Drive Download Links For Fast And Secure Downloading. Just Click On Download Button And Follow Steps To Download. Full Name: Sinkhole (2013) Language: Hindi + English Size: 312 MB & 1.01 GB Quality: 480p & 720p Download Full Movie in HD 480p (312 MB)↓ [Server 1] [Server 2] Download Full Movie in HD 720p",90 Min.,,Scott Wheeler,"Apr. 01, 2013",1.0,10.0,5.0,"['Paris Dylan', 'Robert Pike Daniel', 'Dominika Juillet', 'Gina Holden', 'Brooke Mackenzie', 'Jeremy London', 'Eric Roberts']",1.0
Sadak 2,"Sadak 2 (2020) Hindi 480p 720p WEB-DL x264 ESubs The film follows Ravi, 29 years after the incidents of the first film. The suicidal taxi driver plans to shut shop when a young girl, Aarya, compels him to take her on a life-altering journey to Kailash where she has an encounter with a godman and is out to expose this fake guru running an ashram. Download Sadak 2 (2020) Hindi 480p 720p WEB-DL x264 ESubs is a Hindi Movie Collected from Hindi Movies. This Movie based on Drama, Romance, Action. BRWMovies.com is The Best Website/Platform For 300 MB Movies, Bollywood, Hollywood HD Movies, And TV Series. We Provide Direct Google Drive Download Links For Fast And Secure Downloading. Just Click On Download Button And Follow Steps To Download. Full Name: Sadak 2 (2020) Language: Hindi Size: 410 MB & 1.05 GB Quality: 480p & 720p Download Full Movie in HD 480p (410 MB)↓ [Server 1] [Server 2] Download Full Movie in HD 720p (1.05 GB)↓ [Server 1] [Server 2]",134 Min.,,Mahesh Bhatt,"Aug. 28, 2020",1.0,10.0,5.0,"['Aditya Roy Kapoor', 'Akshay Anand', 'Jisshu Sengupta', 'Priyanka Bose', 'Pooja Bhatt', 'Sanjay Dutt', 'Mohan Kapoor', 'Gulshan Grover', 'Makrand Deshpande', 'Alia Bhatt']",1.0
Young & Beautiful,"Young & Beautiful (2013) Dual Audio 720p WEB-DL x264 Isabelle, a 17-year-old student, loses her virginity during a quick holiday romance. When she returns home, she begins a secret life as a prostitute for a year. Download Young & Beautiful (2013) Dual Audio 720p WEB-DL x264 is a Hindi-English Movie Collected From Dual Audio Movies. This Movie based on Drama. BRWMovies.com is The Best Website/Platform For 300 MB Movies, Bollywood, Hollywood HD Movies, And TV Series. We Provide Direct Google Drive Download Links For Fast And Secure Downloading. Just Click On Download Button And Follow Steps To Download. Full Name: Young & Beautiful (2013) Language: Hindi + English Size: 963 MB Quality: 720p Download Full Movie in HD 720p (963 MB)↓ [Server 1] [Server 2]",95 Min.,,François Ozon,"Aug. 20, 2013",1.0,10.0,6.0,"['Lucas Prisor', 'Djédjé Apali', 'Johan Leysen', 'Laurent Delbecque', 'Fantin Ravat', 'Frédéric Pierrot', 'Charlotte Rampling', 'Marine Vacth', 'Nathalie Richard', 'Géraldine Pailhas']",1.0
Fear,"Fear (1996) Dual Audio 480p 720p WEB-DL x264 A 16 year old girl takes up with a charming young man who quickly shows his colors when he beats a friend simply for walking with her and then goes totally ballistic after she tries to break up with him. Download Fear (1996) Dual Audio 480p 720p WEB-DL x264 is a Hindi-English Movie Collected From Dual Audio Movies. This Movie based on Thriller. BRWMovies.com is The Best Website/Platform For 300 MB Movies, Bollywood, Hollywood HD Movies, And TV Series. We Provide Direct Google Drive Download Links For Fast And Secure Downloading. Just Click On Download Button And Follow Steps To Download. Full Name: Fear (1996) Language: Hindi + English Size: 326 MB & 863 MB Quality: 480p & 720p Download Full Movie in HD 480p (326 MB)↓ [Server 1] [Server 2] Download Full Movie in HD 720p (863 MB)↓ [Server 1] [Server 2]",97 Min.,R,James Foley,"Apr. 12, 1996",1.0,10.0,8.0,"['William Petersen', 'Amy Brenneman', 'Reese Witherspoon', 'Alyssa Milano', 'Mark Wahlberg', 'Christopher Gray', 'Jed Rees', 'Jason Kristofer', 'Tracy Fraim', 'Gary Riley']",1.0
Badla,"Badla (2016) Hindi 480p 720p WEB-DL x264 ESubs A dynamic young entrepreneur finds herself locked in a hotel room with the corpse of her dead lover. She hires a prestigious lawyer to defend her and they work together to figure out what actually happened. Download Badla (2016) Hindi 480p 720p WEB-DL x264 ESubs is a Hindi Movie Collected from Hindi Movies. This Movie based on Drama, Crime, Mystery, Thriller. BRWMovies.com is The Best Website/Platform For 300 MB Movies, Bollywood, Hollywood HD Movies, And TV Series. We Provide Direct Google Drive Download Links For Fast And Secure Downloading. Just Click On Download Button And Follow Steps To Download. Full Name: Badla (2016) Language: Hindi Size: 358 MB & 1.06 GB Quality: 480p & 720p Download Full Movie in HD 480p (358 MB)↓ [Server 1] [Server 2] Download Full Movie in HD 720p (1.06 GB)↓ [Server 1] [Server 2]",120 Min.,,Sujoy Ghosh,"Mar. 08, 2019",1.0,10.0,8.0,"['Denzil Smith', 'Tanveer Ghani', 'Manav Kaul', 'Amrita Singh', 'Taapsee Pannu', 'April Agarwal-Aplin', 'Rachel Flynn', 'Mark Mansfield', 'Tony Luke', 'Amitabh Bachchan']",1.0
Cargo,"Cargo (2019) Dual Audio 480p 720p WEB-DL x264 After being infected in the wake of a violent pandemic and with only 48 hours to live, a father struggles to find a new home for his baby daughter. Download Cargo (2019) Dual Audio 480p 720p WEB-DL x264 is a Hindi-English Movie Collected From Dual Audio Movies. This Movie based on Adventure, Drama, Horror, Thriller. BRWMovies.com is The Best Website/Platform For 300 MB Movies, Bollywood, Hollywood HD Movies, And TV Series. We Provide Direct Google Drive Download Links For Fast And Secure Downloading. Just Click On Download Button And Follow Steps To Download. Full Name: Cargo (2019) Language: Hindi + English Size: 349 MB & 911 MB Quality: 480p & 720p Download Full Movie in HD 480p (349 MB)↓ [Server 1] [Server 2] Download Full Movie in HD 720p (911 MB)↓ [Server 1] [Server 2]",105 Min.,TV-MA,Ben Howling,"Oct. 06, 2017",1.0,10.0,5.0,"['Bruce R. Carter', 'Natasha Wanganeen', 'Martin Freeman', 'Kris McQuade', 'Anthony Hayes', 'Andy Rodoreda', 'David Gulpilil', 'Susie Porter', 'Simone Landers', 'Caren Pistorius']",1.0
Gladiator,"Download Gladiator (2000) Dual Audio 720p BluRay x264 In the year 180, the death of emperor Marcus Aurelius throws the Roman Empire into chaos. Maximus is one of the Roman army’s most capable and trusted generals and a key advisor to the emperor. As Marcus’ devious son Commodus ascends to the throne, Maximus is set to be executed. He escapes, but is captured by slave traders. Renamed Spaniard and forced to become a gladiator, Maximus must battle to the death with other men for the amusement of paying audiences. Download Gladiator (2000) Dual Audio 720p BluRay x264 is a Hindi-English Movie Collected From Dual Audio Movies. This Movie based on Action, Drama. BRWMovies.com is The Best Website/Platform For 300 MB Movies, Bollywood, Hollywood HD Movies, And TV Series. We Provide Direct Google Drive Download Links For Fast And Secure Downloading. Just Click On Download Button And Follow Steps To Download. Full Name: Gladiator (2000) Language: Hindi + English Size: 993 MB Quality: 720p Download Full Movie in HD 720p (993 MB)↓ [Server 1] [Server 2]",155 Min.,R,Ridley Scott,"May. 01, 2000",1.0,10.0,5.0,"['John Shrapnel', 'Connie Nielsen', 'Russell Crowe', 'Joaquin Phoenix', 'David Schofield', 'Oliver Reed', 'Tomas Arana', 'Djimon Hounsou', 'Derek Jacobi', 'Richard Harris']",1.0
Gandhi Fer Aa Gea,"Gandhi Fer Aa Gea (2020) Punjabi 720p DvDScr x264 After serving his prison sentence, Gandhi returns to save his family as well as his village which is being plagued by criminals, drug dealers, caste-ism, poverty, and dirty politics. Download Gandhi Fer Aa Gea (2020) Punjabi 720p DvDScr x264 is a Punjabi Movie Collected From Punjabi Movies This Movie based on Action, Drama. BRWMovies.com is The Best Website/Platform For 300 MB Movies, Bollywood, Hollywood HD Movies, And TV Series. We Provide Direct Google Drive Download Links For Fast And Secure Downloading. Just Click On Download Button And Follow Steps To Download. Full Name: Gandhi Fer Aa Gea (2020) Language: Punjabi Size: 410 MB & 1.0 GB Quality: 480p & 720p Download Full Movie in HD 480p (410 MB)↓ [Server 1] [Server 2] Download Full Movie in HD 720p (1.0 GB)↓ [Server 1] [Server 2]",135 Min.,,Kinder Singh,"Jan. 31, 2020",1.0,10.0,7.0,"['Arsh Hundal', 'Arya Babbar', 'Veer Sahu', 'Tinnu Verma', 'Neha Malik', 'Harpal Singh', 'Sukhbir Bath', 'Ravi Rattan', 'Sunakshi Sharma']",1.0
Welcome to Marwen,"Welcome to Marwen (2018) Dual Audio 480p 720p WEB-DL x264 When a devastating attack shatters Mark Hogancamp and wipes away all memories, no one expected recovery. Putting together pieces from his old and new life, Mark meticulously creates a wondrous town named Marwen where he can heal and be heroic. As he builds an astonishing art installation — a testament to the most powerful women he knows — through his fantasy world, he draws strength to triumph in the real one. Download Welcome to Marwen (2018) Dual Audio 480p 720p WEB-DL x264 is a Hindi-English Movie Collected From Dual Audio Movies. This Movie based on Fantasy، Comedy, Drama. BRWMovies.com is The Best Website/Platform For 300 MB Movies, Bollywood, Hollywood HD Movies, And TV Series. We Provide Direct Google Drive Download Links For Fast And Secure Downloading. Just Click On Download Button And Follow Steps To Download. Full Name: Welcome to Marwen (2018) Language: Hindi + English Size: 413 MB & 1.07 GB Quality: 480p & 720p Download Full Movie in HD 480p (413 MB)↓ [Server 1] [Server 2] Download Full Movie in HD 720p (1.07 GB)↓ [Server 1] [Server 2]",116 Min.,PG-13,Robert Zemeckis,"Dec. 21, 2018",1.0,10.0,5.0,"['Stefanie von Pfetten', 'Leslie Mann', 'Falk Hentschel', 'Leslie Zemeckis', 'Gwendoline Christie', 'Janelle Monáe', 'Eiza González', 'Merritt Wever', 'Diane Kruger', 'Steve Carell']",1.0
Maze Runner: The Scorch Trials,"Maze Runner: The Scorch Trials (2015) Dual Audio 480p 720p WEB-DL x264 Thomas and his fellow Gladers face their greatest challenge yet: searching for clues about the mysterious and powerful organization known as WCKD. Their journey takes them to the Scorch, a desolate landscape filled with unimaginable obstacles. Teaming up with resistance fighters, the Gladers take on WCKD’s vastly superior forces and uncover its shocking plans for them all. Download Maze Runner: The Scorch Trials (2015) Dual Audio 480p 720p WEB-DL x264 is a Hindi-English Movie Collected From Dual Audio Movies. This Movie based on Action, Science Fiction, Thriller. BRWMovies.com is The Best Website/Platform For 300 MB Movies, Bollywood, Hollywood HD Movies, And TV Series. We Provide Direct Google Drive Download Links For Fast And Secure Downloading. Just Click On Download Button And Follow Steps To Download. Full Name: Maze Runner: The Scorch Trials (2015) Language: Hindi + English Size: 442 MB & 1.21 GB Quality: 480p & 720p Download Full Movie in HD 480p (442 MB)↓ [Server 1] [Server 2] Download Full Movie in HD 720p (1.21 GB)↓ [Server 1] [Server 2]",132 Min.,PG-13,Wes Ball,"Sep. 09, 2015",1.0,10.0,8.0,"['Barry Pepper', 'Dexter Darden', 'Patricia Clarkson', 'Lili Taylor', 'Giancarlo Esposito', 'Kaya Scodelario', 'Thomas Brodie-Sangster', ""Dylan O'Brien"", 'Ki Hong Lee', 'Aidan Gillen']",1.0
The Burma Conspiracy,"The Burma Conspiracy (2011) Dual Audio 480p 720p WEB-DL x264 Propelled to the head of the W Group after the death of his adoptive father, Largo Winch decides, to everyone’s surprise, to sell it, and use the proceeds to create an ambitious humanitarian foundation. But on the very same day, he finds himself accused of crimes against humanity by a mysterious witness. To prove his innocence, Largo will have to retrace the steps of his past life, in the heart of the Burmese jungle. Download The Burma Conspiracy (2011) Dual Audio 480p 720p WEB-DL x264 is a Hindi-English Movie Collected From Dual Audio Movies. This Movie based on Action, Adventure, Thriller. BRWMovies.com is The Best Website/Platform For 300 MB Movies, Bollywood, Hollywood HD Movies, And TV Series. We Provide Direct Google Drive Download Links For Fast And Secure Downloading. Just Click On Download Button And Follow Steps To Download. Full Name: The Burma Conspiracy (2011) Language: Hindi + English Size: 387 MB & 1.0 GB Quality: 480p & 720p Download Full Movie in HD 480p (387 MB)↓ [Server 1] [Server 2] Download Full Movie in HD 720p (1.0 GB)↓ [Server 1] [Server 2]",119 Min.,,Jérôme Salle,"Feb. 16, 2011",1.0,10.0,5.0,"['François Montagut', 'Nicolas Vaude', 'Ulrich Tukur', 'Napakpapha Nakprasitte', 'Sharon Stone', 'Anatole Taubman', 'Tomer Sisley', 'Nirut Sirichanya', 'Olivier Barthélémy', 'Laurent Terzieff']",1.0
Wolf Children,"Wolf Children (2012) Dual Audio 480p 720p WEB-DL x264 After her werewolf lover unexpectedly dies in an accident, a woman must find a way to raise the son and daughter that she had with him. However, their inheritance of their father’s traits prove to be a challenge for her. Download Wolf Children (2012) Dual Audio 480p 720p WEB-DL x264 is a Hindi-English Movie Collected From Dual Audio Movies. This Movie based on Animation, Drama, Family, Fantasy. BRWMovies.com is The Best Website/Platform For 300 MB Movies, Bollywood, Hollywood HD Movies, And TV Series. We Provide Direct Google Drive Download Links For Fast And Secure Downloading. Just Click On Download Button And Follow Steps To Download. Full Name: Wolf Children (2012) Language: Hindi + English Size: 348 MB & 911 MB Quality: 480p & 720p Download Full Movie in HD 480p (348 MB)↓ [Server 1] [Server 2] Download Full Movie in HD 720p (911 MB)↓ [Server 1] [Server 2]",117 Min.,PG,Mamoru Hosoda,"Jul. 21, 2012",1.0,10.0,7.0,"['Tamio Ohki', 'Takao Osawa', 'Takuma Hiraoka', 'Amon Kabe', 'Aoi Miyazaki', 'Megumi Hayashibara', 'Momoka Ohno', 'Haru Kuroki', 'Yukito Nishii', 'Tadashi Nakamura']",1.0
The Babysitter: Killer Queen,"The Babysitter: Killer Queen (2020) Dual Audio 480p 720p WEB-DL x264 Two years after defeating a satanic cult led by his babysitter Bee, Cole’s trying to forget his past and focus on surviving high school. But when old enemies unexpectedly return, Cole will once again have to outsmart the forces of evil. Download The Babysitter: Killer Queen (2020) Dual Audio 480p 720p WEB-DL x264 is a Hindi-English Movie Collected From Dual Audio Movies. This Movie based on Comedy, Horror. BRWMovies.com is The Best Website/Platform For 300 MB Movies, Bollywood, Hollywood HD Movies, And TV Series. We Provide Direct Google Drive Download Links For Fast And Secure Downloading. Just Click On Download Button And Follow Steps To Download. Full Name: The Babysitter: Killer Queen (2020) Language: Hindi + English Size: 436 MB & 945 MB Quality: 480p & 720p Download Full Movie in HD 480p (436 MB)↓ [Server 1] [Server 2] Download Full Movie in HD 720p (945 MB)↓ [Server 1] [Server 2]",101 Min.,,McG,"Sep. 10, 2020",1.0,10.0,5.0,"['Hana Mae Lee', 'Judah Lewis', 'Samara Weaving', 'Robbie Amell', 'Jenna Ortega', 'Leslie Bibb', 'Emily Alyn Lind', 'Ken Marino', 'Andrew Bachelor', 'Bella Thorne']",1.0
Why Hide,"Why Hide (2018) Dual Audio 720p WEB-DL x264 A diverse group of friends gather for the festive season in a remote lodge but soon plans go awry. One of the friends goes missing and the truth behind why the lodge was booked for the holiday is disclosed. Christmas quickly turns to chaos and a bloody nightmare ensues. Download Why Hide (2018) Dual Audio 720p WEB-DL x264 is a Hindi-English Movie Collected From Dual Audio Movies. This Movie based on Comedy, Horror. BRWMovies.com is The Best Website/Platform For 300 MB Movies, Bollywood, Hollywood HD Movies, And TV Series. We Provide Direct Google Drive Download Links For Fast And Secure Downloading. Just Click On Download Button And Follow Steps To Download. Full Name: Why Hide (2018) Language: Hindi + English Size: 775 MB Quality: 720p Download Full Movie in HD 720p (775 MB)↓ [Server 1] [Server 2]",85 Min.,,James Edward Cook,"Mar. 30, 2018",1.0,10.0,7.0,"['Charlotte Atkinson', 'Danny Webb', 'Orla Cottingham', 'Lorna Brown', 'Mark Chatterton', 'William Holstead', 'Elsie Bennett']",1.0
Gali Guleiyan,"Gali Guleiyan (2017) Hindi 480p 720p WEB-DL x264 ESubs A reclusive Old Delhi shopkeeper, spends his time watching people through hidden cameras. When he overhears a boy being beaten, his search for the boy leads to reality crumbling around him, as he is lost in the maze of the city and his own mind. Download Gali Guleiyan (2017) Hindi 480p 720p WEB-DL x264 ESubs is a Hindi Movie Collected from Hindi Movies. This Movie based on Drama, Thriller. BRWMovies.com is The Best Website/Platform For 300 MB Movies, Bollywood, Hollywood HD Movies, And TV Series. We Provide Direct Google Drive Download Links For Fast And Secure Downloading. Just Click On Download Button And Follow Steps To Download. Full Name: Gali Guleiyan (2017) Language: Hindi Size: 333 MB & 994 MB Quality: 480p & 720p Download Full Movie in HD 480p (333 MB)↓ [Server 1] [Server 2] Download Full Movie in HD 720p (994 MB)↓ [Server 1] [Server 2]",117 Min.,,Dipesh Jain,"Mar. 15, 2018",1.0,10.0,7.0,"['Ranvir Shorey', 'Manoj Bajpayee', 'Shahana Goswami', 'Neeraj Kabi', 'Om Singh']",1.0
Titanic,"Titanic (1997) Dual Audio 720p BluRay x264 101-year-old Rose DeWitt Bukater tells the story of her life aboard the Titanic, 84 years later. A young Rose boards the ship with her mother and fiancé. Meanwhile, Jack Dawson and Fabrizio De Rossi win third-class tickets aboard the ship. Rose tells the whole story from Titanic’s departure through to its death—on its first and last voyage—on April 15, 1912. Download Titanic (1997) Dual Audio 720p BluRay x264 is a Hindi-English Movie Collected From Dual Audio Movies. This Movie based on Drama, Romance. BRWMovies.com is The Best Website/Platform For 300 MB Movies, Bollywood, Hollywood HD Movies, And TV Series. We Provide Direct Google Drive Download Links For Fast And Secure Downloading. Just Click On Download Button And Follow Steps To Download. Full Name: Titanic (1997) Language: Hindi + English Size: 550 MB Quality: 720p Download Full Movie in HD 720p (550 MB)↓ [Server 1] [Server 2]",194 Min.,PG-13,James Cameron,"Nov. 18, 1997",1.0,10.0,7.0,"['Leonardo DiCaprio', 'Billy Zane', 'Frances Fisher', 'Gloria Stuart', 'Victor Garber', 'Bill Paxton', 'Kathy Bates', 'David Warner', 'Bernard Hill', 'Kate Winslet']",1.0
Brahms: The Boy II,"Brahms: The Boy II (2020) Dual Audio 720p BluRay x264 After a family moves into the Heelshire Mansion, their young son soon makes friends with a life-like doll called Brahms. Download Brahms: The Boy II (2020) Dual Audio 720p BluRay x264 is a English Movie Collected From English Movies. This Movie based on Horror, Mystery, Thriller. BRWMovies.com is The Best Website/Platform For 300 MB Movies, Bollywood, Hollywood HD Movies, And TV Series. We Provide Direct Google Drive Download Links For Fast And Secure Downloading. Just Click On Download Button And Follow Steps To Download. Full Name: Brahms: The Boy II (2020) Language: English Movie Size: 752 MB Quality: 720p Download Full Movie in HD 720p (752 MB)↓ [Server 1] [Server 2]",86 Min.,PG-13,William Brent Bell,"Feb. 20, 2020",1.0,10.0,7.0,"['Katie Holmes', 'Oliver Rice', 'Owain Yeoman', 'Christopher Convery', 'Ralph Ineson', 'Natalie Moon', 'Joanne Kimm', 'Anjali Jay', 'Nathalie Moon', 'Joely Collins']",1.0
Dosti,"Dosti (2005) Dual Audio 480p 720p WEB-DL x264 Karan (Bobby Deol) was wealthy and a mansion was his habitat. Raj (Akshay Kumar) had empty pockets and the sky was his roof. Karan’s jet ensured that he could fly if he wanted. Raj could only depend on his two feet. Karan had a family and yet craved love. Raj had love to share, but craved a family. Karan was the eternal Casanova. Raj was the proverbial one-woman man. Karan had it all, and yet felt empty. Raj had nothing, but his heart was full. They were two people as different as can be. Yet they found a common ground. One that led to the glorious road of Friendship! But can they sustain their friendship when new conflicts arise? Download Dosti (2005) Dual Audio 480p 720p WEB-DL x264 is a Hindi-English Movie Collected From Dual Audio Movies. This Movie based on Action, Fantasy. BRWMovies.com is The Best Website/Platform For 300 MB Movies, Bollywood, Hollywood HD Movies, And TV Series. We Provide Direct Google Drive Download Links For Fast And Secure Downloading. Just Click On Download Button And Follow Steps To Download. Full Name: Dosti (2005) Language: Hindi + English Size: 398 MB",142 Min.,,Suneel Darshan,"Dec. 23, 2005",1.0,10.0,8.0,"['Shakti Kapoor', 'Kiran Kumar', 'Mahesh Thakur', 'Akshay Kumar', 'Juhi Chawla', 'Kareena Kapoor Khan', 'Navni Parihar', 'Lara Dutta', 'Bobby Deol', 'Lillete Dubey']",1.0
Neighbors,"Neighbors (2014) Dual Audio 480p 720p WEB-DL x264 A couple with a newborn baby face unexpected difficulties after they are forced to live next to a fraternity house. Download Neighbors (2014) Dual Audio 480p 720p WEB-DL x264 is a Hindi-English Movie Collected From Dual Audio Movies. This Movie based on Comedy. BRWMovies.com is The Best Website/Platform For 300 MB Movies, Bollywood, Hollywood HD Movies, And TV Series. We Provide Direct Google Drive Download Links For Fast And Secure Downloading. Just Click On Download Button And Follow Steps To Download. Full Name: Neighbors (2014) Language: Hindi + English Size: 337 MB & 853 MB Quality: 480p & 720p Download Full Movie in HD 480p (337 MB)↓ [Server 1] [Server 2] Download Full Movie in HD 720p (853 MB)↓ [Server 1] [Server 2]",96 Min.,R,Nicholas Stoller,"May. 08, 2014",1.0,10.0,5.0,"['Rose Byrne', 'Halston Sage', 'Hannibal Buress', 'Craig Roberts', 'Zac Efron', 'Dave Franco', 'Christopher Mintz-Plasse', 'Seth Rogen', 'Ike Barinholtz', 'Carla Gallo']",1.0
The New Mutants,"The New Mutants (2020) English 480p 720p WEB-DL x264 Five young mutants, just discovering their abilities while held in a secret facility against their will, fight to escape their past sins and save themselves. Download The New Mutants (2020) English 480p 720p WEB-DL x264 is an English Movie Collected From Hollywood Movies. This Movie based on Action, Adventure, Horror, Science Fiction,. BRWMovies.com is The Best Website/Platform For 300 MB Movies, Bollywood, Hollywood HD Movies, And TV Series. We Provide Direct Google Drive Download Links For Fast And Secure Downloading. Just Click On Download Button And Follow Steps To Download. Full Name: The New Mutants (2020) Language: Hindi + English Size: 278 MB & 845 MB Quality: 480p & 720p Download Full Movie in HD 480p (278 MB)↓ [Server 1] [Server 2] Download Full Movie in HD 720p (845 MB)↓ [Server 1] [Server 2]",94 Min.,PG-13,Josh Boone,"Aug. 26, 2020",1.0,10.0,7.0,"['Maisie Williams', 'Henry Zaga', 'Anya Taylor-Joy', 'Charlie Heaton', 'Happy Anderson', 'Colbi Gannett', 'Thomas Kee', 'Blu Hunt', 'Alice Braga', 'Adam Beach']",1.0
Into The Wild with Bear Grylls & Akshay Kumar,"Into The Wild with Bear Grylls & Akshay Kumar (2020) Dual Audio 480p 720p WEB-DL x264 Discovery is back with yet another thrilling episode into The Wild with Bear Grylls and Akshay Kumar’. The dynamic duo set off on an unexpected journey across Bandipur Tiger Reserve situated in the state of Karnataka. Akshay’s friends have special messages for him which are shared by Bear Grylls at various stages of the show. The besties who wish him in the episode include Twinkle Khanna, Suniel Shetty, and Katrina Kaif. You will have to watch the show to find out more about what these stars have to say. Akshay Kumar is known for performing his own stunts in the movies. With this episode, the viewers will now get to see him perform some breath-taking stunts in the beautiful Indian wilderness. The episode starts with a casual chat between Bear and Akshay as they travel to their starting point in a vehicle. Akshay shares intimate details about his family and his childhood, which included living together with 24 people in a small house in Old Delhi. Download Into The Wild with Bear Grylls & Akshay Kumar (2020) Dual Audio 480p 720p WEB-DL x264 is",,,,"Sep. 01, 2020",1.0,10.0,6.0,,1.0
Forrest Gump,"Download Forrest Gump (1994) Dual Audio 720p BluRay x264 A man with a low IQ has accomplished great things in his life and been present during significant historic events—in each case, far exceeding what anyone imagined he could do. But despite all he has achieved, his one true love eludes him. Download Forrest Gump (1994) Dual Audio 720p BluRay x264 is a Hindi-English Movie Collected From Dual Audio Movies. This Movie based on Drama, Romance. BRWMovies.com is The Best Website/Platform For 300 MB Movies, Bollywood, Hollywood HD Movies, And TV Series. We Provide Direct Google Drive Download Links For Fast And Secure Downloading. Just Click On Download Button And Follow Steps To Download. Full Name:Forrest Gump (1994) Language: Dual Audio (English + Hindi) Size: 1.10 GB Quality: 720p Download Full Movie in HD 720p (1.10 GB)↓ [Server 1] [Server 2]",142 Min.,PG-13,Robert Zemeckis,"Jul. 06, 1994",1.0,10.0,5.0,"['Afemo Omilami', 'Robin Wright', 'Michael Conner Humphreys', 'Mykelti Williamson', 'Siobhan Fallon Hogan', 'Hanna Hall', 'Sally Field', 'Tom Hanks', 'Gary Sinise', 'Haley Joel Osment']",1.0
Madam Geeta Rani,"Madam Geeta Rani (2020) Hindi 480p 720p WEB-DL x264 ESubs The headmaster of a government school brings in several changes at her institution despite facing odds from various quarters. Download Madam Geeta Rani (2020) Hindi 480p 720p WEB-DL x264 ESubs is a Hindi Movie Collected from Hindi Movies. This Movie based on Drama, Thriller. BRWMovies.com is The Best Website/Platform For 300 MB Movies, Bollywood, Hollywood HD Movies, And TV Series. We Provide Direct Google Drive Download Links For Fast And Secure Downloading. Just Click On Download Button And Follow Steps To Download. Full Name: Madam Geeta Rani (2020) Language: Hindi Size: 358 MB & 1.0 GB Quality: 480p & 720p Download Full Movie in HD 480p (358 MB)↓ [Server 1] [Server 2] Download Full Movie in HD 720p (1.0 GB)↓ [Server 1] [Server 2]",153 Min.,,Sy Gowtham Raj,"Jul. 05, 2019",1.0,10.0,8.0,"['Akalya Venkatesan', 'Poornima Bhagyaraj', 'Hareesh Peradi', 'Sathyan Sivakumar', 'Arul Dass', 'Kavitha Bharathi', 'Muthu Raman', 'Jyothika', 'Mathew Varghese']",1.0
Petromax,"Petromax (2019) Hindi 480p 720p WEB-DL x264 ESubs A man struggles to sell his house that is haunted so he arranges four people to live in the house for a few days to prove that there are no ghosts. Download Petromax (2019) Hindi 480p 720p WEB-DL x264 ESubs is a Hindi Movie Collected from Hindi Movies. This Movie based on Drama, Horror. BRWMovies.com is The Best Website/Platform For 300 MB Movies, Bollywood, Hollywood HD Movies, And TV Series. We Provide Direct Google Drive Download Links For Fast And Secure Downloading. Just Click On Download Button And Follow Steps To Download. Full Name: Petromax (2019) Language: Hindi Size: 386 MB & 861 MB Quality: 480p & 720p Download Full Movie in HD 480p (386 MB)↓ [Server 1] [Server 2] Download Full Movie in HD 720p (861 MB)↓ [Server 1] [Server 2]",128 Min.,,Rohin Venkatesan,"Oct. 11, 2019",1.0,10.0,5.0,"['Ramdoss', 'Prem', 'Sathyan Sivakumar', 'Tamanna Bhatia', 'Mime Gopi', 'Livingston', 'Yogi Babu', 'K. S. G. Venkatesh', 'Vaibhav Reddy', 'Kaali Venkat']",1.0
Neighbors 2: Sorority Rising,"Neighbors 2: Sorority Rising (2016) Dual Audio 480p 720p WEB-DL x264 A sorority moves in next door to the home of Mac and Kelly Radner who have a young child. The Radner’s enlist their former nemeses from the fraternity to help battle the raucous sisters. Download Neighbors 2: Sorority Rising (2016) Dual Audio 480p 720p WEB-DL x264 is a Hindi-English Movie Collected From Dual Audio Movies. This Movie based on Comedy. BRWMovies.com is The Best Website/Platform For 300 MB Movies, Bollywood, Hollywood HD Movies, And TV Series. We Provide Direct Google Drive Download Links For Fast And Secure Downloading. Just Click On Download Button And Follow Steps To Download. Full Name: Neighbors 2: Sorority Rising (2016) Language: Hindi + English Size: 322 MB & 816 MB Quality: 480p & 720p Download Full Movie in HD 480p (322 MB)↓ [Server 1] [Server 2] Download Full Movie in HD 720p (816 MB)↓ [Server 1] [Server 2]",91 Min.,R,Nicholas Stoller,"May. 04, 2016",1.0,10.0,7.0,"['Chloë Grace Moretz', 'Rose Byrne', 'Kiersey Clemons', 'Jerrod Carmichael', 'Dave Franco', 'Zac Efron', 'Christopher Mintz-Plasse', 'Seth Rogen', 'Clara Mamet', 'Selena Gomez']",1.0
Gunjan Saxena: The Kargil Girl,"Gunjan Saxena: The Kargil Girl (2020) Hindi 480p 720p WEB-DL x264 Inspired by the life of a fearless young officer who made history by becoming the first Indian female Air Force officer to fly in a combat zone during the 1999 Kargil War Download Gunjan Saxena: The Kargil Girl (2020) Hindi 480p 720p WEB-DL x264 is a Hindi Movie Collected From Bollywood Movies. This Movie based on Drama. BRWMovies.com is The Best Website/Platform For 300 MB Movies, Bollywood, Hollywood HD Movies, And TV Series. We Provide Direct Google Drive Download Links For Fast And Secure Downloading. Just Click On Download Button And Follow Steps To Download. Full Name: Gunjan Saxena: The Kargil Girl (2020) Language: Hindi Size: 477 MB & 1.0 GB Quality: 480p & 720p Download Full Movie in HD 720p (477 MB)↓ [Server 1] [Server 2] Download Full Movie in HD 720p (1.0 GB)↓ [Server 1] [Server 2]",112 Min.,,,"Aug. 12, 2020",1.0,10.0,5.0,,1.0
PSV Garuda Vega,"PSV Garuda Vega (2017) Hindi 480p 720p WEB-DL x264 ESubs A dedicated NIA officer is torn between love for his family and his duty. On the brink of sacrificing his career for his family, he stumbles upon a plot with international ramifications. Does he stick to his decision to quit or will the call of duty prove too strong for him? Download PSV Garuda Vega (2017) Hindi 480p 720p WEB-DL x264 ESubs is a Hindi Movie Collected from Hindi Movies. This Movie based on Action, Comedy, Thriller. BRWMovies.com is The Best Website/Platform For 300 MB Movies, Bollywood, Hollywood HD Movies, And TV Series. We Provide Direct Google Drive Download Links For Fast And Secure Downloading. Just Click On Download Button And Follow Steps To Download. Full Name: PSV Garuda Vega (2017) Language: Hindi Size: 517 MB & 1.25 GB Quality: 480p & 720p Download Full Movie in HD 480p (517 MB)↓ [Server 1] [Server 2] Download Full Movie in HD 720p (1.25 GB)↓ [Server 1] [Server 2]",160 Min.,,Praveen Sattaru,"Nov. 03, 2017",1.0,10.0,7.0,"['Shraddha Das', 'Nassar', 'Prudhviraj', 'Srinivas Avasarala', 'Charandeep', 'Dr. Rajasekhar', 'Kishore', 'Pooja Kumar', 'Sayaji Shinde', 'Ali']",1.0
Khuda Haafiz,"Khuda Haafiz (2020) Hindi 480p 720p WEB-DL x264 A newly married couple’s life falls in jeopardy when his wife goes missing under mysterious circumstances. Set during the financial crisis of 2007–2008, the film is inspired by true events and follows Sameer Chaudhary, a young man who races against time to rescue his kidnapped wife Nargis from flesh traders. Download Khuda Haafiz (2020) Hindi 480p 720p WEB-DL x264 is a Hindi Movie Collected From Bollywood Movies. This Movie based on Action, Thriller. BRWMovies.com is The Best Website/Platform For 300 MB Movies, Bollywood, Hollywood HD Movies, And TV Series. We Provide Direct Google Drive Download Links For Fast And Secure Downloading. Just Click On Download Button And Follow Steps To Download. Full Name: Khuda Haafiz (2020) Language: Hindi Size: 408 MB & 1.21 GB Quality: 480P & 720p Download Full Movie in HD 480p (408 MB)↓ [Server 1] [Server 2] Download Full Movie in HD 720p (1.21 GB)↓ [Server 1] [Server 2]",134 Min.,,Faruk Kabir,"Aug. 14, 2020",1.0,10.0,5.0,"['Vidyut Jamwal', 'Shiv Panditt', 'Nawab Shah', 'Shivaleeka Oberoi', 'Aahana Kumra', 'Gargi Patel', 'Vipin Sharma', 'Annu Kapoor']",1.0
Shrek 2,"Shrek 2 (2004) Dual Audio 720p BluRay x264 Shrek, Fiona and Donkey set off to Far, Far Away to meet Fiona’s mother and father. But not everyone is happy. Shrek and the King find it hard to get along, and there’s tension in the marriage. The fairy godmother discovers that Shrek has married Fiona instead of her Son Prince Charming and sets about destroying their marriage. Download Shrek 2 (2004) Dual Audio 720p BluRay x264 is a Hindi-English Movie Collected From Dual Audio Movies. This Movie based on Adventure, animation, Comedy, Fantasy. BRWMovies.com is The Best Website/Platform For 300 MB Movies, Bollywood, Hollywood HD Movies, And TV Series. We Provide Direct Google Drive Download Links For Fast And Secure Downloading. Just Click On Download Button And Follow Steps To Download. Full Name: Shrek 2 (2004) Language: Hindi + English Size: 881 MB Quality: 720p Download Full Movie in HD 720p (881 MB)↓ [Server 1] [Server 2]",93 Min.,PG,Andrew Adamson,"May. 19, 2004",1.0,10.0,7.0,"['Julie Andrews', 'Antonio Banderas', 'John Cleese', 'Cameron Diaz', 'Jennifer Saunders', 'Rupert Everett', 'Eddie Murphy', 'Kelly Asbury', 'Aron Warner', 'Mike Myers']",1.0
