0,telephone,priceRange,email,streetAddress,description,addressLocality,addressCountry,postalCode
About Arbat Hotel Moscow,+7 (499) 271-28-01,3330-13050 RUB,reservation-arbat@president-hotel.ru,Plotnikov lane 12,"Arbat Hotel (Moscow) with 104 comfortable rooms, with 4 rooms for events and a business center is located a 2-minute walk from Stary Arbat.",Moscow,Russia,119002.0
For honeymooners - Special Arbat Hotel Moscow,+7 (499) 271-28-01,3330-13050 RUB,reservation-arbat@president-hotel.ru,Plotnikov lane 12,"Wedding room for the newlyweds at a special reduced rate, decorated with florists. In the room - a compliment (a bottle of champagne and a fruit basket)",Moscow,Russia,119002.0
Book a Deluxe Room in Arbat Hotel Moscow,+7 (499) 271-28-01,3330-13050 RUB,reservation-arbat@president-hotel.ru,Plotnikov lane 12,Spacious room with 2 single or double bed. View of the picturesque patio or Plotnikov lane. Book on the official website,Moscow,Russia,119002.0
Official prices for rooms at the Arbat Hotel in Moscow,+7 (499) 271-28-01,3330-13050 RUB,reservation-arbat@president-hotel.ru,Plotnikov lane 12,"The Arbat has 104 comfortable rooms of various categories: standard, deluxe, junior suite and suite with a view of Plotnikov Lane or the picturesque hotel courtyard. The rooms are equipped with telephone, cable and satellite TV, wired Internet, safe, minibar, bathtub, hairdryer and everything necessary for a comfortable stay.",Moscow,Russia,119002.0
Book Standard Modus Room in Arbat Hotel Moscow,+7 (499) 271-28-01,3330-13050 RUB,reservation-arbat@president-hotel.ru,Plotnikov lane 12,Renovated room with a double bed. View of the picturesque patio or Plotnikov lane. Free wifi. Book on the official website,Moscow,Russia,119002.0
Hotel reviews Arbat Moscow,+7 (499) 271-28-01,3330-13050 RUB,reservation-arbat@president-hotel.ru,Plotnikov lane 12,Real reviews from visitors to the Arbat Hotel in Moscow.,Moscow,Russia,119002.0
"Room reservation in the hotel Arbat, Moscow - official site",+7 (499) 271-28-01,3330-13050 RUB,reservation-arbat@president-hotel.ru,Plotnikov lane 12,Online booking of rooms on the official website of the Arbat Hotel or by phone +7 (499) 271-28-01.,Moscow,Russia,119002.0
Book a Suite Room in Arbat Hotel Moscow,+7 (499) 271-28-01,3330-13050 RUB,reservation-arbat@president-hotel.ru,Plotnikov lane 12,Three-room suite with a living room and a study. View of the picturesque patio or Plotnikov lane. Book on the official website,Moscow,Russia,119002.0
Book Junior Suite in Arbat Hotel Moscow,+7 (499) 271-28-01,3330-13050 RUB,reservation-arbat@president-hotel.ru,Plotnikov lane 12,"Two-room suite with a living room, a KingSize bed or 2 Twin beds. View of the courtyard or Plotnikov Lane. Book on the official website",Moscow,Russia,119002.0
Book Junior Suite Modus in Arbat Hotel Moscow,+7 (499) 271-28-01,3330-13050 RUB,reservation-arbat@president-hotel.ru,Plotnikov lane 12,"Renovated room with a designated seating area, a king size bed or 2 beds. View of the patio or street. Book on the official website",Moscow,Russia,119002.0
Rent a Scriabin hall in the center of Moscow - Hotel Arbat,+7 (499) 271-28-01,3330-13050 RUB,reservation-arbat@president-hotel.ru,Plotnikov lane 12,"A conference room with the necessary equipment and furniture for conferences, seminars, lectures for up to 120 people",Moscow,Russia,119002.0
Visa support - Hotel services Arbat Moscow,+7 (499) 271-28-01,3330-13050 RUB,reservation-arbat@president-hotel.ru,Plotnikov lane 12,Arbat Hotel (Moscow) provides visa support services for its guests,Moscow,Russia,119002.0
Privileges when ordering tickets - Hotel Arbat Moscow,+7 (499) 271-28-01,3330-13050 RUB,reservation-arbat@president-hotel.ru,Plotnikov lane 12,Hotel Arbat gives its guests and partners discounts on booking tickets for theatrical performances and concerts,Moscow,Russia,119002.0
Book Deluxe Modus Room at Arbat Hotel Moscow,+7 (499) 271-28-01,3330-13050 RUB,reservation-arbat@president-hotel.ru,Plotnikov lane 12,Spacious renovated room with a KingSize or Twin bed. View of the picturesque patio or Plotnikov lane. Book on the official website,Moscow,Russia,119002.0
Business Center - Hotel services Arbat Moscow,+7 (499) 271-28-01,3330-13050 RUB,reservation-arbat@president-hotel.ru,Plotnikov lane 12,"The business center offers a range of services for accessing the Internet and working with documents (printing, photocopying, laminating, binding, scanning)",Moscow,Russia,119002.0
Restaurants and bars of the hotel Arbat Moscow,+7 (499) 271-28-01,3330-13050 RUB,reservation-arbat@president-hotel.ru,Plotnikov lane 12,"The Arbat Hotel has a restaurant and a cozy lobby bar, which is open around the clock.",Moscow,Russia,119002.0
Friend card of the Tretyakov Gallery - Hotel Arbat Moscow,+7 (499) 271-28-01,3330-13050 RUB,reservation-arbat@president-hotel.ru,Plotnikov lane 12,"Corporate loyalty cards with free access, out of turn and a discount on goods in the museum store especially for our guests",Moscow,Russia,119002.0
Book Suite Modus in Arbat Hotel Moscow,+7 (499) 271-28-01,3330-13050 RUB,reservation-arbat@president-hotel.ru,Plotnikov lane 12,Two-room renovated room with a spacious living room. View of the courtyard or Plotnikov Lane. Book on the official website,Moscow,Russia,119002.0
Hotel services Arbat Moscow,+7 (499) 271-28-01,3330-13050 RUB,reservation-arbat@president-hotel.ru,Plotnikov lane 12,We provide a full range of services for a comfortable stay and successful business.,Moscow,Russia,119002.0
"Phone, address on the map, location map of the hotel Arbat, Moscow",+7 (499) 271-28-01,3330-13050 RUB,reservation-arbat@president-hotel.ru,Plotnikov lane 12,"Contact information of the Arbat Hotel (Moscow): phone, address on the map, location map. The hotel is located at the address: 119002, Russia, Moscow, Plotnikov per. 12.",Moscow,Russia,119002.0
Promotions and discounts of the hotel Arbat Moscow,+7 (499) 271-28-01,3330-13050 RUB,reservation-arbat@president-hotel.ru,Plotnikov lane 12,"Special rates, promotions and offers for guests and customers from the Arbat Hotel (Moscow).",Moscow,Russia,119002.0
"Events at the Arbat Hotel, Moscow",+7 (499) 271-28-01,3700-14535 RUB,reservation-arbat@president-hotel.ru,Plotnikov lane 12,"Hotel you can hold: a conference, corporate event, wedding, anniversary or graduation. We have all the necessary technical equipment.",Moscow,Russia,119002.0
Book a Standard room in Arbat Hotel Moscow,+7 (499) 271-28-01,3330-13050 RUB,reservation-arbat@president-hotel.ru,Plotnikov lane 12,This room has a double bed and views of the picturesque patio or Plotnikov Lane. Free wifi. Book on the official website,Moscow,Russia,119002.0
