0,1,byArtist
Olamide - Eyan Mayweather,"Eyan Mayweather is the fifth studio album in 5 consecutive years by Nigerian rap artist Olamide, released on 23 November 2015. Released through YBNL Nation with studio production from Pheelz,Young Jon...",Olamide
Dr Tumi - Love and Grace,"Award winning Gospel artist Dr Tumi’s latest offering – Love and Grace is set to be the wind beneath the wings of those eager to reach greater pinnacles spiritually. Love and Grace, performed Live at...",Dr Tumi
Okmalumkoolkat - 100k Macassette,"The 15-track 100K MaCassette features an impressive list of contributions and production spots from the likes of Riky Rick, Nonku Phiri, Digital Maskandi founder Mashayabhuqe KaMamba, The Good Dokta (...",Okmalumkoolkat
Sjava - Isina Muva,Isina Muva is an album released on 22nd July 2016 by South African musician &lt;a href=&quot;http://amdb.co/music/artist/sjava/&quot;&gt;Sjava&lt;/a&gt;. The name of the album was gotten from the popular Zulu saying: &quot;&lt;...,Sjava
A-Reece - And I&#039;m Only 21,A-Reece releases a music project on this day October 21st for the third year straight. His debut album Paradise is 2 years old today while his bar heavy project From Me To You And Only You also reach...,A-Reece
Patoranking - God Over Everything (GOE),This album narrates Patoranking&#039;s struggles as an upcoming musician and the hardship he faced as a teenager before reaching stardom.,Patoranking
Black Coffee - Africa Rising,"Africa Rising sold double platinum in a space of a month in 2012 and later won Best dance album at the 2013 South African Music Awards. Discs 1 and 2 comprise a live performance of Africa Rising, whil...",Black Coffee
Da L.E.S - Diamond In Africa,"The album Diamond In Africa by Da L.E.S contains 10 tracks which features top artists like &lt;a href=&quot;http://amdb.co/music/artist/aka/&quot; target=&quot;_blank&quot;&gt;AKA&lt;/a&gt;, &lt;a href=&quot;http://amdb.co/music/artist/magg...",Da L.E.S
Amanda Black - Amazulu,"&#039;Amazulu&#039;, Amanda Black’s debut album, has finally dropped and is ready to be heard. “This album for me is very honest. I am a story teller, so I set out to write songs about how I felt, write song...",Amanda Black
Riky Rick - Stay Shining,"This project is for all the fans who have supported me through all the ups and downs this year. All the people who have been by my side, cheering me on and inspiring me to keep going in times where I...",Riky Rick
Kandid - Nonstop vol.1,This album begins the begin,Kandid
Criusel Maccaine - Knights Of The Martyr Full Album,"Knights Of The Martyr Is The Debut Album By South Africa Hip Hop Rapper Criusel Maccaine. It Was Released On June 15, 2018 On DropBeatz Record. The album Was Recorded Between March And May And Was Pro...",Criusel Maccaine
Yung Swiss - Bottom Baby EP,The project is probably the most sonically driven project to drop from one of the new comers in the game. Bottom Baby is 11 tracks deep with some notable features. K.O steps out of his comfort zone an...,Yung Swiss
Emtee - Manando,"Manando is the sophomore album by South African hip-hop artist Emtee. It was released by Ambitiouz Entertainment on 15 September 2017, featuring guest appearances from fellow Ambitiouz label-mates &lt;a...",Emtee
Reason - Love Girls,"Love Girls is a concept album about the rapper’s experience with some of the women he has had relationships with. It’s a solid release, just like the man’s previous efforts. The album features mono...",Reason
YMA4 - B.F.F (Best Friends Forever),B.F.F (Best Friends Forever) is an upcoming debut studio album by YMA4. The album faced many delays due to publishing and recording issues.,YMA4
M.I Abaga - Rendezvous,"&quot;Rendezvous The Playlist&quot; is the fourth studio album by Nigerian rapper M.I Abaga. It was recorded in April 2017 and released on February 9, 2018 by Chocolate City Music. The album features production...",M.I Abaga
Emtee - DIY II,"1. Lesson 2. Fugeyzi 3. Abantu 4. DIY 5. Bring it back 6. Fall off ft Saudi 7. Go on 8. I need love ft Sims, Sjava 9. Isobutane 10. Umpako 11. Gone 12. Keep it 100 ft Saudi 13. What I...",Emtee
Saudi - Drugs INC,"Saudi, Soweto’s finest rapper and Ambitiouz Entertainment signee skips the formula on a trap-heavy hip-hop debut album.",Saudi
AKA - Touch My Blood,"In the run up to his 15 June 2018 album release date, AKA initiated a fan project titled the Touch My Blood challenge. AKA asked fans with a creative spirit to design a front cover for his new albu...",AKA
Sjava - Umphako EP,"Umphako is Sjava&#039;s first EP and his second project since his critically acclaimed and gold-certified debut album Isina Muva. Just as we&#039;ve grown to expect from Sjava, the songs on the EP are person...",Sjava
Trilla Nationwide - From Winter With Love: A Summer Rage Tape,"Second Mixtape by Trilla Nationwide, the mood being Trapsoul, driven by love &amp; desire.",Trilla Nationwide
Shekhinah - Rose Gold,"Rose Gold is an album by South African female singer Shekhinah. The album, which is her debut, features catchy beats and melodies ranging between pop and RnB. Each song in the album represents a mood...",Shekhinah
Joyous Celebration - Rewind 2,"South Africa’s best loved, multi-platinum and multi-award winning Gospel project Joyous Celebration – proudly release their latest live recording REWIND 2: Live At Monte Casino. REWIND 2: Live At M...",Joyous Celebration
Kid Tini - Coming of Age,"Coming Of Age, is a combination of his experiences, hunger, drive and passion all encapsulated in 18 tracks. The length of the mixtape is a literal reflection of both his age and how much work he’s pu...",Kid Tini
Young Mahasi - Price Of Life,"Price Of Life is a mixtape album by Young Mahasi. The mixtape is the first solo project by Young Mahasi. It features Bakenberg South based rappers A4, Drizzy Baby and Bakenberg West based female rappe...",Young Mahasi
L-Tido - 16,"This album contains 13 tracks in total, although 16 would have been more appropriate. It features top artists like Cassper Nyovest, T. Phoenix, AKA, Maggz, Sean Pages, Nadia Nakai, Gemini Major, Fifre...",L-Tido
Prince Sani Gee - Dark Lord : EP,"Dark Lord EP&quot; Is Prince&#039;s second album after his first album titled &quot;Im De Prince&quot; in 2017 which recieved a very good reviews. He drops a newly anticipated album on his birthday, 16th June 2019.",Prince Sani Gee
Black Motion - Ya Badimo,"Like a trance. It’s a journey in an African spiritual realm, a fact that speaks to the album’s title Ya Badimo – ‘For The Ancestors’ in Sotho languages. This album, very much consistent with the un...",Black Motion
Joyous Celebration - Joyous 20,"Recorded live at the Moses Mabhida Stadium in Dec 2015. The release on 3CD and 2DVD captures both the enormity of the space in which it was recorded, the magnificence of the performers, as well as the...",Joyous Celebration
Wizkid - For The Summertime Love,About love that doesn&#039;t last,Wizkid
Timo ODV - Origins EP,ORIGINS comes after the release of 3 hit singles from the producer/singer/DJ – his debut single ‘Save Me’ peaked on almost every chart in the country and was awarded Gold Status by the Recording Indus...,Timo ODV
7hefinest - Fate of me,The power of knowing that you can do whatever you think you can&#039;t do.,7hefinest
Moneoa - Coming From Going To,"Her debut album Coming From, Going To goes from being jazzy, soulful, young and fresh and R&amp;B. isiBhanxa (a fool) is probably what Miriam Makeba’s The Click Song was in her generation; language-int...",Moneoa
28homeboy - Ohh Thats That,stream Ohh Thats That http://hyperurl.co/ohhthatsthat28boib... on soundcloud: https://soundcloud.com/28homeboy/ohht... on audiomack:https://audiomack.com/album/28homeboy... edited by : 28homeboy...,28homeboy
Tellaman - Lucid Dream EP,"Tellaman has finally done as he promised, now putting smiles on the faces of his fans with the release of his much anticipated EP titled Lucid Dream. Lucid Dream EP is one of its kind in the music...",Tellaman
Mi Casa - Home Sweet Home,"Home Sweet Home is Mi Casa&#039;s third studio album after the succesful sold-out shows in Europe (London, Portugal, Italy) and North America (Canada) which resulted in a 25 hit track album . Home Sweet Ho...",Mi Casa
Koffee - Rapture,"Rapture is Jamaican singer Koffee’s first EP, released on March 14, 2019 via Columbia Records and Sony Music. She praises her roots by using both Jamaican patois and English in a genre mix between hip...",Koffee
Springbok Nude Girls - Apes With Shades,"&quot;From the arty interludes to the actual tracks, the diversity of Apes with Shades is scaringly good, not once revisiting the same idea, nor producing the same tune twice. Arno Carstens’ unmistakable v...",Springbok Nude Girls
LadiPoe - Talk About Poe,"LadiPoe is a top-tier talent, has always been, but he needed a body of work to fully unpack his genius and that is what he set to achieve on his debut album, &#039;&#039;Talk About Poe.&#039;&#039;",LadiPoe
Edlustar - Nemesis,"Nemesis is the third studio album by Edlustar, released initially on 07 July 2018 on digital platforms worldwide. The Album features YRB and Raycrock. The first single off the album, titled &quot;Budget...",Edlustar
Miik3Murd - All for this love,The Afrobeats compilation from Miik3Murd,Miik3Murd
K.O - Skhanda Republic,"Skhanda Republic is the solo debut studio album by South African rapper and Teargas member, K.O, scheduled for release in October, 2014. The album was supported by the singles, &quot;Mission Statement&quot;, &quot;C...",K.O
