0,description,datePublished,genre,keywords,image,ratingCount,bestRating,ratingValue,worstRating,creator
Fast & Furious Presents: Hobbs & Shaw (2019) Full Movie,"Watch Fast & Furious Presents: Hobbs & Shaw (2019) : Full Movie Online Free Ever since US Diplomatic Security Service Agent Hobbs and lawless outcast Shaw first faced off, they just have swapped smacks and bad words. But when cyber-genetically enhanced anarchist Brixton's ruthless actions threaten the future of humanity, both join forces to defeat him. (A spin-off of “The Fate of the Furious,” focusing on Johnson's Luke Hobbs and Statham's Deckard Shaw.)",2019-08-01,"['Action, Adventure, Comedy', 'Comedy', 'Adventure', 'Action']","['buddy movie', 'ukraine', 'mother son relationship', 'aftercreditsstinger', 'biological weapon', 'london, england', 'samoa', 'family reunion', 'father daughter relationship', 'buddy comedy', 'family clan', 'london, england, ukraine, biological weapon, secret organization, family clan, spin off, family reunion, buddy comedy, samoa, aftercreditsstinger, duringcreditsstinger, buddy movie, mother son relationship, father daughter relationship, brother sister relationship', 'spin off', 'secret organization', 'brother sister relationship', 'duringcreditsstinger']",http://image.tmdb.org/t/p/w1280/wsTZen8bAVhDnnFbcMdW6R3M8zL.jpg,"['9', '4185']","['10', '10']","['4.7', '6.9']","['1', None]","['Chris Morgan Productions, Seven Bucks Productions, Universal Pictures', 'United States of America', ""Dwayne Johnson, Jason Statham, Idris Elba, Vanessa Kirby, Helen Mirren, Eiza González, Eddie Marsan, Eliana Su'a, Cliff Curtis, Lori Pelenise Tuisano, John Tui""]"
Ip Man 4: The Finale (2019) Full Movie,"Watch Ip Man 4: The Finale (2019) : Full Movie Online Free Following the death of his wife, Ip Man travels to San Francisco to ease tensions between the local kung fu masters and his star student, Bruce Lee, while searching for a better future for his son.",2019-12-19,"['Action, Drama, History', 'History', 'Drama', 'Action']","['martial arts', 'immigrant', 'fight', 'bruce lee', 'martial arts, fight, immigrant, bruce lee']",http://image.tmdb.org/t/p/w1280/hb3kjSQI0lwGUCIxnfAYec08VSq.jpg,"['9', '1078']","['10', '10']","['4.7', '7.2']","['1', None]","['Mandarin Motion Pictures Limited, Shanghai Bona, Mandarin Films Distribution Co.', 'Donnie Yen, Wu Yue, Vanness Wu, Scott Adkins, Danny Chan Kwok-Kwan, Vanda Lee, Karena Ng, Kent Cheng, Ngo Ka-nin, Lynn Hung, Lo Meng', 'Hong Kong']"
The Seven Deadly Sins: Prisoners of the Sky (2018) Full Movie,"Watch The Seven Deadly Sins: Prisoners of the Sky (2018) : Full Movie Online Free Traveling in search of the rare ingredient, “sky fish” Meliodas and Hawk arrive at a palace that floats above the clouds. The people there are busy preparing a ceremony, meant to protect their home from a ferocious beast that awakens once every 3,000 years. But before the ritual is complete, the Six Knights of Black—a Demon Clan army—removes the seal on the beast, threatening the lives of everyone in the Sky Palace.",2018-08-18,"['Animation', 'Adventure', 'Action', 'Fantasy', 'Action, Adventure, Fantasy, Animation']","['supernatural', 'anime', 'shounen', 'magic', 'magic, supernatural, shounen, anime']",http://image.tmdb.org/t/p/w1280/wYtZ7edTA335iULm2KzMmFqcmfh.jpg,"['9', '667']","['10', '10']","['4.7', '7.6']","['1', None]","['A-1 Pictures', 'Japan', 'Yuki Kaji, Sora Amamiya, Misaki Kuno, Tatsuhisa Suzuki, Jun Fukuyama, Aoi Yuki, Tomokazu Sugita, Maaya Sakamoto, Yuuhei Takagi, Takaya Kuroda, Reiko Suzuki']"
A Simple Favor (2018) Full Movie,"Watch A Simple Favor (2018) : Full Movie Online Free Stephanie, a dedicated mother and popular vlogger, befriends Emily, a mysterious upper-class woman whose son Nicky attends the same school as Miles, Stephanie's son. When Emily asks her to pick Nicky up from school and then disappears, Stephanie undertakes an investigation that will dive deep into Emily's cloudy past.",2018-08-29,"['Comedy', 'Crime, Comedy, Mystery, Drama, Thriller', 'Mystery', 'Drama', 'Crime', 'Thriller']","['secret', 'vlogger', 'female friendship', 'based on novel or book', 'best friend', 'missing person', 'based on novel or book, secret, small town, widow, female friendship, life insurance, best friend, missing person, vlogger', 'small town', 'widow', 'life insurance']",http://image.tmdb.org/t/p/w1280/5YAjbjX3FpWAAoAF614GQZniFqR.jpg,"['9', '2802']","['10', '10']","['4.7', '6.6']","['1', None]","['Anna Kendrick, Blake Lively, Henry Golding, Rupert Friend, Linda Cardellini, Bashir Salahuddin, Danielle Bourgon, Kelly McCormack, Andrew Rannells, Ian Ho, Joshua Satine', 'Canada, United States of America', 'Feigco Entertainment, Bron Studios']"
Santana (2020) Full Movie,Watch Santana (2020) : Full Movie Online Free Two brothers — one a narcotics agent and the other a general — finally discover the identity of the drug lord who murdered their parents decades ago. They may kill each other before capturing the bad guys.,2020-08-28,Action,,http://image.tmdb.org/t/p/w1280/kV6UPfO2wIB2Nyp2181gIPFvFmk.jpg,"['9', '109']","['10', '10']","['4.7', '5.7']","['1', None]","Paulo Americano, Terence Bridgett, Tamer Burjaq, Nompilo Gwala, Paul Hampshire, Dale Jackson, Hakeem Kae-Kazim, Terri Lane, Robin Minifie, Raúl Rosário, Rapulana Seiphemo"
The Meg (2018) Full Movie,"Watch The Meg (2018) : Full Movie Online Free A deep sea submersible pilot revisits his past fears in the Mariana Trench, and accidentally unleashes the seventy foot ancestor of the Great White Shark believed to be extinct.",2018-08-09,"['Action, Science Fiction, Horror', 'Horror', 'Science Fiction', 'Action']","['kaiju', 'mariana trench', 'underwater facility', 'beach', 'shark', 'under water', 'based on novel or book', 'submersible', 'deep sea', 'megalodon', 'oceanic expedition', 'ocean, based on novel or book, beach, deep sea, shark, oceanic expedition, kaiju, submersible, under water, megalodon, extinct, underwater facility, mariana trench', 'extinct', 'ocean']",http://image.tmdb.org/t/p/w1280/anrUGgYG1A0WOMdW5RJauz4I13M.jpg,"['9', '4456']","['10', '10']","['4.7', '6.1']","['1', None]","['Apelles Entertainment, Gravity Pictures, Di Bonaventura Pictures, Flagship Entertainment Group, Maeday Productions, Warner Bros. Pictures', 'China, United States of America', 'Jason Statham, Li Bingbing, Rainn Wilson, Cliff Curtis, Ruby Rose, Robert Taylor, Ólafur Darri Ólafsson, Jessica McNamee, Winston Chao, Shuya Sophia Cai, Page Kennedy']"
Hereditary (2018) Full Movie,"Watch Hereditary (2018) : Full Movie Online Free When Ellen, the matriarch of the Graham family, passes away, her daughter’s family begins to unravel cryptic and increasingly terrifying secrets about their ancestry.",2018-06-07,"['Mystery', 'Horror', 'Horror, Mystery, Thriller', 'Thriller']","['secret', 'dollhouse', 'attic', 'fear', 'miniatures', 'decomposed body', 'dysfunctional family', 'demon', 'ancestry', 'loss of loved one', 'daughter', 'utah', 'anaphylaxis', 'seance', 'funeral', 'supernatural', 'possession', 'matriarch', 'supernatural horror', 'traumatic experience', 'evil', 'loss of loved one, secret, ant, funeral, utah, daughter, supernatural, possession, dysfunctional family, decapitation, fear, demon, attic, evil, dollhouse, seance, ancestry, traumatic experience, anaphylaxis, matriarch, miniatures, decomposed body, supernatural horror', 'decapitation', 'ant']",http://image.tmdb.org/t/p/w1280/gyiIqlOM7lRIlgW5Wtk9SxLrOXg.jpg,"['9', '4306']","['10', '10']","['4.7', '7.1']","['1', None]","['United States of America', 'Toni Collette, Alex Wolff, Gabriel Byrne, Milly Shapiro, Ann Dowd, Christy Summerhays, Mallory Bechtel, Brock McKinney, Jake Brown, Morgan Lund, Jarrod Phillips', 'PalmStar Media']"
Ant-Man and the Wasp (2018) Full Movie,"Watch Ant-Man and the Wasp (2018) : Full Movie Online Free Just when his time under house arrest is about to end, Scott Lang once again puts his freedom at risk to help Hope van Dyne and Dr. Hank Pym dive into the quantum realm and try to accomplish, against time and any chance of success, a very dangerous rescue mission.",2018-07-04,"['Comedy', 'Adventure', 'Science Fiction', 'Action', 'Action, Adventure, Science Fiction, Comedy']","['insect, ant, shrinking, sequel, superhero, based on comic, miniaturization, giant man, aftercreditsstinger, duringcreditsstinger, marvel cinematic universe', 'aftercreditsstinger', 'sequel', 'superhero', 'ant', 'based on comic', 'marvel cinematic universe', 'insect', 'shrinking', 'duringcreditsstinger', 'giant man', 'miniaturization']",http://image.tmdb.org/t/p/w1280/eYibLonB9igi4dVFQbe7mezEqF6.jpg,"['9', '8906']","['10', '10']","['4.7', '7']","['1', None]","['Marvel Studios', 'Paul Rudd, Evangeline Lilly, Michael Peña, Walton Goggins, Bobby Cannavale, Judy Greer, T.I., David Dastmalchian, Hannah John-Kamen, Abby Ryder Fortson, Randall Park', 'United States of America']"
The Hobbit: The Battle of the Five Armies (2014) Full Movie,"Watch The Hobbit: The Battle of the Five Armies (2014) : Full Movie Online Free Immediately after the events of The Desolation of Smaug, Bilbo and the dwarves try to defend Erebor's mountain of treasure from others who claim it: the men of the ruined Laketown and the elves of Mirkwood. Meanwhile an army of Orcs led by Azog the Defiler is marching on Erebor, fueled by the rise of the dark lord Sauron. Dwarves, elves and men must unite, and the hope for Middle-Earth falls into Bilbo's hands.",2014-12-10,"['Action, Adventure, Fantasy', 'Fantasy', 'Adventure', 'Action']","['sword and sorcery', 'hobbit', 'corruption, elves, dwarf, orcs, hobbit, based on novel or book, dragon, battle, unlikely friendship, epic battle, sword and sorcery', 'dwarf', 'based on novel or book', 'unlikely friendship', 'epic battle', 'corruption', 'dragon', 'orcs', 'elves', 'battle']",http://image.tmdb.org/t/p/w1280/kKtQYLIVHyrSj7lJhHaSryxkAxj.jpg,"['9', '10251']","['10', '10']","['4.7', '7.3']","['1', None]","['New Zealand, United States of America', 'Warner Bros. Pictures, WingNut Films, New Line Cinema, 3Foot7, Metro-Goldwyn-Mayer', ""Martin Freeman, Ian McKellen, Richard Armitage, Evangeline Lilly, Luke Evans, Lee Pace, Benedict Cumberbatch, Ken Stott, Aidan Turner, Dean O'Gorman, Billy Connolly""]"
The Nun (2018) Full Movie,"Watch The Nun (2018) : Full Movie Online Free When a young nun at a cloistered abbey in Romania takes her own life, a priest with a haunted past and a novitiate on the threshold of her final vows are sent by the Vatican to investigate. Together they uncover the order’s unholy secret. Risking not only their lives but their faith and their very souls, they confront a malevolent force in the form of the same demonic nun that first terrorized audiences in “The Conjuring 2” as the abbey becomes a horrific battleground between the living and the damned.",2018-09-05,"['Mystery', 'Horror', 'Horror, Mystery, Thriller', 'Thriller']","['demon', 'father', 'supernatural', 'rome, italy', 'spirit', 'murder mystery', 'romania', 'rome, italy, father, supernatural, spirit, demon, spin off, evil nun, demonic possession, romania, murder mystery, ancient evil, the conjuring universe', 'evil nun', 'ancient evil', 'the conjuring universe', 'spin off', 'demonic possession']",http://image.tmdb.org/t/p/w1280/fgsHxz21B27hOOqQBiw9L6yWcM7.jpg,"['9', '4153']","['10', '10']","['4.7', '5.8']","['1', None]","['United States of America', 'Demián Bichir, Taissa Farmiga, Jonas Bloquet, Bonnie Aarons, Ingrid Bisu, Patrick Wilson, Vera Farmiga, Lili Taylor, Charlotte Hope, Sandra Teles, Maria Obretin', 'New Line Cinema, Atomic Monster, The Safran Company']"
BlacKkKlansman (2018) Full Movie,"Watch BlacKkKlansman (2018) : Full Movie Online Free Colorado Springs, late 1970s. Ron Stallworth, an African American police officer, and Flip Zimmerman, his Jewish colleague, run an undercover operation to infiltrate the Ku Klux Klan.",2018-07-30,"['Comedy', 'Crime, Drama, History, Comedy', 'History', 'Drama', 'Crime']","['based on memoir or autobiography', 'undercover cop', 'black panther party', 'ku klux klan', 'biography', 'based on novel or book', 'based on a true story', 'ku klux klan, based on novel or book, black panther party, biography, based on a true story, undercover cop, racism, based on memoir or autobiography, revisionist history', 'racism', 'revisionist history']",http://image.tmdb.org/t/p/w1280/u0m3feiPkNuh4UZOaCgDk5BOZ6R.jpg,"['9', '5059']","['10', '10']","['4.7', '7.6']","['1', None]","['United States of America', 'Blumhouse Productions, QC Entertainment, Legendary Pictures, Monkeypaw Productions, 40 Acres & A Mule Filmworks', 'John David Washington, Adam Driver, Laura Harrier, Topher Grace, Jasper Pääkkönen, Alec Baldwin, Harry Belafonte, Danny Hoch, Robert John Burke, Ashlie Atkinson, Jared Johnston']"
Hard Kill (2020) Full Movie,"Watch Hard Kill (2020) : Full Movie Online Free The work of billionaire tech CEO Donovan Chalmers is so valuable that he hires mercenaries to protect it, and a terrorist group kidnaps his daughter just to get it.",2020-08-25,"['Action, Thriller', 'Thriller', 'Action']",,http://image.tmdb.org/t/p/w1280/9brPw5DBErQo0KjvQDnuq2gj3YR.jpg,"['9', '94']","['10', '10']","['4.7', '5.1']","['1', None]","['United States of America', 'Bruce Willis, Jesse Metcalfe, Natalie Eva Marie, Lala Kent, Texas Battle, Swen Temmel, Sergio Rizzuto, Tyler Jon Olson, Jon Galanis', 'Emmett Furla Oasis Films, BondIt Media Capital']"
Unknown Origins (2020) Full Movie,"Watch Unknown Origins (2020) : Full Movie Online Free In Madrid, Spain, a mysterious serial killer ruthlessly murders his victims by recreating the first appearance of several comic book superheroes. Cosme, a veteran police inspector who is about to retire, works on the case along with the tormented inspector David Valentín and his own son Jorge Elías, a nerdy young man who owns a comic book store.",2020-08-28,"['Drama', 'Drama, Thriller', 'Thriller']","['comic book collector', 'father son relationship', 'masked superhero', 'madrid, spain', 'traumatized man', 'co-worker relationship', 'based on novel or book', 'comic book shop', 'serial killer', 'nerd', 'cosplay', 'madrid, spain, based on novel or book, nerd, serial killer, comic book shop, comic book collector, co-worker relationship, cosplay, masked superhero, father son relationship, traumatized man']",http://image.tmdb.org/t/p/w1280/qGZe9qTuydxyJYQ60XDtEckzLR8.jpg,"['9', '184']","['10', '10']","['4.7', '6.2']","['1', None]","['Javier Rey, Verónica Echegui, Brays Efe, Antonio Resines, Álex García, Carlos Areces, Ernesto Alterio, Leonardo Sbaraglia, Juanfra Juárez, Mario Díaz, Jonathan D. Mellor', 'In Post We Trust, La Chica de la Curva, Nadie es Perfecto, TVE, Quexito Films, Mogambo Films', 'Argentina, Spain']"
Mission: Impossible - Fallout (2018) Full Movie,"Watch Mission: Impossible - Fallout (2018) : Full Movie Online Free When an IMF mission ends badly, the world is faced with dire consequences. As Ethan Hunt takes it upon himself to fulfill his original briefing, the CIA begin to question his loyalty and his motives. The IMF team find themselves in a race against time, hunted by assassins while trying to prevent a global catastrophe.",2018-07-13,"['Action, Adventure', 'Adventure', 'Action']","['hand to hand combat', 'violence', 'paris, france, london, england, spy, helicopter, plutonium, gun, countdown, race against time, sequel, motorcycle, violence, bomb remote detonator, handgun, hand to hand combat, kashmir', 'handgun', 'helicopter', 'sequel', 'paris, france', 'london, england', 'countdown', 'kashmir', 'race against time', 'plutonium', 'motorcycle', 'gun', 'spy', 'bomb remote detonator']",http://image.tmdb.org/t/p/w1280/3MJ2TeXkGefDfUMifcvV0xTF8SB.jpg,"['9', '5334']","['10', '10']","['4.7', '7.4']","['1', None]","['Paramount, Bad Robot, Skydance Media, TC Productions, Alibaba Pictures Group', 'China, United States of America, France, Norway', 'Tom Cruise, Henry Cavill, Ving Rhames, Simon Pegg, Rebecca Ferguson, Sean Harris, Angela Bassett, Vanessa Kirby, Michelle Monaghan, Wes Bentley, Frederick Schmidt']"
Skyscraper (2018) Full Movie,"Watch Skyscraper (2018) : Full Movie Online Free Framed and on the run, a former FBI agent must save his family from a blazing fire in the world's tallest building.",2018-07-11,Action,"['skyscraper', 'penthouse', 'trapped in burning building', ""world's tallest building"", 'china', ""china, fire, skyscraper, hong kong, high tech, security system, pearl, penthouse, world's tallest building, trapped in burning building"", 'high tech', 'fire', 'hong kong', 'security system', 'pearl']",http://image.tmdb.org/t/p/w1280/kcHKIDisUnmWVxlkkMbJAb3gEI1.jpg,"['9', '3310']","['10', '10']","['4.7', '6.3']","['1', None]","['Dwayne Johnson, Neve Campbell, Ng Chin Han, Roland Møller, Noah Taylor, Byron Mann, Pablo Schreiber, McKenna Roberts, Noah Cottrell, Hannah Quinlivan, Adrian Holmes', 'United States of America', 'Flynn Picture Company, Legendary Pictures, Seven Bucks Productions, The Third Floor']"
Cars (2006) Full Movie,"Watch Cars (2006) : Full Movie Online Free Lightning McQueen, a hotshot rookie race car driven to succeed, discovers that life is about the journey, not the finish line, when he finds himself unexpectedly detoured in the sleepy Route 66 town of Radiator Springs. On route across the country to the big Piston Cup Championship in California to compete against two seasoned pros, McQueen gets to know the town's offbeat characters.",2006-06-08,"['Comedy', 'Animation', 'Animation, Adventure, Comedy, Family', 'Adventure', 'Family']","['anthropomorphism', 'route 66', 'aftercreditsstinger', 'road trip', 'car race, route 66, porsche, retirement, friendship, road trip, rural area, anthropomorphism, los angeles, california, car, aftercreditsstinger, duringcreditsstinger', 'car race', 'retirement', 'car', 'porsche', 'duringcreditsstinger', 'friendship', 'los angeles, california', 'rural area']",http://image.tmdb.org/t/p/w1280/vABOhCPfvm1g0cKNzQXwK8EyQ5z.jpg,"['9', '9823']","['10', '10']","['4.7', '6.8']","['1', None]","['United States of America', 'Owen Wilson, Bonnie Hunt, Paul Newman, Larry the Cable Guy, Tony Shalhoub, Cheech Marin, Michael Wallis, George Carlin, Paul Dooley, Jenifer Lewis, Guido Quaroni', 'Pixar, Walt Disney Pictures']"
Mulan (2020) Full Movie,"Watch Mulan (2020) : Full Movie Online Free When the Emperor of China issues a decree that one man per family must serve in the Imperial Chinese Army to defend the country from Huns, Hua Mulan, the eldest daughter of an honored warrior, steps in to take the place of her ailing father. She is spirited, determined and quick on her feet. Disguised as a man by the name of Hua Jun, she is tested every step of the way and must harness her innermost strength and embrace her true potential.",2020-09-10,"['Action, Adventure, Drama, Fantasy', 'Drama', 'Adventure', 'Action', 'Fantasy']","['costumes', 'courage', 'honor', 'martial arts', 'heroine', 'based on myths, legends or folklore', 'china', 'false identity', 'war', 'china, martial arts, false identity, war, honor, heroine, based on myths, legends or folklore, courage, costumes']",http://image.tmdb.org/t/p/w1280/wbAHIMM2oIB6gJLneWf6D6LwJz9.jpg,"['9', '2000']","['10', '10']","['4.7', '7.4']","['1', None]","['Walt Disney Pictures, China Film Group Corporation, Good Fear, Jason T. Reed Productions', 'Liu Yifei, Jet Li, Tzi Ma, Donnie Yen, Gong Li, Jason Scott Lee, Yoson An, Rosalind Chao, Cheng Pei-Pei, Ron Yuan, Chen Tang', 'China, United States of America']"
Peppermint (2018) Full Movie,"Watch Peppermint (2018) : Full Movie Online Free A grieving mother transforms herself into a vigilante following the murders of her husband and daughter, eluding the authorities to deliver her own personal brand of justice.",2018-09-06,"['Action, Thriller', 'Thriller', 'Action']","['coma', 'cemetery', 'revenge', 'corrupt official', 'alcoholism', 'fbi', 'vigilante', 'coma, handcuffs, bus, cemetery, fbi, grave, widow, vigilante, alcoholism, revenge, murder, flashback, drug cartel, blood, hospital, police corruption, torture, skid row, corrupt official, loss of child, corrupt judge, driveby shooting', 'flashback', 'hospital', 'handcuffs', 'blood', 'skid row', 'bus', 'widow', 'loss of child', 'murder', 'police corruption', 'corrupt judge', 'drug cartel', 'torture', 'driveby shooting', 'grave']",http://image.tmdb.org/t/p/w1280/6P2zF9bZo7Cnyi4mxT0N5FNA3Av.jpg,"['9', '1236']","['10', '10']","['4.7', '6.6']","['1', None]","['Jennifer Garner, John Gallagher Jr., John Ortiz, Juan Pablo Raba, Annie Ilonzeh, Jeff Hephner, Cailey Fleming, Eddie Shin, Method Man, Tyson Ritter, Ian Casselberry', 'Hong Kong, United States of America', 'STX Entertainment, Lakeshore Entertainment, Huayi Brothers']"
Searching (2018) Full Movie,"Watch Searching (2018) : Full Movie Online Free After David Kim's 16-year-old daughter goes missing, a local investigation is opened and a detective is assigned to the case. But 37 hours later and without a single lead, David decides to search the one place no one has looked yet, where all secrets are kept today: his daughter's laptop.",2018-08-24,"['Drama', 'Mystery', 'Thriller, Mystery, Drama', 'Thriller']","['california, stalker, internet, missing person, missing child, computer screen, social media, missing daughter, facebook, live stream, searching, father daughter relationship, search and rescue', 'california', 'missing child', 'search and rescue', 'internet', 'missing person', 'live stream', 'father daughter relationship', 'searching', 'stalker', 'facebook', 'computer screen', 'missing daughter', 'social media']",http://image.tmdb.org/t/p/w1280/91A8wgjgzG9y8D1Z6Mk7Bbd82z4.jpg,"['9', '2407']","['10', '10']","['4.7', '7.6']","['1', None]","['Stage 6 Films, Bazelevs Production, Screen Gems', 'United States of America', 'John Cho, Michelle La, Debra Messing, Joseph Lee, Sara Sohn, Briana McLean, Erica Jenkins, Connor McRaith, Dominic Hoffman, Ric Sarabia, Steven Michael Eich']"
The Predator (2018) Full Movie,"Watch The Predator (2018) : Full Movie Online Free When a kid accidentally triggers the universe's most lethal hunters' return to Earth, only a ragtag crew of ex-soldiers and a disgruntled female scientist can prevent the end of the human race.",2018-09-05,"['Comedy', 'Adventure', 'Science Fiction', 'Action', 'Science Fiction, Action, Thriller, Adventure, Horror, Comedy', 'Horror', 'Thriller']","['military', 'alien', 'sequel', 'alien invasion', 'predator', 'predator, sequel, alien, alien invasion, military']",http://image.tmdb.org/t/p/w1280/gMkIX255LsOge6dmKxmo0EjXtEO.jpg,"['9', '3011']","['10', '10']","['4.7', '5.5']","['1', None]","['Boyd Holbrook, Olivia Munn, Keegan-Michael Key, Thomas Jane, Sterling K. Brown, Alfie Allen, Trevante Rhodes, Jake Busey, Jacob Tremblay, Augusto Aguilera, Yvonne Strahovski', 'Canada, United States of America', 'Davis Entertainment, TSG Entertainment, 20th Century Fox, Dark Castle Entertainment, Canada Film Capital']"
Alpha (2018) Full Movie,"Watch Alpha (2018) : Full Movie Online Free In the prehistoric past, Keda, a young and inexperienced hunter, struggles to return home after being separated from his tribe when bison hunting goes awry. On his way back he will find an unexpected ally.",2018-08-17,"['Adventure, Drama', 'Drama', 'Adventure']","['upper palaeolithic', 'ice age', 'bison', 'wolf, ice age, human animal relationship, wilderness, survival, snow, saber-toothed tiger, boy and dog, injury, prehistoric adventure, prehistory, bison, upper palaeolithic, boar', 'wilderness', 'injury', 'boar', 'prehistoric adventure', 'snow', 'prehistory', 'human animal relationship', 'boy and dog', 'survival', 'saber-toothed tiger', 'wolf']",http://image.tmdb.org/t/p/w1280/ho7FURlRALZUIgMnoVb1yAOxE2u.jpg,"['9', '1695']","['10', '10']","['4.7', '6.3']","['1', None]","['United States of America', 'Kodi Smit-McPhee, Jóhannes Haukur Jóhannesson, Marcin Kowalczyk, Jens Hultén, Natassia Malthe, Spencer Bogaert, Mercedes de la Zerda, Leonor Varela, Priya Rajaratnam, Nashon Douglas, Michael Kruse-Dahl', 'Studio 8, Columbia Pictures, Sony Pictures']"
Incredibles 2 (2018) Full Movie,"Watch Incredibles 2 (2018) : Full Movie Online Free Elastigirl springs into action to save the day, while Mr. Incredible faces his greatest challenge yet – taking care of the problems of his three children.",2018-06-14,"['Animation', 'Action, Adventure, Animation, Family', 'Adventure', 'Action', 'Family']","['married couple, sequel, superhero, children, computer animation, parenting, family, super power', 'sequel', 'super power', 'superhero', 'married couple', 'parenting', 'family', 'children', 'computer animation']",http://image.tmdb.org/t/p/w1280/mabuNsGJgRuCTuGqjFkWe1xdu19.jpg,"['9', '9121']","['10', '10']","['4.7', '7.6']","['1', None]","['United States of America', 'Craig T. Nelson, Holly Hunter, Sarah Vowell, Huck Milner, Catherine Keener, Eli Fucile, Bob Odenkirk, Samuel L. Jackson, Michael Bird, Sophia Bush, Brad Bird', 'Walt Disney Pictures, Pixar']"
The Equalizer 2 (2018) Full Movie,"Watch The Equalizer 2 (2018) : Full Movie Online Free Robert McCall, who serves an unflinching justice for the exploited and oppressed, embarks on a relentless, globe-trotting quest for vengeance when a long-time girl friend is murdered.",2018-07-19,"['Thriller, Action, Crime', 'Crime', 'Thriller', 'Action']","['rape, cia, martial arts, hostage, kidnapping, hurricane, drug dealer, sequel, revenge, murder, gang, massacre, violence, elite forces, vigilante justice', 'vigilante justice', 'martial arts', 'gang', 'violence', 'hostage', 'sequel', 'kidnapping', 'massacre', 'cia', 'hurricane', 'revenge', 'elite forces', 'drug dealer', 'murder', 'rape']",http://image.tmdb.org/t/p/w1280/a24i4Qw6qFTtkFLQsncv8WPwevj.jpg,"['9', '2996']","['10', '10']","['4.7', '6.5']","['1', None]","['Denzel Washington, Pedro Pascal, Ashton Sanders, Orson Bean, Bill Pullman, Melissa Leo, Jonathan Scarfe, Sakina Jaffrey, Kazy Tauginas, Garrett Golden, Adam Karst', 'United States of America', 'Lonetree Entertainment, Fuqua Films, Escape Artists, Sony Pictures, ZHIV Productions, Mace Neufeld Productions, Colombia Pictures']"
Upgrade (2018) Full Movie,"Watch Upgrade (2018) : Full Movie Online Free A brutal mugging leaves Grey Trace paralyzed in the hospital and his beloved wife dead. A billionaire inventor soon offers Trace a cure — an artificial intelligence implant called STEM that will enhance his body. Now able to walk, Grey finds that he also has superhuman strength and agility — skills he uses to seek revenge against the thugs who destroyed his life.",2018-06-01,"['Science Fiction', 'Action', 'Action, Thriller, Science Fiction, Horror', 'Horror', 'Thriller']","['transhumanism', 'body enhancement', 'future', 'cyberpunk', 'police', 'revenge', 'near future', 'implant', 'artificial intelligence, cyborg, future, dystopia, police, revenge, murder, cyberpunk, transhumanism, car chase, implant, near future, body enhancement', 'artificial intelligence', 'murder', 'dystopia', 'car chase', 'cyborg']",http://image.tmdb.org/t/p/w1280/7VSDYfy4JuBbx1eOW2ob8X0Qtny.jpg,"['2379', '9']","['10', '10']","['7.5', '4.7']","[None, '1']","['Australia', 'Logan Marshall-Green, Betty Gabriel, Harrison Gilbertson, Simon Maiden, Benedict Hardie, Melanie Vallejo, Linda Cropper, Sachin Joab, Steve Danielsen, Michael M. Foster, Clayton Jacobson', 'Goalpost Pictures, Blumhouse Productions, Automatik Entertainment, Nervous Tick, Film Victoria, Universal Pictures']"
