0,telephone,addressRegion,addressLocality,postalCode,streetAddress,6,7
The Windjammer,(843) 886-8596,SC,Isle of Palms,29451.0,1008 Ocean Blvd,,
How Art Thou Jazz Lounge and Restaurant,(843) 793-2231,SC,Charleston,29412.0,1956 Maybank Hwy,32.7632366,-79.9859606
Eli&#8217;s Table,(843) 405-5115,SC,Charleston,29401.0,129 Meeting St,,
Krazy Owl&#8217;s Restaurant,(843) 640-3844,SC,Johns Island,29455.0,3157 Maybank Highway,32.7328366,-80.0567811
Hall&#8217;s Chophouse,(843) 727-0090,SC,Charleston,29403.0,434 King St,32.7885149,-79.9378208
Charleston Grill,(843) 577-4522,SC,Charleston,29401.0,224 King Street,32.7808901,-79.9330371
The Refuge,(843) 242-8934,SC,Isle of Palms,29451.0,517 Palm Boulevard,32.78092,-79.8019934
Souls Jazz Restaurant,(843) 494-0571,SC,North Charleston,29418.0,7550 Dorchester Rd,32.9032573,-80.0789558
Gaillard Center,,SC,Charleston,29401.0,95 Calhoun St,32.7867238,-79.930786
The Dewberry,(843) 558-8000,SC,Charleston,29403.0,334 Meeting St,,
Firefly Distillery,8435571405,South Carolina,North Charleston,29405.0,4201 Spruill Ave,,
Gennaro&#8217;s Italian Ristorante,(843) 760-9875,SC,North Charleston,29429.0,8500 Dorchester Rd,,
The Commodore,(843) 460-5203,SC,Charleston,29403.0,14 Orrs Ct,,
Forte Jazz Lounge,(843) 637-4931,SC,Charleston,29403.0,475 King St,,
College of Charleston Sottile Theatre,,SC,Charleston,29401.0,44 George St,32.7842358,-79.935588
The Establishment,(843) 789-4028,SC,Charleston,29401.0,28 Broad St,,
Homegrown Brewhouse,,SC,Summerville,29483.0,117 South Main Street,33.0195101,-80.1750353
High Cotton,843-724-3815,SC,Charleston,29401.0,199 East Bay Street,32.779818,-79.9273256
Restaurant Lidl,(843) 471-1597,SC,Daniel Island,29492.0,901 Island Park Dr,32.861338,-79.907782
Fox Music,(843) 740-7200,SC,North Charleston,29405.0,4248 Dorchester Rd,,
Holy Trinity Windermere,(843) 556-2560,SC,Charleston,29407.0,95 Folly Rd. Blvd,,
South Carolina Aquarium,(843) 720-1990,SC,Charleston,29401.0,100 Aquarium Wharf,,
Renaissance Hotel Ballroom,,SC,Charleston,29401.0,68 Wentworth St,32.7829374,-79.9335507
Simons Center Rectial Hall,(843) 953-6575,SC,Charleston,29401.0,54 St Philip St,32.784738,-79.9370137
Dock Street Theatre,(843) 577-7183,SC,Charleston,29401.0,135 Queen St,32.777276,-79.9362536
Music Farm,(843) 577-6989,SC,Charleston,29403.0,32 Ann St,32.7902066,-79.9382978
Ruth&#8217;s Chris Steakhouse,(843) 793-4224,SC,Charleston,29401.0,55 S Market St,32.7805815,-79.9289229
Fill Restaurant and Bar,(843) 800-3042,SC,Mount Pleasant,29464.0,1150 Hungry Neck Boulevard,32.8301284,-79.8240878
The Andell Inn,(843) 793-6050,SC,Kiawah/Seabrook,29455.0,Freshfields Village Shopping Center,32.6069908,-80.1483707
Drawing Room Restaurant,(843) 414-2334,SC,Charleston,29401.0,19 Vendue Range,32.7786244,-79.9265926
City Gallery,,SC,Charleston,29401.0,34 Prioleau St,32.778142,-79.925826
Gaillard Center Salon One,(843) 579-6458,SC,Charleston,29401.0,95 Calhoun St,32.7868228,-79.9309821
Holy Trinity Windermere,(843) 556-2560,SC,Charleston,29407.0,95 Folly Rd. Blvd,32.7742741,-79.9736375
Souls,(843) 494-0571,SC,North Charleston,29418.0,7550 Dorchester Rd,32.9035257,-80.0785451
Circular Congregational Church,(843) 577-6400,SC,Charleston,29401.0,150 Meeting St,32.7789335,-79.9310056
Bow Ties,(843) 793-2231,SC,James Island,29412.0,1956 Maybank Hwy,32.7632087,-79.9859838
Warehouse,(843) 202-0712,,Charleston,29403.0,45 Spring Street,32.792342,-79.942292
Exquis Event Center,(843) 494-0574,SC,North Charleston,29419.0,5101 Ashley Phosphate Rd Ste 149,32.9145861,-80.1007178
Republic Garden and Lounge,,,Charleston,29403.0,462 King Street,32.789611,-79.9385709
Henry&#8217;s House,(843) 723-4363,SC,Charleston,29401.0,54 N Market St,32.7811838,-79.9288357
Charleston Music Hall,(843) 853-2252,SC,Charleston,29403.0,37 John St,,
Burke High School Performing Arts Center,(843) 501-7794,SC,Charleston,29403.0,244 President Street,,
Dockery&#8217;s,(843) 471-1130,SC,Charleston,29492.0,880 Island Park Drive,32.862738,-79.9062184
South of Broadway Theater,(843) 745-0317,SC,North Charleston,29405.0,1080 East Montague,32.8818253,-79.9771567
Krazy Owl&#8217;s Restaurant,(843) 640-3844,SC,Johns Island,29455.0,3157A Maybank Highway,32.7328366,-80.0567811
Vintage Lounge,,SC,Chalreston,29403.0,545 King St,32.7911407,-79.9402342
The Living Room at the Dewberry Inn,(843) 558-8000,SC,Charleston,29403.0,334 Meeting St,32.7878367,-79.9345914
The Harvest Pointe Event Center,(843) 579-0705,SC,North Charleston,29406.0,4870 Piedmont Avenue,32.8815532,-80.003893
The Commodore,(843) 460-5203,SC,Charleston,29403.0,504 Meeting St,,
Charleston Public Library,,SC,Charleston,29401.0,68 Calhoun Street,32.7885564,-79.931129
USC School of Music Recital Hall,(803) 777-4281,SC,Columbia,29208.0,813 Assembly St,,
Prohibition,(843) 793-2964,SC,Charleston,29403.0,547 King Street,32.7912209,-79.9402847
Charleston Pour House,(843) 571-4343,SC,Charleston,29412.0,1977 Maybank Highway,,
