0,1,url,duration,partOfSeries
Reign Season 1 Episode 20,"Mary hires a mercenary to help her save Scotland. Meanwhile, Francis prepares France to wage war on England, and Leith becomes his ally in this endeavor; and Lola and Julien’s bond deepens, but she fears he will betray her.",https://www.stelizabethaiea.org/episode/reign-season-1-episode-20/,Higher Ground,Reign
The Challenge Season 35 Episode 4,"Watch The Challenge Season 35 Episode 4 online full free. The Challenge S35E04 watch online free in HD. Info: Bear seeks to prove that no one can extinguish the fire that he has burning for Kailah; Ashley and Mattie get into a heated argument; the players compete in the freezing Cold War challenge, which proves too chilling for one person. The Challenge Season 35 Episode 4 Watch Full 123Movies, GoMovies, PutLockers.",https://www.stelizabethaiea.org/episode/the-challenge-season-35-episode-4/,Karma Chameleon,The Challenge
The Challenge Season 35 Episode 15,"Watch The Challenge Season 35 Episode 15 online full free. The Challenge Season 35 watch online free in HD. Info: One player engages in sloppy political maneuvering, while another takes a shocking gamble to save a friend. Competitors must fight for survival in the elimination game “Hall Brawl”. The Challenge Season 35 Episode 15 Watch Full 123Movies, GoMovies, PutLockers.",https://www.stelizabethaiea.org/episode/the-challenge-season-35-episode-15/,Crash Into Me,The Challenge
Condor Season 1 Episode 1,CIA analyst Joe Turner finds a clue that sheds new light on a failed biological attack at a US football stadium. The evidence threatens Joe’s life along with everyone he cares about.,https://www.stelizabethaiea.org/episode/condor-season-1-episode-1/,What Loneliness,Condor
The Challenge Season 35 Episode 11,"Watch The Challenge Season 35 Episode 11 online full free. The Challenge Season 35 watch online free in HD. Info: Bananas, Rogan, and Jenny hatch a plot to blindside Dee, but one emotional player might foil their plans. Josh calls out Swaggy for working with Wes. Two players get heated during the explosive “Flagged Down” challenge. The Challenge Season 35 Episode 11 Watch Full 123Movies, GoMovies, PutLockers.",https://www.stelizabethaiea.org/episode/the-challenge-season-35-episode-11/,You Ain't Right,The Challenge
Reign Season 3 Episode 6,"Mary realizes she must help Catherine in her quest to become regent, even at the risk of hurting the alliance with Scotland. Claude is determined to help Leith marry while Elizabeth struggles with the prospect of losing Dudley.",https://www.stelizabethaiea.org/episode/reign-season-3-episode-6/,Fight or Flight,Reign
I’ll Be Gone in the Dark Season 1 Episode 3,"Watch I’ll Be Gone in the Dark Season 1 Episode 3 online full free. I’ll Be Gone in the Dark Season 1 watch online free in HD. Info: In 1979, law enforcement is thrilled when the East Area Rapist (EAR) attacks abruptly stop in Northern California, but in reality, the still unknown assailant has moved south to commit a number of gruesome murders in the Santa Barbara area, known as the “Original Night Stalker” series. The hunt for the perpetrator stalls due to lack of cooperation between jurisdictions and concerns of tarnishing the area’s pristine image, leaving the community unaware of the predator in their midst. Michelle’s article chronicling her investigation of the case causes a splash when it’s published in 2013. I’ll Be Gone in the Dark Season 1 Episode 3 Watch Full 123Movies, GoMovies, PutLockers.",https://www.stelizabethaiea.org/episode/ill-be-gone-in-the-dark-season-1-episode-3/,Rat in a Maze,I'll Be Gone in the Dark
The Fosters Season 5 Episode 17,"Callie speaks on a panel about Ximena’s struggle and realizes she may have a passion for something other than art. Meanwhile, Mariana is torn between two suitors.",https://www.stelizabethaiea.org/episode/the-fosters-season-5-episode-17/,Makeover,The Fosters
Reign Season 4 Episode 16,"In the series finale, Mary changes the course of history with a decision she makes, and her perilous move for survival causes her to have a stunning realization. Meanwhile, Elizabeth steadies herself for war and becomes the instigator in Mary’s demise.",https://www.stelizabethaiea.org/episode/reign-season-4-episode-16/,All It Cost Her,Reign
Impractical Jokers Season 1 Episode 6,"The guys massage beachgoers on the boardwalk, broadcast the news from Times Square, and get their kicks teaching a karate class.",https://www.stelizabethaiea.org/episode/impractical-jokers-season-1-episode-6/,Panty Raid,Impractical Jokers
Good Bones Season 5 Episode 7,"Watch Good Bones Season 5 Episode 7 online full free. Good Bones Season 5 watch online free in HD. Info: Mina and Karen return to the Old Southside neighborhood to transform an old motorcycle biker bar into a single-family home. The former hangout gets a massive, two-story addition and industrial-modern designs that pay homage to its biker roots. Good Bones Season 5 Episode 7 Watch Full 123Movies, GoMovies, PutLockers.",https://www.stelizabethaiea.org/episode/good-bones-season-5-episode-7/,Old Biker Bar,Good Bones
Reign Season 3 Episode 3,"When King Antoine unexpectedly returns to Court, Mary must help Francis hide his weakening condition long enough to secure his family’s future. With the Throne in jeopardy and time running out, they must turn to an unlikely ally in need of redemption.",https://www.stelizabethaiea.org/episode/reign-season-3-episode-3/,Extreme Measures,Reign
Reign Season 1 Episode 16,"Bash saves Francis’ life while they’re in the woods exploring the latest ominous threat. Meanwhile, Henry becomes obsessed with a servant who won a contest; Greer is seen kissing a kitchen servant; and Henry forces a new couple into a union.",https://www.stelizabethaiea.org/episode/reign-season-1-episode-16/,Monsters,Reign
Reign Season 4 Episode 3,"Gideon shows Mary what life could be like if she chose love over country. Catherine fights to cover King Charles’ increasingly erratic behavior, while Claude finds an enemy in her sister Leeza.",https://www.stelizabethaiea.org/episode/reign-season-4-episode-3/,Leaps of Faith,Reign
Reign Season 1 Episode 14,"Mary’s honeymoon ends and she returns to the castle. Meanwhile, Lola displays some odd behavior, which leads to a secret being exposed; Bash finds a bewildered Olivia and asks Nostradamus to assist her; and Henry seeks help from Catherine.",https://www.stelizabethaiea.org/episode/reign-season-1-episode-14/,Dirty Laundry,Reign
Reign Season 1 Episode 18,"Mary’s brother visits and asks her to return to Scotland, but Francis is suspicious of his motives. Meanwhile, Penelope takes command as Henry’s mental instability progresses; and Lola is skeptical about Julien’s marriage proposal.",https://www.stelizabethaiea.org/episode/reign-season-1-episode-18/,No Exit,Reign
NOS4A2 Season 2 Episode 2,"Watch NOS4A2 Season 2 Episode 2 online full free. NOS4A2 Season 2 watch online free in HD. Info: Charlie Manx fights for his life. Millie Manx determines to never let the lights go out in Christmasland again. Bing receives a long awaited call. Wayne McQueen, attempting to understand his mother, walks headlong into danger. NOS4A2 Season 2 Episode 2 Watch Full 123Movies, GoMovies, PutLockers.",https://www.stelizabethaiea.org/episode/nos4a2-season-2-episode-2/,The Graveyard of What Might Be,NOS4A2
American Dad! Season 9 Episode 15,Francine tries to get Stan to spice up their sex life; Hayley tries to get back into dating and accepts a date with Snot.,https://www.stelizabethaiea.org/episode/american-dad-season-9-episode-15/,The Missing Kink,American Dad!
Penn & Teller: Fool Us Season 7 Episode 5,"Watch Penn & Teller: Fool Us Season 7 Episode 5 online full free. Penn & Teller: Fool Us Season 7 watch online free in HD. Info: Featured magicians Guy Bavli, Javier Botía, B.S. Reddy and Chad Allen. Penn & Teller: Fool Us Season 7 Episode 5 Watch Full 123Movies, GoMovies, PutLockers.",https://www.stelizabethaiea.org/episode/penn-teller-fool-us-season-7-episode-5/,Watermelon Surgery,Penn & Teller: Fool Us
Penn & Teller: Fool Us Season 7 Episode 3,"Watch Penn & Teller: Fool Us Season 7 Episode 3 online full free. Penn & Teller: Fool Us Season 7 watch online free in HD. Info: Magicians Caleb Wiles, D.K., Wes Iseli, and Alana try to fool the veteran duo with their illusions. Penn & Teller: Fool Us Season 7 Episode 3 Watch Full 123Movies, GoMovies, PutLockers.",https://www.stelizabethaiea.org/episode/penn-teller-fool-us-season-7-episode-3/,The Home Game,Penn & Teller: Fool Us
The Challenge Season 35 Episode 1,"Watch The Challenge Season 35 Episode 1 online full free. The Challenge S35E01 watch online free in HD. Info: Players face an intimidating first challenge and then move into the most shocking living conditions in history; a new alliance threatens to topple the game while a stunning twist at elimination changes everyone’s expectations. The Challenge Season 35 Episode 1 Watch Full 123Movies, GoMovies, PutLockers.",https://www.stelizabethaiea.org/episode/the-challenge-season-35-episode-1/,Mad World,The Challenge
Deadliest Catch Season 16 Episode 14,"Watch Deadliest Catch Season 16 Episode 14 online full free. Deadliest Catch Season 16 watch online free in HD. Info: Battling exhaustion, Wild Bill and his crew face the full wrath of the bomb cyclone. A snapped tendon puts the Summer Bay down a man. Josh gambles on crab-rich grounds in a costly venture north. An injured Mac fights to get Junior through the storm. Deadliest Catch Season 16 Episode 14 Watch Full 123Movies, GoMovies, PutLockers.",https://www.stelizabethaiea.org/episode/deadliest-catch-season-16-episode-14/,Bering Sea Crash,Deadliest Catch
Reign Season 2 Episode 14,"As Mary and Francis investigate who was behind the poisoning of King Henry (Alan Van Sprang), they unearth secrets of the past which force Mary to confront her feelings for Conde as she attempts to move forward. Catherine finds herself in the middle of a romantic triangle when the Duke of Guise (guest star Gil Darnell) returns, which forces Narcisse (Craig Parker) to commit a hideous act out of desperation. Meanwhile, Greer (Celina Sinden) finds herself in a situation she never fathomed in order to survive.",https://www.stelizabethaiea.org/episode/reign-season-2-episode-14/,The End of Mourning,Reign
Reign Season 2 Episode 13,"As they prepare for a feast, King Antoine tells Francis and Mary about England’s plans for revenge.",https://www.stelizabethaiea.org/episode/reign-season-2-episode-13/,Sins of the Past,Reign
Penn & Teller: Fool Us Season 7 Episode 4,"Watch Penn & Teller: Fool Us Season 7 Episode 4 online full free. Penn & Teller: Fool Us Season 7 watch online free in HD. Info: Magicians Miranda Allen, Iñaki Zabaletta, Keith Kong, and Guilherme Silveira try to fool the veteran duo with their illusions. Penn & Teller: Fool Us Season 7 Episode 4 Watch Full 123Movies, GoMovies, PutLockers.",https://www.stelizabethaiea.org/episode/penn-teller-fool-us-season-7-episode-4/,Teller Talks!!!,Penn & Teller: Fool Us
Reign Season 3 Episode 7,"Mary unearths a dark secret being kept by a Spanish prince, so she seeks Catherine’s counsel. Meanwhile, suspicion surrounds a new ambassador from English court; and Bash’s quest to find a mysterious murderer takes him to Greer’s tavern.",https://www.stelizabethaiea.org/episode/reign-season-3-episode-7/,The Hound and the Hare,Reign
Condor Season 1 Episode 2,"Joe escapes Joubert and Deacon and calls Bob Partridge to bring him in. Sam Barber wrestles with his betrayal of Joe, which causes his partners to doubt his loyalty.",https://www.stelizabethaiea.org/episode/condor-season-1-episode-2/,The Solution to All Problems,Condor
Reign Season 3 Episode 9,"Claude is forced to marry someone selected by Narcisse. Meanwhile, a surprising discovery is made by Elizabeth, and it could alter her reign; and Mary asks Gideon to help her confirm her suspicions about Prince Don Carlos.",https://www.stelizabethaiea.org/episode/reign-season-3-episode-9/,Wedlock,Reign
Reign Season 1 Episode 9,"Mary and Bass return to the castle, where Catherine remains resolved to keep Francis safe from Mary. Meanwhile, Francis learns of the dark prophecy, but it does not dissuade his desire to marry Mary.",https://www.stelizabethaiea.org/episode/reign-season-1-episode-9/,For King and Country,Reign
Reign Season 2 Episode 15,"Mary’s mother (guest star Amy Brenneman) returns to advise Mary that her throne is in jeopardy. Mary makes a shocking proposition to Conde, along with a bold move to reclaim her throne. Francis moves closer to Lola after a setback with Mary, while King Antoine (guest star Ben Aldridge) makes Kenna an interesting offer. Megan Follows, Craig Parker, Rose Williams, Celina Sinden, Torrance Coombs and Jonathan Keltz also star.",https://www.stelizabethaiea.org/episode/reign-season-2-episode-15/,Forbidden,Reign
Reign Season 2 Episode 9,Bash and Francis come up with a daring plan whilst Mary has a surprising proposal for Claude.,https://www.stelizabethaiea.org/episode/reign-season-2-episode-9/,Acts of War,Reign
The Amazing World of Gumball Season 1 Episode 4,"Believing that his life had been saved, Gumball vows to repay his debt by saving Mr. Robinson’s life.",https://www.stelizabethaiea.org/episode/the-amazing-world-of-gumball-season-1-episode-4/,The Debt,The Amazing World of Gumball
Condor Season 2 Episode 2,"Watch Condor Season 2 Episode 2 online full free. Condor Season 2 watch online free in HD. Info: Not Available. Condor Season 2 Episode 2 Watch Full 123Movies, GoMovies, PutLockers.",https://www.stelizabethaiea.org/episode/condor-season-2-episode-2/,If It Serves a Greater Good,Condor
I’ll Be Gone in the Dark Season 1 Episode 1,"Watch I’ll Be Gone in the Dark Season 1 Episode 1 online full free. I’ll Be Gone in the Dark Season 1 watch online free in HD. Info: Delving into the world of online chat rooms and crime blogs, writer Michelle McNamara becomes immersed in the graphic details of the Golden State Killer case, connecting with like-minded sleuths, trading facts, photos and leads. After pitching a story to Los Angeles Magazine, she hits the ground running, interviewing several EAR survivors and retired detectives who worked the case. I’ll Be Gone in the Dark Season 1 Episode 1 Watch Full 123Movies, GoMovies, PutLockers.",https://www.stelizabethaiea.org/episode/ill-be-gone-in-the-dark-season-1-episode-1/,Murder Habit,I'll Be Gone in the Dark
Condor Season 1 Episode 4,"With the task force closing in, Joe is forced to flee with Kathy. Marty suspects there may be a mole on her team. Reuel grows increasingly concerned about Bob’s loyalty. Joe’s search for answers leads him to two important people from his past.",https://www.stelizabethaiea.org/episode/condor-season-1-episode-4/,Trapped in History,Condor
The Challenge Season 35 Episode 17,"Watch The Challenge Season 35 Episode 17 online full free. The Challenge Season 35 watch online free in HD. Info: The challengers reunite virtually for the first time since the finale to break down the strategy, expose the snakes and address the madness from this season. The Challenge Season 35 Episode 17 Watch Full 123Movies, GoMovies, PutLockers.",https://www.stelizabethaiea.org/episode/the-challenge-season-35-episode-17/,Reunion,The Challenge
Condor Season 1 Episode 8,Joe continues piecing evidence together. Bob deploys a capture mission without Reuel’s approval. Mae receives intel from Iris about Sam and Elden. Nathan confronts Gareth.,https://www.stelizabethaiea.org/episode/condor-season-1-episode-8/,A Question of Compromise,Condor
sMothered Season 2 Episode 5,"Watch sMothered Season 2 Episode 5 online full free. sMothered Season 2 watch online free in HD. Info: Not Available. sMothered Season 2 Episode 5 Watch Full 123Movies, GoMovies, PutLockers.",https://www.stelizabethaiea.org/episode/smothered-season-2-episode-5/,Season 2 Episode 5,sMothered
Reign Season 2 Episode 21,,https://www.stelizabethaiea.org/episode/reign-season-2-episode-21/,The Siege,Reign
Reign Season 4 Episode 14,"Mary pursues justice by launching a counterattack on her conspirators. Elizabeth suffers a major setback, and it turns her world upside down.",https://www.stelizabethaiea.org/episode/reign-season-4-episode-14/,A Bride. A Box. A Body.,Reign
Reign Season 1 Episode 13,"Mary must decide whether to marry Bash or Francis, who returns accompanied by Lola. Meanwhile, Mary’s mother visits and pushes her own agenda, and her mere presence in the castle troubles both Henry and Catherine.",https://www.stelizabethaiea.org/episode/reign-season-1-episode-13/,The Consummation,Reign
Reign Season 2 Episode 2,"A powerful and dominating Lord learns Mary was responsible for his son’s death, he demands retribution. Francis and Lola return to the castle with their new son.",https://www.stelizabethaiea.org/episode/reign-season-2-episode-2/,Drawn and Quartered,Reign
Reign Season 1 Episode 10,"An assassination attempt is made on Bash’s life, and Catherine appears to be responsible for it. Meanwhile, Mary offers assistance to a jailed peasant who has a curious link to Bash; and Lola tries to stop Catherine from meddling with Bash and Mary.",https://www.stelizabethaiea.org/episode/reign-season-1-episode-10/,Sacrifice,Reign
The Challenge Season 35 Episode 7,"Watch The Challenge Season 35 Episode 7 online full free. The Challenge S35E07 watch online free in HD. Info: Tori believes that she is ready to earn her red skull. Nany’s budding crush on one player causes tension in her friendship with Aneesa. Two players face off in the Dust-to-Dust elimination. The Challenge Season 35 Episode 7 Watch Full 123Movies, GoMovies, PutLockers.",https://www.stelizabethaiea.org/episode/the-challenge-season-35-episode-7/,Should I Stay Or Should I Go,The Challenge
Condor Season 2 Episode 5,"Watch Condor Season 2 Episode 5 online full free. Condor Season 2 watch online free in HD. Info: Joe is skeptical that Gordon is guilty and continues to look at alternative theories. Eva and Gordon unleash together and dig down the battle ax after a successful event. Condor Season 2 Episode 5 Watch Full 123Movies, GoMovies, PutLockers.",https://www.stelizabethaiea.org/episode/condor-season-2-episode-5/,Out of His Exile,Condor
Last Resort Season 1 Episode 10,"Sam and James depart the island in a daring rescue attempt. Back on the island of Sainte Marina, a Chinese diplomat arrives to make a deal with Marcus. With scarcity and a prison problem plaguing him, Marcus finds himself treading down a more treacherous path than he could have imagined.",https://www.stelizabethaiea.org/episode/last-resort-season-1-episode-10/,Blue Water,Last Resort
Reign Season 4 Episode 1,"Queen Mary, unsure who to trust, tests her brother James to ensure his loyalty after hearing of his meeting with John Knox. Queen Elizabeth agrees to help Lord Darnley, in an attempt to sabotage the powerful suitor’s relationship with Mary.",https://www.stelizabethaiea.org/episode/reign-season-4-episode-1/,With Friends Like These,Reign
Reign Season 4 Episode 11,Mary and Darnley are at odds as their plan to seize England is put into action. Elizabeth is conflicted about her feelings for Gideon. Catherine’s son Henri tries to claim the throne from Charles.,https://www.stelizabethaiea.org/episode/reign-season-4-episode-11/,Dead of Night,Reign
sMothered Season 2 Episode 8,"Watch sMothered Season 2 Episode 8 online full free. sMothered Season 2 watch online free in HD. Info: Not Available. sMothered Season 2 Episode 8 Watch Full 123Movies, GoMovies, PutLockers.",https://www.stelizabethaiea.org/episode/smothered-season-2-episode-8/,The Secret is Out,sMothered
Reign Season 2 Episode 17,,https://www.stelizabethaiea.org/episode/reign-season-2-episode-17/,Tempting Fate,Reign
sMothered Season 2 Episode 9,"Watch sMothered Season 2 Episode 9 online full free. sMothered Season 2 watch online free in HD. Info: Not Available. sMothered Season 2 Episode 9 Watch Full 123Movies, GoMovies, PutLockers.",https://www.stelizabethaiea.org/episode/smothered-season-2-episode-9/,Shes My World,sMothered
The Challenge Season 35 Episode 9,"The Challenge Season 35 Episode 9 watch online free. Stream The Challenge Season 35 full episodes online. Info: Players drop into the sewers during the unique “Tunnel Rats” challenge. When Dee contemplates a risky power play, it raises questions whether or not she can be trusted. Watch The Challenge Season 35 Episode 9 Online Free on 123Movies, PutLocker and FMovies.",https://www.stelizabethaiea.org/episode/the-challenge-season-35-episode-9/,Backstabber,The Challenge
The Challenge Season 35 Episode 5,"Watch The Challenge Season 35 Episode 5 online full free. The Challenge S35E05 watch online free in HD. Info: During the “Bomb Squad” challenge, teams must work together to detonate an explosion. Rogan seeks vengeance on Jay. Jordan and Wes get into a heated argument involving deli meat. The Challenge Season 35 Episode 5 Watch Full 123Movies, GoMovies, PutLockers.",https://www.stelizabethaiea.org/episode/the-challenge-season-35-episode-5/,Break Up With Your BF I’m Bored,The Challenge
Reign Season 3 Episode 14,,https://www.stelizabethaiea.org/episode/reign-season-3-episode-14/,To the Death,Reign
Condor Season 2 Episode 7,"Watch Condor Season 2 Episode 7 online full free. Condor Season 2 watch online free in HD. Info: Not Available. Condor Season 2 Episode 7 Watch Full 123Movies, GoMovies, PutLockers.",https://www.stelizabethaiea.org/episode/condor-season-2-episode-7/,"A Perspective, Not the Truth",Condor
Reign Season 2 Episode 3,Mary searches for a way to feed the people of France; Francis is haunted by suspicions about his dead father’s spirit; Catherine plans a lavish coronation ceremony.,https://www.stelizabethaiea.org/episode/reign-season-2-episode-3/,Coronation,Reign
Big Time Rush Season 1 Episode 7,"The boys are at the Palm Woods, severely injured. Camille asked them why they look so beat up if they just got their picture in Pop Tiger. The boys show their entire flashback from beginning to end: The boys were having their very first photo shoot as Big Time Rush. However, with Gustavo and Kelly doing community service for vandalizing Matthew McConaughey’s mailbox, Griffin took over and makes them “space matadors with stuffy puppies”. A simple photo shoot becomes a race for time and the perfect shot. Meanwhile, Katie and her mom are determined to get an autograph from teen hunk Dak Zevon, and Mrs. Knight starts to go a little nuts when the security guards are mean to Katie, so she (Mrs. Knight) gets all the fans of Dak and tries to barricade the door to Dak’s recording room.",https://www.stelizabethaiea.org/episode/big-time-rush-season-1-episode-7/,Big Time Photo Shoot,Big Time Rush
Penn & Teller: Fool Us Season 6 Episode 11,,https://www.stelizabethaiea.org/episode/penn-teller-fool-us-season-6-episode-11/,The Mind Noodler,Penn & Teller: Fool Us
The Challenge Season 35 Episode 3,"Watch The Challenge Season 35 Episode 3 online full free. The Challenge S35E03 watch online free in HD. Info: The Challengers blow up trucks during the Decode and Detonate challenge; Jay finds himself in the middle of a dangerous love triangle that could result in his demise; Wes and Bananas’ alliance faces its first true test. The Challenge Season 35 Episode 3 Watch Full 123Movies, GoMovies, PutLockers.",https://www.stelizabethaiea.org/episode/the-challenge-season-35-episode-3/,A Hard Jay's Night,The Challenge
Big Brother Australia Season 12 Episode 20,"Watch Big Brother Australia Season 12 Episode 20 online full free. Big Brother Australia Season 12 watch online free in HD. Info: Not Available. Big Brother Australia Season 12 Episode 20 Watch Full 123Movies, GoMovies, PutLockers.",https://www.stelizabethaiea.org/episode/big-brother-australia-season-12-episode-20/,Episode 20,Big Brother Australia
Dexter Season 4 Episode 5,"“Dirty Harry” is the fifth episode in the fourth season of the Showtime television series Dexter. Recent events spur Dexter into his own investigation of the Trinity killer. His motivations are now personal, and the clock is ticking. But the closer Dexter gets, the more he realizes that Trinity is unlike any monster he’s previously encountered. Meanwhile, Debra blames herself for events that were out of her control, and in so doing pushes away those closest to her. As LaGuerta and Batista close in on the Vacation Murderers, Batista realizes he can use Quinn’s relationship with a certain reporter to his advantage. And when Rita discovers a secret Dexter’s been keeping from her, she begins to realize just how little she knows about the man she married.",https://www.stelizabethaiea.org/episode/dexter-season-4-episode-5/,Dirty Harry,Dexter
Absentia Season 3 Episode 1,"Watch Absentia Season 3 Episode 1 online full free. Absentia Season 3 watch online free in HD. Info: Not Available. Absentia Season 3 Episode 1 Watch Full 123Movies, GoMovies, PutLockers.",https://www.stelizabethaiea.org/episode/absentia-season-3-episode-1/,Tabula Rasa,Absentia
Reign Season 2 Episode 4,"Shadowy riders have attacked a shepherd, Lord Conde and Bash investigate. Mary reconsiders her relationship with Lola. Leith returns to court.",https://www.stelizabethaiea.org/episode/reign-season-2-episode-4/,The Lamb and the Slaughter,Reign
Cougar Town Season 6 Episode 10,Jules’ dinner guests aren’t exactly who she expected; staking out a cupcake thief; Tom’s patient.,https://www.stelizabethaiea.org/episode/cougar-town-season-6-episode-10/,Yer So Bad,Cougar Town
Reign Season 4 Episode 13,"Darnley teams up with John Knox to strip Mary of her throne, which will leave a close friend of Mary’s dead. Elizabeth must banish Gideon from court at the request of her future husband, while Charles takes a bold stance against his brother Henri.",https://www.stelizabethaiea.org/episode/reign-season-4-episode-13/,Coup de Grace,Reign
Reign Season 1 Episode 7,"Mary and Francis are taken hostage when the castle falls under siege, and Catherine makes a shocking suggestion in an effort to save them. Meanwhile, Diane reveals to Bash that she’s plotting to have him declared legitimate.",https://www.stelizabethaiea.org/episode/reign-season-1-episode-7/,Left Behind,Reign
Condor Season 2 Episode 1,"Watch Condor Season 2 Episode 1 online full free. Condor Season 2 watch online free in HD. Info: Joe is travelling in Europe when he is approached by a Russian agent, who says he can identify a mole within the CIA in exchange for protection. Joe begins to realise that escaping his old life may be impossible. Condor Season 2 Episode 1 Watch Full 123Movies, GoMovies, PutLockers.",https://www.stelizabethaiea.org/episode/condor-season-2-episode-1/,Exile Is a Dream,Condor
The Challenge Season 35 Episode 14,"Watch The Challenge Season 35 Episode 14 online full free. The Challenge Season 35 watch online free in HD. Info: Aneesa worries that her Red Skull may be in jeopardy when players wonder if she has what it takes to run a Final. Fessy makes a questionable move against his alliance. A nighttime challenge and another double elimination shock. The Challenge Season 35 Episode 14 Watch Full 123Movies, GoMovies, PutLockers.",https://www.stelizabethaiea.org/episode/the-challenge-season-35-episode-14/,Your Time is Gonna Come,The Challenge
I’ll Be Gone in the Dark Season 1 Episode 4,"Watch I’ll Be Gone in the Dark Season 1 Episode 4 online full free. I’ll Be Gone in the Dark Season 1 watch online free in HD. Info: Michelle and her editors agree to push her book deadline after being granted access to the Orange County Sheriff’s Department’s East Area Rapist / Original Night Stalker (EAR/ONS) room. Poring over 37 boxes of files now occupying her daughter’s playroom, Michelle and her researcher Paul Haynes explore the case of the “Visalia Ransacker,” the perpetrator of a string of burglaries in the early ‘70s bearing striking similarities to EAR. I’ll Be Gone in the Dark Season 1 Episode 4 Watch Full 123Movies, GoMovies, PutLockers.",https://www.stelizabethaiea.org/episode/ill-be-gone-in-the-dark-season-1-episode-4/,The Motherlode,I'll Be Gone in the Dark
The Challenge Season 35 Episode 2,"Watch The Challenge Season 35 Episode 2 online full free. The Challenge S35E02 watch online free in HD. Info: Players compete in the Airdrop Extraction challenge; Rogan falls for a new player; Dee seeks to stand in the way. The Challenge Season 35 Episode 2 Watch Full 123Movies, GoMovies, PutLockers.",https://www.stelizabethaiea.org/episode/the-challenge-season-35-episode-2/,Sweet Dreams Are Made of Dee,The Challenge
Reign Season 2 Episode 12,Mary ends up doing something unexpected. The rivalry between Francis and Condé increases.,https://www.stelizabethaiea.org/episode/reign-season-2-episode-12/,Banished,Reign
The Challenge Season 35 Episode 10,"Watch The Challenge Season 35 Episode 10 online full free. The Challenge Season 35 watch online free in HD. Info: Bananas and Wes’ alliance comes to a crossroads as players realize that they may not have much longer to earn a Red Skull to make it into the finals. Players must compete in TJ’s favorite game of each season: trivia. The Challenge Season 35 Episode 10 Watch Full 123Movies, GoMovies, PutLockers.",https://www.stelizabethaiea.org/episode/the-challenge-season-35-episode-10/,The Final Countdown,The Challenge
Reign Season 2 Episode 1,Francis and Mary’s new rule is threatened when a plague ravages the land. Kenna’s life is at risk. Greer discovers something shocking about Leith.,https://www.stelizabethaiea.org/episode/reign-season-2-episode-1/,The Plague,Reign
Reign Season 2 Episode 18,,https://www.stelizabethaiea.org/episode/reign-season-2-episode-18/,Reversal of Fortune,Reign
Reign Season 4 Episode 15,"Mary’s life hangs in the balance — Childbirth threatens to take Mary’s life, which leaves her and her unborn child’s safety in jeopardy. Elizabeth discovers that someone in her inner circle was the cause of the death of someone close to her.",https://www.stelizabethaiea.org/episode/reign-season-4-episode-15/,Blood in the Water,Reign
Adam Ruins Everything Season 1 Episode 2,"Adam sets his sights on security, explaining that airport security wastes too much of our time and money, medicine safety seals do nothing to protect us, and your credit card number isn’t remotely secure.",https://www.stelizabethaiea.org/episode/adam-ruins-everything-season-1-episode-2/,Adam Ruins Security,Adam Ruins Everything
Reign Season 3 Episode 17,,https://www.stelizabethaiea.org/episode/reign-season-3-episode-17/,Intruders,Reign
Reign Season 1 Episode 6,"Francis observes the growing bond between Mary and Bash, so he turns to Olivia. Meanwhile, Catherine wants to ensure that whoever threatened Mary is captured; Bash seeks to repay his debt; and Kenna tells her friends about her affair with Henry.",https://www.stelizabethaiea.org/episode/reign-season-1-episode-6/,Chosen,Reign
Reign Season 3 Episode 15,"Mary (Adelaide Kane) learns from Lola (Anna Popplewell) that she has a chance to get to Scotland safely, but she must act quietly and quickly. When Catherine (Megan Follows) is framed for murder, Mary must decide if she should stay to protect her, which would jeopardize her safe passage to Scotland.",https://www.stelizabethaiea.org/episode/reign-season-3-episode-15/,Safe Passage,Reign
sMothered Season 2 Episode 4,"Watch sMothered Season 2 Episode 4 online full free. sMothered Season 2 watch online free in HD. Info: Not Available. sMothered Season 2 Episode 4 Watch Full 123Movies, GoMovies, PutLockers.",https://www.stelizabethaiea.org/episode/smothered-season-2-episode-4/,Season 2 Episode 4,sMothered
Condor Season 2 Episode 6,"Watch Condor Season 2 Episode 6 online full free. Condor Season 2 watch online free in HD. Info: Not Available. Condor Season 2 Episode 6 Watch Full 123Movies, GoMovies, PutLockers.",https://www.stelizabethaiea.org/episode/condor-season-2-episode-6/,Episode 6,Condor
Reign Season 3 Episode 13,"Mary, in order to protect Elizabeth, unknowingly puts Gideon’s life in danger. To save him, Mary turns to another Englishman for help – Robert Dudley. Meanwhile, Bash is determined to track down the men behind the threats to Catherine",https://www.stelizabethaiea.org/episode/reign-season-3-episode-13/,Strange Bedfellows,Reign
Diesel Brothers Season 7 Episode 5,"Watch Diesel Brothers Season 7 Episode 5 online full free. Diesel Brothers Season 7 watch online free in HD. Info: The Diesel Brothers continue work on their tank build, but engine and transmission troubles put the project in jeopardy. Diesel Brothers Season 7 Episode 5 Watch Full 123Movies, GoMovies, PutLockers.",https://www.stelizabethaiea.org/episode/diesel-brothers-season-7-episode-5/,"A Tank, An Eagle And A Brat",Diesel Brothers
Reign Season 2 Episode 10,Francis comes to a surprising decision. Mary takes part in a treacherous mission with Lord Condé.,https://www.stelizabethaiea.org/episode/reign-season-2-episode-10/,Mercy,Reign
Condor Season 1 Episode 6,Mae is tortured by lingering questions surrounding her husband’s death. Caleb tells Joe about his CIA source. Joubert and Boyd cross paths at Kathy’s house and make a critical discovery.,https://www.stelizabethaiea.org/episode/condor-season-1-episode-6/,No Such Thing,Condor
Condor Season 2 Episode 8,"Watch Condor Season 2 Episode 8 online full free. Condor Season 2 watch online free in HD. Info: Not Available. Condor Season 2 Episode 8 Watch Full 123Movies, GoMovies, PutLockers.",https://www.stelizabethaiea.org/episode/condor-season-2-episode-8/,Episode 8,Condor
Reign Season 2 Episode 6,Mary and Catherine have to hide their identities when they meet a mob of angry peasants. Lola wants to become independent.,https://www.stelizabethaiea.org/episode/reign-season-2-episode-6/,Three Queens,Reign
Condor Season 2 Episode 3,"Watch Condor Season 2 Episode 3 online full free. Condor Season 2 watch online free in HD. Info: Joe is lured back into the danger zone when he suspects that Bob’s killer and mole may be the same person. Condor Season 2 Episode 3 Watch Full 123Movies, GoMovies, PutLockers.",https://www.stelizabethaiea.org/episode/condor-season-2-episode-3/,A Former KGB Man,Condor
Black Ink Crew Chicago Season 6 Episode 14,"Watch Black Ink Crew Chicago Season 6 Episode 14 online full free. Black Ink Crew Chicago Season 6 watch online free in HD. Info: Not Available. Black Ink Crew Chicago Season 6 Episode 14 Watch Full 123Movies, GoMovies, PutLockers.",https://www.stelizabethaiea.org/episode/black-ink-crew-chicago-season-6-episode-14/,Episode 14,Black Ink Crew Chicago
I’ll Be Gone in the Dark Season 1 Episode 2,"Watch I’ll Be Gone in the Dark Season 1 Episode 2 online full free. I’ll Be Gone in the Dark Season 1 watch online free in HD. Info: Michelle reflects on the 1984 murder of her childhood neighbor Kathy Lombardo, which she credits with planting the seed for her lifelong fascination with unsolved crimes. Local detectives who worked the EAR case in the ’70s – and citizen detectives who picked up where they left off – discuss a proliferation of serial rape cases in Northern California at the time. I’ll Be Gone in the Dark Season 1 Episode 2 Watch Full 123Movies, GoMovies, PutLockers.",https://www.stelizabethaiea.org/episode/ill-be-gone-in-the-dark-season-1-episode-2/,Reign of Terror,I'll Be Gone in the Dark
Reign Season 1 Episode 2,"Mary and Francis play up their romance after an English envoy expresses doubts about their union. Elsewhere, Catherine seeks to eliminate an individual who’s aware of her scheme to destroy Mary.",https://www.stelizabethaiea.org/episode/reign-season-1-episode-2/,Snakes in the Garden,Reign
Reign Season 4 Episode 9,"Mary and Darnley wed in a lavish affair, which proves to be a successful decision in regards to her political standing. James makes an interesting discovery about Greer, while Elizabeth frantically tries to salvage England’s power.",https://www.stelizabethaiea.org/episode/reign-season-4-episode-9/,Pulling Strings,Reign
Reign Season 2 Episode 22,,https://www.stelizabethaiea.org/episode/reign-season-2-episode-22/,Burn,Reign
Reign Season 4 Episode 4,"When Lord Darnley surprises Mary with a visit in Scotland, Mary sees a glimmer of a union that could be more than just political. Elizabeth fights to gain allies in her favor and Catherine must work to get Claude back on track by finding her a new husband.",https://www.stelizabethaiea.org/episode/reign-season-4-episode-4/,Playing with Fire,Reign
Condor Season 2 Episode 4,"Watch Condor Season 2 Episode 4 online full free. Condor Season 2 watch online free in HD. Info: Not Available. Condor Season 2 Episode 4 Watch Full 123Movies, GoMovies, PutLockers.",https://www.stelizabethaiea.org/episode/condor-season-2-episode-4/,Episode 4,Condor
Reign Season 3 Episode 18,"Mary makes a bold move to defend her reign in Scotland, which results in a battle royale with her cousin, Elizabeth. Lola is accused of a heinous crime and suffers the drastic consequences. Meanwhile, back in France, Catherine finds that Charles has returned a changed man after paying a price for his mother’s relentless quest for power.",https://www.stelizabethaiea.org/episode/reign-season-3-episode-18/,Spiders in a Jar,Reign
Condor Season 1 Episode 7,Another person close to Joe is found dead. Bob shares his theory about the IEP attack with Sharla. Iris gives Mae information that puts both of their lives in jeopardy.,https://www.stelizabethaiea.org/episode/condor-season-1-episode-7/,Within a Dark Wood,Condor
Reign Season 3 Episode 2,"Elizabeth must deal with the political backlash of harboring Catherine in England, while Catherine is imprisoned upon her return to France. Mary is forced to make some difficult decisions about securing Scotland’s future and Lola is conflicted in her feelings for Narcisse.",https://www.stelizabethaiea.org/episode/reign-season-3-episode-2/,Betrothed,Reign
Reign Season 2 Episode 11,Mary attempts to help Condé after finding out that the Vatican is after him.,https://www.stelizabethaiea.org/episode/reign-season-2-episode-11/,Getaway,Reign
Reign Season 3 Episode 16,"When Mary arrives in Scotland, she is stunned by the treacherous world it has become and is forced her to keep her royal identity a secret until she learns who she can trust. When Elizabeth jeopardizes her standing with an unbearable new suitor, Lola steps in to help, which causes the Queen to question Lola’s ulterior motives.",https://www.stelizabethaiea.org/episode/reign-season-3-episode-16/,Clans,Reign
Penn & Teller: Fool Us Season 7 Episode 1,"Watch Penn & Teller: Fool Us Season 7 Episode 1 online full free. Penn & Teller: Fool Us Season 7 watch online free in HD. Info: Featured magicians Shawn Farquhar, Helen Coghlan, Ondřej Pšenička and Paul Gertner. Penn & Teller: Fool Us Season 7 Episode 1 Watch Full 123Movies, GoMovies, PutLockers.",https://www.stelizabethaiea.org/episode/penn-teller-fool-us-season-7-episode-1/,Third Time's a Charm,Penn & Teller: Fool Us
The Challenge Season 35 Episode 8,"The Challenge Season 35 Episode 8 watch online free. Stream The Challenge Season 35 full episodes online. Info: Players must cope with toxic chemicals in the mind-bending “Decontamination” challenge. Wes and Bananas plot their biggest game move yet, but it may mean outing their secret alliance. A double elimination sends shockwaves. Watch The Challenge Season 35 Episode 8 Online Free on 123Movies, PutLocker and FMovies.",https://www.stelizabethaiea.org/episode/the-challenge-season-35-episode-8/,Let Live and Die,The Challenge
Reign Season 2 Episode 7,Princess Claude makes a surprise visit home. The princess is known to be a provocative and reckless young woman. Greer’s wedding tour ends earlier than expected.,https://www.stelizabethaiea.org/episode/reign-season-2-episode-7/,The Prince of the Blood,Reign
Reign Season 2 Episode 16,,https://www.stelizabethaiea.org/episode/reign-season-2-episode-16/,Tasting Revenge,Reign
Reign Season 2 Episode 19,,https://www.stelizabethaiea.org/episode/reign-season-2-episode-19/,Abandoned,Reign
sMothered Season 2 Episode 7,"Watch sMothered Season 2 Episode 7 online full free. sMothered Season 2 watch online free in HD. Info: Not Available. sMothered Season 2 Episode 7 Watch Full 123Movies, GoMovies, PutLockers.",https://www.stelizabethaiea.org/episode/smothered-season-2-episode-7/,Season 2 Episode 7,sMothered
Reign Season 3 Episode 4,"After Mary receives an urgent message from her ailing mother about the dire situation in Scotland, she finds herself looking to Francis for aid. Catherine finds herself up against Narcisse as she fights to become the regent to Charles. Meanwhile, Elizabeth faces continued pressure to wed.",https://www.stelizabethaiea.org/episode/reign-season-3-episode-4/,The Price,Reign
Reign Season 4 Episode 10,Mary contemplates how to take over the English throne; Elizabeth struggles to find an appropriate suitor to marry. James gets caught up in a scheme orchestrated by John Knox.,https://www.stelizabethaiea.org/episode/reign-season-4-episode-10/,A Better Man,Reign
The Unit Season 1 Episode 5,"Jonas and the team carry out an assasination of a terrorist in Spain. However, they soon find out that the government called off the mission and will now not protect them in the country which means there only hope is to escape. Back at the base, Molly learns that her daughter Betsy wants to drop out of college and Kim thinks about taking a college course herself.",https://www.stelizabethaiea.org/episode/the-unit-season-1-episode-5/,Non-Permissive Environment,The Unit
Penn & Teller: Fool Us Season 7 Episode 2,"Watch Penn & Teller: Fool Us Season 7 Episode 2 online full free. Penn & Teller: Fool Us Season 7 watch online free in HD. Info: Penn tries to fool Teller; featured magicians include Eric Leclerc, Dev Sherman, Conan Liu and RubÃ©n Vilagrand. Penn & Teller: Fool Us Season 7 Episode 2 Watch Full 123Movies, GoMovies, PutLockers.",https://www.stelizabethaiea.org/episode/penn-teller-fool-us-season-7-episode-2/,Teller vs. Penn,Penn & Teller: Fool Us
Condor Season 1 Episode 9,"Deacon’s traumatic past comes into focus. Sharla pursues Joubert. Mae makes a terrifying discovery. After the location of the plot is uncovered, Bob considers his options and Joe compels Janice and Caleb to help him.",https://www.stelizabethaiea.org/episode/condor-season-1-episode-9/,Death Is the Harvest,Condor
The Challenge Season 35 Episode 12,"Watch The Challenge Season 35 Episode 12 online full free. The Challenge Season 35 watch online free in HD. Info: A furious challenger seeks revenge after utter betrayal. When Cory’s daughter refuses to talk to him, it makes him even more motivated to make it to the Finals. Players compete in the grueling “Tanks A Lot” challenge. The Challenge Season 35 Episode 12 Watch Full 123Movies, GoMovies, PutLockers.",https://www.stelizabethaiea.org/episode/the-challenge-season-35-episode-12/,Pictures of You,The Challenge
Condor Season 1 Episode 3,News of the massacre at IEP spreads. Bob seeks an ally after learning that he must remove himself from the operation to find Joe. Reuel questions Mae’s knowledge of Sam’s recent behavior.,https://www.stelizabethaiea.org/episode/condor-season-1-episode-3/,A Good Patriot,Condor
Reign Season 1 Episode 11,"Henry claims Catherine has committed treason and adultery, so she attempts to save herself by shedding light on a dark part of Bash’s past, and Bash and Mary then try to even the score. Meanwhile, Nostradamus discloses the truth about the castle’s ghost.",https://www.stelizabethaiea.org/episode/reign-season-1-episode-11/,Inquisition,Reign
Reign Season 1 Episode 15,"A matchmaking event is held for the women in the castle, but Lola doesn’t want to take part in it. Meanwhile, Kenna grows frightened when Henry flies into another rage, so she turns to Catherine; and Bash learns firsthand about the horrors of the woods.",https://www.stelizabethaiea.org/episode/reign-season-1-episode-15/,The Darkness,Reign
Condor Season 1 Episode 5,"Reuel and Marty hope that Caleb Woolf will be the key to Joe’s capture. Bob attempts to extract information from Joubert. In Riyadh, a plan is put into motion.",https://www.stelizabethaiea.org/episode/condor-season-1-episode-5/,A Diamond with a Flaw,Condor
sMothered Season 2 Episode 6,"Watch sMothered Season 2 Episode 6 online full free. sMothered Season 2 watch online free in HD. Info: Not Available. sMothered Season 2 Episode 6 Watch Full 123Movies, GoMovies, PutLockers.",https://www.stelizabethaiea.org/episode/smothered-season-2-episode-6/,Season 2 Episode 6,sMothered
The Challenge Season 35 Episode 13,"Watch The Challenge Season 35 Episode 13 online full free. The Challenge Season 35 watch online free in HD. Info: Nany and Kaycee’s budding relationship brings out a shocking side of Bayleigh, as well as some alleged tea about Kaycee and Bayleigh’s past; two women compete for their Red Skull in the brutal Off With You Heads elimination. The Challenge Season 35 Episode 13 Watch Full 123Movies, GoMovies, PutLockers.",https://www.stelizabethaiea.org/episode/the-challenge-season-35-episode-13/,Victim of Love,The Challenge
Good Bones Season 5 Episode 6,"Watch Good Bones Season 5 Episode 6 online full free. Good Bones Season 5 watch online free in HD. Info: Mina and Karen are back in Old Southside where they’ve purchased a hoarder house filled with garbage and hiding fire damage. As demo gets underway, they uncover a slew of other issues as they turn this trash-filled home into an updated Victorian beauty. Good Bones Season 5 Episode 6 Watch Full 123Movies, GoMovies, PutLockers.",https://www.stelizabethaiea.org/episode/good-bones-season-5-episode-6/,Updated Victorian in Old Southside,Good Bones
Reign Season 2 Episode 5,Tension rises between the Catholics and the Protestants. Francis receives a gift from his dead father. Kenna is shocked by a discovery.,https://www.stelizabethaiea.org/episode/reign-season-2-episode-5/,Blood for Blood,Reign
The Challenge Season 35 Episode 6,"Watch The Challenge Season 35 Episode 6 online full free. The Challenge S35E06 watch online free in HD. Info: Jenna struggles to maintain her tumultuous relationship at home while competing for a life-changing amount of money. A prank gone wrong threatens Bear & Kailah’s budding romance. Players compete in a high-speed “Fast and Furious” inspired challenge. The Challenge Season 35 Episode 6 Watch Full 123Movies, GoMovies, PutLockers.",https://www.stelizabethaiea.org/episode/the-challenge-season-35-episode-6/,Love Will Tear Us Apart,The Challenge
Penn & Teller: Fool Us Season 6 Episode 12,Penn & Teller: Fool Us S06E12 Season 6 Episode 12 Watch Online Free In HD Quality. Penn & Teller: Fool Us Full Episodes Online For Free.,https://www.stelizabethaiea.org/episode/penn-teller-fool-us-season-6-episode-12/,Magic Is Bad For Your Health,Penn & Teller: Fool Us
Phineas and Ferb Season 1 Episode 2,"“Lawn Gnome Beach Party of Terror” is the second broadcast episode of the animated television series Phineas and Ferb. In it, stepbrothers Phineas and Ferb construct an elaborate beach complex in order to survive the intense heat wave that has struck their city. Meanwhile, the boys’ pet platypus, Perry, successfully halts the destruction of all the lawn gnomes in the tri-state area by his arch nemesis, Dr. Heinz Doofenshmirtz. “Lawn Gnome Beach Party of Terror” was written by series co-creators Dan Povenmire and Jeff “Swampy” Marsh, who collaborated with Bobby Gaylor and Martin Olson, and directed by Povenmire. The episode originally aired in the United States as the one of two previews for the series on September 28, 2007, on Disney Channel. Since airing, the episode has received generally positive reviews, especially for the originality of its title. Fan reaction was also favorable, and the featured musical number “Backyard Beach” was voted the number 2 song in the series by viewers during the “Phineas and Ferb’s Musical Cliptastic Countdown” event.",https://www.stelizabethaiea.org/episode/phineas-and-ferb-season-1-episode-2/,Lawn Gnome Beach Party of Terror,Phineas and Ferb
Reign Season 1 Episode 5,"An ex-lover of Francis’ arrives and brings danger with her, so an uneasy Mary turns to Bash for comfort. Meanwhile, Queen Catherine persuades Aylee to snoop on Mary; and Bash lands in hot water with heretics, who accuse him of disrupting a sacred ritual.",https://www.stelizabethaiea.org/episode/reign-season-1-episode-5/,A Chill in the Air,Reign
