0,description,priceRange,bestRating,worstRating,reviewCount,ratingValue
Oasis Bay Classic Cruise,Oasis Bay Classic Cruise appears right away following its name. The interesting inspiration comes from the small Oasis FLOATING in the Halong bay.,Our prices start at US$ 120 per pax (Value Guarantee),5.0,1.0,0.0,4.5
Jasmine Cruise,"Jasmine Cruise is a luxury 5-star cruise running in Halong Bay. With full modern facilities and design, the cruise is an ideal choice for your Halong trip.",Our prices start at US$ 135 per pax (Value Guarantee),5.0,1.0,9.0,4.5
Sapphire Cruise,Sapphire Cruise is a luxury 4.5-star cruise in Halong Bay for Halong Bay Lan Ha Bay Tours with the best price and special cruising itineraries,Our prices start at US$ 158 per pax (Value Guarantee),5.0,1.0,0.0,4.5
La Mignonne Cruise,La Mignonne Cruise is one of the most luxurious 4- star yachts of Halong Bay â€“ Lan Ha Bay- symbol of the nature beauty in Vietnam.,Our prices start at US$ 147 per pax (Value Guarantee),5.0,1.0,0.0,4.5
Amour Cruises,"Amour Cruises will accompany you to new destinations to discover all the hidden corners of the treasures of Lan Ha bay, Halong bay. Paddling a kayak to explore thousands-year-old caves, visiting Viet Hai village",Our prices start at US$ 175 per pax (Value Guarantee),5.0,1.0,0.0,4.5
Fr-UniCharm Cruise,,Our prices start at US$ 153 per pax (Value Guarantee),5.0,1.0,0.0,4.5
Dragon Eyes Cruise,"The Dragon Eyes is the perfect choice of a vacation paradise for couples, families or friends that is a great way to discover the Mekong Delta.",Our prices start at US$ 304 per pax (Value Guarantee),5.0,1.0,0.0,4.5
Aclass Legend Cruise,"The Aclass Legend Cruise has 14 luxury guest rooms, suites and public areas that created from graceful wooden furnishings and beautiful amenities.",Our prices start at US$ 127 per pax (Value Guarantee),5.0,1.0,0.0,4.5
Heritage Line Ginger Cruise,"Located in the heart of Cat Hai island, Heritage Line Ginger cruise is the ideal destination to explore Cat Ba islands and Lan Ha Bay.",Our prices start at US$ 263 per pax (Value Guarantee),5.0,1.0,0.0,4.5
Jayavarman Cruise,"The impressive Jayavarman cruise ship resembles a floating art gallery that wherever they look, guests are reminded of the local arts and culture.","Our prices start at US$ 1,286 per pax (Value Guarantee)",5.0,1.0,43.0,4.5
Renea Cruises,"Renea Cruise is a boutique wooden vessel, classical and traditional design style, delicious and authentic cuisine, helpful crew team",Our prices start at US$ 132 per pax (Value Guarantee),5.0,1.0,0.0,4.5
Song Xanh Cruise,"Starting either from Cai Be or Can Tho, Song Xanh Sampans are designed for travelers who are looking for Private Cruise experiences in the Mekong Delta.",Our prices start at US$ 411 per pax (Value Guarantee),5.0,1.0,0.0,4.5
Garden Bay Cruise,"Garden Bay Cruise is a traditional wooden boat traveling down the clear blue waters of Halong Bay, a World Heritage Site recognized by the UNESCO.",Our prices start at US$ 118 per pax (Value Guarantee),5.0,1.0,0.0,4.5
Victory Star Private Cruise,"Victory Star Cruise-a newly established, luxurious and classic style junk cruise, offers the perfect mix of traditional elegance and modern comfort, experience at Bay.",Our prices start at US$ 441 per pax (Value Guarantee),5.0,1.0,3.0,4.5
Fr-Stellar Cruise,,Our prices start at US$ 142 per pax (Value Guarantee),5.0,1.0,0.0,4.5
La Paci Cruise,La Paci Cruises is on top deluxe cruises in Halong Bay which features many interesting itineraries and activities for tourists while cruising in the area.,Our prices start at US$ 133 per pax (Value Guarantee),5.0,1.0,0.0,4.5
Gecko Eyes Cruise,"If you want a private cruise trip in the Mekong Delta with a fascinating experience, then Gecko Eyes cruise will be your best bet.",Our prices start at US$ 522 per pax (Value Guarantee),5.0,1.0,0.0,4.5
Majestic Cruise,Majestic Halong cruise combines charm and great comfort to meet the growing demand of travellers looking for luxurious cruises in the Bay.,Our prices start at US$ 122 per pax (Value Guarantee),5.0,1.0,0.0,4.5
Scarlet Pearl Cruise,"Embark on the ultimate journey of luxury and stunning beauty with us at Scarlet Pearl- 05 Star Cruise Ship with International Standard,",Our prices start at US$ 194 per pax (Value Guarantee),5.0,1.0,0.0,4.5
Vâ€™Spirit Classic Cruise,"The word â€œVâ€™Spiritâ€ actually means â€œVietnamese Spiritâ€, and our goal is to help you experience that feeling which is part of our daily lives.",Our prices start at US$ 0 per pax (Value Guarantee),5.0,1.0,0.0,4.5
Legend White Dolphin Cruise,"With just 08 Luxury cabins,Legend White Dolphin cruise meets the expectation of family or groups of dear friends and good for any guests",Our prices start at US$ 116 per pax (Value Guarantee),5.0,1.0,0.0,4.5
Era Cruise,â€‹Era Cruise is a luxurious brand-new steel cruise which ensures the aesthetic make over and safety for clients.,Our prices start at US$ 165 per pax (Value Guarantee),5.0,1.0,19.0,4.5
Mon ChÃ©ri Cruises,"Mon ChÃ©ri Cruises is one of the newest five-star cruises in the Halong Bay area, which was voted as one of the Worldâ€™s New 7 Wonders of Nature in 2011",Our prices start at US$ 304 per pax (Value Guarantee),5.0,1.0,19.0,4.5
Du thuyá»n UniCharm,,Our prices start at US$ 153 per pax (Value Guarantee),5.0,1.0,0.0,4.5
Mien Tay Sampan,Mien Tay boats will take you to every little corner of the Mekong Delta with a real sense of pioneering adventure.,Our prices start at US$ 395 per pax (Value Guarantee),5.0,1.0,0.0,4.5
Lâ€™AzalÃ©e Deluxe Cruise,L'Azalee Deluxe Cruise is a traditional wooden cruise in Halong Bay which would be one of the best choices for tourists when travelling there.,Our prices start at US$ 168 per pax (Value Guarantee),5.0,1.0,0.0,4.5
Charm Legend Cruise,"Charm Legend Cruise, formerly Hoa Binh Junk boat team, is proud to be one of the State-licensed boats for overnight or daytime service to visit Halong",Our prices start at US$ 119 per pax (Value Guarantee),5.0,1.0,0.0,4.5
Prince Junks,"The Prince junk was designed after the traditional fishing boats of Halong Bay, only on a slightly smaller scale with either 2 or 4 cabins.",Our prices start at US$ 510 per pax (Value Guarantee),5.0,1.0,0.0,4.5
Hera Cruise,Hera was created with a beautiful combination of the quintessence of contemporary art and the best experiences in the world natural heritage of Halong Bay.,Our prices start at US$ 328 per pax (Value Guarantee),5.0,1.0,1.0,4.5
Aqua Mekong Cruise,"Aqua Mekong Cruises are specifically designed to adjust to the seasonal changes, from the very limited dry season to almost any time of the year.","Our prices start at US$ 2,300 per pax (Value Guarantee)",5.0,1.0,41.0,4.5
