0,1,2,3,about,5,6
Greater Atlantic City Chamber Board of Directors Meeting,2020-09-17T08:00,Debbie Walker,EventScheduled,"Description Greater Atlantic City Chamber Board of Directors responsibilities: The government and policy-making responsibilities of the Chamber shall be vested in the Board of Directors, which shall control the organization's property, be responsible for its finances, and directs its affairs. The 2020 Board of Directors meetings are scheduled as follows: 16-Jan 20-Feb 19-Mar 16-Apr 21-May 18-Jun 16-Jul NO MEETING IN AUGUST 17-Sep 15-Oct 19-Nov NO MEETING IN DECEMBER","Seaview a Dolce Hotel 401 South New Road Galloway, NJ 08205",2020-09-17T09:30
Greater Atlantic City Chamber Ambassador/Membership Committee,2020-10-13T09:00,Debbie Walker,EventScheduled,"Description The Greater Atlantic City Chamber’s Ambassador and Membership Committee works to retain Chamber members by providing superior customer service to assist with getting acquainted and staying engaged with the Chamber. The committee is charged with evaluating and promoting programs and services designed to build customer loyalty while continuing to sustain their support for years to come. This committee meets monthly to develop innovative marketing strategies, incentives and programs for Chamber membership development. This is a great committee to serve on if you are looking to make business contacts and really want to help your Chamber. The Ambassador/Membership Committee meets on the SECOND TUESDAY of every month. The 2020 schedule is as follows: 14-Jan 11-Feb 10-Mar 14-Apr 12-May 9-Jun 14-Jul NO MEETING IN AUGUST 8-Sep 13-Oct 10-Nov 8-Dec If you are interested volunteering your time on any of the Greater Atlantic City Chamber committees, please contact: Debbie Walker Assistant to the President (609) 513-6688 dwalker@acchamber.com","Atlantic City Chamber 12 South Virginia Ave Garage at Gordon's Alley 1st Floor Atlantic City, NJ 08401",2020-10-13T10:00
Greater Atlantic City Chamber Public Policy Committee Meeting,2020-09-01T08:30,Debbie Walker,EventScheduled,"Description The Business Advocacy Committee of the Chamber is a diverse group whose common bond is a desire to create a favorable business climate. This group serves as the leading business advocate for Atlantic County at all levels of government. This group seeks input from both the public and private sectors, establishes and implements the Chamber's legislative agenda, and prepares position statements on issues important to business. Its work reflects the concerns and priorities of the business community. As part of the advocacy effort, a Chair's Council has been established to offer the financial support/input required for the Chamber to serve as the voice of business for Atlantic County. The Public Policy Committee will meet on the FIRST TUESDAY of every month. The 2020 schedule is as follows: 4-Feb 3-Mar 7-Apr 5-May 2-Jun 7-Jul NO MEETING IN AUGUST 1-Sep 6-Oct 3-Nov 3-Dec If you are interested volunteering your time on any of the Greater Atlantic City Chamber committees, please contact: Debbie Walker Assistant to the President (609) 345-4524 x 102 dwalker@acchamber.com","The Press of Atlantic City 1000 W. Washington Ave. Pleasantville, NJ 08232",2020-09-01T09:30
"Leadership Series: Steve Callender, President of the Casino Association of New Jersey",2020-09-24T10:00,,,,,2020-09-24T11:00
2020 Chamber Golf Classic presented by ShopRite Classic,2020-10-02T07:30,"Michael Chait, President",EventScheduled,"Description NEW DATE: FRIDAY, OCTOBER 2 The annual Chamber golf outing provides a fun afternoon of networking with a wide range of influential community and business leaders. Breakfast is included in all registrations. Whether you want to play golf or not, there are outstanding ways to get your message in front of the area's business community. Contact Michael Chait to customize a sponsorship package for you. mchait@acchamber.com (609) 345-4524",,2020-10-02T14:30
Greater Atlantic City Chamber Executive Committee Meeting,2020-10-08T08:30,DEBBIE WALKER,EventScheduled,"Description Atlantic City Chamber Executive Committee Meeting meets the 2nd Thursday of every month. Executive Committee is comprised of the Chairperson, all committee Chairpersons, Treasurer, President and the Immediate Past Chair. This committee acts as a screening panel to review and direct matters to the board. The 2020 Executive Committee schedule is as follows: 9-Jan 13-Feb 12-Mar 9-Apr 14-May 11-Jun 9-Jul NO MEETING IN AUGUST 10-Sep 8-Oct 12-Nov NO MEETING IN DECEMBER","12 South Virginia Ave Garage at Gordon's Alley 1st Floor Atlantic City, NJ 08401",2020-10-08T09:30
Greater Atlantic City Chamber Public Policy Committee Meeting,2020-10-06T08:30,Debbie Walker,EventScheduled,"Description The Business Advocacy Committee of the Chamber is a diverse group whose common bond is a desire to create a favorable business climate. This group serves as the leading business advocate for Atlantic County at all levels of government. This group seeks input from both the public and private sectors, establishes and implements the Chamber's legislative agenda, and prepares position statements on issues important to business. Its work reflects the concerns and priorities of the business community. As part of the advocacy effort, a Chair's Council has been established to offer the financial support/input required for the Chamber to serve as the voice of business for Atlantic County. The Public Policy Committee will meet on the FIRST TUESDAY of every month. The 2020 schedule is as follows: 4-Feb 3-Mar 7-Apr 5-May 2-Jun 7-Jul NO MEETING IN AUGUST 1-Sep 6-Oct 3-Nov 3-Dec If you are interested volunteering your time on any of the Greater Atlantic City Chamber committees, please contact: Debbie Walker Assistant to the President (609) 345-4524 x 102 dwalker@acchamber.com","The Press of Atlantic City 1000 W. Washington Ave. Pleasantville, NJ 08232",2020-10-06T09:30
‘100 Faces of War’ Featured in Smithsonian Traveling Exhibition at Noyes Arts Garage,2019-07-10T10:00,,EventScheduled,"Description The American military in the 21st century is diverse and reflects the complexities of the country and the current times. 100 Faces of War, a traveling exhibition from the Smithsonian, presents the stories of those who served the U.S. in the Iraq and Afghanistan wars. The free exhibition will be on view at the Noyes Arts Garage of Stockton University, 2200 Fairmount Ave. in Atlantic City, from July 10-Oct. 6. 100 Faces of War, organized in collaboration with artist Matt Mitchell, features 100 oil portraits of Americans representing a cross-section of home states, military branches, jobs and backgrounds. This is the first time the exhibit has been shown in the Northeast. Included are portraits of military members from Orange, New Jersey; Philadelphia, Freedom, and Reading, Pennsylvania; Queens, Syracuse, Depauville and Somers, New York; Newark, Delaware; and Millington and Thurmont, Maryland. Each painting includes a candid, unedited, firsthand account of war. The statements take many different forms, including emails and letters to loved ones and poems and words written specifically for this exhibition. The portraits symbolize 100 different and highly personal ways of looking at valor, sacrifice and the human experience of war. From 2005 to 2014, Mitchell, who did","Noyes Arts Garage 2200 Fairmount Avenue Atlantic City, NJ 08401",2019-10-06T18:00
Greater Atlantic City Events Committee Meeting,2020-11-03T15:30,DEBBIE WALKER,EventScheduled,"Description The Chamber Engagement Committee focuses on clear, timely communications with members, media, and the communities we serve. This group is responsible for spreading the Chamber message and enhancing that message through a diverse range of events. These events create opportunities for our members to connect and stay informed on relevant topics that help them run their businesses. The Engagement Committee plans and implements the Chamber’s annual calendar of events including, but not limited to Active Adult & Senior Expo, the Atlantic City Air Show, The Business Excellence Awards, Leadership Series, and mixers. Meetings are held on the FIRST TUESDAY of every month. The 2020 schedule is as follows: 7-Jan 4-Feb 3-Mar 7-Apr 5-May 2-Jun 7-Jul NO MEETING IN AUGUST 1-Sep 6-Oct 3-Nov 3-Dec If you are interested volunteering your time on any of the Greater Atlantic City Chamber committees, please contact: Debbie Walker Assistant to the President (609) 513-6688 dwalker@acchamber.com","Berkshire Hathaway Real Estate Office 1001 Tilton Rd Northfield, NJ 08225",2020-11-03T16:30
Greater Atlantic City Events Committee Meeting,2020-09-01T15:30,DEBBIE WALKER,EventScheduled,"Description The Chamber Engagement Committee focuses on clear, timely communications with members, media, and the communities we serve. This group is responsible for spreading the Chamber message and enhancing that message through a diverse range of events. These events create opportunities for our members to connect and stay informed on relevant topics that help them run their businesses. The Engagement Committee plans and implements the Chamber’s annual calendar of events including, but not limited to Active Adult & Senior Expo, the Atlantic City Air Show, The Business Excellence Awards, Leadership Series, and mixers. Meetings are held on the FIRST TUESDAY of every month. The 2020 schedule is as follows: 7-Jan 4-Feb 3-Mar 7-Apr 5-May 2-Jun 7-Jul NO MEETING IN AUGUST 1-Sep 6-Oct 3-Nov 3-Dec If you are interested volunteering your time on any of the Greater Atlantic City Chamber committees, please contact: Debbie Walker Assistant to the President (609) 513-6688 dwalker@acchamber.com","Berkshire Hathaway Real Estate Office 1001 Tilton Rd Northfield, NJ 08225",2020-09-01T16:30
Captain's Table Reception at the Progressive Insurance Atlantic City Boat Show,2021-02-25T18:00,,,"Captain's Table Reception at the Atlantic City Boat Show. Benefit the Community FoodBank of NJ and Let Us Eat, Please. Join us and more than 20 of our area's be",,2021-02-25T21:00
Captain's Table Reception at the Progressive Insurance Atlantic City Boat Show,2022-02-24T18:00,,,"Captain's Table Reception at the Atlantic City Boat Show. Benefit the Community FoodBank of NJ and Let Us Eat, Please. Join us and more than 20 of our area's be",,2022-02-24T21:00
Captain's Table Reception at the Progressive Insurance Atlantic City Boat Show,2023-02-23T18:00,,,"Captain's Table Reception at the Atlantic City Boat Show. Benefit the Community FoodBank of NJ and Let Us Eat, Please. Join us and more than 20 of our area's be",,2023-02-23T21:00
Greater Atlantic City Chamber Executive Committee Meeting,2020-09-10T08:30,DEBBIE WALKER,EventScheduled,"Description Atlantic City Chamber Executive Committee Meeting meets the 2nd Thursday of every month. Executive Committee is comprised of the Chairperson, all committee Chairpersons, Treasurer, President and the Immediate Past Chair. This committee acts as a screening panel to review and direct matters to the board. The 2020 Executive Committee schedule is as follows: 9-Jan 13-Feb 12-Mar 9-Apr 14-May 11-Jun 9-Jul NO MEETING IN AUGUST 10-Sep 8-Oct 12-Nov NO MEETING IN DECEMBER","12 South Virginia Ave Garage at Gordon's Alley 1st Floor Atlantic City, NJ 08401",2020-09-10T09:30
Greater Atlantic City Chamber Ambassador/Membership Committee,2020-09-08T09:00,Debbie Walker,EventScheduled,"Description The Greater Atlantic City Chamber’s Ambassador and Membership Committee works to retain Chamber members by providing superior customer service to assist with getting acquainted and staying engaged with the Chamber. The committee is charged with evaluating and promoting programs and services designed to build customer loyalty while continuing to sustain their support for years to come. This committee meets monthly to develop innovative marketing strategies, incentives and programs for Chamber membership development. This is a great committee to serve on if you are looking to make business contacts and really want to help your Chamber. The Ambassador/Membership Committee meets on the SECOND TUESDAY of every month. The 2020 schedule is as follows: 14-Jan 11-Feb 10-Mar 14-Apr 12-May 9-Jun 14-Jul NO MEETING IN AUGUST 8-Sep 13-Oct 10-Nov 8-Dec If you are interested volunteering your time on any of the Greater Atlantic City Chamber committees, please contact: Debbie Walker Assistant to the President (609) 513-6688 dwalker@acchamber.com","Atlantic City Chamber 12 South Virginia Ave Garage at Gordon's Alley 1st Floor Atlantic City, NJ 08401",2020-09-08T10:00
