0,description,datePublished
I May Destroy You,I May Destroy You,2020-06-08T13:56:31.970Z
Lie to Me,Lie to Me,2020-07-20T05:19:18.801Z
Stargirl,Stargirl,2020-05-19T02:04:42.786Z
The Great,The Great,2020-05-16T00:45:04.988Z
Hightown,Hightown,2020-05-11T09:14:29.781Z
The Luminaries,The Luminaries,2020-05-20T03:24:24.062Z
Barkskins,Barkskins,2020-05-27T07:00:47.972Z
50 States of Fright,50 States of Fright,2020-06-11T13:55:09.297Z
Defiance,Defiance,2020-07-20T05:19:24.195Z
Trying,Trying,2020-05-01T17:06:18.949Z
Upload,Upload,2020-05-01T02:46:00.518Z
