0,1,2,3,4,keywords,6,7,author,sugarContent,fiberContent,11,12,saturatedFatContent,proteinContent,carboHydrateContent
Shallot &#038; Smoky Hickory Guac,,"['1/4 ea. Maui onion, finely diced', '1 ea. clove of fermented black garlic, minced', '1 ea. red bell pepper, roasted & diced small', 'Smoked hickory salt to taste', '2 ea. leaves of fresh Spanish oregano, finely chopped', '1 ea. sprig of cilantro, finely chopped', '2 ea. Avocados From Mexico, halved, pitted, & peeled', '1/4 c. queso fresco, crumbled', '1 T. raw sugar', '1 ea. ají amarillo chile, roasted & minced', '1 ea. shallot, thinly sliced rings', '2 t. vinegar']",4,Mexican,avocados,"['Fold red bell pepper, Aji Amarillo chiles, black garlic, Maui onions, cilantro and Spanish oregano into avocado until well combined.', 'In a small saucepan, combine the vinegar and sugar. Heat until sugar is completely dissolved.', 'Then add shallot mixture and stir. Season with smoked hickory salt. Top with queso fresco and serve.', 'Place shallots into a jar or air-tight container. Pour vinegar mixture over shallots. Let cool, cover and refrigerate until totally cool.', 'In a medium bowl, mash the avocados to desired consistency.']",entree,Avocados From Mexico,6 g,8 g,85 mg,220 cal,3 g,4 g,17 g
Avocado Margarita,,"['1/2 c. orange-flavored liqueur (such as Triple-Sec or Cointreau)', 'Salt or chili-lime seasoning, for rimming glasses', '3 c. ice cubes', '2/3 c. sweet & sour margarita mix', '1 ea. Avocado From Mexico, peeled, pitted & chopped', '1/2 c. tequila', '1/4 c. fresh lime juice', '6 ea. thin slices Avocados From Mexico, for garnish']",6,Mexican,avocados,"['Serve in glasses rimmed with salt or chili-lime seasoning, and garnish with slice of avocado.', 'In a blender, combine all ingredients except for ice and process until smooth.', 'Add ice cubes and pulse until just blended, taking care not to overmix.']",entree,Avocados From Mexico,22 g,2 g,1570 mg,180 cal,0.5 g,< 1 g,25 g
Avocado Mac and Cheese,,"['1/2 c. thawed frozen peas', '3/4 c. sharp white cheddar cheese, diced (about 4 oz.)', '3/4 c. skim milk', '1-1/2 t. lemon juice', '1/2 t. salt', '1/2 lb. wagon wheel pasta', '1 ea. Avocado From Mexico, halved, pitted, peeled, and diced']",4,Mexican,avocados,"['In large sauce pot, cook pasta in salted water according to package directions.', 'Reserve 1/2 cup of the avocado for later use.', 'Meanwhile, in small saucepan, heat milk until hot; remove from heat, set aside.', 'Stir in cheese sauce; add remaining 1/2 cup diced avocado; toss gently. Serve immediately.', 'Drain pasta; return to sauce pot. Season with salt to taste.', 'When pasta is almost cooked, in a blender, combine remaining avocado, cheese, peas, and lemon juice; gradually add hot milk; blend until smooth.']",entree,Avocados From Mexico,3 g,5 g,520 mg,420 cal,6 g,18 g,51 g
"Shrimp, Avocado, Winter Fruit Salad",,"['1 ea. mango, peeled, pitted, & diced', '1/2 c. orange-flavored prepared salad dressing', '1 lb. shrimp, cooked, peeled, & deveined', '1 ea. Avocado From Mexico, pitted, peeled, & sliced', '3 c. salad greens', '1-1/3 c. red grapes, halved & seedless', '1 ea. lime, quartered']",4,Mexican,avocados,"['In a large bowl, combine salad greens, mangoes, and grapes; toss with dressing.', 'Top with avocado and shrimp and serve with lime.']",entree,Avocados From Mexico,20 g,6 g,220 mg,300 cal,1 g,29 g,31 g
"Sour Orange, Honey, Habanera, &#038; Caramelized Scallion Guacamole",,"['3 ea. Avocados From Mexico, halved, pitted, & peeled', '1 T. Habanero TABASCO® Sauce', '2 T. lime juice', '1 T. orange zest', '1/2 c. white onion, small dice', '2 t. salt', '5 ea. stalks of scallions', '1 T. olive oil', '3 T. sour orange juice', '1 T. orange blossom honey']",6,Mexican,avocados,"['In a large bowl, mash the avocados with sour orange juice and lime juice until chunky-smooth.', 'Heat olive oil in a small sauté pan over medium-high heat. Add the scallions and cook, turning occasionally, until browned on all sides. Remove from heat and transfer to a paper towel to drain oil. When cooled, chop finely.', 'Fold in scallions, white onions,Tabasco, honey, orange zest, and salt until well combined.']",entree,Avocados From Mexico,5 g,7 g,860 mg,210 cal,2.5 g,2 g,16 g
Cheesy Avocado Risotto with Shrimp,,"['1-1/3 c. yellow onion, small dice', '2/3 c. parmesan cheese, grated', '2 T. lemon juice', '1 lb. shrimp, peeled & deveined', '3 T. garlic, minced', '2 ea. Avocados From Mexico, halved, pitted, & peeled', '1 c. arborio rice', '2 T. olive oil', '1/4 t. pepper', 'Red pepper flakes to taste', '1/4 c. parsley, finely chopped', '1/2 t. salt', '4 c. chicken broth']",4,Mexican,avocados,"['Fold in the shrimp and diced avocados into the risotto. Garnish with red pepper flakes.', 'When rice is fully cooked, fold in mashed avocado mixture, parmesan cheese, and parsley until well combined. Cover and set aside.', 'Pour chicken broth into a medium saucepan and bring to a simmer. Adjust heat as needed to maintain simmer.', 'In another large skillet, heat the remaining 1 tablespoon olive oil over medium-high heat. Add shrimp and cook for 3 to 4 minutes until shrimp is fully cooked.', 'In a small bowl, mash one avocado until smooth. Fold in lemon juice, salt and pepper. Dice the other avocado and set aside.', 'In a large skillet, heat 1 tablespoon of olive oil over medium-low heat. Add onions and 2 tablespoons garlic; sauté for 5 to 7 minutes until onions are tender. Add rice and stir; cook for another 2 to 3 minutes.', 'Add 1 cup of hot chicken broth and cook until almost all liquid is absorbed, stirring frequently. Continue adding 1/2 cup of broth at a time until all broth is used and is cooked and has a creamy consistency.']",entree,Avocados From Mexico,4 g,9 g,1670 mg,600 cal,6 g,36 g,57 g
Avocado Toast with Ham,"Avocado toast is an easy and fast breakfast or snack choice that can be personalized with your favorite toppings. Make this avocado toast with fresh, chopped tomatoes. Incorporating fresh Hass avocados in your family's everyday recipes helps to increase your fruit and vegetable intake. They're delicious, heart-healthy, and a source of naturally good fats.","['2 ea. slices whole wheat bread', '2 oz. York ham, thinly sliced', '2 T. prepared aioli', '1/2 ea. Avocados From Mexico, sliced']",2,Mexican,avocados,"['Layer each piece of toast with 1 tablespoon aioli, 1 ounce ham and 3 avocado slices and serve.', 'In toaster, toast bread to desired crispiness.']",entree,Avocados From Mexico,3 g,7 g,530 mg,290 cal,3 g,10 g,19 g
Avocado Egg Salad,,"['1 ea. large Avocado From Mexico, pitted & peeled', '1-1/2 T. dijon mustard', '3/4 t. salt', '4 ea. eggs, hard-boiled & roughly chopped', '1/4 t. pepper', '2 T. green onions, minced', '1/4 c. celery, small dice']",4,Mexican,avocados,"['Mash the avocado with the mustard, salt, and pepper.', 'Add celery, green onions, and eggs; fold gently into avocado mixture.']",entree,Avocados From Mexico,2 g,4 g,640 mg,170 cal,3 g,8 g,7 g
Avocado Chicken Waldorf Salad,"Sweet, crunchy and delicious, this chicken Waldorf salad is a fresh addition to a meal or as a meal itself. Wrapped in lettuce leaves, the chicken, avocado, sweetness of the apple and crunchiness of walnuts pair together to create a burst of flavor in your mouth! Plus, this recipe features healthy avocados, which taste great and contribute nearly 20 vitamins, minerals and phytonutrients, including 11% of the Daily Value (DV) for dietary fiber, 10% of the DV for folate, 6% of the DV for vitamin E, 6% of the DV for potassium, 4% of the DV for vitamin C and 2% of the DV for iron per 50 g serving.","['1/2 c. walnuts, toasted & roughly chopped', '1 ea. Avocado From Mexico, pitted, peeled, & diced', '1/3 c. golden raisins', '8 ea. romaine lettuce leaves', '3 ea. stalks of celery, diced', '1 t. mustard', '1 ea. large red apple, cored & diced', '1/4 c. apple cider', '1/4 t. pepper', '1 c. chicken, cooked & diced', '1/2 t. salt', '2 t. sugar', '2 T. vegetable oil', '1 T. cider vinegar']",4,Mexican,avocados,"['In a small bowl, whisk together cider, oil, vinegar, mustard, sugar, salt, and pepper until well combined.', 'In a medium bowl, combine apples, chicken, avocados, celery, walnuts, and raisins; toss gently with dressing.', 'Divide salad and spoon on top of romaine leaves.']",entree,Avocados From Mexico,18 g,7 g,370 mg,400 cal,3 g,15 g,30 g
Fruit Salad with Avocado Coconut Lime Dressing,,"['1 tsp. Honey', '2 ea. Avocados From Mexico, diced', '2 Mandarin orange, segments', '1 Mango, diced', '1 c. Red grapes', '1/2 c. Strawberries, quartered', '2 Kiwi, sliced and quartered', '1 Large banana, sliced and quartered', '1/2 c. Blueberries', 'Avocado Coconut Lime Dressing', '3 T. Lime juice', '5.3 oz. Non-fat Greek yogurt, blended, coconut crème flavor']",8,Mexican,avocados,"['Dressing instructions: 1. Place all salad dressing components into a food processor and blend to a smooth consistency. If dressing is too thick, add 1-2 TB of non-fat milk (or non-dairy milk) to liquefy dressing. 2. Refrigerate until needed, up to 24 hours. Use the remaining dressing for another use.', 'Salad Instructions: 1. For the salad base, place all ingredients into a large bowl. 2. When ready to serve, toss Avocado coconut lime dressing to taste.']",entree,Avocados From Mexico,19g g,6g g,,200 cal,,4g g,25g g
Tropical Avocado Salad,"Flavorful, colorful and delicious, this avocado tropical salad packs in nutrients with sweet pineapple, crunchy carrots, refreshing cucumber and avocados! With a little honey, jalapeño, cabbage and snap peas, this salad has a spark to your nightly dinner or summer cookout! Plus, the fresh avocado featured in this recipe is a heart-healthy fruit that provides naturally good fats, is low in saturated fat, is cholesterol-free and sodium-free.","['3 T. fresh lime juice', '1/2 ea. fresh pineapple, peeled, cored, & halved lengthwise', '1 ea. cucumber, peeled, seeded, & thinly sliced', '1 ea. garlic clove, minced', '2 ea. Avocados From Mexico, peeled, halved, pitted, & quartered', '1 T. soy sauce', '1 ea. large carrot, peeled & cut into 2-inch matchsticks', '1 T. honey', '1/4 c. extra virgin olive oil', '1/2 t. salt', '2 c. cabbage, shredded', '1 T. fresh jalapeño, including seeds, chopped', '2 c. sugar snap peas']",8,Mexican,avocados,"['Cut avocados crosswise into 1/4-inch slices.', 'Thinly slice pineapple quarters crosswise.', 'In a small bowl, whisk together olive oil lime juice, jalapeño, soy sauce, honey, garlic, and salt until well combined.', 'In a medium pot, bring water to a boil and cook the sugar snap peas for 15 seconds. Drain peas, then place in a nice bath until they are cooled. Remove peas from ice bath and cut them lengthwise into 3 strips.', 'In a large bowl, combine the cabbage, snap peas, avocados, cucumbers, carrots, and pineapple; toss gently with dressing.']",entree,Avocados From Mexico,9 g,5 g,270 mg,190 cal,2 g,2 g,17 g
Guacamole Bites,"Bite-size and tasty, these avocado bites are a game changer. With a cucumber foundation, the avocado, feta and olives provide a Mediterranean flare to a party, baby shower or game watching party. Your guests won't be able to keep their hands off these green, crunchy bites! Beyond being delicious, the healthy avocado featured in this recipe is sodium and cholesterol free, and contributes nearly 20 nutrients, including vitamins, minerals, dietary fiber and phytonutrients.","['1/4 c. chopped black olives', 'Salt and pepper to taste', '2 T. olive oil', '2 ea. cucumbers with peel, cut into slices', '1/2 Chopped cilantro to taste', '1 ea. chopped tomato, diced', 'Parsley to taste', '1/2 ea. lime, juiced', '1/4 c. crumbled feta cheese', '2 ea. green onions, finely chopped', '2 ea. Avocados From Mexico']",6,Mexican,avocados,"['On each slice of cucumber, spread some guacamole. Garnish with tomatoes, olives, feta cheese, and parsley.', 'To prepare guacamole: In a medium bowl, mash the avocados with a fork. Add green onion, lime juice, oil, cilantro, lime, cilantro, salt, and pepper.']",entree,Avocados From Mexico,3 g,5 g,160 mg,190 cal,3 g,3 g,11 g
Authentic Guacamole,,"['1 Tbsp Fresh Lime Juice', '1 Bunch Cilantro Finely Chopped', '1 Roma Tomato Finely Chopped', '1/2 Onion Finely Chopped', '1 Jalapeño Seeded, Devined, and Chopped (Optional)', '1 Tbsp Salt', '3 <a href=\\""/avocados/\\"">Ripe Hass Avocados</a>']",4-6,Mexican,avocados,"['Chop the cilantro', 'Remove the seeds and chop the jalapeño', 'Lightly mix everything together with a fork until ingredients combine', 'Remove seeds and chop the tomato', 'Prepare the avocados by smashing them into tiny chunks and until the mixture starts to get creamy using a mortar or fork', 'Add onion, tomato, jalapeño, cilantro, fresh lime juice and salt to the avocado bowl', '<a href=\\""/how-to/how-to-slice-and-dice-an-avocado/\\"">Break each avocado in half</a> gently cutting completely around the pit and putting the resulting two halves apart', 'Finely dice half an onion and put the pieces into a small bowl of warm water for 5-10 minutes. Drain.']",entree,Avocados From Mexico,,,,,,,
Cream Cheese Guacamole,,"['4 ea. stalks scallion, finely chopped', '4 ea. Avocados From Mexico, halved, pitted, & peeled', '4 ea. plum tomatoes, small dice', '2 t. salt', '4 ea. Italian sub rolls, halved lengthwise & toasted', '2 ea. limes, juiced', 'Pepper to taste', '2 ea. packages of cream cheese, softened']",8,Mexican,avocados,"['Spread cream cheese on each roll half. Then spread guacamole over the cream cheese.', 'Fold in tomatoes and scallions; season with pepper.', 'In a large bowl, mash the avocados with the lime juice and salt to desired consistency.']",entree,Avocados From Mexico,4 g,8 g,870 mg,370 cal,7 g,8 g,34 g
Mixed Greens Salad With Avo Poppyseed Dressing,,"['3 T. Apple cider vinegar', '2 tsp. Honey', '1/2 Avocado From Mexico', '1/2 T. Dry mustard', '3 T. Poppyseeds', '1/2 c. Mandarin orange, segments', 'Avo Poppyseed Dressing', '1/2 c. Strawberries, cut into quarters', '2 T. Orange juice (or use liquid from the can of mandarin oranges)', '2 Avocados From Mexico, diced', '1/2 T. White onion', '1 T. Avocado oil', '2 oz. Reduced fat feta cheese', '2 T. Tap water', '1/2 c. Blueberries', '1/4 c. Pecans, halved', '4 c. Butter cream lettuce (green leaf)', '2 c. Baby spinach']",8,Mexican,avocados,"['Salad instructions: 1. Put the greens in a large bowl and add strawberries, blueberries, avocado, and pecans. 2. Drizzle the salad with Avo Poppyseed Dressing, crumble feta on top and serve.', 'Dressing instructions: Place all salad dressing components into a food processor and process to a smooth consistency. Use the remaining dressing for another use.']",entree,Avocados From Mexico,5g g,7g g,125mg mg,220 cal,,5g g,14g g
Bacon Chipotle Guacamole,,"['2 ea. canned chipotle chiles, finely chopped', '3 T. shallot, minced', '3 ea. Avocados From Mexico, halved, pitted, & peeled', '2 ea. garlic cloves, minced', 'Ground cumin to taste', '1/2 c. cilantro, finely chopped', '1/2 c. tomatoes, small dice', 'Salt to taste', '8 oz. applewood smoked bacon, cooked & crumbled', 'Pepper to taste', '1 ea. lime, juiced']",6,Mexican,avocados,"['In a large bowl, mash the avocados with the shallots, garlic, cilantro, and lime juice to desired consistency.', 'Fold in bacon, tomatoes, and chipotle chiles until well combined. Season with cumin, salt, and pepper.']",entree,Avocados From Mexico,3 g,7 g,290 mg,230 cal,3 g,9 g,13 g
AVO-LICIOUS MANGO SMOOTHIE BOWL,"Avo-licious, this smoothie blended with mango, banana, yogurt and milk is the perfect way to cool off! Topped with dragon fruit, avocado, mango, chia and hemp seeds and drizzled with honey, this bowl looks as good as it tastes!","['1 c. Lactose-free milk, 2%', '4 ea. Banana, frozen', '1/2 c. Mango, diced', '4 c. Mango, chunks, frozen', '2 c. Plain Greek yogurt, 2%', '1/2 t. Chia seeds', '1 t. Honey', 'Topping', '16 ea. Dragon fruit, balls, golfball size', '1/2 t. Hemp seeds', '2 ea. Avocados From Mexico, sliced']",4,Mexican,avocados,"['In a blender, add frozen mango, frozen banana, yogurt and milk. Blend until all ingredients are well combined and creamy to make the smoothie base.', 'In four large bowls, evenly distribute the smoothie and top with dragon fruit, avocado, mango and chia seeds.', 'Drizzle the honey over the avocado and sprinkle with hemp seeds.']",entree,Avocados From Mexico,52 g,14 g,90 mg,540 cal,4.5 g,20 g,80 g
THANKSGIVING GUACAMOLE,"Add avocado to your Thanksgiving celebration with this festive guacamole! Flavored with roasted Brussels sprouts, butternut squash and dried cranberries, this guacamole give you something to be thankful for! Your family and friends are sure to love this appetizer!","['1/4 c. Brussel sprouts, shaved', '1 t. Lemon juice', '2 T. Dried cranberries', '1/2 T. Rosemary, dried', '1 T. Avocado oil', 'Salt, to taste', '1/2 c. Butternut squash, diced', '2 ea. Avocados From Mexico']",4,Mexican,avocados,"['Add butternut squash, Brussels sprouts and cranberries to avocado mixture and salt to taste.', 'After butternut squash has cooked for 25 minutes, take out of oven and add Brussels sprouts. Then cook for the remaining 25 minutes.', 'On a baking sheet, evenly distribute butternut squash, drizzle with half of the avocado oil and sprinkle rosemary on top. Bake for approximately 50 minutes (broken into two 25-minute increments).', 'Preheat oven to 400ºF degrees.', 'While butternut squash starts to cook, in a small bowl, mix Brussels sprouts with remaining avocado oil.', 'In a small bowl, mash avocados and stir in lemon juice.']",entree,Avocados From Mexico,4 g,8 g,10 mg,220 cal,2.5 g,3 g,15 g
Mediterranean Avocado Pasta Salad,,"['1 ea. rotini pasta, cooked (can substitute for penne or farfalle)', '1/2 c. feta cheese, crumbled', '1/2 c. peas', '1/4 c. olive oil', '1 ea. garlic clove, minced', '1/4 c. red onion, thinly sliced', '3 T. apple cider or red wine vinegar', '1 ea. medium Avocado From Mexico, pitted, peeled, & diced', '1 ea. pint cherry tomatoes, halved', '1/4 c. basil, minced', '1/2 t. yellow mustard', 'Salt to taste', '1 ea. large cucumber, diced', '1/4 c. Kalamata olive, pitted & sliced', 'Pepper to taste', '2 T. fresh lime juice']",10,Mexican,avocados,"['In a small bowl, whisk together olive oil, vinegar, lime juice, mustard, garlic, basil, salt, and pepper until well combined.', 'In a large bowl, combine pasta, cucumber, avocados, tomatoes, peas, feta cheese, red onions, and Kalamata olive; toss gently with dressing.']",entree,Avocados From Mexico,3 g,5 g,160 mg,240 cal,2.5 g,8 g,28 g
Tropical Chicken and Avocado Salad,,"['1/2 c. red onion, thinly sliced', '1/3 c. olive oil', '1 ea. Avocado From Mexico, peeled, pitted, & 1/4-inch sliced', '2 T. lime juice', '4 c. mixed salad greens', '4 ea. fresh pineapple, sliced', '1 ea. large tomato, cut into wedges', '8 oz. chicken breast, grilled & sliced', 'Salt to taste', 'Pepper to taste']",4,Mexican,avocados,"['Divide the mixed salad greens among 4individual serving dishes. Top each with pineapples, chicken, avocados, tomatoes, and onions; drizzle with dressing.', 'In a small bowl, whisk olive oil, lime juice, salt, and pepper until well combined.']",entree,Avocados From Mexico,36 g,9 g,160 mg,520 cal,4 g,22 g,54 g
Avocado Tequila Salsa,,"['1 T. tequila', '2 T. cilantro, finely chopped', '1-2 T. lime juice', '1/2 t. salt', '2 ea. Avocados From Mexico, pitted, peeled, & diced', '1 c. tomatoes, diced']",6,Mexican,avocados,"In a medium bowl, gently toss the avocados with the tomatoes, cilantro, lime juice, tequila, and salt until well combined.",entree,Avocados From Mexico,2 g,5 g,250 mg,120 cal,1.5 g,2 g,8 g
Guacamole with Lime and Queso Fresco,,"['1 t. lime zest', '2 ea. Avocado From Mexico, pitted, peeled, & diced', '6 ea. cherry tomatoes, quartered', '1 ea. Fresno chile, sliced', '1 ea. green onion, finely chopped', '1/2 c. queso fresco, crumbled', '1 t. lime juice', '1/2 t. ginger, minced', '1 t. lemon zest', '1 bag Takis® Fuego, Fajita or Nitro rolled tortilla chips', '1 T. olive oil', 'Salt to taste', '1 t. orange zest', 'Pepper to taste', '1 ea. basil leaf, finely chopped']",4,Mexican,avocados,"['Serve with Takis® Rolled Tortilla Chips and enjoy!', 'In a medium bowl, gently toss the avocados with the tomatoes, Fresno chiles, basil, lime juice, lime zest, lemon zest, orange zest, ginger and olive oil until well combined. Season with salt and pepper to taste.', 'Garnish with queso fresco and green onions.']",entree,Avocados From Mexico,3 g,7 g,125 mg,250 cal,4.5 g,5 g,12 g
Spicy Steak n’ Guac Sandwiches on Garlic Texas Toast,,"['2 ea. Avocados From Mexico, halved, pitted, & skin removed', '1 t. kosher salt', '8 ea. slices crusty, rustic bread', '3/4 t. ground pepper', '1/2 t. lime zest', '1/4 c. sour cream', '1/3 c. cilantro, roughly chopped', '2 T. fresh lemon juice', '1-1/2 lb. hanger steak', '1 T. olive oil', '2 ea. cloves garlic, smashed', '2 T. butter', '1 T. TABASCO® Hot Sauce', '2 ea. scallions, sliced']",4,Mexican,avocados,"['Meanwhile, in a small microwave-safe bowl, combine butter and smashed garlic cloves. Microwave in 10-second increments until melted.', 'Slice steak into 1/2”-thick slices.', 'Preheat grill or grill pan to medium-high. Oil the grill racks or pan with olive oil. Season steak all over with salt and pepper. Cook steak, turning several times, until outside is well-charred and interior is medium-rare, about 8 to 10 minutes total. When done, place on cutting board and tent with foil until ready to assemble sandwiches.', 'In a separate bowl, whisk together sour cream, Tabasco, and lime zest.', 'Assemble each sandwich: On one slice of toast, smear avocado mixture, top with a generous pile of sliced steak, a drizzle of spicy crema, and top with another piece of toast. Slice in half and serve.', 'Remove garlic cloves from butter and discard. Using a pastry brush, smear garlicky butter over bread slices. Grill bread slices 2 to 3 minutes per side until a bit charred and toasty. Hold on a cooling rack. (If using a grill pan, wipe out pan from steak oils/juices first).', 'In a bowl, mash avocados with a fork until chunky-smooth. Add lime juice, scallions, and cilantro. Season with salt if desired.']",entree,Avocados From Mexico,4 g,9 g,1060 mg,940 cal,14 g,65 g,68 g
Avocado Citrus Salad with Dijon Avocado Vinaigrette Recipe,,"['2 orange wheels save the fresh juice for your vinaigrette', '2 fresh chives chopped', '1 fresh baby arugula', '1/2 g white balsamic vinegar', '1/3 fresh orange juice', '1 sugar', '1 g extra virgin olive oil', '2 Avocados From Mexico sliced', 'pinch white pepper', '1/2 Avocado From Mexico diced', 'pinch salt', '1 Dijon mustard']",0,Mexican,avocados,"['Then mix in by hand chopped fresh chives.', 'Arrange a bed of arugula on a platter, place avocado and orange slices on top and drizzle with Dijon citrus vinaigrette.', 'Garnish with fresh cilantro.', 'Combine all top seven ingredients, blend and adjust taste.']",entree,Avocados From Mexico,,4 g,90 mg,351 cal,5 g,4 g,17 g
Chocolate Avocado Protein Smoothie,,"['1 T. unsweetened cocoa powder, plus more for garnish', '1/2 ea. Avocado From Mexico, peeled, pitted & diced', '1 ea. 5.3 oz container Chobani® Low-fat Coffee-flavored Greek Yogurt', '1/2 c. ice cubes', '1 c. chocolate almond milk', '1 ea. medium frozen banana, cut into chunks']",2,Mexican,avocados,"['Pour into glasses and garnish with a sprinkle of cocoa powder.', 'In a blender, combine all ingredients and process until smooth. Add more almond milk or water, if desired, to achieve desired thickness.']",entree,Avocados From Mexico,26 g,6 g,95 mg,270 cal,2 g,9 g,39 g
Quinoa Salad with Tomato and Avocados,,"['2 T. pecans, chopped', '1/2 c. red onion, diced', '1/4 c. parsley, chopped', '4 c. baby spinach', '1 c. cherry tomatoes, halved', '1 ea. medium Avocado From Mexico, diced', '2 t. lemon juice', '1 c. quinoa, cooked & cooled', 'Salt to taste', 'Pepper to taste']",4,Mexican,avocados,"In a large bowl, place spinach, quinoa, tomatoes, avocados, onions, and parsley. Drizzle lemon juice and season with salt and pepper as desired. Toss until well combined and garnish with pecans.",entree,Avocados From Mexico,3 g,7 g,55 mg,190 cal,1.5 g,5 g,20 g
Chicken Avocado Pizza,,"['1 ea. Avocado From Mexico, pitted, peeled, & diced', '1 c. black olives, sliced', '1 c. mushrooms, sliced', '1 ea. package of frozen pizza dough', '1 c. feta cheese, crumbled', 'Balsamic vinegar glaze to taste', '1 c. cherry tomatoes, halved', '2 c. roasted chicken, diced', '2 c. mozzarella cheese, shredded', '1 c. white onion, diced', '1 t. oregano, finely chopped']",6,Mexican,avocados,"['Place in oven and back again for 6-7 minutes until dough is fully cooked and cheese is melted.', 'Preheat oven to 450°F.', 'Place pizza dough on a greased baking sheet and bake for 5 minutes.', 'Garnish with oregano and drizzle with balsamic vinegar glaze.', 'To assemble evenly layer mozzarella and feta cheese on the crust. Then top with chicken, avocados, cherry tomatoes, mushrooms, olives, and onions.']",entree,Avocados From Mexico,5 g,5 g,880 mg,560 cal,12 g,34 g,45 g
Avocado Toast with Cheese,Make your avocado toast just a little creamier with the addition of melted cheese! So simple yet so delicious and perfect breakfast or lunch!,"['2 ea. slices of sourdough bread, sandwich size', 'Salt to taste', '1/2 c. Colby Jack cheese, grated', '1 ea. Avocados From Mexico, mashed', 'Pepper to taste']",2,Mexican,avocados,"['Preheat oven to broil.', 'Place both slices of bread on foil-lined baking sheet and broil in oven for 2 minutes or until desired crispiness.', 'Top with shredded cheese and put back in oven and broil for another 30 seconds or until cheese melts. Remove from heat and serve.', 'While bread toasts, mash avocado and season with salt and pepper to taste.']",entree,Avocados From Mexico,2 g,9 g,370 mg,360 cal,8 g,15 g,24 g
HEARTY AND SPICY GUACAMOLE,"Loaded with flavor from sauteed garlic, turmeric, cayenne pepper and pine nuts, every bite of this guacamole tastes delicious. It is just the snack to help you feel your best!","['2 T. Pine nuts', '2 t. Lemon juice', '1 t. Avocado oil', '4 ea. Cloves of garlic, minced', '1/4 t. Cayenne pepper', 'Salt, to taste', '1/4 c. Quinoa, cooked', 'Pepper, to taste', '1/2 t. turmeric', '2 ea. Avocados From Mexico']",4,Mexican,avocados,"['In a small skillet on medium heat, warm avocado oil. Add garlic and cook until golden brown.', 'Add quinoa, garlic, pine nuts, garlic powder, turmeric and cayenne to guacamole mixture and salt and pepper to taste.', 'In a small bowl, mash avocados and stir in lemon juice.']",entree,Avocados From Mexico,1 g,7 g,10 mg,220 cal,2.5 g,3 g,13 g
Superfood Green &#038; Blue Avocado Salad with Avocado Lime Dressing,,"['3 T. lime juice', 'Salad:', '2 T. water', '1 ea. medium Avocado From Mexico, peeled, pitted, & diced', '1 T. honey', '8 c. kale', '1/2 ea. medium Avocado From Mexico, peeled & pitted', 'Dressing:', '1 c. blueberries', '4 T. sliced almonds, toasted', '1/4 c. mint leaves', '4 T. goat cheese, crumbled']",4,Mexican,avocados,"['In a blender, place the halved avocado, mint leaves, lime juice, water, and honey; blend until creamy.', 'Divide the kale among 4 individual serving dishes. Top each with blueberries, avocados, almonds, and goat cheese; drizzle with dressing.']",entree,Avocados From Mexico,12 g,12 g,85 mg,270 cal,3 g,10 g,30 g
Edamame Guacamole,,"['1 c. frozen shelled edamame, thawed', '3 T. fresh lime juice', '1 T. jalapeño pepper, minced', '1 T. water', '2 ea. Avocados From Mexico, ripe, diced', '1 bag Simply TOSTITOS® Organic Blue Corn Tortilla Chips', '2 T. white onion, chopped', '1 clove garlic, minced', '1/4 c. cilantro, chopped']",8,Mexican,avocados,"['Transfer edamame guacamole to a serving bowl or traditional molcajete (the Mexican version of a mortar and pestle). Stir.', 'Put edamame, avocado, cilantro, garlic, onion, and lime juice in a food processor pulse until smooth. Add water to mixture to make a creamier consistency. Pulse until smooth.', 'Serve with Simple Organic Tostitos Blue Corn Tortilla Chips.']",entree,Avocados From Mexico,,,,,,,
Air-Fried Avocado Fries with Chipotle Mayo,,"['2 t. fresh lime juice', '1/2 c. panko bread crumbs', '1/2 t. black pepper', '\\""Fries\\"":', '1/2 c. all-purpose flour', '1 t. chipotle powder', 'Chipotle Mayo:', '2 ea. large eggs', '1/2 t. salt', '1 c. mayonnaise', 'Non-stick cooking spray to taste', '1/2 t. chili powder', '2 ea. Avocados From Mexico, each cut into 8 wedges']",2,Mexican,avocados,"['In a shallow bowl, place the all-purpose flour.', 'Once avocado “fries” are done, serve with chipotle mayo.', 'Spray the Air Fryer basket with cooking spray.', 'While the avocados are frying, in a medium bowl, combine all of the chipotle mayo ingredients and whisk until smooth.', 'In another shallow bowl, place the panko bread crumbs.', 'In a medium bowl, whisk together the eggs with salt and black pepper.', 'Dip into egg mixture and then dredge in the panko breadcrumbs, pressing lightly to adhere.', 'Place the avocado wedges into the Air Fryer basket and cook at 400ºF for 9-11 minutes. Turn them over halfway through cooking.', 'Dredge each avocado slice in flour, shaking off the excess.']",entree,Avocados From Mexico,3 g,16 g,2080 mg,1290 cal,18 g,16 g,55 g
AVOCADO MINT CHOCOLATE SMOOTHIE BOWL,"Looking to cool off with a creamy smoothie bowl? This avocado mint chocolate bowl is just what you need! It's \""mint to be\"" with dark chocolate, almonds, banana, yogurt milk and more!","['1 c. Lactose-free milk, 2%', '4 ea. Avocados From Mexico', '4 ea. Banana, frozen', '16 ea. Mint leaves', '2 c. Plain Greek yogurt, 2%', '1/4 t. Blue spirulina', '2 ea. Square of dark chocolate, 1-inch by 1 inch', '1/4 c. Honey', 'Mint leaf, to garnish', '1/4 t. Green spirulina', '1-1/2 T. Lime juice', 'Topping', '1 ea. Avocados From Mexico, sliced', '4 ea. Square of dark chocolate, 1-inch by 1-inch', '1/4 c. Shaved almonds']",4,Mexican,avocados,"['In four large bowls, evenly distribute the smoothie and then top with avocado, chocolate, almonds and garnish with mint.', 'In a blender, add avocado, banana, yogurt, dark chocolate, honey, mint leaves, lime juice, blue spirulina and green spirulina. Blend until all ingredients are well combined and creamy to make the smoothie base.']",entree,Avocados From Mexico,41 g,22 g,100 mg,810 cal,12 g,24 g,81 g
Sriracha Avocado Spread,,"['1 t. rice wine vinegar', '1 ea. Avocado From Mexico, halved, pitted, & peeled', '1/2 t. lime juice', '1 T. TABASCO® Sriracha Sauce']",2,Mexican,avocados,"['In a small bowl, mash the avocado until smooth.', 'Fold in TABASCO® Sriracha Sauce, rice wine vinegar, and lime juice until well combined.']",entree,Avocados From Mexico,1 g,7 g,125 mg,160 cal,2 g,2 g,9 g
Latin Sizzle Guacamole,"Taste a little bit of Havana! Try adding pan-fried plantains, black beans and Latin spices to your next batch of guacamole! This guac will have your tastebuds ready to salsa the night away! Serve with tortilla chips or as a part of fajitas!","['To taste, Salt', '1/2 c. Black beans (canned), drained and rinsed', '1-1/2 t. Cuban seasoning', '1 T. Avocado oil', '1 ea. Plantain, sliced', '1 t. Lemon juice', '2 ea. Avocados From Mexico']",4,Mexican,avocados,"['In a medium skillet on medium heat, warm avocado oil and add plantain slices. Cook until golden, approximately 1-2 minutes on each side.', 'In a small bowl, mash avocados and stir in lemon juice.', 'Add plantain slices, black beans, Cuban seasoning and stir until well combined and salt to taste.']",entree,Avocados From Mexico,7 g,10 g,160 mg,270 cal,2.5 g,5 g,28 g
Guac Tots,,"['1/2 t. kosher salt', '1/2 c. white onion, diced', '1/2 c. masa corn flour', '1/4 c. cornmeal', '1 t. fresh garlic, minced', '3 ea. large Avocados From Mexico', '2 T. Original TABASCO® Hot Sauce', '6 c. peanut oil', '1 ea. small jalapeño pepper, seeded and finely chopped', '1/2 c. sour cream', '3 ea. eggs, beaten', '2 T. fresh cilantro, chopped', '1-1/2 c. panko bread crumbs', '3 T. lime juice, divided']",6,Mexican,avocados,"['Serve hot tots with spicy sour cream dipping sauce.', 'In a medium bowl, whisk together sour cream, remaining 2 tablespoons lime juice and tabasco hot sauce until well combined.', 'Remove guacamole tots from freezer. Roll each tot in masa corn flour and shake off excess, then dip into egg mixture, then roll thoroughly in panko bread crumbs until well-coated. Return coated tots to baking sheet. When all tots are coated, return to freezer to solidify and set coating.', 'Scoop a tablespoon of guacamole into your hands and gently roll into a “tot” shape and place onto a parchment-lined baking sheet. Repeat until all guacamole is shaped. Cover baking sheet with plastic wrap and freeze tots until solid.', 'In a large bowl, mash avocados with a fork until chunky-smooth. Fold in onion, jalapeño, 1 tablespoon lime juice, cilantro, garlic and salt until combined. Gently fold in cornmeal and mix to combine.', 'When oil comes to temperature, drop frozen tots into oil and cook approximately 4 minutes or until golden brown, working in batches so as not to overcrowd pot. Place cooked tots onto a paper-towel lined baking sheet. Let oil come back to temperature between batches.', 'Place masa corn flour in a medium bowl. In a separate bowl, place beaten eggs. In a shallow baking dish, place panko.', 'When fully frozen, heat oil in a large stockpot or Dutch Oven until an oil thermometer reads 350°F.']",entree,Avocados From Mexico,3 g,8 g,300 mg,440 cal,7 g,9 g,36 g
AVOCADO CHOCOLATE GOODNESS SMOOTHIE,"Smooth and creamy, this smoothie made with avocado, chocolate milk, banana, peanut butter and yogurt is sure to cool you off! Great to refuel post-workout or drink for breakfast or lunch!","['1/4 c. Peanut butter', '6 ea. Bananas, frozen', '2 c. Lactose-free chocolate milk, 2%', '4 ea. Banana slices', 'Topping', '1 c. Plain Greek yogurt, 2%', '2 ea. Avocados From Mexico']",4,Mexican,avocados,"['In a blender, add banana, avocado, chocolate milk, Greek yogurt and peanut butter. Blend until all ingredients are well combined and creamy to make the smoothie.', 'In four large glasses, evenly distribute the smoothie mixture and top with banana slices.']",entree,Avocados From Mexico,32 g,13 g,250 mg,530 cal,6 g,20 g,63 g
Tequila Guacamole,"Want a margarita and spoon of guac in one? Tequila guacamole can help satisfy your taste buds. Made with a hint of salt and a few pickled veggies, this guac will set a part you and other party throwers. A surprising twist to a classic dish and one you will want to try again and again! Incorporating fresh Hass avocados in your family's everyday recipes helps to increase your fruit and vegetable intake. They're delicious, heart-healthy, and a source of naturally good fats.","['1 ea. roma tomato, diced', '1 c. blanco or reposado tequila', '2 ea. Avocados From Mexico, halved, pitted, & peeled', 'Tequila Sauce:', '1 T. cilantro, finely chopped', '1/4 c. red onion, diced', '1 ea. Serrano chile, seeded & minced', '2 ea. limes, juiced', '1/2 c. cilantro', 'Salt to taste', 'Pepper to taste']",4,Mexican,avocados,"['Tequila Sauce: In a small saucepan, add the tequila and Serrano chiles; cook over low heat until the Serrano chiles are tender. Remove from heat and place in a blender with the cilantro; blend until smooth. Season with salt and pepper.', 'In a medium bowl, mash the avocados until chunky-smooth.', 'Fold in tomatoes, onions, cilantro, lime juice, and tequila sauce until well combined. Season with salt and pepper.']",entree,Avocados From Mexico,2 g,7 g,10 mg,310 cal,2 g,2 g,13 g
"Avocado, Tomato, and Goat Cheese Toasts",,"['1 ea. large tomato, chopped', '3 oz. prepared citrus dressing or vinaigrette dressing from bottle', '16 ea. slices French Italian bread, cut 1/2\\"" thick and toasted', '1 ea. Avocado From Mexico, halved, pitted, peeled, and thinly sliced', '4 oz. goat cheese (can substitute cream cheese)']",16,Mexican,avocados,"['In a pie plate or shallow bowl, gently toss avocado and tomato with dressing (avocado and tomato can be prepared up to six hours before serving).', 'On each toast, place an avocado slice on one side and diced tomato on the other.', 'At serving time, spread about 2 teaspoons cheese on each toast slice.', 'Repeat with remaining toast, avocado, and tomato.', 'Sprinkle with chopped cilantro, chives, green onion, and ground pepper, if desired.']",entree,Avocados From Mexico,4 g,2 g,370 mg,170 cal,1.5 g,7 g,26 g
Avocado Toast,"This Avocado Toast recipe is simple and delicious! The avocado contributes to nearly 20 vitamins, minerals, and phytonutrients, making it a great snack any time of day! WHAT IS AVOCADO TOAST? Avocado toast is a type of toast that is topped with fresh avocados. The avocado topping is typically mashed, and seasoned with salt, pepper, and lime juice.","['1 slice of whole wheat bread', 'Fresh lime juice to taste', '1 medium sized Avocado From Mexico', 'Salt to taste', 'Pepper to taste']",0,Mexican,avocados,,entree,Avocados From Mexico,,,,,,,
Avocado Pineapple Salad,,"['1/3 cup olive oil', '1/3 cup fresh orange juice', 'Salt and pepper to taste', '1 romaine lettuce into slices', '1/3 cup white wine vinegar', '1/3 cup sugar', '2 avocados hass skinless and seedless cubed', '3 cups of pineapple chunks', '1 medium red onion cut into small slices']",6-8,Mexican,avocados,"['In a large bowl mix lettuce, pineapple, onion and avocado and slowly pour the dressing to your liking.', 'In a blender mix oil of olive, the vinegar, sugar and orange juice. Salt and pepper to taste.']",entree,Avocados From Mexico,21 g,7 g,15 mg,320 cal,3 g,3 g,33 g
Greek Goddess Salad On A Stick With Avo Mediterranean Greek Dressing,,"['16 Cherry (or grape) tomatoes, 2 tomatoes per skewer', '1 tsp. Avocado oil', '1 1/2 T. Red wine vinegar', '1 tsp. Dijon mustard', '1 ea. Avocado From Mexico, cubed', '8 Romaine lettuce leaves, stacked, one leaf per skewer', '1 T. Garlic, minced', '1 tsp. Dried oregano', '16 slices English cucumber, 1/4 inch thick round slices (two per skewer)', 'Avocado Mediterranean Greek Dressing', '2 oz. Reduced fat feta cheese packed in brine, crumbled', '1/4 c. Water', '8 Kalamata olives, 1 olive per skewer', '1/2 Avocado From Mexico, peeled and pitted', '1 T. Lemon juice, squeezed', '8 Mini skewer sticks']",8,Mexican,avocados,"['Dressing instructions: Prepare salad dressing by combining all ingredients in a food processor and process until smooth. Refrigerate any remaining dressing for next use.', 'Salad instructions: 1. Assemble each skewer (order optional): tomato, cucumber slices, romaine lettuce, olives, and avocados. Repeat for each skewer. 2. Drizzle with dressing and sprinkle with feta cheese on top before serving.']",entree,Avocados From Mexico,2g g,4g g,150mg mg,110 cal,,3g g,7g g
COBB SALAD GUACAMOLE,"Let this guacamole take your salad up a notch! Layered with tomato, bacon, egg and blue cheese and served in a lettuce bowl, this guac provides fresh and satisfying flavor. Serve with lettuce cups or crunchy tortilla chips!","['1 t. Lemon juice', '1/2 c. Tomato, diced', '1/2 c. Bacon, cooked and crumbled', '1 ea. Large hard boiled egg, chopped', 'Salt, to taste', '2 T. Blue cheese, crumbled', '5 ea. Iceberg lettuce leaves', '2 ea. Avocados From Mexico']",4,Mexican,avocados,"['Place lettuce leaves to form a “boat”, and fill with guacamole mixture.', 'In a small bowl, mash avocados and stir in lemon juice.', 'Add tomato, bacon, egg and blue cheese to guacamole mixture and salt to taste.']",entree,Avocados From Mexico,2 g,7 g,500 mg,250 cal,5 g,11 g,10 g
Mama Mia Guacamole,"Mama mia this is guac is so good! Full of tomatoes, Parmesan cheese, oregano and thyme, this guac will remind you of your Grandma's Italian cooking! Serve up on toasted crostinis or warm French bread for a true Italian experience!","['1/4 t. Thyme, dried', '1/4 c. Parmesan cheese, shaved', '1/2 c. Cherry tomatoes, halved', '1 t. Parsley, dried', 'Salt, to taste', '1 t. Lemon juice', '1/2 t. Oregano, dried', '2 ea. Avocados From Mexico']",4,Mexican,avocados,"['Add tomatoes, parmesan cheese, parsley, oregano and thyme to avocado mixture and salt to taste.', 'In a small bowl, mash avocados and stir in lemon juice']",entree,Avocados From Mexico,1 g,7 g,105 mg,190 cal,3 g,4 g,10 g
20 Minute Easy Chicken Tacos,,"['8 small Mission Yellow Corn Tortillas', '1 T. lime juice (optional)', 'tomato, finely chopped', 'seeded jalapeño, finely chopped', '8 small corn tortillas', 'Pico de Gallo:', 'onion, finely chopped', '1/2 tsp. paprika (optional)', '1/2 tsp. garlic powder or onion powder', '1/2 tsp. salt, to taste', 'pinch salt and pepper, to taste', '1 tsp. lime juice', 'cilantro, finely chopped', '2 c. Guacamole made with Avocados From Mexico', '1 T. chili powder', '1 lb. chicken thighs, boneless skinless or chicken breasts', '1/4 tsp. black pepper', '2 cloves garlic, minced']",8,Mexican,avocados,"['Assemble tacos by placing about 1/4 cup of chicken into each tortilla. Top with a few tablespoons of the onion-tomato mixture and a drizzle of cilantro sauce (*optional)', 'Heat a large pan to medium-high heat. Cook chicken 6-7 minutes per side or until it is no longer pink and the internal temperature of 165 degrees F. Remove from heat and cool for at least 5 minutes. Slice or chop into small cubes.', 'While the chicken is cooking, combine the chopped tomato, jalapeno, onion, cilantro, and lime juice in a small bowl. Char tortillas on the stovetop over the flame until lightly charred (this step is optional).', 'Add the chicken, garlic, olive oil, lime, and spices, to a large bowl or zip-seal bag and stir or shake to combine.']",entree,Avocados From Mexico,,,,,,,
Mexican Omelet with Tomato and Avocado Salsa,"Fill your next omelet with an avocado, tomato, cilantro mixture and cheese to create a breakfast you will want to wake up to! Or you can even pair it with a fresh green salad and call it dinner! Incorporating fresh Hass avocados in your family's everyday recipes helps to increase your fruit and vegetable intake. They're delicious, heart-healthy, and a source of naturally good fats.","['1 ea. Avocado From Mexico, pitted, peeled & diced', '1 ea. large tomato, seeded & diced', '2 T. lime juice', '8 ea. large eggs, beaten', '2 T. cilantro, minced', '1/2 t. salt', '4 t. vegetable oil', '1 c. Monterey jack cheese, shredded']",4,Mexican,avocados,"['Heat 2 teaspoons of oil in a medium skillet. Pour in half the beaten eggs. Using a non-stick spatula, gently push cooked portions of egg from the edges to the center while tilting the skillet so the uncooked eggs can reach the hot surface. Continue cooking, tilting pan, and gently moving cooked portions as needed.', 'Sprinkle 1/2 cup of cheese on the omelet. Add half the avocado salsa to one half of the omelet; fold the other half over the filling.', 'In a medium bowl, gently mix together avocado, tomatoes, lime juice, cilantro, and salt until well combined. Set aside.', 'Repeat for the second omelet.']",entree,Avocados From Mexico,1 g,4 g,670 mg,380 cal,10 g,20 g,9 g
Avocado (Tomato Basil) Pasta Salad with Pesto Avocado Dressing,,"['1/2 Fresh basil, chopped', '1/2 TB Red pepper flakes', '1/2 Red onion, diced', '1 TB Red wine vinegar', '2 cups Cherry tomatoes (tricolored), halved', '1 Avocado From Mexico, cubed', '2 TB Lemon Juice', '1/2 cup Fresh basil, chopped', '1 TB Avocado oil', '1 tsp Dried oregano', '2 oz Reduced fat feta cheese, crumbled', '1 Avocado From Mexico, peeled, pitted, and sliced', '2 cups Spinach, chopped', '2 TB Reduced fat parmesan cheese', 'Pesto Avocado Dressing', '3 cups Enriched whole wheat rotini pasta, cooked', '2 Garlic cloves, mashed', '1/2 cups Low-sodium canned garbanzo beans (chickpeas), drained and rinsed', '10 Kalamata olives, drained, chopped']",8,Mexican,avocados,"['Dressing instructions: In a large bowl combine all dressing ingredients in a food processor and process until smooth. Stare in the refrigerator until ready to prepare pasta salad. Refrigerate any remaining dressing for future use.', 'Salad instructions: 1. Prepare pasta according to package directions. Do not overcook - it is better to have firm pasta or slightly undercooked (al dente). 2. In a separate bowl, combine pasta, vegetables, cheese, olives, chickpeas, and herbs and combine with Pesto Avocado Dressing. Squeeze lemon juice on salad before serving.']",entree,Avocados From Mexico,,,,,,,
Elotes Guacamole,,"['3 ea. Avocados From Mexico, halved, pitted, & peeled', '1 T. smoked paprika', '2 ea. ears of corn, grilled & kernel removed', '1/4 c. Mexican crema', '1/2 c. cottage cheese, crumbled', '1 t. ground chipotle chile', '1/4 c. cilantro, finely chopped', 'Salt to taste', 'Pepper to taste', '1 ea. lime, juiced']",6,Mexican,avocados,"['Fold in corn, cottage cheese, cilantro, crema, lime juice, smoked paprika, and ground chipotle. Season with salt and pepper.', 'In a large bowl, mash the avocados until smooth.']",entree,Avocados From Mexico,3 g,8 g,140 mg,260 cal,4.5 g,6 g,20 g
Spicy Pasta Salad,,"['2 ea. Avocados From Mexico, pitted, peeled, & diced', '1/3 c. olive oil', '3 ea. green onions, minced', '1 T. lemon juice', '1 ea. pint of cherry tomatoes, halved or quartered', '1/4 c. parsley, chopped', '2 T. white wine vinegar', '1-1/2 T. dijon mustard', '3/4 c. feta cheese, crumbled', '1/2 lb. orzo pasta, cooked & cooled', '2 c. roasted chicken, diced', '1/2 c. black olives, sliced', 'Salt to taste', '1 ea. large cucumber, peeled & diced', 'Pepper to taste']",6,Mexican,avocados,"['Garnish with parsley.', 'In a small bowl, whisk together olive oil, vinegar, mustard, lemon juice, jalapeño powder, salt, and pepper until well combined.', 'In a large bowl, combine pasta, chicken, avocados, cucumbers, tomatoes, green onions, feta cheese, and olives; toss gently with dressing.']",entree,Avocados From Mexico,5 g,7 g,450 mg,520 cal,6 g,24 g,39 g
Superfood Green &#038; Blue Avocado Salad,,"['3 tb lime juice', '1 1/2 medium Avocados From Mexico medium Avocados From Mexico (1 for salad ½ for dressing)', '1 cup blueberries', '1/4 cup fresh mint leaves', '8 cups Baby spinach, kale or mixed greens (herb salad)', '2 tb water', 'Avocado Lime Dressing:', '1/2 medium Avocados From Mexico', '4 tablespoons sliced almonds, toasted', '1 tb honey', '4 tablespoons crumbled goat cheese']",4,Mexican,avocados,"['To prepare the dressing: Combine all the dressing ingredients in the blender. Blend until smooth and creamy.', 'Top each bowl with slices of 1 avocado, blueberries, almonds and goat cheese.', 'Divide the baby spinach and kale salad blend between two large bowls.']",entree,Avocados From Mexico,4 g,6 g,120 mg,210 cal,2 g,7 g,22 g
Corn and Shrimp Soup,,"['1/2 lb. raw shrimp, shells reserved for broth', '3 c. chicken broth', 'Salt and pepper to taste', '1 t. paprika', '1/2 ea. cooked potato, diced', '3 ea. corn on the cob, whole, raw', '1 ea. jalapeño, seeded and finely chopped', '1/2 ea. onion, finely chopped', '2 ea. garlic cloves', '1 T. olive oil', '1 ea. Avocados From Mexico, diced', '1 T. unsalted butter']",4,Mexican,avocados,"['Once cooked. Remove from heat and stir in diced avocado. Evenly distribute into 4 bowls and serve.', 'In a pot at medium to high heat, bring boil the chicken broth, 3 corn cobs and the shrimp shells for 10 minutes to make a flavorful broth.', 'In a different large pot, warm the butter and olive oil over medium heat. Cook the jalapeño and onion until the onion is translucent, approximately 5-7 minutes. Add the garlic, potatoes and paprika and stir. Add corn kernels and stir for another 4 minutes. Add salt and pepper to taste.', 'First separate corn kernels from the cob and set aside.', 'Strain the broth and add to the mixture of the corn, potatoes, peppers and onions. With a hand mixer, blend the mixture, turn off the heat and add whole raw shrimp so they cook with the heat of the stock, approximately 2 minutes.']",entree,Avocados From Mexico,6 g,7 g,730 mg,310 cal,3.5 g,17 g,32 g
Avocado Caprese Salad,,"['2 T. extra virgin olive oil', '1 ea. bunch of basil, leaves separated', '1/8 t. salt', '1/8 t. pepper', '8 oz. fresh mozzarella, cut into 8 slices', '1 ea. Avocado From Mexico, pitted, peeled, & sliced', '2 ea. medium tomatoes, cut into 8 slices']",4,Mexican,avocados,"['Drizzle with olive oil and season with salt and pepper.', 'On a large serving platter, layer the slices of tomato, avocado, mozzarella, and basil leaves, fanning them out slightly.']",entree,Avocados From Mexico,3 g,4 g,260 mg,300 cal,8 g,12 g,9 g
Avocado and Citrus Salad with Dijon Avocado Vinaigrette,"Take you arugula, avocado and orange salad to another level with Dijon avocado vinaigrette! Made with olive oil, vinegar, orange juice, mustard, sugar, chives and avocado, this vinaigrette is a delicious flare to your salad! You will be wanting salad for days! Beyond being delicious, the healthy avocado featured in this recipe is sodium and cholesterol free, and contributes nearly 20 nutrients, including vitamins, minerals, dietary fiber and phytonutrients.","['1/2 c. extra virgin olive oil', '1/8 t. sugar', '2 T. cilantro, chopped (optional)', '1-1/2 t. dijon mustard', '2 T. orange juice', 'Salt to taste', '3 c. baby arugula', '2 ea. Avocados From Mexico, pitted, peeled, & sliced', '1 ea. large naval orange', '1 T. chives, chopped', '1/4 c. white balsamic vinegar', '1/4 ea. Avocado From Mexico, pitted, peeled, & 1/2\\""-diced', 'Pepper to taste']",4,Mexican,avocados,"['In a small bowl, whisk together olive oil, vinegar, orange juice, mustard, and sugar until well combined. Mix in avocados and chives. Season with salt and pepper as desired.', 'Peel and remove pith from orange. Cut orange crosswise into 12 thin slices.', 'Arrange a bed of arugula on a serving dish. Place avocado and orange slices on top of arugula. Drizzle with vinaigrette and garnish with cilantro if desired.']",entree,Avocados From Mexico,10 g,9 g,130 mg,470 cal,6 g,3 g,21 g
Figtastic Guacamole,"Mixed with sun-dried figs, ricotta cheese and pecans, this guacamole is a game changer! Sweet, creamy and crunchy, it is the perfect topping for crusty bread or as a twist on avocado toast! No matter how you eat it, you won't be able to stop!","['To taste, Salt', '1 T. Lemon juice', '1/2 c. Sun dried figs, diced', '1/4 c. Pecans, crumbled', '1/3 c. Ricotta cheese', '2 ea. Avocados From Mexico']",4,Mexican,avocados,"['Add figs, ricotta cheese and pecans to guacamole mixture and salt to taste.', 'In a small bowl, mash avocados and stir in lemon juice.']",entree,Avocados From Mexico,9 g,9 g,25 mg,290 cal,4 g,5 g,20 g
"Avocado, Artichoke Hearts and Mushroom Salad with Parmesan Vinaigrette",Recipe by Pati Jinich,"['6 T. freshly squeezed lime juice', '1 ea. 14-oz. can artichoke hearts, drained, rinsed and thinly sliced', '1 ea. clove garlic, minced', '2 ea. chiles de árbol, or 1/2 t. red pepper flakes', '8 oz. white button mushrooms, thinly sliced', '1 t. kosher salt', '5 T. extra virgin olive oil', '2 t. finely chopped capers', '2 ea. Avocados From Mexico, halved, pitted, peeled and cut into chunks', '1 T. chopped fresh chives or Italian parsley, for garnish', '1/4 t. freshly ground black pepper', '2/3 c. finely grated parmesan cheese, or queso anejo']",4 to 6,Mexican,avocados,"['Heat a small skillet over medium heat for a few minutes. Once hot, toast the chiles de árbol, for just a minute or so per side, without letting them burn. Remove from heat and finely chop.', 'In a serving bowl, add the thinly sliced mushrooms and artichoke hearts. Pour in half the vinaigrette and toss well.Incorporate the avocado chunks, add the rest of the vinaigrette, and gently toss until completely covered. Sprinkle with the chives and serve garnished with chives or parsley.', 'In a small bowl, combine the grated cheese, olive oil, garlic, mustard, lime juice, capers, chiles de árbol or red pepper flakes, salt and pepper. Mix well with a fork or whisk, until fully combined.']",entree,Avocados From Mexico,2 g,17 g,1120 mg,460 cal,8 g,14 g,26 g
Chicago Style Avocado Chicken Pizza,,"['4 ea. pre-baked pizza crust, 7\\"" (or make your own, recipe below)', '1/2 c. yellow cornmeal', '1 c. chicken breast meat, cooked, chopped', '1 t. salt', '1 T. olive oil', 'Salt to taste', '1 fresh cilantro, chopped', '3 T. olive oil', '2 t. sugar', '2-3/4 c. all-purpose flour', '1 ea. lime, juiced', '1 ea. 12\\"" deep dish pizza pan; if 14\\"", you can also use a heavy-duty cake pan', '1-1/4 c. warm water', '1 c. cherry tomatoes, quartered', '2 ea. Avocados From Mexico, halved, peeled, pitted, and diced', '1 ea. garlic clove, peeled', '1/8 t. cayenne pepper (or to taste)', '1 ea. package active dry yeast', '1 c. shredded Monterey Jack cheese', 'To Make Your Own Crust:']",2,Mexican,avocados,"['Stir to form a soft dough, adding more flour, if necessary. Turn onto a floured board and knead until dough is supple and elastic, 7 to 10 minutes.', 'In a food processor, combine the avocados and cilantro. Puree while adding lime juice and salt to taste. Cover, and set aside.Slice the garlic clove in half and rub the cut side onto the tops of the pizza crust for flavor.', 'For Making Your Own Dough: Sprinkle yeast and sugar into warm water in small bowl; allow stand until foamy, about 5 minutes. Mix flour, cornmeal, oil and salt in a large bowl; make a well in the center and add yeast mixture.', 'Preheat your oven’s broiler. If you have a pizza stone, place it in the oven while it preheats.', 'Transfer to a large bowl, cover and let rise in a warm spot until dough has doubled, about 1 hour. Punch down dough. On a lightly floured surface, roll dough to a 13-inch circle. Transfer to an oiled 12-inch pizza pan, folding the excess over to make a small rim.', 'Brush both sides of the crusts with olive oil. Spread the avocado mixture thickly over the top of each crust, and then arrange chicken and tomatoes on top. Sprinkle with cheese, and season lightly with cayenne pepper.', 'Place pizza on a baking sheet if you do not have a pizza stone. Broil for about 5 minutes in the preheated oven, or until the cheese has just melted and the crust is lightly toasted.']",entree,Avocados From Mexico,,,,,,,
5-Minute Avocado Horchata,,"['2 t. ground cinnamon, plus more for garnish', '3 ea. cinnamon sticks, for garnish', '2 ea. Avocados From Mexico, peeled, pitted & diced', '1 T. honey', '2 t. lemon juice', '4 T. salted caramel coffee creamer', '3 c. enriched vanilla rice milk', '1/2 t. almond extract']",3,Mexican,avocados,"['Serve horchata in a tall glass poured over ice, and place a cinnamon stick in glass for garnish. Add a pinch of ground cinnamon for garnish if desired.', 'In a blender, all ingredients except for cinnamon sticks until smooth. Adjust taste by adding more honey and cinnamon as desired.']",entree,Avocados From Mexico,26 g,10 g,210 mg,400 cal,4 g,4 g,48 g
Breakfast Guacamole,"Breakfast is a good idea any time of day, so try it in guacamole! Loaded with shredded potatoes, Canadian bacon, cheese, cilantro and topped with an egg, this guacamole can be served with whole grain toast, chips or sweet potato wedges! This guac is sure to satisfy your taste buds every meal of the day!","['1/4 c. Cheddar cheese, shredded', '1-1/2 t. Avocado oil', 'To taste, Salt', '1/4 c. Tomato, diced', '1/2 c. Potatoes, shredded', '2 T. Cilantro, chopped', '1 ea. Large egg', '6 ea. Slices of Canadian bacon, diced', '1 t. Lemon juice', '3 c. Water', '2 ea. Avocados From Mexico']",4,Mexican,avocados,"['In the skillet, warm the Canadian bacon in remaining avocado oil.', 'Finally, top guacamole with the poached egg. Slice the egg down the middle to show the gooey yolk.', 'Let simmer for approximately 3-5 minutes, then carefully remove the egg with a slotted spoon, and set aside.', 'In a small pot, bring water to a boil.', 'Once the water is boiling, reduce to a simmer, swirl around the water and carefully crack the egg into the pot.', 'Add Canadian bacon, potatoes, tomatoes, cheddar cheese and cilantro to avocado mixture and salt to taste.', 'In a medium skillet on medium heat, cook potatoes in one teaspoon of avocado oil until golden brown. Remove from skillet and let cool.', 'In a small bowl, mash avocados and stir in lemon juice.']",entree,Avocados From Mexico,2 g,7 g,280 mg,270 cal,4.5 g,12 g,13 g
Spicy Three Pepper &#038; Cayenne Guacamole,,"['1 t. garlic, minced', '3 ea. Avocados From Mexico, halved, pitted, & peeled', '1 t. cayenne pepper', '1 ea. Serrano chile, seeded & finely chopped', '1/4 c. cilantro, finely chopped', '1/2 t. salt', '1 ea. Fresno chile, seeded & finely chopped', '1 ea. jalapeño, seeded & finely chopped', '1/4 c. white onion, finely diced', '2 T. fresh lime juice']",6,Mexican,avocados,"['In a large bowl, mash the avocados with lime juice until chunky-smooth.', 'Fold in onions, cilantro, garlic, salt, jalapeños, Serrano chiles, and Fresno chiles until well combined. Sprinkle cayenne pepper to garnish.']",entree,Avocados From Mexico,2 g,7 g,220 mg,170 cal,2 g,2 g,11 g
Avocado Codfish Salad,,"['2 T. olive oil', '1 ea. tomato, diced', '1/2 t. adobo', '1/4 c. cilantro, finely chopped', '1 ea. red onion, diced', 'Salt to taste', '2/3 ea. limes, juiced', '1 ea. Avocados From Mexico, diced', 'Pepper to taste', '1 lb. salted codfish, boneless', '1 ea. jalapeño']",4,Mexican,avocados,"['In a pot, bring water to a boil and boil codfish for 30 minutes. Remove the water and fill pot with fresh water and and boil again for another 30 minutes. Drain water and let the codfish cool.', 'Add the tomatoes, onions, avocados, jalapeños, cilantro, olive oil, lime juice, adobo, salt and pepper to taste and toss together until well combined. Evenly distribute between 4 plates and serve.', 'Roughly chop the codfish and place in a medium bowl.']",entree,Avocados From Mexico,3 g,4 g,7710 mg,280 cal,2 g,28 g,9 g
Shrimp and Scallop Ceviche with Avocado,,"['1/2 lb. scallops, quartered', '2 T. extra virgin olive oil', '1 ea. Avocado From Mexico, pitted, peeled & diced', '1 t. salt', '1 ea. jalapeño, seeded & finely diced (optional)', '1-1/2 c. lime juice', '2 T. cilantro leaves, minced', '2 T. orange juice', '1/2 lb. large shrimp, peeled, deveined, & halved', '1/2 c. red onion, small dice', '1 ea. medium tomato, small dice']",4,Mexican,avocados,"['In a small bowl, whisk together olive oil, orange juice, and salt.', 'Drain the liquid from the shrimp and scallops.', 'In a large bowl, combine avocados, tomatoes, onions, jalapeños, cilantro, and marinated seafood; toss gently with dressing.', 'In a medium bowl, combine shrimp, scallops, and lime juice; toss to combine, Cover and place in refrigerator to marinate for 3 hours or until shrimp and scallops are white in color.']",entree,Avocados From Mexico,5 g,4 g,920 mg,270 cal,2 g,20 g,18 g
Roast Beef &#038; Caramelized Onion Panini with Avo Horseradish Sauce,,"['8 ea. thick slices Swiss cheese', '2 c. caramelized onions', '4 T. melted butter', '1 lb. thick-sliced roast beef', '8 ea. slices rye bread', '1 ea. Avocados From Mexico, halved', '1/8 t. kosher salt', '2/3 c. prepared horseradish', '1 t. white wine vinegar']",4,Mexican,avocados,"['Slice sandwiches in half and serve with any remaining avocado horseradish sauce for dipping.', 'As griddle heats, assemble the sandwiches. Evenly distribute the avocado horseradish on each slice of bread. On 4 of the slices of bread, add 1/4 of the roast beef, 1/2 cup caramelized onions and 2 slices Swiss cheese. Top with another piece of rye.', 'In a bowl, heat butter in microwave until melted, approximately 20-30 seconds. Brush outsides of each sandwich with melted butter and place on hot griddle. Grill and press down for 3 to 4 minutes until golden brown, then flip and repeat until both sides are well toasted and cheese is melted. Cook 2 sandwiches at a time if griddle is large enough, then repeat.', 'Prepare sauce: in a medium bowl, mash the avocado into a chunky paste. Stir in horseradish, white wine vinegar and salt and mix until well combined and smooth.', 'Warm a griddle over medium heat.']",entree,Avocados From Mexico,11 g,12 g,880 mg,960 cal,22 g,56 g,63 g
Dairy-Free Mango Avocado Smoothie,,"['1 c. water', '1 ea. Avocado From Mexico, peeled, pitted & diced', '2 c. frozen mango chunks', '1 c. orange juice']",4,Mexican,avocados,"['Divide among chilled glasses and serve immediately.', 'In a blender, combine all ingredients and process until smooth.']",entree,Avocados From Mexico,17 g,5 g,23 mg,160 cal,1 g,2 g,23 g
"Avocado Toast with Scallion, Sesame, and Chile Garnish","Recipe by Pati Jinich Take your avocado toast up a level by adding a tasty garnish made with scallions, jalapeño and toasted sesame seeds. Cooked together, this topping will elevate your avocado toast game! Beyond adding delicious flavor, the avocado featured in this recipe also adds nearly 20 vitamins, minerals and phytonutrients, making it a healthy choice to help meet nutrient needs.","['6 ea. scallions, thinly sliced, white and green parts only', '1 t. sesame seeds', '1 ea. jalapeño, chopped', '1 ea. Avocado From Mexico, halved, pitted, peeled, and sliced', '2 ea. bread slices, toasted (or up to 4 slices)', 'Kosher or sea salt to taste', '1 T. freshly squeezed lime juice', '1 t. vegetable oil']",2,Mexican,avocados,"['Heat the oil in a small skillet over medium heat. Once hot, add the scallions and jalapeño and cook for a couple minutes until completely wilted.', 'Sprinkle the sesame seeds into the skillet and cook for another minute, until lightly toasted. Add the lime juice and season with salt to taste, stir, turn off heat.', 'Add 3 to 4 slices of avocado to each piece of toast and mash gently with a fork. Top with the scallion, sesame and chile garnish.']",entree,Avocados From Mexico,3 g,9 g,210 mg,270 cal,2.5 g,5 g,25 g
The Heat Is On Guacamole,,"['1 t. roasted granulated garlic', '1 T. roasted pistachios, finely chopped', '1 t. salt', '1/2 ea. red onion, finely diced', '1 c. apple cider vinegar', '4-5 ea. Avocados From Mexico, halved, pitted, & peeled', '1 ea. habanero chile, sliced', 'Cilantro, finely chopped', '2 T. sugar', '1 ea. blood orange, segmented', '1/2 ea. lime, juiced', '1 T. extra virgin olive oil', '1 ea. yellow tomato, sliced']",18,Mexican,avocados,"['Fold in red onions, cilantro, lime juice, olive oil, and granulated garlic until well combined. Top with orange segments and marinated habanero chiles and tomatoes.', 'Place habanero chiles and tomatoes into vinegar mixture. Refrigerate for at least 1 hour.', 'Place the orange segments on a baking sheet and lightly char with a blow torch.', 'In a large bowl, mash the avocados until chunky-smooth.', 'In a small bowl, combine the vinegar, sugar, and salt; mix until the sugar and salt are completely dissolved.']",entree,Avocados From Mexico,3 g,3 g,140 mg,100 cal,1 g,1 g,7 g
VEGGIE FRESH AVOCADO BOWL,"The veggie lover will love this bowl! Made with arugula, quinoa, feta, toasted walnuts, tomatoes and avocado, every bite is full of refreshing flavor and texture.","['4 c. Arugula', '1/4 c. Champagne vinegar', '1 t. Dijon mustard', '4 c. Quinoa, cooked', '1 c. Toasted walnuts, chopped', '1 ea. Garlic cloves, minced', '- Sherry Vinaigrette', 'Salt, to taste', '8 c. Mixed greens', '2 c. Tomatoes, diced', '2 T. Avocado oil', 'Pepper, to taste', '1 c. Feta, crumbled', '2 ea. Avocados From Mexico, sliced']",4,Mexican,avocados,"['In a medium bowl, add avocado oil, champagne vinegar, dijon mustard, garlic cloves and salt and pepper. Stir until well combined.', 'In large bowls, evenly distribute the mixed greens, quinoa, arugula, avocado, tomatoes, walnuts, feta and champagne vinaigrette.']",entree,Avocados From Mexico,8 g,17 g,510 mg,780 cal,11 g,g,63 g
"Chipotle Surimi, Jicama and Avocado Salad",Recipe by Pati Jinich,"['1/3 c. mayonnaise', '1 ea. chipotle in adobo, seeded and finely chopped', '1/2 t. kosher salt, divided', '1 T. sesame seeds', '2 ea. Avocados From Mexico, halved, pitted, peeled and diced', '1 T. soy sauce', '1 c. thinly sliced scallions light green and white parts only', '1/3 c. freshly squeezed lime juice', '2 ea. 8-oz packages surimi chunks, shredded', '1 ea. small jicama, peeled and cut into matchsticks', '1/2 c. thinly sliced celery', '1 ea. cucumber, peeled, halved, seeds removed, and thinly sliced', '1 ea. head romaine lettuce, rinsed, dried, and cut horizontally into 1-inch slices', '2 T. vegetable oil', '1/2 t. freshly ground black pepper', '3 T. adobo sauce from canned chipotles in adobo']",6,Mexican,avocados,"['In the same skillet, pour the oil and set over medium heat once more. Once hot, but not smoking, cook the scallions, stirring occasionally, until softened and translucent, about 4 to 5 minutes.', 'Heat a large skillet over medium heat. Add the sesame seeds and toast for a couple minutes, stirring constantly, until lightly toasted. Transfer to a small bowl and set aside.', 'Mix the prepared dressing and pour it onto vegetables already waiting in the salad bowl. Toss well. Scrape the hot surimi mixture on top of the salad, sprinkle with the toasted sesame seeds and serve.', 'In a large salad or serving bowl, combine the lettuce, celery, cucumber, jícama and avocado.', 'To make the dressing: In a small bowl, mix the lime juice, sauce from chipotles in adobo, chopped chipotle chiles, soy sauce, mayonnaise, salt, and pepper.', 'Raise the heat to medium-high and add the shredded surimi. Continue to cook until completely heated through and barely beginning to brown, about 4 minutes more. Turn off the heat.']",entree,Avocados From Mexico,5 g,11 g,530 mg,370 cal,3.5 g,15 g,24 g
Mexican Buddha Bowl,,"['1 c. cooked brown rice or quinoa', '1/2 c. red onion, diced', '1/2 c. cilantro', '8 ea. cherry tomatoes, halved', '1/2 c. reduced-fat cheddar cheese', '1 c. shredded lettuce', '1 c. corn', '1 t. olive oil', '1 c. reduced-sodium black beans, drained and rinsed', '1 ea. Avocados From Mexico, halved, pitted, peeled, and diced', '2 T. Sriracha or hot sauce, as desired', '1 ea. lime, quartered']",2,Mexican,avocados,"['Cook rice or quinoa according to package directions.', 'Serving suggestions: Top with a drizzle of hot sauce; diced green chiles; or season with salt-free taco seasoning, as desired.', 'To serve: Create a section in the bowl for each ingredient. Start with the cooked rice. Then add the seasoned black beans and onions next to rice, followed by tomatoes, avocados, corn, lettuce, and cheese. Top with cilantro and hot sauce, as desired. Serve with fresh lime slices.', 'In a small pot, add oil and diced onions. Cook for 1-2 minutes, until translucent. Add beans and cook for another 3-5 minutes.']",entree,Avocados From Mexico,22 g,17 g,880 mg,600 cal,6 g,21 g,82 g
Fiesta Guacamole,,"['3 tablespoons fresh lime juice', '3 medium avocados, halved and pitted', '1/4 cup chopped fresh cilantro', '1 (2-ounce) bottle TABASCO® brand Green Jalapeño Pepper Sauce (about 1/4 cup)', 'Salt to taste', '3 medium plum tomatoes, diced', '2 tablespoons chopped onion']",4,Mexican,avocados,"Scoop avocado pulp from shells into a medium bowl and mash with a fork, leaving some chunks. Gently stir in lime juice, TABASCO® Green Sauce, cilantro, onion, tomatoes, and salt.",entree,Avocados From Mexico,,,,,,,
Elbow Pasta Salad,,"['1/2 c. green olives, sliced', '3 c. elbow macaroni, cooked', '1 c. mozzarella cheese balls', '1 ea. Avocado From Mexico, diced', '2 T. Raspberry Chipotle Tabasco', '1/4 c. orange juice', '1 c. olive oil', '1/2 c. black olives, sliced', '1 t. honey', 'Salt to taste', '1 c. sun-dried tomatoes, hydrated & chopped', '1 T. orange peel, grated', 'Pepper to taste', '1/4 c. white wine vinegar']",4,Mexican,avocados,"['In a large bowl, combine the macaroni, sun-dried tomatoes, mozzarella, avocados, and olives; toss gently with dressing.', 'In a small bowl, whisk together olive oil, vinegar, orange juice, Tabasco, orange peel, honey, salt, and pepper until well combined.']",entree,Avocados From Mexico,16 g,8 g,740 mg,1080 cal,13 g,19 g,83 g
Suvir’s Avocado Peanut Summer Slaw,,"['9 ea. scallions, thinly sliced', '1 c. roasted peanuts, roughly chopped', '1/2 ea. lime, juiced', '1/4 ea. head green cabbage, shredded', '1/4 t. ground cumin', '1 pinch cayenne pepper', '4 ea. medium Avocados From Mexico, diced', '1 c. baby arugula', '1 ea. jalapeño, minced', '2 t. Sriracha hot sauce', '3/4 t. Chaat masala', '1 T. ginger, grated', '1 T. sugar', '1/4 c. cilantro, minced', '1/4 t. pepper', '1 ea. pint cherry tomatoes, halved', '2 t. salt', '1-1/2 t. white wine vinegar', '1 T. mint, minced']",8,Mexican,avocados,"['In a medium bowl, whisk together lime juice, sugar, ginger, sriracha, vinegar, chaat masala, cumin, cayenne pepper, jalapeño, cilantro, mint, salt, and pepper until well combined.', 'In a medium bowl combine cabbage, arugula, scallions, avocados, and cherry tomatoes; gently toss with dressing and top with peanuts.']",entree,Avocados From Mexico,6 g,10 g,720 mg,300 cal,3.5 g,8 g,18 g
Morelia Style Gazpacho Fruit Salad with Avocado,Recipe by Pati Jinich,"['6 T. freshly squeezed lime juice', '2 c. jicama, peeled and diced', '2 c. ripe mango, peeled and diced', '6 T. finely chopped white onion', '2 c. Avocados From Mexico, halved, pitted, peeled and diced', '3 c. freshly squeezed orange juice', 'Kosher salt and ground piquin chile, to taste', '12 T. cotija cheese, queso fresco, or mild feta, finely crumbled', '2 c. pineapple, peeled, cored and diced']",6-8,Mexican,avocados,"['In a bowl, add 1/3 of the mango, pineapple, jícama and avocado. Then add 1/3 of the onion and cheese, followed by 1/3 of the orange juice and lime juice.', 'Season with a pinch of salt and ground chile.', 'Serve in small cups.', 'Repeat with second layer and then the third. Finish with a sprinkle of salt and ground chile.']",entree,Avocados From Mexico,25 g,9 g,220 mg,300 cal,4 g,6 g,40 g
Roasted Green Bean Medley with Avocado Vinaigrette,,"['1/4 c. shallots (about 2 large), sliced', '2-1/4 c. green beans, washed and trimmed', '1 T. lemon juice', '2 T. canola oil', '1 T. white wine vinegar', '1/3 c. reduced-sugar dried cranberries (for garnish)', '2 T. dijon mustard', '2 ea. Avocados From Mexico, pitted, peeled, and halved, divided', '2 T. olive oil', '1/4 t. salt', 'For Dressing:', '2 T. water (if necessary)', '1/4 t. ground black pepper']",12,Mexican,avocados,"['While beans are cooking, cut 3 halves of the avocado into cubes (save remaining avocado half for dressing.) Put into small bowl and toss with lemon juice to keep from browning. Set aside.', 'Drizzle with avocado dressing and sprinkle with dried cranberries.', 'Preheat oven to 425°F.', 'To serve, arrange green beans on a serving plate and toss cubed avocados on top.', 'Coat a roasting pan with cooking spray.', 'Spread green beans on roasting pan and roast for 10-12 minutes, or until green beans start to brown, stirring a few times during cooking process.', 'In a large bowl, toss green beans, shallots, oil, black pepper, and salt.', 'To Make Dressing: Add to blender (or use hand blender) the remaining avocado half, olive oil, mustard, vinegar, salt, and pepper. Process until smooth and thick. Add 1 or 2 tablespoons of water to thin out the dressing to your liking.']",entree,Avocados From Mexico,3 g,4 g,170 mg,120 cal,1 g,1 g,8 g
Everything Avocado Toast with Egg,,"['4 ea. eggs', '2 t. butter', '1/4 c. milk', '1 ea. Avocado From Mexico, pitted, peeled, & sliced', '1 T. Everything Bagel seasoning', '4 ea. slice of bread, toasted', 'Salt to taste', 'Pepper to taste', '1/2 c. cream cheese']",4,Mexican,avocados,"['Heat butter in a large skillet over medium heat. Pour egg mixture into skillet and cook to desired consistency.', 'Spread cream cheese on toast and spoon scrambled eggs. Top with avocado and sprinkle with bagel seasoning.', 'In a medium bowl, beat together eggs, milk, salt, and pepper.']",entree,Avocados From Mexico,3 g,3 g,570 mg,370 cal,10 g,13 g,23 g
AVOCADO STRAWBERRIES &#038; CREAM SMOOTHIE BOWL,"Frozen strawberries, raspberries, yogurt and milk make a perfect strawberries and cream base for this smoothie bowl! Topped with avocado, strawberries, coconut, honey, chia and hemp seeds, this will sweet treat will cool you down and fill you up!","['1 c. Lactose-free milk, 2%', '2 t. Honey', '2 c. Plain Greek yogurt, 2%', '3/4 c. Coconut chips', '2. t. Chia seeds', '2 ea. Avocados From Mexico, sliced', '2 c. Raspberries, frozen', 'Topping', '8 c. Stawberries, frozen', '1/2 t. Hemp seeds', '8 ea. Stawberries, sliced']",4,Mexican,avocados,"['In four large bowls, evenly distribute the smoothie and then top with avocado, fresh strawberries, coconut chips, and chia seeds.', 'In a blender, add frozen strawberries, frozen raspberries, yogurt and milk. Blend until all ingredients are well combined and creamy to make the smoothie base.', 'Drizzle honey over the avocado and sprinkle with hemp seeds.']",entree,Avocados From Mexico,30 g,19 g,110 mg,490 cal,8 g,20 g,56 g
Bacon Gorgonzola Guacamole,,"['1 t. garlic, minced', '2 T. cilantro, finely chopped', '1/2 c. bacon, cooked & roughly chopped', '1/2 t. chipotle powder', '2 T. jalapeño, minced', '1/3 c. gorgonzola cheese, crumbled', '1/4 t. salt', '2 T. dried cranberries', '3 ea. Avocados From Mexico, halved, pitted & peeled', '1/2 c. red onion, small dice', '2 T. fresh lime juice']",6,Mexican,avocados,"['In a large bowl, mash the avocados with lime juice until chunky-smooth.', 'Fold in onions, jalapeños, cilantro, garlic, chipotle powder, salt, bacon, cheese, and cranberries.']",entree,Avocados From Mexico,3 g,7 g,300 mg,230 cal,4 g,6 g,12 g
Calabacitas and Avocado To-Go Tacos,Recipe by Pati Jinich,"['6 ea. corn tortillas', '1 ea. garlic clove, minced or pressed', 'Salsa of your choice (optional) to taste', '1/4 c. sliced scallions, white and light green parts only', '2 T. vegetable oil', '1/4 c. crumbed queso fresco or feta (optional)', '1 ea. Avocados From Mexico, diced', '1 lb. zucchini, ends removed, diced into 1/2 in. pieces', '3/4 t. kosher or coarse sea salt', '1 ea. Serrano chile, minced']",2,Mexican,avocados,"['In a large to medium skillet, heat oil over medium heat. Add the scallions and chile and cook, stirring occasionally until softened and barely beginning to brown, approximately 4 to 5 minutes. Add the garlic and cook for another minute, until fragrant.', 'In a preheated skillet, or griddle, heat the corn tortillas over medium heat until completely heated through and barely beginning to toast, about 1 minute per side. Wrap in a clean kitchen towel to keep warm.', 'Raise the heat to medium-high and add the zucchini. Sprinkle with salt and cook until it is tender but is still lightly light crunchy, approximately 4 minutes. Once cooked, scrape onto a bowl. Mix in the avocado, toss, and taste for salt, adding more if need be.', 'To assemble the tacos, evenly distribute the calabacitas and avocado mix between the tortillas, then garnish with queso fresco. Place 3 tacos on a plate and serve with salsa of choice.']",entree,Avocados From Mexico,8 g,14 g,1060 mg,530 cal,6 g,12 g,50 g
Easy Avocado &#038; Grapefruit Salad,,"['2 ea. pink grapefruit', '1 ea. Avocado From Mexico, pitted, peeled, & sliced', '2 Newman’s Own Italian Salad Dressing']",2,Mexican,avocados,"['Peel and remove pith from grapefruit; slice into segments.', 'In a medium bowl, place the grapefruit segments, avocados, and dressing; toss gently until well combined.']",entree,Avocados From Mexico,,,,,,,
Tuna Salad Guacamole,"This guac is full of all your tuna salad favorites of celery, pickles and onions. But when it’s mixed with creamy and delicious Avocados From Mexico, it takes the classic tuna salad flavor to a whole new level. This is the perfect topping for toasted whole grain bread or crackers. Eat as a snack or enjoy as a meal!","['3 T. Celery diced', '3 T. Pickle, diced', '3 T. Red onions, diced', '3 T. Avocado oil mayonnaise', '3/4 c. Tuna in water', '1 T. Lemon juice', '1 t. Garlic powder', 'To taste, Salt and pepper', '2 ea. Avocados From Mexico']",4,Mexican,avocados,"['Add tuna, red onions, celery, pickle, mayonnaise and garlic powder to guacamole mixture and salt and pepper to taste.', 'In a small bowl, mash avocados and stir in lemon juice.']",entree,Avocados From Mexico,1 g,7 g,220 mg,240 cal,3 g,8 g,11 g
Classic Mexican Guacamole,"Looking for a classic way to fuel Taco Tuesday, Cinco de Mayo or the Super Bowl? Then try this Classic Mexican Guacamole. You will enjoy the good ole flavor of avocado with a little seasoning. Great to set out with veggies, tortilla ships or crostini for your next gathering. Plus, this classic guac can top fajitas, grilled chicken or grilled fish at a meal. Incorporating fresh Hass avocados in your family's everyday recipes helps to increase your fruit and vegetable intake. They're delicious, heart-healthy, and a source of naturally good fats.","['1 T. lime juice', '4 ea. Avocados From Mexico, halved, pitted, & peeled', '1/4 t. salt', '1 T. onion, minced', '1 bag Takis® Fuego rolled tortilla chips', '1 t. jalapeño, minced']",8,Mexican,avocados,"['Serve with Takis® Rolled Tortilla Chips and enjoy!', 'Fold in lime juice, onions, jalapeños, and salt until well combined.', 'In a large bowl, mash the avocados until chunky-smooth.']",entree,Avocados From Mexico,1 g,7 g,80 mg,170 cal,2 g,2 g,10 g
Spicy Mango Lime Avocado Toast,,"['1/2 ea. mango, peeled and thinly sliced', '1/2 ea. lime, juice', '1 ea. lime, zested', '1 t. kosher salt', '1/2 t. chile lime salt', '1 ea. Avocados From Mexico, mashed', '2 ea. slices whole grain bread']",2,Mexican,avocados,"['Mash avocado, mix in kosher salt, then spread on both slices of toast.', 'Toast the bread in a toasted to desired crispiness.', 'Evenly layer the mango slices on top of toast, then top with lime juice and zest. Finish with the chile lime salt and serve.']",entree,Avocados From Mexico,11 g,11 g,1720 mg,280 cal,2 g,6 g,33 g
Avocado Summer Berry Citrus Salad,,"['6 c. baby spinach', '1/2 t. dijon mustard', '1 pt. strawberries, hulled & sliced', '1/4 c. olive oil', '2 T. mandarin orange juice, reserved from can', '2 c. arugula', '1 ea. small red onion, thinly sliced', '1 ea. medium Avocados From Mexico, sliced', '3 T. apple cider vinegar', '8 oz. canned mandarin orange segments, drained (keep juice)', '2 T. honey']",6,Mexican,avocados,"['In a small bowl, whisk together olive oil, vinegar, honey, Mandarin orange juice, and Dijon mustard until well combined.', 'In a large bowl, combine spinach, arugula, strawberries, Mandarin orange segments, red onions and avocados; toss gently with dressing. Plate and serve.']",entree,Avocados From Mexico,15 g,5 g,50 mg,220 cal,2 g,2 g,22 g
Mexican Corn Salad with Avocado,,"['1/4 c. cilantro, roughly chopped', '4 c. fresh corn, cooked & cut off the cob', '1 T. lime juice', '1/4 c. sour cream', '1 ea. Avocado From Mexico, diced', '1/4 c. cottage cheese', '1 t. chili powder']",6,Mexican,avocados,"['In a large bowl, combine corn, sour cream, cilantro, lime juice, and chili powder; mix well.', 'Gently fold in avocado and top with cottage cheese.']",entree,Avocados From Mexico,3 g,4 g,90 mg,170 cal,2.5 g,5 g,23 g
Spiced Turkey Burger Sliders with Avo-Feta Guac,,"['1/2 c. alfalfa sprouts', '1 c. torn romaine lettuce leaves', '2 ea. Avocados From Mexico, halved, pitted, and skin removed', '1 t. kosher salt', '1/2 t. ground pepper', '1 T. freshly squeezed lemon juice', '8 ea. slider buns, toasted', '1 t. ground cumin', '1/2 t. crushed red pepper flakes', '1 lb. ground turkey thighs', '1 T. minced garlic (roughly 3 cloves)', '1/3 c. crumbled feta cheese', '1 c. loosely packed cilantro leaves, roughly chopped', '8 ea. slices roma tomato']",8,Mexican,avocados,"['Assemble the sliders: on the bottom bun, layer lettuce, one patty, one tomato slice, a generous scoop of avocado mash, about 1 T. sprouts, and top with remaining bun half.', 'Form into 8 slider-sized patties, roughly 2 ounces each.', 'In a large mixing bowl, combine ground turkey, cilantro, garlic, cumin, salt, and pepper until thoroughly incorporated.', 'Preheat grill or grill pan to medium-high (making sure to oil the grates if using an indoor grill pan) and cook sliders until underside begins to brown, roughly 4 minutes. Flip and cook an additional 3 to 4 minutes until no longer pink inside. Set aside.', 'In a medium bowl, roughly mash avocados with a fork. Add feta cheese, lemon juice, and crushed red pepper flakes and mix until combined.']",entree,Avocados From Mexico,4 g,4 g,1050 mg,260 cal,3.5 g,15 g,24 g
"Cannellini, Roasted Squash and Avo Salad",Recipe by Pati Jinich,"['1/8 t. freshly ground black pepper', '1/2 t. dijon mustard', '1/2 c. olive oil, divided', '1 t. red pepper flakes', '1 t. dried rosemary, crushed', '1 ea. Avocado From Mexico, halved, pitted, peeled and diced', '1 ea. 15.5-oz. can cannellini beans, drained and rinsed', '1 T. red wine vinegar', '3 c. arugula, drained and sliced', '1 T. freshly squeezed lime juice', '1 lb. butternut squash, peeled and 1/2-inch diced', '1/2 c. shallots, thinly sliced', '1 t. kosher salt, divided', '4 oz. goat cheese, crumbled']",4-6,Mexican,avocados,"['Preheat oven to 400 degrees Fahrenheit.', 'In a small bowl, mix the lime juice, red wine vinegar, remaining 1/4 cup olive oil, mustard, remaining 1/2 teaspoon salt and black pepper. Whisk until combined.', 'Incorporate cannellini beans and arugula. Toss well. Mix in the avocado and butternut squash mix. Scrape into a serving bowl or platter, sprinkle with goat cheese and serve.', 'On a small baking sheet, spread the diced butternut squash and the shallots in a single layer.', 'Drizzle with 1/4 cup of olive oil, all the rosemary and red pepper flakes, and 1/2 teaspoon of salt. Toss well and bake for 25 to 30 minutes, until cooked through and squash is caramelized around edges. Remove from heat.']",entree,Avocados From Mexico,5 g,12 g,690 mg,610 cal,12 g,18 g,38 g
Avocado Deviled Eggs- Red Pepper,,"['1 ea. bunch curly parsley, plucked, stems discarded', 'Parsley Oil:', '2 ea. Avocados From Mexico, halved, pitted, and peeled', 'Avocado Filling:', '1/2 c. extra virgin olive oil', 'Red Pepper Coulis', '1 t. salt', '1 c. extra virgin olive oil', '1/2 t. chipotle powder', '2 T. finely chopped cilantro', '3 T. dijon mustard', '1 T. parsley oil (recipe included)', '1/2 ea. red bell pepper, finely diced', '2 c. prepared roasted red bell peppers', 'Salt to taste', 'Garnishes:', '20 ea. large hardboiled eggs', '1/4 t. ground black pepper']",40,Mexican,avocados,"['For Red Pepper Coulis: Drain roasted peppers and pat dry with paper towel. In blender, puree peppers with oil. Pass through Chinois, adding additional oil as needed to achieve consistency of stirred yogurt.', 'To Serve: Pipe avocado filling into egg white halves. Garnish filled eggs three ways: sprinkled with crumbled oven-crisped prosciutto; with diced red pepper; or with crabmeat lightly chopped and tossed with minced cilantro, olive oil, salt, and pepper. Garnish plate (optional) with drizzles of parsley oil and red pepper coulis.', 'For Parsley Oil: In large pot of salted water, blanch parsley for 10 seconds. Drain parsley in colander. Immediately transfer parsley to bowl of ice water to cool. Drain and pat parsley dry. In blender, whirl parsley with olive oil until smooth. Strain through cheesecloth or Chinois.', 'For Avocado Filling: Peel, halve, and separate yolks from whites of hardboiled eggs. In a food processor, pulse yolks until finely chopped (do not over-process). Add avocados, mustard, salt, chipotle powder, and ground black pepper, pulsing until mixture is smooth. Add 1 tablespoon parsley oil for enhanced green color and flavor, or more as desired. Transfer filling to plastic pastry bag fitted with tip and squeeze out all air. If not using immediately, refrigerate filling for up to 4 hours.']",entree,Avocados From Mexico,,< 1 g,115 mg,60 cal,1 g,3 g,1 g
Farro Salad With Lemon &#038; Fresh Dill Herbed Dressing,,"['2 c. (dry) Farro', '4 c. Arugula', '2 T. Lemon juice', '1 T. White wine vinegar', '2 ea. Avocados From Mexico, diced', '1/3 c. Green onions (scallion), chopped', '1 tsp. Avocado oil', '1/4 c. Walnuts, chopped', '1 tsp. Dijon mustard', '1/4 c. Dried cranberries', '1 tsp. Shallots, chopped', 'Fresh Dill Herbed Dressing', '1/2 Avocado From Mexico, peeled and pitted', '3 T. Fresh Dill, chopped', '3 oz. Reduced fat goat cheese, crumbled', '1/4 c. Non-fat Greek plain yogurt']",8,Mexican,avocados,"['Dressing instructions: Prepare salad dressing by combining ingredients into a food processor and process into a smooth consistency. Refrigerate any remaining dressing for future use.', 'Salad instructions: 1. Prepare farro according to package instructions. 2. In a large bowl, combine cooked farro with arugula, green onions, cranberries, and chopped walnuts. 3. Drizzle the Avo Lemon & Fresh Dill herbed dressing and sprinkle goat cheese on top of the salad.']",entree,Avocados From Mexico,5g g,8g g,103mg mg,330 cal,,11 g,41g g
Harvest Bowl Salad with Balsamic Vinaigrette,,"['3 T. White balsamic vinegar', '2 T. Roasted pepitas, unsalted', '2 T. Shallots, minced', '2 ea. Avocados From Mexico, diced', '2 T. Dried cranberries', '2 c. Arugula', '2 Honey Crisp Apples, diced', '1 c. Brussel sprout pedals, roasted', '1/2 Avocado From Mexico, diced', '1 T. Avocado oil', '3 T. Water', '2 T. Roasted pecans, unsalted', 'Balsamic Vinaigrette', '2 c. Quinoa cooked', '1 T. Dijon mustard', '2 c. Kale', '1 T. Honey', '2 ea. Sweet potatoes, roasted and diced']",8,Mexican,avocados,"['Salad instructions: 1. Place all salad ingredients into a large bowl and pour the Avo Balsamic Vinaigrette over the Harvest Salad mixture. 2. Toss the Harvest Salad to coat. Keep refrigerated until serving.', 'Dressing instructions: Place all salad dressing components into a food processor and process to a smooth consistency. Use the remaining dressing for future use.']",entree,Avocados From Mexico,12g g,11g g,370mg mg,390 cal,,15g g,55g g
Meatball Sandwiches with Avocado-Chipotle Mayonnaise,,"['1/2 ea. Avocados From Mexico', '1 ea. egg, beaten', '1/4 c. vegetable oil', '1/2 lb. ground beef (can also use ground chicken or turkey)', '2 T. mayonnaise', '1 T. chipotle chiles, sauce from can', 'Avocado-Chipotle Mayonnaise:', 'Meatball Sandwiches:', '1/4 c. - 3 T. bread crumbs', '2 ea. chipotle chiles, canned in sauce', '1/2 ea. large baguette, to make 2 hoagie-style sandwiches']",2,Mexican,avocados,"['Meatball Sandwiches: Add the meat, the egg and the bread crumbs to a large bowl and mix the ingredients with your hands. Roll the meat into approximately 12 meatballs, about the size of a golf ball. / Heat the oil in a heavy bottomed frying pan over medium heat. Once hot, add half of the meatballs and cook on each side until golden and crispy, approximately 10 minutes per side. / While meatballs cook, cut the baguette horizontally, and then lengthwise. Then, spread the avocado-chipotle mayonnaise on the bottom half of each baguette. Top with several meatballs and serve while hot.', 'Avocado-Chipotle Mayonnaise: Place all the ingredients for the mayonnaise into a blender and pulse until smooth.']",entree,Avocados From Mexico,2 g,6 g,900 mg,1030 cal,16 g,34 g,59 g
Coconut Avocado Popsicles,,"['3 T. honey', '2 T. lime juice', '3/4 c. unsweetened coconut milk', '1/2 c. pineapple juice', '2 ea. Avocados From Mexico']",8,Mexican,avocados,"['Freeze for at least 6 hours before removing them from the mold.', 'In a food processor combine all ingredients and mix until smooth. If desired, add coconut flakes or other diced fruit or crushed pineapple.', 'To remove popsicle from molds, quickly run under hot water to release.', 'Spoon mixture into popsicle molds to freeze. Tap the molds on countertop a few times to remove air bubbles. Insert popsicle sticks and place in the freezer.']",entree,Avocados From Mexico,14 g,4 g,5 mg,140 cal,1.5 g,1 g,19 g
Avocado Grapefruit Salad with Warm Bacon Dressing,,"['4 ea. 10-inch flour tortillas', '1 c. jicama, cut into matchsticks', '1 ea. large grapefruit, segmented', '1/4 c. bacon drippings, reserved from cooked bacon', 'Vegetable oil as needed', '4 c. mixed salad greens', '1 T. lime juice', '2 T. sugar', '1/4 t. salt', '3 oz. queso fresco, crumbled', '1/4 t. pepper', '6 ea. slices of bacon', '3 ea. jalapeño, seeded & cut into matchsticks', '2/3 c. red onion, thinly sliced', '2 ea. Avocados From Mexico, pitted, peeled, & diced', '3 T. grapefruit juice']",4,Mexican,avocados,"['Preheat oven to 350°F. Place tortillas on a baking sheet and bake for 6 to 8 minutes until golden brown. Remove from oven and let cool.', 'Add onions and jalapeños; cook until tender.', 'In a large bowl, combine mixed greens, avocados, grapefruit segments, jicama, and queso fresco. Pour warm bacon dressing over salad and toss gently. Top with bacon pieces.', 'In a large skillet over medium-low heat, cook the bacon until crisp; drain and let cool. Roughly chop into small pieces.', 'Place the baked tortillas on to 4 individual serving dishes. Divide salad and serve on top of tortillas.', 'Pour out bacon dripping from skillet and measure 1/4 cup. If needed, add vegetable oil.', 'Return dripping to skillet and heat over medium heat.', 'Add grapefruit juice, lime juice, sugar, salt, and pepper; bring to a boil. Stir and incorporate browned bacon bits. Remove from heat.']",entree,Avocados From Mexico,16 g,14 g,1110 mg,720 cal,13 g,19 g,75 g
Easy &#038; Elegant Avocado Toast,,"['12 ea. thin slices radish, cut in half-moons', 'Ground black pepper, to taste', '2 t. butter', '1/2 c. baby arugula', '4 ea. thick slices French bread, lightly toasted', '2 t. fresh lemon juice', '2 ea. Avocados From Mexico, halved, pitted, & carefully scooped from skin', '1 t. coarse sea salt', '4 ea. soft-boiled or poached eggs', '4 t. extra virgin olive oil']",4,Mexican,avocados,"['Spread 1/2 t. butter on each hot slice of bread. Divide arugula among toasts.', 'Place the scooped avocado halves flat-side down on a cutting board. Slice very thinly, widthwise, keeping overall shape of avocado half intact as you slice.', 'Drizzle each toast with 1 t. olive oil, 1/2 t. lemon juice 1/4 t. sea salt, and fresh ground pepper.', 'Slide 6 half-moon slices of radish in between the avocado slices on each toast in random order. Then, slice each egg in half and place on top of toasts, letting yolk begin to drip.', 'Carefully slide your knife underneath one sliced avocado half, and lift entire thing on to a piece of toast. While pressing down gently with your knife, gently slide and push it across the avocado to tilt and fan (or “domino”) the pieces across the toast. Repeat for all 4 toasts.']",entree,Avocados From Mexico,3 g,9 g,1000 mg,480 cal,6 g,16 g,46 g
BERRY-DREAMIN&#8217; AVOCADO SMOOTHIE,"Berry-licious describes this smoothie! Made with frozen strawberries, raspberries and blueberries along with avocado, milk and yogurt, this smoothie is sweet and satisfying! Full of color and flavor, you'll sip every last drop!","['1-1/3 c. Fairlife milk, 2%', '2 ea. Avocados From Mexico', '4 ea. Stawberries', '2 c. Blueberries, frozen', '4 c. Stawberries, frozen', '2 c. Raspberries, frozen', '1 c. Plain Greek yogurt, 2%', 'Topping', 'Mint leaves, to garnish']",4,Mexican,avocados,"['In four large glasses, evenly distribute the smoothie mixture and top with strawberries and mint leaves.', 'In a blender, add strawberries, blueberries, raspberries, avocado, milk and Greek yogurt. Blend until all ingredients are well combined and creamy to make the smoothie.']",entree,Avocados From Mexico,22 g,16 g,75 mg,370 cal,4 g,14 g,44 g
"Watercress, Mango, and Avocado Salad with Sherry Vinaigrette",,"['1 t. shallots, minced', '1/2 t. dijon mustard', '4 c. watercress', '1/2 t. honey', '2 T. canola or safflower oil', '1/4 c. red onion, thinly sliced', '2 T. olive oil', '1 ea. Mango, peeled & sliced', '1/4 t. pepper', '1/4 c. pumpkin seeds, toasted', '1 ea. Avocado From Mexico, pitted, peeled, & sliced', '2 T. sherry vinegar', '1/2 t. salt', '1/2 t. garlic, minced']",4,Mexican,avocados,"['In a large bowl, combine the watercress and onions and toss with dressing. Top with avocado, mango, and pumpkin seeds.', 'In a small bowl, whisk together olive oil, canola oil, vinegar, mustard, honey, shallots, garlic, salt, and pepper until well combined.']",entree,Avocados From Mexico,8 g,5 g,330 mg,290 cal,3 g,5 g,15 g
VEGAN GUACAMOLE,"Entertaining vegan friends? This guacamole will satisfy all of your guests, vegan or carnivore! Loaded with cucumber, tomatoes, onion and sauteed tofu, this guac adds a fresh, veggie-ful flare! Serve with whole grain crackers or toasted crostinis for a delicious appetizer or snack.","['1 t. Fresh dill', '1 T. Onion, minced', '1/2 c. cucumber, diced', 'Salt, to taste', '1/2 T. Avocado oil', '1 t. Lemon juice', '1 c. Extra firm tofu, drained', '2 ea. Avocados From Mexico']",4,Mexican,avocados,"['Add tofu, cucumber, tomato, onion and dill to avocado mixture and salt to taste.', 'In a medium skillet on medium heat, warm tofu in avocado oil. Stir constantly until golden, approximately 10 minutes.', 'In a small bowl, mash avocados and stir in lemon juice.']",entree,Avocados From Mexico,2 g,8 g,10 mg,220 cal,2.5 g,6 g,11 g
