0,startDate,2,3,endDate
Materialism and the Task of Anthroposophy,2020-10-14T14:00:00+01:00,&lt;p&gt;With William Bishop We will be studying selected lectures from this deep and relevant series of lectures given by Rudolf Steiner in Dornach in 1921. Previous participation is not necessary and there is no need to book. Small donations towards expenses welcome: £3 / £2 All Rudolf Steiner’s lectures and writings that we are studying &hellip; &lt;a href=&quot;https://www.rsh.anth.org.uk/event/materialism-and-the-task-of-anthroposophy-11/&quot;&gt;Continued&lt;/a&gt;&lt;/p&gt;\,Organization,2020-10-14T16:00:00+01:00
Awakening to Nature,2020-11-27T19:30:00+00:00,"&lt;p&gt;With Patrick Dixon The sleeping beauty of Nature wakes from her dreams to new truth each spring, and returns to her slumbers each autumn. Can we recognise her sleeping and awakening and realise that we, as human beings, have a vital part to play in it? We watch as one by one our deciduous trees &hellip; &lt;a href=&quot;https://www.rsh.anth.org.uk/event/awakening-to-nature-2/&quot;&gt;Continued&lt;/a&gt;&lt;/p&gt;\",Organization,2020-11-27T21:00:00+00:00
Pranic Healing &#8211; Level 2,2020-11-28T10:00:00+00:00,"&lt;p&gt;Pranic Healing is an energetic medicine or balm that can be applied to enhance one\\'s healing ability. The structured techniques of Pranic Healing are rooted in anc ient esoteric knowledge, presented in a simple, easy to learn, easy to practise manner. This is a healing modality that involves no touch, no drug and anyone can &hellip; &lt;a href=&quot;https://www.rsh.anth.org.uk/event/pranic-healing-level-2-2/&quot;&gt;Continued&lt;/a&gt;&lt;/p&gt;\",Organization,2020-11-29T18:00:00+00:00
Awakening to The Holy Spirit: Mary’s Conception of the Jesus child,2020-12-11T19:30:00+00:00,"&lt;p&gt;With Louise Sofair The conception of the two Jesus infants described by St Matthew and St Luke, as alluded to by Rudolf Steiner, reveal different ways in which The Holy Spirit worked. We will look at the part played by The Holy Spirit in the development of humankind, the role through history, the unique connection &hellip; &lt;a href=&quot;https://www.rsh.anth.org.uk/event/awakening-to-the-holy-spirit-marys-conception-of-the-jesus-child/&quot;&gt;Continued&lt;/a&gt;&lt;/p&gt;\",Organization,2020-12-11T21:00:00+00:00
Reading to the Dead &#8211; Staying Connected,2020-09-24T19:00:00+01:00,"&lt;p&gt;With Iaia Chiesa As one of the recognised tasks of Anthroposophy, we will be reading to the so-called dead, to establish and/or re-establish a connection with the dear ones who have crossed the threshold. For further information, please contact Iaia Chiesa. E: Iaiac53@yahoo.com Previous participation is not necessary and there is no need to book. &hellip; &lt;a href=&quot;https://www.rsh.anth.org.uk/event/reading-to-the-dead-staying-connected/&quot;&gt;Continued&lt;/a&gt;&lt;/p&gt;\",Organization,2020-09-24T20:30:00+01:00
Biodynamic Market Stall &#8211; CANCELLED,2020-07-11T10:00:00+01:00,"&lt;p&gt;Every Saturday 10am - 2pm The biodynamic stall has been joined by Noel, a nutrionist with great knowledge of the light root (dioscorea batatas) who has been helping Kenny bring the most amazing produce from Laines Farm in Cuckfield, Tablehurst Farm, Michael Hall’s Garden. Availability is seasonal including leeks, jerusalem artichokes, carrots, black and white &hellip; &lt;a href=&quot;https://www.rsh.anth.org.uk/event/biodynamic-market-stall-15/&quot;&gt;Continued&lt;/a&gt;&lt;/p&gt;\",Organization,2020-07-11T14:00:00+01:00
Pranic Healing &#8211; Level 1,2020-12-05T09:30:00+00:00,"&lt;p&gt;Pranic Healing is an energetic medicine or balm that can be applied to enhance one\\'s healing ability. The structured techniques of Pranic Healing are rooted in anc ient esoteric knowledge, presented in a simple, easy to learn, easy to practise manner. This is a healing modality that involves no touch, no drug and anyone can &hellip; &lt;a href=&quot;https://www.rsh.anth.org.uk/event/pranic-healing-level-1-2/&quot;&gt;Continued&lt;/a&gt;&lt;/p&gt;\",Organization,2020-12-06T18:00:00+00:00
The 3 Parts of the Human Spirit,2020-10-01T19:30:00+01:00,"&lt;p&gt;With Inessa Burdich This talk is mainly focussed on the spiritual worlds and the human spiritual constitution. Our developed higher spiritual structure consists of 3 parts - Spirit Self (Manas), Life Spirit (Buddhi) and Spirit Man (Atman). We develop these over multiple lifetimes and they remain active in the spiritual worlds between incarnations. They also &hellip; &lt;a href=&quot;https://www.rsh.anth.org.uk/event/the-3-parts-of-the-human-spirit/&quot;&gt;Continued&lt;/a&gt;&lt;/p&gt;\",Organization,2020-10-01T21:00:00+01:00
Spiritual Science and Medicine &#8211; CANCELLED,2020-09-02T19:15:00+01:00,"&lt;p&gt;With David Lowe Our reading groups provide the opportunity in a very informal setting to explore Rudolf Steiner’s work with others. There is no need for any prior participation or knowledge, and everyone, young and old, is very welcome to join us at any time, just once or as often as it suits. We aim &hellip; &lt;a href=&quot;https://www.rsh.anth.org.uk/event/spiritual-science-and-medicine-6/&quot;&gt;Continued&lt;/a&gt;&lt;/p&gt;\",Organization,2020-09-02T20:45:00+01:00
Michaelmas Festival: The Archangel Michael and the Michaelic Age &#8211; via Zoom,2020-09-27T14:30:00+01:00,&lt;p&gt;With Dr. Sue Peat and Philip Martyn Michaelmas is a time for gathering the forces of the summer sun and for taking initiative! We experience this in our tradition of starting the academic year in the autumn. Looking to nature we see fruiting plants in abundance and the iron from the August meteoric showers beginning &hellip; &lt;a href=&quot;https://www.rsh.anth.org.uk/event/michaelmas-festival-the-archangel-michael-and-the-michaelic-age/&quot;&gt;Continued&lt;/a&gt;&lt;/p&gt;\,Organization,2020-09-27T15:30:00+01:00
Nature Spirits,2020-11-25T19:30:00+00:00,"&lt;p&gt;With Alex Wright Servants of the Angels which both form and maintain the physical planet and nature, they seek a collaboration with humanity, but we need to refine ourselves first. This is a course with the knowledge building week on week, so regular attendance is advised. Most evenings are a combination of lecture and activities. &hellip; &lt;a href=&quot;https://www.rsh.anth.org.uk/event/nature-spirits-3/&quot;&gt;Continued&lt;/a&gt;&lt;/p&gt;\",Organization,2020-11-25T21:00:00+00:00
Spiritual Science as a Foundation for Social Forms,2020-10-14T16:15:00+01:00,"&lt;p&gt;With Brendan McQuillan We will be reading selections from this lecture series given in Dornach in August 1920. As a result of the way we are educated today we are conditioned to interpret our sense perceptions, such as those, for example, from our sense of touch, as conveying a different kind of external reality than &hellip; &lt;a href=&quot;https://www.rsh.anth.org.uk/event/spiritual-science-as-a-foundation-for-social-forms/&quot;&gt;Continued&lt;/a&gt;&lt;/p&gt;\",Organization,2020-10-14T17:15:00+01:00
The Four Elements in Nature &#038; Humanity – Temperaments,2020-10-14T19:30:00+01:00,"&lt;p&gt;With Alex Wright Nature &amp; humanity share certain energies which in nature manifest as the 4 classical elements of Earth, Water, Air, and Fire. In humanity they influence us physically and psychologically bringing both gifts and dangers. This is a course with the knowledge building week on week, so regular attendance is advised. Most evenings &hellip; &lt;a href=&quot;https://www.rsh.anth.org.uk/event/the-four-elements-in-nature-humanity-temperaments/&quot;&gt;Continued&lt;/a&gt;&lt;/p&gt;\",Organization,2020-10-14T21:00:00+01:00
Karma &#8211; What? Why? and How?,2020-09-30T19:30:00+01:00,"&lt;p&gt;With Alex Wright The little understood background to everyone\\'s life, how the actions of one lifetime are reflected in the conditions and experiences of the next. This is a course with the knowledge building week on week, so regular attendance is advised. Most evenings are a combination of lecture and activities. Led by Alex Wright &hellip; &lt;a href=&quot;https://www.rsh.anth.org.uk/event/karma-what-why-and-how/&quot;&gt;Continued&lt;/a&gt;&lt;/p&gt;\",Organization,2020-09-30T21:00:00+01:00
Spiritual Science and Medicine &#8211; CANCELLED,2020-09-09T19:15:00+01:00,"&lt;p&gt;With David Lowe Our reading groups provide the opportunity in a very informal setting to explore Rudolf Steiner’s work with others. There is no need for any prior participation or knowledge, and everyone, young and old, is very welcome to join us at any time, just once or as often as it suits. We aim &hellip; &lt;a href=&quot;https://www.rsh.anth.org.uk/event/spiritual-science-and-medicine-8/&quot;&gt;Continued&lt;/a&gt;&lt;/p&gt;\",Organization,2020-09-09T20:45:00+01:00
The Karma of Materialism,2020-10-07T14:00:00+01:00,"&lt;p&gt;With Trevor Dance Materialism draws a veil between ourselves and the spiritual world. The fact that our age is materialistic does not, however, prevent there being many links with that world. These lectures examine many aspects of this paradox, from Luther to Einstein. Previous participation is not necessary and there is no need to book. &hellip; &lt;a href=&quot;https://www.rsh.anth.org.uk/event/the-karma-of-materialism-5/&quot;&gt;Continued&lt;/a&gt;&lt;/p&gt;\",Organization,2020-10-07T16:00:00+01:00
Biodynamics &#8211; Growing Food in Harmony with Greater Nature,2020-02-13T19:30:00+00:00,"&lt;p&gt;with Nir Halfon Conventional horticulture sees plant growing as an act of chemistry, organics sees the plant as growing within the soil, biodynamics sees the plant as growing within the soil and in touch with the cosmos, and with this understanding uses various methods to add the magic of vitality to the growing plants. Come &hellip; &lt;a href=&quot;https://www.rsh.anth.org.uk/event/biodynamics-growing-food-in-harmony-with-greater-nature/&quot;&gt;Continued&lt;/a&gt;&lt;/p&gt;\",Organization,2020-02-13T21:00:00+00:00
The Angelic Hierarchy,2020-11-18T19:30:00+00:00,"&lt;p&gt;With Alex Wright Many cultures mention the existence of helpful beings with powers superior to those of humans. Rudolf Steiner described them and their activities in some detail. This is a course with the knowledge building week on week, so regular attendance is advised. Most evenings are a combination of lecture and activities. Led by &hellip; &lt;a href=&quot;https://www.rsh.anth.org.uk/event/the-angelic-hierarchy-3/&quot;&gt;Continued&lt;/a&gt;&lt;/p&gt;\",Organization,2020-11-18T21:00:00+00:00
Awakening to Ourselves,2020-11-13T19:30:00+00:00,"&lt;p&gt;With Andrew Welburn Are we happy to wake up as ourselves, or would we like to be someone else? Are we sure there isn\\'t another person in us who could wake up if we wanted it? Many spiritual traditions hold that we are really asleep, give or take a glimmer, and that if we fully &hellip; &lt;a href=&quot;https://www.rsh.anth.org.uk/event/awakening-to-ourselves/&quot;&gt;Continued&lt;/a&gt;&lt;/p&gt;\",Organization,2020-11-13T21:00:00+00:00
Looking at Art,2020-12-04T19:30:00+00:00,"&lt;p&gt;With David Lowe The 4th December talk is on Renaissance Venetian Art including Veneziano, the Bellini Family, Mantegna and Giorgione with an emphasis on their paintings connected with the events we remember at Christmas. David Lowe is a researcher into the spiritual impulses in cultural evolution who has lectured in varied parts of the UK &hellip; &lt;a href=&quot;https://www.rsh.anth.org.uk/event/looking-at-art-2/&quot;&gt;Continued&lt;/a&gt;&lt;/p&gt;\",Organization,2020-12-04T20:45:00+00:00
How Can I Become a Truly Creative Performing Artist?,2020-09-06T11:00:00+01:00,"&lt;p&gt;With Sarah Kane In total this is a nine-month part-time artistic exploration of Michael Chekhov’s approach to acting and theatre for actors/performers, from September 2020–May 2021. The nine sessions aim to - introduce participants to and deepen their understanding of - the strongly creative and highly artistic techniques developed by Russian actor Michael Chekhov in &hellip; &lt;a href=&quot;https://www.rsh.anth.org.uk/event/michael-chekhovs-acting-technique/&quot;&gt;Continued&lt;/a&gt;&lt;/p&gt;\",Organization,2020-09-06T18:00:00+01:00
How Can we Deepen our Relationship to the Plant World?,2020-10-09T19:30:00+01:00,"&lt;p&gt;With Dagmar Steffelbauer The plant world is so manifold in its expression and formation. Every year it is fascinating to see how plants appear, grow, blossom, fruit, wither and finally withdraw. Rudolf Steiner expressed the relationship of the human being to the kingdoms of nature (mineral, plant and animal) many times. He has also given &hellip; &lt;a href=&quot;https://www.rsh.anth.org.uk/event/how-can-we-deepen-our-relationship-to-the-plant-world/&quot;&gt;Continued&lt;/a&gt;&lt;/p&gt;\",Organization,2020-10-09T21:00:00+01:00
Pranic Healing &#8211; Level 1,2020-10-31T09:30:00+00:00,"&lt;p&gt;Pranic Healing is an energetic medicine or balm that can be applied to enhance one\\'s healing ability. The structured techniques of Pranic Healing are rooted in anc ient esoteric knowledge, presented in a simple, easy to learn, easy to practise manner. This is a healing modality that involves no touch, no drug and anyone can &hellip; &lt;a href=&quot;https://www.rsh.anth.org.uk/event/pranic-healing-level-1/&quot;&gt;Continued&lt;/a&gt;&lt;/p&gt;\",Organization,2020-11-01T18:00:00+00:00
Pranic Healing &#8211; Level 2,2020-09-26T10:00:00+01:00,"&lt;p&gt;Pranic Healing is an energetic medicine or balm that can be applied to enhance one\\'s healing ability. The structured techniques of Pranic Healing are rooted in anc ient esoteric knowledge, presented in a simple, easy to learn, easy to practise manner. This is a healing modality that involves no touch, no drug and anyone can &hellip; &lt;a href=&quot;https://www.rsh.anth.org.uk/event/pranic-healing-level-2/&quot;&gt;Continued&lt;/a&gt;&lt;/p&gt;\",Organization,2020-09-27T18:00:00+01:00
Holy Nights,2020-12-24T10:00:00+00:00,"&lt;p&gt;The Holy Nights cross the boundary between the old and new year and can be seen as a time to prepare for the coming 12 months. We gather round our Christmas tree, decorated with sacred symbols, roses and candles, to enter into the spiritual significance of this time for reflection and renewal. Each meeting includes &hellip; &lt;a href=&quot;https://www.rsh.anth.org.uk/event/holy-nights/&quot;&gt;Continued&lt;/a&gt;&lt;/p&gt;\",Organization,2021-01-06T20:00:00+00:00
Awakening to COVID 19,2020-10-23T19:30:00+01:00,"&lt;p&gt;With Peter Gruenewald The pandemic has woken humanity up the world over! This new, fast spreading disease is presenting us with unprecedented challenges and multiple unanswered questions in the realms of healthcare and lifestyle. As with any disease, we are being asked to make changes and make progress in how we relate to our own &hellip; &lt;a href=&quot;https://www.rsh.anth.org.uk/event/awakening-to-covid-19/&quot;&gt;Continued&lt;/a&gt;&lt;/p&gt;\",Organization,2020-10-23T21:00:00+01:00
Reading to the Dead &#8211; CANCELLED,2020-08-20T19:00:00+01:00,"&lt;p&gt;With Iaia Chiesa Our reading groups provide the opportunity in a very informal setting to explore Rudolf Steiner’s work with others. There is no need for any prior participation or knowledge, and everyone, young and old, is very welcome to join us at any time, just once or as often as it suits. We aim &hellip; &lt;a href=&quot;https://www.rsh.anth.org.uk/event/reading-to-the-dead-7/&quot;&gt;Continued&lt;/a&gt;&lt;/p&gt;\",Organization,2020-08-20T20:30:00+01:00
Spiritual Science and Medicine &#8211; CANCELLED,2020-08-12T19:15:00+01:00,"&lt;p&gt;With David Lowe Our reading groups provide the opportunity in a very informal setting to explore Rudolf Steiner’s work with others. There is no need for any prior participation or knowledge, and everyone, young and old, is very welcome to join us at any time, just once or as often as it suits. We aim &hellip; &lt;a href=&quot;https://www.rsh.anth.org.uk/event/spiritual-science-and-medicine-5/&quot;&gt;Continued&lt;/a&gt;&lt;/p&gt;\",Organization,2020-08-12T20:45:00+01:00
"Karmic Relationships, Volume 2",2020-10-05T19:00:00+01:00,"&lt;p&gt;With Trevor Dance These profoundly esoteric lectures examine the laws inherent in reincarnation and karma and explore in detail the incarnations of specific historical figures. The opportunity to study this lecture series in a group affords us a chance to really get to grips with these fundamental issues, which demonstrate the realities of the workings &hellip; &lt;a href=&quot;https://www.rsh.anth.org.uk/event/karmic-relationships-volume-2-6/&quot;&gt;Continued&lt;/a&gt;&lt;/p&gt;\",Organization,2020-10-05T20:30:00+01:00
Super Brain Yoga,2020-11-28T18:00:00+00:00,"&lt;p&gt;Pranic Healing is an energetic medicine or balm that can be applied to enhance one\\'s healing ability. The structured techniques of Pranic Healing are rooted in anc ient esoteric knowledge, presented in a simple, easy to learn, easy to practise manner. This is a healing modality that involves no touch, no drug and anyone can &hellip; &lt;a href=&quot;https://www.rsh.anth.org.uk/event/super-brain-yoga-2/&quot;&gt;Continued&lt;/a&gt;&lt;/p&gt;\",Organization,2020-11-28T20:00:00+00:00
An Introduction to Gardening the Biodynamic Way,2020-10-25T14:00:00+00:00,"&lt;p&gt;With Dr Sue Peat and Philip Martyn Biodynamics is an organic method of cultivation, arising out of Rudolf Steiner’s spiritual research. It works with the rhythms of the movements of the sun, moon, planets and stars to which the plants respond. The workshop will cover the background to the biodynamic planting calendar, composting and the &hellip; &lt;a href=&quot;https://www.rsh.anth.org.uk/event/an-introduction-to-gardening-the-biodynamic-way-3/&quot;&gt;Continued&lt;/a&gt;&lt;/p&gt;\",Organization,2020-10-25T17:00:00+00:00
Human Constitution beyond the Physical,2020-10-07T19:30:00+01:00,"&lt;p&gt;With Alex Wright We all have a physical body visible through our physical eyes, but we also have several progressively subtle energy bodies which are often sensed but rarely understood. Rudolf Steiner gave much detail on our bodies of soul &amp; spirit which together with the physical make up the complete human being. This is &hellip; &lt;a href=&quot;https://www.rsh.anth.org.uk/event/human-constitution-beyond-the-physical-3/&quot;&gt;Continued&lt;/a&gt;&lt;/p&gt;\",Organization,2020-10-07T21:00:00+01:00
Awakening what Lies Within Us,2020-11-20T19:30:00+00:00,"&lt;p&gt;With Dr. Pablo Jeczmien Philosophers, thinkers, psychologists and psychiatrists have spent centuries exploring the psychological makeup of the human being. As humanity evolves and develops our psychological makeup also changes - responding to the challenges of modern life and in particular to the challenges that 2020 is bringing to us. Working from the insights offered &hellip; &lt;a href=&quot;https://www.rsh.anth.org.uk/event/awakening-what-lies-within-us-2/&quot;&gt;Continued&lt;/a&gt;&lt;/p&gt;\",Organization,2020-11-20T21:00:00+00:00
Human Evolution Past &#038; Future Part 1,2020-10-21T19:30:00+01:00,"&lt;p&gt;With Alex Wright As a highly developed clairvoyant Rudolf Steiner was able to see right back to the very beginnings of what eventually became recognisably human, and gave detailed descriptions of this profound journey. This is a course with the knowledge building week on week, so regular attendance is advised. Most evenings are a combination &hellip; &lt;a href=&quot;https://www.rsh.anth.org.uk/event/human-evolution-past-future-part-1-3/&quot;&gt;Continued&lt;/a&gt;&lt;/p&gt;\",Organization,2020-10-21T21:00:00+01:00
The New Spirituality: The Christ Experience in the 20th Century,2020-09-23T19:15:00+01:00,&lt;p&gt;With David Lowe We are a group open and welcoming to those wishing to develop their esoteric knowledge. It helps if you are on the anthroposophical path but is not necessary. The lecture series from which we take our readings are concerned with the most significant spiritual events in the early 20th Century. Previous participation &hellip; &lt;a href=&quot;https://www.rsh.anth.org.uk/event/the-new-spirituality-the-christ-experience-in-the-20th-century/&quot;&gt;Continued&lt;/a&gt;&lt;/p&gt;\,Organization,2020-09-23T20:45:00+01:00
The Spiritual Heirarchies and Their Reflection in the Physical World: Zodiac &#8211; Planets &#8211; Cosmos,2020-10-07T16:15:00+01:00,"&lt;p&gt;With Brendan McQuillan We will be continuing with these lectures given in Dusseldorf in 1909 which consider the interplay of the various spiritual beings within the world of the senses, addressing questions such as what existed before our solar system was created, the nature of Uranus and Neptune, and whether great works of art still &hellip; &lt;a href=&quot;https://www.rsh.anth.org.uk/event/the-spiritual-heirachies-and-their-reflection-in-the-physical-zodiac-planets-cosmos-5/&quot;&gt;Continued&lt;/a&gt;&lt;/p&gt;\",Organization,2020-10-07T17:45:00+01:00
The Ways we Awake: Individual and Archetypal Awakening in our Biography,2020-10-02T19:30:00+01:00,"&lt;p&gt;With Julia Dvinskaya In the course of our lives, we experience awakenings of different kinds and at different levels of our being. During the evening, we will look at the archetypal gesture of awakening, at how we experience awakenings in different life-phases - what do we make of them, and for what do they prepare &hellip; &lt;a href=&quot;https://www.rsh.anth.org.uk/event/the-ways-we-awake-individual-and-archetypal-awakening-in-our-biography/&quot;&gt;Continued&lt;/a&gt;&lt;/p&gt;\",Organization,2020-10-02T21:00:00+01:00
Open House,2020-09-20T13:00:00+01:00,"&lt;p&gt;Open House London Sunday 20th September 1pm–5pm House Tours Join us at Rudolf Steiner House, the only example of expressionist architecture in London, as part of the Open House London season. Free admission For more information: www.openhouselondon.org.uk/&lt;/p&gt;\",Organization,2020-09-20T17:00:00+01:00
Water: Accumulator and Transmitter in Nature and Spirituality &#8211; POSTPONED TO 2021,2020-10-15T19:30:00+01:00,"&lt;p&gt;With Ralf Roessner Water is more than just a commonplace liquid, it has uses both mundane and sacred. You can find it in your taps, on the altar in Tibetan Buddhist Temples, in Mosaic water blessings and in the miraculous Zamzam fountain in Mecca. In nature trees communicate with each other and uphold the life &hellip; &lt;a href=&quot;https://www.rsh.anth.org.uk/event/water-accumulator-and-transmitter-in-nature-and-spirituality-2/&quot;&gt;Continued&lt;/a&gt;&lt;/p&gt;\",Organization,2020-10-15T21:00:00+01:00
Spiritual Science and Medicine &#8211; CANCELLED,2020-09-16T19:15:00+01:00,"&lt;p&gt;With David Lowe Our reading groups provide the opportunity in a very informal setting to explore Rudolf Steiner’s work with others. There is no need for any prior participation or knowledge, and everyone, young and old, is very welcome to join us at any time, just once or as often as it suits. We aim &hellip; &lt;a href=&quot;https://www.rsh.anth.org.uk/event/spiritual-science-and-medicine-9/&quot;&gt;Continued&lt;/a&gt;&lt;/p&gt;\",Organization,2020-09-16T20:45:00+01:00
Super Brain Yoga,2020-09-26T18:00:00+01:00,"&lt;p&gt;Pranic Healing is an energetic medicine or balm that can be applied to enhance one\\'s healing ability. The structured techniques of Pranic Healing are rooted in anc ient esoteric knowledge, presented in a simple, easy to learn, easy to practise manner. This is a healing modality that involves no touch, no drug and anyone can &hellip; &lt;a href=&quot;https://www.rsh.anth.org.uk/event/super-brain-yoga/&quot;&gt;Continued&lt;/a&gt;&lt;/p&gt;\",Organization,2020-09-26T20:00:00+01:00
Celebrating the re-opening of Rudolf Steiner Theatre with a eurythmy performance: Connection and Disconnection,2020-09-26T17:30:00+01:00,"&lt;p&gt;With Eurythmy West Midlands An allegorical journey of movement, with poetry and music, exploring the human being in relation to Nature. What is human nature? Am I free to do all I want? How are we related with the natural world? How does nature live in us and how do we live in nature? Including &hellip; &lt;a href=&quot;https://www.rsh.anth.org.uk/event/celebrating-the-re-opening-of-rudolf-steiner-theatre-with-a-eurythmy-performance-connection-and-disconnection/&quot;&gt;Continued&lt;/a&gt;&lt;/p&gt;\",Organization,2020-09-26T18:45:00+01:00
Spiritual Forces Active in Humanity Today,2020-11-04T19:30:00+00:00,"&lt;p&gt;With Alex Wright Humanity exists under the influence of different spiritual forces which lead to different forms of behaviour. To be truly free it is useful to be able to discern these. This is a course with the knowledge building week on week, so regular attendance is advised. Most evenings are a combination of lecture &hellip; &lt;a href=&quot;https://www.rsh.anth.org.uk/event/spiritual-forces-active-in-humanity-today-3/&quot;&gt;Continued&lt;/a&gt;&lt;/p&gt;\",Organization,2020-11-04T21:00:00+00:00
The 3 Elementary Realms &#8211; POSTPONED TO 2021,2020-10-29T19:30:00+00:00,"&lt;p&gt;With Are Thoresen For many years Are has been able to clairvoyantly see the etheric world and its multitude of entities, a part of this world directly concerned with the foundation of material existence is the elementary world. Recently his perception of the three realms of the elementary world has deepened, along with an understanding &hellip; &lt;a href=&quot;https://www.rsh.anth.org.uk/event/the-3-elementary-realms/&quot;&gt;Continued&lt;/a&gt;&lt;/p&gt;\",Organization,2020-10-29T21:00:00+00:00
How to Live Healthily with Wireless Technology,2020-11-26T19:30:00+00:00,"&lt;p&gt;With Oliver Perceval Many people today have concerns about the effect on them of ever more pervasive Wi-Fi technology. In this illustrated talk we will take a layman\\'s look at the underlying science behind the devices, including 5G, how they affect our physical and mental health, and what we can do to live healthily with &hellip; &lt;a href=&quot;https://www.rsh.anth.org.uk/event/how-to-live-healthily-with-wireless-technology/&quot;&gt;Continued&lt;/a&gt;&lt;/p&gt;\",Organization,2020-11-26T21:00:00+00:00
Mystery Drama Reading: The Portal of Initiation,2020-11-22T14:00:00+00:00,"&lt;p&gt;With Trevor Dance The first of Steiner\\'s \\'Mystery Dramas\\' and still as revolutionary as when first staged. Rudolf Steiner said,\\' If people would exert themselves during the next few years to work with the drama, I would not have to give any more lectures for a long time\\'. Reading it as a group is both &hellip; &lt;a href=&quot;https://www.rsh.anth.org.uk/event/mystery-drama-reading-the-portal-of-initiation/&quot;&gt;Continued&lt;/a&gt;&lt;/p&gt;\",Organization,2020-11-22T18:30:00+00:00
Biodynamic Market Stall &#8211; CANCELLED,2020-07-04T10:00:00+01:00,"&lt;p&gt;Every Saturday 10am - 2pm The biodynamic stall has been joined by Noel, a nutrionist with great knowledge of the light root (dioscorea batatas) who has been helping Kenny bring the most amazing produce from Laines Farm in Cuckfield, Tablehurst Farm, Michael Hall’s Garden. Availability is seasonal including leeks, jerusalem artichokes, carrots, black and white &hellip; &lt;a href=&quot;https://www.rsh.anth.org.uk/event/biodynamic-market-stall-14/&quot;&gt;Continued&lt;/a&gt;&lt;/p&gt;\",Organization,2020-07-04T14:00:00+01:00
"Embryology, Birth and its Spiritual Significance",2020-10-30T19:30:00+00:00,&lt;p&gt;With Sophia Smith The first breath of air we take in at birth awakens our whole being to life in a new incarnation on earth. It occurs at a specific time and place unique to each of us. Sophia will outline the significance of the life and wonderful growth of the embryo. She will show &hellip; &lt;a href=&quot;https://www.rsh.anth.org.uk/event/embryology-birth-and-its-spiritual-significance-2/&quot;&gt;Continued&lt;/a&gt;&lt;/p&gt;\,Organization,2020-10-30T21:00:00+00:00
Looking at Art,2020-11-06T19:30:00+00:00,&lt;p&gt;With David Lowe The 6th November talk is on the spiritual impulses working through Raphael’s Art. David Lowe is a researcher into the spiritual impulses in cultural evolution who has lectured in varied parts of the UK as well as many different countries. For further information and bookings E: freerlife@gmx.com T: 07926 196 446 All &hellip; &lt;a href=&quot;https://www.rsh.anth.org.uk/event/looking-at-art/&quot;&gt;Continued&lt;/a&gt;&lt;/p&gt;\,Organization,2020-11-06T20:45:00+00:00
