0,description,genre,datePublished,keywords,worstRating,image,bestRating,ratingValue,creator,ratingCount
Thor: Ragnarok (2017),"Watch Thor: Ragnarok (2017) : Online Free Thor is imprisoned on the other side of the universe and finds himself in a race against time to get back to Asgard to stop Ragnarok, the destruction of his home-world and the end of Asgardian civilization, at the hands of an all-powerful new threat, the ruthless Hela.","['Comedy', 'Adventure', 'Action', 'Fantasy', 'Action, Adventure, Comedy, Fantasy']",2017-10-25,"['norse mythology', 'female villain', 'aftercreditsstinger', 'sequel', 'loki', 'norse god', 'alien planet', 'superhero', 'based on comic', 'marvel cinematic universe', 'sequel, superhero, based on comic, alien planet, female villain, norse mythology, aftercreditsstinger, duringcreditsstinger, marvel cinematic universe, norse god, loki', 'duringcreditsstinger']","['1', None]",https://image.tmdb.org/t/p/original/5wNUJs23rT5rTBacNyf5h83AynM.jpg,"['10', '10']","['4.7', '7.6']","['United States of America', 'Marvel Studios, Walt Disney Pictures', 'Chris Hemsworth, Tom Hiddleston, Cate Blanchett, Tessa Thompson, Jeff Goldblum, Idris Elba, Karl Urban, Mark Ruffalo, Anthony Hopkins, Benedict Cumberbatch, Taika Waititi']","['9', '14653']"
Joker (2019),"Watch Joker (2019) : Online Free During the 1980s, a failed stand-up comedian is driven insane and turns to a life of crime and chaos in Gotham City while becoming an infamous psychopathic crime figure.","['Crime', 'Drama', 'Crime, Thriller, Drama', 'Thriller']",2019-10-02,"['mental illness', 'street gang', '1980s', 'brutal violence', 'dc comics', 'clown', 'origin story', 'mother son relationship', 'tv host', 'dream', 'subway train', 'based on comic', 'clown makeup', 'street gang, dc comics, dream, clown, villain, society, joker, based on comic, murder, criminal mastermind, mental illness, anarchy, clown makeup, subway train, tv host, 1980s, mother son relationship, origin story, brutal violence, gotham city', 'society', 'gotham city', 'murder', 'anarchy', 'criminal mastermind', 'villain', 'joker']","['1', None]",https://image.tmdb.org/t/p/original/propZZVK3IA3EuyZwmUXRPJ9xIs.jpg,"['10', '10']","['4.7', '8.2']","['Canada, United States of America', 'Joaquin Phoenix, Robert De Niro, Zazie Beetz, Frances Conroy, Brett Cullen, Shea Whigham, Bill Camp, Glenn Fleshler, Leigh Gill, Josh Pais, Rocco Luna', 'Warner Bros. Pictures, DC Comics, Joint Effort, Village Roadshow Pictures, Bron Studios, Creative Wealth Media Finance']","['9', '14920']"
Mulan (2020),"Watch Mulan (2020) : Online Free When the Emperor of China issues a decree that one man per family must serve in the Imperial Chinese Army to defend the country from Huns, Hua Mulan, the eldest daughter of an honored warrior, steps in to take the place of her ailing father. She is spirited, determined and quick on her feet. Disguised as a man by the name of Hua Jun, she is tested every step of the way and must harness her innermost strength and embrace her true potential.","['Fantasy, Adventure, Drama, Action', 'Drama', 'Adventure', 'Action', 'Fantasy']",2020-09-04,"['costumes', 'courage', 'honor', 'martial arts', 'heroine', 'based on myths, legends or folklore', 'china', 'false identity', 'war', 'china, martial arts, false identity, war, honor, heroine, based on myths, legends or folklore, courage, costumes']","['1', None]",https://image.tmdb.org/t/p/original/xFAGjsaVlg7n33hjyfM1EnBkYlK.jpg,"['10', '10']","['4.7', '7.4']","['Walt Disney Pictures, China Film Group Corporation, Good Fear, Jason T. Reed Productions', 'Liu Yifei, Jet Li, Tzi Ma, Donnie Yen, Gong Li, Jason Scott Lee, Yoson An, Rosalind Chao, Cheng Pei-Pei, Ron Yuan, Chen Tang', 'China, United States of America']","['9', '2125']"
Pulp Fiction (1994),"Watch Pulp Fiction (1994) : Online Free A burger-loving hit man, his philosophical partner, a drug-addled gangster's moll and a washed-up boxer converge in this sprawling, comedic crime caper. Their adventures unfurl in three stories that ingeniously trip back and forth in time.","['Thriller, Crime', 'Crime', 'Thriller']",1994-09-10,"['junkyard', 'violence', 'theft', 'stolen money', 'massage', 'kamikaze', 'shared universe', 'boxer', 'redemption', 'transporter', 'briefcase', 'nonlinear timeline', 'transporter, drug dealer, boxer, massage, stolen money, crime boss, dance competition, junkyard, kamikaze, briefcase, redemption, heirloom, los angeles, california, theft, violence, nonlinear timeline, shared universe', 'drug dealer', 'heirloom', 'dance competition', 'crime boss', 'los angeles, california']","['1', None]",https://image.tmdb.org/t/p/original/9pGM43a9VmXxwIxmhJoiDkcB2hT.jpg,"['10', '10']","['4.7', '8.5']","['United States of America', 'John Travolta, Samuel L. Jackson, Uma Thurman, Bruce Willis, Ving Rhames, Harvey Keitel, Eric Stoltz, Tim Roth, Amanda Plummer, Maria de Medeiros, Quentin Tarantino', 'Miramax, A Band Apart, Jersey Films']","['9', '19592']"
Dilwale Dulhania Le Jayenge (1995),"Watch Dilwale Dulhania Le Jayenge (1995) : Online Free Raj is a rich, carefree, happy-go-lucky second generation NRI. Simran is the daughter of Chaudhary Baldev Singh, who in spite of being an NRI is very strict about adherence to Indian values. Simran has left for India to be married to her childhood fiancé. Raj leaves for India with a mission at his hands, to claim his lady love under the noses of her whole family. Thus begins a saga.","['Comedy', 'Romance', 'Drama', 'Comedy, Drama, Romance']",1995-10-20,,"['1', None]",https://image.tmdb.org/t/p/original/xRI636TOdS1K1GBqIBRSmfZ1T5x.jpg,"['10', '10']","['4.7', '8.7']","['India', 'Shah Rukh Khan, Kajol, Amrish Puri, Anupam Kher, Satish Shah, Farida Jalal, Achala Sachdev, Himani Shivpuri, Pooja Ruparel, Mandira Bedi, Uday Chopra', 'Yash Raj Films']","['9', '2361']"
Thor (2011),"Watch Thor (2011) : Online Free Against his father Odin's will, The Mighty Thor - a powerful but arrogant warrior god - recklessly reignites an ancient war. Thor is cast down to Earth and forced to live among humans as punishment. Once here, Thor learns what it takes to be a true hero when the most dangerous villain of his world sends the darkest forces of Asgard to invade Earth.","['Fantasy', 'Adventure', 'Action', 'Adventure, Fantasy, Action']",2011-04-21,"['norse mythology', 'new mexico', 'banishment', 'aftercreditsstinger', 'new mexico, banishment, superhero, based on comic, redemption, norse mythology, aftercreditsstinger, marvel cinematic universe', 'superhero', 'based on comic', 'marvel cinematic universe', 'redemption']","['1', None]",https://image.tmdb.org/t/p/original/6aABl5cNaiIox3dQ3yawp08CBtU.jpg,"['10', '10']","['4.7', '6.8']","['United States of America', 'Marvel Studios, Paramount', 'Chris Hemsworth, Natalie Portman, Tom Hiddleston, Anthony Hopkins, Stellan Skarsgård, Kat Dennings, Clark Gregg, Colm Feore, Idris Elba, Ray Stevenson, Tadanobu Asano']","['9', '15417']"
Harry Potter and the Deathly Hallows: Part 2 (2011),"Watch Harry Potter and the Deathly Hallows: Part 2 (2011) : Online Free Harry, Ron and Hermione continue their quest to vanquish the evil Voldemort once and for all. Just as things begin to look hopeless for the young wizards, Harry discovers a trio of magical objects that endow him with powers to rival Voldemort's formidable skills.","['Fantasy, Adventure', 'Fantasy', 'Adventure']",2011-07-07,"['wizarding world', 'frog', 'sorcerer', 'school', 'wizard', 'based on young adult novel', 'self sacrifice, magic, frog, sorcerer, school, wizard, based on young adult novel, wizarding world', 'magic', 'self sacrifice']","['1', None]",https://image.tmdb.org/t/p/original/huEbL4Ow1uhhdf6L3GR6f262Uw4.jpg,"['10', '10']","['4.7', '8.1']","['United Kingdom, United States of America', 'Warner Bros. Pictures, Heyday Films', 'Daniel Radcliffe, Rupert Grint, Emma Watson, Alan Rickman, Ralph Fiennes, Helena Bonham Carter, David Ryall, Maggie Smith, Bonnie Wright, Evanna Lynch, Matthew Lewis']","['9', '14415']"
Maleficent: Mistress of Evil (2019),"Watch Maleficent: Mistress of Evil (2019) : Online Free Maleficent and her goddaughter Aurora begin to question the complex family ties that bind them as they are pulled in different directions by impending nuptials, unexpected allies, and dark new forces at play.","['Fantasy, Family, Adventure', 'Family', 'Fantasy', 'Adventure']",2019-10-16,"['fairy', 'sequel', 'villain', 'fairy tale', 'magic, fairy, fairy tale, villain, sequel', 'magic']","['1', None]",https://image.tmdb.org/t/p/original/sPUN2MKRxetA6ddNej7mUiBaqWC.jpg,"['10', '10']","['4.7', '7.3']","['United States of America', 'Angelina Jolie, Elle Fanning, Harris Dickinson, Michelle Pfeiffer, Sam Riley, Chiwetel Ejiofor, Ed Skrein, Robert Lindsay, David Gyasi, Jenn Murray, Juno Temple', 'Walt Disney Pictures, Roth Films']","['9', '3637']"
Looking for Richard (1996),"Watch Looking for Richard (1996) : Online Free Al Pacino's deeply-felt rumination on Shakespeare's significance and relevance to the modern world through interviews and an in-depth analysis of \""Richard III.\",Documentary,1996-10-11,performance art,"['1', None]",https://image.tmdb.org/t/p/original/2iEgEoMP1S2YWKkYkwm8cgg2bBN.jpg,"['10', '10']","['4.7', '6.9']","['United States of America', 'Chal Productions, Jam Productions, 20th Century Fox', 'Al Pacino, Winona Ryder, Kevin Spacey, Alec Baldwin, Aidan Quinn, Harris Yulin, Penelope Allen, Kenneth Branagh, Kevin Kline, James Earl Jones, Rosemary Harris']","['9', '90']"
Fantastic Beasts: The Crimes of Grindelwald (2018),"Watch Fantastic Beasts: The Crimes of Grindelwald (2018) : Online Free Gellert Grindelwald has escaped imprisonment and has begun gathering followers to his cause—elevating wizards above all non-magical beings. The only one capable of putting a stop to him is the wizard he once called his closest friend, Albus Dumbledore. However, Dumbledore will need to seek help from the wizard who had thwarted Grindelwald once before, his former student Newt Scamander, who agrees to help, unaware of the dangers that lie ahead. Lines are drawn as love and loyalty are tested, even among the truest friends and family, in an increasingly divided wizarding world.","['Fantasy', 'Drama', 'Adventure', 'Adventure, Fantasy, Drama']",2018-11-14,"['harry potter', 'wizarding world', 'sequel', 'witch', 'paris, france', 'old flame', 'paris, france, new york city, witch, world war ii, sequel, old flame, wizard, 1920s, harry potter, wizarding world', '1920s', 'world war ii', 'new york city', 'wizard']","['1', None]",https://image.tmdb.org/t/p/original/tbaqzcRM8X1iPjtYlk7S7GpGZwr.jpg,"['10', '10']","['4.7', '6.9']","['United Kingdom, United States of America', 'Warner Bros. Pictures, Heyday Films', 'Eddie Redmayne, Katherine Waterston, Alison Sudol, Johnny Depp, Jude Law, Dan Fogler, Ezra Miller, Zoë Kravitz, Callum Turner, Claudia Kim, Carmen Ejogo']","['9', '7262']"
Coma (2019),"Watch Coma (2019) : Online Free A young and talented architect comes to his senses after a horrific accident only to find himself in the odd dystopian world. A world that is filled with the memories of all current coma patients. Just like a human memory this world is fragmental, chaotic and unstable. This is COMA: icecaps, rivers and cities can all exist in a space of a single room and laws of physics are no longer laws as they can be bent.","['Fantasy', 'Fantasy, Action, Science Fiction', 'Science Fiction', 'Action']",2019-11-19,"['coma, russia, architect, accident, virtual world', 'accident', 'coma', 'virtual world', 'russia', 'architect']","['1', None]",https://image.tmdb.org/t/p/original/zZuoU9jRPrDn1P2jtvYp8UN5doK.jpg,"['10', '10']","['4.7', '6.2']","['Russia', 'Rinal Mukhametov, Anton Pampushnyy, Lyubov Aksyonova, Miloš Biković, Konstantin Lavronenko, Polina Kuzminskaya, Rostislav Gulbis, Vilen Babichev, Igor Sigaev, Evgeniya Karatygina, Leonid Timtsunik', 'Fresh Film, Cinema Fund, Mars Media Entertainment, Big Cinema House, Fond kino, Argunov Studio, Central Partnership']","['9', '192']"
Capel Green (2018),Watch Capel Green (2018) : Online Free A retrospective of the Rendlesham UFO incident.,Documentary,2018-06-01,ufo sighting,"['1', None]",https://image.tmdb.org/t/p/original/4D3uYXBCaMndWeKTycFISZUfmri.jpg,"['10', '10']","['4.7', '1']","['Indigo Transmit Films', 'Larry Warren']","['9', '2']"
Step Up (2006),"Watch Step Up (2006) : Online Free Everyone deserves a chance to follow their dreams, but some people only get one shot. Tyler Gage is a rebel from the wrong side of Baltimore's tracks and the only thing that stands between him and an unfulfilled life are his dreams of one day making it out of there. Nora is a privileged ballet dancer attending Baltimore's ultra-elite Maryland School of the Arts","['Drama', 'Music', 'Crime', 'Romance', 'Music, Drama, Romance, Crime']",2006-08-11,"['new love', 'art school', 'dancing', 'baltimore', 'dance', 'woman director', 'dancing, new love, dance, baltimore, art school, woman director']","['1', None]",https://image.tmdb.org/t/p/original/wZ4WOYdFwxd9hcVYDvpI99eKQZ.jpg,"['10', '10']","['4.7', '6.9']","['United States of America', ""Channing Tatum, Jenna Dewan, Damaine Radcliff, Rachel Griffiths, De'Shawn Washington, Alyson Stoner, Drew Sidora, Josh Henderson, Mario, Tim Lacatena, Deirdre Lovejoy"", 'Eketahuna LLC, Touchstone Pictures, Summit Entertainment, Offspring Entertainment']","['9', '2844']"
Palm Springs (2020),"Watch Palm Springs (2020) : Online Free When carefree Nyles and reluctant maid of honor Sarah have a chance encounter at a Palm Springs wedding, things get complicated when they find themselves unable to escape the venue, themselves, or each other.","['Comedy', 'Comedy, Romance, Fantasy, Mystery', 'Mystery', 'Romance', 'Fantasy']",2020-07-10,"['wedding toast', 'vomiting', 'drug use', 'swimming pool, time loop, drug use, wedding toast, vomiting', 'swimming pool', 'time loop']","['1', None]",https://image.tmdb.org/t/p/original/esQ0nlSEPwiqJfg1lZx8n5cTuDF.jpg,"['10', '10']","['4.7', '7.6']","['United States of America', 'Limelight, Party Over Here, Neon, The Lonely Island, Culmination Productions', 'Andy Samberg, Cristin Milioti, J.K. Simmons, Peter Gallagher, Meredith Hagner, Camila Mendes, Tyler Hoechlin, Chris Pang, Jacqueline Obradors, June Squibb, Tongayi Chirisa']","['9', '535']"
Se7en (1995),"Watch Se7en (1995) : Online Free Two homicide detectives are on a desperate hunt for a serial killer whose crimes are based on the \""seven deadly sins\"" in this dark and haunting film that takes viewers from the tortured remains of one victim to the next. The seasoned Det. Sommerset researches each sin in an effort to get inside the killer's mind, while his novice partner, Mills, scoffs at his efforts to unravel the case.","['Mystery', 'Crime, Mystery, Thriller', 'Crime', 'Thriller']",1995-09-22,"['pride and vanity', 'evisceration', 'self-fulfilling prophecy', 'detective', 'self-fulfilling prophecy, detective, s.w.a.t., drug dealer, evisceration, lust and impulsiveness, rage and hate, pride and vanity, immoderateness, insomnia, investigation, pension, police, serial killer, neo-noir', 'neo-noir', 'police', 'insomnia', 's.w.a.t.', 'serial killer', 'rage and hate', 'drug dealer', 'lust and impulsiveness', 'pension', 'investigation', 'immoderateness']","['1', None]",https://image.tmdb.org/t/p/original/4U4q1zjIwCZTNkp6RKWkWPuC7uI.jpg,"['10', '10']","['4.7', '8.3']","['United States of America', 'Brad Pitt, Morgan Freeman, Gwyneth Paltrow, Kevin Spacey, R. Lee Ermey, John C. McGinley, Julie Araskog, Mark Boone Junior, John Cassini, Reg E. Cathey, Peter Crombie', 'New Line Cinema, Juno Pix, Cecchi Gori Pictures']","['9', '13799']"
Birds of Prey (and the Fantabulous Emancipation of One Harley Quinn) (2020),"Watch Birds of Prey (and the Fantabulous Emancipation of One Harley Quinn) (2020) : Online Free Harley Quinn joins forces with a singer, an assassin and a police detective to help a young girl who had a hit placed on her after she stole a rare diamond from a crime lord.","['Comedy', 'Crime', 'Action', 'Action, Crime, Comedy']",2020-02-05,"['the joker', 'woman director', 'dc comics', 'dc extended universe', 'based on comic', 'batman', 'gotham city', 'dc comics, based on comic, woman director, dc extended universe, the joker, batman, gotham city']","['1', None]",https://image.tmdb.org/t/p/original/9cr2idzn35m9nWZt2ftY7DPzHPl.jpg,"['10', '10']","['4.7', '7.2']","['United States of America', 'Margot Robbie, Ewan McGregor, Mary Elizabeth Winstead, Jurnee Smollett, Rosie Perez, Chris Messina, Ella Jay Basco, Ali Wong, Matthew Willig, Dana Lee, Steven Williams', 'DC Entertainment, LuckyChap Entertainment, Kroll & Co Entertainment, Warner Bros. Pictures, DC Comics, DC Films, Clubhouse Pictures']","['9', '5873']"
Without a Performance (2020),"Watch Without a Performance (2020) : Online Free A documentary study that comprehends the largest theater project of 2017 — the performance of Andrey Stadnikov \""Rodina\""At the center. Meyerhold. How Joseph Stalin and the legacy of totalitarianism resonate in each of us — and how it can be defeated through free creative expression and collective experience.",Documentary,2020-08-01,,"['1', None]",https://image.tmdb.org/t/p/original/e2pdo8MtszHifiW11osnQnnTMh3.jpg,"['10', '10']","['4.7', '2']",Russia,"['9', '1']"
Ava (2020),Watch Ava (2020) : Online Free A black ops assassin is forced to fight for her own survival after a job goes dangerously wrong.,"['Action, Crime, Drama, Thriller', 'Drama', 'Action', 'Crime', 'Thriller']",2020-08-06,,"['1', None]",https://image.tmdb.org/t/p/original/as5CdFXdIYLdSjXuQTHnJ79BEJv.jpg,"['10', '10']","['4.7', '6']","['United States of America', 'Freckles Films, Voltage Pictures, Vertical Entertainment', 'Jessica Chastain, John Malkovich, Colin Farrell, Common, Geena Davis, Ioan Gruffudd, Joan Chen, Jess Weixler, Diana Silvers, Falk Hentschel, Lin Hultgren']","['9', '283']"
Beetlejuice (1988),"Watch Beetlejuice (1988) : Online Free Thanks to an untimely demise via drowning, a young couple end up as poltergeists in their New England farmhouse, where they fail to meet the challenge of scaring away the insufferable new owners, who want to make drastic changes. In desperation, the undead newlyweds turn to an expert frightmeister, but he's got a diabolical agenda of his own.","['Comedy', 'Fantasy', 'Fantasy, Comedy']",1988-03-30,"['child bride', 'teenage girl', 'arts', 'ghost', 'supernatural', 'giant snake', 'possession', 'gothic', 'property', 'calypso', 'skeleton', 'madness', 'afterlife', 'minister', 'minister, giant snake, skeleton, calypso, arts, supernatural, afterlife, child bride, possession, surrealism, teenage girl, gothic, madness, ghost, property', 'surrealism']","['1', None]",https://image.tmdb.org/t/p/original/6YFQgRVMWqls2JpSCqs9iF6Ofcr.jpg,"['10', '10']","['4.7', '7.3']","['United States of America', ""Michael Keaton, Geena Davis, Alec Baldwin, Winona Ryder, Catherine O'Hara, Jeffrey Jones, Glenn Shadix, Sylvia Sidney, Patrice Martinez, Dick Cavett, Robert Goulet"", 'Geffen Pictures, Warner Bros. Pictures']","['9', '4186']"
Icarus (2017),"Watch Icarus (2017) : Online Free While investigating the furtive world of illegal doping in sports, director Bryan Fogel connects with renegade Russian scientist Dr. Grigory Rodchenkov—a pillar of his country’s “anti-doping” program. Over dozens of Skype calls, urine samples, and badly administered hormone injections, Fogel and Rodchenkov grow closer despite shocking allegations that place Rodchenkov at the center of Russia’s state-sponsored Olympic doping program.",Documentary,2017-06-03,"['olympic games, russia, doping, sports, sports documentary', 'sports', 'olympic games', 'russia', 'doping', 'sports documentary']","['1', None]",https://image.tmdb.org/t/p/original/biqadKPvPk3xi8ghu1l7qmnS2cI.jpg,"['10', '10']","['4.7', '7.7']","['United States of America', 'Bryan Fogel, Grigory Rodchenkov, Nikita Kamaev, Dan Cogan, Victor Webster', 'Diamond Docs, Rise Films, Impact Partners, Alex Productions, Lagralane Group, The']","['9', '426']"
The Crimes That Bind (2020),"Watch The Crimes That Bind (2020) : Online Free When her son is accused of raping and trying to murder his ex-wife, Alicia embarks on a journey that will change her life forever.","['Crime', 'Thriller, Crime, Drama', 'Drama', 'Thriller']",2020-08-20,,"['1', None]",https://image.tmdb.org/t/p/original/TZaPiwTROr9As3tKkRaajOomdc.jpg,"['10', '10']","['4.7', '6.4']","['Buffalo Films, Magoya Films', 'Cecilia Roth, Miguel Ángel Solá, Benjamín Amadeo, Sofía Gala Castiglione, Yanina Ávila, Marcelo Subiotto, Paola Barrientos, Diego Cremonesi, Claudio Martínez Bel, Santiago Ávila, María Marull', 'Argentina']","['9', '108']"
The New Mutants (2020),"Watch The New Mutants (2020) : Online Free Five young mutants, just discovering their abilities while held in a secret facility against their will, fight to escape their past sins and save themselves.","['Adventure', 'Science Fiction', 'Action', 'Action, Science Fiction, Horror, Adventure', 'Horror']",2020-08-26,"['superhero', 'based on comic', 'superhero team', 'mutant, superhero, based on comic, superhero team, captivity', 'mutant', 'captivity']","['1', None]",https://image.tmdb.org/t/p/original/cwOEVpvNz1VWlMD3iuH2V53rt4J.jpg,"['10', '10']","['4.7', '5.8']","['United States of America', 'Marvel Entertainment, 20th Century Studios, 20th Century Fox, TSG Entertainment', 'Blu Hunt, Maisie Williams, Anya Taylor-Joy, Charlie Heaton, Henry Zaga, Alice Braga, Adam Beach, Thomas Kee, Colbi Gannett, Happy Anderson, Dustin Ceithamer']","['9', '260']"
The Gentlemen (2020),"Watch The Gentlemen (2020) : Online Free American expat Mickey Pearson has built a highly profitable marijuana empire in London. When word gets out that he’s looking to cash out of the business forever it triggers plots, schemes, bribery and blackmail in an attempt to steal his domain out from under him.","['Comedy', 'Crime', 'Action', 'Action, Crime, Comedy']",2020-01-01,"['business', 'london, england, business man, marijuana, business, american abroad, scheme', 'scheme', 'london, england', 'business man', 'american abroad', 'marijuana']","['1', None]",https://image.tmdb.org/t/p/original/egDZrt8L0bzKyXEk7lDXvlvS3j1.jpg,"['10', '10']","['4.7', '7.7']","['Matthew McConaughey, Charlie Hunnam, Henry Golding, Michelle Dockery, Jeremy Strong, Colin Farrell, Hugh Grant, Eddie Marsan, Chidi Ajufo, Simon R. Barker, Brittany Ashworth', 'United Kingdom, United States of America', 'Miramax, STX Films, Toff Guy Films']","['9', '1932']"
The Shawshank Redemption (1994),"Watch The Shawshank Redemption (1994) : Online Free Framed in the 1940s for the double murder of his wife and her lover, upstanding banker Andy Dufresne begins a new life at the Shawshank prison, where he puts his accounting skills to work for an amoral warden. During his long stretch in prison, Dufresne comes to be admired by the other inmates -- including an older prisoner named Red -- for his integrity and unquenchable sense of hope.","['Crime', 'Drama', 'Drama, Crime']",1994-09-23,"['framed for murder', 'parole board', 'prison cell', 'prison, corruption, police brutality, prison cell, delinquent, parole board, prison escape, wrongful imprisonment, framed for murder, 1940s', 'wrongful imprisonment', '1940s', 'delinquent', 'corruption', 'police brutality', 'prison', 'prison escape']","['1', None]",https://image.tmdb.org/t/p/original/6ihu1b2OA0aQY1gp95B7644qeyy.jpg,"['10', '10']","['4.7', '8.7']","['United States of America', 'Tim Robbins, Morgan Freeman, Bob Gunton, William Sadler, Clancy Brown, Gil Bellows, Mark Rolston, James Whitmore, Jeffrey DeMunn, Larry Brandenburg, Neil Giuntoli', 'Castle Rock Entertainment']","['9', '17128']"
Paydirt (2020),"Watch Paydirt (2020) : Online Free A parolee teams up with his old crew determined to find a buried bag of cash stolen a decade ago from a DEA bust gone bad, while being tracked by a retired Sheriff.","['Crime', 'Thriller', 'Crime, Thriller']",2020-08-07,,"['1', None]",https://image.tmdb.org/t/p/original/qfNFVz9t7gLYBZ4ib57oCjbpY67.jpg,"['10', '10']","['4.7', '5.5']","['Ton of Hats, Seskri Produktionz, Octane Entertainment', 'United States of America', 'Luke Goss, Val Kilmer, Mike Hatton, Paul Sloan, Nick Vallelonga, Mirtha Michelle, Veronika Bozeman, Murielle Telio, Mercedes Kilmer, Lorin McCraley, Mary Christina Brown']","['9', '4']"
Memento (2000),"Watch Memento (2000) : Online Free Leonard Shelby is tracking down the man who raped and murdered his wife. The difficulty of locating his wife's killer, however, is compounded by the fact that he suffers from a rare, untreatable form of short-term memory loss. Although he can recall details of life before his accident, Leonard cannot remember what happened fifteen minutes ago, where he's going, or why.","['Mystery', 'Mystery, Thriller', 'Thriller']",2000-10-11,"['individuality', 'individual, insulin, tattoo, waitress, amnesia, motel, insurance salesman, revenge, flashback, confusion, memory loss, psychological thriller, los angeles, california, polaroid, cult film, nonlinear timeline, individuality, neo-noir, reverse chronology', 'reverse chronology', 'revenge', 'insurance salesman', 'nonlinear timeline', 'confusion', 'cult film', 'psychological thriller', 'individual', 'tattoo', 'flashback', 'los angeles, california', 'waitress', 'motel', 'amnesia', 'neo-noir', 'memory loss', 'polaroid', 'insulin']","['1', None]",https://image.tmdb.org/t/p/original/eQgL2o5apFn3L0JIj1w2JpJVXK9.jpg,"['10', '10']","['4.7', '8.2']","['Guy Pearce, Carrie-Anne Moss, Joe Pantoliano, Mark Boone Junior, Russ Fega, Jorja Fox, Stephen Tobolowsky, Harriet Sansom Harris, Thomas Lennon, Callum Keith Rennie, Kimberly Campbell', 'United States of America', 'Summit Entertainment, Newmarket Capital Group, Team Todd, I Remember Productions']","['9', '9988']"
Father Soldier Son (2020),"Watch Father Soldier Son (2020) : Online Free When Sgt. First Class Brian Eisch is critically wounded in Afghanistan, it sets him and his sons on a journey of love, loss, redemption and legacy.","['War', 'Documentary, War', 'Documentary']",2020-07-17,military,"['1', None]",https://image.tmdb.org/t/p/original/mtcdJhksjTNktvXmwRiisX8DMoQ.jpg,"['10', '10']","['4.7', '6.6']","['United States of America', 'Brian Eisch']","['9', '26']"
Pirates of the Caribbean: The Curse of the Black Pearl (2003),"Watch Pirates of the Caribbean: The Curse of the Black Pearl (2003) : Online Free Jack Sparrow, a freewheeling 18th-century pirate, quarrels with a rival pirate bent on pillaging Port Royal. When the governor's daughter is kidnapped, Sparrow decides to help the girl's love save her.","['Fantasy', 'Adventure', 'Action', 'Adventure, Fantasy, Action']",2003-07-09,"['swashbuckler', 'caribbean sea', 'east india trading company', 'gold coin', 'gold', 'aftercreditsstinger', 'blacksmith', 'tortuga', 'exotic island', 'british empire', '18th century', 'skeleton', 'pirate', 'governor', 'jamaica', 'british navy', 'exotic island, blacksmith, east india trading company, gold, jamaica, skeleton, british empire, governor, gold coin, pirate, swashbuckler, 18th century, caribbean sea, aftercreditsstinger, pirate ship, british navy, tortuga', 'pirate ship']","['1', None]",https://image.tmdb.org/t/p/original/bi754jW3QnpdFE10G3BBfvectTS.jpg,"['10', '10']","['4.7', '7.7']","['United States of America', 'Walt Disney Pictures, Jerry Bruckheimer Films', ""Johnny Depp, Orlando Bloom, Keira Knightley, Geoffrey Rush, Jack Davenport, Jonathan Pryce, Lee Arenberg, Mackenzie Crook, Damian O'Hare, Giles New, Angus Barnett""]","['9', '15007']"
Steven Universe: The Movie (2019),"Watch Steven Universe: The Movie (2019) : Online Free Two years after the events of \""Change Your Mind\"", Steven (now 16 years old) and his friends are ready to enjoy the rest of their lives peacefully. However, all of that changes when a new sinister Gem arrives, armed with a giant drill that saps the life force of all living things on Earth. In their biggest challenge ever, the Crystal Gems must work together to save all organic life on Earth within 48 hours.","['Comedy', 'Animation', 'Music', 'Drama', 'Adventure', 'Action', 'Fantasy', 'Animation, Adventure, Comedy, Family, Fantasy, Music, Action, Drama', 'Family']",2019-09-02,,"['1', None]",https://image.tmdb.org/t/p/original/re3ZvlKJg04iLpLRf1xTKHS2wLU.jpg,"['10', '10']","['4.7', '8.5']","['United States of America', 'Cartoon Network Studios', 'Zach Callison, Estelle, Deedee Magno, Michaela Dietz, Sarah Stiles, Tom Scharpling, Uzo Aduba, Shelby Rabara, Jennifer Paz, Patti LuPone, Christine Ebersole']","['9', '456']"
Tenet (2020),"Watch Tenet (2020) : Online Free Armed with only one word - Tenet - and fighting for the survival of the entire world, the Protagonist journeys through a twilight world of international espionage on a mission that will unfold in something beyond real time.","['Action, Thriller, Science Fiction', 'Thriller', 'Science Fiction', 'Action']",2020-08-22,"['sea, norway, work, language, espionage, crime scene, car chase, swat team, terrorist attack, spy thriller', 'sea', 'terrorist attack', 'norway', 'crime scene', 'swat team', 'work', 'espionage', 'language', 'spy thriller', 'car chase']","['1', None]",https://image.tmdb.org/t/p/original/dmLMz5BYUW7MzApVbckD1aiqBEW.jpg,"['10', '10']","['4.7', '7.5']","['United States of America, United Kingdom', 'John David Washington, Robert Pattinson, Elizabeth Debicki, Kenneth Branagh, Dimple Kapadia, Himesh Patel, Aaron Taylor-Johnson, Michael Caine, Clémence Poésy, Martin Donovan, Andrew Howard', 'Syncopy, Warner Bros. Pictures']","['9', '1851']"
Fatima (2020),"Watch Fatima (2020) : Online Free In 1917, outside the parish of Fátima, Portugal, a 10-year-old girl and her two younger cousins witness multiple visitations of the Virgin Mary, who tells them that only prayer and suffering will bring an end to World War I. As secularist government officials and Church leaders try to force the children to recant their story, word of the sighting spreads across the country, inspiring religious pilgrims to flock to the site in hopes of witnessing a miracle..","['Drama, Family', 'Family', 'Drama']",2020-08-13,,"['1', None]",https://image.tmdb.org/t/p/original/jrsB8tChsAFTQilhsS8fxNTuear.jpg,"['10', '10']","['4.7', '7.4']","Harvey Keitel, Sônia Braga, Goran Visnjic, Joaquim de Almeida, Lúcia Moniz, Joana Ribeiro, Stephanie Gil, Catarina Mira, Ana Moreira, Alba Baptista, João Arrais","['9', '28']"
Anelka: Misunderstood (2020),Watch Anelka: Misunderstood (2020) : Online Free Bad boy or football genius? Famed French footballer Nicolas Anelka's controversial legacy is examined in an unflinching documentary.,Documentary,2020-08-05,"['football (soccer)', 'biography', 'professional football (soccer) player', 'biography, professional football (soccer) player, football (soccer)']","['1', None]",https://image.tmdb.org/t/p/original/2z6GMu2RNpwDT7aDVqfs70SrFMM.jpg,"['10', '10']","['4.7', '6.9']","['Nicolas Anelka, Thierry Henry, Omar Sy, Arsène Wenger, Didier Drogba, Emmanuel Petit, Patrick Vieira', 'France']","['9', '61']"
Onward (2020),"Watch Onward (2020) : Online Free In a suburban fantasy world, two teenage elf brothers embark on an extraordinary quest to discover if there is still a little magic left out there.","['Comedy', 'Animation', 'Adventure', 'Animation, Family, Adventure, Comedy, Fantasy', 'Fantasy', 'Family']",2020-02-29,"['fantasy world', 'brother brother relationship', 'elves, fantasy world, teenage protagonist, brother brother relationship', 'elves', 'teenage protagonist']","['1', None]",https://image.tmdb.org/t/p/original/wSlE0ymlQ6LEbE9IJkgeoQo8UBx.jpg,"['10', '10']","['4.7', '7.9']","['Tom Holland, Chris Pratt, Julia Louis-Dreyfus, Octavia Spencer, Mel Rodriguez, Kyle Bornheimer, Lena Waithe, Ali Wong, Grey DeLisle, Tracey Ullman, Wilmer Valderrama', 'Walt Disney Pictures, Pixar', 'United States of America']","['9', '3103']"
Trolls World Tour (2020),"Watch Trolls World Tour (2020) : Online Free Queen Poppy and Branch make a surprising discovery — there are other Troll worlds beyond their own, and their distinct differences create big clashes between these various tribes. When a mysterious threat puts all of the Trolls across the land in danger, Poppy, Branch, and their band of friends must embark on an epic quest to create harmony among the feuding Trolls to unite them against certain doom.","['Comedy', 'Animation', 'Music', 'Adventure', 'Animation, Family, Comedy, Fantasy, Adventure, Music', 'Fantasy', 'Family']",2020-03-12,"['sequel, based on toy', 'based on toy', 'sequel']","['1', None]",https://image.tmdb.org/t/p/original/zZgAV8qL54KLvTvBqsXIM4Fuh6C.jpg,"['10', '10']","['4.7', '7.6']","['United States of America', 'Anna Kendrick, Justin Timberlake, Ron Funches, Rachel Bloom, James Corden, Kelly Clarkson, Anderson .Paak, Sam Rockwell, George Clinton, Mary J. Blige, Kenan Thompson', 'DreamWorks Animation, Universal Pictures']","['9', '1140']"
The Godfather (1972),"Watch The Godfather (1972) : Online Free Spanning the years 1945 to 1955, a chronicle of the fictional Italian-American Corleone crime family. When organized crime family patriarch, Vito Corleone barely survives an attempt on his life, his youngest son, Michael steps in to take care of the would-be killers, launching a campaign of bloody revenge.","['Crime', 'Drama', 'Drama, Crime']",1972-03-14,"['rise to power', 'italy, loss of loved one, love at first sight, italian american, europe, patriarch, organized crime, mafia, lawyer, crime family, rise to power, mob boss, 1940s, 1950s', 'italian american', '1950s', 'italy', '1940s', 'lawyer', 'loss of loved one', 'organized crime', 'mafia', 'crime family', 'europe', 'love at first sight', 'mob boss', 'patriarch']","['1', None]",https://image.tmdb.org/t/p/original/iUCnFW0HdjVqpixI3tj8Q1cXMoM.jpg,"['10', '10']","['4.7', '8.7']","['United States of America', 'Marlon Brando, Al Pacino, James Caan, Richard S. Castellano, Robert Duvall, Sterling Hayden, John Marley, Richard Conte, Al Lettieri, Diane Keaton, Abe Vigoda', 'Paramount, Alfran Productions']","['9', '12964']"
On the Trail: Inside the 2020 Primaries (2020),Watch On the Trail: Inside the 2020 Primaries (2020) : Online Free CNN's team of female journalists and embeds pack up and leave their families to fan out across the country and report on the president and his would-be rivals as the candidates launch campaigns and contend for voters.,Documentary,2020-08-06,"['presidential election', 'presidential election, presidential campaign, united states politics', 'presidential campaign', 'united states politics']","['1', None]",https://image.tmdb.org/t/p/original/bwUQw4KLonz8nJFe1S69A8le31H.jpg,"['10', '10']","['4.7', '5.7']","['Dana Bash, Kaitlan Collins, Jessica Dean, Daniella Diaz, Annie Grayer, Lah Kyung, Lee Min-jung, Abby Phillip, Arlette Saenz, Jasmine Wright', 'CNN Films', 'United States of America']","['9', '3']"
Won't You Be My Neighbor? (2018),"Watch Won't You Be My Neighbor? (2018) : Online Free Fred Rogers used puppets and play to explore complex social issues: race, disability, equality and tragedy, helping form the American concept of childhood. He spoke directly to children and they responded enthusiastically. Yet today, his impact is unclear. Have we lived up to Fred's ideal of good neighbors?",Documentary,2018-06-08,"['mister rogers', 'child friendly', ""tv star, mister rogers, children's tv show, child friendly, serious subjects gently discussed"", 'serious subjects gently discussed', 'tv star', ""children's tv show""]","['1', None]",https://image.tmdb.org/t/p/original/iYNfH0COFoGRwYNZGtb1gCuRFDZ.jpg,"['10', '10']","['4.7', '8.3']","['United States of America', 'Tremolo Productions, Impact Partners, Focus Features', 'Fred Rogers, François Scarborough Clemmons, Yo-Yo Ma, Joe Negri, Kailyn Davis, David Newell, Joanne Rogers, McColm Cephas Jr., Betty Aberlin, Koko, Christa McAuliffe']","['9', '328']"
Free Solo (2018),"Watch Free Solo (2018) : Online Free Follow Alex Honnold as he attempts to become the first person to ever free solo climb Yosemite's 3,000 foot high El Capitan wall. With no ropes or safety gear, this would arguably be the greatest feat in rock climbing history.",Documentary,2018-09-28,"['yosemite', 'mountain, yosemite, mountain climbing, woman director, free climbing, rock climbing, el capitan', 'mountain', 'woman director', 'free climbing', 'mountain climbing', 'el capitan', 'rock climbing']","['1', None]",https://image.tmdb.org/t/p/original/5HrbcXCLZQ24zmG4O7dAnxhQkQ7.jpg,"['10', '10']","['4.7', '8']","['United States of America', 'Alex Honnold, Tommy Caldwell, Jimmy Chin, Sanni McCandless, Mikey Schaefer, Cheyne Lempe', 'National Geographic, Parkes+MacDonald Image Nation, Little Monster Films, MacDonald/Parkes Productions, Itinerant Media, Image Nation']","['9', '736']"
Psycho (1960),"Watch Psycho (1960) : Online Free When larcenous real estate clerk Marion Crane goes on the lam with a wad of cash and hopes of starting a new life, she ends up at the notorious Bates Motel, where manager Norman Bates cares for his housebound mother.","['Horror, Drama, Thriller', 'Horror', 'Drama', 'Thriller']",1960-06-22,"['mental illness', 'shower', 'theft', 'clerk', 'motel', 'secretary', 'arizona', 'hotel', 'murderer', 'hotel, clerk, arizona, shower, rain, motel, taxidermy, money, secretary, corpse, murderer, theft, mental illness, private detective, missing person, proto-slasher', 'missing person', 'taxidermy', 'money', 'corpse', 'private detective', 'proto-slasher', 'rain']","['1', None]",https://image.tmdb.org/t/p/original/5A9dsIpb7876nU9QrWEGziDmj0r.jpg,"['10', '10']","['4.7', '8.4']","['United States of America', 'Anthony Perkins, Vera Miles, John Gavin, Janet Leigh, Martin Balsam, John McIntire, Simon Oakland, Frank Albertson, Patricia Hitchcock, Vaughn Taylor, Lurene Tuttle', 'Shamley Productions']","['9', '6626']"
Irresistible (2020),"Watch Irresistible (2020) : Online Free A Democratic political consultant helps a retired Marine colonel run for mayor in a small, conservative Wisconsin town.","['Comedy', 'Drama', 'Comedy, Drama']",2020-08-21,"['rural life', 'election campaign', 'united states politics', 'small town, mayor, election campaign, political satire, united states politics, rural life', 'political satire', 'small town', 'mayor']","['1', None]",https://image.tmdb.org/t/p/original/tVRM0zMyXO1p6FXOPx7sKzZeTLw.jpg,"['10', '10']","['4.7', '6']","['United States of America', 'Steve Carell, Rose Byrne, Chris Cooper, Brent Sexton, Mackenzie Davis, Topher Grace, Natasha Lyonne, Bill Irwin, C.J. Wilson, Will Sasso, Alan Aisenberg', 'Focus Features, Plan B Entertainment']","['9', '43']"
Knives Out (2019),"Watch Knives Out (2019) : Online Free When renowned crime novelist Harlan Thrombey is found dead at his estate just after his 85th birthday, the inquisitive and debonair Detective Benoit Blanc is mysteriously enlisted to investigate. From Harlan's dysfunctional family to his devoted staff, Blanc sifts through a web of red herrings and self-serving lies to uncover the truth behind Harlan's untimely death.","['Comedy', 'Mystery', 'Mystery, Thriller, Comedy, Drama, Crime', 'Drama', 'Crime', 'Thriller']",2019-11-27,"['family home', 'privilege', 'murder mystery', 'immigrant', 'detective', 'massachusetts', 'mansion', 'detective, massachusetts, immigrant, big family, mansion, whodunit, family home, murder mystery, privilege, polar', 'big family', 'polar', 'whodunit']","['1', None]",https://image.tmdb.org/t/p/original/tAOHi8ZezKuYA8rhoy0irmLKdwa.jpg,"['10', '10']","['4.7', '7.9']","['United States of America', 'Lionsgate, MRC, T-Street', 'Daniel Craig, Chris Evans, Ana de Armas, Jamie Lee Curtis, Michael Shannon, Don Johnson, Toni Collette, Lakeith Stanfield, Christopher Plummer, Katherine Langford, Jaeden Martell']","['9', '5625']"
Scoob! (2020),"Watch Scoob! (2020) : Online Free In Scooby-Doo’s greatest adventure yet, see the never-before told story of how lifelong friends Scooby and Shaggy first met and how they joined forces with young detectives Fred, Velma, and Daphne to form the famous Mystery Inc. Now, with hundreds of cases solved, Scooby and the gang face their biggest, toughest mystery ever: an evil plot to unleash the ghost dog Cerberus upon the world. As they race to stop this global “dogpocalypse,” the gang discovers that Scooby has a secret legacy and an epic destiny greater than anyone ever imagined.","['Comedy', 'Animation', 'Adventure', 'Family', 'Family, Animation, Comedy, Adventure']",2020-07-08,"['friends', 'friendship, friends, heroism, crime solving', 'heroism', 'crime solving', 'friendship']","['1', None]",https://image.tmdb.org/t/p/original/vLvzUCWKRdfQ72f8KsT42rKEQfF.jpg,"['10', '10']","['4.7', '7.3']","['United States of America', 'Don Messick, Frank Welker, Will Forte, Amanda Seyfried, Mark Wahlberg, Jason Isaacs, Gina Rodriguez, Zac Efron, Kiersey Clemons, Ken Jeong, Tracy Morgan', 'Warner Animation Group, Warner Bros. Pictures, Hanna-Barbera Productions, Bioskopin21']","['9', '636']"
Wasp Network (2020),"Watch Wasp Network (2020) : Online Free Havana, Cuba, 1990. René González, an airplane pilot, unexpectedly flees the country, leaving behind his wife Olga and his daughter Irma, and begins a new life in Miami, where he becomes a member of an anti-Castro organization.","['History', 'Drama', 'Drama, History, Thriller', 'Thriller']",2020-01-29,"['inspired by novel or book', 'terrorism', 'spy ring', 'miami, florida', 'anti-castro organization', 'havana, cuba', '1990s', 'cuban history', 'based on a true story', 'espionage', 'cuba', 'miami, florida, cuba, based on a true story, espionage, terrorism, havana, cuba, spy ring, 1990s, inspired by novel or book, castro regime, anti-castro organization, cuban history', 'castro regime']","['1', None]",https://image.tmdb.org/t/p/original/hwxAXctrOLxQDKEuBNB41JrP5v9.jpg,"['10', '10']","['4.7', '6.2']","['Penélope Cruz, Edgar Ramírez, Gael García Bernal, Ana de Armas, Wagner Moura, Leonardo Sbaraglia, Nolan Guerra Fernández, Osdeymi Pastrana Miranda, Tony Plana, Julian Flynn, Anel Perdomo', 'CG Cinéma, Nostromo Pictures, RT Features, SCOPE Pictures, France 2 Cinéma, Orange Studio, Memento Films Production', 'Belgium, Brazil, France, Spain']","['9', '156']"
American Factory (2019),"Watch American Factory (2019) : Online Free In post-industrial Ohio, a Chinese billionaire opens a new factory in the husk of an abandoned General Motors plant, hiring two thousand blue-collar Americans. Early days of hope and optimism give way to setbacks as high-tech China clashes with working-class America.",Documentary,2019-08-21,"['factory worker', 'manufacturing plant', 'factory worker, culture clash, ohio, chinese, american, blue collar worker, manufacturing plant', 'chinese', 'culture clash', 'american', 'blue collar worker', 'ohio']","['1', None]",https://image.tmdb.org/t/p/original/r1QbTeE3qMXgKkGgFcHJCwDQrMg.jpg,"['10', '10']","['4.7', '7.3']","['Higher Ground Productions, Participant Media', ""Junming 'Jimmy' Wang, Sherrod Brown, Dave Burrows, John Gauthier, Rob Haerr, Cynthia Harper, Wong He, Jill Lamantia, Jeff Daochuan Liu, Shawnea Rosser, Rebecca Ruan-O'Shaughnessy"", 'United States of America']","['9', '244']"
Money Heist: The Phenomenon (2020),Watch Money Heist: The Phenomenon (2020) : Online Free A documentary on why and how 'Money Heist' sparked a wave of enthusiasm around the world for a lovable group of thieves and their professor.,Documentary,2020-04-03,,"['1', None]",https://image.tmdb.org/t/p/original/ociI5MGQXaJ2u1Fhc6WKNYy9pbn.jpg,"['10', '10']","['4.7', '7.7']","Úrsula Corberó, Miguel Herrán, Álvaro Morte, Esther Acebo, Itziar Ituño, Jaime Lorente, Alba Flores, Darko Peric, Pedro Alonso, Rodrigo de la Serna","['9', '424']"
Money Plane (2020),Watch Money Plane (2020) : Online Free A professional thief with $40 million in debt and his family's life on the line must commit one final heist - rob a futuristic airborne casino filled with the world's most dangerous criminals.,Action,2020-09-29,,"['1', None]",https://image.tmdb.org/t/p/original/pq0JSpwyT2URytdFG0euztQPAyR.jpg,"['10', '10']","['4.7', '5.4']","[""Dawn's Light, Taylor & Dodge"", 'Adam Copeland, Kelsey Grammer, Thomas Jane, Denise Richards, Katrina Norman, Patrick Lamont Jr., Andrew Lawrence, Joey Lawrence, Matthew Lawrence, Al Sapienza, Aleksander Vayshelboym', 'United States of America']","['9', '44']"
Represent (2020),"Watch Represent (2020) : Online Free In the heart of the American Midwest, three women take on entrenched political systems in their fight to reshape local politics on their own terms.",Documentary,2020-08-14,,"['1', None]",https://image.tmdb.org/t/p/original/uNoZZt1MekQXv24bldbBxUC4l8x.jpg,"['10', '10']","['4.7', None]","['United States of America', 'Bryn Bird, Julie Cho, Myya Jones', 'Music Box Films']","['9', '0']"
Gabriel's Inferno (2020),"Watch Gabriel's Inferno (2020) : Online Free An intriguing and sinful exploration of seduction, forbidden love, and redemption, Gabriel's Inferno is a captivating and wildly passionate tale of one man's escape from his own personal hell as he tries to earn the impossible--forgiveness and love.",Romance,2020-05-29,,"['1', None]",https://image.tmdb.org/t/p/original/969BfPHGJcjg2aUv60g5uiiXFzf.jpg,"['10', '10']","['4.7', '8.9']","['United States of America', 'Melanie Zanetti, Giulio Berruti, Kurt McKinney, Agnes Albright, Margaux Brooke, Ned Van Zandt']","['9', '1373']"
Project Power (2020),"Watch Project Power (2020) : Online Free An ex-soldier, a teen and a cop collide in New Orleans as they hunt for the source behind a dangerous new pill that grants users temporary superpowers.","['Action, Crime, Science Fiction', 'Crime', 'Science Fiction', 'Action']",2020-08-14,"['drugs', 'drugs, cops, superpower', 'cops', 'superpower']","['1', None]",https://image.tmdb.org/t/p/original/2aMCQW8n5AwMYyFCYLiorUc1bGc.jpg,"['10', '10']","['4.7', '6.6']","['United States of America', 'Jamie Foxx, Joseph Gordon-Levitt, Dominique Fishback, Rodrigo Santoro, Courtney B. Vance, Amy Landecker, Machine Gun Kelly, Tait Fletcher, Allen Maldonado, Andrene Ward-Hammond, Cory DeMeyers', 'Screen Arcade, Supermarché']","['9', '1350']"
Bad Boys for Life (2020),"Watch Bad Boys for Life (2020) : Online Free Marcus and Mike are forced to confront new threats, career changes, and midlife crises as they join the newly created elite team AMMO of the Miami police department to take down the ruthless Armando Armas, the vicious leader of a Miami drug cartel.","['Thriller, Action, Crime', 'Crime', 'Thriller', 'Action']",2020-01-15,"['police detective', 'buddy film', 'sequel', 'police officer', 'detective, police, sequel, police officer, police detective, buddy comedy, buddy film, action hero', 'detective', 'police', 'buddy comedy', 'action hero']","['1', None]",https://image.tmdb.org/t/p/original/4WnIfKWV962xYjV1dGxDXi0onvK.jpg,"['10', '10']","['4.7', '7.3']","['United States of America', 'Will Smith, Martin Lawrence, Paola Nuñez, Vanessa Hudgens, Alexander Ludwig, Charles Melton, Kate del Castillo, Nicky Jam, Joe Pantoliano, Theresa Randle, Jacob Scipio', 'Columbia Pictures, Platinum Dunes, 2.0 Entertainment, Don Simpson/Jerry Bruckheimer Films, Overbrook Entertainment']","['9', '5281']"
Mia (2017),"Watch Mia (2017) : Online Free Mia recounts her most intimate confessions, uncensored, in her first approach to a totally new world of domination and submission.","['Drama, Documentary', 'Drama', 'Documentary']",2017-12-17,"['autobiographical', 'bdsm', 'bdsm, autobiographical, dominance submissiveness, male-female-relationship, short', 'short', 'dominance submissiveness', 'male-female-relationship']","['1', None]",https://image.tmdb.org/t/p/original/j2PHw1Kw8KmpqINJ7AKGjpuoSvF.jpg,"['10', '10']","['4.7', '5.4']","['Oriol Colomar', 'Aya Wolf, Oriol Colomar', 'Spain']","['9', '5']"
The Secret Garden (2020),"Watch The Secret Garden (2020) : Online Free Mary Lennox is born in India to wealthy British parents who never wanted her. When her parents suddenly die, she is sent back to England to live with her uncle. She meets her sickly cousin, and the two children find a wondrous secret garden lost in the grounds of Misselthwaite Manor.","['Drama, Fantasy, Family', 'Fantasy', 'Drama', 'Family']",2020-07-08,"['secret', 'early 1900s', 'tajná zahrada', 'orphan', ""secret, garden, yorkshire, orphan, based on children's book, post war, early 1900s, tajná zahrada"", 'yorkshire', ""based on children's book"", 'garden', 'post war']","['1', None]",https://image.tmdb.org/t/p/original/8PK4X8U3C79ilzIjNTkTgjmc4js.jpg,"['10', '10']","['4.7', '7']","['United Kingdom, France', 'Dixie Egerickx, Colin Firth, Julie Walters, Maeve Dermody, Edan Hayhurst, Jemma Powell, Sonia Goswami, Amir Wilson, Isis Davis, Richard Hansell, David Verrey', 'Heyday Films, StudioCanal']","['9', '157']"
Mortal (2020),Watch Mortal (2020) : Online Free A young boy must discover the origins of his extraordinary powers before he is captured by authorities hell-bent on condemning him for an accidental murder.,"['Fantasy', 'Thriller', 'Action, Fantasy, Thriller', 'Action']",2020-02-28,,"['1', None]",https://image.tmdb.org/t/p/original/xdA3DVWHXGRpFHyhAcK2jtEKnpa.jpg,"['10', '10']","['4.7', '6.6']","['Eldorado Films, 42, Automatik Entertainment, Stardust Effects, Nordisk Film, Zefyr Media Fund', 'Nat Wolff, Priyanka Bose, Iben Akerlie, Arthur Hakalahti, Kai Kolstad Rødseth, Niko Rusakov, Ravdeep Singh Bajwa, Geir Kaspersen, Ania Nova, Oddrun Valestrand, Per Frisch', 'United Kingdom, Norway, United States of America']","['9', '164']"
Made in Italy (2020),Watch Made in Italy (2020) : Online Free A bohemian artist travels from London to Italy with his estranged son to sell the house they inherited from his late wife.,"['Comedy', 'Drama', 'Comedy, Drama']",2020-08-06,,"['1', None]",https://image.tmdb.org/t/p/original/fvBrUQaUhslmpQaqy0yLyHaSRgr.jpg,"['10', '10']","['4.7', '6']","['Indiana Production Company, Rojovid Films, CrossDay Productions', 'Italy, United Kingdom', 'Liam Neeson, Micheál Richardson, Valeria Bilello, Lindsay Duncan, Marco Quaglia, Gian Marco Tavani, Helena Antonio, Yolanda Kettle, Eileen Walsh, Souad Faress, Lavinia Biagi']","['9', '56']"
Harry Potter and the Philosopher's Stone (2001),"Watch Harry Potter and the Philosopher's Stone (2001) : Online Free Harry Potter has lived under the stairs at his aunt and uncle's house his whole life. But on his 11th birthday, he learns he's a powerful wizard -- with a place waiting for him at the Hogwarts School of Witchcraft and Wizardry. As he learns to harness his newfound powers with the help of the school's kindly headmaster, Harry uncovers the truth about his parents' deaths -- and about the villain who's to blame.","['Family', 'Fantasy', 'Adventure, Fantasy, Family', 'Adventure']",2001-11-16,"['halloween', 'wizarding world', 'fantasy world', 'child hero', 'witch', 'wizard', 'based on novel or book', 'based on young adult novel', 'christmas party', 'witch, based on novel or book, christmas party, magic, halloween, child hero, broom, chosen one, frog, fantasy world, wizard, based on young adult novel, wizarding world, hogwarts', 'chosen one', 'broom', 'hogwarts', 'magic', 'frog']","['1', None]",https://image.tmdb.org/t/p/original/3yQdhgs4JavAtDQSL034QYT3veF.jpg,"['10', '10']","['4.7', '7.9']","['United Kingdom, United States of America', 'Warner Bros. Pictures, Heyday Films, 1492 Pictures', 'Daniel Radcliffe, Rupert Grint, Emma Watson, Richard Harris, Tom Felton, Alan Rickman, Robbie Coltrane, Maggie Smith, Richard Griffiths, Ian Hart, Fiona Shaw']","['9', '18219']"
The Old Guard (2020),Watch The Old Guard (2020) : Online Free Four undying warriors who've secretly protected humanity for centuries become targeted for their mysterious powers just as they discover a new immortal.,"['Fantasy', 'Action', 'Action, Fantasy']",2020-07-10,"['mercenary', 'immortality', 'based on comic', 'gay couple', 'mercenary, immortality, based on comic, gay couple']","['1', None]",https://image.tmdb.org/t/p/original/mmWIiuThRBlU1adYr5cJuc6ZZ6W.jpg,"['10', '10']","['4.7', '7.3']","['Charlize Theron, KiKi Layne, Matthias Schoenaerts, Marwan Kenzari, Luca Marinelli, Chiwetel Ejiofor, Harry Melling, Van Veronica Ngo, Natacha Karam, Anamaria Marinca, Joey Ansah', 'United States of America', 'Skydance Media, Denver and Delilah Productions, Dune Films']","['9', '2079']"
Bill & Ted Face the Music (2020),"Watch Bill & Ted Face the Music (2020) : Online Free Yet to fulfill their rock and roll destiny, the now middle-aged best friends Bill and Ted set out on a new adventure when a visitor from the future warns them that only their song can save life as we know it. Along the way, they are helped by their daughters, a new batch of historical figures and a few music legends—to seek the song that will set their world right and bring harmony to the universe.","['Comedy', 'Comedy, Science Fiction, Adventure', 'Science Fiction', 'Adventure']",2020-08-27,"['music', 'guitar, time travel, music, sequel, father daughter relationship', 'sequel', 'time travel', 'father daughter relationship', 'guitar']","['1', None]",https://image.tmdb.org/t/p/original/qkfgN66npzhsoFry0xfEhhR0pRk.jpg,"['10', '10']","['4.7', '6.4']","['United States of America', 'FGM Entertainment, Bloom, Endeavor Content, Hammerstone Studios, Lakeview Entertainment, Metro-Goldwyn-Mayer, TinRes Entertainment, Orion Pictures, Many Rivers Productions', 'Keanu Reeves, Alex Winter, Kristen Schaal, Samara Weaving, Brigette Lundy-Paine, William Sadler, Anthony Carrigan, Erinn Hayes, Jayma Mays, Hal Landon Jr., Beck Bennett']","['9', '204']"
Mad Hot Ballroom (2005),"Watch Mad Hot Ballroom (2005) : Online Free Eleven-year-old New York City public school kids journey into the world of ballroom dancing and reveal pieces of themselves and their world along the way. Told from their candid, sometimes hilarious perspectives, these kids are transformed, from reluctant participants to determined competitors, from typical urban kids to \""ladies and gentlemen,\"" on their way to try to compete in the final citywide.","['Family', 'Documentary', 'Documentary, Family']",2005-05-13,"['woman director', 'kids', 'competition', 'new york city', 'ballroom dancing', 'dance competition', 'new york city, competition, dance competition, ballroom dancing, kids, woman director']","['1', None]",https://image.tmdb.org/t/p/original/4cNTEZxxR2xbgoDZef9Zj24KXZ7.jpg,"['10', '10']","['4.7', '6.9']","['United States of America', 'Nickelodeon Movies, Paramount Vantage, Paramount', 'Heather Berman, Emma Therese Biegacki, Eva Carrozza, Evangelina Carrozzo, Paul Daggett, Graciela Daniele, Pierre Dulaine, Leslie Freu, Tara Devon Gallagher, Madeleine Hackney, Charlotte Jorgensen']","['9', '18']"
Unhinged (2020),Watch Unhinged (2020) : Online Free A case of road rage turns into full-blown terror when an unstable driver follows a woman and her son.,"['Action, Thriller', 'Thriller', 'Action']",2020-07-02,"['stalker, road rage', 'road rage', 'stalker']","['1', None]",https://image.tmdb.org/t/p/original/wXk9y36eTmNl6XwEuOfw6yNNClr.jpg,"['10', '10']","['4.7', '6.1']","['United States of America', 'Russell Crowe, Gabriel Bateman, Caren Pistorius, Anne Leighton, Jimmi Simpson, Michael Papajohn, Sylvia Grace Crim, Lucy Faust, Austin P. McKenzie, Stephen Louis Grush, Gregory Hobson', 'Solstice Productions, Burek Films, Ingenious Media']","['9', '110']"
The Hobbit: The Battle of the Five Armies (2014),"Watch The Hobbit: The Battle of the Five Armies (2014) : Online Free Immediately after the events of The Desolation of Smaug, Bilbo and the dwarves try to defend Erebor's mountain of treasure from others who claim it: the men of the ruined Laketown and the elves of Mirkwood. Meanwhile an army of Orcs led by Azog the Defiler is marching on Erebor, fueled by the rise of the dark lord Sauron. Dwarves, elves and men must unite, and the hope for Middle-Earth falls into Bilbo's hands.","['Action, Adventure, Fantasy', 'Fantasy', 'Adventure', 'Action']",2014-12-10,"['sword and sorcery', 'hobbit', 'corruption, elves, dwarf, orcs, hobbit, based on novel or book, dragon, battle, unlikely friendship, epic battle, sword and sorcery', 'dwarf', 'based on novel or book', 'unlikely friendship', 'epic battle', 'corruption', 'dragon', 'orcs', 'elves', 'battle']","['1', None]",https://image.tmdb.org/t/p/original/gwddnRMrYrD6A1ALFRhlD69WuJl.jpg,"['10', '10']","['4.7', '7.3']","['New Zealand, United States of America', 'Warner Bros. Pictures, WingNut Films, New Line Cinema, 3Foot7, Metro-Goldwyn-Mayer', ""Martin Freeman, Ian McKellen, Richard Armitage, Evangeline Lilly, Luke Evans, Lee Pace, Benedict Cumberbatch, Ken Stott, Aidan Turner, Dean O'Gorman, Billy Connolly""]","['9', '10244']"
Midway (2019),"Watch Midway (2019) : Online Free The story of the Battle of Midway, and the leaders and soldiers who used their instincts, fortitude and bravery to overcome massive odds.","['War', 'History', 'Drama', 'Action', 'War, History, Action, Drama']",2019-11-06,"['battle of midway', '1940s', 'world war ii, war, battle of midway, pacific theater, 1940s', 'pacific theater', 'world war ii', 'war']","['1', None]",https://image.tmdb.org/t/p/original/22VjK2RqKvw3kmo7CPJB4uTqfoH.jpg,"['10', '10']","['4.7', '7.1']","['United States of America', 'Ed Skrein, Patrick Wilson, Woody Harrelson, Luke Evans, Mandy Moore, Luke Kleintank, Dennis Quaid, Aaron Eckhart, Keean Johnson, Nick Jonas, Etsushi Toyokawa', 'AGC Studios, Centropolis Entertainment, Entertainment One, RuYi Media, Starlight Culture Entertainment Group, Street Entertainment, The Mark Gordon Company']","['9', '1217']"
After We Collided (2020),Watch After We Collided (2020) : Online Free Tessa finds herself struggling with her complicated relationship with Hardin; she faces a dilemma that could change their lives forever.,"['Romance', 'Romance, Drama', 'Drama']",2020-09-02,"['teenage crush', 'based on novel or book, love, teenage crush, saga, after', 'based on novel or book', 'saga', 'love', 'after']","[None, '1']",https://image.tmdb.org/t/p/original/7eTG0xaWatHAcF4CkN7CiIi7Nmk.jpg,"['10', '10']","['6.7', '4.7']","['United States of America', 'CalMaple Films, Voltage Pictures', 'Josephine Langford, Hero Fiennes Tiffin, Shane Paul McGhie, Dylan Sprouse, Samuel Larsen, Inanna Sarkis, Khadijha Red Thunder, Charlie Weber, Louise Lombard, Selma Blair, Candice King']","['383', '9']"
Rogue (2020),"Watch Rogue (2020) : Online Free Battle-hardened O’Hara leads a lively mercenary team of soldiers on a daring mission: rescue hostages from their captors in remote Africa. But as the mission goes awry and the team is stranded, O’Hara’s squad must face a bloody, brutal encounter with a gang of rebels.",Action,2020-08-20,"['marines', 'human trafficking', 'warrior woman', 'africa, lion, warrior woman, human trafficking, marines', 'africa', 'lion']","['1', None]",https://image.tmdb.org/t/p/original/7Rn0N9sIRwD2vB6XsMAu4TzWYWj.jpg,"['10', '10']","['4.7', '5.9']","['Mannequin Pictures, The Electric Shadow Company', 'South Africa, United Kingdom', 'Megan Fox, Philip Winchester, Greg Kriek, Brandon Auret, Jessica Sutton, Kenneth Fok, Isabel Bassett, Adam Deacon, Sisanda Henna, Tamer Burjaq, Ashish Gangapersad']","['9', '271']"
The Swamp (2020),"Watch The Swamp (2020) : Online Free A look behind the curtain of Washington politics following three \""renegade\"" Republican Congressmen as they bring libertarian and conservative zeal to champion the President’s call to “drain the swamp.”",Documentary,2020-08-04,"['politics', 'usa', 'usa, washington d.c., politics', 'washington d.c.']","['1', None]",https://image.tmdb.org/t/p/original/6hb9MiGQDK8BOTu350gYWOnrJic.jpg,"['10', '10']","['4.7', '6.6']","['Matt Gaetz, Thomas H. Massie, Ken Buck, Katie Hill, Ro Khanna, John Sarbanes, Lawrence Lessig', 'The Intellectual Property Corporation, Calliope Pictures']","['9', '22']"
Gabriel's Inferno Part II (2020),"Watch Gabriel's Inferno Part II (2020) : Online Free Professor Gabriel Emerson finally learns the truth about Julia Mitchell's identity, but his realization comes a moment too late. Julia is done waiting for the well-respected Dante specialist to remember her and wants nothing more to do with him. Can Gabriel win back her heart before she finds love in another's arms?",Romance,2020-07-31,based on novel or book,"['1', None]",https://image.tmdb.org/t/p/original/fwZss2RwO6pSVXd9DyAs2U7BynF.jpg,"['10', '10']","['4.7', '9']","['PassionFlix', 'Melanie Zanetti, Giulio Berruti, James Andrew Fraser, Margaux Brooke, Agnes Albright, Purva Bedi, Sahar Bibiyan, Cedric Cannon, Ned Van Zandt']","['9', '839']"
The Tax Collector (2020),Watch The Tax Collector (2020) : Online Free David Cuevas is a family man who works as a gangland tax collector for high ranking Los Angeles gang members. He makes collections across the city with his partner Creeper making sure people pay up or will see retaliation. An old threat returns to Los Angeles that puts everything David loves in harm’s way.,"['Crime', 'Action, Crime, Drama', 'Drama', 'Action']",2020-08-07,,"['1', None]",https://image.tmdb.org/t/p/original/uO9tynOMc9Zz9Aq2dLIbLRzzy1f.jpg,"['10', '10']","['4.7', '6.1']","['United States of America', 'Cross Creek Pictures, Cedar Park Entertainment, Faster Horse Pictures, Kodiak Pictures', 'Bobby Soto, Cinthya Carmona, George Lopez, Elpidia Carrillo, Shia LaBeouf, Lana Parrilla, Chelsea Rendon, Cheyenne Rae Hernandez, Noemi Gonzalez, Gabriela Flores, Rene Moran']","['9', '138']"
My Hero Academia: Heroes Rising (2019),"Watch My Hero Academia: Heroes Rising (2019) : Online Free Class 1-A visits Nabu Island where they finally get to do some real hero work. The place is so peaceful that it's more like a vacation … until they're attacked by a villain with an unfathomable Quirk! His power is eerily familiar, and it looks like Shigaraki had a hand in the plan. But with All Might retired and citizens' lives on the line, there's no time for questions. Deku and his friends are the next generation of heroes, and they're the island's only hope.","['Animation, Action', 'Animation', 'Action']",2019-12-20,"['shounen', 'super power', 'anime', 'super power, shounen, anime']","['1', None]",https://image.tmdb.org/t/p/original/2P2AnLieEFgaUUHYrYk65O9yHVD.jpg,"['10', '10']","['4.7', '8.6']","['Japan', 'Daiki Yamashita, Nobuhiko Okamoto, Kenta Miyake, Ayane Sakura, Aoi Yuki, Yuki Kaji, Kôsuke Kuwano, Eri Kitamura, Kaito Ishikawa, Kousuke Miyoshi, Toshiki Masuda', 'BONES, Toho Company, Ltd.']","['9', '408']"
Peninsula (2020),Watch Peninsula (2020) : Online Free A soldier and his team battle hordes of post-apocalyptic zombies in the wastelands of the Korean Peninsula.,"['Horror', 'Thriller', 'Action', 'Action, Horror, Thriller']",2020-07-15,"['zombie', 'sequel', 'peninsula war', 'dystopia', 'busan, south korea', 'dystopia, sequel, zombie, peninsula war, busan, south korea']","['1', None]",https://image.tmdb.org/t/p/original/tmaPJYEGn6hYfesjMMJDvwKxFGm.jpg,"['10', '10']","['4.7', '7.2']","['Next Entertainment World, RedPeter Film', 'South Korea', 'Kang Dong-won, Lee Jung-hyun, Lee Re, Kwon Hae-hyo, Kim Min-jae, Koo Kyo-hwan, Kim Do-yoon, Lee Ye-won, Kim Gyu-baek, Jang So-yeon, Daniel Joey Albright']","['9', '450']"
Red Shoes and the Seven Dwarfs (2019),"Watch Red Shoes and the Seven Dwarfs (2019) : Online Free Princes who have been turned into Dwarfs seek the red shoes of a lady in order to break the spell, although it will not be easy.","['Romance', 'Animation, Romance, Family', 'Family', 'Animation']",2019-07-25,shoe,"['1', None]",https://image.tmdb.org/t/p/original/9vqeVgJeTPyLSBXGPfCFe4J94za.jpg,"['10', '10']","['4.7', '7.3']","['South Korea', 'Sidus, Next Entertainment World, Locus Creative Studios', 'Chloë Grace Moretz, Sam Claflin, Gina Gershon, Patrick Warburton, Jim Rash, Simon Kassianides, Frederik Hamel, Nolan North, Frank Todaro, Ava Kolker, Asher Blinkoff']","['9', '415']"
After Porn Ends 3 (2018),Watch After Porn Ends 3 (2018) : Online Free After Porn Ends 3 continues to explore whether a career as an adult performer is inherently damaging to the balance of a perfomer's life once retired.,Documentary,2018-10-30,"['sex talk', 'porn star, sex talk, social documentary, sex worker', 'porn star', 'social documentary', 'sex worker']","['1', None]",https://image.tmdb.org/t/p/original/8w1A6YyblqO3xvyUTrMZDbQ7MMw.jpg,"['10', '10']","['4.7', '5.4']","['United States of America', 'Christy Canyon, Jenteal, Tera Patrick, Priya Rai, Bonnie Rotten, Jenna Presley, Herschel Savage, Alexandra Silk, Luc Wylder, Nicolette Shea, Kayden Kross', 'Karbonshark, WeBros Entertainment']","['9', '55']"
Trump Card (2020),"Watch Trump Card (2020) : Online Free Trump Card is an expose of the socialism, corruption and gangsterization that now define the Democratic Party. Whether it is the creeping socialism of Joe Biden or the overt socialism of Bernie Sanders, the film reveals what is unique about modern socialism, who is behind it, why it’s evil, and how we can work together with President Trump to stop it.",Documentary,2020-08-07,"['right wing extremism, political documentary', 'right wing extremism', 'political documentary']","['1', None]",https://image.tmdb.org/t/p/original/sC0IJKJHlfXnTkBgFyXWBhbbQZk.jpg,"['10', '10']","['4.7', '3.4']","['Cloudburst Entertainment', ""Dinesh D'Souza""]","['9', '4']"
The Mask (1994),"Watch The Mask (1994) : Online Free When timid bank clerk Stanley Ipkiss discovers a magical mask containing the spirit of the Norse god Loki, his entire life changes. While wearing the mask, Ipkiss becomes a supernatural playboy exuding charm and confidence which allows him to catch the eye of local nightclub singer Tina Carlyle. Unfortunately, under the mask's influence, Ipkiss also robs a bank, which angers junior crime lord Dorian Tyrell, whose goons get blamed for the heist.","['Comedy', 'Crime', 'Fantasy', 'Romance', 'Romance, Comedy, Crime, Fantasy']",1994-07-29,"['norse mythology', 'balloon', 'mockery', 'jail cell', 'green', 'dual identity', 'bank', 'dual identity, bank, mockery, green, balloon, jail cell, norse mythology']","['1', None]",https://image.tmdb.org/t/p/original/cohvd0AD23ALqu7ZFt9mga01K9B.jpg,"['10', '10']","['4.7', '6.9']","['United States of America', 'Jim Carrey, Cameron Diaz, Nancy Fish, Tim Bagley, Peter Greene, Johnny Williams, Peter Riegert, Amy Yasbeck, Richard Jeni, Orestes Matacena, Anne Fletcher', 'Dark Horse Entertainment, New Line Cinema']","['9', '6995']"
Boyka: Undisputed IV (2016),"Watch Boyka: Undisputed IV (2016) : Online Free In the fourth installment of the fighting franchise, Boyka is shooting for the big leagues when an accidental death in the ring makes him question everything he stands for. When he finds out the wife of the man he accidentally killed is in trouble, Boyka offers to fight in a series of impossible battles to free her from a life of servitude","['Action, Drama', 'Drama', 'Action']",2016-08-01,"['prison, wife, sports, accidental death, fighting', 'wife', 'sports', 'accidental death', 'fighting', 'prison']","['1', None]",https://image.tmdb.org/t/p/original/nQ5tswCUyg4ezEmdNGk58rkz0gy.jpg,"['10', '10']","['4.7', '6.7']","['Bulgaria', 'Scott Adkins, Teodora Duhovnikova, Alon Aboutboul, Julian Vergov, Martyn Ford, Brahim Achabbakhe, Paul Chahidi, Petio Petkov, Valentin Ganev, Vlado Mihailov, Vladimir Kolev', 'Nu Boyana Viburno']","['9', '751']"
Offering to the Storm (2020),Watch Offering to the Storm (2020) : Online Free Inspector Amaia Salazar confronts the origins of her nightmares as she unfolds the darkest secrets of the Baztan valley. Part 3 in the Baztan Trilogy.,"['Crime', 'Thriller', 'Crime, Thriller']",2020-07-24,,"['1', None]",https://image.tmdb.org/t/p/original/9aCcz98HV3qx9hh2CJs6IMEev9W.jpg,"['10', '10']","['4.7', '6.4']","['Germany, Spain', 'Nostromo Pictures, Mantecadas Salazar AIE, Atresmedia, Nadcon Film, ZDF, ARTE, Orange, DeAPlaneta', 'Marta Etura, Carlos Librado \\""Nene\\"", Leonardo Sbaraglia, Imanol Arias, Ana Wagener, Eduardo Rosa, Francesc Orella, Benn Northover, Itziar Aizpuru, Elvira Mínguez, Colin McFarlane']","['9', '135']"
The Ash Lad: In the Hall of the Mountain King (2017),"Watch The Ash Lad: In the Hall of the Mountain King (2017) : Online Free Espen “Ash Lad”, a poor farmer’s son, embarks on a dangerous quest with his brothers to save the princess from a vile troll known as the Mountain King – in order to collect a reward and save his family’s farm from ruin.","['Adventure, Fantasy', 'Fantasy', 'Adventure']",2017-09-29,"['troll', 'troll, based on fairy tale, teenage protagonist', 'teenage protagonist', 'based on fairy tale']","['1', None]",https://image.tmdb.org/t/p/original/2yREbnmzmw5IwSczBqPptIAh4HH.jpg,"['10', '10']","['4.7', '6.6']","['Subotica, Sirena Film, Maipo Film', 'Czech Republic, Ireland, Norway', 'Vebjørn Enger, Elias Holmen Sørensen, Mads Sjøgård Pettersen, Eili Harboe, Allan Hyde, Thorbjørn Harr, Gard B. Eidsvold, Synnøve Macody Lund, Gisken Armand, Ida Ursin-Holm, Robert Skjærstad']","['9', '154']"
The Eagle Huntress (2016),"Watch The Eagle Huntress (2016) : Online Free Follow Aisholpan, a 13-year-old girl, as she trains to become the first female in twelve generations of her Kazakh family to become an eagle hunter, and rise to the pinnacle of a tradition that has been typically been handed down from father to son for centuries.","['Family', 'Documentary', 'Family, Documentary, Adventure', 'Adventure']",2016-11-02,"['eagle, sports documentary', 'eagle', 'sports documentary']","['1', None]",https://image.tmdb.org/t/p/original/m6Rk92lA11e4gCisMb6I8OsWQ9t.jpg,"['10', '10']","['4.7', '7.3']","['Mongolia, United States of America, United Kingdom', 'Kissaki Films, Stacey Reiss Productions', 'Daisy Ridley, Nurgaiv Aisholpan, Nurgaiv Rys, Alma Dalaykhan, Bosaga Rys']","['9', '65']"
Harry Potter and the Chamber of Secrets (2002),"Watch Harry Potter and the Chamber of Secrets (2002) : Online Free Cars fly, trees fight back, and a mysterious house-elf comes to warn Harry Potter at the start of his second year at Hogwarts. Adventure and danger await when bloody writing on a wall announces: The Chamber Of Secrets Has Been Opened. To save Hogwarts will require all of Harry, Ron and Hermione’s magical abilities and courage.","['Adventure, Fantasy', 'Fantasy', 'Adventure']",2002-11-13,"['giant spider', 'flying car, witch, magic, child hero, broom, school of witchcraft, giant spider, giant snake, black magic, child driving car, aftercreditsstinger, based on young adult novel, wizarding world', 'wizarding world', 'child hero', 'aftercreditsstinger', 'flying car', 'witch', 'child driving car', 'giant snake', 'based on young adult novel', 'broom', 'school of witchcraft', 'black magic', 'magic']","['1', None]",https://image.tmdb.org/t/p/original/dPVPmK4CTOA6X5SBhqCgCFhtrZE.jpg,"['10', '10']","['4.7', '7.7']","['Germany, United Kingdom, United States of America', 'Warner Bros. Pictures, 1492 Pictures, Heyday Films', 'Daniel Radcliffe, Rupert Grint, Emma Watson, Richard Harris, Alan Rickman, Tom Felton, Kenneth Branagh, Robbie Coltrane, Maggie Smith, David Bradley, Bonnie Wright']","['9', '15046']"
Jumanji: The Next Level (2019),"Watch Jumanji: The Next Level (2019) : Online Free As the gang return to Jumanji to rescue one of their own, they discover that nothing is as they expect. The players will have to brave parts unknown and unexplored in order to escape the world’s most dangerous game.","['Adventure', 'Fantasy', 'Comedy', 'Adventure, Comedy, Fantasy']",2019-12-04,"['magic, animal attack, body-swap, superhuman strength, duringcreditsstinger, action heroine, action hero, jumanji, trapped in a game', 'trapped in a game', 'jumanji', 'animal attack', 'action heroine', 'superhuman strength', 'body-swap', 'action hero', 'duringcreditsstinger', 'magic']","['1', None]",https://image.tmdb.org/t/p/original/zTxHf9iIOCqRbxvl8W5QYKrsMLq.jpg,"['10', '10']","['4.7', '7']","['United States of America', 'Columbia Pictures, Seven Bucks Productions, HartBeat Productions, Matt Tolmach Productions, Teitler Film, Sony Pictures', ""Dwayne Johnson, Kevin Hart, Jack Black, Karen Gillan, Awkwafina, Nick Jonas, Alex Wolff, Morgan Turner, Madison Iseman, Ser'Darius Blain, Danny DeVito""]","['9', '4717']"
El Camino: A Breaking Bad Movie (2019),"Watch El Camino: A Breaking Bad Movie (2019) : Online Free In the wake of his dramatic escape from captivity, Jesse Pinkman must come to terms with his past in order to forge some kind of future.","['Crime, Drama, Thriller, Action', 'Drama', 'Action', 'Crime', 'Thriller']",2019-10-11,"['drugs', 'new mexico', 'albuquerque', 'new mexico, drugs, albuquerque']","['1', None]",https://image.tmdb.org/t/p/original/9igMXvlUR1zrahnQdiXAg3dtaTb.jpg,"['10', '10']","['4.7', '6.9']","['United States of America', 'Aaron Paul, Jesse Plemons, Charles Baker, Matt Jones, Scott MacArthur, Larry Hankin, Scott Shepherd, Tom Bower, Robert Forster, Jonathan Banks, Bryan Cranston', 'Sony Pictures Television, Gran Via Productions, High Bridge Entertainment']","['9', '2784']"
Archive (2020),"Watch Archive (2020) : Online Free 2038: George Almore is working on a true human-equivalent AI, and his latest prototype is almost ready. This sensitive phase is also the riskiest as he has a goal that must be hidden at all costs—being reunited with his dead wife.",Science Fiction,2020-08-13,,"['1', None]",https://image.tmdb.org/t/p/original/ckRBJIHrUhQMMkEhuk4iW2NIBWP.jpg,"['10', '10']","['4.7', '5.7']","['Stacy Martin, Rhona Mitra, Theo James, Peter Ferdinando, Lia Williams, Toby Jones, Richard Glover, Hans Peterson, Hadisha Sovetova, Jeremy Wheeler, Timea Maday Kinga', 'Independent, Hero Squared, Head Gear Films, Metrol Technology, Untapped', 'United Kingdom, Hungary, United States of America']","['9', '109']"
John Wick: Chapter 3 - Parabellum (2019),"Watch John Wick: Chapter 3 - Parabellum (2019) : Online Free Super-assassin John Wick returns with a $14 million price tag on his head and an army of bounty-hunting killers on his trail. After killing a member of the shadowy international assassin’s guild, the High Table, John Wick is excommunicado, but the world’s most ruthless hit men and women await his every turn.","['Action, Thriller, Crime', 'Thriller', 'Crime', 'Action']",2019-05-15,"['sahara', 'martial arts', 'secret society', 'russian mafia', 'sequel', 'casablanca', 'new york city, martial arts, casablanca, morocco, secret society, black humor, sahara, russian mafia, sequel, organized crime, one man army, professional assassin, baba yaga, dog man friendship', 'baba yaga', 'one man army', 'morocco', 'professional assassin', 'new york city', 'black humor', 'organized crime', 'dog man friendship']","['1', None]",https://image.tmdb.org/t/p/original/slzdErqJ4u3kDCeshYHQlMaIObC.jpg,"['10', '10']","['4.7', '7.4']","['United States of America', 'Summit Entertainment, Thunder Road, 87Eleven Productions, Lionsgate', 'Keanu Reeves, Halle Berry, Laurence Fishburne, Mark Dacascos, Asia Kate Dillon, Lance Reddick, Anjelica Huston, Ian McShane, Tobias Segal, Saïd Taghmaoui, Jerome Flynn']","['9', '5743']"
The Equalizer (2014),"Watch The Equalizer (2014) : Online Free McCall believes he has put his mysterious past behind him and dedicated himself to beginning a new, quiet life. But when he meets Teri, a young girl under the control of ultra-violent Russian gangsters, he can’t stand idly by – he has to help her. Armed with hidden skills that allow him to serve vengeance against anyone who would brutalize the helpless, McCall comes out of his self-imposed retirement and finds his desire for justice reawakened. If someone has a problem, if the odds are stacked against them, if they have nowhere else to turn, McCall will help. He is The Equalizer.","['Thriller, Action, Crime', 'Crime', 'Thriller', 'Action']",2014-09-24,"['hostage', 'sadism', 'interrogation', 'gore', 'assassin', 'revenge', 'mysterious past', 'loner', 'fbi', 'vigilante', 'organized crime', 'gangster', 'vigilante justice', 'corruption, assassin, hostage, fbi, hitman, gangster, sadism, vigilante, remake, sociopath, revenge, organized crime, gore, violence, teenage prostitute, commando, interrogation, surveillance, fake death, ex soldier, loner, call girl, black ops, hand to hand combat, mysterious past, vigilante justice', 'fake death', 'hitman', 'commando', 'black ops', 'surveillance', 'hand to hand combat', 'violence', 'ex soldier', 'call girl', 'corruption', 'sociopath', 'remake', 'teenage prostitute']","['1', None]",https://image.tmdb.org/t/p/original/wNNdcsIsYFM6C7rij4cUo2FufNb.jpg,"['10', '10']","['4.7', '7.2']","['United States of America', 'Lonetree Entertainment, Columbia Pictures, Village Roadshow Pictures, Escape Artists, LStar Capital, Mace Neufeld Productions', 'Denzel Washington, Marton Csokas, Chloë Grace Moretz, David Harbour, Haley Bennett, Bill Pullman, Melissa Leo, David Meunier, Johnny Skourtis, Alex Veadov, Vladimir Kulich']","['9', '6115']"
Greenland (2020),"Watch Greenland (2020) : Online Free A detached married couple must get their son and themselves to safety after being randomly selected to enter an underground bunker, as a massive object from space threatens to destroy the world in less than 48 hours.","['Action, Science Fiction, Thriller', 'Thriller', 'Science Fiction', 'Action']",2020-07-29,,"['1', None]",https://image.tmdb.org/t/p/original/3BRFxp1uzkjDJSidEP7wPeP590J.jpg,"['10', '10']","['4.7', '6.1']","['United Kingdom, United States of America', 'STX Entertainment, Thunder Road, Anton, G-BASE, Riverstone Pictures, Truenorth Productions', 'Gerard Butler, Morena Baccarin, Roger Dale Floyd, Scott Glenn, Andrew Bachelor, David Denman, Brandon Quinn, Hayes Mercure, Gary Weeks, Rick Pasqualone, Joshua Mikel']","['9', '84']"
The Dark Knight (2008),"Watch The Dark Knight (2008) : Online Free Batman raises the stakes in his war on crime. With the help of Lt. Jim Gordon and District Attorney Harvey Dent, Batman sets out to dismantle the remaining criminal organizations that plague the streets. The partnership proves to be effective, but they soon find themselves prey to a reign of chaos unleashed by a rising criminal mastermind known to the terrified citizens of Gotham as the Joker.","['Drama, Action, Crime, Thriller', 'Drama', 'Action', 'Crime', 'Thriller']",2008-07-16,"['sadism', 'tragic hero', 'super villain', 'super power', 'dc comics', 'district attorney', 'vigilante', 'organized crime', 'based on comic', 'dc comics, crime fighter, secret identity, scarecrow, sadism, chaos, vigilante, joker, superhero, based on comic, tragic hero, organized crime, criminal mastermind, district attorney, super power, imax, super villain, batman', 'imax', 'crime fighter', 'criminal mastermind', 'secret identity', 'joker', 'superhero', 'batman', 'scarecrow', 'chaos']","['1', None]",https://image.tmdb.org/t/p/original/A9YICp8lGP7Es5R8oD6qUbvDWhn.jpg,"['10', '10']","['4.7', '8.5']","['United Kingdom, United States of America', 'DC Comics, Legendary Pictures, Syncopy, Isobel Griffiths, DC Entertainment, Warner Bros. Pictures', 'Christian Bale, Heath Ledger, Michael Caine, Gary Oldman, Aaron Eckhart, Maggie Gyllenhaal, Morgan Freeman, Nestor Carbonell, Monique Gabriela Curnen, Ron Dean, Ng Chin Han']","['9', '23343']"
Little Women (2019),Watch Little Women (2019) : Online Free Four sisters come of age in America in the aftermath of the Civil War.,"['Romance', 'Drama', 'Drama, Romance']",2019-12-25,"['sibling relationship', 'writer', 'usa, sibling relationship, based on novel or book, massachusetts, sister, remake, writer, 19th century, sister sister relationship', 'sister', 'usa', 'based on novel or book', 'sister sister relationship', 'massachusetts', '19th century', 'remake']","['1', None]",https://image.tmdb.org/t/p/original/mRDCFRs1xOjDaA9tYLQHMkd1pdA.jpg,"['10', '10']","['4.7', '8']","['United States of America', 'Saoirse Ronan, Florence Pugh, Emma Watson, Eliza Scanlen, Laura Dern, Timothée Chalamet, Meryl Streep, Tracy Letts, Bob Odenkirk, James Norton, Louis Garrel', 'Sony Pictures, Columbia Pictures, Pascal Pictures, Regency Enterprises']","['9', '2854']"
