0,addressCountry,streetAddress,postalCode,addressRegion,addressLocality
Barns of Rose Hill,United States,95 Chalmers Ct,22611.0,VA,Berryville
Barns of Rose Hill,United States,19 Chalmers Court,22611.0,VA,Berryville
Barns of Rose Hill,United States,95 Chalmers Ct,22611.0,VA,Berryville
Barns of Rose Hil,United States,19 Chalmers Court,22611.0,VA,Berryville
Barns of Rose Hill,United States,19 Chalmers Court,22611.0,VA,Berryville
B Chord,United States,34266 Williams Gap Rd,20141.0,VA,Round Hill
Berryville,,,,,
Barns of Rose Hill,United States,19 Chalmers Court,22611.0,VA,Berryville
Barns of Rose Hill,United States,95 Chalmers Ct,22611.0,VA,Berryville
Barns of Rose Hill,United States,19 Chalmers Court,22611.0,VA,Berryville
Barns of Rose Hil,United States,19 Chalmers Court,22611.0,VA,Berryville
Barns of Rose Hil,United States,19 Chalmers Court,22611.0,VA,Berryville
Barns of Rose Hill,United States,19 Chalmers Court,22611.0,VA,Berryville
Barns of Rose Hil,United States,19 Chalmers Court,22611.0,VA,Berryville
