0,1,2,3,4,5,6,contactType,8
Intercounty Paving,1.0,10512.0,$$$$,Carmel,United States,96 Commerce Drive,Customer Service,NY
Intercounty Paving,1.0,10512.0,$$$$,Carmel,United States,96 Commerce Drive,Customer Service,NY
Intercounty Paving,1.0,10512.0,$$$$,Carmel,United States,96 Commerce Drive,Customer Service,NY
Intercounty Paving,1.0,10512.0,$$$$,Carmel,United States,96 Commerce Drive,Customer Service,NY
Intercounty Paving,1.0,10512.0,$$$$,Carmel,United States,96 Commerce Drive,Customer Service,NY
Intercounty Paving,1.0,10512.0,$$$$,Carmel,United States,96 Commerce Drive,Customer Service,NY
Intercounty Paving,1.0,10512.0,$$$$,Carmel,United States,96 Commerce Drive,Customer Service,NY
Intercounty Paving,1.0,10512.0,$$$$,Carmel,United States,96 Commerce Drive,Customer Service,NY
Intercounty Paving,1.0,10512.0,$$$$,Carmel,United States,96 Commerce Drive,Customer Service,NY
Intercounty Paving,1.0,10512.0,$$$$,Carmel,United States,96 Commerce Drive,Customer Service,NY
Intercounty Paving,1.0,10512.0,$$$$,Carmel,United States,96 Commerce Drive,Customer Service,NY
Intercounty Paving,1.0,10512.0,$$$$,Carmel,United States,96 Commerce Drive,Customer Service,NY
Intercounty Paving,1.0,10512.0,$$$$,Carmel,United States,96 Commerce Drive,Customer Service,NY
Intercounty Paving,1.0,10512.0,$$$$,Carmel,United States,96 Commerce Drive,Customer Service,NY
