0,description,datePublished,image,genre,worstRating,ratingCount,bestRating,ratingValue,creator,10
A Room with a View (1985) Full Movie,"Watch A Room with a View (1985) : Full Movie Online Free When Lucy Honeychurch and chaperon Charlotte Bartlett find themselves in Florence with rooms without views, fellow guests Mr Emerson and son George step in to remedy the situation. Meeting the Emersons could change Lucy's life forever but, once back in England, how will her experiences in Tuscany affect her marriage plans?",1985-12-13,http://image.tmdb.org/t/p/w1920/8fAXEcTr8AlHsZl6kXKMBXKeqs0.jpg,"['Romance', 'Drama', 'Drama, Romance']","['1', None]","['9', '432']","['10', '10']","['4.7', '7']","['United Kingdom', 'Helena Bonham Carter, Julian Sands, Maggie Smith, Denholm Elliott, Daniel Day-Lewis, Simon Callow, Rosemary Leach, Rupert Graves, Patrick Godfrey, Judi Dench, Fabia Drake', 'Curzon Film Distributors, Goldcrest, National Film Finance Corporation (NFFC)']","['tennis', 'early 1900s', 'bed and breakfast place', 'kiss', 'edwardian england', 'based on novel or book', 'skinny dipping', 'based on novel or book, tennis, kiss, bed and breakfast place, surrey, florence, italy, skinny dipping, spinster, edwardian england, early 1900s', 'spinster', 'florence, italy', 'surrey']"
Extraction (2020) Full Movie,"Watch Extraction (2020) : Full Movie Online Free Tyler Rake, a fearless mercenary who offers his services on the black market, embarks on a dangerous mission when he is hired to rescue the kidnapped son of a Mumbai crime lord…",2020-04-24,http://image.tmdb.org/t/p/w1920/2QSZ4CPd8AoljAL76qM30dFft07.jpg,"['Thriller', 'Drama', 'Drama, Action, Thriller', 'Action']","['1', None]","['9', '3101']","['10', '10']","['4.7', '7.4']","['United States of America', 'Chris Hemsworth, Rudhraksh Jaiswal, Randeep Hooda, Golshifteh Farahani, Pankaj Tripathi, David Harbour, Bryon Lerum, Ryder Lerum, Shivam Vichare, Piyush Khati, Sara Rumao', 'AGBO, Thematic Entertainment, TGIM Films']","['mumbai (bombay), india', 'based on graphic novel', 'mercenary', 'mercenary, mumbai (bombay), india, based on comic, crime boss, rescue mission, based on graphic novel, dhaka (dacca), bangladesh', 'based on comic', 'dhaka (dacca), bangladesh', 'rescue mission', 'crime boss']"
Made in Italy (2020) Full Movie,Watch Made in Italy (2020) : Full Movie Online Free A bohemian artist travels from London to Italy with his estranged son to sell the house they inherited from his late wife.,2020-08-06,http://image.tmdb.org/t/p/w1920/ooZ2lTxSNY5LgoGopWVA49aqeEX.jpg,"['Comedy', 'Drama', 'Comedy, Drama']","['1', None]","['9', '56']","['10', '10']","['4.7', '6']","['Indiana Production Company, Rojovid Films, CrossDay Productions', 'Italy, United Kingdom', 'Liam Neeson, Micheál Richardson, Valeria Bilello, Lindsay Duncan, Marco Quaglia, Gian Marco Tavani, Helena Antonio, Yolanda Kettle, Eileen Walsh, Souad Faress, Lavinia Biagi']",
The New Mutants (2020) Full Movie,"Watch The New Mutants (2020) : Full Movie Online Free Five young mutants, just discovering their abilities while held in a secret facility against their will, fight to escape their past sins and save themselves.",2020-08-26,http://image.tmdb.org/t/p/w1920/wgNFL9wmI024VfHsjqe98FMXXCL.jpg,"['Adventure', 'Science Fiction', 'Action', 'Action, Science Fiction, Horror, Adventure', 'Horror']","['1', None]","['9', '304']","['10', '10']","['4.7', '5.8']","['United States of America', 'Marvel Entertainment, 20th Century Studios, 20th Century Fox, TSG Entertainment', 'Blu Hunt, Maisie Williams, Anya Taylor-Joy, Charlie Heaton, Henry Zaga, Alice Braga, Adam Beach, Thomas Kee, Colbi Gannett, Happy Anderson, Dustin Ceithamer']","['superhero', 'based on comic', 'superhero team', 'mutant, superhero, based on comic, superhero team, captivity', 'mutant', 'captivity']"
The Unfamiliar (2020) Full Movie,"Watch The Unfamiliar (2020) : Full Movie Online Free A British Army doctor comes back from a war, thinking that she has PTSD only to discover that there is a more daunting malevolence at work making the life that she knew unfamiliar.",2020-08-21,http://image.tmdb.org/t/p/w1920/hgJihjOfgxvxX5z869HBryIcPky.jpg,"['Thriller, Horror', 'Horror', 'Thriller']","['1', None]","['9', '37']","['10', '10']","['4.7', '6.2']","['Jemima West, Christopher Dane, Rebecca Hanssen, Harry McMillan-Hunt, Rachel Lin, Tori Butler-Hart, Ben Lee, Guy Warren-Thomas, Beatrice Woolrych', 'Dark Matter Studios, Trigger Films, Onsight']",
We Summon the Darkness (2020) Full Movie,Watch We Summon the Darkness (2020) : Full Movie Online Free Three best friends attending a heavy-metal show cross paths with sadistic killers after they travel to a secluded country home for an after party.,2020-09-17,http://image.tmdb.org/t/p/w1920/hoTaSvpmwWcgFFTwZiMtWi2U8pk.jpg,"['Horror', 'Thriller', 'Horror, Thriller']","['1', None]","['9', '21']","['10', '10']","['4.7', '6.4']","['United States of America', 'Common Enemy, The Fyzz, Magna Entertainment, Iconic Media One', 'Alexandra Daddario, Maddie Hasson, Amy Forsyth, Johnny Knoxville, Keean Johnson, Logan Miller, Austin Swift, Allison McAtee, Erik Athavale, Steve Pacaud, Dennis Scullard']",satanic cult
Money Plane (2020) Full Movie,Watch Money Plane (2020) : Full Movie Online Free A professional thief with $40 million in debt and his family's life on the line must commit one final heist - rob a futuristic airborne casino filled with the world's most dangerous criminals.,2020-09-29,http://image.tmdb.org/t/p/w1920/s329y5tFZS0R7sgFk84YgGEYNnO.jpg,Action,"['1', None]","['9', '30']","['10', '10']","['4.7', '5.4']","[""Dawn's Light, Taylor & Dodge"", 'Adam Copeland, Kelsey Grammer, Thomas Jane, Denise Richards, Katrina Norman, Patrick Lamont Jr., Andrew Lawrence, Joey Lawrence, Matthew Lawrence, Al Sapienza, Aleksander Vayshelboym', 'United States of America']",
Tribal: Get Out Alive (2020) Full Movie,"Watch Tribal: Get Out Alive (2020) : Full Movie Online Free After retiring from active duty, former elite military operative Caitlin Ross now runs a private security firm. She, however, becomes the target when her private security firm accepts a contract from a young millionaire.",2020-07-07,http://image.tmdb.org/t/p/w1920/3a21QwuPsgGXvlnwELzU1JdPWRb.jpg,"['Horror', 'Thriller', 'Action', 'Action, Horror, Thriller']","['1', None]","['9', '3']","['10', '10']","['4.7', '3']","[""Zara Phythian, Ross O'Hennessy, Rachel Warren, Thomas Dodd, Valerie Thomas, Grayson James Matthews"", 'United Kingdom']",
Vivarium (2019) Full Movie,"Watch Vivarium (2019) : Full Movie Online Free A young woman and her fiancé are in search of the perfect starter home. After following a mysterious real estate agent to a new housing development, the couple finds themselves trapped in a maze of identical houses and forced to raise an otherworldly child.",2019-09-07,http://image.tmdb.org/t/p/w1920/vX7hae6S4VEwJU9SaPJNZzy7sKP.jpg,"['Horror', 'Thriller, Science Fiction, Horror', 'Science Fiction', 'Thriller']","['1', None]","['9', '637']","['10', '10']","['4.7', '6']","['Imogen Poots, Jesse Eisenberg, Eanna Hardwicke, Jonathan Aris, Senan Jennings, Molly McCann, Danielle Ryan, Olga Wehrly, Jack Hudson, Michael McGeown, Mark Quigley', 'Belgium, Denmark, Ireland', 'Fantastic Films, Frakas Productions, Lovely Productions, XYZ Films, PingPongFilm']","['body bag', 'suburb, trapped, body bag, real estate agent, digging, creepy kid', 'suburb', 'real estate agent', 'trapped', 'creepy kid', 'digging']"
Ava (2020) Full Movie,Watch Ava (2020) : Full Movie Online Free A black ops assassin is forced to fight for her own survival after a job goes dangerously wrong.,2020-08-06,http://image.tmdb.org/t/p/w1920/wqGY9mJv4ULy763NQlBvENjahxP.jpg,"['Action, Crime, Drama, Thriller', 'Drama', 'Action', 'Crime', 'Thriller']","['1', None]","['9', '352']","['10', '10']","['4.7', '6']","['United States of America', 'Freckles Films, Voltage Pictures, Vertical Entertainment', 'Jessica Chastain, John Malkovich, Colin Farrell, Common, Geena Davis, Ioan Gruffudd, Joan Chen, Jess Weixler, Diana Silvers, Falk Hentschel, Lin Hultgren']",
The Pale Door (2020) Full Movie,"Watch The Pale Door (2020) : Full Movie Online Free The Dalton gang escape to a nearby town after a train robbery goes south, but they are met by a coven of witches with sinister plans for the unsuspecting outlaws.",2020-08-21,http://image.tmdb.org/t/p/w1920/9oegmJ6U0qDe74Thr3OoK43pMaO.jpg,"['Horror', 'Western', 'Horror, Western']","['1', None]","['9', '20']","['10', '10']","['4.7', '5.5']","['Noah Segan, Melora Walters, Zachary Knighton, Stan Shaw, Bill Sage, James Landry Hébert, Devin Druid, Natasha Bassett, Pat Healy, Tina Parker, Alexandra Harris', 'Paper Street Pictures, Storyteller Media, Title Media', 'United States of America']","['occult', 'violence', 'train robbery', 'witches', 'outlaw gang', 'cowboy', 'brothel, church, violence, cowboy, train robbery, occult, outlaw gang, witches', 'church', 'brothel']"
Bloodshot (2020) Full Movie,"Watch Bloodshot (2020) : Full Movie Online Free After he and his wife are murdered, marine Ray Garrison is resurrected by a team of scientists. Enhanced with nanotechnology, he becomes a superhuman, biotech killing machine—'Bloodshot'. As Ray first trains with fellow super-soldiers, he cannot recall anything from his former life. But when his memories flood back and he remembers the man that killed both him and his wife, he breaks out of the facility to get revenge, only to discover that there's more to the conspiracy than he thought.",2020-03-05,http://image.tmdb.org/t/p/w1920/l5f3zpTzSwoCQ7vpNFQwGMySH8M.jpg,"['Science Fiction', 'Action, Science Fiction', 'Action']","['1', None]","['9', '3169']","['10', '10']","['4.7', '7']","['Sony Pictures, Cross Creek Pictures, Mimran Schur Pictures, Original Film, The Hideaway Entertainment, Valiant Entertainment, Columbia Pictures, One Race, Bona Film Group', 'China, United States of America', 'Vin Diesel, Eiza González, Sam Heughan, Toby Kebbell, Talulah Riley, Lamorne Morris, Guy Pearce, Jóhannes Haukur Jóhannesson, Alex Hernandez, Siddharth Dhananjay, Tamer Burjaq']","['nanotechnology', 'nanotechnology, superhero, based on comic, memory, psychotronic, shared universe, valiant comics', 'shared universe', 'superhero', 'memory', 'based on comic', 'psychotronic', 'valiant comics']"
Wendy (2020) Full Movie,"Watch Wendy (2020) : Full Movie Online Free A re-imagining of \""Peter Pan\"" from the point of view of Wendy Darling, who finds herself lost on a mysterious island where aging and time have come unglued. She must fight to save her family, her freedom and the joyous spirit of youth.",2020-02-28,http://image.tmdb.org/t/p/w1920/jqOCty3utHRzDf8BNX5rP6p0UDe.jpg,"['Family', 'Fantasy', 'Adventure', 'Fantasy, Adventure, Family']","['1', None]","['9', '28']","['10', '10']","['4.7', '5.7']","['Searchlight Pictures, Department of Motion Pictures, Court 13 Pictures', 'Devin France, Shay Walker, Tommie Lynn Milazzo, Gage Naquin, Yashua Mack, Gavin Naquin, Ahmad Cage, Krzysztof Meyn, Romyri Ross, Stephanie Lynn Wilson, Lowell Landes', 'United States of America']",
Constantine (2005) Full Movie,"Watch Constantine (2005) : Full Movie Online Free John Constantine has literally been to Hell and back. When he teams up with a policewoman to solve the mysterious suicide of her twin sister, their investigation takes them through the world of demons and angels that exists beneath the landscape of contemporary Los Angeles.",2005-02-08,http://image.tmdb.org/t/p/w1920/tIG8FwHRiHLOlWJdizp2oxdkSL2.jpg,"['Fantasy', 'Horror', 'Drama', 'Drama, Fantasy, Horror']","['1', None]","['9', '4369']","['10', '10']","['4.7', '6.9']","['Germany, United States of America', 'Keanu Reeves, Rachel Weisz, Shia LaBeouf, Djimon Hounsou, Max Baker, Pruitt Taylor Vince, Gavin Rossdale, Tilda Swinton, Peter Stormare, Jesse Ramirez, José Zúñiga', ""Village Roadshow Pictures, DC Comics, Lonely Film Productions GmbH & Co. KG., The Donners' Company, Branded Entertainment/Batfilm Productions, Weed Road Pictures, 3 Art Entertainment, Di Bonaventura Pictures, Warner Bros. Pictures""]","['occult', 'demon', 'aftercreditsstinger', 'angel', 'archangel gabriel', 'supernatural', 'exorcism', 'dc comics', 'superhero', 'based on comic', 'holy water', 'confession', 'lucifer', 'angel, confession, dc comics, exorcism, archangel gabriel, holy water, supernatural, superhero, based on comic, lucifer, demon, occult, aftercreditsstinger']"
Project Power (2020) Full Movie,"Watch Project Power (2020) : Full Movie Online Free An ex-soldier, a teen and a cop collide in New Orleans as they hunt for the source behind a dangerous new pill that grants users temporary superpowers.",2020-08-14,http://image.tmdb.org/t/p/w1920/v6UpylXjQE1WnR1xkWpFwd6BPAy.jpg,"['Action, Crime, Science Fiction', 'Crime', 'Science Fiction', 'Action']","['1', None]","['9', '1324']","['10', '10']","['4.7', '6.6']","['United States of America', 'Jamie Foxx, Joseph Gordon-Levitt, Dominique Fishback, Rodrigo Santoro, Courtney B. Vance, Amy Landecker, Machine Gun Kelly, Tait Fletcher, Allen Maldonado, Andrene Ward-Hammond, Cory DeMeyers', 'Screen Arcade, Supermarché']","['drugs', 'drugs, cops, superpower', 'cops', 'superpower']"
Downhill (2020) Full Movie,"Watch Downhill (2020) : Full Movie Online Free Barely escaping an avalanche during a family ski vacation in the Alps, a married couple is thrown into disarray as they are forced to reevaluate their lives and how they feel about each other.",2020-02-13,http://image.tmdb.org/t/p/w1920/A9HeuT1DISXsXTQnXxNouG7hFa8.jpg,"['Drama, Comedy', 'Drama', 'Comedy']","['1', None]","['9', '113']","['10', '10']","['4.7', '5.6']","['Searchlight Pictures, Likely Story, Filmhaus Films', 'Julia Louis-Dreyfus, Will Ferrell, Miranda Otto, Zach Woods, Kristofer Hivju, Zoe Chao, Ammon Jacob Ford, Julian Grey, Giulio Berruti, Nadiv Molcho, Alex MacQueen', 'United States of America']","['husband wife relationship', 'family vacation', 'husband wife relationship, family vacation, avalanche', 'avalanche']"
The Kissing Booth 2 (2020) Full Movie,"Watch The Kissing Booth 2 (2020) : Full Movie Online Free With college decisions looming, Elle juggles her long-distance romance with Noah, changing relationship with bestie Lee and feelings for a new classmate.",2020-07-24,http://image.tmdb.org/t/p/w1920/dWrvjNFheEvegkEdyMW0xES7MXq.jpg,"['Comedy', 'Romance', 'Comedy, Romance']","['1', None]","['9', '3432']","['10', '10']","['4.7', '8.1']","['Komixx Entertainment', 'Joey King, Jacob Elordi, Joel Courtney, Molly Ringwald, Taylor Zakhar Perez, Maisie Richardson-Sellers, Meganne Young, Stephen Jennings, Carson White, Bianca Bosch, Camilla Wolfson', 'United Kingdom, United States of America']",
1917 (2019) Full Movie,"Watch 1917 (2019) : Full Movie Online Free At the height of the First World War, two young British soldiers must cross enemy territory and deliver a message that will stop a deadly attack on hundreds of soldiers.",2019-12-25,http://image.tmdb.org/t/p/w1920/ds9GKAMhxv5AbprmZ2xCpK8FiEG.jpg,"['War', 'War, Drama, Action, History', 'History', 'Drama', 'Action']","['1', None]","['9', '6554']","['10', '10']","['4.7', '7.9']","['Neal Street Productions, DreamWorks Pictures, New Republic Pictures, Amblin Partners, Universal Pictures, Moving Picture Company, Reliance Entertainment, Mogambo Films, The Canadian Film or Video Production Tax Credit (CPTC)', 'Canada, India, Spain, United Kingdom, United States of America', 'George MacKay, Dean-Charles Chapman, Mark Strong, Andrew Scott, Richard Madden, Claire Duburcq, Colin Firth, Benedict Cumberbatch, Daniel Mays, Adrian Scarborough, Chris Walley']","['trenches', 'race against time', ""no man's land"", 'collection', 'world war i', 'trench warfare', ""world war i, british army, race against time, soldier, trenches, 1910s, trench warfare, collection, no man's land"", 'soldier', 'british army', '1910s']"
The Dawn (2020) Full Movie,"Watch The Dawn (2020) : Full Movie Online Free Following the murder of her family at the hands of her father in the wake of World War I, a young woman is sent to live in a convent. However, the demons that plagued her father follow, reawakening the nightmares of her past.",2020-01-10,http://image.tmdb.org/t/p/w1920/4fXmbOkxrYxhZK8NoVevUmY3BOe.jpg,"['Mystery', 'Drama', 'Horror', 'Drama, Mystery, Thriller, Horror', 'Thriller']","['1', None]","['9', '20']","['10', '10']","['4.7', '5.7']","['Devanny Pinn, Stacey Dash, Ryan Kiser, David Goryl, Heather Wynters, Teilor Grubbs, Jonathan Bennett, Brandon Van Vliet, Ali Daniels', 'Vertical Entertainment']",
Never Rarely Sometimes Always (2020) Full Movie,Watch Never Rarely Sometimes Always (2020) : Full Movie Online Free A pair of teenage girls in rural Pennsylvania travel to New York City to seek out medical help after an unintended pregnancy.,2020-03-13,http://image.tmdb.org/t/p/w1920/9EfBlWRFnDYhVjKFaLfEl1iE5Xh.jpg,Drama,"['1', None]","['9', '84']","['10', '10']","['4.7', '7.3']","['United Kingdom, United States of America', 'BBC Films, Mutressa Movies, PASTEL, Rooftop Films, Tango Entertainment', 'Sidney Flanigan, Talia Ryder, Théodore Pellerin, Ryan Eggold, Sharon Van Etten, Eliazar Jimenez, David Buneta, Christian Clements, Sam Dugger, Aurora Richards, Rose Elizabeth Richards']","['teenage girl, teenage pregnancy, woman director', 'woman director', 'teenage girl', 'teenage pregnancy']"
Gabriel's Inferno Part II (2020) Full Movie,"Watch Gabriel's Inferno Part II (2020) : Full Movie Online Free Professor Gabriel Emerson finally learns the truth about Julia Mitchell's identity, but his realization comes a moment too late. Julia is done waiting for the well-respected Dante specialist to remember her and wants nothing more to do with him. Can Gabriel win back her heart before she finds love in another's arms?",2020-07-31,http://image.tmdb.org/t/p/w1920/h0qh7VBTXb8DMLzqyB0Z6E8UKNq.jpg,Romance,"['1', None]","['9', '811']","['10', '10']","['4.7', '9']","['PassionFlix', 'Melanie Zanetti, Giulio Berruti, James Andrew Fraser, Margaux Brooke, Agnes Albright, Purva Bedi, Sahar Bibiyan, Cedric Cannon, Ned Van Zandt']",based on novel or book
Mulan (2020) Full Movie,"Watch Mulan (2020) : Full Movie Online Free When the Emperor of China issues a decree that one man per family must serve in the Imperial Chinese Army to defend the country from Huns, Hua Mulan, the eldest daughter of an honored warrior, steps in to take the place of her ailing father. She is spirited, determined and quick on her feet. Disguised as a man by the name of Hua Jun, she is tested every step of the way and must harness her innermost strength and embrace her true potential.",2020-09-10,http://image.tmdb.org/t/p/w1920/m7TH3tOD1krBRNcEfXMIsqVsifW.jpg,"['Action, Adventure, Drama, Fantasy', 'Drama', 'Adventure', 'Action', 'Fantasy']","['1', None]","['9', '2052']","['10', '10']","['4.7', '7.4']","['Walt Disney Pictures, China Film Group Corporation, Good Fear, Jason T. Reed Productions', 'Liu Yifei, Jet Li, Tzi Ma, Donnie Yen, Gong Li, Jason Scott Lee, Yoson An, Rosalind Chao, Cheng Pei-Pei, Ron Yuan, Chen Tang', 'China, United States of America']","['costumes', 'courage', 'honor', 'martial arts', 'heroine', 'based on myths, legends or folklore', 'china', 'false identity', 'war', 'china, martial arts, false identity, war, honor, heroine, based on myths, legends or folklore, courage, costumes']"
12 Angry Men (1957) Full Movie,"Watch 12 Angry Men (1957) : Full Movie Online Free The defense and the prosecution have rested and the jury is filing into the jury room to decide if a young Spanish-American is guilty or innocent of murdering his father. What begins as an open and shut case soon becomes a mini-drama of each of the jurors' prejudices and preconceptions about the trial, the accused, and each other.",1957-04-10,http://image.tmdb.org/t/p/w1920/w4bTBXcqXc2TUyS5Fc4h67uWbPn.jpg,Drama,"[None, '1']","['4989', '9']","['10', '10']","['8.5', '4.7']","['United Artists, Orion-Nova Productions', 'Martin Balsam, John Fiedler, Lee J. Cobb, E.G. Marshall, Jack Klugman, Edward Binns, Jack Warden, Henry Fonda, Joseph Sweeney, Ed Begley, George Voskovec', 'United States of America']","['class', 'violence', 'father murder', 'court case', 'anonymity', 'judge, jurors, sultriness, death penalty, father murder, puerto rican, anonymity, court case, heat, class, innocence, court, violence, courtroom', 'sultriness', 'puerto rican', 'heat', 'death penalty', 'jurors', 'court', 'judge', 'innocence', 'courtroom']"
The Art of Racing in the Rain (2019) Full Movie,"Watch The Art of Racing in the Rain (2019) : Full Movie Online Free A family dog—with a near-human soul and a philosopher's mind—evaluates his life through the lessons learned by his human owner, a race-car driver.",2019-08-08,http://image.tmdb.org/t/p/w1920/bCL2aG1XmB2xERqHqlcAauXUFuw.jpg,"['Comedy', 'Romance', 'Drama', 'Comedy, Drama, Romance']","['1', None]","['9', '614']","['10', '10']","['4.7', '8.4']","['United States of America', 'Original Film, 20th Century Fox, Shifting Gears Productions, Fox 2000 Pictures, Starbucks Entertainment, Universal Pictures', 'Milo Ventimiglia, Kevin Costner, Amanda Seyfried, Martin Donovan, Ian Lake, Gary Cole, Kathy Baker, McKinley Belcher III, Ryan Kiera Armstrong, Lily Dodsworth-Evans, Al Sapienza']","['racing', 'animal narrator', 'based on novel or book, reincarnation, sports, racing, dog, car, animal narrator', 'based on novel or book', 'reincarnation', 'sports', 'car', 'dog']"
The Lord of the Rings: The Return of the King (2003) Full Movie,"Watch The Lord of the Rings: The Return of the King (2003) : Full Movie Online Free Aragorn is revealed as the heir to the ancient kings as he, Gandalf and the other members of the broken fellowship struggle to save Gondor from Sauron's forces. Meanwhile, Frodo and Sam take the ring closer to the heart of Mordor, the dark lord's realm.",2003-12-01,http://image.tmdb.org/t/p/w1920/veil9soyCyCy7ovAkyg1h3IYW8q.jpg,"['Fantasy', 'Adventure', 'Action', 'Adventure, Fantasy, Action']","['1', None]","['9', '16269']","['10', '10']","['4.7', '8.5']","['New Zealand, United States of America', 'New Line Cinema, WingNut Films, The Saul Zaentz Company', 'Elijah Wood, Ian McKellen, Viggo Mortensen, Sean Astin, Orlando Bloom, John Rhys-Davies, Dominic Monaghan, Billy Boyd, Liv Tyler, Andy Serkis, Bernard Hill']","['sword and sorcery', 'honor', 'royalty', 'live action and animation', 'brutality', 'suspicion', 'ghost', 'elves, dwarf, orcs, hobbit, based on novel or book, suspicion, volcano, power, bravery, war, addiction, honor, royalty, troll, brutality, violence, ghost, wizard, quest, live action and animation, sword and sorcery', 'wizard', 'volcano', 'hobbit', 'addiction', 'bravery', 'orcs', 'elves', 'violence', 'dwarf', 'quest', 'based on novel or book', 'war', 'power', 'troll']"
The Crimes That Bind (2020) Full Movie,"Watch The Crimes That Bind (2020) : Full Movie Online Free When her son is accused of raping and trying to murder his ex-wife, Alicia embarks on a journey that will change her life forever.",2020-08-20,http://image.tmdb.org/t/p/w1920/dIaC4bAEgIu1GZ699SPx86ZovxM.jpg,"['Crime', 'Thriller, Crime, Drama', 'Drama', 'Thriller']","['1', None]","['9', '104']","['10', '10']","['4.7', '6.5']","['Buffalo Films, Magoya Films', 'Cecilia Roth, Miguel Ángel Solá, Benjamín Amadeo, Sofía Gala Castiglione, Yanina Ávila, Marcelo Subiotto, Paola Barrientos, Diego Cremonesi, Claudio Martínez Bel, Santiago Ávila, María Marull', 'Argentina']",
Birds of Prey (and the Fantabulous Emancipation of One Harley Quinn) (2020) Full Movie,"Watch Birds of Prey (and the Fantabulous Emancipation of One Harley Quinn) (2020) : Full Movie Online Free Harley Quinn joins forces with a singer, an assassin and a police detective to help a young girl who had a hit placed on her after she stole a rare diamond from a crime lord.",2020-02-05,http://image.tmdb.org/t/p/w1920/xj08mgitaxjLlA0AaCY30V4t8BL.jpg,"['Comedy', 'Crime', 'Action', 'Action, Crime, Comedy']","['1', None]","['9', '5890']","['10', '10']","['4.7', '7.2']","['United States of America', 'Margot Robbie, Ewan McGregor, Mary Elizabeth Winstead, Jurnee Smollett, Rosie Perez, Chris Messina, Ella Jay Basco, Ali Wong, Matthew Willig, Dana Lee, Steven Williams', 'DC Entertainment, LuckyChap Entertainment, Kroll & Co Entertainment, Warner Bros. Pictures, DC Comics, DC Films, Clubhouse Pictures']","['the joker', 'woman director', 'dc comics', 'dc extended universe', 'based on comic', 'batman', 'gotham city', 'dc comics, based on comic, woman director, dc extended universe, the joker, batman, gotham city']"
The Specials (2019) Full Movie,"Watch The Specials (2019) : Full Movie Online Free For twenty years, Bruno and Malik have lived in a different world—the world of autistic children and teens. In charge of two separate nonprofit organizations (The Hatch & The Shelter), they train young people from underprivileged areas to be caregivers for extreme cases that have been refused by all other institutions. It’s an exceptional partnership, outside of traditional settings, for some quite extraordinary characters.",2019-10-23,http://image.tmdb.org/t/p/w1920/2VQWArUeKORUOn4P3iOOeknw5C2.jpg,"['Comedy', 'Drama', 'Comedy, Drama']","['1', None]","['9', '436']","['10', '10']","['4.7', '8.1']","['Quad & Ten Cinema, Gaumont, TF1 Films Production, Canal+, OCS, Ciné+, TF1', 'Vincent Cassel, Reda Kateb, Hélène Vincent, Bryan Mialoundama, Alban Ivanov, Benjamin Lesieur, Marco Locatelli, Catherine Mouchet, Frédéric Pierrot, Suliane Brahim, Lyna Khoudri', 'France']",
Rogue (2020) Full Movie,"Watch Rogue (2020) : Full Movie Online Free Battle-hardened O’Hara leads a lively mercenary team of soldiers on a daring mission: rescue hostages from their captors in remote Africa. But as the mission goes awry and the team is stranded, O’Hara’s squad must face a bloody, brutal encounter with a gang of rebels.",2020-08-20,http://image.tmdb.org/t/p/w1920/1j9wiyq9kHuXXqXeXaWKePvKsVx.jpg,Action,"['1', None]","['9', '266']","['10', '10']","['4.7', '5.9']","['Mannequin Pictures, The Electric Shadow Company', 'South Africa, United Kingdom', 'Megan Fox, Philip Winchester, Greg Kriek, Brandon Auret, Jessica Sutton, Kenneth Fok, Isabel Bassett, Adam Deacon, Sisanda Henna, Tamer Burjaq, Ashish Gangapersad']","['marines', 'human trafficking', 'warrior woman', 'africa, lion, warrior woman, human trafficking, marines', 'africa', 'lion']"
Eternal Beauty (2020) Full Movie,"Watch Eternal Beauty (2020) : Full Movie Online Free When Jane is rejected by life, she spirals into a chaotic, schizophrenic world where love and normality collide with humorous consequences.",2020-08-21,http://image.tmdb.org/t/p/w1920/yyDllHANP0R8YuSXz8NySVXYomW.jpg,"['Comedy', 'Drama', 'Comedy, Drama']","['1', None]","['9', '18']","['10', '10']","['4.7', '5.7']","['United Kingdom', ""Sally Hawkins, Alice Lowe, Billie Piper, Penelope Wilton, David Thewlis, Robert Pugh, Banita Sandhu, Morfydd Clark, Natalie O'Neill, Elysia Welch, Robert Aramayo"", 'Cliff Edge Pictures, Endeavor Content, Ffilm Cymru Wales, Front Row Filmed Entertainment, Samuel Goldwyn Company']",
The Hunt (2020) Full Movie,"Watch The Hunt (2020) : Full Movie Online Free Twelve strangers wake up in a clearing. They don't know where they are—or how they got there. In the shadow of a dark internet conspiracy theory, ruthless elitists gather at a remote location to hunt humans for sport. But their master plan is about to be derailed when one of the hunted turns the tables on her pursuers.",2020-03-11,http://image.tmdb.org/t/p/w1920/evo3crueRIK9Eutb3lnDLVbD2xD.jpg,"['Horror', 'Action, Thriller, Horror', 'Action', 'Thriller']","['1', None]","['9', '1385']","['10', '10']","['4.7', '6.6']","['Blumhouse Productions, Universal Pictures, White Rabbit Productions', 'United States of America', 'Betty Gilpin, Hilary Swank, Ethan Suplee, Teri Wyble, Ike Barinholtz, Wayne Duvall, Emma Roberts, Christopher Berry, Sturgill Simpson, Kate Nowlin, Amy Madigan']","['pig', 'hunting human beings', 'knife fight', 'gore', 'satire', 'croatia, hunting human beings, hand grenade, pig, satire, murder, gore, knife fight', 'hand grenade', 'croatia', 'murder']"
The King of Staten Island (2020) Full Movie,"Watch The King of Staten Island (2020) : Full Movie Online Free Scott has been a case of arrested development ever since his firefighter father died when he was seven. He’s now reached his mid-20s having achieved little, chasing a dream of becoming a tattoo artist that seems far out of reach. As his ambitious younger sister heads off to college, Scott is still living with his exhausted ER nurse mother and spends his days smoking weed, hanging with the guys — Oscar, Igor and Richie — and secretly hooking up with his childhood friend Kelsey. But when his mother starts dating a loudmouth firefighter named Ray, it sets off a chain of events that will force Scott to grapple with his grief and take his first tentative steps toward moving forward in life.",2020-07-22,http://image.tmdb.org/t/p/w1920/q9VQzEkNmiP5icylaS7LB3PGmzw.jpg,"['Comedy', 'Drama', 'Comedy, Drama']","['1', None]","['9', '134']","['10', '10']","['4.7', '6.8']","['United States of America', 'Pete Davidson, Marisa Tomei, Bill Burr, Bel Powley, Maude Apatow, Steve Buscemi, Pamela Adlon, Action Bronson, Kevin Corrigan, Ricky Velez, Moisés Arias', 'Universal Pictures, Apatow Productions, Perfect World Pictures']","['family drama', 'slacker', 'slacker, family drama, firefighter', 'firefighter']"
Sea Fever (2020) Full Movie,Watch Sea Fever (2020) : Full Movie Online Free The crew of a West of Ireland trawler—marooned at sea—struggle for their lives against a growing parasite in their water supply.,2020-06-12,http://image.tmdb.org/t/p/w1920/eN4OsFVwZf9aIdaobuIzD8otEgO.jpg,"['Science Fiction, Horror, Thriller', 'Horror', 'Science Fiction', 'Thriller']","[None, '1']","['54', '9']","['10', '10']","['5.8', '4.7']","['Belgium, United Kingdom, Ireland, United States of America, Sweden', 'Epic Pictures Group, Frakas Productions, Bright Pictures, Screen Ireland', 'Hermione Corfield, Ardalan Esmaili, Olwen Fouéré, Jack Hickey, Elie Bouakaze, Dougray Scott, Connie Nielsen, Dag Malmberg']","['cryptozoology, sea monster', 'cryptozoology', 'sea monster']"
GoodFellas (1990) Full Movie,"Watch GoodFellas (1990) : Full Movie Online Free The true story of Henry Hill, a half-Irish, half-Sicilian Brooklyn kid who is adopted by neighbourhood gangsters at an early age and climbs the ranks of a Mafia family under the guidance of Jimmy Conway.",1990-09-12,http://image.tmdb.org/t/p/w1920/mr5ZBE57MHalRWH0VO3DUhvqq6R.jpg,"['Crime', 'Drama', 'Drama, Crime']","['1', None]","['9', '7975']","['10', '10']","['4.7', '8.4']","['United States of America', 'Winkler Films', 'Ray Liotta, Robert De Niro, Joe Pesci, Lorraine Bracco, Paul Sorvino, Frank Sivero, Tony Darrow, Mike Starr, Frank Vincent, Chuck Low, Frank DiLeo']","['gore', 'mass murder', 'new york city, prison, based on novel or book, florida, 1970s, mass murder, irish-american, drug traffic, gangster, biography, based on a true story, murder, organized crime, gore, mafia, violence, brooklyn, new york city, crime epic, tampa', 'based on a true story', 'mafia', 'irish-american', 'organized crime', 'gangster', 'prison', 'biography', 'tampa', 'drug traffic', '1970s', 'new york city', 'crime epic', 'brooklyn, new york city', 'murder', 'violence', 'florida', 'based on novel or book']"
Judy (2019) Full Movie,"Watch Judy (2019) : Full Movie Online Free Winter 1968 and showbiz legend Judy Garland arrives in Swinging London to perform a five-week sold-out run at The Talk of the Town. It is 30 years since she shot to global stardom in The Wizard of Oz, but if her voice has weakened, its dramatic intensity has only grown. As she prepares for the show, battles with management, charms musicians and reminisces with friends and adoring fans, her wit and warmth shine through. Even her dreams of love seem undimmed as she embarks on a whirlwind romance with Mickey Deans, her soon-to-be fifth husband.",2019-09-27,http://image.tmdb.org/t/p/w1920/nqytw4SIY7q7IoOgzmxJiQ9p3p2.jpg,Drama,"['1', None]","['9', '596']","['10', '10']","['4.7', '6.8']","['United Kingdom', 'BBC Films, Calamity Films, Pathé!', 'Renée Zellweger, Rufus Sewell, Finn Wittrock, Michael Gambon, Richard Cordery, Jessie Buckley, Bella Ramsey, John Dagleish, Gemma-Leah Devereux, Tim Ahern, Bentley Kalu']","['drug addiction', 'judy garland', 'gay', 'addiction', 'london, england', 'celebrity', 'drug abuse', 'biography', 'london, england, drug abuse, drug addiction, biography, celebrity, addiction, singer, 1960s, judy garland, gay', 'singer', '1960s']"
Santana (2020) Full Movie,Watch Santana (2020) : Full Movie Online Free Two brothers — one a narcotics agent and the other a general — finally discover the identity of the drug lord who murdered their parents decades ago. They may kill each other before capturing the bad guys.,2020-08-28,http://image.tmdb.org/t/p/w1920/4e6iFckurkhmiwFk2yKxSnp6Lfm.jpg,Action,"['1', None]","['9', '115']","['10', '10']","['4.7', '5.8']","Paulo Americano, Terence Bridgett, Tamer Burjaq, Nompilo Gwala, Paul Hampshire, Dale Jackson, Hakeem Kae-Kazim, Terri Lane, Robin Minifie, Raúl Rosário, Rapulana Seiphemo",
Ad Astra (2019) Full Movie,"Watch Ad Astra (2019) : Full Movie Online Free The near future, a time when both hope and hardships drive humanity to look to the stars and beyond. While a mysterious phenomenon menaces to destroy life on planet Earth, astronaut Roy McBride undertakes a mission across the immensity of space and its many perils to uncover the truth about a lost expedition that decades before boldly faced emptiness and silence in search of the unknown.",2019-09-17,http://image.tmdb.org/t/p/w1920/yEcTiowmZS8ZsuuYb8CYQPyA3sl.jpg,"['Drama', 'Science Fiction, Drama', 'Science Fiction']","['1', None]","['9', '4228']","['10', '10']","['4.7', '6.1']","['Brazil, China, United States of America', 'Brad Pitt, Tommy Lee Jones, Ruth Negga, John Ortiz, Liv Tyler, Donald Sutherland, Greg Bryk, Loren Dean, Kimberly Elise, John Finn, LisaGay Hamilton', 'New Regency Productions, Keep Your Head, MadRiver Pictures, Plan B Entertainment, RT Features, Bona Film Group, TSG Entertainment']","['father son relationship', 'loss of loved one', 'planet mars', 'moon, loss of loved one, planet mars, astronaut, moon colony, solar system, father son relationship, near future, planet neptune, space walk', 'solar system', 'space walk', 'near future', 'astronaut', 'moon', 'moon colony', 'planet neptune']"
After We Collided (2020) Full Movie,Watch After We Collided (2020) : Full Movie Online Free Tessa finds herself struggling with her complicated relationship with Hardin; she faces a dilemma that could change their lives forever.,2020-09-02,http://image.tmdb.org/t/p/w1920/r5srC0cqU36n38azFnCyReEksiR.jpg,"['Romance', 'Romance, Drama', 'Drama']","['1', None]","['9', '371']","['10', '10']","['4.7', '6.7']","['United States of America', 'CalMaple Films, Voltage Pictures', 'Josephine Langford, Hero Fiennes Tiffin, Shane Paul McGhie, Dylan Sprouse, Samuel Larsen, Inanna Sarkis, Khadijha Red Thunder, Charlie Weber, Louise Lombard, Selma Blair, Candice King']","['teenage crush', 'based on novel or book, love, teenage crush, saga, after', 'based on novel or book', 'saga', 'love', 'after']"
Pinocchio (2019) Full Movie,"Watch Pinocchio (2019) : Full Movie Online Free In this live-action adaptation of the beloved fairytale, old woodcarver Geppetto fashions a wooden puppet, Pinocchio, who magically comes to life. Pinocchio longs for adventure and is easily led astray, encountering magical beasts, fantastical spectacles, while making friends and foes along his journey. However, his dream is to become a real boy, which can only come true if he finally changes his ways.",2019-12-19,http://image.tmdb.org/t/p/w1920/zXMBkSTiukK7101pXuCg99ywVFn.jpg,"['Drama', 'Adventure', 'Fantasy', 'Fantasy, Family, Adventure, Drama', 'Family']","['1', None]","['9', '682']","['10', '10']","['4.7', '6.8']","[""Fonds Eurimages du Conseil de l'Europe, Archimede, Recorded Picture Company, Le Pacte, Rai Cinema, Ministero per i Beni e le Attività Culturali, 01 Distribution, Apulia Film Commission, BPER Banca, Canal+, Ciné+, Direzione Generale Cinema, Lazio Cinema International, Lotus Production, Regione Lazio, Regione Puglia, Regione Toscana, Toscana Promozione, Unipol"", 'United Kingdom, Italy, France', 'Federico Ielapi, Roberto Benigni, Marine Vacth, Gigi Proietti, Massimo Ceccherini, Rocco Papaleo, Alessio Di Domenicantonio, Marcello Fonte, Davide Marotta, Paolo Graziosi, Gianfranco Gallo']","[""based on novel or book, based on children's book"", 'based on novel or book', ""based on children's book""]"
Archive (2020) Full Movie,"Watch Archive (2020) : Full Movie Online Free 2038: George Almore is working on a true human-equivalent AI, and his latest prototype is almost ready. This sensitive phase is also the riskiest as he has a goal that must be hidden at all costs—being reunited with his dead wife.",2020-08-13,http://image.tmdb.org/t/p/w1920/zK8PcIr4237opCIMy43JCzEbf1E.jpg,Science Fiction,"['1', None]","['9', '101']","['10', '10']","['4.7', '5.8']","['Stacy Martin, Rhona Mitra, Theo James, Peter Ferdinando, Lia Williams, Toby Jones, Richard Glover, Hans Peterson, Hadisha Sovetova, Jeremy Wheeler, Timea Maday Kinga', 'Independent, Hero Squared, Head Gear Films, Metrol Technology, Untapped', 'United Kingdom, Hungary, United States of America']",
The Tax Collector (2020) Full Movie,Watch The Tax Collector (2020) : Full Movie Online Free David Cuevas is a family man who works as a gangland tax collector for high ranking Los Angeles gang members. He makes collections across the city with his partner Creeper making sure people pay up or will see retaliation. An old threat returns to Los Angeles that puts everything David loves in harm’s way.,2020-08-07,http://image.tmdb.org/t/p/w1920/hC71QVRtZqKQslqb2Bwax1FVnyk.jpg,"['Crime', 'Action, Crime, Drama', 'Drama', 'Action']","['1', None]","['9', '138']","['10', '10']","['4.7', '6.1']","['United States of America', 'Cross Creek Pictures, Cedar Park Entertainment, Faster Horse Pictures, Kodiak Pictures', 'Bobby Soto, Cinthya Carmona, George Lopez, Elpidia Carrillo, Shia LaBeouf, Lana Parrilla, Chelsea Rendon, Cheyenne Rae Hernandez, Noemi Gonzalez, Gabriela Flores, Rene Moran']",
The Outpost (2020) Full Movie,"Watch The Outpost (2020) : Full Movie Online Free A small unit of U.S. soldiers, alone at the remote Combat Outpost Keating, located deep in the valley of three mountains in Afghanistan, battles to defend against an overwhelming force of Taliban fighters in a coordinated attack. The Battle of Kamdesh, as it was known, was the bloodiest American engagement of the Afghan War in 2009 and Bravo Troop 3-61 CAV became one of the most decorated units of the 19-year conflict.",2020-06-24,http://image.tmdb.org/t/p/w1920/iU8nuYSdxhDRBh2WPGK7UmXQtEs.jpg,"['War', 'History', 'Drama', 'War, Drama, History, Action', 'Action']","['1', None]","['9', '360']","['10', '10']","['4.7', '6.7']","['Bulgaria, United States of America', 'Millennium Films, York Films, Perfection Hunter Productions', 'Scott Eastwood, Caleb Landry Jones, Orlando Bloom, Ernest Cavazos, Taylor John Smith, Cory Hardrict, Milo Gibson, Bobby Lockwood, Jacob Scipio, Jack Kesy, Celina Sinden']","['based on novel or book', 'based on novel or book, based on a true story, afghanistan war, afganistan', 'based on a true story', 'afganistan', 'afghanistan war']"
A Beautiful Day in the Neighborhood (2019) Full Movie,"Watch A Beautiful Day in the Neighborhood (2019) : Full Movie Online Free An award-winning cynical journalist, Lloyd Vogel, begrudgingly accepts an assignment to write an Esquire profile piece on the beloved television icon Fred Rogers. After his encounter with Rogers, Vogel's perspective on life is transformed.",2019-09-07,http://image.tmdb.org/t/p/w1920/3hNTv0ZnPF5BTUMhyGsKKHg3UmA.jpg,Drama,"['1', None]","['9', '682']","['10', '10']","['4.7', '7.1']","['TriStar Pictures, Tencent Pictures, Big Beach', 'China, United States of America', 'Tom Hanks, Matthew Rhys, Chris Cooper, Susan Kelechi Watson, Maryann Plunkett, Enrico Colantoni, Wendy Makkena, Tammy Blanchard, Noah Harpster, Carmen Cusack, Kelley Davis']","[""journalist, male friendship, tv star, biography, friendship, estranged father, 1990s, based on magazine, newspaper or article, mister rogers, children's tv show"", 'mister rogers', 'estranged father', 'journalist', 'biography', '1990s', 'based on magazine, newspaper or article', 'tv star', ""children's tv show"", 'friendship', 'male friendship']"
32 Malasana Street (2020) Full Movie,"Watch 32 Malasana Street (2020) : Full Movie Online Free Inspired by real events, the story centers around a family in the 70s who settles in the Madrid neighborhood of Malasaña where their new house will become the worst of their nightmares.",2020-01-17,http://image.tmdb.org/t/p/w1920/gjiQJWLbTs06pI9WHnCu7NKMoGK.jpg,Horror,"['1', None]","['9', '353']","['10', '10']","['4.7', '6.7']","['4 Cats Pictures, Atresmedia, Bambú Producciones, Mr. Fields and Friends', 'Iván Marcos, Bea Segura, Begona Vargas, Javier Botet, Iván Renedo, Sergio Castellanos, María Ballesteros, José Luis de Madariaga, Concha Velasco, Pablo Vázquez, Miguel Ramiro', 'Spain']","['ghost', 'ghost story', 'ghost story, ghost']"
Hard Kill (2020) Full Movie,"Watch Hard Kill (2020) : Full Movie Online Free The work of billionaire tech CEO Donovan Chalmers is so valuable that he hires mercenaries to protect it, and a terrorist group kidnaps his daughter just to get it.",2020-08-25,http://image.tmdb.org/t/p/w1920/9brPw5DBErQo0KjvQDnuq2gj3YR.jpg,"['Action, Thriller', 'Thriller', 'Action']","['1', None]","['9', '105']","['10', '10']","['4.7', '5']","['United States of America', 'Bruce Willis, Jesse Metcalfe, Natalie Eva Marie, Lala Kent, Texas Battle, Swen Temmel, Sergio Rizzuto, Tyler Jon Olson, Jon Galanis', 'Emmett Furla Oasis Films, BondIt Media Capital']",
