0,1,description,recipeYield,datePublished,prepTime,cookTime,7,recipeCategory,url,totalTime
Dilll & Rosemary Roasted Red Potato Salad,"['Spread out into 1 layer on a cookie sheet or baking pan and bake at 450º for about 25 mins until potatoes are tender and a bit crisp. Let potatoes cool.', 'Chop celery, onions and dill. Toss in with cooled potatoes.', 'Chill for about an hour before serving to let all of the flavors soak in. Eat and enjoy!', 'Mix greek yogurt, garlic and mustard until combined. Pour over potatoes and toss gently until incorporated.', 'Place cubed potatoes in a large bowl or gallon sized plastic baggie and drizzle with olive oil. Add dry ranch seasoning and rosemary and toss to coat.']",Crispy oven roasted red potatoes combined with fresh rosemary and dill make for a savory twist on this classic BBQ staple.,8 cups of salad,2017-05-14,PT15M,PT1H30M,By Heidi,Sides,http://www.awesomewithsprinkles.com/?recipe=rosemary-roasted-red-potato-salad,
DIY Mulling Spices,"[""This recipe makes about 1/2 cup of spices, which is good for a big pot of cider or two bottles of wine. If you are making a big batch to have on hand or for gifts then double or triple (or quadruple!) as needed. It's super simple, just measure your spices 1 for 1."", 'Toss all of your spices into a bowl or jar and mix together. Package in a mason jar or other airtight container for long term storage or use to fill cheesecloth or muslin bags for single serving use (or gifting!)']","Homemade mulling spices are great for mulled cider, mulled wine, tea or simmer pots!",1/2 cup spices,2016-11-27,,,By Heidi,Sips,http://www.awesomewithsprinkles.com/?recipe=diy-mulling-spices,
Monster Mashup Cookies (aka Monsturds),"['Drop a heaping pile (about 3 tbsp) of monster dough onto a baking sheet. I could fit about 6 cookies on my half-sheet baking pan. Bake for 10-12 minutes. Remove from the oven and let cool on a baking rack. Enjoy with a tall glass of chocolate milk!', 'Preheat oven to 350º degrees F. Line a cookie sheet with parchment paper or a silicone parchment mat. In a medium sized bowl add the flour, salt, and baking soda. Gently whisk to combine. Set aside.', 'In a large bowl beat the butter and sugars together until smooth and creamy. Beat in the pudding mix. Add eggs, one at a time, beating after each addition until incorporated. Mix in the vanilla.', 'Slowly add the dry ingredients into the wet mixture (about a 1/2 cup at a time) mixing until just incorporated between each addition. Add in the milk. The milk is going to give the monster dough just a little extra moisture and stickiness that will soon be sucked up by all of the goodies that you are adding (especially the pretzels!).', 'Once your dough is ready, dump the pretzel pieces (I just broke up snack size pretzels by hand), M&Ms, peanut butter chips and chocolate chunks into the dough and mix them all in together good! Poke in some extra broken pretzel pieces and candy eyeballs to the tops of each cookie to give them an extra gnarly look or to create a monster face!']","Rich fudge cookies stuffed with chocolate chunks, peanut butter pieces and pretzel bits that taste amazing but look like, well…poo.",18 cookies,2016-10-06,,,By Heidi,Desserts,http://www.awesomewithsprinkles.com/?recipe=monster-mashup-cookies-aka-monsturds,
"German Butter \""S\"" Cookies","['Roll into a 2” diameter log and cover with wax paper. Refrigerate or store in a cool place for 30 minutes.', 'Preheat oven to 400 degrees. Line a baking sheet with parchment paper or grease with butter.', 'Sprinkle a baking board lightly with flour. With your hands, mix the first five ingredients quickly into a dough. It will be slightly more crumbly than a normal dough.', 'Once firm, remove from the refrigerator. Slice into ½” pieces and roll each slice with your hands (and a little flour if needed) into a rope about 4-5” long. On the baking sheet, shape into an “s”. Repeat until the baking sheet is full.', 'Bake for 15-20 minutes until lightly golden. Remove from oven and let cool on the sheet on a wire rack for 10 minutes.', 'Whisk the egg white until frothy, then lightly glaze the tops of the unbaked cookies. Sprinkle with the decorative sugar.']",,Makes about 20 cookies,,,,Jess R,,,
Easy Pistachio Bundt Cake,"['Place all ingredients (except food coloring and powdered sugar) in large bowl. Beat with electric mixer on low speed 1 minute.', 'Pour into pan and bake 50 to 55 minutes or until toothpick inserted near center comes out clean. Cool in pan on wire rack 15 minutes; remove from pan. Cool completely.', 'Preheat oven to 350º degrees. Grease and flour a 10-inch fluted bundt cake pan, tube pan, or cake pan.', ""Add in food coloring and beat on medium speed 4 minutes. Start with about 8 drops and add more until you've reached your desired green color."", 'Dust with powdered sugar just before serving and serve with a dollop of whip cream or Cool Whipped Topping.']",,,,,,Awesome with Sprinkles,,,
S'mores Biscotti,"[""Once biscotti are completely cooled it's time to decorate! Lay down some parchment or wax paper."", 'Starting with the dark chocolate, melt in a double boiler (or in the microwave) according to the package instructions.', 'Next melt the white chocolate (same way as above). Using a spoon or spatula, drizzle melted white chocolate over the top of the biscotti. Let cool completely before peeling from the wax paper.', 'Biscotti are good for 7 days when kept in an airtight container.', 'Preheat the oven to 350º degrees. In a large bowl, mix together all-purpose flour, graham flour, baking powder, cinnamon, baking soda and salt.', ""Gently fold in the chocolate chips and marshmallows until incorporated. Do this gently so that you don't crush your marshmallows."", 'Carefully remove from the oven and turn the oven down to 325º degrees. Transfer the biscotti logs to a cutting board and let cool for a moment until they are cooled enough to handle, but are still warm. Use a serrated knife to cut each log into 1-inch slices.', ""Place the slices of biscotti back on the baking sheet and bake for an additional 10 minutes, until they're a bit more dry and medium golden brown in color. Remove from the oven and cool completely on a wire rack."", 'In a medium bowl beat together the softened butter, brown sugar and honey, until light and fluffy, about 3-5 minutes. Add vanilla extract and eggs, one at a time, beating until smooth and until completely incorporated.', 'In two batches, add the dry ingredients to the wet ingredients, combining between additions.', 'Line a baking sheet with parchment paper (or non-stick silicon mat). Divide the dough in two and shape each half into a log (about 12x3-inch) and place on the baking sheet a few inches apart. Sprinkle the tops with the turbinado/demerara sugar. Bake for 20-25 minutes, until lightly golden brown.', 'Using tongs gently dip the bottoms of the biscotti into the dark chocolate and transfer to the wax paper to cool and harden.']",This delicious s'mores biscotti cookie captures all of the cozy flavors of chocolate and marshmallow. Adapted from PBS.org,about 18 pieces,,,,Heidi Claunch - Awesome with Sprinkles,,,
Beer Cheese Dip – 3 Ways,"['Add the beer and whisk until heated and incorporated into the roux.', 'Add cubed cream cheese, shredded cheese, dry mustard, garlic, salt and pepper (to taste) and 1/2 cup of milk to the sauce base. Stir until cheese is melted and everything is smooth and incorporated. You can add more milk to adjust the consistency of your dip if it is too thick.', 'Serve beer cheese dip warm and melty with pretzels, bread or tortilla chips.', 'Add sriracha sauce and chopped jalapeños to one third of the sauce and mix until combined. Top with bacon crumbles and fresh jalapeño slices.', ""You can stop here if you want one big bowl of good ol' beer cheese dip. Else this is the point you would separate your cheese into 3 equal portions (about 1 1/2 cup each) and add in the additional ingredients below for 3 cheesy variations. You can also make one big batch of either of the two variations below. Just multiply the add-in ingredient amounts x 3."", 'Add brown mustard and horseradish and mix until combined.', 'Start by melting butter in a sauce pan. Stir in the flour and whisk constantly for several minutes. Cook until the flour starts to smelly nutty and less like flour. You are making a roux! Woohoo!']",This recipe makes one big batch of beer cheese or you can split the batch thirds for three gooey beer cheese dips that really bring their A-game to your Game Day table!,,2017-08-27,,,By Heidi,Appetizers,http://www.awesomewithsprinkles.com/?recipe=beer-cheese-dip-3-ways,
Game Day Crockpot Spicy Chili Queso Dip,"['Heat on high for about 30 minutes until melted together, stirring occasionally to incorporate all ingredients. Reduce heat to low (or warm setting if you have one) to keep melted.', 'Cut Velveeta Cheese into large cubes. Mix cheese cubes, chili, salsa and peppers together in a crockpot.', 'Serve with your favorite chips and enjoy.']",A super easy recipe for spicy chili queso dip! Easily customize the spiciness to your personal preference.,,2017-08-27,PT5M,PT30M,By Heidi,Appetizers,http://www.awesomewithsprinkles.com/?recipe=spicy-game-day-crockpot-chili-queso-dip,
4 Ingredient Nutella Mousse,"['Scoop out about 2oz of the Cool Whip (about 1/4 of an 8oz container) and whisk into the Nutella mixture. Scoop out another 2oz of the Cool Whip and gently fold into the Nutella. Be careful not to over-mix or the mousse will lose some of its fluffiness.', 'Pipe or spoon Nutella mousse onto cakes, pies, trifles or just eat with a spoon. Keep refrigerated until ready to serve.', 'Spoon mousse into a piping bag and refrigerate for at least an hour. This helps it set up and make it easier to pipe. Mousse will be ok for several days if you want to make it ahead of time.', 'In a medium to large bowl, whisk together the milk and pudding mix until combined. Whisk Nutella in with the pudding.']",This mousse is great as a topping or to eat straight out of the jar!,,2018-02-05,,,By Liz,Desserts,http://www.awesomewithsprinkles.com/?recipe=4-ingredient-nutella-mousse,PT5M
Easy Flourless Chocolate Cake,"['Add butter and chocolate to a heat proof bowl. Melt using a double boiler or in the microwave in 30 second intervals, stirring between each interval.', 'Once butter and chocolate are melted, remove from heat and whisk in sugar. Once sugar and chocolate are combined, whisk in eggs, one at a time, until fully combined. Whisk quickly so as to not scrambled your eggs. Stir in vanilla.', 'Bake 23-25 minutes. Let rest on a wire rack for 5 minutes before removing cake from pan.', 'Sift cocoa powder into the chocolate mixture and whisk to combine.', 'Preheat oven to 375 degrees.', 'Serve with whipped cream, ice cream, fresh berries, Nutella mousse...there are limitless possibilities.', 'Pour into a greased 8\\"" cake or tart pan. I use cooking spray for this so I can get into all of the small flutes in the tart pan.']",This recipe comes from A Dash of Sass and is my go-to recipe for when I want to impress! I haven’t messed it up yet. This recipe makes 1 – 8″ cake or 3 smaller 5″ cakes.,"1 - 8\"" Cake",2018-02-11,PT10M,PT25M,By Liz,Desserts,http://www.awesomewithsprinkles.com/?recipe=easy-flourless-chocolate-cake,PT40M
Easy Piña Colada Cupcakes,"['Bake for 18-20 mins or until toothpick inserted into the middle comes out clean. If you are using multiple cupcake pans, bake each cupcake pan separately for more even baking and better rising. Remove from oven and cool for 5 mins before removing cupcakes from pan. Allow cupcakes to cool completely before decorating.', 'Spoon into cupcake liners about 2/3 full.', 'Preheat oven to 350º degrees F. Line cupcake pans with liners (makes about 24 cupcakes). I used two regular sized cupcakes pans that hold 1 dozen cupcakes each.', 'In a large mixing bowl (or in the bowl of a stand mixer with the paddle attachment) beat together cream cheese, sugar and coconut extract until well blended. Whisk in Cool Whip. Pipe fluffy dollops onto cooled cupcakes and sprinkle with shredded coconut. Enjoy!', 'In a large mixing bowl (or in the bowl of a stand mixer with the paddle attachment) mix together cake mix, eggs, coconut milk, oil and rum extract until well combined. Stir in crushed pineapple.']",,about 24 cupcakes,2017-05-08,PT10M,PT30M,By Heidi,Desserts,http://www.awesomewithsprinkles.com/?recipe=easy-pina-colada-cupcakes,
Tzatziki and Avocado Egg Salad,"['Dump all of the ingredients into a bowl and mash together.', 'Serve in a pita or as a sandwich with lettuce, avocado slices and cucumber slices.']",,4 servings,,PT5M,,Awesome with Sprinkles,,,PT5M
Jaws Jr: A Shark Sharped Creamy Ranch Cheese Ball,"['Next take your spatula and gently cut a slit in the front of the cheese ball, this will be the mouth. I removed some of the cheese from the mouth area and put it back up on his head so that his mouth was pretty deep.', 'Add some eyes made out of cheese and olive slices.', ""That's it! Stick him next too a bowl of chips and veggies and chow down!"", ""Holing the top of his mouth with your spatula so that it doesn't fall back down on itself, add a layer of tomato spread across the bottom of his mouth to make it look like he has a tongue. Stick in some teeth on the bottom layer. These teeth will help hold up the top layer once you remove your spatula."", 'Stick a few blue tortilla chips in the top of his head and on each side for his fins.', 'Line a bowl with plastic wrap and dump your cheese into the bowl. Form it into a rough ball shape and chill for at least 1 hour so the cheese can harden back up a bit.', 'Toss in the onion, feta, garlic and pepper and mix until incorporated. We finely chopped half of the onion and grated the rest. That way we had lots of yummy onion flavor but not too many chunky bits so that the cheese ball was still smooth and creamy.', 'Now comes the fun part! Get your spatulas, spoons, hands, whatever, and sculpt yourself a sharky shape! I used two spatulas and molded the cheese into a teardrop shape and then split the back for the tail. I then just kept shaping and smoothing and adding definition until I had the look that I wanted.', 'Soften cream cheese to room temperature. Beat cream cheese and Ranch mix until smooth and creamy.', 'Carefully remove your spatula from the top of his mouth and add in the top row of teeth. Line them up so that intersect with the bottom teeth.', 'While the cheese ball is chilling you can make the teeth. Slice your white cheese into thick slices and then cut them into tall triangle shapes. You will want a hard cheese like cheddar so that the teeth will hold their shape and not bend too much.', 'Add blue food coloring and mix until incorporated and cheese is desired shade of color. We went with a bright blue!', 'After your cheese ball is chilled, remove it from the bowl and plastic wrap onto a serving plate.']",,,,,,,,,
Pineapple Crush Cake,"['Melt butter in a small sauce pan on medium heat.', 'Gently whisk in evaporated milk and (room temperature) egg yolk until incorporated and then stir in sugar.', 'Preheat the oven to 375º and lightly grease a 13x9 cake pan.', 'Increase heat and bring to a boil to melt the sugar. Gently boil for 6 minutes, stirring frequently.', 'Bake for 30 minutes (or until a toothpick inserted in the center comes out clean). Let cool in pan to almost room temperature (about 30 minutes).', 'Remove from heat and let cool for 5-10 minutes.', ""Mix all of the cake ingredients together (including juice from the pineapple) and pour into prepared cake pan. Seriously, that's it!"", 'Pour warm glaze over cake. Serve immediately while warm and gooey or chill for at least 1 hour for a refreshingly cool dessert.']",This Pineapple Crush Cake has a delicate sweetness from the cooked pineapple that really makes it a dessert you can enjoy all year round. I like to serve this cake directly in the baking pan with the glazed poured right on top.,20 slices,2016-08-17,PT15M,PT40M,By Heidi,Desserts,http://www.awesomewithsprinkles.com/?recipe=pineapple-crush-cake,PT1H15M
Toasted Coconut Pumpkin Pie,"['Whisk together sugars, cinnamon, nutmeg, ginger, cloves, salt, pepper and cornstarch in a small bowl and set aside.', ""Once pie is done, transfer to a wire rack to cool. Allow to cool completely (about 2-3 hours) before adding topping. We don't want that whipped cream to melt!"", 'In a large bowl (the same one is fine) whip the heavy cream until soft peaks form. Gradually beat in cream cheese mixture, one third at a time until stiff peaks form. Refrigerate until ready to use.', 'In a large bowl of an electric mixer (or with a hand mixer), beat the powdered sugar, cream cheese and vanilla together until smooth. Scoop out of mixer bowl and set aside (or use a second mixing bowl).', ""Pour the mixture into pre-baked pie shell. Bake for 50 - 60 minutes. After the first 20 minutes, check your crust and if it is nice and brown, cover the edges with tin foil or a pie shield to prevent further browning or burning. Continue baking until the center of the pie is almost set (it might still be a little jiggly, but that's okay!)."", 'Preheat oven to 375º F.', 'Thaw pie crust dough (according to box or recipe), unroll and place into pie dish. Crimp the edges and if desired, brush the edges with an egg wash (1 beaten egg + 1-3 tsp milk or water). An egg wash is used to help brown your crust and will make it shiny. Pie weights are also recommended to keep your crust from bubbling up on the bottom. Pre-bake for 10 minutes.', 'Top your pie with the whipped cream! You can cover the whole pie (as I did) or add a dollop to each slice as you serve it. Sprinkle with toasted coconut flakes on top and enjoy the magic that is about to happen in your mouth.', 'In a large mixing bowl whisk together the pumpkin puree and eggs until smooth. Whisk in the sugar and spice mixture until combined. Gradually stir in the coconut cream until combined. Fold in the shredded coconut.']",This unique twist on a traditional favorite has all the pumpkin pie spiced goodness that you love with hints of warm coconut and an extra creamy whipped topping that takes it over the top and a little toasted coconut crunch to top it all off!,8-12 slices,2016-11-20,PT15M,PT1H15M,By Heidi,Desserts,http://www.awesomewithsprinkles.com/?recipe=toasted-coconut-pumpkin-pie,
Homemade Candied Pickled Jalapeños,"['Add your pickled jalapeños to the syrup. Cook for an additional 4-5 minutes.', 'Spoon out jalapeños into a clean jar and pour syrup over peppers. Keep jar of candied jalapeños in your fridge for up to a few weeks.', 'Heat water, vinegar, sugar and spices in a saucepan over medium-high heat, simmering and stirring frequently until the sugar dissolves. Cook for a few minutes until thickened to create a syrup.']",,,2017-02-02,,,By Jenni,,http://www.awesomewithsprinkles.com/?recipe=homemade-candied-pickled-jalapenos,
Chocolate Coconut No-bake Cookies,"['Add chocolate chips and marshmallows. Stir until melted.', 'Mix oatmeal and coconut in a large bowl. Set aside.', 'Bring sugar, milk, and butter to a boil. Reduce heat.', 'Pour over oatmeal and coconut.', 'Drop 1 tbsp balls onto wax paper and let cool.']",,Makes about 4 dozen cookies (depending on the size of the cookie),,,,Heidi's Mom,,,
Pecan Crusted Sweet Potato Bake,"['Bake at 350° for 40 to 45 minutes.', 'Beat sweet potatoes, sugar, butter, milk, eggs, vanilla and salt in a large bowl until smooth.', 'To make the topping, toss brown sugar, pecans and flour together. Add the melted butter and mix until incorporated. Sprinkle evenly over top of sweet potato mixture.', 'Spoon potato mixture into a lightly greased 13 x 9 inch casserole/baking dish.']",,,,,,HydCake,Sidedish,,
Mint Chocolate Pudding Cookies,"['Dip in melted chocolate or drizzle candy melts and sprinkles on top if you are feeling fancy.', 'Drop 1 in balls onto a non-stick baking sheet. Bake for 8 - 10 mins until fluffy. Remove cookies from oven. Allow to cool on the baking sheet for 2-3 mins before moving cookies from the baking sheet to a wire rack to cool completely.', 'In a separate bowl sift (or whisk) together flour, pudding mix, baking soda and salt. Slowly add the dry ingredients to the wet ingredients and mix until incorporated. Stir in chocolate chips.', 'Preheat oven to 375º F. In a large bowl or stand mixer, cream together butter, sugar until light and fluffy. Add eggs & vanilla and mix until incorporated.']",These fluffy cookies have a pleasant hint of Andes Creme De Menthe and a brownie-like chocolate flavor that is perfect for the holidays or anytime!,24 cookies,2019-12-17,PT5M,PT10M,By Heidi,Desserts,http://www.awesomewithsprinkles.com/?recipe=mint-chocolate-pudding-cookies,
Easy Vanilla Bean Cheesecake with Whipped Vanilla Mousse,"[""After cheesecake is set, carefully remove the outer ring from the springform pan, slice and serve! Garnish with more cookies, top with fresh fruit, cherry sauce, caramel, drizzle with chocolate or simply eat it plain. You can't go wrong!"", ""After the cheesecake is completely cooled it's time to add the finishing mousse layer! Beat cream cheese, sugar and vanilla bean paste until blended and smooth. Whisk in the whipped topping until incorporated. Spread evenly over the cheesecake layer and pop it into the fridge for 4 hours."", 'Beat the cream cheese, sugar, and vanilla bean paste with a mixer until blended and smooth and no cream cheese lumps remain. Beat in eggs, one at a time, blending until just incorporated. Pour mixture over the cookie crust.', 'Mix cookie crumbs and melted butter and press into the bottom of a 9-inch springform pan to make the crust.', 'Preheat the oven to 325º degrees F.', 'Bake for 50-60 minutes, or until the center is almost set and cheesecake is just golden around the edges. It may still be a little wiggly in the middle when you pull it out, this is okay. Run a knife or spatula around the edge of the cheesecake while it is still warm to loosen it from the sides of the pam. Let your cheesecake cool at room temperature. The cheesecake will settle and sink slightly as it cools. This is normal! Now you *could* stop right here, and you would have a perfectly delicious simple cheesecake. But the vanilla mousse will really take it over the top! Just be sure that your cheesecake is cooled completely before you add the mousse or else your mousse will melt! And that would be a sad day.']","Rich and creamy with a thick layer of smooth vanilla mousse, this vanilla bean cheesecake may be easy, but it is anything but basic.",,2017-06-28,PT15M,PT1H,By Heidi,Desserts,http://www.awesomewithsprinkles.com/?recipe=easy-vanilla-bean-cheesecake-whipped-vanilla-mousse,PT5H15M
Nutella Banana Cream Pie,"['In a medium sized bowl, whisk together banana pudding mix and 2 cups of cold milk for about 2 minutes until pudding starts to thicken. Pour into crust and chill for 5 - 10 minutes to set up a bit.', 'Add in ½ cup of Nutella spread to the bottom of the pie crust (it helps to soften the Nutella in the microwave so that it is melted enough to spread smoothly and not stick to your crust and lift it up)', 'Add in the remaining ½ cup Nutella and whisk until smooth.', 'Start with your ready to go pie crust. I made this pie with with Vanilla Wafers using this homemade recipe.', 'Spread Nutella mousse on top of the set banana cream, sprinkle generously with mini chocolate chips (optional) and chill in the refrigerator for 1 hour before serving.', 'Slice up bananas and gently toss with lemon juice (this will help keep them from going brown)', 'Add in about a half of the Cool Whip topping and whisk until smooth.', 'Lay banana slices on top of Nutella spread in an even layer.', 'Try not to die of anticipation while you wait.', 'Gently fold in the remaining half of the Cool Whip until combined, taking care not to over mix or your fluffy mousse will go flat.', 'While waiting for the pudding to set, make your Nutella mousse. Start by mixing the chocolate pudding and 1 cup cold milk. Whisk together until smooth (about 1 minute).']",,,,PT20M,PT1H10M,Awesome with Sprinkles,,,PT1H30M
Baked Pumpkin Mac-n-Cheese with Bacon Crumbles,"['Whisk in 2 tsp of pumpkin pie spice, 2 tsp cayenne pepper and shredded cheese until melted.', 'Pour pasta into casserole dish and pour the pumpkin-cheese sauce on top, gently stir together until thoroughly combined.', 'Heat cream and pumpkin in a sauce pan on medium heat, until warm.', 'Spray a 4 quart casserole dish with cooking spray.', 'Preheat oven to 400 degrees F.', 'Bake for 8-10 minutes, or until bread crumbs have browned.', 'Toss panko crumbs, parmesan cheese, 1 tsp pumpkin pie spice and the rest of the bacon crumbles. Sprinkle on top of the macaroni.', 'Reduce heat to low and add cubed cream cheese. Slowly whisk until completely melted.', 'In a large bowl, toss together cooked macaroni noodles, salt & pepper and 1 cup bacon crumbles.']",,,,,,,,,
Spicy Buffalo Chicken Sliders,"['Remove meatballs and while they are sitting for a moment, toast your buns (I prefer mini ciabatta buns found at my local grocery store bakery). Create sandwiches by adding a meatball between the bun and dousing with a little more ranch and buffalo sauce. I like to top mine with jalapeños, too.', 'Preheat oven to 500° F. Prep a baking sheet with parchment paper and lightly dust it with cooking spray.', 'Add all ingredients (besides buns, cheese & peppers) in a large mixing bowl, and blend together by hand. Form 1/4 c meatballs and spread out on the parchment-lined baking sheet. Bake for 14-15 minutes, or until the meatballs turn golden brown around the edges. If you like cheese melted on yours, add cheese slices at the end and broil on low for a minute or so to melt.']",,"['5', '~15 meatballs']",2017-01-31,PT15M,PT15M,By Jenni,,http://www.awesomewithsprinkles.com/?recipe=spicy-buffalo-chicken-sliders,PT30M
Pumpkin Chocolate Chip Cookies,"['Add dry ingredients. Mix until just incorporated.', 'Cream butter, sugar and brown sugar in an electric mixer for 2-3 minutes until light and fluffy. Add egg, pumpkin and vanilla. Mix until incorporated. Stir in chocolate chips.', 'Bake at 375 degrees for 8 - 10 mins. Remove from baking sheet to a rack and allow to cool.', ""Drop 2 inch balls onto a parchment covered cookie sheet. I like to use two spoons to form my cookie dough balls because this dough can be rather soft and sticky and doesn't cooperate much in a cookie scoop."", 'Preheat oven to 375 degrees. In a medium bowl, sift or whisk lightly together the dry ingredients; flour, baking soda, baking powder, salt and spices. Set aside. If you would like you can use pumpkin pie spice instead of the cinnamon and nutmeg, but I like my cookies to have a noticeable cinnamon flavor so I use straight cinnamon.', 'Gently stir together all ingredients in a microwave safe bowl. Glaze might be thick (especially if you used cold milk) so you can warm it in the microwave for 10-15 seconds to soften it up.', 'Drizzle over cooled cookies. For a more controlled, less messy drizzle, spoon glaze into a plastic baggie and make a very small snip across one of the corners. Viola! Instant piping bag!']",These SUPER soft pumpkin chocolate chip cookies have a lovely pumpkin flavor and the perfect amount of spice. Perfect for fall or anytime!,2 dozen cookies,2017-09-08,,,By Heidi,Desserts,http://www.awesomewithsprinkles.com/?recipe=pumpkin-chocolate-chip-cookies,
Slow Cooker Sriracha Pulled Pork Sliders,"['Shred pork with two large forks. I do this in the crock pot because it is usually so soft it just falls apart, but you can take it out shred it up on a cutting board if that is easier. Let simmer for another 30 mins to let all the juices get nice and soaked in.', 'Combine beer, ketchup, Sriracha sauce, brown sugar and mustard in a bowl and pour over pork.', 'Cover and cook on low for a minimum of 6 hours. You can let it go for almost 8 if you have the time.', ""Serve on King's Hawaiian rolls with slices of avocado or pineapple, a little cheese, or slaw on top. Whatever you are in the mood for."", 'Cut pork roast(s) in half. Place in slow cooker. Cover with onions and salt and pepper.']",,,,,,,,,
Weird Pink Fluff Jello Salad,"['Keep chilled and serve cold with fresh fruit.', 'Gently fold in the cottage cheese until just combined.', 'Mix the Jello mix and the cool whip together until incorporated.']",,,,,,,,,
Chocolate Buttercream Frosting,"['Increase mixer speed to medium and add vanilla extract, salt, and cream. and beat for 3 minutes.', 'Sift 3 cups powdered sugar and cocoa into the mixer bowl.', 'Adjust your frosting to the desired consistency by adding a little more sugar (1/4 cup at a time) to make frosting stiffer or a little more cream (1 tablespoon at a time) to make frosting smoother.', 'Carefully mix on low speed until combined.', 'Cream butter for a few minutes in a mixer on medium speed.']",,3 cups,,,,,,,
Strawberry Swirl White Chocolate Bark,"['Cover a large baking tray or cookie sheet with parchment paper and set aside.', 'Place tray in freezer and chill for 20 mins until hardened. Alternatively you can allow to harden at room temperature but let it sit at least an hour to completely harden.', 'Melt chocolate wafers according to bag instructions (usually via the microwave or double boiler).', 'Melt candy melts according to bag instructions (usually via the microwave or double boiler). Add a drop of candy flavoring to each color of the candy melts. Taste and adjust to your liking. Transfer each color to a food safe squeeze bottle (can be found in the candy making section of most craft or cooking supply stores) and keep in a hot water bath to stay melty.', ""Working quickly, drizzle with candy melts to decorate. You can drizzle in any sort of pattern or design you'd like or just randomly, as I did. Leave the drizzle as is for a bold look or drag a wooden skewer through the drizzled candy melts to create a softer swirl pattern. Sprinkle with colorful and festive sprinkles and/or candies."", 'Pour melted chocolate onto the parchment paper and spread out in a thin, even layer about 1/4 inch thick.', 'Break hardened chocolate bark up into single serving sized pieces. Package into gift bags for sharing or keep stored in an airtight container for freshness.']","This creamy, lightly strawberry flavored white chocolate bark is the perfect sweet treat for all of the sweethearts in your life!",,2018-02-04,,,By Heidi,Desserts,http://www.awesomewithsprinkles.com/?recipe=sweetheart-swirl-white-chocolate-bark,PT15M
Cure-all Chicken Noodle Soup,"[""Add the butter and melt right in the bottom of the same pot, leaving the fond (all those yummy burnt on bits) from the chicken. Add the chopped onion, garlic cloves, carrots and celery. I like to use whole roasted garlic cloves because I LOVE chunks of garlic, but that isn't for everyone so if you prefer you can use minced garlic. Saute in the butter until the onions start to brown and become slightly transparent."", ""Add the egg noodles and continue to simmer until the noodles are cooked, about another 10 minutes. Don't worry too much about overcooking the noodles, they are going to soak in that broth for a long time. I will make a big pot of this soup and let it simmer on the stove top for over an hour while I bake bread or do other things before dinner."", ""Ladle yourself a big bowlful and season with fresh ground black pepper. Serve with oyster crackers, saltines, crusty bread or whatever you'd like. This soups is great for a make ahead meal and freezes really well. You can also make this in a slow cooker (though you might need to cut the recipe in half depending on the size of your slow cooker). Just do steps 1 and 2 on the stove top and then pour everything into the crock, add the broth and seasonings and cook on low for 6-8 hours (or on high 3-4). Add the egg noodles about an hour before you'd like to eat so they don't end up just disintegrating in the broth."", ""In a large soup pot over medium heat, heat 1 tbsp olive oil. Add chicken cubes and cook until browned on the outside. Remove chicken and set aside. *You can use any sort of boneless chicken cuts that you like. I like a mix of light and dark meat. **You can skip this step by using pre-cooked chicken. If I am short on prep time, I will often buy a whole roasted chicken and just cut it up. It's also a great way to use up any leftover grilled or roasted chicken."", 'Pour in all of the chicken broth, celery salt and add the cooked chicken back in. Bring to a rolling boil. Reduce heat and simmer until veggies are tender, about 30 minutes. Check the flavor of the broth and add salt and pepper to taste. I like to add a LOT of pepper, but again, this is a personal preference.']",This hearty chicken noodle soup is sure to warm your belly on a cold winter’s day or soothe your soul if you are feeling sick. This soup is easy to make on the stove top or in the slow cooker and freezes really well making it a great make-ahead-meal.,8 quarts,2018-01-05,PT10M,PT50M,By Heidi,Dinner,http://www.awesomewithsprinkles.com/?recipe=cure-chicken-noodle-soup,PT1H
Shark Fin Bruschetta,"['Slice the baguette on the diagonal into 1/2\\"" thick slices. Brush both sides of each slice of bread with olive oil and bake on a cookie sheet on the top rack of the preheated oven for 5 minutes, or until the bread gets lightly browned and toasted.', 'Add your prepared tomatoes, garlic, onion and basil to a mixing bowl. Sprinkle with a few pinches of kosher salt and black pepper, drizzle generously with olive oil and lightly with balsamic vinegar. Toss all ingredients together and taste - then add more olive oil, balsamic, salt and/or pepper to your preferred taste and tanginess. Set aside.', 'To create your \\""shark scene\\"" place a slice of mozzarella cheese standing up on a piece of bread with the pointy side up (like a shark fin!). Surround with fresh bruschetta and garnish with a few Goldfish Crackers for effect!', 'Preheat oven to 450° for toasting your baguette later.', ""If not serving your bruschetta right away, you can serve the toasted bread alongside the bowl of tomato mixture, allowing guests to spoon their own and enjoy immediately so the bread doesn't get soggy. Mangia!""]",This recipe makes about 2 cups of fresh bruschetta. Double or triple this recipe according to your group size!,,2017-07-12,PT20M,PT5M,By Jenni,,http://www.awesomewithsprinkles.com/?recipe=shark-fin-bruschetta,PT25M
Banana Coconut Cream Pie,"['Refrigerate 4 hours or until set.', 'After the pie is set, cover the top with a layer of banana slices. Spread pie with remaining 1 cup whipped topping. Toast remaining ½ cup coconut, if desired. Sprinkle over pie. Store leftover pie in refrigerator.', 'Pour milk into large bowl. Whisk in dry pudding mixes, coconut extract and 1 cup coconut and beat for 2 minutes. Add dry pudding mixes and ¾ cup of the coconut. Gently stir in 1 cup of the whipped topping. Pour into crust.']","I love coconut and banana flavor and this pie is chock full of both. If you want to tone it down, you can omit the coconut extract and decrease the amount of coconut flakes to ¾ cup in the pie filling.",,,,,StitchCake,dessert,,
Perfect Cake-Mix Cupcakes,"['Remve the cupcakes from pans and cool completely before decorating.', 'Spoon batter into the liners filling about ⅔ full. Bake 15 - 20 minutes until golden and a toothpick inserted in the center comes out clean.', 'Preheat oven to 350 degrees. Line 24 baking cups with liners.', 'Follow instructions on the box by putting all the ingredients into a large bowl. Using the buttermilk substitution in place of the water, the amount of vegetable oil called for on the box, and adding the 4 eggs. Beat with an electric mixer until moistened for about 30 seconds, then increase speed to high and beat for another 2 minutes or until thick.']",,24 cupcakes,,,,Hello Cupcake,,,
Mini Football Pizza Paninis,"['Using a football shaped cookie cutter, cut out a football shape from each slice of bread. Butter the outside of each slice of bread.', 'Allow to cool slightly. Using a small frosting tip (or a small sandwich baggie with the end cut off), pipe the crème fraîche on top of the sandwiches in the shape of football laces. Serve immediately with marinara dipping sauce.', 'Carefully spread marinara or pesto on one slice of bread and top with meat and cheeses. Top with second slice of bread.', 'Grill in pan or panini press for 3-4 mins on each side until bread is crispy and cheese is melted.']",These adorable mini football pizza panini sandwiches are perfectly festive appetizers that will have the crowd cheering at your next game day get together! This recipe makes 2 paninis. Adjust for the size of your crowd.,2 paninis,2017-08-27,PT5M,PT10M,By Heidi,Appetizers,http://www.awesomewithsprinkles.com/?recipe=mini-football-pizza-paninis,
Chocolate Chili Cookies,"['Add cooled chocolate/butter mixture and mix until incorporated.', 'In a microwave safe bowl, heat butter and chocolate together for 30 seconds at a time, stirring in between until melted and smooth. Add chili oil. Set aside to cool.', 'Fold in flour/cocoa mixture until combined. Stir in chocolate chips.', 'Remove from oven, dust with powdered sugar and allow to cool.', 'In a medium bowl, mix together the flour, cocoa powder and baking soda. Set aside.', 'Whisk together eggs, sugars, vanilla, cinnamon, chili powder and salt until smooth.', 'Preheat over to 350º', 'Scoop 1 tbsp balls of dough onto a parchment lined cookie sheet and bake for 10-12 mins.']",A chocolaty cookie with a hint of cinnamon and chili spices,4 dozen,,,,HydCake,,,
White Chocolate Pistachio Cookies,"['Add dry ingredients to wet, a little at a time, mixing until incorporated between each addition. Stir in the white chocolate chips and pistachios.', 'Preheat oven to 350 degrees.', 'In a medium bowl stir together flour, baking soda and salt. Set aside.', 'Spoon round balls (about 1 inch in diameter) of dough onto a non-stick cookie sheet (or baking pan lined with parchment paper or a silpat mat). Bake at 350 degrees for 8-10 mins or until edges start to brown slightly. Remove from cookie sheet and cool on a rack. Store in an airtight container to keep fresh up to a week.', 'In a large bowl or stand mixer bowl with paddle attachment, beat butter, pudding mix, and sugars for about 2-3 minutes until light and fluffy. Add vanilla, and eggs, one at a time, and beat until incorporated.', ""If you are using food coloring, now is the time to add it as well. You are going to get plenty of green color from the pudding mix alone but if you want the green to pop a bit more then add just a little green food coloring. I like to use the Wilton gel colors because a little goes a long way and I don't feel it affects the flavor or texture as much as some other dyes.""]",Celebrate St. Paddy’s Day with these gorgeously green White Chocolate Pistachio Cookies! Packed with toasted pistachios and smooth white chocolate these cookies will leave you feeling lucky!,3 dozen cookies,2018-03-13,PT5M,PT15M,By Heidi,Desserts,http://www.awesomewithsprinkles.com/?recipe=white-chocolate-pistachio-cookies,PT20M
Easy No-Bake Eggnog Cheesecake,"['To make the topping, beat the cream cheese, sugar, vanilla extract, and remaining 1/2 tsp cinnamon together until smooth. Gently whisk in the whipped topping until incorporated. Add the mousse topping to a pipping bag and pipe fresh puffs of mousse onto each slice of cheesecake as it is served. Alternatively you can spread this mixture on top of the entire cheesecake or add a dollop with a spoon. Garnish with a gingersnap cookie, gingerbread man or a sprinkle of cinnamon.', 'Whisk together COLD egg nog, 1/2 tsp cinnamon and both packages of cheesecake pudding mix until combined and mixture starts to thicken. Pour on top of crust. Refrigerate for 4 hours until firm and set.', 'Mix together melted butter and gingersnap cookie crumbs and press into the bottom of a quarter sheet baking sheet (or 9 x 13 cake pan). Set aside.']",Easy No-Bake Eggnog Cheesecake blends creamy eggnog and spiced gingersnap cookies to make a scrummy cheesecake that is the perfect holiday treat! Booze optional!,12 squares,2018-01-05,PT15M,,By Heidi,Desserts,http://www.awesomewithsprinkles.com/?recipe=easy-no-bake-egg-nog-cheesecake,PT4H15M
"Mango, Black Bean & Avocado Salad with Cilantro Lime Dressing","['Cut up all fruits and veggies. Toss mango, black beans, corn, peppers, and cilantro.', ""Pour over mango mix. Add avocado on top and gently toss to mix in dressing and avocado. (I put the avocado in last so that it isn\\\\'t handled too much and doesn\\\\'t get mushy)"", 'Whisk together orange juice, lime juice, apple cider vinegar, garlic, chili powder and salt.']","A colorful summer salad that is a little fruity, a little spicy and all kinds of amazing! A perfect compliment to BBQ chicken, pulled pork and more.",,2017-08-27,PT15M,,By Heidi,Sides,http://www.awesomewithsprinkles.com/?recipe=6974,
Butterscotch “Liquid Luck” Jelly Shots,"['While your gelatin is softening, prep your shot glasses. Spray a little cooking spray onto your finger (or paper towel) and rub the inside of your shot glasses. This will help your jelly shots to come out of their containers a little bit easier.', 'Once your jelly shots are setup you are ready to party! Sprinkle with mini star sprinkles right before serving (if you put them on too soon they will just melt into a little pool of golden goo). Keep in the fridge until ready to serve. Slurp them out of the shot glasses using your preferred method. 😀', 'Heat the soda and gelatin gently, stirring continuously until all of the gelatin powder granules are dissolved. About 5 minutes. There is no need for the mixture to come to a boil. Just heat it low and slow, just enough to melt that gelatin.', 'Add the butterscotch soda to a small sauce pan and sprinkle the gelatin powder evenly over the surface. Let sit for about 2 minutes to allow the gelatin to soften.', 'Pour your magical mixture into your shot glasses, stirring occasionally to keep the luster dust dispersed throughout. I was able to get about 11 shots out of this recipe, but I think that my cups were slightly larger than a standard 1 oz shot glass and I filled them pretty full to the brim. So you could probably get a full dozen out of it. Place on a plate or small baking sheet and pop them into the fridge to set up for at least 2 hours.', ""Stir in the vanilla vodka and butterscotch schnapps. Add a pinch of luster dust and stir. Stir a few more times just for funsies and admire how freaking pretty it is! It's like magic!""]",These shimmery Butterscotch “Liquid Luck” Jelly Shots are perfect for Irish party-goers and Harry Potter nerds alike! 🤓,10 - 12 shots,2018-03-13,,,By Heidi,"Cocktails, Sips",http://www.awesomewithsprinkles.com/?recipe=butterscotch-liquid-luck-jelly-shots,
Ghostly Graveyard Pudding Dirt Cups,"['Now for the fun part! This is where the kiddos can step in and help! Start by cutting a cupcake in half and crumbling 1/2 of the cupcake into the bottom of a clean 8oz mason jar (or clear plastic dessert cup). Toss in a few gummy worms or candy bones and top with a generous dollop of the chocolate mousse. Then repeat with the second 1/2 of the cupcake, crumbled on top followed by more candies, and finally chocolate mousse. Sprinkle about 1/4 cup of the cookie crumbs on top of the last layer of mousse. Top with candy tombstone decorations and some more bones or worms to complete the look!', 'Once your candy molds are set, gently remove the candy from the molds by gently tapping on the back of the mold or carefully twisting the mold to allow the candy to pop out.', 'While your candy molds are cooling is a good time to make your pudding mousse filling. Whisk the package of pudding mix with 1 cup of cold milk, then fold in 1/2 of an 8oz container of Cool Whip. Allow to firm up in the fridge for about 10 minutes.', 'First make your tombstones and bones. Start by melting your candy melts according to the package directions in a microwave safe bowl. Transfer melted candy to plastic squeeze bottle (or use a piping bag or ziplock baggie with one end snipped off) to carefully pipe the melted candy into the mold. Tap the mold gently on a hard surface to get all of the air bubbles out. Move molds to the fridge to cool and harden (about 15-20 minutes). We made some skeleton bones and some tombstones!']",Dig your ways through layers of chocolate cake + creamy mousse for a spooky and sweet surprise in these Ghostly Graveyard Pudding Dirt Cups!,"makes 6, 8oz jars",2016-09-25,,,By Heidi,Desserts,http://www.awesomewithsprinkles.com/?recipe=graveyard-pudding-cups,
"Red, White + Blue Star Crispies","['Repeat for the next two colors (omitting the food coloring from the white batch). Smoosh them right in next to the other colors. You will need to work quickly while the crispies are not completely cool and are still sticky.', 'Cut out shapes using a star cookie cutter. We smooshed all of the excess pieces back together and rolled them into little balls. They sort of looked like red, white and blue tie-dye!', 'Pour 2 cups of the rice cereal and sea salt mix into the pot with the melted marshmallows and fold together gently until combined. While still warm and pliable spread into ⅓ of the greased pan, pressing down with the side of a rubber spatula to make even and smooth. You want a nice thick layer of crispie (about 1 inch high).', 'To brown the butter, melt 3 tbsp of butter, (slice into pats for easy melting) cooking pot over medium-low heat. Stir frequently and keep a watchful eye as you wait for the butter to turn an amber color and smell toasty. Be careful – once it starts to brown it can burn quickly in a matter of seconds!', 'We are going to make these crispies 3 times (one for each color). To start, measure out 2 cups of cereal and toss with 1/4 tsp sea salt.', 'Next dip your star crispies in chocolate! This step is optional, but it does fancy the treats up and also helps the layers stick together a little bit better. Melt the white chocolate according to the package directions until completely melted and smooth. Transfer to a wide shallow bowl (big enough for your stars to fit in). Dip each cutout \\""face up\\"" into the chocolate just enough to cover just the bottom half of the cutout. Place on a tray or cookie sheet covered in wax paper to cool and harden until chocolate is set and semi-hard.', 'After all of the crispies are in the pan and still semi sticky, flip them out onto a cutting mat. Cut each layer of crispies into strips about 1 1/2 inch wide (this may vary depending on the width of your cookie cutter. Ours was about 4 1/2 inches wide). Arrange the strips in alternating colors. Smooth them together a little bit so that they stick together and hold their shape creating a wide striped section.', 'Once the butter browns, turn off the heat and stir in 1 1/4 cups mini marshmallows and food coloring (amount will vary depending on your desired color). Repeatedly fold the marshmallows in with the hot butter using a silicone spatula until they melt into a smooth and uniform elastic mass.', 'Grease or coat a 9 x 13” glass or non-stick baking pan. You will use this pan for all three colors.']","We’ve taken our favorite recipe and added a fun, colorful twist! These adorably festive little treats will be the stars of your next patriotic picnic!",12 large stars,2017-06-09,,,By Heidi,Desserts,http://www.awesomewithsprinkles.com/?recipe=red-white-blue-star-krispies,PT30M
Avocado Tuna Salad with Greek Yogurt,"['Add dressing and yogurt and mix well.', 'Drain tuna and toss with celery and onion (or your preferred mix-ins)', 'Spread tuna on toast or bread or on top of salad greens.', 'Top with avocado slices and drizzle with extra dressing.', 'Add salt and pepper to taste.']","Makes enough for two small sandwiches or one large sandwich, depending on how hungry you are.",,,,,,,,
Great White-tini Cocktail,"['Drizzle grenadine on top', 'Add ice (we like to use slightly crushed ice for a super chilly cocktail)', 'Measure and pour coconut cream, coconut rum and pineapple vodka into a cocktail shaker (OPTIONAL: Add an egg white and dry-shake at this stage, without ice)', 'Pour into martini glass (pre-chilled is best)', 'Garnish with a gummy shark & drink!', 'Shake vigorously for 30s to 1 min']",,1,,PT5M,,,,,PT5M
Raspberry Lime Jargaritas,"['Pour jargarita mixture into clean mason jars, filling to about 1 inch from the top of the jar (this is to give the mixture room to expand when freezing). Wipe any spilled liquid from the rim of the mason jars and screw on the lids.', 'Place in the freezer (preferably overnight) until completely frozen. Once frozen you can eat them with a spoon or let them sit for a few minutes until they start to melt and become slushy, then stick a straw in and enjoy!', 'In a large pitcher mix all of the ingredients together, stirring until frozen limeade is completely dissolved. Taste and adjust to your liking.']","Happy hour anywhere with these make-ahead raspberry lime margaritas in a jar! Perfect for picnics, summer BBQs or chilling by the pool.",12 8oz jars,2016-07-24,PT10M,,By Heidi,"Cocktails, Sips",http://www.awesomewithsprinkles.com/?recipe=raspberry-lime-jargaritas,
Apple Cranberry Sauce,"['Once all the cranberries have popped, remove from heat, cover and allow to cool to room temperature. Sauce will thicken the more it sits. Refrigerate until ready to use.', 'Combine sugar and apple cider in a small pot on the stove on medium-high heat. Bring to a gentle boil. Stir in whole cranberries, apple pieces (You can peel your apple if you like, I just chop it up skin and all. I don\'t have a good reason other than I am lazy and it doesn\'t seem to affect the texture at all), orange zest and cinnamon and return to boil. Reduce heat and boil gently until the cranberries \\""pop\\"" - about 10 minutes - stirring occasionally.']",This homemade apple cranberry sauce is just the right amount of sweet and tart. Enjoy it on turkey (of course) and on sandwiches and crackers.,about 2 cups,2016-11-27,,,By Heidi,Sides,http://www.awesomewithsprinkles.com/?recipe=apple-cranberry-sauce,PT15M
Lemon Banana Bread,"['Add the dry ingredients to the wet ingredients, a little at a time, alternating with the lemon juice until both are fulling incorporated. Gently fold in the lemon zest.', 'Pour into prepared loaf pan and bake at 350º for 55-65 minutes until the top is golden brown and a toothpick or knife inserted into the center comes out clean. Remove from the oven and let cool in the pan for about 15 mins (basically until you can safely remove it without it being to hot to handle). Turn out the loaf and place on a wire rack and allow to cool. Slice it up while it is still warm out of the oven (yum!) or allow to cool completely before packaging for storing or gifting.', 'In the bowl of a stand mixer with the paddle attachment (or a large bowl with a hand mixer) on medium speed, cream together the butter, sugar and salt until smooth. About 2-3 minutes.', 'Preheat the oven to 350º degrees F. Grease and flour (or line with parchment paper) a dark metal loaf pan. Set aside.', 'Mix in eggs, one at a time until incorporated. Mix in vanilla. Add riped bananas (I like to cut them up a little bit). Mix until incorporated.', 'In a medium sized bowl, whisk together the flour, nutmeg and baking soda. Set aside.']","This lemon banana bread is the perfect amount of sweet with just the slightest hint of tart. It’s fresh and flavorful and lovely. Yum, yum, yum!",,2017-03-05,PT10M,PT1H,By Heidi,Desserts,http://www.awesomewithsprinkles.com/?recipe=lemon-banana-bread,PT1H10M
Pumpkin Pie Oatmeal Smoothie,"Place all ingredients, in order (softest on the bottom, ice on top) in a blender. Blend by starting on lowest speed and slowly working up to highest, until smooth and creamy. Pour into a cup and garnish with more oats and cinnamon as desired.",I have found that this recipe is enough for about two 12oz smoothies (give or take how much ice you add) but you can adjust to your preference.,2 smoothies,2017-10-18,,,By Heidi,Sips,http://www.awesomewithsprinkles.com/?recipe=pumpkin-pie-oatmeal-smoothie,PT5M
The Most Awesome Ever Sugar Cookies,"['You can refrigerate any unused dough and it will remain good for about two weeks if sealed tightly in plastic wrap (or in an airtight container).', 'Chill in refrigerator for at least 1 hour. If you can make this dough the day before that is even better!', 'In a medium bowl, whisk together flour, baking powder, baking soda and salt. Set aside.', 'Cutout fun shapes with your favorite cookie cutters.', ""Transfer cutout shapes to baking sheet (I like to line mine with a silpat mat. I never have issues with them sticking and they bake up perfectly). Bake at 350º for 8-10 mins or until edges *just* start to brown. Don't overbake or your cookies will be hard. It's better to yield on the side of underbaking than to overbake."", 'In the bowl of a stand mixer (or in a large bowl with a hand mixer) cream together the cream cheese, butter and vanilla until light and fluffy (about 2 minutes).', 'Remove from oven and allow the cookies to cool on your baking sheet for 5 mins. Then transfer cookies to wire rack to cool. Cool completely before frosting. You can refrigerate any unused dough and it will remain good for a week if sealed tightly in plastic wrap (or in an airtight container).', ""Once chilled, remove the dough from the fridge. Now is a good time to preheat your oven to 350º F. Pinch off a large chunk (about grapefruit sized) and pat it into a ball. Using a rolling pin, slowly roll out onto a floured surface (don't be shy with the flour, you don't want your cookies to stick). I roll my dough to about 1/4 inch thick. I like my cookies to be thick and soft in the middle! Cutout fun shapes with your favorite cookie cutters. While you are working with one set of cookies, you can keep the rest of the dough in the fridge to keep it from getting to warm and sticky."", 'Gradually add in powdered sugar (about 1/2 cup at a time) and beat until smooth and creamy. I like my frosting at a medium consistency, a little thicker than when I make it for cupcakes. This frosting is all about getting the consistency YOU like. So add more powdered sugar if the frosting is too smooth, and if you thicken it too much, just add a little milk to thin it back out until you reach your desired consistency.', 'Add the dry ingredients to the wet mixture, a little at a time, mixing in after each addition.', 'In the bowl of a stand mixer (or in a large bowl with a hand mixer) cream together the shortening and sugar until smooth. Add the eggs, one at a time, mixing until incorporated. Add in the vanilla and sour cream and cream until incorporated.', 'Transfer cutouts to baking sheet and bake at 350º for 8-10 mins or until edges just start to brown.']","These AWESOME sugar cookies are perfect for any holiday or event. They are fluffy and soft and an amazing texture. The sour cream adds a depth of flavor and they are not overly sweet. Kind of like shortbread, only softer. I bake them up for Easter, Valentine’s Day, Christmas, Shark Week and everything in between!",4 dozen cookies (depending on the size of your cutouts),2017-04-12,PT1H,PT40M,By Heidi,Desserts,http://www.awesomewithsprinkles.com/?recipe=awesome-ever-sugar-cookies,
Cranberry Apple Butter Bread,"['Remove from oven. Cool on wire rack for 10-15 mins, then turn loaf out of pan and cool completely before slicing.', 'Spoon batter into loaf pan.', 'Grease and flour the bottom and half up the sides of a 9 inch loaf pan.', 'Preheat oven to 350º degrees.', 'Bake at 350º for 45mins or until a toothpick inserted into the center comes out clean.', 'In a large bowl, combine flour, baking powder, baking soda, salt, cinnamon, and nutmeg in a medium bowl. Whisk together and set aside.', 'In a medium bowl, combine eggs, sugar, apple butter and oil.', 'Pour egg mixture into flour mixture and stir until moistened (batter will be lumpy).', 'Stir in chopped apples and cranberries.']",,1 loaf,,PT25M,PT45M,Awesome with Sprinkles,,,PT1H10M
Lovely Lemon Cupcakes,"['To make the frosting, start in a large bowl of a stand mixer fitted with the paddle attachment (or with a hand mixer). Beat the butter until smooth and creamy. Add the vanilla and lemon zest and mix until incorporated. Add the confectioners sugar, a little at a time, to the butter mixture and mix on medium low until smooth after each addition until all of it is incorporated. Be sure to scrape down the bowl with a rubber spatula as you go to make sure all of the confectioners sugar gets mixed in. Add the lemon juice and beat on high until light and smooth.', 'Garnish with thin slices of fresh lemon, lemon-drop candies, lemon zest, candy flowers or other pretty things.', 'Bake at 400º degrees F for the first 5 mins. Then lower the temperature to 350º degrees F (do not open the oven door) and bake for the remaining time suggested on the cake mix box (which is usually about 19-23 mins TOTAL) or until a toothpick inserted into the middle comes out clean. Remove cupcakes from the oven. Allow to cool for just a few mins before transferring to a wire rack to cool completely before frosting.', 'Preheat the oven to 400º degrees F and fill 24 cupcake/muffin cups with liners. In a large bowl, add the cake mix, pudding mix sour cream, water, oil and eggs and mix together until fully incorporated. Batter will be thick. Pour batter into liners filling until about 2/3 full.']",These refreshingly tart lemon cupcakes are awesome with an icy glass of fresh squeezed lemonade for a cool way to chase away the summer heat.,24 cupcakes,2017-05-31,,,By Heidi,Desserts,http://www.awesomewithsprinkles.com/?recipe=lovely-lemon-cupcakes,
Maple Whiskey Cookies,"['Bake for 15-20 mins.', 'Stir in maple syrup and bourbon.', 'Whisk in powdered sugar and cream until smooth.', 'Beat in egg. Add bourbon, vanilla.', 'Drop 1 tbsp balls onto baking sheet and flatten with fork or bottom of a cup.', 'Beat butter and brown sugar together until light and fluffy.', 'Melt butter, salt and brown sugar in small sauce pan.', 'Preheat oven to 325º.', 'Drizzle on top of cookies and allow to cool and harden.', 'Add in flour and baking soda.', 'Let cool to about room temperature but before glaze starts to harden.']",,about 3 dozen cookies.,,,,HydCake,,,
Hot Apple Pie Cider (Hard Cider + Fireball Whiskey),"Combine 1 bottle of hard apple cider and 1 shot of fireball whiskey. How you choose to combine is up to you. I prefer to drink a sip from my cider bottle and pour the fireball right in the bottle but if you want to class it up you can pour it in a pint glass, over ice or heated in a warm mug.",,1 drink,,,,,,,
Maple Bacon Cinnamon Swirls,"['Gradually add the dry mixture to the wet mixture and mix well.', 'Melt butter in a small sauce pan. Add brown sugar and maple syrup and stir slowly until melted.', 'Wrap each dough roll with plastic wrap and refrigerate overnight or freeze for 2-3 hours.', 'Cover dough and refrigerate for 1-2 hours (I did 2 hours and my dough was hard as a rock and needed to sit out a little bit before I could roll it, so I bet that 1 hour would be just fine).', 'Bake at 375º for 10-12 mins or until the edges are lightly browned. Remove and cool on wire racks.', 'Remove chilled dough and divide in half. Roll each half of the dough out on a lightly floured surface into a rectangle shape (roughly 9 x 12 in).', 'Carefully roll up the dough, jelly-roll style, starting with a long side first. Repeat for second half of dough.', 'Mix flour, baking powder and salt.', 'Unwrap the dough rolls and cut into ¼ inch slices and place on lightly greased cookie sheets.', 'Cream butter and sugar until fluffy. Beat in the eggs, vanilla and maple extract.', 'Mix chopped bacon, pecans and cinnamon together. Add to the butter/sugar mixture and stir until mixed well. Remove from heat. Let cool slightly.', 'Spread the bacon sugar mixture over the dough, leaving about ½ in of space around the edges. (if the bacon sugar mixture cools too much it will start to harden. Just heat it back up a little bit and it will soften back up and be easy to spread).']","A decadent rolled cookie filled with maple, bacon and pecans.",Makes about 2 dozen cookies,,,,HydCake,,,
Quick and Easy Pickled Onions,"Mix vinegar, warm water, salt and sugar until dissolved. Pour over onions, covering completely with the brine. Let cool, cover and let sit at room temperature for 1 hour. Store in the fridge after that. Use on tacos, salads, sandwiches and more!","Quick homemade pickled onions are an easy way to jazz up street tacos 🌮🌮🌮, salads, sandwiches and more!",,2018-02-04,PT5M,,By Heidi,Appetizers,http://www.awesomewithsprinkles.com/?recipe=quick-easy-pickled-onions,
Lemon Poppyseed Banana Muffins,"['Lightly mix together flour, poppyseeds and baking soda. Set aside.', 'Bake at 350º for 20-25 mins until brown.', 'Sprinkle top of batter generously with coarse sugar.', 'Add in bananas.', 'Spoon batter into lined muffin cups about ⅔ full.', 'Blend in salt, vanilla, lemon juice and eggs until smooth.', 'Cream butter and sugar together.', 'Add in flour mixture and mix until well incorporated.']",,Makes about 18 regular sized muffins,,,,HydCake,,,
Pumpkin Spice Latte Syrup,"['Add in remaining ingredients and continue to heat the mixture for a few minutes until everything has had a chance to combine. Try not to let the mixture come to a boil.', 'In a saucepan, bring water to a boil, reduce heat and add sugar. Stir until it is dissolved.', 'Strain the mixture through a coffee filter (or a cheese cloth).', 'To make a latte, add 3 tablespoons of the syrup to 2 shots of espresso and steamed milk or add to your regular coffee and cream.']",Pumpkin Spice Latte Syrup you can make at home,about 1 cup,,,,adapted from SheKnows.com,,,
Pumpkin Spice Cupcakes with Cinnamon Cream Cheese Frosting,"['Turn mixer to low and add the vanilla and cinnamon. Gradually add the powdered sugar (about ¼ cup at a time) and beat until smooth and soft peaks hold their shape. If your frosting is too thick, add a little milk. If your frosting is too soft, add more powdered sugar. Adjust until you reach the desired consistency.', 'Preheat oven to 350º degrees F and line 24 muffin cups with paper liners.', ""Pipe or spread frosting on top of cool cupcakes. Sprinkle with cinnamon, decorate with sprinkles, pumpkin candies, or whatever you'd like! Refrigerate any unused frosting in an airtight container for up to 2 weeks."", 'In a large bowl of a stand mixer (or large mixing bowl with hand mixer) beat together the cream cheese and butter together until light and fluffy (about 2 minutes).', 'In a large bowl of a stand mixer (or large mixing bowl with hand mixer) lightly beat the eggs. Add the oil, pumpkin and vanilla and mix thoroughly. Slowly add the flour mixture to the pumpkin mixture, a scoop at a time, and mix until combined.', 'In a large mixing bowl, sift together the flour, sugar, baking soda, nutmeg, cinnamon, cloves, allspice, and salt and set aside. Sifting is important because it aerates the flour and creates a fluffy cupcake top and makes the cupcakes amazingly moist!', 'Fill the paper liners about 2/3 the way full with batter. Bake at 350º degrees F for 15-18 mins or until a toothpick comes out clean. Let cool in pan for 2-3 mins and then turn out. Allow to cool completely before frosting.']",These incredibly moist and fluffy pumpkin spice cupcakes are full of spice flavor and topped with cinnamon cream cheese frosting. They taste like you are taking a bite out of Fall. <3,about 30 cupcakes,2017-11-09,PT10M,PT30M,By Heidi,Desserts,http://www.awesomewithsprinkles.com/?recipe=pumpkin-spice-cupcakes-cinnamon-cream-cheese-frosting,
Crockpot Pumpkin Chili,"['Pour in the beer. If you want to make this chili gluten free, use apple cider or my favorite, hard apple or pumpkin cider. You can also just use water. Give it all a good stir to mix everything together.', 'In the same skillet, sauté garlic and onions until onions are soft and start to turn slightly transparent. I like to use whole roasted garlic cloves but you can used minced garlic if you prefer a finer size. Add cooked garlic and onions to crockpot on top of meat.', 'When ready to serve, give it a good stir again to incorporate the squash into the rest of the chili. Serve with a dollop of sour cream, sprinkle with cheese and garnish with pepitas to finish it off.', 'In a large skillet, brown the sausage and ground beef. Drain any excess liquid and place browned meat in bottom of a large 6 quart slow cooker.', 'Slow cook on low for 4-6 hours. Alternately you can simmer in a large stock pot on the stove on medium-low heat for at least 40 mins, stirring occasionally. The longer you can let it simmer the better.', 'Drain and rinse the beans and add them to the crockpot. Add corn, tomatoes (including juice), and pumpkin pureé. Top with spices and chili sauce.', ""Top with cubed fresh pumpkin or butternut squash. I like to put it on top and let the steam from the crockpot slowly steam it, rather than mix it in. That way it doesn't get too mushy and just disintegrate into the chili.""]","This crockpot pumpkin chili packs a generous helping of meat, beans and chunks of fresh pumpkin into each bite. With a little bit of a spicy kick it makes a perfect easy and hearty dinner.",a lot,2016-11-13,PT10M,PT4H,By Heidi,Dinner,http://www.awesomewithsprinkles.com/?recipe=pumpkin-chili,
Frozen Frosting Sandwich Cookies,"['Place in one layer on a plate or cookie sheet lined with wax paper and place in the freezer until completely frozen (about 2 hours). Once frozen you can then transfer your cookies to a freezer safe container or baggie, or wrap them up for long term storage. Alternatively, you can individually wrap each cookie in plastic wrap and freeze until solid, creating a single serve cookie option.', 'Break each full graham cracker sheet into halves. Spoon or pipe about 2 tablespoons of frosting onto a cookie half. Top with other half and gently press together.', 'Fill a small bowl with sprinkles (or your garnish of choice). Roll frosting edges in the sprinkles, pressing each edge gently into the sprinkles to fully cover the frosting.']",Easy Freezy Frozen Frosting Sandwich Cookies are a cool treat that taste like ice cream without the melty mess.,8 sandwich cookies,2017-06-12,,,By Heidi,Desserts,http://www.awesomewithsprinkles.com/?recipe=frozen-frosting-sandwich-cookies,
Mulled Cider Sangria,"['Once cider is cooled, remove the mulling spice sachet and transfer mulled cider to a large serving jug or beverage container that is 1 gallon or larger in size (mine was 1.5 gallons and it was perfect). Pour in the wine and brandy, then add the orange and apple slices and cinnamon sticks. Give it a good stir and chill for at least 1 hour before serving. This gives it some time to infuse the flavors of the fruit for extra yumminess. Can be made the night before and let chill in the fridge.', 'Serve chilled over ice (if preferred). I like to scoop out a few slices of apple and orange to add to the glass. It makes it look pretty and those apple slices have quite the bite to them! Yum! Garnish with a cinnamon stick.', 'Place mulling spices into a muslin bag or cheese cloth sachet. Heat apple cider and mulling spice sachet on medium-low heat until gently boiling. Boil for 15 mins or until spiced flavor is to your liking. Remove from heat and allow to cool. Leave mulling spice sachet in the pot.']",,1 gallon of sangria,2016-11-27,,,By Heidi,"Cocktails, Sips",http://www.awesomewithsprinkles.com/?recipe=mulled-cider-sangria,
Spicy Jalapeño Artichoke Dip,"['Roughly chop the artichoke hearts by hand (or blend in a food processor) leaving them slightly chunky for texture. If you like your dip smooth, chop/blend further.', 'Enjoy!', 'Add to this all of your grated cheeses, cream cheese, mayonnaise, lemon juice, jalapeño, onion and salt & pepper and blend well, either by hand or in your food processor.', 'Preheat the oven to 350° F. Cut a large round hole in the bread boule and pull out the insides to hollow it out. Set these inside pieces aside.', ""Fill the bread boule(s) with the dip and place on a baking sheet covered in foil. Place the inside bread chunks alongside the boule if you'd like to toast them in the oven as well - these are great for dipping! Bake for 20 minutes, then cover with remaining shredded cheese and broil for a couple of minutes to get it brown and bubbly.""]","This spicy, cheesy, melty artichoke dip is perfect for game day feasting! We’ve made them in individual mini bread bowls so there’s no need to share.",,2017-08-27,,,By Heidi,Appetizers,http://www.awesomewithsprinkles.com/?recipe=spicy-jalapeno-artichoke-dip,
Red Hot Cocoa Chocolate Bark,"['Cover a large baking tray or cookie sheet with parchment paper and set aside.', 'Place tray in freezer and chill for 20 mins until hardened. Alternatively you can allow to harden at room temperature but let it sit at least an hour to completely harden.', ""Working quickly, drizzle with candy melts and decorate. You can drizzle in any sort of pattern or design you'd like or just randomly. To create the pattern in the photo I drizzled candy melts in straight lines and then dragged a wooden skewer through the lines perpendicularly first dragging in one direction and then changing directions on the next pass to create this kind of arrow/chevron pattern. Sprinkle generously with mini chocolate chips, mini marshmallows and Red Hots candies."", 'Melt candy melts according to bag instructions (usually via the microwave or double boiler). Transfer to a food safe squeeze bottle (can be found in the candy making section of most craft or cooking supply stores) and keep in a hot water bath to stay melty.', 'Melt chocolate wafers according to bag instructions (usually via the microwave or double boiler).', 'Pour melted chocolate onto the parchment paper and spread out in a thin, even layer about 1/4 inch thick.', 'Break hardened chocolate bark up into single serving sized pieces. Package into gift bags for sharing or keep stored in an airtight container for freshness.']",Spice things up with this lovely and delicious dark chocolate bark that tastes just like hot cocoa. Complete with mini marshmallows!,,2018-02-04,,,By Heidi,Desserts,http://www.awesomewithsprinkles.com/?recipe=red-hot-cocoa-chocolate-bark,PT15M
