0,numTracks,byArtist,dateCreated,4,genre,track
The Joint 2000,5.0,The Living End,2000.0,"Recorded at Fox Studios, Sydney on the 28th of November 2000, for Channel [V] show ‘The Joint’. Source: Television Quality: Stream the tracks above, download all tracks in .ZIP format on the left, or click a track title to download a singular file.",Rock & Roll,"['Dirty Man', 'Roll On', 'Revolution Regained', 'Interview', 'Pictures In The Mirror']"
Virgin Australia Premiership Party 2016,7.0,The Living End,2016.0,"Recorded at the MCG, Melbourne on the 1st of October 2016, for the AFL Grand Final. Source: Television Quality: Stream the tracks above, download all tracks in .ZIP format on the left, or click a track title to download a singular file.",Rock & Roll,"['We Are The Champions / Second Solution', 'Monkey', 'Roll On', 'West End Riot', 'All Torn Down', 'White Noise', 'Prisoner Of Society']"
Brixton Academy 1999,8.0,The Living End,1999.0,"Recorded at The Brixton Academy, England on the 26th of April 1999. Source: Audience Recording Quality: Stream the tracks above, download all tracks in .ZIP format on the left, or click a track title to download a singular file.",Rock & Roll,"['Save The Day', 'Bloody Mary', 'Second Solution', 'Tainted Love', 'West End Riot', 'All Torn Down', 'Have They Forgotten', 'Prisoner Of Society']"
"Big Day Out, Gold Coast 2003",13.0,The Living End,2003.0,"Recorded at Big Day Out, Gold Coast on the 19th of January 2003, for Channel [V] Source: Television Quality: Stream the tracks above, download all tracks in .ZIP format on the left, or click a track title to download a singular file.",Rock & Roll,"['Save The Day', 'From Here On In', 'Blinded', 'Carry Me Home', 'Roll On', 'One Said To The Other', 'What Would You Do', 'West End Riot', 'E Boogie & Second Solution', 'Into The Red', 'All Torn Down', 'Pictures In The Mirror', 'Prisoner Of Society']"
Muses In-Store 2000,7.0,The Living End,2000.0,"Recorded in Rundle Mall, Adelaide outside Muses Record Store on the 23rd of November 2000. Source: Audience Recording Quality: Stream the tracks above, download all tracks in .ZIP format on the left, or click a track title to download a singular file.",Rock & Roll,"['Carry Me Home', 'Second Solution', 'Dirty Man', 'Roll On', 'All Torn Down', 'Pictures In The Mirror', 'Prisoner Of Society']"
Enmore Theatre 2008,17.0,The Living End,2008.0,"Recorded at The Enmore Theatre, Sydney on the 26th of September 2008, for Moshcam. Source: Live Stream Quality: Stream the tracks above, download all tracks in .ZIP format on the left, or click a track title to download a singular file.",Rock & Roll,"['Run To Paradise / Roll On', 'How Do We Know', 'Second Solution', 'Moment In The Sun', 'Prisoner Of Soceity', 'Raise The Alarm', 'E Boogie', 'West End Riot', 'We Want More', 'Kid', 'Loaded Gun', 'Wake Up', 'All Torn Down', 'Who’s Gonna Save Us?', 'Make The Call', 'I Can’t Give You What I Haven’t Got', 'White Noise']"
Livid Festival 2003,13.0,The Living End,2003.0,"Recorded at Big Day Out, Gold Coast on the 18th of October 2003, for Channel [V] Source: Television Quality: Stream the tracks above, download all tracks in .ZIP format on the left, or click a track title to download a singular file.",Rock & Roll,"['Save The Day', 'Carry Me Home', 'Second Solution', 'Roll On', 'One Said To The Other', 'E Boogie', 'West End Riot', 'Who’s Gonna Save Us?', 'All Torn Down', 'Tabloid Magazine', 'Pictures In The Mirror', 'Prisoner Of Society', 'Hold Up']"
Clipsal 500 2005,16.0,The Living End,2005.0,"Recorded at the Clipsal 500, Adelaide on the 18th of March 2005. Source: Audience Recording Quality: Stream the tracks above, download all tracks in .ZIP format on the left, or click a track title to download a singular file.",Rock & Roll,"['Save The Day', 'Long Live The Weekend', 'Carry Me Home', 'Second Solution', 'End Of The World', 'Roll On', 'Living Underground', 'One Said To The Other', 'E Boogie', 'West End Riot', 'Who’s Gonna Save Us?', 'All Torn Down', 'Tabloid Magazine', 'I Can’t Give You What I Haven’t Got', 'Pictures In The Mirror', 'Prisoner Of Society']"
The Ending Is Just The Beginning Repeating Album Launch,13.0,The Living End,2011.0,"Recorded at Darlinghurst Gaol, Sydney on the 19th of July 2011. Source: Live Stream Quality: Stream the tracks above, download all tracks in .ZIP format on the left, or click a track title to download a singular file.",Rock & Roll,"['Heatwave', 'Machine Gun', 'Universe', 'Carry Me Home', 'Roll On', 'Moment In The Sun', 'Away From The City', 'Resist', 'In The Morning', 'Song For The Lonely', 'United', 'White Noise', 'The Ending Is Just The Beginning Repeating']"
AC/DC Lane 2008,11.0,The Living End,2008.0,"Recorded in Duckboard Place, Melbourne on the 7th of June 2008, for Triple J. Source: FM Radio Quality: Stream the tracks above, download all tracks in .ZIP format on the left, or click a track title to download a singular file.",Rock & Roll,"['Second Solution', 'How Do We Know', 'Roll On', 'Moment In The Sun', 'Raise The Alarm', 'We Want More', 'Loaded Gun', 'What’s On Your Radio', 'Jailbreak', 'Interview', 'White Noise']"
Peaches & Cream Festival 1999,12.0,The Living End,1999.0,"Recorded at Peaches & Cream Festival on the 23rd of January 1999. Source: Soundboard Quality: Stream the tracks above, download all tracks in .ZIP format on the left, or click a track title to download a singular file.",Rock & Roll,"['Monday', 'Save The Day', 'From Here On In', 'Bloody Mary', 'Tainted Love', 'West End Riot', 'English Army', '10:15 Saturday Night', 'AC/DC – Deep Purple Covers', 'All Torn Down', 'Growing Up (Falling Down)', 'Prisoner Of Society']"
Lowlands Festival 2001,16.0,The Living End,2001.0,"Recorded at Lowlands Festival, Netherlands on the 26th of August 2001. Source: Soundboard Quality: Stream the tracks above, download all tracks in .ZIP format on the left, or click a track title to download a singular file.",Rock & Roll,"['Monday', 'Save The Day', 'Carry Me Home', 'Second Solution', 'Outro', 'Don’t Shut The Gate', 'Roll On', 'Dirty Man', 'E Boogie', 'Lookin’ Out My Backdoor', 'Tainted Love', 'Revolution Regained', 'All Torn Down', 'Intro', 'Pictures In The Mirror', 'Prisoner Of Society']"
Coke Live ‘N Local 2005,7.0,The Living End,2005.0,"Recorded at Coke Live ‘N Local, Melbourne on the 9th of October 2005. Source: Audience Recording Quality: Stream the tracks above, download all tracks in .ZIP format on the left, or click a track title to download a singular file.",Rock & Roll,"['Roll On', 'West End Riot', 'E Boogie', 'Who’s Gonna Save Us?', 'All Torn Down', 'Tabloid Magazine', 'What’s On Your Radio']"
The Roundhouse 2001,18.0,The Living End,2001.0,"Recorded at The Roundhouse, Sydney on the 9th of May 2001. Source: Live Stream Quality: Stream the tracks above, download all tracks in .ZIP format on the left, or click a track title to download a singular file.",Rock & Roll,"['Uncle Harry', 'Monday', 'Save The Day', 'Riot On Broadway', 'Carry Me Home', 'Second Solution', 'Don’t Shut The Gate', 'Lookin’ Out My Back Door', 'Roll On', 'Dirty Man', 'E Boogie', 'West End Riot', 'English Army', 'Revolution Regained', 'All Torn Down', 'Instrumental', 'Pictures In The Mirror', 'Prisoner Of Society']"
Berlin Live 2018,12.0,The Living End,2018.0,"Recorded at SchwuZ, Berlin on the 18th of February 2018, for the Berlin Live Concert Series. Source: Live Stream Quality: Stream the tracks above, download all tracks in .ZIP format on the left, or click a track title to download a singular file.",Rock & Roll,"['Second Solution', 'Drop The Needle', 'Roll On', 'Raise The Alarm', 'E Boogie', 'West End Riot', 'Staring Down The Barrel', 'Higher Ground', 'Who’s Gonna Save Us?', 'On The Other Side', 'Prisoner Of Society', 'Hold Up']"
The Channel [V] Bus 2005,10.0,The Living End,2005.0,"Recorded at Federation Square, Melbourne on the 15th of December 2005, for The Channel [V] Bus series. Source: Television Quality: Stream the tracks above, download all tracks in .ZIP format on the left, or click a track title to download a singular file.",Rock & Roll,"['Monday', 'Second Solution', 'Roll On', 'West End Riot', 'Reborn', 'Who’s Gonna Save Us?', 'What’s On Your Radio', 'I Can’t Give You What I Haven’t Got', 'Long Live The Weekend', 'Prisoner Of Society']"
Live At The Wireless 2000,9.0,The Living End,2000.0,"Recorded at Triple J Studios on the 27th of November 2000, this is the third appearance on ‘Live At The Wireless’ for The Living End. Source: FM Radio Quality: Stream the tracks above, download all tracks in .ZIP format on the left, or click a track title to download a singular file.",Rock & Roll,"['Uncle Harry', 'Second Solution', 'Dirty Man', 'Roll On', 'Revolution Regained', 'All Torn Down', 'Sunday Bloody Sunday', 'Pictures In The Mirror', 'Prisoner Of Society']"
Live At The Chapel 2000,6.0,The Living End,2000.0,"Recorded at Chapel Off Chapel, Melbourne on the 1st of November 2000, for the ‘Live At The Chapel’ TV series. Source: Television Quality: Stream the tracks above, download all tracks in .ZIP format on the left, or click a track title to download a singular file.",Rock & Roll,"['Carry Me Home', 'Second Solution', 'Roll On', 'All Torn Down', 'Pictures In The Mirror', 'Prisoner Of Society']"
Clipsal 500 2009,14.0,The Living End,2009.0,"Recorded at the Clipsal 500, Adelaide on the 13th of March 2009. Source: Audience Recording Quality: Stream the tracks above, download all tracks in .ZIP format on the left, or click a track title to download a singular file.",Rock & Roll,"['Second Solution', 'How Do We Know', 'Roll On', 'Moment In The Sun', 'Raise The Alarm', 'E Boogie', 'West End Riot', 'Loaded Gun', 'Wake Up', 'All Torn Down', 'Who’s Gonna Save Us?', 'White Noise', 'Hey Hey Disbeliever', 'Prisoner Of Society']"
"Big Day Out, Melbourne 1999",11.0,The Living End,1999.0,"Recorded at Big Day Out Festival on the 26th of January 1999. Source: Soundboard Quality: Stream the tracks above, download all tracks in .ZIP format on the left, or click a track title to download a singular file.",Rock & Roll,"['Monday', 'Save The Day', 'From Here On In', 'Bloody Mary', 'Trapped', 'Second Solution', 'Tainted Love', 'West End Riot', 'The Living End', 'All Torn Down', 'Prisoner Of Society']"
BigPond Monday Night Live 2008,13.0,The Living End,2008.0,"Recorded at The Basement, Sydney on the 16th of June 2008, for BigPond. Source: Live Stream Quality: Stream the tracks above, download all tracks in .ZIP format on the left, or click a track title to download a singular file.",Rock & Roll,"['Encore Break', 'Second Solution', 'How Do We Know', 'Roll On', 'Raise The Alarm', 'E Boogie', 'West End Riot', 'We Want More', 'Loaded Gun', 'Wake Up', 'What’s On Your Radio', 'Jailbreak', 'White Noise']"
iTunes Originals,31.0,The Living End,2006.0,"iTunes Originals album released in March 2006. No longer available for purchase. This album features a mix of album tracks, interview grabs and studio performances recorded exclusively for iTunes. Source: iTunes Quality: Stream the tracks above, download all tracks in .ZIP format on the left, or click a track title to download a singular file.",Rock & Roll,"['Blinded', 'Reborn (iTunes Originals Version)', 'What’s On Your Radio (iTunes Originals Version)', 'Blown Away By B-Sides', 'Growing Up (Falling Down)', 'Four Notes, One Catchy Weird Sounding Riff', 'Black Cat (iTunes Originals Version)', 'From Here On In', 'A Package To Green Day', 'I Love Playing Live!', 'iTunes Originals', 'A Great Problem To Have', 'Mini Rock Opera', 'Short Notice', 'Second Solution (iTunes Originals Version)', 'Amphetamine Injection', 'Roll On', 'DIY Days', 'Aiming For The Sky', 'Psychobilly Galloping Verses', 'The Room', 'Hot Rods, Girls And Cars', 'Off The Road, Literally', 'Long Live The Weekend', 'E-Boogie (iTunes Originals Version)', 'Different Colours And Sides', 'Wake Up', 'All Torn Down', 'Pictures In The Mirror (iTunes Originals Version)', 'Choosing The First Single', 'Nothing Too Hocus Pocus']"
Lowie’s Hot30 Countdown 2006,6.0,The Living End,2006.0,"Recorded at the Hot30 Rooftop on the 3rd of March 2006, for Lowie’s Hot30 Countdown. Source: FM Radio Quality: Stream the tracks above, download all tracks in .ZIP format on the left, or click a track title to download a singular file.",Rock & Roll,"['Reborn', 'We Want More', 'No Way Out', 'What’s On Your Radio', 'Interview', 'Long Live The Weekend']"
Lowie’s Bandcamp 2005,8.0,The Living End,2005.0,"Recorded at Schoolies on the 25th of November 2005, for Lowie’s Hot30 Countdown. Source: FM Radio Quality: Stream the tracks above, download all tracks in .ZIP format on the left, or click a track title to download a singular file.",Rock & Roll,"['Second Solution', 'Roll On', 'We Want More', 'Who’s Gonna Save Us?', 'Tabloid Magazine', 'What’s On Your Radio', 'I Can’t Give You What I Haven’t Got', 'Prisoner Of Society']"
Le Nouveau Casino 2009,16.0,The Living End,2009.0,"Recorded at le Nouveau Casino, Paris on the 23rd of April 2009. Source: Audience Recording Quality: Stream the tracks above, download all tracks in .ZIP format on the left, or click a track title to download a singular file.",Rock & Roll,"['Carry Me Home', 'Second Solution', 'How Do We Know', 'End Of The World', 'Roll On', 'Raise The Alarm', 'E Boogie', 'West End Riot', 'We Want More', 'Loaded Gun', 'Who’s Gonna Save Us?', 'All Torn Down', 'Hey Hey Disbeliever', 'White Noise', 'Mr. Sandman', 'Prisoner Of Society']"
Triple J’s One Night Stand 2006,14.0,The Living End,2006.0,"Recorded in Port Pirie, South Australia on the 12th of April 2006, for Triple J. Source: FM Radio Quality: Stream the tracks above, download all tracks in .ZIP format on the left, or click a track title to download a singular file.",Rock & Roll,"['Tainted Love', 'Roll On', 'West End Riot', 'E Boogie', 'We Want More', 'Black Cat', 'Wake Up', 'All Torn Down', 'What’s On Your Radio', 'Tabloid Magazine', 'Who’s Gonna Save Us?', 'Long Live The Weekend', 'Prisoner Of Society', 'Hold Up']"
Bizarre Festival 1999,7.0,The Living End,1999.0,"Recorded at Bizarre Festival on the 22nd of August 1999. Source: Television Broadcast Quality: Stream the tracks above, download all tracks in .ZIP format on the left, or click a track title to download a singular file.",Rock & Roll,"['Monday', 'Save The Day', 'Second Solution', 'Tainted Love', 'West End Riot', 'All Torn Down', 'Prisoner Of Society']"
Reading Festival 2001,7.0,The Living End,2001.0,"Recorded at Reading Festival, UK on the 24th of August 2001. Source: Unknown (Soundboard?) Quality: Stream the tracks above, download all tracks in .ZIP format on the left, or click a track title to download a singular file.",Rock & Roll,"['Monday', 'Dirty Man', 'Second Solution', 'Roll On', 'E Boogie', 'All Torn Down', 'Prisoner Of Society']"
"Vera, Groningen 2001",17.0,The Living End,2001.0,"Recorded at Vera, Groningen, Netherlands on the 30th of March 2001. Source: Audience Recording Quality: Stream the tracks above, download all tracks in .ZIP format on the left, or click a track title to download a singular file.",Rock & Roll,"['Uncle Harry', 'Monday', 'Save The Day', 'From Here On In', 'Riot On Broadway', 'Carry Me Home', 'Second Solution', 'Psycho Twist', 'Don’t Shut The Gate', 'Roll On', 'Dirty Man', 'West End Riot', 'Revolution Regained', 'All Torn Down', 'Sunday Bloody Sunday', 'Pictures In The Mirror', 'Prisoner Of Society']"
Big Top 2006,19.0,The Living End,2006.0,"Recorded at the Big Top, Sydney on the 12th of September 2006. Source: Audience Recording Quality: Stream the tracks above, download all tracks in .ZIP format on the left, or click a track title to download a singular file.",Rock & Roll,"['Uncle Harry', 'Encore Break', 'Tainted Love', 'West End Riot', 'Nothing Lasts Forever', 'What’s On Your Radio', 'Waltzing Matilda', 'E Boogie', 'Into The Red', 'Prisoner Of Society', 'Roll On', 'Intro', '‘Til The End', 'Long Live The Weekend', 'Second Solution', 'We Want More', 'Who’s Gonna Save Us?', 'All Torn Down', 'Wake Up']"
