Name,City,Country,Meters,Feets,Pictures
Warsaw TV Mast,Plock,Poland,646,2119,
KVLY Tower,"Blanchard, ND",USA,629,2064,
C. N. Tower,Toronto,Canada,553,1814,[1] [2] [3] [4]
Ostankino Tower,Moscow,Russia,540,1772,[1] [2]
Taipei 101,Taipei,Taiwan,502,-,
Pearl of the Orient,Shanghai,P.R.China,468,1535,[1] [2]
Petronas Towers,Kuala Lumpur,Malaysia,451,1480,[1] [2] [3] [4]
Sears Tower,"Chicago, IL",USA,443,1453,[1] [2]
KL Tower,Kuala Lumpur,Malaysia,421,1381,[1]
Jin Mao Tower,Shanghai,P.R.China,420,1378,[1]
Tianjin Radio and TV Tower,Tianjin,P.R.China,415,1362,[1] [2]
World Trade Center,"New York, NY",USA,412,1352,[1 - before] [2 - after]
2 International Finance Centre,Hong Kong,P.R.China,407,1335,
Central Radio and TV Tower,Beijing,P.R.China,405,1323,[1]
Citic Plaza,Guangzhou,P.R.China,391,1283,[1]
Shun Hing Square,Shenzhen,P.R.China,384,1260,
Plaza Rakyat,Kuala Lumpur,Malaysia,382,1254,[1]
Empire State Building,"New York, NY",USA,381,1250,[1] [2]
Tashkent Tower,Tashkent,Uzbekistan,375,1230,[1]
Liberation Tower,Kuwait City,Kuwait,372,1220,[1]
Alma-Ata Tower,Alma-Ata,Kazakhstan,370,1214,[1]
Central Plaza,Hong Kong,P.R. China,374,1227,[1] [2] [3]
Bank of China,Hong Kong,P.R. China,369,1211,[1]
Television Tower,Vilnius,Lithuania,368,1207,[1]
Television Tower,Berlin,Germany,365,1198,[1] [1]
Post & Communications Building,Xiamen,P.R. China,363,1193,
Emirates Towers One,Dubai,UAE,355,1163,[1]
Stratosphere Tower,"Las Vegas, NV",USA,350,1149,[1]
The Centre,Hong Kong,P.R. China,350,1149,[1]
Tuntex & Chientai Tower,Kaoshiung,Taiwan,348,1140,[1] [2]
Amoco Building,"Chicago, IL",USA,346,1136,[1]
Central Station,Hong Kong,Hong Kong,346,1136,
John Hancock Center,"Chicago, IL",USA,344,1129,[1] [2]
Macau Tower,Macau,PR China,338,1109,[1]
Tokyo Tower,Tokyo,Japan,333,1093,[1] [2]
Europe Tower,Ginnheim,Germany,331,1086,
Emley Moor Tv-Tower,Emley Moor,United Kingdom,330,1083,
Sky Tower,Auckland,New Zealand,328,1076,[1]
Di Wang Tower,Shenzen,P.R. China,325,1066,[1]
Shun Hing Square,Shenzen,P.R. China,325,1066,[1]
Sky Central Plaza,Guangzhou,P.R. China,322,1056,[1]
Eiffel Tower,Paris,France,321,1053,[1] [2]
Burj al Arab Hotel,Dubai,UAE,321,1053,[1]
Baiyoke Tower II,Bangkok,Thailand,320,1050,[1]
Chrysler Building,"New York, NY",USA,319,1047,[1]
Tallinn Television Tower,Tallin,Estonia,314,1029,
NationsBank Plaza,"Atlanta, GE",USA,312,1023,
Library Tower,"Los Angeles, CA",USA,310,1018,[1]
Telekom Malaysia Headquarters,Kuala Lumpur,Malaysia,310,1017,[1] [2] [3]
AMP Tower,Sydney,Australia,305,1001,[1]
Texas Commerce Tower,"Houston, TX",USA,305,1001,
Emirates Towers II,Dubai,UAE,305,1001,[1]
Sasol Stack,Secunda,South Africa,301,987,
Ryugyong Hotel,Pyongyang,N. Korea,300,984,[1] [2]
Commerzbank,Frankfurt,Germany,298,978,[1] [2]
Landmark Tower,Yokohama,Japan,296,971,[1] [2] [3] [4]
First Interstate Bank Plaza,"Houston, TX",USA,296,971,
Bank of America Tower,"Seattle, WS",USA,295,968,
311 South Wacker,"Chicago, IL",USA,293,961,[1]
Transmission Tower,Nuremberg,Germany,292,958,
American International Building,"New York, NY",USA,290,952,
Olympia Tower,Munich,Germany,290,951,
Key Tower,"Cleveland, OH",USA,289,948,
Collserola Tower,Barcelona,Spain,288,945,[1]
One Liberty Place,Philadelphia,USA,288,945,[1] [2]
40 Wall Street,"New York, NY",USA,283,928,[1] [2]
Telemax,Hanover,Germany,282,925,
Bankof America Plaza,"Dallas, TX",USA,281,921,[1]
OUB Centre,Singapore,Singapore,280,919,[1]
Two Prudential Plaza,"Chicago, IL",USA,280,920,
Citicorp Tower,"New York, NY",USA,279,915,[1] [2]
Heinrich Hertz Tower,Hamburg,Germany,272,892,
Tiflis Television Tower,Tbilisi,Georgia,270,886,
Al Faisaliah Centre more,Riyadh,Saudi Arabia,267,876,
Colonius Tower,Kln,Germany,266,873,
Television Tower,Tiflis,Georgia,266,873,
Suntrust Plaza,"Atlanta, GE",USA,265,871,
Transamerica Pyramid,"San Francisco, CA",USA,260,853,[1]
Telemax Tower,Hannover,Germany,259,850,[1]
Rockefeller Center,New York City,"USA, NY",259,850,[1]
Messe Tower,Frankfurt,Germany,256,840,[1]
Rinku Gate Tower,Osaka,Japan,256,840,
Transmission Tower,Koblenz,Germany,255,837,
Rialto Towers,Melburne,Australia,253,830,[1]
Transmission Tower,Dresden,Germany,252,827,
Osaka World Trade Center,Osaka,Japan,252,827,
Donauturm Tower,Vienna,Austria,252,827,[1]
One Atlantic Center,"Atlanta, GE",USA,250,820,
Saint Chrischona Transmission Tower,Basel,Switzerland,250,820,
BNI City Tower,Jakarta,Indonesia,250,820,
Malayan Bank,Kuala Lumpur,Malyasia,244,799,[1]
Shin Kong Life Tower,Taipei,Taiwan,244,800,
Tokyo Metropolitan Government Building,Tokyo,Japan,243,797,[1] [2]
John Hancock Tower,"Boston, HU",USA,241,791,
Woolworth Building,"New York, NY",USA,241,791,[1] [2]
Bank One Center,"Dallas, TX",USA,240,787,[1]
NationsBank Center,"Houston, TX",USA,238,781,
Seoul Tower,Seoul,South Korea,237,778,
IDS Center,"Minneapolis, MS",USA,236,774,[1]
Shinjuku Park Tower,Tokyo,Japan,235,771,
191 Peachtree Tower,"Atlanta, GE",USA,235,770,
Rhine Tower,Dsseldorf,Germany,234,768,[1] [2]
Kompleks Tun Abdul Razak,Penang,Malaysia,232,761,[1] [2]
Television Tower,Johannesburg,South Africa,232,761,
Torrespana,Madrid,Spain,231,758,
Transmission Tower,Kiel,Germany,230,755,
Shangri,Hong Kong,P.R. China,228,748,
Cosco Tower,Hong Kong,P.R. China,228,748,
Tower of the Americas,"San Antonio, TX",USA,227,745,[1]
Sunshine 60,Tokyo,Japan,226,741,[1]
Maxdo Centre,Shanghai,P.R. China,226,741,
Two Union Square,"Seattle, WS",USA,226,741,
Chase Tower,"Dallas, TX",USA,225,738,[1]
Washington Mutual Tower,"Seattle, WS",USA,224,735,
M?nster Telecommunications Tower,M?nster,Germany,222,728,[1]
Peachtree Plaza Hotel,Atlanta,USA,221,725,[1]
Westin Peachtree Plaza,"Atlanta, GE",USA,220,723,
Florian Tower,Dortmund,Germany,220,722,
Key Tower,"Seattle, WS",USA,220,722,
TAU TV Tower,Ekaterinburg,Russia,220,722,[1]
Fountain Place,"Dallas, TX",USA,219,720,[1] [2]
Stuttgart Television Tower,Stuttgart,Germany,217,712,[1]
Terminal Tower,"Cleveland, OH",USA,216,708,
Metropolitian Life Tower,"New York, NY",USA,213,698,
Pemex Tower,Mexico City,Mexico,213,702,[1]
Georgia Pacific Tower,"Atlanta, GE",USA,212,697,
King Tower,Shanghai,P.R. China,212,695,
Manara Maxis,Kuala Lumpur,Malaysia,212,695,
Promenade 2,"Atlanta, GA",USA,211,692,
California Center,"San Francisco, CA",USA,211,692,
Americas Tower,"New York, NY",USA,211,692,
Petron Megaplaza,Makati City,Philippines,210,689,
Plaza MBF,Kuala Lumpur,Malaysia,210,689,
Trammell Crow Center,"Dallas, TX",USA,209,686,[1]
Golden Bell Plaza,Shanghai,P.R. China,208,682,
DG-Bank,Frankfurt,Germany,208,682,[1]
Bellsouth Building,"Atlanta, GE",USA,206,677,
Bertelsman Building,"New York, NY",USA,206,676,
Television Tower,Sasbachwalden,Germany,206,676,[1]
Television Tower,Mannheim,Germany,205,673,
Shanghai Senmao International Building,Shanghai,P.R. China,203,667,
Berjaya Star City Tower,Kuala Lumpur,Malaysia,203,667,
1700 Pacific,"Dallas, TX",USA,200,655,[1]
Main Tower,Frankfurt,Germany,198,649,
Amartapura,Tangerang,Indonesia,198,650,
AT&T Headquarters,"New York, NY",USA,197,646,[1]
Lake Point Tower,"Chicago, IL",USA,197,646,[1] [2]
Thanksgiving Tower,"Dallas, TX",USA,197,645,[1]
China Insurance Building,Shanghai,P.R. China,196,643,
Telstra Tower,Canberra,Australia,195,640,
Altus Tower,Mexico City,Mexico,195,640,[1]
PPG Place,"Pittsburgh, PA",USA,194,636,
Belmont Centre,Kuala Lumpur,Malaysia,193,633,
1001 Fourth Avenue Plaza,"Seattle, WS",USA,192,630,
Energy Plaza,"Dallas, TX",USA,192,629,[1] [2]
Calgary Tower,Calgary,Canada,191,626,
Elm Place,"Dallas, TX",USA,191,625,[1] [2]
Cairo Television Tower,Cairo,Egypt,190,623,
BT Tower,London,United Kingdom,189,620,[1]
Comerica Tower,"Detroit, MI",USA,189,620,
Bellsouth Building,"Nashville, TN",USA,188,617,
750 7th Avenue,"New York, NY",USA,187,614,
China Merchants Tower,Shanghai,P.R. China,186,610,
Trianon Building,Frankfurt,Germany,186,610,
GLG Grand/Four Seasons Hotel,"Atlanta, GE",USA,186,609,
Euromast Tower,Rotterdam,Netherlands,185,607,
World Trade Center,Dubai,UAE,184,605,
The Space Needle,"Seattle, WS",USA,184,605,[1]
Republic Center Tower II,"Dallas, TX",USA,182,598,[1]
WDR Sendemast,Mnster,Germany,182,598,
Latinoamericana Tower,Mexico City,Mexico,181,594,
Makuhari Prince Hotel,Chiba,Mexico,181,594,[1]
Bankasi Towers,Instanbul,Turkey,181,594,[1]
NEC Supertower,Tokyo,Japan,180,590,
Hotel Bali 3,Benidorm,Spain,180,591,
Kuwait Water Towers,Kuwait,Kuwait,180,591,[1]
Marina City,"Chicago, IL",USA,179,587,[1] [2] [3]
Hong Kong and Shanghai Bank,Hong Kong,PR China,179,587,[1]
Harbour Center Tower,Vancouver,Canada,177,581,[1]
Lukasrand Tower,Pretoria,South Africa,177,581,
US Bank Center,"Seattle, WA",USA,177,581,
Concourse Tower 5,"Dunwoody, GA",USA,177,581,
One Bell Plaza,"Dallas, TX",USA,177,580,[1] [2]
Lincoln Plaza,"Dallas, TX",USA,176,579,[1] [2] [3]
800 Fifth Avenue Plaza,"Seattle, WA",USA,176,577,
Wells Fargo Center,"Seattle, WA",USA,175,574,
Montreal Tower,Montreal,Canada,175,574,[1]
Concourse Tower 5,"Atlanta, GE",USA,174,570,
Umeda Sky Building,Osaka,Japan,173,568,
Reunion Tower,"Dallas, TX",USA,171,560,[1] [2]
Riyadh Television Tower,Riyadh,Saudi-Arabia,170,558,[1]
Concourse Tower 6,"Dunwoody, GA",USA,169,554,
111 Huntington Avenue,"Boston, MA",USA,169,554,
N?sinneula Tower,Tampere,Finland,168,551,[1]
Adam's Mark Hotel,"Dallas, TX",USA,168,550,[1]
Torre Dataflux,Monterrey,Mexico,167,548,[1]
Dresdner Bank,Frankfurt,Germany,166,545,[1]
800 5th Avenue Plaza,"Seattle, WA",USA,166,545,
The Peak,Sydney,Australia,166,545,[1]
Union Bank of California Center,"Seattle, WA",USA,163,534,
Baynunah Tower,Abu Dhabi,UAE,163,534,
RWE-Tower,Essen,Germany,162,531,[1]
Telecommunications Tower,Ermingen,Germany,162,531,
PBC [Marriott Hotel),Frankfurt,Germany,162,531,
William Green Building,"Columbus, OH",USA,162,531,
Arch Tower One,Mexico City,Mexico,162,529,[1]
Ulmer Mnster,Ulm,Germany,161,528,[1]
Travelers Tower,"Hartford, CT",USA,161,528,
Klner Dom,Kln,Germany,160,525,
Seagram Building,"New York, NY",USA,160,525,[1] [2]
Vehicle Assembly Building,"Florida, FL",USA,160,525,[1] [2]
Goodwin Square,"Hartford, CT",USA,159,521,
Blackpool Tower,Blackpool,United Kingdom,158,518,[1] [2] [3]
Akbank Tower,Istanbul,Turkey,158,518,[1]
Rainier Tower,"Seattle, WA",USA,157,514,
Dayabumi Complex,Kuala Lumpur,Malaysia,157,514,[1] [2]
Bryan Tower,"Dallas, TX",USA,156,512,[1]
Urban Bank Plaza,Makati City,Philippines,155,509,[1]
Deutsche Bank Headquarters,Frankfurt,Germany,155,509,[1]
Kaknas Tower,Stockholm,Sweden,155,509,[1]
,,,,,
