Rang,Name,Staat(en),Fläche-(km2),Länge-(km),Max.-Tiefe-(m),Volumen-(km?)
1.,Kaspisches-Meer,Aserbaidschan Russland Kasachstan Turkmenistan Iran,371.000,1199,1025,78.200
2.,Oberer-See,USA-Kanada,82.414,616,405,12.100
3.,Victoriasee,Kenia Tansania Uganda,69.485,322,84,2750
4.,Huronsee,USA-Kanada,59.596,397,229,3540
5.,Michigansee,USA,58.016,517,282,4918
6.,Tanganjikasee,Tansania DR-Kongo Sambia Burundi,32.893,676,1470,18.900
7.,Baikalsee,Russland,31.500,636,1680 (2008),23.600
8.,Gro?er-B?rensee,Kanada,31.080,373,446,2236
9.,Malawisee,Malawi Mosambik Tansania,30.044,579,706,8400
10.,Gro?er-Sklavensee,Kanada,28.930,480,614,2090
11.,Eriesee,USA-Kanada,25.719,388,64,489
12.,Winnipegsee,Kanada,23.553,425,18,283
13.,Ontariosee,USA-Kanada,19.477,311,244,1639
14.,Balchaschsee,Kasachstan,18.428,605,26,106
15.,Ladogasee,Russland,18.130,219,230,908
16.,Aralsee,Kasachstan Usbekistan,17.160,428,-,-
17.,Wostoksee,Antarktis,15.690,250,1000,5400
18.,Onegasee,Russland,9891,248,120,280
19.,Titicacasee,Bolivien-Peru,8135,177,281,893
20.,Nicaraguasee,Nicaragua,8001,177,26,-
21.,Athabascasee,Kanada,7920,335,243,204
22.,Turkanasee,Kenia-?thiopien,6405,248,109,204
23.,Reindeer-Lake,Kanada,6330,245,337,?
24.,Issyk-Kul,Kirgisistan,6200,182,668,1738
25.,Urmia-See,Iran,6001,130,16,-
26.,Koko-Nor,VR-China,5694,-,-,-
27.,V?nern,Schweden,5545,140,106,153
28.,Lake-Winnipegosis,Kanada,5403,245,-,-
29.,Albertsee,Uganda DR-Kongo,5299,161,58,280
30.,Mwerusee,Sambia DR-Kongo,5120,-,27,-
31.,Nettilling-Lake,Kanada,5051,123,-,-
32.,Lake-Nipigon,Kanada,4848,-,165,-
33.,Lake-Manitoba,Kanada,4706,200,-,-
34.,Taimyrsee,Russland,4560,250,26,-
35.,Chankasee,Russland VR-China,4400,80,-,-
36.,Lake-of-the-Woods,Kanada-USA,4390,120,-,-
37.,Lake-Dubawnt,Kanada,3833,-,-,-
38.,Vansee,T?rkei,3740,120,457,-
39.,Tanasee,?thiopien,3628,84,14,-
40.,Peipussee,Estland Russland,3555,143,14,-
41.,Ubsa-Nor,Mongolei,3350,200,-,-
42.,Amadjuak-Lake,Kanada,3115,80,-,-
43.,Aydar-Ko?l,Usbekistan,3000,250,-,"44,3"
44.,Kiwusee,DR-Kongo Ruanda,2650,-,450,-
45.,Alakol,Kasachstan,2650,-,54,"58,6"
46.,Iliamna-Lake,USA,2622,120,>150,-
47.,Chubsogol-Nor,Mongolei,2620,136,262,-
48.,Poop?-See,Bolivien,2600,-,-,"4,02"
49.,Lake-Garry,Kanada,2538,-,-,-
50.,Eduardsee,DR-Kongo Uganda,2325,65,112,-
51.,Wollaston-Lake,Kanada,2286,-,71,75
52.,Nueltin-Lake,Kanada,2279,-,-,-
53.,Tai-Hu,VR-China,2250,-,-,-
54.,Southern-Indian-Lake,Kanada,2248,-,-,-
55.,Yathkyed-Lake,Kanada,2227,-,-,-
56.,Nam-Tso,VR-China,2207,70,33,-
57.,Lake-Mistassini,Kanada,2176,150,-,-
58.,Hungtze-Hu,VR-China,1960,-,-,-
59.,V?ttern,Schweden,1912,-,119,-
60.,Lake-Okeechobee,USA,1890,56,4,-
61.,Lago-Buenos-Aires,Chile Argentinien,1850,-,590,-
62.,Tschelkar-Tengis,Kasachstan,1825,-,-,-
63.,Hara-Usa-Nor,Mongolei,1760,-,-,-
64.,Saimaa,Finnland,1760,-,85,36
65.,Manzalasee,?gypten,1709,-,-,-
66.,Tschanysee,Russland,1700,-,12,-
67.,Ziling-Tso,VR-China,1640,72,33,-
68.,Lake-Pontchartrain,USA,1630,64,"4,26",-
69.,Tuz-G?l?,T?rkei,1620,80,2,-
70.,Tengis-Ozero,Kasachstan,1590,-,-,-
71.,Lago-Argentino,Argentinien,1490,-,500,-
72.,Baker-Lake,Kanada,1480,-,-,-
73.,Lake-Claire,Kanada,1436,59,-,-
74.,Island-Lake,Kanada,1425,-,-,-
75.,Lac-Seul,Kanada,1396,241,47,-
76.,Lac-a-l'eau-Claire,Kanada,1386,-,-,-
77.,Hirgis-Nur,Mongolei,1360,-,-,-
78.,Moose-Lake,Kanada,1359,-,-,-
79.,Cedar-Lake,Kanada,1339,-,-,-
80.,Tangra-Tso,VR-China,1295,-,-,-
81.,Tobasee,Indonesien,1264,100,505,240
82.,Lac-Minto,Kanada,1256,-,-,-
83.,Lake-Aberdeen,Kanada,1230,90,-,-
84.,Wyg-ozero,Russland,1200,-,-,-
85.,Lac-La-Martre,Kanada,1174,-,-,-
86.,Kleiner-Sklavensee,Kanada,1168,97,"20,5",-
87.,Lac-La-Ronge,Kanada,1166,-,-,-
88.,Cree-Lake,Kanada,1155,-,-,-
89.,Abajasee,?thiopien,1150,72,13,-
90.,Hawr-as-Saniyah,Irak,1142,-,-,-
91.,M?laren,Schweden,1140,115,66,"14,3"
92.,Lake-Champlain,USA-Kanada,1130,180,121,-
93.,Beloje-Ozero,Russland,1125,-,-,-
94.,Lake-St.Clair,Kanada-USA,1114,42,"8,2",4
95.,Lac-Sakami,Kanada,1100,-,-,-
96.,Napaktulik-Lake,Kanada,1080,-,-,-
97.,Kasba-Lake,Kanada,1077,-,-,-
98.,P?ij?nne,Finnland,1068,-,95,-
99.,MacKay-Lake,Kanada,1061,-,-,-
100.,Chapalasee,Mexiko,1056,80,12,-
101.,Top-ozero,Russland,1049,-,-,-
102.,Inarisee,Finnland,1040,80,92,-
103.,Kamilukuak-Lake,Kanada,1036,-,-,-
104.,Kuschmurunsee,Kasachstan,1036,-,-,-
105.,Managuasee,Nicaragua,1035,65,-,-
106.,Ebi-Nor,VR-China,1024,-,-,-
107.,Lac-Bienville,Kanada,1015,-,-,-
108.,Granville-Lake,Kanada,1015,-,-,-
109.,Lago-San-Martin,Chile Argentinien,1010,-,-,-
110.,Lac-St.-Jean,Kanada,1003,"43,8",63,-
