#,Country,Population,% of World,Cumulative %,Country-Specific Search
1,China,"1,338,612,968",21.1%,21.1%,Safe Search for China
2,India,"1,156,897,766",18.2%,39.2%,Safe Search for India
3,United States of America,"307,212,123",4.8%,44.1%,Safe Search for United States of America
4,Indonesia,"240,271,522",3.8%,47.9%,Safe Search for Indonesia
5,Brazil,"198,739,269",3.1%,51.0%,Safe Search for Brazil
6,Pakistan,"174,578,558",2.7%,53.7%,Safe Search for Pakistan
7,Bangladesh,"156,050,883",2.5%,56.2%,Safe Search for Bangladesh
8,Nigeria,"149,229,090",2.3%,58.5%,Safe Search for Nigeria
9,Russia,"140,041,247",2.2%,60.7%,Safe Search for Russia
10,Japan,"127,078,679",2.0%,62.7%,Safe Search for Japan
11,Mexico,"111,211,789",1.7%,64.5%,Safe Search for Mexico
12,Philippines,"97,976,603",1.5%,66.0%,Safe Search for Philippines
13,Viet Nam,"88,576,758",1.4%,67.4%,Safe Search for Viet Nam
14,Ethiopia,"85,237,338",1.3%,68.8%,Safe Search for Ethiopia
15,Germany,"82,329,758",1.3%,70.1%,Safe Search for Germany
16,Egypt,"78,866,635",1.2%,71.3%,Safe Search for Egypt
17,Turkey,"76,805,524",1.2%,72.5%,Safe Search for Turkey
18,Congo (Democratic Republic),"68,692,542",1.1%,73.6%,Safe Search for Congo (Democratic Republic)
19,Thailand,"65,998,436",1.0%,74.6%,Safe Search for Thailand
20,France,"64,057,792",1.0%,75.6%,Safe Search for France
21,Italy,"58,126,212",0.91%,76.5%,Safe Search for Italy
22,South Africa,"49,052,489",0.77%,77.3%,Safe Search for South Africa
23,South Korea,"48,508,972",0.76%,78.1%,Safe Search for South Korea
24,Colombia,"43,677,372",0.69%,78.8%,Safe Search for Colombia
25,Tanzania,"41,048,532",0.65%,79.4%,Safe Search for Tanzania
26,Argentina,"40,913,584",0.64%,80.1%,Safe Search for Argentina
27,Spain,"40,525,002",0.64%,80.7%,Safe Search for Spain
28,Kenya,"39,002,772",0.61%,81.3%,Safe Search for Kenya
29,Poland,"38,482,919",0.61%,81.9%,Safe Search for Poland
30,Algeria,"34,178,188",0.54%,82.4%,Safe Search for Algeria
31,Canada,"33,487,208",0.53%,83.0%,Safe Search for Canada
32,Morocco,"31,285,174",0.49%,83.5%,Safe Search for Morocco
33,Peru,"29,546,963",0.46%,83.9%,Safe Search for Peru
34,Iraq,"28,945,569",0.46%,84.4%,Safe Search for Iraq
35,Saudi Arabia,"28,686,633",0.45%,84.8%,Safe Search for Saudi Arabia
36,Nepal,"28,563,377",0.45%,85.3%,Safe Search for Nepal
37,Afghanistan,"28,395,716",0.45%,85.7%,Safe Search for Afghanistan
38,Uzbekistan,"27,606,007",0.43%,86.2%,Safe Search for Uzbekistan
39,Venezuela,"26,814,843",0.42%,86.6%,Safe Search for Venezuela
40,Malaysia,"25,715,819",0.40%,87.0%,Safe Search for Malaysia
41,Taiwan,"22,974,347",0.36%,87.4%,Safe Search for Taiwan
42,Yemen,"22,858,238",0.36%,87.7%,Safe Search for Yemen
43,Mozambique,"21,669,278",0.34%,88.1%,Safe Search for Mozambique
44,Sri Lanka,"21,324,791",0.34%,88.4%,Safe Search for Sri Lanka
45,Australia,"21,262,641",0.33%,88.7%,Safe Search for Australia
46,Madagascar,"20,653,556",0.32%,89.0%,Safe Search for Madagascar
47,Cote d'Ivoire,"20,617,068",0.32%,89.4%,Safe Search for Cote d'Ivoire
48,Cameroon,"18,879,301",0.30%,89.7%,Safe Search for Cameroon
49,Netherlands,"16,715,999",0.26%,89.9%,Safe Search for Netherlands
50,Chile,"16,601,707",0.26%,90.2%,Safe Search for Chile
51,Burkina Faso,"15,746,232",0.25%,90.4%,Safe Search for Burkina Faso
52,Kazakhstan,"15,399,437",0.24%,90.7%,Safe Search for Kazakhstan
53,Niger,"15,306,252",0.24%,90.9%,Safe Search for Niger
54,Malawi,"15,028,757",0.24%,91.2%,Safe Search for Malawi
55,Ecuador,"14,573,101",0.23%,91.4%,Safe Search for Ecuador
56,Cambodia,"14,494,293",0.23%,91.6%,Safe Search for Cambodia
57,Senegal,"13,711,597",0.22%,91.8%,Safe Search for Senegal
58,Mali,"13,443,225",0.21%,92.0%,Safe Search for Mali
59,Guatemala,"13,276,517",0.21%,92.3%,Safe Search for Guatemala
60,Angola,"12,799,293",0.20%,92.5%,Safe Search for Angola
61,Zambia,"11,862,740",0.19%,92.6%,Safe Search for Zambia
62,Zimbabwe,"11,392,629",0.18%,92.8%,Safe Search for Zimbabwe
63,Rwanda,"10,746,311",0.17%,93.0%,Safe Search for Rwanda
64,Greece,"10,737,428",0.17%,93.2%,Safe Search for Greece
65,Portugal,"10,707,924",0.17%,93.3%,Safe Search for Portugal
66,Tunisia,"10,486,339",0.16%,93.5%,Safe Search for Tunisia
67,Belgium,"10,414,336",0.16%,93.7%,Safe Search for Belgium
68,Chad,"10,329,208",0.16%,93.8%,Safe Search for Chad
69,Czech Republic,"10,211,904",0.16%,94.0%,Safe Search for Czech Republic
70,Guinea,"10,057,975",0.16%,94.1%,Safe Search for Guinea
71,Hungary,"9,905,596",0.16%,94.3%,Safe Search for Hungary
72,Somalia,"9,832,017",0.15%,94.4%,Safe Search for Somalia
73,Bolivia,"9,775,246",0.15%,94.6%,Safe Search for Bolivia
74,Dominican Republic,"9,650,054",0.15%,94.8%,Safe Search for Dominican Republic
75,Belarus,"9,648,533",0.15%,94.9%,Safe Search for Belarus
76,Burundi,"9,511,330",0.15%,95.1%,Safe Search for Burundi
77,Sweden,"9,059,651",0.14%,95.2%,Safe Search for Sweden
78,Haiti,"9,035,536",0.14%,95.3%,Safe Search for Haiti
79,Benin,"8,791,832",0.14%,95.5%,Safe Search for Benin
80,Azerbaijan,"8,238,672",0.13%,95.6%,Safe Search for Azerbaijan
81,Austria,"8,210,281",0.13%,95.7%,Safe Search for Austria
82,Serbia and Montenegro,"8,051,519",0.13%,95.9%,Safe Search for Serbia and Montenegro
83,Honduras,"7,833,696",0.12%,96.0%,Safe Search for Honduras
84,Switzerland,"7,604,467",0.12%,96.1%,Safe Search for Switzerland
85,Tajikistan,"7,349,145",0.12%,96.2%,Safe Search for Tajikistan
86,Israel,"7,233,701",0.11%,96.3%,Safe Search for Israel
87,Bulgaria,"7,204,687",0.11%,96.4%,Safe Search for Bulgaria
88,El Salvador,"7,185,218",0.11%,96.6%,Safe Search for El Salvador
89,Hong Kong,"7,055,071",0.11%,96.7%,Safe Search for Hong Kong
90,Paraguay,"6,995,655",0.11%,96.8%,Safe Search for Paraguay
91,Laos,"6,834,345",0.11%,96.9%,Safe Search for Laos
92,Libya,"6,324,357",0.099%,97.0%,Safe Search for Libya
93,Jordan,"6,269,285",0.099%,97.1%,Safe Search for Jordan
94,Togo,"6,031,808",0.095%,97.2%,Safe Search for Togo
95,Papua New Guinea,"5,940,775",0.093%,97.3%,Safe Search for Papua New Guinea
96,Nicaragua,"5,891,199",0.093%,97.4%,Safe Search for Nicaragua
97,Eritrea,"5,647,168",0.089%,97.5%,Safe Search for Eritrea
98,Denmark,"5,500,510",0.087%,97.5%,Safe Search for Denmark
99,Slovakia,"5,463,046",0.086%,97.6%,Safe Search for Slovakia
100,Kyrgyzstan,"5,431,747",0.085%,97.7%,Safe Search for Kyrgyzstan
101,Finland,"5,250,275",0.083%,97.8%,Safe Search for Finland
102,Sierra Leone,"5,132,138",0.081%,97.9%,Safe Search for Sierra Leone
103,Turkmenistan,"4,884,887",0.077%,98.0%,Safe Search for Turkmenistan
104,United Arab Emirates,"4,798,491",0.075%,98.0%,Safe Search for United Arab Emirates
105,Norway,"4,660,539",0.073%,98.1%,Safe Search for Norway
106,Singapore,"4,657,542",0.073%,98.2%,Safe Search for Singapore
107,Bosnia and Herzegovina,"4,613,414",0.073%,98.2%,Safe Search for Bosnia and Herzegovina
108,Central African Republic,"4,511,488",0.071%,98.3%,Safe Search for Central African Republic
109,Croatia,"4,489,409",0.071%,98.4%,Safe Search for Croatia
110,Moldova,"4,320,748",0.068%,98.5%,Safe Search for Moldova
111,Costa Rica,"4,253,877",0.067%,98.5%,Safe Search for Costa Rica
112,New Zealand,"4,213,418",0.066%,98.6%,Safe Search for New Zealand
113,Ireland,"4,203,200",0.066%,98.7%,Safe Search for Ireland
114,Lebanon,"4,017,095",0.063%,98.7%,Safe Search for Lebanon
115,Congo,"4,012,809",0.063%,98.8%,Safe Search for Congo
116,Puerto Rico,"3,966,213",0.062%,98.8%,Safe Search for Puerto Rico
117,Albania,"3,639,453",0.057%,98.9%,Safe Search for Albania
118,Lithuania,"3,555,179",0.056%,99.0%,Safe Search for Lithuania
119,Uruguay,"3,494,382",0.055%,99.0%,Safe Search for Uruguay
120,Liberia,"3,441,790",0.054%,99.1%,Safe Search for Liberia
121,Oman,"3,418,085",0.054%,99.1%,Safe Search for Oman
122,Panama,"3,360,474",0.053%,99.2%,Safe Search for Panama
123,Mauritania,"3,129,486",0.049%,99.2%,Safe Search for Mauritania
124,Mongolia,"3,041,142",0.048%,99.3%,Safe Search for Mongolia
125,Armenia,"2,967,004",0.047%,99.3%,Safe Search for Armenia
126,Jamaica,"2,825,928",0.044%,99.4%,Safe Search for Jamaica
127,Kuwait,"2,692,526",0.042%,99.4%,Safe Search for Kuwait
128,Latvia,"2,231,503",0.035%,99.4%,Safe Search for Latvia
129,Lesotho,"2,130,819",0.034%,99.5%,Safe Search for Lesotho
130,Namibia,"2,108,665",0.033%,99.5%,Safe Search for Namibia
131,Macedonia,"2,066,718",0.033%,99.5%,Safe Search for Macedonia
132,Slovenia,"2,005,692",0.032%,99.6%,Safe Search for Slovenia
133,Botswana,"1,990,876",0.031%,99.6%,Safe Search for Botswana
134,Guinea-Bissau,"1,533,964",0.024%,99.6%,Safe Search for Guinea-Bissau
135,Gabon,"1,514,993",0.024%,99.7%,Safe Search for Gabon
136,Swaziland,"1,337,186",0.021%,99.7%,Safe Search for Swaziland
137,Estonia,"1,299,371",0.020%,99.7%,Safe Search for Estonia
138,Mauritius,"1,284,264",0.020%,99.7%,Safe Search for Mauritius
139,Trinidad and Tobago,"1,229,953",0.019%,99.7%,Safe Search for Trinidad and Tobago
140,East Timor,"1,131,612",0.018%,99.7%,Safe Search for East Timor
141,Cyprus,"1,084,748",0.017%,99.8%,Safe Search for Cyprus
142,Fiji,"944,720",0.015%,99.8%,Safe Search for Fiji
143,Qatar,"833,285",0.013%,99.8%,Safe Search for Qatar
144,Guyana,"752,940",0.012%,99.8%,Safe Search for Guyana
145,Comoros,"752,438",0.012%,99.8%,Safe Search for Comoros
146,Bahrain,"728,709",0.011%,99.8%,Safe Search for Bahrain
147,Djibouti,"724,622",0.011%,99.8%,Safe Search for Djibouti
148,Bhutan,"691,141",0.011%,99.9%,Safe Search for Bhutan
149,Equatorial Guinea,"633,441",0.010%,99.9%,Safe Search for Equatorial Guinea
150,Solomon Islands,"595,613",0.0094%,99.9%,Safe Search for Solomon Islands
151,Macau,"559,846",0.0088%,99.9%,Safe Search for Macau
152,Luxembourg,"491,775",0.0077%,99.9%,Safe Search for Luxembourg
153,Suriname,"481,267",0.0076%,99.9%,Safe Search for Suriname
154,Cape Verde,"429,474",0.0068%,99.90%,Safe Search for Cape Verde
155,Western Sahara,"405,210",0.0064%,99.91%,Safe Search for Western Sahara
156,Malta,"405,165",0.0064%,99.91%,Safe Search for Malta
157,Maldives,"396,334",0.0062%,99.92%,Safe Search for Maldives
158,Brunei,"388,190",0.0061%,99.93%,Safe Search for Brunei
159,Belize,"307,899",0.0048%,99.93%,Safe Search for Belize
160,The Bahamas,"307,552",0.0048%,99.94%,Safe Search for The Bahamas
161,Iceland,"306,694",0.0048%,99.94%,Safe Search for Iceland
162,French Polynesia,"287,032",0.0045%,99.95%,Safe Search for French Polynesia
163,Barbados,"284,589",0.0045%,99.95%,Safe Search for Barbados
164,New Caledonia,"227,436",0.0036%,99.95%,Safe Search for New Caledonia
165,Netherlands Antilles,"227,049",0.0036%,99.96%,Safe Search for Netherlands Antilles
166,Mayotte,"223,765",0.0035%,99.96%,Safe Search for Mayotte
167,Samoa,"219,998",0.0035%,99.96%,Safe Search for Samoa
168,Vanuatu,"218,519",0.0034%,99.97%,Safe Search for Vanuatu
169,Sao Tome and Principe,"212,679",0.0033%,99.97%,Safe Search for Sao Tome and Principe
170,Saint Lucia,"160,267",0.0025%,99.97%,Safe Search for Saint Lucia
171,Tonga,"120,898",0.0019%,99.98%,Safe Search for Tonga
172,Kiribati,"112,850",0.0018%,99.98%,Safe Search for Kiribati
173,Micronesia,"107,434",0.0017%,99.98%,Safe Search for Micronesia
174,Saint Vincent and Grenadines,"104,574",0.0016%,99.98%,Safe Search for Saint Vincent and Grenadines
175,Aruba,"103,065",0.0016%,99.98%,Safe Search for Aruba
176,Grenada,"90,739",0.0014%,99.98%,Safe Search for Grenada
177,Seychelles,"87,476",0.0014%,99.98%,Safe Search for Seychelles
178,Antigua and Barbuda,"85,632",0.0013%,99.99%,Safe Search for Antigua and Barbuda
179,Andorra,"83,888",0.0013%,99.99%,Safe Search for Andorra
180,Dominica,"72,660",0.0011%,99.99%,Safe Search for Dominica
181,Bermuda,"67,837",0.0011%,99.990%,Safe Search for Bermuda
182,American Somoa,"65,628",0.0010%,99.991%,Safe Search for American Somoa
183,Marshall Islands,"64,522",0.0010%,99.992%,Safe Search for Marshall Islands
184,Greenland,"57,600",0.0009%,99.993%,Safe Search for Greenland
185,Northern Mariana Islands,"51,484",0.0008%,99.994%,Safe Search for Northern Mariana Islands
186,Cayman Islands,"49,035",0.0008%,99.994%,Safe Search for Cayman Islands
187,Faroe Islands,"48,856",0.0008%,99.995%,Safe Search for Faroe Islands
188,Saint Kitts and Nevis,"40,131",0.0006%,99.996%,Safe Search for Saint Kitts and Nevis
189,Liechtenstein,"34,761",0.0005%,99.996%,Safe Search for Liechtenstein
190,Monaco,"32,965",0.0005%,99.997%,Safe Search for Monaco
191,San Marino,"30,167",0.0005%,99.997%,Safe Search for San Marino
192,Gibraltar,"28,796",0.0005%,99.998%,Safe Search for Gibraltar
193,Virgin Islands (British),"24,491",0.0004%,99.998%,Safe Search for Virgin Islands (British)
194,Palau,"20,796",0.0003%,99.998%,Safe Search for Palau
195,Wallis and Futuna Islands,"15,289",0.0002%,99.999%,Safe Search for Wallis and Futuna Islands
196,Anguilla,"14,436",0.0002%,99.999%,Safe Search for Anguilla
197,Nauru,"14,019",0.0002%,99.9991%,Safe Search for Nauru
198,Tuvalu,"12,373",0.0002%,99.9993%,Safe Search for Tuvalu
199,Cook Islands,"11,870",0.0002%,99.9995%,Safe Search for Cook Islands
200,Saint Helena,"7,637",0.0001%,99.9996%,Safe Search for Saint Helena
201,St. Pierre and Miquelon,"7,063",0.0001%,99.9997%,Safe Search for St. Pierre and Miquelon
202,Montserrat,"5,097",0.0001%,99.9998%,Safe Search for Montserrat
203,Falkland Islands (Malvinas),"3,140",0.0000%,99.9998%,Safe Search for Falkland Islands (Malvinas)
204,Norfolk Island,"2,141",0.00003%,99.99988%,Safe Search for Norfolk Island
205,Svalbard and Jan Mayen Islands,"2,116",0.00003%,99.99991%,Safe Search for Svalbard and Jan Mayen Islands
206,Tokelau,"1,416",0.00002%,99.99993%,Safe Search for Tokelau
207,Christmas Island,"1,402",0.00002%,99.99995%,Safe Search for Christmas Island
208,Niue,"1,398",0.00002%,99.99998%,Safe Search for Niue
209,Vatican,826,0.00001%,99.99999%,Safe Search for Vatican
210,Cocos (Keeling) Islands,596,0.00001%,99.999999%,Safe Search for Cocos (Keeling) Islands
211,Pitcairn,48,0.000001%,100.000000%,Safe Search for Pitcairn
212,French Guiana,-,-,100.000000%,Safe Search for French Guiana
213,Guadeloupe,-,-,100.000000%,Safe Search for Guadeloupe
214,Martinique,-,-,100.000000%,Safe Search for Martinique
215,Palestinian Territory (Occupied),-,-,100.000000%,Safe Search for Palestinian Territory (Occupied)
216,Reunion,-,-,100.000000%,Safe Search for Reunion
217,United States Minor Outlying Islands,-,-,100.000000%,Safe Search for United States Minor Outlying Islands
218,Virgin Islands (U.S.),-,-,100.000000%,Safe Search for Virgin Islands (U.S.)
219,Antarctica,-,-,100.000000%,Safe Search for Antarctica
220,Bouvet Island,-,-,100.000000%,Safe Search for Bouvet Island
221,French Southern Territories,-,-,100.000000%,Safe Search for French Southern Territories
222,Guam,-,-,100.000000%,Safe Search for Guam
223,Heard and McDonald Islands,-,-,100.000000%,Safe Search for Heard and McDonald Islands
224,British Indian Ocean Territory,-,-,100.000000%,Safe Search for British Indian Ocean Territory
225,South Georgia and the Sandwich Islands,-,-,100.000000%,Safe Search for South Georgia and the Sandwich Islands
