,Funding received under the Party Leaders Allowance for 2006 ?,Funding received under the Electoral Acts for 2006 ?,Total Exchequer Funding for 2006 ?
Fianna Fil,"2,704,169","2,199,254","4,903,423"
Fine Gael,"2,115,054","1,249,867","3,364,921"
Labour Party,"1,417,105","665,286","2,082,391"
Progressive Democrats,"510,410","324,948","835,358"
Green Party,"385,271","319,165","704,436"
Sinn Fin,"321,060","452,186","773,246"
Socialist Party,"64,212",Nil,"64,212"
Total,"7,517,281","5,210,706","12,727,987"
