,Total funding received ?,Amount of funding brought forward from 2001 ?,Overall total funding available for spending in 2002 ?,"Total expenditure in 2002, if any, of funding received ?",Balance of funding carried forward to 2003 ?
Fianna Fil,"2,094,432","615,927","2,710,359","1,418,036","1,292,323"
Fine Gael,"1,826,963","230,932","2,057,895","2,057,895",Nil
Labour Party,"1,052,611",Nil,"1,052,611","906,393","146,218"
Progressive Democrats,"331,620","120,336","451,956","223,642","228,314"
Green Party,"232,629","102,222","334,851","25,207","309,644"
Sinn Fin,"182,322","1,700","184,022","109,027","74,995"
Socialist Party,"50,305","13,787","64,092","59,814","4,278"
Total 1,"5,770,882","1,084,904","6,855,786","4,800,014","2,055,772"
