year,team
1985,St. Louis Cardinals
1985,St. Louis Cardinals
1984,St. Louis Cardinals
1984,St. Louis Cardinals
1984,St. Louis Cardinals
1984,St. Louis Cardinals
1982,Houston Astros
1982,Houston Astros
1981,Houston Astros
1981,Houston Astros
1980,Houston Astros
1980,Houston Astros
1980,Houston Astros
1980,Houston Astros
1979,Houston Astros
1979,Houston Astros
1979,Houston Astros
1978,Houston Astros
1978,Houston Astros
1978,Houston Astros
1977,Houston Astros
1977,Houston Astros
1977,Houston Astros
1976,Houston Astros
1976,Houston Astros
1975,Pittsburgh Pirates
1975,Pittsburgh Pirates
1974,Pittsburgh Pirates
1974,Pittsburgh Pirates
