position,name,team
,,
1.0,"Bessette, Lyne",Saturn
2.0,"Demet, Dede",Saturn
3.0,"Bruckner, Kimberly",Cox Atlanta Velo
4.0,"Schuster, Pamela",Timex
5.0,"Dorion, Melanie",Canadian National Team
6.0,"Wilson, Anna",Saturn
8.0,"Pryde, Susy",Saturn
9.0,"Jackson, Linda",Timex
7.0,"Dunne, Karen",U S National
10.0,"Erlank, Anke",Timex
11.0,"McQuaid, Melanie",Canadian National Team
12.0,"Robbins, Emily",Saturn
13.0,"Roberge, Giana",US National
17.0,"Gugliotta, Nikki",Cox Atlanta Velo
14.0,"Potts, Cecilia",U S National
15.0,"Hansen, Julie",Saturn
16.0,"Veenstra, Erin",U S National
19.0,"Goldstein, Leah",Physical Culture
20.0,"Young, Julie",Timex
,,
24.0,"Fedyna, Marg",Edmonton Road & Track Club
23.0,"Timewell, Karen",Escape Velocity
18.0,"Ulmer, Sarah",ELITA
30.0,"Gunn, Odessa",
31.0,"Peters, Stacy",Safeway/Saturn (Emerald Velo)
37.0,"Moore, Darnelle",Soliton
38.0,"Samplonius, Anne",Canadian National Team
52.0,"Chorney, Amber",Canadian National Team
50.0,"Townsend, Claire",Rocky Mountain
58.0,"Penkman, Louise",Physical Culture
70.0,"Belcher, Barbara",Team Soliton
