artist,album,duration
Big Maybelle,OKeh Rhythm and Blues,163.0
Little Walter,The Essential Little Walter,161.0
Titus Turner,OKeh Rhythm and Blues,129.0
Big Jay McNeely,Big Jay in 3-D,156.0
Big Jay McNeely,The Chronological Big Jay McNeely 1948-1950,168.0
Big Jay McNeely,Big Jay in 3-D,141.0
George Jones,George Jones Hits`,198.0
George Jones,She Thinks I Still Care: The Complete United Artists Recordings 1962-1964,154.0
George Jones,She Thinks I Still Care: The Complete United Atrtists Recordings 1962-1964,161.0
George Jones,George Jones Hits,197.0
Johnny Horton,The Essential Johnny Horton 1956-1960,131.0
Johnny Horton,The Essential Johnny Horton 1956-1960,123.0
Dave Dudley,Truck Driver's Boogie: Big Rig Hits Vol 1 1939-1969,142.0
Johnny Horton,The Essential Johnny Horton 1956-1960,154.0
Willie Nelson and Asleep at the Wheel,Willie and the Wheel,219.0
Willie Nelson,Red Headed Stranger,141.0
Willie Nelson,Crazy: The Demo Sessions,239.0
"Duke Ellington w/Bette Roche, vocal",Ellington Uptown,
Duke Ellington,The Best of Duke Ellington,178.0
"Duke Ellington w/Ivy Anderson, vocal",The Complete Brunswick/Columbia Recordings,189.0
"Duke Ellington w/Ivy Anderson, vocal",Ivy Anderson: I Got It Bad and That Ain't Good,176.0
"Duke Ellington w/Al Hibbler, vocal",Duke Ellington: 16 Most Requested Songs,182.0
"Duke Ellington w/Ivy Anderson, vocal",The Blanton/Webster Years,200.0
Willie Nelson,Stardust,153.0
"Lambert, Hendricks and Ross",The Hottest New Group in JAzz: Complete Columbia Recordings,201.0
Duke Armstrong and Louis Armstrong,The Great Summit: The MAster Takes,186.0
Lucy Ann Polk,Lucky Lucy Ann,200.0
Duke Ellington,The Blanton/Webster Years,178.0
Jo Stafford,Jo Plus Jazz,267.0
Ray Nance,Body and Soul,162.0
