rank,country
1,European Union
2,Japan
3,Germany
4,United States
5,Italy
6,China
7,United Kingdom
8,France
9,Turkey
10,Spain
11,Ukraine
12,Netherlands
13,Canada
14,Belgium
15,Belarus
16,United Arab Emirates
17,Mexico
18,India
19,Taiwan
20,Brazil
21,Poland
22,Kazakhstan
23,Austria
24,Thailand
25,Singapore
26,Argentina
27,Czech Republic
28,Russia
29,Hungary
30,Australia
31,Slovakia
32,Iran
33,Portugal
34,Ireland
35,Greece
36,Chile
37,Switzerland
38,Finland
39,Moldova
40,South Africa
41,Lithuania
42,Bulgaria
43,Romania
44,Egypt
45,Hong Kong
46,Kuwait
47,Serbia
48,Malaysia
49,Armenia
50,Venezuela
51,Oman
52,Tunisia
53,Georgia
54,Latvia
55,Denmark
56,Puerto Rico
57,Dominican Republic
58,Croatia
59,Sweden
60,Luxembourg
61,Morocco
62,Vietnam
63,Slovenia
64,Estonia
65,Ghana
66,Israel
67,Jordan
68,Kyrgyzstan
69,Bosnia and Herzegovina
70,Azerbaijan
71,Syria
72,Tajikistan
73,Macedonia
74,Uruguay
75,Norway
76,Macau
77,Aruba
78,West Bank
79,Western Sahara
80,Samoa
81,Swaziland
82,Yemen
83,Zambia
84,Zimbabwe
85,"Korea, North"
86,Kiribati
87,"Korea, South"
88,Laos
89,Lebanon
90,Liberia
91,Lesotho
92,Libya
93,Madagascar
94,Mongolia
95,Montserrat
96,Malawi
97,Montenegro
98,Mali
99,Mauritius
100,Mauritania
101,Malta
102,Maldives
103,Mozambique
104,New Caledonia
105,Niue
106,Niger
107,Vanuatu
108,Nigeria
109,Nepal
110,Nauru
111,Suriname
112,Nicaragua
113,New Zealand
114,South Sudan
115,Paraguay
116,Peru
117,Pakistan
118,Panama
119,Papua New Guinea
120,Guinea-Bissau
121,Qatar
122,Philippines
123,Rwanda
124,Saudi Arabia
125,Saint Pierre and Miquelon
126,Saint Kitts and Nevis
127,Seychelles
128,Senegal
129,"Saint Helena, Ascension, and Tristan da Cunha"
130,Sierra Leone
131,Somalia
132,Saint Lucia
133,Sudan
134,Trinidad and Tobago
135,Turks and Caicos Islands
136,Tonga
137,Togo
138,Sao Tome and Principe
139,Timor-Leste
140,Turkmenistan
141,Tanzania
142,Uganda
143,Burkina Faso
144,Uzbekistan
145,Saint Vincent and the Grenadines
146,British Virgin Islands
147,Virgin Islands
148,Namibia
149,Antigua and Barbuda
150,Afghanistan
151,Algeria
152,Albania
153,Angola
154,American Samoa
155,Bahrain
156,Barbados
157,Botswana
158,Bermuda
159,"Bahamas, The"
160,Bangladesh
161,Belize
162,Bolivia
163,Burma
164,Benin
165,Solomon Islands
166,Bhutan
167,Brunei
168,Burundi
169,Cambodia
170,Curacao
171,Chad
172,Sri Lanka
173,"Congo, Republic of the"
174,"Congo, Democratic Republic of the"
175,Cayman Islands
176,Cameroon
177,Comoros
178,Colombia
179,Costa Rica
180,Central African Republic
181,Cuba
182,Cabo Verde
183,Cook Islands
184,Cyprus
185,Djibouti
186,Dominica
187,Ecuador
188,Equatorial Guinea
189,Eritrea
190,El Salvador
191,Ethiopia
192,Fiji
193,Falkland Islands (Islas Malvinas)
194,Faroe Islands
195,French Polynesia
196,"Gambia, The"
197,Gabon
198,Gibraltar
199,Grenada
200,Greenland
201,Guam
202,Guatemala
203,Guinea
204,Guyana
205,Haiti
206,Honduras
207,Iceland
208,Indonesia
209,Cote d'Ivoire
210,Iraq
211,Jamaica
212,Kenya
