name,city,year
Alamodome,San Antonio,1992.0
Bridges of US Interstate 59,Houston,1960.0
Highway Interchanges,Statewide,
Moonlight Towers,Austin,
Immaculate Conception,Brownsville,
Live Oak Friends Meeting,Houston,2001.0
Cadillac Ranch,Amarillo,1942.0
River Link Park,San Antonio,2001.0
HEB Headquarters,San Antonio,1980.0
Murchison Performing Arts Center,Denton,1999.0
Reunion Tower,Dallas,1978.0
Museum of Fine Arts,Houston,1974.0
Bergstrom International Airport,Austin,2000.0
Texas Department of Transportation Rest Areas,,
Railroad & Heritage Museum,Temple,
The Galleria,Houston,1970.0
Texas Cyclone Rollercoaster,Houston,1976.0
Ace of Clubs House,Texarkana,
Dawoodi Borha Mosque,Irving,1998.0
Hermann Hall,Houston,1914.0
Addison Circle,Addison,
Sacred Heart Catholic Church,Corpus Christi,1974.0
Sundance Square,Fort Worth,1970.0
Cockrell Butterfly Center,Houston,1994.0
The Ballpark in Arlington,Arlington,1994.0
