category,name,type,year
Aerosols,Aerosols,Insitu,2001
Aerosols,Aerosols,Insitu,2010
Aerosols,Aerosols,Insitu,2011
Aerosols,Aerosols,Insitu,2012
Aerosols,Aerosols,Insitu,2013
Aerosols,Aerosols,Insitu,2014
Aerosols,Aerosols,Insitu,2001
Aerosols,Aerosols,Insitu,2010
Aerosols,Aerosols,Insitu,2011
Aerosols,Aerosols,Insitu,2012
Aerosols,Aerosols,Insitu,2013
Aerosols,Aerosols,Insitu,2014
Aerosols,Aerosols,Insitu,2001
Aerosols,Aerosols,Insitu,2010
Aerosols,Aerosols,Insitu,2011
Aerosols,Aerosols,Insitu,2012
Aerosols,Aerosols,Insitu,2013
Aerosols,Aerosols,Insitu,2014
