name,age
"Arcia, Oswaldo",
"Burnett, Alex",28.0
"Burton, Jared",34.0
"Correia, Kevin",34.0
"Deduno, Samuel",32.0
"Diamond, Scott",
"Doumit, Ryan",
"Dozier, Brian",
"Duensing, Brian",32.0
"Escobar, Eduardo",26.0
"Fien, Casey",31.0
"Florimon, Pedro",28.0
"Fuld, Sam",
"Gardenhire, Ron",57.0
"Gibson, Kyle",27.0
"Guerra, Deolis",26.0
"Gutierrez, Carlos",
"Hermann, Chris",27.0
"Hicks, Aaron",27.0
"Hughes, Phil",26.0
"Manship, Jeff",30.0
"Mauer, Joe",32.0
"Morneau, Justin",34.0
"Nolasco, Ricky",32.0
"Parmelee, Chris",
"Pelfrey, Mike",31.0
"Perkins, Glen",32.0
"Pinto, Josmil",34.0
"Plouffe, Trevor",29.0
"Presley, Alex",30.0
"Pressly, Ryan",26.0
"Ramirez, Wilkin",29.0
"Roenicke, Josh",32.0
"Suzuki, Kurt",31.0
"Suzuki, Kurt",31.0
"Swarzak, Anthony",29.0
"Thielbar, Caleb",28.0
"Tonkin, Michael",25.0
"Walters, P.J.",
"Willingham, Josh",
"Worley, Vance",27.0
