rank,name
1,C. Tuchon
2,s. camus
3,K. Carollo
4,E. Vaz
5,P. Luba
6,A. Blanchard
7,J. McMahon
8,L. TOMASSO
9,J. Paliotta
10,P. Browne
11,B. Carney
12,r. meyer
13,J. Cote
14,G. Yattaw
15,C. Deneff
16,c. vigeant
17,B. Jedele
18,S. Meehen
19,A. Vadney
19,I. Altinbasak
21,A. Girouard
22,R. Tow
23,J. Wetzel
24,G. Wind
24,M. Schrank
26,R. Sabelli
26,K. Mars
28,F. Malaby
28,F. Faria
30,L. Kowalik
31,E. Owens
32,B. Yerger
33,A. Hollenbeck
34,r. altinbasak
34,S. Grant
34,S. Heller
37,J. Dutil
38,P. Fotopoulos
39,D. Wilson
39,D. Haberman
41,T. Rankin
42,R. Hittinger
43,J. Battersby
44,D. Kortick
44,J. Krekorian
46,J. Serdakowski
46,M. Vadney
46,C. Goodman
49,H. Liu
50,E. Altinbasak
50,C. Lorenson
52,T. Sturgeon
52,R. Simoes
54,D. Chen
55,L. Rosales
55,J. Goodman
55,M. Shea
58,D. Doiron
58,M. Crance
58,W. Barry
61,j. buckley
61,M. Stark
61,B. Richards
64,C. Pechie
64,K. Crance
64,J. German
64,D. Shinskey
68,J. Dempsey
68,J. Gelzhiser
68,K. Kershaw
68,A. Gupta
72,L. Shea
72,H. Lingala
72,M. Grzybowski
75,B. Dyer
75,C. Gabriel
75,K. Lavalla
75,J. Stockdill
75,S. Watson
80,B. Gage
80,v. armenakyan
80,G. Hindle
80,D. Peach
84,J. Worrell
84,M. Wurster
84,j. buckley
84,C. Gunn
88,W. Quiroa
88,B. Kershaw
88,J. Cabot-Miller
88,t. lee
88,w. H
93,e. nichols
93,L. Gessman
93,S. Kroh
93,B. Griffeth
93,J. Duclos
93,a. dee
99,J. Shapiro
99,B. Bays
99,s. koruprolu
99,E. Gelzhiser
99,T. Deneff
104,r. shaw
104,E. McCoy
104,J. petrucci
104,D. Moynihan
104,D. Costa
104,J. Yerger
104,S. Sullivan
104,L. Magnusen
104,C. Hallstrom
113,M. Stevens
113,S. Fraser
113,B. Burton
113,W. Griffith
117,j. legault
117,J. Hillis
117,L. Soqui
120,M. Langlois
120,A. Impicciche
120,J. Keenan
120,K. Angelillo
120,S. Collins
125,C. Wilkinson
125,P. Unstopable
125,K. Bach
125,D. Acosta
129,N. Shapiro
