description,rank
"Darrow - #21 Ness continuously checks the Mani Mani statue in order to chain together its eerie sound and it ends up getting stuck. Also, the Burger Shop reveals where it gets that secret sauce.",0.0
"Darrow2 - #10 Although Trillionage Sprout is a tough customer, his eyes are loosely held on with some old glue.",0.0
"Darrow2 - #11 With the Trillionage Sprout out of the way, our heroes move onto bigger and better things. Namely, Jeff actually being able to move again.",0.0
"Darrow2 - #12 The third melody comes to Ness, and Jeff finds that running through Saturn Valley is probably his best option upon return.",0.0
"Darrow2 - #13 Coming back to Threed, Ness, Paula, and Jeff discover a few gifts waiting for them. Coincidentally, the man who currently owns Ness' painting always sleeps with one eye open from now on.",0.0
