rank,name
1,m. Michou
2,B. Bobby
3,M. Alexandre
4,f. geneviève
5,M. CARLIER
6,D. Flourens
7,A. FELIX
8,m. balfour
8,r. thibodeau
8,o. olivier
8,A. Pascale
8,V. MATTHIEU
8,W. Danne
8,P. MASSOL
8,P. Frederic
8,J. ALLIO
8,T. Ade
8,G. MARY
8,O. JORIS
8,S. LALA
8,G. Roland
8,l. Stewart
8,R. RENAUD
8,p. salvan
8,T. Seb
8,g. jerome
8,L. NUNES
8,C. Gilles
8,B. Clara
8,R. Manu
8,P. Luc
8,S. Florence
8,B. Manu
8,B. Joelle
8,F. Christophe
8,l. yann
8,G. Radhi
8,e. sauret
8,P. Ferret
8,D. GUILLEM
8,C. Franck
8,S. Villeneuve
8,C. HERAL
8,C. Daniel
8,A. Eyraud
8,D. RUDY
8,B. PB
8,1. Flautre
8,L. Jean-Marc
8,C. Body
8,A. Christopher
8,V. CASTEL
8,B. CLEMENT
8,s. nelly
8,A. Matthieu
8,L. HENRI
8,d. Redondo
8,E. VEDEL
8,C. Izard
8,l. yves
8,b. rodrigues
8,M. DANNE
8,V. Nini
8,A. marie-Rose
8,B. SIDI
8,V. elodie
8,p. lagente
8,s. jullien
8,C. DOUTHE
8,B. CARRADE
8,F. Genestier
8,H. TORCHIA
