category,name,type,year
Meteorology,Meteorology (met),Insitu,1973
Meteorology,Meteorology (met),Insitu,1974
Meteorology,Meteorology (met),Insitu,1975
Meteorology,Meteorology (met),Insitu,1976
Meteorology,Meteorology (met),Insitu,1977
Meteorology,Meteorology (met),Insitu,1978
Meteorology,Meteorology (met),Insitu,1979
Meteorology,Meteorology (met),Insitu,1980
Meteorology,Meteorology (met),Insitu,1981
Meteorology,Meteorology (met),Insitu,1982
Meteorology,Meteorology (met),Insitu,1983
Meteorology,Meteorology (met),Insitu,1984
Meteorology,Meteorology (met),Insitu,1985
Meteorology,Meteorology (met),Insitu,1986
Meteorology,Meteorology (met),Insitu,1987
Meteorology,Meteorology (met),Insitu,1988
Meteorology,Meteorology (met),Insitu,1989
Meteorology,Meteorology (met),Insitu,1990
Meteorology,Meteorology (met),Insitu,1991
Meteorology,Meteorology (met),Insitu,1992
Meteorology,Meteorology (met),Insitu,1993
Meteorology,Meteorology (met),Insitu,1994
Meteorology,Meteorology (met),Insitu,1995
Meteorology,Meteorology (met),Insitu,1996
Meteorology,Meteorology (met),Insitu,1997
Meteorology,Meteorology (met),Insitu,1998
Meteorology,Meteorology (met),Insitu,1999
Meteorology,Meteorology (met),Insitu,2000
Meteorology,Meteorology (met),Insitu,2001
Meteorology,Meteorology (met),Insitu,2002
Meteorology,Meteorology (met),Insitu,2003
Meteorology,Meteorology (met),Insitu,2004
Meteorology,Meteorology (met),Insitu,2005
Meteorology,Meteorology (met),Insitu,2006
Meteorology,Meteorology (met),Insitu,2007
Meteorology,Meteorology (met),Insitu,2008
Meteorology,Meteorology (met),Insitu,2009
Meteorology,Meteorology (met),Insitu,2010
Meteorology,Meteorology (met),Insitu,2011
Meteorology,Meteorology (met),Insitu,2012
Meteorology,Meteorology (met),Insitu,2013
Meteorology,Meteorology (met),Insitu,2014
Meteorology,Meteorology (met),Insitu,1993
Meteorology,Meteorology (met),Insitu,1994
Meteorology,Meteorology (met),Insitu,1995
Meteorology,Meteorology (met),Insitu,1996
Meteorology,Meteorology (met),Insitu,1997
Meteorology,Meteorology (met),Insitu,1998
Meteorology,Meteorology (met),Insitu,1999
Meteorology,Meteorology (met),Insitu,2000
