name,weight,status
"Redd, Silas",200,Junior
"OliverInjured, Branden",202,Junior
"Sims, Charles",205,Junior
"Williams, Damien",208,Junior
"Thomas, De'Anthony",174,Junior
"Archer, Dri",175,Junior
"Toussaint, Fitzgerald",202,Junior
"White, James",198,Junior
"Perkins, LaDarius",190,Junior
"Ford, Michael",216,Junior
"Bell, Shakir",190,Junior
"Jefferson, Stefphon",210,Junior
"Cornett, Tim",210,Junior
"Shepherd, Khalek",185,Junior
"Dyer, Daniel",196,Junior
"Seastrunk, Lache",201,Junior
"Bourbon, Brandon",225,Junior
"Embree, Connor",179,Junior
"Fink, Ed",240,Junior
"Pierson, Tony",171,Junior
"Roberts, TJ",197,Junior
"Robinson, DeMarcus",209,Junior
"Olds, Terence",205,Junior
"Jones, Khairi",179,Junior
"Christensen, Colten",185,Junior
"Bergeron, Joe",240,Junior
"Middleton, Tyler",190,Junior
"Buie, Andrew",190,Junior
"Garrison, Dustin",182,Junior
"Majnaric, Nate",232,Junior
"Zereoue, Maurice",188,Junior
"Roberts, D'Angelo",200,Junior
"Bullock, Damon",200,Junior
"Dawson, Andre",220,Junior
"Rawls, Thomas",217,Junior
"Banham, Cole",187,Junior
"Green, Treyvon",215,Junior
"Hanrahan, Tim",195,Junior
"Zwinak, Zach",234,Junior
"Cottom, Brandon",258,Junior
"Allen, Breon",190,Junior
"Barnes-Smith, John",215,Junior
"Gore, Jakhari",170,Junior
"Fortner, Damian",200,Junior
"Jones, Travis",190,Junior
"Banks, James",175,Junior
"Lee, Hunter",200,Junior
"Seets, Marlon",215,Junior
"Whatley, Reggie",175,Junior
"Pegram, Reggie",215,Junior
"Sashington, Konockus",214,Junior
"Petersen, Turner",230,Junior
"Butler, Dante",208,Junior
"Kelley, Rob",225,Junior
"Toliver, Trevor",259,Junior
"Venters, Eddie",265,Junior
"Mickens, Tamar",200,Junior
"Reaves, Darrin",210,Junior
"Baker, Nik",245,Junior
"Bell, Josh",210,Junior
"Nix, Hunter",230,Junior
"Armstrong, Brandon",160,Junior
"Glasco, David",200,Junior
"Shaw, Nate",250,Junior
"Baggett, Terry",200,Junior
"Dixon, Larry",238,Junior
"Fraser, Stephen",187,Junior
"Giovannelli, Tony",192,Junior
"Scott, Lawrence",198,Junior
"Turrentine, Trenton",206,Junior
"Lasike, Paul",227,Junior
"Pritchard, Iona",244,Junior
"Brown, Jerrel",220,Junior
"Olugbode, Kristoffer",200,Junior
"Carson, Reuben",170,Junior
"Whiteside, Geoffrey",171,Junior
"Williams-Jenkins, Ryan",170,Junior
"Betancourt, Brandon",180,Junior
"Forte, Jesse",195,Junior
"Atkinson, George",217,Junior
"Carlisle, Amir",185,Junior
"Chisholm, Jawon",190,Junior
"Staten, Marvin",192,Junior
"Walton, Rayshawn",181,Junior
"Williams, Tyler",145,Junior
"Pierce, Denzel",190,Junior
"Carter, Alex",198,Junior
"Martin, Jamel",194,Junior
"Potts, James",196,Junior
"Garland, Anthony",218,Junior
"Brumfield, Ryan",185,Junior
"Durham, Trayion",248,Junior
"Meray, Anthony",186,Junior
"Broadnax, Jordan",175,Junior
"Carini, Matt",200,Junior
"Orekoya, Greg",177,Junior
"Williams, Robert",198,Junior
"Bowers, Giorgio",218,Junior
"Spencer, James",181,Junior
"Edmond, Tim",237,Junior
"Pringle, Ricky",205,Junior
"Johnson, Michael",160,Junior
"Hart, Broam",220,Junior
"Kohn, Demario",185,Junior
"Lee, Jon",195,Junior
"Sauls, Tyrone",220,Junior
"Solano, Paco",194,Junior
"Stevenson, Marques",190,Junior
"Thomas, Derrick",207,Junior
"Micenheimer, Malique",235,Junior
"Langkilde, Marcus",235,Junior
"Wilson, Willis",180,Junior
"Brock, Kendall",195,Junior
"Lytle, Nathan",200,Junior
"McLaurin, Nate",210,Junior
"Gongbay, Crusoe",205,Junior
"Muema, Adam",205,Junior
"Ervin, Tyler",176,Junior
"Jelks, Alvin",190,Junior
"Simpson, Jason",211,Junior
"Thompson, Ben",227,Junior
"Johnson, Eugene",140,Junior
"Smith, Adonis",200,Junior
"Smith-Allen, Aareon",240,Junior
"Clark, Paul",183,Junior
"Hall, Rashad",200,Junior
"Jones, Terris",177,Junior
"Bigelow, Brendan",185,Junior
"Gingold, Lucus",240,Junior
"Creer, Malcolm",215,Junior
"Jones, Tony",190,Junior
"Bassett, Kenny",178,Junior
"Forde, Ayele",183,Junior
"Cummings, Jackson",189,Junior
"Seale, Ricky",199,Junior
"Jaffe, Alec",195,Junior
"Morgan, D.J.",190,Junior
"Booker, Devontae",205,Junior
"Radley, Lucky",187,Junior
"Cooper, Deontae",201,Junior
"Boachie, Chris",196,Junior
"Mason, Marcus",187,Junior
"West, Theron",172,Junior
"Fowler, Jalston",250,Junior
"Lockett, Johnny",192,Junior
"Lymon, Patrick",190,Junior
"Mason, Tre",198,Junior
"Williams, Andrew",200,Junior
"Joyer, Hunter",249,Junior
"Karempelis, Kyle",183,Junior
"Heard, Braylon",190,Junior
"Magee, Terrence",212,Junior
"Griffin, Nick",225,Junior
"Hunt, Tyler",210,Junior
"Josey, Henry",190,Junior
"White, Greg",215,Junior
"Pearson, JoJo",170,Junior
"Bolen, Austin",211,Junior
"Lane, Marlin",205,Junior
"Pickett, Justus",185,Junior
"Summerhill, Deanthonie",201,Junior
"Williams, Brandon",192,Junior
"Anders, Tyler",192,Junior
"Fritz, Will",170,Junior
"Jackson, Frankie",185,Junior
"Pearl, Noah",159,Junior
"Harris, Alonzo",220,Junior
"Watts-Bracken, Damarcus",190,Junior
"Cain, Tyler",183,Junior
"Burrell, Derric",190,Junior
"Dinham, Cris",210,Junior
"Giles, Ben",220,Junior
"Valentin, Julien",200,Junior
"Mayen, Claudio",188,Junior
"Franklin, Khary",168,Junior
"Brown, Dakota",173,Junior
"Smith, Duvall",208,Junior
"Howse, Gerald",215,Junior
"Crocker, Dontavis",185,Junior
"Wilder, Rendell",185,Junior
"Lee, Parris",190,Senior
"Evans, Travis",190,Senior
"King, Anthony",222,Senior
"Brooks, Kent",214,Senior
"Perry, Senorise",203,Senior
"Cook, Jaquise",180,Senior
"Steib, Jai",225,Senior
"Peck, Kyle",183,Senior
"Shaw, Marcus",178,Senior
"Coyer, Chris",245,Senior
"Williams, Andre",220,Senior
"McDowell, Roderick",195,Senior
"Thompson, Juwan",225,Senior
"Godhigh, Robert",188,Senior
"Sims, David",222,Senior
"Clements, Eduardo",192,Senior
"Labady, Jameson",220,Senior
"Blue, A.J.",225,Senior
"Brown, Desmond",185,Senior
"Rene, Steve",186,Senior
"Smith, Jerome",217,Senior
"Tobias, Greg",169,Senior
"Gregory, Tony",185,Senior
"Harris, Josh",200,Senior
"Martin, Glasco",220,Senior
"Johnson, Shontrelle",186,Senior
"White, James",192,Senior
"Woody, Jeff",242,Senior
"Cox, Taylor",212,Senior
"Sims, James",202,Senior
"Hubert, John",191,Senior
"Rose, Robert",176,Senior
"Clay, Brennan",197,Senior
"Finch, Roy",167,Senior
"Smith, Jeremy",208,Senior
"Green, Leekus",165,Senior
"James, Waymon",203,Senior
"Foster, SaDale",187,Senior
"Talbott, Josh",199,Senior
"Sims, Charles",213,Senior
"Houston, Stephen",225,Senior
"Gillum, James",204,Senior
"Mark, Venric",175,Senior
"Trumpy, Mike",210,Senior
"Hall, Jordan",197,Senior
"Hyde, Carlos",238,Senior
"Aristide, Ishmael",199,Senior
"Cooper, Vintavious",189,Senior
"Pasut, Zico",239,Senior
"Simmons, Marcus",201,Senior
"Etkins, Orwin",175,Senior
"Rhodes, Kedrick",200,Senior
"Jackson, Martese",165,Senior
"Wallace, Jonathan",210,Senior
"Courtney, Rickey",185,Senior
"Fitte, Lyle",190,Senior
"Taliaferro, Essray",184,Senior
"Pratcher, William",206,Senior
"Byrd, Brandin",216,Senior
"Monroe, Bryan",192,Senior
"Wilhite, Dimitri",203,Senior
"Ross, Charles",230,Senior
"Hardy, Kendrick",223,Senior
"Hester, Jeremy",177,Senior
"Johnson, Bruce",228,Senior
"Johnson, Desmond",210,Senior
"Darkwa, Orleans",210,Senior
"Douglas, Ja'Terian",189,Senior
"Watts, Trey",190,Senior
"Wilson, Cody",232,Senior
"Calloway, David",195,Senior
"Franklin, Greg",197,Senior
"Okotcha, Evans",215,Senior
"Simpson, CheRod",200,Senior
"Crockett, Julian",164,Senior
"Crucitti, Jon",195,Senior
"Maples, Raymond",218,Senior
"Alisa, Michael",220,Senior
"Baker, James",228,Senior
"Miller, Trey",199,Senior
"Staten, Darius",190,Senior
"Thomas, Marcus",165,Senior
"Williams, Brian",150,Senior
"Morrison, Germi",195,Senior
"Pratt, Yolandus",200,Senior
"Plantz, Tyler",203,Senior
"Alexander, Broderick",218,Senior
"Scott, Barrington",215,Senior
"Hopgood, Jordan",215,Senior
"Brennan, Patrick",200,Senior
"Murie, Brandon",186,Senior
"Oliver, Branden",202,Senior
"Phillips, Tim",174,Senior
"Tipton, Zurlon",219,Senior
"Bates, Kenyarda",162,Senior
"Daniels, Akeem",184,Senior
"Blankenship, Beau",202,Senior
"Boykin, Ryan",224,Senior
"Fluellen, David",215,Senior
"Reeves, Darius",190,Senior
"Chance, Dareyon",169,Senior
"Drake, Tevin",214,Senior
"Fields, Brian",194,Senior
"Scriven, Antoin",216,Senior
"LaCoste, Anthony",205,Senior
"Nwoke, Chris",216,Senior
"Lopez, Justin",190,Senior
"Carrier, Kasey",185,Senior
"Fatokun, Emmanuel",198,Senior
"Rogers, Demarcus",185,Senior
"Zizzo, Tony",210,Senior
"DeMartino, Joey",210,Senior
"Marshall, Robert",223,Senior
"Easton, Tedder",260,Senior
"Miller, Brandon",188,Senior
"Butler, Kylan",183,Senior
"Jenkins, Daniel",195,Senior
"Grice, Marion",204,Senior
"Robinson, R.J.",173,Senior
"Bartolo, Mitchel",200,Senior
"Ford, Josh",205,Senior
"Thompson, Jordan",175,Senior
"Gaffney, Tyler",221,Senior
"Wilkerson, Anthony",214,Senior
"Jones, Malcolm",220,Senior
"Thigpen, Damien",180,Senior
"Akiba, John",185,Senior
"Kinikini, Soni",250,Senior
"Williams, Karl",243,Senior
"York, Kelvin",220,Senior
"Brooks, Leon",172,Senior
"Shakespeare, Chandler",209,Senior
"Harton, Brandon",175,Senior
"Parsons, Alex",191,Senior
"George, Jonathan",221,Senior
"Sanders, Raymond",199,Senior
"Blue, Alfred",220,Senior
"Akins, Kasey",185,Senior
"Scott, Jeff",170,Senior
"Juin, Reggie",171,Senior
"Neal, Rajion",211,Senior
"Malena, Ben",195,Senior
"Clayton, Hasan",180,Senior
"Tate, Wesley",215,Senior
"Oku, David",195,Senior
"Thornton, Sirgregory",190,Senior
"Donald, Centarius",220,Senior
"Edwards, Jyruss",198,Senior
"Washington, Monterrell",206,Senior
"Kelley, Tyler",210,Senior
"Andrews, Antonio",219,Senior
"Simpson, Keshawn",245,Senior
"Hyppolite, Martin",217,Senior
"Carey, Ka'Deem",196,Senior
"Sankey, Bishop",200,Senior
"West, Terrance",223,Senior
"McKinnon, Jerick",209,Senior
"III, George",210,Sophomore
"Wilder, James",226,Sophomore
"Hill, Jeremy",233,Sophomore
