description,rank
"A joke take on the one-toothed, red-eyed robot guy from EB64 screenshots, based on some comments that the sketch I did recieved in the Fan Forum's EB Art thread. I decided that he should have an elongated head for some reason. Thanks goes to Z-Row, mulletman, Skyrunner and Jonk. ;P",0.0
"A Rock Lizard. Making the texture on this one was fun, but didn't turn out as well as I'd hoped.",8.0
Ness bustin' out the PSI powers.,0.0
"Petrified Royal Guard. OH, if only I had the talent of Mike Mignola...",9.0
Inspired by: http://ca.youtube.com/watch?v=6P_BvrtuxAI,0.0
