rank,country
1,Lebanon
2,Qatar
3,Zimbabwe
4,British Virgin Islands
5,Jordan
6,Libya
7,Cayman Islands
8,Singapore
9,Bahrain
10,United Arab Emirates
11,Anguilla
12,Turks and Caicos Islands
13,South Sudan
14,Cyprus
15,Aruba
16,San Marino
17,Luxembourg
18,Norway
19,Spain
20,Isle of Man
21,Sint Maarten
22,Djibouti
23,Australia
24,Canada
25,Sweden
26,Switzerland
27,Liechtenstein
28,Botswana
29,Italy
30,Jersey
31,New Caledonia
32,Nepal
33,Macau
34,Ireland
35,Monaco
36,Portugal
37,Yemen
38,United Kingdom
39,Brunei
40,United States
41,Guernsey
42,Greece
43,Denmark
44,Antigua and Barbuda
45,New Zealand
46,Czech Republic
47,Malta
48,Netherlands
49,Bermuda
50,Austria
51,Russia
52,Hong Kong
53,Israel
54,Croatia
55,Hungary
56,Curacao
57,Belgium
58,Saint Kitts and Nevis
59,France
60,Germany
61,Seychelles
62,Taiwan
63,Rwanda
64,Costa Rica
65,Belarus
66,Palau
67,Finland
68,Suriname
69,Iceland
70,Angola
71,Turkey
72,Kazakhstan
73,Slovenia
74,Chile
75,Malawi
76,Namibia
77,Slovakia
78,West Bank
79,Andorra
80,Togo
81,Thailand
82,Swaziland
83,Serbia
84,"Saint Helena, Ascension, and Tristan da Cunha"
85,Papua New Guinea
86,Montserrat
87,Mauritius
88,Madagascar
89,Liberia
90,"Korea, South"
91,Japan
92,Iraq
93,Guinea-Bissau
94,Guinea
95,Gaza Strip
96,Faroe Islands
97,Eritrea
98,Equatorial Guinea
99,Cote d'Ivoire
100,Central African Republic
101,Burundi
102,Burkina Faso
103,Bhutan
104,Benin
105,Belize
106,"Bahamas, The"
107,Azerbaijan
108,Argentina
109,Venezuela
110,Bangladesh
111,"Korea, North"
112,India
113,Ukraine
114,Paraguay
115,Iran
116,Ecuador
117,Cameroon
118,Brazil
119,Egypt
120,Kenya
121,Nigeria
122,Ethiopia
123,Romania
124,Burma
125,Barbados
126,Cambodia
127,China
128,Vietnam
129,Panama
130,"Congo, Democratic Republic of the"
131,Malaysia
132,Bosnia and Herzegovina
133,Oman
134,Poland
135,Macedonia
136,Tanzania
137,Niger
138,Saudi Arabia
139,Cabo Verde
140,Colombia
141,Bolivia
142,Zambia
143,Lithuania
144,Uganda
145,Mauritania
146,Mongolia
147,French Polynesia
148,Algeria
149,Uruguay
150,Laos
151,Kuwait
152,Tajikistan
153,Honduras
154,Indonesia
155,Philippines
156,Vanuatu
157,Sri Lanka
158,Mexico
159,Senegal
160,Pakistan
161,Tunisia
162,Solomon Islands
163,Afghanistan
164,Turkmenistan
165,Dominican Republic
166,Guatemala
167,Mozambique
168,Gabon
169,Ghana
170,"Gambia, The"
171,Mali
172,Latvia
173,Uzbekistan
174,Comoros
175,Peru
176,Kiribati
177,Bulgaria
178,Sierra Leone
179,Saint Lucia
180,Nicaragua
181,Grenada
182,Georgia
183,Gibraltar
184,Albania
185,Estonia
186,Morocco
187,Chad
188,Cuba
189,Timor-Leste
190,Northern Mariana Islands
191,Haiti
192,Sudan
193,Jamaica
194,Marshall Islands
195,Wallis and Futuna
196,Dominica
197,Armenia
198,Greenland
199,Kyrgyzstan
200,South Africa
201,Trinidad and Tobago
202,Fiji
203,Tuvalu
204,"Congo, Republic of the"
205,Guam
206,Lesotho
207,Virgin Islands
208,El Salvador
209,Saint Pierre and Miquelon
210,Sao Tome and Principe
211,Puerto Rico
212,Somalia
213,Saint Vincent and the Grenadines
214,Guyana
215,Moldova
216,Samoa
217,Maldives
218,Nauru
219,Tonga
220,"Micronesia, Federated States of"
221,American Samoa
222,Syria
