rank,country
1,Lebanon
2,Zimbabwe
3,South Sudan
4,Jordan
5,Qatar
6,Malawi
7,Niger
8,Burundi
9,Uganda
10,Libya
11,Burkina Faso
12,Mali
13,Gaza Strip
14,Ethiopia
15,Western Sahara
16,Zambia
17,Benin
18,Tanzania
19,Angola
20,Yemen
21,United Arab Emirates
22,Togo
23,Rwanda
24,Guinea
25,Madagascar
26,Cameroon
27,Turks and Caicos Islands
28,Equatorial Guinea
29,Liberia
30,"Congo, Democratic Republic of the"
31,Bahrain
32,Senegal
33,Nigeria
34,Mozambique
35,Timor-Leste
36,British Virgin Islands
37,Sierra Leone
38,Eritrea
39,Afghanistan
40,Mauritania
41,Djibouti
42,Iraq
43,"Gambia, The"
44,Ghana
45,Cayman Islands
46,Central African Republic
47,Kenya
48,Solomon Islands
49,Oman
50,Anguilla
51,Vanuatu
52,West Bank
53,Cote d'Ivoire
54,Gabon
55,"Congo, Republic of the"
56,Guinea-Bissau
57,Singapore
58,Belize
59,Chad
60,Sao Tome and Principe
61,Algeria
62,Comoros
63,Guatemala
64,Egypt
65,Papua New Guinea
66,Nepal
67,Philippines
68,Sudan
69,Tajikistan
70,Somalia
71,Honduras
72,Marshall Islands
73,Kuwait
74,Brunei
75,Cambodia
76,Bolivia
77,Bangladesh
78,Laos
79,Sint Maarten
80,Pakistan
81,Saudi Arabia
82,Cyprus
83,Malaysia
84,Israel
85,New Caledonia
86,Venezuela
87,Cabo Verde
88,Ecuador
89,Mongolia
90,Aruba
91,Panama
92,Botswana
93,Dominican Republic
94,India
95,Antigua and Barbuda
96,Costa Rica
97,Iran
98,Mexico
99,Ireland
100,Paraguay
101,Norway
102,Kiribati
103,Kazakhstan
104,Turkmenistan
105,Swaziland
106,Bhutan
107,Northern Mariana Islands
108,Turkey
109,Luxembourg
110,Suriname
111,Christmas Island
112,Australia
113,Haiti
114,Colombia
115,Kyrgyzstan
116,Burma
117,Morocco
118,Nicaragua
119,Vietnam
120,Peru
121,Azerbaijan
122,French Polynesia
123,Argentina
124,Indonesia
125,Uzbekistan
126,Tunisia
127,San Marino
128,"Bahamas, The"
129,Seychelles
130,Sri Lanka
131,Chile
132,New Zealand
133,Macau
134,Liechtenstein
135,Spain
136,Jersey
137,Brazil
138,Tuvalu
139,Isle of Man
140,Sweden
141,Switzerland
142,Saint Kitts and Nevis
143,United States
144,Canada
145,Fiji
146,Jamaica
147,Namibia
148,Mauritius
149,Iceland
150,Samoa
151,Nauru
152,United Kingdom
153,"Korea, North"
154,Bermuda
155,Grenada
156,Faroe Islands
157,Montserrat
158,France
159,China
160,Guam
161,Netherlands
162,Hong Kong
163,Palau
164,Guernsey
165,Thailand
166,Saint Lucia
167,Lesotho
168,Wallis and Futuna
169,Barbados
170,Malta
171,Italy
172,Albania
173,"Saint Helena, Ascension, and Tristan da Cunha"
174,El Salvador
175,Uruguay
176,Gibraltar
177,Taiwan
178,Denmark
179,Dominica
180,Macedonia
181,Andorra
182,Czech Republic
183,"Korea, South"
184,Portugal
185,Tonga
186,Monaco
187,Finland
188,Belgium
189,Slovakia
190,Greenland
191,Austria
192,Greece
193,Falkland Islands (Islas Malvinas)
194,Norfolk Island
195,Holy See (Vatican City)
196,Cocos (Keeling) Islands
197,Pitcairn Islands
198,Tokelau
199,Svalbard
200,Russia
201,Niue
202,Maldives
203,Poland
204,Guyana
205,Georgia
206,Trinidad and Tobago
207,Bosnia and Herzegovina
208,Croatia
209,Armenia
210,Japan
211,Cuba
212,Germany
213,Belarus
214,Hungary
215,Slovenia
216,Romania
217,Saint Vincent and the Grenadines
218,Lithuania
219,American Samoa
220,"Micronesia, Federated States of"
221,Serbia
222,South Africa
223,Montenegro
224,Virgin Islands
225,Latvia
226,Ukraine
227,Puerto Rico
228,Estonia
229,Bulgaria
230,Saint Pierre and Miquelon
231,Moldova
232,Cook Islands
233,Syria
