year,category
2011,Classic
2011,Strictly Swing
2011,Classic
2011,Classic
2011,Classic
2010,Classic
2009,Classic
2009,Strictly Swing
2009,Classic
2007,Classic
2007,Classic
2006,Classic
2005,Classic
2005,Classic
2005,Classic
2005,Classic
2004,Classic
2004,Classic
2003,Classic
2003,Strictly Swing
2003,Classic
2002,Classic
2002,Classic
2001,Strictly Swing
2001,Classic
2001,Classic
2000,Classic
2000,Classic
2000,Strictly Swing
2000,Classic
1999,Classic
1999,Classic
1999,Strictly Swing
1999,Classic
1999,Strictly Swing
1999,Classic
1999,Strictly Swing
1999,Classic
1999,Strictly Swing
1999,Classic
1999,Showcase
1999,Classic
1999,Showcase
1999,Classic
1999,Strictly Swing
1999,Classic
1998,Classic
1998,Strictly Swing
1998,Classic
1998,Classic
1998,Superstar
1998,Classic
1998,Strictly Swing
1998,Superstar
1998,Strictly Swing
1998,Classic
1998,Classic
1997,Classic
1997,Showcase
1997,Strictly Swing
1997,Classic
1997,Classic
