year,category,genre,result
2000,Best Female Pop Vocal Performance,Pop,Nominated
2000,Best New Artist,General,Won
2001,Best Female Pop Vocal Performance,Pop,Nominated
2001,Best Latin Pop Album,Latin,Nominated
2002,Best Pop Collaboration with Vocals,Pop,Nominated
2002,Best Pop Collaboration with Vocals,Pop,Won
2003,Best Pop Collaboration with Vocals,Pop,Nominated
2004,Best Pop Collaboration with Vocals,Pop,Nominated
2004,Best Pop Vocal Album,Pop,Nominated
2004,Best Female Pop Vocal Performance,Pop,Won
2006,Best Pop Collaboration with Vocals,Pop,Nominated
