rank,country
1,China
2,United States
3,European Union
4,Russia
5,India
6,Japan
7,Canada
8,Germany
9,France
10,Brazil
11,"Korea, South"
12,United Kingdom
13,Italy
14,Mexico
15,Spain
16,South Africa
17,Australia
18,Saudi Arabia
19,Taiwan
20,Turkey
21,Iran
22,Ukraine
23,Thailand
24,Indonesia
25,Sweden
26,Egypt
27,Poland
28,Norway
29,Venezuela
30,Argentina
31,Malaysia
32,Vietnam
33,Netherlands
34,United Arab Emirates
35,Kazakhstan
36,Pakistan
37,Czech Republic
38,Belgium
39,Austria
40,Finland
41,Philippines
42,Switzerland
43,Israel
44,Iraq
45,Chile
46,Colombia
47,Paraguay
48,Romania
49,Greece
50,Kuwait
51,Uzbekistan
52,Algeria
53,Singapore
54,Bulgaria
55,Portugal
56,New Zealand
57,Bangladesh
58,Hong Kong
59,Syria
60,Peru
61,Serbia
62,Hungary
63,Belarus
64,Denmark
65,Qatar
66,Slovakia
67,Ireland
68,Libya
69,Nigeria
70,Morocco
71,Azerbaijan
72,Ecuador
73,"Korea, North"
74,Oman
75,Puerto Rico
76,Turkmenistan
77,Jordan
78,Iceland
79,Tajikistan
80,Cuba
81,Lebanon
82,Tunisia
83,Kyrgyzstan
84,Mozambique
85,Slovenia
86,Croatia
87,Dominican Republic
88,Bahrain
89,Bosnia and Herzegovina
90,Lithuania
91,Laos
92,Sri Lanka
93,Estonia
94,Zambia
95,Ghana
96,Uruguay
97,Costa Rica
98,Georgia
99,Guatemala
100,Trinidad and Tobago
101,"Congo, Democratic Republic of the"
102,Panama
103,Kenya
104,Bhutan
105,Bolivia
106,Zimbabwe
107,Sudan
108,Burma
109,Armenia
110,Albania
111,Honduras
112,El Salvador
113,Latvia
114,Cote d'Ivoire
115,Cameroon
116,Kosovo
117,Yemen
118,Macedonia
119,Angola
120,Moldova
121,Tanzania
122,Ethiopia
123,Jamaica
124,Mongolia
125,Cyprus
126,Nicaragua
127,Brunei
128,Nepal
129,Papua New Guinea
130,Senegal
131,Mauritius
132,Montenegro
133,Uganda
134,New Caledonia
135,Malta
136,Luxembourg
137,"Bahamas, The"
138,Malawi
139,Curacao
140,Guam
141,Gabon
142,Suriname
143,Madagascar
144,Namibia
145,Barbados
146,Cambodia
147,Aruba
148,Guinea
149,Mauritania
150,South Sudan
151,Fiji
152,Afghanistan
153,French Polynesia
154,Virgin Islands
155,Haiti
156,Guyana
157,Lesotho
158,Bermuda
159,Cayman Islands
160,Burkina Faso
161,"Congo, Republic of the"
162,West Bank
163,Mali
164,Belize
165,Swaziland
166,Macau
167,Saint Lucia
168,Botswana
169,Liberia
170,Djibouti
171,Greenland
172,Eritrea
173,Antigua and Barbuda
174,Somalia
175,Cabo Verde
176,Sint Maarten
177,Seychelles
178,Rwanda
179,Niger
180,Maldives
181,Faroe Islands
182,"Gambia, The"
183,Chad
184,Grenada
185,"Micronesia, Federated States of"
186,Turks and Caicos Islands
187,Central African Republic
188,Gibraltar
189,American Samoa
190,Burundi
191,Benin
192,Liechtenstein
193,Sierra Leone
194,Saint Kitts and Nevis
195,Togo
196,Saint Vincent and the Grenadines
197,Timor-Leste
198,Samoa
199,Dominica
200,Equatorial Guinea
201,Andorra
202,Western Sahara
203,Solomon Islands
204,Sao Tome and Principe
205,Guinea-Bissau
206,Vanuatu
207,British Virgin Islands
208,Tonga
209,Comoros
210,Saint Pierre and Miquelon
211,Cook Islands
212,Kiribati
213,Nauru
214,Montserrat
215,Falkland Islands (Islas Malvinas)
216,"Saint Helena, Ascension, and Tristan da Cunha"
217,Niue
218,Northern Mariana Islands
219,Gaza Strip
