rank,name
1,B. Hamilton
2,K. Eaton
3,L. Pizer
4,K. Hennessy
5,R. Fosdick
6,M. Quinn
7,R. SCOTT
8,K. Paul
9,D. Walsh
10,M. Paul
11,M. Glynn
12,v. malatesta
13,D. Harting
14,D. Rippon
15,K. Theologou
16,m. shanahan
17,S. Hallett
18,R. Lundstedt
19,P. Hardwick
20,S. Angerame
21,D. Hulse
22,L. Gigliotti
23,J. Dunn
24,G. Costas
25,B. Sims
26,D. Canning
27,W. Harting
28,C. Hennessey
29,J. Hennessey
30,E. Hardwick
31,K. Remillard
32,S. Buker
33,S. Marshall
34,M. Pantos
35,R. Lomeli
36,S. Murphy
37,J. McGrath
38,W. Lacy
39,D. O'Connell
40,J. Davidson
41,D. Foos
42,P. McMahon
43,B. Panora
44,N. Paul
45,j. papotto
46,J. Hobin
47,J. Leonard
48,M. Pecorelli
49,B. Carmell
50,K. McDevitt
51,G. Roy
52,R. Eisenstein
53,A. Serino
54,L. O'Connell
55,c. kingsbury
56,M. McLeavy
57,J. Saling
58,N. Graham
59,J. Paul
60,M. Kelly
61,B. Brewster
62,J. Cartwright
63,M. Flanagan
64,A. Petrou
65,t. miller
66,W. Simms
67,J. Levenson
68,L. Sims
69,k. papotto
70,K. Monagle
