rank,country
1,United States
2,European Union
3,China
4,Germany
5,Japan
6,United Kingdom
7,France
8,Hong Kong
9,"Korea, South"
10,India
11,Netherlands
12,Canada
13,Italy
14,Mexico
15,Singapore
16,Belgium
17,Spain
18,Switzerland
19,Russia
20,Taiwan
21,United Arab Emirates
22,Australia
23,Brazil
24,Turkey
25,Thailand
26,Poland
27,Malaysia
28,Indonesia
29,Austria
30,Sweden
31,Saudi Arabia
32,Vietnam
33,Czech Republic
34,South Africa
35,Denmark
36,Hungary
37,Norway
38,Slovakia
39,Portugal
40,Finland
41,Philippines
42,Romania
43,Chile
44,Israel
45,Ireland
46,Argentina
47,Iraq
48,Greece
49,Iran
50,Ukraine
51,Colombia
52,Algeria
53,Egypt
54,Nigeria
55,Venezuela
56,Kazakhstan
57,Puerto Rico
58,Pakistan
59,New Zealand
60,Belarus
61,Peru
62,Morocco
63,Qatar
64,Bangladesh
65,Lithuania
66,Oman
67,Bulgaria
68,Slovenia
69,Angola
70,Luxembourg
71,Ecuador
72,Kuwait
73,Panama
74,Tunisia
75,Jordan
76,Croatia
77,Serbia
78,Lebanon
79,Sri Lanka
80,Costa Rica
81,Guatemala
82,Estonia
83,Dominican Republic
84,Latvia
85,Kenya
86,Turkmenistan
87,Libya
88,Ghana
89,Cuba
90,Bahrain
91,Burma
92,Uzbekistan
93,Paraguay
94,Ethiopia
95,Uruguay
96,Tanzania
97,Honduras
98,Azerbaijan
99,Yemen
100,Macau
101,El Salvador
102,Cambodia
103,Cote d'Ivoire
104,"Congo, Democratic Republic of the"
105,Bosnia and Herzegovina
106,Bolivia
107,Sudan
108,Trinidad and Tobago
109,Mozambique
110,Georgia
111,Zambia
112,West Bank
113,Syria
114,Nepal
115,Botswana
116,Namibia
117,Cameroon
118,Equatorial Guinea
119,Nicaragua
120,Afghanistan
121,Cyprus
122,Macedonia
123,Moldova
124,Kyrgyzstan
125,Senegal
126,Mauritius
127,Malta
128,Jamaica
129,Zimbabwe
130,Uganda
131,Mongolia
132,Albania
133,Gabon
134,Iceland
135,"Korea, North"
136,Virgin Islands
137,"Congo, Republic of the"
138,Tajikistan
139,Brunei
140,Papua New Guinea
141,Laos
142,Armenia
143,Mauritania
144,Chad
145,Haiti
146,Kosovo
147,New Caledonia
148,Burkina Faso
149,"Bahamas, The"
150,Mali
151,Gibraltar
152,Benin
153,Madagascar
154,Liberia
155,San Marino
156,Malawi
157,Montenegro
158,Togo
159,Niger
160,Fiji
161,Guinea
162,Suriname
163,Swaziland
164,Liechtenstein
165,Sierra Leone
166,Guyana
167,Lesotho
168,Rwanda
169,Maldives
170,French Polynesia
171,Barbados
172,Aruba
173,Andorra
174,Curacao
175,Somalia
176,Monaco
177,Eritrea
178,Seychelles
179,Bermuda
180,Bhutan
181,Belize
182,Guam
183,Cabo Verde
184,Burundi
185,Greenland
186,Faroe Islands
187,Cayman Islands
188,Timor-Leste
189,Djibouti
190,Turks and Caicos Islands
191,Saint Lucia
192,Solomon Islands
193,"Gambia, The"
194,British Virgin Islands
195,Samoa
196,Saint Vincent and the Grenadines
197,Antigua and Barbuda
198,American Samoa
199,Grenada
200,Vanuatu
201,Guinea-Bissau
202,Comoros
203,Central African Republic
204,Northern Mariana Islands
205,Tonga
206,Saint Kitts and Nevis
207,Dominica
208,Anguilla
209,"Micronesia, Federated States of"
210,Sao Tome and Principe
211,Marshall Islands
212,Palau
213,Saint Pierre and Miquelon
214,Falkland Islands (Islas Malvinas)
215,Cook Islands
216,Kiribati
217,Wallis and Futuna
218,Montserrat
219,"Saint Helena, Ascension, and Tristan da Cunha"
220,Nauru
221,Tuvalu
222,Niue
223,Tokelau
