name,weight,age,birthPlace
Aleksander Barkov,213,19,"Tampere, FIN"
Nick Bjugstad,218,23,"Minneapolis, MN, USA"
"Dave Bolland ""A""",184,29,"Mimico, ON, CAN"
Jonathan Huberdeau,188,22,"Saint-Jerome, QC, CAN"
Jaromir Jagr,230,43,"Kladno, CZE"
Jussi Jokinen,198,32,"Kalajoki, FIN"
"Derek MacKenzie ""A""",181,34,"Sudbury, ON, CAN"
Brandon Pirri,183,24,"Toronto, ON, CAN"
Marc Savard **,191,38,"Ottawa, ON, CAN"
Reilly Smith,185,24,"Toronto, ON, CAN"
Shawn Thornton,217,38,"Oshawa, ON, CAN"
Vincent Trocheck,182,22,"Pittsburgh, PA, USA"
