name,age,club
Brian Fehlau,29,NEM
JP Goudy,26,NEM
Brian Fehlau,29,NEM
Rick Osterberg,29,NEM
Jason Eaddy,27,NEM
Stephan Joe,28,NEM
Rick Osterberg,29,NEM
Jason Eaddy,27,NEM
Mike Houlihan,27,NEM
Darcy Paul,27,NEM
Jason Eaddy,27,NEM
Rick Osterberg,29,NEM
Jason Eaddy,27,NEM
Brian Fehlau,29,NEM
Stephan Joe,28,NEM
Stephan Joe,28,NEM
Stephan Joe,28,NEM
Jason Eaddy,27,NEM
Kris Grabarek,29,NEM
Jason Eaddy,27,NEM
Dave Searles,26,NEM
Jason Eaddy,27,NEM
Brian Fehlau,29,NEM
JP Goudy,26,NEM
Stephan Joe,28,NEM
Rick Osterberg,29,NEM
Brian Fehlau,29,NEM
Jason Eaddy,27,NEM
Stephan Joe,28,NEM
Stephan Joe,28,NEM
