name,age,club
William Stinson,75,SPRD
William Stinson,75,SPRD
Earnest Briscoe,76,SPM
William Stinson,75,SPRD
William Stinson,75,SPRD
Earnest Briscoe,76,SPM
William Stinson,75,SPRD
William Stinson,75,SPRD
Peter Jurczyk,78,IRCC
Peter Jurczyk,78,IRCC
William Stinson,75,SPRD
William Stinson,75,SPRD
William Stinson,75,SPRD
William Stinson,75,SPRD
James Pierce,76,SPM
William Stinson,75,SPRD
William Stinson,75,SPRD
William Stinson,75,SPRD
Peter Jurczyk,78,IRCC
James Pierce,76,SPM
William Stinson,75,SPRD
