ranking,region
1,"Murray-Sunset National Park Victoria, New South Wales and South Australia"
2,"Kosciuszko National Park Victoria, New South Wales and the Australian Capital Territory"
3,"Sturt National Park New South Wales, Queensland and South Australia"
4,Morton National Park New South Wales
5,Alpine National Park Victoria and New South Wales
6,Blue Mountains National Park New South Wales
7,Danggali Conservation Park South Australia and New South Wales
8,Currawinya National Park Queensland and New South Wales
9,Guy Fawkes River National Park New South Wales
10,Yengo National Park New South Wales
11,South East Forest National Park Victoria and New South Wales
12,Deua National Park New South Wales
13,Goulburn River National Park New South Wales
14,Yathong Nature Reserve New South Wales
15,Pilliga Nature Reserve New South Wales
16,Croajingolong National Park Victoria and New South Wales
17,Namadgi National Park the Australian Capital Territory and New South Wales
18,Wadbilliga National Park New South Wales
19,Nombinnie Nature Reserve New South Wales
20,Myall Lakes National Park New South Wales
21,Oxley Wild Rivers National Park New South Wales
22,Chowilla Regional Reserve South Australia and New South Wales
23,Mutawintji National Park New South Wales
24,Barrington Tops National Park New South Wales
25,Kanangra-Boyd National Park New South Wales
26,Kinchega National Park New South Wales
27,Nocoleche Nature Reserve New South Wales
28,Hattah-Kulkyne National Park Victoria and New South Wales
29,New England National Park New South Wales
30,Mallee Cliffs National Park Restricted Access New South Wales
31,Torrington State Recreation Area New South Wales
32,Woomargama National Park New South Wales
33,Goobang National Park New South Wales
34,Culgoa Floodplain National Park Queensland and New South Wales
35,Gundabooka National Park New South Wales
36,Parr State Conservation Area New South Wales
37,Mount Kaputar National Park New South Wales
38,Nattai National Park New South Wales
39,Tarawi Nature Reserve New South Wales and South Australia
40,Werrikimbe National Park New South Wales
41,Washpool National Park New South Wales
42,Border Ranges National Park New South Wales and Queensland
43,Nymboida National Park New South Wales
44,Willi Willi National Park New South Wales
45,Gibraltar Range National Park New South Wales
46,Budawang National Park New South Wales
47,Warrumbungle National Park New South Wales
48,Abercrombie River National Park New South Wales
49,Mount Barney National Park Queensland and New South Wales
50,Brindabella National Park New South Wales and the Australian Capital Territory
