rank,name
1,B. Samir
2,R. Mathias
3,S. Arene
4,T. Couloigner
5,F. Menaspa
6,M. Durand
7,d. adjaho
8,L. Veyan
9,L. Behr
10,m. frutoso
11,c. VAJOU
12,F. Keisser
13,d. diop
14,L. MISSAOUI
15,K. Hamdi
16,n. OLSEN
17,j. giraudan
18,M. Beal
19,M. Bastide Reymond
20,A. Ben Ghazi
21,H. Caron
22,M. LAURENT
23,K. Soufi
24,B. Zenatti
25,J. Riqueur
26,L. Le Morzadec
27,e. balisson
28,r. charrada
29,j. bianchi
30,M. Duret
31,L. Saint-Aubin
32,K. Saouchi
33,V. Be.
34,c. corre
35,J. Bond
36,S. RODI
37,i. gogibus
38,S. STASSI
39,T. Cruz
40,T. GUEDE
41,m. avenel
42,N. Rossi
43,D. Bastide Reymond
44,N. PISSAREVA
45,M. Martin
46,M. NABE
47,S. Bernard
48,B. VIGERAL
49,m. floremont
