county,year
Davidson,1909
Davidson,1912
Wilson,1911
Stewart,1911
Carroll,1909
DeKalb,1910
Wayne,1910
DeKalb,1912
Shelby,1909
Knox,1909
Loudon,1910
Crockett,1910
Greene,1910
Overton,1911
Shelby,1909
Gibson,1910
Lake,1908
Shelby,1912
Washington,1911
Hamilton,1909
Shelby,1912
Maury,1910
Anderson,1909
Shelby,1910
Shelby,1912
Shelby,1909
Hancock,1909
Cheatham,1911
Grainger,1909
Shelby,1910
Shelby,1910
Fayette,1911
Hamilton,1910
McMinn,1909
Davidson,1910
Rutherford,1910
Shelby,1909
Shelby,1911
Henry,1910
Campbell,1910
Union,1910
Davidson,1912
Hardeman,1912
Lawrence,1908
Lawrence,1908
Shelby,1910
Hamilton,1912
Tipton,1909
Cannon,1909
Shelby,1908
Fentress,1911
Cheatham,1910
Sevier,1910
Fayette,1910
Madison,1910
Madison,1910
Shelby,1910
Carroll,1911
Gibson,1911
Smith,1911
Loudon,1910
Henderson,1909
Haywood,1910
McNairy,1908
Greene,1910
Davidson,1911
Robertson,1912
Humphreys,1909
Williamson,1910
Campbell,1912
DeKalb,1910
Henderson,1909
Shelby,1910
Fayette,1912
Hardin,1910
McNairy,1910
Shelby,1911
Obion,1911
Sevier,1908
Shelby,1912
Knox,1911
Shelby,1910
Davidson,1910
Fayette,1909
Knox,1910
Fayette,1911
Morgan,1911
Davidson,1912
Roane,1910
Shelby,1908
Shelby,1911
Gibson,1909
Knox,1912
Maury,1909
Shelby,1911
White,1911
Lawrence,1909
Tipton,1909
Obion,1910
Shelby,1912
Claiborne,1910
Gibson,1911
Haywood,1910
Shelby,1910
Grainger,1911
Bradley,1911
Knox,1911
Montgomery,1911
Shelby,1912
Hamblen,1910
Shelby,1909
Montgomery,1909
Lincoln,1910
Shelby,1911
Knox,1912
Wilson,1908
Washington,1912
Obion,1912
Rutherford,1909
Franklin,1909
Shelby,1909
McMinn,1910
McMinn,1910
Shelby,1910
Shelby,1910
Lauderdale,1912
Rutherford,1912
Cheatham,1909
Robertson,1912
Shelby,1908
Gibson,1911
Warren,1909
Madison,1910
Carroll,1908
DeKalb,1908
Carter,1909
Lauderdale,1909
Campbell,1910
Tipton,1910
Montgomery,1910
Gibson,1912
Henderson,1912
Lincoln,1912
Shelby,1912
Union,1909
Hamilton,1912
Knox,1911
Weakley,1910
Davidson,1909
Shelby,1912
Davidson,1909
Wilson,1909
Williamson,1909
Monroe,1911
Sumner,1911
Shelby,1911
Obion,1910
Grainger,1910
Davidson,1911
