description,rank
"fotpk - #50 DID SOMEBODY ORDERED SOME PORK? THATâ€™S RIGHT! WE REACHED P.50 AND ALSO THE END OF THE FIRST CHAPTER! I still canâ€™t believe i have reached this pointâ€¦ three years ago this would have never happenedâ€¦ but what truly made it happen was you guysâ€¦ with your support both on Deviantart and Starmen.net iâ€™ve managed to go fowardâ€¦ and i still will! Thereâ€™s still a long way to go! and with +10 chapters already planned you wonâ€™t be disappointed! :,D Thanks to my staff, thanks to my best friend , and also thank you to those who sent the pippi designs who supported me and also gave me great ideas! (:iconrobokun900 Iâ€™m talking about you! Now that i have some free time iâ€™ll use some of your ideas for the fangamer slips! Iâ€™ll credit you of course!) THANK YOU READERS! KEEP FOLLOWING â€œThe Fall Of The Pig Kingâ€?! LOVE YOU GUYS! :heart: -Marcotto",0.0
"fotpk - #51 SPECIAL UPDATE AT 3AM! DUE TO AWESOME PARTYING WITH FRIENDS, I CANâ€™T SLEEP, SO WHY NOT UPDATE A LITTLE AND START WITH A NEW CHAPTER?! Nessâ€™s Mom is kinda used to his sonâ€™s shenenigansâ€¦",0.0
King P. messed with the wrong birds this time...,0.0
"I havenâ€™t lived even half as long as adults have, but I do have plenty of memories in my backpack My favorite baseball cap, my sneakers with worn-out heels Deep in my pocket is my worn-down guitar pick There were some things sad enough to make tears come out, but you were always by my side I thought of the two of us as just friends the whole time I probably loved you without ever realizing it We walked while we laughed, played, and got hurt I realized it as we took shortcuts and went in circles: that even if you canâ€™t believe in everyone you canâ€™t cast aside a heart you do believe in You made me stronger just being who you are Like a gentle wind blowing and swaying the grass you always walked with a smile Yes, the two who shared smiles and tears one after the otherâ€¦.. (I miss you) â€¦..are now far apartâ€¦..",0.0
He deliver presents that will never be yours.,0.0
