name,age,club
Gayle Wettach,46,NEM
Tracy Grilli,46,NEM
Tracy Grilli,46,NEM
Tracy Grilli,46,NEM
Tracy Grilli,46,NEM
Nanci Sirois,45,NEM
Kim Goodwin,45,NEM
Tracy Grilli,46,NEM
Kim Goodwin,45,NEM
Tracy Grilli,46,NEM
Kim Goodwin,45,NEM
Karen Mareb,45,NEM
Kim Goodwin,45,NEM
Karen Mareb,45,NEM
Kim Goodwin,45,NEM
Gayle Wettach,46,NEM
Barb Handler,46,NEM
Barb Handler,46,NEM
Gayle Wettach,46,NEM
Kim Goodwin,45,NEM
Tracy Grilli,46,NEM
Barb Handler,46,NEM
Barb Handler,46,NEM
Nanci Sirois,45,NEM
Gayle Wettach,46,NEM
Nanci Sirois,45,NEM
