rank,age,team
1,26,Russia
2,26,China
3,25,Germany
4,27,Australia
5,21,Australia
6,27,Mexico
7,21,United States
8,23,China
9,20,United States
10,24,Finland
11,18,Venezuela
12,20,Japan
13,23,Cuba
14,23,Germany
15,27,Great Britain
16,24,Greece
17,28,Spain
18,27,Italy
19,18,Russia
20T,18,Finland
20T,17,Malaysia
22,22,Romania
23,23,Hungary
24,21,Brazil
25,22,Canada
26,28,Belarus
27,21,Italy
28,28,Peru
29,22,Ukraine
30,25,Greece
31,19,Ukraine
32,25,Austria
33,25,Zimbabwe
34,17,Thailand
35,29,Spain
36,19,Venezuela
37,16,Philippines
38,17,Colombia
39,21,Kazakhstan
40,31,France
41,26,Mexico
42,18,South Korea
43,21,Cuba
44,19,North Korea
45,24,Czech Republic
46,19,Switzerland
47,24,Hong Kong
48,27,Great Britain
49,23,Chinese Taipei
