year,status
2005.0,Dropped
2004.0,Dropped
2008.0,Read
1999.0,Read
2006.0,Read
2010.0,Read
2001.0,Read
1998.0,Read
2005.0,Dropped
2012.0,Reading
2010.0,Dropped
2012.0,Read
1982.0,Read
1998.0,Read
1999.0,Read
2003.0,Read
2014.0,Read
2010.0,Want to Read
2010.0,Read
2008.0,Dropped
2009.0,Dropped
2012.0,Dropped
2009.0,Stalled
2011.0,Dropped
2008.0,Read
1990.0,Read
2000.0,Read
2009.0,Dropped
2008.0,Read
1988.0,Reading
1988.0,Read
1983.0,Read
2004.0,Read
1979.0,Read
2002.0,Stalled
2002.0,Dropped
2009.0,Dropped
2004.0,Read
2010.0,Dropped
1972.0,Want to Read
2005.0,Read
2011.0,Read
2008.0,Dropped
,Read
2006.0,Want to Read
2000.0,Read
1998.0,Read
2001.0,Stalled
2010.0,Read
2008.0,Read
