description,rank
"Darrow6 - #32 Thanks to Ness, Poo lives to see another day.",0.0
"Darrow6 - #33 Remember, the next time you and your friends face down a giant stone golem, don't push them out of the way during combat or they'll slap you in the face.",0.0
"Darrow6 - #34 A bloodied shirt, a swollen cheek, and a loss of pride... Poo isn't having a very good day.",0.0
"Darrow6 - #35 Finally accepting help from his friends, Poo leans on Ness and Paula so they can make it out of the pyramid.",0.0
Darrow6 - #36 Heeeeeeere's Stoney!,0.0
