rank,name
1,wowfie
2,wowfie
3,wowfie
4,wowfie
5,wowfie
6,wowfie
7,66witches
8,TREBOL
9,Mefj
10,wowfie
11,TREBOL
12,Puzlar
13,wowfie
14,wildblueink
15,TREBOL
16,wowfie
17,wowfie
18,TREBOL
19,wowfie
20,wowfie
21,TREBOL
22,wowfie
23,wowfie
24,ShakeyGrant
25,TREBOL
26,wowfie
27,TREBOL
28,wowfie
29,TREBOL
30,wowfie
31,TREBOL
32,flyngdtchmn
33,Puzlar
34,noodle440
35,pinkshoel
36,wowfie
37,creamstick
38,TREBOL
39,ed7mac
40,flyngdtchmn
41,wowfie
42,TREBOL
43,wowfie
44,creamstick
45,flyngdtchmn
46,wowfie
47,wowfie
48,wowfie
49,TREBOL
50,TREBOL
51,wowfie
52,TREBOL
53,wowfie
54,TREBOL
55,wowfie
56,flyngdtchmn
57,BOUSON
58,ShakeyGrant
59,wowfie
60,wowfie
61,TREBOL
62,wowfie
63,TREBOL
64,trakkad
65,cagwftx
66,intrepedtwo
67,TREBOL
68,trakkad
69,TREBOL
70,TREBOL
71,TREBOL
72,Puzlar
73,TREBOL
74,TREBOL
75,Puzlar
76,TREBOL
77,TREBOL
78,TREBOL
79,flyngdtchmn
80,Meisha6
81,michaelssister
82,campbel67
83,wowfie
84,gr8g8s
85,Puzlar
86,TREBOL
87,wowfie
88,gr8g8s
89,wowfie
90,wowfie
91,wowfie
92,wowfie
93,wowfie
94,TREBOL
95,wowfie
96,wowfie
97,wowfie
98,wowfie
99,wowfie
100,wowfie
101,wowfie
102,TREBOL
103,noodle440
104,wowfie
105,wowfie
106,wowfie
107,wowfie
108,wowfie
109,TREBOL
110,Puzlar
111,wowfie
112,trakkad
113,wowfie
114,wowfie
115,wowfie
116,ShakeyGrant
117,flyngdtchmn
118,TREBOL
119,Puzlar
120,wowfie
121,TREBOL
122,wowfie
123,serbysunshine
124,wowfie
125,celisking
126,wowfie
127,flyngdtchmn
128,TREBOL
129,noodle440
130,karaleesue
131,intrepedtwo
132,wowfie
133,mrsbuz
134,gr8g8s
135,wowfie
136,wowfie
137,TREBOL
138,wowfie
139,wowfie
140,TREBOL
141,TREBOL
142,wowfie
143,TREBOL
144,wowfie
145,TREBOL
146,wowfie
147,wowfie
148,wowfie
149,TREBOL
150,wowfie
151,wowfie
152,gr8g8s
153,wowfie
154,66witches
155,TREBOL
156,wowfie
157,TREBOL
158,ShakeyGrant
159,polarbear1aa
160,wowfie
161,noodle440
162,wowfie
163,wowfie
164,66witches
165,flyngdtchmn
166,TREBOL
167,wowfie
168,wowfie
169,trakkad
170,wowfie
171,TREBOL
172,wowfie
173,wowfie
174,flyngdtchmn
175,wowfie
176,66witches
177,wowfie
178,wowfie
179,wowfie
180,wowfie
181,wowfie
182,wowfie
183,wowfie
184,wowfie
185,Mazapole
186,wowfie
187,wowfie
188,wowfie
189,wowfie
190,wowfie
191,wowfie
192,wowfie
193,TREBOL
194,TREBOL
195,ShakeyGrant
196,TREBOL
197,TREBOL
198,TREBOL
199,47Boomer
200,TREBOL
201,TREBOL
202,TREBOL
203,camsilverfox
204,TREBOL
205,TREBOL
206,TREBOL
207,66witches
208,Puzlar
209,ShakeyGrant
210,Puzlar
211,Puzlar
212,Mazapole
213,Scarleg322
214,TREBOL
215,TREBOL
216,gr8g8s
217,flyngdtchmn
218,flyngdtchmn
219,mrbuz
220,Mazapole
221,wowfie
222,ozzybuddy
223,CherylKay
224,TREBOL
225,TREBOL
226,TREBOL
227,TREBOL
228,gr8g8s
229,TREBOL
230,66witches
231,66witches
232,mrbuz
233,TREBOL
234,flyngdtchmn
235,Puzlar
236,flyngdtchmn
237,TREBOL
238,gr8g8s
239,starnett
240,TREBOL
241,TREBOL
242,ShakeyGrant
243,flyngdtchmn
244,ShakeyGrant
245,trakkad
246,celisking
247,mrsbuz
248,pfromeesq
249,wowfie
250,Puzlar
251,ShakeyGrant
252,66witches
253,wowfie
254,bluepeter46
255,TREBOL
256,flyngdtchmn
257,TREBOL
258,wowfie
259,flyngdtchmn
260,66witches
261,mrsbuz
262,wowfie
263,jmdownard
264,wowfie
265,wowfie
266,wowfie
267,wowfie
268,wowfie
269,Mazapole
270,TREBOL
271,TREBOL
272,TREBOL
273,wowfie
274,wowfie
275,wowfie
276,wowfie
277,wowfie
278,66witches
279,wowfie
280,pinkshoel
281,Scarleg322
282,creamstick
283,wowfie
284,66witches
285,karaleesue
286,TREBOL
287,wowfie
288,wowfie
289,wowfie
290,wowfie
291,66witches
292,wowfie
293,sjm77
294,wowfie
295,Puzlar
296,wowfie
297,wowfie
298,TREBOL
299,wowfie
300,66witches
301,kcasse
302,trakkad
303,wowfie
304,wowfie
305,sjm77
306,sjm77
307,TREBOL
308,flyngdtchmn
309,wowfie
310,camsilverfox
311,wowfie
312,wowfie
313,Puzlar
314,sjm77
315,wowfie
316,wowfie
317,sjm77
318,TREBOL
319,nat24
320,66witches
321,Puzlar
322,madog12
323,flyngdtchmn
324,sjm77
325,wowfie
326,GRAYSEN
327,TREBOL
328,wowfie
329,TREBOL
330,wowfie
331,TREBOL
332,wowfie
333,serbysunshine
334,wowfie
335,Mazapole
336,wowfie
337,sjm77
338,wowfie
339,TREBOL
340,wowfie
341,wowfie
342,TREBOL
343,wowfie
344,TREBOL
345,wowfie
346,Puzlar
347,wowfie
348,sjm77
349,wowfie
350,sjm77
351,serbysunshine
352,celisking
353,wowfie
354,sjm77
355,wowfie
356,Scarleg322
357,dannysgranny
358,wowfie
359,Scarleg322
360,TREBOL
361,wowfie
362,wowfie
363,sjm77
364,TREBOL
365,wowfie
366,flyngdtchmn
367,wowfie
368,wowfie
369,sjm77
370,TREBOL
371,sjm77
372,sjm77
373,Mazapole
374,Scarleg322
375,flyngdtchmn
376,wowfie
377,Puzlar
378,intrepedtwo
379,Scarleg322
380,wowfie
381,ShakeyGrant
382,wowfie
383,wowfie
384,wowfie
385,sjm77
386,wowfie
387,wowfie
388,wowfie
389,sjm77
390,wowfie
391,wowfie
392,sjm77
393,Trebull
394,pinkshoel
395,wowfie
396,Scarleg322
397,kcasse
398,wowfie
399,wowfie
400,intrepedtwo
401,gr8g8s
402,wowfie
403,wowfie
404,wowfie
405,flyngdtchmn
406,TREBOL
407,camsilverfox
408,sjm77
409,wowfie
410,wowfie
411,redbird25
412,sjm77
413,TREBOL
414,jackgrafter
415,wowfie
416,wowfie
417,wowfie
418,Mazapole
419,wowfie
420,Puzlar
421,TREBOL
422,wowfie
423,trakkad
424,Puzlar
425,wowfie
426,sjm77
427,TREBOL
428,sjm77
429,wowfie
430,wowfie
431,wowfie
432,sjm77
433,wowfie
434,wowfie
435,sjm77
436,wowfie
437,sjm77
438,wowfie
439,sjm77
440,wowfie
441,wowfie
442,sjm77
443,ShakeyGrant
444,wowfie
445,wowfie
446,wowfie
447,wowfie
448,aminal48
449,sjm77
450,dparker1945
451,wowfie
452,wowfie
453,wowfie
454,wowfie
455,wowfie
456,flyngdtchmn
457,sjm77
458,wowfie
459,wowfie
460,serbysunshine
461,sjm77
462,sjm77
463,wowfie
464,wowfie
465,sjm77
466,wowfie
467,wowfie
468,wowfie
469,sjm77
470,wowfie
471,wowfie
472,TREBOL
473,sjm77
474,wowfie
475,wowfie
476,dailydistractio...
477,sjm77
478,pfromeesq
479,wowfie
480,wowfie
481,wowfie
482,wowfie
483,wowfie
484,ShakeyGrant
485,sjm77
486,wowfie
487,wowfie
488,wowfie
489,ReWa
490,TREBOL
491,wowfie
492,TREBOL
493,wowfie
494,wowfie
495,sjm77
496,wowfie
497,TREBOL
498,sjm77
499,wowfie
500,wowfie
