name,status,weight
"Adams, Tyrell",ACT,228
"Allen, RaShaun",ACT,250
"Archer, R.J.",ACT,220
"Avril, Cliff",ACT,260
"Bailey, Alvin",ACT,320
"Bailey, Dion",ACT,211
"Baldwin, Doug",ACT,189
"Bennett, Michael",ACT,274
"Blackmon, Will",ACT,204
"Boyer, Nate",ACT,216
"Britt, Justin",ACT,325
"Burley, Marcus",ACT,185
"Chancellor, Kam",ACT,232
"Clark, Frank",ACT,272
"Coleman, Derrick",ACT,233
"Cottom, Brandon",ACT,262
"Coyle, Brock",ACT,243
"Daniels, B.J.",ACT,217
"Davis, Jesse",ACT,309
"Dobbs, Demarcus",ACT,282
"Foxx, Deshon",ACT,177
"Gilliam, Garry",ACT,306
"Glowinski, Mark",ACT,310
"Graham, Jimmy",ACT,265
"Gresham, Clint",ACT,260
"Gwacham, Obum",ACT,249
"Hauschka, Steven",ACT,210
"Helfet, Cooper",ACT,239
"Hill, Jordan",ACT,303
"Irvin, Bruce",ACT,248
"Jackson, Tarvaris",ACT,225
"Jeanpierre, Lemuel",ACT,301
"Kearse, Jermaine",ACT,209
"King, David",ACT,281
"Lambert, Keenan",ACT,209
"Lane, Jeremy",ACT,190
"Lewis, Patrick",ACT,311
"Lockett, Tyler",ACT,182
"Lockette, Ricardo",ACT,211
"Lynch, Marshawn",ACT,215
"Marsh, Cassius",ACT,254
"Martin, Ronald",ACT,217
"Matthews, Chris",ACT,218
"McCoy, Anthony",ACT,259
"McDaniel, Tony",ACT,305
"McGill, T.Y.",ACT,299
"McNeil, Douglas",ACT,200
"Mebane, Brandon",ACT,311
"Michael, Christine",ACT,221
"Milton, Keavon",ACT,324
"Morgan, Mike",ACT,226
"Murphy, Ryan",ACT,214
"Nealy, Quayshawn",ACT,237
"Norwood, Kevin",ACT,199
"Nowak, Drew",ACT,292
"Okung, Russell",ACT,310
"Pericak, Will",ACT,300
"Pierre-Louis, Kevin",ACT,236
"Pinkins, Eric",ACT,230
"Poole, Terry",ACT,323
"Rawls, Thomas",ACT,215
"Richardson, Paul",ACT,183
"Robinson, Ryan",RES,255
"Rubin, Ahtyba",ACT,325
"Ryan, Jon",ACT,217
"Schwenke, Kona",ACT,285
"Scruggs, Greg",ACT,310
"Shead, DeShawn",ACT,220
"Sherman, Richard",ACT,195
"Simon, Tharold",ACT,202
"Singleton, Alex",ACT,233
"Smith, Tye",ACT,195
"Smith, Rod",ACT,226
"Smith, D'Anthony",ACT,300
"Smith, Kevin",ACT,218
"Sokoli, Kristjan",ACT,302
"Staten, Jimmy",ACT,311
"Sweezy, J.R.",ACT,298
"Terrell, Steven",ACT,197
"Thomas, Earl",ACT,202
"Tukuafu, Will",ACT,280
"Turbin, Robert",ACT,222
"Wade, Triston",ACT,185
"Wagner, Bobby",ACT,241
"Warmsley, Julius",ACT,276
"Williams, Jesse",ACT,325
"Williams, Cary",ACT,190
"Williams, Kasen",ACT,219
"Willson, Luke",ACT,252
"Wilson, Russell",ACT,206
"Wright, K.J.",ACT,246
