rank,country
1,United States
2,Russia
3,China
4,India
5,Canada
6,Germany
7,Australia
8,Argentina
9,France
10,Brazil
11,Japan
12,Ukraine
13,Italy
14,South Africa
15,Poland
16,Mexico
17,United Kingdom
18,Kazakhstan
19,Spain
20,Turkey
21,Sweden
22,Romania
23,Czech Republic
24,Iran
25,Cuba
26,Hungary
27,Pakistan
28,Chile
29,Austria
30,Sudan
31,Finland
32,Belarus
33,"Korea, North"
34,Egypt
35,Indonesia
36,Burma
37,Switzerland
38,Mozambique
39,Norway
40,Uzbekistan
41,Bulgaria
42,New Zealand
43,Thailand
44,"Congo, Democratic Republic of the"
45,Algeria
46,Serbia
47,Tanzania
48,Bolivia
49,Slovakia
50,Nigeria
51,Zimbabwe
52,"Korea, South"
53,Portugal
54,Ireland
55,Belgium
56,Netherlands
57,Turkmenistan
58,Zambia
59,Azerbaijan
60,Bangladesh
61,Angola
62,Croatia
63,Denmark
64,Vietnam
65,Namibia
66,Greece
67,Iraq
68,Latvia
69,Tunisia
70,Morocco
71,Kenya
72,Syria
73,Mongolia
74,Peru
75,Malaysia
76,Lithuania
77,Uruguay
78,Georgia
79,Taiwan
80,Sri Lanka
81,Saudi Arabia
82,Cameroon
83,Uganda
84,Slovenia
85,Estonia
86,Moldova
87,Guinea
88,Philippines
89,Israel
90,Ecuador
91,Ghana
92,Senegal
93,Botswana
94,"Congo, Republic of the"
95,Colombia
96,Armenia
97,Madagascar
98,Venezuela
99,Malawi
100,Mauritania
101,Macedonia
102,Cambodia
103,Ethiopia
104,Tajikistan
105,Cote d'Ivoire
106,Gabon
107,Burkina Faso
108,Bosnia and Herzegovina
109,Fiji
110,Mali
111,Togo
112,Jordan
113,Kyrgyzstan
114,Benin
115,Kosovo
116,Liberia
117,Lebanon
118,Albania
119,Guatemala
120,Eritrea
121,Swaziland
122,El Salvador
123,Costa Rica
124,Luxembourg
125,Montenegro
126,South Sudan
127,Dominican Republic
128,Djibouti
129,Panama
130,Isle of Man
131,Nepal
132,Saint Kitts and Nevis
133,Honduras
134,Paraguay
135,Christmas Island
136,Liechtenstein
