description,rank
"Darrow4 - #25 With the training behind him, Poo learns about the world and what lies ahead.",0.0
"Darrow4 - #26 With a few words and the passing of a bag, Poo takes off for parts unknown.",0.0
"Darrow4 - #27 Bursting onto the scene, Poo arrives as quickly as he left. At last, the four have assembled.",0.0
"Darrow4 - #28 Not long after Poo arrives, the first obstacle presents itself.",0.0
"Darrow4 - #29 With the help of an ancient treasure, the problem quickly resolves itself. Remember to always keep your ancient treasures handy.",0.0
