rank,age,team
1,26,China
2,25,Germany
3,26,Russia
4,21,Australia
5,21,United States
6,27,Mexico
7,23,China
8,24,Finland
9,20,United States
10,27,Great Britain
11,27,Australia
12,23,Germany
13,18,Venezuela
14,27,Italy
15,18,Russia
16,23,Cuba
17,28,Spain
18,17,Malaysia
19,22,Canada
20,23,Hungary
21,20,Japan
22,24,Greece
23,21,Brazil
24,28,Belarus
25,28,Peru
26,19,Venezuela
27,22,Romania
28,22,Ukraine
29,21,Italy
30,16,Philippines
31,18,Finland
32,25,Greece
33,29,Spain
34,19,Ukraine
35,17,Colombia
36,25,Austria
37,25,Zimbabwe
38,17,Thailand
39,18,South Korea
40,26,Mexico
41,21,Kazakhstan
42,31,France
43,24,Czech Republic
44,19,Switzerland
45,21,Cuba
46,19,North Korea
47,27,Great Britain
48,24,Hong Kong
49,23,Chinese Taipei
