rank,category,location
29.0,Adult,Moscow - Russian Federation
24.0,Adult,Moscow - Russian Federation
16.0,Adult,Moscow - Russian Federation
6.0,Adult,Moscow - Russian Federation
6.0,Adult,Moscow - Russian Federation
33.0,Adult,Copenhagen - Denmark
19.0,Adult,Moscow - Russian Federation
10.0,Adult,Moscow - Russian Federation
10.0,Adult,Moscow - Russian Federation
41.0,Adult,Vienna - Austria
72.0,Adult,Moscow - Russian Federation
72.0,Adult,Moscow - Russian Federation
22.0,Adult,Moscow - Russian Federation
9.0,Adult,Copenhagen - Denmark
12.0,Adult,St. Petersburg - Russian Federation
23.0,Adult,Moscow - Russian Federation
28.0,Adult,Assen - Netherlands
56.0,Adult,Moscow - Russian Federation
3.0,Adult,N. Novgorod - Russian Federation
17.0,Adult,N. Novgorod - Russian Federation
16.0,Adult,Moscow - Russian Federation
18.0,Adult,Moscow - Russian Federation
5.0,Adult,Moscow - Russian Federation
19.0,Adult,Russia - Russian Federation
