category,position
Youth Only,3.0
Youth Only,2.0
Youth Only,2.0
Youth Only,3.0
Youth Only,3.0
Youth Only,4.0
Youth Only,3.0
Youth Only,2.0
Youth Only,3.0
Youth Only,4.0
Youth Only,1.0
Youth Only,
Youth Only,2.0
Youth Only,4.0
Youth Only,3.0
Youth Only,3.0
Youth Only,3.0
Youth Only,4.0
Youth Only,9.0
Youth Only,
Youth Only,1.0
Youth Only,5.0
Youth Only,4.0
Youth Only,2.0
Youth Only,4.0
Youth Only,1.0
Youth Only,
Youth Only,1.0
Youth Only,2.0
Youth Only,9.0
Youth Only,21.0
Youth Only,9.0
Youth Only,
Youth Only,16.0
Youth Only,
Youth Only,14.0
Rider's total points,
