type,year,status
TV,2005,Stalled
TV,2010,Watched
TV,2010,Watched
DVD Special,2010,Watched
TV,2011,Watching
TV,2009,Want to Watch
TV,2010,Watched
TV,2011,Want to Watch
TV,2006,Watched
TV,2005,Watched
TV,2011,Watching
TV,2008,Watched
TV,2009,Watched
TV,2006,Dropped
TV,2008,Won't Watch
TV,1992,Dropped
TV,2006,Watched
TV Special,2007,Watched
TV Special,2008,Watched
TV,2010,Want to Watch
TV,1989,Watched
OVA,1992,Watched
Movie,1989,Watched
Movie,1990,Watched
Movie,1990,Watched
Movie,1991,Watched
Movie,1991,Watched
Movie,1992,Watched
Movie,1992,Watched
Movie,1993,Watched
Movie,1993,Watched
Movie,1994,Watched
Movie,1994,Watched
Movie,1995,Watched
Movie,1995,Watched
TV Special,1990,Watched
TV Special,1993,Watched
TV,2010,Stalled
TV,2009,Watched
Movie,2009,Dropped
Movie,2010,Dropped
Movie,2009,Dropped
OVA,2000,Watched
TV,2003,Watched
TV,2003,Want to Watch
TV,2008,Want to Watch
TV,2010,Want to Watch
TV,2006,Watched
TV,2007,Watched
DVD Special,2007,Watched
