rank,name
1,Gerald D. Oxford
2,Rollie Heath
3,Larry Rozeck
3,Mark Van Dyke
5,Thomas A. Berry
5,Michael T. Burgess
5,Michael Crume
5,Shawn Hudson
9,Randy Braukmann
9,Howard Bunton
9,Mark E. Carter
9,Sue Edwards
9,Tammy Gibbons
9,Mark Lee Jarvie
9,James Logue
9,Thomas West
99,Ed Bloom
99,Tom Cookman
99,Jeff Crane
99,Dennis L. Gelbmann
99,Virginia Grant
99,Paul Gregson
99,Dan Klein
99,Pat Llewellyn
99,Debra Lucas
99,Jeffery S. Moran
99,Michael D. Newkirk
99,Kathie Nordlund
99,Jack Robertson
99,William A. Schultz
99,Norman C. Thompson Sr.
99,Doug Whitlock
99,Richard E. Wilken
99,Todd D. Wolfley
