description,rank
"Darrow5 - #35 After stepping onto Pink Cloud, Ness discovers yet another melody. Also, possibly some sort of brain tumor.",0.0
"Darrow5 - #34 Though Thunder and Storm may be terrible fighters, at least their jokes are...wait, no, those are horrible, too. ....Huh.",0.0
"Darrow5 - #33 Poo, fed up with the nonsense, launches a sudden assault on Storm. And by assault, I mean ""wholly unwanted makeover"".",0.0
Darrow5 - #32 The full force of Storm's leaf has no effect on Poo's defense. Perhaps they were better off as comedians after all.,0.0
"Darrow5 - #31 As Thunder falls, Storm catches a second wind. Will he be able to blow away the definite victory our heroes have grasped?!",0.0
