name,weight
T.J. Warren,231
Grayson Allen,189
Shaqquan Aaron,174
LeRon Black,217
James Blackmon,179
Devin Booker,194
Mikal Bridges,178
Khadeen Carrington,177
Sandy Cohen,175
Bonzie Colson,213
Isaac Copeland,187
Gary Harris,205
Marshall Henderson,164
Sam Thompson,192
Isaiah Sykes,208
Winston Shepard,201
LaQuinton Ross,227
Glenn Robinson,211
Alex Poythress,231
Jabari Parker,240
Jordan McRae,175
K.J. McDaniels,198
Geron Johnson,203
Josh Cunningham,189
Daniel Hamilton,178
Adonys Henriquez,205
Devin Robinson,169
Jaesean Tate,214
Jared Terrell,219
Rashad Vaughn,203
Dion Wiley,208
Travis Bader,184
Markel Brown,184
DeAndre Daniels,190
Damyean Dotson,197
Cleanthony Early,207
Theo Pinson,182
Kelly Oubre,190
Ahmed Hill,192
Justin Jackson,189
Robert Johnson,180
Stanley Johnson,226
Terry Larrier,172
JaQuan Lyle,214
Dwayne Morgan,190
Boubacar Moungoro,188
Charles Matthews,172
Riley Norris,176
Tyler Harris,204
