rank,country
1,Macau
2,Turks and Caicos Islands
3,Turkmenistan
4,Chad
5,Monaco
6,Mongolia
7,"Congo, Democratic Republic of the"
8,Cote d'Ivoire
9,Burma
10,Mozambique
11,Ethiopia
12,Sierra Leone
13,Laos
14,China
15,"Gambia, The"
16,Cambodia
17,Tanzania
18,Sri Lanka
19,Nigeria
20,Uzbekistan
21,Mauritania
22,Burkina Faso
23,Timor-Leste
24,Panama
25,Zambia
26,Qatar
27,Bhutan
28,Niger
29,Bangladesh
30,Philippines
31,Niue
32,Gibraltar
33,"Congo, Republic of the"
34,Rwanda
35,Tajikistan
36,Uganda
37,Mali
38,Malaysia
39,Bolivia
40,Papua New Guinea
41,Malawi
42,Togo
43,India
44,Nepal
45,Benin
46,Vietnam
47,Djibouti
48,Kenya
49,Dominican Republic
50,Brunei
51,Indonesia
52,Cameroon
53,Gabon
54,Colombia
55,Sao Tome and Principe
56,Georgia
57,Burundi
58,Kazakhstan
59,Senegal
60,Azerbaijan
61,Ghana
62,Maldives
63,Botswana
64,United Arab Emirates
65,Lesotho
66,Namibia
67,Kyrgyzstan
68,Pakistan
69,Paraguay
70,Nicaragua
71,Algeria
72,Ecuador
73,Angola
74,Comoros
75,Bahrain
76,Fiji
77,Haiti
78,Seychelles
79,Saudi Arabia
80,Peru
81,Curacao
82,New Zealand
83,Costa Rica
84,Ireland
85,Sint Maarten
86,Vanuatu
87,Taiwan
88,Saint Kitts and Nevis
89,"Korea, South"
90,Montserrat
91,Morocco
92,Macedonia
93,Guatemala
94,Oman
95,Guyana
96,Suriname
97,Mauritius
98,Poland
99,Marshall Islands
100,Afghanistan
101,United Kingdom
102,Armenia
103,Zimbabwe
104,Greenland
105,Kiribati
106,Lithuania
107,Madagascar
108,Hong Kong
109,Sudan
110,Turkey
111,American Samoa
112,Jordan
113,Honduras
114,Singapore
115,Iceland
116,Faroe Islands
117,Tunisia
118,Australia
119,Hungary
120,New Caledonia
121,Uruguay
122,Kosovo
123,Luxembourg
124,Latvia
125,Guinea-Bissau
126,Somalia
127,Liberia
128,Guinea
129,Czech Republic
130,Israel
131,United States
132,Tonga
133,Romania
134,Mexico
135,Slovakia
136,Aruba
137,Canada
138,Lebanon
139,Montenegro
140,Trinidad and Tobago
141,Egypt
142,Isle of Man
143,Malta
144,Tuvalu
145,Swaziland
146,Albania
147,Sweden
148,Virgin Islands
149,Belize
150,Samoa
151,Chile
152,Eritrea
153,Yemen
154,Antigua and Barbuda
155,Liechtenstein
156,Norway
157,Palau
158,Guernsey
159,Moldova
160,Saint Vincent and the Grenadines
161,El Salvador
162,Cayman Islands
163,Denmark
164,Iran
165,Germany
166,Kuwait
167,South Africa
168,Slovenia
169,Bulgaria
170,Dominica
171,European Union
172,Guam
173,Japan
174,Spain
175,British Virgin Islands
176,Switzerland
177,Cuba
178,"Bahamas, The"
179,Estonia
180,Jamaica
181,Grenada
182,Bosnia and Herzegovina
183,Thailand
184,Portugal
185,Cocos (Keeling) Islands
186,Central African Republic
187,Cabo Verde
188,"Korea, North"
189,Austria
190,Belgium
191,Belarus
192,Netherlands
193,Greece
194,"Micronesia, Federated States of"
195,West Bank
196,Russia
197,France
198,Brazil
199,Solomon Islands
200,Cook Islands
201,San Marino
202,Italy
203,Finland
204,Jersey
205,Iraq
206,Serbia
207,Barbados
208,Croatia
209,Saint Lucia
210,Andorra
211,Argentina
212,Equatorial Guinea
213,Venezuela
214,Cyprus
215,Bermuda
216,French Polynesia
217,Puerto Rico
218,Ukraine
219,Anguilla
220,South Sudan
221,Gaza Strip
222,Libya
