name,age
Dane Anthony,25
Omar Bencomo,21
Geronimo Berroa,20
Pat Borders,22
Enrique Burgos,19
Tony Castillo,22
Eddy Castro,22
Mark Clemons,25
Mark Cooper,23
Mike Cullen,25
Eddie Dennis,25
Jeff DeWillis,20
Mark Dickman,24
Webster Garrison,19
Glenallen Hill,20
Bubba Holland,26
Jim Howard,23
Steven Johnson,24
Nelson Liriano,21
Perry Lychak,26
Omar Malave,22
Alan McKay,22
Jose Mesa,19
Greg Moore,25
Joe Nowakowski,21
David Palo,22
Oswaldo Peraza,22
Jose Reyes,18
Pablo Reyes,20
Drex Roberts,23
Randy Romagna,22
Tim Rypien,20
Jose Segura,22
Willie Shanks,24
Joe Stephenson,24
Kenneth Whitfield,20
Eric Yelding,20
