year,result
1981,DCA Outperforms
1982,DCA Outperforms
1983,Lump - Sum Outperforms
1984,DCA Outperforms
1985,Lump - Sum Outperforms
1986,Lump - Sum Outperforms
1987,Lump - Sum Outperforms
1988,Lump - Sum Outperforms
1989,Lump - Sum Outperforms
1990,DCA Outperforms
1991,Lump - Sum Outperforms
1992,Lump - Sum Outperforms
1993,Lump - Sum Outperforms
1994,Lump - Sum Outperforms
1995,Lump - Sum Outperforms
1996,Lump - Sum Outperforms
1997,Lump - Sum Outperforms
1998,Lump - Sum Outperforms
1999,Lump - Sum Outperforms
2000,DCA Outperforms
2001,DCA Outperforms
2002,DCA Outperforms
2003,Lump - Sum Outperforms
2004,Lump - Sum Outperforms
2005,Lump - Sum Outperforms
2006,Lump - Sum Outperforms
2007,Lump - Sum Outperforms
2008,DCA Outperforms
2009,Lump - Sum Outperforms
2010,Lump - Sum Outperforms
2011,Lump - Sum Outperforms
2012,Lump - Sum Outperforms
2013,Lump - Sum Outperforms
