name,city,year
"""Alexander Architectural Archive, UT""",,1958.0
Palo Duro Canyon,,1934.0
"""Old Main, Texas State University""",,1903.0
Wesley Brethren Chruch,,1866.0
For Leaton,,1848.0
Cathedral Santuario de Guadalupe,,1896.0
"""Wharton, County Courthouse""",,
San Augustin Plaza,Laredo,
Kenedy Ranch Museum,Sarita,
UT Center for American History,Winedale,
Pearl Stable,San Antonio,
Old Red Courthouse/Museum,Dallas,
Texas Historical Commission Library/Old Gethsemane Church,Austin,
Merrick Building,El Paso,
Red River County Courthouse,Clarkesville,
"""Main Building, St. Edward's University""",Austin,
Chamizal National Memorial,El Paso,
Presidio County Courthouse,Marfa,
St. Paul's Lutheran Church,Serbin,
Small Town Texas Synagogues,,
Hood County Courthouse Historic District,Grandbury,
Prairie View A&M University School of Architecture and Art,Prairie View,
XIT Ranch Museum,Dalhart,1960.0
Kreische Brewery/Monument Hill,La Grange,
Magoffin Home State Historic Site,El Paso,
Fort McKavett State Historic Site,Menard,
Congress Avenue Historic District,Austin,
Historic Homes,Gonzales,
Lebh Shomea,Sarita,
Tremont House,Galveston,
Whitehead Memorial Museum,Del Rio,
Nave Museum,Victoria,1932.0
Precinct No. 2 Courthouse,Fayetteville,
Oscar Ruffini,San Angelo,
City/ Jewish Cemeteries,Brownsville,
Architectural Photography,General,
Historic District,Rio Grande City,
Horse Trough Fountain,Fort Worth,
Downtown Paris,Paris,
Stillman House Museum,Brownsville,
Tyrrell Historical Library,Beaumont,
Hotel Galvez,Galveston,1911.0
Grimes County Courthouse,Anderson,
Greenway Parks,Dallas,1920.0
The Centennial House,Corpus Christi,
Steamboat House,Huntsville,
Monte Vista National Historic District,San Antonio,
LaBorde House,Rio Grande City,
American WInd Power Center,Lubbock,
Corner Stores (Tiendas),Brownsville,
Southwest School of Art & Craft,San Antonio,
Washington-on-the-Brazos Historic Site,,
Texas in the Movies,Lockhart,
J.P. Schneider Store,Austin,
Elizabeth Ney Museum,San Antonio,
Shelby County Courthouse,Center,
Castroville Downtown,Castroville,
HABS Laser Documentation,Statewide,
El Paso Union Depot,El Paso,1905.0
Esperson Buildings,Houston,1939.0
El Barrio Azteca,Laredo,
Bridge Technology,Statewide,
Laurel Park Neighborhood,Harlingen,1950.0
Texas Instruments Semiconductor Building,Dallas,1958.0
Woman's Museum,Dallas,1910.0
Fort Brown/University of Texas Brownsville,Brownsville,
Lavaca County Courthouse,Halletsville,
Fort Concho,San Angelo,
The Alamo,San Antonio,
Ezekiel Cullen House,San Augustine,
Downtown Revitalization,Post,1907.0
Garten Verein,Galveston,
De Leon Plaza,Victoria,
Rothko Chapel,Houston,1970.0
King Ranch,Kingsville,1904.0
Enron Field,Houston,1911.0
Polish Catholic Churches,Panna Maria/Cestohowa,
Fort Sam Houston,San Antonio,
Indian Lodge,Fort Davis,1930.0
Val Verde Winery,Del Rio,
Fulton Mansion,Fulton,
Jasper County Courthouse,Jasper,
Roma Historic District,Roma,
Socorro Mission,El Paso,
Jefferson,Jefferson,
Ellis County Courthouse,Waxahachie,
Waco Suspension Bridge,Waco,
State Capitol Expansion and Restoration,Austin,
Fort Davis,Fort Davis,
Nuestra Senora del Refugio,San Ygnacio,
