type,year,status
TV,2006,Want to Watch
TV,2009,Want to Watch
Movie,2007,Watched
TV,2012,Want to Watch
TV,2012,Want to Watch
TV,2007,Watched
Movie,2009,Watched
TV Special,2007,Watched
TV,2006,Want to Watch
Movie,2000,Watched
TV,2005,Watched
DVD Special,2005,Watched
TV,2006,Watched
DVD Special,2007,Watched
TV,2003,Want to Watch
TV,2004,Want to Watch
TV,2002,Want to Watch
TV,2009,Want to Watch
Movie,1988,Watched
TV,2008,Want to Watch
TV,2005,Watched
TV,2006,Watched
DVD Special,2006,Watched
DVD Special,2005,Watched
TV,2010,Want to Watch
TV,2008,Want to Watch
OVA,1999,Watched
OVA,2006,Stalled
TV,2010,Watched
DVD Special,2010,Want to Watch
DVD Special,2010,Watched
TV,2001,Watched
TV,1999,Want to Watch
TV,2011,Want to Watch
TV,2012,Want to Watch
TV,2012,Want to Watch
TV,2008,Watched
Movie,2004,Watched
TV,2002,Watched
TV,2010,Want to Watch
TV,1999,Want to Watch
TV,2004,Want to Watch
TV,2000,Watched
DVD Special,2002,Watched
TV,2005,Want to Watch
TV,2006,Want to Watch
TV,2010,Want to Watch
TV,2009,Want to Watch
TV,2009,Want to Watch
TV,2009,Want to Watch
