name,weight,age,birthPlace
Pierre-Edouard Bellemare,198,30,"Le Blanc-Mesnil, FRA"
Tim Brent,188,31,"Cambridge, CAN"
Nick Cousins,169,22,"Belleville, ON, CAN"
Sean Couturier,197,22,"Phoenix, AZ, USA"
Sam Gagner,202,25,"London, ON, CAN"
"Claude Giroux ""C""",172,27,"Hearst, ON, CAN"
Vincent Lecavalier,215,35,"Ile Bizard, QC, CAN"
Colin McDonald,219,30,"Wethersfield, CT, USA"
Michael Raffl,195,26,"Villach, AUT"
Matt Read,185,29,"Ilderton, ON, CAN"
Brayden Schenn,190,23,"Saskatoon, SK, CAN"
"Wayne Simmonds ""A""",183,26,"Scarborough, ON, CAN"
R.J. Umberger,214,33,"Pittsburgh, PA, USA"
Chris VandeVelde,190,28,"Moorhead, MN, USA"
Jakub Voracek,214,25,"Kladno, CZE"
Ryan White,201,27,"Brandon, MB, CAN"
