rank,country
1,Russia
2,Qatar
3,Norway
4,European Union
5,Canada
6,Netherlands
7,Algeria
8,Turkmenistan
9,Bolivia
10,United States
11,Indonesia
12,Australia
13,Malaysia
14,Nigeria
15,Germany
16,Trinidad and Tobago
17,Kazakhstan
18,Oman
19,Uzbekistan
20,United Kingdom
21,Iran
22,Brunei
23,Peru
24,Burma
25,United Arab Emirates
26,Azerbaijan
27,Yemen
28,Libya
29,Belgium
30,Spain
31,France
32,Equatorial Guinea
33,Austria
34,Egypt
35,Mozambique
36,China
37,Colombia
38,Denmark
39,Hungary
40,Turkey
41,Brazil
42,Croatia
43,Italy
44,Argentina
45,Poland
46,"Congo, Republic of the"
47,Mexico
48,Slovakia
49,Czech Republic
50,Aruba
51,Antigua and Barbuda
52,Afghanistan
53,Albania
54,Armenia
55,Angola
56,American Samoa
57,Bahrain
58,Barbados
59,Botswana
60,Bermuda
61,"Bahamas, The"
62,Bangladesh
63,Belize
64,Bosnia and Herzegovina
65,Benin
66,Belarus
67,Solomon Islands
68,Bhutan
69,Bulgaria
70,Burundi
71,Cambodia
72,Curacao
73,Chad
74,Sri Lanka
75,"Congo, Democratic Republic of the"
76,Chile
77,Cayman Islands
78,Cameroon
79,Comoros
80,Costa Rica
81,Central African Republic
82,Cuba
83,Cabo Verde
84,Cook Islands
85,Cyprus
86,Djibouti
87,Dominica
88,Dominican Republic
89,Ecuador
90,Ireland
91,Estonia
92,Eritrea
93,El Salvador
94,Ethiopia
95,Finland
96,Fiji
97,Falkland Islands (Islas Malvinas)
98,Faroe Islands
99,French Polynesia
100,"Gambia, The"
101,Gabon
102,Georgia
103,Ghana
104,Gibraltar
105,Grenada
106,Greenland
107,Guam
108,Greece
109,Guatemala
110,Guinea
111,Guyana
112,Haiti
113,Hong Kong
114,Honduras
115,Iceland
116,India
117,Israel
118,Cote d'Ivoire
119,Iraq
120,Japan
121,Jamaica
122,Jordan
123,Kenya
124,Kyrgyzstan
125,"Korea, North"
126,Kiribati
127,"Korea, South"
128,Kuwait
129,Laos
130,Lebanon
131,Latvia
132,Lithuania
133,Liberia
134,Lesotho
135,Luxembourg
136,Madagascar
137,Macau
138,Moldova
139,Mongolia
140,Montserrat
141,Malawi
142,Montenegro
143,Macedonia
144,Mali
145,Morocco
146,Mauritius
147,Mauritania
148,Malta
149,Maldives
150,New Caledonia
151,Niue
152,Niger
153,Vanuatu
154,Nepal
155,Nauru
156,Suriname
157,Nicaragua
158,New Zealand
159,South Sudan
160,Paraguay
161,Pakistan
162,Panama
163,Portugal
164,Papua New Guinea
165,Guinea-Bissau
166,Serbia
167,Romania
168,Philippines
169,Puerto Rico
170,Rwanda
171,Saudi Arabia
172,Saint Pierre and Miquelon
173,Saint Kitts and Nevis
174,Seychelles
175,South Africa
176,Senegal
177,"Saint Helena, Ascension, and Tristan da Cunha"
178,Slovenia
179,Sierra Leone
180,Singapore
181,Somalia
182,Saint Lucia
183,Sudan
184,Sweden
185,Syria
186,Switzerland
187,Thailand
188,Tajikistan
189,Turks and Caicos Islands
190,Tonga
191,Togo
192,Sao Tome and Principe
193,Tunisia
194,Timor-Leste
195,Taiwan
196,Tanzania
197,Uganda
198,Ukraine
199,Burkina Faso
200,Uruguay
201,Saint Vincent and the Grenadines
202,Venezuela
203,British Virgin Islands
204,Vietnam
205,Virgin Islands
206,Namibia
207,West Bank
208,Western Sahara
209,Samoa
210,Swaziland
211,Zambia
212,Zimbabwe
