artist,album,duration
Patti Smith Group,Horses,354
Patti Smith Group,Outside Society,258
The Stooges,Fun House,257
Misfits,We Will Fall,176
Generations X,Generation X,168
Circle Jerks,Wild in the Streets,155
Dead Kennedys,Give Me Convenience or Give Me Death,223
Suicidal Tendencies,Suicidal Tendencies,229
Agent Orange,Living in Darkness,113
Richard Hell & the Voidoids,Blank Generation,137
Sex Pistols,Never Mind the Bullocks,221
Radio Birdman,Essential Radio Birdman,216
The Adverts,Crossing the Red Sea,137
Captain Sensible,Sensible Life: The Best of...,348
The Ramones,"All the Stuff and More, Vol. 2",169
Elvis Costello & the Attractions,This Year's Model,124
Elvis Costello & the Attractions,I Stand Accused,501
Elvis Costello & the Attractions,Radioactive,216
Joan Jett & the Blackhearts,Fit to Be Tied,173
Eddie & the Hotrods,Teenage Depression,166
The Jam,Snap,152
The Tubes,T.R.A.S.H.,268
Iggy Pop,The Idiot,174
The Clash,Crucial Music,130
Tom Robinson Band,Power in the Darkness,284
Joe Jackson,Look Sharp,268
The Dickies,Dawn of the Dickies,220
Talking Heads,Sand in the Vaseline,259
The Undertones,The Undertones,145
