rank,age,team
1,26,China
2,26,Russia
3,21,Australia
4,27,Mexico
5,25,Germany
6,21,United States
7,23,China
8,27,Australia
9,27,Great Britain
10,20,United States
11,18,Russia
12T,23,Germany
12T,18,Venezuela
14,23,Cuba
15,20,Japan
16,21,Brazil
17,28,Spain
18,24,Finland
19,27,Italy
20,22,Canada
21,23,Hungary
22,17,Malaysia
23,24,Greece
24,19,Venezuela
25,22,Romania
26,22,Ukraine
27,28,Peru
28T,21,Italy
28T,19,Ukraine
30,28,Belarus
31,18,Finland
32,26,Mexico
33,16,Philippines
34,17,Colombia
35,18,South Korea
36,25,Greece
37,17,Thailand
38,25,Austria
39,29,Spain
40,24,Czech Republic
41,25,Zimbabwe
42,31,France
43,21,Kazakhstan
44,19,Switzerland
45,21,Cuba
46,27,Great Britain
47,19,North Korea
48,24,Hong Kong
49,23,Chinese Taipei
