type,year,status
TV,2009,Watched
DVD Special,2010,Watched
OVA,1990,Watched
TV,2011,Watched
OVA,1991,Watched
OVA,1995,Watched
Movie,2007,Watched
TV,1987,Watched
TV,2012,Watched
OVA,2012,Watched
DVD Special,2012,Watched
TV,2012,Watched
DVD Special,2012,Watched
Other,2012,Watched
DVD Special,2011,Watched
TV,2011,Watched
OVA,2012,Watched
TV,2007,Watched
Movie,2009,Watched
TV,2005,Watched
Movie,2005,Watched
TV Special,2005,Watched
TV,2005,Want to Watch
Movie,1988,Watched
OVA,2001,Watched
OVA,1999,Watched
OVA,2006,Want to Watch
TV,2010,Watched
DVD Special,2010,Watched
DVD Special,2010,Watched
OVA,1996,Watched
TV,2001,Watched
OVA,2002,Watched
Other,2010,Watched
TV,2011,Watched
TV,2012,Watched
OVA,2012,Watched
OVA,1988,Watched
Movie,2007,Watched
Movie,2004,Watched
TV,2012,Watched
Movie,2007,Watched
TV,2010,Watched
OVA,2006,Watched
Music Video,2008,Watched
TV,2010,Watched
OVA,2011,Watched
TV,2013,Want to Watch
TV,2002,Watched
Movie,2001,Watched
