rank,company,location
1,Thanksgiving Point,"3300 Clubhouse Drive Lehi, UT 84043"
2,Glenwild Club & Spa,"7600 Glenwild Drive Park City, UT 84098"
3,Park Meadows Country Club www.parkmeadowscc.com,"2000 Meadows Drive Park City, UT 84060"
4,Victory Ranch Club,"7685 N. Victory Ranch Drive Kamas, UT 84036"
5,Jeremy Golf & Country Club,"8770 N. Jeremy Road Park City, UT 84098"
6,Green Spring,"588 N. Greenspring Drive Washington, UT 84780"
7,Roosevelt GC,"1155 Clubhouse Drive Roosevelt, UT 84066"
8,Moab Golf Course,"2705 S. East Bench Road Moab, UT 84532"
9,Oakridge Country Club,"1492 W. Shepard Lane Farmington, UT 84025"
10,Red Ledges Golf Course,"205 N. Red Ledges Blvd. Heber City, UT 84032"
11,The Ledges Golf Course,"1585 W. Legdes Parkway St. George, UT 84770"
12,Tuhaye Golf Club,"9875 N. Tuhaye Park Drive Tuhaye, UT 84036"
13,The Country Club,"2400 Country Club Drive Salt Lake City, UT 84109"
14,Wasatch Mountain State Park Golf Course,"975 W. Golf Course Drive Midway, UT 84049"
15,Canyon Hills Park Golf Course,"East Canyon Road Nephi, UT 84648"
16,Sand Hollow Golf Course,"5625 W. 3600 South Hurricane, UT 84737"
17,Crater Springs Golf Club - The Homestead Resort,"700 N. Homestead Drive Midway, UT 84049"
18,Valley View,"2501 E. Gentile Layton, UT 84040"
19,St. George Golf Club,"2190 S. 1400 East St. George, UT 84790"
20,Promontory Club (Dye Course),"8526 N. Ranch Club Trail Park City, UT 84098"
21,Round Valley Golf Course,"1875 E. Round Valley Road Morgan, UT 84050"
22,Wingpointe,"3602 W. 100 North Salt Lake City, UT 84112"
23,Entrada Country Club,"2537 W. Entrada Trail St. George, UT 84770"
24,Birch Creek,"550 E. 100 North Smithfield, UT 84335"
25,Hidden Valley Country Club,"11820 S. Highland Drive Sandy, UT 84092"
26,Wolf Creek Golf Resort,"3900 N. Wolf Creek Drive Eden, UT 84310"
27,Stonebridge Golf Club,"4415 W. Links Drive West Valley City, UT 84120"
28,Soldier Hollow,"1370 W. Soldier Hollow Lane Midway, UT 84049"
29,Stansbury Park,"No.1 Country Club Drive Stansbury Park, UT 84074"
30,Murray Parkway,"6345 S. Murray Parkway Ave. Murray, UT 84123"
31,Willow Creek County Club,"8505 Willow Creek Dr Sandy, UT 84092"
32,Ogden Golf & CountryClub,"4197 Washington Blvd Ogden, UT 84403"
33,Mountain Dell,"8984 E. 1350 South Salt Lake City, UT 84109"
34,The Ranches Golf Club,"4128 E. Clubhouse Lane Eagle Mountain, UT 84005"
35,Sky Mountain Golf Course,"1030 N. 2600 West Hurricane, UT 84737"
36,Bountiful Ridge,"2430 South Bountiful Blvd Bountiful, UT 84010"
37,Fox Hollow,"1400 N. 200 East American Fork, UT 84003"
38,Glen Eagle Golf Course,"3176 W. 1700 South Syracuse, UT 84075"
39,Alpine Country Club,"4994 W. Country Club Drive Highland, UT 84033"
40,Rose Park,"1386 N. Redwood Road Salt Lake City, UT 84116"
41,South Mountain,"1247 E. Mike Weir Drive Draper, UT 84020"
42,River Bend GC,"12765 South 1040 West Riverton, UT 84065"
43,Riverside Country Club,"2701 N. University Avenue Provo, UT 84604"
44,Park City Golf Club,"P.O. Box 2067/Lower Park Avenue Park City, UT 84060"
45,The Hideout Golf Club,"17 West 600 South Montecllo, UT 84535"
46,Bonneville Golf Course,"954 Connor Street Salt Lake City, UT 84108"
47,Mount Ogden Golf Course,"1787 Constitution Way Ogden, UT 84403"
48,Cedar Hills Golf Course,"10640 N. Clubhouse Drive Cedar Hills, UT 8062"
49,Glenmoor,"9800 S. 4800 West South Jordan, UT 84095"
50,Southgate,"1975 S.Tonaquint Drive St. George, UT 84770"
51,Eaglewood,"1110 E. Eaglewood Drive North Salt Lake, UT 84054"
52,Glendale,"1680 W. 2100 South Salt Lake City, UT 84119"
53,East Bay GC,"1860 S. East Bay Blvd. Provo, UT 84606"
54,Eagle Mountain,"960 E. 700 South Brigham City, UT 84302"
55,Bloomington Country Club,"3174 S. Bloomington Drive East St. George, UT 84790"
56,Hobble Creek,"Hobble Creek Canyon Rd Springville, UT 84663"
57,River Oaks Golf Course,"9300 S. Riverside Drive Sandy, UT 84070"
58,Sunbrook Golf Club,"2366 Sunbrook Drive St. George, UT 84770"
