row_id,name,description,image,url,photos,page_url,geo.latitude,geo.longitude,aggregaterating.ratingvalue,aggregaterating.interactioncount,aggregaterating.ratingcount,aggregaterating.commentcount,containedinplace.name,containedinplace.url
0,Озеро Апшинець,Озеро є одним з найбільш високогірних озер в Україні. Серед мандрівників існує ще одна назва — «Трояска»…,http://karpaty.life/ozero-apshynets/ozero-apshynets-15.jpg,http://karpaty.life/uk/waterfalls-and-lakes/masyv-svydovets/ozero-apshynets.html,,https://karpaty.life/uk/waterfalls-and-lakes/masyv-svydovets/ozero-apshynets.html,48.28072030,24.15684170,4.8,UserLikes:396,17,,Масив Свидовець,http://karpaty.life/uk/waterfalls-and-lakes/masyv-svydovets/
1,Озеро Журавлине,,,http://karpaty.life/uk/photogallery/mertve-ozero-zuravlyne/,"{'name': 'Фотоальбом Озеро Журавлине | Фотографій: 13', 'url': 'http://karpaty.life/uk/photogallery/mertve-ozero-zuravlyne/'}",https://karpaty.life/uk/photogallery/mertve-ozero-zuravlyne/,49.03538900,23.57185670,,,,,,http://karpaty.life/uk/waterfalls-and-lakes/skolivski-beskydy/
2,Озеро Несамовите,Озеро Несамовите приваблює туристів своєю таємничістю та знаходиться на висоті 1750 метрів на схилі гори Туркул…,http://karpaty.life/ozero-nesamovyte/ozero-nesamovyte-3.jpg,http://karpaty.life/uk/waterfalls-and-lakes/masyv-chornohora/ozero-nesamovyte.html,,https://karpaty.life/uk/waterfalls-and-lakes/masyv-chornohora/ozero-nesamovyte.html,48.12250030,24.53919720,4.6,UserLikes:762,17,1,Масив Чорногора,http://karpaty.life/uk/waterfalls-and-lakes/masyv-chornohora/
3,Озеро Журавлиное,"Это по-настоящему дикая местность. Здесь еще можно встретить редкую по нынешним временам растительность: осоку болотную, клюкву болотную...",,/ru/waterfalls-and-lakes/skolivski-beskydy/mertve-ozero-zuravlyne.html,{'url': '/ru/photogallery/mertve-ozero-zuravlyne/'},https://karpaty.life/ru/waterfalls-and-lakes/,,,,,,,,
4,Озеро Апшинец,Озеро является одним из самых высокогорных озер в Украине. Среди путешественников существует еще одно название - «Трояска»...,,/ru/waterfalls-and-lakes/masyv-svydovets/ozero-apshynets.html,{'url': '/ru/photogallery/ozero-apshynets/'},https://karpaty.life/ru/waterfalls-and-lakes/,,,,,,,,
5,Озеро Марічейка: небесне око Карпат,"Гуцули кажуть, що якщо побачити озеро на світанку, то пізнаєш радість. Озеро виникає перед туристами зненацька…",http://karpaty.life/ozero-maricheyka/ozero-maricheyka-5.jpg,http://karpaty.life/uk/waterfalls-and-lakes/masyv-chornohora/ozero-maricheyka.html,,https://karpaty.life/uk/waterfalls-and-lakes/masyv-chornohora/ozero-maricheyka.html,48.03471050,24.65850280,4.0,UserLikes:627,15,,Масив Чорногора,http://karpaty.life/uk/waterfalls-and-lakes/masyv-chornohora/
6,Казкове озеро Журавлине (Мертве озеро),"Це по-справжньому дика місцина. Тут ще можна зустріти рідкісну на наш час рослинність: осоку багнову, журавлину болотну…",http://karpaty.life/mertve-ozero-zuravlyne/mertve-ozero-zuravlyne-7.jpg,http://karpaty.life/uk/waterfalls-and-lakes/skolivski-beskydy/mertve-ozero-zuravlyne.html,,https://karpaty.life/uk/waterfalls-and-lakes/skolivski-beskydy/mertve-ozero-zuravlyne.html,49.03538900,23.57185670,4.7,UserLikes:441,5,,Сколівські Бескиди,http://karpaty.life/uk/waterfalls-and-lakes/skolivski-beskydy/
7,Озеро Апшинець,,,http://karpaty.life/uk/photogallery/ozero-apshynets/,"{'name': 'Фотоальбом Озеро Апшинець | Фотографій: 16', 'url': 'http://karpaty.life/uk/photogallery/ozero-apshynets/'}",https://karpaty.life/uk/photogallery/ozero-apshynets/,48.28072030,24.15684170,,,,,,http://karpaty.life/uk/waterfalls-and-lakes/masyv-svydovets/
8,Озеро Синевир,,,http://karpaty.life/uk/photogallery/ozero-sinevir/,"{'name': 'Фотоальбом Озеро Синевир | Фотографій: 18', 'url': 'http://karpaty.life/uk/photogallery/ozero-sinevir/'}",https://karpaty.life/uk/photogallery/ozero-sinevir/,48.61700000,23.68400000,,,,,,http://karpaty.life/uk/waterfalls-and-lakes/masyv-gorgany/
9,Озеро Синевир — легендарне та найбільше українське гірське озеро,Озеро Синевир — легендарне та найбільше українське гірське озеро. Синевир — культове місце серед шукачів пригод…,http://karpaty.life/ozero-sinevir/ozero-sinevir-2.jpg,http://karpaty.life/uk/waterfalls-and-lakes/masyv-gorgany/ozero-sinevir.html,,https://karpaty.life/uk/waterfalls-and-lakes/masyv-gorgany/ozero-sinevir.html,48.61700000,23.68400000,4.2,UserLikes:808,7,1,Масив Горгани,http://karpaty.life/uk/waterfalls-and-lakes/masyv-gorgany/
10,Озеро Несамовите,,,http://karpaty.life/uk/photogallery/ozero-nesamovyte/,"{'name': 'Фотоальбом Озеро Несамовите | Фотографій: 12', 'url': 'http://karpaty.life/uk/photogallery/ozero-nesamovyte/'}",https://karpaty.life/uk/photogallery/ozero-nesamovyte/,48.12250030,24.53919720,,,,,,http://karpaty.life/uk/waterfalls-and-lakes/masyv-chornohora/
11,Озеро Бребенескул,,,http://karpaty.life/uk/photogallery/ozero-brebeneskul/,"{'name': 'Фотоальбом Озеро Бребенескул | Фотографій: 10', 'url': 'http://karpaty.life/uk/photogallery/ozero-brebeneskul/'}",https://karpaty.life/uk/photogallery/ozero-brebeneskul/,48.10219410,24.56147650,,,,,,http://karpaty.life/uk/waterfalls-and-lakes/masyv-chornohora/
12,Таємниця українських Карпат — озеро Ворожеська,Це одне з наймиловидніших і найдревніших місць в українських горах — високогірне озеро льодовикового походження Ворожеська…,http://karpaty.life/ozero-vorozheska/ozero-vorozheska-10.jpg,http://karpaty.life/uk/waterfalls-and-lakes/masyv-svydovets/ozero-vorozheska.html,,https://karpaty.life/uk/waterfalls-and-lakes/masyv-svydovets/ozero-vorozheska.html,48.27610150,24.19272940,4.3,UserLikes:414,22,,Масив Свидовець,http://karpaty.life/uk/waterfalls-and-lakes/masyv-svydovets/
13,Озеро Марічейка,,,http://karpaty.life/uk/photogallery/ozero-maricheyka/ozero-maricheyka-11/,"{'url': 'http://karpaty.life/uk/photogallery/ozero-maricheyka/ozero-maricheyka-11/', 'name': 'Фотоальбом Озеро Марічейка | Фотографій: 11'}",https://karpaty.life/uk/photogallery/ozero-maricheyka/ozero-maricheyka-11/,48.03471050,24.65850280,,,,,,http://karpaty.life/uk/waterfalls-and-lakes/masyv-chornohora/
14,Озеро Івор (Драгобратське),,,http://karpaty.life/uk/photogallery/ozero-ivor/,"{'name': 'Фотоальбом Озеро Івор (Драгобратське) | Фотографій: 12', 'url': 'http://karpaty.life/uk/photogallery/ozero-ivor/'}",https://karpaty.life/uk/photogallery/ozero-ivor/,48.22858940,24.23485280,,,,,,http://karpaty.life/uk/waterfalls-and-lakes/masyv-svydovets/
15,"Озеро Івор (Драгобратське): гірська краса, оповита легендами","Озеро Івор (Драгобратське) є дуже гарним, чистим, затишним і маловідомим озерцем, захованим поміж Свидовецьким хребтом…",http://karpaty.life/ozero-ivor/ozero-ivor-5.jpg,http://karpaty.life/uk/waterfalls-and-lakes/masyv-svydovets/ozero-ivor.html,,https://karpaty.life/uk/waterfalls-and-lakes/masyv-svydovets/ozero-ivor.html,48.22858940,24.23485280,4.8,UserLikes:468,17,,Масив Свидовець,http://karpaty.life/uk/waterfalls-and-lakes/masyv-svydovets/
16,Озеро Журавлине,"Це по-справжньому дика місцина. Тут ще можна зустріти рідкісну на наш час рослинність: осоку багнову, журавлину болотну…",,/uk/waterfalls-and-lakes/skolivski-beskydy/mertve-ozero-zuravlyne.html,{'url': '/uk/photogallery/mertve-ozero-zuravlyne/'},https://karpaty.life/uk/waterfalls-and-lakes/,,,,,,,,
17,Озеро Апшинець,Озеро є одним з найбільш високогірних озер в Україні. Серед мандрівників існує ще одна назва – «Трояска»…,,/uk/waterfalls-and-lakes/masyv-svydovets/ozero-apshynets.html,{'url': '/uk/photogallery/ozero-apshynets/'},https://karpaty.life/uk/waterfalls-and-lakes/,,,,,,,,
18,Озеро Апшинец,,,http://karpaty.life/ru/photogallery/ozero-apshynets/,"{'url': 'http://karpaty.life/ru/photogallery/ozero-apshynets/', 'name': 'Фотоальбом Озеро Апшинец | Фотографий: 16'}",https://karpaty.life/ru/photogallery/ozero-apshynets/,48.28072030,24.15684170,,,,,,http://karpaty.life/ru/waterfalls-and-lakes/masyv-svydovets/
19,Озеро Синевир — легендарное и самое большое украинское горное озеро,Озеро Синевир — легендарное и самое большое горное озеро в Украине. Синевир — культовое место среди искателей приключений...,http://karpaty.life/ozero-sinevir/ozero-sinevir-2.jpg,http://karpaty.life/ru/waterfalls-and-lakes/masyv-gorgany/ozero-sinevir.html,,https://karpaty.life/ru/waterfalls-and-lakes/masyv-gorgany/ozero-sinevir.html,48.61700000,23.68400000,4.2,UserLikes:808,7,1,Массив Горганы,http://karpaty.life/ru/waterfalls-and-lakes/masyv-gorgany/
20,Озеро Ворожеська,,,http://karpaty.life/uk/photogallery/ozero-vorozheska/,"{'name': 'Фотоальбом Озеро Ворожеська | Фотографій: 13', 'url': 'http://karpaty.life/uk/photogallery/ozero-vorozheska/'}",https://karpaty.life/uk/photogallery/ozero-vorozheska/,48.27610150,24.19272940,,,,,,http://karpaty.life/uk/waterfalls-and-lakes/masyv-svydovets/
21,Озеро Бребенескул — «Синє око Карпат»,"Бребенескул — найбільш високогірне озеро України, льодовикового походження. Вода в цьому озері надзвичайно прозора та чиста…",http://karpaty.life/ozero-brebeneskul/ozero-brebeneskul-4.jpg,http://karpaty.life/uk/waterfalls-and-lakes/masyv-chornohora/ozero-brebeneskul.html,,https://karpaty.life/uk/waterfalls-and-lakes/masyv-chornohora/ozero-brebeneskul.html,48.10219410,24.56147650,4.7,UserLikes:586,13,2,Масив Чорногора,http://karpaty.life/uk/waterfalls-and-lakes/masyv-chornohora/
