row_id,name,description,disambiguatingdescription,identifier,page_url,address.postalcode,address.addresslocality,geo.latitude,geo.longitude,amenityfeature.value
0,Berglsteiner See,"Med en maksimal dybde på 2 meter kan særligt svømmere nyde de behagelige vandtemperaturer.Berglstein søen ligger i rolige omgivelser, i Voldöppbergs skov, og kan kun nås til fods eller på cykel. Når sulten melder sig, kan vi anbefale et besøg hos Restaurant Café Berglsteiner See.HøjdepunkterBerglsteiner See har en fremragende vandkvalitet.Besøgende værdsætter især den smukke beliggenhed.","Den 2,36 hektar store sø Berglsteiner mellem Kramsach og Breitenbach har en særlig idyllisk beliggenhed og en god restaurant lige ved bredden af søen.",44108,https://www.visittirol.dk/fritidsaktiviteter/natur-sundhed/badeser/oversigt-over-bademuligheder/a-berglsteiner-see,XXX,,4.74727E1,1.19127E1,http://schema.org/True
1,Plansee,"Plansee er forbundet til Heiterwanger søen gennem en 300 meter lang kanal. Den har imponerende sigtbarhed i dybet og en fremragende vandkvalitet.Plansee er et vidunderligt udflugtsmål for svømmere, roere, surfere, sejlere, snorklere og dykkere. Og alt dette med den smukke panoramaudsigt over Ammergau Alperne som baggrund.HøjdepunkterRobåde og vandcykler kan lejes.Plansee er handicapvenlig og hunde er tilladt.Der er en café med snacks og kaffe.Nyd dit ophold på campingpladsen direkte ved Plansee.","Med en længde på 6 km og et areal på 2,87 kvadratkilometer er Plansee Tirols næststørste sø. Vandtemperaturen er gennemsnitlig 22 grader og inviterer dig til en fornøjelig badeoplevelse.",44166,https://www.visittirol.dk/fritidsaktiviteter/natur-sundhed/badeser/oversigt-over-bademuligheder/a-plansee,XXX,,4.74694E1,1.07998E1,http://schema.org/True
2,Urisee,"Den 6 hektar store idylliske sø har gennemsnitligt 24 grader varmt badevand. Søen er 36 meter dyb på det dybeste sted.Ikke kun gæster og lokalbefolkning sætter pris på at spring i det forfriskende vand i Urisee efter en lang vandretur eller en dags arbejde. Da ingen vandløb leder væk fra søen, kan man opleve at vandstanden ændrer sig med helt op til 4 meter.Om UriseeUrisee har vand i drikkevandskvalitet, hvilket afspejles i at du kan se langt ned under vandoverfladen.Græsplæner, gangbroer og mange skyggefulde pletter gør at alle besøgende kan finde et godt sted at opholde sig ved søen.Dykning i Urisee er helt specielt og vil give dig en særlig oplevelse.",Nyd en dejlig sommerdag ved Urisee som har drikkevandskvalitet. Herlinge vandtemperaturer omkring 24 grader inspirere både badedyr og strandløver.,44189,https://www.visittirol.dk/fritidsaktiviteter/natur-sundhed/badeser/oversigt-over-bademuligheder/a-urisee,XXX,,4.74998E1,1.07413E1,http://schema.org/True
3,Reintaler See,"Sammen med Krummsee, Berglsteinersee, Buchsee og Frauensee udgør Reintaler See \""Reintaler søerne\"" i Kramsach. Landsbyen med søerne er et populært hotspot for svømmere og solbadere.Reintaler See er opdelt i tre bassiner og får tilført vand fra vestbredden af Krummsee. Med en gennemsnitlig vandtemperatur på 15 til 25 grader, er Reintaler søerne blandt de varmeste søer i Tirol.HøjdepunkterReintaler See er let tilgængelig med offentlig transport.Glæd dig til bådudlejning og udforsk den naturskønne sø fra båden.Velplejede græsplæner, restauranter, buffeter, en legeplads og campingpladser giver jer mange muligheder for udfoldelser.Med et gyldigt fisketegn er fiskeri tilladt på Reintaler See.","Den 29,4 hektar store Reintaler See måler på dybeste punkt omkring 10 meter. Ud over badning i vand af drikkevandskvalitet har Reintaler See en fremragende infrastruktur.",44167,https://www.visittirol.dk/fritidsaktiviteter/natur-sundhed/badeser/oversigt-over-bademuligheder/a-reintaler-see,6233,Kramsach,4.74599E1,1.18938E1,http://schema.org/True
4,Schwarzsee,"På Schwarzsee finder alle, der elsker af vandsjov alt, hvad de ønsker på en smuk sommerdag. Det smaragdgrønne og rene vand er svært at modstå.Den kommunale strand har et område på 34.000 kvadratmeter til solbadning og afslapning. De storslåede bjerglandskaber gør det let at tilbringe afslappende timer på søen Schwarzsee.HøjdepunkterSchwarzsee er 16,55 hektar. Den maksimale dybde er 7 meter.Eldrevne både, robåde og vandcykler kan lejes.Nyd en afslappet campingferie ved søen.Hold en pause på den nærliggende café og forkæl dig selv med en is.Schwarzsee er let tilgængelig med offentlig transport.",Den lille Schwarzsee i Kitzbühel Alper er med et gennemsnit på 21 grader celsius den varmeste hedesø i Tirol. Den idylliske beliggenhed og lette tilgængelighed glæder både lokale og gæster.,44179,https://www.visittirol.dk/fritidsaktiviteter/natur-sundhed/badeser/oversigt-over-bademuligheder/a-schwarzsee,XXX,,4.74574E1,1.23694E1,http://schema.org/True
5,Thiersee,"Søen begejstrer både svømmere og vandsportsentusiaster af alle slags. Den har en skøn beliggenhed og er omgivet af et smukt bjerglandskab.En dukkert i det forfriskende vand i Thiersee lover masser af vandsjov. Lån en robåd og nyd den beroligende vuggen på søen.HøjdepunkterRundt om søen finder du dejlige græsområder og små bugter.Robåde, vandcykler og delfinbåde kan lejes for dig.Et udspringstårn står klart til alle de modige badegæster.Thiersee er kendt som et populært surferparadis.Nyd et spil beachvolley, mens børnene boltrer sig på legepladsen ved siden af.En kiosk med snacks og delikatesser findes ved søen.","Den over 25 hektar store og 12,4 meter dybe har forbindelse med hele 12 floder. Det gennemsnitlige 22 grader varmt vand er skønt at bade i.",44185,https://www.visittirol.dk/fritidsaktiviteter/natur-sundhed/badeser/oversigt-over-bademuligheder/a-thiersee,XXX,,4.75894E1,1.21213E1,http://schema.org/True
6,Haldensee,Med en vandtemperatur på 18-21 grader er Haldensee perfekt til en svømmetur på en varm sommerdag. De storslåede bjerglandskaber og mange muligheder for afslapning gør turen til en fornøjelse.Haldensee får vand fra flere bifloder og har en fremragende vandkvalitet. På sit dybeste punkt er den 28 meter dyb.HøjdepunkterEn café og selvbetjeningsrestaurant lige ved søen kan slukke tørsten og stille sulten hos de besøgende.Har du ikke lyst til at svømme? Så lån en robåd eller vandcykel eller endda et surfbræt!Busstoppestedet ligger kun 200 meter væk.Lige ved siden af søen finder I et friluftsbad.,Haldensee i Tannheimertal ved Grän og Nesselwängle venter på jer med en størrelse på 77 hektar. Lige ved siden af søen finder I et friluftsbad.,44194,https://www.visittirol.dk/fritidsaktiviteter/natur-sundhed/badeser/oversigt-over-bademuligheder/a-haldensee,XXX,,4.74911E1,1.05753E1,http://schema.org/True
