row_id,name,address,image,telephone,page_url
0,Lac d'Arbey,"Buvette du Lac d'Arbey Les Flantzes, 1983 Evolène, Suisse",../fotos/Lac/Evolene-Lac-Arbey.jpg,Tel. +41 79 623 10 30,https://www.badi-info.ch/a/lac-arbey.html
1,Fälensee,Berggasthaus Bollenwees 9058 Brülisau,../fotos/See/Faelensee.jpg,Tel. Berggasthaus Bollenwees +41 71 799 11 70,https://www.badi-info.ch/a/faelensee.html
2,Oeschinensee,Hotel-Restaurant Oeschinensee 3718 Kandersteg Schweiz,../fotos/Bern/Oeschinensee-Baden.jpg,,https://www.badi-info.ch/be/oeschinensee.html
3,Wägitalersee,"Sesstrasse 2, 8858 Innerthal",../fotos/See/Waegitalersee.jpg,Tel. 055 446 13 44,https://www.badi-info.ch/a/waegitalersee.html
