row_id,name,description,image,url,page_url,address.streetaddress,geo.longitude,geo.latitude
0,Таємниче карпатське озеро Ворожеська,• Про озеро • Легенди • Маршрути • Фото ➔ Розташування • Карта… Карпати ➔ Масив Свидовець ➔ оз. Ворожеська… більше на КАРПАТИ.LOVE,https://karpaty.love/uploads/posts/2017-11/1510174749_ozero-vorozheska-8.jpg,https://karpaty.love/places-objects/ozera-karpat/10-ozero-vorozheska.html,https://karpaty.love/places-objects/ozera-karpat/10-ozero-vorozheska.html,"Озеро Ворожеська, Масив Свидовець",24.19272940,48.27610150
1,Озеро Марічейка: небесне око Карпат,• Про озеро • Легенди • Маршрути • Цікаво знати • Як добратися • Фото • Розташування • Карта… Карпати ➔ Чорногірський масив ➔ оз. Марічейка… більше на KARPATY.LOVE,https://karpaty.love/uploads/posts/2017-11/1510146216_1510145464_ozero-maricheyka-7.jpg,https://karpaty.love/places-objects/ozera-karpat/7-ozero-maricheyka-mertve-ozero.html,https://karpaty.love/places-objects/ozera-karpat/7-ozero-maricheyka-mertve-ozero.html,"Озеро Марічейка, Масив Чорногора",24.65850280,48.03471050
2,Озеро Журавлине (Мертве озеро),• Про озеро • Цікаво знати • Маршрути • Фото • Розташування • Карта… Карпати ➔ Масив Сколівські Бескиди ➔ оз. Журавлине… більше на КАРПАТИ.LOVE,https://karpaty.love/uploads/posts/2017-11/1510146373_1510140934_mertve-ozero-zuravlyne-7.jpg,https://karpaty.love/places-objects/ozera-karpat/6-ozero-zuravlyne-mertve.html,https://karpaty.love/places-objects/ozera-karpat/6-ozero-zuravlyne-mertve.html,"Мертве озеро (Журавлине), Сколівські Бескиди",23.57185670,49.03538900
3,Озеро Синевир — найбільше гірське озеро Карпат,• Про озеро • Легенди • Як відпочивати • Фото • Як добратися • Розташування • Карта… Карпати ➔ Масив Горгани ➔ оз. Синевир… більше на КАРПАТИ.LOVE,https://karpaty.love/uploads/posts/2017-10/1508689396_1508686392_ozero-sinevir-3.jpg,https://karpaty.love/places-objects/ozera-karpat/4-ozero-synevyr.html,https://karpaty.love/places-objects/ozera-karpat/4-ozero-synevyr.html,"Озеро Синевир, Масив Горгани",23.68400000,48.61700000
4,Озеро Апшинець,• Про озеро • Як відпочити • Як добратися • Фото • Розташування • Карта… Карпати ➔ Масив Свидовець ➔ оз. Апшинець… більше на KARPATY.LOVE,https://karpaty.love/uploads/posts/2017-11/1510166435_ozero-apshynets-15.jpg,https://karpaty.love/places-objects/ozera-karpat/9-ozero-apshynets.html,https://karpaty.love/places-objects/ozera-karpat/9-ozero-apshynets.html,"Озеро Апшинець, Масив Свидовець",24.15684170,48.28072030
5,Легендарне озеро Несамовите,• Про озеро • Легенди • Як добратися • Фото • Розташування • Карта… Карпати ➔ Чорногірський масив ➔ оз. Несамовите… більше на КАРПАТИ.LOVE,https://karpaty.love/uploads/posts/2017-12/1514585568_1510150554_ozero-nesamovyte-3.jpg,https://karpaty.love/places-objects/ozera-karpat/8-ozero-nesamovyte.html,https://karpaty.love/places-objects/ozera-karpat/8-ozero-nesamovyte.html,"Озеро Несамовите, Масив Чорногора",24.53919720,48.12250030
6,Озеро Бребенескул — «Синє око Карпат»,• Про озеро • Маршрути • Фото • Розташування • Карта… Карпати ➔ Чорногірський масив ➔ оз. Бребенескул… більше на КАРПАТИ.LOVE,https://karpaty.love/uploads/posts/2017-11/1510094680_ozero-brebeneskul-8.jpg,https://karpaty.love/places-objects/ozera-karpat/5-ozero-brebeneskul.html,https://karpaty.love/places-objects/ozera-karpat/5-ozero-brebeneskul.html,"Озеро Бребенескул, Масив Чорногора",24.56147650,48.10219410
7,"Озеро Драгобратське (Івор) — гірська краса, оповита легендами",• Про озеро • Поради туристу • Легенди • Як добратися • Фото • Розташування • Карта… Карпати ➔ Масив Свидовець ➔ оз. Івор… більше на KARPATY.LOVE,https://karpaty.love/uploads/posts/2017-11/1510178292_ozero-ivor-5.jpg,https://karpaty.love/places-objects/ozera-karpat/11-ozero-ivor-drahobratske.html,https://karpaty.love/places-objects/ozera-karpat/11-ozero-ivor-drahobratske.html,"Озеро Івор (Драгобратське), Масив Свидовець",24.23485280,48.22858940
