row_id,name,description,aggregaterating,publicaccess,page_url,geo.latitude,geo.longitude
132,Indian Lake Fishing Report,"A detailed fishing report for the Indian Lake will make the difference between a good fishing here and a bad one. Let's face it, there's a lot we can learn and share from one another like what bait or lure is generating the best results. On HookandBullet, we invite you to share your knowledge with others - what tackle is working, what fish species can be found here, and where the fish are hiding. So whether it's a bass fishing report, or a trout we invite you to submit a fishing report and help us to promote the sport. If you're looking to fish in the general area be sure to check out Hot Spots tab to see where the fish are biting. Check out our Fishing Times charts to determine when the fish will be most active. Check out our Hot Spots to learn where the fish are being caught in this area.",,,https://www.hookandbullet.com/fishing-indian-lake-keosauqua-ia/fishing-report/,,
36,Amisk Lake,"Amisk Lake is a lake located just 2.8 miles from Bondiss, in Division 13, in the province of Alberta, Canada. Join us as we discuss the Alberta Fishing License options, fishing rules and fishing regulations. Please remember to check with the local Fish and Wildlife department to ensure the stream is open to the public. Now get out there and fish! Check out our Fishing Times chart to determine when the fish will be most active.",,True,https://www.hookandbullet.com/fishing-amisk-lake-bondiss-ab/,54.593613,-112.633057
222,Zero Lake Fishing Report,"A detailed fishing report for the Zero Lake will make the difference between a good fishing here and a bad one. Let's face it, there's a lot we can learn and share from one another like what bait or lure is generating the best results. On HookandBullet, we invite you to share your knowledge with others - what tackle is working, what fish species can be found here, and where the fish are hiding. So whether it's a bass fishing report, or a trout we invite you to submit a fishing report and help us to promote the sport. If you're looking to fish in the general area be sure to check out Hot Spots tab to see where the fish are biting. Check out our Fishing Times charts to determine when the fish will be most active. Check out our Hot Spots to learn where the fish are being caught in this area.","{'bestrating': '3', 'ratingcount': '1', 'ratingvalue': '3', 'worstrating': '3'}",,https://www.hookandbullet.com/fishing-zero-lake-houston-ak/fishing-report/,,
186,Como Lake,"Como Lake is a lake located just 2.4 miles from Atlin, in Stikine Region, in the province of British Columbia, Canada. Fishermen will find a variety of fish including rainbow trout, sucker and carp here. Whether you’re fly fishing, spinning or baitcasting your chances of getting a bite here are good. So grab your favorite fly fishing rod and reel, and head out to Como Lake. Join us as we discuss the British Columbia Fishing License options, fishing rules and fishing regulations. Please remember to check with the local Fish and Wildlife department to ensure the stream is open to the public. Now get out there and fish! Check out our Fishing Times chart to determine when the fish will be most active.","{'worstrating': '5', 'ratingvalue': '5', 'bestrating': '5', 'ratingcount': '1'}",True,https://www.hookandbullet.com/fishing-como-lake-atlin-bc/,59.599998,-133.683334
266,Kootenay Lake,"Kootenay Lake is a lake located just 3.2 miles from Gray Creek, in Central Kootenay Regional District, in the province of British Columbia, Canada. Fishermen will find a variety of fish including cutthroat trout, rainbow trout, sockeye salmon, dolly varden, bull trout and largemouth bass here. Whether you’re fly fishing, spinning, baitcasting or trolling your chances of getting a bite here are good. So grab your favorite fly fishing rod and reel, and head out to Kootenay Lake. Join us as we discuss the British Columbia Fishing License options, fishing rules and fishing regulations. Please remember to check with the local Fish and Wildlife department to ensure the stream is open to the public. Now get out there and fish! Check out our Fishing Times chart to determine when the fish will be most active.","{'worstrating': '5', 'ratingvalue': '5', 'bestrating': '5', 'ratingcount': '1'}",True,https://www.hookandbullet.com/fishing-kootenay-lake-gray-creek-bc/,49.666668,-116.833328
153,Gambs Lake,"Gambs Lake is a lake located just 1.6 miles from Manistee, in Manistee County, in the state of Michigan, United States. Alternate names for this lake include Gumbs Lake. Join us as we discuss the Michigan Fishing License options, fishing rules and fishing regulations. Please remember to check with the local Fish and Wildlife department to ensure the stream is open to the public. Now get out there and fish! Check out our Fishing Times chart to determine when the fish will be most active.",,True,https://www.hookandbullet.com/fishing-gambs-lake-manistee-mi/,44.220837,-86.322861
312,Fishing Times for Airplane Lake,"For you next fishing outing to Airplane Lake refer to our Fishing Times chart to determine when the fish are expected to be most active based on solunar tables and our detailed fishing calendar. We developed and refined a complex algorithm that tells you when the fish are expected to most active in relation to the moon phase, sunrise, sunset, and more. We'll tell you what times are ideal, as well as the next best times to fish Airplane Lake. We do the complex work so you can make the most of your time fishing. If you're looking to fish in the general area be sure to check out Hot Spots tab to see where the fish are biting.",,,https://www.hookandbullet.com/fishing-airplane-lake-surprise-bc/best-fishing-times/,,
124,Lynch Lake,"Lynch Lake is a lake located just 29.2 miles from Libby, in Flathead County, in the state of Montana, United States, near Happys Inn, MT. Fishermen will find a variety of fish including northern pike and others here. Join us as we discuss the Montana Fishing License options, fishing rules and fishing regulations. Please remember to check with the local Fish and Wildlife department to ensure the stream is open to the public. Now get out there and fish! Check out our Fishing Times chart to determine when the fish will be most active.","{'worstrating': '5', 'ratingvalue': '5', 'bestrating': '5', 'ratingcount': '1'}",True,https://www.hookandbullet.com/fishing-lynch-lake-libby-mt/,48.193565,-114.991539
364,Williamson Lake,"Williamson Lake is a lake located just 12.7 miles from Copper Mountain, in Okanagan-Similkameen Regional District, in the province of British Columbia, Canada. Fishermen will find a variety of fish including rainbow trout and others here. Whether you’re fly fishing, spinning or baitcasting your chances of getting a bite here are good. So grab your favorite fly fishing rod and reel, and head out to Williamson Lake. Join us as we discuss the British Columbia Fishing License options, fishing rules and fishing regulations. Please remember to check with the local Fish and Wildlife department to ensure the stream is open to the public. Now get out there and fish! Check out our Fishing Times chart to determine when the fish will be most active.","{'bestrating': '3', 'ratingcount': '1', 'ratingvalue': '3', 'worstrating': '3'}",True,https://www.hookandbullet.com/fishing-williamson-lake-copper-mountain-bc/,49.299999,-118.783333
134,Abetibie Lake,"Abetibie Lake is a lake located just 2.3 miles from Copper Creek, in Thompson-Nicola Regional District, in the province of British Columbia, Canada. Whether you’re fly fishing, baitcasting or spinning your chances of getting a bite here are good. So grab your favorite fly fishing rod and reel, and head out to Abetibie Lake. Join us as we discuss the British Columbia Fishing License options, fishing rules and fishing regulations. Please remember to check with the local Fish and Wildlife department to ensure the stream is open to the public. Now get out there and fish! Check out our Fishing Times chart to determine when the fish will be most active.",,True,https://www.hookandbullet.com/fishing-abetibie-lake-copper-creek-bc/,51.516666,-117.150002
144,Lake Erie,"Lake Erie is a lake located just 3.4 miles from Geneva-on-the-Lake, in Ashtabula County, in the state of Ohio, United States, near Saybrook-on-the-lake, OH. Fishermen will find a variety of fish including walleye, smallmouth bass, white bass, catfish and perch here. Alternate names for this lake include Lac Teiocharontiong, Techaronkion and Lago Erio. Join us as we discuss the Ohio Fishing License options, fishing rules and fishing regulations. Please remember to check with the local Fish and Wildlife department to ensure the stream is open to the public. Now get out there and fish! Check out our Fishing Times chart to determine when the fish will be most active.","{'worstrating': '5', 'ratingvalue': '5', 'bestrating': '5', 'ratingcount': '1'}",True,https://www.hookandbullet.com/fishing-lake-erie-geneva-on-the-lake-oh/,41.876442,-80.892868
378,Alixton Lake Fishing Report,"A detailed fishing report for the Alixton Lake will make the difference between a good fishing here and a bad one. Let's face it, there's a lot we can learn and share from one another like what bait or lure is generating the best results. On HookandBullet, we invite you to share your knowledge with others - what tackle is working, what fish species can be found here, and where the fish are hiding. So whether it's a bass fishing report, or a trout we invite you to submit a fishing report and help us to promote the sport. If you're looking to fish in the general area be sure to check out Hot Spots tab to see where the fish are biting. Check out our Fishing Times charts to determine when the fish will be most active. Check out our Hot Spots to learn where the fish are being caught in this area.",,,https://www.hookandbullet.com/fishing-alixton-lake-alkali-lake-bc/fishing-report/,,
243,Chapman Lake,"Chapman Lake is a lake located just 8.4 miles from Gray Creek, in Central Kootenay Regional District, in the province of British Columbia, Canada. Fishermen will find a variety of fish including lake trout, cutthroat trout and rainbow trout here. Whether you’re spinning, fly fishing, trolling or baitcasting your chances of getting a bite here are good. So grab your favorite fly fishing rod and reel, and head out to Chapman Lake. Join us as we discuss the British Columbia Fishing License options, fishing rules and fishing regulations. Please remember to check with the local Fish and Wildlife department to ensure the stream is open to the public. Now get out there and fish! Check out our Fishing Times chart to determine when the fish will be most active.","{'bestrating': '3', 'ratingcount': '1', 'ratingvalue': '3', 'worstrating': '3'}",True,https://www.hookandbullet.com/fishing-chapman-lake-gray-creek-bc/,49.583332,-123.599998
70,Nulki Lake,"Nulki Lake is a lake located just 8.7 miles from Vanderhoof, in Bulkley-Nechako Regional District, in the province of British Columbia, Canada. Fishermen will find a variety of fish including rainbow trout and others here. Whether you’re fly fishing, spinning or baitcasting your chances of getting a bite here are good. So grab your favorite fly fishing rod and reel, and head out to Nulki Lake. Join us as we discuss the British Columbia Fishing License options, fishing rules and fishing regulations. Please remember to check with the local Fish and Wildlife department to ensure the stream is open to the public. Now get out there and fish! Check out our Fishing Times chart to determine when the fish will be most active.","{'worstrating': '4', 'ratingcount': '1', 'ratingvalue': '4', 'bestrating': '4'}",True,https://www.hookandbullet.com/fishing-nulki-lake-vanderhoof-bc/,53.916668,-124.150002
210,Fishing Times for Telephone Lake,"For you next fishing outing to Telephone Lake refer to our Fishing Times chart to determine when the fish are expected to be most active based on solunar tables and our detailed fishing calendar. We developed and refined a complex algorithm that tells you when the fish are expected to most active in relation to the moon phase, sunrise, sunset, and more. We'll tell you what times are ideal, as well as the next best times to fish Telephone Lake. We do the complex work so you can make the most of your time fishing. If you're looking to fish in the general area be sure to check out Hot Spots tab to see where the fish are biting.",,,https://www.hookandbullet.com/fishing-telephone-lake-show-low-az/best-fishing-times/,,
56,"Bait Shops, Tackle Shops, and Fishing Charters","Find fishing tackle, live bait, fishing guides, fishing charters, campgrounds, and hotels near Aktaklin Lake. After all, we all forget gear from time to time. Sometimes we need some expert advice, or we get caught out on the water later than expected. At HookandBullet, we make it easy for you to find the fishing related businesses in the area. Check out our Fishing Times tab to determine when the fish will be most active, and check out our Hot Spots tab to know where fish are being caught in the area.",,,https://www.hookandbullet.com/fishing-aktaklin-lake-kleena-kleene-bc/tackle-guides-charters/,,
324,Map of Alkali Lake,"So you're interested in fishing Alkali Lake. As fishermen, we know there are times when our favorite spots are just not active so we built our Hot Spots feature to show you where the fish are biting in the area of Alkali Lake. Now you'll know where catches are being recorded in the general area, and you can plan your day on the water. Check out our Fishing Times tab to determine when the fish will be most active. To find Alkali Lake enter the 57.900002 latitude, and -131.266663 longitude coordinates into your GPS device or smart phone. If you need fishing tackle, or are looking for a fishing guide or fishing charter please visit Tackle, Guides, Charters",,,https://www.hookandbullet.com/fishing-alkali-lake-alkali-lake-bc/nearby-hot-spots/,,
388,Honour Lake,"Honour Lake is a lake located just 13.4 miles from Leavenworth, in Chelan County, in the state of Washington, United States, near Merritt, WA. Whether you’re baitcasting, fly fishing or spinning your chances of getting a bite here are good. So grab your favorite fly fishing rod and reel, and head out to Honour Lake. Join us as we discuss the Washington Fishing License options, fishing rules and fishing regulations. Please remember to check with the local Fish and Wildlife department to ensure the stream is open to the public. Now get out there and fish! Check out our Fishing Times chart to determine when the fish will be most active.",,True,https://www.hookandbullet.com/fishing-honour-lake-leavenworth-wa/,47.720951,-120.882599
145,Halfmoon Lake,"Halfmoon Lake is a lake located just 4.2 miles from Freeburg, in St. Clair County, in the state of Illinois, United States, near Lementon, IL. Fishermen will find a variety of fish including largemouth bass, white perch, smallmouth bass, pickerel and perch here. Whether you’re baitcasting or fly fishing your chances of getting a bite here are good. So grab your favorite fly fishing rod and reel, and head out to Halfmoon Lake. Join us as we discuss the Illinois Fishing License options, fishing rules and fishing regulations. Please remember to check with the local Fish and Wildlife department to ensure the stream is open to the public. Now get out there and fish! Check out our Fishing Times chart to determine when the fish will be most active.",,True,https://www.hookandbullet.com/fishing-halfmoon-lake-freeburg-il/,38.378105,-89.86927
398,Sausser Lake,"Sausser Lake is a lake located just 7.6 miles from Miocene, in Cariboo Regional District, in the province of British Columbia, Canada. Fishermen will find a variety of fish including arctic grayling, bigmouth buffalo, brook trout and blue catfish here. Whether you’re fly fishing or spinning your chances of getting a bite here are good. So grab your favorite fly fishing rod and reel, and head out to Sausser Lake. Join us as we discuss the British Columbia Fishing License options, fishing rules and fishing regulations. Please remember to check with the local Fish and Wildlife department to ensure the stream is open to the public. Now get out there and fish! Check out our Fishing Times chart to determine when the fish will be most active.",,False,https://www.hookandbullet.com/fishing-sausser-lake-miocene-bc/,52.266666,-121.599998
47,Long Fred Lake,"Long Fred Lake is a lake located just 22.4 miles from Tok, in Southeast Fairbanks Census Area, in the state of Alaska, United States, near Tetlin Junction, AK. Whether you’re spinning, fly fishing or baitcasting your chances of getting a bite here are good. So grab your favorite fly fishing rod and reel, and head out to Long Fred Lake. Join us as we discuss the Alaska Fishing License options, fishing rules and fishing regulations. Please remember to check with the local Fish and Wildlife department to ensure the stream is open to the public. Now get out there and fish! Check out our Fishing Times chart to determine when the fish will be most active.",,True,https://www.hookandbullet.com/fishing-long-fred-lake-tok-ak/,63.112778,-142.463608
98,Croker Lakes,"Croker Lakes is a lake located just 10.3 miles from High Prairie, in Division 17, in the province of Alberta, Canada. Join us as we discuss the Alberta Fishing License options, fishing rules and fishing regulations. Please remember to check with the local Fish and Wildlife department to ensure the stream is open to the public. Now get out there and fish! Check out our Fishing Times chart to determine when the fish will be most active.",,True,https://www.hookandbullet.com/fishing-croker-lakes-high-prairie-ab/,55.303333,-116.61528
151,Amber Lake,"Amber Lake is a lake located just 17.3 miles from Talkeetna, in Matanuska-Susitna Borough, in the state of Alaska, United States, near Trapper Creek, AK. Fishermen will find a variety of fish including northern pike and others here. Join us as we discuss the Alaska Fishing License options, fishing rules and fishing regulations. Please remember to check with the local Fish and Wildlife department to ensure the stream is open to the public. Now get out there and fish! Check out our Fishing Times chart to determine when the fish will be most active.","{'worstrating': '5', 'ratingvalue': '5', 'bestrating': '5', 'ratingcount': '1'}",True,https://www.hookandbullet.com/fishing-amber-lake-talkeetna-ak/,62.170834,-150.535004
129,Fishing Times for Lost Lake,"For you next fishing outing to Lost Lake refer to our Fishing Times chart to determine when the fish are expected to be most active based on solunar tables and our detailed fishing calendar. We developed and refined a complex algorithm that tells you when the fish are expected to most active in relation to the moon phase, sunrise, sunset, and more. We'll tell you what times are ideal, as well as the next best times to fish Lost Lake. We do the complex work so you can make the most of your time fishing. If you're looking to fish in the general area be sure to check out Hot Spots tab to see where the fish are biting.",,,https://www.hookandbullet.com/fishing-lost-lake-hughes-ak/best-fishing-times/,,
277,Kokanee Lake,"Kokanee Lake is a lake located just 12.2 miles from Ainsworth, in Central Kootenay Regional District, in the province of British Columbia, Canada. Fishermen will find a variety of fish including cutthroat trout and others here. Whether you’re fly fishing or otherwise your chances of getting a bite here are good. So grab your favorite fly fishing rod and reel, and head out to Kokanee Lake. Join us as we discuss the British Columbia Fishing License options, fishing rules and fishing regulations. Please remember to check with the local Fish and Wildlife department to ensure the stream is open to the public. Now get out there and fish! Check out our Fishing Times chart to determine when the fish will be most active.","{'worstrating': '4', 'ratingcount': '1', 'ratingvalue': '4', 'bestrating': '4'}",True,https://www.hookandbullet.com/fishing-kokanee-lake-ainsworth-bc/,49.75,-117.183327
197,Fishing Times for Williamson Lake,"For you next fishing outing to Williamson Lake refer to our Fishing Times chart to determine when the fish are expected to be most active based on solunar tables and our detailed fishing calendar. We developed and refined a complex algorithm that tells you when the fish are expected to most active in relation to the moon phase, sunrise, sunset, and more. We'll tell you what times are ideal, as well as the next best times to fish Williamson Lake. We do the complex work so you can make the most of your time fishing. If you're looking to fish in the general area be sure to check out Hot Spots tab to see where the fish are biting.",,,https://www.hookandbullet.com/fishing-williamson-lake-revelstoke-bc/best-fishing-times/,,
150,Stobart Lake,"Stobart Lake is a lake located just 5.6 miles from Eagle Hill, in Division 6, in the province of Alberta, Canada. Fishermen will find a variety of fish including perch, walleye and northern pike here. Join us as we discuss the Alberta Fishing License options, fishing rules and fishing regulations. Please remember to check with the local Fish and Wildlife department to ensure the stream is open to the public. Now get out there and fish! Check out our Fishing Times chart to determine when the fish will be most active.","{'bestrating': '3', 'ratingcount': '1', 'ratingvalue': '3', 'worstrating': '3'}",True,https://www.hookandbullet.com/fishing-stobart-lake-eagle-hill-ab/,50.915833,-113.183891
87,"Bait Shops, Tackle Shops, and Fishing Charters","Find fishing tackle, live bait, fishing guides, fishing charters, campgrounds, and hotels near Aramis Lakes. After all, we all forget gear from time to time. Sometimes we need some expert advice, or we get caught out on the water later than expected. At HookandBullet, we make it easy for you to find the fishing related businesses in the area. Check out our Fishing Times tab to determine when the fish will be most active, and check out our Hot Spots tab to know where fish are being caught in the area.",,,https://www.hookandbullet.com/fishing-aramis-lakes-ware-bc/tackle-guides-charters/,,
245,Zero Lake,"Zero Lake is a lake located just 1.3 miles from Houston, in Matanuska-Susitna Borough, in the state of Alaska, United States. Fishermen will find that there are no fish here. That's right, no fish. No rainbows, no steelies, no pinks, no perch, no muskies. Nothing. So keep looking for another spot nearby and you'll be glad you did. Join us as we discuss the Alaska Fishing License options, fishing rules and fishing regulations. Please remember to check with the local Fish and Wildlife department to ensure the stream is open to the public. Now get out there and fish! Check out our Fishing Times chart to determine when the fish will be most active.","{'bestrating': '3', 'ratingcount': '1', 'ratingvalue': '3', 'worstrating': '3'}",True,https://www.hookandbullet.com/fishing-zero-lake-houston-ak/,61.648056,-149.805557
53,Taurus Lake,"Taurus Lake is a lake located just 14.4 miles from Carmi, in Kootenay Boundary Regional District, in the province of British Columbia, Canada. Fishermen will find a variety of fish including rainbow trout and others here. Whether you’re baitcasting, fly fishing or spinning your chances of getting a bite here are good. So grab your favorite fly fishing rod and reel, and head out to Taurus Lake. Join us as we discuss the British Columbia Fishing License options, fishing rules and fishing regulations. Please remember to check with the local Fish and Wildlife department to ensure the stream is open to the public. Now get out there and fish! Check out our Fishing Times chart to determine when the fish will be most active.","{'worstrating': '4', 'ratingcount': '1', 'ratingvalue': '4', 'bestrating': '4'}",True,https://www.hookandbullet.com/fishing-taurus-lake-carmi-bc/,49.316666,-118.966667
216,Fishing Times for 49 Lake,"For you next fishing outing to 49 Lake refer to our Fishing Times chart to determine when the fish are expected to be most active based on solunar tables and our detailed fishing calendar. We developed and refined a complex algorithm that tells you when the fish are expected to most active in relation to the moon phase, sunrise, sunset, and more. We'll tell you what times are ideal, as well as the next best times to fish 49 Lake. We do the complex work so you can make the most of your time fishing. If you're looking to fish in the general area be sure to check out Hot Spots tab to see where the fish are biting.",,,https://www.hookandbullet.com/fishing-49-lake-chard-ab/best-fishing-times/,,
165,Fishing Times for Isle Lake,"For you next fishing outing to Isle Lake refer to our Fishing Times chart to determine when the fish are expected to be most active based on solunar tables and our detailed fishing calendar. We developed and refined a complex algorithm that tells you when the fish are expected to most active in relation to the moon phase, sunrise, sunset, and more. We'll tell you what times are ideal, as well as the next best times to fish Isle Lake. We do the complex work so you can make the most of your time fishing. If you're looking to fish in the general area be sure to check out Hot Spots tab to see where the fish are biting.",,,https://www.hookandbullet.com/fishing-isle-lake-south-view-ab/best-fishing-times/,,
304,Map of Close Lake,"So you're interested in fishing Close Lake. As fishermen, we know there are times when our favorite spots are just not active so we built our Hot Spots feature to show you where the fish are biting in the area of Close Lake. Now you'll know where catches are being recorded in the general area, and you can plan your day on the water. Check out our Fishing Times tab to determine when the fish will be most active. To find Close Lake enter the 63.153057 latitude, and -142.484451 longitude coordinates into your GPS device or smart phone. If you need fishing tackle, or are looking for a fishing guide or fishing charter please visit Tackle, Guides, Charters",,,https://www.hookandbullet.com/fishing-close-lake-tok-ak/nearby-hot-spots/,,
115,Hoodoo Lake Fishing Report,"A detailed fishing report for the Hoodoo Lake will make the difference between a good fishing here and a bad one. Let's face it, there's a lot we can learn and share from one another like what bait or lure is generating the best results. On HookandBullet, we invite you to share your knowledge with others - what tackle is working, what fish species can be found here, and where the fish are hiding. So whether it's a bass fishing report, or a trout we invite you to submit a fishing report and help us to promote the sport. If you're looking to fish in the general area be sure to check out Hot Spots tab to see where the fish are biting. Check out our Fishing Times charts to determine when the fish will be most active. Check out our Hot Spots to learn where the fish are being caught in this area.","{'bestrating': '3', 'ratingcount': '1', 'ratingvalue': '3', 'worstrating': '3'}",,https://www.hookandbullet.com/fishing-hoodoo-lake-aiyansh-bc/fishing-report/,,
116,Dry Lake,"Dry Lake is a lake located just 11.5 miles from Pine, in Coconino County, in the state of Arizona, United States, near Long Valley, AZ. Whether you’re baitcasting, fly fishing or spinning your chances of getting a bite here are good. So grab your favorite fly fishing rod and reel, and head out to Dry Lake. Join us as we discuss the Arizona Fishing License options, fishing rules and fishing regulations. Please remember to check with the local Fish and Wildlife department to ensure the stream is open to the public. Now get out there and fish! Check out our Fishing Times chart to determine when the fish will be most active.",,True,https://www.hookandbullet.com/fishing-dry-lake-pine-az/,34.506969,-111.317635
242,Map of Brent Lake,"So you're interested in fishing Brent Lake. As fishermen, we know there are times when our favorite spots are just not active so we built our Hot Spots feature to show you where the fish are biting in the area of Brent Lake. Now you'll know where catches are being recorded in the general area, and you can plan your day on the water. Check out our Fishing Times tab to determine when the fish will be most active. To find Brent Lake enter the 49.5 latitude, and -119.76667 longitude coordinates into your GPS device or smart phone. If you need fishing tackle, or are looking for a fishing guide or fishing charter please visit Tackle, Guides, Charters",,,https://www.hookandbullet.com/fishing-brent-lake-penticton-bc/nearby-hot-spots/,,
403,Loon Lake,"Loon Lake is a lake located just 6.7 miles from White Cloud, in Newaygo County, in the state of Michigan, United States, near Ramona, MI. Fishermen will find a variety of fish including bream/bluegill, crappie and perch here. Join us as we discuss the Michigan Fishing License options, fishing rules and fishing regulations. Please remember to check with the local Fish and Wildlife department to ensure the stream is open to the public. Now get out there and fish! Check out our Fishing Times chart to determine when the fish will be most active.",,True,https://www.hookandbullet.com/fishing-loon-lake-white-cloud-mi/,43.643906,-85.804222
181,Fishing Times for Bruce Lake,"For you next fishing outing to Bruce Lake refer to our Fishing Times chart to determine when the fish are expected to be most active based on solunar tables and our detailed fishing calendar. We developed and refined a complex algorithm that tells you when the fish are expected to most active in relation to the moon phase, sunrise, sunset, and more. We'll tell you what times are ideal, as well as the next best times to fish Bruce Lake. We do the complex work so you can make the most of your time fishing. If you're looking to fish in the general area be sure to check out Hot Spots tab to see where the fish are biting.",,,https://www.hookandbullet.com/fishing-bruce-lake-czar-ab/best-fishing-times/,,
45,Otter Lake,"Otter Lake is a lake located just 24.9 miles from Lake Minchumina, in Denali Borough, in the state of Alaska, United States, near Telida, AK. Whether you’re baitcasting, spinning or fly fishing your chances of getting a bite here are good. So grab your favorite fly fishing rod and reel, and head out to Otter Lake. Join us as we discuss the Alaska Fishing License options, fishing rules and fishing regulations. Please remember to check with the local Fish and Wildlife department to ensure the stream is open to the public. Now get out there and fish! Check out our Fishing Times chart to determine when the fish will be most active.",,True,https://www.hookandbullet.com/fishing-otter-lake-lake-minchumina-ak/,63.538055,-152.553329
349,Map of Ah Clem Lake,"So you're interested in fishing Ah Clem Lake. As fishermen, we know there are times when our favorite spots are just not active so we built our Hot Spots feature to show you where the fish are biting in the area of Ah Clem Lake. Now you'll know where catches are being recorded in the general area, and you can plan your day on the water. Check out our Fishing Times tab to determine when the fish will be most active. To find Ah Clem Lake enter the 59.183334 latitude, and -129.116669 longitude coordinates into your GPS device or smart phone. If you need fishing tackle, or are looking for a fishing guide or fishing charter please visit Tackle, Guides, Charters",,,https://www.hookandbullet.com/fishing-ah-clem-lake-mcdame-bc/nearby-hot-spots/,,
125,Rock Lake,"Rock Lake is a lake located just 4.8 miles from Edmore, in Montcalm County, in the state of Michigan, United States, near Cedar Lake, MI. Fishermen will find a variety of fish including catfish and others here. Join us as we discuss the Michigan Fishing License options, fishing rules and fishing regulations. Please remember to check with the local Fish and Wildlife department to ensure the stream is open to the public. Now get out there and fish! Check out our Fishing Times chart to determine when the fish will be most active.","{'worstrating': '4', 'ratingcount': '1', 'ratingvalue': '4', 'bestrating': '4'}",True,https://www.hookandbullet.com/fishing-rock-lake-edmore-mi/,43.408363,-84.942795
5,Beaver Lake Fishing Report,"A detailed fishing report for the Beaver Lake will make the difference between a good fishing here and a bad one. Let's face it, there's a lot we can learn and share from one another like what bait or lure is generating the best results. On HookandBullet, we invite you to share your knowledge with others - what tackle is working, what fish species can be found here, and where the fish are hiding. So whether it's a Crappie fishing report, or a Striped Bass we invite you to submit a fishing report and help us to promote the sport. If you're looking to fish in the general area be sure to check out Hot Spots tab to see where the fish are biting. Check out our Fishing Times charts to determine when the fish will be most active. Check out our Hot Spots to learn where the fish are being caught in this area.","{'worstrating': '5', 'ratingvalue': '5', 'bestrating': '5', 'ratingcount': '1'}",,https://www.hookandbullet.com/fishing-beaver-lake-augusta-ar/fishing-report/,,
307,"Bait Shops, Tackle Shops, and Fishing Charters","Find fishing tackle, live bait, fishing guides, fishing charters, campgrounds, and hotels near Abetibie Lake. After all, we all forget gear from time to time. Sometimes we need some expert advice, or we get caught out on the water later than expected. At HookandBullet, we make it easy for you to find the fishing related businesses in the area. Check out our Fishing Times tab to determine when the fish will be most active, and check out our Hot Spots tab to know where fish are being caught in the area.",,,https://www.hookandbullet.com/fishing-abetibie-lake-copper-creek-bc/tackle-guides-charters/,,
244,Tamarack Lake,"Tamarack Lake is a lake located just 2.9 miles from Skookumchuck, in East Kootenay Regional District, in the province of British Columbia, Canada. Fishermen will find a variety of fish including rainbow trout and others here. Whether you’re spinning, fly fishing or baitcasting your chances of getting a bite here are good. So grab your favorite fly fishing rod and reel, and head out to Tamarack Lake. Join us as we discuss the British Columbia Fishing License options, fishing rules and fishing regulations. Please remember to check with the local Fish and Wildlife department to ensure the stream is open to the public. Now get out there and fish! Check out our Fishing Times chart to determine when the fish will be most active.","{'bestrating': '3', 'ratingcount': '1', 'ratingvalue': '3', 'worstrating': '3'}",True,https://www.hookandbullet.com/fishing-tamarack-lake-skookumchuck-bc/,49.916668,-115.800003
154,Blue Lake,"Blue Lake is a lake located just 6.9 miles from Crystal Falls, in Iron County, in the state of Michigan, United States, near Pentoga, MI. Fishermen will find a variety of fish including brown trout, rainbow trout and perch here. Whether you’re fly fishing, baitcasting or spinning your chances of getting a bite here are good. So grab your favorite fly fishing rod and reel, and head out to Blue Lake. Join us as we discuss the Michigan Fishing License options, fishing rules and fishing regulations. Please remember to check with the local Fish and Wildlife department to ensure the stream is open to the public. Now get out there and fish! Check out our Fishing Times chart to determine when the fish will be most active.",,True,https://www.hookandbullet.com/fishing-blue-lake-crystal-falls-mi/,46.040508,-88.45208
351,Brandywine Lake,"Brandywine Lake is a lake located just 2.7 miles from Toronto, in Jefferson County, in the state of Ohio, United States. Join us as we discuss the Ohio Fishing License options, fishing rules and fishing regulations. Please remember to check with the local Fish and Wildlife department to ensure the stream is open to the public. Now get out there and fish! Check out our Fishing Times chart to determine when the fish will be most active.",,True,https://www.hookandbullet.com/fishing-brandywine-lake-toronto-oh/,40.471176,-80.652016
241,Fishing Times for Crescent Lake,"For you next fishing outing to Crescent Lake refer to our Fishing Times chart to determine when the fish are expected to be most active based on solunar tables and our detailed fishing calendar. We developed and refined a complex algorithm that tells you when the fish are expected to most active in relation to the moon phase, sunrise, sunset, and more. We'll tell you what times are ideal, as well as the next best times to fish Crescent Lake. We do the complex work so you can make the most of your time fishing. If you're looking to fish in the general area be sure to check out Hot Spots tab to see where the fish are biting.",,,https://www.hookandbullet.com/fishing-crescent-lake-casco-me/best-fishing-times/,,
12,Akuliak Lake Fishing Report,"A detailed fishing report for the Akuliak Lake will make the difference between a good fishing here and a bad one. Let's face it, there's a lot we can learn and share from one another like what bait or lure is generating the best results. On HookandBullet, we invite you to share your knowledge with others - what tackle is working, what fish species can be found here, and where the fish are hiding. So whether it's a bass fishing report, or a trout we invite you to submit a fishing report and help us to promote the sport. If you're looking to fish in the general area be sure to check out Hot Spots tab to see where the fish are biting. Check out our Fishing Times charts to determine when the fish will be most active. Check out our Hot Spots to learn where the fish are being caught in this area.",,,https://www.hookandbullet.com/fishing-akuliak-lake-ambler-ak/fishing-report/,,
156,"Bait Shops, Tackle Shops, and Fishing Charters","Find fishing tackle, live bait, fishing guides, fishing charters, campgrounds, and hotels near Airplane Lake. After all, we all forget gear from time to time. Sometimes we need some expert advice, or we get caught out on the water later than expected. At HookandBullet, we make it easy for you to find the fishing related businesses in the area. Check out our Fishing Times tab to determine when the fish will be most active, and check out our Hot Spots tab to know where fish are being caught in the area.",,,https://www.hookandbullet.com/fishing-airplane-lake-surprise-bc/tackle-guides-charters/,,
337,Big Fill Lake,"Big Fill Lake is a lake located just 4.8 miles from Flagstaff, in Coconino County, in the state of Arizona, United States. Fishermen will find that there are no fish here. That's right, no fish. No rainbows, no steelies, no pinks, no perch, no muskies. Nothing. So keep looking for another spot nearby and you'll be glad you did. Join us as we discuss the Arizona Fishing License options, fishing rules and fishing regulations. Please remember to check with the local Fish and Wildlife department to ensure the stream is open to the public. Now get out there and fish! Check out our Fishing Times chart to determine when the fish will be most active.","{'ratingcount': '2', 'ratingvalue': '5', 'bestrating': '5', 'worstrating': '1'}",True,https://www.hookandbullet.com/fishing-big-fill-lake-flagstaff-az/,35.215569,-111.569046
259,Crescent Lake,"Crescent Lake is a lake located just 39.1 miles from Juneau, in Juneau Borough, in the state of Alaska, United States, near Thane, AK. Fishermen will find a variety of fish including dolly varden, cutthroat trout, pink salmon, chum salmon and sockeye salmon here. Whether you’re baitcasting, trolling, spinning or fly fishing your chances of getting a bite here are good. So grab your favorite fly fishing rod and reel, and head out to Crescent Lake. Join us as we discuss the Alaska Fishing License options, fishing rules and fishing regulations. Please remember to check with the local Fish and Wildlife department to ensure the stream is open to the public. Now get out there and fish! Check out our Fishing Times chart to determine when the fish will be most active.","{'worstrating': '5', 'ratingvalue': '5', 'bestrating': '5', 'ratingcount': '1'}",True,https://www.hookandbullet.com/fishing-crescent-lake-juneau-ak/,58.209446,-133.358887
66,Lower Forked Lake Fishing Report,"A detailed fishing report for the Lower Forked Lake will make the difference between a good fishing here and a bad one. Let's face it, there's a lot we can learn and share from one another like what bait or lure is generating the best results. On HookandBullet, we invite you to share your knowledge with others - what tackle is working, what fish species can be found here, and where the fish are hiding. So whether it's a bass fishing report, or a trout we invite you to submit a fishing report and help us to promote the sport. If you're looking to fish in the general area be sure to check out Hot Spots tab to see where the fish are biting. Check out our Fishing Times charts to determine when the fish will be most active. Check out our Hot Spots to learn where the fish are being caught in this area.",,,https://www.hookandbullet.com/fishing-lower-forked-lake-de-witt-ar/fishing-report/,,
211,Fishing Times for Bates Lake,"For you next fishing outing to Bates Lake refer to our Fishing Times chart to determine when the fish are expected to be most active based on solunar tables and our detailed fishing calendar. We developed and refined a complex algorithm that tells you when the fish are expected to most active in relation to the moon phase, sunrise, sunset, and more. We'll tell you what times are ideal, as well as the next best times to fish Bates Lake. We do the complex work so you can make the most of your time fishing. If you're looking to fish in the general area be sure to check out Hot Spots tab to see where the fish are biting.",,,https://www.hookandbullet.com/fishing-bates-lake-citronelle-al/best-fishing-times/,,
320,Mud Lake,"Mud Lake is a lake located just 15.4 miles from Middleville, in Barry County, in the state of Michigan, United States, near Dowling, MI. Join us as we discuss the Michigan Fishing License options, fishing rules and fishing regulations. Please remember to check with the local Fish and Wildlife department to ensure the stream is open to the public. Now get out there and fish! Check out our Fishing Times chart to determine when the fish will be most active.",,True,https://www.hookandbullet.com/fishing-mud-lake-middleville-mi/,42.543369,-85.265282
407,Baboon Lake,"Baboon Lake is a lake located just 9 miles from Eureka, in Lincoln County, in the state of Montana, United States, near Tobacco, MT. Whether you’re fly fishing, baitcasting or spinning your chances of getting a bite here are good. So grab your favorite fly fishing rod and reel, and head out to Baboon Lake. Join us as we discuss the Montana Fishing License options, fishing rules and fishing regulations. Please remember to check with the local Fish and Wildlife department to ensure the stream is open to the public. Now get out there and fish! Check out our Fishing Times chart to determine when the fish will be most active.",,True,https://www.hookandbullet.com/fishing-baboon-lake-eureka-mt/,48.916077,-114.862381
43,Adams Lake,"Adams Lake is a lake located just 3.8 miles from Charlevoix, in Charlevoix County, in the state of Michigan, United States, near Ironton, MI. Fishermen will find a variety of fish including pumpkinseed sunfish, northern pike, crappie, largemouth bass, perch and bream/bluegill here. Join us as we discuss the Michigan Fishing License options, fishing rules and fishing regulations. Please remember to check with the local Fish and Wildlife department to ensure the stream is open to the public. Now get out there and fish! Check out our Fishing Times chart to determine when the fish will be most active.","{'ratingcount': '3', 'ratingvalue': '5', 'bestrating': '5', 'worstrating': '3'}",True,https://www.hookandbullet.com/fishing-adams-lake-charlevoix-mi/,45.263618,-85.244514
379,Lower Tebay Lake Fishing Report,"A detailed fishing report for the Lower Tebay Lake will make the difference between a good fishing here and a bad one. Let's face it, there's a lot we can learn and share from one another like what bait or lure is generating the best results. On HookandBullet, we invite you to share your knowledge with others - what tackle is working, what fish species can be found here, and where the fish are hiding. So whether it's a bass fishing report, or a trout we invite you to submit a fishing report and help us to promote the sport. If you're looking to fish in the general area be sure to check out Hot Spots tab to see where the fish are biting. Check out our Fishing Times charts to determine when the fish will be most active. Check out our Hot Spots to learn where the fish are being caught in this area.",,,https://www.hookandbullet.com/fishing-lower-tebay-lake-glennallen-ak/fishing-report/,,
280,Knik Lake,"Knik Lake is a lake located just 8.4 miles from Big Lake, in Matanuska-Susitna Borough, in the state of Alaska, United States, near Knik, AK. Fishermen will find a variety of fish including rainbow trout and others here. Whether you’re fly fishing, spinning or baitcasting your chances of getting a bite here are good. So grab your favorite fly fishing rod and reel, and head out to Knik Lake. Join us as we discuss the Alaska Fishing License options, fishing rules and fishing regulations. Please remember to check with the local Fish and Wildlife department to ensure the stream is open to the public. Now get out there and fish! Check out our Fishing Times chart to determine when the fish will be most active.","{'worstrating': '5', 'ratingvalue': '5', 'bestrating': '5', 'ratingcount': '1'}",True,https://www.hookandbullet.com/fishing-knik-lake-big-lake-ak/,61.461113,-149.732224
358,Richter Lake,"Richter Lake is a lake located just 7.5 miles from Osoyoos, in Okanagan-Similkameen Regional District, in the province of British Columbia, Canada. Fishermen will find a variety of fish including brook trout and others here. Join us as we discuss the British Columbia Fishing License options, fishing rules and fishing regulations. Please remember to check with the local Fish and Wildlife department to ensure the stream is open to the public. Now get out there and fish! Check out our Fishing Times chart to determine when the fish will be most active.","{'worstrating': '4', 'ratingcount': '1', 'ratingvalue': '4', 'bestrating': '4'}",True,https://www.hookandbullet.com/fishing-richter-lake-osoyoos-bc/,49.049999,-119.616669
62,Lake Idlewild,"Lake Idlewild is a lake located just 8.3 miles from Forest City, in Susquehanna County, in the state of Pennsylvania, United States, near West Clifford, PA. Fishermen will find a variety of fish including largemouth bass and others here. Alternate names for this lake include Long Pond, Cramer Pond and Chestnut Lake. Join us as we discuss the Pennsylvania Fishing License options, fishing rules and fishing regulations. Please remember to check with the local Fish and Wildlife department to ensure the stream is open to the public. Now get out there and fish! Check out our Fishing Times chart to determine when the fish will be most active.","{'worstrating': '4', 'ratingcount': '1', 'ratingvalue': '4', 'bestrating': '4'}",True,https://www.hookandbullet.com/fishing-lake-idlewild-forest-city-pa/,41.708138,-75.608795
167,Burch Pond,"Burch Pond is a lake located just 1.3 miles from Hartford, in Geneva County, in the state of Alabama, United States. Join us as we discuss the Alabama Fishing License options, fishing rules and fishing regulations. Please remember to check with the local Fish and Wildlife department to ensure the stream is open to the public. Now get out there and fish! Check out our Fishing Times chart to determine when the fish will be most active.",,True,https://www.hookandbullet.com/fishing-burch-pond-hartford-al/,31.084623,-85.704102
135,Lake Minnetonka,"Lake Minnetonka is a lake located just 1.5 miles from Spring Park, in Hennepin County, in the state of Minnesota, United States, near Mound, MN. Fishermen will find a variety of fish including crappie, smallmouth bass, muskie, largemouth bass and northern pike here. Join us as we discuss the Minnesota Fishing License options, fishing rules and fishing regulations. Please remember to check with the local Fish and Wildlife department to ensure the stream is open to the public. Now get out there and fish! Check out our Fishing Times chart to determine when the fish will be most active.",,True,https://www.hookandbullet.com/fishing-lake-minnetonka-spring-park-mn/,44.914963,-93.64135
176,Fishing Times for Halls Pond,"For you next fishing outing to Halls Pond refer to our Fishing Times chart to determine when the fish are expected to be most active based on solunar tables and our detailed fishing calendar. We developed and refined a complex algorithm that tells you when the fish are expected to most active in relation to the moon phase, sunrise, sunset, and more. We'll tell you what times are ideal, as well as the next best times to fish Halls Pond. We do the complex work so you can make the most of your time fishing. If you're looking to fish in the general area be sure to check out Hot Spots tab to see where the fish are biting.",,,https://www.hookandbullet.com/fishing-halls-pond-camilla-ga/best-fishing-times/,,
272,Beaver Dam Lake,"Beaver Dam Lake is a lake located just 4.7 miles from Akron, in Kosciusko County, in the state of Indiana, United States, near Beaver Dam, IN. Fishermen will find a variety of fish including pumpkinseed sunfish, perch, bream/bluegill, carp, crappie, northern pike, catfish, rock bass, largemouth bass and white bass here. Whether you’re fly fishing, spinning or baitcasting your chances of getting a bite here are good. So grab your favorite fly fishing rod and reel, and head out to Beaver Dam Lake. Join us as we discuss the Indiana Fishing License options, fishing rules and fishing regulations. Please remember to check with the local Fish and Wildlife department to ensure the stream is open to the public. Now get out there and fish! Check out our Fishing Times chart to determine when the fish will be most active.","{'bestrating': '3', 'ratingcount': '1', 'ratingvalue': '3', 'worstrating': '3'}",True,https://www.hookandbullet.com/fishing-beaver-dam-lake-akron-in/,41.093098,-85.974991
171,Rockdale Lake,"Rockdale Lake is a lake located just 15.9 miles from Riverbend, in King County, in the state of Washington, United States, near Rockdale, WA. Whether you’re spinning, baitcasting or fly fishing your chances of getting a bite here are good. So grab your favorite fly fishing rod and reel, and head out to Rockdale Lake. Join us as we discuss the Washington Fishing License options, fishing rules and fishing regulations. Please remember to check with the local Fish and Wildlife department to ensure the stream is open to the public. Now get out there and fish! Check out our Fishing Times chart to determine when the fish will be most active.","{'worstrating': '4', 'ratingcount': '1', 'ratingvalue': '4', 'bestrating': '4'}",True,https://www.hookandbullet.com/fishing-rockdale-lake-riverbend-wa/,47.389278,-121.430092
111,Sun Lake,"Sun Lake is a lake located just 19.5 miles from Tok, in Southeast Fairbanks Census Area, in the state of Alaska, United States, near Tetlin Junction, AK. Whether you’re spinning, fly fishing or baitcasting your chances of getting a bite here are good. So grab your favorite fly fishing rod and reel, and head out to Sun Lake. Join us as we discuss the Alaska Fishing License options, fishing rules and fishing regulations. Please remember to check with the local Fish and Wildlife department to ensure the stream is open to the public. Now get out there and fish! Check out our Fishing Times chart to determine when the fish will be most active.",,True,https://www.hookandbullet.com/fishing-sun-lake-tok-ak/,63.144165,-142.527771
326,White Lake,"White Lake is a lake located just 5.1 miles from Show Low, in Navajo County, in the state of Arizona, United States, near Roundy Crossing, AZ. Fishermen will find a variety of fish including brook trout and pickerel here. Join us as we discuss the Arizona Fishing License options, fishing rules and fishing regulations. Please remember to check with the local Fish and Wildlife department to ensure the stream is open to the public. Now get out there and fish! Check out our Fishing Times chart to determine when the fish will be most active.",,True,https://www.hookandbullet.com/fishing-white-lake-show-low-az/,34.324764,-110.056221
327,Lodwick Lake,"Lodwick Lake is a lake located just 3.1 miles from Summit Lake, in Fraser-Fort George Regional District, in the province of British Columbia, Canada. Fishermen will find a variety of fish including rainbow trout and others here. Whether you’re baitcasting, fly fishing or spinning your chances of getting a bite here are good. So grab your favorite fly fishing rod and reel, and head out to Lodwick Lake. Join us as we discuss the British Columbia Fishing License options, fishing rules and fishing regulations. Please remember to check with the local Fish and Wildlife department to ensure the stream is open to the public. Now get out there and fish! Check out our Fishing Times chart to determine when the fish will be most active.","{'worstrating': '4', 'ratingcount': '1', 'ratingvalue': '4', 'bestrating': '4'}",True,https://www.hookandbullet.com/fishing-lodwick-lake-summit-lake-bc/,49.752777,-120.711113
237,Lower Lake,"Lower Lake is a lake located just 6.9 miles from Sardis, in Panola County, in the state of Mississippi, United States, near Hideaway Hills, MS. Join us as we discuss the Mississippi Fishing License options, fishing rules and fishing regulations. Please remember to check with the local Fish and Wildlife department to ensure the stream is open to the public. Now get out there and fish! Check out our Fishing Times chart to determine when the fish will be most active.",,True,https://www.hookandbullet.com/fishing-lower-lake-sardis-ms/,34.40205,-89.803421
172,Grizzly Lake,"Grizzly Lake is a lake located just 21.4 miles from Red Rock, in Fraser-Fort George Regional District, in the province of British Columbia, Canada. Fishermen will find a variety of fish including rainbow trout and others here. Whether you’re baitcasting, fly fishing or spinning your chances of getting a bite here are good. So grab your favorite fly fishing rod and reel, and head out to Grizzly Lake. Join us as we discuss the British Columbia Fishing License options, fishing rules and fishing regulations. Please remember to check with the local Fish and Wildlife department to ensure the stream is open to the public. Now get out there and fish! Check out our Fishing Times chart to determine when the fish will be most active.","{'worstrating': '5', 'ratingvalue': '5', 'bestrating': '5', 'ratingcount': '1'}",True,https://www.hookandbullet.com/fishing-grizzly-lake-red-rock-bc/,53.716667,-122.150002
26,Lake Istokpoga,"Lake Istokpoga is a lake located just 5.8 miles from Lake Placid, in Highlands County, in the state of Florida, United States, near Sunvale, FL. Fishermen will find a variety of fish including rock bass, crappie, black bass and largemouth bass here. Whether you’re baitcasting or fly fishing your chances of getting a bite here are good. So grab your favorite fly fishing rod and reel, and head out to Lake Istokpoga. Alternate names for this lake include Lake Ostokpoga and Lake Istopoga. Join us as we discuss the Florida Fishing License options, fishing rules and fishing regulations. Please remember to check with the local Fish and Wildlife department to ensure the stream is open to the public. Now get out there and fish! Check out our Fishing Times chart to determine when the fish will be most active.","{'ratingvalue': '5', 'bestrating': '5', 'worstrating': '3', 'ratingcount': '4'}",True,https://www.hookandbullet.com/fishing-lake-istokpoga-lake-placid-fl/,27.34643,-81.289238
194,Map of River Lake,"So you're interested in fishing River Lake. As fishermen, we know there are times when our favorite spots are just not active so we built our Hot Spots feature to show you where the fish are biting in the area of River Lake. Now you'll know where catches are being recorded in the general area, and you can plan your day on the water. Check out our Fishing Times tab to determine when the fish will be most active. To find River Lake enter the 29.268021 latitude, and -95.568832 longitude coordinates into your GPS device or smart phone. If you need fishing tackle, or are looking for a fishing guide or fishing charter please visit Tackle, Guides, Charters",,,https://www.hookandbullet.com/fishing-river-lake-holiday-lakes-tx/nearby-hot-spots/,,
333,Map of Lost Lake,"So you're interested in fishing Lost Lake. As fishermen, we know there are times when our favorite spots are just not active so we built our Hot Spots feature to show you where the fish are biting in the area of Lost Lake. Now you'll know where catches are being recorded in the general area, and you can plan your day on the water. Check out our Fishing Times tab to determine when the fish will be most active. To find Lost Lake enter the 65.504166 latitude, and -154.050003 longitude coordinates into your GPS device or smart phone. If you need fishing tackle, or are looking for a fishing guide or fishing charter please visit Tackle, Guides, Charters",,,https://www.hookandbullet.com/fishing-lost-lake-hughes-ak/nearby-hot-spots/,,
213,Phantom Lake,"Phantom Lake is a lake located just 1.6 miles from West Lake Sammamish, in King County, in the state of Washington, United States, near Bellevue, WA. Fishermen will find a variety of fish including largemouth bass and blue catfish here. Join us as we discuss the Washington Fishing License options, fishing rules and fishing regulations. Please remember to check with the local Fish and Wildlife department to ensure the stream is open to the public. Now get out there and fish! Check out our Fishing Times chart to determine when the fish will be most active.","{'worstrating': '5', 'ratingvalue': '5', 'bestrating': '5', 'ratingcount': '1'}",True,https://www.hookandbullet.com/fishing-phantom-lake-west-lake-sammamish-wa/,47.593433,-122.125122
32,Fish Lake,"Fish Lake is a lake located just 24 miles from Lake Minchumina, in Denali Borough, in the state of Alaska, United States. Fishermen will find a variety of fish including rainbow trout and steelhead trout here. Whether you’re spinning, baitcasting or fly fishing your chances of getting a bite here are good. So grab your favorite fly fishing rod and reel, and head out to Fish Lake. Alternate names for this lake include White Fish Lake. Join us as we discuss the Alaska Fishing License options, fishing rules and fishing regulations. Please remember to check with the local Fish and Wildlife department to ensure the stream is open to the public. Now get out there and fish! Check out our Fishing Times chart to determine when the fish will be most active.",,True,https://www.hookandbullet.com/fishing-fish-lake-lake-minchumina-ak/,63.544998,-152.499725
339,Grotto Mountain Pond,"Grotto Mountain Pond is a lake located just 6.3 miles from Seebe, in Division 15, in the province of Alberta, Canada. Fishermen will find a variety of fish including whitefish, brown trout, sucker and rainbow trout here. Whether you’re baitcasting, spinning or fly fishing your chances of getting a bite here are good. So grab your favorite fly fishing rod and reel, and head out to Grotto Mountain Pond. Join us as we discuss the Alberta Fishing License options, fishing rules and fishing regulations. Please remember to check with the local Fish and Wildlife department to ensure the stream is open to the public. Now get out there and fish! Check out our Fishing Times chart to determine when the fish will be most active.","{'worstrating': '5', 'ratingvalue': '5', 'bestrating': '5', 'ratingcount': '1'}",True,https://www.hookandbullet.com/fishing-grotto-mountain-pond-seebe-ab/,51.065834,-115.203056
169,Moraine Lake,"Moraine Lake is a lake located just 3.8 miles from Brighton, in Livingston County, in the state of Michigan, United States. Join us as we discuss the Michigan Fishing License options, fishing rules and fishing regulations. Please remember to check with the local Fish and Wildlife department to ensure the stream is open to the public. Now get out there and fish! Check out our Fishing Times chart to determine when the fish will be most active.","{'worstrating': '4', 'ratingcount': '1', 'ratingvalue': '4', 'bestrating': '4'}",True,https://www.hookandbullet.com/fishing-moraine-lake-brighton-mi/,42.5592,-83.717163
390,Wormwood Pond,"Wormwood Pond is a lake located just 7.8 miles from Ellsworth, in Hancock County, in the state of Maine, United States, near Lakewood, ME. Join us as we discuss the Maine Fishing License options, fishing rules and fishing regulations. Please remember to check with the local Fish and Wildlife department to ensure the stream is open to the public. Now get out there and fish! Check out our Fishing Times chart to determine when the fish will be most active.",,True,https://www.hookandbullet.com/fishing-wormwood-pond-ellsworth-me/,44.654797,-68.448914
363,Fishing Times for Stoney Lake,"For you next fishing outing to Stoney Lake refer to our Fishing Times chart to determine when the fish are expected to be most active based on solunar tables and our detailed fishing calendar. We developed and refined a complex algorithm that tells you when the fish are expected to most active in relation to the moon phase, sunrise, sunset, and more. We'll tell you what times are ideal, as well as the next best times to fish Stoney Lake. We do the complex work so you can make the most of your time fishing. If you're looking to fish in the general area be sure to check out Hot Spots tab to see where the fish are biting.",,,https://www.hookandbullet.com/fishing-stoney-lake-elk-point-ab/best-fishing-times/,,
17,Willow Lake Fishing Report,"A detailed fishing report for the Willow Lake will make the difference between a good fishing here and a bad one. Let's face it, there's a lot we can learn and share from one another like what bait or lure is generating the best results. On HookandBullet, we invite you to share your knowledge with others - what tackle is working, what fish species can be found here, and where the fish are hiding. So whether it's a bass fishing report, or a trout we invite you to submit a fishing report and help us to promote the sport. If you're looking to fish in the general area be sure to check out Hot Spots tab to see where the fish are biting. Check out our Fishing Times charts to determine when the fish will be most active. Check out our Hot Spots to learn where the fish are being caught in this area.",,,https://www.hookandbullet.com/fishing-willow-lake-lambert-ms/fishing-report/,,
274,Otter Lake,"Otter Lake is a lake located just 65.5 miles from Valdez, in Valdez-Cordova Census Area, in the state of Alaska, United States, near Chenega (historical), AK. Whether you’re fly fishing, spinning or baitcasting your chances of getting a bite here are good. So grab your favorite fly fishing rod and reel, and head out to Otter Lake. Join us as we discuss the Alaska Fishing License options, fishing rules and fishing regulations. Please remember to check with the local Fish and Wildlife department to ensure the stream is open to the public. Now get out there and fish! Check out our Fishing Times chart to determine when the fish will be most active.",,True,https://www.hookandbullet.com/fishing-otter-lake-valdez-ak/,60.422501,-147.639999
2,"Bait Shops, Tackle Shops, and Fishing Charters","Find fishing tackle, live bait, fishing guides, fishing charters, campgrounds, and hotels near Beaverdam Lake. After all, we all forget gear from time to time. Sometimes we need some expert advice, or we get caught out on the water later than expected. At HookandBullet, we make it easy for you to find the fishing related businesses in the area. Check out our Fishing Times tab to determine when the fish will be most active, and check out our Hot Spots tab to know where fish are being caught in the area.","{'worstrating': '4', 'ratingcount': '1', 'ratingvalue': '4', 'bestrating': '4'}",,https://www.hookandbullet.com/fishing-beaverdam-lake-clinton-bc/tackle-guides-charters/,,
0,Close Lake Fishing Report,"A detailed fishing report for the Close Lake will make the difference between a good fishing here and a bad one. Let's face it, there's a lot we can learn and share from one another like what bait or lure is generating the best results. On HookandBullet, we invite you to share your knowledge with others - what tackle is working, what fish species can be found here, and where the fish are hiding. So whether it's a bass fishing report, or a trout we invite you to submit a fishing report and help us to promote the sport. If you're looking to fish in the general area be sure to check out Hot Spots tab to see where the fish are biting. Check out our Fishing Times charts to determine when the fish will be most active. Check out our Hot Spots to learn where the fish are being caught in this area.",,,https://www.hookandbullet.com/fishing-close-lake-tok-ak/fishing-report/,,
195,Hart Lake Fishing Report,"A detailed fishing report for the Hart Lake will make the difference between a good fishing here and a bad one. Let's face it, there's a lot we can learn and share from one another like what bait or lure is generating the best results. On HookandBullet, we invite you to share your knowledge with others - what tackle is working, what fish species can be found here, and where the fish are hiding. So whether it's a bass fishing report, or a trout we invite you to submit a fishing report and help us to promote the sport. If you're looking to fish in the general area be sure to check out Hot Spots tab to see where the fish are biting. Check out our Fishing Times charts to determine when the fish will be most active. Check out our Hot Spots to learn where the fish are being caught in this area.","{'bestrating': '3', 'ratingcount': '1', 'ratingvalue': '3', 'worstrating': '3'}",,https://www.hookandbullet.com/fishing-hart-lake-hydraulic-bc/fishing-report/,,
196,Phyllis Lake,"Phyllis Lake is a lake located just 8.6 miles from Burnstick Lake, in Division 9, in the province of Alberta, Canada. Fishermen will find a variety of fish including sucker, perch and rainbow trout here. Whether you’re baitcasting, fly fishing or spinning your chances of getting a bite here are good. So grab your favorite fly fishing rod and reel, and head out to Phyllis Lake. Join us as we discuss the Alberta Fishing License options, fishing rules and fishing regulations. Please remember to check with the local Fish and Wildlife department to ensure the stream is open to the public. Now get out there and fish! Check out our Fishing Times chart to determine when the fish will be most active.","{'bestrating': '3', 'ratingcount': '1', 'ratingvalue': '3', 'worstrating': '3'}",True,https://www.hookandbullet.com/fishing-phyllis-lake-burnstick-lake-ab/,52.099998,-114.96833
366,Fishing Times for Pike Lake,"For you next fishing outing to Pike Lake refer to our Fishing Times chart to determine when the fish are expected to be most active based on solunar tables and our detailed fishing calendar. We developed and refined a complex algorithm that tells you when the fish are expected to most active in relation to the moon phase, sunrise, sunset, and more. We'll tell you what times are ideal, as well as the next best times to fish Pike Lake. We do the complex work so you can make the most of your time fishing. If you're looking to fish in the general area be sure to check out Hot Spots tab to see where the fish are biting.",,,https://www.hookandbullet.com/fishing-pike-lake-newberry-mi/best-fishing-times/,,
377,Robertson Lake,"Robertson Lake is a lake located just 1.8 miles from Summit Lake, in Fraser-Fort George Regional District, in the province of British Columbia, Canada. Fishermen will find a variety of fish including rainbow trout and others here. Whether you’re spinning, baitcasting or fly fishing your chances of getting a bite here are good. So grab your favorite fly fishing rod and reel, and head out to Robertson Lake. Join us as we discuss the British Columbia Fishing License options, fishing rules and fishing regulations. Please remember to check with the local Fish and Wildlife department to ensure the stream is open to the public. Now get out there and fish! Check out our Fishing Times chart to determine when the fish will be most active.","{'worstrating': '4', 'ratingcount': '1', 'ratingvalue': '4', 'bestrating': '4'}",True,https://www.hookandbullet.com/fishing-robertson-lake-summit-lake-bc/,49.733334,-120.666672
122,Map of Headwater Lakes,"So you're interested in fishing Headwater Lakes. As fishermen, we know there are times when our favorite spots are just not active so we built our Hot Spots feature to show you where the fish are biting in the area of Headwater Lakes. Now you'll know where catches are being recorded in the general area, and you can plan your day on the water. Check out our Fishing Times tab to determine when the fish will be most active. To find Headwater Lakes enter the 49.816666 latitude, and -120 longitude coordinates into your GPS device or smart phone. If you need fishing tackle, or are looking for a fishing guide or fishing charter please visit Tackle, Guides, Charters","{'ratingcount': '2', 'ratingvalue': '5', 'bestrating': '5', 'worstrating': '4'}",,https://www.hookandbullet.com/fishing-headwater-lakes-peachland-bc/nearby-hot-spots/,,
209,"Bait Shops, Tackle Shops, and Fishing Charters","Find fishing tackle, live bait, fishing guides, fishing charters, campgrounds, and hotels near Beaver Lake. After all, we all forget gear from time to time. Sometimes we need some expert advice, or we get caught out on the water later than expected. At HookandBullet, we make it easy for you to find the fishing related businesses in the area. Check out our Fishing Times tab to determine when the fish will be most active, and check out our Hot Spots tab to know where fish are being caught in the area.",,,https://www.hookandbullet.com/fishing-beaver-lake-burnstick-lake-ab/tackle-guides-charters/,,
370,Clauminchil Lake,"Clauminchil Lake is a lake located just 11.9 miles from Chief Lake, in Fraser-Fort George Regional District, in the province of British Columbia, Canada. Whether you’re fly fishing, baitcasting or spinning your chances of getting a bite here are good. So grab your favorite fly fishing rod and reel, and head out to Clauminchil Lake. Join us as we discuss the British Columbia Fishing License options, fishing rules and fishing regulations. Please remember to check with the local Fish and Wildlife department to ensure the stream is open to the public. Now get out there and fish! Check out our Fishing Times chart to determine when the fish will be most active.",,True,https://www.hookandbullet.com/fishing-clauminchil-lake-chief-lake-bc/,54.200001,-123.26667
4,Balmoral Farm Pond,"Balmoral Farm Pond is a lake located just 1.1 miles from Watertown, in Litchfield County, in the state of Connecticut, United States. Join us as we discuss the Connecticut Fishing License options, fishing rules and fishing regulations. Please remember to check with the local Fish and Wildlife department to ensure the stream is open to the public. Now get out there and fish! Check out our Fishing Times chart to determine when the fish will be most active.",,True,https://www.hookandbullet.com/fishing-balmoral-farm-pond-watertown-ct/,41.590374,-73.124557
249,"Bait Shops, Tackle Shops, and Fishing Charters","Find fishing tackle, live bait, fishing guides, fishing charters, campgrounds, and hotels near Sugar Loaf Lake. After all, we all forget gear from time to time. Sometimes we need some expert advice, or we get caught out on the water later than expected. At HookandBullet, we make it easy for you to find the fishing related businesses in the area. Check out our Fishing Times tab to determine when the fish will be most active, and check out our Hot Spots tab to know where fish are being caught in the area.","{'bestrating': '3', 'ratingcount': '1', 'ratingvalue': '3', 'worstrating': '3'}",,https://www.hookandbullet.com/fishing-sugar-loaf-lake-mansfield-ar/tackle-guides-charters/,,
29,Shunda Lake,"Shunda Lake is a lake located just 3 miles from Brazeau, in Division 9, in the province of Alberta, Canada. Fishermen will find a variety of fish including rainbow trout and sucker here. Whether you’re baitcasting, spinning or fly fishing your chances of getting a bite here are good. So grab your favorite fly fishing rod and reel, and head out to Shunda Lake. Join us as we discuss the Alberta Fishing License options, fishing rules and fishing regulations. Please remember to check with the local Fish and Wildlife department to ensure the stream is open to the public. Now get out there and fish! Check out our Fishing Times chart to determine when the fish will be most active.","{'worstrating': '5', 'ratingvalue': '5', 'bestrating': '5', 'ratingcount': '1'}",True,https://www.hookandbullet.com/fishing-shunda-lake-brazeau-ab/,52.451668,-116.15139
214,Fishing Times for Chilko Lake,"For you next fishing outing to Chilko Lake refer to our Fishing Times chart to determine when the fish are expected to be most active based on solunar tables and our detailed fishing calendar. We developed and refined a complex algorithm that tells you when the fish are expected to most active in relation to the moon phase, sunrise, sunset, and more. We'll tell you what times are ideal, as well as the next best times to fish Chilko Lake. We do the complex work so you can make the most of your time fishing. If you're looking to fish in the general area be sure to check out Hot Spots tab to see where the fish are biting.",,,https://www.hookandbullet.com/fishing-chilko-lake-copper-creek-bc/best-fishing-times/,,
374,Fishing Times for 4 Mile Lake,"For you next fishing outing to 4 Mile Lake refer to our Fishing Times chart to determine when the fish are expected to be most active based on solunar tables and our detailed fishing calendar. We developed and refined a complex algorithm that tells you when the fish are expected to most active in relation to the moon phase, sunrise, sunset, and more. We'll tell you what times are ideal, as well as the next best times to fish 4 Mile Lake. We do the complex work so you can make the most of your time fishing. If you're looking to fish in the general area be sure to check out Hot Spots tab to see where the fish are biting.",,,https://www.hookandbullet.com/fishing-4-mile-lake-clinton-bc/best-fishing-times/,,
409,Stoney Lake Fishing Report,"A detailed fishing report for the Stoney Lake will make the difference between a good fishing here and a bad one. Let's face it, there's a lot we can learn and share from one another like what bait or lure is generating the best results. On HookandBullet, we invite you to share your knowledge with others - what tackle is working, what fish species can be found here, and where the fish are hiding. So whether it's a bass fishing report, or a trout we invite you to submit a fishing report and help us to promote the sport. If you're looking to fish in the general area be sure to check out Hot Spots tab to see where the fish are biting. Check out our Fishing Times charts to determine when the fish will be most active. Check out our Hot Spots to learn where the fish are being caught in this area.","{'worstrating': '5', 'ratingvalue': '5', 'bestrating': '5', 'ratingcount': '1'}",,https://www.hookandbullet.com/fishing-stoney-lake-elk-point-ab/fishing-report/,,
350,Roper Lake,"Roper Lake is a lake located just 1.9 miles from Swift Trail Junction, in Graham County, in the state of Arizona, United States, near Cactus Flat, AZ. Fishermen will find a variety of fish including crappie, sunfish, largemouth bass, bullhead, catfish and rainbow trout here. Whether you’re baitcasting, fly fishing or spinning your chances of getting a bite here are good. So grab your favorite fly fishing rod and reel, and head out to Roper Lake. Join us as we discuss the Arizona Fishing License options, fishing rules and fishing regulations. Please remember to check with the local Fish and Wildlife department to ensure the stream is open to the public. Now get out there and fish! Check out our Fishing Times chart to determine when the fish will be most active.","{'bestrating': '3', 'ratingcount': '2', 'ratingvalue': '3', 'worstrating': '0'}",True,https://www.hookandbullet.com/fishing-roper-lake-swift-trail-junction-az/,32.755066,-109.702301
