row_id,name,description,telephone,page_url,address.streetaddress,address.addressregion,address.postalcode,address.addresscountry,address.addresslocality,geo.longitude,geo.latitude
0,Stillwater-North Fork Waterfowl Resting Area,The Stillwater-North Fork Waterfowl Resting Area is Monroe Lake’s premier wildlife management area. This large seasonal marsh is comprised not only of...,(812) 837-9546,https://www.visitbloomington.com/listing/stillwater-north-fork-waterfowl-resting-area/1082/,8532 E. Kent Road,IN,47401,UNITED STATES,Bloomington,-8.63981206946E1,3.91505660951E1
1,Little Africa Wildlife Viewing Area,The Little Africa Wildlife Viewing Area is located on a 25-acre peninsula that juts out into Lake Lemon at its far eastern end. There is a parking lot...,(812) 334-0233,https://www.visitbloomington.com/listing/little-africa-wildlife-viewing-area/1080/,7599 N. Tunnel Road,IN,47468,UNITED STATES,Unionville,-8.63646303869E1,3.92519350063E1
2,Griffy Lake Nature Preserve,"A beautiful and unique natural area, Griffy Lake is a 1,200-acre nature preserve located just minutes from downtown Bloomington. Originally designed...",(812) 349-3700,https://www.visitbloomington.com/listing/griffy-lake-nature-preserve/1853/,3400 N. Headley Road,IN,47408,UNITED STATES,Bloomington,-8.65132204E1,3.91967465E1
3,Fairfax State Recreation Area,Fairfax State Recreation Area is operated by the Indiana Department of Natural Resources and is located on the west side of Monroe Lake. The...,(812) 837-9546,https://www.visitbloomington.com/listing/fairfax-state-recreation-area/291/,9801 S. Fairfax Road,IN,47401,UNITED STATES,Bloomington,-8.64895248413E1,3.90258518642E1
