row_id,name,description,telephone,email,page_url,address.addresslocality,address.streetaddress,address.addresscountry,address.postalcode,geo.longitude,geo.latitude,image.author,image.copyrightholder
0,"Japan, 2005","The painting \""Japan\"" is a part of the gable painting collection \""Sportsarkaden\"", which is located on Storegade in Brande.",96272222,mail@visitherning.com,https://www.visitherning.com/herning/things-do/japan-2005-gdk1111815,Brande,Storegade null,DK,7330,9.12712812423706E0,5.59437928103151E1,VisitHerning,
1,Herningsholm Museum,"Cannons, woolly socks and life on the heath In the atmospheric old rooms of the manor, you can get close and personal with the author Steen Steensen Blicher and life on the heath, presented in text, pictures and different objects. However, you can also experience the story of a manor, that went from housing a small army and cannons, to developing a business based on sheep and woolly socks – and which became the beginning of the textile industry of Central Jutland. After visiting the exhibitions, you can take a stroll or enjoy your lunch in the cosy, small gardens – or perhaps pop into our museum shop, which sells books, toys and much more. Museum Midtjylland Herningsholm Museum is a part of Museum Midtjylland, which consists of five cultural history museums that each tell a part of the history of Central Jutland. Both the history that dates back thousands of years and the history that is still alive in memories, people and craftsmanship. Stop by to discover the history and stories, and experience Central Jutland, as it was before, now and tomorrow. You can read more about the different activities, exhibitions and the many different events and experiences at",96261900,kontakt@museummidtjylland.dk,https://www.visitherning.com/herning/things-do/herningsholm-museum-gdk607611,Herning,Herregårdsparken 1 null,DK,7400,8.99887917947348E0,5.61456516996855E1,VisitHerning,
2,Stenbukken (The Capricorn),"Stenbukken by Ole Christensen, year unknown Ole Christensen was a Zealand artist, who already as a 19-year-old in the beginning of the 50’s embarked the decorative art. Through his art, he has worked with opposite; thick against thin, large against small and not least feminine and soft shapes opposite masculine pillars. “Stenbukken” or “The Capricorn” is a typically feminine work due to its soft edges, the curved shape and polished surface, that almost invites you to run your hand across it.",,,https://www.visitherning.com/herning/things-do/stenbukken-capricorn-gdk1096189,Herning,null null,DK,7400,0,0,VisitHerning,Herning Kommune
3,"Rygsøjler, 1970",Claes Birch was born in 1942 in Roskilde and died i 2003. He was educated from the academy of art in Copenhagen.,96272222,mail@visitherning.com,https://www.visitherning.com/herning/things-do/rygsojler-1970-gdk1111803,Brande,Torvegade 5 null,DK,7330,9.12941873073578E0,5.59431409138576E1,VisitHerning,
4,Monument to Ikast,"Bjørn Nørgaard was only 26 years old when he and four other young artists were asked to do a sculpture to a new housing area in Ikast. In return theu would have a street named after them. The four young artists were Poul Gernes, Per Kirkeby, Egon Fischer and Sven Dalsgaard. Ikast Monumentet was originally located in Højrisparken but was later on moved to Frisenborg Sculpture Park.",,kultur@ikast-brande.dk,https://www.visitherning.com/herning/things-do/monument-ikast-gdk1113943,Ikast,Frisenborgparken null,DK,7430,9.15167386E0,5.613443389E1,VisitHerning,
5,Abyss,"Abyss is a seven-meter high passage building, located in front of AU Herning.",,,https://www.visitherning.com/herning/things-do/abyss-gdk1093876,Herning,Birk Centerpark 219 null,DK,7400,9.02736067771912E0,5.61287089570878E1,VisitHerning,
6,Stjernen (The star),"The Star got its name, because when viewed from above it looks like a large green starfish. Each of the five arms has a separate function, such as housing nursery or reception classes, kindergarten and after school programme, form levels 0-3, form levels 3-6 and the school’s workshop and staff facilities, meet-ing rooms and offices. Take a tour around the school on the 740-metre long path called The red carpet and experience the spectacular architecture. Along the way, you will pass the carefully planned outdoor spaces that encourage both play and learning. Every outdoor space has its own theme: urban, hills, forest, water, sand and garden.",96 28 70 70,tjoerring-skole@herning.dk,https://www.visitherning.com/herning/things-do/stjernen-star-gdk1087962,Herning,Gilmosevej 20 null,DK,7400,0,0,VisitHerning,VisitHerning
7,Double Form,"Aage Damgaard came to the town with great dreams and started Hakkelsesskæreriet with his brother Mads. In the 1930s two productive men from the country took over the rooms and started building the first textile industry in the middle of Jutland. They spent their success and new-found wealth buying art and attracting artists to Herning. One of the artists that Aage Damgaard managed to attract here was the Dutch artist Carel Visser, who made the sculpture Double Form.",96282828,kommune@herning.dk,https://www.visitherning.com/herning/things-do/double-form-gdk1087977,Herning,Torvet null,DK,7400,0,0,VisitHerning,VisitHerning
8,Livsglæde (Joy of life),"In his early work, he worked in granite, but had a fundamental desire to create sculptures in a more easily accessible material. In the 50’s he therefore started doing sculptures in plate iron. Subsequently developed it into steel and glass in various reliefs and sculptures that creates an exciting material contrast. Jørgensen has a desire that the sculptures from his hand, should play together with their surroundings. With an interaction between lightness and gravity, as well as sharp and soft surfaces, Jørgensen wants to express something life-affirming, as the title also refers to.",,,https://www.visitherning.com/herning/things-do/livsglaede-joy-life-gdk1096276,Herning,null null,DK,7400,0,0,VisitHerning,Herning Kommune
9,"Alice in Wonderland, 2016","The most surprising elements in the work of art are the left foot of Alice, the claws of the rabbit, Alice's eyes and the cake in her hand, which can be reached regardless of your position to the wall. \""Eat me\"" is an essential part of the fairy tale, since Alice enlarged or reduces her size when eating the cake. Think about it - Alice is a symbol of the ups and downs in life.",96272222,mail@visitherning.com,https://www.visitherning.com/herning/things-do/alice-wonderland-2016-gdk1111790,Brande,Jernbanegade 5 null,DK,7330,9.1278375685215E0,5.59435584893494E1,VisitHerning,
10,Pigen med pilekvisten (Girl with willow twig),"”Pigen med pilekvisten” is a combination of classic and modern. Her face isn't detailed and neither is her hair. However, her hands, body and the willow twig are more detailed. The sculpture shows that the girl is looking for water. I former times they believed that is was possible to find underground water by the use of willow twigs.",,kultur@ikast-brande.dk,https://www.visitherning.com/herning/things-do/pigen-med-pilekvisten-girl-willow-twig-gdk1113952,Ikast,Tovet Rådhusstrædet,DK,7430,9.15510356426239E0,5.6138830906585E1,VisitHerning,
11,"Sirenens Svanesang, 2018",You stand in the bottom of the sea looking at the sun above. On the side you see a lost viking ship and a mermaid wrapped in a fishing net. The big jellyfish was added to the painting after the artists' trip the the west coast of Denmark.,96272222,mail@visitherning.com,https://www.visitherning.com/herning/things-do/sirenens-svanesang-2018-gdk1111832,Brande,Jernbanegade-Nørregade null,DK,7330,9.1275143623352E0,5.59438348677742E1,VisitHerning,
12,"Rene Linjer, 1991","The motive on the gable of 120 square metre was originally intended the new central station in Oslo, but this project never accomplished. Fortunately, the artist thought that this gable in Brande was a perfect fit for his motive.",96272222,mail@visitherning.com,https://www.visitherning.com/herning/things-do/rene-linjer-1991-gdk1111805,Brande,Jernbanegade 4 null,DK,7330,9.12838608026504E0,5.59435584893494E1,VisitHerning,
13,"Vandtårnet (Water Tower), 1992","Poul Gernes (born 19 March 1925 at Frederiksberg, died March 22, 1996, 71 years old) was a Danish painter, graphic artist and sculptor who was born and raised at Frederiksberg in Copenhagen. In 1949, he debuted with his first exhibition at the Artists' Autumn Exhibition. Poul Gernes worked through the 1950s with prototypes for furniture and lamps. Around 1960 he resumed painting. In 1961, he received a scholarship from the Thorvaldsen-Eckersberg Foundation, and he started with the experimental art school, better known as Ex-school, \""Eks-Skolen\"" together with art historian Troels Andersen. In 1968 Poul Gernes was given the task of decorating the County Hospital of Copenhagen County in Herlev, but first started work in 1970-1976. In 1988 his famous decoration of the Palads Cinema was created.",,,https://www.visitherning.com/herning/things-do/vandtarnet-water-tower-1992-gdk1100215,Brande,Blichersvej 24 null,DK,7330,9.13392824E0,5.594127442E1,VisitHerning,
14,Danish Wilton Sculpture,"The sculpture was constructed by Paul Gadegaard, a painter and sculptor. The iconic sculpture was designed and constructed in 1993, and has today become the logo and trademark of Dansk Wilton.",,,https://www.visitherning.com/herning/things-do/danish-wilton-sculpture-gdk1093845,Herning,Højskolevej 3 null,DK,7400,9.01994705200195E0,5.61332112518059E1,VisitHerning,VisitHerning
15,"Legetøjsdyr, 1968","The artist and graphic designer, Leif Jepsen, was born in Glostrup in 1938. He is educated from The Academy of Arts by professors such as Egill Jacobsen and Dan Sterup Hansen between 1963 and 1967. In 1968 he received a silver medal from The Academy of Arts. The gable painting \""Legetøjsdyr\"" is a play of proportion. His \""Legetøjshund i forskellige bevægelsesstadier\"" shows a oversize extract of a dog in three different split positions, so that you get a feeling of the animal's movement and a mechanical mark.",96272222,mail@visitherning.com,https://www.visitherning.com/herning/things-do/legetojsdyr-1968-gdk1111794,Brande,Torvegade 21 null,DK,7330,9.1312600672245E0,5.59429606640528E1,VisitHerning,
16,No title - Willy Ørskov,You can also experience another one of Willy Ørskov's works in the Sculpture Park in Birk.,,,https://www.visitherning.com/herning/things-do/no-title-willy-orskov-gdk1093835,Herning,Torvet null,DK,7400,8.97556722164154E0,5.61372198235887E1,VisitHerning,VisitHerning
17,"Kvinde, sky og fugl, 1968/2001","Poul Agger was born in Copenhagen in 1936. He is a painter, graphic designer and sculptor, and he was a student of Mogens Andersen. Poul Agger a co-founder of Sommerudstillingen 1961 and a member Grønningen from 1969. His motives circles around the head as a childish-primitive ground symbol and his creative world of plants, animals and humans is expressed through a combination of dim and bright colours.",96272222,mail@visitherning.com,https://www.visitherning.com/herning/things-do/kvinde-sky-og-fugl-19682001-gdk1111799,Brande,Stationsvej 16 null,DK,7330,9.13043260574341E0,5.59438739210883E1,VisitHerning,
18,Rød Hankeskulptur,"When the house area Højrisparken was constructed in 1973 some young artists where asked to each create a sculpture for the area. The artists were Bjørn Nørgaard, Poul Gernes, Per Kirkeby, Egon Fischer and Sven Dalsgaard. In return they would have a street named after them, hence the name of the street Egon Fishersvej, where the sculpture is located.",,kultur@ikast-brande.dk,https://www.visitherning.com/herning/things-do/rod-hankeskulptur-gdk1113949,Ikast,Højrisparken null,DK,7430,9.17916163802147E0,5.61318271363051E1,VisitHerning,
19,Trompe L'oeil,"Marion Ruthardt has painted a 3D painting on one of the 12 ports at RemisenBrande, during the International Street Art Festival in 2019. The place was in the past a locomotive workshop and after restoration, it is now an interesting place for events, concerts, meetings, conferences, etc.",,,https://www.visitherning.com/herning/things-do/trompe-loeil-gdk1120702,Brande,Remisevej 1 null,DK,7330,9.13190773E0,5.594487555E1,VisitHerning,VisitHerning
20,"Danmark, 2004","The painting \""Danmark\"" is a part of the gable painting collection \""Sportsarkaden\"", which is located on Storegade in Brande.",96272222,mail@visitherning.com,https://www.visitherning.com/herning/things-do/danmark-2004-gdk1111813,Brande,Storegade null,DK,7330,9.12720322608948E0,5.59438288595686E1,VisitHerning,
21,Det Gotiske Skur,"The art piece shouldn't necessarily be seen as a sculpture, but instead make the observer stop up and think.",30 25 86 58,,https://www.visitherning.com/herning/things-do/det-gotiske-skur-gdk1093929,Kibæk,Døvlingvej null,DK,6933,8.83644104003906E0,5.59432400508927E1,VisitHerning,
22,Den store dansker (The Great Dane),"Sven Dalsgaards sculpture ”Den store Dansker” attach to the history of Ikast and its houseowners' association. In 1973 the houseowners' association offered a group of young and unknown artists the task of decorating the newly established housing area in Højrisparken with sculptures. The five artists that said yes were Poul Gernes, Per Kirkeby, Egon Fischer, Bjørn Nørgaard and Sven Dalsgaard, who is a little older than the rest of the artists.",,kultur@ikast-brande.dk,https://www.visitherning.com/herning/things-do/den-store-dansker-great-dane-gdk1113947,Ikast,Højrisparken null,DK,7430,9.18119716225192E0,5.61341869796197E1,VisitHerning,
23,The Normans,"The Normans and the Viking ship can't be defined as art, but more precisely the remains of a piece of art - the Viking ship that was used during the shooting of the movie Normannerne.",,,https://www.visitherning.com/herning/things-do/normans-gdk1093928,Herning,Søby Brunkulsmuseum null,DK,7400,9.05406475067139E0,5.60465408332924E1,VisitHerning,VisitHerning
24,Column,"Column is the name of the art piece. Column is 7 metres high with a diameter at 73,34 centimetres.",,,https://www.visitherning.com/herning/things-do/column-gdk1018140,Herning,Østergade 21 null,DK,7400,8.9788577589E0,5.6135848724E1,VisitHerning,VisitHerning
25,Bifrost Town Gate,"The Norse Mythology forms the basis for the town gate. In this, Bifrost is the rainbow on which the Nordic Gods travel to come from the gods' world, Asgard, to the humans' world, Midgard. In the Norse Mythology, you also find the Valkyries, which historical sources describe as female power holders, who were send to Midgard to select the bravest worriers, who were destined to fall in battle. They were brought to Asgard via Bifrost to an eternal life with daily battles and celebrations on the Ida Plain in the gods’ world.",,kultur@ikast-brande.dk,https://www.visitherning.com/herning/things-do/bifrost-town-gate-gdk607856,Brande,Langkærvej 13 null,DK,7330,9.1581297999E0,5.59164599E1,VisitHerning,
26,The Utzon Building,The building was designed by the world-famous architect Jørn Utzon in 1970 and is today used as a private estate. Take a look at it from the garden to really appreciate the many shapes of this building.,96282828,kommune@herning.dk,https://www.visitherning.com/herning/things-do/utzon-building-gdk1087958,Herning,Birk Centerpark 20 null,DK,7400,0,0,VisitHerning,VisitHerning
27,"Musen - Kunstens Geometri, 2019","The artwork is created during The International Steet Art Festival in Brande in 2019. The festival has been a returning event since 2015 and since 2016 a house gable has been decorated as well. The gables have been decorated in the so-called trompe l'oeil style by some of the street artists. \""Musen - Kunstens Geometri\"" is located on Storegade 5 in Brande.",,,https://www.visitherning.com/herning/things-do/musen-kunstens-geometri-2019-gdk1114050,Brande,N.I. Møllers Plads null,DK,7330,9.1259291768074E0,5.59449043135317E1,VisitHerning,
28,Den sidste cigaret (The last cigarette),"Erik Dietsman's art pieces are often characterized by their humorous twist whether it is shown in the shape of the sculpture or the title. He was very inspired by Marchel Duchamp and the Fluxus-moovement, which he was related to himself. They understood to turn things around and question the common understanding to see things in a new light. Erik Dietman introduced new themes to art. Play on words and ambiguity are often present in his works.",,kultur@ikast-brande.dk,https://www.visitherning.com/herning/things-do/den-sidste-cigaret-last-cigarette-gdk1113946,Ikast,Højrisparken null,DK,7430,9.18129479832714E0,5.61343974261972E1,VisitHerning,
29,The Yvonne Stone,"Groest Hede was used by the Danish Resistance Movement to receive weapons dropped by Britain's Royal Air Force under the codename YVONNE at the end of German occupation 1940-1945. In the year 1995, a monument was set up to honour the local fight for freedom.",,kultur@ikast-brande.dk,https://www.visitherning.com/herning/things-do/yvonne-stone-gdk1079176,Nørre Snede,Rørbækvej null,DK,8766,9.37852621078491E0,5.59350679042928E1,Ikast-Brande Kommune,
30,"Dødens Eleksir (Death Potions), 1970","This mural painting is one of the Nordic gables designed in 1970. The somewhat dark atmosphere is based on the artist's protest against the Vietnam War. The imaged molecules show very dangerous chemical compounds that have a lethal effect even in very small amounts. Adolph Denis Horn was born on December 10, 1933 in Oslo. He grew up in Larvik and is known as a painter, graphic artist and artist. Among other things, he is represented in the Norwegian National Gallery. In Brande there are two gables adorned with works by Adolph Denis Horn. Besides \""Dødens Eliksirer\"" it is also the work \""Rene Linier\"", which comes from the artist. He was one of the founders of the first \""green\"" party in Norway, Nature & Environment, in 1971. He wrote the political program of the party in 1975.",,,https://www.visitherning.com/herning/things-do/dodens-eleksir-death-potions-1970-gdk1100212,Brande,Stationsvej 5 null,DK,7330,9.13111238E0,5.594371625E1,VisitHerning,
31,Møltrup Manor,"A visit to this fine old manor from 1777 includes a guided tour, coffee with homemade bread and full background information about the history of the community home, which was established in 1912 on a private initiative. Admission by advance booking (groups only). For further information: www.moltrup.dk",97131800,adm@moltrup.dk,https://www.visitherning.com/herning/things-do/moltrup-manor-gdk602722,Vildbjerg,Møltrupvej 70 null,DK,7480,8.745346E0,5.6176334E1,VisitHerning,
32,Riv dette tempel ned,"The sculpture was unveiled in November 2012, and caused great debate in the town, mainly because of its title: \""Riv dette tempel ned\"", which translated to “tear down this temple”. The art piece is filled with biblical scenes and messages, which is another reason for all the debates regarding the art piece. .",+45 97151296,jpg@km.dk,https://www.visitherning.com/herning/things-do/riv-dette-tempel-ned-gdk887139,Ikast,null null,DK,7430,9.15525376796722E0,5.6138651568589E1,VisitHerning,
33,De 4 Hjertekamre (The 4 Ventricle),"De 4 Hjertekamre (Land Art) You can play on the hearts or sit on them and enjoy the view. Land Art is the name used for the art direction that arose in the USA at the end of the 1960s, starting somewhere between sculpture and landscape architecture. You can park on Præstevænget and walk to De 4 Hjertekamre.",,teknik@herning.dk,https://www.visitherning.com/herning/things-do/de-4-hjertekamre-4-ventricle-gdk917220,Sønder Felding,Præstevænget null,DK,7280,8.7702407787E0,5.5941663467E1,VisitHerning,VisitHerning
34,The Dalgas Stone,"Dalgas was a Danish engineer officer and a pioneer within the cultivation of the Jutlandic heath for farming purposes. Employed at the road authorities, he had, among other things, been in charge of constructing the main road between the cities Viborg and Holstebro. During the construction, he realised the possibilities that lay in a large-scaled cultivation of the heath. Dalgas' personality was comprised of charisma, professional competence and organisational ingenuity, and as a writer and public orator, he became one of the most known personalities in his time.",+45 2012 4949,info@turistib.dk,https://www.visitherning.com/herning/things-do/dalgas-stone-gdk607777,Brande,Brande null,DK,7330,9.1227846565E0,5.5945227859E1,VisitHerning,
35,The Monument of Jens Vejmand,"At this spot on the highway north of Tjoerring, the inspiration of Aakjær's famous poem came across. In his account book he wrote on may 19th 1901: 'The stonebeater, Tjoerring, 25 oere'. Many years later Aakjær remembered and added: This man on the highway by Tjoerring gave me the first idea for the poem 'Jens Vejmand'.",,mail@herning.dk,https://www.visitherning.com/herning/things-do/monument-jens-vejmand-gdk607446,Herning,Holstebrovej null,DK,7400,8.915386E0,5.6171249E1,VisitHerning,
36,The Eye of Odin,"A Coloured Alphabet In the middle of the sculpture, you will find water running, and above this, the sculpture spreads like an umbrella with the most beautiful glass mosaic in bright colours, even more stunning in bright sunshine. In every section of the umbrella, Bjørn Nørgaard has created letters in glass and together all the sections thereby create the Danish alphabet. A Sculpture with Meaning For the sculpture, Bjørn Nørgaard has found inspiration in the Norse mythology, in which the supreme god, Odin, sacrifices one of his eyes at MÍmer’s Well in order to drink of the water of wisdom. The sculpture is also very place specific and carries a very special meaning for the folk school, being a school where dyslexic individuals are given additional vocational and educational skills. Come visit Brand and experience The Eye of Odin.",,kultur@ikast-brande.dk,https://www.visitherning.com/herning/things-do/eye-odin-gdk607859,Brande,Herningvej 14 null,DK,7330,9.1226460999E0,5.5946875299E1,VisitHerning,
37,"Polen, 2010","The painting \""Polen\"" is a part of the gable painting collection, which is located on Storegade in Brande.",96272222,mail@visitherning.com,https://www.visitherning.com/herning/things-do/polen-2010-gdk1111821,Brande,Storegade null,DK,7330,9.12715494632721E0,5.59438048267367E1,VisitHerning,
38,"Urkokken, 1984/2004","Before the artist started painting, he visited the natural resort Harrild Hede, to find inspiration for the perfect sorroundings for the black grouse. Niels Ejnar Rust is mostly known for his gable- and wall decorations in Brande and Odense, and through the years i worked with many different forms of expression.",96272222,mail@visitherning.com,https://www.visitherning.com/herning/things-do/urkokken-19842004-gdk1111806,Brande,Jernbanegade 4 Volmerhus,DK,7330,9.1282707452774E0,5.59435614934733E1,VisitHerning,VisitHerning
39,Uldjyderne (The Wool Jutlanders),"\""Uldjyderne\"" is bronze sculpture of 3 persons. It was originally named \""Hosekræmmeren\"".",,,https://www.visitherning.com/herning/things-do/uldjyderne-wool-jutlanders-gdk1093877,Herning,Vestergade 53 null,DK,7400,8.9609706401825E0,5.61360331385763E1,VisitHerning,VisitHerning
40,"Danmark, 2003","The painting \""Danmark\"" is a part of the gable painting collection \""Sportsarkaden\"", which is located on Storegade in Brande.",96272222,mail@visitherning.com,https://www.visitherning.com/herning/things-do/danmark-2003-gdk1111811,Brande,Storegade null,DK,7330,9.12712812423706E0,5.59438168431545E1,VisitHerning,VisitHerning
41,Indsnit by Bent Sørensen,"Sørensen sculptures often contain a sharpness and is static, but has, however, also geometric and open items in themselves. This sculpture contains a fine level of detail, and despite its hard edges creates an interesting geometric and composite image.",,,https://www.visitherning.com/herning/things-do/indsnit-bent-sorensen-gdk1096188,Herning,null null,DK,7400,0,0,VisitHerning,Herning Kommune
42,The Blicher Stone on Ørre Hede,"The memorial stone is placed at the site of the workhouse, Axelhus, built for tartar Johs. Axelsen and his family. This is the place, where Blicher was present at the performance of the described scoundrel dance 'Scoundrel Life'. The house was torn down in 1892 and on the 16th of August 1917 a monument was set up at the site.",,,https://www.visitherning.com/herning/things-do/blicher-stone-orre-hede-gdk607447,Herning,Sammelstedbyvej null,DK,7400,8.8658219999E0,5.6247529E1,VisitHerning,VisitHerning
43,"Puls, 1992",The gable painting is located at Storegade 25 in Brande and can be seen from the city square.,,,https://www.visitherning.com/herning/things-do/puls-1992-gdk1111809,Brande,Storegade 25 null,DK,7330,9.12820948E0,5.59427553E1,VisitHerning,
44,Memorial Flags,"The artwork consists of 10 artistic glass flags that are lit up from underneath during night time. During the day, they are see-through. The memorial flags can be located near the entrance, and are close to the schoolyard. The flags are an expression of honour towards the people who have positively influenced the school.",,kultur@ikast-brande.dk,https://www.visitherning.com/herning/things-do/memorial-flags-gdk607810,Brande,Herningvej 14 null,DK,7330,9.1226434999E0,5.5946877699E1,VisitHerning,
45,No title - Poul Bækhøj,"The sculpture is from 1987, and have no title.",,,https://www.visitherning.com/herning/things-do/no-title-poul-baekhoj-gdk1096605,Herning,null null,DK,7400,0,0,VisitHerning,VisitHerning
46,Herningpigen (The Herning Girl),"She was supposed to be standing there completely naked and was meant to be called “Taterpigen” (Gipsy girl). But Mathilius Schack Elo did not get quite what he wanted. When you go there, also remember to enjoy the newly-established flower garden.",96282828,kommune@herning.dk,https://www.visitherning.com/herning/things-do/herningpigen-herning-girl-gdk1087972,Herning,Vestre Anlæg null,DK,7400,0,0,VisitHerning,VisitHerning
