row_id,name,description,telephone,email,page_url,address.addresslocality,address.streetaddress,address.postalcode,address.addresscountry,geo.longitude,geo.latitude,image.copyrightholder,image.author,image.description
0,The Goose Tower,"The Goose Tower is the best preserved medieval tower in Scandinavia, built by Valdemar Atterdag in 1362-65 as part of the rebuilding and extension of the castle. Vordingborg was the favorite castle of Valdemar Atterdag and during his reign this was his royal residence, the domicile of the kingdom, and it held the documents of the kingdom too. The Goose Tower was and is the landmark of the city with the total height of 36 metres and a circumference of 33 metres.The walls are 3.5 metres thick. The tower top is embellished with a golden goose which Valdemar Atterdag put there to mock the German Hanseatic towns declaration of war. From the top there is a wonderful view over the city, Storstrømsbroen and the Faroe Bridges.",70701236,museerne@museerne.dk,https://www.southcoastofdenmark.com/holiday/plan-your-trip/goose-tower-gdk615135,Vordingborg,Slotsruinen 1 null,4760,DK,1.1911841E1,5.5005843E1,Destination SydkystDanmark,Destination SydkystDanmark,
1,Hulehøj,"In the Østerskov on Bogø there is a large, well preserved and accessible passage grave opposite the forest pavilion. The passage is 5.5 m long, the burial chamber 6.3 m long. Note the threshold stone in the passage.",,,https://www.southcoastofdenmark.com/holiday/plan-your-trip/hulehoj-gdk634963,Bogø By,Østerskovvej null,4793,DK,1.2068376E1,5.4930085E1,Destination SydkystDanmark / Palle Jørly Jensen,Destination SydkystDanmark / Palle Jørly Jensen,
2,Fladsåtrolden,"'The Monk's Hill' - Munkebakken - is part of a 10 km. ridge - Mogenstrup Aas - which is the result of glacial deposits from the end of the last Ice Age. There is a legend about the so-called 'Fladsaa Troll'. He became so angry with the noise from St. Peter's Church bells, that he took a sack of sand and set out for Naestved to bury the town. (Un)fortunately there was a hole in the sack, so the sand trickled out forming this ridge. Material: concrete. Height: approx. 5 m.",,,https://www.southcoastofdenmark.com/holiday/plan-your-trip/fladsatrolden-gdk1058903,Næstved,Teatergade 8 null,4700,DK,1.1763253E1,5.5229381E1,Destination SydkystDanmark,Destination SydkystDanmark,
3,Gavnø Castle,"Gavnø - the Island of Flowers - where historical memories, art, nature and flowers are united in one place. Already in the 12th century there was a pirate's castle at the island. In 1398, however, it was purchased by Queen Margrethe the Ist, who turned it into a convent for \""unmarried women of noble rank\"". Today Gavnø Castle is one of Denmark's finest rococo castles, where the visitor will find a great many things of interest, e.g. the largest privately owned collection of paintings in Scandinavia. Please notice The Great Dining Room and the beautifully furnished guest rooms from the 1750'es. The rooms are still used on special occasions. Also to be seen: Gavnø Convent Church, Gavnø Castle Garden, the adventure course Gavnø Go Fly, The Land of Pirates - a nature playground, Treasure Hunt, the largest private collection of paintings in Scandinavia, and The Castle Brewery. Dogs are allowed in the castle garden wearing a leash, but not in the castle. Handicap toilets are located by the entrance and handicap ramps are placed by the entrance to Café Tulipanen and the convent church.",55700200,info@gavnoe.dk,https://www.southcoastofdenmark.com/holiday/plan-your-trip/gavno-castle-gdk1058818,Næstved,Gavnø 2 null,4700,DK,1.1722069E1,5.5187689E1,Gavnø Slot,Gavnø Slot,
4,Vordingborg Castle Ruin,"The Goose Tower lies in Vordingborg. It is Denmark’s best preserved castle tower, and represents one of Vordingborg’s main landmarks. Once, Vordingborg was a political and military centre of power and legendary kings. Valdemar I (i.e. Valdemar the Great), Valdemar II and Valdemar IV all reigned in the castle. The first castle was built in the 1160’s. In 1241, the so-called Codex Holmiensis, i.e. the Danish Code of Jutland, was signed in Vordingborg. In the 1360’s, Valdemar IV built the famous Goose Tower which still stands to this very day as part of Vordingborg Castle. The castle was the country's largest royal castle and the Goose Tower remains as just one of the castle's nine towers. The golden goose on top of the tower was put there to make fun of the German Hanseatic League. Back then, the Hanseatic League was at war with King Valdemar IV. He teased them by claiming that he was more afraid of a bunch of cackling geese than of the entire German League. On the 3 hectar big and beautiful castle yard in the middle of Vordingborg, you can still see the remainings of the 710 meter long and 8 meter high ringwall which",70701236,museerne@museerne.dk,https://www.southcoastofdenmark.com/holiday/plan-your-trip/vordingborg-castle-ruin-gdk1078785,Vordingborg,Slotsruinen 1 null,4760,DK,1.19117599725723E1,5.50069114421181E1,Destination SydkystDanmark,Destination SydkystDanmark,
5,Masnedø Fort,"Masnedøfort was built in the years 1912-15 to secure the connection between Zealand and Lolland-Falster. Until 1923, the fort was staffed with 225 artillerists. From 1932, the fort came under the Navy's coastal defenses until German paratroopers captured the fort on April 9, 1940 – incidentally the world's first landing of parachute troops. The Germans thus had command of Masnedøfort throughout the Second World War. In the years to follow, the fort, among other things, has served as a penal and isolation camp for criminal refugees and as a top secret mine depots for the Danish military. In 1974 Masnedøfort was purchased by the Municipality of Vordingborg and in 1995 it was preserved as a national historical monument. Today is houses a division of the Danish Home Guard, a theater, occasional rock concerts – and since 1997 the annual Summer Exhibition with professional visual artists, initially organised by BKF Storstrøms Region in collaboration with the Municipality. The inside of the fort is only accessible during the Summer Exhibition or other events, but the outdoor area is open and accessible for free every day, all year. Read more about the yearly summer exhibition here",55 37 64 76,,https://www.southcoastofdenmark.com/holiday/plan-your-trip/masnedo-fort-gdk1099871,Vordingborg,Fortvej 8 null,4760,DK,1.1881513E1,5.4987553E1,Lars Pryds / pryds.com,Lars Pryds / pryds.com,
6,Blåbæk Mills,"Blåbæk Mills This water mill was first mentioned in 1472 and since then has been a tenant farm of Rosendal. It received its water from Faxe Brook; however, since there was not always sufficient water, the windmill was added in 1828. The mill's masticator and millstone were operated by a wheel; the other mill was a ramming mill, so the end product was ground to a unique consistency. In addition, the mill operated a saw for the processing of timber beams. Both mills were shut down in 1953.",+45 5673 0070,blaabaekmoelle@mail.dk,https://www.southcoastofdenmark.com/holiday/plan-your-trip/blabaek-mills-gdk1059119,Faxe,Blåbækvej 3 null,4640,DK,1.2116913E1,5.5237898E1,Tage Klee,Tage Klee,
7,Stenbider,"A fountain sculpture made of stone and inlaid with pieces of coloured glass and stones. 110 cm long and 70 cm high, with a granite base 63 x 40 x 95 cm.",,,https://www.southcoastofdenmark.com/holiday/plan-your-trip/stenbider-gdk1058905,Næstved,Indre Vordingborgvej null,4700,DK,1.1760013E1,5.5223935E1,Destination SydkystDanmark,Destination SydkystDanmark,Picture on the way
8,The calf,"The calf, which is a bronze sculpture on a granite base, is made by the artist Gudrun Lauesen. It is placed in front of Sct. Mortens Kirke in Næstved, and it is placed in this particular location, because people from the eastern part of the city had to bring their cattle to the square via this route. The sculpture was purchased in connection with an exhibition at Gavnø Castle, by Næstved Municipality in 1968.",,,https://www.southcoastofdenmark.com/holiday/plan-your-trip/calf-gdk1058922,Næstved,Kattebjerg 2 null,4700,DK,1.176099E1,5.5229639E1,Destination SydkystDanmark,Destination SydkystDanmark,
9,Vordingborg City,"Welcome to Vordingborg, also known as Denmark's Power Center from the time Valdemar Atterdag ruled the country from the city. Vordingborg is an old and historic town. Especially the city's landmark, the Goose Tower is the most known. If nothing else, then from the Danish 20-krone on which the motif has been portrayed. In addition to the Goose Tower, it is also here that the ruins of the old royal castle are located. Today, the Danish Castle Center is located at the ruins and you can see the story unfold by a visit to the museum. Vordingborg is also known for its annual festive week in week 28, where a whole week is celebrated. The shops move out into the pedestrian street with extra good deals, and there are many different stalls throughout the pedestrian street. During the evening, the castle square is filled with people and good music. A walk through the pedestrian street offers cozy cafés, pastry shops and good shops, and every Friday fresh flowers can be bought in the center square",,,https://www.southcoastofdenmark.com/holiday/plan-your-trip/vordingborg-city-gdk1110383,Vordingborg,Algade null,4760,DK,1.19104731068364E1,5.50080883090296E1,Destination SydkystDanmark,Destination SydkystDanmark,
10,The apothecary,"An old half-timbered house from 1696 which is newly restored. In the garden you will find medicinal plants and herbs of entirely new origin, but rooted back in the past. The apothecary is found behind Loeveapotek - Lion Pharmacy - a building from 1853, designed by Royal Buildings' Inspector M.G. Bindesboell. This building is in the Dutch rennaissance style with red walls and sandstone details. Inside, the pharmacy has many exciting details, such as a genealogical table, old mortars and pharmaceutical jars.",55720002,naestved-loeve@apoteket.dk,https://www.southcoastofdenmark.com/holiday/plan-your-trip/apothecary-gdk1058822,Næstved,Axeltorv 12 null,4700,DK,1.1757668E1,5.523118E1,Destination SydkystDanmark,Destination SydkystDanmark,Næstved Løveapotek ved Apotekergården
11,Broksø Gods,"In 1657, Broksoe was two farms. However it was turned over to the crown in 1661, because the then owner, Kai Lykke, had been sentenced for insulting His Majesty. The main building looks old, but it was first built in 1915-16. It is a 3-winged castle-like building in 2 floors. The place can only be seen from the outside",55501224,crg@broksoe.com,https://www.southcoastofdenmark.com/holiday/plan-your-trip/brokso-gods-gdk1058958,Herlufmagle,Broksøvej 60 null,4160,DK,1.18342612E1,5.5307032199E1,Destination SydkystDanmark / Palle Jørly Jensen,Destination SydkystDanmark / Palle Jørly Jensen,
12,Broskov road,"Broskovvejen is the most solid and carefully built ancient road we have. It was built in a time of lively contacts south - to the Roman Empire. In the latter half of the Roman Iron Age, it was South Zealand and Stevns who controlled the transit trade in Roman goods to the rest of the Nordic region. This has probably played a crucial role in paving the way. The road which is approx. 70 meters long and 3.5 meters wide, is one of the best preserved prehistoric roads in Denmark. It was excavated by an archaeologist from the National Museum on repeated excavations in the period 1953-1961. This has meant that one can still experience the road today. It now lies as a preserved past, and is a significant and significant plant from a bygone era. Natural grazing with sheep is used to keep the vegetation down. And in 2009 there was a collaboration between the municipality of Vordingborg and the National Heritage Board to clean up the paving of the road. Thus, today they are visible to the visitors. Broskovvejen is about 5 km. northwest of Præstø, and is a natural dividing line between Næstved and Vordingborg",,,https://www.southcoastofdenmark.com/holiday/plan-your-trip/broskov-road-gdk616171,Præstø,Broskovvejen 1 null,4720,DK,1.2000669E1,5.514552E1,Destination SydkystDanmark,Destination SydkystDanmark,Picture on the way
13,Rønnebæksholm Manor,"On the fringe of Næstved, past meets present in the idyllic surroundings of the manor Rønnebæksholm. Rønnebæksholm’s history dates all the way back to 1321 where the building presumably were fortified as castle and lay well protected on a islet surrounded by water and marsh. The manor has changed hands between a long line of noblemen throughout the years, and they have all left their mark on the place. In the fifteenth hundreds, the place was a key player in King Christian II’s wish to see Denmark become a self-sufficient gunpowder nation, and at a royal request the lord lieutenant Gert Bøsseskytte – who then lived at Rønnebæksholm – built the country’s first powder mill on the estate of Rønnebæksholm. In the eighteenth century, a notorious oppressor of the peasantry – the mad chamberlain Magnus Beringskjold – lived here until fortunately for the peasants he committed high treason, and following a dramatic arrest was imprisoned at Kastellet in Copenhagen. The buildings have been renovated many times, and in the 1840s when Harald Toft acquired Rønnebæksholm, the main building got its current neo-gothic appearance with the castellated gables, whitewashed walls, and red tiles. However, Harald Toft died before the renovation was",55 72 47 24,info@roennebaeksholm.dk,https://www.southcoastofdenmark.com/holiday/plan-your-trip/ronnebaeksholm-manor-gdk1058753,Næstved,Rønnebæksholm 1 null,4700,DK,1.1794186E1,5.5220098E1,Destination SydkystDanmark,Destination SydkystDanmark,
14,Obelisk,"The memorial is an approx. 10 meters high obelisk erected by residents of Præstø County's 3rd constituency for Frederik 7 as a thank you for signing the first Danish constitution in 1849 It was donated to Næstved Municipality, and stood in Axeltorv in the years 1870-1957. In 1957 it was dug up in connection with the construction of a parking basement. The foundation of the memorial is still found under the floor of the underground car park. The obelisk was then moved to its new location at Amtmandsgården.",,,https://www.southcoastofdenmark.com/holiday/plan-your-trip/obelisk-gdk1058910,Næstved,Krumport null,4700,DK,1.1764101E1,5.5228903E1,Destination SydkystDanmark,Destination SydkystDanmark,Picture on the way
15,Storstrømsbroen,"The bridge Storstrømsbroen connects Masnedø on Zealand with Orehoved, Falster, and crosses the strait Storstrømmen, which gives the bridge its name. The construction of the bridge, which was designed by Anker Engelund, began in 1933 and was completed for opening on 26 September 1937. The inauguration was performed by King Christian X and took place on his birthday. The 3,199-metre-long bridge was the longest bridge in Europe at the time, a record which was surpassed in 1985 when the bridges Farøbroerne were opened. The main span has a width of 136 metres and the central span is 26 metres high. Storstrømsbroen is an arch bridge with three overlying steel arches, and the bridge is divided into 50 spans standing on a total of 51 piers. In addition to the roadway, the bridge has a railway track, as well as pedestrian and bicycle paths. In connection with its opening in 1937, the bridge replaced the former railway ferry service between Masnedø and Orehoved. A new Storstrømsbro is expected to open in 2022 which will link Zealand and Falster via Masnedø, and which will be Denmark’s third largest bridge at 4,000 metres in length. Once the new bridge is completed, the existing",,,https://www.southcoastofdenmark.com/holiday/plan-your-trip/storstromsbroen-gdk615122,Vordingborg,Brovejen 20 null,4760,DK,1.1883714E1,5.4987716E1,Destination SydkystDanmark,Destination SydkystDanmark,Picture on the way
16,The freedom fighter,"The freedom monument is an approx. 4 meter high concrete sculpture made by sculptor Arne Bang from Fensmark. The sculpture was erected at the foot of the \""Munkebakken\"" in 1955 on the 10th day of the liberation. The statue was bought by money collected from associations and private citizens. The freedom monument has, since it was set up, been used in the annual marking of the liberation to the assembly point for the closure of wreaths. In 2016, in connection with the relocation of the freedom fighter, it separated into the original parts. The figure, which was divided into three, then went through a repair before it was set up at the new place at Grønnegades Kaserne",,,https://www.southcoastofdenmark.com/holiday/plan-your-trip/freedom-fighter-gdk1058923,Næstved,Grønnegade 10 null,4700,DK,1.176101425E1,5.523197781E1,Destination SydkystDanmark,Destination SydkystDanmark,Picture on the way
17,Statue af Kong Valdemar Sejr,"The statue of King Valdemar Sejr is placed on Algade, right beside of the Goosetower. The statue stands on a Bornholm granite base and is 1.40 meters high. Valdemar Sejr scouts out over Noret by the moat. He has Jyske Lov in his hand and turns his head to the east. The bronze plate on the base has an inscription from Jyske Lov",,,https://www.southcoastofdenmark.com/holiday/plan-your-trip/statue-af-kong-valdemar-sejr-gdk615124,Vordingborg,Algade 90 null,4760,DK,1.1913335E1,5.5007471E1,Destination SydkystDanmark,Destination SydkystDanmark,Picture on the way
18,Vandtarnet i Store Heddinge,"You will find the Water Tower from 1911, appearing like a town gate, at the end of Munkegade. The tower was built of chalk from Stevns Cliffs, but with a base of red bricks. going through the gate, you enter \""Munkevaenget\"", a small town park dating from the late 19th century. The top of the Water Tower offers an impressive view of large parts of Stevns.",,,https://www.southcoastofdenmark.com/holiday/plan-your-trip/vandtarnet-i-store-heddinge-gdk1058609,Store Heddinge,Ved Munkevænget 7 null,4660,DK,1.2392821E1,5.5310387E1,,Johnny Balslev,
19,The House of the Apostles,"The House of the Apostles was originally a 2 storey building. The second storey was lost long ago and a heavy-handed restoration in the 1880's destroyed much of what was left. However, one can still see the 13 carved figures which were carved around 1510-1520. It is these figures which have given the house it's name. They are said to portray Jesus and the 12 Apostles.",55728800,apostelgaarden@mail1.stofanet.dk,https://www.southcoastofdenmark.com/holiday/plan-your-trip/house-apostles-gdk1058983,Næstved,Riddergade 5 null,4700,DK,1.1759815E1,5.5229018E1,Destination SydkystDanmark,Destination SydkystDanmark,
20,Vision,The sculpture of stainless steel was made in 1996/1997 by the artist Børge Jørgensen from Odsherred. The pedestal is 140 x 100 cm and the height is 255 cm. The sculpture is a gift from the art foundation NITHONA.,,,https://www.southcoastofdenmark.com/holiday/plan-your-trip/vision-gdk1058754,Næstved,Rønnebæksholm 1 null,4700,DK,1.179561E1,5.5218438E1,Destination SydkystDanmark,Destination SydkystDanmark,Picture on the way
21,Bregentved Gods,"Bregentved Estate is a large agricultural and forestry company in central Zealand at Haslev. Owned and inhabited by the Moltke family who have owned the estate since 1746. The main building at Bregentved consists of 3 wings and 2 floors. The north wing is from approx. 1650 and was rebuilt in 1735 to obtain a Baroque chapel. The south and east wing was built in 1890 in the newrococo style, it was designed by Axel Berg. All three wings are protected. Bregentved is easily recognizable due to the large characteristic copper spire. The associated land consist of 6338 hectares, of which agricultural land amounts to 3284 hectares and forest 3254 hectares. The estate also includes 163 houses. Bregentved Park is from the 1750s and comprises 35 acres of predominantly landscaped nature. The park has retained features from the Baroque garden with canal island, fountain, sandstone bridge and obelisk. The estate is not open to the public, but you can visit the park if you use the landscaped trails. The park is open Wednesdays, Saturdays, and Sundays and on public holidays. From 9 am - 6 pm, but no later than sunset. In connection with hunting the park can be closed",56312019,godskontor@bregentved.dk,https://www.southcoastofdenmark.com/holiday/plan-your-trip/bregentved-gods-gdk1059096,Haslev,Moltkesvej 78 null,4690,DK,1.2006478E1,5.5307062E1,Tage Klee,Tage Klee,
22,Vridsløse church ruin,"To the north of Naestved lies Vridsløse Kirkeruin in the western outskirts of the small village Vridsløse. The church was built around the year 1000 and was then a wooden church. But the church was subsequently replaced with a Romanesque stone church in granite and limestone from Faxe. In 1370 the church was owned by Roskildebispen, which in 1460 gave the church to the forest monastery which we now know as Herlufsholm. When Herlufsholm was established in 1560, Ladby and Vridsløse were merged into Herlufsholm Parish Church and Vridløse was gradually removed from use. In 1630 there were still funerals in the church, but in 1738 the church was completely destroyed, the cemetery itself only went out of function in 1850",,,https://www.southcoastofdenmark.com/holiday/plan-your-trip/vridslose-church-ruin-gdk1058897,Næstved,Vridsløsevej null,4700,DK,1.1771266E1,5.5264969E1,Destination SydkystDanmark,Destination SydkystDanmark,Picture on the way
23,The little prince,"In June 1996, the little town of Fuglebjerg received a rather special gift. It was an original sculpture that was to stand in one of the school's playgrounds for the children to climb on. A controversial sculptor, Jens Galschiøt Christophersen, had been inspired by the French writer Saint-Exupéry's wonderful book, \""The Little Prince\"". The writer was a military pilot during world war II, and whilst flying he had felt an inspiration to write this little book. The story's narrator, who is a pilot too, meets the little prince in Sahara because the plane breaks down. The prince, who comes from a far away planet, visits several other planets and their strange inhabitants: a conceited man, a drunkard and a business man - then he makes frinds with a fox, a snake and the pilot, when he visits the planet Earth. But he cannot forget his friend from his own planet, a rose. Jens Galschiøt Christophersen has placed each little planet around a bigger one, where one can go inside and sit for a little while (providing one is no bigger than a child). Each inhabitant is also represented, together with a 7 meter long snake, that some of Fuglebjerg school's",,,https://www.southcoastofdenmark.com/holiday/plan-your-trip/little-prince-gdk1058896,Fuglebjerg,Byagervej 1 null,4250,DK,1.15514559E1,5.5301317399E1,Destination SydkystDanmark,Destination SydkystDanmark,
24,Naestved City,"Næstved City offers plenty of excellent shopping opportunities in a variety of charming speciality shops. Every Wednesday and Saturday, a market is held on Axeltorv Square right in the city centre, where shoppers can buy fresh fruits and vegetables, beautiful flowers, fresh fish and cheese. Markets have always been part of life in Næstved and date back to 1135, when Næstved received its municipal charter. But Næstved has kept up with the times, and today it boasts beautiful gable paintings created by international artists who come to Næstved to practise their art. At www.naestvedkunstby.com, you can see the many beautiful gable paintings and read more about the artists. The association Næstved Cityforening puts on lots of activities for both adults and children throughout the year. So, when you’re not busy on a shopping spree in town, you can enjoy jazz in the streets or pumpkin carving and Halloween fun in October for the children. You’ll find nature close to the city. Just a five minute walk from Axeltorv Square is the lovely Rådmandshaven forest with the tranquil waters of the Suså River. If you love nature, rent a canoe at Slusehuset in Rådmandshaven forest and paddle along Zealand’s largest waterway.",,,https://www.southcoastofdenmark.com/holiday/plan-your-trip/naestved-city-gdk1098114,Næstved,null null,4700,DK,1.1758246421814E1,5.52306628161384E1,Destination SydkystDanmark,Destination SydkystDanmark,
25,Tybjerggård,"Tybjerggaard is a very old estate and was owned in 1291 by Jens Sjaellandsfar, (meaning Jens 'Zealand's father'!). The list of owners is long, but the one who built the main building in 1763 was Tyge Rothe. It is a one storey, rococo house with raised centre sections on each of the long sides. Not open to the public",57 64 71 82,tybjerggaard@tybjerggaard.dk,https://www.southcoastofdenmark.com/holiday/plan-your-trip/tybjerggard-gdk1058936,Herlufmagle,Tybjerg Bygade 6 null,4160,DK,1.18096261E1,5.53479847E1,Destination SydkystDanmark / Palle Jørly Jensen,Destination SydkystDanmark / Palle Jørly Jensen,
26,Valloe Castle,"The beautiful and majestic castle is in a big forest belonging to the estate. This historical monument is still a great and pompous castle, where noble women with roots in the old noble Danish families can live. The history of the castle is known from the 13th century. The building of the castle was finished in 1586 by Mette Rosenkrantz, with the addition of a west and south wing and the two characteristic towers. The other wings were built in the 16th and 17th century. In 1893 the castle burnt down, but the outer walls resisted the fire and were used in the rebuilding. During the years between 1894- 1904 the castle was rebuilt. The estate was owned by the well known noble families until 1708. In 1708 it was bought by Frederik IV, who gave it to his mistress, later she became queen Anna Sophie Reventlow. After the death of the king in 1730 Anna Sophie was banished to Clausholm and the new King Christian VI gave Valloe Estate to his queen Sophie Magdalene. The queen founded on the 28th November 1737 Valloe Trust, as a self governing institution. The original trusts purpose was to support unmarried daughters of",,administration@valloe-stift.dk,https://www.southcoastofdenmark.com/holiday/plan-your-trip/valloe-castle-gdk1058592,Køge,Slotsgade 3 null,4600,DK,1.2210966849E1,5.5402250366E1,Destination SydkystDanmark,Destination SydkystDanmark,
27,Monument for Baron Otto Reedtz-Thott,"Monument to Baron Otto Reedtz-Thott who holds the estate Lindersvold, Gavnø and Strandegaard for 50 years. The memorial support was raised on November 19, 1847. The memorial support is with portrait. The memorial support is placed on the right side of the long avenue immediately before the bridge leading to Gavnø.",55 70 02 00,info@gavnoe.dk,https://www.southcoastofdenmark.com/holiday/plan-your-trip/monument-baron-otto-reedtz-thott-gdk1058811,Næstved,Gavnø 2 null,4700,DK,1.1725278E1,5.5188831E1,Gavnø Slot,Gavnø Slot,
28,Stevns Lighthouse,"The lighthouse of Stevns is a unique, historical monument. It is 27 m. high and situated at the eged of the Cliff of Stevns, 42 m. above the see. It offers a magnificent view og the flat, cultural landscape of Stevns, of military installations from the Cold War period and of the Baltic sea with the entrance to the South and Sweden. The orginal Lighthouse of Stevns dates back from 1818. At that time it was the most modern of Europe. The building in which the lighthouse was situated may still be seen. In 1878, next to the orginal Lighthouse of Stevns, a 27 meter-high, detached lighthouse was constructed in limestone, cut out of the Cliff of Stevns by farmworkers of Gjorslev.",51 28 90 75,fyrcenter@stevns.dk,https://www.southcoastofdenmark.com/holiday/plan-your-trip/stevns-lighthouse-gdk1058598,Store Heddinge,Fyrvej 2 null,4660,DK,1.2453511E1,5.5290419E1,Tage Klee,Tage Klee,
29,Bogø Mill,"Bogø Mill is located in Bogø city, has a magnificent view across Grønsund to Falster and isBogø’s clearest landmark due to its location on a notable lookout point. The mill is Dutch and was built in 1852, after the old mill from 1696 burned down. The mill was in operation until 1965, and became a listed structure the year before. In connection with the listing, the mill’s ownership was transferred from the state to ‘Friends of the Mill’, who renovated the mill in the 1970s. In 1985, the mill was transferred to Bogø Miller’s Guild, which owns the mill to this day. The mill is open during the summer holidays and for various events. More information about Bogø Mill and its opening hours can be found on the website",21 60 29 07,,https://www.southcoastofdenmark.com/holiday/plan-your-trip/bogo-mill-gdk615264,Bogø By,Bogø Hovedgade 36 null,4793,DK,1.2050164E1,5.4918443E1,Michael Rasmussen,Michael Rasmussen,
30,Jordehøj,"The passage grave Jordehøj is located with a visible entrance from Grønsundvej. The giant room has a 10 m long and 2.5 m wide chamber with the characteristic narrowing in the middle. The south-east corridor is 8 m long with a clear threshold stone, and on the penultimate stone you can see some bowl pits.",,,https://www.southcoastofdenmark.com/holiday/plan-your-trip/jordehoj-gdk634969,Stege,Pejdervej 4 null,4780,DK,1.22475453618949E1,5.49671598948715E1,Destination SydkystDanmark,Destination SydkystDanmark,Picture on the way
31,Stege Mølleport og byvold,"Arround the year 1430 Steges rampart and moat were established. On top of the rampart was build a town wall and three towers were raised. Only one tower is left: \""Mølleporten\",,,https://www.southcoastofdenmark.com/holiday/plan-your-trip/stege-molleport-og-byvold-gdk615214,Stege,Storegade 75 null,4780,DK,1.2288595E1,5.498706E1,Destination SydkystDanmark,Destination SydkystDanmark,
32,Barrow Maglehoej,"In the Bronze Age, the villages were built high up, Tryggevælde Å was wider than today and therefore one could sail right up to Hårlev. Along Tryggevælde å and Stevnsåen there have been living people since the Stone Age, which finds of settlements from ancient times has confirmed. Just north of Varpelev and Hellested is the burial mound Maglehøj, which is from about 3,200 BC. The chamber is 6 meters long, 2 meters wide and 1.5 meters high. The hallway to the chamber is 4 meters long. In 1823, Maglehøj was excavated and in this connection found several remains of graves. It was last restored in 1996, but is no longer open to visitors.",,,https://www.southcoastofdenmark.com/holiday/plan-your-trip/barrow-maglehoej-gdk1058561,Hårlev,Maglehøjvej 0 null,4652,DK,1.2268951E1,5.5341451E1,Destination SydkystDanmark,Destination SydkystDanmark,Picture on the way
33,Herlufsholm,"The boarding school was established in 1565 by Herluf Trolle and his wife Birgitte Goeye for 'the sons of noble and other honest men'. They were themselves childless. Herlufsholm was originally founded in 1135 as a monastery for Benedictine monks. The school has been rebuilt and extended many times, most recently in 2008 when capacity was expanded to 280 bording students. The boarding School is closed for visitors, but you are welcome to visit the park and church.",55 75 35 01,direktion@herlufsholm.dk,https://www.southcoastofdenmark.com/holiday/plan-your-trip/herlufsholm-gdk1058828,Næstved,Herlufsholm Allé 170 null,4700,DK,1.1747266E1,5.5244567E1,Destination SydkystDanmark,Destination SydkystDanmark,
34,Liselund old castle,"Liselund House and Romantic Garden On the outskirts of Møn, dangerously close to steep cliffs, lies an adorable little house surrounded by enchanting gardens. This is Liselund House. Resembling a miniature palace, the house lies in a garden glade and bears witness to the love of a noble couple – the de la Calmettes. A love of art, of the ideas of the time, and of each other. Antoine de la Calmette built the house in 1792 and named it after his beloved wife, Lisa. Surrounded by nature, they could cultivate their love for one another in these beautiful surroundings. Antoine and Lisa were Møn’s eighteenth-century jetset couple, and Liselund offers a unique glimpse into their privileged life – from the beautiful floral decorations in the garden room and the stunning view of the gardens from the dining room, to the iconic Monkey Room that not only conveys Antoine’s dramatic life in Lisbon at the time of the earthquake in 1755, but also bears witness to the worldview of the entire period. The house is encapsulated by the best-preserved Romantic garden in Denmark. As you enter, you are surrounded by peace and tranquility. This idyll is further completed with ducks,",55812178,liselund@natmus.dk,https://www.southcoastofdenmark.com/holiday/plan-your-trip/liselund-old-castle-gdk691106,Borre,Langebjergvej 4 null,4791,DK,1.2520901E1,5.4999366E1,Thorkild Jensen,Thorkild Jensen,
35,Wooden monks at Munkebakken (Monks Hill),"In 1997 a local artist, Jens Andersen, started converting an avenue of elms into monks. The result may be seen by everybody, who passes the very lifelike monks, a total of seven from various monastic orders. The following monks are represented: - Three Benedictine monks ? choir boy from grammar school; two monks, one of them carrying a branch of deadly nightshade in his hand - Two Franciscan monks, one carrying a prayer book and a small bottle with holy water in his hands - One Dominican monk - One lay brother with long beard and a fork in his hands The monks have been coated with a mixture of turpentine and linseed oil and the artist expects them to last for about ten years. This is how long you may count on seeing them as it is impossible to prevent them from rotting from the inside where earth meets air. For the same reason, casts were made of all monks and in 2006 the first monk was made in a bronze edition. The making of the bronze cast was a big expense and so arose the idea of a sponsorship project. The sponsor project is a collaboration between Næstved",,,https://www.southcoastofdenmark.com/holiday/plan-your-trip/wooden-monks-munkebakken-monks-hill-gdk1058911,Næstved,Teatergade/Farimagsvej null,4700,DK,1.1765465E1,5.5229753E1,Destination SydkystDanmark,Destination SydkystDanmark,
36,Ladby church ruin,"Ladby church ruin is a ruin of giant stone squares and single chalk stone, situated on a hill, northwest of Herlufsholm, covered with trees. Ladby Church was a bastion church built around the 12th century. The church is mentioned for the first time in 1292 in a will. In the middle of the 17th century the church was abandoned as a parish church, but the cemetery itself was still used in the 1800s. The ruin still provides a framework for ecclesiastical actions, and outdoor worship is held at the ruin a few times a year",,,https://www.southcoastofdenmark.com/holiday/plan-your-trip/ladby-church-ruin-gdk1058831,Næstved,Ladbyvej null,4700,DK,1.1724885E1,5.5261728E1,Destination SydkystDanmark,Destination SydkystDanmark,Picture on the way
37,Medieval Town Hall,"This building is quite unique, as you will not find another town hall anywhere in Denmark which has survived since the Middle Ages. It was built around 1450 and, by Danish standards of the time, was very impressive. Another storey was added around 1500. The building was also used as a jail. Today it is housing the Sct. Peter parish community centre.",55723190,sktpeder.sognnaestved@km.dk,https://www.southcoastofdenmark.com/holiday/plan-your-trip/medieval-town-hall-gdk1058986,Næstved,Sct. Peders Kirkeplads 5 null,4700,DK,1.1757575E1,5.5230292E1,Destination SydkystDanmark,Destination SydkystDanmark,
38,Elverhoej,"By Barup just east of the road Hellested and Karise is a Bronze with a magnificent view of Tryggevaelde Creek . The mound is known all over the Danish country as \"" Elverhoej \"" - elf king's residence. the Hawthorn on the mound, according to an old legend a gift from the chief of Stevns. Elves guarded apparently jealously gift. At least there are other narratives about people whose horses died after they had taken branches from Hawthorn. King of the Elves ruled the Stevns and tolerated no king in his kingdom. In Denmark's most performed play \"" Elverhoej \"" ventured the Danish national king, Christian IV, however, exceeding Tryggevaelde and tread Stevns land with the famous words: \""Well , this is not the Rubicon, and well, I'm not Caesar, but I say Jacta est alea (dice are thrown) \"", before he rushed to his royal palace to unravel old wiles and join the young lovers with the equally famous words : \""and now for Hoejstrup\"".",,,https://www.southcoastofdenmark.com/holiday/plan-your-trip/elverhoej-gdk1058644,Hårlev,"Elverhøjvej, Stevns null",4652,DK,1.2239918E1,5.5314732E1,Destination SydkystDanmark,Destination SydkystDanmark,Picture on the way
39,"Råd-, Ting- and Arresthus","This is Naestved's 3rd town hall. The first stood where Hotel Vinhuset stands today. The second is the town hall from the Middle Ages which stands opposite St. Peder's Church. This building was built in 1856 and served as the town hall until 1940. It was constructed from drawings by Royal Buildings' Inspector M.G. Bindesboell and had, at the time, a very characteristic gable and columns. These disappeared during a rebuilding in 1937, but is since 1996 visible again.",,,https://www.southcoastofdenmark.com/holiday/plan-your-trip/rad-ting-and-arresthus-gdk1058978,Næstved,Hjultorv 2 null,4700,DK,1.1758533E1,5.5231178E1,Destination SydkystDanmark,Destination SydkystDanmark,Picture on the way
40,Gisselfeld Abbey,"Just minutes from today’s roaring motorways – set in one of Zealand’s most beautiful landscapes – is the abbey Gisselfeld Kloster, one of Denmark's oldest and best-preserved Renaissance castles. The name can be traced back to the year 1370, but the red castle that we see today was built in the period between 1547 and 1575, by Peder Oxe, Denmark’s mighty steward of the realm. In 1701 Christian Gyldenløve decided that Gisselfeld should become an abbey, and that unmarried ladies of rank and an abbess should be attached to it. However, these plans were never realised, but the name Gisselfeld Kloster (Gisselfeld Abbey) remained unchanged. Due to the unstable times around Grevens Fejde (the Count’s Feud) in 1534, Gisselfeld was built as a fortress – with a curtain wall, drawbridges, embrasures and a moat. Gisselfeld is one of Denmark’s largest estates, with a total area of 3,850 ha., of which about two-thirds are forested. Nearly all of Vester Egede City and nine large farms belong to the estate, which owns a total of 126 properties. The landscaping has been around the castle for hundreds of years. Among other people, these beautiful surroundings inspired Hans Christian Andersen to write the world-famous",56326032,mail@gisselfeld-kloster.dk,https://www.southcoastofdenmark.com/holiday/plan-your-trip/gisselfeld-abbey-gdk1059103,Haslev,Gisselfeldvej 12 null,4690,DK,1.1967849999E1,5.5290369E1,Charlotte Wagner,Charlotte Wagner,
41,Monument Borup Ris,"The memorial stone has been erected for the two people who have been most important for the excavation of Borup Rice. Fuglebjerg Local History Society \""Borupris Friends\"" was responsible for the construction of the monument The memorial stone is in honor of Axel Steensberg, former chief inspector at the National Museum (1906 - 1999) and Svend Dyhre Rasmussen amateur archaeologist (1910 - 1974) Svend was the cause for the excavation of the village of Borup, located in Borup Rice. During the 2nd World War he was digging up a tree in Borup Rice forest and discovered a heap of rocks in the area, of which he thought some of them were in a row, he knew that once they had collected stones on the fields and cast them into the fields. This should turn out to be agaric from the Middle Ages. Axel Steensberg was responsible for the excavation of Borup Rice, which began in 1951 and lasted for 32 years. Borup Rice is the oldest village surveyed and mapped in its entirety",,,https://www.southcoastofdenmark.com/holiday/plan-your-trip/monument-borup-ris-gdk1058915,Fuglebjerg,Rejnstrupvej null,4250,DK,1.160759E1,5.5324048E1,Destination SydkystDanmark,Destination SydkystDanmark,Picture on the way
42,Mindesmærke for teacher M.A.TH. Kann,"The memorial stands beside the village pond in Fensmark, and was erected in memory of teacher M. A. TH. Kann. Teacher M.A.Th. Kann was a new young teacher in 1863, but at the same time he was a great force for the small community in Fensmark Parish. He was a church singer in Fensmark's Church where he met pastor G.E. Götzsche, and together they saw the possibilities and the idea that people joined together in an association. They therefore founded Fensmark Sangforening, which is the first information available around. Then he founded Fensmark sickness fund in 1867, 10 years later he then founded \""The Society of Sickness-Benefits Association on Zealand\"", which was the basis of the memorial stone. Kann also founded Fensmark Brugsforening in 1875",,,https://www.southcoastofdenmark.com/holiday/plan-your-trip/mindesmaerke-teacher-math-kann-gdk1058917,Holmegaard,"Næstvedvej, Fensmark null",4684,DK,1.1803556E1,5.5279719E1,Destination SydkystDanmark,Destination SydkystDanmark,Picture on the way
43,Grønjæger Høj/Grønsalen,"Longdolmen, 102 m long and 10 m wide high sorrounded by 124 edge stones. With two chambers at the east end and one at the west end. According to a legend, the Chief Green Hunter must be buried here. Another high east of Fanefjord church contains a nozzle.",,,https://www.southcoastofdenmark.com/holiday/plan-your-trip/gronjaeger-hojgronsalen-gdk634948,Askeby,Fanefjord Kirkevej 55 null,4792,DK,1.2153119E1,5.4896278E1,Destination SydkystDanmark,Destination SydkystDanmark,
44,Karrebæk Mølle,"Karrebaek Mill was built in 1858 and was active until the 1940's. It has 3 storeys and was part of a mill farm, the main building of which still stands. There are no entry to the mill, but you may climb the outside stairway and enjoy the fantastic view.",,,https://www.southcoastofdenmark.com/holiday/plan-your-trip/karrebaek-molle-gdk1058975,Karrebæksminde,Karrebækvej 850A null,4736,DK,1.1656246E1,5.5192507E1,Destination SydkystDanmark / Palle Jørly Jensen,Destination SydkystDanmark / Palle Jørly Jensen,
45,Bronze statue of Naestveds founder Peder Bodilsen,"The bronze sculpture, which is also called \""Denmark's smallest riding statue\"" was erected on the occasion of Næstved's 800th anniversary in 1935. It is a 42cm high bronze statue which depicts the nobleman Peder Bodilsen for horse. The statue is made by the pictorial artist Mathilius Schack Elo and the base is made by architect Hansen-Reistrup. 2059 people contributed to the production and set-up and were collected among the citizens of Næstved Peder donated together with his mother and brothers in 1135 large land estates and Sct. Peders Church to the Forest Monastery, what we know today as Herlufsholm. Therefore, Peder Bodilsen is also known as the founder of the Forest Monastery.",,,https://www.southcoastofdenmark.com/holiday/plan-your-trip/bronze-statue-naestveds-founder-peder-bodilsen-gdk1058908,Næstved,Hjultorv 5 null,4700,DK,1.175809E1,5.5231377E1,Destination SydkystDanmark,Destination SydkystDanmark,
46,Mindesten for faldne soldater,"Memorial to the soldiers from Næstved and surrounding areas who fell during the battles for the fatherland in 1848-50 and 1864. The memorial was erected by a local association, ‘The Danish Defence Brothers for Næstved and surrounding areas’, on 14 April 1904. The memorial was initially located at St. Morten’s Church Square, but in 1967 it was moved to the junction which is associated with the church on Østergade. In its original form, the memorial stone featured two cannons standing upright, surrounded by a number of cannon balls on the ground. After some debate with the pastor in connection with the relocation of the stone, it was decided to give the cannons and cannonballs to the Guard Hussar Regiment, and today they stand with a memorial at the Grønnegade Barracks. The memorial stone has been refreshed several times. The first time was in connection with its relocation to Østergade, and sculptor Erik Hemmingsen had the honour of running the operation. Nine years later, in 1986, the stone was restored once again by stonemason Eigil Caspersen, who refreshed the 1758 letters on the stone. The monument was restored once again in connection with the 100th anniversary of its establishment, as well",,,https://www.southcoastofdenmark.com/holiday/plan-your-trip/mindesten-faldne-soldater-gdk1058913,Næstved,Østergade null,4700,DK,1.1761256E1,5.522939E1,Destination SydkystDanmark,Destination SydkystDanmark,Picture on the way
47,Slattenpatten and her daughters,"In 2010, the much discussed sculpture of the internationally recognized Danish artist Bjørn Nørgaard was inaugurated at Axeltorv. The name of the sculpture is “Hanging tits and her daughters from Rønnebæksholm”. Bjørn Nørgaard was inspired when visiting Vejlø Church outside Næstved where wood carver Abel Schrøder the Younger in 1660 carved a sculptural pillar of “Hanging Tits” to support the church pulpit. Hanging Tits is a mystical figure from Zealandsk legend described as a giant female hunter with long breasts which she threw over her shoulders when she was hunting so they wouldn’t get in the way!",,,https://www.southcoastofdenmark.com/holiday/plan-your-trip/slattenpatten-and-her-daughters-gdk1058906,Næstved,Axeltorv null,4700,DK,1.1758085E1,5.5230804E1,Destination SydkystDanmark,Destination SydkystDanmark,
48,Ladby Mill,"Ladby Mill was built in 1899 as a co-operative mill by the small-holders in and around Ladby. Restoration began in 1986 and was finished in September 1989. Ladby Mill is one of Denmark's smallest, working windmills. Once a year, the 3rd Sunday of June is \""Open Mill Day\"" in Ladby Andelsmølle. The mill can be seen from the outside for the rest of the year. Opening of the mill can be arranged by appointment.",55447061,k-kronborg@hotmail.com,https://www.southcoastofdenmark.com/holiday/plan-your-trip/ladby-mill-gdk1058970,Næstved,Troldebjergvej 6A null,4700,DK,1.1684142E1,5.5276827E1,Ladby andelsmølle,Ladby andelsmølle,
49,Runddysse,Beautiful round cairn with 2 stone chambers. The top stones of both chambers have steel symbols on the upper surface. The round cairn can be seen from the road between Vallensved and Holloese.,,,https://www.southcoastofdenmark.com/holiday/plan-your-trip/runddysse-gdk1058898,Herlufmagle,Vejen Vallensved/Holløse null,4160,DK,1.16662561E1,5.52716782E1,Destination SydkystDanmark,Destination SydkystDanmark,Picture on the way
50,Monument for Baron Tage Reedtz-Thott,"Monument for His Excellency, mystery councilor, baroness Kjeld Thor Tage Otto Reedtz-Thott - Knight of Dannebrog and Dannebrogsmand - who holds the barony of Gavnø for 50 years. The memorial support is with an ore medallion with a portrait and was erected on March 22, 1912. The Lens Baron was also the head of the Herlufsholm School and Estate. The memorial support is set up at the end of the lime alley in Gavnø Castle Park.",55700200,fonden@gavnoe.dk,https://www.southcoastofdenmark.com/holiday/plan-your-trip/monument-baron-tage-reedtz-thott-gdk1058810,Næstved,Gavnø 2 null,4700,DK,1.1725278E1,5.5188831E1,Gavnø Slot,Gavnø Slot,
51,Rosenfeldt Estate,"The estate Rosenfeldt Gods has been owned by the Oxholm family since 1844 and is now run by the fifth and sixth generations: Tinna and Peter Oxholm Tillisch and their son Nikolai. Today, Rosenfeldt Estate is involved in agriculture, forestry, hunting and the leasing business. This includes the leasing of private homes, business premises and offices, unique banquet facilities and a 2,200 hectare hunting area. It is with a focus on a modern, efficient operation and respect for their history that Tinna and Peter Oxholm Tillisch have presented the unique piece of Danish history that is Rosenfeldt Gods since 1991 – built in a classical style, in distinctive red and yellow colours, with bricks from the castle Vordingborg Slot (The Goose Tower). There is no access to Rosenfeldt Gods or its park for outside visitors.",55 37 02 63,info@rosenfeldt.dk,https://www.southcoastofdenmark.com/holiday/plan-your-trip/rosenfeldt-estate-gdk1083052,Vordingborg,Rosenfeldt 1 null,4760,DK,1.18762214952669E1,5.50168302403566E1,Destination SydkystDanmark,Destination SydkystDanmark,
52,Ranes Banke,"In St. Tarnby at Kratgarden farm is a barrow with the ancient name of Ranes Banke (Rane’s Hill). According to legend, Rane Jonsen was led to the top of this hill to have a view of his lost properties before he was beheaded. Climbing the barrow on a quiet, clear summer evening while the sun is setting in the west, you will experience a view that is almost unforgettable: To the north, Koege Bay stretches before you with Copenhagen in the background, add to this the entire northern part of Stevns with Stroeby Church, Magleby Church, Gjorslev Castle, Holtug Church, Klippinge Hills, Varpelev Church and in the far distance you will see Store Heddinge Church.",,,https://www.southcoastofdenmark.com/holiday/plan-your-trip/ranes-banke-gdk1058594,Hårlev,Kratvej 12 St.Tårnby,4652,DK,1.223627776E1,5.538457176E1,Destination SydkystDanmark,Destination SydkystDanmark,
53,Cult stone,The Cult Stone. A work of art radiating erotica. Made of granite from Bornholm. Measurements: Oval : 175 x 122 cm. Pointed column: 160 x 110 cm. Base : 75 x 190 x 20 cm.,,,https://www.southcoastofdenmark.com/holiday/plan-your-trip/cult-stone-gdk1058920,Næstved,Sct. Peders Kirkeplads null,4700,DK,1.1757176E1,5.5229762E1,Destination SydkystDanmark,Destination SydkystDanmark,Picture on the way
54,Klintholm Estate,"Klintholm Estate is located on Møn close to Møns Klint. The Scavenius family owns and lives on Klintholm, it has been in the family for 7 generations since 1798. Klintholm estate is located in one of the most beautiful natural areas we have in Denmark, and until April 1980, Møns Klint was part of Klintholm Estate. But it was sold to the state in connection with a preservation of Høje Møn. The estate has had a great impact on the area and the various activities and initiatives that are in and around Klintholm. Among other things, they were responsible for the construction of Klintholm harbor in 1878, which was taken over by the municipality in 1918. In 1952 they opened a campsite, which today is known as Camp Møns Klint, which over time has become a large and beautiful campsite. They were also the first to introduce Hereford cattle in Denmark in 1954. Klintholm Estate is not open to the public, but the park is open and you can walk on the landscaped path through the park which is open from 08:00 until sunset. Holidays in the middle of the biosphere area Klintholm Manor is a partner of Mon UNESCO",55819105,klintholm@klintholm.dk,https://www.southcoastofdenmark.com/holiday/plan-your-trip/klintholm-estate-gdk1117200,Borre,Klintholm Alle 1 null,4791,DK,1.2501964E1,5.4978441E1,Klintholm Gods,Klintholm Gods,
55,Trines Hus,"Trine's House In the small village of Tåstrup on Stevns there is a real fire soul project. In a listed farmhouse from 1775, a family has for several generations undertaken to preserve the house in its original form, as well as to keep the house open to the public. The house is named after its former owner Trine, who lived in the house from the late 1800s until her death in the 1960s. Since then, only a married couple and now their children have taken care of the house for their own resources and have taken care of it. The house is kept open to tourists and others interested and is well visited. It gives the visitor a tangible picture of how the common people lived in the 19th century in an authentic exhibition where one must touch. Everything is as it was then, and there are no signs, posters or souvenir shop attached. Trines Hus is open from Easter holidays to autumn holidays and otherwise by appointment. 20 DKK is charged in the entrance for adults - free for children.",28545963,,https://www.southcoastofdenmark.com/holiday/plan-your-trip/trines-hus-gdk1058584,Klippinge,Tåstrupvej 33 null,4672,DK,1.2285569E1,5.5335805E1,,VisitSydsjælland-Møn,
56,Mindesten for C. Winther,"The memorial stone for the poet Christian Winther is placed west of Fensmark Priesthood. Christian Winther was born at the vicarage on July 29, 1796 and lived there for the first 10 years of his life. The memorial stone was set in memory of the city's famous son",,,https://www.southcoastofdenmark.com/holiday/plan-your-trip/mindesten-c-winther-gdk1058914,Holmegaard,Chr. Winthers Vej 2 null,4684,DK,1.1805847E1,5.5279828E1,Destination SydkystDanmark,Destination SydkystDanmark,Picture on the way
57,Roedvig Flint oven,"Rødvig Flint Oven is a 3.5 m high square building with a 5 m high chimney walled on top. It is furnished with 3 rooms above each other for the local museum or similar. as well as a viewing platform. In 1870, an enterprising skipper, Rasmus Larsen, got the idea to erect a flint furnace in the port of Rødvig. He had seen how to import flint flour from France, and he believed that what could be made of the stiff flint from the cliff had to be as good for the purpose as it was to be used for glazing on the beautiful faience products of the Aluminia factory at Christianshavn in Copenhagen. The plan succeeded, and flint flour was produced by both Rasmus Larsen and his son, Lars Peter Larsen, until 1910, ie for 40 years. While the flint stove worked, it employed between 15 - 20 men on picking up the flint, fit the stove and transport the flint to Copenhagen. The original flint furnace was built in 1870 by limestone from Højerup. And it was placed on the harbor so the fishermen could unload the flint nearby while shipping the finished product. The Flint furnace was",,,https://www.southcoastofdenmark.com/holiday/plan-your-trip/roedvig-flint-oven-gdk1058659,Rødvig Stevns,Stevns null,4673,DK,1.2371851E1,5.5256142E1,Destination SydkystDanmark,Destination SydkystDanmark,
58,Sjølundstårnet,"Old water tower now used by the Astronomy Association for star-gazing, and by visitors who want to cast a glance over the town. From the tower there are the most magnificent views. One can see all the way to Karrebaeksminde. The tower was built in 1938. Parking-place at Frejasvej.",55 88 55 88,,https://www.southcoastofdenmark.com/holiday/plan-your-trip/sjolundstarnet-gdk1058999,Næstved,Bag Bakkerne null,4700,DK,1.1772154E1,5.5223254E1,Destination SydkystDanmark,Destination SydkystDanmark,Picture on the way
59,Kompagnihuset,"The Company House. This building dates from 1493. It's name originates from the 1620's when it was a warehouse for King Christian IV's (1588 - 1648) Spanish Company. In reality it is a Guildhall from the Middle Ages, the only surviving one in Denmark. Admittance can be arranged in connection with meetings. The building received the Europa Nostra award in 1993 for excellent building restoration.",55 73 66 99,ne@naestvederhvervsforening.dk,https://www.southcoastofdenmark.com/holiday/plan-your-trip/kompagnihuset-gdk1059011,Næstved,Kompagnistræde null,4700,DK,1.175794E1,5.522898E1,Destination SydkystDanmark,Destination SydkystDanmark,
60,Holmegaard Estate,"Holmegaard Manor is one of Denmark's few remaining timbered manor houses. It was the building's owner Claus Daa who assembled the manor after it had been split for most of the 1500's. In 1801 the manor came into the Danneskiold-Samsoee Family who still own it. In 1825, Holmegaard Glass Works was founded and is now seperated from the manor. At Holmegaard Manor it is possible to rent the beautiful Skovridersal for festive occasions for both private and business. In addition, the estate also organizes: Festive anniversaries, team building, adventures Courses and conferences, exhibitions etc. Among Holmegaard Manor hears, among other things. the over 500 hectare Holmegaard Mose, which with its beautiful and distinctive nature is one of the very exciting nature areas of Zealand. The park is only accessible by appointment and visits can be arranged by appointment for larger groups. For guided tours, please contact Holmegaard Manor.",55548131,sikkermail@holmegaardgods.dk,https://www.southcoastofdenmark.com/holiday/plan-your-trip/holmegaard-estate-gdk1058932,Holmegaard,Holmegaardsvej 71 null,4684,DK,1.1836334E1,5.5274852E1,Holmegaard Gods,Holmegaard Gods,
61,Ridderhuset The House of Knights,"Ridderhuset is located in Riddergade in Næstved and is a beautiful half-timbered building dating from the Renaissance. The house dates from 1520, most of which dates from around 1600 and has been protected since 1918. The house is located between the Red Warehouse and the Apostle's House. Ridderhuset is a typical two-storey townhouse from Chr. IV's time. It is a half-timbered house, in two logs, in the boards between the timber is monk stones. And there are carved and painted wood on the facade that make the house something very special. Ridderhuset was renovated in the years 1884-1885, possibly by architect V. Ahlmann, who also restored the Apostle's House. In the 19th century there was forge in the house, since then it was bought by a grocer. In the years 1879-1909 Næstved Diskontobank was the owner of the house. And over the years there have been various occupants of the house. It is only possible to see from the outside.",,,https://www.southcoastofdenmark.com/holiday/plan-your-trip/ridderhuset-house-knights-gdk1058977,Næstved,Riddergade 3 null,4700,DK,1.175995E1,5.5229159E1,Destination SydkystDanmark,Destination SydkystDanmark,
62,Viking Sail in Gavnø Castle Garden,Viking Sail in copper made by the artist Gilbert Nielsen. Exhibited in Gavnø Castle Garden.,,fonden@gavnoe.dk,https://www.southcoastofdenmark.com/holiday/plan-your-trip/viking-sail-gavno-castle-garden-gdk1058813,Næstved,Gavnø 2 null,4700,DK,1.17178613645956E1,5.51908842617312E1,Gavnø Slot & Park,VisitSydsjælland-Møn,
63,Troldhøje burial mounds,"“Trollhøje” consist of beech and oak-covered burial mounds and a long nozzle from the Neolithic Age located in Roholte at Strandegårds Dyrehave. It is believed that the hills have been inhabited in the Stone and Bronze Age, they are still preserved because the land has not been used for arable land. The hills are located so you have a magnificent view of the fax bay",,,https://www.southcoastofdenmark.com/holiday/plan-your-trip/troldhoje-burial-mounds-gdk1059136,Faxe Ladeplads,Troldhøje null,4654,DK,1.2137658E1,5.5195063E1,Destination SydkystDanmark,Destination SydkystDanmark,Picture on the way
64,Karrebæksminde,"Karrebæksminde and Enø are known as an exquisite bathing resort with a beautiful sandy beach. The beach has for the past many years had the quality label \""Blue Flag\"", which shows that the water quality is top notch. The small fishing village located right next to Smålandsfarvandet has a lovely atmosphere with bathing, camping and restaurants, cafes and mini golf. Here you will find a selection of wonderful restaurants and cafés right down to the canal, where you can enjoy a delicious meal. It is also here that you find Enø Bakery, which lures with beautiful, homemade ice cream, which is famous far beyond the borders of South Zealand.",,,https://www.southcoastofdenmark.com/holiday/plan-your-trip/karrebaeksminde-gdk1110386,Karrebæksminde,Lungskyst 1 null,4736,DK,1.1649595E1,5.5175644E1,VisitSydsjælland-Møn,VisitSydsjælland-Møn,
65,Antique Amphora,Antique Amphora. Placed in front of the entrance to Gavnø Castle.,55700200,info@gavnoe.dk,https://www.southcoastofdenmark.com/holiday/plan-your-trip/antique-amphora-gdk1058815,Næstved,Gavnø 2 null,4700,DK,1.1725278E1,5.5188831E1,,VisitSydsjælland-Møn,
66,Klekkendehøj,"Klekkendehøj is located south of the village of Røddinge. The mound is \""Mon's only double giant burial ground. Excavated in the 18th century as one of the first archaeological excavations in Denmark. Unlike other double-giant rooms, the chamber here consists of only one chamber divided in the middle. To each of the rooms a 7 m long, low and narrow walk leads. The mound has undergone a major restoration in the spring / summer of 2001, so it has now returned to its original design. Key can be picked up in the house on the way up to the mound.",,,https://www.southcoastofdenmark.com/holiday/plan-your-trip/klekkendehoj-gdk634987,Askeby,Klekkendevej 13 null,4792,DK,1.2167068E1,5.4937013E1,Destination SydkystDanmark,Destination SydkystDanmark,Picture on the way
67,Dronning Alexandrines Bro,"The bridge Dronning Alexandrines Bro is also known as Mønbroen or Ulvsundbroen. It goes from Kalvehaveto Koster, thus extending from Zealand and Møn over Ulvsund. When it opened, the bridge replaced the ferry between Koster and Kalvehave. Construction started in 1939 and the bridge opened on 30 May 1943, when it was inaugurated by Queen Alexandrine and named after her. The bridge was designed by Anker Engelund and is 746 metres long. The central arch span is 127.5 metres wide and 26 metres high in total. The bridge is an arch bridge, with arches over the roadway, and underneath it is made from reinforced concrete and steel. It is one of the most beautiful bridges in the country. The bridge Dronning Alexandrines Bro has been featured as a motif on the 500 crown note since 2009.",,,https://www.southcoastofdenmark.com/holiday/plan-your-trip/dronning-alexandrines-bro-gdk615118,Kalvehave,Dronning Alexandrines Bro null,4771,DK,1.2163393E1,5.49904E1,Destination SydkystDanmark,Destination SydkystDanmark,
68,Tryghed og trivsel,Fountain depicting two elderly people sheltering under an umbrella. The fountain is made of concrete.,,,https://www.southcoastofdenmark.com/holiday/plan-your-trip/tryghed-og-trivsel-gdk1058902,Næstved,Farimagsvej 44 null,4700,DK,1.1765663E1,5.5228526E1,Destination SydkystDanmark,Destination SydkystDanmark,Picture on the way
69,Herluflille Mill,"Herluflille Møllelaug is a local association founded in 2003 with the purpose of renovating Herluflille Mill, and subsequently operating it as a working museum. You can purchase flour and animal feed at the mill. The mill that was built in 1884 is located in Næstved Municipality approx. 12 km south of Ringsted. The mill is open for visitors to the annual mill day in June. In addition, visits to the mill can be ordered by appointment by telephone Read more on the website",26145014,,https://www.southcoastofdenmark.com/holiday/plan-your-trip/herluflille-mill-gdk1058704,Herlufmagle,Suså Landevej 68 null,4160,DK,1.1760254E1,5.53079385E1,Herluflille Mølle,Herluflille Mølle,
70,Violinpigen,The Violin Girl is a 185 cm high bronze sculpture made by the sculptor Robert Lund-Jensen. He is known for his female sculptures as he made part of his career. Most of them can be seen on Funen. The violin girl was bought in 1970 and placed at Sct. Peders Church Square in Næstved in 1973,,,https://www.southcoastofdenmark.com/holiday/plan-your-trip/violinpigen-gdk1058900,Næstved,Sct. Peders Kirkeplads 9 null,4700,DK,1.1758431E1,5.5229931E1,Destination SydkystDanmark,Destination SydkystDanmark,
71,The Girl at Vadestedet,"'The Girl at Vadestedet' is made in bronze and was erected in 1980 whilst the building still belonged to the renouned entrepreneur Boeje Nielsen. The building now houses Naestved's regional radio station. The full figure of a woman is on her way up from a still water pond, a bathing place - 'vadestedet'.",,,https://www.southcoastofdenmark.com/holiday/plan-your-trip/girl-vadestedet-gdk1058909,Næstved,Vadestedet 1 null,4700,DK,1.17501966653072E1,5.52181979216639E1,Destination SydkystDanmark,Destination SydkystDanmark,Picture on the way
72,Kong Asgers Høj,"Take an exciting walk through the dark hallway to the chamber of King Asgers Høj, bring your flashlight and have a thrilling experience between the big stones in the dark. King Asgers Højis located on a hill northwest of the village of Sprove. The chamber is 10 m long and over 2 m wide. King Asgers Høj is considered the largest giant passage grave on Møn and one of the finest in Denmark. The mound was excavated in 1839.",,,https://www.southcoastofdenmark.com/holiday/plan-your-trip/kong-asgers-hoj-gdk634994,Stege,Kong Asgers Vej null,4780,DK,1.214069E1,5.4957013E1,Destination SydkystDanmark,Destination SydkystDanmark,
73,The cloth-boiler,"An old cloth-boiler, about 100 years old, from the old Maglemoelle Paper Factory. Later used as a buoy in the shipping channel in Karrebaeksminde Fjord.",,,https://www.southcoastofdenmark.com/holiday/plan-your-trip/cloth-boiler-gdk1058921,Karrebæksminde,Alléen 36 null,4736,DK,1.1646411E1,5.5177376E1,Destination SydkystDanmark,Destination SydkystDanmark,
74,Gunderslevholm Gods,"The High Court Judge for Zealand, Johannes Mogensen Grubbe, had a fortress built around 1335, Gunderslevsholm. However it was torn to the ground after the judge had quarrelled with the king, Valdemar Atterdag (1340 - 1375). The present building was built around 1729 in the baroque style, but was altered to the classic style in 1787 by C.A. von Plessen. In 1803 it was sold to Peter Johansen de Neergaard whose family still hold ownership. Not open to the public.",55 45 00 02,gunderslevholm@gunderslevholm.dk,https://www.southcoastofdenmark.com/holiday/plan-your-trip/gunderslevholm-gods-gdk1058982,Herlufmagle,Gunderslevvej 13 null,4160,DK,1.1671139E1,5.5314761999E1,Destination SydkystDanmark / Palle Jørly Jensen,Destination SydkystDanmark / Palle Jørly Jensen,
75,Sømarkedyssen,"Octagonal dolmen with a very big coverstone with about 200 bowl-shaped hollows, which are holy magic signs.",,,https://www.southcoastofdenmark.com/holiday/plan-your-trip/somarkedyssen-gdk635008,Borre,Stendyssevej null,4791,DK,1.2501166E1,5.4990999E1,Destination SydkystDanmark,Destination SydkystDanmark,Picture on the way
76,Holløse Mølle,"The mill has existed since 1200. After a fire in 1907 the mill was rebuilt. The mill is situated in a very beautiful area. Today it is not working, but it produces electricity. It is situated beside the River Susaa.",,,https://www.southcoastofdenmark.com/holiday/plan-your-trip/hollose-molle-gdk1058976,Herlufmagle,Holløsevej 5 null,4160,DK,1.1690326915E1,5.5300550474E1,Destination SydkystDanmark / Palle Jørly Jensen,Destination SydkystDanmark / Palle Jørly Jensen,
77,Stege City,Stege is one of the old market towns in Denmark. The town grew in the medieval times herring tale. Stege is today a modern and living city with a lot of different good restaurants and shops.,,,https://www.southcoastofdenmark.com/holiday/plan-your-trip/stege-city-gdk701028,Stege,Storegade null,4780,DK,1.2289373E1,5.49871479E1,Tage Klee,Tage Klee,
