row_id,name,description,telephone,page_url,address.addressregion,address.postalcode,address.addresscountry,address.addresslocality,address.streetaddress,geo.latitude,geo.longitude
0,Perler i Vanylven,N&#229;r du er i Vanylven er du omgjeven av utrulege historier og hendinger p&#229; alle kantar. Her er nokre av dei i korte utdrag: St....,+47 70030000,https://www.visitnorway.no/listings/perler-i-vanylven/19229/,FISKÅ,6143,Norge,Vanylven,,6.210067E1,5.56458E0
1,Mjøsmuseets Dokumentasjonssenter på Kapp,"Mj&oslash;smuseets dokumentasjonssenter p&aring; Kapp I Mj&oslash;smuseets dokumentasjonssenter finner du slekts- og g&aring;rdsarkiv, fotoarkiv,...",+47 91170500,https://www.visitnorway.no/listings/mj%C3%B8smuseets-dokumentasjonssenter-p%C3%A5-kapp/19642/,Kapp,2849,Norge,Østre Toten,"Kapp Melkefabrikk, Fabrikkvegen 32",6.071693E1,1.08583E1
2,"\""Anna Rogde\","\""Anna Rogde\"" anno 1868 fremstår i dag som et smykke etter mange år med godt vedlikehold av dyktige, frivillige ildsjeler! Det våges å påstå at hun er...",+47 77018380,https://www.visitnorway.no/listings/anna-rogde/143421/,Harstad,9404,Norge,Harstad,Trondenes veien 122,6.882101E1,1.656155E1
3,Fossheim steinsenter | Gratistippen,"Fossheim steinsenter er eit geologisk museum og smykkegalleri, butikk&nbsp;og verkstad. Med landets st&oslash;rste utval av mineral og smykkesteinar...",+47 61211460,https://www.visitnorway.no/listings/fossheim-steinsenter-%7C-gratistippen/209920/,Lom,2686,Norge,Lom,Bergsomsvegen 18,6.18398E1,8.56606E0
4,Helleristninger,"I Gjerpen i Skien finnes det flere flotte felt med bronsealder-ristninger som for eksempel L&oslash;berg, Wattenberg, Bergheim, Fossum, M&aelig;la og...",+47 35905520,https://www.visitnorway.no/listings/helleristninger/24400/,Skien,3732,Norge,Skien,,5.924053E1,9.56517E0
5,Gruve 3,"Har du aldri v&aelig;rt i en kullgruve f&oslash;r? Bli med oss dypt inn i Longyearbyen sin historie om gruvearbeiderne, kullst&oslash;vet og livet i...",+47 48100640,https://www.visitnorway.no/listings/gruve-3/199351/,Longyearbyen,9170,Norge,Spitsbergen,,7.823822E1,1.544669E1
6,Måløyraid Senteret,"Internasjonalt krigshistorisk informasjonssenter&nbsp;om krigshistorien sin f&oslash;rste allierte fullskala &laquo;Combined Operations&raquo;, der...",+47 94816904,https://www.visitnorway.no/listings/m%C3%A5l%C3%B8yraid-senteret/203930/,Måløy,6701,Norge,Vågsøy,"Gate 1, 93",6.193769E1,5.11619E0
7,Gursli gruver,På Gursli var det fra 1915 til 1919 en aktiv molybdengruve. Gruvene ved Gursli var aktive for å forsyne behovet for molybden under den første...,+47 51404700,https://www.visitnorway.no/listings/gursli-gruver/25280/,Moi,4460,Norge,Lund,Gursli,5.841196E1,6.5054E0
8,SDS Hansteen,"I dag er Hansteen et vernet fartøy satt tilbake til sin opprinnelige stand fra 1866. Bli med på omvisning og se skipets kullfyrte dampmaskin, den...",+47 73528975,https://www.visitnorway.no/listings/sds-hansteen/214932/,,7010,Norway,TRONDHEIM,Kjøpmannsgata 75,6.3434465E1,1.0405204E1
9,Historisk busstur med X35,"Guided tur fra Harstad til Nupen, Kv&aelig;fjord og tilbake til byen. Nupen er veldig popul&aelig;r for sin fantastisk utsikt over Andfjorden og...",+47 77018989,https://www.visitnorway.no/listings/historisk-busstur-med-x35/192151/,Harstad,9405,Norge,Harstad,Harstad,6.879958E1,1.654734E1
10,Kulturminnepark,"Vi tar deg med p&aring; en spennende vandring i gammel fangsthistorie der du f&aring;r oppleve et rekonstruert fangstanlegg, her kan du&nbsp;se og...",+47 91637475,https://www.visitnorway.no/listings/kulturminnepark/203638/,Rendalen,2485,Norge,Rendalen,Unsetveien 513,6.196729E1,1.110664E1
11,"Ketil Bjørnstad, konsert - 23. oktober","Ketil Bjørnstad - Verden som var min I 2019 er det 50 år siden Ketil Bjørnstad debuterte med Oslo Filharmonien, 16 år gammel, i Bartoks klaverkonsert...",,https://www.visitnorway.no/listings/ketil-bj%C3%B8rnstad-konsert-23-oktober/211408/,,7340,Norway,OPPDAL,Oppdal,6.2594496E1,9.686341E0
12,Grøtsetra i påska,"Varmestua / kiosken har åpen hver dag i påsken mellom kl. 11 - 15. • Salg av varm og kald drikke, pølser, vafler, kioskvarer m.m. • Utlån av akebrett...",,https://www.visitnorway.no/listings/gr%C3%B8tsetra-i-p%C3%A5ska/209276/,,7340,Norway,OPPDAL,Oppdal,6.2659559E1,9.539816E0
13,Rundtur til sjarmerende Skudeneshavn,Denne turen g&aring;r til Skudeneshavn. En vakker og sjarmerende by helt s&oslash;r p&aring; Karm&oslash;y. Byens historie g&aring;r tilbake til 1800-...,+47 52010830,https://www.visitnorway.no/listings/rundtur-til-sjarmerende-skudeneshavn/210115/,Haugesund,5525,Norge,Haugesund,"Haugesund- Skudeneshavn - Haugesund, Start: Haugesund",5.941663E1,5.2738E0
14,Gjøvik Sjokolade,I g&aring;gata p&aring; Gj&oslash;vik finner du en av Norges f&aring; sjokoladefabrikker.&nbsp; Gj&oslash;vik sjokolades&nbsp;spesielle...,+47 61132870,https://www.visitnorway.no/listings/gj%C3%B8vik-sjokolade/18399/,Gjøvik,2815,Norge,Gjøvik,Storgata 8,6.079516E1,1.069037E1
15,Reinstrakket,Den gamle setervegen mellom Lesja og Dalsida har blitt benyttet i flere hundre år. Omgivelsene er storslagne og på turen får du innblikk i historien...,+47 94867480,https://www.visitnorway.no/listings/reinstrakket/221291/,,2665,,Lesja,Steinevegen 23,6.21185473E1,8.8538522E0
16,Fjøløy fort og Fjøløy fyr,Området rundt Fjøløy fort er et av regionens nyeste og mest spennende friluftsområder. Her ute mot Kvitsøyfjorden kan du oppleve litt av norsk krigs-...,+47 51720200,https://www.visitnorway.no/listings/fj%C3%B8l%C3%B8y-fort-og-fj%C3%B8l%C3%B8y-fyr/25457/,Rennesøy,4150,Norge,Stavanger,Fjøløy,5.908984E1,5.5822E0
17,Jettestuen ved Strandval Gård,"Strandval g&aring;rd ligger innerst i Arn&oslash;yfjorden ved Valv&aring;gen, med utsikt mot havet, langstrakte jorder og skog. Flytebryggen ligger...",+47 92800809,https://www.visitnorway.no/listings/jettestuen-ved-strandval-g%C3%A5rd/218569/,Kolvereid,7970,Norge,Nærøysund,Strandvalvegen 189,6.480779E1,1.144495E1
18,"\""Kyrkjegarden ved havet\",Kolerakyrkjegarden i Leirv&aring;g I Leirv&aring;g ved Valev&aring;g ligg ein av dei best bevarte kolerakyrkjegardane i Sunnhordland. &nbsp;Den er...,+47 53748000,https://www.visitnorway.no/listings/kyrkjegarden-ved-havet/16893/,Valevåg,5554,Norge,Sveio,,5.969391E1,5.46656E0
19,Dyrene i Hakkebakkeskogen - 17. sept,"Dyrene i Hakkebakkeskogen Nå kommer Klatremus og alle vennene hans hit! Vel, alle er kanskje ikke venner sånn med en gang. Mikkel Rev er nok mest...",,https://www.visitnorway.no/listings/dyrene-i-hakkebakkeskogen-17-sept/211420/,,7340,Norway,OPPDAL,Oppdal,6.259424E1,9.686899E0
20,Rollag stavkirke,"Rollag stavkirke er en av de rikest dekorerte stavkirkene, med en blanding av kunstuttrykk fra en serie perioder fra tidlig middelalder helt opp til...",+47 31023831,https://www.visitnorway.no/listings/rollag-stavkirke/17573/,,,Norge,Rollag,,6.00211E1,9.27345E0
21,"Norangsdalen - \""Dronningruta\","Norangsdalen er eit dalf&#248;re rikt p&#229; b&#229;de natur- og kulturopplevingar. Det er ein stille seterdal utanfor allfarveg, og mellom dei...",+47 70068518,https://www.visitnorway.no/listings/norangsdalen-dronningruta/13985/,Ørsta,6150,Norge,Ørsta,,6.218617E1,6.70269E0
22,Krikken Kystfort - Skåtøy,"Krikken Kystfort ligger p&aring; den ene enden av &oslash;ya Sk&aring;t&oslash;y, strategisk plassert rett ved innseilingen til Krager&oslash;. Med...",+47 35986200,https://www.visitnorway.no/listings/krikken-kystfort-sk%C3%A5t%C3%B8y/202927/,Skåtøy,3780,Norge,Kragerø,,5.884278E1,9.47883E0
23,Natur-og kulturstiLangs Glomma i Lillestrøm kommune,"G&aring;r tur med kulturminner, naturliv og og historie som f&oslash;lgesvenn. Langs turveien kan man oppleve fine kulturminner som strekker seg over...",,https://www.visitnorway.no/listings/natur-og-kulturstilangs-glomma-i-lillestr%C3%B8m-kommune/216735/,Sørumsand,1920,Norge,Lillestrøm,Bingsfoss Kraftstasjon,5.99903E1,1.126466E1
24,Museet Erkebispegården,Sammen med Nidarosdomen har Erkebispegården en helt spesiell plass i Norgeshistorien. Besøk et av Trondheims mest spennende museer og se arkeologiske...,+47 73890800,https://www.visitnorway.no/listings/museet-erkebispeg%C3%A5rden/214922/,,7013,Norway,TRONDHEIM,Bispegt. 11,6.342609E1,1.0395628E1
25,Kristiansten Festning,Festningen ble benyttet av okkupasjonsmakten under 2.verdenskrig. Rettersted der 23 norske motstandsfolk ble henrettet av okkupasjonsmakten under 2...,+47 46870400,https://www.visitnorway.no/listings/kristiansten-festning/214913/,,7016,Norway,TRONDHEIM,Kristianstensbakken 30,6.3427295E1,1.0410883E1
26,"Skulpturer, statuer og minnesmerker i Gjøvik","Ta en tur inn på nettsiden til Helge Øye og se alle de fantastiske bildene han har tatt av diverse skulpturer, statuer og minnesmerker i Gjøvik....",,https://www.visitnorway.no/listings/skulpturer-statuer-og-minnesmerker-i-gj%C3%B8vik/25750/,Gjøvik,2815,Norge,Gjøvik,Rundt i Gjøvik,6.079543E1,1.069163E1
27,Rullestadjuvet og Postvegen,Rullestadjuvet er eit dramatisk og flott naturomr&#229;de som er tilgjengeleg b&#229;de med bil og til fots. Her er bratte fjellsider der enorme...,+47 95102593,https://www.visitnorway.no/listings/rullestadjuvet-og-postvegen/21166/,Fjæra,5598,Norge,Etne,Rullestad,5.991098E1,6.51489E0
28,Arctic Whisky Day tour to Aurora Spirit - Lyngen Adventure,"Great views, local tastes and interesting facts guaranteed! The Distillery Tour will be given by a qualified staff member who will guide you through...",,https://www.visitnorway.no/listings/arctic-whisky-day-tour-to-aurora-spirit-lyngen-adventure/213693/,,9060,162,Lyngseidet,Strandveien 16,6.957544E1,2.0218677E1
29,Bruredynnan,Bruredynnan uti enden av Seljordsvatnet ved Rondebergs&#229;sane. P&#229; desse glatte fjellveggane finst restar av hellem&#229;ling som kan vera...,+47 35050400,https://www.visitnorway.no/listings/bruredynnan/23443/,Seljord,3840,Norge,Seljord,,5.943441E1,8.82253E0
30,Petter Dass-museet,"På Alstahaugtunet ligger den gamle prestegården, middelalderkirken Alstahaug kirke, og et moderne museumsbygg. Som symbol for tusenårsstedet og dets...",+47 75110150,https://www.visitnorway.no/reisemal/trondelag/kystriksveien/listings-kystriksveien/petter-dass-museet/192702/,,8800,Norway,SANDNESSJØEN,Alstahaug,6.5893904E1,1.2395089E1
31,Sagnet om Mari,Det var i 1895 veien gjennom Maristien stod ferdig og ble tatt i bruk. Før den tid var det en lang omvei for å komme fra denne siden og over til...,+47 35080550,https://www.visitnorway.no/listings/sagnet-om-mari/14263/,Rjukan,3660,Norge,Tinn,Torget 2,5.986614E1,8.47449E0
32,Oppdal Turisthotell - PÅSKEPROGRAM,"Vi gleder oss til påske! Oppdal Turisthotell ønsker deg velkommen til et fullspekket påskeprogram. Her blir det full fart med Oppdal All Stars 2019,...",+47 72400700,https://www.visitnorway.no/listings/oppdal-turisthotell-p%C3%85skeprogram/209338/,,7340,Norway,OPPDAL,,6.2593076E1,9.692872E0
33,Skifer Jul 2018 - 5. juledag,"Quality Hotel Skifer inviterer til nok en romjulsfest 5. juledag, hvor det blir ristet \""Norske Kroner\"" ut av madrassen også i år. Fra scenen blir...",,https://www.visitnorway.no/listings/skifer-jul-2018-5-juledag/207285/,,7340,Norway,OPPDAL,Oppdal,6.2593272E1,9.688911E0
34,Bönkers99 - onsdag 17. april,"Det er ikke ofte Bönkers står på scena, men når de først gjør det, går vi mann av huse for å få med oss en god musikkopplevelse med mye trøkk i. De er...",+47 72400700,https://www.visitnorway.no/listings/b%C3%B6nkers99-onsdag-17-april/208979/,,7340,Norway,OPPDAL,Oppdal,6.2592927E1,9.693107E0
35,Obrestad fyr,"Obrestad fyr ble opprettet i 1873 og er bygd i granitt. 1905 ble det bygd fyrmesterbolig, fyrbetjentboligen ble bygd i 1949/50 og familiebolig i 1969....",+47 51791660,https://www.visitnorway.no/listings/obrestad-fyr/14611/,Nærbø,4365,Norge,Hå,Håvegen,5.865888E1,5.55491E0
36,Geirangerfjorden,"Forma som ein S har naturen sj&#248;lv gjeve forbokstaven for suplerativa som passer for Geirangerfjorden. Suveren, super eller ogs&#229; \""Perla blant...",+47 70263099,https://www.visitnorway.no/listings/geirangerfjorden/187773/,Geiranger,6216,Norge,Stranda,,6.210356E1,7.09923E0
37,Juleshow - 28. november,"Juleshow 2019 - Bettan - Blunck - Reidun - Nagell-Dahl. NYTT SHOW - NY SUKSESS: Kom i skikkelig julestemning på «JULESHOW 2019», med Øivind Blunck,...",,https://www.visitnorway.no/listings/juleshow-28-november/211415/,,7340,Norway,OPPDAL,Inge Krokanns veg 2,6.2594586E1,9.686191E0
38,Haugesund Teater,Haugesund Teater (HAUT) er regionteater for Haugalandet og spiller sine forestillinger p&aring; HAUT scene i Smedasundet 98 og p&aring; turn&eacute;...,+47 52728222,https://www.visitnorway.no/listings/haugesund-teater/213144/,Haugesund,5525,Norge,Haugesund,Smedasundet 98,5.941411E1,5.26542E0
39,Runesteinen frå 1100,"Ved sida av Stedje kyrkje står ein 1,89 meter høg og 0,39 meter brei runestein. Steinen er truleg sett opp ein gong i mellomalderen kring 1100- talet....",+47 57671400,https://www.visitnorway.no/listings/runesteinen-fr%C3%A5-1100/111300/,Sogndal,6851,Norge,Sogndal,Stedje,6.122664E1,7.09584E0
40,DS Skibladner - Mjøsas hvite svane,"Hjuldamperen Skibladner -&nbsp;et flytende, levende museum med mer til! Skibladner fra 1856 er et vakkert syn p&aring; Mj&oslash;sa en solblank...",+47 61144080,https://www.visitnorway.no/listings/ds-skibladner-mj%C3%B8sas-hvite-svane/18020/,Gjøvik,2821,Norge,Gjøvik,"Hjemhavn: Bryggevegen 2 , Kontor: Strandgata 28 A",6.079788E1,1.07E1
41,Erlend Ropstad - 24. mai UTSOLGT,Lady Dala er stolte av å kunne invitere gjester til solo-konsert med Erlend Ropstad på låven. Erlend ga ut sin 7. plate Brenn Siste Brevet 25. januar....,,https://www.visitnorway.no/listings/erlend-ropstad-24-mai-utsolgt/208961/,,7340,Norway,OPPDAL,Oppdal,6.2472566E1,9.51585E0
42,Hågåsen Kultursti,H&aring;g&aring;sen i Kirkehamn p&aring; Hidra har mange interessante historier som tidligere ikke har n&aring;dd ut til alle de som bes&oslash;ker...,,https://www.visitnorway.no/reisemal/sorlandet/listings-lister/h%C3%A5g%C3%A5sen-kultursti/208551/,Hidrasund,4432,Norge,Flekkefjord,,5.822732E1,6.55383E0
43,Hell Stasjon,"Trondheim lufthavn Værnes, E6, Fv. 24 fra Trondheim og Rv. 705 fra Røros/Brekken via Selbu møtes her. Nordlandsbanen knyttes ved Hell stasjon til...",+47 73807660,https://www.visitnorway.no/listings/hell-stasjon/214910/,,7517,Norway,HELL,Øyvegen,6.3445075E1,1.0895974E1
44,Morgans Skip,Eventyrlig! Morgans Skip kan beskrives som et eneste stort eventyr. Det startet som en gave fra den svenske kunstneren Calle Örnemark. Det fortsatte i...,,https://www.visitnorway.no/listings/morgans-skip/177104/,,,,Gratangen,Gratangen,6.8752875E1,1.7269585E1
45,Hallemsmarka,"HALLEMSMARKA - i et landskap av ruvende gravhauger Her er det en enestående samling av fortidsminner fra eldre og yngre jernalder, 500 f. Kr &#8211;...",+47 74401716,https://www.visitnorway.no/listings/hallemsmarka/117285/,Verdal,7650,Norge,Verdal,,6.380927E1,1.157144E1
46,Munkeby Klosterruiner,MUNKEBY KLOSTERRUINER Ved Okkenhaug i Levanger ligger Munkeby klosterruiner. Klosteret var et cistercienserkloster og ble trolig bygd på siste halvdel...,,https://www.visitnorway.no/listings/munkeby-klosterruiner/186972/,Levanger,7600,Norge,Levanger,Munkeby,6.372996E1,1.138527E1
47,Byvandring i Stavanger,En guidet byvandring er en glimrende m&aring;te for &aring; utforske Stavangers mange skjulte skatter. I selskap med byens kjennere skal vi spisse...,+47 51850920,https://www.visitnorway.no/listings/byvandring-i-stavanger/212781/,Stavanger,4005,Norge,Stavanger,"GuideCompaniet, Strandkaien 61",5.897252E1,5.72668E0
48,Skibladner D/S,Skibladner Direksjonen i AS Oplandske Dampskibsselskap har bestemt av Skibladner ikke vil kunne seile f&oslash;r tidligst 23 juni 2020. F&oslash;rste...,+47 61144080,https://www.visitnorway.no/listings/skibladner-d-s/15981/,Eidsvoll,2080,Norge,Eidsvoll,Jernbanegata 2,6.033108E1,1.126261E1
49,Rjukan,"Gaustatoppen, 1883 m.o.h. er et av v&aring;re mest popul&aelig;re utfartsm&aring;l. Fjelltoppen, som blir kalt Norges vakreste, gir deg p&aring; klare...",+47 35080550,https://www.visitnorway.no/listings/rjukan/190616/,Rjukan,3660,Norge,Tinn,,5.98787E1,8.5936E0
50,Isfiske for familien - Lørdag 14. april,"Et av påskens høydepunkt i Oppdal er isfiskekonkurranse i Storlidalen. Konkurransen går av stabelen ved Bårdsgarden, ca. 18 km fra Lønset, på...",,https://www.visitnorway.no/listings/isfiske-for-familien-l%C3%B8rdag-14-april/208968/,,7340,Norway,OPPDAL,"Bårdsgarden, Storlidalen",6.268021E1,9.150238E0
51,Påskebandet - Påskaften,"Påskens høydepunkt på Quality Hotel Skifer: På scenen i Lobbyen Trond Helge Johnsen, Kyrre Sætran, Skjalg Raaen, Steinar krogstad, gjesteartister...",,https://www.visitnorway.no/listings/p%C3%A5skebandet-p%C3%A5skaften/209351/,,7340,Norway,OPPDAL,Oppdal,6.2592422E1,9.686771E0
52,Bryggene i Råkvåg,Bryggerekka i Råkvåg skal være den største samlinga av sildebrygger utenom byer i Norge. Flere av bryggene ble bygd på slutten av 1800-tallet. Da...,+47 73852700,https://www.visitnorway.no/listings/bryggene-i-r%C3%A5kv%C3%A5g/118678/,Råkvåg,7114,Norge,Indre Fosen,,6.375908E1,1.007002E1
53,Konsertkameratene,"Konsert- og eventarrangør med totalleveranser til konserter. Lyd-, lys-, sceneutleie og konferansegjennomføring. Konsertkameratene ønsker å bidra til...",+47 90247484,https://www.visitnorway.no/listings/konsertkameratene/24939/,Sandefjord,3214,Norge,Sandefjord,Laskenveien 36B,5.913703E1,1.019962E1
54,Geologisenteret & Trilobox,"Geologisentret i Slemmestad har i sin Trilobox utstillingsmontre med fossiler, bergarter og mineraler. En modell viser berggrunnen i&nbsp; Slemmestad...",+47 31281484,https://www.visitnorway.no/listings/geologisenteret-%26-trilobox/216729/,Slemmestad,3470,Norge,Asker,Vaterlandsveien 13,5.978166E1,1.049706E1
55,Kulturvandring i Uskedalen,"Turen g&#229;r med eigen bil opp dalen til Friheim. Fokus p&#229; Kapteinsgarden, gravhaugar, elv og landskap. Haugland skulemuseum - &#171;ein...",+47 91531487,https://www.visitnorway.no/listings/kulturvandring-i-uskedalen/16829/,Uskedalen,5463,Norge,Kvinnherad,,5.993129E1,5.86088E0
56,"Helgefeltet, gravfelt","Et av Trøndelags mest særpregede kulturminner finner vi på Helge i Byafossen, Steinkjer. Området inneholder flere gravhauger og bautasteiner. I...",+47 74401716,https://www.visitnorway.no/listings/helgefeltet-gravfelt/117281/,Steinkjer,7716,Norge,Steinkjer,Byafossen,6.40338E1,1.154659E1
57,Flyvrak på Skorve,Under siste krig styrta to fly p&#229; Skorve. Desse tragiske hendingane gjekk f&#248;re seg hausten 1944. Det eine var eit amerikansk fly som var ute...,,https://www.visitnorway.no/listings/flyvrak-p%C3%A5-skorve/23452/,Seljord,3840,Norge,Seljord,,5.952139E1,8.51784E0
58,Riddarstøga,Riddarst&oslash;ga p&aring; Lerhol er fra 11-1300-tallet. Ridderen Sigvat av Leirholar (1270-1340) - ogs&aring; kalt Sigvat Kvien - fordi han...,+47 61359410,https://www.visitnorway.no/listings/riddarst%C3%B8ga/19026/,Vang i Valdres,2974,Norge,Vang,,6.112554E1,8.56664E0
59,Sagelva Vasskraftsenter - Med vatn som drivkraft i 300 år,"Sagelva Vasskraftsenter byr på et unikt stykke lokalhistorie. Her kan du oppleve demonstrasjon av et fullskala anlegg med blant annet oppgangssag,...",+47 41558718,https://www.visitnorway.no/listings/sagelva-vasskraftsenter-med-vatn-som-drivkraft-i-300-%C3%A5r/209319/,,2669,,Lesja,Brøstvegen,6.22774309648E1,8.1202867907E0
60,SJØHOLMEN,"VELKOMMEN TIL SJ&Oslash;HOLMEN&nbsp; &nbsp; Sj&oslash;holmen &ndash; Et hus for alle, et hus for hele kroppen, et mellomrom i hverdagen...",+47 67808862,https://www.visitnorway.no/listings/sj%C3%98holmen/207039/,Blommenholm,1365,Norge,Bærum,Sandviksveien 130,5.989259E1,1.054336E1
61,Nidarosdomen,"Nidarosdomen er verdens nordligste gotiske katedral. Katedralen er bygget over graven til Olav den hellige, vikingkongen som kristnet Norge....",+47 73890800,https://www.visitnorway.no/listings/nidarosdomen/214923/,,7013,Norway,TRONDHEIM,Bispegata 11,6.3426885E1,1.0388494E1
62,Aalesunds Museum,"Aalesunds Museum gir et genuint innblikk i &Aring;lesunds historie, fra fremvekst som sj&oslash;fartsby til begivenheter som bybrannen og den tyske...",+47 70164842,https://www.visitnorway.no/listings/aalesunds-museum/13886/,Ålesund,6002,Norge,Ålesund,Rasmus Rønnebergsgt. 16,6.247161E1,6.1569E0
63,Gravfeltet Vang,«Bli med på en spennende vandring og hør om fjellvikingenes rike” På vandringen er det Anne Lise du møter. Hun har selv vært med på utgravinger på...,,https://www.visitnorway.no/listings/gravfeltet-vang/204433/,,7340,Norway,OPPDAL,Oppdal,6.2602802E1,9.648271E0
64,Buføring av sau,"Tilgjengleg fr&aring; 27. mai til 10. juni Bli med n&aring;r sauen skal til sommarbeite p&aring; Alm gard! Kom n&aelig;r dyra og naturen, og opplev...",+47 48125138,https://www.visitnorway.no/listings/buf%C3%B8ring-av-sau/221964/,Aurland,5745,Norge,Aurland,Vassbygdi,6.087591E1,7.33889E0
65,Skei Utvalgte kulturlandskap,Skei er et av 22 utvalgte kulturlandskap&nbsp;i Norge som har f&aring;tt s&aelig;rskilt status p&aring; grunn av sine biologiske og kulturhistoriske...,,https://www.visitnorway.no/listings/skei-utvalgte-kulturlandskap/214998/,Leka,7994,Norge,Leka,,6.510972E1,1.17692E1
66,Sauesank i Aurlandsdalen,SAUESANK OG VANDRING NED AURLANDSDALEN FR&Aring; &Oslash;STERB&Oslash; TIL VASSBYGDI - KUN LAURDAG 19.SEPTEMBER Vandringa med sauen ned Aurlandsdalen...,+47 48125138,https://www.visitnorway.no/listings/sauesank-i-aurlandsdalen/221972/,Aurland,5745,Norge,Aurland,Østerbø,6.08287E1,7.50583E0
67,"Galleri Fjellsol, kunst- og musikkgalleri",Samfunnsorientert billedkunst i Stavsj&oslash; Galleri Fjellsol har markert seg som Innlandets diamant av et lite og uj&aring;lete kunst- og...,+47 45421200,https://www.visitnorway.no/listings/galleri-fjellsol-kunst-og-musikkgalleri/209410/,Stavsjø,2353,Norge,Ringsaker,Mengsholvegen 4,6.080484E1,1.083835E1
68,Sightseeingtur til Utstein Kloster,"Bli med&nbsp;til Norges eneste bevarte middelalderkloster, fra kongsg&aring;rd til herreg&aring;rd. Fantastisk natur vil&nbsp;du se&nbsp;under denne...",+47 51850920,https://www.visitnorway.no/listings/sightseeingtur-til-utstein-kloster/14725/,Stavanger,4005,Norge,Stavanger,"GuideCompaniet - Stavanger by Locals, Strandkaien 61",5.897253E1,5.72668E0
69,Russvassdammen,RUSSVASSDAMMEN Tømmerfløytinga i Fardøl vart innlemma i Fellesfløytinga i 1860. Noverande steindam er frå 1893. Dette er eit imponerande byggverk av...,+47 35041455,https://www.visitnorway.no/listings/russvassdammen/23376/,Fyresdal,3870,Norge,Fyresdal,Borggrend,5.915729E1,7.96013E0
70,Oppdalsmuseet i høst,Oppdalsmuseet ligger en liten gåtur fra Oppdal sentrum. Her er det samlet flere bygninger og gjenstander som gir deg en unik mulighet til å studere...,+47 91644172,https://www.visitnorway.no/listings/oppdalsmuseet-i-h%C3%B8st/198815/,,7340,Norway,OPPDAL,Oppdal,6.2598906E1,9.702719E0
71,Galleri Mali,"Du blir glad av et besøk hos Galleri Mali. Malerkunstner Mali Anette Hoel har både verksted og galleri her på Vetl´torget, rett ved trollet i sentrum....",+47 48259557,https://www.visitnorway.no/listings/galleri-mali/198873/,,7340,Norway,OPPDAL,"Torget, Oppdal",6.2594575E1,9.691728E0
72,Quality Hotel Skifer - PÅSKEPROGRAM,PÅSKERFERIE 2019 Påskeferie for hele familien på Quality Hotel Skifer Oppdal betyr avslapping og glade dager i fjellet! Fredag 12.04 Kl. 22: Trubadur...,+47 73605080,https://www.visitnorway.no/listings/quality-hotel-skifer-p%C3%85skeprogram/209337/,,7340,Norway,OPPDAL,,6.2593272E1,9.688911E0
73,Kulturhuset - PÅSKEPROGRAM,Bygdas samlingspunkt er fullstappet med god underholdning i påska! Et bredt og spennende spekter av påskefilmer vises i kinosalen og storesalen hver...,,https://www.visitnorway.no/listings/kulturhuset-p%C3%85skeprogram/209339/,,7340,Norway,OPPDAL,Inge Krokansveg 2,6.2595128E1,9.687629E0
74,Finnskogleden,Historisk vandreled Finnskogleden tar deg gjennom de grensetraktene som ble innvandret av finner fra Savolaks og Tavastland p&aring; 1500- og...,+46 571 283 70,https://www.visitnorway.no/listings/finnskogleden/15142/,Magnor,2240,Norge,Eidskog,"Morokulien Touristcenter, Arkovegen 3561",5.99307E1,1.224001E1
75,Salamandernatten,Killi Olsen ga kunstverket i gave til Trondheim kommune i 2007 og det kan nå sees i Sparebank1 Midt-Norges lokaler i Søndre gate i bankens åpningstid....,+47 07300,https://www.visitnorway.no/listings/salamandernatten/214931/,,7011,Norway,TRONDHEIM,Søndre gate 4,6.3430913E1,1.0399892E1
76,Cementmuseet,"Velkommen til Cement museet på Slemmestad. Cementmuseet ligger på Slemmestad i Røyken. Det inneholder gjenstander, arkiv og fotografier fra...",,https://www.visitnorway.no/listings/cementmuseet/186833/,Slemmestad,3470,Norge,Asker,Vaterlandveien 14,5.978121E1,1.049621E1
77,Hågåsen Kystbatteri,Fra H&aring;g&aring;sen har du fantastisk utsikt utover havet. F&oslash;lger du sien p&aring; H&aring;g&aring;sen finner man fortsatt spor etter...,+47 95082370,https://www.visitnorway.no/reisemal/sorlandet/listings-lister/h%C3%A5g%C3%A5sen-kystbatteri/20167/,Hidrasund,4432,Norge,Flekkefjord,Kirkehamn,5.822939E1,6.53837E0
78,Årbakkavollen,"Årbakkavollen er eit fornminne frå eldre jarnalder (0-550 e.kr.) med restar etter 20 gravrøyser og minst 6 bautasteinar, 1 - 3 m høge. Handelsstaden...",+47 47408923,https://www.visitnorway.no/listings/%C3%85rbakkavollen/14984/,Årbakka,5693,Norge,Tysnes,,5.999203E1,5.68568E0
79,Modelljernbaneanlegg på Kornsjø,P&aring; Kornsj&oslash; stasjon kan du oppleve et Norge i miniatyr &ndash; en opplevelse for hele familien! &nbsp; Siden 2014 er det bygget opp et...,,https://www.visitnorway.no/listings/modelljernbaneanlegg-p%C3%A5-kornsj%C3%B8/198005/,Kornsjø,1796,Norge,Halden,Kornsjø stasjon,5.894115E1,1.166024E1
80,Skotfoss - en vandring i industrieventyret,"Skotfoss tilh&oslash;rte Solum kommune inntil 1. januar 1964, da ble de med flere andre kommuner sl&aring;tt sammen til nye Skien...",+47 35905520,https://www.visitnorway.no/listings/skotfoss-en-vandring-i-industrieventyret/208298/,Skien,3720,Norge,Skien,,5.921452E1,9.51858E0
81,Solbergfoss Kraftstasjon,"Solbergfoss kraftverk ligger i Glomma og har status som kulturminne i norsk kraftproduksjon. Kraftstasjonen best&aring;r av to kraftverk, som er...",,https://www.visitnorway.no/listings/solbergfoss-kraftstasjon/217554/,Askim,1830,Norge,Indre Østfold,Solbergfossveien,5.963654E1,1.115418E1
82,"Romsåsen Gruver - Historisk omvisning, Askim",Historisk omvisning i Roms&aring;sen Gruver &nbsp; Opplev spennende gruvevandring i nikkelgruver fra 1866 i Askim. En engasjert guide blir med &aring;...,+47 91741963,https://www.visitnorway.no/listings/roms%C3%A5sen-gruver-historisk-omvisning-askim/24595/,Askim,1815,Norge,Indre Østfold,,5.958528E1,1.110889E1
83,Kultur på fatet,Kultur p&aring; fatet betyr tradisjon. Det betyr arbeidssett og metoder som har blitt l&aelig;rt bort og arva gjennom fleire generasjonar over fleire...,+47 48125138,https://www.visitnorway.no/listings/kultur-p%C3%A5-fatet/221974/,Aurland,5745,Norge,Aurland,Østerbø,6.08287E1,7.50583E0
84,Skedsmo bygdemuseum,Skedsmo bygdemuseum ligger p&aring; Huseby g&aring;rd ved Skedsmokorset. &nbsp;Utgravninger viser at det har bodd folk her i over 2000 &aring;r....,+47 66936646,https://www.visitnorway.no/listings/skedsmo-bygdemuseum/26728/,Skedsmokorset,2020,Norge,Lillestrøm,"Huseby Gård, Husebyvegen",6.000117E1,1.10345E1
85,Vikingskipet Saga Oseberg,​​​​​​Opplev Osebergskipet Verdens viktigste funn fra vikingtiden ble gjort like utenfor T&oslash;nsberg i 1904;&nbsp;nemlig oppdagelsen av&nbsp;det...,+47 91583585,https://www.visitnorway.no/listings/vikingskipet-saga-oseberg/201560/,Tønsberg,3126,Norge,Tønsberg,Ollebukta 3 (Vikingodden),5.926452E1,1.040692E1
86,Leirvåg,"I Leirvåg er det friområde med badeplass og toalett. Her ligg òg ein kolerakyrkjegard frå 1849, kjend som «Kyrkjegarden ved havet» etter ein...",+47 53748000,https://www.visitnorway.no/listings/leirv%C3%A5g/14418/,Sveio,5550,Norge,Sveio,,5.969517E1,5.45656E0
87,Glasergruva,Glasergruva er markert som en Gea Norvegica Geopark lokalitet. Det er satt opp skilt. Gruva og omr&aring;det som er knyttet til den er...,+47 35905520,https://www.visitnorway.no/listings/glasergruva/13525/,Skien,3724,Norge,Skien,,5.925157E1,9.53055E0
88,Norges Riksmonument,Snorres kongesagaer nevner stedet der Harald H&aring;rfagre l&aring; begravet. I forrige &aring;rhundre mente man &aring; kunne p&aring;vise den...,+47 52010830,https://www.visitnorway.no/listings/norges-riksmonument/14390/,Haugesund,5515,Norge,Haugesund,Haraldshaugen,5.942901E1,5.25887E0
89,Kaupang Vikingbyen,BES&Oslash;K KAUPANG - der den kjente vikingbyen l&aring;! Her tilbys&nbsp;guidede turer og vikingaktiviteter for unge og voksne. Ta del i historien...,+47 90622744,https://www.visitnorway.no/listings/kaupang-vikingbyen/177405/,Larvik,3261,Norge,Larvik,Kaupangveien 276,5.903519E1,1.010648E1
90,Mjøsas Ark - Mjøsmuseet,"Ta med familien til ei reise gjennom 8000 &aring;r! Vikingsverd, helleristninger og Mj&oslash;saksjonen er noe av det du kan...",+47 91170500,https://www.visitnorway.no/listings/mj%C3%B8sas-ark-mj%C3%B8smuseet/27051/,Kapp,2849,Norge,Østre Toten,Fabrikkvegen 88,6.071772E1,1.085751E1
91,Skåtøy,Velkommen til idylliske Sk&aring;t&oslash;y! Her finner du et vakkert og variert landskap; fra sjarmerende stier som bukter seg gjennom den frodige...,+47 35986200,https://www.visitnorway.no/listings/sk%C3%A5t%C3%B8y/26174/,Skåtøy,3780,Norge,Kragerø,,5.88546E1,9.51125E0
92,Gravrøyser i Giske,Giske er s&#230;rs rik p&#229; gravr&#248;yser og gravhaugar fr&#229; steinalder og oppover. Mjeltehaugen p&#229; Giskegjerdet er omlag 30 meter i...,+47 70163430,https://www.visitnorway.no/listings/gravr%C3%B8yser-i-giske/13825/,Valderøya,6050,Norge,Giske,,6.246712E1,5.98892E0
93,Julemarked på Fagerhaug,Hjertelig velkommen til et julemarked med garantert førjulsstemning i ekte Skomakergate-stil. Det er sjette året det rigges til utenfor Skogtun...,,https://www.visitnorway.no/listings/julemarked-p%C3%A5-fagerhaug/206882/,,7340,Norway,OPPDAL,Oppdal,6.2656202E1,9.877818E0
94,Oscarsborgoperaen,Velkommen til Oscarsborgoperaen!! Stiftelsen OscarsborgOperaen er en ideell stiftelse som produserer storslåtte operaforestillinger av ypperste klasse...,+47 91640435,https://www.visitnorway.no/listings/oscarsborgoperaen/174818/,Drøbak,1440,Norge,Frogn,"Stiftelsen OscarsborgOperaen, Enerveien 3A",5.967353E1,1.060769E1
95,Skjævelandsbrua,Bru over Figgjoelva i nordre del av Klepp som var ferdigbygd i 1853. Det er ei kombinert steinhvelv- og steinhellebru som er 100 m lang. Brua er en...,+47 51429800,https://www.visitnorway.no/listings/skj%C3%A6velandsbrua/14583/,Kleppe,4352,Norge,Klepp,Skjæveland,5.880529E1,5.68185E0
96,Hundekjøring,Hundekj&oslash;ring Turlederen&nbsp;kj&oslash;rer sitt spann foran og deltageres spann vil f&oslash;lge etter. Du beh&oslash;ver ingen erfaring med...,+47 48276199,https://www.visitnorway.no/listings/hundekj%C3%B8ring/216245/,,3560,,Hemsedal,Eikre,6.0832474E1,8.673086E0
97,Gravhaugene på Rege,Gravhaugene p&aring; Rege finner du s&oslash;r for Sola flyplass. F&oslash;lg fylkesvei 510 s&oslash;rover og ta vestover p&aring; Vigdelsvegen....,+47 51653300,https://www.visitnorway.no/listings/gravhaugene-p%C3%A5-rege/14644/,Tjelta,4054,Norge,Sola,"Ræge, Vigdelsveien",5.886044E1,5.60701E0
98,Randoenern - 06. april,"Randoenern er et arrangement for både aktive og trimmere, på lik linje som Enern Oppdal sine øvrige arrangement. Dette er relativt nyskapende i...",,https://www.visitnorway.no/listings/randoenern-06-april/206846/,,7340,Norway,OPPDAL,Oppdal,6.2594182E1,9.691234E0
99,Ringve Botaniske Hage,"Plantene i botanisk hage er levende samlinger som brukes i forskning, undervisning og bevaring av truete planter. Hagen formidler kunnskap om det...",+47 73592269,https://www.visitnorway.no/listings/ringve-botaniske-hage/214927/,,7041,Norway,TRONDHEIM,Lade Allé 60,6.3447485E1,1.0453515E1
100,Galleriet Håggåsetra - 10.-25. august,Til høstens «Kulturbeite» har vi gleden av å presentere to svært profilerte kunstnere og «vandringsmenn:» Jarle Farmen-maleri og akvarell og Benth...,+47 90667591,https://www.visitnorway.no/listings/galleriet-h%C3%A5gg%C3%A5setra-10-25-august/210210/,,7340,Norway,OPPDAL,Oppdal,6.272029E1,9.802134E0
101,Askim Kulturhus,Askim kulturhus&nbsp;- Liten scene - store &oslash;yeblikk! Askim Kulturhus er hele indre &Oslash;stfolds kulturelle storstue.&nbsp; Utallige...,+47 99574713,https://www.visitnorway.no/listings/askim-kulturhus/16862/,Askim,1811,Norge,Indre Østfold,P.m. Røwdesgt. 6,5.95835E1,1.116735E1
102,Ibsenhuset,Ibsenhuset er Telemark fylkes st&oslash;rste kulturhus. Gjennom hele &aring;ret tilbys et allsidig og spennende kulturprogram &ndash; alt fra...,+47 35581330,https://www.visitnorway.no/listings/ibsenhuset/13504/,Skien,3724,Norge,Skien,Lundegt. 6,5.920753E1,9.60539E0
103,Skjonghelleren,"Skjonghelleren ligger p&#229; Valder&#248;y i Giske, og er en spennende hule som ligger oppe i en fjellside, 57 meter over havet. Helleren g&#229;r...",+47 70188000,https://www.visitnorway.no/listings/skjonghelleren/13824/,Valderøya,6050,Norge,Giske,,6.25055E1,6.11664E0
104,PSST KATT - 29. september,PSST KATT - Oppdal Songlag og kulturskolen Oppdal Songlag og Kulturskolen inviterer til konsert med tema KATT! Konserten har katter i ulike varianter...,,https://www.visitnorway.no/listings/psst-katt-29-september/211406/,,7340,Norway,OPPDAL,Inge Krokanns veg 2,6.2594349E1,9.686534E0
105,Nørdalen natur- og kultursti,Regionens mest opplevelsesrike natursti. Natur- og kulturstien er 10 km lang og inneholder 31 poster. Stien følger gamle idylliske ferdselsveger i...,+47 97653219,https://www.visitnorway.no/listings/n%C3%B8rdalen-natur-og-kultursti/15996/,Os i Østerdalen,2550,Norge,Os,Nørdalen,6.24906E1,1.127043E1
106,Bekkekvernene ved Leineåne,"De seks bekkekvernene ved Leine&aring;ne p&aring; Vennis i Vang, er et enest&aring;ende bygningsanlegg. Det var p&aring; det meste 13 kverner ved...",+47 61359410,https://www.visitnorway.no/listings/bekkekvernene-ved-leine%C3%A5ne/19024/,Vang i Valdres,2974,Norge,Vang,Vennis,6.115696E1,8.53421E0
107,Gutulia Seter,Sk&#229;nsom seterbedrift Fra 1750 til 1949 drev tre g&#229;rder seterdrift p&#229; gutuliasetra. Setringa har ikke p&#229;virket vegetasjonens...,+47 62456670,https://www.visitnorway.no/listings/gutulia-seter/21529/,Elgå,2446,Norge,Engerdal,,6.201218E1,1.21701E1
108,Sandtorgholmen Hotel - et historisk sted,Sandtorgholmen Hotell ligger idyllisk plassert p&#229; en halv&#248;y som stikker ut i Tjeldsundet - sundet som skiller Hinn&#248;ya fra fastlandet....,+47 77028000,https://www.visitnorway.no/listings/sandtorgholmen-hotel-et-historisk-sted/20453/,Sandtorg,9430,Norge,Harstad,Sandtorg,6.853376E1,1.615265E1
109,"Sjøgata, Uthaug",Sj&oslash;gata med pittoreske fiskerhus fra midten av 1800-tallet ligger langs stranda i det gamle havneomr&aring;det p&aring; Uthaug. Familiene som...,,https://www.visitnorway.no/listings/sj%C3%B8gata-uthaug/118673/,Uthaug,7142,Norge,Ørland,,6.372542E1,9.59164E0
110,Tingvatn fornminnepark Vest-Agder-museet,"Tignvatn fornminnepark er en del av Vest-Agder-museet. Her l&aelig;rer du mer om jernalderen, spesielt folkevandringstiden og vikinger, gjennom faste...",+47 48095801,https://www.visitnorway.no/reisemal/sorlandet/listings-lister/tingvatn-fornminnepark-vest-agder-museet/23083/,Tingvatn,4595,Norge,Hægebostad,Tingvatn,5.839463E1,7.23033E0
111,Påskeprogram for Oppdal,"Se www.skisporet.no for prepping av løyper. PÅSKEPROGRAM DAG FOR DAG: Fredag 12. April Kl. 22.00: Kenneth Pettersen spiller i Lobbyen, Quality Hotel...",,https://www.visitnorway.no/listings/p%C3%A5skeprogram-for-oppdal/209350/,,7340,Norway,OPPDAL,Oppdal,6.2594182E1,9.691234E0
112,Kultursti i Vingelen nasjonalparklandsby,En rusletur langs kulturstien som g&aring;r mellom solsvidde t&oslash;mmerhus i Vingelen sentrum er en fin opplevelse for alle som er glad i natur og...,+47 47921187,https://www.visitnorway.no/listings/kultursti-i-vingelen-nasjonalparklandsby/221493/,Tolga,2540,Norge,Tolga,Vingelen,6.241458E1,1.086902E1
113,Hjørundfjorden,"Hj&#248;rundfjorden med S&#230;b&#248;, Trandal, &#216;ye, Bj&#248;rke og Standal skjer seg 35 km inn gjennom fjellmassivet i Sunnm&#248;rsalpane. Den...",+47 70068518,https://www.visitnorway.no/listings/hj%C3%B8rundfjorden/13986/,Ørsta,6150,Norge,Ørsta,,6.230369E1,6.43799E0
114,Isfiskekonkuranse - Skjærtorsdag,"Et av påskens høydepunkt i Oppdal er isfiskekonkurranse i på Gåvålivatnet, Grønbakken. Fiskehull selges fra kl. 11.00. Mange fine premier, bl.a...",,https://www.visitnorway.no/listings/isfiskekonkuranse-skj%C3%A6rtorsdag/209395/,,7340,Norway,OPPDAL,"Gåvålivatnet, Grønbakken",6.2273044E1,9.624791E0
115,Kanefart,"Hver slede har plass for 6 personer, maks kapasitet pr tur er 16 personer. Vi forbeholder oss retten til &aring; fylle sledene. &Oslash;nsker du en...",+47 93862236,https://www.visitnorway.no/listings/kanefart/216939/,,3560,,Hemsedal,Lykkjagutu 28,6.0881716E1,8.83433E0
116,Nordic Tenors - 21. September,"Viva La Musica - Nordic Tenors 21. september kommer Nordic Tenors til Oppdal med sin nye forestilling ”Viva la Musica”! Konserten \""Viva la Musica\"" er...",,https://www.visitnorway.no/listings/nordic-tenors-21-september/211421/,,7340,Norway,OPPDAL,Oppdal,6.2594654E1,9.685483E0
117,Bortistu Gjestegard,"En drøy halvtimes kjøretur fra Oppdal i retning vest, med beliggenhet innerst i Storlidalen, finner du Bortistu Gjestegard. Garden er omkranset av ei...",+47 91556287,https://www.visitnorway.no/listings/bortistu-gjestegard/202216/,,7340,Norway,OPPDAL,Storligrenda 25,6.2694024E1,9.096615E0
118,Opera di Setra,Sommeren&nbsp;2020 har vi dessverre avlyst forestillingen men vi har ordnet med en liten oppsummering av Opera di Setra p&aring; S&oslash;berg...,+47 95733688,https://www.visitnorway.no/listings/opera-di-setra/173698/,Tynset,2500,Norge,Tynset,,6.227597E1,1.078254E1
119,Fjellturgruppa til Trolltind - 30. mars,Trolltind med sine 1347 høydemeter ligger på grensa mellom Nesset og Sunndal. Har du sansen for litt bratte nedkjøringer og en luftig topp er dette en...,,https://www.visitnorway.no/listings/fjellturgruppa-til-trolltind-30-mars/208969/,,7340,Norway,OPPDAL,"Jordalsgrenda, Sunndal",6.2765558E1,8.323612E0
120,Geiranger Fjordservice AS,Geiranger Fjordservice AS (since 1969) is a private limited companie under local ownership with offices in Geiranger. Through close collaborationwe...,+47 40263007,https://www.visitnorway.no/listings/geiranger-fjordservice-as/187809/,Geiranger,6216,Norge,Stranda,Geiranger Touristinformation,6.210308E1,7.20463E0
121,Omvisning på Oppdalsmuseet,"Oppdalsmuseet er en liten spasertur fra Oppdal sentrum. Under årets sommersesong tilbys god hjemmebakst og kaffe hver torsdag, fredag og søndag....",+47 41511509,https://www.visitnorway.no/listings/omvisning-p%C3%A5-oppdalsmuseet/210422/,,7340,Norway,OPPDAL,Museumsvegen 11,6.2598978E1,9.703187E0
122,Pippi feirer jul - 25. nov,Pippi feirer jul Knallsuksessen fra Chat Noir legger ut på en etterlengtet Norgesturne! Pippilotta Viktualia Rullgardina Krusemynte Efraimsdatter...,,https://www.visitnorway.no/listings/pippi-feirer-jul-25-nov/211414/,,7340,Norway,OPPDAL,Inge Krokanns veg 2,6.25951E1,9.687564E0
123,Gjevilvasshytta i påska,"TT-hytten Gjevilvasshytta er et yndet turmål for familier. Herfra kan du gå etter flotte, brede langrennsspor både fra parkeringsplassen Osen og fra...",+47 93245146,https://www.visitnorway.no/listings/gjevilvasshytta-i-p%C3%A5ska/209277/,,7340,Norway,OPPDAL,Oppdal,6.2699185E1,9.421852E0
