row_id,name,description,page_url,geo.latitude,geo.elevation,geo.longitude
1543,Hackhurst Downs (Dunley Wood),"Hackhurst Downs (Dunley Wood) 226m (741ft) Classification: Hill Trigpoint, Notable. OS Grid Ref: TQ112490 (10 figure Grid Ref: TQ1121949042). The original GR data for this hill was only accurate to a 6 figure grid reference (c.a 100m). We have used additional user / trigpoint data to bring it up to 10 figures. UK Area: 42 - South-East England &amp; the Isle of Wight (OS Maps 1:50k 187. 1:25k 146.) Latitude: 51.2297399, Longitude: -0.4084889, Height: 226 metres (741 feet) Unique Waypoint POI Name: 0226.- (Hill ID: 301245) Associated Trigpoint: &nbsp;&nbsp;TP2218 'Dunley Wood' Grid Ref: TQ1121949042 Separation: 46m from Hill grid ref.",http://www.haroldstreet.org.uk/waypoints/download/?hillnumber=301245&/Hackhurst+Downs+%28Dunley+Wood%29,51.2297399,226.0,-0.4084889
1634,Camp Hill,"Camp Hill 170m (558ft) Summit Feature: No feature: ground near bench note: earthworks 370m ENE at SO 48653 54929 are higher but not on natural summit (Survey: Abney level) Classification: P30 Tump. OS Grid Ref: SO483547 (10 figure Grid Ref: SO4830454793). UK Area: 38 - West Gloucestershire, Hereford &amp; Worcester (OS Maps 1:50k 148,149. 1:25k 202.) Latitude: 52.188955, Longitude: -2.75762, Height: 170 metres (558 feet) Prominence: 61 metres (200 feet) Unique Waypoint POI Name: 0170.- (DoBIH Hill ID: 17175) Associated Parent Hill: &nbsp;&nbsp; Burton Hill (294m, p196)",http://www.haroldstreet.org.uk/waypoints/download/?hillnumber=17175,52.188955,170.0,-2.75762
1395,Top Nant Cwm Mawr,"Top Nant Cwm Mawr 460m (1509ft) Classification: Befour, Britfour, Pedwar, P30 Tump. OS Grid Ref: SJ253497 (10 figure Grid Ref: SJ2533449765). UK Area: 30 - Llandudno to Wrexham (OS Maps 1:50k 117. 1:25k 256.) Latitude: 53.03993, Longitude: -3.11504, Height: 460 metres (1509 feet) Prominence: 38 metres (125 feet) Unique Waypoint POI Name: 0460.- (DoBIH Hill ID: 14375)",http://www.haroldstreet.org.uk/waypoints/download/400s/?hillnumber=14375&/Top+Nant+Cwm+Mawr,53.03993,460.0,-3.11504
1261,Caisteal Suidhe Cheannaidh,"Caisteal Suidhe Cheannaidh 219m (718ft) Summit Feature: Rock on ramparts 3m W of cairn note: dun covers natural summit Classification: P30 Tump. OS Grid Ref: NN029242 (10 figure Grid Ref: NN0295324227). UK Area: 19 - Oban to Loch Fyne (OS Maps 1:50k 50. 1:25k 360N.) Latitude: 56.369164, Longitude: -5.19202, Height: 219 metres (718 feet) Prominence: 30 metres (98 feet) Unique Waypoint POI Name: 0219.- (DoBIH Hill ID: 11019) Associated Parent Hill: &nbsp;&nbsp; Beinn Chapull (515m, p467)",http://www.haroldstreet.org.uk/waypoints/download/?hillnumber=11019,56.369164,219.0,-5.19202
1267,Benmore,"Benmore 332m (1089ft) Classification: Binnion, Hump. OS Grid Ref: F544047 This data is currently only accurate to a 6 figure grid reference (c.a 100m). Click here to learn how to help improve it. UK Area: 46 - Achill Island (OS Maps 1:50k 22,30.) Latitude: 53.971162, Longitude: -10.219641, Height: 332 metres (1089 feet) Prominence: 138 metres (453 feet) Unique Waypoint POI Name: 0332.p (DoBIH Hill ID: 20880) Associated Parent Hill: &nbsp;&nbsp; Croaghaun (Cruachan) (688m, p688)",http://www.haroldstreet.org.uk/waypoints/download/?hillnumber=20880&/Benmore,53.971162,332.0,-10.219641
1656,Heniton Hill,"Heniton Hill 261m (856ft) Summit Feature: No feature: grass Classification: P30 Tump. OS Grid Ref: ST037214 (10 figure Grid Ref: ST0375421476). UK Area: 41 - South Central England (OS Maps 1:50k 181. 1:25k 128W.) Latitude: 50.984612, Longitude: -3.372546, Height: 261 metres (856 feet) Prominence: 47 metres (154 feet) Unique Waypoint POI Name: 0261.- (DoBIH Hill ID: 17995) Associated Parent Hill: &nbsp;&nbsp; Dunkery Beacon (519m, p414)",http://www.haroldstreet.org.uk/waypoints/download/?hillnumber=17995&/Heniton+Hill,50.984612,261.0,-3.372546
1367,Doune Hill,"Doune Hill 734m (2408ft) Summit Feature: Small cairn 45m SSW of trig point note: trig point is at NS 29065 97134 (Survey: Leica NA730/Leica Disto D510) Classification: Hill Trigpoint, Bishop, Docharty, Graham, Hump, Marilyn, Simm, P30 Tump, Yeaman. OS Grid Ref: NS290970 (10 figure Grid Ref: NS2905197096). UK Area: 01 - Loch Long to Loch Lomond (OS Maps 1:50k 56. 1:25k OL39S,364S.) Latitude: 56.135852, Longitude: -4.752523, Height: 734 metres (2408 feet) Prominence: 695 metres (2280 feet) Unique Waypoint POI Name: 0734.G (DoBIH Hill ID: 93) Associated Trigpoint: &nbsp;&nbsp;TP2109 'Doune Hill' Grid Ref: NS2906197139 Separation: 44m from Hill grid ref. Associated Child Hill(s): &nbsp;&nbsp;&nbsp;Beinn Lochain&nbsp;(698m,&nbsp;p22); &nbsp;&nbsp;&nbsp;Doune Hill East Top&nbsp;(701m,&nbsp;p79);",http://www.haroldstreet.org.uk/waypoints/download/?hillnumber=93&/Doune+Hill,56.135852,734.0,-4.752523
1620,Wain Hill,"Wain Hill 244m (800ft) Classification: Hill Trigpoint, Notable. OS Grid Ref: SP773008 (10 figure Grid Ref: SP7736700820). The original GR data for this hill was only accurate to a 6 figure grid reference (c.a 100m). We have used additional user / trigpoint data to bring it up to 10 figures. UK Area: 39 - Central and Eastern England (OS Maps 1:50k 165. 1:25k 171.) Latitude: 51.7008023, Longitude: -0.8818812, Height: 244 metres (800 feet) Unique Waypoint POI Name: 0244.- (Hill ID: 301219) Associated Trigpoint: &nbsp;&nbsp;TP6125 'Wain Hill S2026' Grid Ref: SP7736700820 Separation: 39m from Hill grid ref.",http://www.haroldstreet.org.uk/waypoints/download/?hillnumber=301219&/Wain+Hill,51.7008023,244.0,-0.8818812
1313,Cold Fell,"Cold Fell 621m (2037ft) Summit Feature: Trig point Classification: Hill Trigpoint, Bridge, Bishop, Buxton-lewis, Clem, Docharty, Elmslie, Falkingham, Hewitt, Hump, Marilyn, Marsh, Moss, Moss2000, Nuttall, Simm, P30 Tump, Wright. OS Grid Ref: NY605556 (10 figure Grid Ref: NY6057355637). UK Area: 35 - The Northern Pennines (OS Maps 1:50k 86. 1:25k OL43W.) Latitude: 54.893907, Longitude: -2.616252, Height: 621 metres (2037 feet) Prominence: 168 metres (551 feet) Unique Waypoint POI Name: 0621.H (DoBIH Hill ID: 2761) Associated Trigpoint: &nbsp;&nbsp;TP1616 'Cold Fell Pike' Grid Ref: NY6057255634 Separation: 3m from Hill grid ref. Associated Child Hill(s): &nbsp;&nbsp;&nbsp;Blenkinsopp Common&nbsp;(290m,&nbsp;p86); &nbsp;&nbsp;&nbsp;Great Blacklaw Hill&nbsp;(595m,&nbsp;p24); &nbsp;&nbsp;&nbsp;Simmerson Hill&nbsp;(400m,&nbsp;p61); &nbsp;&nbsp;&nbsp;Talkin Fell&nbsp;(382m,&nbsp;p33); &nbsp;&nbsp;&nbsp;The Crews&nbsp;(138m,&nbsp;p28); &nbsp;&nbsp;&nbsp;Three Pikes&nbsp;(585m,&nbsp;p23); &nbsp;&nbsp;&nbsp;Tortie Hill&nbsp;(296m,&nbsp;p37); &nbsp;&nbsp;&nbsp;Whinny Fell&nbsp;(336m,&nbsp;p52); &nbsp;&nbsp;&nbsp;Willowford Hill&nbsp;(172m,&nbsp;p34); &nbsp;&nbsp;&nbsp;Tootop Wood&nbsp;(148m,&nbsp;p38);",http://www.haroldstreet.org.uk/waypoints/download/?hillnumber=2761&/Cold+Fell,54.893907,621.0,-2.616252
1551,Panylau Gwynion,"Panylau Gwynion 451m (1480ft) Classification: Befour, Britfour, Pedwar, P30 Tump. OS Grid Ref: SH935063 This data is currently only accurate to a 6 figure grid reference (c.a 100m). Click here to learn how to help improve it. UK Area: 31 - Aberystwyth to Welshpool (OS Maps 1:50k 125. 1:25k 215W.) Latitude: 52.643966, Longitude: -3.575467, Height: 451 metres (1480 feet) Prominence: 39 metres (128 feet) Unique Waypoint POI Name: 0451.- (DoBIH Hill ID: 14932) Associated Parent Hill: &nbsp;&nbsp; Carnedd Wen (523m, p228)",http://www.haroldstreet.org.uk/waypoints/download/?hillnumber=14932&/Panylau+Gwynion,52.643966,451.0,-3.575467
1651,Little Heaplaw,"Little Heaplaw 438.4m (1438ft) Classification: Befour, Britfour, Four, Law, P30 Tump. OS Grid Ref: NY686491 This data is currently only accurate to a 6 figure grid reference (c.a 100m). Click here to learn how to help improve it. UK Area: 35 - The Northern Pennines (OS Maps 86,87) Latitude: 54.83574, Longitude: -2.49037, Height: 438.4 metres (1438 feet) Prominence: 31.3 metres (103 feet) Unique Waypoint POI Name: 0438.- (DoBIH Hill ID: 16364)",http://www.haroldstreet.org.uk/waypoints/download/400s/?hillnumber=16364&/Little+Heaplaw,54.83574,438.4,-2.49037
1535,Cefn y Rhondda,"Cefn y Rhondda 481.1m (1578ft) Summit Feature: Also recorded on OS maps as Mynydd Maerdy. Classification: Hill Trigpoint, Befour, Britfour, Pedwar, P30 Tump. OS Grid Ref: SS971974 (10 figure Grid Ref: SS9712897421). UK Area: 32 - Neath to Chepstow (OS Maps 1:50k 170. 1:25k 166.) Latitude: 51.66612, Longitude: -3.48883, Height: 481.1 metres (1578 feet) Prominence: 41.4 metres (136 feet) Unique Waypoint POI Name: 0481.- (DoBIH Hill ID: 15599) Associated Trigpoint: &nbsp;&nbsp;TP1360 'Cefn Y Rhondda' Grid Ref: SS9714397417 Separation: 16m from Hill grid ref.",http://www.haroldstreet.org.uk/waypoints/download/400s/?hillnumber=15599&/Cefn+y+Rhondda,51.66612,481.1,-3.48883
1391,Great Crag (Stonethwaite),"Great Crag (Stonethwaite) 449m (1473ft) Summit Feature: Cairn note: this is S top (Wainwright summit); top (two cairns) 80m N (Birkett) at NY 26998 14765 is 50cm lower (Survey: Abney level) Classification: Birkett, Befour, Britfour, Fellranger, Four, Frcc, Relative-wainwright, Synge, P30 Tump, Wainwright. OS Grid Ref: NY270146 (10 figure Grid Ref: NY2700014686). Lake District Area: Central Fells (OS Maps 1:50k 89,90. 1:25k OL4S.) Latitude: 54.522189, Longitude: -3.129333, Height: 449 metres (1473 feet) Prominence: 32 metres (105 feet) Unique Waypoint POI Name: 0449.w (DoBIH Hill ID: 2491) Associated Parent Hill: &nbsp;&nbsp; High Raise (High White Stones) (762m, p283)",http://www.haroldstreet.org.uk/waypoints/download/?hillnumber=2491&/Great+Crag+%28Stonethwaite%29,54.522189,449.0,-3.129333
1468,Burra Dale,"Burra Dale 148m (486ft) Classification: P30 Tump. OS Grid Ref: HU425422 This data is currently only accurate to a 6 figure grid reference (c.a 100m). Click here to learn how to help improve it. UK Area: 22 - Shetland Islands (OS Maps 1:50k 4. 1:25k 466N,467E.) Latitude: 60.162071, Longitude: -1.236123, Height: 148 metres (486 feet) Prominence: 78 metres (256 feet) Unique Waypoint POI Name: 0148.- (DoBIH Hill ID: 11865) Associated Parent Hill: &nbsp;&nbsp; Scrae Field (216m, p178)",http://www.haroldstreet.org.uk/waypoints/download/?hillnumber=11865,60.162071,148.0,-1.236123
1251,Hammer Hill,"Hammer Hill 191m (627ft) Summit Feature: Ground by house Classification: P30 Tump. OS Grid Ref: SO783823 (10 figure Grid Ref: SO7837982393). UK Area: 38 - Shropshire (OS Maps 1:50k 138. 1:25k 218.) Latitude: 52.439091, Longitude: -2.319471, Height: 191 metres (627 feet) Prominence: 34 metres (112 feet) Unique Waypoint POI Name: 0191.- (DoBIH Hill ID: 17142) Associated Parent Hill: &nbsp;&nbsp; The Wrekin (407m, p310)",http://www.haroldstreet.org.uk/waypoints/download/?hillnumber=17142&/Hammer+Hill,52.439091,191.0,-2.319471
1556,Hollerday Hill,"Hollerday Hill 243.8m (800ft) Summit Feature: No feature: grass 2m E of OS benchmark &amp; 15m N of cairn Classification: Clem, Sub-hump, P30 Tump. OS Grid Ref: SS714497 (10 figure Grid Ref: SS7142949795). UK Area: 40 - Cornwall &amp; Devon (OS Maps 1:50k 180. 1:25k OL9W.) Latitude: 51.232816, Longitude: -3.842931, Height: 243.8 metres (800 feet) Prominence: 94.8 metres (311 feet) Unique Waypoint POI Name: 0244.- (DoBIH Hill ID: 7788) Associated Parent Hill: &nbsp;&nbsp; Dunkery Beacon (519m, p414)",http://www.haroldstreet.org.uk/waypoints/download/?hillnumber=7788&/Hollerday+Hill,51.232816,243.8,-3.842931
1626,Scale Knott,"Scale Knott 338m (1109ft) Summit Feature: No feature note: ground 40m WNW at NY 14942 17791 is just lower (Survey: Abney level) Classification: Birkett, LaMP, Synge. OS Grid Ref: NY149177 (10 figure Grid Ref: NY1497917778). Lake District Area: Western Fells (OS Maps 1:50k 89. 1:25k OL4S.) Latitude: 54.548093, Longitude: -3.315883, Height: 338 metres (1109 feet) Prominence: 10 metres (33 feet) Unique Waypoint POI Name: 0338.b (DoBIH Hill ID: 3802) Associated Parent Hill: &nbsp;&nbsp; Mellbreak (Mellbreak South Top) (512m, p260)",http://www.haroldstreet.org.uk/waypoints/download/?hillnumber=3802&/Scale+Knott,54.548093,338.0,-3.315883
1623,Lan Fawr,"Lan Fawr 426.1m (1398ft) Classification: Befour, Britfour, Pedwar, P30 Tump. OS Grid Ref: SO297967 (10 figure Grid Ref: SO2971196759). UK Area: 31 - Welshpool to Hay-on-Wye (OS Maps 1:50k 137. 1:25k 216.) Latitude: 52.56411, Longitude: -3.03835, Height: 426.1 metres (1398 feet) Prominence: 33.6 metres (110 feet) Unique Waypoint POI Name: 0426.- (DoBIH Hill ID: 14978)",http://www.haroldstreet.org.uk/waypoints/download/400s/?hillnumber=14978&/Lan+Fawr,52.56411,426.1,-3.03835
1597,Barr na Coilleadh (Barnacuillew) (Barnacuille),"Barr na Coilleadh (Barnacuillew) (Barnacuille) 264m (866ft) Classification: Binnion, Hump, Marilyn. OS Grid Ref: F810375 This data is currently only accurate to a 6 figure grid reference (c.a 100m). Click here to learn how to help improve it. UK Area: 46 - North Mayo (OS Maps 1:50k 22.) Latitude: 54.272484, Longitude: -9.827427, Height: 264 metres (866 feet) Prominence: 240 metres (787 feet) Unique Waypoint POI Name: 0264.P (DoBIH Hill ID: 20509)",http://www.haroldstreet.org.uk/waypoints/download/?hillnumber=20509,54.272484,264.0,-9.827427
1242,Littleton Colliery,"Littleton Colliery 199m (653ft) Summit Feature: Ground 7m N of flagpole Classification: P30 Tump. OS Grid Ref: SJ969131 (10 figure Grid Ref: SJ9694913151). UK Area: 39 - Central and Eastern England (OS Maps 1:50k 127. 1:25k 244.) Latitude: 52.716027, Longitude: -2.046599, Height: 199 metres (653 feet) Prominence: 49 metres (161 feet) Unique Waypoint POI Name: 0199.- (DoBIH Hill ID: 19312) Associated Parent Hill: &nbsp;&nbsp; Walton Hill (316m, p210)",http://www.haroldstreet.org.uk/waypoints/download/?hillnumber=19312&/Littleton+Colliery,52.716027,199.0,-2.046599
1295,Barr Hill,"Barr Hill 118m (387ft) Classification: P30 Tump. OS Grid Ref: NR864710 This data is currently only accurate to a 6 figure grid reference (c.a 100m). Click here to learn how to help improve it. UK Area: 19 - Knapdale and Kintyre (OS Maps 1:50k 62. 1:25k 357N,358S.) Latitude: 55.884629, Longitude: -5.416872, Height: 118 metres (387 feet) Prominence: 47 metres (154 feet) Unique Waypoint POI Name: 0118.- (DoBIH Hill ID: 11211) Associated Parent Hill: &nbsp;&nbsp; Stob Odhar (562m, p544)",http://www.haroldstreet.org.uk/waypoints/download/?hillnumber=11211,55.884629,118.0,-5.416872
1320,High Pike,"High Pike 537m (1762ft) Summit Feature: No feature: ground by tiny pool (Survey: obvious summit) Classification: Sub-dodd, YoMP. OS Grid Ref: SD716823 (10 figure Grid Ref: SD7162782376). UK Area: 35 - The Central Pennines (OS Maps 1:50k 98. 1:25k OL2W.) Latitude: 54.236301, Longitude: -2.436815, Height: 537 metres (1762 feet) Prominence: 26 metres (85 feet) Unique Waypoint POI Name: 0537.- (DoBIH Hill ID: 7726) Associated Parent Hill: &nbsp;&nbsp; Great Coum (687m, p221)",http://www.haroldstreet.org.uk/waypoints/download/?hillnumber=7726&/High+Pike,54.236301,537.0,-2.436815
1411,Badentree Hill,"Badentree Hill 489m (1604ft) Summit Feature: No feature: Ground SW of fence Classification: Befour, Britfour, P30 Tump. OS Grid Ref: NT063182 (10 figure Grid Ref: NT0636818264). UK Area: 28 - The River Tweed to the English Border (OS Maps 1:50k 78. 1:25k 330.) Latitude: 55.449252, Longitude: -3.481866, Height: 489 metres (1604 feet) Prominence: 40 metres (131 feet) Unique Waypoint POI Name: 0489.- (DoBIH Hill ID: 13763) Associated Parent Hill: &nbsp;&nbsp; Hart Fell (808m, p200)",http://www.haroldstreet.org.uk/waypoints/download/?hillnumber=13763,55.449252,489.0,-3.481866
1666,Hafod Ithel,"Hafod Ithel 361m (1184ft) Summit Feature: Trig point note: ground 60m N at SN 61061 67840 is 0.5m lower; summit 700mESE at SN 61738 67598 is c 3m lower (Survey: Abney level) Classification: Hill Trigpoint, Clem, Hump, Marilyn, P30 Tump. OS Grid Ref: SN610677 (10 figure Grid Ref: SN6106267794). UK Area: 31 - South-West Wales (OS Maps 1:50k 135. 1:25k 199.) Latitude: 52.290678, Longitude: -4.038545, Height: 361 metres (1184 feet) Prominence: 155 metres (508 feet) Unique Waypoint POI Name: 0361.P (DoBIH Hill ID: 2214) Associated Trigpoint: &nbsp;&nbsp;TP2877 'Hafod Ithel' Grid Ref: SN6106267794 Separation: 0m from Hill grid ref. Associated Child Hill(s): &nbsp;&nbsp;&nbsp;Birch Hill&nbsp;(223m,&nbsp;p37); &nbsp;&nbsp;&nbsp;Bryncipill&nbsp;(249m,&nbsp;p37); &nbsp;&nbsp;&nbsp;Cefn&nbsp;(209m,&nbsp;p37); &nbsp;&nbsp;&nbsp;Cefn-wig&nbsp;(174m,&nbsp;p50); &nbsp;&nbsp;&nbsp;Cefncoed&nbsp;(231m,&nbsp;p65); &nbsp;&nbsp;&nbsp;Cnwc y Barcud&nbsp;(177m,&nbsp;p30); &nbsp;&nbsp;&nbsp;Esgair-maen-fach&nbsp;(266m,&nbsp;p36); &nbsp;&nbsp;&nbsp;Gors Goch&nbsp;(346m,&nbsp;p48); &nbsp;&nbsp;&nbsp;Pen Deri-Garon&nbsp;(226m,&nbsp;p31); &nbsp;&nbsp;&nbsp;Penfancwnlle&nbsp;(283m,&nbsp;p34); &nbsp;&nbsp;&nbsp;Pentre-Padarn&nbsp;(247m,&nbsp;p63); &nbsp;&nbsp;&nbsp;Plas y Bryniau&nbsp;(316m,&nbsp;p40); &nbsp;&nbsp;&nbsp;Trichrug&nbsp;(343m,&nbsp;p74); &nbsp;&nbsp;&nbsp;Llangwyryfon Hill&nbsp;(331m,&nbsp;p31);",http://www.haroldstreet.org.uk/waypoints/download/?hillnumber=2214&/Hafod+Ithel,52.290678,361.0,-4.038545
1457,Cruach Lagalochan,"Cruach Lagalochan 247m (810ft) Classification: P30 Tump. OS Grid Ref: NM876118 This data is currently only accurate to a 6 figure grid reference (c.a 100m). Click here to learn how to help improve it. UK Area: 19 - Oban to Loch Fyne (OS Maps 1:50k 55. 1:25k 360S.) Latitude: 56.251075, Longitude: -5.430109, Height: 247 metres (810 feet) Prominence: 43 metres (141 feet) Unique Waypoint POI Name: 0247.- (DoBIH Hill ID: 10961) Associated Parent Hill: &nbsp;&nbsp; Beinn Chapull (515m, p467)",http://www.haroldstreet.org.uk/waypoints/download/?hillnumber=10961,56.251075,247.0,-5.430109
1633,Bryn Gwyn,"Bryn Gwyn 457m (1499ft) Classification: Befour, Britfour, Pedwar, P30 Tump. OS Grid Ref: SO050877 This data is currently only accurate to a 6 figure grid reference (c.a 100m). Click here to learn how to help improve it. UK Area: 31 - Welshpool to Hay-on-Wye (OS Maps 1:50k 136. 1:25k 214E.) Latitude: 52.478942, Longitude: -3.400224, Height: 457 metres (1499 feet) Prominence: 36 metres (118 feet) Unique Waypoint POI Name: 0457.- (DoBIH Hill ID: 14918) Associated Parent Hill: &nbsp;&nbsp; Pegwn Mawr (586m, p300)",http://www.haroldstreet.org.uk/waypoints/download/?hillnumber=14918,52.478942,457.0,-3.400224
1547,High Moor,"High Moor 415.8m (1364ft) Classification: Befour, Britfour, Four, P30 Tump. OS Grid Ref: SJ966702 This data is currently only accurate to a 6 figure grid reference (c.a 100m). Click here to learn how to help improve it. UK Area: 36 - Lancashire, Cheshire &amp; the Southern Pennines (OS Maps 118) Latitude: 53.22883, Longitude: -2.05237, Height: 415.8 metres (1364 feet) Prominence: 31.9 metres (105 feet) Unique Waypoint POI Name: 0415.- (DoBIH Hill ID: 16530)",http://www.haroldstreet.org.uk/waypoints/download/400s/?hillnumber=16530&/High+Moor,53.22883,415.8,-2.05237
1431,Glog,"Glog 483m (1584ft) Summit Feature: No feature (Survey: obvious summit) Classification: Befour, Britfour, Pedwar, P30 Tump. OS Grid Ref: SO091852 (10 figure Grid Ref: SO0911585231). UK Area: 31 - Welshpool to Hay-on-Wye (OS Maps 1:50k 136. 1:25k 214E.) Latitude: 52.457458, Longitude: -3.338985, Height: 483 metres (1584 feet) Prominence: 65 metres (213 feet) Unique Waypoint POI Name: 0483.- (DoBIH Hill ID: 14870) Associated Parent Hill: &nbsp;&nbsp; Beacon Hill (547m, p179)",http://www.haroldstreet.org.uk/waypoints/download/?hillnumber=14870&/Glog,52.457458,483.0,-3.338985
1610,An Cliseam (Clisham),"An Cliseam (Clisham) 799m (2621ft) Summit Feature: Rock outcrop supporting trig point in wind shelter note: rock 25m NNW at NB 15476 07312 is as high; cairn 120m NNW at NB 15442 07392 is several metres lower (Survey: Abney level) Classification: Hill Trigpoint, Island Summit, 500, Bishop, Corbett, County-tops-administrative, County-tops-current, Docharty, Halsey, Hardy, HHS, Hump, Livingstone, LRT, Marilyn, SIB, Simm, P30 Tump, Yeaman. OS Grid Ref: NB154073 (10 figure Grid Ref: NB1548407302). UK Area: 24 - Harris and Nearby Islands (OS Maps 1:50k 13,14. 1:25k 456.) Latitude: 57.963689, Longitude: -6.812548, Height: 799 metres (2621 feet) Prominence: 799 metres (2621 feet) Unique Waypoint POI Name: 0799.C (DoBIH Hill ID: 1587) Associated Trigpoint: &nbsp;&nbsp;TP1511 'Clisham' Grid Ref: NB1548507304 Separation: 2m from Hill grid ref. Associated Child Hill(s): &nbsp;&nbsp;&nbsp;An t-Isean&nbsp;(691m,&nbsp;p25); &nbsp;&nbsp;&nbsp;Cleit Ard (Clett Ard)&nbsp;(328m,&nbsp;p116); &nbsp;&nbsp;&nbsp;Creagan Ghlasa&nbsp;(229m,&nbsp;p34); &nbsp;&nbsp;&nbsp;Mo Bhiogadail&nbsp;(376m,&nbsp;p87); &nbsp;&nbsp;&nbsp;Mo Bhiogadail East Top&nbsp;(342m,&nbsp;p33); &nbsp;&nbsp;&nbsp;Mulla bho Dheas (Mulla-Fo-Dheas)&nbsp;(743m,&nbsp;p138); &nbsp;&nbsp;&nbsp;Mulla bho Thuath (Mulla-Fo-Thuath)&nbsp;(720m,&nbsp;p76); &nbsp;&nbsp;&nbsp;Mullach an Langa&nbsp;(614m,&nbsp;p39); &nbsp;&nbsp;&nbsp;Sron Carsacleit&nbsp;(339m,&nbsp;p38); &nbsp;&nbsp;&nbsp;Tomnabhal&nbsp;(552m,&nbsp;p76);",http://www.haroldstreet.org.uk/waypoints/download/?hillnumber=1587&/An+Cliseam+%28Clisham%29,57.963689,799.0,-6.812548
1519,Black Rhadley Hill,"Black Rhadley Hill 402.2m (1319ft) Summit Feature: Summit height of 402m on Ordnance Survey 1:50,000 map which matches the old 1,320ft (402.3m) imperial height given this hill. Black Rhadley is the locally known name for this hill. Also recorded on Ordnance Survey maps as Radley Hill (OS Draft Surveyor' Classification: Befour, Britfour, Four, P30 Tump. OS Grid Ref: SO342955 This data is currently only accurate to a 6 figure grid reference (c.a 100m). Click here to learn how to help improve it. UK Area: 38 - Shropshire (OS Maps 137) Latitude: 52.55335, Longitude: -2.97189, Height: 402.2 metres (1319 feet) Prominence: 54.9 metres (180 feet) Unique Waypoint POI Name: 0402.- (DoBIH Hill ID: 16972)",http://www.haroldstreet.org.uk/waypoints/download/400s/?hillnumber=16972&/Black+Rhadley+Hill,52.55335,402.2,-2.97189
1425,Maughanaclea Hills W Top,"Maughanaclea Hills W Top 452m (1483ft) Classification: Befour, Carn. OS Grid Ref: W109547 This data is currently only accurate to a 6 figure grid reference (c.a 100m). Click here to learn how to help improve it. UK Area: 52 - South Cork (OS Maps 1:50k 85.) Latitude: 51.738147, Longitude: -9.290549, Height: 452 metres (1483 feet) Prominence: 37 metres (121 feet) Unique Waypoint POI Name: 0452.- (DoBIH Hill ID: 21323) Associated Parent Hill: &nbsp;&nbsp; Nowen Hill (Cnoc na nAbhann) (535m, p299)",http://www.haroldstreet.org.uk/waypoints/download/?hillnumber=21323&/Maughanaclea+Hills+W+Top,51.738147,452.0,-9.290549
1467,Camock Hill,"Camock Hill 694m (2277ft) Summit Feature: No feature: heather moorland Classification: Bishop, Docharty, Graham-tops-all, Graham-tops-corbett, Simm, P30 Tump. OS Grid Ref: NJ272045 (10 figure Grid Ref: NJ2725504566). UK Area: 08 - Cairngorms (OS Maps 1:50k 37. 1:25k OL59W,405W.) Latitude: 57.126225, Longitude: -3.203202, Height: 694 metres (2277 feet) Prominence: 37 metres (121 feet) Unique Waypoint POI Name: 0694.- (DoBIH Hill ID: 4171) Associated Parent Hill: &nbsp;&nbsp; Brown Cow Hill (829m, p295)",http://www.haroldstreet.org.uk/waypoints/download/?hillnumber=4171,57.126225,694.0,-3.203202
1409,Cam Spout Crag,"Cam Spout Crag 676m (2218ft) Summit Feature: Flattish rock by wall (Survey: Abney level) Classification: LaMP, Synge. OS Grid Ref: NY213054 (10 figure Grid Ref: NY2138205468). Lake District Area: Southern Fells (OS Maps 1:50k 89,90. 1:25k OL6N.) Latitude: 54.438523, Longitude: -3.213654, Height: 676 metres (2218 feet) Prominence: 4 metres (13 feet) Unique Waypoint POI Name: 0676.s (DoBIH Hill ID: 7939) Associated Parent Hill: &nbsp;&nbsp; Scafell Pike (978m, p912)",http://www.haroldstreet.org.uk/waypoints/download/?hillnumber=7939,54.438523,676.0,-3.213654
1508,Cnoc a’ Sga,"Cnoc a&#8217; Sga 85m (279ft) Classification: P30 Tump. OS Grid Ref: NG256447 This data is currently only accurate to a 6 figure grid reference (c.a 100m). Click here to learn how to help improve it. UK Area: 17 - North Skye and Raasay (OS Maps 1:50k 23. 1:25k 407.) Latitude: 57.409551, Longitude: -6.570859, Height: 85 metres (279 feet) Prominence: 31 metres (102 feet) Unique Waypoint POI Name: 0085.- (DoBIH Hill ID: 10437) Associated Parent Hill: &nbsp;&nbsp; Healabhal Bheag (489m, p462)",http://www.haroldstreet.org.uk/waypoints/download/?hillnumber=10437&/Cnoc+a%27+Sga,57.409551,85.0,-6.570859
1256,Ballard Down,"Ballard Down 162m (531ft) Summit Feature: No feature note: ground 15m SSW at SZ 02508 81253 is as high; ground by gatepost 20m S at SZ 02520 81248 is a few cm lower (Survey: Abney level) Classification: Notable, P30 Tump. OS Grid Ref: SZ025812 (10 figure Grid Ref: SZ0251381260). UK Area: 41 - South Central England (OS Maps 1:50k 195. 1:25k OL15E.) Latitude: 50.631019, Longitude: -1.965823, Height: 162 metres (531 feet) Prominence: 65 metres (213 feet) Unique Waypoint POI Name: 0162.- (DoBIH Hill ID: 18179) Associated Parent Hill: &nbsp;&nbsp; Nine Barrow Down (200m, p153)",http://www.haroldstreet.org.uk/waypoints/download/?hillnumber=18179&/Ballard+Down,50.631019,162.0,-1.965823
1336,Huntsham Hill,"Huntsham Hill 144m (472ft) Summit Feature: No feature: pasture note: flat summit area Classification: P30 Tump. OS Grid Ref: SO562167 (10 figure Grid Ref: SO5626816793). UK Area: 38 - West Gloucestershire, Hereford &amp; Worcester (OS Maps 1:50k 162. 1:25k OL14E,OL14W.) Latitude: 51.848014, Longitude: -2.636264, Height: 144 metres (472 feet) Prominence: 38 metres (125 feet) Unique Waypoint POI Name: 0144.- (DoBIH Hill ID: 17208) Associated Parent Hill: &nbsp;&nbsp; Ruardean Hill (290m, p174)",http://www.haroldstreet.org.uk/waypoints/download/?hillnumber=17208&/Huntsham+Hill,51.848014,144.0,-2.636264
1494,Barf,"Barf 469.1m (1539ft) Classification: Birkett, Befour, Britfour, Fellranger, Four, Frcc, Relative-wainwright, Synge, P30 Tump, Wainwright. OS Grid Ref: NY214267 This data is currently only accurate to a 6 figure grid reference (c.a 100m). Click here to learn how to help improve it. UK Area: 34 - Lake District - Northern Fells (OS Maps 89,90) Latitude: 54.62929, Longitude: -3.21903, Height: 469.1 metres (1539 feet) Prominence: 37.7 metres (124 feet) Unique Waypoint POI Name: 0469.w (DoBIH Hill ID: 2486)",http://www.haroldstreet.org.uk/waypoints/download/400s/?hillnumber=2486&/Barf,54.62929,469.1,-3.21903
1484,Back Drum,"Back Drum 287m (942ft) Summit Feature: No feature: ground W of fence Classification: P30 Tump. OS Grid Ref: NO336430 (10 figure Grid Ref: NO3369343030). UK Area: 26 - Central Scotland from Dumbarton to Montrose (OS Maps 1:50k 53. 1:25k 380E.) Latitude: 56.574493, Longitude: -3.080832, Height: 287 metres (942 feet) Prominence: 30 metres (98 feet) Unique Waypoint POI Name: 0287.- (DoBIH Hill ID: 12887) Associated Parent Hill: &nbsp;&nbsp; Craigowl Hill (455m, p393)",http://www.haroldstreet.org.uk/waypoints/download/?hillnumber=12887,56.574493,287.0,-3.080832
1374,Black Knowe,"Black Knowe 492m (1614ft) Summit Feature: Ground within 4m of trig point (Survey: Abney level) Classification: Hill Trigpoint, Befour, Britfour, Four, P30 Tump. OS Grid Ref: NY641811 (10 figure Grid Ref: NY6415081112). UK Area: 33 - The Scottish Border to the River Tyne (OS Maps 1:50k 80. 1:25k OL42W.) Latitude: 55.123084, Longitude: -2.563686, Height: 492 metres (1614 feet) Prominence: 55 metres (180 feet) Unique Waypoint POI Name: 0492.- (DoBIH Hill ID: 7686) Associated Parent Hill: &nbsp;&nbsp; Sighty Crag (520m, p295) Associated Trigpoint: &nbsp;&nbsp;TP0677 'Black Knowe' Grid Ref: NY6415081109 Separation: 3m from Hill grid ref.",http://www.haroldstreet.org.uk/waypoints/download/?hillnumber=7686,55.123084,492.0,-2.563686
1518,Coxall Knoll,"Coxall Knoll 262m (859ft) Summit Feature: Oak tree on ridge Classification: Clem, Hump, P30 Tump. OS Grid Ref: SO365734 (10 figure Grid Ref: SO3653873413). UK Area: 38 - Shropshire (OS Maps 1:50k 137,148. 1:25k 201N.) Latitude: 52.355105, Longitude: -2.933221, Height: 262 metres (859 feet) Prominence: 120 metres (394 feet) Unique Waypoint POI Name: 0262.p (DoBIH Hill ID: 5359) Associated Parent Hill: &nbsp;&nbsp; Beacon Hill (547m, p179)",http://www.haroldstreet.org.uk/waypoints/download/?hillnumber=5359&/Coxall+Knoll,52.355105,262.0,-2.933221
1264,Grike,"Grike 486.7m (1597ft) Summit Feature: The main summit cairn is named Stone Man which is the locally known name for the fell. Classification: Birkett, Befour, Britfour, Fellranger, Four, Frcc, Relative-wainwright, Synge, P30 Tump, Wainwright. OS Grid Ref: NY084140 This data is currently only accurate to a 6 figure grid reference (c.a 100m). Click here to learn how to help improve it. UK Area: 34 - Lake District - Central &amp; Western Fells (OS Maps 89) Latitude: 54.513, Longitude: -3.41637, Height: 486.7 metres (1597 feet) Prominence: 35.8 metres (117 feet) Unique Waypoint POI Name: 0488.w (DoBIH Hill ID: 2482)",http://www.haroldstreet.org.uk/waypoints/download/400s/?hillnumber=2482&/Grike,54.513,486.7,-3.41637
1513,Ben Crom (Binn Chrom),"Ben Crom (Binn Chrom) 526m (1726ft) Classification: Dodd, Arderin, Irish-dodd, Myrddyn-dewey. OS Grid Ref: J312260 This data is currently only accurate to a 6 figure grid reference (c.a 100m). Click here to learn how to help improve it. UK Area: 43 - Mourne Mountains (OS Maps 1:50k 29.) Latitude: 54.166266, Longitude: -5.991932, Height: 526 metres (1726 feet) Prominence: 80 metres (262 feet) Unique Waypoint POI Name: 0526.- (DoBIH Hill ID: 20734) Associated Parent Hill: &nbsp;&nbsp; Slieve Meelbeg (Sliabh Miol Beag) (702m, p184)",http://www.haroldstreet.org.uk/waypoints/download/?hillnumber=20734,54.166266,526.0,-5.991932
1316,Maes y Gawnen,"Maes y Gawnen 408m (1338ft) Classification: Hill Trigpoint, SubPedwar. OS Grid Ref: SN896139 (10 figure Grid Ref: SN8965113961). UK Area: 32 - Llandovery to Monmouth (OS Maps 1:50k 160. 1:25k 12.) Latitude: 51.81336, Longitude: -3.60214, Height: 408 metres (1338 feet) Prominence: 21 metres (69 feet) Unique Waypoint POI Name: 0408.- (Hill ID: 302662) Associated Trigpoint: &nbsp;&nbsp;TP0721 'Blaen Cwm' Grid Ref: SN8946413801 Separation: 246m from Hill grid ref.",http://www.haroldstreet.org.uk/waypoints/download/400s/?hillnumber=302662&/Maes+y+Gawnen,51.81336,408.0,-3.60214
1667,Beinn Dubhain,"Beinn Dubhain 649m (2129ft) Summit Feature: Rock note: ground 70m N at NS 14352 97353 is probably lower Classification: Bishop, Graham-tops-all, Graham-tops-corbett, Sub-hump, Simm, P30 Tump. OS Grid Ref: NS143972 (10 figure Grid Ref: NS1433997290). UK Area: 19 - Loch Fyne to Bute and the Firth of Clyde (OS Maps 1:50k 56. 1:25k OL37N,363N.) Latitude: 56.132095, Longitude: -4.989064, Height: 649 metres (2129 feet) Prominence: 90 metres (295 feet) Unique Waypoint POI Name: 0649.- (DoBIH Hill ID: 4533) Associated Parent Hill: &nbsp;&nbsp; Beinn Bheula (779m, p557)",http://www.haroldstreet.org.uk/waypoints/download/?hillnumber=4533,56.132095,649.0,-4.989064
1443,Blue Craig,"Blue Craig 248m (814ft) Summit Feature: Ground adjacent to cairn Classification: P30 Tump. OS Grid Ref: NS799106 (10 figure Grid Ref: NS7994010671). UK Area: 27 - The Glenkens to Annandale (OS Maps 1:50k 71,78. 1:25k 329.) Latitude: 55.375291, Longitude: -3.896186, Height: 248 metres (814 feet) Prominence: 31 metres (102 feet) Unique Waypoint POI Name: 0248.- (DoBIH Hill ID: 13428) Associated Parent Hill: &nbsp;&nbsp; Green Hill (588m, p157)",http://www.haroldstreet.org.uk/waypoints/download/?hillnumber=13428,55.375291,248.0,-3.896186
1564,Stapeley Hill,"Stapeley Hill 402.9m (1322ft) Summit Feature: Spot height of 341m at SO 302 980 on col area of Ordnance Survey enlarged mapping on Geograph website judged not to be at critical col. Classification: Befour, Britfour, Four, P30 Tump. OS Grid Ref: SO313991 This data is currently only accurate to a 6 figure grid reference (c.a 100m). Click here to learn how to help improve it. UK Area: 38 - Shropshire (OS Maps 137) Latitude: 52.58535, Longitude: -3.0154, Height: 402.9 metres (1322 feet) Prominence: 60.6 metres (199 feet) Unique Waypoint POI Name: 0403.- (DoBIH Hill ID: 16971)",http://www.haroldstreet.org.uk/waypoints/download/400s/?hillnumber=16971&/Stapeley+Hill,52.58535,402.9,-3.0154
1545,Belt Knowe,"Belt Knowe 103m (338ft) Summit Feature: No feature note: grassy summit area Classification: P30 Tump. OS Grid Ref: NX919861 (10 figure Grid Ref: NX9199786143). UK Area: 27 - The Glenkens to Annandale (OS Maps 1:50k 78. 1:25k 321.) Latitude: 55.157792, Longitude: -3.69661, Height: 103 metres (338 feet) Prominence: 41 metres (135 feet) Unique Waypoint POI Name: 0103.- (DoBIH Hill ID: 13691) Associated Parent Hill: &nbsp;&nbsp; Ballencleuch Law (689m, p204)",http://www.haroldstreet.org.uk/waypoints/download/?hillnumber=13691,55.157792,103.0,-3.69661
1233,Herefordshire - Shropshire - Wales County Tripoint,"Herefordshire - Shropshire - Wales County Tripoint 1m (3ft) Classification: County-tripoint, Historic-county-tripoint. OS Grid Ref: SO350727 This data is currently only accurate to a 6 figure grid reference (c.a 100m). Click here to learn how to help improve it. UK Area: 38 - Shropshire (OS Maps ) Latitude: 52.34851, Longitude: -2.95564, Height: 1 metres (3 feet) Unique Waypoint POI Name: 0001.- (Hill ID: 501933)",http://www.haroldstreet.org.uk/waypoints/download/?hillnumber=501933&/Herefordshire-Shropshire-Wales+County+Tripoint,52.34851,1.0,-2.95564
1510,Bampfylde Hill,"Bampfylde Hill 287.4m (943ft) Summit Feature: No feature: pasture note: ground 35m NE of clump at SS 72954 31646 is 0.lm lower Classification: . OS Grid Ref: SS729316 (10 figure Grid Ref: SS7297031668). UK Area: 40 - Cornwall &amp; Devon (OS Maps 1:50k 180. 1:25k OL9W.) Latitude: 51.070242, Longitude: -3.814468, Height: 287.4 metres (943 feet) Prominence: 29.7 metres (97 feet) Unique Waypoint POI Name: 0287.- (DoBIH Hill ID: 17968) Associated Parent Hill: &nbsp;&nbsp; Dunkery Beacon (519m, p414)",http://www.haroldstreet.org.uk/waypoints/download/?hillnumber=17968,51.070242,287.4,-3.814468
1603,Creag an Achaidh Mhoir,"Creag an Achaidh Mhoir 232m (761ft) Classification: P30 Tump. OS Grid Ref: NC605413 This data is currently only accurate to a 6 figure grid reference (c.a 100m). Click here to learn how to help improve it. UK Area: 16 - Tongue to Wick and Helmsdale (OS Maps 1:50k 10. 1:25k 447S,448S.) Latitude: 58.337943, Longitude: -4.384471, Height: 232 metres (761 feet) Prominence: 30 metres (98 feet) Unique Waypoint POI Name: 0232.- (DoBIH Hill ID: 9631) Associated Parent Hill: &nbsp;&nbsp; Cnoc an Daimh Mor (357m, p162)",http://www.haroldstreet.org.uk/waypoints/download/?hillnumber=9631&/Creag+an+Achaidh+Mhoir,58.337943,232.0,-4.384471
1677,Goonhilly Down,"Goonhilly Down 113m (371ft) Summit Feature: Trig point on tumulus note: tumulus c120m NNE at SW 72576 21215 could be as high Classification: Hill Trigpoint, Clem, Notable, P30 Tump. OS Grid Ref: SW725211 (10 figure Grid Ref: SW7254021110). UK Area: 40 - Cornwall &amp; Devon (OS Maps 1:50k 204. 1:25k 103.) Latitude: 50.046543, Longitude: -5.178492, Height: 113 metres (371 feet) Prominence: 54 metres (177 feet) Unique Waypoint POI Name: 0113.- (DoBIH Hill ID: 17790) Associated Parent Hill: &nbsp;&nbsp; Carnmenellis (252m, p165) Associated Trigpoint: &nbsp;&nbsp;TP2718 'Goonhilly Down' Grid Ref: SW7254221110 Separation: 2m from Hill grid ref.",http://www.haroldstreet.org.uk/waypoints/download/?hillnumber=17790&/Goonhilly+Down,50.046543,113.0,-5.178492
1268,Barhastry Hill,"Barhastry Hill 101m (331ft) Summit Feature: Large outcrop Classification: P30 Tump. OS Grid Ref: NX811570 (10 figure Grid Ref: NX8116757077). UK Area: 27 - The Glenkens to Annandale (OS Maps 1:50k 84. 1:25k 313.) Latitude: 54.894259, Longitude: -3.854396, Height: 101 metres (331 feet) Prominence: 39 metres (128 feet) Unique Waypoint POI Name: 0101.- (DoBIH Hill ID: 13696) Associated Parent Hill: &nbsp;&nbsp; Bengairn (391m, p338)",http://www.haroldstreet.org.uk/waypoints/download/?hillnumber=13696,54.894259,101.0,-3.854396
1294,Fiacaill a’ Choire Chais,"Fiacaill a&#8217; Choire Chais 1141m (3743ft) Summit Feature: Cairn Classification: Del-munro-top. OS Grid Ref: NH998039 (10 figure Grid Ref: NH9989403991). UK Area: 08 - Cairngorms (OS Maps 1:50k 36. 1:25k OL57S,403S.) Latitude: 57.115914, Longitude: -3.654714, Height: 1141 metres (3743 feet) Prominence: 10 metres (33 feet) Unique Waypoint POI Name: 1141.- (DoBIH Hill ID: 542) Associated Parent Hill: &nbsp;&nbsp; Cairn Gorm (1245m, p145)",http://www.haroldstreet.org.uk/waypoints/download/?hillnumber=542&/Fiacaill+a%27+Choire+Chais,57.115914,1141.0,-3.654714
1582,Blaze Hill,"Blaze Hill 259m (850ft) Classification: P30 Tump. OS Grid Ref: NY131949 This data is currently only accurate to a 6 figure grid reference (c.a 100m). Click here to learn how to help improve it. UK Area: 28 - The River Tweed to the English Border (OS Maps 1:50k 78. 1:25k 322N.) Latitude: 55.240618, Longitude: -3.368216, Height: 259 metres (850 feet) Prominence: 62 metres (203 feet) Unique Waypoint POI Name: 0259.- (DoBIH Hill ID: 14178) Associated Parent Hill: &nbsp;&nbsp; Ettrick Pen (692m, p358)",http://www.haroldstreet.org.uk/waypoints/download/?hillnumber=14178,55.240618,259.0,-3.368216
1578,Lose Hill,"Lose Hill 476m (1562ft) Summit Feature: Ground a few metres from viewfinder Classification: Befour, Britfour, Notable, Four, P30 Tump. OS Grid Ref: SK153853 (10 figure Grid Ref: SK1530785360). UK Area: 36 - Lancashire, Cheshire &amp; the Southern Pennines (OS Maps 1:50k 110. 1:25k OL1E.) Latitude: 53.364907, Longitude: -1.771441, Height: 476 metres (1562 feet) Prominence: 85 metres (279 feet) Unique Waypoint POI Name: 0476.- (DoBIH Hill ID: 16493) Associated Parent Hill: &nbsp;&nbsp; Kinder Scout (636m, p496)",http://www.haroldstreet.org.uk/waypoints/download/?hillnumber=16493&/Lose+Hill,53.364907,476.0,-1.771441
1317,Beinn Reithe,"Beinn Reithe 656.2m (2153ft) Summit Feature: Vegetated outcrop c 150m NNE of trig point note: rock 140m S at NS 22901 98438 is 2.3m lower (Survey: Leica RX1250) Classification: Hill Trigpoint, Bishop, Docharty, Graham-tops-all, Graham-tops-graham, Hump, Simm, P30 Tump, Yeaman. OS Grid Ref: NS229985 (10 figure Grid Ref: NS2293598581). UK Area: 19 - Loch Fyne to Bute and the Firth of Clyde (OS Maps 1:50k 56. 1:25k OL37N,363N.) Latitude: 56.146947, Longitude: -4.851798, Height: 656.2 metres (2153 feet) Prominence: 131 metres (430 feet) Unique Waypoint POI Name: 0656.p (DoBIH Hill ID: 4532) Associated Parent Hill: &nbsp;&nbsp; Cnoc Coinnich (764m, p273) Associated Trigpoint: &nbsp;&nbsp;TP0474 'Beinn Reithe' Grid Ref: NS2289698441 Separation: 145m from Hill grid ref.",http://www.haroldstreet.org.uk/waypoints/download/?hillnumber=4532&/Beinn+Reithe,56.146947,656.2,-4.851798
1583,Great Rhos,"Great Rhos 660m (2165ft) Summit Feature: Trig point (Survey: Abney level) Classification: Hill Trigpoint, Bridge, Bishop, Buxton-lewis, Clem, County-tops-historic, Docharty, Hewitt, Hump, Jones, LRT, Marilyn, Marsh, Moss, Moss2000, Nuttall, Pellennig, Simm, P30 Tump. OS Grid Ref: SO182638 (10 figure Grid Ref: SO1821863897). UK Area: 31 - Welshpool to Hay-on-Wye (OS Maps 1:50k 148. 1:25k 200E.) Latitude: 52.267141, Longitude: -3.199842, Height: 660 metres (2165 feet) Prominence: 379 metres (1243 feet) Unique Waypoint POI Name: 0660.H (DoBIH Hill ID: 2178) Associated Trigpoint: &nbsp;&nbsp;TP4954 'Radnor Forest' Grid Ref: SO1821763897 Separation: 1m from Hill grid ref. Associated Child Hill(s): &nbsp;&nbsp;&nbsp;Ack Hill&nbsp;(377m,&nbsp;p38); &nbsp;&nbsp;&nbsp;Bache Hill&nbsp;(610m,&nbsp;p41); &nbsp;&nbsp;&nbsp;Black Mixen&nbsp;(650m,&nbsp;p45); &nbsp;&nbsp;&nbsp;Blaenkerry&nbsp;(383m,&nbsp;p56); &nbsp;&nbsp;&nbsp;Burfa Bank&nbsp;(313m,&nbsp;p104); &nbsp;&nbsp;&nbsp;Bwlch-llwyn Bank&nbsp;(396m,&nbsp;p43); &nbsp;&nbsp;&nbsp;Bwlch-y-cefn Bank&nbsp;(399m,&nbsp;p52); &nbsp;&nbsp;&nbsp;Bwlchau&nbsp;(348m,&nbsp;p31); &nbsp;&nbsp;&nbsp;Careg-wiber Bank&nbsp;(396m,&nbsp;p34); &nbsp;&nbsp;&nbsp;Castle Bank&nbsp;(383m,&nbsp;p80); &nbsp;&nbsp;&nbsp;Coed-swydd&nbsp;(412m,&nbsp;p95); &nbsp;&nbsp;&nbsp;Crinfynydd&nbsp;(468m,&nbsp;p30); &nbsp;&nbsp;&nbsp;Crungoed Bank&nbsp;(404m,&nbsp;p85); &nbsp;&nbsp;&nbsp;Dan y Graig&nbsp;(309m,&nbsp;p50); &nbsp;&nbsp;&nbsp;Dunn's Rhos&nbsp;(395m,&nbsp;p26); &nbsp;&nbsp;&nbsp;Fishpools Hill&nbsp;(428m,&nbsp;p62); &nbsp;&nbsp;&nbsp;Fron-wen&nbsp;(546m,&nbsp;p42); &nbsp;&nbsp;&nbsp;Garn Fawr&nbsp;(355m,&nbsp;p53); &nbsp;&nbsp;&nbsp;Gilwern Hill&nbsp;(441m,&nbsp;p146); &nbsp;&nbsp;&nbsp;Gilwern Hill West Top&nbsp;(410m,&nbsp;p31); &nbsp;&nbsp;&nbsp;Glog Hill&nbsp;(408m,&nbsp;p52); &nbsp;&nbsp;&nbsp;Graig Hill&nbsp;(468m,&nbsp;p33); &nbsp;&nbsp;&nbsp;Great Creigiau&nbsp;(646m,&nbsp;p12); &nbsp;&nbsp;&nbsp;Hazel Point&nbsp;(257m,&nbsp;p34); &nbsp;&nbsp;&nbsp;Hirllwyn Bank&nbsp;(357m,&nbsp;p48); &nbsp;&nbsp;&nbsp;Knill Hill&nbsp;(312m,&nbsp;p38); &nbsp;&nbsp;&nbsp;Knowle Hill&nbsp;(388m,&nbsp;p30); &nbsp;&nbsp;&nbsp;Little Hill&nbsp;(355m,&nbsp;p59); &nbsp;&nbsp;&nbsp;Llan Fawr&nbsp;(369m,&nbsp;p35); &nbsp;&nbsp;&nbsp;Llan-fawr&nbsp;(387m,&nbsp;p88); &nbsp;&nbsp;&nbsp;Llandegley Rocks&nbsp;(436m,&nbsp;p91); &nbsp;&nbsp;&nbsp;Llysin Hill&nbsp;(427m,&nbsp;p70); &nbsp;&nbsp;&nbsp;Mynd&nbsp;(479m,&nbsp;p68); &nbsp;&nbsp;&nbsp;Mynyddyrheol&nbsp;(387m,&nbsp;p31); &nbsp;&nbsp;&nbsp;Nash Hill&nbsp;(321m,&nbsp;p59); &nbsp;&nbsp;&nbsp;Nyth-grug&nbsp;(538m,&nbsp;p89); &nbsp;&nbsp;&nbsp;Pen Fraichwen&nbsp;(407m,&nbsp;p28); &nbsp;&nbsp;&nbsp;Pen Gumma&nbsp;(322m,&nbsp;p36); &nbsp;&nbsp;&nbsp;Pen Maerdy&nbsp;(370m,&nbsp;p58); &nbsp;&nbsp;&nbsp;Pen Offa&nbsp;(372m,&nbsp;p89); &nbsp;&nbsp;&nbsp;Pen-y-clawdd Hill&nbsp;(416m,&nbsp;p38); &nbsp;&nbsp;&nbsp;Perthi Common&nbsp;(296m,&nbsp;p39); &nbsp;&nbsp;&nbsp;Poultry Farm Hill&nbsp;(277m,&nbsp;p46); &nbsp;&nbsp;&nbsp;The Van&nbsp;(466m,&nbsp;p76); &nbsp;&nbsp;&nbsp;Whimble&nbsp;(599m,&nbsp;p84);",http://www.haroldstreet.org.uk/waypoints/download/?hillnumber=2178,52.267141,660.0,-3.199842
1310,Brunt Hill,"Brunt Hill 110m (361ft) Summit Feature: Outcrop note: outcrop 30m NE at HU 35925 93010 is probably just lower Classification: P30 Tump. OS Grid Ref: HU359930 (10 figure Grid Ref: HU3591193012). UK Area: 22 - Shetland Islands (OS Maps 1:50k 1,2. 1:25k 469N.) Latitude: 60.618889, Longitude: -1.345741, Height: 110 metres (361 feet) Prominence: 64 metres (210 feet) Unique Waypoint POI Name: 0110.- (DoBIH Hill ID: 11919) Associated Parent Hill: &nbsp;&nbsp; Ronas Hill (450m, p450)",http://www.haroldstreet.org.uk/waypoints/download/?hillnumber=11919,60.618889,110.0,-1.345741
1524,Ashberry Hill,"Ashberry Hill 165.7m (544ft) Summit Feature: No feature: pasture note: ground at SE 57149 84817 is lower Classification: P30 Tump. OS Grid Ref: SE570849 (10 figure Grid Ref: SE5704884918). UK Area: 37 - The River Tees to The Wash (OS Maps 1:50k 100. 1:25k OL26S.) Latitude: 54.256778, Longitude: -1.125828, Height: 165.7 metres (544 feet) Prominence: 31.8 metres (104 feet) Unique Waypoint POI Name: 0166.- (DoBIH Hill ID: 16905) Associated Parent Hill: &nbsp;&nbsp; Cringle Moor-Drake Howe (434m, p175)",http://www.haroldstreet.org.uk/waypoints/download/?hillnumber=16905&/Ashberry+Hill,54.256778,165.7,-1.125828
1363,Helm Crag,"Helm Crag 405m (1329ft) Summit Feature: Rock tor known as 'Howitzer' (Survey: obvious summit) Classification: Birkett, Befour, Britfour, Fellranger, Four, Frcc, Relative-wainwright, Synge, Trail100, P30 Tump, Wainwright. OS Grid Ref: NY326093 (10 figure Grid Ref: NY3265109350). Lake District Area: Central Fells (OS Maps 1:50k 90. 1:25k OL5S,OL7N.) Latitude: 54.475026, Longitude: -3.040823, Height: 405 metres (1329 feet) Prominence: 70 metres (230 feet) Unique Waypoint POI Name: 0405.w (DoBIH Hill ID: 2498) Associated Parent Hill: &nbsp;&nbsp; High Raise (High White Stones) (762m, p283)",http://www.haroldstreet.org.uk/waypoints/download/?hillnumber=2498&/Helm+Crag,54.475026,405.0,-3.040823
1396,Long Scar Pike,"Long Scar Pike 401m (1315ft) Summit Feature: Triangulation pillar with 401.116m flush bracket height on summit area. Named as Long Scar Pike on Ordnance Survey 1:2,500 maps and on Ordnance Survey enlarged mapping on Geograph website. Named as Ravensworth Fell in the OS Trig Database. This summit Classification: Hill Trigpoint, Befour, Britfour, Clem, Four, P30 Tump. OS Grid Ref: NY593108 (10 figure Grid Ref: NY5930110867). The original GR data for this hill was only accurate to a 6 figure grid reference (c.a 100m). We have used additional user / trigpoint data to bring it up to 10 figures. UK Area: 35 - The Northern Pennines (OS Maps 91) Latitude: 54.4914992, Longitude: -2.6297946, Height: 401 metres (1315 feet) Prominence: 65 metres (213 feet) Unique Waypoint POI Name: 0401.- (DoBIH Hill ID: 16096) Associated Trigpoint: &nbsp;&nbsp;TP4981 'Ravensworth Fell' Grid Ref: NY5930110867 Separation: 67m from Hill grid ref.",http://www.haroldstreet.org.uk/waypoints/download/400s/?hillnumber=16096&/Long+Scar+Pike,54.4914992,401.0,-2.6297946
