row_id,name,description,page_url,geo.latitude,geo.elevation,geo.longitude
294,Barroe North,"Barroe North 226m (741ft) Classification: Binnion, Hump. OS Grid Ref: G802154 This data is currently only accurate to a 6 figure grid reference (c.a 100m). Click here to learn how to help improve it. UK Area: 45 - Leitrim and W Cavan (OS Maps 1:50k 25,26.) Latitude: 54.087405, Longitude: -8.303311, Height: 226 metres (741 feet) Prominence: 132 metres (433 feet) Unique Waypoint POI Name: 0226.p (DoBIH Hill ID: 21025) Associated Parent Hill: &nbsp;&nbsp; Carrane Hill (Carran Hill) (Cnoc an Chorrain) (458m, p391)",http://www.haroldstreet.org.uk/waypoints/download/?hillnumber=21025,54.087405,226.0,-8.303311
192,Balmeadow Hill,"Balmeadow Hill 196m (643ft) Classification: P30 Tump. OS Grid Ref: NO295169 This data is currently only accurate to a 6 figure grid reference (c.a 100m). Click here to learn how to help improve it. UK Area: 26 - Central Scotland from Dumbarton to Montrose (OS Maps 1:50k 59. 1:25k 370.) Latitude: 56.339182, Longitude: -3.14199, Height: 196 metres (643 feet) Prominence: 45 metres (148 feet) Unique Waypoint POI Name: 0196.- (DoBIH Hill ID: 12967) Associated Parent Hill: &nbsp;&nbsp; Cairnie Hill (229m, p150)",http://www.haroldstreet.org.uk/waypoints/download/?hillnumber=12967,56.339182,196.0,-3.14199
499,Bryn Gwyn,"Bryn Gwyn 447.5m (1468ft) Classification: Befour, Britfour, Pedwar. OS Grid Ref: SN748861 (10 figure Grid Ref: SN7486986166). UK Area: 31 - Aberystwyth to Welshpool (OS Maps 1:50k 135. 1:25k 213.) Latitude: 52.45907, Longitude: -3.84306, Height: 447.5 metres (1468 feet) Prominence: 35.3 metres (116 feet) Unique Waypoint POI Name: 0445.- (Hill ID: 302318)",http://www.haroldstreet.org.uk/waypoints/download/400s/?hillnumber=302318&/Bryn+Gwyn,52.45907,447.5,-3.84306
173,Beasdale Hill East Top,"Beasdale Hill East Top 115m (377ft) Classification: P30 Tump. OS Grid Ref: NM710848 This data is currently only accurate to a 6 figure grid reference (c.a 100m). Click here to learn how to help improve it. UK Area: 10 - Mallaig to Fort William (OS Maps 1:50k 40. 1:25k 398W.) Latitude: 56.897789, Longitude: -5.761964, Height: 115 metres (377 feet) Prominence: 31 metres (102 feet) Unique Waypoint POI Name: 0115.- (DoBIH Hill ID: 8763) Associated Parent Hill: &nbsp;&nbsp; Sithean Mor (Sidhean Mor) (601m, p323)",http://www.haroldstreet.org.uk/waypoints/download/?hillnumber=8763,56.897789,115.0,-5.761964
459,Cefn Hepreas SE Top,"Cefn Hepreas SE Top 322m (1056ft) Summit Feature: End of grassy ridge Classification: P30 Tump. OS Grid Ref: SO273784 (10 figure Grid Ref: SO2739578418). UK Area: 38 - Shropshire (OS Maps 1:50k 137,148. 1:25k 201N.) Latitude: 52.398957, Longitude: -3.06853, Height: 322 metres (1056 feet) Prominence: 34 metres (112 feet) Unique Waypoint POI Name: 0322.- (DoBIH Hill ID: 17018) Associated Parent Hill: &nbsp;&nbsp; Beacon Hill (547m, p179)",http://www.haroldstreet.org.uk/waypoints/download/?hillnumber=17018,52.398957,322.0,-3.06853
580,Ben Vane Far North Top,"Ben Vane Far North Top 751.9m (2467ft) Summit Feature: Outcrop (Survey: Leica RX1250) Classification: Bishop, Graham-tops-all, Sub-graham, Simm, P30 Tump. OS Grid Ref: NN274109 (10 figure Grid Ref: NN2741510998). UK Area: 01 - Inveraray to Crianlarich (OS Maps 1:50k 50,56. 1:25k OL39S,364S.) Latitude: 56.260019, Longitude: -4.787857, Height: 751.9 metres (2467 feet) Prominence: 31 metres (102 feet) Unique Waypoint POI Name: 0752.- (DoBIH Hill ID: 5787) Associated Parent Hill: &nbsp;&nbsp; Ben Vane (916m, p424)",http://www.haroldstreet.org.uk/waypoints/download/?hillnumber=5787,56.260019,751.9,-4.787857
24,An t - Sleubhaich,"An t - Sleubhaich 533m (1749ft) Summit Feature: Outcrop (Survey: Abney level) Classification: Dodd, Highland-five, Hump, P30 Tump, Yeaman. OS Grid Ref: NM877803 (10 figure Grid Ref: NM8773380371). UK Area: 18 - Moidart and Ardnamurchan (OS Maps 1:50k 40. 1:25k 391,398E.) Latitude: 56.866038, Longitude: -5.4841, Height: 533 metres (1749 feet) Prominence: 105 metres (344 feet) Unique Waypoint POI Name: 0533.p (DoBIH Hill ID: 4818) Associated Parent Hill: &nbsp;&nbsp; Beinn Odhar Bheag (883m, p775)",http://www.haroldstreet.org.uk/waypoints/download/?hillnumber=4818&/An+t-Sleubhaich,56.866038,533.0,-5.4841
150,Balshando Hill,"Balshando Hill 266m (873ft) Summit Feature: No feature: ground near bench Classification: P30 Tump. OS Grid Ref: NO278355 (10 figure Grid Ref: NO2780735502). UK Area: 26 - Central Scotland from Dumbarton to Montrose (OS Maps 1:50k 53. 1:25k 380E,380W.) Latitude: 56.506015, Longitude: -3.174502, Height: 266 metres (873 feet) Prominence: 34 metres (112 feet) Unique Waypoint POI Name: 0266.- (DoBIH Hill ID: 12904) Associated Parent Hill: &nbsp;&nbsp; King's Seat (377m, p219)",http://www.haroldstreet.org.uk/waypoints/download/?hillnumber=12904,56.506015,266.0,-3.174502
443,Beinn na Laire,"Beinn na Laire 564m (1850ft) Summit Feature: Cairn on outcrop Classification: Dodd, Docharty, Highland-five, P30 Tump. OS Grid Ref: NF829349 (10 figure Grid Ref: NF8295234912). UK Area: 24 - North Uist, South Uist and Nearby Islands (OS Maps 1:50k 22. 1:25k 453S.) Latitude: 57.294291, Longitude: -7.265239, Height: 564 metres (1850 feet) Prominence: 33 metres (108 feet) Unique Waypoint POI Name: 0564.- (DoBIH Hill ID: 7115) Associated Parent Hill: &nbsp;&nbsp; Hecla (Thacla) (606m, p308)",http://www.haroldstreet.org.uk/waypoints/download/?hillnumber=7115,57.294291,564.0,-7.265239
473,Bioda Buidhe,"Bioda Buidhe 466m (1529ft) Summit Feature: Embedded rock note: ground c 10m N at NG 43913 66408 and c 10m SW at NG 43908 66393 are a few cm lower (Survey: Abney level) Classification: Befour, Britfour, Hump, Marilyn, P30 Tump, Yeaman. OS Grid Ref: NG439664 (10 figure Grid Ref: NG4391166412). UK Area: 17 - North Skye and Raasay (OS Maps 1:50k 23. 1:25k 408.) Latitude: 57.614712, Longitude: -6.289769, Height: 466 metres (1529 feet) Prominence: 183 metres (600 feet) Unique Waypoint POI Name: 0466.P (DoBIH Hill ID: 1225) Associated Child Hill(s): &nbsp;&nbsp;&nbsp;Cleat&nbsp;(336m,&nbsp;p120); &nbsp;&nbsp;&nbsp;Druim an Ruma&nbsp;(389m,&nbsp;p32); &nbsp;&nbsp;&nbsp;Dun Dubh&nbsp;(396m,&nbsp;p59);",http://www.haroldstreet.org.uk/waypoints/download/?hillnumber=1225,57.614712,466.0,-6.289769
259,Beinn Bhreac (Meall Dubh),"Beinn Bhreac (Meall Dubh) 667m (2188ft) Summit Feature: Cairn note: ground 400m SW is lower (Survey: Abney level) Classification: Bishop, Docharty, Graham, Hump, Marilyn, Simm, P30 Tump, Yeaman. OS Grid Ref: NH225886 (10 figure Grid Ref: NH2257488658). UK Area: 15 - Loch Broom to Strath Oykel (OS Maps 1:50k 20. 1:25k 436N.) Latitude: 57.852083, Longitude: -4.991524, Height: 667 metres (2188 feet) Prominence: 158 metres (518 feet) Unique Waypoint POI Name: 0667.G (DoBIH Hill ID: 1077) Associated Child Hill(s): &nbsp;&nbsp;&nbsp;Creag Deabharan&nbsp;(528m,&nbsp;p31); &nbsp;&nbsp;&nbsp;Meall Dubh&nbsp;(646m,&nbsp;p54); &nbsp;&nbsp;&nbsp;Meall na Moch-eirigh&nbsp;(364m,&nbsp;p78); &nbsp;&nbsp;&nbsp;Reidh Chreagan&nbsp;(403m,&nbsp;p40);",http://www.haroldstreet.org.uk/waypoints/download/?hillnumber=1077,57.852083,667.0,-4.991524
277,Moelfryn,"Moelfryn 277m (909ft) Classification: P30 Tump. OS Grid Ref: SH569511 This data is currently only accurate to a 6 figure grid reference (c.a 100m). Click here to learn how to help improve it. UK Area: 30 - Snowdonia (OS Maps 1:50k 115. 1:25k OL17W,254.) Latitude: 53.037991, Longitude: -4.135712, Height: 277 metres (909 feet) Prominence: 31 metres (102 feet) Unique Waypoint POI Name: 0277.- (DoBIH Hill ID: 14639) Associated Parent Hill: &nbsp;&nbsp; Trum y Ddysgl (709m, p204)",http://www.haroldstreet.org.uk/waypoints/download/?hillnumber=14639&/Moelfryn,53.037991,277.0,-4.135712
507,Leitir Eitreann (Binn Mhor),"Leitir Eitreann (Binn Mhor) 333m (1092ft) Classification: Binnion, Hump, Marilyn. OS Grid Ref: L795620 This data is currently only accurate to a 6 figure grid reference (c.a 100m). Click here to learn how to help improve it. UK Area: 47 - South Mayo and Central Galway (OS Maps 1:50k 37.) Latitude: 53.594182, Longitude: -9.820683, Height: 333 metres (1092 feet) Prominence: 264 metres (866 feet) Unique Waypoint POI Name: 0333.P (DoBIH Hill ID: 20440)",http://www.haroldstreet.org.uk/waypoints/download/?hillnumber=20440&/Binn+Mhor+%28Letterettrin%29,53.594182,333.0,-9.820683
162,Am Plastair,"Am Plastair 42m (138ft) Classification: Island Summit, P30 Tump. OS Grid Ref: NA059020 This data is currently only accurate to a 6 figure grid reference (c.a 100m). Click here to learn how to help improve it. UK Area: 25 - St Kilda (OS Maps 1:50k 18. 1:25k 460W.) Latitude: 57.83305, Longitude: -8.644401, Height: 42 metres (138 feet) Prominence: 42 metres (138 feet) Unique Waypoint POI Name: 0042.- (DoBIH Hill ID: 12801)",http://www.haroldstreet.org.uk/waypoints/download/?hillnumber=12801,57.83305,42.0,-8.644401
137,Dalmoney Hill,"Dalmoney Hill 135m (443ft) Summit Feature: Outcrop note: next to small gorse bush Classification: P30 Tump, Yeaman. OS Grid Ref: NX826633 (10 figure Grid Ref: NX8265363372). UK Area: 27 - The Glenkens to Annandale (OS Maps 1:50k 84. 1:25k 313.) Latitude: 54.951151, Longitude: -3.833809, Height: 135 metres (443 feet) Prominence: 84 metres (276 feet) Unique Waypoint POI Name: 0135.y (DoBIH Hill ID: 13631) Associated Parent Hill: &nbsp;&nbsp; Bennan (398m, p186)",http://www.haroldstreet.org.uk/waypoints/download/?hillnumber=13631&/Dalmoney+Hill,54.951151,135.0,-3.833809
284,Beinn an t - Sidhein,"Beinn an t - Sidhein 572m (1876ft) Summit Feature: Ground within 2m of small cairn note: ground 45m NE at NN 54722 17896 is as high; summits at NN546175 and NN549171 are several metres lower (Survey: Abney level) Classification: Dodd, Docharty, Highland-five, Hump, Marilyn, P30 Tump, Yeaman. OS Grid Ref: NN546178 (10 figure Grid Ref: NN5469617861). UK Area: 01 - Loch Lomond to Strathyre (OS Maps 1:50k 57. 1:25k OL46N,365N.) Latitude: 56.330759, Longitude: -4.351667, Height: 572 metres (1876 feet) Prominence: 287 metres (942 feet) Unique Waypoint POI Name: 0572.P (DoBIH Hill ID: 59) Associated Child Hill(s): &nbsp;&nbsp;&nbsp;An Sidhean&nbsp;(546m,&nbsp;p21);",http://www.haroldstreet.org.uk/waypoints/download/?hillnumber=59,56.330759,572.0,-4.351667
196,Beannan a’ Deas,"Beannan a&#8217; Deas 252m (827ft) Classification: P30 Tump. OS Grid Ref: NB054291 This data is currently only accurate to a 6 figure grid reference (c.a 100m). Click here to learn how to help improve it. UK Area: 24 - Lewis and Nearby Islands (OS Maps 1:50k 13. 1:25k 458.) Latitude: 58.152168, Longitude: -7.009622, Height: 252 metres (827 feet) Prominence: 74 metres (243 feet) Unique Waypoint POI Name: 0252.- (DoBIH Hill ID: 12314) Associated Parent Hill: &nbsp;&nbsp; Tathabhal (Tahaval) (Tahabhal) (515m, p252)",http://www.haroldstreet.org.uk/waypoints/download/?hillnumber=12314,58.152168,252.0,-7.009622
404,Bush Howe Far South Top,"Bush Howe Far South Top 610m (2001ft) Classification: Falkingham, Moss, Moss2000, Sub-docharty, Wright, YoMP. OS Grid Ref: SD661978 (10 figure Grid Ref: SD6612297838). The original GR data for this hill was only accurate to a 6 figure grid reference (c.a 100m). We have used additional user / trigpoint data to bring it up to 10 figures. UK Area: 35 - The Northern and Central Pennines (OS Maps 1:50k 97. 1:25k 19.) Latitude: 54.37492, Longitude: -2.52301, Height: 610 metres (2001 feet) Prominence: 5 metres (16 feet) Unique Waypoint POI Name: 0610.- (Hill ID: 500083)",http://www.haroldstreet.org.uk/waypoints/download/?hillnumber=500083,54.37492,610.0,-2.52301
288,Rievaulx Moor,"Rievaulx Moor 328m (1076ft) Classification: Hill Trigpoint, Clem, Notable, P30 Tump. OS Grid Ref: SE588906 (10 figure Grid Ref: SE5882690605). The original GR data for this hill was only accurate to a 6 figure grid reference (c.a 100m). We have used additional user / trigpoint data to bring it up to 10 figures. UK Area: 37 - The River Tees to The Wash (OS Maps 1:50k 100. 1:25k OL26S.) Latitude: 54.3076683, Longitude: -1.0973945, Height: 328 metres (1076 feet) Prominence: 67 metres (220 feet) Unique Waypoint POI Name: 0328.- (DoBIH Hill ID: 16865) Associated Parent Hill: &nbsp;&nbsp; Urra Moor-Round Hill (454m, p409) Associated Trigpoint: &nbsp;&nbsp;TP5125 'Roppa' Grid Ref: SE5882690605 Separation: 26m from Hill grid ref.",http://www.haroldstreet.org.uk/waypoints/download/?hillnumber=16865&/Rievaulx+Moor,54.3076683,328.0,-1.0973945
72,Beinn Bhiorach,"Beinn Bhiorach 486m (1594ft) Summit Feature: Outcrop (Survey: obvious summit) Classification: Befour, Britfour, P30 Tump. OS Grid Ref: NR937466 (10 figure Grid Ref: NR9376346600). UK Area: 20 - Arran and Holy Island (OS Maps 1:50k 62,69. 1:25k 361N.) Latitude: 55.668973, Longitude: -5.280898, Height: 486 metres (1594 feet) Prominence: 49 metres (161 feet) Unique Waypoint POI Name: 0486.- (DoBIH Hill ID: 11359) Associated Parent Hill: &nbsp;&nbsp; Beinn Bhreac (575m, p214)",http://www.haroldstreet.org.uk/waypoints/download/?hillnumber=11359,55.668973,486.0,-5.280898
516,Piuthar na Creige Duibhe,"Piuthar na Creige Duibhe 180m (590ft) Summit Feature: Outcrop 5m E of cairn Classification: P30 Tump. OS Grid Ref: NC183407 (10 figure Grid Ref: NC1836240786). UK Area: 16 - Scourie to Lairg (OS Maps 1:50k 9. 1:25k 445.) Latitude: 58.317911, Longitude: -5.102754, Height: 180 metres (590 feet) Prominence: 38 metres (125 feet) Unique Waypoint POI Name: 0180.- (DoBIH Hill ID: 9727) Associated Parent Hill: &nbsp;&nbsp; Ben Dreavie (510m, p238)",http://www.haroldstreet.org.uk/waypoints/download/?hillnumber=9727&/Piuthar+na+Creige+Duibhe,58.317911,180.0,-5.102754
264,Bow Brickhill,"Bow Brickhill 171m (561ft) Summit Feature: Trig point note: ground 400m SW at SP 91236 34178 may be as high; trees prevent line of sight (Survey: Abney level) Classification: Hill Trigpoint, Clem, County-tops-current, Hardy, P30 Tump. OS Grid Ref: SP915344 (10 figure Grid Ref: SP9152234477). UK Area: 39 - Central and Eastern England (OS Maps 1:50k 152,165. 1:25k 192E.) Latitude: 52.001212, Longitude: -0.668199, Height: 171 metres (561 feet) Prominence: 53 metres (174 feet) Unique Waypoint POI Name: 0171.- (DoBIH Hill ID: 5520) Associated Parent Hill: &nbsp;&nbsp; Wendover Woods (Haddington Hill) (267m, p180) Associated Trigpoint: &nbsp;&nbsp;TP0802 'Bow Brickhill' Grid Ref: SP9152234478 Separation: 1m from Hill grid ref.",http://www.haroldstreet.org.uk/waypoints/download/?hillnumber=5520,52.001212,171.0,-0.668199
647,Bucknell Hill South Top,"Bucknell Hill South Top 346m (1135ft) Summit Feature: Mound in open woodland Classification: P30 Tump. OS Grid Ref: SO347754 (10 figure Grid Ref: SO3477375448). UK Area: 38 - Shropshire (OS Maps 1:50k 137,148. 1:25k 201N.) Latitude: 52.37319, Longitude: -2.959529, Height: 346 metres (1135 feet) Prominence: 42 metres (138 feet) Unique Waypoint POI Name: 0346.- (DoBIH Hill ID: 16999) Associated Parent Hill: &nbsp;&nbsp; Beacon Hill (547m, p179)",http://www.haroldstreet.org.uk/waypoints/download/?hillnumber=16999,52.37319,346.0,-2.959529
34,Faill an tSais (Sauce),"Faill an tSais (Sauce) 430.6m (1413ft) Summit Feature: Not recorded (Survey: Trimble GeoXH 6000) Classification: Befour, Carn, Hump. OS Grid Ref: Q496149 (10 figure Grid Ref: Q4961514961). UK Area: 49 - Dingle Peninsula - West of Dingle (OS Maps 1:50k 70.) Latitude: 52.266235, Longitude: -10.203581, Height: 430.6 metres (1413 feet) Prominence: 108 metres (354 feet) Unique Waypoint POI Name: 0429.p (DoBIH Hill ID: 20811) Associated Parent Hill: &nbsp;&nbsp; Brandon Mountain (Cnoc Breanainn) (952m, p927)",http://www.haroldstreet.org.uk/waypoints/download/?hillnumber=20811&/Faill+an+tSais+%28Sauce%29,52.266235,430.6,-10.203581
332,Beinn Bhrotain East Top,"Beinn Bhrotain East Top 1108m (3635ft) Summit Feature: Cairn (Survey: Abney level) Classification: Bishop, Sub-murdo, Sub-sim. OS Grid Ref: NN962923 (10 figure Grid Ref: NN9626092344). UK Area: 08 - Cairngorms (OS Maps 1:50k 43. 1:25k OL57S,403S.) Latitude: 57.010526, Longitude: -3.709878, Height: 1108 metres (3635 feet) Prominence: 25 metres (82 feet) Unique Waypoint POI Name: 1108.- (DoBIH Hill ID: 553) Associated Parent Hill: &nbsp;&nbsp; Beinn Bhrotain (1157m, p258)",http://www.haroldstreet.org.uk/waypoints/download/?hillnumber=553,57.010526,1108.0,-3.709878
442,Bindon Hill,"Bindon Hill 168m (551ft) Summit Feature: Ground 1m W of flagpole Classification: Notable, Sub-hump, P30 Tump. OS Grid Ref: SY839802 (10 figure Grid Ref: SY8397880254). UK Area: 41 - South Central England (OS Maps 1:50k 194. 1:25k OL15E.) Latitude: 50.621754, Longitude: -2.227848, Height: 168 metres (551 feet) Prominence: 94 metres (308 feet) Unique Waypoint POI Name: 0168.- (DoBIH Hill ID: 7804) Associated Parent Hill: &nbsp;&nbsp; Lewesdon Hill (279m, p185)",http://www.haroldstreet.org.uk/waypoints/download/?hillnumber=7804,50.621754,168.0,-2.227848
398,Cathelle Houses (Lair of Whitestone),"Cathelle Houses (Lair of Whitestone) 862m (2828ft) Summit Feature: No feature: ground slightly S of two posts Classification: Bishop, Corbett-tops-all, Corbett-tops-corbett, Docharty, Simm, P30 Tump. OS Grid Ref: NO312763 (10 figure Grid Ref: NO3126076374). UK Area: 07 - Braemar to Montrose (OS Maps 1:50k 44. 1:25k OL53S,388S.) Latitude: 56.873632, Longitude: -3.129366, Height: 862 metres (2828 feet) Prominence: 30 metres (98 feet) Unique Waypoint POI Name: 0862.- (DoBIH Hill ID: 3094) Associated Parent Hill: &nbsp;&nbsp; Ben Tirran (896m, p244)",http://www.haroldstreet.org.uk/waypoints/download/?hillnumber=3094&/Cathelle+Houses+%28Lair+of+Whitestone%29,56.873632,862.0,-3.129366
236,Abergwynant Woods,"Abergwynant Woods 97m (318ft) Summit Feature: No feature: deep heather in loop of track note: forested area Classification: P30 Tump. OS Grid Ref: SH677178 (10 figure Grid Ref: SH6772617845). UK Area: 30 - Dolgellau to Machynlleth (OS Maps 1:50k 124. 1:25k OL18W,OL23W.) Latitude: 52.742016, Longitude: -3.960822, Height: 97 metres (318 feet) Prominence: 51 metres (167 feet) Unique Waypoint POI Name: 0097.- (DoBIH Hill ID: 14821) Associated Parent Hill: &nbsp;&nbsp; Craig y Castell (321m, p153)",http://www.haroldstreet.org.uk/waypoints/download/?hillnumber=14821,52.742016,97.0,-3.960822
671,Knot,"Knot 464m (1522ft) Summit Feature: Summit height from 1,522.8ft (464.2m) height on Ordnance Survey 1:2,500 map. Summit height of 464m on Harvey maps. Summit height of 465m on current Ordnance Survey maps. Interpolation of Ordnance Survey 430m - 440m col contouring suggests 437m - 438m Classification: Befour, Britfour, Four, YoMP. OS Grid Ref: NY714012 This data is currently only accurate to a 6 figure grid reference (c.a 100m). Click here to learn how to help improve it. UK Area: 35 - The Northern Pennines (OS Maps 91) Latitude: 54.40545, Longitude: -2.44208, Height: 464 metres (1522 feet) Prominence: 31 metres (102 feet) Unique Waypoint POI Name: 0464.- (Hill ID: 302913)",http://www.haroldstreet.org.uk/waypoints/download/400s/?hillnumber=302913&/Knot,54.40545,464.0,-2.44208
308,Cnoc an Chuillinn,"Cnoc an Chuillinn 954.6m (3132ft) Summit Feature: Cairn (Survey: Trimble GeoXH 6000) Classification: Arderin, Bishop, Dillon, Docharty, Furth, Hewitt, Simm, Vandeleur-lynam. OS Grid Ref: V823833 (10 figure Grid Ref: V8234583337). UK Area:",http://www.haroldstreet.org.uk/waypoints/download/?hillnumber=20008&/Cnoc+an+Chuillinn,51.990138,954.6,-9.713484
202,Meall Glas,"Meall Glas 431m (1414ft) Summit Feature: Outcrop Classification: Befour, Britfour, P30 Tump. OS Grid Ref: NC428498 (10 figure Grid Ref: NC4284449849). UK Area: 16 - Durness to Loch Shin (OS Maps 1:50k 9. 1:25k 447S.) Latitude: 58.408668, Longitude: -4.691529, Height: 431 metres (1414 feet) Prominence: 38 metres (125 feet) Unique Waypoint POI Name: 0431.- (DoBIH Hill ID: 9389) Associated Parent Hill: &nbsp;&nbsp; An Lean-charn (521m, p328)",http://www.haroldstreet.org.uk/waypoints/download/?hillnumber=9389&/Meall+Glas,58.408668,431.0,-4.691529
214,Ben Lugmore East Top,"Ben Lugmore East Top 793m (2601ft) Summit Feature: Cairn (Survey: obvious summit) Classification: Arderin, Bishop, Docharty, Hewitt, Simm, Vandeleur-lynam. OS Grid Ref: L815671 (10 figure Grid Ref: L8153467199). UK Area: 47 - South Mayo and Central Galway (OS Maps 1:50k 37.) Latitude: 53.64133, Longitude: -9.79196, Height: 793 metres (2601 feet) Prominence: 32 metres (105 feet) Unique Waypoint POI Name: 0793.h (DoBIH Hill ID: 20042) Associated Parent Hill: &nbsp;&nbsp; Ben Lugmore (Binn Log Mhor) (803m, p158)",http://www.haroldstreet.org.uk/waypoints/download/?hillnumber=20042,53.64133,793.0,-9.79196
460,Bonscale Pike,"Bonscale Pike 524m (1719ft) Summit Feature: Small cairn note: probably Wainwright summit but slightly lower than cairn 140m S at NY 45314 19950 Classification: Birkett, Fellranger, Frcc, LaMP, Synge, Wainwright. OS Grid Ref: NY453200 (10 figure Grid Ref: NY4534620086). Lake District Area: Far Eastern Fells (OS Maps 1:50k 90. 1:25k OL5S.) Latitude: 54.573028, Longitude: -2.846935, Height: 524 metres (1719 feet) Prominence: 1 metres (3 feet) Unique Waypoint POI Name: 0524.w (DoBIH Hill ID: 2588) Associated Parent Hill: &nbsp;&nbsp; High Street (828m, p373)",http://www.haroldstreet.org.uk/waypoints/download/?hillnumber=2588,54.573028,524.0,-2.846935
189,Elmscott Bunkhouse YHA,"Elmscott Bunkhouse YHA 0.1m (0ft) Summit Feature: Postcode: EX39 6ES Phone 0800 0191 700Email elmscott@yha.org.ukRegion South West1:50 LR 190Beds 32Bar NOMeals NOSelf-catering kitchen YES Classification: Yha. OS Grid Ref: SS231217 This data is currently only accurate to a 6 figure grid reference (c.a 100m). Click here to learn how to help improve it. UK Area: 54 - South West England (OS Maps ) Latitude: 50.96749, Longitude: -4.52073, Height: 0.1 metres (0 feet) Unique Waypoint POI Name: 0000t- (Hill ID: 501747)",http://www.haroldstreet.org.uk/waypoints/download/?hillnumber=501747&/Elmscott+Bunkhouse+YHA,50.96749,0.1,-4.52073
385,Pen y Gurnos,"Pen y Gurnos 456m (1496ft) Classification: Hill Trigpoint, Befour, Britfour, Pedwar, P30 Tump. OS Grid Ref: SN777513 (10 figure Grid Ref: SN7778051309). UK Area: 31 - South-West Wales (OS Maps 1:50k 146, 147. 1:25k 187.) Latitude: 52.14651, Longitude: -3.78758, Height: 456 metres (1496 feet) Prominence: 53 metres (174 feet) Unique Waypoint POI Name: 0456.- (DoBIH Hill ID: 14919) Associated Trigpoint: &nbsp;&nbsp;TP4798 'Pen-Y-Gurnos' Grid Ref: SN7778051310 Separation: 1m from Hill grid ref.",http://www.haroldstreet.org.uk/waypoints/download/400s/?hillnumber=14919&/Pen+y+Gurnos,52.14651,456.0,-3.78758
392,Bray Head (Foiltagarriff) (Ceann Bhreagha),"Bray Head (Foiltagarriff) (Ceann Bhreagha) 239m (784ft) Summit Feature: Grassy top Classification: Binnion, Hump, Marilyn. OS Grid Ref: V333736 (10 figure Grid Ref: V3335473673). UK Area: 50 - Iveragh Peninsula N (OS Maps 1:50k 83.) Latitude: 51.890828, Longitude: -10.421397, Height: 239 metres (784 feet) Prominence: 200 metres (656 feet) Unique Waypoint POI Name: 0239.P (DoBIH Hill ID: 20530)",http://www.haroldstreet.org.uk/waypoints/download/?hillnumber=20530,51.890828,239.0,-10.421397
409,Barrock Fell,"Barrock Fell 223m (732ft) Summit Feature: Ground 5m S of trig point (Survey: obvious summit) Classification: Hill Trigpoint, Clem, Sub-hump, P30 Tump. OS Grid Ref: NY468472 (10 figure Grid Ref: NY4687047223). UK Area: 35 - The Northern Pennines (OS Maps 1:50k 86. 1:25k OL5N.) Latitude: 54.817031, Longitude: -2.828315, Height: 223 metres (732 feet) Prominence: 96 metres (315 feet) Unique Waypoint POI Name: 0223.- (DoBIH Hill ID: 7700) Associated Parent Hill: &nbsp;&nbsp; Great Mell Fell (537m, p198) Associated Trigpoint: &nbsp;&nbsp;TP0300 'Barrock Fell' Grid Ref: NY4686947226 Separation: 3m from Hill grid ref.",http://www.haroldstreet.org.uk/waypoints/download/?hillnumber=7700&/Barrock+Fell,54.817031,223.0,-2.828315
624,Brockhill,"Brockhill 206m (676ft) Summit Feature: Ground by oak tree Classification: P30 Tump. OS Grid Ref: SO758438 (10 figure Grid Ref: SO7587643826). UK Area: 38 - West Gloucestershire, Hereford &amp; Worcester (OS Maps 1:50k 150. 1:25k 190.) Latitude: 52.092257, Longitude: -2.353523, Height: 206 metres (676 feet) Prominence: 38 metres (125 feet) Unique Waypoint POI Name: 0206.- (DoBIH Hill ID: 17113) Associated Parent Hill: &nbsp;&nbsp; Worcestershire Beacon (425m, p337)",http://www.haroldstreet.org.uk/waypoints/download/?hillnumber=17113,52.092257,206.0,-2.353523
55,Mynydd Epynt,"Mynydd Epynt 475.7m (1561ft) Summit Feature: Locally known name. This is the highest point on Mynydd Epynt. Drop value from average of levelled heights at col on OS 1:2,500 map. Classification: Befour, Britfour, Clem, Notable, Hardy, Hump, Marilyn, Pedwar, P30 Tump. OS Grid Ref: SN961464 (10 figure Grid Ref: SN9612446428). UK Area: 32 - Llandovery to Monmouth (OS Maps 1:50k 147. 1:25k 188.) Latitude: 52.1064, Longitude: -3.51811, Height: 475.7 metres (1561 feet) Prominence: 198 metres (650 feet) Unique Waypoint POI Name: 0478.P (DoBIH Hill ID: 2270)",http://www.haroldstreet.org.uk/waypoints/download/400s/?hillnumber=2270&/Mynydd+Epynt,52.1064,475.7,-3.51811
161,Beinn Driniasadair,"Beinn Driniasadair 86m (282ft) Summit Feature: Cairn (Survey: obvious summit) Classification: P30 Tump. OS Grid Ref: NG171943 (10 figure Grid Ref: NG1711594379). UK Area: 24 - Harris and Nearby Islands (OS Maps 1:50k 14. 1:25k 455.) Latitude: 57.849055, Longitude: -6.769693, Height: 86 metres (282 feet) Prominence: 67 metres (220 feet) Unique Waypoint POI Name: 0086.- (DoBIH Hill ID: 12555) Associated Parent Hill: &nbsp;&nbsp; Beinn Dhubh (506m, p493)",http://www.haroldstreet.org.uk/waypoints/download/?hillnumber=12555,57.849055,86.0,-6.769693
314,Killhope Law,"Killhope Law 673m (2208ft) Summit Feature: No feature: heather note: summit is about 20m SW of 30ft pole; ground 45m E at NY 81966 44848 is as high (Survey: Abney level) Classification: Hill Trigpoint, Bridge, Bishop, Buxton-lewis, Clem, Docharty, Elmslie, Falkingham, Hewitt, Law, Marsh, Moss, Moss2000, Nuttall, Simm, P30 Tump, Wright. OS Grid Ref: NY819448 (10 figure Grid Ref: NY8191744845). UK Area: 35 - The Northern Pennines (OS Maps 1:50k 86,87. 1:25k OL31W.) Latitude: 54.798166, Longitude: -2.282795, Height: 673 metres (2208 feet) Prominence: 48 metres (157 feet) Unique Waypoint POI Name: 0673.H (DoBIH Hill ID: 2738) Associated Parent Hill: &nbsp;&nbsp; Burnhope Seat (748m, p191) Associated Trigpoint: &nbsp;&nbsp;TP3521 'Killhope Law' Grid Ref: NY8194844858 Separation: 34m from Hill grid ref.",http://www.haroldstreet.org.uk/waypoints/download/?hillnumber=2738&/Killhope+Law,54.798166,673.0,-2.282795
40,Allt Pen - bryn,"Allt Pen - bryn 227m (745ft) Summit Feature: No feature note: flat summit area Classification: P30 Tump. OS Grid Ref: SN514519 (10 figure Grid Ref: SN5143251917). UK Area: 31 - South-West Wales (OS Maps 1:50k 146. 1:25k 199.) Latitude: 52.145517, Longitude: -4.172661, Height: 227 metres (745 feet) Prominence: 54 metres (177 feet) Unique Waypoint POI Name: 0227.- (DoBIH Hill ID: 15355) Associated Parent Hill: &nbsp;&nbsp; Rhos Ymryson (327m, p164)",http://www.haroldstreet.org.uk/waypoints/download/?hillnumber=15355,52.145517,227.0,-4.172661
187,Sand Field,"Sand Field 136m (446ft) Summit Feature: No feature note: 5m SW of small cairn (Survey: Abney level) Classification: Hump, P30 Tump, Yeaman. OS Grid Ref: HU313485 (10 figure Grid Ref: HU3135748509). UK Area: 22 - Shetland Islands (OS Maps 1:50k 3. 1:25k 467W.) Latitude: 60.219723, Longitude: -1.435902, Height: 136 metres (446 feet) Prominence: 117 metres (384 feet) Unique Waypoint POI Name: 0136.p (DoBIH Hill ID: 4917) Associated Parent Hill: &nbsp;&nbsp; Sandness Hill (249m, p234)",http://www.haroldstreet.org.uk/waypoints/download/?hillnumber=4917&/Sand+Field,60.219723,136.0,-1.435902
562,Barr Treshtil,"Barr Treshtil 56m (184ft) Summit Feature: Outcrop note: ground 40m E at NM 81829 38173 may be as high; alternative summit (Comments) is 300m NE across road at NM 82051 38326 with ground c 5m N as high Classification: P30 Tump. OS Grid Ref: NM817381 (10 figure Grid Ref: NM8178338182). UK Area: 03 - Loch Linnhe to Loch Etive (OS Maps 1:50k 49. 1:25k 376.) Latitude: 56.485002, Longitude: -5.545733, Height: 56 metres (184 feet) Prominence: 30 metres (98 feet) Unique Waypoint POI Name: 0056.- (DoBIH Hill ID: 8243)",http://www.haroldstreet.org.uk/waypoints/download/?hillnumber=8243,56.485002,56.0,-5.545733
275,Burleywhag,"Burleywhag 354m (1161ft) Summit Feature: Hill sheep farm. Please note that the bothy and adjacent pens may be used by shepherds. Dogs must be kept under close control at all times.Owners: Queensberry EstateFire/Stove: Multi-fuel stoveSize: MediumOpen All Year: YES Classification: Bothy. OS Grid Ref: NS971001 This data is currently only accurate to a 6 figure grid reference (c.a 100m). Click here to learn how to help improve it. UK Area: 27 - The Glenkens to Annandale (OS Maps LR 78) Latitude: 55.28425, Longitude: -3.62163, Height: 354 metres (1161 feet) Unique Waypoint POI Name: 0354.- (Hill ID: 900074)",http://www.haroldstreet.org.uk/waypoints/download/?hillnumber=900074,55.28425,354.0,-3.62163
378,Barrow Hill,"Barrow Hill 179m (587ft) Summit Feature: No feature Classification: P30 Tump. OS Grid Ref: SU700223 (10 figure Grid Ref: SU7002722344). UK Area: 42 - South-East England &amp; the Isle of Wight (OS Maps 1:50k 197. 1:25k OL33,133.) Latitude: 50.996231, Longitude: -1.003491, Height: 179 metres (587 feet) Prominence: 53 metres (174 feet) Unique Waypoint POI Name: 0179.- (DoBIH Hill ID: 18447) Associated Parent Hill: &nbsp;&nbsp; Butser Hill (270m, p158)",http://www.haroldstreet.org.uk/waypoints/download/?hillnumber=18447&/Barrow+Hill,50.996231,179.0,-1.003491
534,Mynydd Fochriw,"Mynydd Fochriw 464m (1522ft) Classification: SubPedwar. OS Grid Ref: SO099047 This data is currently only accurate to a 6 figure grid reference (c.a 100m). Click here to learn how to help improve it. UK Area: 32 - Neath to Chepstow (OS Maps 1:50k 171. ) Latitude: 51.73375, Longitude: -3.30609, Height: 464 metres (1522 feet) Prominence: 21 metres (69 feet) Unique Waypoint POI Name: 0464.- (Hill ID: 302702)",http://www.haroldstreet.org.uk/waypoints/download/?hillnumber=302702&/Mynydd+Fochriw,51.73375,464.0,-3.30609
691,Stoodley Pike,"Stoodley Pike 402m (1319ft) Summit Feature: Ground by boulder note: ground 10m W is lower (Survey: Abney level) Classification: Befour, Britfour, Notable, Four, P30 Tump. OS Grid Ref: SD973241 (10 figure Grid Ref: SD9736124106). UK Area: 36 - Lancashire, Cheshire &amp; the Southern Pennines (OS Maps 1:50k 103. 1:25k OL21S.) Latitude: 53.713379, Longitude: -2.041467, Height: 402 metres (1319 feet) Prominence: 39 metres (128 feet) Unique Waypoint POI Name: 0402.- (DoBIH Hill ID: 16541) Associated Parent Hill: &nbsp;&nbsp; Black Hill (582m, p165)",http://www.haroldstreet.org.uk/waypoints/download/?hillnumber=16541&/Stoodley+Pike,53.713379,402.0,-2.041467
224,Burgh Hill,"Burgh Hill 47m (154ft) Classification: Hill Trigpoint, Island Summit, Halsey, Hardy, HHS, Livingstone, SIB, P30 Tump. OS Grid Ref: HY688231 (10 figure Grid Ref: HY6888023146). The original GR data for this hill was only accurate to a 6 figure grid reference (c.a 100m). We have used additional user / trigpoint data to bring it up to 10 figures. UK Area: 23 - Orkney Islands (OS Maps 1:50k 5. 1:25k 465S.) Latitude: 59.0940738, Longitude: -2.5448613, Height: 47 metres (154 feet) Prominence: 47 metres (154 feet) Unique Waypoint POI Name: 0047.- (DoBIH Hill ID: 12249) Associated Trigpoint: &nbsp;&nbsp;TP5646 'Stronsay' Grid Ref: HY6888023146 Separation: 92m from Hill grid ref.",http://www.haroldstreet.org.uk/waypoints/download/?hillnumber=12249,59.0940738,47.0,-2.5448613
201,Ben Cleuch,"Ben Cleuch 721m (2365ft) Summit Feature: Trig point in windshelter note: ground 20m E at NN 90299 00627 may be as high Classification: Hill Trigpoint, Bishop, County-tops-historic, County-tops-current, Donald, Docharty, Graham, Hardy, Hump, Marilyn, Simm, P30 Tump, Yeaman. OS Grid Ref: NN902006 (10 figure Grid Ref: NN9027200639). UK Area: 26 - Central Scotland from Dumbarton to Montrose (OS Maps 1:50k 58. 1:25k 366E.) Latitude: 56.185684, Longitude: -3.769489, Height: 721 metres (2365 feet) Prominence: 595 metres (1952 feet) Unique Waypoint POI Name: 0721.G (DoBIH Hill ID: 1642) Associated Trigpoint: &nbsp;&nbsp;TP0509 'Ben Cleugh S1605' Grid Ref: NN9027200639 Separation: 0m from Hill grid ref. Associated Child Hill(s): &nbsp;&nbsp;&nbsp;Andrew Gannel Hill&nbsp;(670m,&nbsp;p47); &nbsp;&nbsp;&nbsp;Bald Hill&nbsp;(500m,&nbsp;p66); &nbsp;&nbsp;&nbsp;Ben Buck&nbsp;(679m,&nbsp;p16); &nbsp;&nbsp;&nbsp;Ben Buck NE Top (Burnfoot Hill)&nbsp;(583m,&nbsp;p36); &nbsp;&nbsp;&nbsp;Ben Ever&nbsp;(622m,&nbsp;p38); &nbsp;&nbsp;&nbsp;Ben Shee&nbsp;(516m,&nbsp;p90); &nbsp;&nbsp;&nbsp;Bengengie Hill&nbsp;(565m,&nbsp;p47); &nbsp;&nbsp;&nbsp;Big Hunt Hill&nbsp;(520m,&nbsp;p24); &nbsp;&nbsp;&nbsp;Black Hill&nbsp;(357m,&nbsp;p37); &nbsp;&nbsp;&nbsp;Blairdenon Hill&nbsp;(631m,&nbsp;p94); &nbsp;&nbsp;&nbsp;Brown Hill&nbsp;(419m,&nbsp;p35); &nbsp;&nbsp;&nbsp;Cairnmorris Hill&nbsp;(606m,&nbsp;p38); &nbsp;&nbsp;&nbsp;Colsnaur Hill&nbsp;(553m,&nbsp;p26); &nbsp;&nbsp;&nbsp;Commonedge Hill&nbsp;(468m,&nbsp;p135); &nbsp;&nbsp;&nbsp;Core Hill&nbsp;(542m,&nbsp;p120); &nbsp;&nbsp;&nbsp;Craigentaggert Hill&nbsp;(493m,&nbsp;p70); &nbsp;&nbsp;&nbsp;Craighorn&nbsp;(583m,&nbsp;p31); &nbsp;&nbsp;&nbsp;Elistoun Hill&nbsp;(497m,&nbsp;p23); &nbsp;&nbsp;&nbsp;Fire Hill&nbsp;(202m,&nbsp;p61); &nbsp;&nbsp;&nbsp;Glentye Hill&nbsp;(481m,&nbsp;p30); &nbsp;&nbsp;&nbsp;Hillfoot Hill&nbsp;(442m,&nbsp;p53); &nbsp;&nbsp;&nbsp;Innerdownie&nbsp;(610m,&nbsp;p52); &nbsp;&nbsp;&nbsp;Kidlaw Hill&nbsp;(510m,&nbsp;p21); &nbsp;&nbsp;&nbsp;King's Seat Hill&nbsp;(648m,&nbsp;p135); &nbsp;&nbsp;&nbsp;Law Hill&nbsp;(202m,&nbsp;p35); &nbsp;&nbsp;&nbsp;Mid Cairn (Craig Leith)&nbsp;(542m,&nbsp;p36); &nbsp;&nbsp;&nbsp;Middle Hill&nbsp;(556m,&nbsp;p20); &nbsp;&nbsp;&nbsp;Myreton Hill&nbsp;(387m,&nbsp;p49); &nbsp;&nbsp;&nbsp;Skythorn Hill&nbsp;(601m,&nbsp;p20); &nbsp;&nbsp;&nbsp;Tarmangie Hill&nbsp;(645m,&nbsp;p78); &nbsp;&nbsp;&nbsp;The Law&nbsp;(638m,&nbsp;p20); &nbsp;&nbsp;&nbsp;The Nebit&nbsp;(449m,&nbsp;p85); &nbsp;&nbsp;&nbsp;Wether Hill&nbsp;(503m,&nbsp;p117);",http://www.haroldstreet.org.uk/waypoints/download/?hillnumber=1642,56.185684,721.0,-3.769489
525,The Heag,"The Heag 30m (98ft) Summit Feature: No feature Classification: Island Summit, SIB, P30 Tump. OS Grid Ref: HU249582 (10 figure Grid Ref: HU2493658292). UK Area: 22 - Shetland Islands (OS Maps 1:50k 3. 1:25k 467W.) Latitude: 60.307994, Longitude: -1.550582, Height: 30 metres (98 feet) Prominence: 30 metres (98 feet) Unique Waypoint POI Name: 0030.- (DoBIH Hill ID: 18818)",http://www.haroldstreet.org.uk/waypoints/download/?hillnumber=18818&/The+Heag,60.307994,30.0,-1.550582
9,Beckley Hill,"Beckley Hill 141m (463ft) Summit Feature: No feature: ground S of hedge W of wood note: flat summit area (Survey: Abney level) Classification: Clem, P30 Tump. OS Grid Ref: SP562105 (10 figure Grid Ref: SP5621710591). UK Area: 39 - Central and Eastern England (OS Maps 1:50k 164. 1:25k 180E.) Latitude: 51.791165, Longitude: -1.186305, Height: 141 metres (463 feet) Prominence: 47 metres (154 feet) Unique Waypoint POI Name: 0141.- (DoBIH Hill ID: 17396) Associated Parent Hill: &nbsp;&nbsp; Wendover Woods (Haddington Hill) (267m, p180)",http://www.haroldstreet.org.uk/waypoints/download/?hillnumber=17396&/Beckley+Hill,51.791165,141.0,-1.186305
545,A’ Chaoirnich (Maol Creag an Loch),"A&#8217; Chaoirnich (Maol Creag an Loch) 875m (2870ft) Summit Feature: Cairn and ground to 5m W note: cairn 580m S at NN 73481 80114 is at least 5m lower and should not be mistaken for the summit (Survey: Abney level) Classification: 500, Bishop, Corbett, Docharty, Hump, Marilyn, Simm, P30 Tump, Yeaman. OS Grid Ref: NN735807 (10 figure Grid Ref: NN7352480711). UK Area: 06 - Glen Tromie to Glen Tilt (OS Maps 1:50k 42. 1:25k OL51W,394W.) Latitude: 56.90042, Longitude: -4.078177, Height: 875 metres (2870 feet) Prominence: 213 metres (699 feet) Unique Waypoint POI Name: 0875.C (DoBIH Hill ID: 416) Associated Child Hill(s): &nbsp;&nbsp;&nbsp;Bruthach nan Creagan&nbsp;(855m,&nbsp;p101); &nbsp;&nbsp;&nbsp;Carn a' Mhurraich&nbsp;(551m,&nbsp;p25); &nbsp;&nbsp;&nbsp;Leathad na Lice&nbsp;(781m,&nbsp;p49); &nbsp;&nbsp;&nbsp;Meall na Spianaig&nbsp;(621m,&nbsp;p50); &nbsp;&nbsp;&nbsp;Sron Odhar&nbsp;(793m,&nbsp;p47);",http://www.haroldstreet.org.uk/waypoints/download/?hillnumber=416&/A%26%238217%3B+Chaoirnich+%28Maol+Creag+an+Loch%29,56.90042,875.0,-4.078177
603,River Hill,"River Hill 215.4m (707ft) Summit Feature: Not recorded note: Hubbard's Hill, 920m W at TQ 53193 52352 is 1.1m higher (and P29.8) Classification: . OS Grid Ref: TQ541524 (10 figure Grid Ref: TQ5411652402). UK Area: 42 - South-East England &amp; the Isle of Wight (OS Maps 1:50k 188. 1:25k 147.) Latitude: 51.249963, Longitude: 0.206919, Height: 215.4 metres (707 feet) Prominence: 15 metres (49 feet) Unique Waypoint POI Name: 0215.- (DoBIH Hill ID: 18395) Associated Parent Hill: &nbsp;&nbsp; Botley Hill (270m, p209)",http://www.haroldstreet.org.uk/waypoints/download/?hillnumber=18395&/River+Hill,51.249963,215.4,0.206919
