rank,title,studio,lifetime_gross,year
1953,War Dogs,WB,43034523,2016
7503,Omkara,Eros,1244576,2006
15308,The Wanted 18,KL,5680,2015
3225,Empire of the Sun,WB,22238696,1987
8205,Palo Alto,Trib.,767732,2014
9693,Heavy Petting,Skou,272371,1989
7585,24 Hour Party People,MGM,1184096,2002
5420,The Border,Uni.,6118683,1982
82,Harry Potter and the Deathly Hallows Part 1,WB,296131568,2010
11740,Reality (2013),Osci.,72577,2013
10197,Latin Boys Go to Hell,Strand,199033,1997
874,Us,Uni.,85106185,2019
10346,An Unreasonable Man,IFC,176647,2007
11944,The Office,CL,63675,2015
16158,Strangers Online,BGP,968,2011
6255,Only the Strong,Fox,3283371,1993
5169,Johnny Handsome,TriS,7237794,1989
12450,Never Been Thawed,Indic.,47219,2005
13808,Whensday,NC,19463,2013
13057,The Raspberry Reich,Strand,31211,2004
5324,The Razor's Edge,Col.,6551987,1984
15442,Ferlinghetti: The Rebirth of Wonder,FRun,4816,2013
6651,I'm In Love With a Church Girl,HTR,2387730,2013
14095,Sleeping Dogs Lie,IDP,15745,2006
4461,The Muse,USA,11614954,1999
1574,Arachnophobia,BV,53208180,1990
11799,The Secret Adventures of Tom Thumb,Tara,70441,1994
753,Legally Blonde,MGM,96520674,2001
7548,King of the Hill,Gram.,1214231,1993
4974,Early Man,LGF,8267544,2018
4511,Extreme Prejudice,TriS,11307844,1987
2801,Abduction,LGF,28087155,2011
11501,Fierce People,ADF,85410,2007
2111,Conan the Barbarian,Uni.,39565475,1982
345,Scooby-Doo,WB,153294164,2002
15552,My Father Die,FR,4252,2017
9859,The Galapagos Affair: Satan Came to Eden,Zeit.,247159,2014
15732,Burning Bodhi,Mont.,3289,2016
8869,Brotherly Love,Free,478595,2015
5972,Enron: The Smartest Guys in the Room,Magn.,4071700,2005
1411,Anastasia,Fox,58406347,1997
3702,Red Planet,WB,17480890,2000
15955,The Velocity of Gary,NxtM,2143,1999
12080,Maxed Out,Magn.,58829,2007
13309,Earth Days,Zeit.,26748,2009
12441,GMO OMG,SD,47558,2013
9796,My Brother Is an Only Child,Think,255620,2008
6234,Camille Claudel,OrionC,3331297,1989
8179,31,Saban,779820,2016
4142,Love & Friendship,RAtt.,14016568,2016
3827,Defending Your Life,WB,16371128,1991
11372,My Reincarnation,Long Shot,92822,2011
8958,I Am Trying to Break Your Heart,Cow.,445522,2002
9978,"Remember Me, My Love",IDP,227986,2004
12417,Lucky Them,IFC,48421,2014
15647,The Condemned (2013),Strand,3718,2013
15133,The Sisterhood of Night,Free,6870,2015
12858,Paul Goodman Changed My Life,Zeit.,35671,2011
545,Hairspray (2007),NL,118871849,2007
2326,Changeling,Uni.,35739802,2008
13527,"Hippocrates, Diary of a French Doctor",Distrib.,23050,2015
15421,Nuclear Nation,FRun,4960,2013
7490,The Best Intentions,Gold.,1253106,1992
13450,Kill Me Three Times,Magn.,24296,2015
16238,Rome & Jewel,Emr.,470,2008
6471,My Architect,NYer,2750707,2003
14832,Tequila Body Shots,Hrtl,9037,1999
12849,The Inbetweeners Movie,WHE,36000,2012
7422,Happy Endings,Lions,1315701,2005
3293,Psycho (1998),Uni.,21456130,1998
719,Airport,Uni.,100489151,1970
3042,Gifted,FoxS,24801212,2017
15165,The Dying of the Light,FRun,6627,2016
631,Baby Driver,TriS,107825862,2017
4100,Supergirl,TriS,14296438,1984
3571,Casualties of War,Col.,18671317,1989
14892,Kaena: The Prophecy,IDP,8593,2004
9344,Night Game,TWE,337812,1989
1958,Snitch,LG/S,42930462,2013
6892,Monsieur Lazhar (U.S.-only),MBox,2009517,2012
84,Up,BV,293004164,2009
13630,Sedona,Pasi.,21638,2012
7615,Heights,SPC,1160817,2005
14131,Be Somebody,TUG,15395,2016
11610,Nasty Baby,Orch.,79800,2015
9010,Drowning by Numbers,Mira.,424773,1991
1331,Stomp the Yard,SGem,61356221,2007
5565,Avenging Angel,NW,5622787,1985
13767,Glass: A Portrait of Philip in Twelve Parts,Koch,20018,2008
12967,The Last Winter,IFC,33190,2007
12320,The Unknowns,Gathr,51035,2016
9717,Harvard Beats Yale 29-29,Kino,268431,2008
4519,Lords of Dogtown,Sony,11273517,2005
15363,Heartbeat Detector,NYer,5309,2008
5489,Real Women Have Curves,NM,5853194,2002
14716,"Hugh Hefner: Playboy, Activist and Rebel",P4,10000,2010
3684,The Zookeeper's Wife,Focus,17571660,2017
5465,Lars and the Real Girl,MGM,5972884,2007
15964,Adrift in Manhattan,Scre.,2099,2007
6460,La Boda de Valentina,PNT,2783739,2018
4011,Step Up All In,LG/S,14904384,2014
2598,Beverly Hills Ninja,Sony,31480418,1997
8528,Not Fade Away,ParV,610792,2012
13020,Kiss the Bride,Reg.,32033,2008
14324,Benda Bilili!,NGE,13420,2011
5871,A Life Less Ordinary,Fox,4366722,1997
11704,Tehran Taboo,KL,74758,2018
9122,Lucie Aubrac,USA,394079,1999
11915,The Wild Child (re-issue),FDesk,65051,2008
9255,Revolution,WB,358574,1985
12506,Straight-Jacket,Reg.,45497,2004
7829,The Hollars,SPC,1016985,2016
10745,The Congress,Drft.,137815,2014
7832,Liam,Lions,1016021,2001
12262,Red Lights (2012),MNE,52624,2012
7861,The IMAX Nutcracker (IMAX),Imax,1009291,1999
13126,American Swing,Magn.,30156,2009
11503,Chicago Joe and the Showgirl,NL,85395,1990
11514,Visitors (2014),Cdgm.,84577,2014
10031,Sea Wolves,Par.,220181,1981
1514,The Guardian,BV,55011732,2006
6991,Elvis Gratton XXX,Chri.,1838920,2004
7287,Nowhere Boy,Wein.,1457248,2010
4667,I Got the Hook-Up!,Mira.,10317779,1998
3404,The Glimmer Man,WB,20351264,1996
7235,A Taxi Driver,WGUSA,1527829,2017
9357,Kings of Pastry,FRun,336386,2010
10090,The House I Live In,Abr.,210752,2012
15024,Masai: The Rain Warriors,Artma,7650,2006
15257,Tekkon Kinkreet,SPHE,6000,2007
10245,Midnight's Children,P/108,190022,2013
997,The Adventures of Tintin,Par.,77591831,2011
6657,The Dancer Upstairs,FoxS,2377348,2003
15085,It Had to be You,Gold.,7162,2016
2695,Jay and Silent Bob Strike Back,Mira.,30085147,2001
15477,Sworn Virgin,Strand,4636,2016
754,Panic Room,Sony,96397334,2002
12067,Walk of Shame,FCW,59209,2014
14401,American Socialist: The Life & Times of Eugene Victor Debs,FRun,12609,2018
12194,Half of a Yellow Sun,Mont.,54529,2014
8920,Rififi,UMPO,460226,1956
12743,Whiteboyz,FoxS,38738,1999
1423,Maze Runner: The Death Cure,Fox,58032443,2018
10973,Tale of Tales,IFC,118925,2016
2613,Endless Love,Uni.,31184024,1981
9582,All Over Me,FL,292577,1997
7742,September Dawn,Slow,1066555,2007
6026,Morgan,Fox,3915251,2016
8540,Tatie Danielle,Mira.,604624,1991
8344,Saddest Music in the World,IFC,699225,2004
9871,Up and Down,SPC,245127,2005
86,The Twilight Saga: Breaking Dawn Part 2,LG/S,292324737,2012
2119,Joe Versus the Volcano,WB,39404261,1990
2375,Excalibur,WB,34967437,1981
13566,Be Here Now: The Andy Whitfield Story,TUG,22424,2016
7493,"For a Good Time, Call... ",Focus,1251749,2012
5478,Feel the Noise,BMG,5898393,2007
11116,Face,Indic.,108151,2004
7889,In the Mood,Lori,999382,1987
5251,Redline,Chic.,6881022,2007
16020,The Road to Love,Arab,1714,2004
12818,"Forever, Lulu",TriS,36786,1987
6725,Love is Strange,SPC,2262223,2014
1646,Resident Evil: Apocalypse,SGem,51201453,2004
4374,Miss Pettigrew Lives for a Day,Focus,12313694,2008
11884,Dance Me Outside,Shad.,66229,1995
14405,Boy Meets Girl,CFilms,12589,2014
3975,Big Top Pee-Wee,Par.,15122324,1988
15427,"Peace, Propaganda and the Promised Land",Arab,4930,2005
7019,M.S. Dhoni: The Untold Story,FIP,1801550,2016
12010,Don't Stop Believin': Everyman's Journey,Cdgm.,61018,2013
7583,Lazer Team,Ampl.,1186426,2016
5610,Lifeguard,Par.,5424178,1976
15980,The Watermelon Woman (20th Anniversary / 2K HD Restoration),FRun,1989,2016
10175,Champions,AVCO,200498,1984
4152,It Comes At Night,A24,13985117,2017
13937,Mansfield 66/67,FB,17930,2017
6510,Kids in the Hall: Brain Candy,Par.,2654308,1996
3214,EDtv,Uni.,22431897,1999
4214,Dredd,LGF,13414714,2012
15202,Dreamland,Truly,6383,2006
117,The Hangover Part II,WB,254464305,2011
4128,Diner,MGM,14099953,1982
13899,Hell House,7Art,18279,2002
10856,The Brand New Testament,MBox,127910,2016
7404,Steele Justice,Atl,1327740,1987
13044,Forever,Icar.,31502,2007
1506,Never Say Never Again,WB,55432841,1983
12071,Digimon Adventure Tri. 4: Loss,Fathom,59114,2018
13357,Cowards Bend the Knee,Zeit.,25860,2004
423,Godzilla,Sony,136314294,1998
10540,Experimenter,Magn.,155575,2015
8074,MET Opera: Marnie,Fathom,849710,2018
10287,"The Man Nobody Knew: In Search of My Father, CIA Spymaster William Colby",FRun,183342,2011
7311,A Prayer for the Dying,Gold.,1432687,1987
959,Disturbia,P/DW,80209692,2007
15842,Chocolat (2015 re-release),FILMDESK,2710,2015
11337,Twelve and Holding,IFC,96464,2006
6266,You Will Meet a Tall Dark Stranger,SPC,3248246,2010
6832,Brick,Focus,2075743,2006
6093,White Man's Burden,Sav.,3734870,1995
13779,Behind the Sun,Mira.,19861,2001
1571,Papillon,AAP,53267000,1973
6586,"Silent Night, Deadly Night",TriS,2491460,1984
8211,Strapless,Mira.,764794,1990
12810,Grey Gardens (2015 re-release),Jan.,36923,2015
1141,Big Momma's House 2,Fox,70165972,2006
12381,Zus & Zo,Life,49468,2003
6413,Jinxed,MGM,2869638,1982
9477,Hindustan Ki Kasam,Eros,310330,1999
13659,The Decent One,KL,21327,2014
7931,Encounters at the End of the World,Think,944933,2008
4661,The Man with Two Brains,WB,10353438,1983
5325,3 Idiots,Relbig.,6532874,2009
8523,Walking the Camino: Six Ways to Santiago,FEF,612717,2013
14735,Down Terrace,Magn.,9812,2010
1164,Cool Runnings,BV,68856263,1993
2256,16 Blocks,WB,36895141,2006
6891,The Moderns,Aliv,2011497,1988
1689,The Book of Life (2014),Fox,50151543,2014
13377,Naked Boys Singing,TLA,25526,2007
11323,D.E.B.S.,IDP,97446,2005
1690,Little Women (1994),Sony,50083616,1994
13090,Documented,DefA,30662,2014
6084,Friend Request,ENTMP,3759078,2017
7638,Belizaire the Cajun,Skou,1142243,1986
10720,Baghead,SPC,140106,2008
5418,Folks!,Fox,6132924,1992
3781,Death Warrant,MGM,16853487,1990
2404,"Like Father, Like Son",TriS,34377585,1987
9694,Heart Like a Wheel,Fox,272278,1983
10905,"Rita, Sue and Bob Too",OrionC,124167,1987
5034,Blankman,Col.,7941977,1994
8824,Peggy Guggenheim Art Addict,SD,498428,2015
5002,Inherent Vice,WB,8110975,2014
493,Prometheus,Fox,126477084,2012
906,Saving Mr. Banks,BV,83301580,2013
9322,Drinking Buddies,Magn.,343341,2013
5055,Dead Calm,WB,7825009,1989
5318,Strange Wilderness,ParC,6575282,2008
15073,Too Outrageous Animation,EXPe,7241,1995
9501,This Film Is Not Yet Rated,IFC,306845,2006
4735,Lassie,Par.,9979683,1994
2713,Grudge Match,WB,29807260,2013
3811,The Perfect Man,Uni.,16535005,2005
744,The Color Purple,WB,98467863,1985
5503,Mona Lisa,Isld,5794184,1986
12962,Lou Reed's Berlin,TRR,33231,2008
11798,Go For Sisters,Vari.,70495,2013
6826,Oliver Twist,Sony,2080321,2005
2156,On Deadly Ground,WB,38590458,1994
6727,Leprechaun 2,Trim.,2260622,1994
4016,Music of the Heart,Mira.,14859394,1999
3899,The Gospel,SGem,15778152,2005
2322,The Island,DW,35818913,2005
8911,Thank You (2011),UTV,463540,2011
13536,Ambrose Bierce: Civil War Stories,ScrL,22918,2006
1029,Star Trek: Generations,Par.,75671125,1994
1906,Passenger 57,WB,44065653,1992
6632,2015 Oscar Nominated Short Films,Shrts.,2412593,2015
8959,The Heart of the Game,Mira.,445374,2006
3188,Titan A.E.,Fox,22753426,2000
9492,Never Again,Focus,307631,2002
7028,King of the Mountain,Uni.,1791147,1981
12349,You'll Get Over It,Pict.,50256,2004
1151,Splash,BV,69821334,1984
15753,95 Miles to Go,Think,3195,2006
12556,Lana's Rain,ISA,44287,2004
12829,Out of Control,Raj.,36486,2003
12467,Tanna,Lightyear,46654,2016
5225,Our Brand Is Crisis (2015),WB,7002261,2015
14415,City of Women (2016 re-issue),Cohen,12516,2016
5837,Mindhunters,Dim.,4480744,2005
10136,The Untold Story of Emmett Louis Till,Think,204956,2005
16263,Dog Eat Dog,IFC,80,2009
12203,Harlan: In the Shadow of Jew Suss,Zeit.,54305,2010
8626,The Weather Underground,Shad.,564632,2003
7471,Adventures of American Rabbit,Atl,1268443,1986
3096,Body Heat,WB,24058838,1981
12053,The Force (2017),KL,59912,2017
3493,The Professional,Sony,19501238,1994
9475,Monster in a Box,FL,311245,1992
1732,Firewall,WB,48751189,2006
8671,23 Blast,OAE,549185,2014
10334,Monumental: In Search of America's National Treasure,AAE,177729,2012
3691,Silent Hill: Revelation 3D,ORF,17529157,2012
1964,Death at a Funeral (2010),SGem,42739347,2010
1676,Music and Lyrics,WB,50572589,2007
1508,What Dreams May Come,Poly,55382927,1998
8539,Modern Girls,Atl,604849,1986
12862,Canvas,Scre.,35630,2007
4340,Gattaca,Sony,12532777,1997
11557,Godard Mon Amour,Cohen,82264,2018
7336,Sahara (1984),MGM,1402962,1984
11765,Body of War,FSC,71716,2008
5649,Miami Rhapsody,BV,5221281,1995
8864,Bully,Lions,480811,2001
927,The Pink Panther (2006),Sony,82226474,2006
11821,An Inconsistent Truth,RM,69394,2012
9190,The Game of Their Lives,IFC,375750,2005
12961,Big Bad Wolves,Magn.,33232,2014
12403,The Perfect Host,Magn.,48764,2011
6245,Stand Up Guys,LGF,3310031,2013
10838,Fados,Zeit.,129150,2009
14279,Backcountry,IFC,13848,2015
2064,Jagged Edge,Col.,40491165,1985
11134,Carlos Castaneda: Enigma of a Sorcerer,Indic.,107040,2004
6636,Lawnmower Man 2: Beyond Cyberspace,NL,2409225,1996
12127,Ilo Ilo,FM,56773,2014
9545,Sukob (The Wedding Curse),ABS,300454,2006
12925,Martin and Orloff,Spit,34222,2003
6213,Head Office,TriS,3393807,1986
11446,Hero (2015),Eros,88675,2015
397,Slumdog Millionaire,FoxS,141319928,2008
2262,Notorious (2009),FoxS,36843682,2009
9541,Armaan: The Desire,Eros,301010,2003
1959,The Big Sick,LGF,42873127,2017
8364,Inside Deep Throat,Uni.,691880,2005
12859,Far Out Isn't Far Enough: The Tomi Ungerer Story,FRun,35647,2013
13550,Carol Channing: Larger Than Life,EOne,22740,2012
3403,The Three Musketeers (2011),Sum.,20374484,2011
1599,Hubble 3D,WB,52386855,2010
7097,High Heels,Mira.,1710057,1991
5583,For Your Consideration,WIP,5549923,2006
13574,Metropolitan (2015 re-release),Rialto,22284,2015
10498,Punks,Urb.,160083,2001
4621,Three to Tango,WB,10570375,1999
157,Big Hero 6,BV,222527828,2014
5872,On the Line,Mira.,4365455,2001
8255,Warner Bros. 75th Anniversary Film Festival,WB,741855,1998
25,Wonder Woman,WB,412563408,2017
2439,Dreamcatcher,WB,33715436,2003
1913,Must Love Dogs,WB,43894863,2005
6221,Fighting Back,Par.,3355948,1982
11520,Chapter & Verse,Pala.,84147,2017
14577,Fat Girls,Reg.,11204,2007
437,Superman,WB,134451603,1978
9889,The Swindlers,WGUSA,241916,2017
9705,Himmatwala,UTV,270880,2013
5526,Gymkata,MGM,5730596,1985
930,Jaws 2,Uni.,81766007,1978
13416,A Monster with a Thousand Heads,MBox,24852,2016
1038,Old School,DW,75585093,2003
15123,Hungry Hearts,IFC,6921,2015
8981,Sketches of Frank Gehry,SPC,439309,2006
11081,The Overnighters,Drft.,110763,2014
14198,Last Men in Aleppo,Ghop,14637,2017
1100,Mama,Uni.,71628180,2013
7281,Read My Lips,Magn.,1471911,2002
3321,Torque,WB,21215059,2004
2732,Spice World,Sony,29342592,1998
11187,Two or Three Things I Know About Her (re-issue),Rialto,104038,2006
7647,A Price Above Rubies,Mira.,1130732,1998
2792,The Shawshank Redemption,Col.,28341469,1994
8781,Boys,BV,516349,1996
11908,On the Run: Trilogy 1,Magn.,65172,2004
15149,Buddha Heads,Path.,6739,2002
2337,Children of Men,Uni.,35552383,2006
2533,The Age of Innocence,Col.,32255440,1993
7222,Year of the Dog,ParV,1540141,2007
12508,Texas Killing Fields,Anch.,45469,2011
9349,Kyon? Ho Gaya Pyu,Eros,336909,2004
9655,Every Time We Say Goodbye,TriS,278623,1986
2859,All Dogs Go to Heaven,UA,27100027,1989
688,Bambi,RKO,102247150,1942
10882,Baran,Mira.,125900,2001
5083,Sarah's Key,Wein.,7693187,2011
158,Mission: Impossible - Fallout,Par.,220159104,2018
13458,The Big Gay Musical,,24140,2009
3800,Unaccompanied Minors,WB,16655224,2006
4263,American Me,Uni.,13086430,1992
2279,"Tarzan, the Ape Man",MGM,36565280,1981
7682,The U.S. Vs. John Lennon,LGF,1109146,2006
12184,Snowmen,Cdgm.,54805,2011
8929,Chasing the Dragon,WGUSA,456854,2017
14924,A Teacher,Osci.,8348,2013
4110,Scanners (1981),Emb,14225876,1981
1212,Legends of the Fall,Sony,66638883,1994
11421,Stripper,Fox,90000,1986
902,Apocalypse Now,MGM,83471511,1979
1239,Hannah Montana/Miley Cyrus: Best of Both Worlds Concert Tour,BV,65281781,2008
5217,Last of the Dogmen,Sav.,7024389,1995
13052,Evocateur: The Morton Downey Jr. Movie,Magn.,31313,2013
1715,Shampoo,Col.,49407734,1975
5688,Miller's Crossing,Fox,5080409,1990
4037,Criminal (2016),LG/S,14708696,2016
5204,Quills,FoxS,7065332,2000
11591,Heaven Knows What,RTWC,80734,2015
15738,Justice (2017),INDEP,3259,2017
3611,That Darn Cat,BV,18301610,1997
8934,Circumstance,RAtt.,454121,2011
8045,The Crossing Guard,Mira.,868979,1995
16162,Demi-Soeur,Rialto,943,2014
8742,Highway (2014),UTV,529136,2014
15832,Blood Ties,ALP,2760,2011
5306,Black Moon Rising,NW,6637565,1986
1817,Phone Booth,Fox,46566212,2003
8749,National Lampoon's Gold Diggers,P&A,527000,2004
9348,The Singing Detective,ParC,337174,2003
14663,Let's Get Frank,Rnd.,10440,2004
13110,Happy Christmas,Magn.,30312,2014
4007,The Commitments,Fox,14919570,1991
3165,Two for the Money,Uni.,22991379,2005
13322,Peace Officer,SD,26632,2015
2914,I.Q.,Par.,26381221,1994
5116,How to Beat the High Cost of Living,Film,7500000,1980
3801,True Crime,WB,16649768,1999
5473,Casa De Mi Padre,LGF,5909483,2012
15961,Iceman (2019),FM,2118,2019
666,The Mule,WB,103804407,2018
13870,Ardor,Part.,18565,2015
2349,Frankenweenie,BV,35291068,2012
1879,Lawrence of Arabia,Col.,44824144,1962
8286,Vampire's Kiss,Hemd,725131,1989
8838,Bilal: A New Breed of Hero,VE,490973,2018
4571,Stop-Loss,Par.,10915744,2008
5410,Maudie,SPC,6170998,2017
6341,Sunshine State,Sony,3065921,2002
13222,Struck By Lightning,Trib.,28378,2013
668,Dick Tracy,BV,103738726,1990
124,Raiders of the Lost Ark,Par.,248159971,1981
8355,Delgo,Free,694782,2008
2850,The Bridge on the River Kwai,Col.,27200000,1957
4027,Prom Night,Emb,14796236,1980
9286,Tokyo!,LibE,351059,2009
8173,Box of Moonlight,Trim.,782641,1997
5687,Bleed for This,ORF,5083906,2016
1229,Bad Boys,Sony,65807024,1995
1223,Smokey and the Bandit II,Uni.,66132626,1980
9372,The Guest (2014),PH,332890,2014
8071,Sharkwater,Free,850920,2007
11389,The Tales of Hoffmann (2015 re-issue),Rialto,91930,2015
15992,Badland,ArcA.,1924,2007
1612,The Forbidden Kingdom,LGF,52075270,2008
564,Lee Daniels' The Butler,Wein.,116632095,2013
12283,Dare Not Walk Alone,Indic.,52166,2008
2250,State of Play,Uni.,37017955,2009
10270,Return of the Texas Chainsaw Massacre,Lions,185898,1995
4790,Matinee,Uni.,9532895,1993
14076,Night of Henna,Illm.,16027,2005
6575,Reform School Girls,NW,2510433,1986
5132,Kids,Mira.,7412216,1995
2105,Epic Movie,Fox,39739367,2007
15233,Sweetwater,,6147,2013
136,Brave,BV,237283207,2012
10709,Marooned in Iraq,Wells,141243,2003
8674,Amazon Women on the Moon,Uni.,548696,1987
15344,Coming Soon,Una.,5453,2000
7710,Certain Women,IFC,1087585,2016
5391,The Adventures of Buckaroo Banzai,Fox,6254148,1984
10023,Ira & Abby,Magn.,221096,2007
10191,Studio 54,Zeit.,199767,2018
15711,The Price of Sugar,Mitro.,3384,2007
3997,Lions for Lambs,UA,15002854,2007
2890,Winnie the Pooh,BV,26692846,2011
7261,Departures,Reg.,1498210,2009
2399,Monster,NM,34469210,2003
9645,The Battle of Shaker Heights,Mira.,280351,2003
15219,Blue Gate Crossing,Strand,6242,2003
2029,Valerian and the City of a Thousand Planets,STX,41189488,2017
671,9 to 5,Fox,103290500,1980
126,Transformers: Age of Extinction,Par.,245439076,2014
10739,Histoires d'Hiver,,138411,1999
11165,Under the Sun (2016),Icar.,105036,2016
14283,13 Sins,RTWC,13809,2014
5307,Spider-Man / Men in Black II,Sony,6632970,2002
5958,Casablanca,WB,4108411,1942
13473,On Broadway,,23968,2008
2517,Almost Famous,DW,32534850,2000
14614,As It Is In Heaven,,10850,2014
10663,Bubble,Magn.,145626,2006
2972,Billy Madison,Uni.,25588734,1995
6033,The Manhattan Project,Fox,3900000,1986
8789,The One I Love,RTWC,513447,2014
6114,Sunshine,FoxS,3675753,2007
8054,Jagga Jasoos,UTV,861740,2017
8055,Inland Empire,518,861355,2006
4333,An Education,SPC,12574914,2009
8277,Fade to Black,ParC,728921,2004
12875,Growing Up Smith,Good Deed,35312,2017
2001,Donnie Brasco,Sony,41909762,1997
1301,Rising Sun,Fox,63179523,1993
755,Dead Poets Society,BV,95860116,1989
1977,Casino,Uni.,42512375,1995
2996,Top Five,Par.,25317379,2014
9965,Standard Operating Procedure,SPC,229117,2008
10941,In Jackson Heights,Zipp.,121094,2015
15685,Loosies,IFC,3519,2012
9702,Big Girls Don't Cry... They Get Even,NL,271327,1992
6594,My One and Only,Free,2479538,2009
10700,Waco: The Rules of Engagement,Som.,142193,1997
9902,Driving Lessons,SPC,239962,2006
5017,Dead Ringers,Fox,8038508,1988
8837,A Girl Walks Home Alone at Night,KL,491910,2014
8246,Climax,A24,744904,2019
11650,Fear(s) of the Dark,IFC,77876,2008
15827,The Outskirts,Fct.,2797,2004
4448,Dave Chappelle's Block Party,Rog.,11718595,2006
15626,Free Radicals: A History of Experimental Film,KL,3804,2012
1335,Friday Night Lights,Uni.,61255921,2004
11668,Speaking Parts,Zeit.,76609,1990
8855,Weekend (2011),IFC,484592,2011
8982,Baaghi,UTV,438207,2016
10135,The Princess Academy,EP,205000,1987
14449,Wolves,KE,12139,2014
15033,Tales from the Script,FRun,7535,2010
567,The Towering Inferno,Fox,116000000,1974
9633,The Interrupters,CGld,282448,2011
16021,A Beautiful Now,Mont.,1714,2016
4750,Jade,Par.,9851610,1995
734,Parenthood,Uni.,100047830,1989
11497,Big Brother,WGUSA,85624,2018
12648,Nowitzki,Magn.,41340,2015
1334,Misery,Col.,61276872,1990
5277,Me and Earl and the Dying Girl,FoxS,6758416,2015
15153,London to Brighton,OutF,6700,2008
2182,10 Things I Hate About You,BV,38178166,1999
6601,The Endurance: Shackleton's Antarctic Adventure,Cow.,2453083,2001
11640,The Neon Bible,Strand,78072,1996
3424,Mobsters,Uni.,20246790,1991
2721,The World According to Garp,WB,29712172,1982
271,Crazy Rich Asians,WB,174532921,2018
13332,Nine Dead Gay Guys,TLA,26377,2003
15263,Cavemen,WGUSA,5948,2014
2265,The Brave One,WB,36793804,2007
7257,Salvador,Hemd,1500000,1986
9129,Subway,IsAl,390659,1985
3122,My Blue Heaven,WB,23591472,1990
11029,Bodied,Neon,113956,2018
2282,Set It Off,NL,36461139,1996
8780,Rhapsody in August,OrionC,516431,1991
7387,A Dirty Shame,FL,1339668,2004
15586,Three Night Stand,Free,4076,2015
11147,Almost Peaceful,Emp.,106184,2004
10075,Ek Ajnabee,Eros,213143,2005
7428,Anne Frank Remembered,SPC,1310200,1996
6559,Ruby Sparks,FoxS,2540106,2012
8215,Cosmopolis,EOne,763556,2012
2065,Bill & Ted's Excellent Adventure,Orion,40485039,1989
13300,Mali Blues,Icar.,26950,2017
3410,City Hall,Sony,20340204,1996
13932,Jamel Shabazz Street Photographer,APD/C,17992,2013
4965,Larger Than Life,MGM,8315693,1996
16220,The Sugar Curtain,Icar.,582,2007
3748,Johnny Dangerously,Fox,17124395,1984
9695,After the Storm,FM,272132,2017
7253,The Square,Magn.,1502347,2017
9050,3 Ninjas Knuckle Up,Sony,413479,1995
10913,What Women Want (Wo Zhi Nu Run Xin) ,CL,123526,2011
12156,Hellion,IFC,55708,2014
11059,Penton: The John Penton Story,Gathr,112159,2014
8449,2008 Oscar Shorts,Shrts.,644635,2009
13956,Mental,Da.,17669,2013
273,Elf,NL,173840591,2003
830,Scream 3,Dim.,89143175,2000
1067,The Jerk,Uni.,73691419,1979
2397,Concussion (2015),Sony,34542474,2015
2160,Spy Kids: All the Time in the World,W/Dim.,38538188,2011
4995,Dead Bang,WB,8125592,1989
6004,Fluke,MGM,3987768,1995
7303,Love at Large,Orion,1436308,1990
7094,Life & Times of Hank Greenberg,Cow.,1712385,2000
15498,Blue Juice,Filmo,4535,1996
13107,Rock and Rule,MGM,30379,1983
336,San Andreas,WB (NL),155190832,2015
3923,Half Past Dead,Sony,15567860,2002
13667,The Look of Love,IFC,21252,2013
4489,The River,Uni.,11489982,1984
16038,Cut Snake,Mont.,1625,2015
2490,In Her Shoes,Fox,32880591,2005
7327,Salaam Namaste,Yash,1413283,2005
10595,The Void,Scre.,151042,2017
12609,Andre Gregory: Before and After Dinner,CGld,42892,2013
3442,Tess,Col.,20093330,1980
14597,The Front Line,WGUSA,11018,2012
8836,Man of Iron,MGM,492035,1981
2369,The Skulls,Uni.,35046120,2000
4952,Smoke,Mira.,8367636,1995
6669,Elle,SPC,2341534,2016
5003,A Cure for Wellness,Fox,8106986,2017
10241,A Pure Formality,SPC,190749,1995
767,Beverly Hills Chihuahua,BV,94514402,2008
14045,Mumbai Meri Jaan,UTV,16407,2008
3239,Lock Up,TriS,22099847,1989
11669,So Close,Strand,76584,2003
5242,Almost an Angel,Par.,6939946,1990
6085,Imagine: John Lennon,WB,3753977,1988
5842,All Night Long,Uni.,4454295,1981
11517,Watermark,EOne,84464,2014
7639,Two Much,BV,1141556,1996
15511,Weightless,Great Point,4461,2018
12185,Once in the Life,Lions,54780,2000
42,Despicable Me 2,Uni.,368061265,2013
14590,Sweet Virginia,IFC,11089,2017
9196,Oh Lucy!,FM,375391,2018
10886,Green Card Fever,NEM,125596,2003
8119,Dishoom,Eros,812737,2016
13102,Dealt,IFC,30414,2017
9245,Kung Fu Yoga,WGUSA,362657,2017
9844,Batti Gul Meter Chalu,Eros,249539,2018
15562,Among the Believers,FRun,4189,2016
6296,Clerks,Mira.,3151130,1994
8311,Household Saints,FL,712418,1993
4228,Sugar & Spice,NL,13305101,2001
15706,Under the Wire,Abr.,3429,2018
3873,The Transporter Refueled,EC,16029670,2015
10654,Dirty Deeds,Free,146490,2005
10542,The Gleaners and I,Zeit.,155320,2001
14999,Rigor Mortis,WGUSA,7865,2014
741,Olympus Has Fallen,FD,98925640,2013
570,Creed II,MGM,115715889,2018
11482,A Tuba to Cuba,Blue Fox,86506,2019
13805,A Picture of You,FPE,19480,2014
15803,The Shot,BW,2970,1996
2553,Leaving Las Vegas,MGM,32029928,1995
12286,"Surfer, Dude",Anch.,52132,2008
1748,G.I. Jane,BV,48169156,1997
16131,Veer!,BLS,1132,2013
7179,MET Opera: Aida,Fathom,1595902,2018
6070,Paris is Burning,Mira.,3779620,1991
3679,Hostel Part II,LGF,17609452,2007
15205,Alleluia,MBox,6334,2015
11046,The Liberator,Cohen,113067,2014
5188,The Hoax,Mira.,7164995,2007
1191,Lights Out,WB (NL),67268835,2016
9473,The Flowers of War,WHE,311434,2012
5226,Buena Vista Social Club,Art.,7002182,1999
8575,Prefontaine,BV,589304,1997
12350,In Order of Disappearance,Magn.,50251,2016
11579,Earth: One Amazing Day,BBC,81345,2017
15914,Chronicle of an Escape (Cronica de una fuga),IFC,2370,2007
950,Eat Pray Love,Sony,80574010,2010
12976,Meet Monica Velour,Anch.,33042,2011
10369,Grand Illusion (2012 re-release),Rialto,174065,2012
12130,The Bag Man,Cdgm.,56574,2014
8345,Blaze (2018),IFC,699114,2018
15162,20 Centimeters,TLA,6635,2006
2248,Fight Club,Fox,37030102,1999
5903,"Jeff, Who Lives at Home",ParV,4269426,2012
4168,Hamburger Hill,Par.,13839404,1987
1897,The Three Stooges,Fox,44338224,2012
9842,Sarkar 3,Eros,249588,2017
5191,Dear God,Par.,7138523,1996
12582,Contempt (2013 re-release),Rialto,43763,2013
13841,Carrie Pilby,Orch.,18957,2017
1807,The River Wild,Uni.,46816343,1994
9318,Windy City,WB,343890,1984
14069,Return (2012),Da.,16124,2012
5645,Gardens of Stone,TriS,5262047,1987
1916,Always,Uni.,43858790,1989
12287,Before We Vanish,Super,52087,2018
14812,The Young Girl and the Monsoon,AL,9186,2001
2599,Zack and Miri Make a Porno,Wein.,31457946,2008
2307,Hanging Up,Sony,36050230,2000
1785,The Deep,Col.,47346365,1977
12771,Moondance Alexander,RM,37895,2007
9925,Chopper,First,236185,2001
3305,Cold Creek Manor,BV,21386011,2003
3785,Lost Souls,NL,16815253,2000
4291,Volver,SPC,12899867,2006
903,Airplane!,Par.,83453539,1980
15404,Poisoned by Polonium: The Litvinenko File,Kino,5080,2008
8975,The Town Is Quiet,NYer,441664,2001
835,The Muppets,BV,88631237,2011
2075,I Am Sam,NL,40311852,2001
12631,Azumi,Vita.,41803,2006
8490,Son of the Bride,SPC,624757,2002
485,My Best Friend's Wedding,Sony,127120029,1997
15303,Mr. Blue Sky,RM,5713,2007
2610,The Great Muppet Caper,Uni.,31206251,1981
6770,Chinese Box,Trim.,2178160,1998
2267,Rear Window,Par.,36764313,1954
3322,Fame (1980),MGM,21202829,1980
5853,Ed,Uni.,4422380,1996
14678,Battle for Haditha,Lafa.,10310,2008
5850,2 Days in Paris,Gold.,4433994,2007
3101,Around the World in 80 Days,BV,24008137,2004
13675,Almost Holy,Orch.,21142,2016
7098,"To Joey, with Love",Fathom,1709073,2016
9034,Aloha Summer,Spec.,418379,1988
461,The Peanuts Movie,Fox,130178411,2015
12805,Eating Out 2: Sloppy Seconds,Ariz.,37072,2006
3222,Benji the Hunted,BV,22257624,1987
12676,The Last Of The Unjust,Cohen,40563,2014
13451,Le Petit Soldat (2013 re-release),Rialto,24296,2013
14424,America the Beautiful 2: The Thin Commandments,PMKBNC,12366,2011
10965,Do I Sound Gay?,IFC,119388,2015
11578,Vaastav,Eros,81367,1999
181,Austin Powers in Goldmember,NL,213307889,2002
5172,Force 10 From Navarone,AIP,7230000,1978
2471,Child's Play,UA,33244684,1988
9261,Mr. Donkey,CL,356255,2016
1416,Tomb Raider,WB,58250803,2018
4131,The Arrival,Orion,14063331,1996
2897,An American Werewolf in Paris,BV,26570463,1997
9577,A Woman in Berlin,Strand,294014,2009
1346,Fantasia 2000 (35mm & IMAX),BV,60655420,2000
1072,Hollow Man,Sony,73209340,2000
764,Unbreakable,BV,95011339,2000
3712,Roll Bounce,FoxS,17380866,2005
5450,The Cemetary Club,BV,6011745,1993
4429,Deathstalker,NW,11919250,1983
8117,The Sea Beast,WB,814000,1926
8036,The Princess and the Warrior,SPC,872091,2001
15851,United Red Army,Lorb.,2659,2011
9424,Die Mommie Die!,Sun.,320092,2003
9287,Singham,Relbig.,350864,2011
10816,The Earrings of Madame de... (re-issue),Jan.,130561,2007
16019,Mr. Pip,Free,1714,2014
2054,Absence of Malice,Col.,40716963,1981
11682,The Sea,Palm,75994,2003
10225,The Return of the Swamp Thing,Milli,192816,1989
12083,What We Do Is Secret,PArch,58776,2008
3395,The In-Laws,WB,20453431,2003
4183,Return to Snowy River,BV,13687027,1988
5908,45 Years,IFC,4247285,2015
11208,Puerto Ricans in Paris,FCW,102890,2016
14362,Leap Year (2011),Strand,12979,2011
1498,Happy Death Day,Uni.,55683845,2017
13534,Islam: What the West Needs to Know,Quix.,22938,2006
12588,Love Etc.,Pala.,43593,2011
15082,Li'l Quinquin,KL,7192,2015
6751,Autumn Tale,Oct.,2205339,1999
3754,Firestarter,Uni.,17080167,1984
10139,Vettai,UTV,204373,2012
10996,Beware of Mr. Baker,SF,116476,2012
15314,Fired!,ICir,5661,2007
12142,Wedding Doll,Strand,56196,2016
14412,The Monster (2016),A24,12544,2016
1312,The Fast and the Furious: Tokyo Drift,Uni.,62514415,2006
12472,Margaret,FoxS,46495,2011
6809,Fanaa,Yash,2105352,2006
4028,Radio Days,Orion,14792779,1987
5264,The Pope of Greenwich Village,MGM,6836201,1984
1241,Lethal Weapon,WB,65207127,1987
5779,The Great Santini,WB,4702575,1979
8941,Bombay Velvet,FIP,450692,2015
11454,Tuya's Marriage,MBox,88148,2008
8728,Bread and Roses,Lions,533479,2001
15887,Swing,RMH,2509,2004
9345,This Is Not What I Expected,WGUSA,337670,2017
9805,Maelstrom,All.,254380,2000
11364,Let the Corpses Tan,KL,93409,2018
7762,Bad Moon,WB,1055525,1996
2373,Midnight Express,Col.,35000000,1978
5395,Ghost World,MGM,6217849,2001
6763,Oldboy (2013),FD,2193658,2013
9412,Winter Sleepers,Wins.,323041,2000
2335,The American,Focus,35606376,2010
4494,Moon Over Parador,Uni.,11444204,1988
14088,Piercing,Greenwich,15856,2019
10236,For Queen and Country,Atl,191051,1989
2933,The Descent,LGF,26024456,2006
14950,Suspended Animation,FRun,8169,2003
11083,Word Wars,7Art,110617,2004
729,Cowboys & Aliens,Uni.,100240551,2011
710,Collateral,DW,101005703,2004
10201,The Iron Orchard,Santa Rita,197991,2019
1722,This Christmas,SGem,49121934,2007
11615,Harvest of Empire,Onyx,79627,2012
2826,Oculus,Rela.,27695246,2014
10180,Gemini,Neon,200340,2018
11886,Just a Little Harmless Sex,Pha.,66194,1999
6606,The Man Who Wasn't There (1983),Par.,2443487,1983
1921,The Gift (2015),STX,43787265,2015
4064,Everyone's Hero,Fox,14523101,2006
5266,Panther,Gram.,6834525,1995
134,Shrek Forever After,P/DW,238736787,2010
987,Cocktail,BV,78222753,1988
6999,Rudo Y Cursi,SPC,1827660,2009
9756,Eating You Alive,Fathom,260534,2018
4444,Zelig,WB,11798616,1983
13303,Cape of Good Hope,AL,26904,2005
10016,ABCD (Any Body Can Dance),UTV,222098,2013
4835,You Can Count on Me,ParC,9183362,2000
14051,April's Shower,Reg.,16377,2006
3154,Match Point,DW,23151529,2005
467,The Nutty Professor (1996),Uni.,128814019,1996
14925,Summer in Berlin,DSt.,8340,2007
11032,Gentlemen Broncos,FoxS,113682,2009
13935,Payback (2012),Zeit.,17979,2012
11759,Umberto D (re-issue),Rialto,71816,2002
1886,The Internship,Fox,44672764,2013
14333,"Yes Nurse, No Nurse",Reg.,13325,2004
11818,Taur Mittran Di,Eros,69510,2012
2542,Side Effects (2013),ORF,32172757,2013
7,Marvel's The Avengers,BV,623357910,2012
656,Pitch Perfect 3,Uni.,104897530,2017
8371,Lady Chatterley,Kino,687414,2007
8134,13 Assassins,Magn.,802778,2011
8323,Canelo vs. GGG 2,Fathom,707875,2018
8621,The Future,RAtt.,568662,2011
3786,Dead Silence,Uni.,16809076,2007
2096,Enough,Sony,40007742,2002
12751,Spa Night,Strand,38578,2016
2813,Beastly,CBS,27865571,2011
13254,Don Carlo at La Scala,Emr.,27834,2008
5697,Your Name.,FUN,5017246,2017
12307,Boss of It All,IFC,51548,2007
9427,The Safety of Objects,IFC,319299,2003
15510,German Concentration Camps Factual Survey,FRun,4468,2017
12697,The Locusts,Orion,40158,1997
1811,The Rocketeer,BV,46704056,1991
9685,Rascals,Eros,273829,2011
10658,Deadly Renovations,Noct.,146146,2012
15655,Passion Play,Imag.,3669,2011
4740,Immortal Beloved,Sony,9914409,1994
3603,Sleeper,UA,18344729,1973
11570,Everybody's Famous!,Mira.,81734,2001
3556,The Marine,Fox,18844784,2006
14602,Manito,FM,11000,2003
1051,10,WB,74865517,1979
5037,Unstrung Heroes,BV,7929434,1995
363,Little Fockers,Uni.,148438600,2010
6793,2013 Oscar Nominated Short Films,Shrts.,2142342,2013
6222,Blindness,Mira.,3351751,2008
9155,Boston: An American Running Story,Fathom,383868,2017
1739,Return to Never Land,BV,48430258,2002
9877,Youth Without Youth,SPC,244397,2007
1450,13 Going on 30,SonR,57231747,2004
7568,Sammy and Rosie Get Laid,Cinc,1196336,1987
15895,Rank,IFC,2485,2006
1061,Sin City,Dim.,74103820,2005
1812,Goosebumps 2: Haunted Halloween,Sony,46700633,2018
10960,Amy's Orgasm,Magic,119664,2002
8032,La Ceremonie,NYer,873196,1996
10421,Bellflower,Osci.,168226,2011
13832,Revelation: Dawn of Global Government,RM,19107,2016
9652,"20,000 Days on Earth",Drft.,279558,2014
15672,Cockfight,Ech.,3600,2004
14330,One Last Thing...,Magn.,13334,2006
6634,A Sunday in the Country,MGM,2411143,1984
13430,Kal Kissne Dekha,AdL.,24625,2009
8217,Fire and Ice,Fox,760883,1983
4385,Confidence,Lions,12251640,2003
15147,Calling All Earthlings,Carpe Stella,6756,2018
1657,Bull Durham,Orion,50888729,1988
13924,Gangnam 1970,CJ,18022,2015
7696,The Passage,MGM,1101186,1979
4680,The Miracle Season,Mirr/LD,10230620,2018
3977,Halloween: The Curse of Michael Myers,Dim.,15116634,1995
1619,The Call,TriS,51872378,2013
28,The Hunger Games,LGF,408010692,2012
7960,35 Up,Gold.,922872,1992
2819,My Life,Col.,27804899,1993
14505,White Wedding,Da.,11710,2010
15276,A Bottle in the Gaza Sea,FM,5872,2013
8519,Tickled,Magn.,613956,2016
6979,Racetime,EOne,1867514,2018
4148,On a Clear Day You Can See Forever,Par.,14000000,1970
7566,Headhunters,Magn.,1200010,2012
10685,Luv Shuv Tey Chicken Khurana,UTV,143507,2012
961,Jumper,Fox,80172128,2008
11303,"I Love You, Don't Touch Me",MGM,98973,1998
4869,Saved!,UA,8940582,2004
8898,Tully,SmlP,466664,2002
3807,Beat Street,Orion,16595791,1984
7947,Tubelight,Yash,930058,2017
12483,Racer & the Jailbird,Super,46337,2018
11862,Stuck,Think,67505,2008
12669,Shikari,Eros,40712,2000
1128,The Best Man Holiday,Uni.,70525195,2013
10268,Goldbuster,WGUSA,186135,2018
7768,Velvet Goldmine,Mira.,1053788,1998
9507,Boarding School,Atl,306061,1983
8197,The Girl Next Door (2000),Indic.,771712,2000
13143,Praise,Strand,29874,2000
2127,Anna and the King,Fox,39263420,1999
7796,Hidden Agenda,Hemd,1030938,1990
6200,Bad Samaritan,Electric,3435047,2018
2146,Hot Shots! Part Deux,Fox,38922972,1993
3951,No Escape,Sav.,15339030,1994
3379,Little Black Book,SonR,20698668,2004
15093,Midnight Eagle,Strand,7116,2007
1847,D2: The Mighty Ducks,BV,45610410,1994
10320,Constantine's Sword,FRun,179507,2008
10213,Series 7: The Contenders,USA,195065,2001
866,The SpongeBob SquarePants Movie,Par.,85417988,2004
4026,Ladybugs,Par.,14796494,1992
3198,Babylon A.D.,Fox,22532572,2008
1156,Divine Secrets of the Ya-Ya Sisterhood,WB,69599016,2002
9335,Jimi: All Is By My Side,XL,340911,2014
4856,Conquest of the Planet of the Apes,Fox,9043472,1972
1699,Last Action Hero,Col.,50016394,1993
4139,Left Behind (2014),Free,14019924,2014
3704,The Aristocats (Re-issue) (1987),BV,17452658,1987
12312,Venus and Serena,Magn.,51271,2013
7383,The Salt of the Earth,SPC,1343349,2015
1429,Shall We Dance,Mira.,57890460,2004
6354,The House of Mirth,SPC,3043284,2000
16138,The Empire in Africa ,CLS,1088,2006
6046,Yeh Jawaani Hai Deewani,Eros,3827466,2013
6037,The Man Who Knew Infinity,IFC,3866794,2016
14189,The Farthest,Abr.,14773,2017
9989,Young Soul Rebels,Mira.,225664,1991
10832,Boy and the World,GK,129480,2015
10338,The Wave,Magn.,177404,2016
1175,Mr. Popper's Penguins,Fox,68224452,2011
8404,The Promise,WIP,669625,2006
9180,The Second Mother,Osci.,376986,2015
5165,B.A.P.S.,NL,7246735,1997
9719,Psycho Beach Party,Strand,268117,2000
7320,Finding Your Feet,RAtt.,1418682,2018
11793,Renaissance,Mira.,70644,2006
11600,For the Love of Spock,Grav.,80141,2016
12370,Transformation: The Life and Legacy of Werner Erhard,ReelD,49919,2007
6199,The Ultimate Gift,BPic,3438735,2007
4552,Doomsday,Rog.,11008770,2008
10530,Far from the Tree,IFC,156785,2018
13687,Whisky Galore,Arrow,20991,2017
9,Incredibles 2,BV,608581744,2018
4599,Fear and Loathing in Las Vegas,Uni.,10680275,1998
12432,Quest (2017),FRun,47807,2017
5795,Joe's Apartment,WB,4619014,1996
13716,Coming Up Roses (2012),Da.,20567,2012
7299,Don't Worry He Won't Get Far on Foot,Amazon,1441705,2018
2805,Police Academy 4: Citizens on Patrol,WB,28061343,1987
7989,George Takei's Allegiance,Fathom,902012,2017
13459,Luster,TLA,24137,2003
11573,Inkubus,Scre.,81600,2011
15533,McLibel,CLS,4337,2005
12939,It Felt Like Love,Vari.,33817,2014
3212,City by the Sea,WB,22448879,2002
13541,Short Peace,Elev.,22862,2014
3150,Vicky Cristina Barcelona,MGM/W,23216709,2008
10350,Take Every Wave: The Life of Liard Hamilton,IFC,176076,2017
1338,Get Him to the Greek,Uni.,60974475,2010
3591,Ultraviolet,SGem,18535812,2006
13242,The Blossoming of Maximo Oliveros,Unco,28041,2006
2892,Prizzi's Honor,Fox,26657534,1985
10975,Till the End of the World,CL,118660,2018
2768,Deceived,BV,28738096,1991
9060,Phata Poster Nikla Hero,Eros,410526,2013
8526,Leolo,FL,611703,1993
3933,In America,FoxS,15539656,2003
9605,Last Train Home,Zeit.,288328,2010
10230,A Simple Life,CL,191826,2012
6010,Memories of Me,MGM,3965604,1988
11800,The Son,NYer,70262,2003
206,Spectre,Sony,200074609,2015
5956,Godzilla 1985,NW,4116395,1985
976,Limitless,Rela.,79249455,2011
6616,Kansas,TWE,2432536,1988
585,Magic Mike,WB,113721571,2012
14766,Strangers on the Earth,FRun,9518,2018
4041,City of Joy,TriS,14683921,1992
3251,A Lot Like Love,BV,21845719,2005
8312,The Ballad of Jack and Rose,IFC,712275,2005
10447,The Five Obstructions,Koch,165845,2004
14435,The Armor of Light,FFS,12267,2015
3261,Marathon Man,Par.,21709020,1976
8018,Pandora's Box,Rain.,881950,2002
6962,Permanent Record,Par.,1893139,1988
4129,Les Miserables (1998),Sony,14096321,1998
6408,The Trip to Italy,IFC,2880537,2014
11196,30 Years to Life,Inn.,103540,2002
7447,Cousin Bette,FoxS,1295194,1998
4355,Life with Mikey,BV,12440858,1993
8384,No Entry,Eros,678000,2005
5173,Gold,Wein.,7227038,2017
15920,Who Shot Patakango?,Castle,2343,1992
8963,Upstream Color,erbp,444098,2013
6603,The Sapphires,Wein.,2450867,2013
105,Harry Potter and the Chamber of Secrets,WB,262233983,2002
13367,"Ladies and Gentlemen, The Fabulous Stains",Par.,25728,1982
10799,Deep Blue,Mira.,132261,2005
4359,The Fourth Protocol,Lori,12423831,1987
1125,Any Which Way You Can,WB,70687344,1980
7308,Shadow of the Wolf,Triu,1434174,1993
8559,Master,CJ,597251,2016
14555,Family Fundamentals,Focus,11344,2002
2708,Neighbors (1981),Col.,29916207,1981
9867,"Larger than Life in 3D: Dave Matthews Band, Ben Harper and Gogol Bordello",Cdgm.,246042,2009
11265,A Woman is a Woman,Rialto,100665,2003
13426,Eat This New York,Org.,24640,2004
15603,Three Worlds,FM,3952,2013
3924,Billy Bathgate,BV,15565363,1991
12258,Prisoners of the Sun,Skou,52654,1991
5964,Man Trouble,Fox,4096030,1992
2389,Licence to Kill,UA,34667015,1989
7162,Potiche,MBox,1618844,2011
14023,Eva,Wein.,16738,2015
8218,The Hanoi Hilton,Can.,760000,1987
6173,BTS World Tour: Love Yourself in Seoul,Fathom,3509917,2019
9969,The Love Witch,Osci.,228894,2016
9095,The Apu Trilogy,Jan.,402723,2015
1321,The Electric Horseman,Col.,61801971,1979
4731,Terror in the Aisles,Uni.,10004817,1984
5599,The Counterfeiters,SPC,5488570,2008
10142,Postmen in the Mountains,Shad.,203975,2003
11176,Alien Trespass,RAtt.,104526,2009
7245,The Double Hour,Gold.,1514942,2011
6713,A Brief History of Time,Trit,2279692,1992
983,City of Angels,WB,78685114,1998
8230,Lakshya,UTV,753600,2004
10895,Make Your Move,HTR,125106,2014
8952,Condorito: La Pelicula,LGF,447719,2018
6451,In the Company of Men,SPC,2804473,1997
11673,The Island President,Gold.,76398,2012
10751,Is the Man Who Is Tall Happy?,IFC,137042,2013
15977,Enemies of Laughter,Outr.,2000,2003
4235,Body of Evidence,MGM,13273595,1993
11813,Zoo,Think,69770,2007
1167,Book Club,Par.,68566296,2018
692,Pacific Rim,WB,101802906,2013
11466,Butterfly Kiss,Lions,87626,1996
9957,Woman at War,Magn.,230660,2019
3170,Rounders,Mira.,22912409,1998
14075,Out of the Clear Blue Sky,A23,16050,2013
9219,Me Myself I,SPC,369975,2000
10272,Detective K: Secret of the Lost Island,CJ,185367,2015
4482,Just One of the Guys,Col.,11528900,1985
12659,Western,CGld,41072,2018
1353,Shanghai Knights,BV,60476872,2003
11913,Racing Dreams,Hann.,65082,2010
14527,The Ruins of Lifta,FRun,11548,2016
13637,Easy,Magic,21589,2004
2949,Superhero Movie,MGM/W,25881068,2008
7641,Yi Yi (A One and a Two),Wins.,1136776,2000
13919,Dare,Imag.,18088,2009
13371,Gurukulam,Mats.,25651,2016
9012,8 1/2 Women,Lions,424123,2000
11225,Revenge (2018),Neon,102091,2018
14239,A Modern Affair,Tara,14286,1996
9734,The World Before Your Feet,Greenwich,265331,2018
7856,Slam,Trim.,1009819,1998
13925,One Day Pina Asked...,Icar.,18016,2014
12892,Man of the Century,FL,34857,1999
6330,"Synecdoche, New York",SPC,3083538,2008
9258,City of Ghosts,UA,357197,2003
6622,The Disappointments Room,Rela.,2423468,2016
6262,Raees,Zee,3262954,2017
14490,Contre-Enquete,All.,11846,2008
9788,Twenty-One,Trit,256521,1991
10529,One Day in September,SPC,156818,2000
13019,The Weekend,Strand,32050,2000
13839,The Color Wheel,APD/C,19001,2012
4431,The Darjeeling Limited,FoxS,11902715,2007
11054,Spinning Plates,TFA,112449,2013
7047,I Like it Like That,Sony,1760527,1994
14251,Newtown,Abr.,14109,2016
4618,Primeval,BV,10597734,2007
7575,Me and Orson Welles,Free,1190003,2009
362,As Good as It Gets,Sony,148478011,1997
14975,Steak (R)evolution,KL,8025,2015
10484,Vanaja,Emr.,161590,2007
10200,A Summer's Tale,BWP,198126,2014
10292,Whose Streets?,Magn.,182799,2017
10968,The Trial,Angk,119267,1993
10672,The Flyboys,DCoa.,144680,2008
2995,Katy Perry: Part of Me,Par.,25326071,2012
12515,Dha Dkan,Eros,45380,2000
6831,The Wackness,SPC,2077116,2008
11432,Puccini for Beginners,Strand,89464,2007
11510,Dev,Eros,84728,2004
15343,Reset,FR,5454,2017
2845,Dallas Buyers Club,Focus,27298285,2013
3751,Diabolique (1996),WB,17100266,1996
13752,Absolutely Anything,ADC,20169,2017
13162,The Mercy,Scre.,29538,2018
13205,Berlin Syndrome,VE,28660,2017
10930,Lost and Found in Armenia,HTR,122305,2013
5288,Town & Country,NL,6719973,2001
8529,The Return of Superfly,Trit,610402,1990
7059,Everybody's Fine (1991),Mira.,1745470,1991
8444,Japanese Story,IDP,647054,2003
10459,Hybrid,Indic.,164386,2002
