person_id,id,name,character,role
1373965,tm850723,Keisuke Tokumori,,ACTOR
17124,tm24877,Matt Walsh,Crime Scene Photographer,ACTOR
12553,ts76771,Steven Yeun,Nathan Park,ACTOR
196914,tm815438,Yasser Galal,Guest Star,ACTOR
20622,tm178201,Thorston Manderlay,Alfred Meinhard,ACTOR
323342,tm949267,Mauricio Dayub,Dr. Vigna,ACTOR
143982,tm1178876,Lisa Teige,Amalie,ACTOR
604873,ts222439,Yoon Ji-min,Goh Sang-ah,ACTOR
1049402,tm912100,Mark Cayne,Teen #1,ACTOR
53400,tm371212,Jodie Sweetin,Michelle Blair,ACTOR
191888,tm157062,Sanjana Singh,Sindhu,ACTOR
2124,tm72251,Eddie Izzard,Deepak Rushdie Obi Ben Kingsley,ACTOR
10550,ts78325,Frank Sinatra,Himself (archive footage),ACTOR
809701,tm299741,Timothy Mylechreest,Club Band,ACTOR
1532008,ts287941,Baek Ji-won,Shin Song-hee,ACTOR
19136,tm32982,Jack Chissick,Father Christmas 2,ACTOR
427779,tm24110,Fred Ponzlov,Art Teacher,ACTOR
10965,tm33545,Peter Salett,Keyboard Player,ACTOR
13885,tm149747,Osvaldo Benavides,Ricardo Díaz,ACTOR
125696,tm102337,Julianna Damm,Little Kris,ACTOR
165341,ts83430,Tomomi Maruyama,Goro,ACTOR
1196983,tm812593,Jorge Herrera,Monseñor,ACTOR
117136,tm43179,Neetu Chandra,Sonal,ACTOR
80524,tm160371,Bobby Lee,Kenneth Park,ACTOR
6563,tm983784,Daniel Gillies,Mandrake,ACTOR
2718,tm105329,Tom Hanks,Michael Sullivan,ACTOR
12825,ts39007,Rukiya Bernard,Doc,ACTOR
6535,tm205935,John Bernecker,Steel Mill Guard #5,ACTOR
2139823,ts289982,Suda Chuenban,,ACTOR
18225,tm78767,Nicholas Turturro,Renaldo Pinera,ACTOR
6610,tm137530,Brandon Jay McLaren,Mohawk,ACTOR
599832,ts250998,Nick Golterman,Willem,ACTOR
1588,tm363248,Finn Wittrock,Tim Matheson,ACTOR
48009,tm881984,Javed Jaffrey,Rustom Irani,ACTOR
91384,tm168921,Wolfgang Puck,Chef  Smurf (voice),ACTOR
15528,ts76645,Robert Sheehan,Klaus Hargreeves,ACTOR
3590,ts250092,Yoko Hikasa,Yoh Asakura (voice),ACTOR
1187846,tm470252,Harley Von Moger,Himself,ACTOR
443431,tm44486,Rafał Szałajko,[obsada aktorska],ACTOR
684710,tm411649,Anita Devgan,,ACTOR
1360761,tm498803,Alberto Vasallo III,Crime Scene Reporter,ACTOR
2284517,tm1179579,Sertaç Güder,,ACTOR
2057436,tm830795,Cai Lianjie,Interviewer 2,ACTOR
1628238,tm842829,Allan Villafuerte,Manolo,ACTOR
1633744,tm1042481,Brian Tynan,Townsfolk (voice),ACTOR
1868695,tm285317,Justin Andrew Jamieson,TV Broadcast Newscaster,ACTOR
4696,ts272366,Will Smith,Self - Host,ACTOR
48157,tm370436,Todd Emerson,Groom,ACTOR
116067,tm849003,Orlando Seale,Jean-Pierre,ACTOR
240572,ts301999,Marta Nieradkiewicz,Zofia Morulska,ACTOR
49309,tm846586,Reza Rahadian,Samir,ACTOR
2318314,tm845549,Donna Budway,Self,ACTOR
33876,tm215638,Valentin Ganev,Warden,ACTOR
84410,tm76835,Brijendra Kala,Taxi driver,ACTOR
50020,tm461829,Elias Ferkin,Vali,ACTOR
5100,tm138297,Robin Atkin Downes,Bill Wilkins (voice),ACTOR
837698,tm371359,Shreechand Makhija,,ACTOR
3576,tm39030,Christina Cole,Ocean Club Receptionist,ACTOR
1339,tm244196,Shahid Kapoor,Nawab Malik,ACTOR
55051,ts54050,Anderson Silva,Host - Bra,ACTOR
1752970,tm919106,Ellie Cole,Herself,ACTOR
66267,tm117488,Tom O'Brien,Gabe,ACTOR
1407968,tm370392,Izzy Ruiz,Hospital Valet,ACTOR
249,tm374845,Tomokazu Sugita,Escanor (voice),ACTOR
605763,tm204035,Tsogbaatar Batzorig,Weapons Engineer,ACTOR
1317508,tm851346,Julian Selman,Young Demetrius,ACTOR
54510,tm359978,Moon Sung-keun,Father,ACTOR
1534652,tm852172,John Kaler,Nasa Mission Control,ACTOR
2471,tm161029,Michelle Ruff,Additional Voices (voice),ACTOR
1665565,tm1080083,Spyros Maragoudakis,Rough Boy 1 (uncredited),ACTOR
88018,tm298846,Matthew Maher,Actor,ACTOR
2685,tm925486,Tony Jaa,Kueng,ACTOR
1136945,tm872496,Paulina Walendziak,Maja Bzowska,ACTOR
12833,tm101334,Regina Hall,Michelle,ACTOR
1908847,tm1041549,Kolawole Ajeyemi,,ACTOR
55853,tm168921,Joel McCrary,Farmer Smurf (voice),ACTOR
15562,tm109304,Chuck Hicks,Ferry Worker,ACTOR
339960,tm474548,Ziad Ghanem,Person for GS's Video #1,ACTOR
391261,tm987599,Patricia Williams,Herself,ACTOR
89861,tm1174920,Jeff Foxworthy,Self,ACTOR
578348,tm152273,Yuu Hayashi,Bombeman (voice),ACTOR
1941,ts53864,Jason Bateman,Marty Byrde,ACTOR
2061132,tm1099320,Mohammad Rezi Eyni,Self,ACTOR
1770632,tm855535,Rafal Wasielkiewicz,Client's bodyguard,ACTOR
10697,tm19673,Leon Rippy,John Billings,ACTOR
3599,ts288489,Stephanie Sheh,Usagi Tsukino / Super Sailor Moon,ACTOR
3055,tm936396,Nicola Peltz,Felicity,ACTOR
37774,tm410435,Janel Parrish,Margot Song Covey,ACTOR
1018022,tm447750,Yuki Takahashi,Kabae (voice),ACTOR
2038681,tm836638,Helena Chambon,Extraordinary woman,ACTOR
13007,ts302312,Stefan Weinert,Otto Bachmann,ACTOR
7106,tm145655,Greta Lee,Teller #23,ACTOR
962026,tm120072,Matthew Noszka,JP,ACTOR
316980,tm62176,Sumona Chakravarti,Child artist,ACTOR
2627,tm501313,Carla Gugino,Madeleine,ACTOR
41223,tm863890,Samuel Finzi,,ACTOR
41025,tm413955,Katrine Greis-Rosenthal,Jakobe Salomon,ACTOR
709343,tm156811,Marco Canadea,Marcello,ACTOR
106885,tm985550,Rocío León,Ana,ACTOR
259492,ts85568,Albrecht Felsmann,„Zahnlos“ (jung),ACTOR
47071,tm446625,Frances Davis,Self,ACTOR
592948,ts310057,Tawny Newsome,Billie,ACTOR
26762,tm69778,Eiko Masuyama,Fujiko Mine (voice),ACTOR
614294,tm204163,Gabriela Alvarez,Club Girl,ACTOR
53036,tm239727,Bobbi Salvör Menuez,Samantha Morrow,ACTOR
1556971,tm275004,Jacob Reardon,Connor,ACTOR
31359,ts56481,Horatio Sanz,Justin,ACTOR
74057,ts114080,Émile Berling,Raphael,ACTOR
1218025,tm366227,Conor Coyne,Neighbor 33H,ACTOR
253170,tm207668,Kapil Sharma,Himself,ACTOR
5566,tm425884,Frank Marshall,Himself,ACTOR
1962683,tm888243,Randy Thomas,Self,ACTOR
1366544,tm414584,Ashli Dolat,Security House Girl,ACTOR
17538,ts38770,Sarah Silverman,,ACTOR
164746,tm38331,Nor Domingo,,ACTOR
89993,tm171042,Jacqueline Pinol,Additional Voices (voice),ACTOR
1693223,tm674099,Riccardo Marzi,Giacinto Piazza,ACTOR
34837,ts21511,Ashleigh Ball,Rainbow Dash / Applejack (voice),ACTOR
5201,tm281935,Susan Sarandon,Isis Dunkler,ACTOR
1699681,tm1137051,Masaki Nakanishi,(voice),ACTOR
97394,tm89684,Jack Osbourne,Justin,ACTOR
95460,tm368040,Ben Aldridge,Lawrence,ACTOR
200167,ts21034,Masashi Ikeda,,DIRECTOR
1629571,tm1029314,Onur Keskin,Otoparkçi 1,ACTOR
3211,tm122434,John William Galt,President Johnson (voice),ACTOR
749431,tm858000,Shuntaro Yanagi,Hyoko Otowa,ACTOR
1223848,tm425944,Qin Tianshu,Brat,ACTOR
1158801,tm233344,Arbaaz Kadwani,Sharic,ACTOR
88020,tm233294,Pico Alexander,Trey Wandella,ACTOR
1769979,tm855535,Maciej Witucki,Guest at the Krasucki family,ACTOR
41871,ts27680,Anne Reid,Celia,ACTOR
1061326,tm428073,Asia Ortega,Gloria,ACTOR
1299007,tm845850,Alfredo Morel,,ACTOR
933159,tm376421,Yuki Izawa,Ungyo,ACTOR
48350,ts225867,Ben Batt,Cartwright,ACTOR
780268,tm821789,Roslyn Cohn,Elmma Wilson,ACTOR
837699,tm371359,Sukhminder,,ACTOR
1630138,tm431321,Andy Truschinski,Sgt. Dugan,ACTOR
280734,tm350379,Ernesto Griffith,Sanford,ACTOR
5577,ts9,Jeffrey Dean Morgan,Negan Smith,ACTOR
2134,tm164877,Tom Hiddleston,F. Scott Fitzgerald,ACTOR
209089,tm1111616,Witold Dębicki,Grandpa Ignacy,ACTOR
7033,tm413169,Sam Neill,Tommy Brock (voice),ACTOR
112600,tm320144,Shivani Joshi,Fatima,ACTOR
822264,ts89291,Zélie Rixhon,Virginie,ACTOR
627615,tm300184,Samuel Kyi Ankrah,Crow Gang Member,ACTOR
1363930,tm233023,Rami Hachache,,DIRECTOR
11975,tm24877,Anthony Rapp,Jacob,ACTOR
111714,tm34331,Maya Gilbert,Gina,ACTOR
161090,tm1116525,Leandro Hassum,León,ACTOR
306183,ts79182,Monti Castiñeiras,Colombo,ACTOR
725440,tm1031499,Pedro Henrique Monteiro,,ACTOR
2286814,tm148270,Marjie Gum,French Girl in Market,ACTOR
66876,tm175909,Milan Luthria,,DIRECTOR
1037212,tm408781,Sofia Khan,Sophie,ACTOR
69073,ts311989,DJ Clue,Self (archive footage),ACTOR
30234,tm189171,Imanol Arias,Angel,ACTOR
273,tm54780,Minako Kotobuki,Karina Lyle / Blue Rose (voice),ACTOR
84410,tm353247,Brijendra Kala,Hotel Receptionist,ACTOR
183146,tm232710,Khalil Ramos,Noel,ACTOR
719019,tm429382,Danielle Lyn,Alicia,ACTOR
1641354,tm918734,Liz Priestley,Amahle,ACTOR
712557,tm180542,Julie Cohen,Young Peggy,ACTOR
7997,ts219423,Kevin Michael Richardson,Beast Man (voice),ACTOR
458348,tm366227,Glenn 'Doc' Rivers,Doc Rivers,ACTOR
186578,tm918894,Didier Drogba,Self,ACTOR
679306,tm167232,Herbert Olschok,Hans Brandt,ACTOR
6671,tm134516,Woon Young Park,Thunder Fist,ACTOR
176452,ts42075,Belçim Bilgin,Naz Özer,ACTOR
21530,tm172683,Rick Gonzalez,Vincent,ACTOR
52224,tm1003353,Kristen O'Meara,Michelle Janavs,ACTOR
23061,ts87680,Tony Plana,Peter,ACTOR
97290,ts84639,Mikako Komatsu,Milo,ACTOR
331623,tm819016,Alessandro Angulo,,DIRECTOR
7391,tm327199,Jason Brooks,Captain Miller,ACTOR
1904328,tm856378,Shimali de Silva,Nisha,ACTOR
1278439,tm898262,Jone Laspiur,Maider,ACTOR
265444,tm324870,Esther Povitsky,Alicia,ACTOR
64437,tm70222,Rajinikanth,Sivaji Arumugam,ACTOR
88327,tm438994,Kevin Hanchard,Rudolph Sutton,ACTOR
34757,tm41792,Shana Stein,Daughtrey Bitty,ACTOR
48,tm166628,Tom Kane,Narrator Smurf (voice),ACTOR
1057941,tm460411,Ahmet Olgun Sünear,,ACTOR
52644,tm861000,Anthoula Katsimatides,Anthoula,ACTOR
1278579,tm370440,Jessica James,Lady,ACTOR
38636,tm77863,Boman Irani,Oscar Fernandez,ACTOR
492671,tm160034,Aditya Sharma,Ranjeet,ACTOR
192476,tm212909,Miguel Vergara,,ACTOR
177643,tm845850,Arnulfo Reyes,,ACTOR
20058,tm363248,Morgan Gingerich,Doug - Age 12,ACTOR
318810,tm941531,Benedetta Gargari,Ragazza Discoteca,ACTOR
30570,tm260272,Rick Applegate,Principal,ACTOR
2192338,tm1022912,Sreeja Shyam,,ACTOR
21108,tm22327,Stanley Kubrick,,DIRECTOR
1785746,tm458292,Ariane Desgagnes-Leclerc,Doctor,ACTOR
2002770,ts301999,Wojciech Dolatowski,Szymon,ACTOR
1347644,ts301999,Sara Celler-Jezierska,Magda,ACTOR
904214,tm183002,Swaroopa Ghosh,Foreign Secretary,ACTOR
1270494,tm414584,Lyubomir Neykov,White Man Brothel,ACTOR
31566,ts58175,Spike Lee,,DIRECTOR
2084019,tm461532,Cumhur Korkmaz,Demet'in Müdürü,ACTOR
87675,tm827638,Devyn A. Tyler,Danika,ACTOR
99580,tm941382,Shinichi Hatori,Switching Rope (voice),ACTOR
65832,tm228574,Patrick Roach,Pat Roach,ACTOR
650583,tm81270,Megan Stephens,Cheerleader,ACTOR
21094,tm458467,Trieste Kelly Dunn,Liz Koch,ACTOR
176569,tm312577,Misako Renbutsu,Riza Hawkeye,ACTOR
11473,tm34391,Terry Gilliam,Himself,ACTOR
1094629,tm467467,Crystal Torres,Band,ACTOR
745013,tm35652,Ayesha Raza,Sejal Agarwal,ACTOR
9666,tm12499,Ken Howard,Michael Bergstrom,ACTOR
167141,ts83213,Liu Mintao,Qiu Mingying,ACTOR
715344,tm376234,Javier Perdiguero,Supermarket Manager,ACTOR
1063600,tm449195,Ian Chisekula,Man in Admarc Queue,ACTOR
1913337,ts287729,Shubham Agarwal,Self,ACTOR
6735,tm888080,Vaughn Lucas,Garbage Dock Guard,ACTOR
164682,tm854682,Ximena Romo,,ACTOR
25344,tm1198504,Takashi Onozuka,Paz (voice),ACTOR
173977,ts21368,Engin Akyürek,Ömer,ACTOR
1860122,ts29581,Paige Chua,Zhang Meilin (2011),ACTOR
811847,ts76486,Han Seo-jin,Ha Yeon-Soo,ACTOR
1466358,tm1020073,Nate Hitpas,Walter,ACTOR
65749,tm96168,Gauahar Khan,"Special Appearance in ""Parda"" Song",ACTOR
100742,ts225855,Yoon Chan-young,Lee Cheong-san,ACTOR
866162,tm1102570,Chioma Chukwuka Akpotha,,ACTOR
66323,tm72587,Mani Ratnam,,DIRECTOR
9514,tm442199,Shu Qi,Lin Lan,ACTOR
930892,tm444247,Anita Hill,Herself,ACTOR
703700,ts57705,Dajana Čuljak,Hana Mašić,ACTOR
911054,tm824331,Andy Animal,Bearded Man,ACTOR
44199,ts254928,Kim Sung-kyun,Park Beom-gu,ACTOR
87033,tm428557,Larry Clarke,Ellen's Attorney,ACTOR
18233,tm78767,Candace Kita,Hooters Girl,ACTOR
15281,tm434553,Sam Daly,O'Malley,ACTOR
85471,tm459512,Noah Centineo,Peter Kavinsky,ACTOR
1449366,tm283938,Mihai Smarandache,,ACTOR
45006,tm571805,Sinqua Walls,Matt Walker,ACTOR
1071385,tm856372,Nadia Malaika,والدة حسام,ACTOR
183522,tm1121098,K Brosas,Honey,ACTOR
148998,tm296398,Kim Myung-gon,Teacher Ri,ACTOR
3070,tm134967,T. J. Miller,Tuffnut (voice),ACTOR
813907,ts68146,Liz Gloyn,Herself - Lecturer in Classics,ACTOR
197687,tm155761,Navneet Nishan,Mrs Pinto,ACTOR
16278,tm885775,Amy Sedaris,Mimi Kanassis,ACTOR
36317,tm418039,Liam O'Brien,Doctor Strange (voice),ACTOR
66113,tm949267,Fabián Arenillas,Director Hospital,ACTOR
338535,tm191614,Safia El Emary,Averroes' Wife,ACTOR
2145252,tm1031976,Aeklavya Tomer,Asif Aslam,ACTOR
1051885,ts87599,Deng Yuli,Song Qi Qi,ACTOR
16243,ts92726,Jesse Williams,Himself,ACTOR
162008,tm1173806,Renji Panicker,Roy Mathew,ACTOR
1598533,tm837756,Kevin Bello,Giovanni,ACTOR
23498,tm244174,Myles Humphus,Black Chalk Mercenary,ACTOR
699229,tm244310,Gayathri Krishna,Eswari,ACTOR
2254407,ts88613,Nikita Mazepin,Self,ACTOR
55319,tm975741,Keith Wickham,Shellington/Inkling (Voice),ACTOR
1895023,tm420348,Paris Peterson,Justin,ACTOR
234437,tm863280,Fatin Afeefa,Rosnani,ACTOR
10569,tm228242,Miley Cyrus,Herself,ACTOR
1266916,tm244149,Johnny Potenza,Wedding Wise Guy #3,ACTOR
53846,ts216679,Ruth Gemmell,Lady Violet Bridgerton,ACTOR
64512,tm159912,Tinnu Anand,Nathu (Kaka),ACTOR
37911,tm40860,Stephen Kramer Glickman,Gustavo Rocque,ACTOR
24500,tm409618,William Ragsdale,Ron Truelove,ACTOR
95709,ts21688,Lee Si-young,Oh Min-ji,ACTOR
19125,tm32982,Ian Pirie,Babet,ACTOR
385349,tm469991,Pascal Rocher,Le pianiste aveugle (voice),ACTOR
315,tm152273,Nobuhiko Okamoto,Ivan Karelin / Origami Cyclone (voice),ACTOR
145940,tm76399,Maryo J. de los Reyes,,DIRECTOR
5277,tm426638,Elizabeth Debicki,Virginia Woolf,ACTOR
14445,tm145608,Barton Heyman,Bert,ACTOR
1850590,tm984204,Ben Hicks,Coroner,ACTOR
164741,tm272666,Maricar Reyes,Cristina,ACTOR
1299102,tm845850,Patrick Mena,,ACTOR
980627,tm443179,Brian Andrus,High School Student,ACTOR
11161,tm1142224,Paloma Baeza,,DIRECTOR
209496,tm836674,Lucie Guest,Ms. Cartwright,ACTOR
194902,tm49865,Vasan Bala,Messenger at Airport,ACTOR
1171700,tm190788,Paul Bateson,Radiologist's Assistant (uncredited),ACTOR
14299,tm813695,Roger Kumble,,DIRECTOR
782648,ts223895,Lee Kyoo-hyung,Jo Kang-Hwa,ACTOR
1147458,tm475836,Mike Diva,,DIRECTOR
2080328,tm1099969,Caleb Arnolds,Streetkid,ACTOR
100699,ts238316,Lee Seung-gi,,ACTOR
239201,tm186161,Shiv Panditt,Shiv,ACTOR
206205,tm240895,Andrene Ward-Hammond,,ACTOR
1295565,tm420800,Édouard Sulpice,Pubard 1,ACTOR
21382,tm244403,Shaun Benson,Sonny,ACTOR
270957,tm155382,Sandeep Mohan,,DIRECTOR
729221,ts269157,Ben Brafman,Self,ACTOR
394605,tm85689,Hiten Tejwani,,ACTOR
121984,tm374357,Ruth Fallon,Coach Caitlyn,ACTOR
25402,tm927480,Ian Somerhalder,Self,ACTOR
7382,tm1158704,Tyler Perry,,DIRECTOR
837617,tm846964,Amy Gordon,Gallery Owner,ACTOR
207734,tm245176,Jude Poyer,Combat Medic (uncredited),ACTOR
8898,tm40319,Joel David Moore,Craig,ACTOR
10296,tm370212,Elizabeth Hawthorne,Christine,ACTOR
6354,tm176356,Scott Glenn,The Wise Man / The General / The Bus Driver,ACTOR
1561106,tm410742,Anita Crucitti,Assuntina,ACTOR
903258,tm447963,Alan Castanaga,Friendly Orderly,ACTOR
1151823,tm931701,Pearl Okorie,Peace,ACTOR
23642,tm28905,Chris Moss,German Producer,ACTOR
67889,tm44530,Ashwin Mushran,Rohit Khanna,ACTOR
7436,tm986168,Marlene Forte,House on Fire Caller (voice),ACTOR
161,tm159362,Essence Atkins,Kisha,ACTOR
2232249,tm1150800,Mnyamezeli Nconjwa,Store Owner,ACTOR
12448,tm166548,Daniel Stevens,Francisco Barbosa,ACTOR
1546035,tm1101878,Zya Acala,Young Kelsey,ACTOR
21065,tm285340,Alex Karpovsky,Styvesan,ACTOR
27993,ts20457,Mindy Sterling,Lin Beifong (voice),ACTOR
24925,tm868777,Jed Rees,Bill Jones,ACTOR
42559,ts75676,Diego Martín,Enrique Otegui,ACTOR
16204,tm180542,Treat Williams,James Conway O'Donnell,ACTOR
244563,tm817504,Naomi Grossman,Janice,ACTOR
57814,ts80410,Hiroyuki Onoue,Daisuke Yamaji,ACTOR
815003,tm186408,Christina Britto,Chidetoni,ACTOR
206665,tm273933,Kate Berlant,,ACTOR
13251,ts84646,Lars Ranthe,Tom,ACTOR
654800,tm974366,Brian Coughlin,Head Guard / Laughing Alien Guard,ACTOR
10209,tm75544,Rajendranath Zutshi,Monty Singh,ACTOR
88185,tm897170,Stéphane Caillard,Chloé Diallo,ACTOR
19319,tm370392,Scott Cohen,Ron Elliman,ACTOR
23923,tm178712,Lidia Porto,Maria,ACTOR
63458,tm828570,Arif Zakaria,Ozzy,ACTOR
1803874,tm186408,Wathsala Ranasinghe,Doholani,ACTOR
123411,tm898180,Pippa Bennett-Warner,Eileen,ACTOR
45745,tm111075,William Bronder,Milo Pressman,ACTOR
1254382,tm493556,Shubhankar Tawde,Yuvraj Kadam,ACTOR
144177,tm44530,Kitu Gidwani,Anisha Roy,ACTOR
664530,ts144323,Josiah Zayner,Self,ACTOR
86149,tm847430,Kikuko Inoue,Tsubasa Fujiyama (voice),ACTOR
1243038,tm458585,Dorothy Schock,Old Lady,ACTOR
2324382,tm1202960,Mike Lavin,,DIRECTOR
27,tm149747,Sophie Alexander-Katz,Reportera Guapa,ACTOR
1146890,tm837802,Ana Maia,Pessoa 13,ACTOR
2126628,tm1114205,Akpome Sunday,Priest Ijuma,ACTOR
861753,tm409376,Matthew Moreno,Jhoncito,ACTOR
6764,tm233484,Craig Ferguson,Giles (voice),ACTOR
807837,tm326723,Tony Moreira,Prison Visitor,ACTOR
7063,tm57554,Bryan Cranston,War Department Colonel,ACTOR
600711,tm412550,Jon Rudnitsky,Mike,ACTOR
1975644,tm1045018,Dashawn Francis,Hawa,ACTOR
370663,tm351216,Linda Kasabian,Self,ACTOR
86863,ts83082,Aisling Bea,Kate Elliot,ACTOR
2338,tm370392,Jared Sandler,Jared,ACTOR
133044,tm139564,Brock Yurich,Kyle,ACTOR
8212,tm160815,Tim Burton,,DIRECTOR
28164,ts26776,Ikue Otani,Candy,ACTOR
1227525,tm451852,Davina Karamoy,Syifa,ACTOR
17264,tm821164,Adi Shankar,Himself,ACTOR
8658,tm35463,Nick Cassavetes,Man in Derek's Salon (uncredited),ACTOR
641505,tm376421,Noémie Nakai,Furuno,ACTOR
232710,tm1106900,Nia Dinata,,DIRECTOR
227610,tm832903,César Rodrigues,,DIRECTOR
11743,tm22327,Papillon Soo,Da Nang Hooker,ACTOR
275020,tm451269,VJ Mendoza,Princess,ACTOR
30071,tm90864,Steven M. Gagnon,Air Marshall,ACTOR
212508,tm834653,Bashir El Deek,,DIRECTOR
246888,ts321758,Yoo Teo,Jerome / Park Su Chan [Mercenary Soldier],ACTOR
652610,tm408890,Alicia Fernández,Leticia,ACTOR
1134125,tm191989,Mark Todd Bruner,FBI Agent (uncredited),ACTOR
294891,tm177645,Binnur Kaya,,ACTOR
468971,tm244513,Mohamed Ourdache,,ACTOR
245474,tm358666,Kay Kysela,Wanda's boyfriend  (uncredited),ACTOR
1027166,tm56574,Michelle Blakely,Shopper,ACTOR
65390,tm498034,Doug Benson,Self,ACTOR
278816,tm1107912,Teng-Hui Huang,Liu,ACTOR
684353,tm420745,Aidan Ritchie,Randy,ACTOR
26075,tm214825,Tina Parker,Mary Todd Lincoln,ACTOR
22310,ts87466,Natsuki Hanae,Tanjiro Kamado (voice),ACTOR
1971949,tm457410,Ahmet Ak,Kunduz,ACTOR
360231,ts80059,Colin Tierney,Narrator,ACTOR
1512353,tm205935,Edward J. Delmore III,Club Goer (uncredited),ACTOR
2045127,ts38812,Renato Nunes,Self,ACTOR
908243,tm429186,Álvaro Roig,,ACTOR
32725,tm137143,Rebecca Tilney,Laura the CRS Tech,ACTOR
3308,tm84618,Martin Scorsese,Passenger Watching Silhouette,ACTOR
78325,tm321224,Sam Richardson,Donald,ACTOR
981261,tm821789,Kingston Vernes,Young Herman Mankiewicz (uncredited),ACTOR
44855,ts36630,Andrew Francis,Ty Rux (voice),ACTOR
1178590,tm359978,Kim Hyun-mok,Police Precinct Student #2,ACTOR
298393,ts83454,Lan Cheng-lung,Chen Wei-Lin,ACTOR
446950,tm48430,Steven Ho,Japanese Fishing Boat Crewman (uncredited),ACTOR
210,ts39014,Juri Kimura,Bess,ACTOR
213040,tm822246,Ashlee Brian,Avery,ACTOR
179213,tm112381,William Stephenson,Himself,ACTOR
38046,tm233648,Gary Howsam,,DIRECTOR
216330,tm446654,Nutan,,ACTOR
1907971,tm435520,Adalid Paredes Blanco,Old Man,ACTOR
44015,ts82631,David Asavanond,เด็ด,ACTOR
1344792,tm430666,Dato' Seri Vida,,ACTOR
903502,ts78789,Kato Shiho,Shiho Kato,ACTOR
86518,tm993838,Josh Lawson,,DIRECTOR
8015,tm135106,Burn Gorman,Priest,ACTOR
606883,tm275004,Karl Werleman,Middle Brook Police Officer #2,ACTOR
1700,tm475162,Ellen Burstyn,Miss Dolly,ACTOR
266396,tm421611,Mohamed Henedi,Fawzy/Fawaz,ACTOR
636267,ts220983,Ji Seung-hyun,Park Chi-do,ACTOR
77331,tm151663,Rick Garcia,Rick Garcia,ACTOR
1317555,tm851346,Christian Wormley,Jacob,ACTOR
187192,tm136308,Patty Jenkins,,DIRECTOR
854643,tm438423,Bob Jbeili,,ACTOR
178338,tm423666,Hao Ning,Er Shu,ACTOR
599892,tm143474,Harry Bradshaw,Bruno,ACTOR
1745089,tm145593,Silvia Santoyo,Bachelorette,ACTOR
139400,tm209987,Angela Ray,Paula,ACTOR
926236,ts83429,Sun Qian,时秒,ACTOR
838235,ts313849,Bobby Berk,Self - Host,ACTOR
1498011,tm898285,Tommy Orange,Himself,ACTOR
6354,tm79442,Scott Glenn,Ezra Kramer,ACTOR
819843,ts343432,Ece Çeşmioğlu,Yonca,ACTOR
71515,ts215166,Naomi Nishida,,ACTOR
1538,tm28905,Will Forte,Otto,ACTOR
592038,tm205890,Ines Boughanmi,French Journalist (uncredited),ACTOR
15896,ts288536,Matt Lucas,Himself - Presenter,ACTOR
192910,tm983658,Gloria Estefan,Self,ACTOR
87728,tm474263,Nikki Glaser,,ACTOR
1358810,tm351214,Alma Oseguera,Herself - Juan's Girlfriend,ACTOR
140375,tm183654,June Lam,Tomboy girl,ACTOR
16117,ts88578,Katherine Heigl,Tully,ACTOR
171497,tm239290,Jairus Aquino,,ACTOR
2045168,ts38812,Cody Nance,Self,ACTOR
993791,tm358949,Ally Williams,Reporter 2,ACTOR
77533,tm41792,Sammi Rotibi,Rodney,ACTOR
715006,ts89656,Feng Jian Yu,Zhang Yu Tang,ACTOR
84845,tm827638,Alexia Ioannides,Brianna Dannelly,ACTOR
11511,tm32885,Steven Mackintosh,James McKinley,ACTOR
1288502,tm1093099,Heather McMahan,Kerry,ACTOR
2294223,tm473502,Sheryl Bennett,Vidhya Srikkanth,ACTOR
140,ts20682,Ayane Sakura,Gabi Braun (voice),ACTOR
61021,tm182125,Farhan Akhtar,Imran Qureshi,ACTOR
191042,tm233482,Liu Tao,Keyi Lan,ACTOR
6748,tm232500,Christopher Mintz-Plasse,Sid (uncredited),ACTOR
131408,tm135451,William C. Fox,School Teacher (uncredited),ACTOR
1659837,tm943718,Shondiin Czosek,Tower Control,ACTOR
14441,tm190788,Jason Miller,Father Damien Karras,ACTOR
8416,tm145608,Alice Drummond,Lucy Fishman,ACTOR
1404785,tm857397,Mika Häkkinen,Himself,ACTOR
83,tm23977,Héctor Morales,Toño,ACTOR
1111091,tm420455,Andrea Susan Bush,Camp Counselor (uncredited),ACTOR
937021,tm444017,Aaron Cool,Metro Justice News Journalist,ACTOR
2180033,tm438423,Ricard Raphael Abad Sian,Dan's Friend 3,ACTOR
96276,ts220196,Parvesh Cheena,Zulius (voice),ACTOR
1049688,ts223240,Won Hyun-jun,Kim Hui-hun,ACTOR
1359535,tm919210,Karuna Kumar,Karuna,ACTOR
1202518,tm827501,Conway Solomon,Squeaky,ACTOR
1983119,tm845415,Paul Sidoti,Self,ACTOR
884773,tm443537,Anand Ingle,Vasant Kanetkar,ACTOR
710687,tm315344,Victor Serfaty,Diego,ACTOR
1812554,tm300713,Tachibana Kenchi,Nikaido,ACTOR
317039,tm425698,Harish Khanna,Nitin,ACTOR
17619,tm823355,Deon Lotz,FBI Dir Briggs,ACTOR
58417,tm1134006,Terence Bernie Hines,Additional Cast,ACTOR
591415,tm244149,Dascha Polanco,Nurse,ACTOR
141330,tm854454,Lalu Alex,Manuel,ACTOR
612190,tm326723,Richard Donelly,Stan Moetek,ACTOR
17439,tm448792,Phillip Jarrett,Cashier (1997),ACTOR
684714,tm445255,Ammy Virk,Shivjit Singh,ACTOR
1094627,tm467467,Larry Allen,Drumline,ACTOR
31103,tm403709,Matthew Shear,Terry - Theater Actor,ACTOR
515,tm143642,Stephan Kampwirth,Martin Böhmer,ACTOR
4399,tm1075698,Jaeden Martell,Kevin Schlieb,ACTOR
1931768,tm1017664,Mauro Macedonio,giornalista,ACTOR
812957,ts288861,Pranapong Khaisang,Tod,ACTOR
269191,tm451269,Akihiro Blanco,Michaelangelo,ACTOR
3910,ts56481,John Michael Higgins,Chuck,ACTOR
98979,tm1110150,Brittany Hobson,Brianna,ACTOR
268424,tm986017,Lung Shao-Hua,Bart/Big-Bar,ACTOR
1320378,tm851862,Fernando Garzafox,,ACTOR
13898,ts272980,Stephen Campbell Moore,Damian,ACTOR
141689,tm465427,Johnny Revilla,Governor Villanueva,ACTOR
92439,tm894619,Donna Lynne Champlin,Barb,ACTOR
134347,tm366019,Joel Saracho,Good Samaritan,ACTOR
653936,tm244174,Kwak Jin-seok,Mirando Employee,ACTOR
322816,ts75981,Louis Mountbatten,Himself (archive footage),ACTOR
1094679,tm467467,Corbin Hunter,Dancer,ACTOR
157541,tm856424,Subhalekha Sudhakar,,ACTOR
590558,ts42477,Thorsten Merten,Henning,ACTOR
896480,ts58433,Julian Hilliard,Young Luke,ACTOR
1140387,ts245653,Aurora Gil,Lola,ACTOR
424188,tm233317,John H. Mayer,Pharmacist,ACTOR
857201,tm363922,Grigory Perel,Pushkin,ACTOR
457110,tm832289,Binta Ayo Mogaji,Mama,ACTOR
345564,tm311494,Andrea Molaioli,,DIRECTOR
53151,tm181092,Saif Ali Khan,Ranvir Singh,ACTOR
158357,tm205333,Joan Palisoc,Georgina's Friend,ACTOR
253150,tm234069,Ferit Aktuğ,Polis,ACTOR
443952,ts225860,Bjørnar Teigen,,ACTOR
46069,tm425732,Edie Falco,Helene,ACTOR
253003,tm1110527,Yahya Gaier,Nas (40 years),ACTOR
841714,tm457410,Feriha Eyüboğlu,Balikçida Bogulan Kadin,ACTOR
234999,tm1066826,Roe Hartrampf,Prince Charles,ACTOR
1541,tm164877,Kathy Bates,Gertrude Stein,ACTOR
1911,tm159310,Octavia Spencer,Mrs. Battle,ACTOR
86191,tm243326,Mark O'Brien,Cyrus Frear,ACTOR
149227,tm129763,Nellai Siva,Street theatre performer,ACTOR
348754,tm371622,Malena Pichot,Comedian,ACTOR
78058,tm175843,Trevor St. John,Alex Holcombe,ACTOR
165359,tm838876,Laila Odom,Chief Honey,ACTOR
135315,tm81270,Bishop Don Magic Juan,Himself,ACTOR
21313,ts55645,Lawrence Kasdan,Self,ACTOR
130073,tm244368,Taylor John Smith,Tyler Hanson,ACTOR
1075773,ts89336,Deanne Degruijter,,ACTOR
1513739,tm204035,András Ábel,Pilot,ACTOR
33349,tm458326,Barbara Alyn Woods,Jenna Walters,ACTOR
4520,tm154187,Kelly Reilly,Mary Morstan,ACTOR
2279704,ts284702,Justin Stratman,"Self. Boston Latin School, Class of 1990 / Witness",ACTOR
821467,tm822502,Diego Pignataro,,DIRECTOR
1484998,tm173624,Matt Fairbairn,Harold Goldberg,ACTOR
65942,tm942277,Jeremy Grant,,DIRECTOR
760798,ts223242,Kim Do-hyung,,DIRECTOR
339056,tm318641,David Christian Welborn,Evil Posse #6,ACTOR
5647,tm150260,Lori Alan,(voice),ACTOR
115686,ts38758,Soma Saito,Takeshi Kotobuki,ACTOR
1289880,tm873159,Ju Xiaowen,The Eye Demon,ACTOR
15910,tm462551,Paz Vega,Pili,ACTOR
3262,tm413169,David Wenham,Johnny Town-Mouse (voice),ACTOR
22417,tm929630,Tyra Ferrell,Alison Wilks,ACTOR
37121,tm173624,Joy Behar,"Dr. Lucille ""Lucy"" Gilbert",ACTOR
11283,tm245271,Yuki Kaji,Kei Kurono (voice),ACTOR
1542517,tm138875,Stacey Katzin,Hostess,ACTOR
42011,ts313902,Christian Ulmen,Himself,ACTOR
9877,tm196125,Beth Behrs,Brooklyn,ACTOR
402899,tm1110389,Marvin Ishmael,,ACTOR
651366,tm200690,Mieko Wertheim,Ubasute Old Woman #3,ACTOR
511561,tm94651,Abhimanyu Sharma,,ACTOR
3226,tm122434,Charles Boswell,Aging Hippie,ACTOR
87433,tm244149,Lou Martini Jr.,Copa Guest #3,ACTOR
89697,tm356742,Ron Funches,Cooper (voice),ACTOR
68523,tm159593,Mohammed Zeeshan Ayyub,"Manish ""Monu"" P. Bharadwaj",ACTOR
62096,tm233317,Charles Robinson,Police Captain,ACTOR
134661,tm316658,Nicole Balsam,Courtney,ACTOR
459149,tm411415,Steve Gaines,Himself,ACTOR
1621520,tm54780,Yuki Hayashi,Criminal B (voice),ACTOR
125337,ts288832,Haley Tju,Alia (voice),ACTOR
1518759,tm1000619,Radha Krishna Kumar,,DIRECTOR
1275864,tm417416,Ivy Dubreuil,Young Abby,ACTOR
247954,tm470687,Fernando Ayllón,,DIRECTOR
114056,tm143984,Deborah Grant,Doris,ACTOR
1320536,tm263743,Aslam Abad,Ust. Mahfud,ACTOR
5292,ts320302,David Beckham,Self,ACTOR
48003,tm111226,Akshay Kumar,Guru Gulab Khatri,ACTOR
59355,tm275004,Noam Jenkins,Sylvio Dipietro,ACTOR
1698,tm57554,Matt Damon,Private James Francis Ryan,ACTOR
1118,tm856378,Melanie Lynskey,June Mindy,ACTOR
1184081,tm1037800,Iban del Campo,,DIRECTOR
23054,ts41149,Debra Winger,Maggie,ACTOR
43214,ts58152,Sergio Peris-Mencheta,Nicolau Emeric,ACTOR
163035,tm351931,Beattie Edmondson,Sarah Francis,ACTOR
28171,tm14873,Raymond Johnson,Big Black Man (uncredited),ACTOR
389593,tm421776,Ronnie Coleman,,ACTOR
112555,tm39606,Veena Malik,Special appearance,ACTOR
43058,ts41151,Shota Sometani,绪方 健治,ACTOR
646208,ts83107,Jacky Lai,Kaylee Vo,ACTOR
798778,ts16045,Keith Klebacher,Keith Klebacher,ACTOR
224916,tm348191,Julia Barretto,Mika,ACTOR
63899,tm192037,Rue McClanahan,Biology Teacher,ACTOR
11691,tm947555,Maya Rudolph,Andrea Steele,ACTOR
2056859,tm1046932,Hanazumi,Hospital Worker,ACTOR
189445,tm126791,Hasan Abduselam,,DIRECTOR
1876100,tm1048362,Garrett Marcantel,Rooftop Agent #2 Bob,ACTOR
233266,tm295558,Maite Alberdi,,DIRECTOR
1651078,ts251028,Guan-Zhi Huang,,ACTOR
631148,tm244307,Brandon Larracuente,Mike (Dorghu's Son),ACTOR
1389308,tm409817,Anushree Kushwaha,Sales Girl,ACTOR
51872,tm151860,Danil Ishutin,Himself,ACTOR
385328,tm813695,Karimah Westbrook,Karen Scott,ACTOR
1945109,ts224786,Juan Carlos Arango,"Jaime ""El Mane"" Molina",ACTOR
50967,tm102337,Parker Bagley,Paxton,ACTOR
48984,tm201906,Dominique Van Malder,Manu Dewaey,ACTOR
122865,tm998188,Ana Milán,Anfitriona,ACTOR
476868,tm8446,Charles Page,Foot Soldier,ACTOR
1269594,tm869475,Ashlesha Thakur,Aditi Giri,ACTOR
4051,tm844250,Tabu,Yasu,ACTOR
6322,ts220983,Park Ye-jin,Queen Sindeok,ACTOR
195832,tm62210,Toshihiro Yashiba,Kubo's Husband,ACTOR
157511,tm181366,Julia Kassar,Marie,ACTOR
78285,tm828069,Liam Carney,Fannigan,ACTOR
2236025,tm370436,Stacey Te Hau,Jordan's Mum,ACTOR
20562,tm178712,Katt Williams,Blaine Fulda,ACTOR
1303816,tm438502,Diego Montero,,ACTOR
1277259,tm843768,Suri Marrero,,ACTOR
2427,tm1064228,Paul Reiser,Paul,ACTOR
8517,tm835512,David Koechner,Mr. Meaner,ACTOR
20370,tm192199,Melinda Clarke,Jessica Priest,ACTOR
2353270,tm320670,Julien Muller,Bookie (voice),ACTOR
131188,tm558730,Austin Brooks,Dr. Brooks,ACTOR
787412,ts273436,Sandra Tanner,Self - Researcher and Critic of Mormon History,ACTOR
637070,tm849871,Liss Pereira,,ACTOR
33708,tm233317,Darryl Stephens,Rene,ACTOR
401254,tm33729,Shivaji Satham,Arjun Bajaj,ACTOR
23647,tm28905,Aaron Hendry,Pim Scutney,ACTOR
706950,tm55303,Emiko Parise,Nurse,ACTOR
1184682,tm414341,Faheem Vally,Driver,ACTOR
26293,ts56718,Humberto Busto,Don Sol,ACTOR
245719,ts92547,Birkan Sokullu,Giovanni Giustiniani Longo,ACTOR
103880,ts26776,Misato Fukuen,Miyuki Hoshizora,ACTOR
230786,ts343404,Anshai Lal,,DIRECTOR
22610,tm157853,Scott Wickware,Clerk / Baliff,ACTOR
653429,tm176630,Rosalynn Carter,Self (archive footage),ACTOR
37774,tm860261,Janel Parrish,Margot Song Covey,ACTOR
185521,tm451548,Junichi Okada,Akira Sato (Fable),ACTOR
592751,tm472766,Sandra Corveloni,Amélie,ACTOR
125594,ts38415,William Belleau,Dimanche,ACTOR
191880,tm215911,Ranodeep Bose,Babai,ACTOR
1571415,tm864480,Lara Saori Galán,Girl - Captain Shield,ACTOR
64433,tm101609,Darshan Jariwala,Ramnath Rai,ACTOR
366905,ts57822,Seb Cardinal,Duty Officer Patrick,ACTOR
1047382,tm414285,Lila Onori,Susan Broberg,ACTOR
980032,tm431347,Donna Howard,Self (Archival Footage),ACTOR
861095,ts251783,Makenzie Lee-Foster,Self,ACTOR
141680,tm28024,Matet De Leon,Zoila,ACTOR
842583,ts251028,Luo Guangxu,,ACTOR
595489,tm74780,Noel Gugliemi,Mechanic,ACTOR
119174,tm349803,Chris Smith,,DIRECTOR
31990,ts82843,Adam Mayfield,Rankle,ACTOR
15481,tm675820,Stephen Merchant,Miika (voice),ACTOR
23085,tm428558,Glenn Fleshler,Intimidating Seton Colleague,ACTOR
1047703,tm826473,Li-Tung Chang,Oden,ACTOR
1682457,tm887376,Keith Norton,Additional Voices,ACTOR
143310,tm233570,Valerie Concepcion,"Editha ""Edith"" Villavicencio",ACTOR
56977,tm295177,Luis Mottola,Ernesto,ACTOR
79177,tm147518,Leandro Firmino,Himself,ACTOR
53806,tm88382,Madeline Zima,Brianna,ACTOR
3252,tm68191,Lars Rudolph,Kammerdiener Heinz Linge,ACTOR
26990,tm133767,Jeanne Moreau,Taxi passenger Marseille Airport (uncredited),ACTOR
22928,tm233345,Lorraine Toussaint,Nichelle,ACTOR
62346,tm244317,Michael B. Silver,Dr. Weiner,ACTOR
196241,tm814953,Christian Sugiono,Kommers,ACTOR
14255,tm190788,William Friedkin,,DIRECTOR
130191,tm925584,Aleksei Archer,Miranda,ACTOR
125692,tm34331,Bruce Katzman,Averick,ACTOR
50599,tm171228,Kirk Hammett,Himself,ACTOR
35983,tm80059,Fumiko Orikasa,Miroku (voice),ACTOR
22618,tm102740,Will Lyman,Frontline Narration App,ACTOR
23092,tm266685,Paul Sado,Record Company Executive,ACTOR
1690,tm548602,Matthew McConaughey,Matthew McConaughey,ACTOR
14174,tm321703,Candice Bergen,Lillian Stewart,ACTOR
698983,tm867681,Alka Kaushal,Mrs. Kashyap,ACTOR
511857,tm119281,Ken Mayer,Sheriff Smoot (uncredited),ACTOR
1983539,tm370144,Doug the Pug,Monchi,ACTOR
59657,ts84542,Nam Jung-hee,Ji Hee's grandmother,ACTOR
140451,tm166723,Miles Ocampo,Rose Magtalas,ACTOR
1421,ts53106,Marcel Hensema,B. V. A. Röling,ACTOR
363724,tm1082314,Reggie Miller,Self,ACTOR
1555353,tm893480,Mike R. Moreau,Telios Guard (uncredited),ACTOR
59297,ts80411,Lee Han-wi,Ha Ki-Ho,ACTOR
1044499,tm910040,Ava Eisenson,Noor,ACTOR
140331,tm372318,Norbert Ferrer,Mr. Lhermitte,ACTOR
14961,tm461159,Lucy Hale,Zoe Bell (voice),ACTOR
922264,tm332071,Valentina Gordon,Ghostly Daughter,ACTOR
1054334,tm368699,Abby Glover,Pamela Sue Reaster,ACTOR
238725,tm300027,José Troncoso,Carlos,ACTOR
1760312,tm150928,Erin Stone,High School Girl in Courtyard,ACTOR
1298827,ts89832,Kang Ye-seo,Jang Hee Jin [Young],ACTOR
1348476,tm849131,Sonny Louis,Dunn,ACTOR
118910,tm62385,Jayshree T.,Krishna,ACTOR
297967,ts20238,Youming Huang,Zheng Qi,ACTOR
181860,tm176507,Dimitry Elyashkevich,Self,ACTOR
94292,ts30083,Ryohei Kimura,Hideki Hinata,ACTOR
73057,tm453903,Francesc Orella,Padre Marcela,ACTOR
877566,tm1166015,Francesco Gheghi,Leone Ferrari,ACTOR
122031,tm168869,Judith Lucy,Santa's Helper,ACTOR
1882534,ts315144,Shash Hira,(voice),ACTOR
22310,ts57811,Natsuki Hanae,Sieg,ACTOR
86694,tm816038,Yui Ishikawa,Violet Evergarden (voice),ACTOR
325404,tm880822,Atsumi Tanezaki,Mace Flower,ACTOR
344954,tm213681,Lee Chae-eun,Joo-yeon's colleague,ACTOR
1843379,ts29581,Sora Ma,Sun Mingwei,ACTOR
312025,tm443615,Pippa Winslow,Mrs. Jean Cabot,ACTOR
64436,tm184326,Rajkumar Santoshi,,DIRECTOR
1573303,ts272134,Bill Rogers,Wheeljack (voice),ACTOR
771840,tm52815,Amarnath Mukherjee,Stage Show Producer,ACTOR
612977,tm925218,Qiao Shan,"""Paper"" [Voice]",ACTOR
124584,tm1031976,Amruta Subhash,Ankita Malaskar,ACTOR
43107,tm1134006,Donald Trump,Self (archive footage),ACTOR
1414314,tm895839,Niccolò Celaia,,DIRECTOR
1971931,tm457410,Fatih Kiliç,Bahisçi,ACTOR
9754,tm182429,Danny Le Boyer,Korean Commando (uncredited),ACTOR
668579,tm895839,Saul Nanni,Marco,ACTOR
347578,tm37546,Logan Arens,(voice),ACTOR
122863,tm299504,Javier Calvo,,DIRECTOR
1479856,ts238242,Pablo González,,DIRECTOR
160959,tm318492,Büşra Pekin,Mualla,ACTOR
232109,tm161804,Nur Fettahoğlu,Kadın,ACTOR
11310,tm420826,Brandon O'Dell,Reporter #2,ACTOR
776886,tm142856,Andrew Comrie-Picard,Car Crash Driver,ACTOR
322086,tm158304,Jimmy Chung,Minnesota Health #2,ACTOR
714203,tm314272,Natalia Kreuser,Amiga de Katrina 3,ACTOR
77543,tm41792,Grace Collins,Grace Bennett,ACTOR
3830,tm169949,Ron Canada,Dr. Walsh,ACTOR
66824,tm312738,Neeru Bajwa,Esh,ACTOR
21909,tm24110,Jack Blessing,Dr. Dorfman,ACTOR
714210,tm314272,Laila Coelho,Fã 1,ACTOR
33881,tm886086,Isaac Florentine,,DIRECTOR
1075084,tm414595,Anita,,ACTOR
2036,tm111075,Scott Beach,Mayor Grundy,ACTOR
3984,ts33840,Kaori Nazuka,Sakishima Akari,ACTOR
366799,tm102740,Patrick Ferrell,Precinct Detective #2,ACTOR
1777734,tm976168,Elias Cuzens,,ACTOR
8353,tm53999,Crispin Glover,Fifi (voice),ACTOR
23051,tm57169,Cathleen Summers,Self,ACTOR
1314,tm22327,Ed O'Ross,Lt. Touchdown,ACTOR
684062,tm476496,Sagar Karande,,ACTOR
85743,ts36550,Amy Pemberton,Gideon,ACTOR
138721,tm240162,Abhishek Chaubey,,DIRECTOR
1914843,tm873159,Wang Qing,The Hair Demon,ACTOR
6118,tm76066,John Jabaley,Announcer,ACTOR
790130,tm358746,Karen Slater,Brooke,ACTOR
93212,tm374132,Happy Anderson,River Man,ACTOR
4395,tm1164320,Kirsten Dunst,Self (Archival Footage),ACTOR
6888,tm318206,Gerard Butler,Det. Nicholas O'Brien,ACTOR
759932,tm190811,Jackie Old Coyote,Apache Vision Woman,ACTOR
1417005,tm165593,Donna Cooper,Reporter,ACTOR
150754,tm344089,Vinod Mehra,,ACTOR
78248,tm148671,Arthur Gerunda,Dani,ACTOR
334409,tm96052,Matías Desiderio,Pablo,ACTOR
59080,tm981451,Bong Joon-ho,Self (archive footage),ACTOR
5735,tm548602,Adam Scott,Adam Scott,ACTOR
265699,tm189171,Cecilia Dopazo,Mariana,ACTOR
10705,tm19673,Peter Woodward,Charles O'Hara,ACTOR
95458,tm181081,Takato Kitamoto,Japanese Officer,ACTOR
1331015,tm1001267,Valery Smekalov,Hanzel (voice),ACTOR
67789,tm493511,Shonali Bose,,DIRECTOR
231014,tm192037,Christopher Curry,Mr. Bill Rico,ACTOR
967972,ts84179,Roby Checa,Himself,ACTOR
247671,tm430059,Kit Thompson,Darwin,ACTOR
9193,ts257873,Miah Madden,Maddie,ACTOR
5565,ts55645,Paul Greengrass,Self,ACTOR
67389,tm1064228,DeWanda Wise,Lizzie aka Swan,ACTOR
1354540,ts86296,John O'Shea,Himself,ACTOR
4276,ts26322,Eri Kitamura,Ami Kawashima (voice),ACTOR
697584,tm963182,Cole Sand,,ACTOR
1355083,tm158304,Raphael Baunaquis,Police Officer (uncredited),ACTOR
57416,tm96037,Kazuhiko Inoue,Kakashi Hatake (voice),ACTOR
605931,tm188606,Mzuri,Lucy,ACTOR
493971,tm14350,Ahmad Abdel Waress,,ACTOR
68298,tm821662,Mamukkoya,Sameer's Father,ACTOR
19604,tm918706,Jazz Mann,King of Moldana,ACTOR
138049,tm151332,Taheya Cariocca,Tahia,ACTOR
8499,tm947555,Jane Lynch,KJ Dillard,ACTOR
327959,tm824160,Michael Chandler,'The Pastor' Cyrus Miller,ACTOR
64508,tm340587,Sonakshi Sinha,Maya Sinha,ACTOR
604275,tm365122,Chris Angerdina,Pedestrian,ACTOR
541,ts6644,Lars Mikkelsen,Søren Ravn,ACTOR
6413,ts256898,Eskindir Tesfay,Assistent Freddi,ACTOR
1077217,ts297061,Malik Nejer,,DIRECTOR
741270,tm69915,Sujata Sehgal,Journalist,ACTOR
5845,tm472411,Michelle Yeoh,Herself (archive footage),ACTOR
1408849,tm270982,Hassan Akkouch,Zine,ACTOR
237055,ts301964,Chris Wood,Self,ACTOR
937211,ts104485,Perth Tanapon Sukhumpantanasan,Krit,ACTOR
46233,tm244758,Pearce Quigley,Oscar,ACTOR
100699,ts76753,Lee Seung-gi,Son O-Gong,ACTOR
864864,tm244635,Mauricio Pinto,,ACTOR
141188,tm1020293,Mona Zaki,,ACTOR
105257,tm43399,A.K. Hangal,Shambukaka,ACTOR
4108,tm244149,Steve Routman,Hoffa's Attorney - George Fitzgerald,ACTOR
1004048,tm208713,Saanvi Talwar,Reporter,ACTOR
352944,ts82631,Sumret Muengput,เหนือ,ACTOR
36847,tm10811,Zandy Hartig,Jean,ACTOR
165001,tm312767,Katy Townsend,Silvi Timberwolf (voice),ACTOR
375728,tm22294,Ken Kramer,Mr. Murray,ACTOR
131946,tm374454,Emily Klassen,Sister Grace,ACTOR
855657,tm138667,Shailaja,,ACTOR
702423,tm1185687,Elani Dekker,Christine,ACTOR
815971,tm318206,Cooper Andrews,Mack,ACTOR
31953,tm12499,Vaughn Armstrong,Trooper,ACTOR
279255,ts20918,Ken Lawson,Tyrell Radcliff,ACTOR
104375,tm49037,Yoshiyuki Tomino,,DIRECTOR
73577,tm211510,Mark Henry,Bouncer #2,ACTOR
126383,ts221749,Mitsuhiro Ichiki,Kasukabe (voice),ACTOR
1206625,tm1048362,John Bubniak,Douchey Young Guy Chris,ACTOR
31897,tm48083,Quim Gutiérrez,Marcos,ACTOR
97750,tm373134,Hakan Algul,,DIRECTOR
74844,tm425889,Jesse Luken,"Drover (segment ""Near Algodones"")",ACTOR
175796,tm467848,Mei Nagano,Asha / Kotona (voice),ACTOR
29142,tm423593,Oka Antara,Farish,ACTOR
5259,ts52830,Alexis Bledel,Rory Gilmore,ACTOR
199054,ts77795,Tara Lynne O'Neill,Ma Mary Quinn,ACTOR
231084,tm188290,Daniel Padilla,Ivan Lacson,ACTOR
1294141,tm472231,Nabila Bintang,Tari,ACTOR
34447,tm406111,Dennis Keiffer,Manno's Sidekick #1,ACTOR
1424028,tm57610,Pariva Pranati,Soniya Kapoor,ACTOR
80603,tm119111,Tomás Böhm,Reaper,ACTOR
80610,tm119111,Jaroslav Peterka,Choad,ACTOR
234983,tm898474,Sofian Khammes,Karim,ACTOR
96636,tm813936,Andrew Santino,Himself,ACTOR
26471,tm138792,Tishuan Scott,Lorenzo,ACTOR
22611,tm31290,Christian Potenza,Frank Ramsey,ACTOR
351687,tm106278,Annie Boon,Waitress (uncredited),ACTOR
144388,tm75975,Lekh Tandon,,DIRECTOR
119071,tm950808,Jagapati Babu,KSK,ACTOR
1330853,tm979026,Ricardo Zayas,Hospital Man #1,ACTOR
234190,ts35563,Staz Nair,William Dey,ACTOR
864605,tm313683,Carlos Cristino,Manager,ACTOR
298029,ts88296,Robin Boissevain,Roderick van Hall,ACTOR
199665,tm47530,Lakshmi,Krishnaveny,ACTOR
1817815,tm1141594,Uma Kaler,Female Student,ACTOR
159115,tm137379,Brandon Oldenburg,,DIRECTOR
933459,tm984204,Marque Hernandez,Homeless Guy,ACTOR
638898,tm232797,Richard Sanderson,Heinkel Spotter,ACTOR
43552,tm71119,David DeSantos,Bandito #3 Ricardo,ACTOR
1218810,ts237014,Géraldine Zivic,Rosario Castiblanco,ACTOR
1129937,tm954606,Felix Lobrecht,Self,ACTOR
813700,tm983730,Kevin Kwan,Self,ACTOR
663157,tm428483,Jameson Blake,Aries,ACTOR
322824,tm471878,Fernando Rodrigues,Pope,ACTOR
25519,tm1046627,Jason O'Mara,Dr. Collin Meade,ACTOR
706578,tm244174,Ann Evans,Nancy Mirando's Personal Hair Stylist,ACTOR
5889,tm270999,D.B. Sweeney,Pastor Allen Richardson,ACTOR
74997,tm16479,Glen Cargyle,Jeep Driver (uncredited),ACTOR
1055077,tm431214,Jassim Al Nabhan,,ACTOR
1324621,tm48430,Jonathan Dienst,Field Reporter,ACTOR
51980,tm182429,Andy Cheng,Korean Commando (uncredited),ACTOR
24532,ts58137,Ian James Corlett,Blinky / Sir Cumference / other (voice),ACTOR
246121,tm324588,Scott Moran,,DIRECTOR
11789,tm947555,Jordan Black,Parking Lot Attendant,ACTOR
214440,tm279585,Sydney Freeland,,DIRECTOR
1396,tm244148,Benedict Cumberbatch,Shere Khan,ACTOR
26948,tm233366,Nawazuddin Siddiqui,Martin Das,ACTOR
1090256,tm438423,Katte Sabate,Ms. Videoke,ACTOR
250832,tm233570,Vice Ganda,Natalia Thalia Nutreila / Erika Villavicencio,ACTOR
2268196,ts292446,Bhoomika Jain,,ACTOR
103222,tm145243,Ayan Mukerji,,DIRECTOR
214452,tm937265,Tiaré Scanda,,ACTOR
287219,tm449105,Ken Hall,Dr. Becker,ACTOR
776301,tm160361,Ramona Dobrin,Countess Lilyhook,ACTOR
1485391,tm173624,Stella Barrow,Stella Bass Band,ACTOR
465922,tm1048362,Zdeněk Pecháček,Old Security Guard,ACTOR
599549,tm1883,Anthony Sava,El Diablo (voice),ACTOR
595453,tm244788,James Kilgore,Self,ACTOR
229339,tm1037519,Ricardo Trogi,,DIRECTOR
396392,tm898180,Joy Richardson,Afia,ACTOR
1571279,tm864480,Axel Amores,Frozen Apartment Geo #2,ACTOR
64614,tm818502,María Ripoll,,DIRECTOR
251423,tm369594,Abby Quinn,Tulsey Town Girl 3,ACTOR
104212,tm444247,Jennifer Siebel Newsom,Herself,ACTOR
123808,tm290444,Baek Do-bin,Chief rescuer (uncredited),ACTOR
58893,tm139194,Cole Howard,Blarg (voice),ACTOR
84406,tm147913,Sachin Parikh,Tapasviji's Manager,ACTOR
17983,tm835869,Devon Sawa,Major Ronan Jackson,ACTOR
64108,tm95507,Mohnish Behl,Rajeev Sharma,ACTOR
7103,tm145655,Scott Adsit,David,ACTOR
255349,tm244368,Farrah Mackenzie,Tiffany Hanson,ACTOR
838301,tm369179,Celeste O'Connor,Teen Abbie,ACTOR
145829,ts103574,Issaka Sawadogo,Commandant Souleymane Sakho,ACTOR
811678,tm244307,Daryn D. Dupree,NAT Serco Guard #1,ACTOR
1832093,tm884616,María José Peña,Nurse,ACTOR
8959,tm160433,Bailee Madison,Maggie Murphy,ACTOR
599563,ts21599,Chris Núñez,Himself - Judge,ACTOR
488282,tm157853,Errol Slue,Judge Bruce,ACTOR
6891,tm87484,Kieron Elliott,Hoark the Haggard (voice),ACTOR
81779,tm118637,Daniel E. Smith,Mike Archibald,ACTOR
418805,ts56033,Elkin Díaz,Abel Mahecha,ACTOR
300577,tm433381,Mima Riera,María Lasarte,ACTOR
384095,tm1130275,Mo Amer,Self,ACTOR
100468,tm1028298,Jill Basey,Grandma,ACTOR
191254,tm219252,Doris McCarthy,Party Guest (uncredited),ACTOR
45436,tm933826,Nassar,Dr. Arvind Acharya,ACTOR
8711,tm325102,Danny Trejo,El Moco (voice),ACTOR
1345973,tm849003,Rutvig Vaid,Businessman,ACTOR
160997,ts105825,Valur Freyr Einarsson,Egill,ACTOR
31009,tm35463,Lydell M. Cheshier,Inmate #3,ACTOR
965111,tm925218,Yutian Wang,Spades,ACTOR
133207,tm205437,Andrew Jenks,,DIRECTOR
1236722,tm1161223,Mike Hollingsworth,,DIRECTOR
96039,ts20781,Kang So-ra,Ahn Young-yi,ACTOR
48271,ts38718,Jeananne Goossen,Dr. Trinh,ACTOR
2035586,tm461532,Kaan Mutlu,,ACTOR
643513,tm843276,Lucas Santa Ana,,DIRECTOR
64207,tm164353,Govind Namdeo,Bajirao Singham's Father,ACTOR
27,ts59542,Sophie Alexander-Katz,Adela Micha,ACTOR
101880,tm118637,Vijay Mehta,Medical Transplant #2,ACTOR
1509572,tm915354,Shiny Yao,Ren Li-chia,ACTOR
64446,tm156575,Priyadarshan,,DIRECTOR
2301787,tm1164962,Nabil Missoumi,Barcelo,ACTOR
236212,tm858954,Bartosz M. Kowalski,,DIRECTOR
112894,tm459742,Whitmer Thomas,Jake,ACTOR
113011,tm1106900,Joko Anwar,Joko Liauw,ACTOR
1062128,tm444564,Sergio Alejandro Peralta,Hijo de Flor,ACTOR
48004,tm29731,Kareena Kapoor Khan,Shruti Singh Chauhan,ACTOR
1752356,tm942240,Paulina Álvarez Muñoz,Luz Díaz,ACTOR
595507,tm853396,Edouard Philipponnat,Igor,ACTOR
1720595,tm912100,Jennifer Chieng,Karima,ACTOR
231650,tm431321,Chrisdine King,ND News Reporter,ACTOR
3525,ts11670,Eric Bauza,Puss In Boots (Voice),ACTOR
27615,tm61103,Pablo Espinosa,Color Guard Commander,ACTOR
260946,tm884581,Ernani Moraes,Teodoro,ACTOR
889176,ts242210,Jung Moon-sung,Jung Seong-jun,ACTOR
1486126,tm843444,Mav Kang,Dead Pilot (uncredited),ACTOR
1598222,tm837756,Fanny Tovar,Negra,ACTOR
2227455,ts256606,David Duncan,Self - Defense Attorney for Sean Ellis 1993 - 2001,ACTOR
1005018,ts107724,Braxton Bjerken,Young Max,ACTOR
1857,tm327199,Thomas Kretschmann,Rayt Marius,ACTOR
100560,tm234980,Kate Tsui,Boss Bruce,ACTOR
1577419,tm39557,Jerrit John,Bartender,ACTOR
122821,tm351938,Camille Razat,Lise,ACTOR
86615,ts270807,Kim Young-kwang,Han Yu-hyeon,ACTOR
1134385,tm191989,LaJuan Carter,Singer,ACTOR
17802,tm850454,Tom Papa,Himself,ACTOR
670005,ts77563,Hampton Yount,Crow T. Robot (voice),ACTOR
1533143,tm483997,Bianca Bosch,Olivia,ACTOR
1497832,tm898285,Black Belt Eagle Scout,Herself,ACTOR
596806,ts296201,Eliza Capai,,DIRECTOR
914221,tm441198,Natali Yura,Judge 1,ACTOR
88131,tm169422,Gracie Prewitt,Jocelyn,ACTOR
901042,ts187070,Chance Hurstfield,Corazon / Leon (voice),ACTOR
37676,tm271839,Marcus Raboy,,DIRECTOR
594951,tm285107,Shaun Newnham,Royal Household Staff,ACTOR
54811,tm314863,Juan de Marcos González,Andrés (voice),ACTOR
2018400,tm176507,Vincent Palmieri,,ACTOR
1158737,ts215683,Song Jiyang,Xiao Xingchen,ACTOR
760691,tm350607,Klarke Pipkin,Sierra Russell,ACTOR
30991,tm855839,Ole Bornedal,,DIRECTOR
1326916,tm853091,Safwat Wahib,,ACTOR
6302,tm55091,Peter Berg,Bobby,ACTOR
230656,tm84316,Rohit Roy,"Fatim ""Fattoo""",ACTOR
67128,tm313424,Radhika Apte,Gayatri Chauhan,ACTOR
843854,tm349529,Luis Amores,Self,ACTOR
252554,tm501313,Mai Duong Kieu,Nurse,ACTOR
1322659,tm836662,Valma Cearns,Woman at Bus Stop,ACTOR
2515,tm143085,Mike Blomkamp,Police Officer,ACTOR
1355302,tm244307,Bunnie Rivera,Old Woman,ACTOR
65927,tm171891,Surveen Chawla,"Special Appearance in ""Dhoka Dhoka"" Song",ACTOR
327093,tm428557,Daniyar,Sergei,ACTOR
101451,tm145791,Ha Yeon-joo,Soo-yeon,ACTOR
19760,tm136808,Carmen Argenziano,Defense Lawyer,ACTOR
294917,tm92641,Marc Raducci,Lobby Sub Con,ACTOR
65499,tm849102,Rajkummar Rao,Avinash,ACTOR
1628791,tm78592,John Gerard Franklin,Correction Officer,ACTOR
160958,tm247631,Serkan Keskin,Husband,ACTOR
17244,ts89840,Martin Henderson,Jack Sheridan,ACTOR
2362566,tm420800,Théo Delezenne,Journaliste interview Gary Wild,ACTOR
21712,tm71148,Emily Meade,Becky,ACTOR
1315027,ts88613,George Russell,Self,ACTOR
6369,tm244842,Ruby Ruiz,,ACTOR
56822,ts54028,Steinunn Ólína Þorsteinsdóttir,Gabríela,ACTOR
477228,tm145608,Buck Smith,Leonard's Friend #2,ACTOR
179840,tm362121,Cassandra Ciangherotti,Eva,ACTOR
209665,tm1086874,P Balachandran,Varkey,ACTOR
28833,tm24877,Patricia Gaul,Cookie Edwards,ACTOR
43476,ts38090,Amira Casar,"Béatrice de Lorraine, Madame de Clermont",ACTOR
1852285,ts85837,Kwon Hwa-woon,Lee Choong Sun,ACTOR
243091,ts42014,Zac,Himself,ACTOR
75889,tm410435,Lana Condor,Lara Jean Song Covey,ACTOR
28986,tm465513,Pearl Thusi,Jo,ACTOR
273840,tm941382,Ryuichi Yagi,,DIRECTOR
2294,tm109137,Jon Hamm,Brogan (voice),ACTOR
2101744,tm407730,Novi Candra,Bapak Hifdzi (VO & Foto),ACTOR
25287,tm21467,Jacob Rupp,Polanski,ACTOR
23653,tm28905,Collin Thornton,Little Boy,ACTOR
1341752,tm180542,Marty Licata,Cemetery Caretaker,ACTOR
1119915,tm474548,Scott Humphrey,Channel 3 Reporter,ACTOR
1556,tm266685,Frank Coraci,Mustachioed Referee,ACTOR
182590,ts41289,Desiree Akhavan,Carol,ACTOR
380756,tm299677,Amanda Burke,Slone's Mother,ACTOR
164341,tm186054,Salman Yusuff Khan,Rocky,ACTOR
257168,tm29731,Amita Nangia,Jeetu's Mother,ACTOR
13145,tm36644,Jay Hernandez,Dominick Pezzulo,ACTOR
346801,tm148270,Shashi Balooja,Bartender (uncredited),ACTOR
101666,ts56201,Patrick McKenna,Gil / Manny (voice),ACTOR
958720,ts225855,Park Ji-hu,Nam On-jo,ACTOR
210535,tm816591,Tomasz Sapryk,Tereska's father,ACTOR
1702,tm233294,Topher Grace,Matt Little,ACTOR
31795,tm140843,Thomas Francis Murphy,Dr. Jensen,ACTOR
9565,tm136308,Christina Ricci,Selby Wall,ACTOR
916115,tm933639,Ryan Kiera Armstrong,Mia Dindal,ACTOR
1320395,tm327951,Dea Rizkyana,Possessed Girl,ACTOR
61017,tm155761,Katrina Kaif,Jennifer Pinto (Jenny),ACTOR
23717,tm244332,Mark Pellegrino,Cal,ACTOR
363,ts75676,Javier Rey,Mateo Ruiz,ACTOR
2143407,tm979026,Grace McLean,Aspiring Composers and Lyricists,ACTOR
57865,ts250092,Rina Hidaka,Pirika (voice),ACTOR
479735,tm683841,William Lorenzo,Joy's father,ACTOR
255492,tm845850,Carmen Ramos,,ACTOR
671418,tm894619,Lidya Jewett,Kari,ACTOR
1463894,tm37153,Shannon Brewer,Bar Patron #2,ACTOR
1350,tm96595,Parmeet Sethi,Pakistani Maj. Shahbaaz Humdani,ACTOR
19898,tm33545,Branscombe Richmond,Keoki,ACTOR
10535,tm285340,Toby Huss,Betcher,ACTOR
64756,tm454431,Kingdom Yuen,Guidance counsellor,ACTOR
1833860,tm898180,James Woolley,Judge,ACTOR
1169565,tm483997,Hilton Pelser,Barry,ACTOR
1552,ts56993,Adam Godley,Tom Brown,ACTOR
1431561,tm1110205,Paula Watson,,ACTOR
596037,tm458326,Raleigh Cain,Emmy Lancaster,ACTOR
12800,tm187187,Chevy Chase,Chevy Chase,ACTOR
594429,tm351938,Artus,Coach,ACTOR
591824,ts42628,Henry Zebrowski,Himself,ACTOR
56642,tm443615,Stefo Linard,Terrace Waiter,ACTOR
179123,tm471878,Lourenço Henriques,Mauricio,ACTOR
77335,tm151663,Myra Turley,Female Neighbor,ACTOR
97729,tm960430,Chafurin,Kotoshironushi (voice),ACTOR
1297896,tm876997,Sudigali Sudheer,Sudheer,ACTOR
677278,ts86165,Gideon Adlon,Becca Gelb,ACTOR
286526,ts303513,Daniel Alcaíno,,ACTOR
274780,ts39017,A.J. LoCascio,Thunk (voice),ACTOR
16824,tm68272,Nick Nervies,Tyler,ACTOR
1315,ts255677,Michael Sorich,Dong King / Jin / Siva (voice),ACTOR
462,ts22286,Tomokazu Seki,Touya Kinomoto (voice),ACTOR
15046,tm311494,Lidia Vitale,Nonna di Sam,ACTOR
39736,tm141648,Ryan Robbins,Barkeep,ACTOR
175754,ts41258,Park So-dam,Eun Ha-Won,ACTOR
2204588,ts223981,"Jaden ""Jaymo"" Rice",Self,ACTOR
817045,ts227385,Jake Foushee,Optimus Prime (voice),ACTOR
46695,tm170442,Al Sapienza,Louis Carmello,ACTOR
337540,ts86928,Lee Mu-saeng,Prince Jinpyung,ACTOR
2088013,tm1111717,Ayla Rae Neal,,ACTOR
402470,tm21956,Anusha Dhandekar,Rosa,ACTOR
1322103,tm852185,Viji Swaminathan,,ACTOR
1033656,ts271517,Jillian Mueller,Catherine Spencer,ACTOR
83220,ts20292,Ben McKenzie,"James ""Jim"" Gordon",ACTOR
4138,tm140843,Emily Tremaine,Mallory,ACTOR
1098960,tm176864,Alan Bayer,French Photographer,ACTOR
254540,tm1111616,Anna Smołowik,Hania,ACTOR
1893352,tm315174,Jack Tyson,New Year's Eve Party Guest,ACTOR
78224,tm244206,Adam David Thompson,Brian,ACTOR
322352,tm219259,Trent Pardy,Stevenson,ACTOR
131545,tm1032950,Charles Demers,,ACTOR
45478,tm78592,Alberto Vazquez,Player #1,ACTOR
73469,tm177068,Pete Gardner,Laughing Executive,ACTOR
924216,ts268890,So Joo-yeon,Seo Rin-yi,ACTOR
3364,tm417055,Neal Huff,Dr Flint,ACTOR
249325,tm1029314,Devrim Yakut,,ACTOR
76156,tm33981,Lucie Laurier,Suzie,ACTOR
1772,ts20261,Patina Miller,Daisy Grant,ACTOR
714517,tm979026,Joel Perez,Lincoln,ACTOR
134513,ts265991,Nancho Novo,Hernaldo de la Marca,ACTOR
890364,tm287041,Dy Sonita,Butterfly Gang Member,ACTOR
6721,tm845415,Taylor Swift,Self,ACTOR
13247,tm449105,Mads Mikkelsen,Duncan Vizla,ACTOR
1934862,tm459512,Nicole Jang,Acapella Group,ACTOR
239271,tm164591,Pankaj Tripathi,,ACTOR
670985,tm242108,David Ebert,Tom,ACTOR
45317,tm86803,Cherilyn Wilson,Sorority Girl,ACTOR
1635520,tm436778,Kevin Iannucci,Larry Ellis,ACTOR
1178164,ts86949,Micheal Ward,Brendan,ACTOR
62774,tm175753,Rishi Kapoor,Mr. Joseph Furtado,ACTOR
129062,ts42062,Gauthier Battoue,Luka Couffaine (voice),ACTOR
1504548,tm24088,Tomoko Sato,Japanese Ghost Woman,ACTOR
1164032,ts104483,Meenacshi Martins,Maria Lopes,ACTOR
395,ts25765,Jun Fukuyama,Hanabusa Aido,ACTOR
1975216,tm1046932,Akihiko Sai,Bulky Yakuza (uncredited),ACTOR
1266852,tm244149,Joe Giorgio,Local 326 Truck Driver,ACTOR
845008,tm424879,Taiki Sato,Chiharu,ACTOR
29723,tm420989,Ashley Spillers,Olivia,ACTOR
1536911,tm1049083,Kajo Baldisimo,Self,ACTOR
1331205,ts80705,Marjorie Diehl-Armstrong,Self (archive footage),ACTOR
52006,tm431810,Orlando von Einsiedel,Himself,ACTOR
1260290,tm840196,Brandon Fierro,Frat Boy 2,ACTOR
827772,tm429383,Yoo Byung-jae,Himself,ACTOR
50475,tm224377,Alvin Anson,Jose Alejandrino,ACTOR
85323,tm300054,Andrés Parra,Hugo,ACTOR
19691,tm404856,Chris Diamantopoulos,Sotto Voce,ACTOR
63834,tm160433,Carol Ann Susi,Mrs. Maccabee,ACTOR
16204,tm192431,Treat Williams,Billy Burke,ACTOR
44855,tm1120636,Andrew Francis,,ACTOR
31083,ts21706,Indiana Evans,"Isabel ""Bella"" Hartley",ACTOR
164744,tm76399,R.S. Francisco,Dr. Philip,ACTOR
2679,tm165995,Ludacris,Brendan,ACTOR
269015,tm1000551,Richard Mofe-Damijo,Ernest,ACTOR
2318215,tm845549,Amrit Khurana,Self,ACTOR
175830,tm438423,Sam Concepcion,Alex,ACTOR
680366,tm307997,Frank W. Rima,Wirtshausstammgast,ACTOR
47730,tm160361,Michael Damian,,DIRECTOR
6941,tm353742,Dimiter Doichinov,Second Cop,ACTOR
1324628,tm48430,Julian M. Phillips,Reporter,ACTOR
1406355,tm65686,Vaitiare Hirshon,Stacia Vela,ACTOR
38113,tm349803,Peter Bonerz,Himself,ACTOR
50195,tm313974,Hillary Clinton,Self (archive footage),ACTOR
2279738,ts284702,Dick Ellis,"Self. Fmr. Head Art & Antique Squad, Scottland Yard",ACTOR
12802,tm191374,Johnny Galecki,Max Neurick,ACTOR
14313,tm177068,Angie Harmon,Veronica Cleeman,ACTOR
376360,tm29737,Supakorn Kitsuwon,Myint,ACTOR
75929,tm239683,Jon Greenhalgh,,DIRECTOR
179056,ts279953,Park Hyuk-kwon,Jin Hyeong-u,ACTOR
55146,tm348845,Marc Maron,Self,ACTOR
2099773,tm1092864,Cynthia Loewen,Chantal,ACTOR
1473865,tm983784,Frankie Paratene,Jordan,ACTOR
110780,tm294581,Diona Reasonover,Big Bang Theory Producer,ACTOR
1008529,tm403709,Motell Gyn Foster,Theater Actor,ACTOR
2092294,tm1110212,Brady Hofmeyr,,ACTOR
78060,tm79442,Omar Hernandez,NYPD Officer,ACTOR
242464,tm1022103,Jéssica Ross,Chica ácido,ACTOR
247973,ts43272,Ryota Yamasato,Himself - Commentator,ACTOR
841557,tm344336,Dimitri Boetto,Bellata,ACTOR
57417,tm80339,Chie Nakamura,Sakura Haruno (voice),ACTOR
51933,tm200126,Kate Greenhouse,Cara,ACTOR
1785746,ts77474,Ariane Desgagnes-Leclerc,Stella,ACTOR
2233419,tm1165244,Jakub Kuzia,,ACTOR
1470474,tm1038369,Rebecca Delgado Smith,Alli,ACTOR
47936,tm245722,Chris Lowell,Victor,ACTOR
257034,ts268890,Han Ji-eun,Oh Sun-young,ACTOR
195299,tm810504,Jin Kyung,Yum Jung-won,ACTOR
128210,tm35895,Rita Pokk,Aninha,ACTOR
1017472,tm999817,Wei Chao,Sima (voice),ACTOR
595551,tm454431,Herman Yau,,DIRECTOR
144817,tm985550,Ferran Rañé,Rodri,ACTOR
840966,tm820116,Ange Basterga,Policier civil,ACTOR
18054,tm1120636,James Arnold Taylor,Johnny Test (voice),ACTOR
99601,tm213681,Jang So-yeon,Driver Bae's Wife,ACTOR
695788,tm270504,Lois Meleri-Jones,Pete Easterman's PA,ACTOR
761606,tm306811,Tre Penna,Burke Ramsey Auditionee / Himself,ACTOR
1550772,tm176528,Daisuke Dewaarashi,Large Sumo Wrestler,ACTOR
650460,tm88382,Cricket Hamar,Cheerleader / Dancer #6,ACTOR
213257,tm1027639,Kulappulli Leela,Kaalaiyaan’s grandmother,ACTOR
78640,tm161802,Josefin Asplund,Pernilla,ACTOR
83751,tm82985,Morgan Reese Fairhead,Sandi,ACTOR
1364758,tm34924,Kingman Cho,King Man,ACTOR
47883,tm1064228,Julian Casey,Frank,ACTOR
76156,tm275004,Lucie Laurier,Suzie,ACTOR
66854,tm285340,Mason Trueblood,Jock,ACTOR
781729,ts224906,Miles Wei,Chang Huan,ACTOR
245848,tm96595,Amit Behl,MA Company Commander (Major),ACTOR
832070,tm950808,Sameer Hasan,,ACTOR
26948,tm86051,Nawazuddin Siddiqui,Asgar Mukadam,ACTOR
765463,tm838869,Olivier Rousteing,Himself,ACTOR
24932,tm120072,Mitchell Hope,Tobin,ACTOR
20076,tm40319,Gonzalo Menendez,Hernando/Cartel Associate,ACTOR
878674,tm368538,Waël Sersoub,Paul Cécile,ACTOR
1533177,tm483997,Jason K. Ralph,College Counselor,ACTOR
1534648,tm670553,Lenny Li,Brother's girlfriend,ACTOR
868480,ts307745,Jesús Colmenar,Él mismo,ACTOR
666265,tm430104,Bek Hyun-jin,Writer Park (uncredited),ACTOR
17559,tm147211,Samuel Ray Gates,Journalist #1,ACTOR
712950,tm1031976,Kartik Aaryan,Arjun Pathak,ACTOR
46317,tm467467,Solange,Self,ACTOR
807842,tm326723,Pasquale Dalessio,Bus Tour Group,ACTOR
1269913,ts285854,Tallin Bu Rjaili,,ACTOR
298635,tm878575,Mo Sidik,Faris,ACTOR
8686,tm41792,Franco Nero,Amerigo Vessepi,ACTOR
11288,ts7708,Haruka Tomatsu,"Naruko ""Anaru"" Anjou (voice)",ACTOR
6521,tm208622,Nicolas Bosc,The Party Guy,ACTOR
25282,tm82985,Matthew Lillard,Jerry Conlaine,ACTOR
207952,tm452929,Maribel Salas,Anamari,ACTOR
119154,tm182026,Manjari Phadnis,,ACTOR
669302,tm145655,Kerry Flanagan,CT Scan Nurse,ACTOR
6709,tm60292,Ryan Ahern,Sgt. Sickmann,ACTOR
1240173,tm598375,Shradha Agnihotri,,ACTOR
632260,tm827501,Betsy Borrego,Female Student #1,ACTOR
9910,tm140843,Michelle Dockery,Claire,ACTOR
106680,tm211461,Nabil Ayouch,,DIRECTOR
380134,tm176528,Clarissa Park,Dancer at Party,ACTOR
12464,tm208903,Jason Alexander,Himself,ACTOR
2079678,tm863351,Patricia R. Floyd,Nurse Wilkes,ACTOR
114256,tm247644,Martina Hill,Mandy Hausten,ACTOR
54965,ts108042,Wyclef Jean,Gran Brujo (voice),ACTOR
880517,tm443034,Ester Expósito,Andrea,ACTOR
140651,tm157085,Iain Marshall,Mr. McPhail,ACTOR
39622,ts78231,Darren Grant,,DIRECTOR
8428,tm118637,Larry King,Larry King,ACTOR
10360,tm246870,Dermot Mulroney,Patrick Ryan,ACTOR
1819593,tm1020701,Carlos González,Self,ACTOR
47642,tm244207,Christine Horn,Retainment Officer,ACTOR
931733,tm376234,David Cáceres,Kid in the Store in 2008,ACTOR
64404,tm164389,Suniel Shetty,Sunderlal (Special Appearance),ACTOR
15046,tm854749,Lidia Vitale,Roberta,ACTOR
162175,tm237143,Marissa O'Donnell,Teen Fiona,ACTOR
8202,tm160815,Julia Winter,Veruca Salt,ACTOR
1761,ts74823,Elizabeth Banks,Lindsay,ACTOR
56657,ts84056,Álex González,Mario Mendoza,ACTOR
237420,ts38230,Svetlana Ustinova,,ACTOR
682169,tm320144,Harshpreet Kaur,Nikita,ACTOR
114691,tm935941,Lizzie Waterworth,,ACTOR
115,tm44378,Pablo Larraín,,DIRECTOR
16188,tm106278,Glenn Howerton,Gary,ACTOR
936473,tm239683,John E. du Pont,Self (archive footage),ACTOR
1058285,tm283581,Mirnalini Ravi,Seth Girl (Alien),ACTOR
614285,tm139564,Efren John Rowan,Student,ACTOR
9199,tm499045,Mark Coles Smith,Captain Wessex,ACTOR
79165,tm30205,Li Ze,Yip Zhun,ACTOR
2488,tm834847,Sharlto Copley,Switch (voice),ACTOR
603607,tm849102,Zoya Zayed Khan,Brownie,ACTOR
2076,tm863992,Benito Mussolini,Self - Politician (archive footage),ACTOR
64205,tm319139,Murali Sharma,David,ACTOR
1354732,tm271951,Phillip Roy,New Arrival (uncredited),ACTOR
12407,tm148379,Kelly Preston,Joan Walden,ACTOR
6730,tm153284,Vanessa Cooke,Elder,ACTOR
54349,tm58893,Gulshan Grover,Shalaku,ACTOR
124773,tm1033803,Shakun Batra,,DIRECTOR
2277996,ts250912,Johnny Alite,Self. Associate. Gambino Family.,ACTOR
1741777,tm36475,Ramona Sunavala,Sonya,ACTOR
171172,tm73058,Bappi Lahiri,Self,ACTOR
608251,tm245378,Christopher M. Polito,Robbie (uncredited),ACTOR
43966,tm1185360,Elizabeth Chai Vasarhelyi,,DIRECTOR
761371,tm306811,Carlos Martinez,Police Chief Auditionee / Himself,ACTOR
93659,tm160815,Philip Philmar,Slugworth,ACTOR
211560,tm305227,Raúl Campos,,DIRECTOR
111407,ts103702,Adam Pålsson,Kurt Wallander,ACTOR
25068,ts95997,Jason Ritter,Pat,ACTOR
82994,tm232500,Xosha Roquemore,Actress #3,ACTOR
76879,tm60292,Bill Blair,Humanoid Robot,ACTOR
30775,tm941382,Yumi Kakazu,Shizuka Minamoto (voice),ACTOR
230319,tm238722,Benjamin Snyder,Sally's Grandson,ACTOR
2284678,tm1179579,Mert Ege Ak,Can,ACTOR
798482,tm244259,Althea Sam,Annie Hanson,ACTOR
2725,tm571805,Stephen Kunken,Joel Lieberman,ACTOR
1598550,tm837756,Brandon Stanton,Photographer,ACTOR
399529,tm426117,Marco Giuliani,Avvocato Cucchi - Tribunale,ACTOR
58714,tm60844,Hiroaki Iwanaga,Guts,ACTOR
44205,ts21688,Nam Da-reum,Yoon Ji-hoo (young),ACTOR
103962,ts91124,Kim Young-pil,Hwang Jae-cheol,ACTOR
238418,ts38813,Ray Chase,King,ACTOR
1157314,tm465984,Man Mourentan,Mou,ACTOR
1381058,ts309731,Stefano de Filippis,Ikor,ACTOR
294200,tm885775,Bowen Yang,Kim Jong-un,ACTOR
1531470,tm677904,Shaffy Bello-Akinrimisi,,ACTOR
19414,tm353742,Rory Culkin,Gage,ACTOR
309874,ts55720,Rebekka Johnson,Dawn Rivecca,ACTOR
1499029,tm1164962,Fabrice de la Villehervé,Responsable Chambre Mortuaire,ACTOR
182880,tm1000619,Pooja Hegde,Prerana,ACTOR
89928,ts12724,Keith Powell,"James ""Toofer"" Spurlock",ACTOR
41220,tm286532,Dieter Hallervorden,Paul Brenner,ACTOR
67217,tm32885,Chandan Roy Sanyal,Batukeshwar Dutt,ACTOR
389097,tm1134006,Justin Trudeau,Self (archive footage),ACTOR
73128,tm855483,Shepard Fairey,,ACTOR
10317,tm351931,Adrian Scarborough,Mr. Peters,ACTOR
497318,tm145593,Luz María Rojas,Pistolera,ACTOR
4267,tm195209,Shane Attwooll,George Cornell,ACTOR
1281375,tm834851,Lizzie Short,Sam Rice's Assistant,ACTOR
89545,tm321628,Danielle Carter,Sofia,ACTOR
695043,ts38159,Patrick Béthune,Ruel Stroud (voice),ACTOR
749431,tm300713,Shuntaro Yanagi,Kaito,ACTOR
232250,tm219276,Chanel Jenkins,E.R Receptionist,ACTOR
1403110,tm864480,Fran Rico,Cosplay Party Guest #6,ACTOR
86219,ts53864,Skylar Gaertner,Jonah Byrde,ACTOR
83400,tm834851,Kevin McCormick,Patrick,ACTOR
2343215,tm348403,Will Becher,,DIRECTOR
271916,ts297846,Bebo Storti,,ACTOR
81095,tm55553,Carmen Thomas,Senior Resident,ACTOR
68767,tm52871,Mastan Alibhai Burmawalla,,DIRECTOR
20274,tm130574,Dana Ivey,Trish Pinger,ACTOR
2088238,tm825714,Angie Jenkins,Lady of the Night,ACTOR
150619,tm139885,Joseph McBride,Charles Pister,ACTOR
1562873,tm172683,Terry Thomas,Marine Major,ACTOR
742328,tm946604,Lukas Spisser,Romed,ACTOR
170954,tm469400,Sandra Restrepo,,DIRECTOR
762360,tm285356,Khoun Sothea,Khouy,ACTOR
192225,tm66725,Thalapathi Dinesh,Thimeengalam,ACTOR
638096,tm918706,Enku Gubaie,Queen of Moldana,ACTOR
1785689,tm458292,Maurice Turner Jr.,American Space Sweeper 1,ACTOR
1978574,tm897466,Kylian Rehlinger,Kishi (Voice),ACTOR
755509,tm138667,Florent Pereira,,ACTOR
509531,tm126791,Ahmed Maher,الحمش بيه,ACTOR
2033576,tm40319,Tara Stone,Mall Shopper,ACTOR
12507,tm316311,Penélope Cruz,Olga,ACTOR
50494,tm1093099,Andrew Zachar,James,ACTOR
1345,tm182026,Anupam Kher,,ACTOR
247,ts76743,Hitomi Nabatame,Mana Aida/Cure Heart (voice),ACTOR
325078,tm975765,Angela Davis,Self (archive footage),ACTOR
3736,tm374845,Sora Amamiya,Liz,ACTOR
22796,tm114476,Nathan Lane,Snowbell (voice),ACTOR
617769,tm854786,Jim Sarbh,,ACTOR
31553,tm410435,Israel Broussard,Josh Sanderson,ACTOR
1977113,tm814150,Farid Afifi,Pompier,ACTOR
142309,tm425889,Jiji Hise,"The Bawd (segment ""Meal Ticket"")",ACTOR
120779,tm1064988,Louis Cheung,,ACTOR
378334,tm451548,Ryan Drees,Mafia Member,ACTOR
276233,tm300713,Tatsuya Nakamura,Iemura Tatsumi,ACTOR
1265922,tm464662,Robert Fleet,Marvin Heemeyer,ACTOR
605216,ts87248,Nicki Micheaux,Nia Bailey,ACTOR
302807,tm135307,Daniel Cahill,Commodities Broker,ACTOR
42797,tm406831,Machiko Ono,Mother (voice),ACTOR
973759,tm420334,Ralph Adriel Johnson,Creative Exec #2,ACTOR
122555,tm53419,Lester Speight,Shark's Security Guard,ACTOR
684427,ts21869,Toby Onwumere,Capheus Onyango,ACTOR
171222,ts288861,Jaturong Mokjok,,ACTOR
15772,tm427465,Tony Bennett,Self,ACTOR
1601741,tm917846,Nokuthula Mazibuko,Gogo,ACTOR
448414,tm147518,Ivan Martins,Himself,ACTOR
1464849,tm996040,Ludovica Francesconi,Marta,ACTOR
1239757,ts225645,Everly Carganilla,Ju-Hee 'Ju Ju' Kim,ACTOR
21907,tm6859,Anna Chlumsky,Vada Sultenfuss,ACTOR
3289,tm39896,Jackie Earle Haley,Willie Loomis,ACTOR
1611538,tm915354,Teng-Hung Hsia,Liu Pin-jui,ACTOR
50599,tm1075698,Kirk Hammett,Kirk Hammett,ACTOR
307656,tm168751,Takla Chamoun,,ACTOR
1138450,tm448792,Elinor Price,Dead Blonde,ACTOR
252950,tm80455,Navdeep Singh,,DIRECTOR
17349,tm112381,Colin Quinn,Himself,ACTOR
294649,tm197806,Amitosh Nagpal,Amit,ACTOR
172578,tm166723,Cecil Paz,Immigration Officer,ACTOR
65499,tm156811,Rajkummar Rao,Vijay,ACTOR
631929,ts83224,Hanna van Vliet,Becky,ACTOR
737159,tm827648,Matthew Van Wettering,Colin,ACTOR
283764,tm438423,Lotlot Bustamante,Tickey Lady,ACTOR
65629,tm22540,Bipasha Basu,Anuradha,ACTOR
13196,tm518467,Nonso Anozie,Mighty Djinn (voice),ACTOR
749685,ts85170,Lee Jae-wook,Marco Han,ACTOR
1583080,tm538868,Nalneesh,Ikram,ACTOR
301170,tm436171,Fernán Mirás,"José Luis Gozalo ""Oso""",ACTOR
14176,tm152724,Om Puri,Naseer Ahmed,ACTOR
183179,tm1022912,Nandhu,Councillor Noorudheen,ACTOR
1699,tm165995,John Lithgow,Jonathan Cox (uncredited),ACTOR
1363930,tm857187,Rami Hachache,,DIRECTOR
1199,tm214825,Julia Jones,Smoking Fox,ACTOR
9193,ts105192,Miah Madden,Kymara,ACTOR
86002,ts242244,Masaki Terasoma,Kōichirō Mutō (voice),ACTOR
305981,tm884616,René Miranda,Charlie,ACTOR
1323124,tm836662,Rhys Lander,Ted,ACTOR
12278,tm166064,Jonah Bobo,Robbie Weaver,ACTOR
86436,ts82915,Jemima Kirke,Hope Haddon,ACTOR
635545,tm979026,Ryan Vasquez,Scott,ACTOR
4679,tm425889,Stephen Root,"Teller (segment ""Near Algodones"")",ACTOR
755249,tm347060,Samrat Raichand,Anuj Chaudhary,ACTOR
795001,tm1020326,Melissa Chambers,Aunt Lotty,ACTOR
233828,tm182322,Manav Kaul,"Bishakh ""Bittu"" Joshi",ACTOR
1023832,ts4213,Mark Labbett,Himself - The Beast,ACTOR
123578,tm219259,Dave Reachill,Bartender (uncredited),ACTOR
13582,tm33981,Erik Knudsen,Jonathan Ward,ACTOR
12035,tm33113,Lynn Cohen,Mrs. Wierzbowski,ACTOR
1227646,ts237071,Tsukino Yamamoto,,ACTOR
157312,tm442354,Ravi Babu,,DIRECTOR
5834,tm841797,Laurence Fishburne,Jim Goldenrod,ACTOR
45437,tm176481,Sathyaraj,Durgeshwara Azhagusundaram,ACTOR
1556926,tm822271,Hiroto Rauzan Fikri,New Teacher,ACTOR
821281,tm244149,John Polce,Joe Colombo,ACTOR
742944,tm307910,Joel Kahn,Himself,ACTOR
242533,tm861718,Chris Martin Hill,CO19 Officer,ACTOR
183176,tm1110241,Padmaraj Ratheesh,Fr. David Varghese,ACTOR
194555,tm1127479,Sachin Kundalkar,,DIRECTOR
1116393,tm452826,Ginny MacColl,Evelyn,ACTOR
1159306,tm857461,Mitali Jagtap,Kusum,ACTOR
1017184,tm984204,Chris Galust,Young Peter,ACTOR
18298,tm444247,Geena Davis,Herself,ACTOR
7043,tm35463,Miguel Sandoval,Augusto Oliveras,ACTOR
1666713,tm319818,Daniel Jackson,Sir Ingram de Umfraville,ACTOR
1923218,ts226588,Haley Bockrath,Human #64,ACTOR
2663,tm443034,Vicente Romero,Alberto,ACTOR
117207,tm433228,Trevor Nunn,,DIRECTOR
92139,tm192037,Mary Ann Schmidt,Female Trooper (uncredited),ACTOR
627907,tm22294,Jill Krop,Reporter #2,ACTOR
62775,tm77348,Shiney Ahuja,Akash,ACTOR
33855,tm245722,Chris Noth,Christopher,ACTOR
1025552,tm855535,Iwo Rajski,Son of Beata,ACTOR
1725,tm92641,Christopher Nolan,,DIRECTOR
323651,tm117840,Ahmad Bedir,Tut,ACTOR
10768,tm7810,Nick Searcy,Asst. Sheriff McCarty,ACTOR
36313,tm458363,Sam Hennings,Drew,ACTOR
1175402,tm494731,Jason Graham,Dr. Ellis,ACTOR
893,tm824331,Alexandra Daddario,Emma Corrigan,ACTOR
206389,tm242755,Don Guillory,Sweeney,ACTOR
88337,ts82127,Nobuo Tobita,Klarwein,ACTOR
759508,ts80410,Hazuki Shimizu,Erika Sano,ACTOR
83079,tm54450,Richard Collier,Pepper Boyd,ACTOR
180221,tm974195,Kan Eguchi,,DIRECTOR
1869,tm195209,Daniel Westwood,Kray Firm (uncredited),ACTOR
246085,ts84780,Cristina Umaña,Daniela León,ACTOR
10859,tm424074,Peyton List,Ashley,ACTOR
132853,tm426117,Rodolfo Bigotti,Agente - Fatebenefratelli,ACTOR
1585700,tm849251,Agustina Benavides,Jose,ACTOR
1008773,tm824331,David Ebert,Connor,ACTOR
14096,tm823355,Joe Vaz,Myron,ACTOR
1369980,tm979026,Dave Malloy,Aspiring Composers and Lyricists,ACTOR
740514,tm1037704,Christiani Pitts,Beverly,ACTOR
35444,tm437221,Grace Van Dien,Sharon Tate,ACTOR
707750,tm469991,Céline Ronté,La mère du bébé (voice),ACTOR
1007,tm362072,Tim Blake Nelson,Leroy Sawicki,ACTOR
239193,ts88151,Maria Sundbom,Lena Pärsson,ACTOR
66876,tm307767,Milan Luthria,,DIRECTOR
1379423,ts161737,Kaden Hebb,Mindy,ACTOR
58715,tm38064,Toa Yukinari,Casca,ACTOR
277767,tm981451,Charlie Brooker,James (uncredited),ACTOR
209012,tm89936,Im Ha-ryong,Police Chief,ACTOR
2372,tm1033470,Aml Ameen,Tom,ACTOR
737247,tm147211,JJ Raschel,Clifford Hickox,ACTOR
13208,tm231314,Elena Anaya,Señorita Pam,ACTOR
755306,tm160800,Tiara Sorensen,Stewardess on Private Plane,ACTOR
673179,ts227385,Rafael Goldstein,Ratchet / Soundblaster (voice),ACTOR
241454,ts227473,Jeff Ward,Roy Hardaway,ACTOR
1054678,tm429163,Erik Gyarmati,Siegfried,ACTOR
285010,tm811691,John Hasler,Thomas (UK) (voice),ACTOR
102949,ts188367,Rahul Bose,,ACTOR
644162,tm823848,Mohamed Ali,,DIRECTOR
841235,tm910040,Morgan Ingari,,DIRECTOR
48008,tm158980,Kirron Kher,Manju Chakravarty,ACTOR
835780,tm148910,Mohommed Ali Shah,Army Major,ACTOR
15611,tm991529,Paolo Sorrentino,,DIRECTOR
387493,tm345225,Shanker Raman,,DIRECTOR
81982,tm172716,Kristen Cloke,Valerie Lewton (archive footage) (uncredited),ACTOR
1022114,tm897732,Laila Berzins,Weecha (voice),ACTOR
1739250,tm96649,Jimmy Medearis,Farmer,ACTOR
809700,tm299741,Jacob Fortune-Lloyd,Brent,ACTOR
82289,tm169949,Chaim Girafi,Dry Cleaner,ACTOR
265335,ts80411,Choi Dae-hoon,Seok Gwan-Dong,ACTOR
276515,ts106141,Francisco Gaspar,Silvino,ACTOR
1568073,tm1086874,Femina George,Bruce Lee Biji,ACTOR
1972507,tm457410,Rodin Erdogan,Futbol Oynayan Çocuk,ACTOR
1821875,tm471802,Bharat Ganeshpure,Commentry,ACTOR
57418,tm80339,Junko Takeuchi,Naruto Uzumaki (voice),ACTOR
42984,tm242687,Anna Raadsveld,Betje Wery,ACTOR
1656586,tm855535,Jan Hrynkiewicz,Roommate Marcin Karpiuk,ACTOR
785486,tm359713,Diondre Jones,Deputy Garrett,ACTOR
4076,tm244307,Kenneth Choi,Yamahara,ACTOR
1834035,tm1120543,Galen Hopper,Carla,ACTOR
41584,tm451548,Ken Yasuda,Ebihara,ACTOR
1506670,tm849004,Junior Delius,Dailbour Jinski - Belarus,ACTOR
206370,tm310706,Erica Tremblay,Lucy,ACTOR
370766,tm169949,Kara Hamilton,Valerie,ACTOR
302733,tm443034,Paqui Montoya,María José,ACTOR
2323298,ts226602,Shawn Musgrave,Self - Investigative Reporter,ACTOR
9284,tm131038,Leelee Sobieski,Polly Hamilton,ACTOR
1172016,tm1165983,Adrian Pezdirc,Sebastian,ACTOR
101292,ts279953,Ryu Hye-young,Kang Sol A,ACTOR
1235182,tm984204,Angela Destro,Detention Center Doctor,ACTOR
2335642,tm1196288,Julie Harmon,Self,ACTOR
728913,ts54010,Yang Hak Jin,Chun Shik,ACTOR
2295450,tm473502,Munyaradzi Mlambo,,ACTOR
1570117,tm925186,Robin Minifie,Rambo,ACTOR
1509907,tm422510,Peter Mimi,,DIRECTOR
1320422,tm851862,Anna Carreiro,,ACTOR
396131,ts346034,Kate Henshaw-Nuttal,,ACTOR
1129215,tm473813,Marlene Marie,Tanya,ACTOR
711849,tm411958,Alex Hernandez,Enzo,ACTOR
238073,ts89028,Yashaswini Dayama,Chandni,ACTOR
57075,ts21693,Tamera Mowry-Housley,Tamera Campbell,ACTOR
97701,tm674063,Cohen Holloway,Bobby,ACTOR
1666156,tm973704,Kumar Natarajan,Dr. Indran,ACTOR
61158,ts37944,Jean-Édouard Bodziak,Jean-René Calot,ACTOR
1115099,tm450262,Craig Frederick,Himself - Dive Supervisor,ACTOR
886917,tm840196,Tah von Allmen,Mrs. Winter,ACTOR
607963,tm244233,Lily Peterson,Stage Manager (uncredited),ACTOR
70044,tm683841,Jeffrey Tam,Carlo,ACTOR
16895,tm165995,Josh Duhamel,Sam,ACTOR
65000,tm272854,Raj Babbar,Zonal Director,ACTOR
700839,tm318641,Cassandra Rochelle Fetters,Townswoman,ACTOR
1013528,ts83555,Lily Cowles,Isobel Evans-Bracken,ACTOR
21471,tm6859,Peter Michael Goetz,Dr. Welty,ACTOR
131651,tm239774,Christopher Louie,Artist,ACTOR
23286,tm189433,Simon Wincer,,DIRECTOR
166702,tm31739,Scott L. Montoya,,DIRECTOR
158251,ts83213,Bai Jingting,Gu Nanyi,ACTOR
119966,tm232579,Rachel House,Paula Hall,ACTOR
256646,tm817075,Jacek Beler,"Artur Łukasik ""Siwy""",ACTOR
258258,tm81461,Pablo Stoll,,DIRECTOR
64558,tm466544,Jackie Shroff,Omar Hafeez,ACTOR
13622,tm187979,Neil Patrick Harris,Steve (voice),ACTOR
146298,tm30170,Isha Koppikar,Anita,ACTOR
49264,tm824165,Jeffrey Bowyer-Chapman,Dean,ACTOR
28374,tm210043,Michael Sheets,Lead Officer,ACTOR
4738,tm48430,Derek Webster,Utah Captain,ACTOR
48101,ts76159,Erin Mathews,Frankie,ACTOR
605964,tm188606,Stanley Michelson,Mr. Lafayette,ACTOR
844229,tm307515,Enric Juezas,,ACTOR
630587,tm84613,Jessica Keeling,Welcome to the 60's Dancer,ACTOR
396806,tm29731,Sushma Reddy,Pooja,ACTOR
152752,ts287838,Lee Yeon-doo,Lee Ju-ri,ACTOR
158560,tm454431,Elena Kong,,ACTOR
40967,tm243326,Mayko Nguyen,Detective Dyer,ACTOR
7107,tm145655,Theodore Melfi,,DIRECTOR
27903,tm22294,Stephen Holmes,UPS Guy,ACTOR
454603,tm56574,Lynn Grossman,Yvette Fox,ACTOR
26664,tm323634,Dorian Kingi,AXL (voice),ACTOR
306414,tm437221,Dayle McLeod,Catherine 'Gypsy' Share,ACTOR
2058886,tm674063,Ramontay McConnell,Theo,ACTOR
48003,tm307761,Akshay Kumar,Keshav Sharma,ACTOR
6251,tm178712,David Zucker,Packer Fan (uncredited),ACTOR
84007,ts9,Josh McDermitt,Eugene Porter,ACTOR
72792,tm104349,Ryoo Seung-wan,,DIRECTOR
45,tm158671,David Lewis,Denzel Crocker,ACTOR
714201,tm475836,Danielle Haim,Val Gal #4,ACTOR
8485,tm176507,Jason Acuña,Himself,ACTOR
50948,tm139545,Nao Omori,Hiromitsu,ACTOR
81093,tm55553,Kevin Patrick Walls,Officer Krieger,ACTOR
656,tm819497,Matthias Klimsa,Hart,ACTOR
91511,tm855600,Andy Cohen,Andy Cohen,ACTOR
845058,ts254817,Tom Pilath,,ACTOR
37373,ts41913,Daniel Bonjour,Daniel Lawrence,ACTOR
3134,tm441050,Mike Bodnar,Rambler,ACTOR
201907,tm420800,Rebecca Marder,Marcia,ACTOR
722382,tm983787,Joe Sobalo Jr.,Alejandro,ACTOR
688947,tm914535,Neil Webb,Surfer Dude,ACTOR
2150255,tm1096775,Mike Foreman,Self,ACTOR
37441,tm159796,Victor Cornfoot,City Hall Captain,ACTOR
71488,ts37187,Gaby Espino,Indira Cárdenas,ACTOR
1254838,tm14873,Richard Samuelson,Bus Kid (uncredited),ACTOR
104123,tm310953,Jermaine Fowler,Salvador,ACTOR
1385145,tm471288,Donovan Pietersen,Keenan,ACTOR
60306,tm301024,Lionnel Astier,Gérard,ACTOR
1916,tm142086,Tony Goldwyn,Colonel Bagley,ACTOR
28372,tm214825,Alex Knight,Ford's Theater Performer #1,ACTOR
1443950,tm332572,Kalyan Ray,,ACTOR
85433,tm298846,Noël Wells,Tasha,ACTOR
3739,tm214825,Harvey Keitel,Smiley,ACTOR
935,tm348003,Robert Forster,Chuck,ACTOR
118948,ts38731,Lalor Roddy,Thomas Clarke,ACTOR
1155473,ts306068,Ludovica Martino,Stella,ACTOR
18362,tm518467,William Vanderpuye,Stonebeard (voice),ACTOR
871737,tm375883,Julian Zane,Krum Boy (voice),ACTOR
704067,tm322243,Danny Waugh,Supervisor,ACTOR
1368146,tm863992,Ralph P. Ganis,Self - Historian,ACTOR
632473,tm219259,Matthew Mease,Reading Team Coach (uncredited),ACTOR
943942,tm1040671,Giulia Patrignani,Bianca,ACTOR
101698,tm972519,Fabrizio Ferracane,Luca Bertozzi,ACTOR
2285834,ts273436,Chris Richards,aka Mark Hofmann,ACTOR
1752446,tm843345,Jo Kyoung-i,(voice),ACTOR
72703,tm979026,André De Shields,"""SUNDAY"" Legend",ACTOR
1425138,ts38772,Kwon Jae-hyun,Soon Chul,ACTOR
44146,tm1121246,Merwin Mondesir,Jules,ACTOR
157720,tm100106,Cai Cortez,Maia,ACTOR
699181,tm849005,Alessia Cara,Jane Willoughby (voice),ACTOR
26754,ts265991,Michelle Jenner,Clara Belmonte,ACTOR
27883,ts53051,Brendan Meyer,Jesse,ACTOR
389919,tm850404,Austin Archer,Jack Miller,ACTOR
1135750,tm366972,Kim Ji-eun,Jin-pil's wife,ACTOR
95228,ts296179,Loreto Peralta,Crista,ACTOR
1036038,ts87599,Sun Jialing,Zhao Xiao Tang,ACTOR
1024386,tm332071,Sean Riley,Stylish Clergyman,ACTOR
614946,tm458585,Bubba Ganter,Heavy Set Man,ACTOR
758026,tm450698,Sebastian Gimelli Morosini,Giampi,ACTOR
836709,tm883441,Jaime Lorente,,ACTOR
47010,ts121176,Sean Bishop,Prince Charming (voice),ACTOR
249482,ts86089,Kim Soo Yun,Wol Ha,ACTOR
210316,tm307761,Bhumi Pednekar,Jaya Sharma,ACTOR
120650,tm219248,Rob Burnett,,DIRECTOR
12577,tm426274,Shelley Hennig,Alicia,ACTOR
1428854,tm872108,Jahbril Cook,George,ACTOR
1623735,tm934040,Frankie Rzucek,Self,ACTOR
263834,tm327053,Mel Lisboa,Leila,ACTOR
2114971,tm1048362,Charlie McGuire,Competitor #8,ACTOR
1347623,tm464351,César Galindez,Red Truck Driver,ACTOR
3204,tm122434,Don Fischer,Army Recruiter,ACTOR
354385,ts39014,Hideki Nakanishi,Hidu,ACTOR
143301,tm1091956,Paolo Contis,Nico Mercado,ACTOR
1616960,tm854876,Annamaria Troisi,Hostess Circolo,ACTOR
595436,ts190462,Joaquín Cosío,Pop Morales,ACTOR
266953,tm460948,Eddie Flake,Paparazzi #1,ACTOR
2047532,tm1046932,Miku Martineau,Ani,ACTOR
295712,tm22342,Ray Bengston,White Security Guard,ACTOR
1399650,tm143757,Jesse Falcon,Highway Patrolman,ACTOR
124548,tm332071,Mig Macario,Cloudio,ACTOR
791764,tm430426,Mohammed Aly Rizk,,ACTOR
12283,tm141390,Julianna Guill,Bree,ACTOR
477650,tm856378,Jody O'Neil,Stage Manager #2,ACTOR
871380,tm823848,Dina Mohsen,,ACTOR
1678080,tm931701,Emmanuel Ilemobayo,Simon,ACTOR
590180,ts42477,Mišel Matičević,Edgar Kasabian (Der Armenier),ACTOR
7033,tm232579,Sam Neill,Hec Faulkner,ACTOR
161340,tm375681,Dada Chan,Ebby Lau,ACTOR
120008,ts236332,Jeff Wild,Jeff Wild,ACTOR
106686,tm838687,Waldemar Schultz,Dr. Fowler,ACTOR
63057,tm863879,Deepak Dobriyal,Gulati,ACTOR
193946,tm141707,Daniel Arrias,Carlos (uncredited),ACTOR
33643,tm863823,Kelly Hu,Leilani,ACTOR
2284769,tm1179579,Gizem Özmen,,ACTOR
281652,tm416341,Hiroomi Tosaka,Hiroto Amamiya,ACTOR
1819234,tm1020701,José Aurelio Mugarte Xool,Self,ACTOR
1006589,tm420656,Chip Fumicello,Officer #3,ACTOR
703489,tm324278,Cyrus Saidi,,DIRECTOR
611742,tm992260,Olivia Norman,Kablowey Blue Team Player,ACTOR
761514,tm306811,J. Michael Sterling,Officer Veitch / John Ramsey Auditionee / Himself,ACTOR
122,ts26322,Rie Tanaka,Yuri Koigakubo (voice),ACTOR
1379450,ts161737,Brittany Spiteri,Taylor,ACTOR
130079,ts22337,Katrina Law,Jessica Knight,ACTOR
1371936,ts226403,Gaybol,Contestant,ACTOR
69039,tm446654,Jagdeep,,ACTOR
256203,tm447159,Masa Lizdek,Mary,ACTOR
26936,tm130647,Arlene Duncan,Party Guest,ACTOR
353538,tm280828,Jonathan Bray,Fireman,ACTOR
11230,tm192405,Dean Norris,Cop on the Beat,ACTOR
22309,tm49037,Toshio Furukawa,Kai Shiden,ACTOR
183114,tm510525,Premji Amaran,,ACTOR
417573,tm266685,Samantha Hoopes,Kathy,ACTOR
265267,tm986700,Paulina Gałązka,Jolanta,ACTOR
5000,tm148270,Rachel Ticotin,Dr. Martinez,ACTOR
20652,tm464351,Laura Niemi,Female Reporter #2,ACTOR
2346392,tm817284,Alexis,The Fabulous Gang,ACTOR
1702133,tm983787,Nadezhda Russo,Simon's Wife,ACTOR
242066,tm422359,Marco Gumabao,Ricky,ACTOR
2967,tm178211,Tim Robbins,Frank Dawson,ACTOR
192139,tm945825,Hala Finley,Audrey (voice),ACTOR
589992,tm450095,Haruka Imou,Yuka,ACTOR
1506933,tm881162,Mark Alesia,"Self - Investigations Reporter, The Indianapolis Star",ACTOR
47084,tm311319,Masaharu Fukuyama,Yamura,ACTOR
1397405,tm1141594,Daniel Diemer,Rand Morgan,ACTOR
21836,tm107659,Brenda Vaccaro,Doris,ACTOR
2697,tm1127695,José Manuel Poga,Rodrigo,ACTOR
56951,ts75879,John Mulaney,Andrew Glouberman (voice),ACTOR
271347,tm500565,Fortune Feimster,,ACTOR
90640,tm854749,Alberto Di Stasio,ltalo,ACTOR
225696,tm953122,Leslie Bellair,Scout Elf Newsey Noel,ACTOR
157214,tm407827,Chris Thys,Hannah,ACTOR
179132,ts55798,Lee Hae-yeong,Shin Jae-yong,ACTOR
597575,tm375883,Hudson West,Additional Kids Voices (voice),ACTOR
1533134,tm921206,Zandile Madliwa,Gwyneth,ACTOR
181965,tm323602,Meriem Serbah,Inès,ACTOR
85667,ts93066,Sibylla Deen,Blair,ACTOR
1805662,tm898262,Jeanne Insausti,Grandmother,ACTOR
66223,tm75975,Asit Sen,,ACTOR
49330,ts37464,Henrik Mestad,Jesper Berg,ACTOR
1043610,ts87224,Carlos Quintero,León,ACTOR
145986,tm314602,Raghubir Yadav,Raghu,ACTOR
167688,tm1120937,Martin Sensmeier,Montford T. Johnson,ACTOR
68723,tm75975,Sunder,,ACTOR
275511,tm814150,Valentin Du Peuty,Jeune lycéen,ACTOR
831067,tm558730,Joelle Mancuso,Claudia,ACTOR
6653,tm305433,Carlos Alazraqui,Rocko / Spunky / Leon Chameleon / Gordon the Foot / Mitch / Bun Master (voice),ACTOR
88135,tm169422,Lil Buck,Busker / Dancer,ACTOR
341255,tm55303,Rafer Weigel,Bruce,ACTOR
132302,tm16812,Utpal Dutt,,ACTOR
164749,tm187505,Leo Rialp,Ramon,ACTOR
422442,tm414341,Adrienne Pearce,Ethan's Secretary,ACTOR
729922,ts89182,Hsieh Ying Shiuan,Yu Xiu Qi,ACTOR
64558,tm462277,Jackie Shroff,Shrikant Rai,ACTOR
157721,tm156397,Ryan Yllana,Peewee,ACTOR
1306081,tm894254,Randolph Fields,Skater,ACTOR
736235,ts75355,Giacomo Ferrara,Alberto 'Spadino' Anacleti,ACTOR
630515,tm84613,Stephen Findlay,Welcome to the 60's Dancer,ACTOR
493971,tm19608,Ahmad Abdel Waress,,ACTOR
9095,tm176630,David Banner,Earl Gaines,ACTOR
89390,tm34310,Michael McAlpin,Hansel's Posse,ACTOR
387418,tm78790,Shaana Diya,Laila,ACTOR
54715,tm1084481,Rahaman Ali,Self,ACTOR
66803,tm859256,Sampath Raj,C. I.,ACTOR
39331,tm1137051,Marina Inoue,Undertaker Leader (voice),ACTOR
744938,tm90896,Majida El Roumi,Tafida,ACTOR
5640,tm840208,Jeff Garlin,Himself,ACTOR
6378,tm827508,Zachary Quinto,Harold,ACTOR
2313273,tm456983,Mayur Khandge,,ACTOR
248556,tm165521,Sheng-Chien Tsai,Chinese Waiter,ACTOR
16829,tm68272,Sam Lant,Freshman Party Crasher,ACTOR
1360661,tm498803,Mark 'Cowboy' Schotz,Construction Worker #2,ACTOR
122883,tm322210,Julián López,Pernando,ACTOR
31942,tm12499,Wendy Gazelle,Ruth Marx,ACTOR
1574105,tm924556,Onima Kashyap,Olu,ACTOR
231489,tm244403,Jacob Neayem,Brother,ACTOR
836881,ts84799,Son Khoury,Zakir,ACTOR
65822,tm926528,Vikramaditya Motwane,,DIRECTOR
120259,tm454824,Sergey Zamorev,,ACTOR
314233,ts75772,Michael Whitehall,Himself,ACTOR
162265,tm430104,Lee Jin-wook,Shin Ji-ho,ACTOR
66323,tm12876,Mani Ratnam,,DIRECTOR
1020214,tm450262,Alex Parkinson,,DIRECTOR
2047946,tm139885,Jean Jandel Pruett,Party Guest,ACTOR
12233,ts223530,Kim Kap-soo,An Gil-seop,ACTOR
1234015,tm455715,Moira Tabina Zayn,Airin,ACTOR
12833,tm24088,Regina Hall,Brenda,ACTOR
3042,tm107659,Eli Roth,Male Student,ACTOR
61025,tm129971,Ranbir Kapoor,Himself (uncredited),ACTOR
127073,ts92405,Inaamulhaq,Daroga,ACTOR
32456,tm850176,D.B. Weiss,,DIRECTOR
86174,tm548602,Scott Aukerman,,DIRECTOR
682547,tm109304,Aixa Clemente,Nurse,ACTOR
1415871,tm881162,Maggie Nichols,Self - Gymnast,ACTOR
70811,ts79707,Germán Palacios,,ACTOR
2206699,tm918258,Juan Martin Arancedo,Recepcionista Hotel,ACTOR
13572,tm911973,Adeel Akhtar,Lestrade,ACTOR
39576,tm1042277,Paul Dugdale,,DIRECTOR
12161,tm246175,Ralph Carlsson,inspektör Aronsson,ACTOR
381,tm138902,Fumihiko Tachiki,So'unga,ACTOR
589811,ts58297,Sandy Johnson,,DIRECTOR
9245,tm498034,Brian Posehn,Self,ACTOR
206731,tm832916,Jill Buchanan,Benefactor (uncredited),ACTOR
597727,tm307997,Henning Peker,Frigg,ACTOR
141692,tm353791,Cathy Garcia-Molina,,DIRECTOR
2111451,tm834608,Pelusa Vera,Mirtha,ACTOR
816436,tm479933,Kanika Batra,Alisa,ACTOR
2150011,tm1096775,Ed Gavagan,Self,ACTOR
1098884,tm176864,Scott Hopkins,McLaren Mechanic,ACTOR
226816,tm205870,Sibongile Mlambo,Bianca,ACTOR
443476,tm270504,Sean Foley,Kenneth Branagh's Producer,ACTOR
1486102,tm843444,Andrey Kasushkin,Bobby Joe (Gunner),ACTOR
88113,tm1018418,Travon Free,,DIRECTOR
29694,ts271604,Fumi Hirano,Masako Saeki (voice),ACTOR
1950854,tm1063790,Becky Takang,,ACTOR
1730836,tm359658,Magali Rosenzweig,(voice),ACTOR
12281,tm166064,Liza Lapira,Liz,ACTOR
1356964,tm1020820,Sheenan Cole,Party Guest,ACTOR
30722,tm835432,Luis Tosar,Rogelio,ACTOR
143447,tm159623,Tirso Cruz III,Fernando Zalderiaga,ACTOR
59568,tm178712,Jasmine Guy,Kendra's Mom,ACTOR
889767,tm414341,Steven Mofokeng,Abu Hamid,ACTOR
206996,tm935993,Taka Katou,Taka Kato,ACTOR
135123,tm51493,Cezmi Baskın,Latif,ACTOR
14328,tm31739,Joan Rivers,Self,ACTOR
103573,ts22445,Jeon Soo-jin,Kang Ye-sol,ACTOR
638936,tm361312,Gregg Spiridellis,Boop (voice),ACTOR
5313,tm35463,Ray Liotta,Fred Jung,ACTOR
2081774,tm96649,Stuart Mossman,Engineer,ACTOR
1400621,tm845484,Michael Fatica,Dick Johnson Dancer,ACTOR
39953,tm855839,Caspar Phillipson,Embry,ACTOR
141191,tm824324,Entesar,Umm Sabah,ACTOR
60138,ts20339,Hiroaki Hirata,Vinsmoke Sanji (voice),ACTOR
215652,tm151332,Tewfik Saleh,,ACTOR
801742,tm174256,Michelle Christa Smith,Dancer,ACTOR
711955,tm139564,Rachel Moss,Miniature Girl,ACTOR
24188,ts272366,Lena Waithe,,ACTOR
28312,tm1038369,Christopher Nicholas Smith,Director,ACTOR
4613,tm145593,Willem Dafoe,Barillo,ACTOR
630235,tm58382,Becca Sweitzer,Cheerleader in Front of School,ACTOR
265222,tm86803,Scotty Crowe,Student Playing Facemash,ACTOR
1565461,tm327652,Abraham Infante,Raoul,ACTOR
65315,tm452900,Fidel Castro,Self (archive footage),ACTOR
1701784,tm991529,Alfonso Perugini,,ACTOR
19201,tm32982,Robyn Miranda Simpson,Ensemble 'Lovely Ladies',ACTOR
41489,tm985712,Sheila Kelley,Self,ACTOR
215052,tm122434,Kevin Davis,Black Panther,ACTOR
93319,tm305433,Joe Murray,Ralph Bighead / Rachel Bighead (voice),ACTOR
32464,tm363248,Mark Metcalf,Second Publisher,ACTOR
908814,tm416121,Adlu Fahrezy,Panji,ACTOR
323228,tm1088545,Moses Inwang,,DIRECTOR
2266879,ts311989,Danny 'DNA' Sorge,Self (Archival Footage),ACTOR
971614,tm192037,Austin Sanderford,Stomping Kid,ACTOR
709392,tm217228,Scott Seol,Prisoner,ACTOR
948,tm441050,Geraldine Somerville,Lady Pressfield,ACTOR
1671063,tm848995,Lisa Davina Phillip,Ms. Johnston,ACTOR
838233,ts78558,Antoni Porowski,Himself - Food,ACTOR
864325,ts79219,Dion Reed,"Himself - Flint Police Officer, LERTA Cadet Graduate",ACTOR
1534,tm472411,Jackie Chan,Himself (archive footage),ACTOR
952896,tm158304,Sue Redman,ER Nurse #1,ACTOR
13971,tm48430,Dale Harimoto,WKXI Anchor,ACTOR
2286931,tm148270,Deborah Daulton-Morton,Christie's Auction Goer (uncredited),ACTOR
154158,tm845437,Susan Stryker,Self - Historian,ACTOR
8968,tm171042,Rakefet Abergel,Trainee #1,ACTOR
7139,tm138875,Anthony Welch,Restaurant Patron (uncredited),ACTOR
395,ts9246,Jun Fukuyama,Okumura Yukio (voice),ACTOR
3010,tm840196,Joseph Gordon-Levitt,Richard Schultz,ACTOR
421698,tm444821,Tünde Szalontay,,ACTOR
208849,tm316414,Benjamin Weaver,Hellfest Halloween Park Goer (uncredited),ACTOR
964044,ts89679,Chung Lin Li,Wu Bai Sen,ACTOR
850125,tm822271,Faradina Mufti,Rahayu,ACTOR
1081,tm863823,Owen Vaccaro,Casper,ACTOR
1419294,tm180542,Cliff Cudney,Mounted Policeman,ACTOR
174879,tm440255,Andrzej Grabowski,Public prosecutor,ACTOR
230267,tm244174,Lena Avgust,Parade Goer,ACTOR
609100,tm1054462,Tomasz Włosok,Janek (segment 'Supermarket'),ACTOR
275973,tm357820,Matt Angel,Cop #1,ACTOR
9240,tm278681,Tom McGrath,Bar Thief (voice),ACTOR
1134233,tm191989,Billy Capucilli,Communion Party Man,ACTOR
2295935,ts311987,Nazim Seliakhov,,ACTOR
1659239,ts271604,Hiromu Mineta,Yatora Yaguchi (voice),ACTOR
669778,tm851599,Marthino Lio,Bobby Sadewo,ACTOR
2117430,tm845415,Riley Knoxx,Self,ACTOR
67337,tm215339,Ralphie May,Himself,ACTOR
1909777,tm889647,Sara Vessal,Convenience Store Cashier,ACTOR
3361,tm856378,Paul Guilfoyle,General Themes,ACTOR
1791212,tm434830,Looee Ishulutak,Zach's Mom,ACTOR
651101,ts53399,Maggie Huang,Su Jin,ACTOR
1083737,ts85276,Lee Chul Min,government officer,ACTOR
1007253,tm362878,Adhisty Zara,Disa,ACTOR
5433,tm24088,Anna Faris,Cindy,ACTOR
116987,ts78298,IU,Lee Ji-an,ACTOR
2500,tm483997,Kevin Otto,Mr. Johnson,ACTOR
190017,tm270555,Kief Davidson,,DIRECTOR
160098,tm34846,Mitsuaki Madono,Kon (voice),ACTOR
133275,tm244380,Ricky Davao,Robert dela Torre,ACTOR
837372,ts251617,Latif Nasser,Himself - Host,ACTOR
123757,tm195209,Sam Spruell,Jack 'The Hat' McVitie,ACTOR
10859,tm139564,Peyton List,Mackenzie Smith,ACTOR
1971250,tm457410,Ozan Can Yigit,Misket,ACTOR
177426,tm244758,Julie Dray,Sophie,ACTOR
126591,tm1017664,Antonio Zavatteri,Arrigo Sacchi,ACTOR
121089,tm166628,Bruno Paviot,Hotel Desk Manager,ACTOR
2317,tm239707,Adam Sandler,Max Kessler,ACTOR
62769,tm67378,Jorge Martínez de Hoyos,Padilla,ACTOR
1602365,tm917846,Martin Edward Ziqubu,Mkhulu,ACTOR
133311,tm1030241,Saiju Kurup,Police Officer,ACTOR
589343,tm84906,Geoff Bell,Receptionist,ACTOR
396878,tm30170,Diwakar Pundir,Ramesh,ACTOR
778973,ts288536,Prue Leith,Herself - Judge,ACTOR
101373,tm441232,Michelle Buteau,Cynthia,ACTOR
824096,ts240453,Emil Algpeus,Gunnar,ACTOR
