Museum ID,Name of Institution,Alternative Name of Institution,Phone,Web URL,Museum Type,EIN,NTEECC,Tax Period of Latest Return Filled,Gross Income,Total Revenue,Income Code,NCES Locale Code,AAM Museum Region,State Code,County Code,Tract,Block,Minor Civil Division,Place Code,CBSA Code,MSAD Code,Micropolitan Area Flag,Country Code,IRS 990 Flag,IMLS Admin Data Source Flag,Third Party Source Flag,Private Grant Foundation Data Source Flag,Location ,Address,City,State,Zip Code,Location
8403602207,MUSEUM OF HISTORIC AND CONTEMPORARY HUMOR,,,,HST,364642130,A54,01/01/201212 12:00:00 AM,$0.00,$0.00,0.0,4,2,36,111.0,950400.0,1011.0,65299.0,,28740.0,,0.0,840,1,0,0,0,"PO BOX 38
SAUGERTIES, NY 12477-0038
(42.072829, -73.987011)",PO BOX 38,SAUGERTIES,NY,12477-0038,"PO BOX 38
SAUGERTIES, NY 12477-0038
(42.07952425500048, -73.95453954299967)"
8403000066,HIGH PLAINS WOMENS MUSEUM,,,http://www.highplainswomensmuseum.com,GMU,30605818,,,,,,1,5,30,111.0,300.0,1023.0,90315.0,6550.0,13740.0,,0.0,840,1,0,0,0,"PO BOX 1604
BILLINGS, MT 59103
(45.774432, -108.494632)",PO BOX 1604,BILLINGS,MT,59103,"PO BOX 1604
BILLINGS, MT 59103
(45.774319482000465, -108.49436707599966)"
8403602394,POINT LOOKOUT HISTORICAL SOCIETY INC,,,,HSC,800807836,A80,01/01/201312 12:00:00 AM,$0.00,$0.00,0.0,2,2,36,59.0,416900.0,3020.0,34000.0,58849.0,35620.0,35004.0,0.0,840,1,0,0,0,"BOX 854
POINT LOOKOUT, NY 11569-0854
(40.591325, -73.582642)",BOX 854,POINT LOOKOUT,NY,11569-0854,"BOX 854
POINT LOOKOUT, NY 11569-0854
(40.59214201500049, -73.57907893799967)"
8403601844,FREDERICK W VNDRBILT GRDN ASSN,,8452296432.0,,GMU,222596204,,01/01/201212 12:00:00 AM,$30318.00,$30318.00,3.0,2,2,36,27.0,70301.0,4013.0,37209.0,32776.0,35620.0,20524.0,0.0,840,1,0,0,0,"PO BOX 239
HYDE PARK, NY 12538-0239
(41.780279, -73.908617)",PO BOX 239,HYDE PARK,NY,12538-0239,"PO BOX 239
HYDE PARK, NY 12538-0239
(41.79154164400046, -73.93624706999964)"
8405500279,FOREST EXPLORATION CENTER INC,,,,CMU,270693732,A52,01/01/201306 12:00:00 AM,$168671.00,$168671.00,4.0,2,4,55,79.0,91200.0,3011.0,84675.0,84675.0,33340.0,,0.0,840,1,0,0,0,"PO BOX 13154
WAUWATOSA, WI 53213-0154
(43.04893, -88.00209)",PO BOX 13154,WAUWATOSA,WI,53213-0154,"PO BOX 13154
WAUWATOSA, WI 53213-0154
(43.06795214800047, -87.98238939599969)"
8405600166,THE MUSEUM OF THE AMERICAN WEST,MUSEUM OF THE AMERICAN WEST,,,HST,830327259,A54,01/01/201212 12:00:00 AM,$77732.00,$77732.00,3.0,3,5,56,13.0,100.0,2052.0,92035.0,44760.0,40180.0,,1.0,840,1,0,0,0,"1445 MAIN ST
LANDER, WY 82520-2649
(42.840823, -108.74594)",1445 MAIN ST,LANDER,WY,82520-2649,"1445 MAIN ST
LANDER, WY 82520-2649
(42.8412730170005, -108.74550057399966)"
8401900588,GEORGE MAIER RURAL HERITAGE CENTER OF CLAYTON COUNTY INC,,,,HST,421500572,A54,01/01/201112 12:00:00 AM,$0.00,$0.00,0.0,4,4,19,43.0,70500.0,1000.0,94374.0,,,,0.0,840,1,0,0,0,"27025 KENNEDY RD
GUTTNBERG, IA 52043-8343
(42.802837, -91.27011)",27025 KENNEDY RD,GUTTNBERG,IA,52043-8343,"27025 KENNEDY RD
GUTTNBERG, IA 52043-8343
(42.80244807200046, -91.26935274699969)"
8402600694,MICHIGAN SUPREME COURT HISTORICAL SOCIETY INC,,,,HSC,382803195,A82,01/01/201212 12:00:00 AM,$219441.00,$104557.00,4.0,1,4,26,65.0,600.0,2015.0,46000.0,46000.0,29620.0,,0.0,840,1,0,0,0,"925 W OTTAWA ST
LANSING, MI 48915
(42.734705, -84.565307)",925 W OTTAWA ST,LANSING,MI,48915,"925 W OTTAWA ST
LANSING, MI 48915
(42.73466194400049, -84.56508060399966)"
8402100433,OWSLEY BROWN FRAZIER HISTORICAL ARMS MUSEUM FOUNDATION INC,FRAZIER INTERNATIONAL HISTORY,,http://www.fraziermuseum.org,HST,611378343,A54,01/01/201206 12:00:00 AM,$7870077.00,$7761420.00,7.0,1,3,21,111.0,4900.0,1035.0,92106.0,48006.0,31140.0,,0.0,840,1,1,1,0,"829 W MAIN ST
LOUISVILLE, KY 40202-2619
(38.257404, -85.76385)",829 W MAIN ST,LOUISVILLE,KY,40202-2619,"829 W MAIN ST
LOUISVILLE, KY 40202-2619
(38.25746825900046, -85.76436753199965)"
8401000028,STONE MAP AND ATLAS FOUNDATION,,,,GMU,201945131,A50,01/01/201212 12:00:00 AM,$4366236.00,,6.0,2,2,10,3.0,10400.0,3027.0,90148.0,,37980.0,48864.0,0.0,840,1,0,0,0,"501 SILVERSIDE RD STE 123
WILMINGTON, DE 19809-1377
(39.786323, -75.48617)",501 SILVERSIDE RD STE 123,WILMINGTON,DE,19809-1377,"501 SILVERSIDE RD STE 123
WILMINGTON, DE 19809-1377
(39.787019503000465, -75.48644630199965)"
8401300685,LAURENS COUNTY HISTORICAL SOCIETY,,,,HSC,586068739,A82,01/01/201212 12:00:00 AM,$0.00,$0.00,0.0,3,3,13,175.0,950400.0,4011.0,90978.0,24376.0,20140.0,,1.0,840,1,0,0,0,"PO BOX 1461
DUBLIN, GA 31040-1461
(32.53839, -82.910328)",PO BOX 1461,DUBLIN,GA,31040-1461,"PO BOX 1461
DUBLIN, GA 31040-1461
(32.54084271100044, -82.90333881299966)"
8402200276,MCKINLEY HIGH SCHOOL ALUMNI ASSOCIATION,,,,HSC,721106642,A80,01/01/201305 12:00:00 AM,$414635.00,$414635.00,4.0,1,3,22,33.0,5100.0,2056.0,95482.0,5000.0,12940.0,,0.0,840,1,0,0,0,"PO BOX 3441
BATON ROUGE, LA 70821-3441
(30.448371, -91.183406)",PO BOX 3441,BATON ROUGE,LA,70821-3441,"PO BOX 3441
BATON ROUGE, LA 70821-3441
(30.44941347900044, -91.18265965499967)"
8404600173,COLD SPRINGS HISTORICAL SOCIETY INC,,,,HSC,460433631,A80,01/01/201212 12:00:00 AM,$0.00,$0.00,0.0,3,5,46,81.0,966100.0,4006.0,15700.0,15700.0,43940.0,,1.0,840,1,0,0,0,"PO BOX7
PRINGLE, SD 57773-0007
(44.384704, -103.720588)",PO BOX7,PRINGLE,SD,57773-0007,"PO BOX7
PRINGLE, SD 57773-0007
(43.60794072600049, -103.59191679599968)"
8402500094,MASHPEE WAMPANOAG TRIBAL COUNCIL,,5084770209.0,,HSC,,,,,,,2,1,25,1.0,15100.0,2058.0,39100.0,,12700.0,,0.0,840,0,0,1,0,"33 GREAT NECK RD S
MASHPEE, MA 2649
(41.614503, -70.478798)",33 GREAT NECK RD S,MASHPEE,MA,2649,"33 GREAT NECK RD S
MASHPEE, MA 2649
(41.61636375600045, -70.48683680199963)"
8401500048,LYON ARBORETUM ASSOCIATION,LYON ARBORETUM,,http://www.hawaii.edu/lyonarboretum,BOT,237429693,C41,01/01/201212 12:00:00 AM,$54634.00,$52710.00,3.0,1,6,15,3.0,3102.0,1000.0,90810.0,71550.0,46520.0,,0.0,840,1,0,1,1,"3860 MANOA RD
HONOLULU, HI 96822-1139
(21.332429, -157.800527)",3860 MANOA RD,HONOLULU,HI,96822-1139,"3860 MANOA RD
HONOLULU, HI 96822-1139
(21.331764116000443, -157.80070417399975)"
8404201165,THE MONONGAHELA AREA HISTORICAL SOCIETY,,,http://monongahelahistoricalsociety.com,HSC,251442310,A82,01/01/201312 12:00:00 AM,$0.00,$0.00,0.0,2,2,42,125.0,773100.0,1097.0,50408.0,50408.0,38300.0,,0.0,840,1,0,0,0,"230 WEST MAIN STREET
MONONGAHELA, PA 15063
(40.203178, -79.926345)",230 WEST MAIN STREET,MONONGAHELA,PA,15063,"230 WEST MAIN STREET
MONONGAHELA, PA 15063
(40.20199752700046, -79.92492992999968)"
8402600334,FLUSHING AREA HISTORICAL SOCIETY,,,,HSC,237371948,A82,01/01/201212 12:00:00 AM,$48000.00,$48000.00,3.0,2,4,26,49.0,10603.0,2003.0,29200.0,29200.0,22420.0,,0.0,840,1,0,0,0,"PO BOX 390
FLUSHING, MI 48433-0390
(43.072499, -83.84286)",PO BOX 390,FLUSHING,MI,48433-0390,"PO BOX 390
FLUSHING, MI 48433-0390
(43.06279028200049, -83.85422585899965)"
8401300144,DUNAWAY GARDENS FOUNDATION INC,DUNAWAY GARDENS,,http://www.dunawaygardens.com,BOT,30472979,C41,01/01/201212 12:00:00 AM,$0.00,$0.00,0.0,4,3,13,77.0,170303.0,1074.0,92154.0,,12060.0,,0.0,840,1,0,1,0,"3218 ROSCOE RD
NEWNAN, GA 30263-4056
(33.479145, -84.819962)",3218 ROSCOE RD,NEWNAN,GA,30263-4056,"3218 ROSCOE RD
NEWNAN, GA 30263-4056
(33.47863507000045, -84.81953796899967)"
8403500010,SINGLETON BISS MUSEUM,,5059959713.0,,GMU,,,,,,,1,5,35,49.0,400.0,1033.0,92820.0,70500.0,42140.0,,0.0,840,0,0,1,0,"112 W SAN FRANCISCO ST
SANTA FE, NM 87501
(35.687283, -105.939746)",112 W SAN FRANCISCO ST,SANTA FE,NM,87501,"112 W SAN FRANCISCO ST
SANTA FE, NM 87501
(35.687314238000454, -105.9397602519997)"
8404900037,MOQUI CAVE,,4356448525.0,http://www.moquicave.com,GMU,,,,,,,4,6,49,25.0,130200.0,1000.0,91591.0,,,,0.0,840,0,0,1,0,"4518 N HIGHWAY 89
KANAB, UT 84741
(37.045034, -112.509746)",4518 N HIGHWAY 89,KANAB,UT,84741,"4518 N HIGHWAY 89
KANAB, UT 84741
(37.02435745200046, -112.42780387699969)"
8400601945,AFRICAN FAMILY FILM FOUNDATION,,,,ART,770310108,A51,01/01/201212 12:00:00 AM,$0.00,$0.00,0.0,1,6,6,87.0,100700.0,2011.0,92900.0,69112.0,42100.0,,0.0,840,1,0,0,0,"PO BOX 630
SANTA CRUZ, CA 95061-0630
(36.976167, -122.026334)",PO BOX 630,SANTA CRUZ,CA,95061-0630,"PO BOX 630
SANTA CRUZ, CA 95061-0630
(36.97637192700046, -122.0263972349997)"
8403901086,WARRENSVILLE HEIGHTS COIN CLUB INC,,,,GMU,341657590,A50,01/01/201212 12:00:00 AM,$6910.00,$-5590.00,1.0,2,4,39,35.0,184106.0,2001.0,72928.0,72928.0,17460.0,,0.0,840,1,0,0,0,"PO BOX 391441
SOLON, OH 44139-8441
(41.386346, -81.445249)",PO BOX 391441,SOLON,OH,44139-8441,"PO BOX 391441
SOLON, OH 44139-8441
(41.38719109900046, -81.44065792899966)"
8403300206,NH WINGS OF HOPE FOUNDATION,,,,GMU,20519230,A50,01/01/201212 12:00:00 AM,$157386.00,$3743.00,4.0,3,1,33,13.0,32400.0,2005.0,14200.0,14200.0,18180.0,,1.0,840,1,0,0,0,"109 N STATE ST STE 2
CONCORD, NH 03301-4358
(43.213643, -71.542508)",109 N STATE ST STE 2,CONCORD,NH,03301-4358,"109 N STATE ST STE 2
CONCORD, NH 03301-4358
(43.2111214840005, -71.54112002199963)"
8403100176,DOANE COLLEGE,DOANE COLLEGE,4028262161.0,http://www.doane.edu,GMU,470377991,B42,01/01/201306 12:00:00 AM,$70456418.00,$53625318.00,9.0,3,5,31,151.0,960600.0,4023.0,90608.0,11370.0,,,0.0,840,1,0,1,0,"1014 BOSWELL AVE
CRETE, NE 68333-2426
(40.622683, -96.951916)",1014 BOSWELL AVE,CRETE,NE,68333-2426,"1014 BOSWELL AVE
CRETE, NE 68333-2426
(40.62267288000049, -96.95182870999969)"
8402500508,JEWISH WOMENS ARCHIVE INC,,,,HST,43293188,A54,01/01/201209 12:00:00 AM,$1289284.00,$1196252.00,6.0,2,1,25,21.0,400900.0,3015.0,9175.0,9210.0,14460.0,14454.0,0.0,840,1,0,0,0,"ONE HARVARD STREET
BROOKLINE, MA 02445-7948
(42.333267, -71.118734)",ONE HARVARD STREET,BROOKLINE,MA,02445-7948,"ONE HARVARD STREET
BROOKLINE, MA 02445-7948
(42.33322042900045, -71.11867619499964)"
8402200047,MELROSE PLANTATION,MELROSE PLANTATION,3183792431.0,,HSC,,,,,,,4,3,22,69.0,900.0,2058.0,95581.0,,35060.0,,1.0,840,0,1,0,0,"3533 HWY. 119
MELROSE, LA 71452
(31.638511, -92.995602)",3533 HWY. 119,MELROSE,LA,71452,"3533 HWY. 119
MELROSE, LA 71452
(31.59880414000048, -92.96724691599968)"
8405500315,LAIRD FOUNDATION FOR HISTORIC PRESERVATION INC,,,,HSC,311610615,A82,01/01/201212 12:00:00 AM,$15527.00,$15527.00,2.0,3,4,55,141.0,10300.0,3005.0,49675.0,49675.0,49220.0,,1.0,840,1,0,0,0,"208 S CHERRY AVE
MARSHFIELD, WI 54449-3732
(44.65881, -90.176625)",208 S CHERRY AVE,MARSHFIELD,WI,54449-3732,"208 S CHERRY AVE
MARSHFIELD, WI 54449-3732
(44.6638578460005, -90.17063877199968)"
8402300452,MOOSEHEAD HISTORICAL SOCIETY INC,MOOSEHEAD HISTORICAL SOCIETY,2076952909.0,,HSC,237138146,A82,01/01/201212 12:00:00 AM,$116649.00,$112853.00,4.0,4,1,23,21.0,960301.0,3006.0,29535.0,,,,0.0,840,1,1,0,0,"PO BOX 1116
GREENVILLE, ME 04441-1116
(45.512749, -69.554303)",PO BOX 1116,GREENVILLE,ME,04441-1116,"PO BOX 1116
GREENVILLE, ME 04441-1116
(45.53774879400049, -69.54361609199964)"
8402400056,HISTORICAL SOCIETY OF CARROLL COUNTY,HISTORICAL SOCIETY OF CARROLL COUNTY,4108486494.0,,HSC,,,,,,,2,2,24,13.0,507801.0,2008.0,90576.0,83100.0,12580.0,,0.0,840,0,1,0,0,"210 EAST MAIN STREET
WESTMINSTER, MD 21157
(39.569376, -76.990366)",210 EAST MAIN STREET,WESTMINSTER,MD,21157,"210 EAST MAIN STREET
WESTMINSTER, MD 21157
(39.56954887900048, -76.99024256099966)"
8402900748,AUTO WORLD MUSEUM FOUNDATION,,,,GMU,562640544,A50,01/01/201212 12:00:00 AM,$187349.00,,4.0,3,4,29,27.0,70400.0,4019.0,78766.0,26182.0,27620.0,,0.0,840,1,0,0,0,"PO BOX 128
FULTON, MO 65251-0128
(38.850695, -91.966502)",PO BOX 128,FULTON,MO,65251-0128,"PO BOX 128
FULTON, MO 65251-0128
(38.84561062000046, -91.94815835699967)"
8401300200,DEKALB HISTORICIAL SOCIETY INC,DEKALB HISTORY CENTER MUSEUM,,http://www.dekalbhistory.org,HSC,237049254,A82,01/01/201212 12:00:00 AM,$398021.00,$356232.00,4.0,2,3,13,89.0,22600.0,2024.0,90150.0,22052.0,12060.0,,0.0,840,1,0,1,0,"101 E COURT SQ
DECATUR, GA 30030-2544
(33.775508, -84.29608)",101 E COURT SQ,DECATUR,GA,30030-2544,"101 E COURT SQ
DECATUR, GA 30030-2544
(33.77503316600047, -84.29587085099968)"
8402600160,FIFE LAKE AREA HISTORICAL MUSEUM,,2318793342.0,http://fifelakemuseum.com,HSC,,,,,,,4,4,26,55.0,550200.0,2145.0,28020.0,28000.0,45900.0,,1.0,840,0,0,1,0,"136 E STATE ST
FIFE LAKE, MI 49633
(44.57675, -85.349743)",136 E STATE ST,FIFE LAKE,MI,49633,"136 E STATE ST
FIFE LAKE, MI 49633
(44.57697666700045, -85.35222024599966)"
8402100274,THE LITTLE LOOMHOUSE,THE LITTLE LOOMHOUSE,5023674792.0,http://www.loomhouse.org,GMU,610961553,,01/01/201306 12:00:00 AM,$42443.00,$40202.00,3.0,1,3,21,111.0,7100.0,5051.0,92105.0,48006.0,31140.0,,0.0,840,0,1,0,0,"LOUISVILLE, KY 40209
(38.192773, -85.750952)",,LOUISVILLE,KY,40209,"LOUISVILLE, KY 40209
(38.188322239000456, -85.75399869099965)"
8403901282,CONNEAUT HISTORICAL SOCIETY INC,CONNEAUT AREA HISTORICAL SOCIETY,,,HST,347052966,A54,01/01/201212 12:00:00 AM,$0.00,$0.00,0.0,3,4,39,7.0,101.0,2068.0,18350.0,18350.0,11780.0,,1.0,840,1,0,1,0,"402 S AMBOY RD
CONNEAUT, OH 44030-3004
(41.922645, -80.615419)",402 S AMBOY RD,CONNEAUT,OH,44030-3004,"402 S AMBOY RD
CONNEAUT, OH 44030-3004
(41.925758775000475, -80.61529383599964)"
8401701322,BRAIDWOOD AREA HISTORICAL SOCIETY,,,,HSC,611522908,A82,01/01/201212 12:00:00 AM,$4459.00,$4459.00,1.0,3,4,17,197.0,884003.0,2015.0,63108.0,7770.0,16980.0,16974.0,0.0,840,1,0,0,0,"111 N CENTER ST
BRAIDWOOD, IL 60408
(41.264851, -88.217279)",111 N CENTER ST,BRAIDWOOD,IL,60408,"111 N CENTER ST
BRAIDWOOD, IL 60408
(41.263882287000456, -88.21722406399965)"
8400900380,FRIENDS OF THE FIRST COMPANY GOVERNORS HORSE GUARDS INC,,,,HSC,203454465,A80,01/01/201212 12:00:00 AM,$29503.00,$9961.00,3.0,1,1,9,3.0,500300.0,2001.0,37070.0,37000.0,25540.0,,0.0,840,1,0,0,0,"PO BOX 280894
EAST HARTFORD, CT 06128-0894
(41.756634, -72.675867)",PO BOX 280894,EAST HARTFORD,CT,06128-0894,"PO BOX 280894
EAST HARTFORD, CT 06128-0894
(41.76879119600045, -72.64402943599964)"
8405400044,ANNA JARVIS BIRTH PLACE MUSEUM,,3042655549.0,,GMU,,,,,,,3,3,54,91.0,964600.0,4009.0,93175.0,32716.0,17220.0,,1.0,840,0,0,1,0,"ROUTE 119
GRAFTON, WV 26354
(39.34417, -80.018839)",ROUTE 119,GRAFTON,WV,26354,"ROUTE 119
GRAFTON, WV 26354
(39.24577041900045, -80.05091889799968)"
8400900296,OSBORNE HOMESTEAD MUSEUM,OSBORNE HOMESTEAD MUSEUM,,http://www.dep.state.ct.us/kellogg/osborne.htm,GMU,66000798,,,,,,2,1,9,9.0,120100.0,4006.0,19550.0,19480.0,35300.0,,0.0,840,0,1,0,0,"DERBY, CT 6418
(41.322041, -73.079432)",,DERBY,CT,6418,"DERBY, CT 6418
(41.32340012700047, -73.08048664899962)"
8400900270,AMERICAN MUSEUM TORT LAW INC,AMERICAN MUSEUM TORT LAW,8607383138.0,,HST,61529225,A54,01/01/201212 12:00:00 AM,$71987.00,$71987.00,3.0,3,1,9,5.0,320100.0,3017.0,86440.0,87350.0,45860.0,,1.0,840,1,0,1,0,"97 MAIN STREET
WINSTED, CT 06098-1751
(41.921017, -73.06075)",97 MAIN STREET,WINSTED,CT,06098-1751,"97 MAIN STREET
WINSTED, CT 06098-1751
(41.920986764000475, -73.06186399299963)"
8404000271,STAFFORD AIR & SPACE MUSEUM INC,STAFFORD AIR AND SPACE MUSEUM,5807725871.0,http://www.staffordmuseum.com/location.htm,GMU,611548730,A50,01/01/201212 12:00:00 AM,$738848.00,$364915.00,5.0,3,5,40,39.0,960700.0,1089.0,93614.0,79450.0,48220.0,,1.0,840,1,0,1,1,"3000 E LOGAN RD
WEATHERFORD, OK 73096-2681
(35.544836, -98.671644)",3000 E LOGAN RD,WEATHERFORD,OK,73096-2681,"3000 E LOGAN RD
WEATHERFORD, OK 73096-2681
(35.54484038600049, -98.6703683129997)"
8401800641,FRANKLIN COUNTY HISTORICAL SOCIETY INC,,3176475506.0,,HSC,356035627,A82,01/01/201212 12:00:00 AM,$0.00,$0.00,0.0,4,4,18,47.0,969700.0,3007.0,8200.0,8182.0,,,0.0,840,1,0,0,0,"826 MAIN ST
BROOKVILLE, IN 47012
(39.423582, -85.012712)",826 MAIN ST,BROOKVILLE,IN,47012,"826 MAIN ST
BROOKVILLE, IN 47012
(39.423531315000446, -85.01273648699964)"
8402600974,TROY MUSEUM AND HISTORIC VILLAGE,TROY MUSEUM AND HISTORIC VILLAGE,,http://www.troy.ci.mi.us,GMU,386027333,,,,,,1,4,26,125.0,196900.0,1010.0,80700.0,80700.0,19820.0,47664.0,0.0,840,0,1,0,0,"60 WEST WATTLES ROAD
TROY, MI 48098-4640
(42.577272, -83.149612)",60 WEST WATTLES ROAD,TROY,MI,48098-4640,"60 WEST WATTLES ROAD
TROY, MI 48098-4640
(42.57730721200045, -83.14913081899965)"
8400602313,FRESNO METROPOLITAN MUSEUM OF ART AND SCIENCE,FRESNO METROPOLITAN MUSEUM,5594411444.0,http://www.fresnomet.org,GMU,942600142,A50,,,,,1,6,6,19.0,4405.0,3000.0,91080.0,27000.0,23420.0,,0.0,840,1,1,1,1,"205 E RIVER PARK CIR STE 410
FRESNO, CA 93720-1572
(36.860417, -119.782417)",205 E RIVER PARK CIR STE 410,FRESNO,CA,93720-1572,"205 E RIVER PARK CIR STE 410
FRESNO, CA 93720-1572
(36.854561859000455, -119.78640860199971)"
8402600147,GERALD FORD MUSEUM,,6162540400.0,http://www.fordlibrarymuseum.gov,GMU,,,,,,,1,4,26,81.0,1900.0,1023.0,34000.0,34000.0,24340.0,,0.0,840,0,0,1,0,"303 PEARL ST NW
GRAND RAPIDS, MI 49504
(42.966622, -85.677247)",303 PEARL ST NW,GRAND RAPIDS,MI,49504,"303 PEARL ST NW
GRAND RAPIDS, MI 49504
(42.96660182900047, -85.67722563599966)"
8405300277,AMERICAN CURLING FOUNDATION AND MUSEUM,,,,GMU,363429854,,,,,,2,6,53,33.0,30403.0,1007.0,91140.0,37430.0,42660.0,42644.0,0.0,840,1,0,0,0,"2500 S 370TH ST
FEDERAL WAY, WA 98003
(47.269992, -122.301316)",2500 S 370TH ST,FEDERAL WAY,WA,98003,"2500 S 370TH ST
FEDERAL WAY, WA 98003
(47.26994736400047, -122.30017139099971)"
8402800126,GI MUSEUM INC,G.I. MUSEUM,,,HST,383710599,A54,01/01/201212 12:00:00 AM,$0.00,$0.00,0.0,4,3,28,59.0,40700.0,5017.0,93222.0,53520.0,25060.0,,0.0,840,1,0,1,0,"5800 RICHTER ROAD
OCEAN SPRINGS, MS 39564
(30.405458, -88.780107)",5800 RICHTER ROAD,OCEAN SPRINGS,MS,39564,"5800 RICHTER ROAD
OCEAN SPRINGS, MS 39564
(30.402572059000477, -88.77648879799966)"
8400602944,PARENT-TEACHER ASSOCIATION  CLEVELAND ELEMENTARY SCHOOL,PARENT-TEACHER ASSOCIATION  CLEVELAND ELEMENTARY SCHOOL,,,BOT,956207123,B94,01/01/201006 12:00:00 AM,$39516.00,$39516.00,3.0,1,6,6,83.0,700.0,1030.0,92890.0,69070.0,42200.0,,0.0,840,0,0,0,1,"SANTA BARBARA, CA 93103-2802
(34.428295, -119.681014)",,SANTA BARBARA,CA,93103-2802,"SANTA BARBARA, CA 93103-2802
(34.42888224200044, -119.67322922399973)"
8400900465,REX BRASHER ASSOCIATION INC,,,,ART,261458329,A51,01/01/201304 12:00:00 AM,$700.00,$700.00,1.0,4,1,9,5.0,266100.0,1112.0,40290.0,,45860.0,,1.0,840,1,0,0,0,"PO BOX 72
KENT, CT 06757-0072
(41.738629, -73.456975)",PO BOX 72,KENT,CT,06757-0072,"PO BOX 72
KENT, CT 06757-0072
(41.726870584000494, -73.47254809699967)"
8403601278,FARMERS MUSEUM INC,FARMERS MUSEUM,6075471521.0,http://www.farmersmuseum.org,GMU,150547367,A54,01/01/201212 12:00:00 AM,$12744765.00,$2541917.00,8.0,4,2,36,61.0,9600.0,1000.0,44919.0,51000.0,35620.0,35614.0,0.0,840,1,1,0,1,"1 ROCKEFELLER PLZ FL 31
NEW YORK, NY 13326-0800
(40.757868, -73.979294)",1 ROCKEFELLER PLZ FL 31,NEW YORK,NY,13326-0800,"1 ROCKEFELLER PLZ FL 31
NEW YORK, NY 13326-0800
(40.75788804300049, -73.97934850299964)"
8401201070,BOCA RATON MUSEUM OF ART INC,BOCA RATON MUSEUM OF ART,5613922500.0,,ART,596019851,A51,01/01/201304 12:00:00 AM,$5469827.00,$4354910.00,7.0,1,3,12,99.0,7501.0,1017.0,90208.0,7300.0,33100.0,48424.0,0.0,840,1,0,0,0,"501 PLAZA REAL
BOCA RATON, FL 33432-3982
(26.355606, -80.085107)",501 PLAZA REAL,BOCA RATON,FL,33432-3982,"501 PLAZA REAL
BOCA RATON, FL 33432-3982
(26.356242663000444, -80.08541860899965)"
8401900485,LIBERTY SCHOOL MUSEUM INC,,6418433064.0,,GMU,421370219,,01/01/201212 12:00:00 AM,$0.00,$0.00,0.0,4,4,19,81.0,270400.0,1065.0,90069.0,40260.0,,,0.0,840,1,0,0,0,"422 E 5TH ST
KANAWHA, IA 50447
(42.937769, -93.786316)",422 E 5TH ST,KANAWHA,IA,50447,"422 E 5TH ST
KANAWHA, IA 50447
(42.93777466500046, -93.79046849599968)"
8404000534,OKLAHOMA MASONIC HISTORICAL MUSEUM LTD,,,,HSC,743089796,A80,01/01/201212 12:00:00 AM,$0.00,$0.00,0.0,1,5,40,143.0,6906.0,1016.0,93380.0,75000.0,46140.0,,0.0,840,1,0,0,0,"PO BOX 472150
TULSA, OK 74147-2150
(36.097849, -95.875289)",PO BOX 472150,TULSA,OK,74147-2150,"PO BOX 472150
TULSA, OK 74147-2150
(36.09785094600045, -95.87663848199969)"
8403800015,MUSEUM DIVISION - SHSND,MUSEUM DIVISION - SHSND,,,GMU,,,,,,,1,5,38,15.0,10400.0,3038.0,7200.0,7200.0,13900.0,,0.0,840,0,1,0,0,"NORTH DAKOTA HERITAGE CENTER
BISMARCK, ND 58505
(46.816778, -100.782593)",NORTH DAKOTA HERITAGE CENTER,BISMARCK,ND,58505,"NORTH DAKOTA HERITAGE CENTER
BISMARCK, ND 58505
(46.81680796100051, -100.7826557899997)"
8403602256,FRIENDS OF THE BATAVIA PEACE GARDEN INC,,,,BOT,455478281,C41,01/01/201212 12:00:00 AM,$0.00,$0.00,0.0,3,2,36,37.0,950700.0,3001.0,4715.0,4715.0,12860.0,,1.0,840,1,0,0,0,"3 WEST MAIN ST
BATAVIA, NY 14020-2019
(42.997815, -78.185805)",3 WEST MAIN ST,BATAVIA,NY,14020-2019,"3 WEST MAIN ST
BATAVIA, NY 14020-2019
(42.99826295100047, -78.18808095599968)"
8403600337,EMPIRE STATE CAROUSEL,,6312072017.0,,GMU,,,,,,,2,2,36,103.0,158803.0,3019.0,10000.0,35254.0,35620.0,35004.0,0.0,840,0,0,1,0,"249 BUCKLEY RD
HOLTSVILLE, NY 11742
(40.797734, -73.038169)",249 BUCKLEY RD,HOLTSVILLE,NY,11742,"249 BUCKLEY RD
HOLTSVILLE, NY 11742
(40.79948400900048, -73.03828569699965)"
8400800028,PHILLIPS COUNTY MUSEUM,PHILLIPS COUNTY MUSEUM,9708542129.0,,GMU,,,,,,,4,5,8,95.0,967600.0,4023.0,91767.0,37270.0,,,0.0,840,0,1,0,0,"109 SOUTH CAMPBELL AVE.
HOLYOKE, CO 80734
(40.585357, -102.300892)",109 SOUTH CAMPBELL AVE.,HOLYOKE,CO,80734,"109 SOUTH CAMPBELL AVE.
HOLYOKE, CO 80734
(40.58544256500045, -102.3007718069997)"
8400601537,BUENA PARK CHILDRENS MUSEUM,,,,GMU,463216285,A52,,,,0.0,2,6,6,59.0,110401.0,3003.0,90050.0,8786.0,31080.0,11244.0,0.0,840,1,0,0,0,"7550 ORANGETHORPE
BUENA PARK, CA 90621-3467
(33.85888, -118.000754)",7550 ORANGETHORPE,BUENA PARK,CA,90621-3467,"7550 ORANGETHORPE
BUENA PARK, CA 90621-3467
(33.85894305800048, -118.00116975599968)"
8403602342,KONI FOUNDATION INC,,,,GMU,650676162,A50,01/01/201212 12:00:00 AM,$307575.00,,4.0,2,2,36,103.0,134904.0,4021.0,68000.0,67851.0,35620.0,35004.0,0.0,840,1,0,0,0,"18 MANOR RD
SMITHTOWN, NY 11787-2715
(40.85087, -73.202411)",18 MANOR RD,SMITHTOWN,NY,11787-2715,"18 MANOR RD
SMITHTOWN, NY 11787-2715
(40.85651409400049, -73.19387354799966)"
8400100402,B BATTERY 711 AAA GUN BATTALION MEMORIAL,,,,HSC,631269511,A80,01/01/201309 12:00:00 AM,$0.00,$0.00,0.0,3,3,1,3.0,10600.0,1017.0,90207.0,4660.0,19300.0,,0.0,840,1,0,0,0,"PO BOX 1173
BAY MINETTE, AL 36507-1173
(30.868886, -87.782348)",PO BOX 1173,BAY MINETTE,AL,36507-1173,"PO BOX 1173
BAY MINETTE, AL 36507-1173
(30.882680034000487, -87.78715961499967)"
8401200903,CENTER FOR HISTORICAL ARCHAEOLOGY INC,,,https://historicalarchaeology.org/,GMU,593054027,,01/01/201212 12:00:00 AM,$0.00,$0.00,0.0,2,3,12,9.0,66104.0,2036.0,92119.0,,37340.0,,0.0,840,1,0,0,0,"382 AQUARINA BOULEVARD
MELBOURNE BEACH, FL 32951-3295
(27.921906, -80.488409)",382 AQUARINA BOULEVARD,MELBOURNE BEACH,FL,32951-3295,"382 AQUARINA BOULEVARD
MELBOURNE BEACH, FL 32951-3295
(27.922430063000434, -80.48833223799966)"
8400500289,CHIDESTER MUSEUM AND HISTORIAL ASSOCIATION,,,,HST,721616748,A54,01/01/201112 12:00:00 AM,$0.00,$0.00,0.0,4,3,5,103.0,950200.0,1086.0,93066.0,13750.0,15780.0,,1.0,840,1,0,0,0,"132 WILLOW STREET / PO BOX 351
CHIDESTER, AR 71726-0351
(33.700914, -93.024455)",132 WILLOW STREET / PO BOX 351,CHIDESTER,AR,71726-0351,"132 WILLOW STREET / PO BOX 351
CHIDESTER, AR 71726-0351
(33.70077738300046, -93.02426248999967)"
8402000326,US CAVALRY MUSEUM,HISTORICAL AND ARCHAEOLOGICAL SOCIETY OF FORT RILEY KANSAS,7852392737.0,,GMU,480943731,,,,,,3,5,20,61.0,600.0,3000.0,66000.0,,27920.0,,1.0,840,1,0,1,0,"500 HUEBNER RD
FORT RILEY, KS 66442
(39.074142, -96.777429)",500 HUEBNER RD,FORT RILEY,KS,66442,"500 HUEBNER RD
FORT RILEY, KS 66442
(39.064464013000475, -96.79864037999965)"
8405500289,FRIENDS OF THE NEW LONDON PUBLIC MUSEUM INC,NEW LONDON PUBLIC MUSEUM,,http://wwwfnlpm.org,GMU,272533891,B11,01/01/201212 12:00:00 AM,$0.00,$0.00,0.0,3,4,55,135.0,100900.0,4004.0,56925.0,56925.0,,,0.0,840,1,0,1,0,"406 S PEARL ST
NEW LONDON, WI 54961
(44.389879, -88.739586)",406 S PEARL ST,NEW LONDON,WI,54961,"406 S PEARL ST
NEW LONDON, WI 54961
(44.38972862200046, -88.73962211299965)"
8402300345,THE FALMOUTH HISTORICAL SOCIETY,,,,HSC,16023075,A82,01/01/201306 12:00:00 AM,$16956.00,$16664.00,2.0,2,1,23,5.0,2501.0,4005.0,24495.0,24480.0,38860.0,,0.0,840,1,0,0,0,"190 US RTE 1
FALMOUTH, ME 04105-1313
(43.717612, -70.2332)",190 US RTE 1,FALMOUTH,ME,04105-1313,"190 US RTE 1
FALMOUTH, ME 04105-1313
(43.71621531000045, -70.23342763899967)"
8405100431,OLD BRICK HOUSE FOUNDATION,,,,HSC,311789366,A80,01/01/201304 12:00:00 AM,$10023.00,$10023.00,2.0,2,3,51,570.0,830100.0,1002.0,90948.0,18448.0,40060.0,,0.0,840,1,0,0,0,"319 WATERFRONT DR
COLONIAL HGTS, VA 23834-2115
(37.288752, -77.368262)",319 WATERFRONT DR,COLONIAL HGTS,VA,23834-2115,"319 WATERFRONT DR
COLONIAL HGTS, VA 23834-2115
(37.28804874000048, -77.36750101699965)"
8404400129,FIRST CONGREGATIONAL CHURCH IN BRISTOL,FIRST CONGREGATIONAL CHURCH IN BRISTOL,,,HSC,56008633,A82,,,,0.0,2,1,44,1.0,30700.0,2006.0,9280.0,,39300.0,,0.0,840,0,0,0,1,"BRISTOL, RI 02809-1902
(41.682859, -71.270139)",,BRISTOL,RI,02809-1902,"BRISTOL, RI 02809-1902
(41.67174115600045, -71.27422738699966)"
8402700276,BUENA VISTA LOGGING HERITAGE MUSEUM,,,,GMU,363441385,,01/01/201212 12:00:00 AM,$0.00,$0.00,0.0,4,4,27,7.0,450300.0,1038.0,65758.0,,13420.0,,1.0,840,1,0,0,0,"16150 GOLDEN EAGLE CT NW
BEMIDJI, MN 56601
(47.624297, -94.885261)",16150 GOLDEN EAGLE CT NW,BEMIDJI,MN,56601,"16150 GOLDEN EAGLE CT NW
BEMIDJI, MN 56601
(47.62433740000046, -94.88598311999965)"
8405000237,CHELSEA HISTORICAL SOCIETY INC,,,,HSC,237126302,,01/01/201212 12:00:00 AM,$0.00,$0.00,0.0,4,1,50,17.0,959500.0,2050.0,13525.0,,17200.0,,1.0,840,1,0,0,0,"PO BOX 56
CHELSEA, VT 5038
(43.990015, -72.450369)",PO BOX 56,CHELSEA,VT,5038,"PO BOX 56
CHELSEA, VT 5038
(43.992072091000466, -72.46657647699965)"
8402400097,BLACK BOX THEATRE,,3017433040.0,http://www.indianheadblackbox.org,GMU,,,,,,,2,2,24,17.0,850202.0,1042.0,90584.0,41500.0,47900.0,47894.0,0.0,840,0,0,1,0,"4185 INDIAN HEAD HWY
INDIAN HEAD, MD 20640
(38.599691, -77.164797)",4185 INDIAN HEAD HWY,INDIAN HEAD,MD,20640,"4185 INDIAN HEAD HWY
INDIAN HEAD, MD 20640
(38.59971232300046, -77.16456883099966)"
8402000368,RAYMER SOCIETY FOR ARTS,RAYMER SOCIETY,7852272217.0,http://www.redbarnstudio.org,HSC,481055535,,01/01/201212 12:00:00 AM,$372480.00,$125785.00,4.0,3,5,20,113.0,788200.0,3038.0,41375.0,41375.0,32700.0,,1.0,840,1,0,1,0,"212 S MAIN ST
LINDSBORG, KS 67456-2614
(38.737725, -97.68311)",212 S MAIN ST,LINDSBORG,KS,67456-2614,"212 S MAIN ST
LINDSBORG, KS 67456-2614
(38.57152037600048, -97.67590578199969)"
8400100350,ATMORE HISTORICAL SOCIETY,,,,HSC,631114123,A82,01/01/201212 12:00:00 AM,$0.00,$0.00,0.0,3,3,1,53.0,970700.0,1076.0,90153.0,3004.0,,,0.0,840,1,0,0,0,"11 ROLLINS PL
ATMORE, AL 36502-3230
(31.01045, -87.491116)",11 ROLLINS PL,ATMORE,AL,36502-3230,"11 ROLLINS PL
ATMORE, AL 36502-3230
(31.010290014000475, -87.49116915899964)"
8402300164,NORRIDGEWOCK HISTORICAL SOCIETY,,,,HSC,10365295,A80,01/01/201212 12:00:00 AM,$0.00,$0.00,0.0,4,1,23,25.0,966900.0,1032.0,49835.0,,,,0.0,840,1,0,0,0,"PO BOX 903
NORRIDGEWOCK, ME 04957-0903
(44.718801, -69.836986)",PO BOX 903,NORRIDGEWOCK,ME,04957-0903,"PO BOX 903
NORRIDGEWOCK, ME 04957-0903
(44.713957500000504, -69.79698638999963)"
8402700188,IRON RANGE HISTORICAL SOCIETY,,,,HSC,237449684,A82,,,,,4,4,27,137.0,13500.0,3039.0,23714.0,23714.0,20260.0,,0.0,840,1,0,0,0,"PO BOX 786
GILBERT, MN 55741
(47.488545, -92.461422)",PO BOX 786,GILBERT,MN,55741,"PO BOX 786
GILBERT, MN 55741
(47.47768764200049, -92.4229694879997)"
8403400237,MEADOWLANDS MUSEUM,MEADOWLANDS MUSEUM,2019351175.0,http://meadowlandsmuseum.com,HST,222159365,A54,01/01/201112 12:00:00 AM,$68522.00,$65328.00,3.0,2,2,34,3.0,51400.0,3004.0,65280.0,65280.0,35620.0,35614.0,0.0,840,1,0,1,0,"91 CRANE AVE
RUTHERFORD, NJ 07070-2539
(40.814658, -74.103966)",91 CRANE AVE,RUTHERFORD,NJ,07070-2539,"91 CRANE AVE
RUTHERFORD, NJ 07070-2539
(40.81450545600046, -74.10402715299966)"
8404801120,MASONIC GRAND LODGE LIBRARY AND MUSEUM OF TEXAS,,,,HST,742226522,A54,01/01/201210 12:00:00 AM,$921950.00,$756875.00,5.0,1,5,48,309.0,4300.0,3052.0,94055.0,76000.0,47380.0,,0.0,840,1,0,0,0,"PO BOX 446
WACO, TX 76703-0446
(31.499069, -97.163953)",PO BOX 446,WACO,TX,76703-0446,"PO BOX 446
WACO, TX 76703-0446
(31.553253404000486, -97.12627940699969)"
8404201327,SOLDIERS AND SAILORS MEMORIAL HALL OF ALLEGHENY COUNTY,SOLDIERS AND SAILORS MEMORIAL HALL OF ALLEGHENY COUNTY,,http://soldiersandsailorshall.org,HSC,251821862,A54,01/01/201212 12:00:00 AM,$2679831.00,$2506215.00,6.0,1,2,42,3.0,982200.0,1015.0,61000.0,61000.0,38300.0,,0.0,840,0,0,0,1,"4141 5TH AVE
PITTSBURGH, PA 15213
(40.444123, -79.955254)",4141 5TH AVE,PITTSBURGH,PA,15213,"4141 5TH AVE
PITTSBURGH, PA 15213
(40.44387527900045, -79.95564759199965)"
8401201223,LAKE PARK HISTORICAL SOCIETY,,,,HSC,651002809,A80,01/01/201212 12:00:00 AM,$0.00,$0.00,0.0,2,3,12,99.0,304.0,2031.0,92977.0,9655.0,33100.0,48424.0,0.0,840,1,0,0,0,"3661 BAHAMA ROAD
PALM BEACH GARDENS, FL 33410-2368
(26.853961, -80.090853)",3661 BAHAMA ROAD,PALM BEACH GARDENS,FL,33410-2368,"3661 BAHAMA ROAD
PALM BEACH GARDENS, FL 33410-2368
(26.853996703000462, -80.09092019199966)"
8403300356,CANAAN HISTORICAL SOCIETY,,,,HST,271172220,A54,01/01/201309 12:00:00 AM,$0.00,$0.00,0.0,4,1,33,9.0,961400.0,1025.0,8980.0,,17200.0,,1.0,840,1,0,0,0,"PO BOX 402
CANAAN, NH 03741-0402
(43.659366, -72.036919)",PO BOX 402,CANAAN,NH,03741-0402,"PO BOX 402
CANAAN, NH 03741-0402
(43.645312118000504, -72.00827693999963)"
8400100064,CHEAHA STATE PARK,CHEAHA STATE PARK,,,BOT,,,,,,,4,3,1,29.0,959700.0,3041.0,91593.0,,,,0.0,840,0,1,0,0,"ROUTE 1
DELTA, AL 36258
(33.557464, -85.65848)",ROUTE 1,DELTA,AL,36258,"ROUTE 1
DELTA, AL 36258
(33.45087149700049, -85.67854767099965)"
8401700831,AMERICAS HISTORY MUSEUM OF GODFREY INC,AMERICAS HISTORY MUSEUM OF GODFREY,,,HST,364154447,,,,,,2,4,17,119.0,402701.0,2010.0,30107.0,30094.0,41180.0,,0.0,840,1,0,1,0,"5802 GREENLEAF AVENUE
GODFREY, IL 62035
(38.950704, -90.204513)",5802 GREENLEAF AVENUE,GODFREY,IL,62035,"5802 GREENLEAF AVENUE
GODFREY, IL 62035
(38.95143040200048, -90.18454610899965)"
8405100905,LEWIS AND CLARK EXPLORATORY CENTER OF VIRGINIA INC,LEWIS AND CLARK EXPLORATORY CENTER,,,HST,542014680,A54,,,,,1,3,51,540.0,402.0,4003.0,90780.0,14968.0,16820.0,,0.0,840,1,0,0,1,"PO BOX 281
CHARLOTTESVLE, VA 22902-0281
(38.017349, -78.477378)",PO BOX 281,CHARLOTTESVLE,VA,22902-0281,"PO BOX 281
CHARLOTTESVLE, VA 22902-0281
(38.02986193100048, -78.47836795899963)"
8400602339,SACRAMENTO COUNTY HISTORICAL SOCIETY,,,,HSC,942730477,A82,01/01/201212 12:00:00 AM,$17768.00,$17768.00,2.0,1,6,6,67.0,1400.0,1022.0,92690.0,64000.0,40900.0,,0.0,840,1,0,0,0,"PO BOX 160065
SACRAMENTO, CA 95816-0065
(38.6438711, -121.54802)",PO BOX 160065,SACRAMENTO,CA,95816-0065,"PO BOX 160065
SACRAMENTO, CA 95816-0065
(38.565953039000476, -121.46826825999972)"
8405100957,GENERAL DOUGLAS MACARTHUR FOUNDATION,MACARTHUR MEMORIAL,8044412965.0,http://www.macarthurmemorial.org,HST,546037884,A54,01/01/201206 12:00:00 AM,$3166114.00,$2535086.00,6.0,1,3,51,710.0,4900.0,2010.0,94875.0,57000.0,47260.0,,0.0,840,1,1,0,1,"MACARTHUR SQUARE
NORFOLK, VA 23510
(36.850206, -76.289274)",MACARTHUR SQUARE,NORFOLK,VA,23510,"MACARTHUR SQUARE
NORFOLK, VA 23510
(36.85066015600046, -76.29018566199966)"
8403300065,GILMAN GARRISON HOUSE,,6034363205.0,http://www.historicnewengland.org/visit/homes/gilman.htm,HSC,,,,,,,2,1,33,15.0,106200.0,4006.0,25380.0,25300.0,14460.0,40484.0,0.0,840,0,0,1,0,"12 WATER ST
EXETER, NH 3833
(42.981221, -70.945481)",12 WATER ST,EXETER,NH,3833,"12 WATER ST
EXETER, NH 3833
(42.9808533150005, -70.94468334699962)"
8404800910,BUGGY BARN MUSEUM,,,http://www.buggybarnmuseum.com,GMU,460683151,A80,01/01/201212 12:00:00 AM,$0.00,$0.00,0.0,4,5,48,31.0,950200.0,2070.0,90330.0,8536.0,,,0.0,840,1,0,0,0,"PO BOX 504
BLANCO, TX 78606
(30.093045, -98.409432)",PO BOX 504,BLANCO,TX,78606,"PO BOX 504
BLANCO, TX 78606
(30.093133801000477, -98.40382610899968)"
8400800670,DENVER ART MUSEUM INC,DENVER ART MUSEUM,,http://www.denverartmuseum.org,ART,846038240,A51,01/01/201209 12:00:00 AM,$49715335.00,$48383171.00,8.0,1,5,8,31.0,2000.0,1018.0,91007.0,20000.0,19740.0,,0.0,840,1,1,0,1,"100 W 14TH AVENUE PKWY
DENVER, CO 80204-2713
(39.738444, -104.990698)",100 W 14TH AVENUE PKWY,DENVER,CO,80204-2713,"100 W 14TH AVENUE PKWY
DENVER, CO 80204-2713
(39.73775280300049, -104.98890758799968)"
8400601693,ARTS BENICIA,,7077470131.0,,GMU,680157927,,01/01/201212 12:00:00 AM,$164303.00,$164303.00,4.0,2,6,6,95.0,252107.0,1004.0,93530.0,5290.0,46700.0,,0.0,840,1,0,0,0,"PO BOX 157
BENICIA, CA 94510-0157
(38.066164, -122.161145)",PO BOX 157,BENICIA,CA,94510-0157,"PO BOX 157
BENICIA, CA 94510-0157
(38.05200407900048, -122.15180712499972)"
8402700231,DARVAN ACRES NATURE CENTER INC,,,,BOT,274880297,C30,01/01/201212 12:00:00 AM,$0.00,$0.00,0.0,4,4,27,37.0,60508.0,1002.0,31076.0,31076.0,33460.0,,0.0,840,1,0,0,0,"9249 BARNES AVENUE E
INVER GROVE HEIGHTS, MN 55077
(44.8151, -93.058871)",9249 BARNES AVENUE E,INVER GROVE HEIGHTS,MN,55077,"9249 BARNES AVENUE E
INVER GROVE HEIGHTS, MN 55077
(44.81335165100046, -93.0595960879997)"
8404201548,ROMANIAN FOLK ART MUSEUM,ROMANIAN MUSEUM AND GALLERY,,http://romanianculture.us,ART,363258738,A50,01/01/201307 12:00:00 AM,$0.00,$0.00,0.0,1,2,42,101.0,1202.0,1002.0,60000.0,60000.0,37980.0,37964.0,0.0,840,1,0,1,0,"1606 SPRUCE STREET
PHILADELPHIA, PA 19103
(39.947406, -75.168311)",1606 SPRUCE STREET,PHILADELPHIA,PA,19103,"1606 SPRUCE STREET
PHILADELPHIA, PA 19103
(39.94740277000045, -75.16839443399965)"
8404200759,GRAVE CONCERN INC,,,,HSC,232799359,A82,01/01/201212 12:00:00 AM,$0.00,$0.00,0.0,1,2,42,71.0,700.0,2005.0,41216.0,41216.0,29540.0,,0.0,840,1,0,0,0,"120 N SHIPPEN STREET
LANCASTER, PA 17602-2926
(40.040582, -76.29967)",120 N SHIPPEN STREET,LANCASTER,PA,17602-2926,"120 N SHIPPEN STREET
LANCASTER, PA 17602-2926
(40.04082425900049, -76.29973533999964)"
8401600140,KETCHUM-SUN VALLEY HISTORICAL SOCIETY INC,,,,HSC,820431727,A82,01/01/201109 12:00:00 AM,$56799.00,$55853.00,3.0,3,6,16,13.0,960300.0,3055.0,91817.0,43030.0,25200.0,,1.0,840,1,0,0,0,"PO BOX 2746
KETCHUM, ID 83340-2746
(43.679815, -114.366869)",PO BOX 2746,KETCHUM,ID,83340-2746,"PO BOX 2746
KETCHUM, ID 83340-2746
(43.67954207000048, -114.36739977599967)"
8402400280,NORTH POINT PENINSULA COUNCIL INC,,,,HSC,320331271,A80,01/01/201212 12:00:00 AM,$0.00,$0.00,0.0,2,2,24,5.0,451900.0,2013.0,91296.0,24950.0,12580.0,,0.0,840,1,0,0,0,"9005 CHESAPEAKE AVENUE
SPARROWS POINT, MD 21219-1629
(39.229179, -76.400095)",9005 CHESAPEAKE AVENUE,SPARROWS POINT,MD,21219-1629,"9005 CHESAPEAKE AVENUE
SPARROWS POINT, MD 21219-1629
(39.228764638000484, -76.40110066299962)"
8403600653,NARROWS BOTANICAL GARDENS INC,,,http://www.narrowsbg.org,BOT,113382931,C50,01/01/201212 12:00:00 AM,$0.00,$0.00,0.0,1,2,36,47.0,6000.0,1000.0,10022.0,51000.0,35620.0,35614.0,0.0,840,1,0,0,0,"7304 5TH AVENUE POSTAL ANNEX 242
BROOKLYN, NY 11209
(40.630655, -74.022189)",7304 5TH AVENUE POSTAL ANNEX 242,BROOKLYN,NY,11209,"7304 5TH AVENUE POSTAL ANNEX 242
BROOKLYN, NY 11209
(40.63082366800046, -74.02213233799966)"
8404800148,MAGIC LANTERN CASTLE MUSEUM,,2108050011.0,http://www.magiclanterns.org,GMU,,,,,,,1,5,48,29.0,120600.0,7004.0,93407.0,65000.0,41700.0,,0.0,840,0,0,1,0,"1419 AUSTIN HWY
SAN ANTONIO, TX 78209
(29.492917, -98.435614)",1419 AUSTIN HWY,SAN ANTONIO,TX,78209,"1419 AUSTIN HWY
SAN ANTONIO, TX 78209
(29.49167560900048, -98.43821309399965)"
8403700061,MOUNTAIN HERITAGE CENTER,MOUNTAIN HERITAGE CENTER,7042277129.0,,GMU,,,,,,,4,3,37,99.0,950600.0,5071.0,90848.0,,19000.0,,1.0,840,0,1,0,0,"150 H.F. ROBINSON ADMIN. BLDG
CULLOWHEE, NC 28723
(35.259264, -83.163601)",150 H.F. ROBINSON ADMIN. BLDG,CULLOWHEE,NC,28723,"150 H.F. ROBINSON ADMIN. BLDG
CULLOWHEE, NC 28723
(35.25566077700046, -83.17618948299963)"
8404802006,VIETNAM HELICOPTER PILOTS ASSOCIATION,,,,HSC,860485542,A80,01/01/201212 12:00:00 AM,$789938.00,$789938.00,5.0,2,5,48,439.0,113001.0,1036.0,90135.0,30464.0,19100.0,23104.0,0.0,840,1,0,0,0,"2100 N STATE HIGHWAY 360 STE 907
GRAND PRAIRIE, TX 75050-1030
(32.775009, -97.021818)",2100 N STATE HIGHWAY 360 STE 907,GRAND PRAIRIE,TX,75050-1030,"2100 N STATE HIGHWAY 360 STE 907
GRAND PRAIRIE, TX 75050-1030
(32.78552299800049, -97.05863636299966)"
8403900501,CINCINNATI MUSEUM ASSOCIATION,CINCINNATI ART MUSEUM,,,ART,310536653,A51,01/01/201208 12:00:00 AM,$63911135.00,$17426631.00,9.0,1,4,39,61.0,1900.0,2007.0,15000.0,15000.0,17140.0,,0.0,840,1,0,0,1,"953 EDEN PARK DR
CINCINNATI, OH 45202-1557
(39.10664, -84.511286)",953 EDEN PARK DR,CINCINNATI,OH,45202-1557,"953 EDEN PARK DR
CINCINNATI, OH 45202-1557
(39.11293991800045, -84.49742756899968)"
8404800631,ATHENS HISTORICAL PRESERVATION INC,ATHENS HISTORICAL PRESERVATION,,,HSC,261129760,A80,01/01/201212 12:00:00 AM,$0.00,$0.00,0.0,3,5,48,213.0,951200.0,5009.0,90155.0,4504.0,11980.0,,1.0,840,1,0,0,1,"PO BOX 350
ATHENS, TX 75751-0350
(32.183169, -95.865137)",PO BOX 350,ATHENS,TX,75751-0350,"PO BOX 350
ATHENS, TX 75751-0350
(32.205503886000486, -95.85115936999966)"
8405500235,LAKE GENEVA HISTORICAL SOCIETY INC,,,,HSC,237389085,,01/01/201308 12:00:00 AM,$0.00,$0.00,0.0,3,4,55,127.0,1502.0,6009.0,41450.0,41450.0,48580.0,,1.0,840,1,0,0,0,"PO BOX 190
LAKE GENEVA, WI 53147
(42.593017, -88.449244)",PO BOX 190,LAKE GENEVA,WI,53147,"PO BOX 190
LAKE GENEVA, WI 53147
(42.59055146100047, -88.45879937499967)"
8403800158,RICHLAND COUNTY HISTORICAL SOCIETY,,,,HSC,456011080,A82,01/01/201212 12:00:00 AM,$28435.00,$28345.00,3.0,3,5,38,77.0,971000.0,1039.0,82660.0,82660.0,47420.0,,1.0,840,1,0,0,0,"PO BOX 1292
WAHPETON, ND 58074-1292
(46.26503, -96.613127)",PO BOX 1292,WAHPETON,ND,58074-1292,"PO BOX 1292
WAHPETON, ND 58074-1292
(46.26505924300045, -96.61318641299965)"
8400601137,ROUNDHOUSE MODEL RAILROAD ASSOCIATION,,,,HSC,275423260,A80,01/01/201212 12:00:00 AM,$0.00,$0.00,0.0,1,6,6,71.0,8403.0,2016.0,92770.0,59962.0,40140.0,,0.0,840,1,0,0,0,"100 S LASALLE STREET
REDLANDS, CA 92374-5536
(34.064049, -117.170531)",100 S LASALLE STREET,REDLANDS,CA,92374-5536,"100 S LASALLE STREET
REDLANDS, CA 92374-5536
(34.05369078400048, -117.14332204699969)"
8405300079,MASON COUNTY HISTORICAL SOCIETY MUSEUM,,3604261020.0,,HSC,,,,,,,3,6,53,45.0,960800.0,3065.0,92976.0,63735.0,43220.0,,1.0,840,0,0,1,0,"427 W RAILROAD AVE
SHELTON, WA 98584
(47.212958, -123.104706)",427 W RAILROAD AVE,SHELTON,WA,98584,"427 W RAILROAD AVE
SHELTON, WA 98584
(47.21318216700047, -123.1046815849997)"
8400602883,WESTWOOD VILLAGE IMPROVEMENT ASSN,,,,ART,954801120,A51,01/01/201212 12:00:00 AM,$1320387.00,$1320387.00,3.0,1,6,6,37.0,265202.0,3009.0,91750.0,44000.0,31080.0,31084.0,0.0,840,1,0,0,0,"10880 WILSHIRE BLVD STE 117
LOS ANGELES, CA 90024-4101
(34.05903, -118.442577)",10880 WILSHIRE BLVD STE 117,LOS ANGELES,CA,90024-4101,"10880 WILSHIRE BLVD STE 117
LOS ANGELES, CA 90024-4101
(34.05897325100045, -118.44310257399968)"
8401700341,RYU HERITAGE FOUNDATION NFP,,,,HSC,208758193,A82,01/01/201212 12:00:00 AM,$18618.00,$18618.00,2.0,1,4,17,31.0,20702.0,1012.0,14000.0,14000.0,16980.0,16974.0,0.0,840,1,0,0,0,"3025 W ROSEMONT AVE
CHICAGO, IL 60659-1415
(41.995678, -87.705074)",3025 W ROSEMONT AVE,CHICAGO,IL,60659-1415,"3025 W ROSEMONT AVE
CHICAGO, IL 60659-1415
(41.99566144300047, -87.70527961299968)"
8401300242,NATIONAL ARMOR AND CAVALRY MUSEUM FOUNDATION INC,,,,GMU,270776714,A50,01/01/201212 12:00:00 AM,$66491.00,$66491.00,3.0,1,3,13,215.0,800.0,2032.0,90753.0,19000.0,17980.0,,0.0,840,1,0,0,0,"PO BOX 4768
COLUMBUS, GA 31914-0768
(32.500031, -84.975125)",PO BOX 4768,COLUMBUS,GA,31914-0768,"PO BOX 4768
COLUMBUS, GA 31914-0768
(32.501963602000444, -84.97370780399967)"
8404700542,UNIVERSITY OF TENNESSEE ARBORETUM SOCIETY,,,,BOT,626063392,C41,01/01/201112 12:00:00 AM,$49978.00,$26988.00,3.0,2,3,47,1.0,20202.0,2052.0,91332.0,55120.0,28940.0,,0.0,840,1,0,0,0,"PO BOX 5382
OAK RIDGE, TN 37831-5382
(36.024959, -84.238512)",PO BOX 5382,OAK RIDGE,TN,37831-5382,"PO BOX 5382
OAK RIDGE, TN 37831-5382
(36.00976030700048, -84.25680798699966)"
8401800514,HENDRICKS COUNTY HERITAGE INCORPORATED,,,,HSC,351939282,A80,01/01/201312 12:00:00 AM,$0.00,$0.00,0.0,4,4,18,63.0,211000.0,2035.0,43290.0,13366.0,26900.0,,0.0,840,1,0,0,0,"4998 S STATE ROAD 39
CLAYTON, IN 46118-9498
(39.678138, -86.489457)",4998 S STATE ROAD 39,CLAYTON,IN,46118-9498,"4998 S STATE ROAD 39
CLAYTON, IN 46118-9498
(39.68828830600046, -86.51814235799964)"
8401700197,COLONEL BENJAMIN STEPHENSON,,6186921818.0,http://www.stephensonhouse.org,GMU,,,,,,,2,4,17,119.0,403001.0,1021.0,22710.0,22697.0,41180.0,,0.0,840,0,0,1,0,"409 S BUCHANAN ST
EDWARDSVILLE, IL 62025
(38.80733, -89.952195)",409 S BUCHANAN ST,EDWARDSVILLE,IL,62025,"409 S BUCHANAN ST
EDWARDSVILLE, IL 62025
(38.80735171700047, -89.95193399399966)"
8402200026,LOUISIANA LANDMARK SOCIETY,LOUISIANA LANDMARK SOCIETY,5044820312.0,http://www.pitothouse.org,HSC,,,,,,,1,3,22,71.0,4100.0,2005.0,98000.0,55000.0,35380.0,,0.0,840,0,1,0,0,"1440 MOSS STREET
NEW ORLEANS, LA 70119
(29.981648, -90.089054)",1440 MOSS STREET,NEW ORLEANS,LA,70119,"1440 MOSS STREET
NEW ORLEANS, LA 70119
(29.982082840000487, -90.08956755899965)"
8404200326,HISTORICALLY SIGNIFICANT STRUCTURES INCORPORATED,,,,HSC,200169457,A80,01/01/201212 12:00:00 AM,$89726.00,$89726.00,3.0,1,2,42,101.0,804.0,1001.0,60000.0,60000.0,37980.0,37964.0,0.0,840,1,0,0,0,"201 S 18TH ST APT 1418
PHILADELPHIA, PA 19103-5926
(39.949686, -75.170755)",201 S 18TH ST APT 1418,PHILADELPHIA,PA,19103-5926,"201 S 18TH ST APT 1418
PHILADELPHIA, PA 19103-5926
(39.95005688300046, -75.17064237899967)"
8401700595,WILMINGTON AREA HISTORICAL SOCIETY,,,,HSC,362911425,,01/01/201212 12:00:00 AM,$0.00,$0.00,0.0,3,4,17,197.0,883401.0,2010.0,82114.0,82101.0,16980.0,16974.0,0.0,840,1,0,0,0,"PO BOX 1
WILMINGTON, IL 60481
(41.296001, -88.137362)",PO BOX 1,WILMINGTON,IL,60481,"PO BOX 1
WILMINGTON, IL 60481
(41.29329358400048, -88.14505956299968)"
8404201062,RIVERBEND ENVIRONMENTAL EDUCATION CENTER,RIVERBEND ENVIRONMENTAL EDUCATION CENTE,6105275234.0,http://www.riverbendeec.org,GMU,237455526,,01/01/201212 12:00:00 AM,$629206.00,$620635.00,5.0,2,2,42,91.0,204800.0,1005.0,44976.0,,37980.0,33874.0,0.0,840,1,0,1,0,"1950 SPRING MILL RD
GLADWYNE, PA 19035-1000
(40.068629, -75.282462)",1950 SPRING MILL RD,GLADWYNE,PA,19035-1000,"1950 SPRING MILL RD
GLADWYNE, PA 19035-1000
(40.06589815900048, -75.28584810199965)"
8400602310,KARUK TRIBE OF CALIFORNIA,KARUK TRIBE OF CALIFORNIA,5304931600.0,http://www.karuk.us,GMU,942576572,,,,,0.0,4,6,6,93.0,500.0,2021.0,91240.0,32030.0,,,0.0,840,0,1,0,0,"HAPPY CAMP, CA 96039
(41.798899, -123.375061)",,HAPPY CAMP,CA,96039,"HAPPY CAMP, CA 96039
(41.84039060600048, -123.38392751399971)"
8401800251,FRIENDS OF THE NEW ALBANY FIRE MUSEUM,VINTAGE FIRE MUSEUM AND SAFETY EDUCATION CENTER,5025992522.0,http://www.vintagefiremuseum.org,GMU,270506646,A50,01/01/201212 12:00:00 AM,$68299.00,$68299.00,3.0,2,4,18,43.0,70500.0,2025.0,52344.0,52326.0,31140.0,,0.0,840,1,1,0,0,"PO BOX 455
NEW ALBANY, IN 47151-0455
(38.287292, -85.82319)",PO BOX 455,NEW ALBANY,IN,47151-0455,"PO BOX 455
NEW ALBANY, IN 47151-0455
(38.2871905290005, -85.82361692599966)"
8405300562,LACONNER QUILT & TEXTILE MUSEUM IN THE HISTORIC GACHES MANSI,LA CONNER QUILT AND TEXTILE MUSEUM IN THE HISTORIC GACHE,,,GMU,911831289,A50,01/01/201212 12:00:00 AM,$371791.00,$285306.00,4.0,3,6,53,57.0,940800.0,2006.0,93360.0,,34580.0,,0.0,840,1,0,0,1,"PO BOX 1270
LA CONNER, WA 98257-1270
(48.393042, -122.527061)",PO BOX 1270,LA CONNER,WA,98257-1270,"PO BOX 1270
LA CONNER, WA 98257-1270
(48.39239994500048, -122.49592720599969)"
8403900866,THE COLERAINE HISTORICAL SOCIETY INC,,,,HST,316069413,A54,01/01/201212 12:00:00 AM,$0.00,$0.00,0.0,2,4,39,61.0,20705.0,1003.0,16616.0,32536.0,17140.0,,0.0,840,1,0,0,0,"PO BOX 53726
COLERAIN TOWNSHIP, OH 45253-0726
(39.230404, -84.589851)",PO BOX 53726,COLERAIN TOWNSHIP,OH,45253-0726,"PO BOX 53726
COLERAIN TOWNSHIP, OH 45253-0726
(39.22977427000046, -84.58979616399967)"
8400100172,ALABAMA RIVER REGION ARTS CENTER,ALABAMA RIVER REGION ARTS CENTER,3344512494.0,http://www.arrac.org,GMU,273480154,,01/01/201212 12:00:00 AM,$0.00,$0.00,0.0,4,3,1,51.0,30600.0,3039.0,93456.0,,33860.0,,0.0,840,0,1,0,0,"300 W TALLASSEE ST
WETUMPKA, AL 36092
(32.544522, -86.207624)",300 W TALLASSEE ST,WETUMPKA,AL,36092,"300 W TALLASSEE ST
WETUMPKA, AL 36092
(32.54258321000049, -86.21072413099967)"
8401300454,CRAWFORD W LONG MUSEUM ASSOCIATION INC,CRAWFORD W LONG MEDICAL MUSEUM,,,HST,581492782,A54,01/01/201212 12:00:00 AM,$7276.00,$4940.00,1.0,3,3,13,157.0,10702.0,1094.0,91596.0,41988.0,27600.0,,1.0,840,1,0,1,0,"28 COLLEGE ST
JEFFERSON, GA 30549-1036
(34.118124, -83.573075)",28 COLLEGE ST,JEFFERSON,GA,30549-1036,"28 COLLEGE ST
JEFFERSON, GA 30549-1036
(34.11811972000049, -83.57309003399968)"
8401700516,MUSEUMS IN HAND,,,http://www.museumsinhand.org,GMU,300487291,B90,01/01/201312 12:00:00 AM,$0.00,$0.00,0.0,1,4,17,31.0,839100.0,2006.0,14000.0,14000.0,16980.0,16974.0,0.0,840,1,0,0,0,"233 S WACKER DR UNIT 9370
CHICAGO, IL 60606
(41.878637, -87.636751)",233 S WACKER DR UNIT 9370,CHICAGO,IL,60606,"233 S WACKER DR UNIT 9370
CHICAGO, IL 60606
(41.87867812400049, -87.63661277099965)"
8400100105,RED BAY MUSEUM,,,,SCI,203193651,A57,01/01/201212 12:00:00 AM,$0.00,$0.00,0.0,4,3,1,59.0,973500.0,3006.0,92691.0,63576.0,,,0.0,840,1,0,0,0,"400 4TH ST SW
RED BAY, AL 35582-4051
(34.445473, -88.118655)",400 4TH ST SW,RED BAY,AL,35582-4051,"400 4TH ST SW
RED BAY, AL 35582-4051
(34.44527600800046, -88.14750900399969)"
8401201159,INTERNATIONAL CHILDRENS MUSEUM INC,,,,GMU,650449461,A50,,,,,2,3,12,99.0,1004.0,1000.0,92977.0,54075.0,33100.0,48424.0,0.0,840,1,0,0,0,"3450 NORTHLAKE BLVD
LAKE PARK, FL 33403
(26.808401, -80.089501)",3450 NORTHLAKE BLVD,LAKE PARK,FL,33403,"3450 NORTHLAKE BLVD
LAKE PARK, FL 33403
(26.80840285700043, -80.08983171899968)"
8403900361,GAHANNA HISTORICAL SOCIETY INC,,,,HSC,237291512,A82,01/01/201212 12:00:00 AM,$0.00,$0.00,0.0,2,4,39,49.0,7492.0,2010.0,50064.0,29106.0,18140.0,,0.0,840,1,0,0,0,"PO BOX 30602
COLUMBUS, OH 43230
(40.036346, -82.871138)",PO BOX 30602,COLUMBUS,OH,43230,"PO BOX 30602
COLUMBUS, OH 43230
(40.04054159800046, -82.87629720299964)"
8402400329,KENT MUSEUM INC,,,,GMU,520903699,,01/01/201204 12:00:00 AM,$0.00,$0.00,0.0,4,2,24,29.0,950200.0,1061.0,90148.0,,,,0.0,840,1,0,0,0,"PO BOX 43
KENNEDYVILLE, MD 21645
(39.317553, -75.982663)",PO BOX 43,KENNEDYVILLE,MD,21645,"PO BOX 43
KENNEDYVILLE, MD 21645
(39.32441082700046, -75.96317620299965)"
8401201241,WILLIAM BERTRAM SCENIC & HISTORIC HIGHWAY CORRIDOR COUNCIL,,,http://www.bartramscenichighway.com,HSC,651272603,,01/01/201112 12:00:00 AM,$0.00,$0.00,0.0,2,3,12,109.0,20803.0,2018.0,91222.0,24925.0,27260.0,,0.0,840,1,0,0,0,"1133 RIVER BIRCH ROAD
FRUIT COVE, FL 32259
(30.095131, -81.629926)",1133 RIVER BIRCH ROAD,FRUIT COVE,FL,32259,"1133 RIVER BIRCH ROAD
FRUIT COVE, FL 32259
(30.095155967000437, -81.62978800099967)"
8404100159,UNION COUNTY MUSEUM SOCIETY,,5415626003.0,,HST,237031662,A54,01/01/201309 12:00:00 AM,$19749.00,$19267.00,2.0,4,6,41,61.0,970200.0,1060.0,93281.0,75850.0,29260.0,,1.0,840,1,0,0,0,"PO BOX 190
UNION, OR 97883-0190
(45.206369, -117.858328)",PO BOX 190,UNION,OR,97883-0190,"PO BOX 190
UNION, OR 97883-0190
(45.21032656900047, -117.8655679479997)"
8402700464,MILITARY VEHICLE AND ARMS MUSEUM OF MINNESOTA,,,,GMU,411643159,,01/01/201112 12:00:00 AM,$0.00,$0.00,0.0,4,4,27,37.0,61401.0,1008.0,40724.0,,33460.0,,0.0,840,1,0,0,0,"13527 195TH ST E
HASTINGS, MN 55033
(44.666056, -92.828892)",13527 195TH ST E,HASTINGS,MN,55033,"13527 195TH ST E
HASTINGS, MN 55033
(44.66610703900045, -92.82997105399966)"
8402500330,MARINE MUSEUM AT FALL RIVER INC,THE MARINE MUSEUM AT FALL RIVER,,,GMU,42435721,A50,01/01/201209 12:00:00 AM,$39831.00,$35891.00,3.0,1,1,25,5.0,641000.0,1024.0,23000.0,23000.0,39300.0,,0.0,840,1,0,1,0,"70 WATER ST
FALL RIVER, MA 02721-1515
(41.702754, -71.164082)",70 WATER ST,FALL RIVER,MA,02721-1515,"70 WATER ST
FALL RIVER, MA 02721-1515
(41.703753135000454, -71.16335491399963)"
8401900226,WHITEBREAST HERITAGE SOCIETY,,,,HSC,261087795,A80,01/01/201212 12:00:00 AM,$0.00,$0.00,0.0,4,4,19,181.0,21100.0,1063.0,94716.0,42285.0,19780.0,,0.0,840,1,0,0,0,"103 E MAIN ST
LACONA, IA 50139
(41.189559, -93.38521)",103 E MAIN ST,LACONA,IA,50139,"103 E MAIN ST
LACONA, IA 50139
(41.189598488000456, -93.38521041099966)"
8404500105,GULLAH GEECHEE ANGEL NETWORK,,,,HSC,201727184,A80,01/01/201212 12:00:00 AM,$11750.00,$11750.00,2.0,2,3,45,15.0,20811.0,3002.0,91274.0,,16700.0,,0.0,840,1,0,0,0,"106 GREEN MEADOW DRIVE
GOOSE CREEK, SC 29445-4858
(32.956942, -80.008158)",106 GREEN MEADOW DRIVE,GOOSE CREEK,SC,29445-4858,"106 GREEN MEADOW DRIVE
GOOSE CREEK, SC 29445-4858
(32.95687304900048, -80.00835500099964)"
8403200108,RENO FIRE ANTIQUE AND CLASSIC APPARATUS,,,,HST,510598404,A54,01/01/201212 12:00:00 AM,$0.00,$0.00,0.0,1,6,32,31.0,2619.0,3064.0,94635.0,60600.0,39900.0,,0.0,840,1,0,0,0,"7885 N VIRGINIA ST
RENO, NV 89506-7715
(39.600012, -119.843932)",7885 N VIRGINIA ST,RENO,NV,89506-7715,"7885 N VIRGINIA ST
RENO, NV 89506-7715
(39.60035418700045, -119.8447600879997)"
8403200125,LAS VEGAS ART MUSEUM,LAS VEGAS ART MUSEUM,7023608000.0,,ART,880100500,A51,01/01/201212 12:00:00 AM,$0.00,$0.00,0.0,1,6,32,3.0,2947.0,2000.0,94504.0,68585.0,29820.0,,0.0,840,1,1,0,0,"3065 S JONES BLVD STE 100
LAS VEGAS, NV 89146-6780
(36.133628, -115.22515)",3065 S JONES BLVD STE 100,LAS VEGAS,NV,89146-6780,"3065 S JONES BLVD STE 100
LAS VEGAS, NV 89146-6780
(36.13358232100046, -115.2251853139997)"
8405100002,VIRGINIA FIRE AND POLICE MUSEUM,VIRGINIA FIRE AND POLICE MUSEUM,8046441849.0,,GMU,,,,,,,1,3,51,760.0,30200.0,1043.0,95291.0,67000.0,40060.0,,0.0,840,0,1,0,0,"200 W. MARSHALL ST.
RICHMOND, VA 23220
(37.547735, -77.442943)",200 W. MARSHALL ST.,RICHMOND,VA,23220,"200 W. MARSHALL ST.
RICHMOND, VA 23220
(37.54755567300049, -77.44281729699964)"
8405400194,WEST VIRGINIA MUSEUM OF AMERICAN GLASS LTD,WV MUSEUM OF AMERICAN GLASS,,,ART,550728726,A51,01/01/201303 12:00:00 AM,$91366.00,$72526.00,3.0,3,3,54,41.0,967500.0,3085.0,90676.0,85972.0,,,0.0,840,1,0,1,0,"PO BOX 574
WESTON, WV 26452
(39.032125, -80.47441)",PO BOX 574,WESTON,WV,26452,"PO BOX 574
WESTON, WV 26452
(39.03738410800048, -80.47709813599965)"
8404801551,DIBOLL HISTORICAL SOCIETY,,,,HSC,752031122,,01/01/201309 12:00:00 AM,$0.00,$0.00,0.0,3,5,48,5.0,1002.0,1026.0,91045.0,20308.0,31260.0,,1.0,840,1,0,0,0,"PO BOX 717
DIBOLL, TX 75941
(31.196692, -94.768068)",PO BOX 717,DIBOLL,TX,75941,"PO BOX 717
DIBOLL, TX 75941
(31.204112603000453, -94.76129937299964)"
8400800685,LOVELAND HISTORICAL SOCIETY INC,,,,HSC,846159316,A80,01/01/201305 12:00:00 AM,$0.00,$0.00,0.0,1,5,8,69.0,2005.0,1017.0,92337.0,46465.0,22660.0,,0.0,840,1,0,0,0,"PO BOX 7311
LOVELAND, CO 80537-0311
(40.381913, -105.103308)",PO BOX 7311,LOVELAND,CO,80537-0311,"PO BOX 7311
LOVELAND, CO 80537-0311
(40.39757267500045, -105.0745760149997)"
8402600012,VOIGT HOUSE VICTORIAN MUSEUM,,6164564600.0,http://www.grmuseum.org/voigt_house,GMU,,,,,,,1,4,26,81.0,2100.0,2011.0,34000.0,34000.0,24340.0,,0.0,840,0,0,1,0,"115 COLLEGE AVE SE
GRAND RAPIDS, MI 49503
(42.961263, -85.661612)",115 COLLEGE AVE SE,GRAND RAPIDS,MI,49503,"115 COLLEGE AVE SE
GRAND RAPIDS, MI 49503
(42.96085673300047, -85.65682100499964)"
8403900556,BULLS RUN ARBORETUM,,,,BOT,310963432,,01/01/201212 12:00:00 AM,$0.00,$0.00,0.0,1,4,39,17.0,12200.0,1010.0,49840.0,49840.0,17140.0,,0.0,840,1,0,0,0,"PO BOX 425
MIDDLETOWN, OH 45042
(39.535937, -84.384291)",PO BOX 425,MIDDLETOWN,OH,45042,"PO BOX 425
MIDDLETOWN, OH 45042
(39.53288419100045, -84.38688616099967)"
8405500050,RAHR-WEST ART MUSEUM,RAHR-WEST ART MUSEUM,9206834501.0,,GMU,,,,,,,3,4,55,71.0,400.0,1011.0,48500.0,48500.0,31820.0,,1.0,840,0,1,0,0,"610 NORTH 8TH STREET
MANITOWOC, WI 54220
(44.098993, -87.657708)",610 NORTH 8TH STREET,MANITOWOC,WI,54220,"610 NORTH 8TH STREET
MANITOWOC, WI 54220
(44.099046355000496, -87.65772278699967)"
8402200364,RAGLEY HISTORICAL SOCIETY,,,,HSC,721408283,A80,01/01/201212 12:00:00 AM,$20863.00,$11396.00,2.0,4,3,22,11.0,960700.0,2070.0,94732.0,,19760.0,,1.0,840,1,0,0,0,"377 BURNETT LOOP
LONGVILLE, LA 70652-5033
(30.591715, -93.257958)",377 BURNETT LOOP,LONGVILLE,LA,70652-5033,"377 BURNETT LOOP
LONGVILLE, LA 70652-5033
(30.53187722500047, -93.23902630999964)"
8400600107,SANTA CRUZ SURFING MUSEUM,,8314206289.0,http://www.santacruzsurfingmuseum.org,GMU,,,,,,,1,6,6,87.0,101100.0,4019.0,92900.0,69112.0,42100.0,,0.0,840,0,0,1,0,"701 W CLIFF DR
SANTA CRUZ, CA 95060
(36.952262, -122.028384)",701 W CLIFF DR,SANTA CRUZ,CA,95060,"701 W CLIFF DR
SANTA CRUZ, CA 95060
(36.95263183500049, -122.02589424999968)"
8400800181,STEAMBOAT ART MUSEUM,,9708701755.0,,ART,203867662,A51,01/01/201212 12:00:00 AM,$275515.00,$255872.00,4.0,3,5,8,107.0,600.0,1041.0,93496.0,73825.0,44460.0,,1.0,840,1,0,0,0,"PO BOX 883434
STEAMBOAT SPR, CO 80488-3434
(40.467785, -106.82597)",PO BOX 883434,STEAMBOAT SPR,CO,80488-3434,"PO BOX 883434
STEAMBOAT SPR, CO 80488-3434
(40.48230027900047, -106.82817673399967)"
8400600364,HISTORIC COURTHOUSE MUSEUM AND LOWER LAKE SCHOOLHOUSE MUSEUM,HISTORIC COURTHOUSE MUSEUM AND LOWER LAKE SCHOOLHOUSE MUSEUM,,,HSC,,,,,,,3,6,6,33.0,400.0,2076.0,91540.0,39710.0,17340.0,,1.0,840,0,1,0,0,"333 SECOND ST.
LAKEPORT, CA 95453
(39.043201, -122.916922)",333 SECOND ST.,LAKEPORT,CA,95453,"333 SECOND ST.
LAKEPORT, CA 95453
(39.043142788000466, -122.9173399719997)"
8403900740,NEW BREMEN HISTORIC ASSOCIATION,NEW BREMEN HISTORIC ASSOCIATION,4196291014.0,,HSC,311540886,A80,01/01/201212 12:00:00 AM,$0.00,$0.00,0.0,3,4,39,11.0,40900.0,2045.0,29848.0,54194.0,47540.0,,1.0,840,1,0,1,0,"PO BOX 73
NEW BREMEN, OH 45869-0073
(40.440027, -84.385212)",PO BOX 73,NEW BREMEN,OH,45869-0073,"PO BOX 73
NEW BREMEN, OH 45869-0073
(40.43855042000047, -84.38276969299966)"
8403800141,NORTH DAKOTA COWB,NORTH DAKOTA COWBOY HALL OF FAME,7012501833.0,http://www.northdakotacowboy.com,GMU,450439518,A54,01/01/201212 12:00:00 AM,$586962.00,$554432.00,5.0,1,5,38,15.0,10100.0,3031.0,7200.0,7200.0,13900.0,,0.0,840,1,0,1,1,"120 N 3RD ST STE 85
BISMARCK, ND 58501-3860
(46.805717, -100.787703)",120 N 3RD ST STE 85,BISMARCK,ND,58501-3860,"120 N 3RD ST STE 85
BISMARCK, ND 58501-3860
(46.80637064600046, -100.78771094099966)"
8402600140,GOSPEL MUSIC HALL OF FAME,,3135920017.0,http://www.igmhf.org,GMU,,,,,,,1,4,26,163.0,543100.0,2000.0,22000.0,22000.0,19820.0,19804.0,0.0,840,0,0,1,0,"18031 W MCNICHOLS RD
DETROIT, MI 48235
(42.415527, -83.218975)",18031 W MCNICHOLS RD,DETROIT,MI,48235,"18031 W MCNICHOLS RD
DETROIT, MI 48235
(42.415541789000486, -83.21814204699967)"
8403900977,SANDUSKY COUNTY HISTORICAL SOCIETY,SANDUSKY COUNTY HISTORICAL,4193320303.0,http://www.sanduskycountyhistory.org,HSC,341353860,,01/01/201305 12:00:00 AM,$0.00,$0.00,0.0,3,4,39,143.0,961800.0,1005.0,28826.0,28826.0,23380.0,,1.0,840,1,0,1,0,"334 N BUCHANAN ST
FREMONT, OH 43420
(41.34674, -83.09901)",334 N BUCHANAN ST,FREMONT,OH,43420,"334 N BUCHANAN ST
FREMONT, OH 43420
(41.34749094200049, -83.09850441599968)"
8402300401,KNOX HISTORICAL SOCIETY,,,,HSC,204385681,A80,01/01/201112 12:00:00 AM,$0.00,$0.00,0.0,4,1,23,27.0,45000.0,1027.0,37585.0,,,,0.0,840,1,0,0,0,"56 FLAT ROAD
KNOX, ME 04986-4418
(44.51575, -69.244862)",56 FLAT ROAD,KNOX,ME,04986-4418,"56 FLAT ROAD
KNOX, ME 04986-4418
(44.51955107500049, -69.24407658999962)"
8404700287,LINCOLN COUNTY HISTORICAL SOCIETYINC,,,,HSC,581416255,,01/01/201106 12:00:00 AM,$0.00,$0.00,0.0,3,3,47,103.0,975400.0,2075.0,90484.0,25920.0,,,0.0,840,1,0,0,0,"PO BOX 435
FAYETTEVILLE, TN 37334
(35.148802, -86.568418)",PO BOX 435,FAYETTEVILLE,TN,37334,"PO BOX 435
FAYETTEVILLE, TN 37334
(35.14006190500049, -86.56788774199964)"
8404100371,GRANTS PASS MUSEUM OF ART,GRANTS PASS MUSEUM OF ART,5414793290.0,,ART,930745985,A51,01/01/201212 12:00:00 AM,$162138.00,$162138.00,4.0,1,6,41,33.0,360600.0,3026.0,91241.0,30550.0,24420.0,,0.0,840,1,1,0,1,"PO BOX 966
GRANTS PASS, OR 97528-0081
(42.458688, -123.325241)",PO BOX 966,GRANTS PASS,OR,97528-0081,"PO BOX 966
GRANTS PASS, OR 97528-0081
(42.43974258100047, -123.32674871899968)"
8403400654,THE MUSEUM OF RUSSIAN ART INC,MUSEUM OF RUSSIAN ART,2013327963.0,,GMU,271375301,A50,01/01/201212 12:00:00 AM,$0.00,$0.00,0.0,2,2,34,17.0,7500.0,2006.0,36000.0,36000.0,35620.0,35614.0,0.0,840,1,0,1,0,"80 GRAND STREET
JERSEY CITY, NJ 07302-4522
(40.715161, -74.036488)",80 GRAND STREET,JERSEY CITY,NJ,07302-4522,"80 GRAND STREET
JERSEY CITY, NJ 07302-4522
(40.715257857000495, -74.03708787699964)"
8405100211,CAROLINE HISTORICAL SOCIETY,,,,HSC,10935241,,,,,,4,3,51,33.0,30300.0,1021.0,90440.0,,40060.0,,0.0,840,1,0,0,0,"PO BOX 324
BOWLING GREEN, VA 22427
(38.030559, -77.319221)",PO BOX 324,BOWLING GREEN,VA,22427,"PO BOX 324
BOWLING GREEN, VA 22427
(38.025002172000484, -77.28928926199967)"
8401900387,TRAER HISTORICAL,TRAER HISTORICAL MUSEUM,3194782346.0,,HSC,421158701,,01/01/201212 12:00:00 AM,$15726.00,,2.0,4,4,19,171.0,290200.0,3013.0,93306.0,78735.0,,,0.0,840,1,0,1,0,"514 2ND ST
TRAER, IA 50675-1139
(42.193432, -92.467238)",514 2ND ST,TRAER,IA,50675-1139,"514 2ND ST
TRAER, IA 50675-1139
(42.19342704400049, -92.46709994399964)"
8402400294,SOUTH HARBOR RENAISSANCE INC,,,,HSC,452257893,A80,01/01/201306 12:00:00 AM,$0.00,$0.00,0.0,1,2,24,510.0,240300.0,1010.0,90000.0,4000.0,12580.0,,0.0,840,1,0,0,0,"1120 RIVERSIDE AVENUE
BALTIMORE, MD 21230-4120
(39.276853, -76.608974)",1120 RIVERSIDE AVENUE,BALTIMORE,MD,21230-4120,"1120 RIVERSIDE AVENUE
BALTIMORE, MD 21230-4120
(39.276795999000456, -76.60896572499968)"
8402600432,CHALDEAN COMMUNITY CULTURAL CENTER,CHALDEAN CULTURAL CENTER,2489329160.0,http://www.chaldeanculturalcenter.org,GMU,364521751,A53,01/01/201212 12:00:00 AM,$70295.00,$70295.00,3.0,2,4,26,125.0,156500.0,2012.0,85480.0,,19820.0,47664.0,0.0,840,1,0,1,1,"5600 WALNUT LAKE RD
WEST BLOOMFIE, MI 48323-2370
(42.556582, -83.393898)",5600 WALNUT LAKE RD,WEST BLOOMFIE,MI,48323-2370,"5600 WALNUT LAKE RD
WEST BLOOMFIE, MI 48323-2370
(42.556517270000484, -83.39575094599968)"
8400800405,GUNNISON COUNTY PIONEER & HISTORICAL SOCIETY,,,,HSC,840527500,A82,01/01/201212 12:00:00 AM,$65528.00,$55019.00,3.0,3,5,8,51.0,963700.0,2069.0,91672.0,33640.0,,,0.0,840,1,0,0,0,"PO BOX 824
GUNNISON, CO 81230-0824
(38.548799, -106.932806)",PO BOX 824,GUNNISON,CO,81230-0824,"PO BOX 824
GUNNISON, CO 81230-0824
(38.54557061900044, -106.92811620299966)"
8404100104,COQUILLE INDIAN TRIBE,COQUILLE INDIAN TRIBE,5417560904.0,,GMU,,,,,,,3,6,41,11.0,300.0,1020.0,90629.0,53000.0,18300.0,,1.0,840,0,1,0,0,"3050 TREMONT STREET
NORTH BEND, OR 97459
(43.394247, -124.219686)",3050 TREMONT STREET,NORTH BEND,OR,97459,"3050 TREMONT STREET
NORTH BEND, OR 97459
(43.39553174000048, -124.2199028659997)"
8401500041,HILO ART MUSEUM,,8089826006.0,,GMU,208851050,,,,,,4,6,15,1.0,21013.0,2073.0,91350.0,42800.0,25900.0,,1.0,840,1,0,0,0,"PO BOX 636
KURTISTOWN, HI 96760-0636
(19.5929, -155.058123)",PO BOX 636,KURTISTOWN,HI,96760-0636,"PO BOX 636
KURTISTOWN, HI 96760-0636
(19.59362176400043, -155.05727582599974)"
8401800181,HONEYWELL STUDIO HISTORICAL FOUNDATION INC,,,,HSC,203766882,,01/01/201112 12:00:00 AM,$0.00,$0.00,0.0,3,4,18,169.0,102800.0,3016.0,54162.0,79370.0,47340.0,,1.0,840,1,0,0,0,"PO BOX 663
WABASH, IN 46992
(40.797407, -85.826313)",PO BOX 663,WABASH,IN,46992,"PO BOX 663
WABASH, IN 46992
(40.794990974000484, -85.82722941399965)"
8400800608,GOLDEN HISTORY MUSEUMS,ASTOR HOUSE MUSEUM,3032783557.0,http://www.astorhousemuseum.org,GMU,841473577,A50,01/01/201212 12:00:00 AM,$11078.00,$4631.00,2.0,2,5,8,59.0,10000.0,1005.0,91539.0,30835.0,19740.0,,0.0,840,1,1,1,1,"2411 FOSSIL TRACE DR
GOLDEN, CO 80401-6148
(39.742534, -105.216293)",2411 FOSSIL TRACE DR,GOLDEN,CO,80401-6148,"2411 FOSSIL TRACE DR
GOLDEN, CO 80401-6148
(39.742024968000464, -105.21602996499968)"
8403200195,NEVADA MILITARY MUSEUM ASSOCIATION,,,,GMU,943055170,,,,,,1,6,32,31.0,2107.0,2015.0,94709.0,60600.0,39900.0,,0.0,840,1,0,0,0,"PO BOX 21504
RENO, NV 89515
(39.513005, -119.783442)",PO BOX 21504,RENO,NV,89515,"PO BOX 21504
RENO, NV 89515
(39.51297103100046, -119.78174849999971)"
8404000298,CADDO HERITAGE MUSEUM,CADDO HERITAGE MUSEUM,,http://caddonation-nsn.gov/caddo-heritage-museum,GMU,730790605,,,,,,4,5,40,15.0,161600.0,4081.0,90247.0,6200.0,,,0.0,840,0,1,0,0,"PO BOX 487
BINGER, OK 73009
(35.307303, -98.339218)",PO BOX 487,BINGER,OK,73009,"PO BOX 487
BINGER, OK 73009
(35.30872198400044, -98.34302644699966)"
8402300229,HOPE HISTORICAL SOCIETY,,,,HSC,10451298,A80,01/01/201212 12:00:00 AM,$0.00,$0.00,0.0,4,1,23,13.0,970300.0,1047.0,33840.0,,,,0.0,840,1,0,0,0,"354 CAMDEN ROAD
HOPE ME, ME 4847
(44.261974, -69.151576)",354 CAMDEN ROAD,HOPE ME,ME,4847,"354 CAMDEN ROAD
HOPE ME, ME 4847
(44.26099143300047, -69.14969685399967)"
8400900499,CONFEDERATION OF UNION GENERALS INC,,,,NAT,371658807,A56,01/01/201212 12:00:00 AM,$0.00,$0.00,0.0,2,1,9,1.0,110202.0,3004.0,68170.0,68100.0,14860.0,,0.0,840,1,0,0,0,"71 LONG HILL CROSS ROAD
SHELTON, CT 06484-4702
(41.282619, -73.114956)",71 LONG HILL CROSS ROAD,SHELTON,CT,06484-4702,"71 LONG HILL CROSS ROAD
SHELTON, CT 06484-4702
(41.31231279400049, -73.09571678999964)"
8402500207,BUTTERFLY PLACE,,9783920955.0,http://www.butterflyplace-ma.com,HSC,,,,,,,2,1,25,17.0,318100.0,4028.0,76135.0,,14460.0,15764.0,0.0,840,0,0,1,0,"120 TYNGSBORO RD
WESTFORD, MA 1886
(42.642713, -71.438466)",120 TYNGSBORO RD,WESTFORD,MA,1886,"120 TYNGSBORO RD
WESTFORD, MA 1886
(42.64255988700046, -71.43850751499963)"
8403601808,NATIONAL SOCCER HALL OF FAME AT ONEONTA NEW YORK,,,,GMU,222413805,A50,,,,,3,2,36,61.0,8300.0,1001.0,44919.0,51000.0,35620.0,35614.0,0.0,840,1,0,0,0,"111 EIGHTH AVE
NEW YORK, NY 10011-5201
(40.741134, -74.001513)",111 EIGHTH AVE,NEW YORK,NY,10011-5201,"111 EIGHTH AVE
NEW YORK, NY 10011-5201
(40.67246158600045, -73.97363431999963)"
8400500206,GOOD EARTH ASSOCIATION INC,GOOD EARTH ASSOCIATION,8708929545.0,,HSC,710595355,,01/01/201212 12:00:00 AM,$0.00,$0.00,0.0,3,3,5,121.0,960302.0,1102.0,91059.0,56540.0,,,0.0,840,1,0,1,0,"202 E CHURCH ST
POCAHONTAS, AR 72455-2819
(36.263598, -90.96805)",202 E CHURCH ST,POCAHONTAS,AR,72455-2819,"202 E CHURCH ST
POCAHONTAS, AR 72455-2819
(36.263536084000464, -90.96791932999969)"
8401900194,LINN COUNTY HISTORICAL SOCIETY,LINN COUNTY HISTORICAL SOCIETY,,,HSC,237311415,A82,01/01/201212 12:00:00 AM,$339260.00,$333956.00,4.0,1,4,19,113.0,1900.0,3016.0,90577.0,12000.0,16300.0,,0.0,840,1,0,0,1,"615 1ST AVE SE
CEDAR RAPIDS, IA 52401
(41.981425, -91.663957)",615 1ST AVE SE,CEDAR RAPIDS,IA,52401,"615 1ST AVE SE
CEDAR RAPIDS, IA 52401
(41.98164395600048, -91.66353609299966)"
8401100159,HOUSE OF THE TEMPLE HISTORIC PRESERVATION FOUNDATION INC,HOUSE OF THE TEMPLE,,http://www.scottishrite.org,HSC,521664576,A82,01/01/201212 12:00:00 AM,$4397031.00,$3626674.00,6.0,1,2,11,1.0,5201.0,2000.0,50000.0,50000.0,47900.0,47894.0,0.0,840,1,0,1,0,"1733 16TH ST NW
WASHINGTON, DC 20009-3103
(38.91364, -77.036501)",1733 16TH ST NW,WASHINGTON,DC,20009-3103,"1733 16TH ST NW
WASHINGTON, DC 20009-3103
(38.91384908700047, -77.03646532799968)"
8402400249,OAKLAND HERITAGE COMMUNITY FOUNDATION INC,,,,HSC,270512338,A80,01/01/201306 12:00:00 AM,$92295.00,$90336.00,3.0,3,2,24,23.0,600.0,4048.0,91236.0,57650.0,,,0.0,840,1,0,0,0,"15 S 3RD STREET
OAKLAND, MD 21550-1522
(39.408528, -79.387439)",15 S 3RD STREET,OAKLAND,MD,21550-1522,"15 S 3RD STREET
OAKLAND, MD 21550-1522
(39.40994732200045, -79.40592876699964)"
8403901243,GALION HISTORICAL SOCIETY INC,,,,HSC,346535596,A82,01/01/201212 12:00:00 AM,$182649.00,$64866.00,4.0,3,4,39,33.0,975100.0,3013.0,29176.0,29162.0,15340.0,,1.0,840,1,0,0,0,"PO BOX 125
GALION, OH 44833-0125
(40.730397, -82.793003)",PO BOX 125,GALION,OH,44833-0125,"PO BOX 125
GALION, OH 44833-0125
(40.73430190200048, -82.78764869999964)"
8403700844,ORANGE STREET SCHOOL RESTORATION AND HISTORICAL ASSOCIATION,,,,HSC,581664555,,01/01/201106 12:00:00 AM,$0.00,$0.00,0.0,1,3,37,51.0,3800.0,1056.0,90832.0,22920.0,22180.0,,0.0,840,1,0,0,0,"600 ORANGE STREET
FAYETTEVILLE, NC 28301-2830
(35.065571, -78.88117)",600 ORANGE STREET,FAYETTEVILLE,NC,28301-2830,"600 ORANGE STREET
FAYETTEVILLE, NC 28301-2830
(35.06395779100046, -78.88130758099965)"
8402100155,STATE LINE HISTORICAL PRESERVATION CORPORATION,,,,HSC,270849952,,,,,,4,3,21,75.0,960200.0,4145.0,91712.0,,46460.0,,1.0,840,1,0,0,0,"6989 STATE ROUTE 125
HICKMAN, KY 42050
(36.50535, -89.119978)",6989 STATE ROUTE 125,HICKMAN,KY,42050,"6989 STATE ROUTE 125
HICKMAN, KY 42050
(36.50371147500044, -89.11999645399965)"
8403602031,SING SING MUSEUM FOUNDATION INC,,,http://www.gdcproperties.com,GMU,261153384,,,,,,2,2,36,119.0,12000.0,1035.0,49011.0,32842.0,35620.0,35614.0,0.0,840,1,0,0,0,"245 SAW MILL RIVER ROAD
HAWTHORNE, NY 10532
(41.101402, -73.807955)",245 SAW MILL RIVER ROAD,HAWTHORNE,NY,10532,"245 SAW MILL RIVER ROAD
HAWTHORNE, NY 10532
(41.10254912400046, -73.80804675699966)"
8401600149,MUD LAKE HISTORICAL SOCIETY AND MUSEUM INC,,,http://mudlakemuseum.shutterfly.com,HSC,820468305,A80,01/01/201212 12:00:00 AM,$0.00,$0.00,0.0,4,6,16,51.0,960100.0,3097.0,92335.0,55450.0,26820.0,,0.0,840,1,0,0,0,"1097 E 1500 N
TERRETON, ID 83450
(43.841307, -112.484756)",1097 E 1500 N,TERRETON,ID,83450,"1097 E 1500 N
TERRETON, ID 83450
(43.84134699500049, -112.47649017899971)"
8403601379,BING TOWNSHIP HISTORICAL SOCIETY,,,http://binghamtonhistorical.org/,HSC,161165056,,01/01/201212 12:00:00 AM,$0.00,$0.00,0.0,4,2,36,7.0,12702.0,4020.0,6618.0,,13780.0,,0.0,840,1,0,0,0,"923 HAWLEYTON ROAD
BINGHAMTON, NY 13903
(42.020073, -75.915643)",923 HAWLEYTON ROAD,BINGHAMTON,NY,13903,"923 HAWLEYTON ROAD
BINGHAMTON, NY 13903
(42.018719528000474, -75.91610508399964)"
8403300353,DUBLIN COMMUNITY CENTER,,,,HSC,270353992,A80,01/01/201212 12:00:00 AM,$22611.00,$22611.00,2.0,4,1,33,5.0,970400.0,4087.0,19140.0,,28300.0,,1.0,840,1,0,0,0,"PO BOX 497
DUBLIN, NH 03444-0497
(42.881798, -72.036306)",PO BOX 497,DUBLIN,NH,03444-0497,"PO BOX 497
DUBLIN, NH 03444-0497
(42.90552281200047, -72.04908957599963)"
8404201195,ELLWOOD CITY AREA HISTORICAL SOCIETY,ELLWOOD CITY AREA HISTORICAL,7247522021.0,http://www.ellwoodhistory.com,HSC,251565885,A82,01/01/201212 12:00:00 AM,$37348.00,$31686.00,3.0,3,2,42,73.0,11800.0,3015.0,23304.0,23304.0,35260.0,,1.0,840,1,0,1,0,"310 5TH ST
ELLWOOD CITY, PA 16117
(40.858086, -80.287536)",310 5TH ST,ELLWOOD CITY,PA,16117,"310 5TH ST
ELLWOOD CITY, PA 16117
(40.85805974900046, -80.28728700599964)"
8400602267,TIMBER HERITAGE ASSOCIATION,,7074432957.0,,GMU,942388203,,01/01/201212 12:00:00 AM,$66268.00,$56290.00,3.0,3,6,6,23.0,100.0,1126.0,90930.0,23042.0,21700.0,,1.0,840,1,0,0,0,"PO BOX 6399
EUREKA, CA 95502-6399
(40.796547, -124.174389)",PO BOX 6399,EUREKA,CA,95502-6399,"PO BOX 6399
EUREKA, CA 95502-6399
(40.796522379000464, -124.17442885199972)"
8401900308,"DES MOINES BOTANICAL CENTER, FRIENDS OF THE","DES MOINES BOTANICAL CENTER, FRIENDS OF THE",5153236290.0,,BOT,420540765,C41,01/01/201206 12:00:00 AM,$6651894.00,$6527849.00,7.0,1,4,19,153.0,5100.0,4032.0,90987.0,21000.0,19780.0,,0.0,840,0,0,0,1,"909 ROBERT D. RAY DR
DES MOINES, IA 50309
(41.585752, -93.630072)",909 ROBERT D. RAY DR,DES MOINES,IA,50309,"909 ROBERT D. RAY DR
DES MOINES, IA 50309
(41.59573750800047, -93.61549636699965)"
8405101024,THE SETTLERS MUSEUM FOUNDATION,SETTLERS MUSEUM,,,HST,743207816,A54,01/01/201312 12:00:00 AM,$0.00,$0.00,0.0,3,3,51,173.0,30100.0,3034.0,90104.0,3512.0,,,0.0,840,1,0,0,0,"PO BOX 808
ATKINS, VA 24311-0808
(36.867195, -81.420924)",PO BOX 808,ATKINS,VA,24311-0808,"PO BOX 808
ATKINS, VA 24311-0808
(36.867134147000456, -81.42101850399968)"
8402300032,MOUNT DESERT ISLAND HISTORICAL,,2072769323.0,http://www.mdihistory.org,HSC,,,,,,,4,1,23,9.0,966000.0,2018.0,47630.0,,,,0.0,840,0,0,1,0,"373 SOUND DR
MOUNT DESERT, ME 4660
(44.358485, -68.304446)",373 SOUND DR,MOUNT DESERT,ME,4660,"373 SOUND DR
MOUNT DESERT, ME 4660
(44.3532825420005, -68.30334060799964)"
8404801618,CENTRAL TEXAS HISTORICAL AND GENEALOGICAL PRESERVATION INC,,,,HSC,752348884,,01/01/201212 12:00:00 AM,$0.00,$0.00,0.0,4,5,48,133.0,950100.0,2115.0,93190.0,60632.0,,,0.0,840,1,0,0,0,"PO BOX 320
RANGER, TX 76470
(32.473592, -98.680358)",PO BOX 320,RANGER,TX,76470,"PO BOX 320
RANGER, TX 76470
(32.47810297600046, -98.68433966399965)"
8405100566,HARRISON MUSEUM OF AFRICAN AMERICAN CULTURE,HARRISON MUSEUM OF AFRICAN AMERICAN CULTURE,5403454818.0,,GMU,521417831,A50,01/01/201206 12:00:00 AM,$113539.00,$57818.00,4.0,1,3,51,770.0,2500.0,3017.0,95363.0,68000.0,40220.0,,0.0,840,1,1,0,0,"523 HARRISON AVE.
ROANOKE, VA 24026-2544
(37.279106, -79.947556)",523 HARRISON AVE.,ROANOKE,VA,24026-2544,"523 HARRISON AVE.
ROANOKE, VA 24026-2544
(37.27847146200048, -79.93390999899964)"
8403300355,PARRISH HOUSE MUSEUM FOUNDATION,THE PARRISH HOUSE MUSEUM FOUNDATION,6036752338.0,,HSC,271046244,,,,,,4,1,33,19.0,975100.0,3036.0,62340.0,,17200.0,,1.0,840,1,0,1,0,"PO BOX 63
PLAINFIELD, NH 3781
(43.567504, -72.310455)",PO BOX 63,PLAINFIELD,NH,3781,"PO BOX 63
PLAINFIELD, NH 3781
(43.550063371000476, -72.31232878199967)"
8402000119,WORLD WAR II HISTORY CENTER FOUNDATION,W W II HISTORY CENTER,,http://www.wwiihistorycenter.org,GMU,50631890,A50,01/01/201112 12:00:00 AM,$57301.00,$56579.00,3.0,3,5,20,15.0,20400.0,1034.0,20075.0,20075.0,48620.0,,0.0,840,1,0,1,0,"119 W CENTRAL AVE
EL DORADO, KS 67042-2105
(37.817341, -96.854634)",119 W CENTRAL AVE,EL DORADO,KS,67042-2105,"119 W CENTRAL AVE
EL DORADO, KS 67042-2105
(37.817392596000445, -96.85068973999967)"
8404700549,FRIENDS OF SHOAL CREEK CABIN,,,,HSC,710948089,A80,01/01/201212 12:00:00 AM,$0.00,$0.00,0.0,4,3,47,99.0,960501.0,3004.0,92570.0,,29980.0,,1.0,840,1,0,0,0,"21 BEASLEY RD
LAWRENCEBURG, TN 38464-7332
(35.287442, -87.344699)",21 BEASLEY RD,LAWRENCEBURG,TN,38464-7332,"21 BEASLEY RD
LAWRENCEBURG, TN 38464-7332
(35.28744758400046, -87.34459847599965)"
8402400661,THE NOTTINGHAM LOTS FOUNDATION INC,,,,HSC,900753000,A80,01/01/201212 12:00:00 AM,$0.00,$0.00,0.0,2,2,24,15.0,30400.0,4002.0,90212.0,25800.0,37980.0,48864.0,0.0,840,1,0,0,0,"208 EAST MAIN STREET
ELKTON, MD 21921-5762
(39.609297, -75.825812)",208 EAST MAIN STREET,ELKTON,MD,21921-5762,"208 EAST MAIN STREET
ELKTON, MD 21921-5762
(39.609303586000465, -75.82576305999964)"
8404201543,EAST FALLS HISTORICAL SOCIETY,,2158488396.0,http://eastfallshistoricalsociety.com,HSC,341998024,A84,01/01/201304 12:00:00 AM,$0.00,$0.00,0.0,1,2,42,101.0,20700.0,2001.0,60000.0,60000.0,37980.0,37964.0,0.0,840,1,0,0,0,"3304 W QUEEN LANE
PHILADELPHIA, PA 19129
(40.015221, -75.187989)",3304 W QUEEN LANE,PHILADELPHIA,PA,19129,"3304 W QUEEN LANE
PHILADELPHIA, PA 19129
(40.01558685900045, -75.18743381899964)"
8400602941,ORANGE COUNTY FIRE SERVICES ASSOCIATION,ORANGE COUNTY FIRE SERVICES ASSOCIATION,7142840623.0,http://www.ocfsa.com,GMU,956195085,A50,01/01/201212 12:00:00 AM,$67416.00,$67416.00,3.0,1,6,6,59.0,86301.0,1001.0,90050.0,2000.0,31080.0,11244.0,0.0,840,1,0,1,0,"1425 E LINCOLN AVE STE E
ANAHEIM, CA 92805-2210
(33.839184, -117.897927)",1425 E LINCOLN AVE STE E,ANAHEIM,CA,92805-2210,"1425 E LINCOLN AVE STE E
ANAHEIM, CA 92805-2210
(33.83913884000049, -117.89824357599969)"
8404200248,BELLEFONTE MUSEUM,,8143554280.0,http://bellefontemuseum.org,GMU,,,,,,,3,2,42,27.0,11100.0,5022.0,5256.0,5256.0,44300.0,,0.0,840,0,0,1,0,"133 N ALLEGHENY ST
BELLEFONTE, PA 16823
(40.91302, -77.778538)",133 N ALLEGHENY ST,BELLEFONTE,PA,16823,"133 N ALLEGHENY ST
BELLEFONTE, PA 16823
(40.91310873600048, -77.77829419899967)"
8402600464,GRAND VALLEY STATE UNIVERSITY,GRAND VALLEY STATE UNIVERSITY,6168953196.0,http://gvsu.edu,GMU,381684280,A80,01/01/201206 12:00:00 AM,,,0.0,2,4,26,139.0,24500.0,2001.0,1360.0,1340.0,24340.0,,0.0,840,1,0,1,0,"1 CAMPUS DR
ALLENDALE, MI 49401-9401
(42.961444, -85.888832)",1 CAMPUS DR,ALLENDALE,MI,49401-9401,"1 CAMPUS DR
ALLENDALE, MI 49401-9401
(42.961398086000486, -85.88881871899969)"
8404100446,WESTERN FLY FISHING MUSEUM,,,,GMU,931077570,,,,,,3,6,41,39.0,705.0,3009.0,91147.0,26050.0,21660.0,,0.0,840,1,0,0,0,"PO BOX 126
FLORENCE, OR 97439-0005
(43.990103, -124.102773)",PO BOX 126,FLORENCE,OR,97439-0005,"PO BOX 126
FLORENCE, OR 97439-0005
(43.973451268000474, -124.10610798799968)"
8405100669,CITY OF SUFFOLK,,7579232371.0,,HSC,541290043,,,,,,2,3,51,800.0,65300.0,3010.0,95987.0,76432.0,47260.0,,0.0,840,1,0,0,0,"118 BOSLEY AVE
SUFFOLK, VA 23434-5755
(36.729058, -76.594568)",118 BOSLEY AVE,SUFFOLK,VA,23434-5755,"118 BOSLEY AVE
SUFFOLK, VA 23434-5755
(36.728903629000456, -76.59493757799964)"
8403900664,GLOBAL GALLERY INC,GLOBAL GALLERY,6146211744.0,,ART,311327429,A51,01/01/201202 12:00:00 AM,$792787.00,$319804.00,5.0,1,4,39,49.0,3000.0,1036.0,18000.0,18000.0,18140.0,,0.0,840,1,0,1,0,"682 N HIGH ST
COLUMBUS, OH 43215-1548
(40.087495, -83.018144)",682 N HIGH ST,COLUMBUS,OH,43215-1548,"682 N HIGH ST
COLUMBUS, OH 43215-1548
(39.976422578000495, -83.00335783099968)"
8404500237,HISTORIC PORT ROYAL FOUNDATION,HISTORIC PORT ROYAL FOUNDATION,8435244333.0,,HSC,570714613,A82,01/01/201212 12:00:00 AM,$0.00,$0.00,0.0,3,3,45,13.0,800.0,3005.0,90195.0,58030.0,25940.0,,0.0,840,1,0,1,0,"PO BOX 817
PORT ROYAL, SC 29935-0817
(32.387838, -80.691451)",PO BOX 817,PORT ROYAL,SC,29935-0817,"PO BOX 817
PORT ROYAL, SC 29935-0817
(32.381333218000464, -80.69272608299968)"
8402000109,"BOTANICA, THE WICHITA GARDENS","BOTANICA, THE WICHITA GARDENS",3162640448.0,,BOT,,,,,,,1,5,20,173.0,1400.0,4003.0,79000.0,79000.0,48620.0,,0.0,840,0,1,0,0,"701 AMIDON
WICHITA, KS 67203
(37.695973, -97.36398)",701 AMIDON,WICHITA,KS,67203,"701 AMIDON
WICHITA, KS 67203
(37.703923646000476, -97.36291921099968)"
8403000245,FORT WILLIAM HENRY HARRISON MUSEUM FOUNDATION,,,,HSC,810498957,A80,01/01/201212 12:00:00 AM,$43492.00,$34977.00,3.0,3,5,30,49.0,600.0,1109.0,91722.0,35640.0,25740.0,,1.0,840,1,0,0,0,"PO BOX 125
FORT HARRISON, MT 59636-0125
(46.6245, -112.096745)",PO BOX 125,FORT HARRISON,MT,59636-0125,"PO BOX 125
FORT HARRISON, MT 59636-0125
(46.6177476740005, -112.1019096279997)"
8400500165,LITTLE RIVER COUNTY HISTORICAL SOCIETY,,8708987202.0,,HSC,710485901,A82,,,,,3,3,5,81.0,30101.0,1037.0,91935.0,2380.0,45500.0,,0.0,840,1,0,0,0,"310 NORTH 2ND STREET
ASHDOWN, AR 71822
(33.67288, -94.132691)",310 NORTH 2ND STREET,ASHDOWN,AR,71822,"310 NORTH 2ND STREET
ASHDOWN, AR 71822
(33.672597347000476, -94.1323978589997)"
8403100312,NEBRASKA STATE HISTORICAL SOCIETY FOUNDATION,NEBRASKA STATE HISTORICAL SCTY,4024353535.0,http://www.nshsf.org,HSC,476000332,A82,01/01/201306 12:00:00 AM,$7468445.00,$891103.00,7.0,1,5,31,109.0,1900.0,1018.0,91753.0,28000.0,30700.0,,0.0,840,1,0,1,1,"128 N 13TH ST APT 1010
LINCOLN, NE 68508-1562
(40.814045, -96.702546)",128 N 13TH ST APT 1010,LINCOLN,NE,68508-1562,"128 N 13TH ST APT 1010
LINCOLN, NE 68508-1562
(40.81440004300049, -96.70254379299968)"
8402300322,SOUTHERN AROOSTOOK AGRICULTURAL MUSEUM,,,,GMU,10545607,A50,01/01/201302 12:00:00 AM,$57096.00,$45871.00,3.0,4,1,23,3.0,952300.0,3024.0,40595.0,,,,0.0,840,1,0,0,0,"1678 US HWY 1
LITTLETON, ME 04730-6313
(46.235313, -67.840871)",1678 US HWY 1,LITTLETON,ME,04730-6313,"1678 US HWY 1
LITTLETON, ME 04730-6313
(46.241338010000504, -67.84090797099964)"
8404000125,CLEVELAND MCCONNELL BROWN INSTITUTE INC,,,,GMU,201330405,A50,01/01/201012 12:00:00 AM,$0.00,$0.00,0.0,1,5,40,143.0,7900.0,2003.0,93380.0,75000.0,46140.0,,0.0,840,1,0,0,0,"4900 NORTH IRIQUOIS
TULSA, OK 74126
(36.224628, -95.982722)",4900 NORTH IRIQUOIS,TULSA,OK,74126,"4900 NORTH IRIQUOIS
TULSA, OK 74126
(36.22436055400044, -95.98285508899966)"
8404201161,BOALSBURG HERITAGE MUSEUM ASSOCIATION OF HARRIS TOWNSHIP,BOALSBURG HERITAGE MUSEUM ASSOCIATION,,http://www.boalsburgheritagemuseum.org,ART,251428870,A51,01/01/201212 12:00:00 AM,$23061.00,$22021.00,2.0,2,2,42,27.0,11800.0,2000.0,32792.0,7368.0,44300.0,,0.0,840,1,0,1,0,"PO BOX 346
BOALSBURG, PA 16827-0346
(40.77857, -77.77692)",PO BOX 346,BOALSBURG,PA,16827-0346,"PO BOX 346
BOALSBURG, PA 16827-0346
(40.77658314900049, -77.79328661699964)"
8400800506,FRIENDS OF THE GREELEY MUSEUMS,,,,GMU,841111382,,01/01/201212 12:00:00 AM,$0.00,$0.00,0.0,1,5,8,123.0,100.0,1025.0,91634.0,32155.0,24540.0,,0.0,840,1,0,0,0,"714 8TH ST
GREELEY, CO 80631
(40.424848, -104.689881)",714 8TH ST,GREELEY,CO,80631,"714 8TH ST
GREELEY, CO 80631
(40.4248536610005, -104.68961084599971)"
8403900077,MUSEUM AT  FRIENDS HOME,,5138971607.0,http://www.friendshomemuseum.org,GMU,,,,,,,2,4,39,165.0,31000.0,3017.0,82306.0,82418.0,17140.0,,0.0,840,0,0,1,0,"115 S 4TH ST
WAYNESVILLE, OH 45068
(39.530978, -84.08992)",115 S 4TH ST,WAYNESVILLE,OH,45068,"115 S 4TH ST
WAYNESVILLE, OH 45068
(39.53104135500047, -84.08987298399967)"
8401700607,PUTNAM COUNTY HISTORICAL SOCIETY,PUTNAM COUNTY HISTORICAL,8159257560.0,,HSC,362963047,A82,01/01/201304 12:00:00 AM,$54020.00,$54020.00,3.0,4,4,17,155.0,954600.0,1109.0,34124.0,34098.0,36860.0,,1.0,840,1,0,1,0,"PO BOX 74
HENNEPIN, IL 61327-0074
(41.250153, -89.338257)",PO BOX 74,HENNEPIN,IL,61327-0074,"PO BOX 74
HENNEPIN, IL 61327-0074
(41.2531520280005, -89.34428788099967)"
8402900683,RALPH FOSTER MUSEUM,RALPH FOSTER MUSEUM,4176903407.0,http://www.rfostermuseum.com,GMU,440556802,,,,,,3,4,29,213.0,480502.0,2016.0,54632.0,,14700.0,,1.0,840,0,1,0,0,"POINT LOOKOUT, MO 65726
(36.615817, -93.239881)",,POINT LOOKOUT,MO,65726,"POINT LOOKOUT, MO 65726
(36.617411571000446, -93.24179880899965)"
8404500218,SOUTH CAROLINA ORCHID SOCIETY,,,,BOT,570483139,C41,01/01/201212 12:00:00 AM,$0.00,$0.00,0.0,4,3,45,65.0,920300.0,2241.0,92561.0,,,,0.0,840,1,0,0,0,"223 BENT OAK DR
CLARKS HILL, SC 29821-3718
(33.592583, -82.130043)",223 BENT OAK DR,CLARKS HILL,SC,29821-3718,"223 BENT OAK DR
CLARKS HILL, SC 29821-3718
(33.592746701000465, -82.13006874799964)"
8402601075,SWARTZ CREEK AREA HISTORICAL SOCIETY,,,http://swartzcreekhistory.com,HSC,760820683,A80,01/01/201212 12:00:00 AM,$0.00,$0.00,0.0,4,4,26,49.0,12801.0,2010.0,31220.0,,22420.0,,0.0,840,1,0,0,0,"11353 COOK RD
GAINES, MI 48436
(42.898207, -83.900611)",11353 COOK RD,GAINES,MI,48436,"11353 COOK RD
GAINES, MI 48436
(42.89813178200046, -83.90273035199965)"
8403900862,CINCINNATI NATURE CENTER,CINCINNATI NATURE CENTER,5138311711.0,http://www.cincynature.org,GMU,316057978,,01/01/201212 12:00:00 AM,$8060700.00,$5218598.00,7.0,4,4,39,25.0,41304.0,1003.0,78288.0,,17140.0,,0.0,840,1,1,1,0,"4949 TEALTOWN RD
MILFORD, OH 45150-9737
(39.123615, -84.24113)",4949 TEALTOWN RD,MILFORD,OH,45150-9737,"4949 TEALTOWN RD
MILFORD, OH 45150-9737
(39.12847504400048, -84.24244704899968)"
8402700492,GLOBAL CONSERVATION NETWORK,GLOBAL CONSERVATION NETWORK,,,GMU,411719362,,01/01/201212 12:00:00 AM,$935974.00,$935974.00,5.0,2,4,27,37.0,60822.0,1009.0,1900.0,1900.0,33460.0,,0.0,840,0,1,0,0,"12101 JOHNNY CAKE RIDGE ROAD
APPLE VALLEY, MN 55124-8151
(44.77172, -93.187531)",12101 JOHNNY CAKE RIDGE ROAD,APPLE VALLEY,MN,55124-8151,"12101 JOHNNY CAKE RIDGE ROAD
APPLE VALLEY, MN 55124-8151
(44.77416129000045, -93.18713802599967)"
8403900448,KRESY-SIBERIA FOUNDAT ION USA,,,,HST,271372055,A54,01/01/201112 12:00:00 AM,$0.00,$0.00,0.0,2,4,39,35.0,189111.0,1002.0,83622.0,83622.0,17460.0,,0.0,840,1,0,0,0,"2231 WHISPERING COVE
WESTLAKE, OH 44145-6608
(41.452582, -81.967838)",2231 WHISPERING COVE,WESTLAKE,OH,44145-6608,"2231 WHISPERING COVE
WESTLAKE, OH 44145-6608
(41.45261676600046, -81.96788955399967)"
8404100370,BAKER CABIN HISTORICAL SOCIETY,,,,HSC,930738845,,01/01/201212 12:00:00 AM,$0.00,$0.00,0.0,4,6,41,5.0,23100.0,1013.0,92618.0,,38900.0,,0.0,840,1,0,0,0,"18006 S GRONLUND RD
OREGON CITY, OR 97045
(45.3886, -122.497103)",18006 S GRONLUND RD,OREGON CITY,OR,97045,"18006 S GRONLUND RD
OREGON CITY, OR 97045
(45.38852451200046, -122.49771445499971)"
8404201459,OLD EMLENTON MILL FOUNDATION INC,,,,HSC,264740252,A80,01/01/201212 12:00:00 AM,$56366.00,$50049.00,3.0,4,2,42,121.0,201500.0,2068.0,64568.0,,36340.0,,1.0,840,1,0,0,0,"328 WHITEHALL RD
EMLENTON, PA 16373-7850
(41.190573, -79.693643)",328 WHITEHALL RD,EMLENTON,PA,16373-7850,"328 WHITEHALL RD
EMLENTON, PA 16373-7850
(41.19043349700047, -79.69420457899963)"
8403602261,BUNGERS SURFING FOUNDATION,BUNGER SURF AND SPORTS,6316611526.0,http://www.bungersurf.com,GMU,460826785,A50,01/01/201212 12:00:00 AM,$400.00,$400.00,1.0,2,2,36,103.0,124602.0,2012.0,4000.0,3408.0,35620.0,35004.0,0.0,840,1,0,1,0,"50 E MAIN ST
BABYLON, NY 11702-3590
(40.696674, -73.322298)",50 E MAIN ST,BABYLON,NY,11702-3590,"50 E MAIN ST
BABYLON, NY 11702-3590
(40.6967245080005, -73.32222399399967)"
8401200127,MUSEUM OF ARCHAEOLOGY,MUSEUM OF ARCHAEOLOGY,9545258778.0,,GMU,,,,,,,1,3,12,11.0,42500.0,2016.0,91098.0,24000.0,33100.0,22744.0,0.0,840,0,1,0,0,"203 SW 1ST AVENUE
FORT LAUDERDALE, FL 33301
(26.121571, -80.141297)",203 SW 1ST AVENUE,FORT LAUDERDALE,FL,33301,"203 SW 1ST AVENUE
FORT LAUDERDALE, FL 33301
(26.120422256000438, -80.14453518099964)"
8403901041,HERITAGE SOCIETY OF ERIE COUNTY,,,,HSC,341520751,A80,01/01/201212 12:00:00 AM,$0.00,$0.00,0.0,3,4,39,43.0,41400.0,2018.0,61714.0,,41780.0,,1.0,840,1,0,0,0,"2900 COLUMBUS AVE
SANDUSKY, OH 44870-5574
(41.427116, -82.69455)",2900 COLUMBUS AVE,SANDUSKY,OH,44870-5574,"2900 COLUMBUS AVE
SANDUSKY, OH 44870-5574
(41.4269691290005, -82.69444854799968)"
8404201108,ERIE COUNTY HISTORICAL SOCIETY,BATTLES MUSEUMS OF RURAL LIFE,,,HSC,251213025,A80,01/01/201206 12:00:00 AM,$573933.00,$554794.00,5.0,1,2,42,49.0,400.0,2016.0,24000.0,24000.0,21500.0,,0.0,840,1,0,1,0,"417 STATE ST
ERIE, PA 16501-1106
(42.130914, -80.086185)",417 STATE ST,ERIE,PA,16501-1106,"417 STATE ST
ERIE, PA 16501-1106
(42.13089732600048, -80.08616241799967)"
8405100511,KINSALE FOUNDATION,,8044723001.0,,GMU,510217683,,01/01/201307 12:00:00 AM,$0.00,$0.00,0.0,4,3,51,193.0,10100.0,4022.0,90976.0,,,,0.0,840,1,0,0,0,"PO BOX 307
KINSALE, VA 22488-0307
(38.04561, -76.58854)",PO BOX 307,KINSALE,VA,22488-0307,"PO BOX 307
KINSALE, VA 22488-0307
(38.029614265000475, -76.57906617499964)"
8403700248,HISTORIC SALISBURY FOUNDATION INC,HISTORIC SALISBURY FOUNDATION,,,HSC,237116467,A82,01/01/201206 12:00:00 AM,$476285.00,$290224.00,4.0,1,3,37,159.0,50201.0,1042.0,92812.0,58860.0,16740.0,,0.0,840,1,0,0,1,"PO BOX 4221
SALISBURY, NC 28145-4221
(35.662701, -80.464575)",PO BOX 4221,SALISBURY,NC,28145-4221,"PO BOX 4221
SALISBURY, NC 28145-4221
(35.66278121200048, -80.46469585599965)"
8401300142,FLETCHER HENDERSON MUSEUM INC,,4047586871.0,,GMU,30404108,A50,01/01/201212 12:00:00 AM,$0.00,$0.00,0.0,1,3,13,121.0,7900.0,1003.0,90144.0,4000.0,12060.0,,0.0,840,1,0,0,0,"809 MCKENZIE COURT SW
ATLANTA, GA 30311-2301
(33.733489, -84.479593)",809 MCKENZIE COURT SW,ATLANTA,GA,30311-2301,"809 MCKENZIE COURT SW
ATLANTA, GA 30311-2301
(33.73374149200049, -84.47960413399966)"
8403901088,FLAGS OF FREEDOM FOUNDATION,,4197387670.0,,GMU,341661450,,,,,,3,4,39,11.0,40300.0,2027.0,22722.0,80766.0,47540.0,,1.0,840,1,0,0,0,"PO BOX 1776
WAPAKONETA, OH 45895
(40.56994, -84.179455)",PO BOX 1776,WAPAKONETA,OH,45895,"PO BOX 1776
WAPAKONETA, OH 45895
(40.57004134900046, -84.17455877699967)"
8404700151,RAISE THE FLAG,,,,HSC,202389999,A80,01/01/201212 12:00:00 AM,$0.00,$0.00,0.0,4,3,47,71.0,920600.0,3019.0,90452.0,,,,0.0,840,1,0,0,0,"PO BOX 202
PICKWICK DAM, TN 38365-0202
(35.05227, -88.243396)",PO BOX 202,PICKWICK DAM,TN,38365-0202,"PO BOX 202
PICKWICK DAM, TN 38365-0202
(35.04815413300048, -88.24204691699964)"
8403601744,FRIENDS OF WOODLAWN CEMETERY OFELMIRA INC,,,,HSC,205461916,A80,01/01/201312 12:00:00 AM,$21055.00,$21055.00,2.0,1,2,36,15.0,400.0,1000.0,24229.0,24229.0,21300.0,,0.0,840,1,0,0,0,"1200 WALNUT ST
ELMIRA, NY 14905-1624
(42.104001, -76.826619)",1200 WALNUT ST,ELMIRA,NY,14905-1624,"1200 WALNUT ST
ELMIRA, NY 14905-1624
(42.10385912400045, -76.82650894699964)"
8401800616,LAKE STATES DAIRY CENTER INC,,,,GMU,352141464,A50,01/01/201212 12:00:00 AM,$2929741.00,$2929741.00,6.0,4,4,18,73.0,101100.0,2009.0,53622.0,,16980.0,23844.0,0.0,840,1,0,0,0,"856 N 600 E
FAIR OAKS, IN 47943-8000
(41.004589, -87.276065)",856 N 600 E,FAIR OAKS,IN,47943-8000,"856 N 600 E
FAIR OAKS, IN 47943-8000
(41.010852876000456, -87.27613039699969)"
8405500435,MONDOVI AREA HISTORICAL SOCIETY INC,,,,HSC,391365131,,01/01/201212 12:00:00 AM,$0.00,$0.00,0.0,4,4,55,11.0,960100.0,2018.0,12500.0,,,,0.0,840,1,0,0,0,"W1355 KEES ROAD
MONDOVI, WI 54701
(44.564245, -91.807182)",W1355 KEES ROAD,MONDOVI,WI,54701,"W1355 KEES ROAD
MONDOVI, WI 54701
(44.56019200600048, -91.80520408399968)"
8402300450,KENNEBEC HISTORICAL SOCIETY,KENNEBEC HISTORICAL SOCIETY,,,HSC,237134457,A82,01/01/201212 12:00:00 AM,$134625.00,$133769.00,4.0,3,1,23,11.0,10300.0,4020.0,2100.0,2100.0,12300.0,,1.0,840,1,0,0,1,"PO BOX 5582
AUGUSTA, ME 04332-5582
(44.311222, -69.783638)",PO BOX 5582,AUGUSTA,ME,04332-5582,"PO BOX 5582
AUGUSTA, ME 04332-5582
(44.3111016360005, -69.78314754699966)"
8404700222,KNOXVILLE CIVIL WAR ROUNDTABLE INC,,,,HSC,311645453,A80,01/01/201306 12:00:00 AM,$0.00,$0.00,0.0,1,3,47,93.0,4500.0,1000.0,90664.0,40000.0,28940.0,,0.0,840,1,0,0,0,"PO BOX 52232
KNOXVILLE, TN 37950-2232
(35.94605, -84.013161)",PO BOX 52232,KNOXVILLE,TN,37950-2232,"PO BOX 52232
KNOXVILLE, TN 37950-2232
(35.94894326600047, -84.01329650599968)"
8403600168,MILLS MANSION,,5856583292.0,http://www.MillsMansion.com,HSC,,,,,,,3,2,36,51.0,30900.0,2005.0,48956.0,48945.0,40380.0,,0.0,840,0,0,1,0,"14 MAIN ST
MOUNT MORRIS, NY 14510
(42.72704, -77.874958)",14 MAIN ST,MOUNT MORRIS,NY,14510,"14 MAIN ST
MOUNT MORRIS, NY 14510
(42.72699136400047, -77.87489481499966)"
8403601886,NORTHEASTERN NEW YORK RAILROAD PRESERVATION GROUP,,,,GMU,223211478,A50,01/01/201212 12:00:00 AM,$0.00,$0.00,0.0,3,2,36,115.0,89000.0,3042.0,30686.0,30675.0,24020.0,,0.0,840,1,0,0,0,"1 ELBOW ST
GREENWICH, NY 12834-1310
(43.086188, -73.497325)",1 ELBOW ST,GREENWICH,NY,12834-1310,"1 ELBOW ST
GREENWICH, NY 12834-1310
(43.08647159700047, -73.49777301499967)"
8400800679,PHILLIPS COUNTY HISTORICAL SOCIETY INC,PHILLIPS COUNTY MUSEUM,,,HSC,846060378,A82,01/01/201310 12:00:00 AM,$0.00,$0.00,0.0,4,5,8,95.0,967600.0,4023.0,91767.0,37270.0,,,0.0,840,1,0,1,0,"109 S CAMPBELL
HOLYOKE, CO 80734
(40.576451, -102.304106)",109 S CAMPBELL,HOLYOKE,CO,80734,"109 S CAMPBELL
HOLYOKE, CO 80734
(40.58544256500045, -102.3007718069997)"
8403300272,LISBON AREA HISTORICAL SOCIETY,,,,HSC,43344638,A80,01/01/201212 12:00:00 AM,$0.00,$0.00,0.0,4,1,33,9.0,960300.0,2060.0,42020.0,41940.0,17200.0,,1.0,840,1,0,0,0,"PO BOX 6
LISBON, NH 03585-0006
(44.223555, -71.90199)",PO BOX 6,LISBON,NH,03585-0006,"PO BOX 6
LISBON, NH 03585-0006
(44.21445133600048, -71.90786821099965)"
8404800792,RANDOLPH MASONIC LIBRARY AND MUSEUM INC,,,,GMU,320052372,A50,01/01/201312 12:00:00 AM,$0.00,$0.00,0.0,2,5,48,187.0,210714.0,2021.0,93470.0,14920.0,41700.0,,0.0,840,1,0,0,0,"507 MAIN ST
SCHERTZ, TX 78154-2144
(29.553407, -98.267276)",507 MAIN ST,SCHERTZ,TX,78154-2144,"507 MAIN ST
SCHERTZ, TX 78154-2144
(29.552675070000475, -98.27069375999969)"
