Museum ID,Name of Institution,Alternative Name of Institution,Phone,Web URL,Museum Type,EIN,NTEECC,Tax Period of Latest Return Filled,Gross Income,Total Revenue,Income Code,NCES Locale Code,AAM Museum Region,State Code,County Code,Tract,Block,Minor Civil Division,Place Code,CBSA Code,MSAD Code,Micropolitan Area Flag,Country Code,IRS 990 Flag,IMLS Admin Data Source Flag,Third Party Source Flag,Private Grant Foundation Data Source Flag,Location ,Address,City,State,Zip Code,Location
8403601817,SCIENCENTER DISCOVERY MUSEUM,SCIENCENTER,,http://www.sciencenter.org,SCI,222470652,A57,01/01/201212 12:00:00 AM,$2767152.00,$2677947.00,6.0,1,2,36,109.0,800.0,1007.0,38077.0,38077.0,27060.0,,0.0,840,1,0,1,1,"601 1ST ST
ITHACA, NY 14850-3507
(42.44947, -76.504726)",601 1ST ST,ITHACA,NY,14850-3507,"601 1ST ST
ITHACA, NY 14850-3507
(42.449400454000454, -76.50464648499963)"
8402601097,MOVIE MUSEUM INC,MOVIE MUSEUM,9897257621.0,,GMU,953427399,,01/01/201212 12:00:00 AM,$0.00,$0.00,0.0,3,4,26,155.0,30600.0,2000.0,61940.0,61940.0,37020.0,,1.0,840,1,1,1,0,"318 E OLIVER ST
OWOSSO, MI 48867-2351
(42.996342, -84.174835)",318 E OLIVER ST,OWOSSO,MI,48867-2351,"318 E OLIVER ST
OWOSSO, MI 48867-2351
(43.00174156200046, -84.16703015999968)"
8405500037,PORTAGE WW II HISTORY MUSEUM,,6087421052.0,http://wwiimuseumwi.com,GMU,,,,,,,3,4,55,21.0,970400.0,2032.0,64100.0,64100.0,31540.0,,0.0,840,0,0,1,0,"119 W COOK ST
PORTAGE, WI 53901
(43.551398, -89.468971)",119 W COOK ST,PORTAGE,WI,53901,"119 W COOK ST
PORTAGE, WI 53901
(43.53972644100048, -89.46038862799969)"
8404700315,NATIONAL MEDAL OF HONOR MUSEUM,,,,GMU,581739072,,01/01/201212 12:00:00 AM,$19435.00,$19435.00,2.0,1,3,47,65.0,11443.0,4005.0,91206.0,14000.0,16860.0,,0.0,840,1,0,0,0,"PO BOX 11467
CHATTANOOGA, TN 37401-2467
(35.053782, -85.187115)",PO BOX 11467,CHATTANOOGA,TN,37401-2467,"PO BOX 11467
CHATTANOOGA, TN 37401-2467
(35.04563402900044, -85.30825583799964)"
8404500275,HISTORIC ROCK HILL C/O SUSAN LYLE,,,,HSC,570896569,A80,01/01/201212 12:00:00 AM,$128657.00,$114733.00,4.0,1,3,45,91.0,60501.0,2037.0,92886.0,61405.0,16740.0,,0.0,840,1,0,0,0,"PO BOX 651
ROCK HILL, SC 29731-6651
(34.92708, -81.0321)",PO BOX 651,ROCK HILL,SC,29731-6651,"PO BOX 651
ROCK HILL, SC 29731-6651
(34.92542076500047, -81.03432606099966)"
8405500756,CHIPPEWA VALLEY MUSEUM INC,CHIPPEWA VALLEY,,http://www.cvmuseum.com,HST,396092129,A54,01/01/201309 12:00:00 AM,$700927.00,$677540.00,5.0,2,4,55,35.0,1101.0,1018.0,22300.0,22300.0,20740.0,,0.0,840,1,1,1,0,"PO BOX 1204
EAU CLAIRE, WI 54702-1204
(44.814045, -91.500932)",PO BOX 1204,EAU CLAIRE,WI,54702-1204,"PO BOX 1204
EAU CLAIRE, WI 54702-1204
(44.814049043000466, -91.50133972999964)"
8402200418,MARINER MARLIN ASSOCIATION INC,,,,HSC,743019011,A80,01/01/201306 12:00:00 AM,$40250.00,$40250.00,3.0,1,3,22,17.0,23100.0,2003.0,95254.0,70000.0,43340.0,,0.0,840,1,0,0,0,"6664 GILBERT PL
SHREVEPORT, LA 71106-3425
(32.444441, -93.73977)",6664 GILBERT PL,SHREVEPORT,LA,71106-3425,"6664 GILBERT PL
SHREVEPORT, LA 71106-3425
(32.44482843600048, -93.74059824999966)"
8401900534,SS PETER & PAUL HISTORICAL CORPORATION,,,,HSC,421443249,A80,01/01/201212 12:00:00 AM,$0.00,$0.00,0.0,4,4,19,151.0,780200.0,2055.0,90621.0,63975.0,,,0.0,840,1,0,0,0,"16 2ND AVE NW
POCAHONTAS, IA 50574-1611
(42.732606, -94.676074)",16 2ND AVE NW,POCAHONTAS,IA,50574-1611,"16 2ND AVE NW
POCAHONTAS, IA 50574-1611
(42.730586391000486, -94.66961019499968)"
8400602012,WOMEN BEYOND BORDERS,,,,ART,770440522,A51,01/01/201306 12:00:00 AM,$45058.00,$45058.00,3.0,2,6,6,83.0,1604.0,4001.0,90378.0,11446.0,42200.0,,0.0,840,1,0,0,0,"1101 EUGENIA PL STE C
CARPINTERIA, CA 93013-2012
(34.398947, -119.516816)",1101 EUGENIA PL STE C,CARPINTERIA,CA,93013-2012,"1101 EUGENIA PL STE C
CARPINTERIA, CA 93013-2012
(34.39904329200044, -119.5167177249997)"
8404801227,DIE KUNSTLER VON FREDERICKSBURG,,,,ART,742676356,A51,01/01/201212 12:00:00 AM,$0.00,$0.00,0.0,3,5,48,171.0,950500.0,2006.0,91395.0,27348.0,23240.0,,1.0,840,1,0,0,0,"PO BOX 1122
FREDERICKSBURG, TX 78624-1122
(30.272553, -98.87468)",PO BOX 1122,FREDERICKSBURG,TX,78624-1122,"PO BOX 1122
FREDERICKSBURG, TX 78624-1122
(30.286523572000476, -98.88794880099965)"
8400200078,ALASKA JEWISH HISTORICAL MUSEUM AND CULTURAL CENTER,,9077707021.0,,GMU,711010049,A50,01/01/201212 12:00:00 AM,$2111891.00,$9251.00,6.0,1,6,2,20.0,1500.0,5004.0,3050.0,3000.0,11260.0,,0.0,840,1,0,0,0,"1117 E 35TH AVE
ANCHORAGE, AK 99508-4258
(61.189391, -149.860612)",1117 E 35TH AVE,ANCHORAGE,AK,99508-4258,"1117 E 35TH AVE
ANCHORAGE, AK 99508-4258
(61.18939737500051, -149.86103955999974)"
8402400083,CULTURAL AFFAIRS AND MUSEUM PRGM,RESEARCH CENTER FOR DELMARVA HISTORY AND CULTURE,4105436271.0,,GMU,,,,,,,1,2,24,45.0,10400.0,2007.0,91188.0,,41540.0,,0.0,840,0,1,1,0,"1101 CAMDEN AVE
SALISBURY, MD 21801
(38.346612, -75.608445)",1101 CAMDEN AVE,SALISBURY,MD,21801,"1101 CAMDEN AVE
SALISBURY, MD 21801
(38.34917878800047, -75.60761020599966)"
8403901026,NORTH CUYAHOGA VALLEY CORRIDOR INC,,,,HSC,341470989,A80,01/01/201212 12:00:00 AM,$470190.00,$468078.00,4.0,1,4,39,35.0,105700.0,1014.0,16000.0,16000.0,17460.0,,0.0,840,1,0,0,0,"PO BOX 609420
CLEVELAND, OH 44109-0420
(41.442114, -81.704632)",PO BOX 609420,CLEVELAND,OH,44109-0420,"PO BOX 609420
CLEVELAND, OH 44109-0420
(41.44206417200047, -81.70472997599967)"
8401300649,FRIENDS OF BALDWIN COUNTY CEMETERIES INC,,,,HSC,582573816,A80,01/01/201212 12:00:00 AM,$9695.00,$9695.00,1.0,3,3,13,9.0,970200.0,3039.0,92015.0,51492.0,33300.0,,1.0,840,1,0,0,0,"3690 SUSSEX DR NE
MILLEDGEVILLE, GA 31061-9337
(33.095598, -83.245302)",3690 SUSSEX DR NE,MILLEDGEVILLE,GA,31061-9337,"3690 SUSSEX DR NE
MILLEDGEVILLE, GA 31061-9337
(33.12902697800047, -83.21196848399967)"
8401900637,PIONEER MUSEUM & HISTORICAL SOCIETY OF NORTH IOWA,,,,HSC,426077319,A82,01/01/201212 12:00:00 AM,$63833.00,$57884.00,3.0,3,4,19,33.0,950402.0,1028.0,92890.0,50160.0,32380.0,,1.0,840,1,0,0,0,"PO BOX 421
MASON CITY, IA 50402-0421
(43.149827, -93.199517)",PO BOX 421,MASON CITY,IA,50402-0421,"PO BOX 421
MASON CITY, IA 50402-0421
(43.15371386400045, -93.19938955399965)"
8402400553,WOODSBORO HISTORICAL SOCIETY INC,,,,HST,522153837,A54,01/01/201112 12:00:00 AM,$0.00,$0.00,0.0,2,2,24,21.0,767600.0,1101.0,90956.0,86750.0,47900.0,43524.0,0.0,840,1,0,0,0,"PO BOX 42
WOODSBORO, MD 21798-0042
(39.537996, -77.314476)",PO BOX 42,WOODSBORO,MD,21798-0042,"PO BOX 42
WOODSBORO, MD 21798-0042
(39.52876278000048, -77.31480593499964)"
8403601783,HANNIBAL HISTORICAL SOCIETY,,,,HSC,222283078,,01/01/201308 12:00:00 AM,$0.00,$0.00,0.0,4,2,36,75.0,21300.0,2008.0,32028.0,,45060.0,,0.0,840,1,0,0,0,"PO BOX 150
HANNIBAL, NY 13074
(43.308981, -76.525291)",PO BOX 150,HANNIBAL,NY,13074,"PO BOX 150
HANNIBAL, NY 13074
(43.305352661000484, -76.55344954599963)"
8403000076,MISSOULA TRANSPORTATION & RESTORATION MUSEUM,,,,GMU,202621264,A50,01/01/201212 12:00:00 AM,$38364.00,$32800.00,3.0,1,5,30,63.0,1200.0,2012.0,92331.0,50200.0,33540.0,,0.0,840,1,0,0,0,"PO BOX 1121
MISSOULA, MT 59806-1121
(46.851475, -114.014096)",PO BOX 1121,MISSOULA,MT,59806-1121,"PO BOX 1121
MISSOULA, MT 59806-1121
(46.85162627900047, -114.01484603899968)"
8401600139,J HOWARD BRADBURY LOGGING MEMORIAL MUSEUM INC,,,,GMU,820429108,A50,01/01/201312 12:00:00 AM,$0.00,$0.00,0.0,4,6,16,35.0,970100.0,1832.0,92806.0,62740.0,,,0.0,840,1,0,0,0,"PO BOX 307
PIERCE, ID 83546
(46.493331, -115.797779)",PO BOX 307,PIERCE,ID,83546,"PO BOX 307
PIERCE, ID 83546
(46.50176899200051, -115.8058772869997)"
8401700361,RANDOLPH COUNTY HISTORICAL SOCIETY,,,,HSC,237064680,A82,01/01/201309 12:00:00 AM,$0.00,$0.00,0.0,3,4,17,157.0,951000.0,1046.0,91170.0,,,,0.0,840,1,0,0,0,"4648 KANE HILL ROAD
ELLIS GROVE, IL 62241
(37.979507, -89.914036)",4648 KANE HILL ROAD,ELLIS GROVE,IL,62241,"4648 KANE HILL ROAD
ELLIS GROVE, IL 62241
(37.97802045500049, -89.91676655399965)"
8401900676,MUSCATINE ART CENTER,MUSCATINE ART CENTER,3192638282.0,,GMU,510159419,,01/01/201204 12:00:00 AM,$0.00,$0.00,0.0,3,4,19,139.0,50500.0,3018.0,90279.0,55110.0,34700.0,,1.0,840,1,1,0,0,"1314 MUEBURY AVE
MUSCATINE, IA 52761
(41.421561, -91.058363)",1314 MUEBURY AVE,MUSCATINE,IA,52761,"1314 MUEBURY AVE
MUSCATINE, IA 52761
(41.42745431900045, -91.0543796559997)"
8400800552,PUEBLO LOCOMOTIVE & RAIL HISTORICAL SOCIETY INC,,,,HST,841262901,A54,01/01/201112 12:00:00 AM,$0.00,$0.00,0.0,1,5,8,101.0,3500.0,1067.0,92983.0,62000.0,39380.0,,0.0,840,1,0,0,0,"PO BOX 322
PUEBLO, CO 81002-0322
(38.270711, -104.60857)",PO BOX 322,PUEBLO,CO,81002-0322,"PO BOX 322
PUEBLO, CO 81002-0322
(38.27220026000049, -104.61959746699966)"
8401200939,CIVIC MEDIA CENTER AND LIBRARY INC,CIVIC MEDIA CENTER AND LIBRARY,3523730010.0,http://www.civicmediacenter.org,GMU,593208635,A50,01/01/201012 12:00:00 AM,$58541.00,$58541.00,3.0,1,3,12,1.0,500.0,1088.0,91248.0,25175.0,23540.0,,0.0,840,1,0,1,0,"433 S MAIN ST
GAINESVILLE, FL 32601-6767
(29.647442, -82.324964)",433 S MAIN ST,GAINESVILLE,FL,32601-6767,"433 S MAIN ST
GAINESVILLE, FL 32601-6767
(29.647310579000475, -82.32494876599964)"
8403901107,LYONS ROYALTON HISTORICAL SOCIETY INC,,,,HSC,341697656,A82,01/01/201212 12:00:00 AM,$0.00,$0.00,0.0,4,4,39,51.0,40500.0,1024.0,68896.0,45626.0,45780.0,,0.0,840,1,0,0,0,"PO BOX 118
LYONS, OH 43533
(41.699203, -84.080469)",PO BOX 118,LYONS,OH,43533,"PO BOX 118
LYONS, OH 43533
(41.694411457000456, -84.07939881199968)"
8403700526,CHADBOURN REVITALIZATION CORP.-1910 A.C.L. DEPOT MUSEUM,,9106546269.0,,GMU,561389473,A50,01/01/201203 12:00:00 AM,$0.00,$0.00,0.0,4,3,37,47.0,930700.0,5021.0,90612.0,,,,0.0,840,1,0,0,0,"PO BOX 100
CHADBOURN, NC 28431-0100
(34.308417, -78.826445)",PO BOX 100,CHADBOURN,NC,28431-0100,"PO BOX 100
CHADBOURN, NC 28431-0100
(34.32756106100044, -78.82649847999966)"
8401700558,SHEDD AQUARIUM SOCIETY,SHEDD AQUARIUM,3129392426.0,http://www.sheddaquarium.org,ZAW,362167918,D50,01/01/201212 12:00:00 AM,$112534392.00,$65833199.00,9.0,1,4,17,31.0,320600.0,1012.0,14000.0,14000.0,16980.0,16974.0,0.0,840,1,1,1,0,"1200 S LAKE SHORE DR
CHICAGO, IL 60605-2402
(41.868774, -87.61749)",1200 S LAKE SHORE DR,CHICAGO,IL,60605-2402,"1200 S LAKE SHORE DR
CHICAGO, IL 60605-2402
(41.865058511000484, -87.61618374199969)"
8400400129,SOLAR CULTURE GALLERY INCORPORATED,SOLAR CULTURE,5208840874.0,http://www.solarculture.org,GMU,205326582,A50,01/01/201212 12:00:00 AM,$154623.00,$154623.00,4.0,1,6,4,19.0,400.0,3047.0,93570.0,77000.0,46060.0,,0.0,840,1,0,1,0,"31 E TOOLE AVE
TUCSON, AZ 85701-1209
(32.226166, -110.971193)",31 E TOOLE AVE,TUCSON,AZ,85701-1209,"31 E TOOLE AVE
TUCSON, AZ 85701-1209
(32.22614446400047, -110.9711553729997)"
8403900287,AMERICAN CIVIL WAR MUSEUM OF OHIOINC,,,,GMU,205306544,A50,01/01/201212 12:00:00 AM,$0.00,$0.00,0.0,4,4,39,147.0,963700.0,1001.0,76778.0,76778.0,45660.0,,1.0,840,1,0,0,0,"217 S WASH ST
TIFFIN, OH 44883-2890
(41.114271, -83.176493)",217 S WASH ST,TIFFIN,OH,44883-2890,"217 S WASH ST
TIFFIN, OH 44883-2890
(41.111487328000464, -83.17605384099966)"
8404700313,OBION COUNTY MUSEUM INC,OBION COUNTY MUSEUM,7318856774.0,http://www.ocmuseum.com,GMU,581704125,A54,,,,,3,3,47,131.0,965500.0,1095.0,90322.0,75940.0,46460.0,,1.0,840,1,0,1,0,"PO BOX 323
UNION CITY, TN 38281-3828
(36.42319, -89.05679)",PO BOX 323,UNION CITY,TN,38281-3828,"PO BOX 323
UNION CITY, TN 38281-3828
(36.42308119900048, -89.0575758929997)"
8402000407,FOWLER ARTS COUNCIL,,,,ART,481113501,A51,01/01/201312 12:00:00 AM,$0.00,$0.00,0.0,4,5,20,119.0,966600.0,3240.0,24200.0,24175.0,,,0.0,840,1,0,0,0,"206 MAIN STREET PO BOX 437
FOWLER, KS 67844-0437
(37.379151, -100.19548)",206 MAIN STREET PO BOX 437,FOWLER,KS,67844-0437,"206 MAIN STREET PO BOX 437
FOWLER, KS 67844-0437
(37.37940031000045, -100.19547655099967)"
8403900344,AMERICAN WATCHMAKERS INSTITUTE EDUCATIONAL LIBRARY AND MUSEU,AMERICAN WATCHMAKERS INST,5133679800.0,http://www.awci.com/services/elm-trust.php,GMU,237160387,B76,01/01/201306 12:00:00 AM,$0.00,$0.00,0.0,3,4,39,61.0,26001.0,1034.0,33852.0,33838.0,17140.0,,0.0,840,1,0,1,0,"701 ENTERPRISE DR
HARRISON, OH 45030
(39.249953, -84.769735)",701 ENTERPRISE DR,HARRISON,OH,45030,"701 ENTERPRISE DR
HARRISON, OH 45030
(39.24996320100047, -84.77226107599967)"
8400200121,ANCHORAGE HISTORIC PROPERTIES INC,ANCHORAGE HISTORIC PROPERTIES,9072743600.0,http://www.anchoragehistoricproperties.org,HSC,920119470,A82,01/01/201012 12:00:00 AM,$0.00,$-10547.00,0.0,1,6,2,20.0,1100.0,1006.0,3050.0,3000.0,11260.0,,0.0,840,1,0,1,0,"645 WEST 3RD AVENUE
ANCHORAGE, AK 99501-2174
(61.219545, -149.894414)",645 WEST 3RD AVENUE,ANCHORAGE,AK,99501-2174,"645 WEST 3RD AVENUE
ANCHORAGE, AK 99501-2174
(61.21955718000049, -149.89518964099972)"
8404800858,HOODS TEXAS BRIGADE ASSOCIATION RE-ACTIVATED,,,,HSC,450561976,A80,01/01/201212 12:00:00 AM,$0.00,$0.00,0.0,1,5,48,453.0,1401.0,2001.0,90165.0,5000.0,12420.0,,0.0,840,1,0,0,0,"605 PECAN GROVE ROAD
AUSTIN, TX 78704-2507
(30.248914, -97.742782)",605 PECAN GROVE ROAD,AUSTIN,TX,78704-2507,"605 PECAN GROVE ROAD
AUSTIN, TX 78704-2507
(30.248893514000486, -97.74257264299968)"
8402800014,"ROWAN OAK, HOME OF WILLIAM FAULKNER","ROWAN OAK, HOME OF WILLIAM FAULKNER",6622343284.0,,HSC,,,,,,,3,3,28,71.0,950301.0,2023.0,90324.0,75520.0,37060.0,,1.0,840,0,1,0,0,"UNIVERSITY OF MISSISSIPPI; ENGLISH DEPART.
UNIVERSITY, MS 38677
(34.36499, -89.537626)",UNIVERSITY OF MISSISSIPPI; ENGLISH DEPART.,UNIVERSITY,MS,38677,"UNIVERSITY OF MISSISSIPPI; ENGLISH DEPART.
UNIVERSITY, MS 38677
(34.36674217100045, -89.53365814599965)"
8403900925,ASHLAND COUNTY HISTORICAL MUSEUM,ASHLAND COUNTY HISTORICAL SOCIETY,4192893111.0,,HSC,341202318,,,,,,3,4,39,5.0,970500.0,2032.0,2568.0,2568.0,11740.0,,1.0,840,1,1,0,0,"420 CENTER STREET
ASHLAND, OH 44805
(40.866269, -82.314025)",420 CENTER STREET,ASHLAND,OH,44805,"420 CENTER STREET
ASHLAND, OH 44805
(40.86575722600048, -82.31378215299964)"
8403601579,BERGEN HISTORICAL SOCIETY,,5854942080.0,,HST,161587769,A54,01/01/201212 12:00:00 AM,$0.00,$0.00,0.0,3,2,36,37.0,950100.0,1021.0,6057.0,,12860.0,,1.0,840,1,0,0,0,"PO BOX 281
BERGEN, NY 14416-0281
(43.088996, -77.970319)",PO BOX 281,BERGEN,NY,14416-0281,"PO BOX 281
BERGEN, NY 14416-0281
(43.085101884000494, -77.94134701999968)"
8405600017,PARK COUNTY ARCHIVES,PARK COUNTY ARCHIVES,,,GMU,,,,,,,3,5,56,29.0,965500.0,3100.0,90935.0,15760.0,,,0.0,840,0,1,0,0,"1501 STAMPEDE AVE UNIT 9001
CODY, WY 82414
(44.518832, -109.057561)",1501 STAMPEDE AVE UNIT 9001,CODY,WY,82414,"1501 STAMPEDE AVE UNIT 9001
CODY, WY 82414
(44.51886716500047, -109.05642111199967)"
8404801658,HOUSTON COUNTY VISITORS CENTER-MUSEUM INC,HOUSTON COUNTY VISITORS CENTER,9365449520.0,,GMU,752485108,A50,01/01/201212 12:00:00 AM,$0.00,$0.00,0.0,3,5,48,225.0,950300.0,2005.0,90900.0,17744.0,,,0.0,840,1,0,1,0,"711 TERRELL AVENUE
CROCKETT, TX 75835
(31.324808, -95.453945)",711 TERRELL AVENUE,CROCKETT,TX,75835,"711 TERRELL AVENUE
CROCKETT, TX 75835
(31.324823001000482, -95.4536490539997)"
8401300255,BREMEN TEXTILE AND RAILROAD MUSUEM INC,,,,GMU,272229301,A50,01/01/201212 12:00:00 AM,$103951.00,$103951.00,4.0,3,3,13,143.0,10302.0,5074.0,90372.0,10132.0,12060.0,,0.0,840,1,0,0,0,"232 TALLAPOOSA ST
BREMEN, GA 30110-2045
(33.720718, -85.147102)",232 TALLAPOOSA ST,BREMEN,GA,30110-2045,"232 TALLAPOOSA ST
BREMEN, GA 30110-2045
(33.72111568600047, -85.14634262299967)"
8404201317,PIONEER STEAM AND GAS ENGINE SOCIETY OF NORTHWESTERN PA INC,,,,HST,251792876,A54,01/01/201212 12:00:00 AM,$66137.00,$34996.00,3.0,3,2,42,39.0,110700.0,1041.0,86168.0,,32740.0,,1.0,840,1,0,0,0,"PO BOX 806
SAEGERTOWN, PA 16433-0806
(41.730178, -80.147079)",PO BOX 806,SAEGERTOWN,PA,16433-0806,"PO BOX 806
SAEGERTOWN, PA 16433-0806
(41.72107000200049, -80.14868795999968)"
8405400185,METROPOLITAN THEATRE PRESERVATION FOUNDATION INC,,,,HSC,550707251,A80,01/01/201212 12:00:00 AM,$8930.00,$8930.00,1.0,1,3,54,61.0,10102.0,2049.0,90456.0,55756.0,34060.0,,0.0,840,1,0,0,0,"PO BOX 312
MORGANTOWN, WV 26507-0312
(39.62769, -79.957656)",PO BOX 312,MORGANTOWN,WV,26507-0312,"PO BOX 312
MORGANTOWN, WV 26507-0312
(39.62725101700045, -79.95797698399963)"
8400601320,FENDER MUSEUM OF THE ARTS FOUNDATION,FENDER MUSEUM,9517352440.0,http://50centhaircut.com,HST,330764874,A54,01/01/201106 12:00:00 AM,$863098.00,$850193.00,5.0,2,6,6,65.0,41500.0,2012.0,90590.0,16350.0,40140.0,,0.0,840,1,0,1,0,"365 N MAIN ST
CORONA, CA 92880-2040
(33.884074, -117.564961)",365 N MAIN ST,CORONA,CA,92880-2040,"365 N MAIN ST
CORONA, CA 92880-2040
(33.88510548000045, -117.56479655799967)"
8403601280,PALEONTOLOGICAL RESEARCH INSTITUTION,PALEONTOLOGICAL RESEARCH INSTITUTION,6072736623.0,http://www.museumoftheearth.org,NAT,150554849,U30,01/01/201206 12:00:00 AM,$1638321.00,$1602491.00,6.0,2,2,36,109.0,900.0,3011.0,38088.0,53853.0,27060.0,,0.0,840,1,1,0,1,"1259 TRUMANSBURG RD
ITHACA, NY 14850-1313
(42.465308, -76.53746)",1259 TRUMANSBURG RD,ITHACA,NY,14850-1313,"1259 TRUMANSBURG RD
ITHACA, NY 14850-1313
(42.4657843920005, -76.53819606999963)"
8403700481,WILKES ART GALLERY INC,WILKES ART GALLERY,3366672841.0,http://wilkesartgallery.org,ART,561019359,A51,01/01/201306 12:00:00 AM,$167081.00,$161303.00,4.0,3,3,37,193.0,960600.0,3063.0,92332.0,47880.0,35900.0,,1.0,840,1,0,1,0,"913 C ST
N WILKESBORO, NC 28659-4119
(36.159917, -81.148105)",913 C ST,N WILKESBORO,NC,28659-4119,"913 C ST
N WILKESBORO, NC 28659-4119
(36.159984341000495, -81.14778897699966)"
8404200126,MARVIN SAMSON PHARMACY MUSEUM,,2155968721.0,http://www.usip.edu/museum,GMU,,,,,,,1,2,42,101.0,7700.0,1007.0,60000.0,60000.0,37980.0,37964.0,0.0,840,0,0,1,0,"600 S 43RD ST
PHILADELPHIA, PA 19104
(39.948314, -75.209053)",600 S 43RD ST,PHILADELPHIA,PA,19104,"600 S 43RD ST
PHILADELPHIA, PA 19104
(39.96253597100048, -75.20911561999964)"
8402600603,MICHIGAN FARMERS HALL OF FAME,,,,GMU,382451227,A50,01/01/201212 12:00:00 AM,$0.00,$0.00,0.0,4,4,26,15.0,10500.0,2043.0,66260.0,,24340.0,,0.0,840,1,0,0,0,"7990 MILO RD
DELTON, MI 49046-8414
(42.456949, -85.443059)",7990 MILO RD,DELTON,MI,49046-8414,"7990 MILO RD
DELTON, MI 49046-8414
(42.456977123000456, -85.44399066799969)"
8400800118,DENVER CENTER-PERFORMING ARTS,,3038934100.0,,GMU,,,,,,,1,5,8,31.0,1702.0,2023.0,91007.0,20000.0,19740.0,,0.0,840,0,0,1,0,"1245 CHAMPA ST
DENVER, CO 80204
(39.743488, -104.998352)",1245 CHAMPA ST,DENVER,CO,80204,"1245 CHAMPA ST
DENVER, CO 80204
(39.74326386000047, -104.9981791459997)"
8400602627,CARDEN OF THE FOOTHILLS INC,,,,BOT,952648015,C41,,,,,2,6,6,37.0,430002.0,4002.0,93510.0,19990.0,31080.0,31084.0,0.0,840,1,0,0,0,"822 BRADBOURNE AVE
DUARTE, CA 91010-2005
(34.142099, -117.960009)",822 BRADBOURNE AVE,DUARTE,CA,91010-2005,"822 BRADBOURNE AVE
DUARTE, CA 91010-2005
(34.14221000200047, -117.96000678699971)"
8400600015,WIGNALL MUSEUM AND GALLERY,,9096526492.0,http://www.chaffey.edu/wignall,GMU,,,,,,,2,6,6,71.0,2019.0,1004.0,92260.0,59451.0,40140.0,,0.0,840,0,0,1,0,"5885 HAVEN AVE
RANCHO CUCAMONGA, CA 91737
(34.145961, -117.575707)",5885 HAVEN AVE,RANCHO CUCAMONGA,CA,91737,"5885 HAVEN AVE
RANCHO CUCAMONGA, CA 91737
(34.14649342200045, -117.5756764139997)"
8401200985,LAS AMERICAS MUSEUM OF ART INC,,,,ART,593408710,A51,,,,,2,3,12,109.0,20400.0,2002.0,93016.0,62500.0,27260.0,,0.0,840,1,0,0,0,"PO BOX 810
ST AUGUSTINE, FL 32085
(29.891669, -81.317067)",PO BOX 810,ST AUGUSTINE,FL,32085,"PO BOX 810
ST AUGUSTINE, FL 32085
(29.89172107200045, -81.31631856899963)"
8400600137,SHARPSTEEN MUSEUM,SHARPSTEEN MUSEUM,7079425911.0,,GMU,,,,,,,3,6,6,55.0,202000.0,3020.0,90340.0,9892.0,34900.0,,0.0,840,0,1,0,0,"1311 WASHINGTON STREET
CALISTOGA, CA 94515
(38.578881, -122.580962)",1311 WASHINGTON STREET,CALISTOGA,CA,94515,"1311 WASHINGTON STREET
CALISTOGA, CA 94515
(38.57896385000049, -122.58018620699971)"
8403400718,CITY OF PEACE FOUNDATION,,,,HSC,461919459,A82,01/01/201212 12:00:00 AM,$0.00,$0.00,0.0,2,2,34,13.0,20400.0,3000.0,40890.0,,35620.0,35084.0,0.0,840,1,0,0,0,"49 ROCKLEDGE DR
LIVINGSTON, NJ 07039-1901
(40.803917, -74.327193)",49 ROCKLEDGE DR,LIVINGSTON,NJ,07039-1901,"49 ROCKLEDGE DR
LIVINGSTON, NJ 07039-1901
(40.80503370600047, -74.32690579199965)"
8403601679,FRIENDS OF FORSYTH NATURE CENTER INC,,,http://www.forsythnaturecenter.org/h,BOT,201658341,C11,01/01/201312 12:00:00 AM,$0.00,$0.00,0.0,1,2,36,111.0,952000.0,2018.0,39727.0,39727.0,28740.0,,0.0,840,1,0,0,0,"PO BOX 3923
KINGSTON, NY 12402
(41.932032, -74.000595)",PO BOX 3923,KINGSTON,NY,12402,"PO BOX 3923
KINGSTON, NY 12402
(41.931561857000474, -74.00096737399963)"
8402000085,CRAWFORD COUNTY HISTORICAL,,6202311440.0,,HSC,,,,,,,3,5,20,37.0,957200.0,1005.0,3750.0,,38260.0,,1.0,840,0,0,1,0,"651 S HIGHWAY 69
PITTSBURG, KS 66762
(37.433791, -94.711274)",651 S HIGHWAY 69,PITTSBURG,KS,66762,"651 S HIGHWAY 69
PITTSBURG, KS 66762
(37.433630303000484, -94.71142105099966)"
8403300201,CROYDON HISTORICAL SOCIETY,,,,HST,20510813,A54,01/01/201112 12:00:00 AM,$0.00,$0.00,0.0,4,1,33,19.0,975200.0,2017.0,16340.0,,17200.0,,1.0,840,1,0,0,0,"879 NH ROUTE 10
CROYDON, NH 03773-6102
(43.368582, -72.185994)",879 NH ROUTE 10,CROYDON,NH,03773-6102,"879 NH ROUTE 10
CROYDON, NH 03773-6102
(43.31335276700048, -72.16484033999967)"
8405300020,SEATTLE PINBALL MUSEUM,SEATTLE PINBALL MUSEUM,2066230759.0,,GMU,,,,,,,1,6,53,33.0,9100.0,2005.0,92928.0,63000.0,42660.0,42644.0,0.0,840,0,0,1,0,"508 MAYNARD AVE S
SEATTLE, WA 98104
(47.598231, -122.325016)",508 MAYNARD AVE S,SEATTLE,WA,98104,"508 MAYNARD AVE S
SEATTLE, WA 98104
(47.597999202000494, -122.3249989849997)"
8401700811,CITIZENS LANDMARK PRESERVATION,,,,HSC,364086002,A80,01/01/201012 12:00:00 AM,$97398.00,,3.0,1,4,17,31.0,838600.0,1004.0,14000.0,14000.0,16980.0,16974.0,0.0,840,1,0,0,0,"3045 W FILLMORE ST # 1
CHICAGO, IL 60612-3959
(41.868244, -87.702551)",3045 W FILLMORE ST # 1,CHICAGO,IL,60612-3959,"3045 W FILLMORE ST # 1
CHICAGO, IL 60612-3959
(41.86824147800047, -87.70242044799966)"
8401300662,THUNDERBOLT MUSEUM SOCIETY,,,,GMU,582659271,A50,01/01/201112 12:00:00 AM,$0.00,$0.00,0.0,2,3,13,51.0,10102.0,3004.0,92712.0,76364.0,42340.0,,0.0,840,1,0,0,0,"2702 MECHANICS AVE
THUNDERBOLT, GA 31404-4520
(32.034213, -81.053327)",2702 MECHANICS AVE,THUNDERBOLT,GA,31404-4520,"2702 MECHANICS AVE
THUNDERBOLT, GA 31404-4520
(32.03426354700048, -81.05328323699968)"
8403400069,HUNTERDON MUSEUM OF ART,HUNTERDON MUSEUM OF ART,2017358415.0,,GMU,,,,,,,2,2,34,19.0,10801.0,1012.0,13720.0,13720.0,35620.0,35084.0,0.0,840,0,1,0,0,"7 LOWER CENTER STREET
CLINTON, NJ 8809
(40.63706, -74.909688)",7 LOWER CENTER STREET,CLINTON,NJ,8809,"7 LOWER CENTER STREET
CLINTON, NJ 8809
(40.636383286000466, -74.91181815999965)"
8401600143,ILO-VOLLMER HISTORICAL SOCIETY INC,,,,HSC,820447806,A80,01/01/201212 12:00:00 AM,$0.00,$0.00,0.0,4,6,16,61.0,940002.0,2126.0,90690.0,19270.0,,,0.0,840,1,0,0,0,"BOX 61
CRAIGMONT, ID 83523-0061
(46.241445, -116.466694)",BOX 61,CRAIGMONT,ID,83523-0061,"BOX 61
CRAIGMONT, ID 83523-0061
(46.240809768000474, -116.47495766799972)"
8405100084,NORFOLK BOTANICAL GARDEN,NORFOLK BOTANICAL GARDEN,8044415831.0,,BOT,,,,,,,1,3,51,710.0,6607.0,1001.0,94875.0,57000.0,47260.0,,0.0,840,0,1,0,0,"6700 AZALEA GARDEN ROAD
NORFOLK, VA 23518
(36.904396, -76.209901)",6700 AZALEA GARDEN ROAD,NORFOLK,VA,23518,"6700 AZALEA GARDEN ROAD
NORFOLK, VA 23518
(36.90537517200045, -76.20953694699966)"
8402600234,MUSKEGON COUNTY MUSEUM OF AFRICAN AMERICAN HISTORY,,,,GMU,30563724,A54,01/01/201112 12:00:00 AM,$0.00,$0.00,0.0,2,4,26,121.0,1200.0,2011.0,56360.0,56360.0,34740.0,,0.0,840,1,0,0,0,"2416 PECK ST
MUSKEGON HEIGHTS, MI 49444
(43.207785, -86.244553)",2416 PECK ST,MUSKEGON HEIGHTS,MI,49444,"2416 PECK ST
MUSKEGON HEIGHTS, MI 49444
(43.2080289910005, -86.24452242999968)"
8402100263,NICHOLAS COUNTY HISTORICAL SOCIETY INC,,,,HSC,610861782,A82,01/01/201212 12:00:00 AM,$53963.00,$53055.00,3.0,4,3,21,181.0,960200.0,2017.0,90592.0,12898.0,,,0.0,840,1,0,0,0,"PO BOX 222
CARLISLE, KY 40311-0222
(38.315833, -84.033576)",PO BOX 222,CARLISLE,KY,40311-0222,"PO BOX 222
CARLISLE, KY 40311-0222
(38.31274350600046, -84.03031589199963)"
8404100102,CLATSOP COUNTY HISTORICAL SOCIETY,CLATSOP COUNTY HISTORICAL SOCIETY,5033252203.0,,HSC,,,,,,,3,6,41,7.0,950200.0,2002.0,90153.0,3150.0,11820.0,,1.0,840,0,1,0,0,"1618 EXCHANGE STREET
ASTORIA, OR 97103
(46.187758, -123.835523)",1618 EXCHANGE STREET,ASTORIA,OR,97103,"1618 EXCHANGE STREET
ASTORIA, OR 97103
(46.188176368000484, -123.8254800789997)"
8402900176,ST LOUIS LIVE-STEAMERS INC,,,,HST,237043072,A54,01/01/201212 12:00:00 AM,$0.00,$0.00,0.0,2,4,29,189.0,212600.0,2000.0,24004.0,23986.0,41180.0,,0.0,840,1,0,0,0,"1210 DEER RIDGE DRIVE
ST LOUIS, MO 63135-1258
(38.762012, -90.301424)",1210 DEER RIDGE DRIVE,ST LOUIS,MO,63135-1258,"1210 DEER RIDGE DRIVE
ST LOUIS, MO 63135-1258
(38.76130897900049, -90.30128388399964)"
8403200010,PROPARK MUSEUM TOWER,,7753222223.0,,GMU,,,,,,,1,6,32,31.0,300.0,4000.0,94712.0,60600.0,39900.0,,0.0,840,0,0,1,0,"100 W LIBERTY ST
RENO, NV 89501
(39.521184, -119.812723)",100 W LIBERTY ST,RENO,NV,89501,"100 W LIBERTY ST
RENO, NV 89501
(39.521503305000465, -119.81283314499967)"
8401700886,JANE ADDAMS HULL-HOUSE MUSEUM ASSOCIATION,JANE ADDAMS HULL-HOUSE MUSEUM,3124135353.0,http://www.uic.edu/jaddams/hull/_learn/_aboutjane/aboutjane.html,HSC,364349802,P43,01/01/201306 12:00:00 AM,$0.00,$0.00,0.0,1,4,17,31.0,841900.0,2010.0,14000.0,14000.0,16980.0,16974.0,0.0,840,0,0,0,1,"800 S HALSTED ST
CHICAGO, IL 60607
(41.871385, -87.647114)",800 S HALSTED ST,CHICAGO,IL,60607,"800 S HALSTED ST
CHICAGO, IL 60607
(41.87202280700046, -87.64715555499964)"
8402500710,SOUTHAMPTON HISTORICAL SOCIETY INC,,,,HSC,46143350,,01/01/201309 12:00:00 AM,$0.00,$0.00,0.0,4,1,25,15.0,822500.0,3032.0,62745.0,,44140.0,,0.0,840,1,0,0,0,"PO BOX 281
SOUTHAMPTON, MA 1073
(42.227412, -72.724306)",PO BOX 281,SOUTHAMPTON,MA,1073,"PO BOX 281
SOUTHAMPTON, MA 1073
(42.2230335160005, -72.71985988299963)"
8401800259,EASTSIDE FIRE MUSEUM INC,,,,GMU,272528141,A50,01/01/201212 12:00:00 AM,$0.00,$0.00,0.0,1,4,18,97.0,361200.0,3006.0,80144.0,36003.0,26900.0,,0.0,840,1,0,0,0,"5350 UNIVERSITY AVENUE
INDIANAPOLIS, IN 46219-7009
(39.766059, -86.077415)",5350 UNIVERSITY AVENUE,INDIANAPOLIS,IN,46219-7009,"5350 UNIVERSITY AVENUE
INDIANAPOLIS, IN 46219-7009
(39.766117042000474, -86.07731933199966)"
8401700567,GALENA-JO DAVIESS COUNTY HISTORICAL SOCIETY,GALENA-JO DAVIESS COUNTY HISTORICAL SOCIETY,,,HSC,362416177,A82,01/01/201212 12:00:00 AM,$530648.00,$456895.00,5.0,3,4,17,85.0,20300.0,4019.0,80359.0,28300.0,,,0.0,840,1,1,0,0,"211 S BENCH ST
GALENA, IL 61036-2203
(42.415869, -90.43004)",211 S BENCH ST,GALENA,IL,61036-2203,"211 S BENCH ST
GALENA, IL 61036-2203
(42.415854993000494, -90.43010671299965)"
8402100428,NATIONAL CAVE MUSEUM INC,,2707492228.0,,GMU,611370806,A50,01/01/201212 12:00:00 AM,$3504.00,,1.0,4,3,21,9.0,950200.0,3020.0,90640.0,,23980.0,,1.0,840,1,0,0,0,"1900 MAMMOTH CAVE PARKWAY RD
PARK CITY, KY 42160-7909
(37.117707, -86.063516)",1900 MAMMOTH CAVE PARKWAY RD,PARK CITY,KY,42160-7909,"1900 MAMMOTH CAVE PARKWAY RD
PARK CITY, KY 42160-7909
(37.117160827000475, -86.06325849099966)"
8402500004,WISTARIAHURST MUSEUM,WISTARIAHURST MUSEUM,4135342216.0,http://www.wistariahurst.org,GMU,,,,,,,2,1,25,13.0,812001.0,2004.0,30840.0,30840.0,44140.0,,0.0,840,0,1,0,0,"238 CABOT ST.
HOLYOKE, MA 1040
(42.204815, -72.617341)",238 CABOT ST.,HOLYOKE,MA,1040,"238 CABOT ST.
HOLYOKE, MA 1040
(42.205284168000446, -72.61682447199962)"
8404900190,SOUTHWEST INDIAN MUSEUM ASSOCIATION INC,,,,GMU,870491438,,,,,,1,6,49,53.0,270300.0,2096.0,92924.0,65330.0,41100.0,,0.0,840,1,0,0,0,"PO BOX 1865
ST GEORGE, UT 84771
(37.111393, -113.583274)",PO BOX 1865,ST GEORGE,UT,84771,"PO BOX 1865
ST GEORGE, UT 84771
(37.11119103000044, -113.58322882899967)"
8403700822,MACON COUNTY HISTORICAL SOCIETY INC,MACON COUNTY HISTORICAL MUSEUM,8285249758.0,http://maconnchistorical.org,HSC,581474825,A82,01/01/201206 12:00:00 AM,$131793.00,$119665.00,4.0,3,3,37,113.0,970301.0,4068.0,91156.0,24640.0,,,0.0,840,1,0,1,0,"36 W MAIN ST
FRANKLIN, NC 28734-3006
(35.180567, -83.385829)",36 W MAIN ST,FRANKLIN,NC,28734-3006,"36 W MAIN ST
FRANKLIN, NC 28734-3006
(35.18169402400048, -83.38178320399965)"
8404700154,THE CHARLES A HALL AND BILLIE L HALL FAMILY FOUNDATION,HALL CHARLES MUSEUM,4232538000.0,http://www.charleshallmuseum.com,HST,203729112,A54,01/01/201212 12:00:00 AM,$16904.00,,2.0,4,3,47,123.0,925501.0,2087.0,90504.0,73260.0,,,0.0,840,1,0,1,0,"229 CHEROHALA SKWY
TELLICO PLNS, TN 37385-5500
(35.366828, -84.297826)",229 CHEROHALA SKWY,TELLICO PLNS,TN,37385-5500,"229 CHEROHALA SKWY
TELLICO PLNS, TN 37385-5500
(35.36630438800046, -84.29696344199965)"
8402500603,WILMINGTON TOWN MUSEUM,WILMINGTON TOWN MUSEUM,,http://www.town.wilmington.ma.us/tavern1.htm,GMU,46001369,,,,,,2,1,25,17.0,331101.0,2036.0,80230.0,80195.0,14460.0,15764.0,0.0,840,0,1,0,0,"430 SALEM STREET
WILMINGTON, MA 1887
(42.579383, -71.147075)",430 SALEM STREET,WILMINGTON,MA,1887,"430 SALEM STREET
WILMINGTON, MA 1887
(42.57932755000047, -71.14784573899965)"
8401700108,LOVELAND COMMUNITY HOUSE,,8152842741.0,http://encounterleecounty.com,HSC,,,,,,,3,4,17,103.0,600.0,1022.0,20175.0,20162.0,19940.0,,1.0,840,0,0,1,0,"513 W 2ND ST
DIXON, IL 61021
(41.849528, -89.494228)",513 W 2ND ST,DIXON,IL,61021,"513 W 2ND ST
DIXON, IL 61021
(41.84135644100047, -89.48770752399969)"
8405100468,HONOR AND REMEMBER,,,,HSC,412277283,A80,01/01/201212 12:00:00 AM,$375499.00,$307057.00,4.0,2,3,51,550.0,20805.0,1030.0,90812.0,16000.0,47260.0,,0.0,840,1,0,0,0,"PO BOX 16834
CHESAPEAKE, VA 23328-6834
(36.768263, -76.252264)",PO BOX 16834,CHESAPEAKE,VA,23328-6834,"PO BOX 16834
CHESAPEAKE, VA 23328-6834
(36.68802433600047, -76.23052722299963)"
8403600319,"SMITHSONIAN INSTITUTION, NATIONAL MUSEUM OF THE AMERICAN INDIAN'S GEORGE GUSTAV HEYE CENTER","SMITHSONIAN INSTITUTION, NATIONAL MUSEUM OF THE AMERICAN INDIAN'S GEORGE GUSTAV HEYE CENTER",,,GMU,,,,,,,1,2,36,61.0,1300.0,2012.0,44919.0,51000.0,35620.0,35614.0,0.0,840,0,0,1,0,"ALEXANDER HAMILTON U S
NEW YORK, NY 10004
(40.705104, -74.013309)",ALEXANDER HAMILTON U S,NEW YORK,NY,10004,"ALEXANDER HAMILTON U S
NEW YORK, NY 10004
(40.704962460000445, -74.01290744899967)"
8405400049,TAYLOR COUNTY HISTORICAL & GENEALOG ICAL SOCIETY,,,,HSC,30383238,A80,01/01/201212 12:00:00 AM,$0.00,$0.00,0.0,3,3,54,91.0,964600.0,4023.0,93175.0,32716.0,17220.0,,1.0,840,1,0,0,0,"107 WEST MAIN STREET
GRAFTON, WV 26354-1314
(39.34417, -80.018839)",107 WEST MAIN STREET,GRAFTON,WV,26354-1314,"107 WEST MAIN STREET
GRAFTON, WV 26354-1314
(39.341268149000484, -80.02089434499965)"
8403400001,VAN VLECK HOUSE AND GARDENS,VAN VLECK HOUSE AND GARDENS,2017444752.0,,BOT,,,,,,,2,2,34,13.0,16400.0,3009.0,47500.0,,35620.0,35084.0,0.0,840,0,1,0,0,"21 VAN VLECK STREET
MONTCLAIR, NJ 7042
(40.82413, -74.220723)",21 VAN VLECK STREET,MONTCLAIR,NJ,7042,"21 VAN VLECK STREET
MONTCLAIR, NJ 7042
(40.824404751000486, -74.22130383399963)"
8405100215,HERED ORDER OF FAM OF THE PRESIDENT AND FIRST LADIES OF AMER,,,,HSC,20696188,A80,01/01/201312 12:00:00 AM,$0.00,$0.00,0.0,1,3,51,760.0,50400.0,1040.0,95291.0,67000.0,40060.0,,0.0,840,1,0,0,0,"311 GREENWAY LANE
RICHMOND, VA 23226-1631
(37.573005, -77.509271)",311 GREENWAY LANE,RICHMOND,VA,23226-1631,"311 GREENWAY LANE
RICHMOND, VA 23226-1631
(37.57223166200049, -77.50981460899965)"
8402500042,OLD RED CARRIAGE HOUSE BABY,,4138634300.0,,HSC,,,,,,,4,1,25,11.0,40200.0,3062.0,25730.0,,24640.0,,1.0,840,0,0,1,0,"61 FRENCH KING HWY
GILL, MA 1354
(42.610487, -72.543438)",61 FRENCH KING HWY,GILL,MA,1354,"61 FRENCH KING HWY
GILL, MA 1354
(42.60989369000049, -72.54198326999966)"
8400600435,FORT CROOK MUSEUM,FORT CROOK MUSEUM,9163365110.0,,GMU,,,,,,,4,6,6,89.0,12702.0,2100.0,90820.0,23532.0,39820.0,,0.0,840,0,1,0,0,"43030 FORT CROOK AVENUE
FALL RIVER MILLS, CA 96028
(41.010263, -121.435142)",43030 FORT CROOK AVENUE,FALL RIVER MILLS,CA,96028,"43030 FORT CROOK AVENUE
FALL RIVER MILLS, CA 96028
(41.001244175000465, -121.44655605199972)"
8400400195,HISTORIC FLIGHTS FOUNDATION INC,,,,HSC,431955623,,01/01/201212 12:00:00 AM,$127050.00,$127050.00,4.0,4,6,4,25.0,204.0,1073.0,92754.0,53560.0,39140.0,,0.0,840,1,0,0,0,"PO BOX 979
PAULDEN, AZ 86334
(34.886742, -112.467847)",PO BOX 979,PAULDEN,AZ,86334,"PO BOX 979
PAULDEN, AZ 86334
(34.896511312000484, -112.47781597899967)"
8400100042,HISTORICAL COLLECTIONS-GALANGUE RM.,HISTORICAL COLLECTIONS-GALANGUE RM.,,,HSC,,,,,,,3,3,1,121.0,10700.0,1017.0,93078.0,74592.0,45180.0,,1.0,840,0,1,0,0,"627 WEST BATTLE STREET
TALLADEGA, AL 35160
(33.433011, -86.112133)",627 WEST BATTLE STREET,TALLADEGA,AL,35160,"627 WEST BATTLE STREET
TALLADEGA, AL 35160
(33.43622479300046, -86.09182332399968)"
8401200271,POLK COUNTY LAW ENFORCEMENT MEMORIAL FUND INC,,,,HSC,20689163,A80,01/01/201212 12:00:00 AM,$23385.00,$23385.00,2.0,2,3,12,105.0,11836.0,1009.0,91833.0,38262.0,29460.0,,0.0,840,1,0,0,0,"PO BOX 7836
LAKELAND, FL 33807-7836
(27.973631, -81.960811)",PO BOX 7836,LAKELAND,FL,33807-7836,"PO BOX 7836
LAKELAND, FL 33807-7836
(27.95854355700044, -81.96681635399966)"
8400900108,DISCOVERY CENTER INC,DISCOVERY CENTER,8602849489.0,http://www.discoveringdiversity.com,CMU,20567674,A52,01/01/201206 12:00:00 AM,$816423.00,$798168.00,5.0,4,1,9,3.0,460202.0,2006.0,27600.0,,25540.0,,0.0,840,1,0,1,0,"790 FARMINGTON AVE STE 4A
FARMINGTON, CT 06032-2300
(41.726012, -72.823797)",790 FARMINGTON AVE STE 4A,FARMINGTON,CT,06032-2300,"790 FARMINGTON AVE STE 4A
FARMINGTON, CT 06032-2300
(41.72603063600047, -72.82379132699964)"
8402200234,ARTS COUNCIL OF NEW ORLEANS,,,,HSC,720778258,A26,01/01/201212 12:00:00 AM,$1577231.00,$1548504.00,6.0,1,3,22,71.0,14000.0,2006.0,98000.0,55000.0,35380.0,,0.0,840,1,0,0,0,"818 HOWARD AVENUESUITE
NEW ORLEANS, LA 70113
(29.945594, -90.081369)",818 HOWARD AVENUESUITE,NEW ORLEANS,LA,70113,"818 HOWARD AVENUESUITE
NEW ORLEANS, LA 70113
(29.94423613300046, -90.07415558499969)"
8402600200,1839 COURT HOUSE MUSEUM,,2694711202.0,,GMU,,,,,,,3,4,26,21.0,21400.0,3022.0,61180.0,7860.0,35660.0,,0.0,840,0,0,1,0,"313 S CASS ST
BERRIEN SPRINGS, MI 2108
(41.9446, -86.336776)",313 S CASS ST,BERRIEN SPRINGS,MI,2108,"313 S CASS ST
BERRIEN SPRINGS, MI 2108
(42.357893797000486, -71.06257919399962)"
8402500140,FOURTH WALL PROJECT,,6179271737.0,http://fourthwallproject.com,GMU,,,,,,,1,1,25,25.0,10203.0,2000.0,7000.0,7000.0,14460.0,14454.0,0.0,840,0,0,1,0,"132 BROOKLINE AVE
BOSTON, MA 2215
(42.342939, -71.102908)",132 BROOKLINE AVE,BOSTON,MA,2215,"132 BROOKLINE AVE
BOSTON, MA 2215
(42.345051783000486, -71.10075213299967)"
8405100890,TOTOPOTPMOY BATTLEFIELD AT RURAL PLAINS FOUNDATION,,,,HSC,541979919,A80,01/01/201212 12:00:00 AM,$26618.00,$26618.00,3.0,2,3,51,85.0,320900.0,1020.0,93887.0,50856.0,40060.0,,0.0,840,1,0,0,0,"7489 RIGHT FLANK RD
MECHANICSVILLE, VA 23116-3845
(37.635109, -77.355674)",7489 RIGHT FLANK RD,MECHANICSVILLE,VA,23116-3845,"7489 RIGHT FLANK RD
MECHANICSVILLE, VA 23116-3845
(37.6351034650005, -77.35512223499967)"
8404200865,CUNO MUSEUM INCORPORATED,,,,GMU,233014129,A50,01/01/201212 12:00:00 AM,$0.00,$0.00,0.0,4,2,42,45.0,410200.0,1031.0,12442.0,,37980.0,37964.0,0.0,840,1,0,0,0,"PO BOX 403
CHADDS FORD, PA 19317-0403
(39.872378, -75.589786)",PO BOX 403,CHADDS FORD,PA,19317-0403,"PO BOX 403
CHADDS FORD, PA 19317-0403
(39.87317397600049, -75.58541992999966)"
8403600276,GLENN H. CURTISS MUSEUM,GLENN H. CURTISS MUSEUM,6075692160.0,,GMU,,,,,,,4,2,36,101.0,961400.0,2046.0,76496.0,,18500.0,,1.0,840,0,1,0,0,"8419 RTE 54
HAMMONDSPORT, NY 14840
(42.398738, -77.228421)",8419 RTE 54,HAMMONDSPORT,NY,14840,"8419 RTE 54
HAMMONDSPORT, NY 14840
(42.397136014000466, -77.23246023699966)"
8401201169,FRIENDS OF THE MUSEUM OF THE EVERGLADES INC,,,,HST,650526773,A54,01/01/201212 12:00:00 AM,$0.00,$0.00,0.0,4,3,12,21.0,11102.0,2192.0,91027.0,21425.0,34940.0,,0.0,840,1,0,0,0,"PO BOX 677
EVERGLADES CITY, FL 34139-0677
(25.865748, -81.382723)",PO BOX 677,EVERGLADES CITY,FL,34139-0677,"PO BOX 677
EVERGLADES CITY, FL 34139-0677
(25.865671784000483, -81.38275638599964)"
8404700466,HARMONY SCHOOL INC,,,,GMU,621605976,A50,01/01/201212 12:00:00 AM,$0.00,$0.00,0.0,4,3,47,61.0,955000.0,2072.0,90062.0,940.0,,,0.0,840,1,0,0,0,"2208 MAIN STREET
ALTAMONT, TN 37301-4425
(35.437012, -85.716531)",2208 MAIN STREET,ALTAMONT,TN,37301-4425,"2208 MAIN STREET
ALTAMONT, TN 37301-4425
(35.43574493000045, -85.71763974299967)"
8400800652,NORTHGLENN HISTORIC PRESERVATION FOUNDATION INC,,,,HSC,841599494,A56,01/01/201212 12:00:00 AM,$0.00,$0.00,0.0,2,5,8,1.0,8508.0,1014.0,93800.0,77290.0,19740.0,,0.0,840,1,0,0,0,"10950 FOXRUN PARKWAY
NORTHGLENN, CO 80233-8023
(39.895854, -104.953668)",10950 FOXRUN PARKWAY,NORTHGLENN,CO,80233-8023,"10950 FOXRUN PARKWAY
NORTHGLENN, CO 80233-8023
(39.895317375000445, -104.9529266989997)"
8403901388,JACK NICKLAUS MUSEUM INC,JACK NICKLAUS MUSEUM,6147922353.0,,GMU,650220781,A50,01/01/201212 12:00:00 AM,$77550.00,$77550.00,6.0,2,4,39,49.0,1122.0,1005.0,18000.0,18000.0,18140.0,,0.0,840,1,1,0,0,"2355 OLENTANGY RIVER RD
COLUMBUS, OH 43210-1032
(40.007945, -83.023066)",2355 OLENTANGY RIVER RD,COLUMBUS,OH,43210-1032,"2355 OLENTANGY RIVER RD
COLUMBUS, OH 43210-1032
(40.010162049000485, -83.02254547299964)"
8401700930,SAVANNA TRAINCAR MUSEUM,,,,GMU,364593940,,,,,,3,4,17,15.0,960300.0,2033.0,67834.0,67821.0,,,0.0,840,1,0,0,0,"833 3RD ST
SAVANNA, IL 61074
(42.098893, -90.156105)",833 3RD ST,SAVANNA,IL,61074,"833 3RD ST
SAVANNA, IL 61074
(42.09922858400046, -90.15615699699964)"
8403601915,CHENANGO COUNTY HISTORICAL SOCIETY,CHENANGO COUNTY HISTORICAL SOCIETY,6073349227.0,http://www.chenangocounty.org,HSC,237035407,A82,01/01/201212 12:00:00 AM,$403968.00,$224773.00,4.0,3,2,36,17.0,970400.0,4009.0,53979.0,53979.0,,,0.0,840,1,1,1,0,"45 REXFORD ST
NORWICH, NY 13815-1121
(42.537363, -75.519485)",45 REXFORD ST,NORWICH,NY,13815-1121,"45 REXFORD ST
NORWICH, NY 13815-1121
(42.537136777000455, -75.51947356399967)"
8404100483,WESTERN STEAM FIENDS ASSOCIATION INCORPORATED,WESTERN ANTIQUE POWER,,http://www.antiquepowerland.com,HSC,931194599,A80,01/01/201206 12:00:00 AM,$0.00,$0.00,0.0,4,6,41,47.0,2502.0,1032.0,92737.0,,41420.0,,0.0,840,1,0,1,0,"3995 BROOKLAKE RD NE
SALEM, OR 97303-9732
(45.049662, -122.980145)",3995 BROOKLAKE RD NE,SALEM,OR,97303-9732,"3995 BROOKLAKE RD NE
SALEM, OR 97303-9732
(45.04970650100046, -122.97841997299969)"
8403700406,DALLAS HISTORIC COURTHOUSE FOUNDATION,,,,HSC,455094816,A80,01/01/201306 12:00:00 AM,$237977.00,$237977.00,4.0,2,3,37,71.0,30901.0,1036.0,90872.0,16180.0,16740.0,,0.0,840,1,0,0,0,"210 N HOLLAND ST
DALLAS, NC 28034-1625
(35.324376, -81.190571)",210 N HOLLAND ST,DALLAS,NC,28034-1625,"210 N HOLLAND ST
DALLAS, NC 28034-1625
(35.31321086100047, -81.17750936599964)"
8400900348,CROMWELL HISTORICAL SOCIETY INC,,,,HSC,66077071,,,,,,2,1,9,7.0,570300.0,1001.0,18080.0,,25540.0,,0.0,840,1,0,0,0,"14 PROSPECT HILL RD
CROMWELL, CT 6416
(41.607668, -72.646911)",14 PROSPECT HILL RD,CROMWELL,CT,6416,"14 PROSPECT HILL RD
CROMWELL, CT 6416
(41.60520306500047, -72.64683385799964)"
8400100365,HANK WILLIAMS MUSEUM AND FESTIVAL INC,,,,HST,631135382,A54,01/01/201309 12:00:00 AM,$98695.00,$38523.00,3.0,4,3,1,13.0,953400.0,1004.0,91314.0,,,,0.0,840,1,0,0,0,"PO BOX 310
GEORGIANA, AL 36033-0310
(31.658984, -86.740509)",PO BOX 310,GEORGIANA,AL,36033-0310,"PO BOX 310
GEORGIANA, AL 36033-0310
(31.642252149000456, -86.74268984299965)"
8400601640,SISKIYOU LAW ENFORCEMENT AND VETERANS MEMORIAL ASSOCIATION,,,,HSC,651257937,A80,01/01/201112 12:00:00 AM,$0.00,$0.00,0.0,3,6,6,93.0,702.0,1001.0,93810.0,86944.0,,,0.0,840,1,0,0,0,"PO BOX 1701
YREKA, CA 96097-1701
(41.728017, -122.637026)",PO BOX 1701,YREKA,CA,96097-1701,"PO BOX 1701
YREKA, CA 96097-1701
(41.7294819330005, -122.63704863599969)"
8403600934,COLUMCILLE CULTURAL CENTER INC,,,,HSC,133909562,A80,01/01/201303 12:00:00 AM,$123936.00,$53212.00,4.0,1,2,36,85.0,9700.0,3005.0,70915.0,51000.0,35620.0,35614.0,0.0,840,1,0,0,0,"1000 RICHMOND TERRACE
STATEN ISLAND, NY 10301-1114
(40.64529, -74.104582)",1000 RICHMOND TERRACE,STATEN ISLAND,NY,10301-1114,"1000 RICHMOND TERRACE
STATEN ISLAND, NY 10301-1114
(40.64528228900048, -74.10454776999967)"
8401900418,ANAMOSA HISTORICAL SOCIETY,,,,HSC,421238277,,,,,,3,4,19,105.0,70300.0,1023.0,91296.0,1990.0,16300.0,,0.0,840,1,0,0,0,"101 DAKOTA COURT
ANAMOSA, IA 52205
(42.115683, -91.27523)",101 DAKOTA COURT,ANAMOSA,IA,52205,"101 DAKOTA COURT
ANAMOSA, IA 52205
(42.11569108600048, -91.27441756599967)"
8402300464,KINGFIELD HISTORICAL SOCIETY INC,,,,HSC,237331448,A82,01/01/201305 12:00:00 AM,$0.00,$0.00,0.0,4,1,23,7.0,970101.0,1040.0,37025.0,,,,0.0,840,1,0,0,0,"PO BOX 238
KINGFIELD, ME 4947
(45.017068, -70.173314)",PO BOX 238,KINGFIELD,ME,4947,"PO BOX 238
KINGFIELD, ME 4947
(45.00754767100045, -70.19349988499965)"
8403601693,MALCOLM X DR BETTY SHABAZZ MEMORIAL EDUCATIONAL CENTER INC,MALCOLM X AND DR BETTY SHABAZZ MEMORIAL,2125681341.0,http://www.theshabazzcenter.net,HST,202403979,A54,01/01/201306 12:00:00 AM,$312303.00,$368798.00,4.0,1,2,36,61.0,25100.0,1004.0,44919.0,51000.0,35620.0,35614.0,0.0,840,1,0,1,0,"3940 BROADWAY
NEW YORK, NY 10032-1534
(40.839196, -73.940978)",3940 BROADWAY,NEW YORK,NY,10032-1534,"3940 BROADWAY
NEW YORK, NY 10032-1534
(40.839481101000445, -73.94073497499966)"
8402600812,BROWNSTOWN TOWNSHIP HISTORICAL SOCIETY,,,,HSC,383208477,A80,01/01/201212 12:00:00 AM,$0.00,$0.00,0.0,2,4,26,163.0,591700.0,1021.0,11220.0,,19820.0,19804.0,0.0,840,1,0,0,0,"24781 PAMELA STREET
BROWNSTOWN, MI 48134-9202
(42.125896, -83.2879)",24781 PAMELA STREET,BROWNSTOWN,MI,48134-9202,"24781 PAMELA STREET
BROWNSTOWN, MI 48134-9202
(42.1246104810005, -83.28785360299963)"
8401700459,ILLINOIS RURAL HERITAGE MUSEUM INC,,,,HST,263603352,A54,01/01/201212 12:00:00 AM,$124638.00,$124638.00,4.0,4,4,17,145.0,30200.0,2018.0,92475.0,59884.0,,,0.0,840,1,0,0,0,"PO BOX 58
PINCKNEYVILLE, IL 62274-0058
(38.089789, -89.394178)",PO BOX 58,PINCKNEYVILLE,IL,62274-0058,"PO BOX 58
PINCKNEYVILLE, IL 62274-0058
(38.07854337100048, -89.38299753399968)"
8401700957,SWEDISH-AMERICAN HISTORICAL SOCIETY,SWEDISH-AMERICAN HISTORICAL,7735835722.0,http://www.swedishamericanhist.org,HSC,366118413,A82,01/01/201212 12:00:00 AM,$44458.00,$37186.00,3.0,1,4,17,31.0,831800.0,4000.0,14000.0,14000.0,16980.0,16974.0,0.0,840,1,0,1,0,"3225 W FOSTER AVE
CHICAGO, IL 60625-4823
(41.97568, -87.710074)",3225 W FOSTER AVE,CHICAGO,IL,60625-4823,"3225 W FOSTER AVE
CHICAGO, IL 60625-4823
(41.9757212610005, -87.70968213099968)"
8400602678,CHILDRENS MUSEUM OF LOS ANGELES,,,,CMU,953314312,A52,01/01/201012 12:00:00 AM,$27100.00,$-78371.00,3.0,1,6,6,37.0,702300.0,2000.0,92920.0,70000.0,31080.0,31084.0,0.0,840,1,0,0,0,"3250 OCEAN PARK BLVD STE 350
SANTA MONICA, CA 90405-3257
(34.021583, -118.45097)",3250 OCEAN PARK BLVD STE 350,SANTA MONICA,CA,90405-3257,"3250 OCEAN PARK BLVD STE 350
SANTA MONICA, CA 90405-3257
(34.02127586300048, -118.4515047749997)"
8403602317,HUNT MEMORIAL PRESERVATION COM,,,,HSC,550819768,A80,01/01/201212 12:00:00 AM,$18709.00,$18344.00,2.0,4,2,36,111.0,954800.0,3029.0,78828.0,,28740.0,,0.0,840,1,0,0,0,"PO BOX 719
ELLENVILLE, NY 12428-0719
(41.721754, -74.414677)",PO BOX 719,ELLENVILLE,NY,12428-0719,"PO BOX 719
ELLENVILLE, NY 12428-0719
(41.71847168900047, -74.39407594099964)"
8405300734,NORTHWEST SKI MUSEUM AND HALL OF FAME,,,,GMU,943209128,A58,01/01/201308 12:00:00 AM,$0.00,$0.00,0.0,1,6,53,33.0,7900.0,3006.0,92928.0,63000.0,42660.0,42644.0,0.0,840,1,0,0,0,"1410 E PINE ST 425
SEATTLE, WA 98122-9812
(47.61528, -122.313974)",1410 E PINE ST 425,SEATTLE,WA,98122-9812,"1410 E PINE ST 425
SEATTLE, WA 98122-9812
(47.61529631900049, -122.31367958199968)"
8401900120,CEDAR MEMORIAL GRANT WOOD,,3193667503.0,http://www.crma.org,GMU,,,,,,,1,4,19,113.0,1900.0,3006.0,90577.0,12000.0,16300.0,,0.0,840,0,0,1,0,"810 2ND AVE SE
CEDAR RAPIDS, IA 52403
(41.981939, -91.660655)",810 2ND AVE SE,CEDAR RAPIDS,IA,52403,"810 2ND AVE SE
CEDAR RAPIDS, IA 52403
(41.98197440600046, -91.66073496499968)"
8403400581,SUSSEX COUNTY ARTS & HERITAGE COUNCIL,,9733830027.0,,ART,237106231,A26,01/01/201212 12:00:00 AM,$117566.00,$106710.00,4.0,3,2,34,37.0,373700.0,2000.0,51930.0,51930.0,35620.0,35084.0,0.0,840,1,0,0,0,"49 HIGH ST
NEWTON, NJ 07860-1748
(41.057943, -74.754744)",49 HIGH ST,NEWTON,NJ,07860-1748,"49 HIGH ST
NEWTON, NJ 07860-1748
(41.05806506900046, -74.75459726699967)"
8404800453,FRONTIER TEXAS INC,FRONTIER TEXAS,,http://www.frontiertexas.com,HST,200146354,A54,01/01/201309 12:00:00 AM,$1306786.00,$1232473.00,6.0,1,5,48,441.0,11000.0,1132.0,90010.0,1000.0,10180.0,,0.0,840,1,0,1,1,"625 N 1ST ST
ABILENE, TX 79601-6041
(32.449634, -99.729151)",625 N 1ST ST,ABILENE,TX,79601-6041,"625 N 1ST ST
ABILENE, TX 79601-6041
(32.45004287900048, -99.72821987299966)"
8405100104,"LOUDON MUSEUM, INC. 1","LOUDON MUSEUM, INC. 1",,,GMU,,,,,,,2,3,51,107.0,610400.0,2000.0,94247.0,44984.0,47900.0,47894.0,0.0,840,0,1,0,0,"14-16 LOUDON STREET SW
LEESBURG, VA 20175
(39.114304, -77.565348)",14-16 LOUDON STREET SW,LEESBURG,VA,20175,"14-16 LOUDON STREET SW
LEESBURG, VA 20175
(39.114241964000485, -77.56506609799965)"
8404900162,BRIGHAM YOUNG UNIVERSITY,MUSEUM OF PEOPLES AND CULTURES,8014220020.0,http://mpc.byu.edu,ART,870217280,A51,01/01/201212 12:00:00 AM,,,0.0,1,6,49,49.0,1801.0,2002.0,92709.0,62470.0,39340.0,,0.0,840,0,1,0,1,"100 E 700 N PROVO
PROVO, UT 84602
(40.242998, -111.655932)",100 E 700 N PROVO,PROVO,UT,84602,"100 E 700 N PROVO
PROVO, UT 84602
(40.24299577700049, -111.65672008899969)"
8402500804,LIBERTY HALL,,,,HSC,222515774,A82,01/01/201312 12:00:00 AM,$0.00,$0.00,0.0,2,1,25,1.0,11500.0,2006.0,16775.0,63655.0,12700.0,,0.0,840,1,0,0,0,"PO BOX 52
SOUTH DENNIS, MA 02660-0052
(41.705491, -70.1606)",PO BOX 52,SOUTH DENNIS,MA,02660-0052,"PO BOX 52
SOUTH DENNIS, MA 02660-0052
(41.69352266800047, -70.15333765999964)"
8402200201,LOUISIANA RAILROAD MUSEUM INC,,,,GMU,581867956,,,,,,1,3,22,71.0,3308.0,2030.0,98000.0,55000.0,35380.0,,0.0,840,1,0,0,0,"PO BOX 8412
NEW ORLEANS, LA 70182
(29.998676, -90.061705)",PO BOX 8412,NEW ORLEANS,LA,70182,"PO BOX 8412
NEW ORLEANS, LA 70182
(29.991890829000454, -90.07957767199969)"
8401500163,KOKEE DISCOVERY CENTER ASSOCIATION INC,,,,CMU,990324676,A52,01/01/201312 12:00:00 AM,$0.00,$0.00,0.0,3,6,15,7.0,40500.0,2024.0,92160.0,45200.0,28180.0,,1.0,840,1,0,0,0,"3060 EIWA ST STE 301
LIHUE, HI 96766-1310
(21.975919, -159.367598)",3060 EIWA ST STE 301,LIHUE,HI,96766-1310,"3060 EIWA ST STE 301
LIHUE, HI 96766-1310
(21.976130292000448, -159.36751220399975)"
8405300382,WASHINGTON TRUST FOR HISTORIC PRESERVATION,WASHINGTON TRUST FOR HISTORIC PRESERVAT,2066249449.0,http://www.wa-trust.org,HSC,910983680,A80,01/01/201212 12:00:00 AM,$783968.00,$629545.00,5.0,1,6,53,33.0,8400.0,2005.0,92928.0,63000.0,42660.0,42644.0,0.0,840,1,0,1,0,"1204 MINOR AVE
SEATTLE, WA 98101-2825
(47.611636, -122.325256)",1204 MINOR AVE,SEATTLE,WA,98101-2825,"1204 MINOR AVE
SEATTLE, WA 98101-2825
(47.6113711860005, -122.32543484699971)"
8401900425,DIAGONAL PRINTING AND HISTORICAL MUSEUM INC,DIAGONAL PRINTING MUSEUM,,,GMU,421254992,,01/01/201112 12:00:00 AM,$0.00,$0.00,0.0,4,4,19,159.0,950100.0,2227.0,94557.0,21270.0,,,0.0,840,1,0,1,0,"101 EAST 1ST STREET
DIAGONAL, IA 50845
(40.806386, -94.338923)",101 EAST 1ST STREET,DIAGONAL,IA,50845,"101 EAST 1ST STREET
DIAGONAL, IA 50845
(40.80630502100047, -94.33831946699968)"
8404700293,SMOKY MOUNTAIN HISTORICAL SOCIETY INC,,,,HSC,581474891,,,,,,3,3,47,,,,,,,,,840,1,0,0,0,"PO BOX 5078
SEVIERVILLE, TN 37894
(35.8855848, -83.3288798)",PO BOX 5078,SEVIERVILLE,TN,37894,"PO BOX 5078
SEVIERVILLE, TN 37894
(35.86854376800045, -83.56776977399966)"
8401200984,FLORIDA AQUARIUM FOUNDATION INC,THE FLORIDA AQUARIUM,8132734000.0,http://www.flaquarium.org,ZAW,593406946,D50,01/01/201209 12:00:00 AM,$0.00,$0.00,0.0,1,3,12,57.0,5301.0,1005.0,93367.0,71000.0,45300.0,,0.0,840,1,0,1,0,"701 CHANNELSIDE DR
TAMPA, FL 33602-5600
(27.944136, -82.446079)",701 CHANNELSIDE DR,TAMPA,FL,33602-5600,"701 CHANNELSIDE DR
TAMPA, FL 33602-5600
(27.944558387000484, -82.44578222999968)"
8404800437,OLD JAIL ART CENTER,OLD JAIL ART CENTER,9157622269.0,http://www.theoldjailartcenter.org,ART,132952646,A51,01/01/201212 12:00:00 AM,$672371.00,$631963.00,5.0,4,5,48,417.0,950300.0,1001.0,90030.0,1648.0,,,0.0,840,1,1,1,1,"PO BOX 2650
ALBANY, TX 76430-8030
(32.736706, -99.289787)",PO BOX 2650,ALBANY,TX,76430-8030,"PO BOX 2650
ALBANY, TX 76430-8030
(32.72673073000044, -99.29806951399968)"
8401900655,BUCHANAN COUNTY HISTORICAL SOCIETY,,,,HSC,439623122,A82,01/01/201212 12:00:00 AM,$215138.00,$215138.00,4.0,3,4,19,19.0,950400.0,1037.0,94047.0,38100.0,,,0.0,840,1,0,0,0,"PO BOX 321
INDEPENDENCE, IA 50644-0321
(42.465372, -91.90106)",PO BOX 321,INDEPENDENCE,IA,50644-0321,"PO BOX 321
INDEPENDENCE, IA 50644-0321
(42.4698317430005, -91.89318969399966)"
8402600655,RAILROAD HISTORICAL SOCIETY OF NORTHWEST MICHIGAN,,,,HSC,382622371,A54,01/01/201212 12:00:00 AM,$0.00,$0.00,0.0,4,4,26,55.0,550800.0,1001.0,49240.0,,45900.0,,1.0,840,1,0,0,0,"PO BOX 1845
TRAVERSE CITY, MI 49685-4968
(44.705188, -85.69976)",PO BOX 1845,TRAVERSE CITY,MI,49685-4968,"PO BOX 1845
TRAVERSE CITY, MI 49685-4968
(44.703258245000484, -85.69925596699966)"
8402600830,MICHIGAN FLYWHEELERS MUSEUM,,2696392010.0,,GMU,383272177,A50,01/01/201212 12:00:00 AM,$240596.00,$235701.00,4.0,3,4,26,159.0,10200.0,2042.0,31840.0,,28020.0,,0.0,840,1,0,0,0,"64958 M 43
BANGOR, MI 49090
(42.331792, -86.171955)",64958 M 43,BANGOR,MI,49090,"64958 M 43
BANGOR, MI 49090
(42.33257621700045, -86.17664273299965)"
8403400650,MILFORD BOROUGH HISTORICAL SOCIETY,,,,HSC,270361144,A82,01/01/201212 12:00:00 AM,$0.00,$0.00,0.0,4,2,34,19.0,10500.0,3004.0,32460.0,,35620.0,35084.0,0.0,840,1,0,0,0,"PO BOX 430
MILFORD, NJ 08848-0430
(40.5866, -75.081009)",PO BOX 430,MILFORD,NJ,08848-0430,"PO BOX 430
MILFORD, NJ 08848-0430
(40.568622502000494, -75.09490792899965)"
8400800313,HINSDALE COUNTY HISTORICAL SOCIETY,,9709442515.0,,HSC,510199445,A82,01/01/201212 12:00:00 AM,$82491.00,$65944.00,3.0,4,5,8,53.0,973100.0,1365.0,92109.0,42330.0,,,0.0,840,1,0,0,0,"PO BOX 353
LAKE CITY, CO 81235-0353
(38.035588, -107.312453)",PO BOX 353,LAKE CITY,CO,81235-0353,"PO BOX 353
LAKE CITY, CO 81235-0353
(38.034793512000476, -107.31295767399968)"
8402400369,HISTORIC LONG GREEN VALLEY INC,,,,HSC,521186719,,,,,,1,2,24,5.0,490703.0,1005.0,90748.0,78425.0,12580.0,,0.0,840,1,0,0,0,"210 ALLEGHENY AVE
TOWSON, MD 21204
(39.402088, -76.607212)",210 ALLEGHENY AVE,TOWSON,MD,21204,"210 ALLEGHENY AVE
TOWSON, MD 21204
(39.402147985000454, -76.60787843799966)"
8404100211,MT ANGEL HISTORICAL SOCIETY,,,http://www.mtangelhistory.org,HSC,273129172,,,,,,3,6,41,47.0,10400.0,2004.0,92006.0,50150.0,41420.0,,0.0,840,1,0,0,0,"PO BOX 75
MOUNT ANGEL, OR 97362
(45.068871, -122.792248)",PO BOX 75,MOUNT ANGEL,OR,97362,"PO BOX 75
MOUNT ANGEL, OR 97362
(45.069099018000486, -122.78813601499968)"
8401900084,HEARST CENTER FOR  ARTS,,3192738641.0,http://www.hearstartscenter.com,GMU,,,,,,,1,4,19,13.0,2301.0,3016.0,90575.0,11755.0,47940.0,,0.0,840,0,0,1,0,"304 W SEERLEY BLVD
CEDAR FALLS, IA 50613
(42.515476, -92.448412)",304 W SEERLEY BLVD,CEDAR FALLS,IA,50613,"304 W SEERLEY BLVD
CEDAR FALLS, IA 50613
(42.51587188800045, -92.4484407549997)"
8404700177,TENNESSEE AVIATION HALL OF FAME INC,,,,GMU,260122592,A50,01/01/201212 12:00:00 AM,$94475.00,$42266.00,3.0,3,3,47,155.0,80500.0,3052.0,90916.0,67120.0,42940.0,,1.0,840,1,0,0,0,"PO BOX 6460
SEVIERVILLE, TN 37864-6460
(35.874457, -83.586267)",PO BOX 6460,SEVIERVILLE,TN,37864-6460,"PO BOX 6460
SEVIERVILLE, TN 37864-6460
(35.865662548000444, -83.55148760999964)"
8401800729,RUSSIAVILLE HISTORICAL SOCIETY INC,,,,HSC,743071766,A80,01/01/201112 12:00:00 AM,$0.00,$0.00,0.0,4,4,18,67.0,10500.0,2039.0,34528.0,66546.0,29020.0,,0.0,840,1,0,0,0,"PO BOX 221
RUSSIAVILLE, IN 46979-0221
(40.42122, -86.273114)",PO BOX 221,RUSSIAVILLE,IN,46979-0221,"PO BOX 221
RUSSIAVILLE, IN 46979-0221
(40.4157912820005, -86.27143924999967)"
8403601508,MICHIGAN STREET PRESERVATION CORP,MICHIGAN STREET PRESERVATION,7168564490.0,,HSC,161502298,A80,01/01/201212 12:00:00 AM,$19586.00,$19586.00,2.0,1,2,36,29.0,1402.0,4012.0,11000.0,11000.0,15380.0,,0.0,840,1,0,1,0,"36 NASH ST
BUFFALO, NY 14204-1460
(42.885938, -78.866407)",36 NASH ST,BUFFALO,NY,14204-1460,"36 NASH ST
BUFFALO, NY 14204-1460
(42.88589683100048, -78.86640415499966)"
8403400241,SPRING LAKE HISTORICAL SOCIETY INC,SPRING LAKE HISTORICAL SOCIETY,,http://springlakeboro.org,HSC,222187962,A82,01/01/201306 12:00:00 AM,$60203.00,$20641.00,3.0,2,2,34,25.0,809100.0,4005.0,70110.0,70110.0,35620.0,35614.0,0.0,840,1,0,1,0,"PO BOX 703
SPRING LAKE, NJ 07762-0703
(40.15527, -74.033756)",PO BOX 703,SPRING LAKE,NJ,07762-0703,"PO BOX 703
SPRING LAKE, NJ 07762-0703
(40.16266430400049, -74.03470923699967)"
8401800635,RUSH COUNTY HISTORICAL SOCIETY,RUSH COUNTY HERITAGE,7659322492.0,,HSC,356021791,A82,01/01/201212 12:00:00 AM,$0.00,$0.00,0.0,3,4,18,139.0,974500.0,2030.0,56772.0,,,,0.0,840,1,0,0,1,"PO BOX 302
RUSHVILLE, IN 46173-9224
(39.603404, -85.444778)",PO BOX 302,RUSHVILLE,IN,46173-9224,"PO BOX 302
RUSHVILLE, IN 46173-9224
(39.51882140800046, -85.56094831599967)"
8402300157,WINTERPORT HISTORICAL ASSOCIATION,,,,HST,10361404,A54,01/01/201212 12:00:00 AM,$0.00,$0.00,0.0,4,1,23,27.0,41000.0,1012.0,86760.0,,,,0.0,840,1,0,0,0,"PO BOX 342
WINTERPORT, ME 04496-0342
(44.662368, -68.896455)",PO BOX 342,WINTERPORT,ME,04496-0342,"PO BOX 342
WINTERPORT, ME 04496-0342
(44.631146042000466, -68.85400725299962)"
8403500003,WESTERN NEW MEXICO UNIVERSITY MUSEUM,WESTERN NEW MEXICO UNIVERSITY MUSEUM,5055386386.0,http://www.wnmumuseum.org,GMU,,,,,,,3,5,35,17.0,964400.0,2073.0,93000.0,73260.0,43500.0,,1.0,840,0,1,0,0,"1000 W COLLEGE AVE
SILVER CITY, NM 88062
(32.775134, -108.282151)",1000 W COLLEGE AVE,SILVER CITY,NM,88062,"1000 W COLLEGE AVE
SILVER CITY, NM 88062
(32.77526821900045, -108.28373825999967)"
8402300097,BRICK STORE MUSEUM,BRICK STORE MUSEUM,2079854802.0,http://www.brickstoremuseum.org,HST,10238760,A54,01/01/201212 12:00:00 AM,$703739.00,$203456.00,5.0,3,1,23,31.0,28002.0,3017.0,36535.0,36500.0,38860.0,,0.0,840,1,1,1,1,"117 MAIN ST
KENNEBUNK, ME 04043-7088
(43.387409, -70.537656)",117 MAIN ST,KENNEBUNK,ME,04043-7088,"117 MAIN ST
KENNEBUNK, ME 04043-7088
(43.38751323100047, -70.53753782299964)"
8404400161,WATCH HILL LIGHTHOUSE KEEPERS ASSOCIATION,,,,HST,222753629,A54,01/01/201212 12:00:00 AM,$301352.00,$119938.00,4.0,2,1,44,9.0,50802.0,2000.0,77000.0,76820.0,39300.0,,0.0,840,1,0,0,0,"PO BOX 1511
WESTERLY, RI 02891-0908
(41.356046, -71.808894)",PO BOX 1511,WESTERLY,RI,02891-0908,"PO BOX 1511
WESTERLY, RI 02891-0908
(41.35956121000049, -71.81040973999967)"
8404201552,HALLOWED GROUND COALITION FOR HISTORIC CONSERVATION,,,http://www.gettysburgtrust.com,GMU,371613152,,,,,,2,2,42,41.0,11303.0,2048.0,32296.0,,25420.0,,0.0,840,1,0,0,0,"5007 APACHE DRIVE
MECHANICSBURG, PA 17050
(40.249924, -76.970936)",5007 APACHE DRIVE,MECHANICSBURG,PA,17050,"5007 APACHE DRIVE
MECHANICSBURG, PA 17050
(40.24980385000049, -76.97109065799964)"
8403900902,LAKE COUNTY HISTORICAL SOCIETY,LAKE COUNTY HISTORICAL SOCIETY,4409513813.0,,HSC,340863972,A82,01/01/201212 12:00:00 AM,$261622.00,$227506.00,4.0,4,4,39,85.0,204900.0,3000.0,59430.0,,17460.0,,0.0,840,1,0,1,0,"415 RIVERSIDE DR
PAINESVILLE, OH 44077-5321
(41.715674, -81.220612)",415 RIVERSIDE DR,PAINESVILLE,OH,44077-5321,"415 RIVERSIDE DR
PAINESVILLE, OH 44077-5321
(41.714803589000496, -81.22324297199964)"
8402500049,OLD MEETING HOUSE,,4135964097.0,http://www.wilbrahamatheneum.org,HSC,,,,,,,4,1,25,13.0,813602.0,2006.0,79740.0,79705.0,44140.0,,0.0,840,0,0,1,0,"450 MAIN ST
WILBRAHAM, MA 1095
(42.123004, -72.431122)",450 MAIN ST,WILBRAHAM,MA,1095,"450 MAIN ST
WILBRAHAM, MA 1095
(42.12314891900047, -72.43104627999963)"
8402600249,GALESBURG HISTORICAL SOCIETY AND MUSEUM INC,GALESBURG HISTORICAL SOCIETY AND MUSEUM,,http://www.galesburgmemoriallibrary.org,HSC,201147566,A80,01/01/201312 12:00:00 AM,$0.00,$0.00,0.0,4,4,26,77.0,6702.0,4010.0,31260.0,31260.0,28020.0,,0.0,840,1,0,1,0,"1 EAST BATTLE CREEK ST
GALESBURG, MI 49053-9806
(42.2936, -85.427102)",1 EAST BATTLE CREEK ST,GALESBURG,MI,49053-9806,"1 EAST BATTLE CREEK ST
GALESBURG, MI 49053-9806
(42.289124968000465, -85.41771454199966)"
8403900187,ENTERTRAINMENT JUNCTION,,5138988000.0,http://www.entertrainmentjunction.com,GMU,,,,,,,2,4,39,17.0,11109.0,1014.0,83150.0,,17140.0,,0.0,840,0,0,1,0,"7379 SQUIRE CT
WEST CHESTER, OH 45069
(39.351697, -84.373237)",7379 SQUIRE CT,WEST CHESTER,OH,45069,"7379 SQUIRE CT
WEST CHESTER, OH 45069
(39.35162344200046, -84.37379964399969)"
8404700378,SWIFT MUSEUM FOUNDATION INC,,,,GMU,621048065,A50,01/01/201212 12:00:00 AM,$208332.00,$-28511.00,4.0,3,3,47,107.0,970401.0,1036.0,90488.0,2320.0,11940.0,,1.0,840,1,0,0,0,"PO BOX 644
ATHENS, TN 37371-0644
(35.439657, -84.59218)",PO BOX 644,ATHENS,TN,37371-0644,"PO BOX 644
ATHENS, TN 37371-0644
(35.44036038800044, -84.59257696799966)"
8400602126,NAVAL HELICOPTER HISTORICAL SOCIETY INC,NAVAL HELICOPTER HISTORICAL SOCIETY,,http://www.nhhs.org,HSC,911779399,A99,01/01/201212 12:00:00 AM,$0.00,$0.00,0.0,1,6,6,73.0,8335.0,1011.0,92780.0,66000.0,41740.0,,0.0,840,1,0,0,1,"9072 MEADOWRUN PLACE
SAN DIEGO, CA 92129
(32.964174, -117.117953)",9072 MEADOWRUN PLACE,SAN DIEGO,CA,92129,"9072 MEADOWRUN PLACE
SAN DIEGO, CA 92129
(32.97718804100049, -117.1333801129997)"
8401201002,JOHN GILMORE RILEY CENTER-MUSEUM FOR AFRICAN AMERICAN HISTOR,JOHN GILMORE RILEY CENTER AND MUSEUM FO,8506817881.0,http://www.rileymuseum.org,GMU,593518113,A50,01/01/201212 12:00:00 AM,$295191.00,$295191.00,4.0,1,3,12,73.0,200.0,3077.0,93295.0,70600.0,45220.0,,0.0,840,1,1,1,0,"419 E JEFFERSON ST
TALLAHASSEE, FL 32301-1817
(30.4328, -84.263015)",419 E JEFFERSON ST,TALLAHASSEE,FL,32301-1817,"419 E JEFFERSON ST
TALLAHASSEE, FL 32301-1817
(30.43961306300048, -84.27738988999965)"
8403900615,INNISWOOD GARDEN SOCIETY,INNISWOOD METRO GARDENS,6148956216.0,http://www.metroparks.net/ParksInniswood.a,BOT,311140979,C41,01/01/201212 12:00:00 AM,$0.00,$0.00,0.0,2,4,39,49.0,7194.0,3000.0,83342.0,83342.0,18140.0,,0.0,840,1,0,1,0,"940 S HEMPSTEAD RD
WESTERVILLE, OH 43081-3612
(40.102771, -82.902052)",940 S HEMPSTEAD RD,WESTERVILLE,OH,43081-3612,"940 S HEMPSTEAD RD
WESTERVILLE, OH 43081-3612
(40.10113946000047, -82.90336751299964)"
8402600163,CRAWFORD COUNTY HISTORICAL MUSEUM,,9893484461.0,http://www.grayling-area.com/museum,HSC,,,,,,,3,4,26,39.0,960200.0,1027.0,34640.0,34640.0,,,0.0,840,0,0,1,0,"97 E MICHIGAN AVE
GRAYLING, MI 49738
(44.662088, -84.713876)",97 E MICHIGAN AVE,GRAYLING,MI,49738,"97 E MICHIGAN AVE
GRAYLING, MI 49738
(44.66088912100048, -84.71546939599966)"
8404801016,HERITAGE SOCIETY,HARRIS COUNTY HERITAGE SOCIETY MUSEUM,7136551912.0,http://www.heritagesociety.org,HSC,741444232,A82,01/01/201305 12:00:00 AM,$2191417.00,$1070150.00,6.0,1,5,48,201.0,100000.0,3089.0,91835.0,35000.0,26420.0,,0.0,840,1,1,1,1,"1100 BAGBY ST
HOUSTON, TX 77002-2504
(29.75929, -95.371056)",1100 BAGBY ST,HOUSTON,TX,77002-2504,"1100 BAGBY ST
HOUSTON, TX 77002-2504
(29.759089230000484, -95.3707936839997)"
8401200508,THE BOX CAR TOUR FOUNDATION INC,,,,HSC,273833228,A80,01/01/201212 12:00:00 AM,$0.00,$0.00,0.0,2,3,12,71.0,50601.0,2013.0,90234.0,7525.0,15980.0,,0.0,840,1,0,0,0,"28901 TRAILS EDGE BLVD
BONITA SPRINGS, FL 34134-7588
(26.321561, -81.805968)",28901 TRAILS EDGE BLVD,BONITA SPRINGS,FL,34134-7588,"28901 TRAILS EDGE BLVD
BONITA SPRINGS, FL 34134-7588
(26.317328887000485, -81.80621291199964)"
8402300460,MERRYMEETING WATERFOWL MUSEUM,,,,GMU,237302550,,,,,,3,1,23,5.0,11201.0,6007.0,8430.0,8395.0,38860.0,,0.0,840,1,0,0,0,"HARPSWELL RD
BRUNSWICK, ME 4011
(43.8813976, -69.9506066)",HARPSWELL RD,BRUNSWICK,ME,4011,"HARPSWELL RD
BRUNSWICK, ME 4011
(43.85545281500049, -69.94627784499966)"
8402900053,LACLEDE'S LANDING DEVELOPMENT,,3142411155.0,http://www.lacledeslanding.com,GMU,,,,,,,1,4,29,510.0,125600.0,2041.0,65000.0,65000.0,41180.0,,0.0,840,0,0,1,0,"720 N 2ND ST
SAINT LOUIS, MO 63102
(38.629921, -90.187743)",720 N 2ND ST,SAINT LOUIS,MO,63102,"720 N 2ND ST
SAINT LOUIS, MO 63102
(38.630774017000476, -90.18437673899967)"
8405100938,SCRABBLE SCHOOL PRESERVATION FOUNDATION,SCRABBLE SCHOOL PRESERVATION FOUNDATION,,,HSC,542061437,A82,01/01/201212 12:00:00 AM,$0.00,$0.00,0.0,4,3,51,157.0,950200.0,3049.0,95967.0,,47900.0,47894.0,0.0,840,0,0,0,1,"CASTLETON, VA 22716-2512
(38.601026, -78.097708)",,CASTLETON,VA,22716-2512,"CASTLETON, VA 22716-2512
(38.58252054400049, -78.14750883499966)"
8404200797,YORK COUNTY ASTRONOMICAL SOCIETY,,,,GMU,232892563,A50,01/01/201212 12:00:00 AM,$0.00,$0.00,0.0,2,2,42,133.0,21010.0,2050.0,21464.0,,49620.0,,0.0,840,1,0,0,0,"400 MUNDIS RACE ROAD
YORK, PA 17406-9721
(40.020232, -76.703938)",400 MUNDIS RACE ROAD,YORK,PA,17406-9721,"400 MUNDIS RACE ROAD
YORK, PA 17406-9721
(40.020427466000456, -76.70536692899964)"
8403600859,THE 369TH HISTORICAL SOCIETY,369TH HISTORICAL SOCIETY,,http://www.369historicalsociety.org,HSC,133432282,,,,,,1,2,36,61.0,21400.0,1001.0,44919.0,51000.0,35620.0,35614.0,0.0,840,1,0,1,0,"PO BOX 1206
NEW YORK, NY 10037-1003
(40.812953, -73.938167)",PO BOX 1206,NEW YORK,NY,10037-1003,"PO BOX 1206
NEW YORK, NY 10037-1003
(40.81884267100048, -73.93755926199964)"
8401800148,INDIANA LEWIS AND CLARK FOUNDATION INC,,,,HSC,113735201,A80,01/01/201212 12:00:00 AM,$0.00,$0.00,0.0,2,4,18,19.0,50100.0,2061.0,38367.0,38358.0,31140.0,,0.0,840,1,0,0,0,"315 SOUTHERN INDIANA AVENUE
JEFFERSONVILLE, IN 47130-3218
(38.27122, -85.749302)",315 SOUTHERN INDIANA AVENUE,JEFFERSONVILLE,IN,47130-3218,"315 SOUTHERN INDIANA AVENUE
JEFFERSONVILLE, IN 47130-3218
(38.270676024000466, -85.74939141999965)"
8400100392,FRIENDS OF FENDALL HALL INC,,,,HSC,631225568,A80,01/01/201212 12:00:00 AM,$0.00,$0.00,0.0,3,3,1,5.0,950700.0,2003.0,91017.0,24568.0,,,0.0,840,1,0,0,0,"917 WEST BARBOUR STREET
EUFAULA, AL 36072-0184
(31.892132, -85.156867)",917 WEST BARBOUR STREET,EUFAULA,AL,36072-0184,"917 WEST BARBOUR STREET
EUFAULA, AL 36072-0184
(31.892090803000485, -85.15703304799968)"
8404800810,DALLAS MARINE AQUARIUM SOCIETY,,,http://www.dallasmas.org,ZAW,352351789,,,,,,2,5,48,113.0,17702.0,4022.0,92792.0,47892.0,19100.0,19124.0,0.0,840,1,0,0,0,"PO BOX 851912
MESQUITE, TX 75185
(32.775121, -96.599241)",PO BOX 851912,MESQUITE,TX,75185,"PO BOX 851912
MESQUITE, TX 75185
(32.775701093000464, -96.59838942299967)"
8402000034,NERMAN MUSEUM OF CONTEMPORARY ART,,9134693000.0,http://www.nermanmuseum.org,GMU,,,,,,,1,5,20,91.0,53004.0,2004.0,53775.0,53775.0,28140.0,,0.0,840,0,0,1,0,"12345 COLLEGE BLVD
OVERLAND PARK, KS 66210
(38.92731, -94.731532)",12345 COLLEGE BLVD,OVERLAND PARK,KS,66210,"12345 COLLEGE BLVD
OVERLAND PARK, KS 66210
(38.927293319000455, -94.72745083599966)"
8404801241,CHARLES W MOORE FOUNDATION INC,CHARLES W. MOORE FOUNDATION,,,HSC,742748092,A80,01/01/201212 12:00:00 AM,$109530.00,$63383.00,4.0,1,5,48,453.0,1602.0,2003.0,90165.0,5000.0,12420.0,,0.0,840,1,0,0,1,"2102 QUARRY RD
AUSTIN, TX 78703-3835
(30.284689, -97.766416)",2102 QUARRY RD,AUSTIN,TX,78703-3835,"2102 QUARRY RD
AUSTIN, TX 78703-3835
(30.284805995000454, -97.76661852599966)"
8402600709,THE COPPER RANGE HISTORICAL SOCIETY,COPPER RANGE HISTORICAL MUSEUM,,,HSC,382831938,A82,01/01/201212 12:00:00 AM,$0.00,$0.00,0.0,4,4,26,61.0,900.0,2002.0,320.0,75220.0,26340.0,,1.0,840,1,0,1,0,"PO BOX 148
SOUTH RANGE, MI 49963
(47.075124, -88.639427)",PO BOX 148,SOUTH RANGE,MI,49963,"PO BOX 148
SOUTH RANGE, MI 49963
(47.06974811100048, -88.64242799799968)"
8404801800,WESTWORTH GARDEN AND HISTORICAL SOCIETY INC,,,,BOT,752915679,,01/01/201203 12:00:00 AM,$0.00,$0.00,0.0,2,5,48,439.0,110600.0,2035.0,91380.0,78076.0,19100.0,23104.0,0.0,840,1,0,0,0,"629 DELOACHE ST
WESTWORTH VILLAGE, TX 76114
(32.77559, -97.399859)",629 DELOACHE ST,WESTWORTH VILLAGE,TX,76114,"629 DELOACHE ST
WESTWORTH VILLAGE, TX 76114
(32.75837311300046, -97.41686001299968)"
8400900394,UNIONVILLE MUSEUM INC,,8606731787.0,,GMU,222589034,,01/01/201212 12:00:00 AM,$0.00,$0.00,0.0,2,1,9,3.0,460302.0,2024.0,27600.0,,25540.0,,0.0,840,1,0,0,0,"15 SCHOOL ST
UNIONVILLE, CT 6085
(41.75818, -72.888056)",15 SCHOOL ST,UNIONVILLE,CT,6085,"15 SCHOOL ST
UNIONVILLE, CT 6085
(41.75821374700047, -72.88825392199965)"
8401700246,BLANDIN HOUSE MUSEUM,,3096523673.0,,GMU,,,,,,,4,4,17,109.0,10200.0,3061.0,6483.0,6470.0,31380.0,,1.0,840,0,0,1,0,"215 S CHESTNUT ST
BLANDINSVILLE, IL 61420
(40.55616, -90.864187)",215 S CHESTNUT ST,BLANDINSVILLE,IL,61420,"215 S CHESTNUT ST
BLANDINSVILLE, IL 61420
(40.554670871000496, -90.8641141229997)"
8403901067,USS CLARENCE K BRONSON ASSOCIATION HISTORICAL SOCIETY INC,,,,HSC,341603433,,01/01/201212 12:00:00 AM,$0.00,$0.00,0.0,2,4,39,93.0,80700.0,2035.0,56966.0,56966.0,17460.0,,0.0,840,1,0,0,0,"32745 FALLHAVEN CIRCLE
NORTH RIDGEVILLE, OH 44039
(41.365078, -81.983431)",32745 FALLHAVEN CIRCLE,NORTH RIDGEVILLE,OH,44039,"32745 FALLHAVEN CIRCLE
NORTH RIDGEVILLE, OH 44039
(41.365013097000485, -81.98256201899966)"
8401200763,HISTORIC OCALA PRESERVATION SOCIETY INC,,,http://www.historicocala.org,HSC,592062769,A82,01/01/201112 12:00:00 AM,$0.00,$0.00,0.0,1,3,12,83.0,1900.0,2003.0,92483.0,50750.0,36100.0,,0.0,840,1,0,0,0,"820 E FORT KING ST
OCALA, FL 34471
(29.16894, -82.122982)",820 E FORT KING ST,OCALA,FL,34471,"820 E FORT KING ST
OCALA, FL 34471
(29.185433489000445, -82.12924166799968)"
8404801931,BRYAN TEXANA FOUNDATION,,,,HST,760470234,A54,01/01/201211 12:00:00 AM,$500.00,,1.0,1,5,48,201.0,100000.0,1100.0,91835.0,35000.0,26420.0,,0.0,840,1,0,0,0,"1331 LAMAR ST STE 1450
HOUSTON, TX 77010-3122
(29.754517, -95.3627)",1331 LAMAR ST STE 1450,HOUSTON,TX,77010-3122,"1331 LAMAR ST STE 1450
HOUSTON, TX 77010-3122
(29.754498430000467, -95.36262277399965)"
8403900472,SEVEN HILLS HISTORICAL SOCIETY,,,http://WWW.FREEWEBS.COM/7HILLSHISTORY,HSC,273781494,P20,01/01/201112 12:00:00 AM,$0.00,$0.00,0.0,2,4,39,35.0,182106.0,1003.0,71416.0,71416.0,17460.0,,0.0,840,1,0,0,0,"7325 SUMMITVIEW DR
SEVEN HILLS, OH 44131-4413
(41.368101, -81.680178)",7325 SUMMITVIEW DR,SEVEN HILLS,OH,44131-4413,"7325 SUMMITVIEW DR
SEVEN HILLS, OH 44131-4413
(41.366800371000465, -81.68015383299968)"
8400400438,THE TOMBSTONE VIGILANTES INC,,,,HSC,861037076,A80,01/01/201212 12:00:00 AM,$24588.00,$24588.00,2.0,4,6,4,3.0,400.0,2037.0,93182.0,74400.0,43420.0,,0.0,840,1,0,0,0,"PO BOX 144
TOMBSTONE, AZ 85638-0144
(31.720816, -110.054876)",PO BOX 144,TOMBSTONE,AZ,85638-0144,"PO BOX 144
TOMBSTONE, AZ 85638-0144
(31.71663429600045, -110.07167979699966)"
8401800194,SHIPSHEWANA CAR MUSEUM INC,,,,GMU,208509809,A50,01/01/201212 12:00:00 AM,$21160.00,$21160.00,2.0,4,4,18,87.0,970300.0,4114.0,52686.0,,,,0.0,840,1,0,0,0,"PO BOX 486
SHIPSHEWANA, IN 46565-0486
(41.692663, -85.580961)",PO BOX 486,SHIPSHEWANA,IN,46565-0486,"PO BOX 486
SHIPSHEWANA, IN 46565-0486
(41.677950169000496, -85.58006633899964)"
8403500283,CITY OF ROSWELL,CITY OF ROSWELL,5756246760.0,,GMU,856000165,,,,,,3,5,35,5.0,300.0,4024.0,92670.0,64930.0,40740.0,,1.0,840,0,1,0,0,"100 WEST 11TH STREET
ROSWELL, NM 88201
(33.404558, -104.523007)",100 WEST 11TH STREET,ROSWELL,NM,88201,"100 WEST 11TH STREET
ROSWELL, NM 88201
(33.40451346500049, -104.52296697699967)"
8401800673,KIWANIS CLUB OF HISTORIC NEWBURGH KIWANIS FOUNDATION INC,,,,HSC,371461827,,01/01/201309 12:00:00 AM,$0.00,$0.00,0.0,2,4,18,173.0,30800.0,4013.0,56178.0,52650.0,21780.0,,0.0,840,1,0,0,0,"PO BOX 268
NEWBURGH, IN 47629
(37.94446, -87.40424)",PO BOX 268,NEWBURGH,IN,47629,"PO BOX 268
NEWBURGH, IN 47629
(37.95660309600049, -87.40352788899969)"
8401800642,SHELBY COUNTY HISTORICAL SOCIETY INC,SHELBY COUNTY HISTORICAL SOCIETY,3173924634.0,http://www.grovermuseum.org,HSC,356042230,A80,01/01/201212 12:00:00 AM,$564822.00,$77664.00,5.0,3,4,18,145.0,710601.0,2040.0,568.0,69318.0,26900.0,,0.0,840,1,0,1,0,"52 W BROADWAY ST
SHELBYVILLE, IN 46176-1256
(39.5206, -85.774856)",52 W BROADWAY ST,SHELBYVILLE,IN,46176-1256,"52 W BROADWAY ST
SHELBYVILLE, IN 46176-1256
(39.522968420000495, -85.77876047699965)"
8404201685,FUND FOR THE WATER WORKS,FUND FOR THE WATER WORKS,,,HSC,911882472,A80,01/01/201212 12:00:00 AM,$46664.00,$46664.00,3.0,1,2,42,101.0,11900.0,4001.0,60000.0,60000.0,37980.0,37964.0,0.0,840,1,0,0,1,"PO BOX 21601
PHILADELPHIA, PA 19131-0901
(39.989964, -75.226561)",PO BOX 21601,PHILADELPHIA,PA,19131-0901,"PO BOX 21601
PHILADELPHIA, PA 19131-0901
(39.98785406200045, -75.22529867899965)"
8403601587,JORDAN HISTORICAL SOCIETY INC,,,,HSC,161594519,,,,,,4,2,36,67.0,12000.0,4010.0,23800.0,38825.0,45060.0,,0.0,840,1,0,0,0,"PO BOX 217
JORDAN, NY 13080
(43.067759, -76.47555)",PO BOX 217,JORDAN,NY,13080,"PO BOX 217
JORDAN, NY 13080
(43.07948189500047, -76.47946713699963)"
8404900148,JOHN WESLEY POWELL RIVER HISTORY MUSEUM INC,JOHN WESLEY POWELL RIVER HISTORY MUSEUM,4355643427.0,,HST,742666965,A54,01/01/201306 12:00:00 AM,$0.00,$0.00,0.0,4,6,49,15.0,976500.0,3489.0,91161.0,31670.0,,,0.0,840,1,1,1,0,"PO BOX 611
GREEN RIVER, UT 84525-0611
(38.995487, -110.161852)",PO BOX 611,GREEN RIVER,UT,84525-0611,"PO BOX 611
GREEN RIVER, UT 84525-0611
(38.99553068500046, -110.16356796999969)"
8403601691,SHINNECOCK CANAL MARITIME HERITAGE CENTER,,,,GMU,202227605,A50,01/01/201212 12:00:00 AM,$0.00,$0.00,0.0,2,2,36,103.0,190603.0,2040.0,68473.0,31896.0,35620.0,35004.0,0.0,840,1,0,0,0,"23 BAY AVE W
HAMPTON BAYS, NY 11946-2516
(40.873905, -72.497817)",23 BAY AVE W,HAMPTON BAYS,NY,11946-2516,"23 BAY AVE W
HAMPTON BAYS, NY 11946-2516
(40.86386809300046, -72.52338758599967)"
8400602917,WESTERN FOUNDATION OF VERTEBRATE ZOOLOGY,WESTERN FOUNDATION OF VERTEBRATE ZOOLOG,8053889944.0,http://www.wfvz.org,GMU,956096078,,01/01/201212 12:00:00 AM,$282234.00,,4.0,1,6,6,111.0,5600.0,1070.0,90350.0,10046.0,37100.0,,0.0,840,1,0,1,0,"439 CALLE SAN PABLO
CAMARILLO, CA 93012-8506
(34.20816, -119.039212)",439 CALLE SAN PABLO,CAMARILLO,CA,93012-8506,"439 CALLE SAN PABLO
CAMARILLO, CA 93012-8506
(34.20807264800044, -119.03879899299972)"
8403500205,FARMINGTON MUSEUM FOUNDATION INC,,,,GMU,850334371,A56,01/01/201306 12:00:00 AM,$146620.00,$363029.00,4.0,1,5,35,45.0,205.0,1019.0,91290.0,25800.0,22140.0,,0.0,840,1,0,0,0,"PO BOX 115
FARMINGTON, NM 87499-0115
(36.748158, -108.176264)",PO BOX 115,FARMINGTON,NM,87499-0115,"PO BOX 115
FARMINGTON, NM 87499-0115
(36.74810272500048, -108.1767099819997)"
8404900115,MT PLEASANT HISTORICAL ASSOCIATION,,,,HSC,273574401,A80,01/01/201212 12:00:00 AM,$0.00,$0.00,0.0,3,6,49,39.0,972100.0,5027.0,92150.0,53010.0,,,0.0,840,1,0,0,0,"146 S STATE
MT PLEASANT, UT 84647-1503
(39.539479, -111.454306)",146 S STATE,MT PLEASANT,UT,84647-1503,"146 S STATE
MT PLEASANT, UT 84647-1503
(39.54460503000047, -111.45539744499968)"
8402000488,WATERVILLE PRESERVATION SOCIETY,,,,HSC,481244563,A80,01/01/201212 12:00:00 AM,$61356.00,$32288.00,3.0,4,5,20,117.0,70182.0,2121.0,75975.0,75950.0,,,0.0,840,1,0,0,0,"126 S KANSAS AVE
WATERVILLE, KS 66548-5004
(39.69195, -96.747683)",126 S KANSAS AVE,WATERVILLE,KS,66548-5004,"126 S KANSAS AVE
WATERVILLE, KS 66548-5004
(39.69221960200048, -96.7477208899997)"
8403601178,HOPEWELL DEPOT RESTORATION CORPORATION,,,,HSC,141794288,A80,01/01/201212 12:00:00 AM,$42401.00,$38675.00,3.0,2,2,36,27.0,50203.0,3014.0,21996.0,,35620.0,20524.0,0.0,840,1,0,0,0,"PO BOX 1044
HOPEWELL JUNCTION, NY 12533-1044
(41.575546, -73.799381)",PO BOX 1044,HOPEWELL JUNCTION,NY,12533-1044,"PO BOX 1044
HOPEWELL JUNCTION, NY 12533-1044
(41.578892736000455, -73.81150631099968)"
8402000104,C. N. JAMES CABIN,,3057828378.0,,GMU,,,,,,,4,5,20,15.0,20800.0,2070.0,3300.0,3300.0,48620.0,,0.0,840,0,0,1,0,"305 STATE ST
AUGUSTA, KS 67010
(37.674269, -96.978978)",305 STATE ST,AUGUSTA,KS,67010,"305 STATE ST
AUGUSTA, KS 67010
(37.67381253600047, -96.97896647299967)"
8405400184,BUFFALO HISTORICAL SOCIETY INC,,,,HSC,550705837,,01/01/201112 12:00:00 AM,$0.00,$0.00,0.0,4,3,54,79.0,20200.0,1041.0,90292.0,11284.0,26580.0,,0.0,840,1,0,0,0,"PO BOX 144
BUFFALO, WV 25033
(38.611446, -81.975456)",PO BOX 144,BUFFALO,WV,25033,"PO BOX 144
BUFFALO, WV 25033
(38.60835392100046, -81.97078936799966)"
8402500756,FRIENDS OF VETERANS MEMORIAL,,,,HSC,200256021,A80,01/01/201212 12:00:00 AM,$0.00,$0.00,0.0,4,1,25,27.0,701100.0,3018.0,80405.0,80370.0,49340.0,,0.0,840,1,0,0,0,"PO BOX 264
WINCHENDON, MA 01475-0264
(42.678927, -72.044645)",PO BOX 264,WINCHENDON,MA,01475-0264,"PO BOX 264
WINCHENDON, MA 01475-0264
(42.6842707940005, -72.04615669699967)"
8404000167,THE NATIONAL WEATHER MUSEUM AND SCIENCE CENTER,NATIONAL WEATHER CENTER,4053253095.0,http://www.nwc.ou.edu,SCI,260172094,A57,01/01/201212 12:00:00 AM,$0.00,$0.00,0.0,2,5,40,27.0,201203.0,3020.0,91989.0,52500.0,36420.0,,0.0,840,1,0,1,0,"120 DAVID L BOREN BLVD
NORMAN, OK 73072-7268
(35.182978, -97.440873)",120 DAVID L BOREN BLVD,NORMAN,OK,73072-7268,"120 DAVID L BOREN BLVD
NORMAN, OK 73072-7268
(35.182925939000484, -97.44094466199965)"
8404801351,HOCHHEIM HISTORICAL FOUNDATION,,,,HSC,743018764,A80,01/01/201212 12:00:00 AM,$175.00,,1.0,3,5,48,123.0,970100.0,1040.0,94295.0,80560.0,,,0.0,840,1,0,0,0,"500 US HIGHWAY 77A S
YOAKUM, TX 77995-1318
(29.295328, -97.161102)",500 US HIGHWAY 77A S,YOAKUM,TX,77995-1318,"500 US HIGHWAY 77A S
YOAKUM, TX 77995-1318
(29.297876915000472, -97.15932496799968)"
8400100135,ST CLAIR HISTORICAL SOCIETY INC,,,http://FacebookSt.ClairHistoricalSociety,HSC,237366837,,01/01/201305 12:00:00 AM,$0.00,$0.00,0.0,4,3,1,115.0,40502.0,4020.0,92988.0,56400.0,13820.0,,0.0,840,1,0,0,0,"150 WARE AVENUE
ODENVILLE, AL 35120-3512
(33.6803, -86.394764)",150 WARE AVENUE,ODENVILLE,AL,35120-3512,"150 WARE AVENUE
ODENVILLE, AL 35120-3512
(33.68035304700044, -86.39388950399967)"
8405500509,INTERNATIONAL CLOWN HALL OF FAME AND RESEARCH CENTER INC,INTERNATIONAL CLOWN HALL OF FAME AND RE,6083550321.0,http://www.theclownmuseum.com,GMU,391571904,A50,01/01/201212 12:00:00 AM,$0.00,$0.00,0.0,3,4,55,111.0,402.0,1018.0,4625.0,4625.0,12660.0,,1.0,840,1,0,1,0,"PO BOX 240
BARABOO, WI 53913-2175
(43.482065, -89.740637)",PO BOX 240,BARABOO,WI,53913-2175,"PO BOX 240
BARABOO, WI 53913-2175
(43.4709818120005, -89.74254672899968)"
8402300374,THE GOOD LIFE CENTER,,,,HSC,43441031,A80,01/01/201303 12:00:00 AM,$0.00,$0.00,0.0,4,1,23,9.0,966500.0,3074.0,7975.0,,,,0.0,840,1,0,0,0,"PO BOX 37
BROOKSVILLE, ME 04642-3011
(44.331996, -68.782454)",PO BOX 37,BROOKSVILLE,ME,04642-3011,"PO BOX 37
BROOKSVILLE, ME 04642-3011
(44.32845124200048, -68.81757872799966)"
8403900041,SWEET ART OF MINE,,5135039790.0,http://www.sweetartofmine.com,ART,,,,,,,2,4,39,17.0,11120.0,3005.0,43050.0,,17140.0,,0.0,840,0,0,1,0,"6574 COUNTRYSIDE TRL
LIBERTY TOWNSHIP, OH 45044
(39.386849, -84.402778)",6574 COUNTRYSIDE TRL,LIBERTY TOWNSHIP,OH,45044,"6574 COUNTRYSIDE TRL
LIBERTY TOWNSHIP, OH 45044
(39.386726973000464, -84.40230127499967)"
8401700364,GALLATIN COUNTY HISTORICAL SOCIETY,,,,HSC,237078032,A82,01/01/201212 12:00:00 AM,$0.00,$0.00,0.0,4,4,17,59.0,972800.0,1042.0,30302.0,,,,0.0,840,1,0,0,0,"PO BOX 195
SHAWNEETOWN, IL 62984
(37.712807, -88.157039)",PO BOX 195,SHAWNEETOWN,IL,62984,"PO BOX 195
SHAWNEETOWN, IL 62984
(37.70873356700048, -88.16963925899967)"
8400900174,THE STAFFORD HISTORICAL SOCIETY INC,STAFFORD HISTORICAL SOCIETY,8606847978.0,,HSC,60990272,A80,01/01/201106 12:00:00 AM,$0.00,$0.00,0.0,3,1,9,13.0,890100.0,3020.0,72090.0,72300.0,25540.0,,0.0,840,1,0,1,0,"5 SPRING STREET
STAFFORD SPRINGS, CT 06076-1504
(41.975153, -72.302395)",5 SPRING STREET,STAFFORD SPRINGS,CT,06076-1504,"5 SPRING STREET
STAFFORD SPRINGS, CT 06076-1504
(41.95333698200045, -72.30478378799967)"
8403700012,WILDERNESS TAXIDERMY OUTFITTERS,,8285243677.0,http://www.wildernesstaxidermy.com,GMU,,,,,,,4,3,37,113.0,970400.0,3112.0,91024.0,,,,0.0,840,0,0,1,0,"5040 HIGHLANDS RD
FRANKLIN, NC 28734
(35.151392, -83.314616)",5040 HIGHLANDS RD,FRANKLIN,NC,28734,"5040 HIGHLANDS RD
FRANKLIN, NC 28734
(35.15202980000049, -83.31511363799967)"
8403601165,HISTORICAL SOCIETY OF WHITEHALL,,,,HST,141783950,A54,01/01/201212 12:00:00 AM,$0.00,$0.00,0.0,4,2,36,115.0,82001.0,2026.0,81633.0,,24020.0,,0.0,840,1,0,0,0,"PO BOX 238
WHITEHALL, NY 12887-0238
(43.551453, -73.363102)",PO BOX 238,WHITEHALL,NY,12887-0238,"PO BOX 238
WHITEHALL, NY 12887-0238
(43.55321103900047, -73.40377969699966)"
8402000428,ROLLING HILLS REFUGE WILDLIFE CONSERVATION CENTER INC,ROLLING HILLS WILDLIFE ADVENTURE FOUNDATION,,,ZAW,481153800,D50,01/01/200812 12:00:00 AM,$2732989.00,,6.0,3,5,20,169.0,100.0,3020.0,62700.0,62700.0,41460.0,,1.0,840,1,0,0,0,"PO BOX 856
SALINA, KS 67402-0856
(38.842843, -97.608062)",PO BOX 856,SALINA,KS,67402-0856,"PO BOX 856
SALINA, KS 67402-0856
(38.8429036820005, -97.6077277279997)"
8405400175,SOUTH CHARLESTON MUSEUM FOUNDATION,,,,GMU,550691997,,01/01/201306 12:00:00 AM,$0.00,$0.00,0.0,2,3,54,39.0,12800.0,4052.0,90804.0,75292.0,16620.0,,0.0,840,1,0,0,0,"PO BOX 18226
SOUTH CHARLESTON, WV 25303-2530
(38.361285, -81.683997)",PO BOX 18226,SOUTH CHARLESTON,WV,25303-2530,"PO BOX 18226
SOUTH CHARLESTON, WV 25303-2530
(38.35303039600046, -81.68908795599964)"
8404200894,JOHNSON-SHAW STEREOSCOPIC MUSEUM,JOHNSON-SHAW STEREOSCOPIC MUSEUM,,http://www.johnsonshawmuseum.org,HST,233062207,A54,01/01/201212 12:00:00 AM,$0.00,$0.00,0.0,3,2,42,39.0,111700.0,3025.0,48360.0,48360.0,32740.0,,1.0,840,1,0,1,0,"213 WOOD STREET
MEADVILLE, PA 16335-1251
(41.656539, -80.143692)",213 WOOD STREET,MEADVILLE,PA,16335-1251,"213 WOOD STREET
MEADVILLE, PA 16335-1251
(41.65686819500047, -80.14337769099967)"
8403800019,NORTH DAKOTA HERITAGE CENTER,,7013282666.0,http://www.nd.gov/hist,GMU,,,,,,,1,5,38,15.0,10400.0,3039.0,7200.0,7200.0,13900.0,,0.0,840,0,0,1,0,"612 E BOULEVARD AVE
BISMARCK, ND 58505
(46.816778, -100.782545)",612 E BOULEVARD AVE,BISMARCK,ND,58505,"612 E BOULEVARD AVE
BISMARCK, ND 58505
(46.816772174000505, -100.78260330299969)"
8404800686,LAREDO MAIN STREET,,,,HSC,264472675,A80,01/01/201209 12:00:00 AM,$5670.00,$5670.00,1.0,1,5,48,479.0,1900.0,3040.0,92145.0,41464.0,29700.0,,0.0,840,1,0,0,0,"PO BOX 634
LAREDO, TX 78042-0634
(27.506393, -99.50831)",PO BOX 634,LAREDO,TX,78042-0634,"PO BOX 634
LAREDO, TX 78042-0634
(27.506424023000477, -99.50846770999965)"
8400602742,VIRGINIA ROBINSON GARDENS,VIRGINIA ROBINSON GARDENS,3102765367.0,http://www.robinsongardens.org,BOT,953797323,,01/01/201206 12:00:00 AM,$764460.00,$445991.00,5.0,2,6,6,37.0,700700.0,1012.0,91750.0,6308.0,31080.0,31084.0,0.0,840,1,1,1,0,"1008 ELDEN WAY
BEVERLY HILLS, CA 90210-2805
(34.085405, -118.416373)",1008 ELDEN WAY,BEVERLY HILLS,CA,90210-2805,"1008 ELDEN WAY
BEVERLY HILLS, CA 90210-2805
(34.08536318700044, -118.4163643009997)"
8403200079,BATTLE BORN CIVIL WAR REENACTORS,,,,HSC,273770516,A80,01/01/201210 12:00:00 AM,$0.00,$0.00,0.0,1,6,32,510.0,100.0,1027.0,94140.0,9700.0,16180.0,,0.0,840,1,0,0,0,"PO BOX 1865
CARSON CITY, NV 89702-1865
(39.168448, -119.765139)",PO BOX 1865,CARSON CITY,NV,89702-1865,"PO BOX 1865
CARSON CITY, NV 89702-1865
(39.15723006000047, -119.7611286829997)"
8402400227,NATIONAL KU KLUX KLAN MUSEUM INC,,,,GMU,261654936,A50,01/01/201212 12:00:00 AM,$0.00,$0.00,0.0,2,2,24,31.0,703218.0,2012.0,91160.0,46375.0,47900.0,43524.0,0.0,840,1,0,0,0,"PO BOX 12196
SILVER SPRING, MD 20908-0196
(39.103008, -77.075945)",PO BOX 12196,SILVER SPRING,MD,20908-0196,"PO BOX 12196
SILVER SPRING, MD 20908-0196
(39.10364310900047, -77.07571766899963)"
8401900653,SAVE OUR DEPOT INC,,,,HSC,431993105,A80,01/01/201212 12:00:00 AM,$0.00,$0.00,0.0,3,4,19,137.0,960300.0,3158.0,93555.0,66135.0,,,0.0,840,1,0,0,0,"305 S 2ND STREET
RED OAK, IA 51566-2655
(41.00575, -95.236024)",305 S 2ND STREET,RED OAK,IA,51566-2655,"305 S 2ND STREET
RED OAK, IA 51566-2655
(41.002424473000474, -95.23040236499969)"
8405500209,W J NIEDERKORN MUSEUM AND ART CENTER INC,,,http://www.egharthouse.org,ART,237086814,,01/01/201212 12:00:00 AM,$0.00,$0.00,0.0,2,4,55,89.0,630201.0,1016.0,64450.0,64450.0,33340.0,,0.0,840,1,0,0,0,"PO BOX 87
PORT WASHINGTON, WI 53074
(43.398892, -87.875223)",PO BOX 87,PORT WASHINGTON,WI,53074,"PO BOX 87
PORT WASHINGTON, WI 53074
(43.3946816290005, -87.88046610799967)"
8401900179,WEST DES MOINES HISTORICAL SOCIETY,WEST DES MOINES HISTORICAL SOCIETY,,http://www.wdmhistoricalsociety.org,HSC,237132446,A82,01/01/201212 12:00:00 AM,$54386.00,$40029.00,3.0,1,4,19,153.0,11021.0,1040.0,94410.0,83910.0,19780.0,,0.0,840,1,1,0,0,"PO BOX 65563
WDM, IA 50265-0563
(41.574062, -93.740142)",PO BOX 65563,WDM,IA,50265-0563,"PO BOX 65563
WDM, IA 50265-0563
(41.57437393000049, -93.70887619499968)"
8402700592,FRIENDS OF PINE GROVE ZOO,PINE GROVE PARK,3206165595.0,http://www.pinegrovezoo.com,ZAW,411949216,D30,01/01/201212 12:00:00 AM,$320581.00,$308250.00,4.0,3,4,27,97.0,780700.0,2012.0,37556.0,37556.0,,,0.0,840,1,0,1,0,"1200 W BROADWAY
LITTLE FALLS, MN 56345-5298
(45.976931, -94.386592)",1200 W BROADWAY,LITTLE FALLS,MN,56345-5298,"1200 W BROADWAY
LITTLE FALLS, MN 56345-5298
(45.97688084200047, -94.38659681499968)"
8402000013,SANTA FE TRAIL CENTER,SANTA FE TRAIL CENTER,3162852054.0,,GMU,,,,,,,3,5,20,145.0,970200.0,3061.0,38700.0,38700.0,,,0.0,840,0,1,0,0,"RT. 3 BOX 137
LARNED, KS 67550
(38.182154, -99.101062)",RT. 3 BOX 137,LARNED,KS,67550,"RT. 3 BOX 137
LARNED, KS 67550
(38.18380343300049, -99.10580954299968)"
8400900284,FRIENDS OF MAIN STREET WINSTED WINCHESTER INC,,,,HSC,61602691,A80,01/01/201212 12:00:00 AM,$51249.00,$46468.00,3.0,3,1,9,5.0,320200.0,4031.0,86440.0,87350.0,45860.0,,1.0,840,1,0,0,0,"PO BOX 18
WINSTED, CT 06098-0018
(41.93018, -73.080016)",PO BOX 18,WINSTED,CT,06098-0018,"PO BOX 18
WINSTED, CT 06098-0018
(41.9311032170005, -73.07560578599964)"
8404800147,MARKETHOUSE MUSEUM,,3616458767.0,,GMU,,,,,,,4,5,48,175.0,960100.0,3032.0,91555.0,30080.0,47020.0,,0.0,840,0,0,1,0,"205 S MARKET
GOLIAD, TX 77963
(28.666973, -97.39127)",205 S MARKET,GOLIAD,TX,77963,"205 S MARKET
GOLIAD, TX 77963
(28.666904650000447, -97.39127863799968)"
8401700349,MOUNT PROSPECT HISTORICAL SOCIETY,MOUNT PROSPECT HISTORICAL SOCIETY,8473929006.0,http://www.mtphist.org,HSC,237015806,A82,01/01/201212 12:00:00 AM,$107280.00,$96209.00,4.0,2,4,17,31.0,804901.0,1023.0,23243.0,51089.0,16980.0,16974.0,0.0,840,1,1,1,0,"101 S MAPLE ST
MT PROSPECT, IL 60056-3229
(42.064297, -87.933934)",101 S MAPLE ST,MT PROSPECT,IL,60056-3229,"101 S MAPLE ST
MT PROSPECT, IL 60056-3229
(42.06824916700049, -87.93395356699966)"
8401900187,CLARKE COUNTY HISTORICAL SOCIETY,,,,HST,237260098,A54,01/01/201306 12:00:00 AM,$0.00,$0.00,0.0,3,4,19,39.0,960100.0,2037.0,93212.0,59835.0,,,0.0,840,1,0,0,0,"321 E MCLANE ST
OSCEOLA, IA 50213-1452
(41.030623, -93.763219)",321 E MCLANE ST,OSCEOLA,IA,50213-1452,"321 E MCLANE ST
OSCEOLA, IA 50213-1452
(41.030637697000486, -93.7607807609997)"
8404201464,FRIENDS OF FLIGHT 93 NATIONAL MEMORIAL INC,,,,HSC,270505853,A80,01/01/201209 12:00:00 AM,$120403.00,$120403.00,4.0,3,2,42,111.0,21000.0,1043.0,71776.0,71776.0,43740.0,,1.0,840,1,0,0,0,"PO BOX 911
SHANKSVILLE, PA 15501-2066
(40.013227, -79.102554)",PO BOX 911,SHANKSVILLE,PA,15501-2066,"PO BOX 911
SHANKSVILLE, PA 15501-2066
(40.00840357800047, -79.07884770199968)"
8403601170,GREENPORT HISTORICAL SOCIETY,,,,HSC,141787048,A82,01/01/201212 12:00:00 AM,$0.00,$0.00,0.0,3,2,36,21.0,1100.0,4010.0,30565.0,43511.0,26460.0,,1.0,840,1,0,0,0,"TOWN HALL DRIVE
GREENPORT, NY 12534
(42.2554847, -73.7604927)",TOWN HALL DRIVE,GREENPORT,NY,12534,"TOWN HALL DRIVE
GREENPORT, NY 12534
(42.2538533120005, -73.76132927599963)"
8404200351,WILD WOODS ANIMAL PARK,,,,ZAW,202388728,D50,01/01/201012 12:00:00 AM,$35418.00,$35418.00,3.0,4,2,42,123.0,970100.0,2065.0,48272.0,,47620.0,,1.0,840,1,0,0,0,"12 WILD WOODS LN
CLARENDON, PA 16313-2232
(41.773417, -79.133503)",12 WILD WOODS LN,CLARENDON,PA,16313-2232,"12 WILD WOODS LN
CLARENDON, PA 16313-2232
(41.68420426600045, -79.13039442799965)"
8405300613,MUIRHEAD CLAN SOCIETY,,,,HSC,912031819,A80,01/01/201202 12:00:00 AM,$0.00,$0.00,0.0,2,6,53,53.0,70313.0,5014.0,92672.0,7170.0,42660.0,45104.0,0.0,840,1,0,0,0,"6522 194TH AVE E
BONNEY LAKE, WA 98391-8835
(47.197096, -122.171703)",6522 194TH AVE E,BONNEY LAKE,WA,98391-8835,"6522 194TH AVE E
BONNEY LAKE, WA 98391-8835
(47.19722106400047, -122.17180389899971)"
8404801881,HOUSTON FIRE MUSEUM INC,HOUSTON FIRE MUSEUM,7135242526.0,http://www.houstonfiremuseum.org,GMU,760180163,A50,01/01/201212 12:00:00 AM,$320412.00,$230567.00,4.0,1,5,48,201.0,410600.0,1013.0,91835.0,35000.0,26420.0,,0.0,840,1,1,1,0,"2403 MILAM ST
HOUSTON, TX 77006-2359
(29.747469, -95.374965)",2403 MILAM ST,HOUSTON,TX,77006-2359,"2403 MILAM ST
HOUSTON, TX 77006-2359
(29.74749149200045, -95.37493793199968)"
8401900065,KINNEY PIONEER MUSEUM,,6414231258.0,,GMU,,,,,,,3,4,19,33.0,950700.0,1006.0,90720.0,14025.0,32380.0,,1.0,840,0,0,1,0,"9184 265TH ST
CLEAR LAKE, IA 50428
(43.148339, -93.336814)",9184 265TH ST,CLEAR LAKE,IA,50428,"9184 265TH ST
CLEAR LAKE, IA 50428
(43.14791112600045, -93.31034748699966)"
8403901087,THE HISTORICAL SOCIETY OF RUSSELL TOWNSHIP,,,,HSC,341661373,A80,01/01/201212 12:00:00 AM,$0.00,$0.00,0.0,4,4,39,55.0,311500.0,3019.0,69232.0,,17460.0,,0.0,840,1,0,0,0,"9520 KINSMAN ROAD
NOVELTY, OH 44072-9633
(41.463019, -81.305964)",9520 KINSMAN ROAD,NOVELTY,OH,44072-9633,"9520 KINSMAN ROAD
NOVELTY, OH 44072-9633
(41.46308813100046, -81.30289096299964)"
8405600137,WYOMING TRANSPORTATION MUSEUM CORP,,,,HST,830295570,A54,01/01/201209 12:00:00 AM,$0.00,$0.00,0.0,1,5,56,21.0,1402.0,2048.0,90715.0,13900.0,16940.0,,0.0,840,1,0,0,0,"PO BOX 704
CHEYENNE, WY 82003-0704
(41.16491, -104.787998)",PO BOX 704,CHEYENNE,WY,82003-0704,"PO BOX 704
CHEYENNE, WY 82003-0704
(41.16297144100048, -104.7854593569997)"
8405500527,WISCONSIN BLACK HISTORICAL SOCIETY,WISCONSIN BLACK HISTORICAL,4143727677.0,http://www.wbhsm.org,HSC,391626854,A82,01/01/201212 12:00:00 AM,$99991.00,$99991.00,3.0,1,4,55,79.0,8800.0,2008.0,53000.0,53000.0,33340.0,,0.0,840,1,1,1,1,"2620 W CENTER ST
MILWAUKEE, WI 53206-1155
(43.067922, -87.946789)",2620 W CENTER ST,MILWAUKEE,WI,53206-1155,"2620 W CENTER ST
MILWAUKEE, WI 53206-1155
(43.06795716300047, -87.94701049699967)"
8404700481,CONFEDERATE MEMORIAL HALL-BLEAK HOUSE,CONFEDERATE MEMORIAL HALL,8655222371.0,http://www.knoxvillecmh.org,HSC,621715462,A82,,,,,1,3,47,93.0,7100.0,1001.0,90664.0,40000.0,28940.0,,0.0,840,0,0,1,0,"3148 KINGSTON PIKE
KNOXVILLE, TN 37919-4627
(35.95014, -83.956461)",3148 KINGSTON PIKE,KNOXVILLE,TN,37919-4627,"3148 KINGSTON PIKE
KNOXVILLE, TN 37919-4627
(35.950183953000476, -83.95626092599969)"
8402000473,MUSEUM OF CHRISTIAN HISTORY,,,,GMU,481220089,A50,01/01/201112 12:00:00 AM,$0.00,$0.00,0.0,1,5,20,45.0,901.0,5010.0,38900.0,38900.0,29940.0,,0.0,840,1,0,0,0,"2518 RIDGE COURT STE 253
LAWRENCE, KS 66046-4051
(38.937937, -95.258163)",2518 RIDGE COURT STE 253,LAWRENCE,KS,66046-4051,"2518 RIDGE COURT STE 253
LAWRENCE, KS 66046-4051
(38.93740580800045, -95.2580959289997)"
8404801936,TEXAS HISTORICAL SHOOTIST SOCIETY INC,,,,HSC,760524146,,01/01/201212 12:00:00 AM,$0.00,$0.00,0.0,4,5,48,89.0,750400.0,4261.0,90800.0,,,,0.0,840,1,0,0,0,"PO BOX 151
COLUMBUS, TX 78934
(29.717833, -96.556382)",PO BOX 151,COLUMBUS,TX,78934,"PO BOX 151
COLUMBUS, TX 78934
(29.639353005000487, -96.6207762149997)"
8403900600,ANTI-SALOON LEAGUE MUSEUM,,2677828378.0,http://www.wpl.lib.oh.us/AntiSaloon,GMU,311089112,B70,,,,,2,4,39,49.0,7020.0,4038.0,83342.0,83342.0,18140.0,,0.0,840,0,0,1,0,"126 S STATE ST
WESTERVILLE, OH 43081
(40.122697, -82.930402)",126 S STATE ST,WESTERVILLE,OH,43081,"126 S STATE ST
WESTERVILLE, OH 43081
(40.122682356000496, -82.93038813799967)"
