Museum ID,Name of Institution,Alternative Name of Institution,Phone,Web URL,Museum Type,EIN,NTEECC,Tax Period of Latest Return Filled,Gross Income,Total Revenue,Income Code,NCES Locale Code,AAM Museum Region,State Code,County Code,Tract,Block,Minor Civil Division,Place Code,CBSA Code,MSAD Code,Micropolitan Area Flag,Country Code,IRS 990 Flag,IMLS Admin Data Source Flag,Third Party Source Flag,Private Grant Foundation Data Source Flag,Location ,Address,City,State,Zip Code,Location
8403600679,VOELKER ORTH MUSEUM,VOELKER ORTH MUSEUM,7189399830.0,http://www.vomueseum.org,GMU,113498583,,01/01/201207 12:00:00 AM,$118256.00,,4.0,1,2,36,81.0,115700.0,3003.0,60323.0,51000.0,35620.0,35614.0,0.0,840,1,0,1,0,"14919 38TH AVE
FLUSHING, NY 11354-4839
(40.764726, -73.816218)",14919 38TH AVE,FLUSHING,NY,11354-4839,"14919 38TH AVE
FLUSHING, NY 11354-4839
(40.76447467200046, -73.81630163699964)"
8401900264,HISTORY OF THE REPUBLIC FOUNDATION,,,,HST,274680060,A54,01/01/201212 12:00:00 AM,$732.00,$732.00,1.0,1,4,19,153.0,11021.0,1040.0,94410.0,83910.0,19780.0,,0.0,840,1,0,0,0,"PO BOX 65544
WDM, IA 50265-0544
(41.574062, -93.740142)",PO BOX 65544,WDM,IA,50265-0544,"PO BOX 65544
WDM, IA 50265-0544
(41.57437393000049, -93.70887619499968)"
8400601224,BLACK HISTORICAL AND CULTURAL SOCIETY OF THE COACHELLA VALLE,,,,HSC,330245113,A80,01/01/201012 12:00:00 AM,$0.00,$0.00,0.0,2,6,6,65.0,941300.0,1024.0,92340.0,55254.0,40140.0,,0.0,840,1,0,0,0,"450 E LAUREL CIRCLE
PALM SPRINGS, CA 92262-2236
(33.855097, -116.5426)",450 E LAUREL CIRCLE,PALM SPRINGS,CA,92262-2236,"450 E LAUREL CIRCLE
PALM SPRINGS, CA 92262-2236
(33.85505819400049, -116.54277902399969)"
8404900100,TINTIC HISTORICAL SOCIETY,,,,HSC,237456905,A82,,,,,4,6,49,23.0,10200.0,1964.0,90946.0,,39340.0,,0.0,840,1,0,0,0,"PO BOX 218
EUREKA, UT 84628
(39.92594, -112.126991)",PO BOX 218,EUREKA,UT,84628,"PO BOX 218
EUREKA, UT 84628
(39.957821383000464, -112.1052969319997)"
8401700165,FUNK PRAIRIE HOME MUSEUM,,3098276792.0,http://www.museumsusa.org/museums/info/1166074,GMU,,,,,,,4,4,17,113.0,6000.0,3124.0,28209.0,,14010.0,,0.0,840,0,0,1,0,"10875 PRAIRIE HOME LN
SHIRLEY, IL 61772
(40.386622, -89.061288)",10875 PRAIRIE HOME LN,SHIRLEY,IL,61772,"10875 PRAIRIE HOME LN
SHIRLEY, IL 61772
(40.38820090600046, -89.06006550899968)"
8402600306,GROSSE ILE HISTORICAL SOCIETY,,,,HSC,237094441,A82,01/01/201304 12:00:00 AM,$65699.00,$30295.00,3.0,2,4,26,163.0,596200.0,1013.0,35420.0,,19820.0,19804.0,0.0,840,1,0,0,0,"PO BOX 131
GROSSE ILE, MI 48138-0131
(42.130561, -83.154823)",PO BOX 131,GROSSE ILE,MI,48138-0131,"PO BOX 131
GROSSE ILE, MI 48138-0131
(42.13051289300046, -83.15491896899965)"
8403900607,HISTORIC SOUTHWEST OHIO INC,HISTORIC SOUTHWEST OHIO INC.,5135639484.0,,HSC,311106313,A82,01/01/201212 12:00:00 AM,$239592.00,$235307.00,4.0,2,4,39,61.0,23002.0,3008.0,71892.0,71892.0,17140.0,,0.0,840,1,1,0,0,"PO BOX 62475
CINCINNATI, OH 45262-0475
(39.266127, -84.413211)",PO BOX 62475,CINCINNATI,OH,45262-0475,"PO BOX 62475
CINCINNATI, OH 45262-0475
(39.269700524000484, -84.41304569099964)"
8404900147,CACHE VALLEY CENTER FOR ARTS,,4357536518.0,,GMU,742550700,,01/01/201306 12:00:00 AM,$1312723.00,$1306458.00,6.0,1,6,49,5.0,1002.0,1006.0,91763.0,45860.0,30860.0,,0.0,840,1,0,0,0,"43 S MAIN ST
LOGAN, UT 84321-4535
(41.730788, -111.835033)",43 S MAIN ST,LOGAN,UT,84321-4535,"43 S MAIN ST
LOGAN, UT 84321-4535
(41.73082524600045, -111.83504199299966)"
8404000146,SAPULPA HISTORICAL SOCIETY INC,SAPULPA HISTORICAL MUSEUM,9182244871.0,http://www.sapulpahistoricalsociety.com,HSC,237013083,A82,01/01/201212 12:00:00 AM,$93634.00,$93528.00,3.0,2,5,40,37.0,21300.0,2021.0,92743.0,65400.0,46140.0,,0.0,840,1,0,1,0,"100 E LEE AVE
SAPULPA, OK 74066-4216
(35.997287, -96.084463)",100 E LEE AVE,SAPULPA,OK,74066-4216,"100 E LEE AVE
SAPULPA, OK 74066-4216
(35.99750348400045, -96.11239988499966)"
8402300334,DEER ISLE-STONINGTON HISTORICAL SOCIETY INC,DEER ISLE-STONINGTON HISTORICAL SOCIETY,2073486400.0,http://www.dis-historicalsociety.org,HSC,16013511,A82,01/01/201307 12:00:00 AM,$59416.00,$58303.00,3.0,4,1,23,9.0,966600.0,3062.0,17145.0,,,,0.0,840,1,1,0,0,"PO BOX 652
DEER ISLE, ME 04627-0652
(44.218527, -68.657514)",PO BOX 652,DEER ISLE,ME,04627-0652,"PO BOX 652
DEER ISLE, ME 04627-0652
(44.22374095800046, -68.68028959299966)"
8405300537,GEORGETOWN POWERPLANT MUSEUM,GEORGETOWN POWERPLANT MUSEUM,2067632542.0,,SCI,911684134,A57,01/01/201212 12:00:00 AM,$144539.00,$144539.00,4.0,1,6,53,33.0,10900.0,1003.0,92928.0,63000.0,42660.0,42644.0,0.0,840,1,0,1,0,"6511 ELLIS AVE S
SEATTLE, WA 98108-2741
(47.544386, -122.3188)",6511 ELLIS AVE S,SEATTLE,WA,98108-2741,"6511 ELLIS AVE S
SEATTLE, WA 98108-2741
(47.54464984200047, -122.31874648699971)"
8401201270,CHILDRENS MUSEUM OF ST JOHNS INC,,,,CMU,830484438,A52,01/01/201206 12:00:00 AM,$104811.00,$104811.00,4.0,2,3,12,109.0,20400.0,2002.0,93016.0,62500.0,27260.0,,0.0,840,1,0,0,0,"PO BOX 209
ST AUGUSTINE, FL 32085-0209
(29.891669, -81.317067)",PO BOX 209,ST AUGUSTINE,FL,32085-0209,"PO BOX 209
ST AUGUSTINE, FL 32085-0209
(29.891723348000482, -81.31631690999967)"
8403200035,EUREKA SENTINEL MUSEUM,,7752375010.0,,GMU,,,,,,,4,6,32,11.0,100.0,2401.0,94294.0,23900.0,21220.0,,1.0,840,0,0,1,0,"10 N MONROE ST
EUREKA, NV 89316
(39.559536, -116.018677)",10 N MONROE ST,EUREKA,NV,89316,"10 N MONROE ST
EUREKA, NV 89316
(39.512448494000466, -115.9616212309997)"
8403400466,TINICUM REAR RANGE LIGHTHOUSE SOCIETY AT PAULSBORO INC,,,,GMU,223618835,A50,01/01/201212 12:00:00 AM,$4161.00,$4161.00,1.0,2,2,34,15.0,500400.0,7016.0,57150.0,57150.0,37980.0,15804.0,0.0,840,1,0,0,0,"439 GREENWICH AVE
PAULSBORO, NJ 08066-1164
(39.84276, -75.242512)",439 GREENWICH AVE,PAULSBORO,NJ,08066-1164,"439 GREENWICH AVE
PAULSBORO, NJ 08066-1164
(39.84234564200045, -75.24253610399967)"
8400800317,CRYSTAL RIVER HERITAGE ASSOCIATION,,,,HSC,550917454,A80,01/01/201208 12:00:00 AM,$0.00,$0.00,0.0,4,5,8,51.0,963900.0,1001.0,93363.0,,,,0.0,840,1,0,0,0,"832 SERPENTINE TRAIL
MARBLE, CO 81623-9041
(39.074651, -107.206751)",832 SERPENTINE TRAIL,MARBLE,CO,81623-9041,"832 SERPENTINE TRAIL
MARBLE, CO 81623-9041
(39.076513527000486, -107.20413958299969)"
8403600470,HOMER-CORTLAND COMMUNITY AGENCY,,6077539276.0,,GMU,30573516,,01/01/201212 12:00:00 AM,$409492.00,$391149.00,4.0,3,2,36,23.0,970200.0,5041.0,35287.0,,18660.0,,1.0,840,1,0,0,0,"PO BOX 162
HOMER, NY 13077-0162
(42.656632, -76.200688)",PO BOX 162,HOMER,NY,13077-0162,"PO BOX 162
HOMER, NY 13077-0162
(42.63696237500045, -76.17861744399966)"
8400800376,MONTE VISTA HISTORICAL SOCIETY,,,,HSC,742617945,,01/01/201112 12:00:00 AM,$0.00,$0.00,0.0,3,5,8,105.0,976700.0,3082.0,92527.0,51635.0,,,0.0,840,1,0,0,0,"PO BOX 323
MONTE VISTA, CO 81144
(37.577238, -106.142694)",PO BOX 323,MONTE VISTA,CO,81144,"PO BOX 323
MONTE VISTA, CO 81144
(37.57987373900045, -106.13764912799968)"
8404201587,LYKENS & WICONISCO HISTORICAL SOCIETY,,,,HSC,460916183,A54,01/01/201212 12:00:00 AM,$0.00,$0.00,0.0,4,2,42,43.0,25100.0,1100.0,45600.0,,25420.0,,0.0,840,1,0,0,0,"PO BOX 62
LYKENS, PA 17048-1704
(40.597607, -76.746869)",PO BOX 62,LYKENS,PA,17048-1704,"PO BOX 62
LYKENS, PA 17048-1704
(40.59919199100045, -76.72728886999965)"
8403900614,THURBER HOUSE,THURBER HOUSE,6144641032.0,,HSC,311136182,A54,01/01/201212 12:00:00 AM,$588710.00,$566532.00,5.0,1,4,39,49.0,3000.0,3068.0,18000.0,18000.0,18140.0,,0.0,840,0,1,0,1,"77 JEFFERSON AVE.
COLUMBUS, OH 43215
(39.965493, -82.984956)",77 JEFFERSON AVE.,COLUMBUS,OH,43215,"77 JEFFERSON AVE.
COLUMBUS, OH 43215
(39.96580375700046, -82.98496573199964)"
8401900071,JENS OTTO CHRISTIANSEN HOUSE,,7127646082.0,http://iowabeautiful.com/central-iowa-tourism/223-bedstemor-s-house-elk-horn-iowa.html,HSC,,,,,,,4,4,19,165.0,960100.0,1099.0,90693.0,24780.0,,,0.0,840,0,0,1,0,"2105 COLLEGE ST
ELK HORN, IA 51531
(41.591148, -95.060017)",2105 COLLEGE ST,ELK HORN,IA,51531,"2105 COLLEGE ST
ELK HORN, IA 51531
(41.59376752600048, -95.06015682299966)"
8400601618,SAN BENITO COUNTY ARTS COUNCIL,,8316362787.0,,ART,571241278,A20,01/01/201206 12:00:00 AM,$58563.00,$58563.00,3.0,3,6,6,69.0,100.0,2054.0,91300.0,34120.0,41940.0,,0.0,840,1,0,0,0,"PO BOX 692
HOLLISTER, CA 95024-0692
(36.858309, -121.395139)",PO BOX 692,HOLLISTER,CA,95024-0692,"PO BOX 692
HOLLISTER, CA 95024-0692
(36.858613592000495, -121.39973883499971)"
8405300326,CONNELL HERITAGE FOUNDATION,,,,HST,731644350,A54,01/01/201212 12:00:00 AM,$40709.00,$39318.00,3.0,4,6,53,21.0,20800.0,3105.0,90752.0,,28420.0,,0.0,840,1,0,0,0,"PO BOX 1185
CONNELL, WA 99326-1185
(46.697068, -118.962719)",PO BOX 1185,CONNELL,WA,99326-1185,"PO BOX 1185
CONNELL, WA 99326-1185
(46.6603982470005, -118.86108688999968)"
8402600890,THE GREAT LAKES CHILDRENS MUSEUM,GREAT LAKES CHILDREN'S MUSEUM,2319324526.0,http://www.GreatLakesKids.org,CMU,383430004,A52,01/01/201306 12:00:00 AM,$334142.00,$123139.00,4.0,3,4,26,89.0,970600.0,3051.0,25700.0,35300.0,45900.0,,1.0,840,1,0,1,0,"13240 S WEST BAY SHORE DR
TRAVERSE CITY, MI 49684-5570
(44.78809, -85.638001)",13240 S WEST BAY SHORE DR,TRAVERSE CITY,MI,49684-5570,"13240 S WEST BAY SHORE DR
TRAVERSE CITY, MI 49684-5570
(44.78624999100049, -85.63785956199968)"
8403100095,BOYS TOWN HALL OF HISTORY AND FATHER FLANAGAN HOUSE,BOYS TOWN HALL OF HISTORY AND FATHER FLANAGAN HOUSE,4024981186.0,,HSC,,,,,,,2,5,31,55.0,7405.0,3054.0,91880.0,6015.0,36540.0,,0.0,840,0,1,0,0,"14057 FLANAGAN BOULEVARD
BOYS TOWN, NE 68010
(41.260623, -96.132327)",14057 FLANAGAN BOULEVARD,BOYS TOWN,NE,68010,"14057 FLANAGAN BOULEVARD
BOYS TOWN, NE 68010
(41.26044498300047, -96.13212997799968)"
8403600886,ARTS ALLIANCE HAVERSTRAW  INC,ARTS ALLIANCE OF HAVERSTRAW,8457860253.0,http://www.arts-alliance.org,GMU,133651505,,01/01/201212 12:00:00 AM,$69445.00,$69445.00,3.0,2,2,36,87.0,10702.0,1007.0,32765.0,32754.0,35620.0,35614.0,0.0,840,1,0,1,0,"91 BROADWAY
HAVERSTRAW, NY 10927-1144
(41.199608, -73.965525)",91 BROADWAY,HAVERSTRAW,NY,10927-1144,"91 BROADWAY
HAVERSTRAW, NY 10927-1144
(41.2000106320005, -73.96582550699964)"
8403300096,STRAWBERRY BANKE MUSEUM,STRAWBERY BANKE,,http://www.strawberybanke.org,HST,20260158,A54,01/01/201303 12:00:00 AM,$2992875.00,$2432526.00,6.0,2,1,33,15.0,69100.0,3019.0,62900.0,62900.0,14460.0,40484.0,0.0,840,1,1,0,1,"17 HANCOCK ST - 2ND FLOOR
PORTSMOUTH, NH 03801-4611
(43.074413, -70.754004)",17 HANCOCK ST - 2ND FLOOR,PORTSMOUTH,NH,03801-4611,"17 HANCOCK ST - 2ND FLOOR
PORTSMOUTH, NH 03801-4611
(43.07502216600045, -70.75316195199963)"
8405500185,FAMILY FARM OF OZAUKEE COUNTY FOUNDATION INC,FAMILY FARM,2623776161.0,http://familyfarm.net,GMU,205076035,A50,01/01/201012 12:00:00 AM,$0.00,$0.00,0.0,4,4,55,89.0,640200.0,2025.0,30025.0,,33340.0,,0.0,840,1,0,1,0,"328 N PORT WASHINGTON ROAD
GRAFTON, WI 53024-9767
(43.286997, -87.924633)",328 N PORT WASHINGTON ROAD,GRAFTON,WI,53024-9767,"328 N PORT WASHINGTON ROAD
GRAFTON, WI 53024-9767
(43.28767616800047, -87.92461106899964)"
8401500035,FRIENDS OF OLD MAUI HIGH SCHOOL,,,,HSC,201622825,A80,01/01/201112 12:00:00 AM,$79389.00,$79389.00,3.0,4,6,15,9.0,30501.0,1005.0,92250.0,60200.0,27980.0,,0.0,840,1,0,0,0,"PO BOX 792165
PAIA, HI 96779-2165
(20.913658, -156.378914)",PO BOX 792165,PAIA,HI,96779-2165,"PO BOX 792165
PAIA, HI 96779-2165
(20.91304347600044, -156.37874838099975)"
8405100829,GLASS-GLEN BURNIE MUSEUM INC,,,,ART,541857973,A51,01/01/201306 12:00:00 AM,$21151609.00,$6627158.00,8.0,1,3,51,840.0,202.0,4000.0,96427.0,86720.0,49020.0,,0.0,840,1,0,0,0,"901 AMHERST ST
WINCHESTER, VA 22601-3305
(39.1887, -78.179847)",901 AMHERST ST,WINCHESTER,VA,22601-3305,"901 AMHERST ST
WINCHESTER, VA 22601-3305
(39.189384205000465, -78.18148971699964)"
8405300133,BUG MUSEUM,,8008704284.0,http://www.BugMuseum.com,GMU,,,,,,,2,6,53,35.0,81000.0,3025.0,90288.0,48225.0,14740.0,,0.0,840,0,0,1,0,"1118 CHARLESTON BEACH RD W
BREMERTON, WA 98312
(47.554223, -122.659478)",1118 CHARLESTON BEACH RD W,BREMERTON,WA,98312,"1118 CHARLESTON BEACH RD W
BREMERTON, WA 98312
(47.55395338000051, -122.6599748809997)"
8402500554,ATTLEBORO HISTORIC PRESERVATION SOCIETY INC,,,,HSC,43476726,A80,01/01/201212 12:00:00 AM,$0.00,$0.00,0.0,2,1,25,5.0,631400.0,2005.0,2690.0,2690.0,39300.0,,0.0,840,1,0,0,0,"28 SANFORD ST
ATTLEBORO, MA 02703-2210
(41.945882, -71.284181)",28 SANFORD ST,ATTLEBORO,MA,02703-2210,"28 SANFORD ST
ATTLEBORO, MA 02703-2210
(41.94580096600049, -71.28464841599964)"
8401300508,WILLIAM H REYNOLDS MEMORIAL NATURE PRESERVE INC,REYNOLDS NATURE PRESERVE,7706034188.0,http://reynoldsnaturepreserve.org,ZAW,581871964,A82,01/01/201212 12:00:00 AM,$17218.00,$17218.00,2.0,2,3,13,63.0,40408.0,1012.0,91200.0,53004.0,12060.0,,0.0,840,1,1,1,0,"5665 REYNOLDS RD
MORROW, GA 30260-3731
(33.601911, -84.348058)",5665 REYNOLDS RD,MORROW,GA,30260-3731,"5665 REYNOLDS RD
MORROW, GA 30260-3731
(33.60082226500049, -84.34577429299964)"
8401900251,IMMANUEL PRESERVATION SOCIETY INC,,,,HSC,270644603,A80,01/01/201312 12:00:00 AM,$0.00,$0.00,0.0,4,4,19,55.0,950100.0,1030.0,90783.0,15015.0,,,0.0,840,1,0,0,0,"PO BOX 177
COLESBURG, IA 52035-0177
(42.639367, -91.200667)",PO BOX 177,COLESBURG,IA,52035-0177,"PO BOX 177
COLESBURG, IA 52035-0177
(42.63850050700046, -91.20212962399967)"
8401701254,SNAPSHOT NATION NFP,,,,HSC,450581153,A80,01/01/201212 12:00:00 AM,$2550.00,$2550.00,1.0,1,4,17,31.0,830900.0,2013.0,14000.0,14000.0,16980.0,16974.0,0.0,840,1,0,0,0,"2529 N CAMPBELL AVE
CHICAGO, IL 60647-1920
(41.928301, -87.690171)",2529 N CAMPBELL AVE,CHICAGO,IL,60647-1920,"2529 N CAMPBELL AVE
CHICAGO, IL 60647-1920
(41.927570922000484, -87.69012390799969)"
8400600570,AMERICAN SOCIETY OF MILITARY HISTORY AND MUSEUM,,2137461776.0,http://www.legion.org,HSC,,,,,,,1,6,6,37.0,224600.0,2000.0,91750.0,44000.0,31080.0,31084.0,0.0,840,0,0,1,0,"2615 S GRAND AVE
LOS ANGELES, CA 90007
(34.025861, -118.272667)",2615 S GRAND AVE,LOS ANGELES,CA,90007,"2615 S GRAND AVE
LOS ANGELES, CA 90007
(34.02636136400048, -118.2723801739997)"
8402500757,LOWELL HERITAGE PARTNERSHIP INC,,,,HSC,200317624,A80,01/01/201306 12:00:00 AM,$57495.00,$57495.00,3.0,2,1,25,17.0,310100.0,3001.0,37000.0,37000.0,14460.0,15764.0,0.0,840,1,0,0,0,"PO BOX 8744
LOWELL, MA 01853-8744
(42.649053, -71.312509)",PO BOX 8744,LOWELL,MA,01853-8744,"PO BOX 8744
LOWELL, MA 01853-8744
(42.64825069900047, -71.31477932199965)"
8402500480,REVERE SOCIETY FOR CULTURAL PRESERVATION,,7812849366.0,,HSC,43236400,A82,,,,,2,1,25,25.0,170400.0,2006.0,56585.0,56585.0,14460.0,14454.0,0.0,840,1,0,0,0,"PO BOX 44
REVERE, MA 02151-0001
(42.415785, -71.001608)",PO BOX 44,REVERE,MA,02151-0001,"PO BOX 44
REVERE, MA 02151-0001
(42.41169122600047, -70.99535625199962)"
8404500374,MUSEUM-GREENWOOD S C,,,,HST,576030069,A54,01/01/201212 12:00:00 AM,$226339.00,$204534.00,4.0,3,3,45,47.0,970500.0,5011.0,91378.0,30895.0,24940.0,,1.0,840,1,0,0,0,"205 MAIN ST
GREENWOOD, SC 29648-3131
(34.191095, -82.160436)",205 MAIN ST,GREENWOOD,SC,29648-3131,"205 MAIN ST
GREENWOOD, SC 29648-3131
(34.191615277000494, -82.16014291399966)"
8403901039,NEW LONDON AREA HISTORICAL SOCIETY,,4199293674.0,,HSC,341516251,A82,01/01/201212 12:00:00 AM,$10503.00,$10443.00,2.0,4,4,39,77.0,916600.0,3006.0,54922.0,54908.0,35940.0,,1.0,840,1,0,0,0,"210 E MAIN ST
NEW LONDON, OH 44851-1154
(41.087506, -82.402847)",210 E MAIN ST,NEW LONDON,OH,44851-1154,"210 E MAIN ST
NEW LONDON, OH 44851-1154
(41.084553205000475, -82.39042292699963)"
8403700594,OUTER BANKS HISTORY CENTER ASSOC,,,,HSC,561740710,A80,01/01/201306 12:00:00 AM,$12276.00,$12276.00,2.0,3,3,37,55.0,970601.0,3014.0,92196.0,41060.0,28620.0,,1.0,840,1,0,0,0,"PO BOX 250
MANTEO, NC 27954-0250
(35.910702, -75.678278)",PO BOX 250,MANTEO,NC,27954-0250,"PO BOX 250
MANTEO, NC 27954-0250
(35.91109392500044, -75.67696919399964)"
8402700719,LAKE PARK AREA HISTORICAL SOCIETY,,2182385896.0,,BOT,800783768,,,,,,4,4,27,5.0,450900.0,3034.0,34784.0,34784.0,,,0.0,840,1,0,0,0,"PO BOX 193
LAKE PARK, MN 56554
(46.881897, -96.095222)",PO BOX 193,LAKE PARK,MN,56554,"PO BOX 193
LAKE PARK, MN 56554
(46.83226749100049, -96.1034976419997)"
8401200590,HISTORIC HOUSING FOUNDATION,,,http://www.thehhf.org,HSC,454745084,,01/01/201212 12:00:00 AM,$0.00,$0.00,0.0,2,3,12,95.0,14808.0,1090.0,93198.0,,36740.0,,0.0,840,1,0,0,0,"3438 KING GEORGE DR
ORLANDO, FL 32835
(28.50332, -81.504919)",3438 KING GEORGE DR,ORLANDO,FL,32835,"3438 KING GEORGE DR
ORLANDO, FL 32835
(28.503440989000467, -81.50494175799963)"
8403600209,MARINE MUSEUM LEE H WHITE,,3153420480.0,http://www.hleewhitemarinemuseum.com,GMU,,,,,,,3,2,36,75.0,21605.0,1059.0,55574.0,55574.0,45060.0,,0.0,840,0,0,1,0,"1 E 1ST ST
OSWEGO, NY 13126
(43.4652, -76.516369)",1 E 1ST ST,OSWEGO,NY,13126,"1 E 1ST ST
OSWEGO, NY 13126
(43.4607346140005, -76.50942913099965)"
8401701031,JASPER CO HISTORICAL AND GENEALOGICAL SOCIETY,,,,HSC,371126802,,,,,,3,4,17,79.0,977400.0,2007.0,78357.0,52844.0,,,0.0,840,1,0,0,0,"100 S VAN BUREN ST
NEWTON, IL 62448
(38.980041, -88.157914)",100 S VAN BUREN ST,NEWTON,IL,62448,"100 S VAN BUREN ST
NEWTON, IL 62448
(38.99082076300044, -88.16114196399968)"
8405500688,TREMTEALEAU COMMUNITY HERITAGE SOCIETY INC,,,,HSC,391971655,A80,01/01/201312 12:00:00 AM,$0.00,$0.00,0.0,4,4,55,121.0,100700.0,1199.0,80500.0,,,,0.0,840,1,0,0,0,"PO BOX 81
TREMPEALEAU, WI 54661-0081
(44.021359, -91.440018)",PO BOX 81,TREMPEALEAU,WI,54661-0081,"PO BOX 81
TREMPEALEAU, WI 54661-0081
(44.00537402200047, -91.44229979599965)"
8400602843,WAR BETWEEN THE STATES HISTORICAL ASSOCIATION,,,http://www.wbsha.org,HSC,954607991,,,,,,1,6,6,37.0,113212.0,1001.0,92785.0,44000.0,31080.0,31084.0,0.0,840,1,0,0,0,"21910 GERMAIN STREET
CHATSWORTH, CA 91311-9131
(34.262733, -118.605031)",21910 GERMAIN STREET,CHATSWORTH,CA,91311-9131,"21910 GERMAIN STREET
CHATSWORTH, CA 91311-9131
(34.26270353900048, -118.60500899099969)"
8402700460,INTERNATIONAL SPECIES INFORMATION SYSTE,INTERNATIONAL SPECIES INFORMATION SYSTE,,http://www.isis.org,ART,411637575,,01/01/201212 12:00:00 AM,$4091664.00,$4091664.00,6.0,1,4,27,53.0,25100.0,3033.0,6616.0,6616.0,33460.0,,0.0,840,0,1,0,0,"7900 INTERNATIONAL DRIVE
MINNEAPOLIS, MN 55425-2456
(44.860793, -93.226057)",7900 INTERNATIONAL DRIVE,MINNEAPOLIS,MN,55425-2456,"7900 INTERNATIONAL DRIVE
MINNEAPOLIS, MN 55425-2456
(44.85995106100046, -93.22593930499966)"
8403900522,INDIAN HILL HISTORICAL MUSEUM ASSOCIATION,"INDIAN HILL HISTORICAL SOCIETY, SCHOOLH",,http://www.indianhill.org,HSC,310845313,A82,01/01/201303 12:00:00 AM,$105349.00,$103882.00,4.0,4,4,39,61.0,24400.0,6001.0,76582.0,76582.0,17140.0,,0.0,840,1,0,1,0,"8100 GIVEN RD
CINCINNATI, OH 45243-1520
(39.204698, -84.324352)",8100 GIVEN RD,CINCINNATI,OH,45243-1520,"8100 GIVEN RD
CINCINNATI, OH 45243-1520
(39.20320626500046, -84.32446543299966)"
8400800426,CHILDRENS MUSEUM OF DENVER INC,THE CHILDREN'S MUSEUM OF DENVER,,http://www.mychildsmuseum.org,CMU,840658142,A52,01/01/201306 12:00:00 AM,$5828008.00,$5399970.00,7.0,1,5,8,31.0,600.0,1031.0,91007.0,20000.0,19740.0,,0.0,840,1,1,1,1,"2121 CHILDRENS MUSEUM DR
DENVER, CO 80211-5221
(39.751039, -105.015708)",2121 CHILDRENS MUSEUM DR,DENVER,CO,80211-5221,"2121 CHILDRENS MUSEUM DR
DENVER, CO 80211-5221
(39.7499995980005, -105.01650433099968)"
8404500032,MUSEUM OF YORK COMPANY,MCCELVEY CENTER,8036282583.0,http://chmuseums.org/ourmuseums/mccelvey/index.htm,GMU,,,,,,,3,3,45,91.0,61602.0,4019.0,93822.0,79630.0,16740.0,,0.0,840,0,0,1,0,"212 E JEFFERSON ST
YORK, SC 29745
(34.990086, -81.239141)",212 E JEFFERSON ST,YORK,SC,29745,"212 E JEFFERSON ST
YORK, SC 29745
(34.99053156500048, -81.24015943599966)"
8401900290,RUMELY PRODUCTS COLLECTORS INC,,,,HSC,383218378,A80,01/01/201312 12:00:00 AM,$0.00,$0.00,0.0,2,4,19,113.0,10600.0,1096.0,92976.0,,16300.0,,0.0,840,1,0,0,0,"9189 DEER RIDGE DR
CEDAR RAPIDS, IA 52411-8051
(42.06651, -91.751751)",9189 DEER RIDGE DR,CEDAR RAPIDS,IA,52411-8051,"9189 DEER RIDGE DR
CEDAR RAPIDS, IA 52411-8051
(42.06714885100047, -91.7517876339997)"
8402900207,RAY COUNTY HISTORICAL SOCIETY AND MUSEUM INC,RAY COUNTY HISTORICAL SOCIETY AND MUSEUM,8167762305.0,,HSC,237398684,A50,01/01/201212 12:00:00 AM,$0.00,$0.00,0.0,3,4,29,177.0,80200.0,3004.0,61688.0,61670.0,28140.0,,0.0,840,1,1,0,0,"901 WEST ROYLE STREET
RICHMOND, MO 64085
(39.274825, -93.988814)",901 WEST ROYLE STREET,RICHMOND,MO,64085,"901 WEST ROYLE STREET
RICHMOND, MO 64085
(39.27379830600046, -93.98850502599964)"
8400400154,COMMEMORATIVE AIR FORCE,COMMOMORATIVE AIR FORCE MUSEUM,4809241940.0,http://www.azcaf.org,GMU,263043675,A50,01/01/201112 12:00:00 AM,$0.00,$0.00,0.0,1,6,4,13.0,420206.0,1061.0,92601.0,46000.0,38060.0,,0.0,840,1,0,1,0,"2017 N GREENFIELD RD
MESA, AZ 85215-2401
(33.453302, -111.735997)",2017 N GREENFIELD RD,MESA,AZ,85215-2401,"2017 N GREENFIELD RD
MESA, AZ 85215-2401
(33.45222581800044, -111.73600401199968)"
8404100491,WILLOW CREEK RAILROAD,,,,GMU,931225968,A50,01/01/201212 12:00:00 AM,$0.00,$0.00,0.0,1,6,41,51.0,3501.0,2004.0,92518.0,59000.0,38900.0,,0.0,840,1,0,0,0,"2627 N WILLAMETTE BLVD
PORTLAND, OR 97217-4117
(45.56203, -122.694004)",2627 N WILLAMETTE BLVD,PORTLAND,OR,97217-4117,"2627 N WILLAMETTE BLVD
PORTLAND, OR 97217-4117
(45.5620465450005, -122.6941889199997)"
8401700094,MARTIN HOUSE MUSEUM,,8155892997.0,,GMU,,,,,,,3,4,17,195.0,500.0,2047.0,28157.0,28144.0,44580.0,,1.0,840,0,0,1,0,"707 10TH AVE
FULTON, IL 61252
(41.867209, -90.162133)",707 10TH AVE,FULTON,IL,61252,"707 10TH AVE
FULTON, IL 61252
(41.867217370000446, -90.16216582899966)"
8401700813,ELMHURST ART MUSEUM,ELMHURST ART MUSEUM,6308340202.0,http://www.elmhurstartmuseum.org,ART,364096612,A51,01/01/201206 12:00:00 AM,$1609016.00,$727516.00,6.0,2,4,17,43.0,842900.0,3006.0,83947.0,23620.0,16980.0,16974.0,0.0,840,1,1,1,0,"150 S COTTAGE HL AVE
ELMHURST, IL 60126-3329
(41.897849, -87.943601)",150 S COTTAGE HL AVE,ELMHURST,IL,60126-3329,"150 S COTTAGE HL AVE
ELMHURST, IL 60126-3329
(41.89824194100049, -87.94247617699966)"
8402300297,OPERA HOUSE ARTS,OPERA HOUSE ARTS,,,HSC,10526734,A82,01/01/201210 12:00:00 AM,$915841.00,$840258.00,5.0,4,1,23,9.0,966600.0,1075.0,74580.0,,,,0.0,840,0,0,0,1,"STONINGTON, ME 04681-0056
(44.162298, -68.67033)",,STONINGTON,ME,04681-0056,"STONINGTON, ME 04681-0056
(44.154034037000486, -68.67312902499964)"
8400601283,ARTESIA HISTORICAL SOCIETY,,,,HSC,330583639,A80,01/01/201306 12:00:00 AM,$18986.00,$18986.00,2.0,2,6,6,37.0,554900.0,4005.0,90730.0,2896.0,31080.0,31084.0,0.0,840,1,0,0,0,"PO BOX 83
ARTESIA, CA 90702-0083
(33.865744, -118.084047)",PO BOX 83,ARTESIA,CA,90702-0083,"PO BOX 83
ARTESIA, CA 90702-0083
(33.865760854000484, -118.08390881299971)"
8403300381,SMITHSONIAN MUSEUM AND THEATRE INC,,,,GMU,461677217,A50,,,,0.0,2,1,33,15.0,100400.0,4024.0,66660.0,,14460.0,40484.0,0.0,840,1,0,0,0,"4 OLD COACH RD
SALEM, NH 03079-3431
(42.775602, -71.191324)",4 OLD COACH RD,SALEM,NH,03079-3431,"4 OLD COACH RD
SALEM, NH 03079-3431
(42.775526442000455, -71.19017946999963)"
8405300428,PORT TOWNSEND MARINE SCIENCE CENTER,PORT TOWNSEND MARINE SCIENCE CENTER,3603855582.0,http://www.ptmsc.org,GMU,911193699,,01/01/201212 12:00:00 AM,$623236.00,$578996.00,5.0,3,6,53,31.0,950601.0,1011.0,90898.0,55855.0,,,0.0,840,0,1,0,0,"532 BATTERY WAY
PORT TOWNSEND, WA 98368
(48.134224, -122.764801)",532 BATTERY WAY,PORT TOWNSEND,WA,98368,"532 BATTERY WAY
PORT TOWNSEND, WA 98368
(48.13641570700048, -122.7700487089997)"
8404201284,NORWIN HISTORICAL SOCIETY INC,,,,HSC,251750991,A82,01/01/201212 12:00:00 AM,$0.00,$0.00,0.0,2,2,42,129.0,803502.0,1001.0,55128.0,,38300.0,,0.0,840,1,0,0,0,"PO BOX 623
IRWIN, PA 15642-0623
(40.323777, -79.716994)",PO BOX 623,IRWIN,PA,15642-0623,"PO BOX 623
IRWIN, PA 15642-0623
(40.32543255100046, -79.72234734299968)"
8401700466,HUNTLEY HISTORICAL SOCIETY,,,,HSC,264439488,A80,01/01/201212 12:00:00 AM,$0.00,$0.00,0.0,2,4,17,111.0,871500.0,3062.0,30666.0,36750.0,16980.0,16974.0,0.0,840,1,0,0,0,"PO BOX 92
HUNTLEY, IL 60142-0092
(42.166888, -88.431384)",PO BOX 92,HUNTLEY,IL,60142-0092,"PO BOX 92
HUNTLEY, IL 60142-0092
(42.16904005600048, -88.42637942499965)"
8402900127,POPLAR BLUFF HISTORIC DEPOT RESTORATION CORPORATION,,,,HST,10668810,A54,01/01/201212 12:00:00 AM,$0.00,$0.00,0.0,3,4,29,23.0,950500.0,3028.0,59114.0,59096.0,38740.0,,1.0,840,1,0,0,0,"POST OFFICE BOX 33
POPLAR BLUFF, MO 63902-0033
(36.755715, -90.394489)",POST OFFICE BOX 33,POPLAR BLUFF,MO,63902-0033,"POST OFFICE BOX 33
POPLAR BLUFF, MO 63902-0033
(36.755680414000494, -90.39458864999966)"
8404700258,TENNESSE EAGLE FORUM,,,,HSC,470907634,A80,01/01/201212 12:00:00 AM,$0.00,$0.00,0.0,1,3,47,37.0,15618.0,4010.0,95510.0,52006.0,34980.0,,0.0,840,1,0,0,0,"3216 BLUEWATER TRACE
NASHVILLE, TN 37217-4219
(36.079449, -86.615758)",3216 BLUEWATER TRACE,NASHVILLE,TN,37217-4219,"3216 BLUEWATER TRACE
NASHVILLE, TN 37217-4219
(36.07925735400045, -86.61619014999968)"
8404801988,HUGH TOWNLEY FOUNDATION,,,,ART,800240436,A51,01/01/201212 12:00:00 AM,$0.00,$0.00,0.0,1,5,48,113.0,2100.0,2023.0,92792.0,19000.0,19100.0,19124.0,0.0,840,1,0,0,0,"3100 LINCOLN PLAZA 500 N AKARD ST
DALLAS, TX 75201
(32.78261, -96.800098)",3100 LINCOLN PLAZA 500 N AKARD ST,DALLAS,TX,75201,"3100 LINCOLN PLAZA 500 N AKARD ST
DALLAS, TX 75201
(32.783879373000445, -96.80048024999968)"
8404800086,OLD CITY CEMETERY CENTER,BROWNSVILLE PUBLIC SAFETY MUSEUM,9565411167.0,,GMU,,,,,,,1,5,48,61.0,13801.0,2022.0,90480.0,10768.0,15180.0,,0.0,840,0,0,1,0,"600 E JACKSON ST
BROWNSVILLE, TX 78520
(25.908475, -97.49794)",600 E JACKSON ST,BROWNSVILLE,TX,78520,"600 E JACKSON ST
BROWNSVILLE, TX 78520
(25.908707114000435, -97.49820353399969)"
8405100706,LINCOLN THEATRE INC,,,,HSC,541477479,A80,01/01/201212 12:00:00 AM,$458960.00,$458960.00,4.0,3,3,51,173.0,30301.0,1083.0,94991.0,49464.0,,,0.0,840,1,0,0,0,"PO BOX 664
MARION, VA 24354-0664
(36.827947, -81.533748)",PO BOX 664,MARION,VA,24354-0664,"PO BOX 664
MARION, VA 24354-0664
(36.832804260000444, -81.51696925799968)"
8403700104,"GEM AND MINERAL SOCIETY OF FRANKLIN, NE",,8283697831.0,http://fgmm.org,HSC,,,,,,,3,3,37,113.0,970301.0,4071.0,91156.0,24640.0,,,0.0,840,0,0,1,0,"25 PHILLIPS ST
FRANKLIN, NC 28734
(35.180348, -83.380482)",25 PHILLIPS ST,FRANKLIN,NC,28734,"25 PHILLIPS ST
FRANKLIN, NC 28734
(35.181298032000484, -83.38095709299967)"
8403600872,GARDEN CONSERVANCY,GARDEN CONSERVANCY,8454246500.0,http://gardenconservancy.org,HSC,133570145,C40,01/01/201212 12:00:00 AM,$1103791.00,$1077827.00,6.0,3,2,36,79.0,10700.0,1001.0,57584.0,49781.0,35620.0,20524.0,0.0,840,0,0,0,1,"PO BOX 219
COLD SPRING, NY 10516
(41.427738, -73.942463)",PO BOX 219,COLD SPRING,NY,10516,"PO BOX 219
COLD SPRING, NY 10516
(41.44158427600047, -73.93401952999966)"
8403100019,PIONEER TRAILS MUSEUM,,3082621117.0,,GMU,,,,,,,4,5,31,123.0,952500.0,2469.0,92150.0,,,,0.0,840,0,0,1,0,"HIGHWAY 26
BRIDGEPORT, NE 69336
(41.6719038, -103.0702164)",HIGHWAY 26,BRIDGEPORT,NE,69336,"HIGHWAY 26
BRIDGEPORT, NE 69336
(41.62971202600045, -102.9640781229997)"
8402700348,MARSHALL COUNTY HISTORICAL SOCIETY,,2187454803.0,,HSC,411283376,A82,01/01/201209 12:00:00 AM,$57713.00,$50454.00,3.0,4,4,27,89.0,80400.0,3049.0,68170.0,68170.0,,,0.0,840,1,0,0,0,"PO BOX 103
WARREN, MN 56762-0103
(48.19447, -96.760588)",PO BOX 103,WARREN,MN,56762-0103,"PO BOX 103
WARREN, MN 56762-0103
(48.196509722000485, -96.77460770699969)"
8401700433,GRANT PARK AREA HISTORICAL SOCIETY INC,,,,HSC,260326599,A80,01/01/201212 12:00:00 AM,$0.00,$0.00,0.0,4,4,17,91.0,10100.0,2027.0,73690.0,,28100.0,,0.0,840,1,0,0,0,"8616 N 11000 E ROAD
GRANT PARK, IL 60940-5263
(41.244314, -87.639286)",8616 N 11000 E ROAD,GRANT PARK,IL,60940-5263,"8616 N 11000 E ROAD
GRANT PARK, IL 60940-5263
(41.246149243000445, -87.66400489699964)"
8404400155,FRIENDS OF CANONCHET FARM,,,,GMU,208541904,A80,01/01/201212 12:00:00 AM,$0.00,$0.00,0.0,2,1,44,9.0,51503.0,2027.0,48340.0,48700.0,39300.0,,0.0,840,1,0,0,0,"PO BOX 418
NARRAGANSETT, RI 02882-0418
(41.429487, -71.461021)",PO BOX 418,NARRAGANSETT,RI,02882-0418,"PO BOX 418
NARRAGANSETT, RI 02882-0418
(41.43101047900046, -71.45715645899963)"
8402900375,EUGENE FIELD HOUSE,EUGENE FIELD HOUSE AND ST LOUIS,3144214689.0,http://www.eugenefieldhouse.org,GMU,431229351,,01/01/201304 12:00:00 AM,$207799.00,$141590.00,4.0,1,4,29,510.0,127400.0,1027.0,65000.0,65000.0,41180.0,,0.0,840,1,1,1,0,"634 S BROADWAY
SAINT LOUIS, MO 63102-1613
(38.620308, -90.192017)",634 S BROADWAY,SAINT LOUIS,MO,63102-1613,"634 S BROADWAY
SAINT LOUIS, MO 63102-1613
(38.620068140000456, -90.19211922399967)"
8401000047,UNDERGROUND RAILROAD COALITION OF DELAWARE NORTHEAST UNDERGR,,,,HSC,271018198,A80,01/01/201212 12:00:00 AM,$0.00,$0.00,0.0,1,2,10,1.0,41300.0,1006.0,90740.0,21200.0,20100.0,,0.0,840,1,0,0,0,"PO BOX 216
DOVER, DE 19903-0216
(39.158028, -75.523283)",PO BOX 216,DOVER,DE,19903-0216,"PO BOX 216
DOVER, DE 19903-0216
(39.1653639110005, -75.50783985999965)"
8405100903,MINERAL HISTORIC FOUNDATION,,,,HSC,542008869,A80,01/01/201207 12:00:00 AM,$0.00,$0.00,0.0,4,3,51,109.0,950202.0,1166.0,94711.0,,,,0.0,840,1,0,0,0,"210 SPRING ROAD
MINERAL, VA 23117-4202
(38.012234, -77.888101)",210 SPRING ROAD,MINERAL,VA,23117-4202,"210 SPRING ROAD
MINERAL, VA 23117-4202
(38.01099263000049, -77.88892397399968)"
8403700651,THE LYNNWOOD FOUNDATION,LYNNWOOD FOUNDATION,7043754400.0,,HSC,561987315,A82,01/01/201212 12:00:00 AM,$4476342.00,$4440462.00,6.0,1,3,37,119.0,2701.0,2013.0,93268.0,12000.0,16740.0,,0.0,840,1,0,1,1,"400 HERMITAGE RD
CHARLOTTE, NC 28207-1842
(35.197688, -80.824813)",400 HERMITAGE RD,CHARLOTTE,NC,28207-1842,"400 HERMITAGE RD
CHARLOTTE, NC 28207-1842
(35.201614608000455, -80.82665764399968)"
8402500696,FRAMINGHAM HISTORICAL AND NATURAL HISTORY SOCIETY,,,,HSC,46121840,A82,01/01/201212 12:00:00 AM,$331722.00,$194254.00,4.0,1,1,25,17.0,383600.0,4045.0,24925.0,24960.0,14460.0,15764.0,0.0,840,1,0,0,0,"PO BOX 2032
FRAMINGHAM, MA 01703-2032
(42.300025, -71.433177)",PO BOX 2032,FRAMINGHAM,MA,01703-2032,"PO BOX 2032
FRAMINGHAM, MA 01703-2032
(42.299950724000496, -71.43135581699966)"
8405300043,ROSLYN MUSEUM,,5096492355.0,,GMU,,,,,,,3,6,53,37.0,975100.0,4075.0,90624.0,12945.0,21260.0,,1.0,840,0,0,1,0,"203 N PENNSYLVANIA AVE
CLE ELUM, WA 98922
(47.222022, -120.995548)",203 N PENNSYLVANIA AVE,CLE ELUM,WA,98922,"203 N PENNSYLVANIA AVE
CLE ELUM, WA 98922
(47.195027042000504, -120.9384215119997)"
8403600409,ADIRONDACK CENTER-COUNSELING,,5188736466.0,http://www.adkhistorycenter.org,GMU,,,,,,,4,2,36,31.0,960900.0,3049.0,23833.0,23822.0,,,0.0,840,0,0,1,0,"7590 COURT ST
ELIZABETHTOWN, NY 12932-2602
(44.225618, -73.599458)",7590 COURT ST,ELIZABETHTOWN,NY,12932-2602,"7590 COURT ST
ELIZABETHTOWN, NY 12932-2602
(44.215545799000495, -73.59164210099965)"
8404200321,MOUNT PLEASANT FOUNDATION,,,,HST,141847428,A54,01/01/201212 12:00:00 AM,$137287.00,,4.0,2,2,42,91.0,202100.0,1027.0,38000.0,38000.0,37980.0,33874.0,0.0,840,1,0,0,0,"106 YORK RD
JENKINTOWN, PA 19046-3233
(40.093401, -75.125308)",106 YORK RD,JENKINTOWN,PA,19046-3233,"106 YORK RD
JENKINTOWN, PA 19046-3233
(40.09347837000047, -75.12529613999965)"
8404200434,PHILADELPHIA ART ALLIANCE,PHILADELPHIA ART ALLIANCE,2155454302.0,http://www.philartalliance.org,ART,231352276,A20,01/01/201208 12:00:00 AM,$826475.00,$625070.00,5.0,1,2,42,101.0,804.0,1009.0,60000.0,60000.0,37980.0,37964.0,0.0,840,1,0,1,0,"251 S 18TH ST
PHILADELPHIA, PA 19103-6118
(39.948375, -75.171019)",251 S 18TH ST,PHILADELPHIA,PA,19103-6118,"251 S 18TH ST
PHILADELPHIA, PA 19103-6118
(39.94827212700045, -75.17103685199965)"
8404700006,VONORE HERITAGE MUSEUM,,4238842989.0,,GMU,,,,,,,4,3,47,123.0,925000.0,3020.0,90314.0,77480.0,,,0.0,840,0,0,1,0,"619 CHURCH ST
VONORE, TN 37885
(35.590867, -84.245071)",619 CHURCH ST,VONORE,TN,37885,"619 CHURCH ST
VONORE, TN 37885
(35.59090714200045, -84.24500478499965)"
8401800337,MACEDONIAN MUSEUM,MACEDONIAN MUSEUM,2604225900.0,http://www.macedonian.org,GMU,350483990,,01/01/201307 12:00:00 AM,$125044.00,$125044.00,4.0,1,4,18,3.0,1200.0,1019.0,81620.0,25000.0,23060.0,,0.0,840,0,1,0,0,"124 W. WAYNE STREET
FORT WAYNE, IN 46802
(41.078212, -85.139782)",124 W. WAYNE STREET,FORT WAYNE,IN,46802,"124 W. WAYNE STREET
FORT WAYNE, IN 46802
(41.07810764800047, -85.14032463899969)"
8403300094,PORTSMOUTH ATHENAEUM,PORTSMOUTH ATHENAEUM,,,GMU,20245312,B70,01/01/201212 12:00:00 AM,$498463.00,$304221.00,4.0,2,1,33,15.0,69100.0,1007.0,62900.0,62900.0,14460.0,40484.0,0.0,840,1,1,0,1,"PO BOX 848
PORTSMOUTH, NH 03802-0848
(43.077484, -70.75594)",PO BOX 848,PORTSMOUTH,NH,03802-0848,"PO BOX 848
PORTSMOUTH, NH 03802-0848
(43.07748074500046, -70.75614632599962)"
8402500671,LITTLETON HISTORICAL SOCIETY,LITTLETON HISTORICAL SOCIETY,9784868202.0,http://www.littletonhistoricalsociety.org,HSC,46079839,A82,01/01/201306 12:00:00 AM,$20823.00,,2.0,2,1,25,17.0,324101.0,2028.0,35950.0,36020.0,14460.0,15764.0,0.0,840,1,0,1,0,"PO BOX 721
LITTLETON, MA 01460-2721
(42.540168, -71.47575)",PO BOX 721,LITTLETON,MA,01460-2721,"PO BOX 721
LITTLETON, MA 01460-2721
(42.54548263200047, -71.47490580499965)"
8400900009,SOMERS HISTORICAL MUSEUM,,8607495735.0,http://www.somersnow.com,HSC,,,,,,,2,1,9,13.0,538202.0,3019.0,69220.0,69150.0,25540.0,,0.0,840,0,0,1,0,"9 BATTLE ST
SOMERS, CT 6071
(41.986124, -72.443539)",9 BATTLE ST,SOMERS,CT,6071,"9 BATTLE ST
SOMERS, CT 6071
(41.98611256000049, -72.44354512599966)"
8403100353,CLARKSON COMMUNITY OPERA HOUSE INC,,,,HSC,753024257,A80,01/01/201212 12:00:00 AM,$0.00,$0.00,0.0,4,5,31,37.0,964600.0,2039.0,90005.0,9200.0,,,0.0,840,1,0,0,0,"PO BOX 51
CLARKSON, NE 68629-0051
(41.724644, -97.12375)",PO BOX 51,CLARKSON,NE,68629-0051,"PO BOX 51
CLARKSON, NE 68629-0051
(41.72121338700049, -97.12202999299967)"
8404700128,CARL VAN VECHTEN GALLERY OF ART,CARL VAN VECHTEN GALLERY OF ART,,,ART,,,,,,,1,3,47,37.0,14200.0,2014.0,93458.0,52006.0,34980.0,,0.0,840,0,1,0,0,"1000 SEVENTEENTH AVENUE NORTH
NASHVILLE, TN 37208-3051
(36.166582, -86.803419)",1000 SEVENTEENTH AVENUE NORTH,NASHVILLE,TN,37208-3051,"1000 SEVENTEENTH AVENUE NORTH
NASHVILLE, TN 37208-3051
(36.16659235400044, -86.80337434099965)"
8404100465,SOUTHERN OREGON LIVE STEAMERS,,,,HSC,931148486,A80,01/01/201303 12:00:00 AM,$45570.00,$45570.00,3.0,1,6,41,29.0,203.0,3002.0,91836.0,47000.0,32780.0,,0.0,840,1,0,0,0,"PO BOX 1443
MEDFORD, OR 97501-0107
(42.317568, -122.879959)",PO BOX 1443,MEDFORD,OR,97501-0107,"PO BOX 1443
MEDFORD, OR 97501-0107
(42.32424364900049, -122.86829851199968)"
8403600092,ROLAND GIBSON ART GALLERY,ROLAND GIBSON ART GALLERY,3152672481.0,,ART,,,,,,,3,2,36,89.0,490800.0,2027.0,59575.0,59564.0,36300.0,,1.0,840,0,1,0,0,"SUNY COLLEGE AT POTSDAM, 44 PEIRREPONT AVENUE
POTSDAM, NY 13676
(44.666496, -74.978438)","SUNY COLLEGE AT POTSDAM, 44 PEIRREPONT AVENUE",POTSDAM,NY,13676,"SUNY COLLEGE AT POTSDAM, 44 PEIRREPONT AVENUE
POTSDAM, NY 13676
(44.665756503000466, -74.97285820499962)"
8405600065,MESSENGERS OLD WEST MUSEUM,OLD WEST MUSEUM,,,GMU,261244537,A50,01/01/201212 12:00:00 AM,$0.00,$0.00,0.0,1,5,56,21.0,501.0,2033.0,90715.0,13900.0,16940.0,,0.0,840,1,0,1,0,"616 CROOK AVENUE
CHEYENNE, WY 82001-5420
(41.132462, -104.789215)",616 CROOK AVENUE,CHEYENNE,WY,82001-5420,"616 CROOK AVENUE
CHEYENNE, WY 82001-5420
(41.13197104200049, -104.78925759099968)"
8404801457,SAN SABA COUNTY HISTORICAL MUSEUM FOUNDATION,SAN SABA COUNTY MUSEUM,,,GMU,751556602,,01/01/201312 12:00:00 AM,$0.00,$0.00,0.0,3,5,48,411.0,950100.0,2088.0,93439.0,65648.0,,,0.0,840,1,0,0,0,"PO BOX 242
SAN SABA, TX 76877-0242
(31.192473, -98.72263)",PO BOX 242,SAN SABA,TX,76877-0242,"PO BOX 242
SAN SABA, TX 76877-0242
(31.191662057000485, -98.71828937699968)"
8401600016,MC CONNELL MANSION,,2088821004.0,,HSC,,,,,,,3,6,16,57.0,5100.0,3015.0,92277.0,54550.0,34140.0,,1.0,840,0,0,1,0,"110 S ADAMS ST
MOSCOW, ID 83843
(46.733583, -116.997077)",110 S ADAMS ST,MOSCOW,ID,83843,"110 S ADAMS ST
MOSCOW, ID 83843
(46.73327007300048, -116.99710905499967)"
8402500451,MASSACHUSETTS MUSEUM OF CONTEMPORARY ART,MASSACHUSETTS MUSEUM OF CONTEMPORARY ART,4136622111.0,,ART,43113688,A51,01/01/201209 12:00:00 AM,$19808613.00,$9290819.00,8.0,3,1,25,3.0,935300.0,4019.0,46225.0,46225.0,38340.0,,0.0,840,0,1,0,1,"87 MARSHALL ST NORTH ADAMS
NORTH ADAMS, MA 2147
(42.700856, -73.113696)",87 MARSHALL ST NORTH ADAMS,NORTH ADAMS,MA,2147,"87 MARSHALL ST NORTH ADAMS
NORTH ADAMS, MA 2147
(42.69985336500048, -73.11493811399964)"
8404500369,HISTORIC COLUMBIA FOUNDATION INC,HISTORIC COLUMBIA FOUNDATION,8032527742.0,http://www.historiccolumbia.org,HSC,576020250,A82,01/01/201306 12:00:00 AM,$2829235.00,$2820019.00,6.0,1,3,45,79.0,3100.0,1004.0,90702.0,16000.0,17900.0,,0.0,840,1,1,1,0,"1601 RICHLAND ST
COLUMBIA, SC 29201-2633
(34.012914, -81.030439)",1601 RICHLAND ST,COLUMBIA,SC,29201-2633,"1601 RICHLAND ST
COLUMBIA, SC 29201-2633
(34.01268885100046, -81.03121754899968)"
8401300567,HISTORICAL SOCIETY OF FORSYTH COUNTY INC,,,,HSC,582139715,A82,01/01/201212 12:00:00 AM,$0.00,$0.00,0.0,4,3,13,117.0,130203.0,2009.0,92772.0,,12060.0,,0.0,840,1,0,0,0,"PO BOX 1334
CUMMING, GA 30028-1334
(34.288808, -84.17053)",PO BOX 1334,CUMMING,GA,30028-1334,"PO BOX 1334
CUMMING, GA 30028-1334
(34.21574234700046, -84.13888888699967)"
8400600819,ASIAN PACIFIC HISTORIC COLLABORATIVE INC,,,,HSC,208031808,A80,01/01/201112 12:00:00 AM,$0.00,$0.00,0.0,1,6,6,73.0,8346.0,2000.0,92780.0,66000.0,41740.0,,0.0,840,1,0,0,0,"7930 PRAIRIE SHADOW ROAD
SAN DIEGO, CA 92126-8015
(32.928413, -117.153713)",7930 PRAIRIE SHADOW ROAD,SAN DIEGO,CA,92126-8015,"7930 PRAIRIE SHADOW ROAD
SAN DIEGO, CA 92126-8015
(32.928212706000465, -117.15393790999968)"
8401700694,PROPHETSTOWN AREA HISTORICAL SOCIETY,,8155372818.0,,HSC,363461568,A82,01/01/201112 12:00:00 AM,$0.00,$0.00,0.0,4,4,17,195.0,700.0,1062.0,61990.0,61977.0,44580.0,,1.0,840,1,0,0,0,"320 WASHINGTON STREET
PROPHETSTOWN, IL 61277-1115
(41.670137, -89.936376)",320 WASHINGTON STREET,PROPHETSTOWN,IL,61277-1115,"320 WASHINGTON STREET
PROPHETSTOWN, IL 61277-1115
(41.670003936000455, -89.93649937699968)"
8404100166,ST PETERS LANDMARK PRESERVATION INC,OLD ST PETER'S LANDMARK,,,HSC,237120819,A82,01/01/201304 12:00:00 AM,$43454.00,$17683.00,3.0,3,6,41,65.0,970400.0,1060.0,93196.0,72950.0,45520.0,,1.0,840,1,0,1,0,"PO BOX 882
THE DALLES, OR 97058-0882
(45.600311, -121.194603)",PO BOX 882,THE DALLES,OR,97058-0882,"PO BOX 882
THE DALLES, OR 97058-0882
(45.6024589590005, -121.18419615299968)"
8404500248,FLORENCE COUNTY HISTORICAL SOCIETY INC,,,,HSC,570763324,A80,01/01/201206 12:00:00 AM,$313.00,$313.00,1.0,1,3,45,41.0,1100.0,1007.0,91131.0,25810.0,22500.0,,0.0,840,1,0,0,0,"1831 W EVANS STREET C/O JOHN CHASE
FLORENCE, SC 29502
(34.195553, -79.801255)",1831 W EVANS STREET C/O JOHN CHASE,FLORENCE,SC,29502,"1831 W EVANS STREET C/O JOHN CHASE
FLORENCE, SC 29502
(34.195618581000474, -79.80111175399963)"
8401900549,FRIENDS OF HEERY WOODS NATURE CENTER,,,,BOT,421456886,C30,01/01/201306 12:00:00 AM,$0.00,$0.00,0.0,4,4,19,23.0,70100.0,2203.0,90420.0,,,,0.0,840,1,0,0,0,"28727 TIMBER ROAD
CLARKSVILLE, IA 50619
(42.763158, -92.652303)",28727 TIMBER ROAD,CLARKSVILLE,IA,50619,"28727 TIMBER ROAD
CLARKSVILLE, IA 50619
(42.766386354000474, -92.66197203199965)"
8405000059,GOODRICH LIBRARY,,,,GMU,30184028,B70,01/01/201212 12:00:00 AM,$310734.00,$224462.00,4.0,3,1,50,19.0,951500.0,2060.0,48850.0,48850.0,,,0.0,840,1,0,0,0,"202 MAIN ST
NEWPORT, VT 05855-5000
(44.935647, -72.210181)",202 MAIN ST,NEWPORT,VT,05855-5000,"202 MAIN ST
NEWPORT, VT 05855-5000
(44.93554600100049, -72.21010888899963)"
8403602194,NIAGARA EXPERIENCE CENTER INC,,,,GMU,331068159,A50,01/01/201212 12:00:00 AM,$0.00,$0.00,0.0,1,2,36,63.0,21100.0,1059.0,51055.0,51055.0,15380.0,,0.0,840,1,0,0,0,"222 FIRST ST 7TH FL
NIAGARA FALLS, NY 14303
(43.088123, -79.06115)",222 FIRST ST 7TH FL,NIAGARA FALLS,NY,14303,"222 FIRST ST 7TH FL
NIAGARA FALLS, NY 14303
(43.08537529200049, -79.06170097599966)"
8400500222,PEEL HOUSE FOUNDATION,PEEL HOUSE FOUNDATION,4792739664.0,http://peelcompton.org/peel,HSC,710713232,A82,01/01/201212 12:00:00 AM,$745466.00,,5.0,1,3,5,7.0,20604.0,3000.0,93642.0,5320.0,22220.0,,0.0,840,1,0,1,1,"400 S WALTON BLVD
BENTONVILLE, AR 72712-5705
(36.376661, -94.221332)",400 S WALTON BLVD,BENTONVILLE,AR,72712-5705,"400 S WALTON BLVD
BENTONVILLE, AR 72712-5705
(36.369200815000454, -94.22175414599968)"
8403100289,THAYER COUNTY HISTORICAL SOCIETY & MUSEUM,,,,GMU,470819637,A50,01/01/201212 12:00:00 AM,$23823.00,$23823.00,2.0,4,5,31,169.0,963100.0,1295.0,90390.0,4160.0,,,0.0,840,1,0,0,0,"PO BOX 387
BELVIDERE, NE 68315-0387
(40.250624, -97.557912)",PO BOX 387,BELVIDERE,NE,68315-0387,"PO BOX 387
BELVIDERE, NE 68315-0387
(40.25565176400045, -97.56040627499965)"
8401700416,FRANK LLOYD WRIGHT PRESERVATION TRUST,FRANK LLOYD WRIGHT PRESERVATION TRUST,,http://www.wrightplus.org,HSC,237414937,A80,01/01/201212 12:00:00 AM,$6176533.00,$4559729.00,7.0,2,4,17,31.0,812302.0,3000.0,54898.0,54885.0,16980.0,16974.0,0.0,840,1,1,1,1,"931 CHICAGO AVE
OAK PARK, IL 60302-2007
(41.894318, -87.799233)",931 CHICAGO AVE,OAK PARK,IL,60302-2007,"931 CHICAGO AVE
OAK PARK, IL 60302-2007
(41.89430204100046, -87.79917012799967)"
8400500150,UNIVERSITY OF ARKANSAS,UNIVERSITY OF ARKANSAS,,,HSC,710236904,B11,,,,,1,3,5,,,,,,,,0.0,840,0,0,0,1,"2801 S UNIVERSITY AVE
LITTLE ROCK, AR 72204
(34.730809, -92.341737)",2801 S UNIVERSITY AVE,LITTLE ROCK,AR,72204,"2801 S UNIVERSITY AVE
LITTLE ROCK, AR 72204
(34.72429044800049, -92.34190666899968)"
8400602174,HIPPIE MUSEUM,,,http://www.hippiemuseum.org,GMU,912166569,,,,,,4,6,6,87.0,121200.0,4024.0,92900.0,,42100.0,,0.0,840,1,0,0,0,"PO BOX 7867
SANTA CRUZ, CA 95065
(37.009439, -121.984353)",PO BOX 7867,SANTA CRUZ,CA,95065,"PO BOX 7867
SANTA CRUZ, CA 95065
(37.00729325900045, -121.98286745499968)"
8403700232,NEW NETHERLAND MUSEUM,,9107381911.0,,GMU,222713972,A50,01/01/201212 12:00:00 AM,$263755.00,,4.0,3,3,37,155.0,961302.0,1025.0,91940.0,39700.0,31300.0,,1.0,840,1,0,0,0,"103 ROSEWOOD DR
LUMBERTON, NC 28358-2752
(34.641458, -79.002785)",103 ROSEWOOD DR,LUMBERTON,NC,28358-2752,"103 ROSEWOOD DR
LUMBERTON, NC 28358-2752
(34.64155707200047, -79.00301158499968)"
8401700673,DISCOVERY CENTER MUSEUM OF ROCKFORD INC,DISCOVERY CENTER MUSEUM OF ROCKFORD,,http://www.discoverycentermuseum.org,CMU,363292135,A52,01/01/201212 12:00:00 AM,$2121256.00,$2054007.00,6.0,1,4,17,201.0,2900.0,1000.0,65013.0,65000.0,40420.0,,0.0,840,1,1,0,1,"711 N MAIN STREET
ROCKFORD, IL 61103-6990
(42.276957, -89.089868)",711 N MAIN STREET,ROCKFORD,IL,61103-6990,"711 N MAIN STREET
ROCKFORD, IL 61103-6990
(42.276805924000485, -89.09001191499965)"
8401700593,CAROL STREAM HISTORICAL SOCIETY,,,,HSC,362892000,,01/01/201212 12:00:00 AM,$0.00,$0.00,0.0,2,4,17,43.0,841206.0,2016.0,6600.0,11332.0,16980.0,16974.0,0.0,840,1,0,0,0,"24 TOMAHAWK COURT
CAROL STREAM, IL 60188
(41.916359, -88.121956)",24 TOMAHAWK COURT,CAROL STREAM,IL,60188,"24 TOMAHAWK COURT
CAROL STREAM, IL 60188
(41.91107158800048, -88.12895627799969)"
8402000237,WTTC INC,,3168385103.0,,GMU,470887713,A50,01/01/201212 12:00:00 AM,$0.00,$0.00,0.0,1,5,20,173.0,9603.0,1031.0,79000.0,79000.0,48620.0,,0.0,840,1,0,0,0,"6400 W 36TH ST S
WICHITA, KS 67215-1702
(37.627099, -97.41725)",6400 W 36TH ST S,WICHITA,KS,67215-1702,"6400 W 36TH ST S
WICHITA, KS 67215-1702
(37.62711838500047, -97.41690028399967)"
8404500243,YORKVILLE HISTORICAL SOCIETY INC,YORKVILLE HISTORICAL SOCIETY,8036847722.0,http://www.yorkvillehs.org,HSC,570739481,A80,01/01/201212 12:00:00 AM,$0.00,$0.00,0.0,3,3,45,91.0,61502.0,3026.0,93822.0,,16740.0,,0.0,840,1,0,1,0,"PO BOX 1122
YORK, SC 29745-2624
(35.017046, -81.211272)",PO BOX 1122,YORK,SC,29745-2624,"PO BOX 1122
YORK, SC 29745-2624
(34.983513487000494, -81.24001861599965)"
8405000138,HIGHGATE HISTORICAL SOCIETY INC,,,,HST,30354624,A54,01/01/201312 12:00:00 AM,$0.00,$0.00,0.0,4,1,50,11.0,10100.0,2035.0,33025.0,,15540.0,,0.0,840,1,0,0,0,"PO BOX 222
HIGHATE, VT 05459-0222
(44.943639, -73.027935)",PO BOX 222,HIGHATE,VT,05459-0222,"PO BOX 222
HIGHATE, VT 05459-0222
(44.9389071170005, -73.04554703799965)"
8403100077,CHILDREN'S MUSEUM-CENTRAL NE,,4024633300.0,http://www.cmocn.org,GMU,,,,,,,3,5,31,1.0,965900.0,4000.0,21415.0,21415.0,25580.0,,1.0,840,0,0,1,0,"3001 W 12TH ST
HASTINGS, NE 68901
(40.597003, -98.421676)",3001 W 12TH ST,HASTINGS,NE,68901,"3001 W 12TH ST
HASTINGS, NE 68901
(40.596995595000465, -98.42744578899965)"
8404000020,THOMAS-FOREMAN HISTORICAL HOME,,9186826938.0,,HSC,,,,,,,3,5,40,101.0,300.0,4018.0,91924.0,50050.0,34780.0,,1.0,840,0,0,1,0,"1419 W OKMULGEE ST
MUSKOGEE, OK 74401
(35.753668, -95.385677)",1419 W OKMULGEE ST,MUSKOGEE,OK,74401,"1419 W OKMULGEE ST
MUSKOGEE, OK 74401
(35.75369657600049, -95.3856074689997)"
8400400259,CORNVILLE HISTORICAL SOCIETY,,,http://www.cornville-historical-society.org,HSC,800598087,,,,,,4,6,4,25.0,1701.0,2017.0,90484.0,15920.0,39140.0,,0.0,840,1,0,0,0,"PO BOX 1200
CORNVILLE, AZ 86325
(34.725294, -111.911982)",PO BOX 1200,CORNVILLE,AZ,86325,"PO BOX 1200
CORNVILLE, AZ 86325
(34.72959358000048, -111.9232281669997)"
8403601565,ERIE CANAL SCHOOL BOAT FOUNDATION,,,,HSC,161571413,A80,01/01/201306 12:00:00 AM,$0.00,$0.00,0.0,3,2,36,43.0,11200.0,1001.0,34132.0,34121.0,46540.0,,0.0,840,1,0,0,0,"HERKIMER BOCES GROS BLVD
HERKIMER, NY 13350
(43.044314, -74.983931)",HERKIMER BOCES GROS BLVD,HERKIMER,NY,13350,"HERKIMER BOCES GROS BLVD
HERKIMER, NY 13350
(43.03625343600049, -74.98625820099966)"
8403600361,COLLEGE ART GALLERY,COLLEGE ART GALLERY,9142573844.0,,ART,,,,,,,2,2,36,111.0,953500.0,2026.0,50562.0,50551.0,28740.0,,0.0,840,0,1,0,0,"75 SOUTH MANHEIM BOULEVARD
NEW PALTZ, NY 12561-2499
(41.745267, -74.086614)",75 SOUTH MANHEIM BOULEVARD,NEW PALTZ,NY,12561-2499,"75 SOUTH MANHEIM BOULEVARD
NEW PALTZ, NY 12561-2499
(41.73979053500045, -74.08062070899967)"
8402600483,WYANDOTTE HISTORICAL SOCIETY,WYANDOTTE MUSEUM,7343247284.0,http://www.wyandotte.net/historical/museum/,HSC,381892180,A82,01/01/201212 12:00:00 AM,$16834.00,$13134.00,2.0,2,4,26,163.0,580700.0,2009.0,88900.0,88900.0,19820.0,19804.0,0.0,840,1,1,0,0,"2610 BIDDLE AVE
WYANDOTTE, MI 48192-5208
(42.207052, -83.148497)",2610 BIDDLE AVE,WYANDOTTE,MI,48192-5208,"2610 BIDDLE AVE
WYANDOTTE, MI 48192-5208
(42.207448085000465, -83.14851729399965)"
8400601818,DUTCH FLAT COMMUNITY CENTER,,,,HSC,680484699,A80,01/01/201212 12:00:00 AM,$0.00,$0.00,0.0,4,6,6,61.0,22013.0,3019.0,90548.0,20298.0,40900.0,,0.0,840,1,0,0,0,"PO BOX 14
DUTCH FLAT, CA 95714-0014
(39.206976, -120.837965)",PO BOX 14,DUTCH FLAT,CA,95714-0014,"PO BOX 14
DUTCH FLAT, CA 95714-0014
(39.20659366600046, -120.83851621499969)"
8405300005,WESTERN GALLERY & OUTDOOR SCULPTURE COLLECTION,WESTERN GALLERY & OUTDOOR SCULPTURE COLLECTION,2066503963.0,,ART,,,,,,,1,6,53,73.0,1000.0,3025.0,90176.0,5280.0,13380.0,,0.0,840,0,1,0,0,"FINE ARTS COMPLEX COLLEGE OF FINE &amp; PREFORMING ARTS, WWU
BELLINGHAM, WA 98225-9068
(48.747421, -122.481761)","FINE ARTS COMPLEX COLLEGE OF FINE & PREFORMING ARTS, WWU",BELLINGHAM,WA,98225-9068,"FINE ARTS COMPLEX COLLEGE OF FINE &amp; PREFORMING ARTS, WWU
BELLINGHAM, WA 98225-9068
(48.7302067330005, -122.48646812899972)"
8401300500,CANDLER COUNTY HISTORICAL SOCIETY INC,,,,HSC,581824163,,01/01/201212 12:00:00 AM,$0.00,$0.00,0.0,4,3,13,43.0,950100.0,3008.0,91986.0,51072.0,,,0.0,840,1,0,0,0,"10755 PADDY FORD ROAD
METTER, GA 30439
(32.415757, -82.063062)",10755 PADDY FORD ROAD,METTER,GA,30439,"10755 PADDY FORD ROAD
METTER, GA 30439
(32.407492292000484, -82.06277747899964)"
8404201002,CAMPUS ARBORETUM ASSOCIATION,CAMPUS ARBORETUM ASSOCIATION,2158961101.0,,BOT,237161967,B70,01/01/201212 12:00:00 AM,$71586.00,$71586.00,3.0,2,2,42,91.0,205300.0,1004.0,44976.0,33154.0,37980.0,33874.0,0.0,840,1,1,0,0,"370 LANCASTER AVE
HAVERFORD, PA 19041-1336
(40.012516, -75.30027)",370 LANCASTER AVE,HAVERFORD,PA,19041-1336,"370 LANCASTER AVE
HAVERFORD, PA 19041-1336
(40.01230502600049, -75.29985207999965)"
8403600135,ROCK HALL MUSEUM,,5162391157.0,http://www.toh.li/content/rc/rockhall.html,GMU,,,,,,,2,2,36,59.0,411600.0,3007.0,34000.0,41553.0,35620.0,35004.0,0.0,840,0,0,1,0,"199 BROADWAY
LAWRENCE, NY 11559
(40.61107, -73.734634)",199 BROADWAY,LAWRENCE,NY,11559,"199 BROADWAY
LAWRENCE, NY 11559
(40.61105446100049, -73.73466220999967)"
8403400749,GARDEN CLUB OF ESSEX FELLS,,,,BOT,550820141,C41,01/01/201306 12:00:00 AM,$34872.00,$17660.00,3.0,2,2,34,13.0,20901.0,2004.0,21840.0,21840.0,35620.0,35084.0,0.0,840,1,0,0,0,"PO BOX 254
ESSEX FELLS, NJ 07021-0254
(40.82924, -74.276159)",PO BOX 254,ESSEX FELLS,NJ,07021-0254,"PO BOX 254
ESSEX FELLS, NJ 07021-0254
(40.832512058000475, -74.28757985999965)"
8403600682,EAST END CLASSIC BOAT SOCIETY INC,,,,HSC,113513544,A80,01/01/201212 12:00:00 AM,$35480.00,$35480.00,3.0,4,2,36,103.0,200902.0,2022.0,22194.0,53852.0,35620.0,35004.0,0.0,840,1,0,0,0,"PO BOX 1784
EAST HAMPTON, NY 11937-0906
(40.992447, -72.189838)",PO BOX 1784,EAST HAMPTON,NY,11937-0906,"PO BOX 1784
EAST HAMPTON, NY 11937-0906
(40.96559088300046, -72.18219881499965)"
8404700508,LAWRENCE COUNTY GENEALOGICAL SOCIETY INC,,,,HSC,621800614,A80,01/01/201208 12:00:00 AM,$0.00,$0.00,0.0,4,3,47,99.0,960800.0,1029.0,90860.0,,29980.0,,1.0,840,1,0,0,0,"2588 HIGHWAY 43 S
LEOMA, TN 38468-5075
(35.158455, -87.348844)",2588 HIGHWAY 43 S,LEOMA,TN,38468-5075,"2588 HIGHWAY 43 S
LEOMA, TN 38468-5075
(35.15961662900048, -87.34828198999969)"
8404700196,COOPERTOWN COMMISSION FOR CULTURE HISTORY AND ART,,,,GMU,271145410,A50,01/01/201306 12:00:00 AM,$0.00,$0.00,0.0,4,3,47,147.0,80700.0,2037.0,91098.0,16980.0,34980.0,,0.0,840,1,0,0,0,"2525 BURGESS GOWER RD
SPRINGFIELD, TN 37172-6085
(36.442516, -86.975021)",2525 BURGESS GOWER RD,SPRINGFIELD,TN,37172-6085,"2525 BURGESS GOWER RD
SPRINGFIELD, TN 37172-6085
(36.44038501400047, -86.97121454699965)"
8401200061,TARPON SPRINGS HISTORICAL SCTY,,7279434624.0,http://www.tarponspringsareahistoricalsociety.org,HSC,,,,,,,2,3,12,103.0,27402.0,1004.0,93380.0,71150.0,45300.0,,0.0,840,0,0,1,0,"160 E TARPON AVE
TARPON SPRINGS, FL 34689
(28.14363, -82.756631)",160 E TARPON AVE,TARPON SPRINGS,FL,34689,"160 E TARPON AVE
TARPON SPRINGS, FL 34689
(28.146213590000457, -82.75478047099966)"
8405300264,COWLITZ RIVER VALLEY HISTORICAL SOCIETY,,,,HSC,300193523,A80,01/01/201212 12:00:00 AM,$198169.00,$198099.00,4.0,4,6,53,41.0,971900.0,3109.0,92016.0,47175.0,16500.0,,1.0,840,1,0,0,0,"PO BOX 777
MORTON, WA 98356-0777
(46.55695, -122.275221)",PO BOX 777,MORTON,WA,98356-0777,"PO BOX 777
MORTON, WA 98356-0777
(46.5564961340005, -122.27524872799972)"
8402900527,ATHENAGORAS SOCIETY,,8164449031.0,,HSC,431690293,,,,,,1,4,29,95.0,9300.0,2019.0,38054.0,38000.0,28140.0,,0.0,840,1,0,0,0,"8332 BELLEVIEW AVE
KANSAS CITY, MO 64114-2148
(38.977189, -94.601951)",8332 BELLEVIEW AVE,KANSAS CITY,MO,64114-2148,"8332 BELLEVIEW AVE
KANSAS CITY, MO 64114-2148
(38.97674241900046, -94.6019756719997)"
8404801092,TEXAS MARITIME MUSEUM ASSOCIATION INC,,,,HST,742097680,A54,01/01/201206 12:00:00 AM,$511841.00,$373298.00,5.0,3,5,48,7.0,950300.0,2065.0,93295.0,62804.0,18580.0,,0.0,840,1,0,0,0,"1202 NAVIGATION CIR
ROCKPORT, TX 78382-2773
(28.027277, -97.050957)",1202 NAVIGATION CIR,ROCKPORT,TX,78382-2773,"1202 NAVIGATION CIR
ROCKPORT, TX 78382-2773
(28.025078750000432, -97.04754524399965)"
8405500248,MARQUETTE HISTORICAL SOCIETY INC,,,http://www.marquettehistoricalsociety.org,HSC,260036969,P30,01/01/201312 12:00:00 AM,$0.00,$0.00,0.0,4,4,55,47.0,100500.0,2068.0,49500.0,49500.0,,,0.0,840,1,0,0,0,"PO BOX 31
MARQUETTE, WI 53947
(43.748492, -89.139554)",PO BOX 31,MARQUETTE,WI,53947,"PO BOX 31
MARQUETTE, WI 53947
(43.74693122500048, -89.13954876699967)"
8405100296,NATIONAL TOBACCO TEXTILE MUSEUM,,,,ART,237121117,A51,01/01/201303 12:00:00 AM,$0.00,$0.00,0.0,3,3,51,590.0,500.0,1029.0,91108.0,21344.0,19260.0,,1.0,840,1,0,0,0,"PO BOX 238
DANVILLE, VA 24543-0238
(36.585994, -79.395415)",PO BOX 238,DANVILLE,VA,24543-0238,"PO BOX 238
DANVILLE, VA 24543-0238
(36.58822390700044, -79.43006752199966)"
8405300028,SEATTLE'S MUSEUM OF HISTORY AND INDUSTRY,SEATTLE'S MUSEUM OF HISTORY AND INDUSTRY,2063241126.0,,GMU,,,,,,,1,6,53,33.0,6200.0,1010.0,92928.0,63000.0,42660.0,42644.0,0.0,840,0,1,0,0,"MCCURDY PARK 2700 24TH AVENUE EAST
SEATTLE, WA 98112-2099
(47.629295, -122.300721)",MCCURDY PARK 2700 24TH AVENUE EAST,SEATTLE,WA,98112-2099,"MCCURDY PARK 2700 24TH AVENUE EAST
SEATTLE, WA 98112-2099
(47.64528793800048, -122.3014849009997)"
8401700082,PEGGY NOTEBAERT NATURE MUSEUM,PEGGY NOTEBAERT NATURE MUSEUM,7737555100.0,,GMU,,,,,,,1,4,17,31.0,70101.0,3008.0,14000.0,14000.0,16980.0,16974.0,0.0,840,0,1,0,0,"2430 N. CANNON DRIVE
CHICAGO, IL 60614
(41.926332, -87.63398)",2430 N. CANNON DRIVE,CHICAGO,IL,60614,"2430 N. CANNON DRIVE
CHICAGO, IL 60614
(41.926235730000485, -87.63391781199965)"
8405500832,NORTH PRAIRIE HISTORICAL SOCIETY INC,,,,HSC,680509676,A80,01/01/201308 12:00:00 AM,$0.00,$0.00,0.0,3,4,55,133.0,203803.0,1054.0,58400.0,58400.0,33340.0,,0.0,840,1,0,0,0,"306 E STATE ROAD
NORTH PRAIRIE, WI 53153-9748
(42.937791, -88.390851)",306 E STATE ROAD,NORTH PRAIRIE,WI,53153-9748,"306 E STATE ROAD
NORTH PRAIRIE, WI 53153-9748
(42.93584575200049, -88.39590053699965)"
8402400619,BURGESS EARLY AMERICANA MUSEUM INC C/O LAWRENCE W BURGESS,,,,GMU,541839812,A50,,,,,4,2,24,39.0,930500.0,1080.0,90260.0,,41540.0,,0.0,840,1,0,0,0,"4868 SHELLTOWN RD
MARION STATION, MD 21838
(38.016521, -75.665079)",4868 SHELLTOWN RD,MARION STATION,MD,21838,"4868 SHELLTOWN RD
MARION STATION, MD 21838
(38.014125006000484, -75.65849590499965)"
8400800060,LAFAYETTE HISTORICAL SOCIETY MINERS MUSEUM,LAFAYETTE HISTORICAL SOCIETY MINERS MUSEUM,,,HSC,,,,,,,2,5,8,13.0,12905.0,1036.0,92052.0,41835.0,14500.0,,0.0,840,0,1,0,0,"LAFAYETTE, CO 80026-0186
(39.994362, -105.095657)",,LAFAYETTE,CO,80026-0186,"LAFAYETTE, CO 80026-0186
(39.9932612340005, -105.09053956499969)"
8401300095,GWTW MOVIE MUSEUM,,4042497015.0,,GMU,,,,,,,1,3,13,121.0,400.0,1008.0,90144.0,4000.0,12060.0,,0.0,840,0,0,1,0,"76 PEACHTREE CIR NE
ATLANTA, GA 30309
(33.790511, -84.383029)",76 PEACHTREE CIR NE,ATLANTA,GA,30309,"76 PEACHTREE CIR NE
ATLANTA, GA 30309
(33.79096314400044, -84.38325036899965)"
8403900311,BEACHWOOD ARTS COUNCIL,,2164641070.0,,ART,237003041,,01/01/201306 12:00:00 AM,$0.00,$0.00,0.0,2,4,39,35.0,131103.0,4006.0,4500.0,4500.0,17460.0,,0.0,840,1,0,0,0,"2700 RICHMOND RD
CLEVELAND, OH 44122-1780
(41.48609, -81.497844)",2700 RICHMOND RD,CLEVELAND,OH,44122-1780,"2700 RICHMOND RD
CLEVELAND, OH 44122-1780
(41.48642305600049, -81.49780333599966)"
8402600109,LAPEER COUNTY HISTORICAL SCTY,,8102455808.0,,HSC,,,,,,,3,4,26,87.0,337500.0,1078.0,46040.0,46040.0,19820.0,47664.0,0.0,840,0,0,1,0,"518 W NEPESSING ST
LAPEER, MI 48446
(43.053261, -83.31383)",518 W NEPESSING ST,LAPEER,MI,48446,"518 W NEPESSING ST
LAPEER, MI 48446
(43.053236136000464, -83.31392127399965)"
8404600177,LEWIS AND CLARK RECREATION AREA VISITOR CENTER,,,,GMU,460448726,A82,,,,,3,5,46,135.0,966302.0,3016.0,73060.0,73060.0,49460.0,,1.0,840,1,0,0,0,"PO BOX 710
YANKTON, SD 57078-0710
(42.885548, -97.399697)",PO BOX 710,YANKTON,SD,57078-0710,"PO BOX 710
YANKTON, SD 57078-0710
(42.89805374800045, -97.3974294679997)"
8405300186,HISTORIC TACOMA,,,,HSC,208811455,A80,01/01/201212 12:00:00 AM,$3417.00,$3417.00,1.0,1,6,53,53.0,62600.0,2057.0,93376.0,70000.0,42660.0,45104.0,0.0,840,1,0,0,0,"PO BOX 7664
TACOMA, WA 98417-0664
(47.220571, -122.473581)",PO BOX 7664,TACOMA,WA,98417-0664,"PO BOX 7664
TACOMA, WA 98417-0664
(47.27205768900046, -122.48729802499969)"
8401701278,LEGENDS & LEGACIES FOUNDATION,,,,GMU,462123244,A50,,,,0.0,1,4,17,31.0,243500.0,1038.0,14000.0,14000.0,16980.0,16974.0,0.0,840,1,0,0,0,"401 N MAY ST
CHICAGO, IL 60642-5820
(41.890262, -87.655752)",401 N MAY ST,CHICAGO,IL,60642-5820,"401 N MAY ST
CHICAGO, IL 60642-5820
(41.88898706500049, -87.65565939299967)"
8404801593,FORNEY HISTORIC PRESERVATION LEAGUE INC,,,,HSC,752280261,A82,01/01/201212 12:00:00 AM,$327962.00,$327962.00,4.0,3,5,48,257.0,50206.0,1017.0,91350.0,26604.0,19100.0,19124.0,0.0,840,1,0,0,0,"PO BOX 317
FORNEY, TX 75126-0317
(32.743361, -96.448971)",PO BOX 317,FORNEY,TX,75126-0317,"PO BOX 317
FORNEY, TX 75126-0317
(32.74911185300044, -96.4702878759997)"
8405500572,URBAN ECOLOGY CENTER,URBAN ECOLOGY CENTER,,,BOT,391712663,C41,01/01/201308 12:00:00 AM,$6575813.00,$6493201.00,7.0,1,4,55,79.0,7800.0,3005.0,53000.0,53000.0,33340.0,,0.0,840,0,0,0,1,"MILWAUKEE, WI 53211-3587
(43.067461, -87.891346)",,MILWAUKEE,WI,53211-3587,"MILWAUKEE, WI 53211-3587
(43.06746116300047, -87.89085751199968)"
8403601973,HISTORICAL ASSOCIATION OF LEWISTON,HISTORICAL ASSOCIATION OF LEWISTON,,,HSC,237260141,A82,01/01/201212 12:00:00 AM,$389707.00,$380734.00,4.0,2,2,36,63.0,24401.0,1003.0,42158.0,42147.0,15380.0,,0.0,840,1,0,0,1,"PO BOX 43
LEWISTON, NY 14092-0043
(43.176869, -79.031989)",PO BOX 43,LEWISTON,NY,14092-0043,"PO BOX 43
LEWISTON, NY 14092-0043
(43.17160225200047, -79.03577566399963)"
8401200309,THOMAS EDISON AND HENRY FORD WINTER ESTATES INC,THOMAS EDISON AND HENRY FORD WINTER ESTATES,,,HSC,200243438,A80,01/01/201209 12:00:00 AM,$5518170.00,$5011873.00,7.0,1,3,12,71.0,1102.0,2004.0,91131.0,24125.0,15980.0,,0.0,840,1,0,0,1,"PO BOX 2368
FORT MYERS, FL 33902-2368
(26.602127, -81.861698)",PO BOX 2368,FORT MYERS,FL,33902-2368,"PO BOX 2368
FORT MYERS, FL 33902-2368
(26.644153361000463, -81.87247759799965)"
8400602833,ARPA FOUNDATION FOR FILM MUSIC AND ARTS,ARPA FOUNDATION FOR FILM MUSIC AND ARTS,3236631882.0,http://www.affma.org,ART,954556837,A51,01/01/201212 12:00:00 AM,$143801.00,$143801.00,4.0,1,6,6,37.0,188201.0,1001.0,91750.0,44000.0,31080.0,31084.0,0.0,840,1,0,1,0,"2919 MAXWELL ST
LOS ANGELES, CA 90027-2510
(34.11197, -118.271776)",2919 MAXWELL ST,LOS ANGELES,CA,90027-2510,"2919 MAXWELL ST
LOS ANGELES, CA 90027-2510
(34.111373898000465, -118.2725677309997)"
8400600907,AMERICAN INDIAN MUSEUM & CULTURE CENTER,,,,GMU,237259881,,,,,,1,6,6,37.0,408800.0,1017.0,90810.0,58072.0,31080.0,31084.0,0.0,840,1,0,0,0,"PO BOX 721
POMONA, CA 91769
(34.060343, -117.758562)",PO BOX 721,POMONA,CA,91769,"PO BOX 721
POMONA, CA 91769
(34.06027155300046, -117.75837937299968)"
8400601088,CAMARILLO WINGS ASSOCIATION,,,,HSC,271789245,A80,01/01/201212 12:00:00 AM,$162386.00,$162386.00,4.0,1,6,6,111.0,5502.0,3009.0,90350.0,10046.0,37100.0,,0.0,840,1,0,0,0,"79 E DAILY DR
CAMARILLO, CA 93010-5807
(34.221749, -119.06804)",79 E DAILY DR,CAMARILLO,CA,93010-5807,"79 E DAILY DR
CAMARILLO, CA 93010-5807
(34.22171853100048, -119.0679922809997)"
8402700627,THE RAPTOR CENTER,THE RAPTOR CENTER,6126244745.0,http://www.TheRaptorCenter.org,GMU,416007513,,,,,,2,4,27,123.0,42001.0,2006.0,20420.0,20420.0,33460.0,,0.0,840,0,1,0,0,"1920 FITCH AVENUE
ST. PAUL, MN 55108
(44.983046, -93.181274)",1920 FITCH AVENUE,ST. PAUL,MN,55108,"1920 FITCH AVENUE
ST. PAUL, MN 55108
(44.982976471000484, -93.18165129699969)"
8400602703,INTERNATIONAL MUSEUM OF 20TH CENTURY ARTS TIMOTCA,,,,GMU,953520867,A50,01/01/201012 12:00:00 AM,$5447.00,$2872.00,1.0,2,6,6,59.0,62605.0,1003.0,93110.0,39178.0,31080.0,11244.0,0.0,840,1,0,0,0,"PO BOX 427
LAGUANA BEACH, CA 92652-0427
(33.543137, -117.782618)",PO BOX 427,LAGUANA BEACH,CA,92652-0427,"PO BOX 427
LAGUANA BEACH, CA 92652-0427
(33.544074037000485, -117.78193962999967)"
8403600638,PUERTO RICAN-HISPANIC GENEALOGICAL SOCIETY INC,,,,HSC,113319946,A80,01/01/201212 12:00:00 AM,$0.00,$0.00,0.0,1,2,36,81.0,54800.0,1003.0,60323.0,51000.0,35620.0,35614.0,0.0,840,1,0,0,0,"89-08 HOLLIS CORT BLVD
JAMAICA, NY 11427-2316
(40.728964, -73.74724)",89-08 HOLLIS CORT BLVD,JAMAICA,NY,11427-2316,"89-08 HOLLIS CORT BLVD
JAMAICA, NY 11427-2316
(40.72280728300046, -73.75343955299962)"
8404800444,HAMILTON PARK HISTORIC PRESERVATION FOUNDATION,,,,HSC,142001214,A80,01/01/201212 12:00:00 AM,$4864.00,$465.00,1.0,1,5,48,113.0,19206.0,3008.0,92792.0,61796.0,19100.0,19124.0,0.0,840,1,0,0,0,"10455 N CENTRAL EXPY STE 109-118
DALLAS, TX 75080
(32.889145, -96.770078)",10455 N CENTRAL EXPY STE 109-118,DALLAS,TX,75080,"10455 N CENTRAL EXPY STE 109-118
DALLAS, TX 75080
(32.889299880000465, -96.77010284799968)"
8403601630,SOUTHERN TIER ZOOLOGICAL SOCIETY INC,ROSS PARK ZOO,,http://www.rossparkzoo.com,ZAW,166071439,D50,01/01/201212 12:00:00 AM,$1186946.00,$1186946.00,6.0,1,2,36,7.0,1700.0,4013.0,6607.0,6607.0,13780.0,,0.0,840,1,1,1,0,"185 PARK AVE
BINGHAMTON, NY 13903-3643
(42.076542, -75.913035)",185 PARK AVE,BINGHAMTON,NY,13903-3643,"185 PARK AVE
BINGHAMTON, NY 13903-3643
(42.075338443000476, -75.91290744899965)"
8402300490,MAINE COUNTRY MUSIC HALL OF FAME & MUSEUM INC,,,,GMU,271371115,A50,01/01/201306 12:00:00 AM,$0.00,$0.00,0.0,4,1,23,1.0,41500.0,3048.0,44585.0,44620.0,30340.0,,0.0,840,1,0,0,0,"PO BOX 193
MECHANIC FALLS, ME 04256-0193
(44.106903, -70.389259)",PO BOX 193,MECHANIC FALLS,ME,04256-0193,"PO BOX 193
MECHANIC FALLS, ME 04256-0193
(44.111722374000465, -70.39387715799967)"
8405100702,MILES B CARPENTER MUSEUM INC,MILES B. CARPENTER MUSEUM,,,HST,541468456,A54,01/01/201205 12:00:00 AM,$31050.00,$28883.00,3.0,4,3,51,183.0,870300.0,3097.0,96263.0,83600.0,40060.0,,0.0,840,1,0,1,0,"PO BOX 1376
WAVERLY, VA 23890-2631
(37.031964, -77.095033)",PO BOX 1376,WAVERLY,VA,23890-2631,"PO BOX 1376
WAVERLY, VA 23890-2631
(37.03929195000046, -77.09516591299968)"
8401100085,PROVISIONS LEARNING PROJECT,PROVISIONS LEARNING PROJECT,,,GMU,202030054,A50,01/01/201208 12:00:00 AM,$197797.00,$197797.00,4.0,1,2,11,1.0,4100.0,1002.0,50000.0,50000.0,47900.0,47894.0,0.0,840,0,0,0,1,"WASHINGTON, DC 20009-5728
(38.918632, -77.03648)",,WASHINGTON,DC,20009-5728,"WASHINGTON, DC 20009-5728
(38.91558258600048, -77.04623680699967)"
8401200678,NOVA SOUTHEASTERN UNIVERSITY,NOVA SOUTHEASTERN UNIVERSITY,,http://www.moafl.org,ART,591083502,A40,01/01/201206 12:00:00 AM,$897848493.00,$689166365.00,9.0,2,3,12,11.0,70204.0,2017.0,90754.0,16475.0,33100.0,22744.0,0.0,840,0,1,0,1,"FORT LAUDERDALE, FL 33314-7796
(26.078588, -80.243243)",,FORT LAUDERDALE,FL,33314-7796,"FORT LAUDERDALE, FL 33314-7796
(26.07793398500047, -80.23901627699968)"
8404100385,LINN COUNTY HISTORICAL SOCIETY INC,,,,HSC,930798486,A82,01/01/201312 12:00:00 AM,$0.00,$0.00,0.0,1,6,41,43.0,20300.0,5006.0,90068.0,1000.0,10540.0,,0.0,840,1,0,0,0,"1132 30TH SW
ALBANY, OR 97321
(44.614081, -123.117252)",1132 30TH SW,ALBANY,OR,97321,"1132 30TH SW
ALBANY, OR 97321
(44.61404157900046, -123.1175300599997)"
8401201067,LIGHTNER MUSEUM OF HOBBIES,THE LIGHTNER MUSEUM,9048242874.0,http://www.lightnermuseum.org,GMU,596001426,A50,01/01/201306 12:00:00 AM,$722968.00,$572488.00,5.0,2,3,12,109.0,20400.0,2000.0,93016.0,62500.0,27260.0,,0.0,840,1,0,1,0,"75 KING ST
SAINT AUGUSTINE, FL 32084-4386
(29.892073, -81.314317)",75 KING ST,SAINT AUGUSTINE,FL,32084-4386,"75 KING ST
SAINT AUGUSTINE, FL 32084-4386
(29.892093686000464, -81.31426366299968)"
8401200430,MIAMI SCOTTISH RITE CENTER PRESERVATION CORPORATION,,,,HSC,261456647,A80,01/01/201212 12:00:00 AM,$0.00,$0.00,0.0,1,3,12,86.0,3601.0,1011.0,92158.0,45000.0,33100.0,33124.0,0.0,840,1,0,0,0,"471 NW 3RD STREET
MIAMI, FL 33128-1602
(25.776789, -80.202289)",471 NW 3RD STREET,MIAMI,FL,33128-1602,"471 NW 3RD STREET
MIAMI, FL 33128-1602
(25.77673356900044, -80.20248683499966)"
8400800023,OVERLAND TRAIL MUSEUM,OVERLAND TRAIL MUSEUM,9705223895.0,,GMU,,,,,,,3,5,8,75.0,966200.0,1091.0,93515.0,73935.0,44540.0,,1.0,840,0,1,0,0,"CENTENNIAL SQUARE
STERLING, CO 80751
(40.639507, -103.2020785)",CENTENNIAL SQUARE,STERLING,CO,80751,"CENTENNIAL SQUARE
STERLING, CO 80751
(40.63948225000047, -103.20248645399965)"
8403700882,MUSEUM OF AMERICAN CUT AND ENGRAVED GLASS INC,MUSEUM OF AMERICAN CUT AND ENGRAVED GLASS,,,ART,593397291,A51,01/01/201305 12:00:00 AM,$169204.00,$156118.00,4.0,4,3,37,113.0,970502.0,1004.0,91480.0,,19000.0,,1.0,840,1,0,0,1,"218 WHITESIDE MOUNTAIN RD
HIGHLANDS, NC 28741-7357
(35.090166, -83.148137)",218 WHITESIDE MOUNTAIN RD,HIGHLANDS,NC,28741-7357,"218 WHITESIDE MOUNTAIN RD
HIGHLANDS, NC 28741-7357
(35.089261717000454, -83.14804371699967)"
8403100094,BLAIR CITY PARKS AND ARBORETUM,BLAIR CITY PARKS AND ARBORETUM,,,BOT,,,,,,,3,5,31,177.0,50102.0,4039.0,5350.0,5350.0,36540.0,,0.0,840,0,1,0,0,"218 SOUTH 16TH STREET
BLAIR, NE 68008
(41.542633, -96.136135)",218 SOUTH 16TH STREET,BLAIR,NE,68008,"218 SOUTH 16TH STREET
BLAIR, NE 68008
(41.54259242600045, -96.13606519999968)"
8402700005,WASHINGTON COUNTY MUSEUM,,6514395956.0,http://www.wchsmn.org,GMU,,,,,,,2,4,27,163.0,70502.0,1058.0,62824.0,62824.0,33460.0,,0.0,840,0,0,1,0,"602 MAIN ST N
STILLWATER, MN 55082
(45.06163, -92.807857)",602 MAIN ST N,STILLWATER,MN,55082,"602 MAIN ST N
STILLWATER, MN 55082
(45.06212933800049, -92.80682498199968)"
8401800466,MARSHALL COUNTY HISTORICAL SOCIETY FOUNDATION,,,,HSC,351799962,,,,,,3,4,18,99.0,20500.0,2007.0,11530.0,60822.0,38500.0,,1.0,840,1,0,0,0,"317 W MONROE ST
PLYMOUTH, IN 46563
(41.345118, -86.31286)",317 W MONROE ST,PLYMOUTH,IN,46563,"317 W MONROE ST
PLYMOUTH, IN 46563
(41.34510851300047, -86.31247138899965)"
8402600319,NORTHEAST OAKLAND HISTORICAL,NORTHEAST OAKLAND HISTORICAL MUSEUM,2486288413.0,,HST,237235912,A54,01/01/201312 12:00:00 AM,$0.00,$0.00,0.0,2,4,26,125.0,121500.0,3007.0,62040.0,62020.0,19820.0,47664.0,0.0,840,1,0,1,0,"1 NORTH WASHINGTON STREET
OXFORD, MI 48371-4673
(42.824875, -83.265474)",1 NORTH WASHINGTON STREET,OXFORD,MI,48371-4673,"1 NORTH WASHINGTON STREET
OXFORD, MI 48371-4673
(42.82498857000047, -83.26522427499964)"
8401201097,ALBERT WHITTED AIRPORT PRESERVATION SOCIETY INC,,,,HSC,600004737,A80,01/01/201112 12:00:00 AM,$42959.00,$36192.00,3.0,1,3,12,103.0,28600.0,1002.0,93042.0,63000.0,45300.0,,0.0,840,1,0,0,0,"451 8TH AVE SE
ST PETERSBURG, FL 33701-5025
(27.77193, -82.638501)",451 8TH AVE SE,ST PETERSBURG,FL,33701-5025,"451 8TH AVE SE
ST PETERSBURG, FL 33701-5025
(27.76244014900044, -82.62994862999966)"
8402200305,INTERNATIONAL PETROLEUM MUSEUM AND EXPOSITION INC,INTERNATIONAL PETROLEUM MUSEUM & EXPOSITION,,,SCI,721243629,A57,01/01/201212 12:00:00 AM,$421152.00,$421152.00,4.0,3,3,22,101.0,40300.0,3088.0,95053.0,52040.0,34020.0,,1.0,840,1,1,0,0,"PO BOX 1988
MORGAN CITY, LA 70381-1988
(29.694454, -91.208843)",PO BOX 1988,MORGAN CITY,LA,70381-1988,"PO BOX 1988
MORGAN CITY, LA 70381-1988
(29.70240277500045, -91.19958779599966)"
8402500586,CENTRAL MASS STEAM GAS AND MACHINERY INSTITUTE INC,,,,HSC,43555781,A80,01/01/201212 12:00:00 AM,$0.00,$0.00,0.0,3,1,25,11.0,40501.0,2003.0,51265.0,51230.0,24640.0,,1.0,840,1,0,0,0,"PO BOX 32
ORANGE, MA 01364-0032
(42.590606, -72.299949)",PO BOX 32,ORANGE,MA,01364-0032,"PO BOX 32
ORANGE, MA 01364-0032
(42.58855032500048, -72.30960740799964)"
8403601006,HISPANIC SOCIETY OF AMERICA MUSEUM,THE HISPANIC SOCIETY OF AMERICA,2129262234.0,http://www.hispanicsociety.org,HSC,135661025,,01/01/201209 12:00:00 AM,$34563162.00,$7888594.00,8.0,1,2,36,61.0,24100.0,2001.0,44919.0,51000.0,35620.0,35614.0,0.0,840,1,0,1,0,"613 W 155TH ST
NEW YORK, NY 10032-7501
(40.833126, -73.946634)",613 W 155TH ST,NEW YORK,NY,10032-7501,"613 W 155TH ST
NEW YORK, NY 10032-7501
(40.83319662300045, -73.94671861199964)"
8402300375,FINNISH HERITAGE HOUSE,,,,HSC,43773388,A80,01/01/201212 12:00:00 AM,$0.00,$0.00,0.0,4,1,23,13.0,970800.0,1006.0,72585.0,,,,0.0,840,1,0,0,0,"PO BOX 293
SOUTH THOMASTON, ME 04858-0293
(44.051136, -69.126947)",PO BOX 293,SOUTH THOMASTON,ME,04858-0293,"PO BOX 293
SOUTH THOMASTON, ME 04858-0293
(44.052321806000464, -69.12501827399967)"
8405100736,CRISPUS ATTUCKS CULTURAL CENTER INC,,,,HSC,541592263,A82,01/01/201206 12:00:00 AM,$114466.00,$114466.00,4.0,1,3,51,710.0,4200.0,1035.0,94875.0,57000.0,47260.0,,0.0,840,1,0,0,0,"PO BOX 1272
NORFOLK, VA 23501-1272
(36.852841, -76.281441)",PO BOX 1272,NORFOLK,VA,23501-1272,"PO BOX 1272
NORFOLK, VA 23501-1272
(36.85213084400044, -76.28109874099965)"
8404200466,HISTORICAL SOCIETY OF DAUPHIN COUNTY,HISTORICAL SOCIETY-DAUPHIN,,http://www.dauphincountyhistory.org,HSC,231396832,A82,01/01/201206 12:00:00 AM,$520812.00,$502386.00,5.0,1,2,42,43.0,20100.0,2066.0,32800.0,32800.0,25420.0,,0.0,840,1,1,1,1,"219 S FRONT ST
HARRISBURG, PA 17104-1619
(40.256523, -76.879108)",219 S FRONT ST,HARRISBURG,PA,17104-1619,"219 S FRONT ST
HARRISBURG, PA 17104-1619
(40.256405749000464, -76.87881804699964)"
8401200726,FLORIDA TRUST FOR HISTORIC PRESERVATION INC,,,,HSC,591834416,A80,01/01/201212 12:00:00 AM,$115518.00,$115518.00,4.0,1,3,12,73.0,500.0,2002.0,93295.0,70600.0,45220.0,,0.0,840,1,0,0,0,"PO BOX 11206
TALLAHASSEE, FL 32302
(30.440715, -84.289672)",PO BOX 11206,TALLAHASSEE,FL,32302,"PO BOX 11206
TALLAHASSEE, FL 32302
(30.44179007800045, -84.28334902499967)"
8400900466,JUST SO YOU KNOW INC,,,,HSC,261614242,A80,01/01/201212 12:00:00 AM,$0.00,$0.00,0.0,2,1,9,1.0,50200.0,1027.0,83500.0,83570.0,14860.0,,0.0,840,1,0,0,0,"PO BOX 492
WESTPORT, CT 06881-0492
(41.141603, -73.358137)",PO BOX 492,WESTPORT,CT,06881-0492,"PO BOX 492
WESTPORT, CT 06881-0492
(41.14112040900045, -73.35605850199966)"
8401700532,HOOSIER TRACTION MEET INC,,,,HSC,351976784,A80,01/01/201212 12:00:00 AM,$0.00,$0.00,0.0,1,4,17,31.0,170600.0,2002.0,14000.0,14000.0,16980.0,16974.0,0.0,840,1,0,0,0,"3500 INVERNESS BLVD
CARMEL, IL 60634-2837
(41.944729, -87.788748)",3500 INVERNESS BLVD,CARMEL,IL,60634-2837,"3500 INVERNESS BLVD
CARMEL, IL 60634-2837
(41.94383408200048, -87.83262575099968)"
8401800624,PRAIRIE PRESERVATION GUILD LTD,,,,HSC,352150761,A80,01/01/201212 12:00:00 AM,$463260.00,$463260.00,4.0,4,4,18,7.0,100200.0,2061.0,11224.0,,29200.0,,0.0,840,1,0,0,0,"PO BOX 125
FOWLER, IN 47944-0125
(40.600539, -87.323299)",PO BOX 125,FOWLER,IN,47944-0125,"PO BOX 125
FOWLER, IN 47944-0125
(40.61658267100046, -87.32099702299968)"
8400400262,AFRICAN AMERICAN MULTICULTURAL MUSEUM,AFRICAN AMERICAN MULTICULTURE MUSEUM,4803144400.0,http://www.aammuseum.org,HST,841637761,A54,01/01/201212 12:00:00 AM,$0.00,$0.00,0.0,1,6,4,13.0,216837.0,2018.0,92601.0,65000.0,38060.0,,0.0,840,1,0,1,0,"11259 E VIA LINDA SUITE 100-159
SCOTTSDALE, AZ 85259-4076
(33.587128, -111.839645)",11259 E VIA LINDA SUITE 100-159,SCOTTSDALE,AZ,85259-4076,"11259 E VIA LINDA SUITE 100-159
SCOTTSDALE, AZ 85259-4076
(33.58749640300044, -111.83894605499967)"
8402800195,MISSISSIPPI CHAPTER OF THE EIGHTH AIR FORCE HISTORICAL SOCIE,,,,HSC,640800957,,,,,,3,3,28,81.0,950700.0,1034.0,92583.0,74840.0,46180.0,,1.0,840,1,0,0,0,"214 N MADISON
TUPELO, MS 38804
(34.258619, -88.711229)",214 N MADISON,TUPELO,MS,38804,"214 N MADISON
TUPELO, MS 38804
(34.258320910000464, -88.71120951899968)"
8400602082,WILLAM B KOLENDER SHERIFFS MUSEUM & EDUCATIONAL CENTER FOUND,SHERIFF'S MUSEUM AND EDUCATIONAL CENTER,6192601850.0,http://www.sheriffmuseum.org,GMU,800493671,A50,01/01/201012 12:00:00 AM,$0.00,$0.00,0.0,1,6,6,73.0,9106.0,1036.0,92780.0,66000.0,41740.0,,0.0,840,1,0,1,0,"2384 SAN DIEGO AVE OLD TOWN
SAN DIEGO, CA 92110
(32.75075, -117.193045)",2384 SAN DIEGO AVE OLD TOWN,SAN DIEGO,CA,92110,"2384 SAN DIEGO AVE OLD TOWN
SAN DIEGO, CA 92110
(32.75094449600044, -117.19313120599969)"
8404700268,HERITAGE KEEPERS,,,,HSC,542137962,A80,01/01/201309 12:00:00 AM,$2000.00,$2000.00,1.0,4,3,47,79.0,969800.0,1091.0,90270.0,,37540.0,,1.0,840,1,0,0,0,"1745 BEN SMITH RD
HENRY, TN 38231-3506
(36.185974, -88.466535)",1745 BEN SMITH RD,HENRY,TN,38231-3506,"1745 BEN SMITH RD
HENRY, TN 38231-3506
(36.184129544000484, -88.46452488599965)"
8405400205,TRI-STATE GENEALOGICAL HISTORICAL SOCIETY INC,TRI STATE GENEALOGICAL SOCIETY,3043872467.0,,HSC,550745246,,,,,,3,3,54,29.0,20900.0,1025.0,91308.0,58420.0,48260.0,,0.0,840,0,0,1,0,"PO BOX 454
NEWELL, WV 26050
(40.616887, -80.608267)",PO BOX 454,NEWELL,WV,26050,"PO BOX 454
NEWELL, WV 26050
(40.615103401000454, -80.60343786199968)"
8400400131,HIGH DESERT HERITAGE MUSEUM INC,,,,HST,205862551,A54,01/01/201209 12:00:00 AM,$0.00,$0.00,0.0,4,6,4,25.0,1401.0,1022.0,90765.0,69060.0,39140.0,,0.0,840,1,0,0,0,"PO BOX 1168
MAYER, AZ 86333-1168
(34.34912, -112.163095)",PO BOX 1168,MAYER,AZ,86333-1168,"PO BOX 1168
MAYER, AZ 86333-1168
(34.39991409000049, -112.23851659699972)"
8401300218,THE ENITIATIVE GROUP INC,,,,HSC,260846929,A80,01/01/201212 12:00:00 AM,$30925.00,$30925.00,3.0,2,3,13,121.0,10301.0,1033.0,90144.0,,12060.0,,0.0,840,1,0,0,0,"540 PICKFORD PL
ATLANTA, GA 30349-7989
(33.664109, -84.635705)",540 PICKFORD PL,ATLANTA,GA,30349-7989,"540 PICKFORD PL
ATLANTA, GA 30349-7989
(33.663965473000474, -84.63516433299964)"
8404200828,NINTH PENNSYLVANIA RESERVE INC,,,,HSC,232957967,A80,01/01/201212 12:00:00 AM,$0.00,$0.00,0.0,2,2,42,125.0,751200.0,1025.0,11176.0,,38300.0,,0.0,840,1,0,0,0,"64 VALLEY VIEW DRIVE
WASHINGTON, PA 15301-2410
(40.173729, -80.280194)",64 VALLEY VIEW DRIVE,WASHINGTON,PA,15301-2410,"64 VALLEY VIEW DRIVE
WASHINGTON, PA 15301-2410
(40.17424562700046, -80.28129389299966)"
8403900515,BRUKNER NATURE CENTER,BRUKNER NATURE CENTER,,,GMU,310732613,C60,01/01/201212 12:00:00 AM,$319228.00,$304036.00,4.0,4,4,39,109.0,330100.0,3065.0,55594.0,,19380.0,,0.0,840,1,1,0,0,"5995 HORSESHOE BEND RD
TROY, OH 45373-9485
(40.008749, -84.310179)",5995 HORSESHOE BEND RD,TROY,OH,45373-9485,"5995 HORSESHOE BEND RD
TROY, OH 45373-9485
(40.0087078090005, -84.31483144499964)"
8403700494,ONSLOW COUNTY MUSEUM FOUNDATION INC,ONSLOW COUNTY MUSEUM,,http://www.co.onslow.nc.us,GMU,561152223,A50,01/01/201206 12:00:00 AM,$0.00,$0.00,0.0,4,3,37,133.0,201.0,3029.0,92672.0,56360.0,27340.0,,0.0,840,1,0,1,0,"301 S WILMINGTON STREET
RICHLANDS, NC 28574
(34.870035, -77.582515)",301 S WILMINGTON STREET,RICHLANDS,NC,28574,"301 S WILMINGTON STREET
RICHLANDS, NC 28574
(34.89727583400048, -77.54773229599965)"
8403601492,SCHROEPPEL HISTORICAL SOCIETY,,,,HSC,161477949,A80,01/01/201212 12:00:00 AM,$5388.00,$5330.00,1.0,2,2,36,75.0,20901.0,1007.0,65618.0,57661.0,45060.0,,0.0,840,1,0,0,0,"16 JEFFERSON ST
PHOENIX, NY 13135-2334
(43.227216, -76.294703)",16 JEFFERSON ST,PHOENIX,NY,13135-2334,"16 JEFFERSON ST
PHOENIX, NY 13135-2334
(43.22705060800047, -76.29454762599966)"
8400602001,ROSITA C VICTORIA FOUNDATION,,,,ART,770427450,A51,01/01/201212 12:00:00 AM,$20000.00,,2.0,2,6,6,59.0,75809.0,1001.0,90050.0,82744.0,31080.0,11244.0,0.0,840,1,0,0,0,"19051 RIDGEVIEW RD
VILLA PARK, CA 92861-1307
(33.820874, -117.800057)",19051 RIDGEVIEW RD,VILLA PARK,CA,92861-1307,"19051 RIDGEVIEW RD
VILLA PARK, CA 92861-1307
(33.82030288000044, -117.8005284079997)"
8404100093,CITY OF FOSSIL MUSEUM,CITY OF FOSSIL MUSEUM,5417632400.0,,GMU,,,,,,,4,6,41,69.0,960100.0,1207.0,91173.0,,,,0.0,840,0,1,0,0,"FOSSIL, OR 97830
(44.9219, -120.176531)",,FOSSIL,OR,97830,"FOSSIL, OR 97830
(44.94870760600048, -120.13154751199971)"
8402100380,DOWNTOWN HENDERSON PROJECT INC,PROJECT IN DOWNTOWN HENDERSON,2708270016.0,,HSC,611288674,A82,01/01/201212 12:00:00 AM,$132886.00,$129129.00,4.0,2,3,21,101.0,20400.0,2012.0,91704.0,35866.0,21780.0,,0.0,840,1,0,1,0,"131 N MAIN ST
HENDERSON, KY 42420-3101
(37.829825, -87.571462)",131 N MAIN ST,HENDERSON,KY,42420-3101,"131 N MAIN ST
HENDERSON, KY 42420-3101
(37.84032409500048, -87.59198955499966)"
8402500686,JAMAICA PLAIN TUESDAY CLUB INC,"JAMAICA PLAIN TUESDAY CLUB, INC.",6175243158.0,http://loring-greenough.org/,HSC,46113140,A82,01/01/201204 12:00:00 AM,$536924.00,$-23945.00,5.0,1,1,25,25.0,120104.0,3001.0,7000.0,7000.0,14460.0,14454.0,0.0,840,1,1,0,0,"12 SOUTH ST
JAMAICA PLAIN, MA 02130-3105
(42.308842, -71.115566)",12 SOUTH ST,JAMAICA PLAIN,MA,02130-3105,"12 SOUTH ST
JAMAICA PLAIN, MA 02130-3105
(42.30946720300045, -71.11546691499967)"
8404800601,MUSEUM OF EAST TEXAS,LUFKIN HISTORICAL AND CREATIVE ART CENT,9366394434.0,,ART,237413826,A51,01/01/201303 12:00:00 AM,$389902.00,$370522.00,4.0,3,5,48,5.0,700.0,3054.0,92325.0,45072.0,31260.0,,1.0,840,1,0,1,1,"503 N 2ND ST
LUFKIN, TX 75901-3013
(31.342708, -94.726203)",503 N 2ND ST,LUFKIN,TX,75901-3013,"503 N 2ND ST
LUFKIN, TX 75901-3013
(31.342711609000446, -94.72614626499967)"
8404801957,GULF COAST ARCHIVES & MUSEUM OF G L B T HISTORY INC,,,,GMU,760620953,A50,01/01/201212 12:00:00 AM,$17677.00,$17677.00,2.0,1,5,48,201.0,530500.0,1015.0,91835.0,35000.0,26420.0,,0.0,840,1,0,0,0,"PO BOX 130192
HOUSTON, TX 77022-1541
(29.829216, -95.380922)",PO BOX 130192,HOUSTON,TX,77022-1541,"PO BOX 130192
HOUSTON, TX 77022-1541
(29.841203971000482, -95.40096901899966)"
8404801433,ELLIS COUNTY MUSEUM INC,,,,HST,751285688,A54,01/01/201307 12:00:00 AM,$98719.00,$87194.00,3.0,2,5,48,139.0,60400.0,4017.0,94090.0,76816.0,19100.0,19124.0,0.0,840,1,0,0,0,"PO BOX 706
WAXAHACHIE, TX 75168-0706
(32.387676, -96.84612)",PO BOX 706,WAXAHACHIE,TX,75168-0706,"PO BOX 706
WAXAHACHIE, TX 75168-0706
(32.38817225700046, -96.84573979099969)"
8401200739,EAST HILLSBOROUGH HISTORICAL SOCIETY INC,,,,HSC,591918624,A82,01/01/201209 12:00:00 AM,$129408.00,$62264.00,4.0,2,3,12,57.0,12702.0,2024.0,92769.0,57550.0,45300.0,,0.0,840,1,0,0,0,"605 N COLLINS ST
PLANT CITY, FL 33563-3321
(28.019118, -82.123925)",605 N COLLINS ST,PLANT CITY,FL,33563-3321,"605 N COLLINS ST
PLANT CITY, FL 33563-3321
(28.019143467000447, -82.12394966999966)"
8401300616,FORE AUGUSTA FOUNDATION INC,FORE AUGUSTA FOUNDATION,,,GMU,582415361,A50,01/01/201212 12:00:00 AM,$684853.00,$443540.00,5.0,1,3,13,245.0,1601.0,1007.0,90168.0,4204.0,12260.0,,0.0,840,1,0,1,0,"3165 DAMASCUS RD
AUGUSTA, GA 30909-4035
(33.466418, -82.049318)",3165 DAMASCUS RD,AUGUSTA,GA,30909-4035,"3165 DAMASCUS RD
AUGUSTA, GA 30909-4035
(33.468359132000444, -82.04922769599966)"
8405300550,VETERANS MEMORIAL MUSEUM,,,,HST,911744786,A54,01/01/201212 12:00:00 AM,$159673.00,$135874.00,4.0,3,6,53,41.0,970900.0,1031.0,90512.0,11475.0,16500.0,,1.0,840,1,0,0,0,"100 SW VETERANS WAY
CHEHALIS, WA 98532-1100
(46.654155, -122.978752)",100 SW VETERANS WAY,CHEHALIS,WA,98532-1100,"100 SW VETERANS WAY
CHEHALIS, WA 98532-1100
(46.65413730200049, -122.97736940099969)"
8400602032,DUNES DISCOVERY CENTER INC,DUNES CENTER,8053432455.0,http://www.dunescenter.org,GMU,770502739,,01/01/201212 12:00:00 AM,$476254.00,$260232.00,4.0,3,6,6,83.0,2502.0,4010.0,91200.0,31414.0,42200.0,,0.0,840,1,1,1,0,"PO BOX 339
GUADALUPE, CA 93434-0339
(34.963289, -120.575192)",PO BOX 339,GUADALUPE,CA,93434-0339,"PO BOX 339
GUADALUPE, CA 93434-0339
(34.971951428000466, -120.57201965599972)"
8400602025,CALIFORNIA HISTORICAL ARTILLERY SOCIETY,,,,HSC,770480342,A80,01/01/201209 12:00:00 AM,$99660.00,$74424.00,3.0,4,6,6,53.0,10606.0,1154.0,92730.0,,41500.0,,0.0,840,1,0,0,0,"185 ZABALA RD
SALINAS, CA 93908-9753
(36.654139, -121.559559)",185 ZABALA RD,SALINAS,CA,93908-9753,"185 ZABALA RD
SALINAS, CA 93908-9753
(36.65607334800046, -121.55797727099969)"
8404100572,UMATILLA COUNTY HISTORICAL SOCIETY,UMATILLA COUNTY HISTORICAL SOCIETY MUSEUM,5412760012.0,,HSC,936094816,A82,01/01/201212 12:00:00 AM,$217869.00,$158081.00,4.0,3,6,41,59.0,950600.0,3035.0,92448.0,57150.0,25840.0,,1.0,840,1,1,0,0,"PO BOX 253
PENDLETON, OR 97801-0253
(45.668575, -118.780544)",PO BOX 253,PENDLETON,OR,97801-0253,"PO BOX 253
PENDLETON, OR 97801-0253
(45.67128818900051, -118.78785616899972)"
8403600042,TECH MUSEUM BOX MOUNTS,,7186294717.0,,GMU,,,,,,,1,2,36,47.0,93800.0,2000.0,10022.0,51000.0,35620.0,35614.0,0.0,840,0,0,1,0,"249 E 57TH ST
BROOKLYN, NY 11203
(40.644523, -74.019901)",249 E 57TH ST,BROOKLYN,NY,11203,"249 E 57TH ST
BROOKLYN, NY 11203
(40.64972447500048, -73.92334428899966)"
8404000291,CHISHOLM TRAIL MUSEUM INC,CHISHOLM TRAIL MUSEUM,4053755176.0,http://www.okhistory.org/sites/chisholmtra,HST,730744386,A54,01/01/201212 12:00:00 AM,$125800.00,$122952.00,4.0,3,5,40,73.0,958300.0,2070.0,91586.0,39850.0,,,0.0,840,1,1,1,0,"605 ZELLERS AVE
KINGFISHER, OK 73750-4228
(35.848603, -97.939553)",605 ZELLERS AVE,KINGFISHER,OK,73750-4228,"605 ZELLERS AVE
KINGFISHER, OK 73750-4228
(35.848547606000466, -97.93888081399967)"
8402600738,SAULT STE MARIE FOUNDATION FOR CULTURE AND HISTORY,,,,GMU,382948641,A50,01/01/201212 12:00:00 AM,$47256.00,$45659.00,3.0,3,4,26,33.0,970500.0,1012.0,71740.0,71740.0,42300.0,,1.0,840,1,0,0,0,"PO BOX 627
SAULT S MARIE, MI 49783-0627
(46.469274, -84.349673)",PO BOX 627,SAULT S MARIE,MI,49783-0627,"PO BOX 627
SAULT S MARIE, MI 49783-0627
(46.499459248000505, -84.34832683499968)"
8403300140,JEFFERSON HISTORICAL SOCIETY,,,,HST,20374417,A54,01/01/201205 12:00:00 AM,$0.00,$0.00,0.0,4,1,33,7.0,951000.0,1043.0,38820.0,,13620.0,,1.0,840,1,0,0,0,"PO BOX 143
JEFFERSON, NH 03583-0143
(44.418779, -71.473856)",PO BOX 143,JEFFERSON,NH,03583-0143,"PO BOX 143
JEFFERSON, NH 03583-0143
(44.42039590100046, -71.47644828299963)"
8400800168,PINE RIVER VALLEY HERITAGE SOCIETY,PINE RIVER VALLEY BANK,9708849583.0,http://www.prvb.com,GMU,201620359,A50,01/01/201212 12:00:00 AM,$0.00,$0.00,0.0,4,5,8,67.0,970600.0,2000.0,90266.0,,20420.0,,1.0,840,1,0,1,0,"PO BOX 1981
BAYFIELD, CO 81122-1981
(37.286851, -107.594296)",PO BOX 1981,BAYFIELD,CO,81122-1981,"PO BOX 1981
BAYFIELD, CO 81122-1981
(37.22739157800049, -107.60224813199966)"
8401200544,DALMINGO SOCIETY GREATER TAMPA METRO CHAPTER,,,,HSC,311805792,A80,01/01/201212 12:00:00 AM,$0.00,$0.00,0.0,2,3,12,101.0,31406.0,2000.0,92327.0,48525.0,45300.0,,0.0,840,1,0,0,0,"PO BOX 1865
NEW PORT RICHEY, FL 34656-1865
(28.249744, -82.700616)",PO BOX 1865,NEW PORT RICHEY,FL,34656-1865,"PO BOX 1865
NEW PORT RICHEY, FL 34656-1865
(28.249711057000468, -82.70632757999965)"
8404800013,UNITED STATES HOLOCAUST MEML,,9724906300.0,,GMU,,,,,,,1,5,48,113.0,9604.0,3036.0,92792.0,19000.0,19100.0,19124.0,0.0,840,0,0,1,0,"5925 FOREST LN
DALLAS, TX 75230
(32.909559, -96.805379)",5925 FOREST LN,DALLAS,TX,75230,"5925 FOREST LN
DALLAS, TX 75230
(32.90958786600049, -96.8053706769997)"
8400400289,TEMPE HISTORICAL SOCIETY,TEMPE HISTORICAL MUSEUM,4803505100.0,http://www.tempe.gov,HSC,860268334,A82,01/01/201206 12:00:00 AM,$6053.00,$0.00,1.0,1,6,4,13.0,319800.0,6000.0,92601.0,73000.0,38060.0,,0.0,840,1,0,1,0,"809 E SOUTHERN AVE
TEMPE, AZ 85282-5205
(33.392927, -111.93193)",809 E SOUTHERN AVE,TEMPE,AZ,85282-5205,"809 E SOUTHERN AVE
TEMPE, AZ 85282-5205
(33.39293356300044, -111.92681991499967)"
8402100040,MILLSPRINGS BATTLEFIELD MUSEUM,,6066364045.0,http://www.millsprings.net,GMU,,,,,,,4,3,21,199.0,930300.0,4008.0,92488.0,,43700.0,,1.0,840,0,0,1,0,"9020 W HIGHWAY 80
NANCY, KY 42544
(37.132557, -84.852811)",9020 W HIGHWAY 80,NANCY,KY,42544,"9020 W HIGHWAY 80
NANCY, KY 42544
(37.071674060000475, -84.74893962999965)"
8404400050,NEWPORT HISTORICAL SOCIETY,NEWPORT HISTORICAL SOCIETY,4018460813.0,,HSC,50264532,A82,01/01/201306 12:00:00 AM,$2024546.00,$1471942.00,6.0,2,1,44,5.0,40800.0,2000.0,49960.0,49960.0,39300.0,,0.0,840,1,0,0,1,"82 TOURO ST
NEWPORT, RI 02840-2931
(41.489317, -71.311727)",82 TOURO ST,NEWPORT,RI,02840-2931,"82 TOURO ST
NEWPORT, RI 02840-2931
(41.48913566600049, -71.31176503299963)"
8400100219,HANCEVILLE HISTORICAL PRESERVATION GROUP,,,,HSC,522442424,A80,01/01/201309 12:00:00 AM,$0.00,$0.00,0.0,4,3,1,43.0,965100.0,1023.0,90810.0,,18980.0,,1.0,840,1,0,0,0,"773 COUNTY ROAD 622
HANCEVILLE, AL 35077-6966
(34.120072, -86.761501)",773 COUNTY ROAD 622,HANCEVILLE,AL,35077-6966,"773 COUNTY ROAD 622
HANCEVILLE, AL 35077-6966
(34.12147978700045, -86.76253307299964)"
8403900349,BOARDMAN HISTORICAL SOCIETY,,,,HSC,237182995,A82,01/01/201212 12:00:00 AM,$34556.00,$34556.00,3.0,1,4,39,99.0,811600.0,2001.0,7468.0,7454.0,49660.0,,0.0,840,1,0,0,0,"PO BOX 3134
BOARDMAN, OH 44513-3134
(41.024458, -80.674918)",PO BOX 3134,BOARDMAN,OH,44513-3134,"PO BOX 3134
BOARDMAN, OH 44513-3134
(41.024391841000465, -80.67474645099963)"
8400602875,MUSEUM OF CALIFORNIA DESIGN INC,MUSEUM OF CALIFORNIA DESIGN,,http://www.mocad.org,ART,954742846,A51,01/01/201212 12:00:00 AM,$76625.00,$64785.00,3.0,1,6,6,37.0,214502.0,3001.0,91750.0,44000.0,31080.0,31084.0,0.0,840,1,0,1,0,"PO BOX 361370
LOS ANGELES, CA 90036-9354
(34.068431, -118.350127)",PO BOX 361370,LOS ANGELES,CA,90036-9354,"PO BOX 361370
LOS ANGELES, CA 90036-9354
(34.06218116700046, -118.34518702199972)"
8400900219,FRIENDS OF THE VALLEY RAILROAD INC,,,,HSC,61323607,A80,01/01/201312 12:00:00 AM,$0.00,$0.00,0.0,2,1,9,7.0,630100.0,6002.0,26270.0,,25540.0,,0.0,840,1,0,0,0,"1 RAILROAD AVENUE
ESSEX, CT 06426-1516
(41.350201, -72.406538)",1 RAILROAD AVENUE,ESSEX,CT,06426-1516,"1 RAILROAD AVENUE
ESSEX, CT 06426-1516
(41.35159935600046, -72.40539424199966)"
8404800169,MUSEUM OF TEXAS TECH UNIVERSITY,,8067422443.0,http://www.museum.ttu.edu,GMU,,,,,,,1,5,48,303.0,1000.0,3062.0,92315.0,45000.0,31180.0,,0.0,840,0,0,1,0,"3301 E 4TH ST
LUBBOCK, TX 79403
(33.592513, -101.799166)",3301 E 4TH ST,LUBBOCK,TX,79403,"3301 E 4TH ST
LUBBOCK, TX 79403
(33.59253855300045, -101.80009093499967)"
8402500311,NEW ENGLAND AQUARIUM CORPORATION,NEW ENGLAND AQUARIUM CORPORATION,,http://www.neaq.org,ZAW,42297514,D50,01/01/201212 12:00:00 AM,$57360935.00,$41228523.00,9.0,1,1,25,25.0,30300.0,1011.0,7000.0,7000.0,14460.0,14454.0,0.0,840,1,1,0,0,"CENTRAL WHARF
BOSTON, MA 2110
(42.3589705, -71.050372)",CENTRAL WHARF,BOSTON,MA,2110,"CENTRAL WHARF
BOSTON, MA 2110
(42.35889096800048, -71.05079624299964)"
8404200523,MECHANICSBURG MUSEUM,MECHANICSBURG MUSEUM ASSOCIATION,,,HST,231997152,A54,01/01/201212 12:00:00 AM,$89166.00,$79883.00,3.0,2,2,42,41.0,11400.0,3017.0,48376.0,48376.0,25420.0,,0.0,840,1,1,0,0,"2 W STRAWBERRY AVE
MECHANICSBURG, PA 17055-6213
(40.213867, -77.008653)",2 W STRAWBERRY AVE,MECHANICSBURG,PA,17055-6213,"2 W STRAWBERRY AVE
MECHANICSBURG, PA 17055-6213
(40.213777665000464, -77.00884844999968)"
8404700259,COOKEVILLE CHILDRENS MUSEUM,COOKEVILLE CHILDRENS MUSEUM,9315203866.0,http://cookevillechildrensmuseum.org,CMU,470947695,A52,01/01/201212 12:00:00 AM,$94306.00,$94306.00,3.0,3,3,47,141.0,800.0,3113.0,90142.0,16920.0,18260.0,,1.0,840,1,0,1,0,"36 W 2ND ST
COOKEVILLE, TN 38501-2508
(36.166052, -85.507243)",36 W 2ND ST,COOKEVILLE,TN,38501-2508,"36 W 2ND ST
COOKEVILLE, TN 38501-2508
(36.166082866000465, -85.50724287599968)"
8402300367,PRESQUE ISLE AIR MUSEUM INC,,,,GMU,30511380,A50,01/01/201312 12:00:00 AM,$0.00,$0.00,0.0,3,1,23,3.0,952000.0,1031.0,60825.0,60825.0,,,0.0,840,1,0,0,0,"650 AIRPORT DR
PRESQUE ISLE, ME 04769-2088
(46.692885, -68.044595)",650 AIRPORT DR,PRESQUE ISLE,ME,04769-2088,"650 AIRPORT DR
PRESQUE ISLE, ME 04769-2088
(46.691528107000465, -68.04294968899967)"
8401300667,GRIFFIN MUSEUM,GRIFFIN MUSEUM,,http://www.cityofgriffin.com,GMU,586000587,,,,,,2,3,13,255.0,161200.0,1008.0,91380.0,35324.0,12060.0,,0.0,840,0,1,0,0,"POST OFFICE BOX T
GRIFFIN, GA 30224
(33.228064, -84.256272)",POST OFFICE BOX T,GRIFFIN,GA,30224,"POST OFFICE BOX T
GRIFFIN, GA 30224
(33.217001576000484, -84.25597983499966)"
8401300115,EARLY COUNTY MUSEUM,,2297247222.0,http://earlycountymuseum.com,GMU,,,,,,,3,3,13,99.0,90200.0,4017.0,90294.0,8536.0,,,0.0,840,0,0,1,0,"226 N MAIN ST
BLAKELY, GA 39823
(31.381383, -84.93384)",226 N MAIN ST,BLAKELY,GA,39823,"226 N MAIN ST
BLAKELY, GA 39823
(31.381384830000457, -84.93388772099968)"
8400602788,LANCASTER MUSEUM AND PUBLIC ART FOUNDATION,,,,ART,954221910,A51,01/01/201206 12:00:00 AM,$123982.00,$60841.00,4.0,2,6,6,37.0,900806.0,1026.0,92140.0,40130.0,31080.0,31084.0,0.0,840,1,0,0,0,"PO BOX 304
LANCASTER, CA 93584-0304
(34.698105, -118.138791)",PO BOX 304,LANCASTER,CA,93584-0304,"PO BOX 304
LANCASTER, CA 93584-0304
(34.69829430000044, -118.13887747599972)"
8400600613,CALIFORNIA MEMORIAL MUSEUM,,5592921981.0,,GMU,,,,,,,2,6,6,19.0,3104.0,3010.0,91080.0,14218.0,23420.0,,0.0,840,0,0,1,0,"3500 PELCO WAY
CLOVIS, CA 93612
(36.789272, -119.715934)",3500 PELCO WAY,CLOVIS,CA,93612,"3500 PELCO WAY
CLOVIS, CA 93612
(36.786880477000466, -119.7159638389997)"
8405300031,PATAHA FLOUR MILLS,,5098433799.0,http://www.patahaflourmill.com,HSC,,,,,,,4,6,53,23.0,970300.0,2189.0,92576.0,,,,0.0,840,0,0,1,0,"50 HUTCHENS HILL RD
POMEROY, WA 99347
(46.471195, -117.542457)",50 HUTCHENS HILL RD,POMEROY,WA,99347,"50 HUTCHENS HILL RD
POMEROY, WA 99347
(46.472572337000486, -117.54166362599972)"
8404201399,BRADFORD HOUSE HISTORICAL ASSOCIATION,,,,HSC,256070816,A82,01/01/201212 12:00:00 AM,$212512.00,$61014.00,4.0,2,2,42,125.0,754500.0,1027.0,81328.0,81328.0,38300.0,,0.0,840,1,0,0,0,"PO BOX 537
WASHINGTON, PA 15301-0537
(40.172375, -80.252458)",PO BOX 537,WASHINGTON,PA,15301-0537,"PO BOX 537
WASHINGTON, PA 15301-0537
(40.17230152600047, -80.25240758399968)"
