Museum ID,Name of Institution,Alternative Name of Institution,Phone,Web URL,Museum Type,EIN,NTEECC,Tax Period of Latest Return Filled,Gross Income,Total Revenue,Income Code,NCES Locale Code,AAM Museum Region,State Code,County Code,Tract,Block,Minor Civil Division,Place Code,CBSA Code,MSAD Code,Micropolitan Area Flag,Country Code,IRS 990 Flag,IMLS Admin Data Source Flag,Third Party Source Flag,Private Grant Foundation Data Source Flag,Location ,Address,City,State,Zip Code,Location
8402600015,WHITE RIVER LIGHT STATION MUSEUM,,2318948265.0,http://www.whiteriverlightstation.org,GMU,,,,,,,4,4,26,121.0,3700.0,4085.0,30980.0,,34740.0,,0.0,840,0,0,1,0,"6199 MURRAY RD
WHITEHALL, MI 49461
(43.371869, -86.422336)",6199 MURRAY RD,WHITEHALL,MI,49461,"6199 MURRAY RD
WHITEHALL, MI 49461
(43.3745321020005, -86.42368687999965)"
8401200481,IRG INTERNATIONAL RENAISSANCE GROUP INC,,,,HST,270810875,A54,01/01/201212 12:00:00 AM,$0.00,$0.00,0.0,2,3,12,15.0,20303.0,1014.0,92834.0,58350.0,39460.0,,0.0,840,1,0,0,0,"728 MIRADO LANE
PORT CHARLOTTE, FL 33948-2128
(26.999588, -82.124807)",728 MIRADO LANE,PORT CHARLOTTE,FL,33948-2128,"728 MIRADO LANE
PORT CHARLOTTE, FL 33948-2128
(26.999233741000467, -82.12432518399964)"
8404800260,G.H. PAPE FOUNDATION,G.H. PAPE FOUNDATION,8177532032.0,,GMU,,,,,,,1,5,48,309.0,1300.0,3009.0,94055.0,76000.0,47380.0,,0.0,840,0,1,0,0,"1901 NORTH 5TH STREET
WACO, TX 76708
(31.568886, -97.148379)",1901 NORTH 5TH STREET,WACO,TX,76708,"1901 NORTH 5TH STREET
WACO, TX 76708
(31.568691746000468, -97.14818973399969)"
8404700561,MISS JOHNSON CITY HISTORIC JONESBORGH SHOLARSHIP,,,http://www.missjohnsoncity.org,HSC,800738582,,01/01/201212 12:00:00 AM,$0.00,$0.00,0.0,1,3,47,179.0,62000.0,1041.0,90560.0,38320.0,27740.0,,0.0,840,1,0,0,0,"510 LEE CIRCLE
JOHNSON CITY, TN 37604
(36.309719, -82.366986)",510 LEE CIRCLE,JOHNSON CITY,TN,37604,"510 LEE CIRCLE
JOHNSON CITY, TN 37604
(36.31043751900046, -82.36723574099966)"
8404200632,MACK TRUCKS HISTORICAL MUSEUM,MACK TRUCKS,6107093011.0,http://macktrucks.com,HST,232355887,A54,01/01/201212 12:00:00 AM,$396437.00,$396437.00,3.0,1,2,42,77.0,1402.0,1015.0,2000.0,2000.0,10900.0,,0.0,840,1,0,1,0,"2402 LEHIGH PKWY S
ALLENTOWN, PA 18103-2900
(40.568678, -75.496104)",2402 LEHIGH PKWY S,ALLENTOWN,PA,18103-2900,"2402 LEHIGH PKWY S
ALLENTOWN, PA 18103-2900
(40.57397162500047, -75.49446829599964)"
8405100656,ELKTON HISTORICAL SOCIETY INC,,5402981717.0,,HSC,541224254,A80,01/01/201212 12:00:00 AM,$0.00,$0.00,0.0,3,3,51,165.0,10200.0,2113.0,95951.0,25408.0,25500.0,,0.0,840,1,0,0,0,"PO BOX 1
ELKTON, VA 22827-0001
(38.403086, -78.623901)",PO BOX 1,ELKTON,VA,22827-0001,"PO BOX 1
ELKTON, VA 22827-0001
(38.40842052400046, -78.61904619799964)"
8401200870,PIER AQUARIUM INC,,,,ZAW,592899571,D50,01/01/201209 12:00:00 AM,$922215.00,$868197.00,5.0,1,3,12,103.0,21500.0,3003.0,93042.0,63000.0,45300.0,,0.0,840,1,0,0,0,"800 SECOND AVENUE NE
ST PETERSBURG, FL 33701-3306
(27.77193, -82.638501)",800 SECOND AVENUE NE,ST PETERSBURG,FL,33701-3306,"800 SECOND AVENUE NE
ST PETERSBURG, FL 33701-3306
(27.76937355400048, -82.64535050299963)"
8400600474,CHILDRENS MUSEUM OF LA,,8186869280.0,http://www.childrensmuseumla.org,GMU,,,,,,,1,6,6,37.0,980021.0,1005.0,92785.0,44000.0,31080.0,31084.0,0.0,840,0,0,1,0,"11800 FOOTHILL BLVD
SYLMAR, CA 91342
(34.273444, -118.39364)",11800 FOOTHILL BLVD,SYLMAR,CA,91342,"11800 FOOTHILL BLVD
SYLMAR, CA 91342
(34.27360308900046, -118.39396458199968)"
8402800091,CAMP VAN DORN WORLD WAR II MUSEUM,,,,HST,260207318,A54,01/01/201212 12:00:00 AM,$25459.00,$24612.00,3.0,4,3,28,157.0,950100.0,2076.0,90711.0,,,,0.0,840,1,0,0,0,"PO BOX 1113
CENTREVILLE, MS 39631-1113
(31.074704, -91.088886)",PO BOX 1113,CENTREVILLE,MS,39631-1113,"PO BOX 1113
CENTREVILLE, MS 39631-1113
(31.09025397600044, -91.0684381539997)"
8400602289,MONTEREY COUNTY AGRICULTURAL AND RURAL LIFE MUSEUM,MONTEREY COUNTY AGRICULTURAL AND RURAL LIFE MU,,,HST,942495649,A54,01/01/201209 12:00:00 AM,$75481.00,$55351.00,3.0,3,6,6,53.0,11302.0,3012.0,91470.0,38520.0,41500.0,,0.0,840,1,0,0,1,"PO BOX 644
KING CITY, CA 93930-0644
(36.209357, -121.122527)",PO BOX 644,KING CITY,CA,93930-0644,"PO BOX 644
KING CITY, CA 93930-0644
(36.21273288800046, -121.1261381919997)"
8401500112,KAUAI MUSEUM ASSOCIATION LIMITED,KAUAI MUSEUM,8082456931.0,http://www.kauaimuseum.org,GMU,990105151,A50,01/01/201209 12:00:00 AM,$562641.00,$409354.00,5.0,3,6,15,7.0,40500.0,2024.0,92160.0,45200.0,28180.0,,1.0,840,1,0,1,0,"4428 RICE ST
LIHUE, HI 96766-1338
(21.975028, -159.368829)",4428 RICE ST,LIHUE,HI,96766-1338,"4428 RICE ST
LIHUE, HI 96766-1338
(21.974866527000472, -159.36842064699974)"
8405400148,PEARL S BUCK BIRTHPLACE FOUNDATION INC,PEARL S BUCK BIRTHPLACE MUSEUM,,http://www.pearlsbuckbirthplace.com,HSC,550491147,A82,01/01/201212 12:00:00 AM,$59291.00,$59291.00,3.0,4,3,54,75.0,960300.0,1053.0,91944.0,,,,0.0,840,1,1,1,0,"PO BOX 126
HILLSBORO, WV 24946-0126
(38.195293, -80.273678)",PO BOX 126,HILLSBORO,WV,24946-0126,"PO BOX 126
HILLSBORO, WV 24946-0126
(38.18650372000047, -80.26739785199965)"
8400400119,BRUCE C SMITH MODEL RAILROAD FOUNDATION,,,,HSC,202208325,A80,01/01/201212 12:00:00 AM,$0.00,$0.00,0.0,4,6,4,21.0,1200.0,1224.0,90816.0,,38060.0,,0.0,840,1,0,0,0,"1898 S PRIVATE DR
CASA GRANDE, AZ 85194-8510
(32.862474, -111.567665)",1898 S PRIVATE DR,CASA GRANDE,AZ,85194-8510,"1898 S PRIVATE DR
CASA GRANDE, AZ 85194-8510
(32.86241164900048, -111.5676832479997)"
8401200280,PENSACOLA LIGHTHOUSE ASSOCIATION INC,PENSACOLA LIGHTHOUSE,8503931561.0,http://www.pensacolalighthouse.org,GMU,30584825,A50,01/01/201212 12:00:00 AM,$631232.00,$507824.00,5.0,2,3,12,33.0,2400.0,1065.0,92691.0,,37860.0,,0.0,840,1,0,1,0,"2081 RADFORD BLVD
PENSACOLA, FL 32508-5403
(30.34689, -87.295442)",2081 RADFORD BLVD,PENSACOLA,FL,32508-5403,"2081 RADFORD BLVD
PENSACOLA, FL 32508-5403
(30.34810824800047, -87.30471334399965)"
8404000148,CROSS & COCKADE MUSEUM,,,,GMU,237039187,,01/01/201212 12:00:00 AM,$0.00,$0.00,0.0,3,5,40,23.0,967200.0,2069.0,91430.0,36300.0,,,0.0,840,1,0,0,0,"603 W JACKSON
HUGO, OK 74743
(34.014379, -95.508247)",603 W JACKSON,HUGO,OK,74743,"603 W JACKSON
HUGO, OK 74743
(34.01149230900046, -95.51841009099968)"
8400400408,ARIZONA HISTORICAL SOCIETY,ARIZONA HISTORICAL SOCIETY,10015576066.0,http://www.arizonahistoricalsociety.org,HSC,860874360,A82,01/01/201306 12:00:00 AM,$0.00,$0.00,0.0,1,6,4,19.0,500.0,6028.0,93570.0,77000.0,46060.0,,0.0,840,1,0,1,0,"949 E 2ND ST
TUCSON, AZ 85719-4840
(32.23304, -110.957371)",949 E 2ND ST,TUCSON,AZ,85719-4840,"949 E 2ND ST
TUCSON, AZ 85719-4840
(32.233037727000465, -110.9572397449997)"
8405100259,FRIENDS OF LANGLEY HILL MEETING HOUSE,,,,HSC,203090819,A80,01/01/201206 12:00:00 AM,$13000.00,$13000.00,2.0,2,3,51,59.0,460600.0,2030.0,95191.0,23984.0,47900.0,47894.0,0.0,840,1,0,0,0,"2621 DEPAUL DR
VIENNA, VA 22180-7052
(38.882669, -77.242924)",2621 DEPAUL DR,VIENNA,VA,22180-7052,"2621 DEPAUL DR
VIENNA, VA 22180-7052
(38.88286493300046, -77.24294107799966)"
8403602147,SUSAN G AND EDMUND W GORDON COMMUNITY PARTNERSHIP INC,,,,HSC,275445207,A80,01/01/201212 12:00:00 AM,$0.00,$0.00,0.0,2,2,36,87.0,11502.0,1006.0,60510.0,,35620.0,35614.0,0.0,840,1,0,0,0,"5 COOPER MORRIS DRIVE
POMONA, NY 10970-3309
(41.176607, -74.033702)",5 COOPER MORRIS DRIVE,POMONA,NY,10970-3309,"5 COOPER MORRIS DRIVE
POMONA, NY 10970-3309
(41.17729839500049, -74.03450231099964)"
8403600526,QUEENS COUNCIL ON THE ARTS,QUEENS COUNCIL ON THE ARTS,,,GMU,112219193,A20,01/01/201306 12:00:00 AM,$948638.00,$948638.00,5.0,1,2,36,81.0,1200.0,3001.0,60323.0,51000.0,35620.0,35614.0,0.0,840,0,0,0,1,"WOODHAVEN, NY 11421-1166
(40.692644, -73.856433)",,WOODHAVEN,NY,11421-1166,"WOODHAVEN, NY 11421-1166
(40.69822097700046, -73.84912971199964)"
8401200924,AMELIA ISLAND GENEALOGICAL SOCIETY INC,,,,HSC,593157323,A80,01/01/201212 12:00:00 AM,$0.00,$0.00,0.0,3,3,12,89.0,50102.0,1095.0,91079.0,22175.0,27260.0,,0.0,840,1,0,0,0,"PO BOX 6005
FERNANDINA BEACH, FL 32035-6005
(30.67111, -81.462225)",PO BOX 6005,FERNANDINA BEACH,FL,32035-6005,"PO BOX 6005
FERNANDINA BEACH, FL 32035-6005
(30.639920239000446, -81.44985630499968)"
8403600340,DISCOVERY TIMES SQUARE EXPOSITION,,8669879692.0,http://www.discoverytsx.com,GMU,,,,,,,1,2,36,61.0,11900.0,2003.0,44919.0,51000.0,35620.0,35614.0,0.0,840,0,0,1,0,"226 W 44TH ST
NEW YORK, NY 10036
(40.75812, -73.987914)",226 W 44TH ST,NEW YORK,NY,10036,"226 W 44TH ST
NEW YORK, NY 10036
(40.75774494300049, -73.98702971899962)"
8404800707,ORDER OF THE FIRST FAMILIES OF NEW HAMPSHIRE,,,,HSC,271157438,A80,01/01/201312 12:00:00 AM,$0.00,$0.00,0.0,1,5,48,245.0,310.0,5008.0,90230.0,7000.0,13140.0,,0.0,840,1,0,0,0,"6915 LIMERICK DRIVE
BEAUMONT, TX 77706-4147
(30.090201, -94.183681)",6915 LIMERICK DRIVE,BEAUMONT,TX,77706-4147,"6915 LIMERICK DRIVE
BEAUMONT, TX 77706-4147
(30.090193292000436, -94.18252057899969)"
8405100811,PAGE-NELSON SOCIETY OF VIRGINIA,,,,GMU,541803056,A50,01/01/201212 12:00:00 AM,$6512.00,$6512.00,1.0,4,3,51,127.0,700300.0,4061.0,91707.0,,40060.0,,0.0,840,1,0,0,0,"313 COLONY TRL
LANEXA, VA 23089-6005
(37.388243, -76.908076)",313 COLONY TRL,LANEXA,VA,23089-6005,"313 COLONY TRL
LANEXA, VA 23089-6005
(37.387925690000486, -76.90854672699965)"
8404700538,JAMES K POLK MEMORIAL ASSOCIATION,,,,HSC,626046563,A82,01/01/201306 12:00:00 AM,$382802.00,$278594.00,4.0,3,3,47,119.0,10600.0,4009.0,90120.0,16540.0,34980.0,,0.0,840,1,0,0,0,"PO BOX 741
COLUMBIA, TN 38402-0741
(35.61538, -87.039127)",PO BOX 741,COLUMBIA,TN,38402-0741,"PO BOX 741
COLUMBIA, TN 38402-0741
(35.61555100400045, -87.04113957199968)"
8402601086,VETERANS MEMORIAL FUND INC,,,,HSC,830436524,A80,01/01/201212 12:00:00 AM,$0.00,$0.00,0.0,2,4,26,125.0,131800.0,1000.0,38080.0,,19820.0,47664.0,0.0,840,1,0,0,0,"3770 DUNHAM
HIGHLAND, MI 48357-3016
(42.654115, -83.669424)",3770 DUNHAM,HIGHLAND,MI,48357-3016,"3770 DUNHAM
HIGHLAND, MI 48357-3016
(42.6541564420005, -83.66918136799967)"
8402900046,NATIONAL CHURCHILL MUSEUM,,5735925369.0,http://www.churchillmemorial.org,GMU,,,,,,,3,4,29,27.0,70400.0,1012.0,78766.0,26182.0,27620.0,,0.0,840,0,0,1,0,"501 WESTMINSTER AVE
FULTON, MO 65251
(38.848671, -91.954186)",501 WESTMINSTER AVE,FULTON,MO,65251,"501 WESTMINSTER AVE
FULTON, MO 65251
(38.84763789400046, -91.95421442799966)"
8402300236,LEXINGTON HIGHLAND HISTORICAL SOCIETY,,,,HSC,10467642,B90,01/01/201212 12:00:00 AM,$0.00,$0.00,0.0,4,1,23,11.0,25000.0,2004.0,54560.0,,12300.0,,1.0,840,1,0,0,0,"17 ROSSWOOD GREEN LN 10
OAKLAND, ME 4963
(44.536494, -69.702282)",17 ROSSWOOD GREEN LN 10,OAKLAND,ME,4963,"17 ROSSWOOD GREEN LN 10
OAKLAND, ME 4963
(44.5365112770005, -69.70172666499963)"
8403700561,SCOTTISH TARTANS MUSEUM,SCOTTISH TARTANS MUSEUM AND HERITAGE CE,,http://www.scottishtartans.org,GMU,561590471,A50,01/01/201211 12:00:00 AM,$200872.00,$51672.00,4.0,3,3,37,113.0,970301.0,4067.0,91156.0,24640.0,,,0.0,840,1,0,1,0,"86 E MAIN ST
FRANKLIN, NC 28734-3026
(35.182259, -83.379682)",86 E MAIN ST,FRANKLIN,NC,28734-3026,"86 E MAIN ST
FRANKLIN, NC 28734-3026
(35.18227072200045, -83.37974443299964)"
8401701319,MIDWEST MUSEUM OF NATURAL HISTORY,MIDWEST MUSEUM-NATURAL HISTORY,,http://www.mmnh.org,NAT,611402985,A56,01/01/201212 12:00:00 AM,$113639.00,$107812.00,4.0,2,4,17,37.0,600.0,4046.0,74236.0,74223.0,16980.0,20994.0,0.0,840,1,0,1,0,"425 W STATE ST
SYCAMORE, IL 60178-1410
(41.989455, -88.689078)",425 W STATE ST,SYCAMORE,IL,60178-1410,"425 W STATE ST
SYCAMORE, IL 60178-1410
(41.989147190000494, -88.68911770499966)"
8405100714,CAMPBELL COUNTY HISTORICAL SOCIETY,,,,HSC,541514172,A80,01/01/201312 12:00:00 AM,$0.00,$0.00,0.0,4,3,51,31.0,20500.0,1002.0,95503.0,69536.0,31340.0,,0.0,840,1,0,0,0,"PO BOX 595
RUSTBURG, VA 24588-0595
(37.268786, -79.117121)",PO BOX 595,RUSTBURG,VA,24588-0595,"PO BOX 595
RUSTBURG, VA 24588-0595
(37.27724182500049, -79.09602785299967)"
8401300140,FLINT RIVER QUARIUM INC,FLINT RIVERQUARIUM,,http://www.flintriverquarium.com,GMU,20687836,A50,01/01/201206 12:00:00 AM,$1365707.00,$1365707.00,6.0,1,3,13,95.0,11400.0,2002.0,93312.0,1052.0,10500.0,,0.0,840,1,0,1,0,"117 PINE AVE
ALBANY, GA 31701-2593
(31.578508, -84.150241)",117 PINE AVE,ALBANY,GA,31701-2593,"117 PINE AVE
ALBANY, GA 31701-2593
(31.57848799700048, -84.15000071999964)"
8403601451,HISTORICAL SOCIETY OF BRISTOL,,,,HSC,161392322,,,,,,4,2,36,69.0,52100.0,1047.0,8378.0,,40380.0,,0.0,840,1,0,0,0,"4471 RTE 64
CANANDAIGUA, NY 14424
(42.812977, -77.39233)",4471 RTE 64,CANANDAIGUA,NY,14424,"4471 RTE 64
CANANDAIGUA, NY 14424
(42.811093077000464, -77.39136772999967)"
8402100316,THE MOUNT WASHINGTON HISTORICAL SOCIETY INC,,,,HSC,611147280,A82,01/01/201305 12:00:00 AM,$0.00,$0.00,0.0,2,3,21,29.0,20101.0,1021.0,92440.0,54228.0,31140.0,,0.0,840,1,0,0,0,"PO BOX 303
MOUNT WASHINGTON, KY 40047
(38.047747, -85.554611)",PO BOX 303,MOUNT WASHINGTON,KY,40047,"PO BOX 303
MOUNT WASHINGTON, KY 40047
(38.04509347700048, -85.55870807399964)"
8405300267,PAVILION PRESERVATION FOUNDATION,,,,HSC,311636149,A80,01/01/201212 12:00:00 AM,$0.00,$0.00,0.0,1,6,53,71.0,920600.0,2033.0,93664.0,75775.0,47460.0,,0.0,840,1,0,0,0,"PO BOX 2224
WALLA WALLA, WA 99362-0362
(46.060297, -118.340637)",PO BOX 2224,WALLA WALLA,WA,99362-0362,"PO BOX 2224
WALLA WALLA, WA 99362-0362
(46.06781772400046, -118.34015984999968)"
8405100344,CLIFTON FORGE COMPANY,,,,HSC,261511523,A82,01/01/201212 12:00:00 AM,$71632.00,$71632.00,3.0,3,3,51,5.0,70100.0,4019.0,90877.0,,,,0.0,840,1,0,0,0,"PO BOX 635
CLIFTON FORGE, VA 24422-0635
(37.82047, -79.80246)",PO BOX 635,CLIFTON FORGE,VA,24422-0635,"PO BOX 635
CLIFTON FORGE, VA 24422-0635
(37.81652216700047, -79.82585840599967)"
8403901273,SPRING HILL HISTORIC HOME INC,,,,HST,346576369,A54,01/01/201212 12:00:00 AM,$177187.00,$173577.00,4.0,1,4,39,151.0,713501.0,2032.0,48244.0,48244.0,15940.0,,0.0,840,1,0,0,0,"1401 SPRING HILL LN NE
MASSILLON, OH 44646-2500
(40.815915, -81.495658)",1401 SPRING HILL LN NE,MASSILLON,OH,44646-2500,"1401 SPRING HILL LN NE
MASSILLON, OH 44646-2500
(40.81229297900046, -81.50606457799967)"
8404500050,HAMPTON COUNTY MUSEUM,,8039435484.0,http://www.southcarolinamuseums.org,GMU,,,,,,,3,3,45,49.0,920200.0,5093.0,91430.0,31885.0,,,0.0,840,0,0,1,0,"702 1ST ST W
HAMPTON, SC 29924
(32.865459, -81.111006)",702 1ST ST W,HAMPTON,SC,29924,"702 1ST ST W
HAMPTON, SC 29924
(32.86531108300045, -81.11112202599963)"
8403200189,CARSON CITY HISTORICAL SOCIETY,,7758872174.0,http://cchistorical.org,HSC,942565777,,,,,,1,6,32,510.0,100.0,1027.0,94140.0,9700.0,16180.0,,0.0,840,1,0,0,0,"PO BOX 1864
CARSON CITY, NV 89702-8970
(39.168448, -119.765139)",PO BOX 1864,CARSON CITY,NV,89702-8970,"PO BOX 1864
CARSON CITY, NV 89702-8970
(39.157232396000495, -119.76113579299971)"
8403600326,CHANGE GROUP NEW YORK,,2123917008.0,http://www.madametussauds.com/NewYork,GMU,,,,,,,1,2,36,61.0,11300.0,1002.0,44919.0,51000.0,35620.0,35614.0,0.0,840,0,0,1,0,"234 W 42ND ST
NEW YORK, NY 10036
(40.756481, -73.988038)",234 W 42ND ST,NEW YORK,NY,10036,"234 W 42ND ST
NEW YORK, NY 10036
(40.75654091000047, -73.98823854699964)"
8403000222,STEVENSVILLE HISTORICAL MUSEUM INC,,,,GMU,810463029,,,,,,4,5,30,81.0,202.0,3005.0,93339.0,,,,0.0,840,1,0,0,0,"PO BOX 750
STEVENSVILLE, MT 59870
(46.51006, -114.080668)",PO BOX 750,STEVENSVILLE,MT,59870,"PO BOX 750
STEVENSVILLE, MT 59870
(46.51672884600049, -114.0589765149997)"
8405100073,NEWTOWN HISTORY CENTER,,5408691700.0,http://www.newtownhistorycenter.org,GMU,,,,,,,2,3,51,69.0,50600.0,2105.0,94967.0,75344.0,49020.0,,0.0,840,0,0,1,0,"5408 MAIN ST
STEPHENS CITY, VA 22655
(39.08282, -78.218313)",5408 MAIN ST,STEPHENS CITY,VA,22655,"5408 MAIN ST
STEPHENS CITY, VA 22655
(39.08283945900047, -78.21853686299966)"
8400200107,ALASKA MASONIC LIBRARY AND MUSEUM FOUNDATION,,,,GMU,920095561,,01/01/201306 12:00:00 AM,$0.00,$0.00,0.0,1,6,2,20.0,2301.0,1015.0,3050.0,3000.0,11260.0,,0.0,840,1,0,0,0,"PO BOX 190668
ANCHORAGE, AK 99519
(61.189804, -149.99014)",PO BOX 190668,ANCHORAGE,AK,99519,"PO BOX 190668
ANCHORAGE, AK 99519
(61.184698348000495, -149.98859606099973)"
8401700972,LIBERTYVILLE MUNDELEIN HISTORICAL SOCIETY INC,ANSEL COOK HOME,8473622330.0,,HSC,366234647,A82,01/01/201305 12:00:00 AM,$0.00,$0.00,0.0,2,4,17,97.0,863604.0,2016.0,43263.0,43250.0,16980.0,29404.0,0.0,840,1,0,1,0,"413 N MILWAUKEE AVE
LIBERTYVILLE, IL 60048
(42.287002, -87.954202)",413 N MILWAUKEE AVE,LIBERTYVILLE,IL,60048,"413 N MILWAUKEE AVE
LIBERTYVILLE, IL 60048
(42.286982372000466, -87.95421644599969)"
8405500090,HARRINGTON ARTS CENTER,,7153952787.0,http://harringtonarts.accordionworld.org,GMU,,,,,,,2,4,55,31.0,20300.0,3024.0,78650.0,78650.0,20260.0,,0.0,840,0,0,1,0,"1401 BELKNAP ST
SUPERIOR, WI 54880
(46.720944, -92.098359)",1401 BELKNAP ST,SUPERIOR,WI,54880,"1401 BELKNAP ST
SUPERIOR, WI 54880
(46.72065729500048, -92.09815044399966)"
8403601799,VOLUNTEER FIREMANS HALL AND MUSEUM OF KINGSTON,KINGSTON VOLUNTEER FIREMANS,8453310866.0,http://www.kingston-ny.gov/content/148/162,GMU,222365342,,01/01/201212 12:00:00 AM,$0.00,$0.00,0.0,1,2,36,111.0,952400.0,1020.0,39727.0,39727.0,28740.0,,0.0,840,1,0,1,0,"265 FAIR STREET
KINGSTON, NY 12401
(41.933351, -74.018404)",265 FAIR STREET,KINGSTON,NY,12401,"265 FAIR STREET
KINGSTON, NY 12401
(41.93337097500046, -74.01840736999964)"
8401200483,FRIENDS OF TAMPA UNION STATION INC,,,,HSC,271003738,A80,01/01/201312 12:00:00 AM,$0.00,$0.00,0.0,1,3,12,57.0,4600.0,1020.0,93367.0,71000.0,45300.0,,0.0,840,1,0,0,0,"PO BOX 20934
TAMPA, FL 33622-0934
(27.959786, -82.530764)",PO BOX 20934,TAMPA,FL,33622-0934,"PO BOX 20934
TAMPA, FL 33622-0934
(27.967902699000433, -82.53853650699966)"
8401200640,NORTH GEORGIA CHAPTER NATIONAL RAILWAY HISTORICAL SOCIETY,,,,HSC,582664365,,,,,,1,3,12,111.0,382106.0,2036.0,92866.0,58715.0,38940.0,,0.0,840,1,0,0,0,"1119 SW ALEXANDRIA AVE
PORT ST LUCIE, FL 34953
(27.24901, -80.381806)",1119 SW ALEXANDRIA AVE,PORT ST LUCIE,FL,34953,"1119 SW ALEXANDRIA AVE
PORT ST LUCIE, FL 34953
(27.24901861100045, -80.38208004099965)"
8403100318,BROWNVILLE HISTORICAL SOCIETY INCORPORATED,BROWNVILLE HISTORICAL SOCIETY,,,HSC,476032566,A82,01/01/201211 12:00:00 AM,$63920.00,$63920.00,3.0,4,5,31,127.0,968100.0,4073.0,90380.0,6750.0,,,0.0,840,1,0,1,0,"PO BOX 1
BROWNVILLE, NE 68321-0001
(40.396513, -95.662365)",PO BOX 1,BROWNVILLE,NE,68321-0001,"PO BOX 1
BROWNVILLE, NE 68321-0001
(40.39742060000049, -95.65711577499968)"
8400601117,HISTORIC VINEYARD SOCIETY,,,,HSC,273309177,A80,01/01/201212 12:00:00 AM,$0.00,$0.00,0.0,4,6,6,53.0,11000.0,3002.0,90370.0,,41500.0,,0.0,840,1,0,0,0,"10464 FAIRWAY LANE
CARMEL, CA 93923-8040
(36.513278, -121.793789)",10464 FAIRWAY LANE,CARMEL,CA,93923-8040,"10464 FAIRWAY LANE
CARMEL, CA 93923-8040
(36.51334819600049, -121.79370009699971)"
8403400020,SEA ISLE CITY HISTORICAL MSM,,6092632992.0,http://seaisle.com,HSC,,,,,,,2,2,34,9.0,20800.0,4011.0,66390.0,66390.0,36140.0,,0.0,840,0,0,1,0,"4208 LANDIS AVE
SEA ISLE CITY, NJ 8243
(39.154398, -74.69213)",4208 LANDIS AVE,SEA ISLE CITY,NJ,8243,"4208 LANDIS AVE
SEA ISLE CITY, NJ 8243
(39.15433041900047, -74.69223454999963)"
8400800324,CHIMNEY ROCK INTERPRETIVE ASSOCIATI ON INC,,,,NAT,680568361,A56,01/01/201212 12:00:00 AM,$178852.00,$167866.00,4.0,3,5,8,7.0,974200.0,3046.0,92812.0,56860.0,,,0.0,840,1,0,0,0,"PO BOX 1662
PAGOSA SPGS, CO 81147-1662
(37.256335, -107.075516)",PO BOX 1662,PAGOSA SPGS,CO,81147-1662,"PO BOX 1662
PAGOSA SPGS, CO 81147-1662
(37.264523994000456, -107.00955898399968)"
8401701026,GALESBURG RAILROAD MUSEUM INC,,,,GMU,371108184,A50,01/01/201212 12:00:00 AM,$60527.00,$60527.00,3.0,3,4,17,95.0,800.0,2028.0,28352.0,28326.0,23660.0,,1.0,840,1,0,0,0,"211 S SEMINARY ST
GALESBURG, IL 61401-4955
(40.947663, -90.3706)",211 S SEMINARY ST,GALESBURG,IL,61401-4955,"211 S SEMINARY ST
GALESBURG, IL 61401-4955
(40.94492948800047, -90.36465185999964)"
8403200090,PILOT PEAK WILDLIFE PARK & HISTORICAL GROUP INC,,,,ZAW,412180356,,01/01/201212 12:00:00 AM,$0.00,$0.00,0.0,4,6,32,7.0,951500.0,3485.0,94896.0,,21220.0,,1.0,840,1,0,0,0,"PO BOX 3333
WENDOVER, NV 89883
(40.482938, -114.372054)",PO BOX 3333,WENDOVER,NV,89883,"PO BOX 3333
WENDOVER, NV 89883
(40.73796277600047, -114.07986730199968)"
8402400286,VITRA DESIGN MUSEUMS,,4107637698.0,,GMU,371532884,,01/01/201212 12:00:00 AM,$153895.00,$153895.00,4.0,3,2,24,41.0,960201.0,1010.0,90080.0,24475.0,20660.0,,1.0,840,1,0,0,0,"8665 BROOKS DR
EASTON, MD 21601-7410
(38.784657, -76.088184)",8665 BROOKS DR,EASTON,MD,21601-7410,"8665 BROOKS DR
EASTON, MD 21601-7410
(38.785530948000485, -76.08694489499965)"
8404100504,PACIFICA-A GARDEN IN THE SISKIYOUS INC,,,,BOT,931258154,C41,01/01/201212 12:00:00 AM,$513432.00,$513432.00,5.0,4,6,41,33.0,361400.0,2046.0,93519.0,82450.0,24420.0,,0.0,840,1,0,0,0,"PO BOX 1
WILLIAMS, OR 97544-0001
(42.238271, -123.272534)",PO BOX 1,WILLIAMS,OR,97544-0001,"PO BOX 1
WILLIAMS, OR 97544-0001
(42.225051521000466, -123.26935988799971)"
8404700349,HUNTER MUSEUM OF ART,HUNTER MUSEUM OF AMERICAN ART,,http://www.huntermuseum.org,ART,620511893,A51,01/01/201305 12:00:00 AM,$3241774.00,$2428727.00,6.0,1,3,47,65.0,3100.0,1014.0,90636.0,14000.0,16860.0,,0.0,840,1,1,1,1,"10 BLUFF VIEW ST
CHATTANOOGA, TN 37403-1111
(35.055545, -85.305482)",10 BLUFF VIEW ST,CHATTANOOGA,TN,37403-1111,"10 BLUFF VIEW ST
CHATTANOOGA, TN 37403-1111
(35.055233245000466, -85.30578372799965)"
8403600457,GREATEST CITY AQUARIUM SOCIETY INC,,,,ZAW,20574476,D50,01/01/201308 12:00:00 AM,$0.00,$0.00,0.0,2,2,36,59.0,300400.0,2019.0,53000.0,30169.0,35620.0,35004.0,0.0,840,1,0,0,0,"58 PLYMOUTH ROAD
GREAT NECK, NY 11023-1664
(40.800155, -73.724624)",58 PLYMOUTH ROAD,GREAT NECK,NY,11023-1664,"58 PLYMOUTH ROAD
GREAT NECK, NY 11023-1664
(40.80086342700048, -73.72478513299967)"
8403400544,MOUNT HOLLY HISTORICAL SOCIETY,MOUNT HOLLY HISTORICAL SOCIETY,6092678844.0,,HSC,226074260,A82,01/01/201003 12:00:00 AM,$0.00,$0.00,0.0,2,2,34,5.0,702601.0,4003.0,48900.0,,37980.0,15804.0,0.0,840,1,0,1,0,"BOX 4081
MOUNT HOLLY, NJ 8060
(39.999137, -74.787726)",BOX 4081,MOUNT HOLLY,NJ,8060,"BOX 4081
MOUNT HOLLY, NJ 8060
(40.00131054400049, -74.78789566499967)"
8402200132,FRIENDS OF THECASSIDY PARK MUSEUMS,,,,BOT,262185713,,01/01/201312 12:00:00 AM,$0.00,$0.00,0.0,3,3,22,117.0,950700.0,2011.0,94351.0,8150.0,14220.0,,1.0,840,1,0,0,0,"PO BOX 1373
BOGALUSA, LA 70429
(30.779596, -89.866116)",PO BOX 1373,BOGALUSA,LA,70429,"PO BOX 1373
BOGALUSA, LA 70429
(30.77953170100045, -89.86600761599965)"
8403800122,NORTH DAKOTA STATE RAILROAD MUSEUM,NORTH DAKOTA STATE RAILROAD MUSEUM,,http://www.ndrailroading.com/rrmuseum/inde,GMU,450396927,A54,01/01/201212 12:00:00 AM,$0.00,$0.00,0.0,2,5,38,59.0,20300.0,2050.0,49900.0,49900.0,13900.0,,0.0,840,1,0,1,0,"PO BOX 1001
MANDAN, ND 58554
(46.82085, -100.900296)",PO BOX 1001,MANDAN,ND,58554,"PO BOX 1001
MANDAN, ND 58554
(46.82652773900048, -100.89670783999969)"
8405100357,BEAR PATH ACRES ANIMAL EDUCATIONAL CENTER,BEAR PATH ACRES,7575168774.0,http://www.bearpathacres.com,ZAW,263064303,D50,01/01/201212 12:00:00 AM,$122159.00,$122159.00,4.0,4,3,51,175.0,200500.0,1233.0,94855.0,,,,0.0,840,1,0,1,0,"34574 SMITHS FERRY ROAD
FRANKLIN, VA 23851-4518
(36.545243, -76.966275)",34574 SMITHS FERRY ROAD,FRANKLIN,VA,23851-4518,"34574 SMITHS FERRY ROAD
FRANKLIN, VA 23851-4518
(36.54425299400049, -76.96738108699964)"
8403600784,MORRIS JUMEL MANSION INC,MORRIS-JUMEL MANSION,,http://www.morrisjumel.org,HSC,132800646,A82,01/01/201205 12:00:00 AM,$431447.00,$240687.00,4.0,1,2,36,61.0,24301.0,2002.0,44919.0,51000.0,35620.0,35614.0,0.0,840,1,0,1,0,"65 JUMEL TER
NEW YORK, NY 10032-5360
(40.838589, -73.942111)",65 JUMEL TER,NEW YORK,NY,10032-5360,"65 JUMEL TER
NEW YORK, NY 10032-5360
(40.83490098800047, -73.93866462699964)"
8403601149,POUGHKEEPSIE-HIGHLAND RAILROAD BRIDGE COM,POUGHKEEPSIE-HIGHLAND RAILROAD BRIDGE COM,,http://walkway.org,HSC,141753502,A82,01/01/201212 12:00:00 AM,$2329756.00,$2192894.00,6.0,1,2,36,27.0,220100.0,4000.0,59641.0,59641.0,35620.0,20524.0,0.0,840,0,0,0,1,"PO BOX 889
POUGHKEEPSIE, NY 12602
(41.707241, -73.92933)",PO BOX 889,POUGHKEEPSIE,NY,12602,"PO BOX 889
POUGHKEEPSIE, NY 12602
(41.707090183000446, -73.92804949199967)"
8402500794,MIDDLEBORO VETERANS MEMORIAL PARK TR,,,,HSC,206128756,A80,01/01/201212 12:00:00 AM,$11250.00,$7986.00,2.0,2,1,25,23.0,542200.0,2015.0,40850.0,,14460.0,14454.0,0.0,840,1,0,0,0,"6101 OAK POINT DR
MIDDLEBORO, MA 02346-5368
(41.940836, -70.913798)",6101 OAK POINT DR,MIDDLEBORO,MA,02346-5368,"6101 OAK POINT DR
MIDDLEBORO, MA 02346-5368
(41.940890854000486, -70.91387842899962)"
8403900267,WAYNE TOWNSHIP-HUBER HEIGHTS HISTORICAL,,,,HSC,203621645,,,,,,1,4,39,113.0,90304.0,2018.0,21000.0,21000.0,19380.0,,0.0,840,1,0,0,0,"PO BOX 24144
HUBER HEIGHTS, OH 45424-4542
(39.84523, -84.122468)",PO BOX 24144,HUBER HEIGHTS,OH,45424-4542,"PO BOX 24144
HUBER HEIGHTS, OH 45424-4542
(39.818183588000466, -84.10869978899967)"
8404800961,PRESIDIO LA BAHIA FOUNDATION,PRESIDIO LA BAHIA FOUNDATION,,,HSC,562621148,A82,01/01/201212 12:00:00 AM,$80271.00,$80271.00,3.0,4,5,48,175.0,960100.0,2017.0,91555.0,,47020.0,,0.0,840,0,0,0,1,"GOLIAD, TX 77963-0057
(28.730933, -97.378511)",,GOLIAD,TX,77963-0057,"GOLIAD, TX 77963-0057
(28.66583222200046, -97.39327998799968)"
8402600546,NEW BALTIMORE HISTORICAL SOCIETY,NEW BALTIMORE HISTORICAL SOC,5867254755.0,http://www.newbaltimorehistoricalsociety.we,HSC,382282883,A82,01/01/201212 12:00:00 AM,$0.00,$0.00,0.0,2,4,26,99.0,220002.0,1022.0,57100.0,57100.0,19820.0,47664.0,0.0,840,1,0,1,0,"51065 WASHINGTON STREET
NEW BALTIMORE, MI 48047
(42.680084, -82.735617)",51065 WASHINGTON STREET,NEW BALTIMORE,MI,48047,"51065 WASHINGTON STREET
NEW BALTIMORE, MI 48047
(42.680110958000455, -82.73556524299966)"
8404802012,ANNA AREA HISTORIAL PRESERVATION SOCIETY,,,,HSC,870726283,A80,01/01/201212 12:00:00 AM,$0.00,$0.00,0.0,4,5,48,85.0,30203.0,4070.0,90100.0,3300.0,19100.0,19124.0,0.0,840,1,0,0,0,"10843 CR 366
ANNA, TX 75409
(33.346176, -96.547493)",10843 CR 366,ANNA,TX,75409,"10843 CR 366
ANNA, TX 75409
(33.318460848000484, -96.5843259029997)"
8401900018,SWEDISH HERITAGE & CULTURAL CENTER,SWEDISH HERITAGE & CULTURAL CENTER,7128292840.0,,GMU,,,,,,,4,4,19,137.0,960400.0,2049.0,93798.0,75000.0,,,0.0,840,0,1,0,0,"STANTON, IA 51573
(40.981098, -95.104046)",,STANTON,IA,51573,"STANTON, IA 51573
(40.97919313700049, -95.09920610599966)"
8401800322,WHITLEY COUNTY HISTORICAL SOCIETY,WHITLEY COUNTY MUSEUM,2602446372.0,http://www.whitleynet.org,HSC,311224130,A82,01/01/201303 12:00:00 AM,$23663.00,$23663.00,2.0,3,4,18,183.0,50400.0,5002.0,14698.0,14716.0,23060.0,,0.0,840,1,0,1,0,"108 W JEFFERSON ST
COLUMBIA CITY, IN 46725-1744
(41.171155, -85.478742)",108 W JEFFERSON ST,COLUMBIA CITY,IN,46725-1744,"108 W JEFFERSON ST
COLUMBIA CITY, IN 46725-1744
(41.15924799400045, -85.48907048099966)"
8400601648,CULTURAL ARTS COUNCIL OF SONOMA COUNTY,CULTURAL ARTS COUNCIL OF SONOM,7075792787.0,http://www.sonomaarts.com,ART,680004416,A26,01/01/201012 12:00:00 AM,$457035.00,$440560.00,4.0,1,6,6,97.0,152000.0,1026.0,92940.0,70098.0,42220.0,,0.0,840,1,0,1,0,"404 MENDOCINO AVE STE C
SANTA ROSA, CA 95401-6377
(38.441248, -122.714567)",404 MENDOCINO AVE STE C,SANTA ROSA,CA,95401-6377,"404 MENDOCINO AVE STE C
SANTA ROSA, CA 95401-6377
(38.441349028000445, -122.71468394299973)"
8403700302,A-26 LEGACY FOUNDATION,,,,HSC,262090386,A80,01/01/201212 12:00:00 AM,$0.00,$0.00,0.0,1,3,37,63.0,1807.0,2029.0,92344.0,19000.0,20500.0,,0.0,840,1,0,0,0,"311 OAK GROVE PKWY
DURHAM, NC 27703-6600
(35.982018, -78.811568)",311 OAK GROVE PKWY,DURHAM,NC,27703-6600,"311 OAK GROVE PKWY
DURHAM, NC 27703-6600
(35.98204693900044, -78.81157191499966)"
8403600791,DRAWING CENTER,THE DRAWING CENTER,2122192166.0,http://www.drawingcenter.org,GMU,132887872,,01/01/201306 12:00:00 AM,$1722863.00,$1607777.00,6.0,1,2,36,61.0,4700.0,2009.0,44919.0,51000.0,35620.0,35614.0,0.0,840,1,0,1,0,"35 WOOSTER ST
NEW YORK, NY 10013-5300
(40.722208, -74.002819)",35 WOOSTER ST,NEW YORK,NY,10013-5300,"35 WOOSTER ST
NEW YORK, NY 10013-5300
(40.72232049100046, -74.00273526199965)"
8400602740,TWENTYNINE PALMS HISTORICAL SOCIETY,,,,HSC,953778972,A80,01/01/201212 12:00:00 AM,$48699.00,$42875.00,3.0,3,6,6,71.0,10422.0,2025.0,93482.0,80994.0,40140.0,,0.0,840,1,0,0,0,"PO BOX 1926
TWENTYNINE, CA 92277-1260
(34.155793, -116.050794)",PO BOX 1926,TWENTYNINE,CA,92277-1260,"PO BOX 1926
TWENTYNINE, CA 92277-1260
(34.139231148000476, -116.0507591379997)"
8405000223,GROTON HISTORICAL SOCIETY,,,,HSC,222989706,,01/01/201312 12:00:00 AM,$0.00,$0.00,0.0,4,1,50,5.0,957800.0,2085.0,30550.0,,,,0.0,840,1,0,0,0,"PO BOX 89
GROTON, VT 5046
(44.230748, -72.214393)",PO BOX 89,GROTON,VT,5046,"PO BOX 89
GROTON, VT 5046
(44.238103681000496, -72.22192659699965)"
8404700289,TENNESSEE NEWSPAPER & PRINTING MUSEUM,,,,GMU,581437894,,01/01/201212 12:00:00 AM,$762736.00,$762736.00,5.0,3,3,47,73.0,50301.0,1047.0,90834.0,64820.0,28700.0,,0.0,840,1,0,0,0,"415 S DEPOT ST
ROGERSVILLE, TN 37857-3331
(36.409574, -82.994218)",415 S DEPOT ST,ROGERSVILLE,TN,37857-3331,"415 S DEPOT ST
ROGERSVILLE, TN 37857-3331
(36.40437125900047, -83.00552865199967)"
8404201279,FIRE BASE EAGLE,,8149401899.0,,HST,251736620,A54,01/01/201212 12:00:00 AM,$50.00,$50.00,1.0,1,2,42,13.0,10700.0,1014.0,44328.0,31368.0,11020.0,,0.0,840,1,0,0,0,"1657 SAINT FRANCIS LN
ALTOONA, PA 16602-7321
(40.538754, -78.361769)",1657 SAINT FRANCIS LN,ALTOONA,PA,16602-7321,"1657 SAINT FRANCIS LN
ALTOONA, PA 16602-7321
(40.53857385100048, -78.36180443199964)"
8402300470,FRIENDS FOR THE PRESERVATION OF SWANS ISLAND METHODIST CHURC,,,,HSC,260116079,A80,01/01/201212 12:00:00 AM,$0.00,$0.00,0.0,4,1,23,9.0,966200.0,2139.0,75455.0,,,,0.0,840,1,0,0,0,"PO BOX 144
SWANS ISLAND, ME 04685-0144
(44.16617, -68.431175)",PO BOX 144,SWANS ISLAND,ME,04685-0144,"PO BOX 144
SWANS ISLAND, ME 04685-0144
(44.15444246700048, -68.45097758999964)"
8402500611,JASPER RAND ART MUSEUM,FRIENDS OF THE WESTFIELD ATHENAEUM,,,GMU,46004372,B70,01/01/201306 12:00:00 AM,$1076428.00,$1076428.00,6.0,2,1,25,13.0,812800.0,4041.0,76030.0,76030.0,44140.0,,0.0,840,1,0,0,0,"6 ELM ST
WESTFIELD, MA 01085-2904
(42.120856, -72.749213)",6 ELM ST,WESTFIELD,MA,01085-2904,"6 ELM ST
WESTFIELD, MA 01085-2904
(42.120558616000494, -72.74931607899964)"
8404000068,J M DAVIS ARMS AND HISTORICAL,,9183415707.0,http://www.thegunmuseum.com,HSC,,,,,,,3,5,40,131.0,50101.0,1009.0,90585.0,14700.0,46140.0,,0.0,840,0,0,1,0,"333 N LYNN RIGGS BLVD
CLAREMORE, OK 74017
(36.335898, -95.596824)",333 N LYNN RIGGS BLVD,CLAREMORE,OK,74017,"333 N LYNN RIGGS BLVD
CLAREMORE, OK 74017
(36.314766878000455, -95.6148270219997)"
8404000340,MELTON ART REFERENCE LIBRARY,MELTON ART REFERENCE LIBRARY,4055253603.0,http://www.marl-okc.org,ART,731191231,B70,01/01/201212 12:00:00 AM,$22391.00,,2.0,1,5,40,109.0,105100.0,2039.0,92426.0,55000.0,36420.0,,0.0,840,1,0,1,0,"4300 N SEWELL AVE
OKLAHOMA CITY, OK 73118-8010
(35.517732, -97.515753)",4300 N SEWELL AVE,OKLAHOMA CITY,OK,73118-8010,"4300 N SEWELL AVE
OKLAHOMA CITY, OK 73118-8010
(35.51728290100044, -97.51571419699968)"
8401900383,JEFFERSON COUNTY HISTORICAL SOCIETY,JEFFERSON COUNTY HISTORICAL SOCIETY MUS,,http://www.jchs.mvn.net,HSC,421154792,,,,,,4,4,19,101.0,90300.0,1120.0,91285.0,26445.0,21840.0,,1.0,840,1,0,1,0,"105 W ADAMS
FAIRFIELD, IA 52556
(41.01197, -91.965672)",105 W ADAMS,FAIRFIELD,IA,52556,"105 W ADAMS
FAIRFIELD, IA 52556
(41.00473860700049, -91.96446872199965)"
8404700062,JAMES K. POLK ANCESTRAL HOME,JAMES K. POLK ANCESTRAL HOME,9313882354.0,,HSC,,,,,,,3,3,47,119.0,10600.0,4009.0,90120.0,16540.0,34980.0,,0.0,840,0,1,0,0,"COLUMBIA, TN 38402
(35.615151, -87.037293)",,COLUMBIA,TN,38402,"COLUMBIA, TN 38402
(35.61555323700048, -87.04113704999969)"
8403602248,CCAT OBSERVATORY INC,,,,SCI,454104640,A50,01/01/201306 12:00:00 AM,$527505.00,$527505.00,5.0,1,2,36,109.0,300.0,1072.0,38077.0,38077.0,27060.0,,0.0,840,1,0,0,0,"508 SPACE SCIENCES BLDG CORNEL UNIV
ITHACA, NY 14853
(42.446581, -76.485069)",508 SPACE SCIENCES BLDG CORNEL UNIV,ITHACA,NY,14853,"508 SPACE SCIENCES BLDG CORNEL UNIV
ITHACA, NY 14853
(42.44799183100048, -76.48268678499966)"
8402700574,WEST CONCORD HISTORICAL SOCIETY FOUNDATION,WEST CONCORD HISTORICAL SOCIETY,5075272628.0,http://www.wchs1.org,HSC,411913578,T20,01/01/201212 12:00:00 AM,$0.00,$0.00,0.0,4,4,27,39.0,950300.0,1062.0,69304.0,69304.0,40340.0,,0.0,840,1,0,1,0,"PO BOX 585
WEST CONCORD, MN 55985
(44.151497, -92.899368)",PO BOX 585,WEST CONCORD,MN,55985,"PO BOX 585
WEST CONCORD, MN 55985
(44.10242127900045, -92.96557740199967)"
8404800713,NATIONAL BIBLE MUSEUM,,2143210318.0,,GMU,271606213,A50,01/01/201212 12:00:00 AM,$0.00,$0.00,0.0,1,5,48,113.0,8100.0,5022.0,92792.0,19000.0,19100.0,19124.0,0.0,840,1,0,0,0,"8809 DICEMAN DR
DALLAS, TX 75218
(32.821369, -96.706766)",8809 DICEMAN DR,DALLAS,TX,75218,"8809 DICEMAN DR
DALLAS, TX 75218
(32.82134343100046, -96.70682898699965)"
8402601057,OAKLAND COUNTY HISTORICAL RESEARCH,OAKLAND COUNTY RESEARCH LIBRARY,2488580012.0,http://www.oakgov.com/index.html,HSC,562648298,A82,01/01/201212 12:00:00 AM,$0.00,$0.00,0.0,1,4,26,125.0,140900.0,3000.0,65440.0,65440.0,19820.0,47664.0,0.0,840,1,0,1,0,"1200 N TELEGRAPH RD BLDG 14 EAST
PONTIAC, MI 48341-1032
(42.658836, -83.334399)",1200 N TELEGRAPH RD BLDG 14 EAST,PONTIAC,MI,48341-1032,"1200 N TELEGRAPH RD BLDG 14 EAST
PONTIAC, MI 48341-1032
(42.65303835900045, -83.32787361899966)"
8403000289,CARTER COUNTY GEOLOGICAL SOCIETY,,4067756886.0,,HSC,816012684,,01/01/201212 12:00:00 AM,$0.00,$0.00,0.0,4,5,30,11.0,300.0,1175.0,91050.0,23650.0,,,0.0,840,1,0,0,0,"306 N MAIN ST
EKALAKA, MT 59324
(45.827003, -104.438991)",306 N MAIN ST,EKALAKA,MT,59324,"306 N MAIN ST
EKALAKA, MT 59324
(45.8912242130005, -104.5465579699997)"
8402100282,BELL COUNTY HISTORICAL SOCIETY INC,BELL COUNTY HISTORICAL SOCIETY,,http://www.bellcountymuseum.com/ourhistory,HSC,611013550,A82,01/01/201205 12:00:00 AM,$19251.00,$15610.00,2.0,3,3,21,13.0,960700.0,2018.0,92304.0,51924.0,33180.0,,1.0,840,1,0,1,0,"PO BOX 1344
MIDDLESBORO, KY 40965-3144
(36.617391, -83.722118)",PO BOX 1344,MIDDLESBORO,KY,40965-3144,"PO BOX 1344
MIDDLESBORO, KY 40965-3144
(36.60904082900049, -83.71454697099966)"
8402000406,STILWELL HERITAGE AND EDUCATIONAL FOUNDATION,STILWELL HERITAGE AND EDUCATIONAL FOUNDATION,,,HSC,481109958,A82,01/01/201212 12:00:00 AM,$888118.00,$773942.00,5.0,3,5,20,37.0,957500.0,2055.0,56025.0,56025.0,38260.0,,1.0,840,1,0,0,1,"PO BOX 1904
PITTSBURG, KS 66762-1904
(37.403132, -94.700362)",PO BOX 1904,PITTSBURG,KS,66762-1904,"PO BOX 1904
PITTSBURG, KS 66762-1904
(37.41414425400046, -94.70321763999965)"
8404100452,HISTORIC CAROUSEL AND MUSEUM,,,,GMU,931102746,A50,01/01/201212 12:00:00 AM,$228115.00,$220677.00,4.0,1,6,41,43.0,20300.0,1021.0,90068.0,1000.0,10540.0,,0.0,840,1,0,0,0,"730 WASHINGTON ST SW
ALBANY, OR 97321-2334
(44.631775, -123.108873)",730 WASHINGTON ST SW,ALBANY,OR,97321-2334,"730 WASHINGTON ST SW
ALBANY, OR 97321-2334
(44.63151991100045, -123.10885544499968)"
8402400098,BATTERY WAREHOUSE,,4102651582.0,http://www.batterywarehouse.net,GMU,,,,,,,2,2,24,5.0,401102.0,1011.0,90012.0,86475.0,12580.0,,0.0,840,0,0,1,0,"1808 WOODLAWN DR
GWYNN OAK, MD 21207
(39.316803, -76.737434)",1808 WOODLAWN DR,GWYNN OAK,MD,21207,"1808 WOODLAWN DR
GWYNN OAK, MD 21207
(39.31700315100045, -76.73729768599964)"
8402300277,DAYS MEADOW SCIENCE CENTER,,2079857323.0,,GMU,10505894,A57,,,,,4,1,23,31.0,28001.0,1001.0,36535.0,,38860.0,,0.0,840,1,0,0,0,"889 ALEWIVE RD
KENNEBUNK, ME 04043-6010
(43.449045, -70.595306)",889 ALEWIVE RD,KENNEBUNK,ME,04043-6010,"889 ALEWIVE RD
KENNEBUNK, ME 04043-6010
(43.4513339560005, -70.59889379099963)"
8400602164,NORTH FORK HISTORY GROUP,,,,HSC,912148916,A80,01/01/201212 12:00:00 AM,$0.00,$0.00,0.0,4,6,6,39.0,102.0,3092.0,92220.0,,31460.0,,0.0,840,1,0,0,0,"PO BOX 1045
NORTH FORK, CA 93643-1045
(37.218597, -119.507403)",PO BOX 1045,NORTH FORK,CA,93643-1045,"PO BOX 1045
NORTH FORK, CA 93643-1045
(37.22158230600047, -119.51480598299969)"
8404800737,FRIENDS OF THE BROCK CABIN,,,,HSC,273547905,A80,01/01/201212 12:00:00 AM,$0.00,$0.00,0.0,3,5,48,55.0,960400.0,2036.0,92245.0,43240.0,12420.0,,0.0,840,1,0,0,0,"111 E SAN ANTONIO STREET
LOCKHART, TX 78644-2131
(29.876861, -97.667695)",111 E SAN ANTONIO STREET,LOCKHART,TX,78644-2131,"111 E SAN ANTONIO STREET
LOCKHART, TX 78644-2131
(29.88478824800046, -97.67189418699968)"
8404000008,SEABA STATION MOTORCYCLE MUSEUM,,4052589141.0,http://www.seabastation.com,GMU,,,,,,,4,5,40,81.0,961700.0,2041.0,90507.0,,36420.0,,0.0,840,0,0,1,0,"336992 E HIGHWAY 66
CHANDLER, OK 74834
(35.692202, -96.928703)",336992 E HIGHWAY 66,CHANDLER,OK,74834,"336992 E HIGHWAY 66
CHANDLER, OK 74834
(35.69237208800047, -96.97773773499966)"
8403601229,JOHNSTOWN HISTORICAL SOCIETY,HISTORICAL SOCIETY,5187627076.0,,HSC,146018281,,01/01/201302 12:00:00 AM,$42350.00,,3.0,3,2,36,35.0,971300.0,5015.0,38781.0,38781.0,24100.0,,1.0,840,1,0,1,0,"17 N WILLIAM ST
JOHNSTOWN, NY 12095-2115
(43.011152, -74.379329)",17 N WILLIAM ST,JOHNSTOWN,NY,12095-2115,"17 N WILLIAM ST
JOHNSTOWN, NY 12095-2115
(43.00739711800048, -74.37431770499967)"
8403600834,ATLANTIC THEATER COMPANY,ATLANTIC THEATER COMPANY,,,HSC,133218253,A82,01/01/201308 12:00:00 AM,$7901467.00,$7724452.00,7.0,1,2,36,61.0,8300.0,3002.0,44919.0,51000.0,35620.0,35614.0,0.0,840,0,0,0,1,"NEW YORK, NY 10011-5232
(40.741266, -73.998324)",,NEW YORK,NY,10011-5232,"NEW YORK, NY 10011-5232
(40.74193173100048, -74.00453751999964)"
8400601865,MILPITAS HISTORICAL SOCIETY,,,,HSC,770006334,A82,01/01/201212 12:00:00 AM,$5748.00,$5748.00,1.0,1,6,6,85.0,504507.0,3010.0,92830.0,47766.0,41940.0,,0.0,840,1,0,0,0,"160 N MAIN ST
MILPITAS, CA 95035-4323
(37.43185, -121.907224)",160 N MAIN ST,MILPITAS,CA,95035-4323,"160 N MAIN ST
MILPITAS, CA 95035-4323
(37.43330634300048, -121.90757515399969)"
8401900357,URBANDALE HISTORICAL SOCIETY,URBANDALE HISTORICAL SOCIETY,5152702917.0,http://www.urbandalehistoricalsociety.org,HSC,421070544,A82,01/01/201312 12:00:00 AM,$0.00,$0.00,0.0,2,4,19,153.0,10408.0,1020.0,94629.0,79950.0,19780.0,,0.0,840,1,0,1,0,"4010 70TH STREET
URBANDALE, IA 50322-2616
(41.633421, -93.712856)",4010 70TH STREET,URBANDALE,IA,50322-2616,"4010 70TH STREET
URBANDALE, IA 50322-2616
(41.63365850500048, -93.71227681999966)"
8402700521,MINNESOTA MASONIC HISTORICAL SOCIETY AND MUSEUM,,,,HSC,411788642,A54,01/01/201212 12:00:00 AM,$0.00,$0.00,0.0,1,4,27,53.0,25805.0,1005.0,6616.0,6616.0,33460.0,,0.0,840,1,0,0,0,"11501 MASONIC HOME DRIVE
BLOOMINGTON, MN 55437
(44.794959, -93.348366)",11501 MASONIC HOME DRIVE,BLOOMINGTON,MN,55437,"11501 MASONIC HOME DRIVE
BLOOMINGTON, MN 55437
(44.79624285500046, -93.34752960599968)"
8404500076,DUNKLIN HOUSE,,8649844735.0,,HSC,,,,,,,3,3,45,59.0,920400.0,1060.0,91924.0,40615.0,24860.0,,0.0,840,0,0,1,0,"544 W MAIN ST
LAURENS, SC 29360
(34.496425, -82.022302)",544 W MAIN ST,LAURENS,SC,29360,"544 W MAIN ST
LAURENS, SC 29360
(34.496403649000456, -82.02236181599966)"
8404802002,IH COLLECTORS LONE STAR CHAPTER 25,,,,HSC,830452820,A80,01/01/201312 12:00:00 AM,$0.00,$0.00,0.0,1,5,48,113.0,19211.0,1009.0,92792.0,61796.0,19100.0,19124.0,0.0,840,1,0,0,0,"1701 N COLLINS STE 326
RICHARDSON, TX 75080-3645
(32.967352, -96.745101)",1701 N COLLINS STE 326,RICHARDSON,TX,75080-3645,"1701 N COLLINS STE 326
RICHARDSON, TX 75080-3645
(32.97148155600047, -96.72375301399967)"
8404000259,CHESAPEAKE FIRE MUSEUM INC,,,,HSC,521713622,A82,01/01/201212 12:00:00 AM,$0.00,$0.00,0.0,2,5,40,23.0,967200.0,2069.0,91430.0,36300.0,,,0.0,840,1,0,0,0,"603 W JACKSON
HUGO, OK 74743-3041
(34.014379, -95.508247)",603 W JACKSON,HUGO,OK,74743-3041,"603 W JACKSON
HUGO, OK 74743-3041
(34.01149230900046, -95.51841009099968)"
8402000425,MANHATTANRILEY COUNTY PRESERVATION ALLIANCE INC,,,,HSC,481151384,A80,01/01/201212 12:00:00 AM,$7707.00,$7707.00,1.0,1,5,20,161.0,801.0,5009.0,44250.0,44250.0,31740.0,,0.0,840,1,0,0,0,"PO BOX 1893
MANHATTAN, KS 66505-1893
(39.181476, -96.563688)",PO BOX 1893,MANHATTAN,KS,66505-1893,"PO BOX 1893
MANHATTAN, KS 66505-1893
(39.181531675000485, -96.56341872199965)"
8402300383,MAINE GRANITE INDUSTRY HISTORICAL SOCIETY,MAINE GRANITE INDL HISTORICAL,2072447299.0,http://www.mainegraniteindustry.org,HST,161623489,A54,01/01/201212 12:00:00 AM,$0.00,$0.00,0.0,4,1,23,9.0,966000.0,1085.0,47630.0,,,,0.0,840,1,0,1,0,"62 BEECH HILL CROSS ROAD
MOUNT DESERT, ME 04660-6221
(44.342124, -68.344441)",62 BEECH HILL CROSS ROAD,MOUNT DESERT,ME,04660-6221,"62 BEECH HILL CROSS ROAD
MOUNT DESERT, ME 04660-6221
(44.3416058950005, -68.34533070099963)"
8403900837,COLUMBUS MUSEUM OF ART,THE COLUMBUS MUSEUM OF ART,6142216801.0,http://www.columbusmuseum.org,ART,314379447,A51,01/01/201212 12:00:00 AM,$14195953.00,$12221763.00,8.0,1,4,39,49.0,3000.0,3084.0,18000.0,18000.0,18140.0,,0.0,840,1,1,1,1,"480 E BROAD ST
COLUMBUS, OH 43215-3823
(39.964103, -82.98785)",480 E BROAD ST,COLUMBUS,OH,43215-3823,"480 E BROAD ST
COLUMBUS, OH 43215-3823
(39.96373814600048, -82.98800374199965)"
8402300205,PITTSFIELD HISTORICAL SOCIETY,,2074873447.0,,HSC,10403598,A80,01/01/201306 12:00:00 AM,$0.00,$0.00,0.0,2,1,23,25.0,966000.0,2016.0,59005.0,58970.0,,,0.0,840,1,0,0,0,"PO BOX 181
PITTSFIELD, ME 04967-0181
(44.782361, -69.399565)",PO BOX 181,PITTSFIELD,ME,04967-0181,"PO BOX 181
PITTSFIELD, ME 04967-0181
(44.782856250000464, -69.38386762399966)"
8402900743,MT ZION CEMETERY BOARD,,,,HSC,510455916,A80,01/01/201210 12:00:00 AM,$0.00,$0.00,0.0,4,4,29,99.0,701404.0,1052.0,58232.0,,41180.0,,0.0,840,1,0,0,0,"PO BOX 792
FESTUS, MO 63028-0792
(38.173871, -90.418468)",PO BOX 792,FESTUS,MO,63028-0792,"PO BOX 792
FESTUS, MO 63028-0792
(38.21974301000046, -90.39555758699964)"
8405100875,JOHN S MOSBY MUSEUM FOUNDATION,JOHN SINGLETON MOSBY FOUNDATION,5403511600.0,,GMU,541945679,A82,,,,,2,3,51,61.0,930403.0,2088.0,90704.0,83136.0,47900.0,47894.0,0.0,840,0,0,0,1,"PO BOX 146
WARRENTON, VA 20188-0146
(38.713115, -77.794162)",PO BOX 146,WARRENTON,VA,20188-0146,"PO BOX 146
WARRENTON, VA 20188-0146
(38.71319223600045, -77.79411651299966)"
8403200200,LIBERACE FOUNDATION FOR THE PERFORMING AND CREATIVE ARTS,LIBERACE MUSEUM,,,GMU,953044116,A50,01/01/201208 12:00:00 AM,$323953.00,$-16044.00,4.0,1,6,32,3.0,2706.0,3000.0,94504.0,54600.0,29820.0,,0.0,840,1,1,0,0,"1775 E TROPICANA AVE STE 30
LAS VEGAS, NV 89119-6558
(36.100882, -115.12872)",1775 E TROPICANA AVE STE 30,LAS VEGAS,NV,89119-6558,"1775 E TROPICANA AVE STE 30
LAS VEGAS, NV 89119-6558
(36.10086335400047, -115.12814985499972)"
8400900536,ANTIQUE CARRIAGE AND SLEIGH MUSEUM INC,,,,GMU,800685596,,,,,,2,1,9,11.0,715100.0,2023.0,66210.0,,35980.0,,0.0,840,1,0,0,0,"509 NEW LONDON ROAD
SALEM, CT 6420
(41.449606, -72.234983)",509 NEW LONDON ROAD,SALEM,CT,6420,"509 NEW LONDON ROAD
SALEM, CT 6420
(41.44953137900046, -72.23491634799967)"
8400602467,NATIVE AMERICAN HISTORY PROJECT INC,NATIVE AMERICAN HISTORY PROJECT,,,HSC,943288656,A80,01/01/201212 12:00:00 AM,$0.00,$0.00,0.0,3,6,6,45.0,11400.0,1000.0,93490.0,81134.0,46380.0,,1.0,840,1,0,1,0,"535 CYPRESS AVENUE
UKIAH, CA 95482-3923
(39.155654, -123.214671)",535 CYPRESS AVENUE,UKIAH,CA,95482-3923,"535 CYPRESS AVENUE
UKIAH, CA 95482-3923
(39.155653405000464, -123.21469546699973)"
8405100138,FRIENDSHIP FIREHOUSE,,7038383891.0,,GMU,,,,,,,1,3,51,510.0,201900.0,1018.0,90020.0,1000.0,47900.0,47894.0,0.0,840,0,0,1,0,"107 S ALFRED ST
ALEXANDRIA, VA 22314
(38.805184, -77.049246)",107 S ALFRED ST,ALEXANDRIA,VA,22314,"107 S ALFRED ST
ALEXANDRIA, VA 22314
(38.80488814500046, -77.04931498699966)"
8401200229,ANTIQUE CAR MUSEUM,,8509425134.0,http://www.tacm.com,GMU,,,,,,,1,3,12,73.0,2505.0,2016.0,90878.0,,45220.0,,0.0,840,0,0,1,0,"3550 MAHAN DR
TALLAHASSEE, FL 32308
(30.485541, -84.162185)",3550 MAHAN DR,TALLAHASSEE,FL,32308,"3550 MAHAN DR
TALLAHASSEE, FL 32308
(30.464387357000476, -84.21639042899966)"
8402700374,TRIMONT AREA HISTORICAL SOCIETY INC,,,,HSC,411339778,,,,,,4,4,27,91.0,790100.0,1242.0,23030.0,,,,0.0,840,1,0,0,0,"PO BOX 155
TRIMONT, MN 56176
(43.784072, -94.713485)",PO BOX 155,TRIMONT,MN,56176,"PO BOX 155
TRIMONT, MN 56176
(43.77178031200049, -94.71466877399968)"
8403500228,THE INTERNATIONAL UFO MUSEUM & RESEARCH CENTER AT ROSWELL NE,INTERNATIONAL UFO MUSEUM AND RESEARCH C,,http://www.roswellufomuseum.com,SCI,850396125,A57,01/01/201212 12:00:00 AM,$1416888.00,$1022422.00,6.0,3,5,35,5.0,201.0,2049.0,92670.0,64930.0,40740.0,,1.0,840,1,0,1,0,"114 N MAIN ST
ROSWELL, NM 88203-4706
(33.369211, -104.533866)",114 N MAIN ST,ROSWELL,NM,88203-4706,"114 N MAIN ST
ROSWELL, NM 88203-4706
(33.39368092500047, -104.52279386599969)"
8403100354,CHILDRENS MUSEUM OF CENTRAL NEBRASKA INC,,,,CMU,753120127,A52,01/01/201212 12:00:00 AM,$58366.00,$58366.00,3.0,3,5,31,1.0,965700.0,1049.0,21415.0,21415.0,25580.0,,1.0,840,1,0,0,0,"PO BOX 1502
HASTINGS, NE 68902-1502
(40.586104, -98.386152)",PO BOX 1502,HASTINGS,NE,68902-1502,"PO BOX 1502
HASTINGS, NE 68902-1502
(40.58612418300049, -98.38612675099967)"
8400600936,DOCENT COUNCIL OF THE GAMBLE HOUSE,DOCENT COUNCIL OF THE GAMBLE HOUSE,,,HSC,237365869,A82,01/01/201306 12:00:00 AM,$0.00,$0.00,0.0,1,6,6,37.0,461700.0,2032.0,92400.0,56000.0,31080.0,31084.0,0.0,840,0,0,0,1,"4 WESTMORELAND PL
PASADENA, CA 91103-3564
(34.151682, -118.160394)",4 WESTMORELAND PL,PASADENA,CA,91103-3564,"4 WESTMORELAND PL
PASADENA, CA 91103-3564
(34.15154551800049, -118.16050718999969)"
8402600448,MONROE COUNTY COUNCIL CIO SOCIAL AND WELFARE ASSOCIATION,,,,GMU,381292799,A50,01/01/201212 12:00:00 AM,$25131.00,$20524.00,3.0,1,4,26,115.0,832100.0,1000.0,55020.0,55020.0,33780.0,,0.0,840,1,0,0,0,"41 W FRONT ST
MONROE, MI 48161-2336
(41.916538, -83.398193)",41 W FRONT ST,MONROE,MI,48161-2336,"41 W FRONT ST
MONROE, MI 48161-2336
(41.91651901200049, -83.39824504799964)"
8400602808,MUSEUM OF FASHION DESIGNERS AND CREATORS,,,,ART,954344771,A51,01/01/201205 12:00:00 AM,$32031.00,$32031.00,3.0,1,6,6,37.0,207710.0,1045.0,91750.0,44000.0,31080.0,31084.0,0.0,840,1,0,0,0,"PO BOX 555236
LOS ANGELES, CA 90055-0236
(34.044923, -118.258809)",PO BOX 555236,LOS ANGELES,CA,90055-0236,"PO BOX 555236
LOS ANGELES, CA 90055-0236
(34.04064297600047, -118.25708769199969)"
8402600313,CHILDREN MATTER FOREVER,,,,CMU,237176837,A52,01/01/201206 12:00:00 AM,$0.00,$0.00,0.0,1,4,26,163.0,539400.0,3031.0,22000.0,22000.0,19820.0,19804.0,0.0,840,1,0,0,0,"5382 W OUTER DR
DETROIT, MI 48235-1452
(42.42532, -83.175489)",5382 W OUTER DR,DETROIT,MI,48235-1452,"5382 W OUTER DR
DETROIT, MI 48235-1452
(42.425247974000456, -83.17548748499968)"
8402400656,ST STANISLAUS KOSTKA POLISH AND SLAVIC CHURCH MUSEUM INC,,,,GMU,861102750,,,,,,1,2,24,510.0,10400.0,1004.0,90000.0,4000.0,12580.0,,0.0,840,1,0,0,0,"832 S LUZERNE AVE
BALTIMORE, MD 21224
(39.282549, -76.579832)",832 S LUZERNE AVE,BALTIMORE,MD,21224,"832 S LUZERNE AVE
BALTIMORE, MD 21224
(39.28219927600048, -76.57982569699965)"
8404200510,NORRISTOWN ZOOLOGICAL SOCIETY,ELMWOOD PARK ZOO,6102773825.0,http://www.elmwoodparkzoo.org,ZAW,231970067,D50,01/01/201210 12:00:00 AM,$2558810.00,$2421358.00,6.0,2,2,42,91.0,203700.0,1020.0,54656.0,54656.0,37980.0,33874.0,0.0,840,1,0,1,1,"1661 HARDING BLVD
NORRISTOWN, PA 19401-2974
(40.131879, -75.338651)",1661 HARDING BLVD,NORRISTOWN,PA,19401-2974,"1661 HARDING BLVD
NORRISTOWN, PA 19401-2974
(40.13240247600049, -75.33740454099967)"
8403300336,NOTTINGHAM SQUARE SCHOOLHOUSE MUSEUM,,6036795739.0,,HSC,237207382,A82,,,,,4,1,33,15.0,58000.0,1097.0,57460.0,,14460.0,40484.0,0.0,840,1,0,0,0,"PO BOX 241
NOTTINGHAM, NH 03290-0241
(43.114137, -71.097373)",PO BOX 241,NOTTINGHAM,NH,03290-0241,"PO BOX 241
NOTTINGHAM, NH 03290-0241
(43.1119931230005, -71.09435719899966)"
8404100295,MULKEY CEMETERY ASSOCIATION,,,,HSC,800160123,A80,01/01/201212 12:00:00 AM,$0.00,$0.00,0.0,1,6,41,39.0,4300.0,2008.0,91105.0,23850.0,21660.0,,0.0,840,1,0,0,0,"PO BOX 26124
EUGENE, OR 97402-0463
(44.064643, -123.150907)",PO BOX 26124,EUGENE,OR,97402-0463,"PO BOX 26124
EUGENE, OR 97402-0463
(44.04973218300046, -123.13684591399971)"
8400600454,HILLIER AIR MUSEUM,,2095268297.0,http://www.hillierairmuseum.com,GMU,,,,,,,2,6,6,99.0,2100.0,1002.0,91980.0,48354.0,33700.0,,0.0,840,0,0,1,0,"700 TIOGA DR
MODESTO, CA 95354
(37.631306, -120.967788)",700 TIOGA DR,MODESTO,CA,95354,"700 TIOGA DR
MODESTO, CA 95354
(37.63127299200045, -120.96776174899969)"
8404500001,WAR BETWEEN  STATES MUSEUM,,8436691266.0,,GMU,,,,,,,1,3,45,41.0,1100.0,5005.0,91131.0,25810.0,22500.0,,0.0,840,0,0,1,0,"107 S GUERRY ST
FLORENCE, SC 29501
(34.195684, -79.813363)",107 S GUERRY ST,FLORENCE,SC,29501,"107 S GUERRY ST
FLORENCE, SC 29501
(34.19729807400046, -79.77871338499966)"
8402100327,BALLARD-CARLISLE COUNTY HISTORICAL AND GENEALOGICAL SOCIETY,,,,HSC,611186224,A82,01/01/201212 12:00:00 AM,$0.00,$0.00,0.0,4,3,21,7.0,950200.0,1141.0,90168.0,,37140.0,,1.0,840,1,0,0,0,"PO BOX 279
WICKLIFFE, KY 42087-0279
(36.994942, -89.027186)",PO BOX 279,WICKLIFFE,KY,42087-0279,"PO BOX 279
WICKLIFFE, KY 42087-0279
(36.96490111300045, -89.08991823099967)"
8400800563,PUEBLO ZOOLOGICAL SOCIETY FOUNDATION,PUEBLO ZOO,7195611452.0,http://www.pueblozoo.org,ZAW,841293023,D50,01/01/201212 12:00:00 AM,$1.00,,1.0,1,5,8,101.0,1600.0,1019.0,92983.0,62000.0,39380.0,,0.0,840,1,0,1,0,"3455 NUCKOLLS AVENUE
PUEBLO, CO 81005-1234
(38.260298, -104.652611)",3455 NUCKOLLS AVENUE,PUEBLO,CO,81005-1234,"3455 NUCKOLLS AVENUE
PUEBLO, CO 81005-1234
(38.26027102800049, -104.6568542439997)"
8403700210,GREATER WILMINGTON SPORTS HALL OF FAME INC,,,,GMU,203664129,A50,01/01/201212 12:00:00 AM,$97010.00,$30354.00,3.0,1,3,37,129.0,10400.0,2001.0,94044.0,74440.0,48900.0,,0.0,840,1,0,0,0,"2710 MARKET ST
WILMINGTON, NC 28403-1218
(34.239052, -77.911901)",2710 MARKET ST,WILMINGTON,NC,28403-1218,"2710 MARKET ST
WILMINGTON, NC 28403-1218
(34.23910299400046, -77.91128562599965)"
8401900088,HENRY A WALLACE BIRTHPLACE,,6413375019.0,,HSC,,,,,,,4,4,19,1.0,960200.0,1103.0,93198.0,,,,0.0,840,0,0,1,0,"2773 290TH ST
ORIENT, IA 50858
(41.229839, -94.366436)",2773 290TH ST,ORIENT,IA,50858,"2773 290TH ST
ORIENT, IA 50858
(41.22964113600045, -94.34239255899968)"
8400400446,ARIZONA ARCHAEOLOGICAL AND HISTORICAL SOCIETY,,,,HSC,866050701,A82,01/01/201306 12:00:00 AM,$52212.00,$52212.00,3.0,1,6,4,19.0,500.0,4001.0,93570.0,77000.0,46060.0,,0.0,840,1,0,0,0,"ARIZONA STATE MUSEUM UNIV OF AZ
TUCSON, AZ 85721-0001
(32.233444, -110.948131)",ARIZONA STATE MUSEUM UNIV OF AZ,TUCSON,AZ,85721-0001,"ARIZONA STATE MUSEUM UNIV OF AZ
TUCSON, AZ 85721-0001
(32.24860199400047, -110.9439265909997)"
8401200715,INTERNATIONAL MOBILE MUSEUMS INC,,,,GMU,591769333,,,,,,2,3,12,86.0,14800.0,3000.0,91705.0,70700.0,33100.0,33124.0,0.0,840,1,0,0,0,"1445 SW 127TH CT
MIAMI, FL 33403
(26.801117, -80.073193)",1445 SW 127TH CT,MIAMI,FL,33403,"1445 SW 127TH CT
MIAMI, FL 33403
(25.754418685000473, -80.40114245599966)"
8402100321,OWENSBORO AREA MUSEUM OF SCIENCE AND HISTORY INC,OWENSBORO AREA MUSEUM OF SCIENCE AND HISTORY,,,GMU,611164857,A50,01/01/201206 12:00:00 AM,$432156.00,$404997.00,4.0,1,3,21,59.0,300.0,1021.0,92624.0,58620.0,36980.0,,0.0,840,1,1,0,1,"122 E 2ND ST
OWENSBORO, KY 42303-4108
(37.75804, -87.078472)",122 E 2ND ST,OWENSBORO,KY,42303-4108,"122 E 2ND ST
OWENSBORO, KY 42303-4108
(37.774963493000485, -87.11025949099968)"
8403602380,INLET HISTORICAL SOCIETY,,,,HSC,800426021,A80,01/01/201107 12:00:00 AM,$0.00,$0.00,0.0,4,2,36,41.0,950100.0,2002.0,37495.0,,,,0.0,840,1,0,0,0,"PO BOX 473
INLET, NY 13360-0473
(43.745434, -74.785195)",PO BOX 473,INLET,NY,13360-0473,"PO BOX 473
INLET, NY 13360-0473
(43.75135197300045, -74.79457681199966)"
8402500368,DENNIS HISTORICAL SOCIETY,,5083853689.0,,HSC,42624741,A82,01/01/201208 12:00:00 AM,$25279.00,$14895.00,3.0,2,1,25,1.0,11500.0,2006.0,16775.0,63655.0,12700.0,,0.0,840,1,0,0,0,"PO BOX 607
SOUTH DENNIS, MA 02660-0607
(41.705491, -70.1606)",PO BOX 607,SOUTH DENNIS,MA,02660-0607,"PO BOX 607
SOUTH DENNIS, MA 02660-0607
(41.69352266800047, -70.15333765999964)"
8403300249,MADISON HISTORICAL SOCIETY,,6033674687.0,,HSC,26013118,A82,01/01/201306 12:00:00 AM,$0.00,$0.00,0.0,3,1,33,3.0,955500.0,1095.0,45060.0,,,,0.0,840,1,0,0,0,"PO BOX 505
MADISON, NH 03849-0505
(43.898579, -71.124001)",PO BOX 505,MADISON,NH,03849-0505,"PO BOX 505
MADISON, NH 03849-0505
(43.90467417800045, -71.12944746299962)"
8404801013,BROWNSVILLE HISTORICAL ASSOCIATION,BROWNSVILLE HISTORICAL ASSOCIATION,9565423929.0,,HSC,741392580,A82,01/01/201212 12:00:00 AM,$398330.00,,4.0,1,5,48,61.0,14001.0,2047.0,90480.0,10768.0,15180.0,,0.0,840,1,0,1,0,"1305 E WASHINGTON ST
BROWNSVILLE, TX 78520-5705
(25.900637, -97.495967)",1305 E WASHINGTON ST,BROWNSVILLE,TX,78520-5705,"1305 E WASHINGTON ST
BROWNSVILLE, TX 78520-5705
(25.900853022000433, -97.49650545099968)"
8402900365,TOY AND MINIATURE MUSEUM,TOY AND MINIATURE MUSEUM OF KANSAS CITY,8163339328.0,http://www.toyandminiaturemuseum.org,GMU,431187852,A50,01/01/201212 12:00:00 AM,$3218358.00,,6.0,1,4,29,95.0,7400.0,1028.0,38054.0,38000.0,28140.0,,0.0,840,1,1,1,0,"5235 OAK ST
KANSAS CITY, MO 64112-2877
(39.031498, -94.58283)",5235 OAK ST,KANSAS CITY,MO,64112-2877,"5235 OAK ST
KANSAS CITY, MO 64112-2877
(39.03062831700049, -94.58283561299965)"
8404700514,GRANVILLE MUSEUM INC,,,,HST,621822304,A54,01/01/201212 12:00:00 AM,$218596.00,$126657.00,4.0,4,3,47,87.0,960200.0,2028.0,90848.0,,18260.0,,1.0,840,1,0,0,0,"PO BOX 26
GRANVILLE, TN 38564-0026
(36.28555, -85.773517)",PO BOX 26,GRANVILLE,TN,38564-0026,"PO BOX 26
GRANVILLE, TN 38564-0026
(36.27063008500045, -85.79905895499968)"
8402600847,GRAND TRUNK WESTERN HISTORICAL SOCIETY,,,"http://www.gtwhs,tripod.com",HSC,383309726,A80,01/01/201212 12:00:00 AM,$0.00,$0.00,0.0,2,4,26,99.0,225800.0,3025.0,72820.0,,19820.0,47664.0,0.0,840,1,0,0,0,"PO BOX 183682
SHELBY TWP, MI 48317
(42.644669, -83.040241)",PO BOX 183682,SHELBY TWP,MI,48317,"PO BOX 183682
SHELBY TWP, MI 48317
(42.643182513000454, -83.04584800799967)"
8401300002,VIDALIA ONION COMMITTEE,,9125371918.0,http://www.vidaliaonion.org,GMU,,,,,,,4,3,13,279.0,970400.0,4010.0,93192.0,79388.0,47080.0,,1.0,840,0,0,1,0,"100 VIDALIA SWEET ONION DR
VIDALIA, GA 30474
(32.205744, -82.368643)",100 VIDALIA SWEET ONION DR,VIDALIA,GA,30474,"100 VIDALIA SWEET ONION DR
VIDALIA, GA 30474
(32.20400974300048, -82.36965620199965)"
8401701153,CENTRALIA AREA HISTORICAL SOCIETY,,6185450657.0,,HSC,371370113,A80,01/01/201212 12:00:00 AM,$43399.00,$43399.00,3.0,3,4,17,121.0,952600.0,3043.0,12177.0,12164.0,16460.0,,1.0,840,1,0,0,0,"PO BOX 1343
CENTRALIA, IL 62801-9120
(38.521411, -89.133053)",PO BOX 1343,CENTRALIA,IL,62801-9120,"PO BOX 1343
CENTRALIA, IL 62801-9120
(38.52465376300046, -89.13368981499968)"
8402900072,"GERMAN SCHOOL MUSEUM - HISTORIC HERMANN, INC.","GERMAN SCHOOL MUSEUM - HISTORIC HERMANN, INC.",5734862017.0,,HSC,,,,,,,4,4,29,73.0,960100.0,1035.0,62336.0,31762.0,,,0.0,840,0,1,0,0,"312 SCHILLER STREET
HERMANN, MO 65041
(38.704691, -91.435442)",312 SCHILLER STREET,HERMANN,MO,65041,"312 SCHILLER STREET
HERMANN, MO 65041
(38.70494693900048, -91.43543899599968)"
8402000329,FORD COUNTY HISTORIC RAILROAD PRESERVATION FOUNDATION,,,,HSC,480949917,,,,,,3,5,20,57.0,961900.0,1045.0,18250.0,18250.0,19980.0,,1.0,840,1,0,0,0,"1700 12TH AVE
DODGE CITY, KS 67801
(37.764371, -100.030283)",1700 12TH AVE,DODGE CITY,KS,67801,"1700 12TH AVE
DODGE CITY, KS 67801
(37.763872241000456, -100.03029132299969)"
8401300604,BURKE COUNTY GENEALOGICAL SOCIETY INC,,,,HSC,582324476,A80,01/01/201212 12:00:00 AM,$0.00,$0.00,0.0,4,3,13,33.0,950100.0,1003.0,91362.0,,12260.0,,0.0,840,1,0,0,0,"PO BOX 1522
WAYNESBORO, GA 30830-7227
(33.091837, -81.958879)",PO BOX 1522,WAYNESBORO,GA,30830-7227,"PO BOX 1522
WAYNESBORO, GA 30830-7227
(33.23230252100046, -81.87022688499968)"
8401700932,FOREST PRESERVE DISTRICT OF DUPAGE COUN,KLINE CREEK FARM,6308765900.0,http://www.dupageforest.com,ZAW,366006552,,,,,,2,4,17,43.0,842602.0,1021.0,49451.0,81048.0,16980.0,16974.0,0.0,840,0,1,0,0,"301 SW 2ND STREET
WHEATON, IL 60189
(41.844605, -88.106064)",301 SW 2ND STREET,WHEATON,IL,60189,"301 SW 2ND STREET
WHEATON, IL 60189
(41.8436319810005, -88.10758823599969)"
8402000213,CALLERLAB FOUNDATION FOR THE PRES & PROMOTION OF SQUARE DANC,,,,HSC,411693478,A82,01/01/201311 12:00:00 AM,$3591.00,$3591.00,1.0,1,5,20,177.0,2900.0,4018.0,71000.0,71000.0,45820.0,,0.0,840,1,0,0,0,"200 SW 30TH ST STE 104
TOPEKA, KS 66611-2232
(39.013095, -95.684006)",200 SW 30TH ST STE 104,TOPEKA,KS,66611-2232,"200 SW 30TH ST STE 104
TOPEKA, KS 66611-2232
(39.01309787100047, -95.68377035599968)"
8403300211,DANBURY NEW HAMPSHIRE HISTORICAL SOCIETY,,,,HSC,20523648,,,,,,4,1,33,13.0,41500.0,2082.0,16980.0,,18180.0,,1.0,840,1,0,0,0,"30 DECKMANS ROAD
DANBURY, NH 3230
(43.486176, -71.838921)",30 DECKMANS ROAD,DANBURY,NH,3230,"30 DECKMANS ROAD
DANBURY, NH 3230
(43.48633105300047, -71.83823697399964)"
8402600651,LIBRARY OF MICHIGAN FOUNDATION,LIBRARY OF MICHIGAN FOUNDATION,,,GMU,382611742,A50,01/01/201309 12:00:00 AM,$2035091.00,$266704.00,6.0,2,4,26,65.0,2902.0,1013.0,46000.0,46000.0,29620.0,,0.0,840,0,0,0,1,"LANSING, MI 48909-7659
(42.68876, -84.498698)",,LANSING,MI,48909-7659,"LANSING, MI 48909-7659
(42.685422220000476, -84.49872919699965)"
8401800312,OMNI MUSEUM INC,,5742882513.0,,GMU,311118135,A50,,,,,1,4,18,141.0,400.0,1000.0,61128.0,71000.0,43780.0,,0.0,840,1,0,0,0,"1408 ELWOOD AVE
SOUTH BEND, IN 46628-2750
(41.693886, -86.271652)",1408 ELWOOD AVE,SOUTH BEND,IN,46628-2750,"1408 ELWOOD AVE
SOUTH BEND, IN 46628-2750
(41.69390231300048, -86.27155065599965)"
8401701179,WATERLOO MUSEUM SOCIETY,,,http://monroecountyhistorymuseum.com,GMU,371399761,A50,01/01/201212 12:00:00 AM,$0.00,$0.00,0.0,3,4,17,133.0,600501.0,3056.0,92635.0,79150.0,41180.0,,0.0,840,1,0,0,0,"PO BOX 28
WATERLOO, IL 62298
(38.328105, -90.152755)",PO BOX 28,WATERLOO,IL,62298,"PO BOX 28
WATERLOO, IL 62298
(38.32552013300045, -90.14900651499966)"
8403601722,FRIENDS OF CITY RELIQUARYINCORPORATED,THE CITY RELIQUARY MUSEUM,,http://cityreliquary.org,HST,204355036,A54,01/01/201212 12:00:00 AM,$74635.00,$42239.00,3.0,1,2,36,47.0,51900.0,3000.0,10022.0,51000.0,35620.0,35614.0,0.0,840,1,0,1,0,"370 METROPOLITAN AVE
BROOKLYN, NY 11211-8458
(40.714055, -73.955656)",370 METROPOLITAN AVE,BROOKLYN,NY,11211-8458,"370 METROPOLITAN AVE
BROOKLYN, NY 11211-8458
(40.71404265300049, -73.95571064999967)"
8405500594,STRATFORD AREA HISTORICAL SOCIETY INC,,,,HSC,391750673,A82,01/01/201212 12:00:00 AM,$0.00,$0.00,0.0,4,4,55,73.0,2000.0,3033.0,77750.0,77750.0,48140.0,,0.0,840,1,0,0,0,"PO BOX 107
STRATFORD, WI 54484-0107
(44.809645, -90.063823)",PO BOX 107,STRATFORD,WI,54484-0107,"PO BOX 107
STRATFORD, WI 54484-0107
(44.80308659400049, -90.07628659099964)"
8404000207,THE WIND HOLLOW FOUNDATION INC,WIND HOLLOW FOUNDATION,4052475452.0,,GMU,311569988,A53,01/01/201112 12:00:00 AM,$432602.00,,4.0,3,5,40,15.0,162100.0,4005.0,90117.0,2050.0,,,0.0,840,1,0,1,0,"132 E BROADWAY
ANADARKO, OK 73005-2838
(35.074917, -98.240623)",132 E BROADWAY,ANADARKO,OK,73005-2838,"132 E BROADWAY
ANADARKO, OK 73005-2838
(35.074864163000484, -98.2406940029997)"
8405100860,MUSEUM OF VALOR,,,,GMU,541916151,A54,01/01/201212 12:00:00 AM,$0.00,$0.00,0.0,4,3,51,177.0,20311.0,5023.0,90232.0,74470.0,47900.0,47894.0,0.0,840,1,0,0,0,"PO BOX 1797
SPOTSYLVANIA, VA 22553
(38.1749008, -77.6018154)",PO BOX 1797,SPOTSYLVANIA,VA,22553,"PO BOX 1797
SPOTSYLVANIA, VA 22553
(38.24327352400047, -77.60387634999967)"
8400600407,GLBT HISTORY MUSEUM,,4156211107.0,http://www.glbthistory.org,GMU,,,,,,,1,6,6,75.0,20500.0,2000.0,92790.0,67000.0,41860.0,41884.0,0.0,840,0,0,1,0,"4127 18TH ST
SAN FRANCISCO, CA 94114
(37.760825, -122.435283)",4127 18TH ST,SAN FRANCISCO,CA,94114,"4127 18TH ST
SAN FRANCISCO, CA 94114
(37.76082282700048, -122.43565718599973)"
8404100129,GRANT COUNTY RANCH AND RODEO MUSEUM,,,,GMU,200769971,A50,01/01/201312 12:00:00 AM,$0.00,$0.00,0.0,4,6,41,23.0,960200.0,4154.0,91462.0,37550.0,,,0.0,840,1,0,0,0,"241 E MAIN
JOHN DAY, OR 97845-1212
(44.418276, -118.981229)",241 E MAIN,JOHN DAY,OR,97845-1212,"241 E MAIN
JOHN DAY, OR 97845-1212
(44.416066128000466, -118.95076772999971)"
8401900423,TRI-COUNTY HISTORICAL SOCIETY,TRI-COUNTY HISTORICAL SOCIETY,5638523589.0,,HSC,421247572,A82,01/01/201212 12:00:00 AM,$0.00,$0.00,0.0,4,4,19,61.0,10300.0,3042.0,94728.0,11305.0,20220.0,,0.0,840,1,0,1,0,"PO BOX 234
CASCADE, IA 52033
(42.299048, -91.007282)",PO BOX 234,CASCADE,IA,52033,"PO BOX 234
CASCADE, IA 52033
(42.29526054200045, -91.00288699499964)"
8402400323,MARYLAND SCIENCE CENTER,MARYLAND SCIENCE CENTER,4106852370.0,http://www.mdsci.org,SCI,520668166,A57,01/01/201306 12:00:00 AM,$9713800.00,$8272231.00,7.0,1,2,24,510.0,220100.0,3011.0,90000.0,4000.0,12580.0,,0.0,840,1,0,1,1,"601 LIGHT ST
BALTIMORE, MD 21230-3803
(39.281245, -76.612577)",601 LIGHT ST,BALTIMORE,MD,21230-3803,"601 LIGHT ST
BALTIMORE, MD 21230-3803
(39.28182263400049, -76.61277478699964)"
8401900241,LYONS DISTRICT FOUNDATION,,,,GMU,263926054,A50,01/01/201212 12:00:00 AM,$0.00,$0.00,0.0,3,4,19,45.0,700.0,3031.0,90736.0,14430.0,17540.0,,1.0,840,1,0,0,0,"200 MAIN AVE
CLINTON, IA 52732-2242
(41.872782, -90.180484)",200 MAIN AVE,CLINTON,IA,52732-2242,"200 MAIN AVE
CLINTON, IA 52732-2242
(41.87268107500046, -90.18008728699965)"
8405100503,PIEDMONT ARTS ASSOCIATION,PIEDMONT ARTS ASSOCIATION,2766323221.0,http://www.piedmontarts.org,ART,510196237,,01/01/201206 12:00:00 AM,$2016067.00,$568366.00,6.0,3,3,51,690.0,300.0,3008.0,94537.0,49784.0,32300.0,,1.0,840,1,1,1,0,"215 STARLING AVE
MARTINSVILLE, VA 24112-3832
(36.685005, -79.865894)",215 STARLING AVE,MARTINSVILLE,VA,24112-3832,"215 STARLING AVE
MARTINSVILLE, VA 24112-3832
(36.68480450800047, -79.86649116199965)"
8404000449,CIMARRON HERITAGE CENTER,CIMARRON HERITAGE CENTER,5805443479.0,http://www.ccccok.org/museum,HST,731456820,A54,01/01/201304 12:00:00 AM,$178556.00,$146248.00,4.0,4,5,40,25.0,950300.0,1055.0,90286.0,7300.0,,,0.0,840,1,0,1,0,"PO BOX 214
BOISE CITY, OK 73933-0214
(36.736461, -102.511028)",PO BOX 214,BOISE CITY,OK,73933-0214,"PO BOX 214
BOISE CITY, OK 73933-0214
(36.731413560000476, -102.51305630599967)"
8403700721,LIBERTY ARTS INC,,,,ART,562234909,A51,01/01/201212 12:00:00 AM,$0.00,$0.00,0.0,1,3,37,63.0,1100.0,1029.0,90932.0,19000.0,20500.0,,0.0,840,1,0,0,0,"923 FRANKLIN ST
DURHAM, NC 27701-4093
(35.990225, -78.888908)",923 FRANKLIN ST,DURHAM,NC,27701-4093,"923 FRANKLIN ST
DURHAM, NC 27701-4093
(35.99021771000048, -78.88889530799963)"
8400602210,SAN FRANCISCO MARITIME NATIONAL PARK ASSOCIATION,,,,GMU,941254650,A50,01/01/201209 12:00:00 AM,$2054158.00,$1960399.00,6.0,1,6,6,75.0,12902.0,3006.0,92790.0,67000.0,41860.0,41884.0,0.0,840,1,0,0,0,"PO BOX 470310
SAN FRANCISCO, CA 94147-5877
(37.800007, -122.435258)",PO BOX 470310,SAN FRANCISCO,CA,94147-5877,"PO BOX 470310
SAN FRANCISCO, CA 94147-5877
(37.799893832000464, -122.43527962099972)"
8403901409,VETERANS MEMORIAL MUSEUM FOUNDATION INC,,,,HST,800516830,A54,01/01/201312 12:00:00 AM,$0.00,$0.00,0.0,2,4,39,113.0,165000.0,1023.0,29904.0,29932.0,19380.0,,0.0,840,1,0,0,0,"123 SMAIN ST
GERMANTOWN, OH 45327
(39.629342, -84.372457)",123 SMAIN ST,GERMANTOWN,OH,45327,"123 SMAIN ST
GERMANTOWN, OH 45327
(39.63491361000047, -84.38157656399966)"
8403900999,"WOMEN'S HISTORY PROJECT, AKRON AREA, INC.",,,,GMU,341406742,B70,,,,,1,4,39,153.0,506800.0,1037.0,1000.0,1000.0,10420.0,,0.0,840,1,0,0,0,"PO BOX 72077
AKRON, OH 44372-2077
(41.06564, -81.520458)",PO BOX 72077,AKRON,OH,44372-2077,"PO BOX 72077
AKRON, OH 44372-2077
(41.08824169400049, -81.54063650199964)"
8405100404,FLOYD COUNTY HISTORICAL SOCIETY,,,,HSC,300275088,A80,01/01/201212 12:00:00 AM,$0.00,$0.00,0.0,4,3,51,63.0,920102.0,2023.0,90992.0,28544.0,13980.0,,0.0,840,1,0,0,0,"PO BOX 292
FLOYD, VA 24091-0292
(36.915623, -80.311332)",PO BOX 292,FLOYD,VA,24091-0292,"PO BOX 292
FLOYD, VA 24091-0292
(36.915972008000494, -80.31057851499963)"
8404700256,PORTLAND PRESERVATION FOUNDATION,,,,HSC,460705292,A80,01/01/201212 12:00:00 AM,$0.00,$0.00,0.0,3,3,47,165.0,20300.0,2033.0,90356.0,60280.0,34980.0,,0.0,840,1,0,0,0,"103 MAIN STREET
PORTLAND, TN 37148-1217
(36.580579, -86.515125)",103 MAIN STREET,PORTLAND,TN,37148-1217,"103 MAIN STREET
PORTLAND, TN 37148-1217
(36.58044381300044, -86.51553191899967)"
8402500760,PEPPERELL HISTORICAL SOCIETY,,,,HSC,200581741,A80,01/01/201212 12:00:00 AM,$1024.00,$1024.00,1.0,2,1,25,17.0,327102.0,3028.0,52805.0,52770.0,14460.0,15764.0,0.0,840,1,0,0,0,"PO BOX 573
PEPPERELL, MA 01463-0573
(42.668375, -71.577134)",PO BOX 573,PEPPERELL,MA,01463-0573,"PO BOX 573
PEPPERELL, MA 01463-0573
(42.66675173200048, -71.56246635399964)"
8400200141,NOME HISTORICAL FOUNDATION INC,,,,HSC,920164246,A82,,,,,3,6,2,180.0,200.0,2032.0,54970.0,54920.0,,,0.0,840,1,0,0,0,"PO BOX 514
NOME, AK 99762-0514
(64.498737, -165.41381)",PO BOX 514,NOME,AK,99762-0514,"PO BOX 514
NOME, AK 99762-0514
(64.49796619300048, -165.40919899199974)"
8401800290,MIDWEST MUSEUM OF AMERICAN ART FOUNDATION,MIDWEST MUSEUM OF AMERICAN ART,5742936660.0,http://midwestmuseum.us,ART,310937828,A51,01/01/201212 12:00:00 AM,$245885.00,$245312.00,4.0,1,4,18,39.0,2900.0,1027.0,14842.0,20728.0,21140.0,,0.0,840,1,0,1,0,"429 S MAIN ST
ELKHART, IN 46516-3210
(41.674788, -85.95598)",429 S MAIN ST,ELKHART,IN,46516-3210,"429 S MAIN ST
ELKHART, IN 46516-3210
(41.68331724500047, -85.97152313299966)"
8404100204,CHETCO HIST MEMORIAL PROJECT,,,,HSC,270976354,A80,01/01/201112 12:00:00 AM,$0.00,$0.00,0.0,3,6,41,15.0,950301.0,3026.0,90357.0,8650.0,15060.0,,1.0,840,1,0,0,0,"PO BOX 132
BROOKINGS, OR 97415-0011
(42.064453, -124.273661)",PO BOX 132,BROOKINGS,OR,97415-0011,"PO BOX 132
BROOKINGS, OR 97415-0011
(42.0513816560005, -124.28301922699973)"
8405300651,HISTORY HIGHLIGHTS,WASHINGTON STATE HISTORICAL SOCIETY,2537985914.0,http://washingtonhistory.org/wshs.index.htm,HST,916000557,A50,,,,6.0,1,6,53,53.0,61500.0,1000.0,93376.0,70000.0,42660.0,45104.0,0.0,840,1,1,0,1,"315 N STADIUM WAY
TACOMA, WA 98403-3226
(47.267544, -122.450455)",315 N STADIUM WAY,TACOMA,WA,98403-3226,"315 N STADIUM WAY
TACOMA, WA 98403-3226
(47.2677905540005, -122.4505523199997)"
8400800473,SILT HISTORICAL SOCIETY INC,SILT HISTORICAL PARK,,http://www.siltchamber.com,HSC,840920407,A82,01/01/201112 12:00:00 AM,$0.00,$0.00,0.0,3,5,8,45.0,951901.0,2112.0,92603.0,70195.0,24060.0,,1.0,840,1,0,1,0,"PO BOX 401
SILT, CO 81652
(39.548728, -107.656912)",PO BOX 401,SILT,CO,81652,"PO BOX 401
SILT, CO 81652
(39.53419203700048, -107.65450792899969)"
8403602344,THEATER HERITAGE LIMITED,,,,HSC,651212453,A80,01/01/201212 12:00:00 AM,$0.00,$0.00,0.0,1,2,36,61.0,8000.0,4000.0,44919.0,51000.0,35620.0,35614.0,0.0,840,1,0,0,0,"160 EAST 38TH STREET SUITE 25E
NEW YORK, NY 10016-2613
(40.74858, -73.977117)",160 EAST 38TH STREET SUITE 25E,NEW YORK,NY,10016-2613,"160 EAST 38TH STREET SUITE 25E
NEW YORK, NY 10016-2613
(40.74864135600046, -73.97729111799964)"
8402500142,GRAND ARMY MUSEUM,,7814777085.0,,GMU,,,,,,,2,1,25,9.0,206800.0,2013.0,37490.0,37490.0,14460.0,15764.0,0.0,840,0,0,1,0,"58 ANDREW ST
LYNN, MA 1901
(42.46348, -70.948162)",58 ANDREW ST,LYNN,MA,1901,"58 ANDREW ST
LYNN, MA 1901
(42.46349031900047, -70.94815223799964)"
8400100445,COURTLAND HERITAGE MUSEUM INC,,,,HST,800302022,A54,01/01/201112 12:00:00 AM,$0.00,$0.00,0.0,4,3,1,79.0,979200.0,4025.0,93159.0,18040.0,19460.0,,0.0,840,1,0,0,0,"PO BOX 245
COURTLAND, AL 35618-0245
(34.666895, -87.308561)",PO BOX 245,COURTLAND,AL,35618-0245,"PO BOX 245
COURTLAND, AL 35618-0245
(34.667601181000464, -87.31128593599965)"
8403601831,TOWN OF CLINTON HISTORICAL SOCIETY,,,,HSC,222514037,,01/01/201303 12:00:00 AM,$0.00,$0.00,0.0,4,2,36,27.0,170000.0,2027.0,70662.0,,35620.0,20524.0,0.0,840,1,0,0,0,"PO BOX 122
CLINTON CORNERS, NY 12514
(41.861412, -73.765011)",PO BOX 122,CLINTON CORNERS,NY,12514,"PO BOX 122
CLINTON CORNERS, NY 12514
(41.86955428400046, -73.76312611799966)"
8403601536,FINDLEY LAKE & MINA HISTORICAL SOCIETY,,,,HSC,161538403,A80,01/01/201212 12:00:00 AM,$0.00,$0.00,0.0,4,2,36,13.0,36600.0,3093.0,47592.0,,27460.0,,1.0,840,1,0,0,0,"PO BOX 522
FINDLEY LAKE, NY 14736-0522
(42.11954, -79.73459)",PO BOX 522,FINDLEY LAKE,NY,14736-0522,"PO BOX 522
FINDLEY LAKE, NY 14736-0522
(42.1195808600005, -79.73480881799964)"
8401800749,EARLY FORD V-8 FOUNDATION,,,,HSC,943152163,A80,01/01/201212 12:00:00 AM,$144767.00,$142404.00,4.0,3,4,18,33.0,20500.0,5029.0,77228.0,2674.0,12140.0,,1.0,840,1,0,0,0,"PO BOX 284
AUBURN, IN 46706-0284
(41.360693, -85.054355)",PO BOX 284,AUBURN,IN,46706-0284,"PO BOX 284
AUBURN, IN 46706-0284
(41.366352453000445, -85.05716666799964)"
8401800344,EARLHAM COLLEGE,EARLHAM COLLEGE,7659831320.0,http://www.earlham.edu,GMU,350868073,B42,01/01/201206 12:00:00 AM,$97785516.00,$70667892.00,9.0,3,4,18,177.0,800.0,2001.0,81944.0,64260.0,39980.0,,1.0,840,1,1,1,0,"801 NATIONAL RD W
RICHMOND, IN 47374-4021
(39.823282, -84.913341)",801 NATIONAL RD W,RICHMOND,IN,47374-4021,"801 NATIONAL RD W
RICHMOND, IN 47374-4021
(39.82633361000046, -84.91316672899967)"
8400601018,RANCHO SANTA MARGARITA HISTORICAL SOCIETY,,,,HSC,263070973,A80,01/01/201306 12:00:00 AM,$0.00,$0.00,0.0,2,6,6,59.0,32054.0,1000.0,91977.0,59587.0,31080.0,11244.0,0.0,840,1,0,0,0,"22112 EL PASEO
RANCHO SANTA MARGARITA, CA 92688-2824
(33.641338, -117.594805)",22112 EL PASEO,RANCHO SANTA MARGARITA,CA,92688-2824,"22112 EL PASEO
RANCHO SANTA MARGARITA, CA 92688-2824
(33.64190080800046, -117.5948080169997)"
8404900016,WEST JORDAN HISTORICAL SOCIETY PUMPKIN WALK,,8015680938.0,,HSC,,,,,,,2,6,49,35.0,112917.0,1002.0,93010.0,82950.0,41620.0,,0.0,840,0,0,1,0,"2053 W 7800 S
WEST JORDAN, UT 84088
(40.60949, -111.945316)",2053 W 7800 S,WEST JORDAN,UT,84088,"2053 W 7800 S
WEST JORDAN, UT 84088
(40.60946284200048, -111.94544949299967)"
8405100990,JUBAL A EARLY PRESERVATION TR,,,,HSC,546383526,A82,01/01/201212 12:00:00 AM,$0.00,$0.00,0.0,2,3,51,161.0,30701.0,2016.0,96439.0,13720.0,40220.0,,0.0,840,1,0,0,0,"PO BOX 20937
ROANOKE, VA 24018-0094
(37.228647, -80.017631)",PO BOX 20937,ROANOKE,VA,24018-0094,"PO BOX 20937
ROANOKE, VA 24018-0094
(37.233570176000455, -80.01111639999965)"
8400100072,DON KRESGE MEMORIAL MUSEUM,,2058226759.0,http://www.alabamahistoricalradiosociety.org,GMU,,,,,,,1,3,1,73.0,2700.0,1087.0,90324.0,7000.0,13820.0,,0.0,840,0,0,1,0,"600 18TH ST N
BIRMINGHAM, AL 35203
(33.517964, -86.811793)",600 18TH ST N,BIRMINGHAM,AL,35203,"600 18TH ST N
BIRMINGHAM, AL 35203
(33.51842294000045, -86.81220637899969)"
8402100236,FRANKLIN COUNTY TRUST FOR HISTORIC PRESERVATION INC,,,,HSC,510163465,,01/01/201212 12:00:00 AM,$0.00,$0.00,0.0,4,3,21,73.0,70800.0,1035.0,91320.0,,23180.0,,1.0,840,1,0,0,0,"305 OLD PEAKS MILL ROAD
FRANKFORT, KY 40601
(38.274077, -84.81176)",305 OLD PEAKS MILL ROAD,FRANKFORT,KY,40601,"305 OLD PEAKS MILL ROAD
FRANKFORT, KY 40601
(38.27739665400048, -84.81037411699964)"
8401200541,PARRISH COMMUNITY FOUNDATION INC,,,,HSC,311572657,A80,01/01/201212 12:00:00 AM,$0.00,$0.00,0.0,2,3,12,81.0,1913.0,1037.0,92652.0,,35840.0,,0.0,840,1,0,0,0,"1804 FORT HAMER ROAD
PARRISH, FL 34219-8429
(27.528402, -82.428545)",1804 FORT HAMER ROAD,PARRISH,FL,34219-8429,"1804 FORT HAMER ROAD
PARRISH, FL 34219-8429
(27.52963958400045, -82.42802200899968)"
8405300288,GIG HARBOR HISTORIC WATERFRONT ASSOCIATION,,,,HSC,421754237,A80,01/01/201212 12:00:00 AM,$213312.00,$213312.00,4.0,2,6,53,53.0,72408.0,1001.0,91232.0,2910.0,42660.0,45104.0,0.0,840,1,0,0,0,"PO BOX 771
GIG HARBOR, WA 98335-0771
(47.305721, -122.597759)",PO BOX 771,GIG HARBOR,WA,98335-0771,"PO BOX 771
GIG HARBOR, WA 98335-0771
(47.327947493000465, -122.58119793599968)"
8400602227,SAN JOAQUIN COUNTY HISTORICAL SOCIETY,SAN JOAQUIN COUNTY HISTORICAL SOCIETY,,http://www.sanjoaquinhistory.org,HSC,941636086,A82,01/01/201206 12:00:00 AM,$749751.00,$700389.00,5.0,1,6,6,77.0,4204.0,1057.0,91700.0,42202.0,44700.0,,0.0,840,1,1,0,0,"PO BOX 30
LODI, CA 95241
(38.132675, -121.27372)",PO BOX 30,LODI,CA,95241,"PO BOX 30
LODI, CA 95241
(38.132723549000445, -121.27373648799971)"
8402200226,AMISTAD RESEARCH CENTER,AMISTAD RESEARCH CENTER,5048623222.0,http://www.amistadresearchcenter.org,HSC,720689313,A80,01/01/201212 12:00:00 AM,$634772.00,$634772.00,5.0,1,3,22,71.0,12102.0,2003.0,98000.0,55000.0,35380.0,,0.0,840,1,1,1,0,"6823 ST CHARLES AVE
NEW ORLEANS, LA 70118-5665
(29.935637, -90.124336)",6823 ST CHARLES AVE,NEW ORLEANS,LA,70118-5665,"6823 ST CHARLES AVE
NEW ORLEANS, LA 70118-5665
(29.935304500000484, -90.12387354499964)"
8405100200,BLACK HISTORY MUSEUM AND CULTURAL CENTER OF VA,,8047809093.0,,GMU,,,,,,,1,3,51,760.0,30200.0,1049.0,95291.0,67000.0,40060.0,,0.0,840,0,0,1,0,"3 W CLAY ST
RICHMOND, VA 23220
(37.547624, -77.440777)",3 W CLAY ST,RICHMOND,VA,23220,"3 W CLAY ST
RICHMOND, VA 23220
(37.547465658000476, -77.44050651399965)"
8403600395,BROOKLYN COMMUNITY ACCESS,,7189351122.0,,GMU,,,,,,,1,2,36,47.0,3300.0,2002.0,10022.0,51000.0,35620.0,35614.0,0.0,840,0,0,1,0,"57 ROCKWELL PL
BROOKLYN, NY 11217
(40.689058, -73.979371)",57 ROCKWELL PL,BROOKLYN,NY,11217,"57 ROCKWELL PL
BROOKLYN, NY 11217
(40.6884226250005, -73.97927572399965)"
8403900172,COLLEGE OF WOOSTER ART MUSEUM,,3302632495.0,http://www.wooster.edu/Music-and-the-Arts/The-College-of-Wooster-Art-Museum.aspx,GMU,,,,,,,3,4,39,169.0,980000.0,1003.0,86548.0,86548.0,49300.0,,1.0,840,0,0,1,0,"1220 BEALL AVE
WOOSTER, OH 44691
(40.812354, -81.934341)",1220 BEALL AVE,WOOSTER,OH,44691,"1220 BEALL AVE
WOOSTER, OH 44691
(40.811741044000485, -81.93436720999966)"
8400601606,NASHVILLE-ELDORADO MIWOK CULTURAL & HISTORICAL PRESERVATION,,,,HSC,562475223,A80,01/01/201206 12:00:00 AM,$0.00,$0.00,0.0,2,6,6,67.0,9615.0,4000.0,92690.0,22020.0,40900.0,,0.0,840,1,0,0,0,"PO BOX 580986
ELK GROVE, CA 95758-0017
(38.425594, -121.435103)",PO BOX 580986,ELK GROVE,CA,95758-0017,"PO BOX 580986
ELK GROVE, CA 95758-0017
(38.42680424200046, -121.4178270919997)"
8404000410,MIDGLEY MUSEUM,MIDGLEY MUSEUM,5802347265.0,,GMU,731379238,,01/01/201212 12:00:00 AM,$15604.00,,2.0,3,5,40,47.0,600.0,1034.0,91053.0,23950.0,21420.0,,1.0,840,1,0,1,0,"1001 SEQUOYAH DR
ENID, OK 73703-6926
(36.389587, -97.890412)",1001 SEQUOYAH DR,ENID,OK,73703-6926,"1001 SEQUOYAH DR
ENID, OK 73703-6926
(36.389803618000485, -97.89038221899966)"
8404600089,KEYSTONE AREA HISTORICAL SOCIETY,KEYSTONE AREA HISTORICAL SCTY,6056664494.0,http://www.keystonehistory.com,HSC,363363148,,01/01/201212 12:00:00 AM,$0.00,$0.00,0.0,4,5,46,103.0,11005.0,1116.0,33820.0,33820.0,39660.0,,0.0,840,1,0,1,0,"PO BOX 459
KEYSTONE, SD 57751
(43.893445, -103.420248)",PO BOX 459,KEYSTONE,SD,57751,"PO BOX 459
KEYSTONE, SD 57751
(43.89414001200049, -103.39181855799967)"
8404200635,THE NEWTOWN SQUARE HISTORICAL PRESERVATION SOCIETY,,,,HSC,232369717,A82,01/01/201206 12:00:00 AM,$22339.00,$22339.00,2.0,2,2,42,45.0,409904.0,2040.0,54224.0,,37980.0,37964.0,0.0,840,1,0,0,0,"PO BOX 3
NEWTOWN SQ, PA 19073-0003
(39.985836, -75.414056)",PO BOX 3,NEWTOWN SQ,PA,19073-0003,"PO BOX 3
NEWTOWN SQ, PA 19073-0003
(39.9863005360005, -75.39801984899964)"
8403500026,OLD COAL MINE MUSEUM,,5054383780.0,http://www.themineshafttavern.com/madridmuseum.html,GMU,,,,,,,4,5,35,49.0,10309.0,2173.0,92880.0,46100.0,42140.0,,0.0,840,0,0,1,0,"2846 STATE HIGHWAY 14 N
CERRILLOS, NM 87010
(35.394083, -106.161441)",2846 STATE HIGHWAY 14 N,CERRILLOS,NM,87010,"2846 STATE HIGHWAY 14 N
CERRILLOS, NM 87010
(35.40550360700047, -106.15307914199968)"
8400900355,BRANFORD ELECTRIC RAILWAY ASSOC INC,,,,GMU,66088826,A50,01/01/201212 12:00:00 AM,$840458.00,$754250.00,5.0,2,1,9,9.0,180300.0,2002.0,22910.0,22980.0,35300.0,,0.0,840,1,0,0,0,"17 RIVER ST
EAST HAVEN, CT 06512-2519
(41.277809, -72.874549)",17 RIVER ST,EAST HAVEN,CT,06512-2519,"17 RIVER ST
EAST HAVEN, CT 06512-2519
(41.32102057300045, -72.83406650499967)"
8404800637,AFRICAN AMERICAN HISTORICAL & MULTI-CULTURAL ARTS CENTER OF LUFKIN,,,,ART,261430802,,,,,,3,5,48,5.0,901.0,3029.0,92325.0,45072.0,31260.0,,1.0,840,1,0,0,0,"PO BOX 1326
LUFKIN, TX 75902
(31.309085, -94.74234)",PO BOX 1326,LUFKIN,TX,75902,"PO BOX 1326
LUFKIN, TX 75902
(31.32610297800045, -94.75596805199967)"
8401700053,ST CLAIR COUNTY HISTORICAL SOC,,6182778120.0,,HSC,,,,,,,2,4,17,163.0,501900.0,1009.0,4858.0,4845.0,41180.0,,0.0,840,0,0,1,0,"602 FULTON ST
BELLEVILLE, IL 62220
(38.509733, -89.976234)",602 FULTON ST,BELLEVILLE,IL,62220,"602 FULTON ST
BELLEVILLE, IL 62220
(38.50921569500048, -89.97691437599968)"
8404800617,WEST TEXAS SCIENCE CENTER,,,,NAT,260122912,A56,01/01/201306 12:00:00 AM,$0.00,$0.00,0.0,1,5,48,441.0,12700.0,3017.0,90010.0,1000.0,10180.0,,0.0,840,1,0,0,0,"5701 BUFFALO GAP RD STE A
ABILENE, TX 79606-4926
(32.379833, -99.771504)",5701 BUFFALO GAP RD STE A,ABILENE,TX,79606-4926,"5701 BUFFALO GAP RD STE A
ABILENE, TX 79606-4926
(32.37870707500048, -99.77207263699967)"
8400900069,GOV TRUMBULL HOUSE MUSEUM,,8606427558.0,,GMU,,,,,,,4,1,9,11.0,870100.0,2015.0,42390.0,,35980.0,,0.0,840,0,0,1,0,"169 W TOWN ST
LEBANON, CT 6249
(41.638005, -72.216057)",169 W TOWN ST,LEBANON,CT,6249,"169 W TOWN ST
LEBANON, CT 6249
(41.63694761000045, -72.21479204499963)"
8404700498,TENNESSEE CENTRAL RLWY MUSEUM,TENNESSEE CENTRAL RAILWAY MUSEUM,6152449001.0,http://www.tcry.org,GMU,621752634,A50,,,,,1,3,47,37.0,19600.0,2029.0,92698.0,52006.0,34980.0,,0.0,840,0,0,1,0,"220 WILLOW ST
NASHVILLE, TN 37210-2159
(36.154829, -86.754537)",220 WILLOW ST,NASHVILLE,TN,37210-2159,"220 WILLOW ST
NASHVILLE, TN 37210-2159
(36.15481794600049, -86.75432783699966)"
8402400281,CALVERT COUNTY QUILT GUILD,,,,GMU,331118741,A50,01/01/201212 12:00:00 AM,$0.00,$0.00,0.0,3,2,24,9.0,860702.0,2056.0,90108.0,63950.0,47900.0,47894.0,0.0,840,1,0,0,0,"PO BOX 153
PRINCE FREDERICK, MD 20678-0153
(38.535609, -76.585873)",PO BOX 153,PRINCE FREDERICK,MD,20678-0153,"PO BOX 153
PRINCE FREDERICK, MD 20678-0153
(38.536680738000484, -76.58443660099965)"
8402300128,FRYEBURG HISTORICAL SOCIETY,,,,HSC,10346187,A82,01/01/201212 12:00:00 AM,$0.00,$0.00,0.0,4,1,23,17.0,966700.0,3014.0,26910.0,26875.0,,,0.0,840,1,0,0,0,"511 MAIN STREET
FRYEBURG, ME 4037
(44.014347, -70.983623)",511 MAIN STREET,FRYEBURG,ME,4037,"511 MAIN STREET
FRYEBURG, ME 4037
(44.01530831100047, -70.98237965399966)"
8405300575,FERN HILL HISTORIC BUSINESS DISTRICT,,,http://experiencetacoma.com/fern-hill/,HSC,911894650,,,,,,1,6,53,53.0,63502.0,2020.0,93376.0,70000.0,42660.0,45104.0,0.0,840,1,0,0,0,"PO BOX 12175
TACOMA, WA 98412
(47.173154, -122.441958)",PO BOX 12175,TACOMA,WA,98412,"PO BOX 12175
TACOMA, WA 98412
(47.22050676700047, -122.47354892699968)"
8405100393,SHENANDOAH VALLEY TEXTILE GUILD AND MUSEUM,,,http://www.fiberfolks.org,GMU,273422554,A25,01/01/201208 12:00:00 AM,$0.00,$0.00,0.0,1,3,51,660.0,205.0,1031.0,93859.0,35624.0,25500.0,,0.0,840,1,0,0,0,"1211 WINDSOR ROAD
HARRISONBURG, VA 22801
(38.418246, -78.861878)",1211 WINDSOR ROAD,HARRISONBURG,VA,22801,"1211 WINDSOR ROAD
HARRISONBURG, VA 22801
(38.41876707500046, -78.86208105999964)"
8400600079,SAN LUIS OBISPO COUNTY HISTORICAL SOCIETY,SAN LUIS OBISPO COUNTY HISTORICAL SOCIETY,,,HSC,,,,,,,1,6,6,79.0,11101.0,2028.0,92860.0,68154.0,42020.0,,0.0,840,0,1,0,0,"696 MONTEREY ST.
SAN LUIS OBISPO, CA 93401
(35.279477, -120.665729)",696 MONTEREY ST.,SAN LUIS OBISPO,CA,93401,"696 MONTEREY ST.
SAN LUIS OBISPO, CA 93401
(35.27996566800044, -120.6648547429997)"
8400602643,SANTA MONICA HISTORICAL SOCIETY INC,,,,HSC,953019295,A82,01/01/201212 12:00:00 AM,$502329.00,$130924.00,5.0,1,6,6,37.0,701502.0,2006.0,92920.0,70000.0,31080.0,31084.0,0.0,840,1,0,0,0,"PO BOX 3059
SANTA MONICA, CA 90408-3059
(34.02553, -118.490421)",PO BOX 3059,SANTA MONICA,CA,90408-3059,"PO BOX 3059
SANTA MONICA, CA 90408-3059
(34.02543111200049, -118.49062738699968)"
8401700768,INSTITUTE MUSEUM INC,INSTITUTE MUSEUM,,,GMU,363858489,A50,01/01/201212 12:00:00 AM,$1.00,,1.0,1,4,17,31.0,70600.0,2017.0,14000.0,14000.0,16980.0,16974.0,0.0,840,1,0,1,0,"1510 W MONTANA ST
CHICAGO, IL 60614-2008
(41.926095, -87.665991)",1510 W MONTANA ST,CHICAGO,IL,60614-2008,"1510 W MONTANA ST
CHICAGO, IL 60614-2008
(41.92611513000048, -87.66645703099965)"
8403700356,CHILDRENS MUSEUM OF JACKSONVILLE,,,,CMU,300436154,A52,01/01/201212 12:00:00 AM,$0.00,$0.00,0.0,1,3,37,133.0,2100.0,1013.0,91632.0,34200.0,27340.0,,0.0,840,1,0,0,0,"PO BOX 12496
JACKSONVILLE, NC 28546-2496
(34.777511, -77.386248)",PO BOX 12496,JACKSONVILLE,NC,28546-2496,"PO BOX 12496
JACKSONVILLE, NC 28546-2496
(34.76078416700045, -77.37690909599968)"
8401900265,WISECUP FARM MUSEUM CORPORATION,,,,GMU,274734532,A50,01/01/201212 12:00:00 AM,$0.00,$0.00,0.0,4,4,19,85.0,290500.0,1115.0,90666.0,,36540.0,,0.0,840,1,0,0,0,"1772 305TH STREET
MISSOURI VALLEY, IA 51555-7016
(41.564606, -95.965579)",1772 305TH STREET,MISSOURI VALLEY,IA,51555-7016,"1772 305TH STREET
MISSOURI VALLEY, IA 51555-7016
(41.56460269000047, -95.96113064999969)"
8405100320,WYTHE COUNTY HISTORICAL SOCIETY,WYTHE COUNTY HISTORICAL SOCIET,5402233330.0,,HSC,237390148,A82,01/01/201302 12:00:00 AM,$0.00,$0.00,0.0,3,3,51,197.0,50301.0,5039.0,96343.0,88000.0,,,0.0,840,1,0,1,0,"PO BOX 730
WYTHEVILLE, VA 24382
(36.944439, -81.093324)",PO BOX 730,WYTHEVILLE,VA,24382,"PO BOX 730
WYTHEVILLE, VA 24382
(36.94328263800048, -81.09002633699964)"
8403400682,SIXTH REGIMENT OF THE UNITED STATES COLORED TROOPS CIVIL WAR,,,,HSC,311806291,A80,01/01/201212 12:00:00 AM,$0.00,$0.00,0.0,1,2,34,21.0,1401.0,3002.0,74000.0,74000.0,45940.0,,0.0,840,1,0,0,0,"123 HUFF AVE
TRENTON, NJ 08618-2815
(40.239571, -74.777539)",123 HUFF AVE,TRENTON,NJ,08618-2815,"123 HUFF AVE
TRENTON, NJ 08618-2815
(40.239614375000485, -74.77773233899967)"
8403400668,PERTH AMBOY JUAN PABLO DUARTE COMMITTEE,,,,HSC,273653132,A80,01/01/201312 12:00:00 AM,$0.00,$0.00,0.0,2,2,34,23.0,4900.0,2005.0,58200.0,58200.0,35620.0,35614.0,0.0,840,1,0,0,0,"PO BOX 2521
PERTH AMBOY, NJ 08862-2521
(40.510475, -74.271218)",PO BOX 2521,PERTH AMBOY,NJ,08862-2521,"PO BOX 2521
PERTH AMBOY, NJ 08862-2521
(40.510342945000446, -74.27097759399965)"
8401100172,ATATURK SOCIETY OF AMERICA,,,,HSC,521932992,A80,01/01/201212 12:00:00 AM,$0.00,$0.00,0.0,1,2,11,1.0,901.0,3001.0,50000.0,50000.0,47900.0,47894.0,0.0,840,1,0,0,0,"4731 MASS AVE NW
WASHINGTON, DC 20016-2345
(38.938204, -77.086422)",4731 MASS AVE NW,WASHINGTON,DC,20016-2345,"4731 MASS AVE NW
WASHINGTON, DC 20016-2345
(38.94357421300049, -77.09361308899963)"
8403602361,CLARK HOUSE PRESERVATION INC,,,,HST,743106925,A54,01/01/201112 12:00:00 AM,$185.00,$185.00,1.0,4,2,36,89.0,490500.0,3054.0,77739.0,77728.0,36300.0,,1.0,840,1,0,0,0,"PO BOX 104
WADDINGTON, NY 13694-0104
(44.857432, -75.184884)",PO BOX 104,WADDINGTON,NY,13694-0104,"PO BOX 104
WADDINGTON, NY 13694-0104
(44.86445979600046, -75.20370686299964)"
8402400005,WILLIAMSPORT MUSEUM,,3012235854.0,,GMU,,,,,,,2,2,24,43.0,10802.0,1011.0,90176.0,85100.0,25180.0,,0.0,840,0,0,1,0,"14 SPRINGFIELD LN
WILLIAMSPORT, MD 21795
(39.600729, -77.81343)",14 SPRINGFIELD LN,WILLIAMSPORT,MD,21795,"14 SPRINGFIELD LN
WILLIAMSPORT, MD 21795
(39.60001503400048, -77.81369523999967)"
8402900509,WATER GARDEN SOCIETY OF GREATER KANSAS CITY,,,,BOT,431640372,C41,01/01/201212 12:00:00 AM,$43355.00,$43355.00,3.0,2,4,29,95.0,14603.0,1014.0,6490.0,35000.0,28140.0,,0.0,840,1,0,0,0,"16113 E 30TH ST S
INDEPENDENCE, MO 64133-5102
(39.018441, -94.461733)",16113 E 30TH ST S,INDEPENDENCE,MO,64133-5102,"16113 E 30TH ST S
INDEPENDENCE, MO 64133-5102
(39.06476299900049, -94.38906383999966)"
8401800724,HISTORIC FAIRMOUNT,,,,HSC,621569767,,01/01/201212 12:00:00 AM,$20224.00,$11831.00,2.0,4,4,18,53.0,10300.0,3065.0,22441.0,,31980.0,,1.0,840,1,0,0,0,"PO BOX 257
FAIRMOUNT, IN 46928
(40.409124, -85.671867)",PO BOX 257,FAIRMOUNT,IN,46928,"PO BOX 257
FAIRMOUNT, IN 46928
(40.41348211000047, -85.65892997099968)"
8400601084,UNITED STATES ARMY VETERANS SUPPORT COMMAND,,,,HSC,271609483,A80,01/01/201212 12:00:00 AM,$0.00,$0.00,0.0,2,6,6,59.0,88904.0,4001.0,92150.0,84550.0,31080.0,11244.0,0.0,840,1,0,0,0,"10282 PARKVIEW AVENUE
WESTMINSTER, CA 92683-5782
(33.750371, -117.950583)",10282 PARKVIEW AVENUE,WESTMINSTER,CA,92683-5782,"10282 PARKVIEW AVENUE
WESTMINSTER, CA 92683-5782
(33.75036349500044, -117.9499997099997)"
8404100449,YAQUINA PACIFIC RAILROAD HISTORICAL SOCIETY,YAQUINA PACIFIC RAILROAD HISTORICAL SOC,5413365256.0,http://www.yaquinapacificrr.org,GMU,931087923,A50,01/01/201306 12:00:00 AM,$35405.00,$33867.00,3.0,3,6,41,41.0,951400.0,2014.0,93230.0,74000.0,35440.0,,1.0,840,1,0,1,0,"PO BOX 119
TOLEDO, OR 97391-0119
(44.622449, -123.932314)",PO BOX 119,TOLEDO,OR,97391-0119,"PO BOX 119
TOLEDO, OR 97391-0119
(44.62113949500048, -123.93831691599968)"
8400400026,"PINE - STRAWBERRY ARCHAEOLOGICAL & HISTORICAL SOCIETY, INC.","PINE - STRAWBERRY ARCHAEOLOGICAL & HISTORICAL SOCIETY, INC.",,,HSC,,,,,,,4,6,4,7.0,100.0,1026.0,92570.0,55700.0,37740.0,,1.0,840,0,1,0,0,"PINE, AZ 85544
(34.38678, -111.454774)",,PINE,AZ,85544,"PINE, AZ 85544
(34.38686389200046, -111.4547583639997)"
8403601627,ALMOND HISTORICAL SOCIETY,,,,HSC,166069085,A82,01/01/201212 12:00:00 AM,$0.00,$0.00,0.0,4,2,36,3.0,950100.0,3112.0,1451.0,,,,0.0,840,1,0,0,0,"PO BOX 209
ALMOND, NY 14804
(42.324724, -77.794376)",PO BOX 209,ALMOND,NY,14804,"PO BOX 209
ALMOND, NY 14804
(42.331202428000495, -77.80420717299967)"
8400800115,DOUGHERTY MUSEUM,,3037762520.0,,GMU,,,,,,,4,5,8,13.0,13211.0,2052.0,92318.0,,14500.0,,0.0,840,0,0,1,0,"8306 N 107TH ST
LONGMONT, CO 80504
(40.125271, -105.101188)",8306 N 107TH ST,LONGMONT,CO,80504,"8306 N 107TH ST
LONGMONT, CO 80504
(40.12547045700046, -105.1025848489997)"
8403700602,CAROLINAS HISTORIC AVIATION COMMISSION,CAROLINAS AVIATION MUSEUM,,,GMU,561769105,A50,01/01/201206 12:00:00 AM,$1019239.00,$943432.00,6.0,1,3,37,119.0,980100.0,1009.0,93268.0,12000.0,16740.0,,0.0,840,1,0,1,0,"4672 FIRST FLIGHT DR
CHARLOTTE, NC 28208-5770
(35.219143, -80.92983)",4672 FIRST FLIGHT DR,CHARLOTTE,NC,28208-5770,"4672 FIRST FLIGHT DR
CHARLOTTE, NC 28208-5770
(35.21891035200048, -80.93084766599964)"
8403600616,EAST ISLIP HISTORICAL SOCIETY,,6312776038.0,,HSC,113144062,,01/01/201212 12:00:00 AM,$0.00,$0.00,0.0,4,2,36,103.0,147502.0,2004.0,38000.0,22315.0,35620.0,35004.0,0.0,840,1,0,0,0,"PO BOX 8
EAST ISLIP, NY 11730
(40.730362, -73.186844)",PO BOX 8,EAST ISLIP,NY,11730,"PO BOX 8
EAST ISLIP, NY 11730
(40.732553245000474, -73.18436703999964)"
8402000215,INTERNATIONAL PANCAKE DAY OF LIBERAL FOUNDATION INC,,,,HST,421530456,A54,01/01/201303 12:00:00 AM,$4110.00,$3181.00,1.0,3,5,20,175.0,966000.0,2075.0,39825.0,39825.0,30580.0,,1.0,840,1,0,0,0,"PO BOX 665
LIBERAL, KS 67905-0665
(37.042819, -100.921965)",PO BOX 665,LIBERAL,KS,67905-0665,"PO BOX 665
LIBERAL, KS 67905-0665
(37.04282009500048, -100.92197616799967)"
8401800516,TIPTON COUNTY HISTORICAL SOCIETY INC,TIPTON COUNTY HISTORICAL SOCIETY,7656755828.0,http://www.tiptonhistorical.com,HSC,351940387,A82,01/01/201212 12:00:00 AM,$0.00,$0.00,0.0,3,4,18,159.0,20400.0,5026.0,12646.0,75986.0,,,0.0,840,1,1,0,0,"323 W SOUTH ST
TIPTON, IN 46072
(40.287394, -86.048707)",323 W SOUTH ST,TIPTON,IN,46072,"323 W SOUTH ST
TIPTON, IN 46072
(40.27741234400048, -86.04480936099964)"
