Museum ID,Name of Institution,Alternative Name of Institution,Phone,Web URL,Museum Type,EIN,NTEECC,Tax Period of Latest Return Filled,Gross Income,Total Revenue,Income Code,NCES Locale Code,AAM Museum Region,State Code,County Code,Tract,Block,Minor Civil Division,Place Code,CBSA Code,MSAD Code,Micropolitan Area Flag,Country Code,IRS 990 Flag,IMLS Admin Data Source Flag,Third Party Source Flag,Private Grant Foundation Data Source Flag,Location ,Address,City,State,Zip Code,Location
8403100029,PIERSON WILDLIFE MUSEUM LEARNING CENTER,,4028874212.0,,ZAW,,,,,,,4,5,31,3.0,979700.0,2129.0,33775.0,33775.0,,,0.0,840,0,0,1,0,"205 E 5TH ST
NELIGH, NE 68756
(42.129553, -98.028819)",205 E 5TH ST,NELIGH,NE,68756,"205 E 5TH ST
NELIGH, NE 68756
(42.12956491200049, -98.02839063799968)"
8401700764,STARK COUNTY GENEALOGICAL SOCIETY,,,,HST,363845544,A54,01/01/201012 12:00:00 AM,$0.00,$0.00,0.0,4,4,17,11.0,965600.0,3065.0,52012.0,,36860.0,,1.0,840,1,0,0,0,"7885 W OSCEOLA RD
NEPONSET, IL 61345-9628
(41.300649, -89.809305)",7885 W OSCEOLA RD,NEPONSET,IL,61345-9628,"7885 W OSCEOLA RD
NEPONSET, IL 61345-9628
(41.30070376700047, -89.80371571399968)"
8405300371,BOTHELL HISTORICAL MUSEUM FOUNDATION,BOTHELL HISTORICAL MUSEUM,4254861889.0,http://bothellhistoricalmuseum.org,GMU,910866794,A50,01/01/201312 12:00:00 AM,$0.00,$0.00,0.0,2,6,53,33.0,21804.0,2017.0,92931.0,7380.0,42660.0,42644.0,0.0,840,1,0,1,0,"PO BOX 313
BOTHELL, WA 98041
(47.760457, -122.201277)",PO BOX 313,BOTHELL,WA,98041,"PO BOX 313
BOTHELL, WA 98041
(47.760808201000486, -122.1999873799997)"
8403600929,FRIENDS OF THE ORANGETOWN MUSEUM,,,,HST,133860113,A54,01/01/201212 12:00:00 AM,$19171.00,$14894.00,2.0,2,2,36,87.0,12800.0,5051.0,55211.0,56902.0,35620.0,35614.0,0.0,840,1,0,0,0,"213 BLUE HILL RD
PEARL RIVER, NY 10965-3311
(41.052621, -73.987084)",213 BLUE HILL RD,PEARL RIVER,NY,10965-3311,"213 BLUE HILL RD
PEARL RIVER, NY 10965-3311
(41.05111804000046, -73.98628403199967)"
8400602373,MISSION PEAK HERITAGE FOUNDATION,,,,HST,942846937,A54,01/01/201309 12:00:00 AM,$0.00,$0.00,0.0,1,6,6,1.0,443102.0,4014.0,91070.0,26000.0,41860.0,36084.0,0.0,840,1,0,0,0,"PO BOX 3078
FREMONT, CA 94539-0307
(37.511678, -121.931995)",PO BOX 3078,FREMONT,CA,94539-0307,"PO BOX 3078
FREMONT, CA 94539-0307
(37.53086413300048, -121.92072670499971)"
8402400296,BLACKSMITH GUILD OF WESTERN MARYLAND INC,,,,HSC,453415669,A80,01/01/201212 12:00:00 AM,$0.00,$0.00,0.0,4,2,24,43.0,11400.0,3017.0,90544.0,,25180.0,,0.0,840,1,0,0,0,"21118 MOUSETOWN ROAD
BOONSBORO MARYLAND, MD 21713-2232
(39.502641, -77.634384)",21118 MOUSETOWN ROAD,BOONSBORO MARYLAND,MD,21713-2232,"21118 MOUSETOWN ROAD
BOONSBORO MARYLAND, MD 21713-2232
(39.50209320100049, -77.63353092399967)"
8400602161,ARTWORK ON VIEW,,,,GMU,912143381,A50,01/01/201312 12:00:00 AM,$0.00,$0.00,0.0,1,6,6,75.0,45200.0,3003.0,92790.0,67000.0,41860.0,41884.0,0.0,840,1,0,0,0,"780 FUNSTON AVENUE
SAN FRANCISCO, CA 94118-3605
(37.774073, -122.471308)",780 FUNSTON AVENUE,SAN FRANCISCO,CA,94118-3605,"780 FUNSTON AVENUE
SAN FRANCISCO, CA 94118-3605
(37.77358365500049, -122.47124513999972)"
8402600838,GOSPEL MUSIC HALL OF FAME & MUSEUM,INTERNATIONAL GOSPEL MUSIC,3135920017.0,http://www.igmhf.org,GMU,383288653,A50,01/01/201212 12:00:00 AM,$0.00,$0.00,0.0,1,4,26,163.0,541200.0,1005.0,22000.0,22000.0,19820.0,19804.0,0.0,840,1,0,1,0,"PO BOX 19009
DETROIT, MI 48219-0009
(42.424701, -83.253295)",PO BOX 19009,DETROIT,MI,48219-0009,"PO BOX 19009
DETROIT, MI 48219-0009
(42.419034285000464, -83.26415674899965)"
8402400388,THE CHEVY CHASE HISTORICAL SOCIETY LTD,,,,HSC,521279019,A82,01/01/201212 12:00:00 AM,$47381.00,$33265.00,3.0,2,2,24,31.0,705300.0,1017.0,90612.0,16787.0,47900.0,43524.0,0.0,840,1,0,0,0,"PO BOX 15145
CHEVY CHASE, MD 20825-5145
(38.970245, -77.077376)",PO BOX 15145,CHEVY CHASE,MD,20825-5145,"PO BOX 15145
CHEVY CHASE, MD 20825-5145
(38.97034268900046, -77.07721669499966)"
8405500820,POYNETTE AREA HISTORICAL SOCIETY INC,,,,HSC,510185987,,01/01/201303 12:00:00 AM,$0.00,$0.00,0.0,4,4,55,21.0,970700.0,2013.0,64900.0,64900.0,31540.0,,0.0,840,1,0,0,0,"PO BOX 162
POYNETTE, WI 53955-5395
(43.390723, -89.421928)",PO BOX 162,POYNETTE,WI,53955-5395,"PO BOX 162
POYNETTE, WI 53955-5395
(43.40254174500046, -89.41158956199968)"
8403601429,BATTLE OF ORISKANY HISTORICAL SOCIETY INC,,,,HSC,161343501,A80,01/01/201212 12:00:00 AM,$0.00,$0.00,0.0,2,2,36,65.0,26100.0,2029.0,81754.0,55365.0,46540.0,,0.0,840,1,0,0,0,"420 UTICA STREET PO BOX 248
ORISKANY, NY 13424
(43.153846, -75.328937)",420 UTICA STREET PO BOX 248,ORISKANY,NY,13424,"420 UTICA STREET PO BOX 248
ORISKANY, NY 13424
(43.15314324500048, -75.32806591799965)"
8405300018,SEATTLE ASIAN ART MUSEUM,,2066543100.0,http://www.seattleartmuseum.org,GMU,,,,,,,1,6,53,33.0,6500.0,1032.0,92928.0,63000.0,42660.0,42644.0,0.0,840,0,0,1,0,"1400 E PROSPECT ST
SEATTLE, WA 98112
(47.628446, -122.314521)",1400 E PROSPECT ST,SEATTLE,WA,98112,"1400 E PROSPECT ST
SEATTLE, WA 98112
(47.628417208000485, -122.3133088619997)"
8402200076,CYPRESS MANOR MUSEUM,,9853804651.0,,GMU,,,,,,,3,3,22,101.0,40300.0,3099.0,95053.0,52040.0,34020.0,,1.0,840,0,0,1,0,"715 2ND ST
MORGAN CITY, LA 70380
(29.696702, -91.208869)",715 2ND ST,MORGAN CITY,LA,70380,"715 2ND ST
MORGAN CITY, LA 70380
(29.696464539000488, -91.20877615499967)"
8400800664,THE PIONEER ASSOCIATION,,,,HSC,846028565,A80,01/01/201212 12:00:00 AM,$0.00,$0.00,0.0,2,5,8,69.0,300.0,2030.0,91330.0,,22660.0,,0.0,840,1,0,0,0,"3039 WEST VINE DRIVE
FORT COLLINS, CO 80522-1732
(40.596688, -105.129968)",3039 WEST VINE DRIVE,FORT COLLINS,CO,80522-1732,"3039 WEST VINE DRIVE
FORT COLLINS, CO 80522-1732
(40.59669372200045, -105.13303128099966)"
8400900437,SOUTH WINDSOR HISTORICAL SOCIETY INC,SOUTH WINDSOR HISTORICAL SOCIETY,8602919958.0,http://southwindsorhistory.org,HSC,237146776,A82,01/01/201212 12:00:00 AM,$46727.00,$46727.00,3.0,2,1,9,3.0,487500.0,3001.0,71390.0,,25540.0,,0.0,840,1,0,1,0,"PO BOX 216
S WINDSOR, CT 06074-0216
(41.825453, -72.560084)",PO BOX 216,S WINDSOR,CT,06074-0216,"PO BOX 216
S WINDSOR, CT 06074-0216
(41.825493517000496, -72.56007958799967)"
8403400017,TRENTON MUSEUM SOCIETY,,6099891191.0,http://www.ellarslie.org,HSC,,,,,,,2,2,34,21.0,3500.0,3020.0,22185.0,,45940.0,,0.0,840,0,0,1,0,"PARKSIDE AVE
EWING, NJ 8618
(40.250277, -74.7705616)",PARKSIDE AVE,EWING,NJ,8618,"PARKSIDE AVE
EWING, NJ 8618
(40.230894228000466, -74.79266805999964)"
8401800623,FRANKFORT-MIDWEST RAIL HERITAGE TRUST INC,,,,HST,352149740,A54,01/01/201212 12:00:00 AM,$0.00,$0.00,0.0,3,4,18,23.0,950500.0,5021.0,11260.0,25324.0,23140.0,,1.0,840,1,0,0,0,"253 N JACKSON ST
FRANKFORT, IN 46041-1936
(40.282352, -86.510707)",253 N JACKSON ST,FRANKFORT,IN,46041-1936,"253 N JACKSON ST
FRANKFORT, IN 46041-1936
(40.28219982100046, -86.51068413099966)"
8402000233,PRESERVATION OF HCF HISTORY CORPORATION,,,,GMU,460483749,A50,01/01/201212 12:00:00 AM,$0.00,$0.00,0.0,3,5,20,155.0,600.0,1038.0,33625.0,33625.0,26740.0,,1.0,840,1,0,0,0,"PO BOX 1568
HUTCHINSON, KS 67504-0602
(38.053396, -97.929221)",PO BOX 1568,HUTCHINSON,KS,67504-0602,"PO BOX 1568
HUTCHINSON, KS 67504-0602
(38.05352048500049, -97.92967959099968)"
8401201224,BERNICE A RUSSELL COMMUNITY DEVELOPMENT CORPORATION INC,,,,HST,651013568,A54,01/01/201012 12:00:00 AM,$45345.00,$17756.00,3.0,1,3,12,15.0,10302.0,1101.0,92899.0,59200.0,39460.0,,0.0,840,1,0,0,0,"329 E VIRGINIA AVE UNIT 113
PUNTA GORDA, FL 33950-4502
(26.93572, -82.045076)",329 E VIRGINIA AVE UNIT 113,PUNTA GORDA,FL,33950-4502,"329 E VIRGINIA AVE UNIT 113
PUNTA GORDA, FL 33950-4502
(26.935936525000443, -82.04461678999968)"
8400602277,ENLISTED MUSEUM FOUNDATION INC,,,,GMU,942430792,,,,,,2,6,6,115.0,40200.0,1015.0,91900.0,46170.0,49700.0,,0.0,840,1,0,0,0,"706 JOHNSON AVE
MARYSVILLE, CA 95901
(39.163198, -121.574965)",706 JOHNSON AVE,MARYSVILLE,CA,95901,"706 JOHNSON AVE
MARYSVILLE, CA 95901
(39.163163746000464, -121.5752973429997)"
8402700053,LAKE SUPERIOR MUSEUM OF TRANSPORTATION,LAKE SUPERIOR MUSEUM OF TRANSPORTATION,2187270687.0,,GMU,,,,,,,1,4,27,137.0,1900.0,2051.0,17000.0,17000.0,20260.0,,0.0,840,0,1,0,0,"506 W. MICHIGAN ST.
DULUTH, MN 55802
(46.781685, -92.104045)",506 W. MICHIGAN ST.,DULUTH,MN,55802,"506 W. MICHIGAN ST.
DULUTH, MN 55802
(46.78169996700046, -92.10398368099965)"
8400800236,SAN JUAN MODEL RAILROAD AND HISTORICAL SOCIETY,,,,HSC,262658963,A80,01/01/201312 12:00:00 AM,$0.00,$0.00,0.0,3,5,8,85.0,966400.0,1001.0,92546.0,51745.0,33940.0,,1.0,840,1,0,0,0,"383 S HILLCREST DR NO 85
MONTROSE, CO 81401-4195
(38.483246, -107.860523)",383 S HILLCREST DR NO 85,MONTROSE,CO,81401-4195,"383 S HILLCREST DR NO 85
MONTROSE, CO 81401-4195
(38.48406573900047, -107.85716178199971)"
8401900706,JACKSON COUNTY HISTORICAL SOCIETY,,,,HSC,870791319,,,,,,4,4,19,97.0,950300.0,2113.0,94314.0,74460.0,,,0.0,840,1,0,0,0,"127 EAST MAIN STREET
SPRAGUEVILLE, IA 52074
(42.072526, -90.430182)",127 EAST MAIN STREET,SPRAGUEVILLE,IA,52074,"127 EAST MAIN STREET
SPRAGUEVILLE, IA 52074
(42.07256997100046, -90.42999081599964)"
8404900029,OTT PLANETARIUM,,8016266871.0,,SCI,,,,,,,1,6,49,57.0,201500.0,3009.0,92322.0,55980.0,36260.0,,0.0,840,0,0,1,0,"1551 EDVALSON ST
OGDEN, UT 84408
(41.193314, -111.94709)",1551 EDVALSON ST,OGDEN,UT,84408,"1551 EDVALSON ST
OGDEN, UT 84408
(41.19517146800047, -111.93989268199971)"
8400400124,MIAMI SPORTS GROUP,,,,GMU,204348607,A50,01/01/201212 12:00:00 AM,$20595.00,$20595.00,2.0,1,6,4,13.0,422646.0,1033.0,92601.0,46000.0,38060.0,,0.0,840,1,0,0,0,"11151 E SOMBRA AVE
MESA, AZ 85212-5200
(33.32523, -111.593356)",11151 E SOMBRA AVE,MESA,AZ,85212-5200,"11151 E SOMBRA AVE
MESA, AZ 85212-5200
(33.32540563700047, -111.59306514499968)"
8400602248,CAMRON STANFORD HOUSE PRESERVATION,CAMRON-STANFORD HOUSE,,http://www.cshouse.org,HSC,942210551,A82,01/01/201206 12:00:00 AM,$267990.00,$252884.00,4.0,1,6,6,1.0,403400.0,1012.0,92230.0,53000.0,41860.0,36084.0,0.0,840,1,0,1,0,"1418 LAKESIDE DR
OAKLAND, CA 94612-4307
(37.80233, -122.262068)",1418 LAKESIDE DR,OAKLAND,CA,94612-4307,"1418 LAKESIDE DR
OAKLAND, CA 94612-4307
(37.80167566400047, -122.26242605299973)"
8402900163,MISSOURI STATE FIREMANS MUSEUM,,,,HST,205287290,A54,01/01/201112 12:00:00 AM,$0.00,$0.00,0.0,1,4,29,21.0,1200.0,1067.0,77236.0,64550.0,41140.0,,0.0,840,1,0,0,0,"703 HALL ST
ST JOSEPH, MO 64501-1606
(39.772331, -94.851173)",703 HALL ST,ST JOSEPH,MO,64501-1606,"703 HALL ST
ST JOSEPH, MO 64501-1606
(39.77233756200047, -94.85120031499969)"
8401701037,FRASCA AIR MUSEUM INC,,,,GMU,371141651,A59,01/01/201209 12:00:00 AM,$0.00,$0.00,0.0,1,4,17,19.0,10604.0,1243.0,18121.0,77005.0,16580.0,,0.0,840,1,0,0,0,"906 AIRPORT ROAD
URBANA, IL 61802
(40.142022, -88.186102)",906 AIRPORT ROAD,URBANA,IL,61802,"906 AIRPORT ROAD
URBANA, IL 61802
(40.14200788900047, -88.19819457599965)"
8400601077,DIXON LANGE FAMILY MUSEUM,,,,GMU,271158868,A50,01/01/201212 12:00:00 AM,$0.00,$0.00,0.0,1,6,6,37.0,141302.0,3009.0,92785.0,44000.0,31080.0,31084.0,0.0,840,1,0,0,0,"15260 VENTURA BLVD STE 1750
SHERMAN OAKS, CA 91403-9140
(34.15368, -118.465436)",15260 VENTURA BLVD STE 1750,SHERMAN OAKS,CA,91403-9140,"15260 VENTURA BLVD STE 1750
SHERMAN OAKS, CA 91403-9140
(34.15365376700049, -118.4653339409997)"
8402300143,STOCKHOLM HISTORICAL SOCIETY INC,,,,HSC,10356095,A82,01/01/201212 12:00:00 AM,$0.00,$0.00,0.0,4,1,23,3.0,950100.0,2104.0,74405.0,,,,0.0,840,1,0,0,0,"280 MAIN STREET
STOCKHOLM, ME 4783
(47.027996, -68.143843)",280 MAIN STREET,STOCKHOLM,ME,4783,"280 MAIN STREET
STOCKHOLM, ME 4783
(47.039066885000466, -68.14003540299967)"
8401201045,GRACEVILLE HISTORICAL SOCIETY,,,,HSC,593682203,A80,01/01/201112 12:00:00 AM,$0.00,$0.00,0.0,4,3,12,63.0,210300.0,2056.0,91287.0,,,,0.0,840,1,0,0,0,"PO BOX 322
GRACEVILLE, FL 32440
(30.935183, -85.51399)",PO BOX 322,GRACEVILLE,FL,32440,"PO BOX 322
GRACEVILLE, FL 32440
(30.934352937000483, -85.51864712299965)"
8404700223,TENNESSEE CIVIL WAR MUSEUM,,4238217786.0,,GMU,311723413,,,,,,1,3,47,65.0,1900.0,3006.0,91016.0,14000.0,16860.0,,0.0,840,1,0,0,0,"3914 SAINT ELMO AVE
CHATTANOOGA, TN 37409-1268
(35.010042, -85.32837)",3914 SAINT ELMO AVE,CHATTANOOGA,TN,37409-1268,"3914 SAINT ELMO AVE
CHATTANOOGA, TN 37409-1268
(35.00996411300048, -85.32832123099968)"
8405100574,WASHINGTON AREA PERFORMING ARTS VIDEO ARCHIVE,,,,GMU,521881208,A50,01/01/201212 12:00:00 AM,$0.00,$0.00,0.0,1,3,51,13.0,100500.0,4004.0,90072.0,3000.0,47900.0,47894.0,0.0,840,1,0,0,0,"PO BOX 7582
ARLINGTON, VA 22207-0582
(38.901198, -77.123684)",PO BOX 7582,ARLINGTON,VA,22207-0582,"PO BOX 7582
ARLINGTON, VA 22207-0582
(38.89471352600049, -77.13247647399965)"
8405300110,HENRY ART GALLERY,HENRY ART GALLERY,2065432281.0,,ART,,,,,,,1,6,53,33.0,5302.0,2000.0,92928.0,63000.0,42660.0,42644.0,0.0,840,0,1,0,0,"UNIVERSITY OF WASHINGTON
SEATTLE, WA 98195-1410
(47.658409, -122.302909)",UNIVERSITY OF WASHINGTON,SEATTLE,WA,98195-1410,"UNIVERSITY OF WASHINGTON
SEATTLE, WA 98195-1410
(47.658976072000485, -122.31307634499973)"
8400800029,ROCKY MOUNTAIN WING CNFDRT,,9702560693.0,http://www.rockymountainwingcaf.org,GMU,,,,,,,1,5,8,77.0,1600.0,2031.0,91425.0,31660.0,24300.0,,0.0,840,0,0,1,0,"780 HERITAGE WAY
GRAND JUNCTION, CO 81506
(39.101814, -108.548036)",780 HERITAGE WAY,GRAND JUNCTION,CO,81506,"780 HERITAGE WAY
GRAND JUNCTION, CO 81506
(39.117948912000486, -108.52544912199971)"
8400800058,KIOWA COUNTY MUSEUM,,7194382250.0,,GMU,,,,,,,4,5,8,61.0,960100.0,2102.0,91121.0,22145.0,,,0.0,840,0,0,1,0,"1313 MAINE ST
EADS, CO 81036
(38.4805, -102.781775)",1313 MAINE ST,EADS,CO,81036,"1313 MAINE ST
EADS, CO 81036
(38.47971335900047, -102.78169641999966)"
8404800383,ATLANTA HISTORICAL MUSEUM,,9037961892.0,,HSC,,,,,,,3,5,48,67.0,950400.0,2050.0,90160.0,4516.0,,,0.0,840,0,0,1,0,"101 N EAST ST
ATLANTA, TX 75551
(33.114324, -94.165238)",101 N EAST ST,ATLANTA,TX,75551,"101 N EAST ST
ATLANTA, TX 75551
(33.11416548900047, -94.1652641449997)"
8403900570,HERITAGE COMMISSION CORPORATION,,,,HSC,311001044,A80,01/01/201212 12:00:00 AM,$18765.00,$0.00,2.0,4,4,39,23.0,3302.0,3003.0,46354.0,,44220.0,,0.0,840,1,0,0,0,"PO BOX 457
SOUTH CHARLESTON, OH 45368-0457
(39.837151, -83.636598)",PO BOX 457,SOUTH CHARLESTON,OH,45368-0457,"PO BOX 457
SOUTH CHARLESTON, OH 45368-0457
(39.82270239400049, -83.63356910699969)"
8404000425,ENID ARTS AND SCIENCES FOUNDATION,,5802332787.0,,CMU,731413931,A52,01/01/201309 12:00:00 AM,$1252370.00,$1241916.00,6.0,3,5,40,47.0,100.0,5122.0,91053.0,23950.0,21420.0,,1.0,840,1,0,0,0,"PO BOX 348
ENID, OK 73702-0348
(36.396502, -97.881506)",PO BOX 348,ENID,OK,73702-0348,"PO BOX 348
ENID, OK 73702-0348
(36.39658310100049, -97.87859970799968)"
8401800717,PISGAH LODGE 32 BUILDING PRESERVATION ENDOWMENT FUND INC,,,,HSC,593780059,A80,01/01/201112 12:00:00 AM,$0.00,$0.00,0.0,4,4,18,61.0,60200.0,3065.0,37080.0,,31140.0,,0.0,840,1,0,0,0,"2625 GERMAN RIDGE ROAD NE
CORYDON, IN 47112-7405
(38.27897, -86.071957)",2625 GERMAN RIDGE ROAD NE,CORYDON,IN,47112-7405,"2625 GERMAN RIDGE ROAD NE
CORYDON, IN 47112-7405
(38.281704652000485, -86.08160304499967)"
8401700405,WARREN COUNTY HISTORICAL SOCIETY,WARREN COUNTY HISTORICAL  MUSEUM,3094262304.0,,HSC,237347868,,01/01/201312 12:00:00 AM,$0.00,$0.00,0.0,4,4,17,187.0,870200.0,3045.0,65858.0,65845.0,,,0.0,840,1,0,1,0,"IL HIGHWAY 116 E
MONMOUTH, IL 61473
(40.733232, -90.661604)",IL HIGHWAY 116 E,MONMOUTH,IL,61473,"IL HIGHWAY 116 E
MONMOUTH, IL 61473
(40.730472962000476, -90.53028828399965)"
8400602607,MATURANGO MUSEUM OF INDIAN WELLS VALLEY,MATURANGO MUSEUM,,http://www.maturango.org,GMU,952232881,A50,01/01/201212 12:00:00 AM,$617815.00,$508624.00,5.0,3,6,6,29.0,5300.0,2127.0,90800.0,60704.0,12540.0,,0.0,840,1,1,1,0,"100 E LAS FLORES AVE
RIDGECREST, CA 93555-3654
(35.627305, -117.667002)",100 E LAS FLORES AVE,RIDGECREST,CA,93555-3654,"100 E LAS FLORES AVE
RIDGECREST, CA 93555-3654
(35.629806250000456, -117.66974795299967)"
8405100904,HISTORIC SANDUSKY FOUNDATION INC,,,,HSC,542014523,A80,01/01/201306 12:00:00 AM,$271668.00,$267977.00,4.0,1,3,51,680.0,900.0,3012.0,94403.0,47672.0,31340.0,,0.0,840,1,0,0,0,"757 SANDUSKY DR
LYNCHBURG, VA 24502-1429
(37.379957, -79.195007)",757 SANDUSKY DR,LYNCHBURG,VA,24502-1429,"757 SANDUSKY DR
LYNCHBURG, VA 24502-1429
(37.37967746100048, -79.19589505099964)"
8403900145,GASOLINE ALLEY MUSEUM,,4193948710.0,http://lostinthe50sdiner.com,GMU,,,,,,,3,4,39,11.0,41202.0,3011.0,69694.0,69680.0,47540.0,,1.0,840,0,0,1,0,"1533 CELINA RD
SAINT MARYS, OH 45885
(40.544469, -84.406977)",1533 CELINA RD,SAINT MARYS,OH,45885,"1533 CELINA RD
SAINT MARYS, OH 45885
(40.5443962220005, -84.40697361299965)"
8405300603,LEAGUE OF SNOHOMISH COUNTY HERITAGE ORGANIZATIONS,,,,HSC,911995242,A80,01/01/201212 12:00:00 AM,$0.00,$0.00,0.0,2,6,53,61.0,52906.0,2017.0,91936.0,43955.0,42660.0,42644.0,0.0,840,1,0,0,0,"PO BOX 1773
MARYSVILLE, WA 98270-1773
(48.064731, -122.151498)",PO BOX 1773,MARYSVILLE,WA,98270-1773,"PO BOX 1773
MARYSVILLE, WA 98270-1773
(48.057769356000506, -122.1768560809997)"
8400600116,SISKIYOU COUNTY MUSEUM,SISKIYOU COUNTY MUSEUM,9168423836.0,,GMU,,,,,,,3,6,6,93.0,702.0,2079.0,93810.0,86944.0,,,0.0,840,0,1,0,0,"910 SOUTH MAIN STREET
YREKA, CA 96097
(41.724531, -122.638233)",910 SOUTH MAIN STREET,YREKA,CA,96097,"910 SOUTH MAIN STREET
YREKA, CA 96097
(41.72299378000048, -122.63897293099973)"
8402700578,IRON RANGE VETERANS MEMORIAL,,,,HSC,411923951,A80,01/01/201212 12:00:00 AM,$56073.00,$52994.00,3.0,3,4,27,137.0,13000.0,3003.0,67288.0,67288.0,20260.0,,0.0,840,1,0,0,0,"PO BOX 35
VIRGINIA, MN 55792-0035
(47.529707, -92.542146)",PO BOX 35,VIRGINIA,MN,55792-0035,"PO BOX 35
VIRGINIA, MN 55792-0035
(47.522329999000476, -92.53353920599966)"
8404500271,ANDERSON COUNTY HISTORICAL SOCIETY,,,,HSC,570877728,,,,,,1,3,45,7.0,300.0,1022.0,90065.0,1360.0,24860.0,,0.0,840,0,1,0,0,"PO BOX 785
ANDERSON, SC 29621
(34.521734, -82.626697)",PO BOX 785,ANDERSON,SC,29621,"PO BOX 785
ANDERSON, SC 29621
(34.52184148800046, -82.62722845399963)"
8403901176,MIDDLEBURG HEIGHTS HISTORICAL SOCIETY,,,,HSC,341860527,A80,01/01/201212 12:00:00 AM,$4815.00,$3873.00,1.0,2,4,39,35.0,173104.0,1010.0,49644.0,49644.0,17460.0,,0.0,840,1,0,0,0,"6877 MIDDLEBROOK BLVD STE 7
MIDDLEBURG HEIGHTS, OH 44130-8113
(41.380049, -81.807991)",6877 MIDDLEBROOK BLVD STE 7,MIDDLEBURG HEIGHTS,OH,44130-8113,"6877 MIDDLEBROOK BLVD STE 7
MIDDLEBURG HEIGHTS, OH 44130-8113
(41.380361560000495, -81.80763157899963)"
8400600866,SANTA BARBARA ART ASSOCIATION,,,,ART,237094230,A51,01/01/201206 12:00:00 AM,$88716.00,$88716.00,3.0,2,6,6,83.0,3004.0,3000.0,92890.0,,42200.0,,0.0,840,1,0,0,0,"PO BOX 61642
SANTA BARBARA, CA 93160-1642
(34.434827, -119.804813)",PO BOX 61642,SANTA BARBARA,CA,93160-1642,"PO BOX 61642
SANTA BARBARA, CA 93160-1642
(34.437602667000476, -119.80872821699973)"
8402000195,OPERATION FREEDOM MEMORIAL INC,,,,HSC,272817925,A80,01/01/201112 12:00:00 AM,$0.00,$0.00,0.0,1,5,20,173.0,9200.0,2051.0,79000.0,79000.0,48620.0,,0.0,840,1,0,0,0,"PO BOX 782414
WICHITA, KS 67278-2414
(37.665388, -97.424754)",PO BOX 782414,WICHITA,KS,67278-2414,"PO BOX 782414
WICHITA, KS 67278-2414
(37.681961695000496, -97.22810895299966)"
8404200061,SWIGART AUTO MUSEUM,,8146430885.0,http://swigartmuseum.com,GMU,,,,,,,4,2,42,61.0,950500.0,2068.0,33808.0,,26500.0,,1.0,840,0,0,1,0,"12031 WILLIAM PENN HWY
HUNTINGDON, PA 16652
(40.453454, -77.973262)",12031 WILLIAM PENN HWY,HUNTINGDON,PA,16652,"12031 WILLIAM PENN HWY
HUNTINGDON, PA 16652
(40.44379710800047, -77.94625294899964)"
8401201107,FRIENDS OF FT TAYLOR INC,,,,HSC,650019434,A82,01/01/201212 12:00:00 AM,$28335.00,$3247.00,3.0,3,3,12,87.0,972500.0,1084.0,91755.0,36550.0,28580.0,,1.0,840,1,0,0,0,"PO BOX 58
KEY WEST, FL 33041-0058
(24.555998, -81.804548)",PO BOX 58,KEY WEST,FL,33041-0058,"PO BOX 58
KEY WEST, FL 33041-0058
(24.556161028000474, -81.80471723899967)"
8403400081,GLOUCESTER COUNTY HISTORICAL SOCIETY MUSEUM,,8568488531.0,http://www.rootsweb.ancestry.com/~njgchs,HSC,,,,,,,2,2,34,15.0,501002.0,1014.0,82120.0,82120.0,37980.0,15804.0,0.0,840,0,0,1,0,"58 S BROAD ST
WOODBURY, NJ 8096
(39.83941, -75.151765)",58 S BROAD ST,WOODBURY,NJ,8096,"58 S BROAD ST
WOODBURY, NJ 8096
(39.837101077000455, -75.15394463799964)"
8403601163,THE MARLBOROUGH HISTORICAL SOCIETY,MARLBOROUGH HISTORICAL SOCIETY,,,HSC,141783532,A82,01/01/201112 12:00:00 AM,$0.00,$0.00,0.0,2,2,36,71.0,10102.0,4013.0,50045.0,,35620.0,35614.0,0.0,840,1,0,0,0,"18 MERRITT LANE
MIDDLEHOPE, NY 12550-1025
(41.567905, -74.014809)",18 MERRITT LANE,MIDDLEHOPE,NY,12550-1025,"18 MERRITT LANE
MIDDLEHOPE, NY 12550-1025
(41.566696709000496, -74.00905819099967)"
8404700169,MEMPHIS BOTANIC GARDEN,MEMPHIS BOTANIC GARDEN,9016364104.0,http://www.memphisbotanicgarden.com,BOT,237159172,C41,01/01/201306 12:00:00 AM,$7228364.00,$4890413.00,7.0,1,3,47,157.0,8500.0,1033.0,90918.0,48000.0,32820.0,,0.0,840,1,1,1,1,"750 CHERRY RD
MEMPHIS, TN 38117-4608
(35.112083, -89.918182)",750 CHERRY RD,MEMPHIS,TN,38117-4608,"750 CHERRY RD
MEMPHIS, TN 38117-4608
(35.11094666000048, -89.91844052999966)"
8404000327,OKLAHOMA PHARMACY HERITAGE FOUNDATION INC,,,,HSC,731133587,A82,01/01/201206 12:00:00 AM,$54993.00,$22728.00,3.0,3,5,40,83.0,600200.0,1087.0,91222.0,31700.0,36420.0,,0.0,840,1,0,0,0,"214 W OKLAHOMA AVE
GUTHRIE, OK 73044-3132
(35.844491, -97.424977)",214 W OKLAHOMA AVE,GUTHRIE,OK,73044-3132,"214 W OKLAHOMA AVE
GUTHRIE, OK 73044-3132
(35.87804523800048, -97.4267773949997)"
8404000002,WILL ROGERS MEMORIAL MUSEUM,WILL ROGERS MEMORIAL MUSEUM,,,GMU,,,,,,,3,5,40,131.0,50104.0,1015.0,90585.0,14700.0,46140.0,,0.0,840,0,1,0,0,"1720 WEST WILL ROGERS BLVD.
CLAREMORE, OK 74018
(36.318836, -95.631139)",1720 WEST WILL ROGERS BLVD.,CLAREMORE,OK,74018,"1720 WEST WILL ROGERS BLVD.
CLAREMORE, OK 74018
(36.319176092000475, -95.6320199489997)"
8401300361,WESLEYAN COLLEGE MUSEUM OF ART,WESLEYAN COLLEGE MUSEUM OF ART,4787575171.0,http://wesleyancollege.edu,GMU,580593438,,01/01/201306 12:00:00 AM,$25660756.00,$25660756.00,8.0,1,3,13,21.0,12101.0,1001.0,91892.0,49000.0,31420.0,,0.0,840,0,1,0,0,"4760 FORSYTH ROAD
MACON, GA 31210-4462
(32.876523, -83.71508)",4760 FORSYTH ROAD,MACON,GA,31210-4462,"4760 FORSYTH ROAD
MACON, GA 31210-4462
(32.87639478700049, -83.71471954599969)"
8402500194,CAPTAIN ROBERT BENNET FORBES HOUSE,CAPTAIN ROBERT BENNET FORBES HOUSE,6176961815.0,,HSC,,,,,,,2,1,25,21.0,416300.0,1012.0,41690.0,41725.0,14460.0,14454.0,0.0,840,0,1,0,0,"215 ADAMS ST.
MILTON, MA 2186
(42.265517, -71.065313)",215 ADAMS ST.,MILTON,MA,2186,"215 ADAMS ST.
MILTON, MA 2186
(42.265094483000496, -71.06470785799962)"
8404700371,DIXON GALLERY AND GARDENS,THE DIXON GALLERY AND GARDENS,9017615250.0,http://www.dixon.org,ART,620943809,A51,01/01/201212 12:00:00 AM,$3850209.00,$3751682.00,6.0,1,3,47,157.0,11800.0,4000.0,90918.0,48000.0,32820.0,,0.0,840,1,0,1,1,"4339 PARK AVE
MEMPHIS, TN 38117-4626
(35.10714, -89.917401)",4339 PARK AVE,MEMPHIS,TN,38117-4626,"4339 PARK AVE
MEMPHIS, TN 38117-4626
(35.10714373200045, -89.91759085399968)"
8403300319,ENFIELD HISTORICAL SOCIETY INC,,,,HSC,223080019,A82,01/01/201212 12:00:00 AM,$0.00,$0.00,0.0,4,1,33,9.0,961500.0,3039.0,24340.0,,17200.0,,1.0,840,1,0,0,0,"PO BOX 612
ENFIELD, NH 3748
(43.611885, -72.123799)",PO BOX 612,ENFIELD,NH,3748,"PO BOX 612
ENFIELD, NH 3748
(43.61318326500049, -72.11987979799966)"
8400100420,SOUTHERN MUSEUM OF FLIGHT FDN INC,SOUTHERN MUSEUM OF FLIGHT,,http://www.southernmuseumofflight.org,SCI,636051240,A57,01/01/201306 12:00:00 AM,$252063.00,$229199.00,4.0,1,3,1,73.0,100.0,3041.0,90324.0,7000.0,13820.0,,0.0,840,1,0,1,1,"4343 73RD ST N
BIRMINGHAM, AL 35206-3642
(33.56388, -86.73859)",4343 73RD ST N,BIRMINGHAM,AL,35206-3642,"4343 73RD ST N
BIRMINGHAM, AL 35206-3642
(33.56351104400045, -86.73854794899967)"
8400601028,LIFE AND LIGHT FOUNDATION,,,,GMU,263618257,A50,01/01/201212 12:00:00 AM,$488170.00,$456190.00,4.0,2,6,6,73.0,16607.0,1041.0,92780.0,70224.0,41740.0,,0.0,840,1,0,0,0,"9336 ABRAHAM WAY
SANTEE, CA 92071-2861
(32.846344, -116.963924)",9336 ABRAHAM WAY,SANTEE,CA,92071-2861,"9336 ABRAHAM WAY
SANTEE, CA 92071-2861
(32.84573160900044, -116.96397164499967)"
8404801734,TROUP GENEALOGICAL-HISTORICAL SOCIETY,,,,HSC,752754449,A80,01/01/201212 12:00:00 AM,$0.00,$0.00,0.0,4,5,48,423.0,2101.0,3013.0,93950.0,,46340.0,,0.0,840,1,0,0,0,"PO BOX 366
TROUP, TX 75789-0366
(32.150465, -95.105992)",PO BOX 366,TROUP,TX,75789-0366,"PO BOX 366
TROUP, TX 75789-0366
(32.144430490000445, -95.12068575699965)"
8401900002,WATERLOO MUSEUM OF ART,WATERLOO MUSEUM OF ART,3192914491.0,,GMU,,,,,,,1,4,19,13.0,100.0,2060.0,94597.0,82425.0,47940.0,,0.0,840,0,1,0,0,"225 COMMERCIAL STREET
WATERLOO, IA 50701
(42.497802, -92.343558)",225 COMMERCIAL STREET,WATERLOO,IA,50701,"225 COMMERCIAL STREET
WATERLOO, IA 50701
(42.49731455800048, -92.34299514099968)"
8405300412,EVERGREEN ARBORETUM AND GARDENS,,,,BOT,911156071,C41,01/01/201302 12:00:00 AM,$0.00,$0.00,0.0,1,6,53,61.0,41303.0,3002.0,91120.0,22640.0,42660.0,42644.0,0.0,840,1,0,0,0,"PO BOX 13014
EVERETT, WA 98206-3014
(47.924222, -122.240495)",PO BOX 13014,EVERETT,WA,98206-3014,"PO BOX 13014
EVERETT, WA 98206-3014
(47.97643954500046, -122.21001716299969)"
8403400475,VINTAGE AUTOMOBILE MUSEUM OF NEW JERSEY INC,,,,GMU,223648277,A50,01/01/201212 12:00:00 AM,$106045.00,$46749.00,4.0,2,2,34,29.0,735104.0,1079.0,70320.0,,35620.0,35614.0,0.0,840,1,0,0,0,"C/O MUNIAK 400 N MAIN STREET
MANAHAWKIN, NJ 8050
(39.709608, -74.25156)",C/O MUNIAK 400 N MAIN STREET,MANAHAWKIN,NJ,8050,"C/O MUNIAK 400 N MAIN STREET
MANAHAWKIN, NJ 8050
(39.70573584400046, -74.25363939899967)"
8400800196,ASPEN CENTER FOR ENVIRONMENTAL STUDIES,ASPEN CENTER FOR ENVIRONMENTAL STUDIES,9709255756.0,,GMU,237042291,C60,01/01/201210 12:00:00 AM,$3062484.00,$3011440.00,6.0,3,5,8,97.0,401.0,1032.0,90171.0,3620.0,24060.0,,1.0,840,1,1,0,0,"100 PUPPY SMITH ST
ASPEN, CO 81611-1451
(39.19418, -106.819275)",100 PUPPY SMITH ST,ASPEN,CO,81611-1451,"100 PUPPY SMITH ST
ASPEN, CO 81611-1451
(39.1943077950005, -106.81994673199966)"
8403300302,HISTORICAL SOCIETY OF SEABROOK,,6034743538.0,,HSC,222514982,A80,01/01/201012 12:00:00 AM,$0.00,$0.00,0.0,2,1,33,15.0,63002.0,3015.0,68260.0,,14460.0,40484.0,0.0,840,1,0,0,0,"108 WASHINGTON STREET
SEABROOK, NH 03874-4669
(42.87569, -70.856502)",108 WASHINGTON STREET,SEABROOK,NH,03874-4669,"108 WASHINGTON STREET
SEABROOK, NH 03874-4669
(42.87711917200045, -70.85648273499964)"
8400500175,BELLA VISTA HISTORICAL SOCIETY,,,http://www.BellaVistaMuseum.org,HSC,710525106,,01/01/201212 12:00:00 AM,$0.00,$0.00,0.0,2,3,5,7.0,20703.0,1000.0,93638.0,4840.0,22220.0,,0.0,840,1,0,0,0,"1885 BELLA VISTA WAY
BELLA VISTA, AR 72714-7271
(36.463177, -94.221165)",1885 BELLA VISTA WAY,BELLA VISTA,AR,72714-7271,"1885 BELLA VISTA WAY
BELLA VISTA, AR 72714-7271
(36.46154804300045, -94.24448059699967)"
8403900462,WINONA AREA HISTORICAL SOCIETY,,,,HSC,272939355,A80,01/01/201205 12:00:00 AM,$0.00,$0.00,0.0,4,4,39,29.0,950800.0,2034.0,10562.0,,41400.0,,1.0,840,1,0,0,0,"PO BOX 85
WINONA, OH 44493-0085
(40.828048, -80.894775)",PO BOX 85,WINONA,OH,44493-0085,"PO BOX 85
WINONA, OH 44493-0085
(40.828132292000475, -80.89548575999964)"
8401700300,THE LAKE FOREST TR,,,,HSC,201883914,A80,01/01/201212 12:00:00 AM,$0.00,$0.00,0.0,2,4,17,97.0,866200.0,3084.0,43263.0,41105.0,16980.0,29404.0,0.0,840,1,0,0,0,"150 FIELD DRIVE SUITE 100
LAKE FOREST, IL 60045-2583
(42.242576, -87.897)",150 FIELD DRIVE SUITE 100,LAKE FOREST,IL,60045-2583,"150 FIELD DRIVE SUITE 100
LAKE FOREST, IL 60045-2583
(42.2431272390005, -87.89768339299968)"
8400601852,SOUTHERN CALIFORNIA JEWISH SPORTS HALL OF FAME,,,,GMU,753078725,A50,01/01/201212 12:00:00 AM,$2309.00,$2309.00,1.0,2,6,6,37.0,701000.0,1017.0,91750.0,6308.0,31080.0,31084.0,0.0,840,1,0,0,0,"PO BOX 6697
BEVERLY HILLS, CA 90212-6697
(34.063828, -118.399071)",PO BOX 6697,BEVERLY HILLS,CA,90212-6697,"PO BOX 6697
BEVERLY HILLS, CA 90212-6697
(34.061442516000454, -118.39903901799971)"
8401201101,NAPLES HISTORICAL SOCIETY FOUNDATION INC,,,,HSC,611619223,A82,01/01/201306 12:00:00 AM,$291859.00,$191212.00,4.0,1,3,12,21.0,200.0,2015.0,92301.0,47625.0,34940.0,,0.0,840,1,0,0,0,"PO BOX 201
NAPLES, FL 34106-0201
(26.163144, -81.790947)",PO BOX 201,NAPLES,FL,34106-0201,"PO BOX 201
NAPLES, FL 34106-0201
(26.16281366600043, -81.79096964199965)"
8403400522,WASHINGTON HISTORICAL SOCIETY OF WARREN COUNTY INC,,,,HSC,223839985,A80,01/01/201212 12:00:00 AM,$0.00,$0.00,0.0,3,2,34,41.0,32000.0,3000.0,77270.0,77270.0,10900.0,,0.0,840,1,0,0,0,"110 SUNRISE TERRACE
WASHINGTON, NJ 07882-1618
(40.766897, -74.973618)",110 SUNRISE TERRACE,WASHINGTON,NJ,07882-1618,"110 SUNRISE TERRACE
WASHINGTON, NJ 07882-1618
(40.76713499600049, -74.97288868599964)"
8404100510,GARDEN PARTNERS,,,,BOT,931262735,C41,,,,,1,6,41,51.0,2501.0,2005.0,92518.0,59000.0,38900.0,,0.0,840,1,0,0,0,"2933 NE 29TH AVE
PORTLAND, OR 97212
(45.544106, -122.635944)",2933 NE 29TH AVE,PORTLAND,OR,97212,"2933 NE 29TH AVE
PORTLAND, OR 97212
(45.54415011600048, -122.63596808299968)"
8402500503,WALKER-BLAKE GRAVEYARD RESTORATION PROJECT INC,,,,HSC,43288691,A80,01/01/201212 12:00:00 AM,$0.00,$0.00,0.0,4,1,25,5.0,615100.0,2001.0,16950.0,,39300.0,,0.0,840,1,0,0,0,"PO BOX 513
NORTH DIGTON, MA 02764-0513
(41.848157, -71.157052)",PO BOX 513,NORTH DIGTON,MA,02764-0513,"PO BOX 513
NORTH DIGTON, MA 02764-0513
(41.838324317000456, -71.11814610399966)"
8400602008,LOST HIGHWAY FOUNDATION,,,,ART,770434071,A51,01/01/201112 12:00:00 AM,$1.00,,1.0,1,6,6,83.0,900.0,2025.0,92890.0,69070.0,42200.0,,0.0,840,1,0,0,0,"924 ANACAPA ST
SANTA BARBARA, CA 93101-2115
(34.421939, -119.699789)",924 ANACAPA ST,SANTA BARBARA,CA,93101-2115,"924 ANACAPA ST
SANTA BARBARA, CA 93101-2115
(34.42220442100046, -119.70012236199972)"
8403400271,JAMESBURG HISTORICAL ASSOCIATION,JAMESBURG HISTORICAL ASSOCIATION,7325212040.0,http://www.jamesburg.net,HSC,222338599,A82,01/01/201009 12:00:00 AM,$0.00,$0.00,0.0,2,2,34,23.0,8208.0,2056.0,47280.0,,35620.0,35614.0,0.0,840,1,0,1,0,"PO BOX 182
MONROE TOWNSHIP, NJ 08831-0182
(40.332125, -74.439821)",PO BOX 182,MONROE TOWNSHIP,NJ,08831-0182,"PO BOX 182
MONROE TOWNSHIP, NJ 08831-0182
(40.31530434300049, -74.43828637099966)"
8405400182,FRIENDS OF WEST VIRGINIA CULTURE AND HISTORY INC,,,,GMU,550703398,A53,01/01/201106 12:00:00 AM,$0.00,$0.00,0.0,1,3,54,39.0,900.0,1119.0,90768.0,14600.0,16620.0,,0.0,840,1,0,0,0,"PO BOX 3696
CHARLESTON, WV 25336-3696
(38.349687, -81.632289)",PO BOX 3696,CHARLESTON,WV,25336-3696,"PO BOX 3696
CHARLESTON, WV 25336-3696
(38.349371901000495, -81.63174691999967)"
8403300371,FRIENDS OF THE WOLFEBORO TOWN HALL,,,,HSC,364611311,A80,01/01/201312 12:00:00 AM,$0.00,$0.00,0.0,4,1,33,3.0,956100.0,1044.0,86420.0,,,,0.0,840,1,0,0,0,"PO BOX 901
WOLFEBORO, NH 03894-0901
(43.60991, -71.206753)",PO BOX 901,WOLFEBORO,NH,03894-0901,"PO BOX 901
WOLFEBORO, NH 03894-0901
(43.5844342470005, -71.21489633899967)"
8403800004,PIONEER TRAILS REGIONAL MUSEUM,PIONEER TRAILS REGIONAL MUSEUM,7015233600.0,,GMU,,,,,,,4,5,38,11.0,965200.0,2047.0,8700.0,8700.0,,,0.0,840,0,1,0,0,"12 FIRST AVE. NE
BOWMAN, ND 58623
(46.17604, -103.390206)",12 FIRST AVE. NE,BOWMAN,ND,58623,"12 FIRST AVE. NE
BOWMAN, ND 58623
(46.18238815800049, -103.39341078899969)"
8404500185,STATION 187,,,,GMU,452608166,A50,,,,0.0,4,3,45,45.0,2404.0,2069.0,91534.0,,24860.0,,0.0,840,1,0,0,0,"PO BOX 639
LANDRUM, SC 29356-0639
(35.162655, -82.233116)",PO BOX 639,LANDRUM,SC,29356-0639,"PO BOX 639
LANDRUM, SC 29356-0639
(35.176270961000455, -82.18453588399967)"
8404800815,HISTORIC QUEEN THEATRE,,,http://www.queentheatre.org,HSC,364679965,,01/01/201305 12:00:00 AM,$0.00,$0.00,0.0,4,5,48,157.0,673400.0,1203.0,91415.0,,26420.0,,0.0,840,1,0,0,0,"PO BOX 780
RICHMOND, TX 77406
(29.640201, -95.770414)",PO BOX 780,RICHMOND,TX,77406,"PO BOX 780
RICHMOND, TX 77406
(29.63508332200047, -95.7670899369997)"
8403601962,HISTORICAL SOCIETY OF ESQUATAK,,,,HSC,237202436,,01/01/201212 12:00:00 AM,$0.00,$0.00,0.0,4,2,36,83.0,52502.0,1068.0,65541.0,,10580.0,,0.0,840,1,0,0,0,"BOX 455
NASSAU, NY 12123
(42.518222, -73.621381)",BOX 455,NASSAU,NY,12123,"BOX 455
NASSAU, NY 12123
(42.52430316300047, -73.60817887699966)"
8402700096,CHARLES P. NOYES COTTAGE,,,,GMU,,,,,,,2,4,27,123.0,40200.0,2011.0,69970.0,69970.0,33460.0,,0.0,840,0,0,1,0,"4735 LAKE AVE
WHITE BEAR LAKE, MN 55110
(45.084855, -93.00263)",4735 LAKE AVE,WHITE BEAR LAKE,MN,55110,"4735 LAKE AVE
WHITE BEAR LAKE, MN 55110
(45.08471527900048, -93.00289366499965)"
8401800091,GARRETT HISTORICAL RAILROAD MUSEUM,,2603575575.0,,HSC,,,,,,,3,4,18,33.0,20601.0,2017.0,39636.0,26386.0,12140.0,,1.0,840,0,0,1,0,"300 N RANDOLPH ST
GARRETT, IN 46738
(41.347905, -85.133137)",300 N RANDOLPH ST,GARRETT,IN,46738,"300 N RANDOLPH ST
GARRETT, IN 46738
(41.35324954100048, -85.13570662599966)"
8400602894,VINE STREET ARCHIVE FOUNDATION,,,,GMU,954860162,A50,01/01/201206 12:00:00 AM,$9118793.00,$8819362.00,7.0,2,6,6,37.0,700802.0,3021.0,91750.0,6308.0,31080.0,31084.0,0.0,840,1,0,0,0,"8949 WILSHIRE BLVD
BEVERLY HILLS, CA 90211-1972
(34.067055, -118.386957)",8949 WILSHIRE BLVD,BEVERLY HILLS,CA,90211-1972,"8949 WILSHIRE BLVD
BEVERLY HILLS, CA 90211-1972
(34.067087641000455, -118.38749928199968)"
8402100283,KENTUCKY ORCHID SOCIETY INC,,,,BOT,611019154,C41,01/01/201312 12:00:00 AM,$0.00,$0.00,0.0,2,3,21,111.0,10402.0,4008.0,93270.0,51978.0,31140.0,,0.0,840,1,0,0,0,"622 HILLROSE DR
LOUISVILLE, KY 40243-2188
(38.232783, -85.538713)",622 HILLROSE DR,LOUISVILLE,KY,40243-2188,"622 HILLROSE DR
LOUISVILLE, KY 40243-2188
(38.232018851000475, -85.53839166299969)"
8401100168,FOUNDATION FOR THE NATIONAL ARCHIVES,NATIONAL ARCHIVES,2023575000.0,http://www.archives.gov/dc-metro/washingto,HSC,521792608,A82,01/01/201212 12:00:00 AM,$4784753.00,$3798879.00,6.0,1,2,11,1.0,6202.0,1022.0,50000.0,50000.0,47900.0,47894.0,0.0,840,1,0,1,0,"700 PENNSYLVANIA AVE NW G 12
WASHINGTON, DC 20408-0001
(38.893238, -77.02198)",700 PENNSYLVANIA AVE NW G 12,WASHINGTON,DC,20408-0001,"700 PENNSYLVANIA AVE NW G 12
WASHINGTON, DC 20408-0001
(38.89325481900045, -77.02203666899965)"
8404201549,HISTORICAL SOCIETY OF SOUTH FAYETTE TOWNSHIP,SOUTH FAYETTE TOWNSHIP LIBRARY,4122578660.0,http://www.south-fayette.pa.us,HSC,364529638,A80,01/01/201212 12:00:00 AM,$0.00,$0.00,0.0,2,2,42,3.0,456001.0,1019.0,72160.0,,38300.0,,0.0,840,1,0,1,0,"515 MILLERS RUN RD
MORGAN, PA 15064
(40.35434, -80.143732)",515 MILLERS RUN RD,MORGAN,PA,15064,"515 MILLERS RUN RD
MORGAN, PA 15064
(40.354713699000456, -80.14239017999967)"
8403600153,MICHAEL SALYER STONE HOUSE,,,,HSC,,,,,,,2,2,36,87.0,12800.0,5063.0,55211.0,56902.0,35620.0,35614.0,0.0,840,0,0,1,0,"BLUE HILL RD
PEARL RIVER, NY 10965
(41.045734, -73.994148)",BLUE HILL RD,PEARL RIVER,NY,10965,"BLUE HILL RD
PEARL RIVER, NY 10965
(41.0445408220005, -73.98941939299965)"
8403600279,GENERAL SOCIETY MUSEUM,GENERAL SOCIETY MUSEUM,,,HSC,,,,,,,1,2,36,61.0,9600.0,1006.0,44919.0,51000.0,35620.0,35614.0,0.0,840,0,1,0,0,"20 W 44TH ST.
NEW YORK, NY 10036
(40.755089, -73.980754)",20 W 44TH ST.,NEW YORK,NY,10036,"20 W 44TH ST.
NEW YORK, NY 10036
(40.75504972800047, -73.98062563799965)"
8400602513,PATTERSON HOUSE MUSEUM,PATTERSON HOUSE MUSEUM,5107914196.0,http://www.fremont.gov/index.aspx?NID=293,GMU,946027361,,,,,,1,6,6,1.0,441503.0,1253.0,91070.0,26000.0,41860.0,36084.0,0.0,840,0,1,0,0,"34600 ARDENWOOD BLVD.
FREEMONT, CA 94555
(37.553524, -122.060885)",34600 ARDENWOOD BLVD.,FREEMONT,CA,94555,"34600 ARDENWOOD BLVD.
FREEMONT, CA 94555
(37.552666400000476, -122.05354771099968)"
8402600390,HISTORIC OTTAWA BEACH SOCIETY,,,,HSC,274333500,A80,01/01/201212 12:00:00 AM,$0.00,$0.00,0.0,1,4,26,139.0,24900.0,2037.0,38640.0,38640.0,24340.0,,0.0,840,1,0,0,0,"PO BOX 8462
HOLLAND, MI 49422-8462
(42.790337, -86.099017)",PO BOX 8462,HOLLAND,MI,49422-8462,"PO BOX 8462
HOLLAND, MI 49422-8462
(42.7903106490005, -86.09873832099964)"
8402900659,LIBERTY MEMORIAL ASSOCIATION,"PARKS AND RECREATION DEPARTMENT, MUSEUMS, LIBERTY MEMORIAL",8167841918.0,http://www.theworldwar.org,HSC,436052673,A80,01/01/201212 12:00:00 AM,$6755551.00,$6498631.00,7.0,1,4,29,95.0,4400.0,1006.0,38054.0,38000.0,28140.0,,0.0,840,1,1,1,1,"100 W 26TH ST
KANSAS CITY, MO 64108-4616
(39.079325, -94.583183)",100 W 26TH ST,KANSAS CITY,MO,64108-4616,"100 W 26TH ST
KANSAS CITY, MO 64108-4616
(39.07973710800047, -94.5861767079997)"
8401100073,AMERICANS FOR BATTLEFIELD PRESERVATION,,,,HSC,43843239,A80,01/01/201212 12:00:00 AM,$20100.00,$20100.00,2.0,1,2,11,1.0,10100.0,2003.0,50000.0,50000.0,47900.0,47894.0,0.0,840,1,0,0,0,"1156 15TH ST NW STE 900
WASHINGTON, DC 20005-1717
(38.904831, -77.034599)",1156 15TH ST NW STE 900,WASHINGTON,DC,20005-1717,"1156 15TH ST NW STE 900
WASHINGTON, DC 20005-1717
(38.90537108300049, -77.03459632999966)"
8400602146,NAVARRO-BY-THE SEA CENTER FOR RIPARIAN & ESTUARINE RESEARCH,,,,HSC,912024571,A80,01/01/201212 12:00:00 AM,$248055.00,$248055.00,4.0,4,6,6,45.0,11002.0,3020.0,91938.0,46814.0,46380.0,,1.0,840,1,0,0,0,"PO BOX 1710
MENDOCINO, CA 95460-1710
(39.318134, -123.784558)",PO BOX 1710,MENDOCINO,CA,95460-1710,"PO BOX 1710
MENDOCINO, CA 95460-1710
(39.30606387500046, -123.80015877999972)"
8401300397,JASPER COUNTY HISTORICAL FOUNDATION INC,,7064686268.0,,HSC,581274644,,01/01/201212 12:00:00 AM,$806877.00,$806877.00,5.0,4,3,13,159.0,10500.0,4080.0,92064.0,,12060.0,,0.0,840,1,0,0,0,"PO BOX 107
MONTICELLO, GA 31064-0107
(33.316869, -83.714474)",PO BOX 107,MONTICELLO,GA,31064-0107,"PO BOX 107
MONTICELLO, GA 31064-0107
(33.30380392900048, -83.68343673299967)"
8401200827,JACKSONVILLE MARITIME MUSEUM SOCIETY INC,JACKSONVILLE MARITIME MUSEUM,,http://www.jaxmaritimemuseum.org,HST,592605102,A54,01/01/201309 12:00:00 AM,$0.00,$0.00,0.0,1,3,12,31.0,17200.0,1187.0,91646.0,35000.0,27260.0,,0.0,840,1,0,1,0,"2 INDEPENDENT DR
JACKSONVILLE, FL 32202-5058
(30.325439, -81.659671)",2 INDEPENDENT DR,JACKSONVILLE,FL,32202-5058,"2 INDEPENDENT DR
JACKSONVILLE, FL 32202-5058
(30.32552362700045, -81.65992648699967)"
8404802024,WILBARGER COUNTY HISTORICAL MUSEUM,,,,GMU,900784337,A50,01/01/201212 12:00:00 AM,$0.00,$0.00,0.0,3,5,48,487.0,950600.0,3006.0,94030.0,75308.0,46900.0,,1.0,840,1,0,0,0,"2201 16TH STREET
VERNON, TX 76384-5809
(34.147044, -99.307189)",2201 16TH STREET,VERNON,TX,76384-5809,"2201 16TH STREET
VERNON, TX 76384-5809
(34.14797593700047, -99.30750577699968)"
8400800368,CORTEZ CENTER,,9705651151.0,,GMU,742503370,,01/01/201212 12:00:00 AM,$229161.00,$179177.00,4.0,3,5,8,83.0,969300.0,5022.0,90817.0,17375.0,,,0.0,840,1,0,0,0,"PO BOX 1326
CORTEZ, CO 81321-1326
(37.351332, -108.589121)",PO BOX 1326,CORTEZ,CO,81321-1326,"PO BOX 1326
CORTEZ, CO 81321-1326
(37.34834349300047, -108.58388912599969)"
8403400566,LACKAWANNA CHAPTER OF THE RAILWAY & LOCOMOTIVE HISTORICAL SO,,,,HSC,232869100,A80,01/01/201212 12:00:00 AM,$0.00,$0.00,0.0,4,2,34,35.0,52601.0,4018.0,5560.0,,35620.0,35084.0,0.0,840,1,0,0,0,"73 DEER RIDGE ROAD
BASKING RIDGE, NJ 07920-3405
(40.635118, -74.598718)",73 DEER RIDGE ROAD,BASKING RIDGE,NJ,07920-3405,"73 DEER RIDGE ROAD
BASKING RIDGE, NJ 07920-3405
(40.63485539900046, -74.59881069299968)"
8401200095,MT DORA MUSEUM OF SPEED,,3523850049.0,http://www.classicdreamcars.com/THEMUSEUM.html,GMU,,,,,,,2,3,12,69.0,30914.0,3006.0,92262.0,47050.0,36740.0,,0.0,840,0,0,1,0,"206 N HIGHLAND ST
MOUNT DORA, FL 32757
(28.798418, -81.636027)",206 N HIGHLAND ST,MOUNT DORA,FL,32757,"206 N HIGHLAND ST
MOUNT DORA, FL 32757
(28.798032072000467, -81.63630935999964)"
8402900040,MARGARET HARWELL ART MUSEUM,MARGARET HARWELL ART MUSEUM,,,GMU,,,,,,,3,4,29,23.0,950400.0,4004.0,59114.0,59096.0,38740.0,,1.0,840,0,1,0,0,"421 NORTH MAIN STREET
POPLAR BLUFF, MO 63901
(36.760122, -90.393887)",421 NORTH MAIN STREET,POPLAR BLUFF,MO,63901,"421 NORTH MAIN STREET
POPLAR BLUFF, MO 63901
(36.75995749100048, -90.39367709799967)"
8402000418,HISTORIC JAYHAWK THEATRE INC,,,http://www.jayhawktheatre.com,HSC,481136721,,,,,,1,5,20,177.0,4000.0,1069.0,71000.0,71000.0,45820.0,,0.0,840,1,0,0,0,"PO BOX 1996
TOPEKA, KS 66603
(39.053532, -95.67573)",PO BOX 1996,TOPEKA,KS,66603,"PO BOX 1996
TOPEKA, KS 66603
(39.05359097900049, -95.67573619499967)"
8402700582,CLARKS GROVE AREA HERITAGE SOCIETY,,,,HSC,411931019,A80,01/01/201112 12:00:00 AM,$0.00,$0.00,0.0,4,4,27,47.0,180700.0,1013.0,11674.0,11674.0,10660.0,,1.0,840,1,0,0,0,"PO BOX 188
CLARKS GROVE, MN 56016-0188
(43.76192, -93.322627)",PO BOX 188,CLARKS GROVE,MN,56016-0188,"PO BOX 188
CLARKS GROVE, MN 56016-0188
(43.76385255400049, -93.32934866599965)"
8404200250,BAKER MANSION,BAKER MANSION,8149423916.0,http://www.blairhistory.org,HSC,,,,,,,1,2,42,13.0,101900.0,2010.0,2184.0,2184.0,11020.0,,0.0,840,0,1,0,0,"3419 OAK LANE
ALTOONA, PA 16603-1083
(40.49232, -78.422369)",3419 OAK LANE,ALTOONA,PA,16603-1083,"3419 OAK LANE
ALTOONA, PA 16603-1083
(40.491356307000444, -78.40859111699967)"
8402100194,NATIONAL COUNTRY CHURCH AND SCHOOL HISTORICAL SOCIETY INC,,,,HSC,311027971,,,,,,4,3,21,89.0,40700.0,1005.0,93530.0,,26580.0,,0.0,840,1,0,0,0,"PO BOX 299
SOUTH SHORE, KY 41175
(38.68515, -82.932285)",PO BOX 299,SOUTH SHORE,KY,41175,"PO BOX 299
SOUTH SHORE, KY 41175
(38.669262208000475, -82.97140937399968)"
8403100303,CORPS OF DISCOVERY WELCOME CENTER COUNCIL,,,,HSC,470841288,A80,01/01/201212 12:00:00 AM,$51208.00,$29394.00,3.0,4,5,31,27.0,977100.0,3109.0,92480.0,,,,0.0,840,1,0,0,0,"89705 HIGHWAY 81
CROFTON, NE 68730-3049
(42.801181, -97.45641)",89705 HIGHWAY 81,CROFTON,NE,68730-3049,"89705 HIGHWAY 81
CROFTON, NE 68730-3049
(42.84185865800049, -97.40133225399967)"
8400601154,MUSEUM OF NATURAL SCIENCE INC,,,,NAT,311552922,,,,,,1,6,6,79.0,10102.0,5124.0,92410.0,22300.0,42020.0,,0.0,840,1,0,0,0,"PO BOX 2211
PASO ROBLES, CA 93447
(35.620551, -120.689275)",PO BOX 2211,PASO ROBLES,CA,93447,"PO BOX 2211
PASO ROBLES, CA 93447
(35.62047178300048, -120.68955918799969)"
8403600331,CHERRY VALLEY MUSEUM,,6072643303.0,http://www.cherryvalleymuseum.org,GMU,,,,,,,4,2,36,77.0,590100.0,3141.0,15253.0,15242.0,36580.0,,1.0,840,0,0,1,0,"47 MAIN ST
CHERRY VALLEY, NY 13320
(42.797305, -74.751472)",47 MAIN ST,CHERRY VALLEY,NY,13320,"47 MAIN ST
CHERRY VALLEY, NY 13320
(42.797370738000495, -74.75130439099968)"
8400200086,FAIRBANKS NATIVE ASSOCIATION,FAIRBANKS NATIVE ASSOCIATION,9074526201.0,http://www.childrenareprecious.org,HSC,920037488,F22,01/01/201206 12:00:00 AM,$17260153.00,$15464084.00,8.0,1,6,2,90.0,100.0,1015.0,24450.0,24230.0,21820.0,,0.0,840,1,0,1,0,"201 1ST AVE STE 200
FAIRBANKS, AK 99701-4848
(64.844269, -147.710425)",201 1ST AVE STE 200,FAIRBANKS,AK,99701-4848,"201 1ST AVE STE 200
FAIRBANKS, AK 99701-4848
(64.84422233900051, -147.71034130499973)"
8402400007,UNIV-MD LIVING HISTORY MUSEUM,,4107062822.0,,GMU,,,,,,,1,2,24,510.0,40200.0,1027.0,90000.0,4000.0,12580.0,,0.0,840,0,0,1,0,"655 W LOMBARD ST
BALTIMORE, MD 21201
(39.287357, -76.624833)",655 W LOMBARD ST,BALTIMORE,MD,21201,"655 W LOMBARD ST
BALTIMORE, MD 21201
(39.28732284200049, -76.62521363499962)"
8401700307,SALTCREEK AMERICAN ART FOUNDATION,,,,ART,202955903,A51,01/01/201306 12:00:00 AM,$2326.00,$2326.00,1.0,2,4,17,31.0,819000.0,3001.0,62133.0,40793.0,16980.0,16974.0,0.0,840,1,0,0,0,"626 N PARK RD
LA GRANGE PK, IL 60526-5519
(41.825873, -87.881378)",626 N PARK RD,LA GRANGE PK,IL,60526-5519,"626 N PARK RD
LA GRANGE PK, IL 60526-5519
(41.82589765200049, -87.88138710199968)"
8402400371,TRUSTEES OF THE WALTERS ART GALLERY,WALTERS ART GALLERY ENDOWMENT FOUNDATION,4105479000.0,http://www.thewalters.org,ART,521194738,A51,01/01/201306 12:00:00 AM,$11461.00,$11461.00,2.0,1,2,24,510.0,110200.0,2017.0,90000.0,4000.0,12580.0,,0.0,840,0,1,0,1,"600 NORTH CHARLES ST.
BALTIMORE, MD 21201-5185
(39.295994, -76.615596)",600 NORTH CHARLES ST.,BALTIMORE,MD,21201-5185,"600 NORTH CHARLES ST.
BALTIMORE, MD 21201-5185
(39.29643971200045, -76.61578870399967)"
8403600962,STRAUS HISTORICAL SOCIETY INC,,,,HSC,134041199,A80,01/01/201212 12:00:00 AM,$62599.00,$62599.00,3.0,2,2,36,103.0,134904.0,1014.0,68000.0,67851.0,35620.0,35004.0,0.0,840,1,0,0,0,"PO BOX 416
SMITHTOWN, NY 11787-0416
(40.85087, -73.202411)",PO BOX 416,SMITHTOWN,NY,11787-0416,"PO BOX 416
SMITHTOWN, NY 11787-0416
(40.85477152100049, -73.18747663899967)"
8402600689,SEBEWAING AREA HISTORICAL SOCIETY INC,,,,HSC,382784750,A82,01/01/201212 12:00:00 AM,$0.00,$0.00,0.0,4,4,26,63.0,950800.0,1045.0,72200.0,72180.0,,,0.0,840,1,0,0,0,"95 ANTON STREET
SEBEWAING, MI 48759
(43.73153, -83.438162)",95 ANTON STREET,SEBEWAING,MI,48759,"95 ANTON STREET
SEBEWAING, MI 48759
(43.73243935200048, -83.43816820599966)"
8402100179,AMERICAN LEGION POST 26 BUILDING RESTORATION CORPORATION,,,,HST,300417186,A54,01/01/201212 12:00:00 AM,$0.00,$0.00,0.0,3,3,21,83.0,20100.0,3007.0,92256.0,50898.0,32460.0,,1.0,840,1,0,0,0,"106 CAMPBELL COURT
MAYFIELD, KY 42066-1312
(36.743545, -88.654926)",106 CAMPBELL COURT,MAYFIELD,KY,42066-1312,"106 CAMPBELL COURT
MAYFIELD, KY 42066-1312
(36.74357135700046, -88.65567471699967)"
8401600005,SPRAG POLE MUSEUM,SPRAG POLE MUSEUM,,,GMU,,,,,,,4,6,16,79.0,960200.0,7481.0,92392.0,,,,0.0,840,0,1,0,0,"ALMQUIST ST PO BOX 425
MURRAY, ID 83874
(47.62704, -115.858307)",ALMQUIST ST PO BOX 425,MURRAY,ID,83874,"ALMQUIST ST PO BOX 425
MURRAY, ID 83874
(47.83092790000046, -116.12191995099971)"
8403600037,THE ROCKWELL MUSEUM,ROCKWELL MUSEUM,6079375386.0,,GMU,,,,,,,3,2,36,101.0,962700.0,1045.0,18256.0,18256.0,18500.0,,1.0,840,0,1,0,0,"111 CEDAR STREET
CORNING, NY 14830
(42.142411, -77.052697)",111 CEDAR STREET,CORNING,NY,14830,"111 CEDAR STREET
CORNING, NY 14830
(42.14294089700047, -77.05248869199966)"
8400601471,LOS ANGELES HISTORICAL BOTTLE CLUB,,,http://www.lahbc.org,HSC,452993402,,,,,,1,6,6,71.0,9118.0,1022.0,93555.0,82590.0,40140.0,,0.0,840,1,0,0,0,"12634 WESTWAY LANE
VICTORVILLE, CA 92392
(34.488141, -117.393462)",12634 WESTWAY LANE,VICTORVILLE,CA,92392,"12634 WESTWAY LANE
VICTORVILLE, CA 92392
(34.48005098400046, -117.39642326299969)"
8404800718,CLEAR LAKE MASONIC LIBRARY & MUSEUM FOUNDATION,,,,GMU,271911925,A50,01/01/201312 12:00:00 AM,$0.00,$0.00,0.0,2,5,48,201.0,341502.0,1004.0,93645.0,66392.0,26420.0,,0.0,840,1,0,0,0,"PO BOX 513
SEABROOK, TX 77586-0513
(29.570712, -95.037967)",PO BOX 513,SEABROOK,TX,77586-0513,"PO BOX 513
SEABROOK, TX 77586-0513
(29.562663056000474, -95.02397897199967)"
8404200839,SOLEBURY TOWNSHIP HISTORICAL SOCIETY,,,,HSC,232975797,A80,01/01/201212 12:00:00 AM,$0.00,$0.00,0.0,4,2,42,17.0,104303.0,2009.0,71752.0,,37980.0,33874.0,0.0,840,1,0,0,0,"PO BOX 25
SOLEBURY, PA 18963-0525
(40.380915, -75.007791)",PO BOX 25,SOLEBURY,PA,18963-0525,"PO BOX 25
SOLEBURY, PA 18963-0525
(40.38050114900045, -75.00859874199966)"
8400602318,TEHAMA COUNTY MUSEUM FOUNDATION,TEHAMA COUNTY MUSEUM,5303842595.0,http://tehamacountymuseum.org,GMU,942628842,,01/01/201306 12:00:00 AM,$0.00,$0.00,0.0,3,6,6,103.0,200.0,1008.0,92560.0,,39780.0,,1.0,840,1,0,1,0,"PO BOX 275
TEHAMA, CA 96090
(40.3472838, -122.4216841)",PO BOX 275,TEHAMA,CA,96090,"PO BOX 275
TEHAMA, CA 96090
(40.027410992000455, -122.12219874699969)"
8401800734,SURVEYORS HISTORICAL SOCIETY,,8125372000.0,http://www.surveyorshistoricalsociety.com,HSC,770043851,A82,01/01/201312 12:00:00 AM,$0.00,$0.00,0.0,3,4,18,29.0,80300.0,3007.0,42480.0,29448.0,17140.0,,0.0,840,1,0,0,0,"628 RIDGE AVE
LAWRENCEBURG, IN 47025
(39.112934, -84.858184)",628 RIDGE AVE,LAWRENCEBURG,IN,47025,"628 RIDGE AVE
LAWRENCEBURG, IN 47025
(39.11288082300047, -84.85823618199964)"
8404000359,MAJOR COUNTY HISTORICAL SOCIETY,,,,HSC,731265358,A82,,,,,4,5,40,93.0,955300.0,3016.0,91105.0,25100.0,,,0.0,840,1,0,0,0,"PO BOX 555
FAIRVIEW, OK 73737-0555
(36.273618, -98.477321)",PO BOX 555,FAIRVIEW,OK,73737-0555,"PO BOX 555
FAIRVIEW, OK 73737-0555
(36.27216387100049, -98.47794974899966)"
8402500651,CANTON HISTORICAL SOCIETY,CANTON HISTORICAL SOCIETY,7818280073.0,http://www.canton.org,HSC,46064739,,01/01/201212 12:00:00 AM,$0.00,$0.00,0.0,2,1,25,21.0,415200.0,1020.0,11315.0,,14460.0,14454.0,0.0,840,1,0,1,0,"40 ABBEY LN
CANTON, MA 2021
(42.159838, -71.13023)",40 ABBEY LN,CANTON,MA,2021,"40 ABBEY LN
CANTON, MA 2021
(42.1597028860005, -71.13026868799966)"
8405500799,THREE EAGLES FOUNDATION INC,,,,HSC,455527559,A80,01/01/201312 12:00:00 AM,$0.00,$0.00,0.0,4,4,55,103.0,970500.0,4146.0,21400.0,,,,0.0,840,1,0,0,0,"20343 EFFIGY MOUNDS RD
MUSCODA, WI 53573-5444
(43.20478, -90.460969)",20343 EFFIGY MOUNDS RD,MUSCODA,WI,53573-5444,"20343 EFFIGY MOUNDS RD
MUSCODA, WI 53573-5444
(43.20458235900048, -90.46209590699965)"
8404201151,CRESEN-SHOUSETOWN AREA HISTORICAL ASSOCIATION,,,,HSC,251410664,A82,,,,,2,2,42,3.0,449000.0,1048.0,17048.0,,38300.0,,0.0,840,1,0,0,0,"PO BOX 253
CRESCENT, PA 15046-0253
(40.554374, -80.228493)",PO BOX 253,CRESCENT,PA,15046-0253,"PO BOX 253
CRESCENT, PA 15046-0253
(40.560054151000486, -80.22351764299964)"
8401300732,THE AMES SOCIETY,,,,HSC,912166241,A80,01/01/201312 12:00:00 AM,$0.00,$0.00,0.0,2,3,13,219.0,30200.0,2004.0,93282.0,,12020.0,,0.0,840,1,0,0,0,"1660 JENNINGS MILL RD
BOGART, GA 30622-2532
(33.912614, -83.455026)",1660 JENNINGS MILL RD,BOGART,GA,30622-2532,"1660 JENNINGS MILL RD
BOGART, GA 30622-2532
(33.923599976000446, -83.46265942599968)"
8405100209,MUSEUM OF UNDERWATER ARCHAEOLOGY,MUSEUM-UNDERWATER ARCHEOLOGY,,,GMU,10814181,A50,01/01/201212 12:00:00 AM,$0.00,$0.00,0.0,2,3,51,153.0,901303.0,1012.0,90480.0,10776.0,47900.0,47894.0,0.0,840,1,0,1,0,"9531 COUNTRY ROADS LANE
MANASSAS, VA 20112-2780
(38.673616, -77.439353)",9531 COUNTRY ROADS LANE,MANASSAS,VA,20112-2780,"9531 COUNTRY ROADS LANE
MANASSAS, VA 20112-2780
(38.725392944000475, -77.48750506999966)"
8400602252,KELLEY HOUSE MUSEUM INCORPORATED,,,,HSC,942277534,A80,01/01/201212 12:00:00 AM,$202948.00,$185530.00,4.0,4,6,6,45.0,11002.0,3020.0,91938.0,46814.0,46380.0,,1.0,840,1,0,0,0,"PO BOX 922
MENDOCINO, CA 95460-0922
(39.318134, -123.784558)",PO BOX 922,MENDOCINO,CA,95460-0922,"PO BOX 922
MENDOCINO, CA 95460-0922
(39.30606387500046, -123.80015877999972)"
8400400379,HISTORIC SAHUARO RANCH,HISTORIC SAHUARO RANCH,6029395782.0,,HSC,860746185,A82,,,,,1,6,4,13.0,92900.0,1021.0,92601.0,27820.0,38060.0,,0.0,840,0,1,0,0,"PO BOX 1824
GLENDALE, AZ 85311-1824
(33.532013, -112.177377)",PO BOX 1824,GLENDALE,AZ,85311-1824,"PO BOX 1824
GLENDALE, AZ 85311-1824
(33.53257280700046, -112.17733892099972)"
8403900657,HISTORIC SOUTH PARK INC,,,http://www.historicsouthpark.org,BOT,311308721,,01/01/201212 12:00:00 AM,$0.00,$0.00,0.0,1,4,39,113.0,2600.0,1020.0,21000.0,21000.0,19380.0,,0.0,840,1,0,0,0,"PO BOX 3718
DAYTON, OH 45410
(39.747094, -84.155878)",PO BOX 3718,DAYTON,OH,45410,"PO BOX 3718
DAYTON, OH 45410
(39.74769257200046, -84.16065910499964)"
8402700100,DEPOT MUSEUM,DEPOT MUSEUM,5077945053.0,,GMU,,,,,,,3,4,27,15.0,960500.0,4024.0,60844.0,60844.0,35580.0,,1.0,840,0,1,0,0,"SLEEPY EYE, MN 56085
(44.29831, -94.723021)",,SLEEPY EYE,MN,56085,"SLEEPY EYE, MN 56085
(44.293680647000485, -94.72721714999966)"
8403601689,RANDOLPH HISTORICAL SOCIETY INC,,,,HSC,201998334,A80,01/01/201212 12:00:00 AM,$0.00,$0.00,0.0,4,2,36,9.0,961400.0,4008.0,60587.0,22843.0,36460.0,,1.0,840,1,0,0,0,"PO BOX 143
RANDOLPH, NY 14772-0143
(42.168588, -78.958838)",PO BOX 143,RANDOLPH,NY,14772-0143,"PO BOX 143
RANDOLPH, NY 14772-0143
(42.162300953000454, -78.97494993299966)"
8401000039,OCEAN VIEW HISTORICAL SOCIETY,OCEAN VIEW HISTORICAL SOCIETY,,,HSC,261719840,A80,01/01/201212 12:00:00 AM,$32884.00,$32884.00,3.0,3,2,10,5.0,51301.0,3042.0,93552.0,,41540.0,,0.0,840,1,0,0,1,"PO BOX 576
OCEAN VIEW, DE 19970-0576
(38.553571, -75.103637)",PO BOX 576,OCEAN VIEW,DE,19970-0576,"PO BOX 576
OCEAN VIEW, DE 19970-0576
(38.55362191400047, -75.10052602099967)"
8403700601,NORTH CAROLINA POTTERY MUSEUM INC,,,,ART,561765000,A51,01/01/201306 12:00:00 AM,$186806.00,$169893.00,4.0,4,3,37,151.0,30802.0,3075.0,92668.0,,24660.0,,0.0,840,1,0,0,0,"PO BOX 531
SEAGROVE, NC 27341-0531
(35.511916, -79.758654)",PO BOX 531,SEAGROVE,NC,27341-0531,"PO BOX 531
SEAGROVE, NC 27341-0531
(35.542611399000464, -79.77980569399966)"
8401500050,HALAWA VALLEY LAND TRUST,,,,HSC,260011083,A80,01/01/201212 12:00:00 AM,$0.00,$0.00,0.0,4,6,15,9.0,31700.0,5005.0,90090.0,31100.0,27980.0,,0.0,840,1,0,0,0,"PO BOX 860
KAUNAKAKAI, HI 96748-0860
(21.078702, -156.994625)",PO BOX 860,KAUNAKAKAI,HI,96748-0860,"PO BOX 860
KAUNAKAKAI, HI 96748-0860
(21.090793301000474, -157.01962798299974)"
8402500435,AMESBURY CARRIAGE MUSUEM INC,,,,HST,43021666,A54,01/01/201212 12:00:00 AM,$15769.00,$-2874.00,2.0,2,1,25,9.0,266100.0,5008.0,1260.0,1260.0,14460.0,15764.0,0.0,840,1,0,0,0,"PO BOX 252
AMESBURY, MA 01913-0005
(42.854557, -70.936564)",PO BOX 252,AMESBURY,MA,01913-0005,"PO BOX 252
AMESBURY, MA 01913-0005
(42.8513927350005, -70.93149770799965)"
8401800536,GOSPORT MUSEUM SOCIETY,,,,GMU,351982567,A50,01/01/201112 12:00:00 AM,$0.00,$0.00,0.0,4,4,18,119.0,955500.0,2107.0,81872.0,28440.0,14020.0,,0.0,840,1,0,0,0,"19 N 4TH STREET BOX 50
GOSPORT, IN 47433-7000
(39.354826, -86.667442)",19 N 4TH STREET BOX 50,GOSPORT,IN,47433-7000,"19 N 4TH STREET BOX 50
GOSPORT, IN 47433-7000
(39.350044624000475, -86.66424519899965)"
8404800141,MENDOZA TRAIL MUSEUM,,4326523192.0,,GMU,,,,,,,4,5,48,461.0,950100.0,1838.0,93195.0,,,,0.0,840,0,0,1,0,"HIGHWAY 67 E
MC CAMEY, TX 79752
(31.206078, -101.969265)",HIGHWAY 67 E,MC CAMEY,TX,79752,"HIGHWAY 67 E
MC CAMEY, TX 79752
(31.127540571000452, -102.22519761599966)"
8400800034,NORTHERN DRYLANDERS MUSEUM,,9708973125.0,,GMU,,,,,,,4,5,8,123.0,2501.0,2214.0,90190.0,55045.0,24540.0,,0.0,840,0,0,1,0,"755 3RD ST
NUNN, CO 80648
(40.71969, -104.786973)",755 3RD ST,NUNN,CO,80648,"755 3RD ST
NUNN, CO 80648
(40.704677527000456, -104.78196044299966)"
8404000329,NORTH TULSA HERITAGE FOUNDATION INC,NORTH TULSA HERITAGE,9185961005.0,,HSC,731146007,A82,01/01/201212 12:00:00 AM,$10724.00,$4482.00,2.0,1,5,40,143.0,1000.0,1031.0,93380.0,75000.0,46140.0,,0.0,840,1,0,1,0,"322 N GREENWOOD AVE
TULSA, OK 74120-1026
(36.161963, -95.986626)",322 N GREENWOOD AVE,TULSA,OK,74120-1026,"322 N GREENWOOD AVE
TULSA, OK 74120-1026
(36.161994984000444, -95.98665126399965)"
8401200392,CENTRAL FLORIDA SOCIETY FOR HISTORICAL PRESERVATION INC,,,,HSC,237160246,A82,01/01/201212 12:00:00 AM,$59642.00,$38743.00,3.0,2,3,12,117.0,21612.0,1000.0,90455.0,75725.0,36740.0,,0.0,840,1,0,0,0,"PO BOX 520500
LONGWOOD, FL 32752-0500
(28.703394, -81.419951)",PO BOX 520500,LONGWOOD,FL,32752-0500,"PO BOX 520500
LONGWOOD, FL 32752-0500
(28.695604199000456, -81.35271936499964)"
8401900372,SPILLVILLE HISTORIC ACTION GROUP INC,,,,HSC,421126474,,01/01/201312 12:00:00 AM,$0.00,$0.00,0.0,4,4,19,191.0,950500.0,2084.0,90447.0,74370.0,,,0.0,840,1,0,0,0,"PO BOX 7
SPILLVILLE, IA 52168
(43.200409, -91.951005)",PO BOX 7,SPILLVILLE,IA,52168,"PO BOX 7
SPILLVILLE, IA 52168
(43.205000414000494, -91.95079774099969)"
8401700617,HIAWATHA HISTORICAL SOCIETY,,,,HSC,362998179,,,,,,2,4,17,97.0,865400.0,2013.0,50364.0,34722.0,16980.0,29404.0,0.0,840,1,0,0,0,"622 LAUREL AVE
HIGHLAND PARK, IL 60035
(42.184138, -87.799322)",622 LAUREL AVE,HIGHLAND PARK,IL,60035,"622 LAUREL AVE
HIGHLAND PARK, IL 60035
(42.183942293000484, -87.79977180799966)"
8404800458,BROWNSVILLE BOTANICAL GARDENS & ARBORETUM,,,,BOT,200576859,C41,01/01/201212 12:00:00 AM,$13580.00,$13580.00,2.0,1,5,48,215.0,21000.0,6028.0,92340.0,45384.0,32580.0,,0.0,840,1,0,0,0,"205 PECAN BLVD
MCALLEN, TX 78501-2354
(26.216759, -98.220197)",205 PECAN BLVD,MCALLEN,TX,78501-2354,"205 PECAN BLVD
MCALLEN, TX 78501-2354
(26.216742905000444, -98.2195983309997)"
8402100188,TRIMBLE COUNTY HISTORICAL SOCIETY INC,,,,HSC,310940276,,,,,,1,3,21,111.0,11907.0,1000.0,90683.0,48006.0,31140.0,,0.0,840,1,0,0,0,"4605 SANDHILL RD
LOUISVILLE, KY 40219
(38.135011, -85.674134)",4605 SANDHILL RD,LOUISVILLE,KY,40219,"4605 SANDHILL RD
LOUISVILLE, KY 40219
(38.13476461300047, -85.67377204499968)"
8400900061,HOUSATONIC MUSEUM OF ART,,2033325052.0,http://www.hctc.commnet.edu/artmuseum/index.html,GMU,,,,,,,1,1,9,1.0,70600.0,1058.0,8070.0,8000.0,14860.0,,0.0,840,0,0,1,0,"900 LAFAYETTE BLVD
BRIDGEPORT, CT 6604
(41.174696, -73.19181)",900 LAFAYETTE BLVD,BRIDGEPORT,CT,6604,"900 LAFAYETTE BLVD
BRIDGEPORT, CT 6604
(41.174747536000496, -73.19185432699965)"
8402500702,SCITUATE HISTORICAL SOCIETY,SCITUATE HISTORICAL SOCIETY,7815451083.0,,HSC,46130440,A82,01/01/201306 12:00:00 AM,$628312.00,$628312.00,5.0,2,1,25,23.0,505102.0,2014.0,60330.0,49165.0,14460.0,14454.0,0.0,840,1,1,0,0,"PO BOX 276
SCITUATE, MA 02066-0276
(42.204083, -70.758238)",PO BOX 276,SCITUATE,MA,02066-0276,"PO BOX 276
SCITUATE, MA 02066-0276
(42.17790386700045, -70.74741721099963)"
8403601994,GUILDERLAND HISTORICAL SOCIETY,,,http://WWW.GUILDERLANDHISTORICALSOCIETY.ORG,HSC,237361018,,01/01/201212 12:00:00 AM,$0.00,$0.00,0.0,2,2,36,1.0,14613.0,2001.0,31104.0,,10580.0,,0.0,840,1,0,0,0,"PO BOX 282
GUILDERLAND, NY 12085-1208
(42.702289, -73.963819)",PO BOX 282,GUILDERLAND,NY,12085-1208,"PO BOX 282
GUILDERLAND, NY 12085-1208
(42.70289157900049, -73.96575979499966)"
8402600101,HUNTER HOUSE MUSEUM,,2486477588.0,,GMU,,,,,,,2,4,26,125.0,152600.0,2027.0,8640.0,8640.0,19820.0,47664.0,0.0,840,0,0,1,0,"500 W MAPLE RD
BIRMINGHAM, MI 48009
(42.546455, -83.220139)",500 W MAPLE RD,BIRMINGHAM,MI,48009,"500 W MAPLE RD
BIRMINGHAM, MI 48009
(42.54661020700047, -83.21913328299968)"
8402700107,BOIS FORTE HERITAGE CENTER,,2187536017.0,,GMU,,,,,,,4,4,27,137.0,15500.0,2536.0,25928.0,,20260.0,,0.0,840,0,0,1,0,"1500 BOIS FORTE RD
TOWER, MN 55790
(47.821854, -92.327774)",1500 BOIS FORTE RD,TOWER,MN,55790,"1500 BOIS FORTE RD
TOWER, MN 55790
(47.82072852700048, -92.33045025799964)"
8401700884,HERSCHER AREA HISTORICAL SOCIETY INC,HERSCHER AREA HISTORICAL SOCIETY,8154262627.0,,HSC,364342989,A80,01/01/201212 12:00:00 AM,$19709.00,$19709.00,2.0,4,4,17,91.0,12600.0,2087.0,59819.0,34384.0,28100.0,,0.0,840,1,0,1,0,"PO BOX 403
HERSCHER, IL 60941-0403
(41.047027, -88.091993)",PO BOX 403,HERSCHER,IL,60941-0403,"PO BOX 403
HERSCHER, IL 60941-0403
(41.047781005000445, -88.09750596899966)"
8403700003,WEYMOUTH WOODS NATURE PRESERVE,,9106922167.0,http://ils.unc.edu/parkproject/wewo.html,ZAW,,,,,,,4,3,37,125.0,951000.0,3007.0,93616.0,,38240.0,,1.0,840,0,0,1,0,"1024 FORT BRAGG RD
SOUTHERN PINES, NC 28387
(35.147514, -79.355857)",1024 FORT BRAGG RD,SOUTHERN PINES,NC,28387,"1024 FORT BRAGG RD
SOUTHERN PINES, NC 28387
(35.14595683300047, -79.36978058699964)"
8401200518,MARITIME MUSEUM OF AMELIA ISLAND,,,,GMU,275214197,A50,01/01/201112 12:00:00 AM,$11746.00,$11746.00,2.0,3,3,12,89.0,50202.0,2032.0,91079.0,,27260.0,,0.0,840,1,0,0,0,"1335 S 8TH ST
FERNANDINA, FL 32034-3077
(30.653783, -81.460776)",1335 S 8TH ST,FERNANDINA,FL,32034-3077,"1335 S 8TH ST
FERNANDINA, FL 32034-3077
(30.65348545000046, -81.46073130199966)"
8403900199,BENJAMIN WEGERZYN HORTICULTURAL CTR,BENJAMIN WEGERZYN HORTICULTURAL CTR,,,GMU,,,,,,,1,4,39,113.0,1600.0,1008.0,21000.0,21000.0,19380.0,,0.0,840,0,1,0,0,"1301 EAST SIEBENTHALER AVENUE
DAYTON, OH 45414-5397
(39.798639, -84.206231)",1301 EAST SIEBENTHALER AVENUE,DAYTON,OH,45414-5397,"1301 EAST SIEBENTHALER AVENUE
DAYTON, OH 45414-5397
(39.79866771900049, -84.20503026699964)"
8400601556,SANTA ANA ZOO,SANTA ANA ZOO,7148364000.0,,ZAW,510160007,D50,01/01/201212 12:00:00 AM,$1547441.00,$1332570.00,6.0,1,6,6,59.0,74406.0,3030.0,90050.0,69000.0,31080.0,11244.0,0.0,840,0,1,0,1,"1801 E CHESNUT AVE.
SANTA ANA, CA 92701-5001
(33.74202, -117.843714)",1801 E CHESNUT AVE.,SANTA ANA,CA,92701-5001,"1801 E CHESNUT AVE.
SANTA ANA, CA 92701-5001
(33.74199961400046, -117.84320799199969)"
8403601573,WANAKENA HISTORICAL ASSOCIATION,,,,HSC,161580148,A80,01/01/201312 12:00:00 AM,$0.00,$0.00,0.0,4,2,36,89.0,492500.0,2024.0,25791.0,,36300.0,,1.0,840,1,0,0,0,"PO BOX 73
WANAKENA, NY 13695-0073
(44.133517, -74.922162)",PO BOX 73,WANAKENA,NY,13695-0073,"PO BOX 73
WANAKENA, NY 13695-0073
(44.13366030700047, -74.92187677999965)"
8403602255,EAST MORICHES EAGLE RESTORATION INC,,,,HSC,455188868,A80,01/01/201212 12:00:00 AM,$0.00,$0.00,0.0,2,2,36,103.0,159602.0,2019.0,10000.0,22546.0,35620.0,35004.0,0.0,840,1,0,0,0,"26 ATLANTIC AVE
EAST MORICHES, NY 11940-1324
(40.801109, -72.75864)",26 ATLANTIC AVE,EAST MORICHES,NY,11940-1324,"26 ATLANTIC AVE
EAST MORICHES, NY 11940-1324
(40.80229419300048, -72.75933973799965)"
8401200523,JAY HISTORICAL SOCIETY,,,,HSC,300191317,,01/01/201212 12:00:00 AM,$0.00,$0.00,0.0,4,3,12,113.0,10200.0,2029.0,91664.0,,37860.0,,0.0,840,1,0,0,0,"PO BOX 265
JAY, FL 32565
(30.918944, -87.160606)",PO BOX 265,JAY,FL,32565,"PO BOX 265
JAY, FL 32565
(30.916733939000437, -87.14805894599965)"
8403900684,HISTORIC HUDSON COMMUNITY ASSOCIATION,,,,HSC,311385224,,01/01/201112 12:00:00 AM,$0.00,$0.00,0.0,2,4,39,89.0,759000.0,3021.0,54040.0,54040.0,18140.0,,0.0,840,1,0,0,0,"PO BOX 5211
NEWAK, OH 43058
(40.05968, -82.400993)",PO BOX 5211,NEWAK,OH,43058,"PO BOX 5211
NEWAK, OH 43058
(40.05985080300047, -82.40074938699968)"
8404800727,NUECES CANYON MISSION RESTORATION ORG,,,,HSC,272515199,A80,01/01/201212 12:00:00 AM,$0.00,$0.00,0.0,4,5,48,385.0,950100.0,1344.0,90600.0,,,,0.0,840,1,0,0,0,"PO BOX 553
CAMP WOOD, TX 78833-0553
(29.734243, -99.968717)",PO BOX 553,CAMP WOOD,TX,78833-0553,"PO BOX 553
CAMP WOOD, TX 78833-0553
(29.671483716000466, -100.01308794399966)"
8405100737,SCHUYLER COMMUNITY CENTER ON WALTONS MOUNTAIN MUSEUM,,,,GMU,541593234,A50,01/01/201212 12:00:00 AM,$220469.00,$176529.00,4.0,4,3,51,3.0,11400.0,3064.0,95607.0,,16820.0,,0.0,840,1,0,0,0,"PO BOX 124
SCHUYLER, VA 22969-0124
(37.79785, -78.683433)",PO BOX 124,SCHUYLER,VA,22969-0124,"PO BOX 124
SCHUYLER, VA 22969-0124
(37.79250297700048, -78.70469928899968)"
8405100983,ROANOKE CHAPTER NATIONAL RAILWAY HISTORICAL SOCIETY,,,,HSC,546071439,A82,01/01/201212 12:00:00 AM,$787464.00,$787464.00,5.0,1,3,51,770.0,602.0,1067.0,95363.0,68000.0,40220.0,,0.0,840,1,0,0,0,"PO BOX 13222
ROANOKE, VA 24032-3222
(37.278542, -79.93412)",PO BOX 13222,ROANOKE,VA,24032-3222,"PO BOX 13222
ROANOKE, VA 24032-3222
(37.27847146200048, -79.93390999899964)"
8402200029,MUSEUM CONTENTS-MAGNOLIA PLANTATION,MUSEUM CONTENTS-MAGNOLIA PLANTATION,3183529580.0,,GMU,,,,,,,3,3,22,69.0,600.0,2006.0,95017.0,53545.0,35060.0,,1.0,840,0,1,0,0,"919 PARKWAY
NATCHITOCHES, LA 71457
(31.747819, -93.066659)",919 PARKWAY,NATCHITOCHES,LA,71457,"919 PARKWAY
NATCHITOCHES, LA 71457
(31.74731373500049, -93.06887830599965)"
8402900458,LATHROP ANTIQUE CAR TRACTOR & ENGINE ASSOCIATION,,,,HST,431526961,A54,01/01/201312 12:00:00 AM,$344651.00,$142249.00,4.0,4,4,29,49.0,960200.0,4015.0,40844.0,,28140.0,,0.0,840,1,0,0,0,"PO BOX 335
LATHROP, MO 64465-0335
(39.546518, -94.319588)",PO BOX 335,LATHROP,MO,64465-0335,"PO BOX 335
LATHROP, MO 64465-0335
(39.5282935190005, -94.30044867699968)"
8404800345,EIGHT TRACK MUSEUM,,4698674074.0,,GMU,,,,,,,1,5,48,113.0,20400.0,2057.0,92792.0,19000.0,19100.0,19124.0,0.0,840,0,0,1,0,"2630 COMMERCE ST
DALLAS, TX 75226
(32.782806, -96.78507)",2630 COMMERCE ST,DALLAS,TX,75226,"2630 COMMERCE ST
DALLAS, TX 75226
(32.782824063000476, -96.78497514499969)"
8403400747,17TH VIRGINIA VOLUNTEER INFANTY COMPANIES A-K LIVING HISTORY,,,,HSC,521983171,A82,01/01/201312 12:00:00 AM,$0.00,$0.00,0.0,2,2,34,7.0,605400.0,2005.0,48750.0,48750.0,37980.0,15804.0,0.0,840,1,0,0,0,"49 ROOSEVELT AVENUE
MT EPHRAIM, NJ 08059-1419
(39.878875, -75.095759)",49 ROOSEVELT AVENUE,MT EPHRAIM,NJ,08059-1419,"49 ROOSEVELT AVENUE
MT EPHRAIM, NJ 08059-1419
(39.87812073200047, -75.09557456599964)"
8402900736,DEXTER HERITAGE ASSOCIATION INC,,,,HSC,510187909,A80,01/01/201305 12:00:00 AM,$0.00,$0.00,0.0,4,4,29,207.0,470500.0,1072.0,42356.0,19396.0,,,0.0,840,1,0,0,0,"PO BOX 322
DEXTER, MO 63841-0322
(36.796703, -89.970475)",PO BOX 322,DEXTER,MO,63841-0322,"PO BOX 322
DEXTER, MO 63841-0322
(36.792960561000484, -89.95495666099964)"
8404200451,RODEPH SHALOM CONGREGATION,CONGREGATION RODEPH SHALOM/PHILADELPHIA MUSEUM OF JUDAICA,2156276747.0,http://www.rodephshalom.org,GMU,231365228,A80,,,,0.0,1,2,42,101.0,13200.0,2021.0,60000.0,60000.0,37980.0,37964.0,0.0,840,1,0,1,0,"615 N BROAD ST
PHILADELPHIA, PA 19123-2417
(39.964205, -75.161018)",615 N BROAD ST,PHILADELPHIA,PA,19123-2417,"615 N BROAD ST
PHILADELPHIA, PA 19123-2417
(39.963732224000466, -75.16108662799968)"
8404800640,SWIMMING AND DIVING HALL OF FAME OF TEXAS INC,,,,GMU,261642153,A50,01/01/201212 12:00:00 AM,$0.00,$0.00,0.0,4,5,48,339.0,690500.0,1000.0,92625.0,,26420.0,,0.0,840,1,0,0,0,"45 LAKE FOREST CIR
CONROE, TX 77384-3129
(30.219682, -95.47494)",45 LAKE FOREST CIR,CONROE,TX,77384-3129,"45 LAKE FOREST CIR
CONROE, TX 77384-3129
(30.257191486000465, -95.53984327499967)"
8403900842,FRANKLIN COUNTY HISTORICAL SOCIETY,FRANKLIN COUNTY HISTORICAL SOCIETY,,http://www.cosi.org,HSC,314383802,A80,01/01/201206 12:00:00 AM,$17864143.00,$17791924.00,8.0,1,4,39,49.0,4200.0,1007.0,18000.0,18000.0,18140.0,,0.0,840,1,1,1,1,"333 W BROAD ST
COLUMBUS, OH 43215-2738
(39.964688, -83.003623)",333 W BROAD ST,COLUMBUS,OH,43215-2738,"333 W BROAD ST
COLUMBUS, OH 43215-2738
(39.961199939000494, -83.00872853899966)"
8403900631,TRI-STATE EDUCATION AND TECHNOLOGY FOUNDATION,,,,GMU,311209362,A50,01/01/201306 12:00:00 AM,$255619.00,$253420.00,4.0,2,4,39,61.0,25500.0,1008.0,57386.0,57386.0,17140.0,,0.0,840,1,0,0,0,"2020 SHERMAN AVE
NORWOOD, OH 45212-2616
(39.16069, -84.45995)",2020 SHERMAN AVE,NORWOOD,OH,45212-2616,"2020 SHERMAN AVE
NORWOOD, OH 45212-2616
(39.16066819500048, -84.45960893299969)"
8400900310,DERBY HISTORICAL SOCIETY OF DERBY CT INC,GEN. DAVID HUMPHREYS HOUSE,2037351908.0,,HSC,66041121,A82,01/01/201212 12:00:00 AM,$132206.00,$97388.00,4.0,2,1,9,9.0,125200.0,2039.0,1220.0,1150.0,35300.0,,0.0,840,1,0,1,1,"37 ELM ST
ANSONIA, CT 06401-3312
(41.331535, -73.074836)",37 ELM ST,ANSONIA,CT,06401-3312,"37 ELM ST
ANSONIA, CT 06401-3312
(41.331469434000496, -73.07489842299964)"
8401200411,HALIFAX HISTORICAL SOCIETY,HALIFAX HISTORICAL MUSEUM,,http://www.halifaxhistorical.org,HSC,237432863,A82,01/01/201212 12:00:00 AM,$83081.00,$78435.00,3.0,1,3,12,127.0,82000.0,3024.0,90780.0,16525.0,19660.0,,0.0,840,1,0,1,0,"252 S BEACH ST
DAYTONA BEACH, FL 32114-4407
(29.208683, -81.017848)",252 S BEACH ST,DAYTONA BEACH,FL,32114-4407,"252 S BEACH ST
DAYTONA BEACH, FL 32114-4407
(29.20877583200047, -81.01760696899964)"
8402400079,"FURNACE TOWN FOUNDATION, INC.","FURNACE TOWN FOUNDATION, INC.",,,GMU,,,,,,,4,2,24,47.0,951400.0,2177.0,90368.0,,41540.0,,0.0,840,0,1,0,0,"3816 OLD FURNACE ROAD
SNOW HILL, MD 21863
(38.2026, -75.488402)",3816 OLD FURNACE ROAD,SNOW HILL,MD,21863,"3816 OLD FURNACE ROAD
SNOW HILL, MD 21863
(38.20552367500045, -75.47022107699968)"
8401200505,MILLS AVIATION CHARITIES INC,,,,HSC,273405278,A80,01/01/201212 12:00:00 AM,$0.00,$0.00,0.0,4,3,12,35.0,60208.0,1037.0,90338.0,,19660.0,,0.0,840,1,0,0,0,"283 OLD MOODY BLVD
PALM COAST, FL 32164-2470
(29.473699, -81.213421)",283 OLD MOODY BLVD,PALM COAST,FL,32164-2470,"283 OLD MOODY BLVD
PALM COAST, FL 32164-2470
(29.47366072900047, -81.21415224099968)"
8404100032,OAKRIDGE PIONEER MUSEUM,,5417822402.0,,GMU,,,,,,,3,6,41,39.0,1500.0,4031.0,92346.0,54100.0,21660.0,,0.0,840,0,0,1,0,"76433 PINE ST
OAKRIDGE, OR 97463
(43.74764, -122.460233)",76433 PINE ST,OAKRIDGE,OR,97463,"76433 PINE ST
OAKRIDGE, OR 97463
(43.7471366900005, -122.4602514499997)"
8401701358,LAKE KATHERINE NATURE CENTER AND BOTANIC GARDENS,LAKE KATHERINE NATURE CENTER,7083611873.0,http://www.lakekatherine.org,BOT,911848185,C41,01/01/201212 12:00:00 AM,$272678.00,$264019.00,4.0,2,4,17,31.0,823903.0,1007.0,57355.0,57381.0,16980.0,16974.0,0.0,840,1,0,1,0,"7402 LAKE KATHERINE DR
PALOS HEIGHTS, IL 60463-1054
(41.677181, -87.797744)",7402 LAKE KATHERINE DR,PALOS HEIGHTS,IL,60463-1054,"7402 LAKE KATHERINE DR
PALOS HEIGHTS, IL 60463-1054
(41.67658149200048, -87.80986661299966)"
8403700408,SHARE YOUR WAKE FOREST GARDEN INC,,,,BOT,455461532,C41,01/01/201312 12:00:00 AM,$0.00,$0.00,0.0,2,3,37,183.0,54206.0,1025.0,93880.0,70540.0,39580.0,,0.0,840,1,0,0,0,"PO BOX 161
WAKE FOREST, NC 27588-0161
(35.971601, -78.513005)",PO BOX 161,WAKE FOREST,NC,27588-0161,"PO BOX 161
WAKE FOREST, NC 27588-0161
(35.970542288000445, -78.51068610899966)"
8402600080,MUSEUM OF ART,MUSEUM OF ART,,,GMU,,,,,,,1,4,26,161.0,400200.0,4000.0,3000.0,3000.0,11460.0,,0.0,840,0,1,0,0,"525 S. STATE STREET
ANN ARBOR, MI 48109-1354
(42.276741, -83.739609)",525 S. STATE STREET,ANN ARBOR,MI,48109-1354,"525 S. STATE STREET
ANN ARBOR, MI 48109-1354
(42.27533962600046, -83.74069364899964)"
8401700133,LITTLE WHITE SCHOOL MUSEUM,,6305542999.0,http://www.littlewhiteschoolmuseum.org,GMU,,,,,,,2,4,17,93.0,890102.0,1022.0,56900.0,56887.0,16980.0,16974.0,0.0,840,0,0,1,0,"72 POLK ST
OSWEGO, IL 60543
(41.682114, -88.34903)",72 POLK ST,OSWEGO,IL,60543,"72 POLK ST
OSWEGO, IL 60543
(41.68201378700047, -88.34898410999966)"
8405100857,JOSEPHINE SCHOOL COMMUNITY MUSEUM,,5409555512.0,http://www.jschoolmuseum.org,HST,541910987,A54,01/01/201212 12:00:00 AM,$0.00,$0.00,0.0,3,3,51,43.0,10100.0,3015.0,90256.0,6968.0,47900.0,47894.0,0.0,840,1,0,1,0,"PO BOX 423
BERRYVILLE, VA 22611-0423
(39.159511, -77.984617)",PO BOX 423,BERRYVILLE,VA,22611-0423,"PO BOX 423
BERRYVILLE, VA 22611-0423
(39.15136430300049, -77.98127761899963)"
8404500129,SUMTER GALLERY OF ART,,8037750543.0,,ART,237130803,A51,01/01/201306 12:00:00 AM,$197640.00,$197640.00,4.0,1,3,45,85.0,2000.0,3048.0,93289.0,70405.0,44940.0,,0.0,840,1,0,0,0,"PO BOX 1316
SUMTER, SC 29151-1316
(33.925534, -80.341158)",PO BOX 1316,SUMTER,SC,29151-1316,"PO BOX 1316
SUMTER, SC 29151-1316
(33.92513100800045, -80.34115866399964)"
8400602417,THE CALIFORNIA SUPREME COURT HISTORICAL SOCIETY,,,,HSC,943111428,A82,01/01/201306 12:00:00 AM,$132513.00,$132513.00,4.0,1,6,6,19.0,600.0,4051.0,91080.0,27000.0,23420.0,,0.0,840,1,0,0,0,"PO BOX 1071
FRESNO, CA 93714-1071
(36.735879, -119.784887)",PO BOX 1071,FRESNO,CA,93714-1071,"PO BOX 1071
FRESNO, CA 93714-1071
(36.757770362000485, -119.77994690099968)"
8404100240,NORTHWEST VINTAGE CAR AND MOTORCYCLE MUSEUM INC,,,,GMU,383649103,A50,01/01/201205 12:00:00 AM,$96928.00,$83293.00,3.0,1,6,41,47.0,1701.0,2013.0,92737.0,64900.0,41420.0,,0.0,840,1,0,0,0,"PO BOX 15
SALEM, OR 97308-0015
(44.94442, -122.983479)",PO BOX 15,SALEM,OR,97308-0015,"PO BOX 15
SALEM, OR 97308-0015
(44.936917106000465, -123.04013912899973)"
8404000519,CHEROKEE NATIONAL HISTORICAL SOCIETY INC,CHEROKEE NATIONAL HISTORICAL SOCIETY,,http://www.cherokeeheritage.org,HSC,736103406,A82,01/01/201212 12:00:00 AM,$1579851.00,$1547380.00,6.0,3,5,40,21.0,978000.0,3053.0,93289.0,72100.0,45140.0,,1.0,840,1,1,0,1,"PO BOX 515
TAHLEQUAH, OK 74465-0515
(35.901778, -94.97449)",PO BOX 515,TAHLEQUAH,OK,74465-0515,"PO BOX 515
TAHLEQUAH, OK 74465-0515
(35.90222142400046, -94.97439811499964)"
8403601056,RESEARCH FOUNDATION OF STATE UNIVERSITY,ROOSEVELT WILDLIFE COLLECTION,3154706763.0,http://www.rooseveltstation.org/rwl_collection,ART,141368361,,01/01/201306 12:00:00 AM,$1664302566.00,$1275138628.00,9.0,2,2,36,111.0,953500.0,2000.0,50562.0,50551.0,28740.0,,0.0,840,0,1,0,0,"1 HAWK DRIVE, HAB 805
NEW PALTZ, NY 12561-2443
(41.742453, -74.08017)","1 HAWK DRIVE, HAB 805",NEW PALTZ,NY,12561-2443,"1 HAWK DRIVE, HAB 805
NEW PALTZ, NY 12561-2443
(41.7382358210005, -74.09076212399964)"
8402200237,GRETNA HISTORICAL SOCIETY,,5043631500.0,,HSC,720795358,,01/01/201212 12:00:00 AM,$54388.00,$53692.00,3.0,2,3,22,51.0,25300.0,2007.0,94069.0,31915.0,35380.0,,0.0,840,1,0,0,0,"PO BOX 404
GRETNA, LA 70054-0404
(29.909885, -90.045166)",PO BOX 404,GRETNA,LA,70054-0404,"PO BOX 404
GRETNA, LA 70054-0404
(29.90268145200048, -90.04554567799966)"
8405300235,MILITARY BEECH 18 HERITAGE FOUNDATION,,,,HSC,264170877,A82,,,,,2,6,53,33.0,32003.0,1051.0,93392.0,31495.0,42660.0,42644.0,0.0,840,1,0,0,0,"PO BOX 200
MAPLE VALLEY, WA 98038-0200
(47.386987, -122.025908)",PO BOX 200,MAPLE VALLEY,WA,98038-0200,"PO BOX 200
MAPLE VALLEY, WA 98038-0200
(47.39263593300046, -122.0470968409997)"
8404900217,GRAFTON HERITAGE PARTNERSHIP PROJECT,,,,HSC,870619056,A80,01/01/201212 12:00:00 AM,$18046.00,$18046.00,2.0,4,6,49,53.0,270100.0,1297.0,91462.0,64560.0,41100.0,,0.0,840,1,0,0,0,"43 WEST MAIN
ROCKVILLE, UT 84763
(37.161154, -113.040402)",43 WEST MAIN,ROCKVILLE,UT,84763,"43 WEST MAIN
ROCKVILLE, UT 84763
(37.16103073500045, -113.04365223799971)"
8405500680,COLFAX RAILROAD MUSEUM INC,COLFAX RAILROAD MUSEUM,7159622076.0,http://www.colfaxrrmuseum.org,HST,391957861,A54,01/01/201312 12:00:00 AM,$0.00,$0.00,0.0,4,4,55,33.0,970300.0,3023.0,16275.0,16275.0,32860.0,,1.0,840,1,0,1,0,"PO BOX 383
COLFAX, WI 54730-0383
(45.001312, -91.72133)",PO BOX 383,COLFAX,WI,54730-0383,"PO BOX 383
COLFAX, WI 54730-0383
(44.998707427000454, -91.72725828399967)"
8404500370,KERSHAW COUNTY HISTORICAL SOCIETY,,8034251123.0,http://www.kershawcountyhistoricalso,HSC,576020710,A82,01/01/201306 12:00:00 AM,$0.00,$0.00,0.0,3,3,45,79.0,3100.0,2046.0,90702.0,16000.0,17900.0,,0.0,840,1,0,0,0,"PO BOX 501
CAMDEN, SC 29201
(33.999444, -81.030869)",PO BOX 501,CAMDEN,SC,29201,"PO BOX 501
CAMDEN, SC 29201
(33.99817273500048, -81.03304593599967)"
8401700630,BURLINGTON ROUTE HISTORICAL SOCIETY,,,,HSC,363100435,A82,01/01/201208 12:00:00 AM,$72478.00,$72478.00,3.0,2,4,17,31.0,820103.0,3037.0,45447.0,16873.0,16980.0,16974.0,0.0,840,1,0,0,0,"PO BOX 456
LA GRANGE, IL 60525-0456
(41.792369, -87.870328)",PO BOX 456,LA GRANGE,IL,60525-0456,"PO BOX 456
LA GRANGE, IL 60525-0456
(41.81604312900049, -87.87139623399969)"
8402700307,ST LOUIS COUNTY HISTORICAL SOCIETY,MISSABE RAILROAD HISTORICAL SOCIETY,2187228011.0,,HSC,410773781,A82,01/01/201212 12:00:00 AM,$618113.00,$613965.00,5.0,1,4,27,137.0,1900.0,2051.0,17000.0,17000.0,20260.0,,0.0,840,1,1,0,0,"506 WEST MICHIGAN STREET
DULUTH, MN 55802-1517
(46.781685, -92.104045)",506 WEST MICHIGAN STREET,DULUTH,MN,55802-1517,"506 WEST MICHIGAN STREET
DULUTH, MN 55802-1517
(46.78169996700046, -92.10398368099965)"
8400602626,AMERICAN AVIATION HISTORICAL SOCIETY,,,,HSC,952624789,A82,01/01/201212 12:00:00 AM,$91682.00,$91682.00,3.0,2,6,6,59.0,99603.0,1054.0,92150.0,36000.0,31080.0,11244.0,0.0,840,1,0,0,0,"15211 SPRINGDALE ST
HUNTINGTN BCH, CA 92649-1156
(33.742777, -118.024494)",15211 SPRINGDALE ST,HUNTINGTN BCH,CA,92649-1156,"15211 SPRINGDALE ST
HUNTINGTN BCH, CA 92649-1156
(33.741842069000484, -118.0245495579997)"
8403100212,STRATEGIC AIR AND SPACE MUSEUM,STRATEGIC AIR AND SPACE MUSEUM,,http://www.sasmuseum.com,SCI,470619646,A57,01/01/201212 12:00:00 AM,$2409240.00,$2202575.00,6.0,4,5,31,25.0,965800.0,2240.0,92965.0,,36540.0,,0.0,840,1,0,1,1,"28210 W PARK HWY
ASHLAND, NE 68003-3525
(41.015029, -96.313646)",28210 W PARK HWY,ASHLAND,NE,68003-3525,"28210 W PARK HWY
ASHLAND, NE 68003-3525
(41.01535316400049, -96.32004450399967)"
8405500826,OLD FRANKLIN TOWNSHIP HISTORIC SOCIETY,,,,HSC,582684981,A80,01/01/201112 12:00:00 AM,$0.00,$0.00,0.0,4,4,55,111.0,1100.0,3094.0,63125.0,63125.0,12660.0,,1.0,840,1,0,0,0,"915 WACHTER AVE
PLAIN, WI 53577
(43.280339, -90.044074)",915 WACHTER AVE,PLAIN,WI,53577,"915 WACHTER AVE
PLAIN, WI 53577
(43.27946432900046, -90.0439818649997)"
8405000141,BRADFORD ACADEMY WOODS SCHOOL BUILDING PRESERVATION FUND INC,,,,HSC,30355606,A80,01/01/201212 12:00:00 AM,$0.00,$0.00,0.0,4,1,50,17.0,959800.0,2046.0,7375.0,,17200.0,,1.0,840,1,0,0,0,"PO BOX 0504
BRADFORD, VT 05033-0504
(43.994168, -72.169509)",PO BOX 0504,BRADFORD,VT,05033-0504,"PO BOX 0504
BRADFORD, VT 05033-0504
(43.9937728590005, -72.12773851799966)"
8404700537,EAST TENNESSE HISTORICAL SOCIETY,EAST TENNESSEE HISTORICAL SOCIETY,,,HSC,626042747,A82,,,,,1,3,47,93.0,100.0,1099.0,90094.0,40000.0,28940.0,,0.0,840,1,0,0,1,"PO BOX 1629
KNOXVILLE, TN 37901-1629
(35.960905, -83.918503)",PO BOX 1629,KNOXVILLE,TN,37901-1629,"PO BOX 1629
KNOXVILLE, TN 37901-1629
(35.96106148700045, -83.91793667299964)"
8401700793,VAN KAMPEN FOUNDATION,,,,HSC,364019118,A80,01/01/201212 12:00:00 AM,$25000.00,,3.0,2,4,17,89.0,852601.0,3057.0,28885.0,28872.0,16980.0,20994.0,0.0,840,1,0,0,0,"407 S 3RD ST STE 230
GENEVA, IL 60134-2759
(41.883635, -88.308847)",407 S 3RD ST STE 230,GENEVA,IL,60134-2759,"407 S 3RD ST STE 230
GENEVA, IL 60134-2759
(41.88362812000048, -88.30882583699969)"
8403200113,USS UNITED STATES FOUNDATION,,,,HSC,760721009,A80,01/01/201012 12:00:00 AM,$1.00,,1.0,2,6,32,3.0,3633.0,1017.0,94504.0,51800.0,29820.0,,0.0,840,1,0,0,0,"3415 OCATILLO MESA WAY
N LAS VEGAS, NV 89031-0385
(36.251929, -115.186561)",3415 OCATILLO MESA WAY,N LAS VEGAS,NV,89031-0385,"3415 OCATILLO MESA WAY
N LAS VEGAS, NV 89031-0385
(36.25187320300046, -115.18654953699968)"
8402600046,OAKLAND UNIVERSITY ART GALLERY,,2483703005.0,http://www.oakland.edu/ouag,ART,,,,,,,2,4,26,125.0,192800.0,1004.0,69035.0,69035.0,19820.0,47664.0,0.0,840,0,0,1,0,"208 WILSON HALL
ROCHESTER, MI 48309
(42.677905, -83.211557)",208 WILSON HALL,ROCHESTER,MI,48309,"208 WILSON HALL
ROCHESTER, MI 48309
(42.67646572500047, -83.21845385399968)"
8402500080,MARITIME MUSEUM,,7815455565.0,http://www.scituatehistoricalsociety.org/sites_maritime.html,GMU,,,,,,,4,1,25,23.0,505200.0,2013.0,60330.0,60295.0,14460.0,14454.0,0.0,840,0,0,1,0,"301 DRIFTWAY
SCITUATE, MA 2066
(42.177282, -70.742133)",301 DRIFTWAY,SCITUATE,MA,2066,"301 DRIFTWAY
SCITUATE, MA 2066
(42.17772006600046, -70.74077831499966)"
8401300183,EXPLORATION IN ANTIQUITY INC,,,,HST,203514441,A54,01/01/201212 12:00:00 AM,$1222012.00,$1047079.00,6.0,4,3,13,285.0,960901.0,3017.0,91674.0,44340.0,29300.0,,1.0,840,1,0,0,0,"130 GORDON COMRCL DR
LAGRANGE, GA 30240-5740
(33.023798, -85.065763)",130 GORDON COMRCL DR,LAGRANGE,GA,30240-5740,"130 GORDON COMRCL DR
LAGRANGE, GA 30240-5740
(33.024463521000484, -85.06384984199968)"
8402300306,MADRID HISTORICAL SOCIETY,PHILLIPS HISTORICAL SOCIETY,2076392162.0,,HSC,10532794,A80,01/01/201306 12:00:00 AM,$0.00,$0.00,0.0,4,1,23,7.0,970602.0,1080.0,58445.0,,,,0.0,840,1,0,1,0,"PO 122
PHILLIPS, ME 04966-0122
(44.831555, -70.382748)",PO 122,PHILLIPS,ME,04966-0122,"PO 122
PHILLIPS, ME 04966-0122
(44.85868962900048, -70.46208939799965)"
8401200694,NORTH AMERICAN ZOOLOGICAL FOUNDATION,,,http://CAMPTENN.0RG,ZAW,591576192,,01/01/201212 12:00:00 AM,$0.00,$0.00,0.0,1,3,12,86.0,3917.0,3004.0,92171.0,49225.0,33100.0,33124.0,0.0,840,1,0,0,0,"1700 S TREASURE DRIVE
NORTH BAY VILLAGE, FL 33141
(25.856736, -80.128931)",1700 S TREASURE DRIVE,NORTH BAY VILLAGE,FL,33141,"1700 S TREASURE DRIVE
NORTH BAY VILLAGE, FL 33141
(25.844622741000478, -80.14998906499966)"
8402200404,ST JOHNS HISTORIC CEMETERY ASSOCIATION INC,,,,HSC,726020733,,01/01/201309 12:00:00 AM,$0.00,$0.00,0.0,1,3,22,57.0,20100.0,1044.0,94075.0,75425.0,26380.0,,0.0,840,1,0,0,0,"718 JACKSON STREET
THIBODAUX, LA 70301
(29.791925, -90.82279)",718 JACKSON STREET,THIBODAUX,LA,70301,"718 JACKSON STREET
THIBODAUX, LA 70301
(29.793555627000444, -90.82268266499966)"
8404600165,BUFFALO PLAINS HISTORICAL FOUNDATION INC,,,,HSC,460411830,,01/01/201106 12:00:00 AM,$0.00,$0.00,0.0,4,5,46,37.0,952800.0,2108.0,69780.0,69780.0,,,0.0,840,1,0,0,0,"133 W 2ND ST
WEBSTER, SD 57274
(45.318894, -97.550638)",133 W 2ND ST,WEBSTER,SD,57274,"133 W 2ND ST
WEBSTER, SD 57274
(45.32681908800049, -97.52301749499969)"
8404700033,STAX MUSIC ACADEMY,,9019427627.0,http://www.staxmusicacademy.org,GMU,,,,,,,1,3,47,157.0,11600.0,2038.0,90348.0,48000.0,32820.0,,0.0,840,0,0,1,0,"910 E MCLEMORE AVE
MEMPHIS, TN 38106
(35.116211, -90.031545)",910 E MCLEMORE AVE,MEMPHIS,TN,38106,"910 E MCLEMORE AVE
MEMPHIS, TN 38106
(35.11553189200049, -90.03168499599968)"
8402400254,BALTIMORE COMPUTER GAME WIZARDS,,,,GMU,271993205,A50,01/01/201212 12:00:00 AM,$0.00,$0.00,0.0,2,2,24,5.0,408400.0,1022.0,90656.0,18250.0,12580.0,,0.0,840,1,0,0,0,"400 SYMPHONY CIRCLE SUITE 348
HUNT VALLEY, MD 21030-2052
(39.497792, -76.663409)",400 SYMPHONY CIRCLE SUITE 348,HUNT VALLEY,MD,21030-2052,"400 SYMPHONY CIRCLE SUITE 348
HUNT VALLEY, MD 21030-2052
(39.4987204680005, -76.66346779999964)"
8402100399,PADUCAH AREA PAINTERS ALLIANCE,,,,ART,611319564,A51,01/01/201212 12:00:00 AM,$0.00,$0.00,0.0,3,3,21,145.0,30300.0,1032.0,92648.0,58836.0,37140.0,,1.0,840,1,0,0,0,"PO BOX 1601
PADUCAH, KY 42002-1601
(37.084379, -88.596609)",PO BOX 1601,PADUCAH,KY,42002-1601,"PO BOX 1601
PADUCAH, KY 42002-1601
(37.084640772000455, -88.59672970599968)"
8405500459,HISTORICAL SOCIETY OF BALDWIN,,,http://www.baldwinhistory.org,HSC,391446298,,,,,,3,4,55,109.0,120800.0,5033.0,4400.0,4400.0,33460.0,,0.0,840,1,0,0,0,"PO BOX 589
BALDWIN, WI 54002
(44.963995, -92.372296)",PO BOX 589,BALDWIN,WI,54002,"PO BOX 589
BALDWIN, WI 54002
(44.958457798000495, -92.37201995399965)"
8404700272,TRIANGLE PARK ASSOCIATION,,,,HSC,562621141,A80,01/01/201212 12:00:00 AM,$0.00,$0.00,0.0,4,3,47,145.0,30700.0,1039.0,90336.0,,28940.0,,0.0,840,1,0,0,0,"PO BOX 1095
HARRIMAN, TN 37748-1095
(35.934318, -84.532746)",PO BOX 1095,HARRIMAN,TN,37748-1095,"PO BOX 1095
HARRIMAN, TN 37748-1095
(35.91803289800049, -84.57093884099964)"
8402700294,WALKER ART CENTER,WALKER ART CENTER,6123757600.0,http://www.walkerart.org,ART,410693929,A40,01/01/201306 12:00:00 AM,$39620563.00,$29128425.00,8.0,1,4,27,53.0,105500.0,1001.0,43000.0,43000.0,33460.0,,0.0,840,1,1,1,1,"1750 HENNEPIN AVE
MINNEAPOLIS, MN 55403-2115
(44.968563, -93.288153)",1750 HENNEPIN AVE,MINNEAPOLIS,MN,55403-2115,"1750 HENNEPIN AVE
MINNEAPOLIS, MN 55403-2115
(44.9673722710005, -93.28833518499965)"
8403600110,ORANGETOWN HISTORICAL MUSEUM AND ARCHIVES,ORANGETOWN HISTORICAL MUSEUM AND ARCHIVES,8457350429.0,,HSC,,,,,,,2,2,36,87.0,12800.0,5051.0,55211.0,56902.0,35620.0,35614.0,0.0,840,0,1,0,0,"213 BLUE HILL ROAD
PEARL RIVER, NY 10965
(41.052621, -73.987084)",213 BLUE HILL ROAD,PEARL RIVER,NY,10965,"213 BLUE HILL ROAD
PEARL RIVER, NY 10965
(41.05111804000046, -73.98628403199967)"
8402500737,PRESERVATION SOCIETY OF FALL RIVER INC,,,,HSC,50629214,A80,01/01/201212 12:00:00 AM,$17224.00,$17224.00,2.0,1,1,25,5.0,642300.0,1039.0,23000.0,23000.0,39300.0,,0.0,840,1,0,0,0,"PO BOX 9221
FALL RIVER, MA 02720-0004
(41.719117, -71.139445)",PO BOX 9221,FALL RIVER,MA,02720-0004,"PO BOX 9221
FALL RIVER, MA 02720-0004
(41.71196287000049, -71.12760952599967)"
8402500546,LIGHT BOSTON INC,,,,HSC,43429488,A80,01/01/201212 12:00:00 AM,$18998.00,$18998.00,2.0,1,1,25,25.0,20101.0,1003.0,7000.0,7000.0,14460.0,14454.0,0.0,840,1,0,0,0,"66 CHARLES ST
BOSTON, MA 02114-4604
(42.357705, -71.070258)",66 CHARLES ST,BOSTON,MA,02114-4604,"66 CHARLES ST
BOSTON, MA 02114-4604
(42.357653721000474, -71.07025089499967)"
8402100132,LEICA HISTORICAL SOCIETY OF AMERICA,,,,HSC,237277318,A82,01/01/201208 12:00:00 AM,$143867.00,$133423.00,4.0,2,3,21,111.0,10602.0,2000.0,92108.0,67944.0,31140.0,,0.0,840,1,0,0,0,"PO BOX 7607
LOUISVILLE, KY 40257-0607
(38.251191, -85.634021)",PO BOX 7607,LOUISVILLE,KY,40257-0607,"PO BOX 7607
LOUISVILLE, KY 40257-0607
(38.250770694000494, -85.62994700099966)"
8404500094,PALMETTO CABINET,,,,HSC,20775467,A80,01/01/201312 12:00:00 AM,$0.00,$0.00,0.0,1,3,45,79.0,1600.0,2021.0,90702.0,16000.0,17900.0,,0.0,840,1,0,0,0,"PO BOX 593
COLUMBIA, SC 29202-0593
(34.006284, -81.037795)",PO BOX 593,COLUMBIA,SC,29202-0593,"PO BOX 593
COLUMBIA, SC 29202-0593
(34.006091494000486, -81.03775861499963)"
8400600654,GRACE DEE MAY INC,,,,HST,30591428,A54,01/01/201112 12:00:00 AM,$15000.00,$15000.00,2.0,1,6,6,37.0,224700.0,1004.0,91750.0,44000.0,31080.0,31084.0,0.0,840,1,0,0,0,"665 W JEFRSON BLVD
LOS ANGELES, CA 90007-3626
(34.029359, -118.284888)",665 W JEFRSON BLVD,LOS ANGELES,CA,90007-3626,"665 W JEFRSON BLVD
LOS ANGELES, CA 90007-3626
(34.02270663000047, -118.2815076549997)"
8403901212,BOTANICAL GARDEN ASSOCIATION INC,THE BOTANICAL GARDEN ASSOCIATION,3308623920.0,http://www.bcbgarden.org,BOT,341964977,C41,01/01/201212 12:00:00 AM,$156476.00,$141867.00,4.0,4,4,39,151.0,712800.0,3007.0,81634.0,,15940.0,,0.0,840,1,0,1,0,"11929 BEECH ST NE
ALLIANCE, OH 44601-8705
(40.885789, -81.177423)",11929 BEECH ST NE,ALLIANCE,OH,44601-8705,"11929 BEECH ST NE
ALLIANCE, OH 44601-8705
(40.886857482000494, -81.17472837299965)"
8402400229,HISTORIC LONG ISLAND FARM INC T-A FRIENDS OF CROMWELL VALLEY,,,,GMU,262188867,,01/01/201212 12:00:00 AM,$0.00,$0.00,0.0,1,2,24,5.0,490301.0,3013.0,90748.0,78425.0,12580.0,,0.0,840,1,0,0,0,"PO BOX 42013
BALTIMORE, MD 21284-2128
(39.413523, -76.611797)",PO BOX 42013,BALTIMORE,MD,21284-2128,"PO BOX 42013
BALTIMORE, MD 21284-2128
(39.40078064700049, -76.57245742099963)"
8405300622,LAMBIEL MUSEUM,,,,GMU,912072232,,,,,,4,6,53,55.0,960100.0,4023.0,92432.0,,,,0.0,840,1,0,0,0,"668 OLGA RD
EASTSOUND, WA 98245-9467
(48.687284, -122.882939)",668 OLGA RD,EASTSOUND,WA,98245-9467,"668 OLGA RD
EASTSOUND, WA 98245-9467
(48.68672978900048, -122.88252898999968)"
8401600161,TAUTPHAUS PARK ZOO DOCENTS INC,,,,ZAW,820496620,D50,,,,,1,6,16,19.0,971301.0,3011.0,91656.0,39700.0,26820.0,,0.0,840,1,0,0,0,"PO BOX 50220
IDAHO FALLS, ID 83405-8340
(43.497248, -112.06329)",PO BOX 50220,IDAHO FALLS,ID,83405-8340,"PO BOX 50220
IDAHO FALLS, ID 83405-8340
(43.497241139000494, -112.0388574539997)"
8403200117,RENO AIR RACING FOUNDATION,RENO AIR RACES,7759726663.0,http://www.airrace.org,GMU,810578379,A50,01/01/201212 12:00:00 AM,$168894.00,$168894.00,4.0,4,6,32,31.0,980100.0,1014.0,94635.0,60600.0,39900.0,,0.0,840,1,0,1,0,"14501 MOUNT ANDERSON ST
RENO, NV 89506-1244
(39.659938, -119.885673)",14501 MOUNT ANDERSON ST,RENO,NV,89506-1244,"14501 MOUNT ANDERSON ST
RENO, NV 89506-1244
(39.65872078900048, -119.88586357199972)"
8404802015,ALAMO MISSION MUSEUM OF FRANKLIN COUNTY,THE ALAMO MISSION MUSEUM OF FRANKLIN CO,9035882442.0,,HST,900184247,A54,01/01/201212 12:00:00 AM,$0.00,$0.00,0.0,4,5,48,159.0,950100.0,2003.0,92675.0,,,,0.0,840,1,0,1,0,"1714 CR 4105 SE
MOUNT VERNON, TX 75457
(33.159491, -95.203856)",1714 CR 4105 SE,MOUNT VERNON,TX,75457,"1714 CR 4105 SE
MOUNT VERNON, TX 75457
(33.14223272100048, -95.2081180139997)"
8403000089,CARBON COUNTY ARTS GUILD,,4064461370.0,,ART,237260614,,01/01/201212 12:00:00 AM,$263441.00,$168310.00,4.0,4,5,30,9.0,300.0,1098.0,92772.0,61525.0,13740.0,,0.0,840,1,0,0,0,"PO BOX 585
RED LODGE, MT 59068-0585
(45.188365, -109.249819)",PO BOX 585,RED LODGE,MT,59068-0585,"PO BOX 585
RED LODGE, MT 59068-0585
(45.1857077680005, -109.24837948799967)"
