Protocol ID,Project Type,Application Type,PI Name,PI Organization,Project Title,Data Source,Defined,Completed
2020-004-Public Health Institute,,DTM,"Celeste Doerr, PhD",Public Health Institute,Latino Coalition for a Healthy California - Community Action Plan,,1/3/2020,2/7/2020
2020-008-UC San Francisco,Common rule only,AMD,"Salma Shariff-Marco, PhD, MPH","University of California, San Francisco",Multilevel Drivers of Liver Cancer Disparities,CDPH: CCR,6/18/2020,6/22/2020
16-04-2510-CONVERSION,Common rule/Human subjects,CR,"Barbara Materna, PhD",CDPH,E-Cigarette Vape Shop Worker Exposure Study,"Data from an established database or specimen registry will not be requested.
P2: This project will involve staff from the CDPH (CDPH).",4/23/2020,6/8/2020
16-12-2811-CONVERSION,SB-13 (Information Practices Act),FIN,"Andrea Joyce, PhD","University of California, Merced",Environmental and Socioeconomic Factors Associated with West Nile Virus in the Northern San Joaquin Valley,CDPH: Infectious Disease Surveillance and Statistics Database,1/31/2020,4/3/2020
2018-228-UC San Francisco,SB-13 (Information Practices Act),AMD,"Anne Stey, MD, MSc","University of California, San Francisco",Outcomes Following Trauma,OSHPD: IPA non public patient level data,6/18/2020,6/22/2020
2020-055-Public Health Institute,Common rule/Human subjects,NEW,"Caitlin Murphy, PhD",,Early Life Exposures and Risk of Young-Onset Colorectal Cancer,CDPH: the California Cancer Registry,3/9/2020,4/22/2020
12-09-0702-CONVERSION,Common rule only,CR,"Laura Jelliffe, PhD","University of California, San Francisco",Predicting REPerse Pregnancy Outcomes,"GDSP:  SIS/ Prenatal Screening Results, Outcome Data, Maternal Serum, Baby Blood Spots; Vital Statistics: Fetal death, birth, and death files; 
OSHPD:  Hospital Discharge Data, Ambulatory Data, Emergenecy Room Data, Surgery Data",1/2/2020,2/7/2020
12-03-0044-CONVERSION,SB-13 (Information Practices Act),CR,"Scott A Lorch, MD, MSCE",Children's Hospital of Philadelphia,Aggregated Complication Measure for Neonatal Quality of Care,OSHPD: Linked Birth Cohort/Patient Discharge Dataset i,4/20/2020,6/8/2020
2018-093-Claremont Colleges,Common rule only,CR,"Javier Rodriguez, PhD",Claremont Graduate University,Comparative Analysis of Police Force Effects on Birth Outcomes in the United States,CDPH: VS-Birth Data,2/19/2020,2/25/2020
17-04-2953-CONVERSION,SB-13 (Information Practices Act),CR,"Rie Sakai-Bizmark, MD, MPH, PhD",The Lundquist Institute for Biomedical Innovation,Development of a Decision Tree to Represent the Natural History of Both Healthy Infants and Infants with Critical Congenital Heart Disease,DHCS: CCHD Screening Database,4/20/2020,6/8/2020
13-10-1386-CONVERSION,SB-13 (Information Practices Act),FIN,"Jack Needleman, PhD","University of California, Los Angeles",Predictors of Ambulance Diversion Cascades,OSHPD: Nonpublic level data patient discharge data and emergency department data,5/6/2020,5/6/2020
2018-103-University of Southern California,Common rule only,AMD,"Adam de Smith, PhD",University of Southern California,Investigating the Role of Genetic and Epigenetic Variation in Risk of Childhood Acute Lymphoblastic Leukemia in Down Syndrome,,5/1/2020,5/7/2020
13-01-1058-CONVERSION,Common rule only,FIN,"Alicia Gilsenan, PhD",Research Triangle Institute (RTI) International,Forteo Post Approval Surveillance Study:  Case Series,CDPH: California Cancer Registry,2/12/2020,4/3/2020
14-10-1764-CONVERSION,SB-13 (Information Practices Act),CR,"Chu Chen, PhD",Fred Hutchinson Cancer Research Center,Infrastructure Support and Pilot Tissue Collection for the Carotene and Retinol Efficacy Trial (CARET) Biorepository formerly CARET Biorepository and Data Enhancement Project,"CDPH: California Cancer Registry (CCR).  Cancer diagnosis, stage, and treatment",4/20/2020,4/28/2020
13-03-1142-CONVERSION,Common rule/Human subjects,CR,"Scarlett L Gomez, PhD","University of California, San Francisco","The protocol title is Impact of institutional- and Individual-Level Discrimination on Medical Care and Quality of Life Among Breast Cancer Survivors.  The Lay Title of the Study, as used on Subject Forms, is Equality in Breast Cancer Care.  The lay ti",CDPH: California Cancer Registry,3/17/2020,3/20/2020
14-03-1544-CONVERSION,SB-13 (Information Practices Act),CR,"Chelsea Collins, MD",Loma Linda University,Patterns of Subspecialty Cancer Care and their Association with Survival among Adolescents and Young Adults (AYAs),CDPH: California Cancer Registry data,4/24/2020,4/27/2020
12-06-0297-CONVERSION,SB-13 (Information Practices Act),CR,"Frank Gilliland, MD, PhD",University of Southern California,Linking Birth Certificate Data to the Southern California Childrens Health Study Cohort Data,"DHCS: TEALE (Birth Certificates), CDPH, (CDPH) California Newborn Screening Program",6/19/2020,
2018-260-Oregon Health and Science University,SB-13 (Information Practices Act),AMD,"N. Clay Mann, PhD, MS, MBA",University of Utah,The Value of Pediatric Readiness for the Emergency Care of Children,"OSHPD: PDD, EDD, Linked Patient Discharge Data and Vital Statistics Death Statistical Master File (VS-DSMF) and Linked EDD and VS-DSMF",6/15/2020,6/15/2020
15-07-2135-CONVERSION,Common rule only,CR,"Beate Ritz, MD, PhD","University of California, Los Angeles",Autism Metabolomics and Environment (AIME),CDPH: California Biobank Program (400 total mid-pregnancy serum samples),6/17/2020,
14-02-1495-CONVERSION,SB-13 (Information Practices Act),CR,"Sona Saha, PhD, MPH",CDPH,Exploring the Variability of Prenatal Screening Serum Analytes by Maternal and Fetal Characteristics,CDPH: Genetic Disease Screening Program,3/5/2020,3/16/2020
12-03-0042-CONVERSION,Common rule only,CR,"James Cone, MD","NYC Health Department, New York",Cancer Incidence and Cancer Mortality in the World Trade Center Health Registry,,4/21/2020,6/8/2020
17-01-2847-CONVERSION,Common rule only,CR,"Judy Wang, PhD",Georgetown University Medical Center,Acupressure for Cancer-Related Fatigue,CDPH: California Cancer Registry - Los Angeles Cancer Surveillance Program  (LACSP) located at the Keck School of Medicine of University of Southern California (USC),2/26/2020,2/26/2020
2020-020-NORC University of Chicago,,DTM,"Alyssa Ghirardelli, MPH",National Opinion Research Center (NORC) at University of Chicago,Covered California Health Benefit Exchange Surveys,,2/3/2020,4/3/2020
2019-026-UCLA,Common rule only,CR,"Dena Herman, PhD, MPH, RD","University of California, Los Angeles",Predictors of Preterm Birth and Low Birth Weight Among Women in Los Angeles County:  An Analysis of the Los Angeles Mommy and Baby Project,CDPH: LAMB Survey data sets,3/2/2020,3/3/2020
12-04-0075-CONVERSION,Common rule only,CR,"Rachel Broadwin, MPH",Office of Environment Health Hazard Assessment,Investigation of the Relation of Fine Particulate Air Pollution and Temperature to Hospital Admissions and Emergency Room Visits in California,OSHPD: PDD and EDD,4/21/2020,6/8/2020
16-03-2491-CONVERSION,SB-13 (Information Practices Act),FIN,"Rie Sakai-Bizmark, MD, MPH, PhD",The Lundquist Institute for Biomedical Innovation,Impact of Pulse Oximetry Screening,OSHPD: Patient Discharge  Data,4/21/2020,6/5/2020
2017-119-UC Berkeley,Common rule/Human subjects,CR,"Winston Tseng, PhD","University of California, Berkeley",CRDP Phase 2. Zoosiab Local Evaluation,,2/3/2020,2/7/2020
14-01-1466-CONVERSION,Common rule only,CR,"Michelle Pearl, PhD",CDPH,Life Course Social Context and Disparities in Birth Outcomes,"CDPH: Prenatal Screening (PNS) and Newborn Screening (NBS) Program data, maintained by the Genetic Disease Screening Program; and live birth and death files",3/9/2020,3/16/2020
2019-116-Other,Common rule only,CR,"Anne Bass, MD",Hospital for Special Surgery,Social Determinants of Total Knee Replacement Failure,OSHPD: Patient Discharge Database,4/23/2020,6/8/2020
2018-030-UCLA,SB-13 (Information Practices Act),REP,"Nadereh Pourat, PhD","University of California, Los Angeles",Whole Person Care (WPC) Pilot Evaluation Design,,2/4/2020,2/10/2020
12-04-0108-CONVERSION,Common rule/Human subjects,CR,"Brian Custer, PhD",Vitalant Research Institute,Blood Donor Cancer Outcomes Study,CDPH: California Cancer Registry,5/8/2020,6/4/2020
2019-153-Cornell University,Common rule only,AMD,"Art Sedrakyan, MD, PhD",Cornell University,Examining Priority Device Outcomes using Administrative and Registry Databases,OSHPD: Nonpublic Patient Level data,6/9/2020,
2018-124-KP-South,SB-13 (Information Practices Act),AMD,"Darios Getahun, MD, PhD",Kaiser Permanente,Incidence and Trend of Ectopic Pregnancy 20092019:  A Population-Based Study,CDPH: VSAC-Death Data<br>CDPH: VSAC-Birth Data,5/27/2020,5/28/2020
2020-103-UC Davis,Common rule/Human subjects,NEW,"Susan Rivera, PhD","University of California, Davis",Perception and Execution of Biological Motion Adhering to the Two-Thirds Power Law,,5/4/2020,5/6/2020
17-02-2893-CONVERSION,SB-13 (Information Practices Act),FIN,"Nena Messina, PhD","University of California, Los Angeles",An Evaluation of the Healing Trauma Program,CDCR: 115 data,2/6/2020,4/3/2020
12-04-0157-CONVERSION,SB-13 (Information Practices Act),AMD,"Jeffrey Gould, MD, MPH",Stanford University,The California Maternal Data Center:  Establishing a Statewide Data Center for Use in Rapid-Cycle Maternity Care Improvement Projects,"OSHPD: Patient Discharge Data (PDD) Non-Public Patient Level Data
CDPH: Birth Statistical Master Files (Special Runs)
CDPH: Fetal Death Statistical Master Files (Special Run)",2/24/2020,2/25/2020
17-01-2844-CONVERSION,Common rule/Human subjects,AMD,"Allen Azizian, PhD",California DSH,Recidivism Rates of Individuals Committed or Detained to a State Hospital Pursuant to California Sexually Violent Predator Act,DSH,2/27/2020,3/4/2020
16-09-2718-CONVERSION,Common rule only,CR,"Barbara Cohn, PhD",Child Health & Development Studies,Grandparental Exposures and Risk of Autism in the Third Generation,"CDPH: Birth Statistical Masterfiles 
DDS: Client Records linked to Birth Cohort Data Files ",1/2/2020,2/7/2020
2017-013-Other,Common rule/Human subjects,REP,"Cheryl Grills, PhD",Loyola Marymount University,"The California Reducing Disparities Project  Phase II, Statewide Evaluation",,4/23/2020,6/5/2020
13-02-1112-CONVERSION,,CR,"Judy Wang, PhD",Georgetown University Medical Center,Ethnicity and Breast Cancer Care,CDPH: California Cancer Registry,2/21/2020,2/24/2020
2018-006-UC Berkeley,SB-13 (Information Practices Act),CR,"Adam de Smith, PhD",University of Southern California,Prenatal Tobacco Smoke Exposure and Somatic Alterations in Childhood Acute Lymphoid Leukemia (ALL),,1/6/2020,2/7/2020
12-03-0035-CONVERSION,Common rule only,AMD,"Jon Busch, PhD",Truven Health Analytics (formerly MEDSTAT),Healthcare Cost and Utilization Project (HCUP),"OSHPD: 1988-2014 Non-Public Inpatient Discharge Data, Emergency Department Data, and Ambulatory Surgery Clinic Data",4/23/2020,4/24/2020
13-07-1287-CONVERSION,SB-13 (Information Practices Act),CR,"Asiya Natekal, Ph.D.",,"University of California, Davis, Center for Regional Change/RaboBank Regional Opportunity Index (Name Change from Rural Opportunity Index to Regional Opportunity Index)",CDPH: Birth Statistical Master Files,6/19/2020,
16-11-2767-CONVERSION,Common rule/Human subjects,AMD,"Nerissa Wu, PhD",CDPH,Sample Collection for Biomonitoring Method Development and Refinement,,4/7/2020,4/14/2020
14-07-1650-CONVERSION,Common rule only,AMD,"Jennifer Puck, MD","University of California, San Francisco",Sequencing of Newborn Bloodspot Deoxyribonucleic Acid (DNA) to Improve and Expand Newborn Screening,"CDPH: Genetic Disease Screening Program, California Biobank Program",4/21/2020,4/23/2020
15-12-2351-CONVERSION,SB-13 (Information Practices Act),CR,"Deborah Schrag, MD, MPH",Harvard University,Cancer Care Delivery in Medicaid,CDPH: California Cancer Registry,2/24/2020,2/25/2020
15-02-1858-CONVERSION,SB-13 (Information Practices Act),AMD,"Scarlett L Gomez, PhD","University of California, San Francisco","The protocol title is SRI Demographic Questions for California Breast Cancer Research.  The lay title of the study, as used on subject forms, is Standardizing Research Surveys for Understanding Breast Cancer Inequities (Stars4BC).  This lay title is l",CDPH: California Cancer Registry,3/18/2020,3/20/2020
17-06-3019-CONVERSION,SB-13 (Information Practices Act),CR,"Elyas Bakhtiari, PhD",William and Mary University,"Anti-Muslim Discrimination and Birth Outcome Disparities, 19972017 formerly
Anti-Muslim Discrimination and Birth Outcome Disparities, 19972015",CDPH: Health Information Research Section: California Comprehensive Birth data files,6/24/2020,
2020-134-UC Berkeley,SB-13 (Information Practices Act),NEW,"Jeffrey Klausner, MD","University of California, Los Angeles",Estimating Risks of COVID19 Exposure Factors Across Time Periods of the Epidemic,CDPH: California Reportable Disease Information Exchange,6/26/2020,
2020-095-UC Berkeley,Common rule only,NEW,"Catherine Metayer, MD, PhD","University of California, Berkeley",Per- and Polyfluoroalkyl Substances (PFAS) and Risk of Testicular Germ Cell Tumors (TGCT) in Adolescent and Young Adult Males,"CDPH: California Cancer Registry (CCR), Genetic Disease Screening Program (GDSP) and Center for Health Statistics and Informatics (CHSI)",4/30/2020,6/16/2020
2019-155-CalPERS,SB-13 (Information Practices Act),CR,"Joanne Graham, PhD, RDN",California Public Employees Retirement System (CalPERS),Findings From a Commercial Accountable Care Organization Patient Experience Survey,,6/22/2020,
13-02-1096-CONVERSION,SB-13 (Information Practices Act),CR,"Kimberly Gregory, MD, MPH",,What About Mom? Using Administrative Data to Develop Measures for Monitoring Healthcare Quality in Pregnancy and Childbirth,OSHPD: PDD data for years 2010-2012,3/6/2020,3/6/2020
16-01-2387-CONVERSION,SB-13 (Information Practices Act),CR,"Michael Sise, MD",Scripps Mercy Hospital,Outcomes and Trends in Traumatic Injury and Surgical Critical Care,"OSHPD: PDD nonpublic data 2007-2014 inclusive. Variables are listed in the attachment (AB 2876 Request for Nonpublic Patient Level Data, Specification and Justification for Patient Discharge Data)",2/19/2020,2/24/2020
2018-146-Ohio State University,SB-13 (Information Practices Act),AMD,"Adrian Diaz, MD, MPH",Ohio State University ,Potential Impact of Policy on Surgical Patients:  A Population Level Analysis of Surgical Service Areas,,2/21/2020,
2019-124-UC San Francisco,Common rule/Human subjects,AMD,"Megumi Okumura, MD MAS","University of California, San Francisco",California Children's Services/Whole Child Model Program Evaluation,"OSHPD: Emergency Department Data and Patient Discharge Data
DHCS: CCS Claims and client files from the Management Information System / Decision, Support System (MIS/DSS ), Appeals and grievances and Fair Hearings data, CMS Net system",1/14/2020,1/27/2020
17-04-2955-CONVERSION,Common rule only,CR,"James Mills, MD, MS",National Institutes of Health,Birth Defects Whole Exome Sequencing,CDPH: California Biobank and include newborn bloodspots,5/7/2020,5/7/2020
12-12-0962-CONVERSION,Death data only,CR,"David Glassmire, PhD",California DSH,"The Utility of the Minnesota Multiphasic Personality Inventory-2, Minnesota Multiphasic Personality Inventory-2 Reconstructive Form, and Personality Assessment Inventory in a State Psychiatric Hospital",DSH: psychological testing data and information from treatment charts f,1/2/2020,2/7/2020
2018-078-University of Michigan,SB-13 (Information Practices Act),CR,"Brahmajee Nallamothu, MD",University of Michigan,Variations in Early Do Not Resuscitate (DNR) Orders,OSHPD: PDD,5/5/2020,5/5/2020
2020-073-CalPoly San Luis Obispo,SB-13 (Information Practices Act),NEW,"Bo Zhu,",American Institute for Research,"Collaborative Research: A Study of the Impact of Pre-Service Teacher Research Experience on Effectiveness, Persistence, and Retention",,4/17/2020,6/16/2020
2018-105-University of North Carolina,SB-13 (Information Practices Act),CR,"Martin Andersen, PhD MPH","University of North Carolina, Chapel Hill",How Friendly are Baby Friendly Hospitals?,OSHPD: Linked PDD/ED/AS/Birth Data,5/8/2020,5/8/2020
2017-050-UC Berkeley,SB-13 (Information Practices Act),AMD,"Jesse Rothstein, PhD","University of California, Berkeley",Increasing the Take-Up of Cal Grant Awards Through Improved Notification Letters,,5/29/2020,6/1/2020
2020-037-UC Davis,Common rule/Human subjects,NEW,"Luis Carvajal-Carmona, PhD",,Development of a Research Infrastructure for Understanding and Addressing Multiple Myeloma Disparities,CDPH: California Cancer Registry,2/25/2020,6/12/2020
12-10-0819-CONVERSION,Common rule/Human subjects,AMD,"Paula Braveman, MD, MPH","University of California, San Francisco",Maternal and Infant Health Assessment (MIHA),"CDPH: Birth Statistical Master Files, January - December",1/23/2020,2/18/2020
16-08-2685-CONVERSION,SB-13 (Information Practices Act),CR,"Alexandra Hill,","University of California, Davis",Heat-Related Illnesses Among California Agricultural Workers,OSHPD: Patient Discharge Data (PDD) and Emergency Department (ED) Data for years 2013-2015,1/10/2020,2/10/2020
16-09-2700-CONVERSION,SB-13 (Information Practices Act),FIN,"Veronica Pear, MPH","University of California, Davis",Epidemiology of Firearm-Related Injury in California,"OSHPD; Patient Discharge Data, Emergency Department Data, Linked PDD and VS-DSMF, Linked EDD and VS-DSMF",4/29/2020,6/5/2020
15-06-2069-CONVERSION,SB-13 (Information Practices Act),AMD,"E. David Zepeda, PhD",Boston University,Effects of Uncertainty on Patient Care,OSHPD: Nonpublic Patient Level Data (IPA) Patient Discharge Data (PDD) for 2010 - 2014,2/14/2020,2/14/2020
12-06-0389-CONVERSION,Common rule only,CR,"Lorraine Kelley-Quon, MD, MSHS, FAAP",Children's Hospital of Los Angeles,Mortality and Morbidity Predictors of Neonates with Surgical Conditions:  Health Services Research Using Linked Patient Discharge Data/Cohort File of OSHPD Database,"OSHPD: PDD (2006-2011), PDD/Linked Death (2006-2010) and PDD/ LinkedBirth (2006-2010) data, ED Data 2005-2011, Ambulatory Surgery Data 2005-2011",6/23/2020,
15-04-1992-CONVERSION,Common rule/Human subjects,AMD,"Shu-Hong Zhu, PhD","University of California, San Diego",California Student Tobacco Survey,,2/27/2020,3/4/2020
2019-159-UC San Francisco,Common rule/Human subjects,CR,"Margot Kushel, MD","University of California, San Francisco",Evaluation of Home Safe Pilot Program,,6/22/2020,
2019-066-UC San Francisco,Common rule only,CR,"Michael Alvarado, MD","University of California, San Francisco",Comparison of Survival After Lumpectomy with Radiation Versus Lumpectomy Alone for Early Stage Invasive Breast Cancer,CDPH: CCR,3/5/2020,3/5/2020
15-05-2035-CONVERSION,Death data only,CR,"Kayuet Liu, PhD","University of California, Los Angeles","Mortality Differentials Among Native Born, Documented and Undocumented Immigrants  from Mexico in California, 19702013",CDPH: Death Statistical Master Files,6/23/2020,
15-06-2058-CONVERSION,Common rule only,CR,"Nirali Bhatt, MD",University of Pennsylvania,Systemic Immunosuppressive Therapy for Eye Diseases Cohort Study (SITE),CDPH: Cancer registry 1995 onwards,5/12/2020,5/15/2020
17-06-3006-CONVERSION,SB-13 (Information Practices Act),CR,"Sandrah Eckel, PhD",University of Southern California,Air Pollution Exposure and Cancer Survival in California,CDPH: Data will be used from the California Cancer Registry,6/19/2020,
12-04-0065-CONVERSION,Death data only,CR,"David Glassmire, PhD",California DSH,The Utility of the MacArthur Competency Assessment Tool-Criminal Adjudication in a Forensic Inpatient Setting,DSH,4/27/2020,4/27/2020
17-04-2926-CONVERSION,SB-13 (Information Practices Act),CR,"Soo-Jeong Lee, RN, PhD","University of California, San Francisco",The Impact of Safe Patient Handling Legislation on Musculoskeletal Disorders Among California Health Care Workers,DIR: Workers' Compensation Information System (WCIS),5/5/2020,6/5/2020
2019-173-UC San Francisco,Common rule/Human subjects,AMD,"Elizabeth Mertz, PhD","University of California, San Francisco",Assessing Dental Care Access for Adult Medi-Cal Members in California,DHCS: Medi-Cal dental clims data and Dental provider enrollment data,6/23/2020,6/29/2020
12-05-0269-CONVERSION,SB-13 (Information Practices Act),CR,"Beate Ritz, MD, PhD","University of California, Los Angeles",The Influence of Air Pollution in the Los Angeles Metropolitan Area on the Occurrence of Birth Defects,"CDPH: Health Information and Research Section: Birth Statistical Master Files
California Birth Defects Monitoring Program (CBDMP): Birth defects registry data",4/20/2020,6/8/2020
17-06-3020-CONVERSION,Common Rule/Human Subjects,AMD,"Nerissa Wu, PhD",CDPH,California Regional Exposure (CARE) Study,,1/17/2020,1/22/2020
16-03-2490-CONVERSION,Common rule only,CR,"Juan Yang, PhD",CDPH,Prenatal and Newborn Screening Testing Results in Prediction of Childhood Cancer,CDPH: Prenatal and Newborn Screening testing results,5/11/2020,5/11/2020
2018-272-Stanford University,SB-13 (Information Practices Act),CR,"Mark Duggan, PhD",Stanford University,San Diego Homelessness Program Evaluation Project,,2/26/2020,2/27/2020
12-10-0861-CONVERSION,Common rule only,AMD,"Beate Ritz, MD, PhD","University of California, Los Angeles",Evaluating the Effects of Exposure to Air Pollution on REPerse Birth Outcomes in Southern California,"CDPH: Health Information and Research Section: Birth and Death Statistical Master Files: 1983-2011
DDS: Client Master File (CMF) and Client Development Evaluation Report (CDER): 1997-2009
CDPH: Neighborhood level fast food restaurant data: 1990-2009",1/15/2020,1/16/2020
2020-017-CDPH,,DTM,"Kristin Cummings, MD, MPH",CDPH,Enhanced Surveillance for Occupational Contributors to Mesothelioma in California,,1/31/2020,2/7/2020
12-04-0097-CONVERSION,Common rule only,CR,"Esther John, PhD",Stanford University,Molecular Pathoepidemiology of Contralateral Breast Cancer,"CDPH: Case listings for Region 3 , Greater Sacramento Area, and Region 9, Los Angeles county, are provided by The California Cancer Registry (CCR).  In Northern California case listings for Regions 1 & 8 are provided by The Greater Bay Area Cancer Registry (GBACR). ",4/28/2020,4/28/2020
2018-266-ACDPH,Common rule/Human subjects,AMD,"Amit Chitnis, MD, MPH",Alameda County Government Office,Implementation of Video-Directly Observed Therapy for Monitoring of Tuberculosis in the United States,CDPH: Alameda County Community Health Activities and Referral Tracking System and California Reportable Disease Information System Exchange,6/2/2020,6/23/2020
13-01-1041-CONVERSION,Common rule/Human subjects,AMD,"Susan Buchbinder, MD",San Francisco Department of Public Heath,Epidemiologic Study of the Natural History of HIV,,2/21/2020,2/21/2020
12-06-0455-CONVERSION,Common rule/Human subjects,AMD,"Saad Omer, MBBS, MPH, PhD",Yale University,Evaluation of the Association between Geographic Distribution and Clustering of Exemptions and Outbreak of Vaccine Preventable Diseases,CDPH,4/15/2020,
2017-013-Other,Common rule/Human subjects,REP,"Cheryl Grills, PhD",Loyola Marymount University,"The California Reducing Disparities Project  Phase II, Statewide Evaluation",,5/5/2020,6/5/2020
14-08-1683-CONVERSION,Common rule/Human subjects,AMD,"Christopher Haiman, ScD",University of Southern California,Genetic Studies of Prostate Cancer in African American Men,CDPH: Cancer Surveillance Program,2/12/2020,4/2/2020
12-04-0120-CONVERSION,SB-13 (Information Practices Act),CR,"Caroline Tanner, MD, PhD","University of California, San Francisco",California Parkinsons Disease Registry Pilot Project Research:  Dataset Linkage to Assess Registry Validity and Feasibility of Exploratory Research into Environmental Toxicant Exposures and Patterns of Care,"DPR: California Pesticide Use Report and California Department of Water land use maps
California Environmental Health Tracking Program (CEHTP) Agricultural Pesticide Linkage Service
CHP: CEHTP Traffic Linkage Service  
EPA: National Air Toxics Assessment database
CDPH: California Drinking Water Contaminants 
EPA: Toxic Release Inventory
CHP: CEHTP Geocoding Service
United States Census data on population size and characteristics (publicly available data only)
OSHPD: statewide and county data on health care services and distribution (publicly available data only)",5/4/2020,6/5/2020
2020-077-University of Texas,Common rule only,NEW,"Anna Tavakkoli, MD",,Racial Disparities in the Incidence of Gastric Cancer in Young Hispanics: A Population-Based Study in Texas and California,CDPH: CCR,4/21/2020,5/11/2020
17-04-2952-CONVERSION,Common rule/Human subjects,CR,"Gary Shaw, DrPH",Stanford University,Birth Defects Study to Evaluate Pregnancy Exposures  Online Questionnaires:  California Component,CDPH: BD-STEPS project,4/20/2020,6/8/2020
2020-113-UC Irvine,Common rule/Human subjects,NEW,"Michael A Hoyt, PhD",Hunter College,A Biobehavioral Intervention to Reduce REPerse Outcomes in Young Adult Testicular Cancer Survivors,CDPH: CCR,5/11/2020,
2020-021-MCC,,DTM,"Anna Giuliano, PhD",,Evaluating Healthcare Effectiveness Data and Information Set (HEDIS) and State Immunization Information Systems (IIS) for Monitoring Adolescent HPV Vaccination Rates,,2/3/2020,4/3/2020
12-06-0320-CONVERSION,SB-13 (Information Practices Act),AMD,"Peter Bearman, PhD",Columbia University,"The Prevalence of Autism in California:  Prenatal, Parental, Social and Environmental Risk Factors","DDS: Client Development Evaluation Report and Client Master Files
CDPH: Birth Statistical Master Files",6/23/2020,6/26/2020
2017-116-DOJ,SB-13 (Information Practices Act),AMD,"Danielle Kaeble, MS",United States Department of Justice,National Corrections Reporting Program,CDCR: CDCR Offender Management System.,2/14/2020,2/14/2020
12-06-0326-CONVERSION,Common rule/Human subjects,AMD,"Lisa Oakes, PhD","University of California, Davis",The Development of Object Representation in Infancy,CDPH: Vital Statistics Data Files (Birth Statistical Master Files and Fetal Death Statistical Master Files),2/11/2020,4/6/2020
2020-138-CDPH,Common rule only,NEW,"Sumi Hoshiko, MPH",CDPH,Public Health Effects of Increased Prescribed Burns for Wildfire Management,"CDPH: Comprehensive Death files 
OSHPD: Non-public PD and EDD",6/29/2020,
2019-126-UC Berkeley,Common rule only,CR,"Jesse Rothstein, PhD","University of California, Berkeley",Improving Outcomes for High Utilizers of Mental Health and Homelessness Services,,4/24/2020,6/8/2020
2018-119-University of Southern California,Common rule only,AMD,"Joseph Wiemels, PhD",University of Southern California,Perinatal Immune Development and Risk of Childhood Acute Lymphoblastic Leukemia,"CDPH: GDSP
CDPH: CCR",5/4/2020,5/7/2020
2019-272-Public Health Institute,Common rule/Human subjects,AMD,"Andrew Herring,",Public Health Institute,The California Bridge Program Research Study,"DHCS: California Outcomes Measurement System, Drug Medi-Cal Claims and Manage Care / Fee for Service Claims",5/5/2020,5/5/2020
2019-121-University of North Carolina,"SB-13 (Information Practices Act), Common rule only",CR,"Anand Bhatia, BS, MEng","University of North Carolina, Chapel Hill",Measuring the Impact of Service Variety on Patient Hospital Selection,OSHPD: Nonpublic Patient Level Data (IPA),4/22/2020,6/8/2020
13-02-1115-CONVERSION,Common rule/Human subjects,CR,"Patricia Ganz, MD","University of California, Los Angeles",Cognitive Function After Breast Cancer Treatment,,2/19/2020,2/20/2020
14-12-1829-CONVERSION,Common rule/Human subjects,AMD,"Lauren Whetstone, PhD",CDPH,Champions for Change Media Campaign Evaluation,,4/23/2020,4/23/2020
12-04-0165-CONVERSION,SB-13 (Information Practices Act),AMD,"Alpa Patel, PhD",American Cancer Society,Cancer Prevention Study-II (CPS-II):  Registry Linkage with the California Cancer Registry,CDPH: California Cancer Registry,6/23/2020,6/23/2020
2020-042-CDPH,,DTM,"Ann Nakamura, MPH",,Population-Based Estimation of the Pre-Exposure Prophylaxis Assistance Program (PrEP-AP) and PrEP-AP for Minors Target Population Size Using 2017 and 2018 California Health Interview Survey (CHIS) Data,,2/28/2020,4/3/2020
15-01-1844-CONVERSION,Death data only,CR,"Beth Karlan, MD","University of California, Los Angeles",Continuation of Follow-Up of Diethylstilbestrol DES)-Exposed Cohort,CDPH: Data will be used from the California Cancer Registry from the Los Angeles Cancer Surveillance Program,2/19/2020,2/25/2020
2020-007-University of Utah,Common rule only,NEW,"N. Clay Mann, PhD, MS, MBA",University of Utah,"A Multi-State Evaluation of Emergency Department Pediatric Readiness: Guideline Uptake and Association with Quality, Outcomes, and Cost","OSHPD: OHS-ISD-513-Variables-PDD-GRID
OSHPD: OSH-ISD-514_EDAS-GRID
OSHPD: OSH-ISD-518-Variables_linked-Death-PDD-Grid
OSHPD: OSH-ISD-519-Variables-Linked-Death-EDAS-Grid
CDPH: Vital Statistics Static CCDF",1/7/2020,5/4/2020
2017-013-Other,Common rule/Human subjects,AMD,"Cheryl Grills, PhD",Loyola Marymount University,"The California Reducing Disparities Project  Phase II, Statewide Evaluation",,2/21/2020,2/26/2020
12-12-1016-CONVERSION,Common rule only,AMD,"Mark Mather, PhD",Population Reference Bureau,Tracking the Well-Being of Children in California,CDPH: 2014 and 2015 Birth Statistical Master Files (without personal identifiers) and 2014 and 2015 Death Statistical Master Files  (without personal identifiers),4/20/2020,4/20/2020
15-07-2113-CONVERSION,Death data only,CR,"Xuguang Tao, MD, Ph.D.",Johns Hopkins Medicine,Study of Expanded Population of Radiation Workers in Shipyards,"CDPH Vital Records, Death Records",6/18/2020,
2019-176-UC San Francisco,Common rule/Human subjects,AMD,"Scarlett L Gomez, PhD","University of California, San Francisco","The Patient Cancer OUtreach, Navigation, Technology and Support (Patient COUNTS) Project:Addressing Care for Asian Americans with Cancer",CDPH: Greater Bay Area Cancer Registry,5/26/2020,6/17/2020
12-12-0966-CONVERSION,Common rule only,CR,"Raquel Velazquez-Kronen, PhD",,Flight Attendants Health Study,"CDPH: California Cancer Registry
CDPH: Death certificates",3/5/2020,3/5/2020
12-08-0622-CONVERSION,Common rule only,CR,"Harlan Krumholz, MD",Yale University,Medicare Health Plan (Medicare REPantage) Versus Fee-for-Service Outcomes Analysis,"OSHPD: patient discharge data 
CDPH: Vital Statistics death data also routinely collected by the CDPH",5/20/2020,5/20/2020
12-12-0988-CONVERSION,Common rule/Human subjects,CR,"Yvonne Cheng, MD, PhD",Ohio State University ,"The Association Between Gestational Age at Delivery, Race/Ethnicity, Hospital Characteristics, and Perinatal Outcomes","OSHPD: Linked PDD/ED/AS/Birth Cohort Data, 1991-2012",2/19/2020,2/20/2020
15-06-2068-CONVERSION,Common rule/Human subjects,CR,"Mary Norton, MD","University of California, San Francisco",Single Nucleotide Polymorphism-Based Microdeletion and Aneuploidy RegisTry (SMART),CDPH: Newborn Screening Program,6/23/2020,
2018-074-CSU Fullerton,Death data only,CR,"Deborah Diep,",,2018 Orange County Projections,CDPH: VS-birth/death data,3/9/2020,3/9/2020
17-03-2906-CONVERSION,SB-13 (Information Practices Act),CR,"Laurel Kaufer, JD",Prison of Peace,Prison of Peace Regular Program Evaluation,CDCR,2/19/2020,2/25/2020
16-10-2759-CONVERSION,SB-13 (Information Practices Act),CR,"Anura Ratnasiri, MSc",California DHCS,"Trends and Determinants of Poor Births Outcomes and Infant Mortality in California, 2005-2016:  Significance of Smoking and Prepregnancy Obesity",CDPH,6/26/2020,
2019-015-Temple University,Common rule only,CR,"Thanh Lu, PhD",Temple University,Effect of Behavioral Health Treatment Access and Public Policies Targeting Behavioral Health on the Use of Emergency Department and Inpatient Medical Care,"OSHPD: PDD
OSHPD: EDD",2/21/2020,2/23/2020
16-06-2606-CONVERSION,Common rule/Human subjects,CR,"Carol Sakala, PhD, MSPH",National Partnership for Women and Families,Listening to Mothers in California Survey,"CDPH: Birth Statistical Master Files, September-December 2016; 2. CDPH: Genetic Disease Screening Program Newborn Screening Database, 3. DHCS: MIS/DSS Warehouse",6/26/2020,
2019-269-University of Southern California,Common rule/Human subjects,AMD,"Joel Milam, PhD",University of Southern California,Project Milestones: Young Adult Cancer Survivorship,CDPH: California Cancer Registry,5/8/2020,5/8/2020
12-06-0294-CONVERSION,SB-13 (Information Practices Act),CR,"Scott A Lorch, MD, MSCE",Children's Hospital of Philadelphia,Impact of Obstetric Unit FINs on Pregnancy Outcomes,OSHPD,6/22/2020,
2020-133-Other,,DTM,"Christina Collosi, M.Ed.",,Quality Counts California Data,,6/26/2020,
12-04-0103-CONVERSION,Common rule/Human subjects,CR,"Susan Rivera, PhD","University of California, Davis",Visual Processing and Later Cognitive Effects in Infants with Fragile X Syndrome,,4/22/2020,6/8/2020
12-09-0720-CONVERSION,Common rule only,CR,"Craig Pollack, MD, MHS",Johns Hopkins Medicine,Comparative Effectiveness of Moving to a Low- Versus Remaining in a High-Poverty Neighborhood for Health Care Utilization and Costs of Care,"OSHPD: Patient Discharge Data (from 1995-1997), Ambulatory Surgery Center Data and Emergency Department Data",6/19/2020,
15-02-1879-CONVERSION,Common rule/Human subjects,CR,"Ulrike Boehmer, PhD",,Variations in Needs after Colorectal Cancer Diagnosis,CDPH: California Cancer Registry,2/19/2020,2/24/2020
2019-171-KP,Death data only,AMD,"Elizabeth McGlynn, PhD",Kaiser Permanente,Estimating Healthy Life Years Among Kaiser Permanente Members and Kaiser Permanente Communities,"CDPH: DSMF
CDPH: CCMDF
CDPH: CCDF Static
CDPH: Multiple Cause of Death",2/24/2020,2/25/2020
13-01-1066-CONVERSION,Common rule only,CR,"Gary Shaw, DrPH",Stanford University,"Candidate Genes, Biologic Markers, and Severe Mental Retardation:  Regional Center Record Review and Bloodspot Analysis",CDPH,2/19/2020,2/24/2020
2018-259-UCLA,Common rule/Human subjects,AMD,"Terrie Ahn, MD","University of California, Los Angeles",Newborn  Kappa-Deleting Recombination Excision Circles (KREC) Screening,CDPH: California Biobank Program,5/19/2020,5/22/2020
12-04-0157-CONVERSION,SB-13 (Information Practices Act),AMD,"Jeffrey Gould, MD, MPH",Stanford University,The California Maternal Data Center:  Establishing a Statewide Data Center for Use in Rapid-Cycle Maternity Care Improvement Projects,"OSHPD: Patient Discharge Data (PDD) Non-Public Patient Level Data
CDPH: Birth Statistical Master Files (Special Runs)
CDPH: Fetal Death Statistical Master Files (Special Run)",5/1/2020,5/4/2020
12-04-0062-CONVERSION,Common rule/Human subjects,CR,"Myrto Petreas, PhD",California Department of Toxic Substances Control,Pilot Study to Test Laboratory Components of the California Environmental Contaminant Biomonitoring Program,,4/30/2020,4/30/2020
17-01-2836-CONVERSION,Common rule/Human subjects,FIN,"Paul English, PhD, MPH",CDPH,Youth Environmental Health Leadership Academy and Air Monitor Sustainability,,3/16/2020,4/3/2020
2018-182-CDPH,Common rule only,CR,"Martin Kharrazi, PhD",CDPH,Cystic Fibrosis Transmembrane Conductance Regulator Gene-Related Asthma,"CDPH: Newborn screening and linked birth certificate data
DHCS: Medi-Cal eligibility and claims data",6/23/2020,
2019-032-University of Southern California,Common rule/Human subjects,CR,"Grace Baranek, PhD",University of Southern California,Southern California Child Development Survey (SoCal CDS),,2/26/2020,2/26/2020
2019-176-UC San Francisco,Common rule/Human subjects,AMD,"Scarlett L Gomez, PhD","University of California, San Francisco","The Patient Cancer OUtreach, Navigation, Technology and Support (Patient COUNTS) Project:Addressing Care for Asian Americans with Cancer",CDPH: Greater Bay Area Cancer Registry,4/30/2020,5/4/2020
2018-169-DSH,Common rule/Human subjects,CR,"Renee Mack, MA, MSW, PhDc","University of California, Berkeley",Evaluating Treatment Programming and Satisfaction with Services at a State Psychiatric Hospital,DSH: Patient Satisfaction Survey and WaRMSS,6/19/2020,
2019-013-Sutter Health,SB-13 (Information Practices Act),AMD,"Steven Cummings, MD, FACP",Sutter Health,The STRIVE Study: Breast Cancer Screening Cohort,CDPH: California Cancer Registry and Death Statistical Master File,4/27/2020,4/27/2020
2020-120-UC Berkeley,,DTM,"Seva Rodnyansky, PhD",,Sustainability and Displacement: Assessing the Spatial Pattern of Residential Moves in California's Regions,,5/28/2020,5/28/2020
12-04-0045-CONVERSION,SB-13 (Information Practices Act),CR,"Holly Hoegh, PhD",OSHPD,California Coronary Artery Bypass Graft Outcomes Reporting Program (CCORP),,5/5/2020,5/5/2020
2020-132-UC Davis,Common rule/Human subjects,NEW,"Chandni Parikh, Ph.D.",,Online Screening for Autism in the Community,CDPH: Birth certificates,6/25/2020,
13-02-1118-CONVERSION,SB-13 (Information Practices Act),CR,"Garth Utter, MD, MSc","University of California, Davis",Behavior and Driving Safety Study,OSHPD: Patient Discharge Data and Emergency Department Data (2008-2011),3/4/2020,3/4/2020
12-05-0176-CONVERSION,Common rule/Human subjects,AMD,"Ninez Ponce, PhD","University of California, Los Angeles",California Health Interview Survey,,1/31/2020,1/31/2020
2018-141-UCLA,SB-13 (Information Practices Act),CR,"Roger Detels, MD, MS","University of California, Los Angeles",The Natural History of AIDS in Homosexual Men,CDPH: California Cancer Registry,5/8/2020,5/9/2020
16-02-2445-CONVERSION,SB-13 (Information Practices Act),CR,"Erin Marcotte, PhD",University of Minnesota,Germline Genomics of Hepatoblastoma,CDPH: California Biobank Program,5/4/2020,5/5/2020
12-05-0210-CONVERSION,Common rule only,CR,"Sean Nicholson, Ph.D.",Cornell University,"Unionization, Concerted Activities and the Quality of Patient Care",OSHPD: Non-public Inpatient Hospital Discharge Data and The Linked Patient Discharge Data and Vital Statistics Death File for selected years and counties from 1983 through 2007,5/12/2020,5/13/2020
14-10-1768-CONVERSION,"Death data only, SB-13 (Information Practices Act), Common rule/Human subjects, Common rule only",CR,"Michael Yeh, MD","University of California, Los Angeles","Impact of Surgery and Adjuvant Treatment on Thyroid, Parathyroid, Adrenal, and Neuroendocrine Tumors","CDPH: California Cancer Registry
OSHPD (Patient Discharge Data; Non-Public EDD/ASCD Patient Encounter Data; Linked Patient Discharge Data & Vital Statistics Death File)",2/19/2020,2/25/2020
2018-088-UCD,Common rule/Human subjects,CR,"Irva Hertz-Picciotto, PhD","University of California, Davis",Pre-Adolescent and Late-Adolescent Follow-Up of the Childhood Autism Risks from Genetics and Environment (CHARGE) Study Children:  Childhood Autism Risks from Genetics and Environment/Environmental Influences of Childrens Health Outcomes (ReCHARGE/ECHO),CDPH: GDSP,3/3/2020,3/3/2020
2020-076-UC Berkeley,,DTM,"Omri Even-Tov, PhD","University of California, Berkeley",Can Accounting Make You Sick?: Evidence from the Municipality DisFIN Reform,,4/21/2020,6/5/2020
17-01-2843-Gary Bess Associates,SB-13 (Information Practices Act),CR,"Warren Jensen, BA",,Local Community Health Needs Assessment Data,,3/3/2020,3/4/2020
2018-071-Stanford University,SB-13 (Information Practices Act),CR,"Uchechukwu Megwalu, MD, MPH",Stanford University,Understanding Head and Neck Cancer Disparities,"CDPH: CCR
OSHPD: CCR linked data",2/19/2020,2/26/2020
13-03-1140-CONVERSION,Common rule/Human subjects,AMD,"Sheryl Williams, PhD",CDPH,"Surveillance of Human Immunodeficiency Virus Risk and Prevention Behaviors of Men Who Have Sex with Men, Injection Drug Users, and Heterosexuals:  San Diego, California",,2/13/2020,2/18/2020
17-04-2942-CONVERSION,SB-13 (Information Practices Act),CR,"Sarah Bateni, MD","University of California, Davis","Evaluation of Postoperative Complications, Cost, and Value of Surgery for Pancreatic Cancer",CDPH: California Cancer Registry,4/23/2020,6/8/2020
2020-090-UC Berkeley,Common rule only,NEW,"Omri Even-Tov, PhD","University of California, Berkeley",Can Accounting Make You Sick?: Evidence from the Municipality DisFIN Reform,OSHPD: Patient discharge data (PDD),4/27/2020,
14-12-1829-CONVERSION,Common rule/Human subjects,AMD,"Lauren Whetstone, PhD",CDPH,Champions for Change Media Campaign Evaluation,,5/21/2020,5/22/2020
13-01-1050-CONVERSION,SB-13 (Information Practices Act),CR,"Kyle Steenland,",Emory University,Mortality and Renal Disease in a Cohort Study of Lead-Exposed Workers in a Surveillance System,CDPH: Elevated Lead Visual Information System (Adult Blood Lead Registry),2/19/2020,2/24/2020
2020-086-UC San Francisco,,DTM,"Edward Machtinger, MD","University of California, San Francisco","California Statewide REPerse Childhood Experiences (ACEs) Learning Collaborative:  Developing Best Practices Training Healthcare Providers in ACEs Screening, Response and Data Collection",,4/24/2020,4/27/2020
15-05-2003-CONVERSION,Common rule/Human subjects,CR,"Pennan Barry, MD",CDPH,Evaluating the Impact of Therapeutic Drug Monitoring and Dosing Strategies of Cycloserine and Injectable Agents on the Development of REPerse Drug Events in Patients Undergoing Treatment for Multidrug Resistant Tuberculosis in California,CDPH: California TB Registry at the CDPH,2/25/2020,2/26/2020
14-03-1536-CONVERSION,SB-13 (Information Practices Act),CR,"Sujha Subramanian, PhD",Research Triangle Institute (RTI) International,"Cost of Colorectal Cancer Treatment by Stage at Diagnosis and Insurance Status (Funded by the Centers for Disease Control and Prevention, Contract #200-2008-27958)",CDPH: California Cancer Registry,4/21/2020,6/8/2020
12-04-0132-CONVERSION,Common rule only,AMD,"Karla Kerlikowske, MD","University of California, San Francisco",San Francisco Mammography Registry:  A Research Resource,"CDPH: California Cancer Registry, Death Statistical Master File",5/4/2020,5/5/2020
12-09-0732-CONVERSION,Common rule only,AMD,"Peggy Reynolds, PhD",Cancer Prevention Institute of California,Persistent Organic Pollutants and Breast Cancer Risk:  Chemicals Old and New,CDPH: California Live Birth Certificate Files and California State and County Marriage Files,2/12/2020,2/12/2020
2018-167-UCD,Common rule only,AMD,"Mary Claire Manske, MD",Shriners Hospitals for  Children Northern California,Maternal and Prenatal Risk Factors for Brachial Plexus Birth Palsy,OSHPD: Linked PDD/ED/AS/Birth Cohort Data,1/21/2020,1/29/2020
2019-025-UC San Diego,Common rule only,AMD,"Christina Chambers, PhD, MPH","University of California, San Diego",San Diego Study of Outcomes in Mother and Infants (SOMI),"CDPH: Birth certificate files, Fetal death certificate files, California Birth Defect Monitoring Program data, Death certificate files and Birth cohort files
OSHPD: Birth cohort files, PDD, EDD and ASD",2/12/2020,4/28/2020
13-03-1143-CONVERSION,"Death data only, SB-13 (Information Practices Act)",CR,"Esther John, PhD",Stanford University,California Cancer Registry Linkage with the Northern California Breast Cancer Family Registry Cohort,CDPH: California Cancer Registry (CCR) database,4/28/2020,4/29/2020
12-04-0119-CONVERSION,"SB-13 (Information Practices Act), Common rule/Human subjects",CR,"Pamala Kirley, MPH",California Emerging Infections Program,Evaluation of the Effectiveness of Tdap Vaccination Strategies at Preventing Infant Pertussis,CDPH: Birth and Death Statistical Master Files for 2010-2014 and Pertussis Surveillance Data - 2010-2014,5/7/2020,6/5/2020
2020-065-University of Texas,,DTM,"Anna Tavakkoli, MD",,Racial Disparities in the Incidence of Gastric Cancer in Young Hispanics: A Population-Based Study in Texas and California,,3/30/2020,4/6/2020
13-01-1056-CONVERSION,Common rule only,CR,"Alicia Gilsenan, PhD",Research Triangle Institute (RTI) International,Forteo Patient Registry,"CDPH: California Cancer Registry database, osteosarcoma cases diagnosed 2009-2024. A staff member from the CCR will perform the annual data linkage (through 2024)",3/2/2020,4/3/2020
2018-125-KP-South,Common rule/Human subjects,AMD,"Darios Getahun, MD, PhD",Kaiser Permanente,Study on the Association of Uterine Perforation and Intrauterine Device Expulsion With Breastfeeding Status at the Time of Intrauterine Device Insertion and Postpartum Timing of Intrauterine Device Insertion in Electronic Medical Record DatabasesA Postmarketing Requirement for Mirena,"CDPH: VSAC-Fetal Death Statistical Master File
CDPH: VSAC-Death Statistical Master File
CDPH: VSAC-Multiple Cause of Death File
CDPH: VSAC-Birth Statistical Master File",4/6/2020,4/6/2020
12-11-0935-CONVERSION,Common rule/Human subjects,CR,"Tanya Libby, MPH",California Emerging Infections Program,Foodborne Diseases Active Surveillance Network: Population Survey,,1/2/2020,2/7/2020
2018-123-UCLA,Common rule/Human subjects,CR,"Patricia Ganz, MD","University of California, Los Angeles",Improving Outcomes for Younger Breast Cancer Survivors:  A Phase III Randomized Trial Targeting Behavioral Symptoms in Younger Breast Cancer Survivors  The Pathways to Wellness (PTW) Study,CDPH: CCR,4/22/2020,6/8/2020
12-05-0176-CONVERSION,Common rule/Human subjects,AMD,"Ninez Ponce, PhD","University of California, Los Angeles",California Health Interview Survey,,6/15/2020,6/23/2020
2020-015-CDPH,,DTM,"Brenda V Faw, BS",CDPH,"Environment, Health and Safety (EHS)-Net Restaurant Employee Health Policy Study",,1/28/2020,4/3/2020
2018-247-Patton State Hospital,Common rule only,AMD,"David Glassmire, PhD",California DSH,Utility of Performance Validity Indicators in a Forensic Psychiatric Setting,,4/24/2020,4/24/2020
15-04-2000-CONVERSION,Common rule/Human subjects,CR,"Julia Heck, PhD","University of California, Los Angeles",Latino Children's Brain Tumor Study,CDPH: California Cancer Registry,6/23/2020,
17-04-2957-UCLA,Common rule only,AMD,"Nadereh Pourat, PhD","University of California, Los Angeles",Evaluating California's Public Hospital Redesign and Incentives in Medi-Cal (PRIME) Program,,4/30/2020,5/4/2020
14-09-1720-CONVERSION,SB-13 (Information Practices Act),CR,"Atul Gupta, PhD",University of Pennsylvania,Impact of the Affordable Care Act on Hospital Care Utilization and Cost,"OSHPD: Patient discharge data IPA files
OSHPD: PDD/linked Death files (Version A)
OSHPD: Emergency Room discharge data IPA files
P2: N/A",2/19/2020,2/25/2020
14-01-1466-CONVERSION,Common rule only,AMD,"Michelle Pearl, PhD",CDPH,Life Course Social Context and Disparities in Birth Outcomes,"CDPH: Prenatal Screening (PNS) and Newborn Screening (NBS) Program data, maintained by the Genetic Disease Screening Program; and live birth and death files",1/13/2020,1/27/2020
13-02-1116-CONVERSION,Common rule/Human subjects,AMD,"Lauren Whetstone, PhD",CDPH,Champions for Healthy Change,DSS: Medi-Cal Eligibility Data System (MEDS database),2/21/2020,2/25/2020
2019-065-Brown University,Common rule only,CR,"Shuowei Qin,",Brown University,Along for the Ride:  Impacts of Air Pollution and Commuting Patterns on Birth Outcomes,CDPH: Birth Statistical Master Files,3/2/2020,3/2/2020
2020-053-UCLA,Common rule/Human subjects,NEW,"Ninez Ponce, PhD","University of California, Los Angeles",California Health Interview Survey (CHIS) Tobacco Studies,,3/9/2020,4/24/2020
2020-127-Other,,DTM,"Debra Wadford, PhD",CDPH,Assessing the Importance of Co-Infection in COVID-19 Patients and Assessment of Severe Acute Respiratory Syndrome (SARS)-CoV-2 Virus Variants Using Whole Deep Genome Sequencing,,6/18/2020,6/23/2020
2019-003-Clemson University,Common rule only,CR,"Lu Shi, PhD",Clemson University,Investigation of the Causes of Preterm Births Among Hmong Mothers Living in the United States of America (USA),CDPH: VSAC Birth data files,2/19/2020,2/25/2020
13-02-1119-CONVERSION,Common rule/Human subjects,CR,"Simona Ghetti, PhD",,Memory Processes in Childhood (Project Number:  09-08-01),CDPH: Californias Vital Statistics Data Files (birth cohort files),3/2/2020,3/3/2020
13-03-1142-CONVERSION,Common rule/Human subjects,AMD,"Scarlett L Gomez, PhD","University of California, San Francisco","The protocol title is Impact of institutional- and Individual-Level Discrimination on Medical Care and Quality of Life Among Breast Cancer Survivors.  The Lay Title of the Study, as used on Subject Forms, is Equality in Breast Cancer Care.  The lay ti",CDPH: California Cancer Registry,3/18/2020,3/20/2020
16-01-2395-CONVERSION,Death data only,CR,"Rie Sakai-Bizmark, MD, MPH, PhD",The Lundquist Institute for Biomedical Innovation,Impact of Pulse Oximetry Screening,CDPH: Death Data File,2/19/2020,3/25/2020
2019-042-NORC University of Chicago,,FIN,"Alyssa Ghirardelli, MPH",National Opinion Research Center (NORC) at University of Chicago,Covered California Health Benefit Exchange Surveys,,2/6/2020,4/3/2020
13-08-1332-CONVERSION,Common rule/Human subjects,AMD,"Amresh Hanchate, PhD",Boston University,"National Estimates for Inpatient Care, Outcomes and Hospital Effect Among Hispanics","OSHPD: Patient Discharge Data, Ambulatory Surgery Center Data, Emergency Department Data, and Linked Patient Discharge Data and Vital Statistics Death File",1/10/2020,1/13/2020
17-03-2904-CONVERSION,Common rule/Human subjects,CR,"Jennifer Skeem, PhD","University of California, Berkeley",Assessing Environmental Risk Factors of Violence in Psychiatric Hospitals,DSH,3/18/2020,3/30/2020
12-08-0644-CONVERSION,Common rule/Human subjects,CR,"Christine Borger, PhD",,"Women, Infants, and Children Infant and Toddler Feeding Practices Study2 (WIC ITFPS-2): Feeding My Baby  A National Women, Infants, and Children Study","CDPH: Integrated Statewide Information System (ISIS), where all WIC data are stored in California",4/29/2020,5/30/2020
2019-028-DHCS,Common rule only,CR,"Leah Lozier, PhD",U.S. Department of Housing and Urban Development,Evaluation of the Supportive Services Demonstration,,4/21/2020,6/5/2020
2019-080-UCLA,Common rule/Human subjects,CR,"Kathryn Kietzman, PhD, MSW",,California Health Interview Survey (CHIS) Long-Term Services and Supports Study,,3/2/2020,4/3/2020
2020-054-UC Berkeley,Common rule/Human subjects,NEW,"Lia Fernald, PhD",,Exploring Perceptions and Use of EITC in California Using a Mixed-Methods Approach,,3/9/2020,4/28/2020
