Protocol ID,Project Type,Application Type,Name,PI Organization,Project Title,Data Source,Defined,Completed
12-12-1024-CONVERSION,Common rule only,Amendment,"Sean Evans, PhD",La Sierra University,Perceptions of Staff Safety and Violence Risk Assessment Decision Making at a Forensic Psychiatric Hospital,DSH: Data was collected from surveys given to Patton State Hospital staff members.  ,4/20/2021,4/22/2021
12-05-0176-CONVERSION,Common rule/Human subjects,Amendment,"Ninez Ponce, PhD","University of California, Los Angeles",California Health Interview Survey,,5/4/2021,5/10/2021
14-11-1773-CONVERSION,SB-13 (Information Practices Act),Continuing Review,"Bernard Black, JD",Northwestern University,Impact of Health Insurance on Long-Term Health and Mortality,"OSHPD: Patient Discharge Data, Emergency Department Data, Ambulatory Surgery Center Data, Linked Patient Discharge and Death Data",4/26/2021,6/7/2021
12-05-0269-CONVERSION,Common rule only,Amendment,"Beate Ritz, MD, PhD","University of California, Los Angeles",The Influence of Air Pollution in the Los Angeles Metropolitan Area on the Occurrence of Birth Defects,"CDPH: Birth Statistical Master Files, California Birth Defects Monitoring Program (CBDMP), Birth defects registry data",4/9/2021,4/9/2021
2021-089-University of Southern California,Common rule/Human subjects,Initial Submission,"Myles Cockburn, PhD",University of Southern California,Improving the Early Diagnosis of Melanoma Among Hispanics,,5/12/2021,
2019-117-UC Berkeley,"SB-13 (Information Practices Act), Common rule only",Continuing Review,Catherine Wright,"University of California, Berkeley",The Modulating Effect of Health Insurance on Air Pollution Morbidity,"OSHPD: Patient Discharge Data (PDD), Emergency Department Data  (ED), Linked EDD and VS-DSMF, Linked EDD and VS-DSMF and Linked EDD and VS-DSMF (Version A)",4/20/2021,6/4/2021
13-03-1140-CONVERSION,Common rule/Human subjects,Amendment,"Sheryl Williams, PhD",California Department of Public Health,"Surveillance of Human Immunodeficiency Virus (HIV) Risk and Prevention Behaviors of Men Who Have Sex with Men, Injection Drug Users, and Heterosexuals:  San Diego, California",,3/9/2021,3/12/2021
2017-048-UC Berkeley,Common rule/Human subjects,Amendment,"Rosemary Castorina, PhD","University of California, Berkeley",East Bay Diesel Exposure Project,,1/6/2021,1/7/2021
2021-004-UC San Diego,SB-13 (Information Practices Act),Initial Submission,"Christopher Reid, MD","University of California, San Diego",Analysis of Surgical Outcomes Using California’s Office of Statewide Health Planning and Development (OSHPD) Database,OSHPD: Ambulatory Surgery and PDD,1/5/2021,6/4/2021
2019-130-University of Southern California,Common rule/Human subjects,Continuing Review,"Eunjung Lee, PhD",University of Southern California,"Lifestyle, Health Care, and Stomach Cancer",CDPH: California Cancer Registry,4/21/2021,6/8/2021
2018-118-University of Southern California,Common rule only,Continuing Review,"Joseph Wiemels, PhD",University of Southern California,Gene and Environment Risk Factors for Childhood Acute Leukemia Among Hispanics and Non-Hispanic Whites,,5/10/2021,6/4/2021
15-11-2299-CONVERSION,Common rule only,Continuing Review,"Sujha Subramanian, PhD",Research Triangle Institute (RTI) International,"Insurance Coverage, Employment Status, and Copayments/Deductibles Faced by Young Women Diagnosed with Breast Cancer",CDPH: Cancer Registry of Greater California,1/6/2021,2/8/2021
2021-029-University of Southern California,Common rule only,Amendment,"Juliet Emamaullee, MD, PhD",University of Southern California,Progression of Liver Disease in Patients with a History of the Fontan Procedure,"OSHPD: PDD Linked Death version A/B justification grid, EED/AS Justification grid,  PDD justification grid, Linked Death file ( Linked death-PDD justification grid) and Linked death file ( Linked death-EDAS justification grid)",6/9/2021,6/11/2021
2019-277-UC San Francisco,Common rule only,Amendment,"Hilary Seligman, MD, MAS","University of California, San Francisco",Expanding Access to Supplemental Nutrition Assistance Program (SNAP),"DHCS: Medi-Cal database
DSS: CalFresh database
OSHPD: PDD and EDD",5/10/2021,5/19/2021
2020-151-UC Berkeley,SB-13 (Information Practices Act),Amendment,"Jesse Rothstein, PhD","University of California, Berkeley",Student Supports: Eligibility and Take-Up of Safety Net and Financial Aid Programs Among College Students,DSS: Medi-Cal Eligibility Data System,1/5/2021,1/12/2021
2021-048-DSH,Common rule only,Initial Submission,"Maria Ventura, PhD",California Department of State Hospitals,COVID-19 Testing in State Psychiatric Hospitals,"DSH: COVID-19 Tracking System, Enterprise Health and Antigen Testing Log",3/8/2021,4/8/2021
16-12-2818-CONVERSION,SB-13 (Information Practices Act),Continuing Review,Alexandra Steiny,"University of California, Berkeley",Determinants of Job Performance,OSHPD: Patient Discharge Data (PDD) and PDD linked to the Vital Statistics Death Statistical Master File (VS-DSMF),3/1/2021,4/6/2021
2021-015-UC Berkeley,Common rule only,Initial Submission,Yu-Ling Chang,"University of California, Berkeley",Racial Equity in the Temporary Assistance for Needy Families (TANF) Service Delivery Path to Family Stability and Self-Sufficiency,"CDSS: Research Development Enterprise Project (RADEP), Welfare Data Tracking Implementation Project (WDTIP), Medi-Cal Eligibility Data System (MEDS), WTW25 & 25A: Welfare-to-Work Activity, CW115 & 115A: Child Care, CA237: CalWORKs Cash Grant Caseload Movement Report, ABCD350: Annual Recipient Report and CalWORKs Outcomes and Accountability Review (Cal-OAR)",1/6/2021,4/2/2021
2021-071-Boston University,"SB-13 (Information Practices Act), Common rule only",Initial Submission,"Ankita Shirahatti, PhD in Operations Management",,Evaluating the Effectiveness of Cost Sharing Among Healthcare Providers in Response to Mandated Homeless Discharge Planning Policies,OSHPD: Patient Discharge Data and Probabilistic Linked Death Data,4/21/2021,
14-12-1829-CONVERSION,Common rule/Human subjects,Amendment,"Lauren Whetstone, PhD",California Department of Public Health,Champions for Change Media Campaign Evaluation,,6/29/2021,6/30/2021
2021-046-UCD,Death data only,Initial Submission,"Peter Yellowlees, MBBS, MD","University of California, Davis",Analysis of Physician Causes of Death in California,,3/5/2021,4/21/2021
2021-020-California Department of Public Health,Common rule/Human subjects,Initial Submission,"Olivia Arizmendi, PhD, MPH",California Department of Public Health,COVID-19-Focused Survey and Serosurvey Study in Selected Regions of the US-Mexico Border,,1/8/2021,2/24/2022
15-04-1992-CONVERSION,Common rule/Human subjects,Continuing Review,"Shu-Hong Zhu, PhD","University of California, San Diego",California Student Tobacco Survey,,5/7/2021,6/7/2021
2019-174-Keck School of Medicine,Common rule only,Continuing Review,"Sonali Saluja, MD, MPH",University of Southern California,Hospital Payer and Racial/Ethnic Mix at Hospitals in California,DHCS: PDD,6/11/2021,
17-05-2964-CONVERSION,Common rule only,Continuing Review,"Michael Pergamit, PhD",Urban Institute,Phase II Evaluation Activities for Implementing a Next Generation Evaluation Agenda for the Chafee Foster Care Independence Program,CDSS: Child Welfare Services / Case Management System; California Student Aid Commission (CSAC) Chafee ETV data (to be transmitted via CDSS),4/21/2021,6/7/2021
2021-018-California Department of Public Health,,Exempt/NHSR Submission,"Rose Glenn-Finer, MPH",California Department of Public Health,Examining the Long Term Disease Outcomes of Infants Following Perinatal Hepatitis B Infection,,1/7/2021,1/11/2021
16-05-2551-CONVERSION,SB-13 (Information Practices Act),Continuing Review,Mary Prichard,Los Angeles Unified School District ,"Using Los Angeles Unified School District Population and Enrollment Projections for Research, Analysis, and Planning",CDPH: Birth Statistical Master File (BSMF),2/25/2021,4/6/2021
12-04-0096-CONVERSION,Common rule/Human subjects,Continuing Review,"Robert Shavelle, PhD, FAACPDM",Life Expectancy,Proposal to Continue Research on the Developmentally Disabled,"DDS: Client Master File (CMF), Client Development Evaluation Report Master File (CDER), and EarlyStart (ERLYST)
CDPH: Death Data Files, Vital Statistics Death Files for the years 1980 to the present",4/23/2021,4/23/2021
2018-041-CPIC,SB-13 (Information Practices Act),Continuing Review,"Salma Shariff-Marco, PhD, MPH","University of California, San Francisco",Impact of Neighborhoods and Navigation on Survivorship,,1/14/2021,2/8/2021
12-05-0176-CONVERSION,Common rule/Human subjects,Amendment,"Ninez Ponce, PhD","University of California, Los Angeles",California Health Interview Survey,,1/25/2021,1/26/2021
2021-127-UC Davis,Common rule only,Initial Submission,"Brittany Morgan, MPH, PhD Student",,Understanding Disparities in Methicillin Resistant Staphylococcus Aureus Infections in California,OSHPD: EDD,6/30/2021,
15-10-2249-CONVERSION,SB-13 (Information Practices Act),Amendment,"Susan Paulukonis, MA, MPH",California Department of Public Health,Sickle Cell Disease Longitudinal Data Collection,"CDPH: Death Statistical Master Files, Newborn Screening SCD Cases
OSHPD: Patient Discharge Data, Emergency Department Data
DHCS: Medi-Cal Claims Data for SCD Cases, Medi-Cal Eligibility Files for SCD Cases",2/17/2021,2/19/2021
2018-125-KP-South,Common rule/Human subjects,Amendment,"Darios Getahun, MD, PhD",Kaiser Permanente,Study on the Association of Uterine Perforation and Intrauterine Device Expulsion with Breastfeeding Status at the Time of Intrauterine Device Insertion and Postpartum Timing of Intrauterine Device Insertion in Electronic Medical Record Databases—A Postmarketing Requirement for Mirena,"CDPH: VSAC-Fetal Death Statistical Master File, VSAC-Death Statistical Master File, VSAC-Multiple Cause of Death File and VSAC-Birth Statistical Master File",2/22/2021,2/22/2021
15-02-1869-CONVERSION,SB-13 (Information Practices Act),Amendment,"Anuj Mehta, MD","University of Colorado, Denver",Long-Term Outcomes for Tracheostomy,"OSHPD: Patient Discharge Data Years 2010-most recent year available, Linked Patient Discharge Data and Vital Statistics Death File Years 2010-Most recent year available",3/2/2021,3/12/2021
16-06-2577-CONVERSION,SB-13 (Information Practices Act),Continuing Review,"Stephen Henry, MD, MSc","University of California, Davis",Developing a Patient-Level Risk Prediction Model for Prescription Opioid Overdose and Death,"CDPH: California Comprehensive Death file with the multiple cause of death file. 
OSHPD:  PDD, EDD, ASD, linked Patient Discharge-Death data, linked Emergency Department-Death data, and linked Ambulatory Surgery-Death data.
DOJ: CURES 2.0 (Controlled Substance Utilization Review and Evaluation
System)",3/8/2021,4/6/2021
17-05-2982-CONVERSION,Common rule only,Continuing Review,"John Coie, PhD",Duke University,Reduction of Recidivism Through Neurofeedback Training,,4/21/2021,6/8/2021
12-04-0064-CONVERSION,Common rule only,Continuing Review,"Philip Hopewell, MD","University of California, San Francisco","Effect of Drug Resistance on Transmissibility
and Pathogenicity of Mycobacterium Tuberculosis","CDPH: Tuberculosis Control Branch & participating Local Health Jurisdictions, Microbials Diseases Laboratory ",5/10/2021,6/7/2021
2021-075-UC San Francisco,Common rule only,Initial Submission,"Benjamin Breyer, MD, MAS, FACS",,Epidemiology and Healthcare Utilization Among Those Living with Urinary Incontinence in California,"OSHPD: Emergency Department (ED), Patient Discharge Data (PDD), Ambulatory Surgery Center (ASC)",5/4/2021,
2017-049-UC Berkeley,Common rule/Human subjects,Amendment,"Jocelyn Claude, Ph.D.",Office of Environment Health Hazard Assessment,Assessing Human Time-Activity Exposure Patterns Occurring on Synthetic Turf Fields,,5/12/2021,5/17/2021
"2021-999-University of Tennessee, Knoxville",Common rule only,Initial Submission,"Stacia Martin-West, PhD",,"Volatility, Agency, and Health: A City-Led Guaranteed Income Experiment","OSHPD: PDD, EDD, ASD
DDS: Client Master File, Client Development Evaluation Report
DHCS: Eligibility and Claim Data
DSS: all case-level data elements from all adult programs, Calfresh, CalWorks, Children's Programs, Fraud",1/8/2021,2/16/2021
12-02-0012-CONVERSION,Common rule/Human subjects,Continuing Review,"Jennifer Silvers, PhD","University of California, Los Angeles",The Neurobehavioral Development of Social Behavior,CDPH: Birth records ,4/16/2021,6/7/2021
13-12-1453-CONVERSION,SB-13 (Information Practices Act),Continuing Review,"Kimberly Gregory, MD, MPH",Cedar Sinai Health Systems,Safety in Childbirth: Estimating Benefits of Risk Appropriate Obstetrical Care,"OSHPD: data management personnel will provide a linked PDD/ED/AS/Birth Cohort data set for 2009, 2010 and 2011 and 2012 as these data become available",3/22/2021,4/6/2021
17-03-2904-CONVERSION,Common rule/Human subjects,Amendment,"Jennifer Skeem, PhD","University of California, Berkeley",Assessing Environmental Risk Factors of Violence in Psychiatric Hospitals,DSH: the Wellness and Recovery Model Support System (WaRMSS),3/18/2021,3/25/2021
13-01-1029-CONVERSION,Common rule only,Continuing Review,"Thomas Newman, MD, MPH","University of California, San Francisco",Late Adverse Impact of Getting Hyperbilirubinemia or PhotoTherapy (LIGHT),"DDS: (CDER, Early Start ) and Birth certificate data",3/4/2021,4/2/2021
14-10-1764-CONVERSION,Common rule/Human subjects,Amendment,"Chu Chen, PhD",Fred Hutchinson Cancer Research Center,Infrastructure Support and Pilot Tissue Collection for the Carotene and Retinol Efficacy Trial (CARET) Biorepository formerly CARET Biorepository and Data Enhancement Project,CDPH: California Cancer Registry (CCR),4/28/2021,5/6/2021
12-10-0861-CONVERSION,Common rule only,Amendment,"Beate Ritz, MD, PhD","University of California, Los Angeles",Evaluating the Effects of Exposure to Air Pollution on Adverse Birth Outcomes in Southern California,"CDPH: Birth and Death Statistical Master Files: 1983-2011 and Neighborhood level fast food restaurant data: 1990-2009
DDS: Client Master File (CMF) and Client Development Evaluation Report (CDER): 1997-2009",3/1/2021,3/2/2021
2021-081-UC Berkeley,Common rule/Human subjects,Initial Submission,"Rosemary Castorina, PhD","University of California, Berkeley",Assessing Community Exposures to Air Pollution,,5/11/2021,
2021-049-California Department of Public Health,,Exempt/NHSR Submission,"Rose Glenn-Finer, MPH",California Department of Public Health,Risk Factors for Chronic Hepatitis B Progression Among the Children of Hepatitis B Positive Pregnant Women,,3/8/2021,4/2/2021
12-06-0355-CONVERSION,Common rule only,Continuing Review,"Michelle Pearl, PhD",California Department of Public Health,Gestational Age Measurement in California Birth Records,CDPH: Live Birth/Fetal Death records and Prenatal & Newborn Screening records,1/7/2021,2/8/2021
2021-037-University of Southern California,,Exempt/NHSR Submission,"Joseph Guerrero Jr., EdD Candidate",University of Southern California,Assessing Correctional Educator Capacity in Adult Correctional Education Programs: A Gap Analysis,,2/19/2021,3/23/2021
12-09-0707-CONVERSION,Common rule/Human subjects,Continuing Review,"Scott Johnson, PhD","University of California, Los Angeles",Brain Mechanisms of Visual Development,CDPH: Birth Records,1/7/2021,1/7/2021
17-04-2932-CONVERSION,Common rule/Human subjects,Amendment,Henry Lee,Stanford University,"Maternal and Infant Health Outcomes:  Population-Based Research on Causes, Care, and Costs","CDPH: Birth Statistical Master Files (birth and fetal death certificates)
OSHPD: patient discharge files - Linked PDD/ED/AS/Birth Cohort Data - a.k.a. 'Linked Birth Files'",4/28/2021,4/29/2021
2020-010-UC Berkeley,SB-13 (Information Practices Act),Continuing Review,"Jennifer Ahern, PhD, MPH","University of California, Berkeley",Community Violence and Disparities in Maternal and Infant Health: Effects and Mechanisms,"OSHPD: PDD, EDD, PDD/ED/AS/Birth Cohort
CDPH: Birth Cohort, DSMF, CCMDF, Fetal Death and MIHA data",2/25/2021,4/6/2021
12-04-0126-CONVERSION,Common rule only,Continuing Review,"Stephen Nitch, PhD",California Department of State Hospitals,The Utility of the Repeatable Battery for the Assessment of Neuropsychological Status (RBANS) in a State Hospital,"DSH: RBANS Program Evaluation Project, NCS Referral database, CVLT-II database",5/12/2021,6/4/2021
12-11-0935-CONVERSION,Common rule/Human subjects,Continuing Review,"Kareena Hundal, MPH",California Emerging Infections Program,Foodborne Diseases Active Surveillance Network: Population Survey,,1/4/2021,1/4/2021
2019-020-University of Rochester,Common rule/Human subjects,Continuing Review,"Peter Veazie, PhD",University of Rochester,Understanding the Impact of the Affordable Care Act (ACA) Medicaid Expansion on Emergency Department Utilization for Primary Care Treatable Conditions,OSHPD: EDD,1/7/2021,2/8/2021
17-04-2938-CONVERSION,SB-13 (Information Practices Act),Continuing Review,"Rie Sakai-Bizmark, MD, MPH, PhD",The Lundquist Institute for Biomedical Innovation,Cost Effectiveness of Mandatory Newborn Screening for Critical Congenital Heart Disease by Pulse Oximetry as an Adjunct to Classic Newborn Clinical Examination,"OSHPD: PDD, EDD, Linked PDD/ED/Birth Cohort Data, Linked PDD and VS-DSMF,  EDD and VS-DSMF",6/29/2021,
2020-176-Washington University in Saint Louis,Common rule only,Amendment,"Kimberly Johnson, MPH, PhD",Washington University in Saint Louis,Health Insurance and Pediatric and Adolescent Cancer Outcomes,"CDPH: CCR
DHCS: Medi-Cal",6/9/2021,6/9/2021
16-06-2583-CONVERSION,Death data only,Continuing Review,"Garen Wintemute, MD, MPH","University of California, Davis","Alcohol, Drug, and Other Prior Crimes And Risk of Arrest in Handgun Purchasers","CDPH: Death Data File, Multiple Cause of Death Data File
DOJ: Dealer's Record of Sale, Criminal History System
DMV: Driver's License File",6/17/2021,
17-03-2916-CONVERSION,Death data only,Continuing Review,"Michael Samuel, DrPH",California Department of Public Health,California Community Burden of Disease and Cost Engine,,2/25/2021,4/6/2021
2020-113-UC Irvine,Common rule/Human subjects,Continuing Review,"Michael A Hoyt, PhD","University of California, Irvine",A Biobehavioral Intervention to Reduce Adverse Outcomes in Young Adult Testicular Cancer Survivors,CDPH: CCR,6/9/2021,
2021-001-California Department of Public Health,Common rule only,Amendment,"Peggy Reynolds, PhD",Cancer Prevention Institute of California,Impact of Air Pollution on COVID-19 Case and Death Risk in California,CDPH: CalREDIE,5/5/2021,5/6/2021
12-08-0658-CONVERSION,Common rule/Human subjects,Amendment,"Mary Campa, PhD",California Department of Public Health,Personal Responsibility and Education Program (PREP) Evaluation,,5/25/2021,5/26/2021
2017-119-UC Berkeley,Common rule/Human subjects,Continuing Review,"Winston Tseng, PhD","University of California, Berkeley",CRDP Phase 2. Zoosiab Local Evaluation,,2/2/2021,2/10/2021
2021-062-UC Irvine,Common rule/Human subjects,Initial Submission,"Michelle Fortier, PhD","University of California, Irvine",Goal Directed Intervention for Adolescent and Young Adult Cancer Survivors,CDPH: California Cancer Registry,3/19/2021,5/10/2021
2019-151-UC San Francisco,SB-13 (Information Practices Act),Continuing Review,"Joanne Spetz, PhD","University of California, San Francisco",Looking at Birth Outcomes and Their Relationship to Registered Nurse Staffing,OSHPD:  PDD,6/21/2021,
14-01-1466-CONVERSION,Common rule only,Continuing Review,"Michelle Pearl, PhD",California Department of Public Health,Life Course Social Context and Disparities in Birth Outcomes,"CDPH: Prenatal Screening (PNS) and Newborn Screening (NBS) Program data, maintained by the Genetic Disease Screening Program; and live birth and death files",3/9/2021,4/6/2021
2020-141-Westat,Common rule/Human subjects,Continuing Review,"Kelly Blake, ScD",National Cancer Institute,"Health Information National Trends Survey - Surveillance, Epidemiology and End Results - (HINTS-SEER)",CDPH: GBACR,6/28/2021,
12-10-0819-CONVERSION,Common rule/Human subjects,Amendment,"Paula Braveman, MD, MPH","University of California, San Francisco",Maternal and Infant Health Assessment (MIHA),CDPH: Birth Statistical Master Files,5/26/2021,5/27/2021
2019-128-UC Berkeley,SB-13 (Information Practices Act),Amendment,"Jesse Rothstein, PhD","University of California, Berkeley",Examining Regional Variation in Community College Outcomes,,5/13/2021,5/14/2021
2020-181-California Department of Public Health,Common rule/Human subjects,Amendment,"Sumi Hoshiko, MPH",California Department of Public Health,Public Health Impacts of Prescribed Fire – Community Engagement,,6/21/2021,6/28/2021
12-05-0196-CONVERSION,"Death data only, SB-13 (Information Practices Act)",Continuing Review,"Yaa Akosa Antwi, PhD",Indiana University,The Impact of Restricting Balance Billing on Quantity and Quality of Emergency Care,"OSHPD: 2003-2011 Linked Patient Discharge Data and Vital Statistics Death File, 2005-2011 Emergency Department Data (EDD) and 2003 to 2011 Patient Discharge Data (PDD)",1/8/2021,2/8/2021
2017-083-DOJ,Common rule only,Continuing Review,"Danielle Kaeble, MS",United States Department of Justice,National Prisoner Statistics Survey,,2/25/2021,4/6/2021
2018-154-UCLA,"SB-13 (Information Practices Act), Common rule/Human subjects",Amendment,"Yih-Ing Hser, PhD","University of California, Los Angeles",Patient Decision Aid (PtDA) for Medication-Assisted Treatment for Opioid Use Disorder,"DOJ: Controlled Substance Utilization Review and Evaluation System 2.0 and DOJ Automated Criminal History System
DHCS: CalOMS",2/18/2021,2/24/2021
12-10-0861-CONVERSION,Common rule only,Amendment,"Beate Ritz, MD, PhD","University of California, Los Angeles",Evaluating the Effects of Exposure to Air Pollution on Adverse Birth Outcomes in Southern California,"CDPH: Birth and Death Statistical Master Files: 1983-2011 and Neighborhood level fast food restaurant data: 1990-2009
DDS: Client Master File (CMF) and Client Development Evaluation Report (CDER): 1997-2009",3/8/2021,3/9/2021
12-06-0401-CONVERSION,"SB-13 (Information Practices Act), Common rule/Human subjects, Common rule only",Amendment,"Peyman Benharash, MD","University of California, Los Angeles",California Cardiac Surgery and Intervention Project,"OSHPD: Patient Discharge database (PDD) (1999-2016), Linked PDD-Vital statistics death file (1999-2012), CCORP data file (2006-2012)
EDD-ASCD patient encounter data (2005-2016)",2/18/2021,2/19/2021
2020-151-UC Berkeley,SB-13 (Information Practices Act),Amendment,"Jesse Rothstein, PhD","University of California, Berkeley",Student Supports: Eligibility and Take-Up of Safety Net and Financial Aid Programs Among College Students,DSS: Medi-Cal Eligibility Data System,6/21/2021,6/23/2021
"2020-098-Mathematica Policy Research, Inc.",Common rule/Human subjects,Continuing Review,"Amanda Lechner, MPP",Mathematica Policy Research,Evaluation of the Medically Tailored Meals Pilot Program,DHCS: MMIS,5/5/2021,6/4/2021
2019-021-CalPERS,SB-13 (Information Practices Act),Study Closure,"Hui Zhang, PhD",California Public Employees Retirement System (CalPERS),"Five-Year Impact of a Commercial Accountable Care Organization on Health Care Spending, Utilization and Quality of Care",,2/10/2021,4/2/2021
2021-042-Kaiser Foundation Research Institute,Common rule only,Initial Submission,"Lyndsay Avalos, PhD, MPH",Kaiser Permanente,Comparing the Effects of Prenatal Depression and its Treatment on Developmental Outcomes of the Offspring,"CDPH: Birth Statistical Master file
DDS: Client Development Evaluation Report",3/3/2021,4/26/2021
2018-104-UC San Francisco,Common rule only,Continuing Review,"Emily Bergsland, MD","University of California, San Francisco",University of California San Francisco Neuroendocrine Tumor Outcomes Database (CC# 10456),CDPH: CCR,5/10/2021,6/4/2021
2018-073-UCLA,Common rule only,Continuing Review,"Wesley Yin, PhD","University of California, Los Angeles",Market Impacts of Hospital Demand,,3/29/2021,6/4/2021
2020-167-UC Berkeley,Common rule only,Amendment,"Catherine Metayer, MD, PhD","University of California, Berkeley",Evaluation of the Effects of Tobacco Smoking on Clinical Outcomes in Children Treated for Leukemia,CDPH: CCR,1/12/2021,1/13/2021
13-04-1172-CONVERSION,Common rule only,Amendment,"Gary Shaw, DrPH",Stanford University,National Birth Defects Prevention Study – California Component,CDPH: Newborn screening bloodspot specimens from the Genetic Diseases Screening Program will be used for this research program. Data on birth defects will be acquired from the California Birth Defects Monitoring Program (CBDMP),4/6/2021,4/7/2021
2018-123-UCLA,Common rule/Human subjects,Continuing Review,"Patricia Ganz, MD","University of California, Los Angeles",Improving Outcomes for Younger Breast Cancer Survivors:  A Phase III Randomized Trial Targeting Behavioral Symptoms in Younger Breast Cancer Survivors – The Pathways to Wellness (PTW) Study,CDPH: CCR,4/21/2021,6/4/2021
2018-110-University of North Carolina,Common rule only,Continuing Review,"Jon Hussey, PhD, MPH","University of North Carolina, Chapel Hill","Preconception Health and Birth Outcomes: A National Longitudinal Study of Adolescent to Adult
Health (Add Health)",CDPH: VSAC-Birth Data,1/13/2021,2/8/2021
2018-078-University of Michigan,SB-13 (Information Practices Act),Continuing Review,"Brahmajee Nallamothu, MD",University of Michigan,Variations in Early Do Not Resuscitate (DNR) Orders,OSHPD: PDD,3/22/2021,6/4/2021
13-12-1461-CONVERSION,Common rule/Human subjects,Amendment,"Stephen Arnon, MD, MPH",California Department of Public Health,A Study in Twins to Identify a Possible Link Between Blood Group Antigens and Susceptibility to Infant Botulism,,5/19/2021,5/21/2021
13-10-1366-CONVERSION,Common rule only,Continuing Review,"Emily Putnam-Hornstein, PhD",University of Southern California,The Children's Data Network/California Children's Services Archive,"CDSS: Child Welfare Services / Case Management data (CWS/CMS), Structured Decision Making Data (SDM records via the Children's Research Center and falling under the authority of CDSS)
CDPH: Vital Statistics Birth Master & Cohort Files; Vital Statistics Death Master Files
CDCR: Offender-Based Information System (OBIS), Offender-Based Information Tracking System (OBITS)
DDS: Purchase of Service System (POS), Vendor System (Vendor), Client Master File (CMF), Client Development Evaluation Report System (CDER) and Early Start Report System (ESR)
DHCS: Medicaid Eligibility and Billing / Claims Records (MEDS)
DMV: Driver License / Identification Cards (DL/ID) 
DOJ: Criminal Offender Record Information system (CORI), specifically ACHS and MACR files
CDE: California Longitudinal Pupil Achievement Data System (CALPADS)
First 5 Los Angeles: Strengthening Families Database (WB)
San Francisco Human Services Agency: Homeless Management Information System records (HMIS), Medicaid Enrollment records (Medi-CAL), Temporary Assistance for Needy Families records (TANF), Supplemental Nutrition Assistance Program records (SNAP/CalFresh), Subsidized Child Care, Preschool for All (PFA), Family Resource Centers (FRC) and Department of Children, Youth and Their Families (DCYF) CMS Data
Los Angeles County Department of Mental Health: LACDMH Services Records (LACDMH)
Child Care Resource Center (CCRC): Child Care Records (subset of LA County)
Los Angeles County Department of Probation: Probation Case Management System (PCMS) 
Los Angeles Homeless Services Authority: Homeless Management Information System (HMIS)",5/5/2021,5/6/2021
2020-235-Other,Common rule only,Amendment,"Till von Wachter, PhD","University of California, Los Angeles","Job Loss, Coronavirus Disease (COVID-19), and Mortality",CDPH: Dynamic California Comprehensive Death File (CCDF) for 2005-2023,3/25/2021,3/26/2021
12-11-0900-CONVERSION,Common rule/Human subjects,Amendment,"Irva Hertz-Picciotto, PhD","University of California, Davis",Childhood Autism Risks from Genetics and the Environment (CHARGE Study),"DDS: Client Development Evaluation Report (CDER), Early Start Report (ESR), Client Master File (CMF)
CDPH: Newborn bloodspot specimens and newborn screening test results, Birth and Death Statistical Master Files, CALINE air pollution modeled database, Pesticide Use Reports",5/27/2021,5/28/2021
13-02-1070-CONVERSION,SB-13 (Information Practices Act),Continuing Review,"Alpa Patel, PhD",American Cancer Society,The American Cancer Society Cancer Prevention-3 Registry Linkage,CDPH: Cancer Surveillance and Research Branch (CSRB) California Cancer Registry,3/2/2021,4/6/2021
13-03-1140-CONVERSION,Common rule/Human subjects,Amendment,"Sheryl Williams, PhD",California Department of Public Health,"Surveillance of Human Immunodeficiency Virus (HIV) Risk and Prevention Behaviors of Men Who Have Sex with Men, Injection Drug Users, and Heterosexuals:  San Diego, California",,3/10/2021,3/10/2021
16-04-2508-CONVERSION,Common rule only,Continuing Review,"Paul English, PhD, MPH",California Department of Public Health,Residential Proximity to Pesticide Use and Birth Outcomes in California,CDPH: Birth Cohort Files and Birth Statistical Master Files,5/12/2021,6/4/2021
2021-096-Northwestern University,Common rule only,Amendment,"Hannes Schwandt, PhD",Northwestern University,Impact of the COVID-19 Pandemic on Fertility and Infant Health,CDPH: DCCBF,6/28/2021,6/29/2021
2020-046-Education Testing Service,SB-13 (Information Practices Act),Continuing Review,"Lei Liu, PhD",Education Testing Service,Identifying Student Reasoning Patterns and Misconceptions in the Next Generation of Science Standards (NGSS),CDE: The California Science Test (CAST),3/9/2021,4/6/2021
2020-235-Other,Common rule only,Amendment,"Till von Wachter, PhD","University of California, Los Angeles","Job Loss, Coronavirus Disease (COVID-19), and Mortality","CDPH: Dynamic California Comprehensive Death File (CCDF) for 2005-
2023",4/6/2021,4/7/2021
12-04-0165-CONVERSION,SB-13 (Information Practices Act),Amendment,"Alpa Patel, PhD",American Cancer Society,Cancer Prevention Study-II (CPS-II):  Registry Linkage with the California Cancer Registry,CDPH: California Cancer Registry,2/24/2021,2/25/2021
2018-107-KP-South,Death data only,Amendment,"Amandeep Sahota, MD",Kaiser Permanente - South ,Main Study of Primary Biliary Cholangitis (PBC) at Fibrotic Liver Diseases (FOLD) Consortium,CDPH: VSAC-Death Data,2/18/2021,2/22/2021
17-02-2891-CONVERSION,Common rule/Human subjects,Continuing Review,"Heather Ringeisen, PhD",Research Triangle Institute (RTI) International,National Survey of Child and Adolescent Well-Being III (NSCAW III),DSS: Monthly Sample Files and Administrative Files,3/4/2021,4/20/2021
2019-025-UC San Diego,Common rule only,Continuing Review,"Christina Chambers, PhD, MPH","University of California, San Diego",San Diego Study of Outcomes in Mother and Infants (SOMI),"CDPH: Birth certificate files, Fetal death certificate files, Death certificate files, Birth cohort files and California Birth Defect Monitoring Program data
OSHPD: Birth cohort files, PDD, EDD and ASD",4/26/2021,6/7/2021
12-04-0073-CONVERSION,SB-13 (Information Practices Act),Amendment,"Renee Hsia, MD, MSc","University of California, San Francisco",Factors Associated with the Closure of Emergency Services and Impact on Patient Outcomes:  Effect of Employment on Emergency Department Utilization,"OSHPD: Patient Discharge Data  1999-2015, Emergency Discharge Data 2005-2015, Patient Discharge Data - Vital Statistics Linkage 1999-2013 and Emergency Discharge Data- Vital Statistics Linkage 2005-2013",4/13/2021,4/13/2021
16-02-2421-CONVERSION,SB-13 (Information Practices Act),Continuing Review,"Joseph Wiemels, PhD",University of Southern California,Etiology of Breast Cancer: Serologic Studies,CDPH: California Cancer Registry databases as well as from the State of CA Vital Records Office (Death Statistical Master Files),4/26/2021,6/7/2021
12-04-0132-CONVERSION,Common rule only,Continuing Review,"Karla Kerlikowske, MD","University of California, San Francisco",San Francisco Mammography Registry:  A Research Resource,"CDPH: California Cancer Registry, Death Statistical Master File",4/21/2021,6/4/2021
12-04-0102-CONVERSION,Common rule only,Continuing Review,"De-Kun Li, MD, PhD",Kaiser Permanente,Research Program in Medication Use and Outcomes in Pregnancy (Project 11-02-59),"CDPH: birth certificate data, fetal death and infant death data",5/5/2021,6/7/2021
12-08-0588-CONVERSION,Common rule only,Amendment,"Hung Fu Tseng, PhD",Kaiser Permanente - South ,Vaccine Safety Datalink (VSD) Study,"DHCS: BSMF Years 1988-2017, Fetal Death Statistical Master File Years 1988-2017, DSMF Years 1988-2017, Multiple Cause of Death File Years 1988-2017",6/9/2021,6/9/2021
15-09-2210-CONVERSION,Common rule only,Continuing Review,"Tina Hernandez-Boussard, PhD",Stanford University,Utilizing Electronic Health Records to Measure and Improve Prostate Cancer Care,CDPH: California Cancer Registry,3/4/2021,4/2/2021
2019-082-Boston Children's Hospital,Common rule only,Continuing Review,"Robin Haynes, PhD",Boston Children's Hospital,Newborn Blood Serotonin as a Biomarker for Sudden Infant Death Syndrome (SIDS) Risk:  A Pilot Study,"CDPH: California Biobank Program, Genetic Disease Screening Program",2/25/2021,4/6/2021
2021-008-California Department of Public Health,Common rule/Human subjects,Initial Submission,"Kristin Cummings, MD, MPH",California Department of Public Health,Enhanced Surveillance for Occupational Contributors to Mesothelioma in California,,1/5/2021,2/24/2021
2017-022-Other,Common rule only,Amendment,"Matthew Durose, MS",United States Department of Justice,"Characteristics of Persons Admitted to State Prisons, 2009 and 2014",CDCR: Prison Admission Records,3/19/2021,3/29/2021
2019-069-UC San Francisco,Common rule only,Continuing Review,"Kristen Marchi, MPH","University of California, San Francisco",Monitoring Maternal and Infant Health Outcomes in California,CDPH: Birth certificate data,5/19/2021,6/4/2021
2018-150-UC Berkeley,Common rule only,Continuing Review,"Libby Morimoto, PhD","University of California, Berkeley",Genetic Epidemiology of Pediatric Rhabdomyosarcoma,"CDPH: CCR, GDSP, CHSI
",6/29/2021,
2019-292-UC San Diego,Common rule/Human subjects,Adverse Event/Unanticipated Problem,"Sheri Hartman, PhD","University of California, San Diego",Improving Cognition After Cancer,,4/21/2021,6/8/2021
2018-214-Perkin Elmer,Common rule only,Continuing Review,Lisa Vershave,Perkin Elmer,Collection of Confirmed Classic Galactosemia (Galactose-1-Phosphate Uridyltransferase Deficient) Positive Newborn Screening Specimens,,1/6/2021,2/8/2021
2020-149-University of Michigan,Common rule/Human subjects,Amendment,"Suzanna Zick, ND, MPH",University of Michigan,Acupressure for Fatigue in Ovarian Cancer Survivors,"CDPH: Los Angeles SEER Registry, SEER 13, SEER 18 and SEER 21",3/22/2021,3/25/2021
2020-106-Other,Common rule only,Continuing Review,Erin Peckham-Gregory,Baylor College of Medicine,Molecular Genomics of Langerhans Cell Histiocytosis and Lymphoma Susceptibility,"CDPH: Biobank, VSAC",4/27/2021,6/4/2021
2020-008-UC San Francisco,Common rule only,Continuing Review,"Salma Shariff-Marco, PhD, MPH","University of California, San Francisco",Multilevel Drivers of Liver Cancer Disparities,CDPH: CCR,3/18/2021,3/18/2021
17-06-3028-CONVERSION,SB-13 (Information Practices Act),Continuing Review,"Woutrina Smith, DVM, MPVM, PhD","University of California, Davis",Evaluation of Lyme Disease Surveillance Data in California,CDPH: Surveillance data on Lyme disease from 2011- 2016 of the Surveillance Statistics Section from the CalREDIE database,6/9/2021,
2020-027-KP,Common rule only,Continuing Review,"Ai Kubo, PhD",,Sex and Race/Ethnicity-Specific Multilevel Factors Influencing Pubertal Trajectories: A Population-Based Study,CDPH: Birth statistical master files,2/19/2021,2/22/2021
2017-048-UC Berkeley,Common rule/Human subjects,Amendment,"Rosemary Castorina, PhD","University of California, Berkeley",East Bay Diesel Exposure Project,,1/19/2021,1/25/2021
17-04-2926-CONVERSION,SB-13 (Information Practices Act),Continuing Review,"Soo-Jeong Lee, RN, PhD","University of California, San Francisco",The Impact of Safe Patient Handling Legislation on Musculoskeletal Disorders Among California Health Care Workers,DIR: Workers' Compensation Information System (WCIS),5/4/2021,6/9/2021
17-04-2932-CONVERSION,Common rule/Human subjects,Amendment,Henry Lee,Stanford University,"Maternal and Infant Health Outcomes:  Population-Based Research on Causes, Care, and Costs","CDPH: Birth Statistical Master Files (birth and fetal death certificates)
OSHPD: patient discharge files - Linked PDD/ED/AS/Birth Cohort Data - a.k.a. 'Linked Birth Files'",3/16/2021,3/17/2021
2020-097-UCLA,Common rule only,Continuing Review,"Rivfka Shenoy, MD","University of California, Los Angeles",Biliary Colic Risk Prediction Model,OSHPD: PDD,5/4/2021,6/9/2021
2020-006-UC Davis,Common rule/Human subjects,Continuing Review,"Paul Hastings, PhD","University of California, Davis",Other-Oriented Decision-Making in Adolescence,,1/15/2021,1/15/2021
16-06-2587-CONVERSION,Common rule only,Continuing Review,"Catherine Metayer, MD, PhD","University of California, Berkeley",The California Linkage Study of Early Onset Cancers (CALSEC),CDPH: CCR,6/29/2021,
2018-060-UC Santa Barbara,SB-13 (Information Practices Act),Continuing Review,"Heather Royer, PhD","University of California, Santa Barbara",Drinking Water Quality and Infant Health,CDPH: VSAC-Birth Data,2/19/2021,2/22/2021
2019-126-UC Berkeley,Common rule only,Continuing Review,"Jesse Rothstein, PhD","University of California, Berkeley",Improving Outcomes for High Utilizers of Mental Health and Homelessness Services,,4/23/2021,6/4/2021
2019-124-UC San Francisco,Common rule/Human subjects,Continuing Review,"Megumi Okumura, MD MAS","University of California, San Francisco",California Children's Services/Whole Child Model Program Evaluation,"OSHPD: Emergency Department Data and Patient Discharge Data
DHCS: CCS Claims and client files from the Management Information System / Decision, Support System (MIS/DSS ), Appeals and grievances and Fair Hearings data, CMS Net system",4/21/2021,6/4/2021
2021-017-Other,Common rule/Human subjects,Initial Submission,Arin Parsa,,"Understanding of Vaccines, Decision-Making, and Knowledge of Human Papillomavirus (HPV) Among School-Going Adolescents in California",CDPH: Vaccination Data (CAIR2) and Vaccine Distribution Data,1/7/2021,
2019-032-University of Southern California,Common rule/Human subjects,Amendment,"Grace Baranek, PhD",University of Southern California,Southern California Child Development Survey (SoCal CDS),,6/21/2021,6/21/2021
2020-057-CSUC,Common rule/Human subjects,Continuing Review,"Stephanie Bianco, MS, RD",California State University Chico,Supplemental Nutrition Assistance Program Education (SNAP-Ed) for High Need CalFresh-Eligible Students,,2/19/2021,2/21/2021
15-12-2350-CONVERSION,SB-13 (Information Practices Act),Continuing Review,"Linda Aiken, RN, PhD",University of Pennsylvania,Outcomes of Nurse Practice Environments,OSHPD: inpatient hospital discharges,1/7/2021,2/8/2021
2019-049-California Department of Public Health,Common rule only,Continuing Review,"Martin Kharrazi, PhD",Sequoia Foundation,Tobacco and Cannabis Exposure During Pregnancy in Six Race/Ethnic Subgroups in California,CDPH: California Prenatal and Newborn Screening Data and Specimens,1/7/2021,1/7/2021
