Protocol ID,Project Type,Application Type,PI Name,PI Organization,Project Title,Data Source,Defined,Completed
2020-155-CDPH,,DTM,"Erika Pinsker, PhD, MPH",,Substance Use and Overdose Public Health Surveillance,,7/23/2020,7/24/2020
12-07-0529-CONVERSION,Common rule only,AMD,"Catherine Metayer, MD, PhD","University of California, Berkeley",Childhood Cancer Record Linkage Project,"CDPH: Archived Newborn Blood Spots (ANBS) specimens, Genetic Disease Screening Program (GDSP), Newborn Archived Blood Specimens, California Cancer Registry (CCR)",7/21/2020,7/24/2020
15-07-2150-CONVERSION,SB-13 (Information Practices Act),CR,"Kristin Palmsten, ScD","University of California, San Diego",Oral Corticosteroid Use During Pregnancy and Risk for Preterm Birth,"DHCS: Medi-Cal
OSHPD: hospital discharge data, i.e. Patient Discharge Data and Emergency Department Data",10/19/2020,12/8/2020
12-11-0935-CONVERSION,Common rule/Human subjects,AMD,"Kareena Hundal, MPH",California Emerging Infections Program,Foodborne Diseases Active Surveillance Network: Population Survey,,12/18/2020,12/22/2020
15-07-2105-CONVERSION,Common rule/Human subjects,CR,"Shu-Hong Zhu, PhD","University of California, San Diego",Evaluation of California's Tobacco-Use Prevention Education (TUPE) Program,,8/27/2020,10/5/2020
12-06-0369-CONVERSION,SB-13 (Information Practices Act),CR,"Darci Delgado, PsyD",California Department of State Hospitals,Predictors of Violence and Suicide Risk in Psychiatrically Hospitalized Inmate/Patients,,10/5/2020,10/6/2020
2018-228-UC San Francisco,SB-13 (Information Practices Act),CR,"Anne Stey, MD, MSc","University of California, San Francisco",Outcomes Following Trauma,OSHPD: IPA non public patient level data,8/26/2020,9/17/2020
15-06-2060-CONVERSION,Common rule only,CR,"Shinjiro Hirose, MD","University of California, Davis",California Pediatric Surgery Quality Improvement,"OSHPD: Patient Discharge Data, Ambulatory Surgery Center Data, Emergency Department Data, Linked PDD/ED/AS/Birth Cohort Data,  Linked Patient Discharge Data and Vital Statistics Death File",11/6/2020,11/18/2020
2020-156-UCD,Common rule only,NEW,"Patrick Romano, MD, MPH","University of California, Davis","Measure & Instrument Development and Support (MIDS) Patient Safety Measure Development and
Maintenance",OSHPD: PDD and EDD,7/27/2020,7/28/2020
2020-260-UC Berkeley,,DTM,"Hilary Hoynes, PhD","University of California, Berkeley",The Race Gap in Residential Energy Expenditures,,12/31/2020,
2020-146-UC Merced,Common rule only,NEW,"Sandie Ha, PhD, MPH",,Distribution and Determinants of Maternal and Child Health in California,OSHPD,7/6/2020,
2019-236-DSH,Common rule only,CR,"Melinda DiCiro, PsyD",California Department of State Hospitals,Aggravating and Causal Factors in Violent Offenses:  Retrospective and Prospective Assessments Under Californias Mentally Disordered Offender Law,,9/30/2020,12/21/2020
2020-043-Dartmouth College,Common rule only,AMD,"Naama Shenhav, PhD",Dartmouth College,Sources of Inequity in Innovation,CDPH: Vital Statistics Birth Records,12/17/2020,1/14/2021
2020-143-UCLA,Death data only,NEW,"Rochelle Dicker, MD","University of California, Los Angeles",UNITE: Understanding the Links Between Social Determinants and Firearm Violence in California Communities,CDPH: Static California Comprehensive Death File (CCDF),7/6/2020,8/12/2020
12-12-0953-CONVERSION,Common rule/Human subjects,CR,"Caroline Tanner, MD, PhD","University of California, San Francisco",Parkinsons Registry Investigation of Diagnosis and Etiology (PRIDE) Study,CDPH: California Parkinsons Disease Registry Pilot Project,12/21/2020,2/8/2021
2020-179-St. Jude Childrens Research Hospital,Common rule only,NEW,"Gregory Armstrong, MD",,"Childhood Cancer Survivor Study Linkage, VPR Phase 2",CDPH: CCR,9/9/2020,10/2/2020
2020-182-CDPH,,DTM,"Lauren Stockman, MPH",California Department of Public Health,Enhancement of surveillance of coronavirus 2019 (covid-19) using birth record data,,9/11/2020,9/15/2020
2017-020-UCLA,SB-13 (Information Practices Act),CR,"Mitchell Wong, MD, PhD","University of California, Los Angeles",Reducing Inequalities Through Social and Educational Change (also known as RISE UP),DOE: California Longitudinal Pupil Achievement Data System (CALPADS),8/28/2020,10/5/2020
2017-044-KP,Common rule only,CR,"Anny Xiang, PhD",Kaiser Permanente,Effect of Air Pollution and Gestational Diabetes on Autism,CDPH: Genetic Disease Screening Program of California Biobank Program,11/9/2020,12/7/2020
2019-015-Temple University,Common rule only,AMD,"Thanh Lu, PhD",Weill Cornell Medicine,Effect of Behavioral Health Treatment Access and Public Policies Targeting Behavioral Health on the Use of Emergency Department and Inpatient Medical Care,OSHPD: PDD and EDD,10/16/2020,10/17/2020
2019-169-City of Hope,Common rule/Human subjects,AMD,"Susan Neuhausen, PhD",City of Hope,Genomics of Breast Cancer in Latinas,CDPH:  California Cancer Registry,9/30/2020,10/1/2020
2018-042-Other,Common rule only,CR,"Joseph Lockhart, PhD",California Department of State Hospitals,"The Reliability of Experts' Risk Assessments and Factors Related to Expert Decisions for Referral in Women, Infants and Children (WIC) 6600 Evaluations",DSH: SOCPSS,12/30/2020,2/8/2021
2020-184-CDPH,,DTM,"Joseph Engeda, PhD, MPH",California Department of Public Health,Facility- and Neighborhood-Level Socioeconomic Status and Antibiotic Use Among California Acute Care Hospitals,,9/15/2020,10/2/2020
12-10-0804-CONVERSION,Common rule/Human subjects,REP,"Stephen Arnon, MD, MPH",California Department of Public Health,Using Infant Feces and Serum for Polymerase Chain Reaction (PCR) and Assay with Large Immunosorbent Surface Area (ALISSA) Assay Development and Validations and for Intestinal Microbiome and Clostridium Botulinum Genomic Characterizations,,11/2/2020,12/7/2020
13-06-1238-CONVERSION,Common rule only,CR,"Sean Evans, PhD",La Sierra University,"Implementation of the Short-Term Assessment of Risk and Treatability, Historical Clinical Risk Management-20, Violence Risk Screening-10, and Dynamic Appraisal of Situational Aggression in a Forensic Psychiatric Hospital",DSH: psychological tools and Incident Management System documents,9/9/2020,10/5/2020
2020-177-UC Davis,Common rule only,NEW,"Diana Miglioretti, PhD","University of California, Davis",The Watch the Spot Trial: A pragmatic trial of more versus less intensive strategies for active surveillance of patients with small pulmonary nodules,CDPH: CCR and Vital statistics,9/8/2020,9/23/2020
12-04-0157-CONVERSION,SB-13 (Information Practices Act),AMD,"Jeffrey Gould, MD, MPH",Stanford University,The California Maternal Data Center:  Establishing a Statewide Data Center for Use in Rapid-Cycle Maternity Care Improvement Projects,"OSHPD: Patient Discharge Data (PDD) Non-Public Patient Level Data 
CDPH: Birth Statistical Master Files (Special Runs) and Fetal Death Statistical Master Files (Special Run)",9/18/2020,9/23/2020
2020-201-Massachusetts General Hospital,SB-13 (Information Practices Act),NEW,"Carlos Camargo, MD, DrPH",Massachusetts General Hospital,Trends in Emergency Care Utilization for Respiratory and Allergic Diseases,,9/16/2020,12/8/2020
14-01-1483-CONVERSION,Common rule/Human subjects,AMD,"Nerissa Wu, PhD",California Department of Public Health,Biomonitoring California  Using Banked Specimens to Enhance Our Understanding of Chemical Exposure in California,CDPH: California Biobank Program,12/23/2020,12/23/2020
2019-173-UC San Francisco,Common rule/Human subjects,AMD,"Elizabeth Mertz, PhD","University of California, San Francisco",Assessing Dental Care Access for Adult Medi-Cal Members in California,DHCS: Medi-Cal dental claims data and Dental provider enrollment data,7/6/2020,7/17/2020
12-10-0817-CONVERSION,Common rule/Human subjects,FIN,"Philip Cowan, PhD","University of California, Berkeley",Father Involvement Initiative,DSS: CWS/CMS data system,10/27/2020,12/4/2020
16-09-2724-CONVERSION,SB-13 (Information Practices Act),CR,"Kurt Schwabe, PhD","University of California, Riverside",Overlooked Health Implications of Water Policy During Drought and Extreme Temperature Events,OSHPD: Linked vital statistics-discharge data,10/21/2020,10/26/2020
2019-047-CEIP,Common rule/Human subjects,AMD,"Mirasol Apostol, MPH",California Emerging Infections Program,Establishment of Group B Streptococcal Immunologic Endpoints Reasonably Like to Predict Clinical Benefit Against Invasive Disease Among Young Infants: A Multi-State Case-Control Study,CDPH: California Biobank Program (Genetic Disease Screening Program),11/25/2020,2/9/2021
15-12-2357-CONVERSION,SB-13 (Information Practices Act),AMD,"Natalia Egorova, PhD",Mount Sinai School of Medicine,Investigating Epidemiology and Long-Term Outcomes of Infectious Endocarditis,"OSHPD: PDD data 1990-2015 for all patients in all age, Linked PDD-VS-DSMF 1990-2013 for all patients in all age, ASCD data 2005-2015 for all patients in all age, EDD data 2005-2015 for all patients in all age",12/23/2020,1/13/2021
2019-172-UCD,Common rule only,REP,"Richard White, MD","University of California, Davis",Venous and Arterial Thromboembolism in California:  Who is At Highest Risk?,"OSHPD: Patient Discharge Data - PDD, Emergency Department Data - EDD, Linked Patient Discharge Data and Vital Statistics Linked Patient Discharge Data and Vital and Statistics Death Statistical Master File (VS-DSMF), Version A",9/11/2020,
12-06-0460-CONVERSION,Common rule/Human subjects,CR,"Katie Wymore, MPH",California Emerging Infections Program,FoodNet Non-O157 Shiga Toxin-Producing Escherichia Coli Study:  Assessment of Risk Factors for Laboratory-Confirmed Infections and Characterization of Illnesses by Microbiological Characteristics,"CDPH: Health Information and Research Section, Birth Statistical Master Files and Death Statistical Master Files",7/2/2020,8/10/2020
12-04-0106-CONVERSION,Common rule only,CR,"Cynthia Garcia, BA",California Air Resources Board,Ongoing Surveillance and Research of Air Pollution Effects on Death,CDPH: Death Statistical Master Files,9/9/2020,10/6/2020
2019-284-Children's Hospital of Los Angeles,Common rule only,AMD,Diana Moke,University of Southern California,Towards Reducing Late Mortality Among 5-Year Survivors of Adolescent and Young Adult Cancer,CDPH: California Cancer Registry,12/22/2020,12/23/2020
12-09-0731-CONVERSION,Common rule only,CR,"Peggy Reynolds, PhD",Cancer Prevention Institute of California,Pooled Analysis of Very Low Birth Weight and Childhood Cancers,CDPH: California Live Birth Certificate Files and Death Files,10/23/2020,11/16/2020
2020-254-UC San Francisco,Common rule/Human subjects,NEW,"Elad Ziv, MD",,Genetics of Immune Related Adverse Events and Response to Immunotherapy,CDPH: CCR,12/30/2020,
2019-160-Public Health Institute,SB-13 (Information Practices Act),CR,"Gina Solomon, MD, MPH","University of California, San Francisco",Tapwater Analysis Project (TAP): Testing Chemicals in Drinking Water in California,,7/9/2020,8/7/2020
12-10-0799-CONVERSION,SB-13 (Information Practices Act),AMD,"Irva Hertz-Picciotto, PhD","University of California, Davis",Occurrence and Distribution of Autism in California,"DDS: CDER, EARLY START REPORT, CMF through 2015
CDPH: CONFIDENTIAL AVSS BIRTH FILES 1996-1997; CONFIDENTIAL BIRTH STATISTICAL MASTER FILES 1990-1997; CONFIDENTIAL 980 BYTE BIRTH STATISTICAL MASTER FILES 1998-2014
OSHPD: OSHPD HOSPITAL DISCHARGES, 1989-2014",9/23/2020,9/24/2020
2020-196-DHHS,,DTM,"Katie Genadek, PhD",U.S. Census Bureau,"Improving Birth Estimates from Administrative Records: Use of Data-in-Hand (19-11-0169, 18-07-0150)",,9/15/2020,9/16/2020
2019-292-UC San Diego,Common rule/Human subjects,CR,"Sheri Hartman, PhD","University of California, San Diego",Improving Cognition After Cancer,,12/23/2020,2/8/2021
2017-080-DSH,Common rule only,CR,"Shiva Amin, PhD",California Department of State Hospitals,Conditional Release Program Effectiveness as Measured by Rates of Criminal Recidivism,,11/2/2020,12/8/2020
13-01-1048-CONVERSION,Common rule only,CR,"Catherine Sandhofer, PhD","University of California, Los Angeles",Research in Language and Cognitive Development,CDPH: birth records,12/30/2020,2/8/2021
12-09-0731-CONVERSION,Common rule only,AMD,"Peggy Reynolds, PhD",Cancer Prevention Institute of California,Pooled Analysis of Very Low Birth Weight and Childhood Cancers,CDPH: California Live Birth Certificate Files and Death Files,9/8/2020,9/21/2020
2020-200-KP-South,Common rule only,NEW,"Kristi Reynolds, PhD",Kaiser Permanente - South ,Management of Direct Oral Anticoagulants to Lower Adverse Events in Atrial Fibrillation,"CDPH: California Comprehensive Death File with Multiple Cause of Death, Files from the electronic death registration system (EDRS), and Death Statistical Master File",9/16/2020,12/8/2020
2017-079-DSH,Common rule only,CR,"Melinda DiCiro, PsyD",California Department of State Hospitals,"Criminogenic, Clinical, and Contextual Factors and Conditional Release Revocation in Mentally Disordered Offenders and Not Guilty by Reason of Insanity Acquittees",DSH: CONREP,10/19/2020,12/8/2020
2019-286-PPIC,SB-13 (Information Practices Act),CR,"Heather Harris, PhD, MPP",Public Policy Institute of California (PPIC),Evaluating Rehabilitative Programming in the California Department of Corrections and Rehabilitation,CDCR: SOMS and ARMS,11/5/2020,12/8/2020
12-07-0477-CONVERSION,Common rule only,AMD,"John Capitman, PhD",California State University Fresno,Environmental Health Evaluation of Rule 4901:  Domestic Wood Burning,"OSHPD
CDPH
DoF",7/6/2020,7/7/2020
2018-222-CDPH,Common rule/Human subjects,CR,"Akiko Kimura, MD",California Department of Public Health,Assessment of Clinical and Microbiologic Outcomes in Patients Infected with Shigella with Decreased Susceptibility to Ciprofloxacin and Azithromycin through a Prospective Case-Control Study in California,,9/9/2020,10/6/2020
2019-284-Children's Hospital of Los Angeles,Common rule only,CR,Diana Moke,University of Southern California,Towards Reducing Late Mortality Among 5-Year Survivors of Adolescent and Young Adult Cancer,CDPH: California Cancer Registry,10/20/2020,12/8/2020
13-08-1316-CONVERSION,Common rule/Human subjects,CR,"Eric Walle, PhD","University of California, Merced",Infant Social and Emotional Development,"CDPH: Birth records, Death data",9/8/2020,9/21/2020
2019-202-The Lundquist Institute for Biomedical Innovation,Death data only,CR,"Rie Sakai-Bizmark, MD, MPH, PhD",The Lundquist Institute for Biomedical Innovation,Disparities in Suicide Trends Among Teenagers,CDPH: Static CCDF (California Comprehensive Death File),10/8/2020,12/8/2020
17-04-2932-CONVERSION,Common rule/Human subjects,AMD,Henry Lee,Stanford University,"Maternal and Infant Health Outcomes:  Population-Based Research on Causes, Care, and Costs","CDPH: Birth Statistical Master Files (birth and fetal death certificates)
OSHPD: patient discharge files - Linked PDD/ED/AS/Birth Cohort Data - a.k.a. 'Linked Birth Files'",7/15/2020,7/30/2020
16-08-2681-CONVERSION,Common rule/Human subjects,CR,"Marlene Matarese, PhD",University of Maryland,Evaluation of the Individual-Level  User Experience with the National Training Initiative of Adoption Mental Health Competence,,11/23/2020,2/5/2021
2020-039-KP,"Death data only, Common rule/Human subjects",AMD,"Sonya Negriff, PhD",Kaiser Foundation Research Institute,Suicide-Related Risks Associated with Prescription Opioid Deprescribing,CDPH: Death Data,11/9/2020,1/13/2021
2020-152-CDCR,,DTM,"Deirdre D'Orazio, Ph.D.",California Department of State Hospitals,STABLE-2007 Inter-Rater Reliability Study,,7/13/2020,10/2/2020
12-05-0259-CONVERSION,Common rule/Human subjects,CR,"Amy Miller, RPh, PharmD",United BioSource Corporation,Medullary Thyroid Carcinoma Surveillance Study:  A Case-Series Registry,CDPH: Cancer Surveillance and Research Branch,11/3/2020,12/8/2020
12-10-0856-CONVERSION,Common rule only,CR,"Deborah Sellmeyer, M.D.",Stanford University,Exercise for Bone Health:  Young Breast Cancer Survivors,CDPH: California Cancer Registry,10/30/2020,12/7/2020
16-10-2729-CONVERSION,SB-13 (Information Practices Act),CR,"Paige Bracci, PhD, MS, MPH","University of California, San Francisco",Pancreatic Cystic Lesions: Descriptive Epidemiology and Natural History,"CDPH: California Cancer Registry, Surveillance, Epidemiology and End Results (SEER) registry",12/31/2020,2/8/2021
2019-186-Public Health Institute,Common rule/Human subjects,FIN,"Suzanne Ryan-Ibarra, PhD, MPH",Public Health Institute,Program Evaluation for the CalFresh Healthy Living Health Ambassadors Initiative,,9/25/2020,9/25/2020
16-06-2597-CONVERSION,Common rule only,AMD,"Stephen Francis, PhD","University of California, San Francisco",In Utero Cytomegalovirus Infection as a Causal Factor in the Development of Childhood Leukemia,"UCB: The CCLS project at UC Berkeley (CPHS Protocol ID 13-03-1138 [PI: Metayer,Catherine]) has already obtained approval from CPHS to collect birth record data from CDPH. 
CDPH: Neonatal blood spots and data on NBS availability",8/28/2020,10/12/2020
2019-190-UC Irvine,SB-13 (Information Practices Act),CR,"Maura Allaire, PhD","University of California, Irvine",Assessing Health Impacts of Impaired Water Quality in California,OSHPD: Patient Discharge Data,9/2/2020,10/6/2020
17-01-2849-CONVERSION,Common rule only,CR,"Kevin O'Connell, MA",Chief Probation Officers of California ,Congregate Care Reform Analysis,CDSS: Child Welfare Services/Case Management System  (CWS/CMS),12/7/2020,12/8/2020
2017-025-Other,Common rule only,CR,"Charles Hall, PhD",Albert Einstein College of Medicine,"Incidence, Latency, and Survival of Cancer Following World Trade Center Exposure",,9/10/2020,9/17/2020
2019-169-City of Hope,Common rule/Human subjects,CR,"Susan Neuhausen, PhD",City of Hope,Genomics of Breast Cancer in Latinas,CDPH:  California Cancer Registry,7/27/2020,10/2/2020
13-03-1140-CONVERSION,Common rule/Human subjects,AMD,"Sheryl Williams, PhD",California Department of Public Health,"Surveillance of Human Immunodeficiency Virus (HIV) Risk and Prevention Behaviors of Men Who Have Sex with Men, Injection Drug Users, and Heterosexuals:  San Diego, California",,10/1/2020,10/13/2020
13-03-1140-CONVERSION,Common rule/Human subjects,AMD,"Sheryl Williams, PhD",California Department of Public Health,"Surveillance of Human Immunodeficiency Virus (HIV) Risk and Prevention Behaviors of Men Who Have Sex with Men, Injection Drug Users, and Heterosexuals:  San Diego, California",,10/9/2020,10/13/2020
2019-222-KP-South,Death data only,AMD,"Karen Coleman, PhD",Kaiser Permanente - South ,Effects of Medical Products on Suicidal Ideation and Behavior: Real World Evidence,CDPH: Death Data Files,11/30/2020,12/1/2020
2020-246-CEIP,,DTM,"Joelle Nadle, MPH",California Emerging Infections Program,Emerging Infections Program Tracking of SARS-CoV-2 Infections and Assessing Vaccine Effectiveness among Healthcare Personnel,,11/25/2020,2/5/2021
2019-171-KP,Death data only,AMD,"Elizabeth McGlynn, PhD",Kaiser Permanente,Estimating Healthy Life Years Among Kaiser Permanente Members and Kaiser Permanente Communities,"CDPH: DSMF, CCMDF, CCDF Static, Multiple Cause of Death",9/1/2020,9/1/2020
2018-206-Public Health Foundation Enterprise (PHFE) WIC,Common rule/Human subjects,CR,"Shannon Whaley, PhD",Public Health Foundation Enterprise (PHFE) WIC,"California Women, Infants, and Children Survey 2019:  Families with Children",,9/10/2020,10/6/2020
12-06-0393-CONVERSION,Common rule/Human subjects,AMD,"Jeffrey Gould, MD, MPH",Stanford University,Development of State-Wide Perinatal Quality Improvement Metrics with Office of Statewide Health Planning and Development Patient Discharge Data/Birth Certificate Linked Data,"OSHPD: Linked Patient Discharge Data and Birth Cohort File
CDPH: Birth Cohort File",7/7/2020,7/10/2020
15-07-2133-CONVERSION,Common rule only,CR,"Dominique Kinney, PhD",California Department of State Hospitals,Performance of Spanish Speaking Psychiatric In-Patients on Cognitive and Effort Measures,DSH,11/20/2020,11/20/2020
2017-013-Other,Common rule/Human subjects,AMD,"Cheryl Grills, PhD",Loyola Marymount University,"The California Reducing Disparities Project  Phase II, Statewide Evaluation",,7/7/2020,7/8/2020
12-06-0328-CONVERSION,SB-13 (Information Practices Act),CR,"Nancy Wang, MD",Stanford University,"Disparities in Outcomes for Pediatric Disease:  Context, Access and Quality of Care","OSHPD: Patient discharge data (PDD) from 2005 to 2015. Emergency department (ED) data from 2005 to 2015, Linked PDD-vital statistics death data from 2005 to 2015 and Linked ED-vital statistics death data from 2005 to 2015",7/10/2020,8/7/2020
12-08-0591-CONVERSION,Common rule only,CR,"Michelle Pearl, PhD",California Department of Public Health,Does Tobacco Exposure Delay Conception?,CDPH: live birth and prenatal screening records and stored urine specimens and questionnaire data from Project Baby's Breath,11/18/2020,11/19/2020
2019-156-CDCR,SB-13 (Information Practices Act),CR,"Nena Messina, PhD","University of California, Los Angeles","Helping Men Recover  Special Needs Yard, Level IV B",,9/10/2020,9/10/2020
12-04-0073-CONVERSION,SB-13 (Information Practices Act),AMD,"Renee Hsia, MD, MSc","University of California, San Francisco",Factors Associated with the Closure of Emergency Services and Impact on Patient Outcomes:  Effect of Employment on Emergency Department Utilization,"OSHPD: Patient Discharge Data  1999-2015, Emergency Discharge Data 2005-2015, Patient Discharge Data - Vital Statistics Linkage 1999-2013 and Emergency Discharge Data- Vital Statistics Linkage 2005-2013",11/12/2020,11/16/2020
2020-166-University of Washington,SB-13 (Information Practices Act),NEW,"Haylea Hannah, MSPH",University of Washington,Enhancing Public Health and Public Safety: Informing Policies to Increase Access to Medications for Opioid Use Disorder in the Criminal Justice System,"CDPH: VRBIS
OSHPD: PDD, EDD",9/4/2020,10/15/2020
16-04-2495-CONVERSION,SB-13 (Information Practices Act),CR,"Sidra Goldman-Mellor, PhD","University of California, Merced",Healthcare Utilization and Costs Among Adolescent Suicide Attempters:  A Longitudinal Investigation,OSHPD: Emergency Department (ED) and Patient Discharge Data (PDD),8/28/2020,10/6/2020
2020-223-UC San Francisco,Common rule only,NEW,"Salma Shariff-Marco, PhD, MPH","University of California, San Francisco",Ethnicity and Nativity in Cancer  Latino and Asian EnclaVEs:  The ENCLAVE Study,CDPH: California Cancer Registry,10/19/2020,2/5/2021
12-08-0696-CONVERSION,Common rule/Human subjects,CR,"Dawn Stone, PhD(c), RN","University of California, Los Angeles",Understanding the Workplace Interactions of Young Adult Cancer Survivors with Occupational and Environmental Health Professionals,USC: Los Angeles County Cancer Surveillance Program,11/5/2020,12/8/2020
14-07-1641-CONVERSION,Common rule only,FIN,"Sharon Silver, MS",Centers for Disease Control and Prevention,Using California Cancer Registry Data for Occupational Cancer Surveillance,CDPH:  California Cancer Registry database,10/22/2020,12/4/2020
2020-238-Cedars-Sinai Medical Center,Death data only,NEW,"Joanna Chikwe, MD",Cedars-Sinai Medical Center,A Retrospective Review of Cardiothoracic (CT) Surgery Case Data Collected by Cedars-Sinai Medical Center to Assess Long-Term Clinical and Economic Outcomes Following Cardiac Surgery,CDPH: CCMDF,11/10/2020,
2017-013-Other,Common rule/Human subjects,REP,"Cheryl Grills, PhD",Loyola Marymount University,"The California Reducing Disparities Project  Phase II, Statewide Evaluation",CDPH,10/22/2020,12/7/2020
2018-081-Stanford University,Common rule only,AMD,"Maya Rossin-Slater, PhD",Stanford University,The Effects of Paid Family Leave and Public Health Insurance on Maternal Post-Partum and Infant Health:  Evidence from California,OSHPD,9/25/2020,9/29/2020
2019-044-Public Health Foundation Enterprise (PHFE) WIC,Common rule/Human subjects,AMD,"Shannon Whaley, PhD",Public Health Foundation Enterprise (PHFE) WIC,"Supporting Women, Infant and Children (WIC) Mothers in Infant Feeding",,9/29/2020,10/12/2020
2019-274-UCLA,Common rule only,CR,"David Zingmond, MD, PhD","University of California, Los Angeles",Planning for Analysis of End of Life Metrics in Medi-Cal and SB 1004--3 Plan Analyses,"DHCS: Enrollment Data, Managed Care Encounter Datam, Claims Data and Medi-Cal Provider File",10/30/2020,10/30/2020
12-07-0553-CONVERSION,Common rule/Human subjects,AMD,"David Barner, PhD","University of California, San Diego",Abstract Concepts and Language Development,DDS: San Diego county birth records,8/4/2020,8/5/2020
2020-212-CDPH,,DTM,"Rose Glenn-Finer, MPH",,Evaluation of Prenatal Hepatitis B Deoxyribonucleic Acid (DNA) Testing Practices in California and Missed Opportunities for Prevention,,10/6/2020,12/4/2020
15-12-2346-CONVERSION,Common rule only,CR,"Holly Hoegh, PhD",Office of Statewide Health Planning and Development,Elective Percutaneous Coronary Intervention (PCI) Program,"OSHPD: Patient Discharge Dataset, Ambulatory Surgery Data, Emergency Department Data
CDPH: Vital Statistics Death File",7/3/2020,7/6/2020
2018-228-UC San Francisco,SB-13 (Information Practices Act),CR,"Anne Stey, MD, MSc","University of California, San Francisco",Outcomes Following Trauma,OSHPD: IPA non public patient level data,11/5/2020,12/9/2020
12-11-0924-CONVERSION,Common rule only,CR,"Gary Shaw, DrPH",Stanford University,Candidate Genes and Congenital Malformations of Neural Crest Cell Origin,CDPH: California Birth Defects Monitoring Program and the Genetic Diseases Screening Program,12/16/2020,2/8/2021
2019-272-Public Health Institute,Common rule/Human subjects,CR,Andrew Herring,Public Health Institute,The California Bridge Program Research Study,"DHCS: California Outcomes Measurement System, Drug Medi-Cal Claims and Manage Care / Fee for Service Claims",11/5/2020,12/7/2020
2018-255-Stanford University,Common rule only,CR,Benjamin Huynh,Stanford University,Predicting Cardiorespiratory Hospitalizations After Wildfire Smoke Exposure in California,"OSHPD: Nonpublic Patient Level Data for Researchers - Patient Discharge Data, Nonpublic Patient Level Data for Researchers - Emergency Data",11/5/2020,12/8/2020
2020-194-CDPH,,DTM,"Stanley Sciortino, MPH, PhD",California Department of Public Health,California Covid-19 Active Prenatal Response to Infection (CAPRI) Pilot Project,,9/15/2020,10/2/2020
2020-181-CDPH,Common rule/Human subjects,AMD,"Sumi Hoshiko, MPH",California Department of Public Health,Public Health Impacts of Prescribed Fire  Community Engagement,,10/12/2020,11/2/2020
2020-003-UC Berkeley,SB-13 (Information Practices Act),AMD,"Evan White, JD MPP","University of California, Berkeley",Assessing the Child Welfare System Service Delivery and Outcomes,,12/8/2020,12/8/2020
2020-099-PHFE - WIC,Common rule/Human subjects,AMD,"Shannon Whaley, PhD",Public Health Foundation Enterprise (PHFE) WIC,"Los Angeles County Women, Children and Infants (WIC) Survey 2020",CDPH: WIC,7/15/2020,7/27/2020
17-04-2957-UCLA,Common rule only,AMD,"Nadereh Pourat, PhD","University of California, Los Angeles",Evaluating California's Public Hospital Redesign and Incentives in Medi-Cal (PRIME) Program,,9/2/2020,10/12/2020
2019-294-UC San Francisco,Common rule/Human subjects,AMD,"Hilary Seligman, MD, MAS","University of California, San Francisco",Fruit and Vegetable Vouchers During Pregnancy to Improve Dietary Intake and Increase Family Food Security in Households with Low-Income,,8/6/2020,8/21/2020
2020-220-Cedars-Sinai Medical Center,Common rule only,NEW,"Anna Loraine Escobedo, PhD, MPH",,Cancer Disparities in Cedars-Sinai Cancer's Patient Population,CDPH: CCR,10/16/2020,10/27/2020
12-07-0492-CONVERSION,Common rule/Human subjects,CR,"Peggy Reynolds, PhD",Cancer Prevention Institute of California,Establishment of a Population-Based Resource for the Study of Childhood Brain Tumors in California,CDPH: California Live Birth Certificate Files and Death Files,9/2/2020,12/21/2020
13-03-1140-CONVERSION,Common rule/Human subjects,AMD,"Sheryl Williams, PhD",California Department of Public Health,"Surveillance of Human Immunodeficiency Virus (HIV) Risk and Prevention Behaviors of Men Who Have Sex with Men, Injection Drug Users, and Heterosexuals:  San Diego, California",,10/7/2020,10/13/2020
2018-005-UC Berkeley,Common rule only,AMD,"Catherine Metayer, MD, PhD","University of California, Berkeley",Support for Infrastructure of Childhood Leukemia Environmental Research,CDPH: GDSP Newborn blood spots,8/26/2020,8/26/2020
2020-100-RAND,"Death data only, Common rule only",AMD,"Kathleen Loa, MPP", Pardee RAND Graduate School,Ovens and Tinderboxes in the Golden State:  A Mixed Methods Exploratory Analysis of Joint Heatwave Power Outage Costs and Adaptive Strategies,,12/22/2020,12/24/2020
2020-150-CDPH,,DTM,"Amy Heinzerling, MD, MPH",California Department of Public Health,Occupational and Environmental Factors Affecting COVID-19 Risk,EMSA: California EMS Information Systems (CEMSIS),7/13/2020,10/2/2020
2020-160-UC Berkeley,"SB-13 (Information Practices Act), Common rule only",NEW,"Evan White, JD MPP","University of California, Berkeley",Impacts of Safety Net Programs on Health Outcomes in California,"OSHPD: Patient Discharge Data (PDD), Emergency Department Data (EDD), Ambulatory Surgery Data
CDPH: Vital records (birth and death)
CDSS: Medi-cal Eligibility Data System (MEDS)",8/6/2020,
12-10-0804-CONVERSION,Common rule/Human subjects,REP,"Stephen Arnon, MD, MPH",California Department of Public Health,Using Infant Feces and Serum for Polymerase Chain Reaction (PCR) and Assay with Large Immunosorbent Surface Area (ALISSA) Assay Development and Validations and for Intestinal Microbiome and Clostridium Botulinum Genomic Characterizations,,10/26/2020,12/7/2020
17-04-2950-University of Southern California,Common rule only,CR,"Anna Wu, PhD",University of Southern California,Exploring Factors Related to Racial Disparities in Ovarian Cancer Incidence and Survival: The Ovarian Cancer in Women of African Ancestry Consortium,,12/23/2020,12/30/2020
2020-012-CRIHB,Death data only,AMD,"Arunaranjani Arthanari, BVSc, MPVM",California Rural Indian Health Board,Pilot Data Linkage Between Two California Tribal Health Programs (THPs) Patient Registration Data with State Vital Statistics Data to Assess the Effect of Racial Misclassification on Estimates of Opioid Overdose Mortality in American Indian and Alaskan Native Population Ever Registered in Either One of the Participating THPs,CDPH: Dynamic CCDF Dynamic California Comprehensive Death File and DSMF - Death Static Master File,9/8/2020,9/21/2020
2018-030-UCLA,SB-13 (Information Practices Act),CR,"Nadereh Pourat, PhD","University of California, Los Angeles",Whole Person Care (WPC) Pilot Evaluation Design,,12/21/2020,2/8/2021
12-10-0800-CONVERSION,Common rule only,CR,"Daniel Webster, PhD","University of California, Berkeley",California Child Welfare Indicators Project/California Children's Services Archive,CDSS: Child Welfare Services / Case Management data; Employment Development Data (extract from CDSS); MEDS Data (AFDC/TANF subset from CDSS);  Structured Decision Making Data (SDM records via the Children's Research Center and falling under the authority of CDSS),10/26/2020,10/27/2020
2018-076-UC San Francisco,Common rule/Human subjects,AMD,"Scarlett L Gomez, PhD","University of California, San Francisco",Active Surveillance and Patient Reported Outcomes in a Diverse Population of Prostate Cancer Patients,,10/20/2020,10/23/2020
2019-029-UCLA,Common rule only,AMD,"Nadereh Pourat, PhD","University of California, Los Angeles",Evaluation of the Health Homes Program (HHP),,9/9/2020,9/14/2020
2018-151-CCI,Common rule/Human subjects,CR,Zachary Whelan,Project Avary,Prison Reconciliation Project,,7/13/2020,10/2/2020
2019-002-UC Berkeley,Common rule/Human subjects,AMD,"Jesse Rothstein, PhD","University of California, Berkeley",Promoting Take-Up of the Earned Income Tax Credit:  California Department of Social Services Outreach,,10/9/2020,10/9/2020
12-05-0176-CONVERSION,Common rule/Human subjects,AMD,"Ninez Ponce, PhD","University of California, Los Angeles",California Health Interview Survey,,7/1/2020,7/1/2020
2019-267-UC San Francisco,Common rule/Human subjects,AMD,"Scarlett L Gomez, PhD","University of California, San Francisco",Cancer Registry for Understanding and Improving Survivorship Experiences (The CRUISE Study),CDPH: California Cancer Registry,7/21/2020,7/21/2020
16-10-2738-CONVERSION,Common rule only,AMD,"Dennis Deapen, DrPH",University of Southern California,Population-Based Evaluation of Comorbidity and Hospital Characteristics on Survival from the California Cancer Registry,"CDPH: California Cancer Registry
OSHPD",10/9/2020,10/9/2020
2020-186-UCLA,,DTM,"Timothy Donahue, MD","University of California, Los Angeles",Impact of Lymph Node Evaluation on Survival in Gastrointestinal Malignancies,,9/15/2020,9/16/2020
2020-187-Office of Environment Health Hazard Assessment,,DTM,"Dharshani Pearson, MPH",,"Climatic, Natural Disaster, Land-Use and Population Movement Factors associated with Coccidioidomycosis infection in California, 1995 to present day",,9/15/2020,9/16/2020
2019-169-City of Hope,Common rule/Human subjects,AMD,"Susan Neuhausen, PhD",City of Hope,Genomics of Breast Cancer in Latinas,OSHPD: Patient Discharge data - emergency room visits and in-patient discharge data,7/6/2020,7/27/2020
12-08-0589-CONVERSION,Common rule only,CR,"Michelle Pearl, PhD",California Department of Public Health,Phytoestrogens and Time to Pregnancy,CDPH: urine specimens and questionnaire data from Project Baby's Breath; and live birth records,11/16/2020,11/19/2020
2020-057-CSUC,Common rule/Human subjects,AMD,"Stephanie Bianco, MS, RD",California State University Chico,SNAP-Ed for High Need CalFresh-Eligible Students,,7/6/2020,7/9/2020
13-09-1350-CONVERSION,Common rule only,CR,"Diana Liu, MPH",Los Angeles County,Los Angeles Mommy and Baby Project Follow Up Project (LAMB Follow-up),CDPH,12/24/2020,2/8/2021
2020-226-CDPH,,DTM,"Meredith Milet, MPH",California Department of Public Health,Income Equity Analysis Using Death Certificate Data,,10/22/2020,2/5/2021
12-07-0489-CONVERSION,SB-13 (Information Practices Act),CR,"Yih-Ing Hser, PhD","University of California, Los Angeles",The Starting Treatment with Agonist Replacement Therapies Follow-Up Study,"DSH: Client Services Information (CSI)
DHCS: the California Alcohol and Drug Data System (CADDS) and California Outcomes Monitoring System (CalOMS)
DOJ: Automated Criminal History System (ACHS)
CDCR: Offender Based Information System (OBIS)",10/20/2020,10/28/2020
12-10-0864-CONVERSION,Common rule only,CR,"Gary Shaw, DrPH",Stanford University,Genomic Influences on Developing Bronchopulmonary Dysplasia:  A Population-Based Study,CDPH: The Newborn Screening Program of the Genetic Disease Branch,8/28/2020,10/5/2020
2020-003-UC Berkeley,SB-13 (Information Practices Act),AMD,"Evan White, JD MPP","University of California, Berkeley",Assessing the Child Welfare System Service Delivery and Outcomes,,9/15/2020,9/21/2020
15-12-2344-CONVERSION,Common rule/Human subjects,CR,"Nerissa Wu, PhD",California Department of Public Health,Asian and Pacific Islander Community Exposures (ACE) Project,,12/30/2020,2/8/2021
13-09-1352-CONVERSION,", SB-13 (Information Practices Act)",CR,Jacquie Hogan,Westat,Program for the International Assessment of Adult Competencies (PIAAC): 2014 National Supplement Prison Study,,11/30/2020,12/7/2020
2019-123-Georgetown University,Common rule/Human subjects,AMD,"Judy Wang, PhD",Georgetown University Medical Center,Web-Based Communication Education for Breast Cancer Survivorship Care,CDPH: California Cancer Registry,10/7/2020,10/9/2020
2018-057-UCLA,SB-13 (Information Practices Act),AMD,"Laura Wherry, PhD","University of California, Los Angeles",Evaluating Early Life Health Interventions,,9/24/2020,9/30/2020
2019-002-UC Berkeley,Common rule/Human subjects,AMD,"Jesse Rothstein, PhD","University of California, Berkeley",Promoting Take-Up of the Earned Income Tax Credit:  California Department of Social Services Outreach,,8/20/2020,8/21/2020
16-09-2711-CONVERSION,SB-13 (Information Practices Act),CR,"Scott A Lorch, MD, MSCE",Children's Hospital of Philadelphia,Effect of Changing Neonatal Intensive Care Unit (NICU) Patient Volumes and Levels of Care on Neonatal Outcomes,OSHPD,10/19/2020,12/8/2020
2018-077-UC Berkeley,Common rule/Human subjects,CR,"Jennifer Skeem, PhD","University of California, Berkeley",Interventions Study,,9/9/2020,10/6/2020
2020-234-UC Davis,Common rule only,NEW,"Luis Carvajal-Carmona, PhD","University of California, Davis",Molecular Epidemiological Study of Gastric and Liver Cancer in California,CDPH: CCR,11/9/2020,2/5/2021
12-11-0898-CONVERSION,Common rule/Human subjects,FIN,"Scott Ramsey, MD, PhD",,Long-Term Follow-Up of the Family and Cancer Therapy Selection (FACTS) Study Participants,CDPH: California Cancer Registry,8/11/2020,10/2/2020
2019-024-UC San Francisco,Common rule only,CR,"Laura Jelliffe, PhD","University of California, San Francisco","Examination of Social, Geographic, and Policy Determinants of Preterm Birth in California","CDPH: Birth certificate files, Infant death certificates, Fetal death certificates and Birth cohort files
OSHPD: Birth cohort file, PDD, EDD, ASD",12/24/2020,2/8/2021
2018-264-PPIC,"SB-13 (Information Practices Act), Common rule/Human subjects",CR,"Niu Gao, PhD",,"Implementing the Next Generation Science Standards:  Science Course Offering, Access and Completion",,10/26/2020,10/26/2020
