Protocol ID,Project Type,Application Type,PI Name,PI Organization,Project Title,Data Source,Defined,Completed
2020-072-CDPH,,DTM,"Mary Danforth, PhD",CDPH,Effectiveness of a Community-Based Intervention to Reduce the Incidence of West Nile Virus (WNV).,,4/16/2020,4/20/2020
17-06-3020-CONVERSION,Common Rule/Human Subjects,REP,"Nerissa Wu, PhD",CDPH,California Regional Exposure (CARE) Study,,1/2/2020,2/10/2020
2020-032-Education Testing Service,SB-13 (Information Practices Act),NEW,"Lilli Yao, PhD",Education Testing Service,The Impact of Training Data Quality on Automated Content Scoring Performance,"CDE: CAASPP English Language Arts Assessments, CAASPP Math assessments, and the CAST science assessment",2/21/2020,6/5/2020
2019-068-Vanderbilt University,Common rule only,CR,"Cindy Kam, PhD",,Birth and Turnout,CDPH: California Birth Data,2/19/2020,2/19/2020
12-06-0431-CONVERSION,SB-13 (Information Practices Act),CR,"Beth Glenn, PhD","University of California, Los Angeles",Improving Cancer Screening Among Breast and Colorectal Cancer Survivors and Their Relatives Through the Los Angeles County Cancer Surveillance Program,"CDPH
Los Angeles County Cancer Surveillance Program",6/19/2020,
2020-130-UC Berkeley,,DTM,"Jesse Rothstein, PhD","University of California, Berkeley",Student Supports: Eligibility and Take-Up of Safety Net and Financial Aid Programs among College Students,,6/23/2020,
14-12-1829-CONVERSION,Common rule/Human subjects,CR,"Lauren Whetstone, PhD",CDPH,Champions for Change Media Campaign Evaluation,,1/2/2020,2/7/2020
12-10-0804-CONVERSION,Common rule/Human subjects,CR,"Stephen Arnon, MD, MPH",CDPH,Using Infant Feces and Serum for Polymerase Chain Reaction and ALISSA Assay Development and Validations and Clostridium Botulinum Genomic Characterization,,5/6/2020,6/4/2020
13-03-1149-CONVERSION,Common rule/Human subjects,CR,"Timothy Fong, MD",,Assessing the Quality and Effectiveness of the California Problem Gambling Treatment System,CDPH: CalGETS Data Management System,3/4/2020,3/4/2020
16-04-2502-CONVERSION,SB-13 (Information Practices Act),CR,"Susan Turner, PhD","University of California, Irvine",Los Angeles Sheriff's Risk Assessment (LASRA),DOJ: automated  criminal history information in CONREP format,4/20/2020,4/25/2020
16-04-2527-CONVERSION,SB-13 (Information Practices Act),CR,"Caroline Thompson, PhD",San Diego State University,Visualizing Socioeconomic and Racial Disparities in the Burden of Screening Detectable Cancers Using Geographic Information System and Web Mapping Tools,CDPH: California Cancer Registry data,5/4/2020,5/5/2020
2017-046-University of Chicago,SB-13 (Information Practices Act),CR,"Emir Kamenica, PhD",,Coming Apart?  Lives of the Rich and Poor Over Time,,4/20/2020,6/8/2020
12-02-0012-CONVERSION,Common rule/Human subjects,AMD,"Jennifer Silvers, PhD","University of California, Los Angeles",The Neurobehavioral Development of Social Behavior,CDPH: Birth records,4/28/2020,4/28/2020
15-12-2334-CONVERSION,Death data only,CR,"Jahan Fahimi, MD, MPH","University of California, San Francisco",Long-Term Mortality in Pediatric Gunshot Assault Survivors,CDPH: Vital Statistics - Death Statistical Master File,3/10/2020,3/16/2020
2019-146-University of California Office of the President,SB-13 (Information Practices Act),CR,"Pamela Brown, MPP","University of California, Office of the President",An Analysis of Smarter Balanced Assessment Scores for Use in Admissions by the University of California,,6/23/2020,
12-08-0644-CONVERSION,Common rule/Human subjects,AMD,"Christine Borger, PhD",,"Women, Infants, and Children Infant and Toddler Feeding Practices Study2 (WIC ITFPS-2): Feeding My Baby  A National Women, Infants, and Children Study","CDPH: Integrated Statewide Information System (ISIS), where all WIC data are stored in California",1/17/2020,1/29/2020
17-04-2957-UCLA,Common rule only,AMD,"Nadereh Pourat, PhD","University of California, Los Angeles",Evaluating California's Public Hospital Redesign and Incentives in Medi-Cal (PRIME) Program,,6/18/2020,6/18/2020
2020-112-UC Irvine,Common rule/Human subjects,NEW,"Michael A Hoyt, PhD",Hunter College,A Biobehavioral Intervention for Latino/Hispanic Young Adults with Testicular Cancer,CDPH: CCR,5/11/2020,
12-12-0969-CONVERSION,Death data only,CR,"David Glassmire, PhD",California DSH,Psychometric Evaluation of Assessment Measures Used in the Substance Abuse and Mental Illness (SAMI) Program at Patton State Hospital,DSH: psychological testing data and demographic/diagnostic information ,1/2/2020,2/7/2020
2018-165-DSS,SB-13 (Information Practices Act),AMD,"Caroline Danielson, PhD, MPhil",Public Policy Institute of California (PPIC),Mobility Through CalFresh and CalWORKs,"CDSS: SNAP LDB
CDSS: SNAP RADEP
CDSS: WDTIP
CDSS: TANF LDB
CDSS: EBT/SARS
CDSS: QCEW
CDSS: Base Wage Match and UI File",6/23/2020,6/23/2020
12-03-0027-CONVERSION,Common rule only,CR,"Karl Kronebusch, PhD",Baruch College,"Racial/Ethnic Segregation in Hospital Care
Project Number 09-06-59",,4/30/2020,4/30/2020
2017-032-Other,Common rule/Human subjects,AMD,"Jeremy Goldbach, PhD",C.A.R.E. Consulting Group,Indian Health Center of Santa Clara Valley: Strengthening Youth and Families Project,,1/14/2020,1/27/2020
15-12-2349-CONVERSION,Death data only,AMD,"David Glassmire, PhD",California DSH,The Utility of the Wechsler Adult Intelligence Scale (WAIS-III and WAIS-IV) in a Forensic Inpatient Setting,DSH,2/4/2020,2/4/2020
16-11-2767-CONVERSION,Common rule/Human subjects,CR,"Nerissa Wu, PhD",CDPH,Sample Collection for Biomonitoring Method Development and Refinement,,4/29/2020,4/30/2020
13-02-1097-CONVERSION,SB-13 (Information Practices Act),CR,"Chun Chao, PhD",Kaiser Permanente,An Examination of Chronic Health Problems of Survivors of Adolescent and Young Adult Cancer,CDPH: California Cancer Registry (CCR),2/20/2020,2/21/2020
12-04-0140-CONVERSION,Common rule only,CR,"Caroline Tanner, MD, PhD","University of California, San Francisco",California Parkinsons Disease Registry Pilot Project Research:  Use of Medicare Data to Assess Registry Data Collection Efficiency,CMS: Research Identifiable Files,5/4/2020,6/5/2020
17-03-2920-CONVERSION,Common rule only,CR,"Chloe East,","University of Colorado, Denver",Multigenerational Effects of Government Policies,CDPH: Birth Data File,6/18/2020,
15-10-2272-CONVERSION,SB-13 (Information Practices Act),CR,"Dennis Deapen, DrPH",University of Southern California,"Georgia California Surveillance, Epidemiology, and End Results (SEER) Genetic Testing Demonstration Project",CDPH: CA Cancer Registry,3/23/2020,3/24/2020
2020-014-UC San Diego,,DTM,"Wael Al-Delaimy, MD, PhD","University of California, San Diego",California American Indian Tobacco Initiative Evaluation,,1/24/2020,4/3/2020
2019-020-University of Rochester,Common rule/Human subjects,CR,"Peter Veazie, PhD",University of Rochester,Understanding the Impact of the ACA Medicaid Expansion on Emergency Department Utilization for Primary Care Treatable Conditions,OSHPD: EDD,1/17/2020,2/17/2020
2020-044-CDPH,,DTM,"Nina Moreno, PhD",Safe Passages,"California Reducing Disparities Project (CRDP) Phase 2, Safe Passages Law and Social Justice Life Coaching Local Evaluation",,3/3/2020,3/4/2020
13-01-1069-CONVERSION,SB-13 (Information Practices Act),CR,"Scarlett L Gomez, PhD","University of California, San Francisco",California Cancer Registry-Palo Alto Medical Foundation Linkage:  Creating an Anonymized Dataset for Cancer Research (Grant Title:  Evaluating Feasibility of and Potential Biases in Supplementing Cancer Registry Data Using External Sources),CDPH: California Cancer Registry,3/18/2020,3/24/2020
16-03-2470-CONVERSION,Common rule only,CR,"Leila Forouzan, MPA",REPancement Project California,Healthy City Direct Technical Assistance and Healthycity.org Online Mapping and Analysis,"CDPH: Birth & Death Master Statistical Files
OSHPD: Patient Discharge Data, Emergency Discharge Data, Ambulatory Surgery Data (public data); custom run request for summarized data (no CPHS approval required)",2/19/2020,2/26/2020
2020-093-CDPH,,DTM,"Jennifer Troyan, MPH",CDPH,"Use of Vital Records Data for Public Health Surveillance and Program Evaluation in Maternal, Child and Adolescent Health",,4/29/2020,5/1/2020
14-11-1779-CONVERSION,Common rule only,FIN,"Deepa Wani, PhD",University of Texas at San Antonio,Effect of Hospital Workload on Hospital Treatment and Outcome,OSHPD: non public patient discharge data (PDD),6/23/2020,
2020-096-Northwestern University,Common rule only,NEW,"Eilidh Geddes, MA Economics",Northeastern University,Rent Control and Domestic Violence,OSHPD: PDD,4/30/2020,5/5/2020
2019-112-Patton State Hospital,Common rule only,CR,"David Glassmire, PhD",California DSH,"Association Between Categorical Personality Disorder Diagnoses, Dimensional Measures of Personality, and Institutional Violence in a Forensic Inpatient Setting",,4/24/2020,4/27/2020
15-09-2209-CONVERSION,Common rule only,AMD,"Margo McKinlay, B.S.",Perkin Elmer,"Collection of Confirmed Lysosomal Storage Disorders (LSD) Positive Specimens for Testing to Develop NeoLysergic Acid Diethylamide Mass Spectometry Kit (MSMS). The Title is Different as it describes the Use of Collected LSD Positive Specimens (R01-14017, Performance Evaluation for the NeoLSD MSMS Kit and R01-15009 and R01-15009)","CDPH: California Biobank Program, Genetic Disease Screening Program",2/18/2020,2/18/2020
2019-263-UCLA,Common rule/Human subjects,AMD,"Howard Padwa, Ph.D.","University of California, Los Angeles",Implementation Evaluation of California Bridge Project,,4/7/2020,4/8/2020
2020-092-Public Health Institute,Common rule only,NEW,"Barbara Cohn, PhD",Child Health & Development Studies,Autism and Epigenetic Alterations in the Third Generation of the Child Health and Development Studies,CDPH: The California Biobank Program,4/29/2020,5/11/2020
16-03-2473-CONVERSION,Common rule only,CR,"Elizabeth Harris, PhD",National Council on Crime and Delinquency,Title IV-E Waiver Demonstration California Well-Being Project Evaluation,DSS: CWS/CMS data,3/2/2020,3/2/2020
16-07-2635-CONVERSION,Common rule/Human subjects,CR,"Emma Sanchez-Vaznaugh, ScD, MPH",San Francisco State University,Nutrition Policies and Environment Effects on Child Health and Academic Outcomes,DOE,4/30/2020,5/11/2020
2018-092-Keck School of Medicine,Common rule only,CR,"Thomas Mack, MD, MPH",University of Southern California,A Registry of California-Born Twins Link to California Cancer Registry,CDPH: California Cancer Registry,3/11/2020,5/12/2020
2020-064-CDPH,,DTM,"Thomas Avino, Ph.D.",,Improving Case Follow-up in the California Parkinson's Disease Registry.,,3/30/2020,4/6/2020
13-02-1077-CONVERSION,SB-13 (Information Practices Act),CR,"Geraldine Oliva, MD, MPH","University of California, San Francisco",Longitudinal Study of Hospital Outcomes for Californias Children,"CDPH: 1989 -2013 confidential birth and death files and 1989-2013 confidential fetal death files are in our possession
OSHPD: 1983-2014 confidential patient discharge and 2005-2014 confidential emergency department and ambulatory data are in our possession",2/25/2020,2/27/2020
14-08-1691-CONVERSION,Common rule only,CR,"Karla Kerlikowske, MD","University of California, San Francisco",Predictors of Recurrent Breast Tumors in Women with Ductal Carcinoma in Situ,CDPH: Confidential Death Statistical Master Data File,4/21/2020,6/8/2020
2020-053-UCLA,Common rule/Human subjects,AMD,"Ninez Ponce, PhD","University of California, Los Angeles",California Health Interview Survey (CHIS) Tobacco Studies,,6/8/2020,6/22/2020
2019-083-UW-Madison,Common rule only,CR,"Alan Sorensen, PhD",,Hospital Mergers and Service Ordering Behaviors,"OSHPD: PDD
OSHPD: ASD",2/25/2020,2/26/2020
15-07-2150-CONVERSION,SB-13 (Information Practices Act),AMD,"Kristin Palmsten, ScD","University of California, San Diego",Oral Corticosteroid Use During Pregnancy and Risk for Preterm Birth,"DHCS: Medi-Cal
OSHPD: hospital discharge data, i.e. Patient Discharge Data and Emergency Department Data",3/13/2020,3/13/2020
2020-035-NIOSH,,DTM,"R. Reid Harvey, DVM, MPH",Centers for Disease Control and Prevention,Malignant Mesothelioma (MM) in California During 19882016,,2/24/2020,4/3/2020
2018-118-University of Southern California,Common rule only,CR,"Joseph Wiemels, PhD",University of Southern California,Gene and Environment Risk Factors for Childhood Acute Leukemia Among Hispanics and Non-Hispanic Whites,,5/5/2020,5/5/2020
2018-113-UCLA,SB-13 (Information Practices Act),CR,"Kayuet Liu, PhD","University of California, Los Angeles","Obstetric Interventions, Neonatal Health, and Child Development",,4/20/2020,6/8/2020
2020-030-UC San Francisco,,DTM,"Debra Wadford, PhD",CDPH,"Identification of Pathogens and/or Host Biomarkers in Clinical Specimens from Patients with Acute and Febrile Respiratory Illness by Next-Generation Sequencing, Antibody Profiling, and Transcriptome Profiling",,2/21/2020,4/3/2020
2018-065-UC Irvine,Common rule/Human subjects,CR,"Tim Bruckner, PhD","University of California, Irvine",Time-Trends in Fetal Death and Neonatal Mortality in California,CDPH: VS-Birth/Fetal Death Data,2/19/2020,2/19/2020
17-01-2834-CONVERSION,Common rule only,FIN,"Pat Crawford, DrPH, RD","University of California, Berkeley",Participant Voices Study,,1/22/2020,4/3/2020
2017-013-Other,Common rule/Human subjects,CR,"Cheryl Grills, PhD",Loyola Marymount University,"The California Reducing Disparities Project  Phase II, Statewide Evaluation",,2/28/2020,3/4/2020
2018-140-RAND,Common rule/Human subjects,CR,"Melissa Bradley, BA",RAND,"Right Care at the Right Time, Consistent with a Person's Right to Choose:  An Audit of the Care at the Close of Life in the San Francisco Bay Area",CDPH: VSAC-Death Data,4/27/2020,4/29/2020
12-04-0132-CONVERSION,Common rule only,CR,"Karla Kerlikowske, MD","University of California, San Francisco",San Francisco Mammography Registry:  A Research Resource,CDPH: California Cancer Registry and Death Statistical Master File,5/5/2020,6/9/2020
12-07-0529-CONVERSION,SB-13 (Information Practices Act),CR,"Catherine Metayer, MD, PhD","University of California, Berkeley",Childhood Cancer Record Linkage Project,"CDPH: Archived Newborn Blood Spots (ANBS) specimens from the CDPH (CDPH), - Genetic Disease Screening Program (GDSP), Newborn Archived Blood Specimens, California Cancer Registry (CCR)",6/24/2020,
15-09-2232-CONVERSION,Common rule only,AMD,"Catherine Metayer, MD, PhD","University of California, Berkeley",Center for Integrative Research on Childhood Leukemia and the Environment,"CDPH: Genetic Disease Screening Program,  Archived Newborn Blood Specimens (ANBS) and Maternal Pregnancy Blood Sera; California Cancer Registry, CA Birth Registry",4/7/2020,4/14/2020
2019-073-CDPH,Common rule only,AMD,"Michelle Pearl, PhD",CDPH,Air Pollution and Placental Abruption (APPA),"CDPH: California Biobank Program Prenatal Screening Data
OSHPD: PDD Linked to Birth Cohort
CDPH: Birth and Fetal Death Records",5/14/2020,5/18/2020
13-05-1209-CONVERSION,Common rule/Human subjects,CR,"Barbara Cohn, PhD",Child Health & Development Studies,Prenatal Determinants of Inter-Generational Risk Pilot Study (PEDIGREE Daughters),CDPH: California Cancer Registry (CCR),6/26/2020,
12-05-0184-CONVERSION,Common rule/Human subjects,CR,"Beate Ritz, MD, PhD","University of California, Los Angeles",Pre- and Post-Natal Air Pollution Exposure and Early Childhood Respiratory Disease in the UCLA Environment and Pregnancy Outcomes Study (EPOS) Cohort,CDPH: Health Information and Research Section: Birth and Death Statistical Master Files,4/20/2020,6/8/2020
2020-069-WestEd,SB-13 (Information Practices Act),NEW,"Sara Doutre, MS",,California Special Education Funding Study,"CDE: California Special Education Management Information System
CDE: California Longitudinal Pupil Achievement Data System (CALPADS)
CDE: California Assessment of Student Performance and Progess",4/9/2020,5/11/2020
16-03-2471-CONVERSION,Common rule/Human subjects,CR,"Kristen Bell, Ph.D., J.D.",University of Oregon,Youth Offender Parole Study,CDCR,4/1/2020,4/1/2020
2019-074-Icahn School of Medicine at Mount Sinai,SB-13 (Information Practices Act),AMD,"Natalia Egorova, PhD",Mount Sinai School of Medicine,The Epidemiology and Clinical Outcomes of Thoracic Aortic Dissections and Related Predisposing Genetic and Inflammatory Conditions,"OSHPD: PDD
OSHPD: ASD
OSHPD: EDD
OSHPD: Linked Patient Discharge Data and Vital Statistics Death Statistical Master File (VS-DSMF) Version A  (death records are linked to the last PDD discharge record, regardless of level of care 1990-Most Recent Year Available)
OSHPD: Linked PDD and VS-DSMF (2005-Most Recent Year Available)
OSHPD: Linked EDD and VS-DSMF (2005-Most Recent Year Available)",2/14/2020,2/18/2020
2019-002-UC Berkeley,Common rule/Human subjects,AMD,"Jesse Rothstein, PhD","University of California, Berkeley",Promoting Take-Up of the Earned Income Tax Credit:  DSS Outreach,,4/21/2020,5/4/2020
12-04-0126-CONVERSION,Common rule only,AMD,"Stephen Nitch, PhD",California DSH,The Utility of the Repeatable Battery for the Assessment of Neuropsychological Status (RBANS) in a State Hospital,"DSH: RBANS Program Evaluation Project, NCS Referral database and CVLT-II database",6/16/2020,6/23/2020
2017-085-CCI,Common rule/Human subjects,CR,"Bowen Paulle, PhD",University of Amsterdam,Getting a Grip on Guiding Rage into Power (GRIP): Perceptions of Effects on Socio-Emotional Development and Behavioral Patterns in Two California State Prisons,,1/3/2020,2/7/2020
16-10-2758-CONVERSION,SB-13 (Information Practices Act),CR,"Sean Reardon, EdD",Stanford University,California Equity Project:  Student Level Achievement Data,"DOE: California Assessment of Student Performance and Progress (CASPP), Standardized Testing and Reporting program (STAR), and the California Longitudinal Pupil Achievement Data System (CALPADS)",2/19/2020,2/24/2020
2019-231-Los Angeles County,Common rule only,AMD,"William Nicholas, PhD, MPH, MA",LA County - Public Health Department,Assessing the Cross-Sector Impact of Maternity Assessment Management Access and Services (MAMAs)--An Initiative Integrating Health and Social Services for Low Income Pregnant Women in Los Angeles County,"CDPH: California Birth Statistical Master File
CDPH: California Birth Cohort File",1/14/2020,1/29/2020
12-06-0393-CONVERSION,Common rule/Human subjects,AMD,"Jeffrey Gould, MD, MPH",Stanford University,Development of State-Wide Perinatal Quality Improvement Metrics with OSHPD Patient Discharge Data/Birth Certificate Linked Data,"OSHPD: Linked Patient Discharge Data and Birth Cohort File
CDPH: Birth Cohort File",5/12/2020,5/14/2020
12-10-0772-CONVERSION,Common rule only,AMD,"Rashmi Sinha, Ph.D.",National Institutes of Health,NIH-AARP Diet and Health Study,"CDPH: NIH-AARP Diet and Health Study cohort and the California Cancer Registry
South Coast Air Quality Management District (AQMD) for the following variables ultra fine particulates (UFP); particulates less than 2.5 micrometers in diameter (PM2.5); particulates less than 10 micrometers in diameter (PM10); total suspended particulates (TSP); black carbons (BC); and organic compounds (OC).  ",5/21/2020,5/21/2020
2019-087-University of Washington,Common rule only,CR,"John Gore, MD, MS",University of Washington,Healthcare Disparities of Urological Cancers in Southeast Asian-Americans and Southeast Asians Compared to Other Asian Subgroups,CDPH: CCR,3/3/2020,3/3/2020
17-02-2892-CONVERSION,Common rule/Human subjects,AMD,"Suzanne Phelan, PhD","California Polytechnic State University, San Luis Obispo",Gestational Diabetes Prevention,"CDPH (Women, Infants, and Children Program - Santa Barbara County) WICMIS database",4/7/2020,4/14/2020
17-01-2865-CONVERSION,SB-13 (Information Practices Act),AMD,"Iona Cheng, Ph.D.","University of California, San Francisco",California Cancer Registry Linkage and the Northern California Colon Cancer Registry:  Ethnic/Racial Minorities in the Colon Cancer Cooperative Family Registry (Colon CFR),CDPH: California Cancer Registry,3/19/2020,4/1/2020
12-07-0507-CONVERSION,Common rule/Human subjects,CR,"Wendy Cozen, DO, MPH",University of Southern California,Genome Wide Admixture for Multiple Myeloma in African Americans,CDPH: California Cancer Registry database,1/17/2020,2/7/2020
2020-128-Education Testing Service,SB-13 (Information Practices Act),NEW,"Patti Baron, EdD",,Exploring Math Education Relationships by Analyzing Large Data Sets (EMERALDS),DOE: Smarter Balanced Test Data,6/19/2020,
17-06-3020-CONVERSION,Common Rule/Human Subjects,CR,"Nerissa Wu, PhD",CDPH,California Regional Exposure (CARE) Study,,6/22/2020,
2020-003-UC Berkeley,SB-13 (Information Practices Act),NEW,"Evan White, JD MPP","University of California, Berkeley",Assessing the Child Welfare System Service Delivery and Outcomes,,1/3/2020,2/10/2020
13-01-1028-CONVERSION,Common rule only,CR,"Gabriel Escobar, MD",,"Tools to Reduce Infant Respiratory Syncytial Virus (RSV) Morbidity and Asthma: 
 Use, Adherence and Effectiveness",CDPH: Birth Certificate data,2/19/2020,2/20/2020
12-09-0707-CONVERSION,Common rule/Human subjects,AMD,"Scott Johnson, PhD","University of California, Los Angeles",Brain Mechanisms of Visual Development,CDPH: Birth Records,6/18/2020,6/23/2020
12-06-0355-CONVERSION,Common rule only,AMD,"Martin Kharrazi, PhD",CDPH,Gestational Age Measurement in California Birth Records,CDPH: Live Birth/Fetal Death records and Prenatal & Newborn Screening records,1/30/2020,1/30/2020
2018-058-KP,Common rule only,CR,"Marilyn Kwan, PhD",Kaiser Permanente,Risk of Pediatric and Adolescent Cancer Associated with Medical Imaging,,2/19/2020,2/20/2020
13-02-1071-CONVERSION,Common rule only,CR,"Michelle Pearl, PhD",CDPH,Effectiveness of a Large Prenatal Tobacco Reduction Program,CDPH: prenatal screening data and 2000-2003 live birth statistical master files,3/9/2020,4/3/2020
2019-074-Icahn School of Medicine at Mount Sinai,SB-13 (Information Practices Act),CR,"Natalia Egorova, PhD",Mount Sinai School of Medicine,The Epidemiology and Clinical Outcomes of Thoracic Aortic Dissections and Related Predisposing Genetic and Inflammatory Conditions,"OSHPD: PDD
OSHPD: ASD
OSHPD: EDD
OSHPD: Linked Patient Discharge Data and Vital Statistics Death Statistical Master File (VS-DSMF) Version A  (death records are linked to the last PDD discharge record, regardless of level of care 1990-Most Recent Year Available)
OSHPD: Linked PDD and VS-DSMF (2005-Most Recent Year Available)
OSHPD: Linked EDD and VS-DSMF (2005-Most Recent Year Available)",2/19/2020,2/20/2020
14-04-1552-CONVERSION,SB-13 (Information Practices Act),CR,"Sarah Yi, PhD",Centers for Disease Control and Prevention,Hospital Acquired Infection Risk by Primary Payer,OSHPD: patient discharge data are being requested,4/20/2020,6/8/2020
2019-067-UC San Diego,SB-13 (Information Practices Act),CR,"James Murphy, MD, MS","University of California, San Diego",Do Payments to Physicians From Drug and Device Companies Affect the Care They Provide Their Patients?,CDPH: California Cancer Registry,4/16/2020,4/17/2020
2020-110-Public Health Institute,,DTM,"Kyli Gallington, MPH, BS",,Get More at the Farmers Market Initiative Program,,5/7/2020,5/8/2020
2020-026-UC San Diego,Common rule only,AMD,"Katherine Meckel, PhD",,Early Life Determinants of Suicides and Overdoses Among Middle Aged Californians,"CDPH: DSMF, CCDF, MCOD, Births",5/4/2020,5/4/2020
12-06-0337-CONVERSION,Common rule/Human subjects,CR,"Beate Ritz, MD, PhD","University of California, Los Angeles",Parkinsons Susceptibility Genes and Pesticides,California Parkinson's Disease Registry housed at UCLA,6/23/2020,
17-06-3020-CONVERSION,Common Rule/Human Subjects,AMD,"Nerissa Wu, PhD",CDPH,California Regional Exposure (CARE) Study,,3/12/2020,3/13/2020
12-09-0707-CONVERSION,Common rule/Human subjects,AMD,"Scott Johnson, PhD","University of California, Los Angeles",Brain Mechanisms of Visual Development,CDPH: Birth Records,6/29/2020,
2018-076-UC San Francisco,Common rule/Human subjects,AMD,"Scarlett L Gomez, PhD","University of California, San Francisco",Active Surveillance and Patient Reported Outcomes in a Diverse Population of Prostate Cancer Patients,,1/21/2020,1/29/2020
12-04-0045-CONVERSION,SB-13 (Information Practices Act),AMD,"Holly Hoegh, PhD",OSHPD,California Coronary Artery Bypass Graft Outcomes Reporting Program (CCORP),,5/5/2020,5/5/2020
2019-171-KP,Death data only,AMD,"Elizabeth McGlynn, PhD",Kaiser Permanente,Estimating Healthy Life Years Among Kaiser Permanente Members and Kaiser Permanente Communities,"CDPH: DSMF
CDPH: CCMDF
CDPH: CCDF Static
CDPH: Multiple Cause of Death",4/6/2020,4/16/2020
2019-128-UC Berkeley,SB-13 (Information Practices Act),CR,"Jesse Rothstein, PhD","University of California, Berkeley",Examining Regional Variation in Community College Outcomes,,4/21/2020,6/5/2020
2019-124-UC San Francisco,Common rule/Human subjects,CR,"Megumi Okumura, MD MAS","University of California, San Francisco",California Children's Services/Whole Child Model Program Evaluation,"OSHPD: Emergency Department Data and Patient Discharge Data
DHCS: CCS Claims and client files from the Management Information System / Decision, Support System (MIS/DSS ), Appeals and grievances and Fair Hearings data, CMS Net system",4/21/2020,6/8/2020
2018-150-UC Berkeley,Common rule only,CR,"Libby Morimoto, PhD","University of California, Berkeley",Genetic Epidemiology of Pediatric Rhabdomyosarcoma,"CDPH: CCR, GDSP and  CHSI",6/22/2020,
2019-205-Los Angeles Biomedical Research Institute,"Death data only, SB-13 (Information Practices Act)",AMD,"Rie Sakai-Bizmark, MD, MPH, PhD",The Lundquist Institute for Biomedical Innovation,Subsequent Suicide Attempts and SuccessAamong Individuals With An Emergency Department Visit After First Suicide Attempt,"OSHPD: Patient Discharge Data (PDD)
OSHPD: Emergency Department Data (EDD)
OSHPD: Linked PDD an Vital Statistics Death Statistical Master File (VS-DSMF)
OSHPD: EDD and VS-DSMF",1/8/2020,1/10/2020
2018-047-UCLA,"SB-13 (Information Practices Act), Common rule/Human subjects",AMD,"Darren Urada, PhD","University of California, Los Angeles",Evaluation of the Hub and Spoke:  Statewide Medication Assisted Treatment Expansion Program,,1/21/2020,1/28/2020
13-12-1453-CONVERSION,SB-13 (Information Practices Act),CR,"Kimberly Gregory, MD, MPH",,Safety in Childbirth; Estimating Benefits of Risk Appropriate Obstetrical Care,"OSHPD: linked PDD/ED/AS/Birth Cohort data set for 2009, 2010 and 2011 and 2012 as these data become available",3/6/2020,3/6/2020
2018-072-Stanford University,Common rule only,CR,"Grace Lee, MD MPH",,Preventing Avoidable Infectious Complications by Adjusting Payment,,3/5/2020,3/6/2020
2018-041-CPIC,SB-13 (Information Practices Act),CR,"Salma Shariff-Marco, PhD, MPH","University of California, San Francisco",Impact of Neighborhoods and Navigation on Survivorship,,1/6/2020,2/7/2020
16-08-2686-CONVERSION,Common rule only,AMD,"Ashaki M Jackson, PhD",LA BioMed,Strong Start-MAMAS Neighborhood:  Improving Birth Outcomes Using a Participatory Modeled Approach,DHCS: Medi-Cal Data Claims File and Medi-Cal Data Eligibility File,6/29/2020,
15-05-2036-CONVERSION,Common rule only,AMD,"Craig Pollack, MD, MHS",Johns Hopkins Medicine,Comparative Effectiveness of Moving to a Low-Versus Remaining in a High-Poverty Neighborhood for Health Care Utilization and Costs of Care,"OSHPD: Patient Discharge Data (from 1995-1997), Ambulatory Surgery Center Data and Emergency Department Data",6/3/2020,6/4/2020
2019-108-Kaiser Foundation Research Institute,Common rule only,CR,"James Frank Wharam, MD",Harvard Pilgrim Healthcare Institute,"A Naturalistic Experiment Evaluating the Impact of Medicaid Treatment Reimbursement Changes on 
Opioid Prescribing and Patient Outcomes Among Patients with Back Pain
(""Back on Track"")",DHCS: MIS/DSS MEDS and Claims,4/22/2020,4/27/2020
2020-013-Legislative Analyst's Office,,DTM,"Jacqueline Barocio, MPP",Legislative Analyst's Office,Summary Statistics On Caseload Overlap Between In-Home Supportive Services And Developmental Services,,1/17/2020,2/7/2020
16-06-2579-CONVERSION,SB-13 (Information Practices Act),CR,"Erin Accurso, PhD","University of California, San Francisco",Health Disparities in the Medical and Mental Health Care for Youth with Eating Disorders,DHCS: archival database,2/19/2020,2/24/2020
2020-126-UC San Francisco,,DTM,"Rachel Odes, MS RN",,Investigating Differences in Hospital Practices Related to Californias Workplace Violence in Healthcare Standard: An Explanatory Sequential Mixed Methods Study,,6/18/2020,6/30/2020
13-10-1366-CONVERSION,Common rule only,CR,"Emily Putnam-Hornstein, PhD",University of Southern California,The Children's Data Network/California Children's Services Archive,"CDSS: Child Welfare Services / Case Management data (CWS/CMS), Structured Decision Making Data (SDM records via the Children's Research Center and falling under the authority of CDSS)
CDPH: Vital Statistics Birth Master & Cohort Files; Vital Statistics Death Master Files
CDCR: (1) Offender-Based Information System (OBIS), (2) Offender-Based Information Tracking System (OBITS)
DDS: Purchase of Service System (POS), Vendor System (Vendor), Client Master File (CMF), Client Development Evaluation Report System (CDER), Early Start Report System (ESR)
DHCS: Medicaid Eligibility and Billing / Claims Records (MEDS)
DMV: Driver License / Identification Cards (DL/ID) 
DOJ: Criminal Offender Record Information system (CORI), specifically ACHS and MACR files
CDE: California Longitudinal Pupil Achievement Data System (CALPADS)
First 5 Los Angeles: Strengthening Families Database (WB)
San Francisco Human Services Agency: Homeless Management Information System records (HMIS), Medicaid Enrollment records (Medi-CAL), Temporary Assistance for Needy Families records (TANF), Supplemental Nutrition Assistance Program records (SNAP/CalFresh), Subsidized Child Care, Preschool for All (PFA), Family Resource Centers (FRC), Department of Children, Youth and Their Families (DCYF) CMS Data
Los Angeles County Department of Mental Health: LACDMH Services Records (LACDMH)
Child Care Resource Center (CCRC): Child Care Records (subset of LA County)
Los Angeles County Department of Probation: Probation Case Management System (PCMS) 
Los Angeles Homeless Services Authority: Homeless Management Information System (HMIS)",4/23/2020,6/8/2020
14-01-1466-CONVERSION,Common rule only,AMD,"Michelle Pearl, PhD",CDPH,Life Course Social Context and Disparities in Birth Outcomes,"CDPH: Prenatal Screening (PNS) and Newborn Screening (NBS) Program data, maintained by the Genetic Disease Screening Program; and live birth and death files",4/29/2020,5/4/2020
12-07-0512-CONVERSION,Death data only,CR,"David Glassmire, PhD",California DSH,Validation of Embedded Malingering Indices in the Wechsler Adult Intelligence Scale-Fourth Edition (WAIS-IV) in a Forensic Psychiatric Inpatient Population,DSH: psychological testing data and information from treatment charts ,1/3/2020,2/7/2020
14-05-1591-CONVERSION,SB-13 (Information Practices Act),CR,"David Zingmond, MD, PhD","University of California, Los Angeles",Impact of Health Care Among Seniors and Persons With Disabilities Population in Medi-Cal Managed Care,"DHCS: Medicaid fee-for-service beneficiary eligibility  and paid claims data. 
CDPH: Mortality data from the CA Office of Vital Statistics",5/13/2020,6/20/2020
2019-126-UC Berkeley,Common rule only,AMD,"Jesse Rothstein, PhD","University of California, Berkeley",Improving Outcomes for High Utilizers of Mental Health and Homelessness Services,,4/21/2020,4/21/2020
16-05-2552-CONVERSION,Common rule/Human subjects,CR,"Margaret Raymond, PhD",Stanford University,"The Impacts of School Quality Improvements in the Region of Oakland, California",DOE,4/23/2020,6/8/2020
2019-006-Yale University,Common rule only,CR,"Kenneth Gillingham, PhD",Yale University,The Effect of Air Pollution from Ports in California on Human Health,"OSHPD: PDD
OSHPD: EDD
OSHPD: ASD",2/19/2020,4/6/2020
14-06-1624-CONVERSION,Common rule/Human subjects,CR,"Susan Zief, PhD",Mathematica Policy Research,Pregnancy Assistance Fund Feasibility and Design Study (PAF FADS),"MCAH: agency-level information on AFLP and AFLP-PYD program attendance, dosage, and content coverage",6/18/2020,
13-03-1140-CONVERSION,Common rule/Human subjects,CR,"Sheryl Williams, PhD",CDPH,"Surveillance of Human Immunodeficiency Virus Risk and Prevention Behaviors of Men Who Have Sex with Men, Injection Drug Users, and Heterosexuals:  San Diego, California",,3/4/2020,3/13/2020
14-11-1798-CONVERSION,Common rule only,FIN,"Gary Marsh, PhD",University of Pittsburgh,Cohort Mortality Study of Workers Exposed to Tungsten Carbide with a Cobalt Binder-Phase 3,"CDPH: Vital Statistics Data, specifically paper copies of death certificates from 1950-1978",5/11/2020,6/5/2020
13-10-1382-CONVERSION,SB-13 (Information Practices Act),CR,"Jennifer Ahern, PhD, MPH","University of California, Berkeley",A Rigorous System to Determine the Health Impacts of Policies and Programs,"CDPH:  including the death statistical master file,  the fetal death statistical master file, the birth statistical master file, and the birth cohort file.
OSHPD: Patient Discharge data - emergency room visits and in-patient discharge data",4/22/2020,6/8/2020
2020-001-CEIP,,DTM,"Joelle Nadle, MPH",California Emerging Infections Program,Emerging Infections Program Healthcare-Associated Infections and Antimicrobial Use Prevalence Survey - Phase 5,,1/2/2020,2/7/2020
2018-104-UC San Francisco,Common rule only,AMD,"Emily Bergsland, MD","University of California, San Francisco",University of California San Francisco Neuroendocrine Tumor Outcomes Database (CC# 10456),CDPH: CCR,5/1/2020,5/5/2020
12-08-0644-CONVERSION,Common rule/Human subjects,AMD,"Christine Borger, PhD",,"Women, Infants, and Children Infant and Toddler Feeding Practices Study2 (WIC ITFPS-2): Feeding My Baby  A National Women, Infants, and Children Study","CDPH: Integrated Statewide Information System (ISIS), where all WIC data are stored in California",4/23/2020,4/23/2020
15-04-1954-CONVERSION,Common rule only,AMD,"Margo McKinlay, B.S.",Perkin Elmer,Collection of Confirmed Positive Specimens for Evaluation in a Clinical Study to Establish Screening Performance of the PerkinElmer NeoBase2 Non-Derivatized Mass SpectrometryMass Spectrometry Test System for Inborn Errors of Metabolism.,"CDPH: California Biobank Program, Genetic Disease Screening Program",2/24/2020,2/26/2020
15-07-2150-CONVERSION,SB-13 (Information Practices Act),AMD,"Kristin Palmsten, ScD","University of California, San Diego",Oral Corticosteroid Use During Pregnancy and Risk for Preterm Birth,"DHCS: Medi-Cal
OSHPD: hospital discharge data, i.e. Patient Discharge Data and Emergency Department Data",1/10/2020,1/13/2020
2019-133-VCUHealth,"SB-13 (Information Practices Act), Common rule only",CR,"Brian Cassel, PhD",Virginia Commonwealth University Health,Evaluation of Piloting the Use of Consensus Standards in Payer-Provider Contracts for Specialist Palliative Care,DHCS: Claims data from Medi-Cal managed care plans,4/20/2020,6/5/2020
2018-142-UCLA,SB-13 (Information Practices Act),CR,"Laura Wherry, PhD","University of California, Los Angeles",Early Health Investments and Long-Term Outcomes,,4/20/2020,6/8/2020
16-04-2529-CONVERSION,Common rule/Human subjects,CR,"Kristen Lyall, ScD",Drexel University,Prenatal Polyunsaturated Fatty Acid Levels and Risk of Autism Spectrum Disorders,"DDS: Client Development Evaluation Report (CDER)
CDPH: Birth Certificate, Perinatal Cohort File, Newborn Screening, Prenatal Screening",5/4/2020,6/8/2020
2019-140-San Diego County,Common rule/Human subjects,AMD,"Elizabeth Harris, PhD",National Council on Crime and Delinquency,Hotline Multidisciplinary Team Evaluation,,5/6/2020,5/14/2020
13-01-1056-CONVERSION,Common rule only,FIN,"Alicia Gilsenan, PhD",Research Triangle Institute (RTI) International,Forteo Patient Registry,"CDPH: California Cancer Registry database, osteosarcoma cases diagnosed 2009-2024. A staff member from the CCR will perform the annual data linkage (through 2024)",4/22/2020,6/5/2020
16-05-2554-CONVERSION,Common rule/Human subjects,AMD,"Margaret Raymond, PhD",Stanford University,The Impact of School Management Structures on Student Academic Growth,"DOE: STAR, CAHSEE, CALPADS",6/23/2020,6/24/2020
2018-069-UC San Francisco,Common rule only,CR,"Paula Braveman, MD, MPH","University of California, San Francisco","Favorable Preterm Birth (PTB) Rates Among African-Born Black Women Support the Social Environment, not Underlying Genetic Differences, as a Major Cause of the Black-White Disparity in Preterm Birth",CDPH: VS-Birth data,2/28/2020,3/5/2020
16-02-2417-CONVERSION,Common rule only,CR,"Rose Scott, PhD","University of California, Merced",Prenatal Smoking Exposure and Children's Cognitive Development,CDPH: Birth Master Files,3/3/2020,3/3/2020
2018-214-Perkin Elmer,Common rule only,AMD,"Lisa Vershave,",Perkin Elmer,Collection of Confirmed Classic Galactosemia (Galactose-1-Phosphate Uridyltransferase Deficient) Positive Newborn Screening Specimens,,2/20/2020,2/27/2020
2018-144-CDPH,Common rule only,CR,"Lauren Whetstone, PhD",CDPH,Monitoring Weight Status and Physical Activity Among Youth in California Using FitnessGram Data,,6/1/2020,6/9/2020
2018-165-DSS,SB-13 (Information Practices Act),CR,"Caroline Danielson, PhD, MPhil",Public Policy Institute of California (PPIC),Mobility Through CalFresh and CalWORKs,"CDSS: SNAP LDB
CDSS: SNAP RADEP
CDSS: WDTIP
CDSS: TANF LDB
CDSS: EBT/SARS
CDSS: QCEW
CDSS: Base Wage Match and UI File",6/29/2020,
12-05-0176-CONVERSION,Common rule/Human subjects,CR,"Ninez Ponce, PhD","University of California, Los Angeles",California Health Interview Survey,,4/30/2020,4/30/2020
17-07-3070-CDPH,,CR,"Paula Krakowiak, MS, PhD",,The California Pregnancy-Associated Review (CA-PAMR) Project,,2/28/2020,3/3/2020
2018-093-Claremont Colleges,Common rule only,AMD,"Javier Rodriguez, PhD",Claremont Graduate University,Comparative Analysis of Police Force Effects on Birth Outcomes in the United States,CDPH: VS-Birth Data,2/20/2020,2/25/2020
12-04-0157-CONVERSION,SB-13 (Information Practices Act),AMD,"Jeffrey Gould, MD, MPH",Stanford University,The California Maternal Data Center:  Establishing a Statewide Data Center for Use in Rapid-Cycle Maternity Care Improvement Projects,"OSHPD: Patient Discharge Data (PDD) Non-Public Patient Level Data
CDPH: Birth Statistical Master Files (Special Runs)
CDPH: Fetal Death Statistical Master Files (Special Run)",6/18/2020,6/18/2020
13-02-1087-CONVERSION,Common rule/Human subjects,CR,"Robert Harrison, MD, MPH","University of California, San Francisco",California Occupational Safety and Health Surveillance (U60OH00 8468-11),"OSHPD: Patient Discharge Database, emergency Department Database, Ambulatory Surgery Database
DIR: Doctors First Reports of Occupational Injury or Illness, Workers Compensation Information System
DPR: Pesticide Illness Reports, Pesticide Episode Notification Reports
California Poison Control Centers: Pesticide Illness Reports, California Reportable Disease Information Exchange  Pesticide Illness Reports
Cal/OSHA:  State of CA/DIR/DOSH ACCIDENT REPORT FORM
CDPH: CA Electronic Death Registration System",2/19/2020,2/20/2020
2020-029-Other,,DTM,"Crystal Milne, MPH",,Wisdom Wanted:  Experiences of Aging and Ageism Among Older Adults in Napa County,,2/21/2020,2/25/2020
17-02-2892-CONVERSION,Common rule/Human subjects,AMD,"Suzanne Phelan, PhD","California Polytechnic State University, San Luis Obispo",Gestational Diabetes Prevention,"CDPH (Women, Infants, and Children Program - Santa Barbara County) WICMIS database",2/24/2020,2/25/2020
16-08-2686-CONVERSION,Common rule only,CR,"Ashaki M Jackson, PhD",LA BioMed,Strong Start-MAMAS Neighborhood:  Improving Birth Outcomes Using a Participatory Modeled Approach,DHCS: Medi-Cal Data Claims File and Medi-Cal Data Eligibility File,6/26/2020,
17-05-2982-CONVERSION,Common rule/Human subjects,CR,"John Coie, PhD",Duke University,Reduction of Recidivism Through Neurofeedback Training,,4/21/2020,6/8/2020
2020-067-Education Testing Service,SB-13 (Information Practices Act),NEW,"Cara Laitusis, PhD",,Automated Detection of Crisis Papers,CDE: The ETS Online Network for Evaluation.,4/6/2020,
2018-041-CPIC,SB-13 (Information Practices Act),AMD,"Salma Shariff-Marco, PhD, MPH","University of California, San Francisco",Impact of Neighborhoods and Navigation on Survivorship,,1/6/2020,1/7/2020
17-05-2993-CONVERSION,SB-13 (Information Practices Act),AMD,"Justin Remais, PhD","University of California, Berkeley",Effects of Drought and Climate Change on Public Health in California,CDPH: Surveillance and Statistics Section within the Infectious Diseases Branch ,1/8/2020,1/8/2020
2018-252-Stanford University,Common rule only,CR,"Rosa Bacchetta, MD",Stanford University,Epigenetic Immune Quantification as Screening Method to Diagnose Primary Immune Disorders,,2/20/2020,2/26/2020
13-06-1252-CONVERSION,Common rule/Human subjects,AMD,"Ann Hamilton, PhD",University of Southern California,"The Challenge of Individualizing Treatments for Patients with Breast Cancer, Program Project Grant:  Los Angeles Subcontract",CDPH: California Cancer Registry,6/22/2020,
12-12-1024-CONVERSION,Common rule only,CR,"Sean Evans, PhD",La Sierra University,Perceptions of Staff Safety and Violence Risk Assessment Decision Making at a Forensic Psychiatric Hospital,DSH,4/22/2020,6/8/2020
12-05-0176-CONVERSION,Common rule/Human subjects,AMD,"Ninez Ponce, PhD","University of California, Los Angeles",California Health Interview Survey,,4/27/2020,4/28/2020
2019-123-Georgetown University,Common rule/Human subjects,CR,"Judy Wang, PhD",Georgetown University Medical Center,Web-Based Communication Education for Breast Cancer Survivorship Care,CDPH: California Cancer Registry,4/21/2020,6/8/2020
2020-094-CEIP,,DTM,"Mirasol Apostol, MPH",California Emerging Infections Program,Enhanced Surveillance for Invasive Early-Onset (EOGBS) and Late-Onset Group B Streptococcal (LOGBS) Disease - Missed Opportunities for Prevention,,4/29/2020,6/5/2020
2020-023-CCHCS,,DTM,"Justine Hutchinson, PhD, MPH",CDCR,State Death Data for Evaluation of California Correctional Health Care Services (CCHCS) Programs,,2/11/2020,4/3/2020
2020-089-Loma Linda University,Common rule/Human subjects,NEW,"Timothy Martens, MD, PhD",,California School Performance for Children and Adolescents with Congenital Heart Disease (CHD) and Heart Transplants,"CDE: CAASPP Score English 3-8, 11 and Math 5,8, 10 grades",4/27/2020,
13-01-1048-CONVERSION,Common rule only,AMD,"Catherine Sandhofer, PhD","University of California, Los Angeles",Research in Language and Cognitive Development,CDPH,4/28/2020,4/29/2020
16-11-2767-CONVERSION,Common rule/Human subjects,AMD,"Nerissa Wu, PhD",CDPH,Sample Collection for Biomonitoring Method Development and Refinement,,6/24/2020,
17-06-3028-CONVERSION,SB-13 (Information Practices Act),CR,"Woutrina Smith, DVM, MPVM, PhD","University of California, Davis",Evaluation of Lyme Disease Surveillance Data in California,CDPH: Surveillance data on Lyme disease from 2011- 2016 ,6/19/2020,
2020-111-DSH,,DTM,"Elijah Morrow, PsyD",,Organizational Trauma Informed Care during the COVID-19 Pandemic,,5/8/2020,5/20/2020
2019-136-WestEd,Common rule only,CR,"Neal Finkelstein, PhD",WestED,Math Course Pathways and Performance of California High School Students in the Common Core Era,,4/29/2020,6/8/2020
15-09-2211-CONVERSION,Common rule only,AMD,"Ying-Ying Meng, DrPH","University of California, Los Angeles",Improvements in Air Quality and Health Outcomes Among California Medicaid Enrollees Due to Goods Movement Actions (Phase 2 Health Effect Study),"DHCS: Disease Management Pilot Program (DMPP), Enrollment and medical care utilization data from 9/1/2004 to 8/31/2010 ",6/8/2020,6/9/2020
16-02-2411-CONVERSION,SB-13 (Information Practices Act),CR,"Ravi Singh,","University of California, Merced",Regional Variation in Hospital Usage for Chronic Conditions,"OSHPD: Patient Discharge Data (PDD), Emergency Department Data (ED), and Ambulatory Surgery Center Data (AS) are the databases that will be used.  
CDC: Centers for Disease Control and Prevention
Census: US Census Bureau Data",6/22/2020,
14-02-1492-CONVERSION,SB-13 (Information Practices Act),FIN,"Deepa Wani, PhD",University of Texas at San Antonio,Does Public Reporting of Quality Measures Impact Patient Choice?,OSHPD: non public patient discharge data (PDD),6/23/2020,
13-11-1414-CONVERSION,"Death data only, SB-13 (Information Practices Act)",CR,"David Zingmond, MD, PhD","University of California, Los Angeles",Impact of New Medicare Readmission Policy on Hospital Readmissions for All Patients,OSHPD: Patient Discharge Database and Emergency Department Database; CA Death Statistical Master File-- linked to hospital data; Annual state hospital financial data,5/13/2020,6/13/2020
2018-056-UC San Diego,SB-13 (Information Practices Act),CR,"Yuyan Shi, PhD","University of California, San Diego",The Epidemiology of Marijuana and Opioid Abuse,,2/19/2020,2/25/2020
16-02-2421-CONVERSION,SB-13 (Information Practices Act),CR,"Joseph Wiemels, PhD",University of Southern California,Etiology of Breast Cancer: Serologic Studies,CDPH: California Cancer Registry,4/21/2020,6/8/2020
12-04-0064-CONVERSION,Common rule only,CR,"Philip Hopewell, MD","University of California, San Francisco","Effect of Drug Resistance on Transmissibility
and Pathogenicity of Mycobacterium Tuberculosis","Tuberculosis Control Branch & participating Local Health Jurisdictions
Microbials Diseases Laboratory ",6/19/2020,
2018-172-UC Berkeley,Common rule/Human subjects,CR,"Paula Johnson, PhD, MPH",CDPH,"Chemical Exposure via Personal Care Products in Black, Latina, and Asian Women",,6/29/2020,
2018-076-UC San Francisco,Common rule/Human subjects,CR,"Scarlett L Gomez, PhD","University of California, San Francisco",Active Surveillance and Patient Reported Outcomes in a Diverse Population of Prostate Cancer Patients,,3/19/2020,3/20/2020
2020-118-UC San Francisco,,DTM,"Carla Perissinotto, MD MHS",,Assessing the Effect of COVID-19 on Loneliness and Social Isolation in Older Adults,,5/20/2020,6/5/2020
2019-032-University of Southern California,Common rule/Human subjects,AMD,"Grace Baranek, PhD",University of Southern California,Southern California Child Development Survey (SoCal CDS),,2/19/2020,2/20/2020
2017-013-Other,Common rule/Human subjects,AMD,"Cheryl Grills, PhD",Loyola Marymount University,"The California Reducing Disparities Project  Phase II, Statewide Evaluation",,5/4/2020,5/5/2020
2018-149-UC Berkeley,SB-13 (Information Practices Act),CR,"Catherine Metayer, MD, PhD","University of California, Berkeley",Epidemiology of Testicular Cancer in Children and Adolescents,"CDPH: CCR, CHSI and GDSP",6/19/2020,
12-12-1016-CONVERSION,Common rule only,CR,"Mark Mather, PhD",Population Reference Bureau,Tracking the Well-Being of Children in California,CDPH: 2014 and 2015 Birth Statistical Master Files (without personal identifiers) and 2014 and 2015 Death Statistical Master Files  (without personal identifiers),2/19/2020,2/24/2020
13-01-1029-CONVERSION,Common rule/Human subjects,CR,"Thomas Newman, MD, MPH",,Late REPerse Impact of Getting Hyperbilirubinemia or PhotoTherapy (LIGHT),DDS: Birth certificate data,2/19/2020,2/20/2020
15-04-1992-CONVERSION,Common rule/Human subjects,CR,"Shu-Hong Zhu, PhD","University of California, San Diego",California Student Tobacco Survey,,5/8/2020,6/8/2020
2020-026-UC San Diego,Common rule only,NEW,"Katherine Meckel, PhD",,Early Life Determinants of Suicides and Overdoses Among Middle Aged Californians,"CDPH: DSMF, CCDF, MCOD, Births",2/19/2020,3/1/2020
17-01-2836-CONVERSION,Common rule/Human subjects,FIN,"Paul English, PhD, MPH",CDPH,Youth Environmental Health Leadership Academy and Air Monitor Sustainability,,3/16/2020,4/3/2020
2019-184-University of Southern California,Common rule only,CR,"Daniella Meeker, PhD",,i2b2 and Data Repository,CDPH: Death Data Files,6/19/2020,
2020-105-RAND,,DTM,"Kathleen Loa, MPP",,Ovens and Tinderboxes in the Golden State: A mixed methods exploratory analysis of joint heatwave power outage costs and adaptive strategies,,5/5/2020,6/5/2020
2019-107-UC Davis,Common rule only,CR,"Hannah Laqueur, PhD, MA, MPA","University of California, Davis",Firearm Purchase Behavior and Subsequent REPerse Events,"CDPH: California Comprehensive death files (HIRS-2005-2016 CCDF Data Dictionary_updated_000s_fields)(
OSHPD: Patient Discharge Data (PDD), Emergency Department Data (EDD), Probabilistic PDD linked Death Version A/B Justification, Deterministic-Heuristic Linked PDD and VS-DSMF and Deteministic-Heuristic Linked EDD and VS-DSMF",5/7/2020,6/8/2020
15-12-2331-CONVERSION,Common rule/Human subjects,CR,"Lowell Taylor,",Carnegie Mellon University,"National Longitudinal Survey of Youth, 1997",,5/11/2020,5/11/2020
17-02-2889-DOR,Common rule/Human subjects,CR,"Mark Tucker, PhD",San Diego State University,California Career Innovations,,4/27/2020,6/8/2020
2020-078-CDPH,,DTM,"Kristin Cummings, MD, MPH",CDPH,Enhanced Surveillance Occupational Burden of and for Occupational Contributors to Corona Virus Disease-19 (COVID) Fatalities in California,,4/22/2020,6/5/2020
2020-088-Scripps Memorial Hospital,,DTM,"Paul Gibbs, MD",,Effect of Pathologic Technique on Detection of Axillary Lymph Node Metastases in Breast Carcinoma,,4/24/2020,6/5/2020
2017-040-Los Angeles Biomedical Research Institute,SB-13 (Information Practices Act),AMD,"Rie Sakai-Bizmark, MD, MPH, PhD",The Lundquist Institute for Biomedical Innovation,Trends in the Use of Percutaneous Intervention in Congenital Heart Disease for Pediatric Patients,,1/9/2020,1/16/2020
2020-091-University of North Carolina,,DTM,"Hazel Nichols, PhD","University of North Carolina, Chapel Hill",In vitro fertilization outcomes after cancer,,4/29/2020,
14-02-1523-CONVERSION,SB-13 (Information Practices Act),FIN,"Donald Green, PhD",Columbia University,Reducing Teen Births Among Latinas:  A Pilot Randomized Controlled Trial to Test the Effectiveness of Radio Messages,CDPH: CDPH Birth Cohort Data files,6/19/2020,
2019-099-University of Southern California,"SB-13 (Information Practices Act), Common rule only",CR,"Joel Milam, PhD",University of Southern California,Sociodemographic Correlates of Long-Term Survival of Childhood Cancers Diagnosed Between 1988 and 2015 in California,CDPH: California Cancer Registry,4/20/2020,6/8/2020
