Protocol ID,Project Type,Application Type,PI Name,PI Organization,Project Title,Data Source,Defined,Completed
12-06-0379-CONVERSION,"Death data only, Common rule/Human subjects, Common rule only",AMD,"Hoda Anton-Culver, PhD","University of California, Irvine",Cancer Genetics Research Information System (CGRIS),"CDPH: Cancer Surveillance and Research Branch, California Cancer Registry (CCR) will perform the data linkage on all three databases:  Cancer-incidence data are from the CCR Research Database
OSHPD patient-discharge data.  
CDPH: Mortality data",5/8/2020,5/8/2020
17-05-2964-CONVERSION,Common rule only,CR,"Michael Pergamit, PhD",Urban Institute,Phase II Evaluation Activities for Implementing a Next Generation Evaluation Agenda for the Chafee Foster Care Independence Program,DSS: Child Welfare Services / Case Management System; California Student Aid Commission (CSAC) Chafee ETV data (to be transmitted via CDSS),4/20/2020,6/8/2020
15-06-2068-CONVERSION,Common rule/Human subjects,AMD,"Mary Norton, MD","University of California, San Francisco",Single Nucleotide Polymorphism-Based Microdeletion and Aneuploidy RegisTry (SMART),CDPH: Newborn Screening Program,6/3/2020,6/3/2020
2019-270-CDPH,Common rule only,AMD,"Joseph Lewnard, PhD",,The Effects of Air Pollution from Wildfire Smoke on Tuberculosis Severity and Outcomes in California,CDPH: Tuberculosis Case Registry,1/23/2020,1/28/2020
2020-063-Loma Linda University,,DTM,"Priya Vedula, MPH",,An investigation into the effects of fluoride cessation on dental caries in Californians,,3/19/2020,3/20/2020
2018-176-Westat,Common rule/Human subjects,FIN,"David Cantor, MS, PhD",Westat,The Third National Survey of Youth in Custody (NSYC-3),,6/18/2020,
12-10-0788-CONVERSION,Common rule/Human subjects,AMD,"Pennan Barry, MD",CDPH,Use of Clofazimine for the Treatment of Multidrug-Resistant (MDR) Tuberculosis in Patients with Limited Therapeutic Options,,1/22/2020,2/3/2020
15-09-2232-CONVERSION,Common rule only,CR,"Catherine Metayer, MD, PhD","University of California, Berkeley",Center for Integrative Research on Childhood Leukemia and the Environment,"CDPH: Genetic Disease Screening Program,  Archived Newborn Blood Specimens (ANBS) and Maternal Pregnancy Blood Sera; California Cancer Registry, CA Birth Registry",2/25/2020,2/26/2020
14-11-1770-CONVERSION,SB-13 (Information Practices Act),CR,"Robert Bristow, MD, MBA","University of California, Irvine",Spatiotemporal Analysis of Disparities in Ovarian Cancer Treatment and Survival,CDPH: California Cancer Registry,4/21/2020,6/8/2020
2018-109-KP-South,Death data only,CR,"Darios Getahun, MD, PhD",Kaiser Permanente,Pathways to Care and Health Outcomes Among Disorders of Sex Development (DSD) Patients,CDPH: VSAC-Fetal Death/Death/Multiple Cause of Death,4/23/2020,6/8/2020
2020-131-University of Washington,,DTM,"Haylea Hannah, MSPH",,Enhancing Public Health and Public Safety: Informing Policies to Increase Access to Medications for Opioid Use Disorder in the Criminal Justice System,,6/23/2020,
2019-114-UW-Madison,Common rule only,CR,"Daniel Phaneuf, PhD",University of Wisconsin-Madison,The Role of Birth and Contemporaneous Pollution Exposure on Health Outcomes,"OSHPD: PDD, ED and Link Birth Data",4/21/2020,6/8/2020
17-02-2894-CONVERSION,SB-13 (Information Practices Act),FIN,"Nena Messina, PhD","University of California, Los Angeles",Moving Beyond Violence (MBV) Evaluation,CDCR: 115 data,4/21/2020,6/5/2020
12-08-0605-CONVERSION,Common rule/Human subjects,AMD,"Nerissa Wu, PhD",CDPH,Maternal and Infant Environmental Exposure Project (also known as Chemicals in Our Bodies Project),,6/15/2020,6/15/2020
12-06-0364-CONVERSION,Common rule/Human subjects,CR,"Tracie Rosser, PhD",Emory University,Trisomy 21:  Risk Factors for Chromosomal Non-Disjunction,CDPH: California Birth Defect Monitoring Program (CBDMP),6/29/2020,
2020-075-WestEd,,DTM,"Debbie Benitez, PhD",,California Mini-Corps Tutor Credential Analysis,,4/20/2020,
2020-031-NCI,Common rule only,NEW,"Katherine McGlynn, PhD",,The Gut-Liver Axis and Risk of Liver Cancer:  A Study Within the Liver Cancer Pooling Project,CDPH: California Cancer Registry,2/21/2020,4/3/2020
12-04-0127-CONVERSION,"Death data only, SB-13 (Information Practices Act), Common rule/Human subjects",CR,"David Zingmond, MD, PhD","University of California, Los Angeles","Improving the Reporting of Race, Ethnicity, and Language in California","OSHPD: Patient Discharge Database, Emergency Department Database, Ambulatory Surgery Database, Linked Patient Discharge Data and Birth Cohort File with ED/AS and Linked Patient Discharge Data and Vital Statistics Death File 
CDPH: Cancer Registry Data ",5/13/2020,6/9/2020
12-04-0108-CONVERSION,Common rule/Human subjects,AMD,"Brian Custer, PhD",Vitalant Research Institute,Blood Donor Cancer Outcomes Study,CDPH: California Cancer Registry,5/7/2020,5/7/2020
2018-047-UCLA,"SB-13 (Information Practices Act), Common rule/Human subjects",AMD,"Darren Urada, PhD","University of California, Los Angeles",Evaluation of the Hub and Spoke:  Statewide Medication Assisted Treatment Expansion Program,,4/17/2020,4/17/2020
14-12-1814-CONVERSION,Common rule/Human subjects,CR,"Judy Wang, PhD",Georgetown University Medical Center,Culture and Shared Decision-Making for Breast Cancer Treatment,CDPH: California Cancer Registry- Los Angeles located at the Keck School of Medicine of University of Southern California,2/21/2020,2/23/2020
2019-215-Other,Common rule/Human subjects,AMD,"Marci Eads, PhD",Health Management Associates,CRDP Phase 2: Gender Spectrum Local Evaluation,,3/24/2020,4/6/2020
13-02-1083-CONVERSION,Common rule/Human subjects,CR,"Janet Coffman, PhD","University of California, San Francisco",California Physicians Use of Health Information Technology,"Medical Board of California: Core license file, mandatory licensure renewal survey",1/2/2020,2/7/2020
13-01-1048-CONVERSION,Common rule only,CR,"Catherine Sandhofer, PhD","University of California, Los Angeles",Research in Language and Cognitive Development,CDPH,3/17/2020,3/17/2020
2020-074-CEIP,,DTM,"Joelle Nadle, MPH",California Emerging Infections Program,Emerging Infections Program: Tracking of Severe Acute Respiratory Syndrome (SARS) Coronavirus 2 (CoV-2) Infections Among Healthcare Personnel,,4/20/2020,6/5/2020
2019-025-UC San Diego,Common rule only,CR,"Christina Chambers, PhD, MPH","University of California, San Diego",San Diego Study of Outcomes in Mother and Infants (SOMI),"CDPH: Birth certificate files, Fetal death certificate files, Birth cohort files, California Birth Defect Monitoring Program data and Death certificate files
OSHPD: Birth cohort files, PDD, EDD, ASD",4/21/2020,5/7/2020
13-01-1040-CONVERSION,Common rule only,CR,"Barbara McDermott, PhD","University of California, Davis","Assessment of Mental Illness, Violence Risk and Readiness for Release in a Forensic Facility",DSH: Operational Data Store for demographic data; Standards Compliance incident management system for documentation of acts of aggression,3/2/2020,3/3/2020
2020-051-CDPH,,DTM,"Amy Heinzerling, MD, MPH",CDPH,Risk Factors for COVID-19 Infection in Health Care Personnel Exposed to Patients with Confirmed COVID-19 in a Hospital,,3/6/2020,4/3/2020
14-10-1764-CONVERSION,SB-13 (Information Practices Act),AMD,"Chu Chen, PhD",Fred Hutchinson Cancer Research Center,Infrastructure Support and Pilot Tissue Collection for the Carotene and Retinol Efficacy Trial (CARET) Biorepository formerly CARET Biorepository and Data Enhancement Project,"CDPH: California Cancer Registry (CCR).  Cancer diagnosis, stage, and treatment",4/8/2020,4/8/2020
2019-047-CEIP,Common rule/Human subjects,AMD,"Mirasol Apostol, MPH",California Emerging Infections Program,Establishment of Group B Streptococcal Immunologic Endpoints Reasonably Like to Predict Clinical Benefit Against Invasive Disease Among Young Infants: A Multi-State Case-Control Study,CDPH: California Biobank Program (Genetic Disease Screening Program),5/26/2020,6/4/2020
2020-002-University of Iowa,Common rule only,NEW,"Morgan Swanson,",University of Iowa,The Role of Neighborhood and Facility-Level Factors in Pediatric Emergency Care,"OSHPD: PDD
OSHPD: EDD",1/2/2020,2/7/2020
2018-034-Other,Common rule/Human subjects,AMD,"Marci Eads, PhD",Health Management Associates,Reducing Isolation through Support and Empowerment (RISE),,1/23/2020,1/29/2020
2018-081-Stanford University,Common rule only,CR,"Maya Rossin-Slater, PhD",Stanford University,The Effects of Paid Family Leave and Public Health Insurance on Maternal Post-Partum and Infant Health:  Evidence from California,OSHPD,2/19/2020,3/25/2020
13-02-1070-CONVERSION,SB-13 (Information Practices Act),CR,"Alpa Patel, PhD",American Cancer Society,The American Cancer Society Cancer Prevention-3 Registry Linkage,CDPH: California Cancer Registry,2/19/2020,2/20/2020
2019-002-UC Berkeley,Common rule/Human subjects,AMD,"Jesse Rothstein, PhD","University of California, Berkeley",Promoting Take-Up of the Earned Income Tax Credit:  DSS Outreach,,6/17/2020,6/19/2020
12-07-0506-CONVERSION,Common rule/Human subjects,AMD,"David Zingmond, MD, PhD","University of California, Los Angeles","The Impact of Physician Supply, Socioeconomic Status, and Insurance on Preventable Hospitalizations and Emergency Department Visits","OSHPD: Patient Discharge Database, Emergency Department Database
CDPH: California Death Statistical Master File",5/13/2020,5/13/2020
12-06-0379-CONVERSION,"Death data only, Common rule/Human subjects, Common rule only",CR,"Hoda Anton-Culver, PhD","University of California, Irvine",Cancer Genetics Research Information System (CGRIS),"CDPH: Cancer Surveillance and Research Branch, California Cancer Registry (CCR) will perform the data linkage on all three databases:  Cancer-incidence data are from the CCR Research Database
OSHPD patient-discharge data.  
CDPH: Mortality data",5/8/2020,5/15/2020
17-02-2872-CONVERSION,Common rule only,CR,"Jean Mitchell, PhD",Georgetown University Medical Center,Use of and Survival Following Contralateral Prophylatic Mastectomy Versus Other Surgical Treatments for Unilateral Breast Cancer,CDPH: CA Cancer Registry,2/19/2020,2/26/2020
2020-057-CSUC,Common rule/Human subjects,NEW,"Stephanie Bianco, MS, RD",California State University Chico,SNAP-Ed for High Need CalFresh-Eligible Students,,3/9/2020,4/7/2020
13-02-1104-CONVERSION,SB-13 (Information Practices Act),CR,"Helen Chew, MD","University of California, Davis","Venous Thromboembolism in Cancer Patient:  A Study of the Epidemiology, Risk Factors and Outcomes Among Patients with Different Types of Cancer","CDPH: California Cancer Registry
OSHPD",3/4/2020,3/5/2020
16-06-2606-CONVERSION,Common rule/Human subjects,AMD,"Carol Sakala, PhD, MSPH",National Partnership for Women and Families,Listening to Mothers in California Survey,"CDPH: Birth Statistical Master Files, September-December 2016; 2. CDPH: Genetic Disease Screening Program Newborn Screening Database, 3. DHCS: MIS/DSS Warehouse",6/22/2020,6/26/2020
16-07-2622-CONVERSION,Common rule only,CR,"Tina Hernandez-Boussard, PhD",Stanford University,Assessing Quality Healthcare Delivery Within Different Populations,"OSHPD: PDD, ASCD, EDD, VS-DSMF version A/B, Linked PDD and VS-DSMF, Linked EDD and VS-DSMF, Linked ASD and VS-DSMF",2/19/2020,3/25/2020
2019-134-Veterans Affairs,"SB-13 (Information Practices Act), Common rule only",CR,"Jean Yoon, PhD",Veterans Administration,Veterans Choice in Hospital Care,OSHPD: Patient Discharge Data,4/22/2020,6/8/2020
12-04-0075-CONVERSION,Common rule only,AMD,"Rachel Broadwin, MPH",Office of Environment Health Hazard Assessment,Investigation of the Relation of Fine Particulate Air Pollution and Temperature to Hospital Admissions and Emergency Room Visits in California,OSHPD: PDD and EDD,5/19/2020,5/22/2020
2020-002-University of Iowa,Common rule only,AMD,"Morgan Swanson,",University of Iowa,The Role of Neighborhood and Facility-Level Factors in Pediatric Emergency Care,"OSHPD: PDD
OSHPD: EDD",2/21/2020,2/26/2020
16-05-2535-CONVERSION,SB-13 (Information Practices Act),CR,"Amy Pfenning, MPS",California DSH,The Efficacy of Art Therapy to Address Dynamic Risk Factors in Sexual Offenders,,6/19/2020,
2020-010-UC Berkeley,SB-13 (Information Practices Act),NEW,"Jennifer Ahern, PhD, MPH","University of California, Berkeley",Community Violence and Disparities in Maternal and Infant Health: Effects and Mechanisms,"OSHPD: PDD, EDD, PDD/ED/AS/Birth Cohort
CDPH:   Birth Cohort, DSMF, CCMDF, Fetal Death
CDPH :  MIHA data",1/10/2020,4/7/2020
17-01-2846-CONVERSION,Common rule only,FIN,"Ann Hsing, PhD",Stanford University,Non-Viral Risk Factors for Liver Cancer in California:  A Feasibility Study of Multiethnic and Underserved Populations,CDPH: Greater Bay Area Cancer Registry (GBACR),5/5/2020,6/5/2020
2018-074-CSU Fullerton,Death data only,AMD,"Deborah Diep,",,2018 Orange County Projections,CDPH: VS-birth/death data,3/4/2020,3/24/2020
2018-022-UC Berkeley,SB-13 (Information Practices Act),AMD,"Jesse Rothstein, PhD","University of California, Berkeley",Observational Analysis of Variation in DSS' Safety Net Programs,"CDSS: MEDS, CalFresh, CalWorks, Allotment and Issuance Records",5/21/2020,5/26/2020
15-05-2005-CONVERSION,Common rule only,AMD,"Joseph Wiemels, PhD",University of Southern California,Genetic Susceptibility to Pediatric Glioma in Individuals and Diverse Populations,"CDPH: Genetic Disease Screening Program (Archived Newborn Blood Specimens (ANBS)), California
Cancer Registry, and the CA Birth Registry",5/7/2020,5/8/2020
2019-176-UC San Francisco,Common rule/Human subjects,AMD,"Scarlett L Gomez, PhD","University of California, San Francisco","The Patient Cancer OUtreach, Navigation, Technology and Support (Patient COUNTS) Project:Addressing Care for Asian Americans with Cancer",CDPH: Greater Bay Area Cancer Registry,4/8/2020,4/28/2020
13-12-1428-CONVERSION,Common rule only,CR,"Catrina Taylor, PhD",CDPH,"Chronic Disease in California, 2007-2016","OSHPD: data include Patient Discharge Data and the Emergency Department and Ambulatory Surgery Center Data
CDPH: Death Statistical Master File data",1/23/2020,2/7/2020
14-06-1623-CONVERSION,SB-13 (Information Practices Act),CR,"Britt-Marie Ljung, MD","University of California, San Francisco",Factors Impacting Accuracy of Fine Needle Aspiration of the Thyroid Gland,CDPH: California Cancer Registry,4/20/2020,6/8/2020
13-05-1236-CONVERSION,Common rule only,CR,"Gregory Enns, PhD",Stanford University,Newborn Screening for Mitochondrial Disease,CDPH: Newborn Screening Program,5/7/2020,5/8/2020
13-01-1069-CONVERSION,SB-13 (Information Practices Act),AMD,"Scarlett L Gomez, PhD","University of California, San Francisco",California Cancer Registry-Palo Alto Medical Foundation Linkage:  Creating an Anonymized Dataset for Cancer Research (Grant Title:  Evaluating Feasibility of and Potential Biases in Supplementing Cancer Registry Data Using External Sources),CDPH: California Cancer Registry,4/15/2020,4/17/2020
16-01-2397-CONVERSION,Death data only,CR,"Sumeet Chugh, MD",Cedar Sinai Health Systems,Prediction of Sudden Cardiac Death in Multiethnic Communities- P.R.E.S.T.O,"CDPH: death certificate data of the patients who suffered sudden cardiac arrest and did not survive, from Ventura County Vital Records",3/2/2020,3/3/2020
2020-102-Johns Hopkins University,Common rule only,NEW,"Alison Gemmill, PhD, MPH",,Population-Level Changes in Maternal Characteristics and REPerse Pregnancy Outcomes,OSHPD:Linked Patient Discharge Data and Birth Cohort file,5/4/2020,
15-05-2005-CONVERSION,Common rule only,CR,"Joseph Wiemels, PhD",University of Southern California,Genetic Susceptibility to Pediatric Glioma in Individuals and Diverse Populations,"CDPH: Genetic Disease Screening Program (Archived Newborn Blood Specimens (ANBS)), California
Cancer Registry, and the CA Birth Registry",6/29/2020,
2020-085-UC Irvine,SB-13 (Information Practices Act),NEW,"Susan Turner, PhD","University of California, Irvine",California Static Risk Assessment (CSRA),,4/23/2020,6/8/2020
12-11-0906-CONVERSION,Common rule/Human subjects,AMD,"Gary Shaw, DrPH",Stanford University,Using Population-Based Datasets to Generate and Test New Hypotheses for Investigating Preterm Births and Related REPerse Conditions in California,"CDPH: Birth Statistical Master Files and Fetal Death Statistical Master Files
OSHPD: hospital discharge files - Linked PDD/ED/AS/Birth Cohort Data
CDPH: California Biobank associated with the Genetic Disease Screening Program will be the source of newborn bloodspots.",6/12/2020,6/12/2020
17-02-2899-CONVERSION,Common rule only,CR,"James Mills, MD, MS",National Institutes of Health,Iodine and Congenital Hypothyroidism,CDPH: California Biobank and include newborn bloodspots,2/28/2020,3/3/2020
2019-154-DSH,Common rule only,CR,"Jonathan Meyer, MD","University of California, San Diego",Examining the Impact of Clozapine On Clinical and Forensic Outcomes For Patients Found Incompetent To Stand Trial,DSH: Data Management Office Query 99,6/18/2020,
2018-080-University of Southern California,Common rule only,AMD,"Emily Putnam-Hornstein, PhD",University of Southern California,California Health and Human Services Record Reconciliation,"DDS
DHCS
CDPH
DSS",1/28/2020,1/29/2020
2019-183-KP-South,"Death data only, Common rule only",AMD,"Joanne Schottinger, MD",Kaiser Permanente - South ,Optimizing Colorectal Cancer Screening Precision and Outcomes in Community Based Populations (PRECISE),"CDPH: California Comprehensive Death File with Multiple Cause4 of Death, files from the electronic death registration system.",6/19/2020,
2020-124-CDPH,,DTM,"Amanda Kamali, MD",,Population-Based Incidence and Prevalence for Severe Acute Respiratory Syndrome (SARS)-CoV-2 Virus and Antibody Response in California,,6/11/2020,6/15/2020
12-07-0506-CONVERSION,Common rule/Human subjects,AMD,"David Zingmond, MD, PhD","University of California, Los Angeles","The Impact of Physician Supply, Socioeconomic Status, and Insurance on Preventable Hospitalizations and Emergency Department Visits","OSHPD: Patient Discharge Database, Emergency Department Database
CDPH: California Death Statistical Master File",1/2/2020,1/2/2020
2018-104-UC San Francisco,Common rule only,CR,"Emily Bergsland, MD","University of California, San Francisco",University of California San Francisco Neuroendocrine Tumor Outcomes Database (CC# 10456),CDPH: CCR,5/11/2020,5/11/2020
12-04-0075-CONVERSION,Common rule only,AMD,"Rachel Broadwin, MPH",Office of Environment Health Hazard Assessment,Investigation of the Relation of Fine Particulate Air Pollution and Temperature to Hospital Admissions and Emergency Room Visits in California,OSHPD: PDD and EDD,1/17/2020,1/21/2020
2018-161-NORC University of Chicago,Common rule only,CR,"Alison Laffan, Ph.D.",National Opinion Research Center (NORC) at University of Chicago,"Empowering Families, Aligning Systems, and Enhancing Practice: Evaluating Community Approaches to Preventing or Mitigating Toxic Stress",,6/25/2020,
16-11-2778-CONVERSION,SB-13 (Information Practices Act),AMD,"Hillary Copp, MD","University of California, San Francisco",Transition of Care for Patients with Complex Congenital Urological Conditions,"OSHPD: Patient discharge data, ambulatory surgery center data, emergency department data, discharge data and vital statistics death statistical master file, and the deterministic-heuristic mortality linkages to the patient discharge data",3/11/2020,3/11/2020
2020-036-UC San Francisco,Common rule only,NEW,"Kim Rhoads, MD, MPH","University of California, San Francisco","Using California Administrative Data to Model Hospital Quality, Cancer Survival, Mortality and Disparities","CDPH: California Cancer Registry
OSHPD: Patient Discharge Database and Emergency Department Database",2/24/2020,
2019-047-CEIP,Common rule/Human subjects,CR,"Mirasol Apostol, MPH",California Emerging Infections Program,Establishment of Group B Streptococcal Immunologic Endpoints Reasonably Like to Predict Clinical Benefit Against Invasive Disease Among Young Infants: A Multi-State Case-Control Study,CDPH: California Biobank Program (Genetic Disease Screening Program),1/2/2020,2/10/2020
14-11-1769-CONVERSION,Common rule/Human subjects,CR,"Jeri Anderson, PhD",,Study of Cause-Specific Mortality and Cancer Incidence in a Combined Cohort of Uranium Enrichment Workers,CDPH: California Cancer Registry,2/19/2020,2/19/2020
14-11-1773-CONVERSION,SB-13 (Information Practices Act),CR,"Bernard Black, JD",Northwestern University,Impact of Health Insurance on Long-Term Health and Mortality,"OSHPD: Patient Discharge Data, Emergency Department Data, Ambulatory Surgery Center Data, Linked Patient Discharge and Death Data",4/20/2020,6/8/2020
14-03-1550-CONVERSION,SB-13 (Information Practices Act),CR,"Elsa Chen, PhD",Santa Clara University,The De-Escalation of Mass Incarceration: Implementation and Effects of Three Strikes Reform in California,CDCR,3/9/2020,4/17/2020
12-07-0515-CONVERSION,Death data only,AMD,"David Glassmire, PhD",California DSH,Prevalence Rate of Post-Traumatic Stress Disorder (PTSD) in a State Hospital Setting,,2/12/2020,2/12/2020
2018-057-UCLA,SB-13 (Information Practices Act),CR,"Laura Wherry, PhD","University of California, Los Angeles",Evaluating Early Life Health Interventions,,2/19/2020,2/26/2020
12-09-0707-CONVERSION,Common rule/Human subjects,AMD,"Scott Johnson, PhD","University of California, Los Angeles",Brain Mechanisms of Visual Development,CDPH: Birth Records,3/4/2020,3/4/2020
16-04-2531-CONVERSION,Common rule/Human subjects,AMD,"Steven Katz, MD, MPH",University of Michigan,Genetic Test Results Linkage to Study Individualization of Breast Cancer Care,CDPH: California Cancer Registry data,4/8/2020,4/8/2020
16-03-2472-CONVERSION,SB-13 (Information Practices Act),CR,"Askar Chukmaitov, MD, PhD",Virginia Commonwealth University Health,"Accountable Care Organizations: Development, Taxonomy, Quality, and Cost Effects",OSHPD: Requesting inpatient Patient Discharge Data files for 2012 and 2013,5/18/2020,5/29/2020
16-06-2587-CONVERSION,SB-13 (Information Practices Act),CR,"Catherine Metayer, MD, PhD","University of California, Berkeley",The California Linkage Study of Early Onset Cancers (CALSEC),CDPH: California Cancer Registry,6/19/2020,
17-02-2891-CONVERSION,Common rule/Human subjects,CR,"Heather Ringeisen, PhD",Research Triangle Institute (RTI) International,National Survey of Child and Adolescent Well-Being III (NSCAW III),DSS: Monthly Sample Files and Administrative Files,3/10/2020,3/11/2020
2019-111-KP,Death data only,CR,"Sonya Negriff, PhD",Kaiser Foundation Research Institute,Predictive Modeling:  The Role of Opioid Use in Suicide Risk,CDPH: death data files,5/6/2020,6/5/2020
2020-106-Other,Common rule only,NEW,"Erin Peckham-Gregory,",,Molecular Genomics of Langerhans Cell Histiocytosis and Lymphoma Susceptibility,"CDPH: Biobank, VSAC",5/5/2020,5/7/2020
2019-152-Rutgers University,Common rule/Human subjects,CR,"Sharon Manne, PhD",Rutgers University,Facebook Intervention for Young Onset Melanoma Patients and Families,CDPH: California Cancer Registry,6/23/2020,
15-02-1858-CONVERSION,SB-13 (Information Practices Act),CR,"Scarlett L Gomez, PhD","University of California, San Francisco","The protocol title is SRI Demographic Questions for California Breast Cancer Research.  The lay title of the study, as used on subject forms, is Standardizing Research Surveys for Understanding Breast Cancer Inequities (Stars4BC).  This lay title is l",CDPH: California Cancer Registry,3/18/2020,3/20/2020
2018-068-CDCR,Common rule/Human subjects,FIN,"Nayanee Basu, PhD",,Art Practice and Institutional Facilitation in Select Prisons of California:  A Sociological Enquiry,,6/4/2020,
2019-153-Cornell University,Common rule only,CR,"Art Sedrakyan, MD, PhD",Cornell University,Examining Priority Device Outcomes using Administrative and Registry Databases,OSHPD: Nonpublic Patient Level data,6/23/2020,
2020-048-Public Health Foundation Enterprise (PHFE) WIC,Common rule/Human subjects,AMD,"Shannon Whaley, PhD",Public Health Foundation Enterprise (PHFE) WIC,"Pilot Expansion of the Women, Infant and Children (WIC) Cash Value Benefit to Children in California",,5/28/2020,6/8/2020
15-04-1949-CONVERSION,Common rule/Human subjects,CR,"Debra Wadford, PhD",CDPH,"Public Health Investigation of Influenza-Associated Rash, Multistate, 2015","CDPH: Viral & Rickettsial Disease Laboratory, local public health laboratories in California, archived influenza positive specimen data repositories",4/23/2020,6/8/2020
2019-046-University of Southern California,Common rule only,CR,"Wendy Cozen, DO, MPH",University of Southern California,Tumor Microenviorment and Survival in Oropharyngeal Cancer,CDPH: California Cancer Registry,1/16/2020,2/7/2020
2018-053-Cedars-Sinai Medical Center,SB-13 (Information Practices Act),CR,"Shehnaz Hussain, PhD",,Small Intestinal Bacterial Overgrowth (SIBO)-Cancer Link,CDPH: CCR,3/10/2020,3/10/2020
2019-202-The Lundquist Institute for Biomedical Innovation,Death data only,AMD,"Rie Sakai-Bizmark, MD, MPH, PhD",The Lundquist Institute for Biomedical Innovation,Disparities in Suicide Trends Among Teenagers,CDPH: Static CCDF (California Comprehensive Death File),1/8/2020,1/28/2020
2018-225-University of Texas,Common rule only,AMD,"Jose Alejandro Rauh-Hain, MD, MPH",University of Texas,PA17-0785: Fertility and Obstetrical Outcomes Among Young Women with Cancer,CDPH: California Cancer Registry,1/30/2020,
17-01-2865-CONVERSION,SB-13 (Information Practices Act),CR,"Iona Cheng, Ph.D.","University of California, San Francisco",California Cancer Registry Linkage and the Northern California Colon Cancer Registry:  Ethnic/Racial Minorities in the Colon Cancer Cooperative Family Registry (Colon CFR),CDPH: California Cancer Registry,3/18/2020,3/30/2020
2019-137-Cornell University,"SB-13 (Information Practices Act), Common rule only",CR,"Hooman Kamel, MD",Cornell University,"Risk Factors, Medical Illness, and Risk of Neurological Disease","OSHPD: PDD, ED, Linked birth file, and linked death file",4/21/2020,6/8/2020
2020-129-CDPH,,DTM,"Valorie Eckert, MPH",CDPH,US Estimate of the Birth Prevalence of Turner Syndrome,,6/23/2020,6/24/2020
2017-116-DOJ,SB-13 (Information Practices Act),CR,"Danielle Kaeble, MS",United States Department of Justice,National Corrections Reporting Program,CDCR: CDCR Offender Management System.,2/19/2020,2/24/2020
12-06-0282-CONVERSION,SB-13 (Information Practices Act),CR,"Beth Glenn, PhD","University of California, Los Angeles",Sun Protection Practices Among Young Children in California with a Family History of Melanoma,CDPH: California Cancer Registry,6/23/2020,
2020-108-University of Texas,SB-13 (Information Practices Act),NEW,"Melinda Rushing, Master of Social Work, BA Psychology",,"Multivariate Analysis of Patient Characteristics, Adherence Behavior and Health Outcomes among Californian Sickle Cell Disease Patients",CDPH: California Sickle Cell Longitudinal Data Collection program.,5/6/2020,
2019-086-UCD,Common rule only,CR,"Misty Humphries, MD, MAS",,"Trends, Treatment Strategies, and Outcomes in Patients with Arterial Disease","OSHPD: PDD
OSHPD: EDD
OSHPD: ASD
OSHPD: Linked Patient Discharge Data and Vital Statistics Death Statistical Master File (VS-DSMF) Version A and B (death records are linked to the last PDD discharge record, regardless of level of care 1990-Most Recent Year Available)
OSHPD: Linked PDD and VS-DSMF (2005-Most Recent Year Available)OSHPD:
OSHPD: Linked EDD and VS-DSMF (2005-Most Recent Year Available)
OSHPD: Linked ASD and VS-DSMF (2005-Most Recent Year Available)",2/19/2020,3/1/2020
13-03-1159-CONVERSION,SB-13 (Information Practices Act),CR,"Elizabeth Cauffman, PhD","University of California, Irvine",Making the Transition:  Socioemotional Adjustment of Youthful Offenders into Adulthood,"CDCR: date of adult facility entry/admission, transfers to other adult facilities, date(s) of transfers, date of release from incarceration, date and nature of any institutional infractions, dispositions (punishments) for institutional infractions, and available risk assessment scores/COMPAS assessments.",2/24/2020,2/25/2020
2019-272-Public Health Institute,Common rule/Human subjects,AMD,"Andrew Herring,",Public Health Institute,The California Bridge Program Research Study,"DHCS: California Outcomes Measurement System, Drug Medi-Cal Claims and Manage Care / Fee for Service Claims",4/21/2020,4/21/2020
16-02-2414-CONVERSION,Common rule/Human subjects,CR,"David Hessl, PhD","University of California, Davis",A Cognitive Test Battery for Intellectual Disabilities,DDS: DDS Client Master File (CMF) and Child Development Evaluation Report (CDER),3/2/2020,3/5/2020
2020-136-CDC,Common rule only,NEW,"Andrea Winquist, MD, PHD",,"Ecological Analyses of PFAS in Public Water Supplies and Selected Health Effects
Cancer Registry Data",CDPH: CCR,6/29/2020,
17-02-2890-CONVERSION,SB-13 (Information Practices Act),CR,"Sidra Goldman-Mellor, PhD","University of California, Merced",Morbidity and Mortality Among Suicide Attempters in California,"OSHPD: Patient Discharge Data (PDD), Emergency Department Data (ED), Linked PDD and VS-DSMF (Deterministic), Linked EDD and VS-DSMF (Deterministic)",4/21/2020,6/8/2020
15-03-1913-CONVERSION,SB-13 (Information Practices Act),CR,"Paul English, PhD, MPH",CDPH,Impact of Life Course Socioeconomic Status on the Ovarian Reserve,"CDPH: Birth Statistical Master Files 
DPR: Pesticide Use Records
CDPH: Drinking Water Boundaries",4/29/2020,4/30/2020
2020-097-UCLA,Common rule only,NEW,"Rivfka Shenoy, MD",,Biliary Colic Risk Prediction Model,OSHPD: PDD,4/30/2020,6/16/2020
12-09-0749-CONVERSION,Common rule/Human subjects,AMD,"Michael Orlich, MD, PhD",Loma Linda University,Cancer Epidemiology in REPentists  A Low-Risk Group,CDPH: Calif. Cancer Registry ,5/21/2020,5/26/2020
2020-123-CDPH,,DTM,"Valorie Eckert, MPH",CDPH,Surveillance for Emerging Threats to Mother and Babies Network (SET-NET),,6/1/2020,6/4/2020
12-05-0264-CONVERSION,SB-13 (Information Practices Act),CR,"Susan Huang, MD, MPH","University of California, Irvine",Patient Sharing Across Hospitals and Nursing Homes,OSHPD: Patient Discharge Data,6/23/2020,
2019-091-College of Charleston,SB-13 (Information Practices Act),CR,"Wesley Burnett, PhD Economics",,The Effect of Ground-Level Pollution on the Incidence of Asthma,"OSHPD: PDD
OSHPD: EDD",2/19/2020,2/24/2020
15-07-2113-CONVERSION,Death data only,AMD,"Xuguang Tao, MD, Ph.D.",Johns Hopkins Medicine,Study of Expanded Population of Radiation Workers in Shipyards,"CDPH Vital Records, Death Records",5/8/2020,5/8/2020
2020-056-Keck School of Medicine,SB-13 (Information Practices Act),NEW,"Bodour Salhia, PhD",,Better Treatments and Biomarkers for Cancer Recurrence,CDPH: California Cancer Registry,3/9/2020,4/1/2020
2019-112-Patton State Hospital,Common rule only,AMD,"David Glassmire, PhD",California DSH,"Association Between Categorical Personality Disorder Diagnoses, Dimensional Measures of Personality, and Institutional Violence in a Forensic Inpatient Setting",,4/24/2020,4/24/2020
2017-084-DSH,Common rule only,CR,"Erin Dengate,",California DSH,Examining Choking Risks Within State Hospital Patients,DSH: Data Management Office,1/7/2020,2/7/2020
2019-095-Other,,FIN,"Marci Eads, PhD",Health Management Associates,"CRDP Phase 2, Gender Spectrum Local Evaluation",,1/22/2020,4/3/2020
2018-034-Other,Common rule/Human subjects,AMD,"Marci Eads, PhD",Health Management Associates,Reducing Isolation through Support and Empowerment (RISE),,4/29/2020,4/29/2020
13-02-1119-CONVERSION,Common rule/Human subjects,AMD,"Simona Ghetti, PhD",,Memory Processes in Childhood (Project Number:  09-08-01),CDPH: Californias Vital Statistics Data Files (birth cohort files),2/24/2020,2/24/2020
2019-125-UCLA,Common rule only,CR,"Nadereh Pourat, PhD","University of California, Los Angeles",Medi-Cal and Denti-Cal (MC/DC) analysis in LA County; Evaluation of the Impact of the Dental Transformation Initiative (DTI) Local Dental Pilot Program (LDPP) More LA Smiles,,4/20/2020,6/8/2020
17-04-2931-CONVERSION,Common rule only,CR,"Heather Siefkes, MD","University of California, Davis",Assessment of Critical Congenital Heart Disease Screening in California,DHCS: Critical Congenital Heart Disease Screening Reports,4/28/2020,4/28/2020
12-04-0096-CONVERSION,Common rule/Human subjects,CR,"Robert Shavelle, PhD, FAACPDM",,Proposal to Continue Research on the Developmentally Disabled,"DDS: Client Master File (CMF), Client Development Evaluation Report Master File (CDER), and EarlyStart (ERLYST)  
DHCS: Death Data Files, Client Development Evaluation Report (CDER), the Client Master file (CMF), the EarlyStart file (ERLYST), and annual mortality information f
CDPH: Vital Statistics Death Files for the years 1980 to the present, and yearly updates for 5 years, until 2015",4/20/2020,6/8/2020
2020-009-Pennsylvania State University,Common Rule Only,NEW,"Katherine Callahan, Master of Social Work, PhD Candidate in Health Pol",,The Effect of Do-Not-Resuscitate Orders on Length of Stay and Resource Utilization among Elderly Patients with Congestive Heart Failure.,OSHPD: Linked Patient Discharge Data and Vital Statistics Death Statistical Master File (VS-DSMF),1/10/2020,4/9/2020
12-04-0095-CONVERSION,Common rule only,CR,"De-Kun Li, MD, PhD",Kaiser Permanente,Study of Infant Sleeping Position and Sudden Infant Death Syndrome (SIDS) Risk (Project #:  94-06-12),"CDPH: Copy of the Coroner's Notification Card from the Maternal and Child Health Branch, Child and Adolescent Health Section, and (2) Copy of the Death Scene and Deputy Coroner Investigation Protocol from the Maternal and Child Health, Epidemiology Section",4/21/2020,4/28/2020
2018-165-DSS,SB-13 (Information Practices Act),AMD,"Caroline Danielson, PhD, MPhil",Public Policy Institute of California (PPIC),Mobility Through CalFresh and CalWORKs,"CDSS: SNAP LDB
CDSS: SNAP RADEP
CDSS: WDTIP
CDSS: TANF LDB
CDSS: EBT/SARS
CDSS: QCEW
CDSS: Base Wage Match and UI File",6/23/2020,6/23/2020
16-10-2745-CONVERSION,SB-13 (Information Practices Act),CR,"Linda Darling-Hammond,",Learning Policy Institute,California Equity Project,"DOE: California Assessment of Student Performance and Progress (CASPP), Standardized Testing and Reporting program (STAR), and the California Longitudinal Pupil Achievement Data System (CALPADS)",3/2/2020,4/17/2020
2020-027-KP,Common rule only,NEW,"Ai Kubo, PhD",,Sex and Race/Ethnicity-Specific Multilevel Factors Influencing Pubertal Trajectories: A Population-Based Study,CDPH: Birth statistical master files,2/19/2020,4/13/2020
2020-100-RAND,"Death data only, Common rule only",NEW,"Kathleen Loa, MPP",,Ovens and Tinderboxes in the Golden State:  A Mixed Methods Exploratory Analysis of Joint Heatwave Power Outage Costs and Adaptive Strategies,,5/1/2020,5/4/2020
2018-090-UC San Francisco,SB-13 (Information Practices Act),CR,"Boris Bastian, MD","University of California, San Francisco",Molecular Analysis of Cutaneous Neoplasia: Linkage with California Cancer Registry (CCR) for Outcomes Analyses,,4/30/2020,6/5/2020
17-02-2892-CONVERSION,Common rule/Human subjects,CR,"Suzanne Phelan, PhD","California Polytechnic State University, San Luis Obispo",Gestational Diabetes Prevention,"CDPH (Women, Infants, and Children Program - Santa Barbara County) WICMIS database",2/25/2020,2/26/2020
2018-209-CDPH,Common rule/Human subjects,REP,"Stephen Arnon, MD, MPH",CDPH,Tolerability and Immunogenicity of a Single 40-µg Dose of Recombinant Botulinum Vaccine A/B (rBV A/B) for the Production of BabyBIG® in Volunteers with Existing Botulinum Immunity,,2/25/2020,4/6/2020
2019-148-Massachusetts General Hospital,SB-13 (Information Practices Act),CR,"Carlos Camargo, MD, DrPH",Massachusetts General Hospital,Trends in Readmission Rates for COPD,,6/22/2020,
2020-034-UCD,,DTM,"Richard Robins, PhD","University of California, Davis",California Families Project:  Pathways to Academic Success for Mexican-Origin Youth,,2/24/2020,4/3/2020
2019-076-NORC University of Chicago,Common rule/Human subjects,CR,"Stephanie Poland, MA",,Understanding Important Issues in Ovarian Cancer Survivorship,CDPH: Cancer Registry of Greater California Case Listing for Patient Contact,2/19/2020,2/20/2020
2019-002-UC Berkeley,Common rule/Human subjects,AMD,"Jesse Rothstein, PhD","University of California, Berkeley",Promoting Take-Up of the Earned Income Tax Credit:  DSS Outreach,,5/28/2020,6/1/2020
13-01-1041-CONVERSION,Common rule/Human subjects,CR,"Susan Buchbinder, MD",San Francisco Department of Public Heath,Epidemiologic Study of the Natural History of HIV,,2/25/2020,2/25/2020
2018-181-CDPH,Common rule/Human subjects,AMD,"Robert Harrison, MD, MPH","University of California, San Francisco",A Pilot Study of Workplace Chemical Exposures in Female Cleaners (Phase III of Occupational Chemical Exposures in California and Breast Cancer Risk),,2/11/2020,2/25/2020
2018-181-CDPH,Common rule/Human subjects,CR,"Robert Harrison, MD, MPH","University of California, San Francisco",A Pilot Study of Workplace Chemical Exposures in Female Cleaners (Phase III of Occupational Chemical Exposures in California and Breast Cancer Risk),,6/23/2020,
2020-019-Education Testing Service,SB-13 (Information Practices Act),NEW,"Aoife Cahill, PhD",Education Testing Service,Automated Scoring of Spanish Constructed Responses,CDE: The ETS Online Network for Evaluation system,2/3/2020,2/10/2020
12-05-0210-CONVERSION,Common rule only,AMD,"Sean Nicholson, Ph.D.",Cornell University,"Unionization, Concerted Activities and the Quality of Patient Care",OSHPD: Non-public Inpatient Hospital Discharge Data and The Linked Patient Discharge Data and Vital Statistics Death File for selected years and counties from 1983 through 2006,5/12/2020,5/12/2020
2020-137-Scripps Memorial Hospital,Common rule only,NEW,"Paul Gibbs, MD",,"Effect of Pathologic Technique on Detection of Axillary Lymph Node Metastases in Breast Carcinoma

Exempt Protocol ID: 2020-088","OSHPD: ED and AS
CDPH: CCR",6/29/2020,
2020-109-UC San Francisco,Death data only,NEW,"Kirsten Bibbins-Domingo, PhD, MD, MAS","University of California, San Francisco","Estimation of Excess Mortality Associated with the COVID-19 Pandemic in California, Overall, Within Population Subgroups, and by Cause of Death",CDPH: Dynamic California Comprehensive Death File (Dynamic CCDF),5/6/2020,6/15/2020
12-06-0407-CONVERSION,Common rule only,FIN,"De-Kun Li, MD, PhD",Kaiser Permanente,Maternal Age-Specific Prevalence Rates of Chromosome Abnormalities by Race/Ethnicity in the Kaiser Health Plan in Northern and Southern California,"CDPH: Birth Statistical Master, Birth Cohort, Fetal Death, Merged Death and Multiple Cause of Death files, files from the electronic death registration system ( EDRS ) and Death Statistical Master File, monthly death data (based on the Merged Death File)",6/18/2020,
2020-071-Other,,DTM,"Julie Mai, BS",University of San Diego,Tackling Homelessness through Community Assessment and Engagement: A University of San Diego Urgent Challenges Research Proposal,,4/16/2020,6/5/2020
2018-095-Emory University,SB-13 (Information Practices Act),CR,"Stefanie Sarnat, ScD",Emory University,"The Environmental Exposures and Health Across the Nation (ENVISION) Study:  A Time-Series Study of Air Pollutant Mixtures, Heat, and Other Environmental Exposures with Acute Morbidity",OSHPD: Patient Discharge Data and Emergency Department Data (EDD),2/25/2020,2/25/2020
12-11-0898-CONVERSION,Common rule/Human subjects,CR,"Scott Ramsey, MD, PhD",,Long-Term Follow-Up of the Family and Cancer Therapy Selection (FACTS) Study Participants,CDPH: California Cancer Registry,2/25/2020,2/26/2020
2019-012-UC Berkeley,Common rule/Human subjects,AMD,"Jesse Rothstein, PhD","University of California, Berkeley",Promoting Take-Up of Earned Income Tax Credit,,5/4/2020,
14-01-1465-CONVERSION,Common rule only,CR,"Caren Sax, EdD",San Diego State University,California Promoting the Readiness of Minors in Supplemental Security Income (CaPROMISE),DOR: AWARE case management system only for CaPROMISE enrollees who have applied for services from the California Department of Rehabilitation,2/21/2020,2/24/2020
12-04-0155-CONVERSION,Common rule/Human subjects,CR,"Catherine Cubbin, PhD",University of Texas,Environmental Effects on Disparities in Smoking and Obesity Among Women,CDPH: MIHA data linked with birth certificates,5/13/2020,5/13/2020
12-04-0075-CONVERSION,Common rule only,AMD,"Rachel Broadwin, MPH",Office of Environment Health Hazard Assessment,Investigation of the Relation of Fine Particulate Air Pollution and Temperature to Hospital Admissions and Emergency Room Visits in California,OSHPD: PDD and EDD,1/24/2020,1/24/2020
15-02-1888-CONVERSION,Common rule/Human subjects,CR,"Thereasa Cronan, PhD",San Diego State University,Acceptance and Commitment Therapy in Newly Diagnosed Breast Cancer Patients,CDPH: Cancer Registry of Greater California,2/19/2020,2/19/2020
2018-154-UCLA,"SB-13 (Information Practices Act), Common rule/Human subjects",CR,"Yih-Ing Hser, PhD","University of California, Los Angeles",Patient Decision Aid (PtDA) for Medication-Assisted Treatment for Opioid Use Disorder,"DOJ: Controlled Substance Utilization Review and Evaluation System 2.0
DOJ: DOJ Automated Criminal History System
DHCS: CalOMS",6/19/2020,
2019-135-University of Kentucky,"SB-13 (Information Practices Act), Common rule only",CR,"Teresa Waters, PhD",University of Kentucky,Impact of Medicare Value Programs on Inpatient Quality Indicators (IQIs) and Patient Safety Indicators (PSIs),OSHPD: Patient Discharge Database,4/20/2020,6/8/2020
17-02-2892-CONVERSION,Common rule/Human subjects,AMD,"Suzanne Phelan, PhD","California Polytechnic State University, San Luis Obispo",Gestational Diabetes Prevention,"CDPH (Women, Infants, and Children Program - Santa Barbara County) WICMIS database",1/10/2020,3/4/2020
12-05-0196-CONVERSION,"Death data only, SB-13 (Information Practices Act)",CR,"Yaa Akosa Antwi, PhD",Indiana University,The Impact of Restricting Balance Billing on Quantity and Quality of Emergency Care,"OSHPD: 2003-2011 Linked Patient Discharge Data and Vital Statistics Death File, 2005-2011 Emergency Department Data (EDD) and 2003 to 2011 Patient Discharge Data (PDD)",2/3/2020,2/7/2020
15-02-1899-CONVERSION,Common rule only,AMD,"Cristina Gutierrez, PhD",Perkin Elmer,Long-Term Frozen Stability of Markers of Inborn Errors of Metabolism (IEM) and Lysosomal Storage Disorders (LSD) in Neonatal Dried Blood Spots,CDPH: California Biobank Program,2/21/2020,2/24/2020
13-04-1172-CONVERSION,Common rule only,CR,"Gary Shaw, DrPH",Stanford University,National Birth Defects Prevention Study  California Component,CDPH: Newborn screening bloodspot specimens ,4/20/2020,6/8/2020
12-05-0171-CONVERSION,Common rule/Human subjects,CR,"Jun Wu,","University of California, Irvine",REPerse Reproductive Health Outcomes and Exposures to Gaseous and Particle Matter Air Pollution in Pregnant Women,CDPH: Birth Statistical Master Files,6/23/2020,
2020-018-CDPH,,DTM,"Anthony Barrows, MPA",Ideas42,Designing Behaviorally Informed SMS Appointment Reminders to Improve the California WIC Experience,,2/3/2020,2/3/2020
13-02-1086-CONVERSION,SB-13 (Information Practices Act),CR,"Paul Pinsky, PhD",National Institutes of Health,"The Continued Follow-Up of Prostate, Lung, Colorectal and Ovarian Participants",CDPH: California Cancer Registry,3/4/2020,3/4/2020
12-06-0320-CONVERSION,SB-13 (Information Practices Act),CR,"Peter Bearman, PhD",Columbia University,"The Prevalence of Autism in California:  Prenatal, Parental, Social and Environmental Risk Factors","DDS: Client Development Evaluation Report and Client Master Files
CDPH: Birth Statistical Master Files",6/23/2020,
13-02-1083-CONVERSION,Common rule/Human subjects,AMD,"Janet Coffman, PhD","University of California, San Francisco",California Physicians Use of Health Information Technology,"Medical Board of California: Core license file, mandatory licensure renewal survey",1/2/2020,1/3/2020
16-08-2669-CONVERSION,Common rule only,CR,"Joelle Nadle, MPH",California Emerging Infections Program,Sepsis and Septic Shock Epidemiology,"CDPH: 2014 and 2015 Death Data Files, 2014 and 2015 Multiple Cause of Death Data Files",6/17/2020,
12-04-0136-CONVERSION,SB-13 (Information Practices Act),CR,"Susan Huang, MD, MPH","University of California, Irvine",Project MAPP: Mapping and Analyzing Patient Pathways,OSHPD: Patient Discharge Data,6/22/2020,
2018-173-Wake Forest School of Medicine,Common rule only,CR,"Amresh Hanchate, Phd",,"National Estimates of the Impact of the Affordable Care Act on Healthcare Utilization, Outcomes and Quality Among Hispanics","OSHPD: PDD
OSHPD: ED
OSHPD: Linked PDD/VSAC-Death Data",6/19/2020,
2019-027-University of Nevada Reno,SB-13 (Information Practices Act),CR,"Lyndsey Darrow,",,Extreme Heat Events and Pregnancy Outcomes,"CDPH: Birth Data Files
CDPH: Fetal Death Data Files",2/19/2020,2/20/2020
16-10-2750-CONVERSION,SB-13 (Information Practices Act),CR,"George Hatch, M.D.",University of Southern California,Long-term Outcomes of Upper Extremity Perarticular Fractures,"OSHPD: Patient Discharge Database, Emergency Department Data, Ambulatory Surgery Center Data",4/3/2020,4/6/2020
2018-111-CDPH,Common rule/Human subjects,AMD,"Paul Ruggiere, PhD",Moxier Research,"Third National Survey of Women, Infants and Children Participants  (NSWP-III)",,4/21/2020,4/21/2020
15-01-1835-CONVERSION,Common rule only,CR,"Gary Shaw, DrPH",Stanford University,Measured Parameters in Mid-Pregnancy Blood Specimens and Risks of Selected REPerse Pregnancy Outcomes,CDPH: Serum and clot specimens,2/25/2020,2/26/2020
2020-008-UC San Francisco,Common rule only,NEW,"Salma Shariff-Marco, PhD, MPH","University of California, San Francisco",Multilevel Drivers of Liver Cancer Disparities,CDPH: CCR,1/7/2020,2/12/2020
2018-067-UC Merced,Common rule only,CR,"Sandie Ha, PhD, MPH",,Environmental Risk Factors of REPerse Pregnancy Outcomes in California,,2/27/2020,3/4/2020
2019-116-Other,Common rule only,AMD,"Anne Bass, MD",Hospital for Special Surgery,Social Determinants of Total Knee Replacement Failure,OSHPD: Patient Discharge Database,1/2/2020,1/4/2020
2018-076-UC San Francisco,Common rule/Human subjects,AMD,"Scarlett L Gomez, PhD","University of California, San Francisco",Active Surveillance and Patient Reported Outcomes in a Diverse Population of Prostate Cancer Patients,,3/18/2020,3/20/2020
13-03-1138-CONVERSION,SB-13 (Information Practices Act),CR,"Catherine Metayer, MD, PhD","University of California, Berkeley","Environmental and Molecular Epidemiology of Childhood Leukemia 
(Lay Title:  California Childhood Leukemia Study)","CDPH: Archived newborn blood spots [Genetic Disease Branch], California live birth file (1986-2015) [CDPH - Office of Vital Statistics], California death file(1986-2015) [CDPH - Office of Vital Statistics]",2/19/2020,2/24/2020
17-02-2887-CONVERSION,Common rule only,AMD,"Christy Adams, MPH, PhD","University of California, Davis",Associations of Acute Hospitalization with Post-Discharge Injury Falls Among Community Dwelling Older Adults in California,"OSHPD: Non-public Patient Discharge Data (PDD), Non-public Emergency Department Data (ED)",6/17/2020,6/19/2020
16-10-2765-CONVERSION,Common rule only,CR,"Ann Hamilton, PhD",University of Southern California,"Surveillance, Epidemiology, and End Results (SEER) Registry Feasibility Study","CDPH: California Cancer Registry is being used to provide the names of the patients with breast, prostate, colorectal, and ovarian cancers, and multiple myeloma patients",1/6/2020,2/7/2020
2018-095-Emory University,SB-13 (Information Practices Act),AMD,"Stefanie Sarnat, ScD",Emory University,"The Environmental Exposures and Health Across the Nation (ENVISION) Study:  A Time-Series Study of Air Pollutant Mixtures, Heat, and Other Environmental Exposures with Acute Morbidity",OSHPD: Patient Discharge Data and Emergency Department Data (EDD),2/20/2020,2/21/2020
12-10-0819-CONVERSION,Common rule/Human subjects,AMD,"Paula Braveman, MD, MPH","University of California, San Francisco",Maternal and Infant Health Assessment (MIHA),"CDPH: Birth Statistical Master Files, January - December",4/20/2020,4/23/2020
12-05-0217-CONVERSION,SB-13 (Information Practices Act),CR,"Julie Wolfson, MD, MHS",University of Alabama ,"Outcomes in Adolescents and Young Adults (AYAs) with Cancer:  Race, Ethnicity and  Treatment Site",Los Angeles Cancer Surveillance Project (CSP),6/22/2020,
12-05-0185-CONVERSION,Common rule only,FIN,"Seth Freedman, PhD",Indiana University,"Diffusion of Neonatal Intensive Care:  Non-Price Competition, Resource Allocation, and Infant Health Outcomes",OSHPD: Linked Patient Discharge Data/Birth Data and Annual Hospital Utilization Data,1/3/2020,2/7/2020
15-04-1994-CONVERSION,Common rule only,CR,"Margo McKinlay, B.S.",Perkin Elmer,Collection of Confirmed x-Adrenoleukodystrophy (ALD) Positive Specimens for Evaluation in a Clinical Study to Establish Screening Performance of the PerkinElmer NeoBase2 Non-Derivatized Mass Spectrometry (MS/MS) Test System for x-ALD,"CDPH: California Biobank Program, Genetic Disease Screening Program",6/23/2020,
16-03-2481-CONVERSION,SB-13 (Information Practices Act),FIN,"Rie Sakai-Bizmark, MD, MPH, PhD",The Lundquist Institute for Biomedical Innovation,Regionalization of Pediatric Cardiac Surgery: Geographic Information System (GIS)-Assisted Location Selection,OSHPD: Patient Discharge Data (PDD) database,4/21/2020,6/5/2020
2020-045-IBM Watson Weath,,DTM,"Teresa B. Gibson, PhD",,The Role and Impact of Low Actuarial Value Health Plans in the Health Insurance Exchange Market,,3/3/2020,4/6/2020
2018-080-University of Southern California,Common rule only,CR,"Emily Putnam-Hornstein, PhD",University of Southern California,California Health and Human Services Record Reconciliation,"DDS
DHCS
CDPH
DSS",2/3/2020,2/7/2020
2019-082-Boston Children's Hospital,Common rule only,CR,"Robin Haynes, PhD",,Newborn Blood Serotonin as a Biomarker for Sudden Infant Death Syndrome (SIDS) Risk:  A Pilot Study,"CDPH: California Biobank Program, Genetic Disease Screening Program",3/6/2020,3/30/2020
2020-107-CDPH,Death data only,NEW,"Susan Paulukonis, MA, MPH",CDPH,"Examining Mortality Risk and Cause of Death Among California's Newborn Screening Identified Cohort with Sickle Cell Trait, 1990-2018","CDPH: Biobank
OSHPD: PDD",5/5/2020,
2018-047-UCLA,"SB-13 (Information Practices Act), Common rule/Human subjects",CR,"Darren Urada, PhD","University of California, Los Angeles",Evaluation of the Hub and Spoke:  Statewide Medication Assisted Treatment Expansion Program,,6/25/2020,
12-11-0900-CONVERSION,Common rule/Human subjects,AMD,"Irva Hertz-Picciotto, PhD","University of California, Davis",Childhood Autism Risks from Genetics and the Environment (the CHARGE Study),"DDS: Client Development Evaluation Report (CDER), Early Start Report (ESR), Client Master File (CMF)
CDPH: Newborn bloodspot specimens and newborn screening test results, Birth and Death Statistical Master Files, CALINE air pollution modeled database, Pesticide Use Reports",3/4/2020,4/1/2020
2019-124-UC San Francisco,Common rule/Human subjects,AMD,"Megumi Okumura, MD MAS","University of California, San Francisco",California Children's Services/Whole Child Model Program Evaluation,"OSHPD: Emergency Department Data and Patient Discharge Data
DHCS: CCS Claims and client files from the Management Information System / Decision, Support System (MIS/DSS ), Appeals and grievances and Fair Hearings data, CMS Net system",2/18/2020,2/25/2020
2020-005-University of Southern California,,DTM,"Arianna Barbetta, MD",,Progression of liver disease in patients with a history of the Fontan procedure,,1/7/2020,
