Protocol ID,Project Type,Application Type,PI Name,PI Organization,Project Title,Data Source,Defined,Completed
2020-059-DSH,Common rule only,NEW,"Barbara McDermott, PhD","University of California, Davis",Pre-Trial Felony Mental Health Diversion:  Examining Outcomes,,3/11/2020,
2020-135-University of North Carolina,Common rule only,NEW,"Hazel Nichols, PhD","University of North Carolina, Chapel Hill",In Vitro Fertilization Outcomes After Cancer,"CDPH: Birth data, death data, fetal death, and CCR",6/29/2020,
2020-040-The Lundquist Institute for Biomedical Innovation,"Death data only, Common rule only",NEW,"Rie Sakai-Bizmark, MD, MPH, PhD",The Lundquist Institute for Biomedical Innovation,"Postpartum Self-Harm Rates Among Homeless Women in CA and NY, 2005-2014","OSHPD: Patient Discharge Database
OSHPD: Emergency Department Data
OSHPD: Linked VS-DSMF with Patient Discharge Data
OSHPD: Linked VS-DSMF with Emergency Department Data
OSHPD: Linked Birth File",2/27/2020,4/3/2020
16-12-2818-CONVERSION,SB-13 (Information Practices Act),CR,"Alexandra Steiny,","University of California, Berkeley",Determinants of Job Performance,OSHPD: Patient Discharge Data (PDD) and PDD linked to the Vital Statistics Death Statistical Master File (VS-DSMF),2/19/2020,2/19/2020
2018-184-Other,SB-13 (Information Practices Act),CR,"Amy Lerman, PhD","University of California, Berkeley",Experiences of Students in a Prison College Program,CDCR: in-prison misconduct and recidivism rates,6/19/2020,
12-04-0126-CONVERSION,Common rule only,AMD,"Stephen Nitch, PhD",California DSH,The Utility of the Repeatable Battery for the Assessment of Neuropsychological Status (RBANS) in a State Hospital,"DSH: RBANS Program Evaluation Project, NCS Referral database and CVLT-II database",5/5/2020,5/5/2020
17-04-2958-CONVERSION,Common rule only,CR,"Joseph Wiemels, PhD",University of Southern California,Identifying Inherited Variants That Predispose to Lymphoid Malignancies,CDPH: California Cancer Registry,5/4/2020,6/8/2020
2020-115-Children's Hospital of Los Angeles,,DTM,"Ryan Spurrier, MD",,Patterns of Racial and Socioeconomic Disparities in Pediatric Trauma in California,,5/12/2020,6/5/2020
16-01-2385-CONVERSION,SB-13 (Information Practices Act),CR,"Tara Russell, MD, MPH","University of California, Los Angeles",Evaluating Health Care Utilization Pre- and Post- Liver Transplantation,OSHPD,4/22/2020,6/8/2020
12-03-0035-CONVERSION,Common rule only,CR,"Jon Busch, PhD",Truven Health Analytics (formerly MEDSTAT),Healthcare Cost and Utilization Project (HCUP),"OSHPD: 1988-2014 Non-Public Inpatient Discharge Data, Emergency Department Data, and Ambulatory Surgery Clinic Data",4/21/2020,6/8/2020
2018-073-UCLA,Common rule only,CR,"Wesley Yin, Ph.D.","University of California, Los Angeles",Market Impacts of Hospital Demand,,3/20/2020,4/6/2020
13-02-1116-CONVERSION,Common rule/Human subjects,CR,"Lauren Whetstone, PhD",CDPH,Champions for Healthy Change,DSS: Medi-Cal Eligibility Data System (MEDS database),3/30/2020,3/31/2020
12-11-0927-CONVERSION,Common rule/Human subjects,CR,"Stanley Sciortino, MPH, PhD",CDPH,Collection of Gene Mutations for Laboratory Quality Assurance,CDPH: California Newborn Screening Patient Registry,1/22/2020,2/7/2020
2018-118-University of Southern California,Common rule only,AMD,"Joseph Wiemels, PhD",University of Southern California,Gene and Environment Risk Factors for Childhood Acute Leukemia Among Hispanics and Non-Hispanic Whites,,5/4/2020,5/6/2020
2019-140-San Diego County,Common rule/Human subjects,CR,"Elizabeth Harris, PhD",National Council on Crime and Delinquency,Hotline Multidisciplinary Team Evaluation,,4/22/2020,4/27/2020
17-02-2892-CONVERSION,Common rule/Human subjects,AMD,"Suzanne Phelan, PhD","California Polytechnic State University, San Luis Obispo",Gestational Diabetes Prevention,"CDPH (Women, Infants, and Children Program - Santa Barbara County) WICMIS database",3/23/2020,3/24/2020
2018-088-UCD,Common rule/Human subjects,AMD,"Irva Hertz-Picciotto, PhD","University of California, Davis",Pre-Adolescent and Late-Adolescent Follow-Up of the Childhood Autism Risks from Genetics and Environment (CHARGE) Study Children:  Childhood Autism Risks from Genetics and Environment/Environmental Influences of Childrens Health Outcomes (ReCHARGE/ECHO),CDPH: GDSP,6/8/2020,6/23/2020
16-05-2564-CONVERSION,Death data only,FIN,"Cynthia Fontanella, PhD",Ohio State University ,Clinical Profiles and Treatment Utilization Patterns Associated with Suicide Among Youth in Medicaid in the United States,CDPH: Death Data Files,6/18/2020,
2018-056-UC San Diego,SB-13 (Information Practices Act),AMD,"Yuyan Shi, PhD","University of California, San Diego",The Epidemiology of Marijuana and Opioid Abuse,,3/20/2020,4/15/2020
2020-006-UC Davis,Common rule/Human subjects,NEW,"Paul Hastings, PhD","University of California, Davis",Other-Oriented Decision-Making in Adolescence,,1/7/2020,3/6/2020
13-03-1149-CONVERSION,Common rule/Human subjects,AMD,"Timothy Fong, MD",,Assessing the Quality and Effectiveness of the California Problem Gambling Treatment System,CDPH: CalGETS Data Management System,3/6/2020,4/7/2020
16-05-2551-CONVERSION,SB-13 (Information Practices Act),CR,"Mary Prichard,",Los Angeles Unified School District ,"Using Los Angeles Unified School District Population and Enrollment Projections for Research, Analysis, and Planning",CDPH: Birth Statistical Master File (BSMF),2/19/2020,2/24/2020
2019-073-CDPH,Common rule only,CR,"Michelle Pearl, PhD",CDPH,Air Pollution and Placental Abruption (APPA),"CDPH: California Biobank Program Prenatal Screening Data
OSHPD: PDD Linked to Birth Cohort
CDPH: Birth and Fetal Death Records",5/8/2020,5/8/2020
13-03-1140-CONVERSION,Common rule/Human subjects,REP,"Sheryl Williams, PhD",CDPH,"Surveillance of Human Immunodeficiency Virus Risk and Prevention Behaviors of Men Who Have Sex with Men, Injection Drug Users, and Heterosexuals:  San Diego, California",,3/11/2020,4/6/2020
15-05-2036-CONVERSION,Common rule only,CR,"Craig Pollack, MD, MHS",Johns Hopkins Medicine,Comparative Effectiveness of Moving to a Low-Versus Remaining in a High-Poverty Neighborhood for Health Care Utilization and Costs of Care,"OSHPD: Patient Discharge Data (from 1995-1997), Ambulatory Surgery Center Data and Emergency Department Data",6/19/2020,
12-06-0355-CONVERSION,Common rule only,CR,"Martin Kharrazi, PhD",CDPH,Gestational Age Measurement in California Birth Records,CDPH: Live Birth/Fetal Death records and Prenatal & Newborn Screening records,1/27/2020,2/7/2020
2020-052-Northwestern University,Common rule only,NEW,"Joseph Feinglass, PhD",Northwestern University,Maternal Childbirth and Postpartum Outcomes,"OSHPD: Patient Dischsarge Dataset 
OSHPD: Emergency Department Dataset",3/9/2020,6/10/2020
2019-164-UCD,"SB-13 (Information Practices Act), Common rule only",CR,"Stephen Henry, MD, MSc","University of California, Davis",California Initiative for Optimizing PDMP Use and Predicting Opioid-Related Harms,"DHCS: Medi-Cal Claims data
OSHPD: Patient Discharge Dataset (PDD)
DOJ: California Controlled Substance Utilization and Review System (CURES)
CDPH: California Comprehensive Death file
OSHPD: Emergency Department Dataset (ED)",6/23/2020,
15-03-1931-CONVERSION,Common rule only,CR,"Sujuan Cai, MSN, PhD Nursing Student","University of California, Davis",Health Problems and Utilization During the First Year After Discharge from the Initial Rehabilitation Among Veterans With Spinal Cord Injury/Disorders,OSHPD: Emergency department and inpatient admission data,3/19/2020,4/6/2020
2019-298-Stanford University,Common rule only,AMD,"Lisa Knowlton, MD",Stanford University,Healthcare Utilization Patterns of Patients with Temporary Medicaid Coverage Under the Hospital Presumptive Eligibility Program,DHCS: MMIS/DSS,6/18/2020,6/23/2020
2019-057-CDPH,Common rule only,CR,"Shereen Katrak, MD, MPH",,"Tuberculosis Disease in Recipients of Organ-Transplantation, California 2010-2017",CDPH: California Tuberculosis Registry,2/25/2020,2/27/2020
17-04-2958-CONVERSION,Common rule only,AMD,"Joseph Wiemels, PhD",University of Southern California,Identifying Inherited Variants That Predispose to Lymphoid Malignancies,CDPH: California Cancer Registry,5/5/2020,5/5/2020
2019-164-UCD,"SB-13 (Information Practices Act), Common rule only",AMD,"Stephen Henry, MD, MSc","University of California, Davis",California Initiative for Optimizing PDMP Use and Predicting Opioid-Related Harms,"DHCS: Medi-Cal Claims data
OSHPD: Patient Discharge Dataset (PDD)
DOJ: California Controlled Substance Utilization and Review System (CURES)
CDPH: California Comprehensive Death file
OSHPD: Emergency Department Dataset (ED)",4/30/2020,5/4/2020
2018-047-UCLA,"SB-13 (Information Practices Act), Common rule/Human subjects",AMD,"Darren Urada, PhD","University of California, Los Angeles",Evaluation of the Hub and Spoke:  Statewide Medication Assisted Treatment Expansion Program,,2/3/2020,2/3/2020
13-02-1086-CONVERSION,SB-13 (Information Practices Act),AMD,"Paul Pinsky, PhD",National Institutes of Health,"The Continued Follow-Up of Prostate, Lung, Colorectal and Ovarian Participants",CDPH: California Cancer Registry,3/4/2020,3/16/2020
2019-048-CDPH,Common rule only,AMD,"Michelle Pearl, PhD",CDPH,Are Mothers and Their Children at Risk from In Utero Exposure to Grandmaternal Smoking?,"CDPH: Prenatal Screening and Newborn Screening Data and Specimens and Birth and Birth Cohort Records
OSHPD: Hospital Discharge Data Linked to Birth Cohort",5/7/2020,5/18/2020
15-04-1954-CONVERSION,Common rule only,CR,"Margo McKinlay, B.S.",Perkin Elmer,Collection of Confirmed Positive Specimens for Evaluation in a Clinical Study to Establish Screening Performance of the PerkinElmer NeoBase2 Non-Derivatized Mass SpectrometryMass Spectrometry Test System for Inborn Errors of Metabolism.,"CDPH: California Biobank Program, Genetic Disease Screening Program",6/19/2020,
12-06-0455-CONVERSION,Common rule/Human subjects,CR,"Saad Omer, MBBS, MPH, PhD",Yale University,Evaluation of the Association between Geographic Distribution and Clustering of Exemptions and Outbreak of Vaccine Preventable Diseases,CDPH,6/12/2020,
2019-135-University of Kentucky,"SB-13 (Information Practices Act), Common rule only",AMD,"Teresa Waters, PhD",University of Kentucky,Impact of Medicare Value Programs on Inpatient Quality Indicators (IQIs) and Patient Safety Indicators (PSIs),OSHPD: Patient Discharge Database,1/10/2020,1/10/2020
2020-024-UCLA,,DTM,"Rivfka Shenoy, MD",,Biliary Colic Risk Prediction Model,,2/12/2020,4/3/2020
16-03-2470-CONVERSION,Common rule only,AMD,"Leila Forouzan, MPA",REPancement Project California,Healthy City Direct Technical Assistance and Healthycity.org Online Mapping and Analysis,"CDPH: Birth & Death Master Statistical Files
OSHPD: Patient Discharge Data, Emergency Discharge Data, Ambulatory Surgery Data (public data); custom run request for summarized data (no CPHS approval required)",2/5/2020,2/12/2020
2018-070-UC Santa Barbara,Common rule/Human subjects,CR,"Zoe Liberman, PhD","University of California, Santa Barbara",Social Expectations in Infancy,CDPH: VS-Birth data,4/27/2020,6/8/2020
2018-182-CDPH,Common rule only,AMD,"Martin Kharrazi, PhD",CDPH,Cystic Fibrosis Transmembrane Conductance Regulator Gene-Related Asthma,"CDPH: Newborn screening and linked birth certificate data
DHCS: Medi-Cal eligibility and claims data",6/23/2020,6/24/2020
17-02-2879-CONVERSION,Common rule only,CR,"Robert Cooper, MD",Kaiser Permanente,Comparison of Cancer Outcomes Among Kaiser Permanente Southern California Members and Other Privately Insured Patients,CDPH: California Cancer Registry,4/21/2020,6/8/2020
2019-284-Children's Hospital of Los Angeles,Common rule only,AMD,"Diana Moke,",University of Southern California,Towards Reducing Late Mortality Among 5-year Survivors of Adolescent and Young Adult Cancer,CDPH: California Cancer Registry,1/17/2020,1/23/2020
2019-215-Other,Common rule/Human subjects,AMD,"Marci Eads, PhD",Health Management Associates,CRDP Phase 2: Gender Spectrum Local Evaluation,,1/22/2020,1/23/2020
17-02-2889-DOR,Common rule/Human subjects,AMD,"Mark Tucker, PhD",San Diego State University,California Career Innovations,,4/27/2020,4/28/2020
12-07-0565-CONVERSION,Common rule only,CR,"Ann Hamilton, PhD",University of Southern California,Disparity in the  Quality of Breast Cancer Treatment and Effect on Outcomes-Los Angeles Subcontract,Los Angeles Cancer Surveillance Program,1/6/2020,2/7/2020
12-10-0804-CONVERSION,Common rule/Human subjects,AMD,"Stephen Arnon, MD, MPH",CDPH,Using Infant Feces and Serum for Polymerase Chain Reaction and ALISSA Assay Development and Validations and Clostridium Botulinum Genomic Characterization,,3/9/2020,
17-01-2839-CONVERSION,Common rule only,CR,"Michelle Pearl, PhD",CDPH,"Impact of In-Utero Exposure to Tobacco Using an Intergenerational, Life-Course Approach",CDPH: California Biobank Program Linked Database comprised of live birth and newborn screening program records and specimens,3/9/2020,3/11/2020
2020-104-University of Colorado,,DTM,"Lauren Schechter, MA, Economics",,The Effect of Temporary Shelters on Domestic Violence,,5/5/2020,6/5/2020
2020-050-CDCR,SB-13 (Information Practices Act),NEW,"Keith Clement, PhD",,Evaluation of Contraband Interdiction Pilot Program  California Substance Abuse and Treatment Facility (SATF) and State Prison Corcoran Research Proposal,,3/6/2020,
2018-112-Other,Common rule/Human subjects,CR,"Priscilla Fernandez, PhD",Rescue Agency,Champions for Change Creative Concept Testing,,5/21/2020,6/21/2020
13-09-1349-CONVERSION,Common rule only,AMD,"Pamala Kirley, MPH",California Emerging Infections Program,"Geocoding and Underlying Disease Protocol for Surveillance Within the 
California Emerging Infections Program","CDPH: Vital Records data sets: Death Data File, Multiple Cause of Death file, and Birth Data File",5/1/2020,5/1/2020
2017-023-Other,Common rule only,AMD,"Matthew Durose, MS",United States Department of Justice,Recidivism of Persons Released from State Prisons in 2012,CDCR: Prison Release Records,3/5/2020,3/5/2020
15-10-2248-CONVERSION,", Common rule only",FIN,"Alicia Gilsenan, PhD",Research Triangle Institute (RTI) International,Assessing the Incidence of Osteosarcoma Among Teriparatide Users Using Medicare Part D and State Cancer Registry Data,CDPH: California Cancer Registry,5/13/2020,6/5/2020
15-04-1972-CONVERSION,Common rule/Human subjects,CR,"Darci Delgado, PsyD",,Criminogenic Risk Factors Among Forensic Psychiatric Inpatients,"DSH: Incident Management System, Special Incident Reporting (SIR) Database, and the Wellness and Recovery Model Support System (WARMSS)",5/11/2020,6/8/2020
"2020-098-Mathematica Policy Research, Inc.",Common rule/Human subjects,NEW,"Amanda Lechner, MPP",Mathematica Policy Research,Evaluation of the Medically Tailored Meals Pilot Program,DHCS: MMIS,5/1/2020,6/16/2020
14-12-1829-CONVERSION,Common rule/Human subjects,AMD,"Lauren Whetstone, PhD",CDPH,Champions for Change Media Campaign Evaluation,,5/14/2020,5/14/2020
12-04-0126-CONVERSION,Common rule only,CR,"Stephen Nitch, PhD",California DSH,The Utility of the Repeatable Battery for the Assessment of Neuropsychological Status (RBANS) in a State Hospital,"DSH: RBANS Program Evaluation Project, NCS Referral database and CVLT-II database",5/7/2020,5/8/2020
2018-111-CDPH,Common rule/Human subjects,CR,"Paul Ruggiere, PhD",Moxier Research,"Third National Survey of Women, Infants and Children Participants  (NSWP-III)",,4/21/2020,6/5/2020
2019-141-DSH,Common rule only,CR,"Trayci Dahl, Ph.D. Clinical Psych",California DSH,Factors Related to Decertification of Mentally Disordered Offenders.,,4/20/2020,6/8/2020
2020-033-Mayo Clinic,Common rule/Human subjects,NEW,"Susan Slager, PhD",Mayo Clinic,Epidemiology of Chronic Lymphocytic Leukemia (CLL)/Small Lymphocytic Lymphoma (SLL) Study,,2/24/2020,5/4/2020
14-12-1829-CONVERSION,Common rule/Human subjects,AMD,"Lauren Whetstone, PhD",CDPH,Champions for Change Media Campaign Evaluation,,2/18/2020,2/24/2020
15-10-2260-CONVERSION,Common rule only,AMD,"Lisa Vershave,",Perkin Elmer,Collection of Confirmed Duchenne Muscular Dystrophy Positive and Presumptive Negative Newborn Screening Dried Blood Spot Specimens (ES01-15002),"CDPH: California Biobank Program, Genetic Disease Screening Program",2/18/2020,2/18/2020
17-02-2878-CONVERSION,,CR,"Staci Wendt, Ph.D.",WestED,DOE Expanded Learning Programs Biennial Report,"DOE: CALPADS, CHKS",3/13/2020,3/25/2020
2019-163-UC Davis,SB-13 (Information Practices Act),CR,"Theresa Keegan, PhD, MS","University of California, Davis","Linking the Center for International Blood and Marrow Transplant Research (CIBMTR) Registry to the California Vital Statistics, Cancer, and Hospital Patient Discharge Registries to Study REPerse Effects and Survival Following Hematopoietic Cell Transplantation","CDPH: California Cancer registry (CCR) data and California Vital Records Data and Statistics (Death Data)
OSHPD: Patient Discharge Data (PDD)",6/29/2020,
13-02-1134-CONVERSION,Common rule/Human subjects,CR,"Ann Hamilton, PhD",University of Southern California,Life Course Energy Balance and Breast Cancer Risk in Black/White Women Under 50,CDPH: California Cancer Registry,3/6/2020,3/30/2020
2019-070-University of Colorado,Common rule only,CR,"Tessa Zangara,","University of Colorado, Denver","Epidemiology, Outcomes from Treatment, and the Spectrum of Soft Tissue Infection Over Time in Hospitalized Patients:  A Population-Based Description of Inpatients in the State of California",OSHPD: PDD,4/23/2020,6/8/2020
2018-063-KP,Common rule/Human subjects,CR,"Lisa Croen, PhD",Kaiser Permanente,Epigenetics from Birth through Childhood in the Study to Explore Early Development (SEED),CDPH: Newborn Screening and Biobank,4/21/2020,6/8/2020
2019-150-Fred Hutchinson Cancer Research Center,Common rule only,CR,"Parveen Bhatti, PhD",Fred Hutchinson Cancer Research Center,Study of Cancer Incidence at Fire Station 31,CDPH: California Cancer Registry,6/19/2020,
17-01-2844-CONVERSION,Common rule/Human subjects,CR,"Allen Azizian, PhD",California DSH,Recidivism Rates of Individuals Committed or Detained to a State Hospital Pursuant to California Sexually Violent Predator Act,DSH,2/26/2020,3/4/2020
14-01-1483-CONVERSION,Common rule only,CR,"Nerissa Wu, PhD",CDPH,Biomonitoring California  Using Banked Specimens to Enhance Our Understanding of Chemical Exposure in California,CDPH: California Biobank Program,2/26/2020,2/26/2020
2017-041-CDPH,Common rule/Human subjects,FIN,"Shelley Facente, MPH",,"California Reducing Disparities Project, TOUCHPOINTS Local Evaluation",,4/23/2020,6/5/2020
17-02-2887-CONVERSION,Common rule only,CR,"Christy Adams, MPH, PhD","University of California, Davis",Associations of Acute Hospitalization with Post-Discharge Injury Falls Among Community Dwelling Older Adults in California,"OSHPD: Non-public Patient Discharge Data (PDD), Non-public Emergency Department Data (ED)",6/19/2020,
12-02-0012-CONVERSION,Common rule/Human subjects,CR,"Jennifer Silvers, PhD","University of California, Los Angeles",The Neurobehavioral Development of Social Behavior,CDPH: Birth records,4/21/2020,6/8/2020
12-06-0401-CONVERSION,SB-13 (Information Practices Act),AMD,"Joseph Carey, MD","University of California, Irvine",California Cardiac Surgery and Intervention Project,"OSHPD: Patient Discharge database (PDD) (1999-2016), Linked PDD-Vital statistics death file (1999-2012), CCORP data file (2006-2012), EDD-ASCD patient encounter data (2005-2016)",4/21/2020,4/22/2020
2020-039-KP,Death data only,NEW,"Sonya Negriff, PhD",Kaiser Foundation Research Institute,Suicide-Related Risks Associated with Prescription Opioid Deprescribing,CDPH: Death Data,2/27/2020,4/6/2020
12-05-0267-CONVERSION,Common rule only,FIN,"De-Kun Li, MD, PhD",Kaiser Permanente,Prenatal Medication Use and the Risk of Congenital Heart Defects,CDPH: Birth Certificate Data,6/18/2020,
2020-070-CDPH,,DTM,"Kathleen Jacobson, M.D.",CDPH,Determination of Risk of Corona Virus Disease (COVID) Amongst People with Human Immunodeficiency Virus (HIV) Infection,,4/15/2020,6/5/2020
2018-195-DHCS,Common rule only,FIN,"Teresa Souza, PhD",United States Department of Housing and Urban Development,Section 811 Project Rental Assistance Phase II Evaluation,,3/16/2020,4/3/2020
2020-119-UC San Francisco,Common rule only,NEW,"Cristina Lanata, MD",,"The Methylome Across the Lifespan as a
Biomarker for Systemic Lupus Erythematosus Outcomes and Disease Activity",CSPH: California Biobank Program,5/21/2020,
2019-090-CSUS,"SB-13 (Information Practices Act), Common rule only",CR,"Yuan Ye, PhD",,Nurse Staffing Impacts on Costs and Quality,OSHPD: PDD,2/19/2020,2/20/2020
2018-030-UCLA,SB-13 (Information Practices Act),AMD,"Nadereh Pourat, PhD","University of California, Los Angeles",Whole Person Care (WPC) Pilot Evaluation Design,,4/20/2020,4/28/2020
14-07-1637-CONVERSION,SB-13 (Information Practices Act),CR,"Nathan Wilson, PhD",Johns Hopkins University,Learning About Hospital Substitution Patterns from Natural Experiments,OSHPD,5/7/2020,5/8/2020
2020-053-UCLA,Common rule/Human subjects,AMD,"Ninez Ponce, PhD","University of California, Los Angeles",California Health Interview Survey (CHIS) Tobacco Studies,,4/30/2020,5/7/2020
16-06-2577-CONVERSION,SB-13 (Information Practices Act),AMD,"Stephen Henry, MD, MSc","University of California, Davis",Developing a Patient-Level Risk Prediction Model for Prescription Opioid Overdose and Death,"CDPH: California Comprehensive Death file with the multiple cause of death file
OSHPD:  Patient Discharge Data, Emergency Department Data, Ambulatory Surgery Data, linked Patient Discharge-Death data, linked Emergency Department-Death data, and linked Ambulatory Surgery-Death data.
DOJ: CURES 2.0 (Controlled Substance Utilization Review and Evaluation
System)",2/21/2020,2/21/2020
14-11-1769-CONVERSION,Common rule/Human subjects,AMD,"Jeri Anderson, PhD",,Study of Cause-Specific Mortality and Cancer Incidence in a Combined Cohort of Uranium Enrichment Workers,CDPH: California Cancer Registry,2/4/2020,2/4/2020
16-02-2422-CONVERSION,Common rule/Human subjects,CR,"Judith Fridovich-Keil, PhD",,Intervention and Outcomes in Duarte Galactosemia,,2/19/2020,3/25/2020
12-05-0170-CONVERSION,Common rule/Human subjects,CR,"Victoria Cortessis, PhD",University of Southern California,Original Proposal Title:  Causes of Testicular Cancer and Cryptorchidism; Updated Protocol Title:  Causes of Germ Cell Tumors and Related Conditions,CDPH: California Cancer Registry,4/27/2020,4/28/2020
2017-022-Other,Common rule only,AMD,"Matthew Durose, MS",United States Department of Justice,"Characteristics of Persons Admitted to State Prisons, 2009 and 2014",CDCR: Prison Admission Records,3/5/2020,
16-04-2493-CONVERSION,SB-13 (Information Practices Act),CR,"Frank Bove, Sc.D, MS",Centers for Disease Control and Prevention,Cancer Incidence Study of Marines/Navy Personnel and Civilian Employees Exposed to Contaminated Drinking Water at USMC Base Camp Lejeune,CDPH: California Cancer Registry,1/17/2020,2/17/2020
13-01-1069-CONVERSION,SB-13 (Information Practices Act),AMD,"Scarlett L Gomez, PhD","University of California, San Francisco",California Cancer Registry-Palo Alto Medical Foundation Linkage:  Creating an Anonymized Dataset for Cancer Research (Grant Title:  Evaluating Feasibility of and Potential Biases in Supplementing Cancer Registry Data Using External Sources),CDPH: California Cancer Registry,6/18/2020,6/19/2020
2020-048-Public Health Foundation Enterprise (PHFE) WIC,Common rule/Human subjects,NEW,"Shannon Whaley, PhD",Public Health Foundation Enterprise (PHFE) WIC,"Pilot Expansion of the Women, Infant and Children (WIC) Cash Value Benefit to Children in California",,3/5/2020,4/6/2020
12-04-0073-CONVERSION,SB-13 (Information Practices Act),CR,"Renee Hsia, MD, MSc","University of California, San Francisco",Factors Associated with the FIN of Emergency Services and Impact on Patient Outcomes:  Effect of Employment on Emergency Department Utilization,"OSHPD: Patient Discharge Data  1999-2015
OSHPD: Emergency Discharge Data 2005-2015
OSHPD: Patient Discharge Data - Vital Statistics Linkage 1999-2013
OSHPD: Emergency Discharge Data- Vital Statistics Linkage 2005-2013",4/21/2020,6/8/2020
2018-047-UCLA,"SB-13 (Information Practices Act), Common rule/Human subjects",AMD,"Darren Urada, PhD","University of California, Los Angeles",Evaluation of the Hub and Spoke:  Statewide Medication Assisted Treatment Expansion Program,,4/6/2020,
2020-043-Dartmouth College,Common rule only,NEW,"Naama Shenhav, PhD",Dartmouth College,Sources of Inequity in Innovation,CDPH: Vital Statistics Birth Records,3/3/2020,4/15/2020
14-10-1764-CONVERSION,SB-13 (Information Practices Act),AMD,"Chu Chen, PhD",Fred Hutchinson Cancer Research Center,Infrastructure Support and Pilot Tissue Collection for the Carotene and Retinol Efficacy Trial (CARET) Biorepository formerly CARET Biorepository and Data Enhancement Project,"CDPH: California Cancer Registry (CCR).  Cancer diagnosis, stage, and treatment",4/28/2020,4/29/2020
2020-012-CRIHB,Death data only,NEW,"Leeann Cornelius, MS",California Rural Indian Health Board,Pilot Data Linkage between two California Tribal Health Programs (THPs) Patient Registration Data with State Vital Statistics Data to Assess the Effect of Racial Misclassification on Estimates of Opioid Overdose Mortality in American Indian and Alaskan Native Population Ever Registered in Either One of the Participating THPs,CDPH: Dynamic CCDF Dynamic California Comprehensive Death File and Death Static Master File,1/14/2020,2/10/2020
15-03-1917-CONVERSION,Common rule/Human subjects,CR,"Nerissa Wu, PhD",CDPH,Foam Replacement and Environmental Exposure Study (FREES),,4/23/2020,6/8/2020
12-04-0165-CONVERSION,SB-13 (Information Practices Act),CR,"Alpa Patel, PhD",American Cancer Society,Cancer Prevention Study-II (CPS-II):  Registry Linkage with the California Cancer Registry,CDPH: California Cancer Registry,6/26/2020,
12-11-0893-CONVERSION,"SB-13 (Information Practices Act), Common rule only",AMD,"Assiamira Ferrara, MD, PhD",Kaiser Permanente,Pilot Study of Trends and Risks in Gestational Diabetes,CDPH: California Birth Certificate data from 1995-2015,1/14/2020,1/28/2020
2019-021-CalPERS,SB-13 (Information Practices Act),CR,"Hui Zhang, PhD",California Public Employees Retirement System (CalPERS),"Five-Year Impact of a Commercial Accountable Care Organization on Health Care Spending, Utilization and Quality of Care",,3/17/2020,3/17/2020
2019-159-UC San Francisco,Common rule/Human subjects,AMD,"Margot Kushel, MD","University of California, San Francisco",Evaluation of Home Safe Pilot Program,,2/11/2020,2/12/2020
12-05-0177-CONVERSION,Common rule/Human subjects,AMD,"Nerissa Wu, PhD",CDPH,"Kaiser Research Program on Genes, Environment and Health and Biomonitoring California Adult Cohort Project Biomonitoring Exposures Study",,2/28/2020,2/28/2020
15-01-1844-CONVERSION,Death data only,AMD,"Beth Karlan, MD","University of California, Los Angeles",Continuation of Follow-Up of Diethylstilbestrol DES)-Exposed Cohort,CDPH: Data will be used from the California Cancer Registry from the Los Angeles Cancer Surveillance Program,4/8/2020,4/16/2020
12-11-0911-CONVERSION,Common rule/Human subjects,AMD,"Irva Hertz-Picciotto, PhD","University of California, Davis",Markers of Autism Risk in Babies  Learning Early Signs (MARBLES),"DDS: Client Development Evaluation Report, Early Start Report and Client Master File
CDPH: Birth Statistical Master Files, Death Statistical Master Files",3/4/2020,4/23/2020
2019-128-UC Berkeley,SB-13 (Information Practices Act),AMD,"Jesse Rothstein, PhD","University of California, Berkeley",Examining Regional Variation in Community College Outcomes,,6/3/2020,6/17/2020
17-01-2847-CONVERSION,Common rule only,AMD,"Judy Wang, PhD",Georgetown University Medical Center,Acupressure for Cancer-Related Fatigue,CDPH: California Cancer Registry - Los Angeles Cancer Surveillance Program  (LACSP) located at the Keck School of Medicine of University of Southern California (USC),4/9/2020,4/14/2020
2019-124-UC San Francisco,Common rule/Human subjects,AMD,"Megumi Okumura, MD MAS","University of California, San Francisco",California Children's Services/Whole Child Model Program Evaluation,"OSHPD: Emergency Department Data and Patient Discharge Data
DHCS: CCS Claims and client files from the Management Information System / Decision, Support System (MIS/DSS ), Appeals and grievances and Fair Hearings data, CMS Net system",4/9/2020,4/16/2020
2020-011-UC San Diego,Common rule only,NEW,"Joshua Graff Zivin, PhD",,Pollution and healthcare,,1/10/2020,1/29/2020
2019-069-UC San Francisco,Common rule only,AMD,"Kristen Marchi, MPH","University of California, San Francisco",Monitoring Maternal and Infant Health Outcomes in California,CDPH: Birth certificate data,3/17/2020,3/17/2020
15-05-2035-CONVERSION,Death data only,AMD,"Kayuet Liu, PhD","University of California, Los Angeles","Mortality Differentials Among Native Born, Documented and Undocumented Immigrants  from Mexico in California, 19702013",CDPH: Death Statistical Master Files,6/18/2020,6/23/2020
2018-034-Other,Common rule/Human subjects,AMD,"Marci Eads, PhD",Health Management Associates,Reducing Isolation through Support and Empowerment (RISE),,5/29/2020,6/1/2020
2019-123-Georgetown University,Common rule/Human subjects,AMD,"Judy Wang, PhD",Georgetown University Medical Center,Web-Based Communication Education for Breast Cancer Survivorship Care,CDPH: California Cancer Registry,4/13/2020,4/14/2020
2019-109-CSU Fullerton,Common rule only,CR,"Bo Park, PhD, MPH","California State University, Fullerton",Effect of Maternal Obesity and Hormone Imbalance on Maternal and Child Morbidity and Mortality,OSHPD: PDD linked Birth-ED-AS,4/20/2020,6/8/2020
2018-059-Other,Common rule/Human subjects,CR,"Shannon Whaley, PhD",Public Health Foundation Enterprise (PHFE) WIC,Evaluation Partnership with the School Districts:   Year 5 Evaluation of the Little by Little Program,,3/5/2020,3/5/2020
2020-114-Public Health Institute,,DTM,"Jacqueline Barkoski, MPH, PhD",Public Health Institute,African American Formative Assessment,,5/11/2020,5/11/2020
2019-130-University of Southern California,Common rule/Human subjects,CR,"Eunjung Lee, PhD",University of Southern California,"Lifestyle, Health Care, and Stomach Cancer",CDPH: California Cancer Registry,4/29/2020,4/29/2020
16-04-2531-CONVERSION,Common rule/Human subjects,CR,"Steven Katz, MD, MPH",University of Michigan,Genetic Test Results Linkage to Study Individualization of Breast Cancer Care,CDPH: California Cancer Registry data,4/29/2020,4/30/2020
15-03-1919-CONVERSION,SB-13 (Information Practices Act),CR,"Robert Harrison, MD, MPH","University of California, San Francisco",California Workers Compensation Surveillance,DIR: Workers Compensation Information System (WCIS) ,3/2/2020,3/3/2020
2020-062-CEIP,,DTM,"Pamala Kirley, MPH",California Emerging Infections Program,Severe Acute Respiratory Syndrome (SARS) -Coronavirus 2 (CoV-2-Associated Hospitalization Surveillance in Children and Adults,,3/16/2020,4/3/2020
14-10-1748-CONVERSION,Common rule/Human subjects,AMD,"Mindie Nguyen,",Stanford University,Assessment of Health Care Spending in California Patients with Liver Disease,"OSHPD: Patient Discharge Data (PDD): Years 2005-2013, Ambulatory Surgery Center Data (ASCD): Years 2005-2013, Emergency Department Data (EDD): Years 2005-2013, Linked Death and PDD Data: Years 2005-2013, Linked Death and Emergency Department/Ambulatory Surgery Center Data: Years 2005-2014",5/15/2020,5/21/2020
17-04-2926-CONVERSION,SB-13 (Information Practices Act),AMD,"Soo-Jeong Lee, RN, PhD","University of California, San Francisco",The Impact of Safe Patient Handling Legislation on Musculoskeletal Disorders Among California Health Care Workers,DIR: Workers' Compensation Information System (WCIS),5/14/2020,5/14/2020
2020-116-UC San Diego,Common rule only,NEW,"Edward Castillo, PhD, MPH",,Clinical and Demographics Factors of Patients Receiving Emergency Department and Related Care in California,"OSHPD: Patient Discharge Data (PDD)
OSHPD: Emergency Department Data (EDD)",5/12/2020,
15-11-2297-CONVERSION,SB-13 (Information Practices Act),AMD,"Logan Spector, PhD",University of Minnesota,Assisted Reproductive Technology and Risk of Childhood Cancer,"CDPH: Center for Health Statistics and Informatics, CalCARES Program, Institute for Population Health Improvement, UCD Health System",4/7/2020,4/13/2020
12-05-0177-CONVERSION,Common rule/Human subjects,CR,"Nerissa Wu, PhD",CDPH,"Kaiser Research Program on Genes, Environment and Health and Biomonitoring California Adult Cohort Project Biomonitoring Exposures Study",,4/23/2020,5/29/2020
2018-168-UC Berkeley,Common rule only,CR,"Hilary Hoynes, PhD","University of California, Berkeley",Short-Run Impacts of Food Stamps on Birth Outcomes,,6/23/2020,
2018-220-Other,Common rule only,AMD,"Matthew Durose, MS",United States Department of Justice,Recidivism of Persons Released from State Prisons in 2008,CDCR: Prison release records,3/5/2020,3/5/2020
13-03-1140-CONVERSION,Common rule/Human subjects,AMD,"Sheryl Williams, PhD",CDPH,"Surveillance of Human Immunodeficiency Virus Risk and Prevention Behaviors of Men Who Have Sex with Men, Injection Drug Users, and Heterosexuals:  San Diego, California",,4/8/2020,4/14/2020
2017-043-CDPH,Common rule/Human subjects,AMD,"Hindolo Brima, MPA, MIR",The Solomon Group,"California Reducing Disparities Project Phase 2, Ventanilla de Salud Mental Local Evaluation",DHCS,1/13/2020,1/16/2020
13-06-1252-CONVERSION,Common rule/Human subjects,CR,"Ann Hamilton, PhD",University of Southern California,"The Challenge of Individualizing Treatments for Patients with Breast Cancer, Program Project Grant:  Los Angeles Subcontract",CDPH: California Cancer Registry,6/23/2020,
2018-013-University of Southern California,Common rule only,CR,"Wendy Cozen, DO, MPH",University of Southern California,"Host Factors, Tumor Microenvironment and Survival in a Multi-Ethnic Study of Hodgkin Lymphoma Patients",CDPH: CCR,1/16/2020,2/7/2020
2018-146-Ohio State University,SB-13 (Information Practices Act),CR,"Adrian Diaz, MD, MPH",Ohio State University ,Potential Impact of Policy on Surgical Patients:  A Population Level Analysis of Surgical Service Areas,,6/18/2020,
17-07-3049-CONVERSION,Common rule/Human subjects,CR,"Camelia Hostinar, PhD","University of California, Davis",Parent Support and Children's Responses to a Public Speaking Challenge,Lisa Oakes Database,6/26/2020,
2019-029-UCLA,Common rule only,AMD,"Nadereh Pourat, PhD","University of California, Los Angeles",Evaluation of the Health Homes Program (HHP),,4/8/2020,4/15/2020
2019-110-University of Texas,SB-13 (Information Practices Act),CR,"Deepa Wani, PhD",University of Texas at San Antonio,Examining the Impact of Internal and External Factors on Bias in Medical Treatment,OSHPD: PDD,4/24/2020,4/24/2020
15-06-2071-CONVERSION,Common rule/Human subjects,CR,"Alison Hamburg, MPH, MPA",Resource Development Associates,Preventing and Addressing Child Trafficking Grant Project Evaluation,DSS: Child Welfare Services Case Management System (CWS/CMS) data system,6/25/2020,
12-04-0072-CONVERSION,Common rule/Human subjects,CR,"Nerissa Wu, PhD",CDPH,Firefighter Occupational Exposures (FOX) Project,,4/24/2020,4/24/2020
2018-061-CalPoly San Luis Obispo,Common rule only,CR,"Douglas Epperson,","California State Polytechnic University, Pomona",Sexual Recidivism and Predictive Validity of Risk Assessment Tools with Juveniles Who Offended Sexually in California,"CDCR: Department Juvenile Justice Database
DOJ: Automated Criminal History System",3/20/2020,4/24/2020
2018-153-Keck School of Medicine,Common rule/Human subjects,AMD,"Ann Hamilton, PhD",University of Southern California,"Research on Prostate Cancer in African American Men: Defining the Roles of Genetics, Tumor Markers and Social Stress (RESPOND) Core B",CDPH: CCR,2/11/2020,2/24/2020
12-07-0481-CONVERSION,"Death data only, Common rule/Human subjects",CR,"Rupa Basu, PhD, MPH",Office of Environment Health Hazard Assessment,"REPerse Birth Outcomes Associated with Ambient Temperature in California, 19992013",,6/18/2020,
13-02-1105-CONVERSION,SB-13 (Information Practices Act),CR,"Elliott Sherr, M.D., P.h.D.","University of California, San Francisco",Disorders of Cerebral Development:  A Phenotypic and Genetic Analysis,CDPH: Genetic Disease Screening Program (GDSP) and California Birth Defects Monitoring Program (CBDMP),5/7/2020,5/7/2020
12-06-0426-CONVERSION,Common rule/Human subjects,CR,"Ann Hamilton, PhD",University of Southern California,"Comparative Effectiveness of Treatments for Localized Prostate Cancer (CEASAR Study) 
-LOS ANGELES SUBCONTRACT",Los Angeles County Cancer Surveillance Program,1/6/2020,2/7/2020
13-09-1347-CONVERSION,Common rule only,CR,"Mahshid Abir, MD, MSc",University of Michigan,The Effect of High Inpatient Occupancy on Outcomes for Elderly Medicare Patients,OSHPD,4/15/2020,5/4/2020
2019-013-Sutter Health,SB-13 (Information Practices Act),CR,"Steven Cummings, MD, FACP",Sutter Health,The STRIVE Study: Breast Cancer Screening Cohort,CDPH: California Cancer Registry and Death Statistical Master File,4/30/2020,4/30/2020
2020-125-Public Health Institute,,DTM,"Brian Petrie, M.A.",,California Library Association Partner Pilot Project,,6/12/2020,
15-09-2212-CONVERSION,SB-13 (Information Practices Act),FIN,"Abigail Koch, PhD",University of Illinois,Neighborhood Effects and Racial Disparities in Severe Maternal Morbidity,OSHPD: Linked Birth File,4/21/2020,6/5/2020
2018-060-UC Santa Barbara,SB-13 (Information Practices Act),CR,"Heather Royer, PhD","University of California, Santa Barbara",Drinking Water Quality and Infant Health,CDPH: VSAC-Birth Data,3/10/2020,3/10/2020
2020-101-University of Chicago,Common rule only,NEW,"Siri Atma W. Greeley, MD, PhD",University of Chicago,Newborn Screening for Earlier Diagnosis and Treatment of Congenital Diabetes,CDPH: Newborn screening program,5/4/2020,5/12/2020
2017-013-Other,Common rule/Human subjects,AMD,"Cheryl Grills, PhD",Loyola Marymount University,"The California Reducing Disparities Project  Phase II, Statewide Evaluation",,6/16/2020,6/18/2020
2018-175-CSUS,Common rule/Human subjects,AMD,"Celeste Doerr, PhD",Public Health Institute,CalFresh Health Survey,DHCS: Medi-Cal Eligibility Data System (MEDS),2/3/2020,2/3/2020
17-04-2932-CONVERSION,Common rule/Human subjects,AMD,"Henry Lee,",Stanford University,"Maternal and Infant Health Outcomes:  Population-Based Research on Causes, Care, and Costs","CDPH: Birth Statistical Master Files (birth and fetal death certificates)
OSHPD: patient discharge files - Linked PDD/ED/AS/Birth Cohort Data - a.k.a. 'Linked Birth Files'",5/20/2020,5/21/2020
12-05-0213-CONVERSION,Common rule/Human subjects,CR,"Margaret Wrensch, PhD","University of California, San Francisco",The Adult Glioma Study (Member of the Glioma International Case-Control Consortium),CDPH: California Cancer Registry (CCR),4/20/2020,6/8/2020
16-05-2554-CONVERSION,Common rule/Human subjects,AMD,"Margaret Raymond, PhD",Stanford University,The Impact of School Management Structures on Student Academic Growth,"DOE: STAR, CAHSEE, CALPADS",6/12/2020,6/12/2020
12-05-0176-CONVERSION,Common rule/Human subjects,AMD,"Ninez Ponce, PhD","University of California, Los Angeles",California Health Interview Survey,,1/2/2020,1/7/2020
2018-102-UC San Francisco,SB-13 (Information Practices Act),CR,"Elliot Stieglitz, MD","University of California, San Francisco",Determining the Prenatal Origin of Juvenile Myelomonocytic Leukemia,CDPH: GDSP,4/20/2020,4/24/2020
13-02-1091-CONVERSION,Common rule only,CR,"Tracie Rosser, PhD",Emory University,Non-Disjunction and Phenotype Consequences of Trisomy 21,CDPH: California Birth Defect Monitoring Program (CBDMP),3/5/2020,3/16/2020
2018-007-Harvard University,Common rule only,FIN,"Edward Goldstein, PhD",Harvard University,Investigating the Role of Age Groups During Pertussis Outbreaks in California,CDPH: Pertussis Surveillance Database,1/21/2020,4/3/2020
2019-124-UC San Francisco,Common rule/Human subjects,AMD,"Megumi Okumura, MD MAS","University of California, San Francisco",California Children's Services/Whole Child Model Program Evaluation,"OSHPD: Emergency Department Data and Patient Discharge Data
DHCS: CCS Claims and client files from the Management Information System / Decision, Support System (MIS/DSS ), Appeals and grievances and Fair Hearings data, CMS Net system",6/2/2020,6/9/2020
15-09-2245-CONVERSION,", Common rule only",CR,"Loan Kim, PhD, RD",Pepperdine University,"Making the Most of Women, Infants and Children (WIC) Foods: A Pilot Study to Examine Purchasing Decisions of WIC Participants",CDPH: we are applying for IRB approval in order to work with California WIC participants and to collect WIC data,1/6/2020,2/7/2020
2019-069-UC San Francisco,Common rule only,CR,"Kristen Marchi, MPH","University of California, San Francisco",Monitoring Maternal and Infant Health Outcomes in California,CDPH: Birth certificate data,5/21/2020,5/23/2020
2018-047-UCLA,"SB-13 (Information Practices Act), Common rule/Human subjects",AMD,"Darren Urada, PhD","University of California, Los Angeles",Evaluation of the Hub and Spoke:  Statewide Medication Assisted Treatment Expansion Program,,3/20/2020,4/1/2020
2018-167-UCD,Common rule only,CR,"Mary Claire Manske, MD",Shriners Hospitals for  Children Northern California,Maternal and Prenatal Risk Factors for Brachial Plexus Birth Palsy,OSHPD: Linked PDD/ED/AS/Birth Cohort Data,6/19/2020,
17-04-2932-CONVERSION,Common rule/Human subjects,AMD,"Henry Lee,",Stanford University,"Maternal and Infant Health Outcomes:  Population-Based Research on Causes, Care, and Costs","CDPH: Birth Statistical Master Files (birth and fetal death certificates)
OSHPD: patient discharge files - Linked PDD/ED/AS/Birth Cohort Data - a.k.a. 'Linked Birth Files'",4/30/2020,4/30/2020
17-06-3028-CONVERSION,SB-13 (Information Practices Act),CR,"Woutrina Smith, DVM, MPVM, PhD","University of California, Davis",Evaluation of Lyme Disease Surveillance Data in California,CDPH: Surveillance data on Lyme disease from 2011- 2017,6/23/2020,
2019-174-Keck School of Medicine,Common rule only,CR,"Sonali Saluja, MD, MPH",University of Southern California,Hospital Payer and Racial/Ethnic Mix at Hospitals in California,DHCS: Patient Discharge Data 2008-2017,6/26/2020,
13-09-1341-CONVERSION,SB-13 (Information Practices Act),CR,"Philip Ituarte, Ph.D, M.P.H",City of Hope,"Disparities in the Surgical Treatment of Cancer based on Race, Ethnicity, and Immigration Status","CDPH: California Cancer Registry
OSHPD: Patient Discharge Data; Non-Public EDD/ASCD Patient Encounter Data; Linked Patient Discharge Data & Vital Statistics Death File",1/22/2020,1/22/2020
2017-032-Other,Common rule/Human subjects,AMD,"Jeremy Goldbach, PhD",C.A.R.E. Consulting Group,Indian Health Center of Santa Clara Valley: Strengthening Youth and Families Project,,5/28/2020,5/28/2020
16-09-2708-CONVERSION,SB-13 (Information Practices Act),AMD,"Susan Turner, PhD","University of California, Irvine",Division of Juvenile Justice Treatment Evaluation Project,"CDCR: Division of Juvenile Justice Databases OBITS, WIN, COMPStat, Paper Files, YASI
CDCR: Division of Adult Institutions Database SOMS
DOJ: Database CLETS (offender rap sheets)",4/21/2020,4/22/2020
17-03-2916-CONVERSION,Death data only,CR,"Michael Samuel, DrPH",CDPH,California Community Burden of Disease and Cost Engine,,2/27/2020,3/4/2020
2019-007-Wellesly College,Common rule only,CR,"Gauri Shastry, PhD",Wellesley College,Why She Didnt Just Leave: The Effect of Nuisance Property Ordinances on Domestic Violence,"OSHPD: PDD
OSHPD: EDD",2/27/2020,2/27/2020
15-04-1992-CONVERSION,Common rule/Human subjects,REP,"Shu-Hong Zhu, PhD","University of California, San Diego",California Student Tobacco Survey,,2/5/2020,2/10/2020
16-05-2554-CONVERSION,Common rule/Human subjects,CR,"Margaret Raymond, PhD",Stanford University,The Impact of School Management Structures on Student Academic Growth,"DOE: STAR, CAHSEE, CALPADS",6/23/2020,
15-08-2161-CONVERSION,Death data only,AMD,"Paulo Pinheiro, MD, PhD",University of Miami,Cancer Mortality by Asian and Hispanic Subgroup in California,CDPH: Death Statistical Master File,6/12/2020,6/18/2020
2019-116-Other,Common rule only,AMD,"Anne Bass, MD",Hospital for Special Surgery,Social Determinants of Total Knee Replacement Failure,OSHPD: Patient Discharge Database,5/22/2020,5/22/2020
2019-158-Los Angeles Biomedical Research Institute,Common rule only,CR,"Rie Sakai-Bizmark, MD, MPH, PhD",The Lundquist Institute for Biomedical Innovation,Impact of Pulse Oximetry Screening on Emergency Department Visits and Costs:  Exploring Outcomes Five Years After Pulse Oximetry Screening Mandates for Congenital Heart Disease,OSHPD: EDD and PDD,6/22/2020,
12-12-0986-CONVERSION,Death data only,CR,"David Glassmire, PhD",California DSH,The Utility of the Structured Interview of Reported Symptoms (SIRS) and Miller-Forensic Assessment of Symptoms Test (MFAST) in a Forensic Inpatient Setting,DSH: psychological testing data and information from treatment charts ,1/2/2020,2/7/2020
2017-087-CEIP,Common rule/Human subjects,CR,"Pamala Kirley, MPH",California Emerging Infections Program,Pilot to Assess Vaccine Effectiveness (PAVE) Against Laboratory-Confirmed Influenza Hospitalizations Among Pregnant Women in FluSurv-NET,CDPH: CAIR2,2/26/2020,3/3/2020
12-04-0148-CONVERSION,Common rule/Human subjects,CR,"Rose Scott, PhD","University of California, Merced",Early Language and Social Cognition,CDPH: Birth Master Files,4/29/2020,4/29/2020
13-01-1069-CONVERSION,SB-13 (Information Practices Act),AMD,"Scarlett L Gomez, PhD","University of California, San Francisco",California Cancer Registry-Palo Alto Medical Foundation Linkage:  Creating an Anonymized Dataset for Cancer Research (Grant Title:  Evaluating Feasibility of and Potential Biases in Supplementing Cancer Registry Data Using External Sources),CDPH: California Cancer Registry,4/10/2020,4/10/2020
2020-068-UCLA,,DTM,"Brayan Seixas, BPharm, Msc",,Resource Sarcity as the Driver of Neighborhood SES-Related Hospital Quality Variation,,4/9/2020,6/5/2020
2019-117-UC Berkeley,"SB-13 (Information Practices Act), Common rule only",CR,"Catherine Wright,","University of California, Berkeley",The Modulating Effect of Health Insurance on Air Pollution Morbidity,"OSHPD: Patient Discharge Data (PDD), Emergency Department Data  (ED), Linked EDD and VS-DSMF, Linked EDD and VS-DSMF and Linked EDD and VS-DSMF (Version A)",4/20/2020,6/8/2020
15-02-1899-CONVERSION,Common rule only,CR,"Cristina Gutierrez, PhD",Perkin Elmer,Long-Term Frozen Stability of Markers of Inborn Errors of Metabolism (IEM) and Lysosomal Storage Disorders (LSD) in Neonatal Dried Blood Spots,CDPH: California Biobank Program,2/28/2020,2/28/2020
2019-078-Keck School of Medicine,Common rule/Human subjects,CR,"Ann Hamilton, PhD",University of Southern California,Pilot Study:  Understanding Reasons for Ovarian Cancer Treatment Disparities,CDPH: CCR,3/6/2020,3/9/2020
16-06-2577-CONVERSION,SB-13 (Information Practices Act),CR,"Stephen Henry, MD, MSc","University of California, Davis",Developing a Patient-Level Risk Prediction Model for Prescription Opioid Overdose and Death,"CDPH: California Comprehensive Death file with the multiple cause of death file
OSHPD:  Patient Discharge Data, Emergency Department Data, Ambulatory Surgery Data, linked Patient Discharge-Death data, linked Emergency Department-Death data, and linked Ambulatory Surgery-Death data.
DOJ: CURES 2.0 (Controlled Substance Utilization Review and Evaluation
System)",3/23/2020,3/24/2020
2019-044-Public Health Foundation Enterprise (PHFE) WIC,Common rule/Human subjects,CR,"Shannon Whaley, PhD",Public Health Foundation Enterprise (PHFE) WIC,"Supporting Women, Infant and Children (WIC) Mothers in Infant Feeding",,1/21/2020,2/7/2020
2018-079-Other,SB-13 (Information Practices Act),AMD,"Jessica H Moldoff, PhD",California Student Aid Commission,Student Expenses and Resources Survey 2018,,2/6/2020,2/18/2020
2018-139-University of North Carolina,Common rule only,CR,"Steven Spivack, MPH","University of North Carolina, Chapel Hill",Performance Report: The Rise and Effect of P4P in Medicare,,5/11/2020,5/15/2020
12-05-0261-CONVERSION,Common rule/Human subjects,CR,"Wendy Cozen, DO, MPH",University of Southern California,Immune Response Genes and Young Adult Hodgkin Lymphoma:  Greater Bay Area Extension,CDPH: California Cancer Registry,1/17/2020,2/10/2020
16-04-2503-CONVERSION,Death data only,FIN,"Marc Schenker, MD, MPH","University of California, Davis",Acute Kidney Injury (Morbidity and Mortality) Associated with Heat Exposure in California Agricultural Regions,"OSHPD: OSH-HIRC-513 PDD  and OSH-HIRC-514 ED  Both IPA Requests for Nonpublic Patient Level Data for Researchers.
CDPH: The Death Statistical Master Files and the Multiple Cause of Death Files",6/25/2020,
