end_year,adm_1,best
#date+year+end,#adm1+name,#affected+killed
2017,Donetsk Oblast,5
2014,Donetsk Oblast,2
2014,Donetsk Oblast,1
2015,Donetsk Oblast,6
2017,Donetsk Oblast,1
2017,Donetsk Oblast,1
2017,Donetsk Oblast,5
2018,Donetsk Oblast,2
2018,,1
2018,,1
2014,Donetsk Oblast,50
2016,Donetsk Oblast,1
2017,Donetsk Oblast,1
2017,Luhansk Oblast,2
2014,Kiev Special Republican City,5
2014,Kiev Special Republican City,1
2018,Donetsk Oblast,3
2014,Kiev Special Republican City,26
2014,Kiev Special Republican City,2
2014,Kiev Special Republican City,6
2014,Kiev Special Republican City,48
2014,Donetsk Oblast,3
2014,Donetsk Oblast,228
2014,Donetsk Oblast,1
2014,Donetsk Oblast,0
2014,Donetsk Oblast,3
2014,Donetsk Oblast,4
2014,Donetsk Oblast,5
2014,Donetsk Oblast,2
2014,Donetsk Oblast,1
2014,Donetsk Oblast,5
2014,Odessa Oblast,45
2014,Donetsk Oblast,2
2014,Donetsk Oblast,10
2014,Donetsk Oblast,0
2014,Donetsk Oblast,1
2014,Luhansk Oblast,1
2014,Luhansk Oblast,208
2014,Donetsk Oblast,10
2014,Luhansk Oblast,62
2014,Donetsk Oblast,8
2014,Donetsk Oblast,7
2014,Donetsk Oblast,1
2014,Donetsk Oblast,17
2014,Luhansk Oblast,1
2014,Luhansk Oblast,0
2014,Donetsk Oblast,15
2014,Donetsk Oblast,2
2014,Luhansk Oblast,1
2014,Donetsk Oblast,1
2014,Donetsk Oblast,50
2014,Donetsk Oblast,2
2014,Donetsk Oblast,12
2014,Donetsk Oblast,1
2014,Luhansk Oblast,7
2014,Luhansk Oblast,6
2014,Donetsk Oblast,12
2014,Donetsk Oblast,1
2014,Donetsk Oblast,40
2014,Donetsk Oblast,2
2014,Donetsk Oblast,5
2014,Luhansk Oblast,49
2014,Donetsk Oblast,50
2014,Donetsk Oblast,5
2014,Luhansk Oblast,10
2014,Donetsk Oblast,13
2014,Donetsk Oblast,2
2014,Donetsk Oblast,1
2014,Donetsk Oblast,1
2014,Donetsk Oblast,9
2014,Donetsk Oblast,5
2014,Donetsk Oblast,4
2014,Donetsk Oblast,3
2014,Donetsk Oblast,1
2014,Donetsk Oblast,1
2014,Donetsk Oblast,0
2014,Luhansk Oblast,10
2014,Donetsk Oblast,3
2014,Donetsk Oblast,13
2014,Luhansk Oblast,0
2014,Luhansk Oblast,1
2014,Donetsk Oblast,2
2014,Luhansk Oblast,4
2014,Donetsk Oblast,1
2014,Luhansk Oblast,23
2014,Luhansk Oblast,4
2014,Donetsk Oblast,4
2014,Donetsk Oblast,0
2014,Luhansk Oblast,0
2014,Donetsk Oblast,7
2014,Luhansk Oblast,1
2014,Luhansk Oblast,1
2014,Donetsk Oblast,7
2014,Luhansk Oblast,30
2014,Luhansk Oblast,6
2014,Luhansk Oblast,6
2014,Donetsk Oblast,11
2014,Donetsk Oblast,298
2014,Donetsk Oblast,1
2014,Luhansk Oblast,2
2014,Donetsk Oblast,5
2014,Donetsk Oblast,3
2014,Luhansk Oblast,200
2014,Donetsk Oblast,4
2014,Donetsk Oblast,3
2014,Donetsk Oblast,5
2014,Donetsk Oblast,12
2014,Donetsk Oblast,17
2014,Luhansk Oblast,5
2014,Donetsk Oblast,4
2014,Donetsk Oblast,2
2014,Donetsk Oblast,10
2014,Luhansk Oblast,3
2014,Donetsk Oblast,14
2014,Donetsk Oblast,1
2014,Luhansk Oblast,5
2014,Donetsk Oblast,2
2014,Luhansk Oblast,2
2014,Luhansk Oblast,3
2014,Donetsk Oblast,6
2014,Donetsk Oblast,5
2014,Donetsk Oblast,25
2014,Donetsk Oblast,2
2014,Donetsk Oblast,0
2014,Donetsk Oblast,1
2014,Donetsk Oblast,18
2014,Donetsk Oblast,1
2014,Donetsk Oblast,3
2014,Donetsk Oblast,1
2014,Luhansk Oblast,15
2014,Donetsk Oblast,1
2014,Donetsk Oblast,11
2014,Donetsk Oblast,49
2014,Donetsk Oblast,12
2014,Donetsk Oblast,3
2014,Donetsk Oblast,100
2014,Donetsk Oblast,9
2014,Donetsk Oblast,1
2014,Donetsk Oblast,11
2014,Luhansk Oblast,2
2014,Donetsk Oblast,1
2014,Donetsk Oblast,10
2014,Luhansk Oblast,24
2014,Luhansk Oblast,9
2014,Donetsk Oblast,12
2014,Donetsk Oblast,1
2014,Donetsk Oblast,43
2014,Donetsk Oblast,26
2014,Donetsk Oblast,9
2014,Luhansk Oblast,2
2014,Donetsk Oblast,2
2014,Donetsk Oblast,5
2014,Luhansk Oblast,4
2014,Donetsk Oblast,3
2014,Donetsk Oblast,13
2014,Donetsk Oblast,1
2014,Donetsk Oblast,566
2014,Luhansk Oblast,4
2014,Donetsk Oblast,15
2014,Donetsk Oblast,1
2014,Donetsk Oblast,1
2014,Donetsk Oblast,5
2014,Donetsk Oblast,1
2014,Donetsk Oblast,3
2014,Donetsk Oblast,2
2014,Donetsk Oblast,1
2018,,7
2014,Donetsk Oblast,6
2014,Donetsk Oblast,3
2014,Donetsk Oblast,3
2014,Donetsk Oblast,1
2014,Donetsk Oblast,1
2014,Donetsk Oblast,2
2014,Donetsk Oblast,10
2014,,312
2014,Donetsk Oblast,1
2014,Donetsk Oblast,1
2014,Donetsk Oblast,2
2014,,2
2014,Donetsk Oblast,2
2014,Luhansk Oblast,1
2014,Donetsk Oblast,1
2014,,51
2014,Donetsk Oblast,18
2014,Donetsk Oblast,3
2014,,2
2014,Donetsk Oblast,10
2014,Donetsk Oblast,1
2014,Donetsk Oblast,1
2014,Donetsk Oblast,0
2014,Luhansk Oblast,0
2014,Donetsk Oblast,2
2014,Donetsk Oblast,8
2014,Donetsk Oblast,1
2014,Donetsk Oblast,2
2014,Donetsk Oblast,4
2014,Donetsk Oblast,13
2014,Luhansk Oblast,1
2014,Luhansk Oblast,2
2014,Donetsk Oblast,8
2014,Donetsk Oblast,1
2014,Donetsk Oblast,5
2014,Donetsk Oblast,9
2014,Donetsk Oblast,3
2014,Donetsk Oblast,3
2014,Donetsk Oblast,3
2014,Luhansk Oblast,1
2014,Donetsk Oblast,1
2014,Donetsk Oblast,2
2014,Donetsk Oblast,1
2014,Donetsk Oblast,5
2014,Donetsk Oblast,3
2014,,3
2014,Donetsk Oblast,2
2014,,2
2014,Donetsk Oblast,4
2014,Luhansk Oblast,2
2014,Donetsk Oblast,1
2014,,306
2014,Luhansk Oblast,2
2014,,2
2014,,7
2014,Luhansk Oblast,1
2014,Donetsk Oblast,1
2014,,431
2014,Donetsk Oblast,3
2014,Luhansk Oblast,3
2014,Donetsk Oblast,1
2014,Luhansk Oblast,7
2014,Luhansk Oblast,7
2014,Luhansk Oblast,6
2014,Donetsk Oblast,1
2014,,2
2014,Donetsk Oblast,2
2014,Donetsk Oblast,3
2014,Luhansk Oblast,3
2014,Donetsk Oblast,2
2014,Donetsk Oblast,1
2014,,2
2014,Luhansk Oblast,4
2014,,1
2014,Luhansk Oblast,1
2014,Donetsk Oblast,20
2014,Donetsk Oblast,1
2014,,4
2014,Donetsk Oblast,17
2014,Donetsk Oblast,5
2014,Luhansk Oblast,3
2014,Luhansk Oblast,3
2014,,3
2014,Donetsk Oblast,1
2014,,5
2014,Donetsk Oblast,2
2014,Donetsk Oblast,1
2014,,4
2014,Luhansk Oblast,1
2014,Donetsk Oblast,1
2014,Donetsk Oblast,1
2014,Donetsk Oblast,3
2014,Donetsk Oblast,1
2014,Donetsk Oblast,2
2014,Donetsk Oblast,3
2014,Luhansk Oblast,2
2014,Donetsk Oblast,2
2014,Luhansk Oblast,1
2014,,1
2014,Donetsk Oblast,1
2014,Donetsk Oblast,2
2014,Luhansk Oblast,1
2014,Luhansk Oblast,2
2014,Donetsk Oblast,3
2014,Donetsk Oblast,1
2014,Luhansk Oblast,1
2014,Luhansk Oblast,2
2014,Donetsk Oblast,1
2014,Donetsk Oblast,6
2014,Autonomous Republic of Crimea,1
2014,Donetsk Oblast,1
2014,Donetsk Oblast,8
2014,,117
2014,,3
2014,Donetsk Oblast,1
2014,Luhansk Oblast,5
2014,Donetsk Oblast,3
2015,Luhansk Oblast,1
2015,Luhansk Oblast,4
2015,Donetsk Oblast,1
2015,Donetsk Oblast,3
2015,Donetsk Oblast,8
2015,Luhansk Oblast,2
2015,Donetsk Oblast,12
2015,Donetsk Oblast,3
2015,Donetsk Oblast,1
2015,,171
2015,,177
2015,Donetsk Oblast,2
2015,Donetsk Oblast,2
2015,Donetsk Oblast,4
2015,Donetsk Oblast,4
2015,Luhansk Oblast,1
2015,Donetsk Oblast,6
2015,Donetsk Oblast,1
2015,Luhansk Oblast,1
2015,Donetsk Oblast,2
2015,Donetsk Oblast,2
2015,Luhansk Oblast,1
2015,Donetsk Oblast,5
2015,Donetsk Oblast,2
2015,Donetsk Oblast,3
2018,,2
2015,Donetsk Oblast,2
2015,Donetsk Oblast,5
2015,Donetsk Oblast,6
2015,,4
2015,Donetsk Oblast,10
2015,Luhansk Oblast,8
2015,Donetsk Oblast,13
2015,Donetsk Oblast,71
2015,Luhansk Oblast,0
2015,Donetsk Oblast,30
2015,Donetsk Oblast,4
2015,Luhansk Oblast,2
2015,Donetsk Oblast,8
2015,Donetsk Oblast,9
2015,Donetsk Oblast,1
2015,,3
2015,Luhansk Oblast,0
2015,Luhansk Oblast,0
2015,Luhansk Oblast,0
2015,Donetsk Oblast,8
2015,,12
2015,Donetsk Oblast,12
2015,Donetsk Oblast,6
2015,,15
2015,Luhansk Oblast,2
2015,Donetsk Oblast,7
2015,,12
2015,Donetsk Oblast,1
2015,Luhansk Oblast,3
2015,Donetsk Oblast,21
2015,,12
2015,Donetsk Oblast,4
2015,Donetsk Oblast,11
2015,Donetsk Oblast,8
2015,Donetsk Oblast,1
2015,Donetsk Oblast,2
2015,Donetsk Oblast,11
2015,Donetsk Oblast,13
2015,Donetsk Oblast,3
2015,Donetsk Oblast,7
2015,Donetsk Oblast,16
2015,,7
2015,Donetsk Oblast,11
2015,Donetsk Oblast,19
2015,Donetsk Oblast,8
2015,Luhansk Oblast,2
2015,Luhansk Oblast,3
2015,,5
2015,Donetsk Oblast,3
2015,Donetsk Oblast,7
2015,Donetsk Oblast,2
2015,Donetsk Oblast,4
2015,Luhansk Oblast,2
2015,Donetsk Oblast,2
2015,Donetsk Oblast,4
2015,Donetsk Oblast,5
2015,Donetsk Oblast,13
2015,Donetsk Oblast,1
2015,,2
2015,,3
2015,Donetsk Oblast,2
2015,,3
2015,,1
2015,Donetsk Oblast,1
2015,,1
2015,Donetsk Oblast,1
2015,Donetsk Oblast,1
2015,,1
2015,Donetsk Oblast,2
2015,Donetsk Oblast,1
2015,,3
2015,,1
2015,Donetsk Oblast,1
2015,Donetsk Oblast,3
2015,Donetsk Oblast,3
2015,Donetsk Oblast,1
2015,Donetsk Oblast,1
2015,Donetsk Oblast,1
2015,,3
2015,Donetsk Oblast,1
2015,Donetsk Oblast,1
2015,Donetsk Oblast,1
2015,,1
2015,Donetsk Oblast,3
2015,Donetsk Oblast,2
2015,Luhansk Oblast,4
2015,Donetsk Oblast,2
2015,,1
2015,,6
2015,Donetsk Oblast,1
2015,Donetsk Oblast,0
2015,Donetsk Oblast,1
2015,Donetsk Oblast,1
2015,,1
2015,,1
2015,,1
2015,,1
2015,,1
2015,Donetsk Oblast,1
2015,Donetsk Oblast,1
2015,Donetsk Oblast,1
2015,,2
2015,,1
2015,Donetsk Oblast,1
2015,Donetsk Oblast,1
2015,Luhansk Oblast,1
2015,Donetsk Oblast,1
2015,Donetsk Oblast,1
2015,Donetsk Oblast,4
2015,,1
2015,Donetsk Oblast,2
2015,,1
2015,Donetsk Oblast,2
2015,Luhansk Oblast,4
2015,Luhansk Oblast,4
2015,Donetsk Oblast,1
2015,,3
2015,Donetsk Oblast,1
2015,Luhansk Oblast,0
2015,Donetsk Oblast,1
2015,,1
2015,Donetsk Oblast,4
2015,Donetsk Oblast,1
2015,Luhansk Oblast,1
2015,Donetsk Oblast,3
2015,Luhansk Oblast,1
2015,Donetsk Oblast,5
2015,,1
2015,Donetsk Oblast,3
2015,Donetsk Oblast,1
2015,Luhansk Oblast,2
2015,Donetsk Oblast,1
2015,Donetsk Oblast,1
2015,Donetsk Oblast,1
2015,Donetsk Oblast,1
2015,Luhansk Oblast,1
2015,Luhansk Oblast,2
2015,Donetsk Oblast,26
2015,,19
2015,Donetsk Oblast,1
2015,Donetsk Oblast,1
2015,,1
2015,Donetsk Oblast,7
2015,,1
2015,Donetsk Oblast,27
2015,Luhansk Oblast,27
2015,Donetsk Oblast,3
2015,Luhansk Oblast,1
2015,Donetsk Oblast,1
2015,Donetsk Oblast,3
2015,Luhansk Oblast,1
2015,Donetsk Oblast,1
2015,Donetsk Oblast,1
2015,Luhansk Oblast,1
2015,Luhansk Oblast,2
2015,Donetsk Oblast,2
2015,Luhansk Oblast,1
2015,Donetsk Oblast,1
2015,Donetsk Oblast,1
2015,Donetsk Oblast,3
2015,Donetsk Oblast,2
2015,Donetsk Oblast,1
2015,Donetsk Oblast,1
2015,Donetsk Oblast,4
2015,Luhansk Oblast,5
2015,Luhansk Oblast,2
2015,Luhansk Oblast,1
2015,Luhansk Oblast,1
2015,Donetsk Oblast,2
2015,,2
2015,Luhansk Oblast,5
2015,Donetsk Oblast,1
2015,Donetsk Oblast,1
2015,Donetsk Oblast,1
2015,Luhansk Oblast,1
2015,Donetsk Oblast,3
2015,Donetsk Oblast,1
2015,Donetsk Oblast,1
2015,Donetsk Oblast,1
2015,Donetsk Oblast,1
2015,Donetsk Oblast,1
2015,Donetsk Oblast,2
2015,Donetsk Oblast,2
2015,Donetsk Oblast,3
2015,Luhansk Oblast,1
2015,Donetsk Oblast,2
2015,Luhansk Oblast,2
2015,Donetsk Oblast,2
2015,Donetsk Oblast,3
2015,Luhansk Oblast,2
2015,,1
2015,Donetsk Oblast,1
2015,Donetsk Oblast,1
2015,Donetsk Oblast,1
2015,Donetsk Oblast,1
2015,Donetsk Oblast,3
2015,Donetsk Oblast,0
2015,Donetsk Oblast,2
2015,Donetsk Oblast,3
2015,Donetsk Oblast,3
2015,Donetsk Oblast,16
2015,Luhansk Oblast,16
2015,Donetsk Oblast,2
2015,,1
2015,Luhansk Oblast,4
2015,Donetsk Oblast,5
2015,Donetsk Oblast,8
2015,Donetsk Oblast,3
2015,Luhansk Oblast,1
2015,Luhansk Oblast,2
2015,Donetsk Oblast,1
2015,Luhansk Oblast,1
2015,Donetsk Oblast,1
2015,Luhansk Oblast,1
2015,Luhansk Oblast,1
2015,Donetsk Oblast,1
2015,Donetsk Oblast,1
2015,Donetsk Oblast,1
2015,Luhansk Oblast,2
2015,Donetsk Oblast,1
2015,Donetsk Oblast,1
2015,Donetsk Oblast,1
2015,Donetsk Oblast,2
2015,Luhansk Oblast,1
2015,Donetsk Oblast,1
2015,Donetsk Oblast,2
2015,Donetsk Oblast,1
2015,Donetsk Oblast,3
2015,Donetsk Oblast,1
2015,Luhansk Oblast,2
2015,Luhansk Oblast,3
2015,Donetsk Oblast,1
2015,Donetsk Oblast,1
2015,Donetsk Oblast,3
2016,Donetsk Oblast,1
2016,Donetsk Oblast,1
2016,Donetsk Oblast,2
2016,Donetsk Oblast,1
2016,Donetsk Oblast,2
2016,Donetsk Oblast,1
2016,Donetsk Oblast,1
2016,Donetsk Oblast,1
2016,Donetsk Oblast,3
2016,Donetsk Oblast,1
2016,Donetsk Oblast,1
2016,Donetsk Oblast,4
2016,Donetsk Oblast,3
2016,Donetsk Oblast,6
2016,Donetsk Oblast,1
2016,Donetsk Oblast,3
2016,Autonomous Republic of Crimea,1
2016,Luhansk Oblast,2
2018,Donetsk Oblast,1
2016,Luhansk Oblast,3
2016,Donetsk Oblast,2
2016,Donetsk Oblast,1
2016,Donetsk Oblast,1
2016,Donetsk Oblast,0
2016,Donetsk Oblast,10
2016,Donetsk Oblast,2
2016,Donetsk Oblast,7
2016,Donetsk Oblast,2
2016,Donetsk Oblast,1
2016,Donetsk Oblast,3
2016,Donetsk Oblast,2
2016,Donetsk Oblast,1
2016,Luhansk Oblast,4
2016,Donetsk Oblast,3
2016,Donetsk Oblast,2
2016,Luhansk Oblast,1
2016,Donetsk Oblast,7
2016,Donetsk Oblast,4
2016,Donetsk Oblast,1
2016,Luhansk Oblast,1
2016,Donetsk Oblast,1
2016,Donetsk Oblast,2
2016,Donetsk Oblast,1
2016,Donetsk Oblast,1
2016,Luhansk Oblast,1
2016,Donetsk Oblast,1
2016,Luhansk Oblast,1
2016,Donetsk Oblast,1
2016,Donetsk Oblast,1
2016,Donetsk Oblast,2
2016,Luhansk Oblast,4
2016,Donetsk Oblast,3
2016,Donetsk Oblast,2
2016,Donetsk Oblast,4
2016,Donetsk Oblast,3
2016,Donetsk Oblast,2
2016,Donetsk Oblast,1
2016,Donetsk Oblast,8
2016,Donetsk Oblast,1
2016,Donetsk Oblast,1
2016,Donetsk Oblast,1
2016,Donetsk Oblast,2
2016,Donetsk Oblast,1
2016,Donetsk Oblast,1
2016,Donetsk Oblast,2
2016,Donetsk Oblast,1
2016,Luhansk Oblast,1
2016,Donetsk Oblast,1
2016,Donetsk Oblast,2
2016,Donetsk Oblast,1
2016,Donetsk Oblast,6
2016,Donetsk Oblast,3
2016,Donetsk Oblast,0
2016,Donetsk Oblast,1
2016,Donetsk Oblast,3
2016,Donetsk Oblast,0
2016,Donetsk Oblast,0
2016,Donetsk Oblast,1
2016,Donetsk Oblast,3
2016,Luhansk Oblast,4
2016,Donetsk Oblast,6
2016,Donetsk Oblast,2
2016,Donetsk Oblast,3
2016,Donetsk Oblast,1
2016,Donetsk Oblast,1
2016,Donetsk Oblast,2
2016,Luhansk Oblast,3
2016,Donetsk Oblast,1
2016,Donetsk Oblast,2
2016,Donetsk Oblast,1
2016,Donetsk Oblast,3
2016,Donetsk Oblast,2
2016,Donetsk Oblast,1
2016,Donetsk Oblast,1
2016,Luhansk Oblast,1
2016,Donetsk Oblast,1
2016,Donetsk Oblast,1
2016,Luhansk Oblast,2
2016,Donetsk Oblast,1
2016,Donetsk Oblast,3
2016,Donetsk Oblast,1
2016,Donetsk Oblast,2
2016,Luhansk Oblast,1
2016,Donetsk Oblast,2
2016,Donetsk Oblast,1
2016,Donetsk Oblast,3
2017,Donetsk Oblast,2
2016,Donetsk Oblast,1
2016,Donetsk Oblast,2
2016,Donetsk Oblast,0
2016,Donetsk Oblast,2
2016,Donetsk Oblast,4
2016,Donetsk Oblast,4
2016,Donetsk Oblast,1
2016,Donetsk Oblast,2
2016,Donetsk Oblast,3
2016,Luhansk Oblast,1
2016,Donetsk Oblast,1
2016,Donetsk Oblast,1
2016,Donetsk Oblast,3
2016,Donetsk Oblast,1
2016,Donetsk Oblast,1
2016,Donetsk Oblast,1
2016,Donetsk Oblast,1
2016,Donetsk Oblast,5
2016,Donetsk Oblast,1
2017,Donetsk Oblast,80
2017,Donetsk Oblast,2
2017,Luhansk Oblast,3
2017,Donetsk Oblast,2
2017,Donetsk Oblast,5
2017,Luhansk Oblast,1
2017,Luhansk Oblast,1
2017,Donetsk Oblast,1
2017,Luhansk Oblast,1
2017,Donetsk Oblast,6
2017,Donetsk Oblast,0
2017,Donetsk Oblast,4
2017,Donetsk Oblast,1
2017,Donetsk Oblast,0
2017,Donetsk Oblast,1
2017,Donetsk Oblast,4
2017,Donetsk Oblast,7
2017,Donetsk Oblast,3
2017,Donetsk Oblast,2
2017,Donetsk Oblast,1
2017,Donetsk Oblast,2
2017,,2
2017,,1
2017,Donetsk Oblast,2
2017,Donetsk Oblast,1
2017,Donetsk Oblast,4
2017,Donetsk Oblast,1
2017,Donetsk Oblast,1
2017,Donetsk Oblast,1
2017,Donetsk Oblast,2
2017,Luhansk Oblast,0
2017,Donetsk Oblast,0
2017,Luhansk Oblast,8
2017,Donetsk Oblast,1
2017,Luhansk Oblast,1
2017,Donetsk Oblast,1
2017,Donetsk Oblast,3
2017,Luhansk Oblast,1
2017,Donetsk Oblast,3
2017,Donetsk Oblast,4
2017,Donetsk Oblast,1
2017,Luhansk Oblast,1
2017,Donetsk Oblast,1
2017,Donetsk Oblast,1
2017,Donetsk Oblast,1
2017,Donetsk Oblast,5
2017,Donetsk Oblast,2
2017,Donetsk Oblast,3
2017,Donetsk Oblast,3
2017,Donetsk Oblast,3
2017,Donetsk Oblast,2
2017,Donetsk Oblast,2
2017,,1
2017,,1
2017,Donetsk Oblast,1
2017,Donetsk Oblast,1
2017,Donetsk Oblast,1
2017,Donetsk Oblast,1
2017,Donetsk Oblast,1
2017,Donetsk Oblast,1
2017,Donetsk Oblast,4
2017,Donetsk Oblast,1
2017,Donetsk Oblast,1
2017,Donetsk Oblast,2
2017,Donetsk Oblast,2
2017,Luhansk Oblast,1
2017,Donetsk Oblast,2
2017,Donetsk Oblast,1
2017,Luhansk Oblast,1
2017,Luhansk Oblast,1
2017,Donetsk Oblast,1
2017,Donetsk Oblast,1
2017,Donetsk Oblast,3
2017,Donetsk Oblast,1
2018,,1
2017,Donetsk Oblast,1
2017,Donetsk Oblast,1
2017,Donetsk Oblast,2
2017,Luhansk Oblast,1
2017,Donetsk Oblast,1
2017,Donetsk Oblast,1
2017,Donetsk Oblast,3
2017,Dnipropetrovsk Oblast,3
2017,Donetsk Oblast,1
2017,Donetsk Oblast,2
2017,Donetsk Oblast,5
2017,Donetsk Oblast,1
2017,Donetsk Oblast,3
2017,Donetsk Oblast,4
2017,Donetsk Oblast,1
2017,Donetsk Oblast,1
2017,Donetsk Oblast,2
2017,Donetsk Oblast,1
2017,Donetsk Oblast,2
2017,Donetsk Oblast,1
2017,Luhansk Oblast,1
2017,Donetsk Oblast,1
2017,Donetsk Oblast,1
2017,,4
2017,,3
2017,Donetsk Oblast,1
2017,Donetsk Oblast,2
2017,Donetsk Oblast,1
2017,Donetsk Oblast,1
2017,Luhansk Oblast,2
2017,Donetsk Oblast,1
2017,Donetsk Oblast,1
2017,Donetsk Oblast,1
2018,,1
2017,Donetsk Oblast,7
2017,Donetsk Oblast,1
2017,Donetsk Oblast,4
2017,Donetsk Oblast,1
2017,Donetsk Oblast,1
2017,Luhansk Oblast,3
2017,Donetsk Oblast,1
2018,Luhansk Oblast,2
2017,Luhansk Oblast,1
2017,Luhansk Oblast,2
2017,Donetsk Oblast,1
2017,Donetsk Oblast,2
2017,Donetsk Oblast,1
2017,Donetsk Oblast,1
2017,Donetsk Oblast,4
2017,Donetsk Oblast,1
2017,Donetsk Oblast,1
2017,Luhansk Oblast,1
2017,Donetsk Oblast,1
2017,Donetsk Oblast,2
2017,Donetsk Oblast,1
2017,Luhansk Oblast,1
2017,Donetsk Oblast,9
2017,Donetsk Oblast,1
2017,Donetsk Oblast,1
2017,Luhansk Oblast,4
2017,Donetsk Oblast,1
2017,Luhansk Oblast,1
2017,Donetsk Oblast,1
2017,Donetsk Oblast,1
2017,Donetsk Oblast,2
2017,Donetsk Oblast,1
2017,Luhansk Oblast,3
2017,Donetsk Oblast,1
2017,Donetsk Oblast,3
2017,Donetsk Oblast,2
2017,Donetsk Oblast,1
2017,Donetsk Oblast,2
2017,Donetsk Oblast,1
2017,Donetsk Oblast,2
2017,Donetsk Oblast,2
2017,Donetsk Oblast,1
2017,Donetsk Oblast,1
2017,Donetsk Oblast,1
2017,Donetsk Oblast,1
2017,Donetsk Oblast,1
2017,Donetsk Oblast,1
2017,Donetsk Oblast,1
2017,Donetsk Oblast,1
2017,Donetsk Oblast,1
2017,Luhansk Oblast,2
2017,Donetsk Oblast,2
2017,Donetsk Oblast,1
2017,Donetsk Oblast,1
2017,Donetsk Oblast,1
2017,Luhansk Oblast,4
2017,Donetsk Oblast,1
2017,Donetsk Oblast,1
2017,Donetsk Oblast,0
2017,Donetsk Oblast,1
2017,Donetsk Oblast,1
2017,Donetsk Oblast,1
2017,Luhansk Oblast,1
2017,Donetsk Oblast,1
2017,Luhansk Oblast,1
2017,Donetsk Oblast,3
2017,Luhansk Oblast,1
2017,Donetsk Oblast,2
2017,Donetsk Oblast,1
2017,Donetsk Oblast,1
2017,Donetsk Oblast,1
2017,Donetsk Oblast,1
2018,Luhansk Oblast,1
2017,Donetsk Oblast,1
2018,Donetsk Oblast,2
2018,,1
2018,Donetsk Oblast,1
2018,Donetsk Oblast,1
2018,Donetsk Oblast,1
2018,,1
2018,,1
2018,Donetsk Oblast,1
2018,Donetsk Oblast,3
2018,,1
2018,,2
2018,Donetsk Oblast,1
2018,Donetsk Oblast,1
2018,Donetsk Oblast,3
2018,Donetsk Oblast,1
2018,Donetsk Oblast,1
2018,Donetsk Oblast,1
2018,,1
2018,Donetsk Oblast,1
2018,Donetsk Oblast,1
2018,Luhansk Oblast,3
2018,Donetsk Oblast,1
2018,,1
2018,Donetsk Oblast,3
2018,,2
2018,,1
2018,Donetsk Oblast,2
2018,Luhansk Oblast,1
2018,,1
2018,Donetsk Oblast,1
2018,Donetsk Oblast,1
2018,,1
2018,,1
2018,,1
2018,Donetsk Oblast,1
2018,Donetsk Oblast,1
2018,Donetsk Oblast,1
2018,Donetsk Oblast,1
2018,,1
2018,Donetsk Oblast,1
2018,Donetsk Oblast,1
2018,Luhansk Oblast,1
2018,Luhansk Oblast,4
2018,Donetsk Oblast,2
2018,Donetsk Oblast,1
2018,Luhansk Oblast,1
2018,Donetsk Oblast,1
2018,Luhansk Oblast,1
2018,,1
2018,,1
2018,Donetsk Oblast,1
2018,Donetsk Oblast,4
2018,Donetsk Oblast,2
2018,Donetsk Oblast,1
2018,Luhansk Oblast,1
2018,Donetsk Oblast,0
2018,Donetsk Oblast,1
2018,,1
2018,,1
2018,,1
2018,Luhansk Oblast,4
2018,Donetsk Oblast,2
2018,Donetsk Oblast,1
2018,Donetsk Oblast,1
2018,Donetsk Oblast,2
2018,Donetsk Oblast,1
2018,Donetsk Oblast,1
2018,Donetsk Oblast,2
2018,Luhansk Oblast,2
2018,,1
2018,Donetsk Oblast,1
2018,,2
2018,,1
2018,Donetsk Oblast,1
2018,Donetsk Oblast,1
2018,,1
2018,,1
2018,Donetsk Oblast,2
2018,,1
2018,Donetsk Oblast,1
2018,,1
2018,,1
2018,Donetsk Oblast,1
2018,,1
2018,Donetsk Oblast,1
2018,Donetsk Oblast,3
2018,Donetsk Oblast,4
2018,Donetsk Oblast,2
2018,Luhansk Oblast,2
2018,,1
2018,Donetsk Oblast,1
2018,Donetsk Oblast,7
2018,Luhansk Oblast,1
2018,Luhansk Oblast,2
2018,Luhansk Oblast,1
2018,Donetsk Oblast,2
2018,Luhansk Oblast,1
2018,Donetsk Oblast,1
2018,,3
2018,,3
2018,Luhansk Oblast,1
2018,Donetsk Oblast,3
2018,,1
2018,,1
2018,Donetsk Oblast,1
2018,Luhansk Oblast,1
2018,,1
2018,,1
2018,,1
2018,Luhansk Oblast,1
2018,Luhansk Oblast,5
2018,Donetsk Oblast,2
2018,,1
2018,Luhansk Oblast,1
2018,,1
2018,,1
2018,,1
2018,Luhansk Oblast,1
2018,,1
2018,,1
2018,,1
2018,Donetsk Oblast,1
2018,,1
2018,Donetsk Oblast,2
2018,Luhansk Oblast,2
2018,Donetsk Oblast,3
2018,Donetsk Oblast,2
2018,Donetsk Oblast,1
2018,Luhansk Oblast,2
2018,,1
2018,Donetsk Oblast,1
2018,,3
2018,Luhansk Oblast,2
2018,Donetsk Oblast,2
2018,Luhansk Oblast,1
2018,,8
2018,Donetsk Oblast,2
2018,Donetsk Oblast,1
2018,Luhansk Oblast,1
2018,Donetsk Oblast,1
