end_year,adm_1,best
#date+year+end,#adm1+name,#affected+killed
2002,Rio de Janeiro state,4
2010,Rio de Janeiro state,0
2011,Rio de Janeiro state,26
1993,Rio de Janeiro state,9
1994,Rio de Janeiro state,7
1994,Rio de Janeiro state,14
1994,Rio de Janeiro state,0
1994,Rio de Janeiro state,1
1995,Distrito Federal,1
1995,Rio de Janeiro state,12
1995,Rio de Janeiro state,10
1996,Pará state,8
1996,Rio de Janeiro state,9
1997,São Paulo state,3
1997,Rio de Janeiro state,4
1997,Rio de Janeiro state,4
1997,Rio de Janeiro state,1
1997,Rio de Janeiro state,6
1997,Rio de Janeiro state,3
1997,Rio de Janeiro state,5
1997,Rio de Janeiro state,4
1998,Rio de Janeiro state,5
1999,São Paulo state,3
1999,Rio de Janeiro state,1
1999,Rio de Janeiro state,6
1999,Rio de Janeiro state,1
1999,São Paulo state,6
1999,São Paulo state,5
2000,São Paulo state,4
2000,São Paulo state,5
2001,Rio de Janeiro state,3
2000,Rio de Janeiro state,1
2000,Rio de Janeiro state,1
2000,Rio de Janeiro state,1
2001,Rio de Janeiro state,2
2001,Rio de Janeiro state,22
2001,Rio de Janeiro state,6
2001,Rio de Janeiro state,13
2001,Rio de Janeiro state,17
1993,Rio de Janeiro state,4
1993,Rio de Janeiro state,8
1993,Rio de Janeiro state,21
1994,Rio de Janeiro state,5
1994,Rio de Janeiro state,2
1995,Rio de Janeiro state,1
1995,Rio de Janeiro state,8
1995,Rio de Janeiro state,0
1995,Rondônia state,9
1995,Rio de Janeiro state,10
1999,Rio de Janeiro state,12
1996,Rio de Janeiro state,3
1997,São Paulo state,1
1997,Rio de Janeiro state,2
1998,Rio de Janeiro state,4
1998,Rio de Janeiro state,4
1999,Rio de Janeiro state,4
1999,Rio de Janeiro state,1
1999,Rio de Janeiro state,1
1999,São Paulo state,18
1999,São Paulo state,1
2000,Rio de Janeiro state,6
2000,Rio de Janeiro state,5
2000,São Paulo state,3
2017,Ceará state,4
2001,Rio de Janeiro state,1
2000,Rio de Janeiro state,5
2000,Rio de Janeiro state,1
2000,Rio de Janeiro state,1
2001,Rio de Janeiro state,2
2001,Rio de Janeiro state,1
2001,Rio de Janeiro state,7
2018,Ceará state,9
2002,Rio de Janeiro state,5
2002,Rio de Janeiro state,2
2002,Rio de Janeiro state,1
2002,Pará state,0
2002,Rio de Janeiro state,3
2002,Rio de Janeiro state,0
2002,Rio de Janeiro state,4
2002,Rio de Janeiro state,2
2002,Rio de Janeiro state,4
2002,Rio de Janeiro state,5
2002,Rio de Janeiro state,8
2002,Rio de Janeiro state,3
2002,Rio de Janeiro state,8
2002,Rio de Janeiro state,2
2002,Rio de Janeiro state,4
2002,Rio de Janeiro state,6
2003,Rio de Janeiro state,3
2003,Rio de Janeiro state,11
2003,Rio de Janeiro state,12
2003,Rio de Janeiro state,6
2003,Rio de Janeiro state,2
2003,Rio de Janeiro state,8
2003,Rio de Janeiro state,1
2004,Rio de Janeiro state,13
2004,Rio de Janeiro state,1
2004,Rio de Janeiro state,31
2004,Rio de Janeiro state,3
2004,Rio de Janeiro state,1
2004,Rio de Janeiro state,2
2004,Rio de Janeiro state,5
2004,Rio de Janeiro state,2
2004,Rio de Janeiro state,12
2004,Rio de Janeiro state,2
2004,Rio de Janeiro state,2
2004,Rio de Janeiro state,12
2005,Rio de Janeiro state,3
2005,Goiás state,2
2005,Rio de Janeiro state,2
2005,Rio de Janeiro state,5
2005,Rio de Janeiro state,29
2018,Ceará state,2
2005,Rio de Janeiro state,1
2005,Rio de Janeiro state,3
2005,Rio de Janeiro state,0
2005,Rio de Janeiro state,5
2005,Rio de Janeiro state,1
2005,Rio Grande do Sul state,1
2005,Rio de Janeiro state,1
2005,Rio de Janeiro state,0
2005,Rio de Janeiro state,1
2005,Rio de Janeiro state,0
2005,Rio de Janeiro state,0
2006,Rio de Janeiro state,6
2006,Rio de Janeiro state,8
2006,Rio de Janeiro state,8
2007,Rio de Janeiro state,3
2007,Rio de Janeiro state,5
2007,Rio de Janeiro state,2
2007,Rio de Janeiro state,3
2007,Rio de Janeiro state,14
2007,Rio de Janeiro state,1
2007,Rio de Janeiro state,10
2007,Rio de Janeiro state,1
2007,Rio de Janeiro state,1
2008,Rio de Janeiro state,1
2008,Rio de Janeiro state,3
2008,Rio de Janeiro state,3
2008,Rio de Janeiro state,7
2008,Rio de Janeiro state,6
2009,Rio de Janeiro state,0
2009,Rio de Janeiro state,4
2018,Ceará state,11
2009,Rio de Janeiro state,36
2010,Rio de Janeiro state,4
2011,Rio de Janeiro state,1
2011,Rio de Janeiro state,4
2012,Rio de Janeiro state,5
2012,Rio de Janeiro state,6
2013,Rio de Janeiro state,4
2014,Rio de Janeiro state,1
2018,Ceará state,3
2015,Rio Grande do Norte state,1
2015,Rio Grande do Norte state,4
2015,Rio Grande do Norte state,1
2015,Rio Grande do Norte state,1
2015,Rio Grande do Norte state,1
2015,Rio Grande do Norte state,3
2015,Rio Grande do Norte state,2
2015,Rio Grande do Norte state,2
2016,Rio de Janeiro state,2
2016,Roraima state,10
2017,Amazonas state,56
2017,Roraima state,31
2017,Amazonas state,0
2017,Rio Grande do Norte state,30
2017,Rio Grande do Norte state,1
2017,Rio Grande do Norte state,5
2017,Amazonas state,6
2017,Ceará state,14
2017,Ceará state,20
2017,Ceará state,2
2017,Ceará state,2
2017,Ceará state,2
2017,Ceará state,1
2017,Ceará state,5
2017,Ceará state,1
2017,Ceará state,1
2017,Ceará state,1
2017,Ceará state,3
2017,Ceará state,2
2017,Ceará state,2
2017,Ceará state,2
2017,Ceará state,6
2017,Ceará state,3
2017,Ceará state,1
2017,Ceará state,4
2017,Ceará state,2
2017,Ceará state,3
2017,Ceará state,1
2017,Amazonas state,6
2017,Ceará state,9
2017,Ceará state,3
2017,Ceará state,8
2017,Ceará state,3
2017,Ceará state,2
2017,Ceará state,2
2017,Ceará state,2
2017,Ceará state,2
2017,Ceará state,2
2017,Ceará state,2
2017,Ceará state,2
2017,Ceará state,1
2017,Ceará state,3
2017,Ceará state,1
2017,Ceará state,1
2017,Ceará state,1
2017,Ceará state,1
2017,Ceará state,1
2017,Ceará state,1
2017,Ceará state,1
2017,Ceará state,1
2017,Ceará state,2
2017,Ceará state,25
2017,Ceará state,2
2017,Ceará state,1
2017,Ceará state,4
2018,Ceará state,2
2017,Ceará state,2
2017,Ceará state,1
2017,Ceará state,4
2017,Ceará state,1
2017,Ceará state,1
2018,Ceará state,4
2018,Ceará state,0
2018,Rio de Janeiro state,2
2018,Ceará state,18
2018,Ceará state,1
2018,Ceará state,10
2018,Ceará state,1
2018,Ceará state,1
2018,Ceará state,1
2018,Ceará state,1
2018,Ceará state,3
2018,Ceará state,1
2018,Ceará state,3
2018,Ceará state,2
2018,Ceará state,7
2018,Ceará state,1
2018,Ceará state,1
2018,Ceará state,1
2018,Ceará state,1
2018,Rio de Janeiro state,1
2018,Ceará state,2
2018,Ceará state,2
2018,Ceará state,2
2018,Ceará state,4
2018,Rio de Janeiro state,5
2018,Ceará state,3
2018,Ceará state,2
2018,Ceará state,1
2018,Ceará state,1
2018,Ceará state,5
2018,Ceará state,2
2018,Rio de Janeiro state,2
2018,Ceará state,0
2018,Rio de Janeiro state,2
2018,Ceará state,2
2018,Ceará state,1
2018,Ceará state,1
2018,Ceará state,8
2018,Ceará state,108
2018,Ceará state,18
2018,Ceará state,12
2018,Ceará state,9
2018,Ceará state,6
2018,Ceará state,6
2018,Ceará state,3
2018,Ceará state,5
2018,Ceará state,4
2018,Ceará state,2
2018,Ceará state,2
2018,Ceará state,24
2018,Ceará state,3
2018,Ceará state,2
2018,Ceará state,1
2018,Ceará state,3
2018,Ceará state,1
2018,Ceará state,1
2018,Ceará state,1
2018,Ceará state,2
2018,Ceará state,2
2018,Ceará state,1
2018,Ceará state,1
2018,Ceará state,57
2018,Ceará state,1
2018,Ceará state,2
2018,Ceará state,2
2018,Ceará state,1
2018,Ceará state,1
2018,Ceará state,6
2018,Ceará state,2
2018,Ceará state,1
2018,Ceará state,1
2018,Ceará state,3
2018,Ceará state,1
2018,Ceará state,1
2018,Ceará state,1
2018,Ceará state,2
2018,Ceará state,2
2018,Ceará state,2
2018,Ceará state,2
2018,Ceará state,1
2018,Ceará state,1
2018,Ceará state,1
