Inspection ID,Violation Number,Violation Text
76088,21.0,ALL FOOD STORED IN THE WALK IN UNIT MUST BE DATED AND LABELED.(CORRECT VIOLATION WITHIN 5 CALENDAR DAYS)
203527,50.0,Garbage disposal is installed in basin of triple sink. Pipes from triple sink basin are inserted directly into floor drain. Pipe from dishwasher is inserted directly into floor drain. Pipes at bar triple sinks drain into floors.
104859,6.0,Employees were not washing their hands between tasks.(hands washed) (Corrected On Site)
118276,47.0,(CORRECT VIOLATION WITHIN 45 CALENDAR DAYS)Counter spaces below handwash sink in the kitchen contains debris
606360,46.0,NO CHEMICAL TESTS STRIPS AVAILABLE(CORRECT VIOLATION WITH 45 CALENDAR DAYS)
153385,14.0,ICE SCOOPS WERE NOT STORED PROPERLY AT VISIT. ICE SCOOPS MUST BE STORED IN A SANITARY CONTAINER IN ORDER TO PREVENT CONTAMINATION.(CORRECT VIOLATION WITHIN 5 CALENDAR DAYS)
607827,49.0,Insufficient air gap provided at pipes located under both 3-compartment sinks. (CORRECT VIOLATION WITHIN 5 CALENDAR DAYS)
108196,20.0,Cold food item(s) held at improper temperature(s).(CORRECT VIOLATION WITHIN 5 CALENDAR DAYS)
198727,20.0,"Cold food item(s) inside the under counter reach in refrigerator, held at improper temperature(s).(placed in ice bath) (Corrected On Site)"
105013,35.0,The working containers of food ingredients were not labeled.(CORRECT VIOLATION WITHIN 45 CALENDAR DAYS)
405886,2.0,The establishment does not have an employee health policy or can not provide proof of policy. No signed employee interview and reporting forms exist regarding the prevention of the transmission of diseases through food by infected food employees.( ISSUED) (Corrected On Site)
201557,38.0,Observed food handlers not wearing hair restraints.(CORRECT VIOLATION WITHIN 45 CALENDAR DAYS)
9579,14.0,Deep fat fryer baskets accumulation of grease; Milk shake machine has dried ice cream.
168662,21.0,"Ready to eat, phf are not date marked.(CORRECT VIOLATION WITHIN 5 CALENDAR DAYS)"
8490,53.0,Stainless steel floor plate in walk-in cooler in poor repair.(CORRECT VIOLATION WITHIN 45 CALENDAR DAYS)
21995,20.0,Cold food item(s) held at improper temperature(s). (Corrected On Site)
404485,13.0,Produce stored in a cardboard box previously used to hold raw chicken. (Corrected On Site)
98520,35.0,There is an unlabeled plastic squeeze bottle of oil on the pizza prep refrigerator counter. (Corrected On Site)
404739,20.0,Excessive amount of foods temp above 41 degrees F. Some food items are stored in coolers that appear to be malfunctioning. Other items are overstocked on the line or are not adequately submerged in ice. (REPEAT)(CORRECT VIOLATION WITHIN 5 CALENDAR DAYS)
205134,38.0,Food handlers wear bracelets on line.
200903,6.0,HAND SINK MUST HAVE DISPOSABLE PAPER TOWELS AT ALL TIMES. (Corrected On Site)
8857,52.0,Violation abated on 08/27/2010 trash company contract onsite
10262,13.0,Raw meats stored above ready to eat foods in walk in refrigerator. Food not covered in walk in refrigerator(CORRECT VIOLATION WITHIN 5 CALENDAR DAYS)
203286,26.0,Cleaning chemicals stored on same racks as dry storage and on the floor. (CORRECT VIOLATION WITHIN 5 CALENDAR DAYS)
180570,37.0,Food containers not elevated 4 to 6 inches above floor. (CORRECT VIOLATION WITHIN 45 CALENDAR DAYS)
98393,36.0,There is a missing ceiling panel (cover) in the kitchen near the reach-in refrigerator and reach-in freezer. (CORRECT VIOLATION WITHIN 45 CALENDAR DAYS)
610478,38.0,NO HAIR RESTRAINT WORN BY THE CHEF(CORRECT VIOLATION WITHIN 5 CALENDAR DAYS)
203277,1.0,No Certified Food Protection Manager is on duty.(CORRECT VIOLATION WITHIN 5 CALENDAR DAYS)
143169,37.0,Beverage items/boxes stored on floor at rear storage area. (CORRECT VIOLATION WITHIN 45 CALENDAR DAYS)
155086,1.0,Certified Food Protection Manager certificate issued by the DC Department of Health is not conspicuously posted in the establishment next to the establishment's business license. (Corrected On Site)
607591,13.0,Bagels/pastry not protected from contamination on display. (Corrected On Site)
203727,41.0,Ice scoop handle having contact with ice stored in cooler behind the take out/bar area. (Corrected On Site)
168670,37.0,Cases of food are stacked on the floor of the walk-in freezer. (Corrected On Site)
9455,14.0,The chlorine sanitizer for the dishwasher is not at the right concentration. Each time the concentration was measured at less than 50 ppm. The dishwaher's data plate requirement is 50 ppm minimum. (CORRECT VIOLATION WITHIN 5 CALENDAR DAYS)
54116,4.0,A cook in the kitchen is drinking with a straw from an uncovered glass. (Corrected On Site)
94196,53.0,Repair cold water knob on sink located at dish wash area. (CORRECT VIOLATION WITHIN 45 CALENDAR DAYS)
10775,38.0,Employees not wearing hair restraints. (CORRECT VIOLATION WITHIN 45 CALENDAR DAYS) (Corrected On Site)
142289,54.0,There is no lighting (blown bulbs) in the reach-in freezer and reach-in refrigerator. (CORRECT VIOLATION WITHIN 45 CALENDAR DAYS)
136429,14.0,"Unclean food-contact surfaces soda gun and nozzles, meat slicer, can opener and delime interior of ice machine, Mineral buildup inside ice machine.(CORRECT VIOLATION WITHIN 5 CALENDAR DAYS)"
153178,14.0,INTERIOR OF MICROWAVE CONTAINED SPILLAGE. (Corrected On Site)
21898,51.0,The women's toilet room door is not closing tightly. (CORRECT VIOLATION WITHIN 45 CALENDAR DAYS)
119039,14.0,(CORRECT VIOLATION WITHIN 5 CALENDAR DAYS)Unclean food-contact surfaces(cutting boards on the sandwich unit and soda gun holders at the bar
201641,23.0,"NO CONSUMER ADVISORY NOTICE POSTED OR PRINTED ON MENU, A DOH COPY IS GIVEN TO THE PIC (Corrected On Site)"
122168,21.0,Prepared food items in the reach-in refrigerators ar not labeled for dates and contents. (Corrected On Site)
198291,20.0,COLD FOOD AT SANDWICH STATION ARE OUT OF TEMPERATURE. (CORRECT VIOLATION WITHIN 5 CALENDAR DAYS)
179189,62.0,expired business license(CORRECT VIOLATION WITHIN 45 CALENDAR DAYS)
112092,14.0,INTERIOR OF MICROWAVE WAS UNCLEAN AT VISIT(CORRECT VIOLATION WITHIN 5 CALENDAR DAYS)
9290,14.0,Mold observed on ice machine's plastic drip panel. (Corrected On Site)
94221,14.0,Unclean soda nozzle behind bar. (CORRECT VIOLATION WITHIN 5 CALENDAR DAYS)
9628,14.0,Interior of cold units contained food particles and derbris. Can opener and base had slight build of debris.(CORRECT VIOLATION WITHIN 5 CALENDAR DAYS)
10761,,
404831,53.0,"Foul odor present in dish washing area. Floors, drain lines, walls, and drains observed unclean. (CORRECT VIOLATION WITHIN 45 CALENDAR DAYS)"
9486,52.0,No contract with trash removal company.(CORRECT VIOLATION WITHIN 45 CALENDAR DAYS)
404704,43.0,Plastic single use containers in cardboard boxes stored on floor next to the hand washing sink. (Corrected On Site)
142129,45.0,(CORRECT VIOLATION WITHIN 45 CALENDAR DAYS) The ABC bar has an area which is uneven and not smooth/easliy cleanable. The area is only about 12X6 inches in the area adjacent to beverage nozziles.
200227,35.0,Unlabeled plastic squeeze bottle observed in service line area. (CORRECT VIOLATION WITHIN 45 CALENDAR DAYS)
183325,41.0,Knives stored between equipment.
607117,20.0,Temperature of raw rabbit marinating in wine in the walk in refrigerator was 47 F.(placed in reach in freezer) (Corrected On Site)
203211,13.0,An unidentified ready to eat food product (located at the soda counter) observed uncovered near where customers line up to make orders. (Corrected On Site)
155194,37.0,Items/boxes stored on floor at storage area. (CORRECT VIOLATION WITHIN 45 CALENDAR DAYS)
118936,14.0,soda nozzle contains syrup build-up(CORRECT VIOLATION WITHIN 5 CALENDAR DAYS)
404506,36.0,MOUSE FECES OBSERVED IN REAR DRY GOODS ON THE SOUTH SIDE OF THE ESTABLISHMENT. MOUSE FECES ON COUNTER TOP ADJACENT TO EMPLYOEES TOILET ROOM AND COUNTER ACROSS FROM FREEZER IN KITCHEN AREA.
156262,1.0,The person in charge provided a certificate from an accredited program recognized by the Department but has not obtained a Certified Food Protection Manager certificate issued by the DC Department of Health.(CORRECT VIOLATION WITHIN 5 CALENDAR DAYS)
169051,37.0,"The basement storage area is unclean and poorly organized, cleaning agents, paints and other non food related items observed stored adjacent to and above food products, containers and food related goods. Seperate all non food items from food related goods, elevate all merchandise above the floor and clean the floor areas with attention to corners and baseboards below and adjacent to equipment. Lift the elevation racks and clean the floor below all the units in basement."
98168,47.0,The ventilation hood filters have a heavy buildup of grease. (CORRECT VIOLATION WITHIN 45 CALENDAR DAYS)
180453,14.0,"DEBRIS, STAINS AND DIRT IN REACH-IN REFRIGERATER. (CORRECT VIOLATION WITHIN 5 CALENDAR DAYS)"
105006,37.0,Clothe napkins were used to cover food items in the walk-in refrigerator.(plastic wrapped used) (Corrected On Site)
74094,8.0,The hot water connection at the handsink in the kitchen is in need of repair.(CORRECT VIOLATION WITHIN 5 CALENDAR DAYS)
404865,1.0,NO CFPM ON DUTY(CORRECT VIOLATION WITHIN 5 CALENDAR DAYS)
205411,62.0,The license expired on 2/29/12. Contact DCRA regarding license status. (CORRECT VIOLATION WITHIN 5 CALENDAR DAYS).
404231,23.0,No consumer advisory posted.
606780,20.0,Cold food item(s) held at improper temperature(s)(Food items held at improper temperatures were discarded while on site). (Corrected On Site)
118485,20.0,Cold food item(s) held at improper temperature(s).Raw chicken inside of the reach-in drawers at 45 degrees. Remove and blast chill until temp reaches 41 egrees (Corrected On Site)
183483,49.0,BATHROOM OUT OF ORDER
8909,1.0,No Certified Food Protection Manager is on duty. (Corrected On Site)
108291,31.0,Reach-in refrigerator not holding adequate temperatures.(CORRECT VIOLATION WITHIN 45 CALENDAR DAYS)
8862,20.0,"Cold food item(s) held at improper temperature(s), discarded during the inspection. (Corrected On Site)"
404262,1.0,NO CFPM ON DUTY(CORRECT VIOLATION WITHIN 5 CALENDAR DAYS)
202276,35.0,Unlabeled squeeze bottle observed in service line area. (CORRECT VIOLATION WITHIN 45 CALENDAR DAYS)
202812,31.0,Items observed cooling in deep containers with lids in reach in cooler. (Corrected On Site)
180415,1.0,No Certified Food Protection Manager is on duty.(CORRECT VIOLATION WITHIN 5 CALENDAR DAYS)
143005,8.0,Handsink blocked. (Corrected On Site)
21462,39.0,The wiping cloths are stored on the counters and no sanitizing solutions are prepared. (Corrected On Site)
199764,34.0,PROVIDE AN INTERNAL THERMOMETER FOR THE WALK-IN AND REACH IN UNITS IN ORDER TO MONITOR INTERNAL AMBIENT TEMPERATURE AT ALL TIMES.(CORRECT VIOLATION WITHIN 45 CALENDAR DAYS)
201037,20.0,COLD FOOD ITEMS ARE HELD AT IMPROPER TEMPERATURES (Corrected On Site)
179341,8.0,There is no handwashing signage at the 2nd floor bar's handwashing sink and women's toilet room handwashing sink. (Corrected On Site)
180495,21.0,Prepared potentially hazardous foods stored under refrigeration not labeled and date marked. (REPEAT)
199056,1.0,No Certified Food Protection Manager is on duty. (Corrected On Site)
168266,13.0,"(CORRECT VIOLATION WITHIN 5 CALENDAR DAYS)Employee's are using the prep sinks/3 compartment sink for the production/processing of foods and food products, Cease and desist, obtain space for work/prep tables to eliminate this practice."
8583,6.0,Employees were not frequently washing their hands.(CORRECT VIOLATION WITHIN 5 CALENDAR DAYS)
201880,34.0,No thermometer in reach-in refrigerator. (CORRECT VIOLATION WITHIN 45 CALENDAR DAYS)
200995,42.0,Pizza boxes at counter and beneath counter in Pizza Station are not stored protected.(CORRECT VIOLATION WITHIN 45 CALENDAR DAYS)
94095,,
201018,14.0,Mold observed on ice machine's plastic drip panel.(removed) (Corrected On Site)
122736,20.0,Some cold food items in the open cooler display are held at improper temperatures (Corrected On Site)
119342,8.0,(CORRECT VIOLATION WITHIN 5 CALENDAR DAYS)Handwash sink behind the line inoperable.Hand sink put out of service by the University
204006,45.0,Cutting boards were observed scratched and scorn. (CORRECT VIOLATION WITHIN 45 CALENDAR DAYS)
126175,8.0,"Paper towels not provided at the grill line handwashing sink. Corrective action conducted during the inspection, paper towels provided. (Corrected On Site)"
105139,,
607905,54.0,Lights beneath cabinets on bar are not shielded. (CORRECT VIOLATION WITHIN 45 CALENDAR DAYS)
198544,31.0,Baked chicken was being placed on a wire shelf to cool at room temperature.(placed under counter reach in refrigerator) (Corrected On Site)
8030,20.0,Refrigerated sandwich preparation unit not maintaining a temperature of 41 degrees F or below - current tenperature reading is 45 degrees F. (CORRECT VIOLATION WITHIN 5 CALENDAR DAYS)
199045,14.0,CUTTING BOARDS WERE IN POOR REPAIR AT VISIT. (Corrected On Site)
168626,37.0,Foods stored on floor in side walk in freezer. (CORRECT VIOLATION WITHIN 45 CALENDAR DAYS)
126140,37.0,Observed food containers located in the walk-in refrigeration units stored on the floor. (CORRECT VIOLATION WITHIN 45 CALENDAR DAYS)
405359,35.0,Observed working containers not labeled. (CORRECT VIOLATION WITHIN 45 CALENDAR DAYS)
9283,47.0,The dishwash machine needs to be delimed. The ventilation hood filters need to bbe cleaned. (CORRECT VIOLATION WITHIN 45 CALENDAR DAYS)
179506,47.0,The shelf beneath the soda machines is unclean. (CORRECT VIOLATION WITHIN 45 CALENDAR DAYS)
98535,13.0,Raw chicken is stored on the shelf above the raw beef in the walk-in freezer. (Corrected On Site)
98589,51.0,There is only one toilet room designated for staff however the establishment has more than five (5) employees and employs both males and females. (CORRECT VIOLATION WITHIN 45 CALENDAR DAYS)
126228,38.0,"Observed food preparation employees wearing watches while preparing food located on the service line and cook line, watches removed and proper handwashing conducted. (Corrected On Site)"
10783,,
9430,53.0,Continue to clean floor in basement are under shelving (Corrected On Site)
201996,6.0,Hand washing not observed between tasks or when putting on/changing gloves. (Corrected On Site)
205896,2.0,"The establishment does not have an employee health policy regarding the prevention of foodborne illness. I provided the establishment with a copy of the DC Food Code employee medical referral, reporting agreement, and interview forms. (CORRECT VIOLATION WITHIN 5 CALENDAR DAYS)"
405249,14.0,Inside ice machine dirty and the soda gun holder behind the bar dirty.(CORRECT VIOLATION WITHIN 5 CALENDAR DAYS)
199057,1.0,Certified Food Protection Manager certificate issued by the DC Department of Health is not conspicuously posted in the establishment next to the establishment's business license. (Corrected On Site)
201088,39.0,Wiping cloth(s) stored on counter(s) and not in sanitizing solution.(CORRECT VIOLATION WITHIN 45 CALENDAR DAYS)
606368,39.0,Wiping cloths stored on counters and not in sanitizing solution.(CORRECT VIOLATION WITHIN 45 CALENDAR DAYS)
78085,20.0,Shrimp and tomatoes in sandwich unit above 41 degrees. Chill shrimp and tomatoes until temp reaches 41 degrees or below. (CORRECT VIOLATION WITHIN 5 CALENDAR DAYS)
126211,13.0,"Observed unprotected food containers located in the walk-in refrigeration unit. Observed food items located in the walk-in refrigeration unit stored in non-commercial food grade bags. Observed potentially hazardous raw animal food items stored above ready-to-eat food items such as; bags of raw beef stored above ready-to-eat pears, located in the upright reach-in refrigeration unit and walk-in refrigeration units. (CORRECT VIOLATION WITHIN 5 CALENDAR DAYS)"
203726,43.0,Lemonade stored in single-use bottle labeled vinegar. (Corrected On Site)
179267,51.0,The toilet room doors are not closing tightly.
136207,14.0,Unclean food-contact surfaces - FREEZER IN REAR BLOOD ON BOTTOM SHELF. Mold observed on ice machine's plastic drip panel. (CORRECT VIOLATION WITHIN 5 CALENDAR DAYS)
405515,53.0,MOPS AND BROOMS WERE NOT HUNG UP PROPERLY (Corrected On Site)
183631,40.0,Lettuce was being washed from the faucet of the mop sink.(washed at 3 compartment sink) (Corrected On Site)
118925,2.0,The establishment does not have an employee health policy or can not provide proof of policy. No signed employee interview and reporting forms exist regarding the prevention of the transmission of diseases through food by infected food employees. (Corrected On Site)
136324,20.0,Cold food item(s) held at improper temperature(s). Condiment at sandwich prep unit not holding food at 41 degree and below. (Corrected On Site)
102112,8.0,Serving trays stored in handwashing sink. (Corrected On Site)
118861,8.0,No handwashing signage at handwashing sink INSIDE OF THE RESTROOM
119160,20.0,Cold food item(s) held at improper temperature(s).cooked chicken wings above 41 degrees inside of the reach-in unit
104421,51.0,No covered receptacle in toilet room.No trash receptacle at handwashing sink.(CORRECT VIOLATION WITHIN 5 CALENDAR DAYS)
606879,47.0,Lower tables of cooking equipment throughout establishment are unclean. Interior of cabinet beneath hand sink in sushi area is unclean. (CORRECT VIOLATION WITHIN 45 CALENDAR DAYS)
98362,52.0,"Due to a perceived language barrier, no one is able to provide the name of the trash collection contractor. (Corrected On Site)"
405193,37.0,Omelet station does not have sneeze guard to prevent contamination of food on display. (CORRECT VIOLATION WITHIN 45 CALENDAR DAYS)
119186,21.0,(CORRECT VIOLATION WITHIN 5 CALENDAR DAYS)no date or label on cooked soups
155349,49.0,Valve connecting hot water heater in need of repair or replacement.
205301,6.0,EMPLOYEES ARE NOT FREQUENTLY WASHING HANDS BETWEEN TASKS(CORRECT VIOLATION WITHIN 5 CALENDAR DAYS)
136615,46.0,No chemical test strips provided to measure the concentration of sanitizing solution(s).(CORRECT VIOLATION WITH 45 CALENDAR DAYS)
136353,37.0,Donuts not under sneeze guard at service line and. (Corrected On Site)
607009,21.0,"Date markings were observed lacking on repackaged sliced cheeses in sandwich prep area, salad dressing in walk-in refrigeration unit and food items in reach-in unit kitchen along cooking line. (Corrected On Site)"
199633,14.0,Unclean food-contact surfaces(clean inside beer cooler to remove build up.)(CORRECT VIOLATION WITHIN 5 CALENDAR DAYS)
98352,36.0,The rear kitchen window does not have an appropriate screen to prevent the entry of pests.
200596,36.0,Observed rat droppings in the kitchen near soda syrup storage boxes and in closet areas upstairs across the storage reach in freezer units.(CORRECT VIOLATION WITHIN 45 CALENDAR DAYS)
126089,38.0,"Observed, food prep employees wearing jewelry and watches during food preparation, items removed during the inspection. (Corrected On Site)"
405373,36.0,Heavy presence of cockroaches (dishwashing and grill area) and presence of fruit flies (mostly near vegetables)
102223,47.0,Inside of under-counter refrigerator (on line) found unclean with food debris inside. (Corrected On Site)
205044,54.0,Lights in kitchen and on line are not shielded. (CORRECT VIOLATION WITHIN 45 CALENDAR DAYS)(REPEAT)
153378,14.0,INTERIOR OF MICROWAVE WAS UNCLEAN AT VISIT.(CORRECT VIOLATION WITHIN 5 CALENDAR DAYS)
22032,36.0,LIVE ROACH OBSERVED IN STORAGE ROOM.
200609,53.0,"Floor areas under the 3-compartment sink, behind reach-in refrigerators and cabinets are not cleaned as need. (CORRECT VIOLATION WITHIN 45 CALENDAR DAYS)"
201969,49.0,HAND SINK HAD A LEAK AT VISIT. (CORRECT VIOLATION WITHIN 5 CALENDAR DAYS)
204263,20.0,Cold food item(s) held at improper temperature(s).(CORRECT VIOLATION WITHIN 5 CALENDAR DAYS)
606249,14.0,CUTTING BOARDS IN POOR REPAIR. (Corrected On Site)
610629,20.0,ALL COLD FOOD ITEMS KEPT IN THE OPEN COOLER DISPLAY ARE HELD AT IMPROPER TEMPERATURES (CORRECT VIOLATION WITHIN 5 CALENDAR DAYS)
122765,21.0,Prepared food items in the walk-in cooler are not labeled for dates and contents(CORRECT VIOLATION WITHIN 5 CALENDAR DAYS)
199963,54.0,Inadequate lighting in walk-in freezer and in the walk-in refrigerator.(CORRECT VIOLATION WITHIN 45 CALENDAR DAYS)
606221,39.0,Wiping cloth(s) stored on counter(s) and not in sanitizing solution. (Corrected On Site)
126204,20.0,"Cold food item(s) held at improper temperature(s) observed, in the kitchen area. Food items stored in an ice bath during the inspection. (Corrected On Site)"
200160,21.0,ALL ITEMS IN THE WALK IN UNIT MUST BE DATED AND LABELED AT ALL TIMES.(CORRECT VIOLATION WITHIN 5 CALENDAR DAYS)
94251,14.0,Unclean soda nozzle. (Corrected On Site)
118257,46.0,No chemical test strips provided to measure the concentration of sanitizing solution(s).(CORRECT VIOLATION WITH 45 CALENDAR DAYS)
198220,,
118203,34.0,(CORRECT VIOLATION WITHIN 45 CALENDAR DAYS)NO PH METER USED TO CHECK THE ACIDITY OF THE SUSHI RICE
118284,34.0,(CORRECT VIOLATION WITHIN 45 CALENDAR DAYS)No thermometer in reach-in refrigerator.
8114,53.0,mops stored on floor. (Corrected On Site)
607397,8.0,Hand wasing sink is blocked. (Corrected On Site)
136569,46.0,No chemical test strips provided to measure the concentration of sanitizing solution(s). (CORRECT VIOLATION WITH 45 CALENDAR DAYS)
134148,45.0,"Cutting boards worn - cracks, crevices. (Corrected On Site)"
7670,37.0,Elevate all products in storage room to at least 6 above the floor. (Corrected On Site)
183999,,
10357,21.0,ALL FOOD STORED IN THE WALK IN UNIT MUST BE DATED AND LABELED.
405223,3.0,EMPLOYEES' HEALTH RECORD AND AGREEMENT OF REPORTING NO ESTABLISHED. (CORRECT VIOLATION WITHIN 5 CALENDAR DAYS) (Corrected On Site)
8613,42.0,Plastic eating utensils were not inverted.(CORRECT VIOLATION WITHIN 45 CALENDAR DAYS) (Corrected On Site)
183650,53.0,Floor need cleaning under the cooking units(CORRECT VIOLATION WITHIN 45 CALENDAR DAYS)
179267,51.0,There is no covered receptacle for feminine hygiene products in the women's toilet room.
606950,41.0,Scoop without handles used. Utensil removed. (Corrected On Site)
143089,53.0,Floors in need of cleaning at storage room. (CORRECT VIOLATION WITHIN 45 CALENDAR DAYS)
205166,13.0,BOWLS OF SALAD WERE STACKED IN THE WALK-IN UNIT. SALAD MAY NOT BE STACKED DUE TO THE BOTTOM OF THE BOWL WILL CONTAMINATE THE SALAD BELOW. ALL FOOD MUST BE PROTECTED FROM CONTAMINATION DURING STORAGE. EMPLOYEES MAY NOT USE A TRASH CAN FOR PREP. TRAYS MUST BE STORED ON A PREP TABLE. (CORRECT VIOLATION WITHIN 5 CALENDAR DAYS)
179999,53.0,LIGHT SHIELD IS MISSING IN WALK-IN FREEZER.(CORRECT VIOLATION WITHIN 45 CALENDAR DAYS)
9402,1.0,CFM card Expired on 06/05/2010 answerd all knowledge questions correctly.
104159,47.0,The glass door of the display unit needed cleaning.(CORRECT VIOLATION WITHIN 45 CALENDAR DAYS)
201085,46.0,DISH MACHINE WAS NOT OPERABLE AT VISIT. MACHINE MUST BE REPAIRED OR REPLACED. IN ORDER TO ENSURE PROPER SANITATION.(CORRECT VIOLATION WITHIN 5 CALENDAR DAYS)
205380,8.0,No paper towel for hand washing sink located in the kitchen. (Corrected On Site)
98363,45.0,"The wooden shelves at the bar, in the walk-in refrigerator, above the 3-compartment sink and in the kitchen are chipped and need to be painted and resealed. Cardboard is lining a kitchen table shelf. (CORRECT VIOLATION WITHIN 45 CALENDAR DAYS)"
112092,35.0,FOOD ITEMS STORED IN THE WALK IN UNIT WAS NOT DATED AND LAELED.
199545,46.0,NO CHEMICAL TEST STRIPS AVAILABLE(CORRECT VIOLATION WITH 45 CALENDAR DAYS)
203574,49.0,Two garbage disposal units are not functional. (CORRECT VIOLATION WITHIN 5 CALENDAR DAYS)
118844,20.0,Coleslaw inside of the reachin drawer at 60 degrees (Corrected On Site)
108243,62.0,License expired 5/31/12.(CORRECT VIOLATION WITHIN 45 CALENDAR DAYS)
184047,43.0,Single service items not covered and protect from contamination. (CORRECT VIOLATION WITHIN 45 CALENDAR DAYS)
142331,14.0,Mold and mineral are building up on the interior of the ice machine. The white reach-in freezer needs to be defrosted and there is food debris on the unit's bottom shelf. (CORRECT VIOLATION WITHIN 5 CALENDAR DAYS)
96165,53.0,"STORAGE OF EQUIPMENT, MOPS AND BROOMS MAY CONTAMINATE FOOD (Corrected On Site)"
136175,47.0,Non-food contact surfaces soiled with dirt and dust.(CORRECT VIOLATION WITHIN 45 CALENDAR DAYS)
183982,3.0,NO EMPLOYEES DISEASE RECORD. (DEMONSTRATED TO ESTABLISH) (Corrected On Site)
200015,3.0,NO EMPLOYEES DISEASE RECORD.(CORRECT VIOLATION WITHIN 5 CALENDAR DAYS)
200250,1.0,No Certified Food Protection Manager is on duty. Michael Kelley has taken the food service manager course from Neverson and Associates and states that he has passed the exam. For more information the contact telephone number for Neverson ans Associates is (202)882-7175 or(301)961-5690. (Corrected On Site)
156156,47.0,Floors under tables in kitchen area found unclean with dirt and other food debris throughout.
179434,45.0,An ice maker is out of order. (CORRECT VIOLATION WITHIN 45 CALENDAR DAYS)
204207,35.0,Unlabeled squeeze bottle observed in service line area.(CORRECT VIOLATION WITHIN 45 CALENDAR DAYS)
118495,14.0,Unclean food-contact surfaces(dried food particles on meatslicer and can-opener (Corrected On Site)
153172,14.0,THE FOLLOWING FOOD CONTACT SURFACES WERE NOT IN COMPLIANCE AT VISIT.1)FAN COVER IN THE WALK IN UNIT CONTAINED HEAVY DUST BUILD UP. 2)SHELVES IN THE WALK IN UNIT CONTAINED RUST AND FOOD PARTICLES. A NON-TOXIC PAINT MAY BE USE ON THE SHELVES.3)INTERIOR OF ICE MACHINE CONTAINED HEAVY MOLD ON AND BEHIND THE DRIP PANEL. 4)ICE SCOOP WAS NOT STORED ON A SANITARY SURFACE AT VISIT.
205667,41.0,Ice scoops stored inside of dipping well with out running water(CORRECT VIOLATION WITHIN 45 CALENDAR DAYS)
98616,34.0,"No thermometers were found in the coffin style freezer, under oounter refrigerator, and sandwich prep refrigerator. (CORRECT VIOLATION WITHIN 45 CALENDAR DAYS)"
202882,21.0,PREPARED FOOD ITEMS ARE NOT LABELED FOR DATES AND CONTENTS(CORRECT VIOLATION WITHIN 5 CALENDAR DAYS)
192128,53.0,Tiles missing on the floor near the door leading to the alley.
21549,49.0,Garbage disposal unit is out of order. (CORRECT VIOLATION WITHIN 5 CALENDAR DAYS)
143158,20.0,Two (2) refrigeration units in kitchen not capable of maintaining temperature of 41 degrees F or below (CORRECT VIOLATION WITHIN 5 CALENDAR DAYS)
108159,21.0,"Several potentially hazardous, ready to eat foods are not date marked.(CORRECT VIOLATION WITHIN 5 CALENDAR DAYS)"
9221,16.0,Eggs pooled together inside of a container in the reach in unit.(CORRECT VIOLATION WITHIN 5 CALENDAR DAYS)
177096,14.0,UNCLEAN FOOD CONTACT SURFACES/CAAN OPEN AND ICE BOX DROP PANEL (Corrected On Site)
606166,20.0,Cold food item(s) held at improper temperature(s). (Corrected On Site)
21552,46.0,There is no data plate attached to the dishwash machine. (CORRECT VIOLATION WITH 45 CALENDAR DAYS)
202419,41.0,ICE SCOOP STORED ON THE TOP OF ICE MAKER. (Corrected On Site)
204570,35.0,Unlabeled plastic squeeze bottle observed in service line area. (CORRECT VIOLATION WITHIN 45 CALENDAR DAYS)
180949,43.0,READY-TO-SERVE PLATES EXPOSED. (Corrected On Site)
204813,35.0,FOOD CONTAINERS ARE NOT LABELED (Corrected On Site)
205229,8.0,No paper towels at handwashing sink behind the bar. (Corrected On Site)
202724,46.0,NO CHEMICAL TEST STRIPS AVAILABLE(CORRECT VIOLATION WITH 45 CALENDAR DAYS)
202234,34.0,No thermometer in reach-in refrigerator.(CORRECT VIOLATION WITHIN 45 CALENDAR DAYS)
8337,,
608045,8.0,HANDSINK NOT ACCESSIBLE FOR USE.
202469,37.0,LINENS MAY NOT BE USED TO COVER FOOD.(CORRECT VIOLATION WITHIN 45 CALENDAR DAYS)
118425,37.0,(CORRECT VIOLATION WITHIN 5 CALENDAR DAYS) Container used to store cooked french fries needs to be replaced with a food grade commercial container
118212,50.0,(CORRECT VIOLATION WITHIN 45 CALENDAR DAYS)No grease trap on the premises
126188,,
607637,39.0,Wet wiping cloths are stored on the counter and not in a sanitizing solution. (Corrected On Site)
405378,54.0,Shield not provided for light bulb inside walk in cooler. (CORRECT VIOLATION WITHIN 45 CALENDAR DAYS)
153392,53.0,"DRAINS CONTAINED FOOD PARTICLES, DEBRIS, AND OBJECTS. DRAINS MUST BE KEPT CLEAN IN ORDER TO PREVENT ATTRACTION OF PEST.(CORRECT VIOLATION WITHIN 45 CALENDAR DAYS)"
200805,14.0,Mold observed in side the ice machine drip panel.(CORRECT VIOLATION WITHIN 5 CALENDAR DAYS)
126140,18.0,"Observed improper cooling temperatures of chicken tenders located in the walk-in cooler, 52F. Corrective action conducted during the inspection. (Corrected On Site)"
21628,53.0,Missing faucet knobs at sinks in kitchen. Garbage disposal unit is out of order. (CORRECT VIOLATION WITHIN 45 CALENDAR DAYS) NOTE: Plumber at establishment at time of inspection.
98554,31.0,The door of the Delfield reach-in refrigerator was not forming a tight seal when closed. The door's rubber gasket was warped and left gaps along the edge of the door where there should have been a tight seal. The rubber gasket of the reach-in refrigerator near the kitchen steps is deteriorating and separating from the door. (CORRECT VIOLATION WITHIN 45 CALENDAR DAYS)
200387,2.0,The establishment does not have an employee health policy or can not provide proof of policy. No signed employee interview and reporting forms exist regarding the prevention of the transmission of diseases through food by infected food employees. (CORRECTED ON SITE) (Corrected On Site)
10833,21.0,SEVERAL FOOD ITEMS STORED IN THE REACH IN UNIT WERE NOT DATED AND LABELED AT VISIT.(CORRECT VIOLATION WITHIN 5 CALENDAR DAYS)
198875,34.0,No thermometer walk in refrigerator.(CORRECT VIOLATION WITHIN 45 CALENDAR DAYS)
136293,34.0,No thermometer in reach-in refrigerator. Install where needed (CORRECT VIOLATION WITHIN 45 CALENDAR DAYS)
201702,35.0,Squeeze bottles and containers of food outside of original containers do not bare common name labels. (Corrected On Site)
179872,1.0,NO CFPM ON DUTY
202275,8.0,Observed employee use hand sink to wash a thermometer used to temp cooking chicken on flat top. (Corrected On Site)
9434,14.0,Unclean food-contact surfaces(CORRECT VIOLATION WITHIN 5 CALENDAR DAYS)
606138,38.0,Several food handlers observed wearing bracelets or watches. (Corrected On Site)
204655,62.0,Business license has expired. (CORRECT VIOLATION WITHIN 5 CALENDAR DAYS)
8599,53.0,Dirt and debris noted under preparation table.(CORRECT VIOLATION WITHIN 45 CALENDAR DAYS)
21898,31.0,The chili sauces are being cooled in the walk-in refrigerator in deep stock pots and no additional methods apparently are used to properly cool the sauces therefore the sauces were not cooled to the proper temperature in the proper amount of time.(CORRECT VIOLATION WITHIN 45 CALENDAR DAYS)
199597,53.0,DIRTY FLOORS INSIDE KITCHEN PREP AREA (Corrected On Site)
607832,7.0,Food employee observed handling ready to eat pizza (and garnish) with his bare hands. (CORRECT VIOLATION WITHIN 5 CALENDAR DAYS)
607905,38.0,"Food handler, making beverages, wears a bracelet. (CORRECT VIOLATION WITHIN 45 CALENDAR DAYS)"
205622,39.0,WIPING CLOTHS NOT KEPT IN SANITIZER SOLUTION BETWEEN USES. (Corrected On Site)
102214,14.0,"Cutting boards appear to be unclean, with staining and grooves throughout (cutting boards in need of resurfacing)."
9638,14.0,Residue present on milk dispensing nozzles. Dried food residue present on the meat slicer. Accumulation of dried batter present on the waffle iron. Food residue present on the unused sandwich prep refrigeration unit. Soil present on the roller dollie. All refrigeration units soiled on the cook line. (CORRECT VIOLATION WITHIN 5 CALENDAR DAYS)
204599,2.0,The establishment does not have an employee health policy or can not provide proof of policy. No signed employee interview and reporting forms exist regarding the prevention of the transmission of diseases through food by infected food employees.(issued) (Corrected On Site)
180748,20.0,SOME COLD FOOD ITEMS ARE HELD AT IMPROPER TEMPERATURES (Corrected On Site)
202337,14.0,"The quaternary ammonium sanitizing solution was observed at 55 degrees F, and there was no change in color on the test strips when tested from the dispenser and in sanitizer buckets. (Corrected On Site)"
142447,47.0,Unclean non-food contact surfaces - shelves and equipment. (CORRECT VIOLATION WITHIN 45 CALENDAR DAYS)
199389,20.0,COLD FOOD ITEMS ARE HELD AT IMPROPER TEMPERATURES(CORRECT VIOLATION WITHIN 5 CALENDAR DAYS)
198234,48.0,There is no hot water (at least 110 degrees Fahrenheit) at the kitchen handwashing sink; the hot water is turned off at this sink. (CORRECT VIOLATION WITHIN 24 HOURS)
7766,53.0,"Replace missing ceiling tiles, Seal and cover all holes in the basement walls. Seal basement floor where broken tiles are located. Remove dead insects from light shield covers. Replace missing ceiling tiles in mop room."
108275,20.0,Cold food item(s) held at improper temperature(s).(CORRECT VIOLATION WITHIN 5 CALENDAR DAYS)
179790,36.0,Ceiling has missing parts in kitchen area. (CORRECT VIOLATION WITHIN 45 CALENDAR DAYS)
203008,1.0,The person in charge provided a certificate from an accredited program recognized by the Department but has not obtained a Certified Food Protection Manager certificate issued by the DC Department of Health. DC CFPM arrived by the end of the inspection. (Corrected On Site)
205925,53.0,"Floors, walls, ceilings, vents observed unclean. (CORRECT VIOLATION WITHIN 45 CALENDAR DAYS)"
606765,46.0,Warewashing machine is inoperable. (CORRECT VIOLATION WITH 45 CALENDAR DAYS)
21466,1.0,Certified Food Protection Manager certificate issued by the DC Department of Health is not conspicuously posted in the establishment next to the establishment's business license. (Corrected On Site)
118695,39.0,Wiping cloth(s) stored on counter(s) and not in sanitizing solution.(CORRECT VIOLATION WITHIN 45 CALENDAR DAYS)
94119,42.0,Single service items unprotected from contamination (CORRECT VIOLATION WITHIN 45 CALENDAR DAYS)
98390,48.0,There is no hot water (110 degrees Fahrenheit or above) at neither the 3-compartment sink nor the handwashing sinks. (Corrected On Site)
142750,50.0,GARBAGE DISPOSAL WAS NOT OPERABLE AT VISIT. GARBAGE DISPOSAL MUST BE OPERABLE AT ALL TIMES TO ENSURE PROPER DISPOSAL OF FOOD WASTE.(CORRECT VIOLATION WITHIN 5 CALENDAR DAYS)
606697,26.0,Chemicals observed stored with food (Anthem). (Corrected On Site)
202937,45.0,Wooden board used at the cooks station.(removed) (Corrected On Site)
8614,,
405736,6.0,Food handlers do not wash hands at proper frequency. (CORRECT VIOLATION WITHIN 5 CALENDAR DAYS)
405821,19.0,Lamb sitting out on the table in he kitchen (Corrected On Site)
142120,14.0,Unclean ice machine. (CORRECT VIOLATION WITHIN 5 CALENDAR DAYS)
180527,49.0,Clogged drain at handsink.(CORRECT VIOLATION WITHIN 5 CALENDAR DAYS)
201214,8.0,No hand washing signage in deli. (CORRECT VIOLATION WITHIN 5 CALENDAR DAYS)
404902,2.0,The establishment does not have an employee health policy or can not provide proof of policy. No signed employee interview and reporting forms exist regarding the prevention of the transmission of diseases through food by infected food employees. (Corrected On Site)
142578,53.0,Unclean floor at front serving area. (CORRECT VIOLATION WITHIN 45 CALENDAR DAYS)
201427,49.0,Water leak to pipe of the dish machine. (Corrected On Site)
204221,23.0,ESTABLISHMENT DID NOT HAVE A CONSUMER ADVISORY FOR RAW AND UNDER COOKED FOODS. (CORRECT VIOLATION WITHIN 5 CALENDAR DAYS)
199703,23.0,NO CONSUMER ADVISORY POSTED AT THE ESTABISHMENT OR PRINTED ON MENU (Corrected On Site)
404723,50.0,Garbage disposal unit is attached to the washing sink of the 3 compartment sink. (CORRECT VIOLATION WITHIN 45 CALENDAR DAYS)
179370,34.0,No thermometer in reach-in refrigerator. No thermometer in walk-in refrigerator(s). (CORRECT VIOLATION WITHIN 45 CALENDAR DAYS)
142649,14.0,THE FOLLOWING FOOD CONTACT SURFACES WERE NOT IN COMPLIANCE AT VISIT: 1) INTERIOR OF ICE MACHINES CONTAINED RUST AND SLIGHT MOLD ON UPPER AND LOWER LEVELS 2)CAN OPENER CONTAINED FOOD PARTICLES.(CORRECT VIOLATION WITHIN 5 CALENDAR DAYS)
134095,47.0,Unclean non-food contact surfaces - storage and display shelves and cases and equipment surfaces. (Corrected On Site)
198726,45.0,The cutting boards in the cooks and sushi prep needed resurfacing or be replaced.(CORRECT VIOLATION WITHIN 45 CALENDAR DAYS)
205679,14.0,Mold observed on ice machine's ice chute. (Corrected On Site)
9022,34.0,The freezers do not have thermometers. (CORRECT VIOLATION WITHIN 45 CALENDAR DAYS)
177425,14.0,UNCLEAN FOOD CONTACT SURFACES/CAN OPENER(CORRECT VIOLATION WITHIN 5 CALENDAR DAYS)
9801,21.0,No date or label on potentially hazardous foods inside the walk in box(CORRECT VIOLATION WITHIN 5 CALENDAR DAYS) (Corrected On Site)
98126,8.0,There are no paper towels at 2 of the handwashing sinks. (Corrected On Site)
606121,1.0,The person in charge provided a certificate from an accredited program recognized by the Department but has not obtained a Certified Food Protection Manager certificate issued by the DC Department of Health.(CORRECT VIOLATION WITHIN 45 CALENDAR DAYS)
143021,51.0,No self closing device on the toilet room door.(CORRECT VIOLATION WITHIN 45 CALENDAR DAYS)
177307,45.0,THE CUTTING BOARDS ARE NOT SMOOTH AND HAVE NUMEROUS GROOVES(CORRECT VIOLATION WITHIN 5 CALENDAR DAYS)
177162,1.0,NO CFPM CERTIFICATE POSTED(CORRECT VIOLATION WITHIN 5 CALENDAR DAYS)
204446,4.0,Two cooks tasted food with their bare hands. (CORRECT VIOLATION WITHIN 5 CALENDAR DAYS)
201050,20.0,"Cold food items (ham, cakes, eggs, pasta, etc) held at improper temperatures in the display refrigerator. (Relocated to a properly working refrigerator). (Corrected On Site)"
198355,38.0,Food handlers not wearing proper hair restraints.(CORRECT VIOLATION WITHIN 45 CALENDAR DAYS)
94137,8.0,No hand wash sign provided at hand sink in prep area (Corrected On Site)
155854,53.0,DOOR AND COVER OF SALAD STATION OPPOSITE GRILL DO NOT WORK PROPERLY.
204511,27.0,Chicken and other items (olives) observed stored using reduced oxygen packing methods (CEASE AND DESIST - ITEMS DISCARDED WHILE ON-SITE) (CORRECT VIOLATION WITHIN 5 CALENDAR DAYS)
405503,52.0,TRASH IN OPEN CART AT REAR AREA AT THE SIDE OF STORAGE. (Corrected On Site)
136128,46.0,No chemical test strips provided to measure the concentration of sanitizing solution(s).(CORRECT VIOLATION WITH 45 CALENDAR DAYS)
21750,6.0,Employees were not washing their hands between tasks.(hands washed) (Corrected On Site)
405138,31.0,"Chicken cooling, but fully covered by Saran Wrap. Half of wrap removed. (Corrected On Site)"
168882,62.0,Inpection report not posted.(CORRECT VIOLATION WITHIN 45 CALENDAR DAYS)
198165,14.0,CUTTING BOARDS CONTAINED CREVICES. CUTTING BOARDS MUST HAVE A SMOOTH SURFACE IN ORDER TO PREVENT CROSS CONTAMINATION AND BACTERIAL GROWTH. PROVIDE A SCOOP HOLDER FOR ICE SCOOP. THE TOP OF THE MACHINE IS NOT A SANITARY SURFACE. SODD GUNS AND HOLDERS AT THE BAR CONTAINED SYRUP BUILD-UP.(CORRECT VIOLATION WITHIN 5 CALENDAR DAYS)
180651,3.0,No employee health policy regarding the prevention of foodborne illness was communicated. (CORRECT VIOLATION WITHIN 45 CALENDAR DAYS)
105003,,
8194,,
183542,14.0,There is mold on the center ice maker's plastic drip panel in the Montpelier cafeteria. (Corrected On Site)
201657,13.0,Shelled eggs stored over ready to eat products and shrimp in reach in coolers on line. (Corrected On Site)
98589,46.0,The dishwash machine does not have a data plate attached. (CORRECT VIOLATION WITH 45 CALENDAR DAYS)
201854,34.0,No thermometer in walk-in refrigerator(s). (Corrected On Site)
192120,13.0,"Rotisserie gyro meat, stored in the walk-in refrigerator, is coming in contact with the rusted metal of the walk-in refrigerator wall in the basement. (Corrected On Site)"
9897,,
136420,44.0,Observed employee remove meat from refrigerator and touch ready to eat food with same gloves. (Corrected On Site)
607498,34.0,No thermometer provided to check food temperatures.(CORRECT VIOLATION WITHIN 45 CALENDAR DAYS)
66102,49.0,The mop sink's faucet has thread and a hose is attached to the faucet.No backflow prevention device is installed at the mop sink(CORRECT VIOLATION WITHIN 5 CALENDAR DAYS)
405655,39.0,WIPING CLOTHS WERE NOT STORED IN SANITIZER SOLUTION. (Corrected On Site)
201447,19.0,Potentially hazardous food hot held at improper hot holding temprature in the steam table.
607724,36.0,MOUSE DROPPING SEEN IN ELECTRICAL PANEL CABINET.(CORRECT VIOLATION WITHIN 5 CALENDAR DAYS)
404200,48.0,Increase hot water at hand sink in prep area. (CORRECT VIOLATION WITHIN 5 CALENDAR DAYS)
200751,54.0,No hood installed for deep fryer in sushi area and griddle in cold service area of main kitchen. (CORRECT VIOLATION WITHIN 45 CALENDAR DAYS)
9090,6.0,Employees were not washing their hands between tasks. (Corrected On Site)
201143,20.0,SOME COLD FOODS AT COUNTER ARE PLACED IN USED VFOR DRINKS AND FOODS ARE OUT OF TEMPERATURE. (CORRECT VIOLATION WITHIN 5 CALENDAR DAYS)
404556,31.0,Foods observed cooling in cold well of deli station and in deep pans in walk in cooler with plastic wrap covers. (Corrected On Site)
122088,21.0,Prepared food items stored in the reach-in and walk-in refrigerators are not labeled for dates and contents(CORRECT VIOLATION WITHIN 5 CALENDAR DAYS)
199918,45.0,Broken door to reach in refrigerator. (CORRECT VIOLATION WITHIN 45 CALENDAR DAYS)
606879,46.0,Test strips are not available for chlorine sanitizer solutions. (CORRECT VIOLATION WITH 45 CALENDAR DAYS)
21308,13.0,"Food items unprotected from contamination, space not provided between wall and bread racks. (Corrected On Site)"
10617,47.0,DUST OBSERVED ON FAN COVERS IN WALK-IN UNITS;EXTERIOR OF WHITE STORAGE BINS HAVE DARK MARKS.(CORRECT VIOLATION WITHIN 45 CALENDAR DAYS)
143374,,
142948,51.0,Self closing device not provided on employees bathroom down stairs .(CORRECT VIOLATION WITHIN 45 CALENDAR DAYS)
104896,6.0,No hand washing.(hands washed) (Corrected On Site)
136635,8.0,No handwashing signage at handwashing sink.(CORRECT VIOLATION WITHIN 5 CALENDAR DAYS)
8067,46.0,No test strip. Provide test strip for checking the sanitization @ 3-compartment sink. (CORRECT VIOLATION WITH 45 CALENDAR DAYS)
122104,47.0,Accumulation of grease and dust on parts of the the service line grill's ventilation hood(CORRECT VIOLATION WITHIN 45 CALENDAR DAYS)
405562,21.0,Food in reach in and walk in refrigerator not labeled. (CORRECT VIOLATION WITHIN 5 CALENDAR DAYS)
153361,14.0,SODA GUN AND HOLDERS AT THE BAR CONTAINED SYRUP BUILD-UP.CUTTING BOARDS WERE IN POOR REPAIR AT VISIT. ALL CUTTING BOARDS MUST HAVE A SMOOTH SURFACE AND BE FREE OF STAINS AND CREVICES IN ORDDER TO PREVENT BACTERIAL GROWTH AND CROSS CONTAMINATION.(CORRECT VIOLATION WITHIN 5 CALENDAR DAYS)
180733,,
204084,37.0,Food stored on the floor of the walk-in freezer. Powdered ingredints such as flour and cornmean are not protected in the dry storage area (held in open containers). (CORRECT VIOLATION WITHIN 45 CALENDAR DAYS)
179391,44.0,EMPLOYEE IS EATING WITH GROVES. HE SHOULD WASH HAND AND CHANGE GLOVES WHEN BACK TO WORK. (Corrected On Site)
199503,51.0,NO COVERED RECEPTACLE FOR TOILET SHARED BY MALE AND FEMALE EMPLOYEES (Corrected On Site)
203380,8.0,"No soap, paper towels or hand wash sign in the dish wash area. (Corrected On Site)"
180560,36.0,MICE DROPPING SEEN IN BASEMENT STORAGE AREA.(CORRECT VIOLATION WITHIN 5 CALENDAR DAYS)
192137,20.0,Cold food item(s) held at improper temperature(s). (Corrected On Site)
205215,8.0,No paper towels at handwashing sink.(CORRECT VIOLATION WITHIN 45 CALENDAR DAYS)
98529,14.0,The interior of the microwave is encrusted with food. (CORRECT VIOLATION WITHIN 45 CALENDAR DAYS)
199119,8.0,NO PAPER TOWEL PROVIDED
108179,62.0,Inspection report not posted.(CORRECT VIOLATION WITHIN 45 CALENDAR DAYS)
104417,34.0,No thermometer in walk-in refrigerator(s).No thermometer in reach-in refrigerator.(CORRECT VIOLATION WITHIN 45 CALENDAR DAYS)
9733,39.0,Wiping cloth(s) stored on counter(s) and not in sanitizing solution.(CORRECT VIOLATION WITHIN 45 CALENDAR DAYS)
404890,20.0,Temperature control for safety foods on salad bar temp above 41 degrees F. (Corrected On Site)
119414,53.0,(CORRECT VIOLATION WITHIN 45 CALENDAR DAYS)sheliving inside the kitchen adjacent to the reach-in unit contains dust and debris
199525,50.0,(CORRECT VIOLATION WITHIN 5 CALENDAR DAYS)No garbage disposal unit (food waste grinder) installed.
205281,6.0,Wiping face without changing gloves; no hand washing before putting on new gloves.(hand washed before putting on new gloves) (Corrected On Site)
98126,37.0,Bottles of water are stored on the floor under the front counter and beside the walk-in freezer. A bag of onions and bags of flour are stored on the floor in the basement. Bags of ice and cases of tomatoes are stored on the walk-in freezer floor. (Corrected On Site)
201839,45.0,Several cutting boards observed with deep grooves and heavy ware that make the surfaces no longer cleanable.(CORRECT VIOLATION WITHIN 45 CALENDAR DAYS)
116231,14.0,"ICE ACCUMULATION,DEBRIS AND STAINS IN FREEZER LOCATED IN BASEMENT.(CORRECT VIOLATION WITHIN 45 CALENDAR DAYS)"
155145,37.0,Juice containers stored inside of ice bin behind the bar used for human consumption
606577,39.0,Wiping cloth(s) stored on counter(s) and not in sanitizing solution.(CORRECT VIOLATION WITHIN 45 CALENDAR DAYS)
10414,8.0,No sign or poster provided at handsink(kitchen)(CORRECT VIOLATION WITHIN 45 CALENDAR DAYS)
98586,8.0,There is no soap at the service line handwashing sink. (Corrected On Site)
119057,13.0,eggs stored on top of ready to eat foods inside of the reach-in refrigerator(CORRECT VIOLATION WITHIN 5 CALENDAR DAYS)
98506,34.0,The dial standup thermometer in the under counter refrigerator is defective. The thermometer is reading -8 degrees Fahrenheit however nothing in the refrigerator is frozen. (CORRECT VIOLATION WITHIN 45 CALENDAR DAYS)
201649,45.0,Cutting board heavily worn in pizza station. (CORRECT VIOLATION WITHIN 45 CALENDAR DAYS)
98530,49.0,The hot water at the bar's handwashing sink was measured at less than 110 degrees Fahrenheit.
136635,4.0,Employee was observed drinking from an uncovered container in the food preparation area. (Corrected On Site)
122284,45.0,Cutting boards are not smooth and have numerous grooves. (CORRECT VIOLATION WITHIN 5 CALENDAR DAYS)
8590,14.0,Dishes are not being sanitized before placed to dry. (Corrected On Site)
98470,26.0,Bottled drinks are stored next to cleaning supplies on the rack in the rear of the establishment and there is no barrier between the items. (Corrected On Site)
183542,8.0,There is no soap at the sushi bar's handwashing sink. (Corrected On Site)
10000,13.0,Observed food items unprotect (Corrected On Site)
153271,21.0,ALL ITEMS STORED IN THE REACH IN UNITS MUST BE DATED AND LABELED.(CORRECT VIOLATION WITHIN 5 CALENDAR DAYS)
199720,13.0,muffins on the front counter uncovered (Corrected On Site)
9221,2.0,The establishment does not have an employee health policy or can not provide proof of policy. No signed employee interview and reporting forms exist regarding the prevention of the transmission of diseases through food by infected food employees.(CORRECT VIOLATION WITHIN 5 CALENDAR DAYS) (Corrected On Site)
404575,31.0,Foods observed cooling in deep pans with plastic wrap coverings in ways that do not encourage proper cooling. (CORRECT VIOLATION WITHIN 45 CALENDAR DAYS)
404819,35.0,There is an unlabeled plastic squeeze bottle of some type of oil on the under-counter refrigerator. (Corrected On Site)
610833,8.0,There are no paper towels at the handwashing sink.(CORRECT VIOLATION WITHIN 14 CALENDAR DAYS)
203834,53.0,WATER LEAK FROM PIPE(CORRECT VIOLATION WITHIN 5 CALENDAR DAYS)
606351,,
201720,20.0,COLD FOOD ITEMS ARE HELD AT IMPROPER TEMPERATURES(CORRECT VIOLATION WITHIN 5 CALENDAR DAYS)
180744,,
104745,46.0,The 3 compartment sinks were not large enough for immersion of the largest piece of equiptment.(CORRECT VIOLATION WITH 45 CALENDAR DAYS)
118952,53.0,Floors underneath the deep fat fryer behind the grill station line(CORRECT VIOLATION WITHIN 45 CALENDAR DAYS)
102287,,
179364,54.0,There is no exhaust uptake at the ventilation hood and grease is accumulating all along the interior of the unit. (CORRECT VIOLATION WITHIN 45 CALENDAR DAYS)
10284,47.0,Ice machine lid not cleaned and showes signs of mold.(CORRECT VIOLATION WITHIN 45 CALENDAR DAYS)
98584,34.0,The digital thermometer on the reach-in freezer is out of order and there is no thermometer inside the unit. (CORRECT VIOLATION WITHIN 45 CALENDAR DAYS)
122514,49.0,The grill's exhaust system is making noise and needs to be repaired(CORRECT VIOLATION WITHIN 5 CALENDAR DAYS)
205347,14.0,Mold observed on the ice machine plastic drip panel. (Corrected On Site)
607478,1.0,The person in charge provided a certificate from an accredited program recognized by the Department but has not obtained a Certified Food Protection Manager certificate issued by the DC Department of Health.(CORRECT VIOLATION WITHIN 5 CALENDAR DAYS)
606935,2.0,No employee health policy. Issued. (Corrected On Site)
201799,37.0,Sauces in packages stored directly on the floor in the stairwell. (Corrected On Site)
7215,14.0,Unclean food-contact surfaces. (CORRECT VIOLATION WITHIN 5 CALENDAR DAYS)
204795,20.0,ALL COLD UNITS AND COLD FOOD ITEMS MUST BE MAINTAINED AT 41.0 DEGREES OR BELOW AT ALL TIMES. (CORRECT VIOLATION WITHIN 5 CALENDAR DAYS)
126150,2.0,The establishment does not have an employee health policy or can not provide proof of policy. No signed employee interview and reporting forms exist regarding the prevention of the transmission of diseases through food by infected food employees. Policy forms issued and discussed during the inspection. (CORRECT VIOLATION WITHIN 5 CALENDAR DAYS)
72101,,
405165,46.0,No chemical test strips provided to measure the concentration of sanitizing solution(s).(CORRECT VIOLATION WITH 45 CALENDAR DAYS)
118948,47.0,Over head range above the oven contains dust(CORRECT VIOLATION WITHIN 45 CALENDAR DAYS)
607322,20.0,Large containers of protein have temperatures above 41 degrees/Food discarded (Corrected On Site)
183911,13.0,Food items not protected from contamination. (Corrected On Site)
405934,43.0,Containers of forks in self service area in customer area were not all inverting in correct direction. (CORRECT VIOLATION WITHIN 45 CALENDAR DAYS)
200836,47.0,Equipment surfaces and floor areas through out the kitchen grossly soiled with grease and food debris.
180104,53.0,DIRTY FLOORS IN KITCHEN (Corrected On Site)
204863,34.0,No visible thermometers were observed in reach-in refrigerators. (CORRECT VIOLATION WITHIN 45 CALENDAR DAYS)
199994,,
155162,53.0,Reach in refrigerator has loose part at top in at grill station. (CORRECT VIOLATION WITHIN 45 CALENDAR DAYS)
199539,13.0,UNCOVERED FOOD ITEMS IN THE KITCHEN AND IN THE REACH-IN COOLERS (Corrected On Site)
201436,3.0,NO EMPLOYEES' DISEASE RECORD AND REPORTING CONTRACT. (Corrected On Site)
198529,35.0,Unlabeled squeeze bottle observed in service line ara. (CORRECT VIOLATION WITHIN 45 CALENDAR DAYS)
205522,21.0,Discarded .25 L of salsa which had expired. A date label was added to an unlabeled item. (Corrected On Site)
183682,34.0,Thermometers installed in the rear of the under-counter refrigerators located in the coffee area. (CORRECT VIOLATION WITHIN 45 CALENDAR DAYS)
155369,51.0,Rest room for customer is located in kitchen area.(CORRECT VIOLATION WITHIN 45 CALENDAR DAYS)
122542,45.0,"The cutting boards are not smooth, they need to be replaced or resurfaced(CORRECT VIOLATION WITHIN 5 CALENDAR DAYS)"
21104,53.0,"Observed the water closet mopsink wall in poor repair Observed scaling paint on the closed in prep room walls Observed duct tape holding the splash guard shield together on the Mctreat Spot #2 handsink Observed standing water present on the floor of the Mctreat Spot water closet and under the tray storage rack in the ware washing area Observed unclean floors in the water closet, and basement walk-in coolers. (CORRECT VIOLATION WITHIN 45 CALENDAR DAYS)"
134129,53.0,Floors in need of cleaning. (Corrected On Site)
405371,45.0,Sinks are not sealed to the wall.
201649,26.0,Spray bottles (2) of chemicals are unlabeled in chemical cage in dry storage area. (Corrected On Site)
98438,46.0,The chlorine sanitizing solution in the 3-compartment sink has floating food debris and is cloudy. (CORRECT VIOLATION WITH 45 CALENDAR DAYS)
199952,35.0,FOOD CONTAINERS ARE NOT LABELED (Corrected On Site)
142405,41.0,Large ice scoop placed on top of ice inside ice machine. (Corrected On Site)
404819,42.0,The plates stacked at the breakfast buffet are stored with the food-contact surfaces unprotected (exposed).
199529,37.0,ALL FOOD STORED IN THE WALK IN UNIT MUST BE ELEVATED SIX INCHES ABOVE THE FLOOR AT ALL TIMES.(CORRECT VIOLATION WITHIN 5 CALENDAR DAYS)
96232,38.0,EMPLOYEE NOT WEARING A HAIR RESTRAINT. (Corrected On Site)
104498,46.0,The data plate on the warewash machine was not readable.(CORRECT VIOLATION WITH 45 CALENDAR DAYS)
10152,13.0,Raw chicken was stored above and next to finished food items in the walk-in refrigerator. (Corrected On Site)
203678,14.0,Unclean surfaces were observed on interior of warewashing machine. (CORRECT VIOLATION WITHIN 5 CALENDAR DAYS)
118303,34.0,(CORRECT VIOLATION WITHIN 45 CALENDAR DAYS)No thermometer in reach-in refrigerator.
180907,21.0,PREPARED FOOD ITEMS ARE NOT LABELED FOR DATES AND CONTENTS (Corrected On Site)
202160,45.0,Several cutting boards are heavily worn and damaged so that it makes surfaces not easily cleanable.
136309,2.0,The establishment does not have an employee health policy or can not provide proof of policy. No signed employee interview and reporting forms exist regarding the prevention of the transmission of diseases through food by infected food employees. (Corrected On Site)
405191,47.0,CUTTING BOARDS NEED TO BE RPLACED.(CORRECT VIOLATION WITHIN 45 CALENDAR DAYS)
7509,34.0,No internal thermometers in walk-in refridgerator(CORRECT VIOLATION WITHIN 45 CALENDAR DAYS)
7178,21.0,Expired sandwhches observed.
142735,6.0,NO HANSIGN FOR ALL HANDSINKS WHERE NEEDED. (Corrected On Site)
98505,34.0,There is no visible thermometer in the under counter refrigerator. (CORRECT VIOLATION WITHIN 45 CALENDAR DAYS)
179230,53.0,Spray nozzle is hanging below the flood rim over the garbage disposal.
142831,51.0,No self closing device on the toilet room door.(CORRECT VIOLATION WITHIN 45 CALENDAR DAYS)
118851,37.0,provide sneeze guard for buffet stations(CORRECT VIOLATION WITHIN 45 CALENDAR DAYS)
136593,34.0,No thermometer in walk-in refrigerator(s).(CORRECT VIOLATION WITHIN 45 CALENDAR DAYS)
203625,8.0,No paper towels at handwashing sink.
143427,,
606891,7.0,Food employee was observed touching ready to eat food with bare hands. (Instructed at place for both the employee and the manager) (Corrected On Site)
9761,19.0,Hot food item(s) held at improper temperature(s).(CORRECT VIOLATION WITHIN 5 CALENDAR DAYS)
199454,46.0,No chemical test strips provided to measure the concentration of sanitizing solution(s). (CORRECT VIOLATION WITHIN 5 CALENDAR DAYS)
104926,1.0,Certified Food Protection Manager's certificate issued by the DC Department of Health has expired.(renewal instructions issued)(registered for the class at call). (Corrected On Site)
9900,,
203204,6.0,Food employees observed not washing hands between tasks. (CORRECT VIOLATION WITHIN 5 CALENDAR DAYS)
136571,46.0,No chemical test strips provided to measure the concentration of sanitizing solution(s).(CORRECT VIOLATION WITHIN 5 CALENDAR DAYS)
136423,14.0,Defrost brown refrigerator top freezer.(CORRECT VIOLATION WITHIN 5 CALENDAR DAYS)
205846,38.0,EMPLOYEE NOT WEARING A HAIR RESTRAINT (Corrected On Site)
168355,20.0,COLD FOOD IS OUT OF TEMPERATURE. (PRACTICE TIME CONTROL)
203945,39.0,Wiping cloth(s) stored on counter(s) and not in sanitizing solution.(CORRECT VIOLATION WITHIN 45 CALENDAR DAYS)
201690,51.0,EMPLOYEE RESTROOM ON THE LOWER LEVEL DID NOT HAVE A SELF CLOSING DEVICE AT VISIT.(CORRECT VIOLATION WITHIN 45 CALENDAR DAYS)
8940,36.0,Fly zapper over preparation area. (Corrected On Site)
122788,21.0,Prepared food items in the reach-in and walk-in coolers not labeled for dates and contents (Corrected On Site)
10306,8.0,No handwashing signage at the hand sinks in the kitchen and toilet rooms. (Corrected On Site)
119381,,
122269,47.0,Accumulation of grease and dust on parts of the grill's ventilation hood(CORRECT VIOLATION WITHIN 45 CALENDAR DAYS)
8030,47.0,"Unclean non-food contact surfaces - shelving, work stations, cublices behind front counter and equipment surfaces. (CORRECT VIOLATION WITHIN 45 CALENDAR DAYS)"
126173,39.0,Wiping cloth(s) stored on counter(s) and not in sanitizing solution. (CORRECT VIOLATION WITHIN 45 CALENDAR DAYS)
204500,35.0,Foods not labeled with common names when outside of original containers and not easily identifiable. (Corrected On Site)
205144,14.0,Heavy lime/ chemical deposits on interior of ice machine. shelves in walk in cooler moldy.(CORRECT VIOLATION WITHIN 5 CALENDAR DAYS)
98498,34.0,There is no thermometer in the under counter refrigerator at the sushi bar. There is no visible thermometer in the ice cream freezer. (CORRECT VIOLATION WITHIN 45 CALENDAR DAYS)
610234,21.0,Working containers of food prepared in the establishment are not date marked. (CORRECT VIOLATION WITHIN 5 CALENDAR DAYS)
606738,14.0,Plastic drip panel in the ice making machine not cleaned as needed. (CORRECT VIOLATION WITHIN 5 CALENDAR DAYS)
108174,7.0,Employee observed handling biscuit with bare hands.(CORRECT VIOLATION WITHIN 5 CALENDAR DAYS)
179170,53.0,Water is pooled on the floor behind the cash register at the drive-thru window. (CORRECT VIOLATION WITHIN 45 CALENDAR DAYS)
606360,20.0,COLD FOOD ITEMS IN THE OPEN COOLER DISPLAY ARE HELD AT IMPROPER TEMPERATURES(CORRECT VIOLATION WITHIN 5 CALENDAR DAYS)
104365,36.0,There were knats in the basement prep/storage area.(CORRECT VIOLATION WITHIN 45 CALENDAR DAYS)
179191,38.0,NO HAIR RESTRAINT (Corrected On Site)
201829,33.0,Food (chicken and steak) thawed at ambient temperature. (Corrected On Site)
105170,47.0,The inside bottom of the reach-in freezer needed cleaning.(CORRECT VIOLATION WITHIN 45 CALENDAR DAYS)
96239,14.0,ICE SCOOP INSERTED IN ICE MACHINE.HAND TO ICE CONTACT. (Corrected On Site)
104209,7.0,Employee handled ready to eat food with bare hands.(gloves used) (Corrected On Site)
204225,1.0,DC CFPM certificate is expired. Person in Charge demonstrates knowledge sufficiently. (CORRECT VIOLATION WITHIN 5 CALENDAR DAYS)
118893,41.0,Do not store knives in between reachin refrigerators (Corrected On Site)
200609,13.0,Scoop handle came in contact with the ice in the ice bin.(The scoop was removed from the bin. The ice was discarded. Clean and sanitize the bin before putting any ice in it). Store the ice scoop sanitarily. (Corrected On Site)
607375,44.0,EMPLOYEES ARE NOT FREQUENTLY CHANGING GLOVES BETWEEN TASKS OR EVERY 30-MIN(CORRECT VIOLATION WITHIN 45 CALENDAR DAYS)
203696,14.0,CUTTING BOARDS WERE IN POOR REPAIR AT VISIT. CUTTING BOARDS MUST HAVE A SMOOTH SURFACE AND BE FREE OF STAINS AND CREVICES IN ORDER TO PREVENT BACTERIAL GROWTH AND CROSS CONTAMINATION.(CORRECT VIOLATION WITHIN 5 CALENDAR DAYS)
130177,20.0,ALL COLD UNITS MUST BE MAINTAINED AT 41.0 DEGREES FOR BELOW AT ALL TIMES. TWO UNITS WERE NOT IN COMPLIANCE AT VISIT.(CORRECT VIOLATION WITHIN 5 CALENDAR DAYS)
201649,53.0,Floor/step on the front/inside of the walk-in refrigerator of the metro diner is damaged. (CORRECT VIOLATION WITHIN 45 CALENDAR DAYS)
122526,20.0,Some cold food items in the open cooler display are held at improper temperatures. (Corrected On Site)
405966,19.0,Hot food item(s) held at improper temperature(s).(CORRECT VIOLATION WITHIN 5 CALENDAR DAYS)
142146,47.0,Unclean non-food contact surfaces - shelves and equipment. (Corrected On Site)
7962,,
98383,3.0,No employee health policy for foodborne illness. (CORRECT VIOLATION WITHIN 45 CALENDAR DAYS)
102253,45.0,Cutting boards are stained and found with several cuts and grooves throughout.(CORRECT VIOLATION WITHIN 5 CALENDAR DAYS)
142635,36.0,Holes in wall and at basement level in kitchen area. (CORRECT VIOLATION WITHIN 45 CALENDAR DAYS)
102224,39.0,Wiping cloth(s) stored on counter(s) and not in sanitizing solution.(CORRECT VIOLATION WITHIN 45 CALENDAR DAYS)
156200,36.0,No copy of the professional pest control service contract was available while on-site.
206069,46.0,No chemical test strips provided to measure the concentration of sanitizing solution(s).(CORRECT VIOLATION WITH 45 CALENDAR DAYS)
201377,49.0,There is no air gap above the dishwash machine's floor drain.
143080,14.0,Mold observed on ice machine's white plastic drip panel. (CORRECT VIOLATION WITHIN 5 CALENDAR DAYS)
68134,14.0,REACHIN UNIT AT THE FRONT OF THE KITCHEN CONTAINS SPILLAGE(CORRECT VIOLATION WITHIN 5 CALENDAR DAYS)Unclean food-contact surfaces
205551,1.0,no cfpm on duty(CORRECT VIOLATION WITHIN 5 CALENDAR DAYS)
404734,45.0,Door on reach-in along prep line was not tightfitting. (CORRECT VIOLATION WITHIN 45 CALENDAR DAYS)
183934,43.0,Single service items in box stored on the floor in dry foods storage area. (Corrected On Site)
126130,19.0,"Hot food item(s) held at improper temperature(s). Corrective action conducted during the inspection container of rice stored at room temperature on the top of the oven 76F, discarded. (Corrected On Site)"
104919,37.0,"A container of raw shrimp was on the 3 compartment sink, while pots and pans were being washed, rinsed and sanitize.(moved) (Corrected On Site)"
7827,46.0,No chemical test strips provided to measure the concentration of sanitizing solution(s). Thermolabels ordered in order to monitor sanitizing solution for the warewash machine (Corrected On Site)
179947,49.0,Location removed the mop sink and is now obtaining/disposing waste water from floor cleaning in an unapproved manner.(CORRECT VIOLATION WITHIN 45 CALENDAR DAYS)
204951,,
94285,21.0,Food container not date marked. (Corrected On Site)
205507,35.0,Working containers in walk in refrigerator not labeled. (CORRECT VIOLATION WITHIN 45 CALENDAR DAYS)
126125,26.0,Container of comet cleaner stored on a shelf with kosher salt and cornstarch located in the sushi prep kitchen. Corrective action conducted during the inspection. (Corrected On Site)
201377,8.0,A handwashing sink is needed in the basement. A meat grinder and slicer are stored in the basement and a small prep table is installed outside the walk-in refrigerator.
94343,20.0,Cold food item(s) held at improper temperature(s). (Corrected On Site)
205725,39.0,Wet wiping cloths are stored inside refrigerators rather than inside sanitizer buckets containing sanitizer solution.(CORRECT VIOLATION WITHIN 45 CALENDAR DAYS)
205038,36.0,Fruit fly activity upstairs around the sweet potato bin. (CORRECT VIOLATION WITHIN 5 CALENDAR DAYS)
200505,53.0,Missing and broken floor tiles obverved at the cookline area.(CORRECT VIOLATION WITHIN 45 CALENDAR DAYS).
607630,14.0,UNCLEAN CAN OPENER/UNCLEAN REACH-IN BOX CHUTE (Corrected On Site)
9424,53.0,Over head vents in the kitchen contain debris.(CORRECT VIOLATION WITHIN 45 CALENDAR DAYS)
177149,1.0,NO CFPM ON DUTY(CORRECT VIOLATION WITHIN 5 CALENDAR DAYS)
203098,26.0,"Chemicals not used for washing and sanitizing in a three-compartment sink (stainless steel polish, wax, hand soap) are stored above the three-compartment sink. Chemicals moved. (Corrected On Site)"
130101,14.0,"CUTTING BOARDS IN POOR REPAIR AT VISIT. CUTTING BOARDS MUST BE FREE OF STAINS, CHIPS, AND CREVICES. INTERIOR OF REACH IN UNIT #13 CONTAINED SPILLAGE.(CORRECT VIOLATION WITHIN 5 CALENDAR DAYS)"
203657,49.0,Water leaking from handwashing sink located in the toilet. (CORRECT VIOLATION WITHIN 45 CALENDAR DAYS)
10809,8.0,No handwashing signage at the toilet rooms' handwashing sinks.
143022,13.0,UNCOVERED FOOD ITEMS FOUND IN THE WALK-IN COOLERS(CORRECT VIOLATION WITHIN 5 CALENDAR DAYS)
202678,8.0,Hot water was shut off at handwashing sink at front counter. (CORRECT VIOLATION WITHIN 5 CALENDAR DAYS)
606482,13.0,Raw shrimp and fish above ready to eat produce.
180332,,
610235,35.0,Oils are not name labeled on line. (CORRECT VIOLATION WITHIN 45 CALENDAR DAYS)
122085,35.0,Preperaed food items not labeled(CORRECT VIOLATION WITHIN 45 CALENDAR DAYS)
122456,21.0,PREPARED FOOD ITEMS IN THE WALK-IN COOLER ARE NOT LABELED FOR DATES AND CONTENTS (Corrected On Site)
204934,35.0,There are numerous unlabeled plastic squeeze bottles of unspecified food contents on the service lines. (CORRECT VIOLATION WITHIN 45 CALENDAR DAYS)
202337,36.0,Fruit flies observed within the bar areas and rear locker area of the establishment. (CORRECT VIOLATION WITHIN 5 CALENDAR DAYS)
118691,43.0,Single-service items unprotected at counter.(CORRECT VIOLATION WITHIN 45 CALENDAR DAYS)
8533,20.0,"Cold food item(s) held at improper temperature(s). Cold food items, returned to the walk-in cooler and the water drained from the salad/cold buffet and replaced with fresh ice. (Corrected On Site)"
9508,13.0,Food was not covered and protected at visit.
155301,1.0,The person in charge provided a certificate from an accredited program recognized by the Department but has not obtained a Certified Food Protection Manager certificate issued by the DC Department of Health.(CORRECT VIOLATION WITHIN 5 CALENDAR DAYS)
134151,51.0,No disposable hand towels inside ladies toilet room. (Corrected On Site)
153418,53.0,"FLOORS UNDER AND BEHIND EQUIPMENT WERE VERY UNCLEAN AT VISIT. ALL FLOORS INCLUDING BASEBOARDS AND CORNERS CONTAINED DIRT, DEAD ROACHES, GREASE BUILD-UP AND DEBRIS. WALLS THROUGH OUT FOOD PREP AREA CONTAINED DIRT AND GREASE BUILD-UP. MOP SINK AND MOPS VERY UNCLEAN AT VISIT."
102317,2.0,The establishment does not have an employee health policy or can not provide proof of policy. No signed employee interview and reporting forms exist regarding the prevention of the transmission of diseases through food by infected food employees. (Corrected On Site)
606936,36.0,(CORRECT VIOLATION WITHIN 5 CALENDAR DAYS)mice droppins in the back hall way next to the flower prep sink
143367,21.0,Food items/containers stored inside refrigerated units not properly date-marked. (Corrected On Site)
179818,36.0,Ceiling has missing tiles.
202046,39.0,Wiping cloth(s) stored on counter(s) and not in sanitizing solution. (CORRECT VIOLATION WITHIN 45 CALENDAR DAYS)
203251,49.0,Adequate air gaps were lacking between floor drains and piping at coffee prep unit at main counter and at refrigeration units in ice cream and smoothie prep areas. (CORRECT VIOLATION WITHIN 5 CALENDAR DAYS)
9022,23.0,There is no consumer advisory notice for Kitko (Steak Tartar) listed on the menu. I provided the person in charge with a DC DOH issued consumer advisory notice. (Corrected On Site)
21996,49.0,Hand sink in food prep area obstructed.
607993,35.0,"Squeeze bottles of yellow liquid, presumably oil, on line are not name labeled. (CORRECT VIOLATION WITHIN 45 CALENDAR DAYS)"
205332,2.0,"THE ESTABLISHMENT DOES NOT HAVE A WRITTEN EMPLOYEES HEALTH POLICY FOR FOODBORNE ILLNESS IN PLACE, A DOH COPY IS GIVEN TO THE PIC (Corrected On Site)"
