EstablishmentCode,EstablishmentName,IsLibraryAvailable,AvailableBooksCount,IsFireExtgAvailable,ExtinguisherCount,HOIRoomAvailable,IsStaffRoomAvailable,NoofStaffRoom,IsLockerForStaffAvailable,IsSportsStoreRoomAvailable
S0674,BHARENG GOVERNMENT PRIMARY SCHOOL,Not Available,0,Available,0,Available,Available,1,Not Available,Not Available
S0853,"WISDOM LAKE ACADEMY, SAMSING PAKYONG",Not Available,0,Available,1,Not Available,Available,6,Not Available,Not Available
S0950,"HAPPY HOURS NURSERY SCHOOL, LAL MARKET",Available,300,Available,3,Not Available,Available,1,Available,Available
S1247,SIRBONG GOVERNMENT PRIMARY SCHOOL,Not Available,0,Not Available,0,Not Available,Not Available,0,Not Available,Not Available
S1474,NEIL TARA ACADEMY,Available,300,Available,6,Available,Available,1,Not Available,Not Available
S0205,SUMIN LINGCHEY GOVERNMENT SECONDARY SCHOOL,Available,48,Available,5,Available,Available,1,Not Available,Not Available
S0375,UPPER MARTAM GOVERNMENT PRIMARY SCHOOL,Not Available,0,Available,2,Available,Not Available,0,Not Available,Not Available
S0185,ZITLANG GOVERNMENT JUNIOR HIGH SCHOOL,Available,0,Available,5,Not Available,Available,1,Not Available,Not Available
S1025,"SHERAB ODSAL RALDELLING ACADEMY, SREEBADAM",Available,437,Not Available,0,Not Available,Available,1,Not Available,Available
S0382,DENTAM TAR GOVERNMENT JUNIOR HIGH SCHOOL,Available,42,Available,4,Available,Not Available,0,Not Available,Not Available
S1230,"SARASWATI SHISHU VIDHYALAYA, BUDANG",Not Available,0,Not Available,0,Not Available,Available,1,Not Available,Not Available
S0111,DUGA GOVERNMENT SECONDARY SCHOOL,Available,0,Available,5,Available,Available,1,Not Available,Not Available
S1444,SPECIAL SCHOOL FOR HEARING IMPAIRED,Not Available,0,Not Available,0,Not Available,Not Available,0,Not Available,Not Available
S0045,SHIP GYER GOVERNMENT PRIMARY SCHOOL,Not Available,0,Available,2,Available,Available,1,Available,Not Available
S1143,"SOUTHERN LIGHT ACADEMY, UPPER BOOMTAR",Available,55,Available,1,Not Available,Not Available,0,Not Available,Not Available
S0525,KHUTTIDARA GOVERNMENT PRIMARY SCHOOL,Not Available,0,Available,2,Available,Not Available,0,Not Available,Not Available
S1053,"NEW WISDOM ACADEMY, DENTAM",Not Available,0,Available,1,Not Available,Available,1,Not Available,Not Available
S0767,LINGZYA GOVERNMENT JUNIOR HIGH SCHOOL,Not Available,0,Available,1,Available,Available,1,Not Available,Not Available
S0071,LUM GOVERNMENT PRIMARY SCHOOL,Not Available,0,Available,2,Available,Not Available,0,Not Available,Not Available
S0415,AIFALTAR GOVERNMENT PRIMARY SCHOOL,Not Available,0,Not Available,0,Available,Available,1,Not Available,Not Available
S0532,RINGYANG GOVERNMENT PRIMARY SCHOOL,Not Available,0,Available,0,Available,Available,1,Not Available,Not Available
S0278,BARAKHELEY DARA GOVERNMENT PRIMARY SCHOOL,Available,30,Available,2,Available,Not Available,0,Not Available,Not Available
S0511,SANG TSHALUMTHANG GOVERNMENT SECONDARY SCHOOL,Not Available,0,Available,5,Available,Available,1,Not Available,Not Available
S0324,BEGHA GOVERNMENT JUNIOR HIGH SCHOOL,Not Available,0,Available,2,Not Available,Available,1,Not Available,Not Available
S0049,MANTAM 4TH MILE GOVERNMENT PRIMARY SCHOOL,Not Available,0,Available,2,Available,Available,1,Available,Not Available
S1072,"GREEN VALE ACADEMY, LANGANG",Not Available,0,Available,2,Available,Not Available,0,Not Available,Available
S1018,"ST. JOSEPHS SCHOOL, RAVANGLA",Not Available,0,Available,2,Not Available,Not Available,0,Not Available,Not Available
S0856,EASWARAMMA SAI GURUKOOL ACCADEMY,Not Available,0,Available,2,Available,Not Available,0,Not Available,Not Available
S0230,PHENZONG GOVERNMENT PRIMARY SCHOOL,Not Available,0,Available,2,Not Available,Not Available,0,Not Available,Not Available
S1242,"LABDANG ENGLISH SCHOOL, LABDANG",Not Available,0,Available,1,Not Available,Available,1,Available,Not Available
S0888,"SPRINGDALE SCHOOL, LOWER RAKDONG",Available,2000,Available,5,Available,Available,1,Not Available,Available
S0330,LOWER SANGKHU GOVERNMENT PRIMARY SCHOOL,Available,57,Not Available,0,Not Available,Available,1,Not Available,Not Available
S0378,CHEWRIBOTEY GOVERNMENT PRIMARY SCHOOL (W),Not Available,0,Available,2,Available,Not Available,0,Not Available,Not Available
S1054,"ROSHAN MEMORIAL ACADEMY, DENTAM TAR",Available,60,Available,2,Available,Not Available,0,Not Available,Available
S0756,LACHUNG GOVERNMENT SECONDARY SCHOOL,Available,200,Available,5,Available,Available,1,Available,Not Available
S0191,LAMATEN GOVERNMENT PRIMARY SCHOOL (E),Not Available,0,Available,2,Available,Available,1,Not Available,Not Available
S0131,UPPER PACHAK GOVERNMENT PRIMARY SCHOOL,Not Available,0,Available,1,Not Available,Available,1,Not Available,Not Available
S0339,SIMCHEN GOVERNMENT PRIMARY SCHOOL,Available,34,Available,2,Available,Available,1,Not Available,Not Available
S0774,MELLI GUMPA GOVERNMENT SECONDARY SCHOOL,Not Available,0,Available,5,Not Available,Not Available,0,Not Available,Not Available
S0133,MAJHITAR GOVERNMENT SECONDARY SCHOOL,Not Available,0,Available,5,Available,Available,1,Available,Not Available
S1120,"REHMA ENGLISH SCHOOL, SANGKHOLA",Available,90,Available,1,Available,Available,1,Not Available,Available
S0504,BURTUK GOVERNMENT JUNIOR HIGH SCHOOL,Available,250,Available,5,Available,Available,1,Not Available,Not Available
S1107,"SARASWATI SISHU NIKETAN , RIDHANG",Not Available,0,Available,2,Available,Available,1,Available,Available
S0164,OKHARBOTEY GOVERNMENT PRIMARY SCHOOL,Available,20,Available,2,Available,Available,1,Not Available,Not Available
S0170,LOWER SUDUNGLAKHA GOVERNMENT PRIMARY SCHOOL,Available,150,Available,2,Available,Available,1,Not Available,Not Available
S1443,SPECIAL EDUCATION & REHABILITATION CENTRE,Available,0,Not Available,0,Not Available,Not Available,0,Not Available,Available
S0110,TAREYTHANG GOVERNMENT SECONDARY SCHOOL,Available,300,Available,3,Available,Available,1,Not Available,Not Available
S0266,THARPU GOVERNMENT SENIOR SECONDARY SCHOOL,Available,300,Available,5,Available,Available,1,Not Available,Not Available
S0050,MALLING GOVERNMENT PRIMARY SCHOOL,Not Available,0,Available,2,Available,Available,1,Not Available,Not Available
S0298,SINGREP GOVERNMENT PRIMARY SCHOOL,Not Available,0,Available,0,Not Available,Not Available,0,Not Available,Not Available
S0972,"JUBILANT ENGLISH SCHOOL, PHODONG",Not Available,0,Not Available,0,Not Available,Not Available,0,Not Available,Not Available
S0864,"NEW VISION ACADEMY, MAJHITAR",Not Available,0,Available,1,Not Available,Available,1,Not Available,Not Available
S0749,MANGALBARIA GOVERNMENT SENIOR SECONDARY SCHOOL,Available,50,Not Available,0,Available,Available,1,Not Available,Available
S1479,"PRATAP INTERNATIONAL SCHOOL, Tikpur",Not Available,0,Not Available,0,Available,Available,1,Not Available,Available
S0021,NAGA GOVERNMENT JUNIOR HIGH SCHOOL,Available,0,Available,4,Available,Available,1,Not Available,Not Available
S1260,"LITTLE KIDS ACADEMY, NAMBU",Available,50,Available,0,Available,Available,1,Not Available,Not Available
S0725,KALUK GOVERNMENT SENIOR SECONDARY SCHOOL,Available,300,Available,8,Available,Available,1,Not Available,Not Available
S0291,MABONG GOVERNMENT JUNIOR HIGH SCHOOL,Available,40,Available,1,Available,Available,1,Not Available,Not Available
S0065,SHIPTHANG GOVERNMENT PRIMARY SCHOOL,Not Available,0,Available,2,Available,Not Available,0,Available,Available
S0828,"TINY TOTS SCHOOL , KAZITAR NAMCHI",Available,200,Available,1,Available,Available,1,Not Available,Not Available
S0215,RUMTEK KAIYATHANG GOVERNMENT PRIMARY SCHOOL,Available,20,Available,5,Available,Available,1,Available,Not Available
S0541,DARAP GOVERNMENT SENIOR SECONDARY SCHOOL,Available,200,Available,6,Available,Available,1,Not Available,Available
S0008,LABI RANGDAM GOVERNMENT PRIMARY SCHOOL,Available,50,Available,2,Not Available,Available,1,Not Available,Not Available
S0327,TATHANG GOVERNMENT PRIMARY SCHOOL,Available,60,Available,2,Not Available,Not Available,0,Not Available,Available
S1233,"GYANODAYA NURSERY SCHOOL, PAKKIGAON",Available,0,Available,1,Not Available,Available,1,Available,Not Available
S1033,"GOOD WILL ACADEMY, KHECHUPERI-THINGLING",Not Available,0,Available,0,Available,Not Available,0,Not Available,Not Available
S1140,"VICTORY ACADEMY, NANDUGAON",Not Available,0,Available,2,Not Available,Available,1,Not Available,Not Available
S0296,LUNGZIK GOVERNMENT PRIMARY SCHOOL,Available,40,Available,2,Available,Not Available,0,Not Available,Not Available
S1137,"SARASWATI VIDHYALAYA VIDHYA BHARATI, SOMBARIA",Not Available,0,Not Available,0,Not Available,Not Available,0,Not Available,Not Available
S0740,LOWER TADONG GOVERNMENT PRIMARY SCHOOL,Not Available,0,Available,2,Available,Available,1,Not Available,Not Available
S0550,PAMPHOK GOVERNMENT JUNIOR HIGH SCHOOL,Not Available,0,Not Available,0,Available,Available,1,Not Available,Not Available
S0198,RANGPO GOVERNMENT SENIOR SECONDARY SCHOOL,Available,500,Available,6,Available,Available,1,Available,Not Available
S1118,"RISING SUN ACADEMY, CHISOPANI",Not Available,0,Available,1,Not Available,Available,1,Not Available,Not Available
S1078,PIONEER ACADEMY,Available,180,Available,2,Not Available,Available,1,Not Available,Available
S0194,BENGTHANGSING GOVERNMENT PRIMARY SCHOOL,Not Available,0,Available,2,Available,Available,1,Not Available,Not Available
S1387,NORBU TITDUNG MEMORIAL ACADEMY,Not Available,0,Not Available,0,Not Available,Available,1,Not Available,Not Available
S0841,"HOSANNA JUNIOR HIGH SCHOOL, BIKMAT",Not Available,0,Not Available,0,Not Available,Available,0,Not Available,Not Available
S0336,MANGSABONG GOVERNMENT PRIMARY SCHOOL,Not Available,0,Available,1,Not Available,Not Available,0,Not Available,Not Available
S0393,TURUK GOVERNMENT SECONDARY SCHOOL,Not Available,0,Not Available,0,Available,Available,1,Not Available,Not Available
S1198,"AROMA ACADEMY, KAMRANG",Not Available,0,Not Available,0,Not Available,Not Available,0,Not Available,Not Available
S0307,SISNAY GOVERNMENT PRIMARY SCHOOL(W),Not Available,0,Available,2,Available,Not Available,0,Not Available,Not Available
S0718,JHUSINGTHANG GOVERNMENT JUNIOR HIGH SCHOOL,Available,30,Available,3,Available,Not Available,0,Not Available,Not Available
S0063,LINGKOO GOVERNMENT PRIMARY SCHOOL,Not Available,0,Available,2,Not Available,Available,1,Not Available,Not Available
S0890,"TISTA MODEL ACADEMY, LOWER SAMDONG",Available,200,Available,1,Not Available,Available,1,Not Available,Available
S0483,MACHELAKHA GOVERNMENT PRIMARY SCHOOL,Not Available,0,Not Available,0,Available,Available,1,Not Available,Not Available
S0123,MARTAM GOVERNMENT SECONDARY SCHOOL,Available,1202,Available,4,Available,Available,1,Not Available,Not Available
S0519,BARFUNG GOVERNMENT PRIMARY SCHOOL,Not Available,0,Available,2,Not Available,Available,1,Not Available,Not Available
S0629,LOWER PERBING GOVERNMENT JUNIOR HIGH SCHOOOL,Not Available,0,Available,2,Not Available,Available,1,Not Available,Not Available
S0463,RAKDONG TINTEK GOVERNMENT JUNIOR HIGH SCHOOL,Available,150,Available,4,Available,Available,1,Not Available,Not Available
S0775,KAMEREY GOVERNMENT JUNIOR HIGH SCHOOL (S),Available,0,Available,2,Not Available,Not Available,0,Not Available,Not Available
S0627,MANGLAY SINCHUTHANG GOVERNMENT JUNIOR HIGH SCHOOL,Not Available,0,Available,5,Not Available,Available,1,Not Available,Not Available
C1343,SIKKIM INSTITUTE OF HIGHER NYINGMA STUDIES,Available,6000,Available,0,Available,Available,0,Available,Available
S1032,"SUNRISE ACADEMY, SOMBARIA",Available,25,Not Available,0,Available,Available,1,Not Available,Available
S0136,DONGRONG MANPUR GOVERNMENT PRIMARY SCHOOL,Not Available,0,Not Available,0,Available,Not Available,0,Not Available,Not Available
S0216,MERUNG GOVERNMENT PRIMARY SCHOOL,Not Available,0,Not Available,0,Available,Available,1,Not Available,Not Available
S1005,"PARAMOUNT ENGLISH SCHOOL, TEMI DARAGAON",Available,0,Not Available,0,Not Available,Available,0,Available,Available
S0914,"SUNRISE MODEL SCHOOL, RONGLI",Available,2000,Available,1,Not Available,Not Available,0,Not Available,Available
C1336,"SIKKIM GOVERNMENT LAW COLLEGE, BURTUK",Available,4528,Available,0,Available,Available,0,Not Available,Available
S1172,"SUN SHINE ACADEMY, MANGLEY",Not Available,0,Available,1,Not Available,Not Available,0,Not Available,Not Available
S1062,"MOUNT ZION ACADEMY, HEE BAZAR",Not Available,0,Not Available,0,Not Available,Available,1,Not Available,Not Available
S0458,DEORALI GIRLS GOVERNMENT SENIOR SECONDARY SCHOOL,Available,2200,Available,4,Available,Available,3,Not Available,Available
C1372,"INDUSTRIAL TRANING INSTITUTE, GYALSHING",Not Available,0,Not Available,0,Not Available,Not Available,0,Not Available,Not Available
S1256,"KENDRIYA VIDHYALAYA, GANGTOK",Available,1500,Not Available,0,Not Available,Not Available,0,Not Available,Available
S0906,"CHILDRENS PREDARATORY SCHOOL, KHAMDONG",Not Available,0,Not Available,0,Not Available,Not Available,0,Not Available,Not Available
S1066,"VIDHYA SAGAR JUNIOR HIGH SCHOOL, SAKYONG",Not Available,0,Available,1,Available,Available,1,Not Available,Not Available
S0658,DARING GOVERNMENT PRIMARY SCHOOL,Not Available,0,Available,2,Available,Available,1,Not Available,Not Available
S0691,SADA GOVERNMENT PRIMARY SCHOOL,Not Available,0,Available,2,Available,Not Available,0,Not Available,Not Available
S0995,"LITTLE FLOWER SCHOOL, PAKSHAK",Not Available,0,Not Available,0,Not Available,Not Available,0,Not Available,Not Available
S0427,MANGAR DALAM GOVERNMENT PRIMARY SCHOOL,Not Available,0,Not Available,0,Not Available,Available,1,Not Available,Not Available
S0711,SOPAKHA GOVERNMENT SECONDARY SCHOOL,Available,50,Available,4,Available,Available,1,Not Available,Not Available
S0452,NANGDANG GOVERNMENT PRIMARY SCHOOL,Not Available,0,Available,2,Not Available,Available,1,Not Available,Not Available
S0753,K.B.LIMBOO GOVERNMENT SENIOR SECONDARY SCHOOL,Available,275,Available,5,Available,Available,1,Not Available,Not Available
S0932,"GEN NEXT ACADEMY, TADONG",Available,150,Not Available,0,Available,Not Available,0,Not Available,Not Available
S1220,"SAI GURUKUL ACADEMY, 5TH MILE",Available,0,Available,4,Available,Available,2,Not Available,Available
S0668,RAYOUNG GOVERNMENT JUNIOR HIGH SCHOOL,Available,10,Available,0,Not Available,Available,1,Not Available,Not Available
S0083,LINKEY GOVERNMENT SECONDARY SCHOOL,Available,800,Available,5,Available,Available,1,Not Available,Not Available
S1173,"KANCHANJUNGHA ACADEMY,TATENKHA KABI",Available,170,Available,1,Not Available,Available,1,Not Available,Available
S0014,TASA TENGAY GOVERNMENT SECONDARY SCHOOL,Not Available,0,Available,5,Not Available,Available,1,Available,Not Available
S0282,KARTHOK GOVERNMENT PRIMARY SCHOOL,Available,0,Available,2,Available,Available,1,Not Available,Not Available
S0107,SOUTH REGU GOVERNMENT JUNIOR HIGH SCHOOL,Available,0,Available,5,Available,Available,1,Not Available,Not Available
S0383,NAMBU TAREN GOVERNMENT PRIMARY SCHOOL,Available,36,Available,2,Not Available,Available,1,Not Available,Available
S0610,GURUNGGAON GOVERNMENT JUNIOR HIGH SCHOOL,Not Available,0,Available,2,Available,Not Available,0,Not Available,Not Available
C1486,"SCIENCE COLLEGE, CHAKUNG, WEST SIKKIM",Not Available,0,Available,1,Available,Available,1,Not Available,Available
S1179,"NAV JYOTI KINDER GARTEN(JHS), PHONGLA",Not Available,0,Not Available,0,Not Available,Not Available,0,Not Available,Not Available
S0179,SAMSING SUNTALEY GOVERNMENT PRIMARY SCHOOL,Available,25,Available,1,Not Available,Available,1,Not Available,Not Available
S0581,SANGKHOLA GOVERNMENT PRIMARY SCHOOL,Not Available,0,Not Available,0,Not Available,Not Available,0,Not Available,Not Available
S0931,"BLOSSOM SCHOOL, RAWTEY RUMTEK",Available,200,Not Available,0,Not Available,Available,1,Available,Available
S1004,"HIMALAYAN SCHOOL, GANCHUNG",Not Available,0,Available,1,Not Available,Available,1,Not Available,Not Available
S0106,DALAPCHAND GOVERNMENT SECONDARY SCHOOL,Available,0,Not Available,0,Available,Available,1,Not Available,Available
S0648,LOWER ASSANGTHANG GOVERNMENT PRIMARY SCHOOL,Available,50,Available,2,Not Available,Not Available,0,Available,Not Available
S0913,GODSUNNS PREPARATORY SCHOOL,Available,0,Available,1,Not Available,Available,1,Not Available,Available
S1181,"VIDYA ACADEMY, TEMI",Not Available,0,Available,1,Not Available,Available,1,Available,Not Available
S0252,NAMPONG GOVERNMENT JUNIOR HIGH SCHOOL,Not Available,0,Available,2,Not Available,Available,1,Not Available,Not Available
S0006,TUMLONG GOVERNMENT JUNIOR HIGH SCHOOL,Not Available,0,Available,4,Available,Available,1,Not Available,Not Available
S0583,OKHREY GOVERNMENT SECONDARY SCHOOL,Available,0,Available,4,Available,Available,1,Not Available,Not Available
S0779,LOWER PARENG GOWN GOVERNMENT PRIMARY SCHOOL,Available,110,Available,2,Not Available,Not Available,0,Not Available,Not Available
S0724,SAGBARI GOVERNMENT PRIMARY SCHOOL,Not Available,0,Available,2,Available,Not Available,0,Not Available,Not Available
S0938,"PALDEN KHANGSAR SCHOOL, ARITHANG",Available,0,Available,1,Available,Available,1,Available,Available
S0852,"ST. STEVENS SCHOOL, RORATHANG BAZAR",Not Available,0,Available,0,Available,Not Available,0,Not Available,Not Available
S1216,"RAMAM HIDDEN VALLEY ACADEMY, BUDANG",Not Available,0,Available,2,Not Available,Available,1,Not Available,Not Available
S0540,TINZIRING GOVERNMENT PRIMARY SCHOOL,Not Available,0,Available,2,Available,Available,1,Not Available,Available
S0986,"E-KIDS SCHOOL, MELLI CHALISAY",Not Available,0,Available,1,Not Available,Available,1,Not Available,Not Available
S0922,"GOOD STARS ACADEMY, PHADAMCHEN",Not Available,0,Available,1,Not Available,Not Available,0,Not Available,Not Available
S0275,SALLEY GOVERNMENT PRIMARY SCHOOL,Not Available,0,Available,2,Available,Available,1,Not Available,Not Available
S0376,SEPI GOVERNMENT PRIMARY SCHOOL,Not Available,0,Available,2,Not Available,Not Available,0,Not Available,Available
S0561,SAMROK GOVERNMENT JUNIOR HIGH SCHOOL,Not Available,0,Not Available,0,Not Available,Not Available,0,Not Available,Not Available
S0616,MAMRING GOVERNMENT JUNIOR HIGH SCHOOL,Not Available,0,Available,2,Not Available,Not Available,0,Not Available,Not Available
S1020,"NOBLE ENGLISH SCHOOL, MANGALBARIA",Available,500,Available,2,Not Available,Available,1,Available,Available
S0784,GUMPA DARA GOVERNMENT PRIMARY SCHOOL,Not Available,0,Available,2,Not Available,Available,1,Not Available,Not Available
S1050,"POLE STAR ENGLISH SCHOOL, HEE BAZAR",Available,88,Available,2,Not Available,Not Available,0,Not Available,Available
S0758,SOKPAY GOVERNMENT JUNIOR HIGH SCHOOL,Not Available,0,Available,4,Not Available,Available,1,Not Available,Not Available
S0011,LACHEN GOVERNMENT SECONDARY SCHOOL,Not Available,0,Available,6,Available,Available,1,Not Available,Not Available
S0152,BANDAY GOVERNMENT PRIMARY SCHOOL,Available,30,Not Available,0,Available,Not Available,0,Not Available,Not Available
S0305,REYTHANG GOVERNMENT PRIMARY SCHOOL,Available,60,Available,1,Available,Not Available,0,Not Available,Not Available
S0251,MUKRUNG GOVERNMENT SECONDARY SCHOOL,Available,0,Available,6,Not Available,Available,1,Available,Not Available
S0254,KHECHUPERI GOVERNMENT SENIOR SECONDARY SCHOOL,Available,0,Available,5,Available,Available,1,Not Available,Not Available
S0335,MIDDLE CHONGRANG GOVERNMENT JUNIOR HIGH SCHOOL,Not Available,0,Available,2,Available,Not Available,0,Not Available,Not Available
S0526,UPPER KAMLING GOVERNMENT PRIMARY SCHOOL,Not Available,0,Available,2,Not Available,Not Available,0,Not Available,Not Available
S0103,KATARBOTEY GOVERNMENT PRIMARY SCHOOL,Available,0,Available,2,Available,Available,1,Available,Available
S1026,"SNOW DROPS ACADEMY, NAMGOAN",Not Available,0,Available,2,Available,Not Available,0,Not Available,Not Available
S0615,KITCHU-DUMRA GOVERNMENT PRIMARY SCHOOL,Not Available,0,Available,2,Available,Available,1,Available,Not Available
S0137,SAKHU KHANI GOVERNMENT PRIMARY SCHOOL,Available,0,Available,2,Not Available,Not Available,0,Not Available,Not Available
S0731,BUKSOM GOVERNMENT PRIMARY SCHOOL,Not Available,0,Available,2,Available,Not Available,0,Not Available,Not Available
S0830,"SHALOM ACADEMY, NAMCHI",Not Available,0,Available,2,Available,Available,1,Not Available,Available
S1184,"SARASWATI VIDHYA NIKETAN, TANAK",Not Available,0,Available,1,Not Available,Not Available,0,Not Available,Not Available
S0303,GYANODAYA GOVERNMENT PRIMARY SCHOOL,Not Available,0,Available,2,Available,Available,1,Not Available,Not Available
S0405,MANIRAM GOVERNMENT SECONDARY SCHOOL,Available,459,Available,6,Available,Available,1,Available,Not Available
S0978,"ST. JOSEPH S SCHOOL, MANGAN",Not Available,0,Available,2,Not Available,Available,1,Available,Not Available
S0269,SAKYONG GOVERNMENT SECONDARY SCHOOL,Not Available,0,Not Available,0,Available,Available,1,Not Available,Not Available
S0182,NAZITAM GOVERNMENT PRIMARY SCHOOL,Not Available,0,Available,2,Not Available,Not Available,0,Not Available,Not Available
S0337,RUPSANG GOVERNMENT PRIMARY SCHOOL,Not Available,0,Available,2,Available,Available,1,Not Available,Not Available
S0397,BERMIOK TOKAL GOVERNMENT SENIOR SECONDARY SCHOOL,Available,0,Available,1,Available,Available,0,Not Available,Not Available
S1478,HOPE ACADEMY,Not Available,0,Not Available,0,Available,Not Available,0,Not Available,Not Available
S0466,DIKCHU GOVERNMENT SENIOR SECONDARY SCHOOL,Available,0,Available,5,Available,Available,1,Not Available,Not Available
S0178,AGRIGAON GOVERNMENT PRIMARY SCHOOL,Available,60,Available,2,Not Available,Available,1,Not Available,Not Available
S0609,LOWER NANDUGOAN GOVERNMENT PRIMARY SCHOOL,Not Available,0,Available,2,Available,Not Available,0,Not Available,Not Available
S0373,UPPER MANGNAM GOVERNMENT PRIMARY SCHOOL,Available,20,Available,2,Not Available,Available,1,Not Available,Available
S0051,GNON GOVERNMENT PRIMARY SCHOOL,Not Available,0,Available,0,Available,Available,1,Not Available,Not Available
S0716,SADAM GOVERNMENT SENIOR SECONDARY SCHOOL,Available,150,Available,0,Not Available,Available,1,Available,Not Available
S0280,LANGANG GOVERNMENT SECONDARY SCHOOL,Not Available,0,Available,4,Available,Available,1,Not Available,Not Available
S1082,"SARASWATI VIDYALAYA, GYALSHING",Not Available,0,Available,1,Not Available,Not Available,0,Not Available,Available
S0075,RARICK GOVERNMENT PRIMARY SCHOOL,Not Available,0,Available,0,Not Available,Not Available,0,Not Available,Not Available
S0837,"KINCHIN CASTLE ACADEMY, SINGTHANG",Not Available,0,Available,1,Not Available,Available,1,Not Available,Available
S1237,SANGAM ACADEMY,Not Available,0,Available,2,Not Available,Not Available,0,Not Available,Not Available
S1244,"KUSHANG MEMORIAL ENGLISH SCHOOL, THARPU",Not Available,0,Not Available,0,Not Available,Not Available,0,Not Available,Available
S0736,BOOM RESHI GOVERNMENT JUNIOR HIGH SCHOOL,Not Available,0,Available,2,Not Available,Not Available,0,Not Available,Not Available
S0730,JAUBARI GOVERNMENT PRIMARY SCHOOL,Available,53,Available,2,Available,Available,1,Not Available,Not Available
S0035,LOWER MANGSHILA GOVERNMENT PRIMARY SCHOOL(JHUSING),Not Available,0,Available,1,Not Available,Available,1,Not Available,Not Available
S1126,"SARASWATI SISHU VIDHYALAYA, LUNGCHOK",Not Available,0,Not Available,0,Available,Not Available,0,Not Available,Not Available
S0188,BIRASPATI PARSAI GOVERNMENT SENIOR SECONDARY SCHOOL,Available,800,Available,4,Available,Available,1,Not Available,Not Available
S0545,CHITTRAY GOVERNMENT PRIMARY SCHOOL,Available,35,Available,2,Available,Not Available,0,Available,Available
S0750,MIDDLE TAKUTHANG GOVERNMENT PRIMARY SCHOOL,Not Available,0,Available,2,Not Available,Available,1,Not Available,Not Available
S0078,MENRONGRONG GOVERNMENT PRIMARY SCHOOL,Not Available,0,Available,2,Available,Available,1,Available,Not Available
S0221,SANGKHOLA GOVERNMENT PRIMARY SCHOOL,Not Available,0,Available,2,Available,Available,1,Not Available,Not Available
S0424,LEGSHIP-HINGDAM GOVERNMENT JUNIOR HIGH SCHOOL,Not Available,0,Available,0,Available,Not Available,0,Not Available,Not Available
S0201,DIPUDARA GOVERNMENT PRIMARY SCHOOL,Available,128,Available,2,Available,Available,1,Not Available,Not Available
S0620,CHALLAMTHANG GOVERNMENT JUNIOR HIGH SCHOOL,Not Available,0,Available,3,Available,Available,1,Not Available,Not Available
S0099,CENTRAL PENDAM GOVERNMENT SENIOR SECONDARY SCHOOL,Available,0,Available,5,Available,Available,2,Not Available,Available
S0474,TARPIN GOVERNMENT SECONDARY SCHOOL,Not Available,0,Available,4,Available,Available,1,Available,Not Available
S0079,LONGBU GOVERNMENT PRIMARY SCHOOL,Not Available,0,Not Available,0,Not Available,Available,1,Not Available,Not Available
S1029,"WISDOM ACADEMY, SREEBADAM",Available,180,Not Available,0,Not Available,Available,1,Not Available,Not Available
S0637,RANKEY GOVERNMENT PRIMARY SCHOOL,Not Available,0,Available,2,Available,Available,1,Not Available,Not Available
S0737,PARENGAON GOVERNMENT PRIMARY SCHOOL,Not Available,0,Available,2,Available,Not Available,0,Not Available,Not Available
S0843,"ENLIGHTENED EDUCATIONAL INSTITUTE , ASSANGTHANG",Available,150,Available,1,Available,Available,1,Not Available,Not Available
S0030,GNON SANGDONG GOVERNMENT JUNIOR HIGH SCHOOL,Available,0,Available,2,Available,Available,1,Not Available,Not Available
S0588,SIKTAM GOVERNMENT PRIMARY SCHOOL,Not Available,0,Available,0,Available,Available,1,Not Available,Not Available
S0984,"GISELA ENGLISH MEDIUM SCHOOL, RANG RANG",Available,0,Available,1,Available,Available,1,Available,Available
S1259,"KENDRIYA VIDYALAYA NHPC, SINGTAM",Available,5932,Available,1,Available,Available,1,Available,Available
S0214,CHONGAYTAR GOVERNMENT PRIMARY SCHOOL,Available,20,Available,2,Not Available,Not Available,0,Not Available,Not Available
S0426,TINGLEY GOVERNMENT SECONDARY SCHOOL,Not Available,0,Not Available,0,Available,Available,1,Not Available,Available
S0007,GAIREE GOVERNMENT PRIMARY SCHOOL(SSA),Available,6,Available,1,Not Available,Not Available,0,Not Available,Not Available
S0677,TARNIM GOVERNMENT PRIMARY SCHOOL NEW 2010,Not Available,0,Not Available,0,Not Available,Not Available,0,Not Available,Not Available
S0398,JERMAN LEPCHA GOVERNMENT SECONDARY SCHOOL,Not Available,0,Available,5,Available,Available,1,Available,Not Available
S1089,"MODEL ENGLISH SCHOOL , RESHI",Not Available,0,Available,1,Not Available,Available,1,Not Available,Not Available
S0834,"ST. FRANCIS SCHOOL, JORETHANG",Available,2022,Available,11,Available,Available,2,Available,Available
S1035,"GOOD SHEPHERD NURSERY SCHOOL , YUKSAM",Not Available,0,Available,0,Not Available,Available,1,Not Available,Not Available
S0392,NANDUGAON GOVERNMENT SENIOR SECONDARY SCHOOL,Available,0,Available,5,Available,Available,1,Not Available,Not Available
C1371,"SIKKIM GOVT. COLLEGE, RHENOCK",Not Available,0,Not Available,0,Not Available,Not Available,0,Not Available,Not Available
S0312,BOOM MELLI GOVERNMENT PRIMARY SCHOOL,Not Available,0,Available,2,Not Available,Available,1,Not Available,Not Available
S0090,BASILAKHA GOVERNMENT PRIMARY SCHOOL,Available,0,Not Available,0,Available,Available,1,Not Available,Not Available
S0734,LOWER SANGADORJEE GOVERNMENT PRIMARY SCHOOL,Not Available,0,Not Available,0,Available,Not Available,0,Not Available,Not Available
S0349,LOWER SULDUNG GOVERNMENT PRIMARY SCHOOL,Not Available,0,Available,2,Available,Available,1,Not Available,Not Available
S0024,CHATEN GOVERNMENT PRIMARY SCHOOL,Not Available,0,Available,1,Available,Not Available,0,Not Available,Not Available
S1043,TASHIDING ENGLISH SCHOOL (P.S),Not Available,0,Not Available,0,Not Available,Not Available,0,Not Available,Not Available
S0957,"SMT. GANDHI MEMORIAL SCHOOL, KAZI ROAD",Available,50,Available,2,Available,Available,1,Available,Not Available
S0735,BIGYANI GOVERNMENT PRIMARY SCHOOL,Not Available,0,Available,2,Not Available,Not Available,0,Not Available,Not Available
S0966,"MOUNT EVEREST ACADEMY, CHUNGTHANG",Not Available,0,Not Available,0,Not Available,Not Available,0,Not Available,Not Available
S0408,PABONG GOVERNMENT SECONDARY SCHOOL,Not Available,0,Available,1,Available,Available,1,Available,Not Available
S0260,CHUMBONG GOVERNMENT SECONDARY SCHOOL,Not Available,0,Available,5,Not Available,Available,1,Not Available,Not Available
S1174,"MERRY KIDS ENGLISH SCHOOL, MANGAN",Available,100,Available,1,Available,Available,1,Not Available,Available
S0523,BORONG GOVERNMENT SECONDARY SCHOOL,Available,0,Available,6,Available,Available,1,Not Available,Available
S1424,"HEBRON ACADEMY, DENCHUNG",Available,100,Available,2,Available,Available,1,Available,Not Available
S0599,DAMTHANG GOVERNMENT SECONDARY SCHOOL,Available,1041,Available,5,Available,Available,1,Not Available,Not Available
S0121,PHADAMCHEN GOVERNMENT SECONDARY SCHOOL,Available,220,Available,5,Available,Available,1,Not Available,Not Available
S1385,"RISING STAR NURSERY SCHOOL, UPPER TINTEK",Not Available,0,Not Available,0,Not Available,Not Available,0,Not Available,Not Available
S0506,LOWER SYARI GOVERNMENT SECONDARY SCHOOL,Not Available,0,Available,7,Not Available,Available,1,Not Available,Not Available
S0576,RANGANG GOVERNMENT PRIMARY SCHOOL,Not Available,0,Available,2,Available,Not Available,0,Not Available,Not Available
S0428,MAMLEY GOVERNMENT JUNIOR HIGH SCHOOL,Available,243,Available,2,Available,Available,1,Available,Not Available
S0557,ANDEN GOVERNMENT PRIMARY SCHOOL,Not Available,0,Available,2,Available,Available,1,Not Available,Not Available
S0411,DEYTHANG GOVERNMENT JUNIOR HIGH SCHOOL (S),Available,110,Available,3,Available,Available,1,Not Available,Not Available
S1208,"GREEN FIELD JUNIOR HIGH SCHOOL, NAMTHANG",Available,150,Available,1,Available,Not Available,0,Not Available,Available
S0823,EBENEZER ACADEMY,Available,150,Not Available,0,Not Available,Not Available,0,Not Available,Available
S0003,PHODONG GOVERNMENT SENIOR SECONDARY SCHOOL,Available,558,Available,7,Available,Available,1,Not Available,Available
S0293,TOYANG GOVERNMENT PRIMARY SCHOOL,Available,8,Available,1,Available,Available,1,Not Available,Not Available
S0284,PHUNCHEBONG GOVERNMENT PRIMARY SCHOOL,Not Available,0,Available,1,Not Available,Not Available,0,Not Available,Not Available
S0544,UPPER GERETHANG GOVERNMENT JUNIOR HIGH SCHOOL,Not Available,0,Not Available,0,Available,Available,1,Not Available,Not Available
S0247,BHASMEY GOVERNMENT JUNIOR HIGH SCHOOL,Available,222,Available,5,Available,Available,1,Not Available,Not Available
S0882,"MAYAL ENGLISH MEDIUM SCHOOL, LINGDOK",Available,130,Available,1,Available,Not Available,0,Not Available,Not Available
S0732,BHANJYANG DARA GOVERNMENT PRIMARY SCHOOL,Available,31,Available,0,Available,Not Available,0,Not Available,Not Available
S0154,CHUJACHEN LUNGCHOK GOVERNMENT PRIMARY SCHOOL,Available,80,Available,2,Available,Available,1,Not Available,Not Available
S0974,"PALKHANG ACADEMY, NAMNANG",Available,0,Available,2,Available,Available,1,Available,Available
S0573,LOWER BROOM GOVERNMENT PRIMARY SCHOOL,Not Available,0,Available,2,Not Available,Not Available,0,Not Available,Not Available
S0445,TEK GOVERNMENT PRIMARY SCHOOL,Not Available,0,Available,2,Available,Available,1,Not Available,Available
S0323,LOWER BERMIOK GOVERNMENT SECONDARY SCHOOL,Available,150,Available,4,Available,Available,1,Not Available,Not Available
S1116,"SARASWATI VIDYA NIKETAN, MIDDLE GYALSHING",Not Available,0,Not Available,0,Not Available,Not Available,0,Not Available,Available
S0173,RHENOCK KHAMDONG GOVERNMENT JUNIOR HIGH SCHOOL,Available,365,Available,2,Available,Available,1,Available,Not Available
S0571,DARAKHARKA GOVERNMENT PRIMARY SCHOOL,Not Available,0,Available,2,Available,Not Available,0,Not Available,Not Available
S0261,PANGTHANG SAP GOVERNMENT PRIMARY SCHOOL,Not Available,0,Not Available,0,Available,Available,1,Not Available,Not Available
S0087,CENTRAL PATUK GOVERNMENT PRIMARY SCHOOL,Available,20,Available,2,Available,Available,1,Not Available,Not Available
S0420,UPPER JAUBARI GOVERNMENT JUNIOR HIGH SCHOOL,Available,100,Available,4,Available,Available,1,Not Available,Not Available
S0094,AMBA GOVERNMENT SECONDARY SCHOOL,Not Available,0,Available,5,Available,Available,1,Not Available,Not Available
S0210,DARING LINGZEY GOVERNMENT PRIMARY SCHOOL,Available,12,Available,1,Not Available,Available,1,Not Available,Not Available
S0022,NADAY GOVERNMENT PRIMARY SCHOOL,Not Available,0,Available,2,Available,Not Available,0,Not Available,Not Available
S0274,MAJUWA GOVERNMENT PRIMARY SCHOOL(WEST),Not Available,0,Available,1,Not Available,Not Available,0,Not Available,Not Available
S0710,RUNGDU GOVERNMENT PRIMARY SCHOOL,Not Available,0,Available,2,Available,Not Available,0,Not Available,Not Available
S0009,MANGAN GOVERNMENT SENIOR SECONDARY SCHOOL,Available,3000,Available,5,Available,Available,2,Not Available,Not Available
S1129,"EVERSHINE ACADEMY, CHUBA",Not Available,0,Not Available,0,Not Available,Not Available,0,Not Available,Not Available
S0149,PASTING GOVERNMENT PRIMARY SCHOOL,Available,10,Not Available,0,Available,Available,1,Not Available,Not Available
S1124,"TRINITY SCHOOL, SRIBADAM",Available,1000,Available,1,Not Available,Available,1,Not Available,Available
S0844,"NEW BUDS ACADEMY, JORETHANG",Available,1000,Available,4,Not Available,Available,0,Not Available,Available
S0709,HEE YANGTHANG GOVERNMENT SENIOR SECONDARY SCHOOL,Not Available,0,Not Available,0,Available,Available,2,Not Available,Available
S0643,UPPER RAYONG GOVERNMENT PRIMARY SCHOOL,Available,0,Not Available,0,Available,Available,1,Not Available,Not Available
S1112,"BLOOMING BUDS ACADEMY, KOPCHEY SUDUNGLAKHA",Available,10,Not Available,0,Available,Not Available,0,Not Available,Not Available
S1258,"LITTLE STARS ACADEMY, DOKCHEN",Not Available,0,Not Available,0,Available,Not Available,0,Not Available,Not Available
S0854,SARASWATI SISHU MANDIR PACHEKHANI,Not Available,0,Not Available,0,Available,Available,1,Not Available,Not Available
S0108,AHO-YANGTAM GOVERNMENT PRIMARY SCHOOL,Not Available,0,Available,2,Available,Available,1,Not Available,Not Available
S0851,"PADMA KUMARI PUBLIC SCHOOL, DUGA",Available,0,Not Available,0,Not Available,Not Available,0,Not Available,Not Available
S1390,PARSURAM MEMORIAL ACADEMY,Not Available,0,Available,1,Not Available,Available,1,Not Available,Not Available
S0462,RAKDONG SOKPAY GOVERNMENT PRIMARY SCHOOL,Not Available,0,Available,2,Available,Not Available,0,Not Available,Not Available
S1374,"D.A.V. PUBLIC SCHOOL, RANGIT NAGAR",Available,3150,Available,3,Available,Available,2,Available,Available
S0741,LOWER KARTHOK GOVERNMENT PRIMARY SCHOOL,Not Available,0,Available,2,Available,Available,1,Not Available,Not Available
S0869,"RADIANT STAR ACADEMY, SINGTAM",Available,800,Available,2,Available,Available,1,Available,Available
S0919,"SARASWATI SISHU VIDYALAYA, DALAPCHAND",Available,10,Not Available,0,Not Available,Available,1,Not Available,Not Available
S0163,CHANGEYLAKHA GOVERNMENT PRIMARY SCHOOL,Not Available,0,Available,2,Available,Not Available,0,Not Available,Not Available
S0651,DONAK GOVERNMENT PRIMARY SCHOOL,Not Available,0,Available,2,Not Available,Available,1,Not Available,Not Available
S1049,"PHULMOTI MEMORIAL UNIVERSAL SMART ACADEMY, BANDUKEY",Not Available,0,Not Available,0,Not Available,Available,1,Not Available,Available
S1241,"ST. PETER ENGLISH SCHOOL, SUMBUK",Not Available,0,Not Available,0,Not Available,Not Available,0,Not Available,Not Available
S0478,TINTEK SARASWATI GOVERNMENT PRIMARY SCHOOL,Not Available,0,Available,2,Not Available,Available,1,Not Available,Not Available
S1077,"LILIUM ACADEMY, SINGLING",Available,300,Available,1,Available,Available,1,Not Available,Available
S0894,"KIDS WORLD SCHOOL, PENLONG",Available,100,Available,1,Available,Available,1,Not Available,Available
S0457,DOCHUM GOVERNMENT JUNIOR HIGH SCHOOL,Available,0,Not Available,0,Not Available,Not Available,0,Not Available,Not Available
S0122,AHO-KISHAN GOVERNMENT SECONDARY SCHOOL,Available,0,Available,4,Available,Available,1,Not Available,Not Available
S1212,"CANAAN SCHOOL, RANIPOOL",Not Available,0,Available,3,Not Available,Not Available,0,Not Available,Not Available
S0341,MANGSARI GOVERNMENT JUNIOR HIGH SCHOOL,Not Available,0,Not Available,0,Available,Available,1,Not Available,Not Available
S0098,POSAKEY GOVERNMENT PRIMARY SCHOOL,Not Available,0,Available,2,Not Available,Available,1,Not Available,Not Available
S0505,SAMLIK MARCHAK GOVERNMENT JUNIOR HIGH SCHOOL,Not Available,0,Available,2,Available,Available,1,Not Available,Not Available
S0304,DARAPTHANG GOVERNMENT JUNIOR HIGH SCHOOL,Not Available,0,Available,2,Not Available,Not Available,0,Not Available,Not Available
S0052,LAVEN GOVERNMENT PRIMARY SCHOOL,Not Available,0,Available,1,Available,Available,1,Not Available,Not Available
S0739,TAFEL GOVERNMENT PRIMARY SCHOOL,Not Available,0,Available,2,Not Available,Not Available,0,Not Available,Not Available
S0385,KARTIKEY GOVERNMENT JUNIOR HIGH SCHOOL,Available,109,Available,4,Available,Available,1,Not Available,Not Available
S0109,MARTAM YANGTHANG GOVERNMENT JUNIOR HIGH SCHOOL,Available,494,Available,4,Available,Available,1,Not Available,Not Available
S0482,TINTEK CHUBA GOVERNMENT PRIMARY SCHOOL,Available,57,Not Available,0,Available,Available,1,Not Available,Not Available
S0719,CHUBA GOVERNMENT SECONDARY SCHOOL (S),Not Available,0,Not Available,0,Available,Available,1,Not Available,Not Available
S0687,DOZAK GOVERNMENT JUNIOR HIGH SCHOOL,Not Available,0,Not Available,0,Available,Not Available,0,Not Available,Available
S1201,"LITTLE ANGELS ACADEMY, LOWER NAMPHING",Not Available,0,Available,1,Not Available,Not Available,0,Not Available,Not Available
S0028,RINGHIM GOVERNMENT SECONDARY SCHOOL,Available,80,Available,0,Available,Available,1,Not Available,Not Available
S0999,"SOUTH POINT ACADEMY, YANGYANG",Not Available,0,Available,1,Not Available,Available,1,Not Available,Not Available
S1379,"BRIGHT LIFE ACADEMY, SAKYONG",Not Available,0,Available,1,Available,Available,1,Not Available,Not Available
S0096,PATUK CHANDEY GOVERNMENT JUNIOR HIGH SCHOOL,Not Available,0,Not Available,0,Available,Available,1,Not Available,Not Available
S0047,NAMOK GOVERNMENT JUNIOR HIGH SCHOOL,Available,530,Available,1,Available,Available,1,Not Available,Not Available
S0059,RAMTHANG GOVERNMENT PRIMARY SCHOOL,Not Available,0,Available,2,Not Available,Not Available,0,Not Available,Not Available
S0816,"ROYAL ACADEMY, CHISOPANI",Available,100,Available,0,Not Available,Available,1,Not Available,Available
S1051,"SUN RISE ACADEMY, BEGHA",Available,250,Available,1,Not Available,Available,1,Not Available,Not Available
S0237,4TH MILE GOVERNMENT JUNIOR HIGH SCHOOL,Not Available,0,Available,2,Not Available,Not Available,0,Not Available,Not Available
S0902,"SEVENTH DAY ADVENTIST MISSION SCHOOL, RHENOCK",Available,50,Not Available,0,Available,Not Available,0,Not Available,Available
S0300,BAJEK GOVERNMENT JUNIOR HIGH SCHOOL,Not Available,0,Available,2,Not Available,Available,1,Not Available,Not Available
S0365,SUNTALEY GOVERNMENT PRIMARY SCHOOL,Not Available,0,Available,2,Not Available,Available,1,Not Available,Not Available
S0528,SAPREY-NAGI GOVERNMENT PRIMARY SCHOOL,Available,25,Available,2,Not Available,Available,1,Not Available,Not Available
S0440,LOWER GOAM GOVERNMENT PRIMARY SCHOOL,Not Available,0,Not Available,0,Not Available,Not Available,0,Not Available,Not Available
S0074,PHODONG GUMPA GOVERNMENT PRIMARY SCHOOL,Not Available,0,Available,0,Available,Not Available,0,Not Available,Not Available
S1470,MANJUSRI PUBLIC SCHOOL,Available,3000,Available,1,Available,Available,1,Not Available,Available
S1219,"MOUNT CARMEL ACADEMY, DEORALI",Not Available,0,Available,1,Not Available,Available,1,Not Available,Not Available
S1228,"ANNES HOUSE ENGLISH SCHOOL, PELLING",Not Available,0,Not Available,0,Not Available,Not Available,0,Not Available,Not Available
S0235,DOKSING GOVERNMENT PRIMARY SCHOOL,Not Available,0,Available,2,Not Available,Available,1,Not Available,Not Available
S0654,BIKMAT GOVERNMENT SECONDARY SCHOOL,Available,200,Available,4,Available,Available,1,Not Available,Not Available
S1117,"VIDYA SAGAR ACADEMY, LEGSHIP",Available,15,Available,1,Not Available,Available,1,Not Available,Available
S1191,"EVERSHINE ACADEMY, GUMPA GHURPISEY",Not Available,0,Available,0,Not Available,Available,1,Available,Available
S1093,"LITTLE ANGEL ACADEMY , PIPALAY",Not Available,0,Available,0,Available,Not Available,0,Not Available,Not Available
S0631,LAMATEN GOVERNMENT PRIMARY SCHOOL,Not Available,0,Available,2,Not Available,Not Available,0,Not Available,Not Available
S0290,KARJEE GOVERNMENT SECONDARY SCHOOL,Not Available,0,Available,4,Not Available,Not Available,0,Not Available,Not Available
S1447,SHUBHASAI INSTITUTE OF ELEMENTARY EDUCATION,Available,30,Available,1,Available,Available,1,Not Available,Available
S0903,"ANSHU ACADEMY, DIPUDARA",Not Available,0,Not Available,0,Not Available,Available,3,Not Available,Not Available
S0489,SAMALINGDUM GOVERNMENT JUNIOR HIGH SCHOOL,Available,150,Available,3,Available,Available,1,Not Available,Not Available
S0964,"SYARI MODEL SCHOOL, SYARI",Available,100,Available,1,Not Available,Available,1,Available,Available
S0132,SINGTAM GOVERNMENT SENIOR SECONDARY SCHOOL,Available,1033,Available,5,Available,Available,1,Not Available,Available
S0348,HEE-PECHREAK GOVERNMENT PRIMARY SCHOOL,Not Available,0,Available,2,Available,Available,1,Not Available,Not Available
S0497,BARAPATHING GOVERNMENT JUNIOR HIGH SCHOOL,Not Available,0,Available,2,Available,Available,1,Not Available,Not Available
S0244,PADAMCHEY GOVERNMENT SECONDARY SCHOOL,Not Available,0,Available,5,Available,Not Available,0,Not Available,Not Available
S0562,KATENG DINGTAR GOVERNMENT PRIMARY SCHOOL,Not Available,0,Available,1,Not Available,Not Available,0,Not Available,Not Available
S0536,CHAKUNG GOVERNMENT SENIOR SECONDARY SCHOOL,Not Available,0,Available,5,Available,Available,1,Not Available,Not Available
S0508,WEST POINT GOVERNMENT SENIOR SECONDARY SCHOOL,Available,500,Available,5,Available,Available,2,Available,Not Available
S0522,BORONG DHARGOAN GOVERNMENT PRIMARY SCHOOL,Not Available,0,Not Available,0,Not Available,Not Available,0,Not Available,Available
S0874,"BETHEL ENGLISH SCHOOL, PARAKHA",Not Available,0,Available,1,Not Available,Not Available,0,Not Available,Not Available
S0650,HARRABOTEY GOVERNMENT PRIMARY SCHOOL,Not Available,0,Available,2,Not Available,Not Available,0,Not Available,Not Available
S0941,"BAHAI SECONDARY SCHOOL, TADONG",Available,6000,Available,5,Available,Available,1,Available,Available
S0860,"EAST POINT SENIOR SECONDARY SCHOOL, SINGTAM",Available,1000,Available,0,Available,Available,2,Not Available,Available
S1006,"SARASWATI SISHU VIDYALAYA, BEN ROLOK",Not Available,0,Not Available,0,Not Available,Not Available,0,Not Available,Not Available
S0073,MOLAM GOVERNMENT PRIMARY SCHOOL,Not Available,0,Available,2,Not Available,Available,1,Not Available,Not Available
S1106,"HIMALAYAN ACADEMY , SORENG",Available,1265,Available,3,Available,Available,1,Not Available,Available
S0560,UPPER NEH GOVERNMENT PRIMARY SCHOOL,Not Available,0,Available,2,Not Available,Available,1,Not Available,Not Available
S1221,"MOUNT PANDIM PRISTINE ACADEMY, HEE GYATHANG",Available,20,Available,1,Available,Available,1,Available,Available
S0480,SAMTAR GOVERNMENT PRIMARY SCHOOL,Not Available,0,Available,2,Not Available,Available,1,Not Available,Not Available
S0912,"SINGALILA ACADEMY, SINGTAM",Available,87,Not Available,0,Not Available,Available,1,Not Available,Available
S0265,KYONGSA GIRLS GOVERNMENT SENIOR SECONDARY SCHOOL,Not Available,0,Not Available,0,Available,Available,1,Not Available,Available
S0517,GELLING GOVERNMENT SECONDARY SCHOOL,Available,300,Available,0,Available,Available,1,Not Available,Not Available
S0124,CHUJACHEN GOVERNMENT SENIOR SECONDARY SCHOOL,Available,255,Not Available,0,Available,Available,1,Not Available,Not Available
S0924,"BOSKO ENGLISH SCHOOL,LINGTAM DIKLING",Not Available,0,Available,1,Available,Available,1,Not Available,Not Available
S0456,CHIYADARA GOVERNMENT PRIMARY SCHOOL,Not Available,0,Available,2,Available,Available,1,Not Available,Not Available
S0861,"GREENVALE ACADENY, MACHONG",Available,185,Not Available,0,Not Available,Not Available,0,Not Available,Not Available
S0682,ANITHANG GOVERNMENT PRIMARY SCHOOL,Not Available,0,Available,2,Not Available,Not Available,0,Not Available,Not Available
S0836,"ST. PAUL SCHOOL, NAMTHANG",Available,0,Available,1,Available,Not Available,0,Not Available,Available
S0712,HEE-MAJHGAON GOVERNMENT PRIMARY SCHOOL,Available,20,Available,2,Available,Available,1,Not Available,Not Available
S0761,SINGTAM PALLUM GOVERNMENT PRIMARY SCHOOL,Available,0,Available,2,Available,Available,1,Not Available,Not Available
S0358,UPPER PAKKIGAON GOVERNMENT PRIMARY SCHOOL,Available,21,Available,2,Available,Available,1,Not Available,Not Available
S0524,JAMBUDARA GOVERNMENT PRIMARY SCHOOL,Available,0,Available,2,Available,Available,1,Not Available,Not Available
S0224,MARCHAK CHUTEN GOVERNMENT PRIMARY SCHOOL,Not Available,0,Available,2,Available,Available,1,Not Available,Not Available
S0768,SAWNEY GOVERNMENT PRIMARY SCHOOL,Not Available,0,Available,1,Available,Available,1,Not Available,Not Available
S1207,NEW LIGHT ACADEMY NAMCHI,Not Available,0,Not Available,0,Not Available,Not Available,0,Not Available,Not Available
S1109,"SARASWATI VIDYA NIKETAN, AAM GACHI TUMIN",Not Available,0,Not Available,0,Not Available,Available,1,Not Available,Not Available
S1382,NOTRE DAMME ACADEMY,Available,12,Available,1,Available,Available,1,Available,Available
S1377,KIDDIES UNIQUE ACADEMY,Not Available,0,Not Available,0,Not Available,Not Available,0,Not Available,Not Available
S1105,"MAGNOLIA ENGLISH SCHOOL, YANGTHONG/KARTHOK",Not Available,0,Not Available,0,Not Available,Available,1,Not Available,Not Available
S0441,BHANJYANG GOVERNMENT PRIMARY SCHOOL,Not Available,0,Available,2,Available,Available,1,Not Available,Not Available
S0125,MULUKEY GOVERNMENT JUNIOR HIGH SCHOOL,Not Available,0,Available,3,Available,Available,1,Not Available,Not Available
S0292,RAMITEY GOVERNMENT PRIMARY SCHOOL,Available,30,Available,2,Available,Not Available,0,Not Available,Not Available
S0271,LEGSHIP GOVERNMENT SENIOR SECONDARY SCHOOL,Not Available,0,Available,5,Available,Available,1,Not Available,Not Available
S0361,OKHERBOTAY GOVERNMENT PRIMARY SCHOOL (W),Not Available,0,Available,2,Available,Not Available,0,Not Available,Not Available
S0929,"PALZOR NAMGYAL GIRLS SCHOOL, GANGTOK",Available,5000,Not Available,0,Available,Available,3,Not Available,Available
S1102,"MOUNT OLIVES SCHOOL, CHAKUNG",Not Available,0,Not Available,0,Not Available,Available,1,Not Available,Not Available
S0442,BEN PEKU GOVERNMENT PRIMARY SCHOOL,Not Available,0,Available,2,Available,Available,1,Not Available,Not Available
S0389,BEN GOVERNMENT SECONDARY SCHOOL,Not Available,0,Available,5,Available,Available,1,Not Available,Available
S0186,GANGYAP GOVERNMENT PRIMARY SCHOOL (E),Not Available,0,Available,5,Available,Available,1,Not Available,Not Available
S0471,SUBITHANG GOVERNMENT PRIMARY SCHOOL,Not Available,0,Available,2,Not Available,Not Available,0,Not Available,Not Available
S1073,"SAINT GYANDIL ACADEMY, GELLING-SAMSING",Not Available,0,Available,0,Not Available,Not Available,0,Available,Not Available
S0272,PAKKIGAON GOVERNMENT SECONDARY SCHOOL,Not Available,0,Available,0,Available,Available,1,Not Available,Not Available
S0379,RADU GOVERNMENT JUNIOR HIGH SCHOOL,Not Available,0,Available,2,Not Available,Not Available,0,Not Available,Not Available
S1206,JAWAHARLAL NEHRU MEMORIAL INST. FOR HANDICAPPED BOOMTAR,Available,0,Not Available,0,Not Available,Available,1,Not Available,Not Available
S1261,ROLU MANPUR GOVERNMENT PRIMARY SCHOOL,Available,29,Not Available,0,Not Available,Not Available,0,Not Available,Not Available
S0937,ST. JOHNS SCHOOL JUNIOR HIGH SCHOOL,Available,600,Not Available,0,Not Available,Not Available,0,Not Available,Available
U1490,"ARTS COLLEGE, MANGSHILLA, NORTH SIKKIM",Not Available,0,Available,1,Available,Available,1,Not Available,Available
S0624,UPPER TANAK GOVERNMENT PRIMARY SCHOOL,Not Available,0,Available,1,Not Available,Not Available,0,Not Available,Not Available
S1031,"MODEL ENGLISH SCHOOL, SOMBARIA",Available,200,Available,1,Available,Not Available,0,Not Available,Available
S1163,"LIGHT OF LIFE ACADEMY, MELLI BAZAR",Available,200,Available,1,Available,Available,1,Not Available,Available
S0625,SUKRABAREY GOVERNMENT PRIMARY SCHOOL,Available,0,Available,2,Available,Available,1,Not Available,Not Available
S0114,BERING GOVERNMENT JUNIOR HIGH SCHOOL,Not Available,0,Available,5,Available,Not Available,0,Not Available,Not Available
S0467,LAXMINIKETAN VIDHYA MANDIR GOVERNMENT PRIMARY SCHOOL,Not Available,0,Available,2,Not Available,Available,1,Not Available,Not Available
S0416,RALANG LINGDING GOVERNMENT PRIMARY SCHOOL,Not Available,0,Available,2,Not Available,Available,1,Not Available,Not Available
S0238,KAIYONG GOVERNMENT PRIMARY SCHOOL,Not Available,0,Available,2,Available,Not Available,0,Not Available,Not Available
S1132,DARAMDIN PUBLIC SCHOOL,Not Available,0,Not Available,0,Not Available,Not Available,0,Not Available,Available
S0997,"LITTLE FLOWER SCHOOL, MANGAN",Not Available,0,Available,1,Not Available,Available,1,Not Available,Not Available
S1209,"LITTLE ANGEL ACADEMY, PERBING",Not Available,0,Not Available,0,Not Available,Not Available,0,Not Available,Not Available
S0518,BUDANG GOVERNMENT JUNIOR HIGH SCHOOL (W),Available,31,Available,5,Available,Available,1,Not Available,Not Available
S0928,"TINY TOTS SCHOOL, RANGPO",Available,400,Not Available,0,Available,Available,1,Not Available,Available
S0363,KONGRI GOVERNMENT PRIMARY SCHOOL,Not Available,0,Available,2,Available,Available,1,Not Available,Not Available
S1484,REVERINE ELEMENTARY SCHOOL,Available,0,Not Available,0,Not Available,Not Available,0,Not Available,Not Available
S1068,"SPRINGDALE ACADEMY, MABONG SIGENG",Available,250,Available,3,Available,Available,1,Available,Available
S1096,"SUN SHINE ACADEMY, TINZERBONG",Not Available,0,Not Available,0,Not Available,Available,1,Available,Not Available
S1012,"HOLY FAITH ENGLISH SCHOOL 14 MILE, RAVANGLA, KEWZING ROAD",Not Available,0,Not Available,0,Not Available,Not Available,0,Not Available,Not Available
S0390,SUNTALEY MAKARZONG GOVERNMENT PRIMARY SCHOOL,Not Available,0,Available,2,Available,Available,1,Not Available,Not Available
S0566,YANGANG GOVERNMENT SENIOR SECONDARY SCHOOL,Available,550,Available,2,Available,Available,2,Not Available,Not Available
S0876,NEW GARDEN BOARDING SCHOOL (SAJONG),Not Available,0,Not Available,0,Not Available,Not Available,0,Not Available,Available
S1125,"HILL BUDS ACADEMY, DEYTHANG",Available,1,Available,1,Available,Available,1,Not Available,Not Available
C1373,"ICFAI, GANGTOK",Not Available,0,Not Available,0,Not Available,Not Available,0,Not Available,Not Available
S1376,"ST.XAVIERS SCHOOL, NALAM KOLBUNG",Not Available,0,Not Available,0,Not Available,Not Available,0,Not Available,Not Available
S0494,ASSAM LINGZEY GOVERNMENT SENIOR SECONDARY SCHOOL,Available,1400,Available,9,Available,Available,2,Available,Available
S0396,KABREY GOVERNMENT SECONDARY SCHOOL,Available,150,Available,5,Not Available,Available,1,Available,Not Available
S0068,PENTONG GOVERNMENT PRIMARY SCHOOL,Not Available,0,Available,1,Available,Available,1,Not Available,Not Available
S0720,DEYTHANG GOVERNMENT JUNIOR HIGH SCHOOL (W),Not Available,0,Available,0,Available,Available,1,Not Available,Not Available
S1075,"DON BOSCO SCHOOL, MALBASEY",Available,0,Available,6,Available,Available,1,Available,Available
S1142,"MOUNT CARMEL SCHOOL, TURUK",Not Available,0,Not Available,0,Not Available,Not Available,0,Not Available,Not Available
S0983,"SANCTUARY ACADEMY, SIKIP",Not Available,0,Available,1,Available,Not Available,0,Not Available,Not Available
S0450,PERBING KHOP GOVERNMENT PRIMARY SCHOOL,Available,10,Available,2,Not Available,Available,1,Not Available,Not Available
S1122,"MOUNDEEP ACADEMY, JHUSINGTHANG",Available,35,Not Available,0,Not Available,Not Available,0,Not Available,Not Available
S0470,LOWER SAMDONG GOVERNMENT SECONDARY SCHOOL (EAST),Available,500,Available,5,Available,Available,1,Not Available,Not Available
S0479,TUMIN NAMRANG GOVERNMENT JUNIOR HIGH SCHOOL,Not Available,0,Available,4,Not Available,Available,1,Not Available,Not Available
S0597,POLITAM GOVERNMENT PRIMARY SCHOOL,Not Available,0,Available,2,Not Available,Available,1,Not Available,Not Available
S1238,"ST. PETERS SCHOOL, LINGEE",Not Available,0,Available,2,Not Available,Available,1,Not Available,Available
S0359,SAPUNG GOVERNMENT PRIMARY SCHOOL,Available,31,Available,2,Available,Available,1,Not Available,Not Available
S1101,"PANCHAKANYA ENGLISH SCHOOL, SORENG",Available,0,Available,1,Available,Available,1,Not Available,Available
S0630,TINGMOO BIRING GOVERNMENT PRIMARY SCHOOL,Available,27,Available,2,Not Available,Available,1,Not Available,Not Available
S1194,SUNSHINE ACADEMY,Not Available,0,Available,1,Not Available,Available,1,Not Available,Not Available
S0476,SAMDONG GOVERNMENT SENIOR SECONDARY SCHOOL,Available,0,Available,5,Available,Available,2,Available,Available
S0283,TIKJEK GOVERNMENT PRIMARY SCHOOL,Available,15,Available,2,Available,Available,1,Available,Not Available
S0899,"DHARMESHWARI SARASWATI VIDHYA NIKETAN, TAREYTHANG",Available,20,Available,2,Not Available,Available,1,Not Available,Not Available
S0533,LUNGYAM GOVERNMENT JUNIOR HIGH SCHOOL,Available,30,Available,2,Available,Not Available,0,Not Available,Not Available
S0742,HATHIDHUNGA GOVERNMENT SECONDARY SCHOOL,Available,170,Available,4,Available,Available,1,Available,Available
S1205,MOUNT SINAI ACADEMY,Not Available,0,Available,1,Available,Available,1,Not Available,Not Available
S0168,RABDANG CHOTANG GOVERNMENT PRIMARY SCHOOL,Available,13,Available,2,Not Available,Available,1,Not Available,Not Available
C1353,"SIKKIM GOVERNMENT DEGREE COLLEGE,TADONG",Available,0,Available,0,Available,Available,0,Available,Available
S0127,PACHEY-SAMSING GOVERNMENT PRIMARY SCHOOL,Not Available,0,Not Available,0,Available,Available,1,Not Available,Not Available
S0443,BUL GOVERNMENT PRIMARY SCHOOL,Not Available,0,Not Available,0,Available,Available,1,Not Available,Not Available
S0043,TANEK GOVERNMENT PRIMARY SCHOOL,Not Available,0,Available,2,Not Available,Not Available,0,Not Available,Not Available
S0988,"NORTH SIKKIM ACADEMY, MANGAN",Available,0,Available,4,Available,Available,2,Available,Available
S0222,REY MINDU GOVERNMENT JUNIOR HIGH SCHOOL,Not Available,0,Available,2,Available,Available,1,Not Available,Not Available
S0991,SARASWATI SISHU VIDYALAYA UPPER LINGMOO,Not Available,0,Not Available,0,Not Available,Not Available,0,Not Available,Not Available
S0755,RIMBIK GOVERNMENT SECONDARY SCHOOL,Available,50,Available,2,Available,Available,1,Available,Not Available
S1127,"VIDHYA BHARATI, MOONEW",Not Available,0,Not Available,0,Not Available,Not Available,0,Not Available,Not Available
C1491,"ARTS COLLEGE, MANGSHILLA, NORTH SIKKIM",Not Available,0,Available,1,Available,Available,1,Not Available,Available
S0388,NAMCHI GOVERNMENT SENIOR SECONDARY SCHOOL,Available,0,Available,3,Available,Available,2,Not Available,Not Available
S1202,"ST. STEPHENS SCHOOL, LUNGCHOK",Not Available,0,Available,1,Available,Not Available,0,Not Available,Not Available
S0190,CHEURIBOTEY GOVERNMENT JUNIOR HIGH SCHOOL (E),Available,120,Available,3,Available,Available,1,Not Available,Not Available
S0819,"BETHANY SCHOOL, KAZITAR NAMCHI",Not Available,0,Not Available,0,Not Available,Available,1,Available,Available
S1421,RAGHUNANDA SAPKOTA MEMORIAL SCHOOL,Not Available,0,Not Available,0,Available,Available,1,Not Available,Not Available
S0743,RINCHENPONG GOVERNMENT SECONDARY SCHOOL,Not Available,0,Available,2,Available,Available,1,Not Available,Not Available
S0909,"CHILDRENS WORLD ACADEMY, SANG",Available,60,Not Available,0,Not Available,Available,1,Not Available,Not Available
S0322,THINGLING-II GOVERNMENT PRIMARY SCHOOL,Available,0,Available,2,Not Available,Available,1,Not Available,Available
S0294,SINGLITAM GOVERNMENT PRIMARY SCHOOL,Not Available,0,Available,1,Available,Not Available,0,Not Available,Not Available
S0872,"DIVYA JYOTI SCHOOL, MAJITAR",Available,50,Available,3,Available,Available,1,Available,Available
S0738,UPPER CHUCHEN GOVERNMENT JUNIOR HIGH SCHOOL,Not Available,0,Available,1,Not Available,Available,1,Not Available,Not Available
S0239,TUMLABONG GOVERNMENT JUNIOR HIGH SCHOOL,Not Available,0,Available,2,Available,Available,1,Not Available,Not Available
S0664,KARUNGTHANG GOVERNMENT JUNIOR HIGH SCHOOL,Not Available,0,Available,2,Not Available,Available,1,Not Available,Not Available
S0048,BITCHU GOVERNMENT PRIMARY SCHOOL,Not Available,0,Available,2,Available,Available,3,Not Available,Not Available
S0826,"MOUNT CARMEL SCHOOL, NAMCHI",Not Available,0,Available,2,Available,Available,2,Not Available,Available
S1061,"MOUNT KANCHAN ACADEMY, DENTAM",Available,150,Not Available,0,Available,Available,1,Not Available,Available
S0128,MIDDLE CAMP GOVERNMENT SECONDARY SCHOOL,Available,0,Available,5,Available,Available,1,Not Available,Not Available
S1087,"RADIANT ACADEMY , SORENG",Available,0,Available,0,Not Available,Available,1,Available,Available
S0953,"SAVELLIE ROW SCHOOL, DEORALI",Available,500,Available,2,Available,Available,1,Not Available,Available
S1183,"BRIGHT LIFE ENGLISH SCHOOL, TEMI",Not Available,0,Available,1,Not Available,Available,1,Not Available,Not Available
S0070,MANGZING GOVERNMENT PRIMARY SCHOOL,Not Available,0,Available,2,Not Available,Not Available,0,Not Available,Not Available
S0268,TASHIDING GOVERNMENT SENIOR SECONDARY SCHOOL,Available,0,Not Available,0,Available,Available,1,Not Available,Not Available
S0748,DHANKUTAY DARA GOVERNMENT PRIMARY SCHOOL,Not Available,0,Available,2,Available,Not Available,0,Not Available,Not Available
S0948,"DE. NOBILE ACADEMY, ASSAM LINGZEY",Not Available,0,Not Available,0,Not Available,Available,1,Not Available,Available
S0959,"ROCKVALE ACADEMY, 5TH MILE",Available,100,Available,1,Not Available,Available,1,Available,Available
S0678,CHANDRA MAN RAI GOVERNMENT SECONDARY SCHOOL (JARRONG),Available,239,Available,6,Available,Available,1,Not Available,Available
S0228,PERBING GOVERNMENT JUNIOR HIGH SCHOOL,Not Available,0,Available,2,Available,Available,1,Not Available,Not Available
S1425,"LITTLE BUDS ACADEMY,RATEYPANI",Not Available,0,Not Available,0,Not Available,Not Available,0,Not Available,Not Available
S1200,"J.M.K MEMORIAL SCHOOL, NAMCHI",Available,2000,Available,1,Available,Available,1,Available,Not Available
S0515,PENLONG GOVERNMENT SECONDARY SCHOOL,Available,500,Available,4,Available,Available,1,Not Available,Not Available
S0901,"MOUNT ZION ACADEMY, RHENOCK",Available,150,Not Available,0,Not Available,Available,1,Not Available,Not Available
S0370,HEE TAMABONG GOVERNMENT PRIMARY SCHOOL,Not Available,0,Available,2,Available,Not Available,0,Not Available,Available
S0726,BOOM RINCHENPONG GOVERNMENT PRIMARY SCHOOL,Not Available,0,Available,2,Available,Not Available,0,Not Available,Not Available
S1375,EL-OLAM BETHESDA ACADEMY,Not Available,0,Not Available,0,Not Available,Not Available,0,Not Available,Not Available
