EstablishmentCode,EstablishmentName,IsLibraryAvailable,AvailableBooksCount,IsFireExtgAvailable,ExtinguisherCount,HOIRoomAvailable,IsStaffRoomAvailable,NoofStaffRoom,IsLockerForStaffAvailable,IsSportsStoreRoomAvailable
S0859,"PUSPANJALI VIDHYALAYA, MAMRING",Available,0,Not Available,0,Available,Available,1,Not Available,Not Available
S0771,LUNGCHOK GOVERNMENT JUNIOR HIGH SCHOOL,Available,124,Available,4,Available,Available,1,Not Available,Not Available
S0197,LINGDONG GOVERNMENT PRIMARY SCHOOL,Not Available,0,Available,2,Not Available,Not Available,0,Not Available,Not Available
S1170,"NEW HOPE ACADEMY, SIKIP",Not Available,0,Available,1,Available,Available,1,Available,Not Available
S1037,"MOUNT SIMVO BOARDING SCHOOL, ARITHANG",Not Available,0,Not Available,0,Not Available,Not Available,0,Not Available,Not Available
S0514,SOTAK GOVERNMENT PRIMARY SCHOOL,Not Available,0,Not Available,0,Not Available,Available,1,Not Available,Not Available
S0146,ANKUCHEN GOVERNMENT PRIMARY SCHOOL,Available,300,Available,2,Not Available,Available,1,Not Available,Not Available
S1065,"MANJUSHREE ENGLISH SCHOOL, PELLING",Not Available,0,Not Available,0,Not Available,Not Available,0,Not Available,Not Available
S0138,ZINGLA GOVERNMENT PRIMARY SCHOOL,Not Available,0,Available,2,Not Available,Not Available,0,Not Available,Not Available
S0762,RUCHUNG GOVERNMENT PRIMARY SCHOOL,Available,26,Available,2,Not Available,Available,1,Not Available,Not Available
S0410,RONG GOVERNMENT SECONDARY SCHOOL,Available,100,Available,0,Available,Available,1,Not Available,Not Available
S1391,"MT. OLIVE ACADEMY, JORETHANG",Available,30,Available,1,Available,Not Available,0,Not Available,Not Available
S0930,"PIONEER PREPARATORY SCHOOL, KAIYATHANG",Available,50,Available,1,Not Available,Not Available,0,Not Available,Not Available
S0962,"DREAM LAND ACADEMY, DEORALI",Available,120,Available,1,Available,Available,1,Not Available,Available
S0973,"GREENVALE ACADEMY, KABI",Available,185,Available,2,Not Available,Available,2,Not Available,Available
S0955,"TINY PEARLS SCHOOL, 6TH MILE TADONG",Not Available,0,Available,1,Available,Available,1,Available,Available
S0038,MUNSHITHANG GOVERNMENT PRIMARY SCHOOL (S.S.A),Not Available,0,Available,2,Available,Not Available,0,Not Available,Not Available
S0181,RUMTEK GOVERNMENT SENIOR SECONDARY SCHOOL,Available,935,Available,5,Available,Available,2,Not Available,Not Available
S0601,MICKKHOLA GOVERNMENT JUNIOR HIGH SCHOOL,Available,255,Available,3,Available,Available,2,Not Available,Not Available
S0175,DOKCHEN GOVERNMENT PRIMARY SCHOOL,Available,25,Available,2,Available,Available,1,Not Available,Not Available
S0242,RANGPO BAZAR GOVERNMENT JUNIOR HIGH SCHOOL,Available,0,Available,4,Available,Available,1,Not Available,Not Available
C1347,CENTRE FOR COMPUTERS AND COMMUNICATION TECHNOLOGY (CCCT),Available,10461,Available,0,Available,Available,0,Available,Available
S0475,KAMBAL GOVERNMENT JUNIOR HIGH SCHOOL,Not Available,0,Available,2,Available,Available,1,Not Available,Not Available
S0034,BOP GOVERNMENT PRIMARY SCHOOL,Not Available,0,Not Available,0,Not Available,Not Available,0,Not Available,Not Available
S0067,BAKCHA GOVERNMENT PRIMARY SCHOOL,Available,6,Available,2,Not Available,Available,1,Not Available,Not Available
S0838,"MODERN ACADEMY, MANIRAM",Not Available,0,Available,2,Not Available,Not Available,0,Not Available,Not Available
S1255,"GRACE ENGLISH SCHOOL, SUNTALEY",Not Available,0,Not Available,0,Not Available,Not Available,0,Not Available,Not Available
S0394,NAMPHING GOVERNMENT SECONDARY SCHOOL,Not Available,0,Available,0,Available,Available,1,Not Available,Not Available
S0602,RABIKHOLA GOVERNMENT PRIMARY SCHOOL,Not Available,0,Available,2,Available,Not Available,0,Not Available,Not Available
S0501,MARTAM LINGTAM GOVERNMENT PRIMARY SCHOOL,Not Available,0,Available,2,Not Available,Available,1,Not Available,Not Available
S0104,DEOLING GOVERNMENT PRIMARY SCHOOL,Not Available,0,Not Available,0,Available,Available,1,Not Available,Not Available
S1048,"MARIGOLD ACADEMY, GANGYAP",Not Available,0,Available,1,Not Available,Available,1,Not Available,Not Available
S1123,"BAPTIST ENGLISH SCHOOL, BASILAKHA",Not Available,0,Not Available,0,Not Available,Not Available,0,Not Available,Not Available
S0835,"ST. MARYS SCHOOL, KITAM",Not Available,0,Available,1,Available,Not Available,0,Not Available,Not Available
S0153,GANCHUNG GOVERNMENT JUNIOR HIGH SCHOOL,Available,50,Not Available,0,Available,Available,1,Not Available,Available
S0695,KATENG GOVERNMENT SECONDARY SCHOOL,Available,224,Available,5,Available,Available,1,Available,Not Available
S0773,BEELING GOVERNMENT PRIMARY SCHOOL,Available,40,Available,2,Available,Available,1,Not Available,Not Available
S0317,LINGCHOM GOVERNMENT SECONDARY SCHOOL,Available,300,Available,5,Available,Available,1,Not Available,Not Available
S0342,BULLUNG GOVERNMENT PRIMARY SCHOOL,Available,0,Available,2,Available,Available,1,Not Available,Not Available
S0315,HOORGAON GOVERNMENT PRIMARY SCHOOL,Available,100,Available,2,Available,Not Available,0,Not Available,Not Available
S0344,SINGLING GOVERNMENT JUNIOR HIGH SCHOOL,Available,100,Available,0,Available,Available,1,Available,Not Available
S0053,MEYONG GOVERNMENT PRIMARY SCHOOL,Not Available,0,Available,2,Available,Available,1,Not Available,Not Available
S0943,"GOLDEN KIDS PRIMARY SCHOOL, TADONG BAZAR",Available,100,Available,2,Available,Available,1,Not Available,Not Available
S0347,CHOJO GOVERNMENT PRIMARY SCHOOL,Available,31,Available,2,Available,Not Available,0,Not Available,Not Available
S0013,MANUL GOVERNMENT SECONDARY SCHOOL,Not Available,0,Available,6,Available,Available,1,Available,Not Available
S0486,LOWER KAMBAL GOVERNMENT PRIMARY SCHOOL,Available,67,Available,2,Available,Available,1,Not Available,Not Available
S0591,MANGTABONG GOVERNMENT PRIMARY SCHOOL(SSA),Not Available,0,Available,2,Not Available,Not Available,0,Not Available,Available
S0380,MIDDLE POKHARI GOVERNMENT PRIMARY SCHOOL,Not Available,0,Not Available,0,Not Available,Available,1,Not Available,Available
S0746,PIUREYTAR GOVERNMENT PRIMARY SCHOOL,Not Available,0,Available,2,Not Available,Available,1,Not Available,Not Available
S0992,"IDEAL NURSERY MANGAN, MANGAN",Not Available,0,Not Available,0,Not Available,Not Available,0,Not Available,Available
S0893,"THE GAY WAY ACADEMY /NORTH POINT SCHOOL, BOJOGHARI",Available,120,Available,2,Available,Available,1,Not Available,Available
S0319,MIDDLE GEYZING GOVERNMENT SECONDARY SCHOOL,Available,113,Available,5,Available,Not Available,0,Not Available,Not Available
S0721,NAZOOR BERFOK GOVERNMENT JUNIOR HIGH SCHOOL,Available,0,Available,4,Not Available,Available,1,Not Available,Not Available
S0140,KAPUTHANG GOVERNMENT PRIMARY SCHOOL,Available,12,Not Available,0,Available,Not Available,0,Not Available,Not Available
S0446,NAMPRICK GOVERNMENT PRIMARY SCHOOL,Not Available,0,Available,2,Available,Not Available,0,Not Available,Not Available
S0729,TANGZI GOVERNMENT PRIMARY SCHOOL,Available,30,Available,2,Available,Available,1,Not Available,Not Available
S1161,"ST. JHONS SCHOOL, BURTUK",Available,600,Available,3,Available,Available,1,Available,Available
S0917,"RAINBOW ACADEMY, ROLEP",Available,300,Not Available,0,Not Available,Not Available,0,Not Available,Not Available
S0675,SANGANATH GOVERNMENT SECONDARY SCHOOL,Available,20,Available,1,Available,Available,1,Available,Not Available
S0887,DIAMOND ENGLISH SCHOOL,Available,100,Available,2,Available,Available,1,Not Available,Not Available
S0425,PHALIDARA GOVERNMENT JUNIOR HIGH SCHOOL,Not Available,0,Available,0,Available,Available,1,Not Available,Not Available
S0910,"DOLPHIN ACADEMY,CHUJACHEN",Available,200,Available,1,Not Available,Not Available,0,Not Available,Available
S0177,LUING GOVERNMENT SECONDARY SCHOOL,Available,200,Available,4,Not Available,Available,1,Not Available,Not Available
S0772,KUBINDAY GOVERNMENT PRIMARY SCHOOL,Not Available,0,Available,2,Available,Available,1,Not Available,Not Available
S0538,TOPUNG GOVERNMENT PRIMARY SCHOOL,Not Available,0,Available,2,Available,Available,1,Not Available,Not Available
S0236,CHUBA GOVERNMENT JUNIOR HIGH SCHOOL (E),Available,100,Available,2,Not Available,Not Available,0,Not Available,Not Available
S0421,BURUL GOVERNMENT SECONDARY SCHOOL,Not Available,0,Not Available,0,Available,Available,1,Not Available,Available
S0613,LOWER MIKKHOLA DARAGAON GOVERNMENT PRIMARY SCHOOL,Available,10,Available,2,Not Available,Not Available,0,Not Available,Not Available
S0985,"MANGAN PUBLIC SCHOOL, MANGAN",Not Available,0,Not Available,0,Not Available,Not Available,0,Not Available,Not Available
S0088,PAKYONG GOVERNMENT JUNIOR HIGH SCHOOL,Available,200,Available,2,Not Available,Available,1,Not Available,Not Available
S0700,TAKSONG GOVERNMENT PRIMARY SCHOOL,Available,10,Available,2,Available,Available,1,Not Available,Not Available
S0464,TUMIN GOVERNMENT SECONDARY SCHOOL,Available,0,Available,2,Available,Available,1,Not Available,Available
S0947,"SARASWATI VIDYA NIKETAN, TADONG, VIDYA BHARATI SIKKIM",Not Available,0,Not Available,0,Available,Available,1,Not Available,Not Available
S0016,SINGHIK GOVERNMENT SECONDARY SCHOOL,Available,545,Available,6,Available,Available,2,Available,Not Available
S0085,PACHEYKHANI GOVERNMENT SECONDARY SCHOOL,Not Available,0,Not Available,0,Not Available,Not Available,0,Not Available,Not Available
C1338,LOYOLA COLLEGE,Available,6500,Available,0,Available,Available,1,Not Available,Available
S1226,"ST.XAVER S ENGLISH MEDIUM SCHOOL,TINJUK",Available,0,Available,0,Not Available,Available,0,Available,Available
S0611,BORBOTEY GOVERNMENT PRIMARY SCHOOL (S),Not Available,0,Available,2,Available,Available,1,Not Available,Not Available
S1225,"ST. JOHNS ENGLISH MEDIUM, BASILAKHA",Not Available,0,Available,2,Not Available,Available,1,Available,Available
S0847,"CANARY BIRD ACADEMY, KARTOK",Not Available,0,Available,2,Available,Available,1,Available,Available
S0287,MELLI-ACHING GOVERNMENT SECONDARY SCHOOL,Available,51,Available,6,Available,Not Available,0,Not Available,Available
S0824,"NEW LIGHT ACADEMY, ASSANGTHANG",Available,100,Not Available,0,Not Available,Available,1,Not Available,Not Available
S0023,PASSINGDANG GOVERNMENT SECONDARY SCHOOL,Available,0,Available,6,Available,Available,1,Not Available,Not Available
S0402,TEMI GOVERNMENT SENIOR SECONDARY SCHOOL,Available,0,Not Available,0,Available,Available,1,Not Available,Not Available
S0117,RAIGOAN GOVERNMENT JUNIOR HIGH SCHOOL,Not Available,0,Available,2,Not Available,Available,1,Not Available,Not Available
S0447,SOROK MANPUR GOVERNMENT PRIMARY SCHOOL,Available,80,Available,2,Available,Not Available,0,Not Available,Not Available
S0558,NEH BROOM GOVERNMENT SECONDARY SCHOOL,Available,200,Available,2,Available,Available,1,Available,Not Available
S0438,NANDUGAON SUNTALEY GOVERNMENT PRIMARY SCHOOL,Not Available,0,Not Available,0,Not Available,Not Available,0,Not Available,Not Available
S1119,"BETHESDA ACADEMY, MAKHA",Not Available,0,Available,2,Available,Not Available,0,Not Available,Not Available
S1074,"PIONEER ACADEMY, SAKYONG",Available,150,Not Available,0,Not Available,Not Available,0,Not Available,Available
S1088,"ROTHAK VALLEY ACADEMY, KHANISERBONG",Not Available,0,Not Available,0,Not Available,Not Available,0,Not Available,Available
S0077,TINGDA GOVERNMENT PRIMARY SCHOOL,Available,20,Available,2,Not Available,Available,1,Not Available,Available
S0911,"MINILAND PUBLIC SCHOOL, SANG",Not Available,0,Not Available,0,Not Available,Available,1,Not Available,Not Available
S0663,PAKJER GOVERNMENT PRIMARY SCHOOL,Available,0,Available,2,Not Available,Not Available,0,Not Available,Not Available
S0568,LINGMOO-KOLTHANG GOVERNMENT SENIOR SECONDARY SCHOOL,Not Available,0,Available,6,Available,Available,1,Not Available,Not Available
S0980,"KIDS FOUNDATION SCHOOL, NAMOK",Available,10,Available,1,Not Available,Available,1,Available,Available
S1076,"NEW TULIPS KINDER GARTEN, GYALSHING",Not Available,0,Available,1,Not Available,Available,1,Not Available,Not Available
S0848,"CENTRAL POINT ACADEMY, CENTRAL PENDAM",Available,500,Available,1,Not Available,Available,1,Available,Available
S0187,BADONG THANGSING GOVERNMENT PRIMARY SCHOOL,Available,13,Available,2,Not Available,Available,1,Not Available,Not Available
S0704,KONABAR GOVERNMENT PRIMARY SCHOOL,Available,0,Available,2,Not Available,Not Available,0,Not Available,Not Available
S0976,MAYEL LYANG ACADEMY,Not Available,0,Not Available,0,Not Available,Not Available,0,Not Available,Not Available
S0623,KAMARGOAN GOVERNMENT PRIMARY SCHOOL,Not Available,0,Available,0,Available,Not Available,0,Not Available,Not Available
S0705,MILLING KARMATAR GOVERNMENT JUNIOR HIGH SCHOOL,Not Available,0,Available,5,Available,Available,1,Not Available,Not Available
S0130,BHIRKUNA GOVERNMENT JUNIOR HIGH SCHOOL,Available,0,Available,2,Available,Available,1,Not Available,Not Available
S0570,UPPER SATAM GOVERNMENT PRIMARY SCHOOL,Not Available,0,Available,2,Not Available,Not Available,0,Not Available,Not Available
S1042,"MOUNT PANDIM ACADEMY, GERETHANG",Available,0,Available,1,Available,Available,1,Not Available,Available
S0134,RHENOCK GOVERNMENT SENIOR SECONDARY SCHOOL,Available,0,Available,0,Available,Available,2,Not Available,Not Available
S0897,"GREEN FIELD ACADEMY, RALAP",Not Available,0,Available,2,Not Available,Available,1,Available,Available
S0042,RAMOM GOVERNMENT PRIMARY SCHOOL,Not Available,0,Available,1,Available,Available,1,Not Available,Not Available
S0105,TAKSANG KAIZALEY GOVERNMENT PRIMARY SCHOOL,Not Available,0,Available,1,Available,Available,1,Not Available,Not Available
S1121,"BLUE BIRD ACADEMY, SINGBEL",Not Available,0,Available,2,Not Available,Available,1,Not Available,Not Available
S0281,GERETHANG GOVERNMENT SECONDARY SCHOOL,Available,300,Available,5,Available,Available,1,Available,Available
S0204,RALAP GOVERNMENT SECONDARY SCHOOL,Not Available,0,Available,5,Available,Available,1,Not Available,Available
S0879,"BAPTIST ENGLISH SCHOOL, NIMTAR",Available,50,Available,2,Not Available,Not Available,0,Not Available,Not Available
S0356,NESSA ARITHANG GOVERNMENT PRIMARY SCHOOL,Not Available,0,Not Available,0,Available,Available,1,Not Available,Not Available
S0434,DENCHUNG GOVERNMENT JUNIOR HIGH SCHOOL,Not Available,0,Available,4,Available,Available,1,Not Available,Not Available
S1389,PRASANSHA ACADEMY,Not Available,0,Not Available,0,Not Available,Not Available,0,Not Available,Not Available
S0778,SINDRONG GOVERNMENT PRIMARY SCHOOL,Not Available,0,Available,2,Not Available,Available,1,Not Available,Not Available
S0277,UPPER BHALUTHANG GOVERNMENT PRIMARY SCHOOL,Available,30,Available,2,Not Available,Available,1,Not Available,Not Available
S1138,"HIMALAYAN GRACE ACADEMY, CHISOPANI",Not Available,0,Not Available,0,Available,Available,1,Not Available,Available
S0940,"DAFFODILS HOME SECONDARY SCHOOL, GANGTOK",Available,4500,Available,3,Available,Available,1,Available,Available
S0313,SIGENG GOVERNMENT JUNIOR HIGH SCHOOL,Not Available,0,Available,2,Not Available,Available,1,Not Available,Not Available
S0019,SAFF0 SALIM PAKYEL GOVERNMENT JUNIOR HIGH SCHOOL,Available,100,Available,1,Available,Available,1,Not Available,Not Available
S0353,MENDOGOAN GOVERNMENT JUNIOR HIGH SCHOOL,Not Available,0,Available,2,Available,Available,1,Not Available,Not Available
S0920,"SARASWATI VIDYA NIKETAN, ARITAR",Available,1500,Available,2,Not Available,Available,1,Not Available,Available
S0257,BOJOGHARI GOVERNMENT SENIOR SECONDARY SCHOOL,Available,0,Not Available,0,Not Available,Available,2,Not Available,Available
S0218,ADAMPOOL GOVERNMENT JUNIOR HIGH SCHOOL,Available,217,Available,5,Available,Available,1,Available,Not Available
S1157,"WRENS PUBLIC SCHOOL, ARITHANG",Not Available,0,Available,1,Not Available,Available,1,Not Available,Not Available
S1141,"DREAMLAND ACADEMY, HEE PATAL",Not Available,0,Not Available,0,Not Available,Not Available,0,Not Available,Not Available
S0659,C.M.RAI GOVERNMENT SECONDARY SCHOOL (OMCHU),Available,0,Available,7,Available,Available,1,Not Available,Not Available
S0086,RUNGDUNG GOVERNMENT PRIMARY SCHOOL,Not Available,0,Not Available,0,Available,Available,1,Not Available,Not Available
S0698,PURANO NAMCHI GOVERNMENT PRIMARY SCHOOL,Not Available,0,Available,2,Available,Available,1,Not Available,Not Available
S0685,ROCKLAND(SANGANATH) GOVERNMENT PRIMARY SCHOOL,Not Available,0,Not Available,0,Available,Not Available,0,Not Available,Not Available
S0697,LINGEE KARJEE GOVERNMENT JUNIOR HIGH SCHOOL,Not Available,0,Available,3,Available,Available,1,Not Available,Not Available
S1262,"BLISS ACADEMY, BARA SAMDONG",Not Available,0,Not Available,0,Not Available,Available,1,Not Available,Not Available
S0372,HEE SAPUNG GOVERNMENT PRIMARY SCHOOL,Not Available,0,Available,2,Available,Not Available,0,Not Available,Not Available
S0429,TINGRITHANG GOVERNMENT JUNIOR HIGH SCHOOL,Not Available,0,Available,4,Not Available,Available,1,Not Available,Not Available
S1232,"DREAMLAND ACADEMY, UTTAREY",Not Available,0,Not Available,0,Not Available,Available,1,Not Available,Not Available
S1001,"MAINUM NURSERY SCHOOL, YANGYANG",Not Available,0,Available,1,Not Available,Not Available,0,Not Available,Available
S0646,AMALAY GOVERNMENT PRIMARY SCHOOL,Not Available,0,Available,2,Not Available,Available,1,Not Available,Available
S0064,LINGTYANG GOVERNMENT PRIMARY SCHOOL,Not Available,0,Available,2,Not Available,Not Available,0,Not Available,Not Available
S0262,TIMBURBUNG GOVERNMENT SECONDARY SCHOOL,Not Available,0,Not Available,0,Available,Available,1,Not Available,Available
S0267,ZOOM GOVERNMENT SECONDARY SCHOOL,Not Available,0,Available,6,Available,Available,1,Available,Not Available
S0534,SALANGDANG GOVERNMENT PRIMARY SCHOOL,Available,15,Available,2,Available,Available,1,Not Available,Available
S0350,MALBASEY BUDANG GOVERNMENT JUNIOR HIGH SCHOOL,Available,35,Available,4,Available,Not Available,0,Not Available,Not Available
S0626,LOWER NAMPHING GOVERNMENT PRIMARY SCHOOL,Not Available,0,Available,2,Not Available,Not Available,0,Not Available,Not Available
S0702,SIMPHOK GOVERNMENT PRIMARY SCHOOL,Not Available,0,Available,2,Not Available,Not Available,0,Not Available,Not Available
S1433,EKLAVYA MODEL RESIDENTAL SCHOOL,Available,2000,Available,5,Available,Available,1,Available,Not Available
S0520,BIRDANG GOVERNMENT JUNIOR HIGH SCHOOL,Available,93,Available,2,Not Available,Available,1,Not Available,Not Available
S0448,DHARGAON GOVERNMENT PRIMARY SCHOOL,Not Available,0,Not Available,0,Available,Available,1,Not Available,Not Available
S0594,JHOLUNGEY GOVERNMENT PRIMARY SCHOOL,Not Available,0,Available,2,Not Available,Not Available,0,Not Available,Not Available
S0436,BEN KABEY GOVERNMENT JUNIOR HIGH SCHOOL,Not Available,0,Available,7,Not Available,Available,1,Not Available,Not Available
S1083,"GYAN JYOTI ACADEMY , BARIAKHOP",Not Available,0,Not Available,0,Not Available,Available,1,Available,Available
S0066,SANGKALANG GOVERNMENT PRIMARY SCHOOL,Not Available,0,Available,2,Available,Available,1,Not Available,Not Available
S1156,"VIDYA BHARATI, RHENOCK NEAR BDO OFFICE",Not Available,0,Not Available,0,Not Available,Available,1,Available,Not Available
S1021,"SALPLIGLOSSIS ENGLISH SCHOOL, NAZOR BERFOK",Not Available,0,Not Available,0,Not Available,Not Available,0,Not Available,Not Available
S0944,"DAWN ACADEMY, PABYUIK NAITAM",Available,500,Available,2,Not Available,Available,1,Available,Available
S0634,MANGBRUE GOVERNMENT PRIMARY SCHOOL,Not Available,0,Available,1,Not Available,Available,1,Not Available,Not Available
S0465,TUMIN DHANBARI GOVERNMENT JUNIOR HIGH SCHOOL,Not Available,0,Not Available,0,Available,Available,1,Not Available,Not Available
S1158,"MOUNT CARMEL ACADEMY, GANGTOK",Available,20,Available,1,Available,Available,1,Not Available,Not Available
S0196,SAJONG TIMPEM GOVERNMENT PRIMARY SCHOOL,Available,15,Available,2,Available,Available,1,Not Available,Not Available
S1067,"DAUGHTERS OF THE CROSS-DON BOSCO SCHOOL, RINCHENPONG",Available,1015,Available,4,Available,Available,1,Available,Available
S1240,"JAWAHAR NAVODAYA VIDYALAYA, RAVANGLA",Available,0,Available,65,Available,Available,1,Not Available,Available
S0733,RAMIDHAM GOVERNMENT PRIMARY SCHOOL,Not Available,0,Available,2,Available,Available,1,Not Available,Not Available
C1349,GOVERNMENT INDUSTRIAL TRAINING INSTITUTE,Not Available,0,Available,0,Available,Available,0,Available,Available
S0857,"ST. XAVIERS SCHOOL, PAKYONG",Available,3000,Not Available,0,Not Available,Available,2,Not Available,Available
S0760,MELLI PAIYONG GOVERNMENT JUNIOR HIGH SCHOOL,Not Available,0,Available,4,Not Available,Available,1,Not Available,Not Available
S1250,"STAR LIGHT ACADEMY, LUING PERBING",Available,20,Available,1,Available,Available,1,Not Available,Not Available
S0351,CHANGEY GOVERNMENT PRIMARY SCHOOL,Available,7,Available,2,Not Available,Not Available,0,Not Available,Not Available
S0439,SIMKHARKA GOVERNMENT PRIMARY SCHOOL,Not Available,0,Available,2,Available,Not Available,0,Not Available,Not Available
S0619,TARKU GAIRIGOAN GOVERNMENT PRIMARY SCHOOL,Not Available,0,Available,2,Not Available,Not Available,0,Not Available,Not Available
S0706,LIDUNG GOVERNMENT PRIMARY SCHOOL,Not Available,0,Available,2,Available,Available,1,Not Available,Not Available
S1111,"SARASWATI SHISU MANDIR, TINTEK",Not Available,0,Not Available,0,Not Available,Not Available,0,Not Available,Not Available
S0193,RONGNECK GOVERNMENT JUNIOR HIGH SCHOOL,Not Available,0,Available,3,Not Available,Available,1,Not Available,Not Available
C1354,SIKKIM MANIPAL INSTITUTE OF TECHNOLOGY,Available,3759,Available,0,Available,Available,0,Available,Available
S0240,NAMONG ARITHANG GOVERNMENT JUNIOR HIGH SCHOOL,Not Available,0,Available,2,Available,Available,1,Not Available,Not Available
S0618,BEN ROLOK GOVERNMENT PRIMARY SCHOOL,Not Available,0,Not Available,0,Not Available,Not Available,0,Not Available,Not Available
S0551,DONG AMBOTEY GOVERNMENT JUNIOR HIGH SCHOOL,Not Available,0,Available,2,Not Available,Not Available,0,Not Available,Not Available
S0963,"JOYBELLS SCHOOL, TADONG",Available,1500,Available,4,Available,Available,2,Available,Available
S1154,"LITTLE ANGEL ENGLISH SCHOOL, UPPER AHO",Not Available,0,Not Available,0,Not Available,Not Available,0,Not Available,Not Available
S0120,SYAPLAY SARDARAY GOVERNMENT SECONDARY SCHOOL,Not Available,0,Available,5,Available,Available,1,Available,Not Available
S1152,"MARIGOLD ACADEMY, SICHEY",Not Available,0,Available,1,Available,Not Available,0,Not Available,Not Available
S0289,KHORONG GOVERNMENT PRIMARY SCHOOL,Available,30,Available,2,Available,Not Available,0,Not Available,Not Available
S1189,"ST.TERESA SCHOOL, SALLEYBONG",Not Available,0,Not Available,0,Not Available,Not Available,0,Not Available,Available
S0603,BHAISALGAON GOVERNMENT PRIMARY SCHOOL,Not Available,0,Available,2,Available,Not Available,0,Not Available,Not Available
S0490,SIR TASHI NAMGYAL GOVERNMENT SENIOR SECONDARY SCHOOL,Available,5000,Available,13,Available,Available,2,Not Available,Not Available
S0259,KHANDU GOVERNMENT SECONDARY SCHOOL,Not Available,0,Available,5,Not Available,Not Available,0,Not Available,Not Available
S0693,BADAMTAM GOVERNMENT PRIMARY SCHOOL,Not Available,0,Available,2,Not Available,Available,1,Not Available,Not Available
S1395,RIPBOM ENGLISH ACADEMY,Not Available,0,Not Available,0,Not Available,Not Available,0,Not Available,Not Available
S0211,UPPER SUMIN GOVERNMENT JUNIOR HIGH SCHOOL,Available,150,Available,2,Available,Not Available,0,Not Available,Not Available
S0386,MUNGRANG GOVERNMENT PRIMARY SCHOOL,Not Available,0,Available,2,Not Available,Available,1,Not Available,Not Available
S0116,SANG GOVERNMENT SENIOR SECONDARY SCHOOL,Available,1500,Available,7,Available,Available,1,Not Available,Not Available
S0297,LAMATHANG GOVERNMENT PRIMARY SCHOOL,Available,28,Available,2,Available,Available,1,Not Available,Not Available
S0548,KHAYERBOTAY GOVERNMENT PRIMARY SCHOOL,Not Available,0,Available,2,Not Available,Not Available,0,Not Available,Not Available
S0499,TINKHARKA GOVERNMENT PRIMARY SCHOOL,Not Available,0,Available,2,Not Available,Not Available,0,Not Available,Not Available
S0936,"RISING ACADEMY, THAMIDARA",Available,50,Available,1,Available,Available,1,Not Available,Available
S0807,KHANISERBONG GOVERNMENT SECONDARY SCHOOL,Not Available,0,Available,5,Available,Available,1,Not Available,Not Available
S0632,LINGYONG GOVERNMENT JUNIOR HIGH SCHOOL,Available,10,Available,2,Not Available,Available,1,Not Available,Not Available
S1081,HIMALAYAN BAPTIST ENGLISH SCHOOL,Available,500,Available,2,Not Available,Available,2,Not Available,Available
S1162,"EUREKA ENGLISH SCHOOL, SUMBUK",Available,65,Available,1,Available,Available,1,Not Available,Available
S0815,"VISION ACADEMY, SALGHARI",Not Available,0,Available,1,Not Available,Available,1,Not Available,Available
S0459,LINGCHOM GOVERNMENT PRIMARY SCHOOL,Available,22,Available,2,Available,Available,1,Not Available,Not Available
S0206,CHINZEY GOVERNMENT PRIMARY SCHOOL,Not Available,0,Available,2,Available,Available,1,Not Available,Not Available
S0253,BARIAKHOP GOVERNMENT SENIOR SECONDARY SCHOOL,Available,1010,Not Available,0,Available,Available,1,Not Available,Not Available
S0752,SAMDONG GOVERNMENT JUNIOR HIGH SCHOOL,Available,692,Available,5,Available,Available,1,Not Available,Not Available
S0485,SURYODAYA GOVERNMENT JUNIOR HIGH SCHOOL,Not Available,0,Not Available,0,Available,Available,1,Not Available,Not Available
S0840,"GYANJYOTI ACADEMY, MAJHITAR",Not Available,0,Not Available,0,Not Available,Not Available,0,Not Available,Available
S0971,"GREEN DALE SENIOR SECONDARY SCHOOL, TADONG",Available,950,Available,7,Not Available,Available,1,Available,Available
S0777,LETHANG GOVERNMENT PRIMARY SCHOOL,Not Available,0,Available,2,Available,Not Available,0,Not Available,Available
S0333,HEE-PATAL GOVERNMENT JUNIOR HIGH SCHOOL,Available,45,Available,3,Available,Not Available,0,Not Available,Not Available
S1217,"BAL JYOTI ACADEMY, TIMBURBONG",Available,0,Available,0,Not Available,Available,1,Available,Available
S0189,UPPER KHAMDONG GOVERNMENT PRIMARY SCHOOL,Available,0,Available,2,Available,Available,1,Not Available,Not Available
S0510,PABYUIK GOVERNMENT SECONDARY SCHOOL,Not Available,0,Available,6,Available,Available,1,Not Available,Not Available
S0209,SINGBEL GOVERNMENT JUNIOR HIGH SCHOOL,Not Available,0,Available,2,Available,Available,1,Not Available,Not Available
S0374,AARUBOTEY GOVERNMENT PRIMARY SCHOOL,Not Available,0,Available,2,Not Available,Not Available,0,Not Available,Not Available
S0126,SIRWANI GOVERNMENT SECONDARY SCHOOL,Available,480,Not Available,0,Available,Available,1,Not Available,Not Available
S1420,LITTLE HEAVEN ACADEMY,Available,90,Available,2,Available,Available,1,Available,Available
S1264,"EVERSHINE ACADEMY, NANDUGAON",Not Available,0,Available,1,Available,Available,1,Not Available,Not Available
S0250,PANGTHANG GOVERNMENT JUNIOR HIGH SCHOOL,Available,413,Available,2,Not Available,Available,1,Available,Not Available
S1192,"MOTHER TERESA MEMORIAL SCHOOL, BIKMAT",Not Available,0,Not Available,0,Not Available,Not Available,0,Not Available,Not Available
S0444,NIZRAMENG GOVERNMENT PRIMARY SCHOOL,Not Available,0,Available,2,Available,Available,1,Not Available,Not Available
S0159,CHUNBHATTI GOVERNMENT PRIMARY SCHOOL,Not Available,0,Available,2,Available,Not Available,0,Not Available,Not Available
S0162,RESHI GOVERNMENT PRIMARY SCHOOL,Available,110,Not Available,0,Available,Available,1,Not Available,Not Available
S0822,"PRASHANTI VIDHYAGIRI, JORETHANG",Available,500,Available,2,Available,Available,1,Not Available,Available
S0633,SUBUK GOVERNMENT PRIMARY SCHOOL,Not Available,0,Available,2,Not Available,Not Available,0,Not Available,Not Available
S0589,RUMBUK GOVERNMENT JUNIOR HIGH SCHOOL,Not Available,0,Available,4,Not Available,Not Available,0,Not Available,Not Available
S1190,"TENDER BUDS SCHOOL, NAMCHI",Not Available,0,Available,1,Not Available,Available,1,Not Available,Not Available
S1171,"MOUNT OLIVES ACADEMY, TEMI",Available,0,Available,2,Available,Available,1,Available,Available
S1153,"HIMALAYAN ACADEMY, RANIPOOL",Not Available,0,Available,1,Not Available,Available,1,Not Available,Not Available
S0707,BHALUKHOP GOVERNMENT PRIMARY SCHOOL (W),Not Available,0,Available,1,Not Available,Available,1,Not Available,Not Available
S0975,"ST.THOMAS SCHOOL, GANGTOK",Available,1000,Available,14,Not Available,Available,1,Available,Available
S0612,TANGEY BORBOTEY GOVERNMENT PRIMARY SCHOOL,Not Available,0,Not Available,0,Not Available,Not Available,0,Not Available,Not Available
S0696,TOKCHI GOVERNMENT PRIMARY SCHOOL,Not Available,0,Available,2,Available,Available,1,Not Available,Not Available
S0782,SADHU GOAN GOVERNMENT PRIMARY SCHOOL,Not Available,0,Available,2,Not Available,Available,1,Not Available,Not Available
S0473,TAZA GOVERNMENT JUNIOR HIGH SCHOOL,Available,75,Available,4,Not Available,Available,1,Available,Not Available
S0673,MIDDLE RAYONG GOVERNMENT PRIMARY SCHOOL,Not Available,0,Available,2,Not Available,Not Available,0,Not Available,Available
S0671,RALONG LUNGSING GOVERNMENT PRIMARY SCHOOL,Not Available,0,Available,2,Available,Not Available,0,Not Available,Available
S1144,"KARMA DHARMA CHAKRA SCHOOL, RUMTEK",Available,4000,Available,2,Available,Available,1,Not Available,Not Available
S1036,"EVERGREEN ENGLISH ACADEMY, MARTAM",Not Available,0,Not Available,0,Not Available,Not Available,0,Not Available,Not Available
C1492,"WOMEN ARTS COLLEGE, KHAMDONG, EAST SIKKIM",Not Available,0,Available,1,Available,Available,1,Not Available,Available
S0580,PELLING GOVERNMENT SENIOR SECONDARY SCHOOL,Available,1500,Available,5,Available,Available,2,Not Available,Not Available
S0667,PHAMTAM MAKERJUNG GOVERNMENT PRIMARY SCHOOL,Not Available,0,Not Available,0,Available,Available,1,Not Available,Not Available
S1177,"TASHI NAMGYAL ACADEMY, GANGTOK",Available,0,Available,30,Available,Available,3,Available,Available
S0850,"SRI SATYA SAI PRASHANTI VIDYA MANDIR, MIDDLE SICHEY",Available,400,Available,9,Available,Available,2,Not Available,Available
S1253,"VINEYARD ACADEMY, GITANG",Available,20,Not Available,0,Not Available,Available,1,Not Available,Not Available
S0645,MELLI KERABARI GOVERNMENT JUNIOR HIGH SCHOOL,Not Available,0,Available,2,Not Available,Available,1,Not Available,Not Available
S0554,SUBINKHOR GOVERNMENT PRIMARY SCHOOL,Not Available,0,Available,2,Available,Not Available,0,Not Available,Not Available
S1263,"JUVENTUS ACADEMY, TEMI",Available,25,Not Available,0,Not Available,Not Available,0,Not Available,Available
S0454,SINGITHANG GOVERNMENT PRIMARY SCHOOL,Not Available,0,Available,2,Available,Available,1,Not Available,Not Available
S0516,10TH MILE GOVERNMENT PRIMARY SCHOOL,Not Available,0,Not Available,0,Available,Available,1,Not Available,Not Available
S1164,"ANGELS ENGLISH SCHOOL, TURUK",Not Available,0,Not Available,0,Available,Not Available,0,Not Available,Not Available
S0968,"MOONLIGHT SCHOOL, CHUNGTHANG",Not Available,0,Not Available,0,Not Available,Not Available,0,Not Available,Available
S0299,OMCHUNG GOVERNMENT JUNIOR HIGH SCHOOL,Available,60,Available,2,Available,Available,1,Not Available,Not Available
S0586,TIKPUR GOVERNMENT SECONDARY SCHOOL,Available,100,Available,5,Available,Available,1,Not Available,Not Available
S0171,LOK DARA GOVERNMENT PRIMARY SCHOOL,Available,10,Available,2,Not Available,Available,1,Not Available,Not Available
S0012,HEE- GYATHANG GOVERNMENT SENIOR SECONDARY SCHOOL,Available,0,Available,5,Available,Available,1,Not Available,Not Available
S1019,"PEMA SAMPHEL ACADEMY, RALONG",Available,0,Available,1,Not Available,Available,1,Not Available,Available
S0081,DONGEYTHANG GOVERNMENT PRIMARY SCHOOL,Not Available,0,Not Available,0,Available,Available,1,Not Available,Not Available
S1246,MAJHITAR COMPOUND GOVERNMENT PRIMARY SCHOOL,Not Available,0,Not Available,0,Not Available,Not Available,0,Not Available,Not Available
S1210,"NEW STEPS ACADEMY, NAMTHANG",Not Available,0,Not Available,0,Not Available,Not Available,0,Not Available,Not Available
S0670,DALEP KEWZING GOVERNMENT JUNIOR HIGH SCHOOL,Available,140,Available,4,Available,Available,1,Not Available,Available
S0951,"LITTLE ANGELS ACADEMY ,DEVELOPMENT AREA",Available,60,Available,0,Not Available,Available,1,Not Available,Not Available
S0100,NAMCHEYBONG GOVERNMENT SECONDARY SCHOOL,Not Available,0,Available,5,Available,Available,1,Not Available,Not Available
S0493,UPPER KADAMTAM GOVERNMENT PRIMARY SCHOOL,Available,0,Not Available,0,Available,Available,1,Not Available,Not Available
S1149,"KYI-DE-KHANG SECONDARY SCHOOL, SICHEY",Available,0,Available,5,Available,Available,3,Available,Available
S0567,UPPER LINGMOO GOVERNMENT JUNIOR HIGH SCHOOL,Available,30,Available,2,Not Available,Not Available,0,Not Available,Not Available
S0747,CHINGTHANG GOVERNMENT JUNIOR HIGH SCHOOL,Available,30,Available,0,Not Available,Available,1,Not Available,Not Available
S0885,"RAINBOW PRIMARY SCHOOL, LINGDOK",Available,250,Available,2,Not Available,Available,1,Not Available,Not Available
S1002,"EAST POINT, YANGYANG",Not Available,0,Available,1,Available,Not Available,0,Not Available,Available
S0481,MINTOKGANG GOVERNMENT PRIMARY SCHOOL,Not Available,0,Available,2,Not Available,Available,1,Not Available,Not Available
S0595,KATENG MAKERZONG GOVERNMENT PRIMARY SCHOOL,Not Available,0,Available,2,Not Available,Not Available,0,Not Available,Not Available
S1000,"SAINT PAUL S ACADEMY, UPPER PAYONG",Available,0,Not Available,0,Not Available,Not Available,0,Not Available,Not Available
S1090,"BLOOM ACADEMY , CHAKUNG",Available,600,Available,1,Not Available,Available,1,Not Available,Available
S1175,"CHILDREN WORLD ACADEMY, LINGDONG",Available,50,Available,1,Available,Available,1,Not Available,Not Available
S0135,ROLEP GOVERNMENT SECONDARY SCHOOL,Not Available,0,Available,6,Available,Available,1,Not Available,Available
S0547,PALLUM GOVERNMENT PRIMARY SCHOOL(SSA),Not Available,0,Not Available,0,Not Available,Not Available,0,Not Available,Not Available
S1015,"MT. PANDIM ACADEMY, KEWZING",Not Available,0,Not Available,0,Available,Not Available,0,Available,Not Available
S0945,"ST. PATRICKS SCHOOL, ASSAM LINGZEY",Available,35,Available,2,Available,Available,1,Not Available,Not Available
S0921,"KIDDIES CORNER AN ENGLISH FOUNDATION SCHOOL, UPPER SICHEY",Available,300,Available,2,Available,Not Available,0,Not Available,Not Available
S0498,LOSSING GOVERNMENT PRIMARY SCHOOL,Not Available,0,Available,2,Not Available,Not Available,0,Not Available,Not Available
S0970,"NORTH WAY ACADEMY, PHENSONG",Available,0,Available,1,Not Available,Available,1,Not Available,Not Available
S0898,DONALD MEMORIAL ACADEMY RHENOCK,Not Available,0,Available,1,Available,Available,1,Available,Available
S0866,"BAHA I SCHOOL, LINKEY",Not Available,0,Available,1,Available,Available,1,Not Available,Available
S0340,TINGTING GAON GOVERNMENT PRIMARY SCHOOL,Available,40,Available,2,Available,Available,1,Not Available,Not Available
S0208,LUMSEY GOVERNMENT JUNIOR HIGH SCHOOL,Not Available,0,Available,2,Available,Available,1,Not Available,Not Available
S0647,LOWER TANAK GOVERNMENT PRIMARY SCHOOL,Not Available,0,Available,2,Not Available,Not Available,0,Not Available,Not Available
S0862,"SAI GURUKUL ACADEMY, NAMCHEYPONG",Available,500,Available,1,Not Available,Available,1,Not Available,Not Available
S0688,BORONG SUNTALEY GOVERNMENT PRIMARY SCHOOL,Not Available,0,Not Available,0,Available,Available,1,Not Available,Not Available
S0460,TAMATAM GOVERNMENT JUNIOR HIGH SCHOOL,Available,80,Available,2,Available,Available,1,Not Available,Available
S0080,MAMRING GOVERNMENT SENIOR SECONDARY SCHOOL,Available,475,Available,4,Available,Available,1,Not Available,Not Available
S1481,"PRATIVA ACADEMY ENGLISH SCHOOL, LOWER MANEYDARA JHOLUNGAY",Not Available,0,Not Available,0,Available,Available,1,Not Available,Not Available
S0338,MALBASAY GOVERNMENT JUNIOR HIGH SCHOOL,Available,0,Available,5,Available,Available,1,Not Available,Not Available
