danceability,energy,key,loudness,mode,speechiness,acousticness,instrumentalness,liveness,valence,tempo,type,id,uri,track_href,analysis_url,duration_ms,time_signature,genre,song_name,Unnamed: 0,title
0.6829999999999999,0.91,1,-3.843,0,0.292,0.256,0.0,0.0995,0.6659999999999999,182.31,audio_features,1W4LO8kuQ3ckCz3gpeJLJq,spotify:track:1W4LO8kuQ3ckCz3gpeJLJq,https://api.spotify.com/v1/tracks/1W4LO8kuQ3ckCz3gpeJLJq,https://api.spotify.com/v1/audio-analysis/1W4LO8kuQ3ckCz3gpeJLJq,303360,4,Hiphop,The Best,,
0.8270000000000001,0.65,1,-4.956,1,0.3429999999999999,0.0457,0.0,0.0935,0.4029999999999999,147.928,audio_features,3PA7cUP9KCmWBwa1ri3Jxo,spotify:track:3PA7cUP9KCmWBwa1ri3Jxo,https://api.spotify.com/v1/tracks/3PA7cUP9KCmWBwa1ri3Jxo,https://api.spotify.com/v1/audio-analysis/3PA7cUP9KCmWBwa1ri3Jxo,181859,4,Underground Rap,Durkio (feat. Lil Durk),,
0.459,0.966,9,-3.666,0,0.0563,0.00145,0.00188,0.18,0.303,174.0,audio_features,1HDeLsbO2G4GdILvfY2pzo,spotify:track:1HDeLsbO2G4GdILvfY2pzo,https://api.spotify.com/v1/tracks/1HDeLsbO2G4GdILvfY2pzo,https://api.spotify.com/v1/audio-analysis/1HDeLsbO2G4GdILvfY2pzo,231724,4,dnb,,16368.0,Liqduicity Drum & Bass
0.49,0.998,7,-4.955,0,0.0752,0.000174,0.787,0.873,0.376,138.0,audio_features,64Wx1Q14T3dBZJcBK5qcof,spotify:track:64Wx1Q14T3dBZJcBK5qcof,https://api.spotify.com/v1/tracks/64Wx1Q14T3dBZJcBK5qcof,https://api.spotify.com/v1/audio-analysis/64Wx1Q14T3dBZJcBK5qcof,457391,4,trance,,8576.0,Uplifting Trance.
0.753,0.897,5,-8.913,0,0.0517,0.153,0.862,0.125,0.394,124.999,audio_features,2yKgsIcqsVCyjqEPLSRd7I,spotify:track:2yKgsIcqsVCyjqEPLSRd7I,https://api.spotify.com/v1/tracks/2yKgsIcqsVCyjqEPLSRd7I,https://api.spotify.com/v1/audio-analysis/2yKgsIcqsVCyjqEPLSRd7I,466887,4,techno,,5565.0,Techno
0.478,0.962,6,-2.347,1,0.0899,0.0138,0.524,0.4320000000000001,0.309,149.95600000000005,audio_features,0p2eSJzEzNUm9gf6wlq3lY,spotify:track:0p2eSJzEzNUm9gf6wlq3lY,https://api.spotify.com/v1/tracks/0p2eSJzEzNUm9gf6wlq3lY,https://api.spotify.com/v1/audio-analysis/0p2eSJzEzNUm9gf6wlq3lY,204817,4,hardstyle,,20543.0,Euphoric Hardstyle - 2020
0.4579999999999999,0.845,2,-4.384,0,0.0422,0.000948,1.99e-06,0.359,0.175,119.994,audio_features,7cITfGsdjGaTP0b5oiLL0z,spotify:track:7cITfGsdjGaTP0b5oiLL0z,https://api.spotify.com/v1/tracks/7cITfGsdjGaTP0b5oiLL0z,https://api.spotify.com/v1/audio-analysis/7cITfGsdjGaTP0b5oiLL0z,238053,4,Emo,You're Not Alone,,
0.509,0.953,3,-2.221,0,0.0378,0.000239,0.459,0.123,0.257,160.105,audio_features,6QHeFdVcEcJSPZhMVql052,spotify:track:6QHeFdVcEcJSPZhMVql052,https://api.spotify.com/v1/tracks/6QHeFdVcEcJSPZhMVql052,https://api.spotify.com/v1/audio-analysis/6QHeFdVcEcJSPZhMVql052,246467,4,trap,,12784.0,Lost Lands 2019
0.624,0.993,7,-5.385,1,0.0785,0.00048,0.84,0.7859999999999999,0.7040000000000001,140.013,audio_features,7vIR3pcmJgYgGnv6KrdQLt,spotify:track:7vIR3pcmJgYgGnv6KrdQLt,https://api.spotify.com/v1/tracks/7vIR3pcmJgYgGnv6KrdQLt,https://api.spotify.com/v1/audio-analysis/7vIR3pcmJgYgGnv6KrdQLt,433763,4,psytrance,,9882.0,Psytrance New Releases 2020
0.598,0.427,7,-8.764,0,0.0317,0.0546,5.83e-06,0.21,0.0605,152.938,audio_features,3eekarcy7kvN4yt5ZFzltW,spotify:track:3eekarcy7kvN4yt5ZFzltW,https://api.spotify.com/v1/tracks/3eekarcy7kvN4yt5ZFzltW,https://api.spotify.com/v1/audio-analysis/3eekarcy7kvN4yt5ZFzltW,175721,4,Hiphop,HIGHEST IN THE ROOM,,
0.8590000000000001,0.433,6,-11.345999999999998,1,0.0663,0.195,0.0,0.0906,0.7070000000000001,141.981,audio_features,4XF1D03U8LuaLzlCMugIE5,spotify:track:4XF1D03U8LuaLzlCMugIE5,https://api.spotify.com/v1/tracks/4XF1D03U8LuaLzlCMugIE5,https://api.spotify.com/v1/audio-analysis/4XF1D03U8LuaLzlCMugIE5,108251,4,Dark Trap,Flex Like Ouu,,
0.522,0.728,3,-4.893,1,0.0434,0.184,1.87e-05,0.163,0.206,127.94,audio_features,22XOtlDMd6nP3zPjVYfPDX,spotify:track:22XOtlDMd6nP3zPjVYfPDX,https://api.spotify.com/v1/tracks/22XOtlDMd6nP3zPjVYfPDX,https://api.spotify.com/v1/audio-analysis/22XOtlDMd6nP3zPjVYfPDX,221250,4,trance,,7045.0,Top Trance Songs EVER
0.418,0.516,10,-10.404000000000002,0,0.0376,0.00943,0.8690000000000001,0.105,0.204,169.83,audio_features,26bnGcb0F0K6LJ1EWykbM7,spotify:track:26bnGcb0F0K6LJ1EWykbM7,https://api.spotify.com/v1/tracks/26bnGcb0F0K6LJ1EWykbM7,https://api.spotify.com/v1/audio-analysis/26bnGcb0F0K6LJ1EWykbM7,176236,4,Underground Rap,Out Da Feds,,
0.795,0.556,8,-8.292,1,0.289,0.591,0.0,0.358,0.687,141.112,audio_features,60CtMqVYhd1fuyLKa38MWu,spotify:track:60CtMqVYhd1fuyLKa38MWu,https://api.spotify.com/v1/tracks/60CtMqVYhd1fuyLKa38MWu,https://api.spotify.com/v1/audio-analysis/60CtMqVYhd1fuyLKa38MWu,175927,4,Underground Rap,Jungle,,
0.731,0.6609999999999999,6,-6.562,0,0.376,0.145,0.0,0.12,0.369,87.912,audio_features,2UOYzhusMTypF7oAQwksCj,spotify:track:2UOYzhusMTypF7oAQwksCj,https://api.spotify.com/v1/tracks/2UOYzhusMTypF7oAQwksCj,https://api.spotify.com/v1/audio-analysis/2UOYzhusMTypF7oAQwksCj,292520,4,Rap,Hood Politics,,
0.703,0.782,5,-4.16,1,0.141,0.2019999999999999,0.0,0.476,0.862,182.058,audio_features,5w86HjXc60QjhMUAFAeLTf,spotify:track:5w86HjXc60QjhMUAFAeLTf,https://api.spotify.com/v1/tracks/5w86HjXc60QjhMUAFAeLTf,https://api.spotify.com/v1/audio-analysis/5w86HjXc60QjhMUAFAeLTf,225653,4,RnB,There's Nothin (feat. The DEY & Juelz Santana) - new album version,,
0.584,0.813,0,-5.7810000000000015,1,0.0288,0.0072599999999999,0.0546,0.0828,0.934,135.012,audio_features,5mzicMRLJ24uiZE0Iv3NVF,spotify:track:5mzicMRLJ24uiZE0Iv3NVF,https://api.spotify.com/v1/tracks/5mzicMRLJ24uiZE0Iv3NVF,https://api.spotify.com/v1/audio-analysis/5mzicMRLJ24uiZE0Iv3NVF,223480,4,trance,,6565.0,Top Trance Songs EVER
0.7070000000000001,0.8320000000000001,1,-2.364,0,0.125,0.0163,1.17e-05,0.569,0.298,144.05100000000004,audio_features,2oh1VvPBDHvfA5dTRb8JVr,spotify:track:2oh1VvPBDHvfA5dTRb8JVr,https://api.spotify.com/v1/tracks/2oh1VvPBDHvfA5dTRb8JVr,https://api.spotify.com/v1/audio-analysis/2oh1VvPBDHvfA5dTRb8JVr,301671,4,trap,,12256.0,RIDDIM
0.551,0.8170000000000001,8,-7.479,1,0.0319,0.0148,0.901,0.0935,0.322,138.028,audio_features,4ICkowPvxuLjymzLRltHYT,spotify:track:4ICkowPvxuLjymzLRltHYT,https://api.spotify.com/v1/tracks/4ICkowPvxuLjymzLRltHYT,https://api.spotify.com/v1/audio-analysis/4ICkowPvxuLjymzLRltHYT,256897,4,trance,,6762.0,Top Trance Songs EVER
0.5,0.7190000000000001,8,-4.9030000000000005,1,0.0431,0.00328,0.887,0.0863,0.0944,173.956,audio_features,4bS2zDUhn7haBKL8ey4tl5,spotify:track:4bS2zDUhn7haBKL8ey4tl5,https://api.spotify.com/v1/tracks/4bS2zDUhn7haBKL8ey4tl5,https://api.spotify.com/v1/audio-analysis/4bS2zDUhn7haBKL8ey4tl5,271465,4,dnb,,16662.0,Liqduicity Drum & Bass
0.7559999999999999,0.4529999999999999,8,-9.965,1,0.318,0.0039,0.0,0.632,0.114,140.132,audio_features,00p85inzGeXRXgqDVn7Ftq,spotify:track:00p85inzGeXRXgqDVn7Ftq,https://api.spotify.com/v1/tracks/00p85inzGeXRXgqDVn7Ftq,https://api.spotify.com/v1/audio-analysis/00p85inzGeXRXgqDVn7Ftq,144380,4,Underground Rap,Laps,,
0.579,0.736,6,-3.863,0,0.0527,0.31,0.0,0.198,0.613,127.999,audio_features,2P4OICZRVAQcYAV2JReRfj,spotify:track:2P4OICZRVAQcYAV2JReRfj,https://api.spotify.com/v1/tracks/2P4OICZRVAQcYAV2JReRfj,https://api.spotify.com/v1/audio-analysis/2P4OICZRVAQcYAV2JReRfj,230613,4,Pop,Waiting For Love,,
0.537,0.815,10,-8.111,0,0.462,0.35,0.0,0.297,0.748,185.264,audio_features,5nKv9C0bINBS1RpT715pB5,spotify:track:5nKv9C0bINBS1RpT715pB5,https://api.spotify.com/v1/tracks/5nKv9C0bINBS1RpT715pB5,https://api.spotify.com/v1/audio-analysis/5nKv9C0bINBS1RpT715pB5,179069,4,Hiphop,It Never Rains,,
0.324,0.921,10,-4.584,0,0.389,0.0535,0.0,0.34,0.404,149.87,audio_features,0DkFbZ5HfTrol4dzfJx9t6,spotify:track:0DkFbZ5HfTrol4dzfJx9t6,https://api.spotify.com/v1/tracks/0DkFbZ5HfTrol4dzfJx9t6,https://api.spotify.com/v1/audio-analysis/0DkFbZ5HfTrol4dzfJx9t6,233117,4,hardstyle,,19207.0,Best Hardstyle ever made
0.419,0.598,2,-11.979,1,0.107,0.0261,0.3879999999999999,0.245,0.0875,120.034,audio_features,56qEPvcAKEZgzkgLfhka6M,spotify:track:56qEPvcAKEZgzkgLfhka6M,https://api.spotify.com/v1/tracks/56qEPvcAKEZgzkgLfhka6M,https://api.spotify.com/v1/audio-analysis/56qEPvcAKEZgzkgLfhka6M,176000,4,Dark Trap,Tonight,,
0.66,0.784,6,-7.696000000000001,1,0.285,0.0806,0.0,0.113,0.642,157.991,audio_features,6b4A1mLzePAHGn3XCicLAe,spotify:track:6b4A1mLzePAHGn3XCicLAe,https://api.spotify.com/v1/tracks/6b4A1mLzePAHGn3XCicLAe,https://api.spotify.com/v1/audio-analysis/6b4A1mLzePAHGn3XCicLAe,236107,4,Hiphop,SIRENS | Z1RENZ [FEAT. J.I.D | J.1.D],,
0.574,0.979,9,-3.502,0,0.102,0.00974,7.3e-05,0.102,0.231,147.987,audio_features,1PdNWd1VCWIl5pLa0eMBuu,spotify:track:1PdNWd1VCWIl5pLa0eMBuu,https://api.spotify.com/v1/tracks/1PdNWd1VCWIl5pLa0eMBuu,https://api.spotify.com/v1/audio-analysis/1PdNWd1VCWIl5pLa0eMBuu,206147,4,hardstyle,,19465.0,Hardstyle Hits 
0.3389999999999999,0.616,10,-10.413,1,0.0412,0.00492,0.691,0.272,0.0955,133.985,audio_features,0jurmsj9pRiPw7NP2Xyzlq,spotify:track:0jurmsj9pRiPw7NP2Xyzlq,https://api.spotify.com/v1/tracks/0jurmsj9pRiPw7NP2Xyzlq,https://api.spotify.com/v1/audio-analysis/0jurmsj9pRiPw7NP2Xyzlq,250774,4,Dark Trap,night drive,,
0.69,0.733,0,-8.573,0,0.0326,0.00616,0.696,0.0821,0.501,125.996,audio_features,0zZj6HD9tNIbi8Da8K2DvA,spotify:track:0zZj6HD9tNIbi8Da8K2DvA,https://api.spotify.com/v1/tracks/0zZj6HD9tNIbi8Da8K2DvA,https://api.spotify.com/v1/audio-analysis/0zZj6HD9tNIbi8Da8K2DvA,451280,4,trance,,6232.0,Vocal Melodic Trance Top 1000
0.605,0.7929999999999999,7,-3.084,0,0.297,0.0825,0.0,0.124,0.647,184.032,audio_features,21ugcKQyclYBZvzmCXsZ9x,spotify:track:21ugcKQyclYBZvzmCXsZ9x,https://api.spotify.com/v1/tracks/21ugcKQyclYBZvzmCXsZ9x,https://api.spotify.com/v1/audio-analysis/21ugcKQyclYBZvzmCXsZ9x,196640,4,RnB,Got 2 Luv U (feat. Alexis Jordan),,
0.779,0.455,1,-15.025,1,0.28,0.0542,0.0,0.177,0.1969999999999999,140.181,audio_features,7zBPzAjKAqQpcv8F8GCq5s,spotify:track:7zBPzAjKAqQpcv8F8GCq5s,https://api.spotify.com/v1/tracks/7zBPzAjKAqQpcv8F8GCq5s,https://api.spotify.com/v1/audio-analysis/7zBPzAjKAqQpcv8F8GCq5s,153429,4,Underground Rap,Uber Everywhere,,
0.483,0.6829999999999999,2,-6.903,0,0.0364,0.0105,0.000149,0.106,0.12,149.841,audio_features,5PSR3ul57ZNTQi4Al6xtUz,spotify:track:5PSR3ul57ZNTQi4Al6xtUz,https://api.spotify.com/v1/tracks/5PSR3ul57ZNTQi4Al6xtUz,https://api.spotify.com/v1/audio-analysis/5PSR3ul57ZNTQi4Al6xtUz,238421,4,hardstyle,,18964.0,Best Hardstyle ever made
0.823,0.723,0,-7.54,1,0.499,0.0509,0.00171,0.119,0.358,140.07,audio_features,45Yd7s3jhypgT8AUSLzj9D,spotify:track:45Yd7s3jhypgT8AUSLzj9D,https://api.spotify.com/v1/tracks/45Yd7s3jhypgT8AUSLzj9D,https://api.spotify.com/v1/audio-analysis/45Yd7s3jhypgT8AUSLzj9D,363707,4,trap,,13259.0,Lost Lands 2019
0.82,0.691,6,-6.646,0,0.0723,0.0115,0.0,0.344,0.6829999999999999,142.02700000000002,audio_features,4m5Cd9kAbIxg6t9sMrQWtk,spotify:track:4m5Cd9kAbIxg6t9sMrQWtk,https://api.spotify.com/v1/tracks/4m5Cd9kAbIxg6t9sMrQWtk,https://api.spotify.com/v1/audio-analysis/4m5Cd9kAbIxg6t9sMrQWtk,135739,4,RnB,TIC TOC,,
0.636,0.875,10,-5.0760000000000005,0,0.0556,0.0613,0.195,0.0845,0.25,150.017,audio_features,4CNpDuTB4AVKJ2cOMU6Rzc,spotify:track:4CNpDuTB4AVKJ2cOMU6Rzc,https://api.spotify.com/v1/tracks/4CNpDuTB4AVKJ2cOMU6Rzc,https://api.spotify.com/v1/audio-analysis/4CNpDuTB4AVKJ2cOMU6Rzc,354685,4,hardstyle,,20795.0,Euphoric Hardstyle
0.6779999999999999,0.7659999999999999,10,-6.171,1,0.0553,0.0142,0.0,0.0686,0.7340000000000001,175.166,audio_features,6kaQtI5Gkwg89tE5MgN13K,spotify:track:6kaQtI5Gkwg89tE5MgN13K,https://api.spotify.com/v1/tracks/6kaQtI5Gkwg89tE5MgN13K,https://api.spotify.com/v1/audio-analysis/6kaQtI5Gkwg89tE5MgN13K,155844,4,Pop,Neighborhood,,
0.618,0.902,3,-3.843,0,0.109,0.216,0.944,0.076,0.386,173.988,audio_features,7yXasjpiQNNbNgoUNvtBS3,spotify:track:7yXasjpiQNNbNgoUNvtBS3,https://api.spotify.com/v1/tracks/7yXasjpiQNNbNgoUNvtBS3,https://api.spotify.com/v1/audio-analysis/7yXasjpiQNNbNgoUNvtBS3,272903,4,dnb,,17728.0,Liqduicity Drum & Bass
0.633,0.931,4,-5.172000000000001,0,0.0342,0.0465,0.947,0.107,0.225,120.005,audio_features,6hlGRsmAUTXeK30lmvj3a5,spotify:track:6hlGRsmAUTXeK30lmvj3a5,https://api.spotify.com/v1/tracks/6hlGRsmAUTXeK30lmvj3a5,https://api.spotify.com/v1/audio-analysis/6hlGRsmAUTXeK30lmvj3a5,272000,4,Dark Trap,Elayshun,,
0.861,0.627,4,-6.438,1,0.342,0.35,0.0,0.1119999999999999,0.929,139.989,audio_features,7Ay41oJQbfdIrhfNy46PuD,spotify:track:7Ay41oJQbfdIrhfNy46PuD,https://api.spotify.com/v1/tracks/7Ay41oJQbfdIrhfNy46PuD,https://api.spotify.com/v1/audio-analysis/7Ay41oJQbfdIrhfNy46PuD,186096,4,Underground Rap,We Don't Luv Em,,
0.715,0.6679999999999999,9,-6.154,1,0.0591,0.0604,0.0,0.0985,0.455,120.061,audio_features,50RVg7YI6WpGtNVO3RsOp3,spotify:track:50RVg7YI6WpGtNVO3RsOp3,https://api.spotify.com/v1/tracks/50RVg7YI6WpGtNVO3RsOp3,https://api.spotify.com/v1/audio-analysis/50RVg7YI6WpGtNVO3RsOp3,120000,4,Underground Rap,Crushed,,
0.785,0.955,6,-5.711,1,0.0425,0.0168,0.591,0.0849,0.6409999999999999,123.977,audio_features,4T8VjkdqaUzF0fzweXBNEn,spotify:track:4T8VjkdqaUzF0fzweXBNEn,https://api.spotify.com/v1/tracks/4T8VjkdqaUzF0fzweXBNEn,https://api.spotify.com/v1/audio-analysis/4T8VjkdqaUzF0fzweXBNEn,200732,4,techhouse,,1641.0,Beatoirt Best New Tech House
0.805,0.706,1,-9.387,1,0.0363,7.57e-05,0.914,0.108,0.277,125.999,audio_features,18dSfbs1h0XVug1dHzMYrn,spotify:track:18dSfbs1h0XVug1dHzMYrn,https://api.spotify.com/v1/tracks/18dSfbs1h0XVug1dHzMYrn,https://api.spotify.com/v1/audio-analysis/18dSfbs1h0XVug1dHzMYrn,595887,4,techno,,4211.0,True Techno
0.588,0.562,7,-9.268,1,0.0318,0.4479999999999999,0.0344,0.1159999999999999,0.1009999999999999,157.974,audio_features,5zngPmemrzJyZ3EkeWEuPv,spotify:track:5zngPmemrzJyZ3EkeWEuPv,https://api.spotify.com/v1/tracks/5zngPmemrzJyZ3EkeWEuPv,https://api.spotify.com/v1/audio-analysis/5zngPmemrzJyZ3EkeWEuPv,196159,4,Underground Rap,Tightrope,,
0.54,0.96,7,-2.3280000000000003,1,0.5720000000000001,0.015,1.73e-06,0.119,0.0391,154.886,audio_features,2QFR0InGwGPZY1wPCrpb6a,spotify:track:2QFR0InGwGPZY1wPCrpb6a,https://api.spotify.com/v1/tracks/2QFR0InGwGPZY1wPCrpb6a,https://api.spotify.com/v1/audio-analysis/2QFR0InGwGPZY1wPCrpb6a,207554,4,hardstyle,,20117.0,Hardstyle 2020 | Updated Weekly
0.452,0.938,9,-6.327999999999999,0,0.114,0.14,0.468,0.361,0.178,138.024,audio_features,2QxkT2iPZfbFBUY3kuhedy,spotify:track:2QxkT2iPZfbFBUY3kuhedy,https://api.spotify.com/v1/tracks/2QxkT2iPZfbFBUY3kuhedy,https://api.spotify.com/v1/audio-analysis/2QxkT2iPZfbFBUY3kuhedy,229565,4,trance,,7214.0,"Uplifting Trance, Euphoric Trance"
0.4,0.918,8,-1.142,1,0.0812,0.0113,0.000947,0.159,0.309,148.45,audio_features,20nBgA6EYA9zQqE4I2sFD6,spotify:track:20nBgA6EYA9zQqE4I2sFD6,https://api.spotify.com/v1/tracks/20nBgA6EYA9zQqE4I2sFD6,https://api.spotify.com/v1/audio-analysis/20nBgA6EYA9zQqE4I2sFD6,179200,4,trap,,14019.0,HEADBANGERS:Dubstep/Riddim
0.7609999999999999,0.78,11,-12.743,0,0.076,5.11e-05,0.0108,0.364,0.19,125.985,audio_features,7JcwS1jXJo22Evj0Ej6zoN,spotify:track:7JcwS1jXJo22Evj0Ej6zoN,https://api.spotify.com/v1/tracks/7JcwS1jXJo22Evj0Ej6zoN,https://api.spotify.com/v1/audio-analysis/7JcwS1jXJo22Evj0Ej6zoN,496728,4,techno,,5521.0,Dark Techno Rave
0.5479999999999999,0.923,8,-2.654,0,0.0527,0.0531,3e-06,0.0375,0.425,174.048,audio_features,3KysI5xBjESoRGwwdhp2Vl,spotify:track:3KysI5xBjESoRGwwdhp2Vl,https://api.spotify.com/v1/tracks/3KysI5xBjESoRGwwdhp2Vl,https://api.spotify.com/v1/audio-analysis/3KysI5xBjESoRGwwdhp2Vl,245156,4,RnB,Remember Me (feat. Mary J. Blige),,
0.614,0.937,1,-7.443,1,0.115,0.00161,0.0013599999999999,0.103,0.386,169.96,audio_features,7bCfHiRcfUjG0YVVNUL7Ve,spotify:track:7bCfHiRcfUjG0YVVNUL7Ve,https://api.spotify.com/v1/tracks/7bCfHiRcfUjG0YVVNUL7Ve,https://api.spotify.com/v1/audio-analysis/7bCfHiRcfUjG0YVVNUL7Ve,105176,4,Underground Rap,E-GIRLS ARE RUINING MY LIFE!,,
0.611,0.989,1,-1.518,1,0.147,4.42e-05,0.835,0.0782,0.391,172.082,audio_features,6FOJxNaZiHuNBXWRzcs3IY,spotify:track:6FOJxNaZiHuNBXWRzcs3IY,https://api.spotify.com/v1/tracks/6FOJxNaZiHuNBXWRzcs3IY,https://api.spotify.com/v1/audio-analysis/6FOJxNaZiHuNBXWRzcs3IY,279419,4,dnb,,17542.0,UKF Drum & Bass - All Uploads
0.654,0.912,1,-6.892,1,0.0936,0.0041,0.888,0.209,0.14,140.00799999999998,audio_features,3MTXImhtiT5REjK2cFUnra,spotify:track:3MTXImhtiT5REjK2cFUnra,https://api.spotify.com/v1/tracks/3MTXImhtiT5REjK2cFUnra,https://api.spotify.com/v1/audio-analysis/3MTXImhtiT5REjK2cFUnra,459429,4,psytrance,,9724.0,PSYTRANCE BANGERS best new 2020
0.455,0.841,4,-5.877000000000002,0,0.195,0.00484,0.000619,0.153,0.0756,129.809,audio_features,1vVzpWnVMQTtia5dVmfiGD,spotify:track:1vVzpWnVMQTtia5dVmfiGD,https://api.spotify.com/v1/tracks/1vVzpWnVMQTtia5dVmfiGD,https://api.spotify.com/v1/audio-analysis/1vVzpWnVMQTtia5dVmfiGD,221510,4,trance,,7277.0,Trance 100 Chart - by Armada Music
0.486,0.921,11,-4.433,0,0.0481,0.0756,0.00027,0.103,0.215,131.984,audio_features,2uAxewaQILXWfMwOvbASYi,spotify:track:2uAxewaQILXWfMwOvbASYi,https://api.spotify.com/v1/tracks/2uAxewaQILXWfMwOvbASYi,https://api.spotify.com/v1/audio-analysis/2uAxewaQILXWfMwOvbASYi,245455,4,trance,,6713.0,Trance Mission
0.591,0.892,8,-6.114,0,0.293,0.0944,0.0,0.113,0.7120000000000001,179.69799999999998,audio_features,1fb6b2Mas9q2mWxJazzeRI,spotify:track:1fb6b2Mas9q2mWxJazzeRI,https://api.spotify.com/v1/tracks/1fb6b2Mas9q2mWxJazzeRI,https://api.spotify.com/v1/audio-analysis/1fb6b2Mas9q2mWxJazzeRI,213333,4,Hiphop,Waves,,
0.7090000000000001,0.86,7,-5.319,1,0.0427,0.00157,0.0859,0.0337,0.7070000000000001,124.959,audio_features,1EwjQiCUwlCtnu1vEuS2sP,spotify:track:1EwjQiCUwlCtnu1vEuS2sP,https://api.spotify.com/v1/tracks/1EwjQiCUwlCtnu1vEuS2sP,https://api.spotify.com/v1/audio-analysis/1EwjQiCUwlCtnu1vEuS2sP,222720,4,techhouse,,1350.0,Dirtybird//Techhouse by Mack\
0.409,0.931,11,-2.857,0,0.175,0.00508,0.00359,0.0801,0.386,149.876,audio_features,3JcqQUjOAx8A5e9gqTITF9,spotify:track:3JcqQUjOAx8A5e9gqTITF9,https://api.spotify.com/v1/tracks/3JcqQUjOAx8A5e9gqTITF9,https://api.spotify.com/v1/audio-analysis/3JcqQUjOAx8A5e9gqTITF9,243200,4,trap,,12185.0,I'm a fucking Headbanger
0.7020000000000001,0.966,6,-8.045,0,0.0597,1.9e-05,0.831,0.146,0.357,148.012,audio_features,3fVpJOx9OKCwiKVc6XbCuV,spotify:track:3fVpJOx9OKCwiKVc6XbCuV,https://api.spotify.com/v1/tracks/3fVpJOx9OKCwiKVc6XbCuV,https://api.spotify.com/v1/audio-analysis/3fVpJOx9OKCwiKVc6XbCuV,432000,4,psytrance,,11080.0,Psytrance: From Full on to Forrest Trance
0.657,0.873,10,-4.176,0,0.126,0.000407,0.0621,0.6779999999999999,0.088,150.031,audio_features,3rAMadwfaIpV3g5ryAzxpu,spotify:track:3rAMadwfaIpV3g5ryAzxpu,https://api.spotify.com/v1/tracks/3rAMadwfaIpV3g5ryAzxpu,https://api.spotify.com/v1/audio-analysis/3rAMadwfaIpV3g5ryAzxpu,208000,4,trap,,14715.0,Headbangers:Dubstep/Riddim
0.928,0.437,1,-7.081,0,0.127,0.144,0.000357,0.147,0.496,200.112,audio_features,5oZps6mYqU5s7A4WjUZggJ,spotify:track:5oZps6mYqU5s7A4WjUZggJ,https://api.spotify.com/v1/tracks/5oZps6mYqU5s7A4WjUZggJ,https://api.spotify.com/v1/audio-analysis/5oZps6mYqU5s7A4WjUZggJ,212613,4,Underground Rap,Lockdown,,
0.528,0.911,5,-4.55,0,0.0296,1.06e-05,0.93,0.632,0.381,135.033,audio_features,2h6eLyTIksXAihpRqcniwY,spotify:track:2h6eLyTIksXAihpRqcniwY,https://api.spotify.com/v1/tracks/2h6eLyTIksXAihpRqcniwY,https://api.spotify.com/v1/audio-analysis/2h6eLyTIksXAihpRqcniwY,202667,4,Dark Trap,B E C O M E,,
0.273,0.2289999999999999,6,-17.882,1,0.0307,0.542,0.927,0.373,0.0398,119.914,audio_features,3KMFdr3gOum27wl0ahZG4Y,spotify:track:3KMFdr3gOum27wl0ahZG4Y,https://api.spotify.com/v1/tracks/3KMFdr3gOum27wl0ahZG4Y,https://api.spotify.com/v1/audio-analysis/3KMFdr3gOum27wl0ahZG4Y,240039,4,Dark Trap,Memory,,
0.773,0.7040000000000001,1,-7.522,1,0.361,0.1169999999999999,0.0515,0.1989999999999999,0.462,139.98,audio_features,3YtodTsBAxsuMawEfcy9Vl,spotify:track:3YtodTsBAxsuMawEfcy9Vl,https://api.spotify.com/v1/tracks/3YtodTsBAxsuMawEfcy9Vl,https://api.spotify.com/v1/audio-analysis/3YtodTsBAxsuMawEfcy9Vl,171621,4,Trap Metal,Artifacts/System Error,,
0.6890000000000001,0.481,10,-7.502999999999999,1,0.0815,0.369,1.03e-06,0.0649,0.283,160.05,audio_features,2JzZzZUQj3Qff7wapcbKjc,spotify:track:2JzZzZUQj3Qff7wapcbKjc,https://api.spotify.com/v1/tracks/2JzZzZUQj3Qff7wapcbKjc,https://api.spotify.com/v1/audio-analysis/2JzZzZUQj3Qff7wapcbKjc,229526,4,Pop,See You Again (feat. Charlie Puth),,
0.6779999999999999,0.7290000000000001,6,-9.774,0,0.0416,0.00609,0.787,0.114,0.132,130.007,audio_features,5zz6yEXoAS1xXrqQWomZdb,spotify:track:5zz6yEXoAS1xXrqQWomZdb,https://api.spotify.com/v1/tracks/5zz6yEXoAS1xXrqQWomZdb,https://api.spotify.com/v1/audio-analysis/5zz6yEXoAS1xXrqQWomZdb,430154,4,techno,,3422.0,Techno
0.7490000000000001,0.958,9,-5.3020000000000005,0,0.0688,0.00483,0.0108,0.0696,0.8370000000000001,123.983,audio_features,4UFzDMXNuFkMKGPkBJeqP5,spotify:track:4UFzDMXNuFkMKGPkBJeqP5,https://api.spotify.com/v1/tracks/4UFzDMXNuFkMKGPkBJeqP5,https://api.spotify.com/v1/audio-analysis/4UFzDMXNuFkMKGPkBJeqP5,205189,4,techhouse,,2453.0,Tech House Pizza
0.487,0.922,1,-2.88,1,0.0837,0.0885,0.0,0.155,0.427,156.254,audio_features,5zV2LzTAaYWDyY0ubx1axe,spotify:track:5zV2LzTAaYWDyY0ubx1axe,https://api.spotify.com/v1/tracks/5zV2LzTAaYWDyY0ubx1axe,https://api.spotify.com/v1/audio-analysis/5zV2LzTAaYWDyY0ubx1axe,102587,4,Trap Metal,SHINNERS13,,
0.602,0.875,10,-5.856,0,0.0387,0.00228,0.906,0.395,0.218,148.033,audio_features,7JW1xZU4ivm5qJrl0hBCMo,spotify:track:7JW1xZU4ivm5qJrl0hBCMo,https://api.spotify.com/v1/tracks/7JW1xZU4ivm5qJrl0hBCMo,https://api.spotify.com/v1/audio-analysis/7JW1xZU4ivm5qJrl0hBCMo,280895,4,hardstyle,,20783.0,Best Hardstyle ever made
0.738,0.951,6,-9.54,0,0.07,0.000146,0.8270000000000001,0.102,0.405,128.024,audio_features,45QIw9dGSssoNQkm0FSowg,spotify:track:45QIw9dGSssoNQkm0FSowg,https://api.spotify.com/v1/tracks/45QIw9dGSssoNQkm0FSowg,https://api.spotify.com/v1/audio-analysis/45QIw9dGSssoNQkm0FSowg,405142,4,techno,,5848.0,Dark Techno Rave
0.733,0.405,7,-8.74,1,0.0278,0.291,0.0,0.365,0.467,200.04,audio_features,4RQFyVdJpn87nbz4pUGCRX,spotify:track:4RQFyVdJpn87nbz4pUGCRX,https://api.spotify.com/v1/tracks/4RQFyVdJpn87nbz4pUGCRX,https://api.spotify.com/v1/audio-analysis/4RQFyVdJpn87nbz4pUGCRX,240884,4,RnB,More Than Words,,
0.76,0.964,2,-5.843999999999999,1,0.0576,0.00182,0.7,0.0974,0.6409999999999999,125.0,audio_features,05LvE6ySn6hEcHdAJ7N19z,spotify:track:05LvE6ySn6hEcHdAJ7N19z,https://api.spotify.com/v1/tracks/05LvE6ySn6hEcHdAJ7N19z,https://api.spotify.com/v1/audio-analysis/05LvE6ySn6hEcHdAJ7N19z,248036,4,techhouse,,353.0,blanc | Tech House
0.605,0.974,1,-5.204,1,0.0494,3.24e-05,0.851,0.406,0.31,145.033,audio_features,15a7gGKvBD4EMNpC0hfo5c,spotify:track:15a7gGKvBD4EMNpC0hfo5c,https://api.spotify.com/v1/tracks/15a7gGKvBD4EMNpC0hfo5c,https://api.spotify.com/v1/audio-analysis/15a7gGKvBD4EMNpC0hfo5c,426218,4,psytrance,,11026.0,Psytrance: From Full on to Forrest Trance
0.7040000000000001,0.569,9,-4.322,0,0.0598,0.131,0.0,0.111,0.326,134.092,audio_features,5fw1OTmI7ksd1SPVREYopG,spotify:track:5fw1OTmI7ksd1SPVREYopG,https://api.spotify.com/v1/tracks/5fw1OTmI7ksd1SPVREYopG,https://api.spotify.com/v1/audio-analysis/5fw1OTmI7ksd1SPVREYopG,305480,4,Underground Rap,Capitol (feat. 2 Chainz),,
0.48,0.974,1,-5.682,1,0.117,0.00014,0.5720000000000001,0.336,0.0639,137.971,audio_features,5elENi7cS8joZFwVBiSVWe,spotify:track:5elENi7cS8joZFwVBiSVWe,https://api.spotify.com/v1/tracks/5elENi7cS8joZFwVBiSVWe,https://api.spotify.com/v1/audio-analysis/5elENi7cS8joZFwVBiSVWe,239506,4,trance,,8618.0,Vocal Melodic Trance Top 1000
0.777,0.883,7,-8.377,1,0.0833,0.0391,0.588,0.126,0.267,126.987,audio_features,4JZdi4DSds3oMSYeBUQosp,spotify:track:4JZdi4DSds3oMSYeBUQosp,https://api.spotify.com/v1/tracks/4JZdi4DSds3oMSYeBUQosp,https://api.spotify.com/v1/audio-analysis/4JZdi4DSds3oMSYeBUQosp,181417,4,techhouse,,2310.0,Dirtybird Players
0.544,0.843,9,-6.773,1,0.155,0.0182,0.0509,0.44,0.1119999999999999,145.026,audio_features,1813ciEjNbGOBs1pou6GRd,spotify:track:1813ciEjNbGOBs1pou6GRd,https://api.spotify.com/v1/tracks/1813ciEjNbGOBs1pou6GRd,https://api.spotify.com/v1/audio-analysis/1813ciEjNbGOBs1pou6GRd,240000,4,Dark Trap,No Marks of Despair This Time,,
0.8270000000000001,0.7709999999999999,0,-4.374,1,0.318,0.0456,0.0,0.109,0.545,149.86700000000002,audio_features,1e0HLyx0SlmAhwTm2un9ft,spotify:track:1e0HLyx0SlmAhwTm2un9ft,https://api.spotify.com/v1/tracks/1e0HLyx0SlmAhwTm2un9ft,https://api.spotify.com/v1/audio-analysis/1e0HLyx0SlmAhwTm2un9ft,166452,4,Dark Trap,Sea Sick,,
0.52,0.934,3,-4.426,1,0.0621,0.000475,4.23e-05,0.0719,0.317,191.846,audio_features,45DVlz0NtoU21E2yEr9ZUI,spotify:track:45DVlz0NtoU21E2yEr9ZUI,https://api.spotify.com/v1/tracks/45DVlz0NtoU21E2yEr9ZUI,https://api.spotify.com/v1/audio-analysis/45DVlz0NtoU21E2yEr9ZUI,250032,4,Trap Metal,Twist Of Fate/ Cobra,,
0.613,0.61,2,-7.505,1,0.0408,0.000758,0.8390000000000001,0.0881,0.1119999999999999,199.988,audio_features,2CmCXnFBbseLTj46bp9khK,spotify:track:2CmCXnFBbseLTj46bp9khK,https://api.spotify.com/v1/tracks/2CmCXnFBbseLTj46bp9khK,https://api.spotify.com/v1/audio-analysis/2CmCXnFBbseLTj46bp9khK,238000,4,Dark Trap,Inferno,,
0.6559999999999999,0.813,7,-10.447,1,0.0411,9.72e-05,0.8690000000000001,0.202,0.121,141.988,audio_features,3ELzDXKsi72cKSkxJBXDKB,spotify:track:3ELzDXKsi72cKSkxJBXDKB,https://api.spotify.com/v1/tracks/3ELzDXKsi72cKSkxJBXDKB,https://api.spotify.com/v1/audio-analysis/3ELzDXKsi72cKSkxJBXDKB,446320,4,psytrance,,9931.0,Psytrance: From Full on to Forrest Trance
0.53,0.979,1,-4.643,0,0.0501,0.000266,0.0446,0.877,0.284,138.02100000000002,audio_features,3CK8ZRihFgpaVzfJdy4OGM,spotify:track:3CK8ZRihFgpaVzfJdy4OGM,https://api.spotify.com/v1/tracks/3CK8ZRihFgpaVzfJdy4OGM,https://api.spotify.com/v1/audio-analysis/3CK8ZRihFgpaVzfJdy4OGM,206957,4,trance,,7729.0,UPLIFTING TRANCE 2020
0.8540000000000001,0.98,1,-1.181,1,0.0569,0.263,0.00053,0.5479999999999999,0.255,110.001,audio_features,3SCVHoGHV7GL0hmqcOIpqh,spotify:track:3SCVHoGHV7GL0hmqcOIpqh,https://api.spotify.com/v1/tracks/3SCVHoGHV7GL0hmqcOIpqh,https://api.spotify.com/v1/audio-analysis/3SCVHoGHV7GL0hmqcOIpqh,122000,4,Underground Rap,Memoirs Of A Gorilla,,
0.81,0.782,9,-3.783,1,0.413,0.00714,0.0,0.1889999999999999,0.636,140.028,audio_features,3J1zD09c70qKnrYYSYzEhw,spotify:track:3J1zD09c70qKnrYYSYzEhw,https://api.spotify.com/v1/tracks/3J1zD09c70qKnrYYSYzEhw,https://api.spotify.com/v1/audio-analysis/3J1zD09c70qKnrYYSYzEhw,89789,4,Trap Metal,Tip Toe Freestyle,,
0.392,0.499,11,-6.997000000000001,1,0.0425,0.0166,0.0,0.2339999999999999,0.2319999999999999,135.55100000000002,audio_features,3Mf5CJ4c9wzdCI5Dib3V3B,spotify:track:3Mf5CJ4c9wzdCI5Dib3V3B,https://api.spotify.com/v1/tracks/3Mf5CJ4c9wzdCI5Dib3V3B,https://api.spotify.com/v1/audio-analysis/3Mf5CJ4c9wzdCI5Dib3V3B,159080,4,Dark Trap,driveway,,
0.418,0.7709999999999999,10,-7.188,0,0.0738,0.0607,0.00604,0.449,0.405,194.6,audio_features,5FhaG2uuOPmPcGXO9aniCH,spotify:track:5FhaG2uuOPmPcGXO9aniCH,https://api.spotify.com/v1/tracks/5FhaG2uuOPmPcGXO9aniCH,https://api.spotify.com/v1/audio-analysis/5FhaG2uuOPmPcGXO9aniCH,416693,4,Underground Rap,The Incredible True Story,,
0.5579999999999999,0.647,8,-6.781000000000001,1,0.1369999999999999,0.0839,0.6409999999999999,0.0855,0.168,139.99,audio_features,35v0JWBGJij1KMTzXfY7os,spotify:track:35v0JWBGJij1KMTzXfY7os,https://api.spotify.com/v1/tracks/35v0JWBGJij1KMTzXfY7os,https://api.spotify.com/v1/audio-analysis/35v0JWBGJij1KMTzXfY7os,173364,4,Dark Trap,Redose,,
0.445,0.7040000000000001,9,-12.456,1,0.081,0.00367,0.0176,0.588,0.226,131.954,audio_features,6b1sc3zme0CfC9DXUCfv30,spotify:track:6b1sc3zme0CfC9DXUCfv30,https://api.spotify.com/v1/tracks/6b1sc3zme0CfC9DXUCfv30,https://api.spotify.com/v1/audio-analysis/6b1sc3zme0CfC9DXUCfv30,279074,4,trance,,7180.0,State if Trance (The best ASOT Epsidoes)
0.695,0.84,6,-1.924,0,0.258,0.00234,0.604,0.6,0.447,174.015,audio_features,2IWCzaPktqDr4NoJ91yyLh,spotify:track:2IWCzaPktqDr4NoJ91yyLh,https://api.spotify.com/v1/tracks/2IWCzaPktqDr4NoJ91yyLh,https://api.spotify.com/v1/audio-analysis/2IWCzaPktqDr4NoJ91yyLh,251015,4,dnb,,15918.0,UKF Drum & Bass - All Uploads
0.4320000000000001,0.923,2,-4.013999999999999,1,0.0377,0.00452,0.0534,0.217,0.155,174.01,audio_features,6KZXPTx6yXw6uQQ0d4fcvI,spotify:track:6KZXPTx6yXw6uQQ0d4fcvI,https://api.spotify.com/v1/tracks/6KZXPTx6yXw6uQQ0d4fcvI,https://api.spotify.com/v1/audio-analysis/6KZXPTx6yXw6uQQ0d4fcvI,247097,4,dnb,,15135.0,Liqduicity Drum & Bass
0.8079999999999999,0.8079999999999999,5,-7.725,1,0.0447,0.0116,0.622,0.104,0.564,124.008,audio_features,5SvXG5RgHoIxSeXDSlB55G,spotify:track:5SvXG5RgHoIxSeXDSlB55G,https://api.spotify.com/v1/tracks/5SvXG5RgHoIxSeXDSlB55G,https://api.spotify.com/v1/audio-analysis/5SvXG5RgHoIxSeXDSlB55G,298065,4,techhouse,,459.0,Dirtybird Players
0.831,0.928,8,-4.987,1,0.0529,0.00865,0.426,0.0492,0.575,125.01,audio_features,4g4CHzjpCJm9BJMVr3mXhV,spotify:track:4g4CHzjpCJm9BJMVr3mXhV,https://api.spotify.com/v1/tracks/4g4CHzjpCJm9BJMVr3mXhV,https://api.spotify.com/v1/audio-analysis/4g4CHzjpCJm9BJMVr3mXhV,220157,4,techhouse,,274.0,Dirtybird//Techhouse by Mack\
0.746,0.8690000000000001,1,-7.437,1,0.0573,0.000831,0.7040000000000001,0.0725,0.5870000000000001,126.028,audio_features,7fdoXy1jI8JbeyVLQnT0DO,spotify:track:7fdoXy1jI8JbeyVLQnT0DO,https://api.spotify.com/v1/tracks/7fdoXy1jI8JbeyVLQnT0DO,https://api.spotify.com/v1/audio-analysis/7fdoXy1jI8JbeyVLQnT0DO,248571,4,techhouse,,1796.0,Tech house
0.564,0.774,7,-5.4060000000000015,0,0.0418,0.0217,0.8959999999999999,0.0617,0.371,172.019,audio_features,1QJOccTiJEbvNAOGvgRGz7,spotify:track:1QJOccTiJEbvNAOGvgRGz7,https://api.spotify.com/v1/tracks/1QJOccTiJEbvNAOGvgRGz7,https://api.spotify.com/v1/audio-analysis/1QJOccTiJEbvNAOGvgRGz7,346880,4,dnb,,15843.0,UKF Drum & Bass - All Uploads
0.4320000000000001,0.962,2,-5.834,1,0.13,0.00193,0.162,0.63,0.124,138.01,audio_features,6xyHjM4VecIRZDUldiiBA5,spotify:track:6xyHjM4VecIRZDUldiiBA5,https://api.spotify.com/v1/tracks/6xyHjM4VecIRZDUldiiBA5,https://api.spotify.com/v1/audio-analysis/6xyHjM4VecIRZDUldiiBA5,219085,4,trance,,8997.0,Uplifting | Trance
0.8170000000000001,0.883,1,-1.765,1,0.237,0.00782,0.0226,0.114,0.728,150.092,audio_features,2Ez8VyXtJAb63fEPyQTJxZ,spotify:track:2Ez8VyXtJAb63fEPyQTJxZ,https://api.spotify.com/v1/tracks/2Ez8VyXtJAb63fEPyQTJxZ,https://api.spotify.com/v1/audio-analysis/2Ez8VyXtJAb63fEPyQTJxZ,193600,4,trap,,12826.0,Riddim or die
0.429,0.805,0,-3.663,0,0.0779,0.0348,0.0,0.211,0.281,182.502,audio_features,5PHy88L5QH1VGggC8HVktN,spotify:track:5PHy88L5QH1VGggC8HVktN,https://api.spotify.com/v1/tracks/5PHy88L5QH1VGggC8HVktN,https://api.spotify.com/v1/audio-analysis/5PHy88L5QH1VGggC8HVktN,161625,5,Underground Rap,Fuck a Wedding Ring I Got Her a Cock (feat. Drew Will$ & Wetback Manny),,
0.63,0.53,0,-7.258999999999999,1,0.0434,0.4,0.0,0.177,0.417,108.038,audio_features,2YlZnw2ikdb837oKMKjBkW,spotify:track:2YlZnw2ikdb837oKMKjBkW,https://api.spotify.com/v1/tracks/2YlZnw2ikdb837oKMKjBkW,https://api.spotify.com/v1/audio-analysis/2YlZnw2ikdb837oKMKjBkW,225053,3,Emo,Like I'm Gonna Lose You (feat. John Legend),,
0.755,0.298,1,-15.032,1,0.0915,0.154,0.3289999999999999,0.1009999999999999,0.0372,199.958,audio_features,28xkYPSP0P5xu5vT6MQfCy,spotify:track:28xkYPSP0P5xu5vT6MQfCy,https://api.spotify.com/v1/tracks/28xkYPSP0P5xu5vT6MQfCy,https://api.spotify.com/v1/audio-analysis/28xkYPSP0P5xu5vT6MQfCy,123054,4,Dark Trap,"Okay,ButThisIsTheLastTime",,
0.674,0.695,6,-8.636000000000001,0,0.278,0.0387,0.00202,0.1939999999999999,0.773,151.486,audio_features,6ScJMrlpiLfZUGtWp4QIVt,spotify:track:6ScJMrlpiLfZUGtWp4QIVt,https://api.spotify.com/v1/tracks/6ScJMrlpiLfZUGtWp4QIVt,https://api.spotify.com/v1/audio-analysis/6ScJMrlpiLfZUGtWp4QIVt,221840,4,Hiphop,A Milli,,
0.664,0.3989999999999999,5,-12.741,0,0.0423,0.0134,0.775,0.111,0.122,119.948,audio_features,4ZrI5Qslv0cJ3GWppbZFLZ,spotify:track:4ZrI5Qslv0cJ3GWppbZFLZ,https://api.spotify.com/v1/tracks/4ZrI5Qslv0cJ3GWppbZFLZ,https://api.spotify.com/v1/audio-analysis/4ZrI5Qslv0cJ3GWppbZFLZ,180000,4,Dark Trap,RED (NEGATIVE SIXTY),,
0.735,0.662,1,-7.862,1,0.05,0.0104,0.0,0.153,0.124,175.998,audio_features,3v84EI4rMdsqJ95MxwIjQa,spotify:track:3v84EI4rMdsqJ95MxwIjQa,https://api.spotify.com/v1/tracks/3v84EI4rMdsqJ95MxwIjQa,https://api.spotify.com/v1/audio-analysis/3v84EI4rMdsqJ95MxwIjQa,101353,4,Underground Rap,Sleepy Hollow,,
0.885,0.905,5,-0.72,0,0.0843,0.249,0.00294,0.108,0.23,120.005,audio_features,5rC6VxvUj8T4XZtuURU0RZ,spotify:track:5rC6VxvUj8T4XZtuURU0RZ,https://api.spotify.com/v1/tracks/5rC6VxvUj8T4XZtuURU0RZ,https://api.spotify.com/v1/audio-analysis/5rC6VxvUj8T4XZtuURU0RZ,131305,4,Dark Trap,Magazine,,
0.614,0.937,1,-7.443,1,0.115,0.00161,0.0013599999999999,0.103,0.386,169.96,audio_features,7bCfHiRcfUjG0YVVNUL7Ve,spotify:track:7bCfHiRcfUjG0YVVNUL7Ve,https://api.spotify.com/v1/tracks/7bCfHiRcfUjG0YVVNUL7Ve,https://api.spotify.com/v1/audio-analysis/7bCfHiRcfUjG0YVVNUL7Ve,105176,4,Trap Metal,E-GIRLS ARE RUINING MY LIFE!,,
0.562,0.623,7,-4.973,0,0.124,0.86,0.0045,0.134,0.539,171.722,audio_features,1jlU6JBZHfTI5AECtfapR9,spotify:track:1jlU6JBZHfTI5AECtfapR9,https://api.spotify.com/v1/tracks/1jlU6JBZHfTI5AECtfapR9,https://api.spotify.com/v1/audio-analysis/1jlU6JBZHfTI5AECtfapR9,77896,4,Hiphop,Smile 2,,
0.6659999999999999,0.979,7,-1.117,0,0.232,0.00232,0.00024,0.368,0.404,144.924,audio_features,2Gz1uAbGmZmqj5xf6272BH,spotify:track:2Gz1uAbGmZmqj5xf6272BH,https://api.spotify.com/v1/tracks/2Gz1uAbGmZmqj5xf6272BH,https://api.spotify.com/v1/audio-analysis/2Gz1uAbGmZmqj5xf6272BH,233379,4,trap,,14685.0,HEADBANGERS:Dubstep/Riddim
0.599,0.898,5,-5.19,0,0.0412,0.00425,0.8340000000000001,0.121,0.5589999999999999,144.995,audio_features,1swNuv0TH9hveMnvKGLeig,spotify:track:1swNuv0TH9hveMnvKGLeig,https://api.spotify.com/v1/tracks/1swNuv0TH9hveMnvKGLeig,https://api.spotify.com/v1/audio-analysis/1swNuv0TH9hveMnvKGLeig,424138,4,psytrance,,9744.0,Psy Trance Full-on Morning
0.5579999999999999,0.8190000000000001,2,-2.9210000000000003,0,0.05,0.0631,0.00135,0.195,0.145,174.03,audio_features,6qklfbUJ5Nq1NLb19OcyPG,spotify:track:6qklfbUJ5Nq1NLb19OcyPG,https://api.spotify.com/v1/tracks/6qklfbUJ5Nq1NLb19OcyPG,https://api.spotify.com/v1/audio-analysis/6qklfbUJ5Nq1NLb19OcyPG,206943,4,dnb,,16211.0,Drum and Bass 2020
0.393,0.98,4,-2.135,1,0.31,0.0114,0.0,0.386,0.151,149.96200000000005,audio_features,0ZqAT0zZXj9kSWZnMAgXHh,spotify:track:0ZqAT0zZXj9kSWZnMAgXHh,https://api.spotify.com/v1/tracks/0ZqAT0zZXj9kSWZnMAgXHh,https://api.spotify.com/v1/audio-analysis/0ZqAT0zZXj9kSWZnMAgXHh,244913,4,hardstyle,,19982.0,Euphoric Hardstyle
0.52,0.905,5,-6.622999999999998,1,0.116,0.0147,8.48e-06,0.125,0.094,130.02100000000002,audio_features,6FRFw1JU6b79Bt3IUGc3ZU,spotify:track:6FRFw1JU6b79Bt3IUGc3ZU,https://api.spotify.com/v1/tracks/6FRFw1JU6b79Bt3IUGc3ZU,https://api.spotify.com/v1/audio-analysis/6FRFw1JU6b79Bt3IUGc3ZU,308393,4,trance,,6264.0,Vocal Melodic Trance Top 1000
0.68,0.903,9,-7.581,0,0.0453,0.00304,0.932,0.102,0.5489999999999999,139.984,audio_features,2umRYeztWen1j0n4p5Va3j,spotify:track:2umRYeztWen1j0n4p5Va3j,https://api.spotify.com/v1/tracks/2umRYeztWen1j0n4p5Va3j,https://api.spotify.com/v1/audio-analysis/2umRYeztWen1j0n4p5Va3j,431055,4,trance,,7653.0,Top Trance Songs EVER
0.5760000000000001,0.927,7,-2.71,1,0.116,0.000975,2.58e-05,0.0793,0.117,150.065,audio_features,3IxVY4QvwdmtRnkDxj90Mv,spotify:track:3IxVY4QvwdmtRnkDxj90Mv,https://api.spotify.com/v1/tracks/3IxVY4QvwdmtRnkDxj90Mv,https://api.spotify.com/v1/audio-analysis/3IxVY4QvwdmtRnkDxj90Mv,228804,4,trap,,13475.0,HEADBANGERS:Dubstep/Riddim
0.534,0.973,0,-2.452,1,0.0823,0.0088,0.423,0.111,0.347,171.968,audio_features,4qZkFcpbvgqs7LgGHRgmXa,spotify:track:4qZkFcpbvgqs7LgGHRgmXa,https://api.spotify.com/v1/tracks/4qZkFcpbvgqs7LgGHRgmXa,https://api.spotify.com/v1/audio-analysis/4qZkFcpbvgqs7LgGHRgmXa,360000,4,dnb,,15771.0,Massive Drum & Bass
0.743,0.732,8,-4.511,1,0.104,0.0509,1.77e-05,0.2269999999999999,0.3389999999999999,123.994,audio_features,7hf89cT5FEmLV5E9fjrjG7,spotify:track:7hf89cT5FEmLV5E9fjrjG7,https://api.spotify.com/v1/tracks/7hf89cT5FEmLV5E9fjrjG7,https://api.spotify.com/v1/audio-analysis/7hf89cT5FEmLV5E9fjrjG7,203373,4,Dark Trap,Beamer Boy,,
0.428,0.868,1,-3.647,1,0.0444,6.49e-05,0.0,0.0735,0.407,148.91,audio_features,2I24iuYNtqNuFD8XbNHu8Q,spotify:track:2I24iuYNtqNuFD8XbNHu8Q,https://api.spotify.com/v1/tracks/2I24iuYNtqNuFD8XbNHu8Q,https://api.spotify.com/v1/audio-analysis/2I24iuYNtqNuFD8XbNHu8Q,216000,4,Emo,Jamie All Over,,
0.5589999999999999,0.915,3,-2.966,0,0.104,0.00243,0.584,0.357,0.131,149.996,audio_features,1KjPA4WuhmtIqhPQZM4jWr,spotify:track:1KjPA4WuhmtIqhPQZM4jWr,https://api.spotify.com/v1/tracks/1KjPA4WuhmtIqhPQZM4jWr,https://api.spotify.com/v1/audio-analysis/1KjPA4WuhmtIqhPQZM4jWr,177846,4,trap,,12588.0,Lost Lands 2020
0.805,0.422,1,-13.546,1,0.302,0.0112,0.0,0.351,0.88,154.172,audio_features,65V56IbZLtx57pqU6c6gWv,spotify:track:65V56IbZLtx57pqU6c6gWv,https://api.spotify.com/v1/tracks/65V56IbZLtx57pqU6c6gWv,https://api.spotify.com/v1/audio-analysis/65V56IbZLtx57pqU6c6gWv,221067,4,Hiphop,Once Upon A Time In The Projects,,
0.44,0.952,0,-6.069,1,0.0832,0.00787,0.0224,0.6990000000000001,0.194,149.988,audio_features,1kIk8McoZus0vFXKpmsYwH,spotify:track:1kIk8McoZus0vFXKpmsYwH,https://api.spotify.com/v1/tracks/1kIk8McoZus0vFXKpmsYwH,https://api.spotify.com/v1/audio-analysis/1kIk8McoZus0vFXKpmsYwH,208005,4,hardstyle,,20927.0,Euphoric Hardstyle & Melodic Hardstyle
0.725,0.8740000000000001,10,-4.567,0,0.231,0.0109,0.00272,0.7090000000000001,0.189,170.00799999999995,audio_features,5NfbkaN93nNvw7tAwC3NyM,spotify:track:5NfbkaN93nNvw7tAwC3NyM,https://api.spotify.com/v1/tracks/5NfbkaN93nNvw7tAwC3NyM,https://api.spotify.com/v1/audio-analysis/5NfbkaN93nNvw7tAwC3NyM,297539,4,dnb,,15770.0,UKF Drum & Bass - All Uploads
0.3229999999999999,0.67,4,-7.009,0,0.104,0.0124,0.185,0.168,0.179,168.274,audio_features,5VJQr2EMdzXZFjvInyp4AC,spotify:track:5VJQr2EMdzXZFjvInyp4AC,https://api.spotify.com/v1/tracks/5VJQr2EMdzXZFjvInyp4AC,https://api.spotify.com/v1/audio-analysis/5VJQr2EMdzXZFjvInyp4AC,102857,4,Underground Rap,Lonely World,,
0.7509999999999999,0.91,11,-8.113999999999999,0,0.107,0.028,0.909,0.106,0.0382,129.995,audio_features,5nUi9RQkiABdlhYWHQyK00,spotify:track:5nUi9RQkiABdlhYWHQyK00,https://api.spotify.com/v1/tracks/5nUi9RQkiABdlhYWHQyK00,https://api.spotify.com/v1/audio-analysis/5nUi9RQkiABdlhYWHQyK00,387692,5,techno,,5274.0,techno. only. (08/02)
0.7509999999999999,0.638,7,-8.862,1,0.268,0.213,0.0,0.0966,0.9,159.96200000000002,audio_features,3yttSuAtbLBqHbBmaibfVQ,spotify:track:3yttSuAtbLBqHbBmaibfVQ,https://api.spotify.com/v1/tracks/3yttSuAtbLBqHbBmaibfVQ,https://api.spotify.com/v1/audio-analysis/3yttSuAtbLBqHbBmaibfVQ,150047,4,Underground Rap,HEY!,,
0.7040000000000001,0.655,11,-7.326,0,0.346,0.0055899999999999,0.0,0.0802,0.653,154.025,audio_features,6wgJY5bQ38HEq5jkT9hghu,spotify:track:6wgJY5bQ38HEq5jkT9hghu,https://api.spotify.com/v1/tracks/6wgJY5bQ38HEq5jkT9hghu,https://api.spotify.com/v1/audio-analysis/6wgJY5bQ38HEq5jkT9hghu,112274,5,Underground Rap,Air Max Plus,,
0.868,0.919,7,-5.7010000000000005,1,0.1119999999999999,0.0594,0.0,0.105,0.711,116.803,audio_features,6Kk9SGnMMrpPPB0mDQ3CJz,spotify:track:6Kk9SGnMMrpPPB0mDQ3CJz,https://api.spotify.com/v1/tracks/6Kk9SGnMMrpPPB0mDQ3CJz,https://api.spotify.com/v1/audio-analysis/6Kk9SGnMMrpPPB0mDQ3CJz,242880,4,Hiphop,Know How,,
0.767,0.696,9,-4.47,1,0.262,0.17,1.23e-06,0.0924,0.6509999999999999,145.077,audio_features,5FO5rfroNlnbhKugYS5b2F,spotify:track:5FO5rfroNlnbhKugYS5b2F,https://api.spotify.com/v1/tracks/5FO5rfroNlnbhKugYS5b2F,https://api.spotify.com/v1/audio-analysis/5FO5rfroNlnbhKugYS5b2F,110080,4,Underground Rap,Run,,
0.657,0.644,8,-5.375,0,0.0911,0.00708,0.0225,0.264,0.366,174.03599999999997,audio_features,6qrrM9DtWpRaE2Zw1Z0XkM,spotify:track:6qrrM9DtWpRaE2Zw1Z0XkM,https://api.spotify.com/v1/tracks/6qrrM9DtWpRaE2Zw1Z0XkM,https://api.spotify.com/v1/audio-analysis/6qrrM9DtWpRaE2Zw1Z0XkM,387463,4,dnb,,15211.0,Liquid Drum & Bass
0.601,0.575,9,-12.488,0,0.0342,0.0153,0.841,0.0968,0.1939999999999999,133.999,audio_features,2zbMHMeXUtcEUQzmRmOUra,spotify:track:2zbMHMeXUtcEUQzmRmOUra,https://api.spotify.com/v1/tracks/2zbMHMeXUtcEUQzmRmOUra,https://api.spotify.com/v1/audio-analysis/2zbMHMeXUtcEUQzmRmOUra,332789,4,Dark Trap,Quatrain,,
0.514,0.805,10,-4.4910000000000005,0,0.0396,0.012,0.00594,0.206,0.351,150.05,audio_features,4r223XBsC4v04e6iMEQBaL,spotify:track:4r223XBsC4v04e6iMEQBaL,https://api.spotify.com/v1/tracks/4r223XBsC4v04e6iMEQBaL,https://api.spotify.com/v1/audio-analysis/4r223XBsC4v04e6iMEQBaL,208800,4,hardstyle,,18633.0,Euphoric Hardstyle
0.421,0.779,5,-3.383,0,0.127,0.00354,0.0,0.339,0.406,149.89,audio_features,0id7gR7LK3PoEfOgqp49pH,spotify:track:0id7gR7LK3PoEfOgqp49pH,https://api.spotify.com/v1/tracks/0id7gR7LK3PoEfOgqp49pH,https://api.spotify.com/v1/audio-analysis/0id7gR7LK3PoEfOgqp49pH,215200,4,trap,,13318.0,HEADBANGERS:Dubstep/Riddim
0.649,0.942,8,-3.749,1,0.121,0.0317,0.245,0.458,0.218,145.083,audio_features,6e1wkt4FYVEWaGmTg9Bt4J,spotify:track:6e1wkt4FYVEWaGmTg9Bt4J,https://api.spotify.com/v1/tracks/6e1wkt4FYVEWaGmTg9Bt4J,https://api.spotify.com/v1/audio-analysis/6e1wkt4FYVEWaGmTg9Bt4J,208774,5,trap,,13469.0,Headbangers:Dubstep/Riddim
0.351,0.949,9,-6.263,0,0.0374,2.89e-05,0.943,0.0697,0.0957,137.999,audio_features,0wgHy2SpsZgXZFBTfBC4FU,spotify:track:0wgHy2SpsZgXZFBTfBC4FU,https://api.spotify.com/v1/tracks/0wgHy2SpsZgXZFBTfBC4FU,https://api.spotify.com/v1/audio-analysis/0wgHy2SpsZgXZFBTfBC4FU,252609,4,trance,,8750.0,"Uplifting, Melodic Trance & Vocal Trance"
0.687,0.841,0,-7.797999999999999,1,0.0331,0.0265,0.31,0.134,0.229,126.837,audio_features,2gpFDYiJcJ2nNA2ibI05ie,spotify:track:2gpFDYiJcJ2nNA2ibI05ie,https://api.spotify.com/v1/tracks/2gpFDYiJcJ2nNA2ibI05ie,https://api.spotify.com/v1/audio-analysis/2gpFDYiJcJ2nNA2ibI05ie,379278,4,trance,,6675.0,Top Trance Songs EVER
0.732,0.4629999999999999,11,-6.972,0,0.0287,0.374,0.0,0.1939999999999999,0.397,191.942,audio_features,6moU77g9RQyMzHNuKEaQKq,spotify:track:6moU77g9RQyMzHNuKEaQKq,https://api.spotify.com/v1/tracks/6moU77g9RQyMzHNuKEaQKq,https://api.spotify.com/v1/audio-analysis/6moU77g9RQyMzHNuKEaQKq,212607,4,Emo,It's You,,
0.212,0.926,7,-3.378,0,0.14,0.000725,4.83e-06,0.081,0.262,162.10299999999998,audio_features,2UHsGTwOU7P3vFo6bQytlX,spotify:track:2UHsGTwOU7P3vFo6bQytlX,https://api.spotify.com/v1/tracks/2UHsGTwOU7P3vFo6bQytlX,https://api.spotify.com/v1/audio-analysis/2UHsGTwOU7P3vFo6bQytlX,348387,4,Emo,Tears Don't Fall,,
0.625,0.479,1,-8.767999999999999,1,0.272,0.0562,0.0,0.0715,0.555,196.054,audio_features,3zCbbePDsZQJ0iHkqGXSjG,spotify:track:3zCbbePDsZQJ0iHkqGXSjG,https://api.spotify.com/v1/tracks/3zCbbePDsZQJ0iHkqGXSjG,https://api.spotify.com/v1/audio-analysis/3zCbbePDsZQJ0iHkqGXSjG,161698,4,Underground Rap,Juveniles (feat. YBN Nahmir),,
0.562,0.838,5,-5.287000000000001,1,0.0445,0.00211,0.00916,0.19,0.241,173.952,audio_features,5zwlB1VUZSuw9tRW9vVsvw,spotify:track:5zwlB1VUZSuw9tRW9vVsvw,https://api.spotify.com/v1/tracks/5zwlB1VUZSuw9tRW9vVsvw,https://api.spotify.com/v1/audio-analysis/5zwlB1VUZSuw9tRW9vVsvw,278306,4,dnb,,17968.0,UKF Drum & Bass - All Uploads
0.8390000000000001,0.81,5,-5.274,0,0.0568,0.501,0.0,0.1169999999999999,0.8140000000000001,129.014,audio_features,1f5cbQtDrykjarZVrShaDI,spotify:track:1f5cbQtDrykjarZVrShaDI,https://api.spotify.com/v1/tracks/1f5cbQtDrykjarZVrShaDI,https://api.spotify.com/v1/audio-analysis/1f5cbQtDrykjarZVrShaDI,209269,4,Rap,Drowning (feat. Kodak Black),,
0.579,0.8140000000000001,5,-3.11,0,0.148,0.163,0.0,0.0712,0.455,196.042,audio_features,2PGmOOyuv5fokSuXx5ytUv,spotify:track:2PGmOOyuv5fokSuXx5ytUv,https://api.spotify.com/v1/tracks/2PGmOOyuv5fokSuXx5ytUv,https://api.spotify.com/v1/audio-analysis/2PGmOOyuv5fokSuXx5ytUv,195213,4,RnB,Fallen,,
0.498,0.8029999999999999,1,-5.252000000000001,0,0.0385,0.0623,0.000105,0.184,0.276,145.083,audio_features,7xq07iw3I0ULUE8H7yLaCh,spotify:track:7xq07iw3I0ULUE8H7yLaCh,https://api.spotify.com/v1/tracks/7xq07iw3I0ULUE8H7yLaCh,https://api.spotify.com/v1/audio-analysis/7xq07iw3I0ULUE8H7yLaCh,167159,4,Underground Rap,Motorola,,
0.634,0.861,5,-9.245,1,0.0443,0.00234,0.903,0.303,0.179,131.997,audio_features,4yICASQ9izqMKJvuAWeHC3,spotify:track:4yICASQ9izqMKJvuAWeHC3,https://api.spotify.com/v1/tracks/4yICASQ9izqMKJvuAWeHC3,https://api.spotify.com/v1/audio-analysis/4yICASQ9izqMKJvuAWeHC3,328000,4,techno,,4147.0,techno. only. (08/02)
0.778,0.428,1,-12.065,0,0.16,0.0485,0.000484,0.1009999999999999,0.638,190.086,audio_features,4ld2UKQrh8hchZZZFFOSj7,spotify:track:4ld2UKQrh8hchZZZFFOSj7,https://api.spotify.com/v1/tracks/4ld2UKQrh8hchZZZFFOSj7,https://api.spotify.com/v1/audio-analysis/4ld2UKQrh8hchZZZFFOSj7,265484,4,Hiphop,Fours Deuces & Trays,,
0.389,0.871,1,-4.026,1,0.139,0.0107,0.516,0.145,0.32,149.942,audio_features,6eQDPWmBkTU2rCj7s1aTwV,spotify:track:6eQDPWmBkTU2rCj7s1aTwV,https://api.spotify.com/v1/tracks/6eQDPWmBkTU2rCj7s1aTwV,https://api.spotify.com/v1/audio-analysis/6eQDPWmBkTU2rCj7s1aTwV,209600,4,trap,,12168.0,Headbangers:Dubstep/Riddim
0.427,0.604,11,-8.561,0,0.203,0.0302,0.000648,0.161,0.256,183.092,audio_features,6m192NGYZHIbO5UBkkM4oN,spotify:track:6m192NGYZHIbO5UBkkM4oN,https://api.spotify.com/v1/tracks/6m192NGYZHIbO5UBkkM4oN,https://api.spotify.com/v1/audio-analysis/6m192NGYZHIbO5UBkkM4oN,226520,4,Hiphop,Thuggin’,,
0.5479999999999999,0.889,9,-4.682,1,0.0382,0.00165,0.00109,0.1969999999999999,0.425,180.09599999999998,audio_features,0AKAxdNkwq9ZxRdW1DN9zW,spotify:track:0AKAxdNkwq9ZxRdW1DN9zW,https://api.spotify.com/v1/tracks/0AKAxdNkwq9ZxRdW1DN9zW,https://api.spotify.com/v1/audio-analysis/0AKAxdNkwq9ZxRdW1DN9zW,198973,4,Emo,Behind These Hazel Eyes,,
0.777,0.883,7,-8.377,1,0.0833,0.0391,0.588,0.126,0.267,126.987,audio_features,4JZdi4DSds3oMSYeBUQosp,spotify:track:4JZdi4DSds3oMSYeBUQosp,https://api.spotify.com/v1/tracks/4JZdi4DSds3oMSYeBUQosp,https://api.spotify.com/v1/audio-analysis/4JZdi4DSds3oMSYeBUQosp,181417,4,techhouse,,2477.0,Tech House Club
0.782,0.597,1,-6.399,1,0.335,0.0568,0.0,0.5820000000000001,0.528,189.262,audio_features,61VlApj8p2ZaP0WTunTrKT,spotify:track:61VlApj8p2ZaP0WTunTrKT,https://api.spotify.com/v1/tracks/61VlApj8p2ZaP0WTunTrKT,https://api.spotify.com/v1/audio-analysis/61VlApj8p2ZaP0WTunTrKT,243133,4,Hiphop,Give Up the Goods (Just Step) (feat. Big Noyd),,
0.442,0.737,7,-5.046,1,0.109,0.0589,0.0,0.102,0.21,112.93,audio_features,0hGH0S74Eoyv6mXZcOKtdQ,spotify:track:0hGH0S74Eoyv6mXZcOKtdQ,https://api.spotify.com/v1/tracks/0hGH0S74Eoyv6mXZcOKtdQ,https://api.spotify.com/v1/audio-analysis/0hGH0S74Eoyv6mXZcOKtdQ,218320,5,Rap,On The Road (feat. Meek Mill & Lil Baby),,
0.526,0.978,11,-6.657,0,0.0508,0.000753,0.875,0.113,0.0379,145.003,audio_features,3ohwIr9WOdX2ErE9K8KC98,spotify:track:3ohwIr9WOdX2ErE9K8KC98,https://api.spotify.com/v1/tracks/3ohwIr9WOdX2ErE9K8KC98,https://api.spotify.com/v1/audio-analysis/3ohwIr9WOdX2ErE9K8KC98,489931,4,psytrance,,10602.0,Psy Trance Full-on Morning
0.799,0.765,11,-2.681,1,0.217,0.0011,0.0256,0.14,0.0697,145.045,audio_features,2RffPFHgis3KhTCOwu9gRN,spotify:track:2RffPFHgis3KhTCOwu9gRN,https://api.spotify.com/v1/tracks/2RffPFHgis3KhTCOwu9gRN,https://api.spotify.com/v1/audio-analysis/2RffPFHgis3KhTCOwu9gRN,251586,4,trap,,14648.0,Riddim or die
0.303,0.544,8,-11.672,1,0.0386,0.175,0.907,0.111,0.2239999999999999,129.875,audio_features,3emFhrWPB0xqv8LkRzFXbS,spotify:track:3emFhrWPB0xqv8LkRzFXbS,https://api.spotify.com/v1/tracks/3emFhrWPB0xqv8LkRzFXbS,https://api.spotify.com/v1/audio-analysis/3emFhrWPB0xqv8LkRzFXbS,236308,4,Dark Trap,S I V,,
0.6,0.843,5,-2.58,1,0.061,0.00471,0.0882,0.0819,0.349,174.942,audio_features,0fYruz9yqmcaqnmGNoOZtE,spotify:track:0fYruz9yqmcaqnmGNoOZtE,https://api.spotify.com/v1/tracks/0fYruz9yqmcaqnmGNoOZtE,https://api.spotify.com/v1/audio-analysis/0fYruz9yqmcaqnmGNoOZtE,308000,4,dnb,,16540.0,Liqduicity Drum & Bass
0.882,0.501,11,-7.983,0,0.261,0.303,0.0,0.0962,0.7440000000000001,130.053,audio_features,7nb6qhoEAyuFXL6OfOi6Hl,spotify:track:7nb6qhoEAyuFXL6OfOi6Hl,https://api.spotify.com/v1/tracks/7nb6qhoEAyuFXL6OfOi6Hl,https://api.spotify.com/v1/audio-analysis/7nb6qhoEAyuFXL6OfOi6Hl,132960,4,Underground Rap,Bonnie and Clyde,,
0.606,0.813,1,0.503,0,0.102,0.000167,0.102,0.284,0.237,147.865,audio_features,3aGK2nu6ctHkk2IINkkqJa,spotify:track:3aGK2nu6ctHkk2IINkkqJa,https://api.spotify.com/v1/tracks/3aGK2nu6ctHkk2IINkkqJa,https://api.spotify.com/v1/audio-analysis/3aGK2nu6ctHkk2IINkkqJa,197374,4,trap,,14730.0,I'm a fucking Headbanger
0.5760000000000001,0.898,6,-4.487,0,0.42,0.0215,0.00492,0.0597,0.227,149.93200000000004,audio_features,7q2tC09Hai0qEvCyGB44Wx,spotify:track:7q2tC09Hai0qEvCyGB44Wx,https://api.spotify.com/v1/tracks/7q2tC09Hai0qEvCyGB44Wx,https://api.spotify.com/v1/audio-analysis/7q2tC09Hai0qEvCyGB44Wx,275600,4,trap,,13636.0,Headbangers:Dubstep/Riddim
0.802,0.7959999999999999,0,-5.225,1,0.0554,0.00529,0.8859999999999999,0.0864,0.309,126.004,audio_features,2VnQum909lYB4pDPbPSiOS,spotify:track:2VnQum909lYB4pDPbPSiOS,https://api.spotify.com/v1/tracks/2VnQum909lYB4pDPbPSiOS,https://api.spotify.com/v1/audio-analysis/2VnQum909lYB4pDPbPSiOS,414000,4,techno,,5967.0,Techno / Minimal / Hardcore/ Melodic / Dark
0.481,0.856,1,-6.695,1,0.0431,0.0154,0.865,0.0905,0.0563,170.99400000000003,audio_features,5RvWXwpfVpcDqbiq36yKsB,spotify:track:5RvWXwpfVpcDqbiq36yKsB,https://api.spotify.com/v1/tracks/5RvWXwpfVpcDqbiq36yKsB,https://api.spotify.com/v1/audio-analysis/5RvWXwpfVpcDqbiq36yKsB,230297,4,dnb,,15300.0,Liquid Drum & Bass
0.529,0.871,10,-5.831,1,0.155,0.118,0.000164,0.115,0.272,189.837,audio_features,6e2PtJYcltVk76nLwxBzRn,spotify:track:6e2PtJYcltVk76nLwxBzRn,https://api.spotify.com/v1/tracks/6e2PtJYcltVk76nLwxBzRn,https://api.spotify.com/v1/audio-analysis/6e2PtJYcltVk76nLwxBzRn,199867,4,RnB,One Day (feat. Ryan Tedder),,
0.421,0.154,0,-12.405,1,0.0319,0.102,0.00692,0.207,0.0949,199.772,audio_features,1Wh5LO3TWAvaeDrwp4FZgo,spotify:track:1Wh5LO3TWAvaeDrwp4FZgo,https://api.spotify.com/v1/tracks/1Wh5LO3TWAvaeDrwp4FZgo,https://api.spotify.com/v1/audio-analysis/1Wh5LO3TWAvaeDrwp4FZgo,112800,4,Trap Metal,King,,
0.621,0.997,9,-1.278,1,0.398,0.000987,0.0113,0.612,0.21,150.003,audio_features,7ngSZ7ph9KdW3vJwwXd2Cd,spotify:track:7ngSZ7ph9KdW3vJwwXd2Cd,https://api.spotify.com/v1/tracks/7ngSZ7ph9KdW3vJwwXd2Cd,https://api.spotify.com/v1/audio-analysis/7ngSZ7ph9KdW3vJwwXd2Cd,249600,4,trap,,14385.0,HEADBANGERS:Dubstep/Riddim
0.856,0.7290000000000001,7,-7.035,1,0.18,0.0564,0.0,0.148,0.5479999999999999,124.953,audio_features,3htehizlFlGt3xBQgFQgi2,spotify:track:3htehizlFlGt3xBQgFQgi2,https://api.spotify.com/v1/tracks/3htehizlFlGt3xBQgFQgi2,https://api.spotify.com/v1/audio-analysis/3htehizlFlGt3xBQgFQgi2,145945,4,Underground Rap,Air Max,,
0.562,0.74,8,-8.371,1,0.245,0.248,0.0,0.125,0.149,125.119,audio_features,0325GnRiA0zsve4i3bNVs0,spotify:track:0325GnRiA0zsve4i3bNVs0,https://api.spotify.com/v1/tracks/0325GnRiA0zsve4i3bNVs0,https://api.spotify.com/v1/audio-analysis/0325GnRiA0zsve4i3bNVs0,230107,4,Rap,Halfway Off The Balcony,,
0.8240000000000001,0.584,10,-7.098,0,0.221,0.0718,0.0,0.106,0.2189999999999999,139.965,audio_features,3e7Y6sfFlIdBMJhX7wpqVO,spotify:track:3e7Y6sfFlIdBMJhX7wpqVO,https://api.spotify.com/v1/tracks/3e7Y6sfFlIdBMJhX7wpqVO,https://api.spotify.com/v1/audio-analysis/3e7Y6sfFlIdBMJhX7wpqVO,188600,4,Hiphop,44 More,,
0.588,0.855,8,-5.3210000000000015,1,0.0746,0.0063799999999999,7.2e-05,0.0551,0.664,150.026,audio_features,5EboLddMBmhBH3vIjcLkN2,spotify:track:5EboLddMBmhBH3vIjcLkN2,https://api.spotify.com/v1/tracks/5EboLddMBmhBH3vIjcLkN2,https://api.spotify.com/v1/audio-analysis/5EboLddMBmhBH3vIjcLkN2,222705,4,trap,,14043.0,I'm a fucking Headbanger
0.598,0.479,6,-9.278,0,0.754,0.621,0.0,0.371,0.544,182.556,audio_features,0Qjkav3qqAgwFZ5ZUSS3HD,spotify:track:0Qjkav3qqAgwFZ5ZUSS3HD,https://api.spotify.com/v1/tracks/0Qjkav3qqAgwFZ5ZUSS3HD,https://api.spotify.com/v1/audio-analysis/0Qjkav3qqAgwFZ5ZUSS3HD,118229,4,Underground Rap,There You Have It,,
0.654,0.64,1,-6.435,0,0.315,0.481,0.0,0.103,0.2189999999999999,185.804,audio_features,4jTuHV5TwUkYXniHOQ99gQ,spotify:track:4jTuHV5TwUkYXniHOQ99gQ,https://api.spotify.com/v1/tracks/4jTuHV5TwUkYXniHOQ99gQ,https://api.spotify.com/v1/audio-analysis/4jTuHV5TwUkYXniHOQ99gQ,268382,4,Underground Rap,It's Complicated,,
0.384,0.892,4,-11.688,0,0.0593,6.24e-06,0.943,0.282,0.214,135.62,audio_features,0Kjv6iCvKC5pJCJS25i52n,spotify:track:0Kjv6iCvKC5pJCJS25i52n,https://api.spotify.com/v1/tracks/0Kjv6iCvKC5pJCJS25i52n,https://api.spotify.com/v1/audio-analysis/0Kjv6iCvKC5pJCJS25i52n,196380,4,trance,,6177.0,State if Trance (The best ASOT Epsidoes)
0.858,0.6,11,-8.925,1,0.156,0.0339,0.0223,0.108,0.113,120.056,audio_features,7Haqn3ZGEFu3tndwrQckkH,spotify:track:7Haqn3ZGEFu3tndwrQckkH,https://api.spotify.com/v1/tracks/7Haqn3ZGEFu3tndwrQckkH,https://api.spotify.com/v1/audio-analysis/7Haqn3ZGEFu3tndwrQckkH,112000,4,Underground Rap,whatever mane,,
0.87,0.5820000000000001,1,-9.401,1,0.0481,0.0379,0.00929,0.148,0.696,129.968,audio_features,72SoLTXMVbSXVKIIH6pDCj,spotify:track:72SoLTXMVbSXVKIIH6pDCj,https://api.spotify.com/v1/tracks/72SoLTXMVbSXVKIIH6pDCj,https://api.spotify.com/v1/audio-analysis/72SoLTXMVbSXVKIIH6pDCj,144065,4,Underground Rap,"One Girl, Six Blades, One Night Of Sin",,
0.442,0.989,4,-4.086,1,0.0895,0.0261,0.199,0.266,0.0454,137.97799999999998,audio_features,5lTDwbKcZE3HNKitGRrBsV,spotify:track:5lTDwbKcZE3HNKitGRrBsV,https://api.spotify.com/v1/tracks/5lTDwbKcZE3HNKitGRrBsV,https://api.spotify.com/v1/audio-analysis/5lTDwbKcZE3HNKitGRrBsV,264361,4,trance,,6070.0,Uplifting | Trance
0.722,0.7709999999999999,11,-5.5,1,0.32,0.634,1.75e-06,0.312,0.347,187.052,audio_features,04h2uFDF3Ewr7orA6EDbQ3,spotify:track:04h2uFDF3Ewr7orA6EDbQ3,https://api.spotify.com/v1/tracks/04h2uFDF3Ewr7orA6EDbQ3,https://api.spotify.com/v1/audio-analysis/04h2uFDF3Ewr7orA6EDbQ3,325840,4,Hiphop,No Favors,,
0.725,0.725,8,-6.067,0,0.159,0.0119,0.0,0.086,0.515,140.003,audio_features,3L0IKstjUgDFVQAbQIRZRv,spotify:track:3L0IKstjUgDFVQAbQIRZRv,https://api.spotify.com/v1/tracks/3L0IKstjUgDFVQAbQIRZRv,https://api.spotify.com/v1/audio-analysis/3L0IKstjUgDFVQAbQIRZRv,192027,4,Rap,R.I.P.,,
0.885,0.7709999999999999,11,-5.356,1,0.31,0.0066799999999999,0.0,0.103,0.205,92.02,audio_features,1FrQEBKhqEND3nKgeaM10d,spotify:track:1FrQEBKhqEND3nKgeaM10d,https://api.spotify.com/v1/tracks/1FrQEBKhqEND3nKgeaM10d,https://api.spotify.com/v1/audio-analysis/1FrQEBKhqEND3nKgeaM10d,284470,4,Rap,Chase The Money,,
0.965,0.5529999999999999,11,-9.091,0,0.222,0.0347,1.0800000000000002e-05,0.0777,0.322,112.001,audio_features,4Vl2hDpDNu4E6e0VYgqNst,spotify:track:4Vl2hDpDNu4E6e0VYgqNst,https://api.spotify.com/v1/tracks/4Vl2hDpDNu4E6e0VYgqNst,https://api.spotify.com/v1/audio-analysis/4Vl2hDpDNu4E6e0VYgqNst,129869,4,Underground Rap,Whistle,,
0.6970000000000001,0.782,2,-5.901,1,0.289,0.0312,0.0,0.0651,0.629,103.828,audio_features,78TDcQdrcTCDssdnGRZFbY,spotify:track:78TDcQdrcTCDssdnGRZFbY,https://api.spotify.com/v1/tracks/78TDcQdrcTCDssdnGRZFbY,https://api.spotify.com/v1/audio-analysis/78TDcQdrcTCDssdnGRZFbY,209053,4,Hiphop,When We Party (feat. Snoop Dogg),,
0.76,0.888,1,-3.907,1,0.309,0.312,0.0,0.349,0.609,131.85399999999998,audio_features,1VQgk94CYAUug6kcZbPotP,spotify:track:1VQgk94CYAUug6kcZbPotP,https://api.spotify.com/v1/tracks/1VQgk94CYAUug6kcZbPotP,https://api.spotify.com/v1/audio-analysis/1VQgk94CYAUug6kcZbPotP,167497,5,Underground Rap,Goated,,
0.8140000000000001,0.613,6,-8.253,1,0.183,0.00934,0.883,0.0612,0.0807,137.96,audio_features,4xNHWhBcz16lHlfGLRrfeK,spotify:track:4xNHWhBcz16lHlfGLRrfeK,https://api.spotify.com/v1/tracks/4xNHWhBcz16lHlfGLRrfeK,https://api.spotify.com/v1/audio-analysis/4xNHWhBcz16lHlfGLRrfeK,578819,4,psytrance,,10714.0,Psytrance Can
0.722,0.906,6,-1.578,0,0.095,0.0122,3.74e-05,0.0521,0.509,145.02200000000005,audio_features,2vCp1iCjCUTkSbCeFo2ta9,spotify:track:2vCp1iCjCUTkSbCeFo2ta9,https://api.spotify.com/v1/tracks/2vCp1iCjCUTkSbCeFo2ta9,https://api.spotify.com/v1/audio-analysis/2vCp1iCjCUTkSbCeFo2ta9,255864,4,trap,,14875.0,Headbangers:Dubstep/Riddim
0.605,0.901,4,-5.06,0,0.0386,0.000324,0.69,0.158,0.291,145.009,audio_features,0dEYh6BHlfYQFJHDHFwLVW,spotify:track:0dEYh6BHlfYQFJHDHFwLVW,https://api.spotify.com/v1/tracks/0dEYh6BHlfYQFJHDHFwLVW,https://api.spotify.com/v1/audio-analysis/0dEYh6BHlfYQFJHDHFwLVW,417103,4,psytrance,,9350.0,PSYTRANCE BANGERS best new 2020
0.828,0.762,7,-5.737,1,0.419,0.0408,0.0,0.0455,0.608,173.78900000000002,audio_features,5vu4YQc9QzfkKRvDGcKkOb,spotify:track:5vu4YQc9QzfkKRvDGcKkOb,https://api.spotify.com/v1/tracks/5vu4YQc9QzfkKRvDGcKkOb,https://api.spotify.com/v1/audio-analysis/5vu4YQc9QzfkKRvDGcKkOb,157500,4,Dark Trap,Surname (Prod. DJ Tape & Aarne),,
0.787,0.485,11,-11.654000000000002,1,0.256,0.025,0.00187,0.1009999999999999,0.0563,130.933,audio_features,2ED7CifvlNadnIHKW1jy6O,spotify:track:2ED7CifvlNadnIHKW1jy6O,https://api.spotify.com/v1/tracks/2ED7CifvlNadnIHKW1jy6O,https://api.spotify.com/v1/audio-analysis/2ED7CifvlNadnIHKW1jy6O,146720,4,Underground Rap,Watch Out (Intro),,
0.74,0.586,0,-8.244,0,0.0483,0.361,7.24e-06,0.083,0.523,159.994,audio_features,3Isj85ak2yj4EndfKFGs9x,spotify:track:3Isj85ak2yj4EndfKFGs9x,https://api.spotify.com/v1/tracks/3Isj85ak2yj4EndfKFGs9x,https://api.spotify.com/v1/audio-analysis/3Isj85ak2yj4EndfKFGs9x,204129,4,RnB,ATL Freestyle,,
0.665,0.82,4,-10.057,0,0.0487,4.760000000000001e-05,0.858,0.11,0.39,130.013,audio_features,0f0thx8MdoHV4zvEDsAcK6,spotify:track:0f0thx8MdoHV4zvEDsAcK6,https://api.spotify.com/v1/tracks/0f0thx8MdoHV4zvEDsAcK6,https://api.spotify.com/v1/audio-analysis/0f0thx8MdoHV4zvEDsAcK6,441000,3,techno,,4534.0,Dark Techno Rave
0.459,0.926,6,-3.839,1,0.101,0.000456,0.755,0.101,0.111,149.936,audio_features,0REjKfUHrcTUJUXHPYQ8zu,spotify:track:0REjKfUHrcTUJUXHPYQ8zu,https://api.spotify.com/v1/tracks/0REjKfUHrcTUJUXHPYQ8zu,https://api.spotify.com/v1/audio-analysis/0REjKfUHrcTUJUXHPYQ8zu,251913,4,trap,,14368.0,Heavy Dubstep
0.551,0.925,9,-6.7170000000000005,0,0.0963,0.00228,0.0433,0.0753,0.337,149.976,audio_features,5jR4s00XvV4t6HtLlhZdoP,spotify:track:5jR4s00XvV4t6HtLlhZdoP,https://api.spotify.com/v1/tracks/5jR4s00XvV4t6HtLlhZdoP,https://api.spotify.com/v1/audio-analysis/5jR4s00XvV4t6HtLlhZdoP,295613,4,hardstyle,,18351.0,Euphoric Hardstyle
0.665,0.498,5,-8.185,1,0.0832,0.228,0.0,0.0757,0.127,163.93400000000003,audio_features,5yuShbu70mtHXY0yLzCQLQ,spotify:track:5yuShbu70mtHXY0yLzCQLQ,https://api.spotify.com/v1/tracks/5yuShbu70mtHXY0yLzCQLQ,https://api.spotify.com/v1/audio-analysis/5yuShbu70mtHXY0yLzCQLQ,179613,4,Underground Rap,Go Flex,,
0.62,0.418,0,-9.131,0,0.237,0.209,0.0,0.111,0.301,192.876,audio_features,2v63nsrBRoEkFZGKaTXA2q,spotify:track:2v63nsrBRoEkFZGKaTXA2q,https://api.spotify.com/v1/tracks/2v63nsrBRoEkFZGKaTXA2q,https://api.spotify.com/v1/audio-analysis/2v63nsrBRoEkFZGKaTXA2q,224880,4,RnB,Bang Your Line (feat. Ty Dolla $ign),,
0.8,0.531,11,-6.045,1,0.0706,0.000167,0.7,0.113,0.345,126.007,audio_features,2f74ilFDUj5VLOHBV8JZQg,spotify:track:2f74ilFDUj5VLOHBV8JZQg,https://api.spotify.com/v1/tracks/2f74ilFDUj5VLOHBV8JZQg,https://api.spotify.com/v1/audio-analysis/2f74ilFDUj5VLOHBV8JZQg,321905,4,techhouse,,1657.0,Dirtybird//Techhouse by Mack\
0.627,0.983,11,-6.6370000000000005,0,0.0876,0.00241,0.856,0.074,0.6920000000000001,140.014,audio_features,2y63ziXcxG82NY39zGOq9H,spotify:track:2y63ziXcxG82NY39zGOq9H,https://api.spotify.com/v1/tracks/2y63ziXcxG82NY39zGOq9H,https://api.spotify.com/v1/audio-analysis/2y63ziXcxG82NY39zGOq9H,486000,4,psytrance,,10581.0,"Psy, Goa, Full on Trance"
0.777,0.5539999999999999,7,-10.173,1,0.0807,0.0199,0.938,0.107,0.8240000000000001,132.996,audio_features,4s8Vs2LWYgOZ4tl8oIXuF7,spotify:track:4s8Vs2LWYgOZ4tl8oIXuF7,https://api.spotify.com/v1/tracks/4s8Vs2LWYgOZ4tl8oIXuF7,https://api.spotify.com/v1/audio-analysis/4s8Vs2LWYgOZ4tl8oIXuF7,326400,4,techno,,4420.0,techno. only. (08/02)
0.8290000000000001,0.7040000000000001,6,-7.065,0,0.2769999999999999,0.495,0.0,0.103,0.653,130.149,audio_features,4b2mLKzFSvtOhnC8dqgOMS,spotify:track:4b2mLKzFSvtOhnC8dqgOMS,https://api.spotify.com/v1/tracks/4b2mLKzFSvtOhnC8dqgOMS,https://api.spotify.com/v1/audio-analysis/4b2mLKzFSvtOhnC8dqgOMS,207151,4,Dark Trap,Mia Khalifa,,
0.387,0.885,1,-11.533,0,0.0366,8.96e-05,0.8059999999999999,0.431,0.0933,134.991,audio_features,1jTCA3MdXbziyo9Y1vbLSX,spotify:track:1jTCA3MdXbziyo9Y1vbLSX,https://api.spotify.com/v1/tracks/1jTCA3MdXbziyo9Y1vbLSX,https://api.spotify.com/v1/audio-analysis/1jTCA3MdXbziyo9Y1vbLSX,239949,4,trance,,7061.0,State if Trance (The best ASOT Epsidoes)
0.575,0.634,1,-8.1,1,0.068,0.0646,0.0,0.0878,0.191,109.825,audio_features,57qiTKh8bVX0VtfUNTQqhw,spotify:track:57qiTKh8bVX0VtfUNTQqhw,https://api.spotify.com/v1/tracks/57qiTKh8bVX0VtfUNTQqhw,https://api.spotify.com/v1/audio-analysis/57qiTKh8bVX0VtfUNTQqhw,198653,4,RnB,Nothing Without You,,
0.81,0.675,1,-6.032,1,0.0552,0.00377,0.7440000000000001,0.11,0.773,160.474,audio_features,5ZFQHyHipX8Rj4QD5oqQM3,spotify:track:5ZFQHyHipX8Rj4QD5oqQM3,https://api.spotify.com/v1/tracks/5ZFQHyHipX8Rj4QD5oqQM3,https://api.spotify.com/v1/audio-analysis/5ZFQHyHipX8Rj4QD5oqQM3,161230,4,Dark Trap,Jaw Talking 1995 (Prod.Genshin),,
0.472,0.8640000000000001,10,-4.298,0,0.118,0.0443,0.0768,0.177,0.24,173.834,audio_features,4QUMJABbqOq86OYD8q6YRc,spotify:track:4QUMJABbqOq86OYD8q6YRc,https://api.spotify.com/v1/tracks/4QUMJABbqOq86OYD8q6YRc,https://api.spotify.com/v1/audio-analysis/4QUMJABbqOq86OYD8q6YRc,314203,4,dnb,,15347.0,Drum and Bass 2020
0.563,0.496,6,-9.381,0,0.406,0.0685,5.8e-05,0.173,0.426,139.993,audio_features,4qikXelSRKvoCqFcHLB2H2,spotify:track:4qikXelSRKvoCqFcHLB2H2,https://api.spotify.com/v1/tracks/4qikXelSRKvoCqFcHLB2H2,https://api.spotify.com/v1/audio-analysis/4qikXelSRKvoCqFcHLB2H2,329320,4,Rap,Mercy,,
0.544,0.812,1,-6.431,1,0.3929999999999999,0.0185,0.0,0.481,0.6779999999999999,183.529,audio_features,7EpACeh5ooHUb0AnQ3f3Xl,spotify:track:7EpACeh5ooHUb0AnQ3f3Xl,https://api.spotify.com/v1/tracks/7EpACeh5ooHUb0AnQ3f3Xl,https://api.spotify.com/v1/audio-analysis/7EpACeh5ooHUb0AnQ3f3Xl,180000,4,Dark Trap,Uppercuts,,
0.7559999999999999,0.429,5,-8.079,0,0.0295,0.0101,0.000589,0.153,0.092,190.016,audio_features,4MQIDIQjNWkUvpXe5Je7TO,spotify:track:4MQIDIQjNWkUvpXe5Je7TO,https://api.spotify.com/v1/tracks/4MQIDIQjNWkUvpXe5Je7TO,https://api.spotify.com/v1/audio-analysis/4MQIDIQjNWkUvpXe5Je7TO,213474,4,Underground Rap,APOLOGIZE,,
0.787,0.472,2,-9.336,1,0.36,0.0072099999999999,0.0,0.106,0.547,162.045,audio_features,2DzwSe6XVYnLVebi51zL6R,spotify:track:2DzwSe6XVYnLVebi51zL6R,https://api.spotify.com/v1/tracks/2DzwSe6XVYnLVebi51zL6R,https://api.spotify.com/v1/audio-analysis/2DzwSe6XVYnLVebi51zL6R,116852,4,Underground Rap,Spend It,,
0.66,0.7759999999999999,7,-7.051,0,0.0411,0.00784,0.919,0.117,0.327,126.006,audio_features,4BNYPLZUff4LyxLQlTYzbH,spotify:track:4BNYPLZUff4LyxLQlTYzbH,https://api.spotify.com/v1/tracks/4BNYPLZUff4LyxLQlTYzbH,https://api.spotify.com/v1/audio-analysis/4BNYPLZUff4LyxLQlTYzbH,216587,4,techhouse,,881.0,tech house
0.522,0.867,5,-3.153,0,0.0336,0.0205,0.00301,0.074,0.18,174.06,audio_features,2uK85TfsaG6QKwDtvF940c,spotify:track:2uK85TfsaG6QKwDtvF940c,https://api.spotify.com/v1/tracks/2uK85TfsaG6QKwDtvF940c,https://api.spotify.com/v1/audio-analysis/2uK85TfsaG6QKwDtvF940c,257872,4,dnb,,16536.0,Liqduicity Drum & Bass
0.942,0.7490000000000001,7,-5.865,1,0.0438,0.00994,0.0,0.131,0.5429999999999999,207.392,audio_features,4O5k3ZisFcNByS1ToxXO1Q,spotify:track:4O5k3ZisFcNByS1ToxXO1Q,https://api.spotify.com/v1/tracks/4O5k3ZisFcNByS1ToxXO1Q,https://api.spotify.com/v1/audio-analysis/4O5k3ZisFcNByS1ToxXO1Q,229453,4,RnB,Beep,,
0.478,0.94,10,-4.912,0,0.0637,0.000245,0.847,0.1159999999999999,0.273,149.994,audio_features,03RgUMMhlJNQdKKMpWogIt,spotify:track:03RgUMMhlJNQdKKMpWogIt,https://api.spotify.com/v1/tracks/03RgUMMhlJNQdKKMpWogIt,https://api.spotify.com/v1/audio-analysis/03RgUMMhlJNQdKKMpWogIt,284800,4,Dark Trap,Animate,,
0.601,0.493,5,-6.438,0,0.193,0.0737,0.0,0.129,0.248,130.112,audio_features,6EgT47eYuhCZsOhEOzU1Fx,spotify:track:6EgT47eYuhCZsOhEOzU1Fx,https://api.spotify.com/v1/tracks/6EgT47eYuhCZsOhEOzU1Fx,https://api.spotify.com/v1/audio-analysis/6EgT47eYuhCZsOhEOzU1Fx,205871,4,Underground Rap,Voices in My Head,,
0.5760000000000001,0.989,2,-1.909,1,0.1119999999999999,0.00252,0.0032,0.0243,0.352,135.093,audio_features,2MvIMgtWyK88OiPi0J8Dg3,spotify:track:2MvIMgtWyK88OiPi0J8Dg3,https://api.spotify.com/v1/tracks/2MvIMgtWyK88OiPi0J8Dg3,https://api.spotify.com/v1/audio-analysis/2MvIMgtWyK88OiPi0J8Dg3,283400,4,Emo,Psychosocial,,
0.6559999999999999,0.841,9,-5.8660000000000005,1,0.0306,0.0295,0.0599,0.127,0.524,139.996,audio_features,6uXCzkVOVynHZXSYF1pKt5,spotify:track:6uXCzkVOVynHZXSYF1pKt5,https://api.spotify.com/v1/tracks/6uXCzkVOVynHZXSYF1pKt5,https://api.spotify.com/v1/audio-analysis/6uXCzkVOVynHZXSYF1pKt5,195429,4,Dark Trap,Amethyst,,
0.695,0.957,4,-5.473,1,0.196,0.00831,0.00204,0.86,0.467,149.942,audio_features,3Jn9sa1NMDRLMnJX1eGpBU,spotify:track:3Jn9sa1NMDRLMnJX1eGpBU,https://api.spotify.com/v1/tracks/3Jn9sa1NMDRLMnJX1eGpBU,https://api.spotify.com/v1/audio-analysis/3Jn9sa1NMDRLMnJX1eGpBU,233600,4,trap,,13285.0,Heavy Hitters
0.687,0.6920000000000001,5,-6.642,1,0.258,0.7120000000000001,0.0,0.46,0.639,179.59,audio_features,1m7NSANDofMtXcl8u6olyn,spotify:track:1m7NSANDofMtXcl8u6olyn,https://api.spotify.com/v1/tracks/1m7NSANDofMtXcl8u6olyn,https://api.spotify.com/v1/audio-analysis/1m7NSANDofMtXcl8u6olyn,230773,4,Hiphop,See the Sun,,
0.401,0.995,3,-3.91,0,0.0515,0.0161,0.7909999999999999,0.119,0.4970000000000001,137.96200000000002,audio_features,5rZc9vSddEWw25ZUo4dcut,spotify:track:5rZc9vSddEWw25ZUo4dcut,https://api.spotify.com/v1/tracks/5rZc9vSddEWw25ZUo4dcut,https://api.spotify.com/v1/audio-analysis/5rZc9vSddEWw25ZUo4dcut,208696,4,trance,,7845.0,Uplifting | Trance
0.284,0.8029999999999999,2,-5.292999999999999,0,0.173,0.302,0.0,0.242,0.5529999999999999,135.072,audio_features,2gAGWaK4wvt2xrFUlR4mK8,spotify:track:2gAGWaK4wvt2xrFUlR4mK8,https://api.spotify.com/v1/tracks/2gAGWaK4wvt2xrFUlR4mK8,https://api.spotify.com/v1/audio-analysis/2gAGWaK4wvt2xrFUlR4mK8,323960,4,Hiphop,Jukebox Joints (feat. Joe Fox & Kanye West),,
0.81,0.916,6,-5.943,0,0.047,0.000266,0.918,0.0413,0.3720000000000001,122.984,audio_features,0kseA6B24oVtMcY11QpmAe,spotify:track:0kseA6B24oVtMcY11QpmAe,https://api.spotify.com/v1/tracks/0kseA6B24oVtMcY11QpmAe,https://api.spotify.com/v1/audio-analysis/0kseA6B24oVtMcY11QpmAe,226341,4,techhouse,,571.0,Tech House 2020
0.743,0.907,1,-2.202,1,0.0457,0.000145,0.644,0.0896,0.336,144.989,audio_features,2hzTgyRavc7qW95aHpcl1Z,spotify:track:2hzTgyRavc7qW95aHpcl1Z,https://api.spotify.com/v1/tracks/2hzTgyRavc7qW95aHpcl1Z,https://api.spotify.com/v1/audio-analysis/2hzTgyRavc7qW95aHpcl1Z,268142,4,trap,,13620.0,Riddim Dubstep 2017-2018-2019
0.907,0.292,8,-12.389,0,0.1889999999999999,0.29,6.59e-06,0.1009999999999999,0.369,203.932,audio_features,2Bc27Zdsj0cIlba4xMs3Wa,spotify:track:2Bc27Zdsj0cIlba4xMs3Wa,https://api.spotify.com/v1/tracks/2Bc27Zdsj0cIlba4xMs3Wa,https://api.spotify.com/v1/audio-analysis/2Bc27Zdsj0cIlba4xMs3Wa,141176,4,Underground Rap,Flaunt,,
0.6890000000000001,0.982,1,-2.221,1,0.7120000000000001,0.0301,0.000241,0.0822,0.302,149.951,audio_features,5NJcJTNI4UwLOq7i4ut0xr,spotify:track:5NJcJTNI4UwLOq7i4ut0xr,https://api.spotify.com/v1/tracks/5NJcJTNI4UwLOq7i4ut0xr,https://api.spotify.com/v1/audio-analysis/5NJcJTNI4UwLOq7i4ut0xr,211220,4,trap,,14451.0,HEADBANGERS:Dubstep/Riddim
0.514,0.634,1,-6.513999999999999,1,0.3829999999999999,0.235,0.0,0.13,0.308,152.362,audio_features,5kTn07V96U8LyoQgz6DZzX,spotify:track:5kTn07V96U8LyoQgz6DZzX,https://api.spotify.com/v1/tracks/5kTn07V96U8LyoQgz6DZzX,https://api.spotify.com/v1/audio-analysis/5kTn07V96U8LyoQgz6DZzX,193013,4,Underground Rap,When You Down (with Polo G feat. Lil Durk),,
0.618,0.721,1,-6.796,1,0.0403,0.12,8.98e-06,0.108,0.425,144.09799999999998,audio_features,3FX4QpDKyovXdgtPEto2WR,spotify:track:3FX4QpDKyovXdgtPEto2WR,https://api.spotify.com/v1/tracks/3FX4QpDKyovXdgtPEto2WR,https://api.spotify.com/v1/audio-analysis/3FX4QpDKyovXdgtPEto2WR,158333,4,Dark Trap,AMY'S GRAVE,,
0.8320000000000001,0.747,1,-5.529,1,0.188,0.0531,0.0166,0.237,0.289,120.023,audio_features,5kpvLA31hZznUInLZ3yfXP,spotify:track:5kpvLA31hZznUInLZ3yfXP,https://api.spotify.com/v1/tracks/5kpvLA31hZznUInLZ3yfXP,https://api.spotify.com/v1/audio-analysis/5kpvLA31hZznUInLZ3yfXP,154096,4,Trap Metal,666 Bonez,,
0.489,0.965,8,-3.479,1,0.468,0.00136,0.000273,0.32,0.276,149.957,audio_features,6jc8ABfRupRa87DShTBnmh,spotify:track:6jc8ABfRupRa87DShTBnmh,https://api.spotify.com/v1/tracks/6jc8ABfRupRa87DShTBnmh,https://api.spotify.com/v1/audio-analysis/6jc8ABfRupRa87DShTBnmh,179200,4,trap,,13848.0,Riddim Dubstep 2017-2018-2019
0.615,0.7040000000000001,10,-6.955,0,0.345,0.135,0.0,0.132,0.517,158.509,audio_features,4n6TxUxKF7VBXZSRLGivAC,spotify:track:4n6TxUxKF7VBXZSRLGivAC,https://api.spotify.com/v1/tracks/4n6TxUxKF7VBXZSRLGivAC,https://api.spotify.com/v1/audio-analysis/4n6TxUxKF7VBXZSRLGivAC,146184,4,Rap,The Clique,,
0.778,0.562,1,-7.266,1,0.345,0.214,0.0,0.0821,0.662,152.99200000000002,audio_features,7lPIAA2vyvBpbt5QMDb8dp,spotify:track:7lPIAA2vyvBpbt5QMDb8dp,https://api.spotify.com/v1/tracks/7lPIAA2vyvBpbt5QMDb8dp,https://api.spotify.com/v1/audio-analysis/7lPIAA2vyvBpbt5QMDb8dp,197594,4,Underground Rap,Keep it 100,,
0.274,0.963,1,-5.506,1,0.519,0.00541,0.195,0.21,0.0701,150.099,audio_features,3Sw8FQZL2kiFENtmDY7GEj,spotify:track:3Sw8FQZL2kiFENtmDY7GEj,https://api.spotify.com/v1/tracks/3Sw8FQZL2kiFENtmDY7GEj,https://api.spotify.com/v1/audio-analysis/3Sw8FQZL2kiFENtmDY7GEj,285457,4,hardstyle,,18318.0,Ready2GetMaggot?
0.32,0.972,8,-5.319,1,0.24,0.000375,0.0,0.11,0.431,161.214,audio_features,3kDETmQPYUesARpFP8H6X2,spotify:track:3kDETmQPYUesARpFP8H6X2,https://api.spotify.com/v1/tracks/3kDETmQPYUesARpFP8H6X2,https://api.spotify.com/v1/audio-analysis/3kDETmQPYUesARpFP8H6X2,169440,4,Emo,Local Man Ruins Everything,,
0.58,0.8490000000000001,7,-6.585,1,0.0324,0.00205,0.86,0.196,0.317,137.997,audio_features,03n6KH3lhxj49HdA18WDM2,spotify:track:03n6KH3lhxj49HdA18WDM2,https://api.spotify.com/v1/tracks/03n6KH3lhxj49HdA18WDM2,https://api.spotify.com/v1/audio-analysis/03n6KH3lhxj49HdA18WDM2,474783,4,psytrance,,10143.0,Psytrance: Full on New Releases 2020
0.302,0.6990000000000001,6,-12.238,0,0.0397,0.000704,0.736,0.287,0.177,131.944,audio_features,4HWYd2pRImb5DNVcftJniP,spotify:track:4HWYd2pRImb5DNVcftJniP,https://api.spotify.com/v1/tracks/4HWYd2pRImb5DNVcftJniP,https://api.spotify.com/v1/audio-analysis/4HWYd2pRImb5DNVcftJniP,196860,4,trance,,8182.0,State if Trance (The best ASOT Epsidoes)
0.701,0.645,8,-3.084,0,0.1639999999999999,0.0274,0.000174,0.327,0.5760000000000001,107.955,audio_features,0w1x05XBSRIuVmKd3D0IPd,spotify:track:0w1x05XBSRIuVmKd3D0IPd,https://api.spotify.com/v1/tracks/0w1x05XBSRIuVmKd3D0IPd,https://api.spotify.com/v1/audio-analysis/0w1x05XBSRIuVmKd3D0IPd,191904,3,Rap,Wet Em Up Pt. 2,,
0.45,0.992,4,-8.161,0,0.0542,7.879999999999999e-05,0.816,0.5579999999999999,0.446,138.01,audio_features,2KioEM6gGS6HEY0zIixauj,spotify:track:2KioEM6gGS6HEY0zIixauj,https://api.spotify.com/v1/tracks/2KioEM6gGS6HEY0zIixauj,https://api.spotify.com/v1/audio-analysis/2KioEM6gGS6HEY0zIixauj,511698,4,trance,,7063.0,Top Trance Songs EVER
0.792,0.512,2,-6.875,1,0.0408,0.13,8.82e-05,0.14,0.11,113.978,audio_features,41LhQUkElADQ5YUbpYv2D0,spotify:track:41LhQUkElADQ5YUbpYv2D0,https://api.spotify.com/v1/tracks/41LhQUkElADQ5YUbpYv2D0,https://api.spotify.com/v1/audio-analysis/41LhQUkElADQ5YUbpYv2D0,168490,4,Dark Trap,"...And To Those I Love, Thanks For Sticking Around",,
0.7340000000000001,0.923,7,-10.907,1,0.0507,0.118,0.921,0.154,0.524,126.016,audio_features,0O6tWfBmaPHj8MRu9ueNU3,spotify:track:0O6tWfBmaPHj8MRu9ueNU3,https://api.spotify.com/v1/tracks/0O6tWfBmaPHj8MRu9ueNU3,https://api.spotify.com/v1/audio-analysis/0O6tWfBmaPHj8MRu9ueNU3,403857,4,techno,,4186.0,Techno Daily
0.621,0.802,1,-10.571,1,0.0594,0.0407,0.871,0.0943,0.0315,124.997,audio_features,6ofSVBX7LrMr9aIhPynNLJ,spotify:track:6ofSVBX7LrMr9aIhPynNLJ,https://api.spotify.com/v1/tracks/6ofSVBX7LrMr9aIhPynNLJ,https://api.spotify.com/v1/audio-analysis/6ofSVBX7LrMr9aIhPynNLJ,472258,3,techno,,4824.0,Techno Music Matters
0.44,0.976,10,-3.17,1,0.141,0.0017699999999999,3.39e-06,0.16,0.412,150.005,audio_features,20X9OeC606XNwEtDBOym5u,spotify:track:20X9OeC606XNwEtDBOym5u,https://api.spotify.com/v1/tracks/20X9OeC606XNwEtDBOym5u,https://api.spotify.com/v1/audio-analysis/20X9OeC606XNwEtDBOym5u,226707,4,Emo,Love Drunk,,
0.691,0.0935,0,-13.712,1,0.0439,0.924,0.0,0.0958,0.551,131.381,audio_features,0rsDhujEJ73Q7I9bvEljAZ,spotify:track:0rsDhujEJ73Q7I9bvEljAZ,https://api.spotify.com/v1/tracks/0rsDhujEJ73Q7I9bvEljAZ,https://api.spotify.com/v1/audio-analysis/0rsDhujEJ73Q7I9bvEljAZ,108085,4,Emo,Sunflower - Movie Version,,
0.695,0.5920000000000001,0,-11.5,1,0.235,0.132,0.0,0.435,0.3389999999999999,173.35,audio_features,4sYYIvC85kGLzic6L8DQ6v,spotify:track:4sYYIvC85kGLzic6L8DQ6v,https://api.spotify.com/v1/tracks/4sYYIvC85kGLzic6L8DQ6v,https://api.spotify.com/v1/audio-analysis/4sYYIvC85kGLzic6L8DQ6v,237087,4,Dark Trap,Renegade V,,
0.55,0.835,6,-6.912000000000001,1,0.0392,0.0028699999999999,0.915,0.174,0.231,143.964,audio_features,3pqq3Z5D7WtYONc85VvAxM,spotify:track:3pqq3Z5D7WtYONc85VvAxM,https://api.spotify.com/v1/tracks/3pqq3Z5D7WtYONc85VvAxM,https://api.spotify.com/v1/audio-analysis/3pqq3Z5D7WtYONc85VvAxM,243394,4,Dark Trap,Love Parade (Official),,
0.706,0.537,7,-6.347,1,0.348,0.00887,0.0,0.129,0.775,203.746,audio_features,6iajHa34cSiD5s42Cq9miJ,spotify:track:6iajHa34cSiD5s42Cq9miJ,https://api.spotify.com/v1/tracks/6iajHa34cSiD5s42Cq9miJ,https://api.spotify.com/v1/audio-analysis/6iajHa34cSiD5s42Cq9miJ,225947,4,Hiphop,Peaches & Cream (feat. P. Diddy),,
0.807,0.767,10,-4.785,1,0.136,0.0427,0.000173,0.149,0.2789999999999999,189.936,audio_features,4cR0PzZB7XL2zIy17aNcTC,spotify:track:4cR0PzZB7XL2zIy17aNcTC,https://api.spotify.com/v1/tracks/4cR0PzZB7XL2zIy17aNcTC,https://api.spotify.com/v1/audio-analysis/4cR0PzZB7XL2zIy17aNcTC,242526,4,Hiphop,Strictly 4 All,,
0.627,0.883,11,-6.032,1,0.0587,0.00126,0.821,0.1369999999999999,0.453,144.982,audio_features,2SYbmUjsSntKJa2iJXYK85,spotify:track:2SYbmUjsSntKJa2iJXYK85,https://api.spotify.com/v1/tracks/2SYbmUjsSntKJa2iJXYK85,https://api.spotify.com/v1/audio-analysis/2SYbmUjsSntKJa2iJXYK85,423724,4,psytrance,,9291.0,Psytrance New Releases 2020
0.84,0.444,3,-10.58,0,0.211,0.532,0.000884,0.0623,0.376,131.999,audio_features,4owRIrDAJPqNWGf2SGC3H8,spotify:track:4owRIrDAJPqNWGf2SGC3H8,https://api.spotify.com/v1/tracks/4owRIrDAJPqNWGf2SGC3H8,https://api.spotify.com/v1/audio-analysis/4owRIrDAJPqNWGf2SGC3H8,145636,4,Underground Rap,Mount Sinai,,
0.706,0.401,7,-12.924,1,0.0361,0.057,0.297,0.1119999999999999,0.29,119.979,audio_features,63eHnKNFN2422yXFTWX7i1,spotify:track:63eHnKNFN2422yXFTWX7i1,https://api.spotify.com/v1/tracks/63eHnKNFN2422yXFTWX7i1,https://api.spotify.com/v1/audio-analysis/63eHnKNFN2422yXFTWX7i1,258116,1,Dark Trap,Watch That Purple,,
0.561,0.632,1,-8.867,0,0.0638,0.0639,0.897,0.132,0.0886,174.005,audio_features,2LhJqvKD31DWAsuJmjxGkL,spotify:track:2LhJqvKD31DWAsuJmjxGkL,https://api.spotify.com/v1/tracks/2LhJqvKD31DWAsuJmjxGkL,https://api.spotify.com/v1/audio-analysis/2LhJqvKD31DWAsuJmjxGkL,294534,4,dnb,,17215.0,UKF Drum & Bass - All Uploads
0.76,0.664,11,-5.908,0,0.0844,0.00348,0.417,0.0568,0.601,128.0,audio_features,33NSe4FlyfO1NOQqC5dLyy,spotify:track:33NSe4FlyfO1NOQqC5dLyy,https://api.spotify.com/v1/tracks/33NSe4FlyfO1NOQqC5dLyy,https://api.spotify.com/v1/audio-analysis/33NSe4FlyfO1NOQqC5dLyy,350625,4,trance,,7646.0,Progressive & Melodic Trance
0.472,0.925,6,-3.545,0,0.15,0.000394,0.000528,0.0826,0.3379999999999999,159.989,audio_features,23UoI3jlFiWdo5jadUYo69,spotify:track:23UoI3jlFiWdo5jadUYo69,https://api.spotify.com/v1/tracks/23UoI3jlFiWdo5jadUYo69,https://api.spotify.com/v1/audio-analysis/23UoI3jlFiWdo5jadUYo69,267867,4,Emo,Bulls In The Bronx,,
0.836,0.627,6,-4.377,0,0.1969999999999999,0.143,0.0,0.0657,0.652,142.99,audio_features,1dnsojUNfvhiztcITLzruj,spotify:track:1dnsojUNfvhiztcITLzruj,https://api.spotify.com/v1/tracks/1dnsojUNfvhiztcITLzruj,https://api.spotify.com/v1/audio-analysis/1dnsojUNfvhiztcITLzruj,194680,4,Underground Rap,Wolves (with NAV),,
0.743,0.5870000000000001,5,-7.325,0,0.0728,0.215,6.68e-05,0.11,0.0792,196.036,audio_features,6jG1qlMJlCGijIeWzKlanN,spotify:track:6jG1qlMJlCGijIeWzKlanN,https://api.spotify.com/v1/tracks/6jG1qlMJlCGijIeWzKlanN,https://api.spotify.com/v1/audio-analysis/6jG1qlMJlCGijIeWzKlanN,158881,4,Dark Trap,Believe in Me,,
0.8190000000000001,0.799,9,-0.851,1,0.0609,0.00724,0.263,0.373,0.447,140.049,audio_features,0t8jwqQec3UCZOkzLs5fUg,spotify:track:0t8jwqQec3UCZOkzLs5fUg,https://api.spotify.com/v1/tracks/0t8jwqQec3UCZOkzLs5fUg,https://api.spotify.com/v1/audio-analysis/0t8jwqQec3UCZOkzLs5fUg,241625,4,trap,,14224.0,RIDDIM
0.575,0.282,7,-15.05,1,0.0283,0.176,0.887,0.0781,0.0342,190.034,audio_features,09jbhyiTluzHgHeEdCEGGb,spotify:track:09jbhyiTluzHgHeEdCEGGb,https://api.spotify.com/v1/tracks/09jbhyiTluzHgHeEdCEGGb,https://api.spotify.com/v1/audio-analysis/09jbhyiTluzHgHeEdCEGGb,227368,4,Dark Trap,"Too Little, Too Late",,
0.825,0.595,0,-9.393,1,0.0669,0.00107,0.94,0.0578,0.0781,124.003,audio_features,4cTIFTmacy3vyi5A5F3YeD,spotify:track:4cTIFTmacy3vyi5A5F3YeD,https://api.spotify.com/v1/tracks/4cTIFTmacy3vyi5A5F3YeD,https://api.spotify.com/v1/audio-analysis/4cTIFTmacy3vyi5A5F3YeD,389039,4,techhouse,,28.0,Tech House
0.8009999999999999,0.969,1,-3.07,0,0.0881,0.00658,0.0328,0.0933,0.675,124.034,audio_features,59a2UPsLTJI98ATLp50V8A,spotify:track:59a2UPsLTJI98ATLp50V8A,https://api.spotify.com/v1/tracks/59a2UPsLTJI98ATLp50V8A,https://api.spotify.com/v1/audio-analysis/59a2UPsLTJI98ATLp50V8A,180918,4,techhouse,,1596.0,Tech House Rotation 2020
0.745,0.354,1,-6.544,1,0.0571,0.0686,0.0,0.151,0.415,168.00599999999997,audio_features,5QUvrg3gdR2dO6qzcJgGrc,spotify:track:5QUvrg3gdR2dO6qzcJgGrc,https://api.spotify.com/v1/tracks/5QUvrg3gdR2dO6qzcJgGrc,https://api.spotify.com/v1/audio-analysis/5QUvrg3gdR2dO6qzcJgGrc,241320,4,RnB,"I Know You See It (feat. Brandy ""Ms. B"" Hambrick)",,
0.524,0.87,5,-3.716,0,0.0427,0.0014,0.0,0.0796,0.552,160.034,audio_features,0Hv2IWtvPPca1F4zhC4UFs,spotify:track:0Hv2IWtvPPca1F4zhC4UFs,https://api.spotify.com/v1/tracks/0Hv2IWtvPPca1F4zhC4UFs,https://api.spotify.com/v1/audio-analysis/0Hv2IWtvPPca1F4zhC4UFs,222427,4,Emo,Your Love Is a Lie,,
0.7559999999999999,0.507,2,-9.947,1,0.239,0.0333,0.000159,0.381,0.178,195.982,audio_features,6Ty5Vsn0XsGrhlEVJQqNB5,spotify:track:6Ty5Vsn0XsGrhlEVJQqNB5,https://api.spotify.com/v1/tracks/6Ty5Vsn0XsGrhlEVJQqNB5,https://api.spotify.com/v1/audio-analysis/6Ty5Vsn0XsGrhlEVJQqNB5,135724,4,Underground Rap,Damn Daddy (feat. Ohgeesy),,
0.478,0.969,8,-4.942,1,0.0574,8.94e-05,0.936,0.379,0.0543,132.026,audio_features,7ubusNWFkglFwl099dDeEe,spotify:track:7ubusNWFkglFwl099dDeEe,https://api.spotify.com/v1/tracks/7ubusNWFkglFwl099dDeEe,https://api.spotify.com/v1/audio-analysis/7ubusNWFkglFwl099dDeEe,194500,4,trance,,7241.0,Top Trance Songs EVER
0.511,0.988,7,-3.312,0,0.0622,0.0427,0.0,0.361,0.26,150.037,audio_features,6jy31gfLhxDp17Pv0QtHco,spotify:track:6jy31gfLhxDp17Pv0QtHco,https://api.spotify.com/v1/tracks/6jy31gfLhxDp17Pv0QtHco,https://api.spotify.com/v1/audio-analysis/6jy31gfLhxDp17Pv0QtHco,249443,4,hardstyle,,19910.0,Euphoric Hardstyle
0.774,0.195,4,-12.233,1,0.087,0.789,0.00103,0.109,0.369,132.847,audio_features,6GivWRmlYtefJr28jev6e0,spotify:track:6GivWRmlYtefJr28jev6e0,https://api.spotify.com/v1/tracks/6GivWRmlYtefJr28jev6e0,https://api.spotify.com/v1/audio-analysis/6GivWRmlYtefJr28jev6e0,122707,4,Hiphop,Leray,,
0.6459999999999999,0.6559999999999999,11,-6.797999999999999,0,0.0743,0.0949,0.0,0.103,0.501,160.065,audio_features,11p2ty4w5GpoFL4vcK0Cru,spotify:track:11p2ty4w5GpoFL4vcK0Cru,https://api.spotify.com/v1/tracks/11p2ty4w5GpoFL4vcK0Cru,https://api.spotify.com/v1/audio-analysis/11p2ty4w5GpoFL4vcK0Cru,168751,4,Dark Trap,Name in the Sand,,
0.8190000000000001,0.687,11,-8.22,1,0.258,0.315,0.0,0.121,0.271,184.058,audio_features,02x5VJh65iYdvnt7SNiR7x,spotify:track:02x5VJh65iYdvnt7SNiR7x,https://api.spotify.com/v1/tracks/02x5VJh65iYdvnt7SNiR7x,https://api.spotify.com/v1/audio-analysis/02x5VJh65iYdvnt7SNiR7x,196309,4,Underground Rap,Florida Gator (feat. 03 Greedo & Prada Mack),,
0.755,0.8320000000000001,2,-2.741,0,0.1159999999999999,0.0746,1.27e-06,0.291,0.735,120.032,audio_features,5OMwQFBcte0aWFJFqrr5oj,spotify:track:5OMwQFBcte0aWFJFqrr5oj,https://api.spotify.com/v1/tracks/5OMwQFBcte0aWFJFqrr5oj,https://api.spotify.com/v1/audio-analysis/5OMwQFBcte0aWFJFqrr5oj,199693,4,Pop,TiK ToK,,
0.7909999999999999,0.821,6,-3.4410000000000003,1,0.236,0.0254,0.0299,0.228,0.782,183.78,audio_features,153gRvRs6g9gCQUgDykrLV,spotify:track:153gRvRs6g9gCQUgDykrLV,https://api.spotify.com/v1/tracks/153gRvRs6g9gCQUgDykrLV,https://api.spotify.com/v1/audio-analysis/153gRvRs6g9gCQUgDykrLV,278493,4,Hiphop,Me Against The World,,
0.441,0.8340000000000001,11,-6.895,1,0.0596,0.0535,0.0,0.165,0.527,158.487,audio_features,3MOZH8MLW0z7VACDTM7JFi,spotify:track:3MOZH8MLW0z7VACDTM7JFi,https://api.spotify.com/v1/tracks/3MOZH8MLW0z7VACDTM7JFi,https://api.spotify.com/v1/audio-analysis/3MOZH8MLW0z7VACDTM7JFi,227027,4,Emo,Freakish,,
0.618,0.838,5,-5.81,1,0.42,0.103,0.892,0.614,0.196,139.121,audio_features,2CysNuaouptFsyq7kqskmN,spotify:track:2CysNuaouptFsyq7kqskmN,https://api.spotify.com/v1/tracks/2CysNuaouptFsyq7kqskmN,https://api.spotify.com/v1/audio-analysis/2CysNuaouptFsyq7kqskmN,276000,4,trap,,14828.0,Riddim Dubstep
0.878,0.465,4,-7.485,1,0.0568,0.0109,0.376,0.222,0.894,124.018,audio_features,3fNPcoOk6SerKlfzcSligz,spotify:track:3fNPcoOk6SerKlfzcSligz,https://api.spotify.com/v1/tracks/3fNPcoOk6SerKlfzcSligz,https://api.spotify.com/v1/audio-analysis/3fNPcoOk6SerKlfzcSligz,210558,4,techhouse,,2240.0,Dirtybird//Techhouse by Mack\
0.7709999999999999,0.884,1,-11.238,1,0.0608,0.00705,0.939,0.546,0.574,130.167,audio_features,0SkZAvz4JDC96e6Os9apPp,spotify:track:0SkZAvz4JDC96e6Os9apPp,https://api.spotify.com/v1/tracks/0SkZAvz4JDC96e6Os9apPp,https://api.spotify.com/v1/audio-analysis/0SkZAvz4JDC96e6Os9apPp,341496,4,techno,,5272.0,Acid Techno
0.797,0.4479999999999999,7,-9.202,1,0.379,0.0506,0.000533,0.099,0.0777,159.995,audio_features,53VZP3NDdaPw0p4lH6YKA5,spotify:track:53VZP3NDdaPw0p4lH6YKA5,https://api.spotify.com/v1/tracks/53VZP3NDdaPw0p4lH6YKA5,https://api.spotify.com/v1/audio-analysis/53VZP3NDdaPw0p4lH6YKA5,152763,4,Underground Rap,Dead Rose,,
0.769,0.857,7,-5.739,1,0.0341,0.00026,0.615,0.15,0.546,138.02700000000002,audio_features,30ReyoHQrT1EpRVwDo36II,spotify:track:30ReyoHQrT1EpRVwDo36II,https://api.spotify.com/v1/tracks/30ReyoHQrT1EpRVwDo36II,https://api.spotify.com/v1/audio-analysis/30ReyoHQrT1EpRVwDo36II,429565,4,psytrance,,11796.0,Psytrance: Full on New Releases 2020
0.595,0.657,1,-6.497999999999999,0,0.183,0.462,0.000597,0.437,0.718,156.093,audio_features,0dWOFwdXrbBUYqD9DLsoyK,spotify:track:0dWOFwdXrbBUYqD9DLsoyK,https://api.spotify.com/v1/tracks/0dWOFwdXrbBUYqD9DLsoyK,https://api.spotify.com/v1/audio-analysis/0dWOFwdXrbBUYqD9DLsoyK,273151,4,Rap,BLEACH,,
0.5589999999999999,0.578,8,-9.54,1,0.151,0.79,0.000522,0.324,0.239,159.876,audio_features,4k2ix82xyGax7S8u6ODb6B,spotify:track:4k2ix82xyGax7S8u6ODb6B,https://api.spotify.com/v1/tracks/4k2ix82xyGax7S8u6ODb6B,https://api.spotify.com/v1/audio-analysis/4k2ix82xyGax7S8u6ODb6B,320720,4,Hiphop,Boredom (feat. Rex Orange County & Anna of the North),,
0.7559999999999999,0.746,1,-6.397,1,0.142,0.236,0.0,0.0999,0.0793,207.956,audio_features,737gwrDNwTCAwAjy02FSMO,spotify:track:737gwrDNwTCAwAjy02FSMO,https://api.spotify.com/v1/tracks/737gwrDNwTCAwAjy02FSMO,https://api.spotify.com/v1/audio-analysis/737gwrDNwTCAwAjy02FSMO,168883,4,Dark Trap,Story: No Title,,
0.6729999999999999,0.903,1,-2.768,0,0.428,0.00586,0.0247,0.0658,0.657,150.034,audio_features,11jR5B5gdLDdafTMPbzg0V,spotify:track:11jR5B5gdLDdafTMPbzg0V,https://api.spotify.com/v1/tracks/11jR5B5gdLDdafTMPbzg0V,https://api.spotify.com/v1/audio-analysis/11jR5B5gdLDdafTMPbzg0V,183882,3,trap,,12940.0,Lost Lands 2020
0.8320000000000001,0.942,11,-6.2970000000000015,1,0.0508,0.000247,0.858,0.0677,0.961,126.003,audio_features,7ig6XS4erQOy5o5IoNRffL,spotify:track:7ig6XS4erQOy5o5IoNRffL,https://api.spotify.com/v1/tracks/7ig6XS4erQOy5o5IoNRffL,https://api.spotify.com/v1/audio-analysis/7ig6XS4erQOy5o5IoNRffL,350750,4,techhouse,,252.0,Tech House Top 50
0.87,0.667,1,-4.892,1,0.429,0.166,1.810000000000001e-05,0.585,0.383,128.012,audio_features,4UFzz7Or2fHOVkMnU1AkJB,spotify:track:4UFzz7Or2fHOVkMnU1AkJB,https://api.spotify.com/v1/tracks/4UFzz7Or2fHOVkMnU1AkJB,https://api.spotify.com/v1/audio-analysis/4UFzz7Or2fHOVkMnU1AkJB,422958,4,techhouse,,780.0,tech house
0.784,0.789,6,-4.962,0,0.0736,0.02,0.0113,0.144,0.624,126.987,audio_features,7pSwlDVUcoOXYeYLjbkiF3,spotify:track:7pSwlDVUcoOXYeYLjbkiF3,https://api.spotify.com/v1/tracks/7pSwlDVUcoOXYeYLjbkiF3,https://api.spotify.com/v1/audio-analysis/7pSwlDVUcoOXYeYLjbkiF3,107781,4,Underground Rap,praisethedevil,,
0.768,0.8640000000000001,0,-8.488999999999999,0,0.0864,0.00133,0.0,0.369,0.627,114.015,audio_features,1GhfXfx3OiLrofA2MWccz8,spotify:track:1GhfXfx3OiLrofA2MWccz8,https://api.spotify.com/v1/tracks/1GhfXfx3OiLrofA2MWccz8,https://api.spotify.com/v1/audio-analysis/1GhfXfx3OiLrofA2MWccz8,123759,4,Underground Rap,Blow,,
0.479,0.8290000000000001,2,-4.894,1,0.258,0.255,0.0,0.341,0.235,120.421,audio_features,7kbvKiWX5pgBeUCN65ZqVg,spotify:track:7kbvKiWX5pgBeUCN65ZqVg,https://api.spotify.com/v1/tracks/7kbvKiWX5pgBeUCN65ZqVg,https://api.spotify.com/v1/audio-analysis/7kbvKiWX5pgBeUCN65ZqVg,176827,4,Underground Rap,Time,,
0.516,0.62,4,-5.894,1,0.0325,0.266,0.0,0.116,0.148,145.067,audio_features,6f0XqZKDhD5EOTziuKYyq1,spotify:track:6f0XqZKDhD5EOTziuKYyq1,https://api.spotify.com/v1/tracks/6f0XqZKDhD5EOTziuKYyq1,https://api.spotify.com/v1/audio-analysis/6f0XqZKDhD5EOTziuKYyq1,218750,4,trap,,14252.0,Lost Lands 2020
0.7959999999999999,0.5,1,-7.21,1,0.425,0.118,0.0,0.155,0.2269999999999999,150.024,audio_features,1nX9KhK3Fff27SnrIor2Yb,spotify:track:1nX9KhK3Fff27SnrIor2Yb,https://api.spotify.com/v1/tracks/1nX9KhK3Fff27SnrIor2Yb,https://api.spotify.com/v1/audio-analysis/1nX9KhK3Fff27SnrIor2Yb,255560,4,RnB,4 AM,,
0.7090000000000001,0.503,7,-5.7620000000000005,1,0.5379999999999999,0.312,0.0,0.21,0.26,175.34599999999998,audio_features,0Ek0FqiDPgg1kZlF3lwlEA,spotify:track:0Ek0FqiDPgg1kZlF3lwlEA,https://api.spotify.com/v1/tracks/0Ek0FqiDPgg1kZlF3lwlEA,https://api.spotify.com/v1/audio-analysis/0Ek0FqiDPgg1kZlF3lwlEA,331693,4,Hiphop,I Said Me,,
0.5479999999999999,0.75,7,-6.229,1,0.284,0.00834,2.81e-06,0.166,0.617,165.622,audio_features,3KUpGMnZL76I9E7FoWV1re,spotify:track:3KUpGMnZL76I9E7FoWV1re,https://api.spotify.com/v1/tracks/3KUpGMnZL76I9E7FoWV1re,https://api.spotify.com/v1/audio-analysis/3KUpGMnZL76I9E7FoWV1re,221227,4,Hiphop,Through The Wire,,
0.84,0.525,2,-5.67,1,0.0454,0.426,0.296,0.102,0.1889999999999999,130.037,audio_features,46KyjsEobuGoWbH2CoWjCN,spotify:track:46KyjsEobuGoWbH2CoWjCN,https://api.spotify.com/v1/tracks/46KyjsEobuGoWbH2CoWjCN,https://api.spotify.com/v1/audio-analysis/46KyjsEobuGoWbH2CoWjCN,177000,4,Hiphop,I'm Sorry,,
0.7709999999999999,0.957,10,-5.545,0,0.0548,3.72e-05,0.948,0.0807,0.4320000000000001,128.00799999999998,audio_features,2olSUR93uv0gfIRgcHqYxu,spotify:track:2olSUR93uv0gfIRgcHqYxu,https://api.spotify.com/v1/tracks/2olSUR93uv0gfIRgcHqYxu,https://api.spotify.com/v1/audio-analysis/2olSUR93uv0gfIRgcHqYxu,391848,4,techhouse,,1718.0,Tech House Pizza
0.705,0.726,11,-7.2879999999999985,0,0.0686,0.0843,0.861,0.0596,0.251,127.0,audio_features,5VPCL3HiwOLjoFK0wKiEnf,spotify:track:5VPCL3HiwOLjoFK0wKiEnf,https://api.spotify.com/v1/tracks/5VPCL3HiwOLjoFK0wKiEnf,https://api.spotify.com/v1/audio-analysis/5VPCL3HiwOLjoFK0wKiEnf,428480,4,techno,,3094.0,Dark Techno Rave
0.536,0.991,11,0.085,0,0.205,0.0378,0.0197,0.584,0.16,150.003,audio_features,3qavwet0IxIpsUqKQ6vlSj,spotify:track:3qavwet0IxIpsUqKQ6vlSj,https://api.spotify.com/v1/tracks/3qavwet0IxIpsUqKQ6vlSj,https://api.spotify.com/v1/audio-analysis/3qavwet0IxIpsUqKQ6vlSj,307200,4,trap,,14706.0,Lost Lands 2019
0.8420000000000001,0.368,5,-7.45,0,0.0473,0.106,0.557,0.155,0.204,120.0,audio_features,2PufhNjQKAxdw5wZB9DOmS,spotify:track:2PufhNjQKAxdw5wZB9DOmS,https://api.spotify.com/v1/tracks/2PufhNjQKAxdw5wZB9DOmS,https://api.spotify.com/v1/audio-analysis/2PufhNjQKAxdw5wZB9DOmS,184000,4,Dark Trap,Blessing,,
0.603,0.865,9,-6.912999999999999,1,0.034,0.00991,0.0227,0.203,0.287,123.987,audio_features,6rO7Ljvkmj4ESCIcGEsVdT,spotify:track:6rO7Ljvkmj4ESCIcGEsVdT,https://api.spotify.com/v1/tracks/6rO7Ljvkmj4ESCIcGEsVdT,https://api.spotify.com/v1/audio-analysis/6rO7Ljvkmj4ESCIcGEsVdT,189498,4,techhouse,,2142.0,Tech House 2020
0.7040000000000001,0.8640000000000001,11,-2.513,0,0.27,0.00556,0.079,0.0452,0.259,175.169,audio_features,5tqdZHgCEFcwPe46XAR4Tu,spotify:track:5tqdZHgCEFcwPe46XAR4Tu,https://api.spotify.com/v1/tracks/5tqdZHgCEFcwPe46XAR4Tu,https://api.spotify.com/v1/audio-analysis/5tqdZHgCEFcwPe46XAR4Tu,264686,4,dnb,,15931.0,Drum and Bass 2020
0.502,0.955,9,-2.643,1,0.0385,0.00249,2.66e-06,0.441,0.311,131.959,audio_features,1ZmJMiKmOQL75uC2E7Iy6H,spotify:track:1ZmJMiKmOQL75uC2E7Iy6H,https://api.spotify.com/v1/tracks/1ZmJMiKmOQL75uC2E7Iy6H,https://api.spotify.com/v1/audio-analysis/1ZmJMiKmOQL75uC2E7Iy6H,194757,4,trance,,8919.0,Top Trance Songs EVER
0.945,0.65,1,-7.071000000000001,1,0.154,0.000515,0.0,0.135,0.804,129.007,audio_features,2b1yiFEFZYuvlBnClvNJHP,spotify:track:2b1yiFEFZYuvlBnClvNJHP,https://api.spotify.com/v1/tracks/2b1yiFEFZYuvlBnClvNJHP,https://api.spotify.com/v1/audio-analysis/2b1yiFEFZYuvlBnClvNJHP,96563,4,Rap,Taco Tuesday,,
0.562,0.5489999999999999,9,-6.394,1,0.0254,0.0279999999999999,0.0,0.309,0.314,145.02,audio_features,2cK98Bak5Q7iiTz8aajq72,spotify:track:2cK98Bak5Q7iiTz8aajq72,https://api.spotify.com/v1/tracks/2cK98Bak5Q7iiTz8aajq72,https://api.spotify.com/v1/audio-analysis/2cK98Bak5Q7iiTz8aajq72,148867,4,Trap Metal,THE GIVE UP,,
0.6920000000000001,0.871,2,-4.475,0,0.0819999999999999,0.000205,0.9,0.12,0.315,175.002,audio_features,5h7TZRZEw8qp23osOTWIrN,spotify:track:5h7TZRZEw8qp23osOTWIrN,https://api.spotify.com/v1/tracks/5h7TZRZEw8qp23osOTWIrN,https://api.spotify.com/v1/audio-analysis/5h7TZRZEw8qp23osOTWIrN,318858,4,dnb,,15626.0,Liqduicity Drum & Bass
0.654,0.988,6,-1.449,0,0.156,0.000954,0.0833,0.399,0.247,144.92600000000004,audio_features,0ujw1lJCCHxWPhfvSUURTZ,spotify:track:0ujw1lJCCHxWPhfvSUURTZ,https://api.spotify.com/v1/tracks/0ujw1lJCCHxWPhfvSUURTZ,https://api.spotify.com/v1/audio-analysis/0ujw1lJCCHxWPhfvSUURTZ,200391,4,trap,,12165.0,Headbangers:Dubstep/Riddim
0.502,0.919,5,-4.773,0,0.0492,0.000276,0.583,0.103,0.0861,150.032,audio_features,6KvZ96U7KBbbPXbuZZRikv,spotify:track:6KvZ96U7KBbbPXbuZZRikv,https://api.spotify.com/v1/tracks/6KvZ96U7KBbbPXbuZZRikv,https://api.spotify.com/v1/audio-analysis/6KvZ96U7KBbbPXbuZZRikv,357200,4,hardstyle,,20478.0,Euphoric Hardstyle
0.4,0.948,6,-4.583,1,0.111,0.000951,0.000246,0.402,0.0657,132.961,audio_features,4rEGJaFfaNjaVSN28enZGN,spotify:track:4rEGJaFfaNjaVSN28enZGN,https://api.spotify.com/v1/tracks/4rEGJaFfaNjaVSN28enZGN,https://api.spotify.com/v1/audio-analysis/4rEGJaFfaNjaVSN28enZGN,139004,4,trance,,8081.0,Top Trance Songs EVER
0.897,0.921,6,-0.736,0,0.362,0.00103,0.748,0.284,0.11,140.14,audio_features,7yuGLbccGoIgbczlOEe9gW,spotify:track:7yuGLbccGoIgbczlOEe9gW,https://api.spotify.com/v1/tracks/7yuGLbccGoIgbczlOEe9gW,https://api.spotify.com/v1/audio-analysis/7yuGLbccGoIgbczlOEe9gW,283428,4,trap,,13871.0,Riddim Dubstep
0.701,0.7240000000000001,0,-5.751,0,0.145,0.267,0.0,0.0867,0.425,132.035,audio_features,358bOvBiZCS9fRzNYosw6c,spotify:track:358bOvBiZCS9fRzNYosw6c,https://api.spotify.com/v1/tracks/358bOvBiZCS9fRzNYosw6c,https://api.spotify.com/v1/audio-analysis/358bOvBiZCS9fRzNYosw6c,237053,4,RnB,Like a Boy,,
0.81,0.916,6,-5.943,0,0.047,0.000266,0.918,0.0413,0.3720000000000001,122.984,audio_features,0kseA6B24oVtMcY11QpmAe,spotify:track:0kseA6B24oVtMcY11QpmAe,https://api.spotify.com/v1/tracks/0kseA6B24oVtMcY11QpmAe,https://api.spotify.com/v1/audio-analysis/0kseA6B24oVtMcY11QpmAe,226341,4,techhouse,,23.0,Tech House Movement
0.361,0.977,7,-5.044,1,0.171,0.00644,0.723,0.573,0.0702,139.968,audio_features,0nupuMbTTb8v8RCUugBb2p,spotify:track:0nupuMbTTb8v8RCUugBb2p,https://api.spotify.com/v1/tracks/0nupuMbTTb8v8RCUugBb2p,https://api.spotify.com/v1/audio-analysis/0nupuMbTTb8v8RCUugBb2p,387428,4,psytrance,,10225.0,Psytrance New Releases 2020
0.408,0.938,5,-2.56,0,0.121,0.0396,3.46e-06,0.347,0.232,153.002,audio_features,1mYN0x2kzME33Z6oX08g2Z,spotify:track:1mYN0x2kzME33Z6oX08g2Z,https://api.spotify.com/v1/tracks/1mYN0x2kzME33Z6oX08g2Z,https://api.spotify.com/v1/audio-analysis/1mYN0x2kzME33Z6oX08g2Z,265098,4,hardstyle,,20638.0,Hardstlye - 2020
0.64,0.809,11,-4.666,0,0.116,0.0622,0.00122,0.207,0.269,131.969,audio_features,4aFhlbVuySIvrNMq1WNJsW,spotify:track:4aFhlbVuySIvrNMq1WNJsW,https://api.spotify.com/v1/tracks/4aFhlbVuySIvrNMq1WNJsW,https://api.spotify.com/v1/audio-analysis/4aFhlbVuySIvrNMq1WNJsW,210909,4,trance,,6547.0,Trance Mission
0.333,0.7090000000000001,9,-6.073,1,0.0356,0.366,0.107,0.321,0.0867,149.83700000000005,audio_features,42FQQdPp8NLCwnZqam2CZV,spotify:track:42FQQdPp8NLCwnZqam2CZV,https://api.spotify.com/v1/tracks/42FQQdPp8NLCwnZqam2CZV,https://api.spotify.com/v1/audio-analysis/42FQQdPp8NLCwnZqam2CZV,206000,4,hardstyle,,20831.0,Best Hardstyle ever made
0.7240000000000001,0.489,6,-8.702,1,0.177,0.367,0.00141,0.196,0.377,161.928,audio_features,3SHTDx3mTHlFZ5Z3zBEkfj,spotify:track:3SHTDx3mTHlFZ5Z3zBEkfj,https://api.spotify.com/v1/tracks/3SHTDx3mTHlFZ5Z3zBEkfj,https://api.spotify.com/v1/audio-analysis/3SHTDx3mTHlFZ5Z3zBEkfj,142238,4,Dark Trap,Red Rose,,
0.46,0.883,5,-7.145,0,0.0389,0.000594,0.911,0.297,0.179,149.964,audio_features,6fHMmPWf8lq8dALOZ3ZQbw,spotify:track:6fHMmPWf8lq8dALOZ3ZQbw,https://api.spotify.com/v1/tracks/6fHMmPWf8lq8dALOZ3ZQbw,https://api.spotify.com/v1/audio-analysis/6fHMmPWf8lq8dALOZ3ZQbw,299200,4,hardstyle,,18569.0,Ready2GetMaggot?
0.718,0.691,4,-6.44,1,0.0387,0.0159,0.0,0.0627,0.552,200.016,audio_features,6ihL9TjfRjadfEePzXXyVF,spotify:track:6ihL9TjfRjadfEePzXXyVF,https://api.spotify.com/v1/tracks/6ihL9TjfRjadfEePzXXyVF,https://api.spotify.com/v1/audio-analysis/6ihL9TjfRjadfEePzXXyVF,213107,4,Emo,Gives You Hell,,
0.7659999999999999,0.949,7,1.408,1,0.0518,0.0906,0.000135,0.0994,0.517,145.013,audio_features,51rbDkMU0RtTz59mmvbhlN,spotify:track:51rbDkMU0RtTz59mmvbhlN,https://api.spotify.com/v1/tracks/51rbDkMU0RtTz59mmvbhlN,https://api.spotify.com/v1/audio-analysis/51rbDkMU0RtTz59mmvbhlN,238345,4,trap,,14624.0,Headbangers:Dubstep/Riddim
