event,event_name,position,athelete,country,mark
4x400 Metres Relay women,6th IAAF World Championships In Athletics,1,Germany,GER,3:20.92   WL
4x400 Metres Relay women,6th IAAF World Championships In Athletics,2,United States,USA,3:21.03   SB
4x400 Metres Relay women,6th IAAF World Championships In Athletics,3,Jamaica,JAM,3:21.30   NR
4x400 Metres Relay women,6th IAAF World Championships In Athletics,4,Russia,RUS,3:21.57   SB
4x400 Metres Relay women,6th IAAF World Championships In Athletics,5,Czech Republic,CZE,3:23.73
4x400 Metres Relay women,6th IAAF World Championships In Athletics,6,Great Britain & N.I.,GBR,3:26.27
4x400 Metres Relay women,6th IAAF World Championships In Athletics,7,Nigeria,NGR,3:30.04
4x400 Metres Relay women,6th IAAF World Championships In Athletics,8,Italy,ITA,3:30.63
