department_id,department_name,1999-2000,2000-2001,
1,School of Medicine,119700.0,128430.0,
2,Biochemistry,8762.0,10218.0,
3,Biology,8351.0,11204.0,
4,Chemistry,8426.0,9937.0,
5,Physics,14410.0,16559.0,
6,Mathematics,3825.0,4248.0,
7,Aeronautics,2578.0,2787.0,
8,Chemical Eng & Chemical Tech,4988.0,5605.0,
9,Civil & Environmental Eng,5637.0,5961.0,
10,Computing,6879.0,7083.0,
11,Electrical & Electronic Eng,5906.0,6459.0,
12,Materials,4196.0,4177.0,
13,Mechanical Engineering,9960.0,10290.0,
14,Biological & Medical Systems,2360.0,1518.0,
15,"TH Huxley School of Environment, Earth Sciences & Engineering",10081.0,15101.0,
16,Management School,4888.0,5960.0,
17,Centre for Composite Materials,415.0,417.0,
18,"Centre for History of Science, Technology & Medicine",234.0,334.0,
19,IC-Parc,749.0,916.0,
20,IRC for Process Systems Eng,2026.0,1587.0,
21,Structural Biology,138.0,364.0,
23,Other,1242.0,2175.0,
,,,,