Actor,Film,Year,Votes,Rating
Martin Sheen,The Believers,1987,6341,6.1
Jason London,Who's Your Monkey?,2007,370,5.5
Tim Allen,Tropical Snow,1988,223,5.5
Ornella Muti,Oscar,1991,30066,6.6
Deborah Kara Unger,The Salton Sea,2002,29633,7.1
Teri Garr,Pajama Party,1964,935,5.0
Coleen Gray,The Shocking Miss Pilgrim,1947,387,6.5
Mamie Van Doren,Vice Raid,1959,269,5.5
Reese Witherspoon,Best Laid Plans,1999,7265,6.1
Morgan Fairchild,Nice Guys Sleep Alone,1999,502,5.7
Dorothy McGuire,Old Yeller,1957,12046,7.3
Rebecca Mader,Great World of Sound,2007,1116,6.7
Barbara Rush,Bigger Than Life,1956,6771,7.6
Kurt Russell,The Hateful Eight,2015,525390,7.8
Carl Weathers,Rocky,1976,524209,8.1
Bonnie Hunt,Beethoven's 2nd,1993,26009,4.9
Charles Bronson,Death Wish,1974,36168,7.0
Dolly Wells,Benny & Jolene,2014,128,5.2
Ray Milland,Something to Live For,1952,295,6.5
Aditi Rao Hydari,Rockstar,2011,39904,7.7
Dexter Fletcher,Smoking Guns,2016,1057,5.6
Joanna Moore,The Hindenburg,1975,5312,6.3
Lauren Graham,Birds of America,2008,5258,6.1
Elden Henson,Not Since You,2009,1796,5.5
Larry Fessenden,The Stakelander,2016,3164,5.3
Leo Fitzpatrick,Doomsdays,2013,515,6.7
John Krasinski,Nobody Walks,2012,4758,5.3
Ashley Greene,Twilight,2008,430314,5.2
Sonny Landham,Gloria,1980,8848,7.2
Abraham Benrubi,The Hammer,2017,134,6.4
Jonathan Winters,Say Yes,1986,130,4.9
Bella Thorne,The Babysitter: Killer Queen,2020,28110,5.8
John Rhys-Davies,The Lost Angel,2005,384,3.7
Hayley Mills,Appointment with Death,1988,4058,6.2
Daniel Wu,Tai Chi Zero,2012,4843,6.1
Abraham Benrubi,Ambush at Dark Canyon,2012,398,4.8
Tess Harper,Kiss the Bride,2007,1539,5.6
Emmanuelle Vaugier,Hysteria,1997,201,5.7
Elizabeth Ashley,Split Image,1982,745,6.5
Chelcie Ross,Novocaine,2001,10699,5.8
Tom Lipinski,Mercy,2016,3057,4.2
Audie Murphy,The Duel at Silver Creek,1952,1423,6.4
Eddie Marsan,Vice,2018,126067,7.2
Malcolm McDowell,Vent d'est,1993,202,7.1
Karen Black,Killer Fish,1979,1735,4.1
Adrien Brody,InAPPropriate Comedy,2013,4292,2.8
Philip Baker Hall,Buddy,1997,2496,4.9
Billy Brown,Working Man,2019,462,6.3
Farley Granger,The Whoopee Boys,1986,768,6.0
JJ Feild,Telstar: The Joe Meek Story,2008,1571,6.5
Jim Varney,Toy Story 2,1999,532307,7.9
Andrew McCarthy,Diggity's Treasure,2001,193,5.8
Bruce Davison,Crazy/Beautiful,2001,23874,6.5
Josh Gad,Frozen II,2019,141273,6.9
Tom Hardy,Child 44,2015,66757,6.5
Nolan Gerard Funk,Triple Dog,2010,4432,5.8
Robert Loggia,Harvest,2010,159,5.3
Gregory Scott Cummins,Stone Cold,1991,7129,6.0
Omar Sy,Mood Indigo,2013,15313,6.5
Max Martini,The Great Raid,2005,21234,6.7
David Lynch,Dune,1984,129088,6.5
Harold Gould,English as a Second Language,2005,271,7.1
Jacob Vargas,Princess of the Row,2019,228,6.1
Stanley Tucci,Some Velvet Morning,2013,1763,5.8
Riley Keough,Magic Mike,2012,132265,6.1
Brigid Brannagh,Left Behind: Vanished - Next Generation,2016,633,3.7
Judd Lormand,The Last Exorcism Part II,2013,15762,4.0
Sven-Ole Thorsen,The Bad Pack,1997,330,4.4
Bill Murray,The Royal Tenenbaums,2001,269526,7.6
John Ashton,Midnight Run,1988,76799,7.5
John C. Reilly,Carnage,2011,120530,7.2
Mira Sorvino,The Replacement Killers,1998,27117,6.2
Matt McCoy,The Soft Kill,1994,212,4.6
John Russell,Untamed Youth,1957,972,4.0
William Levy,Resident Evil: The Final Chapter,2016,85124,5.5
Julie Delpy,The Treat,1998,416,4.5
Chris Sullivan,Adopt a Highway,2019,3164,6.3
Jay Hernandez,Grindhouse,2007,178624,7.5
Fred Williamson,"One Down, Two to go",1982,484,4.7
Kal Penn,Once Upon a Time in Venice,2017,17793,5.3
Dave Bautista,My Spy,2020,23835,6.3
Val Kilmer,Wings of Courage,1995,613,6.4
Stanley Tucci,The Pelican Brief,1993,78158,6.6
Asa Butterfield,Journey's End,2017,8150,6.7
Ana de la Reguera,Paraiso Travel,2008,2079,7.1
John Schneider,Christmas Cars,2019,163,2.7
Regina King,Year of the Dog,2007,6130,6.0
Andrew Dice Clay,Jury Duty,1995,7536,4.4
Jacob Lofland,Maze Runner: The Scorch Trials,2015,225019,6.3
Roger Lloyd Pack,"The Cook, the Thief, His Wife & Her Lover",1989,35403,7.6
Sheridan Smith,The Harry Hill Movie,2013,2056,3.8
Neal Huff,Poster Boy,2004,1319,6.1
Maria Dizzia,William,2019,434,5.6
Alimi Ballard,Call Me King,2017,343,5.4
Murray Hamilton,Papa's Delicate Condition,1963,620,6.5
Janine Turner,Cliffhanger,1993,120669,6.5
Sanaa Lathan,The Wood,1999,8558,7.1
Sylvester McCoy,Leapin' Leprechauns!,1995,227,4.3
Edie Falco,Sidewalk Stories,1989,397,7.1
Laura Dern,October Sky,1999,83580,7.8
Frank Welker,Shrek Forever After,2010,186812,6.3
Iddo Goldberg,Driven,2018,5555,6.4
Bruce Bennett,Submarine Raider,1942,131,4.6
Robin Tunney,Monster Party,2018,3459,5.5
Peter Mark Richman,Mysteria,2011,524,3.9
Mickey Rooney,The Hardys Ride High,1939,335,6.6
Stephen Boyd,Lady Dracula,1977,126,4.1
Eric Roberts,Deadly Sanctuary,2017,127,3.5
Steve Agee,Guardians of the Galaxy Vol. 2,2017,580143,7.6
Dennis Weaver,Home on the Range,2004,20882,5.4
Adrian Grenier,Anything Else,2003,29887,6.3
Jet Li,Lethal Weapon 4,1998,154380,6.7
Vincent Gallo,The Perez Family,1995,2118,6.0
Randolph Scott,Western Union,1941,2436,6.7
Henry Ian Cusick,Half Light,2006,13348,6.0
Lucas Till,Walk the Line,2005,236074,7.8
Justin Pierce,Pigeonholed,1999,109,3.7
Timothy V. Murphy,The Frankenstein Theory,2013,2964,4.3
Steven Berkoff,Point of no Return,2018,839,5.4
C. Thomas Howell,Fuel,2009,104,5.0
Kate Lyn Sheil,Brigsby Bear,2017,15650,7.3
Efrem Zimbalist Jr.,Harlow,1965,187,4.8
Jena Malone,Antebellum,2020,18498,5.7
Monica Dolan,Guernsey,2005,651,6.1
Zawe Ashton,Greta,2018,27571,6.0
Matt Ross,The Last Days of Disco,1998,12274,6.7
Amitabh Bachchan,Parwana,1971,183,6.9
Anne Lockhart,Jory,1973,145,6.0
Jane Greer,The Prisoner of Zenda,1952,3303,7.0
Dianna Agron,I Am Number Four,2011,228322,6.1
Joan Fontaine,Quality Street,1937,1051,6.3
Colin Ford,The Ant Bully,2006,37236,5.8
Rachael Harris,License to Wed,2007,38163,5.3
Alyssa Milano,Little Italy,2018,12050,5.7
Sandra Oh,"Long Life, Happiness & Prosperity",2002,553,6.5
Edward Winter,The Buddy System,1984,787,5.7
Anna Maxwell Martin,The Duke,2020,123,5.7
Ralph Fiennes,The Curse of the Were-Rabbit,2005,126604,7.4
Kimberley Kates,Traitor's Heart,1999,212,3.9
Eduardo Noriega,Les traducteurs,2019,5115,6.5
Kurt Fuller,The Fan,1996,46419,5.9
Flea,Liar's Poker,1999,102,3.7
Noureen DeWulf,When We First Met,2018,43177,6.4
Parker Young,Gingerdead Man 2: Passion of the Crust,2008,1115,4.1
Diane Ladd,Alice Doesn't Live Here Anymore,1974,21635,7.3
Sally Pressman,My Best Friend's Girl,2008,42761,5.9
Ernest Borgnine,The Neptune Factor,1973,885,4.5
Adrian Scarborough,The History Boys,2006,20300,6.8
Dirk Blocker,Poltergeist,1982,145512,7.3
Harvey Keitel,Eagle's Wing,1979,710,5.9
James Cagney,Johnny Come Lately,1943,569,6.8
Pihla Viitala,Hellsinki,2009,3265,6.8
Richard Moll,Hard Country,1981,627,5.8
Gabriel Hogan,Red Scorpion 2,1994,406,3.5
Jenny Agutter,The Survivor,1981,1011,5.2
Jonathan Rhys Meyers,Alexander,2004,163373,5.6
Joe Anderson,Amelia,2009,12094,5.8
Kristin Davis,Sour Grapes,1998,2723,5.8
Johnny Knoxville,Above Suspicion,2019,2861,5.6
Ned Beatty,W.W. and the Dixie Dancekings,1975,866,5.9
Shah Rukh Khan,Dil Aashna Hai (...The Heart Knows),1992,1514,5.0
Shirley Knight,House of Women,1962,261,6.1
James Franco,The Pretenders,2018,393,5.0
Marcia Gay Harden,The Hoax,2006,16077,6.6
Weronika Rosati,Podatek od milosci,2018,473,5.7
Naomi Watts,Babe: Pig in the City,1998,31803,5.7
Peter Dante,That's My Boy,2012,92383,5.5
Amy Ryan,Jack Goes Boating,2010,8074,6.4
Matt Damon,Ocean's Eleven,2001,521600,7.7
Barrie Chase,The Opposite Sex,1956,1411,6.1
Numan Acar,Run for Your Life!,2008,238,6.0
Bruce Willis,Cop Out,2010,85476,5.6
Orson Welles,The Magnificent Ambersons,1942,22873,7.7
Ko Shibasaki,Tokyo Trash Baby,2000,314,6.7
Trevor Goddard,Men of War,1994,3858,5.8
Sammi Hanratty,The Middle of X,2018,127,3.7
Kym Whitley,Fun with Dick and Jane,2005,136493,6.2
Frances Conroy,Angela,1995,820,6.5
Alberta Watson,Dirty Tricks,1981,114,4.7
Prunella Scales,Johnny English,2003,149711,6.2
Christina Hendricks,Life as We Know It,2010,123824,6.5
Fred Ward,2 Guns,2013,198725,6.7
Roger Allam,The Misadventures of Mr. Wilt,1989,978,6.2
Felissa Rose,Caesar and Otto's Summer Camp Massacre,2009,203,3.8
Michelle Krusiec,Nanking,2007,3368,7.6
Groucho Marx,A Day at the Races,1937,13029,7.6
Roscoe Lee Browne,Babe: Pig in the City,1998,31803,5.7
Colleen Camp,Joy of Sex,1984,710,3.7
Paul Bettany,The Tourist,2010,226389,6.0
Steven Berkoff,Big Fat Gypsy Gangster,2011,809,3.5
Johnny Lewis,Aliens vs. Predator: Requiem,2007,117071,4.7
Grace Park,Adventures in Public School,2017,1829,5.9
Basil Rathbone,Rhythm on the River,1940,326,6.9
JR Bourne,Hospitality,2018,261,4.8
Amitabh Bachchan,Kyun! Ho Gaya Na...,2004,1709,4.2
Milla Jovovich,Zoolander,2001,247922,6.6
Shelley Long,A Very Brady Sequel,1996,10082,5.7
Bar Paly,Street Level,2015,123,5.7
Winona Ryder,"Girl, Interrupted",1999,166252,7.3
Idris Elba,No Good Deed,2014,19084,5.6
Henry Gibson,The Blues Brothers,1980,184905,7.9
P.J. Byrne,Bewitched,2005,69671,4.8
Joan Crawford,The Shining Hour,1938,886,6.4
Ambyr Childers,2 Guns,2013,198725,6.7
Cliff Curtis,Live Free or Die Hard,2007,391070,7.1
Ralph Bellamy,The Wolf Man,1941,24269,7.3
Ross Marquand,Broken Roads,2012,207,5.1
Maiara Walsh,The Ex Next Door,2019,161,5.4
Charles Grodin,It Runs in the Family,1994,1449,5.6
Emilio Rivera,El Chicano,2018,1142,5.4
Erik Stocklin,Donner Pass,2011,2203,4.5
Suzanne Somers,Serial Mom,1994,27256,6.8
Daniel Wu,Naked Weapon,2002,7071,5.5
Eric Roberts,Dead End,1998,182,4.8
Frank Whaley,The Winner,1996,735,4.8
Joe Cole,Now Is Good,2012,33269,7.1
Lee Daniels,The Paperboy,2012,36155,5.8
Marlon Brando,Desiree,1954,2713,6.4
Peter Facinelli,Tempted,2001,1237,5.5
Barry Pepper,Enemy of the State,1998,228770,7.3
Dennis Christopher,Aurora: Operation Intercept,1995,290,3.6
Liam Cunningham,When the Sky Falls,2000,700,6.3
Dennis Stewart,Pete's Dragon,1977,22654,6.4
James Woods,Night Moves,1975,12040,7.1
Tim Daly,Basic,2003,59697,6.5
Miriam Margolyes,Confessions of a Summer Camp Councillor,1977,753,4.0
Amy Ryan,Green Zone,2010,130364,6.8
Gregory Harrison,Air Bud: Golden Receiver,1998,5388,4.5
Vincent Pastore,Pitching Tents,2017,349,4.6
Keira Knightley,Everest,2015,199555,7.1
Jaime Winstone,Cravings,2006,229,4.5
Marcia Gay Harden,The Daytrippers,1996,4752,6.9
Selena Gomez,Aftershock,2012,11276,4.8
Fiona Dourif,Letters from the Big Man,2011,165,6.3
Ariel Winter,Mr. Peabody & Sherman,2014,63210,6.8
Andrew Lawrence,Better Than Love,2019,158,5.2
Ken Howard,Clear and Present Danger,1994,90794,6.9
Art LaFleur,Jack the Bear,1993,3917,6.5
Timothy Hutton,The Falcon and the Snowman,1985,10769,6.8
Christian Clemenson,Surrender,1987,843,5.4
Kelly Hu,Shanghai Kiss,2007,5209,6.6
Aaron Paul,Bad Girls from Valley High,2005,1701,3.5
Rodrigo Santoro,I Love You Phillip Morris,2009,91938,6.6
Andrew Robinson,Charley Varrick,1973,11082,7.5
Billy Porter,Anastasia,1997,113162,7.2
Sylvia Syms,The Quare Fellow,1962,319,6.8
Jason Mewes,High Times Potluck,2002,431,4.8
Josh Lawson,Growing Up and Other Lies,2014,725,4.8
Scott William Winters,Jay and Silent Bob Strike Back,2001,149017,6.8
Charles Napier,Pirates of the Plain,1999,404,6.1
John Candy,Masters of Menace,1990,517,5.4
Felicity Jones,Cemetery Junction,2010,19790,6.9
Rory Culkin,It Runs in the Family,2003,4653,5.6
Ornella Muti,The Future Is Woman,1984,311,6.1
Katie Johnson,The Years Between,1946,136,6.9
Eva Amurri Martino,That's My Boy,2012,92383,5.5
Graham McTavish,Middle Men,2009,36708,6.8
Peter Vack,Everything Is Free,2017,307,5.6
Andie MacDowell,"Greystoke: The Legend of Tarzan, Lord of the Apes",1984,17791,6.4
Arnold Schwarzenegger,Red Heat,1988,65227,6.1
Max von Sydow,Duet for One,1986,830,6.9
Engin Altan Duzyatan,Bu Son Olsun,2012,880,5.9
Sidse Babett Knudsen,"Above the Street, Below the Water",2009,374,5.5
William Sanderson,Stanley's Gig,2000,182,5.7
Sophie Thompson,Nicholas Nickleby,2002,11781,7.1
Todd Bridges,Pauly Shore Is Dead,2003,4590,4.4
Kate Winslet,Hideous Kinky,1998,6329,6.0
Brendan Fletcher,Paper Moon Affair,2005,110,5.5
Jamil Prattis,Concrete Cowboy,2020,1805,6.1
Wesley Snipes,Critical Condition,1987,3088,5.4
Scottie Thompson,Skyline,2010,87287,4.4
Diane Venora,The Substitute,1996,12585,6.0
Paul Sorvino,Dick Tracy,1990,58144,6.1
Edgar Ramirez,Wasp Network,2019,8515,5.9
Jessica Harper,The Blue Iguana,1988,473,5.1
Renee Olstead,13 Going on 30,2004,169664,6.2
Jean-Claude Van Damme,Maximum Risk,1996,20498,5.5
Rory Culkin,Igby Goes Down,2002,32115,6.9
Courteney Cox,Ace Ventura: Pet Detective,1994,279281,6.9
Powers Boothe,MacGruber,2010,42811,5.6
Merry Anders,Les Miserables,1952,970,6.8
Clark Duke,Song of Back and Neck,2018,183,5.7
Paterson Joseph,Greenfingers,2000,5499,6.8
Ray Milland,Gold,1974,2008,5.8
Armand Assante,Children of Wax,2007,352,3.8
Donald Gibb,The Biggest Fan,2002,424,4.8
Richard Schiff,Rapid Fire,1992,8491,6.3
Nina Foch,It's My Party,1996,2763,7.2
Daryl Hannah,The Big Empty,2003,3852,6.1
Jack Nance,Across the Moon,1994,227,4.6
Hilary Swank,Birds of America,2008,5258,6.1
Andy Dick,Inspector Gadget,1999,45779,4.2
Thomas Haden Church,Crash Pad,2017,2900,5.7
Yifei Liu,Sien nui yau wan,2011,1268,5.6
Becky Ann Baker,Sabrina,1995,37164,6.3
Katie Leung,Harry Potter and the Deathly Hallows: Part 1,2010,485301,7.7
Terry Kinney,The Game of Their Lives,2005,3131,6.2
Tom Holland,Avengers: Endgame,2019,849079,8.4
Tom Hollander,A Liar's Autobiography: The Untrue Story of Monty Python's Graham Chapman,2012,1618,5.9
Armand Assante,See You in Montevideo,2014,6735,8.3
Colleen Camp,Four Christmases,2008,66531,5.7
Michael Biehn,They Wait,2007,3245,5.3
Isabella Rossellini,A Matter of Time,1976,550,5.2
Michael Jai White,Breakfast of Champions,1999,7574,4.6
Ellar Coltrane,The Last Movie Star,2017,3526,6.9
Jay O. Sanders,Northern Borders,2013,262,6.2
John Wayne,The Big Trail,1930,3415,7.2
AnnaLynne McCord,First We Take Brooklyn,2018,462,3.9
Yifei Liu,Once Upon a Time,2017,1240,5.2
Trevor Morgan,McCanick,2013,1499,4.7
Olivia Munn,The Babymakers,2012,8415,5.0
Yan-Kay Crystal Lowe,Center Stage: Turn It Up,2008,5832,6.1
Sarah Gadon,The Amazing Spider-Man 2,2014,420618,6.6
Fisher Stevens,Factotum,2005,13921,6.6
Majandra Delfino,State's Evidence,2004,663,6.2
Ellen Albertini Dow,She Wants Me,2012,2178,5.7
Bruce Spence,The Chronicles of Narnia: The Voyage of the Dawn Treader,2010,143082,6.3
Pat Roach,Rising Damp,1980,925,6.4
Breckin Meyer,Pinocchio,2002,7806,4.4
Vincent D'Onofrio,JFK,1991,143504,8.0
Valerie Tian,The Santa Clause 2,2002,51926,5.6
Katharine Ross,Donnie Darko,2001,745787,8.0
Justin Bartha,The Hangover Part II,2011,466764,6.5
Josh O'Connor,Bridgend,2015,2277,5.5
John Savage,Money Fight,2012,498,3.9
Jean-Claude Van Damme,We Die Young,2019,3388,5.3
Sally Kirkland,Trash Fire,2016,2878,5.9
Jaimie Alexander,London Fields,2018,6631,4.1
Matt Berry,Svengali,2013,1026,5.7
Katie Featherston,Paranormal Activity: The Marked Ones,2014,40164,5.0
Ernest Borgnine,The Square Jungle,1955,225,6.5
Meg Foster,Blind Fury,1989,15220,6.4
Richard Dreyfuss,Paranoia,2013,35262,5.7
Pat Morita,Brother,2000,22003,7.1
Sean Astin,Dead Ant,2017,913,4.8
Richard Edson,Black Dynamite,2009,46199,7.4
Denise Gough,The Good Traitor,2020,472,6.4
John Pyper-Ferguson,Stay Tuned,1992,10731,6.3
Sigourney Weaver,Galaxy Quest,1999,151152,7.3
Celia Imrie,The Wicked Lady,1983,1070,4.7
Famke Janssen,Turn the River,2007,1726,5.8
Michael Moriarty,Troll,1986,9337,4.5
Ian Gomez,Spare Room,2018,190,5.2
Kevin Bacon,JFK,1991,143504,8.0
B.J. Novak,The Internship,2013,190798,6.3
Mike Starr,Mancation,2012,753,3.7
John Bradley,Anna Karenina,2012,93315,6.6
Kiefer Sutherland,Dead Heat,2002,1277,5.3
Daniel Bernhardt,The Hunger Games: Catching Fire,2013,617846,7.5
Elizabeth Olsen,Martha Marcy May Marlene,2011,49801,6.9
Erin Karpluk,Suddenly,2013,1494,3.6
Felicia Farr,Time Table,1956,671,6.7
Omar Sharif,The Horsemen,1971,1024,6.3
Craig Sheffer,Shadow of Doubt,1998,1679,5.2
Brittany Ishibashi,Eagle Eye,2008,177151,6.6
Nicholas Campbell,Naked Lunch,1991,47582,7.1
Christopher McDonald,Superhero Movie,2008,64030,4.5
Stuart Townsend,The Escort,1999,1193,6.2
Tobi Bakare,Kingsman: The Golden Circle,2017,277534,6.7
Ziyi Zhang,Oh My God,2015,119,4.6
Cary Grant,The Woman Accused,1933,207,6.5
James Lance,Bronson,2008,121678,7.1
Louise Lombard,My Kingdom,2001,618,6.1
Matthew Modine,Army of One,2016,6761,5.1
Peter Fonda,Thomas and the Magic Railroad,2000,3803,4.1
Richard Jenkins,Sea of Love,1989,38387,6.8
Iggy Pop,Asthma,2014,1577,5.6
Seth Rogen,Long Shot,2019,97352,6.8
Katrina Begin,The Secret: Dare to Dream,2020,9611,6.4
Cliff Robertson,Sunday in New York,1963,2590,6.8
Lauren Tom,Susan's Plan,1998,1688,5.2
Julie Strain,"No Pain, No Gain",2004,3382,4.5
Brenda Bakke,Terminal Voyage,1994,361,4.1
John Schuck,McCabe & Mrs. Miller,1971,22349,7.7
Robbie Kay,Cold Moon,2016,1523,4.6
Sven-Ole Thorsen,George of the Jungle,1997,72327,5.5
Eva Birthistle,Save Angel Hope,2007,228,4.5
Jessica Hecht,The Winning Season,2009,6314,6.6
Alyson Stoner,Phineas and Ferb the Movie: Candace Against the Universe,2020,3094,7.2
Chris Ellis,Love Liza,2002,7483,7.0
Ann Blyth,The Golden Horde,1951,161,5.6
Rae Dawn Chong,Constellation,2005,533,4.0
Gattlin Griffith,Labor Day,2013,43204,6.9
Paul Rudd,Sausage Party,2016,177742,6.1
Anthony Hopkins,Blackway,2015,9141,5.3
Katherine McNamara,Little Savages,2016,277,5.1
Kevin Costner,The Highwaymen,2019,77793,6.9
Toni Collette,About a Boy,2002,173997,7.0
Mircea Monroe,Itty Bitty Titty Committee,2007,2823,5.5
David Dastmalchian,Prisoners,2013,610670,8.1
Joey King,The Dark Knight Rises,2012,1533079,8.4
Theresa Randle,Bad Boys II,2003,233579,6.6
Renny Harlin,Born American,1986,1860,4.1
Henry Silva,Dick Tracy,1990,58144,6.1
John Rhys-Davies,A Nightingale Sang in Berkeley Square,1979,400,5.7
Octavia Spencer,Ma,2019,42080,5.6
Zulay Henao,Illegal Tender,2007,2501,5.5
Leon Rippy,The Hot Spot,1990,10671,6.4
Dave Foley,California Dreaming,2007,420,3.6
Imelda Staunton,I'll Be There,2003,1835,6.4
James Bolam,O Lucky Man!,1973,7667,7.7
Martin Sensmeier,Beyond the Sky,2018,2521,5.2
Danielle Campbell,The Poker House,2008,5091,6.4
Will Forte,The Brothers Solomon,2007,10545,5.3
Joanna Adler,The Big Bad Swim,2006,1431,6.2
David Hayman,Castles in the Sky,2014,1029,6.9
Vincent Gallo,"Truth or Consequences, N.M.",1997,4647,6.3
Indira Varma,Una,2016,9801,6.2
Julianna Margulies,Ghost Ship,2002,94576,5.5
MyAnna Buring,Hot Property,2016,207,4.1
Joanne Whalley,Scandal,1989,4737,6.5
Charlotte Ayanna,Dancing at the Blue Iguana,2000,3694,5.7
Meg Tilly,The Girl in a Swing,1988,604,5.4
Ashanti,John Tucker Must Die,2006,80283,5.8
John Hannah,Resurrection Man,1998,762,5.4
Sung Kang,The Free World,2016,1626,6.1
Peter Berg,Late for Dinner,1991,1664,6.4
Anupam Kher,Chaar Din Ki Chandni,2012,392,4.1
Mira Sorvino,New York Cop,1993,193,4.2
Claire Forlani,Mallrats,1995,116650,7.1
Yaya DaCosta,The Kids Are All Right,2010,126231,7.0
Gavin Casalegno,When the Game Stands Tall,2014,15439,6.7
Peter Vaughan,Doing Time,1979,2713,7.2
Joey Lawrence,Pandora's Box,2002,634,4.9
Leigh Whannell,Saw III,2006,179578,6.2
Susie Abromeit,Mysterious Island,2010,970,3.5
Tichina Arnold,Clover,2020,244,4.3
James Remar,Across the Moon,1994,227,4.6
Robert Forster,Justine,1969,408,5.6
Viggo Mortensen,The Two Faces of January,2014,29830,6.2
Josh Lucas,Red Dog,2011,16965,7.4
Jeff Conaway,Grease,1978,244690,7.2
Lin Shaye,Kush,2007,253,3.7
Katharine Ross,The Betsy,1978,1393,5.2
Roger Lloyd Pack,1984,1984,67222,7.1
Luke Wilson,You Kill Me,2007,17933,6.5
Christopher Sabat,Fullmetal Alchemist the Movie: Conqueror of Shamballa,2005,10666,7.4
Naomi Grossman,Murder RX,2020,133,3.5
Tim Curry,Sorted,2000,1102,6.2
Betsy Blair,Marty,1955,21885,7.7
Jackie Chan,Ding tian li di,1973,644,4.5
Rachel Nichols,Inside,2016,2775,4.7
Jason Statham,Redemption,2013,67116,6.2
Nathaniel Parker,St. Trinian's,2007,21628,5.8
Logan Marshall-Green,Sand Castle,2017,20118,6.3
Zoe Saldana,Burning Palms,2010,2676,5.4
Trish Van Devere,Hollywood Vice Squad,1986,461,4.7
Meagan Good,Monster Hunter,2020,30013,5.3
Ewan McGregor,A Life Less Ordinary,1997,34443,6.4
John Carradine,Moonchild,1972,206,3.2
Martin Milner,Last of the Comanches,1953,678,6.4
Joanna Adler,Down to You,2000,14441,5.0
Annette Badland,Club Le Monde,2002,135,5.9
Amanda Donohoe,The Madness of King George,1994,15580,7.2
Andrew Garfield,The Amazing Spider-Man,2012,563152,6.9
Lauren Hutton,54,1998,31644,5.9
Woody Allen,Anything Else,2003,29887,6.3
Gerard Depardieu,Temporale Rosy,1980,153,5.6
Alan Hale Jr.,Wake Island,1942,1811,6.8
Fay Masterson,Sam's Lake,2006,826,4.5
Celia Weston,Lost Angels,1989,874,6.1
Nicole Eggert,Decoys,2004,4633,4.6
Joseph Fiennes,Shakespeare in Love,1998,215356,7.1
Rachel Griffiths,Amy,1997,748,6.7
Cynthia Nixon,Little Darlings,1980,4984,6.5
Shaquille O'Neal,Chairman of the Board,1998,5795,2.3
Teresa Palmer,Triple 9,2016,67684,6.3
Sam Riegel,Back to the Sea,2012,196,4.3
Robert Pattinson,The Childhood of a Leader,2015,5678,6.1
Maureen McCormick,The Neighborhood,2017,2448,7.0
Lawrence Tierney,Back to Bataan,1945,3634,6.7
Gregory Smith,Spellbreaker: Secret of the Leprechauns,1996,135,3.6
Philippine Leroy-Beaulieu,Les possedes,1988,538,6.2
Donald O'Connor,Call Me Madam,1953,1201,6.8
Jeremy Renner,S.W.A.T.,2003,139187,6.0
Pierfrancesco Favino,Night at the Museum,2006,317568,6.4
Hal Holbrook,The Star Chamber,1983,6389,6.3
Sharon Stone,Antz,1998,147063,6.5
Dick Shawn,The Check Is in the Mail...,1986,148,5.0
Mickey Rourke,White Sands,1992,7038,6.0
Corbin Bleu,Irving Berlin's Holiday Inn The Broadway Musical,2017,188,7.5
Dan Schneider,Making the Grade,1984,1324,5.7
William Petersen,Seeking a Friend for the End of the World,2012,108129,6.7
Alan Van Sprang,Masterminds,1997,3423,5.3
BarBara Luna,Five Weeks in a Balloon,1962,1128,5.8
Michael Ontkean,Clara's Heart,1988,2159,6.3
Jesse Eisenberg,Night Moves,2013,14829,6.0
Mel Ferrer,Elena and Her Men,1956,1760,6.3
Anthony Perkins,Psycho,1960,610986,8.5
Susannah York,Conduct Unbecoming,1975,702,6.5
Henry Silva,The Tall T,1957,4478,7.3
Mark Stevens,Jack Slade,1953,207,6.2
Kristin Scott Thomas,Force majeure,1989,431,6.3
Evan Rachel Wood,Allure,2017,1544,5.0
Angus Wright,Kingdom of Heaven,2005,269086,7.2
Andy Nyman,Judy,2019,42464,6.8
Claire Trevor,Borderline,1950,1166,6.1
Christopher Walken,$5 a Day,2008,3185,6.3
Jason George,Breaking In,2018,14511,5.5
Judd Apatow,Heavy Weights,1995,25589,6.7
Shah Rukh Khan,Paheli,2005,12573,6.5
Jason Mewes,Mallrats,1995,116650,7.1
Moe Dunford,The Flag,2016,169,6.3
David Strathairn,The Bourne Legacy,2012,286858,6.6
Joan Cusack,A Smile Like Yours,1997,1356,4.9
Salma Hayek,Chain of Fools,2000,3900,6.1
Bodhi Elfman,Gone in Sixty Seconds,2000,262217,6.5
Camilla Sparv,The Trouble with Angels,1966,4375,7.4
Sam Rockwell,Light Sleeper,1992,6138,6.9
James Woods,Jobs,2013,94171,6.0
Rebecca Creskoff,I Melt with You,2011,5826,6.0
Anthony Anderson,Beats,2019,4404,6.4
Leslie Jones,Lottery Ticket,2010,10472,5.0
Lucas Hedges,"Three Billboards Outside Ebbing, Missouri",2017,442684,8.1
Matthew Modine,The Maker,1997,809,5.4
George MacKay,Bypass,2014,271,5.9
Anthony Anderson,Small Town Crime,2017,9685,6.6
Christopher Masterson,Singles,1992,27982,6.7
Bruce Greenwood,Below,2002,21172,6.1
Yuji Okumoto,The Crow: Wicked Prayer,2005,8382,3.0
Sid Haig,Commando Squad,1987,160,4.3
Guy Madison,Superargo and the Faceless Giants,1968,294,4.7
Rajkummar Rao,Rann,2010,2441,6.9
James Stewart,The Man Who Shot Liberty Valance,1962,69557,8.1
Christopher Meloni,Sin City: A Dame to Kill For,2014,153569,6.5
Chris O'Dowd,The Incredible Jessica James,2017,6524,6.5
Common,John Wick: Chapter 2,2017,372766,7.5
Emmanuelle Seigner,Backstage,2005,608,5.9
Martin Landau,Edtv,1999,41826,6.1
Noah Hathaway,Blue Dream,2013,462,5.9
Hannah Gross,Joker,2019,974514,8.4
Laura Linney,Jindabyne,2006,6440,6.3
Amanda Abbington,Crooked House,2017,18507,6.3
Errol Flynn,Let's Make Up,1954,145,5.4
Brooke Langton,The Replacements,2000,58832,6.6
James Whitmore,The Restless Years,1958,189,6.4
Patrick Muldoon,Arkansas,2020,9759,6.0
Rick Fox,Holes,2003,78556,7.0
Edward Herrmann,The Day of the Dolphin,1973,2731,6.0
Diablo Cody,Jennifer's Body,2009,117518,5.2
Charlotte Rampling,Henry VIII and His Six Wives,1972,768,7.0
Jason Clarke,Mudbound,2017,43653,7.4
Donald Sumpter,Enigma,2001,20177,6.3
Ian Bannen,The Risk,1960,171,6.1
Sam Huntington,Finding Sofia,2016,269,5.6
Craig Sheffer,Fire with Fire,1986,1517,6.6
DMX,Death Toll,2008,440,2.3
Olivia Colman,Le Donk & Scor-zay-zee,2009,1833,6.3
Ralph Waite,Girls on the Road,1972,253,3.2
William Hopper,Secret Enemies,1942,195,6.1
Olivia d'Abo,Star Wars: Episode IX - The Rise of Skywalker,2019,383068,6.6
Nick Stahl,Away from Here,2014,175,5.8
Christopher Lee,The Lord of the Rings: The Two Towers,2002,1501438,8.7
Angelina Jolie,"Girl, Interrupted",1999,166252,7.3
Mariette Hartley,The Magnificent Seven Ride!,1972,2593,5.7
Tilda Swinton,Only Lovers Left Alive,2013,92041,7.3
David Niven,Before Winter Comes,1968,289,5.9
Maxwell Caulfield,The Man Who Knew Too Little,1997,30660,6.7
Greg Wise,The Adventures of Greyfriars Bobby,2005,498,6.2
Anna Chancellor,Come Away,2020,2870,5.7
John Dehner,California Conquest,1952,176,5.1
RuPaul,Hurricane Bianca,2016,6114,5.9
Ann Morgan Guilbert,Grumpier Old Men,1995,24464,6.7
Bobcat Goldthwait,Destiny Turns on the Radio,1995,2262,4.6
Rowan Blanchard,Spy Kids 4: All the Time in the World,2011,23157,3.5
Carolyn Jones,Eaten Alive,1976,6703,5.5
Sarah Polley,Exotica,1994,18345,7.0
Lili Taylor,Pecker,1998,13430,6.4
Jake Thomas,The Cell,2000,95988,6.4
Maury Chaykin,Jerry and Tom,1998,1806,6.6
Cheyenne Jackson,The Green,2011,763,6.4
Richard O'Brien,Revolution,1985,6407,5.3
David Bamber,The Limehouse Golem,2016,19206,6.3
Chris Noth,Elsa & Fred,2014,3021,6.5
Laurence Olivier,Fire Over England,1937,1677,6.5
Eddie Albert,7 Women,1966,2143,6.8
Daniel Roebuck,We Were Soldiers,2002,131354,7.2
Liam Neeson,Pilgrim's Progress,1978,240,5.7
Wes Chatham,The Town That Dreaded Sundown,2014,13583,5.6
Ian Holm,The Hobbit: The Battle of the Five Armies,2014,479771,7.4
Traci Lind,Class of 1999,1990,6820,5.9
Cho Seung-woo,Love Phobia,2006,812,6.9
Mircea Monroe,Slightly Single in L.A.,2013,1263,4.5
Jennifer Blanc-Biehn,The Divide,2011,35558,5.8
Kenneth Cranham,Closed Circuit,2013,21704,6.2
Jemaine Clement,The LEGO Batman Movie,2017,132498,7.3
Maury Sterling,Smokin' Aces,2006,139039,6.7
Emily Alyn Lind,The Babysitter,2017,75140,6.3
Dana Wheeler-Nicholson,Winter in the Blood,2013,201,6.2
Rita Moreno,Fort Vengeance,1953,203,5.8
Sarah Goldberg,Gambit,2012,23651,5.7
Rob Estes,Aces: Iron Eagle III,1992,2685,3.7
Jurgen Prochnow,The Replacement Killers,1998,27117,6.2
Clarke Peters,Mona Lisa,1986,13368,7.3
Christopher Fairbank,MindFlesh,2008,252,3.6
Sharif Atkins,Light It Up,1999,3496,6.1
Burgess Meredith,92 in the Shade,1975,446,6.2
James Spader,Wall Street,1987,145061,7.4
August Diehl,Distant Lights,2003,1915,7.6
Barry Bostwick,A Mermaid's Tale,2017,391,4.8
Brandon T. Jackson,8 Mile,2002,252076,7.1
Albert Brooks,The Secret Life of Pets,2016,184620,6.5
Pal Sverre Hagen,Department Q: A Conspiracy of Faith,2016,17456,7.0
Jonathan Bailey,Five Children and It,2004,4995,5.5
Ben Diskin,Secret of the Wings,2012,10817,7.1
James MacArthur,Battle of the Bulge,1965,15043,6.8
Melinda McGraw,Izzy Gets the F*ck Across Town,2017,1585,5.5
Charlie Creed-Miles,Nil by Mouth,1997,8527,7.3
Delroy Lindo,Do You Believe?,2015,7203,6.1
Marie-Josee Croze,Tell No One,2006,51358,7.5
Warwick Davis,Prince Valiant,1997,2041,5.1
Tim Daly,Spellbinder,1988,2191,5.9
Mike Judge,Spy Kids 2: Island of Lost Dreams,2002,61447,5.2
Oliver Hudson,Strange Wilderness,2008,21043,5.3
Peter Horton,Amazon Women on the Moon,1987,10026,6.2
Elizabeth McGovern,Showing Roots,2016,103,5.7
Robin Thomas,The Assassin's Code,2018,1021,5.0
Joe Pesci,The Death Collector,1976,754,5.8
Irene Jacob,Au Revoir les Enfants,1987,31519,8.0
Jessica Pare,Standby,2014,1488,5.8
Natasha Henstridge,The Black Room,2017,2664,3.3
Caroline Williams,Leatherface: Texas Chainsaw Massacre III,1990,14380,5.1
Bella Thorne,Underdogs,2013,8957,6.5
Mark Addy,The Last Yellow,1999,189,6.0
Patrick Warburton,Joe Somebody,2001,10038,5.5
Liam McIntyre,The Clearing,2020,663,4.2
Kelen Coleman,The Marc Pease Experience,2009,2108,4.0
Scott Speedman,Anamorph,2007,9045,5.5
Manuel Garcia-Rulfo,Mary,2019,3191,4.4
Glenn Fleshler,All Good Things,2010,53301,6.3
Gbenga Akinnagbe,All the Devil's Men,2018,2441,5.1
Sarah Jessica Parker,L.A. Story,1991,29732,6.7
John Cusack,Shadows and Fog,1991,16296,6.7
Nikolaj Coster-Waldau,Oblivion,2013,489602,7.0
Lara Flynn Boyle,Happiness,1998,66831,7.7
Mary Wickes,White Christmas,1954,34635,7.6
Virginia Madsen,Burn Your Maps,2016,1246,6.7
Clare Bowen,The Clinic,2010,6154,5.4
Fred Tatasciore,"Happy Halloween, Scooby-Doo!",2020,976,6.3
Henry Fonda,Wanda Nevada,1979,1177,5.6
Mark Hamill,Robotech: The Shadow Chronicles,2006,1498,6.5
Justin Long,Ghost Team,2016,1842,4.7
Tony Goldwyn,Gaby: A True Story,1987,677,6.8
James Fox,Runners,1983,113,5.6
Anthony Mackie,Eagle Eye,2008,177151,6.6
Daniel Bruhl,Eva,2011,9658,6.7
John Ratzenberger,Battletruck,1982,1172,5.1
Gene Hackman,No Way Out,1987,35996,7.1
Julia Sarah Stone,The Year Dolly Parton Was My Mom,2011,554,6.2
Hannah Waddingham,Winter Ridge,2018,882,4.2
Dennis Hopper,Edtv,1999,41826,6.1
Sissy Spacek,North Country,2005,40311,7.3
James Arnold Taylor,Nadia: The Secret of Fuzzy,1991,152,4.1
Sacha Dhawan,The Lady in the Van,2015,26687,6.7
Dee Bradley Baker,Happy Feet,2006,171475,6.4
