Actor,Film,Year,Votes,Rating
Lewis Tan,China Cry: A True Story,1990,490,6.7
Bill Paxton,Nightcrawler,2014,474197,7.8
Aaron Eckhart,The Wicker Man,2006,64621,3.7
Bradley Whitford,Decoding Annie Parker,2013,2911,6.2
Elle Fanning,Somewhere,2010,43196,6.3
J.K. Simmons,The Ladykillers,2004,99889,6.2
Thomas Bo Larsen,Fukssvansen,2001,1176,6.0
Nick Nolte,Northville Cemetery Massacre,1976,318,6.1
Robert Powell,Jane Austen in Manhattan,1980,239,4.7
Christian Kane,Four Sheets to the Wind,2007,532,6.3
Kevin Corrigan,Coming Soon,1999,1557,4.4
Harrison Ford,Witness,1985,87688,7.4
Samara Weaving,"Three Billboards Outside Ebbing, Missouri",2017,442684,8.1
Bill Sage,Wrong Turn,2021,13123,5.4
Nicholas Campbell,Shadow of the Wolf,1992,857,5.8
Liam Hemsworth,Cut Bank,2014,11438,6.1
Matthew Willig,Birds of Prey,2020,177659,6.1
Samuel L. Jackson,Jungle Fever,1991,17258,6.6
Billy Drago,Blood Money,1996,156,3.0
Tyrel Jackson Williams,The Naked Brothers Band: The Movie,2005,1134,3.9
Steve Bacic,Deadly Sins,1995,463,4.7
Ron Eldard,House of Sand and Fog,2003,65635,7.5
Jake Weary,The Ultimate Playlist of Noise,2021,584,6.6
Kathryn Hahn,How Do You Know,2010,47434,5.4
Chandra Wilson,Strangers with Candy,2005,7873,6.0
Billy Eichner,Noelle,2019,17244,6.3
Chloe Grace Moretz,The Addams Family,2019,29546,5.8
Ben Diskin,Alpha and Omega 5: Family Vacation,2015,205,4.8
Moran Atias,The Roses of the Desert,2006,393,6.5
Judd Lormand,13 Sins,2014,34063,6.3
Seth Green,The Story of Luke,2012,3037,7.2
Gabriel Byrne,Jindabyne,2006,6440,6.3
Nayanthara,Chandramukhi,2005,5219,7.1
Nick Blood,Say My Name,2018,267,5.8
Jaime King,Barely Lethal,2015,20223,5.4
Erika Alexander,Fathers & Sons,1992,469,4.9
Richard Speight Jr.,Crave,2012,1077,5.3
Stan Lee,X-Men: Apocalypse,2016,398093,6.9
John Hurt,Boxes,2007,130,5.2
Harrison Ford,Raiders of the Lost Ark,1981,891619,8.4
Ellen Barkin,The Chameleon,2010,1859,5.6
Natasha Henstridge,Maximum Risk,1996,20498,5.5
Sharon Farrell,One Man Force,1989,198,5.0
Sam Hazeldine,Don't Let Him In,2011,1747,3.4
Tony Curran,Being Human,1994,3821,5.5
Katherine LaNasa,Jayne Mansfield's Car,2012,2945,6.3
Gethin Anthony,Vita & Virginia,2018,2735,5.8
Scott Brady,The Restless Breed,1957,351,5.3
Kim Darby,Mockingbird Don't Sing,2001,1836,6.5
Robert Pugh,The Last Legion,2007,34349,5.4
Michael Clarke Duncan,Friday,1995,101456,7.3
Liv Ullmann,40 Carats,1973,668,6.4
Jean Stapleton,Damn Yankees,1958,2513,7.1
Harold Gould,Silent Movie,1976,16184,6.7
Irene Jacob,The Double Life of Veronique,1991,43192,7.8
Nayanthara,Sivaji,2007,18052,7.5
Danny Trejo,Fanboys,2009,56341,6.6
Swoosie Kurtz,The Rules of Attraction,2002,49651,6.7
Tracy Morgan,Half Baked,1998,58312,6.7
Sienna Miller,South Kensington,2001,617,4.7
Sebastian Koch,Bel Canto,2018,2887,5.5
Bo Derek,Malibu's Most Wanted,2003,18682,5.2
Virginie Efira,Up for Love,2016,7213,6.3
Horatio Sanz,Step Brothers,2008,270393,6.9
Robert De Niro,A Bronx Tale,1993,129565,7.8
Jim Rash,Sky High,2005,79965,6.2
Marcin Dorocinski,Anthropoid,2016,44511,7.2
Eline Powell,Private Peaceful,2012,1412,6.2
Bill Pullman,Trouble,2017,248,4.6
Sarah Bolger,The Spiderwick Chronicles,2008,89213,6.5
Vic Mignogna,Detective Conan: Captured in Her Eyes,2000,2133,7.6
Melissa Sagemiller,All I Want for Christmas,2013,569,5.3
Susan Walters,Winter Wedding,2017,465,5.1
Samantha Mumba,The Time Machine,2002,119069,6.0
Rodrigo Santoro,Ben-Hur,2016,42035,5.7
Madeline Kahn,A Bug's Life,1998,268892,7.2
Anupam Kher,Chandni,1989,1624,6.8
Danny McBride,Drillbit Taylor,2008,58374,5.7
Jennifer Coolidge,Zoolander,2001,247922,6.6
Andre Royo,All About Us,2007,139,4.7
Guy Pearce,Breathe In,2013,14316,6.4
Anne Revere,You're My Everything,1949,143,6.1
Polly Draper,Obvious Child,2014,23973,6.8
Claudia Gerini,"Grande, grosso e... Verdone",2008,1364,5.5
Eleanor Matsuura,Residue,2015,2138,5.4
Devon Bostick,Diary of a Wimpy Kid: Rodrick Rules,2011,26694,6.5
Christine Bottomley,Lost Christmas,2011,1282,7.2
Warren Oates,Ride the High Country,1962,12227,7.5
Michelle Meyrink,Real Genius,1985,30630,7.0
Taylor Negron,Channels,2008,124,3.7
Gina McKee,Taj Mahal,2015,694,5.3
Cicely Tyson,Hoodlum,1997,10631,6.3
Ralph Fiennes,National Theatre Live: Man and Superman,2015,143,8.4
Bebe Neuwirth,Fame,2009,15976,5.1
Lou Ferrigno,Cross: Rise of the Villains,2019,205,2.0
Judi Dench,Doogal,2006,4645,2.8
Ian McElhinney,Sacrifice,2016,4214,5.3
Judge Reinhold,Near Mrs.,1992,124,5.2
Beau Bridges,Elsewhere,2019,642,5.9
Brittany Murphy,8 Mile,2002,252076,7.1
Hans Conried,Never Say Die,1939,433,7.1
Drew Powell,"Sex, Death and Bowling",2015,340,5.4
Stacy Keach,Future Fear,1997,283,2.5
David Henrie,Walt Before Mickey,2015,5790,5.9
Michael Berryman,The Evil Within,2017,3128,5.6
Jane Adams,Alexander the Last,2009,709,5.2
Tait Fletcher,Project Power,2020,72541,6.0
Pat Healy,The Assassination of Jesse James by the Coward Robert Ford,2007,170824,7.5
Francis Magee,Rogue One: A Star Wars Story,2016,562778,7.8
Jane Kaczmarek,Wolves at the Door,2016,3401,4.5
Michael Ironside,Surfacing,1981,112,4.3
Alicia Goranson,Death 4 Told,2004,302,2.1
Mark Wahlberg,I Heart Huckabees,2004,62505,6.6
Annabeth Gish,Mojave Phone Booth,2006,252,5.7
Philip Glenister,London Kills Me,1991,548,6.2
Ed Lauter,3:15,1986,593,5.7
Mel Gibson,Daddy's Home 2,2017,63655,6.0
Adam Baldwin,The Keyman,2001,107,5.1
Michael Nyqvist,Among Us,2010,467,5.1
Dawna Lee Heising,Chinaman's Chance: America's Other Slaves,2008,148,5.6
Sylvester McCoy,The Christmas Candle,2013,1935,6.2
Aunjanue Ellis,Game of Death,2011,6472,4.7
Edie McClurg,Dickie Roberts: Former Child Star,2003,13755,5.6
Columbus Short,Atone,2019,374,3.0
Kevin Sorbo,Mythica: The Necromancer,2015,2095,5.5
Joel David Moore,Savages,2012,124453,6.5
Tom Arnold,Madea's Witness Protection,2012,10161,4.9
Blythe Danner,Hello I Must Be Going,2012,5858,6.2
Brittany Murphy,Zack and Reba,1998,325,5.6
Marc Maron,Stardust,2020,897,4.0
Edward Fox,A Feast at Midnight,1994,464,6.7
Paul Reubens,Mystery Men,1999,62104,6.1
James Cosmo,Moonwalkers,2015,8670,6.1
Grace Van Dien,Riding Faith,2020,169,4.3
Johnny Knoxville,Father of Invention,2010,8291,5.8
Richard Moll,The Sword and the Sorcerer,1982,5661,5.6
Bobbie Phillips,Live Virgin,1999,1454,3.5
Mary Wickes,Young Man with Ideas,1952,369,6.0
Gerard Butler,Geostorm,2017,96544,5.3
Jason Mewes,The Blair Clown Project,1999,114,3.4
Artemis Pebdani,Godmothered,2020,9613,6.1
Michael Ironside,A Fighting Man,2014,1470,5.5
Gary Busey,Sticks & Stones,1996,450,6.3
Christopher Lambert,North Star,1996,1165,4.9
Tim Roth,Grace of Monaco,2014,18765,5.7
William Baldwin,Three of Hearts,1993,1925,5.5
Eric Dane,Valentine's Day,2010,114959,5.7
Sissy Spacek,Welcome to L.A.,1976,915,6.1
John Wayne,Cancel My Reservation,1972,418,5.4
Tony Jaa,Plook mun kuen ma kah 4,1994,333,4.2
Jeff Hephner,Interstellar,2014,1538926,8.6
Shah Rukh Khan,Baadshah,1999,16958,6.9
John Hurt,The Disappearance,1977,427,5.7
Erik Palladino,Caught on Tape,2013,204,3.2
Joan Severance,Dangerous Indiscretion,1995,194,4.8
Nicholas Pryor,Hoffa,1992,21582,6.6
Madison McLaughlin,Most Likely to Murder,2019,215,5.3
Sierra McCormick,Ramona and Beezus,2010,17496,6.5
Chelsea Frei,The Addams Family,2019,29546,5.8
Tom Lister Jr.,Unemployed,2008,137,2.9
Joanna Scanlan,The Invisible Woman,2013,9412,6.1
Hugh O'Conor,Mary Shelley,2017,13571,6.4
Andy Griffith,The Second Time Around,1961,513,6.5
Naomi Watts,Birdman or (The Unexpected Virtue of Ignorance),2014,585834,7.7
Susan Hayward,The Saxon Charm,1948,182,6.7
Joan Allen,Tucker: The Man and His Dream,1988,16966,6.9
Cameron Mitchell,Island of the Doomed,1967,273,4.6
James Urbaniak,Wonderstruck,2017,9584,6.2
Fred Astaire,A Damsel in Distress,1937,1801,6.8
Elyes Gabel,Boogeyman 3,2008,4610,4.7
Kaitlin Doubleday,Waiting...,2005,90864,6.8
Danielle Harris,Don't Tell Mom the Babysitter's Dead,1991,28399,6.3
James Hampton,Lost in the Pershing Point Hotel,2000,167,4.4
Melanie Laurent,Eternity,2016,1154,5.6
Lisa Emery,In & Out,1997,38979,6.4
Glenn Close,Evening,2007,13033,6.5
Adrian Bouchet,Morning Star,2014,357,2.7
Robert Pine,All You Need,2001,125,6.3
John Carradine,The Trouble with Girls,1969,1381,5.4
John Ratzenberger,That Darn Cat,1997,4118,4.7
Alexandra Maria Lara,The Tunnel,2001,6012,7.7
Mary Elizabeth McGlynn,Ah! My Goddess!: The Movie,2000,1088,7.0
Jaimie Alexander,The Last Stand,2013,133876,6.3
Jeff Kober,Leave No Trace,2018,52066,7.2
James Garner,Victor Victoria,1982,19571,7.6
Linda Cristal,Legions of the Nile,1959,217,5.6
Giancarlo Giannini,Quantum of Solace,2008,407969,6.6
Christine Adams,Profile,2018,360,7.3
Michael Beck,Battletruck,1982,1172,5.1
Donald Sutherland,The Hunger Games: Mockingjay - Part 2,2015,290432,6.6
Kevin Eldon,Hugo,2011,307250,7.5
James McAvoy,The Conspirator,2010,27877,6.9
Robby Benson,Jory,1973,145,6.0
Paul Rudd,The Size of Watermelons,1996,207,5.5
Amy Smart,Love N' Dancing,2009,1719,5.4
Royal Dano,Man of the West,1958,7052,7.1
Billy Bob Thornton,Hunter's Blood,1986,683,5.9
Judge Reinhold,The Santa Clause 3: The Escape Clause,2006,33857,4.8
Jane Seymour,The New Swiss Family Robinson,1998,728,4.9
Stephen Bishop,Til Death Do Us Part,2017,1192,4.6
Cynthia Nixon,Maybe a Love Story,2018,245,6.3
Armin Shimerman,Atlas Shrugged: Part I,2011,13180,5.6
Jason Schwartzman,Marie Antoinette,2006,102837,6.5
Wendie Malick,Adventureland,2009,152944,6.8
Victoria Jackson,Fat Chance,2016,153,5.5
B.J. Novak,Inglourious Basterds,2009,1285359,8.3
Lee Byung-Hun,Keys To The Heart,2018,843,7.5
Kerry Condon,Rat,2000,920,5.9
Dorothy Dandridge,Lucky Jordan,1942,302,6.4
Christine Cavanaugh,Jerry Maguire,1996,245023,7.3
Ray Milland,A Life of Her Own,1950,949,6.3
Giancarlo Esposito,Alex Cross,2012,32596,5.2
Michael Biehn,Red Handed,2019,197,3.4
Diego Boneta,Monster Party,2018,3459,5.5
Eric Balfour,Hell Ride,2008,15432,5.1
Shannon Tweed,Night Visitor,1989,559,4.7
Michael York,Dark Planet,1997,645,3.4
Dee Bradley Baker,Phineas and Ferb the Movie: Candace Against the Universe,2020,3094,7.2
James Woods,Straw Dogs,2011,32869,5.8
George Kennedy,The Delta Force,1986,18982,5.7
Anna Massey,Captain Jack,1999,297,6.3
Sarah Wright,21 & Over,2013,72311,5.8
Clea DuVall,All About Nina,2018,2262,6.1
Harry Lennix,Canal Street,2018,261,4.6
R. Lee Ermey,The Rift,1990,1861,4.7
Mykelti Williamson,Vice,2008,831,4.8
James Faulkner,Agent Cody Banks 2: Destination London,2004,14185,4.6
Larry Manetti,No Tomorrow,1999,356,4.1
Jake Hoffman,Sister of the Groom,2020,228,4.6
Janeane Garofalo,Mystery Men,1999,62104,6.1
Cameron Richardson,Alvin and the Chipmunks,2007,77747,5.2
Fionnula Flanagan,Radioflash,2019,1762,4.8
Cody Horn,Flipped,2010,82193,7.7
Michael Caine,Journey 2: The Mysterious Island,2012,94634,5.8
Anne Ramsay,Wild About Harry,2009,146,5.3
Lynda Day George,The Devil's 8,1969,294,5.3
Matt Damon,Youth Without Youth,2007,12999,6.2
Matthew McConaughey,Edtv,1999,41826,6.1
Fred Gwynne,Pet Sematary,1989,95161,6.6
Bill Moseley,House,2008,5591,4.6
Mo Collins,Cook Off!,2007,868,4.2
John Schneider,Conjurer,2008,1461,4.8
Christian Coulson,Harry Potter and the Chamber of Secrets,2002,561516,7.4
Peter Sellers,Your Past Is Showing,1957,1676,6.9
Jamie Kennedy,Sparkler,1997,419,5.5
Dorothy McGuire,Invitation,1952,517,6.8
Mischa Barton,Don't Fade Away,2010,333,5.0
Mary-Louise Parker,The Assassination of Jesse James by the Coward Robert Ford,2007,170824,7.5
Mimi Rogers,Someone to Watch Over Me,1987,9487,6.1
Rosalind Chao,An Eye for an Eye,1981,3585,5.6
Zachery Ty Bryan,Annapolis,2006,20375,5.9
Harvey Fierstein,Foodfight!,2011,9482,1.5
Al Weaver,Kill Your Friends,2015,9029,6.0
Noah Beery Jr.,Waltz Across Texas,1982,188,5.8
Becky Ann Baker,That Night,1992,2587,6.7
Hannah Ware,The Angel,2018,12370,6.6
Ron Perlman,The Spiderwick Chronicles,2008,89213,6.5
Don McManus,The Maze Runner,2014,422382,6.8
Jeremy Piven,Last Call,2021,264,4.0
John Dehner,Scaramouche,1952,5568,7.5
Katherine Cunningham,Jupiter Ascending,2015,180106,5.3
Noah Jupe,Suburbicon,2017,40890,5.7
Bruce Bennett,Sudden Fear,1952,5384,7.5
Elliott Gould,Harry and Walter Go to New York,1976,918,5.5
Alan Hale Jr.,Time Out for Rhythm,1941,239,6.5
Katie Holmes,Muppets from Space,1999,18198,6.3
Dean Stockwell,The Shadow Men,1997,1049,4.6
Arden Myrin,What Women Want,2000,193041,6.4
Kevin Connolly,Reach Me,2014,2625,4.9
Jane Wyman,Tugboat Annie Sails Again,1940,190,5.7
Katie Holmes,Don't Be Afraid of the Dark,2010,47136,5.6
Julie Dray,Deuxieme vie,2000,212,5.3
Toni Collette,Hotel Splendide,2000,1200,6.4
Maggie Smith,It All Came True,1998,1082,5.8
John Hannah,Ghost Son,2007,744,4.5
Rachel Dratch,Little,2019,11487,5.5
Vince Vaughn,Into the Wild,2007,579421,8.1
Arden Myrin,Wrong,2012,9344,6.3
Kelly Lynch,Glass Chin,2014,781,5.4
Cameron Mitchell,Memorial Valley Massacre,1989,943,3.8
Sofia Vassilieva,Hurt,2009,1462,5.1
Maria Dizzia,Certainty,2011,133,5.0
Dabney Coleman,You've Got Mail,1998,197376,6.7
Richard Jaeckel,Battleground,1949,6613,7.4
Christopher Eccleston,Amelia,2009,12094,5.8
Michael Sheen,The League of Gentlemen's Apocalypse,2005,5355,6.2
James Earl Jones,Allan Quatermain and the Lost City of Gold,1986,8896,4.6
Sarah Jessica Parker,The First Wives Club,1996,44215,6.4
Annabeth Gish,Term Life,2016,7148,5.6
John Bishop,Route Irish,2010,4316,6.4
Melvin Gregg,High Flying Bird,2019,7752,6.2
Richard Bright,The Godfather: Part II,1974,1143820,9.0
Lou Ferrigno,Ring Ring,2019,431,4.2
Christopher Guest,Shame of the Jungle,1975,1134,5.1
Charles Laughton,The Beachcomber,1938,264,6.6
Billy Bob Thornton,Monster's Ball,2001,83181,7.0
Cas Anvar,The Terminal,2004,411704,7.4
Bobby Moynihan,5 Doctors,2016,260,6.4
Austin Amelio,Mercy Black,2019,2828,4.9
Matthias Schoenaerts,The Danish Girl,2015,166539,7.1
Cedric the Entertainer,First Reformed,2017,49054,7.1
Lee Purcell,Space Rage,1985,291,3.8
Nicole Ari Parker,Repentance,2013,2361,4.9
Jon Voight,The General,1998,8238,7.3
Alan Tudyk,A Knight's Tale,2001,173374,6.9
Morgan Taylor Campbell,No Men Beyond This Point,2015,1520,6.3
Tom Skerritt,A Dangerous Summer,1982,194,2.9
Ally Maki,The Prankster,2010,369,5.1
Boyd Holbrook,The Host,2013,111318,5.9
Kaitlyn Dever,J. Edgar,2011,123334,6.5
Claude Rains,Forever and a Day,1943,567,7.1
John Carpenter,Dark Star,1974,22475,6.3
Mindy Cohn,The Third Wish,2005,347,4.5
Jenna Ushkowitz,Hello Again,2017,395,5.1
Robert Picardo,"Hail, Caesar!",2016,125408,6.3
Elden Henson,Jobs,2013,94171,6.0
Paul Gross,Hyena Road,2015,7176,6.5
Ray Walston,The Player,1992,55376,7.5
David Boreanaz,I'm with Lucy,2002,3243,5.8
Tatiana Maslany,Ginger Snaps 2: Unleashed,2004,12942,6.4
Matt Ross,Dust,2001,2173,6.6
Stellan Skarsgard,Deep Blue Sea,1999,125984,5.9
Bob Odenkirk,Little Women,2019,150090,7.8
Patrick Warburton,Made for Each Other,2009,858,4.4
Clare Higgins,I Give It a Year,2013,35739,5.7
Ryan Phillippe,54,1998,31644,5.9
Hugh O'Conor,Da,1988,430,6.5
Terry Kiser,All Night Long,1981,1626,5.6
Strother Martin,Hard Times,1975,9543,7.3
Danny Glover,Come Sunday,2018,2030,6.0
Gary Cole,Tammy,2014,48634,4.9
John Kani,Black Panther,2018,638034,7.3
Rowan Atkinson,Johnny English,2003,149711,6.2
Kurt Russell,Interstate 60: Episodes of the Road,2002,30234,7.7
Zach Gilford,Super,2010,75456,6.7
Garry Marshall,This Space Between Us,1999,158,5.5
Ellar Coltrane,The Circle,2017,85722,5.4
Christina Applegate,Anchorman 2: The Legend Continues,2013,170229,6.3
Josh Lucas,Hulk,2003,253394,5.6
Lou Taylor Pucci,Brief Interviews with Hideous Men,2009,3336,5.6
William Conrad,Moonshine County Express,1977,273,6.0
Paul Williams,Stone Cold Dead,1979,396,5.3
Jim Carter,The Madness of King George,1994,15580,7.2
Steve Harris,The Unseen,2005,352,6.8
Israel Broussard,Extinction,2018,47601,5.8
Bradley Pierce,Man's Best Friend,1993,4103,5.3
Stephen Root,Dave,1993,49407,6.8
Michelle Nolden,All Hat,2007,500,5.2
Rob Reiner,The Big Mouth,1967,975,5.6
Douglas Hodge,Robin Hood,2010,254671,6.6
Ignacio Serricchio,Keith,2008,35355,7.4
K.J. Apa,The Hate U Give,2018,31630,7.5
Bai Ling,The Final Level: Escaping Rancala,2019,387,3.2
Aidan Quinn,Proud,2004,318,5.7
Larry Fessenden,Most Beautiful Island,2017,3024,5.7
Bill Pullman,Casper,1995,122905,6.1
Matias Varela,Easy Money III: Life Deluxe,2013,4912,6.2
Penelope Cruz,Captain Corelli's Mandolin,2001,33098,5.9
Barbara Bouchet,Black Belly of the Tarantula,1971,2853,6.4
Rob Paulsen,A Goofy Movie,1995,46920,6.9
Tahnee Welch,Sue,1997,1333,7.1
Elisabeth Moss,Mad to Be Normal,2017,1206,6.0
Callum Keith Rennie,October Gale,2014,2178,5.2
Donald Pleasence,"Good Luck, Miss Wyckoff",1979,267,5.7
Paul Rust,Psycho Sleepover,2008,230,4.1
Mark Ruffalo,Reservation Road,2007,22738,6.7
Hera Hilmar,We Are the Freaks,2013,319,4.7
Ty Burrell,Morning Glory,2010,75059,6.5
Robert Carradine,Tooth and Nail,2007,3688,4.8
Raphael Sbarge,The Duel,2016,10116,5.8
Ferdia Walsh-Peelo,Sing Street,2016,86188,7.9
Alexandra Roach,Testament of Youth,2014,26906,7.3
Jenna Elfman,Clifford's Really Big Movie,2004,781,5.4
Ben Chaplin,The Remains of the Day,1993,67186,7.8
Esai Morales,Forty Deuce,1982,176,5.5
Stephen Spinella,The Lennon Report,2016,753,5.9
Rhys Ifans,Elizabeth: The Golden Age,2007,68233,6.8
Sharon Gless,The Star Chamber,1983,6389,6.3
Enid Graham,Blue Valentine,2010,186130,7.4
Roger Rees,Garfield 2,2006,39623,5.0
David Krumholtz,Casual Encounters,2016,485,4.4
Brenda Bakke,Hardbodies 2,1986,1070,3.2
Erik Palladino,Battle in Space: The Armada Attacks,2021,156,2.6
Stephen Fry,The Steal,1995,166,4.5
Matthias Schoenaerts,Rust and Bone,2012,64322,7.5
Lee Ingleby,The Last Legion,2007,34349,5.4
Barry Corbin,That Evening Sun,2009,2589,7.1
Amitabh Bachchan,Bol Bachchan,2012,8238,5.5
Chuck Connors,The Lady Takes a Flyer,1958,177,5.9
Tracy Scoggins,In Dangerous Company,1988,107,3.6
Omid Abtahi,The Last Lullaby,2008,539,6.3
Gene Kelly,Love Is Better Than Ever,1952,468,5.7
Michael Dorman,Prime Mover,2009,145,5.6
Laura Bailey,Gekijouban Sengoku Basara: The Last Party,2011,134,6.7
Barrie Chase,Hans Christian Andersen,1952,3513,6.9
Seth Green,Without a Paddle,2004,44731,5.9
Shiri Appleby,Lemon,2017,1857,4.7
Beatrice Dalle,Livid,2011,6486,5.7
Blythe Danner,1776,1972,7700,7.6
Robert Loggia,I Love Trouble,1994,11506,5.3
Eric McCormack,The Sisters,2005,923,6.1
Melinda Dillon,A Christmas Story,1983,133495,7.9
Nick Nolte,Mulholland Falls,1996,16026,6.3
Richard Dreyfuss,James and the Giant Peach,1996,60780,6.7
Leighton Meester,Monte Carlo,2011,41552,5.8
Tom Arnold,Gardens of the Night,2008,4184,6.9
Adam F. Goldberg,Trial and Error,1997,5952,5.8
Edie McClurg,Elvira: Mistress of the Dark,1988,13962,6.6
Tim Thomerson,Evil Bong,2006,2558,4.0
Peter Serafinowicz,The World's End,2013,261888,7.0
Kristen Wiig,The Martian,2015,769081,8.0
Noah Beery Jr.,Hay Foot,1942,114,6.0
Eddie Albert,Hustle,1975,2239,6.2
Jessica Camacho,Veronica Mars,2014,50607,6.8
Vera Miles,Molly and Lawless John,1972,250,5.4
Zulay Henao,Fighting,2009,32023,5.6
Eric Andre,The Lion King,2019,216211,6.9
Jonathan Groff,Hamilton,2020,61228,8.5
Tim Russ,InAlienable,2007,443,3.4
Aaron Ashmore,The Stone Angel,2007,1657,6.1
Jurgen Prochnow,Remember,2015,23413,7.5
Mili Avital,The Young Girl and the Monsoon,1999,138,5.5
Pat Hingle,The Grifters,1990,25487,6.9
Paul Sparks,Parkland,2013,15245,6.4
John Carradine,Hillbillys in a Haunted House,1967,1063,2.6
Bette Davis,Seed,1931,423,7.1
Rachael Leigh Cook,Vampire,2011,1543,5.2
Amber Tamblyn,Beyond a Reasonable Doubt,2009,12342,5.9
Eddie Deezen,Delta Pi,1984,117,5.0
Brendan Fletcher,Rampage: President Down,2016,2821,4.8
Sam Huntington,Second Nature,2016,400,4.9
Richard Riehle,Palindromes,2004,12080,6.7
Meg Tilly,Valmont,1989,12715,7.0
Julie Newmar,Evils of the Night,1985,1277,3.6
Sigourney Weaver,Rampart,2011,23188,5.8
Kevin Sorbo,Abel's Field,2012,647,6.5
Stephen Root,V.I. Warshawski,1991,4757,5.0
John Hurt,Felidae,1994,4053,7.1
Deborah Kerr,Separate Tables,1958,6857,7.4
Danny Trejo,Voodoo Possession,2014,607,2.5
Daryl Sabara,Spy Kids,2001,109593,5.5
Pat Roach,Willow,1988,101952,7.3
Priscilla Barnes,The Visitation,2006,2571,5.1
Douglas Henshall,Flying Lessons,2007,357,6.2
Murray Hamilton,Seconds,1966,16800,7.7
Michael Eklund,The Hitman Never Dies,2017,146,5.2
Irene Bedard,Naturally Native,1998,146,6.3
Clint Howard,BloodRayne: The Third Reich,2011,6017,3.0
Jeff Fahey,The Underground,1997,163,4.9
Scott Adkins,El Gringo,2012,5918,5.4
Jennifer Lien,SLC Punk!,1998,26030,7.5
Helen Hunt,Pulse Pounders,1988,190,6.8
Jeremy Davies,Up at the Villa,2000,2578,6.0
Alastair Mackenzie,Outlaw King,2018,61604,6.9
Christopher Eccleston,Dead in a Week Or Your Money Back,2018,5306,6.3
Henry Winkler,Unbeatable Harold,2006,151,5.4
Delroy Lindo,Broken Arrow,1996,91496,6.1
Vincent D'Onofrio,Mystic Pizza,1988,26033,6.3
Peter Coyote,Berkeley,2005,192,4.9
Karin Konoval,The Stickup,2002,1497,6.3
Andrew Lawrence,Fingerprints,2006,2505,5.0
Max Casella,Killing Them Softly,2012,134938,6.2
Dean Cameron,Director's Cut,2016,480,6.1
Vic Mignogna,Escaflowne: The Movie,2000,3445,6.7
Rob Lowe,Super Troopers 2,2018,24171,6.1
Liv Tyler,Cookie's Fortune,1999,12805,6.8
Yul Brynner,Romance of a Horsethief,1971,223,5.2
Richard Moll,No Place Like Home,2002,123,4.9
Leonardo DiCaprio,This Boy's Life,1993,47849,7.3
Jamie Chung,Batman: Soul of the Dragon,2021,2735,6.0
Rodney Dangerfield,Back by Midnight,2004,490,5.0
Jean Hale,McHale's Navy Joins the Air Force,1965,332,6.1
Pierce Brosnan,The Fourth Protocol,1987,9065,6.6
Philippine Leroy-Beaulieu,Vatel,2000,7414,6.6
Lou Taylor Pucci,The Music Never Stopped,2011,7928,7.5
Eddie Kaye Thomas,American Wedding,2003,195821,6.3
Justin Bartha,The Hangover Part III,2013,295515,5.8
Bing Russell,One Man's Way,1964,152,6.2
Kevin Connolly,Don's Plum,2001,4056,5.8
Sarah Hadland,Leap Year,2010,96742,6.5
Ansel Elgort,The Fault in Our Stars,2014,347288,7.7
Glenn Close,The Natural,1984,44570,7.5
Eric Christian Olsen,Battle of the Sexes,2017,50876,6.7
Olivia Colman,The Father,2020,18828,8.3
Alain Delon,Love at Sea,1964,163,7.1
Alyshia Ochse,Their Killer Affair,2017,200,3.6
William Jackson Harper,Lost Holiday,2019,307,4.8
Bradley Whitford,I Saw the Light,2015,6451,5.8
Brion James,Red Heat,1988,65227,6.1
Zach Galligan,The First to Go,1997,184,4.7
Scott Grimes,Who's Your Monkey?,2007,370,5.5
Douglas Hodge,Salome's Last Dance,1988,1477,6.5
Josh Dallas,Red Tails,2012,33705,5.9
Madison Riley,Prom,2011,14867,5.4
John Patrick Amedori,The Butterfly Effect,2004,454524,7.6
Ian Tracey,A Score to Settle,2019,4504,4.6
Chazz Palminteri,Mighty Fine,2012,357,5.0
Peter Vack,After Everything,2018,1203,6.4
Norbert Leo Butz,Luce,2019,10284,6.7
Roman Polanski,Blood for Dracula,1974,5211,6.2
Michael Caine,Carve Her Name with Pride,1958,1574,7.2
Victor Garber,The Town,2010,356822,7.5
Ron Howard,The Wild Country,1970,259,6.4
Clu Gulager,I'm Gonna Git You Sucka,1988,12431,6.6
Method Man,Cop Land,1997,87075,6.9
Gina Holden,Sleeping with My Student,2019,366,4.7
Alex Sharp,The Hustle,2019,49034,5.4
Charles Laughton,Under Ten Flags,1960,445,6.6
Tate Taylor,Winter's Bone,2010,136752,7.1
Austin Stowell,Dolphin Tale,2011,22611,6.9
Brandon Mychal Smith,Sacrifice,2015,112,5.7
Royal Dano,Carrie,1952,2146,7.3
Daran Norris,Asterix and the Vikings,2006,11086,6.1
William Atherton,Real Genius,1985,30630,7.0
Jennifer Beals,The Last Days of Disco,1998,12274,6.7
Liam Hemsworth,Killerman,2019,3597,5.3
Melanie Lynskey,The Perks of Being a Wallflower,2012,467296,8.0
George Kennedy,The Man Who Came Back,2008,809,5.0
Sean Young,In Vino,2017,221,4.6
Michael Byrne,A Bridge Too Far,1977,52698,7.4
Julie Andrews,The Princess Diaries 2: Royal Engagement,2004,74955,5.8
Lauren Bowles,Ghost World,2001,113768,7.3
Ann Blyth,The Buster Keaton Story,1957,257,5.3
Gerard Depardieu,Rene the Cane,1977,126,4.8
Pom Klementieff,A.I. Tales,2019,177,3.7
Kim Novak,Liebestraum,1991,1472,6.0
Rosanna Arquette,Palmer's Pick-Up,1999,198,5.0
Lillian Gish,Intolerance: Love's Struggle Throughout the Ages,1916,14378,7.7
Matthew Broderick,Family Business,1989,12231,5.8
Gerard Depardieu,Coco,2009,1448,3.3
Arsenio Hall,Ghost,1990,199533,7.1
Shannon Elizabeth,Marshall's Miracle,2015,165,5.2
Rosario Dawson,Unstoppable,2010,186249,6.8
Sophie Thompson,Harry Potter and the Deathly Hallows: Part 1,2010,485301,7.7
Robert Loggia,Lost Highway,1997,132548,7.6
Talia Shire,The Deported,2009,105,4.8
James Van Der Beek,Standing Still,2005,2236,5.7
Fred Williamson,Crazy Joe,1974,398,6.2
Kelli Berglund,1 Night,2016,1869,5.8
Idris Elba,The Losers,2010,92413,6.3
Rebecca Hall,Tumbledown,2015,6648,6.2
Mark Stevens,Pride of the Marines,1945,1305,7.3
Chase Masterson,Unbelievable!!!!!,2020,753,5.3
Jack Falahee,Blowtorch,2016,182,4.2
John Kani,Murder Mystery,2019,105385,6.0
Simon Bird,The Inbetweeners Movie,2011,78934,6.7
Anne Haney,The American President,1995,53193,6.8
Kristen Bell,Scream 4,2011,128867,6.1
Litefoot,Song of Hiawatha,1997,255,5.9
Conan Stevens,Skin Trade,2014,7537,5.6
Tom Brooke,Pirate Radio,2009,107815,7.4
Mia Farrow,The Purple Rose of Cairo,1985,47498,7.7
Barbra Streisand,The Prince of Tides,1991,16491,6.8
Danny Trejo,Big Kill,2019,1036,5.3
Larry Poindexter,Strategic Command,1997,703,4.3
Walter Koenig,Star Trek II: The Wrath of Khan,1982,113565,7.7
Rosanna Arquette,Falsely Accused,2016,204,3.4
Fred Willard,Best in Show,2000,56660,7.5
Beulah Bondi,Watch on the Rhine,1943,3918,7.3
Michael O'Neill,Dreamcatcher,2003,89204,5.5
Mischa Barton,Lost and Delirious,2001,20102,6.9
Anthony LaPaglia,Mixed Nuts,1994,10762,5.5
Bug Hall,Body High,2015,299,6.2
Leslie Nielsen,Hot Summer Night,1957,286,6.1
Max Casella,Applesauce,2015,893,6.4
Erinn Hayes,Bill & Ted Face the Music,2020,31080,6.1
Justin Pierce,Looking for Leonard,2002,176,5.6
Kiefer Sutherland,Young Guns II,1990,31425,6.5
Joel McKinnon Miller,Radio Free Albemuth,2010,1615,5.7
Moira Kelly,Little Odessa,1994,7453,6.7
Dennis Quaid,The Pretenders,2018,393,5.0
Keira Knightley,The Duchess,2008,78908,6.9
Dan Petronijevic,He Never Died,2015,18182,6.4
Giovanni Ribisi,Flight of the Phoenix,2004,51971,6.1
Lawrence Gilliard Jr.,Brother to Brother,2004,1084,7.1
Garry Marshall,Jumpin' Jack Flash,1986,18360,6.0
Geraldine Page,Hondo,1953,9741,7.1
John Leguizamo,The Night Clerk,2020,11122,5.5
Chris Klein,Say It Isn't So,2001,12677,5.0
Raul Esparza,Ferdinand,2017,49738,6.7
Suzanne Bertish,Crimetime,1996,743,4.5
Rance Howard,Forced to Kill,1994,196,5.1
Catherine McCormack,Strings,2004,4022,7.0
Franco Nero,New Order,2012,385,3.4
Ma Dong-seok,The Neighbors,2012,962,6.6
Denise Gough,Robin Hood,2010,254671,6.6
Stephanie Zimbalist,Hamlet's Ghost,2015,170,5.4
Amanda Redman,For Queen & Country,1988,2218,5.6
Daniel Roebuck,River's Edge,1986,16142,7.0
Bug Hall,The Shadow People,2017,206,3.3
Timothy Bottoms,Pound of Flesh,2010,269,3.1
Julianne Hough,The Steam Engines of Oz,2018,595,7.1
Rosalind Russell,Design for Scandal,1941,455,6.3
Richard Attenborough,Only When I Larf,1968,218,6.0
Billy Zane,Perfect Hideout,2008,1139,3.9
Edward G. Robinson,"Larceny, Inc.",1942,2427,7.4
Treat Williams,Run Hide Fight,2020,14676,6.4
Debra Winger,The Lovers,2017,3487,6.1
Phyllida Law,Before the Rain,1994,13934,8.0
Robert Morse,"Oh Dad, Poor Dad, Mamma's Hung You in the Closet and I'm Feelin' So Sad",1967,246,5.0
Giselle Eisenberg,Sex Tape,2014,108128,5.1
Sarah Wynter,Coastlines,2002,580,5.8
Will Ferrell,The Internship,2013,190798,6.3
Maureen McCormick,Lift Me Up,2015,603,5.6
Drew Barrymore,The Wedding Singer,1998,136159,6.8
Cote de Pablo,The 33,2015,36061,6.9
Adam Beach,Four Brothers,2005,135775,6.8
Gemma Chan,Intrigo: Dear Agnes,2019,235,4.8
Kenneth Cranham,A Good Year,2006,89367,7.0
Coco Austin,What Now,2015,275,4.6
Jack Lemmon,Kotch,1971,1298,6.6
Nat Wolff,Admission,2013,33418,5.7
Carol Kane,Harry and Walter Go to New York,1976,918,5.5
John Banner,The Prize,1963,4316,6.9
LaKeith Stanfield,Selma,2014,87259,7.5
David Cross,It's a Disaster,2012,10556,6.4
Keir O'Donnell,Paul Blart: Mall Cop,2009,104168,5.2
Robin Wright,"New York, I Love You",2008,44949,6.2
Stefanie Powers,Herbie Rides Again,1974,7477,5.7
Don Swayze,The Visitation,2006,2571,5.1
Kristen Johnston,Music and Lyrics,2007,98164,6.5
Cherry Jones,Whiskey Tango Foxtrot,2016,50088,6.6
James Hampton,Fire from Below,2009,870,2.8
James Best,Return of the Killer Shrews,2012,313,2.9
Elaine Hendrix,Tru Loved,2008,877,5.5
Santiago Cabrera,Transformers: The Last Knight,2017,137175,5.2
A.J. Buckley,Deal of a Lifetime,1999,332,5.0
Kirsten Dunst,Anastasia,1997,113162,7.2
Pierce Brosnan,The Nephew,1998,1375,6.5
Tommy Lee Jones,Hope Springs,2012,41003,6.3
Kylie Rogers,Fathers & Daughters,2015,24570,7.1
Christine Lahti,Flying Lessons,2010,344,5.4
Keith David,The Greening of Whitney Brown,2011,556,5.2
Seth Green,Radio Days,1987,31933,7.5
Lola Albright,Julia Misbehaves,1948,872,6.9
Robin Williams,Night at the Museum: Battle of the Smithsonian,2009,179302,6.0
Nancy Valen,The Heavenly Kid,1985,4459,6.4
Geoffrey Holder,Chance or Coincidence,1998,530,6.7
Klaus Kinski,Creature with the Blue Hand,1967,622,6.0
Dawna Lee Heising,After School Massacre,2014,244,3.0
Gigi Rice,Deadfall,1993,2966,4.0
Amber Midthunder,Priceless,2016,3451,6.1
George Gaynes,PT 109,1963,2325,6.6
Lee Meriwether,Hell's Kitty,2018,176,3.5
Christopher McDonald,Not Fade Away,2012,4346,6.0
David Keith,White of the Eye,1987,2085,6.2
Lesley-Anne Down,Rosewood Lane,2011,3406,4.6
Willem Dafoe,Adam Resurrected,2008,3896,6.3
William Forsythe,Soundman,1998,246,5.1
Patrick Gallagher,Street Kings,2008,107760,6.8
Dominique Swain,Minutes to Midnight,2018,289,3.4
Wilmer Valderrama,Double Dutchess: Seeing Double,2017,531,4.9
Teri Hatcher,The Big Picture,1989,4732,6.2
Laura Fraser,Divorcing Jack,1998,2004,6.7
Brad Dourif,Interceptor Force,1999,780,3.9
