Actor,Film,Year,Votes,Rating
Tony Curran,Red Road,2006,12373,6.8
Edie Falco,Megan Leavey,2017,21899,7.1
Thora Birch,Kindred Spirits,2019,616,5.0
Gwendoline Yeo,Dead Tone,2007,2811,4.6
Robert Mitchum,Pursued,1947,2911,7.2
Cuba Gooding Jr.,Judgment Night,1993,15569,6.7
Harry Hamlin,No Alternative,2018,194,6.1
Jimmy Smits,Backyard,2009,1436,7.0
Robert Powell,The Thirty-Nine Steps,1978,2310,6.6
Natalie Schafer,Wonder Man,1945,1959,7.0
Ruth Bradley,Flyboys,2006,41414,6.5
Dee Wallace,Bad Actress,2011,194,4.2
Marcia Wallace,Teen Witch,1989,8374,6.1
John Ritter,Panic,2000,7999,6.6
Nora Dunn,Zoolander,2001,247922,6.6
Madeleine Stowe,Octane,2003,3048,4.3
John Hurt,V for Vendetta,2005,1041858,8.2
Ellen Burstyn,Deceiver,1997,6092,6.6
Michael Dorn,The Man from Earth: Holocene,2017,8161,5.3
Clive Standen,Vault,2019,1940,5.5
Phoebe Fox,War Book,2014,634,6.8
Roddy McDowall,Hello Down There,1969,727,5.9
Salman Khan,Dil Ne Jise Apna Kaha,2004,1509,4.4
Earl Hindman,Greased Lightning,1977,1395,6.3
Yeardley Smith,We're Back! A Dinosaur's Story,1993,13766,6.1
Gene Kelly,Inherit the Wind,1960,27574,8.1
Janet Varney,Catwoman,2004,111919,3.4
Bingbing Li,Triple Tap,2010,1384,6.3
Miranda Cosgrove,Despicable Me,2010,504665,7.6
Tobias Santelmann,Out Stealing Horses,2019,1919,6.6
Gary Anthony Williams,Cook Off!,2007,868,4.2
David Wayne,Tonight We Sing,1953,107,5.8
Nicola Coughlan,Svengali,2013,1026,5.7
Nicholas Hammond,The BBQ,2018,264,4.9
Noel Gugliemi,Employee of the Month,2004,9464,6.2
Chen Chang,Monk Comes Down the Mountain,2015,1486,5.5
Alec Baldwin,Still Alice,2014,127527,7.5
Cathy Moriarty,Soapdish,1991,14714,6.6
Marlon Wayans,G.I. Joe: The Rise of Cobra,2009,199910,5.8
Camila Mendes,Coyote Lake,2019,879,5.3
Paula Prentiss,Looking for Love,1964,261,5.7
Gene Hackman,Power,1986,2715,5.7
Paul Higgins,Apostle,2018,44712,6.3
Paul Newman,The Outrage,1964,1988,6.3
Marj Dusay,Sweet November,1968,999,6.9
Christopher Walken,Nick of Time,1995,39610,6.3
Joan Blondell,Big Business Girl,1931,247,5.9
Indira Varma,Present Laughter,2019,259,8.5
Loretta Young,She Had to Say Yes,1933,428,5.9
Jackie Swanson,Charlie Wilson's War,2007,111629,7.0
Mel Blanc,"Kiss Me, Stupid",1964,7151,7.0
Susan Hayward,Sis Hopkins,1941,104,5.8
Maximilian Schell,The Freshman,1990,18918,6.4
Stephen McHattie,Geronimo: An American Legend,1993,9605,6.5
Bradford Dillman,The Mephisto Waltz,1971,2333,6.1
Patricia Arquette,The Indian Runner,1991,8472,7.0
Jess Harnell,Hotel Transylvania 2,2015,109370,6.7
Gwyneth Paltrow,Thanks for Sharing,2012,26899,6.4
Samm Levine,Club Dread,2004,28507,5.7
Kelli Garner,The Aviator,2004,337485,7.5
Leslie Grossman,Itty Bitty Titty Committee,2007,2823,5.5
Bill Hader,Trainwreck,2015,130311,6.2
Akshay Kumar,Talaash: The Hunt Begins...,2003,1394,4.7
Mark Wahlberg,The Happening,2008,196796,5.0
Mickey Hargitay,Primitive Love,1964,165,5.0
Will Forte,A Good Old Fashioned Orgy,2011,21470,6.1
Adam Brody,Life Partners,2014,8397,6.2
Lydia Wilson,All Is True,2018,3614,6.2
Dom DeLuise,Happily Ever After,1989,2159,5.6
Erik Estrada,Loaded Weapon 1,1993,44752,6.2
Sophie Marceau,La boum 2,1982,4186,6.3
Rachel Nichols,P2,2007,32130,5.9
Joe Pantoliano,Backstreet Dreams,1990,193,5.2
Keira Knightley,The Imitation Game,2014,693499,8.0
John Ritter,Shadow of Doubt,1998,1679,5.2
Dan Gauthier,Teen Witch,1989,8374,6.1
Mary-Louise Parker,Saved!,2004,44686,6.7
Hugh Jackman,Night at the Museum: Secret of the Tomb,2014,108627,6.2
Spencer Tracy,"20,000 Years in Sing Sing",1932,2424,6.9
River Phoenix,Stand by Me,1986,366898,8.1
Wallace Langham,Spaceman,2016,486,5.3
Rhoda Griffis,Road Trip,2000,159120,6.4
James Franco,Spider-Man 2,2004,549437,7.3
Catherine Deneuve,Male Companion,1964,136,6.1
Chadwick Boseman,Marshall,2017,21402,7.3
Brian Doyle-Murray,The Three Stooges,2012,30146,5.1
Kevin Corrigan,Steal This Movie,2000,2210,6.5
Glenda Jackson,A Touch of Class,1973,2829,6.5
Emily Meade,Nerve,2016,117475,6.5
Anne Reid,A Little Trip to Heaven,2005,4700,6.0
David Beckham,The Man from U.N.C.L.E.,2015,278845,7.3
Deborah Kara Unger,A Love Song for Bobby Long,2004,25308,7.1
Jackie Gleason,Soldier in the Rain,1963,1599,6.7
Rachael Harris,Night at the Museum: Secret of the Tomb,2014,108627,6.2
Julie Walters,Harry Potter and the Deathly Hallows: Part 1,2010,485301,7.7
David Arquette,Never Die Alone,2004,5474,5.7
Rita Moreno,Marlowe,1969,3084,6.4
Shah Rukh Khan,Jab Tak Hai Jaan,2012,51529,6.7
Brian White,Daddy's Little Girls,2007,7061,5.8
Bellamy Young,Mission: Impossible III,2006,332880,6.9
Robert Cummings,The Carpetbaggers,1964,2012,6.6
Bradley Whitford,Adventures in Babysitting,1987,38977,7.0
Aasif Mandvi,Random Hearts,1999,20131,5.3
Richard Jenkins,The Man Who Wasn't There,2001,104674,7.5
Tom Hardy,The Killing Gene,2007,8315,5.7
Amanda Cerny,Internet Famous,2016,1115,3.6
John Billingsley,Trade of Innocents,2012,899,5.5
Katherine Heigl,The Nut Job 2: Nutty by Nature,2017,5973,5.5
Alex Rocco,Freebie and the Bean,1974,2608,6.6
Roger Cross,Noah,2012,236,4.7
Chris Rock,What to Expect When You're Expecting,2012,70327,5.7
Stuart Martin,Slow West,2015,43185,6.9
Johnny Depp,The Tourist,2010,226389,6.0
Steve Buscemi,Big Daddy,1999,201507,6.4
Natalie Brown,Cyberstalker,2012,628,3.9
John Lynch,Ghosted,2011,607,5.8
Anita Briem,Journey to the Center of the Earth,2008,114528,5.8
Chi McBride,Pawn Shop Chronicles,2013,10650,5.9
Neil Patrick Harris,Animal Room,1995,325,5.3
Stephanie Koenig,Burying the Ex,2014,10006,5.4
Jason Gedrick,War Flowers,2012,371,4.4
Mark Pellegrino,The Hunted,2003,44236,6.1
George Dzundza,The Deer Hunter,1978,314639,8.1
James Franco,Memoria,2015,510,5.1
Elizabeth Debicki,The Man from U.N.C.L.E.,2015,278845,7.3
Chris Marquette,Broken Horses,2015,2053,5.7
Toby Jones,Serena,2014,27337,5.4
Crispin Glover,The Wizard of Gore,2007,2627,4.9
Brenda Fricker,The Field,1990,5676,7.4
Natalie Brown,Welcome to Mooseport,2004,12201,5.2
Joseph Millson,S.N.U.B!,2010,196,2.9
Steven Bauer,Navajo Blues,1996,119,5.0
Leslie Caron,Imperative,1982,120,6.4
Tobin Bell,Tootsie,1982,98820,7.4
Maryam Hassan,School of Rock,2003,272278,7.1
Christopher Gorham,The Stream,2013,110,4.9
Michael Shannon,Bug,2006,33233,6.1
Faizon Love,A Day in the Life,2009,550,5.2
Klaus Kinski,Der Zinker,1963,716,6.3
Diedrich Bader,Bolt,2008,192082,6.8
Barbara Carrera,Loverboy,1989,7363,6.1
Susan Park,Always Be My Maybe,2019,47682,6.8
Atticus Shaffer,I'll Be Next Door for Christmas,2018,715,5.4
Sinead Cusack,I Capture the Castle,2003,7098,6.9
Vladimir Kulich,Ironclad,2011,40440,6.1
Brian Cox,Dark Highlands,2018,106,4.3
James Whitmore,High Crime,1973,739,7.1
Alfred Hitchcock,The Ring,1927,3194,6.2
Louise Fletcher,Blind Vision,1992,127,4.7
Ian McKellen,National Theatre Live: King Lear,2018,248,8.6
Anupam Kher,Kuch Kuch Hota Hai,1998,48445,7.6
Jason Flemyng,Trick or Treat,2019,294,5.0
Lee Grant,Airport '77,1977,9769,5.8
Felissa Rose,Victor Crowley,2017,4947,5.5
Dick Van Patten,Treasure of Matecumbe,1976,631,6.2
Graham Greene,Transamerica,2005,40362,7.4
Diane Keaton,Mama's Boy,2007,5495,5.2
Zoe Lister-Jones,Goyband,2008,121,5.3
Benjamin Bratt,Snitch,2013,83606,6.4
John Cena,Daddy's Home,2015,110061,6.2
Dan Castellaneta,Don't Tell Mom the Babysitter's Dead,1991,28399,6.3
Luke Evans,Anna,2019,64035,6.6
Jennifer Hale,Wreck-It Ralph,2012,383828,7.7
Bill Cobbs,Christmas in Palm Springs,2014,310,5.0
Amber Heard,The Danish Girl,2015,166539,7.1
Josh Hopkins,Car Dogs,2016,479,5.1
Bellamy Young,Simple Things,2007,561,6.0
Vanessa Lengies,Extreme Movie,2008,10685,3.7
Mo Collins,And They're Off,2011,130,3.8
Michael Brandon,Promises in the Dark,1979,202,6.6
Jon Voight,A Christmas Eve Miracle,2015,230,3.5
Linda Porter,Tumbleweeds,1999,3250,6.7
Joey King,Smartass,2017,576,4.7
McKell David,Montana,2014,1395,5.5
Richard Burton,Villain,1971,1401,6.6
Edward Fox,The Big Sleep,1978,4215,5.8
Rory Kinnear,Peterloo,2018,4097,6.5
Ariana DeBose,The Prom,2020,22923,5.9
Julie London,Saddle the Wind,1958,1421,6.6
Robert Mitchum,The Locket,1946,2384,7.2
Taraji P. Henson,Not Easily Broken,2009,2775,6.1
Thomas Ian Nicholas,Halloween: Resurrection,2002,38167,4.0
Ewan McGregor,Nora,2000,1622,6.0
Zack Ward,Repo,2010,221,3.9
David Strathairn,The Devil Has a Name,2019,655,5.4
Barbara Bouchet,"Spogliamoci cosi, senza pudor...",1976,142,4.6
Steve Zahn,Forces of Nature,1999,32607,5.4
Johnny Depp,Platoon,1986,384758,8.1
Shirley MacLaine,The Trouble with Harry,1955,34129,7.1
Caroline Williams,Ten Minutes to Midnight,2020,342,4.6
Rock Hudson,Pretty Maids All in a Row,1971,2159,6.2
Merritt Wever,Irreplaceable You,2018,8339,6.4
Rance Howard,Nebraska,2013,113032,7.7
Mickey Rooney,The Care Bears Movie,1985,5163,5.7
Bailey Chase,"Sex, Death and Bowling",2015,340,5.4
Edwin Hodge,The Good Neighbor,2016,16093,6.3
James Coburn,Major Dundee,1965,7162,6.7
Giancarlo Esposito,Poker Night,2014,7872,6.3
Kay Panabaker,Little Birds,2011,4822,6.1
Robert Loggia,The Diary of Preston Plummer,2012,359,6.1
Jean-Paul Belmondo,Famous Love Affairs,1961,185,5.3
Karen Black,Killing Heat,1981,155,5.1
Tate Donovan,The Upside,2017,47072,7.0
Daniel Bruhl,Alone in Berlin,2016,8354,6.5
M. Emmet Walsh,Silkwood,1983,18525,7.2
Al Pacino,Donnie Brasco,1997,283047,7.7
James Garner,Fire in the Sky,1993,22280,6.6
Shawn Pyfrom,The Darkroom,2006,919,5.6
Jonathan Tucker,Two If by Sea,1996,5419,5.3
Mark Duplass,Your Sister's Sister,2011,26380,6.7
Rue McClanahan,Angel's Flight,1965,100,6.1
Helen Slater,Seeing Other People,2004,2326,5.8
Robert De Niro,Backdraft,1991,72508,6.7
Traci Lind,Moving,1988,5253,6.2
Joseph D. Reitman,This Is Meg,2017,119,5.4
Bernard Fox,Alien Zone,1978,717,4.6
Lea DeLaria,Homo Heights,1998,113,3.2
Peta Wilson,Superman Returns,2006,272349,6.0
Claudia Black,Queen of the Damned,2002,52650,5.3
Gwyneth Paltrow,The Avengers,2012,1273277,8.0
Israel Broussard,H8RZ,2015,568,5.8
Christopher Lee,Scars of Dracula,1970,5104,6.2
Steve Buscemi,Louis & Frank,1998,139,4.4
Ulrich Thomsen,Duplicity,2009,48123,6.1
Dan Payne,The Killing Machine,2010,4022,5.1
Titus Welliver,Promised Land,2012,36591,6.6
Cicely Tyson,Fried Green Tomatoes,1991,67569,7.7
Luenell,A Star Is Born,2018,340752,7.6
Jim Cummings,The Hunchback of Notre Dame,1996,143653,6.9
Bradford Dillman,Piranha,1978,19322,5.9
Orson Welles,"The Long, Hot Summer",1958,9896,7.4
James Avery,The Linguini Incident,1991,1197,6.4
Austin Abrams,Chemical Hearts,2020,8728,6.3
Daniel Wu,Hit Team,2001,218,5.7
Walter Matthau,Out to Sea,1997,8057,6.1
Dorothy Dandridge,Porgy and Bess,1959,1536,7.1
Kathy Baker,Last Chance Harvey,2008,20594,6.6
Barbara Hale,The Houston Story,1956,263,6.2
Angus Sampson,Insidious: Chapter 3,2015,94865,6.1
Barbara Flynn,The Escort,1999,1193,6.2
Andrew Dunbar,Leprechaun: Origins,2014,5222,3.2
Annette Bening,Captain Marvel,2019,460391,6.9
Barbara Bouchet,Death Rage,1976,628,5.1
Brea Grant,Alleluia! The Devil's Carnival,2016,696,6.8
Asher Angel,Driven to Dance,2018,265,4.2
Catherine Hicks,The Dog Who Saved Easter,2014,199,3.5
David Warner,Star Trek VI: The Undiscovered Country,1991,71071,7.2
Raymond J. Barry,"The Tulse Luper Suitcases, Part 2: Vaux to the Sea",2004,569,6.8
Costas Mandylor,Incision,2020,216,5.9
Adam Goldberg,2 Days in Paris,2007,30296,6.8
Cas Anvar,How My Mother Gave Birth to Me During Menopause,2003,296,6.4
Michael Gambon,Paris by Night,1988,154,6.2
Jessica Walter,My Best Friend's Wife,2001,472,5.2
Marton Csokas,Kingdom of Heaven,2005,269086,7.2
Kim Hunter,A Canterbury Tale,1944,5128,7.5
Erica Cerra,Blade: Trinity,2004,167108,5.9
Amitabh Bachchan,Khuda Gawah,1992,1852,6.5
Sean Harris,Creep,2004,28350,5.6
Francoise Yip,How to Meet the Lucky Stars,1996,110,5.5
Stanley Weber,La banda Picasso,2012,250,5.3
John Cassavetes,The Fury,1978,13811,6.4
Frankie Muniz,Racing Stripes,2005,16166,5.2
Tony Plana,Half Past Dead,2002,14749,4.7
Caity Lotz,The Pact II,2014,3332,4.4
Danny DeVito,Smallfoot,2018,34804,6.6
Shania Twain,Trading Paint,2019,1610,4.4
Danny Trejo,The Crow: Wicked Prayer,2005,8382,3.0
J.K. Simmons,Pom Poko,1994,25951,7.3
Lawrence Gilliard Jr.,Would You Rather,2012,38277,5.7
Kristen Stewart,Personal Shopper,2016,36848,6.1
Lea DeLaria,Plump Fiction,1997,3634,2.7
Jack Gleeson,Shrooms,2007,16080,4.7
Ellen Corby,The Truth About Murder,1946,100,6.1
Lee Majors,Do You Believe?,2015,7203,6.1
John Dehner,Backfire,1950,1152,6.6
Taylor Lautner,Grown Ups 2,2013,142064,5.4
Danny Huston,Game Night,2018,210455,6.9
Cheryl Hines,Labor Pains,2009,10918,4.8
Brian Dietzen,Nowhere to Hide,2009,321,5.0
Dana Andrews,Good Guys Wear Black,1978,2916,5.1
Ellen Barkin,The Fan,1996,46419,5.9
Dominique Swain,Dead in the Water,2002,768,4.8
Robert Culp,Hannie Caulder,1971,2915,6.4
Bill Cobbs,Demolition Man,1993,160551,6.7
Louis Gossett Jr.,Shannon's Rainbow,2009,640,5.5
America Olivo,Mission: Impossible - Rogue Nation,2015,345048,7.4
Rita Moreno,Six Dance Lessons in Six Weeks,2014,274,6.6
Paul Ben-Victor,Kiss Toledo Goodbye,1999,501,4.7
Milana Vayntrub,Ghostbusters,2016,205940,6.6
Keith David,Crash,2004,421664,7.7
Aaron Eckhart,The Rum Diary,2011,99451,6.2
Timothy Spall,The Party,2017,17288,6.6
Udo Kier,Downsizing,2017,100227,5.7
Donnie Wahlberg,Marilyn Hotchkiss' Ballroom Dancing & Charm School,2005,2968,6.6
Pat Morita,Bloodsport 2,1996,2883,4.8
Sergio Peris-Mencheta,His Majesty Minor,2007,822,3.9
Suzanne Snyder,Retribution,1987,778,6.0
Mariette Hartley,Skyjacked,1972,1795,5.7
Jorma Taccone,Storks,2016,56740,6.8
Chris Columbus,Rent,2005,48945,6.9
Jeffrey Jones,Who's Harry Crumb?,1989,15326,5.9
Glenn Shadix,Multiplicity,1996,29976,6.1
Daniel Ings,Macbeth,2013,294,8.0
Rhea Perlman,Saving Flora,2018,369,5.8
Donald Sutherland,The Hunger Games: Catching Fire,2013,617846,7.5
Jennifer Esposito,Four Single Fathers,2009,149,5.5
William Sadler,Riddle,2013,1941,4.1
Gena Rowlands,Ted & Venus,1991,203,5.1
Nana Visitor,"A Bread Factory, Part One",2018,289,6.9
Rachel McAdams,Sherlock Holmes,2009,587083,7.6
Thomas Jane,Before I Wake,2016,40752,6.2
Agnes Kittelsen,The Girl Who Kicked the Hornet's Nest,2009,68723,7.3
Miles Teller,War Dogs,2016,183033,7.1
Shirley Henderson,Bridget Jones: The Edge of Reason,2004,107666,6.0
Cheryl Hines,Along Came Polly,2004,127178,6.0
Neil Flynn,Magnolia,1999,291800,8.0
Mercedes Ruehl,Hustlers,2019,85900,6.3
Matt Walsh,Life of the Party,2018,34247,5.6
Elizabeth Debicki,Tenet,2020,323041,7.5
Joel Fry,Silent Night,2020,116,4.8
Martha Higareda,Deadtectives,2018,1383,6.0
Brennan Brown,Detachment,2011,78057,7.7
John Spencer,Green Card,1990,22694,6.3
Nancy Stafford,A Mermaid's Tale,2017,391,4.8
Kirk Fox,Bulletproof 2,2020,454,3.6
Will Sasso,The Grizzlies,2018,1424,7.5
Alexandra Breckenridge,Orange County,2002,47191,6.2
Bonnie Bartlett,Twins,1988,114996,6.1
Chris Ellis,Ghost in the Machine,1993,3321,4.6
Richard Chamberlain,The Slipper and the Rose: The Story of Cinderella,1976,2514,7.1
Maury Chaykin,Meatballs III: Summer Job,1986,2238,3.6
Audie Murphy,The Quick Gun,1964,698,5.9
Laurie Metcalf,Lady Bird,2017,247035,7.4
Ethan Suplee,Remember the Titans,2000,199768,7.8
Ellen Corby,The Legend of Lylah Clare,1968,1147,5.9
Jeff Fahey,Grindhouse,2007,178624,7.5
Willem Dafoe,Roadhouse 66,1984,716,5.3
Patrick Bauchau,Every Breath,1994,186,4.0
Sheryl Lee Ralph,Oliver & Company,1988,44448,6.7
Mircea Monroe,Dr. Cabbie,2014,2842,6.0
Torrance Coombs,Eadweard,2015,482,6.4
James Russo,American Justice,2015,593,2.8
Frank Welker,Spy Kids 4: All the Time in the World,2011,23157,3.5
Roberto Benigni,Down by Law,1986,48271,7.8
Patrick Kilpatrick,Cops and Robbers,2017,375,3.8
Jason James Richter,The Little Things,2021,51012,6.3
Nancy Marchand,The Naked Gun: From the Files of Police Squad!,1988,154622,7.6
Howard Morris,Ten from Your Show of Shows,1973,194,7.6
Jorja Fox,Dead Funny,1994,272,5.1
Matthew Lillard,Grace,2018,369,5.8
Karen Allen,Bad Hurt,2015,363,5.9
Zoe Perry,The Loss of a Teardrop Diamond,2008,2441,5.8
Brenda Blethyn,Daddy and Them,2001,2196,5.7
Jon Voight,Orphan Horse,2018,415,6.3
Wilfrid Hyde-White,Adventure for Two,1943,443,6.2
Michelle Yeoh,7 jin gong,1994,248,5.6
Jenny O'Hara,Love Happens,1999,121,5.5
Ginger Rogers,Twist of Fate,1954,347,6.0
Roman Polanski,Rush Hour 3,2007,154597,6.2
Dave Franco,The Little Hours,2017,20678,5.8
Catherine Zeta-Jones,Christopher Columbus: The Discovery,1992,2785,4.5
Kareena Kapoor,Kabhi Khushi Kabhie Gham...,2001,45390,7.4
Michael Lerner,The Postman Always Rings Twice,1981,21799,6.6
Richard S. Castellano,A Fine Madness,1966,1257,5.7
Lili Mirojnick,Meth Head,2013,408,5.6
Kat Graham,Dance Fu,2011,143,3.2
Michael Ansara,Three Young Texans,1954,109,5.9
Paul Ben-Victor,Eyes of the Beholder,1992,164,4.3
Carla Juri,When Hitler Stole Pink Rabbit,2019,1448,7.1
Sam Neill,Sirens,1994,10151,5.8
Julian Glover,Strings,2004,4022,7.0
Oscar Nunez,Mascots,2016,6790,5.8
Mena Suvari,You May Not Kiss the Bride,2011,6735,5.4
Lee Majors,Clambake,1967,2446,5.7
Justin Roiland,Smallfoot,2018,34804,6.6
Courtney Peldon,Frozen,2013,577294,7.4
Briana Evigan,Lap Dance,2014,2299,4.8
Illeana Douglas,Hello Again,1987,3194,5.4
Paola Nunez,Deseo,2013,280,5.3
Thomas Lennon,The Dark Knight Rises,2012,1533079,8.4
Nikki Griffin,Bar Starz,2008,151,3.8
Niecy Nash,Uncorked,2020,4420,6.2
Barry Livingston,Christmas with the Andersons,2016,370,4.3
Taye Diggs,Our Family Wedding,2010,6786,5.0
Keenan Wynn,Bikini Beach,1964,1343,5.6
Sophia Loren,La domenica della buona gente,1953,135,5.6
Damian Young,Snow Day,2000,11702,5.1
Peter Facinelli,Honest,2000,576,4.0
Alex Lawther,Ghost Stories,2017,31785,6.4
Martha Higareda,Borderland,2007,9522,5.7
John Turturro,Transformers: Revenge of the Fallen,2009,386025,6.0
Nicholas Gonzalez,Splinter,2006,1320,4.8
Kodi Smit-McPhee,Stranded,2006,355,6.5
Stephanie Faracy,Bad Teacher,2011,194322,5.6
Michael Hogan,The Peanut Butter Solution,1985,2131,6.2
Jim Cummings,Who Framed Roger Rabbit,1988,183458,7.7
Peter Lorre,Scent of Mystery,1960,293,5.6
Saoirse Ronan,Lady Bird,2017,247035,7.4
Rachel Dratch,A Little Game,2014,521,6.3
Missi Pyle,Spring Breakdown,2009,4461,4.8
Mel Blanc,The Jungle Book,1942,3851,6.7
Keith Szarabajka,The Misfit Brigade,1987,1853,5.9
David Costabile,The Siege,1998,69017,6.4
Gines Garcia Millan,Insomnio,1998,210,5.8
Veronica Cartwright,InSight,2011,1033,4.8
David Cronenberg,The Fly,1986,161591,7.6
Barry Keoghan,Stay,2013,682,5.7
Aisling Loftus,National Theatre Live: Small Island,2019,243,8.6
Jenna Fischer,Hall Pass,2011,120496,5.8
Chen Chang,Red Cliff,2008,43994,7.4
Eddie Marsan,Vera Drake,2004,24158,7.6
Burt Lancaster,Jim Thorpe -- All-American,1951,1879,7.0
Angelina Jolie,Hell's Kitchen,1998,2427,4.7
Mathieu Amalric,The Rabbi's Cat,2011,3210,7.2
Karl Glusman,Starship Troopers: Invasion,2012,10796,5.9
George Hamilton,A Time for Killing,1967,770,5.4
Alain Delon,Half a Chance,1998,2430,5.8
Ann Sothern,Blind Date,1934,209,6.0
John Huston,The Biggest Battle,1978,436,4.9
Mackenzie Crook,The Adventures of Tintin,2011,217983,7.3
Kenneth Cranham,Valkyrie,2008,230025,7.1
Lisa Edelstein,"Phoenix, Oregon",2019,260,5.3
Park Overall,Mississippi Burning,1988,89488,7.8
Max Martini,Paramedics,1988,284,4.4
Jennifer Blanc-Biehn,West of Brooklyn,2008,168,5.2
Sheridan Smith,Birds Like Us,2017,125,5.9
Melanie Griffith,Milk Money,1994,11499,5.6
Donald Pleasence,The Man Inside,1958,255,5.7
Cicely Tyson,Alex Cross,2012,32596,5.2
Jean Harlow,Why Be Good?,1929,374,7.3
Billy Eichner,Sleeping with Other People,2015,41021,6.5
Ann Sheridan,The Great O'Malley,1937,607,6.8
Rosemary Forsyth,Gray Lady Down,1978,2784,6.3
LL Cool J,Last Holiday,2006,29438,6.5
Sam Page,Wish You Were Here,2005,203,4.9
Jane Greer,Out of the Past,1947,33256,8.0
Sarah Wright,Touchback,2011,3912,6.5
Judge Reinhold,Running Scared,1980,351,5.3
Bruce Bennett,The New Adventures of Tarzan,1935,305,5.6
Orson Bean,Instant Karma,1990,106,4.3
John D'Aquino,No Way Out,1987,35996,7.1
Mindy Cohn,Sex and Death 101,2007,10789,6.0
Derek Luke,Glory Road,2006,43571,7.2
Don Stroud,The Night the Lights Went Out in Georgia,1981,875,6.0
Priscilla Barnes,Tom Cool,2009,161,5.3
Billy Dee Williams,The Man in 3B,2015,573,5.3
Julius Tennon,Won't Back Down,2012,6196,6.5
Katharine Towne,Something New,2006,12785,6.7
Lacey Chabert,Tart,2001,2972,4.8
Jamie Bamber,Numb,2015,2656,5.5
Jenny Slate,The Sunlit Night,2019,1088,6.1
Jordan-Claire Green,Wild About Harry,2009,146,5.3
Pat Morita,Midway,1976,18051,6.8
Zac Efron,The Disaster Artist,2017,140240,7.4
Richard Dormer,Ghost Machine,2009,1775,4.8
Marton Csokas,The Bourne Supremacy,2004,437679,7.7
Sarah Levy,Larry Crowne,2011,64035,6.1
Judd Nelson,Blue City,1986,1045,4.4
Javier Botet,The Horror Network Vol. 1,2015,341,5.3
Anna Massey,Angels and Insects,1995,4413,6.8
Geraldine Chaplin,Another Me,2013,5365,4.7
Alessio Boni,Somewhere Amazing,2015,113,6.3
David Hayman,Best,2000,762,5.7
Denver Pyle,Terrified,1963,423,4.3
Aileen Quinn,Annie,1982,40419,6.6
Mark Webber,The Hottest State,2006,2670,6.1
Patrick Bauchau,The Gray Man,2007,1560,6.0
Emily Browning,The Man Who Sued God,2001,4856,6.5
Rod Taylor,The Rack,1956,1198,6.8
Danny Trejo,Furnace,2007,669,3.8
Ray Winstone,Point Break,2015,59096,5.4
Aimee Garcia,B-Girl,2009,616,3.9
Rob Schneider,Demolition Man,1993,160551,6.7
David Ogden Stiers,Magic,1978,9514,6.8
James Murray,Phoenix Blue,2001,115,5.6
Tony Todd,Sushi Girl,2012,4647,6.0
Robert De Niro,Greetings,1968,3118,5.7
Brendan Fehr,Silent Night,2012,7635,5.2
Alessio Boni,Don't Tell,2005,2371,6.4
Diana Dors,Keep It Up Downstairs,1976,135,3.8
Nicholas Lea,American Boyfriends,1989,154,5.2
John Krasinski,Brief Interviews with Hideous Men,2009,3336,5.6
Peter Gallagher,Late for Dinner,1991,1664,6.4
Rob Riggle,The Lorax,2012,99994,6.4
Alexandra Paul,Dragnet,1987,32053,6.0
Morgan Brittany,Sundown: The Vampire in Retreat,1989,2394,6.1
Bill Pullman,Liebestraum,1991,1472,6.0
Fredric March,Seven Days in May,1964,13100,7.8
Paul Guilfoyle,The Negotiator,1998,131641,7.3
Callie Thorne,Strangers with Candy,2005,7873,6.0
Steve Schirripa,Casino,1995,472215,8.2
Katherine LaNasa,Flashfire,1994,314,4.7
Diane Lane,"Ladies and Gentlemen, the Fabulous Stains",1982,2448,6.8
Chloe Coleman,Puppy Star Christmas,2018,203,4.0
Teryl Rothery,Dragon Ball: Curse of the Blood Rubies,1986,2352,6.9
Carel Struycken,The Witches of Eastwick,1987,63095,6.6
Eric Idle,Too Much Sun,1990,385,4.0
Josef Altin,The Young Victoria,2009,58355,7.3
Julia Nickson,Rambo: First Blood Part II,1985,156088,6.5
Peter Stormare,Freud flyttar hemifran...,1991,207,5.7
Robin Weigert,Two Weeks Notice,2002,108939,6.2
Hume Cronyn,*batteries not included,1987,31779,6.7
Roddy Piper,Body Slam,1986,941,5.3
Rory Kinnear,Trespass Against Us,2016,7635,5.8
Arden Myrin,The Lucky Ones,2007,13519,6.9
Kevin Nash,Grandma's Boy,2006,78078,7.0
Gregory Itzin,Adaptation.,2002,180048,7.7
Billy Burke,Angels in Stardust,2016,554,5.3
Sterling Holloway,"Elmer, the Great",1933,451,6.1
Jodi Lyn O'Keefe,She's All That,1999,85378,5.9
Peter Facinelli,The Twilight Saga: Breaking Dawn - Part 2,2012,233442,5.5
Ellen Pompeo,Mambo Cafe,2000,348,5.4
Stephen Lang,Pawn,2013,6865,5.7
John Wayne,Without Reservations,1946,1522,6.6
Winter Ave Zoli,Bad Ass,2012,18452,5.5
Numan Acar,Takiye: Allah yolunda,2010,359,5.3
Willem Dafoe,Fantastic Mr. Fox,2009,203387,7.9
Andrew Divoff,Blue Hill Avenue,2001,1271,6.4
Tadanobu Asano,The Buried Forest,2005,261,6.7
Edward Furlong,Below Zero,2011,758,4.4
Tom Green,Iron Sky: The Coming Race,2019,8916,5.0
Ron Howard,Night Shift,1982,14214,6.6
Michael Rosenbaum,Urban Legend,1998,60930,5.6
Denise Richards,Destined to Ride,2018,164,5.6
James Frain,Loch Ness,1996,4191,5.5
Alexandra Daddario,The Choice,2016,35728,6.6
Gina Lollobrigida,Box Office 3D: Il film dei film,2011,1153,2.0
Wanda Sykes,Breaking News in Yuba County,2021,1755,5.6
Daniel Ings,Eddie the Eagle,2015,86743,7.4
Brian Thompson,The Terminator,1984,803981,8.0
Reed Diamond,The Breed,2001,2603,4.8
Luke Benward,Life of the Party,2018,34247,5.6
Frank Sinatra,Lady in Cement,1968,2001,5.9
Veronica Falcon,Find a Boyfriend for My Wife... PLEASE!,2016,418,5.7
Illeana Douglas,Chasing Amy,1997,132829,7.2
Francois Arnaud,Moroccan Gigolos,2013,115,5.4
Danny Strong,Popstar: Never Stop Never Stopping,2016,55553,6.7
Stephen Dorff,Sex Guaranteed,2017,426,5.0
John Billingsley,The Least of These,2008,224,6.1
Harry Shearer,Little Giants,1994,26336,6.4
Gretchen Mol,Girl 6,1996,5887,5.2
Boris Karloff,Juggernaut,1936,270,5.0
Sharon Stone,Sphere,1998,99869,6.1
Taye Diggs,Til Death Do Us Part,2017,1192,4.6
Gigi Rice,A Night at the Roxbury,1998,57391,6.3
Sofia Boutella,Tiger Raid,2016,457,4.4
Chris Sullivan,The Drop,2014,144185,7.1
Cate Blanchett,Coffee and Cigarettes,2003,60271,7.1
Kevin Michael Richardson,All Dogs Go to Heaven 2,1996,5583,5.6
Denise Richards,American Violence,2017,1667,4.5
Michael Rispoli,Empire State,2013,19930,5.2
Matt Dallas,Along Came the Devil,2018,1331,4.0
Cliff Curtis,Push,2009,106464,6.1
Michael Madsen,Trader Games,2010,397,4.7
Bob Hoskins,Beyond the Limit,1983,1223,5.8
Tim Bagley,Totally Baked,2007,665,4.9
Mia Farrow,Radio Days,1987,31933,7.5
Danny Glover,The Royal Tenenbaums,2001,269526,7.6
James Garner,Support Your Local Gunfighter,1971,5150,6.9
Mary Steenburgen,Katie Says Goodbye,2016,1683,6.7
Deepika Padukone,Dum Maaro Dum,2011,3832,6.2
Beyonce,Epic,2013,100426,6.7
James Coburn,Our Man Flint,1966,6027,6.5
Jeff Bridges,Seventh Son,2014,72514,5.5
Leland Orser,Phoenix,1995,177,3.5
Felissa Rose,Family Possessions,2016,268,3.9
Dean Stockwell,Kim,1950,1823,6.6
Frances O'Connor,Best Man Down,2012,9071,6.4
Alicia Silverstone,Angels in Stardust,2016,554,5.3
Joseph Fiennes,Dust,2001,2173,6.6
Tuc Watkins,Can't Stop Dancing,1999,113,4.7
Philip Seymour Hoffman,Punch-Drunk Love,2002,149387,7.3
Hilary Swank,The Reaping,2007,42023,5.6
Azura Skye,The Salton Sea,2002,29633,7.1
Johnny Galecki,Vanilla Sky,2001,250519,6.9
Sarah Lancaster,Smother,2008,2738,4.7
Ted McGinley,Dick,1999,18712,6.1
Vicky Krieps,Outside the Box,2015,260,5.4
Lambert Wilson,Sahara,2005,92889,6.0
Alfre Woodard,Miss Firecracker,1989,1951,6.0
Nicholas Hoult,Intimate Relations,1996,707,6.2
Jason George,The Box,2007,449,4.7
Bobby Lee,Laid in America,2016,3836,4.5
Steve Coogan,Tropic Thunder,2008,381427,7.0
Gary Busey,Thunderbolt and Lightfoot,1974,22620,7.1
Ingrid Bergman,Anastasia,1956,7635,7.0
Evangeline Lilly,The Hobbit: The Battle of the Five Armies,2014,479771,7.4
Michael Constantine,My Big Fat Greek Wedding 2,2016,28525,6.0
Robert Schwartzman,The Princess Diaries,2001,130027,6.4
Derek Theler,How Sarah Got Her Wings,2015,1682,5.5
Amy Jackson,Freaky Ali,2016,2603,4.9
Milton Berle,It's a Mad Mad Mad Mad World,1963,38205,7.5
Robert Wahlberg,Scenes of the Crime,2001,1780,5.8
Kate Katzman,The Comeback Trail,2020,631,5.7
Douglas Hodge,The Devil All the Time,2020,99133,7.1
Heather Graham,At Any Price,2012,7282,5.6
Valente Rodriguez,Erin Brockovich,2000,177058,7.4
Vijay Sethupathi,Ka Pae Ranasingam,2020,1513,7.1
Angela Featherstone,Illtown,1996,412,5.7
Jackie Chan,All in the Family,1975,123,5.4
Reese Witherspoon,Just Like Heaven,2005,100155,6.7
Debbie Reynolds,Wedding Bell Blues,1996,426,5.2
Matthew Modine,Pacific Heights,1990,18409,6.4
Lee Van Cleef,The Commander,1988,347,4.9
Lee Majors,Circle of Two,1980,521,5.8
Adam Pascal,Tales of Halloween,2015,11969,5.5
Holland Taylor,"Reuben, Reuben",1983,1079,7.0
Ron Livingston,The Time Traveler's Wife,2009,141654,7.1
Elden Henson,The Butterfly Effect,2004,454524,7.6
Julie Newmar,Oblivion,1994,1231,5.0
Mia Wasikowska,Lawless,2012,229833,7.3
Madeline Kahn,"What's Up, Doc?",1972,20060,7.7
Luenell,Taken 2,2012,291122,6.3
Brandon De Wilde,Blue Denim,1959,558,6.7
Melinda McGraw,The Dark Knight,2008,2335143,9.0
John Cusack,The Player,1992,55376,7.5
John Kapelos,I Accuse,2003,873,5.6
Charles Durning,Scarface,1983,751058,8.3
Elias Koteas,Malarek,1988,147,5.9
John Slattery,Ted 2,2015,187501,6.3
Michael Bay,Transformers,2007,599224,7.0
Felicity Jones,True Story,2015,64581,6.3
Stephen McHattie,Von Richthofen and Brown,1971,1095,6.0
Albert Brooks,Critical Care,1997,1840,5.9
Andy Nyman,The Brothers Bloom,2008,49150,6.8
Bumper Robinson,Behind Enemy Lines,2001,99154,6.4
Billy Zane,2 Jacks,2012,332,4.8
Greg Kinnear,Sabrina,1995,37164,6.3
Johnny Galecki,National Lampoon's Christmas Vacation,1989,162348,7.6
Sarah Paulson,12 Years a Slave,2013,647726,8.1
Kathy Najimy,The Guilt Trip,2012,35459,5.7
Grace Van Patten,Mayday,2021,113,5.8
Angus Macfadyen,Redline,2007,8563,4.0
Linda Bassett,Haunted,1995,6197,6.2
Harry Morgan,Inherit the Wind,1960,27574,8.1
Maria Grazia Cucinotta,A Brooklyn State of Mind,1998,358,5.6
Jacinda Barrett,Art House,1998,242,4.1
Ava Gardner,55 Days at Peking,1963,6084,6.7
William Atherton,Bad Company,2018,101,3.0
Gregory Peck,Captain Horatio Hornblower R.N.,1951,6130,7.3
John Ortiz,3 A.M.,2001,1194,5.8
John DiMaggio,Black Mask,1996,11123,6.1
Sherilyn Fenn,The United States of Leland,2003,22770,7.1
Alan Bates,Quartet,1981,1236,6.4
Debra Wilson,The Nun,2018,120707,5.3
Mark Webber,Happy Christmas,2014,7840,5.4
Jerry Stiller,Hairspray,2007,120541,6.6
Ryan Hansen,House Broken,2010,2130,4.7
Miguel Ferrer,Death in Granada,1996,903,6.2
Mark Margolis,I Shot Andy Warhol,1996,6389,6.6
Ann Blyth,Another Part of the Forest,1948,454,7.0
Meghann Fahy,Burning Bodhi,2015,418,4.9
Hemky Madera,"Bless Me, Ultima",2012,1306,6.4
Marshall R. Teague,Trained to Kill,1989,117,5.1
Bo Hopkins,Phantoms,1998,19794,5.5
