Actor,Film,Year,Votes,Rating
Rob Riggle,The Hangover,2009,722283,7.7
Molly Shannon,Fun Mom Dinner,2017,4975,5.3
Ralph Ineson,Here Are the Young Men,2020,120,6.3
Maggie Cheung,Green Snake,1993,2601,7.2
January Jones,Dirty Dancing: Havana Nights,2004,26931,6.0
Mackenzie Astin,Zoey to the Max,2015,103,5.0
Jim Backus,1001 Arabian Nights,1959,255,6.4
Jason Schwartzman,Funny People,2009,114897,6.3
Noel Clarke,Sex & Drugs & Rock & Roll,2010,4023,6.6
Rya Kihlstedt,The Untold Story,2019,315,5.6
Michelle Veintimilla,Love the Coopers,2015,22172,5.8
Nick Nolte,Everybody Wins,1990,1062,5.1
Katharine Ross,Red Headed Stranger,1986,429,6.3
Oprah Winfrey,The Color Purple,1985,79218,7.8
Cillian Murphy,In Time,2011,373452,6.7
Ben Shenkman,Joe Gould's Secret,2000,1483,6.4
Katherine Kelly,Official Secrets,2019,35864,7.3
Bobbie Phillips,Save Yourself,2015,216,4.4
Nick Jonas,Night at the Museum: Battle of the Smithsonian,2009,179302,6.0
Ralph Meeker,Gentle Giant,1967,161,6.1
Veronica Cartwright,The Dark Below,2015,267,4.1
Adam Sandler,Jack and Jill,2011,78892,3.3
Geoffrey Blake,Cast Away,2000,530674,7.8
Nick Offerman,The Kings of Summer,2013,78196,7.1
Graham Greene,The Legend of Secret Pass,2010,371,5.1
Danny DeVito,Terms of Endearment,1983,55778,7.4
Bill Paxton,Mighty Joe Young,1998,27837,5.6
Oona Chaplin,Realive,2016,4932,5.9
Patsy Kensit,The Blue Bird,1976,995,5.6
Robert Costanzo,Bloodbrothers,1978,830,5.8
Cary Grant,I'm No Angel,1933,3122,6.9
Mark Boone Junior,Slaves of New York,1989,912,5.6
Jack McBrayer,Talladega Nights: The Ballad of Ricky Bobby,2006,169036,6.6
Ben Kingsley,What Planet Are You From?,2000,9079,5.6
Ada-Nicole Sanger,Grown Ups 2,2013,142064,5.4
Dey Young,Red Eye,2005,113639,6.4
Kevin Sorbo,This Old Machine,2017,166,2.0
Russell Tovey,Moomins on the Riviera,2014,1219,6.0
John Saxon,Maximum Force,1992,302,4.5
Merab Ninidze,Luna Papa,1999,3087,7.3
Morgan Freeman,The Shawshank Redemption,1994,2371548,9.3
Christopher Meloni,Harold & Kumar Go to White Castle,2004,182924,7.1
Jeffrey Dean Morgan,Kabluey,2007,4311,6.6
Joshua Malina,The American President,1995,53193,6.8
Toby Jones,Kaleidoscope,2016,947,5.8
Heath Ledger,Blackrock,1997,929,6.1
Vanessa Ferlito,Julie & Julia,2009,109513,7.0
Amy Manson,T2 Trainspotting,2017,115332,7.2
David Suchet,Iron Eagle,1986,13565,5.5
Judy Greer,The Village,2004,244673,6.5
Terrence Howard,The Hunting Party,2007,24698,6.8
Diane Kruger,"Not for, or Against (Quite the Contrary)",2003,1789,6.4
Molly Ringwald,Strike It Rich,1990,158,4.7
Adele Haenel,The Forbidden Room,2015,2954,6.1
Mia Farrow,Coming Soon,1999,1557,4.4
Joan Hickson,As Long as They're Happy,1955,125,5.3
Jodie Foster,The Brave One,2007,58705,6.7
Shawnee Smith,Saw II,2005,234392,6.6
Myrna Loy,Parnell,1937,465,5.4
Michael Hyatt,The Little Things,2021,51012,6.3
Gillian Anderson,Shadow Dancer,2012,12002,6.2
Kieran Culkin,Nowhere to Run,1993,21936,5.7
John Boyd,Lady in the Water,2006,95225,5.5
Kerry Condon,Unleashed,2005,98974,7.0
Siobhan Fallon Hogan,All We Had,2016,2030,5.9
Joe Morton,American Gangster,2007,396277,7.8
Ryan Hurst,Venus and Mars,2001,189,6.3
Keegan Connor Tracy,Out of Line,2001,220,5.0
Manu Bennett,Beta Test,2016,9700,5.5
Verne Troyer,The Imaginarium of Doctor Parnassus,2009,144821,6.8
Jes Macallan,Thirst,2015,1075,4.4
Ginger Rogers,Young Man of Manhattan,1930,150,6.1
Devon Bostick,Godsend,2004,24922,4.8
Bob Gunton,Scenes of the Crime,2001,1780,5.8
Rachel Wilson,State Like Sleep,2018,861,4.4
Georgie Glen,Hysteria,2011,30676,6.7
Danny McBride,Pineapple Express,2008,318420,6.9
Nathaniel Arcand,The Doe Boy,2001,259,7.0
Esther Williams,Take Me Out to the Ball Game,1949,3271,6.8
Hart Bochner,Apartment Zero,1988,3700,6.9
Rob Reiner,Mixed Nuts,1994,10762,5.5
David Wenham,Cosi,1996,1821,6.6
Pat Hingle,The Land Before Time,1988,80605,7.4
William Hopper,The Last Ride,1944,183,5.6
Martin Sensmeier,The Magnificent Seven,2016,186941,6.9
Peter Stormare,Clown,2014,22210,5.7
Linda Fiorentino,Chain of Desire,1992,390,5.1
Samantha Morton,The Daisy Chain,2008,1385,5.1
Veronica Hamel,A New Life,1988,483,5.8
Virginia Williams,The Culling,2015,1657,3.5
Eugenie Bondurant,Sorority House Vampires,1998,267,1.8
Daniel Bruhl,A Handful of Grass,2000,220,6.5
John Krasinski,Shrek the Third,2007,283180,6.1
Robert Vaughn,A Cry from Within,2014,305,3.6
Genesis Rodriguez,Hours,2013,28440,6.4
David Cronenberg,Barney's Version,2010,24104,7.3
Jessica Hecht,Anarchy TV,1998,278,5.2
Madeline Carroll,Cafe,2011,2342,5.6
Hayley Squires,In the Earth,2021,162,6.2
Mel Brooks,The Twelve Chairs,1970,5904,6.5
Ann Cusack,A League of Their Own,1992,94839,7.3
Brian Blessed,Much Ado About Nothing,1993,45561,7.3
Sally Field,The Amazing Spider-Man,2012,563152,6.9
John Cleese,Charming,2018,2954,5.6
William Ragsdale,Big Momma's House 2,2006,40951,4.8
Thomas Kretschmann,Avengers: Age of Ultron,2015,759655,7.3
Amber Anderson,Lotus Eaters,2011,282,5.1
LaChanze,Diane,2018,1291,6.7
Lee Dong-Wook,Arang,2006,1332,6.0
Jesse Plemons,Vice,2018,126067,7.2
Blake Harrison,Keeping Rosy,2014,938,6.4
Zulay Henao,Destined,2016,118,4.8
Anne Bancroft,Point of No Return,1993,25236,6.1
Ian McKellen,Beauty and the Beast,2017,277844,7.1
Spencer Tracy,"Edward, My Son",1949,1154,6.5
Laurence Olivier,Dracula,1979,9180,6.5
Jean-Paul Belmondo,Be Beautiful But Shut Up,1958,271,5.9
Jesse McCartney,Chernobyl Diaries,2012,64154,5.0
Johnathon Schaech,Prom Night,2008,34275,3.9
Goldie Hawn,Cactus Flower,1969,9777,7.2
Irene Papas,Anne of the Thousand Days,1969,6788,7.5
Kate Dickie,Shell,2012,1522,6.4
Katie Holmes,Underdogs,2013,8957,6.5
Raymond Burr,Crime of Passion,1956,1970,6.5
Sally Kellerman,All's Fair,1989,168,4.3
Elizabeth Debicki,Vita & Virginia,2018,2735,5.8
Shawn Roberts,Going the Distance,2004,3513,5.6
Kadeem Hardison,Dancing in September,2000,432,6.2
Gerald McRaney,Night of Bloody Horror,1969,349,3.7
Elisha Cook Jr.,The Big Sleep,1946,79312,7.9
Keanu Reeves,Something's Gotta Give,2003,113144,6.7
Ward Bond,Gone with the Wind,1939,292744,8.1
Rider Strong,Darkening Sky,2010,348,4.4
Eric Roberts,Asteroid-a-Geddon,2020,142,2.5
Brooke Smith,In Her Shoes,2005,59634,6.4
Michael Des Barres,Nightflyers,1987,1078,4.2
Ben Cotton,Sisters & Brothers,2011,432,4.9
Faye Dunaway,Mommie Dearest,1981,14536,6.7
Peter Gallagher,Summer Lovers,1982,3825,5.8
Holly Hunter,Raising Arizona,1987,128039,7.3
Dawn French,Milk,1999,160,5.4
Marjean Holden,Thursday,1998,17329,7.2
Billy Magnussen,The Brass Teapot,2012,14918,6.4
Marie Windsor,Hearts of the West,1975,1423,6.5
Kelly Lynch,Joe Somebody,2001,10038,5.5
Barbara Babcock,Happy Together,1989,1617,6.0
Melanie Griffith,Crazy in Alabama,1999,6691,6.2
Alfre Woodard,The Forgotten,2004,64137,5.8
Tichina Arnold,Civil Brand,2002,683,5.2
Eric Ladin,Cursed,2005,30710,5.0
Harold Perrineau,The Bachelors,2017,4300,6.8
Poppy Corby-Tuech,Una,2016,9801,6.2
Neil Jackson,Nocturnal Animals,2016,242989,7.5
Kirk Cameron,The Best of Times,1986,6707,6.0
Kat Graham,The Holiday Calendar,2018,8692,5.7
Cameron Richardson,"Frank McKlusky, C.I.",2002,1322,4.2
Al Pacino,Stand Up Guys,2012,53479,6.5
Maribel Verdu,La Celestina,1996,710,5.2
Eric Balfour,In Her Shoes,2005,59634,6.4
Eliza Dushku,Bottle Shock,2008,15306,6.8
Don McManus,Josh and S.A.M.,1993,1415,5.7
Joseph Cotten,The Grasshopper,1970,380,5.8
Arlene Dahl,Ambush,1950,546,6.5
Danny Huston,21 Grams,2003,225917,7.6
Elizabeth Hurley,Austin Powers: The Spy Who Shagged Me,1999,218083,6.6
Kate Flannery,Stuck,2018,100,5.7
Zack Ward,Resident Evil: Apocalypse,2004,187372,6.2
P.J. Byrne,Son of Morning,2011,576,4.1
Daniel Craig,Casino Royale,2006,586190,8.0
Charles Laughton,Payment Deferred,1932,518,6.9
John C. Reilly,Nightwatch,1997,18901,6.2
Cary Grant,Thirty Day Princess,1934,822,6.8
Mark Williams,Stardust,2007,256932,7.6
Anne Baxter,Crash Dive,1943,1380,6.3
Maria Dizzia,Keep the Lights On,2012,5400,6.4
Seth Gabel,A Beautiful Mind,2001,858359,8.2
Isabella Rossellini,Dark Eyes,1987,2982,7.4
Katherine McNamara,Tom Sawyer & Huckleberry Finn,2014,800,5.3
Ed O'Neill,Wreck-It Ralph,2012,383828,7.7
George Sanders,The Cracksman,1963,168,6.0
Sigourney Weaver,Abduction,2011,77024,5.1
Bolo Yeung,Ironheart,1992,396,3.4
Robert Prosky,The Skeptic,2009,3981,5.6
William Forsythe,A Perfect Plan,2020,282,4.3
Jason Flemyng,Shifty,2008,2861,6.5
Ray Winstone,The Gunman,2015,39231,5.8
Johnathon Schaech,The Scare Hole,2004,356,4.7
Juno Temple,Killer Joe,2011,73563,6.7
Juno Temple,Glorious 39,2009,5211,6.4
Larry Hagman,The Cavern,1964,233,6.1
Phyllis Diller,Everything's Jake,2000,116,6.0
Colin Firth,The Advocate,1993,1897,6.6
Rita Ora,Southpaw,2015,220037,7.4
Renee Zellweger,The Low Life,1995,480,6.0
Joe Spinell,Paradise Alley,1978,4690,5.8
Jared Harris,Far and Away,1992,59495,6.6
Josh Hopkins,The Perfect Storm,2000,157388,6.4
Danny Ramirez,Valley Girl,2020,2500,5.4
James Cromwell,The Snow Walker,2003,10182,7.3
Woody Allen,Bananas,1971,34288,7.0
Henry Winkler,Asterix and the Big Fight,1989,7511,6.4
Jean Reno,Family Heist,2017,2017,5.5
June Lockhart,Rented Lips,1988,288,3.9
Robert Englund,Red,2008,10168,7.0
Barbara Stanwyck,Gambling Lady,1934,861,6.6
Susan Sarandon,Atlantic City,1980,15342,7.3
Richard E. Grant,The Player,1992,55376,7.5
Raquel Cassidy,Two Is a Family,2016,23779,7.4
Fay Wray,Treasure of the Golden Condor,1953,383,6.2
Zack Ward,L.A. Twister,2004,202,5.9
Jason Alexander,Larry Gaye: Renegade Male Flight Attendant,2015,1293,4.5
Victor Mature,The Last Frontier,1955,1442,6.4
Tawny Kitaen,After Midnight,2014,238,2.8
Alida Valli,Manuela's Loves,1987,105,5.3
Harvey Keitel,The Grey Zone,2001,10315,7.0
Claire Danes,A Kid Like Jake,2018,3100,5.4
Annaleigh Ashford,Late Night,2019,30084,6.5
Lauren Bacall,The Cobweb,1955,1539,6.5
Michael Shannon,12 Strong,2018,69258,6.6
Ben Stiller,Little Fockers,2010,107333,5.5
Andy Nyman,Wild Romance,2006,385,6.5
Patricia Tallman,Night of the Living Dead,1990,39093,6.9
Mike Wozniak,Prevenge,2016,6996,6.0
Julie Brown,Like Mike,2002,19259,5.3
Pruitt Taylor Vince,Nobody's Fool,1994,18849,7.4
Matt Damon,Jersey Girl,2004,63654,6.2
Sean Patrick Flanery,Suicide Kings,1997,26408,6.9
Jean Marsh,The Life and Adventures of Nicholas Nickleby,1947,701,6.9
Luis Guzman,The Limey,1999,30436,7.0
Sonia Braga,Sea of Dreams,2006,365,6.2
Dan Petronijevic,Angel Eyes,2001,22672,5.6
Sophie Nelisse,"Worst Case, We Get Married",2017,178,6.4
Robert Ryan,The Secret Agents,1965,186,5.7
S. Epatha Merkerson,The Rising Place,2001,189,6.2
Jason Robards,The St. Valentine's Day Massacre,1967,3739,6.7
Frank Langella,Muhammad Ali's Greatest Fight,2013,2342,6.8
Dennis Haysbert,Random Hearts,1999,20131,5.3
Jane Wyman,Kid Nightingale,1939,159,5.8
Victoria Jackson,Bombshell,1997,204,4.1
Nicol Williamson,Black Widow,1987,8750,6.4
Stephen Baldwin,Hoovey,2015,855,5.7
Ellen Corby,Lover Come Back,1946,131,6.3
Peter Egan,The I Inside,2004,10412,6.1
Lynda Boyd,Final Destination 2,2003,153456,6.2
Gregory Smith,American Outlaws,2001,14022,6.0
Alan Thicke,And You Thought Your Parents Were Weird,1991,514,4.7
Linda Blair,Airport 1975,1974,9666,5.7
Kelli Garner,Hometown Legend,2002,718,5.6
Mike Hagerty,Break Up,1998,1726,5.1
M. Emmet Walsh,The Music of Chance,1993,2113,7.1
Ward Bond,Escape by Night,1937,176,5.8
Lori Singer,God Knows Where I Am,2016,799,7.3
Chiwetel Ejiofor,Maleficent: Mistress of Evil,2019,87585,6.6
Michael Caine,Battle of Britain,1969,20913,7.0
Brea Bee,The Best and the Brightest,2010,1357,4.9
Scout Taylor-Compton,Smile Pretty,2009,313,5.3
Gil Bellows,The Samaritan,2012,9516,5.6
Tara Reid,5th Borough,2020,601,6.6
Noah Emmerich,Miracle,2004,48737,7.5
Timothy Spall,Harry Potter and the Prisoner of Azkaban,2004,559357,7.9
Jenny McCarthy,Things to Do in Denver When You're Dead,1995,26290,6.8
Matthew Gray Gubler,Magic Valley,2011,258,6.2
Camila Morrone,Death Wish,2018,64781,6.4
Chevy Chase,Seems Like Old Times,1980,8835,6.7
Monet Mazur,Monster-in-Law,2005,57133,5.6
Christopher Timothy,The Chastity Belt,1972,434,5.4
Richard Bright,Who Do I Gotta Kill?,1994,497,4.1
Grace Jones,Conan the Destroyer,1984,76517,5.9
Nat Wolff,Grandma,2015,14761,6.7
Leland Orser,Girl in the Cadillac,1995,197,5.9
Frances McDormand,Moonrise Kingdom,2012,322272,7.8
George C. Scott,Taps,1981,16705,6.8
Andrew Scott,Anton Chekhov's The Duel,2010,621,6.9
Paul Verhoeven,RoboCop,1987,235318,7.6
Lois Chiles,Say Anything...,1989,83514,7.3
Michael Madsen,Jacked$,2004,211,4.3
Amanda Crew,That One Night,2008,101,6.2
Julia Sweeney,Courting Courtney,1997,155,5.5
Sean Bean,Pixels,2015,133208,5.5
Tia Carrere,Zombie Nightmare,1987,3082,2.6
Levy Tran,Vigilante Diaries,2016,4177,5.4
Treat Williams,The Phantom,1996,32526,5.0
Burt Lancaster,The Train,1964,14720,7.8
Peter Greene,The Bounty Hunter,2010,122138,5.6
Goldie Hawn,$,1971,2369,6.3
Ulrich Thomsen,The Notebook,2013,2953,7.0
Victoria Rowell,Eve's Bayou,1997,8944,7.3
Shelley Long,A Small Circle of Friends,1980,395,5.8
Steve Buscemi,Big Fish,2003,417990,8.0
Forest Whitaker,Bird,1988,11572,7.2
Obba Babatunde,Philadelphia,1993,226332,7.7
Jeremy Northam,Emma,1996,36319,6.6
Buster Keaton,"Steamboat Bill, Jr.",1928,13415,7.9
Paul Dooley,Loved,1997,546,4.8
Rupert Friend,The Boy in the Striped Pajamas,2008,192882,7.8
Imelda Staunton,Remember Me?,1997,147,5.6
Kate Magowan,Plunge: The Movie,2003,105,6.1
Donald Pleasence,Sharon's Baby,1975,1123,4.1
Michael Caine,Beyond the Limit,1983,1223,5.8
Ann Sheridan,The Opposite Sex,1956,1411,6.1
Stewart Granger,The Little Hut,1957,814,5.8
James Stewart,The Man from Laramie,1955,9758,7.3
Christopher Lambert,Mortal Kombat,1995,104729,5.8
Joyce Hyser,Valley Girl,1983,13765,6.4
Jason Mewes,Todd and the Book of Pure Evil: The End of the End,2017,315,7.0
William Forsythe,Coastlines,2002,580,5.8
Frank Welker,Space Jam,1996,165446,6.5
Tom Skerritt,Lucky,2017,20125,7.4
Karina Banno,Circle of Lies,2012,228,4.7
Kevin Spacey,Margin Call,2011,118413,7.1
Shawn Roberts,Siblings,2004,631,6.5
Martin Henderson,Perfect Opposites,2004,1308,5.5
Don Cheadle,Miles Ahead,2015,9423,6.4
Jane Wyman,Footlight Serenade,1942,199,6.1
Julia Sweeney,Vegas Vacation,1997,45401,6.0
Paul Calderon,Hand Gun,1994,274,5.6
Charlotte Nicdao,Thor: Ragnarok,2017,602974,7.9
Bae Doona,Take Care of My Cat,2001,2243,7.2
Dave Annable,What's Your Number?,2011,73083,6.1
Adrian Scarborough,Bright Young Things,2003,5278,6.6
Frances Conroy,Maid in Manhattan,2002,84792,5.3
Jordana Spiro,The Year of Getting to Know Us,2008,863,4.7
Boris Karloff,The Terror,1963,7053,5.0
Adam Baldwin,"Little Fish, Strange Pond",2009,1462,3.8
Jason Mewes,Chasing Amy,1997,132829,7.2
Armand Assante,Darc,2018,3914,5.8
Adam Godley,The X Files: I Want to Believe,2008,88951,5.9
Alan Rosenberg,White of the Eye,1987,2085,6.2
Michael Palin,Monty Python and the Holy Grail,1975,504682,8.2
Kate Dickie,Red Road,2006,12373,6.8
Joe Mantegna,Cars 2,2011,163636,6.1
Joel Fry,Benjamin,2018,1260,6.7
Joan Hickson,One of Our Dinosaurs Is Missing,1975,1622,6.0
Vincent Price,The Conqueror Worm,1968,9298,6.8
Eline Powell,Stoner Express,2016,954,4.8
Michael Lerner,Alex in Wonderland,1970,734,5.4
Amy Smart,Bad Country,2014,8078,5.8
Nastassja Kinski,Cold Heart,2001,688,5.2
Will Kemp,Slumber,2017,3846,4.7
Hart Bochner,Rules Don't Apply,2016,9947,5.7
Robyn Lively,Chasing Ghosts,2014,354,6.1
Mahershala Ali,Free State of Jones,2016,53426,6.9
Marnette Patterson,Remember the Daze,2007,3260,5.8
Maura Tierney,Instinct,1999,31972,6.6
Ernie Hudson,Trapper County War,1989,148,5.2
Zasu Pitts,Roar of the Dragon,1932,205,6.3
Nicola Correia-Damude,My Spy,2020,23835,6.3
Geraldine Chaplin,Cop-Out,1967,173,5.7
Jack O'Connell,Tulip Fever,2017,18909,6.2
Bronagh Gallagher,Skagerrak,2003,737,6.2
Josh Stamberg,The Time Machine,2002,119069,6.0
Sonoya Mizuno,Ex Machina,2014,479342,7.7
Angela Trimbur,It Happened In L.A.,2017,174,5.5
Carol Burnett,Post Grad,2009,13741,5.3
Ciaran Hinds,The Disappearance of Eleanor Rigby: Them,2014,11825,6.3
Charles Durning,The Grass Harp,1995,2988,7.0
Daniel Bruhl,A Monkey's Tale,1999,378,5.7
Robert Forster,El Camino: A Breaking Bad Movie,2019,189329,7.3
Sonny Landham,Southern Comfort,1981,16701,7.2
Ben Platt,Pitch Perfect,2012,279140,7.1
Valerie Perrine,Agency,1980,468,4.8
Tim Allen,Wild Hogs,2007,114645,5.8
Diane Baker,Della,1965,406,5.1
Allison Hayes,The Prodigal,1955,570,5.3
Diedrich Bader,Santa Paws 2: The Santa Pups,2012,1181,4.9
Laura Bailey,Road to Ninja: Naruto the Movie,2012,5892,7.7
Cary Grant,Gambling Ship,1933,184,6.1
Molly Hagan,The Keeping Hours,2017,3293,6.3
Paula Prentiss,The World of Henry Orient,1964,3220,6.7
Robert Patrick,Hacks,1997,289,5.1
Miriam Margolyes,Blind Revenge,2009,460,5.3
Weronika Rosati,Wojna zensko-meska,2011,326,2.7
Amanda Crew,Poor Boy,2016,177,4.2
Kelsey Grammer,I Don't Know How She Does It,2011,19602,4.9
Malcolm McDowell,The Barber,2002,1227,5.7
Paul Freeman,Shanghai Surprise,1986,5007,3.2
Henry Simmons,Taxi,2004,40414,4.5
Miguel A. Nunez Jr.,Life,1999,46454,6.8
Jamie Lee Curtis,Halloween II,1981,75928,6.5
Jon Bernthal,Me and Earl and the Dying Girl,2015,124443,7.7
Clifton Collins Jr.,The FP,2011,1621,5.6
Romy Schneider,Ludwig,1973,4547,7.6
Christopher Heyerdahl,Catwoman,2004,111919,3.4
Jeremy Strong,The Judge,2014,180554,7.4
Toby Jones,Amazing Grace,2006,24002,7.4
Giancarlo Giannini,"Jealousy, Italian Style",1970,1183,7.2
Patrick Warburton,Hoodwinked!,2005,56930,6.4
Joel McKinnon Miller,Wagons East,1994,5094,4.9
Katherine Cunningham,Slice,2018,2746,4.6
Ashley Johnson,The Brothers Solomon,2007,10545,5.3
Keith Coogan,Waking,2013,482,6.5
Pat Roach,The Monster Club,1981,3178,5.9
Lainie Kazan,Oy Vey! My Son Is Gay!!,2009,725,5.1
Michael Byrne,Telefon,1977,5123,6.6
Zoe Tapper,Baseline,2010,583,5.0
Liza Minnelli,"New York, New York",1977,18495,6.7
Philip Seymour Hoffman,God's Pocket,2014,10859,6.1
Amir El-Masry,Limbo,2020,322,7.3
Chelcie Ross,Rudy,1993,57417,7.5
Alexis Arquette,The Wedding Singer,1998,136159,6.8
Jon Favreau,Very Bad Things,1998,45177,6.4
Amanda Plummer,We Are Boats,2018,424,5.6
Aidan Gillen,Scrapper,2013,246,6.5
Amaury Nolasco,The Rum Diary,2011,99451,6.2
Christopher Plummer,The Disappearance,1977,427,5.7
Riki Lindhome,Seeing Other People,2004,2326,5.8
Lana Turner,Keep Your Powder Dry,1945,467,6.4
Larisa Oleynik,Atlas Shrugged II: The Strike,2012,6816,5.4
Beth Grant,Our Very Own,2005,471,6.1
Hank Azaria,"Mystery, Alaska",1999,25703,6.7
Javier Botet,Something Huge,2017,448,4.5
Talia Ryder,Never Rarely Sometimes Always,2020,17086,7.4
Robert Capron,Annabelle Hooper and the Ghosts of Nantucket,2016,685,5.6
Beau Mirchoff,The Secret Lives of Dorks,2013,645,5.0
Edward Norton,Kingdom of Heaven,2005,269086,7.2
Harold Ramis,Stealing Home,1988,4111,6.7
Leslie Grossman,Spring Breakdown,2009,4461,4.8
Claudine Auger,Un papillon sur l'epaule,1978,658,6.8
Jerry Mathers,The Other Man,1994,279,3.9
John Hurt,Harry Potter and the Deathly Hallows: Part 1,2010,485301,7.7
Henry Fonda,The Farmer Takes a Wife,1935,337,6.5
Kevin Kline,In & Out,1997,38979,6.4
Joe Spinell,Rapid Fire,1989,129,4.2
Jacqueline Bisset,Scenes from the Class Struggle in Beverly Hills,1989,1150,6.0
Garrett Hedlund,The United States vs. Billie Holiday,2021,5589,6.3
Jamie Lee Curtis,The Tailor of Panama,2001,28097,6.1
Dermot Mulroney,The Thing Called Love,1993,7316,6.4
Jenny O'Hara,Career Opportunities,1991,11403,5.9
Amanda Seyfried,In Time,2011,373452,6.7
Kate Capshaw,A Little Sex,1982,494,5.0
Shawn Ashmore,Mariachi Gringo,2012,409,6.2
Michael McKean,Hider in the House,1989,1356,5.9
Luenell,Borat: Cultural Learnings of America for Make Benefit Glorious Nation of Kazakhstan,2006,381996,7.3
Mickey Sumner,Girl Most Likely,2012,14867,5.8
Tamara Tunie,The Caveman's Valentine,2001,6349,5.8
Kate Capshaw,Black Rain,1989,50043,6.7
David Patrick Kelly,Flirting with Disaster,1996,17821,6.7
Ward Bond,Alias Jesse James,1959,1232,6.5
Octavia Spencer,Blue Streak,1999,76015,6.4
Katy Mixon,Four Christmases,2008,66531,5.7
Penelope Cruz,The Greek Labyrinth,1993,105,4.6
Rooney Mara,Dream Boy,2008,3888,6.2
Eric Stonestreet,The Island,2005,301535,6.8
Gerard Depardieu,Vidocq,2001,21230,6.5
Mathieu Kassovitz,Valerian and the City of a Thousand Planets,2017,164453,6.5
Fred Ward,The Blue Villa,1995,976,8.2
Jen Lilley,Revelation Road 2: The Sea of Glass and Fire,2013,875,5.1
Larry Storch,The Monitors,1969,273,4.7
Harriet Walter,The Leading Man,1996,1426,5.7
Aliette Opheim,Tillbaka till Bromma,2014,533,4.6
John Wayne,The Comancheros,1961,8327,6.9
Ed Lauter,Timerider: The Adventure of Lyle Swann,1982,2021,5.4
Ted Levine,Georgia,1995,2814,6.6
Rob Riggle,Midnight Sun,2018,24740,6.6
Courtland Mead,Dragonworld,1994,492,5.5
Stacy Martin,The Childhood of a Leader,2015,5678,6.1
Chris Bauer,Wolves,2016,1102,5.7
Agnes Moorehead,Government Girl,1943,519,5.7
Chelsea Field,A Passion to Kill,1994,227,4.6
Richard Coyle,A Good Year,2006,89367,7.0
Rachael Harris,Diary of a Wimpy Kid: Dog Days,2012,22481,6.3
Jude Law,Rise of the Guardians,2012,158632,7.3
Phylicia Rashad,The Visit,2000,238,5.9
Jonathan Taylor Thomas,Wild America,1997,6917,6.4
Geraldine Chaplin,The Three Musketeers,1973,15628,7.2
Gerard Depardieu,Asterix and Obelix Meet Cleopatra,2002,49591,6.6
Orson Welles,Touch of Evil,1958,99009,8.0
Kari Wahlgren,Naruto the Movie 3: Guardians of the Crescent Moon Kingdom,2006,3351,6.5
John Cassavetes,Tempest,1982,2156,6.5
Angie Dickinson,Sabrina,1995,37164,6.3
Ray Fisher,Batman v Superman: Dawn of Justice,2016,643006,6.4
Christopher Plummer,Nicholas Nickleby,2002,11781,7.1
Sarah Shahi,Bad Therapy,2020,596,4.3
Parker Stevenson,Our Time,1974,238,6.2
Clare Grant,Mega Shark vs. Kolossus,2015,1458,2.7
Frank Welker,The Computer Wore Tennis Shoes,1969,4656,6.1
Janet Jones,Two Tickets to Paradise,2006,799,5.5
Ron Perlman,13 Sins,2014,34063,6.3
Sandy Martin,Vendetta,1986,399,5.3
Peter Serafinowicz,SOS: Save Our Skins,2014,230,5.4
Christian Camargo,Channeling,2013,385,4.9
Rory Culkin,Mean Creek,2004,30748,7.2
Loretta Young,The Crusades,1935,1015,6.6
John Russell,Man in the Saddle,1951,1085,6.4
John Saxon,The Final Alliance,1990,217,4.2
James Hampton,The Man Who Loved Cat Dancing,1973,1337,6.3
Brad Hall,Troll,1986,9337,4.5
Hedy Lamarr,Slaughter on 10th Avenue,1957,353,6.8
Barbara Niven,Alone with a Stranger,2000,297,5.0
Anja Savcic,Extraterrestrial,2014,14776,5.0
Michael Rapaport,Men of Honor,2000,107807,7.2
Karen Lynn Gorney,A Crime,2006,1903,5.7
Danai Gurira,Avengers: Infinity War,2018,860288,8.4
Miguel Ferrer,Mulan,1998,259870,7.6
Lauren Cohan,Reach Me,2014,2625,4.9
Andi Osho,Swinging with the Finkels,2011,2978,4.6
Charlotte Stewart,"Doctor, You've Got to Be Kidding!",1967,394,5.7
Danny Aiello,Ruby,1992,1428,5.5
Sharon Stone,The Mighty,1998,12400,7.3
Embeth Davidtz,Mutator,1989,171,4.0
Colleen Camp,Cat in the Cage,1978,138,3.8
Nathan Stewart-Jarrett,The Argument,2020,479,4.6
Selma Blair,The Family Tree,2011,1869,5.5
Charlotte Rampling,Invasion of Privacy,1996,314,5.2
Rita Tushingham,The Bed Sitting Room,1969,2026,6.3
Minnie Driver,Big Night,1996,18156,7.3
Katie Holmes,The Romantics,2010,11794,5.1
Basil Rathbone,The Last Days of Pompeii,1935,930,6.4
Ann Sheridan,I Was a Male War Bride,1949,7715,7.0
Martin Landau,The Color of Evening,1990,158,5.4
John Malkovich,Gardens of the Night,2008,4184,6.9
Shane West,Echelon Conspiracy,2009,18816,5.8
Noah Emmerich,Beyond Borders,2003,26178,6.5
Frankie Avalon,Sergeant Dead Head,1965,190,4.9
Steve Howey,See You in Valhalla,2015,2134,5.4
Richard Anderson,Ride to Hangman's Tree,1967,175,5.1
Ron Moody,A Kid in King Arthur's Court,1995,5786,4.7
Clayton Rohner,Bat*21,1988,8078,6.5
Thomas Brodie-Sangster,The Maze Runner,2014,422382,6.8
Kate Winslet,Movie 43,2013,100039,4.3
David Krumholtz,A Very Harold & Kumar 3D Christmas,2011,66151,6.3
Ken Olin,The Cloverfield Paradox,2018,96581,5.5
Luke Hemsworth,The Osiris Child,2016,7650,5.6
Tovah Feldshuh,Brewster's Millions,1985,35831,6.6
Valerie Tian,Charlie St. Cloud,2010,59026,6.4
Alfred Hitchcock,Torn Curtain,1966,24969,6.7
John Leguizamo,Ice Age,2002,445875,7.5
Sofie Grabol,Groovy Days,1996,184,6.2
John Kapelos,Johnny Skidmarks,1998,803,5.6
Elisabeth Rohm,American Hustle,2013,452517,7.2
Doug McClure,South Pacific,1958,8141,6.8
Gemma Chan,Stratton,2017,4639,4.8
Andre Braugher,The Baytown Outlaws,2012,13977,6.4
Jackie Chan,Vampire Effect,2003,4782,5.5
Robert Shaw,The Dam Busters,1955,9674,7.4
Ray Stevenson,Final Score,2018,10011,5.8
Jill St. John,Honeymoon Hotel,1964,211,5.3
Lloyd Bridges,Apache Woman,1955,122,4.5
Kodi Smit-McPhee,Maya the Bee Movie,2014,1856,5.9
Ernest Borgnine,Bunny O'Hare,1971,936,6.0
William H. Macy,Being Human,1994,3821,5.5
Lee Marvin,I Died a Thousand Times,1955,938,6.4
John C. McGinley,Fathers & Sons,1992,469,4.9
Richard Burton,The Desert Rats,1953,4599,6.7
Tony Sirico,The Deli,1997,322,5.7
Naveen Andrews,Bombay Boys,1998,553,6.5
Dana Wynter,Santee,1973,488,5.8
Jeanne Tripplehorn,Steal This Movie,2000,2210,6.5
Ann Miller,Hit the Deck,1955,728,6.6
Rumer Willis,The House Bunny,2008,79837,5.5
Donald Sutherland,Fierce People,2005,6520,6.5
Camila Mendes,The New Romantic,2018,1960,5.7
Brendan Fletcher,Alone in the Dark,2005,41813,2.4
Moon Bloodgood,Conception,2011,1238,5.3
Ed Harris,The Firm,1993,122076,6.8
Dominique Tipper,Adulthood,2008,12006,6.6
Kurt Russell,Breakdown,1997,50106,6.9
Elliot Page,Marion Bridge,2002,1292,6.7
Marcello Mastroianni,Splendor,1989,848,7.1
Katie Walder,Shelter,2007,21271,7.6
Dabney Coleman,Where the Heart Is,1990,1488,6.0
Kathleen Wilhoite,Road House,1989,64161,6.6
Kyle Gallner,Magic Valley,2011,258,6.2
Jack Palance,Second Chance,1953,945,6.0
Robert Rodriguez,Amelia's 25th,2013,123,4.7
William Hurt,A Time of Destiny,1988,356,5.1
Charles Martin Smith,Never Cry Wolf,1983,7695,7.5
Michael Nyqvist,Search,2006,245,4.7
Hugh O'Brian,Doin' Time on Planet Earth,1988,249,4.6
Treat Williams,The Devil's Own,1997,60477,6.2
Lesley-Anne Down,The Meeksville Ghost,2001,162,5.1
Claudette Colbert,Tovarich,1937,506,7.0
Denny Miller,The Norseman,1978,642,3.7
Frances Bay,Changing Habits,1997,330,5.7
Ken Curtis,How the West Was Won,1962,18904,7.1
Kae Alexander,2nd Date Sex,2019,810,5.5
Robert Loggia,An Officer and a Gentleman,1982,50400,7.0
Christopher Fairbank,Jack the Giant Slayer,2013,132512,6.2
Al Lettieri,House of Pleasure for Women,1976,131,5.7
Kari Wuhrer,Beyond Desire,1995,300,4.7
Corinne Bohrer,Vice Versa,1988,9249,5.9
Enver Gjokaj,3022,2019,3559,4.5
Tony Curtis,Sextette,1977,1201,3.6
James Remar,Dead Reckoning,2020,424,3.8
Sadie Frost,The Anniversary Party,2001,8024,6.3
Jon Gries,Will Penny,1967,4238,7.1
Sheila Hancock,The Bulldog Breed,1960,757,6.3
Scotty Beckett,It Happened in Hollywood,1937,430,6.3
David Proval,The Circle,2005,331,5.6
Catherine Keener,Catchfire,1990,3487,5.4
Vanessa Redgrave,Julia,1977,8736,7.2
Mary Kay Place,The Safety of Objects,2001,4092,6.5
Ed Helms,Tag,2018,117639,6.5
Brian Bloom,Right at Your Door,2006,13209,6.1
Michelle Rodriguez,3 A.M.,2001,1194,5.8
Greg Cipes,The Secret Life of Walter Mitty,2013,295841,7.3
Famke Janssen,Bayou Caviar,2018,1087,4.8
Sophie Okonedo,National Theatre Live: Antony & Cleopatra,2018,348,7.3
Johnny Whitworth,Somebody Is Waiting,1996,417,6.6
Natalie Martinez,The Land,2016,1611,6.4
Laura Bach,Green Hearts,2006,190,5.0
Will Friedle,Batman Ninja,2018,17877,5.6
Giancarlo Giannini,The Murri Affair,1974,196,6.7
Eugenio Derbez,Beverly Hills Chihuahua,2008,22958,3.8
Daniel von Bargen,S1m0ne,2002,58907,6.1
L.Q. Jones,Santiago,1956,200,6.1
Patrick Fischler,"Hail, Caesar!",2016,125408,6.3
Ryan Phillippe,Franklyn,2008,16896,6.2
Niecy Nash,Hair Show,2004,5672,5.2
Taye Diggs,The Trials of Cate McCall,2013,5533,6.3
Lee Tergesen,Tooken,2015,1544,3.7
Orson Bean,"How to Be Very, Very Popular",1955,169,5.4
Steven Wright,For Better or Worse,1995,448,4.7
Kate Winslet,Enigma,2001,20177,6.3
Lily Rabe,No Reservations,2007,71373,6.3
Rachael Leigh Cook,Stateside,2004,1817,5.9
Billy Jayne,Cujo,1983,40217,6.1
Dominique Swain,Spreading Darkness,2017,121,3.4
Luke Goss,Cold and Dark,2005,941,4.0
Christopher Lloyd,Anastasia,1997,113162,7.2
Domhnall Gleeson,Mother!,2017,194117,6.6
Roddy Piper,The Portal,2010,429,3.6
Ione Skye,Wayne's World,1992,145264,7.0
Debra Wilson,Asylum,1997,406,5.0
Fred Ward,Uncommon Valor,1983,9128,6.4
Johann Urb,The Hottie & the Nottie,2008,36175,1.9
Alia Shawkat,The Runaways,2010,46649,6.5
Alex Kingston,The Wildcats of St. Trinian's,1980,196,3.6
Thomas Lennon,Drop Dead Gorgeous,1999,32868,6.6
Jerry Lewis,At War with the Army,1950,2138,5.7
Jordi Molla,The Music of Silence,2017,1632,6.6
Grey Griffin,Asterix and the Vikings,2006,11086,6.1
Lin Shaye,Hoboken Hollow,2006,1162,3.7
Dakota Taylor,The Death & Life of John F. Donovan,2018,5648,6.2
Alan Cumming,Maladies,2012,679,5.1
Dominic Scott Kay,Pirates of the Caribbean: At World's End,2007,600092,7.1
Phil Dunster,The Good Liar,2019,28233,6.6
June Diane Raphael,Girl Most Likely,2012,14867,5.8
Gabrielle Union,Constellation,2005,533,4.0
Emmanuelle Vaugier,Saul: The Journey to Damascus,2014,172,5.9
Eric Schweig,The Last of the Mohicans,1992,152684,7.7
Leon Rippy,Firestarter,1984,29549,6.1
Stephanie Vogt,Pendulum,2001,345,4.6
Thunderbird Dinwiddie,Elektra Luxx,2010,6971,5.1
Kristian Nairn,Robin Hood: The Rebellion,2018,1738,3.8
Alfonso Herrera,The Perfect Dictatorship,2014,4743,7.2
Charlotte Gainsbourg,3 Hearts,2014,2300,5.9
Basil Rathbone,Queen of Blood,1966,1695,5.3
Alessandra Ambrosio,Daddy's Home,2015,110061,6.2
Peter O'Toole,The Savage Innocents,1960,1711,6.9
Julie Newmar,Oblivion 2: Backlash,1996,497,5.3
Tom Berenger,Shoot to Kill,1988,11781,6.8
Iggy Pop,Cry-Baby,1990,55848,6.5
Wes Chatham,The Hunger Games: Mockingjay - Part 2,2015,290432,6.6
Tea Leoni,The Family Man,2000,104599,6.8
