Actor,Film,Year,Votes,Rating
Felissa Rose,Caesar and Otto's Deadly Xmas,2012,137,4.0
Anne Francis,Born Again,1978,116,5.2
Leslie Jones,Trainwreck,2015,130311,6.2
Dule Hill,Locked Down,2021,7247,5.2
Sandra Bullock,Ocean's Eight,2018,191139,6.9
John Krasinski,The Prophet,2014,4360,7.1
Ingeborga Dapkunaite,War,2002,4161,7.7
Ron Howard,The First Nudie Musical,1976,563,5.2
Jack Kilmer,Josie,2018,2209,5.1
Darren McGavin,Billy Madison,1995,132583,6.4
Basil Rathbone,Sin Takes a Holiday,1930,502,6.2
Raul Julia,Street Fighter,1994,66520,4.0
Anthony Mackie,Seberg,2019,6201,5.7
Tom Cavanagh,Love & Debt,2019,201,5.2
Anna Paquin,Trick 'r Treat,2007,81583,6.8
Harriet Walter,Cheri,2009,10692,6.2
Diedrich Bader,Teresa's Tattoo,1994,403,4.6
John Hurt,Vincent,1987,373,7.3
Miranda Otto,"I, Frankenstein",2014,78567,5.1
Sofia Pernas,Age of the Dragons,2011,4271,3.4
Donnie Wahlberg,Bullet,1996,7837,6.5
James Mason,A Touch of Larceny,1960,528,6.7
Debra Winger,Black Widow,1987,8750,6.4
Myrna Loy,Another Thin Man,1939,6598,7.5
Beau Mirchoff,In the Land of Women,2007,31008,6.4
Kate Micucci,Unleashed,2016,1415,6.4
James Whitmore,The Girl Who Had Everything,1953,570,5.6
Anne Lockhart,Joyride,1977,311,5.6
Peter Ustinov,One of Our Aircraft Is Missing,1942,1904,7.0
Matilda De Angelis,Reckless,2018,307,5.1
Louise Lasser,Such Good Friends,1971,492,6.2
Pat Healy,Mr. Fix It,2006,1827,5.5
Jeanne Cooper,Plunder Road,1957,956,6.9
Adrian Bouchet,The Veteran,2011,6931,5.9
Clayton Rohner,Honeyglue,2015,503,6.3
Diane Kruger,Anything for Her,2008,8743,7.1
Bree Turner,The Wedding Planner,2001,77078,5.3
William Morgan Sheppard,There Goes the Neighborhood,1992,1055,5.9
Al Sapienza,Courier X,2016,163,5.9
M. Emmet Walsh,Alice's Restaurant,1969,3971,6.3
Rex Linn,A Million Ways to Die in the West,2014,178565,6.1
Armand Assante,Joe's War,2017,150,4.2
Lindsay Duncan,Manifesto,1988,366,6.2
Hugo Weaving,The Matrix,1999,1696491,8.7
Stellan Skarsgard,The Simple-Minded Murderer,1982,2964,7.6
Sofia Vergara,Wild Card,2015,51581,5.6
Christopher Plummer,The Tempest,2010,111,7.7
Tim Matheson,Magnum Force,1973,56593,7.2
Erick Avari,Nothing Lasts Forever,1984,765,6.3
Charles Napier,Miami Blues,1990,7857,6.4
Ned Beatty,The Unholy,1988,1597,5.1
Paige Turco,Dead Funny,1994,272,5.1
Angela Trimbur,The Final Girls,2015,35520,6.6
Tuc Watkins,Infested,2002,1239,2.8
Peter Franzen,Train Birds,1998,1148,7.2
Gil Birmingham,Te Ata,2016,315,6.9
Charlton Heston,Alaska,1996,5127,5.8
Josh Keaton,Judge and Jury,1996,217,4.1
Fred MacMurray,The Happiest Millionaire,1967,1806,6.8
Beth Grant,Little Miss Sunshine,2006,443576,7.8
Peter Coyote,The Man Inside,1990,146,5.2
Brett Gelman,Wild Nights with Emily,2018,944,6.2
Norman Reedus,Moscow Chill,2007,640,4.8
Lewis Tan,El padrino,2004,692,4.9
Will Arnett,Teenage Mutant Ninja Turtles,2014,201900,5.8
Josh McDermitt,Life in Color,2015,986,6.6
David Harbour,Snitch,2013,83606,6.4
Lee Grant,Valley of the Dolls,1967,7573,6.1
Jeffrey DeMunn,Blaze,1989,3593,6.0
Lara Flynn Boyle,Where the Day Takes You,1992,3160,6.6
Daniel von Bargen,G.I. Jane,1997,73807,6.0
Aldis Hodge,The East,2013,48742,6.8
Julie Strain,The Dallas Connection,1994,789,4.2
David Wayne,We're Not Married!,1952,1796,6.3
Martin Starr,Knocked Up,2007,352729,6.9
Brian d'Arcy James,Spotlight,2015,426505,8.1
Robert Sheehan,Bad Samaritan,2018,19918,6.5
Clemence Poesy,Le grand jeu,2015,346,5.4
Roger Corman,The Howling,1981,31523,6.6
Kristen Gutoskie,The Maestro,2018,201,5.8
Steven Berkoff,Vendetta for the Saint,1969,215,6.2
Lee Meriwether,Waiting in the Wings: The Musical,2014,173,6.0
Dee Bradley Baker,The Boxtrolls,2014,54710,6.8
Alan Ford,Gloves Off,2017,270,5.3
Aron Eisenberg,Pterodactyl Woman from Beverly Hills,1997,198,4.7
Edward G. Robinson,Nightmare,1956,646,6.5
Hilary Shepard,Turbo: A Power Rangers Movie,1997,8253,3.7
Lily Rabe,Golden Exits,2017,1987,5.8
Jean-Paul Belmondo,Borsalino,1970,3578,7.0
Kerry Condon,Angela's Ashes,1999,20747,7.3
Matthew Modine,Girl in Progress,2012,6558,5.6
Janeane Garofalo,Kiki's Delivery Service,1989,126685,7.8
Betsy Palmer,Friday the 13th,1980,121087,6.5
Gerard Depardieu,Rude journee pour la reine,1973,103,6.2
Sebastian Roche,Safe House,2012,208004,6.7
Debra Paget,Journey to the Lost City,1960,219,6.7
Gregg Henry,Office Uprising,2018,7656,5.8
Erick Avari,Three Veils,2011,214,6.4
Cate Blanchett,How to Train Your Dragon 2,2014,308370,7.8
Mark Margolis,Tales from the Darkside: The Movie,1990,15559,6.3
Michael Caine,The Last Witch Hunter,2015,96239,6.0
Kevin McKidd,Comes a Bright Day,2012,1472,6.1
William H. Macy,Foolin' Around,1980,426,6.1
Indra Ove,Interview with the Vampire: The Vampire Chronicles,1994,296906,7.5
John Candy,Going Berserk,1983,1658,5.3
Cary Elwes,Wish You Were Dead,2001,388,4.9
Kim Cattrall,Hold-Up,1985,2354,6.6
Aitana Sanchez-Gijon,Love Walked In,1997,356,5.3
Nazanin Boniadi,Hotel Mumbai,2018,54748,7.6
Clifton James,Bank Shot,1974,945,5.5
Thunderbird Dinwiddie,To Get Her,2011,294,5.6
French Stewart,1st Strike,2016,135,4.7
Sheila Hancock,Doctor in Love,1960,344,5.7
Tom Kenny,Quantum Quest: A Cassini Space Odyssey,2010,314,5.2
Burt Young,The Adventures of Pluto Nash,2002,24744,3.8
Danny Glover,93 Days,2016,1433,6.0
Jonathan Banks,Identity Thief,2013,125970,5.7
Fay Wray,Ben-Hur: A Tale of the Christ,1925,7140,7.8
Gillian Anderson,Last Love,2013,12139,6.8
Nicholas Campbell,No Contest,1995,811,4.6
Terry Moore,The Barefoot Mailman,1951,101,6.0
Mo Collins,Knocked Up,2007,352729,6.9
Denzel Washington,Cry Freedom,1987,12616,7.4
Aunjanue Ellis,Desert Blue,1998,2182,6.2
Clint Howard,Backdraft,1991,72508,6.7
Mark Ivanir,The Good Shepherd,2006,98829,6.7
Steve Carell,Date Night,2010,153372,6.3
Leslie Parrish,"How to Be Very, Very Popular",1955,169,5.4
Ernie Hudson,Everything's Jake,2000,116,6.0
Bill Cobbs,Of Mind and Music,2014,370,6.9
Myrna Loy,Scarlet River,1933,138,6.2
Thomas Beaudoin,Off the Rails,2017,225,5.1
Wayne Knight,Kung Fu Panda 3,2016,136610,7.1
Roxanne McKee,Inside Man: Most Wanted,2019,3173,5.6
Leon Rippy,Track 29,1988,1994,5.9
David McCallum,The Great Escape,1963,226870,8.2
Grant Show,The Girl Next Door,2007,23964,6.6
Jan-Michael Vincent,Deathstone,1990,142,4.7
Dennis Hopper,Straight Shooter,1999,657,5.0
Timothy Dalton,The Rocketeer,1991,53522,6.5
Sarah Silverman,What Planet Are You From?,2000,9079,5.6
Karen Black,Capricorn One,1977,20476,6.9
Adewale Akinnuoye-Agbaje,Concussion,2015,88099,7.2
D'Arcy Carden,Greener Grass,2019,3517,6.3
Nico Mirallegro,Peterloo,2018,4097,6.5
Nathalie Kelley,The Fast and the Furious: Tokyo Drift,2006,244978,6.0
Kimberley Nixon,Wild Child,2008,50388,6.1
John Savage,Summer of Sam,1999,36367,6.7
Elisabeth Moss,The Free World,2016,1626,6.1
Matthew Lillard,SLC Punk!,1998,26030,7.5
Marlene Dietrich,The Garden of Allah,1936,1375,5.9
Luke Wilson,Committed,2000,3631,5.1
Alex Russell,The Host,2013,111318,5.9
Tom Sizemore,Rude Awakening,1989,1218,4.7
Pilou Asbaek,Lucy,2014,451613,6.4
Colm Feore,Highwaymen,2004,8473,5.7
Lloyd Bridges,The White Tower,1950,748,6.1
Bill Paterson,The Rachel Papers,1989,1840,6.1
Sebastian Stan,Captain America: Civil War,2016,675997,7.8
Harry Morgan,The Forty-Niners,1954,131,6.1
Catherine Mary Stewart,Imitation Girl,2017,513,4.9
Dean Winters,Brooklyn Bound,2004,120,5.5
Kevin Corrigan,Break a Leg,2005,249,5.2
Sylvia Sidney,An American Tragedy,1931,669,6.5
Aishwarya Rai Bachchan,Raavanan,2010,3444,6.9
Isaac Hayes,Oblivion,1994,1231,5.0
Ron Silver,Black and White,1999,1044,5.2
Bruce Dern,"Hush...Hush, Sweet Charlotte",1964,13047,7.6
Cle Bennett,Lucky Day,2019,2258,5.1
Daniel Bernhardt,Bloodsport: The Dark Kumite,1999,1067,3.0
Billy Zane,Lovemakers,2011,953,2.1
Jenifer Lewis,Nora's Hair Salon,2004,440,3.8
Eric Lively,A Madea Christmas,2013,5915,4.9
Clark Gable,The Merry Widow,1925,2153,7.3
Michelle Dockery,Downton Abbey,2019,41092,7.4
Skyler Samuels,The DUFF,2015,84853,6.5
Rod Steiger,Time of Indifference,1964,312,6.7
Lukas Haas,Always Worthy,2015,115,5.8
Saskia Reeves,Butterfly Kiss,1995,1881,6.4
Ioan Gruffudd,Very Annie Mary,2001,1239,6.7
Ray Stevenson,Divergent,2014,429044,6.6
Cary-Hiroyuki Tagawa,Blizhniy Boy: The Ultimate Fighter,2007,207,5.5
John Gielgud,The Good Companions,1933,178,6.9
Jennifer Jones,We Were Strangers,1949,1066,6.6
Jessica Amlee,My Life Without Me,2003,24263,7.5
Felicity Jones,A Monster Calls,2016,82118,7.5
Jeffrey Hunter,The Searchers,1956,81162,7.9
Don Ameche,"Sleep, My Love",1948,1535,6.8
Rochelle Aytes,Magic Camp,2020,3390,6.3
Robby Benson,Modern Love,1990,209,5.3
Mike Vogel,The Case for Christ,2017,7963,6.3
Charles Martin Smith,Fifty/Fifty,1992,673,5.8
Dean Martin,Who's Been Sleeping in My Bed?,1963,484,6.0
Christopher Sabat,Lupin III: Burning Memory - Tokyo Crisis,1998,329,7.1
Lin Shaye,Ambition,2019,309,3.8
Callan McAuliffe,Summer Night,2019,812,4.8
Sharon Farrell,It's Alive,1974,7175,5.8
David Tennant,How to Train Your Dragon: The Hidden World,2019,107315,7.5
Yuri Lowenthal,Naruto Shippuden: The Movie 3: Inheritors of the Will of Fire,2009,3051,7.2
Vincent Regan,Eva,2010,341,5.2
Adam West,Ratko: The Dictator's Son,2009,418,3.7
Andrew Leeds,Entourage,2015,76584,6.6
Jeanne Moreau,The Fire Within,1963,8534,8.0
Tress MacNeille,Recess: School's Out,2001,9590,6.6
Marcello Mastroianni,"Shoot Loud, Louder... I Don't Understand",1966,107,5.4
Rob Riggle,Furry Vengeance,2010,15881,3.8
Mary Mouser,Ball Don't Lie,2008,249,4.5
Leslie Phillips,As Long as They're Happy,1955,125,5.3
Gina Gershon,I Want Someone to Eat Cheese With,2006,3213,6.1
Cesar Romero,Wee Willie Winkie,1937,1507,7.1
Jennifer Lawrence,Like Crazy,2011,59626,6.7
Hugo Weaving,The Interview,1998,8057,7.1
Wilfrid Hyde-White,The Ghosts of Berkeley Square,1947,287,6.0
Cerina Vincent,Complacent,2012,112,5.7
Aleksa Palladino,The Ring Two,2005,91804,5.4
Gary Busey,The Firm,1993,122076,6.8
Lin-Manuel Miranda,The Odd Life of Timothy Green,2012,45190,6.6
Murray Hamilton,Bright Victory,1951,780,7.2
Ryann Shane,"Definitely, Maybe",2008,156583,7.1
Emmanuelle Vaugier,Dolan's Cadillac,2009,6888,5.7
Emily Procter,The Girl Gets Moe,1997,214,4.8
Caterina Murino,Non pensarci,2007,1129,6.8
Samuel Roukin,Equity,2016,3400,5.5
Corey Sevier,Pride of Lions,2014,296,3.8
Claire Bloom,The Wonderful World of the Brothers Grimm,1962,1478,6.4
Joel McHale,A Futile and Stupid Gesture,2018,14192,6.8
Rafe Spall,Swallows and Amazons,2016,2872,6.1
Kate Berlant,Little Bitches,2018,663,4.0
Hera Hilmar,Mortal Engines,2018,112103,6.1
Dominic Purcell,In the Name of the King: The Last Job,2014,1975,3.1
Chi McBride,Hoodlum,1997,10631,6.3
Mel Blanc,Broadway Melody of 1940,1940,2146,7.4
Luke Wilson,Alex & Emma,2003,12980,5.6
Gugu Mbatha-Raw,Larry Crowne,2011,64035,6.1
Marion Davies,Lights of Old Broadway,1925,452,6.0
Kristin Minter,Friends with Money,2006,27931,5.7
Danielle Savre,Adulterers,2015,1515,5.2
Steve McQueen,Bullitt,1968,61770,7.4
Jenna Dewan,Tamara,2005,9810,5.1
Peter Sarsgaard,The Center of the World,2001,4619,5.8
Rupert Friend,A Simple Favor,2018,131739,6.8
Rachele Brooke Smith,The Last Exorcist,2020,231,3.0
Clu Gulager,Summer Heat,1987,227,4.8
Esai Morales,Paid in Full,2002,10847,7.1
Jared Abrahamson,Be Afraid,2017,1885,4.8
Kate Siegel,Oculus,2013,118248,6.5
Charles Grodin,The Great Muppet Caper,1981,14021,7.2
Sanaa Lathan,Powder Blue,2009,14117,6.3
Mary Elizabeth Mastrantonio,Robin Hood: Prince of Thieves,1991,179701,6.9
Bob Hoskins,Balto,1995,40241,7.1
Linden Ashby,Accused at 17,2009,1221,5.5
Daryl Hannah,Shannon's Rainbow,2009,640,5.5
Rossy de Palma,Dead Weight,2002,4832,6.0
Ed Begley Jr.,Dark Horse,1992,970,7.9
Emma Samms,The Little Unicorn,2001,285,3.7
Toni Collette,The Boys,1998,1340,7.1
Emilia Clarke,Me Before You,2016,212785,7.4
Christopher Plummer,Eyewitness,1981,4375,6.0
Rhea Perlman,Half Magic,2018,1206,4.7
Dabbs Greer,Call Me Mister,1951,205,5.8
Jeff Hephner,Tigerland,2000,38236,6.9
Clemence Poesy,Welcome to the Roses,2003,1009,6.1
Jonathan Tucker,Stateside,2004,1817,5.9
David Wayne,O. Henry's Full House,1952,2224,7.3
Cassandra Lee Morris,Mobile Suit Gundam Thunderbolt: Bandit Flower,2017,181,6.6
Betty Gabriel,Unfriended: Dark Web,2018,27846,6.0
Edgar Ramirez,The Liberator,2013,5062,6.8
Michael Welch,Blood Craft,2019,187,3.4
Robert John Burke,Tombstone,1993,128704,7.8
Zahn McClarnon,Not Forgotten,2009,2527,4.8
Ellen Corby,"Hush...Hush, Sweet Charlotte",1964,13047,7.6
Liam Aiken,The Honor Farm,2017,299,3.7
Dirk Bogarde,Death in Venice,1971,19099,7.4
Robin Givens,Enemies Among Us,2010,507,2.3
Danielle Nicolet,Shadow of Doubt,1998,1679,5.2
Keegan-Michael Key,Lunatics: A Love Story,1991,545,6.2
Rory Cochrane,Dogtown,1997,360,5.3
Jack Palance,The Last Judgment,1961,616,6.8
Barry Humphries,Nicholas Nickleby,2002,11781,7.1
Teresa Palmer,The Place of No Words,2019,176,5.2
Carrie Fisher,Star Wars: Episode V - The Empire Strikes Back,1980,1170934,8.7
Sarah Jeffery,Across the Line,2015,389,5.2
Tia Carrere,Final Recourse,2013,384,5.2
Dom DeLuise,All Dogs Go to Heaven 2,1996,5583,5.6
Andy Samberg,Brigsby Bear,2017,15650,7.3
William Daniels,The President's Analyst,1967,3093,6.9
Louis Lombardi,Dough Boys,2008,104,4.9
Eric Stoltz,Mr. Jealousy,1997,2006,6.4
Sharon Stone,The Quick and the Dead,1995,86578,6.4
George Wendt,No Small Affair,1984,1991,5.5
Josh Helman,Kate Can't Swim,2017,160,5.4
Stuart Wilson,No Escape,1994,18662,6.1
Josh Brolin,Everest,2015,199555,7.1
Fred Armisen,The Little Hours,2017,20678,5.8
Tom Pelphrey,The Girl Is in Trouble,2015,844,4.9
Numan Acar,Kebab Connection,2004,4906,6.6
Michelle Williams,After the Wedding,2019,6224,6.3
Hattie Morahan,Enola Holmes,2020,132681,6.6
Erick Avari,Ritual,2002,1692,4.8
Andrew Scott,Spectre,2015,387668,6.8
Lance Henriksen,Aurora: Operation Intercept,1995,290,3.6
Herbert Lom,Dual Alibi,1947,192,6.8
Anjelica Huston,The Man from Elysian Fields,2001,4108,6.6
Coleen Gray,The Vampire,1957,962,5.8
Thomas Dekker,Lost in the White City,2014,126,5.6
Maureen O'Sullivan,Let Us Live,1939,478,6.8
Polly Walker,Savage Messiah,2002,994,6.5
Joseph Bologna,Ice Age: The Meltdown,2006,258970,6.8
Kelly Sullivan,Instakiller,2018,209,4.8
Andrew McCarthy,Class,1983,9736,6.0
Emily Hampshire,Borealis,2015,270,5.7
Omar Sharif,Behold a Pale Horse,1964,1820,6.8
Kevin Bacon,Forty Deuce,1982,176,5.5
Nancy Kovack,The Outlaws Is Coming,1965,545,6.4
Jean Reno,Brothers of the Wind,2015,2124,6.9
Francis Magee,The Calling,2000,1796,4.2
Sherry Jackson,The Mini-Skirt Mob,1968,383,4.7
Mark Ivanir,The Human Resources Manager,2010,1338,6.6
Mindy Robinson,Mantervention,2014,927,4.8
Ross Lynch,Snowtime!,2015,1277,6.1
Dennis Waterman,Scars of Dracula,1970,5104,6.2
Keith Allen,The Escort,1999,1193,6.2
Sara Driver,Stranger Than Paradise,1984,34956,7.5
Alex Jennings,The Wings of the Dove,1997,10409,7.1
Elizabeth Pena,Grandma,2015,14761,6.7
Giannina Facio,Hannibal,2001,257143,6.8
Adewale Akinnuoye-Agbaje,Get Rich or Die Tryin',2005,44370,5.4
Sally Hawkins,Paddington,2014,100015,7.2
Ron Perlman,Looney Tunes: Back in Action,2003,33644,5.7
Jennifer Aniston,Just Go with It,2011,223625,6.4
Alan Ladd,Two Years Before the Mast,1946,450,6.8
Don Ameche,Folks!,1992,2442,5.8
Jordan-Claire Green,School of Rock,2003,272278,7.1
Paul Bates,Coming to America,1988,191223,7.1
Barbara Hershey,Tin Men,1987,7897,6.6
Milton Berle,Margin for Error,1943,224,5.8
John Savage,American Romance,2016,350,4.1
Alexander Siddig,The Nativity Story,2006,10142,6.8
Gage Munroe,Brotherhood,2019,127,4.9
Christopher Sabat,Dragon Ball Z: Bojack Unbound,1993,5404,7.2
Gil Bellows,Love and a .45,1994,4030,6.1
Hugh Dancy,Blood and Chocolate,2007,17252,5.5
Deep Roy,The NeverEnding Story,1984,133651,7.4
Pamela Reed,Junior,1994,65500,4.6
Margaret Hamilton,State of the Union,1948,3518,7.3
Jeff Garlin,I Want Someone to Eat Cheese With,2006,3213,6.1
Dave Bautista,Guardians of the Galaxy Vol. 2,2017,580143,7.6
James Cagney,The Oklahoma Kid,1939,1956,6.4
Billy Bob Thornton,Grey Knight,1993,637,4.7
Tony Dow,Dickie Roberts: Former Child Star,2003,13755,5.6
Adam Pascal,Punk's Dead: SLC Punk 2,2016,913,4.8
Jeanne Moreau,The 400 Blows,1959,106830,8.1
Ashlie Atkinson,He's Way More Famous Than You,2013,708,3.8
Stewart Granger,Caesar and Cleopatra,1945,2606,6.3
William R. Moses,Trial by Jury,1994,1718,5.4
Isabelle Huppert,Docteur Francoise Gailland,1976,193,6.0
Jeremy Sisto,Ferdinand,2017,49738,6.7
Kyle Gallner,Danika,2005,3498,5.6
William H. Macy,Psycho,1998,46071,4.6
Matty Cardarople,Absolute Evil - Final Exit,2009,196,2.7
Sung Kang,Fast & Furious 6,2013,370952,7.0
Beverly D'Angelo,All American Christmas Carol,2013,499,4.5
Sean Connery,Highlander II: The Quickening,1991,43844,4.3
Ben Falcone,Unaccompanied Minors,2006,10530,5.3
Will Keen,Victor Frankenstein,2015,52924,6.0
Danny John-Jules,Arthur Christmas,2011,53207,7.1
Kate McNeil,Glitter,2001,21545,2.3
Peter Boyle,F.I.S.T.,1978,7267,6.5
Stewart Granger,Gun Glory,1957,698,6.2
Dash Mihok,The Girl Who Invented Kissing,2017,580,6.2
John Magaro,War Machine,2017,42444,6.0
Rebecca De Mornay,Raise Your Voice,2004,26933,5.9
Kevin Eldon,Johnny English Strikes Again,2018,65673,6.2
Charlton Heston,Hamlet,1996,36184,7.7
Sarita Choudhury,Lady in the Water,2006,95225,5.5
Ellen Albertini Dow,Eight Crazy Nights,2002,21842,5.4
Cheech Marin,The Shrimp on the Barbie,1990,1191,5.7
Claire Trevor,The Velvet Touch,1948,863,6.8
Stephen Graham,Doghouse,2009,21221,6.0
Scoot McNairy,War Machine,2017,42444,6.0
Gaby Hoffmann,Veronica Mars,2014,50607,6.8
Robb Wells,Rush: Cinema Strangiato 2019,2019,101,8.8
George Peppard,The Groundstar Conspiracy,1972,542,6.0
Melanie Zanetti,Love and Monsters,2020,36075,7.0
Shannon Kook,Empire of Dirt,2013,184,6.6
Tim Blake Nelson,The Vanishing of Sidney Hall,2017,9790,6.9
David O'Hara,Attack on Darfur,2009,2466,5.9
Mary Mouser,"Alexander and the Terrible, Horrible, No Good, Very Bad Day",2014,41257,6.2
Thomas Ian Griffith,For the Cause,2000,751,3.5
Luke Goss,Lost Time,2014,997,2.8
Ko Shibasaki,47 Ronin,2013,147465,6.3
Charlize Theron,Men of Honor,2000,107807,7.2
Terry Serpico,Random Hearts,1999,20131,5.3
Devon Bostick,Fugitive Pieces,2007,2375,7.0
Kelly Lynch,Cocktail,1988,79900,5.9
Mark Dacascos,Drive,1997,5536,6.8
James Gregory,"Captain Newman, M.D.",1963,2383,7.0
Sara Martins,Girlfriends,2006,245,4.2
Gianni Russo,Winter Kills,1979,2421,6.1
Famke Janssen,The Faculty,1998,111950,6.5
David Ramsey,Illicit,2017,176,5.1
Ellen Corby,Illegal,1955,1740,7.0
Elsa Lanchester,Passport to Destiny,1944,219,6.2
Nikki Deloach,Answers to Nothing,2011,1005,5.1
Charles Chaplin,The Great Dictator,1940,205350,8.4
Willie Garson,Things to Do in Denver When You're Dead,1995,26290,6.8
Ione Skye,Day Out of Days,2015,161,5.3
Kurtwood Smith,Roadie,1980,1092,5.2
Shelley Winters,Jury Duty,1995,7536,4.4
Danila Kozlovskiy,Veselchaki,2009,191,6.0
Mike Hagerty,Wayne's World,1992,145264,7.0
Ennis Esmer,What If,2013,71655,6.8
Toshiro Mifune,Red Sun,1971,8316,6.9
Kaya Scodelario,Pirates of the Caribbean: Dead Men Tell No Tales,2017,268268,6.5
Amy Hill,Let's Go to Prison,2006,23616,6.0
Jeremy Jackson,Shout,1991,1796,5.3
Patrick Gorman,John Wycliffe: The Morning Star,1984,130,6.7
Vera Miles,Back Street,1961,987,6.8
Ward Bond,You Only Live Once,1937,5999,7.3
Craig Robinson,Night at the Museum: Battle of the Smithsonian,2009,179302,6.0
Randy Quaid,Cold Dog Soup,1990,447,5.6
Brian Cox,Nicholas and Alexandra,1971,4458,7.2
Tim Daly,Year of the Comet,1992,1506,5.8
Diana Canova,One True Thing,1998,11394,7.0
Sarah Wayne Callies,Pay the Ghost,2015,16137,5.2
Mischa Barton,Walled In,2009,5708,4.8
Susannah Fielding,4.3.2.1.,2010,10375,5.8
Fairuza Balk,Almost Famous,2000,255110,7.9
Eva Marie Saint,Exodus,1960,8933,6.7
Robert Forster,Hotel Noir,2012,1297,5.5
Michael Zegen,The Girl Next Door,2007,23964,6.6
Kerry Washington,Sexual Life,2004,904,5.1
Jeffrey Wright,Shaft,2000,73934,5.9
Jake Thomas,A.I. Artificial Intelligence,2001,292055,7.2
Janet Leigh,Kid Rodelo,1966,101,5.7
Harry Morgan,The Ox-Bow Incident,1942,21053,8.0
Jake Johnson,21 Jump Street,2012,514293,7.2
Vince Vaughn,The Watch,2012,121844,5.7
Clark Johnson,Brawl in Cell Block 99,2017,59860,7.2
Hayley Mills,The Daydreamer,1966,342,6.3
Jessica Biel,London,2005,22447,6.5
Kent McCord,The War Lord,1965,3014,6.7
Peter Weller,Shadow Hours,2000,820,5.9
Elizabeth Taylor,Reflections in a Golden Eye,1967,6525,6.8
Charlize Theron,Children of the Corn III: Urban Harvest,1995,6771,4.2
Jay Mohr,Road Hard,2015,1758,6.1
Sean Pertwee,Wilderness,2006,9366,6.1
David Duchovny,Julia Has Two Lovers,1990,330,5.1
Joe Cole,A Prayer Before Dawn,2017,21025,6.9
Kip Pardue,Glitterati,2004,142,6.7
Vincent Schiavelli,Baadasssss!,2003,4727,7.3
Mandy Patinkin,Wonder,2017,145302,8.0
Robert Patrick,Endless Love,2014,40635,6.3
Jacob Vargas,Water & Power,2013,102,4.9
Barbara Niven,Short Track,2008,108,4.6
Eddie Albert,The Wagons Roll at Night,1941,901,6.3
Jo Ann Pflug,Catlow,1971,1030,5.6
Jeanne Tripplehorn,Very Bad Things,1998,45177,6.4
Hannah John-Kamen,Ready Player One,2018,375603,7.4
Caroline Munro,The Absence of Light,2006,289,2.1
Sam Waterston,Three,1969,300,5.9
Karen Black,Paris,2003,332,4.4
Andrew Knott,Spike Island,2012,3602,6.3
Diego Klattenhoff,Ice Princess,2005,25221,6.0
Laura Linney,Sully,2016,241973,7.4
David Haig,Downton Abbey,2019,41092,7.4
Mickey Rooney,Death on the Diamond,1934,292,6.2
Alfred Hitchcock,Spellbound,1945,43909,7.6
Alan Cumming,The Tempest,2010,7447,5.3
Lee Remick,The Running Man,1963,1202,6.6
Liam O'Brien,Mobile Suit Gundam: The Origin VI - Rise of the Red Comet,2018,250,7.8
Caitlin Carmichael,Conception,2011,1238,5.3
Roddy Piper,The One and Only,1978,679,5.8
Anthony Anderson,Harold & Kumar Go to White Castle,2004,182924,7.1
Ko Shibasaki,Shaolin Girl,2008,631,4.4
David Strathairn,Walkaway Joe,2020,668,5.6
Saskia Reeves,Anna,2013,21831,6.5
Alain Delon,Easy Down There!,1971,222,4.9
Steve McQueen,The Great Escape,1963,226870,8.2
John Hillerman,Paper Moon,1973,42675,8.1
Jack Palance,Battle of the Commandos,1969,212,5.0
Olympia Dukakis,Stiletto,1969,161,5.0
Marie Windsor,Japanese War Bride,1952,104,6.9
Yuh-Jung Youn,Actresses,2009,243,6.8
Dirk Bogarde,They Who Dare,1954,595,5.6
Jaden Smith,The Day the Earth Stood Still,2008,164341,5.5
Linnea Quigley,Nightmare Sisters,1988,1188,5.1
Joshua Jackson,D2: The Mighty Ducks,1994,37382,6.1
David Hasselhoff,Legacy,1998,175,4.0
Gregory Itzin,Small Time,2014,1300,6.0
Robbie Amell,Code 8,2019,34691,6.1
Amber Heard,3 Days to Kill,2014,88522,6.2
Rich Sommer,Celeste & Jesse Forever,2012,29812,6.6
Robert Knepper,R.I.P.D.,2013,118874,5.6
Neil Jackson,Push,2009,106464,6.1
Navid Negahban,Jimmy Vestvood: Amerikan Hero,2016,2546,5.2
Linnea Quigley,Stone Cold Dead,1979,396,5.3
Danny Pudi,Knights of Badassdom,2013,19361,5.6
Harvey Fierstein,Kull the Conqueror,1997,7803,4.9
Tom Kenny,Teen Titans Go! To the Movies,2018,16845,6.8
Jake Borelli,Nesting,2012,216,5.8
Berenice Bejo,Bouquet final,2008,574,5.9
Charles Durning,Scavenger Killers,2014,124,4.2
Julia Stiles,The Prince and Me,2004,37845,5.9
Lolita Davidovich,Four Days,1999,295,5.6
Vanessa Angel,G-Men from Hell,2000,334,4.5
Lana Turner,Ziegfeld Girl,1941,2592,6.8
Columbus Short,Death at a Funeral,2010,47263,5.7
Holt McCallany,Concussion,2015,88099,7.2
Rick Gonzalez,The Rookie,2002,32644,6.9
Ernest Borgnine,Sunday in the Country,1974,495,6.2
Kevin Kline,Present Laughter,2017,177,7.5
Ian Hart,Spring Forward,1999,1368,7.5
Gage Munroe,One Week,2008,11317,7.0
Ed O'Neill,Cruising,1980,19403,6.5
Dana Andrews,Strange Lady in Town,1955,452,6.3
Edward Fox,The Mind Benders,1963,579,6.4
Heather Graham,5 Days of War,2011,13507,5.6
Ricardo Montalban,Cannonball Run II,1984,15072,5.1
Courtney Love,200 Cigarettes,1999,14719,6.0
Shelley Long,The Money Pit,1986,52762,6.4
Halston Sage,X-Men: Dark Phoenix,2019,160139,5.7
Bing Crosby,Let's Make Love,1960,6706,6.5
Anne Lockhart,Cannery Row,1982,3412,6.7
Octavia Spencer,Gifted,2017,101686,7.6
Lana Turner,Two Girls on Broadway,1940,436,6.0
Denise Crosby,Miracle Mile,1988,9529,7.0
Tom Holland,Chaos Walking,2021,8140,5.7
Rachel Nichols,The Amityville Horror,2005,105849,6.0
Ken Marino,Love Happens,1999,121,5.5
Richard Riehle,Aaah! Zombies!!,2007,3187,5.7
Haylie Duff,The Lizzie McGuire Movie,2003,36111,5.5
Bob Hoskins,Den of Lions,2003,654,4.8
Troy Baker,Shinobi: Heart Under Blade,2005,12228,6.9
Mary Murphy,The Wild One,1953,14788,6.8
Sabu,White Savage,1943,115,6.0
Vijay Sethupathi,Puriyaatha Puthir,2017,904,6.6
Nathalie Kelley,The Depraved,2011,2751,5.2
William Fichtner,Date Night,2010,153372,6.3
Crispin Glover,Teachers,1984,3892,6.1
Gina Rodriguez,Deepwater Horizon,2016,153865,7.1
Ellen Burstyn,According to Greta,2009,9670,6.1
Aubrey Plaza,Child's Play,2019,45181,5.8
Vivien Leigh,Sidewalks of London,1938,1161,7.0
Lucille Soong,Raya and the Last Dragon,2021,42038,7.5
Theo James,The Inbetweeners Movie,2011,78934,6.7
Langley Kirkwood,The Bone Snatcher,2003,2390,4.4
Steve Zahn,You've Got Mail,1998,197376,6.7
Martin Compston,Strippers vs Werewolves,2012,1927,3.0
Jesse Rath,The Greatest Game Ever Played,2005,28504,7.4
Ed Harris,The Truman Show,1998,952912,8.1
Alyssa Milano,You Are My Home,2020,322,6.6
Ted Danson,Big Miracle,2012,18830,6.5
Mark Stevens,God Is My Co-Pilot,1945,587,6.5
Jason Isaacs,"Rio, I Love You",2014,1847,5.2
Dominic West,A Midsummer Night's Dream,1999,24541,6.4
Ashton Kutcher,Texas Rangers,2001,5452,5.2
Graham Greene,Dances with Wolves,1990,243239,8.0
Lindsey McKeon,Shredder,2001,1604,4.5
Tom Payne,IO,2019,31556,4.7
Dennis Boutsikaris,Taken,1999,155,5.4
Devin Ratray,Blue Ruin,2013,68258,7.1
Jack Nicholson,The Last Tycoon,1976,8045,6.3
Ziva Rodann,3 Nuts in Search of a Bolt,1964,140,4.6
Travis Schuldt,The Boy Next Door,2015,38583,4.7
Mari Blanchard,The Unknown Man,1951,375,6.5
Claire Danes,Igby Goes Down,2002,32115,6.9
Jacqueline Bisset,Inchon,1981,670,2.6
Jean Arthur,Danger Lights,1930,478,6.1
France Nuyen,Battle for the Planet of the Apes,1973,28955,5.6
John Krasinski,Smiley Face,2007,16620,5.8
Michael Ironside,Felidae,1994,4053,7.1
Janet Varney,Diani & Devine Meet the Apocalypse,2016,445,6.5
Angela Lansbury,Anastasia,1997,113162,7.2
Jessica Cauffiel,The Out-of-Towners,1999,13135,5.5
Asia Argento,Mother of Tears,2007,9477,5.1
Douglas Smith,State's Evidence,2004,663,6.2
John Wayne,Born to the West,1937,800,5.7
Sandra Dee,The Snow Queen,1957,2278,7.7
Shannon Woodward,Search Party,2014,7170,5.6
Christine Taylor,Dodgeball: A True Underdog Story,2004,230892,6.7
Gabriel Iglesias,A Haunted House 2,2014,19948,4.7
Jayne Mansfield,Las Vegas Hillbillys,1966,212,4.8
Daryl Hannah,The Gingerbread Man,1998,10581,5.7
Ned Dennehy,The Keeping Room,2014,6438,6.0
Tony Chiu-Wai Leung,Blind Romance,1996,115,6.8
Zulay Henao,Grand Isle,2019,2772,4.7
CCH Pounder,Face/Off,1997,352134,7.2
Dabbs Greer,Monkey Business,1952,12996,7.0
Jean-Paul Belmondo,Male Hunt,1964,389,6.4
John Anderson,The Hallelujah Trail,1965,3587,6.6
Marta Etura,"Sexo facil, peliculas tristes",2014,763,5.6
Orlando Jones,Enemies Closer,2013,5588,5.2
Pamela Franklin,The Food of the Gods,1976,3602,4.6
Kari Wahlgren,Tiger & Bunny: The Rising,2014,207,6.8
John Heard,Gladiator,1992,8374,6.5
Laz Alonso,Crime Partners,2003,254,3.7
Susan Walters,Galaxies Are Colliding,1992,137,6.1
Humberly Gonzalez,Kodachrome,2017,13108,6.8
Jean Dujardin,Deerskin,2019,6719,6.7
Ben Gazzara,The List,2000,369,4.5
Emma Bell,The Argument,2020,479,4.6
Lena Headey,300: Rise of an Empire,2014,282723,6.2
Brendan Sexton III,Beautiful Girl,2014,374,4.4
Jennifer Garner,A Happening of Monumental Proportions,2017,753,4.7
Charles S. Dutton,"Cry, the Beloved Country",1995,1683,6.8
Charles Laughton,Abbott and Costello Meet Captain Kidd,1952,1992,5.9
Carlos Gomez,All About Steve,2009,39917,4.8
Wendy Raquel Robinson,A Thin Line Between Love and Hate,1996,4569,5.7
Danny Trejo,Desperado,1995,172665,7.2
Quentin Tarantino,Little Nicky,2000,99677,5.3
Jenny Agutter,Heroes and Villains,2006,126,3.1
Michael Kitchen,New Year's Day,2000,407,6.3
Angela Sarafyan,We Are Boats,2018,424,5.6
Mary-Louise Parker,Chronically Metropolitan,2016,1029,5.1
Amanda Brugel,Kodachrome,2017,13108,6.8
David Zayas,Ride,2014,3962,5.7
Christina Chong,Legacy: Black Ops,2010,1277,5.2
Talia Balsam,The Wackness,2008,29902,7.0
Karine Vanasse,Turning Tide,2013,2236,6.4
Morena Baccarin,Roger Dodger,2002,16917,6.9
Victoria Jackson,Soccer Mom,2008,1141,5.0
Angelique Cabral,Band Aid,2017,5224,6.6
Nancy Allen,I Wanna Hold Your Hand,1978,4508,6.9
Callum Keith Rennie,Memento,2000,1136919,8.4
Maggie Gyllenhaal,Hysteria,2011,30676,6.7
Amy Sedaris,Ghost Team,2016,1842,4.7
William Ragsdale,Alex Strangelove,2018,15279,6.3
David Costabile,Stolen Summer,2002,2630,6.5
Robert Duvall,True Confessions,1981,7367,6.3
Peter Dinklage,Human Nature,2001,17547,6.4
Dabbs Greer,Diplomatic Courier,1952,952,6.9
Jessalyn Gilsig,Spree,2020,5413,5.9
Pamela Reed,Passed Away,1992,1174,5.9
Susan Park,Unicorn Store,2017,17710,5.5
Steven Cree,Brotherhood,2016,3712,6.1
John Billingsley,20th Century Women,2016,40831,7.3
David Carradine,Camille,2008,4566,6.0
Adam Rodriguez,Lovesick,2014,2699,5.2
Michael Beach,Soul Food,1997,7190,7.1
Ian Hart,The Closer You Get,2000,1404,6.3
Michael Hyatt,Two Weeks,2006,2004,6.4
William Shatner,The Wild,2006,24294,5.2
Meryl Streep,The Giver,2014,112804,6.5
Cameron Mitchell,Minnesota Clay,1964,622,6.1
Rodrigo Santoro,300: Rise of an Empire,2014,282723,6.2
Uma Thurman,Vatel,2000,7414,6.6
Will Ferrell,Melinda and Melinda,2004,31253,6.4
Hugh Bonneville,Paddington 2,2017,63007,7.8
Lauren E. Banks,In Reality,2018,165,5.3
Marie-Josee Croze,Collision,2013,2909,5.9
50 Cent,Den of Thieves,2018,95618,7.0
Emma Watson,Harry Potter and the Chamber of Secrets,2002,561516,7.4
Bree Turner,Life's a Beach,2012,226,3.7
Zoey Deutch,Set It Up,2018,43915,6.5
