Actor,Film,Year,Votes,Rating
Oona Chaplin,Imago mortis,2009,812,4.8
Neil Maskell,Basic Instinct 2,2006,37615,4.4
Jason Schwartzman,Listen Up Philip,2014,6233,6.3
Ellen Wong,Silent Night,2012,7635,5.2
June Diane Raphael,The Wedding Weekend,2006,621,5.6
Kathleen Turner,Body Heat,1981,31237,7.4
Chris Pine,Star Trek: Into Darkness,2013,465080,7.7
Matt Frewer,Watchmen,2009,509385,7.6
Mickey Rooney,Love Finds Andy Hardy,1938,1675,6.8
Clifton Powell,The Gospel,2005,1989,4.9
Ewen Bremner,Paranoid,2000,2172,4.0
George Hamilton,Sextette,1977,1201,3.6
Mathieu Amalric,Diary of a Seducer,1996,276,6.8
Branscombe Richmond,Showdown in Little Tokyo,1991,16732,6.2
Nicole Kidman,Emerald City,1988,540,5.4
Bradley Whitford,Saving Mr. Banks,2013,153367,7.5
Alexa PenaVega,Ghosts of Mississippi,1996,10188,6.7
Peter Gallagher,Mr. Deeds,2002,137290,5.8
Chris Noth,The Confession,1999,2410,6.0
Annabella Sciorra,Mr. Jealousy,1997,2006,6.4
Dianna Agron,Shiva Baby,2020,1208,7.2
Dean Martin,4 for Texas,1963,3056,5.6
Becky Ann Baker,Two Weeks Notice,2002,108939,6.2
Ursula Andress,The Loves and Times of Scaramouche,1976,112,3.9
Dustin Hoffman,The Messenger: The Story of Joan of Arc,1999,64286,6.4
Bonnie Aarons,Valentine's Day,2010,114959,5.7
Isaiah Washington,Out of Sight,1998,86895,7.0
Joseph Gatt,Malicious Intent,2000,151,4.4
Sophie Ward,Little Dorrit,1987,1030,7.3
George Takei,Money Fight,2012,498,3.9
Bill Moseley,Old 37,2015,1249,3.9
Laura Dern,The Tale,2018,15782,7.3
Damian Young,We Only Know So Much,2018,104,5.1
Hugh Bonneville,Jingle Jangle: A Christmas Journey,2020,15634,6.5
Jane Asher,I Give It a Year,2013,35739,5.7
Samantha Sloyan,Miss Virginia,2019,562,7.0
Vyto Ruginis,Hot to Trot,1988,3072,4.5
Julia Benson,Blonde and Blonder,2008,3482,2.8
Ray Porter,The Runaways,2010,46649,6.5
John Wesley Shipp,Golden Shoes,2015,326,3.5
Tobin Bell,The Road to El Dorado,2000,85588,6.9
Rachael Harris,Stuart Little 2,2002,50803,5.5
Chloe Bridges,Browse,2020,115,3.6
James Marshall,Don't Do It,1994,163,4.7
Raquel Welch,Fantastic Voyage,1966,17237,6.8
Robin Thomas,Clockstoppers,2002,13511,5.2
Felix Silla,The Brood,1979,26348,6.9
Kathryn Hahn,Spider-Man: Into the Spider-Verse,2018,389682,8.4
Lee Van Cleef,God's Gun,1976,1251,5.1
Jordana Brewster,The Faculty,1998,111950,6.5
Sterling Holloway,Alice in Wonderland,1933,1948,6.4
Daniel Roebuck,Dark and Stormy Night,2009,679,6.8
Cameron Bright,Normal,2007,1167,5.9
Marc Anthony,Natural Causes,1994,149,5.2
Brian Cox,RED,2010,291623,7.0
James Brolin,Being Rose,2017,286,5.7
Tia Carrere,Five Aces,1999,561,5.0
Ed Lauter,The Number 23,2007,194140,6.4
Marton Csokas,Jack Brown Genius,1996,214,5.1
Rosalind Chao,Mulan,2020,116927,5.6
Sinead Cusack,Hoffman,1970,1228,6.9
Jane Lynch,Mascots,2016,6790,5.8
Amy Sedaris,The Best and the Brightest,2010,1357,4.9
Gil Bellows,Dead Draw,2016,499,4.9
Tammy Blanchard,Certainty,2011,133,5.0
Chelsea Edmundson,The Black String,2018,923,5.3
Fred Savage,The Rules of Attraction,2002,49651,6.7
Jeffrey Donovan,Hindsight,2008,372,4.9
Felicity Dean,Shoot on Sight,2007,1612,6.1
Mary Wickes,By the Light of the Silvery Moon,1953,1987,7.1
Madolyn Smith Osborne,All of Me,1984,16962,6.7
Erik von Detten,Top Dog,1995,3190,4.3
Drew Barrymore,Inside the Goldmine,1994,255,2.9
Olivia de Havilland,The Strawberry Blonde,1941,3255,7.3
Berenice Bejo,A Friendly Tale,2020,527,6.2
Bill Heck,I'm Your Woman,2020,6425,6.2
Geoffrey Rush,The Life and Death of Peter Sellers,2004,14461,6.9
Anthony Heald,The Ballad of Little Jo,1993,1404,6.7
Ed Stoppard,Brideshead Revisited,2008,12311,6.7
Amanda Peet,Saving Silverman,2001,38878,5.9
Madison De La Garza,Caged No More,2016,397,5.6
Peter Billingsley,Spider-Man: Far from Home,2019,336117,7.5
Dean-Charles Chapman,1917,2019,447916,8.3
Jane Birkin,Between the Devil and the Deep Blue Sea,1995,482,7.1
Melora Walters,Shit Year,2010,284,5.6
Richard Riehle,Swing State,2017,312,4.1
Gene Tierney,Hudson's Bay,1940,345,6.3
Justin Kirk,Molly's Game,2017,147684,7.4
Paul Guilfoyle,Howard the Duck,1986,43613,4.7
Nolan North,Batman: The Killing Joke,2016,50479,6.4
Eddie Marsan,Mad Cows,1999,307,4.2
Aleksa Palladino,Find Me Guilty,2006,33126,7.0
David Wenham,Peter Rabbit,2018,36140,6.6
Goldie Hawn,Butterflies Are Free,1972,4727,7.2
Harrison Gilbertson,Virginia,2010,1978,5.4
Sam Peckinpah,Convoy,1978,15396,6.4
Michael Caine,The Day the Earth Caught Fire,1961,4698,7.2
Anne Archer,Trackdown,1976,277,6.0
Mathew Horne,Breaking the Bank,2014,775,4.9
Richard Widmark,The Domino Killings,1977,2170,5.7
Matthew Lillard,Dead Man's Curve,1998,4367,5.9
Paloma Kwiatkowski,Percy Jackson: Sea of Monsters,2013,111190,5.8
Barbara Carrera,When Time Ran Out...,1980,2527,4.6
Sarah Jessica Parker,All Roads Lead to Rome,2015,5253,4.9
Caroline Dhavernas,Mr. Average,2006,237,5.5
Paul Winfield,Star Trek II: The Wrath of Khan,1982,113565,7.7
C. Thomas Howell,Acting on Impulse,1993,280,5.8
Briana Evigan,Subject: I Love You,2011,133,5.5
Joan Chen,The Hunted,1995,4808,6.0
Tom Wilkinson,Royal Deceit,1994,2033,5.5
Chad Lowe,True Blood,1989,429,5.5
Jean Simmons,The Inheritance,1947,625,6.7
Zosia Mamet,Emily & Tim,2015,271,6.0
William H. Macy,Searching for Bobby Fischer,1993,34860,7.4
Dominic Cooper,Starter for 10,2006,22219,6.7
Marley Shelton,Valentine,2001,25813,4.9
Donna Mills,Dangerous Intentions,1995,414,6.1
Murray Hamilton,Anatomy of a Murder,1959,60483,8.0
Kevin Rahm,Nightcrawler,2014,474197,7.8
Noel Gugliemi,Hotel California,2008,270,5.7
Patrick Wayne,The Bears and I,1974,347,6.2
Charlie Murphy,The Foreigner,2017,103999,7.0
Joaquin Phoenix,Parenthood,1989,45697,7.0
James D'Arcy,Let's Be Cops,2014,127821,6.4
Javier Botet,The Crucifixion,2017,7044,5.1
Riccardo Scamarcio,The Scent of Blood,2004,260,5.8
Macon Blair,Gold,2016,58304,6.7
Salma Hayek,Fled,1996,8592,5.4
Julie Adams,Bright Victory,1951,780,7.2
Conan O'Brien,Bewitched,2005,69671,4.8
Gina Gershon,Breathless,2012,1353,5.1
Jim Gaffigan,Kimberly,1999,662,5.1
Kathy Bates,Dolores Claiborne,1995,39565,7.4
Joe Lo Truglio,Hitch,2005,297824,6.6
Nina Hoss,The Heart Is a Dark Forest,2007,387,6.4
Scottie Thompson,37,2014,147,6.0
Maggie Gyllenhaal,White House Down,2013,207838,6.4
Gene Wilder,Another You,1991,3632,5.4
Holly Hunter,Jackie,2012,2129,6.8
Garcelle Beauvais,Women in Trouble,2009,5901,5.7
Marsha Thomason,The Tripper,2006,5850,5.0
Abbie Cornish,6 Days,2017,18941,6.2
Paul Dooley,Rich Kids,1979,542,6.5
Patricia Arquette,The Secret Agent,1996,2206,5.7
Lee Evans,The Fifth Element,1997,437619,7.7
Claire Forlani,Shannon's Rainbow,2009,640,5.5
Sophie Okonedo,Scenes of a Sexual Nature,2006,5113,6.0
David Haig,Rachel's Attic,2002,131,3.6
Brian Blessed,Man of La Mancha,1972,3970,6.7
Jack Palance,The Shape of Things to Come,1979,786,3.2
Robert Loggia,Wild Seven,2006,3536,3.9
William Conrad,The Killers,1946,19471,7.8
Paul Rudd,Ant-Man,2015,579879,7.3
Colin Salmon,Shank,2010,3216,4.1
Nina Hoss,Gold,2013,1082,6.2
Thomas Jane,Thursday,1998,17329,7.2
Matthew McConaughey,A Time to Kill,1996,134968,7.5
Esai Morales,The Principal,1987,9024,6.3
Michael Jeter,The Green Mile,1999,1163069,8.6
Casey Affleck,I'm Still Here,2010,21240,6.2
Barbara Billingsley,The Tall Target,1951,1768,7.2
William Holden,Escape from Fort Bravo,1953,2466,6.7
Frederick Weller,Armageddon,1998,398325,6.7
Linda Blair,Savage Streets,1984,4159,6.3
Gavin O'Connor,Tumbleweeds,1999,3250,6.7
Tom Guiry,Ride with the Devil,1999,13041,6.7
Kate Mara,Tall Tales from the Magical Garden of Antoon Krings,2017,214,4.6
Ben Johnson,The Getaway,1972,28221,7.4
Daniel Stern,Little Monsters,1989,11663,6.1
Merle Oberon,Wuthering Heights,1939,16644,7.6
Kelly Preston,Jerry Maguire,1996,245023,7.3
Mickey Rooney,Broadway to Hollywood,1933,253,5.8
Vincent Pastore,Sunset Park,1996,1551,6.1
Michael Raymond-James,The Finest Hours,2016,62553,6.8
Marisa Coughlan,I Love Your Work,2003,1785,5.3
Terrence Howard,The Best Man Holiday,2013,15000,6.7
Jay O. Sanders,JFK,1991,143504,8.0
Jerry Ferrara,Club Life,2015,479,4.8
John Carroll Lynch,The Highwaymen,2019,77793,6.9
Rhoda Griffis,Cobb,1994,7129,6.4
Alexander Ludwig,When the Game Stands Tall,2014,15439,6.7
Dennis Hopper,The Spreading Ground,2000,484,4.8
Colin Hanks,How It Ends,2021,174,6.1
Richard Kiel,The Nasty Rabbit,1964,331,2.5
Burgess Meredith,Mine Own Executioner,1947,380,6.8
Dule Hill,The Guardian,2006,88042,6.9
David Proval,Pete Smalls Is Dead,2010,1139,5.1
Mark Harelik,For Your Consideration,2006,14070,6.3
Martin Balsam,Death Rage,1976,628,5.1
Neil Flynn,Sex and Death 101,2007,10789,6.0
Lorenza Izzo,Once Upon a Time... In Hollywood,2019,569358,7.6
Colombe Jacobsen-Derstine,D3: The Mighty Ducks,1996,25195,5.5
Larry Hankin,The Shadow,1994,23643,6.1
Mark Moses,Paranoia,2013,35262,5.7
Jack Elam,The Last Rebel,1971,142,3.2
Harry Treadaway,City of Ember,2008,63150,6.5
Engin Altan Duzyatan,Kalbin zamani,2004,261,4.9
Tom Berenger,The Dogs of War,1980,7749,6.4
Rami Malek,The Twilight Saga: Breaking Dawn - Part 2,2012,233442,5.5
Penn Badgley,The Fluffer,2001,2744,5.6
Uma Thurman,Johnny Be Good,1988,6181,4.6
Katherine LaNasa,Buttwhistle,2014,277,4.3
Guy Burnet,Age of Heroes,2011,9484,5.6
Tadanobu Asano,Funky Forest: The First Contact,2005,2315,6.8
Val Kilmer,Pollock,2000,27049,7.0
Bryce Papenbrook,Blame!,2017,7139,6.7
LaKeith Stanfield,Someone Great,2019,18451,6.2
Udo Kier,Lulu,1980,192,5.8
Jackie Chan,Enter the Dragon,1973,97652,7.7
Brendan Fraser,School Ties,1992,22439,6.9
Jeri Ryan,Down with Love,2003,39752,6.3
Owen Teague,Every Day,2018,18902,6.4
Cuba Gooding Jr.,Welcome to Hollywood,1998,717,4.9
John Wayne,Chisum,1970,9043,6.9
Juliet Aubrey,Mine,2016,15860,5.9
Keir O'Donnell,Bar Starz,2008,151,3.8
Gerard Depardieu,The Man in the Iron Mask,1998,157914,6.5
Melina Kanakaredes,Snitch,2013,83606,6.4
Jim Belushi,Hoodwinked!,2005,56930,6.4
Colleen Dewhurst,The Nun's Story,1959,9533,7.6
Michael O'Keefe,The Whoopee Boys,1986,768,6.0
William Forsythe,Paradise Lost,1999,236,4.7
Ron Silver,Garbo Talks,1984,1449,6.4
Matthew Mercer,Hunter X Hunter: Phantom Rouge,2013,2078,6.7
Mark Hamill,The Guyver,1991,4836,5.0
George Newbern,Far Harbor,1996,343,4.6
Noah Beery Jr.,Tanks a Million,1941,220,6.1
Mandy Patinkin,The Big Fix,1978,1384,6.3
Jim Broadbent,The Harry Hill Movie,2013,2056,3.8
Richard Moll,Headless Horseman,2007,987,3.8
Anna Massey,Deja Vu,1997,788,7.0
Erica Gimpel,Touch Me,1997,419,6.0
John Carroll Lynch,Lay the Favorite,2012,11196,4.8
Mary-Margaret Humes,The Back-up Bride,2011,144,4.0
Andrew Santino,Friendsgiving,2020,1513,4.4
Dexter Fletcher,The Bounty,1984,25015,7.1
Harry Shearer,Almost Heroes,1998,15719,5.9
Kirk Douglas,The Glass Menagerie,1950,1025,7.1
James Cagney,Run for Cover,1955,1387,6.7
Leslie Mann,Knocked Up,2007,352729,6.9
Sam Waterston,Serial Mom,1994,27256,6.8
Judy Davis,Marie Antoinette,2006,102837,6.5
Jordan Ladd,Embrace of the Vampire,1995,5935,4.4
Elijah Wood,Green Street Hooligans,2005,142778,7.5
Humphrey Bogart,We're No Angels,1955,8504,7.5
Judith Barsi,The Land Before Time,1988,80605,7.4
Jean-Paul Belmondo,One Hundred and One Nights,1995,1214,6.2
Ciaran Hinds,Justice League,2017,406452,6.2
Caitlin Carmichael,Lizzie,2012,789,2.4
James Nesbitt,Lucky Break,2001,2135,6.1
Leslie Nielsen,Foxfire Light,1983,226,5.0
Camilla Belle,Amapola,2014,272,5.0
Edward James Olmos,A Million to Juan,1994,755,5.6
Beth Grant,Rango,2011,239668,7.2
Mindy Kaling,No Strings Attached,2011,215472,6.2
Elarica Johnson,Harry Potter and the Half-Blood Prince,2009,480959,7.6
Chad Everett,First to Fight,1967,279,5.7
George Segal,The Last Married Couple in America,1980,585,5.4
Ann-Margret,R.P.M.,1970,495,5.3
Phil Leeds,Soapdish,1991,14714,6.6
Mia Farrow,Scoundrel in White,1972,592,5.9
James Hong,The Hawaiians,1970,998,6.2
Jane Greer,Man of a Thousand Faces,1957,2424,7.2
Peter Sarsgaard,The Sound of Silence,2019,1046,5.7
Matthew Broderick,Mrs. Parker and the Vicious Circle,1994,4227,6.4
Vincent Price,Green Hell,1940,304,5.8
Frederic Forrest,Whatever,1998,963,6.4
Mark Stevens,Hollywood Canteen,1944,1920,7.1
Peter Facinelli,The Damned,2013,6015,5.2
Paul Greene,"Buttons, A New Musical Film",2018,390,5.4
Mark Boone Junior,Full Clip,2004,472,3.3
Catherine Missal,Natural Selection,2016,1891,5.1
Lou Diamond Phillips,The Dark Wind,1991,558,5.5
Lee Norris,Gone Girl,2014,873628,8.1
Kiele Sanchez,Mr. Magorium's Wonder Emporium,2007,42996,6.2
W. Earl Brown,The Last Shot,2004,4115,5.6
Richard Riehle,Of Mice and Men,1992,40793,7.5
Diane Keaton,Reds,1981,21126,7.3
Kevin McNally,Valkyrie,2008,230025,7.1
Nathan Lane,Astro Boy,2009,33578,6.3
Joe Anderson,The 27 Club,2008,334,6.7
Lois Smith,Marjorie Prime,2017,5813,6.3
Ewan McGregor,Last Days in the Desert,2015,3747,5.6
Aron Eisenberg,The Liars' Club,1993,415,5.5
Michael Clarke Duncan,Kung Fu Panda,2008,423965,7.6
David Koechner,Piranha 3DD,2012,40220,3.7
Dermot Mulroney,The Grey,2011,241965,6.8
Burt Reynolds,Cop & 1/2,1993,8223,4.1
Mike White,Swingers,1996,75911,7.2
Lucio Fulci,An American in Rome,1954,1632,7.0
Anthony Quinn,"Sinbad, the Sailor",1947,1888,6.2
Brynn Thayer,Big Shots,1987,742,5.8
Ty Olsson,Chaos,2005,51728,6.5
John Wayne,Legend of the Lost,1957,2852,6.1
Leonardo DiCaprio,The Wolf of Wall Street,2013,1209490,8.2
John Robinson,Lords of Dogtown,2005,52308,7.1
Angie Dickinson,The Bramble Bush,1960,173,5.6
Tom Lister Jr.,Diamond Cartel,2015,463,3.0
Michael Gaston,Far from Heaven,2002,44212,7.3
Marla Gibbs,Love Jacked,2018,1535,5.8
Nicholas Farrell,The Discovery of Heaven,2001,3694,6.7
Sung Kang,The Motel,2005,1309,6.7
Maria Grazia Cucinotta,All the Invisible Children,2005,3878,7.5
Laura Vandervoort,Troubled Waters,2006,550,5.2
Dylan Sprouse,I Saw Mommy Kissing Santa Claus,2001,1139,4.8
Garrett Hedlund,On the Road,2012,40055,6.1
Jeanette Nolan,7th Cavalry,1956,1058,5.8
Eliza Bennett,Nanny McPhee,2005,68860,6.5
Kate Lyn Sheil,Silver Bullets,2011,385,5.1
Clarence Williams III,Tough Guys Don't Dance,1987,1231,5.0
Gil Birmingham,The Boxcar Children - Surprise Island,2018,137,4.8
Cameron Diaz,The Invisible Circus,2001,2916,5.6
Montana Jordan,The Legacy of a Whitetail Deer Hunter,2018,3548,5.5
Clayne Crawford,The Killing of Two Lovers,2020,525,7.2
Charles Napier,Macon County Jail,1997,233,4.2
Michael Rapaport,Zebrahead,1992,1175,6.3
Akshay Kumar,Singh Is Kinng,2008,14337,5.7
Tammy Blanchard,Bella,2006,10425,7.2
Katherine LaNasa,Kiss & Tell,1997,211,4.8
Yvette Mimieux,The Delta Factor,1970,124,3.9
Kate Vernon,Hostile Takeover,1988,166,5.0
Don McManus,Kill Theory,2009,6854,5.4
Richard Hatch,Ghetto Blaster,1989,260,4.0
Jeremy Irvine,This Beautiful Fantastic,2016,9967,6.9
Joe Mantegna,Weeds,1987,788,6.1
Buddy Ebsen,Four Girls in White,1939,261,6.0
Joan Hickson,Beware of Children,1960,157,5.6
Lillian Gish,One Romantic Night,1930,385,5.8
Scotty Beckett,Gold Rush Maisie,1940,340,6.4
Leonor Varela,Innocent Voices,2004,7293,7.9
Clemence Poesy,Tenet,2020,323041,7.5
Lionel Barrymore,The Yellow Ticket,1931,167,6.4
Cheyenne Jackson,Lola Versus,2012,8421,5.5
Samm Levine,Inglourious Basterds,2009,1285359,8.3
Jim Backus,Critic's Choice,1963,880,5.9
Kierston Wareing,Fish Tank,2009,59474,7.3
Jacinda Barrett,Poseidon,2006,99416,5.7
Blake Ritson,Serena,2014,27337,5.4
Dave Chappelle,Undercover Brother,2002,33536,5.8
Rodrigo Santoro,There Be Dragons,2011,4546,5.8
Nicole Kidman,The Others,2001,340562,7.6
Sophie Nelisse,The Book Thief,2013,128288,7.6
Brooke Lyons,Dark Reel,2008,1029,3.5
Michelle Yeoh,Moonlight Express,1999,380,6.2
Jason London,Awaken,2015,1429,3.4
Brian Backer,The Money Pit,1986,52762,6.4
Phyllis Smith,Barb and Star Go to Vista Del Mar,2021,5099,6.5
Sarah Roemer,Asylum,2008,3485,4.1
Doug Jones,Always Watching: A Marble Hornets Story,2015,2772,4.8
Sophie Marceau,The World Is Not Enough,1999,189615,6.4
Fred MacMurray,The Gilded Lily,1935,566,6.7
Fenella Woolgar,High-Rise,2015,38585,5.6
Madeleine McGraw,Ant-Man and the Wasp,2018,319007,7.0
Hill Harper,Loving Jezebel,1999,353,5.7
Maria Pitillo,Wise Guys,1986,5392,5.7
Sterling Holloway,Doubting Thomas,1935,165,6.7
Paul Petersen,The Monolith Monsters,1957,2895,6.4
Lawrence Tierney,Step by Step,1946,340,6.3
Guillermo Diaz,The Lost Platoon,1990,177,4.1
Laetitia Casta,The Ideal Palace,2018,829,7.2
Nasim Pedrad,Cooties,2014,23392,5.7
Jay O. Sanders,The Misfit Brigade,1987,1853,5.9
M. Emmet Walsh,Portraits of a Killer,1996,178,5.2
John Glover,Annie Hall,1977,253358,8.0
Frank Oz,Muppets from Space,1999,18198,6.3
Karl Malden,Take the High Ground!,1953,884,6.1
Sally Kellerman,Reach Me,2014,2625,4.9
Clint Eastwood,Kelly's Heroes,1970,45666,7.6
Damien Chazelle,Guy and Madeline on a Park Bench,2009,1460,6.0
Vicky Krieps,Two Lives,2012,2988,7.0
Ayelet Zurer,For Sasha,1991,392,5.7
Christine Lahti,Touched with Fire,2015,2330,6.2
Sebastian Stan,Hot Tub Time Machine,2010,163021,6.4
Idina Menzel,Frozen II,2019,141273,6.9
Kate Walsh,Staten Island Summer,2015,6726,5.6
Leif Garrett,The Whispering,1995,105,3.5
Tony Curtis,The Lady Gambles,1949,611,6.6
Joan Bennett,House of Dark Shadows,1970,2699,6.4
Jean-Paul Belmondo,The Brain,1969,3533,6.9
Bruce Spence,Rikky and Pete,1988,268,6.0
Anna Thomson,The Pope of Greenwich Village,1984,7868,6.7
Robb Wells,Relative Happiness,2014,236,6.1
Cobie Smulders,Present Laughter,2017,177,7.5
Richard Anderson,The Player,1992,55376,7.5
Sam Neill,The Revengers' Comedies,1998,1615,6.2
Larry Fessenden,Stray Bullets,2016,329,4.1
Kevin Zegers,In the Mouth of Madness,1994,62308,7.2
Neve Campbell,Intimate Affairs,2001,1470,4.7
Rooney Mara,Side Effects,2013,181135,7.1
Glenn Ford,Superman,1978,160617,7.3
Richard Conte,The Raging Tide,1951,158,6.2
Tadanobu Asano,Detective Chinatown 3,2021,634,5.4
John Hurt,King Ralph,1991,15246,5.4
John Getz,Held for Ransom,2000,448,4.6
Andrea Riseborough,Made in Dagenham,2010,14594,7.2
Alice Eve,Decoding Annie Parker,2013,2911,6.2
Edgar Buchanan,Arizona,1940,1191,6.7
Ludivine Sagnier,Lou! Journal infime,2014,496,6.2
Steven Mackintosh,A Life in Suitcases,2005,229,6.2
Todd Field,The Haunting,1999,72124,5.0
Andre Holland,High Flying Bird,2019,7752,6.2
Rick Gomez,Three to Tango,1999,18391,6.0
Tammy Lauren,Wishmaster,1997,21157,5.8
Jamie Campbell Bower,RocknRolla,2008,237775,7.3
Johnathon Schaech,Finding Graceland,1998,1908,6.4
Lolita Davidovich,Touch,1997,2252,5.6
Lindsey Morgan,Skylines,2020,4575,4.7
Toby Schmitz,Griff the Invisible,2010,4651,6.1
Olivia de Havilland,Gone with the Wind,1939,292744,8.1
Jeff Fahey,County Line,2017,439,5.9
Siobhan Fallon Hogan,Striptease,1996,43368,4.5
Alexandra Paul,He's Such a Girl,2009,347,4.2
Leslie Nielsen,Wrongfully Accused,1998,23929,6.2
Paul McGillion,Joe Finds Grace,2017,277,8.6
Cory Lee,How to Kill Your Neighbor's Dog,2000,3434,6.8
Jada Pinkett Smith,Welcome to Hollywood,1998,717,4.9
Maury Chaykin,Sugar,2004,1897,5.7
Rachel Wilson,Senior Trip,1995,5454,5.8
Joan Hackett,One-Trick Pony,1980,614,6.2
Edwige Fenech,Innocence and Desire,1974,167,5.3
Alison Brie,Joshy,2016,3940,5.9
Audrey Tautou,Coco Before Chanel,2009,38968,6.7
Gloria Stuart,The Old Dark House,1932,9584,7.1
Peter Sellers,The Man Who Never Was,1956,4591,7.4
Tom Baker,Wonder Park,2019,10364,5.9
Chris Mulkey,The Purge,2013,204238,5.7
Jim Carter,The Good Liar,2019,28233,6.6
John Cleese,Charlotte's Web,2006,37746,6.3
Randolph Scott,Rage at Dawn,1955,1062,5.9
Nancy Kwan,Cold Dog Soup,1990,447,5.6
Irene Jacob,Dark,2017,144,7.1
Richard Speight Jr.,Thank You for Smoking,2005,213758,7.6
Kane Hodder,Alligator II: The Mutation,1991,2014,3.8
W. Earl Brown,Brother's Keeper,2013,464,5.2
Cress Williams,2 Days in the Valley,1996,18553,6.5
Doris Day,By the Light of the Silvery Moon,1953,1987,7.1
Shelley Winters,Mrs. Munck,1995,179,5.0
Danielle Bisutti,Tropix,2004,112,3.7
Jennifer Lopez,My Family,1995,3744,7.3
Regina Hall,Scary Movie,2000,233922,6.2
Pip Torrens,Oxford Blues,1984,2968,5.4
John Schuck,Dick Tracy,1990,58144,6.1
Tom Bower,Lamb,2015,1865,6.3
Vijay Sethupathi,Sindhubaadh,2019,358,5.2
Gina Rodriguez,Enter the Dangerous Mind,2013,965,5.2
Sarah Roemer,The Grudge 2,2006,47446,5.1
Joss Ackland,The Three Musketeers,1973,15628,7.2
Eva Mendes,All About the Benjamins,2002,12858,5.9
Michael Massee,The Crow,1994,167817,7.6
Machine Gun Kelly,Bird Box,2018,284614,6.6
Mia Sara,Dorothy and the Witches of Oz,2012,415,4.5
Keegan-Michael Key,The Lego Movie,2014,325945,7.7
Samm Levine,Anderson's Cross,2010,121,4.9
Katey Sagal,I'm Reed Fish,2006,4204,5.7
Marton Csokas,The Lord of the Rings: The Return of the King,2003,1660358,8.9
Drake Bell,The Neon Bible,1995,781,6.2
Sandra Bullock,All About Steve,2009,39917,4.8
Chris Kattan,Corky Romano,2001,12552,4.7
Eric Roberts,23 Minutes to Sunrise,2012,571,4.2
Dakota Johnson,Bad Times at the El Royale,2018,131326,7.1
Tamannaah Bhatia,F2: Fun and Frustration,2019,2105,6.2
Lucille Ball,Too Many Girls,1940,774,6.1
Sandy Dennis,Splendor in the Grass,1961,17990,7.8
Wendy Crewson,A Beginner's Guide to Endings,2010,1681,6.4
Kate Vernon,Chained Heat,1983,2082,5.0
Lexi Ainsworth,The Gray Man,2007,1560,6.0
Mike Henry,More Dead Than Alive,1969,710,6.2
Adam Sandler,Hotel Transylvania 3: Summer Vacation,2018,59019,6.3
Adrian Edmondson,The Supergrass,1985,557,6.5
Eric Allan Kramer,Surge of Power: Revenge of the Sequel,2016,126,5.0
Audra McDonald,Ricki and the Flash,2015,22517,5.9
Jack Noseworthy,Undercover Brother,2002,33536,5.8
Whoopi Goldberg,Theodore Rex,1995,4233,2.5
Nancy Allen,Strange Invaders,1983,2636,5.5
James Russo,We're No Angels,1989,21837,6.2
Nick Krause,White Rabbit,2013,1211,6.1
Tyler Labine,A Good Old Fashioned Orgy,2011,21470,6.1
Beverly D'Angelo,In the Mood,1987,890,6.3
Richard Armitage,Frozen,2005,564,5.6
Mackenzie Phillips,The Jacket,2005,108965,7.1
Stephen Baldwin,Bio-Dome,1996,26139,4.5
Joaquin Phoenix,Clay Pigeons,1998,10883,6.6
Toshiro Mifune,Animas Trujano (El hombre importante),1961,439,7.6
Joe Alwyn,The Sense of an Ending,2017,6098,6.3
Rachel Griffiths,Hacksaw Ridge,2016,444126,8.1
Amanda Walsh,Stardom,2000,1620,5.6
Genevieve Bujold,Between Sweet and Salt Water,1967,280,7.1
Kate Winslet,The Fox & the Child,2007,3881,6.9
Lara Flynn Boyle,Mobsters,1991,8470,6.0
Gregory Peck,The World in His Arms,1952,1794,6.9
Jay Chandrasekhar,Beerfest,2006,64409,6.3
Yuji Okumoto,True Believer,1989,4437,6.7
Yannick Bisson,Year by the Sea,2016,179,5.3
Olivia Wilde,Turistas,2006,36697,5.4
Anthony Quinn,Man from Del Rio,1956,583,6.3
Elliot Page,Touchy Feely,2013,3534,5.3
John Waters,Cecil B. DeMented,2000,13671,6.3
Jami Gertz,Mischief,1985,5755,6.6
Mel Rodriguez,Shark Bait,2006,3822,4.2
Peter Jackson,Bad Taste,1987,44351,6.6
Salman Khan,Andaz Apna Apna,1994,49610,8.2
Mitchell Ryan,The Hunting Party,1971,2605,6.3
Paul Williams,The Muppet Movie,1979,33166,7.6
Goldie Hawn,Best Friends,1982,2616,5.5
Shelley Winters,Let No Man Write My Epitaph,1960,446,6.8
Terence Hill,Non c'e due senza quattro,1984,9385,7.2
Rami Malek,Ain't Them Bodies Saints,2013,20598,6.4
Josh Lucas,J. Edgar,2011,123334,6.5
Erick Avari,Choose Connor,2007,290,6.3
Orson Welles,The Battle on the River Neretva,1969,3298,7.2
Kristin Chenoweth,The Boy Next Door,2015,38583,4.7
Iain Glen,Kick-Ass 2,2013,256514,6.5
Earl Hindman,The Parallax View,1974,16189,7.1
Edward Winter,A Change of Seasons,1980,916,5.3
Christian Isaiah,21 Bridges,2019,52539,6.6
Michael Nyqvist,Bang Bang Orangutang,2005,695,4.9
Debra Wilson,Danny Roane: First Time Director,2006,594,4.5
Vincent Gallo,Buffalo '66,1998,48427,7.5
Willem Dafoe,"Faraway, So Close!",1993,7727,7.3
Kylie Minogue,Cut,2000,3210,4.3
Stewart Granger,A Lady Surrenders,1944,286,6.6
Guillermo Diaz,Down the P.C.H.,2006,112,4.5
Stella Stevens,Sol Madrid,1968,243,5.7
Douglas Booth,Noah,2014,244518,5.7
David Niven,The Bishop's Wife,1947,15270,7.6
Thomas Dekker,My Sister's Keeper,2009,90013,7.4
Judi Dench,Wetherby,1985,1402,6.8
George Clooney,Unbecoming Age,1992,257,4.1
Cassandra Lee Morris,Cinderella and the Secret Prince,2018,352,4.8
Stuart Margolin,The Hoax,2006,16077,6.6
Michael Madsen,Magi,2016,1924,5.5
Tom Sizemore,Wish Man,2019,1936,7.0
James Duval,Darling Nikki,2019,436,3.6
Rufus Sewell,The Illusionist,2006,356500,7.6
Thandiwe Newton,W.,2008,46444,6.3
Isabelle Huppert,Pure as Snow,2019,848,5.3
Elisa Donovan,Loving Jezebel,1999,353,5.7
Austin Pendleton,The Notorious Bettie Page,2005,10515,6.5
Gabriel Mann,Dominion: Prequel to the Exorcist,2005,10669,5.2
Fionnula Flanagan,Tears of the Sun,2003,113277,6.6
Sally Kirkland,Cuck,2019,2694,4.1
Dyan Cannon,Coast to Coast,1980,371,5.4
Stuart Margolin,Death Wish,1974,36168,7.0
Mary-Louise Parker,Reckless,1995,423,5.3
Dana Ivey,Ghost Town,2008,70427,6.7
Amy Irving,Bossa Nova,2000,1729,6.2
Hrithik Roshan,Luck by Chance,2009,9568,7.1
Margaret Colin,Milk & Money,1996,178,5.2
Liam Aiken,The Killer Inside Me,2010,33165,6.1
Christina Applegate,Surviving Christmas,2004,23265,5.5
Paul Williams,A Million to Juan,1994,755,5.6
Amanda Blake,High Society,1955,330,6.3
Irina Pantaeva,Zoolander,2001,247922,6.6
Beau Bridges,Meeting Daddy,2000,225,4.5
Steve Forrest,So Big,1953,632,6.7
Aiysha Hart,Honour,2014,940,6.0
Vijay Sethupathi,96,2018,20079,8.6
Melinda Dillon,Cowboy Up,2001,795,5.6
Ken Leung,Saw,2004,382026,7.6
Bruce McGill,Cinderella Man,2005,177420,8.0
Callum Keith Rennie,Jigsaw,2017,69630,5.8
Taylor Negron,Mr. Jones,1993,6844,5.8
Simon Baker,Restaurant,1998,582,6.0
Laura Dern,Wild at Heart,1990,84761,7.2
Jessie Ennis,Family,2018,2206,6.3
Horst Buchholz,Marco the Magnificent,1965,487,5.5
Aimee Teegarden,For Sale by Owner,2009,545,3.9
Jason Lee,Columbus Circle,2012,10315,6.0
Clifton Collins Jr.,Extract,2009,45568,6.1
Jessie Cave,Inkheart,2008,74063,6.1
Shree Crooks,Stephanie,2017,5287,5.8
Pete Postlethwaite,Anchoress,1993,263,6.5
Dyan Cannon,The Rise and Fall of Legs Diamond,1960,1052,6.8
Joey Lauren Adams,Mallrats,1995,116650,7.1
Phillipa Soo,Hamilton,2020,61228,8.5
Kirby Bliss Blanton,Paint It Red,2019,146,4.5
Marisol Nichols,Mafia!,1998,14640,5.7
Pamela Franklin,Our Mother's House,1967,1787,7.3
Tom Hanks,Sleepless in Seattle,1993,162254,6.8
Walter Koenig,Diminuendo,2018,155,4.5
June Squibb,Summer '03,2018,2757,5.5
Karl Urban,The Price of Milk,2000,1638,6.7
Charles Bronson,Battle Zone,1952,135,5.3
James Purefoy,Maybe Baby,2000,5655,5.7
Saoirse Ronan,"Stockholm, Pennsylvania",2015,2107,6.1
Sara Paxton,Cheap Thrills,2013,17895,6.7
Brie Larson,Avengers: Endgame,2019,849079,8.4
Hugh Grant,Mickey Blue Eyes,1999,35418,5.9
Frank Welker,The Island of Dr. Moreau,1996,31308,4.6
Clayton Rohner,Jobs,2013,94171,6.0
Stephen Dillane,Hamlet,1990,21426,6.7
Kelli Maroney,Chopping Mall,1986,12460,5.6
Vittorio Gassman,Let's Have a Riot,1970,111,6.6
Betsy Russell,Avenging Angel,1985,1326,4.9
Eric Balfour,What Women Want,2000,193041,6.4
Dennis Weaver,War Arrow,1953,720,5.9
Jessica Lange,Night and the City,1992,4543,5.8
Joanne Tucker,Listen Up Philip,2014,6233,6.3
Sacha Dhawan,After Earth,2013,192543,4.8
Ruth Sheen,Vera Drake,2004,24158,7.6
Tobin Bell,In the Line of Fire,1993,93768,7.2
David Strathairn,Harrison's Flowers,2000,6108,7.1
Chris Evans,Push,2009,106464,6.1
Ian Whyte,Aliens vs. Predator: Requiem,2007,117071,4.7
Daniel Bruhl,Vaya con Dios,2002,994,6.9
John Dehner,Cripple Creek,1952,292,5.9
Beverly Garland,It Conquered the World,1956,2162,5.0
Marcin Dorocinski,The Perfect Guy for My Girlfriend,2009,661,4.1
Elliot Page,X-Men: The Last Stand,2006,486265,6.7
Julian Richings,Moonlight and Valentino,1995,3485,5.7
Sara Tomko,Pandemic,2016,7828,4.4
Victoria Tennant,Cold Turkey,2013,189,4.6
Tracy Ann Oberman,SuperTex,2003,139,5.6
Richard Kind,Suburbicon,2017,40890,5.7
Henry Fonda,The Lady Eve,1941,19450,7.8
Jamie Lee Curtis,Halloween,1978,234985,7.7
Jesse Bradford,According to Spencer,2001,656,4.6
Gerard Butler,Coriolanus,2011,31140,6.1
Geraldine Chaplin,The Impossible,2012,203492,7.6
Armand Assante,Sicilian Vampire,2015,6376,6.2
Lee Purcell,Big Wednesday,1978,6171,7.2
Bruce Dern,The Driver,1978,14645,7.2
Chelsea Edmundson,Daylight's End,2016,5202,5.4
Jane Birkin,Seven Dead in the Cat's Eye,1973,1286,5.9
Rob Reiner,Sandy Wexler,2017,15071,5.2
Dick Van Patten,Westworld,1973,53004,7.0
Joanna Going,Eden,1996,321,5.8
Jena Malone,The Hunger Games: Mockingjay - Part 2,2015,290432,6.6
Pete Davidson,Trainwreck,2015,130311,6.2
Sandra Oh,For Your Consideration,2006,14070,6.3
Lili Simmons,Bad Match,2017,3874,5.6
So-dam Park,Fukuoka,2019,130,6.7
Alfie Allen,Agent Cody Banks 2: Destination London,2004,14185,4.6
Nita Talbot,Buck and the Preacher,1972,1629,6.5
Monica Bellucci,Comme un poisson hors de l'eau,1999,497,5.7
Buck Taylor,Bender,2016,114,4.9
Lupita Nyong'o,Us,2019,235233,6.8
Kevin McKidd,Hideous Kinky,1998,6329,6.0
Olivia Newton-John,Two of a Kind,1983,3886,4.8
Geoffrey Rush,Swimming Upstream,2003,3210,7.1
Maggie Geha,Ted 2,2015,187501,6.3
Gemma Jones,Carnage: Swallowing the Past,2017,1335,7.8
Doug Jones,Gainsbourg: A Heroic Life,2010,9543,7.0
Richard Farnsworth,Texas Across the River,1966,1396,6.3
Barbara Stanwyck,Double Indemnity,1944,145118,8.3
John Mahoney,In the Line of Fire,1993,93768,7.2
Karen Steele,The Happy Ending,1969,982,6.3
Nathan Fillion,Cars 3,2017,78678,6.7
Casey Siemaszko,Public Enemies,2009,284281,7.0
Eric Stoltz,Say Anything...,1989,83514,7.3
Emyri Crutchfield,Vacation,2015,101078,6.1
Linden Ashby,Mr. & Mrs. Bridge,1990,2818,6.6
Mekhi Phifer,Uninvited Guest,1999,541,5.3
Bruce Dern,Believe in Me,2006,934,7.1
Alec Guinness,Scrooge,1970,9566,7.5
