row_id,mainentityofpage,page_url
0,https://cofactor.io/m/01bkb,https://cofactor.io/m/01bkb
1,https://cofactor.io/m/01914,https://cofactor.io/m/01914
2,https://cofactor.io/m/03fxfy,https://cofactor.io/m/03fxfy
3,https://cofactor.io/m/04v09,https://cofactor.io/m/04v09
4,https://cofactor.io/m/06wxw,https://cofactor.io/m/06wxw
5,https://cofactor.io/m/0g8ssd,https://cofactor.io/m/0g8ssd
6,https://cofactor.io/m/01yj2,https://cofactor.io/m/01yj2
7,https://cofactor.io/m/01znc_,https://cofactor.io/m/01znc_
8,https://cofactor.io/m/010j62,https://cofactor.io/m/010j62
9,https://cofactor.io/m/01mk6,https://cofactor.io/m/01mk6
10,https://cofactor.io/m/04f10t,https://cofactor.io/m/04f10t
11,https://cofactor.io/m/0xt0t,https://cofactor.io/m/0xt0t
12,https://cofactor.io/m/0150n,https://cofactor.io/m/0150n
13,https://cofactor.io/m/0txty,https://cofactor.io/m/0txty
14,https://cofactor.io/m/0697s,https://cofactor.io/m/0697s
15,https://cofactor.io/m/01p1v,https://cofactor.io/m/01p1v
16,https://cofactor.io/m/03rt9,https://cofactor.io/m/03rt9
17,https://cofactor.io/m/0qplq,https://cofactor.io/m/0qplq
18,https://cofactor.io/m/0fw2y,https://cofactor.io/m/0fw2y
19,https://cofactor.io/m/04hqz,https://cofactor.io/m/04hqz
20,https://cofactor.io/m/0fhzy,https://cofactor.io/m/0fhzy
21,https://cofactor.io/m/0jdd,https://cofactor.io/m/0jdd
22,https://cofactor.io/m/06vbd,https://cofactor.io/m/06vbd
23,https://cofactor.io/m/06f32,https://cofactor.io/m/06f32
24,https://cofactor.io/m/0_6t_z8,https://cofactor.io/m/0_6t_z8
25,https://cofactor.io/m/0694dl,https://cofactor.io/m/0694dl
26,https://cofactor.io/m/013yq,https://cofactor.io/m/013yq
27,https://cofactor.io/m/05k7sb,https://cofactor.io/m/05k7sb
28,https://cofactor.io/m/035qy,https://cofactor.io/m/035qy
29,https://cofactor.io/m/0hptm,https://cofactor.io/m/0hptm
30,https://cofactor.io/m/0rn5g,https://cofactor.io/m/0rn5g
31,https://cofactor.io/m/0cv3w,https://cofactor.io/m/0cv3w
32,https://cofactor.io/m/05cgv,https://cofactor.io/m/05cgv
33,https://cofactor.io/m/0978r,https://cofactor.io/m/0978r
34,https://cofactor.io/m/015fr,https://cofactor.io/m/015fr
35,https://cofactor.io/m/0jdx,https://cofactor.io/m/0jdx
36,https://cofactor.io/m/0xn7q,https://cofactor.io/m/0xn7q
37,https://cofactor.io/m/07bcn,https://cofactor.io/m/07bcn
38,https://cofactor.io/m/01hpnh,https://cofactor.io/m/01hpnh
39,https://cofactor.io/m/0mhlq,https://cofactor.io/m/0mhlq
40,https://cofactor.io/m/0d8s8,https://cofactor.io/m/0d8s8
41,https://cofactor.io/m/04wgh,https://cofactor.io/m/04wgh
42,https://cofactor.io/m/02j9z,https://cofactor.io/m/02j9z
43,https://cofactor.io/m/05r4w,https://cofactor.io/m/05r4w
44,https://cofactor.io/m/06s_2,https://cofactor.io/m/06s_2
45,https://cofactor.io/m/03shp,https://cofactor.io/m/03shp
46,https://cofactor.io/m/0dprg,https://cofactor.io/m/0dprg
47,https://cofactor.io/m/06pvr,https://cofactor.io/m/06pvr
48,https://cofactor.io/m/0135k2,https://cofactor.io/m/0135k2
49,https://cofactor.io/m/056_y,https://cofactor.io/m/056_y
50,https://cofactor.io/m/03h2c,https://cofactor.io/m/03h2c
51,https://cofactor.io/m/0dzt9,https://cofactor.io/m/0dzt9
52,https://cofactor.io/m/0rb16,https://cofactor.io/m/0rb16
53,https://cofactor.io/m/06bnz,https://cofactor.io/m/06bnz
54,https://cofactor.io/m/04jpl,https://cofactor.io/m/04jpl
55,https://cofactor.io/m/0d060g,https://cofactor.io/m/0d060g
56,https://cofactor.io/m/04lt0,https://cofactor.io/m/04lt0
57,https://cofactor.io/m/0k9p4,https://cofactor.io/m/0k9p4
58,https://cofactor.io/m/09pmkv,https://cofactor.io/m/09pmkv
59,https://cofactor.io/m/04sqj,https://cofactor.io/m/04sqj
60,https://cofactor.io/m/05cc1,https://cofactor.io/m/05cc1
61,https://cofactor.io/m/02k54,https://cofactor.io/m/02k54
62,https://cofactor.io/m/0r4nh,https://cofactor.io/m/0r4nh
63,https://cofactor.io/m/02_286,https://cofactor.io/m/02_286
64,https://cofactor.io/m/0fcyj,https://cofactor.io/m/0fcyj
65,https://cofactor.io/m/0sn76,https://cofactor.io/m/0sn76
66,https://cofactor.io/m/0dhml,https://cofactor.io/m/0dhml
67,https://cofactor.io/m/0357_,https://cofactor.io/m/0357_
68,https://cofactor.io/m/05tbn,https://cofactor.io/m/05tbn
69,https://cofactor.io/m/01_d4,https://cofactor.io/m/01_d4
70,https://cofactor.io/m/0n1rj,https://cofactor.io/m/0n1rj
71,https://cofactor.io/m/0r5wt,https://cofactor.io/m/0r5wt
72,https://cofactor.io/m/0ggh3,https://cofactor.io/m/0ggh3
73,https://cofactor.io/m/02fp48,https://cofactor.io/m/02fp48
74,https://cofactor.io/m/09krp,https://cofactor.io/m/09krp
75,https://cofactor.io/m/05vz3zq,https://cofactor.io/m/05vz3zq
76,https://cofactor.io/m/02xry,https://cofactor.io/m/02xry
77,https://cofactor.io/m/07twz,https://cofactor.io/m/07twz
78,https://cofactor.io/m/0sdf0,https://cofactor.io/m/0sdf0
79,https://cofactor.io/m/0yfvf,https://cofactor.io/m/0yfvf
80,https://cofactor.io/m/09rxpjs,https://cofactor.io/m/09rxpjs
81,https://cofactor.io/m/07ssc,https://cofactor.io/m/07ssc
82,https://cofactor.io/m/0154j,https://cofactor.io/m/0154j
83,https://cofactor.io/m/02cn12,https://cofactor.io/m/02cn12
84,https://cofactor.io/m/0rj4g,https://cofactor.io/m/0rj4g
85,https://cofactor.io/m/0cbhh,https://cofactor.io/m/0cbhh
86,https://cofactor.io/m/0djgt,https://cofactor.io/m/0djgt
87,https://cofactor.io/m/0r26c,https://cofactor.io/m/0r26c
88,https://cofactor.io/m/02wc19,https://cofactor.io/m/02wc19
89,https://cofactor.io/m/01fqm,https://cofactor.io/m/01fqm
90,https://cofactor.io/m/015qh,https://cofactor.io/m/015qh
91,https://cofactor.io/m/0xrzh,https://cofactor.io/m/0xrzh
92,https://cofactor.io/m/0f04c,https://cofactor.io/m/0f04c
93,https://cofactor.io/m/0947l,https://cofactor.io/m/0947l
94,https://cofactor.io/m/0v5my,https://cofactor.io/m/0v5my
95,https://cofactor.io/m/018dk_,https://cofactor.io/m/018dk_
96,https://cofactor.io/m/0_t49,https://cofactor.io/m/0_t49
97,https://cofactor.io/m/0dc95,https://cofactor.io/m/0dc95
98,https://cofactor.io/m/03_r3,https://cofactor.io/m/03_r3
99,https://cofactor.io/m/01wjsg,https://cofactor.io/m/01wjsg
100,https://cofactor.io/m/0d6lp,https://cofactor.io/m/0d6lp
101,https://cofactor.io/m/0rql_,https://cofactor.io/m/0rql_
102,https://cofactor.io/m/03h1x,https://cofactor.io/m/03h1x
103,https://cofactor.io/m/0r5qp,https://cofactor.io/m/0r5qp
104,https://cofactor.io/m/0jw_5,https://cofactor.io/m/0jw_5
105,https://cofactor.io/m/0hjy,https://cofactor.io/m/0hjy
106,https://cofactor.io/m/0hzlz,https://cofactor.io/m/0hzlz
107,https://cofactor.io/m/01z7j0,https://cofactor.io/m/01z7j0
108,https://cofactor.io/m/0yc84,https://cofactor.io/m/0yc84
109,https://cofactor.io/m/0345h,https://cofactor.io/m/0345h
110,https://cofactor.io/m/0gclb,https://cofactor.io/m/0gclb
111,https://cofactor.io/m/0d05w3,https://cofactor.io/m/0d05w3
112,https://cofactor.io/m/0fs_s,https://cofactor.io/m/0fs_s
113,https://cofactor.io/m/0843m,https://cofactor.io/m/0843m
114,https://cofactor.io/m/01n4w,https://cofactor.io/m/01n4w
115,https://cofactor.io/m/0nlh7,https://cofactor.io/m/0nlh7
116,https://cofactor.io/m/0ccvx,https://cofactor.io/m/0ccvx
117,https://cofactor.io/m/07ylj,https://cofactor.io/m/07ylj
118,https://cofactor.io/m/0l2hf,https://cofactor.io/m/0l2hf
119,https://cofactor.io/m/01vsl,https://cofactor.io/m/01vsl
120,https://cofactor.io/m/0g8t5d,https://cofactor.io/m/0g8t5d
121,https://cofactor.io/m/019rg5,https://cofactor.io/m/019rg5
122,https://cofactor.io/m/0xr0t,https://cofactor.io/m/0xr0t
123,https://cofactor.io/m/09f3c,https://cofactor.io/m/09f3c
124,https://cofactor.io/m/07t21,https://cofactor.io/m/07t21
125,https://cofactor.io/m/05v8c,https://cofactor.io/m/05v8c
126,https://cofactor.io/m/0z4_0,https://cofactor.io/m/0z4_0
127,https://cofactor.io/m/01mhjv,https://cofactor.io/m/01mhjv
128,https://cofactor.io/m/07fb6,https://cofactor.io/m/07fb6
129,https://cofactor.io/m/04ly1,https://cofactor.io/m/04ly1
130,https://cofactor.io/m/05fky,https://cofactor.io/m/05fky
131,https://cofactor.io/m/0166b,https://cofactor.io/m/0166b
132,https://cofactor.io/m/0rkkv,https://cofactor.io/m/0rkkv
133,https://cofactor.io/m/0pfrr,https://cofactor.io/m/0pfrr
134,https://cofactor.io/m/082pc,https://cofactor.io/m/082pc
135,https://cofactor.io/m/07tp2,https://cofactor.io/m/07tp2
136,https://cofactor.io/m/01x73,https://cofactor.io/m/01x73
137,https://cofactor.io/m/01hf6,https://cofactor.io/m/01hf6
138,https://cofactor.io/m/04vs9,https://cofactor.io/m/04vs9
139,https://cofactor.io/m/0hqzr,https://cofactor.io/m/0hqzr
140,https://cofactor.io/m/06mkj,https://cofactor.io/m/06mkj
141,https://cofactor.io/m/0chghy,https://cofactor.io/m/0chghy
142,https://cofactor.io/m/0ftn8,https://cofactor.io/m/0ftn8
143,https://cofactor.io/m/0173gg,https://cofactor.io/m/0173gg
144,https://cofactor.io/m/03gyl,https://cofactor.io/m/03gyl
145,https://cofactor.io/m/0fttg,https://cofactor.io/m/0fttg
146,https://cofactor.io/m/01zv_,https://cofactor.io/m/01zv_
147,https://cofactor.io/m/0g1w5,https://cofactor.io/m/0g1w5
148,https://cofactor.io/m/0njpq,https://cofactor.io/m/0njpq
149,https://cofactor.io/m/02h1nd,https://cofactor.io/m/02h1nd
150,https://cofactor.io/m/01f62,https://cofactor.io/m/01f62
151,https://cofactor.io/m/04w8dn,https://cofactor.io/m/04w8dn
152,https://cofactor.io/m/02y9wq,https://cofactor.io/m/02y9wq
153,https://cofactor.io/m/0b961k,https://cofactor.io/m/0b961k
154,https://cofactor.io/m/07vjgc,https://cofactor.io/m/07vjgc
155,https://cofactor.io/m/01c708,https://cofactor.io/m/01c708
156,https://cofactor.io/m/0j4b,https://cofactor.io/m/0j4b
157,https://cofactor.io/m/0d0kn,https://cofactor.io/m/0d0kn
158,https://cofactor.io/m/09d4_,https://cofactor.io/m/09d4_
159,https://cofactor.io/m/0dq16,https://cofactor.io/m/0dq16
160,https://cofactor.io/m/0bzty,https://cofactor.io/m/0bzty
161,https://cofactor.io/m/05qq6m,https://cofactor.io/m/05qq6m
162,https://cofactor.io/m/05qkp,https://cofactor.io/m/05qkp
163,https://cofactor.io/m/04wsz,https://cofactor.io/m/04wsz
164,https://cofactor.io/m/0y33v,https://cofactor.io/m/0y33v
165,https://cofactor.io/m/01zy4q,https://cofactor.io/m/01zy4q
166,https://cofactor.io/m/01z215,https://cofactor.io/m/01z215
167,https://cofactor.io/m/059_c,https://cofactor.io/m/059_c
168,https://cofactor.io/m/0j5g9,https://cofactor.io/m/0j5g9
169,https://cofactor.io/m/081m_,https://cofactor.io/m/081m_
170,https://cofactor.io/m/01jb7g,https://cofactor.io/m/01jb7g
171,https://cofactor.io/m/06tw8,https://cofactor.io/m/06tw8
172,https://cofactor.io/m/0199rp,https://cofactor.io/m/0199rp
173,https://cofactor.io/m/022bjz,https://cofactor.io/m/022bjz
174,https://cofactor.io/m/035m6,https://cofactor.io/m/035m6
175,https://cofactor.io/m/05kj_,https://cofactor.io/m/05kj_
176,https://cofactor.io/m/087vz,https://cofactor.io/m/087vz
177,https://cofactor.io/m/0rq1q,https://cofactor.io/m/0rq1q
178,https://cofactor.io/m/06s6l,https://cofactor.io/m/06s6l
179,https://cofactor.io/m/052p7,https://cofactor.io/m/052p7
180,https://cofactor.io/m/0494n,https://cofactor.io/m/0494n
181,https://cofactor.io/m/0l3cy,https://cofactor.io/m/0l3cy
182,https://cofactor.io/m/0fs1b,https://cofactor.io/m/0fs1b
183,https://cofactor.io/m/03rjj,https://cofactor.io/m/03rjj
184,https://cofactor.io/m/0488g,https://cofactor.io/m/0488g
185,https://cofactor.io/m/0rs82,https://cofactor.io/m/0rs82
186,https://cofactor.io/m/04w4s,https://cofactor.io/m/04w4s
187,https://cofactor.io/m/01n7q,https://cofactor.io/m/01n7q
188,https://cofactor.io/m/02l341,https://cofactor.io/m/02l341
189,https://cofactor.io/m/0d4k2,https://cofactor.io/m/0d4k2
190,https://cofactor.io/m/01pj7,https://cofactor.io/m/01pj7
191,https://cofactor.io/m/05kyr,https://cofactor.io/m/05kyr
192,https://cofactor.io/m/0bjv6,https://cofactor.io/m/0bjv6
193,https://cofactor.io/m/02dpz7,https://cofactor.io/m/02dpz7
194,https://cofactor.io/m/06mz5,https://cofactor.io/m/06mz5
195,https://cofactor.io/m/0345_,https://cofactor.io/m/0345_
196,https://cofactor.io/m/09c7w0,https://cofactor.io/m/09c7w0
197,https://cofactor.io/m/0ftxc,https://cofactor.io/m/0ftxc
198,https://cofactor.io/m/05b7q,https://cofactor.io/m/05b7q
199,https://cofactor.io/m/0gj4j3,https://cofactor.io/m/0gj4j3
200,https://cofactor.io/m/01cx_,https://cofactor.io/m/01cx_
201,https://cofactor.io/m/04gqr,https://cofactor.io/m/04gqr
202,https://cofactor.io/m/027nb,https://cofactor.io/m/027nb
203,https://cofactor.io/m/06cmp,https://cofactor.io/m/06cmp
204,https://cofactor.io/m/0y62n,https://cofactor.io/m/0y62n
205,https://cofactor.io/m/0dg6yx,https://cofactor.io/m/0dg6yx
206,https://cofactor.io/m/0mgp,https://cofactor.io/m/0mgp
207,https://cofactor.io/m/0gqfy,https://cofactor.io/m/0gqfy
208,https://cofactor.io/m/010567,https://cofactor.io/m/010567
209,https://cofactor.io/m/0ggdlz,https://cofactor.io/m/0ggdlz
210,https://cofactor.io/m/05fhy,https://cofactor.io/m/05fhy
211,https://cofactor.io/m/0r066,https://cofactor.io/m/0r066
212,https://cofactor.io/m/0rqh6,https://cofactor.io/m/0rqh6
213,https://cofactor.io/m/0hdx8,https://cofactor.io/m/0hdx8
214,https://cofactor.io/m/01p1b,https://cofactor.io/m/01p1b
215,https://cofactor.io/m/04cjn,https://cofactor.io/m/04cjn
