row_id,name,url,page_url
0,Oost Gelre,https://www.postcode-database-nederland.nl/gemeenten/oost-gelre.html,https://www.postcode-database-nederland.nl/gemeenten/oost-gelre.html
1,De Bilt,https://www.postcode-database-nederland.nl/gemeenten/de-bilt.html,https://www.postcode-database-nederland.nl/gemeenten/de-bilt.html
2,Sluis,https://www.postcode-database-nederland.nl/gemeenten/sluis.html,https://www.postcode-database-nederland.nl/gemeenten/sluis.html
3,Beverwijk,https://www.postcode-database-nederland.nl/gemeenten/beverwijk.html,https://www.postcode-database-nederland.nl/gemeenten/beverwijk.html
4,Opmeer,https://www.postcode-database-nederland.nl/gemeenten/opmeer.html,https://www.postcode-database-nederland.nl/gemeenten/opmeer.html
5,De Friese Meren,https://www.postcode-database-nederland.nl/gemeenten/de-friese-meren.html,https://www.postcode-database-nederland.nl/gemeenten/de-friese-meren.html
6,Zaltbommel,https://www.postcode-database-nederland.nl/gemeenten/zaltbommel.html,https://www.postcode-database-nederland.nl/gemeenten/zaltbommel.html
7,Schouwen-Duiveland,https://www.postcode-database-nederland.nl/gemeenten/schouwen-duiveland.html,https://www.postcode-database-nederland.nl/gemeenten/schouwen-duiveland.html
8,IJsselstein,https://www.postcode-database-nederland.nl/gemeenten/ijsselstein.html,https://www.postcode-database-nederland.nl/gemeenten/ijsselstein.html
9,Terneuzen,https://www.postcode-database-nederland.nl/gemeenten/terneuzen.html,https://www.postcode-database-nederland.nl/gemeenten/terneuzen.html
10,Nijkerk,https://www.postcode-database-nederland.nl/gemeenten/nijkerk.html,https://www.postcode-database-nederland.nl/gemeenten/nijkerk.html
11,Woensdrecht,https://www.postcode-database-nederland.nl/gemeenten/woensdrecht.html,https://www.postcode-database-nederland.nl/gemeenten/woensdrecht.html
12,Amersfoort,https://www.postcode-database-nederland.nl/gemeenten/amersfoort.html,https://www.postcode-database-nederland.nl/gemeenten/amersfoort.html
13,Arnhem,https://www.postcode-database-nederland.nl/gemeenten/arnhem.html,https://www.postcode-database-nederland.nl/gemeenten/arnhem.html
14,Amstelveen,https://www.postcode-database-nederland.nl/gemeenten/amstelveen.html,https://www.postcode-database-nederland.nl/gemeenten/amstelveen.html
15,Leeuwarden,https://www.postcode-database-nederland.nl/gemeenten/leeuwarden.html,https://www.postcode-database-nederland.nl/gemeenten/leeuwarden.html
16,Wormerland,https://www.postcode-database-nederland.nl/gemeenten/wormerland.html,https://www.postcode-database-nederland.nl/gemeenten/wormerland.html
17,Epe,https://www.postcode-database-nederland.nl/gemeenten/epe.html,https://www.postcode-database-nederland.nl/gemeenten/epe.html
18,Rijssen-Holten,https://www.postcode-database-nederland.nl/gemeenten/rijssen-holten.html,https://www.postcode-database-nederland.nl/gemeenten/rijssen-holten.html
19,Nunspeet,https://www.postcode-database-nederland.nl/gemeenten/nunspeet.html,https://www.postcode-database-nederland.nl/gemeenten/nunspeet.html
20,Westerveld,https://www.postcode-database-nederland.nl/gemeenten/westerveld.html,https://www.postcode-database-nederland.nl/gemeenten/westerveld.html
21,Vlissingen,https://www.postcode-database-nederland.nl/gemeenten/vlissingen.html,https://www.postcode-database-nederland.nl/gemeenten/vlissingen.html
22,Lochem,https://www.postcode-database-nederland.nl/gemeenten/lochem.html,https://www.postcode-database-nederland.nl/gemeenten/lochem.html
23,Bergen op Zoom,https://www.postcode-database-nederland.nl/gemeenten/bergen-op-zoom.html,https://www.postcode-database-nederland.nl/gemeenten/bergen-op-zoom.html
24,Elburg,https://www.postcode-database-nederland.nl/gemeenten/elburg.html,https://www.postcode-database-nederland.nl/gemeenten/elburg.html
25,Goirle,https://www.postcode-database-nederland.nl/gemeenten/goirle.html,https://www.postcode-database-nederland.nl/gemeenten/goirle.html
26,Zeist,https://www.postcode-database-nederland.nl/gemeenten/zeist.html,https://www.postcode-database-nederland.nl/gemeenten/zeist.html
27,Hellendoorn,https://www.postcode-database-nederland.nl/gemeenten/hellendoorn.html,https://www.postcode-database-nederland.nl/gemeenten/hellendoorn.html
28,De Ronde Venen,https://www.postcode-database-nederland.nl/gemeenten/de-ronde-venen.html,https://www.postcode-database-nederland.nl/gemeenten/de-ronde-venen.html
29,Eemnes,https://www.postcode-database-nederland.nl/gemeenten/eemnes.html,https://www.postcode-database-nederland.nl/gemeenten/eemnes.html
30,Venlo,https://www.postcode-database-nederland.nl/gemeenten/venlo.html,https://www.postcode-database-nederland.nl/gemeenten/venlo.html
31,Heemstede,https://www.postcode-database-nederland.nl/gemeenten/heemstede.html,https://www.postcode-database-nederland.nl/gemeenten/heemstede.html
32,Lingewaal,https://www.postcode-database-nederland.nl/gemeenten/lingewaal.html,https://www.postcode-database-nederland.nl/gemeenten/lingewaal.html
33,Heerde,https://www.postcode-database-nederland.nl/gemeenten/heerde.html,https://www.postcode-database-nederland.nl/gemeenten/heerde.html
34,Utrechtse Heuvelrug,https://www.postcode-database-nederland.nl/gemeenten/utrechtse-heuvelrug.html,https://www.postcode-database-nederland.nl/gemeenten/utrechtse-heuvelrug.html
35,Rhenen,https://www.postcode-database-nederland.nl/gemeenten/rhenen.html,https://www.postcode-database-nederland.nl/gemeenten/rhenen.html
36,Aa en Hunze,https://www.postcode-database-nederland.nl/gemeenten/aa-en-hunze.html,https://www.postcode-database-nederland.nl/gemeenten/aa-en-hunze.html
37,Gilze en Rijen,https://www.postcode-database-nederland.nl/gemeenten/gilze-en-rijen.html,https://www.postcode-database-nederland.nl/gemeenten/gilze-en-rijen.html
38,Bunschoten,https://www.postcode-database-nederland.nl/gemeenten/bunschoten.html,https://www.postcode-database-nederland.nl/gemeenten/bunschoten.html
39,Breda,https://www.postcode-database-nederland.nl/gemeenten/breda.html,https://www.postcode-database-nederland.nl/gemeenten/breda.html
40,De Wolden,https://www.postcode-database-nederland.nl/gemeenten/de-wolden.html,https://www.postcode-database-nederland.nl/gemeenten/de-wolden.html
41,Druten,https://www.postcode-database-nederland.nl/gemeenten/druten.html,https://www.postcode-database-nederland.nl/gemeenten/druten.html
42,Doesburg,https://www.postcode-database-nederland.nl/gemeenten/doesburg.html,https://www.postcode-database-nederland.nl/gemeenten/doesburg.html
43,Baarn,https://www.postcode-database-nederland.nl/gemeenten/baarn.html,https://www.postcode-database-nederland.nl/gemeenten/baarn.html
44,Huizen,https://www.postcode-database-nederland.nl/gemeenten/huizen.html,https://www.postcode-database-nederland.nl/gemeenten/huizen.html
45,Strijen,https://www.postcode-database-nederland.nl/gemeenten/strijen.html,https://www.postcode-database-nederland.nl/gemeenten/strijen.html
46,Ede,https://www.postcode-database-nederland.nl/gemeenten/ede.html,https://www.postcode-database-nederland.nl/gemeenten/ede.html
47,Bergeijk,https://www.postcode-database-nederland.nl/gemeenten/bergeijk.html,https://www.postcode-database-nederland.nl/gemeenten/bergeijk.html
48,Hendrik-Ido-Ambacht,https://www.postcode-database-nederland.nl/gemeenten/hendrik-ido-ambacht.html,https://www.postcode-database-nederland.nl/gemeenten/hendrik-ido-ambacht.html
49,Ermelo,https://www.postcode-database-nederland.nl/gemeenten/ermelo.html,https://www.postcode-database-nederland.nl/gemeenten/ermelo.html
50,Schagen,https://www.postcode-database-nederland.nl/gemeenten/schagen.html,https://www.postcode-database-nederland.nl/gemeenten/schagen.html
51,Leek,https://www.postcode-database-nederland.nl/gemeenten/leek.html,https://www.postcode-database-nederland.nl/gemeenten/leek.html
52,Heumen,https://www.postcode-database-nederland.nl/gemeenten/heumen.html,https://www.postcode-database-nederland.nl/gemeenten/heumen.html
53,Uitgeest,https://www.postcode-database-nederland.nl/gemeenten/uitgeest.html,https://www.postcode-database-nederland.nl/gemeenten/uitgeest.html
54,Heeze-Leende,https://www.postcode-database-nederland.nl/gemeenten/heeze-leende.html,https://www.postcode-database-nederland.nl/gemeenten/heeze-leende.html
55,Stede Broec,https://www.postcode-database-nederland.nl/gemeenten/stede-broec.html,https://www.postcode-database-nederland.nl/gemeenten/stede-broec.html
56,Vianen,https://www.postcode-database-nederland.nl/gemeenten/vianen.html,https://www.postcode-database-nederland.nl/gemeenten/vianen.html
57,Buren,https://www.postcode-database-nederland.nl/gemeenten/buren.html,https://www.postcode-database-nederland.nl/gemeenten/buren.html
58,Asten,https://www.postcode-database-nederland.nl/gemeenten/asten.html,https://www.postcode-database-nederland.nl/gemeenten/asten.html
59,Oostzaan,https://www.postcode-database-nederland.nl/gemeenten/oostzaan.html,https://www.postcode-database-nederland.nl/gemeenten/oostzaan.html
60,Veere,https://www.postcode-database-nederland.nl/gemeenten/veere.html,https://www.postcode-database-nederland.nl/gemeenten/veere.html
61,Geertruidenberg,https://www.postcode-database-nederland.nl/gemeenten/geertruidenberg.html,https://www.postcode-database-nederland.nl/gemeenten/geertruidenberg.html
62,Nijmegen,https://www.postcode-database-nederland.nl/gemeenten/nijmegen.html,https://www.postcode-database-nederland.nl/gemeenten/nijmegen.html
63,Neder-Betuwe,https://www.postcode-database-nederland.nl/gemeenten/neder-betuwe.html,https://www.postcode-database-nederland.nl/gemeenten/neder-betuwe.html
64,Gemert-Bakel,https://www.postcode-database-nederland.nl/gemeenten/gemert-bakel.html,https://www.postcode-database-nederland.nl/gemeenten/gemert-bakel.html
65,Oud-Beijerland,https://www.postcode-database-nederland.nl/gemeenten/oud-beijerland.html,https://www.postcode-database-nederland.nl/gemeenten/oud-beijerland.html
66,Eindhoven,https://www.postcode-database-nederland.nl/gemeenten/eindhoven.html,https://www.postcode-database-nederland.nl/gemeenten/eindhoven.html
67,Ten Boer,https://www.postcode-database-nederland.nl/gemeenten/ten-boer.html,https://www.postcode-database-nederland.nl/gemeenten/ten-boer.html
68,Bernheze,https://www.postcode-database-nederland.nl/gemeenten/bernheze.html,https://www.postcode-database-nederland.nl/gemeenten/bernheze.html
69,Dinkelland,https://www.postcode-database-nederland.nl/gemeenten/dinkelland.html,https://www.postcode-database-nederland.nl/gemeenten/dinkelland.html
70,Oldebroek,https://www.postcode-database-nederland.nl/gemeenten/oldebroek.html,https://www.postcode-database-nederland.nl/gemeenten/oldebroek.html
71,Tholen,https://www.postcode-database-nederland.nl/gemeenten/tholen.html,https://www.postcode-database-nederland.nl/gemeenten/tholen.html
72,Súdwest-Fryslân,https://www.postcode-database-nederland.nl/gemeenten/sudwest-fryslan.html,https://www.postcode-database-nederland.nl/gemeenten/sudwest-fryslan.html
73,Winterswijk,https://www.postcode-database-nederland.nl/gemeenten/winterswijk.html,https://www.postcode-database-nederland.nl/gemeenten/winterswijk.html
74,Hulst,https://www.postcode-database-nederland.nl/gemeenten/hulst.html,https://www.postcode-database-nederland.nl/gemeenten/hulst.html
75,Harderwijk,https://www.postcode-database-nederland.nl/gemeenten/harderwijk.html,https://www.postcode-database-nederland.nl/gemeenten/harderwijk.html
76,Moerdijk,https://www.postcode-database-nederland.nl/gemeenten/moerdijk.html,https://www.postcode-database-nederland.nl/gemeenten/moerdijk.html
77,Barendrecht,https://www.postcode-database-nederland.nl/gemeenten/barendrecht.html,https://www.postcode-database-nederland.nl/gemeenten/barendrecht.html
78,Maasdriel,https://www.postcode-database-nederland.nl/gemeenten/maasdriel.html,https://www.postcode-database-nederland.nl/gemeenten/maasdriel.html
79,Kapelle,https://www.postcode-database-nederland.nl/gemeenten/kapelle.html,https://www.postcode-database-nederland.nl/gemeenten/kapelle.html
80,Castricum,https://www.postcode-database-nederland.nl/gemeenten/castricum.html,https://www.postcode-database-nederland.nl/gemeenten/castricum.html
81,Zutphen,https://www.postcode-database-nederland.nl/gemeenten/zutphen.html,https://www.postcode-database-nederland.nl/gemeenten/zutphen.html
82,Eemsmond,https://www.postcode-database-nederland.nl/gemeenten/eemsmond.html,https://www.postcode-database-nederland.nl/gemeenten/eemsmond.html
83,Enkhuizen,https://www.postcode-database-nederland.nl/gemeenten/enkhuizen.html,https://www.postcode-database-nederland.nl/gemeenten/enkhuizen.html
84,Waterland,https://www.postcode-database-nederland.nl/gemeenten/waterland.html,https://www.postcode-database-nederland.nl/gemeenten/waterland.html
85,Veenendaal,https://www.postcode-database-nederland.nl/gemeenten/veenendaal.html,https://www.postcode-database-nederland.nl/gemeenten/veenendaal.html
86,Bergen (Noord-Holland),https://www.postcode-database-nederland.nl/gemeenten/bergen-noord-holland.html,https://www.postcode-database-nederland.nl/gemeenten/bergen-noord-holland.html
87,Hengelo,https://www.postcode-database-nederland.nl/gemeenten/hengelo.html,https://www.postcode-database-nederland.nl/gemeenten/hengelo.html
88,Cuijk,https://www.postcode-database-nederland.nl/gemeenten/cuijk.html,https://www.postcode-database-nederland.nl/gemeenten/cuijk.html
89,Reimerswaal,https://www.postcode-database-nederland.nl/gemeenten/reimerswaal.html,https://www.postcode-database-nederland.nl/gemeenten/reimerswaal.html
90,Rheden,https://www.postcode-database-nederland.nl/gemeenten/rheden.html,https://www.postcode-database-nederland.nl/gemeenten/rheden.html
91,Wijchen,https://www.postcode-database-nederland.nl/gemeenten/wijchen.html,https://www.postcode-database-nederland.nl/gemeenten/wijchen.html
92,Weststellingwerf,https://www.postcode-database-nederland.nl/gemeenten/weststellingwerf.html,https://www.postcode-database-nederland.nl/gemeenten/weststellingwerf.html
93,Dordrecht,https://www.postcode-database-nederland.nl/gemeenten/dordrecht.html,https://www.postcode-database-nederland.nl/gemeenten/dordrecht.html
94,Hollands Kroon,https://www.postcode-database-nederland.nl/gemeenten/hollands-kroon.html,https://www.postcode-database-nederland.nl/gemeenten/hollands-kroon.html
95,Best,https://www.postcode-database-nederland.nl/gemeenten/best.html,https://www.postcode-database-nederland.nl/gemeenten/best.html
96,Voorst,https://www.postcode-database-nederland.nl/gemeenten/voorst.html,https://www.postcode-database-nederland.nl/gemeenten/voorst.html
97,Noord-Beveland,https://www.postcode-database-nederland.nl/gemeenten/noord-beveland.html,https://www.postcode-database-nederland.nl/gemeenten/noord-beveland.html
98,Bunnik,https://www.postcode-database-nederland.nl/gemeenten/bunnik.html,https://www.postcode-database-nederland.nl/gemeenten/bunnik.html
99,Renkum,https://www.postcode-database-nederland.nl/gemeenten/renkum.html,https://www.postcode-database-nederland.nl/gemeenten/renkum.html
100,Uithoorn,https://www.postcode-database-nederland.nl/gemeenten/uithoorn.html,https://www.postcode-database-nederland.nl/gemeenten/uithoorn.html
101,Hoorn,https://www.postcode-database-nederland.nl/gemeenten/hoorn.html,https://www.postcode-database-nederland.nl/gemeenten/hoorn.html
102,De Marne,https://www.postcode-database-nederland.nl/gemeenten/de-marne.html,https://www.postcode-database-nederland.nl/gemeenten/de-marne.html
103,Alphen-Chaam,https://www.postcode-database-nederland.nl/gemeenten/alphen-chaam.html,https://www.postcode-database-nederland.nl/gemeenten/alphen-chaam.html
104,Neerijnen,https://www.postcode-database-nederland.nl/gemeenten/neerijnen.html,https://www.postcode-database-nederland.nl/gemeenten/neerijnen.html
105,Nieuwegein,https://www.postcode-database-nederland.nl/gemeenten/nieuwegein.html,https://www.postcode-database-nederland.nl/gemeenten/nieuwegein.html
106,Wierden,https://www.postcode-database-nederland.nl/gemeenten/wierden.html,https://www.postcode-database-nederland.nl/gemeenten/wierden.html
107,Zaanstad,https://www.postcode-database-nederland.nl/gemeenten/zaanstad.html,https://www.postcode-database-nederland.nl/gemeenten/zaanstad.html
108,Bedum,https://www.postcode-database-nederland.nl/gemeenten/bedum.html,https://www.postcode-database-nederland.nl/gemeenten/bedum.html
109,Werkendam,https://www.postcode-database-nederland.nl/gemeenten/werkendam.html,https://www.postcode-database-nederland.nl/gemeenten/werkendam.html
110,Culemborg,https://www.postcode-database-nederland.nl/gemeenten/culemborg.html,https://www.postcode-database-nederland.nl/gemeenten/culemborg.html
111,Renswoude,https://www.postcode-database-nederland.nl/gemeenten/renswoude.html,https://www.postcode-database-nederland.nl/gemeenten/renswoude.html
112,Brummen,https://www.postcode-database-nederland.nl/gemeenten/brummen.html,https://www.postcode-database-nederland.nl/gemeenten/brummen.html
113,Haarlem,https://www.postcode-database-nederland.nl/gemeenten/haarlem.html,https://www.postcode-database-nederland.nl/gemeenten/haarlem.html
114,West Maas en Waal,https://www.postcode-database-nederland.nl/gemeenten/west-maas-en-waal.html,https://www.postcode-database-nederland.nl/gemeenten/west-maas-en-waal.html
115,Geldermalsen,https://www.postcode-database-nederland.nl/gemeenten/geldermalsen.html,https://www.postcode-database-nederland.nl/gemeenten/geldermalsen.html
116,Steenwijkerland,https://www.postcode-database-nederland.nl/gemeenten/steenwijkerland.html,https://www.postcode-database-nederland.nl/gemeenten/steenwijkerland.html
117,Langedijk,https://www.postcode-database-nederland.nl/gemeenten/langedijk.html,https://www.postcode-database-nederland.nl/gemeenten/langedijk.html
118,Staphorst,https://www.postcode-database-nederland.nl/gemeenten/staphorst.html,https://www.postcode-database-nederland.nl/gemeenten/staphorst.html
119,Woerden,https://www.postcode-database-nederland.nl/gemeenten/woerden.html,https://www.postcode-database-nederland.nl/gemeenten/woerden.html
120,Weesp,https://www.postcode-database-nederland.nl/gemeenten/weesp.html,https://www.postcode-database-nederland.nl/gemeenten/weesp.html
121,Hardenberg,https://www.postcode-database-nederland.nl/gemeenten/hardenberg.html,https://www.postcode-database-nederland.nl/gemeenten/hardenberg.html
122,Rozendaal,https://www.postcode-database-nederland.nl/gemeenten/rozendaal.html,https://www.postcode-database-nederland.nl/gemeenten/rozendaal.html
123,Oudewater,https://www.postcode-database-nederland.nl/gemeenten/oudewater.html,https://www.postcode-database-nederland.nl/gemeenten/oudewater.html
124,Lopik,https://www.postcode-database-nederland.nl/gemeenten/lopik.html,https://www.postcode-database-nederland.nl/gemeenten/lopik.html
125,Utrecht,https://www.postcode-database-nederland.nl/gemeenten/utrecht.html,https://www.postcode-database-nederland.nl/gemeenten/utrecht.html
126,Etten-Leur,https://www.postcode-database-nederland.nl/gemeenten/etten-leur.html,https://www.postcode-database-nederland.nl/gemeenten/etten-leur.html
127,Baarle-Nassau,https://www.postcode-database-nederland.nl/gemeenten/baarle-nassau.html,https://www.postcode-database-nederland.nl/gemeenten/baarle-nassau.html
128,Scherpenzeel,https://www.postcode-database-nederland.nl/gemeenten/scherpenzeel.html,https://www.postcode-database-nederland.nl/gemeenten/scherpenzeel.html
129,Tilburg,https://www.postcode-database-nederland.nl/gemeenten/tilburg.html,https://www.postcode-database-nederland.nl/gemeenten/tilburg.html
130,Dongeradeel,https://www.postcode-database-nederland.nl/gemeenten/dongeradeel.html,https://www.postcode-database-nederland.nl/gemeenten/dongeradeel.html
131,Borsele,https://www.postcode-database-nederland.nl/gemeenten/borsele.html,https://www.postcode-database-nederland.nl/gemeenten/borsele.html
132,Helmond,https://www.postcode-database-nederland.nl/gemeenten/helmond.html,https://www.postcode-database-nederland.nl/gemeenten/helmond.html
133,Grave,https://www.postcode-database-nederland.nl/gemeenten/grave.html,https://www.postcode-database-nederland.nl/gemeenten/grave.html
134,Aalten,https://www.postcode-database-nederland.nl/gemeenten/aalten.html,https://www.postcode-database-nederland.nl/gemeenten/aalten.html
135,Duiven,https://www.postcode-database-nederland.nl/gemeenten/duiven.html,https://www.postcode-database-nederland.nl/gemeenten/duiven.html
136,Beek,https://www.postcode-database-nederland.nl/gemeenten/beek.html,https://www.postcode-database-nederland.nl/gemeenten/beek.html
137,Wijk bij Duurstede,https://www.postcode-database-nederland.nl/gemeenten/wijk-bij-duurstede.html,https://www.postcode-database-nederland.nl/gemeenten/wijk-bij-duurstede.html
138,Boxmeer,https://www.postcode-database-nederland.nl/gemeenten/boxmeer.html,https://www.postcode-database-nederland.nl/gemeenten/boxmeer.html
139,Westervoort,https://www.postcode-database-nederland.nl/gemeenten/westervoort.html,https://www.postcode-database-nederland.nl/gemeenten/westervoort.html
140,Zwolle,https://www.postcode-database-nederland.nl/gemeenten/zwolle.html,https://www.postcode-database-nederland.nl/gemeenten/zwolle.html
141,Beuningen,https://www.postcode-database-nederland.nl/gemeenten/beuningen.html,https://www.postcode-database-nederland.nl/gemeenten/beuningen.html
142,Eijsden-Margraten,https://www.postcode-database-nederland.nl/gemeenten/eijsden-margraten.html,https://www.postcode-database-nederland.nl/gemeenten/eijsden-margraten.html
143,Zuidhorn,https://www.postcode-database-nederland.nl/gemeenten/zuidhorn.html,https://www.postcode-database-nederland.nl/gemeenten/zuidhorn.html
144,Soest,https://www.postcode-database-nederland.nl/gemeenten/soest.html,https://www.postcode-database-nederland.nl/gemeenten/soest.html
145,Tiel,https://www.postcode-database-nederland.nl/gemeenten/tiel.html,https://www.postcode-database-nederland.nl/gemeenten/tiel.html
146,Eersel,https://www.postcode-database-nederland.nl/gemeenten/eersel.html,https://www.postcode-database-nederland.nl/gemeenten/eersel.html
147,Horst aan de Maas,https://www.postcode-database-nederland.nl/gemeenten/horst-aan-de-maas.html,https://www.postcode-database-nederland.nl/gemeenten/horst-aan-de-maas.html
148,Hattem,https://www.postcode-database-nederland.nl/gemeenten/hattem.html,https://www.postcode-database-nederland.nl/gemeenten/hattem.html
149,Midden-Drenthe,https://www.postcode-database-nederland.nl/gemeenten/midden-drenthe.html,https://www.postcode-database-nederland.nl/gemeenten/midden-drenthe.html
150,Halderberge,https://www.postcode-database-nederland.nl/gemeenten/halderberge.html,https://www.postcode-database-nederland.nl/gemeenten/halderberge.html
151,Opsterland,https://www.postcode-database-nederland.nl/gemeenten/opsterland.html,https://www.postcode-database-nederland.nl/gemeenten/opsterland.html
152,Woudenberg,https://www.postcode-database-nederland.nl/gemeenten/woudenberg.html,https://www.postcode-database-nederland.nl/gemeenten/woudenberg.html
153,Aalburg,https://www.postcode-database-nederland.nl/gemeenten/aalburg.html,https://www.postcode-database-nederland.nl/gemeenten/aalburg.html
154,Goes,https://www.postcode-database-nederland.nl/gemeenten/goes.html,https://www.postcode-database-nederland.nl/gemeenten/goes.html
155,Den Bosch,https://www.postcode-database-nederland.nl/gemeenten/den-bosch.html,https://www.postcode-database-nederland.nl/gemeenten/den-bosch.html
156,Lelystad,https://www.postcode-database-nederland.nl/gemeenten/lelystad.html,https://www.postcode-database-nederland.nl/gemeenten/lelystad.html
157,Putten,https://www.postcode-database-nederland.nl/gemeenten/putten.html,https://www.postcode-database-nederland.nl/gemeenten/putten.html
158,Middelburg,https://www.postcode-database-nederland.nl/gemeenten/middelburg.html,https://www.postcode-database-nederland.nl/gemeenten/middelburg.html
159,Dongen,https://www.postcode-database-nederland.nl/gemeenten/dongen.html,https://www.postcode-database-nederland.nl/gemeenten/dongen.html
160,Borger-Odoorn,https://www.postcode-database-nederland.nl/gemeenten/borger-odoorn.html,https://www.postcode-database-nederland.nl/gemeenten/borger-odoorn.html
161,Coevorden,https://www.postcode-database-nederland.nl/gemeenten/coevorden.html,https://www.postcode-database-nederland.nl/gemeenten/coevorden.html
