row_id,name,telephone,page_url,address.addresslocality,address.streetaddress,address.postalcode,address.addressregion
0,Lake Oswego,(503) 408-0545,https://www.speedstowingauction.com/car-auction-lake-oswego/,Portland,14330 NE Whitaker way,97230,OR
1,Portland,(503) 408-0545,https://www.speedstowingauction.com/auto-auction-portland/,Portland,14330 NE Whitaker Way,97230,OR
2,Beaverton,(503) 408-0545,https://www.speedstowingauction.com/car-auction-beaverton/,Portland,14330 NE Whitaker way,97230,OR
3,Gresham,(503) 408-0545,https://www.speedstowingauction.com/auto-auction-gresham/,Portland,14330 NE Whitaker way,97230,OR
4,West Linn,(503) 408-0545,https://www.speedstowingauction.com/car-auction-west-linn/,Portland,14330 NE Whitaker way,97230,OR
