row_id,name,description,url,image,page_url,address.addresscountry,address.addressregion,containsplace./ru/guide/ivano-frankivska-oblast/yaremchanska-mr/yablunytsya.html,containsplace.с. Поляница (Буковель),containsplace.с. Микуличин,containsplace.Ворохта - один из самых известных туристических центров карпатского края. Поселок городского типа Ворохта находится…,containsplace.с. Татаров,containsplace./ru/guide/ivano-frankivska-oblast/kosivskyi-rayon/kosiv.html,"containsplace.Село Шепот является тем населенным пунктом из всех окружающих, который может похвастаться наибольшим количеством водопадов.",containsplace./ru/guide/ivano-frankivska-oblast/kosivskyi-rayon/jabluniv.html,containsplace./ru/guide/ivano-frankivska-oblast/kosivskyi-rayon/kosmach.html,"containsplace.Всем, кто желает удачно отдохнуть летом в Карпатах, стоит приезжать в поселок Куты, ведь эта местность оптимальна для тех…","containsplace.Шешоры - курортное поселение с великолепными горными пейзажами: прекрасные горы, невероятные водопады, стремительные реки.",containsplace./ru/guide/ivano-frankivska-oblast/verkhovynskyi-rayon/volova.html,containsplace.с. Ильцы,containsplace.пгт Верховина,"containsplace.Особым местом, в котором точно придерживаются и уважают традиции - карпатское селе Криворовня. Именно здесь проживают настоящие гуцулы.",containsplace./ru/guide/ivano-frankivska-oblast/verkhovynskyi-rayon/dzembronya.html,containsplace.с. Красник,containsplace.Яблуница - лечебно-оздоровительный центр с национальным колоритом. Именно здесь сохранилось невероятное количество обычаев…,"containsplace.Это карпатское село славится у туристов Манявским Скитом и Манявским водопадом, которые собирают вокруг себя сотни туристов ежедневно.","containsplace.Именно с этого поселка начинаются путешествия многих любителей активного отдыха. Здесь очень спокойно, места дышат аутентичной красотой, леса полны даров.",containsplace./ru/guide/ivano-frankivska-oblast/bogorodchanskyi-rayon/solotvyn.html,containsplace./ru/guide/ivano-frankivska-oblast/bogorodchanskyi-rayon/bohorodchany.html
0,Яремчанский ГС,"Населенные пункты Яремчанского ГС, Ивано-Франковская область, Украина",http://karpaty.life/ru/guide/ivano-frankivska-oblast/yaremchanska-mr/,http://karpaty.life/uploads/0/yaremchanska-mr.jpg,https://karpaty.life/ru/guide/ivano-frankivska-oblast/yaremchanska-mr/,Украина,Ивано-Франковская область,Село известно среди любителей активного отдыха благодаря немалому количеству склонов для катания на лыжах или санках.,"Главным преимуществом отдыха в Полянице считается, то, что она находится рядом с крупнейшим горнолыжным курортом Украины - Буковелем.","Карпатское село - место, сочетающее в себе древние традиции и современный строй, дикую природу и бетонный асфальт…",пгт Ворохта,/ru/guide/ivano-frankivska-oblast/yaremchanska-mr/tatariv.html,,,,,,,,,,,,,,,,,
1,Косовский район,"Населенные пункты Косовского района, Ивано-Франковская область, Украина",http://karpaty.life/ru/guide/ivano-frankivska-oblast/kosivskyi-rayon/,http://karpaty.life/uploads/0/kosivskyi-rayon.jpg,https://karpaty.life/ru/guide/ivano-frankivska-oblast/kosivskyi-rayon/,Украина,Ивано-Франковская область,,,,,,г. Косов,с. Шепот,пгт Яблунов,"Космач - это село, которое больше всего описано в легендах, воспетый в песнях, изображенное на картинах, увековечены в фильмовых лентах…",пгт Куты,/ru/guide/ivano-frankivska-oblast/kosivskyi-rayon/sheshory.html,,,,,,,,,,,
2,Верховинский район,"Населенные пункты Верховинского района, Ивано-Франковская область, Украина",http://karpaty.life/ru/guide/ivano-frankivska-oblast/verkhovynskyi-rayon/,http://karpaty.life/uploads/0/verkhovynskyi-rayon.jpg,https://karpaty.life/ru/guide/ivano-frankivska-oblast/verkhovynskyi-rayon/,Украина,Ивано-Франковская область,,,,,,,,,,,,с. Воловая,"Село Ильцы считается своеобразным пропускным пунктом на Дземброню и Буркут, а соответственно и на гору Поп-Иван и Черногорский хребет.","Чтобы почувствовать себя настоящим горцем и сполна насладиться колоритом местности, необходимо наведаться в Верховину.",/ru/guide/ivano-frankivska-oblast/verkhovynskyi-rayon/kryvorivnya.html,"В Дземброни широко развит зеленый туризм. Туристов привлекает в этих местах чистый горный воздух, самобытность, горы…","Именно здесь планируют построить едва ли не самый большой в Верховинском районе горнолыжный зимний курорт \""Крынта\"".",с. Яблуница,,,,
3,Богородчанский район,"Населенные пункты Богородчанского района, Ивано-Франковская область, Украина",http://karpaty.life/ru/guide/ivano-frankivska-oblast/bogorodchanskyi-rayon/,http://karpaty.life/uploads/0/bogorodchanskyi-rayon.jpg,https://karpaty.life/ru/guide/ivano-frankivska-oblast/bogorodchanskyi-rayon/,Украина,Ивано-Франковская область,,,,,,,,,,,,,,,,,,,/ru/guide/ivano-frankivska-oblast/bogorodchanskyi-rayon/manjava.html,/ru/guide/ivano-frankivska-oblast/bogorodchanskyi-rayon/guta.html,пгт Солотвин,пгт Богородчаны
