row_id,name,iatacode,page_url,geo.latitude,geo.longitude
0,Malaga Costa del Sol Airport,AGP,https://www.kayak.ie/flight-routes/Ireland-IE0/Andalusia-ESAN,3.666994340211736E1,-4.490526931152317E0
1,New York John F Kennedy Airport,JFK,https://www.kayak.ie/flight-routes/Ireland-IE0/New-York-NYC,4.063983E1,-7.377874E1
2,Amsterdam Airport Schiphol,AMS,https://www.kayak.ie/flight-routes/Dublin-DUB/Worldwide-000,5.230736127010797E1,4.767146455078091E0
3,Paris Charles de Gaulle Airport,CDG,https://www.kayak.ie/flight-routes/Dublin-DUB/Worldwide-000,4.901278E1,2.55E0
4,Istanbul Ataturk Airport,IST,https://www.kayak.ie/flight-routes/Dublin-DUB/Worldwide-000,4.1275873982430916E1,2.874113893066408E1
5,Toronto Pearson Airport,YYZ,https://www.kayak.ie/flight-routes/Ireland-IE0/Toronto-YTO,4.368165315626773E1,-7.961835316406257E1
6,Paris Orly Airport,ORY,https://www.kayak.ie/flight-routes/Ireland-IE0/Paris-PAR,4.872528E1,2.35944E0
7,London Heathrow Airport,LHR,https://www.kayak.ie/flight-routes/Ireland-IE0/Worldwide-000,5.147115E1,-4.564899999999999E-1
8,London Luton Airport,LTN,https://www.kayak.ie/flight-routes/Ireland-IE0/United-Kingdom-GB0,5.187472E1,-3.6833E-1
9,London Stansted Airport,STN,https://www.kayak.ie/flight-routes/Ireland-IE0/United-Kingdom-GB0,5.1885E1,2.35E-1
10,London Gatwick Airport,LGW,https://www.kayak.ie/flight-routes/Ireland-IE0/United-Kingdom-GB0,5.115609E1,-1.7818E-1
11,Manchester Airport (UK),MAN,https://www.kayak.ie/flight-routes/Ireland-IE0/United-Kingdom-GB0,5.335374E1,-2.27495E0
12,Liverpool J. Lennon Airport,LPL,https://www.kayak.ie/flight-routes/Ireland-IE0/United-Kingdom-GB0,5.333333E1,-2.85E0
