id,ident,type,name,latitude_deg,longitude_deg,elevation_ft,continent,iso_country,iso_region,municipality,scheduled_service,gps_code,iata_code,local_code,home_link,wikipedia_link,keywords
347727,76FA,heliport,Davie Medical Center Helipad,26.077222,-80.250833,67.0,,US,US-FL,Davie,no,76FA,,76FA,,,
42542,KE-6013,small_airport,Balesa Airport,3.646972,37.350861,2000.0,AF,KE,KE-400,Balesa,no,HKBL,,,,,
46154,RU-0326,closed,Kamenka Air Base,53.205,44.065,,EU,RU,RU-PNZ,Kamenka,no,,,,,,Аэродром Каменка
39768,CA-0122,closed,Eaglenest Airport,57.59999847412109,-129.4166717529297,,,CA,CA-BC,,no,,,,,,
340380,IT-0658,closed,Trapani–Chinisia Airport / Borizzo Airfield,37.896458,12.53907,,EU,IT,IT-82,Trapani (TP),no,,,,,https://en.wikipedia.org/wiki/Borizzo_Airfield,
511428,AU-0615,heliport,Boondooma Heliport,-26.104719,151.449319,975.0,OC,AU,AU-QLD,Lake Boondooma,no,,,OZHJZ,,,
348296,US-5440,closed,Fico Farms Airport,30.05951,-85.28216,22.0,,US,US-FL,Wewahitchka,no,,,,,,
317592,GB-0265,small_airport,Lower Withial Fram Airstrip,51.1253177,-2.5965937,,EU,GB,GB-ENG,,no,,,,,,
22372,MS71,small_airport,Slobovia Outernational Airport,32.49509811401367,-90.29290008544922,250.0,,US,US-MS,Pocahontas,no,MS71,,MS71,,,
508677,JP-3196,heliport,Ukisatomura Emergency Helicopter Landing Site,34.52428,136.389,1371.0,AS,JP,JP-24,Matsusaka,no,,,,,,
338331,US-2235,closed,Terry County / Reese Air Force Auxiliary Field,33.36743,-102.37003,,,US,US-TX,Meadow,no,,,,,,
7777,12MN,closed,Eastman Seaplane Base,46.480499,-94.281097,1200.0,,US,US-MN,Lake Hubert,no,,,,,,12MN
341266,TF-0002,heliport,Port-aux-Français Heliport,-49.35033,70.22033,,AN,TF,TF-U-A,Port-aux-Français,no,,,,,,
333094,RHR,seaplane_base,Ras al Khaimah Al Hamra Seaplane Base,25.691,55.778,,AS,AE,AE-RK,Ras Al Khaimah,no,,RHR,,,,
25654,WA60,closed,Longview Bridge Medical Emergency Heliport,46.111395,-122.955356,16.0,,US,US-WA,Longview,no,,,,,,"WA60, WA60"
341434,JP-1524,heliport,Akasaka Garden City Building Helipad,35.67416,139.73155,,AS,JP,JP-13,"Minato, Tokyo",no,,,,,,
25387,VA55,heliport,Summit Heliport,37.36489868164063,-79.90059661865234,1280.0,,US,US-VA,Roanoke,no,VA55,,VA55,,,
344312,US-4028,small_airport,45 Ranch Old Airport,42.17637,-116.85425,,,US,US-ID,Grand View,no,,,,,,
10245,37NY,heliport,Cuba Memorial Hospital Heliport,42.2209014893,-78.26640319820001,1600.0,,US,US-NY,Cuba,no,37NY,,37NY,,,
41770,UZ-0083,closed,Irdzharskaya Northwest Airport,40.737,67.961998,830.0,AS,UZ,UZ-JI,Irdzharskaya,no,,,,,,
41240,FADZ,small_airport,Drakensberg Gardens Airport,-29.75,29.25,5948.0,AF,ZA,ZA-NL,Drakensberg Gardens,no,FADZ,,,,,
314920,SSS,small_airport,Siassi Airport,-5.5965,147.8106,1250.0,OC,PG,PG-MPL,Siassi,no,,SSS,SSI,,,"Sema, Semo"
39079,SAYO,heliport,Orcadas Base Heliport,-60.738473,-44.735655,75.0,AN,AQ,AQ-U-A,Laurie Island,no,SAYO,,OCD,,https://en.wikipedia.org/wiki/Orcadas_Base,
18930,K5T9,small_airport,Maverick County Memorial International Airport,28.859766,-100.516682,887.0,,US,US-TX,Eagle Pass,no,,EGP,5T9,,https://en.wikipedia.org/wiki/Maverick_County_Memorial_International_Airport,
336796,GB-0921,small_airport,Home Farm Airstrip,52.10795,-1.71938,,EU,GB,GB-ENG,Admington (Warwickshire),no,,,,,,
12110,56VA,heliport,Virginia Beach Municipal Heliport,36.7509994506836,-76.05829620361328,12.0,,US,US-VA,Virginia Beach,no,56VA,,56VA,,,
32466,PLFA,small_airport,Tabuaeran Island Airport,3.899440050125122,-159.38900756835938,,OC,KI,KI-L,Tabuaeran Island,no,PLFA,TNV,,,,Fanning Island
8347,1II8,small_airport,Morris Airport,39.81420135498047,-85.81890106201172,870.0,,US,US-IN,Greenfield,no,1II8,,1II8,,,
319544,MX-0241,small_airport,Chavarín Airport,19.19735,-104.54093,190.0,,MX,MX-COL,Manzanillo,no,,,CHV,,,
507877,SJ7I,small_airport,Fazenda Dacar Airport,-12.139661,-55.224217,1197.0,SA,BR,BR-MT,Vera,no,SJ7I,,MT0881,,,
23898,OR48,small_airport,Snyder Ranch Airport,45.19430160522461,-120.21700286865234,2655.0,,US,US-OR,Condon,no,OR48,,OR48,,,
12472,5MA4,heliport,Double A Heliport,41.92449951171875,-70.76969909667969,90.0,,US,US-MA,Carver,no,5MA4,,5MA4,,,
343888,US-3894,closed,Cochise Stronghold North Landing Strip,32.08295,-109.92693,,,US,US-AZ,Cochise,no,,,,,,
308290,IT-0033,heliport,Castel Gandolfo Heliport,41.732928,12.658055,,EU,IT,IT-62,Castel Gandolfo,no,,,,,,
342936,SBQP,small_airport,Fazenda Três Santos Airstrip,-7.752392,-44.315921,1526.0,SA,BR,BR-PI,Uruçuí,no,SBQP,,PI0079,,,
334718,JP-0319,closed,Ami Airfield,36.023764,140.266657,78.0,AS,JP,JP-08,Ami,no,,,,,,"ami, rja1, rjai, RJAI"
44285,CN-0207,small_airport,Shuangcheng Air Base,45.406874,126.320977,,AS,CN,CN-23,Harbin,no,,,,,,
5434,PGWT,medium_airport,Tinian International Airport,14.9992,145.619003,271.0,OC,MP,MP-U-A,Tinian Island,no,PGWT,TIQ,TNI,,https://en.wikipedia.org/wiki/Tinian_International_Airport,
343318,BR-1535,heliport,Bravíssima Private Residence Heliport,-26.934866,-48.633485,253.0,SA,BR,BR-SC,Itajaí,no,SNPB,,SC0110,,,
328077,ND25,small_airport,Prop Wash Field,48.064407,-102.907918,2340.0,,US,US-ND,Watford City,no,ND25,,ND25,,,
24907,TE99,small_airport,Barnstormer Airport,32.020423,-97.253778,625.0,,US,US-TX,Whitney,no,TE99,,TE99,,,
42939,RU-0038,closed,Palana (East) Airport,59.05833435058594,159.96665954589844,154.0,AS,RU,RU-KAM,Palana,no,,,,,https://en.wikipedia.org/wiki/Palana_New_Airport,
32061,NWWF,closed,Voh Airport,-20.966999,164.699997,33.0,OC,NC,NC-U-A,Voh,no,,,,,,"NWWF, NWWF"
4461,LPPT,large_airport,Humberto Delgado Airport (Lisbon Portela Airport),38.7813,-9.13592,374.0,EU,PT,PT-11,Lisbon,yes,LPPT,LIS,,http://www.ana.pt/en-US/Aeroportos/lisboa/Lisboa/Pages/HomeLisboa.aspx,https://en.wikipedia.org/wiki/Lisbon_Portela_Airport,Lisboa
22341,MS38,small_airport,Flautt Airport,33.87229919433594,-90.2834014892578,145.0,,US,US-MS,Swan Lake,no,MS38,,MS38,,,
354340,VN-0021,heliport,Đảo An Bang (Amboyna Cay) Helipad,7.891412,112.921032,,AS,VN,VN-SCC,Trường Sa (Trường Sa),no,,,,,,
15624,99OK,heliport,Warren Cat Heliport,35.4648017883,-97.6042022705,1297.0,,US,US-OK,Oklahoma City,no,99OK,,99OK,,,
19213,KA08,small_airport,Vaiden Field,32.512401580811,-87.385597229004,225.0,,US,US-AL,Marion,no,A08,,A08,,,AL08
320386,PL-0088,small_airport,Baranów,52.122083,20.48175,295.0,EU,PL,PL-MZ,Baranów,no,,,,,,
14736,86PN,small_airport,Seesholtz Airport,41.04449844360352,-76.3552017211914,730.0,,US,US-PA,Bloomsburg,no,86PN,,86PN,,,
429830,PK-0072,heliport,Taftan Heliport,28.96501,61.57708,,AS,PK,PK-BA,Taftan,no,,,,,,
167,SDIB,small_airport,Irmãos Ribeiro Airport,-22.1581,-46.775299,3035.0,SA,BR,BR-SP,Espírito Santo Do Pinhal,no,SDIB,,SP0107,,,
352667,US-6468,small_airport,Cholla Canyon Ranch Airport,34.69323,-113.57241,2113.0,,US,US-AZ,Wikieup,no,,,,,,
1984,CYYQ,medium_airport,Churchill Airport,58.739200592041016,-94.06500244140624,94.0,,CA,CA-MB,Churchill,yes,CYYQ,YYQ,,,https://en.wikipedia.org/wiki/Churchill_Airport,
14009,79II,small_airport,Sauer-Harter Airport,39.883399963378906,-85.70249938964844,930.0,,US,US-IN,Greenfield,no,79II,,79II,,,
46061,US-0148,closed,Carroll Lake-View Airport,32.462601,-97.114197,635.0,,US,US-TX,Venus,no,,,,,,70TS
24026,PA56,heliport,UPMC Passavant Cranberry Heliport,40.68373,-80.097134,1100.0,,US,US-PA,Cranberry,no,PA56,,PA56,https://www.upmc.com/locations/hospitals/passavant,,
507903,AU-0571,small_airport,Lake MacKay Airstrip,-23.670782,129.976158,,OC,AU,AU-NT,Lake MacKay,no,,,,,,
32671,FMMC,small_airport,Malaimbandy Airport,-20.3553902921,45.5433726311,597.0,AF,MG,MG-U,Malaimbandy,no,FMMC,WML,,,,
327896,KR-0635,heliport,Daegu Stadium Complex Heliport,35.826041,128.685922,,AS,KR,KR-27,Daeheung-dong,no,,,,,,"Daeheung-dong, Daegu Stadium"
19961,KGLY,small_airport,Clinton Memorial Airport,38.35660171508789,-93.68419647216795,822.0,,US,US-MO,Clinton,no,KGLY,,GLY,,,
12874,62NC,small_airport,Hickory Hill Airport,34.936798095703125,-76.9447021484375,30.0,,US,US-NC,Havelock,no,62NC,,62NC,,,
39393,SHRB,heliport,Rodelbahn Heliport,-33.45916748046875,-70.51721954345703,2789.0,SA,CL,CL-RM,Santiago,no,SHRB,,,,,
16051,9WN9,small_airport,Coloma Municipal Airport,44.058383,-89.563256,1100.0,,US,US-WI,Coloma,no,,,,,,9WN9
36424,SJAO,heliport,Natura Heliport,-23.403681,-46.831144,2414.0,SA,BR,BR-SP,Cajamar,no,SJAO,,SP0590,,,
7813,13CO,heliport,Mann Heliport,40.55559921264648,-106.84400177001952,7500.0,,US,US-CO,Steamboat Springs,no,13CO,,13CO,,,
340045,FR-0454,small_airport,Base ULM de Arbis,44.68066,-0.25683,200.0,EU,FR,FR-NAQ,Cadillac,no,,,LF3352,http://www.ulm-aquitaine.com/,,
43803,LOKY,heliport,Landespolizeikommando Kärnten Heliport,46.62001800537109,14.30784511566162,1532.0,EU,AT,AT-2,Klagenfurt,no,,,,,,
3278,LL1B,small_airport,Arad Airport,31.22916984558105,35.18903732299805,1952.0,AS,IL,IL-D,Arad,no,LL1B,,LL1B,,,
320356,CZ-0110,small_airport,Miroslav ULM,48.9313889,16.2986111,781.0,EU,CZ,CZ-JM,,no,,,LKMIRO,,,
28302,CTH6,seaplane_base,La Tuque Seaplane Base,47.461399078369,-72.781097412109,,,CA,CA-QC,La Tuque,no,CTH6,,CTH6,,,
301320,clj3,small_airport,Lethbridge / J3 Airfield,49.741621,-112.73833,2910.0,,CA,CA-AB,Lethbridge,no,CLJ3,,,,,
39378,SHLS,heliport,Las Salinas Heliport,-32.99583435058594,-71.54722595214844,10.0,SA,CL,CL-VS,Viña Del Mar,no,SHLS,,,,,
29721,LJBO,small_airport,Bovec Airfield,46.329017,13.550231,1417.0,EU,SI,SI-006,Bovec,no,LJBO,,,http://www.bovec-airport.com/,,"LJBO, Bovec, Slovenia"
41586,PY-0022,small_airport,Aeródromo de San Cosme y Damian,-27.281799,-56.3111,318.0,SA,PY,PY-7,San Cosme y Damian,no,,,,,,
321188,GB-0472,small_airport,Titsey Airstrip,51.2756,0.0267556,,EU,GB,GB-ENG,,no,,,,,,
45456,40ME,small_airport,Tib Field,44.107519,-70.956454,450.0,,US,US-ME,Fryeburg,no,,,40ME,,,
24229,PR26,heliport,Villa Marina Heliport,18.331300735473636,-65.63289642333984,15.0,,PR,PR-U-A,Fajardo,no,PR26,,PR26,,,
430220,JP-3116,heliport,Kumakogen Fire Station Heliport,33.64088,132.90969,1542.0,AS,JP,JP-39,Kumakogen,no,,,,,,
354722,CN-0347,closed,Ruijin Airport (under construction),25.958108,116.078805,,AS,CN,CN-36,Ruijin,no,,,,,,
316234,US-0280,closed,Irvine Airport,37.7188,-83.9998,969.0,,US,US-KY,Irvine,no,,,,,,"E17, KE17, Calla Airfield"
40928,SK-233,small_airport,El Juncal Airport,2.846944,-75.313056,1524.0,SA,CO,CO-HUI,Palermo,no,,,EJU,,,
317252,BR-0057,small_airport,Guiratinga 2 Airport,-16.3482,-53.7786,1770.0,SA,BR,BR-MT,Guiratinga,no,,,,,,Zaidem Airport
504998,IR-0135,heliport,Asalouyeh Hospital Heliport,27.47385,52.61568,3.0,AS,IR,IR-18,Asalouyeh,no,,,,,,
16898,CO44,heliport,Yankee Port Heliport,39.57500076293945,-104.8759994506836,5854.0,,US,US-CO,Greenwood Village,no,CO44,,CO44,,,
345851,US-4586,closed,Ravenna Arsenal Test Support Runway,41.16389,-81.11931,1099.0,,US,US-OH,Ravenna,no,,,,,,
338411,US-2296,closed,Ranchos de los Caballeros Airport,33.93478,-112.78616,,,US,US-AZ,Wickenburg,no,,,,,,
329422,SIJV,small_airport,Fazenda Santa Julieta Airport,-21.579521,-49.874464,1394.0,SA,BR,BR-SP,Promissão,no,,,SIJV,,,SIJV
8779,20CA,heliport,Clayton Heliport,33.603665,-114.644587,261.0,,US,US-CA,Blythe,no,20CA,,20CA,,,"blythe, clayton"
19606,KD60,small_airport,Tioga Municipal Airport,48.38050079,-102.8980026,2271.0,,US,US-ND,Tioga,no,D60,VEX,D60,http://www.tiogand.net/index.asp?SEC=D996B72D-EE0E-4AA1-929E-1F5F0C5C46CE&Type=B_BASIC,,
341027,US-3108,heliport,Cal Fire Howard Forest Helitack Base,39.34594,-123.31635,,,US,US-CA,Willits,no,,,HFS,,,
1395,CPE4,small_airport,Cambridge / Reid's Field,43.4427306923,-80.23251056670001,1050.0,,CA,CA-ON,Cambridge,no,CPE4,,CPE4,,https://en.wikipedia.org/wiki/Cambridge/Reid's_Field_Airport,PE4
429819,NZ-0033,small_airport,Hollyford River Aerodrome,-44.36083,168.00876,,OC,NZ,NZ-STL,Jamestown,no,,,,,,
320993,DE-0385,small_airport,Fresh Breeze UL,52.518069,9.732115,187.0,EU,DE,DE-NI,Bissendorf,no,,,,,,
43639,FR-0297,small_airport,Mont Llaret Roc d'Aude Airfield,42.580555,2.025,7710.0,EU,FR,FR-OCC,Les Angles,no,,,LF6626,,,
308382,MMPL,small_airport,Punta Colorada Airport,23.575011,-109.535826,55.0,,MX,MX-BCS,La Ribera,no,MMPL,PCO,PCL,,https://en.wikipedia.org/wiki/Punta_Colorada_Airstrip,
11362,4C2,small_airport,Walker/Rowe Waterloo Airport,41.43119812011719,-84.98159790039062,900.0,,US,US-IN,Waterloo,no,4C2,,4C2,,,
333515,MX-1163,small_airport,Portugués de Gálvez Airport,25.729221,-108.40991,164.0,,MX,MX-SIN,Guasave,no,,,PDG,,,
300234,CTH2,small_airport,Thor Lake Airport,62.1007902302,-112.624111176,809.0,,CA,CA-NT,,no,CTH2,,CTH2,,,
341974,IN-0263,heliport,Manjinikkara Helipad,9.2481,76.7469,55.0,AS,IN,IN-KL,Pathanamthitta,no,,,,,,
29214,EIBN,small_airport,Bantry Aerodrome,51.6772,-9.487123,7.0,EU,IE,IE-C,Bantry,no,EIBN,BYT,,,https://en.wikipedia.org/wiki/Bantry_Aerodrome,Beanntraí
335794,BR-1043,small_airport,Fazenda Fortuna Airstrip,-9.149299,-56.917892,650.0,SA,BR,BR-PA,Jacareacanga,no,SIVR,,PA0060,,,
334219,US-1250,small_airport,Campbells Airport,39.913889,-104.473333,5165.0,,US,US-CO,Bennett,no,CO41,,CO41,,,
35997,SIHF,heliport,Campo de Exposições Torto Heliport,-15.70444393158,-47.920555114746,3445.0,SA,BR,BR-DF,Brasília,no,,,,,,SIHF
38077,SWSX,closed,Seringal Nova Olinda Airport,-10.100445,-69.21258,673.0,SA,BR,BR-AC,Sena Madureira,no,,,,,,SWSX
320928,GB-0456,small_airport,Stonehill Farm Airstrip,55.4669,-3.84473,890.0,EU,GB,GB-SCT,,no,,,,,,
26136,XA01,heliport,Cozby-Germany Hospital Heliport,32.680003,-95.723288,476.0,,US,US-TX,Grand Saline,no,XA01,,XA01,,,
318821,KE-0194,small_airport,Sirocco Airstrip,-0.721299,36.28709,6100.0,AF,KE,KE-700,,no,,,,,,
343513,RU-0718,closed,Toyohara Airfield,46.92211,142.72854,86.0,EU,RU,RU-SAK,Yuzhno-Sakhalinsk,no,,,,,,
340583,PS-0003,heliport,Bethlehem Heliport,31.695021,35.188522,,AS,PS,PS-BTH,Dheisheh,no,,,,,,
323496,KR-0072,closed,Camp La Guardia Airfield,37.745175,127.043425,,AS,KR,KR-41,Uijonbu,no,,,,,,
14914,8FL0,small_airport,Hutson Airfield,29.72800064086914,-81.4397964477539,50.0,,US,US-FL,Hastings,no,8FL0,,8FL0,,,
41126,SEBF,closed,Buena Fe Airport,-0.837328,-79.486759,320.0,SA,EC,EC-R,Buena Fe,no,,,,,,"SEBF, SEBF"
352002,JP-2797,heliport,Imperial Hotel Osaka Heliport,34.70104,135.51952,,AS,JP,JP-27,Osaka,no,,,,,,
13814,74N,small_airport,Bendigo Airport,40.55849838256836,-76.55960083007812,791.0,,US,US-PA,Tower City,no,74N,,74N,,https://en.wikipedia.org/wiki/Bendigo_Airport_(Pennsylvania),
354893,CN-0349,heliport,Military Helipad,41.763301,87.423469,,AS,CN,CN-65,,no,,,,,,
356250,ZA-0301,small_airport,Kokomori Airport,-23.08269,27.90621,2575.0,AF,ZA,ZA-NP,Groblersbrug,no,,,,,,
38805,AR-0130,small_airport,Eduardo Castex Airport,-35.8805541992,-64.2738876343,600.0,SA,AR,AR-L,Eduardo Castex,no,,,ECX,,,
14119,7GA3,small_airport,Hacienda De Gay Airstrip,32.663299560546875,-82.07530212402344,328.0,,US,US-GA,Garfield,no,7GA3,,7GA3,,,
28887,LFHM,small_airport,Megève Altiport,45.823005,6.649406,4823.0,EU,FR,FR-ARA,Megève,no,LFHM,MVV,,,https://en.wikipedia.org/wiki/Meg%C3%A8ve_Altiport,
339650,RU-0557,small_airport,Inya Airport,59.39879,144.82051,,EU,RU,RU-KHA,Inya,no,UHOQ,,,,,
29526,LSZP,small_airport,Flugplatz Biel-Kappelen,47.089199,7.29,1437.0,EU,CH,CH-BE,,no,LSZP,,,,,
31546,HAGB,small_airport,Robe Airport,7.119033,40.045166,7892.0,AF,ET,ET-OR,Goba,no,HAGB,GOB,,,,
505631,US-7421,closed,Laurens Skyways Airport,42.84591,-94.86408,1294.0,,US,US-IA,Laurens,no,,,,,,
40336,SVVK,small_airport,La Verdad Airport,7.133333206176758,-69.05000305175781,236.0,SA,VE,VE-C,Las Queseritas,no,SVVK,,,,,
329691,MX-0918,small_airport,Yucatan Airstrip,32.613952,-115.083503,36.0,,MX,MX-BCN,Mexicali,no,,,YTN,,,
335736,BR-1013,small_airport,Fazenda Vitória Airport,-12.150865,-45.870333,2415.0,SA,BR,BR-BA,Luís Eduardo Magalhães,no,SITH,,BA0242,,,
322245,US-0435,small_airport,Windsor Farms Airport,35.227514,-78.817261,180.0,,US,US-NC,Linden,no,4NC3,,4NC3,,,
336325,BR-1120,heliport,Instituto Dr. José Frota Helipad,-3.734421,-38.531199,230.0,SA,BR,BR-CE,Fortaleza,no,SJFS,,CE0043,,,
337139,BR-1201,small_airport,Fazenda São Caetano Airport,-15.280895,-54.427677,2241.0,SA,BR,BR-MT,Primavera do Leste,no,SSJU,,MT0587,,,
309310,YPRI,heliport,Princess Alexandra Hospital Helipad,-27.50018,153.0338,200.0,OC,AU,AU-QLD,Brisbane,no,YPRI,,YPRI,,,
333902,FR-0409,small_airport,Super Bareges - Plateau de Monhaillat,42.911111,0.125556,6100.0,EU,FR,FR-OCC,Bareges,no,,,LF6555,http://www.aero-hesbaye.be/vac/ULM/LF6555.pdf,,
14272,7NC5,small_airport,Crooked Creek Airport,35.933799743652344,-78.24669647216797,250.0,,US,US-NC,Bunn,no,7NC5,,7NC5,,,
14381,7T3,small_airport,Naval Outlying Landing Field Goliad,28.615516,-97.616302,324.0,,US,US-TX,Goliad,no,KNGT,,NGT,,,"7T3, Goliad County Industrial Airpark, NALF Berclair"
345701,US-4507,heliport,TMC Bonham Hospital Heliport,33.57805,-96.16593,566.0,,US,US-TX,Bonham,no,,,,,,
17866,ID90,closed,Spencer Ranch Landing Strip,45.85276,-116.66811,4284.0,,US,US-ID,Keuterville,no,,,,,,"ID90, ID90, ID90"
348430,CY-0078,heliport,Lazanias Helipad,34.940064,33.20146,,AS,CY,CY-02,Lazanias,no,,,,,,
328196,KR-0804,heliport,Prague Theater Wedding Heliport,37.536156,127.13415,,AS,KR,KR-11,Seoul,no,,,,,,Prague Theater Wedding
318623,TZ-0062,small_airport,Gorimba Airport,-4.837753,35.366121,4660.0,AF,TZ,TZ-26,Gorimba,no,,,,,,
1615,CTS2,heliport,Quebec / Beauport (HQ) Heliport,46.8795206445,-71.1941441149,320.0,,CA,CA-QC,Québec,no,CTS2,,CTS2,,,"TS2, Quebec City"
348452,AR-0686,closed,Río Gallegos Air Base,-51.64861,-69.20314,56.0,SA,AR,AR-Z,Río Gallegos,no,,,,,,
45415,6IN0,closed,Volmedics Heliport,39.474508,-87.063642,702.0,,US,US-IN,Brazil,no,,,,,,6IN0
325906,PH-0061,heliport,Fort Felipe Naval Logistics Center Heliport,14.483864,120.917295,,AS,PH,PH-CAV,Cavite,no,,,,,,"Fort Felipe, Cavite"
352638,NG-0025,heliport,Forçados Terminal Heliport,5.35986,5.35239,11.0,AF,NG,NG-DE,Forçados,no,,,,,,
11523,4M0,small_airport,Lake Ann Airway Estates Airport,44.696085,-85.914159,820.0,,US,US-MI,Interlochen,no,,,4M0,,,
27636,YIMB,small_airport,Kimba Airport,-33.093182,136.466315,763.0,OC,AU,AU-SA,Kimba,no,YIMB,,,,https://en.wikipedia.org/wiki/Kimba_Airport,
44251,CN-0173,closed,Shanghai Jiangwan Airfield,31.333,121.5,,AS,CN,CN-31,Shanghai (Yangpu),no,,,,,,
6119,SKGB,small_airport,Marco Fidel Suarez Air Base,3.45899,-76.4966,3165.0,SA,CO,CO-VAC,Cali,no,SKGB,,,,,
11004,42MO,small_airport,Aire Parque Airport,38.12310028076172,-90.38899993896484,710.0,,US,US-MO,Festus,no,42MO,,42MO,,,
11732,4TN2,small_airport,Buck Creek Ranch Airport,35.883399963378906,-84.96880340576172,1800.0,,US,US-TN,Crossville,no,4TN2,,4TN2,,,
18983,K6E5,small_airport,Wilder Airport,44.433033,-97.558207,1729.0,,US,US-SD,Desmet,no,6E5,,6E5,,,SD12
349015,JP-2560,heliport,Karasu Heliport,34.65236,136.53074,8.0,AS,JP,JP-24,Tsu,no,,,,,,
9643,2NK5,heliport,NCH Heliport,44.301700592041016,-75.95490264892578,275.0,,US,US-NY,Alexandria Bay,no,2NK5,,2NK5,,,
12052,55MN,small_airport,Conley Field,45.83520126342773,-93.33550262451172,1004.0,,US,US-MN,Mora,no,55MN,,55MN,,,
16952,CO99,closed,Denver ARTCC Heliport,40.1882,-105.12652,5057.0,,US,US-CO,Longmont,no,,,,,,CO99
20343,KLHX,small_airport,La Junta Municipal Airport,38.04970169,-103.5090027,4229.0,,US,US-CO,La Junta,no,KLHX,,LHX,,,
350505,US-6010,closed,Anderson Field / Rockwell Field,36.13583,-115.14532,2044.0,,US,US-NV,Las Vegas,no,,,,,,
30081,SCLD,small_airport,Llanada Grande Airport,-41.86669921875,-71.93440246582031,1001.0,SA,CL,CL-LL,Llanada Grande,no,SCLD,,,,,
510752,SN3W,small_airport,Fazenda Palmeira Airstrip,-21.818611,-55.497778,1749.0,SA,BR,BR-MS,Maracaju,no,SN3W,,MS0657,,,
37540,SSKD,small_airport,Fazenda União Airport,-19.75627,-55.478729,410.0,SA,BR,BR-MS,Aquidauana,no,,,,,,SSKD
340557,IN-0179,heliport,Dalapchand Heliport,27.193387,88.675583,,AS,IN,IN-SK,Aritar,no,,,,,,
36445,SJBP,heliport,Atrium VI.com Heliport,-23.595482,-46.687474,2664.0,SA,BR,BR-SP,São Paulo,no,SJBP,,SP0600,,,
43164,EPJA,small_airport,Jastarnia Airport,54.71028137207031,18.64528083801269,3.0,EU,PL,PL-PM,Jastarnia,no,EPJA,,,,,
32400,ZGOW,medium_airport,Jieyang Chaoshan International Airport,23.552,116.5033,,AS,CN,CN-44,Jieyang (Rongcheng),yes,ZGOW,SWA,,,https://en.wikipedia.org/wiki/Jieyang_Chaoshan_International_Airport,
301999,US-0204,heliport,Barnegat Light Helistop,39.7630833333,-74.1070277778,10.0,,US,US-NJ,Barnegat Light,no,,,,,,
8691,1TS4,heliport,Legacy Hangar Heliport,33.068501,-96.801399,660.0,,US,US-TX,Plano,no,1TS4,,1TS4,,,
327343,KR-0458,heliport,Hwangnyeong Mountain View Heliport,35.157969,129.082588,,AS,KR,KR-26,Busan,no,,,,,,Hwangnyeong Mountain View
27039,YLST,medium_airport,Leinster Airport,-27.843299865722656,120.7030029296875,1631.0,OC,AU,AU-WA,,yes,YLST,LER,,,https://en.wikipedia.org/wiki/Leinster_Airport,
18624,K2S8,small_airport,Wilbur Airport,47.75419998168945,-118.74299621582033,2182.0,,US,US-WA,Wilbur,no,K2S8,,2S8,,,
330296,MX-1004,small_airport,El Arenoso Airport,28.219292,-110.587661,367.0,,MX,MX-SON,Guaymas,no,,,ELA,,,
327617,AR-0633,small_airport,Rincón de Luna Airport,-28.470238,-58.249234,180.0,SA,AR,AR-W,Tabay,no,,,1300,,,
14577,82OK,heliport,Ascension Saint John Sapulpa Heliport,35.993146,-96.099575,750.0,,US,US-OK,Sapulpa,no,82OK,,82OK,,,
43245,LEMT,small_airport,Casarrubios Del Monte Airport,40.235001,-4.02639,2050.0,EU,ES,ES-CM,Toledo,no,LEMT,,,,,
23662,OH99,closed,Planevue Airport,40.113998,-82.458199,935.0,,US,US-OH,Newark,no,,,,,,OH99
336210,US-1670,heliport,Memorial Hermann Greater Heights Hospital Heliport,29.812,-95.431544,64.0,,US,US-TX,Houston,no,XA84,,XA84,,,
29603,FYGL,small_airport,Omaruru Game Lodge Airport,-21.326099395751957,16.089399337768555,4226.0,AF,,NA-ER,Omaruru,no,FYGL,,,,,
6734,03OI,heliport,"Cleveland Clinic, Marymount Hospital Heliport",41.420312,-81.599552,890.0,,US,US-OH,Garfield Heights,no,03OI,,03OI,,,
23750,OK06,small_airport,Snake Creek Wilderness Airport,35.64780044555664,-94.9499969482422,1130.0,,US,US-OK,Cookson,no,OK06,,OK06,,,
15961,9TA4,heliport,Placid Heliport,32.78179931640625,-96.79810333251952,1090.0,,US,US-TX,Dallas,no,9TA4,,9TA4,,,
338992,TR-0058,heliport,Istanbul Park Heliport,40.95486,29.41437,,AS,TR,TR-34,"Tuzla, Istanbul",no,,,,,,
30866,MYCC,small_airport,Cat Cay Airport,25.554425,-79.275404,14.0,,BS,BS-BI,North Cat Cay,no,MYCC,CXY,,http://web.archive.org/web/20210124061911/http://www.catcayyachtclub.com/club/scripts/library/view_document.asp?NS=IS&DN=AIRPORT,https://en.wikipedia.org/wiki/Cat_Cays_Airport,
14624,83TS,small_airport,Moore Ranch Airport,32.426896,-98.418374,1200.0,,US,US-TX,Gordon,no,83TS,,83TS,,,
27487,YCSV,small_airport,Collinsville Airport,-20.59670066833496,147.86000061035156,180.0,OC,AU,AU-QLD,,no,YCSV,KCE,,,,
41734,UZ-0047,small_airport,Syrdarya Airport,40.809101,68.687698,858.0,AS,UZ,UZ-SI,Syrdarya,no,,,,,,
307560,KMF,small_airport,Kamina Airport,-7.64925,145.956944444,2157.0,OC,PG,PG-GPK,Hoieti,no,AYKD,KMF,KMN,,,
351463,AU-0261,small_airport,Yarraden station airstrip,-14.303383,143.310943,,OC,AU,AU-QLD,Yarraden,no,,,,,,
351962,YE-0009,heliport,Balhaf Lower Heliport,14.00131,48.17582,16.0,AS,YE,YE-SH,Balhaf,no,,,,,,
342514,SSHO,heliport,Hospital Santa Rita Helipad,-7.126055,-34.946861,213.0,SA,BR,BR-PB,Santa Rita,no,SSHO,,PB0019,,,
35900,SICX,heliport,Edifício Salvador Trade Center Heliport,-12.983888626098633,-38.453609466552734,349.0,SA,BR,BR-BA,Salvador,no,SICX,,,,,
337754,US-2095,closed,Mangum Landing Field,28.976046,-95.91661,,,US,US-TX,Bay City,no,,,,,,
38668,YYAA,small_airport,Yandama Airport,-29.664973,141.413891,,OC,AU,AU-NSW,,no,YYAA,,,,,
5779,SADO,small_airport,Campo de Mayo Military Airport,-34.5344,-58.6717,78.0,SA,AR,AR-B,Campo de Mayo,no,SADO,,CPO,,,
22180,MN76,seaplane_base,Marty's Tranquility Base,44.699962616,-93.4718933105,911.0,,US,US-MN,Prior Lake,no,MN76,,MN76,,,45D
338061,KY-0006,heliport,Faith Hospital Heliport,19.71587,-79.82739,,,KY,KY-CB,Stake Bay,no,,,,,,
321132,ES-0129,small_airport,Aeródromo Juan Espadafor,37.089503,-3.788322,,EU,ES,ES-AN,Escúzar,no,LEJE,,,https://web.archive.org/web/20190502151940/http://aerodromojuanespadafor.com:80/wp/,,
9143,27CO,small_airport,Roubideau Airport,38.72865,-108.12503,4900.0,,US,US-CO,Delta,no,27CO,,27CO,,,
10666,3NJ0,heliport,Hamilton Farm Golf Club Heliport,40.707801818847656,-74.68389892578125,308.0,,US,US-NJ,Bedminster,no,3NJ0,,3NJ0,,,
42508,BR-0011,closed,Edmar Ferreira,-18.25749969482422,-48.90800094604492,1476.0,SA,BR,BR-GO,Buriti Alegre,no,,,,,,
43638,FR-0296,small_airport,Mont Llaret Pic d'Aude Airfield,42.575001,2.038889,7628.0,EU,FR,FR-OCC,Les Angles,no,,,LF6623,,,
340139,IN-0138,heliport,Vallur Camp Heliport,13.2556,80.27623,,AS,IN,IN-TN,Minjur,no,,,,,,
1701,CYCY,medium_airport,Clyde River Airport,70.4860992432,-68.5167007446,87.0,,CA,CA-NU,Clyde River,yes,CYCY,YCY,,,https://en.wikipedia.org/wiki/Clyde_River_Airport,
21079,KSLG,small_airport,Smith Field,36.19189835,-94.48999786,1191.0,,US,US-AR,Siloam Springs,no,KSLG,SLG,SLG,http://www.siloamsprings.com/departments/airport/,,
506477,US-7533,small_airport,Phil's Airstrip,40.990366,-89.800047,,,US,US-IL,Wyoming,no,,,,,,
42145,MHWA,small_airport,Wampusirpi I Airport,15.1602783203125,-84.61722564697266,250.0,,HN,HN-GD,Wampusirpi,no,MHWA,,,,,
355376,US-6898,small_airport,Mueller Airport,38.93577,-89.62467,598.0,,US,US-IL,New Douglas,no,,,,,,
321138,IE-0015,small_airport,Ruskey Airstrip,54.8405299,-7.6547115,,EU,IE,IE-DL,,no,,,,http://www.RuskeyAirfield.com,,
350495,YRYL,small_airport,Rylstone Aerodrome,-32.770903,149.993227,,OC,AU,AU-NSW,Rylstone,no,YRYL,,,,,
27726,YLKE,small_airport,Lakes Entrance Airport,-37.85269927978516,147.95799255371094,,OC,AU,AU-VIC,,no,YLKE,,,,,
310077,DE-0103,small_airport,Rote Wiese Glider Field,52.2336,10.9809,360.0,EU,DE,DE-NI,Helmstedt,no,,,,http://www.lsv-helmstedt.de/03103a98cd1350604/,,
508518,CA-0847,seaplane_base,Minette Bay Water Aerodrome,54.02,-128.63,1450.0,,CA,CA-BC,Kitimat,no,,,AS3,https://www.minettebaylodge.com/location/,,
13921,76WI,heliport,Viking Gas Transmission County Heliport,45.3125,-92.58910369873048,1115.0,,US,US-WI,Dresser,no,76WI,,76WI,,,
347668,JP-2453,heliport,Ikawa Heliport,35.22191,138.24465,,AS,JP,JP-22,Shizuoka,no,,,,,,
30643,ULDD,medium_airport,Amderma Airport,69.76329803466797,61.556400299072266,13.0,AS,RU,RU-NEN,Amderma,yes,ULDD,AMV,,,https://en.wikipedia.org/wiki/Amderma_Airport,
4411,LLBG,large_airport,Ben Gurion International Airport,32.01139831542969,34.88669967651367,135.0,AS,IL,IL-M,Tel Aviv,yes,LLBG,TLV,,http://www.iaa.gov.il/Rashat/en-US/Airports/BenGurion/,https://en.wikipedia.org/wiki/Ben_Gurion_International_Airport,
320275,GB-0383,small_airport,North Wales Gliding Club,53.043229,-3.2219454,,EU,GB,GB-WLS,,no,,,,,,
23597,OH31,heliport,Sycamore Hospital Heliport,39.50419998168945,-84.24739837646484,940.0,,US,US-OH,Miamisburg,no,OH31,,OH31,,,
317445,GB-0254,small_airport,Gutchpool Farm Airstrip,51.0572904,-2.2334969,,EU,GB,GB-ENG,,no,,,,,,
28602,EDVI,small_airport,Flugplatz Höxter-Holzminden,51.806667,9.378333,934.0,EU,DE,DE-NW,Höxter,no,EDVI,,,http://www.flugplatz-hx.de,,
25190,TX76,closed,Baylor Scott & White Medical Center Heliport,32.919637,-96.660842,555.0,,US,US-TX,Garland,no,,,,https://web.archive.org/web/20190317010213/https://www.bswhealth.com/locations/garland/pages/default.aspx?utm_source=web&utm_med,,"TX76, BMCG Heliport"
327648,KR-0563,heliport,Yukgok-ri North Heliport,37.897465,126.831007,,AS,KR,KR-41,Yukgoki-ri,no,,,,,,Yukgoki-ri
12298,5CA9,seaplane_base,Konocti  - Clear Lake Seaplane Base,38.977699,-122.718002,1326.0,,US,US-CA,Kelseyville,no,5CA9,,5CA9,,,
15020,8MD2,heliport,Montebello Filtration Plant Heliport,39.33610153198242,-76.58670043945312,223.0,,US,US-MD,Baltimore,no,8MD2,,8MD2,,,
696,CBL4,heliport,Bassano (Health Centre) Heliport,50.79029846191406,-112.46099853515624,2606.0,,CA,CA-AB,Bassano,no,CBL4,,CBL4,,,BL4
43875,CHF2,small_airport,Ottawa / Manotick (Hope Field),45.1906013489,-75.70860290530001,315.0,,CA,CA-ON,Manotick,no,CHF2,,CHF2,,https://en.wikipedia.org/wiki/Ottawa/Manotick_(Hope_Field)_Aerodrome,HF2
22136,MN30,seaplane_base,Busch's Fish Lake Seaplane Base,45.09410095214844,-93.46520233154295,870.0,,US,US-MN,Maple Grove,no,MN30,,MN30,,,
30280,NZPO,small_airport,Pōrangahau Aerodrome,-40.279264,176.6502,200.0,OC,NZ,NZ-HKB,Pōrangahau,no,NZPO,,,,,
41693,UZ-0006,small_airport,Besh Kotan Airport,37.493271,66.978463,1063.0,AS,UZ,UZ-SU,Besh Kotan,no,,,,,,
332722,BR-0529,small_airport,Fazenda São Pedro Airport,-21.794693,-53.474602,1191.0,SA,BR,BR-MS,Nova Andradina,no,SDVK,,MS0057,,,
320636,ES-0082,small_airport,Aeródromo La Loma,39.4886667,-0.9022167,2789.0,EU,ES,ES-VC,Siete Aguas,no,,,,,,
504622,US-7286,closed,Campbell Airport,40.11553,-79.57641,1145.0,,US,US-PA,Scottdale,no,,,,,,
326599,MX-0655,heliport,Torre Banorte Heliport,19.357803,-99.274419,8953.0,,MX,MX-DIF,Cuajimalpa,no,,,HMB,,,
27588,YGGO,small_airport,Goonoo Goonoo Airport,-31.298701,150.920613,,OC,AU,AU-NSW,,no,YGGO,,,,,
41425,WAJI,small_airport,Mararena Sarmi Airport,-1.873077,138.753275,10.0,AS,ID,ID-PA,Sarmi,no,WAJI,ZRM,,,http://id.wikipedia.org/wiki/Bandar_Udara_Mararena,"Mararena, Orai"
341624,NR89,heliport,Steve's Farm Heliport,36.044722,-77.601667,104.0,,US,US-NC,Whitakers,no,NR89,,NR89,,,
354759,US-6844,closed,S&S Patrol Field,29.48205,-95.13019,30.0,,US,US-TX,League City,no,,,,,,
333491,MX-1143,heliport,Los Encinos Heliport,25.626964,-100.347812,2297.0,,MX,MX-NLE,San Pedro Garza Garcia,no,,,HLU,,,
347659,JP-2445,heliport,Amikake Tunnel East Entrance Helipad,35.45093,137.71516,,AS,JP,JP-20,Achi,no,,,,,,
12259,5AL5,small_airport,Big River Airpark,34.69110107421875,-87.65280151367188,505.0,,US,US-AL,Muscle Shoals,no,5AL5,,5AL5,,,
36723,SJNI,small_airport,Fazenda Mutum Airport,-13.919721603394,-56.084442138672,1575.0,SA,BR,BR-MT,Nova Mutum,no,,,,,,SJNI
22920,NE27,closed,Abie Sky Ranch Airport,41.368005,-96.949768,1440.0,,US,US-NE,Abie,no,,,,,,NE27
44054,BGIG,heliport,Iginniarfik Heliport,68.147226,-53.173528,50.0,,GL,GL-QK,Iginniarfik,yes,BGIG,QFI,,,https://en.wikipedia.org/wiki/Iginniarfik_Heliport,
2479,EGSY,closed,Sheffield City Heliport,53.394299,-1.38849,231.0,EU,GB,GB-ENG,Sheffield,no,,,,,https://en.wikipedia.org/wiki/Sheffield_City_Airport,"SZD, EGSY"
335116,US-1493,seaplane_base,Dry Tortugas Seaplane Base,24.626836,-82.871925,,,US,US-FL,Key West,no,,,,https://keywestseaplanecharters.com/,,
5868,SBBG,medium_airport,Comandante Gustavo Kraemer Airport,-31.390499,-54.112202,600.0,SA,BR,BR-RS,Bagé,no,SBBG,BGX,RS0010,https://www4.infraero.gov.br/aeroportos/aeroporto-internacional-de-bage-comandante-gustavo-kraemer/,https://en.wikipedia.org/wiki/Comandante_Gustavo_Kraemer_Airport,
11071,44FD,closed,Epcot Center Ultralightport,28.353099823,-81.54699707030001,102.0,,US,US-FL,Lake Buena Vista,no,,,,,https://en.wikipedia.org/wiki/Epcot_Center_Ultralight_Flightpark,"44FD, 44FD, 44FD"
330885,RU-0508,closed,Burtsevo Airstrip,56.151721,43.701272,575.0,EU,RU,RU-NIZ,Doskino,no,,,,,,"UWGQ, UWGQ"
13876,75VA,heliport,Norton Community Hospital Heliport,36.93510055541992,-82.6448974609375,2200.0,,US,US-VA,Norton,no,75VA,,75VA,,,
38648,YWLN,small_airport,Wooltana Airport,-30.42169952392578,139.43600463867188,,OC,AU,AU-SA,,no,YWLN,,,,,
11759,4U4,small_airport,Maddox Ranch Co Airport,48.513426,-109.065333,2589.0,,US,US-MT,Chinook,no,3MT4,,3MT4,,,"4U4, Hebbelman Airport"
342018,VU-0003,closed,Palikulo Bay Airfield,-15.5016,167.2458,43.0,OC,VU,VU-SAM,Espiritu Santo Is.,no,,,,,https://en.wikipedia.org/wiki/Palikulo_Bay_Airfield,Bomber Field #1
29677,EDEF,closed,Flugplatz Babenhausen,49.952499,8.968056,928.0,EU,DE,DE-HE,Babenhausen,no,,,,,,"EDEF, EDEF"
334782,US-1411,heliport,Skyview Center II Helipad,33.946951,-118.38967,,,US,US-CA,Los Angeles,no,,,,,,
15205,8TS6,small_airport,Moore Airport,32.533199310302734,-96.32250213623048,418.0,,US,US-TX,Kaufman,no,8TS6,,8TS6,,,
506120,33NH,heliport,Bear Hill Heliport,43.144345,-71.853634,864.0,,US,US-NH,Henniker,no,33NH,,33NH,,,
22982,NH22,heliport,Lancaster Heliport,44.503700256347656,-71.56929779052734,860.0,,US,US-NH,Lancaster,no,NH22,,NH22,,,
2664,ESMK,medium_airport,Kristianstad Airport,55.92169952392578,14.08549976348877,76.0,EU,SE,SE-M,Kristianstad,yes,ESMK,KID,,,https://en.wikipedia.org/wiki/Kristianstad_Airport,
26178,XA43,small_airport,Fall Creek Ranch Airport,29.908100128173828,-99.20690155029295,2030.0,,US,US-TX,Kerrville,no,XA43,,XA43,,,
327232,4OA1,heliport,Fairfield Medical Center Heliport,39.718141,-82.577888,893.0,,US,US-OH,Lancaster,no,4OA1,,4OA1,,,
16796,CL77,small_airport,Bonny Doon Village Airport,37.070499420166016,-122.1269989013672,2020.0,,US,US-CA,Santa Cruz,no,CL77,,CL77,,https://en.wikipedia.org/wiki/Bonny_Doon_Village_Airport,
334378,BR-0659,heliport,Heliponto do Zé,-21.230102,-47.784331,2162.0,SA,BR,BR-SP,Ribeirão Preto,no,SWDZ,,SP0801,,,
353745,SI2U,heliport,Gois Construtora Heliport.,-16.068611,-47.961667,3524.0,SA,BR,BR-GO,Valparaíso de Goiás,no,SI2U,,GO0334,,,
507044,DE-0502,heliport,Benedictus Hospital Heliport,47.905973,11.276472,1952.0,EU,DE,DE-BY,Tutzing,no,,,,,,
337635,US-2042,closed,Naval Outlying Landing Field Sand Hill,32.832747,-115.151615,,,US,US-CA,Holtville,no,,,,,,
4906,MM64,small_airport,Constitucionalista Airport,26.9904,-102.032997,2450.0,,MX,MX-COA,Cuatro Cienegas de Carranza,no,MM64,,CUC,,,Cuatro Cienegas New Airport
29688,FABX,small_airport,Beatrix Airport,-28.2450008392334,26.771900177001957,4518.0,AF,ZA,ZA-FS,Virginia,no,FABX,,,,,
11094,44OI,heliport,Perry Nuclear Power Plant Heliport,41.7947998046875,-81.14510345458984,623.0,,US,US-OH,Painesville,no,44OI,,44OI,,,
332461,GB-0656,closed,RAF Ossington Air Base,53.176843,-0.888472,,EU,GB,GB-ENG,"Ossington, Nottinghamshire",no,,,,,https://en.wikipedia.org/wiki/RAF_Ossington,
313571,AYFW,small_airport,Kwieftim Airstrip,-3.6005,141.7674,515.0,OC,PG,PG-SAN,Kwieftim,no,AYFW,,KWM,,,
7192,0GE0,small_airport,Pinewood Airport,33.782100677490234,-84.80079650878906,1085.0,,US,US-GA,Douglasville,no,0GE0,,0GE0,,,
10516,3IL9,small_airport,Alekat Acres Airport,40.281024,-89.312593,600.0,,US,US-IL,Atlanta,no,,,3IL9,,,"3IL9, Sugar Creek Farm"
348098,US-5334,small_airport,Mackie Ranch Airport,37.533007,-113.748193,5590.0,,US,US-UT,Enterprise,no,,,UT91,https://utahbackcountrypilots.org/airstrips/MACKIERANCH,,
6705,03I,closed,Clarks Dream Strip,39.644199,-83.018204,680.0,,US,US-OH,Circleville,no,,,,,,03I
333811,AR-0649,closed,Pozo Cuadrado Airport,-28.915274,-57.050779,243.0,SA,AR,AR-W,,no,,,,,,
336437,US-1795,small_airport,Solitude Backcountry Airstrip,38.21736,-119.15894,,,US,US-CA,Bridgeport,no,,,,,,
22157,MN52,small_airport,Gospel Ranch Airport,47.22845,-93.091965,1360.0,,US,US-MN,Hibbing,no,MN52,,MN52,,,
340370,IT-0648,heliport,Panarea South Heliport,38.630278,15.070763,,EU,IT,IT-82,Panarea (ME),no,,,,,,
20055,KHJH,small_airport,Hebron Municipal Airport,40.15219879150391,-97.58699798583984,1466.0,,US,US-NE,Hebron,no,KHJH,,HJH,,,
21365,KW95,small_airport,Ocracoke Island Airport,35.101200103759766,-75.96600341796875,5.0,,US,US-NC,Ocracoke,no,KW95,,W95,,,
504556,US-7268,closed,Dodgeville Municipal Airport,42.99632,-90.14419,1247.0,,US,US-WI,Dodgeville,no,,,,,https://en.wikipedia.org/wiki/Dodgeville_Municipal_Airport,Governor Dodge Quinn
14126,7GE1,closed,Davison Ranch Airport,43.658199,-116.750999,2370.0,,US,US-ID,Caldwell,no,,,,,,7GE1
17057,CYM,seaplane_base,Chatham Seaplane Base,57.5149,-134.945999,0.0,,US,US-AK,Chatham,no,05AA,CYM,05AA,,https://en.wikipedia.org/wiki/Chatham_Seaplane_Base,CYM
4944,MYER,medium_airport,Rock Sound Airport,24.8950787333,-76.1768817902,10.0,,BS,BS-SE,Rock Sound,no,MYER,RSD,,,https://en.wikipedia.org/wiki/Rock_Sound_International_Airport,
340691,JP-1245,heliport,Lake Hanjaku Heliport,33.039109,130.853395,,AS,JP,JP-43,Kikuchi,no,,,,,,
325071,US-0676,small_airport,Canadian River Corrientes Airport,35.539377,-98.430188,1534.0,,US,US-OK,Hinton,no,OK10,,OK10,,,
355608,US-6942,closed,Peck Airport,42.62051,-73.91753,420.0,,US,US-NY,Slingerlands,no,,,,,,
42357,NA-0092,small_airport,Gianti-1 Airport,-24.252599716186523,16.315500259399414,4521.0,AF,,NA-HA,,no,,,,,,
430064,YCVN,heliport,FPSO Challis Venture Helipad,-12.133333,125.016667,50.0,OC,AU,AU-XX,Timor Sea,no,YCVN,,,https://web.archive.org/web/20160808181608/https://www.ihi.co.jp/offshore/challisventure_e.htm,,
24447,US-SC49,heliport,Bamberg County Memorial Hospital Heliport,33.307174,-81.028461,152.0,,US,US-SC,Bamberg,no,,,SC49,,,
29976,EPIN,small_airport,Inowroclaw Airfield,52.8064,18.285801,279.0,EU,PL,PL-KP,,no,EPIN,,,http://www.aeroklub-kujawski.pl,,
2821,FAPG,medium_airport,Plettenberg Bay Airport,-34.08816,23.328723,465.0,AF,ZA,ZA-WC,Plettenberg Bay,yes,FAPG,PBZ,,,,
336089,US-1625,small_airport,Schoonover Airstrip,35.9658,-121.19755,945.0,,US,US-CA,King City,no,,,,,,
25199,TX85,heliport,City of Fort Worth Heliport,32.77790069580078,-97.3249969482422,538.0,,US,US-TX,Fort Worth,no,TX85,,TX85,,,
356128,IN-0334,heliport,Jindal Heliport,20.96598,86.04235,207.0,AS,IN,IN-OR,Gadapur,no,,,,,,
31446,FZRC,small_airport,Mukoy Airport,-7.549181,28.673115,5249.0,AF,CD,CD-TA,Mukoy,no,FZRC,,,,,
318437,BR-0090,small_airport,Colinas do Tocantins Airport,-8.143634,-48.478337,,SA,BR,BR-TO,Colinas do Tocantins,no,,,,,,
5402,PARC,medium_airport,Arctic Village Airport,68.1147,-145.578995,2092.0,,US,US-AK,Arctic Village,yes,PARC,ARC,ARC,,https://en.wikipedia.org/wiki/Arctic_Village_Airport,
19370,KBGD,small_airport,Hutchinson County Airport,35.700901031499995,-101.393997192,3055.0,,US,US-TX,Borger,no,KBGD,BGD,BGD,http://www.hutchinsoncountyairport.com/,https://en.wikipedia.org/wiki/Hutchinson_County_Airport,
430726,US-7237,closed,Vosburgh Airport,41.64854,-79.6844,1572.0,,US,US-PA,Titusville,no,,,,,,
18548,K25D,small_airport,Forest Lake Airport,45.24769973754883,-92.99440002441406,925.0,,US,US-MN,Forest Lake,no,K25D,,25D,,,
353377,MX-1964,small_airport,El Revolcado Airport,30.83094,-108.71402,4694.0,,MX,MX-CHH,Janos,no,,,,,,
35747,SDTS,small_airport,Fazenda Planalto Airport,-20.341388702392575,-54.41583251953125,2329.0,SA,BR,BR-MS,Jaraguari,no,SDTS,,,,,
40251,SVPL,small_airport,El Pueblito Airport,7.816667079925537,-62.71666717529297,1050.0,SA,VE,VE-F,,no,SVPL,,,,,
509173,US-7789,closed,Erwin Army Auxiliary Airfield,35.57142,-91.25341,224.0,,US,US-AR,Newport,no,,,,,,
344514,JP-2106,heliport,JGSDF Camp Otsu Heliport,35.03486,135.86709,,AS,JP,JP-25,Otsu,no,,,,,,
31887,MBMC,small_airport,Middle Caicos Airport,21.82602,-71.8025,9.0,,TC,TC-MC,Middle Caicos,no,MBMC,MDS,,,https://en.wikipedia.org/wiki/Middle_Caicos_Airport,
347822,JP-2501,heliport,Gifu Prefectural General Medical Center Heliport,35.41051,136.79798,,AS,JP,JP-21,Noisshiki,no,,,,,,
318829,KE-0200,small_airport,Tortilis Camp Airstrip,-2.683608,37.178328,3806.0,AF,KE,KE-700,,no,,,,,,
320961,0FA5,seaplane_base,Briley Farm Seaplane Base,28.5727778,-81.6286111,66.0,,US,US-FL,Oakland,no,0FA5,,0FA5,,,
6488,ULAA,medium_airport,Talagi Airport,64.60030364990234,40.71670150756836,62.0,EU,RU,RU-ARK,Archangelsk,yes,ULAA,ARH,,,https://en.wikipedia.org/wiki/Talagi_Airport,"Арха́нгельск, Archangel"
27320,YAHD,small_airport,Ashburton Downs Airport,-23.380787,117.025573,,OC,AU,AU-WA,,no,YAHD,,,,,
44579,LY-0001,small_airport,Bi'r Zalatan Airport,28.168800354,19.2094993591,,AF,LY,LY-WA,,no,,,,,,
13495,6OR7,small_airport,Schmidt Airport,45.452931,-122.31821,650.0,,US,US-OR,Boring,no,6OR7,,6OR7,,,
16409,AZ21,small_airport,Four Pillars Airport,31.744592,-110.247889,4100.0,,US,US-AZ,Huachuca City,no,AZ21,,AZ21,,,"huachuca city, four pillars"
347578,SDD3,small_airport,Fazenda Tangará Airport,-12.634957,-51.276058,735.0,SA,BR,BR-MT,Ribeirão Cascalheira,no,SDD3,,MT0709,,,
345950,US-4633,closed,Powder Puff Airport,34.62376,-109.66182,5433.0,,US,US-AZ,Concho,no,,,,,,
340630,JP-1200,heliport,JMSDF Saiki Base Heliport,32.970222,131.914243,,AS,JP,JP-44,Saiki,no,,,,,,
13084,67PN,small_airport,Masser Field,40.633399963378906,-76.5969009399414,720.0,,US,US-PA,Sacramento,no,67PN,,67PN,,,
11597,4NC8,small_airport,Buffalo Creek Airport,35.422401428222656,-80.62059783935547,600.0,,US,US-NC,Concord,no,4NC8,,4NC8,,,
2512,EGYP,medium_airport,Mount Pleasant Airport,-51.82279968261719,-58.44720077514648,244.0,SA,FK,FK-U-A,Mount Pleasant,yes,EGYP,MPN,,,https://en.wikipedia.org/wiki/RAF_Mount_Pleasant,RAF Mount Pleasant
334480,JP-0116,heliport,Chiba Prefectural Sewage Plant Helipad,35.629684,140.048502,,AS,JP,JP-12,Chiba,no,,,,,,
20163,KIGX,closed,Horace Williams Airport,35.935001,-79.065902,512.0,,US,US-NC,Chapel Hill,no,,,,http://fa.unc.edu/enterprises/airport/,https://en.wikipedia.org/wiki/Horace_Williams_Airport,"KIGX, IGX, W52, Martindale Field"
5512,RCDI,medium_airport,Longtan Air Base,24.853588,121.236392,790.0,AS,TW,TW-TAO,Longtan,no,RCDI,,,,,
38848,AR-0173,small_airport,General Pìnedo Airport,-27.3394,-61.2744,298.0,SA,AR,AR-H,General Pìnedo,no,,,GPO,,,
15485,96G,small_airport,Cowley Field,43.375702,-82.82029,770.0,,US,US-MI,Sandusky,no,96G,,96G,,,
353359,US-6661,small_airport,Muleshoe Ranch Airport,32.32575,-110.22999,4154.0,,US,US-AZ,Willcox,no,,,,,,
14595,83GA,small_airport,Brock Airpark,30.99970054626465,-84.506103515625,130.0,,US,US-GA,Bainbridge,no,83GA,,83GA,,,
35558,SDHT,heliport,Cetenco Plaza - Torre Norte Heliport,-23.558919,-46.657607,2943.0,SA,BR,BR-SP,São Paulo,no,SDHT,,SP0348,,,
8248,1CO3,small_airport,Bellmore Farms Airport,40.7041015625,-104.7979965209961,5225.0,,US,US-CO,Nunn,no,1CO3,,1CO3,,,
321484,SK-0026,small_airport,Babin Most Airstrip,48.378078,19.93117,,EU,SK,SK-BC,Ožďany,no,,,,,,
26744,VYYY,large_airport,Yangon International Airport,16.907300949099998,96.1332015991,109.0,AS,MM,MM-06,Yangon,yes,VYYY,RGN,,http://www.yangonairportonline.com,https://en.wikipedia.org/wiki/Yangon_International_Airport,Rangoon
28850,LFFT,small_airport,Neufchâteau Airfield,48.362499,5.72139,1224.0,EU,FR,FR-GES,,no,LFFT,,,,,
301619,mdpm,small_airport,Piloto Airport,19.5977273869,-71.205970645,131.0,,DO,DO-15,Monte Cristi,no,MDPM,,,,,
344343,US-4058,small_airport,Wind Ridge Airport,45.87633,-116.17888,4050.0,,US,US-ID,Grangeville,no,,,66ID,,,
5164,OIIC,small_airport,Kushke Nosrat Airport,34.984001,50.806198,3008.0,AS,IR,IR-25,Qāshqābolāq,no,OIIC,,OI1B,,,
7535,0TA7,small_airport,Alta Vista Ranch Airport,30.153167,-103.89978,4702.0,,US,US-TX,Marfa,no,0TA7,,0TA7,,,
11992,54CL,small_airport,Lake Riverside Estates Airport,33.52090072631836,-116.7969970703125,3410.0,,US,US-CA,Anza,no,54CL,,54CL,,,
326670,PT-0057,small_airport,Pista da Herdade da Comporta,38.393944,-8.788311,,EU,PT,PT-15,Alcácer do Sal,no,,,,,,
38063,SWSA,small_airport,Fazenda São João Airport,-12.289167,-56.53389,1476.0,SA,BR,BR-MT,Diamantino,no,,,,,,SWSA
15536,97NY,closed,Hunter Mountain Airport,42.235317,-74.237752,2000.0,,US,US-NY,Hunter,no,,,,,,97NY
3693,KMLB,medium_airport,Melbourne Orlando International Airport,28.1028,-80.645302,33.0,,US,US-FL,Melbourne,yes,KMLB,MLB,MLB,https://www.mlbair.com/,https://en.wikipedia.org/wiki/Melbourne_International_Airport,
44596,DE-0027,heliport,Grafenrheinfeld Nuclear Power Plant Helipad,49.9822998046875,10.191399574279783,,EU,DE,DE-BY,Schweinfurt,no,,,,,,Grafenrheinfeld Kernkraftwerk Hubschrauberlandeplatz
339082,US-2626,heliport,Angelus Plaza 300 Helipad,34.051886,-118.250163,,,US,US-CA,Los Angeles,no,,,,,,
45656,SSMS,small_airport,Fazenda Rancho Esperança Airport,-22.87,-55.5,1522.0,SA,BR,BR-MS,Aral Moreira,no,,,,,,SSMS
348679,OM-0012,heliport,Umm al Ghanam Heliport,26.3656,56.35747,82.0,AS,OM,OM-MU,Kumzar,no,,,,,,
19844,KFAM,small_airport,Farmington Regional Airport,37.76110077,-90.4285965,946.0,,US,US-MO,Farmington,no,KFAM,FAM,FAM,http://farmington-mo.gov/airport.cfm,,
317734,YAJ,seaplane_base,Lyall Harbour Seaplane Base,48.7952,-123.1816,0.0,,CA,CA-BC,Saturna Island,no,,YAJ,,,,
43266,LENM,heliport,Hospital Can Misses Heliport,38.9175,1.41944,91.0,EU,ES,ES-IB,Ibiza (Eivissa),no,LENM,,,,,
7407,0NJ1,heliport,Berkeley Township Police Heliport,39.90729904174805,-74.23490142822266,54.0,,US,US-NJ,Bayville,no,0NJ1,,0NJ1,,,
14179,7KS6,closed,Linders Cow-Chip Airport,38.626932,-94.767852,985.0,,US,US-KS,Louisburg,no,,,,,,7KS6
430513,US-7159,heliport,Ineos Phenol Heliport,30.52958,-88.127459,25.0,,US,US-AL,Theodore,no,,,,,,
10670,3NJ5,small_airport,Mock Airport,40.53340148925781,-74.91629791259766,560.0,,US,US-NJ,Quakertown,no,3NJ5,,3NJ5,,,
35423,SDAH,heliport,Signo Resgate Alphaville Heliport,-23.493536,-46.8483,2585.0,SA,BR,BR-SP,Barueri,no,SDAH,,SP0287,,,Amil Resgate Heliport
353226,MX-1947,small_airport,El Tío Pancho Airport,30.42436,-107.97139,4662.0,,MX,MX-CHH,Nuevo Casas Grandes,no,,,,,,
12792,60OH,closed,Ohio DOT Dist 4 Office Heliport,41.166401,-81.2584,1087.0,,US,US-OH,Ravenna,no,,,,,,60OH
17233,FA43,small_airport,Dog Island Airport,29.810698,-84.588508,4.0,,US,US-FL,Carrabelle,no,FA43,,FA43,,,
321979,7AL3,heliport,Oxford Police Heliport,33.600448,-85.864283,633.0,,US,US-AL,Oxford,no,7AL3,,7AL3,,,
41931,MRBO,small_airport,Boca Naranjo Airport,9.391960144042969,-84.12590026855469,15.0,,CR,CR-P,Quepos,no,MRBO,,,,,
343562,JP-1752,heliport,Catherina Mita Tower Helipad,35.64766,139.75103,532.0,AS,JP,JP-13,"Minato, Tokyo",no,,,,,,
705,CBP3,heliport,Fernie (Elk Valley Hospital) Heliport,49.512858,-115.056179,3300.0,,CA,CA-BC,Fernie,no,CBP3,,CBP3,,,
42360,NA-0095,small_airport,Bullsport Landig Site,-24.11666679382324,16.366666793823242,5120.0,AF,,NA-HA,,no,,,,,,
18871,K51J,small_airport,Lake City Municipal Airport - CJ Evans Field,33.8536,-79.768097,80.0,,US,US-SC,Lake City,no,K51J,,51J,,,
11931,52OK,heliport,Tulsa Security Heliport,36.14229965209961,-95.95860290527344,720.0,,US,US-OK,Tulsa,no,52OK,,52OK,,,
430130,MX-1989,closed,San Pedro Corralitos Airport,30.69903,-107.64504,,,MX,MX-CHH,Nuevo Casas Grandes,no,,,,,,
313841,AYLO,small_airport,Lowai Airport,-6.3344,146.6458,2900.0,OC,PG,PG-MPL,Lowai,no,AYLO,LWI,LOW,,,
31201,FOOC,closed,Cocobeach Airport,0.980448,9.571932,69.0,AF,GA,GA-1,Cocobeach,no,,,,,,"FOOC, FOOC"
23038,NH86,small_airport,Intervale Airport,43.17509841918945,-71.78730010986328,425.0,,US,US-NH,Henniker,no,NH86,,NH86,,,
36115,SIMP,heliport,Marques Plaza Hotel Heliport,-22.218675,-45.916897,2710.0,SA,BR,BR-MG,Pouso Alegre,no,SJHM,,MG0441,,,SIMP
25302,UT59,closed,Needles Outpost Airport,38.170575,-109.733634,4950.0,,US,US-UT,Monticello,no,,,,,,UT59
37172,SNMN,small_airport,Minas Novas Airport,-17.233888626098633,-42.58388900756836,2461.0,SA,BR,BR-MG,Minas Novas,no,SNMN,,,,,
6497,UMII,medium_airport,Vitebsk Vostochny Airport,55.126499176025,30.349599838257,682.0,EU,BY,BY-VI,Vitebsk,no,UMII,VTB,,,https://en.wikipedia.org/wiki/Vitebsk_Vostochny_Airport,"УМІІ, УМИИ, Vitebsk Southeast, Vitebsk East Airport, Аэрапорт Віцебск, Аэропорт Витебск"
15634,US-1950,closed,Foscoro Airport,44.680801,-87.3806,680.0,,US,US-WI,Algoma,no,,,,,,99WI
355204,LTHF,heliport,DHMİ Atatürk Airport Heliport,40.9817,28.8222,120.0,AS,TR,TR-34,İstanbul,no,LTHF,,,,,
2151,DA16,small_airport,Tindouf East Airport,27.585899,-7.50011,1425.0,AF,DZ,DZ-37,Tindouf,no,DA16,,DA16,,,
20572,KMVC,small_airport,Monroe County Aeroplex Airport,31.458,-87.350996,419.0,,US,US-AL,Monroeville,no,KMVC,MVC,MVC,,https://en.wikipedia.org/wiki/Monroe_County_Airport_(Alabama),
23915,OR65,small_airport,Eagle Nest Ranch Airport,45.35480117797852,-122.34600067138672,425.0,,US,US-OR,Estacada,no,OR65,,OR65,,,
41203,ZA-0035,small_airport,Blesbokfontain Airport,-26.17569923400879,29.18219947814941,5294.0,AF,ZA,ZA-MP,Reedstream Park,no,,,,,,
831,CEA5,small_airport,Hardisty Airport,52.64690017700195,-111.38400268554688,2326.0,,CA,CA-AB,Hardisty,no,CEA5,,CEA5,,https://en.wikipedia.org/wiki/Hardisty_Airport,EA5
29307,ENXV,closed,Varg Platform,58.077202,1.88889,,EU,NO,NO-XX,,no,,,,,,ENXV
14722,86KS,closed,Weiss Airport,38.705799,-94.824699,1031.0,,US,US-KS,Spring Hill,no,,,,,,86KS
9425,2H8,closed,Paulding Airport Inc Airport,41.168095,-84.5569,721.0,,US,US-OH,Paulding,no,,,,,,"2H8, OH28"
335994,US-1568,closed,Taylorcraft Airport,40.947326,-81.090705,,,US,US-OH,Alliance,no,,,,,,
343053,US-3618,closed,Eagles Roost Airport,29.79593,-99.05876,1418.0,,US,US-TX,Bandera,no,,,,,,
42957,UNKO,small_airport,Sharypovo Airport,55.454914,89.173882,1099.0,AS,RU,RU-KYA,Sharypovo,no,UNKO,,,,https://en.wikipedia.org/wiki/Sharypovo_Airport,"Аэропорт Шарыпово, УНКО"
11549,4MI4,small_airport,Whitcomb Field,42.1781005859375,-85.6707992553711,915.0,,US,US-MI,Schoolcraft,no,4MI4,,4MI4,,,
338832,US-2493,small_airport,Bill Moody Ranch Airport,29.1414,-100.72064,,,US,US-TX,Brackettville,no,,,,,,
10922,40KS,small_airport,Chanay Airport,38.53165,-95.451515,1110.0,,US,US-KS,Pomona,no,40KS,,40KS,,,
356,SNND,small_airport,Bertin Ltda Airport,-18.935313,-49.473345,1815.0,SA,BR,BR-MG,Ituiutaba,no,,,,,,SNND
338565,JP-0840,heliport,Yokohama Mitsui Building Helipad,35.463187,139.625374,,AS,JP,JP-14,Yokohama,no,,,,,,
349170,JP-2576,heliport,Oshika Heliport,35.57813,138.0334,2191.0,AS,JP,JP-20,Oshika,no,,,,,,
38697,AR-0022,small_airport,Aeroboero Airport,-30.7286,-62.0078,314.0,SA,AR,AR-X,Morteros,no,,,BOE,,,
19363,KBEC,small_airport,Beech Factory Airport,37.6944999695,-97.21499633790002,1408.0,,US,US-KS,Wichita,no,KBEC,BEC,BEC,,https://en.wikipedia.org/wiki/Beech_Factory_Airport,
340279,ZA-0197,small_airport,Lambert's Bay Airfield,-32.1018,18.336,,AF,ZA,ZA-WC,Lambert's Bay,no,,,,,,
16242,AL50,heliport,Baptist Medical Center-Princeton Heliport,33.49760055541992,-86.84639739990234,557.0,,US,US-AL,Birmingham,no,AL50,,AL50,,,
24458,SC60,small_airport,Cockfield Aerodrome,33.90409851074219,-79.68399810791016,82.0,,US,US-SC,Scranton,no,SC60,,SC60,,,
9414,2GE2,heliport,Atlanta Medical Center Heliport,33.762669,-84.373932,860.0,,US,US-GA,Atlanta,no,2GE2,,2GE2,,https://en.wikipedia.org/wiki/Atlanta_Medical_Center,Georgia Baptist Urgent Care
20161,KIGM,medium_airport,Kingman Airport,35.259499,-113.938004,3449.0,,US,US-AZ,Kingman,no,KIGM,IGM,IGM,,https://en.wikipedia.org/wiki/Kingman_Airport_(Arizona),
323215,UEQM,small_airport,Ust-Mil Airstrip,59.631249,133.089694,,EU,RU,RU-SA,Ust-Mil,no,UEQM,,,,,
36737,SJNW,small_airport,Fazenda Nhandu Airport,-9.632569,-55.216341,1103.0,SA,BR,BR-MT,Novo Mundo,no,SJNW,,MT0197,,,
351303,KZ-0132,small_airport,Lepsy,46.16,79.285,1345.0,AS,KZ,KZ-JET,Lepsy,no,ZDX3,,,,,
38302,YCRN,small_airport,Cranbrook Airport,-34.28329849243164,117.5500030517578,,OC,AU,AU-WA,,no,YCRN,,,,,
347803,JP-2484,heliport,Hitachi Software Towers A Helipad,35.60984,139.74927,,AS,JP,JP-13,"Shinagawa, Tokyo",no,,,,,,
509854,NL-0130,heliport,Van Ghent Kazerne Helipad,51.90895,4.52815,,EU,NL,NL-ZH,,no,,,,,,
22236,MO31,small_airport,Malina Airport,37.04949951171875,-93.07240295410156,1350.0,,US,US-MO,Rogersville,no,MO31,,MO31,,,
349477,AU-0209,small_airport,Wyberba Airstrip,-28.847287,151.857834,2500.0,OC,AU,AU-QLD,Wyberba,no,,,,,,
8345,1II6,heliport,St Mary's Medical Center Heliport,37.96500015258789,-87.50420379638672,386.0,,US,US-IN,Evansville,no,1II6,,1II6,,,
348783,MX-1697,closed,Godornices Airport,28.62339,-102.14178,2844.0,,MX,MX-COA,Muzquiz,no,,,,,,
344360,JP-2015,heliport,Kitasakacho Heliport,35.14093,136.27993,,AS,JP,JP-25,Higashiomi,no,,,,,,
356175,AU-0481,closed,Former Ayers Rock Connellan Airport,-25.33723,131.05127,1700.0,OC,AU,AU-NT,Mutitjulu,no,,,,,,
9421,2GE9,closed,Tract Heliport,33.897499,-84.023903,1000.0,,US,US-GA,Snellville,no,,,,,,2GE9
11247,48MI,heliport,Manju Heliport,42.72740173339844,-85.7155990600586,720.0,,US,US-MI,Dorr,no,48MI,,48MI,,,
329100,MX-0828,heliport,Dos Bocas Heliport,18.431797,-93.197542,3.0,,MX,MX-TAB,Paraiso,no,,,HOB,,,
26865,WMGK,small_airport,Gong Kedak Airport,5.799570083618164,102.48400115966795,20.0,AS,MY,MY-03,,no,WMGK,,,,,
348740,JP-2538,heliport,Haraizawa Heliport,35.96823,138.2312,3520.0,AS,JP,JP-20,Hara,no,,,,,,
15,SA03,small_airport,Villa Minetti Airport,-28.6201,-61.6038,246.0,SA,AR,AR-S,Villa Minetti,no,SA03,,MIN,,,SA03
12852,61Y,closed,Ralph E. Koch Airport,38.205409,-87.776256,450.0,,US,US-IN,Poseyville,no,,,,,,"61Y, IN95"
44566,SNEZ,small_airport,Fazenda Palmeira do Capim Airport,-15.960277,-50.714757,1220.0,SA,BR,BR-GO,Novo Brasil,no,SNEZ,,GO0094,,,
21534,LA67,small_airport,Angola Airstrip,30.95159912109375,-91.58480072021484,45.0,,US,US-LA,Angola,no,LA67,,LA67,,,
338596,JP-0865,small_airport,Akeno Auxiliary Airfield,36.22588,140.00184,,AS,JP,JP-08,Chikusei,no,,,,,,
30991,EGOM,medium_airport,RAF Spadeadam,55.0499992371,-2.54999995232,1066.0,EU,GB,GB-ENG,Spadeadam,no,EGOM,,,http://www.raf.mod.uk/rafspadeadam/,https://en.wikipedia.org/wiki/RAF_Spadeadam,
337530,JP-0570,heliport,Park Tower Shinonome Helipad,35.645243,139.802505,,AS,JP,JP-13,"Koto, Tokyo",no,,,,,,
35316,ZSYN,medium_airport,Yancheng Nanyang International Airport,33.425833,120.203056,,AS,CN,CN-32,Yancheng,yes,ZSYN,YNZ,,,https://en.wikipedia.org/wiki/Yancheng_Nanyang_International_Airport,
27119,YPPH,large_airport,Perth International Airport,-31.94029998779297,115.96700286865234,67.0,OC,AU,AU-WA,Perth,yes,YPPH,PER,,,https://en.wikipedia.org/wiki/Perth_Airport,
28983,LFQH,small_airport,Châtillon Sur Seine Airfield,47.843924,4.580045,905.0,EU,FR,FR-BFC,,no,LFQH,,,,,
311297,ID-0155,small_airport,Timepa Airstrip,-4.0047,135.7872,4940.0,AS,ID,ID-PT,Timepa,no,,,TIP,,,WT48
345776,21CN,heliport,Vermont Corridor County Admin Emergency Helicopter Landing Facility,34.064632,-118.291104,544.0,,US,US-CA,Los Angeles,no,21CN,,21CN,,,
25175,TX60,heliport,T I Company Heliport,32.91429901123047,-96.752197265625,564.0,,US,US-TX,Dallas,no,TX60,,TX60,,,
42207,BZ-DGA,medium_airport,Dangriga Airport,16.98251,-88.230988,508.0,,BZ,BZ-SC,Dangriga,yes,MZPB,DGA,,,https://en.wikipedia.org/wiki/Dangriga_Airport,Stann Creek Airport
14195,7LA7,seaplane_base,Romere Pass Seaplane Base,29.27630043029785,-89.24199676513672,,,US,US-LA,Venice,no,7LA7,,7LA7,,,
3213,HKMO,large_airport,Moi International Airport,-4.03483,39.5942,200.0,AF,KE,KE-300,Mombasa,yes,HKMO,MBA,,http://www.kenyaairports.co.ke/kaa/airports/moi/,https://en.wikipedia.org/wiki/Moi_International_Airport,"Mombasa, Port Reitz"
10491,3IA6,heliport,Ottumwa Hospital Heliport,41.028900146484375,-92.39070129394533,845.0,,US,US-IA,Ottumwa,no,3IA6,,3IA6,,,
343490,JP-1723,heliport,Nissay Shin-Osaka Building Helipad,34.73373,135.49663,350.0,AS,JP,JP-27,Osaka,no,,,,,,
346301,JP-2353,heliport,Nagasaki University Hospital Heliport,32.76983,129.86798,146.0,AS,JP,JP-42,Nagasaki,no,,,,,,
509118,US-7766,heliport,Landing Zone X-10A Heliport,46.15866,-94.4227,1280.0,,US,US-MN,Fort Ripley,no,,,,,,
350596,US-6053,heliport,Benefis Teton Medical Center Heliport,47.81436,-112.19186,3826.0,,US,US-MT,Choteau,no,,,,,,
24635,SN58,small_airport,Foster Field,37.869998931884766,-96.64669799804688,1440.0,,US,US-KS,El Dorado,no,SN58,,SN58,,,
320754,ES-0099,small_airport,Moià Les Umbertes,41.7868167,2.129783,2231.0,EU,ES,ES-CT,Moià,no,,,,http://www.volxerpa.com/,,
45441,2LS3,small_airport,Majors Airpark,30.626092,-91.768584,34.0,,US,US-LA,Melville,no,2LS3,,2LS3,,,
14890,8CL9,closed,Bland Field,36.710905,-120.031828,222.0,,US,US-CA,Kerman,no,,,,,,8CL9
344127,US-3930,small_airport,Fellows Taft Airport,35.21078,-119.42475,489.0,,US,US-CA,Taft,no,,,,,,
12253,5AK9,small_airport,Grandview Subdivision Airport,61.54850006103516,-149.19000244140625,150.0,,US,US-AK,Palmer,no,5AK9,,5AK9,,,
22270,MO65,small_airport,Misty Meadows Airport,36.58340072631836,-93.10299682617188,940.0,,US,US-MO,Kirbyville,no,MO65,,MO65,,,
336530,GB-0915,small_airport,Bernwood Farm Airstrip,51.911807,-0.935533,,EU,GB,GB-ENG,"East Claydon, Buckingham",no,,,,,,
322911,US-0535,closed,Sandy River Federal I Airport,56.226756,-160.230109,96.0,,US,US-AK,,no,,,,,,KSR
334091,AU-0159,heliport,LNP Wangi Carpark Helicopter Landing Site,-13.162404,130.68168,112.0,OC,AU,AU-NT,Litchfield National Park,no,,,OZHII,,,
506042,VN-0055,medium_airport,TK88,-5e-06,-1.7e-05,,AS,VN,VN-CH,,no,,,,,,
7729,11NE,closed,Kaan Airport,42.442501,-103.916,4650.0,,US,US-NE,Harrison,no,,,,,,11NE
15879,9NY9,heliport,Poughkeepsie Main Plant Heliport,41.6572827552,-73.935649395,100.0,,US,US-NY,Poughkeepsie,no,9NY9,,9NY9,,,
334555,JP-0190,heliport,Otemachi Financial City South Tower Helipad,35.68768,139.76582,,AS,JP,JP-13,"Chiyoda, Tokyo",no,,,,,,
346403,US-4778,heliport,Spalding Regional Medical Center Heliport,33.239872,-84.266483,935.0,,US,US-GA,Griffin,no,45GA,,45GA,,,
44898,RU-0216,small_airport,Vokhma Airport,58.91699981689453,46.72700119018555,,EU,RU,RU-KOS,Vokhma,no,,,,,,Аэропорт Вохма
12400,5IL4,closed,Sears Merchandise Group Heliport,42.076502,-88.217082,843.0,,US,US-IL,Hoffman Estates,no,,,,,,5IL4
30932,HSGG,small_airport,Galegu Airport,12.532999992370604,35.06700134277344,1640.0,AF,SD,SD-25,Dinder,no,HSGG,DNX,,,https://en.wikipedia.org/wiki/Galegu_Airport,
7789,12OK,closed,Expressway Airpark,35.541302,-97.453102,1070.0,,US,US-OK,Oklahoma City,no,,,,,,12OK
5151,OICK,medium_airport,Khoram Abad Airport,33.43539810180664,48.282901763916016,3782.0,AS,IR,IR-15,,yes,OICK,KHD,,,https://en.wikipedia.org/wiki/Khorramabad_Airport,
44031,EFJE,heliport,North Karelia Central Hospital Heliport,62.590832,29.777779,397.0,EU,FI,FI-13,Joensuu,no,EFJE,,,,https://fi.wikipedia.org/wiki/Pohjois-Karjalan_keskussairaala,Pohjois-Karjalan_keskussairaala
25014,PATC,small_airport,Tin City Long Range Radar Station Airport,65.56310272,-167.9219971,271.0,,US,US-AK,Tin City,no,PATC,TNC,TNC,,https://en.wikipedia.org/wiki/Tin_City_LRRS_Airport,
5908,SBGO,medium_airport,Santa Genoveva Airport,-16.632,-49.220699,2450.0,SA,BR,BR-GO,Goiânia,yes,SBGO,GYN,GO0001,https://www4.infraero.gov.br/aeroportos/aeroporto-de-goiania-santa-genoveva/,https://en.wikipedia.org/wiki/Santa_Genoveva_Airport,
430574,US-7184,heliport,George Regional Hospital Heliport,30.92265,-88.59386,266.0,,US,US-MS,Lucedale,no,,,,,,
3656,KLSV,medium_airport,Nellis Air Force Base,36.2361984253,-115.033996582,1870.0,,US,US-NV,Las Vegas,no,KLSV,LSV,LSV,http://www.nellis.af.mil/,https://en.wikipedia.org/wiki/Nellis_Air_Force_Base,"McCarran Field, Las Vegas AAF, Las Vegas AFB"
330991,MX-1047,heliport,Xitle Heliport,19.287744,-99.149078,7717.0,,MX,MX-DIF,Tlalpan,no,,,HXI,,,
9368,2D7,small_airport,Beach City Airport,40.64659881591797,-81.55609893798828,984.0,,US,US-OH,Beach City,no,2D7,,2D7,,,
316358,RS-0009,small_airport,Banjički Vis Heliport,44.7623,20.4714,584.0,EU,RS,RS-00,,no,,,,,https://en.wikipedia.org/wiki/Banji%C4%8Dki_Vis_Military_Base,
9837,2VG4,heliport,Deer Run Heliport,37.88769912719727,-78.86190032958984,805.0,,US,US-VA,Nelson County,no,2VG4,,2VG4,,,
27005,YHLC,medium_airport,Halls Creek Airport,-18.23390007019043,127.66999816894533,1346.0,OC,AU,AU-WA,,no,YHLC,HCQ,,,,
42763,PG-AWB,small_airport,Awaba Airport,-8.00611019135,142.748352051,32.0,OC,PG,PG-WPD,Awaba,yes,AYAW,AWB,AWB,,https://en.wikipedia.org/wiki/Awaba_Airport,
429930,NZ-0058,small_airport,Pawarenga Road Airstrip,-35.29625,173.36919,367.0,OC,NZ,NZ-NTL,Broadwood,no,,,,,,
324016,EVMA,closed,Augstkalne Airfield,56.41318,23.319409,,EU,LV,LV-026,Augstkalne,no,,,,,,"EVMA, EVMA"
31754,HTKI,small_airport,Kilwa Airport,-8.91123,39.508619,50.0,AF,TZ,TZ-12,Kilwa Masoko,no,HTKI,KIY,,,https://en.wikipedia.org/wiki/Kilwa_Masoko_Airport,
505970,US-7486,heliport,AM Aviation Heliport,41.305448,-96.319289,1133.0,,US,US-NE,Valley,no,49NE,,49NE,,,
352672,BR-1673,small_airport,Caxixe (ACA) Airstrip,-20.388889,-41.078611,3392.0,SA,BR,BR-ES,Venda Nova do Imigrante,no,SSDC,,ES0027,,,
342041,ZA-0210,heliport,Midstream Helipad,-25.9279,28.1971,4954.0,AF,ZA,ZA-GT,Olifantsfontein,no,,,,,,
339714,JP-1076,heliport,Tohoku District Police Bureau Heliport,38.26743,140.87297,,AS,JP,JP-04,Sendai,no,,,,,,
343567,JP-1757,heliport,Kasumigaseki Common Gate East Tower Helipad,35.67138,139.74866,682.0,AS,JP,JP-13,"Chiyoda, Tokyo",no,,,,,,
339960,CN-0398,closed,Dalian Jinzhouwan International Airport (under construction),39.12255,121.59807,,AS,CN,CN-21,"Ganjingzi, Dalian",no,,,,,https://en.wikipedia.org/wiki/Dalian_Jinzhouwan_International_Airport,DLC
27707,YLAW,small_airport,Lawlers Airport,-28.091764,120.538516,1598.0,OC,AU,AU-WA,,no,YLAW,,,,,
38927,AR-0252,small_airport,Luján Airport,-34.5514,-59.0783,82.0,SA,AR,AR-B,Lujan,no,SA8Y,,LJN,,,
43919,CZ-0002,heliport,Hospital Heliport,49.4160270690918,14.65248680114746,1450.0,EU,CZ,CZ-JC,Tábor,no,,,,,,
429950,NZ-0078,small_airport,Maromaku West Airstrip,-35.46502,174.0892,,OC,NZ,NZ-NTL,Maromaku,no,,,,,,
316886,VIB,closed,Villa Constitución Airport,25.0552,-111.6874,175.0,,MX,MX-BCS,Comondú,no,,,,,,"VIB, VIB"
505166,US-7356,heliport,Lallie Kemp Regional Medical Center Heliport,30.622433,-90.499592,75.0,,US,US-LA,Independence,no,,,51LA,,,
321482,IE-0033,small_airport,Stradbally Airstrip,53.04556,-7.163937,,EU,IE,IE-LS,Stradbally,no,,,,,,
352804,US-6499,heliport,Fort Hood Forward Area Refueling Point West (FARP-W),31.33458,-97.74878,904.0,,US,US-TX,Fort Hood,no,,,,,,
350685,US-6136,closed,Calaway Airport,29.08521,-96.50394,77.0,,US,US-TX,Ganado,no,,,,,,
345882,US-4600,closed,Goodall SSP Ranch Airport,30.55543,-98.19445,751.0,,US,US-TX,Marble Falls,no,,,,,,
35650,SDNU,heliport,Ministro Nelson Hungria Heliport,-22.906389236450195,-43.17305755615234,222.0,SA,BR,BR-RJ,Rio De Janeiro,no,SDNU,,,,,
307972,GB-0141,closed,RAF Buckminster,52.801834,-0.67396,,EU,GB,GB-ENG,Lincolnshire,no,,,,,,
322706,SDNQ,small_airport,Fazenda Água Limpa,-9.980571,-67.491113,646.0,SA,BR,BR-AC,Senador Guiomard,no,SDNQ,,AC0006,,,
45046,CN-0009,small_airport,Shuangyushu Airfield,45.663982,126.700099,,AS,CN,CN-23,Harbin,no,,,,,,
508095,BR-1821,heliport,Hermitage Heliport,-22.915697,-42.991753,243.0,SA,BR,BR-RJ,Niterói,no,SWJK,,RJ0175,,,
37766,SSZG,small_airport,Fazenda São João Airport,-19.257221221923828,-52.89638900756836,1575.0,SA,BR,BR-MS,Água Clara,no,SSZG,,,,,
337012,US-0599,closed,Tacna Landing Strip,32.693674,-113.960881,354.0,,US,US-AZ,Tacna,no,,,,,,
342055,ZA-0221,small_airport,Belladona Airfield,-26.964755,24.063159,4428.0,AF,ZA,ZA-NW,,no,,,,,,
319109,ENLH,heliport,"Lillehammer Heliport, Innlandet Hospital",61.11325,10.472165,,EU,NO,NO-34,Lillehammer,no,ENLH,,,,,
15514,96Z,seaplane_base,Whale Pass Seaplane Float Harbor Facility,56.116299,-133.121994,0.0,,US,US-AK,Whale Pass,no,,WWP,96Z,,,"North Whale SPB, North Whale Pass"
38980,AR-0305,small_airport,Pueblo Esther Airport,-33.0817,-60.5647,82.0,SA,AR,AR-S,Rosario,no,,,ROP,,,
326738,PT-0101,small_airport,Aerodromo de Atouguia da Baleia UL,39.347424,-9.32014,,EU,PT,PT-10,Peniche,no,,,LP49,,,
197,SDPW,small_airport,Piracicaba Airport,-22.71150016784668,-47.61819839477539,1887.0,SA,BR,BR-SP,Piracicaba,no,SDPW,QHB,SDPW,,,
7868,14AL,heliport,Highbluff Stagefield Army Heliport,31.153499603271484,-85.73370361328125,270.0,,US,US-AL,Fort Rucker/Hartford,no,14AL,,14AL,,,
39678,CA-0032,closed,Aylmer Airport,42.79999923706055,-80.94999694824219,,,CA,CA-ON,,no,,,,,,
344522,JP-2114,small_airport,Nishigawara Airfield,36.99445,137.86808,,AS,JP,JP-15,Itoigawa,no,,,,,,
40394,VE-0045,heliport,Centro Miranda  Heliport,10.648332595825195,-71.62999725341797,138.0,SA,VE,VE-V,Maracaibo,no,,,,,,
328752,BR-0332,heliport,Bahiamido Heliport,-13.108977,-39.284284,666.0,SA,BR,BR-BA,Laje,no,SWYZ,,BA0239,,,
346753,US-4932,closed,Air Evac 82 Heliport,40.10621,-80.73628,1162.0,,US,US-WV,Martins Ferry,no,,,,,,
27098,YPAM,small_airport,Palm Island Airport,-18.755300521850582,146.58099365234375,28.0,OC,AU,AU-QLD,,yes,YPAM,PMK,,,https://en.wikipedia.org/wiki/Palm_Island_Airport,
327895,KR-0634,heliport,Mulgeum-ri Heliport,35.320103,128.976388,,AS,KR,KR-48,Mulgeum-ri,no,,,,,,Mulgeum-ri
342989,US-3568,closed,Aguila Airfield,33.93636,-113.22896,2152.0,,US,US-AZ,Aguila,no,,,,,,
4985,NTGC,medium_airport,Tikehau Airport,-15.119600296020508,-148.2310028076172,6.0,OC,PF,PF-U-A,,yes,NTGC,TIH,,,https://en.wikipedia.org/wiki/Tikehau_Airport,
4919,MM80,small_airport,Rancho La Milpita Airport,30.4809,-109.643997,4707.0,,MX,MX-SON,Nacozari de García,no,MM80,,LCI,,,Aeródromo La Caridad
40700,SK-248,small_airport,Cerrejón Central Airport,11.038056,-72.695,395.0,SA,CO,CO-LAG,Barrancas,no,,,BCA,,,
5791,SANI,closed,Tinogasta Airport,-28.037801,-67.580299,3968.0,SA,AR,AR-K,Tinogasta,no,,,,,,"SANI, SANI, TIN"
316468,GB-0219,small_airport,Rayne Hall Farm Airstrip,51.885975,0.5201017,,EU,GB,GB-ENG,,no,,,,,,
31334,FZCP,small_airport,Popokabaka Airport,-5.739467,16.587489,1575.0,AF,CD,CD-KW,Popokabaka,no,FZCP,,,,,
341572,JP-1573,heliport,Okayama University Hospital Heliport,34.64989,133.92047,,AS,JP,JP-33,Okayama,no,,,,,,
511322,US-8080,closed,Eudora Southwest Airport,33.05245,-91.43215,100.0,,US,US-AR,Eudora,no,,,,,,
3068,GAKY,medium_airport,Kayes Dag Dag Airport,14.4812,-11.4044,164.0,AF,ML,ML-1,,yes,GAKD,KYS,,,https://en.wikipedia.org/wiki/Kayes_Airport,
316401,LBBA,small_airport,Bahovitsa Airfield,43.206111,24.655556,,EU,BG,BG-11,,no,LBBA,,,,,
329695,MX-0922,heliport,Hospital General de Veracruz Heliport,19.1853,-96.131581,98.0,,MX,MX-VER,Veracruz,no,,,HXY,,,
23767,OK23,small_airport,Taliaferro Field,34.19829941,-97.23120117,930.0,,US,US-OK,Ardmore,no,OK23,,OK23,,,
308708,IT-0072,small_airport,Campo volo Val Triversa,44.906894,8.034096,574.0,EU,IT,IT-21,Cantarana (AT),no,,,ATCAN,http://www.ulm.it/hangar/mix/valtriversa/,,
7577,0TX9,small_airport,Card Aerodrome,33.250099182128906,-96.1168975830078,540.0,,US,US-TX,Greenville,no,0TX9,,0TX9,,,
345967,CA-0749,heliport,Mount Shark Heliport,50.86053,-115.36601,5932.0,,CA,CA-AB,Kananaskis,no,,,,,,
22611,MY43,closed,Becker Personal Airport,45.402699,-93.389397,920.0,,US,US-MN,Saint Francis,no,,,,,,MY43
43460,FR-0120,heliport,Centre Hospitalier Intercommunal du Val d'Ariege Heliport,43.02527618408203,1.6174999475479126,1151.0,EU,FR,FR-OCC,Foix,no,,,,,,
45563,SSPR,small_airport,Porto Walter Airport,-8.276196,-72.7458,651.0,SA,BR,BR-AC,Porto Walter,no,SDL4,,AC0008,,,"SIRW, SSPR, SWPV"
42948,RU-0040,small_airport,Syktyvkar Southwest,61.586666,50.52,489.0,AS,RU,RU-KO,Syktyvkar,no,,,,,https://en.wikipedia.org/wiki/Syktyvkar_Southwest,
24803,TA96,heliport,Helicopter Express Heliport,30.095199584960938,-95.5448989868164,150.0,,US,US-TX,Tomball,no,TA96,,TA96,,,
26842,WIOD,small_airport,H A S Hanandjoeddin International Airport,-2.74572,107.754997,164.0,AS,ID,ID-BB,Tanjung Pandan,yes,WIKT,TJQ,,,https://en.wikipedia.org/wiki/H.A.S._Hanandjoeddin_International_Airport,"Buluh Tumbang Airport,WIKD, WIOD"
26557,VIGG,medium_airport,Kangra Airport,32.164902,76.263018,2525.0,AS,IN,IN-HP,Kangra,yes,VIGG,DHM,,https://www.aai.aero/en/airports/kangra-gaggal,https://en.wikipedia.org/wiki/Kangra_Airport,"Dharamshala, Gaggal"
331999,ND05,heliport,MCHS Hospital Heliport,47.803969,-103.26915,2083.0,,US,US-ND,Watford City,no,ND05,,ND05,,,
30206,EDLU,small_airport,Oelde Bergeler Airfield,51.830601,8.17472,269.0,EU,DE,DE-NW,,no,EDLU,,,,,
10858,3W3,small_airport,Kentmorr Airpark,38.9182014465332,-76.35800170898438,10.0,,US,US-MD,Stevensville,no,3W3,,3W3,,,
336381,MX-1278,small_airport,El Cristo Airport,20.473577,-97.056034,13.0,,MX,MX-VER,Tecolutla,no,,,CRX,,,
9064,25MN,seaplane_base,Shirt Lake Seaplane Base,46.43059921264648,-93.83309936523438,1272.0,,US,US-MN,Deerwood,no,25MN,,25MN,,,
27945,YSDW,small_airport,Strathdownie Airport,-37.7317008972168,141.125,,OC,AU,AU-VIC,,no,YSDW,,,,,
19164,K95D,small_airport,Beulah Airport,47.25080108642578,-101.81400299072266,1791.0,,US,US-ND,Beulah,no,K95D,,95D,,,
353053,9PR1,heliport,Cesar Castillo LLC Heliport,18.330966,-66.098315,236.0,,PR,PR-U-A,Guaynabo,no,9PR1,,9PR1,,,
351171,10SC,heliport,Hartness Heliport,34.840013,-82.252927,890.0,,US,US-SC,Greenville,no,10SC,,10SC,,,
42709,KE-0066,small_airport,Kwale Airport,-4.169795036315918,39.43186569213867,1380.0,AF,KE,KE-300,Kwale,no,,,,,,
344694,JP-2206,heliport,NHO Nanbucho Medical Center Heliport,40.428,141.33307,,AS,JP,JP-02,Nanbu,no,,,,,,
14691,85NJ,heliport,Webcraft Heliport,40.4468002319336,-74.4937973022461,115.0,,US,US-NJ,North Brunswick,no,85NJ,,85NJ,,,
37775,SSZV,small_airport,Fazenda Bordolândia Airport,-12.061019,-51.530589,1066.0,SA,BR,BR-MT,Serra Nova Dourada,no,,,,,,SSZV
7505,0PS9,heliport,Jefferson Health Bucks County Campus Heliport,40.182734,-74.868028,141.0,,US,US-PA,Fairless Hills,no,0PS9,,0PS9,,,Delaware Valley Medical Center
31249,FVMF,small_airport,Mabikwa Airport,-18.732999801635746,27.53300094604492,3450.0,AF,ZW,ZW-MN,Mabikwa,no,FVMF,,,,,
341910,JP-1606,heliport,JR Sendai Hospital Heliport,38.255617,140.880824,,AS,JP,JP-04,Sendai,no,,,,,,
349025,US-5567,closed,Orogrande Airport,32.38793,-106.14012,4203.0,,US,US-NM,Orogrande,no,,,,,,
43565,FR-0225,heliport,Grand Colombier Heliport,45.88138961791992,5.757500171661377,4716.0,EU,FR,FR-ARA,Grand Colombier,no,,,,,,
509239,SJB3,small_airport,Fazenda Rebojo Airport,-20.036924,-57.917108,276.0,SA,BR,BR-MS,Corumbá,no,SJB3,,MS0704,,,
350429,US-5987,closed,Riverview Airport,29.27855,-98.5922,670.0,,US,US-TX,Von Ormy,no,,,,,,
327381,KR-0470,heliport,Samjeong Green Core Apartments Heliports,35.863078,128.591637,,AS,KR,KR-27,Daegu,no,,,,,,Samjeong Green Core Apartment
17257,FA67,closed,Walker Memorial Medical Center Heliport,27.6325,-81.518402,120.0,,US,US-FL,Avon Park,no,,,,,,"FA67, FA67, FA67"
510733,US-7874,small_airport,Butell Farms Airport,38.82257,-95.27122,1099.0,,US,US-KS,Lawrence,no,,,,,,
45421,6KY4,small_airport,Adair Airport,36.753333,-85.953889,870.0,,US,US-KY,Fountain Run,no,6KY4,,6KY4,,,
346964,SD7X,small_airport,Fly Aviação Agrícola Airport,-12.139167,-56.1225,1260.0,SA,BR,BR-MT,Ipiranga do Norte,no,SD7X,,MT0717,,,
40268,SVQL,small_airport,Tocomita Airport,7.757760047912598,-63.082298278808594,590.0,SA,VE,VE-F,Gurí,no,SVQL,,,,,
37771,SSZM,small_airport,Reserva Acurizal Airport,-17.832875,-57.554401,351.0,SA,BR,BR-MS,Corumbá,no,SDV7,,MS0577,,,SSZM
44595,DE-0026,heliport,Meppen Ludmillenstift Hospital Helipad,52.68949890136719,7.294400215148926,,EU,DE,DE-NI,Meppen,no,,,,,,
28819,LFEB,small_airport,Dinan - Trélivan Airport,48.44440078735352,-2.1013898849487305,394.0,EU,FR,FR-BRE,Dinan,no,LFEB,,,,http://fr.wikipedia.org/wiki/A%C3%A9roport_de_Dinan_-_Tr%C3%A9livan,
19995,KGYB,small_airport,Giddings-Lee County Airport,30.1693,-96.980003,485.0,,US,US-TX,Giddings,no,KGYB,,GYB,https://www.giddings.net/airport,https://en.wikipedia.org/wiki/Giddings–Lee_County_Airport,62H
9196,28FL,small_airport,Jim Finlay Farm Airport,29.4419002532959,-81.58309936523438,40.0,,US,US-FL,Cresent City,no,28FL,,28FL,,,
504866,PH-0550,closed,Magatos Airport,7.55056,125.73043,62.0,AS,PH,PH-DAV,Asuncion,no,,,,,,
32226,RPUI,small_airport,Iba Airport,15.3247556686,119.969497681,11.0,AS,PH,PH-ZMB,Iba,no,RPUI,,,,https://en.wikipedia.org/wiki/Iba_Airport,Paliparan ng Iba
342884,GR-0031,heliport,Alonnisos Heliport,39.15046,23.87839,168.0,EU,GR,GR-E,Votsi,no,,,,,,
25438,VG03,heliport,Chesapeake Energy Center Heliport,36.77069854736328,-76.30159759521484,12.0,,US,US-VA,Chesapeake,no,VG03,,VG03,,,
36945,SJWJ,heliport,HPE Helipad,-23.669927,-46.703181,2424.0,SA,BR,BR-SP,São Paulo,no,SJWJ,,SP0673,,,
338928,US-2549,small_airport,Bigfoot Turf Airport,40.324957,-104.6151,4785.0,,US,US-CO,La Salle,no,CO70,,CO70,,,
320434,CHT4,heliport,Nelson (High Terrain Helicopters) Heliport,49.486702,-117.327201,1950.0,,CA,CA-BC,Nelson,no,CHT4,,CHT4,http://highterrainhelicopters.com/,,
38664,YWSD,small_airport,Westward Downs Airport,-30.71137,141.397648,,OC,AU,AU-NSW,Broughams Gate,no,YWSD,,,,,
332837,SHME,heliport,La Cabaña Heliport,-33.974615,-71.388481,59.0,SA,CL,CL-RM,San Pedro,no,SHME,,,,,
20132,KI50,small_airport,Stanton Airport,37.849866,-83.845704,651.0,,US,US-KY,Stanton,no,,,I50,,https://en.wikipedia.org/wiki/Stanton_Airport,
316764,ZGHU,small_airport,Shihezi Huayuan Airport,44.2421,85.8905,1700.0,AS,CN,CN-65,Shihezi,yes,ZWHZ,SHF,,,https://en.wikipedia.org/wiki/Shihezi_Huayuan_Airport,
29984,EPIW,closed,Iwonicz Airfield,49.657799,21.817499,971.0,EU,PL,PL-PK,Krosno,no,,,,,,"EPIW, EPIW"
350077,US-5872,small_airport,O'Flanagan Airport,37.01784,-120.41533,154.0,,US,US-CA,Chowchilla,no,,,,,,
338656,US-2341,closed,Clark Field,35.24906,-120.65513,,,US,US-CA,San Luis Obispo,no,,,,,,
31123,FEGI,small_airport,Grimari Airport,5.683000087738037,20.049999237060547,1312.0,AF,CF,CF-UK,Grimari,no,FEGI,,,,,
2514,EHBD,medium_airport,Kempen Airport Budel,51.255299,5.60139,114.0,EU,NL,NL-NB,Weert,no,EHBD,,,http://www.kempenairport.nl/,https://en.wikipedia.org/wiki/Kempen_Airport,"Kempen Airport, Budel Aerodrome"
307121,SFU,small_airport,Safia Airport,-9.59305555556,148.636111111,430.0,OC,PG,PG-NPP,Safia,no,AYSF,SFU,SFA,,,
28494,EDSA,small_airport,Albstadt-Degerfeld Airfield,48.249722,9.0625,2881.0,EU,DE,DE-BW,Albstadt,no,EDSA,,,http://www.lsv-degerfeld.de/,http://de.wikipedia.org/wiki/Flugplatz_Albstadt-Degerfeld,
339386,US-2690,heliport,Naval Hospital Camp Pendleton Helipad,33.21874,-117.38795,,,US,US-CA,Oceanside,no,,,,,,
20911,KRBE,small_airport,Rock County Airport,42.56969833374024,-99.56839752197266,2349.0,,US,US-NE,Bassett,no,KRBE,,RBE,,,
330903,RU-0516,closed,Kusnetsovka Airfield,56.61675,34.517382,794.0,EU,RU,RU-TVE,Lukovnikovo,no,,,,,,
26083,WY21,heliport,Campbell County Memorial Hospital Heliport,44.28779983520508,-105.51399993896484,4875.0,,US,US-WY,Gillette,no,WY21,,WY21,,,
328149,9OG1,heliport,Barrigada Readiness Center Heliport,13.475158,144.815983,311.0,OC,GU,GU-U-A,Barrigada,no,9OG1,,9OG1,,,
8493,1MT5,heliport,Holy Rosary Heliport,46.39459991455078,-105.8290023803711,2372.0,,US,US-MT,Miles City,no,1MT5,,1MT5,,,
15548,97WA,small_airport,Basin City Airfield,46.585335,-119.153711,722.0,,US,US-WA,Mesa,no,97WA,,97WA,,,
351194,US-6323,closed,Finney County Feedyard Airport,38.00768,-100.77386,2911.0,,US,US-KS,Garden City,no,,,,,,
308384,MX-0021,small_airport,Todos Santos Airstrip,23.498333,-110.201944,432.0,,MX,MX-BCS,La Paz,no,,,TSN,,https://en.wikipedia.org/wiki/Todos_Santos_Airstrip,
44327,KZ-0066,small_airport,Aktogay Air Base,46.89158,79.846745,1188.0,AS,KZ,KZ-ABA,Aktogay,no,ZDX5,,,,,Аэродром Актогай
13607,6WI0,small_airport,Cub Acres Airport,45.18050003051758,-91.98770141601562,1000.0,,US,US-WI,Prairie Farm,no,6WI0,,6WI0,,,
510843,US-7913,closed,Heidrich Airport,33.00461,-82.66256,378.0,,US,US-GA,Riddleville,no,,,,,,
42503,NZ-0007,small_airport,Dunsandel,-43.68368911743164,172.1490020751953,,OC,NZ,NZ-CAN,,no,,,,,,
38097,SWUB,small_airport,Fazenda Serra Alegre Airport,-15.674167,-59.191666,1115.0,SA,BR,BR-MT,Pontes E Lacerda,no,,,,,,SWUB
5699,RPMF,medium_airport,Bislig Airport,8.195052,126.321015,12.0,AS,PH,PH-SUR,Bislig,no,RPMF,BPH,,,https://en.wikipedia.org/wiki/Bislig_Airport,
346765,US-4942,closed,Air Evac 98 Heliport,39.40905,-82.9764,679.0,,US,US-OH,Chillicothe,no,,,,,,
16363,AR76,heliport,Augusta Heliport,35.288700103759766,-91.3584976196289,212.0,,US,US-AR,Augusta,no,AR76,,AR76,,,
5025,NZAR,medium_airport,Ardmore Airport,-37.02970123291016,174.97300720214844,111.0,OC,NZ,NZ-AUK,Manurewa,no,NZAR,AMZ,,http://www.nzar.co.nz/,https://en.wikipedia.org/wiki/Ardmore_Airport,
36756,SJOP,heliport,Minas da Conceição Heliport,-19.650479,-43.252886,3054.0,SA,BR,BR-MG,Itabira,no,SSNC,,MG0270,,,SJOP
7530,0TA2,small_airport,Smith Farms Airport,34.213702,-101.923342,3487.0,,US,US-TX,Halfway,no,0TA2,,0TA2,,,
38460,YMDS,small_airport,Macdonald Downs Airport,-22.4440002441,135.199005127,,OC,AU,AU-NT,,no,YMDS,MNW,,,,
319066,GB-0322,heliport,Arran Heliport,55.57663,-5.134378,,EU,GB,GB-SCT,Arran,no,,,,,,
3624,KJMS,medium_airport,Jamestown Regional Airport,46.92969894,-98.67819977,1500.0,,US,US-ND,Jamestown,yes,KJMS,JMS,JMS,,https://en.wikipedia.org/wiki/Jamestown_Regional_Airport,
353122,US-6587,closed,Roswell Auxiliary Army Airfield Number 3,33.13088,-104.54343,3729.0,,US,US-NM,Hagerman,no,,,,,,
869,CEL2,heliport,Calgary (City / Bow River) Heliport,51.0528342897,-114.078843445,3443.0,,CA,CA-AB,Calgary,no,CEL2,,CEL2,,,EL2
311789,RK3V,heliport,C 428 Heliport,38.115545,128.195461,880.0,AS,KR,KR-42,ROK 12th Division,no,RK3V,,RK3V,,,
30346,ENRG,small_airport,Rognan Airport,67.09829711914062,15.411100387573242,20.0,EU,NO,NO-18,Saltdal,no,ENRG,,,,,
39848,CA-0202,closed,Laforge-1 Airport,54.09999847412109,-72.53333282470703,,,CA,CA-QC,,no,,,,,,
23431,NY49,small_airport,Mesmer Airport,42.991523,-78.985764,600.0,,US,US-NY,Grand Island,no,NY49,,NY49,,,
351498,CO-0063,small_airport,Caranacoa Airport,2.43252,-68.92068,,SA,CO,CO-GUA,Caranacoa,no,,,,,,
337194,US-1972,small_airport,Clemens Airport,37.378264,-95.339783,966.0,,US,US-KS,Parsons,no,50KS,,50KS,,,
43896,BG-0008,closed,Kozloduy Airfield,43.763134,23.722031,152.0,EU,BG,BG-06,Kozloduy,no,,,,,,
28757,EDLX,small_airport,Wesel-Römerwardt Airfield,51.662777,6.595833,72.0,EU,DE,DE-NW,Wesel,no,EDLX,,,,,
326697,PT-0081,closed,Armacao de Pera Airfield ULM,37.110756,-8.34417,,EU,PT,PT-08,Silves,no,,,,,,
30531,SGNB,closed,Aeródromo de Villa Hayes,-25.154666,-57.560495,210.0,SA,PY,PY-15,Villa Hayes,no,,,,,,SGNB
319786,MX-0270,small_airport,Rancho Providencia Airport,30.2948,-106.7515,4205.0,,MX,MX-CHH,Villa Ahumada,no,,,RPX,,,
30017,FXKA,small_airport,Katse Airport,-29.36370086669922,28.527299880981445,7000.0,AF,LS,LS-K,Katse,no,FXKA,,,,,
14189,7LA1,small_airport,Birdwin Airport,29.46023,-89.67766,2.0,,US,US-LA,Port Sulphur,no,7LA1,,7LA1,,,
28680,EDWH,small_airport,Oldenburg-Hatten Airfield,53.06889,8.313611,26.0,EU,DE,DE-NI,Oldenburg,no,EDWH,,,,,
339619,US-2906,closed,Gakona Landing Strip,62.30166,-145.29138,,,US,US-AK,Gakona,no,,,,,,
7910,14PA,small_airport,Dimascio Field,40.29090118408203,-75.65910339355469,350.0,,US,US-PA,Pottstown,no,14PA,,14PA,,,
352591,US-6451,closed,Browns Ranch Airport,39.81482,-77.25403,521.0,,US,US-PA,Gettysburg,no,,,,,,Browns Landing Strip
352664,JP-2998,heliport,Urban Ace Kitahama Helipad,34.68748,135.50519,,AS,JP,JP-27,Osaka,no,,,,,,
6865,06CA,heliport,SCE Solar I Heliport,34.868942,-116.832024,1942.0,,US,US-CA,Daggett,no,06CA,,06CA,,,
333186,SSDA,heliport,Água Mansa Heliport,-23.741404,-45.404187,7.0,SA,BR,BR-SP,São Sebastião,no,SSDA,,SP0746,,,
2394,EGBO,small_airport,Wolverhampton Halfpenny Green Airport,52.51750183105469,-2.2594399452209477,283.0,EU,GB,GB-ENG,Wolverhampton,no,EGBO,,,,https://en.wikipedia.org/wiki/Wolverhampton_Airport,"Wolverhampton Business Airport, Bobbington Airport"
13040,66OI,small_airport,Gorman-Green Airport,40.781386,-82.057614,1210.0,,US,US-OH,Wooster,no,66OI,,66OI,,,Gorman-Freeman Airport
5842,SAZF,small_airport,Olavarria Airport,-36.889999,-60.216599,551.0,SA,AR,AR-B,Olavarria,no,SAZF,OVR,OLA,,https://en.wikipedia.org/wiki/Olavarr%C3%ADa_Airport,
505047,GL-0015,closed,Myggbukta Airport,73.48853,-21.50338,,,GL,GL-NE,Myggbukta,no,,,,,,
345969,JP-2326,heliport,Enshu-Morimachi Inbound Parking Area Heliport,34.82672,137.90453,230.0,AS,JP,JP-22,Mori,no,,,,,,
6189,SLSU,medium_airport,Juana Azurduy De Padilla Airport,-19.007099,-65.288696,9540.0,SA,BO,BO-H,Sucre,no,SLSU,,,,https://en.wikipedia.org/wiki/Juana_Azurduy_de_Padilla_International_Airport,military
5064,NZWO,medium_airport,Wairoa Airport,-39.00690078735352,177.40699768066406,42.0,OC,NZ,NZ-HKB,Wairoa,no,NZWO,WIR,,,,
41708,UZ-0021,small_airport,Kamashi Airport,38.80440139770508,66.52960205078125,1780.0,AS,UZ,UZ-QA,Kamashi,no,,,,,,
346251,PN98,small_airport,Dream Field,39.933483,-78.934101,2321.0,,US,US-PA,Berlin,no,PN98,,PN98,,,
25163,TX47,small_airport,Sandy Creek Ranch Airfield,33.7076835632,-96.2238464355,547.0,,US,US-TX,Revenna,no,TX47,,TX47,,,
430120,EG-0024,heliport,Toshka Pump Station Heliport,22.63762,31.85165,617.0,AF,EG,EG-ASN,,no,,,,,,
345717,US-4519,small_airport,Jackson Hole Airport,33.63298,-110.59792,5082.0,,US,US-AZ,Globe,no,,,,,,
31449,FZRG,closed,Sominka Airport,-7.417,27.15,2066.0,AF,CD,CD-TA,Sominka,no,,,,,,FZRG
44605,LV-0001,small_airport,Gančauski Airfield,56.043395,26.369549,,EU,LV,LV-111,Gančauski,no,,,,,,"Gancauski Airfield, Ķirupe Airport, EVIL"
22176,MN72,closed,Peil's Vermillion Wings Seaplane Base,47.885502,-92.405197,1360.0,,US,US-MN,Tower,no,,,,,,MN72
11317,49XS,small_airport,McCasland Ranch Airport,31.448333,-98.321111,1370.0,,US,US-TX,Star,no,49XS,,49XS,,,
41649,KG-0010,small_airport,Frunze Northwest Airport,42.91419982910156,74.50830078125,2311.0,AS,KG,KG-C,Bishkek,no,,,,,,
347465,US-5085,closed,Briarhill Airport,33.07601,-97.06713,642.0,,US,US-TX,Highland Village,no,,,,,,
31091,FCMO,small_airport,Mandoro Airport,-2.650000095367432,12.883000373840332,1772.0,AF,CG,CG-9,Mandoro,no,FCMO,,,,,
343615,JP-1797,closed,Koshibara Airfield,35.44527,133.08083,,AS,JP,JP-32,Matsue,no,,,,,,
318247,AR-0519,small_airport,Agroservicios Airport,-33.2723,-60.5707,144.0,SA,AR,AR-S,Coronel Bogado,no,,,ACB,,,
319749,LIRC,heliport,Centocelle Heliport,41.8729,12.5637,158.0,EU,IT,IT-62,Rome,no,LIRC,,,,https://en.wikipedia.org/wiki/Centocelle_Airport,
308212,AYGW,small_airport,Guwasa Airport,-6.465838,145.083968,4800.0,OC,PG,PG-EHG,Guwasa,no,AYGW,,,,,
8783,20E,heliport,Valleywise Health Medical Center Heliport,33.456859,-112.026684,1117.0,,US,US-AZ,Phoenix,no,,,20E,,,Maricopa Medical Center Heliport
45437,00LA,heliport,Shell Chemical East Site Heliport,30.191944,-90.980833,15.0,,US,US-LA,Gonzales,no,00LA,,00LA,,,
505386,BR-1771,heliport,Icon Alphaville Helipad,-23.492708,-46.84822,2776.0,SA,BR,BR-SP,Barueri,no,SSOV,,SP0766,,,
25204,TX90,closed,Flight Safety Texas Heliport,32.802101,-97.183296,500.0,,US,US-TX,Hurst,no,,,,,,TX90
21631,LL98,small_airport,John W Meils Restricted Landing Area,40.943805,-89.108526,705.0,,US,US-IL,Toluca,no,LL98,,LL98,,,
5819,SATR,medium_airport,Reconquista Airport,-29.2103,-59.68,160.0,SA,AR,AR-S,Reconquista,no,SATR,RCQ,RTA,,,
510942,US-7958,closed,Harrington Airport,47.54728,-118.25922,2311.0,,US,US-WA,Harrington,no,,,,,,
16838,CN29,small_airport,J-B Airport,37.93519973754883,-121.01499938964844,103.0,,US,US-CA,Farmington,no,CN29,,CN29,,,
354685,TT46,small_airport,PC Airport,30.804722,-96.431111,399.0,,US,US-TX,Bryan,no,TT46,,TT46,,,
44522,IQ-0029,small_airport,Khan Bani Saad Airport,33.591599,44.594937,150.0,AS,IQ,IQ-DI,Khan Bani Saad,no,,,,,,
430725,AU-0507,small_airport,Blaxland Range Airstrip,-27.26044,123.30387,1473.0,OC,AU,AU-WA,Lake Wells,no,,,,,,
27226,ZSWH,medium_airport,Weihai Dashuibo Airport,37.187099,122.228996,145.0,AS,CN,CN-37,Weihai,yes,ZSWH,WEH,,,https://en.wikipedia.org/wiki/Weihai_Airport,"Dashuipo, Yancheng Air Base"
26817,WBKW,medium_airport,Tawau Airport,4.320159912109375,118.12799835205078,57.0,AS,MY,MY-12,Tawau,yes,WBKW,TWU,,,https://en.wikipedia.org/wiki/Tawau_Airport,
6113,SKCU,medium_airport,Juan H White Airport,7.96847,-75.1985,174.0,SA,CO,CO-ANT,Caucasia,no,SKCU,CAQ,CAQ,,https://en.wikipedia.org/wiki/Juan_H._White_Airport,Caucasia Airport
19640,KDLS,medium_airport,Columbia Gorge Regional Airport,45.620979,-121.170777,247.0,,US,US-OR,Dallesport / The Dalles,no,KDLS,DLS,DLS,http://www.columbiagorgeairport.com/,https://en.wikipedia.org/wiki/Columbia_Gorge_Regional_Airport,The Dalles Municipal Airport
37672,SSUA,small_airport,Fazenda Sonora Estância Airport,-17.63111114501953,-54.77000045776367,1575.0,SA,BR,BR-MS,Sonora,no,SSUA,,,,,
330891,RU-0513,closed,Turtino Airport,56.368268,40.266128,525.0,EU,RU,RU-VLA,Vysheslavskoye,no,,,,,,
355605,JP-3055,heliport,Westpark Tower Helipad,35.72971,139.70693,,AS,JP,JP-13,"Toshima, Tokyo",no,,,,,,
898,CET2,small_airport,Conklin (Leismer) Airport,55.695301,-111.278999,1930.0,,CA,CA-AB,Conklin,no,CET2,CFM,CET2,,https://en.wikipedia.org/wiki/Conklin_(Leismer)_Airport,ET2
8819,20WI,small_airport,Harju Airport,44.02140045166016,-89.07929992675781,800.0,,US,US-WI,Redgranite,no,20WI,,20WI,,,
30806,WRLC,small_airport,Bontang Airport,0.119691,117.474998,49.0,AS,ID,ID-KI,Bontang-Borneo Island,yes,WALC,BXT,,,https://en.wikipedia.org/wiki/PT_Badak_Bontang_Airport,WRLC
23886,OR36,closed,Garvins Heliport,42.067101,-124.295998,250.0,,US,US-OR,Brookings,no,,,,,,"OR36, OR36, OR36"
335796,BR-1045,heliport,Chaperó Heliport,-22.8425,-43.763889,23.0,SA,BR,BR-RJ,Itaguaí,no,SIVT,,RJ0093,,,
307932,GB-0101,closed,RAF Atcham,52.690278,-2.636667,190.0,EU,GB,GB-ENG,Shropshire,no,,,,,https://en.wikipedia.org/wiki/RAF_Atcham,
318570,TZ-0013,small_airport,Mkwaja Airport,-5.719283,38.828465,,AF,TZ,TZ-05,Mkwaja,no,,,,,,
43721,EBEN,heliport,Engels heliport,51.21166610717773,4.580832958221436,33.0,EU,BE,BE-VAN,Ranst,no,EBEN,,,,,
319186,IT-0253,small_airport,Aviosuperficie Castellazzo,44.6833333,10.7397222,141.0,EU,IT,IT-45,Castellazzo,no,,,RE04,,,
8762,1XS1,small_airport,Dunham Field,29.93829917907715,-95.04660034179688,60.0,,US,US-TX,Crosby,no,1XS1,,1XS1,,,
338136,MX-1423,small_airport,Marabasco Airstrip,19.222666,-104.525557,164.0,,MX,MX-COL,Manzanillo,no,,,MRB,,,
11509,4LA4,heliport,Chevron Usa Inc Heliport,29.221099853515625,-90.21790313720705,,,US,US-LA,Leeville,no,4LA4,,4LA4,,,
31893,HTMA,small_airport,Mafia Airport,-7.917478,39.668502,60.0,AF,TZ,TZ-19,Kilindoni,no,HTMA,MFA,,,https://en.wikipedia.org/wiki/Mafia_Airport,
337241,US-1997,closed,Paiva Intercity Landing Field,36.59897,-119.56047,335.0,,US,US-CA,Parlier,no,,,,,,
334331,08TN,small_airport,PTC Airport,35.298914,-86.474357,820.0,,US,US-TN,Fayetteville,no,08TN,,08TN,,,
322353,CF-0003,closed,Mausolee Airport,4.043017,18.134684,,AF,CF,CF-LB,Pissa,no,,,,,,
309745,SDBU,small_airport,Fazenda Douradinho Airport,-21.6433,-53.3106,1177.0,SA,BR,BR-MS,Nova Andradina,no,,,,,,"SDBU, SIZM"
4681,MKJS,medium_airport,Sangster International Airport,18.503700256347656,-77.91339874267578,4.0,,JM,JM-08,Montego Bay,yes,MKJS,MBJ,,,https://en.wikipedia.org/wiki/Sangster_International_Airport,
41811,UZ-0123,closed,Shakhrikhan West Airport,40.702801,71.901199,1398.0,AS,UZ,UZ-AN,Shakhrikhan,no,,,,,,
13955,77TX,closed,Woods Airport,29.781601,-95.914703,160.0,,US,US-TX,Brookshire,no,,,,,,77TX
1196,CKK4,small_airport,Estevan (South) Airport,49.03889846801758,-102.97599792480467,1900.0,,CA,CA-SK,Estevan,no,CKK4,,CKK4,,https://en.wikipedia.org/wiki/Estevan_(South)_Airport,KK4
22420,MT23,heliport,St Patrick Hospital Heliport,46.872100830078125,-114.0009994506836,3282.0,,US,US-MT,Missoula,no,MT23,,MT23,,,
352281,JP-2878,heliport,Osaka ViewHotel Honmachi Helipad,34.68426,135.49891,,AS,JP,JP-27,Osaka,no,,,,,,
349474,US-5646,heliport,Freedom Heliport,41.109444,-85.222778,860.0,,US,US-IN,Fort Wayne,no,28IN,,28IN,,,
8808,20OR,small_airport,Warner's Airport,45.29725,-122.47517,325.0,,US,US-OR,Redland,no,20OR,,20OR,,,
40387,VE-0038,heliport,Caribe (Simón Bolívar Internacional)  Heliport,10.5983333588,-66.9966659546,316.0,SA,VE,VE-X,Caracas,no,,,,,,
22641,MY85,closed,Advance Machine Company Heliport,45.001908,-93.469675,973.0,,US,US-MN,Plymouth,no,,,,,,MY85
19850,KFCM,small_airport,Flying Cloud Airport,44.8272018433,-93.4570999146,906.0,,US,US-MN,Minneapolis,no,KFCM,FCM,FCM,http://www.metroairports.org/General-Aviation/Airports/Flying-Cloud.aspx,https://en.wikipedia.org/wiki/Flying_Cloud_Airport,
14371,7PS6,heliport,Allegheny Valley Hospital Heliport,40.61899948120117,-79.73780059814453,965.0,,US,US-PA,Natrona Heights,no,7PS6,,7PS6,,,
343007,US-3580,closed,Schriefer Airstrip,29.9348,-92.1823,9.0,,US,US-LA,Abbeville,no,,,,,,
24599,SN21,small_airport,Flory Private Airport,38.822691,-95.288372,1100.0,,US,US-KS,Baldwin City,no,SN21,,SN21,,,
3218,HLFL,small_airport,Bu Attifel Airport,28.79540061950684,22.080900192260746,161.0,AF,LY,LY-WA,,no,HLFL,,,,,
45195,GT-0008,small_airport,SANTIAGO,14.6092802945,-91.2441909313,,,GT,GT-SO,,no,,,,,,
5178,OIKR,medium_airport,Rafsanjan Airport,30.298345,56.048979,5298.0,AS,IR,IR-08,Rafsanjan,yes,OIKR,RJN,,,https://en.wikipedia.org/wiki/Rafsanjan_Airport,
45454,90ME,small_airport,Zinck Airport,44.523056,-70.545556,620.0,,US,US-ME,Rumford,no,90ME,,90ME,,,
35505,SDFG,heliport,Fazenda Guanabara Heliport,-22.659611,-44.464942,1591.0,SA,BR,BR-SP,Arapeí,no,,,,,,SDFG
326044,PH-0127,heliport,West Gate Plaza Heliport,14.561191,121.023148,,AS,PH,PH-00,Makati,no,,,,,,"West Gate Plaza, Makati"
354475,AU-0455,small_airport,Laglan airstrip,-22.044223,146.282462,,OC,AU,AU-QLD,Laglan,no,,,,,,
14589,83AK,small_airport,Tolovana Hot Springs Airport,65.25650024414062,-148.8300018310547,800.0,,US,US-AK,Fairbanks,no,83AK,,83AK,,,
345902,US-4612,closed,A Bar H Fam Airport,32.24193,-109.163,3704.0,,US,US-AZ,San Simon,no,,,,,,
