Unnamed: 0,Car Name,Year,Distance,Owner,Fuel,Location,Drive,Type,Price
7680,Maruti Swift,2016.0,39115,1,PETROL,KL-01,Manual,HatchBack,528000
5973,Honda City,2016.0,34796,1,PETROL,MH-14,Automatic,Sedan,764000
6565,Hyundai i20 Active,2018.0,71817,1,PETROL,TS-08,Manual,HatchBack,736000
3034,Ford FREESTYLE,2018.0,52626,1,PETROL,KA-03,Manual,SUV,590000
6689,KIA SONET,2020.0,49053,1,PETROL,KA-19,Manual,SUV,1189000
2373,Hyundai Eon,2017.0,31803,1,PETROL,TN-07,Manual,HatchBack,332000
7401,Renault Kwid,2018.0,34821,1,PETROL,GJ-05,Manual,HatchBack,364000
5088,Maruti Alto K10,2017.0,57632,1,PETROL,KA-50,Manual,HatchBack,362000
1309,Tata Hexa,2019.0,43895,1,DIESEL,HR-26,Manual,SUV,1178000
3284,Maruti S Cross,2016.0,94756,1,DIESEL,KA-04,Manual,SUV,733000
7761,Hyundai Grand i10,2018.0,37365,1,PETROL,HR-26,Manual,HatchBack,516000
2817,Honda Amaze,2018.0,121514,1,PETROL,,Manual,Sedan,346000
7083,Maruti Dzire,2019.0,56041,1,DIESEL,DL-1C,Automatic,Sedan,884000
4087,Maruti Wagon R 1.0,2017.0,26905,2,PETROL,KA-01,Automatic,HatchBack,513000
7114,Renault Kwid,2017.0,20110,1,PETROL,UP-37,Automatic,HatchBack,341000
3573,Maruti Celerio,2017.0,65276,1,PETROL,TS-15,Automatic,HatchBack,466000
3027,Maruti Swift,2018.0,44590,2,PETROL,KA-04,Manual,HatchBack,636000
3543,KIA SELTOS,2019.0,78396,1,PETROL,TS-15,Automatic,SUV,1294000
1484,Hyundai Elite i20,2017.0,28696,1,PETROL,MH-05,Manual,HatchBack,543000
6952,Hyundai Elite i20,2019.0,51897,1,PETROL,GJ-04,Manual,HatchBack,713000
6872,Hyundai Elite i20,2019.0,24171,1,PETROL,MH-14,Manual,HatchBack,712000
1924,Volkswagen Polo,2012.0,99913,1,DIESEL,MH-01,Manual,HatchBack,306000
6488,Maruti Alto 800,2016.0,65374,1,PETROL,MH-49,Manual,HatchBack,266000
1674,Nissan Micra Active,2019.0,26274,1,PETROL,TN-07,Manual,HatchBack,526000
3375,Maruti Celerio,2019.0,47671,1,PETROL,GJ-19,Manual,HatchBack,510000
2125,Tata NEXON,2019.0,33978,1,PETROL,HR-26,Automatic,SUV,853000
2947,Maruti IGNIS,2020.0,14956,1,PETROL,TS-07,Automatic,HatchBack,705000
4899,Hyundai Elite i20,2018.0,72131,1,DIESEL,KA-04,Manual,HatchBack,734000
7088,Datsun Redi Go,2017.0,46031,1,PETROL,KA-05,Manual,HatchBack,283000
6144,Maruti Swift Dzire,2016.0,53258,1,DIESEL,MH-05,Automatic,Sedan,803000
4325,Renault Kwid,2018.0,74022,2,PETROL,KA-53,Automatic,HatchBack,396000
5693,Maruti Swift,2015.0,59990,1,PETROL,TS-09,Manual,HatchBack,476000
454,Maruti Swift,2019.0,95808,1,PETROL,MH-14,Automatic,HatchBack,615000
6066,Honda Brio,2015.0,88555,1,PETROL,TN-12,Manual,HatchBack,368000
3265,Maruti S PRESSO,2022.0,14157,1,PETROL,GJ-01,Manual,HatchBack,563000
3891,Maruti Swift,2010.0,47741,1,PETROL,DL-3C,Manual,HatchBack,207000
1870,Hyundai Creta,2016.0,87976,1,PETROL,DL-8C,Manual,SUV,776000
2705,Hyundai Elite i20,2017.0,32243,2,PETROL,WB-08,Manual,HatchBack,497000
35,Maruti Baleno,2016.0,45836,1,PETROL,UP-16,Manual,HatchBack,520000
699,Maruti Ertiga,2018.0,67739,1,DIESEL,MH-47,Manual,SUV,913000
727,Maruti Baleno,2019.0,35545,1,PETROL,TS-10,Manual,HatchBack,772000
1364,Tata ALTROZ,2021.0,20660,1,PETROL,BR-01,Manual,HatchBack,736000
3025,Hyundai i10,2016.0,28023,1,PETROL,KA-05,Manual,HatchBack,426000
7069,Hyundai GRAND I10 NIOS,2019.0,53084,1,DIESEL,WB-18,Manual,HatchBack,721000
6675,Maruti Wagon R 1.0,2015.0,80863,2,PETROL,KA-05,Manual,HatchBack,415000
7800,Maruti Swift Dzire,2014.0,115516,1,DIESEL,UP-14,Manual,Sedan,450000
1726,Maruti S PRESSO,2019.0,89221,1,CNG,DL-11,Manual,HatchBack,341000
137,Nissan MAGNITE,2021.0,25725,1,PETROL,GJ-38,Automatic,SUV,858000
3550,Hyundai i10,2016.0,101623,1,PETROL,,Manual,HatchBack,339000
7207,Toyota YARIS,2021.0,23614,1,PETROL,KA-42,Automatic,Sedan,1015000
3114,Maruti Swift,2018.0,67013,1,PETROL,KA-51,Automatic,HatchBack,695000
3927,Hyundai Creta,2016.0,88755,1,DIESEL,WB-02,Manual,SUV,636000
4127,Maruti Wagon R 1.0,2012.0,54745,1,CNG,MH-02,Manual,HatchBack,303000
1028,Hyundai i20 Active,2015.0,60461,2,PETROL,HR-51,Manual,HatchBack,520000
5717,Hyundai i10,2011.0,74895,2,PETROL,MH-12,Manual,HatchBack,244000
5274,Tata ALTROZ,2020.0,40742,1,PETROL,KA-02,Manual,HatchBack,769000
6837,Hyundai Elite i20,2017.0,25678,1,PETROL,TN-85,Manual,HatchBack,659000
4173,Hyundai Grand i10,2013.0,77763,3,PETROL,TN-11,Manual,HatchBack,360000
184,Maruti Baleno,2017.0,34102,1,PETROL,MH-03,Manual,HatchBack,624000
875,Maruti Baleno,2019.0,53360,1,PETROL,HR-29,Manual,HatchBack,584000
3184,Hyundai Elite i20,2015.0,95246,2,DIESEL,MP-13,Manual,HatchBack,461000
1898,Tata NEXON,2021.0,21344,1,DIESEL,BR-06,Manual,SUV,849000
4467,Maruti IGNIS,2019.0,23547,1,PETROL,HR-72,Manual,HatchBack,546800
5896,Toyota Glanza,2021.0,36504,1,PETROL,UP-44,Manual,HatchBack,773000
2530,Hyundai Elite i20,2020.0,40560,1,PETROL,KA-51,Manual,HatchBack,790000
3097,Maruti Baleno,2016.0,53628,2,DIESEL,KA-03,Manual,HatchBack,741000
2548,Ford FREESTYLE,2018.0,42024,1,PETROL,GJ-01,Manual,SUV,571000
4020,Honda City,2018.0,5528,1,PETROL,TN-22,Manual,Sedan,829000
2085,KIA SELTOS,2020.0,17415,1,PETROL,MH-02,Automatic,SUV,1717000
503,Honda Amaze,2016.0,46411,1,PETROL,DL-9C,Manual,Sedan,456000
6018,Maruti Baleno,2017.0,42655,1,PETROL,MH-12,Manual,HatchBack,670000
4856,Maruti Swift,2016.0,79267,1,PETROL,DL-4C,Manual,HatchBack,359000
2015,Hyundai NEW I20,2021.0,51220,1,PETROL,MH-06,Manual,HatchBack,814000
6176,Maruti Swift Dzire,2015.0,25034,1,PETROL,GJ-01,Manual,Sedan,717000
4976,Maruti Dzire,2018.0,23501,1,PETROL,DL-9C,Automatic,Sedan,755000
817,Maruti Ciaz,2018.0,39832,2,PETROL,DL-2C,Automatic,Sedan,813000
5610,Maruti Baleno,2021.0,20331,1,PETROL,GJ-01,Manual,HatchBack,657000
6140,Ford Ecosport,2020.0,96075,1,DIESEL,DL-3C,Manual,SUV,750000
4001,Hyundai Verna,2020.0,33730,1,PETROL,RJ-45,Automatic,Sedan,1186000
6279,Maruti Alto 800,2015.0,16285,1,PETROL,MP-04,Manual,HatchBack,306000
334,Honda Jazz,2022.0,11365,1,PETROL,TS-13,Automatic,HatchBack,947000
2020,Maruti Wagon R 1.0,2013.0,46873,1,PETROL,WB-02,Manual,HatchBack,216000
4441,Ford Ecosport,2018.0,39722,3,PETROL,GJ-01,Automatic,SUV,720000
7345,Hyundai Verna,2016.0,70887,1,DIESEL,KA-01,Manual,Sedan,693000
886,Tata Tiago,2019.0,122381,1,CNG,HR-36,Manual,HatchBack,420000
7599,Maruti Celerio,2018.0,20339,1,PETROL,TN-02,Manual,HatchBack,499000
2517,Maruti Alto 800,2015.0,63330,1,PETROL,KA-53,Manual,HatchBack,296600
4667,Maruti Dzire,2019.0,99715,2,PETROL,TN-23,Automatic,Sedan,704350
1516,Maruti Baleno,2021.0,21868,2,PETROL,RJ-45,Manual,HatchBack,630300
6055,Hyundai i10,2011.0,38095,2,PETROL,HR-26,Manual,HatchBack,168000
6606,Honda Amaze,2016.0,39071,1,PETROL,GJ-27,Manual,Sedan,867000
6668,Hyundai Grand i10,2014.0,80467,1,PETROL,MH-36,Manual,HatchBack,412000
5232,Maruti Wagon R 1.0,2015.0,32750,1,PETROL,GJ-05,Manual,HatchBack,331000
4517,Maruti Wagon R 1.0,2011.0,110053,1,PETROL,,Manual,HatchBack,237000
1640,Hyundai Santro Xing,2012.0,60738,1,PETROL,KA-02,Manual,HatchBack,274000
1084,Honda Amaze,2017.0,51705,1,PETROL,GJ-01,Manual,Sedan,493000
166,Maruti Wagon R 1.0,2018.0,58165,2,PETROL,MP-04,Manual,HatchBack,383000
7308,Maruti Ritz,2014.0,82506,2,PETROL,MH-14,Manual,HatchBack,289000
7758,Maruti Baleno,2016.0,36594,1,PETROL,DL-2C,Manual,HatchBack,499000
7768,Maruti Alto,2021.0,16415,1,PETROL,UP-32,Manual,HatchBack,338000
6994,Renault Kwid,2020.0,25464,2,PETROL,DL-3C,Automatic,HatchBack,438000
748,Honda Amaze,2015.0,66149,1,PETROL,KA-01,Manual,Sedan,748000
3597,Hyundai Creta,2016.0,55286,1,PETROL,TN-01,Automatic,SUV,940000
1776,Maruti Ciaz,2019.0,110999,3,DIESEL,TN-19,Manual,Sedan,494000
3163,Maruti Vitara Brezza,2018.0,42252,2,DIESEL,TN-79,Manual,SUV,752000
7318,Skoda Octavia,2019.0,67896,1,PETROL,RJ-45,Automatic,Lux_sedan,1556000
7802,Toyota Innova Crysta,2022.0,37823,1,DIESEL,GJ-01,Automatic,SUV,2238000
1067,Skoda Rapid,2015.0,109146,1,DIESEL,MH-12,Manual,Sedan,597000
2212,Honda City,2020.0,104681,1,PETROL,,Manual,Sedan,469000
3372,Honda City,2017.0,30068,1,PETROL,DL-3C,Manual,Sedan,668000
2152,Honda City,2015.0,13681,1,PETROL,TN-12,Manual,Sedan,926000
5827,Hyundai Grand i10,2014.0,86577,2,PETROL,KA-04,Automatic,HatchBack,468000
3145,Maruti Celerio,2015.0,62755,1,PETROL,TN-02,Manual,HatchBack,400000
4493,Hyundai Elite i20,2016.0,56614,1,PETROL,DL-8C,Manual,HatchBack,534000
3133,Maruti Alto K10,2017.0,20659,2,PETROL,KA-04,Manual,HatchBack,381000
3755,Maruti Swift,2016.0,62979,2,PETROL,KL-07,Manual,HatchBack,549000
4406,Maruti Vitara Brezza,2019.0,29480,1,DIESEL,DL-1C,Manual,SUV,707000
5263,Ford FREESTYLE,2018.0,54813,1,PETROL,KA-51,Manual,SUV,607000
3589,Honda Brio,2016.0,30752,1,PETROL,HR-51,Automatic,HatchBack,502000
6910,Maruti Ciaz,2019.0,16727,2,PETROL,TS-04,Manual,Sedan,940000
3781,Tata TIGOR,2019.0,83261,2,PETROL,KA-03,Manual,Sedan,606000
5912,Hyundai i10,2010.0,60716,1,PETROL,MH-12,Manual,HatchBack,229000
2330,Maruti Wagon R 1.0,2015.0,64186,2,PETROL,TS-07,Automatic,HatchBack,405000
1577,Maruti IGNIS,2017.0,48405,1,PETROL,UP-72,Manual,HatchBack,407000
6015,Maruti Alto K10,2014.0,51156,1,PETROL,UP-32,Manual,HatchBack,254000
5050,KIA SELTOS,2019.0,7492,1,PETROL,HR-26,Manual,SUV,1057000
288,Maruti Vitara Brezza,2018.0,48451,1,DIESEL,MH-03,Manual,SUV,930000
5753,Maruti Celerio,2016.0,25318,2,PETROL,DL-9C,Manual,HatchBack,399000
6972,Maruti Wagon R 1.0,2014.0,50279,1,PETROL,GJ-01,Manual,HatchBack,342000
6099,Maruti Alto 800,2017.0,84597,1,PETROL,TS-32,Manual,HatchBack,295000
2455,Hyundai AURA,2021.0,21923,1,PETROL,TN-03,Manual,Sedan,672000
2466,Renault Kwid,2018.0,71789,1,PETROL,KA-05,Automatic,HatchBack,406000
168,Maruti Baleno,2017.0,54410,1,PETROL,DL-9C,Manual,HatchBack,496000
5338,Maruti Wagon R 1.0,2015.0,64984,1,PETROL,RJ-14,Manual,HatchBack,396000
3630,Mahindra XUV 3OO,2019.0,40796,2,DIESEL,MH-15,Automatic,SUV,957000
1783,Maruti Baleno,2017.0,70528,1,PETROL,TN-14,Automatic,HatchBack,705000
4026,Hyundai New Elantra,2016.0,75545,1,PETROL,MH-01,Automatic,Lux_sedan,947000
5624,Honda Brio,2013.0,58790,1,PETROL,KA-03,Manual,HatchBack,321000
2844,Hyundai Grand i10,2014.0,36474,1,PETROL,DL-7C,Manual,HatchBack,355000
90,Honda City,2018.0,49423,1,PETROL,KA-02,Manual,Sedan,810000
7776,Hyundai NEW SANTRO,2021.0,41054,1,CNG,KA-51,Manual,HatchBack,601000
773,Renault TRIBER,2019.0,57406,1,PETROL,HR-10,Manual,SUV,523000
994,Hyundai i20,2014.0,96999,1,PETROL,MH-14,Manual,HatchBack,449000
2195,Hyundai i20,2011.0,93658,2,PETROL,DL-4C,Manual,HatchBack,207000
4482,Honda Civic,2019.0,40972,1,PETROL,MH-12,Automatic,Sedan,1813000
2402,Honda Jazz,2015.0,98051,1,DIESEL,MH-47,Manual,HatchBack,467000
714,Maruti Celerio,2021.0,42662,1,CNG,DL-8C,Manual,HatchBack,517000
5971,Maruti Swift,2016.0,60380,1,PETROL,KL-47,Manual,HatchBack,587000
5001,Toyota Glanza,2021.0,24378,1,PETROL,HR-82,Manual,HatchBack,759000
5432,Maruti Wagon R 1.0,2011.0,41035,1,PETROL,MH-02,Manual,HatchBack,240000
786,Honda City,2013.0,49586,2,PETROL,KA-03,Manual,Sedan,535000
2957,Honda City,2018.0,64982,2,PETROL,TS-07,Manual,Sedan,823000
2431,Toyota Corolla Altis,2017.0,66207,1,PETROL,MH-01,Automatic,Lux_sedan,1086000
7512,Maruti S PRESSO,2021.0,42954,1,PETROL,KA-52,Manual,HatchBack,488000
7269,Maruti Baleno,2020.0,13069,2,PETROL,TS-08,Manual,HatchBack,723000
5103,Tata NEXON,2021.0,25894,1,PETROL,KL-04,Automatic,SUV,1131000
5248,Hyundai Xcent,2019.0,48347,1,DIESEL,WB-02,Manual,Sedan,272000
3310,Hyundai VENUE,2021.0,2195,1,DIESEL,DL-5C,Manual,SUV,1214000
4829,Maruti Swift,2014.0,44060,1,DIESEL,HR-36,Manual,HatchBack,396000
2072,Honda City,2018.0,43692,1,PETROL,MH-47,Automatic,Sedan,802000
2055,Renault Kwid,2018.0,37418,2,PETROL,KA-53,Manual,HatchBack,402000
5162,Tata TIGOR,2018.0,37741,1,PETROL,RJ-45,Manual,Sedan,629000
3453,Maruti Swift,2018.0,67028,1,DIESEL,TN-06,Automatic,HatchBack,677000
5705,Hyundai Grand i10,2018.0,44626,1,PETROL,UP-14,Manual,HatchBack,433000
2678,Renault Kiger,2021.0,37121,1,PETROL,TS-08,Manual,HatchBack,798000
7216,Maruti Baleno,2017.0,73489,1,PETROL,MH-47,Automatic,HatchBack,576000
7911,Honda Amaze,2018.0,61308,1,PETROL,TN-11,Manual,Sedan,534000
7355,Maruti Baleno,2017.0,32062,1,PETROL,DL-14,Manual,HatchBack,581000
782,Maruti Celerio,2020.0,32760,2,PETROL,TN-03,Manual,HatchBack,467000
6218,Maruti Baleno,2018.0,40396,1,PETROL,HR-26,Manual,HatchBack,544000
4778,Maruti Swift,2017.0,83340,1,DIESEL,HR-03,Manual,HatchBack,457000
6387,Maruti S PRESSO,2021.0,10179,1,PETROL,GJ-01,Manual,HatchBack,471000
3945,Skoda Rapid,2014.0,61033,2,PETROL,KA-04,Manual,Sedan,528000
5203,Maruti Wagon R 1.0,2016.0,49310,1,PETROL,MH-24,Manual,HatchBack,381000
2797,Maruti Vitara Brezza,2020.0,52055,1,PETROL,PB-10,Manual,SUV,877000
4338,Honda City,2016.0,3160,3,PETROL,WB-24,Manual,Sedan,774000
4618,Maruti Baleno,2020.0,37675,2,PETROL,TN-13,Automatic,HatchBack,797000
2019,Maruti Alto K10,2018.0,3504,1,PETROL,MH-03,Manual,HatchBack,366000
2622,Maruti Wagon R 1.0,2018.0,72590,1,PETROL,GJ-01,Automatic,HatchBack,457000
58,Hyundai GRAND I10 NIOS,2020.0,44937,1,CNG,HR-51,Manual,HatchBack,628000
7251,Hyundai Elite i20,2017.0,36350,2,PETROL,MH-12,Manual,HatchBack,628000
7553,Maruti Wagon R Stingray,2013.0,44439,2,PETROL,MH-05,Manual,HatchBack,310000
1856,Maruti Ciaz,2021.0,20730,1,PETROL,HR-30,Manual,Sedan,800000
7831,Hyundai Grand i10,2015.0,80513,1,PETROL,DL-8C,Manual,HatchBack,368000
150,Honda Accord,2013.0,114653,1,PETROL,,Manual,Sedan,190000
3566,Hyundai i20,2012.0,64958,2,DIESEL,KA-01,Manual,HatchBack,361000
6581,Maruti Vitara Brezza,2018.0,64938,1,DIESEL,DL-9C,Manual,SUV,706000
1236,Maruti Alto K10,2014.0,64158,1,PETROL,DL-1C,Manual,HatchBack,243000
7097,Maruti Swift,2019.0,30045,1,PETROL,GJ-05,Manual,HatchBack,527000
5164,Maruti Swift Dzire,2016.0,54996,1,PETROL,GJ-19,Manual,Sedan,706000
6975,Maruti Alto 800,2017.0,58647,1,PETROL,TS-07,Manual,HatchBack,335000
4807,Maruti Swift,2010.0,82909,1,PETROL,CH-01,Manual,HatchBack,232000
3493,Mahindra XUV500,2014.0,99432,1,DIESEL,RJ-14,Manual,Lux_SUV,593000
7328,Maruti Baleno,2018.0,25384,1,PETROL,MH-03,Manual,HatchBack,639000
5778,Volkswagen TAIGUN,2022.0,5356,1,PETROL,KA-03,Manual,SUV,1525000
6996,Maruti Wagon R 1.0,2013.0,39460,1,CNG,MH-01,Manual,HatchBack,364000
6472,Maruti Wagon R 1.0,2017.0,111965,1,PETROL,,Manual,HatchBack,401000
7810,Maruti Dzire,2018.0,14660,1,DIESEL,KA-04,Automatic,Sedan,1615000
1740,Hyundai Elite i20,2015.0,42000,2,PETROL,WB-06,Manual,HatchBack,393000
691,Maruti Wagon R 1.0,2016.0,63881,1,PETROL,DL-5C,Manual,HatchBack,350000
984,Hyundai Grand i10,2014.0,46054,2,PETROL,KA-01,Manual,HatchBack,450000
4722,Maruti Swift Dzire,2012.0,57021,1,PETROL,TN-66,Manual,Sedan,652000
4075,Maruti Wagon R 1.0,2015.0,56510,1,PETROL,HR-26,Manual,HatchBack,291000
3689,Nissan Terrano,2015.0,59295,1,DIESEL,UP-16,Manual,SUV,406000
105,Ford Ecosport,2018.0,47942,1,PETROL,DL-10,Manual,SUV,844000
1406,Maruti Celerio,2022.0,46679,1,PETROL,KA-02,Manual,HatchBack,606000
6840,Hyundai Santro Xing,2013.0,50190,2,CNG,DL-7C,Manual,HatchBack,235000
6980,Mahindra Thar,2021.0,45720,1,DIESEL,HR-81,Manual,SUV,1527000
1151,Honda City,2017.0,88050,2,PETROL,RJ-45,Manual,Sedan,907350
2318,Maruti Swift,2015.0,59196,2,PETROL,GJ-01,Manual,HatchBack,480000
471,Maruti Celerio X,2018.0,38415,1,PETROL,CH-01,Automatic,HatchBack,541000
3539,Maruti Alto,2019.0,17941,2,PETROL,BR-06,Manual,HatchBack,334000
4870,Maruti Swift,2014.0,60574,1,PETROL,UP-43,Manual,HatchBack,394000
756,Honda City,2014.0,102566,2,PETROL,,Automatic,Sedan,356000
2364,Maruti Swift,2013.0,62217,1,PETROL,KA-03,Manual,HatchBack,472000
3747,Volkswagen Polo,2011.0,117773,1,PETROL,,Manual,HatchBack,271000
6693,Renault Duster,2020.0,49139,1,PETROL,KA-59,Manual,SUV,927000
89,Hyundai Santro Xing,2010.0,90382,2,PETROL,AP-23,Manual,HatchBack,205000
1282,Tata Tiago,2021.0,30233,1,PETROL,TN-60,Manual,HatchBack,571000
2985,Hyundai i10,2011.0,61609,2,PETROL,AP-28,Automatic,HatchBack,328000
2392,Renault Duster,2019.0,5933,1,PETROL,TS-11,Automatic,SUV,852000
5907,Maruti Baleno,2017.0,74249,1,PETROL,DL-8C,Manual,HatchBack,501000
2474,Tata Tiago,2020.0,51040,1,PETROL,TN-14,Automatic,HatchBack,627000
1717,Hyundai Grand i10,2018.0,39525,2,PETROL,HR-13,Manual,HatchBack,453000
3228,Maruti Swift Dzire,2016.0,32987,1,DIESEL,KA-19,Manual,Sedan,1322000
5258,Maruti Swift,2018.0,68457,1,PETROL,TS-07,Manual,HatchBack,587650
7734,Maruti Swift,2012.0,66346,1,PETROL,KA-03,Manual,HatchBack,465000
1667,Hyundai Grand i10,2016.0,46894,3,PETROL,KA-01,Manual,HatchBack,488000
6787,Hyundai VENUE,2020.0,36275,2,PETROL,MH-47,Automatic,SUV,1002000
5335,Maruti Alto K10,2014.0,53179,2,PETROL,TS-07,Manual,HatchBack,299000
1806,Maruti Swift,2012.0,79695,1,PETROL,HR-26,Manual,HatchBack,323000
6122,Maruti Swift Dzire,2014.0,80727,1,PETROL,TS-10,Manual,Sedan,774000
7373,Honda City,2012.0,74401,2,PETROL,TN-10,Manual,Sedan,543000
7522,Hyundai AURA,2021.0,16726,1,PETROL,TS-09,Manual,Sedan,1219000
6737,Hyundai Xcent,2017.0,78148,1,PETROL,DL-9C,Automatic,Sedan,441000
4090,Honda Amaze,2018.0,18487,1,PETROL,UP-14,Manual,Sedan,526000
6705,Maruti Swift,2015.0,56976,2,DIESEL,KA-02,Manual,HatchBack,612000
4754,Maruti Wagon R 1.0,2017.0,31637,2,PETROL,TN-10,Manual,HatchBack,464000
4165,Ford Ecosport,2016.0,51228,2,CNG,MH-47,Automatic,SUV,598000
1121,Hyundai Elite i20,2019.0,61162,1,PETROL,MH-12,Manual,HatchBack,570000
7424,Maruti Alto 800,2015.0,38257,2,PETROL,KA-04,Manual,HatchBack,295000
202,Maruti Swift,2019.0,39280,2,PETROL,GJ-05,Manual,HatchBack,572000
2518,Maruti Swift Dzire,2013.0,108633,1,DIESEL,KL-67,Manual,Sedan,503000
4894,Toyota Etios Liva,2011.0,44516,2,PETROL,MH-02,Manual,HatchBack,247000
6997,Hyundai Grand i10,2017.0,18299,1,PETROL,GJ-01,Manual,HatchBack,515000
3159,Maruti Ciaz,2022.0,11472,1,PETROL,TN-07,Manual,Sedan,871000
5852,Honda Brio,2012.0,78175,3,PETROL,HR-51,Manual,HatchBack,244000
4256,Maruti S PRESSO,2022.0,15062,1,PETROL,PB-07,Manual,HatchBack,445000
7362,Maruti Wagon R 1.0,2011.0,72438,1,CNG,MH-03,Manual,HatchBack,252000
5946,Honda WR-V,2017.0,56507,2,PETROL,MH-12,Manual,SUV,634000
357,Maruti Baleno,2021.0,23851,2,PETROL,GJ-16,Automatic,HatchBack,814000
2472,Hyundai Grand i10,2015.0,32168,1,PETROL,KA-03,Manual,HatchBack,535000
6881,Maruti Baleno,2016.0,51250,1,PETROL,DL-2C,Manual,HatchBack,507000
3435,Hyundai Elite i20,2016.0,87062,1,PETROL,WB-02,Manual,HatchBack,451000
2810,Nissan MAGNITE,2022.0,13614,1,PETROL,KL-48,Manual,SUV,688000
5277,Hyundai Grand i10,2015.0,50124,2,PETROL,MP-04,Manual,HatchBack,426000
1510,Renault Duster,2016.0,85849,2,DIESEL,KA-53,Automatic,SUV,763000
2089,Maruti Alto,2020.0,28867,1,PETROL,TN-18,Manual,HatchBack,376000
2490,Tata ALTROZ,2020.0,27651,1,PETROL,BR-01,Manual,HatchBack,525000
2246,Renault Kiger,2021.0,33234,1,PETROL,GJ-05,Automatic,HatchBack,748000
2080,Renault Captur,2018.0,68132,1,DIESEL,WB-02,Manual,SUV,732000
4986,Honda WR-V,2019.0,68714,1,PETROL,UP-14,Manual,SUV,711000
1648,Volkswagen Ameo,2017.0,19454,1,PETROL,MH-04,Automatic,Sedan,1005000
3057,Maruti Alto 800,2015.0,41247,1,PETROL,MH-12,Manual,HatchBack,263000
229,Renault Kwid,2019.0,19797,1,PETROL,DL-8C,Manual,HatchBack,344000
7369,Maruti Wagon R 1.0,2010.0,66303,2,PETROL,DL-8C,Manual,HatchBack,156000
3882,Maruti IGNIS,2018.0,52777,1,PETROL,UP-16,Automatic,HatchBack,549000
7134,KIA SELTOS,2019.0,55081,1,DIESEL,TS-10,Automatic,SUV,1358000
6518,Maruti Alto 800,2016.0,32396,1,PETROL,HR-26,Manual,HatchBack,253000
2879,Maruti Wagon R 1.0,2012.0,99451,2,PETROL,TN-01,Manual,HatchBack,319000
7876,Maruti Baleno,2017.0,64616,1,PETROL,DL-12,Automatic,HatchBack,572000
4737,Toyota YARIS,2021.0,26202,1,PETROL,DL-12,Automatic,Sedan,815000
4318,Maruti Wagon R 1.0,2016.0,95574,1,PETROL,KA-02,Automatic,HatchBack,401000
5894,Maruti Swift,2015.0,76485,1,PETROL,KA-53,Manual,HatchBack,555000
2178,Maruti A Star,2010.0,49743,1,PETROL,MH-03,Manual,HatchBack,164000
5609,Honda City,2015.0,109919,2,DIESEL,GJ-03,Manual,Sedan,553000
2143,Maruti Alto 800,2016.0,40133,3,PETROL,TN-33,Manual,HatchBack,277000
4072,Volkswagen Vento,2020.0,62889,1,PETROL,MH-49,Manual,Sedan,644000
1397,Hyundai Elite i20,2016.0,46369,1,PETROL,KA-53,Manual,HatchBack,665000
2546,Maruti Swift Dzire,2011.0,91841,1,PETROL,TN-87,Manual,Sedan,772000
2765,Maruti Dzire,2021.0,32520,1,PETROL,UP-32,Manual,Sedan,763000
2043,Maruti IGNIS,2017.0,81135,2,DIESEL,TS-09,Automatic,HatchBack,596000
7138,Honda City,2015.0,47670,2,PETROL,DL-4C,Manual,Sedan,579200
1802,Volkswagen Vento,2016.0,47680,1,PETROL,TN-02,Manual,Sedan,714000
5394,Hyundai Elite i20,2016.0,20262,1,PETROL,GJ-18,Manual,HatchBack,600600
6879,Honda Civic,2020.0,30097,1,PETROL,MH-04,Automatic,Sedan,1724000
5960,Maruti Baleno,2021.0,13225,1,PETROL,DL-3C,Automatic,HatchBack,755000
2040,Honda Amaze,2019.0,25928,1,PETROL,GJ-06,Automatic,Sedan,872000
5242,Maruti Celerio,2022.0,3483,1,PETROL,MH-12,Automatic,HatchBack,731000
2723,Hyundai Verna,2016.0,90102,1,DIESEL,AP-09,Manual,Sedan,553000
1781,Datsun Redi Go,2017.0,32419,1,PETROL,TS-09,Manual,HatchBack,306000
3149,Maruti Baleno,2019.0,64891,2,PETROL,RJ-46,Manual,HatchBack,569000
3177,Skoda Rapid,2020.0,20946,2,PETROL,WB-02,Manual,Sedan,780000
3155,Maruti Wagon R 1.0,2010.0,77917,3,PETROL,MH-02,Manual,HatchBack,204000
6289,Maruti IGNIS,2018.0,103763,1,PETROL,,Manual,HatchBack,397000
5483,Maruti Swift Dzire,2016.0,67654,1,DIESEL,MH-43,Manual,Sedan,409000
5615,Maruti Ciaz,2019.0,49572,1,PETROL,HR-51,Manual,Sedan,370000
1187,Honda Amaze,2018.0,81854,1,PETROL,TS-07,Manual,Sedan,645000
684,Honda City,2014.0,43865,2,DIESEL,GJ-06,Manual,Sedan,722000
1658,Honda Jazz,2017.0,70602,1,PETROL,KA-02,Automatic,HatchBack,707000
4734,Maruti IGNIS,2018.0,68107,2,PETROL,GJ-17,Automatic,HatchBack,533000
5253,Hyundai GRAND I10 NIOS,2019.0,40934,1,PETROL,UP-78,Manual,HatchBack,682000
6272,Maruti Alto 800,2019.0,76615,1,PETROL,MH-41,Manual,HatchBack,299000
1519,Maruti Dzire,2019.0,93813,1,DIESEL,MH-47,Automatic,Sedan,574000
6106,Ford Ecosport,2018.0,54831,1,DIESEL,DL-11,Manual,SUV,674000
603,Maruti Swift,2017.0,39046,1,PETROL,HR-76,Manual,HatchBack,510000
2058,Hyundai i10,2012.0,48223,2,PETROL,DL-7C,Manual,HatchBack,213000
4704,Tata Tiago,2020.0,68843,1,PETROL,RJ-45,Manual,HatchBack,498000
6346,Maruti Ciaz,2016.0,29873,1,PETROL,UP-16,Automatic,Sedan,752000
5149,Maruti Swift,2018.0,59118,2,PETROL,TS-07,Automatic,HatchBack,619000
1298,Maruti Dzire,2019.0,31675,1,PETROL,WB-02,Manual,Sedan,993000
2397,Hyundai GRAND I10 NIOS,2021.0,34714,1,CNG,HR-98,Manual,HatchBack,701000
7464,Renault Duster,2019.0,57721,1,DIESEL,HR-26,Manual,SUV,931000
2236,Maruti Alto 800,2014.0,71218,1,PETROL,KA-05,Manual,HatchBack,295000
791,Ford Ecosport,2016.0,18965,1,PETROL,KA-01,Automatic,SUV,777000
4755,Hyundai Grand i10,2016.0,92564,1,PETROL,KA-04,Manual,HatchBack,507000
2827,Hyundai i10,2010.0,62932,1,PETROL,KA-03,Manual,HatchBack,288000
2571,Maruti Swift,2014.0,67081,2,PETROL,GJ-01,Manual,HatchBack,390000
5159,Tata Zest,2014.0,47218,2,PETROL,MH-49,Manual,Sedan,591000
3315,Maruti Celerio,2017.0,11549,1,PETROL,KA-25,Manual,HatchBack,498000
4577,Datsun Redi Go,2016.0,60228,1,PETROL,TN-05,Manual,HatchBack,271000
391,Maruti Swift,2017.0,49602,2,PETROL,TS-33,Manual,HatchBack,602650
4799,Maruti New Wagon-R,2019.0,17396,1,PETROL,MH-02,Automatic,HatchBack,556000
2815,Renault Kiger,2021.0,11244,1,PETROL,UP-13,Automatic,HatchBack,792000
4477,Maruti Ciaz,2020.0,44460,1,PETROL,PB-65,Automatic,Sedan,1032000
5415,Mahindra TUV300,2017.0,41485,1,DIESEL,BR-06,Manual,SUV,523000
116,Hyundai NEW SANTRO,2018.0,80229,1,CNG,MH-14,Manual,HatchBack,436000
2146,Maruti Baleno,2020.0,35053,1,PETROL,DL-3C,Manual,HatchBack,655000
2454,Maruti Alto,2021.0,20340,1,CNG,TN-06,Manual,HatchBack,465000
4629,Hyundai i10,2013.0,70282,2,PETROL,AP-29,Manual,HatchBack,325000
1896,Hyundai Creta,2019.0,54683,1,PETROL,DL-12,Automatic,SUV,1186000
6080,Maruti Swift,2019.0,54289,1,PETROL,MH-14,Automatic,HatchBack,684000
4372,Maruti Alto 800,2018.0,42611,1,PETROL,DL-5C,Manual,HatchBack,298000
7973,Hyundai i20,2010.0,46719,2,PETROL,DL-7C,Manual,HatchBack,161000
1193,Maruti Alto K10,2017.0,38655,2,PETROL,KA-01,Manual,HatchBack,355000
3421,Honda Amaze,2020.0,72038,1,PETROL,DL-14,Manual,Sedan,654000
6772,Maruti Ritz,2014.0,72273,1,DIESEL,HR-36,Manual,HatchBack,339000
7370,Hyundai Creta,2019.0,15589,1,PETROL,DL-12,Manual,SUV,1056000
7727,Maruti Alto,2011.0,59433,2,PETROL,HR-36,Manual,HatchBack,153000
4041,Maruti Swift,2019.0,40584,1,PETROL,UP-53,Manual,HatchBack,561000
975,Maruti Wagon R 1.0,2012.0,42217,2,PETROL,TS-08,Manual,HatchBack,331000
5994,Hyundai Grand i10,2014.0,95138,1,PETROL,WB-02,Manual,HatchBack,299750
4887,Honda Jazz,2016.0,77501,3,PETROL,KA-02,Manual,HatchBack,572000
7962,Honda City,2016.0,69423,1,PETROL,GJ-01,Automatic,Sedan,660000
6264,Mahindra Kuv100,2017.0,123152,1,DIESEL,TN-11,Manual,SUV,459000
4555,Maruti Swift,2013.0,55645,1,PETROL,MH-43,Manual,HatchBack,364000
2048,Tata Tiago,2018.0,54154,1,PETROL,KA-59,Automatic,HatchBack,565000
5064,Maruti Swift,2014.0,91398,3,PETROL,KA-05,Manual,HatchBack,450000
4988,Maruti Alto,2010.0,86642,1,PETROL,KA-50,Manual,HatchBack,200000
2159,Maruti Swift Dzire,2010.0,38464,2,PETROL,TN-72,Automatic,Sedan,1049000
5279,Hyundai Xcent,2015.0,58483,1,PETROL,GJ-18,Automatic,Sedan,834000
569,Maruti Swift,2012.0,74268,1,PETROL,KA-51,Manual,HatchBack,398000
2368,Honda City,2019.0,32764,1,PETROL,BR-01,Manual,Sedan,677000
3466,Hyundai i10,2016.0,79917,1,PETROL,KA-05,Manual,HatchBack,384000
828,Tata ALTROZ,2021.0,15926,1,PETROL,TN-38,Manual,HatchBack,884000
3200,Hyundai Grand i10,2019.0,29990,1,PETROL,GJ-03,Manual,HatchBack,566000
1705,Hyundai Verna,2018.0,95329,1,PETROL,RJ-45,Manual,Sedan,843000
1170,Renault Kwid,2021.0,15911,1,PETROL,UP-14,Automatic,HatchBack,505350
380,Maruti Vitara Brezza,2019.0,68272,1,DIESEL,PB-91,Manual,SUV,767000
4641,Maruti S PRESSO,2020.0,29963,1,PETROL,HR-26,Manual,HatchBack,410000
6220,Maruti Alto K10,2016.0,75196,1,PETROL,RJ-40,Automatic,HatchBack,325000
5028,Hyundai Grand i10,2016.0,63284,1,PETROL,KA-01,Manual,HatchBack,496000
5758,Hyundai NEW SANTRO,2018.0,56429,1,PETROL,KA-09,Manual,HatchBack,495000
3492,Maruti Wagon R 1.0,2018.0,33443,1,PETROL,HR-51,Manual,HatchBack,418000
3282,Toyota YARIS,2018.0,24612,1,PETROL,KA-04,Manual,Sedan,733000
624,Maruti Baleno,2016.0,63142,1,PETROL,GJ-15,Manual,HatchBack,496000
4563,Hyundai i20,2013.0,64421,2,PETROL,MH-02,Manual,HatchBack,349000
7748,Honda City,2014.0,70331,2,DIESEL,KA-01,Automatic,Sedan,700000
5194,Maruti Vitara Brezza,2018.0,65843,1,DIESEL,DL-5C,Automatic,SUV,742000
1007,Hyundai i20,2014.0,55836,1,PETROL,KA-01,Manual,HatchBack,525000
2679,Tata Tiago,2017.0,91069,1,PETROL,MH-12,Automatic,HatchBack,445000
7423,Hyundai i10,2013.0,42766,1,PETROL,HR-26,Manual,HatchBack,316000
5556,Nissan Micra Active,2018.0,26348,1,PETROL,UP-32,Manual,HatchBack,452000
732,Maruti Wagon R 1.0,2014.0,68015,1,PETROL,HR-26,Manual,HatchBack,330000
7055,Hyundai i20,2010.0,65702,1,PETROL,DL-4C,Manual,HatchBack,180000
6421,Honda City,2013.0,35073,1,PETROL,MH-04,Manual,Sedan,451000
2598,Renault Kiger,2021.0,30423,2,PETROL,TS-34,Manual,HatchBack,836000
306,Hyundai i20,2011.0,46494,2,PETROL,WB-20,Manual,HatchBack,207000
1747,Maruti Ciaz,2016.0,24731,1,PETROL,MH-14,Automatic,Sedan,647000
5867,Hyundai Creta,2016.0,50906,1,DIESEL,GJ-01,Automatic,SUV,913000
4384,Maruti Swift Dzire,2010.0,36033,1,DIESEL,HR-10,Manual,Sedan,1390000
3094,Maruti Swift,2017.0,71050,1,PETROL,TS-10,Manual,HatchBack,542000
6856,Hyundai Verna,2018.0,87113,1,PETROL,TS-08,Manual,Sedan,529000
7336,Maruti Ertiga,2014.0,18866,1,PETROL,DL-2C,Manual,SUV,647000
2929,Maruti Celerio,2021.0,58536,1,CNG,MH-02,Manual,HatchBack,592000
3544,Mahindra KUV 100 NXT,2017.0,28059,2,PETROL,WB-26,Manual,SUV,423000
2619,Maruti Swift Dzire,2016.0,23687,1,PETROL,GJ-05,Manual,Sedan,822000
4278,Maruti Swift Dzire,2015.0,48955,1,PETROL,MH-47,Manual,Sedan,551000
7131,Maruti Ritz,2015.0,41159,1,PETROL,KL-05,Manual,HatchBack,442000
3215,Hyundai Grand i10,2017.0,34332,2,CNG,HR-29,Manual,HatchBack,495000
666,Tata ALTROZ,2021.0,31750,2,PETROL,TS-09,Manual,HatchBack,794000
6882,Honda City,2014.0,26011,1,PETROL,CH-01,Manual,Sedan,635000
4712,Honda WR-V,2017.0,65558,2,CNG,KA-20,Manual,SUV,742000
1148,Maruti Baleno,2019.0,74812,1,PETROL,TN-11,Manual,HatchBack,670000
3601,Maruti Baleno,2016.0,92890,1,PETROL,HR-51,Manual,HatchBack,483000
6194,Maruti New Wagon-R,2021.0,10555,1,PETROL,DL-14,Manual,HatchBack,501000
7476,Maruti Swift Dzire,2012.0,38319,1,PETROL,KA-02,Manual,Sedan,424000
2989,Maruti IGNIS,2018.0,68785,1,PETROL,HR-11,Manual,HatchBack,405500
4576,Hyundai NEW SANTRO,2020.0,47887,1,CNG,MH-05,Manual,HatchBack,540000
7109,Maruti Swift,2013.0,77028,1,PETROL,KA-03,Manual,HatchBack,495000
5986,Renault Kwid,2018.0,85458,1,PETROL,KA-20,Manual,HatchBack,347000
1474,Maruti Alto 800,2015.0,24509,1,PETROL,UP-14,Manual,HatchBack,251000
