Unnamed: 0,Car Name,Year,Distance,Owner,Fuel,Location,Drive,Type,Price
535,Honda WR-V,2017.0,81348,1,DIESEL,TN-05,Manual,SUV,704000
5287,Hyundai Elite i20,2018.0,97017,2,DIESEL,TS-13,Manual,HatchBack,692000
1587,Maruti Dzire,2021.0,13324,1,PETROL,TN-58,Manual,Sedan,705000
4765,Maruti Alto,2019.0,67329,1,PETROL,KA-16,Manual,HatchBack,372000
4464,Maruti Dzire,2018.0,24092,2,PETROL,WB-02,Manual,Sedan,720000
6573,Mahindra XUV 3OO,2019.0,90111,1,DIESEL,TS-09,Manual,SUV,883000
3066,Maruti Alto 800,2016.0,62202,1,PETROL,WB-24,Manual,HatchBack,262000
2579,Skoda Rapid,2018.0,94375,2,PETROL,GJ-01,Manual,Sedan,590000
492,Maruti Swift Dzire,2013.0,17387,2,PETROL,KA-03,Manual,Sedan,497000
3378,Maruti Alto,2019.0,83611,1,PETROL,PB-10,Manual,HatchBack,362000
7007,Honda Civic,2020.0,63533,1,PETROL,HR-26,Manual,Sedan,378000
7815,Honda Brio,2014.0,58687,1,PETROL,DL-3C,Manual,HatchBack,337000
7124,Maruti Celerio,2017.0,47734,2,PETROL,TN-12,Automatic,HatchBack,414000
1479,Honda City,2018.0,11406,1,PETROL,MH-12,Manual,Sedan,766000
3959,Mahindra XUV500,2014.0,95918,1,DIESEL,AP-28,Manual,Lux_SUV,800000
2756,Hyundai i20,2011.0,80496,1,PETROL,MH-04,Manual,HatchBack,305000
1808,Maruti Alto K10,2018.0,47248,1,PETROL,PB-19,Manual,HatchBack,375000
553,Honda City,2013.0,96271,1,PETROL,DL-3C,Manual,Sedan,395000
6759,Honda Jazz,2016.0,89113,1,PETROL,MH-46,Manual,HatchBack,523000
4459,Hyundai VENUE,2019.0,32567,1,PETROL,HR-26,Automatic,SUV,1069000
7901,Hyundai Elite i20,2014.0,43733,1,PETROL,MH-02,Manual,HatchBack,499000
1348,Hyundai New Elantra,2019.0,24185,1,PETROL,KA-53,Automatic,Lux_sedan,1491000
6949,Hyundai Grand i10,2016.0,62505,2,PETROL,TN-03,Manual,HatchBack,430000
999,Ford New Figo,2020.0,57668,2,DIESEL,BR-31,Manual,HatchBack,510000
4649,Honda Civic,2019.0,55494,1,DIESEL,MH-04,Manual,Sedan,467000
2572,Maruti Celerio,2015.0,17140,1,PETROL,MH-12,Manual,HatchBack,439000
1115,Hyundai Creta,2019.0,48183,2,PETROL,WB-50,Manual,SUV,870000
615,Toyota YARIS,2018.0,22528,2,PETROL,KA-01,Automatic,Sedan,704000
5220,Hyundai i10,2011.0,120084,1,PETROL,,Manual,HatchBack,195000
1352,Maruti Swift,2012.0,67954,1,PETROL,TN-05,Manual,HatchBack,398000
6215,Maruti Dzire,2018.0,67778,1,PETROL,UP-53,Automatic,Sedan,686000
5553,Hyundai Elite i20,2016.0,71388,2,PETROL,DL-10,Manual,HatchBack,505000
819,Maruti IGNIS,2017.0,70693,2,PETROL,DL-8C,Manual,HatchBack,432000
6331,Maruti Celerio,2015.0,45701,2,PETROL,KA-50,Automatic,HatchBack,487000
3862,Tata PUNCH,2022.0,10093,1,PETROL,TN-09,Manual,SUV,737000
60,Honda City,2017.0,4756,1,PETROL,MH-47,Manual,Sedan,940000
7171,Hyundai Eon,2016.0,53055,1,PETROL,MP-04,Manual,HatchBack,318000
2329,Hyundai Grand i10,2016.0,60999,1,PETROL,TS-07,Manual,HatchBack,516000
7170,Maruti Celerio,2014.0,24129,2,PETROL,MH-04,Manual,HatchBack,340000
2308,Skoda Rapid,2017.0,120754,1,DIESEL,KA-63,Automatic,Sedan,781000
2593,Hyundai Verna,2021.0,37842,1,PETROL,TS-12,Automatic,Sedan,1360000
5316,Maruti Swift,2016.0,41107,1,PETROL,KA-07,Manual,HatchBack,573000
6401,Hyundai Elite i20,2018.0,91441,1,DIESEL,TS-28,Manual,HatchBack,757000
7827,Maruti Swift,2018.0,99007,2,DIESEL,TS-11,Automatic,HatchBack,721000
7543,Maruti IGNIS,2017.0,34281,1,PETROL,MH-12,Manual,HatchBack,523000
3960,Maruti Alto 800,2017.0,12277,1,PETROL,GJ-15,Manual,HatchBack,320000
5337,Maruti S PRESSO,2022.0,7870,1,PETROL,HR-51,Manual,HatchBack,524000
6713,Honda Brio,2012.0,62731,1,PETROL,MH-01,Manual,HatchBack,268000
4276,Maruti Swift,2018.0,22518,2,PETROL,MH-08,Manual,HatchBack,573000
2102,Skoda Rapid,2020.0,49220,1,PETROL,UP-78,Manual,Sedan,490000
1467,Honda City,2016.0,54056,1,PETROL,TN-38,Manual,Sedan,718000
4321,Hyundai Elite i20,2018.0,42185,1,PETROL,TS-09,Manual,HatchBack,743000
4430,Hyundai Verna,2018.0,61684,1,PETROL,MH-16,Manual,Sedan,460000
3818,Hyundai Grand i10,2014.0,16608,1,PETROL,KA-51,Automatic,HatchBack,526000
3836,Volkswagen Ameo,2017.0,26282,1,PETROL,KA-42,Automatic,Sedan,970000
1247,Hyundai i10,2014.0,27116,1,PETROL,KA-19,Manual,HatchBack,397000
7081,Maruti Wagon R 1.0,2012.0,38843,2,PETROL,TN-22,Manual,HatchBack,338000
6752,Hyundai Grand i10,2014.0,30233,3,PETROL,DL-12,Automatic,HatchBack,371000
7932,Maruti Swift,2016.0,62832,2,PETROL,KL-02,Manual,HatchBack,562000
1042,Tata PUNCH,2022.0,4392,1,PETROL,PB-10,Manual,SUV,736000
1212,Maruti Baleno,2017.0,41418,1,PETROL,MH-12,Automatic,HatchBack,677000
5093,Hyundai Verna,2011.0,113536,3,DIESEL,KA-01,Manual,Sedan,327000
5745,Volkswagen Ameo,2016.0,42175,2,PETROL,MH-02,Manual,Sedan,327000
6853,Maruti Alto K10,2016.0,45652,1,PETROL,DL-14,Automatic,HatchBack,337000
6019,Renault TRIBER,2021.0,15063,1,PETROL,TN-13,Automatic,SUV,798000
5237,Maruti Alto 800,2014.0,46270,1,PETROL,KL-25,Manual,HatchBack,242000
6243,Maruti Celerio,2021.0,3731,1,PETROL,UP-32,Automatic,HatchBack,654000
2657,Renault Kwid,2021.0,23628,1,PETROL,KA-09,Automatic,HatchBack,525000
2274,Maruti Swift,2015.0,47507,3,PETROL,MH-03,Manual,HatchBack,462000
1312,Renault Kiger,2022.0,21838,1,PETROL,UP-32,Manual,HatchBack,662000
2724,Maruti Wagon R 1.0,2015.0,89218,1,PETROL,TS-11,Manual,HatchBack,379000
2925,Renault Kwid,2019.0,12873,1,PETROL,WB-12,Manual,HatchBack,390000
6640,Hyundai Eon,2017.0,14654,1,PETROL,MH-15,Manual,HatchBack,350000
4116,Maruti Wagon R 1.0,2018.0,49694,1,PETROL,WB-12,Manual,HatchBack,345000
4955,Ford Ecosport,2019.0,108772,1,DIESEL,TN-72,Manual,SUV,771000
6712,Hyundai Grand i10,2018.0,10911,2,PETROL,GJ-18,Manual,HatchBack,532000
6410,Maruti New Wagon-R,2021.0,35887,1,PETROL,HR-98,Manual,HatchBack,525000
2558,Hyundai Grand i10,2017.0,17427,1,PETROL,DL-4C,Manual,HatchBack,483000
165,Maruti Vitara Brezza,2018.0,73081,1,DIESEL,UP-65,Manual,SUV,635000
4756,Honda City,2011.0,43603,1,PETROL,KA-53,Manual,Sedan,343000
6614,Hyundai GRAND I10 NIOS,2022.0,5200,1,PETROL,BR-01,Manual,HatchBack,677000
4191,Maruti Alto,2020.0,27090,1,PETROL,WB-98,Manual,HatchBack,333000
3365,Maruti Swift,2015.0,89183,1,PETROL,TN-13,Manual,HatchBack,481000
4992,Maruti Baleno,2017.0,52527,1,DIESEL,TN-07,Manual,HatchBack,656000
7094,Datsun Redi Go,2018.0,65548,1,PETROL,UP-16,Automatic,HatchBack,252000
1201,Honda Jazz,2021.0,35562,1,PETROL,KA-20,Manual,HatchBack,850000
4205,Maruti Wagon R 1.0,2012.0,88986,1,CNG,MH-03,Manual,HatchBack,276000
1426,Mahindra XUV500,2019.0,36847,1,DIESEL,KA-03,Manual,Lux_SUV,1756000
5096,Hyundai Elite i20,2017.0,54760,1,PETROL,DL-12,Manual,HatchBack,540000
1813,Toyota YARIS,2018.0,64638,1,PETROL,GJ-01,Automatic,Sedan,748000
3988,Hyundai Elite i20,2016.0,61060,2,PETROL,TS-08,Manual,HatchBack,615000
4530,Volkswagen Ameo,2016.0,82556,1,PETROL,TS-08,Manual,Sedan,633000
4610,Maruti Celerio,2015.0,99579,2,PETROL,KA-04,Automatic,HatchBack,443000
6578,Maruti Swift,2012.0,23815,1,PETROL,KA-02,Manual,HatchBack,490000
2830,Maruti Alto 800,2019.0,2619,1,PETROL,WB-02,Manual,HatchBack,298000
6405,KIA SONET,2021.0,25263,1,DIESEL,KA-03,Automatic,SUV,1516000
6128,Hyundai Grand i10,2017.0,82848,1,CNG,DL-10,Manual,HatchBack,439000
2326,Maruti Swift,2021.0,56409,2,PETROL,KA-50,Manual,HatchBack,733000
4381,Hyundai Creta,2017.0,25273,1,PETROL,MH-02,Manual,SUV,853000
4049,Maruti Swift,2018.0,55919,1,PETROL,HR-26,Manual,HatchBack,657000
3366,Maruti Dzire,2017.0,52033,2,DIESEL,MH-05,Automatic,Sedan,736000
3895,Hyundai Santro Xing,2013.0,51645,1,PETROL,HR-26,Manual,HatchBack,235000
1299,Hyundai Verna,2016.0,41188,1,PETROL,MH-01,Automatic,Sedan,729000
6748,Hyundai AURA,2020.0,35860,1,PETROL,UP-53,Manual,Sedan,773000
2132,Hyundai i10,2011.0,54682,1,PETROL,DL-12,Manual,HatchBack,241000
7390,Maruti Swift,2013.0,116936,1,DIESEL,MH-31,Manual,HatchBack,431000
2583,Maruti Alto 800,2018.0,65083,1,PETROL,TS-07,Manual,HatchBack,288000
3406,Honda City,2016.0,83052,2,PETROL,MH-12,Automatic,Sedan,567000
1814,Maruti Baleno,2018.0,15063,1,PETROL,BR-01,Manual,HatchBack,601000
1205,Maruti Baleno,2016.0,51955,1,PETROL,GJ-01,Manual,HatchBack,542000
4069,Hyundai i10,2012.0,75166,1,PETROL,MH-12,Automatic,HatchBack,286000
1967,Maruti Alto K10,2012.0,92682,2,PETROL,KL-02,Manual,HatchBack,206000
6284,Datsun Redi Go,2018.0,7659,2,PETROL,DL-8C,Automatic,HatchBack,273000
2245,Maruti Dzire,2018.0,74352,1,PETROL,TN-01,Manual,Sedan,367000
7102,Honda City,2012.0,29332,1,PETROL,DL-4C,Manual,Sedan,455000
143,Maruti Alto K10,2012.0,80172,2,PETROL,AP-29,Manual,HatchBack,197300
3461,Maruti Vitara Brezza,2016.0,91429,2,DIESEL,HR-26,Manual,SUV,643000
2660,Maruti Swift,2019.0,43012,1,PETROL,GJ-27,Manual,HatchBack,580000
5183,Hyundai Elite i20,2020.0,43973,1,PETROL,RJ-45,Manual,HatchBack,637000
803,Maruti Ertiga,2016.0,93648,2,CNG,MH-47,Manual,SUV,723000
5406,Maruti Alto K10,2017.0,65742,1,PETROL,GJ-24,Manual,HatchBack,334000
3606,Maruti Baleno,2018.0,24390,2,PETROL,WB-02,Manual,HatchBack,555000
3621,Renault Kwid,2017.0,47837,1,PETROL,GJ-01,Manual,HatchBack,313000
2379,Hyundai Elite i20,2015.0,21693,1,PETROL,DL-10,Manual,HatchBack,570000
7857,Maruti Wagon R 1.0,2012.0,70523,2,CNG,MH-05,Manual,HatchBack,304000
1013,Maruti Swift,2016.0,108560,1,PETROL,,Manual,HatchBack,522000
1377,Maruti Ciaz,2018.0,92668,1,CNG,DL-10,Automatic,Sedan,730000
5037,Maruti Swift,2015.0,81442,1,PETROL,MH-01,Manual,HatchBack,382000
5291,Hyundai Creta,2016.0,55188,2,PETROL,MH-02,Automatic,SUV,919000
3949,Maruti Baleno,2020.0,30469,1,PETROL,HR-82,Manual,HatchBack,664000
816,Mahindra KUV 100 NXT,2018.0,61528,2,PETROL,GJ-05,Manual,SUV,382000
1686,Renault TRIBER,2020.0,25179,2,PETROL,KA-02,Manual,SUV,619000
5629,Mahindra XUV 3OO,2022.0,19148,1,PETROL,TN-45,Manual,SUV,1010000
4735,Honda Amaze,2019.0,39485,1,PETROL,HR-26,Automatic,Sedan,733000
7426,Renault Duster,2016.0,73494,2,DIESEL,KA-05,Manual,SUV,745000
2991,Maruti Swift,2014.0,66156,2,PETROL,MH-41,Manual,HatchBack,409000
546,Renault Kwid,2017.0,47400,2,PETROL,TN-64,Automatic,HatchBack,378000
1631,Hyundai NEW SANTRO,2021.0,16502,1,PETROL,KA-14,Manual,HatchBack,520000
8,Hyundai Grand i10,2015.0,39950,1,PETROL,HR-26,Manual,HatchBack,443000
4447,Hyundai i20 Active,2015.0,62593,1,PETROL,UP-78,Manual,HatchBack,516000
4011,Renault Kwid,2022.0,7775,2,PETROL,GJ-01,Manual,HatchBack,514000
2174,Hyundai Elite i20,2017.0,93975,1,PETROL,KA-03,Manual,HatchBack,699000
6634,Toyota Etios,2011.0,117052,1,PETROL,,Manual,Sedan,201000
3,Maruti Vitara Brezza,2019.0,51718,1,DIESEL,WB-24,Manual,SUV,690000
3991,Toyota YARIS,2021.0,97446,1,DIESEL,MH-48,Manual,Sedan,614000
466,Hyundai i20,2014.0,77526,1,PETROL,KA-04,Manual,HatchBack,535000
3043,Hyundai Elite i20,2019.0,56099,1,PETROL,TS-07,Automatic,HatchBack,791000
5408,Maruti Swift,2014.0,24700,1,PETROL,KA-03,Manual,HatchBack,565000
4920,Hyundai Verna,2015.0,40714,1,CNG,HR-51,Manual,Sedan,727000
4590,Toyota Corolla Altis,2014.0,102477,2,PETROL,,Automatic,Lux_sedan,750000
3694,Maruti Celerio,2017.0,88386,2,CNG,GJ-01,Manual,HatchBack,400000
7122,Maruti Vitara Brezza,2018.0,75774,1,DIESEL,MH-14,Automatic,SUV,892000
6154,Hyundai Grand i10,2017.0,79178,1,CNG,GJ-27,Manual,HatchBack,501000
2594,Hyundai AURA,2020.0,49931,1,PETROL,RJ-10,Manual,Sedan,611000
5033,Maruti Swift,2015.0,69946,2,PETROL,DL-12,Manual,HatchBack,396000
7233,Tata NEXON,2021.0,28414,1,PETROL,PB-27,Manual,SUV,876000
5380,Hyundai Elite i20,2015.0,9515,2,CNG,DL-4C,Manual,HatchBack,496000
4670,Hyundai i10,2011.0,22679,2,PETROL,KA-01,Automatic,HatchBack,328000
163,Hyundai Xcent,2015.0,40791,2,PETROL,MH-01,Manual,Sedan,444000
5966,Maruti Wagon R 1.0,2018.0,92055,1,CNG,MH-46,Manual,HatchBack,431000
565,Renault Kwid,2022.0,6592,1,PETROL,DL-14,Automatic,HatchBack,562000
4022,Maruti IGNIS,2017.0,74643,1,PETROL,KA-06,Automatic,HatchBack,530000
5788,Volkswagen Vento,2020.0,68303,2,PETROL,KA-09,Manual,Sedan,1233000
5457,Datsun Redi Go,2018.0,8790,1,PETROL,MH-01,Automatic,HatchBack,349000
3110,Maruti Dzire,2017.0,76526,1,PETROL,MH-14,Manual,Sedan,584000
7034,Renault Kwid,2018.0,34290,1,PETROL,KA-02,Automatic,HatchBack,447000
55,Maruti Wagon R 1.0,2014.0,21799,1,PETROL,MH-04,Manual,HatchBack,351000
5681,Honda Brio,2013.0,59493,1,PETROL,GJ-03,Manual,HatchBack,317000
2948,Maruti Celerio,2019.0,26026,1,PETROL,DL-9C,Automatic,HatchBack,562000
1327,Maruti Dzire,2019.0,99097,2,PETROL,KA-04,Manual,Sedan,339000
6326,Hyundai Elite i20,2019.0,59924,1,PETROL,RJ-02,Manual,HatchBack,604000
1492,Hyundai New Elantra,2017.0,42802,1,PETROL,GJ-06,Automatic,Lux_sedan,962000
6397,Tata Bolt,2016.0,90084,2,CNG,GJ-05,Manual,HatchBack,382000
5498,Hyundai Elite i20,2016.0,62950,2,PETROL,MP-04,Manual,HatchBack,531000
1260,Honda Amaze,2015.0,96861,1,PETROL,TN-07,Manual,Sedan,552000
5125,Maruti Swift,2020.0,46469,1,PETROL,WB-06,Manual,HatchBack,555000
3307,Maruti Swift,2014.0,63998,1,PETROL,MP-09,Manual,HatchBack,457000
4736,Hyundai Verna,2018.0,78698,2,PETROL,DL-2C,Automatic,Sedan,960000
4402,Hyundai Elite i20,2016.0,18774,2,PETROL,MH-03,Manual,HatchBack,555000
6245,Tata Tiago,2018.0,83340,1,CNG,KA-04,Manual,HatchBack,460650
2887,Hyundai GRAND I10 NIOS,2019.0,85747,1,PETROL,GJ-35,Manual,HatchBack,636000
777,Maruti Swift,2010.0,96216,2,PETROL,UP-16,Manual,HatchBack,189000
6207,Skoda Rapid,2015.0,82677,1,DIESEL,KA-51,Automatic,Sedan,624000
3547,Hyundai AURA,2021.0,80881,2,PETROL,TN-12,Manual,Sedan,407000
3824,Hyundai Eon,2016.0,38662,1,PETROL,KL-43,Manual,HatchBack,249000
6157,Maruti Swift,2015.0,52486,2,PETROL,KA-35,Manual,HatchBack,541000
7597,Honda City,2020.0,17622,2,PETROL,MH-13,Manual,Sedan,1102000
3679,Hyundai Grand i10,2017.0,40795,1,PETROL,DL-4C,Manual,HatchBack,474000
3929,Maruti Vitara Brezza,2016.0,68943,1,DIESEL,MP-04,Manual,SUV,666000
3119,Hyundai Verna,2019.0,15821,1,PETROL,KA-03,Automatic,Sedan,1188000
3251,Hyundai Eon,2015.0,90774,2,PETROL,GJ-01,Manual,HatchBack,229000
4715,Maruti Alto K10,2017.0,47967,2,PETROL,HR-36,Manual,HatchBack,359000
6790,Hyundai Grand i10,2017.0,70336,1,PETROL,DL-12,Manual,HatchBack,490000
2691,Maruti Alto K10,2017.0,59323,1,PETROL,UP-32,Manual,HatchBack,294250
7252,Mahindra XUV 3OO,2021.0,25852,1,PETROL,DL-3C,Automatic,SUV,945000
4532,Skoda Rapid,2017.0,70248,1,PETROL,UP-53,Automatic,Sedan,705000
349,Maruti Wagon R 1.0,2017.0,15993,1,PETROL,KA-04,Manual,HatchBack,463000
652,Hyundai Creta,2017.0,82642,2,DIESEL,GJ-01,Automatic,SUV,1029000
2713,Maruti Swift,2014.0,71318,1,PETROL,KA-05,Manual,HatchBack,475000
3419,Hyundai Elite i20,2016.0,70040,2,DIESEL,GJ-19,Manual,HatchBack,593000
5977,Maruti Vitara Brezza,2021.0,24808,1,PETROL,PB-32,Manual,SUV,901000
4519,Maruti Alto K10,2018.0,46731,1,PETROL,MH-05,Manual,HatchBack,374000
7988,Renault TRIBER,2022.0,4196,1,PETROL,DL-12,Automatic,SUV,794000
4797,Maruti Swift Dzire,2016.0,66020,2,PETROL,MH-48,Manual,Sedan,596000
3893,Hyundai GRAND I10 NIOS,2021.0,10559,1,PETROL,TN-58,Automatic,HatchBack,752000
4831,Ford Ecosport,2014.0,47208,1,PETROL,WB-08,Manual,SUV,403000
1839,Maruti Baleno,2016.0,38385,1,PETROL,DL-2C,Manual,HatchBack,513000
5227,Hyundai Elite i20,2017.0,26195,1,PETROL,KA-04,Manual,HatchBack,706000
2049,Maruti S Cross,2021.0,17916,1,PETROL,UP-85,Manual,SUV,839000
2566,Hyundai Eon,2015.0,19508,2,PETROL,MH-05,Manual,HatchBack,275000
4258,Maruti Ritz,2012.0,97419,2,DIESEL,TN-02,Manual,HatchBack,347000
3161,Tata NEXON,2020.0,36427,1,DIESEL,TN-10,Automatic,SUV,1039000
3280,Hyundai NEW I20 N LINE,2021.0,45479,1,PETROL,TS-07,Manual,HatchBack,959000
490,Maruti Swift,2018.0,47004,1,PETROL,MP-09,Manual,HatchBack,586000
2263,Tata ALTROZ,2021.0,9934,1,PETROL,MH-05,Manual,HatchBack,756000
2268,Maruti New Wagon-R,2019.0,33412,1,PETROL,TN-09,Manual,HatchBack,501000
2607,Hyundai VENUE,2021.0,26508,1,PETROL,GJ-06,Manual,SUV,814000
2001,Maruti Wagon R 1.0,2016.0,40561,2,CNG,MH-46,Automatic,HatchBack,379000
3758,Maruti Swift,2021.0,22321,1,PETROL,GJ-01,Manual,HatchBack,658000
2087,Renault Kiger,2021.0,17632,1,PETROL,UP-62,Manual,HatchBack,778000
3101,Maruti Alto 800,2013.0,59845,1,PETROL,KA-41,Manual,HatchBack,253000
4227,Renault Kwid,2019.0,70727,1,PETROL,GJ-05,Manual,HatchBack,320000
7300,Maruti Alto 800,2014.0,54690,1,PETROL,MP-09,Manual,HatchBack,233800
3896,Hyundai NEW I20,2021.0,12007,1,PETROL,RJ-45,Manual,HatchBack,695000
3738,Maruti Baleno,2021.0,14130,1,PETROL,PB-09,Manual,HatchBack,594000
4543,Hyundai GRAND I10 NIOS,2020.0,79701,1,CNG,DL-2C,Manual,HatchBack,655000
6509,Hyundai Verna,2013.0,117658,1,DIESEL,KA-51,Manual,Sedan,545000
7050,KIA SELTOS,2021.0,55767,1,PETROL,HR-24,Manual,SUV,964000
4387,Maruti Dzire,2019.0,18097,1,PETROL,KA-04,Manual,Sedan,805000
1183,Maruti Celerio X,2020.0,45263,1,PETROL,GJ-32,Manual,HatchBack,521000
649,Maruti Swift Dzire,2012.0,60351,1,PETROL,UP-16,Manual,Sedan,506000
509,Honda Brio,2016.0,27699,1,PETROL,PB-10,Automatic,HatchBack,467000
155,Hyundai NEW I20,2021.0,14261,1,PETROL,TN-14,Manual,HatchBack,763000
297,Maruti New Wagon-R,2019.0,85969,1,CNG,DL-9C,Manual,HatchBack,496000
5165,Maruti S PRESSO,2019.0,99003,1,PETROL,TS-07,Manual,HatchBack,443000
5493,Maruti Wagon R 1.0,2016.0,67497,2,PETROL,TS-07,Manual,HatchBack,414000
1164,Maruti Celerio,2017.0,77485,1,CNG,MH-47,Manual,HatchBack,450000
1852,Renault Kwid,2018.0,18334,2,PETROL,MH-05,Automatic,HatchBack,420000
5741,Honda City,2010.0,63799,3,PETROL,WB-06,Manual,Sedan,227000
5384,Honda Amaze,2022.0,14234,1,PETROL,TN-81,Manual,Sedan,766000
6259,Hyundai Elite i20,2017.0,29498,1,PETROL,WB-02,Manual,HatchBack,426000
1196,Hyundai Grand i10,2016.0,42428,1,PETROL,DL-8C,Manual,HatchBack,421000
5214,Hyundai GRAND I10 NIOS,2019.0,54670,2,PETROL,RJ-45,Manual,HatchBack,621000
4056,Honda Jazz,2016.0,32919,2,DIESEL,MH-02,Manual,HatchBack,510000
4914,Honda Jazz,2019.0,47033,2,PETROL,KA-50,Automatic,HatchBack,731000
4915,Maruti Celerio,2016.0,47465,1,PETROL,DL-6C,Automatic,HatchBack,407000
118,Hyundai NEW SANTRO,2019.0,27153,2,PETROL,RJ-36,Manual,HatchBack,486000
3498,Maruti Wagon R 1.0,2017.0,66092,1,CNG,MH-47,Manual,HatchBack,447000
6394,Hyundai i20,2014.0,69716,2,PETROL,GJ-01,Manual,HatchBack,397000
1755,Ford Ecosport,2018.0,54937,2,DIESEL,WB-02,Manual,SUV,668000
3665,Honda WR-V,2021.0,23861,1,PETROL,TN-14,Manual,SUV,880000
411,Maruti Alto 800,2016.0,22042,1,PETROL,KA-02,Manual,HatchBack,296000
2780,Maruti Baleno,2017.0,66853,1,DIESEL,TN-01,Manual,HatchBack,604000
3046,Maruti Alto,2019.0,68236,1,PETROL,GJ-02,Manual,HatchBack,317000
1656,Maruti Swift,2012.0,48005,1,PETROL,UP-14,Manual,HatchBack,313000
7769,Honda Brio,2013.0,64551,1,PETROL,GJ-21,Manual,HatchBack,309000
3703,Maruti Swift,2014.0,40337,1,PETROL,KA-53,Manual,HatchBack,599000
7845,Maruti Celerio,2015.0,93172,1,PETROL,DL-1C,Automatic,HatchBack,385000
4159,Maruti New Wagon-R,2021.0,31413,1,CNG,DL-5C,Manual,HatchBack,565200
5292,Skoda Rapid,2019.0,112814,1,PETROL,,Manual,Sedan,302000
1214,Volkswagen Polo,2015.0,96842,1,PETROL,TN-10,Manual,HatchBack,437000
1541,Maruti Swift,2017.0,10991,1,PETROL,MH-05,Manual,HatchBack,530000
300,Maruti Alto K10,2015.0,61108,1,PETROL,CH-01,Manual,HatchBack,281000
3367,Maruti Celerio,2021.0,12364,1,PETROL,KA-04,Automatic,HatchBack,617000
3996,Maruti Wagon R 1.0,2015.0,73805,2,PETROL,HR-26,Manual,HatchBack,323000
3546,Renault Kwid,2016.0,68988,2,PETROL,MH-48,Manual,HatchBack,289000
3342,Hyundai GRAND I10 NIOS,2019.0,38857,1,PETROL,MH-12,Automatic,HatchBack,725000
3353,Maruti Ertiga,2013.0,105946,2,PETROL,,Manual,SUV,571000
4281,Maruti IGNIS,2017.0,69429,1,PETROL,GJ-35,Manual,HatchBack,498000
3663,Honda Amaze,2019.0,66854,2,PETROL,TN-02,Automatic,Sedan,843000
5351,Maruti New Wagon-R,2021.0,6090,1,PETROL,PB-37,Manual,HatchBack,521000
2238,Maruti Dzire,2022.0,73980,2,PETROL,GJ-01,Manual,Sedan,573000
6295,Maruti Wagon R 1.0,2014.0,62423,1,CNG,MH-02,Manual,HatchBack,365000
778,Hyundai Grand i10,2018.0,50688,1,PETROL,PB-10,Manual,HatchBack,470000
5344,Maruti Alto 800,2018.0,61029,2,PETROL,GJ-21,Manual,HatchBack,326000
3778,Maruti Baleno,2017.0,120311,1,PETROL,,Automatic,HatchBack,623000
3185,Hyundai New Elantra,2014.0,110827,1,DIESEL,MH-02,Manual,Lux_sedan,598000
4332,Maruti Ritz,2011.0,23103,1,PETROL,KA-03,Manual,HatchBack,377000
2895,Hyundai i10,2015.0,45815,1,PETROL,MH-04,Manual,HatchBack,350000
5597,Maruti Ciaz,2016.0,33405,1,PETROL,TS-09,Automatic,Sedan,1032000
2013,KIA SONET,2020.0,56330,1,PETROL,TS-08,Automatic,SUV,1138000
1018,Tata ALTROZ,2021.0,49819,1,PETROL,TS-06,Manual,HatchBack,748000
5901,Ford Ecosport,2016.0,88415,2,PETROL,KA-03,Automatic,SUV,703000
7292,Mahindra XUV500,2018.0,56519,2,DIESEL,HR-26,Manual,Lux_SUV,1082000
3247,Maruti Baleno,2020.0,27459,1,PETROL,KA-05,Manual,HatchBack,743000
2457,Maruti Celerio,2019.0,103872,1,CNG,MH-12,Manual,HatchBack,509000
7937,Maruti New Wagon-R,2022.0,13586,1,CNG,TN-03,Manual,HatchBack,682000
7649,Honda WR-V,2019.0,50923,1,PETROL,RJ-45,Manual,SUV,756000
3512,Honda City,2020.0,114247,2,DIESEL,MH-04,Automatic,Sedan,616000
1347,Tata Tiago,2018.0,38272,2,PETROL,KA-51,Manual,HatchBack,529000
5210,Hyundai Elite i20,2017.0,25440,1,PETROL,MH-05,Manual,HatchBack,547000
362,Hyundai Creta,2015.0,93177,1,PETROL,WB-12,Manual,SUV,571000
6769,Honda City,2016.0,66638,1,PETROL,UP-32,Manual,Sedan,565500
7519,Renault Kwid,2017.0,30879,1,PETROL,MH-03,Automatic,HatchBack,364000
12,Honda Brio,2012.0,42375,2,PETROL,GJ-05,Manual,HatchBack,312000
1905,Maruti Vitara Brezza,2019.0,77461,1,DIESEL,TN-74,Manual,SUV,803000
5175,Maruti Alto K10,2012.0,42619,1,PETROL,KL-40,Manual,HatchBack,248000
6810,Ford Ecosport,2018.0,71070,1,PETROL,GJ-06,Automatic,SUV,812000
4099,Hyundai Santro Xing,2014.0,65042,1,PETROL,DL-8C,Manual,HatchBack,225000
7811,Tata TIAGO NRG,2019.0,84133,1,PETROL,MH-12,Manual,HatchBack,499000
6124,Toyota YARIS,2021.0,74599,2,CNG,DL-1C,Automatic,Sedan,817000
1208,Maruti Swift Dzire,2014.0,35946,1,DIESEL,HR-36,Manual,Sedan,423000
2962,Maruti Swift,2018.0,66434,1,DIESEL,HR-36,Manual,HatchBack,654000
5201,Mahindra XUV500,2016.0,64061,2,DIESEL,KA-01,Manual,Lux_SUV,1217000
1890,Hyundai i10,2014.0,45798,1,PETROL,KA-19,Manual,HatchBack,333000
3691,Honda City,2018.0,51414,1,PETROL,MH-47,Manual,Sedan,580000
6064,Maruti Alto,2020.0,18650,1,PETROL,GJ-05,Manual,HatchBack,381000
1440,Renault Duster,2021.0,28035,1,PETROL,MH-14,Manual,SUV,1129000
1047,Maruti Swift,2018.0,27785,1,PETROL,HR-26,Manual,HatchBack,652000
3259,Hyundai Elite i20,2016.0,95931,2,PETROL,TS-07,Manual,HatchBack,572000
7642,Hyundai Elite i20,2017.0,29937,2,PETROL,DL-7C,Manual,HatchBack,582000
479,Hyundai Elite i20,2016.0,44230,2,PETROL,WB-06,Manual,HatchBack,437000
2936,Renault Kwid,2019.0,32692,2,PETROL,DL-8C,Automatic,HatchBack,388000
3181,Hyundai ALCAZAR,2021.0,26541,1,DIESEL,GJ-05,Automatic,SUV,1939000
1639,Maruti Wagon R 1.0,2012.0,61195,2,PETROL,BR-31,Manual,HatchBack,254000
2129,Hyundai Eon,2017.0,90153,1,PETROL,KA-04,Manual,HatchBack,295000
6168,Honda City,2014.0,71552,1,PETROL,WB-08,Manual,Sedan,449000
4496,Volkswagen Polo,2017.0,50734,2,PETROL,TS-07,Manual,HatchBack,648000
4463,Hyundai Xcent,2018.0,68177,1,PETROL,GJ-06,Manual,Sedan,796000
4085,Honda WR-V,2018.0,27043,2,PETROL,TS-36,Manual,SUV,679000
3940,Hyundai NEW SANTRO,2022.0,13673,1,CNG,TS-08,Manual,HatchBack,691000
4834,Hyundai i10,2013.0,66444,1,PETROL,GJ-27,Manual,HatchBack,291000
5482,Hyundai Grand i10,2015.0,70107,3,PETROL,MH-12,Manual,HatchBack,388000
2516,Tata ALTROZ,2021.0,33411,1,DIESEL,UP-14,Manual,HatchBack,842000
4598,Toyota Glanza,2019.0,39014,1,PETROL,TS-08,Automatic,HatchBack,805000
1537,Maruti Alto,2019.0,63515,1,CNG,RJ-05,Manual,HatchBack,357000
6068,Hyundai VENUE,2021.0,10389,1,PETROL,KA-02,Manual,SUV,1119000
7484,Hyundai Grand i10,2014.0,38490,1,PETROL,MH-02,Manual,HatchBack,369000
7397,Ford New Figo,2020.0,21619,1,PETROL,TN-23,Manual,HatchBack,633000
3087,Hyundai Santro Xing,2013.0,37987,1,PETROL,DL-12,Manual,HatchBack,232000
4009,Skoda Rapid,2020.0,47239,1,PETROL,MH-43,Manual,Sedan,744000
1695,Renault Kiger,2021.0,19706,2,PETROL,RJ-18,Manual,HatchBack,786000
909,Volkswagen Polo,2018.0,27132,1,PETROL,DL-10,Manual,HatchBack,612000
3237,Maruti Baleno,2019.0,46430,1,PETROL,KL-07,Manual,HatchBack,693000
5451,Maruti Swift,2012.0,106944,1,PETROL,,Manual,HatchBack,319000
7668,Honda City,2016.0,70547,1,PETROL,GJ-03,Automatic,Sedan,706000
5654,Maruti Swift,2019.0,31653,1,PETROL,HR-87,Manual,HatchBack,526000
4247,Maruti Ciaz,2018.0,37678,1,PETROL,DL-7C,Automatic,Sedan,760000
4063,Maruti IGNIS,2020.0,36231,1,PETROL,KA-04,Manual,HatchBack,600000
4082,Hyundai NEW SANTRO,2021.0,18055,1,PETROL,TN-12,Manual,HatchBack,513000
4428,Maruti IGNIS,2019.0,72225,1,PETROL,UP-65,Manual,HatchBack,510000
0,Maruti S PRESSO,2022.0,3878,1,PETROL,HR-98,Manual,HatchBack,514000
1512,Renault Kwid,2020.0,46710,1,PETROL,MH-14,Automatic,HatchBack,531000
3946,Maruti Swift,2015.0,25610,1,PETROL,MH-40,Manual,HatchBack,523000
3472,Renault Kwid,2016.0,44487,2,PETROL,KA-53,Manual,HatchBack,303000
6041,Hyundai i20,2014.0,65518,1,PETROL,UP-14,Manual,HatchBack,414000
2470,Hyundai Elite i20,2014.0,47140,1,DIESEL,TS-09,Manual,HatchBack,591000
2643,Maruti Swift Dzire,2019.0,67441,1,DIESEL,HR-81,Manual,Sedan,616000
7147,Hyundai Creta,2016.0,101807,2,DIESEL,GJ-10,Automatic,SUV,895000
3786,Maruti Ciaz,2019.0,82948,1,DIESEL,WB-02,Manual,Sedan,576000
2650,Honda City,2014.0,3812,1,PETROL,TN-10,Manual,Sedan,727000
5273,Hyundai Creta,2018.0,63888,1,PETROL,TS-08,Manual,SUV,844000
2471,Maruti Baleno,2018.0,60684,1,PETROL,MH-03,Manual,HatchBack,591000
6414,Hyundai Elite i20,2015.0,102887,1,PETROL,,Manual,HatchBack,601000
7430,Maruti Alto,2022.0,13095,1,PETROL,TN-11,Manual,HatchBack,432000
7590,Maruti Alto,2020.0,53508,1,PETROL,WB-12,Manual,HatchBack,327000
2545,Maruti Ciaz,2018.0,34935,1,PETROL,TN-73,Manual,Sedan,708000
4698,Maruti Wagon R 1.0,2014.0,72113,1,PETROL,MH-49,Manual,HatchBack,330250
4534,Renault Kiger,2021.0,45459,1,PETROL,HR-76,Manual,HatchBack,737000
639,Hyundai Elite i20,2016.0,35690,2,PETROL,DL-9C,Manual,HatchBack,535000
1241,Hyundai Creta,2018.0,106506,1,PETROL,,Manual,SUV,907000
1110,Hyundai NEW I20,2020.0,12122,1,PETROL,TN-07,Manual,HatchBack,808000
5668,Maruti Alto K10,2016.0,102185,1,PETROL,,Manual,HatchBack,300000
7576,Maruti Baleno,2017.0,98974,1,PETROL,GJ-01,Manual,HatchBack,526000
7791,Maruti New Wagon-R,2019.0,46925,2,PETROL,GJ-10,Manual,HatchBack,524000
1456,Honda Amaze,2019.0,43774,1,PETROL,GJ-23,Manual,Sedan,604000
1133,Mahindra XUV500,2014.0,107080,2,DIESEL,MH-46,Manual,Lux_SUV,561000
2463,Honda City,2021.0,19497,1,PETROL,KA-50,Manual,Sedan,1250000
6828,Hyundai Eon,2017.0,79812,1,PETROL,KL-37,Manual,HatchBack,236000
7080,Ford Ecosport,2017.0,85389,1,DIESEL,GJ-01,Manual,SUV,632000
7950,Hyundai Grand i10,2015.0,58769,1,PETROL,KA-41,Manual,HatchBack,505000
6960,Honda City,2011.0,40516,2,DIESEL,MH-48,Automatic,Sedan,705000
2158,Honda WR-V,2017.0,87581,1,PETROL,DL-3C,Manual,SUV,613000
3701,Maruti Swift,2013.0,69748,2,PETROL,KA-09,Manual,HatchBack,448000
3535,Renault Kiger,2021.0,36390,1,PETROL,TN-23,Manual,HatchBack,889000
3660,Maruti Ritz,2012.0,124401,1,PETROL,,Manual,HatchBack,201000
5605,Hyundai Creta,2015.0,55392,3,DIESEL,MH-03,Automatic,SUV,792000
783,Maruti Wagon R 1.0,2012.0,87108,1,CNG,DL-9C,Manual,HatchBack,252000
2139,Volkswagen Polo,2019.0,58031,1,PETROL,MH-12,Manual,HatchBack,639000
6484,Hyundai Elite i20,2019.0,43803,1,PETROL,TS-08,Manual,HatchBack,682000
7554,Maruti Baleno,2019.0,29008,2,PETROL,UP-16,Automatic,HatchBack,762000
552,Hyundai Eon,2016.0,74129,1,PETROL,KA-51,Manual,HatchBack,313000
6031,Maruti Baleno,2015.0,52288,1,DIESEL,HR-51,Manual,HatchBack,397000
996,Hyundai GRAND I10 NIOS,2021.0,8455,1,CNG,MH-02,Manual,HatchBack,710000
6495,Honda Brio,2014.0,62217,2,PETROL,MH-12,Manual,HatchBack,296000
7016,Maruti Alto,2021.0,18471,1,CNG,UP-16,Manual,HatchBack,433000
3146,Maruti Ciaz,2015.0,99137,2,DIESEL,KA-02,Manual,Sedan,370000
5400,Hyundai i20,2013.0,59723,1,PETROL,KA-03,Manual,HatchBack,455000
4411,Maruti Dzire,2019.0,57268,2,DIESEL,KA-03,Manual,Sedan,801000
343,Hyundai Elite i20,2015.0,94121,2,PETROL,TS-08,Manual,HatchBack,549000
142,Maruti Dzire,2017.0,71321,2,PETROL,HR-26,Manual,Sedan,701000
5710,Hyundai Xcent,2014.0,43727,1,PETROL,MH-12,Manual,Sedan,486000
4701,Honda Jazz,2017.0,35233,2,PETROL,TN-14,Automatic,HatchBack,613000
2980,Hyundai i20,2011.0,83121,1,PETROL,TN-22,Manual,HatchBack,294000
4815,Maruti Alto K10,2017.0,74155,2,PETROL,PB-08,Manual,HatchBack,341000
6438,Maruti Baleno,2021.0,17039,2,PETROL,MH-12,Manual,HatchBack,758000
364,Renault Kwid,2020.0,10916,2,PETROL,KA-51,Automatic,HatchBack,560000
6971,Hyundai Grand i10,2016.0,42434,1,PETROL,TS-07,Manual,HatchBack,504000
4525,Maruti Swift,2012.0,97529,1,PETROL,UP-16,Manual,HatchBack,247000
2497,Datsun Go Plus,2018.0,27977,1,PETROL,GJ-01,Manual,HatchBack,334000
5127,Maruti Swift,2016.0,53917,2,DIESEL,TN-02,Manual,HatchBack,625000
4985,Hyundai VENUE,2020.0,68413,1,PETROL,KA-29,Automatic,SUV,1050000
