Unnamed: 0,Car Name,Year,Distance,Owner,Fuel,Location,Drive,Type,Price
1431,Renault TRIBER,2022.0,1675,1,PETROL,GJ-27,Manual,SUV,659000
7428,Mahindra Thar,2022.0,24853,1,PETROL,PB-27,Manual,SUV,1503000
6989,Hyundai NEW SANTRO,2019.0,45490,1,PETROL,TN-37,Manual,HatchBack,469000
3407,Hyundai Grand i10,2019.0,33114,1,PETROL,GJ-05,Manual,HatchBack,564000
7395,Hyundai Elite i20,2017.0,44207,1,PETROL,HR-26,Manual,HatchBack,549000
6131,Maruti Dzire,2018.0,76303,1,PETROL,KA-02,Manual,Sedan,641000
1297,Honda City,2016.0,24903,1,CNG,UP-72,Manual,Sedan,771000
2006,Honda City,2019.0,68382,1,PETROL,CH-01,Manual,Sedan,565000
3385,Maruti S PRESSO,2021.0,17455,1,PETROL,GJ-27,Manual,HatchBack,474000
1134,Honda City,2017.0,47971,1,PETROL,KA-01,Manual,Sedan,798000
456,Maruti New Wagon-R,2020.0,51781,1,PETROL,TS-08,Manual,HatchBack,527000
400,Renault Kiger,2021.0,15105,2,PETROL,KA-04,Manual,HatchBack,766000
852,Maruti Wagon R 1.0,2014.0,80360,1,CNG,GJ-05,Manual,HatchBack,295000
976,Honda Amaze,2018.0,33792,1,PETROL,KA-19,Manual,Sedan,716000
3978,Hyundai i10,2011.0,116177,1,PETROL,,Manual,HatchBack,222000
3415,Hyundai i10,2016.0,41023,2,PETROL,RJ-01,Manual,HatchBack,352000
1884,Renault Kwid,2021.0,24619,2,PETROL,TN-14,Automatic,HatchBack,531000
669,Hyundai Grand i10,2017.0,35617,1,PETROL,GJ-03,Manual,HatchBack,550000
5378,Hyundai Verna,2014.0,94941,1,PETROL,MH-43,Manual,Sedan,510000
7552,Hyundai Elite i20,2020.0,40556,1,PETROL,TN-91,Manual,HatchBack,723000
4803,Hyundai Grand i10,2017.0,57438,2,PETROL,DL-7C,Automatic,HatchBack,489000
6090,Hyundai Grand i10,2016.0,53814,1,PETROL,KA-02,Manual,HatchBack,533000
5816,Honda Amaze,2017.0,58998,1,PETROL,KA-36,Automatic,Sedan,627000
5119,Hyundai Grand i10,2018.0,34787,1,PETROL,DL-9C,Manual,HatchBack,517000
3468,Honda CRV,2015.0,60268,2,PETROL,MH-02,Automatic,Lux_SUV,788000
6408,Renault Kwid,2020.0,25023,1,PETROL,DL-9C,Manual,HatchBack,378000
5032,Maruti Swift,2019.0,43271,1,PETROL,KA-03,Manual,HatchBack,607000
4368,Maruti Swift,2018.0,72599,1,PETROL,TS-09,Automatic,HatchBack,605000
5536,Honda Jazz,2021.0,9461,1,PETROL,WB-12,Manual,HatchBack,725000
2121,Maruti Alto 800,2012.0,35007,2,PETROL,AP-28,Manual,HatchBack,259000
4148,Honda Amaze,2013.0,86176,1,DIESEL,KA-41,Manual,Sedan,448000
7565,Datsun Go,2020.0,38170,1,PETROL,TN-33,Automatic,HatchBack,563000
5511,Maruti Swift Dzire,2012.0,45679,2,DIESEL,HR-30,Manual,Sedan,343000
4445,Tata ALTROZ,2021.0,40723,1,DIESEL,MH-29,Manual,HatchBack,822000
4531,Maruti S PRESSO,2020.0,4805,2,PETROL,TN-14,Manual,HatchBack,477000
1954,Maruti Ciaz,2020.0,68433,1,PETROL,PB-91,Manual,Sedan,714000
6864,Maruti Swift Dzire,2014.0,49387,2,PETROL,TN-07,Manual,Sedan,464000
6976,Maruti Ciaz,2018.0,25734,1,PETROL,KA-41,Manual,Sedan,634000
2323,Hyundai i10,2010.0,114743,1,PETROL,,Manual,HatchBack,234000
2612,Maruti Swift,2019.0,47296,1,PETROL,KA-01,Manual,HatchBack,710000
2011,Hyundai Grand i10,2015.0,40751,1,PETROL,KA-51,Manual,HatchBack,524000
563,Datsun Redi Go,2018.0,45531,1,PETROL,MH-04,Automatic,HatchBack,338000
1076,Hyundai Creta,2019.0,27503,2,PETROL,KA-04,Manual,SUV,1171000
1932,Maruti New Wagon-R,2019.0,21779,1,CNG,DL-2C,Manual,HatchBack,576000
5611,Maruti Wagon R 1.0,2014.0,65014,1,PETROL,DL-9C,Manual,HatchBack,311000
2054,Jeep Compass,2019.0,23690,1,PETROL,DL-3C,Automatic,Lux_SUV,1645000
5642,Hyundai Creta,2017.0,61770,1,PETROL,DL-4C,Automatic,SUV,945000
1566,Renault Kwid,2019.0,30385,1,PETROL,HR-51,Manual,HatchBack,355000
1073,Maruti Ciaz,2016.0,83736,2,DIESEL,MH-04,Manual,Sedan,593000
3262,Hyundai GRAND I10 NIOS,2019.0,22179,1,PETROL,UP-67,Manual,HatchBack,606000
7418,Volkswagen Vento,2016.0,69560,2,PETROL,GJ-23,Manual,Sedan,411000
1409,Maruti S Cross,2020.0,40195,1,PETROL,RJ-13,Manual,SUV,1003000
6367,Maruti Baleno,2017.0,8011,1,PETROL,DL-14,Manual,HatchBack,556000
1899,Hyundai Creta,2019.0,80459,1,DIESEL,UP-14,Automatic,SUV,1100000
234,Maruti Alto,2019.0,20494,1,PETROL,CH-01,Manual,HatchBack,324000
6548,Hyundai Grand i10,2017.0,120542,1,CNG,MH-12,Manual,HatchBack,466000
6757,Volkswagen Ameo,2019.0,108813,2,PETROL,,Automatic,Sedan,795000
7789,Nissan MAGNITE,2021.0,47289,2,PETROL,PB-37,Manual,SUV,687000
5575,Hyundai Verna,2018.0,76073,1,DIESEL,KA-53,Manual,Sedan,847000
1346,Maruti Baleno,2018.0,15267,1,PETROL,KA-03,Automatic,HatchBack,722000
3928,Maruti Wagon R 1.0,2013.0,114221,3,CNG,MH-03,Manual,HatchBack,268000
247,Maruti Celerio,2016.0,40547,1,PETROL,KA-05,Automatic,HatchBack,452000
7846,Hyundai i10,2012.0,26069,1,PETROL,MH-12,Manual,HatchBack,290000
1342,Maruti Swift Dzire,2017.0,12651,2,PETROL,UP-16,Manual,Sedan,795000
3706,Hyundai i20 Active,2017.0,69786,2,PETROL,TN-10,Manual,HatchBack,604000
7492,Honda City,2015.0,24416,1,PETROL,MH-12,Manual,Sedan,786000
2262,Tata TIGOR,2017.0,69742,1,PETROL,GJ-05,Automatic,Sedan,873000
5438,Datsun Redi Go,2018.0,15598,1,PETROL,TN-42,Manual,HatchBack,342000
1524,Maruti Wagon R 1.0,2018.0,69523,1,PETROL,TS-07,Manual,HatchBack,422000
3441,Maruti IGNIS,2017.0,13907,1,PETROL,MH-12,Automatic,HatchBack,581000
6000,Toyota Corolla Altis,2015.0,63857,1,PETROL,DL-8C,Automatic,Lux_sedan,807000
2320,Hyundai Grand i10,2017.0,72359,1,DIESEL,PB-23,Manual,HatchBack,458000
5022,Hyundai Grand i10,2017.0,51075,2,CNG,GJ-10,Manual,HatchBack,545000
4684,Honda Brio,2013.0,44323,2,PETROL,KA-03,Manual,HatchBack,317000
1142,Honda City,2017.0,53426,2,PETROL,UP-16,Manual,Sedan,565000
1617,Tata NEXON,2019.0,67271,1,DIESEL,KA-05,Manual,SUV,831000
2988,Volkswagen Vento,2021.0,21449,1,PETROL,HR-26,Automatic,Sedan,1246000
2870,Hyundai Creta,2016.0,93671,1,DIESEL,HR-26,Automatic,SUV,834000
6271,Mahindra XUV500,2017.0,60408,2,DIESEL,KA-03,Manual,Lux_SUV,1037000
1679,Maruti S PRESSO,2020.0,82366,1,CNG,GJ-05,Manual,HatchBack,452000
5787,Maruti Swift,2020.0,51768,1,PETROL,DL-1C,Manual,HatchBack,513650
544,Maruti Ciaz,2017.0,36611,1,PETROL,GJ-06,Manual,Sedan,756000
5136,Maruti Alto 800,2015.0,34871,1,PETROL,DL-2C,Manual,HatchBack,287000
4584,Tata Harrier,2021.0,70076,1,DIESEL,TS-08,Manual,SUV,1815000
13,Hyundai Elite i20,2019.0,47231,1,PETROL,GJ-27,Manual,HatchBack,613000
369,Maruti Ciaz,2016.0,63155,2,DIESEL,TN-07,Manual,Sedan,674000
2177,Maruti Swift Dzire,2012.0,50816,2,PETROL,KA-09,Automatic,Sedan,797000
742,Maruti Swift,2021.0,7159,1,PETROL,DL-3C,Manual,HatchBack,599000
4314,Toyota YARIS,2020.0,11633,1,PETROL,KA-05,Manual,Sedan,899000
5310,Maruti Celerio X,2018.0,44216,1,PETROL,TN-09,Automatic,HatchBack,479000
3317,Tata Tiago,2020.0,18021,1,PETROL,HR-87,Automatic,HatchBack,611000
587,Volkswagen Polo,2018.0,63221,2,PETROL,GJ-05,Manual,HatchBack,531000
3434,Honda Amaze,2018.0,56997,2,PETROL,TN-03,Manual,Sedan,552000
3726,Hyundai Grand i10,2016.0,52263,1,PETROL,MH-31,Manual,HatchBack,441000
7724,Hyundai VENUE,2020.0,22101,1,PETROL,UP-32,Manual,SUV,956000
3983,Maruti Wagon R 1.0,2012.0,69286,1,PETROL,WB-06,Manual,HatchBack,213000
7451,Honda City,2019.0,20593,1,PETROL,WB-02,Manual,Sedan,753000
1318,Hyundai Elite i20,2017.0,67262,1,PETROL,DL-5C,Manual,HatchBack,543000
4864,Maruti Swift,2012.0,60606,2,PETROL,KA-41,Manual,HatchBack,482000
2627,Hyundai Eon,2018.0,38419,1,PETROL,WB-10,Manual,HatchBack,275000
3844,Maruti Baleno,2019.0,62610,1,PETROL,DL-2C,Manual,HatchBack,535000
1448,Hyundai Grand i10,2016.0,47118,1,PETROL,UP-78,Manual,HatchBack,402000
3672,Maruti Alto 800,2017.0,84685,1,PETROL,MH-12,Manual,HatchBack,318000
5184,Maruti New Wagon-R,2021.0,44293,1,CNG,HR-26,Manual,HatchBack,574000
117,Hyundai NEW SANTRO,2018.0,22533,1,PETROL,TS-10,Manual,HatchBack,505000
6570,Maruti Swift,2019.0,48168,1,PETROL,KA-51,Automatic,HatchBack,705000
2789,Maruti Wagon R 1.0,2017.0,77579,1,CNG,MH-03,Manual,HatchBack,402000
1152,Renault Kwid,2019.0,5848,1,PETROL,DL-12,Manual,HatchBack,420000
2721,Maruti Celerio,2022.0,18977,1,PETROL,TS-11,Manual,HatchBack,578000
3623,Honda Jazz,2016.0,44688,1,PETROL,MH-12,Manual,HatchBack,536000
6845,Hyundai i10,2012.0,57413,1,PETROL,MH-02,Manual,HatchBack,272000
3595,Maruti Wagon R 1.0,2010.0,15347,1,PETROL,DL-2C,Manual,HatchBack,199000
2941,Maruti Wagon R 1.0,2014.0,43775,2,PETROL,BR-01,Manual,HatchBack,288000
6676,Maruti Swift Dzire,2015.0,67064,1,PETROL,UP-14,Manual,Sedan,353000
5012,Hyundai Creta,2018.0,87542,1,DIESEL,UP-14,Manual,SUV,792000
4591,Ford FREESTYLE,2019.0,60282,2,DIESEL,KA-01,Manual,SUV,703000
3585,Nissan Micra Active,2016.0,76381,1,PETROL,MH-12,Manual,HatchBack,307000
5092,Maruti Swift,2017.0,86230,1,CNG,DL-3C,Manual,HatchBack,521000
2341,Maruti S PRESSO,2019.0,32376,1,PETROL,TN-77,Manual,HatchBack,432000
6874,Hyundai AURA,2021.0,15564,1,PETROL,GJ-27,Manual,Sedan,617000
7279,Hyundai i10,2013.0,54362,3,PETROL,TN-10,Manual,HatchBack,312000
2666,Honda City,2019.0,86031,1,DIESEL,TS-08,Manual,Sedan,755000
4108,Hyundai Grand i10,2016.0,90995,2,PETROL,GJ-35,Manual,HatchBack,441000
5135,Hyundai Grand i10,2015.0,63649,1,PETROL,KA-51,Manual,HatchBack,486000
1994,Hyundai Creta,2019.0,48657,1,PETROL,HR-26,Manual,SUV,1007000
7646,Mahindra XUV500,2016.0,91242,2,DIESEL,CH-01,Manual,Lux_SUV,688000
2376,Hyundai Elite i20,2019.0,26880,2,PETROL,GJ-18,Manual,HatchBack,703000
33,Ford FREESTYLE,2018.0,31679,1,PETROL,KL-09,Manual,SUV,611000
2248,Honda City,2016.0,38706,1,PETROL,KA-03,Manual,Sedan,724000
6191,Mahindra BOLERO NEO,2021.0,43902,1,DIESEL,RJ-14,Manual,SUV,905000
5181,Maruti Baleno,2016.0,57053,1,DIESEL,KA-02,Manual,HatchBack,745000
2045,Maruti Swift,2010.0,66354,1,PETROL,DL-9C,Manual,HatchBack,178000
7159,Maruti Swift,2020.0,46549,2,PETROL,GJ-01,Manual,HatchBack,565000
954,Volkswagen Vento,2012.0,94158,2,PETROL,MH-31,Manual,Sedan,260000
1972,Maruti Baleno,2016.0,34820,2,CNG,MH-14,Automatic,HatchBack,610000
3554,Mahindra KUV 100 NXT,2020.0,26967,1,PETROL,DL-8C,Manual,SUV,569000
4391,Hyundai Creta,2016.0,71048,2,PETROL,WB-12,Manual,SUV,634000
3880,Honda Amaze,2013.0,73041,1,PETROL,AP-28,Manual,Sedan,370000
5851,Hyundai i10,2010.0,76641,2,PETROL,WB-12,Manual,HatchBack,155000
529,Hyundai Grand i10,2017.0,44390,1,PETROL,TS-07,Manual,HatchBack,553000
5004,Maruti Baleno,2017.0,76028,1,PETROL,MH-05,Manual,HatchBack,542000
7037,Renault Duster,2021.0,7166,1,PETROL,KA-03,Manual,SUV,1009000
3030,Hyundai NEW I20,2020.0,34580,1,PETROL,UP-14,Automatic,HatchBack,859000
5327,Maruti Celerio,2019.0,35898,1,PETROL,GJ-19,Manual,HatchBack,469000
4804,Hyundai Grand i10,2017.0,13833,1,PETROL,TN-12,Manual,HatchBack,502000
3516,Hyundai Grand i10,2018.0,46003,1,PETROL,GJ-03,Manual,HatchBack,514000
1597,Maruti Swift,2015.0,78709,1,PETROL,DL-9C,Manual,HatchBack,393000
685,Maruti Alto K10,2012.0,57050,1,PETROL,KA-04,Manual,HatchBack,247000
7299,Maruti Baleno,2017.0,18290,2,PETROL,MH-01,Automatic,HatchBack,623000
3107,Maruti Swift,2019.0,18670,1,PETROL,MP-09,Manual,HatchBack,593000
515,Maruti Swift,2017.0,84289,2,PETROL,TN-07,Manual,HatchBack,538000
889,Maruti Alto 800,2018.0,41226,2,PETROL,PB-10,Manual,HatchBack,313000
3157,Maruti Wagon R,2010.0,92134,2,PETROL,KA-41,Manual,HatchBack,235000
7296,Maruti Alto 800,2017.0,78969,1,PETROL,TS-15,Manual,HatchBack,337000
6792,Maruti Ciaz,2016.0,87249,1,PETROL,MH-06,Automatic,Sedan,581000
3639,Hyundai Verna,2017.0,51947,2,PETROL,KA-05,Manual,Sedan,757000
4160,Renault Kwid,2018.0,55801,1,PETROL,KA-51,Automatic,HatchBack,450000
7065,Maruti Baleno,2018.0,89242,1,PETROL,TS-08,Automatic,HatchBack,740000
2439,Maruti Zen Estilo,2010.0,35817,1,PETROL,DL-9C,Manual,HatchBack,147000
28,Datsun Redi Go,2016.0,37488,1,PETROL,CH-01,Manual,HatchBack,205000
2347,Maruti Ciaz,2018.0,38754,1,PETROL,UP-52,Manual,Sedan,824000
7704,Maruti Alto 800,2019.0,57216,1,PETROL,KL-55,Manual,HatchBack,318000
7112,Hyundai Grand i10,2015.0,56719,2,PETROL,KA-04,Automatic,HatchBack,534000
310,Maruti Swift Dzire,2011.0,16153,1,PETROL,DL-9C,Manual,Sedan,873000
1273,Honda City,2020.0,20009,1,PETROL,KA-01,Automatic,Sedan,1231000
2036,Maruti Swift,2013.0,43278,1,PETROL,GJ-06,Manual,HatchBack,402000
2836,Maruti Swift,2012.0,99479,1,DIESEL,MH-12,Manual,HatchBack,452000
1583,Honda WR-V,2017.0,40959,1,PETROL,KA-05,Manual,SUV,790000
1202,Hyundai i20,2013.0,68161,1,DIESEL,MH-05,Manual,HatchBack,395000
2062,Maruti Swift,2015.0,58464,2,PETROL,MH-12,Manual,HatchBack,457000
1659,Maruti Swift,2017.0,105133,1,DIESEL,TS-07,Manual,HatchBack,593000
263,Hyundai GRAND I10 NIOS,2020.0,29284,1,PETROL,GJ-01,Automatic,HatchBack,713000
7243,Honda Jazz,2018.0,102256,2,DIESEL,TS-07,Manual,HatchBack,661000
2913,Hyundai Elite i20,2017.0,77448,2,PETROL,TN-75,Manual,HatchBack,538000
6089,Datsun Go Plus,2018.0,29855,1,PETROL,MH-05,Manual,HatchBack,393000
5877,Honda Jazz,2017.0,95581,1,PETROL,GJ-01,Automatic,HatchBack,549225
3281,Maruti Alto,2020.0,9533,1,PETROL,HR-35,Manual,HatchBack,406000
3759,Hyundai i10,2010.0,23937,2,PETROL,UP-14,Manual,HatchBack,172000
6385,Honda City,2017.0,62475,1,PETROL,TS-07,Manual,Sedan,699000
6349,Maruti Celerio,2022.0,3949,1,PETROL,MH-15,Manual,HatchBack,572000
708,Honda City,2019.0,99943,2,PETROL,HR-26,Manual,Sedan,205000
3757,Maruti Wagon R 1.0,2015.0,53645,1,PETROL,TS-07,Manual,HatchBack,363000
331,Maruti Baleno,2017.0,20607,2,PETROL,KA-03,Manual,HatchBack,648000
1422,Maruti Zen Estilo,2012.0,111170,2,PETROL,,Manual,HatchBack,163000
4760,Hyundai Verna,2015.0,54945,1,PETROL,MH-01,Automatic,Sedan,997000
667,Maruti Baleno,2018.0,17328,2,PETROL,DL-9C,Manual,HatchBack,645000
6955,Maruti Swift Dzire,2015.0,35528,1,CNG,MH-14,Manual,Sedan,786350
5435,Tata ALTROZ,2021.0,37539,1,DIESEL,HR-26,Manual,HatchBack,828000
7036,Honda Amaze,2018.0,55146,2,PETROL,KA-03,Automatic,Sedan,762000
579,Maruti S Cross,2017.0,99331,2,DIESEL,UP-32,Manual,SUV,577000
5935,Honda Amaze,2014.0,50908,1,PETROL,MP-04,Manual,Sedan,476000
7309,Maruti Alto 800,2018.0,41768,1,PETROL,UP-14,Manual,HatchBack,314000
7414,Renault Kiger,2021.0,32302,1,PETROL,KA-51,Automatic,HatchBack,1024000
4469,Nissan Micra,2019.0,26904,1,PETROL,MH-01,Automatic,HatchBack,492000
3784,Maruti S PRESSO,2022.0,14757,1,PETROL,PB-08,Manual,HatchBack,482000
7001,Hyundai i10,2015.0,39037,1,PETROL,WB-08,Manual,HatchBack,269000
1723,Maruti Swift,2018.0,49578,1,PETROL,KA-41,Automatic,HatchBack,711000
2768,Skoda Rapid,2017.0,33434,1,PETROL,MH-12,Automatic,Sedan,739000
6443,Hyundai Eon,2014.0,24318,3,PETROL,MH-12,Manual,HatchBack,221800
7388,Maruti Swift,2013.0,70694,1,PETROL,KA-53,Manual,HatchBack,499000
1644,Maruti Wagon R 1.0,2016.0,45675,1,PETROL,WB-26,Manual,HatchBack,326000
3840,Maruti Swift,2013.0,49347,1,PETROL,HR-26,Manual,HatchBack,348000
1906,Tata NEXON,2018.0,59599,1,DIESEL,HR-36,Manual,SUV,657000
3344,Hyundai Grand i10,2018.0,56587,2,PETROL,GJ-01,Manual,HatchBack,482000
2631,Honda Brio,2013.0,42634,1,PETROL,BR-01,Manual,HatchBack,245000
3168,Maruti New Wagon-R,2019.0,97574,1,CNG,HR-51,Manual,HatchBack,476000
1518,Honda City,2016.0,38491,1,PETROL,UP-16,Manual,Sedan,400000
1078,Honda City,2017.0,35215,1,PETROL,HR-36,Manual,Sedan,863000
7449,Honda Amaze,2015.0,105227,1,PETROL,,Manual,Sedan,403000
4028,Maruti Wagon R 1.0,2018.0,43339,1,CNG,MH-14,Manual,HatchBack,445000
480,Maruti Dzire,2019.0,40400,1,PETROL,GJ-13,Manual,Sedan,603000
95,Toyota Glanza,2020.0,35636,1,PETROL,MH-01,Automatic,HatchBack,809000
4046,Tata NEXON,2020.0,73321,1,DIESEL,WB-18,Automatic,SUV,976000
3488,Hyundai Elite i20,2018.0,30206,1,PETROL,HR-36,Manual,HatchBack,671000
4481,Hyundai Eon,2017.0,25667,2,PETROL,MH-03,Manual,HatchBack,359000
2461,Maruti Swift,2020.0,64086,1,PETROL,KA-04,Automatic,HatchBack,705000
1560,Toyota Corolla Altis,2018.0,51848,2,DIESEL,HR-51,Manual,Lux_sedan,1102000
1936,Hyundai NEW SANTRO,2018.0,70698,1,PETROL,MP-09,Manual,HatchBack,514000
6567,Honda City,2016.0,53383,2,PETROL,UP-32,Manual,Sedan,453000
7821,Maruti Swift,2016.0,86166,1,DIESEL,TN-11,Manual,HatchBack,637000
7463,Hyundai Elite i20,2015.0,62978,3,PETROL,TN-09,Manual,HatchBack,539000
7437,Maruti Swift,2020.0,44817,2,PETROL,HR-36,Manual,HatchBack,545000
5752,Honda Brio,2014.0,64736,1,PETROL,TS-10,Manual,HatchBack,396000
6831,Honda Civic,2019.0,44304,2,PETROL,WB-02,Automatic,Sedan,486000
2672,Tata TIGOR,2018.0,35687,2,PETROL,KL-38,Automatic,Sedan,535000
1894,Maruti Swift,2014.0,113521,1,PETROL,,Manual,HatchBack,488000
1535,Maruti New Wagon-R,2020.0,42154,1,PETROL,GJ-05,Manual,HatchBack,508000
4924,Tata NEXON,2021.0,17657,1,PETROL,MH-31,Manual,SUV,956000
1591,Volkswagen Ameo,2019.0,45441,2,PETROL,MH-14,Manual,Sedan,527000
5906,Maruti Alto K10,2017.0,44351,1,PETROL,MH-12,Automatic,HatchBack,383000
2337,Maruti Swift,2013.0,80134,3,PETROL,KA-51,Manual,HatchBack,441000
2410,Honda Brio,2014.0,50670,2,PETROL,TS-12,Manual,HatchBack,418000
574,Hyundai AURA,2022.0,8584,1,PETROL,DL-10,Manual,Sedan,898000
6894,Maruti Swift,2015.0,99940,2,PETROL,KA-52,Manual,HatchBack,496000
7254,Maruti Alto 800,2016.0,36206,1,PETROL,WB-02,Manual,HatchBack,229000
432,Maruti Swift,2014.0,56753,2,PETROL,HR-51,Manual,HatchBack,453000
5510,Datsun Redi Go,2018.0,58071,1,PETROL,TS-09,Automatic,HatchBack,306000
2458,Tata Tiago,2017.0,70952,1,PETROL,KA-41,Manual,HatchBack,488000
1329,Renault Kwid,2017.0,68966,1,PETROL,MH-14,Automatic,HatchBack,328000
3918,Hyundai VENUE,2020.0,109125,1,DIESEL,TS-11,Manual,SUV,833000
2532,Tata Tiago,2018.0,54616,1,PETROL,MP-09,Manual,HatchBack,390000
5925,Honda Amaze,2013.0,116737,1,DIESEL,KA-51,Manual,Sedan,649000
3458,Ford Ecosport,2018.0,61873,1,DIESEL,TS-08,Manual,SUV,881000
5477,Maruti XL6,2021.0,29845,1,PETROL,MH-12,Automatic,SUV,1130000
1496,Hyundai Grand i10,2016.0,74335,2,PETROL,GJ-01,Manual,HatchBack,429000
7551,Maruti Wagon R,2010.0,87778,1,PETROL,KL-07,Manual,HatchBack,179000
3432,Hyundai i10,2014.0,36861,1,PETROL,GJ-01,Manual,HatchBack,324000
3641,Maruti Baleno,2021.0,22808,1,PETROL,UP-32,Manual,HatchBack,781000
7637,Maruti Baleno,2017.0,39961,1,PETROL,HR-51,Manual,HatchBack,498000
1125,Maruti Wagon R 1.0,2013.0,92195,1,PETROL,AP-07,Manual,HatchBack,317000
2876,Hyundai Creta,2017.0,32301,1,PETROL,KA-03,Manual,SUV,1086000
481,Maruti Celerio,2015.0,74424,3,PETROL,TS-07,Automatic,HatchBack,419000
14,Honda City,2014.0,111577,1,PETROL,,Manual,Sedan,503000
5085,Hyundai i20,2010.0,61690,1,PETROL,KA-02,Manual,HatchBack,303000
5369,Honda City,2017.0,48468,2,PETROL,TS-12,Automatic,Sedan,797000
2585,Hyundai Grand i10,2014.0,42866,2,PETROL,WB-08,Manual,HatchBack,371000
4429,Honda BR-V,2018.0,84334,2,PETROL,TN-04,Automatic,SUV,825000
7569,Maruti Alto K10,2016.0,69898,1,PETROL,KA-05,Manual,HatchBack,330000
6404,Hyundai Elite i20,2018.0,49155,1,PETROL,GJ-06,Manual,HatchBack,645000
4185,Honda Amaze,2019.0,66908,1,CNG,MH-06,Manual,Sedan,738000
1209,Maruti Wagon R 1.0,2014.0,82391,1,PETROL,KA-04,Manual,HatchBack,328000
5222,Maruti Swift Dzire,2013.0,59849,2,PETROL,MH-12,Manual,Sedan,440000
6944,Volkswagen TAIGUN,2022.0,15956,1,PETROL,TS-07,Manual,SUV,1583000
2720,Renault Kwid,2019.0,67570,1,PETROL,MH-49,Manual,HatchBack,333000
7116,Ford Ecosport,2021.0,21724,1,PETROL,TS-03,Automatic,SUV,1027000
3771,Maruti Swift,2015.0,20817,1,PETROL,TN-04,Manual,HatchBack,527000
3951,Maruti Alto,2019.0,62809,1,PETROL,UP-72,Manual,HatchBack,278000
901,Maruti Wagon R 1.0,2017.0,55827,1,PETROL,DL-6C,Manual,HatchBack,351000
4339,Maruti XL6,2019.0,35941,1,PETROL,UP-32,Automatic,SUV,930000
5934,Maruti Ertiga,2018.0,83567,2,DIESEL,DL-3C,Manual,SUV,770000
1817,Toyota YARIS,2018.0,90619,1,PETROL,PB-08,Manual,Sedan,700000
190,Honda Jazz,2015.0,74079,2,PETROL,GJ-06,Manual,HatchBack,428000
2435,Maruti Baleno,2018.0,18335,1,PETROL,MH-02,Manual,HatchBack,636000
133,Honda Jazz,2016.0,31130,1,PETROL,PB-08,Manual,HatchBack,461000
6607,Maruti Celerio,2017.0,41859,1,PETROL,UP-14,Automatic,HatchBack,471000
1033,Maruti Ritz,2010.0,68057,2,PETROL,KA-51,Manual,HatchBack,323000
7072,Maruti Swift,2015.0,77147,3,PETROL,KA-53,Manual,HatchBack,467000
309,Tata Tiago,2019.0,42739,2,PETROL,TN-09,Manual,HatchBack,515000
3504,Renault Kwid,2022.0,5943,1,PETROL,DL-14,Manual,HatchBack,504000
7677,Maruti Wagon R 1.0,2015.0,84897,1,PETROL,RJ-14,Manual,HatchBack,374000
7620,Maruti Swift,2017.0,47899,2,PETROL,TN-05,Manual,HatchBack,587000
7052,Hyundai i20 Active,2017.0,62635,1,PETROL,TN-02,Manual,HatchBack,654000
4007,Maruti Ciaz,2019.0,50335,1,PETROL,GJ-06,Automatic,Sedan,899000
4551,Maruti Wagon R 1.0,2018.0,37315,1,CNG,MH-03,Manual,HatchBack,443000
4569,Renault TRIBER,2019.0,102395,1,PETROL,,Manual,SUV,522000
3557,Tata NEXON,2022.0,32928,1,DIESEL,PB-02,Automatic,SUV,1277000
7918,Maruti Vitara Brezza,2019.0,54333,1,DIESEL,TS-09,Automatic,SUV,974000
5114,Hyundai Santro Xing,2010.0,27590,2,PETROL,MH-14,Manual,HatchBack,170000
7765,Hyundai Elite i20,2015.0,51865,2,PETROL,GJ-27,Manual,HatchBack,550000
3754,Renault Kwid,2018.0,40003,2,PETROL,KA-01,Manual,HatchBack,334000
2919,Skoda Rapid,2020.0,36392,1,PETROL,UP-16,Automatic,Sedan,1042000
1091,Hyundai Creta,2018.0,60316,1,DIESEL,DL-8C,Automatic,SUV,1128000
6764,Hyundai Grand i10,2015.0,73354,1,PETROL,HR-26,Manual,HatchBack,437000
1402,Tata Tiago,2017.0,91033,1,PETROL,DL-1C,Manual,HatchBack,385000
5322,Skoda Rapid,2019.0,34293,1,DIESEL,KA-05,Automatic,Sedan,1153000
4499,Hyundai Verna,2020.0,62405,3,PETROL,GJ-01,Manual,Sedan,424000
6694,Maruti Baleno,2022.0,20543,1,PETROL,GJ-06,Manual,HatchBack,729000
3144,Honda WR-V,2017.0,45275,1,PETROL,MH-01,Manual,SUV,694000
2861,Maruti Alto 800,2017.0,51498,1,PETROL,PB-10,Manual,HatchBack,314000
1049,Maruti Baleno,2021.0,19682,2,PETROL,UP-27,Manual,HatchBack,677000
6579,Tata NEXON,2019.0,71441,1,DIESEL,MH-43,Automatic,SUV,930000
6987,Tata Harrier,2019.0,93942,1,DIESEL,TS-15,Manual,SUV,1498000
3582,Hyundai Elite i20,2017.0,29620,1,PETROL,MP-09,Manual,HatchBack,577000
1242,Maruti Ciaz,2017.0,120848,1,PETROL,,Automatic,Sedan,787000
7139,Maruti Wagon R 1.0,2017.0,55057,1,CNG,MH-12,Manual,HatchBack,474000
379,Ford FREESTYLE,2018.0,63517,1,DIESEL,UP-16,Manual,SUV,555000
224,Maruti Dzire,2020.0,69384,2,DIESEL,WB-20,Automatic,Sedan,676000
6943,Maruti XL6,2021.0,5071,1,PETROL,GJ-06,Automatic,SUV,1193000
3254,Hyundai Grand i10,2015.0,60794,1,PETROL,GJ-01,Manual,HatchBack,482000
497,Maruti Baleno,2017.0,41947,1,PETROL,DL-6C,Manual,HatchBack,549000
5386,KIA SONET,2021.0,29224,1,DIESEL,KA-04,Manual,SUV,1201000
3908,Maruti Celerio,2016.0,87612,1,CNG,MH-12,Manual,HatchBack,440000
6720,Tata ALTROZ,2020.0,20986,1,PETROL,HR-30,Manual,HatchBack,721000
5339,Maruti New Wagon-R,2020.0,12744,1,CNG,DL-1C,Manual,HatchBack,588000
4252,Hyundai NEW SANTRO,2020.0,12017,1,PETROL,WB-26,Manual,HatchBack,436000
5883,Maruti Ciaz,2019.0,66399,1,PETROL,KA-04,Automatic,Sedan,900000
3169,Maruti Celerio,2018.0,58870,1,PETROL,KA-19,Automatic,HatchBack,487000
3577,Hyundai Verna,2013.0,78872,2,DIESEL,MH-03,Manual,Sedan,442200
1592,Maruti Alto 800,2013.0,99427,2,PETROL,KA-03,Manual,HatchBack,227000
2964,Maruti Vitara Brezza,2020.0,40725,1,PETROL,GJ-24,Manual,SUV,862000
3195,Skoda Rapid,2018.0,49805,1,PETROL,UP-16,Manual,Sedan,388000
6539,Honda City,2015.0,86315,1,DIESEL,MH-08,Manual,Sedan,781000
1810,Maruti Swift Dzire,2013.0,99860,1,DIESEL,AP-13,Manual,Sedan,444000
4308,Honda City,2015.0,107935,2,PETROL,,Manual,Sedan,696000
955,Maruti Wagon R 1.0,2012.0,36278,2,PETROL,KA-41,Manual,HatchBack,324000
7158,Maruti Alto K10,2015.0,59672,2,PETROL,TN-07,Manual,HatchBack,296000
6730,Renault Kwid,2016.0,72679,2,PETROL,TN-01,Manual,HatchBack,348000
4761,Hyundai i20,2010.0,116982,1,PETROL,,Manual,HatchBack,316000
5612,Maruti Dzire,2017.0,75768,1,PETROL,GJ-05,Manual,Sedan,570000
788,Maruti New Wagon-R,2022.0,4777,1,PETROL,MH-14,Manual,HatchBack,717000
6836,Nissan Terrano,2017.0,119803,1,DIESEL,UP-14,Automatic,SUV,622000
5980,Honda City,2015.0,71874,1,PETROL,MH-12,Manual,Sedan,517000
293,Maruti Baleno,2016.0,43655,1,PETROL,KA-03,Manual,HatchBack,630000
508,Datsun Redi Go,2021.0,3635,1,PETROL,PB-02,Manual,HatchBack,411000
2417,Maruti IGNIS,2017.0,67242,2,PETROL,PB-10,Automatic,HatchBack,509000
1139,Honda Amaze,2018.0,49345,2,PETROL,KA-02,Automatic,Sedan,736750
6613,Tata Tiago,2019.0,68912,1,PETROL,TS-07,Manual,HatchBack,566350
5082,Maruti Alto 800,2015.0,70556,1,CNG,MH-47,Manual,HatchBack,276000
2134,Maruti Dzire,2019.0,44546,1,PETROL,DL-5C,Manual,Sedan,635000
3876,Maruti Alto 800,2018.0,38778,2,PETROL,TN-59,Manual,HatchBack,341000
2652,Maruti Alto 800,2019.0,15144,1,PETROL,HR-30,Manual,HatchBack,338000
467,Renault Kwid,2016.0,82700,1,PETROL,TN-73,Manual,HatchBack,335000
6236,Maruti Swift,2016.0,92733,2,DIESEL,UP-15,Manual,HatchBack,391000
4886,Hyundai NEW SANTRO,2019.0,59985,1,PETROL,TN-19,Manual,HatchBack,521000
2937,Jeep Compass,2019.0,23457,1,PETROL,TS-07,Automatic,Lux_SUV,1690000
6724,Hyundai Grand i10,2016.0,51878,1,CNG,MH-46,Manual,HatchBack,481000
4065,Hyundai Creta,2020.0,71723,1,PETROL,PB-65,Manual,SUV,1081000
6760,Maruti Alto K10,2018.0,66286,1,PETROL,DL-14,Manual,HatchBack,344000
6461,Maruti Wagon R Stingray,2014.0,24324,1,PETROL,WB-24,Manual,HatchBack,298000
2680,Maruti Ertiga,2013.0,106752,2,CNG,MH-48,Manual,SUV,564000
4709,Maruti Baleno,2016.0,50090,1,PETROL,DL-8C,Automatic,HatchBack,515000
5631,Maruti New Wagon-R,2019.0,77171,1,CNG,MH-46,Manual,HatchBack,500000
2060,Hyundai GRAND I10 NIOS,2021.0,77450,1,CNG,UP-32,Manual,HatchBack,655000
123,Tata Safari,2021.0,25239,1,DIESEL,TN-14,Automatic,SUV,1810000
5769,Hyundai VENUE,2019.0,26338,1,PETROL,DL-6C,Automatic,SUV,1044000
6951,Hyundai NEW I20,2020.0,36716,2,PETROL,UP-14,Manual,HatchBack,828000
7225,Hyundai i20,2013.0,120740,1,DIESEL,KA-03,Manual,HatchBack,468000
1080,Hyundai NEW SANTRO,2019.0,46851,1,PETROL,TN-07,Manual,HatchBack,498000
4792,Maruti Swift,2012.0,79876,1,PETROL,KA-04,Manual,HatchBack,432000
2761,Maruti Swift,2019.0,49294,2,PETROL,MH-48,Automatic,HatchBack,563000
4854,Maruti Alto 800,2015.0,49692,2,PETROL,TS-05,Manual,HatchBack,273000
3975,Hyundai Verna,2018.0,79110,2,DIESEL,HR-26,Automatic,Sedan,888000
5583,Hyundai Eon,2015.0,54108,3,PETROL,GJ-01,Manual,HatchBack,285000
3789,Renault Kwid,2017.0,61374,1,PETROL,MH-46,Manual,HatchBack,315000
6809,Renault Kwid,2019.0,38619,1,PETROL,DL-8C,Manual,HatchBack,398000
4017,Maruti Alto 800,2014.0,82384,2,PETROL,TN-11,Manual,HatchBack,255000
6234,Maruti Swift,2018.0,56130,2,PETROL,TN-06,Manual,HatchBack,555000
6802,Hyundai Grand i10,2019.0,34886,2,PETROL,MH-12,Automatic,HatchBack,651000
3063,Maruti Dzire,2018.0,45949,1,PETROL,TS-08,Manual,Sedan,1133000
1334,Maruti Baleno,2022.0,31735,1,PETROL,TS-08,Manual,HatchBack,802000
5404,Maruti New Wagon-R,2020.0,65225,1,PETROL,MP-09,Manual,HatchBack,545000
983,Maruti Baleno,2016.0,50459,1,PETROL,MH-47,Manual,HatchBack,573000
4705,Hyundai Elite i20,2016.0,14112,1,PETROL,GJ-05,Manual,HatchBack,570000
4821,Ford Ecosport,2017.0,71230,1,DIESEL,KA-20,Manual,SUV,738000
8006,Honda City,2012.0,61301,2,PETROL,GJ-10,Manual,Sedan,371000
4836,Hyundai Grand i10,2016.0,21674,2,PETROL,TN-14,Manual,HatchBack,446000
5368,Renault Kwid,2017.0,70775,2,PETROL,KA-08,Automatic,HatchBack,382000
