row_id,name,telephone,alternatename,page_url,address.addressregion,address.postalcode,address.addresslocality,address.streetaddress
0,A T Still University of Health Sciences,+1 (660) 626-2121,,https://www.degree.me/colleges/missouri/kirksville,MO,63501,Kirksville,800 W Jefferson
1,Schuyler Steuben Chemung Tioga Allegany BOCES,+1 (607) 739-3581,Greater Southern Tier BOCES,https://www.degree.me/colleges/new-york/ithaca,NY,14903,Elmira,459 Philo Road
2,Salish Kootenai College,+1 (406) 275-4931,SKC,https://www.degree.me/colleges/montana/pablo,MT,59855,Pablo,58138 US Highway 93
3,University of Memphis,+1 (901) 678-2000,,https://www.degree.me/colleges/tennessee/memphis/university-of-memphis,TN,38152,Memphis,Southern Avenue
4,University of North Carolina at Chapel Hill,+1 (919) 962-2211,,https://www.degree.me/colleges/north-carolina/sanford,NC,27599,Chapel Hill,103 South Bldg Cb 9100
5,Northwestern Connecticut Community College,+1 (860) 738-6300,NCCC NWCC NWCTC Northwestern Connecticut Community Technical College,https://www.degree.me/colleges/connecticut/ownership:public/years:2,CT,06098,Winsted,Park Pl E
6,Carthage R9 School District-Carthage Technical Center,+1 (41735970) 951-7025,,https://www.degree.me/colleges/missouri/carthage/carthage-r9-school-district-carthage-technical-center,MO,64836-1332,Carthage,609 S River Street
7,Mount Mary University,+1 (414) 930-3000,Mount Mary College MMU MMC Women Wisconsin,https://www.degree.me/colleges/wisconsin/glendale,WI,53222-4597,Milwaukee,2900 N. Menomonee River Pky
8,White Mountains Community College,+1 (603) 752-1113,,https://www.degree.me/colleges/new-hampshire/berlin,NH,03570,Berlin,2020 Riverside Drive
9,Stony Brook University,+1 (631) 632-6000,SUNY Stony Brook State University of New York at Stony Brook,https://www.degree.me/colleges/new-york/riverhead,NY,11794,Stony Brook,310 Administration Building
10,University of North Carolina School of the Arts,+1 (336) 770-3399,UNCSA,https://www.degree.me/colleges/north-carolina/winston-salem,NC,27127-2738,Winston Salem,1533 South Main St.
11,Texas Woman's University,+1 (940) 898-2000,TWU,https://www.degree.me/colleges/texas/denton/texas-womans-university,TX,76204,Denton,304 Administration Dr
12,University of Saint Mary of the Lake,+1 (847) 566-6401,University of St. Mary of the Lake University of St Mary of the Lake,https://www.degree.me/colleges/illinois/north-chicago,IL,60060-1174,Mundelein,1000 E Maple Ave
13,Hebrew Theological College,+1 (847) 982-2500,"HTC, TI, Teacher's Institute, Skokie Yeshiva, Blitstein Institute, Machon Torani L'Banot, Beis HaMidrash L'Torah",https://www.degree.me/colleges/illinois/north-chicago,IL,60077,Skokie,7135 N Carpenter Rd
14,Orange Technical College-Mid Florida Campus,+1 (4072) 516-0470,"['Mid-Florida Tech', 'O-TEC Mid Florida Tech', 'Mid-Florida Technical Institute', 'O-TEC Mid-Florida Tech']",https://www.degree.me/colleges/florida/apopka,FL,32809,Orlando,2900 West Oak Ridge Road
15,Universal Technical Institute-Auto Motorcycle and Marine Mechanics Institute Division-Orlando,+1 (877) 201-2991,Universal Technical Institute - Automotive Division - Orlando Universal Technical Institute - Motorcycle Mechanics Institute Division Universal Technical Institute - Marine Mechanics Institute Division MMI-Orlando Universal Technical Institute UTI-Orlando,https://www.degree.me/colleges/florida/apopka,FL,32837,Orlando,9751 Delegates Dr
16,Bayshire Academy of Beauty Craft Inc,+1 (989) 894-4923,Bayshire Beauty Academy,https://www.degree.me/colleges/michigan/midland,MI,48708-5614,Bay City,917 Saginaw St
17,The Chicago School of Professional Psychology at Los Angeles,+1 (213) 627-7200,,https://www.degree.me/colleges/california/walnut,CA,90017,Los Angeles,617 W 7th St
18,Charles R Drew University of Medicine and Science,+1 (323) 563-4800,CDU,https://www.degree.me/colleges/california/walnut,CA,90059,Los Angeles,1731 E 120th St
19,Western Michigan University-Thomas M. Cooley Law School,+1 (517) 371-5140,Western Michigan University Cooley Law School,https://www.degree.me/colleges/michigan/lansing,MI,48933,Lansing,300 S Capitol Ave
20,Mesa Community College,+1 (480) 461-7000,,https://www.degree.me/colleges/arizona/mesa/mesa-community-college,AZ,85202,Mesa,1833 W Southern Ave
21,Alaska Bible College,+1 (907) 745-3201,,https://www.degree.me/colleges/alaska/palmer,AK,99645,Palmer,248 E Elmwood Ave
22,Canton City Schools Adult Career and Technical Education,+1 (330) 438-2556,,https://www.degree.me/colleges/ohio/smithville,OH,44710,Canton,2800 13th Street S.W.
23,Aultman College of Nursing and Health Sciences,+1 (330) 363-6347,Aultman College,https://www.degree.me/colleges/ohio/smithville,OH,44710-1797,Canton,2600 6th St SW
24,Chief Dull Knife College,+1 (406477) 621-5100,,https://www.degree.me/colleges/montana/lame-deer/chief-dull-knife-college,MT,59043,Lame Deer,1 College Drive
25,State University of New York at New Paltz,+1 (877) 696-7411,State University of New York at New Paltz,https://www.degree.me/colleges/new-york/lake-katrine,NY,12561-2443,New Paltz,1 Hawk Drive
26,Culinary Institute of America,+1 (845) 452-9600,The Culinary Institute of America CIA The Culinary Institute of America at Greystone The Culinary Institute of America at San Antonio,https://www.degree.me/colleges/new-york/lake-katrine,NY,12538-1499,Hyde Park,1946 Campus Drive
27,Concordia University-Ann Arbor,+1 (734) 995-7300,"CUAA Concordia University Concordia University, Ann Arbor Concordia University - Michigan Concordia (Michigan) C.U.A.A",https://www.degree.me/colleges/michigan/riverview,MI,48105,Ann Arbor,4090 Geddes Rd
28,Thomas Jefferson University,+1 (215) 955-6000,Jefferson (Philadelphia University + Thomas Jefferson University) Philadelphia University PhilaU Jefferson,https://www.degree.me/colleges/pennsylvania/exton/page:1,PA,19107,Philadelphia,1020 Walnut Street
29,Universal Technical Institute of Pennsylvania Inc,+1 (800) 514-3554,Universal Technical Institute UTI-PA UTI-Exton,https://www.degree.me/colleges/pennsylvania/exton/page:1,PA,19341,Exton,750 Pennsylvania Drive
30,University of Pennsylvania,+1 (215) 898-5000,"Penn, U of PA, U-Penn, U of P, Pennsylvania, UPenn, Pennsylvania University, University of Pennsylvania, Wharton, Wharton School of Business",https://www.degree.me/colleges/pennsylvania/exton/page:1,PA,19104-6303,Philadelphia,34th & Spruce Street
31,Mt San Jacinto Community College District,+1 (951) 487-6752,Mt. San Jacinto CCD,https://www.degree.me/colleges/california/redlands,CA,92583-2399,San Jacinto,1499 N. State St.
32,Randolph College,+1 (434) 947-8000,"[""Randolph-Macon Woman's College"", 'Randolph-Macon Womens College', 'R-MWC', ""Randolph Macon Women's College"", 'Randolph Macon Womens College', ""Randolf-Macon Women's College"", ""Randolf Macon Women's College"", 'RC', 'Randolph', 'RMWC', 'Randolph Lynchburg', 'Lynchburg Randolph', 'Randolf']",https://www.degree.me/colleges/virginia/lynchburg,VA,24503-1555,Lynchburg,2500 Rivermont Ave
33,Sylvain Melloul International Hair Academy,+1 (434) 385-7722,"Sylvain Melloul Int'l Hair Academy, SMIHA",https://www.degree.me/colleges/virginia/lynchburg,VA,24502-2652,Lynchburg,3405 Candlers Mountain Rd. #G360
34,Cambridge Institute of Allied Health and Technology,+1 (407) 265-8383,,https://www.degree.me/colleges/florida/winter-garden,FL,32701,Altamonte Springs,"460 E. Altamonte Drive, 3rd Floor"
35,Northern Career Institute,+1 (440) 602-5094,Willoughby-Eastlake School of Practical Nursing is a program that is offered at the Northern Career Institute,https://www.degree.me/colleges/ohio/valley-view,OH,44094,Eastlake,"34050 Glen Drive, Suite 2"
36,John Carroll University,+1 (888) 388-2977,JCU John Caroll University John Carrol University John Carol University John Carroll College,https://www.degree.me/colleges/ohio/valley-view,OH,44118-4538,University Heights,1 John Carroll Boulevard
37,Northshore Technical Community College,+1 (985) 545-1500,Northshore Technical College-Sullivan Main Campus Louisiana Technical College Sullivan Campus Sullivan Technical College,https://www.degree.me/colleges/louisiana/lacombe,LA,70445,Lacombe,65556 Centerpoint Blvd.
38,Louisiana State University Health Sciences Center-New Orleans,+1 (504) 568-4808,LSUHSC LSUHSC-NO LSUMC LSU Medical Center LSU Health Sciences Center LSU Health Sciences Center at New Orleans,https://www.degree.me/colleges/louisiana/lacombe,LA,70112-2223,New Orleans,433 Bolivar St
39,Montessori Education Center of the Rockies,+1 (303) 494-3002,MECR Rocky Mountain Montessori Teacher Training Center,https://www.degree.me/colleges/colorado/louisville,CO,80301,Boulder,4745 Walnut Street
40,Gurnick Academy of Medical Arts,+1 (650) 685-6616,,https://www.degree.me/colleges/california/palo-alto/page:3,CA,94403,San Mateo,2121 S El Camino Real Bldg C 200
41,Calvary University,+1 (816) 322-0110,,https://www.degree.me/colleges/missouri/kansas-city/calvary-university,MO,64147-1341,Kansas City,15800 Calvary Road
42,Trinity College of Nursing and Health Sciences,+1 (309) 779-7700,"['Trinity College of Nursing and Health Sciences', 'Trinity College of Nursing', 'Trinity College']",https://www.degree.me/colleges/illinois/moline,IL,61201-5317,Rock Island,2122 25th Avenue
43,Maranatha Baptist University,+1 (920) 261-9300,"MBBC, Maranatha College, Maranatha, Maranatha Baptist College, Maranatha Bible College, Maranatha Baptist Bible College, Marantha, Maranatha University, Maranatha Baptist University, MBU, Maranatha Bible University",https://www.degree.me/colleges/wisconsin/nashotah,WI,53094,Watertown,745 West Main Street
44,Porter and Chester Institute of Stratford,+1 (860) 529-2519,Porter and Chester Institute,https://www.degree.me/colleges/connecticut/campus:urban,CT,06615-7158,Stratford,670 Lordship Blvd
45,Northwest College-Hillsboro,+1 (503) 844-7320,Northwest College - School of Beauty,https://www.degree.me/colleges/oregon/hillsboro,OR,97123,Hillsboro,"1049 SW Baseline Rd, Suite 500, Building E"
46,Oregon Health and Science University,+1 (503) 494-7800,"['Oregon Health and Sciences University', 'OHSU']",https://www.degree.me/colleges/oregon/hillsboro,OR,97239-3098,Portland,3181 SW Sam Jackson Park Rd
47,University of Western States,+1 (503) 256-3180,Western States Chiropractic College WSCC Western States Western States Chiropractic College UWS WSCC,https://www.degree.me/colleges/oregon/hillsboro,OR,97230-3099,Portland,2900 NE 132nd Ave
48,Linfield College-McMinnville Campus,+1 (503) 883-2200,"['Lynfield University', 'Linnfield College', 'Lindfield University', 'Lindfield', 'LC', 'Lynnfield University', 'Lindfield College', 'Linfeild College', 'Lynnfield', 'Linfeld University', 'Wildcats', 'Lynnfield College', 'Linfeild', 'Linfeld College', 'Linfield', 'Linnfield', 'Lynfield', 'Linfeld', 'Lynfield College', 'Linfield University', 'Mac Campus', 'Linfeild University']",https://www.degree.me/colleges/oregon/hillsboro,OR,97128-6894,Mcminnville,900 SE Baker
49,The Temple-A Paul Mitchell Partner School,+1 (301) 682-7550,THE TEMPLE Frederick,https://www.degree.me/colleges/maryland/hagerstown,MD,21701,Frederick,22 W Church St
50,Mount St. Mary's University,+1 (301) 447-6122,"[""Mount Saint Mary's"", 'The Mount', ""Mount St. Mary's"", ""Mount Saint Mary's University""]",https://www.degree.me/colleges/maryland/hagerstown,MD,21727-7799,Emmitsburg,16300 Old Emmitsburg Road
51,University of Wisconsin-River Falls,+1 (715) 425-3911,,https://www.degree.me/colleges/wisconsin/river-falls,WI,54022-5001,River Falls,410 S 3rd St
52,Anoka-Ramsey Community College,+1 (763) 433-1100,"['Anoka-Ramsey', 'Anoka Ramsey Community College', 'Anoka-Ramsey Community College-Coon Rapids Campus', 'AR', 'ARCC', 'Anoka Ramsey', 'Anoka-Ramsey Community College-Cambridge Campus']",https://www.degree.me/colleges/minnesota/st-louis-park,MN,55433-3470,Coon Rapids,11200 Mississippi Blvd NW
53,Concordia University-Saint Paul,+1 (651) 641-8278,"Concordia University, St Paul Concordia University, St. Paul Concordia St Paul Concordia-St Paul Concordia St. Paul Concordia-St. Paul",https://www.degree.me/colleges/minnesota/st-louis-park,MN,55104-5494,Saint Paul,1282 Concordia Ave
54,Stevens-The Institute of Business and Arts,+1 (3144210) 949-1101,Patricia Stevens College,https://www.degree.me/colleges/missouri,MO,63103,Saint Louis,1521 Washington Avenue
55,Merrell University of Beauty Arts and Science,+1 (573) 635-4433,MO College of Cosmetology,https://www.degree.me/colleges/missouri,MO,65109,Jefferson City,1753 Woodclift Dr.
56,Sioux Falls Seminary,+1 (605) 336-6588,North American Baptist Seminary,https://www.degree.me/colleges/south-dakota/sioux-falls/sioux-falls-seminary,SD,57105,Sioux Falls,2100 S Summit Ave
57,Florida State University,+1 (850) 644-2525,"['FL State', 'Fl. State', 'Florida State', 'F. S. U.', 'FSU', 'Florida State University Seminoles', 'Fl. State University', 'Floridia State University', 'Seminoles', 'Fl State University', 'Florida State Unversity', 'Fla. State', 'Florida State Univerisity', 'F.S.U.', 'The Florida State University', 'FL State University', 'Noles', 'Florida State Seminoles', 'Flordia State University', 'Florda State University', 'Fl State', 'Fla. State University']",https://www.degree.me/colleges/program:protective-services,FL,32306-1037,Tallahassee,222 S. Copeland Street
58,Alexander Paul Institute of Hair Design,+1 (2528) 305-5362,Alexander Paul Institute,https://www.degree.me/colleges/north-carolina/wilson,NC,27858-3344,Greenville,1011 Charles Blvd Ste A
59,Southeastern Free Will Baptist Bible College,+1 (919365) 771-1100,Southeastern Free Will Baptist College,https://www.degree.me/colleges/north-carolina/wilson,NC,27591-9072,Wendell,532 Eagle Rock Road
60,Rogers State University,+1 (918) 343-7777,"['Oklahoma Military Academy', 'OMA', 'Eastern University Preparatory School', 'Rogers State College', 'Rogers University', 'Claremore Jr. College', 'CJC', 'RSU', 'Claremore Junior College']",https://www.degree.me/colleges/oklahoma/broken-arrow,OK,74017-3252,Claremore,1701 W Will Rogers Blvd
61,European Academy of Cosmetology and Hairdressing,+1 (203) 458-3334,Teach Hairdressing Academy Teach Academy,https://www.degree.me/colleges/connecticut/southington,CT,06437-2319,Guilford,1575 Boston Post Rd Bldg C
62,Bryn Athyn College of the New Church,+1 (267) 502-6000,Bryn Athyn College,https://www.degree.me/colleges/pennsylvania/gwynedd-valley,PA,19009-0711,Bryn Athyn,801 Tomlinson Rd
63,Mississippi College of Beauty Culture,+1 (601) 428-7043,,https://www.degree.me/colleges/mississippi/laurel/mississippi-college-of-beauty-culture,MS,39440,Laurel,732 Sawmill Rd
64,Davis and Elkins College,+1 (304) 637-1900,"Davis and Elkins College, D&E College, D&E",https://www.degree.me/colleges/west-virginia/philippi,WV,26241-3996,Elkins,100 Campus Dr
65,Clarksburg Beauty Academy and School of Massage Therapy,+1 (304624) 647-5110,,https://www.degree.me/colleges/west-virginia/philippi,WV,26301,Clarksburg,120 S 3rd St
66,Mercer County Career Center,+1 (7246623) 000-1055,"['Mercer County Area Vo-Tech', 'Mercer County Area Vocational-Technical School', 'Mercer County AVTS']",https://www.degree.me/colleges/pennsylvania/sharon,PA,16137,Mercer,776 Greenville Rd
67,Immaculata University,+1 (610) 647-4400,,https://www.degree.me/colleges/pennsylvania/immaculata/immaculata-university,PA,19345,Immaculata,1145 King Road
68,Oklahoma Christian University,+1 (405) 425-5000,"OC, Oklahoma Christian, OCUSA, Oklahoma Christian University of Science and Arts, OCC, Oklahoma Christian College",https://www.degree.me/colleges/oklahoma/edmond/oklahoma-christian-university,OK,73013,Edmond,2501 E Memorial Rd
69,Washington State Community College,+1 (740) 374-8716,"['W.S.C.C.', 'Washington State CC', 'Washington State C. C.', 'Washington State', 'WSCC', 'Washington State C.C.']",https://www.degree.me/colleges/ohio/marietta/washington-state-community-college,OH,45750,Marietta,710 Colegate Dr
70,Neosho Beauty College,+1 (417) 451-7216,,https://www.degree.me/colleges/missouri/neosho/neosho-beauty-college,MO,64850-1525,Neosho,116 N Wood St
71,Stephen F Austin State University,+1 (936) 468-2011,"SFASU, SFA, Stephen F, Stephen F. Austin",https://www.degree.me/colleges/texas/lufkin,TX,75961,Nacogdoches,"2008 Alumni Drive, Rusk 206"
72,Auburn University at Montgomery,+1 (334) 244-3000,"['Auburn Montgomery', 'AUM', 'Auburn University at Montgomery']",https://www.degree.me/colleges/alabama/tuskegee,AL,36117-3596,Montgomery,7440 East Drive
73,H Councill Trenholm State Community College,+1 (334) 420-4200,Trenholm State,https://www.degree.me/colleges/alabama/tuskegee,AL,36108-3199,Montgomery,1225 Air Base Blvd
74,Amridge University,+1 (3343873) 877-7550,Southern Christian University Regions University,https://www.degree.me/colleges/alabama/tuskegee,AL,36117-3553,Montgomery,1200 Taylor Rd
75,American College of Hairstyling-Des Moines,+1 (515) 244-0971,"Iowa School of Men's Hairstyling, Inc. dba American College of Hairstyling - Des Moines",https://www.degree.me/colleges/iowa/ames,IA,50309,Des Moines,603 E Sixth St
76,Rend Lake College,+1 (618) 437-5321,,https://www.degree.me/colleges/illinois/ina/rend-lake-college,IL,62846,Ina,468 N Ken Gray Pkwy
77,New England Tractor Trailer Training School of Massachusetts,+1 (978) 965-2969,NETTTS,https://www.degree.me/colleges/massachusetts/haverhill,MA,01845-1048,North Andover,1600 Osgood Street #1570
78,University of New Mexico-Taos Campus,+1 (575) 737-6200,UNM - Taos,https://www.degree.me/colleges/new-mexico/ranchos-de-taos,NM,87557,Ranchos De Taos,1157 County Road 110
79,All Beauty College,+1 (928) 453-1212,,https://www.degree.me/colleges/arizona/lake-havasu-city/all-beauty-college-486868,AZ,86403-2974,Lake Havasu City,2060 W. Acoma Boulevard
80,University of New Mexico-Valencia County Campus,+1 (505) 925-8500,UNM - Valencia,https://www.degree.me/colleges/new-mexico/los-lunas,NM,87031-7633,Los Lunas,280 La Entrada
81,University of Illinois at Urbana-Champaign,+1 (217) 333-1000,"['Ilinios', 'Champagne-Urbana', 'Urbana', 'University of Illinois at Champagne-Urbana', 'Urbana-Champagne', 'University of Illinois at Champaign-Urbana', 'Urbana-Champaign', 'Ilinois', 'University of Illinois at UC', 'University of Illinois at Champagne', 'Champagne', 'Champaign-Urbana', 'UICU', 'University of Illinois at CU', 'Champaign', 'Illinois', 'UIUC', 'Illinios', 'University of Illinois at Urbana', 'University of Illinois at Champaign']",https://www.degree.me/colleges/illinois,IL,61820-5711,Champaign,601 E John Street
82,Moody Bible Institute,+1 (312) 329-4000,Moody Theological Seminary and Graduate School; Moody Theological Seminary and Graduate School--Michigan; Moody Bible Institute Aviation--Spokane,https://www.degree.me/colleges/illinois,IL,60610-3284,Chicago,820 N LaSalle Blvd
83,Franklin Technology Center Adult Education,+1 (4176800) 004-2061,Franklin Technology Center / FTC / Franklin Technology Center at Missouri Southern State University / Franklin Technology Center @ MSSU / Franklin Tech / FTC@MSSU /,https://www.degree.me/colleges/missouri/joplin/franklin-technology-mssu,MO,64801,Joplin,810 S. Wall Avenue
84,Clarks Summit University,+1 (570) 586-2400,BBC BBC&S Summit U Summit University BBC & S BBS Baptist Bible College of PA Baptist Bible College Baptist Bible Seminary Baptist Bible College & Seminary Baptist Bible College of Pennsylvania Summit University of Pennsylvania SU of Pennsylvania Summit U Summit U of Pennsylvania,https://www.degree.me/colleges/pennsylvania/south-abington-township,PA,18411-1250,South Abington Township,538 Venard Rd
85,Northeast Texas Community College,+1 (903) 434-8100,NTCC,https://www.degree.me/colleges/texas/mount-pleasant,TX,75455,Mount Pleasant,2886 FM 1735
86,The University of Texas of the Permian Basin,+1 (432) 552-2020,UT Permian Basin,https://www.degree.me/colleges/texas/odessa,TX,79762-0001,Odessa,4901 E University
87,University of Oklahoma-Norman Campus,+1 (405) 325-0311,"['University of Oklahoma', 'Oklahoma University', 'Oklahoma', 'OU']",https://www.degree.me/colleges/oklahoma/wayne,OK,73019-3072,Norman,660 Parrington Oval
88,Tabor College,+1 (620) 947-3121,"['TC', 'Tabor']",https://www.degree.me/colleges/kansas/hillsboro/tabor-college,KS,67063-1799,Hillsboro,400 S Jefferson
89,Ottawa University-Kansas City,+1 (913) 451-1431,"OUMW, Ottawa University - Overland Park Ottawa - Greater Kansas City",https://www.degree.me/colleges/kansas/lawrence,KS,66211,Overland Park,4370 W. 109th Street Suite 200
90,University of Kansas,+1 (785) 864-2700,"['KU', 'Kansas U, KUMC, University of Kansas Medical Center, KU Medical Center, Kansas University Medical Center', 'Univ of KS', 'Kansas Univ', 'Kansas Jayhawks', 'University of KS', 'University of Kansas', 'Univ of Kansas', 'Kansas University']",https://www.degree.me/colleges/kansas/lawrence,KS,66045,Lawrence,"Strong Hall, 1450 Jayhawk Blvd, Room 230"
91,Denison University,+1 (740) 587-0810,"['DU', 'Dennison U', 'Denidoo', 'Denison U', 'Dennison University', 'Big Red', 'Camp Denidoo', 'Denison']",https://www.degree.me/colleges/region:great-lakes,OH,43023,Granville,100 West College Street
92,Paris Junior College,+1 (903) 785-7661,,https://www.degree.me/colleges/texas/paris,TX,75460,Paris,2400 Clarksville St
93,Westminster College,+1 (801) 484-7651,"['Westminster College Salt Lake City', 'Westminster College of Salt Lake City Utah', 'Westminster College of Salt Lake', 'Salt Lake Griffins', 'Utah Griffins', 'Griffins', 'Westminster', 'Westminster College Salt Lake', 'Westminster Griffins', 'Westminster College Salt Lake City Utah', 'Westminster College of Salt Lake City']",https://www.degree.me/colleges/utah/draper,UT,84105,Salt Lake City,1840 South 1300 East
94,West Kentucky Community and Technical College,+1 (270) 554-9200,,https://www.degree.me/colleges/kentucky/paducah,KY,42002-7380,Paducah,4810 Alben Barkley Drive
95,Veeb Nassau County School of Practical Nursing,+1 (516) 572-1704,VEEB,https://www.degree.me/colleges/new-york/kings-point,NY,11801-4302,Hicksville,30 East Cherry Street
96,United States Merchant Marine Academy,+1 (516) 726-5800,"['Kings Point', 'USMMA']",https://www.degree.me/colleges/new-york/kings-point,NY,11024-1634,Kings Point,300 Steamboat Road
97,Clark Atlanta University,+1 (404) 880-8000,CAU,https://www.degree.me/colleges/georgia/atlanta/clark-atlanta-university,GA,30314-4391,Atlanta,"223 James P Brawley Drive, SW"
98,Minnesota State University-Mankato,+1 (507) 389-1866,,https://www.degree.me/colleges/minnesota/mankato/minnesota-state-university-mankato,MN,56001,Mankato,South Rd and Ellis Ave
99,International Culinary Arts and Sciences Institute,+1 (440) 729-7340,"ICASI, Loretta Paganini School of Cooking dba Internatinal Culinary Arts and Sciences Institute",https://www.degree.me/colleges/ohio/concord-twp,OH,44026,Chesterland,8700 Mayfield Rd
100,MDT College of Health Sciences,+1 (440) 449-1700,ATS Institute of Technology,https://www.degree.me/colleges/ohio/concord-twp,OH,44143,Highland Heights,325 Alpha Park Dr
101,Sul Ross State University,+1 (432) 837-8011,Sul Ross,https://www.degree.me/colleges/texas/alpine,TX,79832,Alpine,HWY 90 East
102,University of Pittsburgh-Bradford,+1 (814) 362-7500,Pitt-Bradford,https://www.degree.me/colleges/pennsylvania/bradford,PA,16701,Bradford,300 Campus Drive
103,CALC Institute of Technology,+1 (618) 474-0616,"['CALC Ins of Tech', 'CALC Inst. of Tech.', 'CALC Institute', 'CALC']",https://www.degree.me/colleges/illinois/alton,IL,62002,Alton,200A North Center Dr
104,Colby-Sawyer College,+1 (603) 526-3000,Colby-Sawyer,https://www.degree.me/colleges/new-hampshire/new-london/colby-sawyer-college,NH,03257-7835,New London,541 Main St
105,Rose State College,+1 (405) 733-7673,RSC/Rose/Oscar Rose Junior College/ORJC,https://www.degree.me/colleges/oklahoma/midwest-city/rose-state-college,OK,73110-2799,Midwest City,6420 S E 15th
106,Gateway Community and Technical College,+1 (859) 441-4500,Northern Kentucky State Vocational Technical School Northern Kentucky Tech Northern Kentucky Technical College Northern Kentucky Health Occupational Center Northern Campbell Tech Northern Kentucky Health Technology Center,https://www.degree.me/colleges/kentucky/crestview-hills,KY,41042,Florence,500 Technology Way
107,Owensboro Community and Technical College,+1 (270) 686-4400,,https://www.degree.me/colleges/kentucky/henderson,KY,42303,Owensboro,4800 New Hartford Rd
108,College of the Marshall Islands,+1 (692625) 339-4236,CMI,https://www.degree.me/colleges/marshall-islands,MH,96960,Majuro,Oceanside Uliga - PO Box 1258
109,Peru State College,+1 (402) 872-3815,Peru State,https://www.degree.me/colleges/nebraska/peru,NE,68421-0010,Peru,600 Hoyt Street
110,Erie 2 Chautauqua Cattaraugus BOCES-Practical Nursing Program,+1 (7165494) 454-4055,E2CCB,https://www.degree.me/colleges/new-york/fredonia,NY,14006,Angola,8685 Erie Rd
111,Sierra College of Beauty,+1 (209) 723-2989,Sierra Beauty College,https://www.degree.me/colleges/california/merced,CA,95340,Merced,1340 W 18th St
112,Marlboro College Graduate and Professional Studies,+1 (802) 258-9200,"Marlboro College, Marlboro College Grad School, Marlboro College Graduate Center, Marlboro College Grad Center, MCGS, MCGC, Marlboro College Graduate & Professional Studies",https://www.degree.me/colleges/vermont/env:online,VT,05344,Marlboro,2582 South Road
113,University of Vermont,+1 (802) 656-3131,University of Vermont and State Agricultural College UVM UVT Vermont,https://www.degree.me/colleges/vermont/env:online,VT,05405-0160,Burlington,85 S Prospect St
114,"University of Colorado Denver, Anschutz Medical Campus",+1 (303) 556-5600,University of Colorado Denver University of Colorado Anschutz Medical Campus UCD,https://www.degree.me/colleges/colorado/centennial,CO,80217-3364,Denver,"1380 Lawrence Street, Lawrence Street Center, Suite 1400"
115,Spartan College of Aeronautics and Technology,+1 (303) 466-1714,Spartan College-Denver (Broomfield),https://www.degree.me/colleges/colorado/centennial,CO,80021-3465,Broomfield,10851 W 120th Ave
116,Bel-Rea Institute of Animal Technology,+1 (303) 751-8700,Bel-Rea Intitute Bel-Rea,https://www.degree.me/colleges/colorado/centennial,CO,80247,Denver,1681 S Dayton St
117,Blackfeet Community College,+1 (4063385) 441-2201,BCC,https://www.degree.me/colleges/montana/browning,MT,59417-0819,Browning,504 S.E. East Boundary
118,Lakes Region Community College,+1 (603) 524-3207,New Hampshire Community Technical College-Laconia,https://www.degree.me/colleges/new-hampshire/laconia/lakes-region-community-college,NH,03246,Laconia,379 Belmont Road
119,University of the Virgin Islands,+1 (340) 776-9200,UVI,https://www.degree.me/colleges/virgin-islands,VI,00802-9990,Charlotte Amalie,2 John Brewers Bay
120,Universal Technical Institute-Dallas Fort Worth,+1 (800) 504-8786,Universal Technical Institute - Dallas/Fort Worth,https://www.degree.me/colleges/texas/irving,TX,75063,Irving,5151 Regent Blvd.
121,DeVry University-Texas,+1 (972) 929-6777,DeVry University-Austin DeVry University-Irving DeVry University-San Antonio,https://www.degree.me/colleges/texas/irving,TX,75063,Irving,"4800 Regent Blvd., Ste. 200"
122,Charles of Italy Beauty College,+1 (928) 453-6666,,https://www.degree.me/colleges/arizona/lake-havasu-city/charles-of-italy-beauty-college,AZ,86403,Lake Havasu City,"1987 McCulloch Blvd, Suite 205"
123,Oklahoma City Community College,+1 (405) 682-1611,"OCCC, O Triple C, O Trip, O Trip C,",https://www.degree.me/colleges/oklahoma/oklahoma-city/oklahoma-city-community-college,OK,73159-9987,Oklahoma City,7777 S May Ave
124,Calumet College of Saint Joseph,+1 (219473) 777-0224,"CCSJ, CAL COLLEGE, CALUMET COLLEGE; Calumet College of St. Joseph Calumet College of St Joseph",https://www.degree.me/colleges/indiana/whiting,IN,46394,Whiting,2400 New York Ave
125,Louisiana State University Health Sciences Center-Shreveport,+1 (318) 675-8769,"['Louisiana State University Health Sciences Center in Shreveport', 'LSU Health Sciences Center - Shreveport', 'Louisiana State University Health Sciences Center at Shreveport', 'LSU Health Sciences Center at Shreveport', 'LSU Health Sciences Center in Shreveport', 'LSU Health Sciences Center-Shreveport', 'LSUHSC-S']",https://www.degree.me/colleges/louisiana/bossier-city,LA,71103,Shreveport,1501 Kings Hwy
126,Western Technical College,+1 (608) 785-9200,Western Wisconsin Technical College,https://www.degree.me/colleges/wisconsin/la-crosse,WI,54601,La Crosse,400 Seventh St. North
127,University of North Texas at Dallas,+1 (972) 780-3600,UNTD,https://www.degree.me/colleges/texas/keene,TX,75241,Dallas,7300 University Hills Drive
128,Miami International University of Art and Design-Art Institute Dallas,+1 (214) 692-8080,,https://www.degree.me/colleges/texas/keene,TX,75231-5993,Dallas,"8080 Park Lane, Suite 100"
129,Assabet Valley Regional Technical School,+1 (508) 485-9430,Assabet Valley Regional Vocational School District,https://www.degree.me/colleges/massachusetts/canton,MA,01752,Marlborough,215 Fitchburg St
130,Northeast State Community College,+1 (423) 323-3191,Northeast State Technical Community College,https://www.degree.me/colleges/tennessee/env:online,TN,37617-0246,Blountville,2425 Hwy 75
131,Lipscomb University,+1 (615) 966-1000,David Lipscomb University David Lipscomb Lipscomb,https://www.degree.me/colleges/tennessee/env:online,TN,37204-3951,Nashville,One University Park Drive
132,University of Alaska Southeast,+1 (877) 465-4827,,https://www.degree.me/colleges/alaska/juneau,AK,99801-8697,Juneau,11066 Auke Lake Way
133,Barnes-Jewish College Goldfarb School of Nursing,+1 (314) 454-7055,Barnes-Jewish College of Nursing Barnes-Jewish College of Nursing and Allied Health Jewish Hospital College of Nursing,https://www.degree.me/colleges/missouri/saint-ann,MO,63110,Saint Louis,"4483 Duncan Avenue, Mailstop 90-36-697"
134,Southeast Community College Area,+1 (402) 471-3333,Southeast Community College SCC,https://www.degree.me/colleges/nebraska/lincoln,NE,68510-2449,Lincoln,301 South 68th Street Place
135,Concordia University-Nebraska,+1 (800) 535-5494,"Concordia Teachers College Concordia College Concordia University, Seward",https://www.degree.me/colleges/nebraska/lincoln,NE,68434-1556,Seward,800 N Columbia Ave
136,Wisconsin Academy a Paul Mitchell Partner Group-PMTS Lincoln,+1 (402) 261-5322,Paul Mitchell the School Lincoln,https://www.degree.me/colleges/nebraska/lincoln,NE,68516-2306,Lincoln,5601 South 59th Street Suite D
137,Athenaeum of Ohio,+1 (513) 231-2223,Mount St. Mary's Seminary Mount St. Mary's Seminary of the West,https://www.degree.me/colleges/ohio/oxford,OH,45230-2091,Cincinnati,6616 Beechmont Ave
138,Florida Academy of Health and Beauty,+1 (954) 563-9098,,https://www.degree.me/colleges/florida/oakland-park,FL,33311,Oakland Park,2901 West Oakland Park Blvd B16
139,The University of Texas Rio Grande Valley,+1 (956) 665-2011,"['UT Rio Grande Valley', 'UTRGV', 'University of Texas Rio Grande Valley']",https://www.degree.me/colleges/texas/edinburg,TX,78539-2999,Edinburg,1201 W University Dr
140,Indian Hills Community College,+1 (641) 683-5111,"['Indian Hills College', 'IHCC', 'The Hills']",https://www.degree.me/colleges/iowa/oskaloosa,IA,52501,Ottumwa,525 Grandview Ave
141,Northwest Nazarene University,+1 (208) 467-8011,Northwest Nazarene University/Northwest Nazarene College/NNU/NNC/Northwest Nazarene University,https://www.degree.me/colleges/idaho/nampa,ID,83686-5897,Nampa,623 S. University Blvd.
142,West Virginia University Institute of Technology,+1 (304) 442-1000,West Virginia University Tech,https://www.degree.me/colleges/west-virginia/beaver,WV,25801,Beckley,512 South Kanawha Street
143,Fayette Institute of Technology,+1 (3044692) 911-7104,Fayette Plateau Vocational Technical Center,https://www.degree.me/colleges/west-virginia/beaver,WV,25901,Oak Hill,300 West Oyler Avenue
144,Nebraska Methodist College of Nursing and Allied Health,+1 (402) 354-7000,Nebraska Methodist College,https://www.degree.me/colleges/nebraska/env:online,NE,68114-2852,Omaha,720 North 87th Street
145,Franklin Pierce University,+1 (603) 899-4000,"Franklin Pierce College, Franklin Pierce, FPU, Pierce",https://www.degree.me/colleges/new-hampshire/nashua,NH,03461-0060,Rindge,40 University Drive
146,Air Force Institute of Technology-Graduate School of Engineering and Management,+1 (937) 255-3636,AFIT,https://www.degree.me/colleges/region:us-service-schools,OH,45433-7765,Wright-Patterson Afb,2950 Hobson Way
147,Osceola Technical College,+1 (407) 344-5080,,https://www.degree.me/colleges/florida/kissimmee/technical-education-center-osceola,FL,34744,Kissimmee,501 Simpson Rd
148,Georgia Highlands College,+1 (800) 332-2406,GHC,https://www.degree.me/colleges/georgia/rome/georgia-highlands-college,GA,30161-3897,Rome,"3175 Cedartown Highway, S.E."
149,University of New Mexico-Los Alamos Campus,+1 (505) 662-5919,UNM - Los Alamos,https://www.degree.me/colleges/new-mexico/santa-fe,NM,87544,Los Alamos,4000 University Dr
150,Institute of American Indian and Alaska Native Culture and Arts Development,+1 (505) 424-2300,Institute of American Indian Arts,https://www.degree.me/colleges/new-mexico/santa-fe,NM,87508-1300,Santa Fe,83 Avan Nu Po Road
151,Moore College of Art and Design,+1 (215) 568-4515,Moore College,https://www.degree.me/colleges/pennsylvania/langhorne,PA,19103-1179,Philadelphia,20th and the Parkway
152,Talladega College,+1 (256) 761-6100,,https://www.degree.me/colleges/alabama/talladega,AL,35160,Talladega,627 West Battle Street
153,SUM Bible College and Theological Seminary,+1 (510) 567-6174,School of Urban Missions,https://www.degree.me/colleges/california/el-dorado-hills,CA,95762,El Dorado Hills,1107 Investment Blvd.
154,Greater Altoona Career and Technology Center,+1 (814) 946-8450,Greater Altoona Career & Technology Center,https://www.degree.me/colleges/pennsylvania/altoona,PA,16602-3616,Altoona,1500 Fourth Avenue
155,Vermont State Colleges-Office of the Chancellor,+1 (802) 224-3000,VSC,https://www.degree.me/colleges/vermont,VT,05602,Montpelier,"575 Stone Cutters Way, Suite 1"
156,Advanced Welding Institute,+1 (802) 660-0600,AWI,https://www.degree.me/colleges/vermont,VT,05403,South Burlington,2 Green Tree Dr Suite 3
157,Seton Hall University,+1 (973) 761-9000,,https://www.degree.me/colleges/new-jersey/south-orange/seton-hall-university,NJ,07079-2697,South Orange,400 S Orange Ave
158,Clarkson University,+1 (315) 268-6400,,https://www.degree.me/colleges/new-york/potsdam/clarkson-university,NY,13699,Potsdam,8 Clarkson Ave
159,Central Christian College of Kansas,+1 (620241) 072-3331,Central Christian College,https://www.degree.me/colleges/kansas/sterling,KS,67460-5740,Mcpherson,1200 S Main
160,Delaware Technical Community College-Terry,+1 (302) 857-1000,Delaware Tech,https://www.degree.me/colleges/delaware/env:online,DE,19901,Dover,100 Campus Drive
161,Minnesota State Community and Technical College,+1 (218) 736-1500,M State,https://www.degree.me/colleges/minnesota,MN,56537-1000,Fergus Falls,1414 College Way
162,Bethany Lutheran College,+1 (507) 344-7000,"['bethany lutheran', 'bethel lutheran college', 'bethnay college', 'bethany collage', 'bethnay', 'bethnay lutheran college', 'bethany luthern college', 'bethnay luthern collage', 'bethnay collage', 'bethnay lutheran collage', 'bethnay luthern college', 'bethnay luthern', 'bethany college', 'bethany lutheran collage', 'bethany luthern', 'bethany luthern collage', 'blc', 'bethany', 'bethnay lutheran', 'bethany lutheran college']",https://www.degree.me/colleges/minnesota,MN,56001,Mankato,700 Luther Dr
163,Living Arts College,+1 (919) 488-8500,Living Arts College @ School of Communication Arts,https://www.degree.me/colleges/north-carolina/buies-creek,NC,27614-7076,Raleigh,3000 Wakefield Crossing Drive
164,Gwinnett College,+1 (919) 872-6386,Gwinnett College - Raleigh Campus,https://www.degree.me/colleges/north-carolina/buies-creek,NC,27616,Raleigh,"3200 Spring Forest Road, Suite 214"
165,Virginia Polytechnic Institute and State University,+1 (540) 231-6994,Virginia Tech,https://www.degree.me/colleges/virginia/salem,VA,24061-0131,Blacksburg,"210 Burruss Hall, 800 Drillfield Dr."
166,Fortis College - Columbia,+1 (803) 678-4800,Fortis College - Columbia,https://www.degree.me/colleges/south-carolina/camden,SC,29210,Columbia,246 Stoneridge Dr Ste 101
167,Central Carolina Technical College,+1 (803) 778-1961,"['Central Carolina', 'Central Carolina Tech', 'CCTC', 'Sumter Tech', 'CCT']",https://www.degree.me/colleges/south-carolina/camden,SC,29150-2499,Sumter,506 N Guignard Dr
168,Rutgers University-New Brunswick,+1 (848) 445-4636,"['Rutgers, The State University of New Jersey', 'Rutgers, The State University', 'RU', 'Rutgers, New Brunswick', 'Rutgers, New Jersey', 'Rutgers', 'Rutgers University-New Brunswick', 'Rutgers, The State University New Brunswick/Piscataway', 'Rutgers-New Jersey', 'Rutgers University']",https://www.degree.me/colleges/new-jersey/west-long-branch,NJ,08901-1281,New Brunswick,83 Somerset St
169,Palau Community College,+1 (680) 488-2470,PCC,https://www.degree.me/colleges/palau,PW,96940,Koror,9th Madalaii Hamlet
170,Brigham Young University-Hawaii,+1 (808) 675-3211,BYUH BYUHC BYU Hawaii BYU Hawaii Campus Brigham Young University Hawaii Brigham Young University Hawaii Campus BYU-H BYU-HC BYU-Hawaii BYU-Hawaii Campus Brigham Young University Hawaii Campus BYU - H BYU - HC BYU - Hawaii BYU - Hawaii Campus Brigham Young University - Hawaii Brigham Young University - Hawaii Campus BYUHawaii BYUHawaii Campus,https://www.degree.me/colleges/hawaii/pearl-city,HI,96762-1294,Laie,55-220 Kulanui Street
171,Unitek College-South San Francisco,+1 (650871) 070-1112,,https://www.degree.me/colleges/california/berkeley,CA,94080-1005,South San Francisco,"257 Longford Drive, Rm 5"
172,Dominican School of Philosophy and Theology,+1 (510) 849-2030,"['The Dominican School', ""St. Albert's College"", 'College of St. Albert the Great', 'DSPT']",https://www.degree.me/colleges/california/berkeley,CA,94708-1816,Berkeley,2301 Vine Street
173,Bethel College-North Newton,+1 (316) 283-2500,,https://www.degree.me/colleges/kansas/north-newton/bethel-college-north-newton,KS,67117-1716,North Newton,300 E 27th St
174,Traviss Technical College,+1 (863) 499-2700,,https://www.degree.me/colleges/florida/lakeland/traviss-technical-college,FL,33803,Lakeland,3225 Winter Lake Rd
175,Southwestern Oregon Community College,+1 (541) 888-2525,,https://www.degree.me/colleges/oregon/coos-bay,OR,97420-2193,Coos Bay,1988 Newmark Ave
176,Fort Scott Community College,+1 (620) 223-2700,"['FSCC', 'Ft. Scott Junior College', 'Ft. Scott Jr. College', 'Fort Scott Junior College', 'FSJC', 'Fort Scott JuCo', 'Ft. Scott Community College']",https://www.degree.me/colleges/kansas/pittsburg,KS,66701,Fort Scott,2108 S Horton
177,Saint Elizabeth School of Nursing,+1 (765) 423-6400,St. Elizabeth School of Nursing and University of Saint Francis Cooperative Nursing Program St Elizabeth School of Nursing,https://www.degree.me/colleges/indiana/west-lafayette,IN,47904-9988,Lafayette,1501 Hartford Street
178,McPherson College,+1 (620) 242-0400,,https://www.degree.me/colleges/kansas/mcpherson/mcpherson-college,KS,67460-1402,Mcpherson,1600 E. Euclid
179,East Mississippi Community College,+1 (662) 476-5000,EMCC,https://www.degree.me/colleges/mississippi/scooba,MS,39358-0158,Scooba,1512 Kemper Street
180,Ashland Community and Technical College,+1 (606) 326-2000,ACTC,https://www.degree.me/colleges/kentucky/grayson,KY,41101-3683,Ashland,1400 College Drive
181,College of Our Lady of the Elms,+1 (413) 594-2761,Elms College,https://www.degree.me/colleges/massachusetts/south-hadley,MA,01013,Chicopee,291 Springfield St
182,Heidelberg University,+1 (419) 448-2000,"['Hiedelburg College', 'Hiedelberg University', 'Heidelburg University', 'Heidelburg College', 'Heidleberg College', 'Heidelberg University', 'Hiedelberg College', ""The 'Berg"", 'Heidleburg College']",https://www.degree.me/colleges/ohio/tiffin,OH,44883-2462,Tiffin,310 E Market St
183,Spertus College,+1 (312) 922-9012,Spertus Institute of Jewish Studies Spertus Institute for Jewish Learning and Leadership,https://www.degree.me/colleges/illinois/chicago,IL,60605,Chicago,610 S Michigan Ave
184,University of Illinois at Chicago,+1 (312) 996-7000,"['U of I-Medical Center', 'Illinois-Chicago', 'U of I-Chicago', 'UIC', 'University of Illinois-Medical Center']",https://www.degree.me/colleges/illinois/chicago,IL,60607,Chicago,601 S Morgan
185,York County School of Technology-Adult and Continuing Education,+1 (717) 747-2130,York County School of Technology,https://www.degree.me/colleges/pennsylvania/elizabethtown,PA,17402-4696,York,2179 S Queen St
186,Franklin and Marshall College,+1 (717) 358-3911,"['Franklin and Marshall', 'FandM', 'Franklin & Marshall College', 'F&M', 'Franklin & Marshall']",https://www.degree.me/colleges/pennsylvania/elizabethtown,PA,17604-3003,Lancaster,College Ave
187,Sarah Lawrence College,+1 (914) 337-0700,,https://www.degree.me/colleges/new-york/bronxville/sarah-lawrence-college,NY,10708,Bronxville,One Meadway
188,Reid State Technical College,+1 (251) 578-1313,,https://www.degree.me/colleges/alabama/evergreen,AL,36401,Evergreen,100 and Hwy 83
189,Washington County Career Center-Adult Technical Training,+1 (740) 373-6283,,https://www.degree.me/colleges/ohio/marietta/washington-county-career-center-adult-technical-training,OH,45750,Marietta,21740 St. Rt. 676
190,Highland Community College,+1 (815) 235-6121,,https://www.degree.me/colleges/illinois/freeport,IL,61032-9341,Freeport,2998 W Pearl City Rd
191,Arizona State University-Skysong,+1 (855) 278-5080,ASU Skysong,https://www.degree.me/colleges/arizona/scottsdale/arizona-state-university-skysong,AZ,85257,Scottsdale,1475 N Scottsdale Rd
192,Baptist Memorial College of Health Sciences,+1 (901) 572-2468,Baptist College of Health Sciences,https://www.degree.me/colleges/tennessee/memphis,TN,38104,Memphis,1003 Monroe Ave
193,Memphis College of Art,+1 (901) 272-5100,"MCA, Memphis Academy of Art",https://www.degree.me/colleges/tennessee/memphis,TN,38104-2764,Memphis,1930 Poplar Ave
194,DLP Conemaugh Memorial Medical Center,+1 (814) 534-5844,Memorial Medical Center,https://www.degree.me/colleges/pennsylvania/johnstown,PA,15905-4398,Johnstown,1086 Franklin St
195,Monmouth University,+1 (732) 571-3400,,https://www.degree.me/colleges/new-jersey/west-long-branch/monmouth-university,NJ,07764-1898,West Long Branch,400 Cedar Ave
196,Valley City State University,+1 (701) 845-7990,,https://www.degree.me/colleges/north-dakota/valley-city,ND,58072,Valley City,101 College St SW
197,Specs Howard School of Media Arts,+1 (248) 358-9000,Specs Howard School of Broadcast Arts,https://www.degree.me/colleges/michigan/ypsilanti,MI,48075-3953,Southfield,19900 W Nine Mile Rd
198,College of Micronesia-FSM,+1 (691320) 248-0100,"['COM-FSM National', 'COM-FSM', 'Sharks', 'COMFSM', 'COM-FSM Palikir']",https://www.degree.me/colleges/micronesia,FM,96941,Pohnpei,Kolonia
199,Lamar Community College,+1 (719) 336-2248,LCC,https://www.degree.me/colleges/colorado/lamar,CO,81052-3999,Lamar,2401 S Main St
200,Washington Saratoga Warren Hamilton Essex BOCES-Practical Nursing Program,+1 (518) 746-3508,WSWHE BOCES,https://www.degree.me/colleges/new-york/hudson-falls,NY,12839,Hudson Falls,1051 Dix Ave
201,American Indian OIC Inc,+1 (612341) 335-8100,Takoda Institute of Higher Education,https://www.degree.me/colleges/minnesota/minneapolis,MN,55404-2221,Minneapolis,1845 E. Franklin Ave
202,Marietta College,+1 (800) 331-7896,,https://www.degree.me/colleges/ohio/marietta/marietta-college,OH,45750,Marietta,Irvine Bldg
203,Coastal Bend College,+1 (361) 354-2200,CBC,https://www.degree.me/colleges/texas/beeville,TX,78102,Beeville,3800 Charco Rd
204,Dermal Science International Aesthetics and Nail Academy,+1 (703) 910-2323,DSI Academy,https://www.degree.me/colleges/near-me,VA,20190,Reston,11301 Sunset Hills Rd Suite A-5
205,Delta College of Arts and Technology-Lafayette Campus,+1 (337) 988-5455,,https://www.degree.me/colleges/louisiana/eunice,LA,70508,Lafayette,"200 Republic Ave., Suite F"
206,National American University-Harold D. Buckingham Graduate School,+1 (512) 813-2300,,https://www.degree.me/colleges/south-dakota/env:online,SD,57701-2823,Rapid City,5301 Mount Rushmore Rd
207,South Dakota School of Mines and Technology,+1 (605) 394-2511,SD Mines,https://www.degree.me/colleges/south-dakota/env:online,SD,57701-3995,Rapid City,501 E Saint Joseph St
208,Shorter University,+1 (706) 291-2121,Shorter,https://www.degree.me/colleges/georgia/rome/shorter-university,GA,30165,Rome,315 Shorter Ave
209,New England Tractor Trailer Training School of Rhode Island,+1 (401) 725-1220,NETTTS,https://www.degree.me/colleges/rhode-island/kingston,RI,02860,Pawtucket,600 Moshassuck Valley Industrial Hwy
210,MKG Beauty and Business,+1 (4012) 286-8891,Michael K. Galvin Beauty & Business Academy,https://www.degree.me/colleges/rhode-island/kingston,RI,02920-4358,Cranston,379 Atwood Avenue
211,Madison Media Institute-Rockford Career College,+1 (815) 965-8616,Rockford Career College,https://www.degree.me/colleges/illinois/sycamore,IL,61108,Rockford,1130 South Alpine Road
212,Plymouth State University,+1 (603) 535-5000,"['Plimot', 'Plymouth', 'Plymoth', 'Plymouth State', 'Plimout', 'Plymot', 'PSU', 'Plymout', 'Plimoth']",https://www.degree.me/colleges/new-hampshire/plymouth/plymouth-state-university,NH,03264-1595,Plymouth,17 High Street
213,Board of Trustees-Mississippi State Institutions of Higher Learning,+1 (601) 432-6198,IHL,https://www.degree.me/colleges/mississippi/clinton,MS,39211,Jackson,3825 Ridgewood Rd
214,Mississippi Institute of Aesthetics Nails and Cosmetology,+1 (601) 925-1344,Mississippi Institute,https://www.degree.me/colleges/mississippi/clinton,MS,39056,Clinton,460-B Springridge Rd
215,Mississippi Community College Board,+1 (601) 432-6518,Mississippi State Community College Board,https://www.degree.me/colleges/mississippi/clinton,MS,39211,Jackson,3825 Ridgewood Rd
216,The Southern Baptist Theological Seminary,+1 (800) 626-5525,"SBTS, Southern Seminary, Boyce College",https://www.degree.me/colleges/kentucky/env:online,KY,40280-0001,Louisville,2825 Lexington Rd
217,Rutgers University-Camden,+1 (856) 225-1766,"['Rutgers, The State University of New Jersey', 'Rutgers U', 'Rutgers, New Jersey', 'Rutgers University-Camden Rutgers', 'Rutgers-Camden', 'Rutgers, Camden', 'Rutgers,Camden']",https://www.degree.me/colleges/new-jersey/gloucester,NJ,08102,Camden,406 Penn
218,Kansas City University of Medicine and Biosciences-Joplin,+1 (417) 208-0630,KCU-Joplin,https://www.degree.me/colleges/missouri/joplin/kansas-city-university-of-medicine-and-biosciences-joplin,MO,64804-1598,Joplin,2901 St. John's Boulevard
219,University of West Alabama,+1 (205) 652-3400,,https://www.degree.me/colleges/alabama/livingston,AL,35470,Livingston,Station One
220,University of South Florida-Main Campus,+1 (813) 974-2011,USF Tampa USF Tampa Campus USF Tampa USF,https://www.degree.me/colleges/florida/st-petersburg,FL,33620-9951,Tampa,4202 East Fowler Ave
221,University of South Florida-St Petersburg,+1 (727) 873-4873,University of South Florida St. Petersburg USF St. Petersburg USF SP University of South Florida - St.Pete,https://www.degree.me/colleges/florida/st-petersburg,FL,33701-9807,St. Petersburg,140 Seventh Ave S.
222,DeVry University-Illinois,+1 (773) 929-8500,DeVry University-Addison DeVry University-Chicago DeVry University-Chicago Loop DeVry University-Gurnee DeVry University-Naperville DeVry University-Tinley Park,https://www.degree.me/colleges/illinois/evanston,IL,60618,Chicago,3300 N. Campbell Ave.
223,Ultrasound Medical Institute,+1 (216) 688-5112,NRI INSTITUTE OF HEALTH SCIENCES,https://www.degree.me/colleges/florida/lake-park,FL,33411,Royal Palm Beach,503 Royal Palm Beach Blvd
224,Bella Capelli Academy,+1 (412) 373-6309,Bella Capelli Academy a Paul Mitchell partner school,https://www.degree.me/colleges/pennsylvania/mckeesport,PA,15146-2388,Monroeville,151 Wyngate Drive
225,Chamberlain University-New Jersey,+1 (732) 875-1300,Chamberlain College of Nursing-North Brunswick,https://www.degree.me/colleges/new-jersey/north-brunswick,NJ,08902-3492,North Brunswick,630 U.S. Highway One
226,DeVry University-New Jersey,+1 (732) 729-3960,DeVry University-North Brunswick DeVry University-Paramus,https://www.degree.me/colleges/new-jersey/north-brunswick,NJ,08902,North Brunswick,630 U.S. Hwy. One
227,Trinity Episcopal School for Ministry,+1 (724) 266-3838,Trinity School for Ministry,https://www.degree.me/colleges/pennsylvania/beaver-falls,PA,15003-2397,Ambridge,311 Eleventh St
228,Instituto Tecnologico de Puerto Rico-Recinto de Ponce,+1 (787) 843-1305,Maria E. Archeval Salamo de Valdes,https://www.degree.me/colleges/region:outlying-areas,PR,00717-0306,Ponce,4820 Candido Hoyos Urb. Perla Del Sur
229,EDP University of Puerto Rico Inc-San Juan,+1 (7877653) 560-1240,EDP University of PR Inc.,https://www.degree.me/colleges/region:outlying-areas,PR,00919-2303,San Juan,560 Ponce de Leon Ave. Cr. Arroyo St.
230,The Art Institute of Atlanta,+1 (770) 689-4795,Ai Atlanta,https://www.degree.me/colleges/georgia/dunwoody,GA,30328-1635,Atlanta,"6600 Peachtree Dunwoody Rd., N.E., 100 Embassy Row"
231,Brown College of Court Reporting,+1 (404) 876-1227,Brown College of Court Reporting and Medical Transcription,https://www.degree.me/colleges/georgia/dunwoody,GA,30309,Atlanta,"1100 Spring Street, Suite 101"
232,Sinte Gleska University,+1 (605) 856-8100,,https://www.degree.me/colleges/south-dakota/mission,SD,57555-0105,Mission,"E. Highway 18, 101 Antelope Lake Circle"
233,Laguna College of Art and Design,+1 (949) 376-6000,LCAD,https://www.degree.me/colleges/california/aliso-viejo,CA,92651,Laguna Beach,2222 Laguna Canyon Rd
234,Villanova University,+1 (610) 519-4500,,https://www.degree.me/colleges/pennsylvania/villanova/villanova-university,PA,19085-1699,Villanova,800 Lancaster Avenue
235,Southern Illinois University-System Office,+1 (618) 536-3331,,https://www.degree.me/colleges/illinois/carbondale/southern-illinois-university-system-office,IL,62901-6801,Carbondale,1400 Douglas Drive
236,University of Denver,+1 (303) 871-2000,DU,https://www.degree.me/colleges/colorado/denver/university-of-denver,CO,80208,Denver,2199 S. University Blvd
237,Ridge Technical College,+1 (863) 419-3060,,https://www.degree.me/colleges/florida/winter-haven/ridge-technical-college,FL,33881-9518,Winter Haven,7700 State Rd 544
238,Escuela de Peritos Electricistas de Isabela Inc,+1 (787) 872-1747,E.P.E.I. Inc.,https://www.degree.me/colleges/puerto-rico/isabela,PR,00662,Isabela,Ave. Agustin Ramos Calero Calle Surinam 1059 P.R. 112 Norte
239,Charlie's Guard-Detective Bureau and Academy Inc,+1 (787) 882-7222,Charlie's Academy,https://www.degree.me/colleges/puerto-rico/isabela,PR,00603,Aguadilla,Road 107 Km 3.1 Bo. Borinquen
240,Inter American University of Puerto Rico-Aguadilla,+1 (7878910) 925-2100,,https://www.degree.me/colleges/puerto-rico/isabela,PR,00603,Aguadilla,"Carr. 459 Int. 463, Barrio Corrales Sector Calero"
241,University of Puerto Rico-Aguadilla,+1 (7878902) 681-2207,"UPRAG, University of Puerto Rico at Aguadilla",https://www.degree.me/colleges/puerto-rico/isabela,PR,00604-6150,Aguadilla,Belt St. Ramey Base
242,Caldwell University,+1 (973) 618-3000,formerly Caldwell College,https://www.degree.me/colleges/new-jersey/caldwell/caldwell-university,NJ,07006-6195,Caldwell,120 Bloomfield Avenue
243,Spartan College of Aeronautics and Technology,+1 (310) 337-4444,Los Angeles Campus,https://www.degree.me/colleges/california/westminster,CA,90301-2904,Inglewood,8911 Aviation Blvd
244,Gordon Cooper Technology Center,+1 (4052737) 493-1107,Gordon Cooper Area Vocational-Technical School District #5,https://www.degree.me/colleges/oklahoma/shawnee,OK,74804,Shawnee,1 John C Bruton Blvd
245,Oregon Coast Community College,+1 (541) 265-2283,,https://www.degree.me/colleges/oregon/newport,OR,97366,Newport,400 SE College Way
246,Fielding Graduate University,+1 (805) 687-1099,"['Fielding', 'Fielding Institute', 'Fielding Graduate Institute']",https://www.degree.me/colleges/region:far-west,CA,93105-3538,Santa Barbara,2020 De La Vina St
247,Northern Marianas College,+1 (670) 237-6700,,https://www.degree.me/colleges/northern-mariana-islands,MP,96950-1250,Saipan,As Terlaje Campus
248,Troy University,+1 (334) 670-3100,TROY,https://www.degree.me/colleges/alabama/troy,AL,36082-0001,Troy,University Avenue
249,Sherman College of Chiropractic,+1 (864) 578-8770,Sherman College SCSC Sherman College of Chiropractic Sherman,https://www.degree.me/colleges/south-carolina/gaffney,SC,29316,Spartanburg,2020 Springfield Rd
250,Kenneth Shuler School of Cosmetology-Spartanburg,+1 (864) 587-6000,,https://www.degree.me/colleges/south-carolina/gaffney,SC,29301,Spartanburg,1515 John B White SR Blvd
251,Vanguard College of Cosmetology-Slidell,+1 (985) 643-2614,,https://www.degree.me/colleges/louisiana/slidell/vanguard-college-of-cosmetology-slidell,LA,70458-0458,Slidell,740 Oak Harbor Blvd
252,Taylor Andrews Academy of Hair Design-Provo,+1 (801) 655-0797,"Provo Taylor Andrews Academy Taylor Andrews, Inc.",https://www.degree.me/colleges/utah/provo,UT,84604,Provo,2035 N 550 W
253,University of Arkansas Community College Rich Mountain,+1 (479) 394-7622,Universtiy of Arkansas Rich Mountain,https://www.degree.me/colleges/arkansas/mena,AR,71953,Mena,1100 College Dr
254,American Academy of Acupuncture and Oriental Medicine,+1 (6516) 310-2041,"American Academy of Traditional Chinese Medicine, Inc.",https://www.degree.me/colleges/minnesota/rosemount,MN,55113,Roseville,1925 W County Rd B-2
255,Arkansas State University-Newport,+1 (870) 512-7800,ASUN ASU-Newport ASU Newport Arkansas State University Newport Arkansas State University - Newport,https://www.degree.me/colleges/arkansas/jonesboro,AR,72112,Newport,7648 Victory Blvd
256,Central Methodist University-College of Liberal Arts and Sciences,+1 (660) 248-3391,CMU - CLAS,https://www.degree.me/colleges/missouri/columbia,MO,65248-1198,Fayette,411 Central Methodist Square
257,Richard Bland College,+1 (804) 862-6100,"Richard Bland, Richard Bland Junior College, Richard Bland College, RBC, Richard Bland College of William & Mary",https://www.degree.me/colleges/virginia/env:online/ownership:public/years:2,VA,23805-7100,South Prince George,11301 Johnson Rd.
258,Southwest Virginia Community College,+1 (276) 964-2555,"['Southwest', 'SWCC', 'SWVCC', 'SwVCC', 'SVCC', 'Southwest Virginia']",https://www.degree.me/colleges/virginia/env:online/ownership:public/years:2,VA,24609,Cedar Bluff,"369 College Road US Rt. 19, 6 Miles S. Claypool Hill"
259,Georgia Northwestern Technical College,+1 (706) 295-6963,,https://www.degree.me/colleges/georgia/rome/georgia-northwestern-technical-college,GA,30161,Rome,One Maurice Culberson Drive
260,Tillamook Bay Community College,+1 (503) 842-8222,TBCC,https://www.degree.me/colleges/oregon/tillamook,OR,97141,Tillamook,4301 Third St.
261,Northern Wyoming Community College District,+1 (3076) 750-5050,"['Gillette College', 'Northern Wyoming Community College District', 'Sheridan College']",https://www.degree.me/colleges/wyoming/sheridan,WY,82801,Sheridan,1 Whitney Way
262,Washington and Lee University,+1 (540) 458-8400,Washington and Lee W&L WLU,https://www.degree.me/colleges/virginia/buena-vista,VA,24450-2116,Lexington,204 West Washington Street
263,Christine Valmy International School of Esthetics and Cosmetology,+1 (973575) 105-0107,Christine Valmy International School,https://www.degree.me/colleges/new-jersey/newton,NJ,07058-9589,Pine Brook,285 Changebridge Road
264,University of Alaska Fairbanks,+1 (907) 474-7034,UAF,https://www.degree.me/colleges/alaska/fairbanks/university-of-alaska-fairbanks,AK,99775,Fairbanks,1731 South Chandalar Drive
265,Franklin W Olin College of Engineering,+1 (781) 292-2300,Olin College of Engineering,https://www.degree.me/colleges/massachusetts/taunton,MA,02492-1200,Needham,1000 Olin Way
266,"School of Professional Horticulture, New York Botanical Garden",+1 (718) 817-8797,SoPH - NYBG,https://www.degree.me/colleges/new-york/brentwood,NY,10458-5126,Bronx,2900 Southern Blvd.
267,Mid-America Christian University,+1 (405) 691-3800,"['Mid-America Bible College', 'MACU', 'Gulf Coast Bible College']",https://www.degree.me/colleges/oklahoma/yukon,OK,73170-9797,Oklahoma City,3500 SW 119th St
268,Florida Polytechnic University,+1 (863) 583-9050,Florida Poly,https://www.degree.me/colleges/florida/lakeland/florida-polytechnic-university,FL,33805-8531,Lakeland,4700 Research Way
269,CHI Health School of Radiologic Technology,+1 (402) 572-3654,Alegent Creighton Health School of Radiologic Technology Bergan Mercy School of Radiologic Technology Immanuel Medical Center School of Radiologic Technology Emmanuel Medical Center School of Radiologic Technology,https://www.degree.me/colleges/nebraska/papillion,NE,68122,Omaha,6901 North 72nd St
270,Tompkins Cortland Community College,+1 (607) 844-8211,Tompkins Cortland,https://www.degree.me/colleges/new-york/cortland,NY,13053-0139,Dryden,170 North St
271,Cayuga County Community College,+1 (315) 255-1743,Cayuga Community College,https://www.degree.me/colleges/new-york/cortland,NY,13021-3099,Auburn,197 Franklin Street
272,Cayuga Onondaga BOCES-Practical Nursing Program,+1 (315) 253-4899,,https://www.degree.me/colleges/new-york/cortland,NY,13021,Auburn,Center for Learning 12 Allen Street
273,Maine College of Art,+1 (207) 669-5521,MECA � Meca � Portland School of Art,https://www.degree.me/colleges/maine/scarborough,ME,04101-3494,Portland,522 Congress St.
274,Employment Solutions-College for Technical Education,+1 (859) 272-5225,"Employment Solutions, CTE",https://www.degree.me/colleges/kentucky/georgetown,KY,40517,Lexington,1165 Centre Parkway Suite #120
275,Saint Leo University,+1 (352) 588-8200,St. Leo University St Leo University,https://www.degree.me/colleges/florida/lakeland,FL,33574-6665,Saint Leo,33701 State Road 52
276,Cooper Union for the Advancement of Science and Art,+1 (212) 353-4100,The Cooper Union,https://www.degree.me/colleges/new-york/new-york/cooper-union-for-the-advancement-of-science-and-art,NY,10003-7120,New York,7 East 7th Street
277,Delta College Inc,+1 (985) 892-6651,,https://www.degree.me/colleges/louisiana/covington/delta-college-inc,LA,70433-8947,Covington,19231 N. 6th Street
278,Compass Career College,+1 (985) 419-2050,,https://www.degree.me/colleges/louisiana/hammond/compass-career-college,LA,70403,Hammond,"42353 Deluxe Plaza, Suite 16"
279,Midwestern Baptist Theological Seminary,+1 (816) 414-3700,"['MBC', 'Midwestern', 'Midwestern Baptist College', 'MBTS', 'Midwestern Baptist Seminary', 'Midwestern Baptist College, SBC', 'MBCSBC', 'MBC,SBC']",https://www.degree.me/colleges/missouri/kansas-city/midwestern-baptist-theological-seminary,MO,64118-4697,Kansas City,5001 N. Oak Trafficway
280,Tennessee College of Applied Technology-Whiteville,+1 (731254) 852-1101,TCAT Whiteville,https://www.degree.me/colleges/tennessee/whiteville,TN,38075-0489,Whiteville,1685 Highway 64
281,MIXED Institute of Cosmetology and Barber,+1 (916) 421-5950,MIXED Institute MIXED Institute of Cosmetology,https://www.degree.me/colleges/california/rocklin,CA,95823-2370,Sacramento,5950 Florin Road suite 103
282,Northwest Technical Institute,+1 (4797) 518-8240,NWTI Northwest Technical Institute Northwest Vocational-Technical School,https://www.degree.me/colleges/arkansas/bentonville,AR,72764,Springdale,709 S Old Missouri Rd
283,Career Academy of Hair Design,+1 (479) 633-8110,Leon's Inc. DBA Career Academy of Hair Design,https://www.degree.me/colleges/arkansas/bentonville,AR,72764-7128,Springdale,346 E. Robinson Ave
284,Eastwick College-Nutley,+1 (973) 661-0600,,https://www.degree.me/colleges/new-jersey/nutley/eastwick-college-nutley,NJ,07110,Nutley,103 Park Ave
285,University of Hartford,+1 (860) 768-4100,"UHart, UHA, Hartford",https://www.degree.me/colleges/connecticut/top,CT,06117-1599,West Hartford,200 Bloomfield Ave
286,University of Louisiana at Monroe,+1 (318) 342-1000,ULM; University of Louisiana-Monroe; Uni of LA-Monroe; University of Louisiana Monroe; University of Louisiana at Monroe,https://www.degree.me/colleges/louisiana/monroe,LA,71209-0000,Monroe,700 University Avenue
287,University of New Hampshire-Main Campus,+1 (603) 862-1234,,https://www.degree.me/colleges/region:new-england,NH,03824-3547,Durham,"105 Main St., Thompson Hall"
288,IYRS School of Technology and Trades,+1 (401) 848-5777,IYRS,https://www.degree.me/colleges/region:new-england,RI,02840,Newport,449 Thames St
289,University of New Hampshire at Manchester,+1 (603) 641-4101,UNH Manchester,https://www.degree.me/colleges/region:new-england,NH,03101-1113,Manchester,88 Commercial Street
290,Fortis Institute - Pensacola,+1 (850) 476-7607,"Capps College, Inc.",https://www.degree.me/colleges/program:mechanic,FL,32514,Pensacola,4081 E Olive Rd Ste B
291,Toni and Guy Hairdressing Academy-Shoreline,+1 (2065) 421-1115,Evergreen Beauty College (Shoreline),https://www.degree.me/colleges/washington/port-hadlock,WA,98133,Shoreline,18336 Aurora Ave. North Suite 103
292,The Salon Professional Academy-Battle Creek,+1 (2699624) 400-1016,The Salon Professional Academy,https://www.degree.me/colleges/michigan/battle-creek,MI,49015,Battle Creek,1416 W. Columbia Ave.
293,Manatee Technical College,+1 (941) 751-7900,M.T.C.,https://www.degree.me/colleges/florida/bradenton/manatee-technical-college,FL,34203,Bradenton,6305 State Rd 70 East
294,Pennsylvania State University-Penn State Mont Alto,+1 (717) 749-6000,Penn State,https://www.degree.me/colleges/pennsylvania/gettysburg,PA,17237-9700,Mont Alto,1 Campus Drive
295,Shippensburg University of Pennsylvania,+1 (717) 477-7447,"['Ship', 'Shipensburg', 'Shipenburg', 'SU', 'Shippenburg']",https://www.degree.me/colleges/pennsylvania/gettysburg,PA,17257-2299,Shippensburg,1871 Old Main Drive
296,Pennsylvania State University-Dickinson Law,+1 (717) 240-5000,Penn State,https://www.degree.me/colleges/pennsylvania/gettysburg,PA,17013-2861,Carlisle,150 South College Street
297,Empire Beauty School-Hanover,+1 (800) 920-4593,,https://www.degree.me/colleges/pennsylvania/gettysburg,PA,17331,Hanover,"Clearview Shp Ctr., 1000 Carlisle St, S4"
298,Healthcare Training Institute,+1 (908851) 771-1110,,https://www.degree.me/colleges/new-jersey/union/healthcare-training-institute,NJ,07083,Union,1969 Morris Ave
299,Michigan State University-College of Law,+1 (517) 432-6800,MSU College of Law,https://www.degree.me/colleges/michigan/east-lansing,MI,48824-1300,East Lansing,"648 N. Shaw Lane, Room 368"
300,Hutchinson Community College,+1 (620) 665-3500,,https://www.degree.me/colleges/kansas/hutchinson/hutchinson-community-college,KS,67501,Hutchinson,1300 N Plum St
301,New York College of Podiatric Medicine,+1 (212) 410-8000,The First Institute of Podiatry Long Island College of Podiatry New York College of Podiatry M.J. Lewi College of Podiatry New York College of Podiatric Medicine,https://www.degree.me/colleges/new-york/new-york,NY,10035-1940,New York,53 East 124 Street
302,The New School,+1 (212) 229-5600,New School University Parsons The New School for Design New School for Social Research Eugene Lang College Mannes College The New School for Drama The New School for Jazz and Contemporary Music The New School for Public Engagement,https://www.degree.me/colleges/new-york/new-york,NY,10011-8871,New York,66 West 12th Street
303,West Virginia Junior College-United Career Institute,+1 (724) 437-4600,United Career Institute,https://www.degree.me/colleges/pennsylvania/mount-braddock,PA,15465,Mount Braddock,Mount Braddock Road
304,Greene County Career and Technology Center,+1 (724627) 310-6208,Greene County Vocational-Technical School,https://www.degree.me/colleges/pennsylvania/mount-braddock,PA,15370-8281,Waynesburg,60 Zimmerman Drive
305,Pennsylvania State University-Penn State Fayette- Eberly,+1 (724) 430-4100,Penn State,https://www.degree.me/colleges/pennsylvania/mount-braddock,PA,15456-1025,Lemont Furnace,2201 University Drive
306,West Virginia Junior College-United Career Institute,+1 (724) 515-2440,United Career Institute,https://www.degree.me/colleges/pennsylvania/mount-braddock,PA,15642-2704,Irwin,8957 Lincoln Highway Suite 101-A
307,Niles School of Cosmetology,+1 (847) 965-8061,Niles School of Cosmetology,https://www.degree.me/colleges/illinois/niles,IL,60714,Niles,8057 N. Milwaukee Avenue
308,Crowder College,+1 (417) 451-3223,,https://www.degree.me/colleges/missouri/neosho/crowder-college,MO,64850,Neosho,601 Laclede Ave
309,University of New Mexico-Gallup Campus,+1 (505) 863-7500,UNM-Gallup,https://www.degree.me/colleges/new-mexico/gallup,NM,87301,Gallup,705 Gurley Ave.
310,City Pointe Beauty Academy,+1 (417) 673-8828,,https://www.degree.me/colleges/missouri/webb-city/city-pointe-beauty-academy,MO,64870-2502,Webb City,501 South Madison Street
311,Wayne County Community College District,+1 (313) 496-2600,WCCCD,https://www.degree.me/colleges/michigan/detroit/wayne-county-community-college-district,MI,48226,Detroit,801 W. Fort Street
312,South Florida State College,+1 (863) 453-6661,,https://www.degree.me/colleges/florida/avon-park/south-florida-state-college,FL,33825-9356,Avon Park,600 W College Dr
313,John Paolo's Xtreme Beauty Institute-Goldwell Product Artistry,+1 (518) 583-3700,,https://www.degree.me/colleges/new-york/schenectady,NY,12020,Ballston Spa,426 Geyser Road
314,Schenectady County Community College,+1 (518) 381-1200,"SUNY Schenectady County Community College, SUNY Schenectady",https://www.degree.me/colleges/new-york/schenectady,NY,12305,Schenectady,78 Washington Avenue
315,Joseph F McCloskey School of Nursing,+1 (570) 621-5035,Joseph F McCloskey School of Nursing,https://www.degree.me/colleges/pennsylvania/frackville,PA,17901,Pottsville,450 Washington St
316,CUNY School of Law,+1 (718) 340-4200,"['Law School', 'CUNY Law School']",https://www.degree.me/colleges/new-york/brooklyn-heights/page:3,NY,11101,Long Island City,2 Court Square
317,Spartan College of Aeronautics and Technology,+1 (951) 228-9922,Inland Empire Campus,https://www.degree.me/colleges/california/irvine,CA,92509-8716,Riverside,4130 Mennes Ave
318,Massachusetts Institute of Technology,+1 (617) 253-1000,MIT M.I.T.,https://www.degree.me/colleges/massachusetts/cambridge/massachusetts-institute-of-technology,MA,02139-4307,Cambridge,77 Massachusetts Avenue
319,Academy for Nursing and Health Occupations,+1 (561) 683-1400,ANHO,https://www.degree.me/colleges/florida/deerfield-beach,FL,33417,West Palm Beach,5154 Okeechobee Blvd Ste 201
320,Wright Graduate University for the Realization of Human Potential,+1 (262) 742-4444,Wright Graduate School for the Realization of Human Potential (d/b/a in Illinois),https://www.degree.me/colleges/wisconsin/beloit,WI,53121-2556,Elkhorn,N7698 County Highway H
321,New Mexico State University-Carlsbad,+1 (575) 234-9200,NMSU-Carlsbad,https://www.degree.me/colleges/new-mexico/carlsbad,NM,88220,Carlsbad,1500 University Drive
322,Apex Academy Hair Skin Nails School of Cosmetology,+1 (419) 709-8512,,https://www.degree.me/colleges/ohio/marion,OH,44906-1793,Ontario,1788 West Fourth Street
323,Advance Beauty Techs Academy,+1 (951) 487-8751,ABT ACADEMY,https://www.degree.me/colleges/california/san-jacinto,CA,92583-6572,San Jacinto,641 N State St Ste 1
324,Lake Area Technical Institute,+1 (605) 882-5284,LATI/Lake Area Tech,https://www.degree.me/colleges/south-dakota/watertown,SD,57201-0730,Watertown,1201 Arrow Avenue
325,American Samoa Community College,+1 (684699) 915-5370,ASCC,https://www.degree.me/colleges/american-samoa,AS,96799-2609,Pagopago,P.O. Box 2609
326,Tennessee Board of Regents,+1 (615) 366-4418,TBR - College System of Tennessee,https://www.degree.me/colleges/tennessee/nashville,TN,37214,Nashville,1 Bridgestone Park
327,The Salon Professional Academy-Nashville,+1 (615) 828-1866,,https://www.degree.me/colleges/tennessee/nashville,TN,37214-2163,Nashville,"2710 Old Lebanon Road, Suite 6"
328,University at Buffalo,+1 (716) 645-2000,"['SUNY Buffalo', 'University at Buffalo', 'University of Buffalo', 'State University of New York at Buffalo', 'UB']",https://www.degree.me/colleges/new-york/buffalo,NY,14260-1660,Buffalo,12 Capen Hall
329,West Chester University of Pennsylvania,+1 (610) 436-1000,WCU,https://www.degree.me/colleges/pennsylvania/immaculata,PA,19383,West Chester,University Avenue and High Street
330,Tennessee Technological University,+1 (931) 372-3101,"['Tech', 'TTU', 'Tennessee Tech', 'TN Tech', 'Tennessee Tech University', 'Tenn Tech']",https://www.degree.me/colleges/tennessee/cookeville,TN,38505-0001,Cookeville,1 William L. Jones Drive
331,Adult and Continuing Education-BCTS,+1 (2013436) 000-2288,Bergen Career Institute Bergen County Technical Schools,https://www.degree.me/colleges/new-jersey/hackensack,NJ,07601-6637,Hackensack,200A Hackensack Avenue
332,Tennessee College of Applied Technology-Crump,+1 (731632) 339-3224,TCAT Crump,https://www.degree.me/colleges/tennessee/lexington,TN,38327,Crump,3070 Hwy. 64 West
333,Broward College,+1 (954) 201-7350,BC,https://www.degree.me/colleges/florida/fort-lauderdale/broward-college,FL,33301,Fort Lauderdale,111 East Las Olas Blvd
334,Career Quest Learning Center-Mt. Pleasant,+1 (989) 817-4431,Career Quest,https://www.degree.me/colleges/michigan/mount-pleasant,MI,48858-4427,Mount Pleasant,2116 South Mission Street
335,M J Murphy Beauty College of Mount Pleasant,+1 (989) 773-8629,,https://www.degree.me/colleges/michigan/mount-pleasant,MI,48858,Mount Pleasant,201 W Broadway
336,Blue Ridge Community College,+1 (540) 234-9261,"['BRCC', 'Blue Ridge']",https://www.degree.me/colleges/virginia/weyers-cave,VA,24486-0080,Weyers Cave,1 College Lane
337,University of Virginia-Main Campus,+1 (434) 924-0311,University of Virginia UVa UVA,https://www.degree.me/colleges/virginia/weyers-cave,VA,22903-2628,Charlottesville,1827 University Avenue
338,Eastern Mennonite University,+1 (540) 432-4000,Eastern mennonite univ EMU university EMU college EMU Eastern mennonite Eastern mennonite college EMC Eastern mennonite seminary Eastern menonite,https://www.degree.me/colleges/virginia/weyers-cave,VA,22802-2462,Harrisonburg,1200 Park Rd
339,Riverland Community College,+1 (507) 433-0600,,https://www.degree.me/colleges/minnesota/austin,MN,55912-1473,Austin,1900 8th Ave NW
340,Ventura County Community College System Office,+1 (805) 652-5500,Ventura County Community College District,https://www.degree.me/colleges/california/carpinteria,CA,93010,Camarillo,"761 E. Daily Drive, Suite 200"
341,The Santa Barbara and Ventura Colleges of Law at Santa Barbara,+1 (805) 979-9860,,https://www.degree.me/colleges/california/carpinteria,CA,93101,Santa Barbara,20 E Victoria St
342,Vernon College,+1 (940) 552-6291,Vernon Regional Junior College VRJC VC Vernon,https://www.degree.me/colleges/texas/vernon,TX,76384-4092,Vernon,4400 College Dr.
343,University of Central Florida,+1 (407) 823-2000,UCF,https://www.degree.me/colleges/florida/orlando/university-of-central-florida,FL,32816,Orlando,4000 Central Florida Blvd
344,Dartmouth College,+1 (603) 646-1110,"Dartmouth, Big Green",https://www.degree.me/colleges/new-hampshire/hanover/dartmouth-college,NH,03755-3529,Hanover,207 Parkhurst Hall
345,St Lawrence University,+1 (315) 229-5011,,https://www.degree.me/colleges/new-york/canton/st-lawrence-university,NY,13617,Canton,23 Romoda Drive
