row_id,name,description,url,image,page_url,geo.latitude,geo.longitude,aggregaterating.bestrating,aggregaterating.worstrating,aggregaterating.ratingcount,aggregaterating.ratingvalue
4287,Cyprus visa for Haitian passport holders,Haiti citizens need visa for travelling to Cyprus as tourist. The stay is usually short with a period of 90 days and visa expires in 90 days. Applicant is required to be present when applying for visa and a total of 9 documents are required. You can also find visa exemptions and useful tips from fellow travellers.,https://visalist.io/cyprus/visa-requirements/haiti,https://visalist.io/images/countries/cyprus/cyprus-16d5ec7e.moz.jpg,https://amp.visalist.io/cyprus/visa-requirements/haiti,35.1855659,33.3822764,5.0,0.0,10.0,4.72
3909,South Korea visa requirements for Haitian passport holders,Haitian citizens don't need visa for travelling to South Korea as tourist. The maximum duration of stay is 90 days. You can also find useful tips from fellow travellers.,,https://visalist.io/images/countries/south-korea/south-korea-e38200e2.moz.jpg,https://amp.visalist.io/haiti/all-visas/asia-region,37.566535,126.9779692,,,,
4025,Fiji visa for Botswana passport holders,Botswana citizens don't need visa for travelling to Fiji as tourist. The maximum duration of stay is 4 months. You can also find useful tips from fellow travellers.,https://visalist.io/fiji/visa-requirements/botswana,https://visalist.io/images/countries/fiji/fiji-49166a7d.moz.jpg,https://visalist.io/fiji/visa-requirements/botswana,-18.1248086,178.4500789,5.0,0.0,3.0,4.44
4416,Macau visa for Danish passport holders,Denmark citizens don't need visa for travelling to Macau as tourist. You can also find useful tips from fellow travellers.,https://visalist.io/macau/visa-requirements/denmark,https://visalist.io/images/countries/macao/macao-8ec5e0e3.moz.jpg,https://visalist.io/macau/visa-requirements/denmark,49.611621,6.1319346,5.0,0.0,0.0,5.0
4526,Madagascar visa for Cape Verdean passport holders,Cape Verde citizens can get visa on arrival for travelling to Madagascar as tourist. The stay is usually short with a period of 90 days and visa expires in 90 days. Applicant is required to be present when applying for visa and a total of 2 documents are required. You can also find useful tips from fellow travellers.,https://visalist.io/madagascar/visa-requirements/cape-verde,https://visalist.io/images/countries/madagascar/madagascar-76d487f8.moz.jpg,https://visalist.io/madagascar/visa-requirements/cape-verde,-18.8791902,47.5079055,5.0,0.0,2.0,4.34
4412,Yemen visa for Mauritian passport holders,Mauritius citizens need visa for travelling to Yemen as tourist. You can also find useful tips from fellow travellers.,https://visalist.io/yemen/visa-requirements/mauritius,https://visalist.io/images/countries/yemen/yemen-16306287.moz.jpg,https://amp.visalist.io/yemen/visa-requirements/mauritius,15.3694451,44.1910066,5.0,0.0,5.0,4.57
4389,Thailand visa for Bulgarian passport holders,Bulgaria citizens can get visa on arrival for travelling to Thailand as tourist. The stay is usually short with a period of 15 days and visa expires in 15 days. Applicant is not required to be present when applying for visa and a total of 6 documents are required. You can also find useful tips from fellow travellers.,https://visalist.io/thailand/visa-requirements/bulgaria,https://visalist.io/images/countries/thailand/thailand-6e965fbf.moz.jpg,https://visalist.io/thailand/visa-requirements/bulgaria,13.7563309,100.5017651,5.0,0.0,8.0,4.68
4433,Sweden visa for Gibraltar passport holders,Gibraltar citizens don't need visa for travelling to Sweden as tourist. The stay is usually short with a period of and visa expires in 90 days. Applicant is not required to be present when applying for visa and a total of 4 documents are required. You can also find useful tips from fellow travellers.,https://visalist.io/sweden/visa-requirements/gibraltar,https://visalist.io/images/countries/sweden/sweden-fbdddd0.moz.jpg,https://amp.visalist.io/sweden/visa-requirements/gibraltar,59.3293235,18.0685808,5.0,0.0,10.0,4.72
4204,Kiribati visa for Mauritian passport holders,Mauritius citizens don't need visa for travelling to Kiribati as tourist. The maximum duration of stay is 30 days. You can also find useful tips from fellow travellers.,https://visalist.io/kiribati/visa-requirements/mauritius,https://visalist.io/images/countries/kiribati/kiribati-271bb1a8.moz.jpg,https://visalist.io/kiribati/visa-requirements/mauritius,1.3290526,172.9790528,5.0,0.0,7.0,4.65
4081,Philippines visa for Syrian passport holders,Syria citizens need visa for travelling to Philippines as tourist. COVID travel advice is country is Closed for travel. The stay is usually short with a period of 59 days and visa expires in 90 days. Applicant is not required to be present when applying for visa and a total of 9 documents are required. You can also find useful tips from fellow travellers.,https://visalist.io/philippines/visa-requirements/syria,https://visalist.io/images/countries/philippines/philippines-247723ed.moz.jpg,https://amp.visalist.io/philippines/visa-requirements/syria,14.5995124,120.9842195,5.0,0.0,4.0,4.51
4214,Finland visa for Togolese passport holders,Togo citizens need visa for travelling to Finland as tourist. The stay is usually short with a period of 90 days and visa expires in 90 days. Applicant is required to be present when applying for visa and a total of 10 documents are required. You can also find useful tips from fellow travellers.,https://visalist.io/finland/visa-requirements/togo,https://visalist.io/images/countries/finland/finland-e666bf9c.moz.jpg,https://visalist.io/finland/visa-requirements/togo,60.1698557,24.9383791,5.0,0.0,6.0,4.61
4109,Svalbard visa for Russian passport holders,Russia citizens don't need visa for travelling to Svalbard as tourist. You can also find useful tips from fellow travellers.,https://visalist.io/svalbard/visa-requirements/russia,https://visalist.io/images/countries/svalbard/svalbard-h967ff56.jpg,https://visalist.io/svalbard/visa-requirements/russia,78.2231722,15.6267229,5.0,0.0,1.0,4.21
3968,Madagascar visa for Saint Lucian passport holders,Saint Lucia citizens can get visa on arrival for travelling to Madagascar as tourist. COVID travel advice is country is Closed for travel. The stay is usually short with a period of 90 days and visa expires in 90 days. Applicant is required to be present when applying for visa and a total of 2 documents are required. You can also find useful tips from fellow travellers.,https://visalist.io/madagascar/visa-requirements/saint-lucia,https://visalist.io/images/countries/madagascar/madagascar-76d487f8.moz.jpg,https://visalist.io/madagascar/visa-requirements/saint-lucia,-18.8791902,47.5079055,5.0,0.0,4.0,4.51
4347,Best Melanesia countries to visit with Iraq passport in 2020,"Iraq passport holders can visit 5 Melanesia countries. These countries include Papua New Guinea, Solomon Islands, Vanuatu and New Caledonia. Find best places to visit on visa. See a visual map of visa requirements on the world map. Iraq is part of Middle East, Asia.",https://visalist.io/iraq/all-visas/melanesia-subregion,https://visalist.io/images/countries/iraq/iraq-d36d3387.moz.jpg,https://amp.visalist.io/iraq/all-visas/melanesia-subregion,33.315241,44.3660671,5.0,0.0,1110.0,4.5
4434,USA visa for Ukrainian passport holders,Ukraine citizens need visa for travelling to USA as tourist. The stay is usually long with a period of 180 days and visa expires in upto 10 years. Applicant is required to be present when applying for visa and a total of 11 documents are required. You can also find useful tips from fellow travellers.,https://visalist.io/united-states-of-america/visa-requirements/ukraine,https://visalist.io/images/countries/united-states-of-america/united-states-of-america-20918cc0.moz.jpg,https://amp.visalist.io/united-states-of-america/visa-requirements/ukraine,40.7127753,-74.0059728,5.0,0.0,4.0,4.51
3804,Poland visa for Bahamian passport holders,Bahamas citizens don't need visa for travelling to Poland as tourist. The stay is usually short with a period of 3 months and visa expires in 90 days. Applicant is not required to be present when applying for visa and a total of 4 documents are required. You can also find useful tips from fellow travellers.,https://visalist.io/poland/visa-requirements/bahamas,https://visalist.io/images/countries/poland/poland-b43f3f36.moz.jpg,https://visalist.io/poland/visa-requirements/bahamas,52.2296756,21.0122287,5.0,0.0,5.0,4.57
4693,Barbados visa requirements for Bangladeshi passport holders,Bangladeshi citizens don't need visa for travelling to Barbados as tourist. The maximum duration of stay is 6 months. You can also find useful tips from fellow travellers.,,https://visalist.io/images/countries/barbados/barbados-36f1e953.moz.jpg,https://amp.visalist.io/bangladesh/all-visas/developing-status,13.0968511,-59.6144819,,,,
3819,Travel freedom of Cayman Islands,Cayman Islands can travel to different countries based on their passport,,https://visalist.io/images/countries/cayman-islands/cayman-islands-ae4729bf.moz.jpg,https://visalist.io/travel/restriction,19.2869323,-81.3674389,,,,
4571,Chad visa for Argentine passport holders,Argentina citizens need visa for travelling to Chad as tourist. You can also find useful tips from fellow travellers.,https://visalist.io/chad/visa-requirements/argentina,https://visalist.io/images/countries/chad/chad-90eb4d5c.moz.jpg,https://visalist.io/chad/visa-requirements/argentina,12.1348457,15.0557415,5.0,0.0,10.0,4.72
4230,Sao Tome and Principe visa for Somali passport holders,Somalia citizens can get e-visa for travelling to Sao Tome and Principe as tourist. You can also find useful tips from fellow travellers.,https://visalist.io/sao-tome-and-principe/visa-requirements/somalia,https://visalist.io/images/countries/sao-tome-and-principe/sao-tome-and-principe-9930c43f.moz.jpg,https://visalist.io/sao-tome-and-principe/visa-requirements/somalia,0.3301924,6.733343,5.0,0.0,9.0,4.7
4211,Namibia visa for Solomon Islands passport holders,Solomon Islands citizens need visa for travelling to Namibia as tourist. You can also find useful tips from fellow travellers.,https://visalist.io/namibia/visa-requirements/solomon-islands,https://visalist.io/images/countries/namibia/namibia-38602ccc.moz.jpg,https://visalist.io/namibia/visa-requirements/solomon-islands,-22.5608807,17.0657549,5.0,0.0,7.0,4.65
3776,Cayman Islands visa for Brazilian passport holders,Brazil citizens don't need visa for travelling to Cayman Islands as tourist. You can also find useful tips from fellow travellers.,https://visalist.io/cayman-islands/visa-requirements/brazil,https://visalist.io/images/countries/cayman-islands/cayman-islands-ae4729bf.moz.jpg,https://visalist.io/cayman-islands/visa-requirements/brazil,19.2869323,-81.3674389,5.0,0.0,7.0,4.65
4133,Thailand visa for Montenegrin passport holders,Montenegro citizens need visa for travelling to Thailand as tourist. The stay is usually short with a period of 90 days and visa expires in 90 days. Applicant is not required to be present when applying for visa and a total of 5 documents are required. You can also find useful tips from fellow travellers.,https://visalist.io/thailand/visa-requirements/montenegro,https://visalist.io/images/countries/thailand/thailand-6e965fbf.moz.jpg,https://visalist.io/thailand/visa-requirements/montenegro,13.7563309,100.5017651,5.0,0.0,10.0,4.72
4169,Nauru visa for Namibian passport holders,Namibia citizens need visa for travelling to Nauru as tourist. You can also find useful tips from fellow travellers.,https://visalist.io/nauru/visa-requirements/namibia,https://visalist.io/images/countries/nauru/nauru-a4004c6e.moz.jpg,https://visalist.io/nauru/visa-requirements/namibia,-0.5466857,166.9210913,5.0,0.0,2.0,4.34
3935,Greece visa for Tunisian passport holders,Tunisia citizens need visa for travelling to Greece as tourist. COVID travel advice is country is Open for travel. The stay is usually short with a period of 90 days and visa expires in 90 days. Applicant is required to be present when applying for visa and a total of 10 documents are required. You can also find useful tips from fellow travellers.,https://visalist.io/greece/visa-requirements/tunisia,https://visalist.io/images/countries/greece/greece-6270c0cd.moz.jpg,https://visalist.io/greece/visa-requirements/tunisia,37.9838096,23.7275388,5.0,0.0,5.0,4.57
4118,Developed countries to visit with Cambodia passport in 2020,"Cambodia passport holders can visit 22 countries visa free. Cambodia citizens can have visa on arrival for 30 countries and can get e-visa for 22 countries. These countries include Singapore, Macau, Hong Kong and Taiwan. They need to get a prior visa for 163 countries. Cambodia is part of South-Eastern Asia, Asia.",https://visalist.io/cambodia/all-visas/developed-status,https://visalist.io/images/countries/cambodia/cambodia-26160e38.moz.jpg,https://amp.visalist.io/cambodia/all-visas/developed-status,11.5563738,104.9282099,5.0,0.0,1227.0,4.53
4331,Namibia visa for French passport holders,France citizens don't need visa for travelling to Namibia as tourist. The maximum duration of stay is 3 months. You can also find useful tips from fellow travellers.,https://visalist.io/namibia/visa-requirements/france,https://visalist.io/images/countries/namibia/namibia-38602ccc.moz.jpg,https://visalist.io/namibia/visa-requirements/france,-22.5608807,17.0657549,5.0,0.0,9.0,4.7
4194,Uzbekistan visa for East Timorese passport holders,East Timor citizens need visa for travelling to Uzbekistan as tourist. COVID travel advice is country is Closed for travel. The stay is usually short with a period of 30 days and visa expires in 30 days. Applicant is required to be present when applying for visa and a total of 7 documents are required. You can also find useful tips from fellow travellers.,https://visalist.io/uzbekistan/visa-requirements/timor-leste,https://visalist.io/images/countries/uzbekistan/uzbekistan-8bde4eb5.moz.jpg,https://amp.visalist.io/uzbekistan/visa-requirements/timor-leste,41.2994958,69.2400734,5.0,0.0,3.0,4.44
4446,Best South American countries to visit with Bangladesh passport in 2020,"Bangladesh passport holders can visit 14 South American countries. These countries include South Georgia and the South Sandwich Islands, Suriname, Guyana and Venezuela. Find best places to visit on visa. See a visual map of visa requirements on the world map. Bangladesh is part of Southern Asia, Asia.",https://visalist.io/bangladesh/all-visas/south-america-region,https://visalist.io/images/countries/bangladesh/bangladesh-8b4e90b7.moz.jpg,https://amp.visalist.io/bangladesh/all-visas/south-america-region,23.810332,90.4125181,5.0,0.0,1396.0,4.5600000000000005
4003,Isle of Man visa for Egyptian passport holders,Egypt citizens need visa for travelling to Isle of Man as tourist. You can also find useful tips from fellow travellers.,https://visalist.io/isle-of-man/visa-requirements/egypt,https://visalist.io/images/countries/isle-of-man/isle-of-man-87655bb7.moz.jpg,https://visalist.io/isle-of-man/visa-requirements/egypt,54.1523372,-4.4861228,5.0,0.0,0.0,5.0
4676,Laos visa for Mexican passport holders,Mexico citizens can get visa on arrival for travelling to Laos as tourist. COVID travel advice is country is Closed for travel. The stay is usually short with a period of 30 days and visa expires in 30 days. Applicant is required to be present when applying for visa and a total of 2 documents are required. You can also find useful tips from fellow travellers.,https://visalist.io/laos/visa-requirements/mexico,https://visalist.io/images/countries/laos/laos-6f683189.moz.jpg,https://amp.visalist.io/laos/visa-requirements/mexico,17.9757058,102.6331035,5.0,0.0,7.0,4.65
4363,Greece visa for Antigua and Barbuda passport holders,Antigua and Barbuda citizens don't need visa for travelling to Greece as tourist. The stay is usually short with a period of 3 months and visa expires in 90 days. Applicant is not required to be present when applying for visa and a total of 4 documents are required. You can also find useful tips from fellow travellers.,https://visalist.io/greece/visa-requirements/antigua-and-barbuda,https://visalist.io/images/countries/greece/greece-6270c0cd.moz.jpg,https://visalist.io/greece/visa-requirements/antigua-and-barbuda,37.9838096,23.7275388,5.0,0.0,4.0,4.51
4105,Cambodia visa for Sri Lankan passport holders,Sri Lanka citizens can get e-visa for travelling to Cambodia as tourist. The stay is usually short with a period of 30 days and visa expires in 90 days. Applicant is not required to be present when applying for visa and a total of 3 documents are required. You can also find useful tips from fellow travellers.,https://visalist.io/cambodia/visa-requirements/sri-lanka,https://visalist.io/images/countries/cambodia/cambodia-26160e38.moz.jpg,https://visalist.io/cambodia/visa-requirements/sri-lanka,11.5563738,104.9282099,5.0,0.0,3.0,4.44
4357,Jersey visa for British Virgin Islands passport holders,British Virgin Islands citizens don't need visa for travelling to Jersey as tourist. You can also find useful tips from fellow travellers.,https://visalist.io/jersey/visa-requirements/british-virgin-islands,https://visalist.io/images/countries/jersey/jersey-cbb82306.moz.jpg,https://visalist.io/jersey/visa-requirements/british-virgin-islands,49.1805019,-2.103233,5.0,0.0,1.0,4.21
4428,Sweden visa for Vanuatuan passport holders,Vanuatu citizens don't need visa for travelling to Sweden as tourist. COVID travel advice is country is Partially Open for travel. The stay is usually short with a period of 90 days and visa expires in 90 days. Applicant is not required to be present when applying for visa and a total of 4 documents are required. You can also find useful tips from fellow travellers.,https://visalist.io/sweden/visa-requirements/vanuatu,https://visalist.io/images/countries/sweden/sweden-fbdddd0.moz.jpg,https://visalist.io/sweden/visa-requirements/vanuatu,59.3293235,18.0685808,5.0,0.0,3.0,4.44
4136,Nigeria visa for Canadian passport holders,Canada citizens need visa for travelling to Nigeria as tourist. You can also find useful tips from fellow travellers.,https://visalist.io/nigeria/visa-requirements/canada,https://visalist.io/images/countries/nigeria/nigeria-7e90fb53.moz.jpg,https://visalist.io/nigeria/visa-requirements/canada,6.5243793,3.3792057,5.0,0.0,10.0,4.72
4100,Finland visa for Uzbek passport holders,Uzbekistan citizens need visa for travelling to Finland as tourist. The stay is usually short with a period of 90 days and visa expires in 90 days. Applicant is required to be present when applying for visa and a total of 10 documents are required. You can also find useful tips from fellow travellers.,https://visalist.io/finland/visa-requirements/uzbekistan,https://visalist.io/images/countries/finland/finland-e666bf9c.moz.jpg,https://visalist.io/finland/visa-requirements/uzbekistan,60.1698557,24.9383791,5.0,0.0,9.0,4.7
4499,Best Western Asia countries to visit with Cambodia passport in 2020,"Cambodia passport holders can visit 3 Western Asia countries. These countries include Azerbaijan, Armenia and Georgia. Find best places to visit on visa. See a visual map of visa requirements on the world map. Cambodia is part of South-Eastern Asia, Asia.",https://visalist.io/cambodia/all-visas/western-asia-subregion,https://visalist.io/images/countries/cambodia/cambodia-26160e38.moz.jpg,https://amp.visalist.io/cambodia/all-visas/western-asia-subregion,11.5563738,104.9282099,5.0,0.0,1227.0,4.53
4246,Russia visa for Swazi passport holders,Eswatini citizens need visa for travelling to Russia as tourist. The stay is usually short with a period of 30 days and visa expires in 30 days. Applicant is required to be present when applying for visa and a total of 7 documents are required. You can also find useful tips from fellow travellers.,https://visalist.io/russia/visa-requirements/swaziland,https://visalist.io/images/countries/russia/russia-19b64b26.moz.jpg,https://visalist.io/russia/visa-requirements/swaziland,55.755826,37.6172999,5.0,0.0,6.0,4.61
3918,Singapore visa requirements for Haitian passport holders,Haitian citizens don't need visa for travelling to Singapore as tourist. The maximum duration of stay is 30 days. You can also find useful tips from fellow travellers.,,https://visalist.io/images/countries/singapore/singapore-290dbb2e.moz.jpg,https://amp.visalist.io/haiti/all-visas/asia-region,1.2892988,103.8631368,,,,
4551,UK health regulations,"Get required, recommended and general health regulations advice before travelling to UK. It is recommended that travellers are up to date on routine vaccinations including measles-mumps-rubella (MMR), diphtheria-pertussis-tetanus (DPT), varicella (chickenpox), polio, and yearly flu shots. H5N1 Avian Influenza has been reported in the United Kingdom. UK is part of Europe with main city at London. Its Developed country with a population of 65M people. The main currency is Pound Sterling. The languages spoken are English. 👍 Developed 👨‍👩‍👦‍👦 65M people",https://visalist.io/saint-helena/health,https://visalist.io/images/countries/united-kingdom/united-kingdom-809efadb.moz.jpg,https://visalist.io/saint-helena/health,,,,,,
4047,Nauru visa for Mauritanian passport holders,Mauritania citizens need visa for travelling to Nauru as tourist. You can also find useful tips from fellow travellers.,https://visalist.io/nauru/visa-requirements/mauritania,https://visalist.io/images/countries/nauru/nauru-a4004c6e.moz.jpg,https://visalist.io/nauru/visa-requirements/mauritania,-0.5466857,166.9210913,5.0,0.0,10.0,4.72
4148,Isle of Man visa for Comorian passport holders,Comoros citizens need visa for travelling to Isle of Man as tourist. You can also find useful tips from fellow travellers.,https://visalist.io/isle-of-man/visa-requirements/comoros,https://visalist.io/images/countries/isle-of-man/isle-of-man-87655bb7.moz.jpg,https://visalist.io/isle-of-man/visa-requirements/comoros,54.1523372,-4.4861228,5.0,0.0,0.0,5.0
