row_id,name,description,url,image,page_url,geo.longitude,geo.latitude,aggregaterating.bestrating,aggregaterating.ratingvalue,aggregaterating.reviewcount,aggregaterating.worstrating
0,Thailand,"Thailand costs $741 per month for travelers on a Budget. Learn more about accommodation, food prices, and everything else you need for your trip!",https://venturecost.com/thailand,https://venturecost.com/assets/img/city/chiang-mai-thailand-medium.jpg?v=1548869491,https://venturecost.com/thailand,100.99254100,15.87003200,5,4.1,55,1
1,Spain,"Spain costs $950 per month for travelers on a Budget. Learn more about accommodation, food prices, and everything else you need for your trip!",https://venturecost.com/spain,https://venturecost.com/assets/img/city/barcelona-spain-medium.jpg?v=1548869491,https://venturecost.com/spain,-3.74922000,40.46366700,5,4.4,4,1
2,,"Hong Kong costs $1652 per month for travelers on a Budget. Learn more about accommodation, food prices, and everything else you need for your trip!",https://venturecost.com/hong-kong,https://venturecost.com/assets/img/city/hong-kong-medium.jpg?v=1552605891,https://venturecost.com/asia,114.10949700,22.39642800,5,3,1,1
3,,"South Korea costs $1076 per month for travelers on a Budget. Learn more about accommodation, food prices, and everything else you need for your trip!",https://venturecost.com/south-korea,https://venturecost.com/assets/img/city/seoul-south-korea-medium.jpg?v=1558871309,https://venturecost.com/asia,127.76692200,35.90775700,5,4.3,2,1
4,,"Sri Lanka costs $363 per month for travelers on a Budget. Learn more about accommodation, food prices, and everything else you need for your trip!",https://venturecost.com/sri-lanka,https://venturecost.com/assets/img/city/unawatuna-sri-lanka-medium.jpg?v=1576744050,https://venturecost.com/asia,80.77179700,7.87305400,5,3,7,1
5,,"Australia costs $2654 per month for travelers on a Budget. Learn more about accommodation, food prices, and everything else you need for your trip!",https://venturecost.com/australia,https://venturecost.com/assets/img/city/melbourne-australia-medium.jpg?v=1548869491,https://venturecost.com/oceania,133.77513600,-25.27439800,5,4.2,3,1
6,,"United Kingdom costs $1353 per month for travelers on a Budget. Learn more about accommodation, food prices, and everything else you need for your trip!",https://venturecost.com/united-kingdom,https://venturecost.com/assets/img/city/london-united-kingdom-medium.jpg?v=1550957810,https://venturecost.com/europe,-3.43597300,55.37805100,5,3.8,3,1
7,,"Czech Republic costs $1043 per month for travelers on a Budget. Learn more about accommodation, food prices, and everything else you need for your trip!",https://venturecost.com/czech-republic,https://venturecost.com/assets/img/city/olomouc-czech-republic-medium.jpg?v=1572340581,https://venturecost.com/europe,15.47296200,49.81749200,5,4.5,2,1
8,United States,"United States costs $1136 per month for travelers on a Budget. Learn more about accommodation, food prices, and everything else you need for your trip!",https://venturecost.com/united-states,https://venturecost.com/assets/img/city/chicago-il-united-states-medium.jpg?v=1551137564,https://venturecost.com/united-states,-95.71289100,37.09024000,5,3.8,2,1
9,Indonesia,"Indonesia costs $546 per month for travelers on a Budget. Learn more about accommodation, food prices, and everything else you need for your trip!",https://venturecost.com/indonesia,https://venturecost.com/assets/img/city/canggu-bali-indonesia-medium.jpg?v=1558869959,https://venturecost.com/indonesia,113.92132700,-0.78927500,5,3.2,10,1
10,Malaysia,"Malaysia costs $685 per month for travelers on a Budget. Learn more about accommodation, food prices, and everything else you need for your trip!",https://venturecost.com/malaysia,https://venturecost.com/assets/img/city/kuala-lumpur-malaysia-medium.jpg?v=1551137150,https://venturecost.com/malaysia,101.97576600,4.21048400,5,3.4,18,1
11,South Korea,"South Korea costs $1076 per month for travelers on a Budget. Learn more about accommodation, food prices, and everything else you need for your trip!",https://venturecost.com/south-korea,https://venturecost.com/assets/img/city/seoul-south-korea-medium.jpg?v=1558871309,https://venturecost.com/south-korea,127.76692200,35.90775700,5,4.3,2,1
