row_id,name,description,url,image,page_url,geo.latitude,geo.longitude,aggregaterating.bestrating,aggregaterating.worstrating,aggregaterating.ratingcount,aggregaterating.ratingvalue
540,Solomon Islands visa for Portuguese passport holders,Portugal citizens don't need visa for travelling to Solomon Islands as tourist. The maximum duration of stay is 90 days. You can also find useful tips from fellow travellers.,https://visalist.io/solomon-islands/visa-requirements/portugal,https://visalist.io/images/countries/solomon-islands/solomon-islands-1e294267.moz.jpg,https://visalist.io/solomon-islands/visa-requirements/portugal,-9.4456381,159.9728999,5.0,0.0,8.0,4.68
736,Malaysia visa requirements for Bangladeshi passport holders,Bangladeshi citizens can get e-visa for travelling to Malaysia as tourist. The maximum duration of stay is 30 days. You can also find useful tips from fellow travellers.,,https://visalist.io/images/countries/malaysia/malaysia-8b04c7a1.moz.jpg,https://amp.visalist.io/bangladesh/all-visas/south-eastern-asia-subregion,3.139003,101.686855,,,,
269,Comoros visa for Cameroonian passport holders,Cameroon citizens can get visa on arrival for travelling to Comoros as tourist. You can also find useful tips from fellow travellers.,https://visalist.io/comoros/visa-requirements/cameroon,https://visalist.io/images/countries/comoros/comoros-c97e0ef.moz.jpg,https://visalist.io/comoros/visa-requirements/cameroon,-11.7172157,43.2473146,5.0,0.0,4.0,4.51
352,China visa for Botswana passport holders,Botswana citizens need visa for travelling to China as tourist. COVID travel advice is country is Partially Open for travel. The stay is usually short with a period of 30 days and visa expires in 90 days. Applicant is not required to be present when applying for visa and a total of 10 documents are required. You can also find useful tips from fellow travellers.,https://visalist.io/china/visa-requirements/botswana,https://visalist.io/images/countries/china/china-a377af9a.moz.jpg,https://visalist.io/china/visa-requirements/botswana,31.230416,121.473701,5.0,0.0,4.0,4.51
209,Best South America countries to visit with Benin passport in 2020,"Benin passport holders can visit 14 South America countries. These countries include Suriname, Brazil, Guyana and Paraguay. Find best places to visit on visa. See a visual map of visa requirements on the world map. Benin is part of Western Africa, Africa.",https://visalist.io/benin/all-visas/south-america-subregion,https://visalist.io/images/countries/benin/benin-af1695bc.moz.jpg,https://amp.visalist.io/benin/all-visas/south-america-subregion,6.3702928,2.3912362,5.0,0.0,1115.0,4.51
778,Best South America countries to visit with Costa Rica passport in 2020,"Costa Rica passport holders can visit 14 South America countries. These countries include Colombia, Ecuador, Venezuela and Peru. Find best places to visit on visa. See a visual map of visa requirements on the world map. Costa Rica is part of Central America, North America.",https://visalist.io/costa-rica/all-visas/south-america-subregion,https://visalist.io/images/countries/costa-rica/costa-rica-eafbd5d9.moz.jpg,https://amp.visalist.io/costa-rica/all-visas/south-america-subregion,9.9280694,-84.0907246,5.0,0.0,1027.0,4.48
453,Thailand visa for Saudi passport holders,Saudi Arabia citizens can get visa on arrival for travelling to Thailand as tourist. The stay is usually short with a period of 15 days and visa expires in 15 days. Applicant is not required to be present when applying for visa and a total of 6 documents are required. You can also find useful tips from fellow travellers.,https://visalist.io/thailand/visa-requirements/saudi-arabia,https://visalist.io/images/countries/thailand/thailand-6e965fbf.moz.jpg,https://visalist.io/thailand/visa-requirements/saudi-arabia,13.7563309,100.5017651,5.0,0.0,8.0,4.68
71,France visa for Montserrat passport holders,Montserrat citizens don't need visa for travelling to France as tourist. The stay is usually short with a period of and visa expires in 90 days. Applicant is not required to be present when applying for visa and a total of 4 documents are required. You can also find useful tips from fellow travellers.,https://visalist.io/france/visa-requirements/montserrat,https://visalist.io/images/countries/france/france-82157dbd.moz.jpg,https://visalist.io/france/visa-requirements/montserrat,48.856614,2.3522219,5.0,0.0,10.0,4.72
634,Norfolk Island visa requirements for Pakistani passport holders,Pakistani citizens need visa for travelling to Norfolk Island as tourist. You can also find useful tips from fellow travellers.,,https://visalist.io/images/countries/norfolk-island/norfolk-island-dd3647f1.moz.jpg,https://visalist.io/pakistan/all-visas,-29.0563937,167.959588,,,,
292,Gibraltar visa for Sri Lankan passport holders,Sri Lanka citizens need visa for travelling to Gibraltar as tourist. You can also find useful tips from fellow travellers.,https://visalist.io/gibraltar/visa-requirements/sri-lanka,https://visalist.io/images/countries/gibraltar/gibraltar-b045f2f2.moz.jpg,https://visalist.io/gibraltar/visa-requirements/sri-lanka,36.140751,-5.353585,5.0,0.0,0.0,5.0
706,Myanmar customs import and export regulations,"Get import and export customs regulation before travelling to Myanmar. Items allowed to import are 150mL perfume. Prohibited items are Counterfeit currency. Some of restricted items are Endangered animals, plants, and their derivative products protected under the Convention on International Trade in Endangered Species (CITES) may require protected species permits. Myanmar is part of Asia with main city at Naypyidaw. Its Least Developed country with a population of 51M people. The main currency is Kyat. The languages spoken are Burmese. 👍 Least Developed 👨‍👩‍👦‍👦 51M people",https://visalist.io/myanmar/customs,https://visalist.io/images/countries/myanmar/myanmar-33565e9c.moz.jpg,https://visalist.io/myanmar/customs,,,,,,
2,Jersey visa for Trinidad and Tobago passport holders,Trinidad and Tobago citizens don't need visa for travelling to Jersey as tourist. You can also find useful tips from fellow travellers.,https://visalist.io/jersey/visa-requirements/trinidad-and-tobago,https://visalist.io/images/countries/jersey/jersey-cbb82306.moz.jpg,https://visalist.io/jersey/visa-requirements/trinidad-and-tobago,49.1805019,-2.103233,5.0,0.0,0.0,5.0
413,Chad visa for Yemeni passport holders,Yemen citizens need visa for travelling to Chad as tourist. You can also find useful tips from fellow travellers.,https://visalist.io/chad/visa-requirements/yemen,https://visalist.io/images/countries/chad/chad-90eb4d5c.moz.jpg,https://visalist.io/chad/visa-requirements/yemen,12.1348457,15.0557415,5.0,0.0,10.0,4.72
529,Tonga visa for Cypriot passport holders,Cyprus citizens don't need visa for travelling to Tonga as tourist. The maximum duration of stay is 90 days. You can also find useful tips from fellow travellers.,https://visalist.io/tonga/visa-requirements/cyprus,https://visalist.io/images/countries/tonga/tonga-baf9d7dd.moz.jpg,https://visalist.io/tonga/visa-requirements/cyprus,-21.1393418,-175.204947,5.0,0.0,3.0,4.44
37,San Marino visa requirements for Cambodian passport holders,Cambodian citizens need visa for travelling to San Marino as tourist. You can also find useful tips from fellow travellers.,,https://visalist.io/images/countries/san-marino/san-marino-efa72a04.moz.jpg,https://amp.visalist.io/cambodia/all-visas/southern-europe-subregion,43.9693717,12.4798708,,,,
557,Svalbard visa for Zambian passport holders,Zambia citizens don't need visa for travelling to Svalbard as tourist. You can also find useful tips from fellow travellers.,https://visalist.io/svalbard/visa-requirements/zambia,https://visalist.io/images/countries/svalbard/svalbard-h967ff56.jpg,https://visalist.io/svalbard/visa-requirements/zambia,78.2231722,15.6267229,5.0,0.0,0.0,5.0
