row_id,name,description,url,image,page_url,geo.latitude,geo.longitude,aggregaterating.bestrating,aggregaterating.worstrating,aggregaterating.ratingcount,aggregaterating.ratingvalue
3134,Jersey visa for Myanmar passport holders,Myanmar citizens need visa for travelling to Jersey as tourist. You can also find useful tips from fellow travellers.,https://visalist.io/jersey/visa-requirements/myanmar,https://visalist.io/images/countries/jersey/jersey-cbb82306.moz.jpg,https://visalist.io/jersey/visa-requirements/myanmar,49.1805019,-2.103233,5.0,0.0,0.0,5.0
2992,Countries to visit for USA,"Find list of Countries to visit for USA nationals. USA is part of Northern America, North America",,https://visalist.io/images/countries/united-states-of-america/united-states-of-america-20918cc0.moz.jpg,https://amp.visalist.io/travel/freedom,40.7127753,-74.0059728,,,,
3050,Pakistan visa for Chilean passport holders,Chile citizens can get e-visa for travelling to Pakistan as tourist. The stay is usually short with a period of 90 days and visa expires in 90 days. Applicant is not required to be present when applying for visa and a total of 5 documents are required. You can also find useful tips from fellow travellers.,https://visalist.io/pakistan/visa-requirements/chile,https://visalist.io/images/countries/pakistan/pakistan-42950379.moz.jpg,https://visalist.io/pakistan/visa-requirements/chile,24.8607343,67.0011364,5.0,0.0,1.0,4.21
3246,Cayman Islands visa for Micronesian passport holders,Micronesia citizens need visa for travelling to Cayman Islands as tourist. You can also find useful tips from fellow travellers.,https://visalist.io/cayman-islands/visa-requirements/micronesia,https://visalist.io/images/countries/cayman-islands/cayman-islands-ae4729bf.moz.jpg,https://visalist.io/cayman-islands/visa-requirements/micronesia,19.2869323,-81.3674389,5.0,0.0,6.0,4.61
3090,Italy visa for South Sudanese passport holders,South Sudan citizens need visa for travelling to Italy as tourist. COVID travel advice is country is Partially Open for travel. The stay is usually short with a period of 90 days and visa expires in 90 days. Applicant is required to be present when applying for visa and a total of 10 documents are required. You can also find useful tips from fellow travellers.,https://visalist.io/italy/visa-requirements/south-sudan,https://visalist.io/images/countries/italy/italy-8f811954.moz.jpg,https://amp.visalist.io/italy/visa-requirements/south-sudan,41.9027835,12.4963655,5.0,0.0,5.0,4.57
3095,Best South America countries to visit with Azerbaijan passport in 2020,"Azerbaijan passport holders can visit 14 South America countries. These countries include Suriname, Guyana, Venezuela and Brazil. Find best places to visit on visa. See a visual map of visa requirements on the world map. Azerbaijan is part of Western Asia, Asia.",https://visalist.io/azerbaijan/all-visas/south-america-subregion,https://visalist.io/images/countries/azerbaijan/azerbaijan-5e1ff64b.moz.jpg,https://amp.visalist.io/azerbaijan/all-visas/south-america-subregion,40.4092617,49.8670924,5.0,0.0,1103.0,4.5
3298,Cambodia visa for Guinea-Bissauan passport holders,Guinea-Bissau citizens can get visa on arrival for travelling to Cambodia as tourist. COVID travel advice is country is Partially Open for travel. The stay is usually short with a period of 30 days and visa expires in 30 days. Applicant is required to be present when applying for visa and a total of 2 documents are required. You can also find useful tips from fellow travellers.,https://visalist.io/cambodia/visa-requirements/guinea-bissau,https://visalist.io/images/countries/cambodia/cambodia-26160e38.moz.jpg,https://visalist.io/cambodia/visa-requirements/guinea-bissau,11.5563738,104.9282099,5.0,0.0,7.0,4.65
3616,Laos visa requirements for Portuguese passport holders,Portuguese citizens can get visa on arrival for travelling to Laos as tourist. The maximum duration of stay is 30 days. You can also find useful tips from fellow travellers.,,https://visalist.io/images/countries/laos/laos-6f683189.moz.jpg,https://amp.visalist.io/portugal/all-visas/south-eastern-asia-subregion,17.9757058,102.6331035,,,,
3129,Japan visa for South Sudanese passport holders,South Sudan citizens need visa for travelling to Japan as tourist. COVID travel advice is country is Closed for travel. The stay is usually short with a period of 30 days and visa expires in 90 days. Applicant is not required to be present when applying for visa and a total of 7 documents are required. You can also find useful tips from fellow travellers.,https://visalist.io/japan/visa-requirements/south-sudan,https://visalist.io/images/countries/japan/japan-c4c370dd.moz.jpg,https://amp.visalist.io/japan/visa-requirements/south-sudan,35.6803997,139.7690174,5.0,0.0,6.0,4.61
3012,Suriname visa for Australian passport holders,Australia citizens can get e-visa for travelling to Suriname as tourist. The stay is usually short with a period of 90 days and visa expires in 3 years. Applicant is not required to be present when applying for visa and a total of 6 documents are required. You can also find useful tips from fellow travellers.,https://visalist.io/suriname/visa-requirements/australia,https://visalist.io/images/countries/suriname/suriname-bd310919.moz.jpg,https://visalist.io/suriname/visa-requirements/australia,5.8520355,-55.2038278,5.0,0.0,9.0,4.7
2834,Isle of Man visa for Malagasy passport holders,Madagascar citizens need visa for travelling to Isle of Man as tourist. You can also find useful tips from fellow travellers.,https://visalist.io/isle-of-man/visa-requirements/madagascar,https://visalist.io/images/countries/isle-of-man/isle-of-man-87655bb7.moz.jpg,https://visalist.io/isle-of-man/visa-requirements/madagascar,54.1523372,-4.4861228,5.0,0.0,0.0,5.0
2817,Dominican Republic visa requirements for Iraqi passport holders,Iraqi citizens need visa for travelling to Dominican Republic as tourist. You can also find useful tips from fellow travellers.,,https://visalist.io/images/countries/dominican-republic/dominican-republic-2ac4116.moz.jpg,https://amp.visalist.io/iraq/all-visas/spanish-language,18.4860575,-69.9312117,,,,
3538,Russia visa for Nigerian passport holders,Nigeria citizens need visa for travelling to Russia as tourist. COVID travel advice is country is Closed for travel. The stay is usually short with a period of 30 days and visa expires in 30 days. Applicant is required to be present when applying for visa and a total of 7 documents are required. You can also find useful tips from fellow travellers.,https://visalist.io/russia/visa-requirements/nigeria,https://visalist.io/images/countries/russia/russia-19b64b26.moz.jpg,https://visalist.io/russia/visa-requirements/nigeria,55.755826,37.6172999,5.0,0.0,5.0,4.57
3502,Laos visa requirements for Beninese passport holders,Beninese citizens can get visa on arrival for travelling to Laos as tourist. The maximum duration of stay is 30 days. You can also find useful tips from fellow travellers.,,https://visalist.io/images/countries/laos/laos-6f683189.moz.jpg,https://amp.visalist.io/benin/all-visas/asia-region,17.9757058,102.6331035,,,,
2921,Countries to visit for Argentina,"Find list of Countries to visit for Argentina nationals. Argentina is part of South America, South America",,https://visalist.io/images/countries/argentina/argentina-bb90458a.moz.jpg,https://amp.visalist.io/travel/freedom,-34.6036844,-58.3815591,,,,
3059,Kazakhstan visa for Paraguayan passport holders,Paraguay citizens need visa for travelling to Kazakhstan as tourist. You can also find useful tips from fellow travellers.,https://visalist.io/kazakhstan/visa-requirements/paraguay,https://visalist.io/images/countries/kazakhstan/kazakhstan-f47333f.moz.jpg,https://amp.visalist.io/kazakhstan/visa-requirements/paraguay,43.2220146,76.8512485,5.0,0.0,2.0,4.34
3301,Iceland visa for Belizean passport holders,Belize citizens need visa for travelling to Iceland as tourist. COVID travel advice is country is Partially Open for travel. The stay is usually short with a period of 90 days and visa expires in 90 days. Applicant is required to be present when applying for visa and a total of 10 documents are required. You can also find useful tips from fellow travellers.,https://visalist.io/iceland/visa-requirements/belize,https://visalist.io/images/countries/iceland/iceland-46c79b4e.moz.jpg,https://visalist.io/iceland/visa-requirements/belize,64.146582,-21.9426354,5.0,0.0,1.0,4.21
3054,Suriname visa for Norwegian passport holders,Norway citizens can get e-visa for travelling to Suriname as tourist. The stay is usually short with a period of 90 days and visa expires in 3 years. Applicant is not required to be present when applying for visa and a total of 6 documents are required. You can also find useful tips from fellow travellers.,https://visalist.io/suriname/visa-requirements/norway,https://visalist.io/images/countries/suriname/suriname-bd310919.moz.jpg,https://visalist.io/suriname/visa-requirements/norway,5.8520355,-55.2038278,5.0,0.0,10.0,4.72
3278,Pitcairn visa requirements for Ghanaian passport holders,Ghanaian citizens don't need visa for travelling to Pitcairn as tourist. You can also find useful tips from fellow travellers.,,https://visalist.io/images/countries/pitcairn/pitcairn-ca9d776e.moz.jpg,https://amp.visalist.io/ghana/all-visas/warm-weather,-25.0662897,-130.1004636,,,,
2955,Countries to visit for Isle of Man,"Find list of Countries to visit for Isle of Man nationals. Isle of Man is part of Northern Europe, Europe",,https://visalist.io/images/countries/isle-of-man/isle-of-man-87655bb7.moz.jpg,https://amp.visalist.io/travel/freedom,54.1523372,-4.4861228,,,,
3592,Comoros visa for Santomean passport holders,Sao Tome and Principe citizens can get visa on arrival for travelling to Comoros as tourist. You can also find useful tips from fellow travellers.,https://visalist.io/comoros/visa-requirements/sao-tome-and-principe,https://visalist.io/images/countries/comoros/comoros-c97e0ef.moz.jpg,https://visalist.io/comoros/visa-requirements/sao-tome-and-principe,-11.7172157,43.2473146,5.0,0.0,7.0,4.65
2853,Madagascar visa for Barbadian passport holders,Barbados citizens can get visa on arrival for travelling to Madagascar as tourist. The stay is usually short with a period of 90 days and visa expires in 90 days. Applicant is required to be present when applying for visa and a total of 2 documents are required. You can also find useful tips from fellow travellers.,https://visalist.io/madagascar/visa-requirements/barbados,https://visalist.io/images/countries/madagascar/madagascar-76d487f8.moz.jpg,https://visalist.io/madagascar/visa-requirements/barbados,-18.8791902,47.5079055,5.0,0.0,1.0,4.21
2933,Countries to visit for Central African Republic,"Find list of Countries to visit for Central African Republic nationals. Central African Republic is part of Middle Africa, Africa",,https://visalist.io/images/countries/central-african-republic/central-african-republic-45067302.moz.jpg,https://amp.visalist.io/travel/freedom,4.3946735,18.5581899,,,,
3137,Zimbabwe visa for Bruneian passport holders,Brunei citizens can get visa on arrival for travelling to Zimbabwe as tourist. COVID travel advice is country is Partially Open for travel. The maximum duration of stay is 3 months. You can also find useful tips from fellow travellers.,https://visalist.io/zimbabwe/visa-requirements/brunei,https://visalist.io/images/countries/zimbabwe/zimbabwe-c146afbc.moz.jpg,https://amp.visalist.io/zimbabwe/visa-requirements/brunei,-17.8251657,31.03351,5.0,0.0,6.0,4.61
2789,Tonga visa for Venezuelan passport holders,Venezuela citizens need visa for travelling to Tonga as tourist. You can also find useful tips from fellow travellers.,https://visalist.io/tonga/visa-requirements/venezuela,https://visalist.io/images/countries/tonga/tonga-baf9d7dd.moz.jpg,https://visalist.io/tonga/visa-requirements/venezuela,-21.1393418,-175.204947,5.0,0.0,1.0,4.21
3593,Guam visa for Jordanian passport holders,Jordan citizens need visa for travelling to Guam as tourist. You can also find useful tips from fellow travellers.,https://visalist.io/guam/visa-requirements/jordan,https://visalist.io/images/countries/guam/guam-7d56481a.moz.jpg,https://visalist.io/guam/visa-requirements/jordan,13.4762824,144.7502228,5.0,0.0,10.0,4.72
2916,Jersey visa for Gibraltar passport holders,Gibraltar citizens don't need visa for travelling to Jersey as tourist. You can also find useful tips from fellow travellers.,https://visalist.io/jersey/visa-requirements/gibraltar,https://visalist.io/images/countries/jersey/jersey-cbb82306.moz.jpg,https://visalist.io/jersey/visa-requirements/gibraltar,49.1805019,-2.103233,5.0,0.0,1.0,4.21
3695,Curacao visa for Nicaraguan passport holders,Nicaragua citizens don't need visa for travelling to Curacao as tourist. You can also find useful tips from fellow travellers.,https://visalist.io/curacao/visa-requirements/nicaragua,https://visalist.io/images/countries/curacao/curacao-5abda7cf.moz.jpg,https://visalist.io/curacao/visa-requirements/nicaragua,12.1224221,-68.8824233,5.0,0.0,0.0,5.0
3169,Finland visa for South Korean passport holders,South Korea citizens don't need visa for travelling to Finland as tourist. The stay is usually short with a period of 90 days and visa expires in 90 days. Applicant is not required to be present when applying for visa and a total of 4 documents are required. You can also find useful tips from fellow travellers.,https://visalist.io/finland/visa-requirements/south-korea,https://visalist.io/images/countries/finland/finland-e666bf9c.moz.jpg,https://amp.visalist.io/finland/visa-requirements/south-korea,60.1698557,24.9383791,5.0,0.0,9.0,4.7
3458,Chad visa for Kuwaiti passport holders,Kuwait citizens need visa for travelling to Chad as tourist. You can also find useful tips from fellow travellers.,https://visalist.io/chad/visa-requirements/kuwait,https://visalist.io/images/countries/chad/chad-90eb4d5c.moz.jpg,https://visalist.io/chad/visa-requirements/kuwait,12.1348457,15.0557415,5.0,0.0,5.0,4.57
3656,Macau visa for Costa Rican passport holders,Costa Rica citizens need visa for travelling to Macau as tourist. You can also find useful tips from fellow travellers.,https://visalist.io/macau/visa-requirements/costa-rica,https://visalist.io/images/countries/macao/macao-8ec5e0e3.moz.jpg,https://visalist.io/macau/visa-requirements/costa-rica,49.611621,6.1319346,5.0,0.0,0.0,5.0
2959,Countries to visit for Marshall Islands,"Find list of Countries to visit for Marshall Islands nationals. Marshall Islands is part of Micronesia, Oceania",,https://visalist.io/images/countries/marshall-islands/marshall-islands-f9365ebd.moz.jpg,https://amp.visalist.io/travel/freedom,7.131474,171.184478,,,,
3603,Sweden visa for Tongan passport holders,Tonga citizens don't need visa for travelling to Sweden as tourist. The stay is usually short with a period of 90 days and visa expires in 90 days. Applicant is not required to be present when applying for visa and a total of 4 documents are required. You can also find useful tips from fellow travellers.,https://visalist.io/sweden/visa-requirements/tonga,https://visalist.io/images/countries/sweden/sweden-fbdddd0.moz.jpg,https://visalist.io/sweden/visa-requirements/tonga,59.3293235,18.0685808,5.0,0.0,7.0,4.65
2888,Mauritius visa requirements for Burkinabe passport holders,Burkinabe citizens can get visa on arrival for travelling to Mauritius as tourist. The maximum duration of stay is 60 days. You can also find useful tips from fellow travellers.,,https://visalist.io/images/countries/mauritius/mauritius-9d2b9de.moz.jpg,https://amp.visalist.io/burkina-faso/all-visas/africa-region,-20.1608912,57.5012222,,,,
3482,Countries with Mild climate to visit with Burkina Faso passport in 2020,"Burkina Faso passport holders can visit 34 countries visa free. Burkina Faso citizens can have visa on arrival for 26 countries and can get e-visa for 18 countries. These countries include Andorra, France, Montenegro and Switzerland. They need to get a prior visa for 159 countries. Burkina Faso is part of Western Africa, Africa.",https://visalist.io/burkina-faso/all-visas/mild-weather,https://visalist.io/images/countries/burkina-faso/burkina-faso-ea0c936.moz.jpg,https://amp.visalist.io/burkina-faso/all-visas/mild-weather,12.3714277,-1.5196603,5.0,0.0,1200.0,4.52
3174,Isle of Man visa for Croatian passport holders,Croatia citizens don't need visa for travelling to Isle of Man as tourist. You can also find useful tips from fellow travellers.,https://visalist.io/isle-of-man/visa-requirements/croatia,https://visalist.io/images/countries/isle-of-man/isle-of-man-87655bb7.moz.jpg,https://visalist.io/isle-of-man/visa-requirements/croatia,54.1523372,-4.4861228,5.0,0.0,0.0,5.0
3358,Thailand visa for Maltese passport holders,Malta citizens can get visa on arrival for travelling to Thailand as tourist. The stay is usually short with a period of 15 days and visa expires in 15 days. Applicant is not required to be present when applying for visa and a total of 6 documents are required. You can also find useful tips from fellow travellers.,https://visalist.io/thailand/visa-requirements/malta,https://visalist.io/images/countries/thailand/thailand-6e965fbf.moz.jpg,https://visalist.io/thailand/visa-requirements/malta,13.7563309,100.5017651,5.0,0.0,9.0,4.7
3120,Tonga visa for Sierra Leonean passport holders,Sierra Leone citizens need visa for travelling to Tonga as tourist. You can also find useful tips from fellow travellers.,https://visalist.io/tonga/visa-requirements/sierra-leone,https://visalist.io/images/countries/tonga/tonga-baf9d7dd.moz.jpg,https://visalist.io/tonga/visa-requirements/sierra-leone,-21.1393418,-175.204947,5.0,0.0,2.0,4.34
3017,North Macedonia visa for Pitcairn passport holders,Pitcairn citizens don't need visa for travelling to North Macedonia as tourist. The maximum duration of stay is 90 days. You can also find useful tips from fellow travellers.,https://visalist.io/macedonia/visa-requirements/pitcairn,https://visalist.io/images/countries/macedonia/macedonia-9ff2deb6.moz.jpg,https://visalist.io/macedonia/visa-requirements/pitcairn,41.9960421,21.431647,5.0,0.0,8.0,4.68
3300,Gibraltar visa for Myanmar passport holders,Myanmar citizens need visa for travelling to Gibraltar as tourist. You can also find useful tips from fellow travellers.,https://visalist.io/gibraltar/visa-requirements/myanmar,https://visalist.io/images/countries/gibraltar/gibraltar-b045f2f2.moz.jpg,https://visalist.io/gibraltar/visa-requirements/myanmar,36.140751,-5.353585,5.0,0.0,0.0,5.0
3506,China visa for Puerto Rico passport holders,Puerto Rico citizens need visa for travelling to China as tourist. The stay is usually short with a period of 30 days and visa expires in 90 days. Applicant is not required to be present when applying for visa and a total of 10 documents are required. You can also find useful tips from fellow travellers.,https://visalist.io/china/visa-requirements/puerto-rico,https://visalist.io/images/countries/china/china-a377af9a.moz.jpg,https://visalist.io/china/visa-requirements/puerto-rico,31.230416,121.473701,5.0,0.0,9.0,4.7
3429,"South Africa Embassy in City of Kuwait, Kuwait","South Africa Embassy details in City of Kuwait, Kuwait",,https://visalist.io/images/countries/kuwait/kuwait-d63848ce.moz.jpg,https://visalist.io/south-africa/embassy/kuwait,29.375859,47.9774052,,,,
3659,Mauritania visa for Egyptian passport holders,Egypt citizens can get visa on arrival for travelling to Mauritania as tourist. You can also find useful tips from fellow travellers.,https://visalist.io/mauritania/visa-requirements/egypt,https://visalist.io/images/countries/mauritania/mauritania-d3c84e4b.moz.jpg,https://visalist.io/mauritania/visa-requirements/egypt,18.0735299,-15.9582372,5.0,0.0,2.0,4.34
3620,China visa for Mexican passport holders,Mexico citizens need visa for travelling to China as tourist. The stay is usually short with a period of 30 days and visa expires in 90 days. Applicant is not required to be present when applying for visa and a total of 10 documents are required. You can also find useful tips from fellow travellers.,https://visalist.io/china/visa-requirements/mexico,https://visalist.io/images/countries/china/china-a377af9a.moz.jpg,https://visalist.io/china/visa-requirements/mexico,31.230416,121.473701,5.0,0.0,8.0,4.68
3639,Liberia visa for Tanzanian passport holders,Tanzania citizens need visa for travelling to Liberia as tourist. You can also find useful tips from fellow travellers.,https://visalist.io/liberia/visa-requirements/tanzania,https://visalist.io/images/countries/liberia/liberia-e8d22bc7.moz.jpg,https://visalist.io/liberia/visa-requirements/tanzania,6.3156068,-10.8073698,5.0,0.0,10.0,4.72
2939,Countries to visit for Ivory Coast,"Find list of Countries to visit for Ivory Coast nationals. Ivory Coast is part of Western Africa, Africa",,https://visalist.io/images/countries/cote-divoire/cote-divoire-850b12a5.moz.jpg,https://amp.visalist.io/travel/freedom,5.3599517,-4.0082563,,,,
3254,Poland visa for Solomon Islands passport holders,Solomon Islands citizens don't need visa for travelling to Poland as tourist. COVID travel advice is country is Partially Open for travel. The stay is usually short with a period of 90 days and visa expires in 90 days. Applicant is not required to be present when applying for visa and a total of 4 documents are required. You can also find useful tips from fellow travellers.,https://visalist.io/poland/visa-requirements/solomon-islands,https://visalist.io/images/countries/poland/poland-b43f3f36.moz.jpg,https://visalist.io/poland/visa-requirements/solomon-islands,52.2296756,21.0122287,5.0,0.0,7.0,4.65
2952,Countries to visit for Vatican City,"Find list of Countries to visit for Vatican City nationals. Vatican City is part of Southern Europe, Europe",,https://visalist.io/images/countries/vatican-city/vatican-city-ccdf686b.moz.jpg,https://amp.visalist.io/travel/freedom,41.902916,12.453389,,,,
3438,Gibraltar visa for Yemeni passport holders,Yemen citizens need visa for travelling to Gibraltar as tourist. You can also find useful tips from fellow travellers.,https://visalist.io/gibraltar/visa-requirements/yemen,https://visalist.io/images/countries/gibraltar/gibraltar-b045f2f2.moz.jpg,https://visalist.io/gibraltar/visa-requirements/yemen,36.140751,-5.353585,5.0,0.0,0.0,5.0
3232,Nigeria visa for Estonian passport holders,Estonia citizens need visa for travelling to Nigeria as tourist. You can also find useful tips from fellow travellers.,https://visalist.io/nigeria/visa-requirements/estonia,https://visalist.io/images/countries/nigeria/nigeria-7e90fb53.moz.jpg,https://visalist.io/nigeria/visa-requirements/estonia,6.5243793,3.3792057,5.0,0.0,8.0,4.68
2999,Micronesia visa for American Samoa passport holders,American Samoa citizens don't need visa for travelling to Micronesia as tourist. COVID travel advice is country is Closed for travel. The stay is usually short with a period of unlimited and visa expires in 90 days. Applicant is required to be present when applying for visa and a total of 1 document is required. You can also find useful tips from fellow travellers.,https://visalist.io/micronesia/visa-requirements/american-samoa,https://visalist.io/images/countries/micronesia/micronesia-ac376ae9.moz.jpg,https://amp.visalist.io/micronesia/visa-requirements/american-samoa,6.9147118,158.1610274,5.0,0.0,6.0,4.61
3185,Singapore visa for Saint Helena passport holders,Saint Helena citizens don't need visa for travelling to Singapore as tourist. The maximum duration of stay is 90 days. You can also find useful tips from fellow travellers.,https://visalist.io/singapore/visa-requirements/saint-helena,https://visalist.io/images/countries/singapore/singapore-290dbb2e.moz.jpg,https://visalist.io/singapore/visa-requirements/saint-helena,1.2892988,103.8631368,5.0,0.0,10.0,4.72
3172,New Zealand visa requirements for Indian passport holders,Indian citizens need visa for travelling to New Zealand as tourist. You can also find useful tips from fellow travellers.,,https://visalist.io/images/countries/new-zealand/new-zealand-56720807.moz.jpg,https://amp.visalist.io/india/all-visas/cold-weather,-36.8484597,174.7633315,,,,
3678,Slovakia visa for Malian passport holders,Mali citizens need visa for travelling to Slovakia as tourist. COVID travel advice is country is Partially Open for travel. The stay is usually short with a period of 90 days and visa expires in 90 days. Applicant is required to be present when applying for visa and a total of 10 documents are required. You can also find useful tips from fellow travellers.,https://visalist.io/slovakia/visa-requirements/mali,https://visalist.io/images/countries/slovakia/slovakia-966d88b.moz.jpg,https://amp.visalist.io/slovakia/visa-requirements/mali,48.1485965,17.1077478,5.0,0.0,1.0,4.21
3101,Japan visa for Omani passport holders,Oman citizens need visa for travelling to Japan as tourist. The stay is usually short with a period of 30 days and visa expires in 90 days. Applicant is not required to be present when applying for visa and a total of 7 documents are required. You can also find useful tips from fellow travellers.,https://visalist.io/japan/visa-requirements/oman,https://visalist.io/images/countries/japan/japan-c4c370dd.moz.jpg,https://visalist.io/japan/visa-requirements/oman,35.6803997,139.7690174,5.0,0.0,11.0,4.74
2813,Spanish speaking countries to visit with Iraq passport in 2020,"Iraq passport holders can visit 24 Spanish speaking countries. These countries include Spain, Equatorial Guinea, Western Sahara and Guam. Find best places to visit on visa. See a visual map of visa requirements on the world map. Iraq is part of Middle East, Asia.",https://visalist.io/iraq/all-visas/spanish-language,https://visalist.io/images/countries/iraq/iraq-d36d3387.moz.jpg,https://amp.visalist.io/iraq/all-visas/spanish-language,33.315241,44.3660671,5.0,0.0,1110.0,4.5
2985,Countries to visit for South Georgia and the South Sandwich Islands,"Find list of Countries to visit for South Georgia and the South Sandwich Islands nationals. South Georgia and the South Sandwich Islands is part of South America, South America",,https://visalist.io/images/countries/south-georgia-and-the-south-sandwich-islands/south-georgia-and-the-south-sandwich-islands-dd17ef0a.moz.jpg,https://amp.visalist.io/travel/freedom,-54.2832502,-36.493735,,,,
3177,Uruguay visa for Togolese passport holders,Togo citizens need visa for travelling to Uruguay as tourist. You can also find useful tips from fellow travellers.,https://visalist.io/uruguay/visa-requirements/togo,https://visalist.io/images/countries/uruguay/uruguay-311a4242.moz.jpg,https://amp.visalist.io/uruguay/visa-requirements/togo,-34.9011127,-56.1645314,5.0,0.0,5.0,4.57
3093,Thailand visa for Spanish passport holders,Spain citizens don't need visa for travelling to Thailand as tourist. The maximum duration of stay is 30 days. You can also find useful tips from fellow travellers.,https://visalist.io/thailand/visa-requirements/spain,https://visalist.io/images/countries/thailand/thailand-6e965fbf.moz.jpg,https://visalist.io/thailand/visa-requirements/spain,13.7563309,100.5017651,5.0,0.0,10.0,4.72
3701,Isle of Man visa for Philippine passport holders,Philippines citizens need visa for travelling to Isle of Man as tourist. You can also find useful tips from fellow travellers.,https://visalist.io/isle-of-man/visa-requirements/philippines,https://visalist.io/images/countries/isle-of-man/isle-of-man-87655bb7.moz.jpg,https://visalist.io/isle-of-man/visa-requirements/philippines,54.1523372,-4.4861228,5.0,0.0,8.0,4.68
3103,Best Central Asia countries to visit with Azerbaijan passport in 2020,"Azerbaijan passport holders can visit 5 Central Asia countries. These countries include Turkmenistan, Uzbekistan, Kazakhstan and Tajikistan. Find best places to visit on visa. See a visual map of visa requirements on the world map. Azerbaijan is part of Western Asia, Asia.",https://visalist.io/azerbaijan/all-visas/central-asia-subregion,https://visalist.io/images/countries/azerbaijan/azerbaijan-5e1ff64b.moz.jpg,https://amp.visalist.io/azerbaijan/all-visas/central-asia-subregion,40.4092617,49.8670924,5.0,0.0,1103.0,4.5
3560,Mexico visa for Guam passport holders,Guam citizens don't need visa for travelling to Mexico as tourist. The maximum duration of stay is 180 days. You can also find useful tips from fellow travellers.,https://visalist.io/mexico/visa-requirements/guam,https://visalist.io/images/countries/mexico/mexico-f0d76471.moz.jpg,https://visalist.io/mexico/visa-requirements/guam,19.2464696,-99.1013498,5.0,0.0,12.0,4.76
2762,Laos visa for Indian passport holders,India citizens can get visa on arrival for travelling to Laos as tourist. COVID travel advice is country is Closed for travel. The stay is usually short with a period of 30 days and visa expires in 30 days. Applicant is required to be present when applying for visa and a total of 2 documents are required. You can also find useful tips from fellow travellers.,https://visalist.io/laos/visa-requirements/india,https://visalist.io/images/countries/laos/laos-6f683189.moz.jpg,https://amp.visalist.io/laos/visa-requirements/india,17.9757058,102.6331035,5.0,0.0,7.0,4.65
2995,Countries to visit for British Virgin Islands,"Find list of Countries to visit for British Virgin Islands nationals. British Virgin Islands is part of Caribbean, North America",,https://visalist.io/images/countries/british-virgin-islands/british-virgin-islands-6635be4b.moz.jpg,https://amp.visalist.io/travel/freedom,18.4286115,-64.6184657,,,,
3374,North Korea visa for Argentine passport holders,Argentina citizens need visa for travelling to North Korea as tourist. You can also find useful tips from fellow travellers.,https://visalist.io/north-korea/visa-requirements/argentina,https://visalist.io/images/countries/north-korea/north-korea-bf94ba43.moz.jpg,https://amp.visalist.io/north-korea/visa-requirements/argentina,39.0392193,125.7625241,5.0,0.0,7.0,4.65
3576,Gibraltar visa for Czech passport holders,Czechia citizens don't need visa for travelling to Gibraltar as tourist. You can also find useful tips from fellow travellers.,https://visalist.io/gibraltar/visa-requirements/czech-republic,https://visalist.io/images/countries/gibraltar/gibraltar-b045f2f2.moz.jpg,https://visalist.io/gibraltar/visa-requirements/czech-republic,36.140751,-5.353585,5.0,0.0,0.0,5.0
3498,Best Asian countries to visit with Benin passport in 2020,"Benin passport holders can visit 50 Asian countries. These countries include Israel, Palestine, Jordan and Lebanon. Find best places to visit on visa. See a visual map of visa requirements on the world map. Benin is part of Western Africa, Africa.",https://visalist.io/benin/all-visas/asia-region,https://visalist.io/images/countries/benin/benin-af1695bc.moz.jpg,https://amp.visalist.io/benin/all-visas/asia-region,6.3702928,2.3912362,5.0,0.0,1115.0,4.51
2781,Kazakhstan visa for Moldovan passport holders,Moldova citizens don't need visa for travelling to Kazakhstan as tourist. The maximum duration of stay is 90 days. You can also find useful tips from fellow travellers.,https://visalist.io/kazakhstan/visa-requirements/moldova,https://visalist.io/images/countries/kazakhstan/kazakhstan-f47333f.moz.jpg,https://visalist.io/kazakhstan/visa-requirements/moldova,43.2220146,76.8512485,5.0,0.0,6.0,4.61
3527,China visa for Brazilian passport holders,Brazil citizens need visa for travelling to China as tourist. The stay is usually short with a period of 30 days and visa expires in 90 days. Applicant is not required to be present when applying for visa and a total of 10 documents are required. You can also find useful tips from fellow travellers.,https://visalist.io/china/visa-requirements/brazil,https://visalist.io/images/countries/china/china-a377af9a.moz.jpg,https://visalist.io/china/visa-requirements/brazil,31.230416,121.473701,5.0,0.0,6.0,4.61
3461,Tonga visa for Belarusian passport holders,Belarus citizens need visa for travelling to Tonga as tourist. You can also find useful tips from fellow travellers.,https://visalist.io/tonga/visa-requirements/belarus,https://visalist.io/images/countries/tonga/tonga-baf9d7dd.moz.jpg,https://visalist.io/tonga/visa-requirements/belarus,-21.1393418,-175.204947,5.0,0.0,2.0,4.34
