person_id,id,name,character,role
273831,tm143372,Shihoko Hagino,Hidetoshi Dekisugi (voice),ACTOR
24126,tm67378,Robert Ryan,Ehrengard,ACTOR
60770,tm111828,Lauren Cohn,Female Teller,ACTOR
15112,ts20660,Scott Michael Campbell,Brad,ACTOR
71685,tm1187913,Celia Freijeiro,,ACTOR
242136,tm139870,Isaac Rentz,,DIRECTOR
2052114,ts251654,Amgad Al Haggar,,ACTOR
24494,ts129445,Alona Tal,Julia Schneider,ACTOR
688947,tm914535,Neil Webb,Surfer Dude,ACTOR
40957,tm367264,Jan NemejovskÃÂ½,,ACTOR
1766587,tm475339,Evan J. Simpson,Laz,ACTOR
110246,tm1037687,Claes Malmberg,Tommy La Diva,ACTOR
504201,tm118238,Ben Zeller,Dr. Seger,ACTOR
1340,tm365824,Anushka Sharma,Aafiya Yusufzai Bhinder,ACTOR
7895,tm205890,JosÃÂ© Garcia,Victor Gamieux,ACTOR
140371,tm37573,Singh Hartihan Bitto,Curry,ACTOR
132478,tm162259,Maisam Masri,,ACTOR
1389308,tm409817,Anushree Kushwaha,Sales Girl,ACTOR
323104,tm453903,Manuel Lourenzo,PÃÂ¡rroco Victor Cortiella,ACTOR
761399,tm306811,Johnny Claus,Santa Claus Auditionee / Himself,ACTOR
851361,tm1201262,Alex Boniello,Fleetwood Zach,ACTOR
1031609,tm363922,Polina Sidikhina,,ACTOR
830333,tm271951,Juke Hardy,Harry's Guard (uncredited),ACTOR
1223585,tm426983,Swantje Beckmann,Joy's Doctor,ACTOR
211607,ts41948,Afrika Bambaataa,Himself,ACTOR
44146,tm1121246,Merwin Mondesir,Jules,ACTOR
3167,tm283322,Malik Bazille,Dwight,ACTOR
33093,tm348010,Carlos PenaVega,Pedro,ACTOR
196683,tm445255,Satwant Kaur,Bani's Mother,ACTOR
322040,tm159819,Gerald Pesigan,Gerald Pesigan,ACTOR
1286780,tm81030,Charles Evanson,Gyptian Chief,ACTOR
183262,ts41485,SaygÃÂ±n Soysal,DoÃÂan,ACTOR
4576,tm451512,Indira Varma,Rima Hassine,ACTOR
207198,tm44730,Leif Gantvoort,Cash Register Thief,ACTOR
376551,tm34924,Zhang He,Thomas,ACTOR
2028700,tm819054,CÃÂ©dric Leffray,Jean-Louis (16 ans),ACTOR
758540,tm110923,Fairos Hakim,Bus stop shopkeeper,ACTOR
3385,tm89677,Zoe SaldaÃÂ±a,Dolores Torres,ACTOR
1675,tm205890,Idris Elba,Sean Briar,ACTOR
1009302,tm444799,Greg Zajac,Brian,ACTOR
394698,tm160596,Viktor Axelsson,Leo,ACTOR
1113043,tm454156,JoaquÃÂ­n GÃÂ³mez,JuliÃÂ¡n,ACTOR
1302174,tm887376,Maisie Benson,Chrissy Carson,ACTOR
130512,tm449105,Ruby O. Fee,Sindy,ACTOR
5145,tm847998,Steve Buscemi,Walter Lambert,ACTOR
2042680,tm1003034,Harry Hissrich,Young Boy (Geralt) (voice),ACTOR
15491,ts16919,Jack De Sena,Regular Performer,ACTOR
82452,ts22005,Scott McCord,Owen (voice),ACTOR
61016,ts92405,Ranvir Shorey,Jimmy,ACTOR
511526,tm821789,Flo Lawrence,Maude Anderson,ACTOR
2139305,tm460948,Juno Kim,Sous Chef,ACTOR
1234015,tm362878,Moira Tabina Zayn,Airin,ACTOR
1334852,tm885669,Quinton Guyton,Customer,ACTOR
614260,tm204163,Santos Caraballo,Patron (uncredited),ACTOR
1004895,tm444247,Susan Bay,Herself,ACTOR
274,ts70631,Nobunaga Shimazaki,SuÃÂ (voice),ACTOR
91582,ts314164,Kim Hee-seon,Goo Ryun,ACTOR
290664,tm431347,George Stephanopoulos,Self (Archival Footage),ACTOR
818420,ts268560,Cho Byeong-kyu,So Moon,ACTOR
201616,tm299761,Vicente Villanueva,,DIRECTOR
168308,ts36631,Francisco Denis,Miguel RodrÃÂ­guez Orejuela,ACTOR
167832,tm431081,Chika Okpala,Board Member 1,ACTOR
20995,tm1038344,Sergio Di Zio,Dumb Jim,ACTOR
396131,tm1147041,Kate Henshaw-Nuttal,,ACTOR
1803717,ts239188,Zoran Pingel,Kosh Ziervogel,ACTOR
1019670,tm1040816,Juliana Parizcova Segovia,,ACTOR
12365,tm148147,Eliza Norbury,Gossipy Woman #2,ACTOR
4521,tm178201,Geraldine James,Mrs. Hudson,ACTOR
82190,tm167232,Helen Wiebensohn,Laurel Bressler,ACTOR
6734,tm153284,Thabo Rametsi,Robbie,ACTOR
1065604,ts74959,Lorinska Merrington,,ACTOR
899270,tm359150,Jessica Blue,News Reporter,ACTOR
94572,ts21421,Alex Marty,Pocoyo,ACTOR
632026,ts55223,Mitch Ryan,Himself - Narrator,ACTOR
16685,tm310899,Tahar Rahim,Judas,ACTOR
26290,ts56125,ÃÂlvaro Guerrero,JosÃÂ© Barquet,ACTOR
771608,tm1207098,Christina Pazsitzky,Self,ACTOR
9872,tm191013,Alfred Molina,Rahad Jackson,ACTOR
2018346,tm176507,Will the Farter,,ACTOR
259847,tm813078,Norma Pablo,Luz,ACTOR
1266911,tm244149,Jeff DeHart,President Nixon,ACTOR
12360,tm298779,Kenichi Suzumura,Teruo Ashimoto (voice),ACTOR
89924,tm679284,Quincy Brown,Josh Barton,ACTOR
1764472,tm244521,Trapper Yates,Ben,ACTOR
197687,tm148457,Navneet Nishan,Harjot,ACTOR
11230,tm362198,Dean Norris,Roy Nicholls,ACTOR
934155,tm898614,Matthew Hostetter,Auctioneer,ACTOR
1676,tm145655,Bill Murray,Vincent MacKenna,ACTOR
40897,tm120609,Robert Trebor,"Producer of ""Hail, Caesar!""",ACTOR
434336,tm319224,Lara Jill Miller,Lisa Loud (voice),ACTOR
2323,tm95477,Sean Bean,Odysseus,ACTOR
87190,ts20500,Mikael Aksnes-Pehrson,Jonas Haugli,ACTOR
1750873,tm78919,Stefane Mellino,Busker Guitar,ACTOR
99879,tm1092864,Angela Moore,Corrections Officer #1,ACTOR
52379,tm92641,Claire Geare,Phillipa (3 years),ACTOR
128103,tm22540,Neeraj Vora,,DIRECTOR
14551,tm176864,Geoffrey Streatfeild,Peter Hunt,ACTOR
2462664,tm1080445,DJ Shy,DJ,ACTOR
748859,tm869475,Meghna Malik,Tulika Mausi,ACTOR
878192,tm925584,John D. Hickman,Tom,ACTOR
1808682,tm191431,Sandy Welsh,Delta Two,ACTOR
7879,tm135307,Manny Montana,Alonzo Reyes,ACTOR
190768,ts41260,An Woo-yeon,Heimdal,ACTOR
758245,tm426117,Andrea Lattanzi,Emanuele,ACTOR
1191408,tm814953,Peter Sterk,Herman Mellema,ACTOR
722336,tm49178,Anita Hart,Female Master #2,ACTOR
17490,tm444017,Jim Parsons,Larry Simpson,ACTOR
263834,tm327053,Mel Lisboa,Leila,ACTOR
95606,ts225101,Uhm Hyo-seop,Won Doo-jung,ACTOR
1482,tm138297,Joseph Bishara,Demon,ACTOR
43856,ts76743,Kazuhiro Yamaji,Bel (voice),ACTOR
23900,tm150112,Patrick Fischler,Michael,ACTOR
692751,ts225460,Lukas Thomas Watzl,Leopold von SchÃÂ¶nfeld,ACTOR
825785,ts78053,Kiyo Matsumoto,Nanami Tsubomi,ACTOR
182674,ts215378,Bade IÃÂcil,Older Isik,ACTOR
100924,tm328443,Heo Joon-ho,Lee Gi-seok,ACTOR
22767,tm97070,Jean Smart,Helen Berenson,ACTOR
14175,ts102086,Roshan Seth,Dr. Sharma,ACTOR
5511,tm497383,Garret Dillahunt,Bill von Zehle,ACTOR
1503428,tm24088,Uget Ebony,UN Diplomat #10,ACTOR
79838,tm143227,Simon Delaney,Lawyer,ACTOR
740081,tm1201670,MartÃÂ­n Zimmerman,Self,ACTOR
2089056,tm1080083,Ellie Mae Blake,Martha,ACTOR
357654,tm348993,Eindride Eidsvold,Extremist,ACTOR
21414,tm205870,Wade Williams,Keegan,ACTOR
234023,tm230927,Xavier Dumont,Daniel,ACTOR
53150,tm181092,Deepika Padukone,Alina,ACTOR
2209736,tm67378,John Lopez,Mexican Servant (uncredited),ACTOR
15740,tm1092864,Linda Emond,Rachel Malcolm,ACTOR
869241,tm1066826,Gareth Keegan,James Hewitt / Ensemble,ACTOR
66543,tm836438,Tom Segura,Derek,ACTOR
85763,ts37464,Eldar Skar,Hans Martin Djupvik,ACTOR
56729,tm1130275,Jay Chapman,,DIRECTOR
1803706,tm186408,Roxane Hauzeur,Tekkani,ACTOR
231415,tm465408,Karen Kaia Livers,Helen Wayne,ACTOR
2038681,tm836638,Helena Chambon,Extraordinary woman,ACTOR
158356,tm205333,Deniesse Joaquin,Georgina's Friend,ACTOR
930586,tm244174,Park Jeong-gi,Reporter Jee,ACTOR
317797,tm295177,Carlos TherÃÂ³n,,DIRECTOR
231072,tm827638,Martin Bats Bradford,Bob,ACTOR
69484,tm314602,Deepti Naval,Rama Oberoi,ACTOR
427827,tm112381,Jimmy Brogan,Himself,ACTOR
810,ts218176,Paul Wight,Big Show,ACTOR
4696,tm427465,Will Smith,Self,ACTOR
802195,tm358666,Andreas Pegler,"Sternlicht, opticien",ACTOR
80524,tm160371,Bobby Lee,Kenneth Park,ACTOR
2279704,ts284702,Justin Stratman,"Self. Boston Latin School, Class of 1990 / Witness",ACTOR
183591,tm922429,Jim Cummings,Dale,ACTOR
1361952,tm1127695,Unai GarcÃÂ­a,Radio Presenter (voice),ACTOR
10062,tm138672,Rosanna Arquette,Patricia,ACTOR
194892,ts321277,Daniel Sloss,,DIRECTOR
15536,tm845437,Cathy Moriarty,Montana Moorehead (archive footage),ACTOR
1923218,ts226588,Haley Bockrath,Human #64,ACTOR
77582,tm148671,Johnny Otto,Detective (uncredited),ACTOR
23560,tm840761,Sam Palladio,Prince Edward,ACTOR
730206,ts84772,Kentaro Tone,Zion Kunikida (voice),ACTOR
1387590,tm882606,Anand Ravichandran,,DIRECTOR
21418,tm681578,Anthony Molinari,Man,ACTOR
1916454,ts81857,Memo Dorantes,Julito,ACTOR
249158,tm206512,Lawrence Kao,The Asian Kid,ACTOR
271548,tm925490,Takeshi Fukunaga,,DIRECTOR
672040,tm215638,Hristo Padev,Tall Soldier,ACTOR
1766896,tm475339,Ashley Jackson,Niyah,ACTOR
290367,tm852996,Ramone Hamilton,George Beard,ACTOR
167363,ts83537,Andrzej Mastalerz,Jonasz,ACTOR
19295,tm181270,Brett Baker,Lt. Pat Kasnick,ACTOR
1094855,tm467467,Raphael Thomas,Dancer,ACTOR
69742,tm77863,Chandran Bisht,Handyman / Dinesh,ACTOR
322032,tm840723,Rajendra Gupta,Tauji,ACTOR
450335,tm55369,Clay Van Sickle,High School Party Friend #1,ACTOR
732945,tm1217459,Aishwarya Lekshmi,Vyshali,ACTOR
14316,tm161525,Richard Burgi,Charles,ACTOR
698335,tm844236,Michela Luci,True (voice),ACTOR
2360802,ts285422,Samir Gawhar,,ACTOR
711068,tm58382,Jeremiah Vaughn,Marty's Buddy,ACTOR
88322,ts32186,Kujira,Ella (voice),ACTOR
69506,tm167342,Vipin Sharma,Gauri Shankar,ACTOR
7136,tm141648,Jason Asuncion,Mongolian (uncredited),ACTOR
3565,tm814734,Clemens Schick,Vic,ACTOR
1437288,tm890591,Saskia Bernaola,Marisol,ACTOR
1070774,tm244207,Gamaliel Velasco,Quaking Narco,ACTOR
91665,tm160371,Gareth Reynolds,Heaven's Bartender,ACTOR
351505,tm92641,Ryan Hayward,Lawyer,ACTOR
37426,tm33981,Alain Goulem,Animateur de radio Toronto,ACTOR
1253,tm39888,Thomas Tull,Gotham Rogues Owner (uncredited),ACTOR
894492,tm350379,Gordon Tanner,Elegant Man,ACTOR
2099762,tm453099,Dick Asher,Self,ACTOR
82056,tm92641,Carl Gilliard,Lobby Sub Con,ACTOR
82693,tm142881,Isabella Kai,Young Jerrica,ACTOR
338145,tm832345,Natasza UrbaÃÂska,Anna,ACTOR
104212,tm444247,Jennifer Siebel Newsom,Herself,ACTOR
33549,ts38731,Barry Barnes,Constable James O'Brien,ACTOR
1042751,tm1020073,Henry Bazemore Jr.,Emily's Father,ACTOR
1186,tm1075215,Ashley Greene,Natalie,ACTOR
798664,tm362074,Patrik NÃÂ¶kkvi PeÃÂtursson,Eldar,ACTOR
125254,tm120072,Briar Nolet,Lisa,ACTOR
804120,tm427335,Adam B. Stein,,DIRECTOR
1941,tm30603,Jason Bateman,Ray Embrey,ACTOR
2020181,tm494288,Huddah Monroe,Huddah,ACTOR
1048890,tm849022,Kinsley Isla Dillon,Emma,ACTOR
55831,tm311789,Tommy O'Haver,,DIRECTOR
25478,tm244332,Douglas Hodge,Sully,ACTOR
780347,tm366143,Ami Anijar,Ami Anijar,ACTOR
147646,tm143363,Bikramjeet Kanwarpal,Rajji Mama,ACTOR
1620106,tm463827,Effie Rey,L'ÃÂ©tudiante Effie,ACTOR
1755,tm86995,Joe Roth,,DIRECTOR
34533,tm111163,Patrick Kilpatrick,James Haggerty,ACTOR
8663,tm925584,Thomas Jane,Paul,ACTOR
699032,tm898180,Stella Corradi,,DIRECTOR
140848,tm453099,Joan Baez,The Balladeer,ACTOR
136629,tm1121098,Anjo Yllana,Dindo,ACTOR
1934290,tm459512,Tuan Nguyen,Acapella Group,ACTOR
160793,tm855600,Teddy Coluca,Ron,ACTOR
1659697,tm943718,Kasey Ann Hinton,Airman,ACTOR
227525,tm461827,Nico Romero,,ACTOR
38632,tm307751,Shah Rukh Khan,Harinder Singh Nehra,ACTOR
173006,ts72322,Fernando SolÃÂ³rzano,Braulio BermÃÂºdez,ACTOR
80053,ts237071,Takato Yonemoto,Goto,ACTOR
145189,tm348191,Cherry Pie Picache,,ACTOR
2261760,ts301625,Marta Pietka,Nika,ACTOR
178110,tm169294,Kathryn Bernardo,Leni,ACTOR
338244,ts85515,Pataratida Patcharawirapong,,ACTOR
14101,tm700,Mark Simmons,Sono,ACTOR
389140,tm313683,Miranda Gas,RodrÃÂ­guez,ACTOR
91781,tm157853,Cynthia Sikes,Claudia,ACTOR
914261,tm72587,Elina Wadiwala,uncredited,ACTOR
32507,ts22193,Erica Luttrell,,ACTOR
36618,tm814644,Michael Dowse,,DIRECTOR
2285227,ts94677,lucero,Self. Maribel's Sister,ACTOR
4618,tm228242,Jason Schwartzman,Elliott,ACTOR
1905265,tm145655,Tim Durkin,Belmont Race Caller (voice),ACTOR
104663,tm856424,Nithiin,Bheeshma Prasad,ACTOR
750065,tm455197,Sandeep Reddy Vanga,,DIRECTOR
52236,tm62369,Nick Cheung,Detective Fai,ACTOR
63374,tm62176,Ketki Dave,,ACTOR
1964031,tm409456,Galsar Sanjay,Young man,ACTOR
120284,tm936236,ThorbjÃÂ¸rn Harr,Mathias,ACTOR
8976,tm49839,Jamie Foxx,Blue,ACTOR
1415500,tm819841,Karl Kevin Javid,Miko Vasquez,ACTOR
18436,tm315340,Iko Uwais,Arian,ACTOR
790737,tm157085,Polly Dartford,Sophie Gray,ACTOR
93038,tm367185,David Letterman,Self - TV Host (archive footage),ACTOR
11646,tm88366,Kabir Bedi,General Amarjeeth Bakshi,ACTOR
839183,tm1000619,Priyadarshi Pullikonda,Subbarao,ACTOR
141191,tm824324,Entesar,Umm Sabah,ACTOR
1759,tm852360,Woody Harrelson,Randy The 'Man from Toronto',ACTOR
47863,tm1023388,JosÃÂ©phine de la Baume,Josie,ACTOR
65975,tm446654,Shakti Kapoor,,ACTOR
67562,tm1207096,Melanie Comarcho,Self,ACTOR
63361,tm23441,Preity Zinta,Riya Saran,ACTOR
141349,tm239733,Bront Palarae,Policeman,ACTOR
76762,tm140877,David G. Robinson,Police Sergeant White (uncredited),ACTOR
346044,tm263427,Arlette Torres,,ACTOR
20098,ts20573,Matt Berry,Douglas Reynholm,ACTOR
758811,tm155787,Richard Mullally,Cop #1,ACTOR
1347148,tm88045,Will Blagrove,Matty's Teammate,ACTOR
376999,tm60292,Muhammed CangÃÂ¶ren,Bazaar Shopkeeper,ACTOR
8987,tm183547,George Lopez,Thurman (voice),ACTOR
236778,tm244174,Lee Jung-eun,Okja (voice) / Woman In Wheelchair,ACTOR
34642,tm919869,Victoria Trauttmansdorff,,ACTOR
35597,tm474263,Bill Maher,,ACTOR
101373,tm855600,Michelle Buteau,Ingrid,ACTOR
6457,tm187187,Sven-Ole Thorsen,Gunman,ACTOR
11472,tm62924,Graham Chapman,Various Roles,ACTOR
785640,tm313293,Bassem Masri,Himself,ACTOR
1664588,ts255809,Pablo Duggan,,ACTOR
241966,tm945448,Denis Imbert,,DIRECTOR
631836,tm1018427,Josephine Langford,Emma Cunningham,ACTOR
10565,tm139658,R. Keith Harris,Ed's Father,ACTOR
711949,tm139564,Shannon Formas,Prom Goear,ACTOR
183261,tm311456,Melis Birkan,PÃÂ±nar,ACTOR
64512,tm118438,Tinnu Anand,Mohanlal,ACTOR
721336,ts41260,Choi A-ra,Jo Eun,ACTOR
1094865,tm467467,Quinetta Wilmington,Dancer,ACTOR
2416007,tm1038364,Sukanya Chaumtong,Nurse 2,ACTOR
64203,tm996762,Prakash Raj,Sandeep's Father /Unnikrishnan,ACTOR
347756,tm1143058,Andrzej MusiaÃÂ,"Ojciec ""Nikosia""",ACTOR
1351481,tm88045,Kirk Curran,College Student (uncredited),ACTOR
182591,ts41289,Helen Cripps,Matilda,ACTOR
85328,ts21081,Christian TappÃÂ¡n,Gonzalo Gaviria,ACTOR
2131,tm140391,Ami Metcalf,Sister Thomas,ACTOR
1632047,tm840196,Steven Komito,Marshal,ACTOR
492,ts35775,Janeane Garofalo,Beth,ACTOR
477799,tm983658,Fernanda Gordon,Self (as Fernanda Gordon Fisher),ACTOR
2182305,ts89363,Lee Sae-ah,Ã¬Â¸ÂÃ¬ÂÂ°,ACTOR
1184664,tm443034,Gonzalo Hermoso,Albino,ACTOR
646132,tm927718,Annette Toutonghi,Minnie,ACTOR
1066080,ts55735,Stanley Mei,Chen Jin Wang,ACTOR
74542,tm417440,Paco de LucÃÂ­a,ÃÂl mismo (Imagen de archivo),ACTOR
133277,tm224377,Bing Pimentel,DoÃÂ±a Laureana Luna,ACTOR
163131,tm998238,Bayoumi Fouad,,ACTOR
31878,tm61801,Alexander Karim,Detainee on Monitor,ACTOR
54,ts219423,Susan Eisenberg,Sorceress (voice),ACTOR
1569378,tm893480,Chika,,ACTOR
6670,tm134516,JuJu Chan,Silver Dart Shi,ACTOR
36138,tm320570,Elaine Tan,Elyse,ACTOR
1446067,ts257873,Kate Peters,Victoria Volkov,ACTOR
507872,ts257504,Elena Rivera,Caterina Llor,ACTOR
112630,tm177258,Paresh Ganatra,Manish Chand Jain,ACTOR
36967,tm234980,Louis Koo,Flash,ACTOR
192950,tm233521,Drew Tarver,Craig,ACTOR
30722,tm100688,Luis Tosar,Costa,ACTOR
8822,tm449105,Jamillah Ross,Nurse Patty,ACTOR
254717,tm224255,Fouad Yammine,,ACTOR
75888,tm417553,Ben Hardy,Four,ACTOR
20859,tm319818,David Mackenzie,,DIRECTOR
6105,tm40319,Emile Hirsch,Spin,ACTOR
10475,tm111163,Robert Pastorelli,Johnny Casteleone,ACTOR
175192,tm893480,Oren Hawxhurst,Bouncer,ACTOR
342166,ts83450,Jian Man-shu,Xiao-Tong Hong,ACTOR
37530,tm58382,Ron Lester,Reggie Ray,ACTOR
86405,ts42120,Eric McCormack,Grant MacLaren,ACTOR
44617,tm1023388,Hafsia Herzi,NadÃÂ¨ge,ACTOR
1764,tm170442,Stanley Tucci,Eric Dale,ACTOR
757428,tm985215,Maymay Entrata,,ACTOR
180319,tm352951,Madeleine Humphries,Joanna Bonifacio,ACTOR
706537,tm451584,Sabrina Rochelle Kalangie,,DIRECTOR
1655981,tm954297,Valeria Silva,Henza,ACTOR
131597,tm1165462,Steve Aoki,Steve Aoki,ACTOR
2529,tm143085,Miranda Frigon,Psychologist (uncredited),ACTOR
409901,tm374313,Jeff Gum,Francois Schmidt,ACTOR
17619,tm238587,Deon Lotz,Warrant Officer Rautenbach,ACTOR
37884,tm313974,Al Gore,Self (archive footage),ACTOR
638032,tm296398,Ahn Mi-na,Song Soo-Mi,ACTOR
440162,tm319818,Robin Laing,Bishop of St. Andrews,ACTOR
1054673,tm429163,AdriÃÂ  Salazar,Anselmo,ACTOR
26123,tm60292,Matt Nolan,Peter Genco,ACTOR
593028,tm924991,Luke Hemsworth,Neil,ACTOR
13751,tm285298,Loretta Devine,Carol,ACTOR
913590,tm919869,Nadine Sauter,Peppa,ACTOR
1007,tm191989,Tim Blake Nelson,FBI Technician,ACTOR
99029,tm168921,Tyree Michael Simpson,Cop,ACTOR
48553,ts84346,Luis Ernesto Franco,Diego Hidalgo / Emiliano Guevara,ACTOR
22443,tm979688,Takashi Shimizu,,DIRECTOR
3262,tm413169,David Wenham,Johnny Town-Mouse (voice),ACTOR
28831,ts42119,Lynn Whitfield,Lady Mae Greenleaf,ACTOR
1481199,tm192431,Mario Polit,Young Dominican,ACTOR
649144,tm853910,Yalitza Aparicio,Herself,ACTOR
104891,ts33590,Amber Frank,Taylor Hathaway,ACTOR
52701,tm1130995,Kevin Jonas,Himself,ACTOR
37578,tm1001097,James Urbaniak,Irv Merlin,ACTOR
1260365,tm459512,Jara Zeimer,OMG Girl,ACTOR
1628539,tm78592,Jason Strong,First Year,ACTOR
1765,tm156453,Donald Sutherland,Himself,ACTOR
1076114,tm931701,Omowunmi Dada,Linda,ACTOR
92044,tm118637,Simon Sinn,Fong,ACTOR
140353,tm317274,Dennis Padilla,Papa Two,ACTOR
311536,ts237487,Jamie Watson,,ACTOR
269874,tm943771,Damien O'Connor,,DIRECTOR
82953,tm1080114,Jennifer Taylor,Susan,ACTOR
1069653,tm1227853,Vyoma Nandi,Rajjo,ACTOR
60774,tm34846,Noriko Shitaya,Ururu Tsumugiya (voice),ACTOR
263066,tm346390,Nate Bargatze,,ACTOR
102093,tm881973,Cory Doran,,ACTOR
783489,tm219248,Alan Boell,Courier,ACTOR
698269,tm455715,Pidi Baiq,,DIRECTOR
211560,tm414746,RaÃÂºl Campos,,DIRECTOR
2118239,ts308838,Jamie SalÃÂ©,Self - Canadian Olympic Pair Skater,ACTOR
206135,tm232579,Selina Woulfe,Organ Player,ACTOR
65751,tm177258,Abhinay Deo,,DIRECTOR
793256,tm981945,Jasmine Hyde,French Housekeeper,ACTOR
138,ts217045,Takahiro Sakurai,Bill Weinberg (voice),ACTOR
32385,ts78291,Katharina SchÃÂ¼ttler,Paula Grimmer,ACTOR
602142,ts25707,Dai Xiangyu,Yamamoto Yousuke,ACTOR
796756,tm183176,Sarah Murray,Catherine Sims,ACTOR
23131,tm140843,Tarsem Singh,,DIRECTOR
6612,tm86189,Michael Teigen,Wedding D.J.,ACTOR
4317,ts20790,Aimee Carrero,Sofia Rodriguez,ACTOR
2142,tm355724,Alice Krige,Queen Helena,ACTOR
106872,ts20648,Yukari Tamura,,ACTOR
402685,tm111828,Jan Munroe,Captain Oliver,ACTOR
29757,tm936396,Manish Dayal,Faarooq,ACTOR
372321,tm313424,Jyoti Subhash,Subhadra Chauhan,ACTOR
1418881,ts225544,Wyatt Hinz,Carson,ACTOR
1171645,tm823302,ThaÃÂ­s Schier,Viviane,ACTOR
19165,tm32982,Lisa Hull,Turning Woman 5,ACTOR
59140,tm344336,Yann Gozlan,,DIRECTOR
165359,tm838876,Laila Odom,Chief Honey,ACTOR
1351507,tm88045,Alexander Lee,DC Businessman (uncredited),ACTOR
930254,ts76646,Akito Kiriyama,Kakeru Shigeoka,ACTOR
123541,ts25252,Ryotaro Okiayu,Hiroto Honda,ACTOR
20210,tm78919,Steve Bendelack,,DIRECTOR
1358852,tm351214,Melissa Catalan,Herself - Juan's Daughter,ACTOR
6074,tm111828,Jessica Collins,Peggy,ACTOR
977476,ts84644,Arika Gluck,,ACTOR
1078296,tm414709,Connor Peterson,Young Maxim (uncredited),ACTOR
1332763,tm854278,Barbara Opsomer,Manon Leonetti,ACTOR
1913,tm350,Suki Waterhouse,Arlen,ACTOR
114390,tm95238,Anna Galvin,Ms. Carlsberg,ACTOR
4255,tm195209,Millie Brady,Joan Collins,ACTOR
138720,tm851912,Manav Vij,Comm. Off. Gautam Sinha,ACTOR
35985,tm49405,Noriko Hidaka,KikyÃÂ´,ACTOR
101754,tm998726,Marilyn Lima,Tania,ACTOR
450928,tm63514,Randolph Braham,Self,ACTOR
49921,ts35253,Roger Cross,Six,ACTOR
129864,tm275437,Daniel H. Jenkins,Mr. Drake,ACTOR
2115854,tm1118822,Stella Anna Sonnenbaum,Self,ACTOR
226584,tm954297,Larissa Manoela,Barbara,ACTOR
2042438,tm813695,Constance Payne,Zoe,ACTOR
758511,tm110923,Jamel Daher,Jamal,ACTOR
363,ts20336,Javier Rey,Mateo Ruiz,ACTOR
3656,tm825714,Julio Cedillo,Jesus Cortez,ACTOR
105839,ts53149,Uee,Lee Se-jin,ACTOR
1950830,tm1063790,Syndy Emade,,ACTOR
294304,ts104168,Renata Notni,,ACTOR
236250,ts84135,David Chocarro,Santito,ACTOR
1142785,ts76478,Lee Do-hyun,Lee JunÃ¢ÂÂho (young),ACTOR
732150,ts74753,Abraham Joffe,,DIRECTOR
61024,tm926528,Sonam Kapoor,Self,ACTOR
21032,tm1235785,Lily Tomlin,Self,ACTOR
34614,ts41956,Italia Ricci,Emily Rhodes,ACTOR
211532,tm1028298,Vanessa Dubasso,Aniston,ACTOR
12287,tm877681,Zayne Emory,Jason,ACTOR
167562,tm346939,Martin L. Washington Jr.,Leo,ACTOR
200822,tm245383,Marissa Skell,Margaret,ACTOR
831006,tm558730,Devan Key,Bradley,ACTOR
694866,tm414073,Joe Gelchion,Captain Stover,ACTOR
1010197,tm1195428,Juan Carlos Ortega,,ACTOR
2161475,tm473502,Sahil Khattar,Syed Kirmani,ACTOR
83038,tm14873,Eddie Garrett,Policeman (uncredited),ACTOR
1746386,ts271025,Kane Lim,,ACTOR
128048,ts288540,Bidita Bag,Debashree,ACTOR
4613,tm272060,Willem Dafoe,Terrence Settman,ACTOR
164562,tm325433,Lucas Figueroa,,DIRECTOR
9176,tm139658,David Denman,Don Price - Age 18-22,ACTOR
139303,tm1030241,Bharath Srinivasan,Izaakh,ACTOR
9441,tm155787,Frank Sivero,Frankie Carbone,ACTOR
2424693,tm1080445,Faye Nightingale,Young Woman,ACTOR
9846,tm365122,Jim Gleason,Capt. Newsome,ACTOR
2291874,ts329854,Moon Jeon-kwon,,DIRECTOR
1778389,tm348392,Sherry Haydock Freeman,Self,ACTOR
734946,tm166978,Claudia VaÃÂ¡ekovÃÂ¡,Russian News Anchor,ACTOR
780875,tm954297,Kathy-Ann Hart,Sheryll,ACTOR
89157,tm834851,Moira Driscoll,The Jeweler,ACTOR
2984,tm15897,Alfonso Freeman,Fingerprint Technician,ACTOR
161022,ts81318,Moshe Ashkenazi,Yakir 'Benda' Ben-David,ACTOR
659840,tm246175,Jordan Freid,Nixons ÃÂ¶versÃÂ¤ttare,ACTOR
384274,tm1075215,Soraya Kelley,,ACTOR
1384764,tm1195428,Valeria Ros,,ACTOR
11091,tm414073,Matthew Modine,MacDonald,ACTOR
256589,tm316658,Veronika Dash,Natalie,ACTOR
252361,tm1138743,Connie Chung,Self (voice),ACTOR
9173,tm71119,Glenn Morshower,General,ACTOR
2025120,tm1088545,Prince Sontoye,,ACTOR
46110,ts81331,Chris Jai Alex,George (voice),ACTOR
17056,tm236725,David Lynch,Self,ACTOR
2327,tm847998,Jackie Sandler,Tracy Phillips,ACTOR
1373260,tm490222,Isaac Slatton,Student,ACTOR
161159,ts104840,Murathan Muslu,Kalifa,ACTOR
8030,tm1160484,Agam Darshi,Mona,ACTOR
1299567,tm985747,Chih-yen Hsu,,DIRECTOR
11822,tm299730,Cheon Ho-jin,Jo Myung-chul,ACTOR
728308,ts37660,Shin Won-ho,,DIRECTOR
3756,tm217228,Nat Wolff,"Light Turner / ""Kira""",ACTOR
145648,tm239290,TJ Trinidad,,ACTOR
291365,tm299761,Cecilia Solaguren,Mujer taxi,ACTOR
182440,ts16117,ÃÂ°pek Bilgin,SÃÂ¼reyya GÃÂ¼rok,ACTOR
870595,tm372061,Lukman Avaran,Rajesh,ACTOR
43475,tm432838,Sergi LÃÂ³pez,Warren Phillips (voice),ACTOR
1836316,tm476496,Shubhangi Damle,,ACTOR
1803347,tm186408,Audrey Miras,Tash Queen,ACTOR
18315,tm428557,Rosalind Chao,Gu Kailai,ACTOR
19076,tm313974,Rudolph Giuliani,Self (archive footage),ACTOR
895242,tm921206,Megan du Plessis,"Shelly ""Elle"" Evans (Age 4)",ACTOR
47019,tm852097,Kensho Ono,Masamichi Isami (voice),ACTOR
295712,tm22342,Ray Bengston,White Security Guard,ACTOR
1770288,tm855535,Paulina Mastylo,Violinist,ACTOR
19977,tm285340,Amber Tamblyn,Jill,ACTOR
174507,tm366143,Hanan Savyon,Steve,ACTOR
31988,tm85243,Robb Wells,Ricky,ACTOR
172264,tm188290,Arlene Muhlach,Gwen Martinez,ACTOR
892486,tm989672,Moses Ingram,Self,ACTOR
2736,ts102086,Eve Hewson,Adele,ACTOR
238991,tm91952,Ely Henry,Homeschooled Boy,ACTOR
176564,tm345225,Akshay Oberoi,Nikki,ACTOR
24868,ts84663,Bette Midler,Hadassah Gold,ACTOR
3308,tm27911,Martin Scorsese,,DIRECTOR
39577,ts36577,Arnas Fedaravicius,Sihtric,ACTOR
598252,tm441050,Jordan Long,Bobby,ACTOR
1294714,tm426428,Chris Kontopidis,Waitress,ACTOR
1603371,tm1102151,Yuuki Nomura,Izo (voice),ACTOR
684407,tm233482,Paul A Munday,Construction Worker,ACTOR
9308,tm192405,Jayne Brook,Marie Freeman,ACTOR
134349,tm224377,Alex Vincent Medina,Jose Bernal,ACTOR
20996,tm221883,Judah Katz,Bill,ACTOR
8673,tm27395,John Woo,,DIRECTOR
24519,tm130574,Sarah Jessica Parker,Meryl Morgan,ACTOR
1843380,ts29581,Yuan Shuai,Dai Baolun,ACTOR
27109,tm1126268,Jaleel White,Blake - VP of Player Personnel,ACTOR
378462,tm418847,Konima Parkinson-Jones,Woman Caver,ACTOR
926227,tm160800,Mike Mitchell,Det. Jerome Knight,ACTOR
21530,tm172683,Rick Gonzalez,Vincent,ACTOR
46172,tm49839,Monica Calhoun,Ebony,ACTOR
721590,tm1048362,Andreas Nowak,Tom CM,ACTOR
1377937,tm242705,Christophe Menier,VÃÂ©tÃÂ©ran ÃÂ©table,ACTOR
22240,tm27268,Spencer Locke,Jenny Bennett (voice),ACTOR
1341620,tm180542,Ann Neville,Girl in Coffin,ACTOR
1116393,tm452826,Ginny MacColl,Evelyn,ACTOR
71073,tm376234,Luis Callejo,Lisandro,ACTOR
11398,ts26776,Emi Shinohara,Shizuko Aoki,ACTOR
298865,tm80455,Jogi Naidu,Fauji,ACTOR
19704,ts52830,Lauren Graham,Lorelai Gilmore,ACTOR
101370,ts20781,Yoon Jong-hoon,Lee Sang-hyun,ACTOR
32955,ts89881,Sherri Shepherd,Principal Paula Madison,ACTOR
1066844,tm462311,Andrea Deppert,,DIRECTOR
41754,tm674099,Luca Zingaretti,Giovanni Leone,ACTOR
8660,tm244307,Margaret Cho,Sergeant Ching,ACTOR
38439,ts252166,Go Kyung-pyo,Lee Jung-Hwan,ACTOR
975329,tm428856,Jacob Nolan,Brother,ACTOR
1302215,tm977184,Alex Woo,,DIRECTOR
471306,tm188606,Kofi Ghanaba,Sankofa,ACTOR
1506663,tm849004,Heidi Niemi,Stage Manager 2,ACTOR
1302822,tm898322,Kayode Kasum,,DIRECTOR
160961,ts257345,ÃÂner Erkan,,ACTOR
6520,ts287703,Jung Dong-hwan,President Han,ACTOR
324256,tm300184,Shaquille Ali-Yebuah,Cass,ACTOR
68733,tm446480,Maudy Koesnaedi,Tante Pressier,ACTOR
1377486,tm885775,Elise Mestichelli,C.H.E.R.Y./L.,ACTOR
701626,tm363787,Connie Franklin,Modeling Coach,ACTOR
15711,tm120609,Alison Pill,Mrs. Mannix,ACTOR
108787,tm422359,Anne Curtis,Leana,ACTOR
12664,tm141390,Aaron Yoo,Chewie,ACTOR
4229,tm1106806,Daniel Pemberton,Self - Composer,ACTOR
56699,ts8,Tony Dalton,Lalo Salamanca,ACTOR
128362,tm8687,Malika Kinison,Herself (uncredited),ACTOR
802026,tm362180,Derek Peck,,DIRECTOR
2126,tm56033,Rhona Mitra,Girl with Joint,ACTOR
945639,tm76029,Ali Bakri,Le policier,ACTOR
247950,tm849871,Ricardo Quevedo,Juan Pablo,ACTOR
15933,tm138792,Anthony Michael Hall,Grigory,ACTOR
66929,tm74031,Neha Sharma,,ACTOR
899029,tm315344,Kris Siddiqi,Guest,ACTOR
4704,tm22327,Adam Baldwin,Animal Mother,ACTOR
269006,tm465984,Pol LÃÂ³pez,,ACTOR
1617256,tm938333,Jimmy Olea,Carlos,ACTOR
67191,tm225416,Connor Ball,,ACTOR
188461,tm454879,Tikhon Zhiznevsky,Igor Grom,ACTOR
11175,tm363231,Kana Hanazawa,Yuko Tani,ACTOR
1615879,tm924991,Panapat Chankasemmima,Tattoo Man,ACTOR
1718895,tm239683,Valentin Yordanov,Self (archive footage),ACTOR
296144,tm44378,Sergio Monge,Tony 1,ACTOR
141681,tm307698,Joross Gamboa,,ACTOR
1415526,tm887052,Leslye Davis,,DIRECTOR
19216,tm32982,Chris Howell,Ensemble 'Master of the House',ACTOR
148489,tm465427,KC Montero,Victor,ACTOR
1556920,tm822271,Ajat Sudrajat,Thug 2,ACTOR
1295223,ts297058,Laura RodrÃÂ­guez,Raquel Villegas,ACTOR
707954,tm86924,Elisha Wilson,Flight Attendant,ACTOR
51574,tm838876,Leslie Small,,DIRECTOR
91393,tm826875,RÃÂ©my Four,,DIRECTOR
133543,tm88343,Jyothika,Priya / Shenbagam,ACTOR
1941470,tm440324,JosÃÂ© Manuel Ospina,Antonio,ACTOR
2064664,ts310081,Louise Bergez,Sofie Gerboers (jong),ACTOR
2819,tm841825,James Marsden,Hitch Trailblazer (voice),ACTOR
874118,tm429172,ÃÂscar de la Fuente,Soldier on Bridge #1,ACTOR
53274,tm812916,Karim Leklou,Yass,ACTOR
62466,tm433228,Ed Birch,Donald,ACTOR
456145,ts59542,Ernesto Laguardia,Gilberto Torres de LeÃÂ³n,ACTOR
30469,tm428558,Bill Duke,Spence,ACTOR
78,tm375547,Fele MartÃÂ­nez,,ACTOR
77601,tm27911,Osmani Rodriguez,Reporter (uncredited),ACTOR
1089980,tm376421,Mandy Sekiguchi,Pho,ACTOR
266390,tm823848,Mohamed Shahin,,ACTOR
97108,tm244758,Joelle Koissi,City Trader,ACTOR
98961,ts22005,Stephanie Mills,Lindsay / Katie (voice),ACTOR
380,ts80090,Mariya Ise,Sophie Ormesson,ACTOR
2152350,tm999927,JosÃÂ© de JesÃÂºs RodrÃÂ­guez HernÃÂ¡ndez,Self,ACTOR
1302215,tm918959,Alex Woo,,DIRECTOR
900147,tm36164,Kouji Fujiyoshi,Sky Shinobi (voice),ACTOR
1896468,tm1039168,Praveen Kandregula,,DIRECTOR
235258,tm315424,Gil Gex,Myra Parks,ACTOR
7413,tm39888,Reggie Lee,Ross,ACTOR
1145953,tm159901,Tim Clark,Man in Crowd,ACTOR
69505,tm57610,Vivan Bhatena,Armaan Kapoor,ACTOR
329604,tm172683,Rafael Sardina,Mechanic's Assistant,ACTOR
590833,tm167232,Fritz Roth,Taxi Depot Manager,ACTOR
482940,tm1001108,Francisco Nieto,Self - Crew Lieutenant,ACTOR
1010664,ts225647,Kim Sung-oh,Jo Hyeong-Woo,ACTOR
168367,tm878575,Emil Kusumo,Anton,ACTOR
2265659,tm1165118,Nilsu YÃÂ±lmaz,,ACTOR
64226,tm155787,Mark Evan Jacobs,Bruce,ACTOR
1206894,tm850862,Sophia Nahli Allison,,DIRECTOR
1329099,tm846964,Darius Scott,Piano Player,ACTOR
80780,tm38980,Ryan Crego,Burgess Dog Walker (voice),ACTOR
31940,tm173066,Lynne Deragon,American Ambassador Davis,ACTOR
2097328,tm246175,Eric Stern,HÃÂ¥kan,ACTOR
619827,tm191013,Michael S. Stencil,Surfer Punk,ACTOR
420322,tm266652,Masami Nagasawa,Masaki Kurosaki,ACTOR
31065,tm217228,William B. Davis,Radio Host,ACTOR
2061531,tm444821,Irene Cassanelli,Hostess,ACTOR
892618,tm472766,Julia Konrad,Ruth-Celine,ACTOR
1063231,ts88821,Xu Heshen,,DIRECTOR
12626,tm78067,Gregory Wilson,,DIRECTOR
65750,tm167107,Jimmy Shergill,Aditya Pratap Singh,ACTOR
1741757,tm368538,Sarah Fofana,MÃÂ©lie,ACTOR
206782,tm515157,Adam G. Simon,Patrolman,ACTOR
310914,tm39557,Renuka Kunzru,Mala,ACTOR
804686,tm310953,Dawayne Jordan,Football Player,ACTOR
1240164,tm598375,Ashok Sonawane,,ACTOR
15921,tm279017,Fred Armisen,Peter Salanz,ACTOR
234022,tm230927,Charlotte Mangel,Ludivine,ACTOR
1635535,tm1025318,Inayat Verma,Binny (segment 'Khilauna'),ACTOR
2428791,tm1064532,Piyakorn Asavaruengkitkul,Jane's Friend,ACTOR
600028,tm172710, Michael Hayden,Self - Former NSA and CIA Director,ACTOR
103128,ts220983,In Gyo-jin,Park Moon-bok,ACTOR
262523,tm351101,ElÃÂ­as GarcÃÂ­a,Soldier #1 / Demon Orobas,ACTOR
718797,tm113513,Mike Cavallo,Preservation Partier,ACTOR
51035,tm417416,MoisÃÂ©s Arias,Poe RamÃÂ­rez,ACTOR
939874,tm419733,Theresa Sutera,Teacher (as Theresa Cook) (uncredited),ACTOR
97294,ts56251,Goro Taniguchi,,DIRECTOR
74176,tm946718,Deepa Mehta,,DIRECTOR
205471,tm85563,Merveille Lukeba,Moses,ACTOR
81455,ts217389,Neena Gupta,Herself,ACTOR
10893,tm148671,Sebastian RochÃÂ©,Yuri Landau,ACTOR
235601,tm232953,Jaye Rosenberg,Kyla,ACTOR
240898,tm133767,Joanna Bacon,Natalie's Mum,ACTOR
1969,tm911973,Susan Wokoma,Edith,ACTOR
66237,ts82398,Medalion Rahimi,Wren,ACTOR
605422,tm43808,Marco Quaglia,Silvana's Brother,ACTOR
1894146,tm1040816,Eris Aragoza,,ACTOR
7793,tm43399,Paul Blackthorne,Captain Andrew Russell,ACTOR
1565950,tm918706,Morgan Boss-Maltais,Ditzy Girl,ACTOR
66214,tm360945,Kulbhushan Kharbanda,Chairman of Indian Hockey Federation,ACTOR
38123,ts85618,Gavin Lewis,Prince Emil,ACTOR
4018,tm244638,Kat Foster,Mary,ACTOR
1281302,tm1121246,Kyla Kane,Nia,ACTOR
101834,ts21695,Kim Seung-woo,Park Cheol-yeong,ACTOR
35978,tm91952,Bathsheba Garnett ,German Teacher,ACTOR
192301,tm239290,Dan Villegas,,DIRECTOR
1198587,tm849599,Facundo Aquinos,Mariano RodrÃÂ­guez,ACTOR
1938705,tm78671,Mike Guy,Priest #1,ACTOR
2462564,tm1080445,Emanuel Felix,Chopper Pilot,ACTOR
45478,tm78592,Alberto Vazquez,Player #1,ACTOR
197736,tm160371,Dan Levy,Reporter,ACTOR
69739,tm96168,Naved Aslam,"Patrick, Sultan's henchman",ACTOR
203553,tm946801,Roberto Santucci,,DIRECTOR
1652,tm92641,Lukas Haas,Nash,ACTOR
28191,tm266685,Vanilla Ice,Testimonial,ACTOR
78918,tm311789,David Gueriera,Bob Fry,ACTOR
1080629,tm1036542,Amita Suman,Self,ACTOR
232710,tm1106900,Nia Dinata,,DIRECTOR
72229,ts78217,Yolanda Ramos,VictÃÂ²ria,ACTOR
7997,tm926004,Kevin Michael Richardson,,ACTOR
15518,tm88465,Ty Simpkins,Dalton Lambert,ACTOR
320248,tm841797,Paul Essiembre,Deputy Minister O'Toole,ACTOR
1813658,tm838007,Kalyani Jha,Kaajal's Mother,ACTOR
20561,tm344173,Erica Ash,Nikki,ACTOR
28840,tm245722,Rhys Coiro,The Georgian,ACTOR
38867,tm7073,Christine Healy,Commissioner Ruth Daniels,ACTOR
780834,tm368241,Michelle West,The Second AD,ACTOR
96746,tm925186,Rapulana Seiphemo,Ferreira,ACTOR
180703,ts189422,Hege SchÃÂ¸yen,Bente,ACTOR
1275873,ts223121,Parm Thanadol Auepong,Krating,ACTOR
1704,tm832916,David Oyelowo,Adewole,ACTOR
240919,tm810836,B. V. Nandini Reddy,,DIRECTOR
84652,tm427465,Peggy Lipton,Self,ACTOR
100816,ts58442,Moon Ga-young,Dongmakgae,ACTOR
5646,tm161029,Jess Harnell,Abraham Lincoln / George Washington / Bill Clinton / Isaac Newton / New York City Cop (voice),ACTOR
18771,tm1215536,George Carlin,Self (archive footage),ACTOR
65304,tm246579,Davie-Blue,Gretchen,ACTOR
605377,ts36129,Gabrielle Ruiz,Valencia Perez,ACTOR
1739651,tm897418,Florent Lacger,Ali,ACTOR
58881,tm840761,Lachlan Nieboer,Antonio Rossi,ACTOR
11230,ts4,Dean Norris,Hank Schrader,ACTOR
118812,tm142895,Sloane Shelton,Mrs. Hamilton,ACTOR
1529550,tm918704,Robert Hara Gaeb,Neighbour,ACTOR
2056013,tm1068632,PaweÃÂ JusiÃÂski,Man of Kolodziejczyk,ACTOR
206265,tm846964,Bresha Webb,Jasmine,ACTOR
224426,tm313149,Shawn Lecrone,Northern Alliance Soldier / Dostum Flank,ACTOR
831612,tm193125,Tony D.,Himself,ACTOR
784154,tm831873,Luis Longhi,Fiscal Vitali,ACTOR
807830,tm326723,Tony Jones,Basketball Playing Prisoner,ACTOR
132227,tm1000797,Setsuko Karasuma,Ichiko Oe,ACTOR
49548,tm186461,Bob Dylan,Self,ACTOR
108525,tm239707,Teo Ciltia,Reunion Guest (uncredited),ACTOR
974754,tm239091,AndrÃÂ© LukÃÂ¡cs MolnÃÂ¡r,Memory Child,ACTOR
44073,tm845437,Dana Wynter,Stella (archive footage),ACTOR
146973,tm416620,Vicenta N'Dongo,Dancer,ACTOR
12170,ts75897,Josh Keaton,Darel (voice),ACTOR
761636,tm320206,Deja Riley,Cheerleader / Dancer,ACTOR
704975,tm1070032,Lisa Carline Hofer,,ACTOR
280538,tm267135,Malu Valle,Jurema,ACTOR
296945,tm144557,Gulnihal Demir,HatÃÂ§e Teyze at Wedding,ACTOR
36977,tm178992,Lo Hoi-pang,Boss Chow,ACTOR
865950,tm1005937,Belinda Effah,Ekaette,ACTOR
66619,tm149578,Jeremy Jackson,Self,ACTOR
862970,tm204035,Thomas Kelly,DoD Executive,ACTOR
598547,tm15897,George Christy,Workman at Door of Somerset's Office,ACTOR
33873,tm45454,Mark Ivanir,Russian Guy in Bathroom,ACTOR
22094,ts294338,Catherine Tate,Laura / Ros / Ange / Big Viv / Marco / Anne Marie,ACTOR
102370,ts106015,Seiji Kishi,,DIRECTOR
225776,tm68191,Karsten BÃÂ¤hn,Soldat 118,ACTOR
68596,tm43399,Ashutosh Gowariker,,DIRECTOR
19150,tm244758,Richard Cordery,Bournville,ACTOR
15676,tm174683,Jane Horrocks,Lead Elf (voice),ACTOR
2293267,tm1183542,Harsh Roshan,Raghupathi,ACTOR
1565324,tm327652,Lyric Hurd,Fastima,ACTOR
93746,tm233521,Sophi Bairley,Caroline,ACTOR
718786,tm113513,Elaine Wood,Bikini Girl,ACTOR
804981,tm244149,Joseph Riccobene,Jimmy 'The Weasel' Fratianno,ACTOR
316903,tm980097,Livio Beshir,Bodyguard 2,ACTOR
1470533,tm510525,Shreekumar,Bharani,ACTOR
2419795,ts36577,Phia Saban,Aelfwynn,ACTOR
21448,tm69926,Olivia Jordan,Ring Girl,ACTOR
259388,ts301915,Lee Soo-min,Bang Yeong-Ji,ACTOR
53150,tm211478,Deepika Padukone,Tara Maheshwari,ACTOR
14542,tm443615,Toby Sauerback,Coroner's Policeman (uncredited),ACTOR
89802,tm983723,Amy Sherman-Palladino,Self,ACTOR
1382446,tm853783,Jonathan Hughes,,DIRECTOR
984408,ts269881,Hinata Tadokoro,Ares (voice),ACTOR
1953975,tm830795,Philaiwan Khamphirathat,Bam's Mother,ACTOR
1632095,tm840196,Keeley Morris,Female Protester,ACTOR
276515,ts106141,Francisco Gaspar,Silvino,ACTOR
9983,tm299741,Christian McKay,Roger Leonides,ACTOR
183257,tm948916,Daniel Prochaska,,DIRECTOR
1514370,tm91952,David Sazant,Marymount Captain,ACTOR
78101,tm245176,Neil Brown Jr.,Enzo,ACTOR
38192,tm417553,Payman Maadi,Murat Alimov,ACTOR
249938,ts308689,Bente Fokkens,Magenta,ACTOR
69954,tm176111,Derek Yee Tung-Sing,,DIRECTOR
9712,tm429382,Sanaa Lathan,Violet Jones,ACTOR
1812185,ts216407,David Spafford,Self,ACTOR
183865,ts38734,Maeve Dermody,Grace Gibson,ACTOR
8258,ts223948,Gwyneth Paltrow,Herself,ACTOR
201444,tm307515,Esteban Crespo,,DIRECTOR
372692,ts84780,Paula CastaÃÂ±o,VerÃÂ³nica,ACTOR
207645,tm983722,Cezary KosiÃÂski,Negocjator Piotr,ACTOR
1155473,tm1102226,Ludovica Martino,Carolina,ACTOR
65997,ts34740,Cameron Kennedy,Rory,ACTOR
2095,tm120801,George Roubicek,Pvt. Arthur James Gardner,ACTOR
6194,tm678022,Kerry Washington,Mrs. Greene,ACTOR
101062,tm54780,Mutsumi Tamura,Young Kotetsu (voice),ACTOR
1266023,tm375883,Neda Margrethe Labba,Margu (voice),ACTOR
654903,tm447963,Adrian McLean,Sick Man,ACTOR
284156,ts222901,Jacqueline Zhu Zhi-Ying,Chen Zi-Ya,ACTOR
184538,tm212927,Wendy McColm,Julia,ACTOR
1507331,tm1028083,Elias Mehdawi,The Young Thief,ACTOR
159488,tm847623,Katie Keene,,ACTOR
1461794,tm983723,Dave Weigel,Self,ACTOR
445359,tm91952,Jack Newman,History Teacher,ACTOR
819064,tm373134,Murat Karasu,YaÃÂar,ACTOR
441769,tm169719,Lou Criscuolo,Reporter One,ACTOR
1674774,tm915354,Heaven Hai,School Counselor,ACTOR
71059,tm454156,NÃÂºria Gago,Chavela,ACTOR
59652,ts223404,Jang Young-nam,Park Haeng Ja,ACTOR
322818,ts75981,Queen Elizabeth the Queen Mother,Herself (archive footage),ACTOR
93982,tm139885,Rich Little,Party Guest,ACTOR
256366,tm247767,ÃÂenol SÃÂ¶nmez,,DIRECTOR
811672,tm244307,Blue Mesquita,NAT Serco Guard #2,ACTOR
294624,tm305112,Park Ji-Il,Deputy Chief Scholar (uncredited),ACTOR
66529,tm182227,Sam Lipsyte,Himself,ACTOR
2031277,tm883113,LionÃÂ«l Ruzindana,SÃÂ¼leyman,ACTOR
869523,tm407827,Lukas Dhont,,DIRECTOR
8315,tm191110,Billy Zane,Cal Hockley,ACTOR
22310,ts38116,Natsuki Hanae,Biscuit Griffon (voice),ACTOR
8663,tm323634,Thomas Jane,Chuck Hill,ACTOR
319295,tm193211,Metin YÃÂ±ldÃÂ±z,Nevzat,ACTOR
1094770,tm467467,Rebbi Rosie,Dancer,ACTOR
1513739,tm204035,AndrÃÂ¡s ÃÂbel,Pilot,ACTOR
1060268,ts20791,Katy O'Brian,"Georgia ""George"" St. Clair",ACTOR
186832,tm886283,Sergey Kalantay,Zelenko,ACTOR
4465,tm30205,Wilson Yip,,DIRECTOR
54622,ts89747,Ivana Baquero,Eva Villanueva,ACTOR
597683,ts83454,Hsing-Chen Yeh,Jiang Shu-Zhen,ACTOR
5233,ts58133,Jack Huston,Eric Rudolph,ACTOR
30510,tm983723,Giorgio Moroder,Self,ACTOR
253405,tm244521,Eva Dorrepaal,The Other Art Collector,ACTOR
637781,tm404690,Zedrick Restauro,Teenager,ACTOR
108968,tm74848,Linlyn Lue,Resistance Woman,ACTOR
6507,tm240895,Johnny McPhail,Wes Sanford,ACTOR
87600,tm15897,Brian Evers,Duty Sergeant,ACTOR
8487,tm116324,Brandon DiCamillo,Himself,ACTOR
22191,tm61801,Mark Duplass,Steve,ACTOR
38636,tm54147,Boman Irani,M,ACTOR
897604,tm407349,Alexandre Coimbra Amaral,Ele mesmo,ACTOR
1104130,tm426428,Rebecca Lee Robertson,Rebecca,ACTOR
858501,tm38980,George Anthony Anisimow,Child (voice),ACTOR
10317,ts42170,Adrian Scarborough,Colin,ACTOR
15693,tm208903,Walter Koenig,Himself,ACTOR
1685672,ts253685,Jack Tan,,ACTOR
51574,tm209950,Leslie Small,,DIRECTOR
71515,ts215166,Naomi Nishida,,ACTOR
1320327,tm263743,Nabil Lunggana,Young Daniel,ACTOR
627617,tm300184,Clara Onyemere,Teacher,ACTOR
21940,ts89130,David Vert,Pere,ACTOR
58216,tm59590,Ryoko Shinohara,Ain,ACTOR
12051,ts254045,Matthew Josten,Stuey,ACTOR
1150448,tm426274,Louie Chapman,Kane,ACTOR
67677,tm1132325,Radha Ravi,,ACTOR
251205,ts89740,Sisley Choi,Jill,ACTOR
1302175,tm938333,Paul Killam,Papa Carson,ACTOR
56253,tm434625,Jimmy O. Yang,Short Goon / Security Guard 2 (voice),ACTOR
391437,tm368725,Vlad Zamfirescu,Robert,ACTOR
610739,ts77474,Lee Eung-bok,,DIRECTOR
33585,ts251157,Colin O'Donoghue,Douxie (voice),ACTOR
2199296,tm840761,Michael Cooke,Royal Page,ACTOR
43107,tm363488,Donald Trump,Self (archive footage),ACTOR
873885,ts343492,Chikahiro Kobayashi,Marcus (voice),ACTOR
254888,tm435487,Rocky Soraya,,DIRECTOR
55478,tm179451,Naseeruddin Shah,Dr. Modhusudhon Tarafdar,ACTOR
5156,tm214825,Chris Kattan,John Wilkes Booth,ACTOR
20494,tm272060,Santiago Cabrera,Informercial Processor,ACTOR
1949,ts81294,Josh Dallas,Ben Stone,ACTOR
656296,ts53399,Vin Zhang,Li Jing,ACTOR
764336,tm310706,Petar ÃÂirica,Office Worker 2,ACTOR
4419,tm151764,James DuMont,Dave Walachowski,ACTOR
79119,tm979026,Joanna Adler,Molly,ACTOR
71905,tm16479,Herb Vigran,Novello (uncredited),ACTOR
13898,ts272980,Stephen Campbell Moore,Damian,ACTOR
69486,tm143363,Amrita Singh,Kavita Malhotra,ACTOR
2809,tm209950,Halle Berry,Money Berry,ACTOR
3204,tm122434,Don Fischer,Army Recruiter,ACTOR
165189,ts225544,William Guirola,Isauro Aguirre,ACTOR
2086381,ts1413,Chen Wei-Ling,,DIRECTOR
870675,tm1137119,Amir Khoury,Mohamed Hassanein Heikal,ACTOR
295963,tm340006,Takaya Yamauchi,,ACTOR
1223773,tm1080445,Maria Darkina,Czech Orderly,ACTOR
26648,tm1159300,Chad Guerrero,Hit Man #4,ACTOR
28603,ts81007,Tony Way,Lenny,ACTOR
1823,tm182429,Terry Dale Parks,Army Commander,ACTOR
68298,tm1022912,Mamukkoya,Ibrahim,ACTOR
82698,tm142881,Quddus,VJ,ACTOR
2218195,tm193125,Emeterio Silguero,Stella Father,ACTOR
115492,tm135543,Philippe Martinet,Maitre D',ACTOR
697695,ts57300,Amir O'Neil,Zack Wayne,ACTOR
23972,tm860965,Jon Stewart,Self,ACTOR
59531,tm446206,Don Wycherley,Accordion Player,ACTOR
116407,tm30205,Calvin Cheng,Zhou Guang Yao,ACTOR
51394,tm130574,SÃÂ¡ndor TÃÂ©csy,Anton Forenski,ACTOR
1503427,tm24088,George Grove,Doctor,ACTOR
6653,ts19036,Carlos Alazraqui,Denzel Q. Crocker (voice),ACTOR
25746,tm174289,Kaitlyn Maher,President's Daughter (voice),ACTOR
677952,ts9075,Mona Chalabi,,ACTOR
133277,tm28024,Bing Pimentel,Alice Montenegro,ACTOR
184784,tm177645,Toygun AteÃÂ,Molla Dede,ACTOR
91134,tm111163,Camille Winbush,Camille,ACTOR
67977,tm73058,Javed Sheikh,Rajesh Kapoor,ACTOR
6303,tm423436,Julia Roberts,Holly Burns,ACTOR
17263,tm215638,Paul Chahidi,Kiril,ACTOR
735384,tm230524,Roberto Lobo,Journalist 3,ACTOR
2281875,ts306203,Dr. Marlene Kocan,Self. Psychologist,ACTOR
315764,tm1003376,Cristiane Wersom,Hostess,ACTOR
929632,tm429382,Adam Niemann,Sean,ACTOR
1029185,tm452767,Venkat Mikkilineni,Mahesh,ACTOR
103376,ts223238,Jeong Yeon-joo,Ji Na [Detective],ACTOR
74173,tm233344,Rajat Kapoor,Harsh Kapoor,ACTOR
270993,tm833638,Shinnosuke Mitsushima,Shin,ACTOR
33075,tm428557,Jane Morris,Barb Sidley,ACTOR
331767,ts269501,Picky Talarico,,DIRECTOR
595431,tm1111987,Sandra HÃÂ¼ller,Helen Winter,ACTOR
497227,tm411457,Krishan Dhawan,Geeta's dad,ACTOR
1293391,tm458328,Selina Hotwani,Jasmeet,ACTOR
725690,ts103918,AndrÃÂ©s Toro,Detective RamÃÂ­rez,ACTOR
1015787,tm1045741,Isaac Arellanes,Wiki,ACTOR
966314,tm924991,Kat Ingkarat,Madee,ACTOR
787281,tm176630,Pernell Walker,Lorraine,ACTOR
163432,tm463762,Alexx O'Nell,British officer,ACTOR
41062,tm1207099,Cristela Alonzo,Self,ACTOR
34145,tm22294,Quinn Lord,Santa Kid,ACTOR
594925,tm498803,Adrian M. Mompoint,Police Officer #3,ACTOR
1147784,tm846630,Archie Hekagery,,DIRECTOR
1666492,tm155787,Lisa DÃ¢ÂÂApolito,Lisa,ACTOR
1509678,tm670553,Yi-Ruei Chen,Angel,ACTOR
972738,tm514494,Carlos Librado,Jonan Etxaide,ACTOR
165955,tm872496,Ksawery Szlenkier,Adam,ACTOR
64201,tm307767,Ajay Devgn,Bhavani Singh,ACTOR
255295,tm413129,Rafa Siguion-Reyna,Julian Del Pilar,ACTOR
613339,tm836449,Tom Fujita,,ACTOR
930676,tm475339,Paul Walter Hauser,Terrence,ACTOR
190117,tm458585,Amy Keys,Ben's Revelation Funk Band Female Backup Singer #1,ACTOR
718771,tm113513,Diane Kinerk,Waitress #1,ACTOR
87651,tm37573,Karena Ng,Richard's daughter,ACTOR
3552,tm1102226,Caterina Murino,Giada,ACTOR
80155,tm204163,Max Daniels,Iraqi Insurgent,ACTOR
106563,ts312984,Han Ji-min,Lee Yeong-ok,ACTOR
24846,tm330869,RuPaul,Persephone (voice),ACTOR
248345,ts256853,Maggie Jiang,Chen Guo,ACTOR
16201,tm70807,Mike Patton,Creatures (voice),ACTOR
74330,tm415875,Camille Japy,La mÃÂ¨re de Lucie,ACTOR
1294370,tm1000037,Daniela Hirsh,,ACTOR
163433,tm317491,Hareesh Peradi,CBI Head,ACTOR
646260,tm351214,Robert Gajic,Himsef,ACTOR
43216,tm945448,Eric Savin,Jean-Paul,ACTOR
255205,tm470836,Simon Lupton,,DIRECTOR
18128,tm849022,Helen Abell,Cheryl,ACTOR
124329,tm979026,Beth Malone,"""SUNDAY"" Legend",ACTOR
812668,tm313149,Christian Pedersen,SF Soldier,ACTOR
79733,tm1064228,Rodney Alexandre,Matt's Father,ACTOR
92701,ts79813,Shalita Grant,Sherry Conrad,ACTOR
241451,ts86165,Grace Victoria Cox,Lexie,ACTOR
76090,tm856945,Dawnn Lewis,Chief (voice),ACTOR
300236,tm454879,Evgeniy Kosyrev,Lazy Police Officer,ACTOR
1069,tm106278,Will Ferrell,Nick Halsey,ACTOR
830527,tm897418,Henri-NoÃÂ«l Tabary,Matteo,ACTOR
28394,ts75097,Justin Theroux,Dr. James K. Mantleray,ACTOR
2395532,ts321084,Ciro Chimento,,ACTOR
311872,ts273461,Kou Zhenhai,,ACTOR
806668,tm326723,Lino Tanaka,Doctor,ACTOR
4061,ts223084,Wang Bo-chieh,Xiao Sha,ACTOR
867490,tm429377,Todd Biermann,,DIRECTOR
3357,tm237143,Brian d'Arcy James,Shrek,ACTOR
85323,ts21081,AndrÃÂ©s Parra,Pablo Emilio Escobar Gaviria,ACTOR
703683,ts55484,Park Joo-Hyung,Go Il-Yong,ACTOR
1936217,tm1044137,Ginger Daniels,,ACTOR
889374,tm244229,Esteban Ciudad,RaÃÂºl,ACTOR
331502,tm831873,BenjamÃÂ­n Amadeo,Daniel,ACTOR
14049,tm414341,Greg Kinnear,Walton Bowen,ACTOR
9375,tm855483,Natasha Leggero,Young Carrie Fisher,ACTOR
10109,tm24110,Stephen Macht,Dave Glover,ACTOR
75963,ts93054,Brianna Hildebrand,Elodie Davis,ACTOR
66504,tm181051,Saleh Bakri,Yacine,ACTOR
663553,tm168921,Olivia Palermo,Party Guest,ACTOR
92439,tm894619,Donna Lynne Champlin,Barb,ACTOR
169089,tm1119015,Mitsuhiro Oikawa,,ACTOR
103070,tm853953,Caroline Langrishe,Jas,ACTOR
254348,tm904862,Edwin Jonker,John,ACTOR
457905,tm244788,Assata Shakur,Self  (archive footage),ACTOR
47641,tm418039,Keston John,Erik Killmonger (voice),ACTOR
749382,ts80479,Cha In-Ha,Hwang Jae-min,ACTOR
1002360,ts256764,Jiang Guangtao,Xie Lian (voice),ACTOR
232368,tm485801,Pol Monen,SaÃÂ¯d,ACTOR
158327,ts286218,Pan Hong,Mother Shen,ACTOR
56995,tm180599,Tom Elkins,,DIRECTOR
104375,tm49037,Yoshiyuki Tomino,,DIRECTOR
55472,tm22294,Randi Lynne,Caroler #1,ACTOR
109546,tm283559,Piotr Adamczyk,Stach WisÃÂocki,ACTOR
25997,tm137362,Harry Jay Knowles,Victim On a Silver Platter (uncredited),ACTOR
51241,tm925858,Luka PeroÃÂ¡,Negotiator,ACTOR
292709,tm243070,Ahmed Safwat,,ACTOR
2105958,tm252609,Nenye Eke,Clara,ACTOR
59403,ts265991,MÃÂ³nica LÃÂ³pez,ÃÂrsula Berenguer,ACTOR
970522,tm410435,Rhys Fleming,Young Genevieve,ACTOR
114256,tm247644,Martina Hill,Mandy Hausten,ACTOR
1193480,ts219080,Lancelot Ncube,Ibbe,ACTOR
24667,tm408104,Greg Davies,Himself,ACTOR
757594,ts89210,Lorena Andrea,Sister Lilith,ACTOR
6600,tm300615,Garrett Hedlund,Jamie McAllan,ACTOR
604835,ts38304,Natalia Sumska,Maria Goloborodko,ACTOR
2448171,ts356951,Soros Charoenkitcha,Himself,ACTOR
12409,tm114476,Jonathan Lipnicki,George Little,ACTOR
18439,tm1161601,Yayan Ruhian,Tubir,ACTOR
35327,tm410742,David Bennent,Swiss engineer,ACTOR
4643,ts288489,Cherami Leigh,Minako Aino / Super Sailor Venus,ACTOR
81007,tm180542,Frank Sisto,Fred Capuano,ACTOR
16586,tm858869,Toni Collette,Marina Barnett,ACTOR
16644,tm147211,Arron Shiver,Norm Pendleton,ACTOR
192190,ts317239,Naomi Watanabe,,ACTOR
1269447,tm843958,Gina DeCesare,Officer Marino,ACTOR
2096851,tm430660,Omar Hisham Al Arabi,Self,ACTOR
259919,tm471967,Jon Berry,Young Cop,ACTOR
93038,tm349803,David Letterman,Himself,ACTOR
19093,tm32982,Adam Jones,Convict 4,ACTOR
79052,tm91952,Rajiv Surendra,Kevin Gnapoor,ACTOR
76879,tm151663,Bill Blair,Control Room Switcher (uncredited),ACTOR
3342,tm498803,Thomas Rosales Jr.,Marcelo,ACTOR
1852808,tm1101878,Jenna Lea Rosen,Vocalist,ACTOR
207188,tm44730,Jake Keiffer,Jack,ACTOR
7155,tm437221,Annabeth Gish,Virginia Carlson,ACTOR
5080,tm1020851,Guy Pearce,Frank (voice),ACTOR
330337,ts86365,Issei Takubo,Landlord,ACTOR
1296314,tm245937,Nydia Monarrez,Eva's Mom,ACTOR
4785,tm1883,Wallace Shawn,Mr. Woodley (voice),ACTOR
633657,tm135307,Peter Rowley,Commodities Broker,ACTOR
56098,tm41792,Kim Robillard,Saloon Keeper Pete,ACTOR
333164,tm464527,Stuart Sender,,DIRECTOR
1397496,tm470240,Patrick T. Johnson,Tom Carson,ACTOR
463033,tm125985,Kiyonobu Suzuki,Hayato Kobayahshi (voice),ACTOR
236152,ts222609,Jun Suk-ho,Min Dae Shik,ACTOR
866661,tm316414,Markus Silbiger,Bored Carny Kid,ACTOR
124506,ts258415,Roni Ezra,,DIRECTOR
85804,ts297675,Rob Delaney,Self - Narrator,ACTOR
23778,tm819497,Sandra Borgmann,Rosalie,ACTOR
351713,tm1023388,Michelle Figlarz,Simone,ACTOR
761480,tm306811,Chris Mueser,John Ramsey / John Ramsey Auditionee / Himself,ACTOR
61106,tm244638,Luis Gerardo MÃÂ©ndez,The Doctor,ACTOR
67254,tm430748,Saptagiri,Janaganamana Jagadish,ACTOR
595140,tm855839,Casper KjÃÂ¦r Jensen,Svend Nielsen,ACTOR
1258568,tm843276,Gregorio Barrios,Fran,ACTOR
1164355,tm285298,Nikeva Stapleton,Cute Girl,ACTOR
16242,tm244638,Fran Kranz,Kyle,ACTOR
26390,tm472411,Mike Leeder,Himself,ACTOR
988934,tm352588,Danijel Korsa,Delivery Man 2,ACTOR
35401,tm53991,Dylan Sprouse,Julian McGrath,ACTOR
56808,tm327540,Nash Grier,Trey (voice),ACTOR
873213,tm855075,Kinari Hirano,Nakajo,ACTOR
80524,tm89036,Bobby Lee,Kenneth Park,ACTOR
140444,tm283909,Coco Martin,,ACTOR
86193,tm24088,Anna Ferguson,Female Elder #2,ACTOR
44228,tm368040,Steven Cree,Major Timothy Pike,ACTOR
39193,tm172710,Alex Gibney,Narrator (voice),ACTOR
1189486,tm845942,Isaiah Russell-Bailey,Shaka McKellan,ACTOR
33682,ts41258,Choi Min-I,Lee Yoon-Sung,ACTOR
77537,tm41792,Amari Cheatom,Roy,ACTOR
1603075,tm478147,Kenneth Gyang,,DIRECTOR
723337,tm823545,Chris Gleason,US Marshall,ACTOR
716789,tm325650,Wang Naixun,Little Wong,ACTOR
165950,tm844662,Ronny Chieng,Himself,ACTOR
96704,tm136061,Adam Nagaitis,Mr Cummins,ACTOR
76434,tm917822,James Logan,Sproule,ACTOR
1961411,tm452900,Mariela Ferreira,Self - Musician. CuncumÃÂ©n Folk Group,ACTOR
144386,tm82765,Kishori Balal,Kaveri Amma,ACTOR
947380,tm168869,Ted Emery,,DIRECTOR
53946,tm473502,Ranveer Singh,Kapil Dev,ACTOR
1798010,tm170758,Crystal the Monkey,Monkey (uncredited),ACTOR
1006630,tm176864,Cristian Stelluti,Ferrari Mechanic,ACTOR
53951,tm197503,Gulshan Devaiah,Mandar Ponkshe,ACTOR
43588,ts106126,Audrey Fleurot,Adrienne de LenverprÃÂ©,ACTOR
2401523,tm316923,Bondan Nusantara,,ACTOR
1225968,tm183523,Erik Gersovitz,Young Adrian,ACTOR
81878,tm511940,Phil Van Tee,Magician,ACTOR
39576,tm982100,Paul Dugdale,,DIRECTOR
16825,tm68272,Peter MacKenzie,Dad,ACTOR
906327,tm178106,Vedant Desai,Silencer,ACTOR
641657,tm1159300,Khalid Ghajji,Hit Man #2,ACTOR
172264,ts255823,Arlene Muhlach,Berna,ACTOR
10869,ts241854,Sayaka Ohara,Elsie Crimson (voice),ACTOR
395,tm34846,Jun Fukuyama,Yumichika Ayasegawa (voice),ACTOR
55139,tm234292,Mario Escalante,PanzÃÂ³n,ACTOR
1087619,tm54780,Nishimura Taisuke,Criminal A (voice),ACTOR
2084019,tm461532,Cumhur Korkmaz,Demet'in MÃÂ¼dÃÂ¼rÃÂ¼,ACTOR
327956,tm244175,Roman Vejdovec,Senior German Officer,ACTOR
1334116,tm221740,Wangeci Warui,Hardware Store Customer,ACTOR
2222362,tm455568,Lynnann Gartner,Hotel Front Desk,ACTOR
1503441,tm24088,Leandro Iddrisu,Spit Take Kid #5,ACTOR
1971757,tm457410,Sema ÃÂzkan Yorgun,Hastane Danisma Memuru,ACTOR
311378,tm371741,Joavany Alvarez,,ACTOR
12376,ts58025,Tabitha St. Germain,Rarity (voice),ACTOR
187889,tm168921,Mario D'Leon,Bubba's Inmate Friend,ACTOR
214788,tm234292,ÃÂrsula Pruneda,Mabel,ACTOR
983296,ts79020,Zivile Matikiene,Joseph Goebbels' Secretary,ACTOR
6010,tm60292,Fahim Fazli,Komiteh Subordinate,ACTOR
371768,tm322210,Mon Ceballos,Policeman,ACTOR
1684259,tm898614,Liron Blumenthal,Female Server,ACTOR
6068,tm111828,Ellen Pompeo,Marci,ACTOR
635143,ts77219,Kim Min-kyo,Jeong Tae Kyung,ACTOR
243088,ts42014,Barbra Roylance Williams,Herself,ACTOR
13572,tm441231,Adeel Akhtar,Maharajah,ACTOR
1437283,tm890591,Santiago SuÃÂ¡rez,Checo,ACTOR
57076,tm884369,Jennifer Robertson,Self,ACTOR
100019,tm33981,Michel Beaudry,Journaliste,ACTOR
779232,tm318641,Daniel Zubiate,Horse Soldier,ACTOR
3552,tm39030,Caterina Murino,Solange Dimitrios,ACTOR
763420,ts213544,Kim Min-sang,Lee Tae,ACTOR
835112,tm364525,Josh Wakely,,DIRECTOR
8409,tm1006127,Annie Potts,EdmÃÂ©e (voice),ACTOR
382,ts87466,Katsuyuki Konishi,Tengen Uzui (voice),ACTOR
13170,ts22318,Alex MacQueen,Ben Harvey,ACTOR
2447999,ts356951,Peerapat Ngamsilapakorn,Youth Boxer,ACTOR
84497,ts76869,Takehito Koyasu,Claudia Hodgins (voice),ACTOR
16279,tm294581,Russell Peters,Stillerman,ACTOR
1911089,ts89531,Mohamed Maghraby,,ACTOR
1236986,tm1106900,Dimas Danang,Endru,ACTOR
884906,tm359030,Laurie Pascale,Waitress,ACTOR
67145,tm678851,Ayushmann Khurrana,Ayan Ranjan,ACTOR
2859,ts90937,Cate Blanchett,Pat Masters,ACTOR
63458,ts91034,Arif Zakaria,Dr. Iyer,ACTOR
279563,tm938434,Ropie Cecupak,,ACTOR
23718,tm46436,C. Ernst Harth,"Harold Shelburne, The Great Child",ACTOR
17538,tm855483,Sarah Silverman,Self,ACTOR
30688,tm1198504,Shinji Aramaki,,DIRECTOR
2005404,tm357589,Gregory Mann,Young Eli Ramsey,ACTOR
1128703,tm975765,Fred Ouro Preto,,DIRECTOR
241944,tm193769,Derek W. Adam,Cameraman (uncredited),ACTOR
2697,tm242646,JosÃÂ© Manuel Poga,GinÃÂ©s,ACTOR
255525,ts89075,Kim Sun-young,Eom So-Hye,ACTOR
842589,ts53399,Hummer Zhang,Ali,ACTOR
182065,tm178513,Sudhir Pandey,Vijay's Father,ACTOR
136415,tm200126,Domenico Fiore,Manager,ACTOR
61013,tm43399,Aamir Khan,Bhuvan,ACTOR
265267,tm817075,Paulina GaÃÂÃÂzka,"""Mimi"", dziewczyna ""Ola""",ACTOR
1938736,tm830795,Bhumibhat Thavornsiri,Toey,ACTOR
13240,tm225308,Werner Herzog,Narrator (voice),ACTOR
74661,tm463038,Teresa Rabal,Madre Alejandro,ACTOR
260350,tm178395,Ron Heisler,Club Patron,ACTOR
1409153,tm894619,Peter Schoelier,Old Timer,ACTOR
772812,tm836674,Nevin Burkholder,Barbarian Wrestler,ACTOR
250016,tm358949,Bea Santos,Jeannette,ACTOR
178224,tm429174,Pep Tosar,Police Commissioner,ACTOR
139873,ts80413,Lee Kwang-soo,Lee Kwang-soo,ACTOR
963327,tm501313,Jonathan Failla,Nathan's Fancy House Thug,ACTOR
2152916,tm464557,Emily Chatelain,Girl,ACTOR
211560,tm369453,RaÃÂºl Campos,,DIRECTOR
4553,tm140389,Samuel Joslin,Jonathan Brown,ACTOR
12464,ts20681,Jason Alexander,George Costanza,ACTOR
8925,tm825714,Lakeith Stanfield,Cherokee Bill,ACTOR
590180,ts308845,MiÃÂ¡el MatiÃÂeviÃÂ,Juri MÃÂ¼ller,ACTOR
1810551,tm314477,Lle Godoy,Mikel,ACTOR
874123,tm322200,CÃÂ©sar Riola,Mudanzero,ACTOR
1371932,ts226403,Lorayne Oliveira,Contestant,ACTOR
1279608,tm851055,Bodunrin Sasore,,DIRECTOR
2245504,ts314594,Charles Coffey,Self. Detective Profiler,ACTOR
211560,tm426367,RaÃÂºl Campos,,DIRECTOR
233954,tm822832,Bryan Webster,Wedding Officiant,ACTOR
1951,tm305437,Maurice LaMarche,Bob Pataki (voice),ACTOR
104664,tm1044289,Rhys Muldoon,Clark Marshall,ACTOR
100164,ts86927,Lee Dong-wook,Kwon Jung-rok,ACTOR
13990,tm485801,ÃÂlex O'Dogherty,Bienvenido,ACTOR
139928,tm840196,Alan Metoskie,Allen Ginsberg,ACTOR
1572629,tm819841,Brian Sy,Sir TJ,ACTOR
1430587,tm27395,Candice Partridge,Flamenco Dancer #7,ACTOR
758894,tm155787,Steve Forleo,City Detective #1,ACTOR
1435488,tm369452,Roberto Moldavsky,,ACTOR
1531470,tm677904,Shaffy Bello-Akinrimisi,,ACTOR
856210,ts252861,Tamara Smart,Young Jade Wesker,ACTOR
57656,tm273600,Kohsuke Toriumi,Kousuke Wakamatsu (voice),ACTOR
36375,tm38064,Kenta Miyake,Nosferatu Zodd,ACTOR
17130,tm363248,David Wain,,DIRECTOR
385348,tm350044,Mahdi Fleifel,,DIRECTOR
8998,tm65765,Jean-Claude Van Damme,Samson Gaul,ACTOR
184052,tm271333,Carla Martinez,Mrs. Labrador,ACTOR
99997,tm65142,KihachirÃÂ Uemura,Chaka,ACTOR
108075,tm266702,Erico Salamone,Didier Fauconnier,ACTOR
97721,tm997617,Ketchup Eusebio,,ACTOR
36788,ts23797,Mark Chao,Wu Ying Xiong,ACTOR
249665,ts80445,Moshe Kasher,,ACTOR
40021,tm1038857,Joan Collins,Self,ACTOR
214661,tm27395,Darren Dupree Washington,Nightclub Patron (uncredited),ACTOR
159479,tm821789,John Patrick Jordan,Best Original Screenplay Announcer,ACTOR
1558,tm1080114,David Benullo,,DIRECTOR
227108,tm35895,Pedro Urizzi,Pai de Stalone,ACTOR
45349,ts213544,Gong Jeong-hwan,Goo Jae-Kyung,ACTOR
127218,ts154625,Gustave Kervern,Charles,ACTOR
17693,tm230426,Alex Zahara,Baron Von Awesome,ACTOR
339250,tm218052,Kamlesh Sawant,Sub-inspector Laxmikant Gaitonde,ACTOR
1836003,tm476496,Padmanabh Bind,,ACTOR
45230,tm848663,Karan Johar,,DIRECTOR
290877,tm959213,Alexander Medina,,ACTOR
48852,ts224891,Miki Nakatani,Limi Nara,ACTOR
78112,tm206512,Matt Corboy,The Husband,ACTOR
605763,tm204035,Tsogbaatar Batzorig,Weapons Engineer,ACTOR
1963544,tm984204,Cecilia Okoye,Guard #1,ACTOR
1000317,tm244321,Tatyana Smirnova,,ACTOR
1305227,ts223659,Sparsh Shrivastav,Sunny,ACTOR
13009,tm814671,Mike Vogel,Russell Williams,ACTOR
959821,tm1213009,Sanchana Natarajan,Amudha,ACTOR
250880,tm926004,JP Karliak,,ACTOR
836313,tm1073433,Suhas Kadav,,DIRECTOR
183177,tm448707,Sudev Nair,SI Iqbal,ACTOR
45840,ts223238,Jung Young-ki,"Jo Jin Seok [Senior Programmer, GIO Labs]",ACTOR
1187032,tm201855,Suparna Marwah,Madhav's Mother,ACTOR
2095029,tm1151272,Bjorn Surrao,Self,ACTOR
1142865,tm1106212,Chicco Kurniawan,Amin,ACTOR
1116468,ts81583,Cha Rae-hyung,Mr. Bang,ACTOR
265278,tm1068632,Jerzy Schejbal,Chairman of Sanstal,ACTOR
378065,tm455059,Lior Geller,,DIRECTOR
632284,tm916997,Briana Andrade-Gomes,Trinity,ACTOR
1632301,tm818786,Oscar Gordillo,Demon,ACTOR
798245,tm467467,J Balvin,Self,ACTOR
34839,tm468824,Nicole Oliver,Mrs. Graves (voice),ACTOR
1842883,tm833467,Viraj Kapoor,Daddu Thakur (younger),ACTOR
339798,tm207668,Prachee Shah,Padmashree Durga Devi,ACTOR
12800,tm147710,Chevy Chase,Clark,ACTOR
945635,tm76029,Sami Yarbek,Volontaire de la croix rouge,ACTOR
372949,tm159912,Mukul Anand,,DIRECTOR
65748,tm99450,Shahana Goswami,Nadia,ACTOR
4520,tm178201,Kelly Reilly,Mary Morstan,ACTOR
106153,tm246175,Robert Gustafsson,Allan Karlsson,ACTOR
79907,tm172683,Vito D'Ambrosio,Crowd Onlooker,ACTOR
111517,ts36631,Matias Varela,Jorge Salcedo,ACTOR
913,tm178712,Jerry O'Connell,Christian Grey,ACTOR
357656,tm140877,Debra Leigh-Taylor,Evacuee (uncredited),ACTOR
705631,tm849407,Niklas Kinzel,Yannis Vukovic,ACTOR
1080349,tm171042,Ross Gallo,Josh,ACTOR
307657,tm52083,Liliane Nemri,Neighbor,ACTOR
184160,tm158304,Timothy W. Mather,Print Journalist (uncredited),ACTOR
117653,tm309903,Wigald Boning,Manni (german voice),ACTOR
18143,tm1235785,June Diane Raphael,Self,ACTOR
728591,ts57705,Alexander CvetkoviÃÂ,Mario Kardum,ACTOR
78241,tm148671,David Anzuelo,Bodega Owner,ACTOR
311958,tm863829,Iqbaal Dhiafakhri Ramadhan,Ali,ACTOR
31497,tm32919,Zenzo Ngqobe,Rebel 3,ACTOR
842818,tm813634,Anand Deverakonda,Raju,ACTOR
53471,tm238748,Greg McLean,,DIRECTOR
1533134,tm921206,Zandile Madliwa,Gwyneth,ACTOR
66799,tm1151272,Vijay,Veera Raghavan,ACTOR
206731,tm849003,Jill Buchanan,Screaming Woman,ACTOR
2222075,tm455568,Harry Dej,Copy Shop Customer,ACTOR
12209,tm243121,Zach Woods,Mike Murray,ACTOR
858411,tm281935,Nikki Tomlinson,Bored Employee (uncredited),ACTOR
264122,tm853091,Entsar,,ACTOR
967874,tm435144,Father Bob Weiss,Himself,ACTOR
168059,tm245155,Rakeen Saad,Maryam,ACTOR
360505,tm855535,WiesÃÂaw Komasa,Dean,ACTOR
2373235,tm1199146,Kaiser Houborg,Theo (Child),ACTOR
77810,tm137869,FranÃÂ§ois Vincentelli,Benny,ACTOR
2282567,tm68436,Nirmala D. Thappa,Maalti Maasi,ACTOR
282865,tm824398,Gorka Zufiaurre,Inmate #2,ACTOR
232930,ts89048,Jung Jin-young,Seo Do-Hyun,ACTOR
1954712,tm1018418,Michael Chenette,Alleyway Cop,ACTOR
2159632,tm837802,Gabriela Mesquita,Pessoa 4,ACTOR
1418980,tm984204,Braden Balazik,Detention Center Kid (uncredited),ACTOR
122821,ts84146,Camille Razat,Camille,ACTOR
5173,ts25765,Yui Horie,Yuki Cross,ACTOR
103088,tm1079334,Bob Ross,Self (archive footage),ACTOR
227658,tm243931,Estela Renner,,DIRECTOR
3341,tm208622,Michael Papajohn,Otis,ACTOR
1752539,tm881859,John Byrd,Self,ACTOR
1854016,tm1031499,Luan Caruzo,,ACTOR
1094680,tm467467,Larke Hassedt,Dancer,ACTOR
1092470,tm1079334,Dana Jester,Self - Bob's Friend,ACTOR
312388,ts268551,Kang Tae-oh,Lee Yeong-hwa,ACTOR
140142,tm27601,Atul Parchure,Shahid,ACTOR
1888428,tm1005937,Elvina Ibru,,ACTOR
68498,tm96595,Abhimanyu Singh,Lt. Col. Pratap Singh,ACTOR
66478,tm159296,Devika Bhagat,,DIRECTOR
412590,tm100688,Alejandra Lanza,Enfermera (uncredited),ACTOR
29277,ts21544,Sumalee Montano,Arcee,ACTOR
1665871,tm882700,Arkano,,ACTOR
364794,tm200126,Karl Campbell,Gary,ACTOR
163002,tm142630,Bachchan Pachera,Caretaker,ACTOR
602767,tm984155,Chinaza Uche,Shawn,ACTOR
148837,tm465427,Andrea Del Rosario,Felicia Santiago,ACTOR
232184,tm244507,Marcelo D'Andrea,Florencio Romero,ACTOR
143290,tm34646,Marnie Lapuz,,ACTOR
37354,tm194792,Rupert Evans,Malcolm,ACTOR
247950,tm371741,Ricardo Quevedo,,ACTOR
2047262,ts288005,Kim Moo-joon,Yoo Se-ho,ACTOR
125876,tm315344,Bruno Verdoni,Pat,ACTOR
1798930,tm1001267,Irina Obrezkova,Gretel (voice),ACTOR
335896,tm673809,Eddie Irvine,Self,ACTOR
76207,tm244758,Sonya Cassidy,Annabel,ACTOR
83039,tm14873,Don Haggerty,Minor Role (uncredited),ACTOR
679083,tm407961,Alexx Ekubo,,ACTOR
699094,tm824331,Crystal Tweed,Flight Attendant,ACTOR
1438529,tm411958,Bojan Ban,'I Show You Love' Guy,ACTOR
862545,tm160621,Ashley White,Estudante,ACTOR
134720,tm362198,Lyndon B. Johnson,Himself (archive footage),ACTOR
1632089,tm840196,Ashley Trumbo,Band Member,ACTOR
144569,ts225430,Park Eun-hye,Shin Ji-hye,ACTOR
19271,tm845942,Richard Roundtree,Grandpa,ACTOR
96970,ts319303,Takumi Saitoh,Kentaro Hiyama,ACTOR
1178164,tm1001097,Micheal Ward,Cain,ACTOR
763572,tm817709,Ruby Stokes,Agnes,ACTOR
71413,tm331117,Fred Epaud,Tax inspector,ACTOR
141540,tm1041549,Chiwetalu Agu,,ACTOR
920285,tm422491,Craig Chamberlin,Nick Brady,ACTOR
969197,tm435487,Kiki Narendra,Gino,ACTOR
80431,tm1080445,Gee Alexander,Goon,ACTOR
142133,tm102848,Aamir Bashir,Vivek,ACTOR
692483,tm239727,Jackie Zane,Red Solo Cup Girl (uncredited),ACTOR
7138,tm141648,Joanne Bentley,Noblewoman (uncredited),ACTOR
4825,tm136061,Brendan Gleeson,Arthur Steed,ACTOR
176449,tm849131,Jessica-Jane Stafford,Pearl,ACTOR
16110,tm140389,George Newton,Angel (uncredited),ACTOR
78672,tm61801,Ricky Sekhon,Osama Bin Laden,ACTOR
1431157,tm549892,Derrik Sweeny,News Anchor #2,ACTOR
38637,tm27601,Johnny Lever,Pappu Junior,ACTOR
120882,tm158304,Rick Uecker,Minnesota Health,ACTOR
4287,ts76869,Minori Chihara,Erica Brown (voice),ACTOR
20409,tm244317,Alanna Ubach,Karen,ACTOR
289150,tm239733,Yayu A.W. Unru,Romli,ACTOR
66093,tm245148,Jim Jefferies,Himself,ACTOR
456969,tm80059,KÃÂichi TÃÂchika,Neji HyÃÂ»ga (voice),ACTOR
112177,tm979182,Anastasios Soulis,David,ACTOR
261858,tm101914,Matthew Muzio,HBO Cameraman #2,ACTOR
495476,tm361588,Edgar Fruitier,Taylor (voice),ACTOR
1499,tm39487,Kevin Smith,Sam,ACTOR
1994087,ts213232,Russell Rope,Russell Rope,ACTOR
1286926,tm847430,Ichikawa SomegorÃÂ VIII,Cherry (voice),ACTOR
1114313,tm101914,Lee Wesley,Fight Spectator #1,ACTOR
169761,tm462311,Regina Welker,,DIRECTOR
650029,tm81270,Akerin Suksawat Premwattana,Toby,ACTOR
34923,tm182429,J. J. Perry,Secret Service Agent (uncredited),ACTOR
597359,tm299677,Ryan Irving,Young Deputy,ACTOR
46498,ts271321,Shin Ha-kyun,Lee Dong-sik,ACTOR
2324382,tm1202960,Mike Lavin,,DIRECTOR
2166326,tm420334,Alex PÃÂ©rez,Porter,ACTOR
627616,tm300184,Jamie Roberts,Teacher,ACTOR
31953,tm12499,Vaughn Armstrong,Trooper,ACTOR
1837448,tm273294,Dagoberto Rodriguez,Big Fella,ACTOR
123493,ts221749,Wataru Takagi,Kaiman (voice),ACTOR
23041,tm15897,Daniel Zacapa,Detective Taylor,ACTOR
445605,tm428877,Tuncay AkÃÂ§a,,ACTOR
442574,tm320670,Laurent Natrella,Curtis (voice),ACTOR
1907581,tm435520,Ricardo Larrama,Tango Club Boss,ACTOR
9764,tm170873,Michael Welch,Earl,ACTOR
481279,ts70843,Gino Tsai,Zhang Ming Han,ACTOR
255232,tm279828,Jeric Raval,,ACTOR
7103,tm89677,Scott Adsit,Cab Driver,ACTOR
348,tm374845,Akio Otsuka,Zoria (voice),ACTOR
1416328,ts329854,Byul,,ACTOR
935268,tm318200,L.A. Reid,Self,ACTOR
24312,tm315174,Richard Graham,"George Riley, News of the World",ACTOR
868768,ts80042,Gabriel Darku,Trey,ACTOR
205521,tm191110,Edward Fletcher,Sixth Officer Moody,ACTOR
2258,tm41792,Dana Gourrier,Cora,ACTOR
111860,tm823488,Barry Avrich,,DIRECTOR
96318,tm233465,Jonathan Penner,Mr. Daizy,ACTOR
5834,tm158304,Laurence Fishburne,Ellis Cheever,ACTOR
801429,tm1138743,Sally Quinn,Self (voice),ACTOR
38638,tm461907,Sanjay Mishra,Kumarjohn,ACTOR
1560833,ts241460,Mysoon Alruwaily,Arwa,ACTOR
894490,tm350379,Paul Titley,Lovecraft,ACTOR
123199,tm1102226,Alessandro Preziosi,Nick,ACTOR
269916,tm958688,Mehmet Ada ÃÂztekin,,DIRECTOR
181965,tm372318,Meriem Serbah,Danny's Algerian Girlfriend,ACTOR
1783164,tm944631,Alejandro Fraire,Self - Son Of Marisela Escobedo,ACTOR
144389,tm867681,Daya Shankar Pandey,Brijraj Saxena,ACTOR
29094,tm244197,Angela Alvarado,Ms. Barnes,ACTOR
80779,tm38980,Rich Dietl,Yeti (voice),ACTOR
1284122,ts82445,Zhang Junran,Liao Yuan Jun / Qin Tong,ACTOR
27710,tm187979,Elisa Gabrielli,Additional Voices (voice),ACTOR
226703,tm897466,Damien Boisseau,Fukamichi (Voice),ACTOR
804981,tm27911,Joseph Riccobene,Kneecapped Bankrobber,ACTOR
8987,tm327540,George Lopez,Zook (voice),ACTOR
1559815,tm977620,Yusuke Furusawa,,ACTOR
45557,ts55798,Choi Jae-woong,Jang Geon,ACTOR
64704,tm430171,Billy Corben,,DIRECTOR
707435,ts56261,Alejandra Reynoso,Sypha Belnades (voice),ACTOR
195082,tm351171,ÃÂinasi Yurtsever,KivanÃÂ§,ACTOR
1617260,tm938333,Paden Andrews,Clutch Bro #1 / Clutch Bro #2,ACTOR
1201823,tm407775,Emilie Aubertot,The Marquis' first servant,ACTOR
31111,tm175843,Ron Ostrow,Richard,ACTOR
54244,tm423436,Teddy CaÃÂ±ez,Officer Thomas,ACTOR
1535591,tm918701,Lucas Blas,Eric,ACTOR
223879,tm414676,Erasmo Carlos,JosÃÂ©,ACTOR
64881,ts687,Chad Faust,Kyle Baldwin,ACTOR
95702,ts21688,Kim Hyun-joong,Yoon Ji-hoo,ACTOR
106230,ts91125,Kim Dong-jun,Han Do-Kyung,ACTOR
915460,ts237239,Carlos Torres,Joaquin Herrera,ACTOR
77812,tm137869,Nick Epper,Tony,ACTOR
2202060,tm893510,Sonia Weber,Self,ACTOR
246282,tm931686,Jeremie Harris,Henny,ACTOR
32124,ts42075,Saadet IÃÂÃÂ±l Aksoy,EylÃÂ¼l,ACTOR
10216,ts283610,Anand Tiwari,,DIRECTOR
98204,tm977782,Shawn Mendes,Himself,ACTOR
52702,tm321224,Chloe Bridges,Diana,ACTOR
1144,tm135451,Loren Bass,Yale Professor,ACTOR
38939,tm191013,Mike Gunther,Surfer Punk,ACTOR
239656,ts89531,Ahmed Dawood,,ACTOR
208190,tm324870,Ronen Rubinstein,Mike,ACTOR
285272,tm979073,Niniek L. Karim,Nenek Yos,ACTOR
85433,tm298846,NoÃÂ«l Wells,Tasha,ACTOR
1632075,tm840196,Hana Chew,Band Member,ACTOR
107717,ts38090,Alexander Vlahos,"Philippe d'OrlÃÂ©ans, aka 'Monsieur'",ACTOR
21513,tm49037,Mami Koyama,Kishiria Zabi,ACTOR
340058,tm238722,Harriett D. Foy,Board Member,ACTOR
1007973,tm1003353,Angela Sprinkle,Backyard Parent,ACTOR
1497982,tm898285,Micah P. Hinson,Himself,ACTOR
2124,tm148597,Eddie Izzard,Special Guest Bruce,ACTOR
53017,tm191013,Veronica Hart,Judge,ACTOR
1217066,tm810657,Buchi Babu Sana,,DIRECTOR
1559913,tm244321,Katarzyna  WiesioÃÂek,,ACTOR
1094660,tm467467,Sabina Lundgren,Dancer,ACTOR
782789,tm324870,Alana Baer,Anna,ACTOR
25455,ts84663,Judith Light,Dede Standish,ACTOR
157626,tm847430,Junichi Yanagita,Motopuri (voice),ACTOR
73235,tm316567,Takanori Iwata,Cobra,ACTOR
11478,tm62924,Carol Cleveland,Various Roles,ACTOR
1582146,tm117488,Chad Melton,Bungee Jumper,ACTOR
1105389,tm981451,Mike Pence,Self (archive footage),ACTOR
101195,tm925785,ErÃÂ©ndira Ibarra,,ACTOR
815074,tm445255,Sargun Mehta,Bani,ACTOR
305437,tm169669,Alexis Nacion,Mama Pedring Magbutay,ACTOR
76426,tm240076,Bruce Bundy,Ranger Meg,ACTOR
761371,tm306811,Carlos Martinez,Police Chief Auditionee / Himself,ACTOR
25552,ts256710,Matt McGorry,Mark Higgins,ACTOR
255431,tm819841,Andrew Gan,Tom,ACTOR
2544,ts75151,Merritt Wever,Mary Agnes,ACTOR
36676,tm161282,Walt Dohrn,Antarctic Penguin (voice),ACTOR
718431,tm111828,SÃÂ©bastien Jean,Choir,ACTOR
48554,tm157283,SebastiÃÂ¡n Aguirre,TomÃÂ¡s,ACTOR
1260044,tm824559,Sarah Baughn,Self - Former Yoga Teacher,ACTOR
37287,tm45454,Mo Gallini,Drug Lord (uncredited),ACTOR
1266040,tm351216,Leslie Van Houten,Self,ACTOR
2213553,tm96052,Pablo Tagliani,Fabi,ACTOR
532056,tm406881,Hank Beebe,Himself,ACTOR
935133,tm371188,Ivan Leonardy,Ditto's Father,ACTOR
428755,tm244259,Apesanahkwat,Dan Crowheart,ACTOR
420676,tm871330,Jeff Deverett,,DIRECTOR
6105,tm315424,Emile Hirsch,Shane Danger,ACTOR
1332728,ts256764,Sen Wen,Nan Feng (voice),ACTOR
123480,ts81885,Monica Barbaro,Cora Vasquez,ACTOR
1645005,tm452851,Mohsen Azimi,Custom offical,ACTOR
839665,tm299504,Olalla HernÃÂ¡ndez,Sor Reme,ACTOR
64567,tm52871,Rakhee Gulzar,Geeta Malhotra,ACTOR
4400,tm133087,Sam Shepard,Spud Jones,ACTOR
33087,tm327199,Ernie Barbarash,,DIRECTOR
