ID,Name,Sex,Age,Height,Weight,Team,NOC,Games,Year,Season,City,Sport,Event,Medal
18167,Kelsey Card,F,23.0,178.0,116.0,United States,USA,2016 Summer,2016,Summer,Rio de Janeiro,Athletics,Athletics Women's Discus Throw,
2116,Obaid Al-Rumaithi,M,20.0,179.0,60.0,United Arab Emirates,UAE,1992 Summer,1992,Summer,Barcelona,Swimming,Swimming Men's 200 metres Breaststroke,
28861,Ahcen Djeffal,M,27.0,173.0,88.0,Algeria,ALG,1980 Summer,1980,Summer,Moskva,Handball,Handball Men's Handball,
9214,Otto Christian Becker,M,20.0,,,Denmark,DEN,1908 Summer,1908,Summer,London,Fencing,"Fencing Men's epee, Individual",
12327,Vanja Hedvig Desideria Blomberg (-Webjrn),F,23.0,,,Sweden,SWE,1952 Summer,1952,Summer,Helsinki,Gymnastics,Gymnastics Women's Horse Vault,
5890,JeanJacques Auberson,M,,,,Switzerland,SUI,1928 Summer,1928,Summer,Amsterdam,Hockey,Hockey Men's Hockey,
8174,"Jack Leonard ""Jay"" Barrs, Jr.",M,30.0,182.0,70.0,United States,USA,1992 Summer,1992,Summer,Barcelona,Archery,Archery Men's Team,
21761,Jos Clar Ayats,M,45.0,,,Spain,ESP,1924 Summer,1924,Summer,Paris,Art Competitions,Art Competitions Mixed Sculpturing,
2958,Houshmand Almasi,M,36.0,178.0,78.0,Iran,IRI,1964 Summer,1964,Summer,Tokyo,Fencing,"Fencing Men's epee, Individual",
21459,Ivan Chureshki,M,27.0,,,Bulgaria,BUL,1936 Summer,1936,Summer,Berlin,Gymnastics,Gymnastics Men's Pommelled Horse,
12437,"Gilmour Stuart ""Gil"" Boa",M,27.0,177.0,81.0,Canada,CAN,1952 Summer,1952,Summer,Helsinki,Shooting,"Shooting Men's Small-Bore Rifle, Three Positions, 50 metres",
15243,Hermanus Gerardus Brockmann,M,28.0,,60.0,Minerva Amsterdam,NED,1900 Summer,1900,Summer,Paris,Rowing,Rowing Men's Coxed Eights,Bronze
14102,Brahim Bourdrali,M,21.0,186.0,79.0,Algeria,ALG,1984 Summer,1984,Summer,Los Angeles,Handball,Handball Men's Handball,
7444,Oana Mihaela Ban,F,18.0,139.0,36.0,Romania,ROU,2004 Summer,2004,Summer,Athina,Gymnastics,Gymnastics Women's Uneven Bars,
23480,"Francis Bernard ""Frank"" Courtney",M,26.0,,,Canada,CAN,1932 Summer,1932,Summer,Los Angeles,Rowing,Rowing Men's Coxless Fours,
19518,Wiktor Chabel,M,30.0,192.0,98.0,Poland,POL,2016 Summer,2016,Summer,Rio de Janeiro,Rowing,Rowing Men's Quadruple Sculls,
14564,Matas Jorge Brain Pea,M,26.0,178.0,65.0,Chile,CHI,2000 Summer,2000,Summer,Sydney,Triathlon,Triathlon Men's Olympic Distance,
14685,Tadeja Brankovi (-Likozar),F,30.0,163.0,65.0,Slovenia,SLO,2010 Winter,2010,Winter,Vancouver,Biathlon,Biathlon Women's 4 x 6 kilometres Relay,
10374,"Andr Antoine ""Anthony"" Berg",M,,,,France-1,FRA,1924 Winter,1924,Winter,Chamonix,Bobsleigh,Bobsleigh Men's Four/Five,
16696,Lauren Chantel Burns (-Muller),F,26.0,165.0,49.0,Australia,AUS,2000 Summer,2000,Summer,Sydney,Taekwondo,Taekwondo Women's Flyweight,Gold
5723,Gloria Asumnu,F,27.0,168.0,64.0,Nigeria,NGR,2012 Summer,2012,Summer,London,Athletics,Athletics Women's 4 x 100 metres Relay,
25444,Dmitry Vladimirovich Dashchinsky,M,24.0,170.0,68.0,Belarus,BLR,2002 Winter,2002,Winter,Salt Lake City,Freestyle Skiing,Freestyle Skiing Men's Aerials,
3972,Per Gunnar Andersson (-Westberg),M,25.0,180.0,71.0,Sweden,SWE,1980 Winter,1980,Winter,Lake Placid,Biathlon,Biathlon Men's 10 kilometres Sprint,
33327,Jason Moses Estrada,M,23.0,185.0,113.0,United States,USA,2004 Summer,2004,Summer,Athina,Boxing,Boxing Men's Super-Heavyweight,
31976,Eman Abdulnabi Ismail El-Gammal,F,26.0,168.0,51.0,Egypt,EGY,2008 Summer,2008,Summer,Beijing,Fencing,"Fencing Women's Foil, Individual",
5635,Lars-Gran slund,M,26.0,185.0,77.0,Sweden,SWE,1972 Winter,1972,Winter,Sapporo,Cross Country Skiing,Cross Country Skiing Men's 30 kilometres,
28509,Berit Digre (-Nord),F,21.0,162.0,57.0,Norway,NOR,1988 Summer,1988,Summer,Seoul,Handball,Handball Women's Handball,Silver
17958,Julieta Cantaluppi,F,27.0,163.0,46.0,Italy,ITA,2012 Summer,2012,Summer,London,Rhythmic Gymnastics,Rhythmic Gymnastics Women's Individual,
8393,Sajjad Barzi,M,23.0,195.0,120.0,Iran,IRI,2004 Summer,2004,Summer,Athina,Wrestling,"Wrestling Men's Super-Heavyweight, Greco-Roman",
6372,Hassane Azzoun,M,28.0,188.0,100.0,Algeria,ALG,2008 Summer,2008,Summer,Beijing,Judo,Judo Men's Half-Heavyweight,
25839,Dominique d'Esm (-Gerbaud),F,38.0,156.0,57.0,France,FRA,1984 Summer,1984,Summer,Los Angeles,Equestrianism,"Equestrianism Mixed Dressage, Individual",
30474,Luis Jorge Duggan Ham,M,30.0,,,Argentina,ARG,1936 Summer,1936,Summer,Berlin,Polo,Polo Men's Polo,Gold
25125,"Elizabeth ""Elly"" Dammers",F,26.0,,,Netherlands,NED,1948 Summer,1948,Summer,London,Athletics,Athletics Women's Javelin Throw,
9525,Mohamed Habib Bel Hadj,M,27.0,180.0,67.0,Tunisia,TUN,2000 Summer,2000,Summer,Sydney,Athletics,Athletics Men's 800 metres,
35017,Emilio Ferrer Calvo,M,,166.0,55.0,Spain,ESP,1928 Summer,1928,Summer,Amsterdam,Athletics,Athletics Men's Marathon,
24921,Sylvie Daigle,F,31.0,168.0,61.0,Canada,CAN,1994 Winter,1994,Winter,Lillehammer,Short Track Speed Skating,Short Track Speed Skating Women's 500 metres,
29764,Alenka Dovan,F,25.0,164.0,60.0,Slovenia,SLO,2002 Winter,2002,Winter,Salt Lake City,Alpine Skiing,Alpine Skiing Women's Giant Slalom,
24597,"Daniel ""Dan"" D'Alvise",M,24.0,185.0,88.0,Canada,CAN,1980 Winter,1980,Winter,Lake Placid,Ice Hockey,Ice Hockey Men's Ice Hockey,
3703,Carl Albert Andersen,M,31.0,,,Norway,NOR,1908 Summer,1908,Summer,London,Gymnastics,Gymnastics Men's Team All-Around,Silver
19381,Stefano Cerioni,M,32.0,191.0,87.0,Italy,ITA,1996 Summer,1996,Summer,Atlanta,Fencing,"Fencing Men's Foil, Individual",
3490,"Benjamin Edward ""Ben"" Amonette",M,41.0,183.0,75.0,United States,USA,1996 Summer,1996,Summer,Atlanta,Shooting,"Shooting Men's Air Pistol, 10 metres",
30729,Imke Duplitzer,F,36.0,186.0,79.0,Germany,GER,2012 Summer,2012,Summer,London,Fencing,"Fencing Women's epee, Individual",
20596,Georgy Ivanovich Chevychalov,M,24.0,175.0,67.0,Soviet Union,URS,1960 Summer,1960,Summer,Roma,Athletics,Athletics Men's 400 metres Hurdles,
35267,Yusleidy Mariana Figueroa Roldn,F,23.0,153.0,56.0,Venezuela,VEN,2016 Summer,2016,Summer,Rio de Janeiro,Weightlifting,Weightlifting Women's Lightweight,
12567,Franz Bckli,M,42.0,,,Switzerland,SUI,1900 Summer,1900,Summer,Paris,Shooting,"Shooting Men's Free Rifle, Kneeling, 300 metres",
28735,Jos Dirceu Guimares,M,20.0,170.0,62.0,Brazil,BRA,1972 Summer,1972,Summer,Munich,Football,Football Men's Football,
34778,Alberto Fernndez Muoz,M,29.0,180.0,115.0,Spain,ESP,2012 Summer,2012,Summer,London,Shooting,Shooting Men's Trap,
14208,Jan Bouwman,M,24.0,196.0,92.0,Netherlands,NED,1960 Summer,1960,Summer,Roma,Swimming,Swimming Men's 100 metres Freestyle,
25621,John Goldup Davies,M,34.0,,,Great Britain,GBR,1948 Summer,1948,Summer,London,Swimming,Swimming Men's 200 metres Breaststroke,
21645,Glorianda Cipolla,F,21.0,167.0,57.0,Italy,ITA,1968 Winter,1968,Winter,Grenoble,Alpine Skiing,Alpine Skiing Women's Downhill,
4672,Toru Aoyanagi,M,19.0,167.0,65.0,Japan,JPN,1988 Winter,1988,Winter,Calgary,Speed Skating,"Speed Skating Men's 10,000 metres",
11951,Ole Einar Bjrndalen,M,24.0,178.0,65.0,Norway,NOR,1998 Winter,1998,Winter,Nagano,Biathlon,Biathlon Men's 10 kilometres Sprint,Gold
35308,Ivan Ilyich Filin,M,30.0,163.0,50.0,Soviet Union,URS,1956 Summer,1956,Summer,Melbourne,Athletics,Athletics Men's Marathon,
5992,Aung Aye Aye,F,27.0,173.0,75.0,Myanmar,MYA,2012 Summer,2012,Summer,London,Judo,Judo Women's Half-Heavyweight,
17301,Andrea Caianiello,M,24.0,183.0,73.0,Italy,ITA,2012 Summer,2012,Summer,London,Rowing,Rowing Men's Lightweight Coxless Fours,
13316,Michael Anthonie Boogerd,M,32.0,178.0,63.0,Netherlands,NED,2004 Summer,2004,Summer,Athina,Cycling,"Cycling Men's Road Race, Individual",
34862,Mara Luisa Fernndez Daz,F,19.0,177.0,64.0,Spain,ESP,1988 Summer,1988,Summer,Seoul,Swimming,Swimming Women's 100 metres Butterfly,
16962,Aldo Buttini,M,37.0,,,Italy,ITA,1936 Summer,1936,Summer,Berlin,Art Competitions,"Art Competitions Mixed Sculpturing, Unknown Event",
32339,"Herbert James ""Herb"" Elliott",M,22.0,181.0,68.0,Australia,AUS,1960 Summer,1960,Summer,Roma,Athletics,"Athletics Men's 1,500 metres",Gold
19821,Ral Chapado Serrano,M,30.0,194.0,85.0,Spain,ESP,2000 Summer,2000,Summer,Sydney,Athletics,Athletics Men's Triple Jump,
19063,"Lawrence Ray ""Larry"" Caton",M,24.0,190.0,77.0,United States,USA,1972 Summer,1972,Summer,Munich,Handball,Handball Men's Handball,
25947,Clment Flix de Boissire,M,25.0,,,France,FRA,1900 Summer,1900,Summer,Paris,Fencing,"Fencing Men's Foil, Individual",
16213,Charles G. Bugbee,M,36.0,,,Great Britain,GBR,1924 Summer,1924,Summer,Paris,Water Polo,Water Polo Men's Water Polo,
18290,John Wesley Carlos,M,23.0,193.0,85.0,United States,USA,1968 Summer,1968,Summer,Mexico City,Athletics,Athletics Men's 200 metres,Bronze
12983,"Rodney ""Rod"" Boll",M,44.0,185.0,95.0,Canada,CAN,1996 Summer,1996,Summer,Atlanta,Shooting,Shooting Men's Double Trap,
18072,Giulio Cappelli,M,25.0,174.0,72.0,Italy,ITA,1936 Summer,1936,Summer,Berlin,Football,Football Men's Football,Gold
28082,Oscar di Lovera,M,25.0,178.0,73.0,Argentina,ARG,1984 Winter,1984,Winter,Sarajevo,Biathlon,Biathlon Men's 10 kilometres Sprint,
14011,Marc mile Bouissou,M,21.0,,,France,FRA,1952 Summer,1952,Summer,Helsinki,Rowing,Rowing Men's Coxless Fours,Silver
33832,Jakov Fak,M,26.0,181.0,80.0,Slovenia,SLO,2014 Winter,2014,Winter,Sochi,Biathlon,Biathlon Men's 20 kilometres,
21228,Christen Christensen,M,31.0,,,Norway,NOR,1936 Winter,1936,Winter,Garmisch-Partenkirchen,Figure Skating,Figure Skating Mixed Pairs,
18829,Gustav Casmir,M,31.0,,,Germany,GER,1906 Summer,1906,Summer,Athina,Fencing,"Fencing Men's Sabre, Team",Gold
31524,Bernd Effing,M,24.0,178.0,68.0,West Germany,FRG,1972 Summer,1972,Summer,Munich,Gymnastics,Gymnastics Men's Horizontal Bar,
14686,Karsten Brannasch,M,27.0,188.0,103.0,Germany-2,GER,1994 Winter,1994,Winter,Lillehammer,Bobsleigh,Bobsleigh Men's Four,Gold
979,Hans Adlhoch,M,41.0,177.0,70.0,Canada,CAN,1976 Summer,1976,Summer,Montreal,Shooting,"Shooting Mixed Small-Bore Rifle, Prone, 50 metres",
29830,Ferenc Dzsa,M,20.0,190.0,83.0,Hungary,HUN,1988 Summer,1988,Summer,Seoul,Rowing,Rowing Men's Quadruple Sculls,
31339,Maik Eckhardt,M,34.0,187.0,90.0,Germany,GER,2004 Summer,2004,Summer,Athina,Shooting,"Shooting Men's Small-Bore Rifle, Prone, 50 metres",
18506,Pieralberto Carrara,M,21.0,173.0,57.0,Italy,ITA,1988 Winter,1988,Winter,Calgary,Biathlon,Biathlon Men's 10 kilometres Sprint,
21049,Choi Myong-Hui,F,14.0,135.0,25.0,North Korea,PRK,1980 Summer,1980,Summer,Moskva,Gymnastics,Gymnastics Women's Individual All-Around,
4681,Jaime Aparicio Rodewalt ,M,18.0,170.0,63.0,Colombia,COL,1948 Summer,1948,Summer,London,Athletics,Athletics Men's 400 metres Hurdles,
6104,Yerdzhanik Zhorayevna Avetisyan,F,30.0,162.0,68.0,Russia,RUS,2000 Summer,2000,Summer,Sydney,Shooting,Shooting Women's Skeet,
5250,Muslim Aremu Arogundade,M,26.0,,,Nigeria,NGR,1952 Summer,1952,Summer,Helsinki,Athletics,Athletics Men's 4 x 100 metres Relay,
8771,Romed Baumann,M,28.0,184.0,91.0,Austria,AUT,2014 Winter,2014,Winter,Sochi,Alpine Skiing,Alpine Skiing Men's Combined,
11294,Zsolt Biber,M,28.0,194.0,132.0,Hungary,HUN,2004 Summer,2004,Summer,Athina,Athletics,Athletics Men's Shot Put,
6242,Burcu Ayhan (-Yksel),F,22.0,180.0,59.0,Turkey,TUR,2012 Summer,2012,Summer,London,Athletics,Athletics Women's High Jump,
23113,Gaiet Cornet Pamies,M,28.0,183.0,70.0,Spain,ESP,1992 Summer,1992,Summer,Barcelona,Athletics,Athletics Men's 4 x 400 metres Relay,
3469,Hans Ammann,M,32.0,172.0,55.0,Switzerland,SUI,1964 Winter,1964,Winter,Innsbruck,Cross Country Skiing,Cross Country Skiing Men's 15 kilometres,
21768,Clarissa Claretti,F,27.0,170.0,75.0,Italy,ITA,2008 Summer,2008,Summer,Beijing,Athletics,Athletics Women's Hammer Throw,
21013,Choi Hye-Jin,F,17.0,161.0,56.0,South Korea,KOR,2000 Summer,2000,Summer,Sydney,Diving,Diving Women's Platform,
27000,Jacques Lopold Degats,M,26.0,180.0,76.0,France,FRA,1956 Summer,1956,Summer,Melbourne,Athletics,Athletics Men's 400 metres,
25694,Jack Wells Davis,M,21.0,190.0,70.0,United States,USA,1952 Summer,1952,Summer,Helsinki,Athletics,Athletics Men's 110 metres Hurdles,Silver
27404,Carlos Deltour,M,36.0,,,Rowing Club Castillon-3,FRA,1900 Summer,1900,Summer,Paris,Rowing,Rowing Men's Coxed Pairs,Bronze
30278,mile Dubois,M,,,,France,FRA,1900 Summer,1900,Summer,Paris,Cycling,Cycling Men's Sprint,
15979,Svetlana Yuryevna Bubnenkova (-Stolbova),F,31.0,169.0,60.0,Russia,RUS,2004 Summer,2004,Summer,Athina,Cycling,"Cycling Women's Road Race, Individual",
35132,Paulna Fialkov,F,21.0,164.0,55.0,Slovakia,SVK,2014 Winter,2014,Winter,Sochi,Biathlon,Biathlon Women's 7.5 kilometres Sprint,
31875,Elif Eki,F,21.0,168.0,59.0,Turkey,TUR,1988 Summer,1988,Summer,Seoul,Archery,Archery Women's Individual,
34115,"Kenneth Aubrey ""Ken"" Farnum",M,21.0,,,Jamaica,JAM,1952 Summer,1952,Summer,Helsinki,Cycling,"Cycling Men's 1,000 metres Time Trial",
17004,Paulina Buziak,F,25.0,170.0,48.0,Poland,POL,2012 Summer,2012,Summer,London,Athletics,Athletics Women's 20 kilometres Walk,
14176,Robert Adriaan Bouten,M,23.0,184.0,78.0,Netherlands,NED,2008 Summer,2008,Summer,Beijing,Canoeing,"Canoeing Men's Kayak Singles, Slalom",
20846,"William Hugh ""Bill"" Chisholm",M,23.0,,,United States,USA,1932 Summer,1932,Summer,Los Angeles,Athletics,Athletics Men's 50 kilometres Walk,
22498,Carlos Coloma Nicols,M,30.0,171.0,65.0,Spain,ESP,2012 Summer,2012,Summer,London,Cycling,"Cycling Men's Mountainbike, Cross-Country",
21724,Albin iman,M,26.0,169.0,66.0,Slovenia,SLO,1992 Summer,1992,Summer,Barcelona,Canoeing,"Canoeing Men's Kayak Singles, Slalom",
30964,Vesna uki,F,26.0,163.0,56.0,Slovenia,SLO,2012 Summer,2012,Summer,London,Judo,Judo Women's Lightweight,
29997,Alena Devjan (-Coufalov),F,19.0,157.0,43.0,Czechoslovakia,TCH,1988 Summer,1988,Summer,Seoul,Gymnastics,Gymnastics Women's Individual All-Around,
21170,Jean-Marc Chouinard,M,24.0,187.0,82.0,Canada,CAN,1988 Summer,1988,Summer,Seoul,Fencing,"Fencing Men's epee, Team",
14300,Philipp Boy,M,25.0,172.0,67.0,Germany,GER,2012 Summer,2012,Summer,London,Gymnastics,Gymnastics Men's Pommelled Horse,
18996,Domingos da Silva Castro,M,28.0,167.0,56.0,Portugal,POR,1992 Summer,1992,Summer,Barcelona,Athletics,"Athletics Men's 5,000 metres",
18191,Prudencio Cardona,M,20.0,168.0,46.0,Colombia,COL,1972 Summer,1972,Summer,Munich,Boxing,Boxing Men's Light-Flyweight,
14433,Maria Grazia Bozzo,F,16.0,,,Italy,ITA,1952 Summer,1952,Summer,Helsinki,Gymnastics,Gymnastics Women's Individual All-Around,
1742,Irina Anatolyevna Aksyonova,F,17.0,174.0,62.0,Soviet Union,URS,1980 Summer,1980,Summer,Moskva,Swimming,Swimming Women's 800 metres Freestyle,
26987,Giulio Deflorian,M,24.0,163.0,60.0,Italy,ITA,1960 Winter,1960,Winter,Squaw Valley,Cross Country Skiing,Cross Country Skiing Men's 30 kilometres,
26298,Santiago de la Rocha Mille,M,36.0,175.0,65.0,Spain,ESP,1988 Summer,1988,Summer,Seoul,Equestrianism,"Equestrianism Mixed Three-Day Event, Individual",
10381,Eero Edvin Berg,M,26.0,167.0,58.0,Finland,FIN,1924 Summer,1924,Summer,Paris,Athletics,"Athletics Men's 10,000 metres",Bronze
1708,Charles Kwablan Akonnor,M,22.0,186.0,68.0,Ghana,GHA,1996 Summer,1996,Summer,Atlanta,Football,Football Men's Football,
6815,Mohamed Bahari,M,20.0,180.0,75.0,Algeria,ALG,1996 Summer,1996,Summer,Atlanta,Boxing,Boxing Men's Middleweight,Bronze
35473,Sharon Firisua,F,22.0,,,Solomon Islands,SOL,2016 Summer,2016,Summer,Rio de Janeiro,Athletics,"Athletics Women's 5,000 metres",
17494,Ashley John Callus,M,29.0,188.0,85.0,Australia,AUS,2008 Summer,2008,Summer,Beijing,Swimming,Swimming Men's 50 metres Freestyle,
20534,Ihor Volodymyrovych Chervynskiy,M,26.0,180.0,73.0,Ukraine,UKR,2008 Summer,2008,Summer,Beijing,Swimming,Swimming Men's 10 kilometres Open Water,
31022,Aleksey Vladimirovich Dyachenko,M,25.0,180.0,78.0,Russia,RUS,2004 Summer,2004,Summer,Athina,Fencing,"Fencing Men's Sabre, Individual",
13018,Pyotr Grogoryevich Bolotnikov,M,34.0,173.0,64.0,Soviet Union,URS,1964 Summer,1964,Summer,Tokyo,Athletics,"Athletics Men's 10,000 metres",
24181,Joanne Cuddihy,F,24.0,184.0,64.0,Ireland,IRL,2008 Summer,2008,Summer,Beijing,Athletics,Athletics Women's 400 metres,
10459,"Nikolas ""Nik"" Berger",M,26.0,199.0,92.0,Austria,AUT,2000 Summer,2000,Summer,Sydney,Beach Volleyball,Beach Volleyball Men's Beach Volleyball,
8390,Serafim Ivanov Barzakov,M,29.0,170.0,66.0,Bulgaria,BUL,2004 Summer,2004,Summer,Athina,Wrestling,"Wrestling Men's Welterweight, Freestyle",
14650,Christoph Brandner,M,26.0,195.0,98.0,Austria,AUT,2002 Winter,2002,Winter,Salt Lake City,Ice Hockey,Ice Hockey Men's Ice Hockey,
12422,Ross Blyth,M,18.0,,,Great Britain,GBR,1980 Winter,1980,Winter,Lake Placid,Alpine Skiing,Alpine Skiing Men's Giant Slalom,
35081,Sergey Vasilyevich Fesikov,M,23.0,187.0,72.0,Russia,RUS,2012 Summer,2012,Summer,London,Swimming,Swimming Men's 50 metres Freestyle,
35376,Enrique Filoteo Ruiz,M,20.0,169.0,62.0,Mexico,MEX,1968 Summer,1968,Summer,Mexico City,Hockey,Hockey Men's Hockey,
32776,Irene Epple (-Waigel),F,26.0,165.0,60.0,West Germany,FRG,1984 Winter,1984,Winter,Sarajevo,Alpine Skiing,Alpine Skiing Women's Giant Slalom,
7243,"Randolph Benito ""Johnny"" Balentina",M,33.0,186.0,82.0,Netherlands,NED,2004 Summer,2004,Summer,Athina,Baseball,Baseball Men's Baseball,
13486,Luciano Borgognoni,M,20.0,171.0,71.0,Italy,ITA,1972 Summer,1972,Summer,Munich,Cycling,"Cycling Men's Individual Pursuit, 4,000 metres",
2163,Hesham Al-Shehabi,M,16.0,172.0,71.0,Bahrain,BRN,2004 Summer,2004,Summer,Athina,Swimming,Swimming Men's 100 metres Freestyle,
17371,Attilio Calatroni,M,26.0,174.0,63.0,Italy,ITA,1976 Summer,1976,Summer,Montreal,Fencing,"Fencing Men's Foil, Team",Silver
1063,Peter Aeschlimann,M,25.0,186.0,86.0,Switzerland,SUI,1972 Winter,1972,Winter,Sapporo,Ice Hockey,Ice Hockey Men's Ice Hockey,
23868,Ian Lowell Crocker,M,18.0,193.0,86.0,United States,USA,2000 Summer,2000,Summer,Sydney,Swimming,Swimming Men's 4 x 100 metres Medley Relay,Gold
34978,Carlos Francisco Jos de Borja Cabral da Cmara Ribeiro Ferreira,M,33.0,175.0,75.0,Grifo IV,POR,1964 Summer,1964,Summer,Tokyo,Sailing,Sailing Mixed Three Person Keelboat,
18858,Igor Cassina,M,23.0,180.0,73.0,Italy,ITA,2000 Summer,2000,Summer,Sydney,Gymnastics,Gymnastics Men's Pommelled Horse,
27199,Jean Joseph Delarge,M,18.0,,,Belgium,BEL,1924 Summer,1924,Summer,Paris,Boxing,Boxing Men's Welterweight,Gold
25608,Carl Davies,M,23.0,173.0,70.0,Great Britain,GBR,1988 Winter,1988,Winter,Calgary,Biathlon,Biathlon Men's 4 x 7.5 kilometres Relay,
32586,Felix Endrich,M,26.0,,,Switzerland-1,SUI,1948 Winter,1948,Winter,Sankt Moritz,Bobsleigh,Bobsleigh Men's Four,
20812,Jordan Chipangama,M,27.0,173.0,53.0,Zambia,ZAM,2016 Summer,2016,Summer,Rio de Janeiro,Athletics,Athletics Men's Marathon,
27569,Deng Linlin,F,16.0,144.0,34.0,China,CHN,2008 Summer,2008,Summer,Beijing,Gymnastics,Gymnastics Women's Floor Exercise,
3132,Jos Amlcar Alvarado,M,15.0,174.0,64.0,El Salvador,ESA,1968 Summer,1968,Summer,Mexico City,Swimming,Swimming Men's 200 metres Freestyle,
27466,Vasilis Demetis,M,25.0,181.0,75.0,Greece,GRE,2008 Summer,2008,Summer,Beijing,Swimming,Swimming Men's 4 x 200 metres Freestyle Relay,
4457,Daniela Anschtz-Thoms,F,35.0,165.0,60.0,Germany,GER,2010 Winter,2010,Winter,Vancouver,Speed Skating,"Speed Skating Women's 1,500 metres",
15749,Enrico Bruna,M,25.0,,,Bucintoro Venezia-1,ITA,1906 Summer,1906,Summer,Athina,Rowing,Rowing Men's Coxed Pairs (1 kilometres),Gold
17265,Mercedes Cagigas Amedo,F,21.0,150.0,50.0,Spain,ESP,2000 Summer,2000,Summer,Sydney,Cycling,"Cycling Women's Road Race, Individual",
9641,Jonathan Bell,M,29.0,178.0,77.0,Ireland,IRL,2016 Summer,2016,Summer,Rio de Janeiro,Hockey,Hockey Men's Hockey,
3158,Ignacio lvarez Prez,M,19.0,,,Mexico,MEX,1976 Summer,1976,Summer,Montreal,Swimming,Swimming Men's 200 metres Backstroke,
3116,Juan Mara Altuna Muoa,M,29.0,,,Spain,ESP,1992 Summer,1992,Summer,Barcelona,Rowing,Rowing Men's Coxed Eights,
21096,Choijiljavyn Samand,M,27.0,168.0,68.0,Mongolia,MGL,1964 Summer,1964,Summer,Tokyo,Cycling,"Cycling Men's Road Race, Individual",
22077,"Peter Michael ""Pete"" Close",M,22.0,180.0,69.0,United States,USA,1960 Summer,1960,Summer,Roma,Athletics,"Athletics Men's 1,500 metres",
29,Willemien Aardenburg,F,22.0,,,Netherlands,NED,1988 Summer,1988,Summer,Seoul,Hockey,Hockey Women's Hockey,Bronze
10746,Margit Bernhardt (Dring-),F,,,,Germany,GER,1928 Winter,1928,Winter,Sankt Moritz,Figure Skating,Figure Skating Women's Singles,
23707,Chandra Crawford,F,22.0,175.0,68.0,Canada,CAN,2006 Winter,2006,Winter,Torino,Cross Country Skiing,Cross Country Skiing Women's Sprint,Gold
35485,Ji Fit,M,23.0,173.0,63.0,Czech Republic,CZE,1996 Summer,1996,Summer,Atlanta,Gymnastics,Gymnastics Men's Horizontal Bar,
2538,Expedito Arrais Alencar,M,22.0,172.0,66.0,Brazil,BRA,1968 Summer,1968,Summer,Mexico City,Boxing,Boxing Men's Welterweight,
28338,Thomas Balla Dick,M,27.0,,,Great Britain,GBR,1908 Summer,1908,Summer,London,Gymnastics,Gymnastics Men's Individual All-Around,
22101,Ian Clyde,M,20.0,162.0,51.0,Canada,CAN,1976 Summer,1976,Summer,Montreal,Boxing,Boxing Men's Flyweight,
31272,Katsuhito Ebisawa,M,25.0,170.0,64.0,Japan,JPN,1998 Winter,1998,Winter,Nagano,Cross Country Skiing,Cross Country Skiing Men's 10 kilometres,
722,Mariano Acosta,M,22.0,,,Argentina,ARG,1952 Summer,1952,Summer,Helsinki,Athletics,Athletics Men's 100 metres,
32005,Hassan El-Haddad,M,31.0,190.0,130.0,Egypt,EGY,1988 Summer,1988,Summer,Seoul,Wrestling,"Wrestling Men's Super-Heavyweight, Greco-Roman",
22692,"Barthold Wayne ""Bart"" Conner",M,26.0,165.0,58.0,United States,USA,1984 Summer,1984,Summer,Los Angeles,Gymnastics,Gymnastics Men's Pommelled Horse,
6745,Dirk Baert,M,19.0,174.0,72.0,Belgium,BEL,1968 Summer,1968,Summer,Mexico City,Cycling,"Cycling Men's 1,000 metres Time Trial",
25231,Otto Gunnar Danielsen,M,25.0,,,Anitra,DEN,1936 Summer,1936,Summer,Berlin,Sailing,Sailing Mixed 8 metres,
3206,Yuri Alvear Orjuela,F,22.0,176.0,70.0,Colombia,COL,2008 Summer,2008,Summer,Beijing,Judo,Judo Women's Middleweight,
11801,Tahir Bisi,M,20.0,190.0,105.0,Bosnia and Herzegovina,BIH,2002 Winter,2002,Winter,Salt Lake City,Alpine Skiing,Alpine Skiing Men's Giant Slalom,
25246,Eleni Daniilidou,F,21.0,183.0,72.0,Greece,GRE,2004 Summer,2004,Summer,Athina,Tennis,Tennis Women's Doubles,
16376,Michael Fitzherbert S. Bullen,M,27.0,190.0,75.0,Great Britain,GBR,1964 Summer,1964,Summer,Tokyo,Equestrianism,"Equestrianism Mixed Three-Day Event, Individual",
2912,Olivia Elizabeth N. Allison-Federici,F,26.0,169.0,54.0,Great Britain,GBR,2016 Summer,2016,Summer,Rio de Janeiro,Synchronized Swimming,Synchronized Swimming Women's Duet,
18799,"Frederick James ""Fred"" Casey",M,22.0,180.0,79.0,Australia,AUS,1964 Summer,1964,Summer,Tokyo,Boxing,Boxing Men's Light-Heavyweight,
21462,Oksana Aleksandrovna Chusovitina,F,29.0,153.0,43.0,Uzbekistan,UZB,2004 Summer,2004,Summer,Athina,Gymnastics,Gymnastics Women's Individual All-Around,
17620,Brendon Mark Cameron,M,23.0,182.0,79.0,New Zealand,NZL,1996 Summer,1996,Summer,Atlanta,Cycling,"Cycling Men's Team Pursuit, 4,000 metres",
14205,"Hermanus Michiel ""Herman"" Bouwens",M,51.0,,,Netherlands,NED,1920 Summer,1920,Summer,Antwerpen,Shooting,"Shooting Men's Military Rifle, Prone, 600 metres, Team",
34311,Favier,M,,,,Pupilles de Neptune de Lille #1-3,FRA,1900 Summer,1900,Summer,Paris,Water Polo,Water Polo Men's Water Polo,
33220,Fermin Espinosa Reyes,M,24.0,163.0,54.0,Cuba,CUB,1964 Summer,1964,Summer,Tokyo,Boxing,Boxing Men's Bantamweight,
35616,douard Fitting,M,29.0,,,Switzerland,SUI,1928 Summer,1928,Summer,Amsterdam,Fencing,"Fencing Men's Foil, Team",
22327,"Gerrard Eugene ""Gene"" Cole",M,23.0,182.0,78.0,United States,USA,1952 Summer,1952,Summer,Helsinki,Athletics,Athletics Men's 400 metres,
3473,Amanda Ammar,F,20.0,157.0,54.0,Canada,CAN,2006 Winter,2006,Winter,Torino,Cross Country Skiing,Cross Country Skiing Women's 10 kilometres,
24972,Henry Edmond Daley Colphon,M,22.0,,,Costa Rica,CRC,1992 Summer,1992,Summer,Barcelona,Athletics,Athletics Men's 100 metres,
32385,Eduard Ellmann (-Eelma),M,22.0,174.0,68.0,Estonia,EST,1924 Summer,1924,Summer,Paris,Football,Football Men's Football,
628,Jacques Accambray,M,26.0,194.0,125.0,France,FRA,1976 Summer,1976,Summer,Montreal,Athletics,Athletics Men's Hammer Throw,
9214,Otto Christian Becker,M,20.0,,,Denmark,DEN,1908 Summer,1908,Summer,London,Fencing,"Fencing Men's epee, Team",
14274,Christopher Nicol Bowman,M,24.0,178.0,70.0,United States,USA,1992 Winter,1992,Winter,Albertville,Figure Skating,Figure Skating Men's Singles,
1222,ngel Aguiar Garca,M,25.0,,,Cuba,CUB,1952 Summer,1952,Summer,Helsinki,Gymnastics,Gymnastics Men's Rings,
18782,Zelmar Roberto Casco,M,38.0,176.0,75.0,Argentina,ARG,1964 Summer,1964,Summer,Tokyo,Fencing,"Fencing Men's epee, Individual",
6011,Jos Luis Aussn Surez,M,22.0,174.0,63.0,Mexico,MEX,1964 Summer,1964,Summer,Tokyo,Football,Football Men's Football,
17073,John Christopher Bylsma,M,26.0,190.0,82.0,Australia,AUS,1972 Summer,1972,Summer,Munich,Cycling,"Cycling Men's Individual Pursuit, 4,000 metres",
5135,Egidio Armelloni,M,39.0,,,Italy,ITA,1948 Summer,1948,Summer,London,Gymnastics,Gymnastics Men's Team All-Around,
31923,Ahmed El-Attar,M,25.0,202.0,105.0,Egypt,EGY,1992 Summer,1992,Summer,Barcelona,Handball,Handball Men's Handball,
4032,Daniel Andrade,M,22.0,173.0,60.0,Senegal,SEN,1972 Summer,1972,Summer,Munich,Athletics,"Athletics Men's 1,500 metres",
23466,Didier Courrges,M,44.0,171.0,65.0,France,FRA,2004 Summer,2004,Summer,Athina,Equestrianism,"Equestrianism Mixed Three-Day Event, Individual",
24619,"Victor Henry Augustus ""Vic"" d'Arcy",M,32.0,172.0,63.0,Great Britain,GBR,1920 Summer,1920,Summer,Antwerpen,Athletics,Athletics Men's 100 metres,
23205,Francisco Cortes,M,23.0,170.0,63.0,Chile,CHI,1964 Winter,1964,Winter,Innsbruck,Alpine Skiing,Alpine Skiing Men's Giant Slalom,
17369,Wladimiro Calarese,M,38.0,169.0,77.0,Italy,ITA,1968 Summer,1968,Summer,Mexico City,Fencing,"Fencing Men's Sabre, Individual",
20439,Ilya Vladimirovich Chergeyko,M,19.0,179.0,81.0,Belarus,BLR,2012 Summer,2012,Summer,London,Shooting,"Shooting Men's Air Rifle, 10 metres",
5413,"Toomas ""Tom"" Arusoo",M,20.0,175.0,73.0,Canada,CAN,1968 Summer,1968,Summer,Mexico City,Swimming,Swimming Men's 4 x 100 metres Medley Relay,
28190,Ana Maria Guerreiro Dias,F,22.0,165.0,52.0,Portugal,POR,1996 Summer,1996,Summer,Atlanta,Athletics,"Athletics Women's 5,000 metres",
12790,Memet (Mehmet) Bogujevci,M,29.0,173.0,64.0,Yugoslavia,YUG,1980 Summer,1980,Summer,Moskva,Boxing,Boxing Men's Welterweight,
9492,Ilona Bksi,F,14.0,166.0,55.0,Hungary,HUN,1968 Summer,1968,Summer,Mexico City,Gymnastics,Gymnastics Women's Balance Beam,
20431,Yevhen Mykolaiovych Cherepovskiy,M,25.0,180.0,70.0,Soviet Union,URS,1960 Summer,1960,Summer,Roma,Fencing,"Fencing Men's Sabre, Team",
11704,Jorge Ral Birkner Cogan,M,23.0,179.0,73.0,Argentina,ARG,1988 Winter,1988,Winter,Calgary,Alpine Skiing,Alpine Skiing Men's Slalom,
15691,Lisa Brggemann,F,19.0,157.0,48.0,Germany,GER,2004 Summer,2004,Summer,Athina,Gymnastics,Gymnastics Women's Uneven Bars,
2889,Jeffrey Alleyne,M,22.0,,71.0,Canada,CAN,1960 Summer,1960,Summer,Roma,Boxing,Boxing Men's Light-Middleweight,
21913,Daniel Claudon,M,28.0,179.0,69.0,France,FRA,1972 Winter,1972,Winter,Sapporo,Biathlon,Biathlon Men's 4 x 7.5 kilometres Relay,
14466,Kamil Brabenec,M,21.0,193.0,81.0,Czechoslovakia,TCH,1972 Summer,1972,Summer,Munich,Basketball,Basketball Men's Basketball,
16667,Karin Burneleit (-Krebs),F,29.0,167.0,51.0,East Germany,GDR,1972 Summer,1972,Summer,Munich,Athletics,"Athletics Women's 1,500 metres",
35601,mile Lon Fisseux,M,40.0,,,France,FRA,1908 Summer,1908,Summer,London,Archery,Archery Men's Continental Style,
5018,Alessandro Argenton,M,39.0,172.0,63.0,Italy,ITA,1976 Summer,1976,Summer,Montreal,Equestrianism,"Equestrianism Mixed Three-Day Event, Individual",
25446,Dashdorjiin Tserentogtokh,M,25.0,180.0,90.0,Mongolia,MGL,1976 Summer,1976,Summer,Montreal,Wrestling,"Wrestling Men's Light-Heavyweight, Freestyle",
28263,Jos Daniel Daz Robertti,M,27.0,181.0,96.0,Venezuela,VEN,2016 Summer,2016,Summer,Rio de Janeiro,Wrestling,"Wrestling Men's Heavyweight, Freestyle",
13538,Pawe Marek Borkowski,M,21.0,192.0,86.0,Poland,POL,1980 Summer,1980,Summer,Moskva,Rowing,Rowing Men's Coxed Eights,
23299,Leonardo Jorge Costa,M,23.0,196.0,94.0,Brazil,BRA,2000 Summer,2000,Summer,Sydney,Swimming,Swimming Men's 4 x 200 metres Freestyle Relay,
30277,Didier Dubois,M,23.0,178.0,68.0,France,FRA,1980 Summer,1980,Summer,Moskva,Athletics,Athletics Men's 4 x 400 metres Relay,
7528,Andrei Nicolae Bnic,M,22.0,201.0,95.0,Romania,ROU,2000 Summer,2000,Summer,Sydney,Rowing,Rowing Men's Coxed Eights,
35305,Stanislav Gennadyevich Filimonov,M,22.0,180.0,63.0,Kazakhstan,KAZ,2002 Winter,2002,Winter,Salt Lake City,Ski Jumping,"Ski Jumping Men's Large Hill, Team",
8877,Bayartsogtyn Mnkhzayaa,F,22.0,160.0,43.0,Mongolia,MGL,2016 Summer,2016,Summer,Rio de Janeiro,Athletics,Athletics Women's Marathon,
28328,Petar Simeonov Dichev,M,24.0,177.0,77.0,Bulgaria,BUL,1994 Winter,1994,Winter,Lillehammer,Alpine Skiing,Alpine Skiing Men's Slalom,
15111,Frank Peter Brilando,M,27.0,,,United States,USA,1952 Summer,1952,Summer,Helsinki,Cycling,"Cycling Men's Tandem Sprint, 2,000 metres",
18318,Arne Hardy Carlsson (-Smm),M,28.0,,,Sweden,SWE,1952 Summer,1952,Summer,Helsinki,Gymnastics,Gymnastics Men's Individual All-Around,
19927,Georges Charmoille,M,,,,France,FRA,1906 Summer,1906,Summer,Athina,Gymnastics,"Gymnastics Men's Individual All-Around, 5 Events",Bronze
6148,Irina Andreyevna Avvakumova (Taktayeva-),F,22.0,171.0,57.0,Russia,RUS,2014 Winter,2014,Winter,Sochi,Ski Jumping,"Ski Jumping Women's Normal Hill, Individual",
1498,"Charles Benedict ""Ben"" Ainslie",M,31.0,183.0,90.0,Great Britain,GBR,2008 Summer,2008,Summer,Beijing,Sailing,Sailing Mixed One Person Dinghy,Gold
26878,Charles T. G. Debeur,M,42.0,,,Belgium,BEL,1948 Summer,1948,Summer,London,Fencing,"Fencing Men's epee, Individual",
17392,Hugo Marinho Borges Calderano,M,20.0,182.0,74.0,Brazil,BRA,2016 Summer,2016,Summer,Rio de Janeiro,Table Tennis,Table Tennis Men's Singles,
19728,Raghavan Chanderasekaran,M,26.0,150.0,54.0,India,IND,1996 Summer,1996,Summer,Atlanta,Weightlifting,Weightlifting Men's Bantamweight,
30638,Frank Dundr (Butz-),M,23.0,186.0,89.0,East Germany,GDR,1980 Summer,1980,Summer,Moskva,Rowing,Rowing Men's Quadruple Sculls,Gold
25566,Ivan David,M,31.0,180.0,74.0,United States Virgin Islands,ISV,1976 Summer,1976,Summer,Montreal,Wrestling,"Wrestling Men's Welterweight, Freestyle",
17345,Ivan aklec,M,28.0,173.0,75.0,Yugoslavia,YUG,1960 Summer,1960,Summer,Roma,Gymnastics,Gymnastics Men's Floor Exercise,
17132,Vctor Caballero,M,28.0,,,Paraguay,PAR,1988 Summer,1988,Summer,Seoul,Tennis,Tennis Men's Singles,
13929,Sylvain Bouchard,M,27.0,178.0,88.0,Canada,CAN,1998 Winter,1998,Winter,Nagano,Speed Skating,Speed Skating Men's 500 metres,
4333,Matteo Angioletti,M,27.0,162.0,71.0,Italy,ITA,2008 Summer,2008,Summer,Beijing,Gymnastics,Gymnastics Men's Individual All-Around,
27710,Zoe Lianne Derham,F,27.0,178.0,103.0,Great Britain,GBR,2008 Summer,2008,Summer,Beijing,Athletics,Athletics Women's Hammer Throw,
29718,David Douillet,M,31.0,196.0,125.0,France,FRA,2000 Summer,2000,Summer,Sydney,Judo,Judo Men's Heavyweight,Gold
2999,Patricio Javier Almonacid Gonzlez,M,28.0,166.0,60.0,Chile,CHI,2008 Summer,2008,Summer,Beijing,Cycling,"Cycling Men's Road Race, Individual",
22886,"James ""Jamie"" Cooke",M,25.0,185.0,74.0,Great Britain,GBR,2016 Summer,2016,Summer,Rio de Janeiro,Modern Pentathlon,Modern Pentathlon Men's Individual,
33179,Dominique Esnault,F,33.0,168.0,63.0,France,FRA,1992 Summer,1992,Summer,Barcelona,Shooting,"Shooting Women's Small-Bore Rifle, Three Positions, 50 metres",
28448,Steffen Dierolf,M,28.0,193.0,92.0,Germany,GER,2004 Summer,2004,Summer,Athina,Water Polo,Water Polo Men's Water Polo,
35083,Nicole Fessel,F,30.0,170.0,55.0,Germany,GER,2014 Winter,2014,Winter,Sochi,Cross Country Skiing,Cross Country Skiing Women's 15 km Skiathlon,
1942,Mishal Sayed Al-Harbi,M,25.0,178.0,72.0,Kuwait,KUW,2000 Summer,2000,Summer,Sydney,Athletics,Athletics Men's 4 x 400 metres Relay,
24822,tienne Dagon,M,23.0,179.0,74.0,Switzerland,SUI,1984 Summer,1984,Summer,Los Angeles,Swimming,Swimming Men's 200 metres Breaststroke,Bronze
14370,"Selina Adelaide Philippa ""Ina"" Boyle",F,59.0,,,Ireland,IRL,1948 Summer,1948,Summer,London,Art Competitions,"Art Competitions Mixed Music, Vocals",
11929,Erik Bjornsen,M,22.0,185.0,84.0,United States,USA,2014 Winter,2014,Winter,Sochi,Cross Country Skiing,Cross Country Skiing Men's 4 x 10 kilometres Relay,
29480,Justin Dorey,M,25.0,180.0,80.0,Canada,CAN,2014 Winter,2014,Winter,Sochi,Freestyle Skiing,Freestyle Skiing Men's Halfpipe,
20312,Chen Yibing,M,23.0,160.0,58.0,China,CHN,2008 Summer,2008,Summer,Beijing,Gymnastics,Gymnastics Men's Rings,Gold
23010,Antonella Corazza,F,19.0,176.0,75.0,Italy,ITA,1984 Summer,1984,Summer,Los Angeles,Rowing,Rowing Women's Single Sculls,
31147,Brygida Dziuba (-Balska),F,21.0,164.0,54.0,Poland,POL,1960 Summer,1960,Summer,Roma,Gymnastics,Gymnastics Women's Floor Exercise,
18481,Henry William Carr,M,21.0,191.0,84.0,United States,USA,1964 Summer,1964,Summer,Tokyo,Athletics,Athletics Men's 4 x 400 metres Relay,Gold
10870,Lisa Bertini,F,24.0,173.0,59.0,Italy,ITA,1996 Summer,1996,Summer,Atlanta,Rowing,Rowing Women's Lightweight Double Sculls,
26709,Alessandro De Taddei,M,20.0,180.0,77.0,Italy,ITA,1992 Winter,1992,Winter,Albertville,Speed Skating,"Speed Skating Men's 1,500 metres",
34551,Allyson Michelle Felix,F,30.0,168.0,56.0,United States,USA,2016 Summer,2016,Summer,Rio de Janeiro,Athletics,Athletics Women's 4 x 100 metres Relay,Gold
29383,Auriol Dongmo Mekemnang,F,26.0,173.0,95.0,Cameroon,CMR,2016 Summer,2016,Summer,Rio de Janeiro,Athletics,Athletics Women's Shot Put,
11261,Renata Bianchi,F,26.0,,,Italy,ITA,1952 Summer,1952,Summer,Helsinki,Gymnastics,Gymnastics Women's Horse Vault,
2468,Blanca Iris Alejo Tejeda,F,34.0,152.0,45.0,Dominican Republic,DOM,1996 Summer,1996,Summer,Atlanta,Table Tennis,Table Tennis Women's Singles,
16615,"Timothy John ""Tim"" Burke",M,24.0,180.0,73.0,United States,USA,2006 Winter,2006,Winter,Torino,Biathlon,Biathlon Men's 10 kilometres Sprint,
4815,Joseph Arame,M,31.0,190.0,87.0,France,FRA,1980 Summer,1980,Summer,Moskva,Athletics,Athletics Men's 200 metres,
24453,Ryan Cuthbert,M,28.0,195.0,90.0,Canada,CAN,2008 Summer,2008,Summer,Beijing,Canoeing,"Canoeing Men's Kayak Doubles, 1,000 metres",
23707,Chandra Crawford,F,22.0,175.0,68.0,Canada,CAN,2006 Winter,2006,Winter,Torino,Cross Country Skiing,Cross Country Skiing Women's 15 km Skiathlon,
33388,Mark Edward Ettles,M,33.0,183.0,81.0,Australia,AUS,2000 Summer,2000,Summer,Sydney,Baseball,Baseball Men's Baseball,
11943,Marit Bjrgen,F,29.0,168.0,64.0,Norway,NOR,2010 Winter,2010,Winter,Vancouver,Cross Country Skiing,Cross Country Skiing Women's 4 x 5 kilometres Relay,Gold
22561,Geoffrey John Colyer,M,21.0,,,Great Britain,GBR,1952 Summer,1952,Summer,Helsinki,Canoeing,"Canoeing Men's Kayak Singles, 1,000 metres",
16422,Gion-Andrea Bundi,M,25.0,177.0,69.0,Switzerland,SUI,2002 Winter,2002,Winter,Salt Lake City,Cross Country Skiing,Cross Country Skiing Men's 30 kilometres,
30639,Andrey Gennadyevich Dundukov,M,25.0,170.0,60.0,Unified Team,EUN,1992 Winter,1992,Winter,Albertville,Nordic Combined,Nordic Combined Men's Team,
14227,George Richard Lycott Bovell,M,29.0,196.0,74.0,Trinidad and Tobago,TTO,2012 Summer,2012,Summer,London,Swimming,Swimming Men's 50 metres Freestyle,
27382,Isabelle Delobel,F,27.0,163.0,50.0,France-1,FRA,2006 Winter,2006,Winter,Torino,Figure Skating,Figure Skating Mixed Ice Dancing,
23248,Cormic Francis Cosgrove,M,35.0,,,St. Rose-2,USA,1904 Summer,1904,Summer,St. Louis,Football,Football Men's Football,Bronze
31482,Hector Edwards,M,23.0,185.0,73.0,Barbados,BAR,1972 Summer,1972,Summer,Munich,Cycling,"Cycling Men's 1,000 metres Time Trial",
22307,Thibault Colard,M,24.0,187.0,70.0,France,FRA,2016 Summer,2016,Summer,Rio de Janeiro,Rowing,Rowing Men's Lightweight Coxless Fours,Bronze
7906,Leonid Barkovskiy,M,23.0,175.0,75.0,Soviet Union,URS,1964 Summer,1964,Summer,Tokyo,Athletics,Athletics Men's Long Jump,
14848,Johnny (-Wahid) Bredahl Johansen,M,20.0,174.0,51.0,Denmark,DEN,1988 Summer,1988,Summer,Seoul,Boxing,Boxing Men's Flyweight,
27022,Jean Degros,M,20.0,180.0,81.0,France,FRA,1960 Summer,1960,Summer,Roma,Basketball,Basketball Men's Basketball,
25380,Hannah Darling,F,20.0,174.0,72.0,Canada,CAN,2016 Summer,2016,Summer,Rio de Janeiro,Rugby Sevens,Rugby Sevens Women's Rugby Sevens,Bronze
28267,Jos Narciso Daz Hernndez,M,17.0,160.0,65.0,Cuba,CUB,1968 Summer,1968,Summer,Mexico City,Fencing,"Fencing Men's Sabre, Team",
15633,"Susannah Claire ""Suki"" Brownsdon",F,22.0,168.0,57.0,Great Britain,GBR,1988 Summer,1988,Summer,Seoul,Swimming,Swimming Women's 100 metres Breaststroke,
32777,Maria Epple (-Beck),F,24.0,167.0,58.0,West Germany,FRG,1984 Winter,1984,Winter,Sarajevo,Alpine Skiing,Alpine Skiing Women's Giant Slalom,
27681,Josue Deprez,M,34.0,,,Haiti,HAI,2016 Summer,2016,Summer,Rio de Janeiro,Judo,Judo Men's Lightweight,
19353,Miroslav Cerar,M,28.0,172.0,73.0,Yugoslavia,YUG,1968 Summer,1968,Summer,Mexico City,Gymnastics,Gymnastics Men's Horse Vault,
35294,Marin Filc,M,19.0,176.0,73.0,Czechoslovakia,TCH,1968 Winter,1968,Winter,Grenoble,Figure Skating,Figure Skating Men's Singles,
27817,Lopold Desmet,M,25.0,164.0,70.0,Belgium,BEL,1960 Summer,1960,Summer,Roma,Gymnastics,Gymnastics Men's Individual All-Around,
8068,Alejandro Barrenechea Jayo,M,28.0,164.0,67.0,Spain,ESP,2004 Summer,2004,Summer,Athina,Gymnastics,Gymnastics Men's Horse Vault,
17857,Fabian Cancellara,M,31.0,186.0,81.0,Switzerland,SUI,2012 Summer,2012,Summer,London,Cycling,"Cycling Men's Road Race, Individual",
5686,Meskerem Assefa Legesse (Wondimagegn),F,22.0,161.0,43.0,Ethiopia,ETH,2008 Summer,2008,Summer,Beijing,Athletics,"Athletics Women's 1,500 metres",
513,Mariola Teresa Abrahamczyk (-Fronckowiak),F,21.0,180.0,70.0,Poland,POL,1980 Summer,1980,Summer,Moskva,Rowing,Rowing Women's Coxed Quadruple Sculls,
20330,Chen Zhaoxia,F,29.0,170.0,60.0,China,CHN,2004 Summer,2004,Summer,Athina,Hockey,Hockey Women's Hockey,
24426,Juan Esteban Curuchet,M,35.0,175.0,65.0,Argentina,ARG,2000 Summer,2000,Summer,Sydney,Cycling,Cycling Men's Points Race,
5332,Lise Isabelle Arsenault-Goertz,F,17.0,162.0,49.0,Canada,CAN,1972 Summer,1972,Summer,Munich,Gymnastics,Gymnastics Women's Balance Beam,
25091,Edmond Dame,M,30.0,,,France,FRA,1924 Summer,1924,Summer,Paris,Wrestling,"Wrestling Men's Heavyweight, Greco-Roman",
20729,Givi Chikvanaia,M,21.0,189.0,89.0,Soviet Union,URS,1960 Summer,1960,Summer,Roma,Water Polo,Water Polo Men's Water Polo,Silver
34719,Marua Ferk,F,25.0,167.0,63.0,Slovenia,SLO,2014 Winter,2014,Winter,Sochi,Alpine Skiing,Alpine Skiing Women's Super G,
14817,Kelly Brazier,F,26.0,171.0,70.0,New Zealand,NZL,2016 Summer,2016,Summer,Rio de Janeiro,Rugby Sevens,Rugby Sevens Women's Rugby Sevens,Silver
22995,Paul Francis Coppo,M,25.0,180.0,80.0,United States,USA,1964 Winter,1964,Winter,Innsbruck,Ice Hockey,Ice Hockey Men's Ice Hockey,
5713,Arthur Astley,M,27.0,,,Great Britain,GBR,1908 Summer,1908,Summer,London,Athletics,Athletics Men's 400 metres,
33430,"William Best ""Billy"" Evans",M,24.0,185.0,84.0,United States,USA,1956 Summer,1956,Summer,Melbourne,Basketball,Basketball Men's Basketball,Gold
17382,Lus Vieria Caldas,M,33.0,176.0,79.0,Portugal,POR,1960 Summer,1960,Summer,Roma,Wrestling,"Wrestling Men's Middleweight, Greco-Roman",
12309,Josue Edmond Blocus,M,26.0,187.0,103.0,France,FRA,1996 Summer,1996,Summer,Atlanta,Boxing,Boxing Men's Super-Heavyweight,
17764,Ral Campero Nez,M,28.0,,,Mexico,MEX,1948 Summer,1948,Summer,London,Equestrianism,"Equestrianism Men's Three-Day Event, Team",Bronze
23367,Caroline Ct,F,22.0,175.0,58.0,Canada,CAN,1984 Summer,1984,Summer,Los Angeles,Volleyball,Volleyball Women's Volleyball,
12485,Loredana Boboc,F,16.0,139.0,32.0,Romania,ROU,2000 Summer,2000,Summer,Sydney,Gymnastics,Gymnastics Women's Uneven Bars,
19105,Roger Caumo,M,21.0,172.0,72.0,Brazil,BRA,2000 Summer,2000,Summer,Sydney,Canoeing,"Canoeing Men's Kayak Singles, 1,000 metres",
21059,Choi Seon-Yong,M,25.0,188.0,83.0,South Korea,KOR,1988 Summer,1988,Summer,Seoul,Water Polo,Water Polo Men's Water Polo,
21167,Souren Choudhury,M,33.0,,,India,IND,1952 Summer,1952,Summer,Helsinki,Shooting,"Shooting Men's Small-Bore Rifle, Prone, 50 metres",
9231,Stephanie Beckert,F,25.0,172.0,73.0,Germany,GER,2014 Winter,2014,Winter,Sochi,Speed Skating,"Speed Skating Women's 3,000 metres",
6448,Alonzo Carl Babers,M,22.0,188.0,70.0,United States,USA,1984 Summer,1984,Summer,Los Angeles,Athletics,Athletics Men's 400 metres,Gold
11173,Hanna Volodymyrivna Bezsonova,F,24.0,174.0,49.0,Ukraine,UKR,2008 Summer,2008,Summer,Beijing,Rhythmic Gymnastics,Rhythmic Gymnastics Women's Individual,Bronze
24135,Szilveszter Csollny,M,26.0,168.0,64.0,Hungary,HUN,1996 Summer,1996,Summer,Atlanta,Gymnastics,Gymnastics Men's Horse Vault,
13968,Rached Boudhina,M,22.0,180.0,74.0,Tunisia,TUN,1972 Summer,1972,Summer,Munich,Handball,Handball Men's Handball,
16018,"Georges Eugne William ""Go"" Buchard",M,34.0,170.0,,France,FRA,1928 Summer,1928,Summer,Amsterdam,Fencing,"Fencing Men's epee, Individual",Silver
12458,Alfonso Bobadilla,M,32.0,,,Chile,CHI,1984 Summer,1984,Summer,Los Angeles,Equestrianism,"Equestrianism Mixed Jumping, Team",
4834,Krystian Aranowski,M,24.0,198.0,102.0,Poland,POL,2012 Summer,2012,Summer,London,Rowing,Rowing Men's Coxed Eights,
18897,Daniela Castellani,F,25.0,175.0,67.0,Italy,ITA,2000 Summer,2000,Summer,Sydney,Softball,Softball Women's Softball,
7692,Violet Awidi Barasa,F,29.0,178.0,66.0,Kenya,KEN,2004 Summer,2004,Summer,Athina,Volleyball,Volleyball Women's Volleyball,
13021,Nikolay Valeryevich Bolshakov,M,24.0,176.0,76.0,Russia,RUS,2002 Winter,2002,Winter,Salt Lake City,Cross Country Skiing,Cross Country Skiing Men's 30 kilometres,
27446,Jzsef Deme,M,24.0,190.0,84.0,Hungary,HUN,1976 Summer,1976,Summer,Montreal,Canoeing,"Canoeing Men's Kayak Doubles, 500 metres",
29235,Zsfia Dme,F,17.0,162.0,55.0,Hungary,HUN,2010 Winter,2010,Winter,Vancouver,Alpine Skiing,Alpine Skiing Women's Super G,
24135,Szilveszter Csollny,M,26.0,168.0,64.0,Hungary,HUN,1996 Summer,1996,Summer,Atlanta,Gymnastics,Gymnastics Men's Rings,Silver
14413,Burhan Bozkurt,M,,164.0,52.0,Turkey,TUR,1964 Summer,1964,Summer,Tokyo,Wrestling,"Wrestling Men's Flyweight, Greco-Roman",
31552,Innocent Ejima Egbunike,M,22.0,174.0,65.0,Nigeria,NGR,1984 Summer,1984,Summer,Los Angeles,Athletics,Athletics Men's 4 x 400 metres Relay,Bronze
23206,Javier Corts Granados,M,23.0,171.0,70.0,Mexico,MEX,2012 Summer,2012,Summer,London,Football,Football Men's Football,Gold
16395,Kstutis Bulota,M,31.0,,,Lithuania,LTU,1928 Winter,1928,Winter,Sankt Moritz,Speed Skating,"Speed Skating Men's 10,000 metres",
33952,Fan Yilin,F,16.0,148.0,37.0,China,CHN,2016 Summer,2016,Summer,Rio de Janeiro,Gymnastics,Gymnastics Women's Uneven Bars,
34240,Daniel Eugne Fauch,M,33.0,192.0,88.0,France,FRA,2000 Summer,2000,Summer,Sydney,Rowing,Rowing Men's Coxless Fours,
8061,Jacques Barreau,M,29.0,,,France,FRA,1952 Summer,1952,Summer,Helsinki,Football,Football Men's Football,
4189,Nikolaos Andriakopoulos,M,,,,Greece,GRE,1896 Summer,1896,Summer,Athina,Gymnastics,Gymnastics Men's Rope Climbing,Gold
6674,Sherwin Campbell Badger,M,26.0,,,United States-1,USA,1928 Winter,1928,Winter,Sankt Moritz,Figure Skating,Figure Skating Mixed Pairs,
3768,Ove Andersen,M,28.0,178.0,70.0,Finland,FIN,1928 Summer,1928,Summer,Amsterdam,Athletics,"Athletics Men's 3,000 metres Steeplechase",Bronze
4647,Fumiko Aoki,F,31.0,158.0,52.0,Japan,JPN,1998 Winter,1998,Winter,Nagano,Cross Country Skiing,Cross Country Skiing Women's 5 kilometres,
14226,Floris Jan Bovelander,M,22.0,185.0,90.0,Netherlands,NED,1988 Summer,1988,Summer,Seoul,Hockey,Hockey Men's Hockey,Bronze
7052,Norayr Bakhtamyan,M,33.0,180.0,90.0,Armenia,ARM,2004 Summer,2004,Summer,Athina,Shooting,"Shooting Men's Air Pistol, 10 metres",
454,"Edgar Allen ""Ed"" Ablowich",M,19.0,182.0,68.0,United States,USA,1932 Summer,1932,Summer,Los Angeles,Athletics,Athletics Men's 4 x 400 metres Relay,Gold
1376,Yahya Ahmad,M,21.0,146.0,57.0,Malaysia,MAS,1976 Summer,1976,Summer,Montreal,Cycling,"Cycling Men's Road Race, Individual",
17109,Lars Bystl,M,27.0,179.0,60.0,Norway,NOR,2006 Winter,2006,Winter,Torino,Ski Jumping,"Ski Jumping Men's Large Hill, Individual",Bronze
26873,Fanny Deberghes,F,22.0,170.0,65.0,France,FRA,2016 Summer,2016,Summer,Rio de Janeiro,Swimming,Swimming Women's 4 x 100 metres Medley Relay,
21775,Amanda Clark,F,26.0,160.0,59.0,United States,USA,2008 Summer,2008,Summer,Beijing,Sailing,Sailing Women's Two Person Dinghy,
15468,Audrey Kathleen Kilner Brown (-Court),F,23.0,,,Great Britain,GBR,1936 Summer,1936,Summer,Berlin,Athletics,Athletics Women's 4 x 100 metres Relay,Silver
29570,Antnio Dias dos Santos,M,27.0,189.0,87.0,Angola,ANG,1992 Summer,1992,Summer,Barcelona,Athletics,Athletics Men's Triple Jump,
6654,Jonas Bade,M,32.0,165.0,60.0,Papua New Guinea,PNG,1988 Summer,1988,Summer,Seoul,Boxing,Boxing Men's Light-Welterweight,
34670,gnes Ferencz,F,35.0,163.0,63.0,Hungary,HUN,1992 Summer,1992,Summer,Barcelona,Shooting,"Shooting Women's Air Pistol, 10 metres",
10188,Todd Anthony Bennett,M,22.0,170.0,64.0,Great Britain,GBR,1984 Summer,1984,Summer,Los Angeles,Athletics,Athletics Men's 400 metres,
4135,Bjrn Andressen,M,25.0,177.0,75.0,Norway,NOR,1972 Winter,1972,Winter,Sapporo,Ice Hockey,Ice Hockey Men's Ice Hockey,
12312,Max Bloesch,M,28.0,,,Switzerland,SUI,1936 Summer,1936,Summer,Berlin,Handball,Handball Men's Handball,Bronze
35653,Casey J. FitzRandolph,M,23.0,180.0,79.0,United States,USA,1998 Winter,1998,Winter,Nagano,Speed Skating,"Speed Skating Men's 1,500 metres",
18509,Renata Carraretto,F,24.0,,,Italy,ITA,1948 Winter,1948,Winter,Sankt Moritz,Alpine Skiing,Alpine Skiing Women's Combined,
12163,"Thomas Jean William ""Tom"" Blankenburg (-Von Blankenburg)",M,18.0,,,United States,USA,1928 Summer,1928,Summer,Amsterdam,Swimming,Swimming Men's 200 metres Breaststroke,
34790,Armando Fernndez Garca,M,23.0,163.0,62.0,Mexico,MEX,1992 Summer,1992,Summer,Barcelona,Wrestling,"Wrestling Men's Bantamweight, Greco-Roman",
20410,Sergey Vladimirovich Chepikov,M,39.0,182.0,75.0,Russia,RUS,2006 Winter,2006,Winter,Torino,Biathlon,Biathlon Men's 20 kilometres,
5623,Konstantinos Aslanidis,M,,,,Greece,GRE,1948 Summer,1948,Summer,London,Art Competitions,"Art Competitions Mixed Architecture, Unknown Event",
25812,Gordon Raymond Day,M,24.0,185.0,74.0,South Africa,RSA,1960 Summer,1960,Summer,Roma,Athletics,Athletics Men's 400 metres,
24203,Jorge Cuervo Rivero,M,22.0,170.0,74.0,Cuba,CUB,1972 Summer,1972,Summer,Munich,Gymnastics,Gymnastics Men's Horizontal Bar,
19638,Laurent Chambertin,M,25.0,188.0,85.0,France,FRA,1992 Summer,1992,Summer,Barcelona,Volleyball,Volleyball Men's Volleyball,
1418,Sohail Ahmed,M,25.0,174.0,57.0,Pakistan,PAK,2004 Summer,2004,Summer,Athina,Boxing,Boxing Men's Featherweight,
15280,Joe Brodnik,M,24.0,189.0,84.0,Yugoslavia,YUG,1960 Summer,1960,Summer,Roma,Athletics,Athletics Men's Decathlon,
13050,Antal Bolvri,M,20.0,,,Hungary,HUN,1952 Summer,1952,Summer,Helsinki,Water Polo,Water Polo Men's Water Polo,Gold
25324,Frieda Dnzer (-Brunner),F,25.0,,,Switzerland,SUI,1956 Winter,1956,Winter,Cortina d'Ampezzo,Alpine Skiing,Alpine Skiing Women's Slalom,
16242,Beverly Jean Buhr,F,18.0,,,United States,USA,1960 Winter,1960,Winter,Squaw Valley,Speed Skating,"Speed Skating Women's 3,000 metres",
3481,Chibou Amna,M,,,,Niger,NIG,1984 Summer,1984,Summer,Los Angeles,Boxing,Boxing Men's Flyweight,
20874,Chiu Ping-Kun,M,24.0,172.0,70.0,Chinese Taipei,TPE,1988 Summer,1988,Summer,Seoul,Archery,Archery Men's Individual,
31001,Tom Dvok,M,24.0,186.0,90.0,Czech Republic,CZE,1996 Summer,1996,Summer,Atlanta,Athletics,Athletics Men's 110 metres Hurdles,
17955,Agnes Catharina Canta,F,43.0,,,Netherlands,NED,1932 Summer,1932,Summer,Los Angeles,Art Competitions,"Art Competitions Mixed Painting, Unknown Event",
5220,"Edward Randall ""Eddie"" Arnold",M,22.0,169.0,69.0,Great Britain,GBR,1972 Summer,1972,Summer,Munich,Gymnastics,Gymnastics Men's Horizontal Bar,
24869,Gunner Dahlgaard,M,31.0,193.0,83.0,Denmark,DEN,1972 Summer,1972,Summer,Munich,Sailing,Sailing Mixed Three Person Keelboat,
14107,Fernand Bourgaux,M,28.0,,,Belgium,BEL,1948 Summer,1948,Summer,London,Athletics,Athletics Men's 200 metres,
19225,Daniela Ceccarelli,F,26.0,168.0,60.0,Italy,ITA,2002 Winter,2002,Winter,Salt Lake City,Alpine Skiing,Alpine Skiing Women's Super G,Gold
16615,"Timothy John ""Tim"" Burke",M,24.0,180.0,73.0,United States,USA,2006 Winter,2006,Winter,Torino,Biathlon,Biathlon Men's 12.5 kilometres Pursuit,
14316,Brendan Boyce,M,29.0,183.0,76.0,Ireland,IRL,2016 Summer,2016,Summer,Rio de Janeiro,Athletics,Athletics Men's 50 kilometres Walk,
27075,"Anna Maria ""Ans"" Dekker (-Pieters)",F,17.0,167.0,54.0,Netherlands,NED,1972 Summer,1972,Summer,Munich,Gymnastics,Gymnastics Women's Uneven Bars,
30017,Jenna Louise Dreyer,F,18.0,158.0,57.0,South Africa,RSA,2004 Summer,2004,Summer,Athina,Diving,Diving Women's Platform,
27443,Sergey Mikhaylovich Demchenko,M,26.0,173.0,69.0,Belarus,BLR,2000 Summer,2000,Summer,Sydney,Wrestling,"Wrestling Men's Welterweight, Freestyle",
6227,Yekaterina Valeryevna Aydova,F,22.0,164.0,70.0,Kazakhstan,KAZ,2014 Winter,2014,Winter,Sochi,Speed Skating,"Speed Skating Women's 1,000 metres",
26529,Luciano De Paolis,M,26.0,176.0,82.0,Italy-1,ITA,1968 Winter,1968,Winter,Grenoble,Bobsleigh,Bobsleigh Men's Two,Gold
5549,Sergey Ashikhmin,M,23.0,197.0,87.0,Kyrgyzstan,KGZ,2000 Summer,2000,Summer,Sydney,Swimming,Swimming Men's 100 metres Freestyle,
23924,Giacomo Crosa,M,21.0,184.0,79.0,Italy,ITA,1968 Summer,1968,Summer,Mexico City,Athletics,Athletics Men's High Jump,
32764,Christophe palle,M,31.0,194.0,116.0,France,FRA,2000 Summer,2000,Summer,Sydney,Athletics,Athletics Men's Hammer Throw,
4234,Zbigniew Andruszkiewicz,M,20.0,190.0,89.0,Poland,POL,1980 Summer,1980,Summer,Moskva,Rowing,Rowing Men's Quadruple Sculls,
28719,Cheikh Touradou Diouf,M,24.0,175.0,68.0,Senegal,SEN,1980 Summer,1980,Summer,Moskva,Athletics,Athletics Men's 4 x 100 metres Relay,
20312,Chen Yibing,M,23.0,160.0,58.0,China,CHN,2008 Summer,2008,Summer,Beijing,Gymnastics,Gymnastics Men's Horizontal Bar,
25762,Anastasiya Semyonovna Davydova,F,25.0,170.0,54.0,Russia,RUS,2008 Summer,2008,Summer,Beijing,Synchronized Swimming,Synchronized Swimming Women's Duet,Gold
26488,Isabel Duval de Navarre,F,19.0,160.0,45.0,West Germany,FRG,1976 Winter,1976,Winter,Innsbruck,Figure Skating,Figure Skating Women's Singles,
25172,Sonya Dangalakova,F,17.0,169.0,51.0,Bulgaria,BUL,1980 Summer,1980,Summer,Moskva,Swimming,Swimming Women's 200 metres Freestyle,
31702,"Ulrich ""Ulli"" Eicke",M,32.0,186.0,85.0,West Germany,FRG,1984 Summer,1984,Summer,Los Angeles,Canoeing,"Canoeing Men's Canadian Singles, 1,000 metres",Gold
17605,Daniel Camejo Octavio,M,50.0,170.0,69.0,Espuma del Mar,VEN,1964 Summer,1964,Summer,Tokyo,Sailing,Sailing Mixed Two Person Keelboat,
4838,Istvn Aranyos,M,26.0,169.0,63.0,Hungary,HUN,1968 Summer,1968,Summer,Mexico City,Gymnastics,Gymnastics Men's Team All-Around,
8936,Rvn Bayramov,M,25.0,160.0,59.0,Azerbaijan,AZE,2012 Summer,2012,Summer,London,Wrestling,"Wrestling Men's Featherweight, Greco-Roman",Silver
24619,"Victor Henry Augustus ""Vic"" d'Arcy",M,24.0,172.0,63.0,Great Britain,GBR,1912 Summer,1912,Summer,Stockholm,Athletics,Athletics Men's 100 metres,
2824,Agnese Allegrini,F,30.0,162.0,57.0,Italy,ITA,2012 Summer,2012,Summer,London,Badminton,Badminton Women's Singles,
34652,Svetlana Yevgenyevna Feofanova,F,32.0,164.0,52.0,Russia,RUS,2012 Summer,2012,Summer,London,Athletics,Athletics Women's Pole Vault,
2440,"Frederick Pitt ""Fred"" Alderman",M,22.0,177.0,75.0,United States,USA,1928 Summer,1928,Summer,Amsterdam,Athletics,Athletics Men's 4 x 400 metres Relay,Gold
28845,Jn Diriksson,M,25.0,194.0,79.0,Iceland,ISL,1980 Summer,1980,Summer,Moskva,Athletics,"Athletics Men's 1,500 metres",
35470,Victor Firea,M,29.0,,,Romania,ROU,1952 Summer,1952,Summer,Helsinki,Athletics,"Athletics Men's 3,000 metres Steeplechase",
8297,"James Alfred ""Jimmy"" Bartlett",M,28.0,,,Canada,CAN,1936 Summer,1936,Summer,Berlin,Athletics,Athletics Men's Marathon,
6199,Nuria Ayala Mitjavila,F,22.0,166.0,50.0,Spain,ESP,1992 Summer,1992,Summer,Barcelona,Synchronized Swimming,Synchronized Swimming Women's Solo,
7374,Kgomotso Balotthanyi,M,28.0,180.0,66.0,Botswana,BOT,1984 Summer,1984,Summer,Los Angeles,Athletics,"Athletics Men's 1,500 metres",
3166,Jos Rosario lvarez Garca,M,36.0,162.0,62.0,Mexico,MEX,1984 Summer,1984,Summer,Los Angeles,Shooting,"Shooting Men's Small-Bore Rifle, Three Positions, 50 metres",
15406,Kristina Brring-Sprehe,F,29.0,168.0,54.0,Germany,GER,2016 Summer,2016,Summer,Rio de Janeiro,Equestrianism,"Equestrianism Mixed Dressage, Team",Gold
4513,Joseph Anthoon,M,21.0,,,Belgium,BEL,1952 Summer,1952,Summer,Helsinki,Swimming,Swimming Men's 4 x 200 metres Freestyle Relay,
10968,Nadiya Oleksandrivna Beshevli,F,18.0,168.0,59.0,Ukraine,UKR,2000 Summer,2000,Summer,Sydney,Swimming,Swimming Women's 100 metres Backstroke,
22518,Jorge Colome Jaime,M,22.0,177.0,75.0,Cuba,CUB,1980 Summer,1980,Summer,Moskva,Canoeing,"Canoeing Men's Kayak Singles, 500 metres",
24137,Lszl Csongrdi,M,29.0,177.0,78.0,Hungary,HUN,1988 Summer,1988,Summer,Seoul,Fencing,"Fencing Men's Sabre, Team",Gold
11885,sgeir Bjarnrsson,M,49.0,,,Iceland,ISL,1948 Summer,1948,Summer,London,Art Competitions,"Art Competitions Mixed Painting, Unknown Event",
21857,Harold Clarke,M,,,,Great Britain,GBR,1920 Summer,1920,Summer,Antwerpen,Diving,Diving Men's Plain High,
2688,Mehboob Ali,M,26.0,,,Pakistan,PAK,2016 Summer,2016,Summer,Rio de Janeiro,Athletics,Athletics Men's 400 metres,
2982,Vtor Jos Freitas Almeida,M,26.0,170.0,58.0,Portugal,POR,1996 Summer,1996,Summer,Atlanta,Athletics,"Athletics Men's 3,000 metres Steeplechase",
21721,Cino Civinini,M,,,,Pistoja/Firenze,ITA,1906 Summer,1906,Summer,Athina,Gymnastics,Gymnastics Men's Team All-Around,Bronze
2404,Carlos Sal Alcantara,M,27.0,,,Uruguay,URU,1976 Summer,1976,Summer,Montreal,Cycling,"Cycling Men's Road Race, Individual",
24448,"Elizabeth Alyse ""Betty"" Cuthbert",F,18.0,169.0,57.0,Australia,AUS,1956 Summer,1956,Summer,Melbourne,Athletics,Athletics Women's 4 x 100 metres Relay,Gold
32245,"Jonathan Paul ""Jon"" Eley",M,29.0,186.0,75.0,Great Britain,GBR,2014 Winter,2014,Winter,Sochi,Short Track Speed Skating,"Short Track Speed Skating Men's 1,000 metres",
23040,Kevin Cordes,M,22.0,196.0,88.0,United States,USA,2016 Summer,2016,Summer,Rio de Janeiro,Swimming,Swimming Men's 4 x 100 metres Medley Relay,Gold
21504,Gerard Ciarcia,M,27.0,182.0,87.0,Italy,ITA,1984 Winter,1984,Winter,Sarajevo,Ice Hockey,Ice Hockey Men's Ice Hockey,
15762,"Thomas ""Carlton"" Bruner",M,24.0,175.0,55.0,United States,USA,1996 Summer,1996,Summer,Atlanta,Swimming,"Swimming Men's 1,500 metres Freestyle",
30832,Niclas Felix Dring,M,22.0,182.0,78.0,Sweden,SWE,2012 Summer,2012,Summer,London,Sailing,Sailing Men's Skiff,
13531,Nils Gran Jakob Brjesson,M,30.0,183.0,81.0,Sweden,SWE,2006 Winter,2006,Winter,Torino,Biathlon,Biathlon Men's 4 x 7.5 kilometres Relay,
16745,Ivana Bursov,F,27.0,167.0,55.0,Czech Republic,CZE,2004 Summer,2004,Summer,Athina,Synchronized Swimming,Synchronized Swimming Women's Duet,
33362,Nagalingam Ethirveerasingam,M,22.0,,,Sri Lanka,SRI,1956 Summer,1956,Summer,Melbourne,Athletics,Athletics Men's High Jump,
29245,Zardo Domenios,M,16.0,164.0,55.0,Philippines,PHI,2000 Summer,2000,Summer,Sydney,Diving,Diving Men's Springboard,
33584,Zohra Ez Zahraoui,F,32.0,165.0,51.0,Morocco,MAR,2016 Summer,2016,Summer,Rio de Janeiro,Boxing,Boxing Women's Flyweight,
18355,Frida Cathrin Sofie Carlzon,F,21.0,173.0,73.0,Sweden,SWE,2004 Summer,2004,Summer,Athina,Swimming,Swimming Women's 4 x 100 metres Freestyle Relay,
587,Gudrun Maria Abt,F,26.0,178.0,61.0,West Germany,FRG,1988 Summer,1988,Summer,Seoul,Athletics,Athletics Women's 4 x 400 metres Relay,
17920,Rafael Caizares Poey,M,22.0,180.0,82.0,Cuba,CUB,1972 Summer,1972,Summer,Munich,Basketball,Basketball Men's Basketball,Bronze
9471,Nicolae Bejenaru,M,20.0,163.0,59.0,Romania,ROU,1988 Summer,1988,Summer,Seoul,Gymnastics,Gymnastics Men's Horse Vault,
30180,Du Li,F,34.0,170.0,55.0,China,CHN,2016 Summer,2016,Summer,Rio de Janeiro,Shooting,"Shooting Women's Air Rifle, 10 metres",Silver
4406,Ladislav Ankert,M,,,,Czechoslovakia,TCH,1924 Summer,1924,Summer,Paris,Water Polo,Water Polo Men's Water Polo,
28444,Henri Lievin Dierickx,M,26.0,,,Belgium,BEL,1920 Summer,1920,Summer,Antwerpen,Wrestling,"Wrestling Men's Featherweight, Greco-Roman",
4041,Jordin Andrade,M,24.0,183.0,77.0,Cape Verde,CPV,2016 Summer,2016,Summer,Rio de Janeiro,Athletics,Athletics Men's 400 metres Hurdles,
7636,Tullio Baraglia,M,34.0,188.0,87.0,Italy,ITA,1968 Summer,1968,Summer,Mexico City,Rowing,Rowing Men's Coxless Fours,Bronze
26879,Jacques F. Debeur,M,23.0,190.0,76.0,Belgium,BEL,1960 Summer,1960,Summer,Roma,Fencing,"Fencing Men's Foil, Team",
2828,Jean-Pierre Allemand,M,26.0,186.0,83.0,France,FRA,1968 Summer,1968,Summer,Mexico City,Fencing,"Fencing Men's epee, Individual",
22175,Karen Cockburn (-Turgeon),F,23.0,161.0,55.0,Canada,CAN,2004 Summer,2004,Summer,Athina,Trampolining,Trampolining Women's Individual,Silver
26669,Pierre De Soete,M,,,,Belgium,BEL,1928 Summer,1928,Summer,Amsterdam,Art Competitions,"Art Competitions Mixed Sculpturing, Statues",
11988,Roger Anthony Black,M,30.0,190.0,79.0,Great Britain,GBR,1996 Summer,1996,Summer,Atlanta,Athletics,Athletics Men's 400 metres,Silver
10245,Coral Ann Bentley,F,23.0,167.0,55.0,Australia,AUS,2008 Summer,2008,Summer,Beijing,Synchronized Swimming,Synchronized Swimming Women's Team,
27801,Robert Y. Desjarlais,M,40.0,,,Canada,CAN,1948 Summer,1948,Summer,London,Fencing,"Fencing Men's epee, Team",
21182,"Frank Robert ""Bob"" Chow",M,40.0,,,United States,USA,1948 Summer,1948,Summer,London,Shooting,"Shooting Men's Rapid-Fire Pistol, 25 metres",
27706,Roman Dereziski,M,24.0,176.0,69.0,Poland,POL,1976 Winter,1976,Winter,Innsbruck,Alpine Skiing,Alpine Skiing Men's Giant Slalom,
22452,Raymond William Pennington Collings,M,39.0,,,Great Britain-1,GBR,1948 Winter,1948,Winter,Sankt Moritz,Bobsleigh,Bobsleigh Men's Two,
9571,Felix Belczyk,M,26.0,179.0,84.0,Canada,CAN,1988 Winter,1988,Winter,Calgary,Alpine Skiing,Alpine Skiing Men's Downhill,
13708,Eva Boskov-Vchtov (-Hlavkov),F,24.0,162.0,59.0,Czechoslovakia,TCH,1956 Summer,1956,Summer,Melbourne,Gymnastics,Gymnastics Women's Team All-Around,
22737,Adolfo Consolini,M,39.0,183.0,100.0,Italy,ITA,1956 Summer,1956,Summer,Melbourne,Athletics,Athletics Men's Discus Throw,
13673,Vladimir Bortsov,M,23.0,180.0,81.0,Kazakhstan,KAZ,1998 Winter,1998,Winter,Nagano,Cross Country Skiing,Cross Country Skiing Men's 30 kilometres,
14902,Morten Brekke,M,30.0,171.0,68.0,Norway,NOR,1988 Summer,1988,Summer,Seoul,Wrestling,"Wrestling Men's Lightweight, Greco-Roman",
20396,Cheon In-Sik,M,20.0,184.0,76.0,South Korea,KOR,1988 Summer,1988,Summer,Seoul,Canoeing,"Canoeing Men's Kayak Doubles, 1,000 metres",
17419,"John ""Johnny"" Caldwell",M,18.0,,,Ireland,IRL,1956 Summer,1956,Summer,Melbourne,Boxing,Boxing Men's Flyweight,Bronze
23521,John William Coutts,M,20.0,,,New Zealand,NZL,1976 Summer,1976,Summer,Montreal,Swimming,Swimming Men's 200 metres Butterfly,
33315,George Anders Estman,M,29.0,,,South Africa,RSA,1952 Summer,1952,Summer,Helsinki,Cycling,"Cycling Men's Road Race, Team",
21674,Geert Anne Cirkel,M,29.0,199.0,93.0,Netherlands,NED,2008 Summer,2008,Summer,Beijing,Rowing,Rowing Men's Coxless Fours,
9648,Mark Bell,M,24.0,175.0,73.0,Great Britain,GBR,1984 Summer,1984,Summer,Los Angeles,Cycling,"Cycling Men's Road Race, Individual",
18508,Olivier Carrard,M,27.0,184.0,69.0,Switzerland,SUI,1984 Summer,1984,Summer,Los Angeles,Fencing,"Fencing Men's epee, Team",
22788,Attilio Conton,M,25.0,,,Italy,ITA,1928 Summer,1928,Summer,Amsterdam,Athletics,Athletics Men's Marathon,
7681,Zenon Franciszek Baranowski,M,26.0,171.0,70.0,Poland,POL,1956 Summer,1956,Summer,Melbourne,Athletics,Athletics Men's 4 x 100 metres Relay,
28051,Piero D'Inzeo,M,25.0,174.0,64.0,Italy,ITA,1948 Summer,1948,Summer,London,Equestrianism,"Equestrianism Men's Jumping, Individual",
30462,Olaf Dufseth,M,30.0,,,Norway,NOR,1948 Winter,1948,Winter,Sankt Moritz,Cross Country Skiing,Cross Country Skiing Men's 18 kilometres,
21881,"Ronald William ""Ron"" Clarke",M,27.0,183.0,72.0,Australia,AUS,1964 Summer,1964,Summer,Tokyo,Athletics,"Athletics Men's 10,000 metres",Bronze
14175,Thomas Boutellier,M,25.0,186.0,77.0,Switzerland,SUI,1992 Summer,1992,Summer,Barcelona,Cycling,Cycling Men's 100 kilometres Team Time Trial,
25807,Christine Day,F,29.0,168.0,51.0,Jamaica,JAM,2016 Summer,2016,Summer,Rio de Janeiro,Athletics,Athletics Women's 400 metres,
33412,Barbara Halina Eustachiewicz-Przygoda (-Kowal),F,21.0,159.0,59.0,Poland,POL,1960 Summer,1960,Summer,Roma,Gymnastics,Gymnastics Women's Individual All-Around,
11207,Stephen Raj Bhavsar,M,27.0,169.0,54.0,United States,USA,2008 Summer,2008,Summer,Beijing,Gymnastics,Gymnastics Men's Individual All-Around,
16570,Gloria Amparo Burgos Panoso,F,22.0,169.0,51.0,Bolivia,BOL,1992 Summer,1992,Summer,Barcelona,Athletics,Athletics Women's 4 x 400 metres Relay,
33035,Paul Ernst,M,32.0,173.0,65.0,Austria,AUT,1968 Winter,1968,Winter,Grenoble,Biathlon,Biathlon Men's 4 x 7.5 kilometres Relay,
14204,"Antonius Hubertus Maria ""Antoine"" Bouwens",M,23.0,,,Netherlands,NED,1900 Summer,1900,Summer,Paris,Shooting,"Shooting Men's Free Rifle, Standing, 300 metres",
29755,Olga Vyacheslavovna Dovgun (Belyayeva-),F,41.0,166.0,56.0,Kazakhstan,KAZ,2012 Summer,2012,Summer,London,Shooting,"Shooting Women's Air Rifle, 10 metres",
16104,Hannah Buckling,F,24.0,177.0,75.0,Australia,AUS,2016 Summer,2016,Summer,Rio de Janeiro,Water Polo,Water Polo Women's Water Polo,
8849,Florence  Andre Isabelle Baverel-Robert,F,27.0,167.0,60.0,France,FRA,2002 Winter,2002,Winter,Salt Lake City,Biathlon,Biathlon Women's 7.5 kilometres Sprint,
33528,Dernell E. Every,M,41.0,,,United States,USA,1948 Summer,1948,Summer,London,Fencing,"Fencing Men's Foil, Team",
34498,Jzsef Fekete,M,25.0,,,Hungary,HUN,1948 Summer,1948,Summer,London,Gymnastics,Gymnastics Men's Team All-Around,Bronze
28790,Aleksandr Nikolayevich Dityatin,M,22.0,178.0,70.0,Soviet Union,URS,1980 Summer,1980,Summer,Moskva,Gymnastics,Gymnastics Men's Horizontal Bar,Silver
5103,Yuliya Vladimirovna Arkhipova-Andreyeva,F,32.0,168.0,51.0,Kyrgyzstan,KGZ,2016 Summer,2016,Summer,Rio de Janeiro,Athletics,Athletics Women's Marathon,
2292,Aristidis Albanopoulos,M,,,,Greece,GRE,1906 Summer,1906,Summer,Athina,Cycling,"Cycling Men's Tandem Sprint, 2,000 metres",
29597,Rogrio dos Santos,M,22.0,170.0,78.0,Brazil,BRA,1984 Summer,1984,Summer,Los Angeles,Judo,Judo Men's Half-Middleweight,
9118,Sylvie Becaert,F,34.0,166.0,54.0,France,FRA,2010 Winter,2010,Winter,Vancouver,Biathlon,Biathlon Women's 15 kilometres,
28414,Ralf Diegel,M,20.0,184.0,76.0,West Germany,FRG,1984 Summer,1984,Summer,Los Angeles,Swimming,Swimming Men's 400 metres Individual Medley,
34548,Jonathan Flisaz,M,24.0,173.0,61.0,France,FRA,2010 Winter,2010,Winter,Vancouver,Nordic Combined,"Nordic Combined Men's Normal Hill / 10 km, Individual",
15171,Gustavo Brito,M,18.0,173.0,70.0,Puerto Rico,PUR,1972 Summer,1972,Summer,Munich,Judo,Judo Men's Half-Middleweight,
25254,Nadezhda Anatolyevna Danilina (Shmitova-),F,20.0,172.0,66.0,Soviet Union,URS,1988 Winter,1988,Winter,Calgary,Luge,Luge Women's Singles,
14890,ivind Breiby,M,30.0,,,Norway,NOR,1948 Summer,1948,Summer,London,Boxing,Boxing Men's Lightweight,
25650,Trevor C. Davies,M,35.0,,,Great Britain,GBR,1948 Summer,1948,Summer,London,Basketball,Basketball Men's Basketball,
7234,Laura Jane Baldwin,F,24.0,170.0,63.0,Great Britain,GBR,2004 Summer,2004,Summer,Athina,Sailing,Sailing Women's One Person Dinghy,
25911,Jan Danil Hendrik de Beaufort,M,31.0,,,Netherlands,NED,1912 Summer,1912,Summer,Stockholm,Fencing,"Fencing Men's epee, Individual",
10991,Gilbert Bessi,M,39.0,182.0,94.0,Monaco,MON,1998 Winter,1998,Winter,Nagano,Bobsleigh,Bobsleigh Men's Two,
14076,"Anastasios ""Tasos"" Bountouris",M,24.0,186.0,103.0,Greece,GRE,1980 Summer,1980,Summer,Moskva,Sailing,Sailing Mixed Three Person Keelboat,Bronze
18169,Francesco Cardelli,M,23.0,177.0,70.0,San Marino,SMR,1988 Winter,1988,Winter,Calgary,Alpine Skiing,Alpine Skiing Men's Giant Slalom,
7175,Jindich Balcar,M,25.0,181.0,85.0,Czechoslovakia,TCH,1976 Winter,1976,Winter,Innsbruck,Ski Jumping,"Ski Jumping Men's Large Hill, Individual",
18624,Davide Carta,M,29.0,174.0,76.0,Italy,ITA,2002 Winter,2002,Winter,Salt Lake City,Speed Skating,"Speed Skating Men's 1,000 metres",
25049,"Idalina ""Daly"" Borges Mesquita",F,32.0,171.0,59.0,Brazil,BRA,2008 Summer,2008,Summer,Beijing,Handball,Handball Women's Handball,
18255,Gustaf Eric Carlberg,M,32.0,175.0,,Sweden,SWE,1912 Summer,1912,Summer,Stockholm,Shooting,"Shooting Men's Dueling Pistol, 30 metres",
11576,Raja Aslan bin Raja Ngah Ali,M,23.0,,,Malaya,MAL,1956 Summer,1956,Summer,Melbourne,Athletics,Athletics Men's 100 metres,
6891,George William Bailey,M,26.0,,,Great Britain,GBR,1932 Summer,1932,Summer,Los Angeles,Athletics,"Athletics Men's 5,000 metres",
8637,Gary Anthony Battistella,M,24.0,,,Canada,CAN,1964 Winter,1964,Winter,Innsbruck,Alpine Skiing,Alpine Skiing Men's Giant Slalom,
25284,Rolf Danneberg,M,31.0,198.0,125.0,West Germany,FRG,1984 Summer,1984,Summer,Los Angeles,Athletics,Athletics Men's Discus Throw,Gold
15516,Erika Lynn Brown,F,25.0,170.0,64.0,United States,USA,1998 Winter,1998,Winter,Nagano,Curling,Curling Women's Curling,
33308,Manuel Estiarte Duocastella,M,26.0,178.0,62.0,Spain,ESP,1988 Summer,1988,Summer,Seoul,Water Polo,Water Polo Men's Water Polo,
34642,Clara Beatrice Fenton,F,45.0,,,United States,USA,1932 Summer,1932,Summer,Los Angeles,Art Competitions,"Art Competitions Mixed Sculpturing, Unknown Event",
22247,Eamonn Christopher Coghlan,M,35.0,177.0,63.0,Ireland,IRL,1988 Summer,1988,Summer,Seoul,Athletics,"Athletics Men's 5,000 metres",
19370,Igor erenek,M,21.0,187.0,81.0,Croatia,CRO,2004 Summer,2004,Summer,Athina,Swimming,Swimming Men's 4 x 100 metres Freestyle Relay,
14073,Harold Edward Bounsall,M,22.0,175.0,,Canada,CAN,1920 Summer,1920,Summer,Antwerpen,Cycling,Cycling Men's 50 kilometres,
27758,Shirley Dery-Batlik,F,22.0,167.0,64.0,United States,USA,1984 Summer,1984,Summer,Los Angeles,Canoeing,"Canoeing Women's Kayak Doubles, 500 metres",
28359,Wyndell Douglas Dickinson,M,28.0,183.0,86.0,United States Virgin Islands,ISV,1992 Summer,1992,Summer,Barcelona,Athletics,Athletics Men's 200 metres,
23656,"James Downey ""Jim"" Craig",M,22.0,185.0,86.0,United States,USA,1980 Winter,1980,Winter,Lake Placid,Ice Hockey,Ice Hockey Men's Ice Hockey,Gold
13856,Anita Botnen (-Fisher),F,19.0,165.0,53.0,Canada,CAN,1984 Summer,1984,Summer,Los Angeles,Gymnastics,Gymnastics Women's Uneven Bars,
28063,Manuela Di Centa,F,29.0,164.0,55.0,Italy,ITA,1992 Winter,1992,Winter,Albertville,Cross Country Skiing,Cross Country Skiing Women's 5 kilometres,
10285,Renata Bernkov,F,21.0,179.0,74.0,Czechoslovakia,TCH,1992 Summer,1992,Summer,Barcelona,Rowing,Rowing Women's Coxed Eights,
8816,Holger Bauroth,M,23.0,184.0,74.0,East Germany,GDR,1988 Winter,1988,Winter,Calgary,Cross Country Skiing,Cross Country Skiing Men's 50 kilometres,
3541,Iryna Vitalivna Amshennikova,F,22.0,174.0,58.0,Ukraine,UKR,2008 Summer,2008,Summer,Beijing,Swimming,Swimming Women's 4 x 100 metres Medley Relay,
2340,Mario Albertini,M,,,,Italy,ITA,1906 Summer,1906,Summer,Athina,Swimming,Swimming Men's 100 metres Freestyle,
16842,Vered Buskila,F,25.0,180.0,70.0,Israel,ISR,2008 Summer,2008,Summer,Beijing,Sailing,Sailing Women's Two Person Dinghy,
24334,Denis Claude Cunningham,M,34.0,187.0,71.0,Hong Kong,HKG,1984 Summer,1984,Summer,Los Angeles,Fencing,"Fencing Men's epee, Team",
1117,Gennady Mikhaylovich Agapov,M,30.0,181.0,76.0,Soviet Union,URS,1964 Summer,1964,Summer,Tokyo,Athletics,Athletics Men's 50 kilometres Walk,
19229,Lucio Ceccarini,M,21.0,,,Italy,ITA,1952 Summer,1952,Summer,Helsinki,Water Polo,Water Polo Men's Water Polo,Bronze
7698,Samuel Ren Louis Barathay,M,32.0,185.0,86.0,France,FRA,2000 Summer,2000,Summer,Sydney,Rowing,Rowing Men's Quadruple Sculls,
31393,Sylvia Eder,F,28.0,172.0,60.0,Austria,AUT,1994 Winter,1994,Winter,Lillehammer,Alpine Skiing,Alpine Skiing Women's Super G,
28685,Loredana Dinu (Iordchioiu-),F,28.0,168.0,60.0,Romania,ROU,2012 Summer,2012,Summer,London,Fencing,"Fencing Women's epee, Team",
15144,Jorge Briola,M,,,,Argentina,ARG,1928 Summer,1928,Summer,Amsterdam,Wrestling,"Wrestling Men's Heavyweight, Greco-Roman",
32577,Tnu Endrekson,M,25.0,198.0,104.0,Estonia,EST,2004 Summer,2004,Summer,Athina,Rowing,Rowing Men's Double Sculls,
22960,Arnold Ralph Cooperman,M,29.0,174.0,75.0,Great Britain,GBR,1956 Summer,1956,Summer,Melbourne,Fencing,"Fencing Men's Foil, Team",
24967,Ji Daler,M,28.0,183.0,85.0,Czechoslovakia,TCH,1968 Summer,1968,Summer,Mexico City,Cycling,"Cycling Men's Team Pursuit, 4,000 metres",
3615,Ana Paula Rodrigues Connelly (-Rodrigues Henkel),F,20.0,183.0,68.0,Brazil,BRA,1992 Summer,1992,Summer,Barcelona,Volleyball,Volleyball Women's Volleyball,
4565,Manuel Andr Antonio,M,23.0,177.0,69.0,Angola,ANG,2012 Summer,2012,Summer,London,Athletics,Athletics Men's 800 metres,
5558,"David Michael ""Dave"" Ashleigh",M,25.0,183.0,77.0,United States,USA,1968 Summer,1968,Summer,Mexico City,Water Polo,Water Polo Men's Water Polo,
6714,Bae Ho-Jo,M,19.0,174.0,67.0,South Korea,KOR,1996 Summer,1996,Summer,Atlanta,Boxing,Boxing Men's Welterweight,
27651,Dario Dentale,M,25.0,203.0,95.0,Italy,ITA,2008 Summer,2008,Summer,Beijing,Rowing,Rowing Men's Coxless Pairs,
13328,Bernard H. J. Boone,M,28.0,,,France,FRA,1948 Summer,1948,Summer,London,Hockey,Hockey Men's Hockey,
1483,Nobuyuki Aihara,M,25.0,154.0,53.0,Japan,JPN,1960 Summer,1960,Summer,Roma,Gymnastics,Gymnastics Men's Horizontal Bar,
31396,Emilie Edet,F,26.0,163.0,58.0,Nigeria,NGR,1972 Summer,1972,Summer,Munich,Athletics,Athletics Women's 100 metres,
27141,Silvia del Rincon Lpez,F,20.0,,,Spain,ESP,1992 Winter,1992,Winter,Albertville,Alpine Skiing,Alpine Skiing Women's Slalom,
3174,Lzaro Jorge lvarez Estrada,M,21.0,173.0,60.0,Cuba,CUB,2012 Summer,2012,Summer,London,Boxing,Boxing Men's Bantamweight,Bronze
7379,Bernardo Baloyes Navas,M,22.0,168.0,66.0,Colombia,COL,2016 Summer,2016,Summer,Rio de Janeiro,Athletics,Athletics Men's 200 metres,
29057,"Joseph Brooks Dodge, Jr.",M,22.0,186.0,76.0,United States,USA,1952 Winter,1952,Winter,Oslo,Alpine Skiing,Alpine Skiing Men's Downhill,
10970,Mustafa Bei,M,22.0,177.0,80.0,Yugoslavia,YUG,1984 Winter,1984,Winter,Sarajevo,Ice Hockey,Ice Hockey Men's Ice Hockey,
19647,Karim Chammari,M,26.0,,,Tunisia,TUN,1992 Summer,1992,Summer,Barcelona,Sailing,Sailing Men's Windsurfer,
28328,Petar Simeonov Dichev,M,28.0,177.0,77.0,Bulgaria,BUL,1998 Winter,1998,Winter,Nagano,Alpine Skiing,Alpine Skiing Men's Slalom,
2414,"Chimene Mary ""Chemmy"" Alcott (-Crawford)",F,19.0,169.0,69.0,Great Britain,GBR,2002 Winter,2002,Winter,Salt Lake City,Alpine Skiing,Alpine Skiing Women's Super G,
33282,Tony Estanguet,M,30.0,185.0,75.0,France,FRA,2008 Summer,2008,Summer,Beijing,Canoeing,"Canoeing Men's Canadian Singles, Slalom",
3349,Georgios Ambet,M,,,,Greece,GRE,1928 Summer,1928,Summer,Amsterdam,Fencing,"Fencing Men's Sabre, Team",
2808,Henry Aurlien Charles Allard,M,43.0,,,Cupidon Viking,FRA,1928 Summer,1928,Summer,Amsterdam,Sailing,Sailing Mixed 6 metres,
23571,"Michael Joseph ""Mike"" Cowley",M,22.0,179.0,66.0,Great Britain,GBR,1964 Summer,1964,Summer,Tokyo,Cycling,"Cycling Men's Road Race, Individual",
17624,George Guthrie Cameron,M,26.0,,,United States,USA,1908 Summer,1908,Summer,London,Cycling,Cycling Men's Sprint,
31660,Frnz Ehringer,M,19.0,,,Luxembourg,LUX,1948 Summer,1948,Summer,London,Boxing,Boxing Men's Lightweight,
20321,Chen Yu-Cheng,M,19.0,180.0,72.0,Chinese Taipei,TPE,2012 Summer,2012,Summer,London,Archery,Archery Men's Team,
6257,Thirry Aymes,M,22.0,165.0,63.0,France,FRA,1996 Summer,1996,Summer,Atlanta,Gymnastics,Gymnastics Men's Individual All-Around,
24474,Sylvie Cuvilly,F,23.0,162.0,56.0,France,FRA,1988 Summer,1988,Summer,Seoul,Canoeing,"Canoeing Women's Kayak Fours, 500 metres",
3966,Nils Gustaf Andersson (-Eke),M,22.0,,,Sweden,SWE,1912 Summer,1912,Summer,Stockholm,Swimming,Swimming Men's 200 metres Breaststroke,
14423,Anna Bozsik,F,26.0,158.0,50.0,Hungary,HUN,1992 Winter,1992,Winter,Albertville,Biathlon,Biathlon Women's 7.5 kilometres Sprint,
3556,Mauritz Amundsen,M,32.0,,,Norway,NOR,1936 Summer,1936,Summer,Berlin,Shooting,"Shooting Men's Free Pistol, 50 metres",
4699,Alexandru Aposteanu,M,26.0,189.0,83.0,Romania,ROU,1968 Summer,1968,Summer,Mexico City,Rowing,Rowing Men's Double Sculls,
13842,"Frank Royston ""Roy"" Botham",M,29.0,,,Great Britain,GBR,1952 Summer,1952,Summer,Helsinki,Swimming,Swimming Men's 4 x 200 metres Freestyle Relay,
4558,"Nikolaos ""Nikos"" Antoniadis",M,33.0,172.0,80.0,Greece,GRE,2004 Summer,2004,Summer,Athina,Shooting,Shooting Men's Trap,
20220,Chen Jing,F,25.0,182.0,75.0,China,CHN,2000 Summer,2000,Summer,Sydney,Volleyball,Volleyball Women's Volleyball,
8551,Anders Ingemar Btemyr,M,26.0,176.0,71.0,Sweden,SWE,2000 Summer,2000,Summer,Sydney,Rowing,Rowing Men's Lightweight Double Sculls,
27994,"Theresa E. ""Terry"" DeWitt (Wentzel-)",F,33.0,170.0,66.0,United States,USA,1996 Summer,1996,Summer,Atlanta,Shooting,Shooting Women's Double Trap,
23555,Karlo ovi,M,27.0,160.0,57.0,Yugoslavia,YUG,1972 Summer,1972,Summer,Munich,Wrestling,"Wrestling Men's Bantamweight, Greco-Roman",
814,Edward Adams,M,,,,Great Britain,GBR,1908 Summer,1908,Summer,London,Boxing,Boxing Men's Featherweight,
32862,Paul Ereng,M,24.0,188.0,69.0,Kenya,KEN,1992 Summer,1992,Summer,Barcelona,Athletics,Athletics Men's 800 metres,
25093,Georgius Bernardus Damen,M,20.0,,,Netherlands,NED,1908 Summer,1908,Summer,London,Cycling,Cycling Men's Sprint,
31496,Michelle Claire Edwards,F,30.0,155.0,58.0,South Africa,RSA,2004 Summer,2004,Summer,Athina,Badminton,Badminton Women's Doubles,
34845,Karina Fernndez Madrigal,F,22.0,160.0,48.0,Costa Rica,CRC,2000 Summer,2000,Summer,Sydney,Triathlon,Triathlon Women's Olympic Distance,
18866,Alberto Castagnetti,M,29.0,180.0,72.0,Italy,ITA,1972 Summer,1972,Summer,Munich,Swimming,Swimming Men's 4 x 100 metres Freestyle Relay,
4642,Chamleunesouk Ao-Oudomphonh,M,25.0,168.0,51.0,Laos,LAO,2004 Summer,2004,Summer,Athina,Athletics,Athletics Men's 100 metres,
20534,Ihor Volodymyrovych Chervynskiy,M,22.0,180.0,73.0,Ukraine,UKR,2004 Summer,2004,Summer,Athina,Swimming,"Swimming Men's 1,500 metres Freestyle",
26028,Milton Costa de Castro,M,26.0,176.0,67.0,Brazil,BRA,1980 Summer,1980,Summer,Moskva,Athletics,Athletics Men's 4 x 100 metres Relay,
30361,Roger Franois Ducret,M,40.0,,,France,FRA,1928 Summer,1928,Summer,Amsterdam,Fencing,"Fencing Men's Foil, Team",Silver
32650,Jon Boie Engen,M,30.0,,,United States,USA,1988 Winter,1988,Winter,Calgary,Cross Country Skiing,Cross Country Skiing Men's 50 kilometres,
25511,Tamra Dauniene (Kaagina-),F,24.0,190.0,75.0,Soviet Union,URS,1976 Summer,1976,Summer,Montreal,Basketball,Basketball Women's Basketball,Gold
31259,Thomas Ebert,M,27.0,184.0,72.0,Denmark,DEN,2000 Summer,2000,Summer,Sydney,Rowing,Rowing Men's Lightweight Coxless Fours,Bronze
4024,Atanas Vasilev Andonov,M,25.0,190.0,95.0,Bulgaria,BUL,1980 Summer,1980,Summer,Moskva,Athletics,Athletics Men's Decathlon,
33175,Moustafa Hassan Esmail,M,27.0,161.0,48.0,Egypt,EGY,1992 Summer,1992,Summer,Barcelona,Boxing,Boxing Men's Flyweight,
8396,Hctor Bas,M,17.0,163.0,63.0,Puerto Rico,PUR,1968 Summer,1968,Summer,Mexico City,Diving,Diving Men's Platform,
3290,"Richard ""Rick"" Amann",M,33.0,183.0,85.0,Germany,GER,1994 Winter,1994,Winter,Lillehammer,Ice Hockey,Ice Hockey Men's Ice Hockey,
3807,"David ""Dave"" Anderson",M,22.0,173.0,57.0,Great Britain,GBR,1988 Summer,1988,Summer,Seoul,Boxing,Boxing Men's Featherweight,
19515,Benjamin Chabanet,M,23.0,189.0,85.0,France,FRA,2012 Summer,2012,Summer,London,Rowing,Rowing Men's Quadruple Sculls,
6879,Antonio Bailetti,M,22.0,179.0,70.0,Italy,ITA,1960 Summer,1960,Summer,Roma,Cycling,Cycling Men's 100 kilometres Team Time Trial,Gold
6334,Sayed Khwaja Aziz-ud-Din,M,26.0,,,India,IND,1956 Summer,1956,Summer,Melbourne,Football,Football Men's Football,
34413,Olena Olehivna Fedorova,F,17.0,164.0,57.0,Ukraine,UKR,2004 Summer,2004,Summer,Athina,Diving,Diving Women's Springboard,
24855,Hjalmar Alexius Dahlberg,M,25.0,,,Sweden,SWE,1912 Summer,1912,Summer,Stockholm,Athletics,Athletics Men's Marathon,
20659,Kaori Chiba-Fujio,F,27.0,157.0,52.0,Japan,JPN,2008 Summer,2008,Summer,Beijing,Hockey,Hockey Women's Hockey,
17526,Gabriel Calvo Fernndez,M,20.0,168.0,62.0,Spain,ESP,1976 Summer,1976,Summer,Montreal,Gymnastics,Gymnastics Men's Pommelled Horse,
606,Roberto Abugattas Aboino,M,21.0,182.0,77.0,Peru,PER,1964 Summer,1964,Summer,Tokyo,Athletics,Athletics Men's High Jump,
27271,Felipe Delgado Martillo,M,23.0,182.0,80.0,Ecuador,ECU,1996 Summer,1996,Summer,Atlanta,Swimming,Swimming Men's 50 metres Freestyle,
22147,Jean-Paul tienne Gustave Coche,M,25.0,174.0,80.0,France,FRA,1972 Summer,1972,Summer,Munich,Judo,Judo Men's Middleweight,Bronze
19120,Pericles de Souza Cavalcanti,M,25.0,,,Brazil,BRA,1952 Summer,1952,Summer,Helsinki,Equestrianism,"Equestrianism Men's Three-Day Event, Individual",
25697,"Jeffrey Logan ""Jeff"" Davis",M,21.0,185.0,73.0,United States,USA,1980 Winter,1980,Winter,Lake Placid,Ski Jumping,"Ski Jumping Men's Large Hill, Individual",
24944,Daniel Alfredo Dal Bo,M,28.0,185.0,78.0,Argentina,ARG,2016 Summer,2016,Summer,Rio de Janeiro,Canoeing,"Canoeing Men's Kayak Fours, 1,000 metres",
18936,Carles Castillejo Salvador,M,33.0,165.0,61.0,Spain,ESP,2012 Summer,2012,Summer,London,Athletics,Athletics Men's Marathon,
20525,Vivian Jepkemoi Cheruiyot,F,17.0,153.0,40.0,Kenya,KEN,2000 Summer,2000,Summer,Sydney,Athletics,"Athletics Women's 5,000 metres",
14192,Charles Bouvier,M,37.0,,,Switzerland-1,SUI,1936 Winter,1936,Winter,Garmisch-Partenkirchen,Bobsleigh,Bobsleigh Men's Two,
15125,Jan-Erik Christer Brink,M,47.0,186.0,73.0,Sweden,SWE,2008 Summer,2008,Summer,Beijing,Equestrianism,"Equestrianism Mixed Dressage, Individual",
23422,Eoin Coughlan,M,24.0,186.0,81.0,Australia,AUS,2016 Summer,2016,Summer,Rio de Janeiro,Judo,Judo Men's Half-Middleweight,
26580,William de Rham,M,33.0,,,Switzerland,SUI,1956 Summer,1956,Summer,Stockholm,Equestrianism,"Equestrianism Mixed Jumping, Individual",
8608,Mieczysaw Jzef Batsch,M,24.0,172.0,70.0,Poland,POL,1924 Summer,1924,Summer,Paris,Football,Football Men's Football,
22906,Heather Margaret Coombridge,F,19.0,173.0,,New Zealand,NZL,1972 Summer,1972,Summer,Munich,Swimming,Swimming Women's 200 metres Freestyle,
5107,"Konstantinos ""Kostas"" Arkoudeas",M,19.0,162.0,66.0,Greece,GRE,1992 Summer,1992,Summer,Barcelona,Wrestling,"Wrestling Men's Featherweight, Greco-Roman",
26064,Henri Marie Georges Le Compasseur de Crqui-Montfort de Courtivron,M,34.0,,,France,FRA,1912 Summer,1912,Summer,Stockholm,Shooting,Shooting Men's Trap,
16316,Jaroslava Bukvajov,F,22.0,183.0,64.0,Slovakia,SVK,1998 Winter,1998,Winter,Nagano,Cross Country Skiing,Cross Country Skiing Women's 5 kilometres,
22040,"Elisabeth Anne ""Betsy"" Clifford (-Higgins)",F,22.0,162.0,57.0,Canada,CAN,1976 Winter,1976,Winter,Innsbruck,Alpine Skiing,Alpine Skiing Women's Giant Slalom,
3556,Mauritz Amundsen,M,48.0,,,Norway,NOR,1952 Summer,1952,Summer,Helsinki,Shooting,"Shooting Men's Free Rifle, Three Positions, 300 metres",
26162,Lionel De Haes,M,,,,Belgium,BEL,1920 Summer,1920,Summer,Antwerpen,Weightlifting,Weightlifting Men's Featherweight,
5834,smet Atl,M,,173.0,,Turkey,TUR,1956 Summer,1956,Summer,Melbourne,Wrestling,"Wrestling Men's Middleweight, Greco-Roman",
31272,Katsuhito Ebisawa,M,33.0,170.0,64.0,Japan,JPN,2006 Winter,2006,Winter,Torino,Cross Country Skiing,Cross Country Skiing Men's 15 kilometres,
13252,Franois Bonnet,M,,,,France,FRA,1908 Summer,1908,Summer,London,Cycling,Cycling Men's 20 kilometres,
32220,"Harold Lee ""Jack"" Elder",M,30.0,178.0,77.0,United States-1,USA,1972 Winter,1972,Winter,Sapporo,Luge,Luge Mixed (Men)'s Doubles,
35246,Fernando Figueroa Rodrguez,M,,,,Mexico,MEX,1948 Summer,1948,Summer,London,Football,Football Men's Football,
2849,"Katherine Jessie Jean ""Kate"" Allen (-Diechtler)",F,38.0,163.0,53.0,Austria,AUT,2008 Summer,2008,Summer,Beijing,Triathlon,Triathlon Women's Olympic Distance,
10033,Andrea Benelli,M,40.0,173.0,80.0,Italy,ITA,2000 Summer,2000,Summer,Sydney,Shooting,Shooting Men's Skeet,
7721,Nicolae Brbescu,M,23.0,167.0,67.0,Romania,ROU,1964 Winter,1964,Winter,Innsbruck,Biathlon,Biathlon Men's 20 kilometres,
17984,Maricela Cant Mata,F,17.0,155.0,46.0,Mexico,MEX,2008 Summer,2008,Summer,Beijing,Gymnastics,Gymnastics Women's Horse Vault,
1724,Aristidis Akratopoulos,M,,,,Greece,GRE,1896 Summer,1896,Summer,Athina,Tennis,Tennis Men's Singles,
2679,Haider Ali,M,20.0,170.0,57.0,Pakistan,PAK,2000 Summer,2000,Summer,Sydney,Boxing,Boxing Men's Featherweight,
18550,Sara Maree Carrigan,F,27.0,168.0,60.0,Australia,AUS,2008 Summer,2008,Summer,Beijing,Cycling,"Cycling Women's Road Race, Individual",
21054,Choi Se-Beom,F,16.0,160.0,44.0,South Korea,KOR,1988 Summer,1988,Summer,Seoul,Athletics,Athletics Women's 800 metres,
1696,Malika Al-Akkaoui,F,24.0,160.0,49.0,Morocco,MAR,2012 Summer,2012,Summer,London,Athletics,Athletics Women's 800 metres,
23509,Fernando Fonces Couto,M,28.0,165.0,59.0,Portugal,POR,1988 Summer,1988,Summer,Seoul,Athletics,"Athletics Men's 5,000 metres",
19490,Avtandil Ch'k'uaseli,M,20.0,,,Soviet Union,URS,1952 Summer,1952,Summer,Helsinki,Football,Football Men's Football,
577,Knut Richard brink,M,23.0,,,Sweden,SWE,1912 Summer,1912,Summer,Stockholm,Athletics,Athletics Men's Javelin Throw,
15572,"Geoffrey Raymond ""Ray"" Brown",M,21.0,170.0,63.0,Australia,AUS,1964 Summer,1964,Summer,Tokyo,Wrestling,"Wrestling Men's Featherweight, Freestyle",
15458,Yves Brouzet,M,23.0,198.0,150.0,France,FRA,1972 Summer,1972,Summer,Munich,Athletics,Athletics Men's Shot Put,
23159,Fernando Correa,M,23.0,170.0,65.0,Venezuela,VEN,1984 Summer,1984,Summer,Los Angeles,Cycling,"Cycling Men's Road Race, Individual",
5692,Jenni Anna Christina Asserholt,F,17.0,172.0,71.0,Sweden,SWE,2006 Winter,2006,Winter,Torino,Ice Hockey,Ice Hockey Women's Ice Hockey,Silver
18086,Marcel Albert Capron,M,24.0,,,France,FRA,1924 Summer,1924,Summer,Paris,Wrestling,"Wrestling Men's Featherweight, Greco-Roman",
30981,Raminta Dvarikyt,F,18.0,172.0,63.0,Lithuania,LTU,2008 Summer,2008,Summer,Beijing,Swimming,Swimming Women's 200 metres Breaststroke,
28188,Maria Albertina da Costa Dias (-Pereira),F,23.0,163.0,48.0,Portugal,POR,1988 Summer,1988,Summer,Seoul,Athletics,"Athletics Women's 10,000 metres",
33803,Francis Gerard Luis Fairlie,M,24.0,,,Great Britain-2,GBR,1924 Winter,1924,Winter,Chamonix,Bobsleigh,Bobsleigh Men's Four/Five,
6113,Guillermo Avila Paz,M,31.0,,,Bolivia,BOL,1992 Winter,1992,Winter,Albertville,Alpine Skiing,Alpine Skiing Men's Giant Slalom,
11254,Ilaria Bianchi,F,26.0,170.0,65.0,Italy,ITA,2016 Summer,2016,Summer,Rio de Janeiro,Swimming,Swimming Women's 100 metres Butterfly,
26201,Dimi de Jong,M,19.0,178.0,82.0,Netherlands,NED,2014 Winter,2014,Winter,Sochi,Snowboarding,Snowboarding Men's Halfpipe,
29679,Dawnette Andrea Douglas,F,21.0,156.0,54.0,Bermuda,BER,1992 Summer,1992,Summer,Barcelona,Athletics,Athletics Women's 200 metres,
29732,Hanno Douschan,M,24.0,171.0,75.0,Austria,AUT,2014 Winter,2014,Winter,Sochi,Snowboarding,Snowboarding Men's Boardercross,
6188,Judith Ayaa,F,20.0,174.0,55.0,Uganda,UGA,1972 Summer,1972,Summer,Munich,Athletics,Athletics Women's 400 metres,
10718,Soa Bernardov,F,32.0,167.0,54.0,Czech Republic,CZE,2008 Summer,2008,Summer,Beijing,Synchronized Swimming,Synchronized Swimming Women's Duet,
17494,Ashley John Callus,M,29.0,188.0,85.0,Australia,AUS,2008 Summer,2008,Summer,Beijing,Swimming,Swimming Men's 4 x 100 metres Freestyle Relay,Bronze
5344,Sirop Arslanian,M,17.0,180.0,77.0,Lebanon,LIB,1984 Summer,1984,Summer,Los Angeles,Cycling,"Cycling Men's Road Race, Individual",
5022,Alexeis Argilagos Segura,M,29.0,200.0,80.0,Cuba,CUB,2000 Summer,2000,Summer,Sydney,Volleyball,Volleyball Men's Volleyball,
5063,Jean-Claude Arifon,M,21.0,185.0,75.0,France,FRA,1948 Summer,1948,Summer,London,Athletics,Athletics Men's 400 metres Hurdles,
28621,Zoi Dimoskhaki,F,19.0,175.0,63.0,Greece,GRE,2004 Summer,2004,Summer,Athina,Swimming,Swimming Women's 4 x 100 metres Freestyle Relay,
20435,Olena Arkadivna Cherevatova (-Derevenko),F,34.0,170.0,65.0,Ukraine,UKR,2004 Summer,2004,Summer,Athina,Canoeing,"Canoeing Women's Kayak Fours, 500 metres",Bronze
11356,Andrea Bieger,F,16.0,160.0,47.0,West Germany,FRG,1976 Summer,1976,Summer,Montreal,Gymnastics,Gymnastics Women's Team All-Around,
33539,Bndicte Evrard,F,17.0,176.0,38.0,Belgium,BEL,1992 Summer,1992,Summer,Barcelona,Gymnastics,Gymnastics Women's Floor Exercise,
23149,Daniel Corral Barrn,M,22.0,173.0,64.0,Mexico,MEX,2012 Summer,2012,Summer,London,Gymnastics,Gymnastics Men's Parallel Bars,
22011,Philippe Clerc,M,25.0,176.0,61.0,Switzerland,SUI,1972 Summer,1972,Summer,Munich,Athletics,Athletics Men's 100 metres,
16786,Edmond William Bury,M,23.0,,,Great Britain-2,GBR,1908 Summer,1908,Summer,London,Racquets,Racquets Men's Doubles,Silver
3870,"William ""Will"" Anderson",M,,,,Canada,CAN,1908 Summer,1908,Summer,London,Cycling,Cycling Men's 20 kilometres,
25197,Lucas Daniel,M,21.0,180.0,80.0,France,FRA,2016 Summer,2016,Summer,Rio de Janeiro,Archery,Archery Men's Team,
7509,Ognyan Bangiev,M,24.0,169.0,63.0,Bulgaria,BUL,1980 Summer,1980,Summer,Moskva,Gymnastics,Gymnastics Men's Horizontal Bar,
13846,Bjrn Birger Alexander Bothn,M,19.0,,,Marga-2,SWE,1912 Summer,1912,Summer,Stockholm,Sailing,Sailing Mixed 10 metres,
13418,Paulin Bordeleau,M,35.0,178.0,74.0,France,FRA,1988 Winter,1988,Winter,Calgary,Ice Hockey,Ice Hockey Men's Ice Hockey,
29177,Irina Yuryevna Dolgova,F,20.0,153.0,48.0,Russia,RUS,2016 Summer,2016,Summer,Rio de Janeiro,Judo,Judo Women's Extra-Lightweight,
4827,Juan Esteban Arango Carvajal,M,25.0,172.0,62.0,Colombia,COL,2012 Summer,2012,Summer,London,Cycling,"Cycling Men's Team Pursuit, 4,000 metres",
6368,Giovanni Azzini,M,22.0,179.0,80.0,Italy,ITA,1952 Summer,1952,Summer,Helsinki,Football,Football Men's Football,
5557,Ali Ashkani Aghbolagh,M,21.0,166.0,60.0,Iran,IRI,2000 Summer,2000,Summer,Sydney,Wrestling,"Wrestling Men's Featherweight, Greco-Roman",
20347,Taisiya Filippovna Chenchik,F,24.0,175.0,54.0,Soviet Union,URS,1960 Summer,1960,Summer,Roma,Athletics,Athletics Women's High Jump,
1809,Nasser Salih Nasser Abdullah Al-Attiya,M,29.0,178.0,82.0,Qatar,QAT,2000 Summer,2000,Summer,Sydney,Shooting,Shooting Men's Skeet,
30368,Anik Ducza-Jnosi,F,26.0,161.0,57.0,Hungary,HUN,1968 Summer,1968,Summer,Mexico City,Gymnastics,Gymnastics Women's Team All-Around,
21547,Olgierd Ciepy,M,28.0,184.0,94.0,Poland,POL,1964 Summer,1964,Summer,Tokyo,Athletics,Athletics Men's Hammer Throw,
26316,Evelyn Rose de Lacy (-Whillier),F,18.0,,,Australia,AUS,1936 Summer,1936,Summer,Berlin,Swimming,Swimming Women's 400 metres Freestyle,
3201,Miguel Alvario Garca,M,22.0,180.0,84.0,Spain,ESP,2016 Summer,2016,Summer,Rio de Janeiro,Archery,Archery Men's Individual,
12555,Otto Erich Friedrich Hugo Bock (Kramer-),M,24.0,,,Denmark,DEN,1906 Summer,1906,Summer,Athina,Athletics,Athletics Men's 100 metres,
11749,Stefani Bisbikou,F,16.0,150.0,44.0,Greece,GRE,2004 Summer,2004,Summer,Athina,Gymnastics,Gymnastics Women's Floor Exercise,
14883,Elsebeth Brehm (-Jrgensen),F,18.0,,,Denmark,DEN,1920 Summer,1920,Summer,Antwerpen,Tennis,Tennis Women's Doubles,
1495,Richard Aimonetto,M,29.0,183.0,86.0,France,FRA,2002 Winter,2002,Winter,Salt Lake City,Ice Hockey,Ice Hockey Men's Ice Hockey,
22692,"Barthold Wayne ""Bart"" Conner",M,26.0,165.0,58.0,United States,USA,1984 Summer,1984,Summer,Los Angeles,Gymnastics,Gymnastics Men's Floor Exercise,
15820,Knut Lennart Herbert Brunnhage,M,32.0,,,Sweden,SWE,1948 Summer,1948,Summer,London,Diving,Diving Men's Platform,
9589,Mohammed El-Amine Belferar,M,25.0,175.0,65.0,Algeria,ALG,2016 Summer,2016,Summer,Rio de Janeiro,Athletics,Athletics Men's 800 metres,
29890,Marian Drgulescu,M,27.0,163.0,64.0,Romania,ROU,2008 Summer,2008,Summer,Beijing,Gymnastics,Gymnastics Men's Individual All-Around,
23205,Francisco Cortes,M,19.0,170.0,63.0,Chile,CHI,1960 Winter,1960,Winter,Squaw Valley,Alpine Skiing,Alpine Skiing Men's Downhill,
12741,Aleksandr Viktorovich Bogdanovich,M,22.0,191.0,97.0,Belarus,BLR,2004 Summer,2004,Summer,Athina,Canoeing,"Canoeing Men's Canadian Doubles, 1,000 metres",
