Airport_ID,Identifier,Type,Name,Latitude,Longitude,Elevation_Ft,Continent,ISO_Country_Code,ISO_Region,Municipality,Is_Scheduled_Service,GPS_Code,IATA_Code,Local_Code,Home_Link,Wikipedia_Link,Keywords
328338,KR-0855,heliport,Korea Telecommunications (KT) Building Heliport,37.521923,126.919062,,AS,KR,KR-11,Seoul,False,,,,,,"Korea Telecommunications, KT"
23374,NV77,closed,Empire Farms Airport,40.435699,-119.461998,4085.0,,US,US-NV,Empire,False,,,,,,NV77
317486,BW-0004,small_airport,Linyanti Airport,-18.46082,23.808989,3105.0,AF,BW,BW-NW,Linyanti,False,FBLN,,,,,FB41
27613,YHAE,small_airport,Harden Airport,-34.562798,148.392687,,OC,AU,AU-NSW,,False,YHAE,,,,,
31219,FVBL,small_airport,Mabalauta Airport,-21.91699982,31.46699905,950.0,AF,ZW,ZW-MV,Mabalauta,False,FVBL,,,,,
320678,CMN3,small_airport,St-Michel-de-Napierville Airport,45.213804,-73.576,206.0,,CA,CA-QC,St-Michel-de-Napierville,False,CMN3,,CMN3,,https://en.wikipedia.org/wiki/Saint-Michel-de-Napierville_Aerodrome,
28741,EDVU,small_airport,Flugplatz Uelzen,52.983891,10.465,246.0,EU,DE,DE-NI,Uelzen,False,EDVU,,,http://www.flugplatz-uelzen.de,http://de.wikipedia.org/wiki/Flugplatz_Uelzen,
30352,NZRW,small_airport,Ruawai Aerodrome,-36.09719849,173.977005,62.0,OC,NZ,NZ-NTL,,False,NZRW,,,,,
40017,CA-0371,closed,Sturgeon Falls Airport,46.34999847,-79.96666718,,,CA,CA-ON,,False,,,,,,
39071,SARO,closed,Ituzaingo Airport,-27.52610016,-56.63330078,62.0,SA,AR,AR-W,Ituzaingo,False,SARO,,ITU,,,
343596,JP-1779,heliport,JR Central Hotel Tower Helipad,35.17065,136.88291,,AS,JP,JP-23,Nagoya,False,,,,,,
324233,MX-0508,small_airport,El Palmar Ranch Airstrip,22.797147,-99.140886,394.0,,MX,MX-TAM,Ciudad Mante,False,,,PLR,,,
12651,5S5,small_airport,Lake Billy Chinook State Airport,44.519805,-121.3196,2695.0,,US,US-OR,Culver,False,,,5S5,,https://en.wikipedia.org/wiki/Lake_Billy_Chinook_Airport,
5904,SBFU,closed,Furnas Airport,-20.702801,-46.3353,2413.0,SA,BR,BR-MG,São José da Barra,False,,,,,,"SBFU, Alpinopolis"
38106,SWUO,closed,Fazenda Santo André Airport,-13.68638897,-55.98722076,1529.0,SA,BR,BR-MT,Nova Mutum,False,SWUO,,,,,
22456,MT59,closed,Gardner Airport,45.2672,-104.857002,3560.0,,US,US-MT,Hammond,False,,,,,https://en.wikipedia.org/wiki/Gardner_Airport_(Montana),MT59
12402,5IL7,heliport,Howard Heliport,41.29190063,-88.58920288,570.0,,US,US-IL,Seneca,False,5IL7,,5IL7,,,
21804,MA60,heliport,St Luke's Hospital Heliport,41.89400101,-70.91500092,140.0,,US,US-MA,Middleborough,False,MA60,,MA60,,,
20605,KN35,small_airport,Punxsutawney Municipal Airport,40.96670151,-78.93000031,1439.0,,US,US-PA,Punxsutawney,False,KN35,,N35,,,
4074,LFBU,medium_airport,Angoulême-Brie-Champniers Airport,45.729198,0.221456,436.0,EU,FR,FR-NAQ,Angoulême/Brie/Champniers,False,LFBU,ANG,,,https://en.wikipedia.org/wiki/Angoul%C3%AAme_-_Brie_-_Champniers_Airport,
2717,ETAD,medium_airport,Spangdahlem Air Base,49.97269821,6.692500114,1197.0,EU,DE,DE-RP,Trier,False,ETAD,SPM,,http://www.spangdahlem.af.mil/,https://en.wikipedia.org/wiki/Spangdahlem_Air_Base,
315800,DE-0266,small_airport,Wangen-Kisslegg Airfield,47.753962,9.86219,2102.0,EU,DE,DE-BW,Wangen im Allgäu,False,,,,http://www.fsg-wangen.de/,,Kisslegg
3633,KLBB,medium_airport,Lubbock Preston Smith International Airport,33.663601,-101.822998,3282.0,,US,US-TX,Lubbock,True,KLBB,LBB,LBB,http://www.flylia.com/,https://en.wikipedia.org/wiki/Lubbock_Preston_Smith_International_Airport,
330886,RU-0509,closed,Shapkino Airport,56.037273,43.558402,430.0,EU,RU,RU-NIZ,Troitsa,False,,,,,,
29425,LILA,medium_airport,Alessandria Airport,44.925201,8.62513,299.0,EU,IT,IT-21,Alessandria,False,LILA,,AL03,http://www.aeroclubalessandria.it/,https://it.wikipedia.org/wiki/Aeroporto_di_Alessandria,
347639,US-5158,closed,Toponas Airport,40.05586,-106.79056,8248.0,,US,US-CO,Toponas,False,,,,,,
43427,FR-0087,heliport,Flins Heliport,48.98194504,1.863888979,82.0,EU,FR,FR-IDF,Flins-sur-Seine,False,,,,,,
28658,EDNJ,small_airport,Neuburg-Egweil Airport,48.78194427,11.21527767,1345.0,EU,DE,DE-BY,Neuburg an der Donau,False,EDNJ,,,,,
318995,ZW-0011,small_airport,Hwali Airport,-21.679911,29.218657,,AF,ZW,ZW-MS,Hwali,False,,,,,,
9519,2LL2,small_airport,Weihler Airport,41.31480026,-90.55210114,740.0,,US,US-IL,Sherrard,False,2LL2,,2LL2,,,
44305,UA-0014,closed,Donuzlav Air Base,45.325884,33.050407,37.0,EU,UA,UA-43,Mirnyi,False,,,,,,Аэродром Донузлав
44634,RU-0172,small_airport,Gudron Airfield,51.210999,58.682999,,AS,RU,RU-ORE,Orsk,False,,,,,,Аэродром Гудрон
316648,CZ-0082,small_airport,Borovník,49.3586111,16.2422222,,EU,CZ,CZ-JM,,False,,,,,,
15129,8OK6,closed,Barry Dotson Ranch Airport,35.566799,-94.750198,880.0,,US,US-OK,Marble City,False,,,,,,8OK6
322073,SK-0047,small_airport,Hertník Airstrip,49.2111575,21.2644107,,EU,SK,SK-PV,,False,,,,,,
31201,FOOC,closed,Cocobeach Airport,0.980448,9.571932,69.0,AF,GA,GA-1,Cocobeach,False,FOOC,,,,,
9816,2U0,small_airport,Smith Prairie Airport,43.49850082,-115.5479965,4958.0,,US,US-ID,Prairie,False,2U0,,2U0,,,
15054,8N1,small_airport,Grimes Airport,40.48479843,-76.26360321,582.0,,US,US-PA,Bethel,False,8N1,,8N1,,,
353216,ZA-0254,small_airport,Auchas Airport,-28.33486,16.79609,141.0,AF,ZA,ZA-NC,Auchas,False,,,,,,
8976,23VA,small_airport,Wheatland Airport,37.556894,-78.620181,490.0,,US,US-VA,Buckingham,False,23VA,,23VA,,,
24405,SC07,small_airport,Alan's Airport,33.67580032,-80.9496994,369.0,,US,US-SC,St Matthews,False,SC07,,SC07,,,
328076,KR-0729,heliport,Officia Building Heliport,37.569952,126.974911,,AS,KR,KR-11,Seoul,False,,,,,,Officia
340812,RU-0618,heliport,Dikson Heliport,73.504881,80.535126,,EU,RU,RU-KYA,Dikson,False,,,,,,
332543,MX-1116,small_airport,El Brasil Airport,23.328188,-97.774072,20.0,,MX,MX-TAM,Soto La Marina,False,,,BRX,,,
26863,WMAP,medium_airport,Kluang Airport,2.041389942,103.3069992,150.0,AS,MY,MY-01,Kluang,False,WMAP,,,,https://en.wikipedia.org/wiki/Kluang_Airport,
28628,EDRL,small_airport,Flugplatz Lachen-Speyerdorf,49.330833,8.209722,394.0,EU,DE,DE-RP,Neustadt an der Weinstraße,False,EDRL,,,,,
332511,FR-0362,closed,Base ULM de Fresnoy le Grand,49.947375,3.393068,,EU,FR,FR-HDF,Fresnoy-le-Grand,False,,,,,,
42311,MDSB,closed,Sabana de La Mar Airport,19.061898,-69.385201,15.0,,DO,DO-30,Sabana de La Mar,False,MDSB,,,,https://en.wikipedia.org/wiki/Sabana_de_la_Mar_Airport,SNX
14457,7WA9,heliport,Ocean Beach Hospital Heliport,46.30260086,-124.0429993,25.0,,US,US-WA,Ilwaco,False,7WA9,,7WA9,,,
37951,SWLK,small_airport,Fazenda Conceição Airport,-11.00027847,-58.21527863,1164.0,SA,BR,BR-MT,Juara,False,SWLK,,,,,
11604,4NE3,heliport,Simon Heliport,41.10499954,-100.7440033,2789.0,,US,US-NE,North Platte,False,4NE3,,4NE3,,,
16412,AZ24,heliport,Phoenix Baptist Hospital Heliport,33.52479935,-112.1019974,1174.0,,US,US-AZ,Phoenix,False,AZ24,,AZ24,,,
344571,JP-2154,heliport,Kannai Central Building Helipad,35.44435,139.63692,,AS,JP,JP-14,Yokohama,False,,,,,,
345570,08NR,small_airport,Bell Mountain Airport,35.217541,-82.426,2150.0,,US,US-NC,Zirconia,False,08NR,,08NR,,,
28405,CJD6,seaplane_base,Sand Point Lake Seaplane Base,48.33330154,-92.44999695,1119.0,,CA,CA-ON,,False,CJD6,,CJD6,,,
30799,GFBN,closed,Sherbro International Airport,7.53242,-12.5189,14.0,AF,SL,SL-S,Bonthe,True,GFBN,BTE,,,https://en.wikipedia.org/wiki/Sherbro_International_Airport,Bonthe Airport
32282,WIBS,small_airport,Sungai Pakning Bengkalis Airport,1.370000005,102.1399994,3.0,AS,ID,ID-RI,Bengkalis-Sumatra Island,False,WIBS,SEQ,,,,
324271,KR-0174,heliport,Myeongpa-ri Helipad,38.553311,128.397962,,AS,KR,KR-42,Myeongpa-ri,False,,,,,,Myeongpa-ri
37588,SSNU,small_airport,Santa Isabel Airport,-22.24083328,-48.02500153,2582.0,SA,BR,BR-SP,Brotas,False,SSNU,,,,,
320122,CCS2,heliport,Consort Health Centre Helipad,52.009103,-110.782,2467.0,,CA,CA-MB,Consort,False,CCS2,,CCS2,,,
23418,NY36,heliport,Adirondack Medical Center Heliport,44.3443985,-74.14250183,1594.0,,US,US-NY,Saranac Lake,False,NY36,,NY36,,,
339348,JP-0993,heliport,Nagasihima Heliport,35.07665,136.71137,,AS,JP,JP-24,Kuwana,False,,,,,,
11639,4OH1,small_airport,Sky Haven Airport,41.71699905,-81.10679626,940.0,,US,US-OH,Madison,False,4OH1,,4OH1,,,
335537,SWAX,small_airport,Fazenda Sassapão Airport,-10.748889,-45.845278,2392.0,SA,BR,BR-BA,Formosa do Rio Preto,False,SWAX,,BA0268,,,
38641,YWHI,small_airport,Witchelina Airport,-30.039637,138.058748,489.0,OC,AU,AU-SA,Witchelina,False,YWHI,,,,,
315881,IT-0110,small_airport,Aviosuperficie Dovera,45.380525,9.534974,259.0,EU,IT,IT-25,Dovera (CR),False,,,CR01,,,JFK Dovera
321808,MX-0357,small_airport,El Dury Airport,25.757672,-104.434218,6037.0,,MX,MX-DUR,San Pedro del Gallo,False,,,EDR,,,
17596,GNI,seaplane_base,Grand Isle Seaplane Base,29.262699,-89.961197,0.0,,US,US-LA,Grand Isle,False,KGNI,,GNI,,https://en.wikipedia.org/wiki/Grand_Isle_Seaplane_Base,
308232,IR-0016,small_airport,Khāsh Airport,28.239227,61.180453,,AS,IR,IR-11,Khash,False,,,OIZK,,,
2605,EPCE,medium_airport,Cewice Air Base,54.416,17.7633,495.0,EU,PL,PL-PM,Lębork,False,EPCE,,,,,
17690,IA11,small_airport,Too Short Airport,41.29389954,-93.66549683,980.0,,US,US-IA,Indianola,False,IA11,,IA11,,,
344217,US-3964,heliport,Kleinman's Heliport,40.898342,-73.518553,8.0,,US,US-NY,Centre Island,False,35NY,,35NY,,,
326803,GB-0555,small_airport,Brown Shutters Farm Airstrip,51.311381,-2.308502,400.0,EU,GB,GB-ENG,,False,,,,,,
37919,SWJC,small_airport,Jaciara Airport,-15.97166729,-54.96861267,1198.0,SA,BR,BR-MT,Jaciara,False,SWJC,,,,,
9374,2F2,closed,Circle U Heliport,43.491402,-82.623595,729.0,,US,US-MI,Carsonville,False,,,,,,2F2
39231,SCNR,closed,Fundo Naicura Airport,-34.320278,-70.92028,1050.0,SA,CL,CL-LI,Rengo,False,,,,,,SCNR
310097,64DE,heliport,Bayhealth Medical Center Heliport,39.151375,-75.524167,50.0,,US,US-DE,Dover,False,64DE,,64DE,,,
336573,BR-1143,heliport,Haras Bella Vista Heliport,-22.632035,-47.843238,1739.0,SA,BR,BR-SP,São Pedro,False,,,,,,SJEC
350033,US-5837,closed,North Shore Medical Center Heliport,25.85872,-80.21344,5.0,,US,US-FL,Miami,False,,,,,,
38600,YTEC,small_airport,Tenneco Station Three Airport,-30.33670044,139.6649933,,OC,AU,AU-SA,,False,YTEC,,,,,
329104,MX-0832,small_airport,Cuestecitas Airport,22.773537,-98.050343,121.0,,MX,MX-TAM,Aldama,False,,,CSS,,,
352825,AU-0411,small_airport,Bowral private airstrip,-34.511353,150.423915,,OC,AU,AU-NSW,Bowral,False,,,,,,
354840,LZG,medium_airport,Langzhong Gucheng Airport,31.50191,106.034417,1444.0,AS,CN,CN-51,Nanchong (Langzhong),True,,LZG,,,https://en.wikipedia.org/wiki/Langzhong_Airport,
35791,SDWS,heliport,West Gate Heliport,-23.503225,-46.848781,2694.0,SA,BR,BR-SP,Barueri,False,SSAW,,SP0743,,,SDWS
15657,9B8,small_airport,Salmon River Airfield,41.589262,-72.44246,540.0,,US,US-CT,Marlborough,False,,,9B8,,,
26833,WAHL,medium_airport,Tunggul Wulung Airport,-7.64506,109.033997,69.0,AS,ID,ID-JT,Cilacap-Java Island,True,WAHL,CXP,,,https://en.wikipedia.org/wiki/Tunggul_Wulung_Airport,"WIIL, WIHL"
43277,LEJU,small_airport,La Juliana Airport,37.29499817,-6.162499905,148.0,EU,ES,ES-AN,Sevilla,False,LEJU,,,,,
31250,FVMK,small_airport,Mkonono Airport,-17.71699905,30.41699982,4650.0,AF,ZW,ZW-MW,Mkonono,False,FVMK,,,,,
327959,KR-0677,heliport,T Tower Heliport,37.554245,126.975612,,AS,KR,KR-11,Seoul,False,,,,,,T Tower
317814,IT-0216,small_airport,Aviosuperficie L'Aquila,42.300878,13.517175,1873.0,EU,IT,IT-65,Poggio Picenze (AQ),False,,,AQAQU,http://www.aeroclublaquila.it/,,"LI50,AQ10,aviosuperficie,laquila,aquila,fossa,poggiopicenze,aeroclublaquila,avio"
311010,DE-0113,small_airport,Blexen Airfield,53.5383,8.5388,4.0,EU,DE,DE-NI,Blexen,False,EDWT,,,http://www.wlv-blexen.de/flugplatz/,,
316207,CZ-0065,small_airport,Jiřičky UL,49.552222,15.155556,1683.0,EU,CZ,CZ-VY,Jiřičky,False,,,,,,LKZE
322318,US-0452,small_airport,McBee Field,32.757417,-96.057222,543.0,,US,US-TX,Wills Point,False,2TS9,,2TS9,,,
5553,RJDA,small_airport,Amakusa Airport,32.482498,130.158997,340.0,AS,JP,JP-43,Amakusa,True,RJDA,AXJ,,,https://en.wikipedia.org/wiki/Amakusa_Airfield,
12351,5FL3,heliport,Hospital Brandon Helistop,27.932905,-82.288778,64.0,,US,US-FL,Brandon,False,5FL3,,5FL3,,,
2336,EFPO,medium_airport,Pori Airport,61.4617,21.799999,44.0,EU,FI,FI-17,Pori,True,EFPO,POR,,http://www.finavia.fi/en/pori/,https://en.wikipedia.org/wiki/Pori_Airport,
26844,WIOK,medium_airport,Rahadi Osman Airport,-1.81664,109.962997,46.0,AS,ID,ID-KB,Ketapang,True,WIOK,KTG,,,https://en.wikipedia.org/wiki/Rahadi_Osman_Airport,"Ketapang, Rahadi Usman"
339556,US-2844,heliport,Taku Lake North Helispot,58.096621,-134.036427,,,US,US-AK,Juneau,False,,,,,,
341029,US-3110,heliport,Cal Fire Bieber Helitack Base,41.12331,-121.13534,,,US,US-CA,Bieber,False,,,BBR,,,
26194,XA69,heliport,Shelton Private Heliport,32.33610153,-97.9693985,1070.0,,US,US-TX,Tolar,False,XA69,,XA69,,,
356101,SI7R,small_airport,Fazenda San Antônio Airstrip,-14.353427,-57.920433,2221.0,SA,BR,BR-MT,Tangará da Serra,False,SI7R,,MT0847,,,
24119,PN09,heliport,Charles Cole Memorial Hospital Heliport,41.77170181,-77.97969818,1753.0,,US,US-PA,Coudersport,False,PN09,,PN09,,,
13443,6NK,small_airport,Syracuse Suburban Airport,43.26499939,-76.17810059,400.0,,US,US-NY,Syracuse,False,6NK,,6NK,,https://en.wikipedia.org/wiki/Syracuse_Suburban_Airport,
24754,TA46,small_airport,Baum Airport,32.56259918,-96.40110016,500.0,,US,US-TX,Kaufman,False,TA46,,TA46,,,
13588,6VA4,small_airport,Summit Airport,37.284355,-80.068882,1030.0,,US,US-VA,Salem,False,6VA4,,6VA4,,,Trussmark Airport
8495,1MT7,small_airport,Prill Field,47.42110062,-111.1589966,3420.0,,US,US-MT,Sand Coulee,False,1MT7,,1MT7,,,
43484,FR-0144,heliport,Donville-Les-Bains Heliport,48.86633301,-1.575721979,33.0,EU,FR,FR-NOR,Donville-Les-Bains,False,,,,,,
6234,SPRM,small_airport,Capitán FAP Leonardo Alvariño Herr Airport,-11.12860012,-75.35050201,2600.0,SA,PE,PE-JUN,San Ramón,False,SPRM,,,,,
1159,CKA8,small_airport,St. François Xavier Airport,49.92440033,-97.54889679,798.0,,CA,CA-MB,St. François Xavier,False,CKA8,,CKA8,,https://en.wikipedia.org/wiki/St._Fran%C3%A7ois_Xavier_Airport,KA8
38465,YMED,small_airport,Menindee Airport,-32.366699,142.404999,,OC,AU,AU-NSW,Menindee,False,YMED,,,,,
314697,AU-0084,heliport,Brisbane Water Police Helipad,-27.40104,153.16415,5.0,OC,AU,AU-QLD,Brisbane,False,,,OZHAW,,,BNWP
321077,RK0A,heliport,H 173A Heliport,37.911791,126.878977,1158.0,AS,KR,KR-41,Neulno-ri,False,,,RK0A,,,H-173A
317487,BW-0005,small_airport,Serondella Airport,-17.8386,25.031484,3070.0,AF,BW,BW-CH,Serondela,False,,,,,,
46146,RU-0318,closed,Sokol Air Base,51.284,58.605,,EU,RU,RU-ORE,Orsk,False,,,,,,Аэродром Сокол
9676,2OI2,small_airport,Air Jordan Airport,39.56110001,-84.05190277,920.0,,US,US-OH,Waynesville,False,2OI2,,2OI2,,,
337742,SJLR,heliport,Cambiju Heliport,-25.246976,-49.918208,3330.0,SA,BR,BR-PR,Ponta Grossa,False,SJLR,,PR0121,,,
354960,US-6852,small_airport,Warren Airport,34.36688,-116.53189,3087.0,,US,US-CA,Landers,False,,,,,,
20738,KOLE,small_airport,Cattaraugus County-Olean Airport,42.24119949,-78.37139893,2135.0,,US,US-NY,Olean,False,KOLE,,OLE,,,
346296,BY-0033,small_airport,Stepanovo Airstrip,53.32445,31.58792,,EU,BY,BY-MA,,False,,,,,,
15957,9TA0,closed,Aero Heliport,30.4501,-97.663902,800.0,,US,US-TX,Pflugerville,False,9TA0,,9TA0,,,
27610,YGWA,small_airport,Goolwa Airport,-35.480085,138.744267,32.0,OC,AU,AU-SA,Goolwa,False,YGWA,,,,https://en.wikipedia.org/wiki/Goolwa_Airport,
343661,JP-1838,heliport,PIAS Tower Helipad,34.70961,135.4975,,AS,JP,JP-27,Osaka,False,,,,,,
339506,JP-1019,heliport,Prefectural Mutual Aid Building Helipad,35.453071,139.630952,,AS,JP,JP-14,Yokohama,False,,,,,,
352662,US-6467,closed,Skyport Airport,40.24521,-76.9864,404.0,,US,US-PA,Harrisburg,False,,,,,,
1842,CYPA,medium_airport,Prince Albert Glass Field,53.21419907,-105.6729965,1405.0,,CA,CA-SK,Prince Albert,True,CYPA,YPA,,,https://en.wikipedia.org/wiki/Prince_Albert_(Glass_Field)_Airport,
352587,AU-0374,small_airport,private airfield,-28.526604,114.634684,,OC,AU,AU-WA,Howatharra,False,,,,,,
15772,9KS3,heliport,Kake Helistop,37.71030045,-97.38839722,1330.0,,US,US-KS,Wichita,False,9KS3,,9KS3,,,
23832,OL05,small_airport,Skydive Oregon Airport,45.14619827,-122.6179962,360.0,,US,US-OR,Molalla,False,OL05,,OL05,,,
15690,9F5,heliport,Tcjc-South Campus Heliport,32.6637001,-97.28639984,663.0,,US,US-TX,Fort Worth,False,9F5,,9F5,,,
39483,SLBT,small_airport,Buen Retiro Ballivian Airport,-13.89999962,-66.55000305,886.0,SA,BO,BO-B,Ballivian,False,SLBT,,,,,
42509,BR-0012,closed,Maisa Airport,-5.02254,-37.5159,262.0,SA,BR,BR-RN,Mossoró,False,,,,,,SNOO
39717,CA-0071,closed,Cabin Creek Airport,53.75,-118.3333359,,,CA,CA-AB,,False,,,,,,
36245,SISD,small_airport,Fazenda São Sebastião Airport,-18.14522,-51.273805,1982.0,SA,BR,BR-GO,Aparecida Do Rio Doce,False,SISD,,GO0054,,,
347558,US-5121,closed,National Parachute Test Range - Superstition Airfield,32.92009,-115.85875,82.0,,US,US-CA,Imperial,False,,,,,,
318851,MZ-0011,small_airport,Baixo Pinda Airport,-14.210912,40.696848,,AF,MZ,MZ-N,Nanatha,False,,,,,,
323168,9AL8,heliport,North Mississippi Medical Center-Hamilton Heliport,34.127194,-87.9908334,441.0,,US,US-AL,Hamilton,False,9AL8,,9AL8,,,
319509,IT-0308,closed,"Campo di Volo ""Le Risare""",45.574906,11.84464,78.0,EU,IT,IT-34,Campo San Martino (PD),False,,,PDCSM,,,Le Risare
355381,US-6899,closed,Biels and Lake Meade Airport,39.99949,-77.04074,542.0,,US,US-PA,East Berlin,False,,,,,,
8540,1NJ6,heliport,Idylease Helistop,41.054483,-74.431959,525.0,,US,US-NJ,Newfoundland,False,1NJ6,,1NJ6,,,
16481,AZ94,heliport,Biltmore Golf Course Heliport,33.52140045,-112.0199966,1240.0,,US,US-AZ,Phoenix,False,AZ94,,AZ94,,,
1802,CYLK,medium_airport,Lutselk'e Airport,62.418303,-110.681998,596.0,,CA,CA-NT,Lutselk'e,True,CYLK,YSG,,,https://en.wikipedia.org/wiki/Lutselk'e_Airport,"YLK, EL3, Snowdrift Airport"
354931,CN-0352,small_airport,Old Runway,40.694827,89.075604,,AS,CN,CN-65,,False,,,,,,
35053,LT-9517,closed,Paliepiai Air Base,55.321701,23.52,354.0,EU,LT,LT-KU,Kedainiai,False,,,,,https://en.wikipedia.org/wiki/Paliepiai,
300550,RK8G,heliport,N 203 Helipad,37.080654,125.948339,231.0,AS,KR,KR-28,Baega-ri,False,,,RK8G,,,RK8G; Baega; N 203; N-203
330397,CF-0007,small_airport,Ouandjia Sam Airport,8.524158,23.240274,2625.0,AF,CF,CF-HK,Ouandja,False,,,,,,
21894,MD49,heliport,Peninsula Regional Medical Center Heliport,38.362299,-75.597324,79.0,,US,US-MD,Salisbury,False,MD49,,MD49,,,
299244,cla5,small_airport,Lethbridge / Anderson Field,49.65694444,-112.7727778,3020.0,,CA,CA-AB,Lethbridge,False,CLA5,,,,,
822,CDU9,closed,Dunnville Airport,42.87220001,-79.59580231,600.0,,CA,CA-ON,Dunnville,False,CDU9,,CDU9,,https://en.wikipedia.org/wiki/Dunnville_Airport,"DU9, BCATP"
23661,OH98,closed,Lyttle Airport,40.0495,-82.788201,1050.0,,US,US-OH,New Albany,False,,,,,,OH98
3976,LBPD,medium_airport,Plovdiv International Airport,42.067799,24.8508,597.0,EU,BG,BG-16,Plovdiv,True,LBPD,PDV,,http://www.plovdivairport.com/,https://en.wikipedia.org/wiki/Plovdiv_International_Airport,
336421,US-1781,heliport,Sterling International Towers Helipad,34.066623,-118.428277,,,US,US-CA,Los Angeles,False,,,,,,
11104,44VA,small_airport,Big Hill Airport,37.73120117,-79.811203,1620.0,,US,US-VA,Eagle Rock,False,44VA,,44VA,,,
45308,CN06,heliport,Sonoma Raceway Heliport Pad 2,38.155081,-122.450692,110.0,,US,US-CA,Sonoma,False,CN06,,CN06,,,
309705,YXMK,heliport,Macksville Park Helicopter Landing Site,-30.7104,152.9213,9.0,OC,AU,AU-NSW,Macksville,False,YXMK,,YXMK,,,
8447,1MD9,heliport,Washington County Hospital Heliport,39.63729858,-77.71469879,589.0,,US,US-MD,Hagerstown,False,1MD9,,1MD9,,,
28053,YWKM,small_airport,Wyalkatchem Airport,-31.2026341,117.3788738,,OC,AU,AU-WA,Wyalkatchem,False,YWKM,,,,,
8752,1XA1,small_airport,Sky Acres Airport,33.64770126,-97.82900238,1070.0,,US,US-TX,Bowie,False,1XA1,,1XA1,,,
41085,SK-366,small_airport,Payán Airport,1.8,-78.166667,97.0,SA,CO,CO-NAR,Payán,False,,,PYN,,,
2645,ESCM,small_airport,Uppsala Airport,59.89730072,17.58860016,68.0,EU,SE,SE-C,,False,ESCM,,,,https://en.wikipedia.org/wiki/%C3%84rna,
14260,7N6,small_airport,Grenora Centennial Airport,48.62559891,-103.9300003,2145.0,,US,US-ND,Grenora,False,7N6,,7N6,,,
342199,IN-0281,heliport,Surtok Heliport,33.96645,78.41945,13944.0,AS,IN,IN-JK,"Surtok, Ladakh",False,,,,,,
27027,YKRY,medium_airport,Kingaroy Airport,-26.581077,151.839927,1492.0,OC,AU,AU-QLD,,False,YKRY,KGY,,,,
35934,SIEI,closed,8º Batalhão da Polícia Militar Heliport,-26.306389,-48.860001,98.0,SA,BR,BR-SC,Joinville,False,,,,,,SIEI
37767,SSZH,small_airport,Fazenda Procomp I Airport,-23.64611053,-54.71472168,928.0,SA,BR,BR-MS,Tacuru,False,SSZH,,,,,
12441,5KY2,closed,Larkins Farm Airport,36.851101,-88.926903,390.0,,US,US-KY,Bardwell,False,,,,,,5KY2
313719,MX-0039,small_airport,Puerto Adolfo López Mateos Airstrip,25.19709,-112.11385,6.0,,MX,MX-BCS,Comondú,False,,,MTB,,https://en.wikipedia.org/wiki/Puerto_Adolfo_L%C3%B3pez_Mateos_Airstrip,Matancitas Airport
340731,JP-1285,closed,Matsuyama Baishinji Airfield,33.876389,132.704722,,AS,JP,JP-38,Matsuyama,False,,,,,,
351946,OM-0029,heliport,Ramlet Khelah Border Post Heliport,22.23992,55.55033,266.0,AS,OM,OM-ZA,Ramlet Khelah,False,,,,,,
343732,PH-0367,heliport,Pacific Plaza Towers South Helipad,14.54746,121.04501,,AS,PH,PH-00,Taguig,False,,,,,,
318653,TZ-0091,small_airport,Mashado Airport,-5.470712,38.955266,200.0,AF,TZ,TZ-25,Pangani,False,,,,,,
332886,GB-0699,small_airport,Drayton Hone Farm Airstrip,52.4087,-0.596,,EU,GB,GB-ENG,"Lowick, Slipton",False,,,,,,
684,CBG8,heliport,Prince George (Pacific Western Helicopters) Heliport,53.87752332,-122.76667,1940.0,,CA,CA-BC,Prince George,False,CBG8,,CBG8,,,BG8
340746,JP-1299,closed,Toko Gliderfield,35.738889,139.403889,,AS,JP,JP-13,Musashimurayama,False,,,,,,
16170,AK76,small_airport,East Alsek River Airport,59.126338,-138.409216,20.0,,US,US-AK,Yakutat,False,AK76,,AK76,,,
24358,RI25,heliport,Rhode Island Hospital Heliport,41.810191,-71.409504,22.0,,US,US-RI,Providence,False,RI25,,RI25,,,
6299,SVMG,medium_airport,Del Caribe Santiago Mariño International Airport,10.91260338,-63.96659851,74.0,SA,VE,VE-O,Isla Margarita,True,SVMG,PMV,,,https://en.wikipedia.org/wiki/Del_Caribe_International_General_Santiago_Marino_Airport,
27223,ZSPD,large_airport,Shanghai Pudong International Airport,31.1434,121.805,13.0,AS,CN,CN-31,Shanghai (Pudong),True,ZSPD,PVG,,https://www.shanghaiairport.com/index.html,https://en.wikipedia.org/wiki/Shanghai_Pudong_International_Airport,
43303,LETV,heliport,Tirviá Heliport,42.51879883,1.242310047,3150.0,EU,ES,ES-CT,Tirvia,False,LETV,,,,,
22410,MT12,closed,Smith Field,45.938499,-112.564003,6000.0,,US,US-MT,Butte,False,,,,,,MT12
23203,NK77,heliport,Niagara Falls Memorial Parking Ramp Heliport,43.09389877,-79.05120087,670.0,,US,US-NY,Niagara Falls,False,NK77,,NK77,,,
14610,83NE,closed,Abbott Airport,42.322943,-99.755845,2560.0,,US,US-NE,Long Pine,False,,,,,,83NE
9927,30M,small_airport,Ralph M Sharpe Airport,34.6589,-90.3763,195.0,,US,US-MS,Tunica,False,30M,,30M,,https://en.wikipedia.org/wiki/Ralph_M._Sharpe_Airport,
351146,6MT4,seaplane_base,Brown Cabin Seaplane Base,48.038069,-115.091325,3340.0,,US,US-MT,Libby,False,6MT4,,6MT4,,,
43221,BGQE,heliport,Qeqertaq Heliport,69.995861,-51.300917,69.0,,GL,GL-U-A,Qeqertaq,True,BGQE,PQT,QQT,,https://en.wikipedia.org/wiki/Qeqertaq_Heliport,
15611,99IN,closed,Bee-Acre Farm Strip,40.206104,-86.100501,885.0,,US,US-IN,Atlanta,False,,,,,,99IN
339833,US-2948,closed,Moulton Farms Airport,38.24688,-88.44108,379.0,,US,US-IL,Wayne City,False,,,,,,
4837,MUGM,medium_airport,Leeward Point Field,19.9065,-75.2071,56.0,,CU,CU-14,Guantanamo Bay Naval Station,False,MUGM,NBW,,,https://en.wikipedia.org/wiki/Leeward_Point_Field,"Gitmo, Leeward Point Fld"
4037,LESO,medium_airport,San Sebastián Airport,43.356499,-1.79061,16.0,EU,ES,ES-PV,Hondarribia,True,LESO,EAS,,https://www.aena.es/en/san-sebastian.html,https://en.wikipedia.org/wiki/San_Sebasti%C3%A1n_Airport,
8802,20NE,heliport,Bryan Memorial Hospital Heliport,40.79610062,-96.65219879,1186.0,,US,US-NE,Lincoln,False,20NE,,20NE,,,
26555,VIDP,large_airport,Indira Gandhi International Airport,28.55563,77.09519,777.0,AS,IN,IN-DL,New Delhi,True,VIDP,DEL,,http://www.newdelhiairport.in/,https://en.wikipedia.org/wiki/Indira_Gandhi_International_Airport,Palam Air Force Station
29391,ESVQ,small_airport,Köping/Gålby flygfält,59.5275,15.9697,,EU,SE,SE-U,Köping,False,ESVQ,,,,,
11998,54II,small_airport,Caldwell Field,40.62450027,-86.15529633,800.0,,US,US-IN,Bunker Hill,False,54II,,54II,,,
332400,BR-0510,small_airport,Fazenda Vó Zita do Rio Vermelho Airport,-19.615035,-56.88113,312.0,SA,BR,BR-MS,Corumbá,False,SDRZ,,MS0051,,,
20113,KHZE,small_airport,Mercer County Regional Airport,47.28990173,-101.5810013,1814.0,,US,US-ND,Hazen,False,KHZE,,HZE,,https://en.wikipedia.org/wiki/Mercer_County_Regional_Airport,
20675,KO11,small_airport,Painting Planes Airport,35.757,-94.649902,1084.0,,US,US-OK,Stilwell,False,,,1PP,,,"O11, Stilwell Cherokee Nation Airport"
2552,EKRN,medium_airport,Bornholm Airport,55.06330109,14.75959969,52.0,EU,DK,DK-84,Rønne,True,EKRN,RNN,,http://www.bornholms-lufthavn.dk/en/,https://en.wikipedia.org/wiki/Bornholm_Airport,Roenne
39018,AR-0343,heliport,Sol De Agosto Heliport,-34.5331,-58.9714,32.0,SA,AR,AR-B,Lujan,False,,,HAG,,,
18155,IN86,small_airport,Wilson Airport,41.28030014,-86.63200378,714.0,,US,US-IN,Knox,False,IN86,,IN86,,,
11497,4KY2,heliport,Manchester Memorial Hospital Heliport,37.16249847,-83.76190186,935.0,,US,US-KY,Manchester,False,4KY2,,4KY2,,,
343973,JP-1935,closed,Oi Airfield,34.77114,138.14585,591.0,AS,JP,JP-22,Makinohara,False,,,,,,
328853,MX-0786,small_airport,Hacienda Cuajomulco Airport,28.371017,-100.913062,1388.0,,MX,MX-COA,Morelos,False,,,CML,,,
2440,EGNE,small_airport,Retford Gamston Airport,53.2806015,-0.951389015,91.0,EU,GB,GB-ENG,Gamston,False,EGNE,,,http://www.gamstonairport.co.uk/,https://en.wikipedia.org/wiki/Retford_Gamston_Airport,RAF Gamston
346943,RU-0734,small_airport,Nikolayevka Airport,53.05188,158.31899,,EU,RU,RU-KAM,Nikolayevka,False,,,,,,UPAK
24887,TE79,heliport,Hig Heliport,32.99570084,-96.9292984,455.0,,US,US-TX,Carrollton,False,TE79,,TE79,,,
30804,UWSB,medium_airport,Balakovo Airport,51.85829926,47.74560165,95.0,EU,RU,RU-SAR,Balakovo,True,UWSB,BWO,,,https://en.wikipedia.org/wiki/Balakovo_Airport,"Malaya Bykovka Airport, Аэропорт Балаково, Аэропорт Малая Быковка"
335972,AW-0002,closed,Cascabel Airfield,12.454544,-69.887499,,,AW,AW-U-A,San Nicolas,False,,,,,,
25533,VT37,heliport,Windsor Armory Heliport,43.47090149,-72.40370178,400.0,,US,US-VT,Windsor,False,VT37,,VT37,,,
3675,KMEM,large_airport,Memphis International Airport,35.04240036,-89.97669983,341.0,,US,US-TN,Memphis,True,KMEM,MEM,MEM,,https://en.wikipedia.org/wiki/Memphis_International_Airport,
44345,RU-0109,small_airport,ObGES Airfield,54.87400055,82.98300171,,AS,RU,RU-NVS,Novosibirsk,False,,,,,,"Ob-GES Airfield, Аэродром ОбьГЭС, Аэродром Обь-ГЭС"
42837,AR-0415,small_airport,Estancia Santa Romana Airport,-33.753334,-65.246391,1548.0,SA,AR,AR-D,Mercedes,False,,,MSR,,,
353969,TR-0026,heliport,Delphin Heliport,36.865983,30.875364,7.0,AS,TR,TR-07,Antalya,False,,,,,,"delphin, helipad, antalya"
15633,99WA,heliport,Providence Medical Plaza Heliport,46.596206,-120.52223,1134.0,,US,US-WA,Yakima,False,99WA,,99WA,,,
328363,BR-0326,small_airport,Guatambu São Paulo Airport,-23.621055,-48.510232,2182.0,SA,BR,BR-SP,São Paulo,False,SIAB,,SP0170,,,
13491,6OR2,small_airport,Chenoweth Airpark,45.610661,-121.279282,609.0,,US,US-OR,The Dalles,False,6OR2,,6OR2,,,
309186,YXBA,heliport,Ballina - Kingsford Smith Park Helipad,-28.8692,153.5713,17.0,OC,AU,AU-NSW,Ballina,False,YXBA,,YXBA,,,
31137,FLCC,small_airport,Chocha Airport,-8.428730011,29.80590057,3270.0,AF,ZM,ZM-05,Chocha,False,FLCC,,,,,
338699,US-2368,closed,Clark Dry Lake Naval Auxiliary Airfield,33.33427,-116.28769,,,US,US-CA,Borrego Springs,False,,,,,,
12413,5IN9,small_airport,Stangland Airport,41.315804,-85.464878,924.0,,US,US-IN,Wolflake,False,5IN9,,5IN9,,,
813,CDJ5,small_airport,Strathmore (D.J. Murray) Airport,51.133146,-113.55996,3150.0,,CA,CA-AB,Lyalta,False,CDJ5,,CDJ5,,https://en.wikipedia.org/wiki/Strathmore_(D.J._Murray)_Airport,DJ5
336907,US-1923,small_airport,White Shark Landing Strip,31.22843,-103.60704,2710.0,,US,US-TX,Pecos,False,,,,,,
28262,CJA9,seaplane_base,Hudson Seaplane Base,50.099998,-92.166702,1171.0,,CA,CA-ON,,False,CJA9,,CJA9,,https://en.wikipedia.org/wiki/Hudson_Water_Aerodrome,JA9
44163,CN-0085,medium_airport,Xiaogan Air Base,30.95359,113.911774,,AS,CN,CN-42,Xiaogan,False,,,,,,
3728,KNHK,medium_airport,Patuxent River Naval Air Station (Trapnell Field),38.285999,-76.411797,39.0,,US,US-MD,Patuxent River,False,KNHK,NHK,NHK,,https://en.wikipedia.org/wiki/Naval_Air_Station_Patuxent_River,
302208,CPI,small_airport,Cape Orford Airport,-5.448333333,152.0819444,20.0,OC,PG,PG-EBR,,False,,CPI,COF,,,
22665,N15,small_airport,Kingston Airport,39.2030983,-117.064003,5950.0,,US,US-NV,Kingston,False,N15,,N15,,https://en.wikipedia.org/wiki/Kingston_Airport_(Nevada),
39315,SCVS,small_airport,Lago Vargas Airport,-47.679513,-73.071039,56.0,SA,CL,CL-AI,Cochrane,False,SCVS,,,,,
10063,33OH,small_airport,Sunset Strip,40.18529892,-83.17359924,945.0,,US,US-OH,Jerome,False,33OH,,33OH,,,
40508,VE-0159,heliport,Planta Sisor II  Heliport,8.239999771,-62.8666687,366.0,SA,VE,VE-F,Puerto Ordaz,False,,,,,,
659,CBA9,small_airport,Ospika Airport,56.27500153,-124.052002,2300.0,,CA,CA-BC,Ospika,False,CBA9,,CBA9,,https://en.wikipedia.org/wiki/Ospika_Airport,BA9
14189,7LA1,small_airport,Birdwin Airport,29.45829964,-89.67590332,2.0,,US,US-LA,Port Sulphur,False,7LA1,,7LA1,,,
45107,CO-0006,heliport,Centro Administrativo Municipal Heliport,3.456389,-76.536944,,SA,CO,CO-VAC,Cali,False,,,CEA,,,
324279,MX-0540,small_airport,Campo La Primavera Airport,24.714586,-107.415919,115.0,,MX,MX-SIN,Culiacan,False,,,CPV,,,
344896,JP-2260,heliport,I-Mark Tower Helipad,35.66439,139.78326,,AS,JP,JP-13,"Chuo, Tokyo",False,,,,,,
17830,ID53,heliport,Minidoka Memorial Hospital Heliport,42.62099838,-113.685997,4156.0,,US,US-ID,Rupert,False,ID53,,ID53,,,
37673,SSUC,small_airport,Fazenda Aurora II Airport,-21.49111176,-53.20388794,1194.0,SA,BR,BR-MS,Ribas Do Rio Pardo,False,SSUC,,,,,
338304,US-2216,small_airport,Ridenhower Ranch Airport,30.290533,-100.022128,,,US,US-TX,Junction,False,,,,,,
318879,MX-0150,small_airport,La Burra Airport,28.06394,-100.16332,700.0,,MX,MX-COA,Guerrero,False,,,LUA,,,
17493,GA2,small_airport,Peach State Aerodrome,33.183534,-84.377997,926.0,,US,US-GA,Williamson,False,,,GA2,https://www.peachstateaero.com/,https://en.wikipedia.org/wiki/Peach_State_Airport,"Alexander Memorial Airport, Peach State Airport, Candler Field, Antique Acres"
340944,US-3064,closed,Crockett and Gambogy Ranch Airport,35.9425,-119.5915,,,US,US-CA,Corcoran,False,,,,,,
331321,GB-0609,balloonport,Black Horse Ballooning Club,51.710142,-0.712451,,EU,GB,GB-ENG,"Great Missenden, Bucks",False,,,,https://www.bhbc.club,,
15471,95TS,small_airport,Rob Airport,33.23080063,-98.48970032,1310.0,,US,US-TX,Loving,False,95TS,,95TS,,,
17114,DDT,small_airport,Duffys Tavern Airport,62.724602,-143.921005,2420.0,,US,US-AK,Slana,False,PADT,,DDT,,,AK31
19246,KAFJ,small_airport,Washington County Airport,40.136501,-80.290199,1184.0,,US,US-PA,Washington,False,KAFJ,WSG,AFJ,,https://en.wikipedia.org/wiki/Washington_County_Airport_(Pennsylvania),
320635,DE-0358,small_airport,Flugplatz Burgheim,48.692206,11.033122,1332.0,EU,DE,DE-BY,Burgheim LKrs Neuburg,False,,,,,,
43185,PL-0062,small_airport,Lotnisko Watorowo,53.296669,18.41333,299.0,EU,PL,PL-KP,Chełmno,False,EPWT,,,,,
2446,EGNR,medium_airport,Hawarden Airport,53.178101,-2.97778,45.0,EU,GB,GB-WLS,Hawarden,False,EGNR,CEG,,,https://en.wikipedia.org/wiki/Hawarden_Airport,Chester
351561,IR-0053,heliport,Pasabandar Heliport,25.06605,61.40658,82.0,AS,IR,IR-11,Pasabandar,False,,,,,,
40271,SVQP,small_airport,Miquelon Airport,9.050000191,-71.36805725,18.0,SA,VE,VE-V,,False,SVQP,,,,,
325188,MX-0575,small_airport,La Coma Airport,23.041987,-98.107789,591.0,,MX,MX-TAM,Aldama,False,,,LKA,,,
11097,44PA,small_airport,Pennfield Farm Airport,40.85010147,-77.61640167,1200.0,,US,US-PA,Spring Mills,False,44PA,,44PA,,,
324508,PL-0132,small_airport,Zyzdrojowa Wola,53.657473,21.277417,450.0,EU,PL,PL-WN,Zyzdrojowa Wola,False,,,,,,
323311,KR-0053,heliport,C 149 Heliport,37.396095,126.898506,172.0,AS,KR,KR-41,Anyang,False,,,RK1S,,,
36,SA29,small_airport,Choele Choel Airport,-39.28639984,-65.61029816,642.0,SA,AR,AR-R,Choele Choel,False,SA29,,OEL,,,SA29
29272,ENQC,heliport,Troll C Platform,60.885799,3.60972,,EU,NO,NO-XX,,False,ENQC,,,,,
344319,US-4035,small_airport,Yellow Pine Bar Airport,45.54082,-115.25379,,,US,US-ID,Elk City,False,,,,,,
309363,YBYL,small_airport,Baryulgil Airstrip,-29.21829,152.61611,422.0,OC,AU,AU-NSW,Baryulgil,False,YBYL,,,,,
322493,US-0481,small_airport,Postoak Airport,31.301419,-98.224372,1120.0,,US,US-TX,Lampasas,False,76TA,,76TA,,,
337820,PH-0245,heliport,Monde Nissin Helipad,14.290169,121.101404,115.0,AS,PH,PH-LAG,Santa Rosa,False,,,,,,
36121,SIMV,small_airport,Fazenda Mata Velha Airport,-19.838343,-47.849836,2733.0,SA,BR,BR-MG,Uberaba,False,SIMV,,MG0104,,,
328243,PL-0158,small_airport,Konary Airstrip,52.287427,20.277461,,EU,PL,PL-MZ,Brochow,False,,,,,,EPBH
22763,NC20,small_airport,Canaan Air Base,35.08727264,-77.16246796,33.0,,US,US-NC,New Bern,False,NC20,,NC20,,,
15615,99LA,small_airport,Lawson Field,30.2894001,-92.38899994,25.0,,US,US-LA,Crowley,False,99LA,,99LA,,,
13478,6OI9,heliport,Red Roof Inns Heliport,40.05009842,-83.12709808,873.0,,US,US-OH,Columbus,False,6OI9,,6OI9,,,
18326,K06U,small_airport,Jackpot Airport/Hayden Field,41.97600174,-114.6579971,5213.0,,US,US-NV,Jackpot,False,06U,KPT,06U,,https://en.wikipedia.org/wiki/Jackpot_Airport,
13319,6JY8,heliport,Cablevision Bethpage Heliport,40.75939941,-73.49690247,142.0,,US,US-NY,Bethpage,False,6JY8,,6JY8,,,
334883,PH-0170,heliport,Rizal Tower Helipad,14.564376,121.035087,,AS,PH,PH-00,Makati,False,,,,,,
30658,FTTI,small_airport,Ati Airport,13.239778,18.315893,1089.0,AF,TD,TD-BA,Ati,False,FTTI,ATV,,,https://en.wikipedia.org/wiki/Ati_Airport,
1233,CKS9,small_airport,Shepherd's Landing Airport,44.11750031,-81.69830322,675.0,,CA,CA-ON,Kincardine,False,CKS9,,CKS9,,https://en.wikipedia.org/wiki/Kincardine/Shepherd's_Landing_Airport,KS9
339438,US-2741,heliport,Defense Fuel Support Point San Pedro Helipad,33.7772,-118.29759,,,US,US-CA,San Pedro,False,,,,,,
44322,RU-0097,small_airport,Oktyabrskiy Airfield,44.64500046,40.22200012,,EU,RU,RU-AD,Maykop,False,,,,,,"Oktyabrsky Airfield, Аэродром Октябрьский"
42522,OINI,closed,Ghaem Shahr Airport,36.466667,52.866669,,AS,IR,IR-02,Ghaem Shahr,False,OINI,,,,,
349458,IR-0036,small_airport,Fath Airport,35.7154,50.93407,3947.0,AS,IR,IR-30,Fardis,False,,,,,,
315921,PL-0079,closed,Lotnisko Turośń Kościelna,53.003022,23.057806,,EU,PL,PL-PD,,False,,,,,https://pl.wikipedia.org/wiki/L%C4%85dowisko_Turo%C5%9B%C5%84_Ko%C5%9Bcielna,
37081,SNFG,small_airport,Citropar Airport,-1.840391,-47.184196,220.0,SA,BR,BR-PA,Capitão Poço,False,SJAC,,PA0065,,,SNFG
331067,BR-0403,heliport,Rio Pardo Heliport,-22.87129,-49.047609,2119.0,SA,BR,BR-SP,Iaras,False,SDJJ,,SP0362,,,
12984,65CN,small_airport,Bottimore Ranch Airport,38.3041,-121.250999,70.0,,US,US-CA,Herald,False,65CN,,65CN,,,03Q
353295,US-6651,closed,Litchfield Municipal Airport (1947),45.1381,-94.51599,1115.0,,US,US-MN,Litchfield,False,,,,,,
36091,SILN,small_airport,Fazenda Rio Capim Airport,-3.556841,-48.648546,325.0,SA,BR,BR-PA,Paragominas,False,SILN,,,,,
8776,20AL,heliport,Runkle Stagefield Army Heliport,31.33880043,-86.09169769,180.0,,US,US-AL,Fort Rucker/Elba,False,20AL,,20AL,,,
26616,VOMD,medium_airport,Madurai Airport,9.83450985,78.09339905,459.0,AS,IN,IN-TN,Madurai,True,VOMD,IXM,,http://www.airportsindia.org.in/allAirports/madurai_airpo_gi.jsp,https://en.wikipedia.org/wiki/Madurai_Airport,Madurai Air Force Station
31392,FZGX,small_airport,Monkoto Airport,-1.600000024,20.64999962,1282.0,AF,CD,CD-EQ,Monkoto,False,FZGX,,,,,
4968,DN54,small_airport,Bajoga Northeast Airport,10.91989994,11.50119972,1000.0,AF,NG,NG-GO,Bajoga,False,DN54,,DN54,,,
313474,SBT,closed,Tri-City Airport,34.0677,-117.2725,1038.0,,US,US-CA,San Bernardino,False,,,,,,
42377,NA-0112,small_airport,Cowdray Airstrip,-23.54471779,17.78778267,4314.0,AF,,NA-KH,,False,,,,,,
317522,GR-0013,closed,Kopaida Moschonis (Ikaros) Airfield,38.431698,23.134922,,EU,GR,GR-03,Kopaida,False,,,,,,"Ikaros, Moschonis"
339756,US-2928,closed,Barnhart Airport,62.609732,-144.62338,1930.0,,US,US-AK,Chistochina,False,,,,,,
24387,S79,small_airport,Green Sea Airport,34.18560028,-79.02059937,95.0,,US,US-SC,Green Sea,False,S79,,S79,,,
45120,CO-0019,heliport,Palacio Municipal Heliport,6.591389,-75.576389,,SA,CO,CO-ANT,Medellin,False,,,PAL,,,
355543,JP-3038,heliport,Sakaemachi Heliport,43.196427,140.840825,,AS,JP,JP-01,Yoichi,False,,,,,,
22492,MT97,small_airport,Frampton Airport,47.977475,-115.766401,2400.0,,US,US-MT,Noxon,False,MT97,,MT97,,,
341718,TR-0085,heliport,Serdivan Heliport,40.785258,30.366197,,AS,TR,TR-54,Serdivan,False,,,,,,
24678,SXP,small_airport,Nunam Iqua Airport,62.520599,-164.848006,12.0,,US,US-AK,Nunam Iqua,True,,SXP,SXP,,https://en.wikipedia.org/wiki/Sheldon_Point_Airport,Sheldon Point Airport
18376,K0M2,small_airport,Reelfoot Lake Airport,36.4753,-89.346199,289.0,,US,US-TN,Tiptonville,False,,,0M2,,,
2872,FDMS,medium_airport,Matsapha Airport,-26.528999,31.307501,2075.0,AF,SZ,SZ-MA,Manzini,False,FDMS,MTS,,http://www.eswacaa.co.sz/airports/matsapha/index.php,https://en.wikipedia.org/wiki/Matsapha_Airport,
350065,MX-1894,heliport,El Centinela Military Checkpoint Heliport,32.56754,-115.9359,856.0,,MX,MX-BCN,Tecate,False,,,,,,
334970,BR-0709,small_airport,Fazenda Pampili Airport,-20.113124,-52.54643,1339.0,SA,BR,BR-MS,Três Lagoas,False,SJJT,,MS0480,,,
333767,GB-0800,small_airport,Bedwell Hey Farm Airstrip,52.3728,0.2249,,EU,GB,GB-ENG,Little Thetford,False,,,,,,
12695,5TX1,closed,Harley White Field,31.8613,-98.259499,1120.0,,US,US-TX,Lamkin,False,,,,,,5TX1
311870,ID-0171,small_airport,Aideralma Airstrip,-4.3341,137.8316,2730.0,AS,ID,ID-PA,Aideralma,False,,,,,,WX03
35172,AGAT,small_airport,Uru Harbour Airport,-8.87333,161.011002,,OC,SB,SB-ML,Atoifi,True,AGAT,ATD,,,https://en.wikipedia.org/wiki/Uru_Harbour_Airport,
24196,PN99,small_airport,Lackawannock Airport,41.20589828,-80.35810089,1300.0,,US,US-PA,Sharon,False,PN99,,PN99,,,
344737,US-4151,closed,Big Ben Airstrip,31.9407,-108.81648,4413.0,,US,US-NM,Animas,False,,,,,,
30307,SCPH,small_airport,Puyuhuapi Airport,-44.38560104,-72.59420013,43.0,SA,CL,CL-AI,Puyuhuapi,False,SCPH,,,,,
355127,US-6891,small_airport,Creekview Airport,42.184957,-98.4191,1946.0,,US,US-NE,Ewing,False,NE73,,NE73,,,
327266,KR-0414,heliport,Dangni-dong West Heliport,35.122151,128.985927,,AS,KR,KR-26,Busan,False,,,,,,Dangni-dong
37014,SJZK,heliport,Projac Heliport,-22.95666695,-43.39722061,94.0,SA,BR,BR-RJ,Rio De Janeiro,False,SJZK,,,,,
309749,SDDD,small_airport,Fazenda São Francisco Airport,-17.8615,-55.78457,472.0,SA,BR,BR-MS,Corumbá,False,SDDD,,SDDD,,,
9393,2FL1,heliport,Broward County Civic Arena Heliport,26.15940094,-80.32559967,10.0,,US,US-FL,Sunrise,False,2FL1,,2FL1,,,
7524,0SD8,small_airport,Juhnke Airport,43.78279877,-100.2929993,1900.0,,US,US-SD,Vivian,False,0SD8,,0SD8,,,
319542,KGZN,small_airport,Gregory M. Simmons Memorial Airport,32.367348,-99.023642,1711.0,,US,US-TX,Cisco,False,KGZN,,GZN,,,
46650,ZWAX,medium_airport,Bole Alashankou Airport,44.895461,82.30007,1253.0,AS,CN,CN-65,Bole,True,ZWBL,BPL,,,https://en.wikipedia.org/wiki/Bole_Alashankou_Airport,
39990,CA-0344,closed,Smeaton Airport,53.48333359,-104.8000031,,,CA,CA-SK,,False,,,,,,
13404,6MU9,small_airport,Craddock Field,37.53480148,-91.96520233,1199.0,,US,US-MO,Licking,False,6MU9,,6MU9,,,
45761,8PN4,closed,Philipsburg Area Hospital Heliport,40.906281,-78.206731,1491.0,,US,US-PA,Philipsburg,False,,,,https://web.archive.org/web/20180608040542/https://www.centredaily.com/news/local/community/philipsburg/article42873168.html,,8PN4
2422,EGHI,medium_airport,Southampton Airport,50.950298,-1.3568,44.0,EU,GB,GB-ENG,Southampton,True,EGHI,SOU,,http://www.southamptonairport.com/,https://en.wikipedia.org/wiki/Southampton_Airport,"RAF Eastleigh, RAF Southampton"
27760,YMDA,small_airport,Mundubbera Airport,-25.5916996,151.3170013,122.0,OC,AU,AU-QLD,,False,YMDA,,,,,
4956,MZBZ,large_airport,Philip S. W. Goldson International Airport,17.539951,-88.303556,15.0,,BZ,BZ-BZ,Belize City,True,MZBZ,BZE,,http://www.pgiabelize.com/,https://en.wikipedia.org/wiki/Philip_S._W._Goldson_International_Airport,"Belize International, Ladyville"
45680,NR06,heliport,Hunter Construction Heliport,35.562778,-80.830278,850.0,,US,US-NC,Mooresville,False,NR06,,NR06,,,
10853,3VG2,small_airport,Machipongo International Airport,37.38830185,-75.89250183,36.0,,US,US-VA,Machipongo,False,3VG2,,3VG2,,,
41792,UZ-0105,closed,Kishiseit Northeast Airport,40.581902,67.793098,840.0,AS,UZ,UZ-JI,Kishiseit,False,,,,,,
23801,OK66,small_airport,F.W. Zaloudek Airport,36.55670166,-97.83370209,1118.0,,US,US-OK,Kremlin,False,OK66,,OK66,,,
335594,BR-0949,small_airport,Fazenda Imperial Airport,-7.850249,-44.069167,1621.0,SA,BR,BR-PI,Sebastião Leal,False,SIMF,,PI0022,,,
38750,AR-0075,heliport,Campo De Vuelo Heliport,-31.3689,-64.2636,1515.0,SA,AR,AR-X,Cordoba,False,,,HMO,,,
344116,JP-1949,heliport,Kamiseya Communication Facility Heliport,35.48866,139.48224,233.0,AS,JP,JP-14,Yokohama,False,,,,,,
9813,2TX7,small_airport,JW Airport,33.093472,-97.396338,875.0,,US,US-TX,Justin,False,2TX7,,2TX7,,,
352633,ZSHZ,medium_airport,Heze Mudan Airport,35.212972,115.736748,,AS,CN,CN-37,Heze,True,ZSHZ,HZA,,,https://en.wikipedia.org/wiki/Heze_Mudan_Airport,
318074,GB-0300,small_airport,Nayland Airstrip,51.974486,0.849895,160.0,EU,GB,GB-ENG,Nayland,False,,,,http://www.naylandairfield.co.uk/,,
324142,BR-0280,small_airport,Fazenda Paraíso das Corredeiras Airstrip,-13.115192,-44.681977,,SA,BR,BR-BA,,False,,,,,,
4939,MYEF,medium_airport,Exuma International Airport,23.562599,-75.877998,9.0,,BS,BS-EX,Moss Town,True,MYEF,GGT,,,https://en.wikipedia.org/wiki/Exuma_International_Airport,
7498,0PS2,heliport,Marian Heliport,40.98949814,-75.751297,1285.0,,US,US-PA,Weatherly,False,0PS2,,0PS2,,,
38058,SWRT,small_airport,Fazenda Santa Rita Airport,-17.34777832,-53.1930542,2346.0,SA,BR,BR-GO,Santa Rita Do Araguaia,False,SWRT,,,,,
4067,LFBL,medium_airport,Limoges Airport,45.8628006,1.179440022,1300.0,EU,FR,FR-NAQ,Limoges/Bellegarde,True,LFBL,LIG,,,https://en.wikipedia.org/wiki/Limoges_-_Bellegarde_Airport,
25476,VG42,small_airport,Henshaw Airport,37.25239944,-77.15270233,85.0,,US,US-VA,Hopewell,False,VG42,,VG42,,,
323709,BR-0228,small_airport,Fazenda Triunfo Airstrip,-15.68727,-44.476848,,SA,BR,BR-MG,,False,,,,,,
335178,UELT,small_airport,Torgo Airport,58.44634,119.504728,,EU,RU,RU-SA,,False,UELT,,,,,
18395,K0V4,small_airport,Brookneal/Campbell County Airport,37.14170074,-79.0164032,596.0,,US,US-VA,Brookneal,False,K0V4,,0V4,,,
338764,US-2428,closed,Arivaca Landing Strip,31.58296,-111.338,,,US,US-AZ,Arivaca,False,,,,,,
340764,JP-1316,heliport,Showa Inan General Hospital Heliport,35.738253,137.92009,2382.0,AS,JP,JP-20,Komagane,False,,,,,,
324078,LASK,closed,Shkodër Airport,42.089361,19.509111,,EU,AL,AL-10,Shkodër,False,LASK,,,,,
7001,08OH,small_airport,Kenley Airport,41.29169846,-80.56369781,1230.0,,US,US-OH,Hartford,False,08OH,,08OH,,,
18343,K0A3,small_airport,Smithville Municipal Airport,35.985298,-85.809303,1084.0,,US,US-TN,Smithville,False,,,0A3,,,
333826,KRSP,heliport,Naval Support Facility Thurmont (Camp David),39.646089,-77.468768,1840.0,,US,US-MD,Thurmont,False,KRSP,,,,https://en.wikipedia.org/wiki/Camp_David,
318658,TZ-0096,small_airport,Mbono 2 Airport,-3.11141,34.660824,5320.0,AF,TZ,TZ-22,Maswa,False,,,,,,
28367,CKG4,seaplane_base,Pickle Lake Seaplane Base,51.46670151,-90.19999695,1180.0,,CA,CA-ON,,False,CKG4,,CKG4,,,
349619,US-5686,closed,La Plata Airfield,38.54409,-76.91969,193.0,,US,US-MD,La Plata,False,,,,,,
355216,TR-0171,heliport,Emniyet Genel Müdürlüğü (General Directorate of Security) Helipad,39.901178,32.844827,925.0,AS,TR,TR-06,Çankaya,False,,,,,,
344726,HK-0078,heliport,Sea Ranch Heliport,22.21343,113.98862,131.0,AS,HK,HK-U-A,"Islands, New Territories",False,,,,,,
39042,AR-0367,heliport,Almafuerte / Transener S.A. Heliport,-32.203,-64.315,1640.0,SA,AR,AR-X,Almafuerte,False,,,HAT,,,
9262,29N,small_airport,Kroelinger Airport,39.52399826,-75.0463028,93.0,,US,US-NJ,Vineland,False,29N,,29N,,,
344370,US-4080,closed,Gerlach Airport,40.65479,-119.35476,,,US,US-NV,Gerlach,False,,,,,,
26407,UWLW,medium_airport,Ulyanovsk East Airport,54.401001,48.8027,252.0,EU,RU,RU-ULY,Cherdakly,True,UWLW,ULY,,,https://en.wikipedia.org/wiki/Ulyanovsk_Vostochny_Airport,Ulyanovsk Vostochny Airport
335147,PH-0173,heliport,Bataan 2020 Helipad,14.768859,120.504089,,AS,PH,PH-BAN,Samal,False,,,,,,
320364,IT-0441,small_airport,Campo di Volo Campiglia,43.019437,10.594659,16.0,EU,IT,IT-52,Campiglia Marittima,False,,,LI11,,,"Campiglia,Venturina"
29871,FAFO,small_airport,Fort Beaufort Airport,-32.79050064,26.57769966,1581.0,AF,ZA,ZA-EC,Fort Beaufort,False,FAFO,,,,,
321764,AR-0600,small_airport,Lanteri Airpiort,-28.86085,-59.673331,183.0,SA,AR,AR-S,Lanteri,False,,,LAN,,,
42598,KE-6127,small_airport,Beverley Airport,3.316666,37.066666,1187.0,AF,KE,KE-400,North Horr,False,HKZT,,,,,
27235,ZWTN,medium_airport,Hotan Airport,37.03850174,79.86489868,4672.0,AS,CN,CN-65,Hotan,True,ZWTN,HTN,,,https://en.wikipedia.org/wiki/Hotan_Airport,"Khotan, Heitan Air Base"
319435,IT-0280,small_airport,"Aviosuperficie ""Cesare Rossi""",43.102691,13.557411,492.0,EU,IT,IT-57,Montegiorgio (AP),False,,,AP02,,,
333487,MX-1139,heliport,Zimas Heliport,25.639819,-100.407872,3314.0,,MX,MX-NLE,San Pedro Garza Garcia,False,,,HJF,,,
2312,EFIM,small_airport,Immola Airport,61.249199,28.9037,338.0,EU,FI,FI-02,Imatra,False,EFIM,,,,https://en.wikipedia.org/wiki/Immola_Airfield,
330262,MX-0987,heliport,World Plaza Heliport,19.359685,-99.271258,8944.0,,MX,MX-DIF,Cuajimalpa,False,,,HWP,,,
13759,73CO,closed,Woods STOLport,38.388901,-107.822998,6120.0,,US,US-CO,Montrose,False,,,,,,73CO
19973,KGPM,small_airport,Grand Prairie Municipal Airport,32.69879913,-97.04689789,588.0,,US,US-TX,Grand Prairie,False,KGPM,,GPM,,,
335928,SIZL,small_airport,Fazenda Lagoa,-22.747696,-49.844977,1909.0,SA,BR,BR-SP,São Pedro do Turvo,False,SIZL,,SP0201,,,
37781,SWAF,closed,Agroer Aviação Agrícola Airport,-16.483887,-54.667221,827.0,SA,BR,BR-MT,Rondonópolis,False,,,,,,SWAF
346238,2WA4,heliport,Bainbridge Island Fire Department Heliport,47.643276,-122.521505,184.0,,US,US-WA,Bainbridge Island,False,2WA4,,2WA4,,,
43868,OM-0001,small_airport,Dibba Airport,25.614229,56.2444,45.0,AS,OM,OM-MU,Dibba al Baya,False,,BYB,,,https://en.wikipedia.org/wiki/Dibba_Airport,
11865,51CO,small_airport,Flying W No.2 Airport,38.88560104,-107.8040009,7105.0,,US,US-CO,Hotchkiss,False,51CO,,51CO,,,
354291,SJ22,small_airport,Fazenda Figueira Branca Airport,-10.763943,-54.485039,1365.0,SA,BR,BR-MT,Marcelândia,False,SJ22,,MT0794,,,
12011,54MO,closed,Ozark's Flying Patch Airport,37.001401,-92.940497,1530.0,,US,US-MO,Sparta,False,,,,,,54MO
21275,KU79,small_airport,Chamberlain USFS Airport,45.373253,-115.198157,5765.0,,US,US-ID,Warren,False,KU79,,U79,,,
345894,US-4610,closed,Valley View Airpark,35.60272,-117.62224,2466.0,,US,US-CA,Ridgecrest,False,,,,,,
352177,AU-0340,small_airport,Singleton Military Area airstrip,-32.619272,151.180841,,OC,AU,AU-NSW,Singleton,False,,,,,,
337951,JP-0642,heliport,King Fields Golf Club Heliport,35.44068,140.17296,,AS,JP,JP-12,Ichihara,False,,,,,,
589,SWUQ,small_airport,Surucucu Airport,2.83528,-63.646999,2854.0,SA,BR,BR-RR,Alto Alegre,False,SWUQ,,RR0113,,,
337691,JP-0606,heliport,Nagoya Tokushukai Hospital Helipad,35.26509,137.03985,274.0,AS,JP,JP-23,Nagoya,False,,,,,,
6980,08IS,small_airport,Hemmer RLA Restricted Landing Area,37.97779846,-89.20290375,400.0,,US,US-IL,Du Quoin,False,08IS,,08IS,,,
337467,BR-1248,small_airport,Fazenda Primavera,-17.686776,-42.289206,3343.0,SA,BR,BR-MG,Setubinha,False,,,,,,SIRA
4226,LFSB,large_airport,EuroAirport Basel-Mulhouse-Freiburg Airport,47.59,7.529167,885.0,EU,FR,FR-GES,Bâle/Mulhouse,True,LFSB,BSL,,http://www.euroairport.com/,https://en.wikipedia.org/wiki/EuroAirport_Basel-Mulhouse-Freiburg,"MLH, EAP"
327163,KR-0360,heliport,Lazzi Hotel Heliport,35.208943,128.999849,,AS,KR,KR-26,Busan,False,,,,,,Lazzi Hotel
42004,MSBS,small_airport,Barillas Airport,13.2652626,-88.49913025,32.0,,SV,SV-US,Barrillas,False,MSBS,,,,,
27154,YTGM,medium_airport,Thargomindah Airport,-27.986368,143.812065,433.0,OC,AU,AU-QLD,Thargomindah,True,YTGM,XTG,,,https://en.wikipedia.org/wiki/Thargomindah_Airport,
342323,FR-0470,small_airport,Aérodrome d'Albé - Val de Villé,48.349158,7.330171,1247.0,EU,FR,FR-GES,Albé,False,,,LF6721,,,
31533,GLBU,small_airport,Buchanan Airport,5.905503,-10.058262,41.0,AF,LR,LR-GB,Buchanan,False,GLBU,UCN,,,https://en.wikipedia.org/wiki/Buchanan_Airport,
333811,AR-0649,closed,Pozo Cuadrado Airport,-28.915274,-57.050779,243.0,SA,AR,AR-W,,False,,,,,,
43763,LU-0001,heliport,Ettelbruck heliport,49.85432,6.094475,666.0,EU,LU,LU-D,Ettelbruck,False,ELET,,,,,
40236,SVOP,small_airport,Los Oripopos Airport,7.599999905,-68.43333435,278.0,SA,VE,VE-C,,False,SVOP,,,,,
348766,US-5502,small_airport,Ferriday Airport,31.631844,-91.569471,57.0,,US,US-LA,Ferriday,False,,,,,,
9729,2PS3,small_airport,Mathna Airport,40.015751,-77.042398,490.0,,US,US-PA,Dillsburg,False,2PS3,,2PS3,,,
32756,LF34,closed,Moussoulens Air Base,43.279701,2.20885,,EU,FR,FR-OCC,Moussoulens,False,,,LF34,,,
23244,NM25,small_airport,Lincoln Station Airport,34.12139,-105.6777,6655.0,,US,US-NM,Corona,False,NM25,,NM25,,,
28732,EDPS,small_airport,Flugplatz Sonnen,48.682777,13.694722,2674.0,EU,DE,DE-BY,Waldkirchen,False,EDPS,,,,,
346243,US-4756,heliport,Egypt Farms Heliport,39.045344,-77.708096,459.0,,US,US-VA,Purcellville,False,4VA0,,4VA0,,,
353254,MX-1954,closed,Cerro Prieto Airport,24.91241,-99.38997,923.0,,MX,MX-NLE,Linares,False,,,,,,
334343,US-1288,heliport,Prudential Center Helipor,40.733244,-74.171947,150.0,,US,US-NJ,Newark,False,NJ03,,NJ03,,,
27324,YALY,small_airport,Alderley Airport,-22.48329926,139.6329956,,OC,AU,AU-QLD,,False,YALY,,,,,
41028,SK-110,small_airport,Nunchia Airport,5.65,-72.2,1849.0,SA,CO,CO-CAS,Nunchia,False,,,NUH,,,
17519,GA45,small_airport,Townsend Air Strip,31.54330063,-81.53479767,26.0,,US,US-GA,Townsend,False,GA45,,GA45,,,
344437,JP-2052,heliport,Kawasaki Medical University General Hospital Heliport,34.66006,133.92775,,AS,JP,JP-33,Okayama,False,,,,,,
342541,JP-1636,heliport,Shonai Kamakura General Hospital Helipad,35.34539,139.51521,,AS,JP,JP-14,Kamakura,False,,,,,,
21740,M28,small_airport,Mid Continent Airport,36.22510147,-89.72789764,268.0,,US,US-MO,Hayti,False,M28,,M28,,,
341357,JP-1500,heliport,Hankyu Headquarters Building Helipad,34.708812,135.497057,,AS,JP,JP-27,Osaka,False,,,,,,
22087,MI78,small_airport,Weller Airport,42.91669846,-85.78340149,600.0,,US,US-MI,Grandville,False,MI78,,MI78,,,
32675,WSAC,medium_airport,Changi Air Base (East),1.344140053,104.0090027,22.0,AS,SG,SG-04,Singapore,False,WSAC,,,,https://en.wikipedia.org/wiki/Changi_Air_Base,
9704,2P2,small_airport,Washington Island Airport,45.3862,-86.9245,652.0,,US,US-WI,Washington Island,False,,,2P2,,,WI47
24854,TE46,heliport,Refugio County Memorial Hospital Heliport,28.306522,-97.280551,50.0,,US,US-TX,Refugio,False,TE46,,TE46,,,
355353,TR-0208,heliport,Erdemir Heliport,41.1503,31.2433,,AS,TR,TR-67,Ereğli,False,,,,,,
38696,AR-0021,small_airport,Acindar Airport,-33.2647,-60.2842,82.0,SA,AR,AR-S,Villa Constitución,False,,,ION,,,
25609,WA12,small_airport,Acme Field,48.71356,-122.195926,301.0,,US,US-WA,Acme,False,WA12,,WA12,,,
17734,IA57,heliport,Mercy Hospital Heliport,42.6739006,-91.90180206,1119.0,,US,US-IA,Oelwein,False,IA57,,IA57,,,
315350,UNSR,heliport,1 Razryvno-Moiseevskaya Helipad,58.095,76.0083,357.0,EU,RU,RU-TOM,,False,UNSR,,UNSR,,,"УНСР, 1-я Разрывно-Моисеевская"
322145,US-0415,heliport,Barbourville ARH Heliport,36.851594,-83.869164,1013.0,,US,US-KY,Barbourville,False,7KY5,,7KY5,,,7KY5
349144,US-5609,small_airport,Winnemucca Ranch Airport,39.94808,-119.80228,5167.0,,US,US-NV,Reno,False,,,,,,
32627,HAWC,small_airport,Waca Airport,7.166999817,37.16699982,4200.0,AF,ET,ET-OR,Waca,False,HAWC,WAC,,,,
328298,KR-0838,heliport,Kyobo Securities Building Heliport,37.522698,126.924577,,AS,KR,KR-11,Seoul,False,,,,,,Kyobo Securities
5464,OP15,small_airport,Ouzkani Airport,30.25078,70.23205,2331.0,AS,PK,PK-PB,Khandor,False,OP15,,OP15,,,
32626,ID-0213,closed,Biak Manuhua Airport,-1.173038,136.081181,33.0,AS,ID,ID-PA,Biak,False,,,,,,WABU
5595,RJOI,medium_airport,Iwakuni Kintaikyo Airport / Marine Corps Air Station Iwakuni,34.146333,132.247238,7.0,AS,JP,JP-35,Iwakuni,True,RJOI,IWK,,http://www.iwakuni-airport.jp/,https://en.wikipedia.org/wiki/Marine_Corps_Air_Station_Iwakuni,"mcas iwakuni, iwakuni, kintaikyo"
14146,7IL3,small_airport,Lutz Restricted Landing Area,40.428398,-89.602097,545.0,,US,US-IL,Green Valley,False,7IL3,,7IL3,,,
319791,MX-0275,heliport,Pesca Azteca Heliport,23.21403,-106.3942,25.0,,MX,MX-SIN,Mazatlán,False,,,HQK,,,
32021,HANJ,small_airport,Nejjo Airport,9.55,35.466995,6150.0,AF,ET,ET-OR,Nejo,False,HANJ,NEJ,,,https://en.wikipedia.org/wiki/Nejjo_Airport,
348469,AR-0703,small_airport,Garayalde Airport,-44.70351,-66.64073,1461.0,SA,AR,AR-U,Garayalde,False,,,,,,
350990,CN-0282,small_airport,Burqin Kaerqisi Airport,47.6805,86.92763,1598.0,AS,CN,CN-65,Burqin,False,,,,,,
7292,0LS0,small_airport,Theriot Field,29.74970055,-90.7358017,13.0,,US,US-LA,Thibodaux,False,0LS0,,0LS0,,,
18229,IS74,heliport,Caterpillar Aurora Heliport,41.71699905,-88.35919952,660.0,,US,US-IL,Montgomery,False,IS74,,IS74,,,
314752,GB-0159,closed,RAF Millom,54.20034912,-3.325037688,,EU,GB,GB-ENG,,False,,,,,,
10387,3AR7,small_airport,Taylor Field,36.26461,-94.16545,1315.0,,US,US-AR,Lowell,False,3AR7,,3AR7,,,
344924,US-4238,small_airport,Pilots Point Airport,36.59581,-93.629758,1020.0,,US,US-MO,Shell Knob,False,5MO7,,5MO7,,,
29775,VECK,small_airport,Chakulia Airport,22.4605999,86.70780182,430.0,AS,IN,IN-JH,,False,VECK,,,,,
2498,EGXD,medium_airport,RAF Dishforth,54.1371994,-1.420250058,117.0,EU,GB,GB-ENG,Dishforth,False,EGXD,,,,https://en.wikipedia.org/wiki/RAF_Dishforth,Royal Air Force
41399,ID-RUF,small_airport,Yuruf Airport,-3.6333,140.958,1844.0,AS,ID,ID-PA,Amgotro,False,WAJE,RUF,,,,
17642,HI38,heliport,The Queen's Medical Center Heliport,21.308197,-157.853645,102.0,OC,US,US-HI,Honolulu,False,HI38,,HI38,,,
24791,TA84,small_airport,Miller Ranch Airport,28.35499954,-99.93319702,750.0,,US,US-TX,Carrizo Springs,False,TA84,,TA84,,,
19863,KFFL,small_airport,Fairfield Municipal Airport,41.053024,-91.980114,799.0,,US,US-IA,Fairfield,False,KFFL,FFL,FFL,http://cityoffairfieldiowa.com/index.aspx?nid=65,https://en.wikipedia.org/wiki/Fairfield_Municipal_Airport_(Iowa),
320523,CA-0627,closed,Matagami Heliport,49.7534,-77.6626,860.0,,CA,CA-QC,Matagami,False,,,,,,CTM6
341912,IN-0256,heliport,Shegaon Heliport,20.779141,76.692378,,AS,IN,IN-MM,Shegaon,False,,,,,,
350822,US-6214,small_airport,Walton Agwings Airport,35.57535,-90.49617,214.0,,US,US-AR,Trumann,False,,,,,,
38917,AR-0242,heliport,Las Araucarias Heliport,-34.3067,-59.1703,82.0,SA,AR,AR-B,Capilla Del Señor,False,,,HCS,,,
30563,FATW,small_airport,Witberg Tswalu Airport,-27.20499992,22.48189926,3921.0,AF,ZA,ZA-NC,Tswalo Game Reserve,False,FATW,,,,,
8510,1N3,small_airport,Albert Airport,40.9715004,-78.24289703,1784.0,,US,US-PA,Philipsburg,False,1N3,,1N3,,,
337226,NR17,closed,Wilson Medical Center Heliport,35.71741,-77.944361,147.0,,US,US-NC,Wilson,False,NR17,,NR17,,,
26477,VDST,heliport,Stung Treng Airport,13.5319,106.014999,203.0,AS,KH,KH-19,Stung Treng,False,VDST,TNX,,,https://en.wikipedia.org/wiki/Stung_Treng_Airport,
352661,JP-2996,heliport,HK Yodoyabashi Garden Avenue Helipad,34.68895,135.49948,,AS,JP,JP-27,Osaka,False,,,,,,
326140,PH-0154,closed,Nasipit Airfield,8.986384,125.337954,,AS,PH,PH-AGN,Nasipit,False,,,,,,Nasipit
308292,NP-0001,small_airport,Kamal Bazar Airport,29.0531,81.34256,6440.0,AS,NP,NP-SE,Kamal Bazar,False,,,,,,
10948,41C,small_airport,Calkins Field,42.691605,-85.647727,740.0,,US,US-MI,Wayland,False,,,41C,,,
338971,US-2575,small_airport,Joseph of Cupertino STOLport,33.650697,-97.432119,1093.0,,US,US-TX,Muenster,False,TS20,,TS20,,,
17854,ID77,small_airport,Cuddy Meadows Airport,44.70529938,-116.8069992,4580.0,,US,US-ID,Cambridge,False,ID77,,ID77,,,
22908,NE10,heliport,Flying C Heliport,41.25690079,-96.24359894,1227.0,,US,US-NE,Elkhorn,False,NE10,,NE10,,,
352804,US-6499,heliport,Fort Hood Forward Area Refueling Point West (FARP-W),31.33458,-97.74878,904.0,,US,US-TX,Fort Hood,False,,,,,,
315233,MX-0052,small_airport,Campeche Airport,32.5318,-114.9898,79.0,,MX,MX-BCN,Mexicali,False,,,CXE,,,
302021,US-0208,heliport,Community Medical Center Helistop,39.96588889,-74.21755556,27.0,,US,US-NJ,Toms River,False,,,,,,H-265
318815,KE-0188,small_airport,Sala Gate Airport,-3.072405,39.215665,,AF,KE,KE-300,,False,,,,,,
344435,JP-2050,heliport,HAT Kobe Building 1 Helipad,34.70144,135.21832,,AS,JP,JP-28,Kobe,False,,,,,,
10378,3AL8,small_airport,Flint River Ranch Airport,34.61920166,-86.46690369,590.0,,US,US-AL,Owens Crossroads,False,3AL8,,3AL8,,,
348449,AR-0684,small_airport,Lago Escondido Airport,-54.63158,-67.7555,410.0,SA,AR,AR-V,Tolhuin,False,,,,,,
36424,SJAO,heliport,Natura Heliport,-23.403681,-46.831144,2414.0,SA,BR,BR-SP,Cajamar,False,SJAO,,SP0590,,,
8319,1I1,small_airport,Marcy Field,44.22090149,-73.79129791,985.0,,US,US-NY,Keene,False,1I1,,1I1,,,
14955,8IL2,small_airport,Kirkpatrick Airport,42.48469925,-88.60009766,950.0,,US,US-IL,Harvard,False,8IL2,,8IL2,,,
41958,MRLA,small_airport,La Zampoña Airport,10.26666737,-85.43333435,328.0,,CR,CR-G,Guanacaste,False,MRLA,,,,,
321231,LPPJ,heliport,Beja Heliport,38.058,-7.875403,631.0,EU,PT,PT-02,Beja,False,LPPJ,,,,,
13415,6NC1,small_airport,Little Mountain Airport,35.591767,-81.080421,1030.0,,US,US-NC,Denver,False,6NC1,,6NC1,,,66A
334915,ES-0273,heliport,San Fernando Helicopter Base,36.441879,-6.221244,,EU,ES,ES-AN,Cadiz,False,,,,,,
300253,FMBI,small_airport,Betainomby Airport,-18.19580139,49.348526,40.0,AF,MG,MG-A,Betainomby,False,FMFZ,,MBI,,,
340165,IN-0161,heliport,Andrott Heliport,10.81316,73.69946,,AS,IN,IN-LD,Andrott,False,,,,,,
326819,PT-0128,small_airport,Pista da Chamusca,39.319425,-8.516121,,EU,PT,PT-14,Chamusca,False,,,,,,
330944,US-1102,small_airport,Lord Flat Airport,45.666461,-116.618358,5594.0,,US,US-OR,Imnaha,False,,,OR9,,,
38647,YWLH,small_airport,Wallara Ranch Airport,-24.64999962,132.3170013,,OC,AU,AU-NT,,False,YWLH,,,,,
14868,8C2,small_airport,Sully Municipal Airport,41.57410049,-92.84660339,922.0,,US,US-IA,Sully,False,8C2,,8C2,,,
20860,KPPO,small_airport,La Porte Municipal Airport,41.57249832,-86.73449707,812.0,,US,US-IN,La Porte,False,KPPO,LPO,PPO,http://www.laportemuniairport.com/,https://en.wikipedia.org/wiki/La_Porte_Municipal_Airport_(Indiana),
344518,JP-2110,heliport,Uji Tokushukai Medical Center Heliport,34.9032,135.78718,,AS,JP,JP-26,Uji,False,,,,,,
298805,YBAB,small_airport,Baralaba,-24.19357,149.843166,340.0,OC,AU,AU-QLD,Baralaba,False,YBAB,,,,,
31639,HTKT,small_airport,Kilimatinde Airport,-5.831378,34.966387,3300.0,AF,TZ,TZ-23,Kilimatinde,False,HTKT,,,,,
28980,LFPY,closed,Brétigny sur Orge Air Base,48.5961,2.33222,270.0,EU,FR,FR-IDF,,False,LFPY,,,,,
26865,WMGK,small_airport,Gong Kedak Airport,5.799570084,102.4840012,20.0,AS,MY,MY-03,,False,WMGK,,,,,
19876,KFLD,small_airport,Fond du Lac County Airport,43.77119827,-88.48840332,808.0,,US,US-WI,Fond du Lac,False,KFLD,FLD,FLD,http://www.fdlco.wi.gov/departments/departments-a-e/airport,https://en.wikipedia.org/wiki/Fond_du_Lac_County_Airport,
27554,YERN,small_airport,Ernabella Airport,-26.26329994,132.1820068,707.0,OC,AU,AU-SA,,False,YERN,ERB,,,,
338631,JP-0896,heliport,Shimukappu Heliport,43.05577,142.61777,,AS,JP,JP-01,Shimukappu,False,,,,,,
6207,SPEE,small_airport,El Estrecho Airport,-2.454060078,-72.67060089,421.0,SA,PE,PE-LOR,,False,SPEE,,SP69,,,
31645,HTSD,small_airport,Singida Airport,-4.810928,34.724762,5000.0,AF,TZ,TZ-23,Singida,False,HTSD,,,,,
345482,US-4477,heliport,Peach Regional Medical Center Heliport,32.606189,-83.758886,474.0,,US,US-GA,Byron,False,28GA,,28GA,,,
35492,SDEL,heliport,Condomínio Spázio Central JK Heliport,-23.591092,-46.685693,2684.0,SA,BR,BR-SP,São Paulo,False,SDEL,,SP0319,,,
21085,KSME,medium_airport,Lake Cumberland Regional Airport,37.05339813,-84.61589813,927.0,,US,US-KY,Somerset,False,KSME,SME,SME,,https://en.wikipedia.org/wiki/Lake_Cumberland_Regional_Airport,
10380,3AR0,small_airport,Frost Flying Inc Airport,34.821512,-90.846521,240.0,,US,US-AR,Marianna,False,3AR0,,3AR0,,,
314885,YXGY,heliport,Archery Park Helipad,-26.1886,152.6527,176.0,OC,AU,AU-QLD,Gympie,False,YXGY,,YXGY,,,
335426,BR-0886,small_airport,Tom Aviação Agrícola Ltda. Airstrip,-21.621,-48.794454,1716.0,SA,BR,BR-SP,Itápolis,False,SIHY,,SP0181,,,
348713,US-5487,heliport,Covenant Health Hobbs Hospital Heliport,32.762368,-103.186646,3670.0,,US,US-NM,Hobbs,False,NM59,,NM59,,,
316710,MX-0100,small_airport,Manantiales Airport,22.953,-98.4122,795.0,,MX,MX-TAM,Gonzalez,False,,,RMA,,,
39535,SLSJ,small_airport,Salinas Airport,-19.5,-67.33333588,12027.0,SA,BO,BO-O,Ladislao Cabrera,False,SLSJ,,,,,
8157,19OK,closed,Gerhart Airport,35.728401,-95.977203,940.0,,US,US-OK,Okmulgee,False,,,,,,19OK
23441,NY60,small_airport,Vasile Field,44.76250076,-73.55930328,580.0,,US,US-NY,Beekmanton,False,NY60,,NY60,,,
39610,SPAA,small_airport,Caraz Airport,-9.051428795,-77.81014252,7401.0,SA,PE,PE-ANC,Ancash,False,SPAA,,,,,
334219,US-1250,small_airport,Campbells Airport,39.913889,-104.473333,5165.0,,US,US-CO,Bennett,False,CO41,,CO41,,,
43486,FR-0146,heliport,Hôpital de Saint-Lo Heliport,49.10527802,-1.10611105,131.0,EU,FR,FR-NOR,Saint-Lo,False,,,,,,
314046,HAMA,small_airport,Mekane Selam Airport,10.7254,38.7415,8405.0,AF,ET,ET-AM,Mekane Selam,False,HAMA,MKS,,,https://en.wikipedia.org/wiki/Mekane_Selam_Airport,
45477,63MI,heliport,Providence Hospital Heliport,42.489167,-83.521944,970.0,,US,US-MI,Novi,False,63MI,,63MI,,,
342,SNKK,small_airport,Caicó Airport,-6.439169884,-37.07830048,600.0,SA,BR,BR-RN,Caicó,False,SNKK,,SNKK,,,
325259,MX-0595,small_airport,Ayuquila Airport,25.223621,-111.759541,62.0,,MX,MX-BCS,Comondú,False,,,AYL,,,
345886,US-4604,closed,Arthur Ranch Airport,30.00615,-99.2242,2062.0,,US,US-TX,Kerrville,False,,,,,,
23971,P98,heliport,Southern Adams County Heliport,39.7612,-77.275297,530.0,,US,US-PA,Gettysburg,False,,,P98,http://www.penndot.gov/TravelInPA/airports-pa/Pages/Southern-Adams-County-Heliport.aspx,,1PS0
318843,ZA-0149,small_airport,Vosburg Airport,-30.588342,22.894196,,AF,ZA,ZA-NC,Vosburg,False,,,,,,
44912,RU-0218,small_airport,Bolshoye Gryzlovo Airfield,54.785,37.645,797.0,EU,RU,RU-MOS,Pushchino,False,UUDG,,,http://finam.aero/ostore/aerodrom_bg.html,,"Bolshoe Gryzlovo Airfield, Pushchino Airfield, Puschino Airfield, Аэродром Большое Грызлово, Аэродром Пущино"
337423,MX-1326,heliport,Agua Helipad,19.315123,-99.20561,7762.0,,MX,MX-DIF,Alvaro Obregon,False,,,HAG,,,
345127,BR-1577,heliport,Hospital Regional Norte Helipad,-3.676757,-40.369354,322.0,SA,BR,BR-CE,Sobral,False,SJWH,,CE0099,,,
20188,KISN,closed,Sloulin Field International Airport,48.177898,-103.641998,1982.0,,US,US-ND,Williston,False,KISN,ISN,ISN,,,
300657,US-0179,small_airport,Black Butte North Airport,47.84542,-109.18656,3230.0,,US,US-MT,Lloyd,False,,,BB0,,,
37705,SSWB,closed,Fazenda Sorte Grande Airport,-24.61,-52.36,2339.0,SA,BR,BR-PR,Roncador,False,SSWB,,,,,
353535,US-6695,heliport,Saint Andrews Abbey Heliport,34.45517,-117.87341,3635.0,,US,US-CA,Valyermo,False,,,,,,
7618,0WN0,small_airport,Rucilla's Roost Airport,48.13729858,-123.112999,15.0,,US,US-WA,Sequim,False,0WN0,,0WN0,,,
3867,KSBD,medium_airport,San Bernardino International Airport,34.095402,-117.235001,1159.0,,US,US-CA,San Bernardino,True,KSBD,SBD,SBD,http://sbdairport.com/,https://en.wikipedia.org/wiki/San_Bernardino_International_Airport,"Norton AFB, San Bernardino Air Depot"
340062,US-2983,small_airport,Blackburn Draw Airstrip,38.49628,-110.61386,,,US,US-UT,Hanksville,False,,,,,,
344602,JP-2182,heliport,Trusco Glen Check Building Helipad,34.67833,135.49374,,AS,JP,JP-27,Osaka,False,,,,,,
335737,BR-1014,small_airport,Estância Tejo Airport,-18.345003,-54.767174,1096.0,SA,BR,BR-MS,Coxim,False,SITJ,,MS0129,,,
39284,SCSR,small_airport,Segundo Corral Alto Airport,-42.08333206,-71.8638916,1200.0,SA,CL,CL-LL,Segundo Corral,False,SCSR,,,,,
321489,BY-0027,small_airport,Kisyali Airfield,54.028259,26.924768,,EU,BY,BY-MI,Kisyali,False,,,,,,
6334,SVVA,medium_airport,Arturo Michelena International Airport,10.14973259,-67.92839813,1411.0,SA,VE,VE-G,Valencia,True,SVVA,VLN,,,https://en.wikipedia.org/wiki/Arturo_Michelena_International_Airport,
35167,AGGF,small_airport,Fera/Maringe Airport,-8.1075,159.576996,,OC,SB,SB-IS,Fera Island,True,AGGF,FRE,,,https://en.wikipedia.org/wiki/Fera_Airport,Santa Isabel Islands
330882,RU-0505,closed,Gorokhovets Airport,56.180573,42.668519,500.0,EU,RU,RU-VLA,Gorokhovets,False,,,,,,
336762,JP-0494,heliport,Mie Heart Center Heliport,34.55729,136.65028,-3.0,AS,JP,JP-24,Meiwa,False,,,,,,
348182,US-5390,small_airport,Speed Bag UAS Strip,33.27345,-115.41179,295.0,,US,US-CA,Niland,False,,,,,,
319358,NO-0062,small_airport,Trøgstad Airfield,59.68386,11.295353,,EU,NO,NO-30,,False,,,,,,
43473,FR-0133,heliport,Usine Renault Heliport,50.36222076,3.037777901,95.0,EU,FR,FR-HDF,Douai,False,,,,,,
348352,US-5459,closed,Ringer Airport,42.21721,-86.33822,714.0,,US,US-MI,Coloma,False,,,,,,
351229,KR-0095,heliport,Parc 1 Tower A Heliport,37.52666,126.92728,,AS,KR,KR-11,Seoul,False,,,,,,
316158,IT-0140,small_airport,Aviosuperficie Pravisdomini,45.824167,12.685278,,EU,IT,IT-36,Pravisdomini (PN),False,,,PNPRA,,,Pordenone
2264,EDQT,small_airport,Flugplatz Haßfurt-Schweinfurt,50.018055,10.529444,719.0,EU,DE,DE-BY,Haßfurt,False,EDQT,,,,,
12599,5OK3,small_airport,Stearmans Roost Airport,36.48839951,-95.14389801,702.0,,US,US-OK,Vinita,False,5OK3,,5OK3,,,
12897,63CO,small_airport,Hendricks Field At West Creek Ranch Airport,38.70550156,-108.9369965,4820.0,,US,US-CO,Gateway,False,63CO,,63CO,,,
12472,5MA4,heliport,Double A Heliport,41.92449951,-70.7696991,90.0,,US,US-MA,Carver,False,5MA4,,5MA4,,,
319462,IT-0291,small_airport,"Campo di Volo ""Sky Ufita""",41.046165,15.121532,1148.0,EU,IT,IT-72,Frigento (AV),False,,,AV01,,,
5043,NZNR,medium_airport,Hawke's Bay Airport,-39.465801,176.869995,6.0,OC,NZ,NZ-HKB,Napier,True,NZNR,NPE,,http://www.hawkesbay-airport.co.nz/,https://en.wikipedia.org/wiki/Napier_Airport,
19471,KCDH,small_airport,Harrell Field,33.62279892,-92.76339722,130.0,,US,US-AR,Camden,False,KCDH,CDH,CDH,,https://en.wikipedia.org/wiki/Harrell_Field,
324859,04FD,heliport,Tampa General Hospital Brandon Healthplex Heliport,27.929372,-82.336981,37.0,,US,US-FL,Brandon,False,04FD,,04FD,,,
37077,SNEY,small_airport,Fazenda Lagoa do Morro Airport,-13.10249996,-39.90361023,2666.0,SA,BR,BR-BA,Brejões,False,SNEY,,,,,
348030,US-5273,heliport,South Cameron Memorial Hospital Heliport,29.80835,-93.16628,4.0,,US,US-LA,Cameron,False,,,,,,
10008,32LS,small_airport,Stevens Strip,30.41959953,-90.35900116,13.0,,US,US-LA,Ponchatoula,False,32LS,,32LS,,,
18116,IN47,small_airport,White Airport,39.77360153,-84.92279816,1140.0,,US,US-IN,Richmond,False,IN47,,IN47,,,
21962,ME32,small_airport,Ruby Field,45.089204,-69.260635,500.0,,US,US-ME,Sangerville,False,ME32,,ME32,,,Morrel Field
41151,FAZP,small_airport,Mazeppa Bay Airport,-32.472152,28.65052,13.0,AF,ZA,ZA-EC,Mazeppa Bay,False,FAZP,,,,,Kob Inn Airstrip
4842,MULB,small_airport,Ciudad Libertad Airport,23.09390068,-82.43810272,98.0,,CU,CU-03,Havana,False,MULB,,,,,
340754,JP-1306,heliport,Higashisawa Helipad,36.45182,137.686616,,AS,JP,JP-20,Omachi,False,,,,,,
330736,MX-1016,heliport,Milenio Diario Antes Novedades Editores Heliport,19.431855,-99.148564,7402.0,,MX,MX-DIF,Cuauhtémoc,False,,,HMD,,,
353326,SI2D,small_airport,Aldeia Yawa Airport,1.353298,-56.130524,981.0,SA,BR,BR-PA,Oriximiná,False,SI2D,,PA0283,,,
345122,HK-0079,closed,Kai Tak Hong Kong Flying Club Heliport,22.32463,114.19064,,AS,HK,HK-U-A,"Kowloon City, Kowloon",False,,,,,,
46134,RU-0309,small_airport,Kholodnogorskiy Airfield,44.983,42.118,,EU,RU,RU-STA,Stavropol,False,,,,,,"Kholodnogorsky Airfield, Аэродром Холодногорский"
19666,KDUX,small_airport,Moore County Airport,35.85789871,-102.0130005,3705.0,,US,US-TX,Dumas,False,KDUX,,DUX,,,
2060,DABB,medium_airport,Rabah Bitat Airport,36.826781,7.81334,16.0,AF,DZ,DZ-23,Annaba,True,DABB,AAE,,,https://en.wikipedia.org/wiki/Rabah_Bitat_Airport,"Les Salines Airport, El Mellah Airport, Annabah"
46058,US-0145,closed,Viejo Ranch Ultralightport,29.607211,-98.720842,1375.0,,US,US-TX,Helotes,False,,,,,,
316198,CA-0557,closed,Fort Providence Water Aerodrome,61.35,-117.651,470.0,,CA,CA-NT,Fort Providence,False,,,CEX7,,https://en.wikipedia.org/wiki/Fort_Providence_Water_Aerodrome,EX7
327282,US-0865,heliport,Rancho Milagro Heliport,36.535953,-105.652823,6917.0,,US,US-NM,Taos,False,NM13,,NM13,,,
35116,RU-3686,medium_airport,Vorotynsk Air Base,54.46829987,36.07329941,545.0,EU,RU,RU-KLU,Vorotynsk,False,,,,,https://en.wikipedia.org/wiki/Vorotynsk_(air_base),"Oreshkovo Air Base, Аэродром Воротынск, Аэродром Орешково"
11919,52KY,small_airport,Air Castle Airport,38.11809921,-84.30239868,900.0,,US,US-KY,Paris,False,52KY,,52KY,,,
321027,GB-0460,small_airport,Woonton Airstrip,52.1626,-2.9462,399.0,EU,GB,GB-ENG,Woonton,False,,,,,,
317137,AU-0055,heliport,Brooklyn Oval Helicopter Landing Site,-33.5473,151.215684,33.0,OC,AU,AU-NSW,Brooklyn,False,,,OZHJG,,,
43254,LECT,small_airport,El Castaño Airport,39.01070023,-4.386360168,2116.0,EU,ES,ES-CM,Luciana,False,LECT,,,,,
42597,KE-6123,small_airport,Namanga Airport,-2.579388889,36.91216667,4080.0,AF,KE,KE-700,Namanga,False,,,,,,
25118,TX00,small_airport,Abilene Executive Airpark,32.44889832,-99.62000275,1822.0,,US,US-TX,Abilene,False,TX00,,TX00,,,
40984,SK-139,small_airport,La Cabaña Airport,3.04428,-76.4106,3554.0,SA,CO,CO-CAU,Caloto,False,,,CTO,,,
21756,MA14,heliport,Wheeler's Point Heliport,42.6393013,-70.68029785,35.0,,US,US-MA,Gloucester,False,MA14,,MA14,,,
203,SDTF,small_airport,Tatuí Airport,-23.33189964,-47.87829971,2083.0,SA,BR,BR-SP,Tatuí,False,SDTF,,SDTF,,,
326056,PH-0138,heliport,Allied Bank Center Heliport,14.554888,121.023465,,AS,PH,PH-00,Makati,False,,,,,,Allied Bank Center
337654,PH-0212,heliport,Medical City Helipad,14.589721,121.069081,,AS,PH,PH-00,Pasig,False,,,,,,
35667,SDPB,heliport,Pedreira Pau Pedra Heliport,-23.350821,-46.425712,2739.0,SA,BR,BR-SP,Guarulhos,False,SDOH,,SP0395,,,SDPB
353402,ZA-0291,heliport,Tshepong Hospital,-26.88738,26.61672,4373.0,AF,ZA,ZA-NW,Klerksdorp,False,,,,,,
316586,LLYO,small_airport,Yotvata Airfield,29.901111,35.0675,249.0,AS,IL,IL-D,Yotvata,False,LLYT,YOT,,,https://en.wikipedia.org/wiki/Yotvata_Airfield,
16480,AZ93,heliport,Toyota Arizona Proving Ground Heliport,33.74309921,-112.7679977,1660.0,,US,US-AZ,Wickenburg,False,AZ93,,AZ93,,,
322294,US-0442,small_airport,Hefner Farms Airport,34.603617,-102.859839,4159.0,,US,US-TX,Bovina,False,7TS9,,7TS9,,,
1095,CJM4,small_airport,Gravelbourg Airport,49.86620712,-106.5710754,2296.0,,CA,CA-SK,Gravelbourg,False,CJM4,,CJM4,,https://en.wikipedia.org/wiki/Gravelbourg_Airport,JM4
1379,CPB3,heliport,Welland (County General Hospital) Heliport,42.97757646,-79.24974918,585.0,,CA,CA-ON,Welland,False,CPB3,,CPB3,,,PB3
345874,US-4593,closed,Ward Family Airport,33.80651,-96.67454,695.0,,US,US-TX,Pottsboro,False,,,,,,
3885,KSKA,medium_airport,Fairchild Air Force Base,47.615101,-117.655998,2461.0,,US,US-WA,Spokane,False,KSKA,SKA,SKA,http://www.fairchild.af.mil/,https://en.wikipedia.org/wiki/Fairchild_Air_Force_Base,
31341,FZCY,small_airport,Yuki Airport,-4.083000183,19.43300056,1398.0,AF,CD,CD-BN,Yuki,False,FZCY,,,,,
46187,SDQX,small_airport,Fazenda Esperança Airport,-23.867778,-48.805278,2267.0,SA,BR,BR-SP,Itapeva,False,SIHP,,SP0179,,,SDQX
344365,US-4075,small_airport,Black Butte West Airport,47.8415,-109.204028,,,US,US-MT,Lloyd,False,,,,,,
336547,BR-1131,small_airport,Comandante Zequinha / Grand Lake Airport,-16.671783,-48.010262,2690.0,SA,BR,BR-GO,Luziânia,False,SJGL,,GO0073,,,
27681,YKID,small_airport,Kidston Airport,-18.87000084,144.1730042,494.0,OC,AU,AU-QLD,,False,YKID,,,,,
15156,8PN8,heliport,Rorer Group Heliport,40.14179993,-75.18849945,182.0,,US,US-PA,Fort Washington,False,8PN8,,8PN8,,,
38312,YCWO,small_airport,Chatsworth Airport,-37.852763,142.620993,,OC,AU,AU-VIC,,False,YCWO,,,,,
354398,VN-0023,heliport,Hospital helipad,8.644365,111.918647,,AS,VN,VN-SCC,Trường Sa (Đảo Trường Sa / Spratly Island),False,,,,,https://en.wikipedia.org/wiki/Spratly_Island,
322229,6XA7,heliport,Baylor Scott & White Medical Center - McKinney Heliport,33.220344,-96.683478,631.0,,US,US-TX,McKinney,False,6XA7,,6XA7,,,
30077,FBTL,small_airport,Limpopo Valley Airport,-22.18919945,29.12689972,1772.0,AF,BW,BW-CE,Tuli Lodge,True,FBLV,TLD,,,,
312153,AT-0004,heliport,Güssing Hospital Helipad,47.04977,16.3217,731.0,EU,AT,AT-1,Güssing,False,,,,,,
4242,LFTW,medium_airport,Nîmes-Arles-Camargue Airport,43.75740051,4.416349888,309.0,EU,FR,FR-OCC,Nîmes/Garons,True,LFTW,FNI,,,https://en.wikipedia.org/wiki/N%C3%AEmes-Arles-Camargue_Airport,
20074,KHPT,small_airport,Hampton Municipal Airport,42.72370148,-93.2263031,1176.0,,US,US-IA,Hampton,False,KHPT,HPT,HPT,,,
12367,5GA4,small_airport,Air Acres Airport,34.10589981,-84.44850159,918.0,,US,US-GA,Woodstock,False,5GA4,,5GA4,,,
37188,SNNM,small_airport,Entre Rios - Vitória Airport,-25.56611061,-51.49666595,3602.0,SA,BR,BR-PR,Guarapuava,False,SNNM,,,,,
37412,SSBX,small_airport,Fazenda Lageado Airport,-18.44166756,-54.79999924,696.0,SA,BR,BR-MS,Coxim,False,SSBX,,,,,
315956,FR-0329,small_airport,Ulmodrome de Limoux,43.05666,2.22633,,EU,FR,FR-NAQ,Limoux,False,,,LF1153,,,
1411,CPG9,heliport,Renfrew (Victoria Hospital) Heliport,45.48249817,-76.69609833,400.0,,CA,CA-ON,Renfrew,False,CPG9,,CPG9,,,PG9
10055,33MI,closed,Great Lakes Airport,46.0666,-88.007599,1300.0,,US,US-MI,Sagola,False,,,,,,33MI
339533,US-2830,closed,Timberline Quarter Horse Farm Airport,47.9602,-122.75893,,,US,US-WA,Chimacum,False,,,,,,
349645,US-5702,heliport,Scorpion Ranch Heliport,34.05199,-119.56434,270.0,,US,US-CA,Santa Cruz Island,False,,,,,,
26341,Y98,small_airport,Grand Marais Airport,46.62080002,-85.91680145,838.0,,US,US-MI,Grand Marais,False,Y98,,Y98,,,
1785,CYKC,small_airport,Collins Bay Airport,58.23609924,-103.6780014,1341.0,,CA,CA-SK,Collins Bay,False,CYKC,YKC,,,https://en.wikipedia.org/wiki/Collins_Bay_Airport,YKC
347641,US-5160,small_airport,Happy Butt Private Airport,39.59593,-104.23376,5512.0,,US,US-CO,Byers,False,,,,,,
37030,SNAD,small_airport,Fazenda Águia Branca Airport,-3.327778101,-46.77972031,410.0,SA,BR,BR-MA,Gurupi,False,SNAD,,,,,
26962,YCOM,medium_airport,Cooma Snowy Mountains Airport,-36.300445,148.972408,3088.0,OC,AU,AU-NSW,Cooma,True,YCOM,OOM,,,https://en.wikipedia.org/wiki/Cooma_-_Snowy_Mountains_Airport,
355615,JP-3063,heliport,Iinocho Heliport,34.26722,133.83053,49.0,AS,JP,JP-37,Marugame,False,,,,,,
13396,6MO4,small_airport,Wixted Airport,38.04169846,-93.78350067,850.0,,US,US-MO,Osceola,False,6MO4,,6MO4,,,
19504,KCKC,small_airport,Grand Marais Cook County Airport,47.8382988,-90.38289642,1799.0,,US,US-MN,Grand Marais,False,KCKC,GRM,CKC,http://www.boreal.org/airport/,https://en.wikipedia.org/wiki/Grand_Marais/Cook_County_Airport,
324149,KR-0130,heliport,Odu Mountain Unification Observatory Helipad,37.773212,126.68008,,AS,KR,KR-41,Odu Mountain,False,,,,,,"Odu Mountain, Odusan"
343547,MV-0010,seaplane_base,Baglioni Resort Seaplane Base,2.9477,72.9167,,AS,MV,MV-17,Rinbudhoo,False,,,,,,Maagau
345170,PL-0182,small_airport,Czersk Świecki,53.5779,18.48456,,EU,PL,PL-KP,,False,,,,,,
22169,MN65,heliport,Meeker County Memorial Hospital Heliport,45.119802,-94.529851,1135.0,,US,US-MN,Litchfield,False,MN65,,MN65,,,
46449,HT-0002,small_airport,Anse-a-Galets Airport,18.841212,-72.880232,16.0,,HT,HT-OU,Anse-a-Galets,False,,,,,https://en.wikipedia.org/wiki/Anse-%C3%A0-Galets_Airport,MTAN
355109,US-6884,heliport,Crenshaw Community Hospital Heliport,31.693863,-86.265737,325.0,,US,US-AL,Luverne,False,AL06,,AL06,,,
25829,WN34,closed,Ethel International Airport,46.530427,-122.686658,580.0,,US,US-WA,Ethel,False,,,,,,WN34
345920,ZA-0240,small_airport,Kwande Airstrip,-33.133964,26.581936,,AF,ZA,ZA-U-A,,False,,,,,,
322876,05MN,heliport,Northern Pines Medical Center Heliport,47.5175001,-92.2302778,1446.0,,US,US-MN,Aurora,False,05MN,,05MN,,,
328563,KR-0967,heliport,Raemian Firstige Apartments Heliports,37.502815,127.001996,,AS,KR,KR-11,Seoul,False,,,,,,Raemian Firstige Apartment
43707,NL-0012,heliport,Vu Medisch Centrum Heliport,52.33433533,4.859110832,12.0,EU,NL,NL-NH,Amsterdam,False,,,,,,EH0001
16041,9WI6,small_airport,Kitty Hawk Estates Airport,45.10409927,-89.01679993,1500.0,,US,US-WI,Polar,False,9WI6,,9WI6,,,
35714,SDRV,heliport,VR Heliport,-23.59444427,-46.70694351,2614.0,SA,BR,BR-SP,São Paulo,False,SDRV,,,,,
352071,YKDD,small_airport,Koodaideri Mine Airport,-22.504291,119.07683,1473.0,OC,AU,AU-WA,Koodaideri Mine,False,YKDD,OOD,,https://www.riotinto.com/en/news/releases/2020/WAs-newest-airport-opens-at-Rio-Tintos-Gudai-Darri-mine,,Gudai-Darri
14004,79CO,heliport,Boulder Community Hospital Heliport,40.02780151,-105.2839966,5373.0,,US,US-CO,Boulder,False,79CO,,79CO,,,
28536,EDLB,small_airport,Borkenberge Airport,51.77999878,7.288055897,157.0,EU,DE,DE-NW,Dülmen,False,EDLB,,,http://www.borkenberge.com/,,
341795,MX-1605,small_airport,Aerofumigaciones Díaz Airstrip,25.823929,-108.644029,,,MX,MX-SIN,Sinaloa de Leyva,False,,,,,,
337023,BR-1173,heliport,Palácio Rio Madeira Helipad,-8.749503,-63.910357,492.0,SA,BR,BR-RO,Porto Velho,False,SJPA,,RO0043,,,
42915,UHBS,small_airport,Svobodny Airport,51.45500183,128.0983276,600.0,AS,RU,RU-AMU,Svobodny,False,UHBS,,,,https://en.wikipedia.org/wiki/Svobodny_Airport,
23589,OH23,heliport,O'Bleness Memorial Hospital Heliport,39.3266983,-82.11430359,720.0,,US,US-OH,Athens,False,OH23,,OH23,,,
19959,KGLR,small_airport,Gaylord Regional Airport,45.01350021,-84.70359802,1328.0,,US,US-MI,Gaylord,False,KGLR,GLR,GLR,http://www.gaylordregional.com/default.htm,https://en.wikipedia.org/wiki/Gaylord_Regional_Airport,Otsego County
28161,CKN6,closed,Armstrong/Waweig Lake Seaplane Base,50.133301,-89.116699,1025.0,,CA,CA-ON,,False,CKN6,,CKN6,,https://en.wikipedia.org/wiki/Armstrong/Waweig_Lake_Water_Aerodrome,
319609,IT-0323,small_airport,Valle Gaffaro Airfield,44.834414,12.231261,1.0,EU,IT,IT-45,Codigoro (FE),False,,,FEVGA,http://www.volodelta2000.net/,,"Valle Gaffaro, Volo Delta 2000, Aviosuperficie Valle Gaffaro"
28966,LFOS,small_airport,Aérodrome de Saint-Valery-Vittefleur,49.836102,0.655,272.0,EU,FR,FR-NOR,Blois,False,LFOS,,,,,
308315,DE-0060,small_airport,Segelflugplatz Karlstadt-Saupurzel,49.971234,9.790516,805.0,EU,DE,DE-BY,Karlstadt,False,,,,http://home.arcor-online.de/alois.laumer/platz-te/karlstad.htm,,
7841,13NK,heliport,Quaker Valley Farm Heliport,41.59749985,-73.53150177,1100.0,,US,US-NY,Pawling,False,13NK,,13NK,,,
17200,FA06,heliport,Pinellas County Sheriff's Building Heliport,27.89139938,-82.78929901,76.0,,US,US-FL,Largo,False,FA06,,FA06,,,
28447,CAB4,seaplane_base,Tofino Harbour Seaplane Base,49.155,-125.91,0.0,,CA,CA-BC,Tofino Harbour,False,CAB4,YTP,CAB4,,https://en.wikipedia.org/wiki/Tofino_Harbour_Water_Aerodrome,AB4
46275,RU-0388,heliport,Bor Heliport,55.35969145,37.72950768,,EU,RU,RU-MOS,Odintsovo,False,,,,,,Вертодром Бор
9647,2NK9,small_airport,Old Orchard Airpark,41.65719986,-74.07720184,660.0,,US,US-NY,Modena,False,2NK9,,2NK9,,,
29895,HEEM,closed,Giza Embaba Airport,30.074699,31.191401,59.0,AF,EG,EG-C,Cairo,False,HEEM,,,,,
41001,SK-188,small_airport,Alfemar Airport,7.010278,-77.676944,23.0,SA,CO,CO-CHO,Jurado,False,,,ALR,,,
24722,TA14,heliport,LYB Heliport,29.83573,-95.10889,41.0,,US,US-TX,Channelview,False,TA14,,TA14,,,LPC Heliport
324139,BR-0277,small_airport,Pindorama do Tocantins Airstrip,-11.151329,-47.580019,,SA,BR,BR-TO,Pindorama do Tocantins,False,,,,,,
37653,SSSP,small_airport,Fazenda Santa Delfina Airport,-20.04027748,-56.31000137,328.0,SA,BR,BR-MS,Miranda,False,SSSP,,,,,
23021,NH68,seaplane_base,Merrymeeting Lake Seaplane Base,43.47999954,-71.17019653,647.0,,US,US-NH,New Durham,False,NH68,,NH68,,,
350531,AU-0245,small_airport,Nobbys Creek private Strip,-28.29586,153.326306,,OC,AU,AU-NSW,Nobbys Creek,False,,,,,,
18794,K48S,small_airport,Harlem Airport,48.56610107,-108.7730026,2643.0,,US,US-MT,Harlem,False,K48S,,48S,,,
35941,SIEP,heliport,Riachuelo - Matriz Helipadt,-23.501068,-46.646276,2595.0,SA,BR,BR-SP,São Paulo,False,SIEP,,SP0484,,,
19087,K7V7,small_airport,Red Cloud Municipal Airport,40.08470154,-98.54060364,1744.0,,US,US-NE,Red Cloud,False,K7V7,,7V7,,,
343247,GB-0983,small_airport,Ringstead Private Airstrip,52.363769,-0.538888,,EU,GB,GB-ENG,Ringstead,False,,,,,,
334538,JP-0174,heliport,Health Plaza Toshima Helipad,35.7347,139.7153,,AS,JP,JP-13,"Toshima, Tokyo",False,,,,,,
21396,KX35,small_airport,Dunnellon Marion Co & Park of Commerce Airport,29.0618,-82.37660217,65.0,,US,US-FL,Dunnellon,False,X35,,X35,,https://en.wikipedia.org/wiki/Dunnellon/Marion_County_Airport,
24219,PR15,heliport,Parguera Heliport,17.97500038,-67.04440308,32.0,,PR,PR-U-A,Lajas,False,PR15,,PR15,,,
332817,US-1170,small_airport,Agape Farm Airport,44.060389,-120.798778,4003.0,,US,US-OR,Prineville,False,OR42,,OR42,,,
333844,MX-1180,small_airport,Hacienda Tulapan Airport,25.272912,-99.990606,1450.0,,MX,MX-NLE,Ciudad de Allende,False,,,RJV,,,
326917,KR-0236,heliport,Mukho Port Heliport,37.540345,129.115255,,AS,KR,KR-42,Mukho,False,,,,,,Mukho
11505,4LA0,seaplane_base,Port Sulphur Seaplane Base,29.46269989,-89.70279694,,,US,US-LA,Port Sulphur,False,4LA0,,4LA0,,,
331087,GB-0601,small_airport,Cadwell Park Farm Airstrip,53.316481,-0.072552,,EU,GB,GB-ENG,,False,,,,,,
24529,SD52,heliport,Avera Queen of Peace Hospital Heliport,43.71409988,-98.00869751,1386.0,,US,US-SD,Mitchell,False,SD52,,SD52,,,
5348,PACV,medium_airport,Merle K (Mudhole) Smith Airport,60.491798,-145.477997,54.0,,US,US-AK,Cordova,True,PACV,CDV,CDV,,https://en.wikipedia.org/wiki/Merle_K._(Mudhole)_Smith_Airport,Cordova Mile 13
337867,US-2124,small_airport,Bar T Bar Ranch / Chilson Landing Strip,35.028557,-110.985165,,,US,US-AZ,Winslow,False,,,,,,
1953,CYWV,small_airport,Wainwright Airport,52.79579926,-110.8570023,2230.0,,CA,CA-AB,Wainwright,False,CYWV,,,,https://en.wikipedia.org/wiki/Wainwright_Airport_(Alberta),YWV
17859,ID83,heliport,Saint Alphonsus Medical Center Heliport,43.554029,-116.568696,2535.0,,US,US-ID,Nampa,False,,,,,,"ID83, Mercy Heliport"
322788,KR-0031,heliport,Palhakgol Helipad,37.735647,126.832934,,AS,KR,KR-41,Palhakgol,False,,,,,,"Palhakgol, KR-0031"
36851,SJSL,small_airport,Fazenda Santa Luiza Airport,-23.350885,-53.499599,1162.0,SA,BR,BR-PR,Icaraima,False,SWAI,,PR0201,,,SJSL
353457,US-6664,heliport,Golden Acorn Plaza Heliport,32.70376,-116.35715,4145.0,,US,US-CA,Campo,False,,,,,,
6083,SETM,small_airport,Camilo Ponce Enriquez Airport,-3.99589,-79.371902,4056.0,SA,EC,EC-L,La Toma (Catamayo),True,SETM,LOH,,,https://en.wikipedia.org/wiki/Ciudad_de_Catamayo_Airport,
316111,US-0278,heliport,Williamson Memorial Hospital Helipad,37.6785,-82.2725,863.0,,US,US-WV,Williamson,False,,,,,,
336869,BR-1153,small_airport,Fazenda Platô Azul,-18.84797,-45.864098,3425.0,SA,BR,BR-MG,Tiros,False,SSWM,,MG0455,,,
29538,NA-0005,small_airport,Aranos Pan Landing Site,-24.1093998,19.28829956,3891.0,AF,,NA-HA,Aranos,False,,,,,,
25292,UT49,small_airport,Desert Aviation Airport,39.45940018,-112.6549988,4589.0,,US,US-UT,Delta,False,UT49,,UT49,,,
299729,70MI,heliport,Charlevoix Area Hospital Heliport,45.31406846,-85.27502596,185.0,,US,US-MI,Charlevoix,False,70MI,,70MI,,,
308604,EDHD,small_airport,Heilbad Heiligenstadt Airfield,51.40755,10.1453,1195.0,EU,DE,DE-TH,Heilbad Heiligenstadt,False,EDHD,,,,http://de.wikipedia.org/wiki/Flugplatz_G%C3%B6ttingen-Heilbad_Heiligenstadt,
346723,US-4904,heliport,Air Evac 40 Heliport,36.23819,-93.10752,1132.0,,US,US-AR,Harrison,False,,,,,,
21528,LA61,small_airport,Kenan Airstrip,30.008627,-92.238841,20.0,,US,US-LA,Kaplan,False,LA61,,LA61,,,
35459,SDCP,heliport,Hotel Sant`anna Heliport,-22.73666763,-46.74638748,2598.0,SA,BR,BR-SP,Amparo,False,SDCP,,,,,Fazenda Sant`anna
5384,PASK,small_airport,Selawik Airport,66.600098,-159.985992,17.0,,US,US-AK,Selawik,True,PASK,WLK,WLK,,https://en.wikipedia.org/wiki/Selawik_Airport,
10249,37OR,small_airport,Vey Sheep Ranch Airport,45.09320068,-118.3990021,4158.0,,US,US-OR,Starkey,False,37OR,,37OR,,,
641,CAS3,closed,Barkerville Airport,53.0881,-121.514999,4060.0,,CA,CA-BC,Barkerville,False,CAS3,,CAS3,,https://en.wikipedia.org/wiki/Barkerville_Airport,AS3
36533,SJFN,small_airport,Fazenda Brasil Novo Airport,-18.371768,-54.927159,752.0,SA,BR,BR-MS,Coxim,False,SJFN,,MS0163,,,
352985,CF-0011,small_airport,Kouango Airport,4.99107,19.98374,1237.0,AF,CF,CF-UK,Kouango,False,,,,,,
7814,13FA,small_airport,Earle Airpark,29.68928,-81.50689,25.0,,US,US-FL,Hastings,False,13FA,,13FA,,,
340398,IT-0674,heliport,Gorgona Heliport,43.425819,9.900663,,EU,IT,IT-52,Gorgona Scalo (LI),False,,,,,,
352823,AU-0409,small_airport,Ballycastle homestead airstrip,-30.186026,145.058815,,OC,AU,AU-NSW,Ballycastle homestead,False,,,,,,
118,BIBD,small_airport,Bildudalur Airport,65.64129639,-23.5461998,18.0,EU,IS,IS-4,Bildudalur,False,BIBD,BIU,,,,
15331,91TX,small_airport,Paisano Ranch Airport,28.39690018,-98.3628006,235.0,,US,US-TX,Calliham,False,91TX,,91TX,,,
323516,KR-0078,heliport,N-107 Helipad,36.043972,129.567363,500.0,AS,KR,KR-47,Pohang,False,,,RK9O,,,"RK9O, N-107, N 107, Ilchul-ro"
352467,JP-2958,heliport,Candeo Hotels Osaka Nanba Helipad,34.6707,135.50558,,AS,JP,JP-27,Osaka,False,,,,,,
8195,1AR0,small_airport,Breckenridge Airport,35.401013,-91.129231,221.0,,US,US-AR,Beedeville,False,1AR0,,1AR0,,,K37
4975,NLWW,medium_airport,Hihifo Airport,-13.23830032,-176.1990051,79.0,OC,WF,WF-U-A,Wallis Island,True,NLWW,WLS,,,https://en.wikipedia.org/wiki/Hihifo_Airport,
28765,EDXY,small_airport,Wyk auf Föhr Airport,54.68444443,8.52833271,26.0,EU,DE,DE-SH,Wyk auf Föhr,False,EDXY,OHR,,,,
344264,JP-2005,heliport,Kodera Medevac Heliport,34.55096,135.75513,157.0,AS,JP,JP-29,Koryo,False,,,,,,
322815,LDZI,small_airport,Ivanić-Grad Airstrip,45.719874,16.343272,374.0,EU,HR,HR-01,Ivanić-Grad,False,LDZI,,,,,
26822,WIBD,medium_airport,Pinang Kampai Airport,1.609114,101.433492,55.0,AS,ID,ID-RI,Dumai,True,WIBD,DUM,,,https://en.wikipedia.org/wiki/Pinang_Kampai_Airport,
26560,VIHX,small_airport,Halwara Air Force Station,30.748501,75.629799,790.0,AS,IN,IN-PB,Halwara,False,VIHX,,,,https://en.wikipedia.org/wiki/Halwara_Air_Force_Station,Ludhiana International Airport
29378,ESUH,small_airport,Myran Airport,62.63246918,17.9817009,,EU,SE,SE-Y,Härnösand,False,ESUH,,,,,
345301,28IA,small_airport,Pegtown Airport,40.985806,-91.090667,725.0,,US,US-IA,Mediapolis,False,28IA,,28IA,,,
328040,US-0886,seaplane_base,Lily Lake Seaplane Base,47.219743,-93.512675,1284.0,,US,US-MN,Grand Rapids,False,12MN,,12MN,,,
27843,YNOF,small_airport,Norfolk Airport,-19.33329964,138.3329926,,OC,AU,AU-QLD,,False,YNOF,,,,,
349915,US-5814,small_airport,Gregg Airport,33.41699,-102.05589,3308.0,,US,US-TX,Ropesville,False,,,,,,
27826,YMWX,small_airport,Marion Downs Airport,-23.363702,139.649663,,OC,AU,AU-QLD,Marion Downs,False,YMWX,MXD,,,https://sv.wikipedia.org/wiki/Marion_Downs_Airport,
18499,KXLL,small_airport,Allentown Queen City Municipal Airport,40.570105,-75.486763,399.0,,US,US-PA,Allentown,False,KXLL,,XLL,,https://en.wikipedia.org/wiki/Allentown_Queen_City_Municipal_Airport,"Formerly 1N9, JVU, KJVU, Convair Field"
310043,62LL,heliport,Rush Copley Emergency Center Heliport,41.65944,-88.46956,637.0,,US,US-IL,Yorkville,False,62LL,,62LL,,,
317003,IT-0174,small_airport,Ali Libere,42.829833,12.683383,,EU,IT,IT-55,Castelritaldi (PG),False,,,PGCRT,,,
13701,71OH,closed,Sattler Landing Strip,41.641701,-83.874901,700.0,,US,US-OH,Swanton,False,,,,,,71OH
339730,JP-1090,heliport,Kanma Memorial Hospital,36.97132,140.04882,,AS,JP,JP-09,Nasushiobara,False,,,,,,
31761,UUBA,medium_airport,Kostroma Sokerkino Airport,57.7969017,41.01940155,446.0,EU,RU,RU-KOS,Kostroma,True,UUBA,KMW,,http://www.kmtn.ru/~koao/,https://en.wikipedia.org/wiki/Kostroma_Airport,Аэропорт Кострома Сокеркино
44474,VEDZ,small_airport,Daporijo Airport,27.98550034,94.22280121,750.0,AS,IN,IN-AR,Daporijo,False,VEDZ,DEP,,,https://en.wikipedia.org/wiki/Daporijo_Airport,"Deparijo, Daparizo, Deparizo, DAE"
29475,LOLO,small_airport,Linz-East Airport,48.300044,14.333606,827.0,EU,AT,AT-4,Linz,False,LOLO,,,,,Noetsch im Gailtal
8768,1XS7,closed,Heath Canyon Airport,29.450199,-102.832001,1857.0,,US,US-TX,Terlingua,False,1XS7,,1XS7,,,
1658,CYAQ,medium_airport,Kasabonika Airport,53.52470016,-88.64279938,672.0,,CA,CA-ON,Kasabonika,True,CYAQ,XKS,,,https://en.wikipedia.org/wiki/Kasabonika_Airport,YAQ
333047,GB-0718,small_airport,Inglesham Private Airstrip,51.669934,-1.716056,,EU,GB,GB-ENG,,False,,,,,,
298402,CA-0471,small_airport,Colinville Field,42.865852,-82.360768,650.0,,CA,CA-ON,Mooretown,False,,,,,,
312151,LODO,heliport,Christophorus 16 Heliport,47.30526,16.18352,1079.0,EU,AT,AT-1,Oberwart,False,LODO,,,http://www.christophorus16.at/index.aspx,,
338719,US-2387,closed,Balfe Ranch Airport,36.87041,-119.57978,,,US,US-CA,Clovis,False,,,,,,
13119,68NM,small_airport,Flying H Ranch Airport,33.028964,-105.126393,5162.0,,US,US-NM,Mayhill,False,68NM,,68NM,,,
326815,PT-0126,small_airport,Pista do Minhéu,41.540026,-7.677877,,EU,PT,PT-17,Vila Pouca de Aguiar,False,,,,,,
302272,US-0222,closed,RAF Chailey,50.955278,-0.055556,,EU,GB,GB-ENG,East Sussex,False,,,,,https://en.wikipedia.org/wiki/RAF_Chailey,
4077,LFBZ,medium_airport,Biarritz-Anglet-Bayonne Airport,43.4683333,-1.5311111,245.0,EU,FR,FR-NAQ,Biarritz/Anglet/Bayonne,True,LFBZ,BIQ,,,https://en.wikipedia.org/wiki/Biarritz_-_Anglet_-_Bayonne_Airport,
328160,KR-0773,heliport,Lotte City Hotel Myeongdong Heliport,37.567217,126.988101,,AS,KR,KR-11,Seoul,False,,,,,,Lotte City Hotel Myeongdong
18787,K47K,small_airport,Moundridge Municipal Airport,38.20909882,-97.50270081,1489.0,,US,US-KS,Moundridge,False,K47K,,47K,,,
324636,UY-0005,small_airport,Joaquín Lenzina Airport,-31.868851,-55.498746,,SA,UY,UY-TA,Ansina,False,,,,,,
12352,5FL4,small_airport,Byrd Air Field,29.80080032,-81.50090027,21.0,,US,US-FL,Elkton,False,5FL4,,5FL4,,,
6168,SKTM,medium_airport,Gustavo Vargas Airport,6.45108,-71.7603,1050.0,SA,CO,CO-ARA,Tame,True,SKTM,TME,TME,,https://en.wikipedia.org/wiki/Gabriel_Vargas_Santos_Airport,
341735,AU-0180,heliport,Flinders Medical Centre Helipad,-35.020027,138.568577,,OC,AU,AU-SA,Bedford Park,False,,,,,,
46392,CU-0025,small_airport,La Escondida Airport,20.442415,-76.969357,10.0,,CU,CU-12,La Escondida,False,,,,,,
28439,CTM2,seaplane_base,Temagami/Mine Landing Seaplane Base,46.96030045,-80.02310181,962.0,,CA,CA-ON,,False,CTM2,,CTM2,,,
84,LBTG,small_airport,Targovishte Airport / Buhovtsi Airfield,43.306599,26.700899,666.0,EU,BG,BG-25,Buhovtsi,False,LBTG,TGV,,,https://en.wikipedia.org/wiki/Targovishte_Airport,"LB16, Bukhovtsi"
317738,GB-0274,small_airport,Little Staughton Airfield,52.242757,-0.3633024,,EU,GB,GB-ENG,,False,,,,,,
322480,US-0478,small_airport,Skyview Ranch Airport,30.382211,-99.619264,2064.0,,US,US-TX,Junction,False,7TA6,,7TA6,,,
31306,FZAU,small_airport,Konde Airport,-5.769707,12.250986,7.0,AF,CD,CD-BC,Konde,False,FZAU,,,,,
351045,US-6287,heliport,Memorial Medical Center Heliport,28.62024,-96.633,19.0,,US,US-TX,Port Lavaca,False,,,,,,
15394,93MS,small_airport,Shelby Air Service Airport,33.97159958,-90.76820374,154.0,,US,US-MS,Shelby,False,93MS,,93MS,,,
312691,ZA-0120,small_airport,Morningstar Airfield,-33.758944,18.548195,200.0,AF,ZA,ZA-WC,Cape Town,False,,,,http://www.wcmc.co.za,,
9274,29SC,small_airport,Hannah Rhea Field,32.90140152,-80.85359955,89.0,,US,US-SC,Walterboro,False,29SC,,29SC,,,
32255,SCAG,small_airport,Agua Santa Airport,-34.55147558,-71.33589149,476.0,SA,CL,CL-LI,Palmilla,False,SCAG,,,,,
342417,US-3377,closed,San Diego Airpark,32.80139,-117.19691,304.0,,US,US-CA,San Diego,False,,,,,,
28695,EDAR,small_airport,Pirna-Pratzschwitz Airfield,50.979603,13.908445,400.0,EU,DE,DE-SN,Pirna,False,EDAR,,,,,
44647,CY-0003,small_airport,Pınarbaşı Air Base,35.27646637,33.26728439,,AS,CY,CY-01,,False,,,,,,
32066,HKNY,medium_airport,Nanyuki Airport,-0.062399,37.041008,6250.0,AF,KE,KE-200,Nanyuki,True,HKNL,NYK,,,https://en.wikipedia.org/wiki/Nanyuki_Airport,
32320,SKVN,small_airport,Villanueva Airport,4.62472,-72.9469,1002.0,SA,CO,CO-CAS,Villanueva,False,SKVN,,VLA,,,
3515,KERI,medium_airport,Erie International Tom Ridge Field,42.083127,-80.173867,732.0,,US,US-PA,Erie,True,KERI,ERI,ERI,,https://en.wikipedia.org/wiki/Erie_International_Airport,
13375,6MI3,small_airport,Curt's Place Airport,42.76309967,-85.98280334,630.0,,US,US-MI,Zeeland,False,6MI3,,6MI3,,,
31280,FWNB,small_airport,Ngabu Airport,-16.498324,34.864218,450.0,AF,MW,MW-CK,Ngabu,False,FWNB,,,,,
333937,BR-0619,small_airport,Fazenda Eldorado da Formosa Airport,-17.908177,-56.565148,397.0,SA,BR,BR-MS,Corumbá,False,SSFI,,MS0267,,,
11647,4OH9,heliport,Bellevue Hospital Heliport,41.29169846,-82.84159851,750.0,,US,US-OH,Bellevue,False,4OH9,,4OH9,,,
38384,YHGR,small_airport,Hugh River Airport,-24.449255,133.708732,,OC,AU,AU-NT,,False,YHGR,,,,,
23726,OI82,small_airport,Russ Airport,38.91220093,-82.72489929,800.0,,US,US-OH,Jackson,False,OI82,,OI82,,,
6788,04OR,small_airport,Collins Landing Strip,44.74990082,-120.2009964,1500.0,,US,US-OR,Mitchell,False,04OR,,04OR,,,
2345,EFSI,medium_airport,Seinäjoki Airport,62.692101,22.8323,302.0,EU,FI,FI-03,Seinäjoki / Ilmajoki,True,EFSI,SJY,,,https://en.wikipedia.org/wiki/Sein%C3%A4joki_Airport,
43432,FR-0092,heliport,Toussus Le Noble Heliport,48.7496109,2.104070902,538.0,EU,FR,FR-IDF,Toussus Le Noble,False,,,,,,
20983,KRZN,small_airport,Burnett County Airport,45.8227005,-92.37249756,989.0,,US,US-WI,Siren,False,KRZN,,RZN,,,
38612,AU-0428,closed,Tuncurry Airport,-32.150002,152.483002,,OC,AU,AU-NSW,,False,,,,,,YTNC
342548,US-3427,small_airport,Ranchos Las Islas Airport,26.71523,-98.64392,489.0,,US,US-TX,Rio Grande City,False,,,,,,
