ID,Name,Sex,Age,Height,Weight,Team,NOC,Games,Year,Season,City,Sport,Event,Medal
9659,"Zachary Michael ""Zach"" Bell",M,25.0,175.0,75.0,Canada,CAN,2008 Summer,2008,Summer,Beijing,Cycling,Cycling Men's Points Race,
20463,Oleksandr Stepanovych Chernetskiy,M,32.0,195.0,130.0,Ukraine,UKR,2016 Summer,2016,Summer,Rio de Janeiro,Wrestling,"Wrestling Men's Super-Heavyweight, Greco-Roman",
3433,Sbastien Amiez,M,25.0,180.0,87.0,France,FRA,1998 Winter,1998,Winter,Nagano,Alpine Skiing,Alpine Skiing Men's Slalom,
31695,Pierre Eichhorn,M,,,,Belgium,BEL,1900 Summer,1900,Summer,Paris,Shooting,"Shooting Men's Free Pistol, 50 metres, Team",
5027,"Edwin Yancey ""Eddie"" Argo",M,36.0,,,United States,USA,1932 Summer,1932,Summer,Los Angeles,Equestrianism,"Equestrianism Men's Three-Day Event, Individual",
10111,Lorena Aida Benites Valverde,F,26.0,174.0,67.0,Ecuador,ECU,2008 Summer,2008,Summer,Beijing,Taekwondo,Taekwondo Women's Heavyweight,
33922,"Frederick William ""Fred"" Faller",M,24.0,178.0,59.0,United States,USA,1920 Summer,1920,Summer,Antwerpen,Athletics,"Athletics Men's Cross-Country, Individual",
2223,Edoardo Alaimo,M,,,,Italy,ITA,1912 Summer,1912,Summer,Stockholm,Fencing,"Fencing Men's Foil, Individual",
1539,Marina Aleksandrovna Aitova (Korzhova-),F,21.0,177.0,58.0,Kazakhstan,KAZ,2004 Summer,2004,Summer,Athina,Athletics,Athletics Women's High Jump,
27148,Rodrigo del Rosario,M,35.0,,59.5,Philippines,PHI,1952 Summer,1952,Summer,Helsinki,Weightlifting,Weightlifting Men's Featherweight,
20306,Chen Yan,F,17.0,168.0,59.0,China,CHN,1996 Summer,1996,Summer,Atlanta,Swimming,Swimming Women's 200 metres Backstroke,
1640,Giorgos Akhilleos,M,19.0,172.0,75.0,Cyprus,CYP,2000 Summer,2000,Summer,Sydney,Shooting,Shooting Men's Skeet,
27278,Jos Ral Delgado Diez,M,31.0,182.0,85.0,Cuba,CUB,1992 Summer,1992,Summer,Barcelona,Baseball,Baseball Men's Baseball,Gold
16846,Alberto Busnari,M,25.0,172.0,70.0,Italy,ITA,2004 Summer,2004,Summer,Athina,Gymnastics,Gymnastics Men's Horse Vault,
27259,Charles Delfosse,M,35.0,,,Dolfijn,BEL,1948 Summer,1948,Summer,London,Sailing,Sailing Mixed Three Person Keelboat,
29944,Judith Draxler (-Hutter),F,34.0,180.0,72.0,Austria,AUT,2004 Summer,2004,Summer,Athina,Swimming,Swimming Women's 100 metres Freestyle,
25173,Pascal Dangbo,M,24.0,179.0,80.0,Benin,BEN,1996 Summer,1996,Summer,Atlanta,Athletics,Athletics Men's 200 metres,
11374,Ludwig Bielenberg,M,22.0,,,Tom Kyle,GER,1952 Summer,1952,Summer,Helsinki,Sailing,Sailing Mixed 5.5 metres,
24334,Denis Claude Cunningham,M,26.0,187.0,71.0,Hong Kong,HKG,1976 Summer,1976,Summer,Montreal,Fencing,"Fencing Men's Foil, Team",
2031,Mohamed Amer Al-Rashed Al-Malky,M,21.0,176.0,62.0,Oman,OMA,1984 Summer,1984,Summer,Los Angeles,Athletics,Athletics Men's 400 metres,
21632,Maria Cioncan,F,27.0,172.0,57.0,Romania,ROU,2004 Summer,2004,Summer,Athina,Athletics,Athletics Women's 800 metres,
21598,Luigi Cimnaghi,M,24.0,170.0,66.0,Italy,ITA,1964 Summer,1964,Summer,Tokyo,Gymnastics,Gymnastics Men's Horse Vault,
1482,"Ingeborg ""Inge"" Aigner (-Weichert)",F,21.0,172.0,67.0,Austria,AUT,1964 Summer,1964,Summer,Tokyo,Athletics,Athletics Women's 100 metres,
26611,Jolanda de Rover (-Toussaint),F,24.0,185.0,70.0,Netherlands,NED,1988 Summer,1988,Summer,Seoul,Swimming,Swimming Women's 200 metres Backstroke,
33818,Claudia Carolina Fajardo Rodrguez,F,26.0,160.0,117.0,Honduras,HON,2012 Summer,2012,Summer,London,Shooting,"Shooting Women's Air Pistol, 10 metres",
3194,Sergio lvarez Aguilera,M,20.0,170.0,75.0,Cuba,CUB,1968 Summer,1968,Summer,Mexico City,Shooting,"Shooting Mixed Small-Bore Rifle, Three Positions, 50 metres",
16691,"William Lawrie ""Billy"" Burns",M,29.0,180.0,73.0,Winnipeg Shamrocks-1,CAN,1904 Summer,1904,Summer,St. Louis,Lacrosse,Lacrosse Men's Lacrosse,Gold
29505,Dorjiin Norolkhoo,F,18.0,148.0,45.0,Mongolia,MGL,1968 Summer,1968,Summer,Mexico City,Gymnastics,Gymnastics Women's Uneven Bars,
35084,Martial Fesselier,M,26.0,169.0,60.0,France,FRA,1988 Summer,1988,Summer,Seoul,Athletics,Athletics Men's 20 kilometres Walk,
4317,Karl Angerer,M,30.0,186.0,99.0,Germany-3,GER,2010 Winter,2010,Winter,Vancouver,Bobsleigh,Bobsleigh Men's Two,
12231,"Wilfred Harry ""Wilf"" Bleaden",M,21.0,,,Great Britain,GBR,1908 Summer,1908,Summer,London,Athletics,Athletics Men's Standing Long Jump,
33678,Walter Facchinetti,M,21.0,180.0,81.0,Italy,ITA,1968 Summer,1968,Summer,Mexico City,Boxing,Boxing Men's Light-Heavyweight,
30523,Mikho Ivanov Dukov,M,20.0,165.0,57.0,Bulgaria,BUL,1976 Summer,1976,Summer,Montreal,Wrestling,"Wrestling Men's Bantamweight, Freestyle",
18575,Fernando Carro Morillo,M,24.0,170.0,60.0,Spain,ESP,2016 Summer,2016,Summer,Rio de Janeiro,Athletics,"Athletics Men's 3,000 metres Steeplechase",
13931,Donatien Antonin Marie Bouch,M,46.0,,,L'Aile VI,FRA,1928 Summer,1928,Summer,Amsterdam,Sailing,Sailing Mixed 8 metres,Gold
1882,Jamal Ahmed Youssuf Al-Doseri,M,22.0,155.0,70.0,Bahrain,BRN,1992 Summer,1992,Summer,Barcelona,Cycling,Cycling Men's 100 kilometres Team Time Trial,
18121,Filippo Cristiano Caratti,M,22.0,178.0,68.0,Italy,ITA,1992 Summer,1992,Summer,Barcelona,Tennis,Tennis Men's Singles,
25132,Henryk Dampc,M,25.0,181.0,72.0,Poland,POL,1960 Summer,1960,Summer,Roma,Boxing,Boxing Men's Light-Middleweight,
2011,Ahmed Al-Kudmani,M,24.0,170.0,70.0,Saudi Arabia,KSA,2004 Summer,2004,Summer,Athina,Swimming,Swimming Men's 100 metres Breaststroke,
15126,Johannes Harmen Brink,M,16.0,,,Netherlands,NED,1928 Summer,1928,Summer,Amsterdam,Swimming,Swimming Men's 4 x 200 metres Freestyle Relay,
15047,Ilmrs Bricis,M,35.0,181.0,72.0,Latvia,LAT,2006 Winter,2006,Winter,Torino,Biathlon,Biathlon Men's 10 kilometres Sprint,
5515,Jean-Gabriel Asfar,M,,,,Egypt,EGY,1948 Summer,1948,Summer,London,Fencing,"Fencing Men's epee, Individual",
32299,Elizeu Antnio Ferreira Vinagre Godoy,M,18.0,,,Brazil,BRA,1964 Summer,1964,Summer,Tokyo,Football,Football Men's Football,
31710,Hans Eidenbenz,M,23.0,,,Switzerland,SUI,1924 Winter,1924,Winter,Chamonix,Cross Country Skiing,Cross Country Skiing Men's 18 kilometres,
29925,Georges Dransart,M,28.0,,,France,FRA,1952 Summer,1952,Summer,Helsinki,Canoeing,"Canoeing Men's Canadian Doubles, 1,000 metres",
19950,Philippe Chartrand,M,20.0,160.0,70.0,Canada,CAN,1984 Summer,1984,Summer,Los Angeles,Gymnastics,Gymnastics Men's Horse Vault,
27490,Gksay Demirhan,M,18.0,,,Turkey,TUR,1988 Winter,1988,Winter,Calgary,Alpine Skiing,Alpine Skiing Men's Giant Slalom,
7757,Marcello Barbieri,M,25.0,170.0,72.0,Italy,ITA,1996 Summer,1996,Summer,Atlanta,Gymnastics,Gymnastics Men's Floor Exercise,
13428,Gelindo Bordin,M,33.0,180.0,68.0,Italy,ITA,1992 Summer,1992,Summer,Barcelona,Athletics,Athletics Men's Marathon,
4782,Hirooki Arai,M,28.0,180.0,62.0,Japan,JPN,2016 Summer,2016,Summer,Rio de Janeiro,Athletics,Athletics Men's 50 kilometres Walk,Bronze
29896,Eduard Mihai Drguin,M,28.0,188.0,85.0,Romania,ROU,2012 Summer,2012,Summer,London,Water Polo,Water Polo Men's Water Polo,
28552,Askhat Rakhatovich Dilmukhamedov,M,25.0,176.0,74.0,Kazakhstan,KAZ,2012 Summer,2012,Summer,London,Wrestling,"Wrestling Men's Middleweight, Greco-Roman",
15941,Paulina Agata Brzena (-Bentkowska),F,26.0,163.0,56.0,Poland,POL,2008 Summer,2008,Summer,Beijing,Cycling,"Cycling Women's Road Race, Individual",
6640,Marie Flicite Bada,F,26.0,163.0,55.0,Benin,BEN,1988 Summer,1988,Summer,Seoul,Athletics,Athletics Women's 200 metres,
5716,John Jacob Astor,M,21.0,,,Great Britain,GBR,1908 Summer,1908,Summer,London,Racquets,Racquets Men's Singles,Bronze
16061,"Annemarie ""Mirl"" Buchner (Fischer-)",F,27.0,,,Germany,GER,1952 Winter,1952,Winter,Oslo,Alpine Skiing,Alpine Skiing Women's Downhill,Silver
27999,Saraswati Amit Dey-Saha,F,24.0,154.0,53.0,India,IND,2004 Summer,2004,Summer,Athina,Athletics,Athletics Women's 200 metres,
14875,Bernadette Brgeon-Hettich,F,20.0,168.0,54.0,France,FRA,1984 Summer,1984,Summer,Los Angeles,Canoeing,"Canoeing Women's Kayak Doubles, 500 metres",
7089,"Kungu ""Christine"" Bakombo",F,26.0,158.0,49.0,Congo (Kinshasa),COD,1988 Summer,1988,Summer,Seoul,Athletics,Athletics Women's 800 metres,
23682,Walter William Craner,M,21.0,,,Great Britain,GBR,1928 Summer,1928,Summer,Amsterdam,Athletics,Athletics Men's 4 x 400 metres Relay,
23346,Sven Erik Coster,M,25.0,183.0,61.0,Netherlands,NED,2004 Summer,2004,Summer,Athina,Sailing,Sailing Men's Two Person Dinghy,
22070,Hubert Sandor Clompe,M,25.0,,,Romania,ROU,1936 Winter,1936,Winter,Garmisch-Partenkirchen,Ski Jumping,"Ski Jumping Men's Normal Hill, Individual",
26327,Melanie de Lange,F,19.0,156.0,56.0,Netherlands,NED,1998 Winter,1998,Winter,Nagano,Short Track Speed Skating,Short Track Speed Skating Women's 500 metres,
3751,Kaj Andersen,M,28.0,185.0,108.0,Denmark,DEN,1972 Summer,1972,Summer,Munich,Athletics,Athletics Men's Discus Throw,
29708,"Roderick ""Rod"" Douglas",M,19.0,178.0,71.0,Great Britain,GBR,1984 Summer,1984,Summer,Los Angeles,Boxing,Boxing Men's Light-Middleweight,
7508,Lucien Bangels,M,,,,Belgium,BEL,1920 Summer,1920,Summer,Antwerpen,Athletics,"Athletics Men's 3,000 metres, Team",
32002,Mohamed El-Hachimi,M,27.0,,,Morocco,MAR,2008 Summer,2008,Summer,Beijing,Athletics,"Athletics Men's 10,000 metres",
515,Stphan Abrahamian Gonzalez,M,22.0,,,France,FRA,1968 Summer,1968,Summer,Mexico City,Cycling,"Cycling Men's Road Race, Individual",
1148,Krishnan Kumar Aggarwal,M,25.0,167.0,55.0,Kenya,KEN,1964 Summer,1964,Summer,Tokyo,Hockey,Hockey Men's Hockey,
12678,Henri Louis Borio,M,28.0,170.0,69.0,France,FRA,1980 Summer,1980,Summer,Moskva,Gymnastics,Gymnastics Men's Team All-Around,
33521,"Bettina ""Tina"" Evers",F,20.0,167.0,66.0,Germany,GER,2002 Winter,2002,Winter,Salt Lake City,Ice Hockey,Ice Hockey Women's Ice Hockey,
8884,Behzat Baydar,M,35.0,,,Marmara,TUR,1936 Summer,1936,Summer,Berlin,Sailing,Sailing Mixed Two Person Keelboat,
5788,Emmanouela Athanasiadi,F,39.0,176.0,65.0,Greece,GRE,2004 Summer,2004,Summer,Athina,Equestrianism,"Equestrianism Mixed Jumping, Team",
11008,Luigi Bestagini,M,28.0,,,Italy,ITA,1948 Winter,1948,Winter,Sankt Moritz,Ice Hockey,Ice Hockey Men's Ice Hockey,
4270,Vincent Atchouailou de Paul Angban,M,23.0,184.0,74.0,Cote d'Ivoire,CIV,2008 Summer,2008,Summer,Beijing,Football,Football Men's Football,
13078,Mirko Bonai,M,25.0,,,Yugoslavia,YUG,1928 Summer,1928,Summer,Amsterdam,Football,Football Men's Football,
26975,"Anthony Michael ""Tony"" Dees",M,28.0,193.0,90.0,United States,USA,1992 Summer,1992,Summer,Barcelona,Athletics,Athletics Men's 110 metres Hurdles,Silver
19473,Ali etiner,M,23.0,,,Turkey,TUR,1948 Summer,1948,Summer,London,Cycling,"Cycling Men's Road Race, Individual",
14139,Franois Bourque,M,21.0,182.0,88.0,Canada,CAN,2006 Winter,2006,Winter,Torino,Alpine Skiing,Alpine Skiing Men's Giant Slalom,
18826,Vra slavsk (-Odloilov),F,22.0,160.0,58.0,Czechoslovakia,TCH,1964 Summer,1964,Summer,Tokyo,Gymnastics,Gymnastics Women's Individual All-Around,Gold
18412,Arrigo Carnoli,M,20.0,,,Italy,ITA,1952 Summer,1952,Summer,Helsinki,Gymnastics,Gymnastics Men's Pommelled Horse,
13749,Slobodan Bokan,M,25.0,197.0,87.0,Serbia and Montenegro,SCG,2000 Summer,2000,Summer,Sydney,Volleyball,Volleyball Men's Volleyball,Gold
31957,Sherif El-Digwy,M,19.0,165.0,130.0,Egypt,EGY,1984 Summer,1984,Summer,Los Angeles,Judo,Judo Men's Heavyweight,
17221,Anton Cadar,M,23.0,168.0,68.0,Romania,ROU,1964 Summer,1964,Summer,Tokyo,Gymnastics,Gymnastics Men's Parallel Bars,
29097,Ahmet Dou,M,26.0,180.0,97.0,Turkey,TUR,2000 Summer,2000,Summer,Sydney,Wrestling,"Wrestling Men's Heavyweight, Freestyle",
20931,Seiken Cho,M,22.0,,,Japan,JPN,1932 Summer,1932,Summer,Los Angeles,Athletics,Athletics Men's 400 metres,
35011,Barbara Ann Ferrell (-Edmonson),F,21.0,159.0,47.0,United States,USA,1968 Summer,1968,Summer,Mexico City,Athletics,Athletics Women's 100 metres,Silver
3214,Renzo Alver,M,23.0,178.0,83.0,Italy-2,ITA,1956 Winter,1956,Winter,Cortina d'Ampezzo,Bobsleigh,Bobsleigh Men's Four,Silver
14656,Odd Arne Brandsegg,M,27.0,169.0,69.0,Sweden,SWE,1976 Winter,1976,Winter,Innsbruck,Ski Jumping,"Ski Jumping Men's Large Hill, Individual",
21976,Robin Clegg,M,28.0,175.0,70.0,Canada,CAN,2006 Winter,2006,Winter,Torino,Biathlon,Biathlon Men's 12.5 kilometres Pursuit,
5705,Kaspars Astaenko,M,26.0,191.0,92.0,Latvia,LAT,2002 Winter,2002,Winter,Salt Lake City,Ice Hockey,Ice Hockey Men's Ice Hockey,
25105,Manuel Damio,M,26.0,175.0,65.0,Portugal,POR,2004 Summer,2004,Summer,Athina,Athletics,"Athletics Men's 1,500 metres",
4000,"Ganpatrao Krishnaji ""Ganpat"" Andhalkar-Patil",M,29.0,183.0,97.0,India,IND,1964 Summer,1964,Summer,Tokyo,Wrestling,"Wrestling Men's Heavyweight, Freestyle",
32101,Amer El-Nady,M,25.0,180.0,74.0,Egypt,EGY,2000 Summer,2000,Summer,Sydney,Cycling,"Cycling Men's Road Race, Individual",
29592,Mrvio Kelly dos Santos,M,26.0,173.0,,Brazil,BRA,1960 Summer,1960,Summer,Roma,Water Polo,Water Polo Men's Water Polo,
16161,Weronika Krystyna Budny (Stempak-),F,30.0,163.0,53.0,Poland,POL,1972 Winter,1972,Winter,Sapporo,Cross Country Skiing,Cross Country Skiing Women's 10 kilometres,
8962,Bazaryn Skhbaatar,M,21.0,164.0,57.0,Mongolia,MGL,1964 Summer,1964,Summer,Tokyo,Wrestling,"Wrestling Men's Bantamweight, Freestyle",
22865,Tamsin Cook,F,17.0,170.0,61.0,Australia,AUS,2016 Summer,2016,Summer,Rio de Janeiro,Swimming,Swimming Women's 4 x 200 metres Freestyle Relay,Silver
5545,Qais Dad Ashfaq,M,23.0,170.0,56.0,Great Britain,GBR,2016 Summer,2016,Summer,Rio de Janeiro,Boxing,Boxing Men's Bantamweight,
34546,Felipe Anderson Perieira Gomes,M,23.0,178.0,66.0,Brazil,BRA,2016 Summer,2016,Summer,Rio de Janeiro,Football,Football Men's Football,Gold
17653,Rafael Camia Borda,M,24.0,170.0,65.0,Spain,ESP,1968 Summer,1968,Summer,Mexico City,Hockey,Hockey Men's Hockey,
27170,Michel Delafosse,M,24.0,174.0,73.0,France,FRA,1968 Summer,1968,Summer,Mexico City,Football,Football Men's Football,
15790,"Robert John ""Rob"" Bruniges",M,23.0,188.0,82.0,Great Britain,GBR,1980 Summer,1980,Summer,Moskva,Fencing,"Fencing Men's epee, Team",
1483,Nobuyuki Aihara,M,21.0,154.0,53.0,Japan,JPN,1956 Summer,1956,Summer,Melbourne,Gymnastics,Gymnastics Men's Parallel Bars,
13764,Edith Boss (-Wlti),F,18.0,172.0,60.0,Switzerland,SUI,1984 Summer,1984,Summer,Los Angeles,Synchronized Swimming,Synchronized Swimming Women's Duet,
12385,Birgit Blum (-Beck),F,24.0,,,Liechtenstein,LIE,1992 Summer,1992,Summer,Barcelona,Judo,Judo Women's Half-Middleweight,
34513,Sarah Felder,F,15.0,,,Italy,ITA,1972 Winter,1972,Winter,Sapporo,Luge,Luge Women's Singles,
4654,Tomomi Aoki,F,21.0,164.0,55.0,Japan,JPN,2016 Summer,2016,Summer,Rio de Janeiro,Swimming,Swimming Women's 4 x 200 metres Freestyle Relay,
15245,Gerhard Brockmller,M,27.0,174.0,68.0,East Germany,GDR,1968 Summer,1968,Summer,Mexico City,Equestrianism,"Equestrianism Mixed Dressage, Individual",
29857,Vladimir Petrovich Drachov,M,31.0,170.0,61.0,Russia,RUS,1998 Winter,1998,Winter,Nagano,Biathlon,Biathlon Men's 4 x 7.5 kilometres Relay,Bronze
14120,Edouard Bourguignon,M,32.0,,,Belgium,BEL,1920 Summer,1920,Summer,Antwerpen,Tug-Of-War,Tug-Of-War Men's Tug-Of-War,Bronze
30298,Hugues Duboscq,M,19.0,191.0,84.0,France,FRA,2000 Summer,2000,Summer,Sydney,Swimming,Swimming Men's 4 x 100 metres Medley Relay,
33933,Ladislav Falta,M,36.0,179.0,90.0,Czechoslovakia,TCH,1972 Summer,1972,Summer,Munich,Shooting,"Shooting Mixed Rapid-Fire Pistol, 25 metres",Silver
19068,Antonio Cattalinich,M,29.0,,,Italy,ITA,1924 Summer,1924,Summer,Paris,Rowing,Rowing Men's Coxed Eights,Bronze
10405,Espen Berg-Knutsen,M,30.0,186.0,80.0,Norway,NOR,2000 Summer,2000,Summer,Sydney,Shooting,"Shooting Men's Small-Bore Rifle, Three Positions, 50 metres",
28875,Slavica Djuki,F,28.0,174.0,73.0,Yugoslavia,YUG,1988 Summer,1988,Summer,Seoul,Handball,Handball Women's Handball,
16674,Derek Burnett,M,41.0,178.0,87.0,Ireland,IRL,2012 Summer,2012,Summer,London,Shooting,Shooting Men's Trap,
22794,Edickson Contreras Bracho,M,21.0,168.0,60.0,Venezuela,VEN,2012 Summer,2012,Summer,London,Diving,Diving Men's Springboard,
34359,Karl Otto Fazer,M,45.0,,,Finland,FIN,1912 Summer,1912,Summer,Stockholm,Shooting,Shooting Men's Trap,
532,Iason Abramashvili,M,25.0,176.0,82.0,Georgia,GEO,2014 Winter,2014,Winter,Sochi,Alpine Skiing,Alpine Skiing Men's Giant Slalom,
9994,Martin Bendk,M,20.0,187.0,95.0,Slovakia,SVK,2014 Winter,2014,Winter,Sochi,Alpine Skiing,Alpine Skiing Men's Combined,
11776,Ibrahim Hani Bisharat,M,20.0,175.0,66.0,Jordan,JOR,2004 Summer,2004,Summer,Athina,Equestrianism,"Equestrianism Mixed Jumping, Individual",
6871,Anke Baier-Loef,F,21.0,164.0,61.0,Germany,GER,1994 Winter,1994,Winter,Lillehammer,Speed Skating,"Speed Skating Women's 1,000 metres",Silver
27513,"Jeffery ""Jeff"" Demps",M,22.0,175.0,82.0,United States,USA,2012 Summer,2012,Summer,London,Athletics,Athletics Men's 4 x 100 metres Relay,
22356,"Philip Yates ""Phil"" Coleman",M,25.0,180.0,70.0,United States,USA,1956 Summer,1956,Summer,Melbourne,Athletics,"Athletics Men's 3,000 metres Steeplechase",
34378,Bruce Featherston,M,20.0,182.0,76.0,Australia,AUS,1972 Summer,1972,Summer,Munich,Swimming,Swimming Men's 200 metres Individual Medley,
11236,Gregor Bialowas,M,24.0,170.0,68.0,Austria,AUT,1984 Summer,1984,Summer,Los Angeles,Weightlifting,Weightlifting Men's Lightweight,
15047,Ilmrs Bricis,M,35.0,181.0,72.0,Latvia,LAT,2006 Winter,2006,Winter,Torino,Biathlon,Biathlon Men's 12.5 kilometres Pursuit,
29527,Irina Dorneanu,F,22.0,186.0,79.0,Romania,ROU,2012 Summer,2012,Summer,London,Rowing,Rowing Women's Coxed Eights,
20609,Chi (-Reel) Cheng,F,20.0,172.0,62.0,Chinese Taipei,TPE,1964 Summer,1964,Summer,Tokyo,Athletics,Athletics Women's Long Jump,
30093,Peter Willem Drost,M,26.0,192.0,84.0,Netherlands,NED,1984 Summer,1984,Summer,Los Angeles,Swimming,Swimming Men's 4 x 100 metres Freestyle Relay,
7623,Sergey Barabashin,M,22.0,,,Unified Team,EUN,1992 Summer,1992,Summer,Barcelona,Hockey,Hockey Men's Hockey,
3625,Galina Yakhorova Anakhrieva,F,21.0,185.0,84.0,Bulgaria,BUL,1988 Summer,1988,Summer,Seoul,Rowing,Rowing Women's Quadruple Sculls,
4316,Dietz Angerer,M,32.0,,,Breslau,AUT,1936 Summer,1936,Summer,Berlin,Sailing,Sailing Mixed One Person Dinghy,
26341,Erik Patrick Honor de Laval,M,31.0,,,Sweden,SWE,1920 Summer,1920,Summer,Antwerpen,Modern Pentathlon,Modern Pentathlon Men's Individual,Silver
19306,Jeena elnova-Prokopuka,F,23.0,168.0,52.0,Latvia,LAT,2000 Summer,2000,Summer,Sydney,Athletics,"Athletics Women's 10,000 metres",
3663,Kenneth Andam,M,24.0,172.0,79.0,Ghana,GHA,2000 Summer,2000,Summer,Sydney,Athletics,Athletics Men's 4 x 100 metres Relay,
10403,yvind Berg,M,20.0,185.0,73.0,Norway,NOR,1992 Winter,1992,Winter,Albertville,Ski Jumping,"Ski Jumping Men's Large Hill, Individual",
14483,Kevin M. Bracken,M,28.0,168.0,63.0,United States,USA,2000 Summer,2000,Summer,Sydney,Wrestling,"Wrestling Men's Lightweight, Greco-Roman",
33312,Frode Estil,M,33.0,188.0,82.0,Norway,NOR,2006 Winter,2006,Winter,Torino,Cross Country Skiing,Cross Country Skiing Men's 15 kilometres,
31859,"Karl-Axel Kennert ""Kenneth"" Ekman",M,26.0,188.0,84.0,Sweden,SWE,1972 Winter,1972,Winter,Sapporo,Ice Hockey,Ice Hockey Men's Ice Hockey,
7818,Walter Edward Bardgett,M,19.0,,,Bermuda,BER,1952 Summer,1952,Summer,Helsinki,Swimming,"Swimming Men's 1,500 metres Freestyle",
25032,Olav Dalsren,M,25.0,,,Norway,NOR,1964 Winter,1964,Winter,Innsbruck,Ice Hockey,Ice Hockey Men's Ice Hockey,
24985,Muharrem Dalkl,M,26.0,178.0,70.0,Turkey,TUR,1964 Summer,1964,Summer,Tokyo,Athletics,"Athletics Men's 5,000 metres",
20603,Milcah Chemos Cheywa,F,26.0,162.0,48.0,Kenya,KEN,2012 Summer,2012,Summer,London,Athletics,"Athletics Women's 3,000 metres Steeplechase",
25646,"Sharron Elizabeth Davies (-Crisp, -Redmond, -Kingston)",F,13.0,180.0,67.0,Great Britain,GBR,1976 Summer,1976,Summer,Montreal,Swimming,Swimming Women's 200 metres Backstroke,
16640,"Kristan A. ""Kris"" Burley",M,22.0,165.0,66.0,Canada,CAN,1996 Summer,1996,Summer,Atlanta,Gymnastics,Gymnastics Men's Parallel Bars,
6330,Tahar Aziz,M,17.0,165.0,48.0,Morocco,MAR,1968 Summer,1968,Summer,Mexico City,Boxing,Boxing Men's Light-Flyweight,
20406,Anna Sergeyevna Chepeleva,F,16.0,,,Russia,RUS,2000 Summer,2000,Summer,Sydney,Gymnastics,Gymnastics Women's Horse Vault,
31646,Ralf Ehrenbrink,M,28.0,186.0,70.0,West Germany,FRG,1988 Summer,1988,Summer,Seoul,Equestrianism,"Equestrianism Mixed Three-Day Event, Individual",
26017,Keith Dudley De Casseres,M,50.0,178.0,68.0,West Indies Federation,WIF,1960 Summer,1960,Summer,Roma,Shooting,"Shooting Men's Free Pistol, 50 metres",
29791,Burton Cecil Downing,M,19.0,,,United States,USA,1904 Summer,1904,Summer,St. Louis,Cycling,Cycling Men's 1/4 mile,Silver
5240,Jean-Marie Arnould,M,22.0,186.0,,Belgium,BEL,1988 Summer,1988,Summer,Seoul,Swimming,Swimming Men's 400 metres Freestyle,
3204,Ana Beln lvaro Bascuana,F,23.0,168.0,,Spain,ESP,1992 Summer,1992,Summer,Barcelona,Basketball,Basketball Women's Basketball,
4515,"Michael E. ""Mike"" Anti",M,36.0,173.0,73.0,United States,USA,2000 Summer,2000,Summer,Sydney,Shooting,"Shooting Men's Small-Bore Rifle, Three Positions, 50 metres",
24203,Jorge Cuervo Rivero,M,22.0,170.0,74.0,Cuba,CUB,1972 Summer,1972,Summer,Munich,Gymnastics,Gymnastics Men's Parallel Bars,
20289,Chen Xiaodong,F,24.0,179.0,69.0,China,CHN,2012 Summer,2012,Summer,London,Fencing,"Fencing Women's Sabre, Individual",
14076,"Anastasios ""Tasos"" Bountouris",M,28.0,186.0,103.0,Greece,GRE,1984 Summer,1984,Summer,Los Angeles,Sailing,Sailing Mixed Three Person Keelboat,
34901,Merwyn Fernandis,M,21.0,159.0,62.0,India,IND,1980 Summer,1980,Summer,Moskva,Hockey,Hockey Men's Hockey,Gold
28676,Yohann Diniz,M,30.0,185.0,66.0,France,FRA,2008 Summer,2008,Summer,Beijing,Athletics,Athletics Men's 50 kilometres Walk,
24703,Hlcio Buck da Silva,M,24.0,,,Brazil,BRA,1952 Summer,1952,Summer,Helsinki,Athletics,Athletics Men's Pole Vault,
30643,Krasimir Nikolaev Dunev,M,19.0,170.0,65.0,Bulgaria,BUL,1992 Summer,1992,Summer,Barcelona,Gymnastics,Gymnastics Men's Individual All-Around,
10265,Pierre-Yves Bny,M,21.0,165.0,60.0,France,FRA,2004 Summer,2004,Summer,Athina,Gymnastics,Gymnastics Men's Horse Vault,
8476,Valma Bass,F,26.0,168.0,65.0,Saint Kitts and Nevis,SKN,2000 Summer,2000,Summer,Sydney,Athletics,Athletics Women's 100 metres,
25405,Sbastien Darrigade,M,20.0,176.0,68.0,France,FRA,1992 Summer,1992,Summer,Barcelona,Gymnastics,Gymnastics Men's Parallel Bars,
29418,"Joseph Augustin ""Auguste"" Donny",M,49.0,,,Mignon-29,FRA,1900 Summer,1900,Summer,Paris,Sailing,Sailing Mixed Open,
8996,Margot Jeanne Olga Emilie Brentzen (-Jersild),F,21.0,,,Denmark,DEN,1928 Summer,1928,Summer,Amsterdam,Fencing,"Fencing Women's Foil, Individual",
2029,Saeed bin Hasher Al-Maktoum,M,23.0,176.0,88.0,United Arab Emirates,UAE,2000 Summer,2000,Summer,Sydney,Shooting,Shooting Men's Skeet,
14816,Frank Brazier,M,26.0,177.0,53.0,Australia,AUS,1960 Summer,1960,Summer,Roma,Cycling,Cycling Men's 100 kilometres Team Time Trial,
5709,Amrico Daniel Astete,M,16.0,173.0,67.0,Argentina,ARG,1984 Winter,1984,Winter,Sarajevo,Alpine Skiing,Alpine Skiing Men's Downhill,
18763,Helena Casas Roige,F,28.0,163.0,63.0,Spain,ESP,2016 Summer,2016,Summer,Rio de Janeiro,Cycling,Cycling Women's Keirin,
20097,Ion Checiche,M,21.0,169.0,66.0,Romania,ROU,1976 Summer,1976,Summer,Montreal,Gymnastics,Gymnastics Men's Team All-Around,
11136,Hans-Georg Beyer,M,23.0,189.0,96.0,East Germany,GDR,1980 Summer,1980,Summer,Moskva,Handball,Handball Men's Handball,Gold
3629,Zoya Sergeyevna Ananchenko,F,19.0,165.0,67.0,Kazakhstan,KAZ,2016 Summer,2016,Summer,Rio de Janeiro,Canoeing,"Canoeing Women's Kayak Singles, 500 metres",
6160,Mohd Azizulhasni Awang,M,24.0,166.0,69.0,Malaysia,MAS,2012 Summer,2012,Summer,London,Cycling,Cycling Men's Keirin,
13818,Santiago Botero Echeverry,M,35.0,175.0,75.0,Colombia,COL,2008 Summer,2008,Summer,Beijing,Cycling,Cycling Men's Individual Time Trial,
1569,Kriss Kezie Uche Chukwu Duru Akabusi,M,29.0,185.0,81.0,Great Britain,GBR,1988 Summer,1988,Summer,Seoul,Athletics,Athletics Men's 400 metres Hurdles,
35509,Friedrich Fischer,M,28.0,,,Austria,AUT,1936 Summer,1936,Summer,Berlin,Athletics,"Athletics Men's 5,000 metres",
3247,Romanos Iasonas Alyfantis,M,18.0,183.0,73.0,Greece,GRE,2004 Summer,2004,Summer,Athina,Swimming,Swimming Men's 200 metres Breaststroke,
30263,Wanda Dubieska (Nowak-),F,28.0,,,Poland,POL,1924 Summer,1924,Summer,Paris,Fencing,"Fencing Women's Foil, Individual",
32018,Ali El-Hefnawi,M,,,,Egypt,EGY,1948 Summer,1948,Summer,London,Gymnastics,Gymnastics Men's Team All-Around,
11437,"Mary Denise Bignal-Rand (-Toomey, -Reese)",F,24.0,173.0,61.0,Great Britain,GBR,1964 Summer,1964,Summer,Tokyo,Athletics,Athletics Women's Long Jump,Gold
12515,Adolfo Bocchi,M,,,,Italy-2,ITA,1924 Winter,1924,Winter,Chamonix,Bobsleigh,Bobsleigh Men's Four/Five,
13313,Annick Bonzon (-Anner),F,20.0,172.0,66.0,Switzerland,SUI,1992 Winter,1992,Winter,Albertville,Alpine Skiing,Alpine Skiing Women's Slalom,
19877,Jean-Marie Chardonnens,M,25.0,187.0,90.0,Switzerland,SUI,1968 Summer,1968,Summer,Mexico City,Wrestling,"Wrestling Men's Middleweight, Greco-Roman",
5763,Svetoslav Atanasov,M,27.0,175.0,70.0,Bulgaria,BUL,1988 Winter,1988,Winter,Calgary,Cross Country Skiing,Cross Country Skiing Men's 4 x 10 kilometres Relay,
10389,Laura Kay Berg,F,25.0,168.0,61.0,United States,USA,2000 Summer,2000,Summer,Sydney,Softball,Softball Women's Softball,Gold
23471,Joyce C. Court (-Wilson),F,,,,Canada,CAN,1948 Summer,1948,Summer,London,Swimming,Swimming Women's 4 x 100 metres Freestyle Relay,
11042,"Timothy ""Tim"" Bethune",M,22.0,187.0,82.0,Canada,CAN,1984 Summer,1984,Summer,Los Angeles,Athletics,Athletics Men's 4 x 400 metres Relay,
26284,Sonia de la Paz Galan,F,31.0,185.0,80.0,Cuba,CUB,1980 Summer,1980,Summer,Moskva,Basketball,Basketball Women's Basketball,
24082,Gnther Csar,M,21.0,180.0,72.0,Austria,AUT,1988 Winter,1988,Winter,Calgary,Nordic Combined,Nordic Combined Men's Team,Bronze
22313,Marcel Colau,M,,,,France,FRA,1948 Summer,1948,Summer,London,Football,Football Men's Football,
33377,Takashi Eto,M,25.0,183.0,67.0,Japan,JPN,2016 Summer,2016,Summer,Rio de Janeiro,Athletics,Athletics Men's High Jump,
4312,Alphonse Anger,M,32.0,,,France,FRA,1948 Summer,1948,Summer,London,Gymnastics,Gymnastics Men's Individual All-Around,
11999,Brian Reginald Blackburn,M,,,,Australia,AUS,1956 Summer,1956,Summer,Melbourne,Gymnastics,Gymnastics Men's Horizontal Bar,
15680,Peter William Bruder,M,24.0,,,United States,USA,1932 Summer,1932,Summer,Los Angeles,Fencing,"Fencing Men's Sabre, Individual",
367,Masashi Abe,M,22.0,175.0,64.0,Japan,JPN,1988 Winter,1988,Winter,Calgary,Nordic Combined,Nordic Combined Men's Individual,
19268,Margareta Cordelia Cederschild,F,32.0,,,Sweden-2,SWE,1912 Summer,1912,Summer,Stockholm,Tennis,"Tennis Mixed Doubles, Covered Courts",
21128,Nikola Chongarov,M,24.0,178.0,78.0,Bulgaria,BUL,2014 Winter,2014,Winter,Sochi,Alpine Skiing,Alpine Skiing Men's Slalom,
6168,Mark Anthony Awere,M,21.0,172.0,74.0,Ghana,GHA,2000 Summer,2000,Summer,Sydney,Athletics,Athletics Men's Long Jump,
18370,Pasquale Carminucci,M,22.0,163.0,65.0,Italy,ITA,1960 Summer,1960,Summer,Roma,Gymnastics,Gymnastics Men's Individual All-Around,
966,Daniel Adler,M,34.0,180.0,72.0,Brazil,BRA,1992 Summer,1992,Summer,Barcelona,Sailing,Sailing Mixed Three Person Keelboat,
8015,Marian Emma Barone (Twining-),F,28.0,,,United States,USA,1952 Summer,1952,Summer,Helsinki,Gymnastics,Gymnastics Women's Team All-Around,
20572,Cheung Kin Man,M,24.0,179.0,68.0,Hong Kong,HKG,1956 Summer,1956,Summer,Melbourne,Swimming,Swimming Men's 100 metres Backstroke,
20176,Chen Chiung-Yi,F,23.0,165.0,59.0,Chinese Taipei,TPE,2000 Summer,2000,Summer,Sydney,Cycling,"Cycling Women's Road Race, Individual",
32870,Can Erol Ergenekan,M,20.0,,,Turkey,TUR,1992 Summer,1992,Summer,Barcelona,Swimming,Swimming Men's 200 metres Butterfly,
12965,"David Benjamin ""Dave"" Bolen",M,24.0,175.0,68.0,United States,USA,1948 Summer,1948,Summer,London,Athletics,Athletics Men's 400 metres,
26497,Mrio de Lopez da Vasa Csar Alves de Noronha,M,39.0,,,Portugal,POR,1924 Summer,1924,Summer,Paris,Fencing,"Fencing Men's epee, Team",
34148,"Partick James ""Pat"" Farrell",M,,,,Canada,CAN,1932 Summer,1932,Summer,Los Angeles,Fencing,"Fencing Men's Sabre, Individual",
9650,"Nicholas Julian ""Nick"" Bell",M,25.0,186.0,72.0,Great Britain,GBR,1976 Summer,1976,Summer,Montreal,Fencing,"Fencing Men's Foil, Team",
35115,"Rosaline ""Ros"" Few (-Hancock)",F,17.0,170.0,53.0,Great Britain,GBR,1972 Summer,1972,Summer,Munich,Athletics,Athletics Women's High Jump,
29619,Soa Dosoudilov-Novkov,F,24.0,186.0,76.0,Czech Republic-1,CZE,2000 Summer,2000,Summer,Sydney,Beach Volleyball,Beach Volleyball Women's Beach Volleyball,
35406,Louis Casimir Finet,M,26.0,,,Belgium,BEL,1920 Summer,1920,Summer,Antwerpen,Equestrianism,"Equestrianism Men's Vaulting, Individual",Bronze
27507,Frdric Alain Demontfaucon,M,26.0,182.0,90.0,France,FRA,2000 Summer,2000,Summer,Sydney,Judo,Judo Men's Middleweight,Bronze
5882,"Susanne Jean ""Susie"" Atwood",F,19.0,170.0,66.0,United States,USA,1972 Summer,1972,Summer,Munich,Swimming,Swimming Women's 200 metres Backstroke,Silver
19907,Susan Hall Charlesworth,F,26.0,162.0,53.0,United States,USA,1980 Winter,1980,Winter,Lake Placid,Luge,Luge Women's Singles,
42,Thomas Valentin Aas,M,25.0,,,Taifun,NOR,1912 Summer,1912,Summer,Stockholm,Sailing,Sailing Mixed 8 metres,Gold
6226,Diana Aydosova,F,20.0,158.0,50.0,Kazakhstan,KAZ,2016 Summer,2016,Summer,Rio de Janeiro,Athletics,Athletics Women's 20 kilometres Walk,
910,"Hugh Jean ""Danny"" Adeline",M,28.0,,,Seychelles,SEY,1992 Summer,1992,Summer,Barcelona,Sailing,Sailing Men's Windsurfer,
18600,Eric Dudley Carruthers,M,28.0,,,Great Britain,GBR,1924 Winter,1924,Winter,Chamonix,Ice Hockey,Ice Hockey Men's Ice Hockey,Bronze
32586,Felix Endrich,M,30.0,,,Switzerland-2,SUI,1952 Winter,1952,Winter,Oslo,Bobsleigh,Bobsleigh Men's Four,
27563,Dencho Todorov Denev,M,24.0,165.0,65.0,Bulgaria,BUL,1960 Summer,1960,Summer,Roma,Shooting,"Shooting Men's Free Pistol, 50 metres",
27395,Charles Jules Delporte,M,27.0,,,Belgium,BEL,1920 Summer,1920,Summer,Antwerpen,Fencing,"Fencing Men's epee, Individual",
21065,Choi Seung-Yong,F,26.0,160.0,58.0,South Korea,KOR,2006 Winter,2006,Winter,Torino,Speed Skating,Speed Skating Women's 500 metres,
1872,Muhaisin Mubarak Al-Jamaan Al-Dosari,M,18.0,175.0,62.0,Saudi Arabia,KSA,1984 Summer,1984,Summer,Los Angeles,Football,Football Men's Football,
27917,Christian Deuza,M,28.0,163.0,63.0,France,FRA,1972 Summer,1972,Summer,Munich,Gymnastics,Gymnastics Men's Individual All-Around,
3078,John Kirby Alstrom,M,26.0,198.0,91.0,United States,USA,1968 Summer,1968,Summer,Mexico City,Volleyball,Volleyball Men's Volleyball,
31314,Ricardo Echeverra,M,34.0,,,Chile,CHI,1952 Summer,1952,Summer,Helsinki,Equestrianism,"Equestrianism Men's Jumping, Individual",
9719,Sergio Bello,M,30.0,178.0,70.0,Italy,ITA,1972 Summer,1972,Summer,Munich,Athletics,Athletics Men's 4 x 400 metres Relay,
23222,Hugo Antonio Corti,M,21.0,178.0,75.0,Argentina,ARG,1984 Summer,1984,Summer,Los Angeles,Boxing,Boxing Men's Middleweight,
28696,Niokhor Diongue,M,18.0,182.0,71.0,Senegal,SEN,1980 Summer,1980,Summer,Moskva,Judo,Judo Men's Lightweight,
12244,Keston Bledman,M,28.0,180.0,88.0,Trinidad and Tobago,TTO,2016 Summer,2016,Summer,Rio de Janeiro,Athletics,Athletics Men's 100 metres,
10361,Yelena Viktorovna Berezhnaya,F,24.0,154.0,42.0,Russia-1,RUS,2002 Winter,2002,Winter,Salt Lake City,Figure Skating,Figure Skating Mixed Pairs,Gold
10309,Ralf Berckhan,M,28.0,183.0,75.0,Germany,GER,1960 Summer,1960,Summer,Roma,Modern Pentathlon,Modern Pentathlon Men's Individual,
21102,Narong Chok-Umnuay,M,20.0,169.0,58.0,Thailand,THA,1964 Summer,1964,Summer,Tokyo,Swimming,Swimming Men's 400 metres Individual Medley,
24139,Gyrgy Csords,M,19.0,,,Hungary,HUN,1948 Summer,1948,Summer,London,Swimming,"Swimming Men's 1,500 metres Freestyle",
17167,Travis Antone Cabral,M,22.0,175.0,82.0,United States,USA,2006 Winter,2006,Winter,Torino,Freestyle Skiing,Freestyle Skiing Men's Moguls,
16402,Gamze Bulut,F,19.0,166.0,48.0,Turkey,TUR,2012 Summer,2012,Summer,London,Athletics,"Athletics Women's 1,500 metres",Silver
27457,Yelena Vyacheslavovna Dementyeva (-Afinogenova),F,22.0,180.0,64.0,Russia,RUS,2004 Summer,2004,Summer,Athina,Tennis,Tennis Women's Singles,
12981,Shmagi Bolkvadze,M,22.0,170.0,66.0,Georgia,GEO,2016 Summer,2016,Summer,Rio de Janeiro,Wrestling,"Wrestling Men's Welterweight, Greco-Roman",Bronze
259,Reema Abdo,F,21.0,173.0,59.0,Canada,CAN,1984 Summer,1984,Summer,Los Angeles,Swimming,Swimming Women's 200 metres Backstroke,
280,Mohamed Abdul Hamid,M,19.0,175.0,55.0,Sudan,SUD,2000 Summer,2000,Summer,Sydney,Swimming,Swimming Men's 50 metres Freestyle,
7401,Lajos Balthazr,M,35.0,,,Hungary,HUN,1956 Summer,1956,Summer,Melbourne,Fencing,"Fencing Men's epee, Team",Silver
23572,Orlando Cowley del Barrio,M,18.0,175.0,61.0,Cuba,CUB,1972 Summer,1972,Summer,Munich,Water Polo,Water Polo Men's Water Polo,
2105,Juma Sulaiman Al-Rahbi,M,,153.0,57.0,Oman,OMA,1984 Summer,1984,Summer,Los Angeles,Shooting,"Shooting Men's Free Pistol, 50 metres",
7557,"Lawrence Shyres ""Larry"" Banner",M,28.0,180.0,69.0,United States,USA,1964 Summer,1964,Summer,Tokyo,Gymnastics,Gymnastics Men's Horse Vault,
20509,"William Claude ""Bill"" Cherrell",M,22.0,,,Australia,AUS,1960 Winter,1960,Winter,Squaw Valley,Figure Skating,Figure Skating Men's Singles,
4017,Mikiko Ando,F,23.0,155.0,58.0,Japan,JPN,2016 Summer,2016,Summer,Rio de Janeiro,Weightlifting,Weightlifting Women's Lightweight,
15087,Karen Valerie Briggs (-Inman),F,29.0,178.0,48.0,Great Britain,GBR,1992 Summer,1992,Summer,Barcelona,Judo,Judo Women's Extra-Lightweight,
27865,Nicolas Dessum,M,20.0,185.0,65.0,France,FRA,1998 Winter,1998,Winter,Nagano,Ski Jumping,"Ski Jumping Men's Large Hill, Individual",
22251,Franois Victor Cogn,M,47.0,,,France,FRA,1924 Summer,1924,Summer,Paris,Art Competitions,Art Competitions Mixed Sculpturing,
8502,Piotr Basta,M,25.0,205.0,105.0,Poland,POL,1996 Summer,1996,Summer,Atlanta,Rowing,Rowing Men's Coxless Fours,
28479,John A. Dietz,M,37.0,,,United States,USA,1908 Summer,1908,Summer,London,Shooting,"Shooting Men's Free Pistol, 50 yards, Team",Gold
6140,Ekaterina Ivanova Avramova,F,24.0,180.0,68.0,Turkey,TUR,2016 Summer,2016,Summer,Rio de Janeiro,Swimming,Swimming Women's 200 metres Backstroke,
6217,Aleksey Petrovich Aydarov,M,27.0,187.0,81.0,Belarus,BLR,2002 Winter,2002,Winter,Salt Lake City,Biathlon,Biathlon Men's 12.5 kilometres Pursuit,
17209,Orlando Cceres,M,22.0,152.0,57.0,Puerto Rico,PUR,1984 Summer,1984,Summer,Los Angeles,Wrestling,"Wrestling Men's Bantamweight, Freestyle",
35323,Diana Filipova,F,21.0,,,Bulgaria-1,BUL,1992 Summer,1992,Summer,Barcelona,Badminton,Badminton Women's Doubles,
25575,Klberson Davide,M,23.0,175.0,69.0,Brazil,BRA,2008 Summer,2008,Summer,Beijing,Athletics,Athletics Men's 800 metres,
9610,Rachel Beliveau,F,22.0,166.0,60.0,Canada,CAN,1984 Summer,1984,Summer,Los Angeles,Volleyball,Volleyball Women's Volleyball,
31197,"Benjamin Bangs ""Ben"" Eastman",M,21.0,185.0,70.0,United States,USA,1932 Summer,1932,Summer,Los Angeles,Athletics,Athletics Men's 400 metres,Silver
4074,Nikolaos Andreadakis,M,,,,Greece,GRE,1906 Summer,1906,Summer,Athina,Athletics,Athletics Men's Triple Jump,
27389,Louis Deloy,M,,,,France,FRA,1924 Summer,1924,Summer,Paris,Shooting,Shooting Men's Trap,
35083,Nicole Fessel,F,26.0,170.0,55.0,Germany,GER,2010 Winter,2010,Winter,Vancouver,Cross Country Skiing,Cross Country Skiing Women's 15 km Skiathlon,
23365,Alain Ct,M,24.0,192.0,81.0,Canada,CAN,1988 Summer,1988,Summer,Seoul,Fencing,"Fencing Men's epee, Individual",
1114,Luca Agamennoni,M,31.0,187.0,93.0,Italy,ITA,2012 Summer,2012,Summer,London,Rowing,Rowing Men's Coxless Fours,
13639,Mihai Bor,M,25.0,171.0,67.0,Romania,ROU,1976 Summer,1976,Summer,Montreal,Gymnastics,Gymnastics Men's Pommelled Horse,
3940,Maria Kristina Andersson,F,26.0,165.0,56.0,Sweden,SWE,1992 Winter,1992,Winter,Albertville,Alpine Skiing,Alpine Skiing Women's Slalom,
12613,"David George ""Dave"" Bodington",M,20.0,172.0,60.0,Great Britain,GBR,1968 Winter,1968,Winter,Grenoble,Speed Skating,Speed Skating Men's 500 metres,
20165,Chen Chien-Sheng,M,25.0,186.0,79.0,Chinese Taipei,TPE,2002 Winter,2002,Winter,Salt Lake City,Bobsleigh,Bobsleigh Men's Four,
31727,Liv Kjersti Eikeland,F,30.0,173.0,66.0,Norway,NOR,2010 Winter,2010,Winter,Vancouver,Biathlon,Biathlon Women's 15 kilometres,
26841,Frederick Dean,M,27.0,,,Cornwall,GBR,1908 Summer,1908,Summer,London,Rugby,Rugby Men's Rugby,Silver
33676,Andrea Facchin,M,29.0,182.0,79.0,Italy,ITA,2008 Summer,2008,Summer,Beijing,Canoeing,"Canoeing Men's Kayak Doubles, 500 metres",
15245,Gerhard Brockmller,M,31.0,174.0,68.0,East Germany,GDR,1972 Summer,1972,Summer,Munich,Equestrianism,"Equestrianism Mixed Dressage, Team",
22620,Cleiton Conceio,M,20.0,183.0,75.0,Brazil,BRA,2000 Summer,2000,Summer,Sydney,Boxing,Boxing Men's Middleweight,
16724,Wendy Burrell,F,16.0,165.0,54.0,Great Britain,GBR,1968 Summer,1968,Summer,Mexico City,Swimming,Swimming Women's 4 x 100 metres Medley Relay,
32849,Susi-Lisa Erdmann (-Plankensteiner),F,24.0,187.0,80.0,Germany,GER,1992 Winter,1992,Winter,Albertville,Luge,Luge Women's Singles,Bronze
24366,Michael Curcija,M,23.0,182.0,78.0,Australia,AUS,2000 Summer,2000,Summer,Sydney,Football,Football Men's Football,
14336,Luke Boyd,M,21.0,160.0,54.0,Australia,AUS,2008 Summer,2008,Summer,Beijing,Boxing,Boxing Men's Bantamweight,
13558,Kathrin Born-Boyde (-Erlingis),F,25.0,172.0,61.0,Germany,GER,1996 Summer,1996,Summer,Atlanta,Athletics,Athletics Women's 10 kilometres Walk,
32037,Mohamed Gamil El-Kalyoubi,M,27.0,,,Egypt,EGY,1964 Summer,1964,Summer,Tokyo,Fencing,"Fencing Men's Foil, Team",
27980,Mikhail Talgatovich Devyatyarov,M,28.0,185.0,74.0,Soviet Union,URS,1988 Winter,1988,Winter,Calgary,Cross Country Skiing,Cross Country Skiing Men's 15 kilometres,Gold
4605,Maryna Mykolavna Antsybor,F,22.0,160.0,52.0,Ukraine,UKR,2010 Winter,2010,Winter,Vancouver,Cross Country Skiing,Cross Country Skiing Women's 15 km Skiathlon,
14293,Helmi Boxberger,F,18.0,174.0,63.0,West Germany,FRG,1968 Summer,1968,Summer,Mexico City,Swimming,Swimming Women's 200 metres Individual Medley,
22917,"Alexander ""Alex"" Cooper",M,30.0,183.0,85.0,Bermuda,BER,1972 Summer,1972,Summer,Munich,Sailing,Sailing Mixed Three Person Keelboat,
6269,David Valeryevich Ayrapetyan,M,28.0,158.0,49.0,Russia,RUS,2012 Summer,2012,Summer,London,Boxing,Boxing Men's Light-Flyweight,Bronze
32017,Mona Mahmud El-Hawary,F,45.0,171.0,69.0,Egypt,EGY,2008 Summer,2008,Summer,Beijing,Shooting,Shooting Women's Skeet,
28351,Adalbert Dickhut,M,29.0,,,Germany,GER,1952 Summer,1952,Summer,Helsinki,Gymnastics,Gymnastics Men's Horizontal Bar,
18040,Joaqun Capilla Prez,M,23.0,168.0,,Mexico,MEX,1952 Summer,1952,Summer,Helsinki,Diving,Diving Men's Springboard,
23084,Giovanni Cornacchia,M,25.0,186.0,78.0,Italy,ITA,1964 Summer,1964,Summer,Tokyo,Athletics,Athletics Men's 110 metres Hurdles,
33304,Imara Estvez Ribalta,F,30.0,171.0,67.0,Cuba-1,CUB,2008 Summer,2008,Summer,Beijing,Beach Volleyball,Beach Volleyball Women's Beach Volleyball,
1923,Sulaiman Juma Obaid Al-Habsi,M,18.0,165.0,60.0,Oman,OMA,1988 Summer,1988,Summer,Seoul,Athletics,Athletics Men's 400 metres,
27255,Delfina Joaquim Nalussinga Cassinda,F,20.0,,,Angola,ANG,2000 Summer,2000,Summer,Sydney,Athletics,Athletics Women's 800 metres,
17723,John Campbell,M,39.0,175.0,57.0,New Zealand,NZL,1988 Summer,1988,Summer,Seoul,Athletics,Athletics Men's Marathon,
31949,Fouzi El-Brazi,M,23.0,180.0,75.0,Morocco,MAR,2000 Summer,2000,Summer,Sydney,Football,Football Men's Football,
24543,"Elizabeth ""Liz"" Czenczek",F,24.0,170.0,64.0,Canada,CAN,1988 Summer,1988,Summer,Seoul,Hockey,Hockey Women's Hockey,
6571,Todor G. Bachvarov,M,24.0,167.0,60.0,Bulgaria,BUL,1960 Summer,1960,Summer,Roma,Gymnastics,Gymnastics Men's Pommelled Horse,
35494,Anton Fischer,M,29.0,184.0,95.0,West Germany-1,FRG,1984 Winter,1984,Winter,Sarajevo,Bobsleigh,Bobsleigh Men's Two,
31836,Cornelis Wilhelmus Ekkart,M,35.0,,,Netherlands,NED,1928 Summer,1928,Summer,Amsterdam,Fencing,"Fencing Men's Sabre, Team",
11708,Nada Birko Kustec,F,25.0,,,Yugoslavia,YUG,1956 Winter,1956,Winter,Cortina d'Ampezzo,Cross Country Skiing,Cross Country Skiing Women's 3 x 5 kilometres Relay,
8850,Vadim Bavikin,M,21.0,186.0,90.0,Israel,ISR,1992 Summer,1992,Summer,Barcelona,Athletics,Athletics Men's Javelin Throw,
19649,Ludovic Chammartin,M,27.0,168.0,60.0,Switzerland,SUI,2012 Summer,2012,Summer,London,Judo,Judo Men's Extra-Lightweight,
22570,Nadia Elena Comneci (-Conner),F,14.0,162.0,45.0,Romania,ROU,1976 Summer,1976,Summer,Montreal,Gymnastics,Gymnastics Women's Uneven Bars,Gold
34812,Filiberto Fernndez Daz,M,24.0,,,Mexico,MEX,1996 Summer,1996,Summer,Atlanta,Wrestling,"Wrestling Men's Light-Flyweight, Freestyle",
13625,Zandra Patricia Borrero Daz,F,23.0,170.0,65.0,Colombia,COL,1996 Summer,1996,Summer,Atlanta,Athletics,Athletics Women's 100 metres,
17441,"Daniel Benjamin ""Danny"" Califf",M,20.0,185.0,79.0,United States,USA,2000 Summer,2000,Summer,Sydney,Football,Football Men's Football,
24967,Ji Daler,M,24.0,183.0,85.0,Czechoslovakia,TCH,1964 Summer,1964,Summer,Tokyo,Cycling,"Cycling Men's Team Pursuit, 4,000 metres",
20918,"Lidia Teresa Chmielnicka (muda-, -Obonczek)",F,29.0,170.0,60.0,Poland,POL,1968 Summer,1968,Summer,Mexico City,Volleyball,Volleyball Women's Volleyball,Bronze
23251,Kreimir osi,M,27.0,209.0,94.0,Yugoslavia,YUG,1976 Summer,1976,Summer,Montreal,Basketball,Basketball Men's Basketball,Silver
30036,"Ionel Alexandru ""Ion"" Drmb",M,22.0,172.0,59.0,Romania,ROU,1964 Summer,1964,Summer,Tokyo,Fencing,"Fencing Men's Foil, Individual",
17214,"Cezar ""Cachorro"" Stelzner de Lima",M,21.0,188.0,86.0,Brazil,BRA,1996 Summer,1996,Summer,Atlanta,Handball,Handball Men's Handball,
15038,Andela Brice (Mosina-),F,27.0,161.0,50.0,Latvia,LAT,1998 Winter,1998,Winter,Nagano,Cross Country Skiing,Cross Country Skiing Women's 30 kilometres,
10199,"Maurice ""Moe"" Benoit",M,26.0,180.0,81.0,Canada,CAN,1960 Winter,1960,Winter,Squaw Valley,Ice Hockey,Ice Hockey Men's Ice Hockey,Silver
13342,Todd Roger Boonstra,M,25.0,180.0,74.0,United States,USA,1988 Winter,1988,Winter,Calgary,Cross Country Skiing,Cross Country Skiing Men's 15 kilometres,
31947,Moustafa El-Biyaz,M,24.0,173.0,75.0,Morocco,MAR,1984 Summer,1984,Summer,Los Angeles,Football,Football Men's Football,
13601,Dimitri Borovik,M,28.0,178.0,72.0,Estonia,EST,2002 Winter,2002,Winter,Salt Lake City,Biathlon,Biathlon Men's 20 kilometres,
16930,"Maude Margaret ""Peggy"" Butler",F,,,,Great Britain,GBR,1932 Summer,1932,Summer,Los Angeles,Fencing,"Fencing Women's Foil, Individual",
21596,Somchai Cimlum,M,24.0,179.0,73.0,Thailand,THA,2000 Summer,2000,Summer,Sydney,Boxing,Boxing Men's Middleweight,
652,Nicole Jocelin Acevedo Tangarife,F,21.0,166.0,70.0,Colombia,COL,2016 Summer,2016,Summer,Rio de Janeiro,Rugby Sevens,Rugby Sevens Women's Rugby Sevens,
3061,Luc Alphand,M,22.0,180.0,75.0,France,FRA,1988 Winter,1988,Winter,Calgary,Alpine Skiing,Alpine Skiing Men's Super G,
7233,"John Lee ""Johnny"" Baldwin",M,19.0,178.0,71.0,United States,USA,1968 Summer,1968,Summer,Mexico City,Boxing,Boxing Men's Light-Middleweight,Bronze
4176,Vladimir Georgiyevich Andreyev,M,23.0,215.0,90.0,Soviet Union,URS,1968 Summer,1968,Summer,Mexico City,Basketball,Basketball Men's Basketball,Bronze
7637,Emilio Barahona,M,19.0,168.0,54.0,Honduras,HON,1968 Summer,1968,Summer,Mexico City,Athletics,"Athletics Men's 1,500 metres",
33974,Fang Yuting,F,22.0,170.0,62.0,China,CHN,2012 Summer,2012,Summer,London,Archery,Archery Women's Team,Silver
2868,Russell D. Allen,M,19.0,,,United States,USA,1932 Summer,1932,Summer,Los Angeles,Cycling,"Cycling Men's Team Pursuit, 4,000 metres",
30888,Rebecca Ann Dussault (Quinn-),F,25.0,165.0,55.0,United States,USA,2006 Winter,2006,Winter,Torino,Cross Country Skiing,Cross Country Skiing Women's 4 x 5 kilometres Relay,
12399,Pernille Blume,F,22.0,170.0,58.0,Denmark,DEN,2016 Summer,2016,Summer,Rio de Janeiro,Swimming,Swimming Women's 4 x 100 metres Medley Relay,Bronze
35598,Stein Olav Fiskebeck,M,36.0,178.0,74.0,Norway,NOR,1992 Summer,1992,Summer,Barcelona,Shooting,"Shooting Men's Free Pistol, 50 metres",
16919,Guy Montagu Butler,M,20.0,,,Great Britain,GBR,1920 Summer,1920,Summer,Antwerpen,Athletics,Athletics Men's 4 x 400 metres Relay,Gold
31304,Julio Echenique Gonzlez,M,21.0,168.0,73.0,Cuba,CUB,1980 Summer,1980,Summer,Moskva,Weightlifting,Weightlifting Men's Middleweight,
29171,Mariya Sergeyevna Dolgikh (Zelenova-),F,29.0,176.0,62.0,Russia,RUS,2016 Summer,2016,Summer,Rio de Janeiro,Table Tennis,Table Tennis Women's Singles,
31853,Eugen Georg Oskar Ekman,M,22.0,178.0,71.0,Finland,FIN,1960 Summer,1960,Summer,Roma,Gymnastics,Gymnastics Men's Team All-Around,
9603,Maria Belimpasaki,F,21.0,175.0,64.0,Greece,GRE,2012 Summer,2012,Summer,London,Athletics,Athletics Women's 200 metres,
15743,Kristoffer Brun,M,28.0,175.0,70.0,Norway,NOR,2016 Summer,2016,Summer,Rio de Janeiro,Rowing,Rowing Men's Lightweight Double Sculls,Bronze
31302,Gonzalo Echenique Saglietti,M,26.0,190.0,94.0,Spain,ESP,2016 Summer,2016,Summer,Rio de Janeiro,Water Polo,Water Polo Men's Water Polo,
2101,Saleh Al-Qobaissi,M,27.0,160.0,,Saudi Arabia,KSA,1992 Summer,1992,Summer,Barcelona,Cycling,Cycling Men's 100 kilometres Team Time Trial,
7430,Clicien Alexandre Roger Bambuck,M,22.0,180.0,75.0,France,FRA,1968 Summer,1968,Summer,Mexico City,Athletics,Athletics Men's 4 x 100 metres Relay,Bronze
30456,Youna Dufournet,F,18.0,160.0,56.0,France,FRA,2012 Summer,2012,Summer,London,Gymnastics,Gymnastics Women's Team All-Around,
31693,G. Eichhorn,M,,,,Switzerland,SUI,1924 Summer,1924,Summer,Paris,Art Competitions,Art Competitions Mixed Sculpturing,
3847,Miller Altman Anderson,M,29.0,,,United States,USA,1952 Summer,1952,Summer,Helsinki,Diving,Diving Men's Springboard,Silver
22396,Teresita Natvidad Collado Ramos,F,32.0,158.0,49.0,Guatemala,GUA,2004 Summer,2004,Summer,Athina,Athletics,Athletics Women's 20 kilometres Walk,
12850,Zdenk Bohutnsk,M,30.0,181.0,86.0,Czechoslovakia,TCH,1976 Summer,1976,Summer,Montreal,Canoeing,"Canoeing Men's Kayak Doubles, 1,000 metres",
16407,Valery Bulyshev,M,25.0,177.0,75.0,Soviet Union,URS,1964 Summer,1964,Summer,Tokyo,Athletics,Athletics Men's 800 metres,
13285,Hlne Bons (-Hummel),F,,,,France,FRA,1928 Summer,1928,Summer,Amsterdam,Athletics,Athletics Women's High Jump,
18255,Gustaf Eric Carlberg,M,28.0,175.0,,Sweden,SWE,1908 Summer,1908,Summer,London,Shooting,"Shooting Men's Small-Bore Rifle, Disappearing Target, 25 yards",
3687,Anders Peter Andersen,M,30.0,,70.0,Denmark,DEN,1912 Summer,1912,Summer,Stockholm,Wrestling,"Wrestling Men's Middleweight A, Greco-Roman",
555,Antnio da Cunha Meneses Martins Abrantes,M,20.0,176.0,68.0,Portugal,POR,1988 Summer,1988,Summer,Seoul,Athletics,Athletics Men's 4 x 400 metres Relay,
19569,Louis Chaillot,M,22.0,168.0,67.0,France,FRA,1936 Summer,1936,Summer,Berlin,Cycling,Cycling Men's Sprint,Bronze
21485,ukasz Chya,M,27.0,188.0,86.0,Poland,POL,2008 Summer,2008,Summer,Beijing,Athletics,Athletics Men's 4 x 100 metres Relay,
31631,Krisztina Egyed,F,15.0,180.0,75.0,Hungary,HUN,1992 Winter,1992,Winter,Albertville,Speed Skating,"Speed Skating Women's 1,500 metres",
24240,Cui Yining,M,27.0,187.0,70.0,China,CHN,1984 Summer,1984,Summer,Los Angeles,Fencing,"Fencing Men's epee, Team",
13580,Inga Gennadyevna Borodich,F,17.0,,,Belarus,BLR,1996 Summer,1996,Summer,Atlanta,Swimming,Swimming Women's 4 x 100 metres Freestyle Relay,
1057,Sara Aerts,F,28.0,182.0,64.0,Belgium,BEL,2012 Summer,2012,Summer,London,Athletics,Athletics Women's Heptathlon,
35646,Irene Margarita Fitzner (-Dahlgren),F,16.0,172.0,60.0,Argentina,ARG,1972 Summer,1972,Summer,Munich,Athletics,Athletics Women's 100 metres,
10062,Birgitta Kristina Bengtsson,F,23.0,170.0,61.0,Sweden,SWE,1988 Summer,1988,Summer,Seoul,Sailing,Sailing Women's Two Person Dinghy,Silver
34697,Ian Gordon Ferguson,M,23.0,179.0,85.0,New Zealand,NZL,1976 Summer,1976,Summer,Montreal,Canoeing,"Canoeing Men's Kayak Singles, 500 metres",
30402,Marian Andrzej Dudziak,M,23.0,181.0,81.0,Poland,POL,1964 Summer,1964,Summer,Tokyo,Athletics,Athletics Men's 4 x 100 metres Relay,Silver
16681,Simon Andrew Burnett,M,29.0,189.0,83.0,Great Britain,GBR,2012 Summer,2012,Summer,London,Swimming,Swimming Men's 4 x 100 metres Freestyle Relay,
29109,"Reginald Frank ""Reggie"" Doherty",M,27.0,,,Great Britain,GBR,1900 Summer,1900,Summer,Paris,Tennis,Tennis Mixed Doubles,Gold
35653,Casey J. FitzRandolph,M,23.0,180.0,79.0,United States,USA,1998 Winter,1998,Winter,Nagano,Speed Skating,"Speed Skating Men's 1,000 metres",
34857,Manuel Fernndez,M,,,,Argentina,ARG,1948 Summer,1948,Summer,London,Rowing,Rowing Men's Coxed Eights,
25532,Davaagiin Enkhee,F,37.0,,,Mongolia,MGL,2002 Winter,2002,Winter,Salt Lake City,Cross Country Skiing,Cross Country Skiing Women's 5/5 kilometres Pursuit,
317,Roosevelt M. Abdulgafur,M,24.0,181.0,73.0,Philippines,PHI,1968 Summer,1968,Summer,Mexico City,Swimming,Swimming Men's 4 x 200 metres Freestyle Relay,
8666,Armando Bauche,M,20.0,170.0,66.0,Mexico,MEX,1972 Summer,1972,Summer,Munich,Sailing,Sailing Mixed Three Person Keelboat,
14083,Marcel Bouraine,M,,,,France,FRA,1924 Summer,1924,Summer,Paris,Art Competitions,Art Competitions Mixed Sculpturing,
11207,Stephen Raj Bhavsar,M,27.0,169.0,54.0,United States,USA,2008 Summer,2008,Summer,Beijing,Gymnastics,Gymnastics Men's Floor Exercise,
22057,Fernando Climent Huerta,M,30.0,179.0,72.0,Spain,ESP,1988 Summer,1988,Summer,Seoul,Rowing,Rowing Men's Coxless Pairs,
9467,Csar Amilcar Bejarano Filippi,M,35.0,180.0,72.0,Paraguay,PAR,1976 Summer,1976,Summer,Montreal,Fencing,"Fencing Men's Sabre, Individual",
10265,Pierre-Yves Bny,M,29.0,165.0,60.0,France,FRA,2012 Summer,2012,Summer,London,Gymnastics,Gymnastics Men's Rings,
25961,Georges Camille Marcel de Bourguignon,M,26.0,,,Belgium,BEL,1936 Summer,1936,Summer,Berlin,Fencing,"Fencing Men's Foil, Team",
34395,Oleksandr Oleksandrovych Fedenko,M,29.0,180.0,69.0,Ukraine,UKR,2000 Summer,2000,Summer,Sydney,Cycling,Cycling Men's Madison,
15677,Ralf Brudel,M,25.0,192.0,90.0,East Germany,GDR,1988 Summer,1988,Summer,Seoul,Rowing,Rowing Men's Coxless Fours,Gold
380,Biruk Abebe,M,22.0,173.0,62.0,Ethiopia,ETH,1992 Summer,1992,Summer,Barcelona,Cycling,"Cycling Men's Road Race, Individual",
17117,Juan Sebastin Cabal Valds,M,26.0,185.0,82.0,Colombia,COL,2012 Summer,2012,Summer,London,Tennis,Tennis Men's Doubles,
28912,Stepan Dmitriyevsky,M,,,,Unified Team,EUN,1992 Summer,1992,Summer,Barcelona,Rowing,Rowing Men's Coxed Eights,
4609,Andr Antunes,M,49.0,168.0,80.0,Portugal,POR,1972 Summer,1972,Summer,Munich,Shooting,"Shooting Mixed Rapid-Fire Pistol, 25 metres",
15343,Irmela Broniecki,F,28.0,170.0,58.0,West Germany,FRG,1972 Summer,1972,Summer,Munich,Fencing,"Fencing Women's Foil, Individual",
5585,Jaakko Ilmari Asikainen,M,31.0,181.0,74.0,Finland,FIN,1972 Summer,1972,Summer,Munich,Shooting,"Shooting Mixed Small-Bore Rifle, Prone, 50 metres",
16415,Manut Bumrungphuk,M,24.0,164.0,63.0,Thailand,THA,1960 Summer,1960,Summer,Roma,Athletics,Athletics Men's 400 metres,
20658,Suzu Chiba,F,20.0,170.0,58.0,Japan,JPN,1996 Summer,1996,Summer,Atlanta,Swimming,Swimming Women's 400 metres Freestyle,
19793,Ren Changeat,M,21.0,,,France,FRA,1952 Summer,1952,Summer,Helsinki,Gymnastics,Gymnastics Men's Parallel Bars,
29239,Asuncin Domenech Domnguez,F,25.0,,,Spain,ESP,1992 Summer,1992,Summer,Barcelona,Volleyball,Volleyball Women's Volleyball,
34638,Grard Fenouil,M,23.0,177.0,72.0,France,FRA,1968 Summer,1968,Summer,Mexico City,Athletics,Athletics Men's 4 x 100 metres Relay,Bronze
26993,Vincent Franois Marie Defrasne,M,32.0,174.0,63.0,France,FRA,2010 Winter,2010,Winter,Vancouver,Biathlon,Biathlon Men's 12.5 kilometres Pursuit,
31123,Navruz Dzhurakobilov,M,28.0,172.0,73.0,Uzbekistan,UZB,2012 Summer,2012,Summer,London,Judo,Judo Men's Lightweight,
20397,Cheon Ju-Hyeon,M,20.0,177.0,76.0,South Korea,KOR,1998 Winter,1998,Winter,Nagano,Speed Skating,"Speed Skating Men's 1,500 metres",
28850,Hadhari Djaffar Saindou,M,17.0,180.0,60.0,Comoros,COM,1996 Summer,1996,Summer,Atlanta,Athletics,Athletics Men's 200 metres,
9977,Mria Bencsik,F,20.0,164.0,52.0,Hungary,HUN,1960 Summer,1960,Summer,Roma,Gymnastics,Gymnastics Women's Horse Vault,
35522,M. Fischer,M,,,,United States,USA,1904 Summer,1904,Summer,St. Louis,Gymnastics,"Gymnastics Men's Individual All-Around, Field Sports",
22137,Brien William Baxter Cobcroft,M,34.0,177.0,72.0,Australia,AUS,1968 Summer,1968,Summer,Mexico City,Equestrianism,"Equestrianism Mixed Three-Day Event, Team",Bronze
12232,Julia Helen Bleasdale,F,30.0,167.0,46.0,Great Britain,GBR,2012 Summer,2012,Summer,London,Athletics,"Athletics Women's 5,000 metres",
10836,Jens Ole Haldorff Berthelsen,M,33.0,,,Denmark,DEN,1924 Summer,1924,Summer,Paris,Fencing,"Fencing Men's Sabre, Team",
34390,Andriy Vasylovych Fedchuk,M,20.0,184.0,81.0,Ukraine,UKR,2000 Summer,2000,Summer,Sydney,Boxing,Boxing Men's Light-Heavyweight,Bronze
27520,Dominic Demschar,M,20.0,176.0,75.0,Australia,AUS,2014 Winter,2014,Winter,Sochi,Alpine Skiing,Alpine Skiing Men's Giant Slalom,
34757,Joo Fernandes,M,20.0,,,Portugal,POR,1996 Summer,1996,Summer,Atlanta,Rowing,Rowing Men's Lightweight Coxless Fours,
10113,Arsenio Bentez Zarza,M,20.0,190.0,88.0,Paraguay,PAR,1992 Summer,1992,Summer,Barcelona,Football,Football Men's Football,
35342,Andr Filippini,M,27.0,,,Switzerland-1,SUI,1952 Winter,1952,Winter,Oslo,Bobsleigh,Bobsleigh Men's Four,Bronze
5367,Ivan Nikolayevich Arteyev,M,28.0,175.0,68.0,Russia,RUS,2006 Winter,2006,Winter,Torino,Cross Country Skiing,Cross Country Skiing Men's 30 km Skiathlon,
18934,Auguste Jean Baptiste Castille,M,24.0,,,France,FRA,1908 Summer,1908,Summer,London,Gymnastics,Gymnastics Men's Individual All-Around,
21459,Ivan Chureshki,M,27.0,,,Bulgaria,BUL,1936 Summer,1936,Summer,Berlin,Gymnastics,Gymnastics Men's Individual All-Around,
12907,Claudia Bokel,F,22.0,183.0,65.0,Germany,GER,1996 Summer,1996,Summer,Atlanta,Fencing,"Fencing Women's epee, Individual",
15995,Adrian Bucenschi,M,25.0,199.0,97.0,Romania,ROU,2000 Summer,2000,Summer,Sydney,Rowing,Rowing Men's Coxless Fours,
18479,Gerald Duncan Carr,M,30.0,176.0,76.0,Great Britain,GBR,1968 Summer,1968,Summer,Mexico City,Hockey,Hockey Men's Hockey,
4147,Robert Andrew,M,30.0,188.0,74.0,Australia,AUS,1972 Summer,1972,Summer,Munich,Hockey,Hockey Men's Hockey,
13951,Michel Bouchonnet,M,28.0,170.0,67.0,France,FRA,1968 Summer,1968,Summer,Mexico City,Gymnastics,Gymnastics Men's Pommelled Horse,
27347,Giuseppe Della Valle,M,25.0,,,Italy,ITA,1924 Summer,1924,Summer,Paris,Football,Football Men's Football,
7256,Eugen Balint,M,25.0,,,Romania,ROU,1952 Summer,1952,Summer,Helsinki,Gymnastics,Gymnastics Men's Parallel Bars,
31461,Sonja Viola Edstrm-Ruthstrm,F,25.0,,,Sweden,SWE,1956 Winter,1956,Winter,Cortina d'Ampezzo,Cross Country Skiing,Cross Country Skiing Women's 3 x 5 kilometres Relay,Bronze
34055,Lucia Faria,F,22.0,167.0,58.0,Brazil,BRA,1968 Summer,1968,Summer,Mexico City,Equestrianism,"Equestrianism Mixed Jumping, Team",
9415,"Josef ""Sepp"" Behr",M,24.0,,,Germany,GER,1956 Winter,1956,Winter,Cortina d'Ampezzo,Alpine Skiing,Alpine Skiing Men's Giant Slalom,
9650,"Nicholas Julian ""Nick"" Bell",M,33.0,186.0,72.0,Great Britain,GBR,1984 Summer,1984,Summer,Los Angeles,Fencing,"Fencing Men's Foil, Team",
23168,Maritza Corredor Alvarez,F,27.0,,,Colombia,COL,1996 Summer,1996,Summer,Atlanta,Cycling,Cycling Women's Individual Time Trial,
4192,Rivomanantsoa Andriamaonju,M,29.0,186.0,79.0,France,FRA,1992 Summer,1992,Summer,Barcelona,Volleyball,Volleyball Men's Volleyball,
2922,Eugne Allonsius,M,22.0,175.0,64.0,Belgium,BEL,1960 Summer,1960,Summer,Roma,Athletics,"Athletics Men's 5,000 metres",
4418,Alyson Regina Annan,F,19.0,162.0,65.0,Australia,AUS,1992 Summer,1992,Summer,Barcelona,Hockey,Hockey Women's Hockey,
18032,"Geoffrey Lewis ""Geoff"" Capes",M,23.0,197.0,139.0,Great Britain,GBR,1972 Summer,1972,Summer,Munich,Athletics,Athletics Men's Shot Put,
6,Per Knut Aaland,M,31.0,188.0,75.0,United States,USA,1992 Winter,1992,Winter,Albertville,Cross Country Skiing,Cross Country Skiing Men's 10 kilometres,
4837,Rmulo Duncan Arantes Filho,M,23.0,185.0,75.0,Brazil,BRA,1980 Summer,1980,Summer,Moskva,Swimming,Swimming Men's 100 metres Backstroke,
25246,Eleni Daniilidou,F,21.0,183.0,72.0,Greece,GRE,2004 Summer,2004,Summer,Athina,Tennis,Tennis Women's Singles,
27757,Nina Derwael,F,16.0,165.0,46.0,Belgium,BEL,2016 Summer,2016,Summer,Rio de Janeiro,Gymnastics,Gymnastics Women's Floor Exercise,
10438,David Berger,M,28.0,167.0,83.0,Israel,ISR,1972 Summer,1972,Summer,Munich,Weightlifting,Weightlifting Men's Light-Heavyweight,
465,"Matthew ""Matt"" Abood",M,30.0,197.0,92.0,Australia,AUS,2016 Summer,2016,Summer,Rio de Janeiro,Swimming,Swimming Men's 50 metres Freestyle,
32572,Wataru Endo,M,23.0,178.0,73.0,Japan,JPN,2016 Summer,2016,Summer,Rio de Janeiro,Football,Football Men's Football,
13672,Marinella Bortoluzzi,F,21.0,170.0,69.0,Italy,ITA,1960 Summer,1960,Summer,Roma,Athletics,Athletics Women's High Jump,
16951,Muhammad Sharif Butt,M,26.0,,,Pakistan,PAK,1952 Summer,1952,Summer,Helsinki,Athletics,Athletics Men's 200 metres,
32316,"Walton Glenn Eller, III",M,22.0,188.0,82.0,United States,USA,2004 Summer,2004,Summer,Athina,Shooting,Shooting Men's Double Trap,
32308,Yvonne Elkuch,F,20.0,172.0,54.0,Liechtenstein,LIE,1988 Summer,1988,Summer,Seoul,Cycling,"Cycling Women's Road Race, Individual",
21811,Karen Clark,F,26.0,176.0,69.0,Canada,CAN,2004 Summer,2004,Summer,Athina,Rowing,Rowing Women's Coxed Eights,
15832,Maureen Brunt (-Clark),F,23.0,160.0,74.0,United States,USA,2006 Winter,2006,Winter,Torino,Curling,Curling Women's Curling,
20576,Vernon Cheung,M,29.0,177.0,71.0,Australia,AUS,2000 Summer,2000,Summer,Sydney,Handball,Handball Men's Handball,
11642,"Matthew Nicholas ""Matt"" Biondi",M,22.0,200.0,95.0,United States,USA,1988 Summer,1988,Summer,Seoul,Swimming,Swimming Men's 50 metres Freestyle,Gold
14930,Sebastian Brendel,M,28.0,192.0,92.0,Germany,GER,2016 Summer,2016,Summer,Rio de Janeiro,Canoeing,"Canoeing Men's Canadian Doubles, 1,000 metres",Gold
32424,Mikko Henrikki Eloranta,M,29.0,183.0,88.0,Finland,FIN,2002 Winter,2002,Winter,Salt Lake City,Ice Hockey,Ice Hockey Men's Ice Hockey,
31059,Emma Dyke,F,21.0,181.0,68.0,New Zealand,NZL,2016 Summer,2016,Summer,Rio de Janeiro,Rowing,Rowing Women's Coxed Eights,
14146,Philippe Bourret,M,25.0,191.0,88.0,Canada-1,CAN,2004 Summer,2004,Summer,Athina,Badminton,Badminton Mixed Doubles,
8395,Paulina Barzycka,F,18.0,181.0,67.0,Poland,POL,2004 Summer,2004,Summer,Athina,Swimming,Swimming Women's 100 metres Freestyle,
26598,Benjamin Mielke de Roo,M,24.0,158.0,63.0,Australia,AUS,1964 Summer,1964,Summer,Tokyo,Gymnastics,Gymnastics Men's Individual All-Around,
15676,Roland Brckner,M,20.0,172.0,65.0,East Germany,GDR,1976 Summer,1976,Summer,Montreal,Gymnastics,Gymnastics Men's Team All-Around,Bronze
18581,Joel Carroll,M,25.0,184.0,89.0,Australia,AUS,2012 Summer,2012,Summer,London,Hockey,Hockey Men's Hockey,Bronze
14083,Marcel Bouraine,M,,,,France,FRA,1924 Summer,1924,Summer,Paris,Art Competitions,Art Competitions Mixed Sculpturing,
14491,Julie Jane Bradbury,F,29.0,175.0,64.0,Great Britain,GBR,1996 Summer,1996,Summer,Atlanta,Badminton,Badminton Mixed Doubles,
18994,David Castro,M,24.0,181.0,72.0,Brazil,BRA,1988 Summer,1988,Summer,Seoul,Swimming,"Swimming Men's 1,500 metres Freestyle",
25689,Francis Howard Vincent Davis,M,24.0,178.0,67.0,Great Britain,GBR,1956 Summer,1956,Summer,Melbourne,Hockey,Hockey Men's Hockey,
28550,Georges Arthur Dillon-Kavanagh du Fertagh,M,33.0,,,France,FRA,1906 Summer,1906,Summer,Athina,Fencing,"Fencing Men's epee, Team",Gold
4895,"Elizabeth ""Betty"" Carnegy-Arbuthnott",F,42.0,,,Great Britain,GBR,1948 Summer,1948,Summer,London,Fencing,"Fencing Women's Foil, Individual",
12848,Karl Bohusch,M,32.0,,,Austria,AUT,1948 Summer,1948,Summer,London,Gymnastics,Gymnastics Men's Horse Vault,
25467,Claude Dasse,M,27.0,175.0,97.0,France-1,FRA,1992 Winter,1992,Winter,Albertville,Bobsleigh,Bobsleigh Men's Two,
31172,"Kimberley-Anne ""Kim"" Eagles",F,23.0,160.0,59.0,Canada,CAN,2000 Summer,2000,Summer,Sydney,Shooting,"Shooting Women's Air Pistol, 10 metres",
6886,"Chantal L. Bailey (Dunn-, -Cermak)",F,28.0,173.0,72.0,United States,USA,1994 Winter,1994,Winter,Lillehammer,Speed Skating,"Speed Skating Women's 1,500 metres",
13553,Walter Bormolini,M,19.0,180.0,87.0,Italy,ITA,2006 Winter,2006,Winter,Torino,Freestyle Skiing,Freestyle Skiing Men's Moguls,
6978,Marek Antoni Bajor,M,22.0,183.0,77.0,Poland,POL,1992 Summer,1992,Summer,Barcelona,Football,Football Men's Football,Silver
12270,Raymond Charles Blick,M,26.0,183.0,79.0,Great Britain,GBR,1956 Summer,1956,Summer,Melbourne,Canoeing,"Canoeing Men's Kayak Doubles, 10,000 metres",
22882,Harold Douglas R Cooke,M,,,,Great Britain,GBR,1920 Summer,1920,Summer,Antwerpen,Hockey,Hockey Men's Hockey,Gold
1726,Sigurd Olav Akre-Aas,M,30.0,,,Norway,NOR,1928 Summer,1928,Summer,Amsterdam,Fencing,"Fencing Men's Foil, Team",
17794,Jorge Moiss Campos Valds,M,24.0,184.0,77.0,Cuba,CUB,2016 Summer,2016,Summer,Rio de Janeiro,Table Tennis,Table Tennis Men's Singles,
7734,Eunice Barber,F,25.0,175.0,68.0,France,FRA,2000 Summer,2000,Summer,Sydney,Athletics,Athletics Women's Heptathlon,
24649,Guilhermina P. da Cruz,F,26.0,155.0,50.0,Angola,ANG,1996 Summer,1996,Summer,Atlanta,Athletics,Athletics Women's 400 metres,
3870,"William ""Will"" Anderson",M,,,,Canada,CAN,1908 Summer,1908,Summer,London,Cycling,"Cycling Men's 5,000 metres",
11717,Udo Birnbaum,M,27.0,172.0,65.0,Austria,AUT,1964 Summer,1964,Summer,Tokyo,Fencing,"Fencing Men's epee, Team",
2476,Ilian Vasiliev Aleksandrov,M,20.0,172.0,66.0,Bulgaria,BUL,1992 Summer,1992,Summer,Barcelona,Gymnastics,Gymnastics Men's Horse Vault,
12264,Hennadiy Oleksiyovych Bleznitsov,M,27.0,190.0,90.0,Soviet Union,URS,1968 Summer,1968,Summer,Mexico City,Athletics,Athletics Men's Pole Vault,
27433,Francis Demarthon,M,29.0,178.0,65.0,France,FRA,1980 Summer,1980,Summer,Moskva,Athletics,Athletics Men's 400 metres,
8686,Anne-Marie Bauduin,F,16.0,145.0,40.0,France,FRA,1988 Summer,1988,Summer,Seoul,Gymnastics,Gymnastics Women's Floor Exercise,
20410,Sergey Vladimirovich Chepikov,M,39.0,182.0,75.0,Russia,RUS,2006 Winter,2006,Winter,Torino,Biathlon,Biathlon Men's 10 kilometres Sprint,
23781,Jean-Luc Crtier,M,27.0,185.0,93.0,France,FRA,1994 Winter,1994,Winter,Lillehammer,Alpine Skiing,Alpine Skiing Men's Combined,
30236,Ricardo Duarte Mungi,M,24.0,202.0,91.0,Peru,PER,1964 Summer,1964,Summer,Tokyo,Basketball,Basketball Men's Basketball,
21024,Choi Jae-Bong,M,25.0,178.0,78.0,South Korea,KOR,2006 Winter,2006,Winter,Torino,Speed Skating,Speed Skating Men's 500 metres,
807,"Benjamin Willard ""Ben"" Adams",M,22.0,188.0,78.0,United States,USA,1912 Summer,1912,Summer,Stockholm,Athletics,Athletics Men's Standing High Jump,Silver
23547,Yvan Covent,M,19.0,176.0,70.0,Belgium,BEL,1960 Summer,1960,Summer,Roma,Cycling,Cycling Men's 100 kilometres Team Time Trial,
2848,James Kanati Allen,M,21.0,173.0,64.0,United States,USA,1968 Summer,1968,Summer,Mexico City,Gymnastics,Gymnastics Men's Parallel Bars,
9085,Lucien Beaumont,M,21.0,,,Canada,CAN,1952 Summer,1952,Summer,Helsinki,Swimming,Swimming Men's 4 x 200 metres Freestyle Relay,
32574,Yukio Endo,M,27.0,161.0,58.0,Japan,JPN,1964 Summer,1964,Summer,Tokyo,Gymnastics,Gymnastics Men's Team All-Around,Gold
4888,Auguste mile Arbogast,M,19.0,171.0,75.0,France,FRA,1920 Summer,1920,Summer,Antwerpen,Swimming,Swimming Men's 200 metres Breaststroke,
34330,Mahmoud Omar Fawzy,M,32.0,,,Egypt,EGY,1952 Summer,1952,Summer,Helsinki,Wrestling,"Wrestling Men's Flyweight, Greco-Roman",
1322,Kevin Joseph Ahearn,M,23.0,175.0,73.0,United States,USA,1972 Winter,1972,Winter,Sapporo,Ice Hockey,Ice Hockey Men's Ice Hockey,Silver
13912,Elika Boubelov,F,20.0,,,Czechoslovakia,TCH,1936 Summer,1936,Summer,Berlin,Swimming,Swimming Women's 200 metres Breaststroke,
21532,Rosella Cicognani,F,17.0,158.0,49.0,Italy,ITA,1956 Summer,1956,Summer,Melbourne,Gymnastics,Gymnastics Women's Uneven Bars,
26506,Geraldo de Oliveira,M,32.0,,,Brazil,BRA,1952 Summer,1952,Summer,Helsinki,Athletics,Athletics Men's Long Jump,
31391,Simon Eder,M,26.0,186.0,79.0,Austria,AUT,2010 Winter,2010,Winter,Vancouver,Biathlon,Biathlon Men's 20 kilometres,
8290,Christopher Bartle,M,32.0,183.0,70.0,Great Britain,GBR,1984 Summer,1984,Summer,Los Angeles,Equestrianism,"Equestrianism Mixed Dressage, Team",
19980,Antoine Chatelaine,M,,,,France,FRA,1928 Summer,1928,Summer,Amsterdam,Gymnastics,Gymnastics Men's Rings,
33723,"August Oliver ""Gus"" Fager (Fagerstrm-)",M,32.0,178.0,61.0,United States,USA,1924 Summer,1924,Summer,Paris,Athletics,"Athletics Men's Cross-Country, Team",Silver
20127,Juan Ignacio Chela,M,21.0,190.0,75.0,Argentina,ARG,2000 Summer,2000,Summer,Sydney,Tennis,Tennis Men's Singles,
17594,Halet ambel,F,19.0,,,Turkey,TUR,1936 Summer,1936,Summer,Berlin,Fencing,"Fencing Women's Foil, Individual",
20690,Chien Yu-Chin,F,25.0,175.0,71.0,Chinese Taipei,TPE,2008 Summer,2008,Summer,Beijing,Badminton,Badminton Women's Doubles,
23459,Flicien Jules mile Courbet,M,24.0,,,Belgium,BEL,1912 Summer,1912,Summer,Stockholm,Swimming,Swimming Men's 400 metres Breaststroke,
22614,Comune della Citt di Torino,M,,,,Italy,ITA,1936 Summer,1936,Summer,Berlin,Art Competitions,"Art Competitions Mixed Architecture, Designs For Town Planning",
22866,Theodore Andrea Cook,M,53.0,,,Great Britain,GBR,1920 Summer,1920,Summer,Antwerpen,Art Competitions,Art Competitions Mixed Literature,Silver
14883,Elsebeth Brehm (-Jrgensen),F,22.0,,,Denmark,DEN,1924 Summer,1924,Summer,Paris,Tennis,Tennis Mixed Doubles,
20026,Orlando Fernando Chavarria,M,20.0,182.0,70.0,Belize,BIZ,1992 Summer,1992,Summer,Barcelona,Cycling,Cycling Men's 100 kilometres Team Time Trial,
30406,Carl Christian Due-Boje,M,27.0,170.0,77.0,Sweden,SWE,1994 Winter,1994,Winter,Lillehammer,Ice Hockey,Ice Hockey Men's Ice Hockey,Gold
18022,Christophe Capelle,M,28.0,184.0,73.0,France,FRA,1996 Summer,1996,Summer,Atlanta,Cycling,"Cycling Men's Team Pursuit, 4,000 metres",Gold
3206,Yuri Alvear Orjuela,F,26.0,176.0,70.0,Colombia,COL,2012 Summer,2012,Summer,London,Judo,Judo Women's Middleweight,Bronze
8229,Bla Bartalos,M,28.0,182.0,82.0,Hungary,HUN,1976 Summer,1976,Summer,Montreal,Handball,Handball Men's Handball,
30621,"Ronald ""Boris"" Duncan",M,29.0,177.0,82.0,Great Britain,GBR,1992 Winter,1992,Winter,Albertville,Alpine Skiing,Alpine Skiing Men's Combined,
23138,Evaristo Ulises Coronado Salas,M,23.0,,,Costa Rica,CRC,1984 Summer,1984,Summer,Los Angeles,Football,Football Men's Football,
30241,Sylvaine Duban,F,18.0,166.0,59.0,France,FRA,1968 Winter,1968,Winter,Grenoble,Figure Skating,Figure Skating Women's Singles,
1606,Patsy Serafina Akeli,F,25.0,175.0,89.0,Samoa,SAM,2004 Summer,2004,Summer,Athina,Athletics,Athletics Women's Javelin Throw,
1736,Ltf Aksoy,M,25.0,,,Turkey,TUR,1936 Summer,1936,Summer,Berlin,Football,Football Men's Football,
32337,Helene Elliott,F,19.0,176.0,63.0,Philippines,PHI,1968 Summer,1968,Summer,Mexico City,Swimming,Swimming Women's 800 metres Freestyle,
33932,Carlos Falt Mont,M,34.0,,,Spain,ESP,1948 Summer,1948,Summer,London,Water Polo,Water Polo Men's Water Polo,
3789,nderson Lus de Abreu Oliveira,M,20.0,176.0,77.0,Brazil,BRA,2008 Summer,2008,Summer,Beijing,Football,Football Men's Football,Bronze
31357,Sven Enar Edberg,M,28.0,162.0,61.0,Sweden,SWE,1964 Summer,1964,Summer,Tokyo,Weightlifting,Weightlifting Men's Featherweight,
17217,Josef ada,M,27.0,,,Bohemia,BOH,1908 Summer,1908,Summer,London,Gymnastics,Gymnastics Men's Individual All-Around,
26768,"Willem de Vries Lentsch, Sr.",M,41.0,,,Netherlands,NED,1928 Summer,1928,Summer,Amsterdam,Sailing,Sailing Mixed One Person Dinghy,
21020,Choi Im-Jeong,F,27.0,182.0,75.0,South Korea,KOR,2008 Summer,2008,Summer,Beijing,Handball,Handball Women's Handball,Bronze
23067,Melissa Jane Corfe,F,22.0,175.0,61.0,South Africa,RSA,2008 Summer,2008,Summer,Beijing,Swimming,Swimming Women's 4 x 100 metres Medley Relay,
12200,"Jeffrey Carl ""Jeff"" Blatnick",M,27.0,189.0,120.0,United States,USA,1984 Summer,1984,Summer,Los Angeles,Wrestling,"Wrestling Men's Super-Heavyweight, Greco-Roman",Gold
14113,Lloyd Henry Bourgeois,M,25.0,178.0,70.0,United States,USA,1928 Summer,1928,Summer,Amsterdam,Athletics,Athletics Men's Triple Jump,
15676,Roland Brckner,M,24.0,172.0,65.0,East Germany,GDR,1980 Summer,1980,Summer,Moskva,Gymnastics,Gymnastics Men's Floor Exercise,Gold
32113,Mohamed Nasir Al-Sayyid El-Neny,M,20.0,180.0,77.0,Egypt,EGY,2012 Summer,2012,Summer,London,Football,Football Men's Football,
11941,Per Andris Bjrang,M,24.0,187.0,84.0,Norway,NOR,1972 Winter,1972,Winter,Sapporo,Speed Skating,Speed Skating Men's 500 metres,
12714,Alfredo Bogarn Arzamendia,M,52.0,,,Paraguay,PAR,1988 Summer,1988,Summer,Seoul,Fencing,"Fencing Men's epee, Individual",
24120,Levente Csillag,M,30.0,190.0,81.0,Hungary,HUN,2000 Summer,2000,Summer,Sydney,Athletics,Athletics Men's 110 metres Hurdles,
8490,Ray Bassil,F,23.0,175.0,65.0,Lebanon,LIB,2012 Summer,2012,Summer,London,Shooting,Shooting Women's Trap,
17175,Eralio Cabrera Guerra,M,27.0,178.0,77.0,Cuba,CUB,1972 Summer,1972,Summer,Munich,Rowing,Rowing Men's Coxless Fours,
23359,Paolo Costoli,M,22.0,170.0,,Italy,ITA,1932 Summer,1932,Summer,Los Angeles,Swimming,Swimming Men's 400 metres Freestyle,
2751,Aline Silva dos Santos,F,22.0,195.0,96.0,Brazil,BRA,2004 Summer,2004,Summer,Athina,Handball,Handball Women's Handball,
20181,Chen Dequan,M,18.0,176.0,66.0,China,CHN,2014 Winter,2014,Winter,Sochi,Short Track Speed Skating,"Short Track Speed Skating Men's 5,000 metres Relay",Bronze
27242,Philip Delesalle,M,18.0,170.0,60.0,Canada,CAN,1976 Summer,1976,Summer,Montreal,Gymnastics,Gymnastics Men's Individual All-Around,
12221,Pavol Blaek,M,22.0,168.0,58.0,Czechoslovakia,TCH,1980 Summer,1980,Summer,Moskva,Athletics,Athletics Men's 50 kilometres Walk,
14300,Philipp Boy,M,21.0,172.0,67.0,Germany,GER,2008 Summer,2008,Summer,Beijing,Gymnastics,Gymnastics Men's Team All-Around,
27871,Ana Carolina Destfano,F,15.0,,,Argentina,ARG,1996 Summer,1996,Summer,Atlanta,Gymnastics,Gymnastics Women's Uneven Bars,
2066,Manhi Hamd Al-Mutairy,M,,168.0,65.0,Saudi Arabia,KSA,1984 Summer,1984,Summer,Los Angeles,Shooting,"Shooting Men's Free Pistol, 50 metres",
33145,Sadik Esen,M,,,,Turkey,TUR,1948 Summer,1948,Summer,London,Wrestling,"Wrestling Men's Heavyweight, Freestyle",
4729,Margit Appelt,F,29.0,169.0,57.0,Austria,AUT,2004 Summer,2004,Summer,Athina,Equestrianism,"Equestrianism Mixed Three-Day Event, Team",
4571,Anastasios Antonopoulos,M,,,,Greece,GRE,1912 Summer,1912,Summer,Stockholm,Wrestling,"Wrestling Men's Middleweight A, Greco-Roman",
780,Tony Adam,M,18.0,169.0,61.0,Germany,GER,2004 Summer,2004,Summer,Athina,Diving,Diving Men's Platform,
22121,Georgia Amy Coates,F,17.0,170.0,54.0,Great Britain,GBR,2016 Summer,2016,Summer,Rio de Janeiro,Swimming,Swimming Women's 4 x 100 metres Medley Relay,
6966,Martin Bajik,M,21.0,169.0,70.0,Slovakia,SVK,1998 Winter,1998,Winter,Nagano,Cross Country Skiing,Cross Country Skiing Men's 10 kilometres,
14653,Terry Michael Brands,M,32.0,162.0,58.0,United States,USA,2000 Summer,2000,Summer,Sydney,Wrestling,"Wrestling Men's Featherweight, Freestyle",Bronze
35450,Jos Sylvio Fiolo,M,18.0,179.0,77.0,Brazil,BRA,1968 Summer,1968,Summer,Mexico City,Swimming,Swimming Men's 100 metres Breaststroke,
15484,Charles Brown,M,37.0,,,United States,USA,1904 Summer,1904,Summer,St. Louis,Roque,Roque Men's Singles,Bronze
14547,Pablo Dominic Brgger,M,23.0,169.0,64.0,Switzerland,SUI,2016 Summer,2016,Summer,Rio de Janeiro,Gymnastics,Gymnastics Men's Pommelled Horse,
33368,Ophlie-Cyrielle Etienne,F,17.0,175.0,57.0,France,FRA,2008 Summer,2008,Summer,Beijing,Swimming,Swimming Women's 200 metres Freestyle,
20532,Aleksandr Ivanovich Chervyakov,M,29.0,180.0,80.0,Kazakhstan,KAZ,2010 Winter,2010,Winter,Vancouver,Biathlon,Biathlon Men's 12.5 kilometres Pursuit,
11956,John Bjrn Bjrnseth,M,47.0,,,Norway,NOR,1936 Summer,1936,Summer,Berlin,Equestrianism,"Equestrianism Men's Dressage, Individual",
2533,Bekele Alemu,M,23.0,173.0,70.0,Ethiopia,ETH,1964 Summer,1964,Summer,Tokyo,Boxing,Boxing Men's Light-Middleweight,
2125,Hussein Al-Sadiq,M,20.0,,,Saudi Arabia,KSA,1992 Summer,1992,Summer,Barcelona,Swimming,Swimming Men's 400 metres Freestyle,
33271,"Bernard ""Ben"" Essers",M,43.0,,,Netherlands,NED,1936 Summer,1936,Summer,Berlin,Art Competitions,"Art Competitions Mixed Painting, Unknown Event",
8575,Csar Silva Batista,M,31.0,176.0,70.0,Portugal,POR,1960 Summer,1960,Summer,Roma,Shooting,"Shooting Men's Small-Bore Rifle, Prone, 50 metres",
14613,Charles William Brand,M,32.0,,,Great Britain,GBR,1948 Summer,1948,Summer,London,Water Polo,Water Polo Men's Water Polo,
25596,George Davidson,M,21.0,,,New Zealand,NZL,1920 Summer,1920,Summer,Antwerpen,Athletics,Athletics Men's 100 metres,
7725,Jonathan Barbe,M,19.0,172.0,66.0,Seychelles,SEY,1996 Summer,1996,Summer,Atlanta,Sailing,Sailing Men's Windsurfer,
5431,Skinnar Per Tobias Arwidson,M,25.0,170.0,74.0,Sweden,SWE,2014 Winter,2014,Winter,Sochi,Biathlon,Biathlon Men's 12.5 kilometres Pursuit,
22554,"William Norman ""Bill"" Colvin",M,21.0,175.0,75.0,Canada,CAN,1956 Winter,1956,Winter,Cortina d'Ampezzo,Ice Hockey,Ice Hockey Men's Ice Hockey,Bronze
13253,Franois Bonnet,M,24.0,178.0,73.0,France,FRA,1972 Summer,1972,Summer,Munich,Canoeing,"Canoeing Men's Canadian Singles, Slalom",
7687,Lszl Baranyai,M,28.0,,,Hungary,HUN,1948 Summer,1948,Summer,London,Gymnastics,Gymnastics Men's Parallel Bars,
20500,Lyudmila Georgiyevna Chernyshova (Prokoshina-),F,27.0,172.0,68.0,Soviet Union,URS,1980 Summer,1980,Summer,Moskva,Volleyball,Volleyball Women's Volleyball,Gold
12575,Dorina Bczg,F,16.0,160.0,48.0,Hungary,HUN,2008 Summer,2008,Summer,Beijing,Gymnastics,Gymnastics Women's Uneven Bars,
7401,Lajos Balthazr,M,35.0,,,Hungary,HUN,1956 Summer,1956,Summer,Melbourne,Fencing,"Fencing Men's epee, Individual",
9733,Ettore Bellotto,M,25.0,,,Italy,ITA,1920 Summer,1920,Summer,Antwerpen,Gymnastics,Gymnastics Men's Team All-Around,Gold
466,Piroska Abos Gvorgyzakab,F,25.0,,,Spain,ESP,1988 Winter,1988,Winter,Calgary,Cross Country Skiing,Cross Country Skiing Women's 20 kilometres,
35464,Agustn Ignacio Fiorilli,M,17.0,170.0,71.0,Argentina,ARG,1996 Summer,1996,Summer,Atlanta,Swimming,"Swimming Men's 1,500 metres Freestyle",
33493,Erling Evensen,M,33.0,,,Norway,NOR,1948 Winter,1948,Winter,Sankt Moritz,Cross Country Skiing,Cross Country Skiing Men's 4 x 10 kilometres Relay,Bronze
1234,Alessandra Aguilar Morn,F,30.0,165.0,50.0,Spain,ESP,2008 Summer,2008,Summer,Beijing,Athletics,Athletics Women's Marathon,
13479,Micheline Borghs,F,20.0,166.0,59.0,Belgium,BEL,1976 Summer,1976,Summer,Montreal,Fencing,"Fencing Women's Foil, Individual",
21685,Petre Cimigu,M,37.0,,,Romania,ROU,1952 Summer,1952,Summer,Helsinki,Shooting,"Shooting Men's Small-Bore Rifle, Prone, 50 metres",
23180,Heather Corrie,F,37.0,173.0,59.0,United States,USA,2008 Summer,2008,Summer,Beijing,Canoeing,"Canoeing Women's Kayak Singles, Slalom",
24318,Maria Aurora Alves Cunha,F,33.0,155.0,48.0,Portugal,POR,1992 Summer,1992,Summer,Barcelona,Athletics,Athletics Women's Marathon,
2623,"Laurens Cornelus ""Loek"" Alflen",M,26.0,157.0,57.0,Netherlands,NED,1960 Summer,1960,Summer,Roma,Wrestling,"Wrestling Men's Bantamweight, Greco-Roman",
5704,Igor Astarloa Askasibar,M,28.0,171.0,60.0,Spain,ESP,2004 Summer,2004,Summer,Athina,Cycling,"Cycling Men's Road Race, Individual",
25403,Yves Daniel Darricau,M,19.0,176.0,76.0,Lebanon,LIB,1972 Summer,1972,Summer,Munich,Fencing,"Fencing Men's Foil, Individual",
8060,Stphane Georges Barr,M,26.0,180.0,68.0,France,FRA,1996 Summer,1996,Summer,Atlanta,Rowing,Rowing Men's Lightweight Coxless Fours,
13239,Flix Bonnat,M,26.0,,,France-2,FRA,1948 Winter,1948,Winter,Sankt Moritz,Bobsleigh,Bobsleigh Men's Four,
9089,Maxime Eugne Ren Beaumont,M,30.0,191.0,94.0,France,FRA,2012 Summer,2012,Summer,London,Canoeing,"Canoeing Men's Kayak Singles, 200 metres",
33032,Lukas Erni,M,24.0,169.0,61.0,Switzerland,SUI,2000 Summer,2000,Summer,Sydney,Sailing,Sailing Men's Two Person Dinghy,
18435,Gonzalo Matas Carou,M,36.0,190.0,100.0,Argentina,ARG,2016 Summer,2016,Summer,Rio de Janeiro,Handball,Handball Men's Handball,
33150,Wharton Harris Esherick,M,45.0,,,United States,USA,1932 Summer,1932,Summer,Los Angeles,Art Competitions,"Art Competitions Mixed Painting, Unknown Event",
29570,Antnio Dias dos Santos,M,24.0,189.0,87.0,Angola,ANG,1988 Summer,1988,Summer,Seoul,Athletics,Athletics Men's Triple Jump,
21789,Darren Edward Clark,M,23.0,179.0,76.0,Australia,AUS,1988 Summer,1988,Summer,Seoul,Athletics,Athletics Men's 400 metres,
28291,Rodobaldo Daz Arrambarry,M,26.0,178.0,71.0,Cuba,CUB,1968 Summer,1968,Summer,Mexico City,Athletics,Athletics Men's 400 metres,
18919,Nuria Castell Marrugat,F,21.0,,,Spain,ESP,1992 Summer,1992,Summer,Barcelona,Swimming,Swimming Women's 200 metres Backstroke,
29158,Jitka Dolej,F,22.0,168.0,58.0,Czechoslovakia,TCH,1980 Summer,1980,Summer,Moskva,Archery,Archery Women's Individual,
2076,Gohar Mohamed Gohar Al-Nil,M,19.0,193.0,92.0,Egypt,EGY,1992 Summer,1992,Summer,Barcelona,Handball,Handball Men's Handball,
14383,Audun Boysen,M,27.0,181.0,66.0,Norway,NOR,1956 Summer,1956,Summer,Melbourne,Athletics,Athletics Men's 800 metres,Bronze
28297,Roxana Tomasa Daz Snchez,F,27.0,169.0,65.0,Cuba,CUB,2008 Summer,2008,Summer,Beijing,Athletics,Athletics Women's 4 x 400 metres Relay,
7131,Grard Balanche,M,20.0,185.0,68.0,Switzerland,SUI,1988 Winter,1988,Winter,Calgary,Ski Jumping,"Ski Jumping Men's Normal Hill, Individual",
22662,"John ""Jack"" Conger",M,21.0,193.0,80.0,United States,USA,2016 Summer,2016,Summer,Rio de Janeiro,Swimming,Swimming Men's 4 x 200 metres Freestyle Relay,Gold
8145,Blanca Luz Barrn Serrano,F,26.0,168.0,50.0,Mexico,MEX,1960 Summer,1960,Summer,Roma,Swimming,Swimming Women's 100 metres Freestyle,
2634,Maura Alfonso,F,24.0,176.0,68.0,Cuba,CUB,1980 Summer,1980,Summer,Moskva,Volleyball,Volleyball Women's Volleyball,
15412,"John Teahan ""Jack"" Brosius, III",M,32.0,183.0,81.0,United States,USA,1972 Summer,1972,Summer,Munich,Canoeing,"Canoeing Men's Kayak Doubles, 1,000 metres",
5654,Brian Aspen,M,25.0,168.0,57.0,Great Britain,GBR,1984 Summer,1984,Summer,Los Angeles,Wrestling,"Wrestling Men's Bantamweight, Freestyle",
8030,"Bradley N. ""Brad"" Barquist",M,28.0,183.0,62.0,United States,USA,1996 Summer,1996,Summer,Atlanta,Athletics,"Athletics Men's 10,000 metres",
19022,Ral M. Castro Nilson,M,,,,Uruguay,URU,1948 Summer,1948,Summer,London,Water Polo,Water Polo Men's Water Polo,
3610,An Yulong,M,19.0,173.0,70.0,China,CHN,1998 Winter,1998,Winter,Nagano,Short Track Speed Skating,"Short Track Speed Skating Men's 1,000 metres",
12638,Mihly Richrd Bodor,M,26.0,195.0,86.0,Hungary,HUN,1988 Summer,1988,Summer,Seoul,Swimming,Swimming Men's 100 metres Freestyle,
3986,Karl Sigurd Andersson,M,25.0,,,Sweden,SWE,1952 Winter,1952,Winter,Oslo,Cross Country Skiing,Cross Country Skiing Men's 4 x 10 kilometres Relay,Bronze
31161,Irina Yuryevna Dzyuba,F,15.0,168.0,42.0,Russia,RUS,1996 Summer,1996,Summer,Atlanta,Rhythmic Gymnastics,Rhythmic Gymnastics Women's Group,Bronze
7342,Sophie Balmary,F,25.0,183.0,76.0,France,FRA,2004 Summer,2004,Summer,Athina,Rowing,Rowing Women's Coxless Pairs,
19257,Susanne Margareta Ceder,F,30.0,167.0,68.0,Sweden,SWE,1998 Winter,1998,Winter,Nagano,Ice Hockey,Ice Hockey Women's Ice Hockey,
25954,Georges de Bordus,M,,,,France,FRA,1924 Summer,1924,Summer,Paris,Shooting,"Shooting Men's Trap, Team",
3038,Manuel Alonso de Areyzaga,M,24.0,175.0,66.0,Spain-2,ESP,1920 Summer,1920,Summer,Antwerpen,Tennis,Tennis Men's Doubles,
651,Jos Eduardo Acevedo Herrera,M,22.0,179.0,65.0,Venezuela,VEN,2008 Summer,2008,Summer,Beijing,Athletics,Athletics Men's 200 metres,
8378,Franz Barwig,M,60.0,,,Austria,AUT,1928 Summer,1928,Summer,Amsterdam,Art Competitions,"Art Competitions Mixed Sculpturing, Statues",
14816,Frank Brazier,M,26.0,177.0,53.0,Australia,AUS,1960 Summer,1960,Summer,Roma,Cycling,"Cycling Men's Team Pursuit, 4,000 metres",
27449,Walter Demel,M,36.0,170.0,68.0,West Germany,FRG,1972 Winter,1972,Winter,Sapporo,Cross Country Skiing,Cross Country Skiing Men's 30 kilometres,
34923,Carmen Ferracuti,F,16.0,173.0,52.0,El Salvador,ESA,1968 Summer,1968,Summer,Mexico City,Swimming,Swimming Women's 200 metres Backstroke,
25687,Hannah Davis,F,22.0,167.0,70.0,Australia,AUS,2008 Summer,2008,Summer,Beijing,Canoeing,"Canoeing Women's Kayak Doubles, 500 metres",
17648,Dayane Camilo da Silva,F,22.0,160.0,46.0,Brazil,BRA,2000 Summer,2000,Summer,Sydney,Rhythmic Gymnastics,Rhythmic Gymnastics Women's Group,
16692,Declan Burns,M,24.0,178.0,78.0,Ireland,IRL,1980 Summer,1980,Summer,Moskva,Canoeing,"Canoeing Men's Kayak Singles, 500 metres",
20668,Charles Chibwe,M,,,60.0,Zambia,ZAM,1980 Summer,1980,Summer,Moskva,Judo,Judo Men's Extra-Lightweight,
21219,Nina Christen,F,22.0,160.0,57.0,Switzerland,SUI,2016 Summer,2016,Summer,Rio de Janeiro,Shooting,"Shooting Women's Small-Bore Rifle, Three Positions, 50 metres",
17662,Ivano Camozzi,M,25.0,176.0,71.0,Italy,ITA,1988 Winter,1988,Winter,Calgary,Alpine Skiing,Alpine Skiing Men's Super G,
19198,Amlie Caze,F,19.0,180.0,63.0,France,FRA,2004 Summer,2004,Summer,Athina,Modern Pentathlon,Modern Pentathlon Women's Individual,
4977,Yordanis Arencibia Verdecia,M,28.0,167.0,66.0,Cuba,CUB,2008 Summer,2008,Summer,Beijing,Judo,Judo Men's Half-Lightweight,Bronze
3953,Lotten Katrin Andersson,F,18.0,167.0,53.0,Sweden,SWE,1968 Summer,1968,Summer,Mexico City,Swimming,Swimming Women's 4 x 100 metres Freestyle Relay,
8052,Toms Barraza Barraza,M,28.0,,,Chile,CHI,1936 Summer,1936,Summer,Berlin,Fencing,"Fencing Men's epee, Team",
31987,Ashraf Mohamed El-Meligy El-Gharably,M,33.0,165.0,60.0,Egypt,EGY,2012 Summer,2012,Summer,London,Wrestling,"Wrestling Men's Welterweight, Greco-Roman",
10785,"Timothy B. ""Tim"" Berrett",M,27.0,180.0,67.0,Canada,CAN,1992 Summer,1992,Summer,Barcelona,Athletics,Athletics Men's 20 kilometres Walk,
17548,Juan Rodrigo Camacho,M,33.0,176.0,62.0,Bolivia,BOL,1992 Summer,1992,Summer,Barcelona,Athletics,Athletics Men's Marathon,
23444,Dudley Henry Barton Coulson,M,27.0,,,Kenya,KEN,1956 Summer,1956,Summer,Melbourne,Hockey,Hockey Men's Hockey,
35109,Alain Feutrier,M,19.0,170.0,78.0,France,FRA,1988 Winter,1988,Winter,Calgary,Alpine Skiing,Alpine Skiing Men's Giant Slalom,
24160,Alfredo Ernesto Cubas Borges,M,22.0,165.0,57.0,El Salvador,ESA,1968 Summer,1968,Summer,Mexico City,Athletics,"Athletics Men's 1,500 metres",
35196,Nirra Fields,F,22.0,170.0,57.0,Canada,CAN,2016 Summer,2016,Summer,Rio de Janeiro,Basketball,Basketball Women's Basketball,
31778,"Lloyd Edgar Eisler, Jr.",M,30.0,180.0,81.0,Canada-1,CAN,1994 Winter,1994,Winter,Lillehammer,Figure Skating,Figure Skating Mixed Pairs,Bronze
10942,Tams Berzicza,M,20.0,176.0,82.0,Hungary,HUN,1996 Summer,1996,Summer,Atlanta,Wrestling,"Wrestling Men's Welterweight, Greco-Roman",
17597,Luigi Cambiaso,M,29.0,,,Italy,ITA,1924 Summer,1924,Summer,Paris,Gymnastics,Gymnastics Men's Pommelled Horse,
11650,"Mihai Br, Sr.",M,18.0,,,Romania,ROU,1948 Winter,1948,Winter,Sankt Moritz,Alpine Skiing,Alpine Skiing Men's Downhill,
22141,Donald Cobley,M,28.0,172.0,68.0,Great Britain,GBR,1956 Summer,1956,Summer,Melbourne,Modern Pentathlon,Modern Pentathlon Men's Team,
33562,Epigmenio Exiga,M,22.0,169.0,92.0,Mexico,MEX,1972 Summer,1972,Summer,Munich,Judo,Judo Men's Half-Heavyweight,
15824,Francesco Bruno,M,26.0,170.0,65.0,Italy,ITA,2004 Summer,2004,Summer,Athina,Shooting,"Shooting Men's Free Pistol, 50 metres",
12028,Johan Axel Gsta Bladin,M,25.0,,,Sweden,SWE,1920 Summer,1920,Summer,Antwerpen,Athletics,Athletics Men's Long Jump,
14982,Robert Bretscher,M,19.0,174.0,71.0,Switzerland,SUI,1972 Summer,1972,Summer,Munich,Gymnastics,Gymnastics Men's Floor Exercise,
22570,Nadia Elena Comneci (-Conner),F,18.0,162.0,45.0,Romania,ROU,1980 Summer,1980,Summer,Moskva,Gymnastics,Gymnastics Women's Individual All-Around,Silver
11399,Alfons Bierebeek,M,18.0,,,Belgium,BEL,1952 Summer,1952,Summer,Helsinki,Swimming,Swimming Men's 4 x 200 metres Freestyle Relay,
20093,Mauro Checcoli,M,21.0,171.0,63.0,Italy,ITA,1964 Summer,1964,Summer,Tokyo,Equestrianism,"Equestrianism Mixed Three-Day Event, Team",Gold
22868,"Anthony ""Tony"" Cook",M,28.0,183.0,68.0,Australia,AUS,1964 Summer,1964,Summer,Tokyo,Athletics,"Athletics Men's 5,000 metres",
20558,"James ""Jimmy"" Chetcuti Bonacia",M,22.0,,,Malta,MLT,1936 Summer,1936,Summer,Berlin,Water Polo,Water Polo Men's Water Polo,
12795,Andrew Michael Bogut,M,31.0,213.0,122.0,Australia,AUS,2016 Summer,2016,Summer,Rio de Janeiro,Basketball,Basketball Men's Basketball,
8338,Zdeka Bartoov-ilhav (Kus-),F,26.0,178.0,85.0,Czechoslovakia,TCH,1980 Summer,1980,Summer,Moskva,Athletics,Athletics Women's Discus Throw,
16816,Antje Buschschulte (-Meeuw),F,29.0,186.0,75.0,Germany,GER,2008 Summer,2008,Summer,Beijing,Swimming,Swimming Women's 4 x 100 metres Medley Relay,
35224,Guido Figone,M,24.0,,,Italy,ITA,1952 Summer,1952,Summer,Helsinki,Gymnastics,Gymnastics Men's Rings,
1925,Ali Al-Hadiyah,M,22.0,,,Kuwait,KUW,1992 Summer,1992,Summer,Barcelona,Football,Football Men's Football,
24204,Damian Cuesta Brooks,M,22.0,183.0,92.0,Cuba,CUB,2000 Summer,2000,Summer,Sydney,Handball,Handball Men's Handball,
484,Abdel Fattah Abou-Shanab,M,24.0,,,United Arab Republic,UAR,1960 Summer,1960,Summer,Roma,Rowing,Rowing Men's Coxed Eights,
17133,Yolanda Beatriz Caballero Prez,F,30.0,155.0,46.0,Colombia,COL,2012 Summer,2012,Summer,London,Athletics,Athletics Women's Marathon,
34300,Georges-mile Fauvelle,M,37.0,,,France,FRA,1928 Summer,1928,Summer,Amsterdam,Art Competitions,"Art Competitions Mixed Architecture, Designs For Town Planning",
26765,Michelle de Vries (-Cole),F,14.0,167.0,60.0,Australia,AUS,1976 Summer,1976,Summer,Montreal,Swimming,Swimming Women's 4 x 100 metres Medley Relay,
18797,Colleen Mary Casey (-Shields),F,16.0,156.0,41.0,United States,USA,1976 Summer,1976,Summer,Montreal,Gymnastics,Gymnastics Women's Balance Beam,
18046,Giulio Capitanio,M,23.0,180.0,70.0,Italy,ITA,1976 Winter,1976,Winter,Innsbruck,Cross Country Skiing,Cross Country Skiing Men's 30 kilometres,
29459,Heiner Dopp,M,20.0,186.0,81.0,West Germany,FRG,1976 Summer,1976,Summer,Montreal,Hockey,Hockey Men's Hockey,
990,Adogon,M,,,,Cote d'Ivoire,CIV,1984 Summer,1984,Summer,Los Angeles,Canoeing,"Canoeing Men's Kayak Singles, 1,000 metres",
21300,Max Christiansen,M,19.0,187.0,84.0,Germany,GER,2016 Summer,2016,Summer,Rio de Janeiro,Football,Football Men's Football,Silver
15633,"Susannah Claire ""Suki"" Brownsdon",F,26.0,168.0,57.0,Great Britain,GBR,1992 Summer,1992,Summer,Barcelona,Swimming,Swimming Women's 100 metres Breaststroke,
29210,Mildred Jeanette Dolson (-Cavill),F,17.0,,,Canada,CAN,1936 Summer,1936,Summer,Berlin,Athletics,Athletics Women's 4 x 100 metres Relay,Bronze
30452,"Louis Dufour, Jr.",M,18.0,,,Switzerland,SUI,1920 Summer,1920,Summer,Antwerpen,Ice Hockey,Ice Hockey Men's Ice Hockey,
35084,Martial Fesselier,M,34.0,169.0,60.0,France,FRA,1996 Summer,1996,Summer,Atlanta,Athletics,Athletics Men's 50 kilometres Walk,
34585,Roberta Felotti,F,15.0,170.0,55.0,Italy,ITA,1980 Summer,1980,Summer,Moskva,Swimming,Swimming Women's 400 metres Freestyle,
23063,Antonio Corell Fornet,M,18.0,174.0,78.0,Spain,ESP,1968 Summer,1968,Summer,Mexico City,Swimming,"Swimming Men's 1,500 metres Freestyle",
12286,"Grard Blitz, Jr.",M,18.0,,,Belgium,BEL,1920 Summer,1920,Summer,Antwerpen,Swimming,Swimming Men's 4 x 200 metres Freestyle Relay,
1251,Karel Aguilar Chacn,M,28.0,175.0,85.0,Cuba,CUB,2008 Summer,2008,Summer,Beijing,Canoeing,"Canoeing Men's Canadian Doubles, 1,000 metres",
13022,Sergey Vladimirovich Bolshakov,M,24.0,190.0,90.0,Russia,RUS,2012 Summer,2012,Summer,London,Swimming,Swimming Men's 10 kilometres Open Water,
12742,Andrey Viktorovich Bogdanovich,M,20.0,193.0,87.0,Belarus,BLR,2008 Summer,2008,Summer,Beijing,Canoeing,"Canoeing Men's Canadian Doubles, 500 metres",
25246,Eleni Daniilidou,F,25.0,183.0,72.0,Greece,GRE,2008 Summer,2008,Summer,Beijing,Tennis,Tennis Women's Doubles,
35550,Birgit Fischer-Schmidt,F,34.0,172.0,69.0,Germany,GER,1996 Summer,1996,Summer,Atlanta,Canoeing,"Canoeing Women's Kayak Fours, 500 metres",Gold
20019,Patricia Chauvet-Blanc,F,20.0,168.0,60.0,France,FRA,1988 Winter,1988,Winter,Calgary,Alpine Skiing,Alpine Skiing Women's Slalom,
8920,Georgy Baymakov,M,17.0,,,Russia,RUS,1912 Summer,1912,Summer,Stockholm,Swimming,Swimming Men's 200 metres Breaststroke,
17071,Micha Bylina,M,28.0,,,Poland,POL,1932 Summer,1932,Summer,Los Angeles,Art Competitions,"Art Competitions Mixed Painting, Paintings",
