Airport_ID,Identifier,Type,Name,Latitude,Longitude,Elevation_Ft,Continent,ISO_Country_Code,ISO_Region,Municipality,Is_Scheduled_Service,GPS_Code,IATA_Code,Local_Code,Home_Link,Wikipedia_Link,Keywords
347292,CY-0020,heliport,UNFICYP OP32 Heliport,35.156876,33.02405,,AS,CY,CY-02,Astromeritis,False,,,,,,
5688,RPLI,medium_airport,Laoag International Airport,18.17810059,120.5319977,25.0,AS,PH,PH-ILN,Laoag City,True,RPLI,LAO,,,https://en.wikipedia.org/wiki/Laoag_International_Airport,
36499,SJEA,small_airport,Cadete 56-147 Santana Airport,-12.850863,-48.226832,985.0,SA,BR,BR-TO,Palmeirópolis,False,SJEA,,TO0025,,,
318821,KE-0194,small_airport,Sirocco Airstrip,-0.721299,36.28709,6100.0,AF,KE,KE-700,,False,,,,,,
37325,SNWU,small_airport,Fazenda Ponte Quinhá Airport,-23.005477,-55.50928,1575.0,SA,BR,BR-MS,Aral Moreira,False,SNWU,,MS0237,,,
421,SNXX,small_airport,Maxaranguape Airport,-5.38414,-35.5284,305.0,SA,BR,BR-RN,Maxaranguape,False,SNXX,,RN9002,,,"Maxaranguepe, Jerusalham"
341102,US-3161,heliport,Houston Methodist West Hospital Helipad,29.78635,-95.69959,,,US,US-TX,Houston,False,,,,,,
325754,US-0774,heliport,Muddy Bottoms Heliport,32.941501,-93.499254,238.0,,US,US-LA,Springhill,False,LA94,,LA94,,,
30491,SNVI,small_airport,Mélio Viana Airport,-21.79059982,-45.26919937,3232.0,SA,BR,BR-MG,Três Corações,False,SNVI,QID,,,,
70,AYWD,medium_airport,Wapenamanda Airport,-5.635293,143.892231,5889.0,OC,PG,PG-EPW,Wapenamanda,True,AYWD,WBM,,,https://en.wikipedia.org/wiki/Wapenamanda_Airport,
23330,NV20,closed,Topaz Ranch Heliport,38.761002,-119.533997,580.0,,US,US-NV,Wellington,False,,,,,,NV20
353391,ZA-0288,small_airport,Belle Rive Airport,-27.96792,25.13416,4000.0,AF,ZA,ZA-FS,Warrenton,False,,,,,,
25255,UT12,heliport,Gilbert Development Shop Heliport,37.6875,-113.0859985,5670.0,,US,US-UT,Cedar City,False,UT12,,UT12,,,
301768,AYZ,closed,Zahn's Airport,40.71,-73.4,,,US,US-NY,Amityville,False,,AYZ,,,,
325216,MX-0589,closed,Carlos A Carrillo Airport,18.390305,-95.726691,26.0,,MX,MX-VER,Cosamaloapan,False,,,,,,
18705,K3I4,small_airport,Richwood Municipal Airport,38.25839996,-80.65070343,2486.0,,US,US-WV,Richwood,False,K3I4,,3I4,,,
42205,PA-0021,closed,Ailigandi North Airport,9.23903,-78.03922,19.0,,PA,PA-KY,Ailigandi,False,,,,,,
340418,TM-0018,heliport,Arçman Heliport,38.519675,57.171759,,AS,TM,TM-A,Arçman,False,,,,,,
12908,63LA,small_airport,Leonards Airfield & Indust Park Airport,29.96409988,-91.91210175,23.0,,US,US-LA,Delcambre,False,63LA,,63LA,,,
27875,YPAK,closed,Pakenham Airport,-38.088421,145.480871,,OC,AU,AU-VIC,Pakenham,False,YPAK,,,,,
318841,ZA-0147,small_airport,Lady Grey Golf Course Airstrip,-30.706581,27.208231,,AF,ZA,ZA-EC,Lady Grey,False,,,,,,
301707,ARP,small_airport,Aragip Airport,-9.883333333,149.4833333,1750.0,OC,PG,PG-MBA,,False,,ARP,AGP,,,
37297,SNVM,small_airport,Fazenda Guaivira Airport,-20.66444397,-52.76722336,1112.0,SA,BR,BR-MS,Brasilândia,False,SNVM,,,,,
38319,YDGT,small_airport,Dalgety Downs Station Airport,-25.267532,116.221396,,OC,AU,AU-WA,,False,YDGT,,,,,
353019,UA-0175,closed,Holubivka Airfield,48.63034,38.67211,672.0,EU,UA,UA-14,Holubivka,False,,,,,,
355337,AU-0468,heliport,Iluka Sports Oval HLS,-29.406833,153.352833,26.0,OC,AU,AU-NSW,Iluka,False,,,OZHIU,,,
10600,3MD8,small_airport,Pokety Airport,38.61230087,-76.1710968,10.0,,US,US-MD,Cambridge,False,3MD8,,3MD8,,,
2852,FAVR,medium_airport,Vredendal Airport,-31.64100075,18.5447998,330.0,AF,ZA,ZA-WC,Vredendal,False,FAVR,VRE,,,,
13792,73WA,small_airport,Seven Bays Airport,47.849029,-118.333442,1580.0,,US,US-WA,Seven Bays,False,73WA,,73WA,,,
17180,ERO,heliport,Eldred Rock Cg Heliport,58.97109985,-135.2369995,33.0,,US,US-AK,Eldred Rock,False,ERO,,ERO,,,
318135,LHLI,small_airport,Lipót,47.8575,17.4483333,,EU,HU,HU-GS,,False,LHLI,,,,,"Lipót,Szigetköz"
349548,US-5667,closed,Creighton Island Airport,31.50157,-81.33035,12.0,,US,US-GA,Townsend,False,,,,,,
3219,HLGD,medium_airport,Gardabya Airport,31.06349945,16.59499931,267.0,AF,LY,LY-SR,Sirt,True,HLGD,SRX,,,https://en.wikipedia.org/wiki/Gardabya_Airport,Sirte
2964,FOOH,medium_airport,Omboue Hospital Airport,-1.57473,9.26269,33.0,AF,GA,GA-8,Omboue,False,FOOH,OMB,,,,
10358,3A0,closed,Grove Hill Municipal Airport,31.689301,-87.761398,478.0,,US,US-AL,Grove Hill,False,,,3A0,,,
41967,MRLY,small_airport,La Yolanda Airport,9.550000191,-84.56666565,13.0,,CR,CR-P,Parrita,False,MRLY,,,,,
2069,DAOL,medium_airport,Oran Tafraoui Airport,35.5424,-0.532278,367.0,AF,DZ,DZ-31,Tafraoui,False,DAOL,TAF,,,,
10303,38TN,small_airport,Sugar Grove Airport,36.62530136,-86.27330017,800.0,,US,US-TN,Westmoreland,False,38TN,,38TN,,,
30421,LKSN,small_airport,Slaný Airport,50.21670151,14.08860016,1079.0,EU,CZ,CZ-ST,Slaný,False,LKSN,,,,,
10712,3OI4,closed,Valley View Heliport,41.249901,-82.665199,700.0,,US,US-OH,Norwalk,False,,,,,,3OI4
16137,AK45,closed,Lost River 2 Airport,65.4562,-167.1755,220.0,,US,US-AK,Lost River,False,,,,,,AK45
319411,MX-0231,small_airport,Santa Ana de Vanegas Airport,24.171264,-100.912954,5630.0,,MX,MX-SLP,Vanegas,False,,,SNV,,,
334565,JP-0200,heliport,Otemachi Tower Helipad,35.68518,139.76543,,AS,JP,JP-13,"Chiyoda, Tokyo",False,,,,,,
10510,3IL3,heliport,Stillman Fire Heliport,42.10559845,-89.1832962,720.0,,US,US-IL,Stillman Valley,False,3IL3,,3IL3,,,
29883,SCFL,small_airport,Fundo Loma Larga Airport,-33.27999878,-71.3792038,869.0,SA,CL,CL-VS,Casablanca,False,SCFL,,,,,
336134,US-1638,closed,M and M Winnie Airport,29.84781,-94.376464,,,US,US-TX,Winnie,False,,,,,,
344170,NO-0091,small_airport,Hjerkinn flyplass,62.19536,9.63733,,EU,NO,NO-34,,False,,,,,https://no.wikipedia.org/wiki/Hjerkinn_flyplass,Hjerkinnsholen
334475,US-1333,closed,Rice Army Airfield,34.056144,-114.814081,,,US,US-CA,Rice,False,,,,,,
3776,KPIH,medium_airport,Pocatello Regional Airport,42.90980148,-112.5960007,4452.0,,US,US-ID,Pocatello,True,KPIH,PIH,PIH,,https://en.wikipedia.org/wiki/Pocatello_Regional_Airport,
25849,WN54,small_airport,Ellerport Airport,47.73490143,-117.0709991,2146.0,,US,US-WA,Newman Lake,False,WN54,,WN54,,,
23211,NK85,heliport,Harris Hill Heliport,41.24449921,-73.68009949,280.0,,US,US-NY,Bedford Hills,False,NK85,,NK85,,,
310985,ID-0128,small_airport,Riam Sejawak Airstrip,0.9717,111.0994,140.0,AS,ID,ID-KB,Riam Sejawak,False,,,,,,WW79
324869,BR-0294,small_airport,Fazenda Ressaca Airport,-16.18861,-57.705555,420.0,SA,BR,BR-MT,Cáceres,False,SWUR,,SWUR,,,
4192,LFQA,small_airport,Aérodrome de Reims Prunay,49.208698,4.15658,313.0,EU,FR,FR-GES,Reims/Prunay,False,LFQA,,,,,
327007,SDOQ,small_airport,Fazenda Campo Claro Airstrip,-12.674353,-51.739294,1165.0,SA,BR,BR-MT,Ribeirão Cascalheira,False,SDOQ,,,,,
7487,0PN1,seaplane_base,Pete's Water Landing Seaplane Base,40.69940186,-79.61889648,757.0,,US,US-PA,Freeport,False,0PN1,,0PN1,,,
341593,PH-0344,heliport,GMA Network Tower Helipad,14.6334,121.04391,,AS,PH,PH-00,Quezon City,False,,,,,,
9534,2MA5,heliport,Compaq Powdermill Road Heliport,42.42789841,-71.45760345,175.0,,US,US-MA,Maynard,False,2MA5,,2MA5,,,
347270,SD9F,small_airport,Fazenda Santa Tereza Airstrip,-9.224444,-68.840278,617.0,SA,BR,BR-AC,Sena Madureira,False,SD9F,,AC0020,,,
3800,RK15,small_airport,Ji Po Ri Airfield (G-237),38.155043,127.314076,510.0,AS,KR,KR-42,Witguntan,False,RK15,,RK15,,,
22220,MO16,small_airport,Baugh Flight Park Ultralightport,37.16389847,-94.16829681,984.0,,US,US-MO,Avilla,False,MO16,,MO16,,,
26663,VTPY,small_airport,Khunan Phumipol Airport,17.23419952,99.05789948,492.0,AS,TH,TH-63,,False,VTPY,,,,,
45963,8KY6,small_airport,Caintuckee Airport,38.935528,-84.568278,930.0,,US,US-KY,Independence,False,8KY6,,8KY6,,,
327644,AR-0640,small_airport,Pichanal-Franzini Airport,-23.338946,-64.247126,1004.0,SA,AR,AR-A,Pichanal,False,,,2105,,,
319682,IT-0341,small_airport,Campo di Volo Oasi,45.696556,8.826948,980.0,EU,IT,IT-25,Cassano Magnago (VA),False,,,VACMO,http://www.agri-oasi.it,,
23528,OG14,small_airport,Silvies Valley Ranch Airport,44.022441,-118.93115,4584.0,,US,US-OR,Seneca,False,OG14,,OG14,,,Ponderosa Ranch
339544,US-2839,small_airport,Allan Island Airport,48.4638,-122.70397,,,US,US-WA,Anacortes,False,,,,,,
4534,LTBK,small_airport,Gaziemir Air Base,38.319099,27.159401,433.0,AS,TR,TR-35,Gaziemir,False,LTBK,,,,,
23959,P32,closed,Husky Haven Airport,41.788273,-75.889817,1670.0,,US,US-PA,Montrose,False,,,,,,"PA52, P32, Zaverton"
40870,SK-415,small_airport,El Triunfo Airport,4.868889,-74.8025,761.0,SA,CO,CO-TOL,Ambalema,False,,,ETR,,,
347095,MI75,heliport,Torchlake Heliport,45.026492,-85.325561,593.0,,US,US-MI,Kewadin,False,MI75,,MI75,,,
346648,SDB7,small_airport,Fazenda Lagoa do Guaporé II Airport,-15.303611,-59.223056,1007.0,SA,BR,BR-MT,Pontes e Lacerda,False,SDB7,,MT0619,,,
36747,SJOG,small_airport,Ariquemes Airport,-9.880436,-63.047115,466.0,SA,BR,BR-RO,Ariquemes,False,SJOG,AQM,RO0008,,,
39452,SLMM,small_airport,Mora Airport,-14.60849953,-61.1918335,600.0,SA,BO,BO-S,Velasco,False,SLMM,,,,,
20994,KS21,small_airport,Sunriver Airport,43.87630081,-121.4530029,4164.0,,US,US-OR,Sunriver,False,S21,SUO,S21,http://www.sunriver-resort.com/resort/sunriver-airport,https://en.wikipedia.org/wiki/Sunriver_Airport,
27805,YMRW,small_airport,Morawa Airport,-29.20170021,116.0220032,270.0,OC,AU,AU-WA,,False,YMRW,MWB,,,,
316138,DE-0342,small_airport,Sulz am Neckar UL,48.3458333,8.6377778,1772.0,EU,DE,DE-BW,,False,,,,,,
333594,GB-0775,small_airport,Manor Farm (Haddenham) Airstrip,51.7634,-0.9381,,EU,GB,GB-ENG,Haddenham (Bucks),False,,,,,,
45363,49FD,small_airport,Watson Farm Airport,30.611944,-84.641667,275.0,,US,US-FL,Quincy,False,49FD,,49FD,,,
344526,JP-2118,heliport,Tachikawa General Hospital Heliport,37.42299,138.85811,,AS,JP,JP-15,Nagaoka,False,,,,,,
352640,JP-2986,heliport,Wako Building Helipad,34.66846,135.43851,,AS,JP,JP-27,Osaka,False,,,,,,
14919,8FL5,closed,Dancing Oaks Heliport,27.9484,-81.863503,107.0,,US,US-FL,Bartow,False,,,,,,8FL5
5313,OYBA,small_airport,Al Badie Airport,18.720709,50.835771,908.0,AS,YE,YE-HD,Dhula',False,OYBA,,,,,
19524,KCNK,small_airport,Blosser Municipal Airport,39.54930115,-97.65229797,1486.0,,US,US-KS,Concordia,False,KCNK,CNK,CNK,,https://en.wikipedia.org/wiki/Blosser_Municipal_Airport,
13001,65NY,small_airport,Chautauqua Lake Airpark,42.28390121,-79.44390106,1655.0,,US,US-NY,Mayville,False,65NY,,65NY,,,
321297,SK-0020,small_airport,Rybany Airstrip,48.6660912,18.228065,,EU,SK,SK-TC,,False,,,,,,
325707,US-0765,heliport,GAF Helistop Heliport,40.844597,-74.461376,356.0,,US,US-NJ,Parsippanny,False,1NJ3,,1NJ3,,,
28035,YWBS,small_airport,Warraber Island Airport,-10.20829964,142.8249969,3.0,OC,AU,AU-QLD,Sue Islet,True,YWBS,SYU,,,https://en.wikipedia.org/wiki/Warraber_Island_Airport,
332676,NL-0063,closed,Vliegveld B.88 Heesch,51.715278,5.568611,,EU,NL,NL-NB,,False,,,,,https://nl.wikipedia.org/wiki/Vliegveld_B.88_Heesch,
3609,KILM,medium_airport,Wilmington International Airport,34.27059937,-77.90260315,32.0,,US,US-NC,Wilmington,True,KILM,ILM,ILM,,https://en.wikipedia.org/wiki/Wilmington_International_Airport,
341969,CR-0004,heliport,México Hospital Heliport,9.952,-84.1145,3520.0,,CR,CR-SJ,San José,False,,,,,,
37356,SNYM,small_airport,Fazenda Flexas Airport,-16.37638855,-45.1230545,1594.0,SA,BR,BR-MG,São Romão,False,SNYM,,,,,
37980,SWNI,small_airport,Nova Vida Airport,-10.178313,-62.825747,410.0,SA,BR,BR-RO,Cacaulândia,False,,,,,,"SJVD, SWNI, Ariquemes"
340943,US-3063,closed,Semitropic Field,35.59387,-119.48543,,,US,US-CA,Wasco,False,,,,,,
31863,FZCE,small_airport,Lusanga Airport,-4.800000191,18.71699905,1365.0,AF,CD,CD-BN,Lusanga,False,FZCE,LUS,,,,
25442,VG07,small_airport,Rular Airport,38.53889847,-77.82830048,305.0,,US,US-VA,Remington,False,VG07,,VG07,,,
44443,SWKR,small_airport,Fazenda Mangue Che II Airport,-18.67000008,-51.58527756,1752.0,SA,BR,BR-GO,Itarumã,False,SWKR,,,,,
18513,K1S3,small_airport,Tillitt Field,46.27109909,-106.6240005,2727.0,,US,US-MT,Forsyth,False,K1S3,,1S3,,,
21428,KY74,small_airport,Parshall Hankins Airport,47.93640137,-102.1419983,2031.0,,US,US-ND,Parshall,False,KY74,,Y74,,,
45371,23GE,small_airport,Lt Landing Airport,32.383056,-83.1,286.0,,US,US-GA,Dublin,False,23GE,,23GE,,,
348481,UY-0018,small_airport,La Horqueta Airport,-34.56547,-56.72975,144.0,SA,UY,UY-SJ,Puntas de Valdez,False,,,,,,
7119,0CD2,small_airport,Foxx Valley Airport,38.65250015,-104.2340012,5800.0,,US,US-CO,Yoder,False,0CD2,,0CD2,,,
343748,PH-0382,heliport,Splendido Gardens Helipad,14.56076,121.01939,,AS,PH,PH-00,Makati,False,,,,,,
826,CDY2,closed,Halifax (South Battery) Heliport,44.64373689,-63.56770188,10.0,,CA,CA-NS,Halifax,False,CDY2,,CDY2,,,DY2
5887,SBCM,medium_airport,Diomício Freitas Airport,-28.725743,-49.424475,92.0,SA,BR,BR-SC,Criciúma,True,SSIM,CCM,SC0009,,https://en.wikipedia.org/wiki/Diom%C3%ADcio_Freitas_Airport,"SBCM, Forquilhinha - Criciúma Airport"
39612,SPAI,small_airport,Urpay Airport,-8.3495,-77.3985,10400.0,SA,PE,PE-LAL,Pataz,False,SPAI,,,,,
355604,JP-3054,heliport,Tokyo Metropolitan Theatre Helipad,35.72967,139.70799,,AS,JP,JP-13,"Toshima, Tokyo",False,,,,,,
342958,US-3538,heliport,100 Spectrum Center Helipad,33.6508,-117.7476,410.0,,US,US-CA,Irvine,False,,,,,,8105 Tower
336202,US-1662,small_airport,Daneco Landing Strip,29.588889,-90.826111,6.0,,US,US-LA,Houma,False,LS59,,LS59,,,
23338,NV28,heliport,Rlb Heliport,39.39239883,-119.8209991,5707.0,,US,US-NV,Reno,False,NV28,,NV28,,,
348511,SCAI,small_airport,Curacautín Airport,-38.431514,-71.923027,1667.0,SA,CL,CL-AR,Curacautín,False,SCAI,,,,https://es.wikipedia.org/wiki/Aeródromo_de_Curacautín,
15992,9TS6,small_airport,Goodlett Field,32.37889862,-97.17829895,690.0,,US,US-TX,Alvarado,False,9TS6,,9TS6,,,
350581,US-6042,closed,Kingsville Naval Outlying Landing Field Number 20,27.6418,-97.47538,33.0,,US,US-TX,Corpus Christi,False,,,,,,
44996,RU-0239,small_airport,Starodub Airport,52.571,32.797,,EU,RU,RU-BRY,Starodub,False,,,,,,Аэропорт Стародуб
15311,91IN,small_airport,Strietelmeier Flying Field,39.20809937,-85.97470093,625.0,,US,US-IN,Columbus,False,91IN,,91IN,,,
42229,MGSM,small_airport,San Marcos Airport,14.955268,-91.808339,7933.0,,GT,GT-SM,San Marcos,False,MGSM,,,,,
14219,7MD4,heliport,Allegheny Power-Hagerstown Corp Ctr Heliport,39.5992012,-77.76390076,578.0,,US,US-MD,Hagerstown,False,7MD4,,7MD4,,,
15539,97OK,heliport,Presbyterian Hospital Heliport,35.48118,-97.502609,1262.0,,US,US-OK,Oklahoma City,False,97OK,,97OK,,,
337173,IT-0598,heliport,Heliport Castellana grotte,40.883284,17.148167,,EU,IT,IT-75,Castellana Grotte,False,,,,,,
45889,WA98,heliport,Cascade Heliport,47.512346,-120.488691,860.0,,US,US-WA,Cashmere,False,WA98,,WA98,,,
336328,BR-1123,heliport,Miraflores Heliport,2.839811,-60.651891,262.0,SA,BR,BR-RR,Boa Vista,False,SJFZ,,RR0114,,,
354412,PH-0482,small_airport,Candaraman Island,8.076386,117.108078,,AS,PH,PH-PLW,Balabac,False,,,,https://www.s1expeditions.com/,,
348800,SDG4,heliport,1° Esquadrão de Helicópteros de Emprego Geral do Oeste Heliport,-19.005007,-57.59443,320.0,SA,BR,BR-MS,Ladário,False,SDG4,,MS9004,,,
37403,SSBJ,small_airport,Bom Jesus Airport,-28.61277771,-50.44944382,3514.0,SA,BR,BR-RS,Bom Jesus,False,SSBJ,,,,,
11153,46CN,small_airport,Crystal Airport,34.484781,-117.825898,3420.0,,US,US-CA,Llano,False,46CN,,46CN,,,
26801,WATT,small_airport,El Tari Airport,-10.17160034,123.6709976,335.0,AS,ID,ID-NT,Kupang-Timor Island,True,WATT,KOE,,,https://en.wikipedia.org/wiki/El_Tari_Airport,WRKK
35739,SDTG,heliport,Edifício Atrium IV Heliport,-23.592936,-46.686546,2608.0,SA,BR,BR-SP,São Paulo,False,SDTG,,SP0423,,,
22563,MU71,small_airport,Vandahl Airport,39.34749985,-94.85800171,1020.0,,US,US-MO,Weston,False,MU71,,MU71,,,
14843,89TE,small_airport,Lajitas International Airport,29.278,-103.686997,2630.0,,US,US-TX,Lajitas,False,,,T89,https://www.lajitasgolfresort.com/default.aspx?pg=airport,,89TE
27426,YBWN,small_airport,Bowen Airport,-20.017999,148.215245,8.0,OC,AU,AU-QLD,Bowen,False,YBWN,ZBO,,,,
44353,RU-0118,closed,Chistoozernoe Airfield,54.659,76.537003,,AS,RU,RU-NVS,Chistoozernoe,False,,,,,,"Chistoozyornoe, Chistoozyornoye Airfield, Аэродром Чистоозёрное"
344345,US-4060,small_airport,Root Ranch Airport,45.31238,-115.02567,,,US,US-ID,Warren,False,,,,,,
318185,KZ-0079,closed,Akzhar Airport,47.582142,83.726539,,AS,KZ,KZ-VOS,Akzhar,False,,,,,,
8404,1LA0,small_airport,Ken Guidry #2 Airport,30.012107,-92.526941,6.0,,US,US-LA,Gueydan,False,1LA0,,1LA0,,,
348332,US-5446,closed,Mitchell Airport,41.91952,-103.80825,3936.0,,US,US-NE,Mitchell,False,,,,,,
23050,NJ05,heliport,Jersey Shore Medical Center Heliport,40.209776,-74.041067,104.0,,US,US-NJ,Neptune,False,NJ05,,NJ05,,,
318075,GB-0301,small_airport,Great Ashfield Airstrip,52.2572538,0.9372999,,EU,GB,GB-ENG,Great Ashfield,False,,,,,,
18249,IS98,closed,Fabick Five Heliport,37.7295,-88.905098,440.0,,US,US-IL,Marion,False,,,,,,IS98
327645,KR-0561,heliport,Majang-ri Helipad,37.782745,126.895197,,AS,KR,KR-41,Majang-ri,False,,,,,,Majang-ri
342218,UA-0150,heliport,Internal Affairs Ministry Dacha Helipad,44.40043,33.92258,182.0,EU,UA,UA-43,Yalta,False,,,,,,
327439,KR-0498,heliport,Sanbok-ri Heliport,38.148727,128.53414,,AS,KR,KR-42,Yangyang,False,,,,,,"Sanbok-ri, 산복리"
333726,GB-0789,small_airport,Langham Airstrip,52.9355,0.9545,,EU,GB,GB-ENG,Langham (Norfolk),False,,,,,,
42094,MHLU,small_airport,Luz Y Vida Airport,15.14638901,-88.44444275,764.0,,HN,HN-SB,San Luis Pajón,False,MHLU,,,,,
41010,SK-223,small_airport,Macanal Airport,2.80898,-67.62189,327.0,SA,CO,CO-GUA,Macanal,False,,NAD,NAD,,,
321611,IE-0040,small_airport,Dorans Airstrip,53.51968,-7.67858,,EU,IE,IE-WH,Shinglis,False,,,,,,
17814,ID37,heliport,St Joseph's Regional Medical Center Heliport,46.41320038,-117.0169983,740.0,,US,US-ID,Lewiston,False,ID37,,ID37,,,
8031,17AL,heliport,Hunt Stagefield Army Heliport,31.38019943,-85.58029938,263.0,,US,US-AL,Fort Rucker/Newton,False,17AL,,17AL,,,
38198,SWZZ,heliport,Graer Heliport,-26.263237,-48.858604,39.0,SA,BR,BR-SC,Joinville,False,SWZZ,,SC0101,,,
41642,PK-0009,small_airport,PAF Murid Air Base,32.909616,72.773895,540.0,AS,PK,PK-PB,Murid,False,,,,,https://en.wikipedia.org/wiki/Murid_Airbase,AG2626
318844,NA-0172,small_airport,Haklesdoorn Airport,-28.886092,18.239166,,AF,,NA-KA,Haklesdoorn,False,,,,,,
343681,JP-1858,heliport,Bihoku Heliport,34.8428,133.00205,,AS,JP,JP-34,Shobara,False,,,,,,
12344,5FD6,heliport,Boca Grande Helistop,26.74230003,-82.25869751,10.0,,US,US-FL,Boca Grande,False,5FD6,,5FD6,,,
299728,US-0170,heliport,Helo Kearny Heliport,40.731487,-74.116622,11.0,,US,US-NJ,Kearny,False,65NJ,,65NJ,,,
36358,SIXI,small_airport,Fazenda Antônio Andrade Airport,-15.18027782,-40.09277725,827.0,SA,BR,BR-BA,Itororó,False,SIXI,,,,,
353259,SDZ7,small_airport,Fazenda Ecoteca - Mineração São Francisco Airport,-9.189763,-61.387091,433.0,SA,BR,BR-MT,Colniza,False,SDZ7,,MT0812,,,
328246,KR-0822,heliport,Life Combi Apartments Heliport,37.519,126.939012,,AS,KR,KR-11,Seoul,False,,,,,,Life Combi Apartment
1464,CPV6,heliport,Barry's Bay (St. Francis Memorial Hospital) Heliport,45.481807,-77.695194,1000.0,,CA,CA-ON,Barry's Bay,False,CPV6,,CPV6,,,
340074,US-3037,closed,St George Municipal Airport,37.08774,-113.593109,2941.0,,US,US-UT,St George,False,,,,,https://en.wikipedia.org/wiki/St._George_Municipal_Airport,"SGU, KSGU"
349895,US-5799,small_airport,Alabama Aerial Applicators Airport,30.498211,-87.761438,92.0,,US,US-AL,Silverhill,False,,,,,,
328773,MX-0764,heliport,Torre Gan Heliport,19.428267,-99.180858,7552.0,,MX,MX-DIF,Miguel Hidalgo,False,,,HGN,,,
318737,KE-0134,small_airport,Kifuku Estate Airstrip,0.173081,36.583018,,AF,KE,KE-700,,False,,,,,,
32554,USHS,medium_airport,Sovetskiy Airport,61.32662201,63.60191345,351.0,AS,RU,RU-KHM,Sovetskiy,True,USHS,OVS,,,https://en.wikipedia.org/wiki/Sovetsky_Tyumenskaya,"Sovyetskiy Airport, Sovyetsky Airport, Sovetsky Airport, Аэропорт Советский"
31551,YMGN,small_airport,Mount Gunson Airport,-31.4597,137.1744433,285.0,OC,AU,AU-SA,Mount Gunson,False,YMGN,GSN,,,,
17408,FL39,heliport,Wellington Medical Center Heliport,26.63759995,-80.20449829,60.0,,US,US-FL,West Palm Beach,False,FL39,,FL39,,,
23350,NV41,small_airport,Sulphur Airport,40.869108,-118.729189,4068.0,,US,US-NV,Gerlach,False,,,,,,NV41
316553,PA-0026,small_airport,Tonosí Airport,7.4148,-80.4466,55.0,,PA,PA-7,Tonosí,False,,,,,,
342585,US-3441,heliport,Hamilton General Hospital Helipad,31.70406,-98.11356,1241.0,,US,US-TX,Hamilton,False,,,,,,
20317,KLAA,medium_airport,Southeast Colorado Regional Airport,38.066126,-102.690169,3706.0,,US,US-CO,Lamar,False,KLAA,LAA,LAA,http://www.ci.lamar.co.us/index.asp?Type=B_BASIC&SEC={C91FC3CC-5A83-4F9C-9AF7-A96F374C2EE5}&DE=,https://en.wikipedia.org/wiki/Lamar_Municipal_Airport,Lamar Municipal
328295,KR-0835,heliport,Mirae Asset Daewoo Yeouido Heliport,37.522455,126.929759,,AS,KR,KR-11,Seoul,False,,,,,,Mirae Asset Daewoo Yeouido
351547,GB-1028,small_airport,Bywell Airstrip,54.95719,-1.92062,,EU,GB,GB-ENG,,False,,,,,,
32297,HTSY,small_airport,Shinyanga Airport,-3.6093,33.5035,3800.0,AF,TZ,TZ-22,Shinyanga,True,HTSY,SHY,,,https://en.wikipedia.org/wiki/Shinyanga_Airport,
26680,VTUJ,medium_airport,Surin Airport,14.86830044,103.4980011,478.0,AS,TH,TH-32,Surin,True,VTUJ,PXR,,,https://en.wikipedia.org/wiki/Surin_Airport,Surin Bhakdi Airport
326718,PT-0095,small_airport,Reguengos de Monsaraz Airstrip,38.381674,-7.55177,,EU,PT,PT-07,Reguengos de Monsaraz,False,,,,,,Pista de Reguengos de Monsaraz
15243,8WA5,small_airport,Tree Heart Ranch Airport,47.135609,-118.778822,1420.0,,US,US-WA,Ritzville,False,8WA5,,8WA5,,,
332508,GB-0659,closed,RAF North Pickenham Air Base,52.627378,0.732724,,EU,GB,GB-ENG,,False,,,,,https://en.wikipedia.org/wiki/RAF_North_Pickenham,
20280,KL00,small_airport,Rosamond Skypark Airport,34.87080002,-118.2089996,2415.0,,US,US-CA,Rosamond,False,KL00,,L00,,,
321682,PY-0041,small_airport,Santa Maria Airport,-26.783859,-56.952561,,SA,PY,PY-8,Santa Maria,False,,,,,,
346479,US-4818,closed,Pacific Electric Building Heliport,34.04462,-118.24981,,,US,US-CA,Los Angeles,False,,,,,,
334618,JP-0253,heliport,Hibiya Mitsui Tower Helipad,35.67367,139.75917,,AS,JP,JP-13,"Chiyoda, Tokyo",False,,,,,,
25847,WN52,heliport,Cougar Heliport,46.049477,-122.303046,500.0,,US,US-WA,Cougar,False,WN52,,WN52,,,
339794,SNIW,small_airport,Fazenda Carmelo Airport,-21.479299,-55.330596,1637.0,SA,BR,BR-MS,Maracaju,False,SNIW,,MS0211,,,
40478,VE-0129,small_airport,Mata de Bárbara Airport,8.416666985,-68.44999695,262.0,SA,VE,VE-E,,False,,,,,,
17144,DE29,small_airport,Scotty's Place Airport,39.37509918,-75.64409637,40.0,,US,US-DE,Smyrna,False,DE29,,DE29,,,
210,SDVE,small_airport,Vera Cruz Airport,-22.23019981,-49.81719971,2100.0,SA,BR,BR-SP,Vera Cruz,False,SDVE,,SDVE,,,
338155,MX-1439,closed,Campo Julio Airstrip,29.9881,-112.7262,,,MX,MX-SON,Pitiquito,False,,,,,,
345176,JP-2290,heliport,Maesawa Heliport,39.06772,141.09938,371.0,AS,JP,JP-03,Oshu,False,,,,,,
39224,SCND,small_airport,Ñadis Airport,-47.47072,-72.93013,262.0,SA,CL,CL-AI,Ñadis,False,SCND,,,,,
325448,62AR,small_airport,Banks Ranch Airport,36.457222,-93.859866,1061.0,,US,US-AR,Busch,False,62AR,,62AR,,,
340780,JP-1332,heliport,Genkaijima Heliport,33.68338,130.231528,10.0,AS,JP,JP-40,Fukuoka,False,,,,,,
346291,PL-0199,small_airport,Smolnik Altiport,49.281514,22.119274,,EU,PL,PL-PK,,False,,,,http://www.smolnik.info.pl,,
29817,NZDA,small_airport,Dargaville Aerodrome,-35.93970108,173.8939972,10.0,OC,NZ,NZ-NTL,,False,NZDA,DGR,,,https://en.wikipedia.org/wiki/Dargaville_Aerodrome,
27560,YEXM,small_airport,Exmouth Airport,-22.040677,114.102663,,OC,AU,AU-WA,,False,YEXM,EXM,,,,
326044,PH-0127,heliport,West Gate Plaza Heliport,14.561191,121.023148,,AS,PH,PH-00,Makati,False,,,,,,"West Gate Plaza, Makati"
334685,US-1340,closed,Luke Air Force Auxiliary Field 11,32.817395,-112.91512,,,US,US-AZ,Gila Bend,False,,,,,,
42982,RU-0045,small_airport,Saratov South Airport,51.47780228,45.94259262,266.0,EU,RU,RU-SAR,Saratov,False,,,,,https://en.wikipedia.org/wiki/Saratov_South,
30908,DFOS,small_airport,Sideradougou Airport,10.66699982,-4.267000198,1047.0,AF,BF,BF-COM,Sideradougou,False,DFOS,,,,,
324883,LSHI,heliport,Inselspital Hospital Heliport,46.948295,7.424303,1880.0,EU,CH,CH-BE,Berne,False,LSHI,,,,,
25042,TS26,heliport,The Huntingdon Heliport,29.746885,-95.417966,566.0,,US,US-TX,Houston,False,TS26,,TS26,,,
343074,US-3637,small_airport,Calpine Airport,39.66152,-120.41848,4927.0,,US,US-CA,Calpine,False,,,,,,
37351,SNYH,small_airport,Fazenda Vale Sereno Airport,-8.700599,-51.172743,1096.0,SA,BR,BR-PA,Cumaru do Norte,False,SNYH,,PA0114,,,Agropecuária Castanhais
12654,5T4,small_airport,Herreid Municipal Airport,45.854198,-100.074997,1725.0,,US,US-SD,Herreid,False,,,5T4,,,SD23
39249,SCPR,small_airport,Corte Alto Airport,-40.94333267,-73.16999817,416.0,SA,CL,CL-LL,Purranque,False,SCPR,,,,,
45224,DE-0030,heliport,Traunstein Hospital Helipad,47.87414103,12.63141274,,EU,DE,DE-BY,Traunstein,False,,,,http://www.kliniken-suedostbayern.de/de/main/klinikum_traunstein.htm,,Klinikum Traunstein Hubschrauberlandeplatz
16593,CA62,small_airport,McMillan Assault Strip,35.719101,-120.767998,920.0,,US,US-CA,Camp Roberts,False,CA62,,CA62,,,
8236,1CL0,heliport,William Archibald Heliport,34.10449982,-117.8000031,984.0,,US,US-CA,San Dimas,False,1CL0,,1CL0,,,
4359,LIPN,small_airport,Verona-Boscomantico Airfield,45.472,10.9279,286.0,EU,IT,IT-34,Verona,False,LIPN,,VR11,,,Skydive Verona
349475,US-5647,small_airport,Cherry Field,43.072603,-86.029628,629.0,,US,US-MI,Nunica,False,2MI0,,2MI0,,,
350371,US-5969,closed,Los Fresnos Airport,26.0626,-97.47362,35.0,,US,US-TX,Los Fresnos,False,,,,,,
29251,EKVB,small_airport,Viborg Airfield,56.41,9.4091,75.0,EU,DK,DK-82,Viborg,False,EKVB,,,,,
37773,SSZP,small_airport,Fazenda Santa Adriana Airport,-22.69611168,-54.21583176,1499.0,SA,BR,BR-MS,Jateí,False,SSZP,,,,,
29200,EGTO,small_airport,Rochester Airport,51.35189819,0.503332973,436.0,EU,GB,GB-ENG,Rochester,False,EGTO,RCS,,http://www.rochesterairport.co.uk/,https://en.wikipedia.org/wiki/Rochester_Airport_%28England%29,
29540,NA-0006,small_airport,Auob Lodge Airport,-24.82279968,18.76280022,3730.0,AF,,NA-HA,,False,,,,,,
325760,US-0776,small_airport,Itll Do Airfield,27.990591,-97.894114,153.0,,US,US-TX,Sandia,False,1XS0,,1XS0,,,
322451,US-0471,small_airport,Smith Airpark,35.468522,-98.486925,1677.0,,US,US-OK,Hinton,False,29OK,,29OK,,,
340910,JP-1373,closed,Ogi Airfield,33.2925,130.186389,,AS,JP,JP-41,Ogi,False,,,,,,
356024,IN-0317,heliport,Kiari Heliport,33.47621,78.12866,12641.0,AS,IN,IN-JK,"Kiari, Ladakh",False,,,,,,
353542,RU-0904,small_airport,Yarovoye Altaipetstrans Airport,52.93973,78.60009,364.0,EU,RU,RU-ALT,Yarovoye,False,,,,,,
30911,DGLY,small_airport,Yendi Airport,9.425000191,-0.004722,2408.0,AF,GH,GH-NP,Yendi,False,DGLY,,,,https://en.wikipedia.org/wiki/Yendi_Airport,
353293,GB-1034,closed,Montrose Air Station,56.72925,-2.45244,34.0,EU,GB,GB-SCT,Montrose,False,,,,,,
31375,FZFJ,small_airport,Goyongo Airport,4.183000088,19.78300095,1640.0,AF,CD,CD-EQ,Goyongo,False,FZFJ,,,,,
317363,IT-0180,small_airport,"Aviosuperficie ""Il Gabbiano""",43.051711,10.552012,43.0,EU,IT,IT-52,San Vincenzo (LI),False,,,LISVC,,,"Gabbiano, Il Gabbiano"
4374,LIRI,medium_airport,Salerno Costa d'Amalfi Airport,40.620399,14.9113,119.0,EU,IT,IT-72,Salerno,False,LIRI,QSR,SA02,http://www.aeroportosalerno.it/,https://en.wikipedia.org/wiki/Salerno_Costa_d%27Amalfi_Airport,"Mario Martucci Airport, Aeroporto di Salerno Costa d'Amalfi, Salerno-Pontecagnano Airport"
329110,FR-0374,small_airport,Corbonod-Seyssel Private,45.9618,5.8178,1175.0,EU,FR,FR-ARA,Seyssel,False,,,LF0151,,,
16376,AR89,small_airport,Landers Loop Airport,35.40010071,-93.06600189,730.0,,US,US-AR,Dover,False,AR89,,AR89,,,
342914,JP-1661,closed,Sabishiro (Miss Veedol) Airfield,40.7455,141.41536,,AS,JP,JP-02,Misawa,False,,,,,,
41037,SK-002,small_airport,El Encanto Airport,-1.753333333,-73.20472222,420.0,SA,CO,CO-AMA,El Encanto,False,,ECO,ECO,,,
335050,SSSI,small_airport,Fazenda Manto Verde Airport,-7.868144,-45.01548,1450.0,SA,BR,BR-PI,Baixa Grande do Ribeiro,False,SSSI,,PI0054,,,
349206,JP-2598,heliport,Higashi-Yamanashi Fire Department Heliport,35.69498,138.7219,1234.0,AS,JP,JP-19,Koshu,False,,,,,,
348020,US-5265,closed,Cascabel Airport,32.29561,-110.37762,3268.0,,US,US-AZ,Benson,False,,,,,,
45714,15OK,closed,Bluebird Airport,35.703889,-95.310833,531.0,,US,US-OK,Muskogee,False,,,,,,15OK
45576,SDRW,small_airport,Fazenda Pirapitinga Airport,-18.7775,-49.231667,2172.0,SA,BR,BR-MG,Canápolis,False,SDRW,,,,,
24061,PA93,heliport,Cherokee Heliport,40.68500137,-79.45670319,1175.0,,US,US-PA,Brick Church Village,False,PA93,,PA93,,,
13175,6A7,seaplane_base,Brocker Lake Seaplane Base,61.48180008,-149.772995,100.0,,US,US-AK,Big Lake,False,6A7,,6A7,,,
40377,VE-0028,small_airport,Cacuri Airport,4.821667194,-65.33999634,857.0,SA,VE,VE-Z,,False,,,,,,
325736,GOBD,large_airport,Blaise Diagne International Airport,14.67,-17.073333,290.0,AF,SN,SN-DK,Dakar,True,GOBD,DSS,,http://www.dakaraeroport.com/,https://en.wikipedia.org/wiki/Blaise_Diagne_International_Airport,"dakar,new dakar airport, dakar airport, diass airport"
327016,KR-0290,heliport,Hallasan Heliport,33.370098,126.533043,,AS,KR,KR-49,Odeung-dong,False,,,,,,"Hallsan, Odeung-dong"
350759,US-6191,small_airport,Roberts Cove Airport,30.2804,-92.29524,32.0,,US,US-LA,Rayne,False,,,,,,
341935,AE-0076,heliport,Asab Clinic Heliport,23.296093,54.227364,,AS,AE,AE-AZ,Asab,False,,,,,,
337328,BR-1226,heliport,Arroz Cristal Heliport,-16.806553,-49.244381,2552.0,SA,BR,BR-GO,Aparecida de Goiânia,False,SWUO,,GO0180,,,
342028,US-3301,heliport,Getty Center Heliport,34.0798,-118.4752,861.0,,US,US-CA,Los Angeles,False,,,,,,
339063,US-2607,heliport,Wells Fargo Center North Tower Helipad,34.052864,-118.251944,,,US,US-CA,Los Angeles,False,,,,,,
11277,49CL,small_airport,El Peco Ranch Airport,36.9054985,-120.177002,213.0,,US,US-CA,Madera,False,49CL,,49CL,,,
9656,2NY7,small_airport,Towner Farm Airport,42.12149811,-77.21140289,1248.0,,US,US-NY,Addison,False,2NY7,,2NY7,,,
12626,5PA8,small_airport,Chambers Airport,41.554,-76.054583,1021.0,,US,US-PA,Tunkhannock,False,45PN,,45PN,,,"5PA8, Mehoopany"
13846,75II,closed,Lowells Landing Airport,38.4467,-86.260803,700.0,,US,US-IN,Hardinsburg,False,,,,,,75II
337059,GB-0941,small_airport,Field Farm Airstrip,51.83822,-0.95433,,EU,GB,GB-ENG,Westcott,False,,,,,,
355092,DE-0484,heliport,IABG Helipad,51.609169,8.935168,,EU,DE,DE-NW,Lichtenau,False,,,,,,
14932,8GA6,small_airport,S & S Landing Strip,33.161388,-84.320517,900.0,,US,US-GA,Griffin,False,8GA6,,8GA6,,,
349192,MX-1803,small_airport,El Potrero Aitport,24.943009,-107.05106,873.0,,MX,MX-SIN,Culiacán,False,,,PRO,,,
340831,RU-0637,small_airport,Nazimovo Airstrip,59.524164,90.917114,,EU,RU,RU-KYA,Nazimovo,False,,,,,,
19769,KERY,small_airport,Luce County Airport,46.31119919,-85.45729828,869.0,,US,US-MI,Newberry,False,KERY,,ERY,,,
332564,PG-0094,small_airport,Komo Airport,-6.062507,142.876575,5223.0,OC,PG,PG-HE,Komo,False,AYXM,,,,,
8846,21MO,closed,Martins Airport,39.5014,-94.177399,995.0,,US,US-MO,Lawson,False,,,,,,21MO
353016,SWHK,heliport,Hbuster Helipad,-23.619013,-46.884922,2746.0,SA,BR,BR-SP,Cotia,False,SWHK,,SP0810,,,
329108,AT-0007,heliport,Christophorus 15 Heliport,47.9692672,14.9396096,,EU,AT,AT-3,,False,,,,,,
36925,SJVP,small_airport,Vila Pitinga Airport,-0.799166977,-60.08388901,876.0,SA,BR,BR-AM,Presidente Figueiredo,False,SJVP,,,,,
22548,MU55,closed,Bauer PGI Airport,38.1367,-94.173798,900.0,,US,US-MO,Appleton City,False,,,,,,MU55
42907,AR-0485,small_airport,San Patricio Airport,-34.0403,-59.6944,147.0,SA,AR,AR-B,Capitán Sarmiento,False,,,CSP,,,
346790,US-4947,heliport,Penn Presbyterian Medical Center - North Heliport,39.959125,-75.197629,194.0,,US,US-PA,Philadelphia,False,PA39,,PA39,,,
40760,SK-171,small_airport,La Matua Airport,10.207222,-73.263333,343.0,SA,CO,CO-CES,San Diego,False,,,LAT,,,
355259,RO-0064,heliport,Crystal Tower Bucharest Helipad,44.45222,26.09506,314.0,EU,RO,RO-B,Bucharest,False,,,,,,
332075,MX-1098,small_airport,Nuevo Santa Rosa Airport,25.805825,-108.934456,56.0,,MX,MX-SIN,Ahome,False,,,NSR,,,
350900,NP-0013,heliport,Thame Helipad Solukhumbu Nepal,27.83057,86.65257,12408.0,AS,NP,NP-SA,Namche,False,,,,,,
318780,TZ-0122,small_airport,Gelai East Airport,-2.476768,36.25761,3200.0,AF,TZ,TZ-01,Gelai,False,,,,,,
344012,BR-1550,small_airport,Fazenda Planalto Airport,-18.201399,-53.212538,2828.0,SA,BR,BR-MS,Costa Rica,False,SDLG,,MS0455,,,
4371,LIRE,medium_airport,Pratica Di Mare Air Base,41.654499,12.4452,41.0,EU,IT,IT-62,Pomezia,False,LIRE,,RM22,,,M de Bernardi
349432,SA-0023,small_airport,Hawtah Kentz Airport,22.99304,46.92114,2113.0,AS,SA,SA-01,Hawtah,False,,,,,,
9744,2S5,small_airport,Waterville Airport,47.65599823,-120.0559998,2645.0,,US,US-WA,Waterville,False,2S5,,2S5,,,
4525,LTAW,medium_airport,Tokat Airport,40.30743027,36.36740875,1831.0,AS,TR,TR-60,Tokat,True,LTAW,TJK,,,https://en.wikipedia.org/wiki/Tokat_Airport,
327350,ZUKD,medium_airport,Kangding Airport,30.142464,101.73872,14042.0,AS,CN,CN-51,Garzê (Kangding),True,ZUKD,KGT,,,https://en.wikipedia.org/wiki/Kangding_Airport,
28676,EDGJ,small_airport,Ochsenfurt Airport,49.67361069,10.0713892,814.0,EU,DE,DE-BY,Ochsenfurt,False,EDGJ,,,,,
23072,NJ27,heliport,Wrnj Heliport,40.8465004,-74.80410004,620.0,,US,US-NJ,Long Valley,False,NJ27,,NJ27,,,
16527,C92,small_airport,Mentone Airport,41.15000153,-86.0625,860.0,,US,US-IN,Mentone,False,C92,,C92,,,
27304,MZ-0005,small_airport,Paradise Island Airport,-21.61499977,35.33800125,30.0,AF,MZ,MZ-I,Santa Carolina,False,,NTC,,,,Santa Carolina Airport
2008,CZBB,medium_airport,Boundary Bay Airport,49.0742,-123.012001,6.0,,CA,CA-BC,Delta,False,CZBB,YDT,,http://http://czbb.com/,https://en.wikipedia.org/wiki/Boundary_Bay_Airport,ZBB
36118,SIMS,heliport,Eletronorte Belém Heliport,-1.460832953,-48.44833374,20.0,SA,BR,BR-PA,Belém,False,SIMS,,,,,
354093,YADH,closed,Ashburton Downs Homestead Airstrip,-23.406506,117.084174,,OC,AU,AU-WA,Ashburton Downs Homestead,False,YADH,,,,,
313021,AR-0500,small_airport,Camarones Field,-44.779007,-65.719672,,SA,AR,AR-U,Camarones,False,,,,,,
38036,SWQI,small_airport,Caracaraí Airport,1.84389,-61.121827,184.0,SA,BR,BR-RR,Caracaraí,False,SBQI,,RR9001,,,SWQI
41784,UZ-0097,closed,Kattakurgan East Airport,39.909,66.305397,1730.0,AS,UZ,UZ-SA,Kattakurgan,False,,,,,,
339656,JP-1020,heliport,Otaru General Hospital Helipad,43.18544,141.00728,,AS,JP,JP-01,Otaru,False,,,,,,
3119,GMTA,medium_airport,Cherif Al Idrissi Airport,35.17710114,-3.839519978,95.0,AF,MA,MA-HOC,Al Hoceima,True,GMTA,AHU,,,https://en.wikipedia.org/wiki/Cherif_Al_Idrissi_Airport,
16113,AK18,small_airport,Camp Point Airport,59.82849884,-153.0809937,8.0,,US,US-AK,Homer,False,AK18,,AK18,,,
346593,US-4852,closed,McGinnis Airport,39.41782,-74.51285,11.0,,US,US-NJ,Absecon,False,,,,,,NJ01
26383,UTAT,medium_airport,Daşoguz Airport,41.759853,59.836149,272.0,AS,TM,TM-D,Daşoguz,True,UTAT,TAZ,,,https://en.wikipedia.org/wiki/Da%C5%9Foguz_Airport,"Tashauz Airport, Dashkhovuz, Dashhowuz, Dashoguz, Dasoguz, Дашогуз"
16160,AK67,small_airport,Skid Marks Airport,61.73860168,-150.072998,64.0,,US,US-AK,Willow,False,AK67,,AK67,,,
17789,ID11,closed,Wood Brothers Ranch Airport,46.382094,-116.513001,3400.0,,US,US-ID,Reubens,False,,,,,,ID11
22007,ME92,small_airport,Hilltop Airport,44.51670074,-70.22229767,600.0,,US,US-ME,Jay,False,ME92,,ME92,,,
35503,SDFE,small_airport,Fazenda Santo Antônio Airport,-22.068056,-56.702499,633.0,SA,BR,BR-MS,Bela Vista,False,,,,,,SDFE
35917,SIDQ,heliport,das Quaresmas Heliport,-23.01527786,-44.29111099,358.0,SA,BR,BR-RJ,Angra Dos Reis,False,SIDQ,,,,,
332218,US-1147,small_airport,Forrest River Airport,44.891058,-85.889247,648.0,,US,US-MI,Maple City,False,MI02,,MI02,,,
11100,44TE,small_airport,Shirley Williams Airport,30.68350029,-98.41699982,880.0,,US,US-TX,Kingsland,False,44TE,,44TE,,,
323961,JP-0054,heliport,JGSDF Camp Shizunai South Heliport,42.306156,142.442058,,AS,JP,JP-01,Shinhidaka,False,,,,,,"Camp Shizunai, JGSDF"
344674,CD-0024,medium_airport,Boma Lukandu International Airport,-5.80543,12.99582,281.0,AF,CD,CD-BC,Boma,False,,,,,https://en.wikipedia.org/wiki/Boma_International_Airport,
326520,PL-0150,small_airport,Folwark Piaski Airfield,52.4798514,17.7678974,,EU,PL,PL-WP,Piaski,False,,,,,,
41308,ZA-0092,small_airport,Holrivier Airport,-31.56666756,18.38333321,225.0,AF,ZA,ZA-WC,Viermuisklip,False,,,,,,
343988,SD3N,small_airport,Aerounião Airstrip,-23.877778,-54.509722,1194.0,SA,BR,BR-MS,Japorã,False,SD3N,,MS0492,,,
355605,JP-3055,heliport,Westpark Tower Helipad,35.72971,139.70693,,AS,JP,JP-13,"Toshima, Tokyo",False,,,,,,
38439,YLOU,small_airport,Louisa Downs Airport,-18.7166996,126.7170029,,OC,AU,AU-WA,,False,YLOU,,,,,
315490,DE-0219,small_airport,Vinsebeck Airfield,51.8453,9.0141,850.0,EU,DE,DE-NW,Bad Meinberg,False,,,,http://www.lsv-egge.de/,,VIN1
32481,FMNT,small_airport,Tsaratanana Airport,-16.751064,47.619016,1073.0,AF,MG,MG-M,Tsaratanana,True,FMNT,TTS,,,https://en.wikipedia.org/wiki/Tsaratanana_Airport,
344442,JP-2057,heliport,Atre Takeshiba Tower Helipad,35.65598,139.76289,,AS,JP,JP-13,"Minato, Tokyo",False,,,,,,
320763,GB-0434,small_airport,Ludham Airfield,52.7185,1.55172,,EU,GB,GB-ENG,,False,,,,http://www.ludhamairfield.org/,,
341874,AE-0053,heliport,Al Majarrah Building Helipad,25.363914,55.391653,,AS,AE,AE-SH,Sharjah,False,,,,,,
330111,MX-0940,heliport,Banorte Talapan III Heliport,19.313581,-99.136832,7460.0,,MX,MX-DIF,Tlalpan,False,,,HFB,,,
335065,SWKS,heliport,Fornagieri Heliport,-23.311762,-52.511049,1017.0,SA,BR,BR-PR,São Carlos do Ivaí,False,SWKS,,PR0150,,,
344155,US-3939,small_airport,Augusta Road Airfield,34.84013,-117.46608,2734.0,,US,US-CA,Helendale,False,,,,,,
322221,US-0430,heliport,J&J New Brunswick Helistop,40.501837,-74.445735,23.0,,US,US-NJ,New Brunswick,False,06NJ,,06NJ,,,
16327,AR37,heliport,St Michael Hospital Heliport,33.427325,-94.042344,1100.0,,US,US-AR,Texarkana,False,AR37,,AR37,,,
28779,LFAP,small_airport,Rethel Airfield,49.481899,4.36472,410.0,EU,FR,FR-GES,,False,LFAP,,,,,
320612,GB-0421,small_airport,Stratford-upon-Avon Gliding Club,52.2354901,-1.7177869,,EU,GB,GB-ENG,Stratford-upon-Avon,False,,,,http://www.stratfordgliding.co.uk/,,
341164,US-3180,closed,Argos Landing Field,34.72622,-116.25647,,,US,US-TX,Newberry Springs,False,,,,,,
333177,US-0706,closed,Georgia-Paciffic Airport,31.140459,-85.046596,141.0,,US,US-GA,Cedar Springs,False,,,,,,"00J, 0GE2"
317563,IT-0191,small_airport,Campo di Volo L'ELIKA,44.88293,7.56105,,EU,IT,IT-21,Castagnole Piemonte (TO),False,,,TOCAS,http://www.scuolavoloicarus.it/contatti/,,L'Elika
316281,BG-0031,small_airport,Draganovtsi Airfield,42.943042,25.169528,,EU,BG,BG-07,Draganovtsi,False,LBDR,,,,,Драгановци
30472,GMMO,small_airport,Taroudant Airport,30.501699,-8.8275,869.0,AF,MA,MA-TAR,Taroudant,False,GMMO,,,,https://en.m.wikipedia.org/wiki/Taroudannt_Airport,
349389,MX-1829,small_airport,Los Vasitos Airport,25.131,-106.93247,2090.0,,MX,MX-DUR,Tamazula,False,,,,,,
312107,AYQM,small_airport,Simogu Airstrip,-6.8008,145.7134,4990.0,OC,PG,PG-EHG,Simogu,False,AYQM,,SMG,,,
4157,LFMO,medium_airport,Orange-Caritat (BA 115) Air Base,44.140499,4.86672,197.0,EU,FR,FR-PAC,Orange/Caritat,False,LFMO,,,,https://en.wikipedia.org/wiki/Orange-Caritat_Air_Base,
12181,58NC,small_airport,Fox Haven Plantation Airport,35.348434,-82.052915,800.0,,US,US-NC,Rutherfordton,False,58NC,,58NC,,,
336055,US-1606,small_airport,Arlington Landing Field,33.324683,-112.756441,,,US,US-AZ,Arlington,False,,,,,,
325716,US-0768,closed,Dream Fields Airport,30.95449,-88.465195,242.0,,US,US-MS,Lucedale,False,,,,,,7MS0
336130,US-1636,heliport,Westin Los Angeles Airport Helipad,33.944962,-118.373635,,,US,US-CA,Los Angeles,False,,,,,,
343770,US-3814,small_airport,Shoshone Landing Area,42.94342,-114.38914,3987.0,,US,US-ID,Shoshone,False,,,,,,
43726,EBAS,heliport,'s Gravenwezel heliport,51.24694443,4.542778015,20.0,EU,BE,BE-VAN,Schilde,False,EBAS,,,,,
16936,CO83,closed,Bulk Mail Center Heliport,39.800301,-104.901001,5290.0,,US,US-CO,Commerce City,False,,,,,,CO83
27436,YCAG,small_airport,Caiguna Airport,-32.280457,125.477943,87.0,OC,AU,AU-WA,,False,YCAG,CGV,,,,
26502,VEGY,medium_airport,Gaya Airport,24.74430084,84.95120239,380.0,AS,IN,IN-BR,,True,VEGY,GAY,,,https://en.wikipedia.org/wiki/Gaya_Airport,
32722,YDEK,small_airport,Denmark Airport,-34.94499969,117.3970032,230.0,OC,AU,AU-WA,Denmark,False,YDEK,,,,,
341409,MX-1580,small_airport,Cerro La Guata Airport,29.55381,-108.91787,,,MX,MX-SON,Nácori Chico,False,,,,,,
3617,KIWA,medium_airport,Phoenix–Mesa Gateway Airport,33.3078,-111.654999,1382.0,,US,US-AZ,Mesa,True,KIWA,AZA,IWA,http://www.flywga.org/,https://en.wikipedia.org/wiki/Phoenix%E2%80%93Mesa_Gateway_Airport,"Williams Air Force Base, Williams Gateway Airport"
12802,60VA,heliport,H D H Heliport,37.60490036,-77.54139709,260.0,,US,US-VA,Richmond,False,60VA,,60VA,,,
350138,US-5903,closed,Smith Airport,39.63424,-90.13838,700.0,,US,US-IL,Franklin,False,,,,,,
43171,EPLN,small_airport,Łańsk / Gryźliny Airport,53.60805893,20.34444046,538.0,EU,PL,PL-WN,Olsztynek,False,EPLN,,,,,
7713,11IL,heliport,Presence St Mary's Hospital - Kankakee Heliport,41.120718,-87.873075,610.0,,US,US-IL,Kankakee,False,11IL,,11IL,,,
13495,6OR7,small_airport,Schmidt Airport,45.452931,-122.31821,650.0,,US,US-OR,Boring,False,6OR7,,6OR7,,,
15514,96Z,seaplane_base,Whale Pass Seaplane Float Harbor Facility,56.116299,-133.121994,0.0,,US,US-AK,Whale Pass,False,,WWP,96Z,,,"North Whale SPB, North Whale Pass"
41112,SEHI,small_airport,Cotachachi Airport,-0.302940011,-78.26830292,7824.0,SA,EC,EC-I,Cotacachi,False,SEHI,,,,,
325853,PH-0033,heliport,Manila International Container Terminal (MICT) Heliport,14.597028,120.954743,14.0,AS,PH,PH-00,Tondo,False,,,,,,"MICT, Manila International Container Terminal, ICTSI"
340308,IL-0005,small_airport,Palmahim South Airstrip,31.8692,34.6907,,AS,IL,IL-M,Palmahim,False,,,,,,
320930,DE-0381,small_airport,Straßham UL,48.1797222,11.9272222,1690.0,EU,DE,DE-BY,Straßham,False,,,,http://www.rundfluege-muenchen.de/,,
340162,IN-0159,heliport,Amini Helipad,11.13496,72.73172,,AS,IN,IN-LD,Amini,False,,,,,,
6390,UT1E,small_airport,Pitnyak Airport,41.124373,61.414535,358.0,AS,TM,TM-L,Gazojak,False,,,,,,UT1E
41447,WAPR,small_airport,Namlea Airport,-3.235569954,127.0999985,41.0,AS,ID,ID-MA,Namlea-Buru Island,False,WAPR,NAM,,,,
337029,SJIG,heliport,Edifício Times Square Business Helipad,-21.206323,-47.810558,2238.0,SA,BR,BR-SP,Ribeirão Preto,False,SJIG,,SP0624,,,
31851,WBGD,small_airport,Long Semado Airport,4.217000008,115.5999985,2150.0,AS,MY,MY-13,Long Semado,False,WBGD,LSM,,,https://en.wikipedia.org/wiki/Long_Semado_Airport,
43924,CZ-0007,heliport,Nemocnice/Hospital Heliport,48.75222015,16.8777771,518.0,EU,CZ,CZ-JM,Břeclav,False,,,,,,
350194,TT16,small_airport,Cosmo Field,32.936733,-98.397447,1059.0,,US,US-TX,Cosmo Field,False,TT16,,TT16,,,
334267,GB-0850,small_airport,Middlegate Farm Airstrip,51.0621,-2.7969,,EU,GB,GB-ENG,Pitney (Somerset),False,,,,,,
22526,MU32,small_airport,Sugar Branch Airport,38.951575,-92.447923,700.0,,US,US-MO,Columbia,False,MU32,,MU32,,,
309342,YXSA,heliport,Sydney Adventist Hospital Helipad,-33.733386,151.100006,584.0,OC,AU,AU-NSW,Wahroonga,False,YXSA,,YXSA,,,
355862,US-7025,heliport,McGregor Base Camp Heliport,32.07608,-106.17894,4104.0,,US,US-NM,Chaparral,False,,,,,,
328692,KR-1029,heliport,Hotel Oakwood Premier Heliport,37.511105,127.058288,,AS,KR,KR-11,Seoul,False,,,,,,Hotel Oakwood Premier
42878,AR-0456,small_airport,San Ignacio Airport,-39.84749985,-70.8638916,2267.0,SA,AR,AR-Q,Junin de Los Andes,False,,,JLA,,,
353435,SI3L,small_airport,Fazenda Nossa Senhora de Fátima Airstrip,-20.088889,-53.391667,1509.0,SA,BR,BR-MS,Ribas do Rio Pardo,False,SI3L,,MS0626,,,
1091,CJL6,small_airport,Altona Municipal Airport,49.093069,-97.52926,806.0,,CA,CA-MB,Altona,False,CJL6,,CJL6,,https://en.wikipedia.org/wiki/Altona_Municipal_Airport,JL6
15815,9MN2,seaplane_base,Wabana Seaplane Base,47.41859818,-93.51879883,1319.0,,US,US-MN,Grand Rapids,False,9MN2,,9MN2,,,
718,CBS9,heliport,Blairmore (Crowsnest Pass Health Centre) Heliport,49.6161,-114.457001,4292.0,,CA,CA-AB,Blairmore,False,CBS9,,CBS9,,,BS9
5933,SBLS,small_airport,Lagoa Santa Air Base,-19.661751,-43.897404,2795.0,SA,BR,BR-MG,Lagoa Santa,False,SBLS,,MG9001,https://www.fab.mil.br/noticias/tag/Lagoa_Santa,https://pt.wikipedia.org/wiki/Base_Aérea_de_Lagoa_Santa,
2022,CZHP,small_airport,High Prairie Airport,55.39360046,-116.4749985,1974.0,,CA,CA-AB,High Prairie,False,CZHP,ZHP,,,https://en.wikipedia.org/wiki/High_Prairie_Airport,ZHP
300227,CCK5,small_airport,Owen Sound (Cook Field),44.63476396,-80.74130642,1040.0,,CA,CA-ON,Owen Sound,False,CCK5,,CCK5,,,
28712,EDCS,small_airport,Saarmund Airport,52.308334,13.100556,174.0,EU,DE,DE-BR,Saarmund,False,EDCS,,,,,
320009,IT-0388,small_airport,Aviosuperficie Panicarola,43.064444,12.100556,902.0,EU,IT,IT-55,Panicale (PG),False,,,PGPNC,,,"Panicarola, Panicale"
39669,CA-0023,closed,Anderson Point Airport,68.21666718,-87.91666412,,,CA,CA-NU,,False,,,,,,
39101,SCBI,small_airport,Pampa Guanaco Airport,-54.049977,-68.809193,591.0,SA,CL,CL-MA,Bahia Inutil,False,SCBI,DPB,,,https://en.wikipedia.org/wiki/Pampa_Guanaco_Airport,
15790,9LL2,small_airport,Hepp Airport,38.03369904,-89.57929993,505.0,,US,US-IL,Cutler,False,9LL2,,9LL2,,,
15066,8NC4,small_airport,Dead Dog Airport,35.72990036,-79.31279755,525.0,,US,US-NC,Pittsboro,False,8NC4,,8NC4,,,
15869,9NJ8,small_airport,High Meadow Farms Airport,40.89565,-75.00359,630.0,,US,US-NJ,Blairstown,False,9NJ8,,9NJ8,,,
10532,3IS8,small_airport,Rinkenberger Restricted Landing Area,41.23089981,-89.61569977,808.0,,US,US-IL,Bradford,False,3IS8,BDF,3IS8,,,
4078,LFCC,medium_airport,Aérodrome de Cahors-Lalbenque,44.351398,1.47528,912.0,EU,FR,FR-OCC,Cahors/Lalbenque,False,LFCC,ZAO,,,,
335750,BR-1021,small_airport,Águas Claras Airport,-30.119814,-50.853653,118.0,SA,BR,BR-RS,Viamão,False,SIUA,,RS0068,,,
32743,ZGZJ,closed,Zhanjiang Xintang Airport,21.214399,110.358002,125.0,AS,CN,CN-44,Zhanjiang (Xiashan),True,,,,,https://en.wikipedia.org/wiki/Zhanjiang_Airport,
1120,CJS2,small_airport,Malcolm Island Airport,56.94940186,-102.2389984,1120.0,,CA,CA-SK,Malcolm Island,False,CJS2,,CJS2,,https://en.wikipedia.org/wiki/Malcolm_Island_Airport,JS2
329517,MX-0899,small_airport,Los Tuxtlas Regional Airport,18.398211,-95.222448,705.0,,MX,MX-VER,San Andres Tuxtla,False,,,LTX,,,
341756,IN-0197,heliport,Defence Research and Development Organization Helipad,17.335419,78.498922,,AS,IN,IN-TG,Hyderabad,False,,,,,,
355984,US-7052,closed,Hinshaw Airport,35.74187,-79.81294,761.0,,US,US-NC,Asheboro,False,,,,,,
328636,MX-0750,small_airport,Manuel Benavides Airport,29.118098,-103.913676,3609.0,,MX,MX-CHH,Manuel Benavides,False,,,MBS,,,
32741,VLSB,small_airport,Sayaboury Airport,19.2436,101.7093,962.0,AS,LA,LA-XA,Sainyabuli,True,VLSB,ZBY,,,https://en.wikipedia.org/wiki/Sayaboury_Airport,
327328,KR-0447,heliport,Danggam-dong Heliport,35.165085,129.016248,,AS,KR,KR-26,Busan,False,,,,,,Danggam-dong
20087,KHSE,small_airport,Billy Mitchell Airport,35.23279953,-75.61779785,17.0,,US,US-NC,Hatteras,False,KHSE,HNC,HSE,http://www.outerbanks.com/billy-mitchel-airport.html,https://en.wikipedia.org/wiki/Billy_Mitchell_Airport,8W5
44447,SDXV,heliport,Magazine Luiza Heliport,-23.11722183,-46.99222183,2362.0,SA,BR,BR-SP,Louveira,False,SDXV,,,,,
16546,CA15,heliport,Sierra Nevada Memorial Hospital Heliport,39.227474,-121.04763,2450.0,,US,US-CA,Grass Valley,False,CA15,,CA15,,,
339034,JP-0933,heliport,Shinagawa Season Terrace Helipad,35.63273,139.74321,,AS,JP,JP-13,"Minato, Tokyo",False,,,,,,
21745,M57,seaplane_base,Rangeley Lake Seaplane Base,44.95330048,-70.6631012,1518.0,,US,US-ME,Rangeley,False,M57,,M57,,,
30483,NZTH,small_airport,Thames Aerodrome,-37.15670013,175.5500031,10.0,OC,NZ,NZ-WKO,,False,NZTH,TMZ,,,,
329428,SIJN,small_airport,Pouso na Serra Airport,-27.863333,-49.578333,2881.0,SA,BR,BR-SC,Bom Retiro,False,SIJN,,SC0026,,,
5084,OEBA,medium_airport,King Saud Bin Abdulaziz (Al Baha) Airport,20.298506,41.636153,5486.0,AS,SA,SA-11,Al Aqiq,True,OEBA,ABT,,,https://en.wikipedia.org/wiki/Al-Baha_Domestic_Airport,Al-Aqiq
350049,US-5852,small_airport,Smugglers Cove Airport,34.02831,-119.54093,341.0,,US,US-CA,Santa Cruz Island,False,,,,,,
13505,6PA6,small_airport,Air Haven Airport,41.35010147,-75.48300171,1550.0,,US,US-PA,Moscow,False,6PA6,,6PA6,,,
21956,ME25,small_airport,Sunrise Farms Airport,47.16609955,-68.39199829,640.0,,US,US-ME,Fort Kent,False,ME25,,ME25,,,
44192,CN-0114,medium_airport,Baoji Air Base,34.53125,107.470679,,AS,CN,CN-61,Baoji (Fengxiang),False,,,,,,
43855,LOKX,heliport,Feldkirchen-Waiern Heliport,46.73444366,14.08777809,2014.0,EU,AT,AT-7,Feldkirchen-Waiern,False,,,,,,
41153,FACX,small_airport,Cathcart Airport,-32.28710175,27.13879967,3959.0,AF,ZA,ZA-EC,Cathcart,False,FACX,,,,,
11082,44LA,small_airport,B T & K H Ranch Airport,30.647761,-93.056785,110.0,,US,US-LA,Dry Creek,False,44LA,,44LA,,,
330992,MX-1048,heliport,Centro Nacional de Rehabilitacion,19.289063,-99.148952,7502.0,,MX,MX-DIF,Tlalpan,False,,,HSS,,,
4142,LFLS,medium_airport,Grenoble-Isère Airport,45.3629,5.32937,1302.0,EU,FR,FR-U-A,Saint-Étienne-de-Saint-Geoirs,True,LFLS,GNB,,,https://en.wikipedia.org/wiki/Grenoble-Is%C3%A8re_Airport,
44210,CN-0132,medium_airport,Ürümqi South Air Base,43.466593,87.531177,,AS,CN,CN-65,Ürümqi,False,,,,,,
20172,KILL,closed,Willmar Municipal Airport John L Rice Field (1934),45.115121,-95.089131,1127.0,,US,US-MN,Willmar,False,KILL,,ILL,,,
347379,BR-1625,small_airport,Fazenda Paraíso Airstrip,-19.923333,-52.160833,1414.0,SA,BR,BR-MS,Inocência,False,SNQF,,MS0486,,,
341306,JP-1454,heliport,Shin Daibiru Building,34.695812,135.4993,,AS,JP,JP-27,Osaka,False,,,,,,
334938,US-1481,heliport,Cholla Power Plant Helipad,34.938952,-110.294685,,,US,US-AZ,Joseph City,False,,,,,,
356394,KZ-0137,closed,Shelek Airport,43.63953,78.31338,,AS,KZ,KZ-ALM,Shelek,False,,,,,,
2135,DTTD,medium_airport,Remada Air Base,32.30619812,10.38210011,1004.0,AF,TN,TN-83,Remada,False,DTTD,,,,,
25458,VG23,closed,Smith Airport,38.927898,-77.562798,365.0,,US,US-VA,Arcola,False,,,,,,VG23
326945,KR-0264,heliport,Mukho Port Heliport,37.540345,129.115255,,AS,KR,KR-42,Mukho,False,,,,,,Mukho
27507,YDGR,small_airport,Dalgaranga Airport,-27.79144036,116.9933224,,OC,AU,AU-WA,,False,YDGR,,,,,
10954,41GA,heliport,Falcons Nest Heliport,33.538137,-84.346403,940.0,,US,US-GA,Jonesboro,False,41GA,,41GA,,,Clayton PD Heliport
310115,19MT,small_airport,N Bar Ranch Airport,46.838111,-108.936833,4446.0,,US,US-MT,Grass Range,False,19MT,,19MT,,,
352981,CD-0030,small_airport,Kibombo Airport,-3.92162,25.94802,1786.0,AF,CD,CD-MA,Kibombo,False,,,,,,
37931,SWJS,small_airport,Fazenda Samambaia Airport,-15.48611069,-51.26944351,692.0,SA,BR,BR-GO,Jussara,False,SWJS,,,,,
15832,9MO9,small_airport,Eagle Lodge Airport,39.54999924,-93.25019836,650.0,,US,US-MO,Sumner,False,9MO9,,9MO9,,,
347642,US-5161,small_airport,Colorado Live Steamers Airport,39.82835,-104.19409,5025.0,,US,US-CO,Byers,False,,,,,,Staple D Ranch
339155,HK-0021,heliport,Yuen Ng Fan Helipad,22.37986,114.33768,,AS,HK,HK-U-A,"Sai Kung, New Territories",False,,,,,,
327254,US-0861,small_airport,Sky Ranch Airport,39.935451,-83.236398,920.0,,US,US-OH,West Jefferson,False,49OH,,49OH,,,
42336,NA-0071,small_airport,Keetmansh Railroad Airport,-26.59305,18.14221764,3231.0,AF,,NA-KA,Keetmanshoop,False,,,,,,
353141,JP-3020,heliport,Wakago Heliport,34.41483,139.27672,140.0,AS,JP,JP-13,Niijima,False,,,,,,
38504,YMWO,small_airport,Mahanewo Airport,-31.71829987,136.4329987,,OC,AU,AU-SA,,False,YMWO,,,,,
4290,LGTG,medium_airport,Tanagra Air Base,38.339802,23.565001,485.0,EU,GR,GR-03,Tanagra,False,LGTG,,,,,
15106,8OH0,heliport,Ashtabula County Medical Center Heliport,41.880145,-80.793777,639.0,,US,US-OH,Ashtabula,False,8OH0,,8OH0,,,
41700,UZ-0013,small_airport,Dzhar-Tepe Airport,39.16740036,66.71450043,2022.0,AS,UZ,UZ-QA,Dzhar-Tepe,False,,,,,,
335367,BR-0861,heliport,FIESC Helipad,-27.592236,-48.493019,69.0,SA,BR,BR-SC,Florianópolis,False,SIFL,,SC0049,,,
37942,SWKL,small_airport,Fazenda Primavera do Terebinto Airport,-12.55777836,-61.99611282,590.0,SA,BR,BR-RO,Alto Alegre Dos Parecis,False,SWKL,,,,,
14178,7KS5,closed,Croisant Airport,37.7962,-95.341904,1000.0,,US,US-KS,Humboldt,False,,,,,,7KS5
319180,AE-0017,heliport,Ghantoot Hotel 2 Helipad,24.865417,54.882283,,AS,AE,AE-AZ,,False,,,,,,
350336,JP-2722,heliport,Aoba-dori Plaza Helipad,38.26015,140.87782,,AS,JP,JP-04,Sendai,False,,,,,,
313153,DE-0148,small_airport,Hörbach Airfield,50.6683,8.2604,1070.0,EU,DE,DE-HE,Hörbach,False,,,,http://www.lsv-hoerbach.de/,,"Herborn, Hoerbach"
6679,02PN,heliport,Peco Berwyn Heliport,40.06959915,-75.4552002,390.0,,US,US-PA,Berwyn,False,02PN,,02PN,,,
355957,TD-0017,small_airport,Kouba Olanga Airstrip,15.718333,18.311667,875.0,AF,TD,TD-BET,Kouba Olanga,False,,,,,,
7222,0II5,small_airport,Marshall Field,40.65950012,-86.85720062,705.0,,US,US-IN,Chalmers,False,0II5,,0II5,,,
17580,GE02,heliport,Adventhealth Gordon Heliport,34.51035,-84.927729,711.0,,US,US-GA,Calhoun,False,GE02,,GE02,,,Gordon Hospital
15258,8WN8,small_airport,Mave's Lakeview Road Airport,45.23509979,-87.06749725,700.0,,US,US-WI,Ellison Bay,False,8WN8,,8WN8,,,
346701,NE21,small_airport,Clyde Airfield,40.286401,-99.593554,2250.0,,US,US-NE,Oxford,False,NE21,,NE21,,,
36801,SJQJ,heliport,Jomarca II Heliport,-23.9897213,-46.24222183,30.0,SA,BR,BR-SP,Guarujá,False,SJQJ,,,,,
35788,SDWM,small_airport,Aldeia de Metuktire Airport,-10.063611,-52.996666,2953.0,SA,BR,BR-MT,Peixoto De Azevedo,False,,,,,,SDWM
315735,AU-0098,heliport,Gold Coast Water Police Helicopter Landing Site,-27.97,153.427,10.0,OC,AU,AU-QLD,Gold Coast,False,,,OZHBV,,,GCWP
319598,BY-0017,closed,Kokhanovichi Airfield,55.85734,28.09827,420.0,EU,BY,BY-VI,Kokhanovichi,False,,,,,,Коханавічы
23354,NV48,heliport,Circus Circus Heliport,36.137421,-115.16821,2122.0,,US,US-NV,Las Vegas,False,NV48,,NV48,,,
333524,GB-0761,small_airport,Manor Farm Airstrip,51.4957,-1.4822,,EU,GB,GB-ENG,East Garston,False,,,,,,
8178,PAAL,small_airport,Port Moller Airport,56.00600052,-160.5610046,20.0,,US,US-AK,Cold Bay,False,PAAL,PML,1AK3,,https://en.wikipedia.org/wiki/Port_Moller_Airport...............................................................................,Moller Air Force Station
28038,YWDT,small_airport,Wyandotte Airport,-18.753838,144.840761,,OC,AU,AU-QLD,,False,YWDT,,,,,
10265,38AZ,closed,Peabody Bedard Field,36.471699,-110.417999,6564.0,,US,US-AZ,Kayenta,False,,,,,,38AZ
329767,BR-0376,small_airport,Ajarani 2 Airstrip,1.887366,-62.018592,135.0,SA,BR,BR-RR,Iracema,False,SDIR,,SDIR,,,
328109,KR-0753,heliport,Kolon Building Heliport,37.567873,126.978747,,AS,KR,KR-11,Seoul,False,,,,,,Kolon Building
344395,JP-2017,heliport,Urban Life Kobe Sannomiya Helipad,34.68691,135.19607,,AS,JP,JP-28,Kobe,False,,,,,,
14702,85TE,small_airport,Old Kingsbury Aerodrome,29.63419914,-97.81169891,560.0,,US,US-TX,Kingsbury,False,85TE,,85TE,,,
36813,SJQY,heliport,Terminal do Solimões Heliport,-3.944166899,-63.16361237,112.0,SA,BR,BR-AM,Coari,False,SJQY,,,,,
326040,PH-0124,heliport,Tiffany Place Heliport,14.55995,121.025176,,AS,PH,PH-00,Makati,False,,,,,,"Tiffany Place, Makati"
343032,US-3599,closed,Flying X Ranch Airport,30.62781,-98.08259,1341.0,,US,US-TX,Bertram,False,,,,,,
2832,FARG,medium_airport,Rustenburg Airport,-25.64430046,27.27109909,3700.0,AF,ZA,ZA-NW,Rustenburg,False,FARG,,,,https://en.wikipedia.org/wiki/Rustenburg_Airfield,
6908,06TS,closed,Roscoe Mc Connico Airport,32.120701,-96.179101,350.0,,US,US-TX,Kerens,False,,,,,,06TS
19907,KFVX,small_airport,Farmville Regional Airport,37.35749817,-78.43779755,416.0,,US,US-VA,Farmville,False,KFVX,,FVX,,,
12752,5XS8,small_airport,L Davis Ranch Airport,29.50394,-100.295906,1390.0,,US,US-TX,Brackettville,False,5XS8,,5XS8,,,
29269,ENOC,heliport,Oseberg C Platform,60.6078,2.77444,,EU,NO,NO-XX,,False,ENOC,,,,,
343040,US-3605,closed,Calico Ranch Airport,34.92693,-116.766198,1962.0,,US,US-CA,Yermo,False,,,,,,
351114,UA-0169,small_airport,Vesele Airport,47.0369,34.91204,253.0,EU,UA,UA-23,Vesele,False,,,,,,
313830,KVE,small_airport,Kitava Airport,-8.6285,151.327,194.0,OC,PG,PG-MBA,Kitava Island,False,,KVE,KTV,,,
19528,KCNW,small_airport,TSTC Waco Airport,31.641129,-97.073335,470.0,,US,US-TX,Waco,False,KCNW,CNW,CNW,http://www.waco.tstc.edu/airport,https://en.wikipedia.org/wiki/TSTC_Waco_Airport,James Connally AFB
28068,YWOR,small_airport,Wollogorang Airport,-17.2199,137.93453,199.0,OC,AU,AU-NT,,False,YWOR,WLL,,,,
44615,UHHY,small_airport,Chumikan Airport,54.69599915,135.2859955,,AS,RU,RU-KHA,Chumikan,False,UHHY,,,,,Аэропорт Чумикан
317681,CZ-0096,small_airport,Hory,50.21695,12.77669,,EU,CZ,CZ-KA,,False,,,,,,
353374,MX-1961,small_airport,Murucutachi Mine Airport,30.39566,-109.94234,3965.0,,MX,MX-SON,Arizpe,False,,,,,,
7968,15TN,heliport,Indian Path Medical Center Heliport,36.55160141,-82.51519775,1283.0,,US,US-TN,Kingsport,False,15TN,,15TN,,,
324925,US-0656,small_airport,McMaster Gliderport,37.761289,-97.177341,1403.0,,US,US-KS,Wichita,False,29KS,,29KS,,,
29052,EBTX,small_airport,Theux (Verviers) Airfield,50.552601,5.85503,1099.0,EU,BE,BE-WLG,Verviers,False,EBTX,,,http://www.verviers-aviation.be/,https://en.wikipedia.org/wiki/Verviers-Theux_Airfield,
7071,0AK9,small_airport,Falcon Lake Strip,61.33259964,-150.0590057,110.0,,US,US-AK,Point Mackenzie,False,0AK9,,0AK9,,,
20934,KRJD,small_airport,Ridgely Airpark,38.9701004,-75.86630249,64.0,,US,US-MD,Ridgely,False,KRJD,,RJD,,,
44315,UWSK,small_airport,Krasny Kut Airport,50.955458,46.949901,177.0,EU,RU,RU-SAR,Krasny Kut,False,UWSK,,,http://www.kluga.ru/,,Аэропорт Красный Кут
40385,VE-0036,heliport,Capitán Alfredo Sierra  Heliport,10.11833286,-71.23833466,21.0,SA,VE,VE-V,Lagunillas,False,,,,,,
338676,US-2349,small_airport,Yoder Field,30.607486,-85.025292,138.0,,US,US-FL,Grand Ridge,False,0FD4,,0FD4,,,
43259,LEEX,heliport,La Cartuja (Expo 92) Heliport,37.3993,-6.010675,30.0,EU,ES,ES-AN,Seville,False,LEEX,,,,,
23028,NH76,small_airport,Mason Airfield,42.72900009,-71.78420258,740.0,,US,US-NH,Mason,False,NH76,,NH76,,,
44421,UURH,heliport,Haryaginskiy Heliport,67.21299744,56.78099823,,EU,RU,RU-KO,Haryaginskiy,False,UURH,,,,,"Haryaginsky Heliport, Аэропорт Харьягинский"
23218,NK95,heliport,Bastek Heliport,41.32089996,-74.50430298,450.0,,US,US-NY,Pine Island,False,NK95,,NK95,,,
5542,RJCA,small_airport,JGSDF Camp Asahikawa Airfield,43.794734,142.365432,377.0,AS,JP,JP-01,Asahikawa,False,RJCA,,,,https://en.wikipedia.org/wiki/Asahikawa_Air_Field,"Camp Asahikawa, RJCA"
820,CDU3,heliport,Yarmouth (Regional Hospital) Heliport,43.84866844,-66.12101197,43.0,,CA,CA-NS,Yarmouth,False,CDU3,,CDU3,,,DU3
348865,MX-1708,closed,Chihuahuita Airport,26.15698,-109.06694,20.0,,MX,MX-SIN,Ahome,False,,,,,,
18900,K5F1,small_airport,Post Garza County Municipal Airport,33.201853,-101.337118,2545.0,,US,US-TX,Post,False,K5F1,,5F1,,,
42944,USHN,medium_airport,Nyagan Airport,62.110001,65.614998,361.0,EU,RU,RU-KHM,Nyagan,True,USHN,NYA,,,https://en.wikipedia.org/wiki/Nyagan_Airport,"УСХН, Аэропорт Нягань"
17099,DC02,heliport,Metropolitan Complex Heliport,38.91040039,-77.00720215,109.0,,US,US-DC,Washington,False,DC02,,DC02,,,
320666,CA-0652,closed,Malartic Airport,48.1551,-78.1412,1054.0,,CA,CA-QC,Malartic,False,,,SB2,,,
316041,GB-0200,small_airport,Hanley Farm Airstrip,52.2990979,-2.4698229,645.0,EU,GB,GB-ENG,,False,,,,http://www.hwas.orangehome.co.uk/,,
7627,XA57,heliport,Wise Regional Health System Heliport,33.216458,-97.593487,957.0,,US,US-TX,Decatur,False,XA57,,XA57,,,Formerly 0XA1
32416,SYKK,small_airport,Kurukabaru Airport,4.717000008,-59.98300171,3198.0,SA,GY,GY-PT,Kurukabaru,False,SYKK,,,,,
311415,AYGE,small_airport,Geigorobi Airstrip,-4.1055,143.3056,74.0,OC,PG,PG-ESW,Geigorobi,False,AYGE,,GEI,,,
342785,US-3503,small_airport,Garnsay Ranch Airport,33.4552,-117.3146,462.0,,US,US-CA,Fallbrook,False,,,,,,
30316,FYRR,small_airport,Rag Rock Airport,-20.53809929,14.43309975,2100.0,AF,,NA-KU,,False,FYRR,,,,,
36832,SJRR,small_airport,Fazenda Barreiro Airport,-17.05416679,-50.92833328,2461.0,SA,BR,BR-GO,Paraúna,False,SJRR,,,,,
36392,SIYZ,heliport,Condomínio Edifício Berrini 1681 Heliport,-23.611512,-46.694695,2576.0,SA,BR,BR-SP,São Paulo,False,SIYZ,,SP0580,,,
18771,K43,small_airport,Unionville Municipal Airport,40.54019928,-93.02549744,1046.0,,US,US-MO,Unionville,False,K43,,K43,,,
20596,KN03,small_airport,Cortland County Chase Field,42.59260178,-76.21489716,1198.0,,US,US-NY,Cortland,False,KN03,CTX,N03,,https://en.wikipedia.org/wiki/Cortland_County_Airport,
336711,JP-0444,heliport,Tamozawa Emergency Helipad,36.8916,139.65946,,AS,JP,JP-09,Nikko,False,,,,,,
28754,EDGZ,small_airport,Weinheim/Bergstraße Airport,49.56750107,8.610555649,318.0,EU,DE,DE-BW,Weinheim,False,EDGZ,,,,,Bergstrasse
336698,JP-0431,heliport,Tower House Helipad,35.27324,139.67884,,AS,JP,JP-14,Yokosuka,False,,,,,,
25937,WS43,small_airport,Birch Creek Airport,44.35549927,-88.05840302,813.0,,US,US-WI,De Pere,False,WS43,,WS43,,,
319911,KZ-0084,small_airport,Gora Sasyrly Airport,47.187197,71.388559,1800.0,AS,KZ,KZ-KAR,Dzhambul,False,,,,,,Gzhambul
339305,MX-1500,closed,Huexca Airstrip,18.803065,-98.881856,4593.0,,MX,MX-MOR,Yecapixtla,False,,,HUC,,,
20696,KO54,small_airport,Lonnie Pool Field Weaverville Airport,40.74570084,-122.9219971,2350.0,,US,US-CA,Weaverville,False,KO54,,O54,,https://en.wikipedia.org/wiki/Weaverville_Airport,
322557,MX-0386,small_airport,San Isidro Labrador Airport,27.370417,-109.908056,138.0,,MX,MX-SON,Cajeme,False,,,SIL,,,
335428,OL25,small_airport,Eagle Chief Airport,36.401963,-98.452982,1199.0,,US,US-OK,Cleo Springs,False,OL25,,OL25,,,
332532,MX-1107,small_airport,El Amate Airport,18.383524,-95.877728,20.0,,MX,MX-VER,Santiago Ixmatlahuacan,False,,,EMV,,,
334866,US-1460,heliport,MountainView Regional Medical Center Helipad,32.3236,-106.73014,,,US,US-NM,Las Cruces,False,,,,,,
15540,97OR,small_airport,Hi Country No 2 Airport,44.43519974,-118.6620026,3840.0,,US,US-OR,Prairie City,False,97OR,,97OR,,,
31548,GQNM,small_airport,Dahara Airport,16.29999924,-8.050000191,722.0,AF,MR,MR-01,Timbreda,False,GQNM,,,,https://en.wikipedia.org/wiki/Dahara_Airport,
44884,RU-0213,heliport,Panki Heliport,55.668301,37.931999,,EU,RU,RU-MOS,Lyubertsy,False,,,XUCL,http://www.mi-helicopter.ru/index_eng.html,,Вертодром Панки
356311,GT-0039,closed,Santa Amelia Southeast Airstrip,16.231312,-90.025299,462.0,,GT,GT-PE,Santa Amelia,False,,,,,,
12641,5PS5,small_airport,Chestnut Hill Airport,40.39680099,-77.07409668,620.0,,US,US-PA,Duncannon,False,5PS5,,5PS5,,,
319684,IT-0342,small_airport,Aviosuperficie Umiltà,42.192111,12.331621,787.0,EU,IT,IT-62,Nepi (VT),False,,,VT15,,,Umiltà
4354,LIPE,large_airport,Bologna Guglielmo Marconi Airport,44.5354,11.2887,123.0,EU,IT,IT-45,Bologna,True,LIPE,BLQ,BO08,http://www.bologna-airport.it/?LN=UK,https://en.wikipedia.org/wiki/Bologna_Airport,"Guglielmo Marconi Airport, Borgo Panigale Airport"
321014,SBSO,small_airport,Adolino Bedin Regional Airport,-12.479177,-55.672341,1266.0,SA,BR,BR-MT,Sorriso,True,SBSO,SMT,MT0005,https://www4.infraero.gov.br/aeroportos/aeroporto-regional-de-sorriso/,https://en.wikipedia.org/wiki/Sorriso_Airport,SDSS
252,SJCQ,small_airport,Fazenda Serra Azul Airport,-11.9355,-40.050701,1125.0,SA,BR,BR-BA,Baixa Grande,False,SJCQ,,BA0105,,,
16607,CA76,small_airport,Flying T Ranch Airport,33.07030106,-116.7519989,2500.0,,US,US-CA,Ramona,False,CA76,,CA76,,,
313355,AU-0077,heliport,Toonumbar Dam Helipad,-28.61835,152.79353,495.0,OC,AU,AU-NSW,,False,,,TOON,,,
339023,VN-0014,heliport,Central Pediatric Institute Helipad,21.02465,105.80721,,AS,VN,VN-RRD,"Dong Da, Hanoi",False,,,,,,
11783,4WA3,heliport,PeaceHealth Saint John's Medical Center Heliport,46.130362,-122.940205,52.0,,US,US-WA,Longview,False,4WA3,,4WA3,,,
16299,AR05,small_airport,John Harris Field,35.21590042,-93.30490112,1770.0,,US,US-AR,Chickala,False,AR05,,AR05,,,
344717,JP-2217,heliport,Japan Red Cross Mito Hospital Heliport,36.37119,140.48704,,AS,JP,JP-08,Mito,False,,,,,,
348768,US-5504,closed,Sutcliffe Airport,39.94224,-119.60579,3960.0,,US,US-NV,Reno,False,,,,,,
39420,SLBB,small_airport,Bulo Bulo Airport,-17.25733376,-64.3666687,886.0,SA,BO,BO-C,Carrasco,False,SLBB,,,,,
336985,BR-1164,small_airport,Fazenda Nossa Senhora Aparecida Airport,-11.913015,-56.158982,105.0,SA,BR,BR-MT,Tapurah,False,,,MT0198,,,
29571,FYKA,small_airport,Karibib Airport,-21.8477993,15.90279961,3829.0,AF,,NA-ER,Karibib,False,FYKA,,,,,
41779,UZ-0092,closed,Karakoy Southwest Airport,40.816101,68.1604,843.0,AS,UZ,UZ-JI,Karakoy,False,,,,,,
342943,US-3525,heliport,Trinity Hospital Heliport,29.785743,-95.525047,79.0,,US,US-TX,Houston,False,,,,,,
10420,3CL7,heliport,Raleigh Enterprises Heliport,34.036324,-118.443555,200.0,,US,US-CA,Los Angeles,False,3CL7,,3CL7,,,
301615,mdll,small_airport,Los Llanos de Sabanatosa Airport,18.59642598,-69.52577591,262.0,,DO,DO-23,,True,MDLL,,,,,
8811,20SC,closed,O Neal Field,35.0065,-82.264297,929.0,,US,US-SC,Greer,False,20SC,,20SC,,,
352802,US-6497,closed,Carlsbad South Airport,32.26108,-104.22944,3266.0,,US,US-NM,Carlsbad,False,,,,,,
31161,FLMP,small_airport,Mpika Airport,-11.89920044,31.43470001,4600.0,AF,ZM,ZM-05,Mpika,False,FLMP,,,,,
353802,US-6768,closed,Rose City Airport,30.82785,-84.00056,285.0,,US,US-GA,Thomasville,False,,,,,,
35444,SDBS,heliport,Os Bandeirantes Heliport,-23.57583237,-46.68694305,2585.0,SA,BR,BR-SP,São Paulo,False,SDBS,,,,,
310002,AGNA,small_airport,Nana Airport,-10.6758,162.2049,60.0,OC,SB,SB-MK,Star Harbor,False,AGNA,NAZ,,,,
5698,RPME,medium_airport,Bancasi Airport,8.9515,125.4788,141.0,AS,PH,PH-AGN,Butuan,True,RPME,BXU,,,https://en.wikipedia.org/wiki/Bancasi_Airport,
307953,GB-0122,closed,RAF Bitteswell,52.459444,-1.246111,,EU,GB,GB-ENG,Leicestershire,False,,,,,https://en.wikipedia.org/wiki/RAF_Bitteswell,
347331,CY-0042,heliport,Dhekelia Station JNCO Helipad,35.00232,33.728378,,AS,CY,CY-XX,Dhekelia Sovereign Base Area,False,,,,,,
312330,NFCS,seaplane_base,Castaway Island Seaplane Base,-17.7358,177.129,0.0,OC,FJ,FJ-W,Castaway Island,False,NFCS,CST,,,,
23466,NY88,small_airport,Hickory Acres Airport,42.88339996,-74.69129944,970.0,,US,US-NY,Fort Plain,False,NY88,,NY88,,,
41002,SK-190,small_airport,Cabo Marzo Airport,6.881389,-77.680556,87.0,SA,CO,CO-CHO,Jurado,False,,,CAM,,,
316298,SK-0007,closed,Malý Madaras,48.142222,17.377222,,EU,SK,SK-BL,,False,,,,,,
13388,6MN6,seaplane_base,Goose Lake Seaplane Base,44.88750076,-93.84210205,967.0,,US,US-MN,Waconia,False,6MN6,,6MN6,,,
18147,IN78,heliport,Police Heliport,41.59109879,-87.3361969,591.0,,US,US-IN,Gary,False,IN78,,IN78,,,
336824,JP-0525,heliport,Tokyo Emergency Park Heliport,35.635966,139.796793,,AS,JP,JP-13,"Koto, Tokyo",False,,,,,,
31876,ZUNZ,medium_airport,Nyingchi Mainling Airport,29.303301,94.335297,9675.0,AS,CN,CN-54,Nyingchi,True,ZUNZ,LZY,,,https://en.wikipedia.org/wiki/Nyingchi_Airport,"Linzhi, Kang Ko"
6389,TLPL,large_airport,Hewanorra International Airport,13.7332,-60.952599,14.0,,LC,LC-11,Vieux Fort,True,TLPL,UVF,,http://www.slaspa.com/contentPages/view/hewanorra-international-airport,https://en.wikipedia.org/wiki/Hewanorra_International_Airport,
932,CFB7,small_airport,Steen River Airport,59.633301,-117.167,996.0,,CA,CA-AB,Steen River,False,CFB7,,CFB7,,https://en.wikipedia.org/wiki/Steen_River_Airport,FB7
6388,TLPC,medium_airport,George F. L. Charles Airport,14.0202,-60.992901,22.0,,LC,LC-02,Castries,True,TLPC,SLU,,http://www.slaspa.com/contentPages/view/george-f-l-charles-airport,https://en.wikipedia.org/wiki/George_F._L._Charles_Airport,Vigie Airport
333569,GB-0767,heliport,Gamlingay Helicopter Strip,52.1482,-0.2141,,EU,GB,GB-ENG,Gamlingay,False,,,,,,Five Acres
30628,NGTR,small_airport,Arorae Island Airport,-2.616110086,176.8029938,,OC,KI,KI-G,Arorae Island,False,NGTR,AIS,,,,
38732,AR-0057,heliport,B. Churruca Heliport,-34.6407,-58.4094,19.0,SA,AR,AR-C,Buenos Aires,False,,,HBC,,,
343904,GB-0991,small_airport,Durleighmarsh Farm Airstrip,51.014862,-0.872469,,EU,GB,GB-ENG,,False,,,,,,"Carrolls Copse, Carrols Cottage"
3015,FWCL,medium_airport,Chileka International Airport,-15.67910004,34.97399902,2555.0,AF,MW,MW-BL,Blantyre,True,FWCL,BLZ,,,https://en.wikipedia.org/wiki/Chileka_International_Airport,
10880,3WI8,small_airport,Plantation Pine Airport,44.05329895,-89.12180328,825.0,,US,US-WI,Redgranite,False,3WI8,,3WI8,,,
12128,57II,small_airport,Reimer Aerodrome,39.96419907,-86.56749725,930.0,,US,US-IN,Jamestown,False,57II,,57II,,,
9611,2ND0,small_airport,Kraft Airport,46.81439972,-97.04979706,910.0,,US,US-ND,Mapleton,False,2ND0,,2ND0,,,
30764,WBGQ,small_airport,Bakalalan Airport,3.973999977,115.6179962,2900.0,AS,MY,MY-13,Bakalalan,True,WBGQ,BKM,,,,
6905,06TA,small_airport,Glaser Field,30.90850067,-97.11689758,480.0,,US,US-TX,Buckholts,False,06TA,,06TA,,,
43998,EITT,closed,Trevet Airfield,53.543611,-6.531944,385.0,EU,IE,IE-MH,Dunshaughlin,False,EITT,,,http://www.trevetairfield.com/,,
346017,US-4667,small_airport,Yellow Tank Airport,30.235863,-103.311868,4250.0,,US,US-TX,Marathon,False,,,,,,
350516,AU-0237,small_airport,private airfield agnes waters,-24.238316,151.862394,,OC,AU,AU-QLD,agnes waters,False,,,,,,
17694,IA15,small_airport,Hawk Field,42.88690186,-91.93609619,1115.0,,US,US-IA,Hawkeye,False,IA15,,IA15,,,
345929,ZA-0249,small_airport,Glen Lyon Farm Airstrip,-28.812247,22.383753,3640.0,AF,ZA,ZA-NC,,False,,,,,,
323911,PL-0124,small_airport,Kępa,52.7242707,20.4213518,,EU,PL,PL-MZ,Kępa,False,,,,,,
11954,53GA,small_airport,Dawson Field,34.167801,-85.258598,675.0,,US,US-GA,Rome,False,53GA,,53GA,,,
17066,D24,small_airport,Fessenden Municipal Airport,47.65969849,-99.66100311,1619.0,,US,US-ND,Fessenden,False,D24,,D24,,,
7452,0OI9,small_airport,Hidden Quarry Airport,38.89450073,-83.1135025,830.0,,US,US-OH,Lucasville,False,0OI9,,0OI9,,,
346678,US-4881,heliport,Air Evac 19 Heliport,36.51837,-86.03299,985.0,,US,US-TN,Lafayette,False,,,,,,Lifeflight Helipad
388,SNRS,medium_airport,Russas - João De Deus Regional Airport,-4.94727,-38.008202,115.0,SA,BR,BR-CE,Russas,False,SNRS,,SNRS,,,
44189,CN-0111,medium_airport,Zhucheng Air Base,36.027468,119.43778,,AS,CN,CN-37,Weifang,False,,,,,,
340414,TM-0014,heliport,Turkmenbashi Naval Barracks Helipad,39.994327,53.124179,,AS,TM,TM-B,Dzhanga,False,,,,,,
15684,9CO4,heliport,Indian Hills/Fire Department Heliport,39.63669968,-105.2669983,7310.0,,US,US-CO,Indian Hills,False,9CO4,,9CO4,,,
24634,SN57,small_airport,Witham Airport,38.69860077,-95.3003006,1110.0,,US,US-KS,Ottawa,False,SN57,,SN57,,,
346357,HU-0052,small_airport,Becsehely Airstrip,46.43592,16.77868,,EU,HU,HU-ZA,,False,,,,,,
20272,PAKK,small_airport,Koyuk Alfred Adams Airport,64.9394989,-161.154007,154.0,,US,US-AK,Koyuk,False,PAKK,KKA,KKA,,,
15151,8PA8,small_airport,Sunny Rest Airport,40.81679916,-75.66629791,980.0,,US,US-PA,Palmerton,False,8PA8,,8PA8,,,
27948,YSFG,small_airport,Stonefield Gliding,-34.343755,139.310031,,OC,AU,AU-SA,,False,YSFG,,,,,
1016,CFX4,small_airport,Manning Airport,56.95080185,-117.6439972,1612.0,,CA,CA-AB,Manning,False,CFX4,,CFX4,,https://en.wikipedia.org/wiki/Manning_Airport,FX4
346155,US-4725,small_airport,Lindsey Ranch Airport,31.64137,-110.13989,4173.0,,US,US-AZ,Tombstone,False,,,,,,
344276,CA-0745,closed,Union Centre Airport,45.52795,-62.75983,92.0,,CA,CA-NS,Westville,False,,,,,,
355099,81AL,heliport,Bibb Medical Center Heliport,32.95177,-87.14819,254.0,,US,US-AL,Centreville,False,81AL,,81AL,,,
8930,23AZ,small_airport,Moreton Airpark,34.01950073,-112.8259964,2455.0,,US,US-AZ,Wickenburg,False,23AZ,,23AZ,,,
321609,ES-0208,small_airport,"Aeródromo forestal ""Requena 2""",39.4422585,-1.0493454,2740.0,EU,ES,ES-V,Requena,False,,,,,,
14876,8CA5,closed,Pines Airpark,33.645599,-117.109333,1420.0,,US,US-CA,Winchester,False,,,,,,8CA5
350174,JP-2699,heliport,Omori Bell Port Helipad,35.58814,139.73223,,AS,JP,JP-13,"Shinagawa, Tokyo",False,,,,,,
20035,KHDC,small_airport,Hammond Northshore Regional Airport,30.52160072,-90.41840363,47.0,,US,US-LA,Hammond,False,KHDC,,HDC,,,
31870,ZHLY,medium_airport,Luoyang Beijiao Airport,34.7411,112.388,840.0,AS,CN,CN-41,Luoyang (Laocheng),True,ZHLY,LYA,,,https://en.wikipedia.org/wiki/Luoyang_Beijiao_Airport,
35603,SDKR,small_airport,Fazenda Triângulo Airport,-15.17500019,-59.17111206,1116.0,SA,BR,BR-MT,Pontes E Lacerda,False,SDKR,,,,,
320401,CMH4,heliport,Mirabel Hélico Heliport,45.69555,-73.9525,223.0,,CA,CA-QC,Montréal,False,CMH4,,CMH4,http://www.mirabelhelico.ca/en/company.html,,
334993,ES-0274,heliport,Alborán Helistrip,35.93932,-3.03519,,EU,ES,ES-AN,Almería,False,,,,,,
5080,OBBS,medium_airport,Sheik Isa Air Base,25.91839981,50.59059906,136.0,AS,BH,BH-14,Sitrah,False,OBBS,,,,https://en.wikipedia.org/wiki/Shaikh_Isa_Air_Base,"Shakey's Pizza, Shaikh-Isa Air Base"
21836,MA93,heliport,Bay Bank Ii Heliport,42.48120117,-71.20950317,148.0,,US,US-MA,Burlington,False,MA93,,MA93,,,
20275,KKIC,small_airport,Mesa Del Rey Airport,36.22800064,-121.1220016,370.0,,US,US-CA,King City,False,KKIC,KIC,KIC,http://www.kingcity.com/index.php?option=com_content&task=view&id=39&Itemid=112,https://en.wikipedia.org/wiki/Mesa_Del_Rey_Airport,
32573,NTUV,small_airport,Vahitahi Airport,-18.780697,-138.85568,9.0,OC,PF,PF-U-A,Vahitahi,False,NTUV,VHZ,,,,
16788,CL69,heliport,Sutter Lakeside Hospital Heliport,39.10509872,-122.9069977,1401.0,,US,US-CA,Lakeport,False,CL69,,CL69,,,
24030,PA61,small_airport,Kunda Airport,40.16680145,-75.44960022,252.0,,US,US-PA,Collegeville,False,PA61,,PA61,,,
322138,US-0412,heliport,Southlands ER Heliport,39.60336,-104.711839,6052.0,,US,US-CO,Aurora,False,21CO,,21CO,https://www.parkerhospital.org/pah/specialties/emergency-services/southlands-er/,,
341371,US-3197,closed,Kailua Sky Ranch,21.42779,-157.74784,,OC,US,US-HI,Kailua,False,,,,,,
318808,KE-0181,small_airport,Ol Malo Lodge Airstrip,0.659821,36.868623,5500.0,AF,KE,KE-700,,False,,,,,,
28746,EDMP,small_airport,Vilsbiburg Airfield,48.426109,12.345278,1450.0,EU,DE,DE-BY,Vilsbiburg,False,EDMP,,,,,
336960,AQ-0005,medium_airport,Jack F. Paulus Skiway,-89.989444,-1.0,9300.0,AN,AQ,AQ-U-A,Amundsen-Scott South Pole Station,False,NZSP,,,,https://en.wikipedia.org/wiki/Jack_F._Paulus_Skiway,
44031,EFJE,heliport,North Karelia Central Hospital Heliport,62.590832,29.777779,397.0,EU,FI,FI-13,Joensuu,False,EFJE,,,,https://fi.wikipedia.org/wiki/Pohjois-Karjalan_keskussairaala,Pohjois-Karjalan_keskussairaala
346839,CZ-0182,small_airport,Kostelec Airstrip,49.67076,13.03224,,EU,CZ,CZ-PL,,False,,,,,,
314690,DE-0173,small_airport,"Ziegenhain Airfield - ""Der Ring""",50.9026,9.2403,693.0,EU,DE,DE-HE,Schwalmstadt,False,,,,http://www.fsv-schwalm.de/startseite/flugplatz/,,
7436,0O0,seaplane_base,San Luis Reservoir Seaplane Base,37.05830002,-121.1259995,544.0,,US,US-CA,Los Banos,False,0O0,,0O0,,,
25219,U48,small_airport,Coxs Well Airport,43.2179985,-113.2269974,5034.0,,US,US-ID,Atomic City,False,U48,,U48,,,
42213,BZ-INB,small_airport,Independence Airport,16.5345,-88.441299,18.0,,BZ,BZ-SC,Independence,False,MZSV,INB,,,https://en.wikipedia.org/wiki/Independence_Airport_(Belize),"Savannah,  Mango Creek"
42304,MDBA,small_airport,Consuelo Batey Anita airport,18.68333244,-69.3833313,150.0,,DO,DO-30,Consuelo,False,MDBA,,,,,
329927,US-1042,closed,Idabel Airport,33.904849,-94.845259,510.0,,US,US-OK,Idabel,False,,,,,,"KIBO, IBO"
39811,CA-0165,closed,Hotchkiss Airport,57.31666565,-118.9166641,,,CA,CA-AB,,False,,,,,,
329092,MX-0823,small_airport,El Temazcal Airport,23.350393,-104.243614,8268.0,,MX,MX-DUR,Suchil,False,,,TZC,,,
330922,RU-0520,closed,Vorogovo Airport,61.038261,89.613805,98.0,EU,RU,RU-KYA,Vorogovo,False,,,UNHW,,,"УНХВ, Ворогово"
19686,KE13,small_airport,Crane County Airport,31.4151001,-102.362999,2552.0,,US,US-TX,Crane,False,E13,CCG,E13,,,
16258,AL69,small_airport,Vaughn Private Airport,30.511838,-87.496708,30.0,,US,US-AL,Summerdale,False,AL69,,AL69,,,
9532,2MA3,heliport,Rider Heliport,42.66429901,-70.83979797,40.0,,US,US-MA,Ipswich,False,2MA3,,2MA3,,,
339577,US-2865,small_airport,Atkins Road Airport,60.53895,-150.62299,,,US,US-AK,Sterling,False,,,,,,
328261,MX-0713,small_airport,Algodonera del Oasis Airstrip,28.939497,-104.644612,3944.0,,MX,MX-CHH,Ojinaga,False,,,AGO,,,
324069,KR-0099,heliport,Byeollangeum Helipad,37.263633,126.292961,,AS,KR,KR-28,Byeollangeum,False,,,,,,"Byeollangeum, Jawol-do"
23486,O21,small_airport,Hoopa Airport,41.04290009,-123.6679993,356.0,,US,US-CA,Hoopa,False,O21,,O21,,https://en.wikipedia.org/wiki/Hoopa_Airport,
1121,CJS3,small_airport,Cluff Lake Airport,58.39110184,-109.5159988,1112.0,,CA,CA-SK,Cluff Lake,False,CJS3,XCL,CJS3,,https://en.wikipedia.org/wiki/Cluff_Lake_Airport,JS3
2243,EDLN,medium_airport,Mönchengladbach Airport,51.230278,6.504444,125.0,EU,DE,DE-NW,Mönchengladbach,False,EDLN,MGL,,,https://en.wikipedia.org/wiki/D%C3%BCsseldorf-M%C3%B6nchengladbach_Airport,
28654,EDRN,small_airport,Nannhausen Airport,49.97027969,7.479166985,1224.0,EU,DE,DE-RP,Simmern,False,EDRN,,,,https://en.wikipedia.org/wiki/Nannhausen_Airfield,
10753,3PN5,heliport,H.G.F. Heliport,40.56510162,-75.55799866,420.0,,US,US-PA,Allentown,False,3PN5,,3PN5,,,
320213,DE-0353,small_airport,Beedeln Ultralight Flightpark,51.007235,12.814543,,EU,DE,DE-SN,Seelitz,False,,,,,,
322193,US-0421,heliport,Springfield Regional Medical Center Heliport,39.928752,-83.817517,969.0,,US,US-OH,pringfield,False,OH81,,OH81,,,
44945,AZ-0004,small_airport,Naftalan Airport,40.51592,46.829481,,AS,AZ,AZ-GOR,Naftalan,False,UBEN,,,,,
311645,ID-0165,small_airport,Yapil Airstrip,-4.5407,140.5667,4470.0,AS,ID,ID-PA,Yapil,True,,,YAP,,,WT73
333323,LYJA,small_airport,Jagodina / Barutana Airfield,43.9766,21.23016,,EU,RS,RS-12,Jagodina,False,LYJA,,,,https://en.wikipedia.org/wiki/Jagodina_Airport,
1304,CNF4,small_airport,Kawartha Lakes (Lindsay) Airport,44.3647,-78.783897,882.0,,CA,CA-ON,Lindsay,False,CNF4,,CNF4,,https://en.wikipedia.org/wiki/Lindsay_Airport,NF4
3975,LBGO,medium_airport,Gorna Oryahovitsa Airport,43.151402,25.7129,285.0,EU,BG,BG-04,Gorna Oryahovitsa,False,LBGO,GOZ,,http://gornaoryahovitsa-airport.bg/,https://en.wikipedia.org/wiki/Gorna_Oryahovitsa_Airport,
30784,FCOB,small_airport,Boundji Airport,-1.032999992,15.38300037,1247.0,AF,CG,CG-8,Boundji,False,FCOB,BOE,,,,
5269,OPPI,medium_airport,Pasni Airport,25.29050064,63.3451004,33.0,AS,PK,PK-BA,Pasni,True,OPPI,PSI,,,https://en.wikipedia.org/wiki/Pasni_Airport,
40322,SVTL,small_airport,La Centella Airport,6.94166708,-65.89167023,839.0,SA,VE,VE-F,,False,SVTL,,,,,
337297,BR-1224,small_airport,Aero Roça Airport,-16.53975,-47.83727,2792.0,SA,BR,BR-GO,Luziânia,False,SNHR,,GO0283,,,
322590,MX-0395,closed,Palenque Old Airport,17.533596,-91.984442,,,MX,MX-CHP,Palenque,False,,,,,,
10785,3T7,small_airport,Middle Bass Island Airport,41.68510056,-82.80490112,580.0,,US,US-OH,Middle Bass Island,False,3T7,,3T7,,https://en.wikipedia.org/wiki/Middle_Bass_Island_Airport,
339497,US-2798,closed,Hummingbird Haven Airport,37.69674,-121.69333,,,US,US-CA,Livermore,False,,,,,,
327152,KR-0350,heliport,KNN Media Center Heliports,35.1726,129.128328,,AS,KR,KR-26,Busan,False,,,,,,KNN Media Center
37199,SNOD,small_airport,Praia do Saco Airport,-11.42194366,-37.32249832,20.0,SA,BR,BR-SE,Estância,False,SNOD,,,,,
14041,7AK3,small_airport,Gaede Airport,60.476933,-151.17136,115.0,,US,US-AK,Soldotna,False,7AK3,,7AK3,,,
15069,8NC7,small_airport,Parker Field,34.93640137,-77.27670288,40.0,,US,US-NC,Maysville,False,8NC7,,8NC7,,,
42644,KE-0001,small_airport,Mfangano Airport,-0.4665,34.063998,3750.0,AF,KE,KE-600,Mfangano Island,False,HKZF,,,,,
325077,US-0680,small_airport,Wheeler Landing Strip,35.301502,-98.588785,1442.0,,US,US-OK,Eakly,False,,,,,,
338954,MX-1479,small_airport,Cuitaca Airstrip,30.99278,-110.48913,,,MX,MX-SON,Caborca,False,,,,,,
45268,AA04,heliport,Viking Heliport,61.224775,-149.839094,72.0,,US,US-AK,Anchorage,False,AA04,,AA04,,,
309333,YXTT,heliport,Tumut Hospital Helipad,-35.308,148.2191,1052.0,OC,AU,AU-NSW,Tumut,False,YXTT,,YXTT,,,
320724,CA-0662,closed,Tsayta Lake Water Aerodrome,55.450345,-125.457764,2887.0,,CA,CA-BC,Tsayta Lake,False,,,AK9,,,
327190,LV-0041,small_airport,Slampe Airfield,56.846598,23.267005,,EU,LV,LV-099,Slampe,False,,,,,,
44815,NZSO,seaplane_base,Marlborough Sounds Water Aerodrome,-41.00889969,174.0890045,,OC,NZ,NZ-MBH,Malborough Sounds,False,NZSO,,,,,
325486,US-0718,small_airport,Brown Airstrip,34.684141,-97.866694,1330.0,,US,US-OK,Marlow,False,OK81,,OK81,,,
22851,ND20,small_airport,Gensrich Airport,47.70420074,-97.35009766,1021.0,,US,US-ND,Hatton,False,ND20,,ND20,,,
20723,KOFP,small_airport,Hanover County Municipal Airport,37.709,-77.436699,207.0,,US,US-VA,Hanover,False,KOFP,,OFP,,https://en.wikipedia.org/wiki/Hanover_County_Municipal_Airport,
351162,IT-0613,small_airport,Altiporto Casera Razzo,46.47673,12.61495,,EU,IT,IT-34,Vigo di Cadore (BL),False,,,,,,
31053,FAMZ,small_airport,Msauli Airport,-26.04999924,31.0170002,2548.0,AF,ZA,ZA-MP,Msauli,False,FAMZ,,,,,
4806,MRLB,large_airport,Guanacaste Airport,10.5933,-85.544403,270.0,,CR,CR-G,Liberia,True,MRLB,LIR,,,https://en.wikipedia.org/wiki/Daniel_Oduber_Quir%C3%B3s_International_Airport,"Daniel Oduber Quiros International, Liberia International"
45408,IN02,seaplane_base,Hamilton Lake Seaplane Base,41.552222,-84.917222,900.0,,US,US-IN,Hamilton,False,01F,,01F,,,IN02
313553,AYOS,small_airport,Kosimbi Airstrip,-3.9522,143.1767,149.0,OC,PG,PG-ESW,Kosimbi Mission,False,AYOS,,,,,Kosimbe
17553,GA80,small_airport,Whispering Pines Airport,33.78229904,-83.98880005,940.0,,US,US-GA,Conyers,False,GA80,,GA80,,,
13875,75U,seaplane_base,Harry S Truman Dam & Reservoir Seaplane Base,38.21670151,-93.41690063,706.0,,US,US-MO,Warsaw,False,75U,,75U,,,
43170,PL-0049,small_airport,Łagowo Airstrip,51.966667,16.983334,295.0,EU,PL,PL-WP,Dolsk,False,,,,,,
1243,CKV3,heliport,Dryden Best Western Heliport,49.78329849,-92.83329773,1200.0,,CA,CA-ON,Dryden,False,CKV3,,CKV3,,,KV3
13004,65OK,heliport,Lakemont Shores Heliport,36.46670151,-94.90019989,850.0,,US,US-OK,Disney,False,65OK,,65OK,,,
23791,OK50,closed,Traynor Ranch Airport,36.330282,-97.882773,1220.0,,US,US-OK,Waukomis,False,,,,,,OK50
7246,0IS6,heliport,Dongola Heliport,37.36560059,-89.16359711,383.0,,US,US-IL,Dongola,False,0IS6,,0IS6,,,
32251,OPSB,small_airport,Sibi Airport,29.57119942,67.84790039,436.0,AS,PK,PK-BA,Sibi,False,OPSB,SBQ,,,,
352100,AE-0177,heliport,Sheikh Khalifa Central Hospital Heliport,25.14824,56.35365,,AS,AE,AE-FU,Fujairah,False,,,,,,
46560,IN-0037,heliport,Namchi Helipad,27.156733,88.322067,,AS,IN,IN-SK,Nayabazar,False,,,,,,Assangthang Helipad
4650,03N,small_airport,Utirik Airport,11.222,169.852005,4.0,OC,MH,MH-UTI,Utirik Island,True,K03N,UTK,03N,,https://en.wikipedia.org/wiki/Utirik_Airport,
314044,FVMH,small_airport,Mahenye Airport,-21.231,32.3336,930.0,AF,ZW,ZW-MA,Gonarezhou National Park,False,FVMH,MJW,,,,
348653,MX-1674,small_airport,El Ranchito Airport,25.07004,-100.63248,6194.0,,MX,MX-NLE,Galeana,False,,,ERG,,,
334341,70XA,small_airport,Looney Airstrip,33.392714,-94.441422,315.0,,US,US-TX,New Boston,False,70XA,,70XA,,,
316644,CZ-0079,small_airport,Říčany,49.9744444,14.6491667,,EU,CZ,CZ-ST,,False,,,,,,
324140,BR-0278,small_airport,Cotegipe Airstrip,-12.042221,-44.260973,,SA,BR,BR-BA,Cotegipe,False,,,,,,
11323,4AK2,small_airport,St John Homestead Airport,61.55799866,-149.423996,250.0,,US,US-AK,Wasilla,False,4AK2,,4AK2,,,
338809,US-2470,small_airport,Rick's Strip,35.62674,-118.26595,2949.0,,US,US-CA,Weldon,False,,,,,,
317958,RK06,closed,Camp Edwards (H 230) Heliport,37.779725,126.785276,110.0,AS,KR,KR-41,Camp Edwards,False,RK06,,RK06,,https://en.wikipedia.org/wiki/Camp_Edwards_(South_Korea),
341461,JP-1542,heliport,Second Members' Office Building of the House of Representatives Helipad,35.6754,139.74215,,AS,JP,JP-13,"Chiyoda, Tokyo",False,,,,,,
301058,IN-0075,heliport,Itanagar (Naharlagun),27.111675,93.69610556,,AS,IN,IN-AR,,False,,,,,,
336558,BR-1137,small_airport,Fazenda São Geraldo Airport,-8.31469,-48.976937,640.0,SA,BR,BR-TO,Couto Magalhães,False,SJGW,,TO0078,,,
39935,CA-0289,closed,Ponteix Airport,49.73333359,-107.4833298,,,CA,CA-SK,,False,,,,,,
35782,SDWD,small_airport,Fazenda Califórnia Airport,-20.43013,-48.602303,1856.0,SA,BR,BR-SP,Barretos,False,,,,,,SDWD
18745,K3U7,small_airport,Benchmark Airport,47.480951,-112.870907,5434.0,,US,US-MT,Augusta,False,,,3U7,,,
342104,ZHIT,closed,Yukonia Airstrip,60.673158,-125.266799,1886.0,,CA,CA-YT,(Old) Yukonia,False,ZHIT,ZKT,YK98,,,
354609,US-6825,small_airport,Silverhorn Ranch Airport,27.929578,-98.533769,691.0,,US,US-TX,Freer,False,19TS,,19TS,,,
36652,SJKK,closed,Coca-Cola Heliport,-18.896666,-48.242222,3084.0,SA,BR,BR-MG,Uberlândia,False,,,,,,SJKK
19148,K8V2,small_airport,Stuart Atkinson Municipal Airport,42.5625,-99.03790283,2130.0,,US,US-NE,Atkinson,False,K8V2,,8V2,,,
16342,AR53,heliport,Five Rivers Medical Center Heliport,36.289249,-90.996319,433.0,,US,US-AR,Pocahontas,False,AR53,,AR53,,,Randolph County Medical Center Heliport
309996,DE-0096,small_airport,Am Salzgittersee Airfield,52.1702,10.31573,260.0,EU,DE,DE-NI,Salzgitter,False,,,,http://www.sg-aero.de/,,
321999,SK-0042,small_airport,Volica Airstrip,49.1637807,21.9129184,,EU,SK,SK-PV,,False,,,,,,
32572,SKGZ,small_airport,La Jagua Airport,2.1464,-75.6944,2620.0,SA,CO,CO-HUI,Garzón,True,SKGZ,,GLJ,,,Garzón
325690,US-0760,seaplane_base,Moon Landing Seaplane Base,28.376722,-81.178136,61.0,,US,US-FL,Orlando,False,FD21,,FD21,,,
348006,US-5251,heliport,White Bark Helipad at Kaiser Pass,37.29333,-119.08992,9554.0,,US,US-CA,Lakeshore,False,,,,,,
2021,CZGR,medium_airport,Little Grand Rapids Airport,52.04560089,-95.46579742,1005.0,,CA,CA-MB,Little Grand Rapids,False,CZGR,ZGR,,,https://en.wikipedia.org/wiki/Little_Grand_Rapids_Airport,
346002,US-4654,closed,Artesia Airport,32.67965,-109.71761,3375.0,,US,US-AZ,Safford,False,,,,,,
335111,BR-0777,small_airport,Fazenda Cachoeirinha Airport,-17.2325,-51.650278,3258.0,SA,BR,BR-GO,Caiapôni,False,SWXG,,GO0188,,,
314924,SSV,closed,Siasi Airport,5.566779,120.841627,170.0,AS,PH,PH-SLU,Siasi,False,,SSV,,,,
25371,US-VA38,heliport,LZ Alfa Heliport,36.790333,-75.96621,10.0,,US,US-VA,Virginia Beach,False,,,VA38,,,
21543,LA76,small_airport,Spillers Club Airport,30.22940063,-91.90840149,16.0,,US,US-LA,Breaux Bridge,False,LA76,,LA76,,,
351804,AU-0315,small_airport,North Talwood Airfield,-28.494205,149.45643,,OC,AU,AU-NSW,North Talwood,False,,,,,,
14255,7MS1,small_airport,Eagle Crest Estates Airport,32.60689926,-89.98329926,280.0,,US,US-MS,Canton,False,7MS1,,7MS1,,,
325243,MX-0593,small_airport,El Gallito Airstrip,26.89451,-111.955771,23.0,,MX,MX-BCS,Mulegé,False,,,GLL,,https://en.wikipedia.org/wiki/El_Gallito_Airstrip,MX76
32210,MRCR,small_airport,Playa Samara/Carrillo Airport,9.870510101,-85.48139954,50.0,,CR,CR-G,Carrillo,True,MRCR,PLD,,,https://en.wikipedia.org/wiki/Carrillo_Airport,RIK
15747,9IN2,small_airport,New Liberty Field,38.55830002,-85.86530304,810.0,,US,US-IN,New Liberty,False,9IN2,,9IN2,,,
308538,CA-0522,heliport,Calgary (Aerial Recon) Heliport,50.868,-114.138,3820.0,,CA,CA-AB,,False,CAR3,,,,,
44878,NO-0014,small_airport,Meråker Airfield Øian,63.37083435,11.8125,1010.0,EU,NO,NO-50,Meråker,False,,,,,,
354052,FR-0498,heliport,La Fullie,45.63665,6.13621,4573.0,EU,FR,FR-ARA,ECOLE,False,,,,,,
335724,BR-1010,small_airport,Fazenda Topázio Imperial Airport,-14.967627,-43.315187,1598.0,SA,BR,BR-MG,Gameleiras,False,SISU,,MG0108,,,
41247,FALQ,small_airport,El Mirador Airport,-28.98611069,29.47972298,3897.0,AF,ZA,ZA-NL,Ardmore,False,FALQ,,,,,
71,AYWK,medium_airport,Wewak International Airport,-3.583830118,143.6690063,19.0,OC,PG,PG-ESW,Wewak,True,AYWK,WWK,,,https://en.wikipedia.org/wiki/Wewak_International_Airport,
41464,WIMT,small_airport,Tebing Tinggi Airport,3.366667032,99.1166687,69.0,AS,ID,ID-SU,Tabbing Tinggi-Sumatra Island,False,WIMT,,,,,
348868,LT-0029,small_airport,Dievogala Airstrip,54.85452,23.74284,,EU,LT,LT-KU,,False,,,,,,
349188,MX-1800,small_airport,Rancho El Huarache Airport,25.244812,-99.774474,1204.0,,MX,MX-NLE,Montemorelos,False,,,REH,,,
38025,SWPN,small_airport,Paranã Airport,-12.627595,-47.847759,886.0,SA,BR,BR-TO,Paranã,False,,,,,,SWPN
1685,CYCB,medium_airport,Cambridge Bay Airport,69.10810089,-105.1380005,90.0,,CA,CA-NU,Cambridge Bay,True,CYCB,YCB,,,https://en.wikipedia.org/wiki/Cambridge_Bay_Airport,
16950,CO97,small_airport,Comanche Springs Ranch Airport,39.72079849,-104.322998,5435.0,,US,US-CO,Strasburg,False,CO97,,CO97,,,
341438,JP-1528,heliport,Central Government Building 8 Heliport,35.67262,139.74545,,AS,JP,JP-13,"Chiyoda, Tokyo",False,,,,,,
12476,5MA8,seaplane_base,South Pond Seaplane Base,42.00870132,-72.76260376,225.0,,US,US-MA,Southwick,False,5MA8,,5MA8,,,
338453,JP-0773,heliport,Goodo Heliport,33.74731,133.91042,,AS,JP,JP-39,Kami,False,,,,,,
21863,MD17,closed,Tinsley Airstrip,39.516803,-76.733002,400.0,,US,US-MD,Butler,False,,,,,,MD17
11444,4IA5,heliport,Iowa Speciality Hospital Heliport,42.721132,-93.734436,1162.0,,US,US-IA,Clarion,False,4IA5,,4IA5,,,Community Memorial Hospital Heliport
356354,MA-0004,small_airport,Tata Airport,29.557381,-8.007671,,AF,MA,MA-AGD,Tata,False,,,,,,
320351,CRK2,small_airport,Millet/Creekview Airport,53.0778,-113.506601,2535.0,,CA,CA-AB,Millet,False,CRK2,,CRK2,,https://en.wikipedia.org/wiki/Millet/Creekview_Aerodrome,
2620,EPML,small_airport,Mielec Airport,50.3223,21.462099,548.0,EU,PL,PL-PK,,False,EPML,,,https://www.lotniskomielec.pl/,,
19104,K84R,small_airport,Smithville Crawford Municipal Airport,30.028157,-97.167028,323.0,,US,US-TX,Smithville,False,K84R,,84R,,,
334411,JP-0089,heliport,Nara Prefectural Heliport,34.65621,135.88461,1470.0,AS,JP,JP-29,Nara,False,,,,,,
334888,US-1464,heliport,12100 Wilshire Helipad,34.04355,-118.46761,,,US,US-CA,Los Angeles,False,,,,,,
28921,LFKL,small_airport,Lyon Brindas Airfield,45.7117,4.69778,1040.0,EU,FR,FR-ARA,Brindas,False,LFKL,,,,,
30443,LKSR,small_airport,Strunkovice Airport,49.08250046,14.07579994,1572.0,EU,CZ,CZ-JC,Strunkovice,False,LKSR,,,,,
4261,LGKF,medium_airport,Kefallinia Airport,38.12009811,20.50049973,59.0,EU,GR,GR-23,Kefallinia Island,True,LGKF,EFL,,,https://en.wikipedia.org/wiki/Kefalonia_Island_International_Airport,
347427,US-5062,closed,Love Field,32.17171,-95.4125,398.0,,US,US-TX,Bullard,False,,,,,,
11494,4KS8,small_airport,Bursch Private Airport,39.592874,-101.5927,3650.0,,US,US-KS,Bird City,False,4KS8,,4KS8,,,
6281,SVEZ,medium_airport,Elorza Airport,7.083333015,-69.53333282,295.0,SA,VE,VE-C,,False,SVEZ,EOZ,,,,
35028,UA-8984,small_airport,Lutsk Air Base,50.78868303,25.3482914,640.0,EU,UA,UA-07,Lutsk,False,,,,,https://en.wikipedia.org/wiki/Lutsk_(air_base),
4250,LGAL,medium_airport,Alexandroupoli Democritus Airport,40.8559,25.956301,24.0,EU,GR,GR-A,Alexandroupolis,True,LGAL,AXD,,,https://en.wikipedia.org/wiki/Alexandroupoli_Airport,
320814,EH58,heliport,Brunssum Joint Force Command Heliport,50.9437,6.0052,356.0,EU,NL,NL-LI,Brunssum,False,,,EH58,,,
40116,SVDS,small_airport,Codsa Airport,4.791666985,-61.11999893,2850.0,SA,VE,VE-F,,False,SVDS,,,,,
725,CBU5,heliport,Terrace (Mills Memorial Hospital) Heliport,54.51087097,-128.5976475,250.0,,CA,CA-BC,Terrace,False,CBU5,,CBU5,,,BU5
36659,SJKR,small_airport,Pista KRB Airport,-6.080555916,-56.38916779,706.0,SA,BR,BR-PA,Itaituba,False,SJKR,,,,,
339226,JP-0963,heliport,Seiwataki IC / Mie Prefectural Police Helipad,34.46142,136.5097,,AS,JP,JP-24,Taki,False,,,,,,
342761,CA-0742,heliport,Hartley Bay Heliport,53.4253,-129.25036,,,CA,CA-BC,Hartley Bay,False,,,,,,
340228,SO-0012,closed,Ceeldheer Airport,3.84182,47.16841,,AF,SO,SO-GA,Ceeldheer,False,,,,,,El Dher
44781,TR-0017,small_airport,Bingöl Çeltiksuyu Airport,38.85926056,40.59596252,3506.0,AS,TR,TR-12,Bingöl,True,LTCU,BGG,,,https://en.wikipedia.org/wiki/Bing%C3%B6l_Airport,
19159,K93F,small_airport,Mignon Laird Municipal Airport,35.60749817,-99.70469666,2084.0,,US,US-OK,Cheyenne,False,K93F,,93F,,,
325099,US-0683,heliport,Montgomery Crew Headquarters Heliport,32.409235,-86.256073,186.0,,US,US-AL,Montgomery,False,1AL3,,1AL3,,,
29952,LKHD,small_airport,Hodkovice Nad Mohelkou Airport,50.65719986,15.0777998,1480.0,EU,CZ,CZ-LI,Hodkovice Nad Mohelkou,False,LKHD,,,,,
29956,LKHO,closed,Holešov Airport,49.3143997,17.5688992,761.0,EU,CZ,CZ-ZL,Holešov,False,LKHO,GTW,,,https://en.wikipedia.org/wiki/Hole%C5%A1ov_Airport,
346887,US-4961,small_airport,EZ Ranch Airport,34.33222,-112.06965,3638.0,,US,US-AZ,Mayer,False,,,,,,
315799,DE-0265,heliport,Autobahn Police Heliport,47.7689,9.8921,2145.0,EU,DE,DE-BW,Kißlegg,False,,,,,,
323564,RKSU,heliport,Yeoju Range Heliport,37.436895,127.632886,141.0,AS,KR,KR-41,Utsokgogaet-gil,False,RKSU,,,,,"RKSU, Yeoju Range, Utsokgogaet"
