PROGRAM TYPE,PROGRAM,SITE NAME,BOROUGH / COMMUNITY,AGENCY,Contact Number,Grade Level / Age Group ,Location 1,Postcode,Latitude,Longitude,Community Board,Community Council ,Census Tract,BIN,BBL,NTA
"Reading & Writing,NDA Programs,English Language Program,Family Literacy,Adult Basic Education,ABE/GED", Adult Literacy,"Ridgewood Bushwick Senior Citizens Council, Inc.",Brooklyn,"Ridgewood Bushwick Senior Citizens Council, Inc.",(718) 381-9653,16+,"1474 Gates Avenue
Brooklyn, NEW YORK 11237
(40.697840308647, -73.913832482461)",11237.0,40.697788,-73.913906,4.0,37.0,433.0,3387654.0,3033440016.0,Bushwick North                                                             
"Reading & Writing,NDA Programs,Family Literacy",Family Literacy,Edith and Carl Marks Jewish Community House of Bensonhurst,Brooklyn,Edith and Carl Marks Jewish Community House of Bensonhurst,718-943-6325,A parent 16 Years Old or Older ,"7802 Bay Parkway
Brooklyn, NEW YORK 11214
(40.606424326706, -73.989192742721)",11214.0,40.606369,-73.989235,11.0,44.0,270.0,3162352.0,3062640030.0,Bensonhurst West                                                           
"Reading & Writing,NDA Programs,English Language Program,ESOL,Family Literacy", Adult Literacy,Lutheran Family Health Centers Adult & Family Education,Brooklyn,Lutheran Family Health Centers Adult & Family Education,(718) 630-7150 x 4070,16+,"6025 6th Avenue
Brooklyn, NEW YORK 11220
(40.637992703156, -74.014094988895)",11220.0,40.637961,-74.014149,7.0,38.0,118.0,3143523.0,3057840001.0,Sunset Park East                                                           
"Family Support,NDA Programs",Healthy Families,Tompkins Housing Community Center,Brooklyn,Lafayette Estates,(718) 636-6906,,"736 Park Avenue
Brooklyn, NEW YORK 11206
(40.697955194281, -73.946193609096)",11206.0,40.697972,-73.946128,3.0,36.0,25902.0,3324248.0,3017400001.0,Bedford                                                                    
"NDA Programs,Senior Programs,Older Adult Program",Seniors,Baruch Houses (Senior Building),New York,I S 187 (K187),(646) 201-4288,Seniors,"72 Columbia Street
New York, NEW YORK 10002
(40.717388686578, -73.980017832764)",10002.0,40.717007,-73.980268,3.0,2.0,1002.0,1078043.0,1003230001.0,Lower East Side                                                            
"Reading & Writing,NDA Programs,English Language Program,ESOL,Family Literacy", Adult Literacy,Catholic Charities Neighborhood Services,Astoria,Catholic Charities Neighborhood Services,(718) 726-9790 x 128,16+,"23 40 Astoria Boulevard
Astoria, NEW YORK 11102
(40.771524024514, -73.926435450735)",11102.0,40.771582,-73.92375,1.0,22.0,69.0,4439576.0,4005420008.0,Old Astoria                                                                
"Reading & Writing,NDA Programs,English Language Program,ESOL,Family Literacy", Adult Literacy,Chinese American Planning Council,Brooklyn,Chinese American Planning Council,(212) 941-0041 x 302,16+,"4812 9th Avenue
Brooklyn, NEW YORK 11220
(40.640835402677, -74.000456500483)",11220.0,40.640545,-74.000731,12.0,38.0,108.0,3012824.0,3007780023.0,Sunset Park East                                                           
"After-School Programs,NDA Programs,Youth Educational Support", High-School Aged Youth,The Classic Center,Bronx,Center for the Integration and Advancement of New Americans,(212) 243-9090, High School,"286 156 Street
Bronx, NEW YORK 10451
(40.821871730999, -73.919853400074)",,,,,,,,,
"NDA Programs,Senior Programs,Older Adult Program",Seniors,"Jewish Community Council of Greater Coney Island, Inc",Brooklyn,Manhattan Center for Science and Mathematics,(718) 449-5000,Seniors,"3001 37th Street
Brooklyn, NEW YORK 11224
(40.573273749724, -74.002490640031)",,,,,,,,,
"Immigration Services,Immigrant Support Services",Services - Immigrant Families,"Big Brothers/Big Sisters, Inc. (Activity Site)",Jamaica,"Big Brothers/Big Sisters, Inc.",212.994.7742,14-Nov,"89 56 162nd Street
Jamaica, NEW YORK 11432
(40.71311535449, -73.792820999789)",11432.0,40.705395,-73.798368,12.0,24.0,44601.0,4208872.0,4097600074.0,Jamaica                                                                    
"Reading & Writing,NDA Programs,English Language Program,ESOL,Family Literacy", Adult Literacy,Latin American Integration Center,Jackson Heights,Make the Road New York,(718) 418-7690 x 211,16+,"71 24 Roosevelt Avenue Jackson Heights
NEW YORK 11372
(40.751630739367, -73.883612545283)",11372.0,40.746551,-73.894199,4.0,25.0,265.0,4459321.0,4013030009.0,Elmhurst-Maspeth                                                           
"Immigration Services,Immigrant Support Services",Domestic Violence Program,Shorefront Y                                                                                                                                                                                                                                                   ,Brooklyn,New York Legal Assistance Group (NYLAG),212.613.5000,Adult,"3300 Coney Island Av
Brooklyn, NEW YORK 11235
(40.575793969704, -73.959507450797)",11235.0,40.575607,-73.959463,13.0,48.0,36002.0,3326880.0,3086930001.0,Brighton Beach                                                             
"Immigration Services,Immigrant Support Services",Legal Services - Immigrant Youth,The Door,Manhattan,The Door - A Center of Alternatives,212-941-9090 ext. 3280,20-May,"121 6th Avenue
Manhattan, NEW YORK 10013
(40.723983997391, -74.004649680399)",10013.0,40.723903,-74.00469,2.0,3.0,37.0,1083493.0,1004777501.0,SoHo-TriBeCa-Civic Center-Little Italy                                     
"NDA Programs,Senior Programs,Older Adult Program",Seniors,United Jewish Orgnization of Williamsburg,Brooklyn,BROOKLYN EXCELSIOR CHARTER (K731),(718) 643-9700,Seniors,"32 Penn Street
Brooklyn, NEW YORK 11211
(40.700237529081, -73.961289458704)",11249.0,40.700432,-73.961086,1.0,33.0,537.0,3335305.0,3022160013.0,Williamsburg                                                               
"Family Support,NDA Programs",Healthy Families,Citizens Advice,Bronx,West Farm Technology and Career Center,(718) 293-0727,,"2070 Grand
Bronx, NEW YORK 10457
(40.845798371298, -73.898324186812)",,,,,,,,,
"Reading & Writing,NDA Programs,English Language Program,ESOL,Family Literacy", Adult Literacy,Latin American Integration Center,Woodside,Make the Road New York,(718) 418-7690 x 211,16+,"46 09 Skillman Avenue
Woodside, NEW YORK 11377
(40.745193764481, -73.90484714408)",11104.0,40.746551,-73.91782,2.0,26.0,169.0,,,Hunters Point-Sunnyside-West Maspeth                                       
"NDA Programs,Senior Programs,Older Adult Program",Seniors,Mercy House,Bronx,Tompkins Park Senior Center,(718) 542-0006,Seniors,"4170 Carpenter Avenue
Bronx, NEW YORK 10466
(40.893603864286, -73.860614532487)",10466.0,40.893523,-73.860689,12.0,12.0,420.0,2063271.0,2048340052.0,Williamsbridge-Olinville                                                   
"Family Support,NDA Programs",Healthy Families,"The Friends of Crown Heights Educational Centers, Inc.",Brooklyn,Sauti Yetu Center for African Women,(718) 638-8686,,"36 Ford Street
Brooklyn, NEW YORK 11213
(40.665048954694, -73.929345794578)",11213.0,40.664905,-73.929282,9.0,41.0,355.0,3038317.0,3014200051.0,Crown Heights South                                                        
"Family Support,NDA Programs",Healthy Families,Dunlevy Milbank Center,New York,"Riverstone Senior Life Services, Inc.",(212) 503-6837,,"14 32 West 118th Street
New York, NEW YORK 10026
(40.803058121635, -73.953342776048)",,,,,,,,,
"Family Support,NDA Programs",Healthy Families,I.S. 126 - The Albert Shanker School for the Visual and Performing Arts,Queens,R.A.I.N. Eastchester Senior Center,(718) 784-7447,,"31 51 21 Street
Queens, NEW YORK 11106
(40.761699790013, -73.931663252957)",11106.0,40.766264,-73.930709,1.0,22.0,77.0,4006382.0,4005530001.0,Astoria                                                                    
"After-School Programs,NDA Programs,Youth Educational Support", High-School Aged Youth,School for Democracy and Leadership,Brooklyn,Brooklyn College Arts Lab,(718) 287-2600, High School,"600 Kingston Avenue
Brooklyn, NEW YORK 11226
(40.658420831267, -73.942427946663)",11203.0,40.658893,-73.942458,9.0,40.0,810.0,3107227.0,3048110001.0,Prospect Lefferts Gardens-Wingate                                          
"After-School Programs,NDA Programs,Youth Educational Support", High-School Aged Youth,David Ruggles I.S. 258,Brooklyn,"Haber, Bernard Senior Houses",(718) 453-3330, High School,"141 Macon Street
Brooklyn, NEW YORK 11216
(40.681569834988, -73.945596139676)",11216.0,40.681572,-73.945446,3.0,36.0,269.0,3053075.0,3018450001.0,Bedford                                                                    
"Reading & Writing,NDA Programs,English Language Program,Family Literacy,Adult Basic Education,ABE/GED", Adult Literacy,New Heights Neighborhood Center,New York,Northern Manhattan Improvement Corporation,(212) 822-8300,16+,"216 Ft Washington Avenue
New York, NEW YORK 10032
(40.842343769667, -73.942200758685)",10032.0,40.842571,-73.942097,12.0,10.0,251.0,1063381.0,1021380079.0,Washington Heights South                                                   
"NDA Programs,Senior Programs,Older Adult Program",Seniors,"Homecrest Community Services, Inc.",Brooklyn,The Arab-American Family Support Center,(718) 376-4036,Seniors,"1413 Avenue
Brooklyn, NEW YORK 11229
(40.601233507321, -73.944368541175)",,,,,,,,,
"Reading & Writing,NDA Programs,Family Literacy",Family Literacy,Public School 8 - Luis Belliard School,New York,The Children's Aid Society,212-949-4917,A parent 16 Years Old or Older ,"465 167 Street
New York, NEW YORK 10032
(40.838920516451, -73.936766910909)",,,,,,,,,
"Immigration Services,Immigrant Support Services",Services - Immigrant Families,Center for Integration and Advancement of New Americans (CIANA),Queens,New Immigrant Community Empowerment (NICE),718.545.4040,All Ages,"31 09 Newtown Avenue
Queens, NEW YORK 11102
(40.771524024514, -73.926435450735)",11102.0,40.767493,-73.920661,1.0,22.0,71.0,4536739.0,4006190020.0,Old Astoria                                                                
"After-School Programs,NDA Programs,Adolescent Literacy,Youth Educational Support", Middle School Youth,Castle Hill School (JHS 127),Bronx,SHoP Architects,(212) 652-2812,Middle School,"1560 Purdy Street
Bronx, NEW YORK 10462
(40.838014740567, -73.853519833648)",10462.0,40.837931,-73.853524,9.0,18.0,222.0,2041247.0,2039480055.0,Parkchester                                                                
"After-School Programs,NDA Programs,Adolescent Literacy,Youth Educational Support", Middle School Youth,PSS/WSF GrandParent Family Apartment,Bronx,Manhattan Legal Services,(212) 874-6633,Middle School,"951 Prospect Avenue
Bronx, NEW YORK 10459
(40.822158575217, -73.900615388998)",10459.0,40.822317,-73.900535,3.0,17.0,12901.0,2112796.0,2026780068.0,Longwood                                                                   
"NDA Programs,Senior Programs,Older Adult Program",Seniors,"Council of Jewish Orgainzations of Flatbush, Inc.",Brooklyn,St. Johns University,(718) 377-2900,Seniors,"1550 Coney Island
Brooklyn, NEW YORK 11230
(40.621929510239, -73.965511060187)",,,,,,,,,
"Reading & Writing,NDA Programs,Family Literacy",Family Literacy,Public School 112 - Jose Celso Barbosa School,New York,"Stanley M. Isaacs Neighborhood Center, Inc.",212-360-7625,A parent 16 Years Old or Older ,"535 119 Street
New York, NEW YORK 10035
(40.796415393631, -73.93038366722)",,,,,,,,,
"Immigration Services,Immigrant Support Services",Legal Services - Immigrant Youth,Urban Justice Center at the Ali Forney Center,Manhattan,Urban Justice Center,646-602-5633,20-May,"527 22nd Street
Manhattan, NEW YORK 10011
(40.747399723922, -74.005525621935)",,,,,,,,,
"After-School Programs,NDA Programs,Youth Educational Support", High-School Aged Youth,BRONX LEADERSHIP ACADEMY II HIGH SCHOOL (X527),Bronx,CPC Queens Branch Office,(718) 665-2486, High School,"1100 BOSTON ROAD
Bronx, NEW YORK 10456
(40.827438058055, -73.904676763458)",10456.0,40.827514,-73.904622,3.0,16.0,135.0,2004526.0,2026340001.0,Morrisania-Melrose                                                         
"Family Support,NDA Programs", Housing,"South Brooklyn Legal Services, Inc.",Brooklyn,INTERNATIONAL HIGH SCHOOL AT PROSPECT HEIGHTS (K524),(718) 237-5500,Adults,"105 Court Street
Brooklyn, NEW YORK 11201
(40.690833583027, -73.991778268891)",11201.0,40.690793,-73.991825,2.0,33.0,9.0,3002702.0,3002710023.0,Brooklyn Heights-Cobble Hill                                               
"After-School Programs,NDA Programs,Youth Educational Support", High-School Aged Youth,CPC Queens Branch Office,Queens,"Brooklyn Housing & Family Services, Inc.",(212) 941-0920, High School,"136 18 39th Ave
Queens, NEW YORK 11354
(40.768620220647, -73.827190280707)",11354.0,40.76033,-73.829831,7.0,20.0,871.0,4112492.0,4049800011.0,Flushing                                                                   
"Immigration Services,Immigrant Support Services,NDA Programs",NDA Immigrants,United Communities Centers ,Brooklyn,United Communities Centers,718-649-7979,All Ages,"613 New Lots Ave
Brooklyn, NEW YORK 11207
(40.664726498258, -73.88659110359)",11207.0,40.664728,-73.886561,5.0,42.0,1124.0,3090717.0,3040890025.0,East New York                                                              
"Immigration Services,Immigrant Support Services",Legal Services,"Sanctuary for Families, Inc. (Manhattan) ","Manhattan,Bronx,Queens,Staten Island, Brooklyn","Sanctuary for Families, Inc.",212.349.6009           ext. 264,All Ages,,,,,,,,,,
"After-School Programs,NDA Programs,Youth Educational Support", High-School Aged Youth,PS 173,New York,Brooklyn Housing & Family Services,(212) 923-7766, High School,"306 Fort Washington Avenue
New York, NEW YORK 10033
(40.845617301854, -73.940420101067)",10033.0,40.845469,-73.940468,12.0,10.0,263.0,1063503.0,1021420154.0,Washington Heights South                                                   
"NDA Programs,Senior Programs,Older Adult Program",Seniors,Elmhurst Jackson Heights Senior Center,Queens,The Child Center,(212) 677-4181,Seniors,"75 01
Broadway Queens, NEW YORK 11368
(40.749678220374, -73.853040688577)",11373.0,40.746172,-73.890208,4.0,25.0,267.0,4036730.0,4014860013.0,Elmhurst                                                                   
"Immigration Services,Immigrant Support Services",Domestic Violence Program,"Brooklyn Neighborhood Office, Legal Aid Society ",Brooklyn,The Legal Aid Society,718.422.2765,Adult,"111 Livingston St
Brooklyn, NEW YORK 11201
(40.691096875731, -73.989553220657)",11201.0,40.691144,-73.98981,2.0,33.0,9.0,3002555.0,3002660001.0,Brooklyn Heights-Cobble Hill                                               
"Family Support,NDA Programs",Healthy Families,Brooklyn Housing & Family Services,Brooklyn,Mercy House,(718) 435-7585,,"130 Clarkson Avenue
Brooklyn, NEW YORK 11226
(40.655060832085, -73.955450664977)",11226.0,40.655105,-73.955238,17.0,40.0,822.0,3116227.0,3050650021.0,Prospect Lefferts Gardens-Wingate                                          
"After-School Programs,NDA Programs,Adolescent Literacy,Youth Educational Support", Middle School Youth,I S 187 (K187),Brooklyn,Morrisania Air Rights Housing Development,(718) 236-5266,Middle School,"1171 65 STREET
Brooklyn, NEW YORK 11219
(40.627718796576, -74.004344439195)",11219.0,40.627784,-74.004485,10.0,38.0,212.0,3142008.0,3057450029.0,Dyker Heights                                                              
"After-School Programs,NDA Programs,Adolescent Literacy,Youth Educational Support", Middle School Youth,JHS 259 WILLIAM MCKINLEY (K259),Brooklyn,Elmhurst Jackson Heights Senior Center,(212) 652-2812,Middle School,"7301 FT HAMILTON PARKWAY
Brooklyn, NEW YORK 11228
(40.626732548243, -74.015007520944)",11228.0,40.626694,-74.015098,10.0,43.0,206.0,3148031.0,3059230001.0,Dyker Heights                                                              
"Immigration Services,Immigrant Support Services",Legal Assistance Program,El Centro de Hospitalidad ,Staten Island,"Catholic Charities Community Service, Archdiocese of N Y",718-420-6466 646-772-0096,All Ages,"1546 Castleton Avenue Staten Island
NEW YORK 10302
(40.635892495899, -74.134496077675)",10302.0,40.63586,-74.134431,1.0,49.0,207.0,5024246.0,5010350014.0,Port Richmond                                                              
"After-School Programs,NDA Programs,Youth Educational Support", High-School Aged Youth,Henry Street Settlement's Helen Hall Youth Center,New York,CCCS South Bronx Center,(212) 766-9200, High School,"301 Henry Street
New York, NEW YORK 10002
(40.71399949306, -73.983398773047)",10002.0,40.714054,-73.982797,3.0,1.0,202.0,1003737.0,1002880021.0,Lower East Side                                                            
"Reading & Writing,NDA Programs,English Language Program,ESOL,Family Literacy", Adult Literacy,PS 225 - Eileen E Zaglin School,Brooklyn,"Shorefront YM-YWHA of Brighton-Manhattan Beach, Inc.",(718) 891-0264,16+,"1075 Oceanview Avenue
Brooklyn, NEW YORK 11235
(40.579791094425, -73.956433505479)",11235.0,40.579737,-73.956329,13.0,48.0,61004.0,3245498.0,3087120056.0,Brighton Beach                                                             
"Reading & Writing,NDA Programs,English Language Program,ESOL,Family Literacy", Adult Literacy,Opportunities for a Better Tomorrow,Brooklyn,Opportunities for a Better Tomorrow,(718) 369-0303,16+,"25 Thornton Street
Brooklyn, NEW YORK 11206
(40.700912589288, -73.943900574878)",11206.0,40.701018,-73.943699,1.0,33.0,507.0,3061498.0,3022750021.0,Bedford                                                                    
"Family Support,NDA Programs",Healthy Families,Columbus -Amsterdam Business Improvement District,New York,Shorefront Jewish Community Council,(212) 362-3662,,"991 Amsterdam Avenue
New York, NEW YORK 10024
(40.790834451346, -73.972678825858)",10025.0,40.802079,-73.964501,7.0,7.0,193.0,1056031.0,1018630063.0,Morningside Heights                                                        
"Immigration Services,Immigrant Support Services",Domestic Violence Program,Shorefront YM-YWHA                                                                                                                                                                                                                                                   ,Brooklyn,New York Legal Assistance Group (NYLAG),718-646-1444,All Ages,"3300 Coney Island Av
Brooklyn, NEW YORK 11235
(40.575793969704, -73.959507450797)",11235.0,40.575607,-73.959463,13.0,48.0,36002.0,3326880.0,3086930001.0,Brighton Beach                                                             
"Family Support,NDA Programs",Healthy Families,Future Now at Bronx Community College,Bronx,Neighborhood Association for Inter-Cultural Affairs,(718) 538-3344,,"1075 Grand
Bronx, NEW YORK 10452
(40.837724263364, -73.923332211412)",,,,,,,,,
"Family Support,NDA Programs",Healthy Families,West Farm Technology and Career Center,Bronx,PAUL ROBESON HIGH SCHOOL (K625),(646) 388-8280,,"1071 Tremont Avenue
Bronx, NEW YORK 10460
(40.840122458145, -73.878497599082)",,,,,,,,,
"Immigration Services,Immigrant Support Services",Legal Assistance Program,Chinese Consolidated Benevolent Asociation of New York,Manhattan,Northern Manhattan   Improvement Corporation,212-822-8319,All Ages,"62 Mott St
Manhattan, NEW YORK 10013
(40.716076334714, -73.998158665829)",10013.0,40.716051,-73.998222,3.0,1.0,29.0,1002403.0,1002010004.0,Chinatown                                                                  
"Immigration Services,Immigrant Support Services",Services - Immigrant Families,Harbor Heights Middle School - Children's Arts & Science,Manhattan,"Children's Arts & Science Workshops, Inc.",212-923-7766,All Ages,"549 Audubon Avenue
Manhattan, NEW YORK 10040
(40.856389753647, -73.92672451122)",10040.0,40.855954,-73.927051,12.0,10.0,277.0,1076751.0,1021600018.0,Washington Heights North                                                   
"NDA Programs,Senior Programs,Older Adult Program",Seniors,R.A.I.N. Eastchester Senior Center,Bronx,Mt. Ararat Presentation Senior Center,(718) 829-5520,Seniors,"1236 Burke Avenue
Bronx, NEW YORK 10469
(40.871121642875, -73.851417114687)",10469.0,40.871148,-73.851491,11.0,12.0,348.0,2093500.0,2045810001.0,Allerton-Pelham Gardens                                                    
"NDA Programs,Immigration Services,Immigrant Support Services", Immigrant,Northern Manhattan Improvement Corporation,New York,Vladeck Cares,(212) 822-8300,Adults,"76 Wadsworth Avenue
New York, NEW YORK 10033
(40.847051676059, -73.937044724943)",10033.0,40.847012,-73.93704,12.0,10.0,263.0,1063574.0,1021450051.0,Washington Heights South                                                   
"After-School Programs,NDA Programs,Youth Educational Support", High-School Aged Youth,Youth Opportunity Center,Bronx,Metropolitan Diploma Plus High School (K647),(212) 366-8531, High School,"412 147th Street
Bronx, NEW YORK 10455
(40.814487302565, -73.918175218003)",,,,,,,,,
"Family Support,NDA Programs",Healthy Families,Central Brooklyn Economic Development Corporation,Brooklyn,Northern Manhattan Improvement Corporation,(718) 498-4513,,"444 Thomas
Brooklyn, NEW YORK 11212
(40.662797169953, -73.912984894337)",,,,,,,,,
"NDA Programs,Immigration Services,Immigrant Support Services", Immigrant,Refugee and Immigrant Services,Brooklyn,"Guardians of the Sick, Inc.",(718) 777-6326,Adults,"1416 Ave
M Brooklyn, NEW YORK 11230
(40.617899964727, -73.960775041287)",11230.0,40.617962,-73.960396,14.0,48.0,768.0,3180877.0,3067430006.0,Midwood                                                                    
"After-School Programs,NDA Programs,Adolescent Literacy,Youth Educational Support", Middle School Youth,PS 126 JACOB AUGUST RIIS (M126),New York,Our Lady of Sorrows School,(212) 571-1840,Middle School,"80 CATHERINE STREET
New York, NEW YORK 10038
(40.710854298399, -73.996672170517)",10038.0,40.710729,-73.996631,3.0,1.0,25.0,1083357.0,1001110160.0,Chinatown                                                                  
"After-School Programs,NDA Programs,Youth Educational Support", High-School Aged Youth,High School for Dual Language and Asian Studies,New York,"Brooklyn Housing & Family Services, Inc.",(212) 941-0920, High School,"350 Grand Street
New York, NEW YORK 10012
(40.716852373698, -73.989595029629)",10002.0,40.716778,-73.989337,3.0,1.0,18.0,1005283.0,1004080030.0,Chinatown                                                                  
"Reading & Writing,NDA Programs,English Language Program,ESOL,Family Literacy,Adult Basic Education,ABE/GED", Adult Literacy,CAMBA,Brooklyn,CAMBA,(718) 940-1737 x 424,16+,"885 Flatbush Avenue
Brooklyn, NEW YORK 11226
(40.6503755945, -73.958664777259)",11226.0,40.650229,-73.958658,14.0,40.0,794.0,3117223.0,3051030028.0,Erasmus                                                                    
"Family Support,NDA Programs",Healthy Families,Agnes Y. Humphrey School for Leadership 27 (K027),Brooklyn,West Farm Technology and Career Center,(718) 237-2017,,"27 HUNTINGTON STREET
Brooklyn, NEW YORK 11231
(40.677570464914, -74.005095356805)",11231.0,40.677564,-74.005166,6.0,38.0,59.0,3008342.0,3005250001.0,Carroll Gardens-Columbia Street-Red Hook                                   
"Family Support,NDA Programs", Housing,CCCS South Bronx Center,Bronx,"Council of Jewish Orgainzations of Flatbush, Inc.",(212) 371-1011,Adults,"402 152 Street
Bronx, NEW YORK 10455
(40.818176453158, -73.916732966998)",,,,,,,,,
"After-School Programs,NDA Programs,Adolescent Literacy,Youth Educational Support", Middle School Youth,I.S 286 M,Manhattan,Make the Road New York Staten Island,(347) 417-8180,Middle School,"509 129 Street
Manhattan, NEW YORK 10027
(40.815206697159, -73.955146464979)",,,,,,,,,
"Reading & Writing,NDA Programs,English Language Program,ESOL,Family Literacy", Adult Literacy,CAB Community Center,Bronx,Citizens Advice Bureau,(718) 508-3132,16+,"1130 Grand
Bronx, NEW YORK 10456
(40.831694143639, -73.916041046959)",,,,,,,,,
"After-School Programs,NDA Programs,Youth Educational Support", High-School Aged Youth,Harlem RBI,New York,CAMBA Healthy Families,(212) 722-1608, High School,"1948 First Ave
New York, NEW YORK 10029
(40.786400793064, -73.942371676081)",10029.0,40.786176,-73.942558,11.0,8.0,162.0,1083932.0,1016940007.0,East Harlem South                                                          
"Family Support,NDA Programs",Healthy Families,CAMBA Healthy Families,Brooklyn,Mercy House,(718) 287-2600,,"2103 Kenmore Terrace
Brooklyn, NEW YORK 11226
(40.649206680097, -73.95941921452)",11226.0,40.649181,-73.95962,14.0,40.0,51002.0,3117217.0,3051020143.0,Flatbush                                                                   
"Reading & Writing,NDA Programs,English Language Program,ESOL,Family Literacy,Adult Basic Education,ABE/GED", Adult Literacy,SoBRO,Bronx,SoBRO,(718) 292-3113 x 7611,16+,"555 Bergen Avenue
Bronx, NEW YORK 10455
(40.815944415254, -73.916415911483)",10455.0,40.815959,-73.916354,1.0,17.0,71.0,2097027.0,2022940002.0,Melrose South-Mott Haven North                                             
"Immigration Services,Immigrant Support Services",Legal Assistance Program,The Lower Manhattan Neighborhood Office,Manhattan,The Legal Aid Society,212-577-3292 ,All Ages,"199 Water Street
Manhattan, NEW YORK 10038
(40.70708573646, -74.004631693959)",10038.0,40.70727,-74.004314,1.0,1.0,1502.0,1001162.0,1000747501.0,Battery Park City-Lower Manhattan                                          
"Immigration Services,Immigrant Support Services",Services - Immigrant Families,"Big Brothers/Big Sisters, Inc. (Activity Site)",Bronx,"Big Brothers/Big Sisters, Inc.",212.994.7742,14-Nov,"555 Bergen Avenue
Bronx, NEW YORK 10455
(40.815944415254, -73.916415911483)",10455.0,40.815959,-73.916354,1.0,17.0,71.0,2097027.0,2022940002.0,Melrose South-Mott Haven North                                             
"Reading & Writing,NDA Programs,English Language Program,Family Literacy,Adult Basic Education,ABE/GED", Adult Literacy,The Jewish Community Center of Staten Island,Staten Island,The Jewish Community Center of Staten Island,(718) 508-3881,16+,"1297 Arthur Kill Road Staten Island
NEW YORK 10312
(40.565263465624, -74.184003351052)",10312.0,40.565262,-74.183882,3.0,51.0,228.0,5077603.0,5059000105.0,New Springville-Bloomfield-Travis                                          
"Family Support,NDA Programs",Fatherhood Initiative,"Strive/East Harlem Employment Service, Inc. ",New York ,"East Harlem Employment Services, Inc.",212.360.1100,16 to 24,"240 123rd Street
New York, NEW YORK 10035
(40.801631007365, -73.935035566046)",,,,,,,,,
"Family Support,NDA Programs", Housing,Citizen,Bronx,I.S.117 JOSEPH H WADE (X117),(718) 293-0727,Adults,"632 Southern Boulevard
Bronx, NEW YORK 10455
(40.812893537386, -73.901332703215)",10455.0,40.812991,-73.90108,2.0,8.0,83.0,2004141.0,2026030150.0,Longwood                                                                   
"After-School Programs,NDA Programs,Youth Educational Support", High-School Aged Youth,PAUL ROBESON HIGH SCHOOL (K625),Brooklyn,Marble Hill Community Center,(718) 951-5015, High School,"150 ALBANY AVENUE
Brooklyn, NEW YORK 11213
(40.675468738365, -73.938875268219)",11213.0,40.675612,-73.938843,8.0,36.0,311.0,3030553.0,3012160046.0,Crown Heights North                                                        
"Family Support,NDA Programs", Housing,"Brooklyn Housing & Family Services, Inc.",Brooklyn,Cooper Square Committee,(718) 435-7585,Adults,"1281 Saint Johns Place
Brooklyn, NEW YORK 11213
(40.670863378541, -73.935839824969)",11213.0,40.670848,-73.935649,8.0,35.0,353.0,3036781.0,3013770054.0,Crown Heights North                                                        
"After-School Programs,NDA Programs,Adolescent Literacy,Youth Educational Support", Middle School Youth,St. Dominic School,Bronx,MBD Community Housing Corp,(64) 686-6102,Middle School,"1684 White Plains Road
Bronx, NEW YORK 10462
(40.843529284683, -73.865475170873)",10462.0,40.843523,-73.865496,11.0,13.0,238.0,2097571.0,2040370001.0,Van Nest-Morris Park-Westchester Square                                    
"Family Support,NDA Programs",Fatherhood Initiative,Midtown Community Court,New York ,Fund for the City of New York/Center for Court Innovation,646.264.1329,16 to 24,"314 54 Street
New York, NEW YORK 10019
(40.765190932773, -73.985242311007)",,,,,,,,,
"After-School Programs,NDA Programs,Adolescent Literacy,Youth Educational Support", Middle School Youth,Khalil Gibran International Academy,Brooklyn,Jonas Bronck Housing for Seniors,(718) 643-8000,Middle School,"50 Navy Street
Brooklyn, NEW YORK 11201
(40.697950139744, -73.980574173788)",11201.0,40.697901,-73.98054,2.0,35.0,23.0,3000203.0,3001110001.0,DUMBO-Vinegar Hill-Downtown Brooklyn-Boerum Hill                           
"NDA Programs,Senior Programs,Older Adult Program",Seniors,Aquinas Housing for Seniors,Bronx,United Jewish Orgnization of Williamsburg,(718) 542-0006,Seniors,"975 Tremont Avenue
Bronx, NEW YORK 10460
(40.841075978584, -73.882280122872)",,,,,,,,,
"Family Support,NDA Programs", Housing,"Brooklyn Housing & Family Services, Inc.",Brooklyn,"Council of Jewish Orgainzations of Flatbush, Inc.",(718) 435-7585,Adults,"415 Albemarle Road
Brooklyn, NEW YORK 11218
(40.645480602026, -73.976688033036)",11218.0,40.64551,-73.976296,12.0,39.0,500.0,3124269.0,3053270041.0,Windsor Terrace                                                            
"Family Support,NDA Programs",Healthy Families,Yeled V Yalda Community Center,Brooklyn,Office of Senator Kruger,(718) 686-3700,,"1312 38 Street
Brooklyn, NEW YORK 11218
(40.640984296943, -73.985411572333)",11218.0,40.640868,-73.985194,12.0,39.0,226.0,3123349.0,3052990011.0,Borough Park                                                               
"Family Support,NDA Programs",Healthy Families,SSAW,Queens,Bushwick Campus,(212) 714-9153,,"106 03 Liberty Avenue
Queens, NEW YORK 11417
(40.676363730802, -73.844542755344)",11417.0,40.683091,-73.834938,10.0,28.0,98.0,4201628.0,4095110041.0,South Ozone Park                                                           
"NDA Programs,Senior Programs,Older Adult Program",Seniors,Manhattanville Houses Senior Center,New York,DeWitt,(800) 624-8474,Seniors,"530 133rd Street
New York, NEW YORK 10026
(40.818106900531, -73.954490583741)",,,,,,,,,
"After-School Programs,NDA Programs,Adolescent Literacy,Youth Educational Support", Middle School Youth,SATELLITE EAST MIDDLE SCHOOL (K301),Brooklyn,The River Project,(212) 652-2812,Middle School,"344 MONROE STREET
Brooklyn, NEW YORK 11216
(40.686081384769, -73.944982268293)",11216.0,40.686076,-73.945229,3.0,36.0,265.0,3051458.0,3018190014.0,Bedford                                                                    
"Family Support,NDA Programs",Healthy Families,MIDDLE SCHOOL 322 (M322),New York,BRONX LEADERSHIP ACADEMY II HIGH SCHOOL (X527),(212) 949-4919,,"4600 BROADWAY
New York, NEW YORK 10040
(40.861067654317, -73.930518565524)",10040.0,40.86079,-73.930672,12.0,10.0,285.0,1076756.0,1021720016.0,Washington Heights North                                                   
"Family Support,NDA Programs", Housing,Park Slope Women's Shelter,Brooklyn,"Council of Jewish Organization of Flatbush, Inc.",(718) 287-2600,Adults,"1402 8th Avenue
Brooklyn, NEW YORK 11215
(40.662725395196, -73.981772543316)",11215.0,40.66265,-73.981819,6.0,39.0,149.0,3026581.0,3011020012.0,Park Slope-Gowanus                                                         
"Family Support,NDA Programs",Healthy Families,St. Raymond Community Outreach,Bronx,RBSCC,(718) 824-0353,,"1720 Metropolitan Avenue
Bronx, NEW YORK 10462
(40.840552520607, -73.853865592913)",10462.0,40.840657,-73.85368,9.0,18.0,222.0,2041258.0,2039580010.0,Parkchester                                                                
"Immigration Services,Immigrant Support Services",Legal Assistance Program,St.Cecilia's Community Center ,Manhattan,"Catholic Charities Community Service, Archdiocese of N Y",212-348-0488,All Ages,"125 105th Street
Manhattan, NEW YORK 10029
(40.791904392878, -73.9475075401)",,,,,,,,,
"Immigration Services,Immigrant Support Services",Immigrant/Refugee Assistance,Southside Community Mission,Brooklyn,"Southside Community Mission, Inc.",718.782.8181 or 718.387.6052 ,Adult,"280 Marcy Avenue
Brooklyn, NEW YORK 11211
(40.704994493888, -73.95589166068)",11211.0,40.705055,-73.955919,1.0,33.0,533.0,3060375.0,3022060034.0,Williamsburg                                                               
"Family Support,NDA Programs",Health Stat Initiative,Asian Americans for Equality,Queens,Asian Americans for Equality,718.961.0888,All Ages,"133 04 39th Ave
Queens, NEW YORK 11354
(40.768620220647, -73.827190280707)",11354.0,40.75909,-73.834194,7.0,20.0,871.0,4112274.0,4049730006.0,Flushing                                                                   
"After-School Programs,NDA Programs,Youth Educational Support", High-School Aged Youth,Brooklyn College Arts Lab,Brooklyn,NEW UTRECHT HIGH SCHOOL (K445),(718) 951-5015, High School,"2900 Bedford Avenue
Brooklyn, NEW YORK 11210
(40.631966842283, -73.95273309691)",11210.0,40.631691,-73.952656,14.0,45.0,772.0,3347326.0,3075520100.0,Flatbush                                                                   
"After-School Programs,NDA Programs,Adolescent Literacy,Youth Educational Support", Middle School Youth,Bronx River Art Center,Bronx,Highbridge Community Life Center Family & Community Services,(718) 589-5819,Middle School,"1087 Tremont Avenue
Bronx, NEW YORK 10460
(40.84006972385, -73.877718053393)",,,,,,,,,
"Family Support,NDA Programs", Housing,"Lt. Joseph P. Kennedy, Jr. Memorial Community Center",New York,"Council of Jewish Organization of Flatbush, Inc.",(212) 371-1011,Adults,"34 134 Street
New York, NEW YORK 10037
(40.812765068123, -73.939817555307)",,,,,,,,,
"Immigration Services,Immigrant Support Services",Immigrant/Refugee Assistance,Make the Road New York ,Queens,Make the Road New York,718.565.8500,ESOL/Civics,"49 06 Skillman Avenue
Queens, NEW YORK 11377
(40.745193764481, -73.90484714408)",11377.0,40.74622,-73.915056,2.0,26.0,25301.0,4001161.0,4001340027.0,Hunters Point-Sunnyside-West Maspeth                                       
"Reading & Writing,NDA Programs,English Language Program,ESOL,Family Literacy", Adult Literacy,Our Lady of Perpetual Help,Brooklyn,Lutheran Family Health Centers Adult & Family Education,(718) 630-7150 x 4070,16+,"552 59 Street
Brooklyn, NEW YORK 11220
(40.639335782578, -74.014431406431)",11220.0,40.639366,-74.01442,7.0,38.0,102.0,3337343.0,3008640001.0,Sunset Park East                                                           
"Family Support,NDA Programs",Health Stat Initiative,Northern Manhattan Improvement Corporation,New York,Northern Manhattan Improvement Corporation,212.822.8344,All Ages,"76 Wadsworth Ave
New York, NEW YORK 10033
(40.847051676059, -73.937044724943)",10033.0,40.847012,-73.93704,12.0,10.0,263.0,1063574.0,1021450051.0,Washington Heights South                                                   
"Immigration Services,Immigrant Support Services",Legal Services - Immigrant Youth,Peter Cicchino Youth Project (PCYP),Manhattan,Urban Justice Center,646-602-5633,20-May,"123 William Street
Manhattan, NEW YORK 10038
(40.709091224585, -74.006906978693)",10038.0,40.709112,-74.006889,1.0,1.0,1502.0,1079063.0,1000780004.0,Battery Park City-Lower Manhattan                                          
"NDA Programs,Senior Programs,Older Adult Program",Seniors,Jaime Towers,Bronx,David Ruggles I.S. 258,(718) 542-0006,Seniors,"2050 Seward Avenue
Bronx, NEW YORK 10473
(40.820490158387, -73.853089936926)",10473.0,40.820502,-73.853085,9.0,18.0,74.0,2092668.0,2035670001.0,Soundview-Castle Hill-Clason Point-Harding Park                            
"NDA Programs,Senior Programs,Older Adult Program",Seniors,SEBCO Father Banome Senior Housing,Bronx,Turning Point HDFC (Main Office),(718) 542-0006,Seniors,"1876 Belmont Avenue
Bronx, NEW YORK 10457
(40.844379558484, -73.893210560706)",10457.0,40.844581,-73.893053,6.0,17.0,36901.0,2086691.0,2029460001.0,East Tremont                                                               
"Immigration Services,Immigrant Support Services,NDA Programs",NDA Immigrants,"Goodwill Industries of NY & Northern NJ, Refugee and Immigrant Services (Program Site 2)",Brooklyn,Goodwill Industries of Greater New York,718-339-0939 ,Adult,"1222 Avenue
M Brooklyn, NEW YORK 11230
(40.61772526252, -73.962279929501)",11230.0,40.617702,-73.962525,14.0,48.0,768.0,3180783.0,3067410006.0,Midwood                                                                    
"Family Support,NDA Programs", Housing,"Council of Jewish Orgainzations of Flatbush, Inc.",Brooklyn,MOTT HALL IV (K522),(718) 377-2900,Adults,"1550 Coney Island Avenue
Brooklyn, NEW YORK 11230
(40.619697574375, -73.964314154293)",11230.0,40.619517,-73.964188,12.0,44.0,454.0,3171988.0,3065460011.0,Ocean Parkway South                                                        
"Immigration Services,Immigrant Support Services",Domestic Violence Program,Edith and Carl Marks Jewish Community House of Bensonhurst,Brooklyn,New York Legal Assistance Group (NYLAG),212.613.5000,All Ages,"7802 Bay Parkway
Brooklyn, NEW YORK 11214
(40.606424326706, -73.989192742721)",11214.0,40.606369,-73.989235,11.0,44.0,270.0,3162352.0,3062640030.0,Bensonhurst West                                                           
"Reading & Writing,NDA Programs,English Language Program,Family Literacy,Adult Basic Education,ABE/GED", Adult Literacy,Washington Houses Community Center,Manhattan,Union Settlement Association,(212) 828-6298,16+,"1775 3rd Avenue
Manhattan, NEW YORK 10029
(40.787046638823, -73.947929348156)",10029.0,40.786574,-73.948303,11.0,8.0,15602.0,1079203.0,1016470001.0,East Harlem South                                                          
"After-School Programs,NDA Programs,Youth Educational Support", High-School Aged Youth,Murray Bergtraum HS,New York,BCA Sunset Park Asian Senior Center,(212) 748-1225, High School,"411 Pearl Street
New York, NEW YORK 10001
(40.711348522879, -74.000800582114)",10038.0,40.711442,-74.000851,1.0,1.0,29.0,1001388.0,1001130100.0,Chinatown                                                                  
"Family Support,NDA Programs",Fatherhood Initiative,Project Bridge ,Brooklyn,"Catholic Charities Neighborhood Services, Inc.",718.628.1905,16 to 24,"52 Wilson Avenue
Brooklyn, NEW YORK 11237
(40.702590552559, -73.929089057738)",11237.0,40.702549,-73.928986,4.0,34.0,425.0,3072069.0,3031640026.0,Bushwick South                                                             
"Reading & Writing,NDA Programs,English Language Program,ESOL,Family Literacy", Adult Literacy,IS 126 - Astoria Intermediate School,Astoria,Jacob A Riis Neighborhood Settlement House,(718) 784-7447 x 112,16+,"31 51 21st Street
Astoria, NEW YORK 11106
(40.761699790013, -73.931663252957)",11106.0,40.766264,-73.930709,1.0,22.0,77.0,4006382.0,4005530001.0,Astoria                                                                    
"Immigration Services,Immigrant Support Services",Services - Immigrant Families,"Alianza Dominicana, Inc. (Admin & Activity site)",Bronx,"Alianza Dominicana, Inc.",212.740.1960,18+,"1257 Ogden Avenue
Bronx, NEW YORK 10452
(40.839270545805, -73.925788279798)",10452.0,40.839378,-73.925714,4.0,16.0,201.0,2003519.0,2025290081.0,Highbridge                                                                 
"Reading & Writing,NDA Programs,English Language Program,ESOL,Family Literacy", Adult Literacy,Lutheran Family Health Centers Adult & Family Education,Brooklyn,Lutheran Family Health Centers Adult & Family Education,(718) 630-7150 x 4070,16+,"330 59th Street
Brooklyn, NEW YORK 11220
(40.642201614799, -74.019175801725)",11220.0,40.642121,-74.018997,7.0,38.0,74.0,3016258.0,3008620012.0,Sunset Park West                                                           
"Family Support,NDA Programs",Housing,Agudath Isreal of America Community Services Inc.,Brooklyn,"Shorefront YM-YWHA of Brighton-Manhattan Beach, Inc.",(718) 435-1300,Adults,"4002 18th Avenue
Brooklyn, NEW YORK 11218
(40.632627492956, -73.973257000132)",11218.0,40.632541,-73.973386,14.0,44.0,484.0,3127620.0,3054110030.0,Kensington-Ocean Parkway                                                   
"Family Support,NDA Programs",Healthy Families,Mirabal Sisters Cultural and Community Center Office Space,New York,P.S. 503/506,(646) 459-3002,,"618 142 Street
New York, NEW YORK 10031
(40.825013834162, -73.953037589138)",,,,,,,,,
"Immigration Services,Immigrant Support Services",Legal Assistance Program,Queens Community House,Queens,The Legal Aid Society,212-577-3292 ,All Ages,"108 25 62nd Drive
Queens, NEW YORK 11375
(40.72070726303, -73.846284296083)",11375.0,40.73591,-73.850212,6.0,29.0,745.0,4432108.0,4021590002.0,Forest Hills                                                               
"Reading & Writing,NDA Programs,English Language Program,ESOL,Family Literacy", Adult Literacy,"Jewish Community Council of Greater Coney Island, Inc.",Brooklyn,"Jewish Community Council of Greater Coney Island, Inc.",(718) 449-5000 x 2237,16+,"283 Prospect Avenue
Brooklyn, NEW YORK 11215
(40.663275576211, -73.989051867805)",11215.0,40.663323,-73.989165,7.0,39.0,141.0,3337801.0,3010530073.0,Park Slope-Gowanus                                                         
"Reading & Writing,NDA Programs,Family Literacy",Family Literacy,Public School 89 - Elmhurst School,Queens,The Child Center of NY,718-659-4000,A parent 16 Years Old or Older ,"85 28 Britton Avenue
Queens, NEW YORK 11373
(40.738710402563, -73.878351155182)",11373.0,40.745923,-73.880205,4.0,25.0,271.0,4037370.0,4015140001.0,Elmhurst                                                                   
"After-School Programs,NDA Programs,Youth Educational Support", High-School Aged Youth,YWCA of Queens,Queens,Manhattanville Houses Senior Center,(718) 353-4553, High School,"42 07 Parsons Blvd
Queens, NEW YORK 11355
(40.751299796948, -73.821478547897)",11355.0,40.757857,-73.819077,7.0,20.0,861.0,4583346.0,4053750006.0,East Flushing                                                              
"Family Support,NDA Programs", Housing,Burnside Avenue Office,Bronx,SATELLITE EAST MIDDLE SCHOOL (K301),(718) 293-0727,Adults,"2070 Grand
Bronx, NEW YORK 10457
(40.845798371298, -73.898324186812)",,,,,,,,,
"Family Support,NDA Programs",Healthy Families,"Brooklyn Housing & Family Services, Inc.",Brooklyn,Filomena Gardens,(718) 435-7585,,"415 Albemarle Road
Brooklyn, NEW YORK 11218
(40.645480602026, -73.976688033036)",11218.0,40.64551,-73.976296,12.0,39.0,500.0,3124269.0,3053270041.0,Windsor Terrace                                                            
"After-School Programs,NDA Programs,Youth Educational Support", High-School Aged Youth,The Child Center,Queens,Community Mediation Services,(718) 458-4243, High School,"115 15 Sutphin Blvd
Queens, NEW YORK 11434
(40.676945262114, -73.775306901692)",11434.0,40.68439,-73.79263,12.0,28.0,272.0,4264187.0,4121880001.0,Baisley Park                                                               
"Family Support,NDA Programs",Healthy Families,Citizen,Bronx,OBT Bushwick,(718) 293-0727,,"632 Southern Boulevard
Bronx, NEW YORK 10453
(40.812893537386, -73.901332703215)",10455.0,40.812991,-73.90108,2.0,8.0,83.0,2004141.0,2026030150.0,Longwood                                                                   
"Family Support,NDA Programs",Health Stat Initiative,The Children's Aid Society,New York,The Children's Aid Society,212.503.6820,All Ages,"150 45th St
New York, NEW YORK 10017
(40.752942166734, -73.973641056829)",,,,,,,,,
"NDA Programs,Senior Programs,Older Adult Program",Seniors,International Tower for Seniors,Queens,JHS 142 JOHN PHILIP SOUSA (X142),(800) 624-8474,Seniors,"90 20 170th Street
Queens, NEW YORK 11433
(40.698104881735, -73.787574033914)",11432.0,40.708578,-73.790579,12.0,27.0,460.0,4209721.0,4098020041.0,Jamaica                                                                    
"After-School Programs,NDA Programs,Adolescent Literacy,Youth Educational Support", Middle School Youth,MS 216,Bronx,Mount Hope Community Center,(718) 732-7523,Middle School,"977 Fox Street
Bronx, NEW YORK 10459
(40.822428225918, -73.89392410103)",10459.0,40.822443,-73.893902,2.0,17.0,159.0,2005660.0,2027140004.0,Hunts Point                                                                
"Immigration Services,Immigrant Support Services",Immigrant/Refugee Assistance,Jackson Heights Program,Queens,"Queens Community House, Inc.",718.592.5757 or 718.898.7461,Adult,"74 09 37th Avenue (Jackson Heights
Queens, NEW YORK 11372
(40.751630739367, -73.883612545283)",11372.0,40.748992,-73.891561,3.0,25.0,289.0,4029563.0,4012740035.0,Jackson Heights                                                            
"After-School Programs,NDA Programs,Youth Educational Support", High-School Aged Youth,PERFORMING ARTS AND TECHNOLOGY HIGH SCHOOL (K507),Brooklyn,PS 173,(718) 951-5015, High School,"400 PENNSYLVANIA AVENUE
Brooklyn, NEW YORK 11210
(40.667582496164, -73.894808525848)",11207.0,40.667456,-73.894747,5.0,42.0,1156.0,3084440.0,3037880001.0,East New York (Pennsylvania Ave)                                           
"Family Support,NDA Programs",Healthy Families,"Shorefront YM-YWHA of Brighton-Manhattan Beach, Inc.",Brooklyn,Ridgewood Bushwick Youth Center,(718) 646-1444,,"3300 Coney Island Avenue
Brooklyn, NEW YORK 11235
(40.575793969704, -73.959507450797)",11235.0,40.575607,-73.959463,13.0,48.0,36002.0,3326880.0,3086930001.0,Brighton Beach                                                             
"Family Support,NDA Programs",Fatherhood Initiative,Coalition for Hispanic Family Services ,Brooklyn,Coalition for Hispanic Family Services,718.497.6090,16 to 24,"315 Wyckoff Avenue
Brooklyn, NEW YORK 11237
(40.700089964438, -73.912032912223)",11237.0,40.700045,-73.911981,4.0,37.0,439.0,3076376.0,3033380001.0,Bushwick North                                                             
"Reading & Writing,NDA Programs,English Language Program,ESOL,Family Literacy", Adult Literacy,IS 171 - Abraham Lincoln School,Brooklyn,Cypress Hills Local Development Corporation,(718) 647-2800,16+,"528 Ridgewood Avenue
Brooklyn, NEW YORK 11208
(40.686153081044, -73.869667918389)",11208.0,40.68618,-73.869625,5.0,37.0,1184.0,3092456.0,3041340020.0,Cypress Hills-City Line                                                    
"Immigration Services,Immigrant Support Services",Services - Immigrant Families,"Big Brothers/Big Sisters, Inc. (Activity Site)",Brooklyn,"Big Brothers/Big Sisters, Inc.",212.994.7742,14-Nov,"280 Shepherd Avenue
Brooklyn, NEW YORK 11208
(40.677730884418, -73.881738314856)",11208.0,40.677725,-73.881715,5.0,37.0,1168.0,3327121.0,3039720012.0,East New York                                                              
"Family Support,NDA Programs",Health Stat,Make the Road New York,Brooklyn,Make the Road New York,(718) 418-7690,All Ages,"301 Grove St
Brooklyn, NEW YORK 11237
(40.698428502523, -73.915623474994)",11237.0,40.698448,-73.915629,4.0,37.0,433.0,3075926.0,3033170041.0,Bushwick North                                                             
"Family Support,NDA Programs",Healthy Families,Red Hook Youth Court Internship,Brooklyn,PSS/WSF GrandParent Family Apartment,(718) 237-2017,,"88 Visitation Place
Brooklyn, NEW YORK 11231
(40.679168772792, -74.009929399336)",11231.0,40.678919,-74.009619,6.0,38.0,59.0,3331865.0,3005300013.0,Carroll Gardens-Columbia Street-Red Hook                                   
"After-School Programs,NDA Programs,Adolescent Literacy,Youth Educational Support", Middle School Youth,PS 3 RAUL JULIA MICRO SOCIETY (X003),Bronx,Healthy Families,(718) 732-7523,Middle School,"2100 LAFONTAINE AVENUE
Bronx, NEW YORK 10457
(40.849869176905, -73.892283699962)",10457.0,40.849897,-73.892289,6.0,15.0,37504.0,2099356.0,2030620043.0,East Tremont                                                               
"Family Support,NDA Programs",Health Stat,Make the Road New York,Staten Island,Make the Road New York,(347) 547-5133,All Ages,"479 Port Richmond Ave Staten Island
NEW YORK 10302
(40.630934529097, -74.139014649681)",10302.0,40.630818,-74.139187,1.0,49.0,213.0,5024824.0,5010490005.0,Port Richmond                                                              
"NDA Programs,Senior Programs,Older Adult Program",Seniors,Jonas Bronck Housing for Seniors,Bronx,"The Friends of Crown Heights Educational Centers, Inc.",(718) 542-0006,Seniors,"230 179th Street
Bronx, NEW YORK 10457
(40.850932139823, -73.903961120569)",,,,,,,,,
"Reading & Writing,NDA Programs,English Language Program,Family Literacy,Adult Basic Education,ABE/GED", Adult Literacy,Turning Point Education Center,Brooklyn,"Turning Point (aka Discipleship Outreach Ministries, Inc.)",(718) 360-8171,16+,"5013 7th Avenue
Brooklyn, NEW YORK 11220
(40.642353653563, -74.005963807531)",11220.0,40.642307,-74.006043,7.0,38.0,108.0,3013388.0,3007940004.0,Sunset Park East                                                           
"NDA Programs,Senior Programs,Older Adult Program",Seniors,Baisley Park Houses,Queens,CONSELYEA PREPARATORY SCHOOL (K577),(800) 624-8474,Seniors,"116 45 Guy R Brewer Boulevard
Queens, NEW YORK 11434
(40.676945262114, -73.775306901692)",11434.0,40.685534,-73.783746,12.0,28.0,278.0,4435292.0,4123350044.0,Baisley Park                                                               
"After-School Programs,NDA Programs,Youth Educational Support", High-School Aged Youth,Mount Hope Community Center,Bronx,Dr. White Community Center,(718) 446-3600, High School,"55 175th Street
Bronx, NEW YORK 10453
(40.847312989377, -73.911364754436)",,,,,,,,,
"Reading & Writing,NDA Programs,Family Literacy",Family Literacy,Brooklyn Chinese American Association,Brooklyn,Brooklyn Chinese American Association,718-438-0008,A parent 16 Years Old or Older ,"5010 8th Avenue
Brooklyn, NEW YORK 11220
(40.641053712241, -74.003818581755)",11220.0,40.640998,-74.003848,7.0,38.0,108.0,3013420.0,3007940042.0,Sunset Park East                                                           
"Family Support,NDA Programs", Housing,WHIC,New York,Grand Street Settlement,(212) 781-6722,Adults,"652 187 Street
New York, NEW YORK 10033
(40.853602404382, -73.932345278359)",,,,,,,,,
"Family Support,NDA Programs",Healthy Families,Aids Center of Queens County,Queens,Father David Cassella Plaza,(718) 896-2500,,"1600 Central Avenue
Queens, NEW YORK 11691
(40.605264212936, -73.751891714766)",11691.0,40.605182,-73.751962,14.0,31.0,103202.0,4297967.0,4155370147.0,Far Rockaway-Bayswater                                                     
"Reading & Writing,NDA Programs,English Language Program,ESOL,Family Literacy", Adult Literacy,"Jewish Community Council of Greater Coney Island, Inc.",Brooklyn,"Jewish Community Council of Greater Coney Island, Inc.",(718) 449-5000 x 2237,16+,"4608 13th Avenue
Brooklyn, NEW YORK 11219
(40.636670213094, -73.990459280846)",11219.0,40.636595,-73.990502,12.0,44.0,222.0,3328605.0,3056220038.0,Borough Park                                                               
"Family Support,NDA Programs", Housing,Shorefront Jewish Community Council,Brooklyn,Flatbush Development Corporation,(718) 743-0575,Adults,"3049 Brighton 6th Street
Brooklyn, NEW YORK 11235
(40.578431288323, -73.961743706863)",11235.0,40.578435,-73.961751,13.0,48.0,362.0,3397165.0,3086767501.0,Brighton Beach                                                             
"Reading & Writing,NDA Programs,Family Literacy",Family Literacy,Public School 73 - The Bronx School,Bronx,Highbridge Community Life Center (HCLC),718-681-2222,A parent 16 Years Old or Older ,"1020 Anderson Avenue
Bronx, NEW YORK 10452
(40.832779162508, -73.926733511735)",10452.0,40.832706,-73.926838,4.0,8.0,189.0,2003051.0,2025040082.0,Highbridge                                                                 
"Family Support,NDA Programs",Healthy Families,Edith and Carl Marks Jewish Community House of Bensonhurst,Brooklyn,Phipps Opportunity Center,(718) 331-6800,,"7802 Bay Parkway
Brooklyn, NEW YORK 11214
(40.606424326706, -73.989192742721)",11214.0,40.606369,-73.989235,11.0,44.0,270.0,3162352.0,3062640030.0,Bensonhurst West                                                           
"Family Support,NDA Programs",Health Stat Initiative,"The East New York Learning Center, Inc",Brooklyn,"The East New York Learning Center, Inc",718.756.7200,All Ages,"1958 Fulton� St
Brooklyn, NEW YORK 11233
(40.678130438169, -73.919776475504)",,,,,,,,,
"After-School Programs,NDA Programs,Adolescent Literacy,Youth Educational Support", Middle School Youth,JHS 292 MARGARET S DOUGLAS (K292),Brooklyn,Kingsbridge Heights Community Center,(718) 346-2200,Middle School,"301 VERMONT STREET
Brooklyn, NEW YORK 11207
(40.67232012791, -73.893980855849)",11207.0,40.671987,-73.893896,5.0,42.0,1144.0,3083931.0,3037400001.0,East New York (Pennsylvania Ave)                                           
"After-School Programs,NDA Programs,Adolescent Literacy,Youth Educational Support", Middle School Youth,Our Lady of Sorrows School,Queens,Make the Road New York,(718) 651-8427,Middle School,"35 34 105th Street
Queens, NEW YORK 11368
(40.749678220374, -73.853040688577)",11368.0,40.754876,-73.863206,3.0,21.0,379.0,4437218.0,4017460027.0,North Corona                                                               
"Reading & Writing,NDA Programs,Family Literacy",Family Literacy,Public School 198/77 - Isador & Ida Straus School,New York,"Stanley M. Isaacs Neighborhood Center, Inc.",212-360-7625,A parent 16 Years Old or Older ,"1700 Third Avenue
New York, NEW YORK 10128
(40.785225895113, -73.949348485037)",10128.0,40.784826,-73.949611,8.0,5.0,15801.0,1048492.0,1015240023.0,Upper East Side-Carnegie Hill                                              
"After-School Programs,NDA Programs,Adolescent Literacy,Youth Educational Support", Middle School Youth,BROOKLYN EXCELSIOR CHARTER (K731),Brooklyn,SEBCO St Barnabas Senior Housing,(212) 630-9680,Middle School,"856 QUINCY STREET
Brooklyn, NEW YORK 11221
(40.689895906643, -73.92483415895)",11221.0,40.689842,-73.925506,3.0,41.0,387.0,3044597.0,3016330058.0,Stuyvesant Heights                                                         
"Immigration Services,Immigrant Support Services",Immigrant/Refugee Assistance,Jay Senior Center,Brooklyn,Shorefront Jewish Community Council,718.743.0575,Adult,"2600 Ocean Avenue
Brooklyn, NEW YORK 11229
(40.598089925354, -73.951269838066)",11229.0,40.598158,-73.951186,15.0,48.0,578.0,3199766.0,3073520032.0,Madison                                                                    
"NDA Programs,Immigration Services,Immigrant Support Services", Immigrant,F.E.G.S Brooklyn Resource Center,Brooklyn,JHS 292 MARGARET S DOUGLAS (K292),(212) 366-8531,Adults,"938 Kings Highway
Brooklyn, NEW YORK 11223
(40.607008519866, -73.962821012237)",11223.0,40.607066,-73.962714,15.0,44.0,418.0,3177634.0,3066660112.0,Homecrest                                                                  
"NDA Programs,Senior Programs,Older Adult Program",Seniors,Crown Heights Jewish Community Council,Brooklyn,IS 281 JOSEPH B CAVALLARO (K281),(718) 771-8808,Seniors,"387 Kingston Ave
Brooklyn, NEW YORK 11225
(40.665762628592, -73.942503354999)",11225.0,40.665708,-73.942532,9.0,35.0,333.0,3034315.0,3013000010.0,Crown Heights South                                                        
"Reading & Writing,NDA Programs,English Language Program,Family Literacy,Adult Basic Education,ABE/GED", Adult Literacy,The Jewish Community Center of Staten Island,Staten Island,The Jewish Community Center of Staten Island,(718) 508-3881,16+,"475 Victory Boulevard Staten Island
NEW YORK 10301
(40.630627751644, -74.088519564089)",10301.0,40.630635,-74.088475,1.0,49.0,75.0,5002887.0,5001200112.0,New Brighton-Silver Lake                                                   
"NDA Programs,Immigration Services,Immigrant Support Services", Immigrant,U.C.C. Immigration Program,Brooklyn,Highbridge Community Life Center Adult Education and Training,(718) 649-7979,Adults,"613 New Lots Avenue
Brooklyn, NEW YORK 11207
(40.664726498258, -73.88659110359)",11207.0,40.664728,-73.886561,5.0,42.0,1124.0,3090717.0,3040890025.0,East New York                                                              
"Family Support,NDA Programs", Housing,RBSCC,Brooklyn,Red Hook Youth Court Internship,(718) 366-3800,Adults,"217 Wyckoff Avenue
Brooklyn, NEW YORK 11237
(40.702117657535, -73.915658601416)",11237.0,40.702153,-73.915751,4.0,37.0,443.0,3326375.0,3032910001.0,Bushwick North                                                             
"Family Support,NDA Programs",Healthy Families,Project Hopitality,Staten Island,Ridgewood Bushwick Youth Center,(718) 448-1544,,"514 Bay Street Staten Island
NEW YORK 10304
(40.629455779272, -74.076662437024)",10304.0,40.629461,-74.076643,1.0,49.0,21.0,5013424.0,5005110003.0,Stapleton-Rosebank                                                         
"Family Support,NDA Programs",Healthy Families,"Polonians Organized to Minister to Our Community, Inc.",Queens,ACADEMY FOR COLLEGE PREPARATION AND CAREER EXPLORATION: A CO,(718) 326-9098,,"66 60 Fresh Pond Road
Queens, NEW YORK 11385
(40.701224891615, -73.88334858437)",11385.0,40.707192,-73.897292,5.0,30.0,587.0,4084940.0,4035290077.0,Ridgewood                                                                  
"After-School Programs,NDA Programs,Adolescent Literacy,Youth Educational Support", Middle School Youth,Middle School 136,Brooklyn,Educational Counseling Center,(718) 788-3500,Middle School,"4004 Fourth Avenue
Brooklyn, NEW YORK 11232
(40.652089908533, -74.006885108331)",11232.0,40.651977,-74.006862,7.0,38.0,82.0,3010580.0,3007130020.0,Sunset Park West                                                           
"NDA Programs,Senior Programs,Older Adult Program",Seniors,Highbridge Gardens,Bronx,Children's Aid Society/East Harlem Center,(718) 542-0006,Seniors,"1145 University Avenue
Bronx, NEW YORK 10452
(40.83751165367, -73.927895360689)",10452.0,40.837077,-73.928282,4.0,16.0,193.0,2095219.0,2025270032.0,Highbridge                                                                 
"Reading & Writing,NDA Programs,English Language Program,ESOL,Family Literacy", Adult Literacy,"Mercy Center, Inc.",Bronx,"Mercy Center, Inc.",(718) 993-2789 x 233,16+,"377 145th Street
Bronx, NEW YORK 10454
(40.813855830175, -73.92035529273)",,,,,,,,,
"After-School Programs,NDA Programs,Youth Educational Support", High-School Aged Youth,New Horizons Adullt Education Program,Brooklyn,Citizen,(718) 455-1166, High School,"75 lewis Avenue
Brooklyn, NEW YORK 11206
(40.695007999414, -73.937422302529)",11206.0,40.694962,-73.937422,3.0,36.0,287.0,3379533.0,3015920001.0,Stuyvesant Heights                                                         
"Reading & Writing,NDA Programs,Family Literacy",Family Literacy,Public School 199Q - Maurice Fitzgerald,Queens,"Sunnyside Community Service, Inc.",718-784-6173,A parent 16 Years Old or Older ,"39 20 48th Avenue
Queens, NEW YORK 11104
(40.744893366636, -73.920541345307)",11104.0,40.740088,-73.926214,2.0,26.0,189.0,4002915.0,4002060003.0,Hunters Point-Sunnyside-West Maspeth                                       
"Immigration Services,Immigrant Support Services",Legal Services - Immigrant Youth,Legal Aid - Juvenile Rights Division,Manhattan,The Legal Aid Society,212.577.3328,20-May,"199 Water Street
Manhattan, NEW YORK 10038
(40.70708573646, -74.004631693959)",10038.0,40.70727,-74.004314,1.0,1.0,1502.0,1001162.0,1000747501.0,Battery Park City-Lower Manhattan                                          
"After-School Programs,NDA Programs,Youth Educational Support", High-School Aged Youth,Jacobi Medical Center Nurses Residence/ NIDS Young Adult Center,Bronx,St. John The Baptist School,(718) 231-9800, High School,"1400 Pelham Parkway
Bronx, NEW YORK 10467
(40.877047912132, -73.871532500824)",10461.0,40.857427,-73.847079,11.0,13.0,296.0,2097550.0,2042050001.0,Pelham Parkway                                                             
"NDA Programs,Senior Programs,Older Adult Program",Seniors,Grand Street Settlement,New York,JHS 227 EDWARD B SHALLOW (K227),(646) 201-4288,Seniors,"80 Pitt Street
New York, NEW YORK 10002
(40.718892797837, -73.982159024877)",10002.0,40.718328,-73.98245,3.0,2.0,2201.0,1084357.0,1003380001.0,Lower East Side                                                            
"After-School Programs,NDA Programs,Adolescent Literacy,Youth Educational Support", Middle School Youth,IS 52,New York,Sunset Park Center,(212) 942-0043,Middle School,"650 Academy Street
New York, NEW YORK 10034
(40.865994377311, -73.924838060236)",10034.0,40.866053,-73.924835,12.0,10.0,291.0,1076776.0,1022330020.0,Marble Hill-Inwood                                                         
"NDA Programs,Senior Programs,Older Adult Program",Seniors,BCA Bensonhurst District Office,Brooklyn,HIGH SCHOOL OF COMPUTERS AND TECHNOLOGY (X275),(718) 438-0008,Seniors,"6809 20th Avenue
Brooklyn, NEW YORK 11204
(40.614704025531, -73.987710397179)",11204.0,40.61468,-73.987765,11.0,47.0,258.0,3135071.0,3055790007.0,Bensonhurst West                                                           
"Family Support,NDA Programs",Healthy Families,PS 015 PATRICK F. DALY (K015),Brooklyn,"Polonians Organized to Minister to Our Community, Inc.",(718) 237-2017,,"71 SULLIVAN STREET
Brooklyn, NEW YORK 11231
(40.677587445856, -74.011928709244)",11231.0,40.677343,-74.011558,6.0,38.0,53.0,3008585.0,3005660001.0,Carroll Gardens-Columbia Street-Red Hook                                   
"Family Support,NDA Programs",Fatherhood Initiative,"Claremont Neighborhood Centers, Inc. ",Bronx,"Claremont Neighborhood Centers, Inc.",718.588.1000,16 to 24,"489 169th Street
Bronx, NEW YORK 10456
(40.833009438875, -73.905735217316)",,,,,,,,,
"After-School Programs,NDA Programs,Youth Educational Support", High-School Aged Youth,Grace Dodge Technical High School,Bronx,"Lt. Joseph P. Kennedy, Jr. Memorial Community Center",(212) 575-7681, High School,"2474 Crotona Avenue
Bronx, NEW YORK 10458
(40.855980373909, -73.882553507192)",10458.0,40.855698,-73.882715,6.0,15.0,393.0,2012887.0,2031040007.0,Belmont                                                                    
"Reading & Writing,NDA Programs,English Language Program,ESOL,Family Literacy", Adult Literacy,"Agudath Israel of America Community Services, Inc.",New York,"Agudath Israel of America Community Services, Inc.",(212) 809-5935 x 104,16+,"225 Broadway
New York, NEW YORK 10007
(40.711843149995, -74.008228982076)",10007.0,40.71187,-74.008217,1.0,1.0,21.0,1001241.0,1000880018.0,SoHo-TriBeCa-Civic Center-Little Italy                                     
"Family Support,NDA Programs",Healthy Families,Asian Americans for Equality,Queens,Aquinas Housing for Seniors,(212) 979-8381,,"133 04 39th Ave
Queens, NEW YORK 11354
(40.768620220647, -73.827190280707)",11354.0,40.75909,-73.834194,7.0,20.0,871.0,4112274.0,4049730006.0,Flushing                                                                   
"NDA Programs,Senior Programs,Older Adult Program",Seniors,Sedgwick Houses,Bronx,"The Friends of Crown Heights Educational Centers, Inc.",(718) 542-0006,Seniors,"1553 University Avenue
Bronx, NEW YORK 10453
(40.846198715707, -73.921690422482)",10453.0,40.846111,-73.921662,5.0,16.0,20501.0,2092105.0,2028770001.0,University Heights-Morris Heights                                          
"After-School Programs,NDA Programs,Youth Educational Support", High-School Aged Youth,Voyagees Prepatory High School,Queens,Central Brooklyn Economic Development Corporation,(718) 592-5757, High School,,,,,,,,,,
"Reading & Writing,NDA Programs,Family Literacy",Adolescent Literacy,K 533- School for Democracy and Leadership 600 Kingston Avenue,Brooklyn,CAMBA,718.282.5575,grades 6 to 8,,,,,,,,,,
"NDA Programs,Senior Programs,Older Adult Program",Seniors,Riverdale Senior Services,Bronx,Columbus -Amsterdam Business Improvement District,(718) 884-5900,Seniors,"2600 Netherland Avenue
Bronx, NEW YORK 10463
(40.87884073942, -73.916759477415)",10463.0,40.878744,-73.915679,8.0,11.0,29302.0,2083247.0,2057220475.0,Spuyten Duyvil-Kingsbridge                                                 
"After-School Programs,NDA Programs,Youth Educational Support", High-School Aged Youth,Community Mediation Services,Queens,Brooklyn Housing & Family Services,(718) 523-6868, High School,"89 64 163rd Street
Queens, NEW YORK 11432
(40.71311535449, -73.792820999789)",11432.0,40.70664,-73.798033,12.0,24.0,44601.0,4208888.0,4097610080.0,Jamaica                                                                    
"Family Support,NDA Programs",Healthy Families,"The Friends of Crown Heights Educational Centers, Inc.",Brooklyn,New Horizons Adullt Education Program,(718) 638-8686,,"36 Ford Street
Brooklyn, NEW YORK 11213
(40.665048954694, -73.929345794578)",11213.0,40.664905,-73.929282,9.0,41.0,355.0,3038317.0,3014200051.0,Crown Heights South                                                        
"Family Support,NDA Programs",Fatherhood Initiative,Parkside Houses,Bronx,Friends of Island Academy,718.653.5301,16 to 24,"2910 Bronx Park
Bronx, NEW YORK 10467
(40.868172164653, -73.870440254466)",10467.0,40.856629,-73.875725,27.0,15.0,334.0,,,park-cemetery-etc-Bronx                                                    
"Family Support,NDA Programs",Health Stat,Asian Americans for Equality,Queens,Asian Americans for Equality,(718)961-0888,All Ages,"95 05 Roosevelt Ave
Queens, NEW YORK 11372
(40.751630739367, -73.883612545283)",11372.0,40.748936,-73.871635,3.0,21.0,273.0,4036629.0,4014830055.0,Jackson Heights                                                            
"Family Support,NDA Programs", Housing,Mothers on the Move,Bronx,Grand Street Settlement,(646) 459-3002,Adults,"928 Intervale Ave
Bronx, NEW YORK 10459
(40.820040018263, -73.896665632933)",10459.0,40.820063,-73.896742,2.0,17.0,87.0,2005450.0,2027030001.0,Longwood                                                                   
"Reading & Writing,NDA Programs,Family Literacy",Family Literacy,Public School 115 - Alexander Humboldt School,New York,Northern Manhattan Improvement Corporation,212-453-5397,A parent 16 Years Old or Older ,"586 177th Street
New York, NEW YORK 10033
(40.84641769846, -73.934871284146)",,,,,,,,,
"After-School Programs,NDA Programs,Youth Educational Support", High-School Aged Youth,Rice High School,New York,St. Cecilias R.C. Church,(212) 575-7681, High School,"74 124th
New York, NEW YORK 10027
(40.806667285016, -73.945029378395)",,,,,,,,,
"After-School Programs,NDA Programs,Adolescent Literacy,Youth Educational Support", Middle School Youth,I S 364 GATEWAY (K364),Brooklyn,Make the Road New York,(347) 417-8180,Middle School,"1426 FREEPORT LOOP
Brooklyn, NEW YORK 11239
(40.646450509168, -73.881527639175)",11239.0,40.645806,-73.881671,5.0,42.0,105804.0,3098295.0,3044520040.0,Starrett City                                                              
"Reading & Writing,NDA Programs,English Language Program,ESOL,Family Literacy", Adult Literacy,Brooklyn Chinese-American Association,Brooklyn,Brooklyn Chinese-American Association,(718) 438-0008,16+,"6809 20th Avenue
Brooklyn, NEW YORK 11204
(40.614704025531, -73.987710397179)",11204.0,40.61468,-73.987765,11.0,47.0,258.0,3135071.0,3055790007.0,Bensonhurst West                                                           
"Immigration Services,Immigrant Support Services",Legal Services - Immigrant Youth,Urban Justice Center at the Hetrick Martin Institute ,Manhattan,Urban Justice Center,646.602.5633,20-May,"2 Astor Place
Manhattan, NEW YORK 10003
(40.730049721308, -73.992789944984)",10003.0,40.730038,-73.992632,2.0,2.0,57.0,1080092.0,1005450026.0,West Village                                                               
"Family Support,NDA Programs",Healthy Families,Make the Road New York,Queens,RAIN Boston Secor Senior Center,(347) 243-7249,,"92 10 Roosevelt Avenue
Queens, NEW YORK 11372
(40.751630739367, -73.883612545283)",11372.0,40.748623,-73.874487,4.0,21.0,469.0,4038783.0,4015500020.0,Elmhurst                                                                   
"Family Support,NDA Programs", Housing,AIDS Center of Queens County Jamaica Site,Queens,St. Luke A.M.E Church,(718) 896-2500,Adults,,,,,,,,,,
"Family Support,NDA Programs",Health Stat,The Children's Aid Society,Bronx,The Children's Aid Society,(718) 617-8595,All Ages,"1338 Southern Blvd
Bronx, NEW YORK 10460
(40.832462906937, -73.890705807264)",10459.0,40.831158,-73.891438,3.0,17.0,123.0,2010556.0,2029800025.0,Crotona Park East                                                          
"Family Support,NDA Programs", Housing,Rego Park Center,Queens,PS 015 PATRICK F. DALY (K015),(718) 592-5757,Adults,"93 29 Queens Boulevard
Queens, NEW YORK 11374
(40.726464917022, -73.861480847563)",11374.0,40.73147,-73.866044,6.0,29.0,71702.0,4050408.0,4020770050.0,Rego Park                                                                  
"Family Support,NDA Programs", Housing,"Stryckers Bay Neighborhood Council, Inc.",New York,Refugee and Immigrant Services,(212) 874-7272,Adults,"61 87th Street
New York, NEW YORK 10024
(40.786999491984, -73.971275839892)",,,,,,,,,
"Family Support,NDA Programs",Healthy Families,Grand Street Settlement,New York,Project Hopitality,(646) 201-4288,,"80 Pitt Street
New York, NEW YORK 10002
(40.718892797837, -73.982159024877)",10002.0,40.718328,-73.98245,3.0,2.0,2201.0,1084357.0,1003380001.0,Lower East Side                                                            
"NDA Programs,Senior Programs,Older Adult Program",Seniors,Good Companions Senior center,New York,I.S. 5 - THE WALTER CROWLEY INTERMEDIATE SCHOOL (Q005),(212) 766-9200,Seniors,"334 Madison Street
New York, NEW YORK 10002
(40.713290169435, -73.983016878047)",10002.0,40.713266,-73.983237,3.0,2.0,202.0,1077526.0,1002600001.0,Lower East Side                                                            
"Family Support,NDA Programs",Healthy Families,BCA Main Community Services Center,Brooklyn,Carol Gardens,(718) 438-0008,,"5000 8th Avenue
Brooklyn, NEW YORK 11220
(40.641104606526, -74.003759923935)",11220.0,40.641036,-74.003809,7.0,38.0,108.0,3013418.0,3007940039.0,Sunset Park East                                                           
"Family Support,NDA Programs",Healthy Families,St. John The Baptist School,Brooklyn,I.S 286 M,(718) 722-6023,,"82 Lewis Avenue
Brooklyn, NEW YORK 11206
(40.694701914296, -73.937428414887)",11206.0,40.694679,-73.93739,3.0,36.0,283.0,3043017.0,3015910045.0,Stuyvesant Heights                                                         
"Family Support,NDA Programs",Fatherhood Initiative,Ralph Lincoln Service Center ,Brooklyn,"Ralph Lincoln Service Center, Inc.",718.604.1358,16 to 24,"261 Buffalo Avenue
Brooklyn, NEW YORK 11213
(40.67003864097, -73.92540014432)",11213.0,40.669991,-73.925427,8.0,41.0,359.0,3037201.0,3013870007.0,Crown Heights North                                                        
"Family Support,NDA Programs",Health Stat,The Children's Aid Society,New York,The Children's Aid Society,212-503-6820,All Ages,"150 45th St
New York, NEW YORK 10017
(40.752942166734, -73.973641056829)",,,,,,,,,
"Immigration Services,Immigrant Support Services",Domestic Violence Program,Safe Space - Family Resource Center (Jamaica),Queens,Safe Space,718.785.9062,All Ages,"90 25 161st Street
Queens, NEW YORK 11432
(40.71311535449, -73.792820999789)",11432.0,40.705199,-73.799253,12.0,24.0,44601.0,4442231.0,4097600001.0,Jamaica                                                                    
"NDA Programs,Senior Programs,Older Adult Program",Seniors,Morrisania Air Rights Housing Development,Bronx,MIDDLE SCHOOL 322 (M322),(718) 542-0006,Seniors,"3135 Park Avenue
Bronx, NEW YORK 10451
(40.824128769301, -73.917227588223)",10451.0,40.82415,-73.917164,4.0,16.0,173.0,2100990.0,2024209078.0,East Concourse-Concourse Village                                           
"Reading & Writing,NDA Programs,Family Literacy",Adolescent Literacy,MS 35- Decatur Clearpool School,Brooklyn,Stanton Heiskell Center,212.817.2106,grades 6 to 8,"272 McDonough Street
Brooklyn, NEW YORK 11233
(40.681892092944, -73.935841631993)",11233.0,40.681896,-73.935963,3.0,36.0,273.0,3047054.0,3016740011.0,Stuyvesant Heights                                                         
"Reading & Writing,NDA Programs,English Language Program,ESOL,Family Literacy,Adult Basic Education,ABE/GED", Adult Literacy,Highbridge Community Life Center,Bronx,Highbridge Community Life Center,(718) 681-2222,16+,"1038 Ogden Avenue
Bronx, NEW YORK 10452
(40.833887030557, -73.928809339182)",10452.0,40.833827,-73.928861,4.0,8.0,189.0,2003209.0,2025120015.0,Highbridge                                                                 
"Family Support,NDA Programs", Housing,Manhattan Legal Services,New York,Edith and Carl Marks Jewish Community House of Bensonhurst,(646) 442-3142,Adults,"55 125 Street
New York, NEW YORK 10027
(40.807279203744, -73.944305172233)",,,,,,,,,
"Immigration Services,Immigrant Support Services,NDA Programs",NDA Immigrats,"Goodwill Industries of Greater New York & Northern NJ, Refugee and Immigrant Services (Program Site 1)",Brooklyn,Goodwill Industries of Greater New York,718- 339-0939 ,Adult,"1416 Avenue
M Brooklyn, NEW YORK 11230
(40.617899964727, -73.960775041287)",11230.0,40.617962,-73.960396,14.0,48.0,768.0,3180877.0,3067430006.0,Midwood                                                                    
"After-School Programs,NDA Programs,Adolescent Literacy,Youth Educational Support", Middle School Youth,Red Hook Initiative,Brooklyn,Morrisania Revitalization Corporation,(718) 858-6782,Middle School,"595 Clinton Street
Brooklyn, NEW YORK 11231
(40.675068096986, -74.001585560798)",11231.0,40.675091,-74.001676,6.0,38.0,53.0,3008517.0,3005520005.0,Carroll Gardens-Columbia Street-Red Hook                                   
"Reading & Writing,NDA Programs,English Language Program,ESOL,Family Literacy", Adult Literacy,Queens Community House,Jackson Heights,Queens Community House,(718) 898-7461,16+,"74 09 37 Avenue Jackson Heights
NEW YORK 11372
(40.751630739367, -73.883612545283)",11372.0,40.748992,-73.891561,3.0,25.0,289.0,4029563.0,4012740035.0,Jackson Heights                                                            
"Immigration Services,Immigrant Support Services",Immigrant/Refugee Assistance,Southside Community Mission,Brooklyn,"Southside Community Mission, Inc.",718.782.8181 or 718.387.6052 ,ESOL/Civics,"250 Hooper Street
Brooklyn, NEW YORK 11211
(40.705817851705, -73.955664076834)",11211.0,40.705898,-73.955611,1.0,33.0,529.0,3379706.0,3022070002.0,Williamsburg                                                               
"Reading & Writing,NDA Programs,Family Literacy",Adolescent Literacy,JHS 22- Jordan L Mott School,Bronx,Supportive Childrens Advocacy Network (SCAN),212.683.2522,grades 6 to 8,"270 167th Street
Bronx, NEW YORK 10456
(40.833227654258, -73.914085372255)",,,,,,,,,
