row_id,name,description,page_url,address.postalcode,address.addressregion,address.addresslocality,address.streetaddress,address.addresscountry
0,Trafalgar Castle School,Labour Day,https://www.trafalgarcastle.ca/event/labour-day-2/,L1N 3W9,Ontario,"Whitby,",401 Reynolds Street,Canada
1,Trafalgar Castle School,Parents’ Guild Meeting,https://www.trafalgarcastle.ca/event/parents-guild-meeting-7/,L1N 3W9,Ontario,"Whitby,",401 Reynolds Street,Canada
2,Trafalgar Castle School,» Grab and Shake,https://www.trafalgarcastle.ca/grab-and-shake/,L1N 3W9,Ontario,"Whitby,",401 Reynolds Street,Canada
3,Trafalgar Castle School,Dragon Run/Drenched Dragon Day,https://www.trafalgarcastle.ca/event/dragon-rundrenched-dragon-day/,L1N 3W9,Ontario,"Whitby,",401 Reynolds Street,Canada
4,Trafalgar Castle School,Doors Open,https://www.trafalgarcastle.ca/event/doors-open/,L1N 3W9,Ontario,"Whitby,",401 Reynolds Street,Canada
5,Trafalgar Castle School,» The Things That Surround Us,https://www.trafalgarcastle.ca/the-things-that-surround-us/,L1N 3W9,Ontario,"Whitby,",401 Reynolds Street,Canada
6,Trafalgar Castle School,» 13 Reasons Why ‘NOT’,https://www.trafalgarcastle.ca/13-reasons-why-not/,L1N 3W9,Ontario,"Whitby,",401 Reynolds Street,Canada
7,Trafalgar Castle School,» Register today for Summer Camp,https://www.trafalgarcastle.ca/register-today-for-summer-camp/,L1N 3W9,Ontario,"Whitby,",401 Reynolds Street,Canada
8,Trafalgar Castle School,Summer Camp,https://www.trafalgarcastle.ca/event/summer-camp/,L1N 3W9,Ontario,"Whitby,",401 Reynolds Street,Canada
9,Trafalgar Castle School,» Five Suggestions. One Final Ask.,https://www.trafalgarcastle.ca/five-suggestions-one-final-ask/,L1N 3W9,Ontario,"Whitby,",401 Reynolds Street,Canada
10,Trafalgar Castle School,» We Go High!,https://www.trafalgarcastle.ca/we-go-high/,L1N 3W9,Ontario,"Whitby,",401 Reynolds Street,Canada
11,Trafalgar Castle School,Alum Social in Toronto,https://www.trafalgarcastle.ca/event/alum-social-in-toronto/,L1N 3W9,Ontario,"Whitby,",401 Reynolds Street,Canada
12,Trafalgar Castle School,» Better Yet….,https://www.trafalgarcastle.ca/better-yet/,L1N 3W9,Ontario,"Whitby,",401 Reynolds Street,Canada
13,Trafalgar Castle School,» Search Results »,https://www.trafalgarcastle.ca/?s=,L1N 3W9,Ontario,"Whitby,",401 Reynolds Street,Canada
14,Trafalgar Castle School,» Costa Rica adventures over March Break,https://www.trafalgarcastle.ca/costa-rica-adventures-over-march-break/,L1N 3W9,Ontario,"Whitby,",401 Reynolds Street,Canada
15,Trafalgar Castle School,» 2017 Book List,https://www.trafalgarcastle.ca/mdocs-posts/2017-book-list/,L1N 3W9,Ontario,"Whitby,",401 Reynolds Street,Canada
16,Trafalgar Castle School,» Honour Roll: Perennial Flower or Veritable Weed?,https://www.trafalgarcastle.ca/honour-roll-perennial-flower-or-veritable-weed/,L1N 3W9,Ontario,"Whitby,",401 Reynolds Street,Canada
17,Trafalgar Castle School,» Getting to know Leanne,https://www.trafalgarcastle.ca/getting-to-know-leanne/,L1N 3W9,Ontario,"Whitby,",401 Reynolds Street,Canada
18,Trafalgar Castle School,"» Houston, We Have a Problem",https://www.trafalgarcastle.ca/houston-we-have-a-problem/,L1N 3W9,Ontario,"Whitby,",401 Reynolds Street,Canada
19,Trafalgar Castle School,» Our Curriculum,https://www.trafalgarcastle.ca/academics-program/upper-school/our-curriculum/,L1N 3W9,Ontario,"Whitby,",401 Reynolds Street,Canada
20,Trafalgar Castle School,» Our Team,https://www.trafalgarcastle.ca/discover-us/our-team/,L1N 3W9,Ontario,"Whitby,",401 Reynolds Street,Canada
21,Trafalgar Castle School,» All-Girls’ Advantage,https://www.trafalgarcastle.ca/discover-us/all-girls-advantage/,L1N 3W9,Ontario,"Whitby,",401 Reynolds Street,Canada
22,Trafalgar Castle School,» They’re Making a World of Difference,https://www.trafalgarcastle.ca/theyre-making-a-world-of-difference/,L1N 3W9,Ontario,"Whitby,",401 Reynolds Street,Canada
23,Trafalgar Castle School,» Silent No More.,https://www.trafalgarcastle.ca/silent-no-more/,L1N 3W9,Ontario,"Whitby,",401 Reynolds Street,Canada
24,Trafalgar Castle School,» No Regrets,https://www.trafalgarcastle.ca/no-regrets/,L1N 3W9,Ontario,"Whitby,",401 Reynolds Street,Canada
25,Trafalgar Castle School,» The Season of Giving,https://www.trafalgarcastle.ca/the-season-of-giving/,L1N 3W9,Ontario,"Whitby,",401 Reynolds Street,Canada
26,Trafalgar Castle School,» Alumnae,https://www.trafalgarcastle.ca/discover-us/our-community/alumnae/,L1N 3W9,Ontario,"Whitby,",401 Reynolds Street,Canada
27,Trafalgar Castle School,» Patricia (Kenny) Gouinlock,https://www.trafalgarcastle.ca/testimonials/patricia-kenny-gouinlock/,L1N 3W9,Ontario,"Whitby,",401 Reynolds Street,Canada
28,Trafalgar Castle School,» Accessibility Policy 2016,https://www.trafalgarcastle.ca/mdocs-posts/accessibility-policy-2016/,L1N 3W9,Ontario,"Whitby,",401 Reynolds Street,Canada
29,Trafalgar Castle School,» Dear Graduates of 2018,https://www.trafalgarcastle.ca/dear-graduates-of-2018/,L1N 3W9,Ontario,"Whitby,",401 Reynolds Street,Canada
30,Trafalgar Castle School,» Why We Need Art,https://www.trafalgarcastle.ca/why-we-need-art/,L1N 3W9,Ontario,"Whitby,",401 Reynolds Street,Canada
31,Trafalgar Castle School,Good Friday,https://www.trafalgarcastle.ca/event/good-friday-3/,L1N 3W9,Ontario,"Whitby,",401 Reynolds Street,Canada
32,Trafalgar Castle School,» Art Attack at Station Gallery,https://www.trafalgarcastle.ca/art-attack-at-station-gallery/,L1N 3W9,Ontario,"Whitby,",401 Reynolds Street,Canada
33,Trafalgar Castle School,» Community BBQ,https://www.trafalgarcastle.ca/community-bbq/,L1N 3W9,Ontario,"Whitby,",401 Reynolds Street,Canada
34,Trafalgar Castle School,Board of Directors Meeting,https://www.trafalgarcastle.ca/event/board-of-directors-meeting-3/,L1N 3W9,Ontario,"Whitby,",401 Reynolds Street,Canada
35,Trafalgar Castle School,"» Please, Get Out of the Way",https://www.trafalgarcastle.ca/please-get-out-of-the-way/,L1N 3W9,Ontario,"Whitby,",401 Reynolds Street,Canada
36,Trafalgar Castle School,School closed,https://www.trafalgarcastle.ca/event/school-closed/,L1N 3W9,Ontario,"Whitby,",401 Reynolds Street,Canada
37,Trafalgar Castle School,» Our Safe Arrival Program,https://www.trafalgarcastle.ca/safe-arrival/,L1N 3W9,Ontario,"Whitby,",401 Reynolds Street,Canada
38,Trafalgar Castle School,Family Day Long Weekend,https://www.trafalgarcastle.ca/event/family-day-long-weekend-2/,L1N 3W9,Ontario,"Whitby,",401 Reynolds Street,Canada
39,Trafalgar Castle School,Study Day,https://www.trafalgarcastle.ca/event/study-day/,L1N 3W9,Ontario,"Whitby,",401 Reynolds Street,Canada
40,Trafalgar Castle School,Victoria Day,https://www.trafalgarcastle.ca/event/victoria-day/,L1N 3W9,Ontario,"Whitby,",401 Reynolds Street,Canada
41,Trafalgar Castle School,Parent Teacher Conferences,https://www.trafalgarcastle.ca/event/parent-teacher-conferences-2/,L1N 3W9,Ontario,"Whitby,",401 Reynolds Street,Canada
42,Trafalgar Castle School,Senior School Carol Service and Holiday Dinner,https://www.trafalgarcastle.ca/event/senior-school-carol-service-and-holiday-dinner/,L1N 3W9,Ontario,"Whitby,",401 Reynolds Street,Canada
43,Trafalgar Castle School,» Let’s Keep Talking,https://www.trafalgarcastle.ca/lets-keep-talking/,L1N 3W9,Ontario,"Whitby,",401 Reynolds Street,Canada
44,Trafalgar Castle School,» A Deeper History,https://www.trafalgarcastle.ca/a-deeper-history/,L1N 3W9,Ontario,"Whitby,",401 Reynolds Street,Canada
45,Trafalgar Castle School,Admissions Open House,https://www.trafalgarcastle.ca/event/open-house-2/,L1N 3W9,Ontario,"Whitby,",401 Reynolds Street,Canada
46,Trafalgar Castle School,» What’s happening to our Children?,https://www.trafalgarcastle.ca/whats-happening-to-our-children-2/,L1N 3W9,Ontario,"Whitby,",401 Reynolds Street,Canada
47,Trafalgar Castle School,» Keeping Hope Alive,https://www.trafalgarcastle.ca/keeping-hope-alive/,L1N 3W9,Ontario,"Whitby,",401 Reynolds Street,Canada
48,Trafalgar Castle School,» Test – Training Page,https://www.trafalgarcastle.ca/test-training-page/,L1N 3W9,Ontario,"Whitby,",401 Reynolds Street,Canada
49,Trafalgar Castle School,Doors Open Whitby,https://www.trafalgarcastle.ca/event/doors-open-whitby/,L1N 3W9,Ontario,"Whitby,",401 Reynolds Street,Canada
50,Trafalgar Castle School,» Spirit Week at Trafalgar,https://www.trafalgarcastle.ca/spirit-week-at-trafalgar/,L1N 3W9,Ontario,"Whitby,",401 Reynolds Street,Canada
51,Trafalgar Castle School,» Lower School,https://www.trafalgarcastle.ca/academics-program/lower-school-grade-4-to-8/,L1N 3W9,Ontario,"Whitby,",401 Reynolds Street,Canada
52,Trafalgar Castle School,» Beyond The Classroom,https://www.trafalgarcastle.ca/school-life/beyond-the-classroom/,L1N 3W9,Ontario,"Whitby,",401 Reynolds Street,Canada
53,Trafalgar Castle School,» The Christmas My Mother Cried,https://www.trafalgarcastle.ca/the-christmas-my-mother-cried-how-childhood-misadventure-taught-me-the-gift-of-receiving/,L1N 3W9,Ontario,"Whitby,",401 Reynolds Street,Canada
54,Trafalgar Castle School,"» To Whom Much is Given, Much is Expected",https://www.trafalgarcastle.ca/to-whom-much-is-given-much-is-expected/,L1N 3W9,Ontario,"Whitby,",401 Reynolds Street,Canada
55,Trafalgar Castle School,» Just Kidding!,https://www.trafalgarcastle.ca/just-kidding/,L1N 3W9,Ontario,"Whitby,",401 Reynolds Street,Canada
56,Trafalgar Castle School,» Open House,https://www.trafalgarcastle.ca/open-house/,L1N 3W9,Ontario,"Whitby,",401 Reynolds Street,Canada
57,Trafalgar Castle School,» Upper School,https://www.trafalgarcastle.ca/academics-program/upper-school/,L1N 3W9,Ontario,"Whitby,",401 Reynolds Street,Canada
58,Trafalgar Castle School,» Annual Fund Impact: You Make a Difference,https://www.trafalgarcastle.ca/annual-fund-impact-you-make-a-difference-2/,L1N 3W9,Ontario,"Whitby,",401 Reynolds Street,Canada
59,Trafalgar Castle School,» Trafalgar attends Girls’ School Advantage event,https://www.trafalgarcastle.ca/trafalgar-attends-girls-school-advantage-event/,L1N 3W9,Ontario,"Whitby,",401 Reynolds Street,Canada
60,Trafalgar Castle School,Academic & Co-Curricular Recognition Ceremony,https://www.trafalgarcastle.ca/event/co-curricular-academic-recognition-ceremony/,L1N 3W9,Ontario,"Whitby,",401 Reynolds Street,Canada
61,Trafalgar Castle School,Lower School Year End Showcase,https://www.trafalgarcastle.ca/event/lower-school-year-end-showcase/,L1N 3W9,Ontario,"Whitby,",401 Reynolds Street,Canada
62,Trafalgar Castle School,» Blast Off!,https://www.trafalgarcastle.ca/blast-off/,L1N 3W9,Ontario,"Whitby,",401 Reynolds Street,Canada
63,Trafalgar Castle School,» Ways To Give,https://www.trafalgarcastle.ca/support/ways-to-give/,L1N 3W9,Ontario,"Whitby,",401 Reynolds Street,Canada
64,Trafalgar Castle School,» Summer Day Camp Registration Now Open,https://www.trafalgarcastle.ca/co-ed-summer-day-camp-registration-open/,L1N 3W9,Ontario,"Whitby,",401 Reynolds Street,Canada
65,Trafalgar Castle School,» Three Questions to Ask,https://www.trafalgarcastle.ca/three-questions-to-ask/,L1N 3W9,Ontario,"Whitby,",401 Reynolds Street,Canada
66,Trafalgar Castle School,» Support Through The Middle Years,https://www.trafalgarcastle.ca/academics-program/lower-school-grade-4-to-8/support-through-the-middle-years/,L1N 3W9,Ontario,"Whitby,",401 Reynolds Street,Canada
67,Trafalgar Castle School,Honour Society Dinner,https://www.trafalgarcastle.ca/event/honour-society-dinner/,L1N 3W9,Ontario,"Whitby,",401 Reynolds Street,Canada
68,Trafalgar Castle School,» Should We Reward Giving?,https://www.trafalgarcastle.ca/should-we-reward-giving/,L1N 3W9,Ontario,"Whitby,",401 Reynolds Street,Canada
69,Trafalgar Castle School,» Ontario Educational Leadership Centre Criteria,https://www.trafalgarcastle.ca/mdocs-posts/ontario-educational-leadership-centre-criteria/,L1N 3W9,Ontario,"Whitby,",401 Reynolds Street,Canada
70,Trafalgar Castle School,Parents’ Guild Reception,https://www.trafalgarcastle.ca/event/parents-guild-reception/,L1N 3W9,Ontario,"Whitby,",401 Reynolds Street,Canada
71,Trafalgar Castle School,» Co-Curricular Commitment Requirements,https://www.trafalgarcastle.ca/mdocs-posts/co-curricular-commitment-requirements/,L1N 3W9,Ontario,"Whitby,",401 Reynolds Street,Canada
72,Trafalgar Castle School,Tickets for Breakfast with Santa – on sale,https://www.trafalgarcastle.ca/event/tickets-for-breakfast-with-santa-on-sale/,L1N 3W9,Ontario,"Whitby,",401 Reynolds Street,Canada
73,Trafalgar Castle School,Board of Director’s Annual General Meeting,https://www.trafalgarcastle.ca/event/annual-general-meeting/,L1N 3W9,Ontario,"Whitby,",401 Reynolds Street,Canada
74,Trafalgar Castle School,Open House,https://www.trafalgarcastle.ca/event/open-house/,L1N 3W9,Ontario,"Whitby,",401 Reynolds Street,Canada
75,Trafalgar Castle School,Breakfast with Santa tickets on sale,https://www.trafalgarcastle.ca/event/tickets-on-sale-for-breakfast-with-santa/,L1N 3W9,Ontario,"Whitby,",401 Reynolds Street,Canada
76,Trafalgar Castle School,Middle School Carol Service and Holiday Dinner,https://www.trafalgarcastle.ca/event/middle-school-carol-service-and-holiday-dinner/,L1N 3W9,Ontario,"Whitby,",401 Reynolds Street,Canada
77,Trafalgar Castle School,Dr. Stanley Kutcher – Adolescent Mental Health Symposium,https://www.trafalgarcastle.ca/event/dr-stanley-kutcher-adolescent-mental-health-symposium/,L1N 3W9,Ontario,"Whitby,",401 Reynolds Street,Canada
78,Trafalgar Castle School,» Meet our 2020-2021 Prefects!,https://www.trafalgarcastle.ca/meet-our-2020-2021-prefects/,L1N 3W9,Ontario,"Whitby,",401 Reynolds Street,Canada
79,Trafalgar Castle School,» Day Admissions,https://www.trafalgarcastle.ca/admissions/day-students/,L1N 3W9,Ontario,"Whitby,",401 Reynolds Street,Canada
80,Trafalgar Castle School,Thanksgiving Long Weekend,https://www.trafalgarcastle.ca/event/thanksgiving-long-weekend/,L1N 3W9,Ontario,"Whitby,",401 Reynolds Street,Canada
81,Trafalgar Castle School,» Traf First Internship: Hannover Re,https://www.trafalgarcastle.ca/traf-first-internship-hannover-re/,L1N 3W9,Ontario,"Whitby,",401 Reynolds Street,Canada
82,Trafalgar Castle School,School Closure,https://www.trafalgarcastle.ca/event/school-closure-2/,L1N 3W9,Ontario,"Whitby,",401 Reynolds Street,Canada
83,Trafalgar Castle School,» How Full is Your Bucket?,https://www.trafalgarcastle.ca/how-full-is-your-bucket/,L1N 3W9,Ontario,"Whitby,",401 Reynolds Street,Canada
84,Trafalgar Castle School,» We Honour Her Spirit,https://www.trafalgarcastle.ca/we-honour-her-spirit/,L1N 3W9,Ontario,"Whitby,",401 Reynolds Street,Canada
85,Trafalgar Castle School,» Return to School Plan,https://www.trafalgarcastle.ca/return-to-school-plan/,L1N 3W9,Ontario,"Whitby,",401 Reynolds Street,Canada
86,Trafalgar Castle School,» Greta Plans to Chill,https://www.trafalgarcastle.ca/greta-plans-to-chill/,L1N 3W9,Ontario,"Whitby,",401 Reynolds Street,Canada
87,Trafalgar Castle School,Modified School Office Hours,https://www.trafalgarcastle.ca/event/modified-school-office-hours-2/,L1N 3W9,Ontario,"Whitby,",401 Reynolds Street,Canada
88,Trafalgar Castle School,» Business Etiquette,https://www.trafalgarcastle.ca/business-etiquette/,L1N 3W9,Ontario,"Whitby,",401 Reynolds Street,Canada
89,Trafalgar Castle School,"» In the Future, There Will Be No More Women Leaders",https://www.trafalgarcastle.ca/in-the-future-there-will-be-no-more-women-leaders/,L1N 3W9,Ontario,"Whitby,",401 Reynolds Street,Canada
90,Trafalgar Castle School,Breakfast with Santa,https://www.trafalgarcastle.ca/event/breakfast-with-santa-2/,L1N 3W9,Ontario,"Whitby,",401 Reynolds Street,Canada
91,Trafalgar Castle School,School Show,https://www.trafalgarcastle.ca/event/school-show-4/,L1N 3W9,Ontario,"Whitby,",401 Reynolds Street,Canada
92,Trafalgar Castle School,» The Math Guru visits Trafalgar,https://www.trafalgarcastle.ca/math-guru-visits-trafalgar/,L1N 3W9,Ontario,"Whitby,",401 Reynolds Street,Canada
93,Trafalgar Castle School,May Court Festival,https://www.trafalgarcastle.ca/event/may-court-festival-2/,L1N 3W9,Ontario,"Whitby,",401 Reynolds Street,Canada
94,Trafalgar Castle School,Senior Dinner,https://www.trafalgarcastle.ca/event/senior-dinner-2/,L1N 3W9,Ontario,"Whitby,",401 Reynolds Street,Canada
95,Trafalgar Castle School,» Small and Mighty,https://www.trafalgarcastle.ca/small-and-mighty/,L1N 3W9,Ontario,"Whitby,",401 Reynolds Street,Canada
96,Trafalgar Castle School,Remembrance Day Assembly,https://www.trafalgarcastle.ca/event/remembrance-day-assembly/,L1N 3W9,Ontario,"Whitby,",401 Reynolds Street,Canada
97,Trafalgar Castle School,New Parent & New Student Reception,https://www.trafalgarcastle.ca/event/new-parent-new-student-reception/,L1N 3W9,Ontario,"Whitby,",401 Reynolds Street,Canada
98,Trafalgar Castle School,» Rowing achievements at Trafalgar,https://www.trafalgarcastle.ca/rowing-achievements-at-trafalgar/,L1N 3W9,Ontario,"Whitby,",401 Reynolds Street,Canada
99,Trafalgar Castle School,Events for March 2020,https://www.trafalgarcastle.ca/events/2020-03/,L1N 3W9,Ontario,"Whitby,",401 Reynolds Street,Canada
100,Trafalgar Castle School,Boxing Day,https://www.trafalgarcastle.ca/event/boxing-day/,L1N 3W9,Ontario,"Whitby,",401 Reynolds Street,Canada
101,Trafalgar Castle School,Curriculum Night,https://www.trafalgarcastle.ca/event/curriculum-night/,L1N 3W9,Ontario,"Whitby,",401 Reynolds Street,Canada
102,Trafalgar Castle School,» University Destinations,https://www.trafalgarcastle.ca/academics-program/upper-school/university-destinations/,L1N 3W9,Ontario,"Whitby,",401 Reynolds Street,Canada
103,Trafalgar Castle School,» Student Athletics,https://www.trafalgarcastle.ca/school-life/beyond-the-classroom/student-athletics/,L1N 3W9,Ontario,"Whitby,",401 Reynolds Street,Canada
104,Trafalgar Castle School,» #CanadaStrong,https://www.trafalgarcastle.ca/canadastrong/,L1N 3W9,Ontario,"Whitby,",401 Reynolds Street,Canada
105,Trafalgar Castle School,» Privacy Policy,https://www.trafalgarcastle.ca/privacy-policy/,L1N 3W9,Ontario,"Whitby,",401 Reynolds Street,Canada
106,Trafalgar Castle School,"» One, Two, Buckle My Shoe",https://www.trafalgarcastle.ca/one-two-buckle-my-shoe-2/,L1N 3W9,Ontario,"Whitby,",401 Reynolds Street,Canada
107,Trafalgar Castle School,Day Student Registration,https://www.trafalgarcastle.ca/event/day-student-registration/,L1N 3W9,Ontario,"Whitby,",401 Reynolds Street,Canada
108,Trafalgar Castle School,Castle Bazaar,https://www.trafalgarcastle.ca/event/castle-bazaar/,L1N 3W9,Ontario,"Whitby,",401 Reynolds Street,Canada
109,Trafalgar Castle School,» Five Things Tennis Taught Me,https://www.trafalgarcastle.ca/five-things-tennis-taught-me/,L1N 3W9,Ontario,"Whitby,",401 Reynolds Street,Canada
110,Trafalgar Castle School,» An Ordinary Life,https://www.trafalgarcastle.ca/an-ordinary-life/,L1N 3W9,Ontario,"Whitby,",401 Reynolds Street,Canada
111,Trafalgar Castle School,» Our Board,https://www.trafalgarcastle.ca/discover-us/our-team-2/,L1N 3W9,Ontario,"Whitby,",401 Reynolds Street,Canada
112,Trafalgar Castle School,Whitby Santa Claus Parade,https://www.trafalgarcastle.ca/event/whitby-santa-claus-parade/,L1N 3W9,Ontario,"Whitby,",401 Reynolds Street,Canada
113,Trafalgar Castle School,» History And Traditions,https://www.trafalgarcastle.ca/discover-us/history-of-trafalgar-castle-school/,L1N 3W9,Ontario,"Whitby,",401 Reynolds Street,Canada
114,Trafalgar Castle School,School Office closes,https://www.trafalgarcastle.ca/event/school-office-closes/,L1N 3W9,Ontario,"Whitby,",401 Reynolds Street,Canada
115,Trafalgar Castle School,» Traf Talks: Nicole Cadwallader,https://www.trafalgarcastle.ca/traf-talks-nicole-cadwallader/,L1N 3W9,Ontario,"Whitby,",401 Reynolds Street,Canada
116,Trafalgar Castle School,» Multi-year Accessibility Plan,https://www.trafalgarcastle.ca/mdocs-posts/multi-year-accessibility-plan/,L1N 3W9,Ontario,"Whitby,",401 Reynolds Street,Canada
117,Trafalgar Castle School,First Day of School (Modified Schedule),https://www.trafalgarcastle.ca/event/first-day-of-school-modified-schedule/,L1N 3W9,Ontario,"Whitby,",401 Reynolds Street,Canada
118,Trafalgar Castle School,Arts Night,https://www.trafalgarcastle.ca/event/arts-night/,L1N 3W9,Ontario,"Whitby,",401 Reynolds Street,Canada
119,Trafalgar Castle School,» Important Dates for 2019/2020,https://www.trafalgarcastle.ca/trafalgar-year-end-events/,L1N 3W9,Ontario,"Whitby,",401 Reynolds Street,Canada
120,Trafalgar Castle School,Mid-Term Break,https://www.trafalgarcastle.ca/event/mid-term-break-2/,L1N 3W9,Ontario,"Whitby,",401 Reynolds Street,Canada
121,Trafalgar Castle School,» Gifts of Securities Shares Transfer Information,https://www.trafalgarcastle.ca/mdocs-posts/gifts-of-securities-shares-transfer-information/,L1N 3W9,Ontario,"Whitby,",401 Reynolds Street,Canada
122,Trafalgar Castle School,» A Tale of Three Dogs,https://www.trafalgarcastle.ca/a-tale-of-three-dogs/,L1N 3W9,Ontario,"Whitby,",401 Reynolds Street,Canada
123,Trafalgar Castle School,Haunted Castle,https://www.trafalgarcastle.ca/event/haunted-castle-2/,L1N 3W9,Ontario,"Whitby,",401 Reynolds Street,Canada
124,Trafalgar Castle School,» The Upside of Diversity,https://www.trafalgarcastle.ca/the-upside-of-diversity/,L1N 3W9,Ontario,"Whitby,",401 Reynolds Street,Canada
125,Trafalgar Castle School,"» So to all her teachers, I thank you",https://www.trafalgarcastle.ca/so-to-all-her-teachers-i-thank-you-2/,L1N 3W9,Ontario,"Whitby,",401 Reynolds Street,Canada
126,Trafalgar Castle School,» Fees & Financial Services,https://www.trafalgarcastle.ca/admissions/fees-financial-services/,L1N 3W9,Ontario,"Whitby,",401 Reynolds Street,Canada
127,Trafalgar Castle School,» Guts and Glory!,https://www.trafalgarcastle.ca/guts-and-glory/,L1N 3W9,Ontario,"Whitby,",401 Reynolds Street,Canada
128,Trafalgar Castle School,» The Ties that Bind,https://www.trafalgarcastle.ca/the-ties-that-bind/,L1N 3W9,Ontario,"Whitby,",401 Reynolds Street,Canada
129,Trafalgar Castle School,» Late Assignment Completion Contract,https://www.trafalgarcastle.ca/mdocs-posts/late-assignment-completion-contract/,L1N 3W9,Ontario,"Whitby,",401 Reynolds Street,Canada
130,Trafalgar Castle School,Alumnae Holiday Social,https://www.trafalgarcastle.ca/event/alumnae-holiday-social/,L1N 3W9,Ontario,"Whitby,",401 Reynolds Street,Canada
131,Trafalgar Castle School,» Castle News,https://www.trafalgarcastle.ca/category/castle-news/page/2/,L1N 3W9,Ontario,"Whitby,",401 Reynolds Street,Canada
132,Trafalgar Castle School,House Plays,https://www.trafalgarcastle.ca/event/house-plays/,L1N 3W9,Ontario,"Whitby,",401 Reynolds Street,Canada
133,Trafalgar Castle School,» I Will Not Write an Elegy,https://www.trafalgarcastle.ca/i-will-not-write-an-elegy/,L1N 3W9,Ontario,"Whitby,",401 Reynolds Street,Canada
134,Trafalgar Castle School,» A Lucky School,https://www.trafalgarcastle.ca/a-lucky-school/,L1N 3W9,Ontario,"Whitby,",401 Reynolds Street,Canada
135,Trafalgar Castle School,Brooklin Christmas in the Village,https://www.trafalgarcastle.ca/event/brooklin-christmas-in-the-village-2/,L1N 3W9,Ontario,"Whitby,",401 Reynolds Street,Canada
136,Trafalgar Castle School,Graduation Dinner and Dance,https://www.trafalgarcastle.ca/event/graduation-dinner-and-dance/,L1N 3W9,Ontario,"Whitby,",401 Reynolds Street,Canada
137,Trafalgar Castle School,» Grade 7 helps Homeless Youth in Toronto,https://www.trafalgarcastle.ca/grade-7-helps-homeless-youth-in-toronto/,L1N 3W9,Ontario,"Whitby,",401 Reynolds Street,Canada
138,Trafalgar Castle School,Thanksgiving Day,https://www.trafalgarcastle.ca/event/thanksgiving-day/,L1N 3W9,Ontario,"Whitby,",401 Reynolds Street,Canada
139,Trafalgar Castle School,» No Football. Lots of Girls.,https://www.trafalgarcastle.ca/no-football-lots-of-girls/,L1N 3W9,Ontario,"Whitby,",401 Reynolds Street,Canada
140,Trafalgar Castle School,» AP at the Castle: A Balanced Approach to Learning,https://www.trafalgarcastle.ca/ap-at-the-castle-a-balanced-approach-to-learning/,L1N 3W9,Ontario,"Whitby,",401 Reynolds Street,Canada
141,Trafalgar Castle School,» Board of Directors Candidate Process,https://www.trafalgarcastle.ca/board-of-directors-candidate-process/,L1N 3W9,Ontario,"Whitby,",401 Reynolds Street,Canada
142,Trafalgar Castle School,» Annual Fund Update,https://www.trafalgarcastle.ca/annual-fund-update/,L1N 3W9,Ontario,"Whitby,",401 Reynolds Street,Canada
143,Trafalgar Castle School,"» Girls, Start Your Robots!",https://www.trafalgarcastle.ca/girls-start-your-robots-how-one-school-is-using-fun-competition-to-close-the-gender-science-gap/,L1N 3W9,Ontario,"Whitby,",401 Reynolds Street,Canada
144,Trafalgar Castle School,» Head of School Blog,https://www.trafalgarcastle.ca/blog/page/2/,L1N 3W9,Ontario,"Whitby,",401 Reynolds Street,Canada
145,Trafalgar Castle School,» Lower School Robotic Teams Compete,https://www.trafalgarcastle.ca/lower-school-robotics-competes/,L1N 3W9,Ontario,"Whitby,",401 Reynolds Street,Canada
146,Trafalgar Castle School,» Pick-a-Time,https://www.trafalgarcastle.ca/pickatime/,L1N 3W9,Ontario,"Whitby,",401 Reynolds Street,Canada
147,Trafalgar Castle School,» Dear Prefects,https://www.trafalgarcastle.ca/dear-prefects/,L1N 3W9,Ontario,"Whitby,",401 Reynolds Street,Canada
148,Trafalgar Castle School,Events for April 2020,https://www.trafalgarcastle.ca/events/2020-04/,L1N 3W9,Ontario,"Whitby,",401 Reynolds Street,Canada
149,Trafalgar Castle School,US College Information Night (Gr. 10/11),https://www.trafalgarcastle.ca/event/us-college-information-night-gr-10-11/,L1N 3W9,Ontario,"Whitby,",401 Reynolds Street,Canada
150,Trafalgar Castle School,» There’s Good News and Bad News,https://www.trafalgarcastle.ca/theres-good-news-and-bad-news/,L1N 3W9,Ontario,"Whitby,",401 Reynolds Street,Canada
151,Trafalgar Castle School,"» Leadership Donor, Karen Gordon, Supports the Loggia Winterization",https://www.trafalgarcastle.ca/leadership-donor-karen-gordon-supports-the-loggia-winterization/,L1N 3W9,Ontario,"Whitby,",401 Reynolds Street,Canada
152,Trafalgar Castle School,» Accessibility Services,https://www.trafalgarcastle.ca/accessibility-services/,L1N 3W9,Ontario,"Whitby,",401 Reynolds Street,Canada
153,Trafalgar Castle School,CIS (VAF) 2018,https://www.trafalgarcastle.ca/event/cis-vaf-2018/,L1N 3W9,Ontario,"Whitby,",401 Reynolds Street,Canada
154,Trafalgar Castle School,Spirit Week,https://www.trafalgarcastle.ca/event/spirit-week/,L1N 3W9,Ontario,"Whitby,",401 Reynolds Street,Canada
155,Trafalgar Castle School,» Let’s Get Engaged,https://www.trafalgarcastle.ca/lets-get-engaged/,L1N 3W9,Ontario,"Whitby,",401 Reynolds Street,Canada
156,Trafalgar Castle School,» Boarding Admissions,https://www.trafalgarcastle.ca/admissions/boarding-student-admissions/,L1N 3W9,Ontario,"Whitby,",401 Reynolds Street,Canada
157,Trafalgar Castle School,Earth Day,https://www.trafalgarcastle.ca/event/earth-day/,L1N 3W9,Ontario,"Whitby,",401 Reynolds Street,Canada
158,Trafalgar Castle School,» Why Do We Normalize Bad Behaviour?,https://www.trafalgarcastle.ca/why-do-we-normalize-bad-behaviour/,L1N 3W9,Ontario,"Whitby,",401 Reynolds Street,Canada
159,Trafalgar Castle School,International Day of the Girl,https://www.trafalgarcastle.ca/event/international-day-of-the-girl/,L1N 3W9,Ontario,"Whitby,",401 Reynolds Street,Canada
160,Trafalgar Castle School,» Please Cut the Cord,https://www.trafalgarcastle.ca/please-cut-the-cord/,L1N 3W9,Ontario,"Whitby,",401 Reynolds Street,Canada
161,Trafalgar Castle School,» Trafalgar Castle School to receive unprecedented multimillion-dollar gift,https://www.trafalgarcastle.ca/trafalgar-castle-school-to-receive-unprecedented-multimillion-dollar-gift/,L1N 3W9,Ontario,"Whitby,",401 Reynolds Street,Canada
162,Trafalgar Castle School,» The Trap of Human Trafficking,https://www.trafalgarcastle.ca/the-trap-of-human-trafficking/,L1N 3W9,Ontario,"Whitby,",401 Reynolds Street,Canada
163,Trafalgar Castle School,» Important Dates for 2019-2020,https://www.trafalgarcastle.ca/important-dates-for-2019-2020/,L1N 3W9,Ontario,"Whitby,",401 Reynolds Street,Canada
164,Trafalgar Castle School,» The Twinkling Star Within,https://www.trafalgarcastle.ca/the-twinkling-star-within/,L1N 3W9,Ontario,"Whitby,",401 Reynolds Street,Canada
165,Trafalgar Castle School,» Academics,https://www.trafalgarcastle.ca/academics-program/,L1N 3W9,Ontario,"Whitby,",401 Reynolds Street,Canada
166,Trafalgar Castle School,» Clubs & Activities,https://www.trafalgarcastle.ca/school-life/beyond-the-classroom/clubs-athletics/,L1N 3W9,Ontario,"Whitby,",401 Reynolds Street,Canada
167,Trafalgar Castle School,» The True Meaning of the Season,https://www.trafalgarcastle.ca/the-true-meaning-of-the-season/,L1N 3W9,Ontario,"Whitby,",401 Reynolds Street,Canada
168,Trafalgar Castle School,» Is Failure Really Okay?,https://www.trafalgarcastle.ca/is-failure-really-okay/,L1N 3W9,Ontario,"Whitby,",401 Reynolds Street,Canada
169,Trafalgar Castle School,CISMF,https://www.trafalgarcastle.ca/event/cismf/,L1N 3W9,Ontario,"Whitby,",401 Reynolds Street,Canada
170,Trafalgar Castle School,Trafalgar Community BBQ,https://www.trafalgarcastle.ca/event/trafalgar-community-bbq/,L1N 3W9,Ontario,"Whitby,",401 Reynolds Street,Canada
171,Trafalgar Castle School,March Break Parents & Students Information Session,https://www.trafalgarcastle.ca/event/march-break-parents-students-information-session/,L1N 3W9,Ontario,"Whitby,",401 Reynolds Street,Canada
172,Trafalgar Castle School,» Did she really?,https://www.trafalgarcastle.ca/did-she-really/,L1N 3W9,Ontario,"Whitby,",401 Reynolds Street,Canada
173,Trafalgar Castle School,» GETTING INTO THE HEART OF TRADITION,https://www.trafalgarcastle.ca/getting-into-the-heart-of-tradition/,L1N 3W9,Ontario,"Whitby,",401 Reynolds Street,Canada
174,Trafalgar Castle School,Events for September 2020,https://www.trafalgarcastle.ca/events/,L1N 3W9,Ontario,"Whitby,",401 Reynolds Street,Canada
175,Trafalgar Castle School,» Girls Need More Than a Tweet,https://www.trafalgarcastle.ca/girls-need-more-than-a-tweet/,L1N 3W9,Ontario,"Whitby,",401 Reynolds Street,Canada
176,Trafalgar Castle School,» Dancing Dreams,https://www.trafalgarcastle.ca/dancing-dreams/,L1N 3W9,Ontario,"Whitby,",401 Reynolds Street,Canada
177,Trafalgar Castle School,Arts Fest,https://www.trafalgarcastle.ca/event/arts-fest/,L1N 3W9,Ontario,"Whitby,",401 Reynolds Street,Canada
178,Trafalgar Castle School,Free Public Skate,https://www.trafalgarcastle.ca/event/free-public-skate/,L1N 3W9,Ontario,"Whitby,",401 Reynolds Street,Canada
179,Trafalgar Castle School,» The Way to a Beautiful Heart,https://www.trafalgarcastle.ca/the-way-to-a-beautiful-heart/,L1N 3W9,Ontario,"Whitby,",401 Reynolds Street,Canada
180,Trafalgar Castle School,Classes Resume,https://www.trafalgarcastle.ca/event/classes-resume-6/,L1N 3W9,Ontario,"Whitby,",401 Reynolds Street,Canada
181,Trafalgar Castle School,School Office is Open,https://www.trafalgarcastle.ca/event/school-office-is-open-2/,L1N 3W9,Ontario,"Whitby,",401 Reynolds Street,Canada
182,Trafalgar Castle School,» Alumna Meghan Patrick wins at CCMAs,https://www.trafalgarcastle.ca/meghan-patrick-wins-at-ccmas/,L1N 3W9,Ontario,"Whitby,",401 Reynolds Street,Canada
183,Trafalgar Castle School,» My Year of “The Great Illusion” Dr. Foster’s Opening Day Chapel,https://www.trafalgarcastle.ca/my-year-of-the-great-illusion/,L1N 3W9,Ontario,"Whitby,",401 Reynolds Street,Canada
184,Trafalgar Castle School,» Living In Whitby,https://www.trafalgarcastle.ca/school-life/boarding-life/living-in-whitby/,L1N 3W9,Ontario,"Whitby,",401 Reynolds Street,Canada
185,Trafalgar Castle School,Academic and Co-Curricular Recognition Ceremony (ARC),https://www.trafalgarcastle.ca/event/academic-and-co-curricular-recognition-ceremony-arc/,L1N 3W9,Ontario,"Whitby,",401 Reynolds Street,Canada
186,Trafalgar Castle School,» Grade 6 Class Visits Ajax Welcome Centre,https://www.trafalgarcastle.ca/grade-6-class-visits-ajax-welcome-centre/,L1N 3W9,Ontario,"Whitby,",401 Reynolds Street,Canada
187,Trafalgar Castle School,» KAIROS Blanket Exercise,https://www.trafalgarcastle.ca/kairos-blanket-exercise/,L1N 3W9,Ontario,"Whitby,",401 Reynolds Street,Canada
188,Trafalgar Castle School,» March Break Camp 2018,https://www.trafalgarcastle.ca/march-break-camp-2018/,L1N 3W9,Ontario,"Whitby,",401 Reynolds Street,Canada
189,Trafalgar Castle School,» Thanksgiving Reconsidered,https://www.trafalgarcastle.ca/thanksgiving-reconsidered/,L1N 3W9,Ontario,"Whitby,",401 Reynolds Street,Canada
190,Trafalgar Castle School,Winter Concert,https://www.trafalgarcastle.ca/event/winter-concert-2/,L1N 3W9,Ontario,"Whitby,",401 Reynolds Street,Canada
191,Trafalgar Castle School,» March TASC Blog,https://www.trafalgarcastle.ca/march-tasc-blog/,L1N 3W9,Ontario,"Whitby,",401 Reynolds Street,Canada
192,Trafalgar Castle School,» Superfluous Abundance,https://www.trafalgarcastle.ca/superfluous-abundance/,L1N 3W9,Ontario,"Whitby,",401 Reynolds Street,Canada
193,Trafalgar Castle School,» Full House at Trafalgar’s Open House,https://www.trafalgarcastle.ca/winter-admissions-open-house/,L1N 3W9,Ontario,"Whitby,",401 Reynolds Street,Canada
194,Trafalgar Castle School,Spring Concert,https://www.trafalgarcastle.ca/event/spring-concert-2/,L1N 3W9,Ontario,"Whitby,",401 Reynolds Street,Canada
195,Trafalgar Castle School,» Three Easy Routines to Help Little Learners Stay Organized,https://www.trafalgarcastle.ca/three-easy-routines-to-help-little-learners-stay-organized/,L1N 3W9,Ontario,"Whitby,",401 Reynolds Street,Canada
196,Trafalgar Castle School,» Grief and Understanding,https://www.trafalgarcastle.ca/grief-and-understanding/,L1N 3W9,Ontario,"Whitby,",401 Reynolds Street,Canada
197,Trafalgar Castle School,School & Sears Shows,https://www.trafalgarcastle.ca/event/school-show/,L1N 3W9,Ontario,"Whitby,",401 Reynolds Street,Canada
198,Trafalgar Castle School,» Our Traditions Endure,https://www.trafalgarcastle.ca/our-traditions-endure/,L1N 3W9,Ontario,"Whitby,",401 Reynolds Street,Canada
199,Trafalgar Castle School,Prefects Chapel,https://www.trafalgarcastle.ca/event/prefects-chapel/,L1N 3W9,Ontario,"Whitby,",401 Reynolds Street,Canada
200,Trafalgar Castle School,School Photos,https://www.trafalgarcastle.ca/event/school-photos/,L1N 3W9,Ontario,"Whitby,",401 Reynolds Street,Canada
201,Trafalgar Castle School,» Student Responsible Use Policy,https://www.trafalgarcastle.ca/mdocs-posts/student-responsible-use-policy/,L1N 3W9,Ontario,"Whitby,",401 Reynolds Street,Canada
202,Trafalgar Castle School,» Traf First Internships,https://www.trafalgarcastle.ca/traf-first-internships/,L1N 3W9,Ontario,"Whitby,",401 Reynolds Street,Canada
203,Trafalgar Castle School,» Dasra Adolescent Collaborative in India,https://www.trafalgarcastle.ca/student-attends-dasra-adolescent-collaborative-in-india/,L1N 3W9,Ontario,"Whitby,",401 Reynolds Street,Canada
204,Trafalgar Castle School,» A Gosling’s Leap of Faith,https://www.trafalgarcastle.ca/a-goslings-leap-of-faith/,L1N 3W9,Ontario,"Whitby,",401 Reynolds Street,Canada
205,Trafalgar Castle School,» Site Map,https://www.trafalgarcastle.ca/site-map/,L1N 3W9,Ontario,"Whitby,",401 Reynolds Street,Canada
206,Trafalgar Castle School,» Muskrats and Other Tough Topics,https://www.trafalgarcastle.ca/muskrats-and-other-tough-topics/,L1N 3W9,Ontario,"Whitby,",401 Reynolds Street,Canada
207,Trafalgar Castle School,Prefect Installation,https://www.trafalgarcastle.ca/event/prefect-installation/,L1N 3W9,Ontario,"Whitby,",401 Reynolds Street,Canada
208,Trafalgar Castle School,Trafalgar Day,https://www.trafalgarcastle.ca/event/trafalgar-day/,L1N 3W9,Ontario,"Whitby,",401 Reynolds Street,Canada
209,Trafalgar Castle School,» Rescue Not Required,https://www.trafalgarcastle.ca/rescue-not-required/,L1N 3W9,Ontario,"Whitby,",401 Reynolds Street,Canada
210,Trafalgar Castle School,» To the Class of 2017,https://www.trafalgarcastle.ca/to-the-class-of-2017/,L1N 3W9,Ontario,"Whitby,",401 Reynolds Street,Canada
211,Trafalgar Castle School,Last Day of Exams,https://www.trafalgarcastle.ca/event/last-day-of-exams/,L1N 3W9,Ontario,"Whitby,",401 Reynolds Street,Canada
212,Trafalgar Castle School,» Boarding Life Student Handbook 2018-2019,https://www.trafalgarcastle.ca/mdocs-posts/boarding-life-student-handbook-2017-2018/,L1N 3W9,Ontario,"Whitby,",401 Reynolds Street,Canada
213,Trafalgar Castle School,» Rowing Canada’s NextGen Program,https://www.trafalgarcastle.ca/rowing-canadas-nextgen-program/,L1N 3W9,Ontario,"Whitby,",401 Reynolds Street,Canada
214,Trafalgar Castle School,Graduation Dinner & Dance,https://www.trafalgarcastle.ca/event/graduation-dinner-dance/,L1N 3W9,Ontario,"Whitby,",401 Reynolds Street,Canada
215,Trafalgar Castle School,» Traf First Internship: Key Media,https://www.trafalgarcastle.ca/traf-first-internship-key-media/,L1N 3W9,Ontario,"Whitby,",401 Reynolds Street,Canada
216,Trafalgar Castle School,» A Season for All,https://www.trafalgarcastle.ca/a-season-for-all/,L1N 3W9,Ontario,"Whitby,",401 Reynolds Street,Canada
217,Trafalgar Castle School,» Matilda The Musical Tickets,https://www.trafalgarcastle.ca/matilda-the-musical-tickets/,L1N 3W9,Ontario,"Whitby,",401 Reynolds Street,Canada
218,Trafalgar Castle School,» Let’s Cause Some Trouble,https://www.trafalgarcastle.ca/lets-cause-some-trouble/,L1N 3W9,Ontario,"Whitby,",401 Reynolds Street,Canada
219,Trafalgar Castle School,Boarding Student Registration,https://www.trafalgarcastle.ca/event/boarders-registration-day/,L1N 3W9,Ontario,"Whitby,",401 Reynolds Street,Canada
220,Trafalgar Castle School,» Publications,https://www.trafalgarcastle.ca/publications/,L1N 3W9,Ontario,"Whitby,",401 Reynolds Street,Canada
221,Trafalgar Castle School,» Health & Wellness,https://www.trafalgarcastle.ca/school-life/health-wellness/,L1N 3W9,Ontario,"Whitby,",401 Reynolds Street,Canada
222,Trafalgar Castle School,» Durham Regional Science Fair Success,https://www.trafalgarcastle.ca/success-at-the-durham-regional-science-fair/,L1N 3W9,Ontario,"Whitby,",401 Reynolds Street,Canada
223,Trafalgar Castle School,The Graduate Art Show Opening Reception,https://www.trafalgarcastle.ca/event/grade-12-grad-art-show/,L1N 3W9,Ontario,"Whitby,",401 Reynolds Street,Canada
224,Trafalgar Castle School,» The Transformational Mother,https://www.trafalgarcastle.ca/the-transformational-mother/,L1N 3W9,Ontario,"Whitby,",401 Reynolds Street,Canada
225,Trafalgar Castle School,» Class Size Matters,https://www.trafalgarcastle.ca/class-size-matters/,L1N 3W9,Ontario,"Whitby,",401 Reynolds Street,Canada
226,Trafalgar Castle School,» Let’s All “Run Like a Girl”,https://www.trafalgarcastle.ca/lets-all-run-like-a-girl/,L1N 3W9,Ontario,"Whitby,",401 Reynolds Street,Canada
227,Trafalgar Castle School,» She is Lala,https://www.trafalgarcastle.ca/she-is-lala/,L1N 3W9,Ontario,"Whitby,",401 Reynolds Street,Canada
228,Trafalgar Castle School,» Graduate Profiles,https://www.trafalgarcastle.ca/academics-program/upper-school/university-destinations/gradprofiles/,L1N 3W9,Ontario,"Whitby,",401 Reynolds Street,Canada
229,Trafalgar Castle School,Grade 8 Celebration,https://www.trafalgarcastle.ca/event/grade-8-celebration-2/,L1N 3W9,Ontario,"Whitby,",401 Reynolds Street,Canada
230,Trafalgar Castle School,» “Mansplaining” Aside,https://www.trafalgarcastle.ca/mansplaining-aside/,L1N 3W9,Ontario,"Whitby,",401 Reynolds Street,Canada
231,Trafalgar Castle School,Grad Tea,https://www.trafalgarcastle.ca/event/grad-tea-2/,L1N 3W9,Ontario,"Whitby,",401 Reynolds Street,Canada
232,Trafalgar Castle School,Late Start,https://www.trafalgarcastle.ca/event/late-start/,L1N 3W9,Ontario,"Whitby,",401 Reynolds Street,Canada
233,Trafalgar Castle School,i-Cubed Week,https://www.trafalgarcastle.ca/event/i-cubed-week/,L1N 3W9,Ontario,"Whitby,",401 Reynolds Street,Canada
234,Trafalgar Castle School,Donor Reception,https://www.trafalgarcastle.ca/event/donor-reception/,L1N 3W9,Ontario,"Whitby,",401 Reynolds Street,Canada
235,Trafalgar Castle School,Hearth Place Fun Fair,https://www.trafalgarcastle.ca/event/hearth-place-fun-fair/,L1N 3W9,Ontario,"Whitby,",401 Reynolds Street,Canada
236,Trafalgar Castle School,"» Veritas, Virtus, Venustas: A Cure for my Post-Truth Blues",https://www.trafalgarcastle.ca/veritas-virtus-venustas-a-cure-for-my-post-truth-blues/,L1N 3W9,Ontario,"Whitby,",401 Reynolds Street,Canada
237,Trafalgar Castle School,» Quebec Four Day Winter Tour,https://www.trafalgarcastle.ca/quebec-four-day-winter-tour/,L1N 3W9,Ontario,"Whitby,",401 Reynolds Street,Canada
238,Trafalgar Castle School,» Dr. Leanne Foster,https://www.trafalgarcastle.ca/dr-leanne-foster/,L1N 3W9,Ontario,"Whitby,",401 Reynolds Street,Canada
239,Trafalgar Castle School,» Are You Busy?,https://www.trafalgarcastle.ca/are-you-busy/,L1N 3W9,Ontario,"Whitby,",401 Reynolds Street,Canada
240,Trafalgar Castle School,Exams,https://www.trafalgarcastle.ca/event/exams/,L1N 3W9,Ontario,"Whitby,",401 Reynolds Street,Canada
241,Trafalgar Castle School,» Miigwetch,https://www.trafalgarcastle.ca/meegwetch/,L1N 3W9,Ontario,"Whitby,",401 Reynolds Street,Canada
242,Trafalgar Castle School,Lower School Carol Service and Dinner,https://www.trafalgarcastle.ca/event/lower-school-carol-service-and-dinner/,L1N 3W9,Ontario,"Whitby,",401 Reynolds Street,Canada
243,Trafalgar Castle School,» Where To Give,https://www.trafalgarcastle.ca/support/where-to-give/,L1N 3W9,Ontario,"Whitby,",401 Reynolds Street,Canada
244,Trafalgar Castle School,Father’s Day,https://www.trafalgarcastle.ca/event/fathers-day/,L1N 3W9,Ontario,"Whitby,",401 Reynolds Street,Canada
245,Trafalgar Castle School,» The Things That Unite Us,https://www.trafalgarcastle.ca/the-things-that-unite-us/,L1N 3W9,Ontario,"Whitby,",401 Reynolds Street,Canada
246,Trafalgar Castle School,Grade 9 to 12 Carol Service and Dinner,https://www.trafalgarcastle.ca/event/grade-9-to-12-carol-service-and-dinner/,L1N 3W9,Ontario,"Whitby,",401 Reynolds Street,Canada
247,Trafalgar Castle School,» Let Us Hold the Torch High,https://www.trafalgarcastle.ca/let-us-hold-the-torch-high/,L1N 3W9,Ontario,"Whitby,",401 Reynolds Street,Canada
248,Trafalgar Castle School,» Contact Us,https://www.trafalgarcastle.ca/contactus/,L1N 3W9,Ontario,"Whitby,",401 Reynolds Street,Canada
249,Trafalgar Castle School,» Congrats Class of 2018!,https://www.trafalgarcastle.ca/congrats-class-of-2018/,L1N 3W9,Ontario,"Whitby,",401 Reynolds Street,Canada
250,Trafalgar Castle School,» The Wisdom to Know the Difference,https://www.trafalgarcastle.ca/the-wisdom-to-know-the-difference/,L1N 3W9,Ontario,"Whitby,",401 Reynolds Street,Canada
251,Trafalgar Castle School,» Congrats Mr. Huxter & Mrs. Schindler,https://www.trafalgarcastle.ca/congratulations-to-mr-huxter-and-mrs-schindler/,L1N 3W9,Ontario,"Whitby,",401 Reynolds Street,Canada
252,Trafalgar Castle School,» Test – News,https://www.trafalgarcastle.ca/test-news/,L1N 3W9,Ontario,"Whitby,",401 Reynolds Street,Canada
253,Trafalgar Castle School,» Discover Us,https://www.trafalgarcastle.ca/discover-us/,L1N 3W9,Ontario,"Whitby,",401 Reynolds Street,Canada
254,Trafalgar Castle School,» It’s All About The Climb,https://www.trafalgarcastle.ca/its-all-about-the-climb/,L1N 3W9,Ontario,"Whitby,",401 Reynolds Street,Canada
255,Trafalgar Castle School,» Traf Talks: Nida and Tadas Kartavicius,https://www.trafalgarcastle.ca/traf-talks-nida-and-tadas-kartavicius/,L1N 3W9,Ontario,"Whitby,",401 Reynolds Street,Canada
256,Trafalgar Castle School,» Family Day Weekend Boarding Trip,https://www.trafalgarcastle.ca/family-day-boarding-trip/,L1N 3W9,Ontario,"Whitby,",401 Reynolds Street,Canada
257,Trafalgar Castle School,» Traf Talks: Lindsay Ditkofsky,https://www.trafalgarcastle.ca/traf-talks-lindsay-ditkofsky/,L1N 3W9,Ontario,"Whitby,",401 Reynolds Street,Canada
258,Trafalgar Castle School,» March Break 2019,https://www.trafalgarcastle.ca/march-break-adventures/,L1N 3W9,Ontario,"Whitby,",401 Reynolds Street,Canada
259,Trafalgar Castle School,Upper School Carol Service and Dinner,https://www.trafalgarcastle.ca/event/upper-school-carol-service-and-dinner/,L1N 3W9,Ontario,"Whitby,",401 Reynolds Street,Canada
260,Trafalgar Castle School,March Break (Modified School Office hours),https://www.trafalgarcastle.ca/event/march-break-modified-school-office-hours/,L1N 3W9,Ontario,"Whitby,",401 Reynolds Street,Canada
261,Trafalgar Castle School,Durham Region Science Fair (Grade 7 & 8),https://www.trafalgarcastle.ca/event/durham-region-science-fair-grade-7-8/,L1N 3W9,Ontario,"Whitby,",401 Reynolds Street,Canada
262,Trafalgar Castle School,» To the Class of 2019,https://www.trafalgarcastle.ca/to-the-class-of-2019/,L1N 3W9,Ontario,"Whitby,",401 Reynolds Street,Canada
263,Trafalgar Castle School,Mother’s Day,https://www.trafalgarcastle.ca/event/mothers-day/,L1N 3W9,Ontario,"Whitby,",401 Reynolds Street,Canada
264,Trafalgar Castle School,» TASC December Update,https://www.trafalgarcastle.ca/tasc-november-update/,L1N 3W9,Ontario,"Whitby,",401 Reynolds Street,Canada
265,Trafalgar Castle School,» Dance Pac attends Strive,https://www.trafalgarcastle.ca/dance-pac-attends-strive/,L1N 3W9,Ontario,"Whitby,",401 Reynolds Street,Canada
266,Trafalgar Castle School,Co-Curricular Fair,https://www.trafalgarcastle.ca/event/co-curricular-fair/,L1N 3W9,Ontario,"Whitby,",401 Reynolds Street,Canada
267,Trafalgar Castle School,Family Day,https://www.trafalgarcastle.ca/event/family-day/,L1N 3W9,Ontario,"Whitby,",401 Reynolds Street,Canada
268,Trafalgar Castle School,» Math Matters in Ontario,https://www.trafalgarcastle.ca/math-matters-in-ontario/,L1N 3W9,Ontario,"Whitby,",401 Reynolds Street,Canada
269,Trafalgar Castle School,Winter Break,https://www.trafalgarcastle.ca/event/winter-break/,L1N 3W9,Ontario,"Whitby,",401 Reynolds Street,Canada
270,Trafalgar Castle School,» Inspiring Women in Aviation,https://www.trafalgarcastle.ca/inspiring-women-in-aviation/,L1N 3W9,Ontario,"Whitby,",401 Reynolds Street,Canada
271,Trafalgar Castle School,» I Never Lose,https://www.trafalgarcastle.ca/i-never-lose/,L1N 3W9,Ontario,"Whitby,",401 Reynolds Street,Canada
272,Trafalgar Castle School,» Our Community,https://www.trafalgarcastle.ca/discover-us/our-community/,L1N 3W9,Ontario,"Whitby,",401 Reynolds Street,Canada
273,Trafalgar Castle School,» Breakfast with Santa,https://www.trafalgarcastle.ca/breakfast-with-santa/,L1N 3W9,Ontario,"Whitby,",401 Reynolds Street,Canada
274,Trafalgar Castle School,» TRAF FIRST Initiative,https://www.trafalgarcastle.ca/traf-first-initiative/,L1N 3W9,Ontario,"Whitby,",401 Reynolds Street,Canada
275,Trafalgar Castle School,Easter Monday,https://www.trafalgarcastle.ca/event/easter-monday-3/,L1N 3W9,Ontario,"Whitby,",401 Reynolds Street,Canada
276,Trafalgar Castle School,Class Ring Sale,https://www.trafalgarcastle.ca/event/class-ring-sale/,L1N 3W9,Ontario,"Whitby,",401 Reynolds Street,Canada
277,Trafalgar Castle School,Alphatext Book Buy-back,https://www.trafalgarcastle.ca/event/alphatext-book-buy-back/,L1N 3W9,Ontario,"Whitby,",401 Reynolds Street,Canada
278,Trafalgar Castle School,» Master Chart Co-Curriculars,https://www.trafalgarcastle.ca/mdocs-posts/master-chart-co-curriculars/,L1N 3W9,Ontario,"Whitby,",401 Reynolds Street,Canada
279,Trafalgar Castle School,» What’s Your Preference?,https://www.trafalgarcastle.ca/whats-your-preference/,L1N 3W9,Ontario,"Whitby,",401 Reynolds Street,Canada
280,Trafalgar Castle School,» Why Should We Care?,https://www.trafalgarcastle.ca/why-should-we-care/,L1N 3W9,Ontario,"Whitby,",401 Reynolds Street,Canada
281,Trafalgar Castle School,» RD Calendar Test,https://www.trafalgarcastle.ca/cal-test/,L1N 3W9,Ontario,"Whitby,",401 Reynolds Street,Canada
282,Trafalgar Castle School,» Haunted Castle Tickets,https://www.trafalgarcastle.ca/haunted-castle-tickets/,L1N 3W9,Ontario,"Whitby,",401 Reynolds Street,Canada
283,Trafalgar Castle School,» Culture Matters,https://www.trafalgarcastle.ca/culture-matters/,L1N 3W9,Ontario,"Whitby,",401 Reynolds Street,Canada
284,Trafalgar Castle School,» Student Leadership,https://www.trafalgarcastle.ca/school-life/beyond-the-classroom/student-leadership/,L1N 3W9,Ontario,"Whitby,",401 Reynolds Street,Canada
285,Trafalgar Castle School,» Weekends and Breaks,https://www.trafalgarcastle.ca/school-life/boarding-life/weekends-and-extended-breaks/,L1N 3W9,Ontario,"Whitby,",401 Reynolds Street,Canada
286,Trafalgar Castle School,» Trafalgar presents…Whodunit?,https://www.trafalgarcastle.ca/trafalgar-presents-whodunit/,L1N 3W9,Ontario,"Whitby,",401 Reynolds Street,Canada
287,Trafalgar Castle School,» Grade 7 and 8 Science Fair,https://www.trafalgarcastle.ca/grade-7-and-8-science-fair/,L1N 3W9,Ontario,"Whitby,",401 Reynolds Street,Canada
288,Trafalgar Castle School,Grade 4 to 8 Carol Service and Dinner,https://www.trafalgarcastle.ca/event/grade-4-to-8-carol-service-and-dinner/,L1N 3W9,Ontario,"Whitby,",401 Reynolds Street,Canada
289,Trafalgar Castle School,» Student attains Duke of Ed Award,https://www.trafalgarcastle.ca/student-attains-duke-of-edinburgh-bronze-level/,L1N 3W9,Ontario,"Whitby,",401 Reynolds Street,Canada
290,Trafalgar Castle School,"» When I grow up, I want to be . . .",https://www.trafalgarcastle.ca/when-i-grow-up-i-want-to-be/,L1N 3W9,Ontario,"Whitby,",401 Reynolds Street,Canada
291,Trafalgar Castle School,» A World of Difference,https://www.trafalgarcastle.ca/a-world-of-difference/,L1N 3W9,Ontario,"Whitby,",401 Reynolds Street,Canada
292,Trafalgar Castle School,Panoramic Photo,https://www.trafalgarcastle.ca/event/panoramic-photo/,L1N 3W9,Ontario,"Whitby,",401 Reynolds Street,Canada
293,Trafalgar Castle School,» Board of Directors Call for Nominations 2018-2019,https://www.trafalgarcastle.ca/board-of-directors-call-for-nominations-2018-2019/,L1N 3W9,Ontario,"Whitby,",401 Reynolds Street,Canada
294,Trafalgar Castle School,» Employment Opportunities,https://www.trafalgarcastle.ca/careers/,L1N 3W9,Ontario,"Whitby,",401 Reynolds Street,Canada
295,Trafalgar Castle School,Events for January 2020,https://www.trafalgarcastle.ca/events/2020-01/,L1N 3W9,Ontario,"Whitby,",401 Reynolds Street,Canada
296,Trafalgar Castle School,» Elective featured in National Post,https://www.trafalgarcastle.ca/stem-related-subjects/,L1N 3W9,Ontario,"Whitby,",401 Reynolds Street,Canada
297,Trafalgar Castle School,» Trafalgar attends Math Competition,https://www.trafalgarcastle.ca/trafalgar-attends-math-competition/,L1N 3W9,Ontario,"Whitby,",401 Reynolds Street,Canada
298,Trafalgar Castle School,» Leading in the Community,https://www.trafalgarcastle.ca/leading-in-the-community/,L1N 3W9,Ontario,"Whitby,",401 Reynolds Street,Canada
299,Trafalgar Castle School,» How to Survive a Hurricane,https://www.trafalgarcastle.ca/how-to-survive-a-hurricane/,L1N 3W9,Ontario,"Whitby,",401 Reynolds Street,Canada
300,Trafalgar Castle School,Master Facilities Planning Presentation,https://www.trafalgarcastle.ca/event/master-facilities-planning-presentation/,L1N 3W9,Ontario,"Whitby,",401 Reynolds Street,Canada
301,Trafalgar Castle School,» Student Handbook 2018-2019,https://www.trafalgarcastle.ca/mdocs-posts/student-handbook-2016-2017/,L1N 3W9,Ontario,"Whitby,",401 Reynolds Street,Canada
302,Trafalgar Castle School,» Thrive Leaders inter-school Collaboration,https://www.trafalgarcastle.ca/thrive-leaders-collaboration/,L1N 3W9,Ontario,"Whitby,",401 Reynolds Street,Canada
303,Trafalgar Castle School,Events for October 2020,https://www.trafalgarcastle.ca/events/2020-10/,L1N 3W9,Ontario,"Whitby,",401 Reynolds Street,Canada
304,Trafalgar Castle School,» Summer Camp,https://www.trafalgarcastle.ca/summer-camp/,L1N 3W9,Ontario,"Whitby,",401 Reynolds Street,Canada
305,Trafalgar Castle School,» Nurture her Heart,https://www.trafalgarcastle.ca/nurture-her-heart/,L1N 3W9,Ontario,"Whitby,",401 Reynolds Street,Canada
306,Trafalgar Castle School,» Rowing success for Trafalgar,https://www.trafalgarcastle.ca/rowing-success-for-trafalgar/,L1N 3W9,Ontario,"Whitby,",401 Reynolds Street,Canada
307,Trafalgar Castle School,» School Spirit,https://www.trafalgarcastle.ca/school-life/school-spirit/,L1N 3W9,Ontario,"Whitby,",401 Reynolds Street,Canada
308,Trafalgar Castle School,» Apply Now,https://www.trafalgarcastle.ca/application/,L1N 3W9,Ontario,"Whitby,",401 Reynolds Street,Canada
309,Trafalgar Castle School,» A Year of Ordinary Greatness﻿,https://www.trafalgarcastle.ca/a-year-of-ordinary-greatness%EF%BB%BF/,L1N 3W9,Ontario,"Whitby,",401 Reynolds Street,Canada
310,Trafalgar Castle School,» Admissions,https://www.trafalgarcastle.ca/admissions/,L1N 3W9,Ontario,"Whitby,",401 Reynolds Street,Canada
311,Trafalgar Castle School,» Facility Rentals,https://www.trafalgarcastle.ca/facility-rentals/,L1N 3W9,Ontario,"Whitby,",401 Reynolds Street,Canada
312,Trafalgar Castle School,Beyond the Castle,https://www.trafalgarcastle.ca/event/i-cubed-week-2/,L1N 3W9,Ontario,"Whitby,",401 Reynolds Street,Canada
313,Trafalgar Castle School,School Office Closes,https://www.trafalgarcastle.ca/event/school-office-closes-5/,L1N 3W9,Ontario,"Whitby,",401 Reynolds Street,Canada
314,Trafalgar Castle School,» From war-torn Syria to top of her class,https://www.trafalgarcastle.ca/trafalgars-zena-and-spark-of-hope/,L1N 3W9,Ontario,"Whitby,",401 Reynolds Street,Canada
315,Trafalgar Castle School,» STEAM,https://www.trafalgarcastle.ca/academics-program/lower-school-grade-4-to-8/stem-science-math-coding/,L1N 3W9,Ontario,"Whitby,",401 Reynolds Street,Canada
316,Trafalgar Castle School,» Breakfast with Santa﻿,https://www.trafalgarcastle.ca/breakfast-with-santa%EF%BB%BF/,L1N 3W9,Ontario,"Whitby,",401 Reynolds Street,Canada
317,Trafalgar Castle School,» Raise Them in Song,https://www.trafalgarcastle.ca/raise-them-in-song/,L1N 3W9,Ontario,"Whitby,",401 Reynolds Street,Canada
318,Trafalgar Castle School,» Sunny Side Up,https://www.trafalgarcastle.ca/sunnysideup/,L1N 3W9,Ontario,"Whitby,",401 Reynolds Street,Canada
319,Trafalgar Castle School,Exams (Gr. 8 to 12),https://www.trafalgarcastle.ca/event/exams-gr-8-to-12/,L1N 3W9,Ontario,"Whitby,",401 Reynolds Street,Canada
320,Trafalgar Castle School,Speaker Series -Human Trafficking,https://www.trafalgarcastle.ca/event/parent-speaker-series/,L1N 3W9,Ontario,"Whitby,",401 Reynolds Street,Canada
321,Trafalgar Castle School,» Traf Talks: Lonelle Selbo,https://www.trafalgarcastle.ca/traf-talks-lonelle-selbo/,L1N 3W9,Ontario,"Whitby,",401 Reynolds Street,Canada
322,Trafalgar Castle School,» Whitby Santa Claus Parade,https://www.trafalgarcastle.ca/whitby-santa-claus-parade/,L1N 3W9,Ontario,"Whitby,",401 Reynolds Street,Canada
323,Trafalgar Castle School,» The Power of Kindness,https://www.trafalgarcastle.ca/the-power-of-kindness/,L1N 3W9,Ontario,"Whitby,",401 Reynolds Street,Canada
324,Trafalgar Castle School,» The Lasting Gift of a Good Giggle,https://www.trafalgarcastle.ca/the-lasting-gift-of-a-good-giggle/,L1N 3W9,Ontario,"Whitby,",401 Reynolds Street,Canada
325,Trafalgar Castle School,"» I Never Say, “I told you so”, But….",https://www.trafalgarcastle.ca/i-never-say-i-told-you-so-but/,L1N 3W9,Ontario,"Whitby,",401 Reynolds Street,Canada
326,Trafalgar Castle School,University Information Night,https://www.trafalgarcastle.ca/event/university-information-night/,L1N 3W9,Ontario,"Whitby,",401 Reynolds Street,Canada
327,Trafalgar Castle School,Alum Basketball Game and Cheer,https://www.trafalgarcastle.ca/event/alum-basketball-game-and-cheer/,L1N 3W9,Ontario,"Whitby,",401 Reynolds Street,Canada
328,Trafalgar Castle School,» Grit and Grace,https://www.trafalgarcastle.ca/grit-and-grace/,L1N 3W9,Ontario,"Whitby,",401 Reynolds Street,Canada
329,Trafalgar Castle School,Arts Week,https://www.trafalgarcastle.ca/event/arts-week/,L1N 3W9,Ontario,"Whitby,",401 Reynolds Street,Canada
330,Trafalgar Castle School,"» O Canada, We Stand on Guard for Trees",https://www.trafalgarcastle.ca/o-canada-we-stand-on-guard-for-trees/,L1N 3W9,Ontario,"Whitby,",401 Reynolds Street,Canada
331,Trafalgar Castle School,» A Week of Contrast,https://www.trafalgarcastle.ca/a-week-of-contrast/,L1N 3W9,Ontario,"Whitby,",401 Reynolds Street,Canada
332,Trafalgar Castle School,» School Profile 2018-2019,https://www.trafalgarcastle.ca/school-profile-2018-2019/,L1N 3W9,Ontario,"Whitby,",401 Reynolds Street,Canada
333,Trafalgar Castle School,» Galloping to the Royal,https://www.trafalgarcastle.ca/galloping-to-the-royal/,L1N 3W9,Ontario,"Whitby,",401 Reynolds Street,Canada
