row_id,name,legalname,employee,page_url,address.addressregion,address.streetaddress,address.addresslocality,address.postalcode
0,Fahan School,Fahan School,Mrs Penny Curran-Peters,https://goodschools.com.au/compare-schools/in-SandyBay-7005/fahan-school/location?campus_id=16964,TAS,Fisher Ave Sandy Bay TAS 7005,Fahan School,7005
1,Bagdad Primary School,Bagdad Primary School,Ms Collette Harrold,https://www.goodschools.com.au/compare-schools/in-Bagdad-7030/bagdad-primary-school,TAS,46 School Road Bagdad TAS 7030,Bagdad Primary School,7030
2,St Dominic&#039;s Priory College,St Dominic&#039;s Priory College,Ms Helen Steele,https://goodschools.com.au/compare-schools/in-NorthAdelaide-5006/st-dominics-priory-college/location?campus_id=18892,SA,139 Molesworth Street North Adelaide SA 5006,St Dominic&#039;s Priory College,5006
3,Presbyterian Ladies&#039; College (PLC),Presbyterian Ladies&#039; College (PLC),Ms Cheryl Penberthy,https://goodschools.com.au/compare-schools/in-Burwood-3125/presbyterian-ladies-college-plc,VIC,141 Burwood Highway Burwood VIC 3125,Presbyterian Ladies&#039; College,3125
4,Haileybury Rendall School,Haileybury Rendall School,Mr Craig Glass,https://goodschools.com.au/compare-schools/in-Berrimah-0828/haileybury-rendall-school,NT,6057 Berrimah Road Berrimah NT 828,Haileybury Rendall School,828
5,Maylands Peninsula Primary School,Maylands Peninsula Primary School,Mr Paul Andrijich,https://goodschools.com.au/compare-schools/in-Maylands-6051/maylands-peninsula-primary-school/location?campus_id=18092,WA,60 Kelvin St Maylands WA 6051,Marylands Peninsula Primary School,6051
6,Pymble Ladies College,Pymble Ladies College,Dr Kate Hadwen,https://www.goodschools.com.au/compare-schools/in-Pymble-2073/pymble-ladies-college/our-story,NSW,Avon Road Pymble NSW 2073,Pymble Ladies&#039; College,2073
7,Elizabeth Park Primary School,Elizabeth Park Primary School,Mr Patrick Moran,https://www.goodschools.com.au/compare-schools/in-ElizabethPark-5113/elizabeth-park-primary-school/naplan-score,SA,15 Turner Road Elizabeth Park SA 5113,Elizabeth Park Primary School,5113
8,Melbourne Girls Grammar,Melbourne Girls Grammar,Dr Toni Meath,https://goodschools.com.au/compare-schools/in-SouthYarra-3141/melbourne-girls-grammar/primary,VIC,86 Anderson St South Yarra VIC 3141,Merton Hall Campus - ELC and Senior School,3141
9,Westbourne Grammar School,Westbourne Grammar School,Ms Meg Hansen,https://goodschools.com.au/compare-schools/in-Truganina-3029/westbourne-grammar-school,VIC,300 Sayers Rd Truganina VIC 3029,Westbourne Truganina Campus,3029
10,Laburnum Primary School,Laburnum Primary School,Dr Kim Dray,https://www.goodschools.com.au/compare-schools/in-Blackburn-3130/laburnum-primary-school/naplan-score,VIC,Janet Street Blackburn VIC 3130,Laburnum Primary School,3130
11,Claremont College,Claremont College,Mr Doug Thomas,https://www.goodschools.com.au/compare-schools/in-Randwick-2031/claremont-college-randwick,NSW,30 Coogee Bay Road Randwick NSW 2031,Claremont College,2031
12,Braemar College,Braemar College,Mr Russell Deer,https://www.goodschools.com.au/compare-schools/in-Woodend-3442/braemar-college/location,VIC,1499 Mt Macedon Rd Woodend VIC 3442,Braemar College - Mt Macedon Campus,3442
13,Nightcliff Middle School,Nightcliff Middle School,Ms Sarah May,https://www.goodschools.com.au/compare-schools/in-RapidCreek-810/nightcliff-middle-school,NT,90 Aralia St Rapid Creek NT 810,,810
14,Madison Park School,Madison Park School,Mr Michael Washington,https://www.goodschools.com.au/compare-schools/in-SalisburyEast-5109/madison-park-school/location?campus_id=18608,SA,19 Lincoln Avenue Salisbury East SA 5109,Madison Park School,5109
15,St Francis School,St Francis School,Mr Rick Favilla,https://goodschools.com.au/compare-schools/in-Lockleys-5032/st-francis-school,SA,458 Henley Beach Road Lockleys SA 5032,St Francis School,5032
16,Floreat Park Primary School,Floreat Park Primary School,Ms Jane Rowlands,https://goodschools.com.au/compare-schools/in-Floreat-6014/floreat-park-primary-school/naplan-score,WA,38 Chandler Avenue West Floreat WA 6014,Floreat Park Primary School,6014
17,All Saints&#039; College,All Saints&#039; College,Ms Belinda Provis,https://www.goodschools.com.au/compare-schools/in-BullCreek-6149/all-saints-college,WA,Ewing Avenue Bull Creek WA 6149,All Saints&#039; College,6149
18,St Luke&#039;s Catholic Parish School,St Luke&#039;s Catholic Parish School,Mr John Cameron,https://www.goodschools.com.au/compare-schools/in-Capalaba-4157/st-lukes-catholic-parish-school/location?campus_id=5275,QLD,45 Degen Road Capalaba QLD 4157,St Luke&#039;s Catholic Parish School,4157
19,Elizabeth East Primary School,Elizabeth East Primary School,Mr Matt Delany,https://www.goodschools.com.au/compare-schools/in-ElizabethEast-5112/elizabeth-east-primary-school/location?campus_id=18741,SA,15 Dolphin Street Elizabeth East SA 5112,Elizabeth East Primary School,5112
20,Stuartholme School,Stuartholme School,Ms Kristen Sharpe,https://www.goodschools.com.au/compare-schools/in-Toowong-4066/stuartholme-school,QLD,365 Birdwood Terrace Toowong QLD 4066,Stuartholme School,4066
21,Adelaide River School,Adelaide River School,Mr Tony Clegg,https://www.goodschools.com.au/compare-schools/in-AdelaideRiver-846/adelaide-river-school,NT,31 Memorial Terrace Adelaide River NT 846,Adelaide River School,846
22,Hawker College,Hawker College,Mr Andy Mison,https://goodschools.com.au/compare-schools/in-Hawker-2614/hawker-college,ACT,Murranji Street Hawker ACT 2614,,2614
23,Good News Lutheran College,Good News Lutheran College,Mrs Fiona McAuliffe,https://www.goodschools.com.au/compare-schools/in-Tarneit-3029/good-news-lutheran-college/scholarships,VIC,580 Tarneit Rd Tarneit VIC 3029,Good News Lutheran College,3029
24,Campbell High School,Campbell High School,Ms Heather Paterson,https://goodschools.com.au/compare-schools/in-Campbell-2612/campbell-high-school,ACT,Treloar Crescent Campbell ACT 2612,,2612
25,Wulagi Primary School,Wulagi Primary School,Ms Susan Kilgour,https://www.goodschools.com.au/compare-schools/in-Wulagi-812/wulagi-primary-school/location?campus_id=19200,NT,Brolga St Wulagi NT 812,Wulagi Primary School,812
26,St Paul&#039;s Catholic Primary School,St Paul&#039;s Catholic Primary School,Ms Megan Evans,https://www.goodschools.com.au/compare-schools/in-Nightcliff-810/st-pauls-catholic-primary-school,NT,PO Box 781 Nightcliff NT 810,St Paul&#039;s Catholic Primary School,810
27,Nightcliff Primary School,Nightcliff Primary School,Mr Graham Chadwick,https://www.goodschools.com.au/compare-schools/in-Nightcliff-810/nightcliff-primary-school,NT,Cunjevoi Cresent Nightcliff NT 810,Nightcliff Primary School,810
28,St Leonard&#039;s School,St Leonard&#039;s School,Mr Robert Horwood,https://www.goodschools.com.au/compare-schools/in-GlenWaverley-3150/st-leonards-school/naplan-score,VIC,349 Springvale Road Glen Waverley VIC 3150,St Leonard&#039;s School,3150
29,Penrhos College,Penrhos College,Mrs Kalea Haran,https://goodschools.com.au/compare-schools/in-Como-6152/penrhos-college,WA,6 Morrison Street Como WA 6152,Penrhos College,6152
30,Aranmore Catholic College,Aranmore Catholic College,Mr Declan Tanham,https://goodschools.com.au/compare-schools/in-Leederville-6007/aranmore-catholic-college,WA,41 Franklin St Leederville WA 6007,Aranmore Catholic College,6007
31,Ashwood High School,Ashwood High School,Mr Brett Moore,https://goodschools.com.au/compare-schools/in-Ashwood-3147/ashwood-high-school/fees,VIC,Vannam Dr Ashwood VIC 3147,Ashwood Secondary College,3147
32,West Leederville Primary School,West Leederville Primary School,Ms Fiona Kelly,https://goodschools.com.au/compare-schools/in-Leederville-6007/west-leederville-primary-school,WA,58 Northwood Street Leederville WA 6007,West Leederville Primary School,6007
33,Clovelly Park Primary School,Clovelly Park Primary School,Ms Terena Pope,https://goodschools.com.au/compare-schools/in-ClovellyPark-5042/clovelly-park-primary-school/location,SA,1 Renown Place Clovelly Park SA 5042,Clovelly Park Primary School,5042
34,Millner Primary School,Millner Primary School,Mr Michael Jones,https://www.goodschools.com.au/compare-schools/in-Millner-810/millner-primary-school,NT,41 Sabine Rd Millner NT 810,Millner Primary School,810
35,Mount St Joseph Girls&#039; College,Mount St Joseph Girls&#039; College,Ms Kate Dishon,https://www.goodschools.com.au/compare-schools/in-Altona-3018/mount-st-joseph-girls-college,VIC,133 Maidstone St Altona VIC 3018,Mount St Joseph Girls&#039; College,3018
36,Melbourne Grammar School,Melbourne Grammar School,Mr Philip Grutzner,https://goodschools.com.au/compare-schools/in-Melbourne-3004/melbourne-grammar-school/naplan-score,VIC,Senior School (Boys): 355 St Kilda Road Melbourne VIC 3004,Senior School (Boys),3004
37,Andrews Creek Primary School,Andrews Creek Primary School,MS Sarah-Jane Tregenza,https://www.goodschools.com.au/compare-schools/in-WesleyVale-7307/andrews-creek-primary-school,TAS,20 Westwind Drive Wesley Vale TAS 7307,Andrews Creek Primary School,7307
38,Siena College,Siena College,Mrs Elizabeth Hanney,https://goodschools.com.au/compare-schools/in-Camberwell-3124/siena-college,VIC,815 Riversdale Rd Camberwell VIC 3124,Siena College,3124
39,Luther College,Luther College,Mr Michael Kleidon,https://goodschools.com.au/compare-schools/in-CroydonHills-3136/luther-college/location?campus_id=226,VIC,Plymouth Rd Croydon Hills VIC 3136,Luther College,3136
40,St Anthony&#039;s School,St Anthony&#039;s School,Mrs Patrika Rowley,https://www.goodschools.com.au/compare-schools/in-NoblePark-3174/st-anthonys-school-noble-park,VIC,90 Buckley Street Noble Park VIC 3174,St Anthony&#039;s School,3174
41,Concordia College,Concordia College,Mr Michael Paech,https://goodschools.com.au/compare-schools/in-Highgate-5063/concordia-college,SA,24 Winchester St Highgate SA 5063,Concordia College - Concordia Campus,5063
42,Methodist Ladies&#039; College - MLC,Methodist Ladies&#039; College - MLC,Ms Diana Vernon,https://goodschools.com.au/compare-schools/in-Kew-3101/methodist-ladies-college-mlc/primary,VIC,207 Barkers Road Kew VIC 3101,Methodist Ladies&#039; College (MLC),3101
43,St Aloysius College,St Aloysius College,Ms Paddy McEvoy,https://goodschools.com.au/compare-schools/in-Adelaide-5000/st-aloysius-college/location,SA,53 Wakefield Street Adelaide SA 5000,St Aloysius College,5000
44,Scotch College,Scotch College,Mr Tom Batty,https://www.goodschools.com.au/compare-schools/in-Hawthorn-3122/scotch-college-hawthorn/location,VIC,1 Morrison Street Hawthorn VIC 3122,Scotch College,3122
45,Rosalie Primary School,Rosalie Primary School,Mrs Roslyn Kay,https://goodschools.com.au/compare-schools/in-ShentonPark-6008/rosalie-primary-school/location?campus_id=17823,WA,101 Onslow Road Shenton Park WA 6008,Rosalie Primary School,6008
46,Templeton Primary School,Templeton Primary School,Mr Rodney McKinlay,https://www.goodschools.com.au/compare-schools/in-Wantirna-3152/templeton-primary-school,VIC,Crestdale Road Wantirna VIC 3152,Templeton Primary School,3152
47,Parap Primary School,Parap Primary School,Ms Yvonne Harding,https://www.goodschools.com.au/compare-schools/in-Parap-820/parap-primary-school,NT,52 Parap Rd Parap NT 820,Parap Primary School,820
48,Southern Cross Early Childhood School,Southern Cross Early Childhood School,Ms Lyndall Read,https://goodschools.com.au/compare-schools/in-Scullin-2614/southern-cross-early-childhood-school,ACT,Wirraway Crescent Scullin ACT 2614,Southern Cross Early Childhood School,2614
49,Yarra Valley Grammar,Yarra Valley Grammar,Dr Mark Merry,https://www.goodschools.com.au/compare-schools/in-Ringwood-3134/yarra-valley-grammar/secondary/scholarships,VIC,Kalinda Rd Ringwood VIC 3134,Yarra Valley Grammar,3134
50,St Catherine&#039;s School,St Catherine&#039;s School,Dr Julie Townsend,https://www.goodschools.com.au/compare-schools/in-Waverley-2024/st-catherines-school-waverley,NSW,26 Albion Street Waverley NSW 2024,St Catherine`s School,2024
51,Albert Park Primary School,Albert Park Primary School,Ms Katrina Mildner,https://goodschools.com.au/compare-schools/in-AlbertPark-3206/albert-park-primary-school/location,VIC,Bridport Street Albert Park VIC 3206,Albert Park Primary School,3206
52,Oakleigh Grammar,Oakleigh Grammar,Mr Mark Robertson,https://www.goodschools.com.au/compare-schools/in-Oakleigh-3166/oakleigh-grammar/ib/open-days,VIC,77-81 Willesden Rd Oakleigh VIC 3166,Oakleigh Grammar,3166
53,Stuart Park Primary School,Stuart Park Primary School,Mr Bernard Bree,https://goodschools.com.au/compare-schools/in-StuartPark-820/stuart-park-primary-school/naplan-score,NT,Nudl Street Stuart Park NT 820,Stuart Park Primary School,820
54,Immanuel Primary School,Immanuel Primary School,Ms Rebecca Clements,https://goodschools.com.au/compare-schools/in-NovarGardens-5040/immanuel-primary-school,SA,Cnr Saratoga Drive and Morphett Rd Novar Gardens SA 5040,Immanuel Primary School,5040
55,Glenaeon Rudolf Steiner School,Glenaeon Rudolf Steiner School,Mr Andrew Hill,https://goodschools.com.au/compare-schools/in-MiddleCove-2068/glenaeon-rudolf-steiner-school/location?campus_id=K0EQ9A649RAFC8U5,NSW,5a Glenroy Avenue Middle Cove NSW 2068,Middle Cove Campus,2068
56,Keller Road Primary School,Keller Road Primary School,Mrs Narelle Kusabs,https://www.goodschools.com.au/compare-schools/in-SalisburyEast-5109/keller-road-primary-school/naplan-score,SA,23-33 Melville Road Salisbury East SA 5109,Keller Road Primary School,5109
57,Mount Carmel College,Mount Carmel College,Mrs Fiona Nolan,https://www.goodschools.com.au/compare-schools/in-SandyBay-7005/mount-carmel-college-sandy-bay,TAS,361 Sandy Bay Rd Sandy Bay TAS 7005,Mount Carmel College,7005
58,Kidman Park Primary School,Kidman Park Primary School,Mr John Clarke,https://goodschools.com.au/compare-schools/in-KidmanPark-5025/kidman-park-primary-school/location,SA,13 Dean Avenue Kidman Park SA 5025,Kidman Park Primary School,5025
59,Highgate Primary School,Highgate Primary School,Mrs Stephen Ivey,https://goodschools.com.au/compare-schools/in-Highgate-6003/highgate-primary-school/naplan-score,WA,147 Lincoln Street Highgate WA 6003,Highgate Primary School,6003
60,North Adelaide Primary School,North Adelaide Primary School,Ms Rebecca Pears,https://goodschools.com.au/compare-schools/in-NorthAdelaide-5006/north-adelaide-primary-school/location?campus_id=18429,SA,62-80 Tynte Street North Adelaide SA 5006,North Adelaide Primary School,5006
61,Mosman Public School,Mosman Public School,Mr Steve Connelly,https://goodschools.com.au/compare-schools/in-Mosman-2088/mosman-public-school,NSW,27 Belmont Rd Mosman NSW 2088,Mosman Public School,2088
62,St Andrew&#039;s School,St Andrew&#039;s School,Mr Michael Gavaghan,https://goodschools.com.au/compare-schools/in-Werribee-3030/st-andrews-school-werribee,VIC,110 Greaves Street North Werribee VIC 3030,St Andrew&#039;s School,3030
63,The Scots School Albury,The Scots School Albury,Mrs Robyn Smith,https://goodschools.com.au/compare-schools/in-Albury-2640/the-scots-school-albury/naplan-score,NSW,393 Perry Street Albury NSW 2640,The Scots School Albury,2640
64,Regent College,Regent College,Mr Derek Nicholls,https://goodschools.com.au/compare-schools/in-VictoriaPark-6100/regent-college/location,WA,22 Colombo Street Victoria Park WA 6100,Regent College,6100
65,Palm Beach-Currumbin State High School,Palm Beach-Currumbin State High School,Mr Chris Capra,https://www.goodschools.com.au/compare-schools/in-PalmBeach-4221/palm-beach-currumbin-state-high-school/naplan-score,QLD,Thrower Drive Palm Beach QLD 4221,Palm Beach-Currumbin State High School,4221
66,Penrhos College,Penrhos College,Mrs Meg Melville,https://goodschools.com.au/compare-schools/in-Como-6152/penrhos-college/scholarships,WA,6 Morrison Street Como WA 6152,Penrhos College,6152
67,King&#039;s Christian College - Reedy Creek Campus,King&#039;s Christian College - Reedy Creek Campus,Mr Rees Davis,https://www.goodschools.com.au/compare-schools/in-ReedyCreek-4227/kings-christian-college,QLD,68 Gemvale Road Reedy Creek QLD 4227,Reedy Creek Campus,4227
68,Caulfield Grammar School - Caulfield and Malvern Campuses,Caulfield Grammar School - Caulfield and Malvern Campuses,Mr Ashleigh Martin,https://www.goodschools.com.au/compare-schools/in-StKildaEast-3183/caulfield-grammar-school-caulfield-and-malvern-campuses/secondary,VIC,217 Glen Eira Rd St Kilda East VIC 3183,Caulfield Campus,3183
69,SEDA College Victoria,SEDA College Victoria,Mr Heath McMillin,https://www.goodschools.com.au/compare-schools/in-HawthornEast-3123/seda-college-victoria,VIC,425 Riversdale Road Hawthorn East VIC 3123,Hawthorn East,3123
70,St Peter&#039;s School,St Peter&#039;s School,Ms Sharon Daujat,https://www.goodschools.com.au/compare-schools/in-Clayton-3168/st-peters-school-clayton/fees,VIC,16 Mary Street Clayton VIC 3168,St Peter&#039;s School,3168
71,St Patrick&#039;s Technical College,St Patrick&#039;s Technical College,Mr Danny Deptula,https://www.goodschools.com.au/compare-schools/in-EdinburghNorth-5113/st-patricks-technical-college/location?campus_id=17272,SA,2-6 Hooke Road Edinburgh North SA 5113,St Patrick&#039;s Technical College,5113
72,Our Lady of the Sacred Heart College,Our Lady of the Sacred Heart College,Sr Anne O&#039;Loughlin,https://www.goodschools.com.au/compare-schools/in-Bentleigh-3204/our-lady-of-the-sacred-heart-college-bentleigh/location,VIC,111 Jasper Rd Bentleigh VIC 3204,Our Lady of the Sacred Heart College,3204
73,Anula Primary School,Anula Primary School,Ms Kerry Hudson,https://www.goodschools.com.au/compare-schools/in-Anula-812/anula-primary-school,NT,73 Yanyula Drive Anula NT 812,Anula Primary School,812
74,St Michael&#039;s Collegiate School,St Michael&#039;s Collegiate School,Dr Adam Forsyth,https://goodschools.com.au/compare-schools/in-Hobart-7000/st-michaels-collegiate-school,TAS,218 Macquarie St Hobart TAS 7000,St Michael&#039;s Collegiate School,7000
75,Darwin Middle School,Darwin Middle School,Mr Marcus Dixon,https://goodschools.com.au/compare-schools/in-TheGardens-820/darwin-middle-school/location?campus_id=19286,NT,Atkins Drive The Gardens NT 820,,820
76,Huntingtower School,Huntingtower School,Mr Sholto Bowen,https://www.goodschools.com.au/compare-schools/in-MountWaverley-3149/huntingtower-school/location?campus_id=178,VIC,77 Waimarie Dr Mount Waverley VIC 3149,Huntingtower School,3149
77,Alyangula Area School,Alyangula Area School,Ms Joanne Jefferson,https://www.goodschools.com.au/compare-schools/in-Alyangula-885/alyangula-area-school,NT,Cnr Flinders St &amp; Ayawarra Cr Alyangula NT 885,,885
78,Pimlico State High School,Pimlico State High School,Mr Joel Buchholz,https://www.goodschools.com.au/compare-schools/in-Pimlico-4812/pimlico-state-high-school,QLD,Fulham Road Gulliver QLD 4812,Pimlico State High School,4812
79,Gilles Plains Primary School,Gilles Plains Primary School,Mrs Robyn McLean,https://goodschools.com.au/compare-schools/in-Hillcrest-5086/gilles-plains-primary-school/location,SA,Beatty Avenue Hillcrest SA 5086,Gilles Plains Primary School,5086
80,Albert Park College,Albert Park College,Mr Steven Cook,https://goodschools.com.au/compare-schools/in-AlbertPark-3206/albert-park-college,VIC,83 Danks St Albert Park VIC 3206,Albert Park College,3206
81,Bothwell District High School,Bothwell District High School,Ms Nadine Davey,https://www.goodschools.com.au/compare-schools/in-Bothwell-7030/bothwell-district-high-school,TAS,Patrick Street Bothwell TAS 7030,Bothwell District High School,7030
82,Corpus Christi College,Corpus Christi College,Mr Frank Italiano,https://goodschools.com.au/compare-schools/in-Bateman-6150/corpus-christi-college,WA,50 Murdoch Drive Bateman WA 6150,Corpus Christi College,6150
83,Loyola College,Loyola College,Mr Joseph Favrin,https://goodschools.com.au/compare-schools/in-Watsonia-3087/loyola-college/fees,VIC,325 Grimshaw Street Watsonia VIC 3087,Loyola College,3087
84,Whites Hill State College,Whites Hill State College,Ms Melanie Harth,https://www.goodschools.com.au/compare-schools/in-CampHill-4152/whites-hill-state-college,QLD,138 Burn Street Camp Hill QLD 4152,Whites Hill State College,4152
85,Lyneham Primary School,Lyneham Primary School,Ms Annamaria Zuffo,https://goodschools.com.au/compare-schools/in-Lyneham-2602/lyneham-primary-school,ACT,Brigalow St Lyneham ACT 2602,Lyneham Primary School,2602
86,Sydney Grammar School - College Street,Sydney Grammar School - College Street,Dr Richard Malpass,https://goodschools.com.au/compare-schools/in-Darlinghurst-2010/sydney-grammar-school-college-street,NSW,10-12 College Street Darlinghurst NSW 2010,Sydney Grammar School,2010
87,Hume Central Secondary College,Hume Central Secondary College,Mr Jeff Mulcahy,https://goodschools.com.au/compare-schools/in-Broadmeadows-3049/hume-central-secondary-college,VIC,60-78 Tanderrum Way Broadmeadows VIC 3047,Town Park Campus,3047
88,St John Bosco School,St John Bosco School,Mr Kate Turner,https://goodschools.com.au/compare-schools/in-BrooklynPark-5032/st-john-bosco-school,SA,19 Lipsett Tce Brooklyn Park SA 5032,St John Bosco School,5032
89,Brisbane Girls Grammar School,Brisbane Girls Grammar School,,https://goodschools.com.au/compare-schools/in-SpringHill-4000/brisbane-girls-grammar-school,QLD,Gregory Terrace Brisbane QLD 4000,Brisbane Girls Grammar School - Gregory Terrace Campus,4000
90,Blackmans Bay Primary School,Blackmans Bay Primary School,Ms Della Wells,https://www.goodschools.com.au/compare-schools/in-BlackmansBay-7052/blackmans-bay-primary-school,TAS,177 Roslyn Avenue Blackmans Bay TAS 7052,Blackmans Bay Primary School,7052
91,St Mary&#039;s Catholic Primary School,St Mary&#039;s Catholic Primary School,Ms Jacqui Langdon,https://www.goodschools.com.au/compare-schools/in-Darwin-801/st-marys-catholic-primary-school-darwin/location,NT,Lindsay Street Darwin NT 801,St Mary&#039;s Catholic Primary School,801
92,Risdon Vale Primary School,Risdon Vale Primary School,Ms Wells Wells,https://goodschools.com.au/compare-schools/in-RisdonVale-7016/risdon-vale-primary-school/naplan-score,TAS,2 Heather Rd Risdon Vale TAS 7016,Risdon Vale Primary School,7016
93,Tarneit Senior College,Tarneit Senior College,Mr Simon Haber,https://goodschools.com.au/compare-schools/in-Tarneit-3029/tarneit-senior-college/location,VIC,861 Leakes Rd Tarneit VIC 3029,Tarneit Senior College,3029
94,Ludmilla Primary School,Ludmilla Primary School,Ms Dianne Wood,https://www.goodschools.com.au/compare-schools/in-Ludmilla-820/ludmilla-primary-school/naplan-score,NT,Narrows Rd Ludmilla NT 820,Ludmilla Primary School,820
95,Tuart Hill Primary School,Tuart Hill Primary School,Ms Beverly Innes,https://goodschools.com.au/compare-schools/in-TuartHill-6060/tuart-hill-primary-school/naplan-score,WA,Banksia Street Tuart Hill WA 6060,Tuart Hill Primary School,6060
96,Ultimo Public School,Ultimo Public School,Mrs Nic Accaria,https://goodschools.com.au/compare-schools/in-Ultimo-2007/ultimo-public-school,NSW,Quarry St Ultimo NSW 2007,Ultimo Public School,2007
97,Malak Primary School,Malak Primary School,Mr Peter Swan,https://www.goodschools.com.au/compare-schools/in-Malak-812/malak-primary-school,NT,45 Malak Cres Malak NT 812,Malak Primary School,812
98,Music Industry College,Music Industry College,Mr Brett Wood,https://www.goodschools.com.au/compare-schools/in-FortitudeValley-4006/music-industry-college,QLD,38 Berwick Street Fortitude Valley QLD 4006,,4006
99,Oakwood School,Oakwood School,Mr Damien Barry,https://goodschools.com.au/compare-schools/in-Claremont-7011/oakwood-school/open-days,TAS,1 Kestrel Street Claremont TAS 7011,Oakwood School,7011
100,St Francis Xavier College,St Francis Xavier College,Ms. Dearne Bassett,https://goodschools.com.au/compare-schools/in-Florey-2615/st-francis-xavier-college,ACT,Barnard Circuit Florey ACT 2615,,2615
101,St Mary Magdalene&#039;s School,St Mary Magdalene&#039;s School,Ms Trish Jones,https://www.goodschools.com.au/compare-schools/in-ElizabethGrove-5112/st-mary-magdalenes-school,SA,82 Fairfield Road Elizabeth Grove SA 5112,St Mary Magdalene&#039;s School,5112
102,Everton Park State School,Everton Park State School,Ms Aminta Miller,https://goodschools.com.au/compare-schools/in-EvertonPark-4053/everton-park-state-school/location?campus_id=5945,QLD,Deakin Street Everton Park QLD 4053,Everton Park State School,4053
103,Woolaning School,Woolaning School,Ms Marilyn Sonnenburg,https://goodschools.com.au/compare-schools/in-LitchfieldPark-822/woolaning-school/location?campus_id=17214,NT,Winnellie Rd Litchfield Park NT 822,Woolaning School,822
104,Birchgrove Public School,Birchgrove Public School,Mrs Tracy Gray,https://www.goodschools.com.au/compare-schools/in-Balmain-2041/birchgrove-public-school/location?campus_id=3340,NSW,Birchgrove Rd Balmain NSW 2041,Birchgrove Public School,2041
105,St Anne&#039;s School,St Anne&#039;s School,Mr Gregory James,https://www.goodschools.com.au/compare-schools/in-KewEast-3102/st-annes-school,VIC,7-19 Beresford Street Kew East VIC 3102,St Anne&#039;s School,3102
106,Wagaman Primary School,Wagaman Primary School,Ms Michele Cody,https://www.goodschools.com.au/compare-schools/in-Wagaman-810/wagaman-primary-school/location,NT,Wagaman Tce Wagaman NT 810,Wagaman Primary School,810
107,Wesley College Elsternwick,Wesley College Elsternwick,Mr Nicholas Evans,https://www.goodschools.com.au/compare-schools/in-Elsternwick-3185/wesley-college-elsternwick/fees,VIC,5 Gladstone Pde Elsternwick VIC 3185,Wesley College Elsternwick,3185
108,Heritage College,Heritage College,Mr Sonny Aiono,https://goodschools.com.au/compare-schools/in-NarreWarrenSouth-3805/heritage-college/fees,VIC,333 Centre Road Narre Warren South VIC 3805,Heritage College,3805
109,Darwin High School,Darwin High School,Jill Hazeldine,https://www.goodschools.com.au/compare-schools/in-TheGardens-820/darwin-high-school,NT,10 Atkins Dr The Gardens NT 820,Darwin High School,820
110,Trinity Grammar School Kew,Trinity Grammar School Kew,Mr Adrian Farrer,https://www.goodschools.com.au/compare-schools/in-Kew-3101/trinity-grammar-school-kew,VIC,40 Charles St Kew VIC 3101,"Trinity Grammar School, Kew",3101
111,Mount St Benedict College,Mount St Benedict College,,https://goodschools.com.au/compare-schools/in-PennantHills-2120/mount-st-benedict-college/location,NSW,449c Pennant Hills Road Pennant Hills NSW 2120,Mount St Benedict College,2120
112,St Thomas School,St Thomas School,Mr Dan Cowan,https://goodschools.com.au/compare-schools/in-Goodwood-5034/st-thomas-school/fees,SA,10 Rushton Street Goodwood SA 5034,St Thomas School,5034
113,Canterbury College,Canterbury College,Mr Dan Walker,https://goodschools.com.au/compare-schools/in-Waterford-4133/canterbury-college,QLD,Old Logan Village Road Waterford QLD 4133,Canterbury College,4133
114,Mount Nelson Primary School,Mount Nelson Primary School,Mr Peter Walker,https://goodschools.com.au/compare-schools/in-MountNelson-7007/mount-nelson-primary-school,TAS,388 Nelson Road Mount Nelson TAS 7007,Mount Nelson Primary School,7007
115,Highvale Primary School,Highvale Primary School,Mr Steven Richardson,https://www.goodschools.com.au/compare-schools/in-GlenWaverley-3150/highvale-primary-school,VIC,33 Ashton Street Glen Waverley VIC 3150,Highvale Primary School,3150
116,Elanora State School,Elanora State School,Ms Toni Robinson,https://www.goodschools.com.au/compare-schools/in-Elanora-4221/elanora-state-school,QLD,K P McGrath Drive Elanora QLD 4221,Elanora State School,4221
117,Our Lady of Mount Carmel Primary School,Our Lady of Mount Carmel Primary School,Mr Steven Lemos,https://goodschools.com.au/compare-schools/in-Waterloo-2015/our-lady-of-mount-carmel-primary-school/open-days,NSW,4 Kellick Street Waterloo NSW 2015,Our Lady of Mount Carmel Primary School,2015
118,Glen Osmond Primary School,Glen Osmond Primary School,Ms Julie Mattiske,https://goodschools.com.au/compare-schools/in-MyrtleBank-5064/glen-osmond-primary-school,SA,5 Fisher Street Myrtle Bank SA 5064,Glen Osmond Primary School,5064
119,Oxley Christian College,Oxley Christian College,Dr Douglas Peck,https://goodschools.com.au/compare-schools/in-ChirnsidePark-3116/oxley-christian-college/open-days,VIC,15-49 Old Melbourne Rd Chirnside Park VIC 3116,Oxley Christian College,3116
120,Moreton Bay Boys College,Moreton Bay Boys College,Mr James Sloman,https://goodschools.com.au/compare-schools/in-ManlyWest-4179/moreton-bay-boys-college/location,QLD,258-302 Manly Road Manly West QLD 4179,Moreton Bay Boys College,4179
121,Ascham School,Ascham School,Mr Andrew Powell,https://www.goodschools.com.au/compare-schools/in-Edgecliff-2027/ascham-school/boarding,NSW,188 New South Head Road Edgecliff NSW 2027,Ascham School,2027
122,St Mary of the Cross Catholic Primary School,St Mary of the Cross Catholic Primary School,Mr Leon Colla,https://www.goodschools.com.au/compare-schools/in-PointCook-3030/st-mary-of-the-cross-catholic-primary-school/location?campus_id=N48GR019U8DR3R92,VIC,70 Carrick Street Saltwater Coast Estate Point Cook VIC 3030,St Mary of the Cross Catholic Primary School,3030
123,Wenona School,Wenona School,Dr Briony Scott,https://www.goodschools.com.au/compare-schools/in-NorthSydney-2060/wenona-school,NSW,176 Walker Street North Sydney NSW 2060,Wenona School,2060
124,Nakara Primary School,Nakara Primary School,Britany Roestenburg,https://www.goodschools.com.au/compare-schools/in-Nakara-810/nakara-primary-school,NT,Goodman St Nakara NT 810,Nakara Primary School,810
125,Albury Public School,Albury Public School,Ms Liane Singleton,https://goodschools.com.au/compare-schools/in-Albury-2640/albury-public-school,NSW,481 David St Albury NSW 2640,Albury Public School,2640
126,Holland Park State High School,Holland Park State High School,Ms Jocelyn Roberts,https://goodschools.com.au/compare-schools/in-HollandParkWest-4121/holland-park-state-high-school/naplan-score,QLD,Bapaume Road Holland Park West QLD 4121,Holland Park State High School,4121
127,South Coast Baptist College,South Coast Baptist College,Mr Des Mitchell,https://goodschools.com.au/compare-schools/in-Waikiki-6169/south-coast-baptist-college/location?campus_id=18326,WA,30 Gnangara Dr Waikiki WA 6169,South Coast Baptist College,6169
128,John Paul College,John Paul College,Mrs Karen Spiller,https://www.goodschools.com.au/compare-schools/in-DaisyHill-4127/john-paul-college-daisy-hill,QLD,John Paul Drive Daisy Hill QLD 4127,John Paul College,4127
129,Launceston Church Grammar School,Launceston Church Grammar School,Mr Richard Ford,https://www.goodschools.com.au/compare-schools/in-Mowbray-7248/launceston-church-grammar-school,TAS,36 Button Street Mowbray Heights TAS 7248,Launceston Church Grammar School,7248
130,Dripstone Middle School,Dripstone Middle School,Mr Peter Swan,https://www.goodschools.com.au/compare-schools/in-Tiwi-810/dripstone-middle-school,NT,10 Delamere St Tiwi NT 810,,810
131,Glenunga International High School,Glenunga International High School,Ms Wendy Johnson,https://goodschools.com.au/compare-schools/in-Glenunga-5064/glenunga-international-high-school/naplan-score,SA,99 L&#039;Estrange Street Glenunga SA 5064,Glenunga International High School,5064
132,Thomas Chirnside Primary School,Thomas Chirnside Primary School,Mrs Bev Thompson,https://goodschools.com.au/compare-schools/in-Werribee-3030/thomas-chirnside-primary-school,VIC,85 Walls Road Werribee VIC 3030,Thomas Chirnside Primary School,3030
133,The Essington School Darwin,The Essington School Darwin,Mr Brian Kennelly,https://www.goodschools.com.au/compare-schools/in-Nightcliff-810/the-essington-school-darwin/fees,NT,Chapman Road Nightcliff NT 810,,810
134,Albury North Public School,Albury North Public School,Mr Paul Smith,https://goodschools.com.au/compare-schools/in-Albury-2640/albury-north-public-school,NSW,868 Mate St Albury NSW 2640,Albury North Public School,2640
135,Marymount Primary School,Marymount Primary School,Mr Brendan Creevey,https://www.goodschools.com.au/compare-schools/in-BurleighWaters-4220/marymount-primary-school,QLD,261-283 Burleigh Connection Road Burleigh Waters QLD 4220,Marymount Primary School,4220
136,St Matthew&#039;s Primary School,St Matthew&#039;s Primary School,Mr Graham Pollard,https://goodschools.com.au/compare-schools/in-Page-2614/st-matthews-primary-school,ACT,Stutchbury Street Page ACT 2614,St Matthew&#039;s Primary School,2614
137,St Andrew&#039;s Cathedral School,St Andrew&#039;s Cathedral School,Dr John Collier,https://www.goodschools.com.au/compare-schools/in-Sydney-2000/st-andrews-cathedral-school/secondary,NSW,Sydney Square Sydney NSW 2000,St Andrew&#039;s Cathedral School,2000
138,Randwick Public School,Randwick Public School,Mrs Susan Allen,https://goodschools.com.au/compare-schools/in-Randwick-2031/randwick-public-school,NSW,Cowper St Randwick NSW 2031,Randwick Public School,2031
139,Tenison Woods Catholic Primary School,Tenison Woods Catholic Primary School,Mr John Low,https://goodschools.com.au/compare-schools/in-Richmond-5033/tenison-woods-catholic-primary-school,SA,68 Brooker Tce Richmond SA 5033,Tenison Woods Catholic Primary School,5033
140,Moil Primary School,Moil Primary School,Ms Pamela Erfurt,https://www.goodschools.com.au/compare-schools/in-Moil-810/moil-primary-school,NT,37 Lanyon Terrace Moil NT 810,Moil Primary School,810
141,The Hutchins School,The Hutchins School,Dr Rob McEwan,https://goodschools.com.au/compare-schools/in-SandyBay-7005/the-hutchins-school,TAS,71 Nelson Rd Sandy Bay TAS 7005,The Hutchins School,7005
142,Wantirna College,Wantirna College,Mr Kevin Murphy,https://www.goodschools.com.au/compare-schools/in-Wantirna-3152/wantirna-college,VIC,Harold St Wantirna VIC 3152,Wantirna College,3152
143,Gawa Christian School,Gawa Christian School,Karen Fletcher,https://www.goodschools.com.au/compare-schools/in-Winnellie-822/gawa-christian-school/location,NT,"Gawa, Elcho Island Winnellie NT 822",Gawa Christian School,822
144,Carlton Gardens Primary School,Carlton Gardens Primary School,Mrs Tina McDougall,https://www.goodschools.com.au/compare-schools/in-Carlton-3053/carlton-gardens-primary-school,VIC,215 Rathdowne Street Carlton VIC 3053,Carlton Gardens Primary School,3053
145,Bentleigh Secondary College,Bentleigh Secondary College,Ms Helene Hiotis,https://www.goodschools.com.au/compare-schools/in-BentleighEast-3165/bentleigh-secondary-college,VIC,Vivien St Bentleigh East VIC 3165,Bentleigh Secondary College,3165
146,South Hobart Primary School,South Hobart Primary School,Ms Anne Reeves,https://goodschools.com.au/compare-schools/in-SouthHobart-7004/south-hobart-primary-school,TAS,59 Anglesea Street South Hobart TAS 7004,South Hobart Primary School,7004
147,St Agnes&#039; School,St Agnes&#039; School,Mrs Melina Colussi,https://www.goodschools.com.au/compare-schools/in-Matraville-2036/st-agnes-school-matraville/naplan-score,NSW,511 Bunnerong Road Matraville NSW 2036,St Agnes&#039; School,2036
148,Jingili Primary School,Jingili Primary School,Ms Carin Symonds,https://goodschools.com.au/compare-schools/in-Jingili-810/jingili-primary-school,NT,17 Rindberg St. Jingili NT 810,Jingili Primary School,810
149,Inner Sydney Montessori School,Inner Sydney Montessori School,Mrs Zoe Ezzard,https://goodschools.com.au/compare-schools/in-Rozelle-2039/inner-sydney-montessori-school/naplan-score,NSW,44 Smith Street Rozelle NSW 2039,Inner Sydney Montessori School,2039
150,Florey Primary School,Florey Primary School,Ms Felicity Bruce,https://goodschools.com.au/compare-schools/in-Florey-2615/florey-primary-school,ACT,Ratcliffe Crescent Florey ACT 2615,Florey Primary School,2615
151,Taylors College,Taylors College,Ms Sharon Burke,https://goodschools.com.au/compare-schools/in-Waterloo-2017/taylors-high-school/location?campus_id=ZZCFM3T85821HS7111,NSW,965 Bourke St Waterloo NSW 2017,Taylors College,2017
152,Carlisle Primary School,Carlisle Primary School,Ms Cameron Lindley,https://goodschools.com.au/compare-schools/in-Kewdale-6105/carlisle-primary-school,WA,1 Wright Street Carlisle WA 6105,Carlisle Primary School,6105
153,Glebe Public School,Glebe Public School,Ms Melinda Sikora,https://goodschools.com.au/compare-schools/in-Glebe-2037/glebe-public-school,NSW,Derwent St Glebe NSW 2037,Glebe Public School,2037
154,Churchlands Primary School,Churchlands Primary School,Ms Kim Fraser,https://goodschools.com.au/compare-schools/in-Floreat-6014/churchlands-primary-school/naplan-score,WA,Cromarty Road Floreat WA 6014,Churchlands Primary School,6014
155,Victoria Park Christian School,Victoria Park Christian School,Mr Mark Foster,https://goodschools.com.au/compare-schools/in-VictoriaPark-6100/victoria-park-christian-school/location,WA,27 Colombo Street Victoria Park WA 6100,Victoria Park Christian School,6100
156,Caulfield Park Community School,Caulfield Park Community School,Mr David Roycroft,https://goodschools.com.au/compare-schools/in-CaulfieldNorth-3161/caulfield-park-community-school/location?campus_id=693,VIC,319 Balaclava Rd Caulfield North VIC 3161,Caulfield Park Community School,3161
157,St Margaret&#039;s Anglican Girls School,St Margaret&#039;s Anglican Girls School,Ms Ros Curtis,https://goodschools.com.au/compare-schools/in-Ascot-4007/st-margarets-anglican-girls-school/boarding,QLD,11 Petrie Street Ascot QLD 4007,St Margaret&#039;s Anglican Girls School,4007
158,Faith Lutheran College - Redlands,Faith Lutheran College - Redlands,Mr Shane Altmann,https://goodschools.com.au/compare-schools/in-VictoriaPoint-4165/faith-lutheran-college-redlands/open-days,QLD,132 Link Rd Victoria Point QLD 4165,Faith Lutheran College - Redlands,4165
159,Mitcham Girls High School,Mitcham Girls High School,Ms Linda Baird,https://goodschools.com.au/compare-schools/in-Kingswood-5062/mitcham-girls-high-school/naplan-score,SA,Kyre Avenue Kingswood SA 5062,Mitcham Girls High School,5062
160,Loreto College,Loreto College,Dr Nicole Archard,https://www.goodschools.com.au/compare-schools/in-Marryatville-5068/loreto-college/fees,SA,316 Portrush Rd Marryatville SA 5068,Loreto College Marryatville,5068
161,Mount Stuart Primary School,Mount Stuart Primary School,Mr Charles White,https://www.goodschools.com.au/compare-schools/in-MountStuart-7000/mount-stuart-primary-school,TAS,106 Gillon Cres Mount Stuart TAS 7000,Mount Stuart Primary School,7000
162,Cottesloe Primary School,Cottesloe Primary School,Mr Graham Dart,https://goodschools.com.au/compare-schools/in-PeppermintGrove-6011/cottesloe-primary-school,WA,530 Stirling Highway Peppermint Grove WA 6011,Cottesloe Primary School,6011
163,St Bede&#039;s School,St Bede&#039;s School,Mrs Annette Broadfoot,https://www.goodschools.com.au/compare-schools/in-BalwynNorth-3104/st-bedes-school,VIC,2 Marwal Avenue Balwyn North VIC 3104,St Bede&#039;s School,3104
164,Brentwood Secondary College,Brentwood Secondary College,Mr John Ballagh,https://goodschools.com.au/compare-schools/in-GlenWaverley-3150/brentwood-secondary-college/fees,VIC,65-71 Watsons Rd Glen Waverley VIC 3150,Brentwood Secondary College,3150
165,Kolbe Catholic College,Kolbe Catholic College,Ms Robyn Miller,https://goodschools.com.au/compare-schools/in-Rockingham-6168/kolbe-catholic-college,WA,25 Dowling Street Rockingham WA 6168,Kolbe Catholic College,6168
166,St Mary&#039;s Anglican Girls&#039; School,St Mary&#039;s Anglican Girls&#039; School,Mrs Judith Tudball,https://www.goodschools.com.au/compare-schools/in-Karrinyup-6018/st-marys-anglican-girls-school/secondary,WA,75 Elliott Rd Karrinyup WA 6018,St Mary&#039;s Anglican Girls&#039; School,6018
167,Australian Christian College - Burnie,Australian Christian College - Burnie,,https://goodschools.com.au/compare-schools/in-Somerset-7322/australian-christian-college-burnie,TAS,30 Seabrook Rd Somerset TAS 7322,Australian Christian College - Burnie,7322
168,Corpus Christi School,Corpus Christi School,Ms Linda Roynic,https://goodschools.com.au/compare-schools/in-Werribee-3030/corpus-christi-school-werribee,VIC,29 Russell Street Werribee VIC 3030,Corpus Christi School,3030
169,Brindabella Christian College,Brindabella Christian College,Mrs Elizabeth Hutton,https://goodschools.com.au/compare-schools/in-Lyneham-2602/brindabella-christian-college,ACT,136 Brigalow Street Lyneham ACT 2602,Brindabella Christian College,2602
170,St Joseph&#039;s Primary School,St Joseph&#039;s Primary School,Mr Michael O&#039;Sullivan,https://www.goodschools.com.au/compare-schools/in-KangarooPoint-4169/st-josephs-primary-school-kangaroo-point,QLD,26-36 Leopard Street Kangaroo Point QLD 4169,St Joseph&#039;s Primary School,4169
171,Torrensville Primary School,Torrensville Primary School,Mr John McCade,https://goodschools.com.au/compare-schools/in-Torrensville-5031/torrensville-primary-school,SA,Hayward Avenue Torrensville SA 5031,,5031
172,Presbyterian Ladies&#039; College - Perth,Presbyterian Ladies&#039; College - Perth,Ms Cate Begbie,https://goodschools.com.au/compare-schools/in-PeppermintGrove-6011/presbyterian-ladies-college-perth/primary,WA,14 McNeil St Peppermint Grove WA 6011,Presbyterian Ladies&#039; College - Perth,6011
173,Playford International College,Playford International College,Mr Rob Knight,https://www.goodschools.com.au/compare-schools/in-Elizabeth-5112/playford-international-college/location?campus_id=18723,SA,Philip Highway Elizabeth SA 5112,Playford International College,5112
174,Brisbane Central State School,Brisbane Central State School,Mr Michael Grogan,https://www.goodschools.com.au/compare-schools/in-SpringHill-4000/brisbane-central-state-school,QLD,Rogers Street Spring Hill QLD 4000,Brisbane Central State School,4000
175,Amoonguna School,Amoonguna School,Ms Cherie Gibbens,https://www.goodschools.com.au/compare-schools/in-Amoonguna-872/amoonguna-school,NT,Amoonguna Amoonguna NT 872,Amoonguna School,872
176,St Luke the Evangelist School,St Luke the Evangelist School,Mr Ed Weekes,https://www.goodschools.com.au/compare-schools/in-BlackburnSouth-3130/st-luke-the-evangelist-school/fees,VIC,46 Orchard Grove Blackburn South VIC 3130,St Luke the Evangelist School,3130
177,Wesley College Glen Waverley,Wesley College Glen Waverley,Mr Nicholas Evans,https://www.goodschools.com.au/compare-schools/in-GlenWaverley-3150/wesley-college-glen-waverley/secondary/scholarships,VIC,620 High Street Rd Glen Waverley VIC 3150,Wesley College Glen Waverley,3150
178,Academy of Mary Immaculate,Academy of Mary Immaculate,Sr Mary Moloney,https://www.goodschools.com.au/compare-schools/in-Fitzroy-3065/academy-of-mary-immaculate,VIC,88 Nicholson St Fitzroy VIC 3065,Academy of Mary Immaculate,3065
179,Leanyer Primary School,Leanyer Primary School,Ms Leah Crockford,https://www.goodschools.com.au/compare-schools/in-Leanyer-812/leanyer-primary-school/location,NT,114 Leanyer Dr Sanderson NT 812,Leanyer Primary School,812
180,Ivanhoe Grammar School - Plenty Campus,Ivanhoe Grammar School - Plenty Campus,Mr Gerard Foley,https://goodschools.com.au/compare-schools/in-Mernda-3754/ivanhoe-grammar-school-plenty-campus/scholarships,,,,
181,North Cottesloe Primary School,North Cottesloe Primary School,Mr Douglas Cook,https://goodschools.com.au/compare-schools/in-Cottesloe-6011/north-cottesloe-primary-school/naplan-score,WA,100 Eric Street Cottesloe WA 6011,North Cottesloe Primary School,6011
182,Gulfview Heights Primary School,Gulfview Heights Primary School,Mr Chris Zunis,https://www.goodschools.com.au/compare-schools/in-GulfviewHeights-5096/gulfview-heights-primary-school,SA,39 Kiekebusch Road Gulfview Heights SA 5096,Gulfview Heights Primary School,5096
183,Emmaus Christian College,Emmaus Christian College,Mr Andrew Linke,https://goodschools.com.au/compare-schools/in-SouthPlympton-5038/emmaus-christian-college/location,SA,7 Lynton Ave South Plympton SA 5038,Emmaus Christian College,5038
184,Scotch Oakburn College,Scotch Oakburn College,Mr Andy Muller,https://goodschools.com.au/compare-schools/in-Newstead-7250/scotch-oakburn-college,TAS,85 Penquite Rd Newstead TAS 7250,Scotch Oakburn College Penquite Campus (Year 6-12),7250
185,Copperfield College,Copperfield College,Mr Anthony Sokol,https://www.goodschools.com.au/compare-schools/in-Delahey-3037/copperfield-college/location,VIC,Goldsmith Ave Delahey VIC 3037,Delahey Senior Campus,3037
186,Austins Ferry Primary School,Austins Ferry Primary School,Mr Tim Nicholas,https://goodschools.com.au/compare-schools/in-Claremont-7011/austins-ferry-primary-school/location?campus_id=19329,TAS,13 Brodie Street Claremont TAS 7011,Austins Ferry Primary School,7011
187,Burleigh Heads State School,Burleigh Heads State School,Mr Peter Tong,https://www.goodschools.com.au/compare-schools/in-BurleighHeads-4220/burleigh-heads-state-school,QLD,Lower Gold Coast Highway Burleigh Heads QLD 4220,Burleigh Heads State School,4220
188,John Hartley School (B-7),John Hartley School (B-7),Ms Jo Everett,https://www.goodschools.com.au/compare-schools/in-SmithfieldPlains-5114/john-hartley-school-b-7/location,SA,199 Peachey Road Smithfield Plains SA 5114,John Hartley School (B-7),5114
189,Ivanhoe Grammar School - La Trobe Campus,Ivanhoe Grammar School - La Trobe Campus,Mr Gerard Foley,https://goodschools.com.au/compare-schools/in-Ivanhoe-3079/ivanhoe-grammar-school-la-trobe-campus/location?campus_id=5e72ce0fe1472,VIC,41 The Ridgeway Ivanhoe VIC 3079,Ivanhoe Campus,3079
190,St Aloysius&#039; College,St Aloysius&#039; College,Mr Mark Tannock,https://goodschools.com.au/compare-schools/in-MilsonsPoint-2061/st-aloysius-college-milsons-point/location?campus_id=16941,NSW,47 Upper Pitt Street Milsons Point NSW 2061,Senior School,2061
191,Armadale Primary School,Armadale Primary School,Ms Rochelle Cukier,https://www.goodschools.com.au/compare-schools/in-Armadale-3143/armadale-primary-school-armadale,VIC,9-23 Densham Road Armadale VIC 3143,Armadale Primary School,3143
192,Holy Family Catholic School,Holy Family Catholic School,Mr Kerry White,https://www.goodschools.com.au/compare-schools/in-ParafieldGardens-5107/holy-family-catholic-school/naplan-score,SA,71 Shepherdson Road Parafield Gardens SA 5107,Holy Family Catholic School,5107
193,Genazzano FCJ College,Genazzano FCJ College,Ms Karen Jebb,https://www.goodschools.com.au/compare-schools/in-KEW-3101/genazzano-fcj-college,VIC,301 Cotham Rd KEW VIC 3101,Genazzano FCJ College,3101
194,Templestowe College,Templestowe College,Mr Peter Ellis,https://www.goodschools.com.au/compare-schools/in-TemplestoweLower-3107/templestowe-college,VIC,7 Cypress Ave Templestowe Lower VIC 3107,Templestowe College,3107
195,Manorvale Primary School,Manorvale Primary School,Ms Helen Watson,https://goodschools.com.au/compare-schools/in-Werribee-3030/manorvale-primary-school,VIC,232-246 Greaves St North Werribee VIC 3030,Manorvale Primary School,3030
196,Christ Church Grammar School,Christ Church Grammar School,Ms Sandra Holland,https://www.goodschools.com.au/compare-schools/in-SouthYarra-3141/christ-church-grammar-school-south-yarra,VIC,677 Punt Road South Yarra VIC 3141,Christ Church Grammar School,3141
197,Plunkett Street Public School,Plunkett Street Public School,Ms Juliet Sonter,https://goodschools.com.au/compare-schools/in-Woolloomooloo-2011/plunkett-street-public-school/naplan-score,NSW,Forbes St Woolloomooloo NSW 2011,Plunkett Street Public School,2011
198,Montrose Bay High School,Montrose Bay High School,Ms Pieta McKay,https://goodschools.com.au/compare-schools/in-Rosetta-7010/montrose-bay-high-school/location,TAS,865 Brooker Avenue Rosetta TAS 7010,Montrose Bay High School,7010
199,Mercy Catholic College,Mercy Catholic College,Ms Suzanne Kavanagh,https://goodschools.com.au/compare-schools/in-Chatswood-2057/mercy-catholic-college/open-days,NSW,101 Archer Street Chatswood NSW 2057,Mercy Catholic College,2057
200,Alpurrurulam School,Alpurrurulam School,Mr Daven Scott,https://www.goodschools.com.au/compare-schools/in-Alpurrurulam-4825/alpurrurulam-school,NT,Alpurrurulam Alpurrurulam NT 4825,Alpurrurulam School,4825
201,Sacre Coeur,Sacre Coeur,Ms Anna Masters,https://goodschools.com.au/compare-schools/in-GlenIris-3146/sacre-coeur/location?campus_id=491,VIC,172 Burke Rd Glen Iris VIC 3146,Sacre Coeur,3146
202,Ringwood Heights Primary School,Ringwood Heights Primary School,Ms Kim Bride,https://goodschools.com.au/compare-schools/in-RingwoodNorth-3134/ringwood-heights-primary-school,VIC,60 Summit Crescent Ringwood North VIC 3134,Ringwood Heights Primary School,3134
203,Taroona High School,Taroona High School,Mr Matthew Bennell,https://goodschools.com.au/compare-schools/in-Taroona-7053/taroona-high-school,TAS,Meath Avenue Taroona TAS 7053,Taroona High School,7053
204,University of Canberra Senior Secondary College Lake Ginninderra,University of Canberra Senior Secondary College Lake Ginninderra,Mr Martin Watson,https://goodschools.com.au/compare-schools/in-Belconnen-2616/university-of-canberra-senior-secondary-college-lake-ginninderra,ACT,Emu Bank Belconnen ACT 2616,University of Canberra Senior Secondary College Ginninderra,2616
205,Echuca Primary School,Echuca Primary School,Ms Lynne Flynn,https://www.goodschools.com.au/compare-schools/in-Echuca-3564/echuca-primary-school/location,VIC,High Street Echuca VIC 3564,Echuca Primary School,3564
206,St Mary&#039;s School,St Mary&#039;s School,Mr Brendan Atley,https://www.goodschools.com.au/compare-schools/in-Echuca-3564/st-marys-school-echuca,VIC,15-33 Bridlington Ave Echuca VIC 3564,St Mary&#039;s School,3564
207,Newman College,Newman College,Mr John Finneran,https://goodschools.com.au/compare-schools/in-Churchlands-6018/newman-college/early%20learning,WA,49 Peebles Rd Floreat WA 6014,Marian - Early Childhood Education (PK-Y2),6014
208,Goulburn Street Primary School,Goulburn Street Primary School,Mr Michael MPark,https://goodschools.com.au/compare-schools/in-WestHobart-7000/goulburn-street-primary-school,TAS,Forest Road West Hobart TAS 7000,Goulburn Street Primary School,7000
209,Princes Street Primary School,Princes Street Primary School,Mm John Dryden,https://goodschools.com.au/compare-schools/in-SandyBay-7005/princes-street-primary-school/naplan-score,TAS,Princes St Sandy Bay TAS 7005,Princes Street Primary School,7005
210,St Joseph&#039;s Catholic School Mundingburra,St Joseph&#039;s Catholic School Mundingburra,Mr Justen Orford,https://www.goodschools.com.au/compare-schools/in-Mundingburra-4812/st-josephs-school-mundingburra,QLD,65-75 Ross River Road Mundingburra QLD 4812,St Joseph&#039;s Catholic School Mundingburra,4812
211,St Joseph’s College Gregory Terrace,St Joseph’s College Gregory Terrace,Dr Michael Carroll,https://goodschools.com.au/compare-schools/in-SpringHill-4000/st-josephs-college-terrace,QLD,285 Gregory Terrace Brisbane QLD 4000,St Joseph’s College Gregory Terrace,4000
212,Thebarton Senior College,Thebarton Senior College,Ms Eva Kannis-Torry,https://goodschools.com.au/compare-schools/in-Torrensville-5031/thebarton-senior-college,SA,40 Ashley Street Torrensville SA 5031,Thebarton Senior College,5031
213,Mount Lawley Primary School,Mount Lawley Primary School,Ms Cavelle Monck,https://goodschools.com.au/compare-schools/in-MountLawley-6050/mount-lawley-primary-school,WA,65 Woodsome Street Mount Lawley WA 6050,Mount Lawley Primary School,6050
214,Wyndham Park Primary School,Wyndham Park Primary School,Mr Laban Toose,https://goodschools.com.au/compare-schools/in-Werribee-3030/wyndham-park-primary-school,VIC,Kookaburra Ave Werribee VIC 3030,Wyndham Park Primary School,3030
215,Avoca Primary School,Avoca Primary School,Ms Jennifer Walker,https://www.goodschools.com.au/compare-schools/in-Avoca-7213/avoca-primary-school,TAS,26-30 St Pauls Street Avoca TAS 7213,Avoca Primary School,7213
216,Toorak College,Toorak College,Mrs Kristy Kendall,https://goodschools.com.au/compare-schools/in-MountEliza-3930/toorak-college,VIC,Old Mornington Rd Mount Eliza VIC 3930,Toorak College,3930
217,"Wesley College, St Kilda Road","Wesley College, St Kilda Road",Mr Nicholas Evans,https://goodschools.com.au/compare-schools/in-Melbourne-3004/wesley-college-st-kilda-road,VIC,577 St Kilda Rd Melbourne VIC 3004,Wesley College St Kilda Road,3004
218,Glen Eira College,Glen Eira College,Mrs Sheereen Kindler,https://www.goodschools.com.au/compare-schools/in-CaulfieldEast-3145/glen-eira-college,VIC,76 Booran Rd Caulfield East VIC 3145,Main Campus,3145
219,Waverley Christian College,Waverley Christian College,Mr Peter Sheahan,https://www.goodschools.com.au/compare-schools/in-WantirnaSouth-3152/waverley-christian-college,VIC,1248 High St Rd Wantirna South VIC 3152,Waverley Christian College - Wantirna South,3152
220,Currumbin State School,Currumbin State School,Mr John Cattoni,https://www.goodschools.com.au/compare-schools/in-Currumbin-4223/currumbin-state-school,QLD,6 Philip Street Currumbin QLD 4223,Currumbin State School,4223
221,Pulteney Grammar School,Pulteney Grammar School,Ms Anne Dunstan,https://www.goodschools.com.au/compare-schools/in-Adelaide-5000/pulteney-grammar-school,SA,190 South Terrace Adelaide SA 5000,Pulteney Grammar School,5000
222,St Joseph&#039;s School,St Joseph&#039;s School,Mr Adrian Grbin,https://goodschools.com.au/compare-schools/in-Tranmere-5073/st-josephs-school-tranmere,SA,1 Birkinshaw Avenue Tranmere SA 5073,St Joseph&#039;s School,5073
223,Eynesbury Senior College,Eynesbury Senior College,Ms Claire Flenley,https://goodschools.com.au/compare-schools/in-Adelaide-5000/eynesbury-senior-college/fees,SA,15-19 Franklin Street Adelaide SA 5000,Eynesbury Senior College,5000
224,Erasmus Primary School,Erasmus Primary School,Mr Thierry Clarisse,https://www.goodschools.com.au/compare-schools/in-Hawthorn-3122/erasmus-school/open-days,VIC,40 Lisson Grove Hawthorn VIC 3122,Erasmus School,3122
225,Elizabeth Downs Primary School,Elizabeth Downs Primary School,Ms Meredith Starkey,https://www.goodschools.com.au/compare-schools/in-ElizabethDowns-5113/elizabeth-downs-primary-school,SA,Heard Street Elizabeth Downs SA 5113,Elizabeth Downs Primary School,5113
226,Adelaide High School,Adelaide High School,Ms Cezanne Green,https://goodschools.com.au/compare-schools/in-Adelaide-5000/adelaide-high-school,SA,West Terrace Adelaide SA 5000,,5000
227,Wembley Primary School,Wembley Primary School,Ms Donna Snow,https://goodschools.com.au/compare-schools/in-Wembley-6014/wembley-primary-school/naplan-score,WA,41 Grantham Street Wembley WA 6014,Wembley Primary School,6014
228,Suzanne Cory High School,Suzanne Cory High School,Mr Colin Axup,https://goodschools.com.au/compare-schools/in-Werribee-3030/suzanne-cory-high-school,VIC,225 Hoppers Lane Werribee VIC 3030,Suzanne Cory High School,3030
229,Ballarat Grammar,Ballarat Grammar,Mr Adam Heath,https://www.goodschools.com.au/compare-schools/in-Wendouree-3355/ballarat-grammar,VIC,201 Forest St Wendouree VIC 3355,Ballarat Grammar,3355
230,Yarranlea Primary School,Yarranlea Primary School,Mr David Costin,https://goodschools.com.au/compare-schools/in-MountGravatt-4122/yarranlea-primary-school/location,QLD,176 Messines Ridge Road Mount Gravatt QLD 4122,Yarranlea Primary School - Griffith University Mount Gravatt Campus,4122
231,Xavier College,Xavier College,Mr William Doherty,https://goodschools.com.au/compare-schools/in-Kew-3101/xavier-college-kew,VIC,135 Barkers Road Kew VIC 3101,Senior Campus,3101
232,Tallebudgera State School,Tallebudgera State School,Ms ZOe Harlow,https://www.goodschools.com.au/compare-schools/in-Tallebudgera-4228/tallebudgera-state-school,QLD,492 Guineas Creek Road Tallebudgera QLD 4228,Tallebudgera State School,4228
233,Camberwell Grammar School,Camberwell Grammar School,Dr Paul Hicks,https://www.goodschools.com.au/compare-schools/in-Canterbury-3126/camberwell-grammar-school,VIC,55 Mont Albert Rd Canterbury VIC 3126,Camberwell Grammar School,3126
234,St James&#039; School,St James&#039; School,Mr Brendan Flanagan,https://goodschools.com.au/compare-schools/in-Brighton-3186/st-james-school-brighton/location?campus_id=7057,VIC,6 St James Close Brighton VIC 3186,St James&#039; School,3186
235,Gilles Street Primary School,Gilles Street Primary School,Mr Michael Bawden,https://goodschools.com.au/compare-schools/in-Adelaide-5000/gilles-street-primary-school/naplan-score,SA,91 Gilles Street Adelaide SA 5000,Gilles Street Primary School,5000
236,Mullauna College,Mullauna College,Ms Barbara Laidlaw,https://goodschools.com.au/compare-schools/in-Mitcham-3132/mullauna-college,VIC,456 Springfield Rd Mitcham VIC 3132,Mullauna College,3132
237,St Mary&#039;s College,St Mary&#039;s College,Ms Clare Nocka,https://www.goodschools.com.au/compare-schools/in-Adelaide-5000/st-marys-college-adelaide,SA,253 Franklin Street Adelaide SA 5000,St Mary&#039;s College,5000
238,St James College,St James College,Ms Ann Rebgetz,https://goodschools.com.au/compare-schools/in-SpringHill-4000/st-james-college-spring-hill,QLD,201 Boundary Street Spring Hill QLD 4000,St James College,4000
239,Bentleigh West Primary School,Bentleigh West Primary School,Mr Steven Capp,https://goodschools.com.au/compare-schools/in-Bentleigh-3204/bentleigh-west-primary-school,VIC,23 Brewer Road Bentleigh VIC 3204,Bentleigh West Primary School,3204
240,St Aidan&#039;s Anglican Girls School,St Aidan&#039;s Anglican Girls School,Ms Toni Riordan,https://goodschools.com.au/compare-schools/in-Corinda-4075/st-aidans-anglican-girls-school,QLD,11 Ruthven Street Corinda QLD 4075,St Aidan&#039;s Anglican Girls School,4075
241,Greythorn Primary School,Greythorn Primary School,Mr Andrew Searle,https://www.goodschools.com.au/compare-schools/in-BalwynNorth-3104/greythorn-primary-school,VIC,Reading Avenue Balwyn North VIC 3104,Greythorn Primary School,3104
242,St Joseph&#039;s Primary School,St Joseph&#039;s Primary School,Mr Cameron Tarrant,https://goodschools.com.au/compare-schools/in-O'Connor-2602/st-josephs-primary-school-oconnor,ACT,Boronia Drive O&#039;Connor ACT 2602,St Joseph&#039;s Primary School,2602
243,Canberra High School,Canberra High School,Mr Phil Beecher,https://goodschools.com.au/compare-schools/in-Macquarie-2614/canberra-high-school/location,ACT,Bindubi Street Macquarie ACT 2614,Canberra High School,2614
244,Balwyn Primary School,Balwyn Primary School,Ms Trish Manicom,https://www.goodschools.com.au/compare-schools/in-Balwyn-3103/balwyn-primary-school/naplan-score,VIC,Balwyn Road Balwyn VIC 3103,Balwyn Primary School,3103
245,Brisbane Girls Grammar School,Brisbane Girls Grammar School,Ms Jacinda Euler,https://www.goodschools.com.au/compare-schools/in-SpringHill-4000/brisbane-girls-grammar-school,QLD,Gregory Terrace Brisbane QLD 4000,Brisbane Girls Grammar School - Gregory Terrace Campus,4000
246,Ivanhoe Grammar School - Ivanhoe Campus,Ivanhoe Grammar School - Ivanhoe Campus,Mr Gerard Foley,https://goodschools.com.au/compare-schools/in-Ivanhoe-3079/ivanhoe-grammar-school-ivanhoe-campus,VIC,The Ridgeway Ivanhoe VIC 3079,Ivanhoe Campus,3079
247,Swinburne Senior Secondary College,Swinburne Senior Secondary College,Mr Michael O&#039;Brien,https://www.goodschools.com.au/compare-schools/in-Hawthorn-3122/swinburne-senior-secondary-college/location?campus_id=397,VIC,505 Burwood Road Hawthorn VIC 3122,Swinburne Senior Secondary College,3122
248,Somerville House,Somerville House,Ms Kim Kiepe,https://goodschools.com.au/compare-schools/in-SouthBrisbane-4101/somerville-house,QLD,17 Graham St South Brisbane QLD 4101,Somerville House,4101
249,Wondall Heights State School,Wondall Heights State School,Ms Majella Frith,https://www.goodschools.com.au/compare-schools/in-ManlyWest-4179/wondall-heights-state-school/location,QLD,Wondall Road Manly West QLD 4179,Wondall Heights State School,4179
250,Shelford Girls&#039; Grammar,Shelford Girls&#039; Grammar,Ms Polly Flanagan,https://goodschools.com.au/compare-schools/in-Caulfield-3161/shelford-girls-grammar,VIC,3 Hood Cres Caulfield VIC 3161,Main Campus,3161
251,Sanderson Middle School,Sanderson Middle School,Ms Liz Veel,https://www.goodschools.com.au/compare-schools/in-Malak-812/sanderson-middle-school,NT,60 Matthews Rd Malak NT 812,,812
252,Brighton Secondary College,Brighton Secondary College,Mr Richard Minack,https://www.goodschools.com.au/compare-schools/in-BrightonEast-3187/brighton-secondary-college,VIC,120 Marriage Rd Brighton East VIC 3187,Brighton Secondary College,3187
253,St Andrews Lutheran College,St Andrews Lutheran College,Mr David Bliss,https://www.goodschools.com.au/compare-schools/in-Tallebudgera-4228/st-andrews-lutheran-college,QLD,175 Tallebudgera Creek Road Tallebudgera QLD 4228,St Andrews Lutheran College,4228
254,Richmond Primary School,Richmond Primary School,Mr Dean Banova,https://goodschools.com.au/compare-schools/in-Richmond-3121/richmond-primary-school-richmond,VIC,Brighton Street Richmond VIC 3121,Richmond Primary School,3121
255,Melbourne Girls&#039; College,Melbourne Girls&#039; College,Ms Karen Money,https://www.goodschools.com.au/compare-schools/in-Richmond-3121/melbourne-girls-college,VIC,Yarra Blvd Richmond VIC 3121,Melbourne Girls&#039; College,3121
256,Albuera Street Primary School,Albuera Street Primary School,Ms Kerry McMinn,https://goodschools.com.au/compare-schools/in-BatteryPoint-7004/albuera-street-primary-school,TAS,10A Albuera St Battery Point TAS 7004,Albuera Street Primary School,7004
257,Riverdale Primary School,Riverdale Primary School,Mr Thomas Harvey,https://www.goodschools.com.au/compare-schools/in-SalisburyDowns-5108/riverdale-primary-school,SA,15 De Mille Street Salisbury Downs SA 5108,Riverdale Primary School,5108
258,Amanbidji School,Amanbidji School,Mr Andrew Koch,https://www.goodschools.com.au/compare-schools/in-Mataranka-872/amanbidji-school,NT,Mataranka Mataranka NT 872,Amanbidji School,872
259,Northside Christian College,Northside Christian College,Mr Leighton Kuss,https://goodschools.com.au/compare-schools/in-EvertonPark-4053/northside-christian-college-everton-park,QLD,151 Flockton Street Everton Park QLD 4053,Northside Christian College,4053
260,All Hallows&#039; School,All Hallows&#039; School,Mrs Catherine O&#039;Kane,https://goodschools.com.au/compare-schools/in-Brisbane-4000/all-hallows-school/fees,QLD,547 Ann Street Brisbane QLD 4000,All Hallows&#039; School,4000
261,St George College,St George College,Mr Peter Karamoshos,https://goodschools.com.au/compare-schools/in-MileEnd-5031/st-george-college,SA,75 Rose Street Mile End SA 5031,St George College,5031
262,Emmaus Christian School,Emmaus Christian School,Mr Erik Hofsink,https://goodschools.com.au/compare-schools/in-Dickson-2602/emmaus-christian-school,ACT,Corner Davenport and Bancroft Streets Dickson ACT 2602,Emmaus Christian School,2602
263,Loreto Primary School,Loreto Primary School,Mrs Therese Hussey,https://goodschools.com.au/compare-schools/in-Nedlands-6009/loreto-primary-school,WA,69 Webster St Nedlands WA 6009,Loreto Primary School,6009
264,Mosman Church of England Prep School,Mosman Church of England Prep School,Mr Peter Grimes,https://goodschools.com.au/compare-schools/in-Mosman-2088/mosman-church-of-england-prep-school,NSW,75 Shadforth Street Mosman NSW 2088,Mosman Church of England Prep School,2088
265,MacKillop Catholic College,MacKillop Catholic College,Mrs Lauretta Graham,https://goodschools.com.au/compare-schools/in-Johnston-832/mackillop-catholic-college-johnston/location,NT,285 Farrar Boulevard Johnston NT 832,MacKillop Catholic College,832
266,Perth Modern School,Perth Modern School,Ms Lois Joll,https://goodschools.com.au/compare-schools/in-Subiaco-6008/perth-modern-school,WA,90 Roberts Road Subiaco WA 6008,Perth Modern School,6008
267,MacKillop College Werribee,MacKillop College Werribee,Mr Rory Kennedy,https://goodschools.com.au/compare-schools/in-Werribee-3030/mackillop-college-werribee,VIC,Russell St Werribee VIC 3030,MacKillop College,3030
268,Brisbane Grammar School,Brisbane Grammar School,Mr Anthony Micallef,https://goodschools.com.au/compare-schools/in-Brisbane-4000/brisbane-grammar-school,QLD,24 Gregory Terrace Brisbane QLD 4000,Brisbane Grammar School,4000
269,Rosetta Primary School,Rosetta Primary School,Ms Deirdre Arendt,https://goodschools.com.au/compare-schools/in-Rosetta-7010/rosetta-primary-school/location?campus_id=17070,TAS,Riverview Pde Rosetta TAS 7010,Rosetta Primary School,7010
270,Sydney Distance Education High School,Sydney Distance Education High School,Mr Mark Piddington,https://goodschools.com.au/compare-schools/in-Woolloomooloo-2011/sydney-distance-education-high-school,NSW,Forbes St Woolloomooloo NSW 2011,Sydney Distance Education High School,2011
271,Turner School,Turner School,Ms Allison Edmonds,https://goodschools.com.au/compare-schools/in-Turner-2601/turner-school,ACT,32 Condamine St Turner ACT 2601,Turner School,2601
272,Christian Brothers College,Christian Brothers College,Mr Daniel Lynch,https://goodschools.com.au/compare-schools/in-Adelaide-5000/christian-brothers-college/naplan-score,SA,214 Wakefield Street Adelaide SA 5000,Christian Brothers College,5000
273,Hillcrest Christian College,Hillcrest Christian College,Mr Jeff Davis,https://www.goodschools.com.au/compare-schools/in-ReedyCreek-4227/hillcrest-christian-college-reedy-creek,QLD,21 Bridgman Drive Reedy Creek QLD 4227,Hillcrest Christian College,4227
274,Bellerive Primary School,Bellerive Primary School,Mr Steven Hay,https://www.goodschools.com.au/compare-schools/in-Bellerive-7018/bellerive-primary-school,TAS,20 Leslie Street Bellerive TAS 7018,Bellerive Primary School,7018
275,Westgrove Primary School,Westgrove Primary School,Ms Tami-Jo Richter,https://goodschools.com.au/compare-schools/in-Werribee-3030/westgrove-primary-school,VIC,Thames Boulevard Werribee VIC 3030,Westgrove Primary School,3030
276,Queensland Academy for Creative Industries,Queensland Academy for Creative Industries,Mr Gavin Bryce,https://goodschools.com.au/compare-schools/in-KelvinGrove-4059/queensland-academy-for-creative-industries,QLD,61-73 Musk Avenue Kelvin Grove QLD 4059,Queensland Academies Creative Industries Campus,4059
277,Gold Coast Christian College,Gold Coast Christian College,Mr Guy Lawson,https://www.goodschools.com.au/compare-schools/in-ReedyCreek-4227/gold-coast-christian-college,QLD,7-9 Bridgman Drive Reedy Creek QLD 4227,Gold Coast Christian College,4227
278,Hawker Primary School,Hawker Primary School,Ms Mandy Kalyvas,https://goodschools.com.au/compare-schools/in-Hawker-2614/hawker-primary-school,ACT,Erldunda Cct Hawker ACT 2614,Hawker Primary School,2614
279,Weetangera Primary School,Weetangera Primary School,Mr James Barnett,https://goodschools.com.au/compare-schools/in-Weetangera-2614/weetangera-primary-school,ACT,Southwell St Weetangera ACT 2614,Weetangera Primary School,2614
280,Hale School,Hale School,Mr Dave Reed,https://goodschools.com.au/compare-schools/in-WembleyDowns-6019/hale-school/boarding,WA,160 Hale Road Wembley Downs WA 6019,Hale School,6019
281,Wesley College,Wesley College,Mr Ross Barron,https://www.goodschools.com.au/compare-schools/in-SouthPerth-6151/wesley-college,WA,Cnr Coode and Angelo Streets South Perth WA 6151,Wesley College,6151
282,Elanora State High School,Elanora State High School,Mr Cameron Hoghes,https://www.goodschools.com.au/compare-schools/in-Elanora-4221/elanora-state-high-school,QLD,19th Avenue &amp; Avacado Elanora QLD 4221,Elanora State High School,4221
283,Marymede Catholic College,Marymede Catholic College,Mr Michael Kenny,https://goodschools.com.au/compare-schools/in-SouthMorang-3752/marymede-catholic-college,VIC,60 Williamsons Rd South Morang VIC 3752,Marymede Catholic College,3752
284,St John the Baptist Catholic School,St John the Baptist Catholic School,Mrs Angela De Nadai,https://goodschools.com.au/compare-schools/in-Plympton-5038/st-john-the-baptist-catholic-school,SA,342 Anzac Hwy Plympton SA 5038,St John the Baptist Catholic School,5038
285,Kyilla Primary School,Kyilla Primary School,Ms Jo Hine,https://goodschools.com.au/compare-schools/in-NorthPerth-6006/kyilla-primary-school,WA,4 Selkirk Street North Perth WA 6006,Kyilla Primary School,6006
286,Werribee Primary School,Werribee Primary School,Mr David Quinn,https://goodschools.com.au/compare-schools/in-Werribee-3030/werribee-primary-school,VIC,Deutgam Street Werribee VIC 3030,Werribee Primary School,3030
287,Strathcona Baptist Girls Grammar School,Strathcona Baptist Girls Grammar School,Mrs Marise McConaghy,https://www.goodschools.com.au/compare-schools/in-Canterbury-3122/strathcona-baptist-girls-grammar-school,VIC,34 Scott Sreet Canterbury VIC 3126,Senior Campus,3126
288,Lambert School,Lambert School,Ms Wilma Lambert,https://goodschools.com.au/compare-schools/in-NorthHobart-7000/lambert-school,TAS,38-40 Church St North Hobart TAS 7000,Lambert School,7000
289,Macquarie Primary School,Macquarie Primary School,Ms Wendy Cave,https://goodschools.com.au/compare-schools/in-Macquarie-2614/macquarie-primary-school,ACT,46 Bennelong Cres Macquarie ACT 2614,Macquarie Primary School,2614
290,Prospect Primary School,Prospect Primary School,Ms Karen Duval,https://goodschools.com.au/compare-schools/in-Prospect-5082/prospect-primary-school/naplan-score,SA,27 Gladstone Road Prospect SA 5082,Prospect Primary School,5082
291,Donvale Primary School,Donvale Primary School,Mrs Lena Clark,https://www.goodschools.com.au/compare-schools/in-Donvale-3111/donvale-primary-school,VIC,Elata Street Donvale VIC 3111,Donvale Primary School,3111
292,Melton Secondary College,Melton Secondary College,Mr David Reynolds,https://www.goodschools.com.au/compare-schools/in-Melton-3337/melton-secondary-college/location?campus_id=255,VIC,Coburns Rd Melton VIC 3337,Melton Secondary College,3337
293,Manor Lakes P-12 College,Manor Lakes P-12 College,Mr Steve Warner,https://goodschools.com.au/compare-schools/in-WyndhamVale-3024/manor-lakes-p12-college,VIC,2 - 50 Minindee Road Wyndham Vale VIC 3024,Manor Lakes P-12,3024
294,Tintern Grammar,Tintern Grammar,Mr Bradley Fry,https://goodschools.com.au/compare-schools/in-RingwoodEast-3135/tintern-grammar,VIC,90 Alexandra Rd Ringwood East VIC 3135,Tintern Grammar,3135
295,Richmond Primary School,Richmond Primary School,Ms Ella Blake,https://goodschools.com.au/compare-schools/in-Keswick-5035/richmond-primary-school,SA,8 Surrey Road Keswick SA 5035,Richmond Primary School,5035
296,Our Lady of the Sacred Heart Thamarrurr Catholic College,Our Lady of the Sacred Heart Thamarrurr Catholic College,,https://www.goodschools.com.au/compare-schools/in-Wadeye-822/our-lady-of-the-sacred-heart-thamarrurr-catholic-college,NT,Winnellie Rd Winnellie NT 822,Our Lady of the Sacred Heart Thamarrurr Catholic College,822
297,South Oakleigh College,South Oakleigh College,Mr Mark Picone,https://www.goodschools.com.au/compare-schools/in-OakleighSouth-3167/south-oakleigh-college,VIC,Bakers Rd Oakleigh South VIC 3167,South Oakleigh Secondary College,3167
298,Glenroy Public School,Glenroy Public School,Mr Sean Scott,https://goodschools.com.au/compare-schools/in-NorthAlbury-2640/glenroy-public-school,NSW,Logan Rd North Albury NSW 2640,Glenroy Public School,2640
299,St Augustine&#039;s Parish Primary School,St Augustine&#039;s Parish Primary School,Mr Warren Fields,https://www.goodschools.com.au/compare-schools/in-CurrumbinWaters-4223/st-augustines-parish-primary-school,QLD,Galleon Way Currumbin Waters QLD 4223,St Augustine&#039;s Parish Primary School,4223
300,Craigmore South Primary School,Craigmore South Primary School,Mr Mike Walsh,https://www.goodschools.com.au/compare-schools/in-Craigmore-5114/craigmore-south-primary-school/location?campus_id=18839,SA,Turner Drive Craigmore SA 5114,Craigmore South Primary School,5114
301,The Pines School,The Pines School,Mrs Cherie Collings,https://www.goodschools.com.au/compare-schools/in-ParafieldGardens-5107/the-pines-school,SA,42 Andrew Smith Drive Parafield Gardens SA 5107,The Pines School,5107
302,Alice Springs School Of The Air,Alice Springs School Of The Air,Ms Belinda Pearson,https://www.goodschools.com.au/compare-schools/in-AliceSprings-870/alice-springs-school-of-the-air,NT,80 Head St Alice Springs NT 870,,870
303,Boroondara Park Primary School,Boroondara Park Primary School,Ms Susanne Lowe,https://www.goodschools.com.au/compare-schools/in-BalwynNorth-3104/boroondara-park-primary-school,VIC,40 Almond Street Balwyn North VIC 3104,Boroondara Park Primary School,3104
304,Lumen Christi School,Lumen Christi School,Mr Dave Cooper,https://www.goodschools.com.au/compare-schools/in-PointCook-3030/lumen-christi-school-point-cook/location?campus_id=7198,VIC,260 - 278 Point Cook Road Point Cook VIC 3030,Lumen Christi School,3030
305,Sholem Aleichem College,Sholem Aleichem College,Ms Helen Greenberg,https://goodschools.com.au/compare-schools/in-Elsternwick-3185/sholem-aleichem-college,VIC,11 Sinclair Street Elsternwick VIC 3185,Sholem Aleichem College,3185
306,Currambena School,Currambena School,Ms Juliana McCarthy,https://www.goodschools.com.au/compare-schools/in-LaneCove-2066/currambena-school/location,NSW,205 Longueville Road Lane Cove NSW 2066,Currambena School,2066
307,Mary Immaculate School,Mary Immaculate School,Ms Veronica Antrim,https://www.goodschools.com.au/compare-schools/in-Ivanhoe-3079/mary-immaculate-school,VIC,9 Rockbeare Grove Ivanhoe VIC 3079,Mary Immaculate School,3079
308,Ferncourt Public School,Ferncourt Public School,Ms Rebecca Hollands,https://www.goodschools.com.au/compare-schools/in-Marrickville-2204/ferncourt-public-school/location,NSW,Premier St Marrickville NSW 2204,Ferncourt Public School,2204
309,Concordia Lutheran College,Concordia Lutheran College,Mr Adrian Wiles,https://www.goodschools.com.au/compare-schools/in-Toowoomba-4350/concordia-lutheran-college,QLD,154 Stephen Street Toowoomba QLD 4350,Stephen Street Campus,4350
310,Echuca College,Echuca College,Mr Christopher Eeles,https://www.goodschools.com.au/compare-schools/in-Echuca-3564/echuca-college,VIC,College Dve Echuca VIC 3564,Echuca College: College Dr Campus,3564
311,"Victoria University Secondary College, St Albans","Victoria University Secondary College, St Albans",Ms Elaine Hazim,https://www.goodschools.com.au/compare-schools/in-DeerPark-3021/victoria-university-secondary-college-st-albans,VIC,88 Billingham Road Deer Park VIC 3023,Junior Campus,3023
312,St Catherine&#039;s School,St Catherine&#039;s School,Mrs Michelle Carroll,https://www.goodschools.com.au/compare-schools/in-Toorak-3142/st-catherines-school-toorak,VIC,17 Heyington Pl Toorak VIC 3142,St Catherine&#039;s School,3142
313,Southern Cross Catholic College,Southern Cross Catholic College,Mr Brett Horton,https://goodschools.com.au/compare-schools/in-SCARBOROUGH-4020/southern-cross-catholic-college,,,,
314,O&#039;Connor Cooperative School,O&#039;Connor Cooperative School,Ms Jenny Loudon,https://goodschools.com.au/compare-schools/in-O'Connor-2602/oconnor-cooperative-school,ACT,35A Macpherson Street O&#039;Connor ACT 2602,O&#039;Connor Cooperative School,2602
315,John Monash Science School,John Monash Science School,Mr Peter Corkill,https://www.goodschools.com.au/compare-schools/in-MonashUniversity-3800/john-monash-science-school/location?campus_id=912,VIC,39 Innovation Walk Monash University VIC 3800,John Monash Science School,3800
316,St Mary&#039;s College,St Mary&#039;s College,Mr Michael Newman,https://www.goodschools.com.au/compare-schools/in-Toowoomba-4350/st-marys-college-toowoomba,QLD,129 West Street Toowoomba QLD 4350,St Mary&#039;s College,4350
317,Kambala,Kambala,Mr Shane Hogan,https://goodschools.com.au/compare-schools/in-RoseBay-2029/kambala,NSW,794 New South Head Road Rose Bay NSW 2029,Kambala,2029
318,Casuarina Senior College,Casuarina Senior College,Mr Glenn Dixon,https://www.goodschools.com.au/compare-schools/in-Moil-810/casuarina-senior-college/location,NT,61 Parer Dr Moil NT 810,,810
319,"Sunrise Christian School, Fullarton","Sunrise Christian School, Fullarton",Ms Kylie Clark,https://goodschools.com.au/compare-schools/in-Fullarton-5063/sunrise-christian-school-fullarton,SA,95 Wattle Street Fullarton SA 5063,Sunrise Christian School,5063
320,Wilderness School,Wilderness School,Mrs Jane Danvers,https://goodschools.com.au/compare-schools/in-Medindie-5081/wilderness-school,SA,30 Hawkers Road Medindie SA 5081,Wilderness School,5081
321,Linden Park Primary School,Linden Park Primary School,Ms Deb O’Neill,https://goodschools.com.au/compare-schools/in-LindenPark-5065/linden-park-primary-school,SA,14 Hay Road Linden Park SA 5065,Linden Park Primary School,5065
322,Templestowe Heights Primary School,Templestowe Heights Primary School,Mr Rhys Coulson,https://www.goodschools.com.au/compare-schools/in-TemplestoweLower-3107/templestowe-heights-primary-school,VIC,High Street Templestowe Lower VIC 3107,Templestowe Heights Primary School,3107
323,East Bentleigh Primary School,East Bentleigh Primary School,Mrs Maria Shearn,https://www.goodschools.com.au/compare-schools/in-BentleighEast-3165/east-bentleigh-primary-school,VIC,Bignell Road Bentleigh East VIC 3165,East Bentleigh Primary School,3165
324,Monte Sant Angelo Mercy College,Monte Sant Angelo Mercy College,Mrs Nicole Christensen,https://www.goodschools.com.au/compare-schools/in-NorthSydney-2060/monte-sant-angelo-mercy-college,NSW,128 Miller Street North Sydney NSW 2060,Monte Sant Angelo Mercy College,2060
325,Para West Adult Campus,Para West Adult Campus,Ms Colleen Abbott,https://www.goodschools.com.au/compare-schools/in-DavorenPark-5113/para-west-adult-campus,SA,23 Crafter Street Davoren Park SA 5113,Para West Adult Campus,5113
326,Galilee Regional Catholic Primary School,Galilee Regional Catholic Primary School,Mr Simon Millar,https://goodschools.com.au/compare-schools/in-SouthMelbourne-3205/galilee-regional-catholic-primary-school,VIC,301-319 Bank Street South Melbourne VIC 3205,Galilee Regional Catholic Primary School,3205
327,Adass Israel School - Girls Campus,Adass Israel School - Girls Campus,Mrs Jenny Measey,https://goodschools.com.au/compare-schools/in-Elsternwick-3185/adass-israel-school-girls-campus,VIC,10 - 12 King St Elsternwick VIC 3185,Adass Israel School- Girls Campus,3185
328,"Sacred Heart Catholic Primary School, Mosman","Sacred Heart Catholic Primary School, Mosman",Ms Julie Caldwell,https://goodschools.com.au/compare-schools/in-Mosman-2088/sacred-heart-catholic-primary-school-mosman,NSW,8 Cardinal Street Mosman NSW 2088,Sacred Heart School,2088
329,Murrumbeena Primary School,Murrumbeena Primary School,Mrs Lynne Lynne,https://goodschools.com.au/compare-schools/in-Murrumbeena-3163/murrumbeena-primary-school,VIC,Hobart Road Murrumbeena VIC 3163,Murrumbeena Primary School,3163
330,Clayton North Primary School,Clayton North Primary School,Mr Edward Strain,https://www.goodschools.com.au/compare-schools/in-Clayton-3168/clayton-north-primary-school,VIC,1714 Dandenong Road Clayton VIC 3168,Clayton North Primary School,3168
331,Merici College,Merici College,Mr. Phil Coe,https://goodschools.com.au/compare-schools/in-Braddon-2612/merici-college,ACT,Wise Street Braddon ACT 2612,,2612
332,St Mary&#039;s College,St Mary&#039;s College,Ms Helen Spencer,https://goodschools.com.au/compare-schools/in-Hobart-7000/st-marys-college,TAS,164 Harrington St Hobart TAS 7000,St Mary&#039;s College,7000
333,Malvern Central School,Malvern Central School,Mrs Imogen Lippiatt,https://goodschools.com.au/compare-schools/in-Malvern-3144/malvern-central-school,VIC,Spring Rd Malvern VIC 3144,Spring Road Campus,3144
334,Werribee Secondary College,Werribee Secondary College,Mr Kurt Butyn,https://goodschools.com.au/compare-schools/in-Werribee-3030/werribee-secondary-college,VIC,Duncans Rd Werribee VIC 3030,Werribee Secondary College,3030
335,Ascot Park Primary School,Ascot Park Primary School,Ms Julie Hibell,https://goodschools.com.au/compare-schools/in-ParkHolme-5043/ascot-park-primary-school/naplan-score,SA,1-37 Pildappa Avenue Park Holme SA 5043,Ascot Park Primary School,5043
336,Hubbard&#039;s School,Hubbard&#039;s School,Ms Cathy Pappalardo,https://goodschools.com.au/compare-schools/in-Milton-4064/hubbards-school,QLD,"Level1, 15 Lang Parade Milton QLD 4064",Hubbard&#039;s School,4064
337,Mercedes College,Mercedes College,Mrs Kerrie Fraser,https://goodschools.com.au/compare-schools/in-Perth-6000/mercedes-college-perth,WA,Victoria Square Perth WA 6000,Mercedes College,6000
338,Underdale High School,Underdale High School,Mr David Harriss,https://goodschools.com.au/compare-schools/in-Underdale-5032/underdale-high-school,SA,19 Garden Terrace Underdale SA 5032,Underdale High School,5032
339,Flinders Park Primary School,Flinders Park Primary School,Ms Judy Anderson,https://goodschools.com.au/compare-schools/in-FlindersPark-5025/flinders-park-primary-school,SA,70 Holbrooks Road Flinders Park SA 5025,Flinders Park Primary School,5025
340,Lockleys Primary School,Lockleys Primary School,Mrs Chan Welfare,https://goodschools.com.au/compare-schools/in-BrooklynPark-5032/lockleys-primary-school,SA,29 Elston Street Brooklyn Park SA 5032,Lockleys Primary School,5032
341,Lyneham High School,Lyneham High School,Ms Colleen Matheson,https://goodschools.com.au/compare-schools/in-Lyneham-2602/lyneham-high-school,ACT,Goodwin Street Lyneham ACT 2602,,2602
342,The Cottage School,The Cottage School,Ms Julie Leitch,https://goodschools.com.au/compare-schools/in-Bellerive-7018/the-cottage-school/location?campus_id=16992,TAS,4-10 Queen Street Bellerive TAS 7018,The Cottage School,7018
343,Heathdale Christian College - Werribee Campus,Heathdale Christian College - Werribee Campus,Mr Ross Grace,https://goodschools.com.au/compare-schools/in-Werribee-3030/heathdale-christian-college-werribee-campus,VIC,175 Derrimut Road Werribee VIC 3030,Heathdale Christian College Werribee Campus,3030
344,Wheelers Hill Secondary College,Wheelers Hill Secondary College,Mr Aaron Smith,https://www.goodschools.com.au/compare-schools/in-WheelersHill-3150/wheelers-hill-secondary-college/naplan-score,VIC,2-28 Raphael Drive Wheelers Hill VIC 3150,Wheelers Hill Secondary College,3150
345,Wulguru State School,Wulguru State School,Ms Tracey Kenway,https://www.goodschools.com.au/compare-schools/in-Wulguru-4811/wulguru-state-school,QLD,Edison Street Wulguru QLD 4811,Wulguru State School,4811
346,Helensvale State School,Helensvale State School,Ms Heidi Booth,https://www.goodschools.com.au/compare-schools/in-Helensvale-4212/helensvale-state-school,QLD,8 Lindfield Road Helensvale QLD 4212,Helensvale State School,4212
347,Caningeraba State School,Caningeraba State School,Mr Raymond McConnell,https://www.goodschools.com.au/compare-schools/in-BurleighWaters-4220/caningeraba-state-school,QLD,Whistler Drive Burleigh Waters QLD 4220,Caningeraba State School,4220
348,Leibler Yavneh College,Leibler Yavneh College,Ms Cherylyn Skewes,https://goodschools.com.au/compare-schools/in-Elsternwick-3185/leibler-yavneh-college,VIC,2 Nagle Ave Elsternwick VIC 3185,Leibler Yavneh College,3185
349,Ainslie School,Ainslie School,Ms Wendy Cave,https://goodschools.com.au/compare-schools/in-Braddon-2612/ainslie-school,ACT,Donaldson Street Braddon ACT 2612,Ainslie School,2612
350,Australian Christian College - Launceston,Australian Christian College - Launceston,,https://goodschools.com.au/compare-schools/in-Newnham-7248/australian-christian-college-newnham,TAS,103-105 Georgetown Rd Newnham TAS 7248,Australian Christian College - Launceston,7248
351,James Fallon High School,James Fallon High School,Mrs Jennifer Parrett,https://goodschools.com.au/compare-schools/in-Albury-2640/james-fallon-high-school,NSW,400 Fallon Street North Albury NSW 2640,James Fallon High School,2640
352,St Kevin&#039;s College,St Kevin&#039;s College,Mr John Crowley,https://goodschools.com.au/compare-schools/in-Toorak-3142/st-kevins-college,VIC,31 Moonga Rd Toorak VIC 3142,Heyington Campus (P-6),3142
353,St John the Apostle Primary School,St John the Apostle Primary School,Mr Matthew Garton,https://goodschools.com.au/compare-schools/in-Florey-2615/st-john-the-apostle-primary-school,ACT,Pawsey Circuit Florey ACT 2615,St John the Apostle Primary School,2615
354,Hawthorn West Primary School,Hawthorn West Primary School,Ms Glenys Williamson,https://www.goodschools.com.au/compare-schools/in-Hawthorn-3122/hawthorn-west-primary-school,VIC,Cnr Wood Street &amp; Burwood Road Hawthorn VIC 3122,Hawthorn West Primary School,3122
355,St Michael&#039;s School,St Michael&#039;s School,Mrs Allison Travers,https://www.goodschools.com.au/compare-schools/in-Stanmore-2048/st-michaels-school-stanmore,NSW,Percival Road Stanmore NSW 2048,St Michael&#039;s School,2048
356,Marist College North Shore,Marist College North Shore,Mr Tony Duncan,https://goodschools.com.au/compare-schools/in-NorthSydney-2060/marist-college-north-shore,NSW,270 Miller Street North Sydney NSW 2060,Marist College North Shore,2060
357,St Mary&#039;s Catholic College,St Mary&#039;s Catholic College,Mr Wayne Wood,https://www.goodschools.com.au/compare-schools/in-Woree-4868/st-marys-catholic-college-woree,QLD,53 Anderson Road Woree QLD 4868,St Mary&#039;s Catholic College,4868
358,Iramoo Primary School,Iramoo Primary School,Ms Moira Findlay,https://goodschools.com.au/compare-schools/in-WyndhamVale-3024/iramoo-primary-school,VIC,261-269 Mcgrath Road Wyndham Vale VIC 3024,Iramoo Primary School,3024
359,Victorian College of the Arts Secondary School,Victorian College of the Arts Secondary School,Ms Hilary Bland,https://goodschools.com.au/compare-schools/in-Southbank-3006/victorian-college-of-the-arts-secondary-school,VIC,57 Miles St Southbank VIC 3006,Victorian College of the Arts Secondary School,3006
360,Wyndham Central Secondary College,Wyndham Central Secondary College,Ms Leanne Gagatsis- Halge,https://goodschools.com.au/compare-schools/in-Werribee-3030/wyndham-central-secondary-college,VIC,101 Shaws Rd Werribee VIC 3030,Wyndham Central Secondary College,3030
361,Belconnen High School,Belconnen High School,Mr David McCarthy,https://goodschools.com.au/compare-schools/in-Hawker-2614/belconnen-high-school/location,ACT,Murranji Street Hawker ACT 2614,,2614
362,Wilkins Public School,Wilkins Public School,Ms Sheila Bollard,https://www.goodschools.com.au/compare-schools/in-Marrickville-2204/wilkins-public-school,NSW,Park Rd Marrickville NSW 2204,Wilkins Public School,2204
363,Larrakeyah Primary School,Larrakeyah Primary School,Ms Fathma Mauger,https://goodschools.com.au/compare-schools/in-Larrakeyah-820/larrakeyah-primary-school,NT,3 Packard Street Larrakeyah NT 820,Larrakeyah Primary School,820
364,Buderim Mountain State School,Buderim Mountain State School,Mr Neil Jenkins,https://www.goodschools.com.au/compare-schools/in-Buderim-4556/buderim-mountain-state-school,QLD,8-42 Main Street Buderim QLD 4556,Buderim Mountain State School,4556
365,St Mark&#039;s College,St Mark&#039;s College,Mr Greg Hay,https://goodschools.com.au/compare-schools/in-PortPirie-5540/st-marks-college,SA,455 The Terrace Extension Port Pirie SA 5540,St Mark&#039;s College,5540
366,Camberwell Primary School,Camberwell Primary School,Ms Janet Gale,https://www.goodschools.com.au/compare-schools/in-Camberwell-3124/camberwell-primary-school,VIC,290 Camberwell Road Camberwell VIC 3124,Camberwell Primary School,3124
367,German International School Sydney,German International School Sydney,Dr Lorenz Metzger,https://www.goodschools.com.au/compare-schools/in-TerreyHills-2084/german-international-school-sydney,NSW,33 Myoora Road Terrey Hills NSW 2084,German International School Sydney,2084
368,Caulfield Primary School,Caulfield Primary School,Mr Peter Gray,https://goodschools.com.au/compare-schools/in-CaulfieldSouth-3162/caulfield-primary-school,VIC,724 Glenhuntly Road Caulfield South VIC 3162,Caulfield Primary School,3162
369,Balaklava Primary School,Balaklava Primary School,Mrs Dianna Jarman,https://goodschools.com.au/compare-schools/in-Balaklava-5461/balaklava-primary-school,SA,Wallace Street Balaklava SA 5461,Balaklava Primary School,5461
370,St George&#039;s Anglican Grammar School,St George&#039;s Anglican Grammar School,Mr Gary Racey,https://goodschools.com.au/compare-schools/in-Murdoch-6000/st-georges-anglican-grammar-school,WA,50 William Street Perth WA 6000,St George&#039;s Anglican Grammar School,6000
371,Australian Christian College - Hobart,Australian Christian College - Hobart,,https://goodschools.com.au/compare-schools/in-GeilstonBay-7015/australian-christian-college-hobart,TAS,7 Golf Links Rd Geilston Bay TAS 7015,Australian Christian College - Hobart,7015
372,St Luke&#039;s Catholic Primary School,St Luke&#039;s Catholic Primary School,Mrs Carrie Rodda,https://www.goodschools.com.au/compare-schools/in-Wantirna-3152/st-lukes-catholic-primary-school,VIC,25 Stokes Road Wantirna VIC 3152,St Luke&#039;s School,3152
373,Prince Alfred College,Prince Alfred College,Mr Bradley Fenner,https://www.goodschools.com.au/compare-schools/in-KentTown-5067/prince-alfred-college,SA,23 Dequetteville Terrace Kent Town SA 5067,Prince Alfred College,5067
374,Swan Christian College,Swan Christian College,Mr Adrian Scott,https://goodschools.com.au/compare-schools/in-MiddleSwan-6056/swan-christian-college,WA,381 Great Northern Highway Middle Swan WA 6056,Swan Christian College,6056
375,Forrest Primary School,Forrest Primary School,Ms Christine Pilgrim,https://goodschools.com.au/compare-schools/in-Forrest-2603/forrest-primary-school,ACT,Hobart Avenue Forrest ACT 2603,Forrest Primary School,2603
376,Lockleys North Primary School,Lockleys North Primary School,Mr Tyson Grinham,https://goodschools.com.au/compare-schools/in-Lockleys-5032/lockleys-north-primary-school,SA,55 Malurus Avenue Lockleys SA 5032,Lockleys North Primary School,5032
377,Beaconsfield Primary School,Beaconsfield Primary School,Ms Sharryn Crothers,https://www.goodschools.com.au/compare-schools/in-Beaconsfield-7270/beaconsfield-primary-school-beaconsfield-tas,TAS,33 Grubb Street Beaconsfield TAS 7270,Beaconsfield Primary School,7270
378,Cowandilla Primary School,Cowandilla Primary School,Ms Katrina Sexton,https://goodschools.com.au/compare-schools/in-Cowandilla-5033/cowandilla-primary-school,SA,21 Jenkins Street Cowandilla SA 5033,Cowandilla Primary School,5033
