price,mileage,power,make_model,date,fuel,gear,offer_type,version,link
8400,7320,145.0,Suzuki GSX-S 1000,12/2015,Gasoline,Manual,Used,,/offers/suzuki-gsx-s-1000-gasoline-blue-4fb443bd-0c84-9806-e053-0100007f219f
23644,399,207.0,BMW S 1000 RR,06/2021,Gasoline,,Used,Aktionspreis !!,/offers/bmw-s-1000-rr-aktionspreis-gasoline-c9022dd9-ebda-4466-acc2-e9cdc4517616
10490,55442,125.0,BMW R 1200 R,01/2015,,,Used,,/offers/bmw-r-1200-r-black-3a8b4bb8-1dd8-4440-8220-5b5f8ec1f392
7600,3670,68.0,Kawasaki Ninja 650,05/2019,Gasoline,,Used,,/offers/kawasaki-ninja-650-gasoline-green-87d497c2-8e90-784d-e053-0100007fcd70
9000,100000,110.0,BMW R 1200 GS Adventure,12/2011,Gasoline,Manual,Used,,/offers/bmw-r-1200-gs-adventure-gasoline-grey-311a03c0-ba13-6305-e053-0100007f9d4b
7000,2174,34.0,SWM SM 500 R,05/2021,Gasoline,Manual,Used,,/offers/swm-sm-500-r-gasoline-black-ce3317c7-713f-f449-e053-0100007f2739
16000,20000,87.0,Harley-Davidson Fat Boy,06/2012,Gasoline,,Used,Fat Boy Special 103,/offers/harley-davidson-fat-boy-fat-boy-special-103-gasoline-black-179ddf67-3a63-4d79-b6a9-eb07e0145510
5395,8300,45.0,Honda VT 750,04/2004,Gasoline,Manual,Used,C Shadow Honda Inspektion GewÃ¤hrleistung,/offers/honda-vt-750-c-shadow-honda-inspektion-gewaehrleistung-gasoline-red-93008e1b-ccfe-4feb-9c0e-9fa113db6ad4
10798,0,,Honda CBR 650,01/2021,,Manual,New,R,/offers/honda-cbr-650-r-black-64daa62f-0b72-404a-bf6c-345ddd0de4ee
25000,8000,84.0,Harley-Davidson Sport Glide,01/2020,Gasoline,,Used,,/offers/harley-davidson-sport-glide-gasoline-orange-4a19913c-c2f1-490f-b7dd-e25f7d2bd2c9
9000,37000,109.0,Yamaha XTZ 1200,02/2011,Gasoline,,Used,,/offers/yamaha-xtz-1200-gasoline-black-6bce2ab9-4acd-4137-e053-0100007ff359
1900,42692,22.0,Piaggio MP3 LT,01/2014,Gasoline,,Used,PIAGGIO MP3 LT 300 Guidabile con Patente B,/offers/piaggio-mp3-lt-piaggio-mp3-lt-300-guidabile-con-patente-b-gasoline-grey-af37adbb-bd4e-e155-e053-0100007fc62a
11899,0,73.0,Yamaha TÃ©nÃ©rÃ© 700,01/2021,,,New,,/offers/yamaha-tenere-700-blue-b5cabea4-dab2-4a89-8071-718987d66141
18800,8850,136.0,BMW R 1250 GS,08/2019,Gasoline,Semi-automatic,Used,HP (full),/offers/bmw-r-1250-gs-hp-full-gasoline-white-a2434d0a-e054-4d48-a0a6-9a0cda780e51
10900,18685,,BMW R nineT,04/2014,Gasoline,,Used,,/offers/bmw-r-ninet-gasoline-black-5eff0047-c9ad-46cb-952e-2d0b05dffbf6
7990,2500,34.0,BMW C 400 X,04/2020,Gasoline,Automatic,Used,,/offers/bmw-c-400-x-gasoline-black-f27cade3-8333-4e29-9237-1ade5c3358e2
2500,13800,125.0,Yamaha NMAX,05/2018,Gasoline,,Used,,/offers/yamaha-nmax-gasoline-blue-f343b8c4-a09d-b252-e053-0100007fef4d
11000,2200,67.0,Harley-Davidson Iron 1200,08/2020,Gasoline,,Used,XL1200N,/offers/harley-davidson-iron-1200-xl1200n-gasoline-black-cc561e7d-6786-408b-8df9-bcb3f01e60cc
7600,6870,26.0,Piaggio MP3 300,07/2020,Gasoline,Automatic,Used,,/offers/piaggio-mp3-300-gasoline-black-61a2ebbd-ef07-e566-e053-0100007f6063
7790,43205,95.0,KTM 1050 Adventure,07/2015,Gasoline,Manual,Used,,/offers/ktm-1050-adventure-gasoline-orange-f002b2e6-7f8f-4cfb-a6a0-2cd424569e3e
1550,46000,204.0,Honda SH 150,05/2013,Gasoline,,Used,ABS,/offers/honda-sh-150-abs-gasoline-black-8a7706d8-ed65-4430-ae39-96c787d41bcb
2500,11000,12.0,Piaggio Medley 125,07/2018,Gasoline,,Used,medley 125 ABS,/offers/piaggio-medley-125-medley-125-abs-gasoline-blue-e53cd572-c812-4ab2-9cf0-76eb7dfb4159
10890,1839,,Yamaha TMAX 560,06/2020,Gasoline,,Used,,/offers/yamaha-tmax-560-gasoline-black-92997a97-7e2b-4bbc-b6a0-9e4284078d6e
10000,31250,170.0,Ducati 1198,01/2010,Gasoline,,Used,,/offers/ducati-1198-gasoline-red-0cf840bb-9fe7-be37-e053-0100007f546e
6500,20000,60.0,BMW C 600 Sport,11/2016,Gasoline,,Used,,/offers/bmw-c-600-sport-gasoline-blue-ecb2efbb-1f86-8c13-e053-0100007f875a
14500,14691,95.0,Indian Scout,03/2018,Gasoline,Manual,Used,Bobber,/offers/indian-scout-bobber-gasoline-black-4ada73c6-b069-0c0e-e053-0100007f8ed2
350,7200,4.0,TGB Bullet 50,10/2009,Gasoline,,Used,,/offers/tgb-bullet-50-gasoline-blue-25dd2690-2fcd-951d-e053-e250040a9295
9000,1325,48.0,KTM 790 Duke,09/2020,Gasoline,,Used,L,/offers/ktm-790-duke-l-gasoline-orange-a33f761b-7b62-49b0-839d-112dbf43f79a
2750,30371,20.0,Yamaha,08/2013,Gasoline,,Used,YP 250R X-Max,/offers/yamaha-others-yp-250r-x-max-gasoline-black-e709bb49-5429-42da-832d-d1e96a9023a0
7499,22000,,Kawasaki Z 800,01/2014,Gasoline,,Used,E,/offers/kawasaki-z-800-e-gasoline-black-9c32f4a6-cea8-4cab-9151-745c69ef84ea
10490,29800,105.0,BMW R 1200 GS Adventure,03/2009,Gasoline,Manual,Used,Insp. und TÃV neu /,/offers/bmw-r-1200-gs-adventure-insp-und-tuev-neu-gasoline-83f0b57f-83e9-4239-bc1e-87b644bc46a7
7200,9000,46.0,Yamaha TMAX 530,03/2014,Gasoline,,Used,,/offers/yamaha-tmax-530-gasoline-bronze-28be81b9-21cb-a064-e053-0100007ff31d
17000,15000,158.0,Ducati Multistrada 1260,06/2019,Gasoline,,Used,pikes pike,/offers/ducati-multistrada-1260-pikes-pike-gasoline-red-6a2d631b-2041-4880-943b-88fab24024ea
34900,6300,122.0,Harley-Davidson Night Rod,12/2015,Gasoline,Manual,Used,"Night Rod Special ""GEO BLACK 280"" V-ROD Airride",/offers/harley-davidson-night-rod-night-rod-special-geo-black-280-v-rod-airride-gasoline-black-490dbb06-e0a0-585e-e053-2951040a1ff5
2300,1800,11.0,Peugeot Speedfight,04/2019,Gasoline,Automatic,Used,,/offers/peugeot-speedfight-gasoline-white-c00b6bc5-a7af-6a23-e053-0100007fef16
17000,10,16.0,Triumph BD 250,05/1937,Gasoline,,Used,,/offers/triumph-bd-250-gasoline-black-150493cc-c764-47bd-9bcf-a0d6f5222157
7099,29746,68.0,Suzuki Intruder C,05/1995,Gasoline,,Used,,/offers/suzuki-intruder-c-gasoline-brown-335beedc-debc-4135-a93f-2428c446fe01
9500,27000,184.0,Honda CBR 1000,09/2015,Gasoline,,Used,,/offers/honda-cbr-1000-gasoline-orange-12b277ae-b32d-6d31-e053-0100007fa7db
12500,14677,140.0,Moto Guzzi California 1400,03/2013,Gasoline,,Used,,/offers/moto-guzzi-california-1400-gasoline-black-d78141bc-9afe-262c-e053-0100007fd549
7000,42000,95.0,Triumph Tiger 800,07/2012,Gasoline,,Used,XC ABS,/offers/triumph-tiger-800-xc-abs-gasoline-white-52d4f874-7cf8-457a-aeed-619b7d36f61a
10350,35800,126.0,BMW R 1200 GS LC,03/2013,Gasoline,Manual,Used,,/offers/bmw-r-1200-gs-lc-gasoline-white-f004f9bc-f1ad-7b1f-e053-0100007f012c
8990,22800,97.0,Triumph Thruxton,07/2016,Gasoline,Manual,Used,Triumph Thruxton,/offers/triumph-thruxton-triumph-thruxton-gasoline-986f60bd-963e-4a69-bd29-e242f5e095ee
6450,5950,48.0,Honda CBX 500,07/2016,Gasoline,Manual,Used,ABS,/offers/honda-cbx-500-abs-gasoline-red-e2a74bc2-b845-5612-e053-0100007fa568
21000,20000,160.0,Bimota DB 7,08/2010,Gasoline,,Used,,/offers/bimota-db-7-gasoline-red-868877bb-2824-c069-e053-0100007f241d
7000,4500,92.0,TGB Blade 1000,06/2017,Gasoline,Automatic,Used,,/offers/tgb-blade-1000-gasoline-bronze-55c948c1-413f-706c-e053-0100007f8c62
12500,8700,107.0,Suzuki V-Strom 1050,05/2020,Gasoline,,Used,XT,/offers/suzuki-v-strom-1050-xt-gasoline-black-6a1ef551-3d03-4376-a736-27d1e14777f8
888888888,1196,10.0,SYM SYMNH X,08/2019,Gasoline,Manual,Used,!!! VENDUE !!! indisponible,/offers/sym-symnh-x-vendue-indisponible-gasoline-black-281bb198-73f1-4a58-8e06-d08751bb60b5
12500,20000,102.0,Honda CRF 100,07/2018,Gasoline,,Used,,/offers/honda-crf-100-gasoline-blue-82d740c4-d927-6d07-e053-0100007fae4d
10100,9830,160.0,BMW S 1000 R,04/2014,Gasoline,Manual,Used,FULL OPTIONAL UNICOPROPRIETARIO,/offers/bmw-s-1000-r-full-optional-unicoproprietario-gasoline-white-0e12c1d7-a3ed-412c-9421-f840027c3e26
13750,5158,95.0,Honda CRF 1000,01/2018,,,Used,AFRICA TWIN,/offers/honda-crf-1000-africa-twin-red-e205395e-bb98-41b2-8943-6fea4e083555
10600,71630,,BMW R 1200 GS Adventure,01/2010,Gasoline,,Used,,/offers/bmw-r-1200-gs-adventure-gasoline-grey-1b18388b-11dd-47f7-9bba-bec0d8f50396
6000,43000,69.0,Honda CR 500,07/1982,Gasoline,,Used,,/offers/honda-cr-500-gasoline-red-9797b5bf-ff57-9d7b-e053-0100007ffc63
7490,25446,145.0,Suzuki GSX-S 1000,08/2015,Gasoline,Manual,Used,Suzuki GSX-S 1000 F 170-180 cm HÃ¶he optimal,/offers/suzuki-gsx-s-1000-suzuki-gsx-s-1000-f-170-180-cm-hoehe-optimal-gasoline-red-c7dc21a1-e9c5-140f-e053-e350040aa451
10600,27500,64.0,Kawasaki VN 1500,04/2004,Gasoline,Manual,Used,,/offers/kawasaki-vn-1500-gasoline-black-db3e8db0-71a1-db31-e053-0100007f108a
7590,25469,107.0,Ducati Monster 821,07/2014,Gasoline,Manual,Used,,/offers/ducati-monster-821-gasoline-red-c8615589-dda4-451d-9fbe-d38b9ac40e73
8300,35722,60.0,BMW C 650 GT,09/2018,Gasoline,Automatic,Used,PACK HIGHLINE,/offers/bmw-c-650-gt-pack-highline-gasoline-black-ef46a19d-997b-4f8a-ae1d-86eb143c33f7
10699,0,,Kawasaki Z 900,01/2021,,,New,ABS,/offers/kawasaki-z-900-abs-white-23fbe513-52cb-4869-ad51-4f7911cc0ab4
10950,18900,,Kawasaki GTR 1400,06/2013,Gasoline,,Used,KTRC NIEUWSTAAT!!!,/offers/kawasaki-gtr-1400-ktrc-nieuwstaat-gasoline-brown-1639a5ee-054d-4ce5-a0cc-d048c7f25cf6
9500,22600,150.0,Ducati 899 Panigale,04/2014,Gasoline,,Used,,/offers/ducati-899-panigale-gasoline-red-099bceb2-d0e6-4ed4-86d4-b40290463df7
12489,14000,148.0,Ducati Multistrada 1200,07/2011,Gasoline,Manual,Used,S PIKES PEAK - 1. Hand!,/offers/ducati-multistrada-1200-s-pikes-peak-1-hand-gasoline-28fa6cda-4a50-41b5-beeb-9d982cbe1bf9
15500,20500,200.0,Yamaha YZF-R1,01/2018,Gasoline,,Used,,/offers/yamaha-yzf-r1-gasoline-yellow-158bf0c6-71f5-b045-e053-0100007f8cbc
14989,8950,73.0,Kawasaki VN 1700,06/2016,Gasoline,Manual,Used,Classic Tourer ABS! nur 8.950 km! 2016!,/offers/kawasaki-vn-1700-classic-tourer-abs-nur-8-950-km-2016-gasoline-d1ad6d9f-ebb2-48c5-a367-a2d1d91d2a02
6950,6000,52.0,Moto Guzzi V 7,03/2017,Gasoline,Manual,Used,,/offers/moto-guzzi-v-7-gasoline-blue-ee73f0c6-d6ff-383e-e053-0100007f03c4
6000,4990,48.0,Honda CBX 500,06/2019,Gasoline,Manual,Used,,/offers/honda-cbx-500-gasoline-red-3a7719bc-0d93-724c-e053-0100007f6f04
10000,6150,76.0,Harley-Davidson Dyna Street Bob,05/2009,Gasoline,Manual,Used,,/offers/harley-davidson-dyna-street-bob-gasoline-black-e97961c2-de54-f14b-e053-0100007fe853
12500,10500,95.0,BMW F 850 GS,05/2019,Gasoline,Semi-automatic,Used,BMW GS F 850 adventure,/offers/bmw-f-850-gs-bmw-gs-f-850-adventure-gasoline-grey-9314ab0c-3c79-4636-9ec2-92e77de6b8e0
16389,20595,79.0,Harley-Davidson Dyna Fat Bob,09/2015,Gasoline,Manual,Used,Jekill & Hyde Auspuff,/offers/harley-davidson-dyna-fat-bob-jekill-hyde-auspuff-gasoline-red-7e02aacb-5cf6-4ffa-a43d-2700bdaf58f9
13000,47700,125.0,BMW R 1200 GS Adventure,04/2016,Gasoline,Manual,Used,,/offers/bmw-r-1200-gs-adventure-gasoline-7327e6f5-aa13-41cf-af63-93f21d8b0950
10250,9994,143.0,Kawasaki Z1000 SX,07/2017,Gasoline,Manual,Used,ABS + HU/AU NEU +1 Hand + Garantie,/offers/kawasaki-z1000-sx-abs-hu-au-neu-1-hand-garantie-gasoline-green-fbb18031-a2eb-4981-8494-e62bfd2e5573
13490,785,160.0,Yamaha MT-10,04/2019,Gasoline,Manual,Demonstration,,/offers/yamaha-mt-10-gasoline-blue-c40ded52-4b03-40f4-ab44-fdba0e8953df
10000,11350,67.0,Harley-Davidson Sportster 1200,10/2011,Gasoline,,Used,,/offers/harley-davidson-sportster-1200-gasoline-black-01f2e7ba-67df-5858-e053-0100007fab19
15995,13785,95.0,Indian Scout,03/2018,Gasoline,Manual,Used,,/offers/indian-scout-gasoline-black-08e33dc6-bd92-677a-e053-0100007fdcbd
9800,10952,76.0,Harley-Davidson Dyna Street Bob,06/2013,Gasoline,,Used,FXDB,/offers/harley-davidson-dyna-street-bob-fxdb-gasoline-black-6b168ebf-b88e-8309-e053-0100007fc1b2
9550,28000,86.0,BMW F 800 GS,02/2017,Gasoline,Manual,Used,,/offers/bmw-f-800-gs-gasoline-black-a94680ba-d1b5-d459-e053-0100007f10b7
11490,1,107.0,Suzuki V-Strom 1050,09/2020,Gasoline,Manual,Pre-registered,,/offers/suzuki-v-strom-1050-gasoline-grey-fa3e758a-b6fb-49b9-a4b5-2913c2c4aaa5
10990,9305,141.0,Kawasaki Z 1000,01/2019,Gasoline,Manual,Used,sx tourer,/offers/kawasaki-z-1000-sx-tourer-gasoline-grey-2ec7a20f-503b-4ac3-a40a-a72878fa7f7d
10499,12345,50.0,BMW R 80 RT,04/1983,Gasoline,Manual,Used,,/offers/bmw-r-80-rt-gasoline-blue-a442aabd-0ae4-544f-e053-0100007f1d74
16000,4848,113.0,BMW HP 2 Megamoto,07/2007,Gasoline,,Used,,/offers/bmw-hp-2-megamoto-gasoline-white-64349ebf-89ca-ed2d-e053-0100007f99ba
6750,2150,68.0,Kawasaki Z 650,06/2020,Gasoline,,Used,,/offers/kawasaki-z-650-gasoline-black-85d193c0-d0ce-4c2e-e053-0100007f0bd2
1000,15555,5.0,Malaguti XTM,04/2010,Gasoline,,Used,,/offers/malaguti-xtm-gasoline-white-e3ea4dbc-6085-4de9-b6e7-c68a352fee85
13500,8020,200.0,Yamaha YZF-R1,09/2015,Gasoline,Semi-automatic,Used,,/offers/yamaha-yzf-r1-gasoline-red-5e49a7c0-f1dd-171c-e053-0100007fdca4
29495,1,,Harley-Davidson Street Glide,01/2021,,,New,TOURING - CHROME,/offers/harley-davidson-street-glide-touring-chrome-black-4e3c028f-40f8-4d13-afe4-36fb5f80f437
2500,14596,15.0,Yamaha WR 125,08/2012,Gasoline,Manual,Used,X,/offers/yamaha-wr-125-x-gasoline-blue-3489acc4-d356-e378-e053-0100007f8173
6200,10115,84.0,Ducati Scrambler,12/2015,Gasoline,Manual,Used,,/offers/ducati-scrambler-gasoline-red-3ed8d9ba-6f14-7060-e053-0100007f857c
11200,23500,67.0,Harley-Davidson XL 1200,05/2013,Gasoline,Manual,Used,72 -PRIVATVERKAUF-,/offers/harley-davidson-xl-1200-72-privatverkauf-gasoline-red-1f610d71-e496-4200-9754-6bd3618906ce
8000,16510,90.0,BMW F 800 R,03/2017,Others,Manual,Used,F 800 R,/offers/bmw-f-800-r-f-800-r-others-55da42bd-cca7-4749-913b-bd6bf4c6d8ba
9300,3000,54.0,Honda Integra,04/2020,Gasoline,Automatic,Used,S NC750,/offers/honda-integra-s-nc750-gasoline-black-0fbdbb55-bdef-4e83-a71f-20d3ff4a8870
11699,683,,Suzuki V-Strom 1000,01/2018,,,New,V-Strom ABS,/offers/suzuki-v-strom-1000-v-strom-abs-white-266e2e73-4903-4fe1-bd62-5330f1f52cf1
29999,15000,63.0,Harley-Davidson Fat Boy,05/2000,Gasoline,Manual,Used,,/offers/harley-davidson-fat-boy-gasoline-black-3120bab9-267b-335c-e053-0100007f7b4f
6800,21000,150.0,Suzuki GSX-R 750,01/2012,Gasoline,,Used,,/offers/suzuki-gsx-r-750-gasoline-brown-4bbf63c4-cc65-8878-e053-0100007f5246
7200,37000,68.0,BMW R 1200 C Independent,04/2001,Gasoline,,Used,,/offers/bmw-r-1200-c-independent-gasoline-brown-af0fad05-778f-4c55-b956-5b04d3c7ea53
6500,51000,95.0,Triumph Tiger 800,03/2013,Gasoline,,Used,,/offers/triumph-tiger-800-gasoline-black-7848d2c5-bae0-5979-e053-0100007f95cc
7000,123456,24.0,Ariel Motorcycles HT,01/1941,Gasoline,,Used,,/offers/ariel-motorcycles-ht-gasoline-black-afb7299d-2cba-4b1e-9584-d35228417d73
6990,52797,,Kawasaki ZZR 1400,07/2014,Gasoline,Manual,Used,Top Zustand,/offers/kawasaki-zzr-1400-top-zustand-gasoline-black-fc098cd2-9b13-4e5a-b810-92cbf70d0a64
2200,31000,20.0,Yamaha X-Max 250,06/2010,Gasoline,,Used,,/offers/yamaha-x-max-250-gasoline-white-749423be-02e7-192e-e053-0100007fb3a0
14950,17300,,Aprilia RSV4,04/2016,Gasoline,,Used,MILLE RR APRC NIEUWSTAAT!!,/offers/aprilia-rsv4-mille-rr-aprc-nieuwstaat-gasoline-black-0451b2b3-6513-4326-b5a2-9d2db4af5b0a
6500,15550,48.0,Moto Guzzi V 7,08/2015,Gasoline,,Used,Special mit Video,/offers/moto-guzzi-v-7-special-mit-video-gasoline-silver-3e7a74bf-a56e-5b37-e053-0100007fc129
9590,6565,116.0,Yamaha,02/2019,Gasoline,Manual,Used,XSR900,/offers/yamaha-others-xsr900-gasoline-silver-9ddc4d13-fd9f-4a0e-b0af-0d81caa12f2d
10500,35056,77.0,Harley-Davidson Road King,03/2007,Gasoline,,Used,,/offers/harley-davidson-road-king-gasoline-blue-40316cc3-7d0a-6410-e053-0100007f6f18
9800,13000,109.0,BMW R nineT,06/2015,Gasoline,,Used,,/offers/bmw-r-ninet-gasoline-black-76885f81-a897-4ba0-bdd8-49e9e2bbdf57
7500,4000,88.0,Harley-Davidson Street Rod,11/2019,Gasoline,,Used,street rod 750,/offers/harley-davidson-street-rod-street-rod-750-gasoline-black-5c8b51f4-873b-4f86-bc61-457c404566b0
10000,49000,75.0,BMW K 75,07/1998,Gasoline,,Used,,/offers/bmw-k-75-gasoline-white-79e09ebe-7889-a953-e053-0100007f780f
11295,700,73.0,Ducati Scrambler,01/2021,Gasoline,Manual,Used,Nightshift / Auch als A2-Version*,/offers/ducati-scrambler-nightshift-auch-als-a2-version-gasoline-2bafd621-5fe9-44eb-8e2d-bdb192056e59
6200,3650,46.0,Adly Hurricane 500,07/2017,Gasoline,,Used,,/offers/adly-hurricane-500-gasoline-orange-e7973abf-2dab-cb15-e053-0100007f6dbf
16990,24867,,Yamaha,01/2009,Gasoline,,Used,,/offers/yamaha-gasoline-orange-5b9ff598-0a25-4437-8506-e9c15a6f2f82
9450,99999,,Yamaha,01/2017,Gasoline,,Used,700 Kodiak,/offers/yamaha-700-kodiak-gasoline-832b7e65-d6e9-4f82-b730-c56c1d5c8b71
10900,99,52.0,Yamaha TX 750,07/1973,Gasoline,Manual,Used,Der Stier,/offers/yamaha-tx-750-der-stier-gasoline-green-3f0e765b-f089-4664-b3da-8eaddcca7223
6190,3780,48.0,Honda CB 500,05/2019,Gasoline,Manual,Used,XA,/offers/honda-cb-500-xa-gasoline-black-2da9afe2-3eaf-4d5e-aea0-44bdb377ca34
2150,15000,12.0,Suzuki Burgman 125,07/2012,Gasoline,,Used,,/offers/suzuki-burgman-125-gasoline-red-62592b98-2341-4ad4-8126-7792c879fb88
9990,17600,,Honda X-ADV,07/2019,Gasoline,,Used,,/offers/honda-x-adv-gasoline-green-36e09ad4-5200-4ea2-aa0f-650176fd85a1
21900,11620,75.0,Harley-Davidson Softail,08/2013,Gasoline,,Used,Breakout,/offers/harley-davidson-softail-breakout-gasoline-black-0f2546c5-fd3c-652f-e053-0100007f39aa
7290,2656,,Kawasaki Versys 650,12/2020,Gasoline,,Used,,/offers/kawasaki-versys-650-gasoline-green-9547d688-1618-49d5-98c0-4a3a9ab765fc
6790,615,34.0,BMW C 400 GT,08/2019,Gasoline,,Used,0C06,/offers/bmw-c-400-gt-0c06-gasoline-black-0c24649a-a763-4e4d-b466-a23108f62867
1250,12543,15.0,Daelim Otello F.I.,09/2011,Gasoline,,Used,,/offers/daelim-otello-f-i-gasoline-white-ff7fb5c4-c81d-2949-e053-0100007f3d11
9000,31000,110.0,BMW R 1200 GS,06/2010,Gasoline,,Used,,/offers/bmw-r-1200-gs-gasoline-black-dfa4b2c6-814f-8b3d-e053-0100007f79e7
15950,17900,,Triumph,05/2019,Gasoline,,Used,EXPLORER 1200 TFT NIEUWSTAAT! TIGER,/offers/triumph-others-explorer-1200-tft-nieuwstaat-tiger-gasoline-black-2d0be8b5-b1d3-4e2e-81f9-38a6c42e6134
1999,0,,Piaggio,01/2021,,,New,ZIP 25 S,/offers/piaggio-others-zip-25-s-grey-9b6c48bb-c0df-414c-92a5-72ca643fc676
1200,43000,16.0,Yamaha Xenter 150,06/2014,Gasoline,,Used,,/offers/yamaha-xenter-150-gasoline-black-f707c2bd-d07b-ed6b-e053-0100007f0c73
7200,8094,52.0,Moto Guzzi V 7,03/2020,Gasoline,,Used,,/offers/moto-guzzi-v-7-gasoline-bronze-165dcbc6-44bc-5171-e053-0100007faa22
25000,1800,230.0,Aprilia RSV4,05/2020,Gasoline,,Used,,/offers/aprilia-rsv4-gasoline-black-ba15e303-12a8-437c-841d-2f70c68ca6fb
9200,3900,150.0,Honda CB 1000,04/2018,Gasoline,,Used,,/offers/honda-cb-1000-gasoline-grey-01039a7e-6e88-4541-a0ab-cebc0bc35a86
7990,40828,,BMW R 1200 R,06/2011,,,Used,ABS,/offers/bmw-r-1200-r-abs-grey-feabd3aa-7785-4065-bc2e-0c684d97ce0a
9199,1196,,Aprilia Tuono,04/2021,Gasoline,,Used,660,/offers/aprilia-tuono-660-gasoline-grey-ba49633b-2e6c-4a01-81fa-094b80984620
22490,50,131.0,BMW R 1250 RT,02/2021,Gasoline,Manual,Demonstration,,/offers/bmw-r-1250-rt-gasoline-blue-e3db5919-ff79-40f2-86d6-732189480623
8849,0,,Kawasaki Versys 650,01/2021,,,New,ABS,/offers/kawasaki-versys-650-abs-black-c2e5e428-ecc2-4656-b3ee-fdc26f44c392
20999,2680,136.0,BMW R 1250 GS,11/2020,Gasoline,Semi-automatic,Used,40 ANNIVERSARY,/offers/bmw-r-1250-gs-40-anniversary-gasoline-black-364af934-9618-47dc-8909-c2fee09646cb
800,70,125.0,Others,07/2020,Gasoline,,Used,Pit bike RXF 125,/offers/others-others-pit-bike-rxf-125-gasoline-yellow-3e2ac58f-2cdf-4cda-9800-bbcfc8c5934f
8490,33000,200.0,Kawasaki Ninja ZX-10R,03/2011,Gasoline,,Used,,/offers/kawasaki-ninja-zx-10r-gasoline-black-f6da50bb-87a8-9659-e053-0100007ffdd0
8000,17000,125.0,Triumph Tiger Sport,10/2015,Gasoline,,Used,,/offers/triumph-tiger-sport-gasoline-white-b011d0e2-7146-44c8-a538-eec0d2601ede
2300,230,11.0,Mash Seventyfive 125,12/2019,Gasoline,,Used,,/offers/mash-seventyfive-125-gasoline-black-67c463c2-2ac7-892a-e053-0100007f7500
13500,8855,125.0,BMW R 1200 R,03/2019,Gasoline,Manual,Used,,/offers/bmw-r-1200-r-gasoline-black-c03e86c5-6e88-4a71-e053-0100007fdd11
11299,14000,,Yamaha,04/2018,Gasoline,,Used,,/offers/yamaha-gasoline-black-5fbe2bab-e345-418f-adf5-f233731b233d
6500,2200,75.0,Yamaha MT-07,07/2017,Gasoline,Manual,Used,,/offers/yamaha-mt-07-gasoline-white-7fe7d8be-7f0a-d00a-e053-0100007fd94b
6900,40205,95.0,Triumph Tiger 800,01/2014,Gasoline,Manual,Used,ABS,/offers/triumph-tiger-800-abs-gasoline-black-e8bdc1a7-d5e9-4072-af1c-b9ef3a9b2e6f
6200,20900,116.0,Yamaha MT-09,11/2015,Gasoline,,Used,ABS,/offers/yamaha-mt-09-abs-gasoline-orange-4e4af175-ae1b-4968-9400-c1943f70bdf3
8285,1500,34.0,BMW C 400 X,05/2021,Gasoline,,Used,neues Modell - EU5,/offers/bmw-c-400-x-neues-modell-eu5-gasoline-57c082d6-728a-4fe6-a093-e57d9cd1cd7b
11290,22732,,Yamaha MT-10,01/2016,Gasoline,,Used,,/offers/yamaha-mt-10-gasoline-grey-57edba22-78de-41e0-bc8a-21a1437dc22b
2600,1600,5.0,Niu,07/2019,Electric,Automatic,Used,,/offers/niu-others-electric-white-eff41bc4-e0b9-ba65-e053-0100007f6ae0
8000,55000,101.0,KTM 1290 Super Duke R,05/2014,Gasoline,,Used,,/offers/ktm-1290-super-duke-r-gasoline-orange-e48dc2ba-81f4-0b46-e053-0100007f1a55
12500,73000,57.0,Harley-Davidson Softail,02/1999,Gasoline,,Used,,/offers/harley-davidson-softail-gasoline-black-52befec6-fa56-c217-e053-0100007ff0ce
7490,288,,Yamaha SR 400,01/2014,,,Used,,/offers/yamaha-sr-400-black-81265bc8-4852-4df4-a0a3-f7925ebd34d7
11690,5,95.0,BMW F 900 XR,07/2021,Gasoline,,Demonstration,ungefahrenes Ausstellungsfahrzeug !,/offers/bmw-f-900-xr-ungefahrenes-ausstellungsfahrzeug-gasoline-165f29e8-e88d-4fa1-9980-1740f366e4ed
6150,2500,,Kawasaki Z 650,05/2019,Gasoline,,Used,,/offers/kawasaki-z-650-gasoline-white-1663b37c-d6cf-413f-b27b-e4d5ce6d6b2b
1200,20200,11.0,Kymco Agility 200,03/2016,Gasoline,,Used,R16+,/offers/kymco-agility-200-r16-gasoline-silver-94be357c-fb54-4712-92da-2d0ac0325003
12500,22573,,Yamaha FJR 1300,01/2013,,,Used,,/offers/yamaha-fjr-1300-black-13d34110-122b-4b9d-8f16-1b6ee39db2d0
25000,8000,84.0,Harley-Davidson Sport Glide,01/2020,Gasoline,,Used,,/offers/harley-davidson-sport-glide-gasoline-orange-4a19913c-c2f1-490f-b7dd-e25f7d2bd2c9
3000,21000,27.0,Honda SH 300,05/2014,Gasoline,,Used,modello SPORTY con ABS,/offers/honda-sh-300-modello-sporty-con-abs-gasoline-black-ffc2bc7d-0c6a-4e80-8267-8c6570490748
8500,3000,113.0,Kawasaki Z 800,05/2016,Gasoline,,Used,kawasaki,/offers/kawasaki-z-800-kawasaki-gasoline-black-f2d5503e-d1c4-4b1a-9c71-d213ff1cf007
10600,0,,Triumph,01/2021,,,New,Street Triple A2,/offers/triumph-others-street-triple-a2-white-eb9c36dc-3c2a-4196-a6ef-1f88ff8f8808
10500,19200,182.0,Yamaha YZF-R1,09/2011,Gasoline,,Used,R1-RN22,/offers/yamaha-yzf-r1-r1-rn22-gasoline-black-ee6efc43-2c03-4c88-8266-2837e3aa7030
1200,10000,12.0,Piaggio Fly 125,03/2009,Gasoline,,Used,,/offers/piaggio-fly-125-gasoline-blue-ff0242bf-70fb-fb5c-e053-0100007fa939
7000,1,39.0,BMW R 60,05/1973,Gasoline,,Used,,/offers/bmw-r-60-gasoline-black-7296fdc5-ed1d-3c45-e053-0100007f14ff
12900,58000,125.0,BMW R 1200 GS,07/2015,Gasoline,Manual,Used,- 07/2015 - 58.000 KM,/offers/bmw-r-1200-gs-07-2015-58-000-km-gasoline-blue-30d4595b-2838-45cd-968b-3a95e5ff0932
7350,14700,116.0,Yamaha MT-09,08/2016,Gasoline,,Used,,/offers/yamaha-mt-09-gasoline-grey-75e0f6c3-f845-e950-e053-0100007ff720
27500,3100,126.0,Honda GL 1800,03/2021,Gasoline,Automatic,Used,Gold Wing Bagger DCT my 2021,/offers/honda-gl-1800-gold-wing-bagger-dct-my-2021-gasoline-grey-54ffa491-6388-4fef-9413-0c7ee38a9c14
6249,24512,48.0,Kawasaki Z 650,05/2017,Gasoline,,Used,ABS,/offers/kawasaki-z-650-abs-gasoline-white-f6c131ec-10d4-48a5-9303-573c32405a76
27900,4,133.0,BMW HP2 Sport,03/2014,Gasoline,Manual,Used,"SammlerstÃ¼ck, Wertanlage",/offers/bmw-hp2-sport-sammlerstueck-wertanlage-gasoline-08532300-1e8e-4895-a872-a393d16c83c5
580,10867,41.0,Generic Cracker,02/2018,Gasoline,,Used,scooter classe a en ordre,/offers/generic-cracker-scooter-classe-a-en-ordre-gasoline-blue-c78005bb-f478-b376-e053-0100007fde60
2290,33600,11.0,Suzuki GZ 125,03/1999,Gasoline,Manual,Used,Marauder,/offers/suzuki-gz-125-marauder-gasoline-black-3137c7e0-7997-485a-a724-28081cf4ff3f
9000,1000,19.0,KTM 450 EXC,10/2016,Gasoline,,Used,motard,/offers/ktm-450-exc-motard-gasoline-orange-7188175e-dc9d-4939-9335-58e73801f805
3100,490,12.0,Yamaha NMAX,04/2021,Gasoline,Automatic,Used,,/offers/yamaha-nmax-gasoline-grey-55be10c7-f9c2-1e55-e053-0100007ff0f6
10490,3464,,Suzuki,01/2019,,,Used,KATANA,/offers/suzuki-others-katana-grey-c1291fa4-37e6-4941-928b-20d4af3e1557
8350,18200,,Honda CB 1000,07/2016,Gasoline,,Used,R ABS EXTREME EDITION!! HIS,/offers/honda-cb-1000-r-abs-extreme-edition-his-gasoline-40492b49-74ba-49a5-9fac-204d9af1362e
3800,53,12.0,Honda SH 125,05/2021,Gasoline,Manual,Used,,/offers/honda-sh-125-gasoline-grey-1535bd3a-f468-4dab-8d21-77578db7b15a
6000,11000,53.0,Suzuki VZ 800,05/2005,Gasoline,,Used,m800,/offers/suzuki-vz-800-m800-gasoline-black-dcdc530a-a0c9-4995-af34-94d04219e1b3
9350,10500,151.0,Suzuki GSX-R 750,07/2018,Gasoline,,Used,,/offers/suzuki-gsx-r-750-gasoline-black-fb7940c4-7807-3463-e053-0100007f2a4f
12950,36241,58.0,Harley-Davidson Softail,07/1999,Gasoline,Manual,Used,FXST Springer Bobber Style,/offers/harley-davidson-softail-fxst-springer-bobber-style-gasoline-black-bd66f3b9-900b-45b3-af3a-7d076ed55f3d
39500,18130,106.0,Harley-Davidson Street Glide,03/2019,Gasoline,Manual,Used,,/offers/harley-davidson-street-glide-gasoline-black-7a39e4c5-ca98-8335-e053-0100007f9ab4
6000,4050,3.0,Piaggio Ape,09/2019,Two Stroke Gasoline,,Used,,/offers/piaggio-ape-two-stroke-gasoline-blue-4ea9cac6-a301-8134-e053-0100007fea3f
600,31000,12.0,Malaguti Blog 160,06/2009,Gasoline,Automatic,Used,,/offers/malaguti-blog-160-gasoline-silver-a6c99b20-f5dd-4c9d-bf60-4235a7fadd29
11999,0,,Can Am Outlander,07/2021,Diesel,,Used,6X6 PRO + T FLAT BED 450 T3B 60 KM,/offers/can-am-outlander-6x6-pro-t-flat-bed-450-t3b-60-km-diesel-black-acfd8fac-631c-47d2-af86-d251bb3bfa55
23500,10800,160.0,BMW K 1600 GTL,03/2020,Gasoline,,Used,full,/offers/bmw-k-1600-gtl-full-gasoline-brown-fe1fbcec-0d13-40a4-8353-3ea5bd2c19be
1600,14500,15.0,Piaggio MP3 YOURBAN,07/2011,Gasoline,Automatic,Used,125 ERL,/offers/piaggio-mp3-yourban-125-erl-gasoline-red-acda27be-1623-364a-e053-0100007fbb97
7990,27500,73.0,Ducati Monster 797,04/2018,Gasoline,Manual,Used,,/offers/ducati-monster-797-gasoline-red-32d112c3-63c1-2143-e053-0100007f156d
7200,1,1.0,Yamaha RD 350,01/1983,Two Stroke Gasoline,,Antique / Classic,4L0 - FMI,/offers/yamaha-rd-350-4l0-fmi-two-stroke-gasoline-blue-03110eba-d9be-5e38-e053-0100007f7983
10990,0,,KTM 790 Duke,01/2021,,,New,ABS,/offers/ktm-790-duke-abs-black-dc2bada5-234c-4809-8fb5-a3b45bf05eb1
6890,7000,52.0,Yamaha XVS 950,02/2017,Gasoline,Manual,Used,UniprÃ² Finanziabile,/offers/yamaha-xvs-950-unipro-finanziabile-gasoline-blue-ed12eb07-b45d-4305-8f79-59619269d79d
15700,0,,KTM,01/2021,,,New,890 ADVENTURE,/offers/ktm-others-890-adventure-black-ff00f42f-13b7-47d3-a96a-bac97464fa2b
10000,1090,116.0,Yamaha XSR 900,07/2020,Gasoline,,Used,80 Black,/offers/yamaha-xsr-900-80-black-gasoline-black-12bcce0f-da24-4038-973e-3984fca5454e
1900,5700,15.0,Honda SH 150,03/2011,Gasoline,,Used,i,/offers/honda-sh-150-i-gasoline-white-c63d62bb-6f74-0116-e053-0100007f10a7
19190,2086,,Ducati Multistrada 950,01/2021,,,Used,S,/offers/ducati-multistrada-950-s-red-b4b2a6dc-fca8-43f9-be8d-7d20afc01b1d
10800,17000,110.0,Ducati Hypermotard 939,03/2016,Gasoline,,Used,SP,/offers/ducati-hypermotard-939-sp-gasoline-red-068412ba-98b2-4078-e053-0100007fb0a6
6800,7900,14.0,KTM 300 XC,01/2019,Gasoline,,Used,,/offers/ktm-300-xc-gasoline-white-e3fa78c3-5dbc-a768-e053-0100007fe66b
8200,31000,67.0,Harley-Davidson Sportster 1200,07/2009,Gasoline,,Used,,/offers/harley-davidson-sportster-1200-gasoline-white-8801afc5-89a5-3b4d-e053-0100007f62ab
12760,24500,178.0,KTM 1290 Super Duke R,09/2018,Gasoline,,Used,,/offers/ktm-1290-super-duke-r-gasoline-white-001b10c2-606f-030b-e053-0100007fc031
7990,5543,48.0,Harley-Davidson Street 750,07/2017,Gasoline,,Used,Rod Street 750 XG Chopper / Cruiser,/offers/harley-davidson-street-750-rod-street-750-xg-chopper-cruiser-gasoline-black-96f8a0ab-3325-4208-9388-7572468f3896
2000,29500,27.0,Honda SH 300,04/2009,Gasoline,Automatic,Used,sport,/offers/honda-sh-300-sport-gasoline-white-cb498fb9-a4bc-4ed4-97bc-f48c9fb93d46
11450,18400,,Suzuki,03/2015,Gasoline,,Used,GSX R 1000 GSX-R GSX1000 GSX1000R,/offers/suzuki-others-gsx-r-1000-gsx-r-gsx1000-gsx1000r-gasoline-black-762a4315-89c5-4a9d-81b8-21aa5f1c8db2
1800,8500,14.0,KSR Moto TR 125,05/2017,Gasoline,,Used,,/offers/ksr-moto-tr-125-gasoline-black-dbb19422-447a-43d3-b8bf-06f0ba329559
7150,4400,95.0,Honda CB 650,06/2019,Gasoline,Manual,Used,,/offers/honda-cb-650-gasoline-black-118703c6-52d7-3f79-e053-0100007f8d37
6490,4394,54.0,Honda NC 750,09/2019,Gasoline,Manual,Used,X 4394 km 1. Frauenhand,/offers/honda-nc-750-x-4394-km-1-frauenhand-gasoline-white-6ad9e591-d874-4290-9039-69deba954728
6000,15000,67.0,Kawasaki Z 650,07/2017,Gasoline,,Used,,/offers/kawasaki-z-650-gasoline-white-25a782c1-098a-6210-e053-0100007f53a7
750,700,1.0,Kymco Agility 50,06/2014,Two Stroke Gasoline,,Used,,/offers/kymco-agility-50-two-stroke-gasoline-grey-8211ecb2-e58f-45a2-8e9b-9dcd96d9ac74
10000,5200,58.0,Honda VT 1300,03/2010,Gasoline,,Used,,/offers/honda-vt-1300-gasoline-black-a333c7bc-a6d1-ab0b-e053-0100007fa0ad
2350,9575,12.0,Yamaha NMAX,05/2016,Gasoline,Automatic,Used,,/offers/yamaha-nmax-gasoline-red-d641d8bb-87b4-a50f-e053-0100007f9f94
10500,40500,205.0,Aprilia RSV4,03/2016,Gasoline,,Used,RF,/offers/aprilia-rsv4-rf-gasoline-black-a8b3cec3-8a7a-a838-e053-0100007f0ca7
17489,19636,79.0,Harley-Davidson,04/2010,Gasoline,Manual,Used,"CVO SOFTAIL CONVERTIBLE - 1. Hand, 110 cui",/offers/harley-davidson-others-cvo-softail-convertible-1-hand-110-cui-gasoline-5b2361dc-2b9b-42cf-a064-7ffc755dabdf
9500,135,18.0,ZÃ¼ndapp KS 125,06/1969,Two Stroke Gasoline,Manual,Used,517-05 | 1969 | Zwart | ZF-57-73 | 135 km |,/offers/zuendapp-ks-125-517-05-1969-zwart-zf-57-73-135-km-two-stroke-gasoline-black-91eae272-9692-42d5-b927-8de853b37258
10650,4500,145.0,Honda CB 1000,05/2019,Gasoline,Manual,Used,,/offers/honda-cb-1000-gasoline-red-e51cb6c0-34cb-843e-e053-0100007fa798
7658,0,,Honda CMX 500,01/2021,,,New,A Rebel,/offers/honda-cmx-500-a-rebel-black-5eb07032-f348-44ea-941d-1bcf8a72ba16
8100,11750,95.0,Aprilia Dorsoduro,06/2017,Gasoline,Manual,Used,,/offers/aprilia-dorsoduro-gasoline-black-032af3c6-860c-c43d-e053-0100007f299e
9300,4288,95.0,BMW F 900 R,03/2020,Gasoline,Manual,Demonstration,A2 A 2 mit Tieferlegung,/offers/bmw-f-900-r-a2-a-2-mit-tieferlegung-gasoline-blue-cbd7cc9d-f19d-4aed-aafd-11250296ff5e
11990,4700,80.0,Triumph Bonneville T120,04/2019,Gasoline,,Used,Cafe Racer,/offers/triumph-bonneville-t120-cafe-racer-gasoline-black-146575c6-bf64-9021-e053-0100007fbd5f
16750,38600,83.0,Ducati 1000 Sport,06/2007,Gasoline,,Used,ducati Paul smart 1000 LE limited edition,/offers/ducati-1000-sport-ducati-paul-smart-1000-le-limited-edition-gasoline-silver-a02affc1-c6b5-4160-8bdf-13a7f5b13e81
12500,27000,160.0,KTM 1290 Super Adventure,07/2017,Gasoline,,Used,,/offers/ktm-1290-super-adventure-gasoline-white-574c99bf-a1a9-2144-e053-0100007ff963
1500,3900,11.0,Piaggio Liberty 125,05/2009,Gasoline,,Used,,/offers/piaggio-liberty-125-gasoline-brown-4eeeb4c3-f0a2-da73-e053-0100007ffe19
6490,34570,,MV Agusta Rivale 800,07/2014,Gasoline,,Used,EAS,/offers/mv-agusta-rivale-800-eas-gasoline-black-daafda7a-1f10-424d-a3b5-90afc787e87b
11000,2472,126.0,Honda Pan European,04/2014,Gasoline,,Used,,/offers/honda-pan-european-gasoline-red-f3f3e1c0-3526-b643-e053-0100007f67cb
10000,15000,76.0,Harley-Davidson Dyna Super Glide,01/2007,Gasoline,,Used,,/offers/harley-davidson-dyna-super-glide-gasoline-black-a82f04bf-91a1-9b0d-e053-0100007f4ef8
13500,41074,109.0,BMW R 1200 RT,07/2015,Gasoline,Manual,Used,1200 RT Pk Touring+Pk Cft+Pk Dyna,/offers/bmw-r-1200-rt-1200-rt-pk-touring-pk-cft-pk-dyna-gasoline-a0ab649e-d78b-4bd0-ad2d-133ee1f3215d
8000,40000,60.0,BMW R 100/7,01/1978,Gasoline,,Used,,/offers/bmw-r-100-7-gasoline-black-a9e578bb-5e19-d374-e053-0100007fcb03
25345,3609,136.0,BMW R 1250 GS,04/2021,Gasoline,Manual,Used,| Style Rallye | BTW Motor | Full option | Rijdt d,/offers/bmw-r-1250-gs-style-rallye-btw-motor-full-option-rijdt-d-gasoline-white-861cc452-f9c0-4df3-8389-d933625f97f6
8400,72000,125.0,Harley-Davidson VRSC Night Rod,07/2008,Gasoline,,Used,,/offers/harley-davidson-vrsc-night-rod-gasoline-black-8a1fc0c6-7594-9045-e053-0100007f8bcd
7990,2705,69.0,Kawasaki Versys 650,06/2016,Gasoline,Manual,Used,Tourer Plus,/offers/kawasaki-versys-650-tourer-plus-gasoline-black-d805ecc0-e916-45b7-af42-9c76f5fa6729
9500,35000,117.0,Harley-Davidson V-Rod,07/2003,Gasoline,,Used,Anniversary,/offers/harley-davidson-v-rod-anniversary-gasoline-silver-528650b5-a46a-0d32-e053-0100007fedec
11249,52600,73.0,Harley-Davidson Dyna Street Bob,05/2009,Gasoline,,Used,,/offers/harley-davidson-dyna-street-bob-gasoline-black-3a21a5ea-78c0-47cd-a05a-b1ba16b82775
17445,32000,,BMW R 1200 GS LC,01/2018,Gasoline,,Used,RALLYE,/offers/bmw-r-1200-gs-lc-rallye-gasoline-blue-198c1569-7e9d-4ca4-b3f5-ddc70e91abe7
13500,38071,,Others,07/2006,Gasoline,,Used,HARLEY DAVIDSON,/offers/others-others-harley-davidson-gasoline-grey-34bbe217-b637-49df-8da4-24de2d2baa96
8000,7900,1224.0,Yamaha XSR 900,12/2016,Gasoline,,Used,,/offers/yamaha-xsr-900-gasoline-grey-7dea7dc5-f812-bc3d-e053-0100007fe9c2
7900,52978,,Honda Crosstourer,10/2016,Gasoline,,Used,VFR1200X DCT,/offers/honda-crosstourer-vfr1200x-dct-gasoline-silver-868dacfb-8c6b-4a4a-8d71-40d6e93f317b
25000,5000,131.0,BMW R nineT,03/2018,Gasoline,,Used,,/offers/bmw-r-ninet-gasoline-blue-54399a79-6510-e20d-e053-e350040abf1b
21432,399,136.0,BMW,06/2021,Gasoline,,Used,Aktionspreis !,/offers/bmw-others-aktionspreis-gasoline-cc6a4a56-67fc-4d64-93e3-28f631cbf1da
12290,21650,,Ducati Multistrada 1200,01/2016,Gasoline,,Used,,/offers/ducati-multistrada-1200-gasoline-red-5efdfd6a-d168-4ed7-aaf8-cecc3276db20
50,6700,4.0,Suzuki Katana 50,03/1997,Gasoline,,Used,,/offers/suzuki-katana-50-gasoline-black-0e0927be-ff39-647d-e053-0100007fc117
795,2300,7.0,Others,03/2011,Gasoline,Automatic,Used,Roller 125T-11 *KOFFER*,/offers/others-others-roller-125t-11-koffer-gasoline-red-860e83c5-4d9a-4852-be91-05a512e99636
22000,4000,126.0,Honda Gold Wing,12/2018,Gasoline,Automatic,Used,DCT,/offers/honda-gold-wing-dct-gasoline-red-7fe076c6-3712-1d2e-e053-0100007fddde
2490,32830,,Honda CBR 125,03/2016,Gasoline,,Used,R,/offers/honda-cbr-125-r-gasoline-1397f008-50af-4885-a910-822944c6eb2a
11000,29500,110.0,BMW R 1200 GS,06/2012,Gasoline,,Used,,/offers/bmw-r-1200-gs-gasoline-white-7e7677be-c20b-5773-e053-0100007f31c7
10250,4911,111.0,Kawasaki Z 900,04/2019,Gasoline,,Used,SR,/offers/kawasaki-z-900-sr-gasoline-brown-e7ce5f1d-a307-4bf0-b402-8715ab42851e
10950,16550,110.0,Ducati SuperSport,02/2019,Gasoline,Manual,Used,modÃ¨le super sport S,/offers/ducati-supersport-modele-super-sport-s-gasoline-red-de8c8945-5503-49d5-82c0-a90a46348dd9
1500,14898,19.0,Aprilia Scarabeo,02/2010,Gasoline,Automatic,Used,Aprilia Scarabeo 200 net anno 2010,/offers/aprilia-scarabeo-aprilia-scarabeo-200-net-anno-2010-gasoline-white-98d14067-1b79-4150-ad51-0958dfd269f4
9400,92000,67.0,Harley-Davidson Road King,07/2000,Gasoline,Manual,Used,,/offers/harley-davidson-road-king-gasoline-black-0cc7aac4-7a6d-1951-e053-0100007f14ca
9700,24800,105.0,BMW R 1200 GS Adventure,03/2009,Gasoline,,Used,,/offers/bmw-r-1200-gs-adventure-gasoline-white-aa83a7bc-95c0-0f57-e053-0100007fb983
7500,13000,188.0,Kawasaki Ninja ZX-10R,04/2009,Gasoline,,Used,,/offers/kawasaki-ninja-zx-10r-gasoline-green-b20ff40e-5225-474e-9d01-eeb070823ab0
20000,65000,129.0,Harley-Davidson Ultra Classic,05/2012,Gasoline,,Used,cvo,/offers/harley-davidson-ultra-classic-cvo-gasoline-black-07b459ca-cd06-4c69-a286-adf3740c43d2
6000,60000,98.0,Honda F 6 C,08/1999,Gasoline,,Used,,/offers/honda-f-6-c-gasoline-silver-a8cbffc1-20f6-d853-e053-0100007f5ed9
10000,5500,50.0,BMW R 75/5,01/1971,Gasoline,,Used,,/offers/bmw-r-75-5-gasoline-black-9adbf0d8-d51a-4ce3-a45e-a201420ae105
7900,4200,60.0,BMW C 650,02/2018,Gasoline,,Used,SPORT,/offers/bmw-c-650-sport-gasoline-black-40423f81-af07-4577-9570-ae582f8a6955
2000,11900,4.0,Piaggio Zip 50,03/2020,Gasoline,,Used,zip 2000 80cc full malossi,/offers/piaggio-zip-50-zip-2000-80cc-full-malossi-gasoline-violet-99e96dbd-5c76-f24e-e053-0100007f7029
6500,59800,110.0,BMW R 1200 R,10/2011,Gasoline,Manual,Used,,/offers/bmw-r-1200-r-gasoline-white-c08b9fc2-7cf8-dd41-e053-0100007f28ea
1700,3000,14.0,Malaguti XTM,11/2009,Two Stroke Gasoline,Manual,Used,enduro,/offers/malaguti-xtm-enduro-two-stroke-gasoline-white-817a22e6-4e25-4404-99a4-5f74d3ad07c9
7500,850,,Peugeot Metropolis,04/2019,Gasoline,,Used,400,/offers/peugeot-metropolis-400-gasoline-black-8dd80673-9631-41a4-8fb5-3cfc4f24f0fa
12390,11100,,Triumph Scrambler,03/2019,Gasoline,,Used,1200 XC,/offers/triumph-scrambler-1200-xc-gasoline-8a5bc7b6-ed12-4dfa-ba44-19e62a299452
11999,33949,158.0,Ducati Streetfighter,06/2009,Gasoline,Manual,Used,1098 S #Full Termigoni#Full Carbon,/offers/ducati-streetfighter-1098-s-full-termigoni-full-carbon-gasoline-red-bb6a5eb6-b04b-4413-b83c-8ef24d28a3bd
13299,0,,Yamaha,01/2021,,,New,T-MAX ABS,/offers/yamaha-others-t-max-abs-grey-497d217c-8575-4699-986e-b33fbc25d930
17500,2,46.0,Triumph Bonneville T120,01/1970,Gasoline,Manual,Used,R,/offers/triumph-bonneville-t120-r-gasoline-red-bbcda43f-0dbb-4fba-a8c4-28dead6857ce
7999,446,48.0,Suzuki GSX-S 750,05/2019,Gasoline,Manual,Used,35kW - dt. Modell 2019,/offers/suzuki-gsx-s-750-35kw-dt-modell-2019-gasoline-black-7fe1acd8-3c78-4627-9d0a-98d278071710
11500,5200,94.0,BMW F 850 GS,06/2019,Gasoline,Manual,Used,"Vollausstattung, Extras",/offers/bmw-f-850-gs-vollausstattung-extras-gasoline-red-6836b8bc-4e9b-b645-e053-0100007f868b
11500,13700,65.0,Harley-Davidson Sportster Forty Eight,05/2017,Gasoline,,Used,,/offers/harley-davidson-sportster-forty-eight-gasoline-white-0eabd9ba-4fc1-294d-e053-0100007f5bf0
7000,16890,75.0,BMW F 700 GS,07/2015,Gasoline,Manual,Used,"Komfort- und Sicherheitsp., TÃV, Reifen, Bat. neu",/offers/bmw-f-700-gs-komfort-und-sicherheitsp-tuev-reifen-bat-neu-gasoline-white-9f65d9b5-b734-4e5b-aa98-f58b5596720f
10490,0,73.0,Ducati Scrambler,01/2021,,,New,ICON,/offers/ducati-scrambler-icon-black-e608959f-f535-4975-a000-26b5199f3b3b
1950,2341,11.0,Yamaha YBR 125,10/2017,Gasoline,,Used,,/offers/yamaha-ybr-125-gasoline-red-475f8abe-27cb-9e25-e053-0100007f5e87
8900,52848,160.0,BMW S 1000 R,03/2016,Gasoline,Manual,Used,S 1000 R,/offers/bmw-s-1000-r-s-1000-r-gasoline-red-44a69cc5-d39b-4874-a97d-19898325fdf1
12490,1470,67.0,Harley-Davidson XL 1200,10/2012,Gasoline,Manual,Used,X Sportster Forty Eight 48 Special,/offers/harley-davidson-xl-1200-x-sportster-forty-eight-48-special-gasoline-black-61bd5fea-012a-4acc-b4f6-b5181fc9f9c4
17985,10639,87.0,Harley-Davidson Road King,02/2015,Gasoline,Manual,Used,Classic ABS Klappenauspuffanlage,/offers/harley-davidson-road-king-classic-abs-klappenauspuffanlage-gasoline-blue-d4d4636b-f3ed-4cba-b45c-8cc680783603
10000,7200,46.0,Yamaha TMAX 530,06/2018,Gasoline,,Used,,/offers/yamaha-tmax-530-gasoline-black-021972c6-40d3-bf5c-e053-0100007fd5ee
6687,3273,68.0,Kawasaki Z 650,08/2019,Gasoline,,Used,ABS,/offers/kawasaki-z-650-abs-gasoline-black-853b8745-0d29-47a3-9c03-ed0147b1aaf4
8100,41665,110.0,BMW R 1200 RT,03/2010,Gasoline,Manual,Used,,/offers/bmw-r-1200-rt-gasoline-blue-5dcacbaa-465c-de2e-e053-0100007fcb35
8300,1350,54.0,Triumph Street Cup,04/2018,Gasoline,,Used,,/offers/triumph-street-cup-gasoline-grey-8f83abbd-267f-ae4c-e053-0100007fe0ec
62415,1,102.0,Brough Superior,- (First Registration),Gasoline,Manual,New,Pendine Sand Racer,/offers/brough-superior-others-pendine-sand-racer-gasoline-black-74d8e923-3006-4265-931e-1cf7ae7e3274
10900,35000,67.0,Harley-Davidson Sportster Forty Eight,11/2015,Gasoline,Manual,Used,,/offers/harley-davidson-sportster-forty-eight-gasoline-black-38e7aeba-f8b9-a42b-e053-0100007f7d4f
22500,1200,136.0,BMW R 1250 GS,05/2019,Gasoline,Manual,Demonstration,STYLE HP SOLO KM 1200 VALIGE NAVY 6 TOP CASE,/offers/bmw-r-1250-gs-style-hp-solo-km-1200-valige-navy-6-top-case-gasoline-white-002a0afd-c6ef-4dc2-a24c-226edad8ffdd
21900,7964,,BMW R 1250 RT,07/2019,Gasoline,,Used,,/offers/bmw-r-1250-rt-gasoline-black-dcbd816f-f53a-4f31-a4eb-edecb8fa1a46
10000,6400,49.0,Yamaha Wolverine 450,12/2017,Gasoline,,Used,,/offers/yamaha-wolverine-450-gasoline-green-a297ecc6-f208-4f49-e053-0100007f3902
8800,12000,46.0,Yamaha TMAX DX,05/2018,Gasoline,,Used,qaud lock pot akra,/offers/yamaha-tmax-dx-qaud-lock-pot-akra-gasoline-blue-3e80934a-3a5a-4328-ae3d-e16297e488e3
6800,4400,54.0,Honda NC 750,05/2018,Gasoline,,Used,,/offers/honda-nc-750-gasoline-blue-aa8e0fc2-328a-1854-e053-0100007fdabc
16700,8000,102.0,Harley-Davidson Sport Glide,05/2018,Gasoline,,Used,,/offers/harley-davidson-sport-glide-gasoline-black-213c476e-543d-44c9-adf0-6eebeb448c2f
2500,47000,15.0,Honda SH 150,01/2018,Gasoline,,Used,ABS,/offers/honda-sh-150-abs-gasoline-black-4b741d3c-26d7-4fba-bde6-6cea4e40c1be
10000,1000,101.0,Aprilia RS 660,03/2021,Gasoline,,Used,,/offers/aprilia-rs-660-gasoline-black-3faf7c83-f464-48c9-967e-8dcd5e481e9a
13700,35000,160.0,BMW S 1000 XR,07/2016,,Manual,Used,,/offers/bmw-s-1000-xr-white-30f73a13-8962-4818-bd81-b9797856fd08
6700,6500,34.0,BMW C 400 X,03/2019,Gasoline,Automatic,Used,,/offers/bmw-c-400-x-gasoline-blue-ed8f0552-b869-4880-89dc-0657923f86eb
23950,5218,,Harley-Davidson Road King,03/2018,Gasoline,,Used,FLHP POLICE 5HD NIEUWSTAA,/offers/harley-davidson-road-king-flhp-police-5hd-nieuwstaa-gasoline-black-6d5fa5e3-f9ca-4125-8deb-550e656c67e2
10600,0,,Triumph,01/2021,,,New,STREET TRIPLE S A2,/offers/triumph-others-street-triple-s-a2-white-277acf40-ec8f-4e85-82e7-970202eb138d
250,15847,27.0,Peugeot Speedfight,05/2004,Gasoline,,Used,2 Bastler,/offers/peugeot-speedfight-2-bastler-gasoline-blue-dc5c5994-60fd-4adb-a922-0a9e0330a726
23290,10027,136.0,BMW R 1250 RT,08/2020,,Manual,Used,ABS,/offers/bmw-r-1250-rt-abs-grey-667c6622-438c-4d9f-8bb6-3c4f7608ef07
7000,13500,52.0,Moto Guzzi V 7,03/2018,Gasoline,,Used,V7 III Stone,/offers/moto-guzzi-v-7-v7-iii-stone-gasoline-black-b00e4b80-4b31-44e7-b344-7306576b671f
2500,2400,15.0,Peugeot 135,06/2021,Gasoline,,Used,,/offers/peugeot-135-gasoline-grey-dbab51ad-fe57-4200-af86-d609f8b49182
6900,4264,20.0,Polaris Sportsman 850,01/2010,Gasoline,Automatic,Used,XP 850 E,/offers/polaris-sportsman-850-xp-850-e-gasoline-red-b5f42ae9-99a6-409d-9d9b-3dd331a8362e
1400,4900,8.0,Keeway Cityblade,12/2018,Gasoline,,Used,,/offers/keeway-cityblade-gasoline-red-85d5a9b9-2eec-9f05-e053-0100007f3e4f
19990,0,,KTM 1290 Super Duke GT,01/2020,,,New,,/offers/ktm-1290-super-duke-gt-black-e75e5751-aad1-46a9-8532-4db2b7b93ed9
17500,23000,77.0,Harley-Davidson Dyna Street Bob,09/2013,Gasoline,,Used,,/offers/harley-davidson-dyna-street-bob-gasoline-black-02d4dbb5-c97a-6c35-e053-0100007fb3f4
9000,19000,60.0,BMW R 100 GS,05/1993,Gasoline,Manual,Used,,/offers/bmw-r-100-gs-gasoline-red-b02872ba-a573-8361-e053-0100007fe95b
1890,4325,11.0,Honda CB 125,04/2017,Gasoline,,Used,CB 125 F,/offers/honda-cb-125-cb-125-f-gasoline-red-69900627-0e67-420b-87f9-7f38be697f03
6700,5200,54.0,Kymco AK 550,02/2019,Gasoline,Automatic,Used,,/offers/kymco-ak-550-gasoline-black-bfe144c0-72aa-d674-e053-0100007f9ffc
7499,7000,113.0,Kawasaki Z 800,04/2017,Gasoline,,Used,,/offers/kawasaki-z-800-gasoline-white-9057d8bf-881f-5129-e053-0100007f5696
18999,52,300.0,Others,09/2019,Gasoline,Automatic,Used,Seadoo-JETSKI-GTX-300,/offers/others-others-seadoo-jetski-gtx-300-gasoline-grey-0d25aab3-c435-44bf-8519-12e332a0ff2d
2900,3598,,Others,05/2020,Gasoline,,Used,ORCAL,/offers/others-others-orcal-gasoline-black-0ca71258-039a-43ec-8f9f-866a472edc37
39950,2500,,Ducati,04/2018,Gasoline,,Used,PANIGALE 1299 R FINAL EDITION!!,/offers/ducati-others-panigale-1299-r-final-edition-gasoline-7d73a6d4-138d-4c2d-ba33-1e38ba195383
16500,33669,121.0,Harley-Davidson V-Rod,09/2005,Gasoline,Manual,Used,FRSCR Raod -Rod,/offers/harley-davidson-v-rod-frscr-raod-rod-gasoline-blue-d5672d1e-b73f-41b4-b4c0-df1992bb1303
11899,31547,,BMW R 1200 GS,04/2013,Gasoline,,Used,,/offers/bmw-r-1200-gs-gasoline-5640528e-2666-4599-b58d-d2196a81f177
8499,9500,54.0,Harley-Davidson Iron 883,04/2011,Gasoline,,Used,,/offers/harley-davidson-iron-883-gasoline-black-b5fbf9c1-b340-2824-e053-0100007ff509
14900,1,203.0,Suzuki GSX-R 1000,01/2018,Gasoline,,Used,NEU ML Editions WeiÃ-Matt EinzelstÃ¼ck,/offers/suzuki-gsx-r-1000-neu-ml-editions-weiss-matt-einzelstueck-gasoline-white-6de557bc-8215-fb55-e053-0100007f35a9
10000,36000,71.0,Harley-Davidson Heritage Softail,10/2006,Gasoline,Manual,Used,,/offers/harley-davidson-heritage-softail-gasoline-black-92942fa7-0a3d-f457-e053-0100007f3854
12000,7900,67.0,Harley-Davidson XL 1200,05/2018,Gasoline,,Used,Harley-Davidson XL 12000,/offers/harley-davidson-xl-1200-harley-davidson-xl-12000-gasoline-grey-73d61c44-d1f3-44eb-a860-d7da5f27766b
8799,0,,Honda NC 750,01/2021,,,New,X ABS,/offers/honda-nc-750-x-abs-black-e3764e68-04ff-466a-a55f-6f89fe319d3e
2000,19800,14.0,Yamaha X-Max 125,07/2012,Gasoline,Automatic,Used,,/offers/yamaha-x-max-125-gasoline-black-2edd0bc2-e99a-9d6c-e053-0100007fe0c6
17900,16371,84.0,Harley-Davidson Road King,03/2012,Gasoline,Manual,Used,Classic FLHRC 103 2012,/offers/harley-davidson-road-king-classic-flhrc-103-2012-gasoline-white-6d34f8fd-c232-410e-9c8f-0b30cb970d90
6000,13000,150.0,Yamaha FZ 1,06/2009,Gasoline,,Used,immobilizer scarico omologato,/offers/yamaha-fz-1-immobilizer-scarico-omologato-gasoline-black-f1ee9b52-0118-4a83-92ed-4b3fe128fa3b
10900,3990,,Triumph Bonneville T120,04/2021,Gasoline,,Used,Black,/offers/triumph-bonneville-t120-black-gasoline-black-d6853da3-2504-4ef0-80c2-b59f144ff563
14000,20000,101.0,Polaris General,03/2017,Gasoline,,Used,1000 EPS,/offers/polaris-general-1000-eps-gasoline-orange-f1af5aba-9585-672a-e053-0100007fdc0e
12450,0,,Aprilia RS 660,01/2021,,,New,,/offers/aprilia-rs-660-black-64c98886-685a-49fd-8993-b6624a571cc9
10500,4019,125.0,BMW R 1200 R,05/2015,Gasoline,,Used,,/offers/bmw-r-1200-r-gasoline-white-456fdfbf-46b2-e96a-e053-0100007f4739
11000,6859,160.0,Yamaha MT-10,01/2020,Gasoline,,Used,,/offers/yamaha-mt-10-gasoline-grey-38df7001-a170-4e1a-b4fe-46393f1b6219
1000,20000,20.0,SYM Joymax 250,03/2009,Gasoline,Automatic,Used,,/offers/sym-joymax-250-gasoline-blue-e88b96be-81e2-bc3a-e053-0100007fc8d3
8000,5000,120.0,Suzuki GSX-S 750,01/2021,Gasoline,,Used,kit Barracuda - SC project,/offers/suzuki-gsx-s-750-kit-barracuda-sc-project-gasoline-white-6c683518-fd18-4805-9af7-a855eb85f164
8900,16368,160.0,BMW S 1000 XR,04/2016,Gasoline,,Used,,/offers/bmw-s-1000-xr-gasoline-black-96ac75c6-db70-f93b-e053-0100007f2274
10900,22133,139.0,Triumph Tiger Explorer,10/2017,Gasoline,Manual,Used,,/offers/triumph-tiger-explorer-gasoline-green-e7d1a7c5-b31b-4620-e053-0100007f6ea5
10950,9995,53.0,Harley-Davidson Sportster 1200,10/2014,Gasoline,Manual,Used,,/offers/harley-davidson-sportster-1200-gasoline-black-eb72fec6-ada8-6275-e053-0100007fcd69
12000,10749,110.0,BMW,03/2017,Gasoline,Manual,Used,R Nine T SCRAMBLER,/offers/bmw-others-r-nine-t-scrambler-gasoline-grey-2610eab5-0032-421c-80f8-c3d119d7871c
2400,10700,16.0,Yamaha Xenter 150,03/2017,Gasoline,Automatic,Used,1 Proprietario #10000KM #IvaEsposta,/offers/yamaha-xenter-150-1-proprietario-10000km-ivaesposta-gasoline-grey-ccfa91d4-84d4-42d9-b2f6-b53c7d4f4d99
6290,16525,95.0,Kawasaki Z 800,08/2016,Gasoline,Manual,Used,,/offers/kawasaki-z-800-gasoline-grey-00129fc5-98bb-e34e-e053-0100007f1709
12900,12360,175.0,Aprilia Tuono,04/2017,Gasoline,Manual,Used,V4 1100 Factory,/offers/aprilia-tuono-v4-1100-factory-gasoline-silver-eb66d8c6-c468-ee4c-e053-0100007ffff7
12960,10266,193.0,BMW S 1000 RR,06/2013,Gasoline,Manual,Used,MUe,/offers/bmw-s-1000-rr-mue-gasoline-white-2caa36ce-738c-4b49-b2f4-ab1c9be74c24
17500,29000,80.0,Harley-Davidson Electra Glide,09/2008,Gasoline,,Used,,/offers/harley-davidson-electra-glide-gasoline-black-dc0ddfc0-4a1f-7729-e053-0100007fbbe0
7150,2515,19.0,KTM 350 EXC,04/2019,Gasoline,,Used,Sixdays,/offers/ktm-350-exc-sixdays-gasoline-white-e9689408-a3d3-4002-8f94-2b7631a0b87b
6400,35000,60.0,BMW C 650,11/2017,Gasoline,,Used,,/offers/bmw-c-650-gasoline-white-94d52fc7-f0c9-a901-e053-0100007fc20a
6000,25600,106.0,Yamaha FZ 8,03/2012,Gasoline,,Used,,/offers/yamaha-fz-8-gasoline-grey-13ec93c4-ff00-0c4b-e053-0100007f98c4
10290,11495,,Harley-Davidson Sportster,01/2010,,,Used,XL XL1200 Fourty-Eight,/offers/harley-davidson-sportster-xl-xl1200-fourty-eight-black-b120ba2d-aa0c-45cf-b6d2-f106cd409b5f
10500,8356,58.0,Honda X-ADV,07/2020,Gasoline,,Used,,/offers/honda-x-adv-gasoline-white-bfe9dabf-18cc-fb2d-e053-0100007f851b
1999,20000,24.0,Kymco Xciting 300i,07/2010,Gasoline,,Used,R,/offers/kymco-xciting-300i-r-gasoline-orange-221276f6-a527-45e3-83e6-97e513864ceb
11669,150,54.0,Yamaha SCR 950,10/2017,Gasoline,Manual,Used,,/offers/yamaha-scr-950-gasoline-black-63c3e6bd-3846-500d-e053-0100007f7e9c
7558,0,,Honda CB 500,01/2021,Gasoline,,New,500F ABS,/offers/honda-cb-500-500f-abs-gasoline-blue-d35676f8-fddf-4bfa-97df-e309fd830447
1100,16857,3.0,Rieju Tango 50,04/2011,Gasoline,,Used,,/offers/rieju-tango-50-gasoline-red-c7a38a4e-0cf2-419d-8c53-a882966da260
11950,5767,160.0,BMW S 1000 XR,03/2017,Gasoline,,Used,0,/offers/bmw-s-1000-xr-0-gasoline-ad5180da-0147-42ae-b578-cd6840e693b6
10000,11300,52.0,Harley-Davidson Iron 883,11/2015,Gasoline,Manual,Used,,/offers/harley-davidson-iron-883-gasoline-grey-313b88c6-1ed9-703a-e053-0100007f43b7
6000,50,14.0,Kymco MXU 450i,03/2021,Gasoline,,Used,,/offers/kymco-mxu-450i-gasoline-green-d34735b9-4711-467a-b6f4-67169e932a27
8300,948,48.0,Moto Guzzi V 9,04/2019,Gasoline,,Used,,/offers/moto-guzzi-v-9-gasoline-bronze-a3c136bf-1251-1e1d-e053-0100007f26ed
37500,57600,98.0,Honda F 6 C,01/1999,Gasoline,Manual,Used,Interstate Gespann EinzelstÃ¼ck,/offers/honda-f-6-c-interstate-gespann-einzelstueck-gasoline-red-37f83816-4c8f-4627-80d3-35b6896887f6
27200,31100,84.0,Harley-Davidson Street Glide,08/2012,Gasoline,Manual,Used,FLHX,/offers/harley-davidson-street-glide-flhx-gasoline-black-6442af46-ddda-4a9b-b1ae-193748a7cec5
9490,22618,58.0,Triumph Scrambler,11/2013,Gasoline,Manual,Used,900,/offers/triumph-scrambler-900-gasoline-grey-d99a6d2f-e9a2-4d08-98f2-a16eb48adbb7
9990,16100,200.0,Kawasaki Ninja ZX-10R,08/2013,Gasoline,,Used,,/offers/kawasaki-ninja-zx-10r-gasoline-green-103737bf-ea7d-df4d-e053-0100007f0a2e
15790,3900,71.0,Zero,08/2018,Electric,Automatic,Used,Zero DSR Black Forrest CT bei NÃ¼rnberg,/offers/zero-others-zero-dsr-black-forrest-ct-bei-nuernberg-electric-663bbe35-4f21-44e4-b875-1c394a225fd3
19500,41386,160.0,BMW K 1600 GTL,03/2018,Gasoline,Manual,Used,k 1600 grand america,/offers/bmw-k-1600-gtl-k-1600-grand-america-gasoline-black-c669e8ef-c27f-4382-bf9c-2d1fdae2de87
12450,0,,Triumph Street Scrambler,01/2021,,,New,,/offers/triumph-street-scrambler-grey-e4198a73-12dc-44fb-8305-8b86bf6dbb52
59000,524,87.0,Harley-Davidson,11/2019,Gasoline,,Used,,/offers/harley-davidson-others-gasoline-black-855785bb-2964-0445-e053-0100007fe19b
3850,64880,171.0,Honda CBR 1000,04/2004,Gasoline,Manual,Used,,/offers/honda-cbr-1000-gasoline-red-fcc7aca6-24a9-43a3-b192-40115c53f1dd
6700,50000,185.0,Suzuki GSX-R 1000,06/2010,Gasoline,,Used,K10,/offers/suzuki-gsx-r-1000-k10-gasoline-blue-47be704b-1bb9-422a-867f-a4ca7ac3ddff
23000,500,64.0,Harley-Davidson Late Shovel,04/1981,Gasoline,,Used,special,/offers/harley-davidson-late-shovel-special-gasoline-orange-4fa913be-8235-4090-a28d-adc70e4cd653
10445,85086,107.0,BMW K 1600 GT,02/2012,Gasoline,,Used,,/offers/bmw-k-1600-gt-gasoline-white-fc564395-681b-491f-b51d-21a1411a3cc2
11500,35000,160.0,BMW K 1600 GT,07/2014,Gasoline,Manual,Used,,/offers/bmw-k-1600-gt-gasoline-black-75a65cbb-7a84-e662-e053-0100007fa628
17000,9993,27.0,Harley-Davidson Softail,04/1992,Gasoline,,Used,,/offers/harley-davidson-softail-gasoline-beige-d437bab9-0150-3c67-e053-0100007f5a62
11900,10700,95.0,Triumph Tiger 800,03/2019,Gasoline,,Used,,/offers/triumph-tiger-800-gasoline-white-5ed608c4-3d4c-1162-e053-0100007ffdfd
12500,18753,,BMW R 1200 GS,01/2013,Gasoline,,Used,,/offers/bmw-r-1200-gs-gasoline-blue-9acbce9b-2548-4ccc-8c14-bc6e1c7c71fe
20800,7000,135.0,BMW R 1250 GS,12/2020,Gasoline,,Used,,/offers/bmw-r-1250-gs-gasoline-white-4502f5c6-abdf-d668-e053-0100007fa570
24990,3000,101.0,Harley-Davidson Rocker C,03/2011,Gasoline,,Used,-Wunderkind- Markus Pfeil - EinzelstÃ¼ck,/offers/harley-davidson-rocker-c-wunderkind-markus-pfeil-einzelstueck-gasoline-black-f5ec29b4-d5fa-ff0c-e053-0100007f3f39
8290,29254,,Kawasaki Versys 1000,10/2014,Gasoline,,Used,TOURER,/offers/kawasaki-versys-1000-tourer-gasoline-green-901a20b2-4c46-4383-8797-3531790b6b1f
12000,700,110.0,BMW R nineT,07/2020,Gasoline,Manual,Used,Racer,/offers/bmw-r-ninet-racer-gasoline-white-d0e996c4-546b-7c66-e053-0100007fc629
7390,18244,,Kawasaki Z 800,05/2015,Gasoline,,Used,ABS,/offers/kawasaki-z-800-abs-gasoline-red-f24db4ea-5993-400e-a49d-718117606b34
12500,13200,197.0,Suzuki Hayabusa,03/2016,Gasoline,,Used,,/offers/suzuki-hayabusa-gasoline-black-c78549dc-470c-43bf-90a9-781c349d77f9
10500,1,71.0,Suzuki V-Strom 650,12/2021,Gasoline,,Pre-registered,XT ABS DL 650 XT,/offers/suzuki-v-strom-650-xt-abs-dl-650-xt-gasoline-yellow-ab671b3d-5ffe-4083-8a54-bc2b7191c96b
7999,2455,75.0,Yamaha XSR 700,04/2016,Gasoline,Manual,Used,ABS Mod. 2016 - Akrapovic Komplettanlage,/offers/yamaha-xsr-700-abs-mod-2016-akrapovic-komplettanlage-gasoline-green-3774ae2b-3d6e-4517-ab53-44b9a267cd43
15660,5700,136.0,BMW R 1250 R,05/2020,Gasoline,Manual,Used,,/offers/bmw-r-1250-r-gasoline-white-986c9cb0-7c6a-4cb2-983d-5622119da01c
11690,33267,154.0,Ducati Diavel,04/2011,Gasoline,Manual,Used,Carbon [SERVICE + REIFEN NEU],/offers/ducati-diavel-carbon-service-reifen-neu-gasoline-9c4dd288-ebf9-4fc9-a5ee-1c3e3576358e
19950,19800,,Ducati,04/2018,Gasoline,,Used,PANIGALE V4 NIEUWSTAAT! HISTORIE,/offers/ducati-others-panigale-v4-nieuwstaat-historie-gasoline-red-90309231-a68d-493f-b5ca-493d797d87c9
12300,808,60.0,BMW,03/2020,Gasoline,Automatic,Demonstration,"C A 650 GT HG,Autom,SH",/offers/bmw-others-c-a-650-gt-hg-autom-sh-gasoline-silver-37d85299-96b1-44f5-9914-b02ffee14ceb
11250,10200,61.0,Harley-Davidson Heritage Softail,07/1992,Gasoline,Manual,Used,Nevada Import mit frischem TÃV,/offers/harley-davidson-heritage-softail-nevada-import-mit-frischem-tuev-gasoline-red-1cded8f6-d1e8-4ac9-b9f9-1d305e9ee949
15000,19000,54.0,Yamaha TZR 250,02/1991,Gasoline,Manual,Used,3xv,/offers/yamaha-tzr-250-3xv-gasoline-white-cf950051-af74-3276-e053-e250040acf2b
17899,44000,98.0,Harley-Davidson Road Glide,07/2012,Gasoline,Manual,Used,CVO 110 1800 ccmÂ³,/offers/harley-davidson-road-glide-cvo-110-1800-ccm3-gasoline-blue-0f36287b-6f7f-4ab3-a476-ae99354130f7
1100,27000,300.0,Peugeot Geopolis 300,06/2013,Gasoline,,Used,,/offers/peugeot-geopolis-300-gasoline-grey-f2723ec4-fd28-c21f-e053-0100007f6a5c
1300,12000,1.0,Kymco Agility 150,02/2010,Gasoline,,Used,,/offers/kymco-agility-150-gasoline-grey-5467e7ba-b825-8c21-e053-0100007fab97
13990,6000,,Ducati Scrambler,03/2019,Gasoline,,Used,,/offers/ducati-scrambler-gasoline-black-baf65239-afba-462c-99f1-30d979486df9
12400,57000,160.0,BMW K 1600,03/2013,Gasoline,Manual,Used,,/offers/bmw-k-1600-gasoline-red-a08cf0a7-1b27-d61f-e053-0100007f608a
9500,6000,86.0,Harley-Davidson Sportster 1200,08/2012,Gasoline,Manual,Used,,/offers/harley-davidson-sportster-1200-gasoline-red-a249c6c5-0210-1c79-e053-0100007fdc31
15500,11000,95.0,Harley-Davidson CVO Limited,01/2009,Gasoline,,Used,springer sreamin eagle,/offers/harley-davidson-cvo-limited-springer-sreamin-eagle-gasoline-yellow-8eb80888-65c3-4ce5-a1b2-8c255524563b
8000,39208,125.0,BMW R 1200 GS LC,07/2015,Gasoline,,Used,,/offers/bmw-r-1200-gs-lc-gasoline-black-94828ac6-b0f9-b61a-e053-0100007f6013
10550,8350,143.0,Kawasaki Z1000 SX,03/2017,Gasoline,,Used,,/offers/kawasaki-z1000-sx-gasoline-green-64a9ad13-9bc5-41c1-92cb-4541df26352a
11999,27000,193.0,BMW S 1000 RR,12/2013,Gasoline,,Used,,/offers/bmw-s-1000-rr-gasoline-white-afd83b5e-1342-4998-9833-c7aaf58cfa39
10499,12000,,Yamaha Tracer 900,04/2019,Gasoline,,Used,GT,/offers/yamaha-tracer-900-gt-gasoline-blue-22506305-8f46-415f-8e8d-d829d2a84e39
23990,10800,,Honda GL 1800,04/2020,Gasoline,,Used,GOLDWING DCT,/offers/honda-gl-1800-goldwing-dct-gasoline-silver-0f77c2b2-d56f-4b79-b9f4-6f55f76a46d4
12500,21500,125.0,BMW R 1200 GS LC,10/2014,Gasoline,Manual,Used,,/offers/bmw-r-1200-gs-lc-gasoline-black-3e9897c5-cc08-c602-e053-0100007f4506
6700,11000,75.0,Yamaha XSR 700,03/2019,Gasoline,,Used,ABS,/offers/yamaha-xsr-700-abs-gasoline-silver-775e4a03-41db-455f-a38a-07bb170d7caf
120,8500,1.0,Kymco Agility 50,03/2012,Gasoline,,Used,,/offers/kymco-agility-50-gasoline-black-308970c6-8832-b14b-e053-0100007f02ed
15500,31600,158.0,Ducati Multistrada 1260,04/2018,Gasoline,,Used,s,/offers/ducati-multistrada-1260-s-gasoline-white-de12ef09-21f1-40dc-ab00-b1d91f61555d
6000,62000,155.0,Kawasaki GTR 1400,10/2007,Gasoline,,Used,Baul Givi V46,/offers/kawasaki-gtr-1400-baul-givi-v46-gasoline-grey-01d12648-94cd-4d08-8575-9ced6a4cf28a
10490,901,,Yamaha SCR 950,01/2020,,,New,Demo,/offers/yamaha-scr-950-demo-red-9b39dae6-25aa-4549-8582-b1e9fe507b29
11870,12699,53.0,Harley-Davidson Sportster 883,09/2013,Gasoline,Manual,Used,,/offers/harley-davidson-sportster-883-gasoline-black-54fbc1c6-658c-7e7a-e053-0100007fbab4
6900,23000,140.0,Ducati 848,10/2011,Gasoline,,Used,,/offers/ducati-848-gasoline-white-d977cbc4-9b33-4d0c-e053-0100007ffa5a
7000,27500,110.0,Moto Guzzi Griso 1200,05/2010,Gasoline,,Used,,/offers/moto-guzzi-griso-1200-gasoline-white-85ab7e60-2558-408a-b37b-888b84f034a8
10000,28000,27.0,BMW F 800 GS,08/2010,Gasoline,,Used,completo,/offers/bmw-f-800-gs-completo-gasoline-white-ed17269c-78ee-4826-a432-567d67ae6b81
12000,16272,125.0,KTM 1090 Adventure,05/2018,Gasoline,,Used,,/offers/ktm-1090-adventure-gasoline-orange-74299bc1-ae55-ee60-e053-0100007f7f01
480,46000,10.0,Kymco Agility 125,02/2009,Gasoline,,Used,,/offers/kymco-agility-125-gasoline-grey-914f58c4-97f1-3e42-e053-0100007f3790
11199,9000,,Honda,01/2017,Gasoline,,Used,X-ADV,/offers/honda-others-x-adv-gasoline-red-fd63c57e-09c5-4316-ae51-5fa4bfee223f
19695,3026,,Harley-Davidson Softail,01/2020,,,Used,FXLRS LOW RIDER S,/offers/harley-davidson-softail-fxlrs-low-rider-s-silver-b7212cc2-6dd6-41b8-abaa-4ff03bbbb249
6490,13050,48.0,Kymco AK 550,01/2018,Gasoline,Automatic,Used,I ABS * TopCase/ Scheckheft gepflegt *,/offers/kymco-ak-550-i-abs-topcase-scheckheft-gepflegt-gasoline-9b77d238-d688-45c0-a033-593fef62eddc
