price,mileage,power,make_model,date,fuel,gear,offer_type,version,link
8450,17100,116.0,Yamaha Tracer 900,04/2016,Gasoline,Manual,Used,MT 09 met Akrapovic uitlaat!,/offers/yamaha-tracer-900-mt-09-met-akrapovic-uitlaat-gasoline-blue-666bec18-e227-4b49-8799-356c3afa0d4d
7350,2500,34.0,BMW C 400 X,03/2020,Gasoline,Manual,Used,,/offers/bmw-c-400-x-gasoline-black-18ffef7d-3727-479e-b537-b054a9eb3697
18490,50,110.0,Zero,03/2021,Electric,Automatic,Demonstration,SRF SR/F Standard Zero NÃ¼rnberg,/offers/zero-others-srf-sr-f-standard-zero-nuernberg-electric-red-a289f949-01e2-4e6e-a531-6e1f11685020
30079,500,,BMW R 1250 RT,01/2021,,,New,,/offers/bmw-r-1250-rt-blue-6ba1cd3d-844f-4c8c-ad9c-22e56dcee80e
8480,25529,46.0,Yamaha TMAX 530,05/2017,Gasoline,Automatic,Used,ABS Arrow Auspuff Scheckheft,/offers/yamaha-tmax-530-abs-arrow-auspuff-scheckheft-gasoline-black-e0db09d9-7547-4b38-bfd9-272c64064ec1
10450,792,145.0,Honda CB 1000,03/2020,Gasoline,Manual,Used,R VorfÃ¼hrmotorrad,/offers/honda-cb-1000-r-vorfuehrmotorrad-gasoline-silver-2d051973-bb4b-45f7-abe7-04a99f6e0408
6690,12000,,Honda CB 500,01/2018,,,Used,X ABS,/offers/honda-cb-500-x-abs-red-2d9c3f93-5149-4132-8103-89ad1956539e
8900,15827,76.0,BMW F 750 GS,10/2019,Gasoline,,Used,0,/offers/bmw-f-750-gs-0-gasoline-afa84bcc-2edc-46c7-9d55-bedcde6dbcc1
6499,1063,,Kawasaki Z 650,01/2021,Gasoline,,Used,- Z650,/offers/kawasaki-z-650-z650-gasoline-silver-24c60f04-deac-4856-a799-7d8f06079b43
7000,6350,75.0,Ducati Scrambler,03/2018,Gasoline,,Used,icon 2018,/offers/ducati-scrambler-icon-2018-gasoline-yellow-69a107df-c506-455a-94bb-e9ee42de05d8
11000,6000,48.0,Harley-Davidson Superlow,04/2018,Gasoline,Manual,Used,,/offers/harley-davidson-superlow-gasoline-red-a678f5bb-28fc-2751-e053-0100007fb6cd
15950,57275,,Harley-Davidson Softail,01/2006,Gasoline,Manual,Used,- SPRINGER,/offers/harley-davidson-softail-springer-gasoline-blue-ea59f23d-d36b-48f5-858d-04f76ebcb919
6500,12000,68.0,Triumph Bonneville T100,04/2012,Gasoline,Manual,Used,,/offers/triumph-bonneville-t100-gasoline-red-c3887b20-de2c-4cc6-b94a-0c06f739d7c3
44890,20,178.0,Rewaco RF1,- (First Registration),Gasoline,Automatic,New,LT2 XXL UNIQUE ATM Turbo 177 PS,/offers/rewaco-rf1-lt2-xxl-unique-atm-turbo-177-ps-gasoline-grey-6e0f2c1a-15fa-4394-8abc-4ceb4ac11731
18880,12600,125.0,BMW R 1200 GS,03/2016,Gasoline,Manual,Used,TRIPLE BLACK,/offers/bmw-r-1200-gs-triple-black-gasoline-black-fcddab34-1795-4221-9259-51b64cde9316
150,4990,3.0,Peugeot V-Clic 50,01/2008,Gasoline,,Used,,/offers/peugeot-v-clic-50-gasoline-grey-97d818c1-3a4e-7629-e053-0100007fa5f5
9599,11000,95.0,Kawasaki Z 900,06/2018,Gasoline,,Used,A2 Notverkauf,/offers/kawasaki-z-900-a2-notverkauf-gasoline-black-9d8a3880-3aa0-4a7a-a23c-01c32c5fff90
8995,30352,110.0,BMW R 1200,07/2011,Gasoline,Manual,Used,R +Sportauspuff +ZubehÃ¶r +TOP-Zustand,/offers/bmw-r-1200-r-sportauspuff-zubehoer-top-zustand-gasoline-red-5bfca8f8-d4d0-4b9e-89c7-3564f9fabe81
11300,15000,98.0,Moto Guzzi California 1400,05/2014,Gasoline,,Used,custom,/offers/moto-guzzi-california-1400-custom-gasoline-black-54e42ce9-1e5c-4940-8d24-c773d41eea9e
17000,8500,125.0,BMW R 1200 GS,11/2018,Gasoline,,Used,,/offers/bmw-r-1200-gs-gasoline-blue-d0d237c2-644e-c814-e053-0100007f82b5
11950,1,7.0,Ecomobile,05/2020,Electric,,Used,"luxe uitvoering , alle opties",/offers/ecomobile-others-luxe-uitvoering-alle-opties-electric-red-429156bd-760c-e74e-e053-0100007fafdd
11500,45000,160.0,Ducati Multistrada 1200,09/2016,Gasoline,Manual,Used,Enduro,/offers/ducati-multistrada-1200-enduro-gasoline-green-5a9d0bc0-d6d6-4060-bec1-432949eed1c7
12500,4000,118.0,Ducati Multistrada 950,03/2019,Gasoline,,Used,,/offers/ducati-multistrada-950-gasoline-red-0ad11cc5-5c9d-123e-e053-0100007fd908
2199,4500,4.0,Yamaha Aerox,07/2019,Gasoline,Automatic,Used,,/offers/yamaha-aerox-gasoline-blue-965132bd-3c75-f446-e053-0100007f875f
6000,30000,52.0,Honda Integra,06/2012,Gasoline,Automatic,Used,,/offers/honda-integra-gasoline-black-ae4a5bc5-71c7-d432-e053-0100007f5f66
6499,5400,,Honda CB 500,01/2018,Gasoline,,Used,F ABS,/offers/honda-cb-500-f-abs-gasoline-black-f1ceec33-64b7-4cd0-ad03-e4f31bda6a5e
13890,800,95.0,BMW F 850 GS,04/2021,Gasoline,Manual,Used,Rallye mit 5 Jahren Garantie,/offers/bmw-f-850-gs-rallye-mit-5-jahren-garantie-gasoline-blue-8c15579c-990a-4a5b-b2c1-56c4c21576ce
15000,8000,160.0,Ducati Monster 1200,04/2019,Gasoline,,Used,R,/offers/ducati-monster-1200-r-gasoline-red-fdc13b9c-49ea-5e60-e053-e250040ab8b1
1900,15000,50.0,Vespa 50,04/2017,Gasoline,,Used,,/offers/vespa-50-gasoline-white-318ab1c6-b831-d852-e053-0100007fb519
2990,15880,,Honda,06/2014,Gasoline,,Used,,/offers/honda-gasoline-white-49a87970-e9f7-4373-b5fb-cce27026cd1c
16900,0,,KTM,01/2021,,,New,890 ADVENTURE R,/offers/ktm-others-890-adventure-r-orange-1aca9675-34c1-47b0-b2cb-9797f9486d9b
1150,3800,15.0,SYM Wolf SB 125 Ni,01/2014,Gasoline,,Used,,/offers/sym-wolf-sb-125-ni-gasoline-black-d1cfe490-d975-4278-ab23-1d6f136d04f1
9999,3300,49.0,Yamaha Grizzly 700,07/2010,Gasoline,Automatic,Used,SE Limited / Spezial,/offers/yamaha-grizzly-700-se-limited-spezial-gasoline-white-84d99177-524f-4fea-9965-4576eeb564f1
500,25000,20.0,Piaggio Liberty 50,02/2009,Gasoline,,Used,,/offers/piaggio-liberty-50-gasoline-black-8258c6ba-610b-643f-e053-0100007f2aed
11750,37500,90.0,Harley-Davidson Dyna Street Bob,03/2014,Gasoline,,Used,,/offers/harley-davidson-dyna-street-bob-gasoline-black-e2539bc3-3f25-f63b-e053-0100007fd88f
11199,0,,Moto Guzzi V 7,01/2021,,,New,Stone 850,/offers/moto-guzzi-v-7-stone-850-black-58c2dde9-267f-42f8-a463-07ba5ac15943
12400,0,,BMW R nineT,12/2020,Gasoline,Manual,New,RACER,/offers/bmw-r-ninet-racer-gasoline-890ebb5e-5eb1-488a-a624-d2cdbb15ef8a
15000,25000,160.0,Ducati Multistrada 1200,08/2016,Gasoline,,Used,,/offers/ducati-multistrada-1200-gasoline-red-de2339b9-b668-2655-e053-0100007fc76d
7000,8470,61.0,Kawasaki Vulcan S,07/2019,Gasoline,,Used,,/offers/kawasaki-vulcan-s-gasoline-orange-27fd18c7-ee6b-a875-e053-0100007f7184
12950,0,,Triumph,01/2021,,,New,TIGER 850 SPORT,/offers/triumph-others-tiger-850-sport-black-fd3e7663-24d8-4f3f-a92f-c7fe57079737
25000,15000,91.0,Harley-Davidson Electra Glide,03/2018,Gasoline,,Used,,/offers/harley-davidson-electra-glide-gasoline-blue-503dd853-4e90-44cf-9c6e-f32258d99b5b
6000,35900,106.0,Triumph Street Triple 675,05/2013,Gasoline,,Used,,/offers/triumph-street-triple-675-gasoline-grey-167cddc4-15a0-5d58-e053-0100007f5faa
10990,1000,105.0,BMW F 900 R,02/2021,Gasoline,Manual,Demonstration,Sport 4-Pakete SOS,/offers/bmw-f-900-r-sport-4-pakete-sos-gasoline-red-97117345-2d5f-449f-8fe8-03dbc8bc15ba
11000,2600,71.0,Harley-Davidson Street Rod,10/2019,Gasoline,,Used,XG750A,/offers/harley-davidson-street-rod-xg750a-gasoline-black-fe2a2d3a-49b5-4681-9ae6-39d1da3e83cc
2300,300,15.0,Others,03/2018,Gasoline,,Used,,/offers/others-others-gasoline-black-e38065b9-b3a9-5f3c-e053-0100007ff046
10300,13800,113.0,Ducati Multistrada 950,08/2017,Gasoline,,Used,,/offers/ducati-multistrada-950-gasoline-red-64ee51c3-e68d-1a25-e053-0100007ffab2
7200,12000,116.0,Yamaha MT-09,07/2017,Gasoline,,Used,,/offers/yamaha-mt-09-gasoline-blue-73b38b71-2ac0-4035-9fcb-f72c65044eb4
8199,0,48.0,Royal Enfield,01/2020,Gasoline,,New,INTERCEPTOR 650,/offers/royal-enfield-others-interceptor-650-gasoline-orange-804a220e-17fb-43b7-9ef7-28a93167e966
10000,33000,50.0,Rewaco HS4,02/2002,Gasoline,,Used,,/offers/rewaco-hs4-gasoline-yellow-8b8351bf-f46f-125b-e053-0100007f912f
2400,9711,12.0,Piaggio Medley 125,08/2018,Gasoline,,Used,Medley 125 ABS s,/offers/piaggio-medley-125-medley-125-abs-s-gasoline-green-340747be-8191-f960-e053-0100007f9df8
2600,17000,26.0,Honda Forza 300,01/2014,Gasoline,Automatic,Used,,/offers/honda-forza-300-gasoline-white-48c9acaf-ccc5-6d7d-e053-0100007f5919
12490,20000,125.0,BMW R 1200 R,05/2015,,Manual,Used,Classic ABS,/offers/bmw-r-1200-r-classic-abs-white-32870c36-15e6-4715-a963-db18fb23b16f
17500,39000,131.0,Harley-Davidson Fat Boy,10/2009,Gasoline,,Used,,/offers/harley-davidson-fat-boy-gasoline-black-b03ae7c2-1bb6-e669-e053-0100007fed62
9500,1900,144.0,MV Agusta Brutale 1090,12/2018,Gasoline,Manual,Used,ABS - 2018 - KM. 1900,/offers/mv-agusta-brutale-1090-abs-2018-km-1900-gasoline-black-03248fd2-9f69-45be-8cdc-f42c41aebf75
2100,985,45.0,Piaggio NRG Power,04/2020,Gasoline,,Used,,/offers/piaggio-nrg-power-gasoline-black-96646cc5-c34c-e527-e053-0100007f30b2
11900,2001,,BMW R 1200,11/2018,Gasoline,,Used,nineT,/offers/bmw-r-1200-ninet-gasoline-white-4b3dbe84-03f6-4513-b9e8-00dc1da76625
9000,2900,75.0,BMW F 800 GS,05/2017,Gasoline,,Used,,/offers/bmw-f-800-gs-gasoline-grey-2a44b7bd-4c8e-b743-e053-0100007f1880
12500,22000,76.0,Harley-Davidson Dyna Street Bob,06/2010,Gasoline,,Used,,/offers/harley-davidson-dyna-street-bob-gasoline-black-3102b0c1-bc16-2f51-e053-0100007fdcaa
11950,1900,,Yamaha,01/2021,Gasoline,Manual,Used,TRACER 9,/offers/yamaha-others-tracer-9-gasoline-red-2f30325f-184b-4a69-851a-10ba571ad259
10000,45000,150.0,KTM 1190 Adventure,07/2013,Gasoline,,Used,,/offers/ktm-1190-adventure-gasoline-silver-5b5f80a0-cbe3-1f4c-e053-e250040ac888
18999,0,,Yamaha MT-10,01/2021,Gasoline,,New,SP,/offers/yamaha-mt-10-sp-gasoline-black-a57364f4-f919-4c2b-8ae8-b92609376734
6900,2000,95.0,Honda CB 650,01/2020,Gasoline,,Used,,/offers/honda-cb-650-gasoline-black-2707f4c4-3a29-1958-e053-0100007f2880
19500,3000,136.0,BMW R 1250 GS,02/2020,Gasoline,,Used,,/offers/bmw-r-1250-gs-gasoline-blue-dfa0cfc1-efa2-0d4d-e053-0100007f5ede
19500,8500,76.0,Harley-Davidson Fat Boy,07/2010,Gasoline,Manual,Used,,/offers/harley-davidson-fat-boy-gasoline-black-fd1013bd-9978-4011-be6b-494a9f401006
6200,1160,37.0,CF Moto CForce 520,06/2019,Gasoline,,Used,,/offers/cf-moto-cforce-520-gasoline-orange-4d7749a7-8a01-42ac-9369-7981a9a48079
10290,45000,,BMW R 1200 R,06/2015,Gasoline,,Used,,/offers/bmw-r-1200-r-gasoline-grey-2775d410-7079-4d22-9fc9-f3a759f4dbb3
350,14478,4.0,Piaggio Fly 50,05/2010,Gasoline,,Used,,/offers/piaggio-fly-50-gasoline-black-dc74c1d9-9eee-40db-b973-7689c50caa2f
18699,1009,111.0,Zero Zero SR,04/2020,Electric,Manual,Used,F 14.4 KW,/offers/zero-zero-sr-f-14-4-kw-electric-black-4fa6372d-b13e-414a-aa03-c383bcc22b3c
17500,3273,,BMW S 1000 RR,05/2018,Gasoline,,Used,,/offers/bmw-s-1000-rr-gasoline-white-c610aae3-4d84-435a-948d-c5394b8c6770
10000,40000,67.0,Harley-Davidson 1200 Custom,11/2015,Gasoline,,Used,,/offers/harley-davidson-1200-custom-gasoline-black-342b75c2-b0e6-8336-e053-0100007fc8d9
2100,12906,15.0,Mondial SMX 125i ENDURO,09/2017,Gasoline,,Used,,/offers/mondial-smx-125i-enduro-gasoline-white-fce12184-1e67-42e9-9dfa-936eef232f52
6000,5124,48.0,Harley-Davidson Sportster 883,02/1995,Gasoline,,Used,,/offers/harley-davidson-sportster-883-gasoline-blue-4e88d2c4-3711-0d37-e053-0100007f6806
9900,30000,95.0,Honda CRF 1000,09/2017,Gasoline,,Used,Africa Twin DCT ABS Travel Edition (201,/offers/honda-crf-1000-africa-twin-dct-abs-travel-edition-201-gasoline-red-5ebd59c5-c8cb-7d1c-e053-0100007f523f
950,29300,18.0,Peugeot Geopolis 300,04/2014,Gasoline,Automatic,Used,,/offers/peugeot-geopolis-300-gasoline-white-0258d4ba-f046-4533-e053-0100007fde71
6100,22770,,Moto Guzzi V 7,10/2012,,Manual,Used,,/offers/moto-guzzi-v-7-red-fd336f49-cf99-488d-994b-f952cd03ed33
7000,16000,84.0,Buell XB 9,05/2007,Gasoline,,Used,,/offers/buell-xb-9-gasoline-red-6f3fb2c2-c8f9-655c-e053-0100007f175b
8000,1,60.0,Honda CRF 450,04/2016,Gasoline,Manual,Used,SUPERMOTARD,/offers/honda-crf-450-supermotard-gasoline-white-d2a52185-b32b-48dc-8fc3-4064d12500f2
11390,590,95.0,BMW F 900 R,05/2021,Gasoline,,Demonstration,inkl. Softkoffer und Tankrucksack,/offers/bmw-f-900-r-inkl-softkoffer-und-tankrucksack-gasoline-silver-1cae53d9-1805-40c4-bcf0-f96ef87af0b4
8299,1,,Kymco,12/2021,Gasoline,,Pre-registered,Xciting S 400i ABS,/offers/kymco-others-xciting-s-400i-abs-gasoline-black-c496eaf5-5749-4512-82f5-c46ca83fd6b2
12173,399,76.0,BMW F 750 GS,07/2021,Gasoline,,Used,Aktionspreis !!,/offers/bmw-f-750-gs-aktionspreis-gasoline-blue-dd7cf874-2d0a-422f-959b-34a957f84168
11750,16103,,Kawasaki,06/2016,Gasoline,,Used,,/offers/kawasaki-gasoline-blue-734854ba-6863-49cd-b7c1-6acaa0160b7c
15000,65000,50.0,BMW R 80,01/1984,Gasoline,Manual,Used,R 80 G/S,/offers/bmw-r-80-r-80-g-s-gasoline-7fc3dcb6-f078-4ea5-ba7a-ef44a958219b
1399,2180,4.0,SYM Fiddle 50,07/2019,Gasoline,,Used,Fiddle III 3,/offers/sym-fiddle-50-fiddle-iii-3-gasoline-blue-58ae2bc3-7d93-e021-e053-0100007fc7f7
15299,0,,Yamaha,01/2021,,,New,TRACER 9 GT,/offers/yamaha-others-tracer-9-gt-black-266c1038-8017-4ae9-90ac-f4b4dcdac64a
7175,15986,,Aprilia Dorsoduro,01/2008,,,Used,750 Factory,/offers/aprilia-dorsoduro-750-factory-black-b9b50c1a-8213-4608-8b96-dab38896599d
13000,2900,,Ducati,05/2016,Gasoline,,Used,MONSTER S ABS,/offers/ducati-monster-s-abs-gasoline-038b6668-944a-4756-8a69-3b1cc01ea83e
11500,6000,90.0,Triumph Scrambler,06/2019,Gasoline,Manual,Used,Xe 1200,/offers/triumph-scrambler-xe-1200-gasoline-white-bc232ac2-cb5d-3b60-e053-0100007f0fbc
9500,6328,54.0,Triumph Street Scrambler,06/2019,Gasoline,Manual,Used,,/offers/triumph-street-scrambler-gasoline-green-ba48dfc3-25ab-0604-e053-0100007f56b5
9999,10500,,Honda CB 1000,05/2018,Gasoline,,Used,R,/offers/honda-cb-1000-r-gasoline-black-76726656-2199-463d-ba50-191a5ed760f0
9700,6542,140.0,Triumph Speed Triple 1050,10/2017,Gasoline,Manual,Used,,/offers/triumph-speed-triple-1050-gasoline-red-35fed8c5-d16a-b373-e053-0100007fac49
7500,5900,90.0,BMW F 800,07/2016,Gasoline,,Used,,/offers/bmw-f-800-gasoline-blue-c37251bc-c443-025a-e053-0100007f7a96
10000,29613,110.0,MV Agusta Turismo Veloce 800,08/2015,Gasoline,,Used,,/offers/mv-agusta-turismo-veloce-800-gasoline-red-b4d391bc-f4cf-1047-e053-0100007f9927
10000,9700,105.0,Suzuki V-Strom 1000,01/2020,Gasoline,,Used,XT-ABS,/offers/suzuki-v-strom-1000-xt-abs-gasoline-yellow-2f5e37b2-e0b5-4473-b069-42b5812a2779
19250,10335,,BMW R 1200 GS,01/2018,,,Used,,/offers/bmw-r-1200-gs-black-b836e8b5-057c-4a0f-befa-58fb658f7b3f
8200,6500,116.0,Suzuki GSX-S 750,05/2019,Gasoline,,Used,,/offers/suzuki-gsx-s-750-gasoline-black-db4cf2c4-b6b7-492f-e053-0100007f7f40
35900,41200,82.0,Harley-Davidson Road Glide,03/2009,Gasoline,Manual,Used,1584 / BELLISSIMA !!!!,/offers/harley-davidson-road-glide-1584-bellissima-gasoline-black-71941be8-fba2-46a0-9108-a5e2672eab08
7250,43500,131.0,Ducati 848,07/2011,Gasoline,,Used,EVO dark stealth,/offers/ducati-848-evo-dark-stealth-gasoline-black-4433b4c3-f5b8-352f-e053-0100007f83ca
2190,20500,,Honda SH 125,07/2016,Gasoline,,Used,I,/offers/honda-sh-125-i-gasoline-black-de4b0a55-f5e9-4f28-8e6b-12d8b5d41398
12000,25000,160.0,BMW S 1000 XR,07/2016,Gasoline,,Used,,/offers/bmw-s-1000-xr-gasoline-grey-08a48e24-0024-4199-b84a-403e0ef54c9a
11600,4724,97.0,Moto Guzzi Audace,06/2016,Gasoline,,Used,,/offers/moto-guzzi-audace-gasoline-black-10259989-4118-4f28-8115-2209d318f0d9
10790,7,,KTM 350 EXC,07/2021,Gasoline,Manual,Used,F Wess,/offers/ktm-350-exc-f-wess-gasoline-orange-e03a2fc9-7ed2-4c8e-8537-26a9d632ee87
19490,15955,136.0,BMW R 1250 GS,03/2020,Gasoline,Manual,Used,Adv *Vollausstattung*,/offers/bmw-r-1250-gs-adv-vollausstattung-gasoline-green-24bfed39-3078-47cf-9ffe-a51bf7668b67
9700,17963,175.0,Honda CBR 1000,07/2014,Gasoline,Manual,Used,RR,/offers/honda-cbr-1000-rr-gasoline-black-7539c8b9-2f35-4b5b-e053-0100007f1d35
8000,43000,141.0,Kawasaki Z1000 SX,10/2015,Gasoline,,Used,,/offers/kawasaki-z1000-sx-gasoline-green-3af8f1bf-a77c-9d7c-e053-0100007fe10f
9000,16000,140.0,Triumph Speed Triple R,04/2016,Gasoline,,Used,,/offers/triumph-speed-triple-r-gasoline-white-f06cf0e1-8831-4f76-94ac-0dec665da29b
11250,42700,125.0,BMW R 1200 GS,08/2015,Gasoline,,Used,,/offers/bmw-r-1200-gs-gasoline-white-0d1acdad-86d6-d67c-e053-0100007fa4bf
39000,6000,61.0,Triumph,09/2009,Gasoline,Manual,Used,America (2008 - 10),/offers/triumph-others-america-2008-10-gasoline-brown-425474f2-9b01-421c-80ce-e28593e9909d
8500,7000,34.0,BMW C 400 GT,06/2020,Gasoline,,Used,,/offers/bmw-c-400-gt-gasoline-grey-5a94aaba-3580-2674-e053-0100007feea5
1750,3400,204.0,Kymco Agility 150,07/2020,Gasoline,,Used,Agility + Abs,/offers/kymco-agility-150-agility-abs-gasoline-grey-7aaec43e-7ab2-4786-9229-7e368d617517
6000,80000,110.0,BMW R 1200 R,03/2014,Gasoline,,Used,,/offers/bmw-r-1200-r-gasoline-black-68181735-bd3f-4b90-a4e9-854032070d98
10950,38000,160.0,BMW S 1000 R,01/2016,Gasoline,Semi-automatic,Used,,/offers/bmw-s-1000-r-gasoline-white-cdb434c1-411e-2559-e053-0100007fe85f
10500,35357,204.0,KTM 1190 Adventure,07/2015,Gasoline,,Used,Adventure R,/offers/ktm-1190-adventure-adventure-r-gasoline-orange-8f03c4c1-9c17-433f-992f-f638e46e0172
12500,4600,116.0,BMW R nineT,05/2018,Gasoline,,Used,,/offers/bmw-r-ninet-gasoline-white-250cdac2-bf42-0a73-e053-0100007ff04b
9700,2700,65.0,CF Moto Tracker,10/2015,Gasoline,Automatic,Used,800,/offers/cf-moto-tracker-800-gasoline-grey-a1f497be-890f-7c44-e053-0100007f9a75
550,40,15.0,Nitro Motors,06/2020,Gasoline,,Used,,/offers/nitro-motors-others-gasoline-green-345c7dc4-cbb2-534a-e053-0100007fd9f0
13499,10419,173.0,KTM 1290 Super Duke GT,03/2016,Gasoline,Manual,Used,,/offers/ktm-1290-super-duke-gt-gasoline-orange-3de935e3-8b3c-45e4-8f2b-93063132458c
15000,36239,150.0,BMW R 1200 GS Adventure,10/2016,Gasoline,,Used,Ardventure,/offers/bmw-r-1200-gs-adventure-ardventure-gasoline-white-733d03be-0a04-0763-e053-0100007f47d3
11989,16076,143.0,Kawasaki Z 1000,04/2014,Gasoline,Manual,Used,SPECIAL EDITION - LeoVince Auspuff,/offers/kawasaki-z-1000-special-edition-leovince-auspuff-gasoline-e8753c4d-9773-47a7-9b91-314b138396e3
7500,7539,56.0,Moto Guzzi V 9,06/2017,Gasoline,,Used,,/offers/moto-guzzi-v-9-gasoline-grey-49b993c1-5acf-230e-e053-0100007f8a08
11990,2456,,Honda CB 1000,06/2018,Gasoline,,Used,1000R ABS,/offers/honda-cb-1000-1000r-abs-gasoline-black-ab1a396f-bf94-461c-874e-049f671c018e
2850,28779,15.0,KTM 125 Duke,02/2015,Gasoline,Manual,Used,,/offers/ktm-125-duke-gasoline-orange-84e67fbe-f6be-b426-e053-0100007f0368
2000,5108,10.0,Honda MSX 125,05/2013,Gasoline,,Used,,/offers/honda-msx-125-gasoline-yellow-7be991c5-1377-e850-e053-0100007fe992
12900,13000,63.0,Harley-Davidson Fat Boy,12/2006,Gasoline,,Used,,/offers/harley-davidson-fat-boy-gasoline-black-e83005c1-24fe-ff29-e053-0100007f3891
18990,2192,159.0,Ducati Diavel,09/2019,Gasoline,Manual,Used,1260,/offers/ducati-diavel-1260-gasoline-grey-fff416fe-2a8e-4ebd-b88b-537600b2a167
31999,2875,77.0,Harley-Davidson Road Glide,01/2019,Gasoline,,Used,Fltrxs Road Glide Special 114,/offers/harley-davidson-road-glide-fltrxs-road-glide-special-114-gasoline-blue-fe4b28be-4609-4400-8830-4f69bcee91cb
17999,0,,Kawasaki Versys 1000,01/2021,,Manual,New,SE,/offers/kawasaki-versys-1000-se-grey-89a06ad4-ea91-4281-a1f1-412971eabf97
2000,18200,14.0,Honda CBR 125,01/2013,Gasoline,,Used,,/offers/honda-cbr-125-gasoline-grey-ff22dac3-603c-7610-e053-0100007f8da4
14500,36159,,BMW R 1200 GS,03/2015,Gasoline,,Used,,/offers/bmw-r-1200-gs-gasoline-white-f5354fdd-c013-4fa0-8b3d-8d0dc858a592
14995,2955,102.0,Honda CRF 1100,04/2020,Gasoline,Automatic,Used,L Africa Twin DCT viele Extras,/offers/honda-crf-1100-l-africa-twin-dct-viele-extras-gasoline-black-76950640-4ef0-4b81-a61f-f63a63470c93
8000,29900,56.0,Harley-Davidson Dyna Low Rider,06/1994,Gasoline,,Used,,/offers/harley-davidson-dyna-low-rider-gasoline-black-3a4bcbc6-12d1-6d6a-e053-0100007f0d9e
7100,15800,102.0,Buell XB 12,06/2009,Gasoline,,Used,,/offers/buell-xb-12-gasoline-black-dffe6ebe-f626-3f3a-e053-0100007f4d3e
1800,60,20.0,Others,02/2021,Electric,,Used,Citycoco,/offers/others-others-citycoco-electric-black-c3b0a0bf-0d21-7b1f-e053-0100007f7ae5
10500,14500,105.0,Can Am Spyder RS,04/2013,Gasoline,,Used,,/offers/can-am-spyder-rs-gasoline-orange-349921bf-2f4d-6a28-e053-0100007fa23d
12300,3855,,Yamaha Niken,03/2019,Gasoline,,Used,,/offers/yamaha-niken-gasoline-grey-20a0a250-9a97-4b6e-88f0-4b98c3b9b863
12500,2500,201.0,Suzuki GSX-R 1000,04/2017,Gasoline,,Used,,/offers/suzuki-gsx-r-1000-gasoline-black-708533b9-48e1-392d-e053-0100007f3160
10590,7000,67.0,Harley-Davidson Sportster,07/2010,Gasoline,Manual,Used,Custom im top Zustand mit groÃem Tank,/offers/harley-davidson-sportster-custom-im-top-zustand-mit-grossem-tank-gasoline-black-e665cf54-4202-4a77-becc-1a47061d2050
2100,12000,14.0,Honda PCX 150,06/2017,Gasoline,,Used,,/offers/honda-pcx-150-gasoline-grey-269b9cbb-e30a-795c-e053-0100007fb3f0
1999,49984,27.0,Kawasaki J300,06/2014,Gasoline,Automatic,Used,,/offers/kawasaki-j300-gasoline-black-431b1ebc-3b34-f21b-e053-0100007f9841
10798,1,95.0,Honda,05/2021,Gasoline,Manual,New,-,/offers/honda-others--gasoline-red-49c46a6a-f594-4277-a70d-4ae242f81289
7250,99999,,Suzuki,01/2017,Gasoline,,Used,450 RMZ,/offers/suzuki-450-rmz-gasoline-cd60c4e9-4e67-4608-867b-84df158425ce
2500,18000,15.0,Piaggio Beverly 125,08/2015,Gasoline,Automatic,Used,,/offers/piaggio-beverly-125-gasoline-black-403ae5c4-aaf1-2f47-e053-0100007f4411
19500,18700,,Others,02/2014,Gasoline,,Used,HARLEY DAVIDSON,/offers/others-others-harley-davidson-gasoline-black-3a90a2c8-ef8d-42e8-bd43-2df45f718987
8000,5000,131.0,Kawasaki 900 Z,04/2021,Gasoline,,Used,,/offers/kawasaki-900-z-gasoline-black-96d371c6-6944-5b46-e053-0100007f4157
1999,36,136.0,Suzuki RMZ 450,03/2010,Gasoline,,Used,cross,/offers/suzuki-rmz-450-cross-gasoline-yellow-b8510abc-c9b6-4fc5-9693-a975f092c58a
7000,40300,98.0,BMW K 1200 LT,02/1999,Gasoline,Manual,Used,,/offers/bmw-k-1200-lt-gasoline-red-d955fdc1-3456-4769-e053-0100007f8df5
7000,6000,75.0,Yamaha MT-07,10/2016,Gasoline,Manual,Used,Moto Cage **THE LAST ONE**,/offers/yamaha-mt-07-moto-cage-the-last-one-gasoline-grey-395210c7-0328-e12c-e053-0100007fef4a
2700,18900,35.0,Piaggio Beverly 350,05/2012,Gasoline,,Used,Bauletto e spoiler originali... variatore malossi,/offers/piaggio-beverly-350-bauletto-e-spoiler-originali-variatore-malossi-gasoline-silver-2c62f23f-4659-4289-aeda-a061a35b98c1
1840,1,3.0,Piaggio Liberty 50,05/2021,Gasoline,Automatic,Pre-registered,3V i.e. - RCA+TASSO 0,/offers/piaggio-liberty-50-3v-i-e-rca-tasso-0-gasoline-ff47ec32-1f8b-44de-ba16-e7ecc7a5d330
8290,16448,,Yamaha MT-07,09/2019,Gasoline,,Used,,/offers/yamaha-mt-07-gasoline-blue-3b765dcb-3e92-4b9f-ab72-fdfad0aae74e
10198,0,,Kawasaki Ninja 650,01/2021,,,New,KRT Performance,/offers/kawasaki-ninja-650-krt-performance-green-fc1a9709-785d-4d69-b393-95eb1cd81e43
10000,6500,109.0,Ducati Monster 821,06/2018,Gasoline,,Used,,/offers/ducati-monster-821-gasoline-red-8852aebe-23a2-2336-e053-0100007f96ba
6800,9200,50.0,Kawasaki VN 900,05/2010,Gasoline,Manual,Used,,/offers/kawasaki-vn-900-gasoline-black-e01f74bb-e95f-6b10-e053-0100007fce02
10699,0,,Kawasaki Z 900,01/2021,,,New,ABS,/offers/kawasaki-z-900-abs-white-b9d50226-406f-42f4-957b-7f75cb18aada
12250,5100,110.0,BMW R nineT,04/2019,Gasoline,,Used,,/offers/bmw-r-ninet-gasoline-black-75efceca-05b8-4ba5-9800-1471ec725b9d
7100,19334,152.0,BMW K 1200,07/2006,Gasoline,Manual,Used,,/offers/bmw-k-1200-gasoline-silver-1c501ec1-334c-7a46-e053-0100007fce99
10500,6750,29.0,Zero Zero DS,01/2018,Electric,,Used,14.4 Akku,/offers/zero-zero-ds-14-4-akku-electric-green-b0087d5d-8131-4f9b-b75f-5644276a9b92
12499,12775,160.0,BMW S 1000 R,01/2016,Gasoline,,Used,,/offers/bmw-s-1000-r-gasoline-black-2265beae-ec09-4297-a5de-30d973618ed6
8950,7204,90.0,BMW F 800 R,03/2018,Gasoline,,Used,,/offers/bmw-f-800-r-gasoline-white-300b97f2-45e2-4aa2-bc3d-ac3958e1e62b
6595,14150,,Honda NC 750,01/2015,Gasoline,,Used,XA,/offers/honda-nc-750-xa-gasoline-black-20125f63-d142-4d49-831a-618d22b220a1
9800,1460,69.0,Yamaha,01/2020,Gasoline,,Used,Wolverine,/offers/yamaha-others-wolverine-gasoline-grey-55314ebb-d100-e655-e053-0100007f4e6c
8290,90160,106.0,Yamaha FJR 1300,03/2012,,,Used,,/offers/yamaha-fjr-1300-0d064718-4db7-4cb4-8419-e96e0a5fe352
60000,0,128.0,Moto Guzzi MGS-01,- (First Registration),Gasoline,Manual,New,Corsa,/offers/moto-guzzi-mgs-01-corsa-gasoline-red-b6a84eab-7697-4a21-b3fc-3259623e38b8
13990,7779,67.0,Harley-Davidson XL 1200,04/2011,Gasoline,Manual,Used,X Forty-Eight Thorcat `Mad Max`,/offers/harley-davidson-xl-1200-x-forty-eight-thorcat-mad-max-gasoline-black-43b64f31-46b9-44a8-a837-124bdbe6f27a
6790,11250,,Aprilia SL 750,04/2013,,Manual,Used,ABS / Top Zustand / ZubehÃ¶r,/offers/aprilia-sl-750-abs-top-zustand-zubehoer-black-05c5e990-724c-4660-8584-6d0753ceabdd
7300,1612,35.0,Peugeot Metropolis,04/2018,Gasoline,Automatic,Used,,/offers/peugeot-metropolis-gasoline-beige-e1fc6dba-8a2f-dd3a-e053-0100007ff8f7
21440,8000,136.0,BMW R 1250 RT,05/2020,Gasoline,Manual,Demonstration,"AKRAPOVIC,3 PAKETE,DWA,eCALL",/offers/bmw-r-1250-rt-akrapovic-3-pakete-dwa-ecall-gasoline-grey-c9ae801b-3b77-4cfa-ae16-f1969d747c51
12950,24100,71.0,Harley-Davidson Road King,03/2004,Gasoline,Manual,Used,,/offers/harley-davidson-road-king-gasoline-black-d9c226bf-e9f3-711a-e053-0100007f7af5
8690,73900,160.0,BMW S 1000 XR,04/2016,Gasoline,Manual,Used,Koffer*Vollausstattung*,/offers/bmw-s-1000-xr-koffer-vollausstattung-gasoline-red-70089bc9-27f3-40ff-a8ea-6e23a7ba10b3
9500,3400,84.0,TGB Blade 1000,03/2019,Gasoline,Automatic,Used,Sonder Model,/offers/tgb-blade-1000-sonder-model-gasoline-grey-e672b94f-f7b0-4069-9c8f-dfaeb1722f2b
2850,28799,15.0,Yamaha MT-125,03/2015,Gasoline,Manual,Used,ABS,/offers/yamaha-mt-125-abs-gasoline-grey-6daf6dc5-a351-4328-e053-0100007f13c6
10900,39000,71.0,Harley-Davidson Heritage Softail,07/2007,Gasoline,Manual,Used,1600 ccm mit belegbare Vorgeschichte,/offers/harley-davidson-heritage-softail-1600-ccm-mit-belegbare-vorgeschichte-gasoline-white-5a6c30c5-21a0-480e-e053-0100007fc7a7
12500,14772,179.0,KTM 1290 Super Duke R,02/2017,Gasoline,,Used,,/offers/ktm-1290-super-duke-r-gasoline-black-629186ba-c7e1-205f-e053-0100007f25d2
6500,95000,44.0,Yamaha TMAX 500,03/2011,Gasoline,,Used,White Max limited edition,/offers/yamaha-tmax-500-white-max-limited-edition-gasoline-white-2a448beb-4764-4f15-9765-62e9a13b12ba
49500,4900,120.0,Honda VFR 750,03/1990,Gasoline,Manual,Antique / Classic,RC 30,/offers/honda-vfr-750-rc-30-gasoline-white-6a88fdaa-a8a8-4a9e-ad28-a575b1a3b7d6
10490,0,,Ducati Scrambler,01/2021,,,New,800 ICON DARK,/offers/ducati-scrambler-800-icon-dark-black-e42a2c2d-2c9b-459e-8aa3-9eb2f8cdcfce
900,4036,8.0,Peugeot Tweet,04/2012,Gasoline,,Used,,/offers/peugeot-tweet-gasoline-brown-a7bd8dc0-5fcd-1d50-e053-0100007f6d35
9000,41249,76.0,Harley-Davidson Dyna Street Bob,06/2009,Gasoline,,Used,,/offers/harley-davidson-dyna-street-bob-gasoline-black-afb9a0b7-4e29-4b08-b2f3-13082898f64f
11490,72629,125.0,BMW R 1200 GS LC,05/2014,Gasoline,Manual,Used,,/offers/bmw-r-1200-gs-lc-gasoline-grey-9d7c337d-22da-4f36-acbe-6a96b3f81acb
6200,3334,75.0,Yamaha MT-07,03/2015,Gasoline,,Used,,/offers/yamaha-mt-07-gasoline-white-316a9fc0-fd9c-ec07-e053-0100007f6db2
13300,26359,63.0,Harley-Davidson,04/2004,Gasoline,Manual,Used,FLSTC Heritage Softail Special Paint Vergaser,/offers/harley-davidson-others-flstc-heritage-softail-special-paint-vergaser-gasoline-orange-bb79740a-6b12-4ccf-bf74-c34953f829d0
15450,19500,82.0,Harley-Davidson Road King,08/2010,Gasoline,,Used,,/offers/harley-davidson-road-king-gasoline-black-39e71fb7-4a04-435d-9272-2a46d11b5599
295,18419,4.0,Piaggio Zip 50,03/2001,Gasoline,Automatic,Used,Edition Maholiss - EinzelstÃ¼ck!,/offers/piaggio-zip-50-edition-maholiss-einzelstueck-gasoline-violet-f67b2928-b1b7-42c9-a4b7-2357881e5208
9150,600,113.0,Suzuki GSX-S 750,02/2020,Gasoline,Manual,Used,,/offers/suzuki-gsx-s-750-gasoline-white-4638babc-05c2-7e12-e053-0100007f1d67
11500,30000,170.0,KTM 1190 RC8,06/2012,Gasoline,Manual,Used,,/offers/ktm-1190-rc8-gasoline-black-9ed6b47a-88b6-4b81-ac8d-72a36c8755c9
21000,7600,87.0,Harley-Davidson Road King,07/2016,Gasoline,Manual,Used,,/offers/harley-davidson-road-king-gasoline-black-018e2ac4-5b4b-d141-e053-0100007f0284
2000,16000,19.0,Piaggio Medley 150,03/2017,Gasoline,,Used,,/offers/piaggio-medley-150-gasoline-black-068951bf-1b43-905c-e053-0100007f853b
10500,19000,140.0,MV Agusta Brutale 800,05/2018,Gasoline,,Used,,/offers/mv-agusta-brutale-800-gasoline-red-f0aefcc4-404c-891d-e053-0100007f7925
11399,1,,Piaggio,01/2021,,,New,MP 3 400 LT SPORT Demo,/offers/piaggio-others-mp-3-400-lt-sport-demo-blue-d07df51b-1e99-4beb-8660-ce8ae3cf0b25
11500,38846,,BMW R 1200 GS,05/2016,Gasoline,,Used,,/offers/bmw-r-1200-gs-gasoline-34c902a1-9611-4669-aaae-990f7111224d
2200,4800,11.0,Brixton Felsberg 125,09/2019,Gasoline,,Used,,/offers/brixton-felsberg-125-gasoline-green-2f566e8d-fc70-4f1e-817b-ea1ec5c6b79c
10900,2661,,Ducati Scrambler,02/2019,Gasoline,,Used,1100 SPECIAL,/offers/ducati-scrambler-1100-special-gasoline-grey-3b839eca-e27a-47e4-9a93-574c5d201381
2850,26000,44.0,KTM 390 Duke,04/2015,Gasoline,Manual,Used,,/offers/ktm-390-duke-gasoline-black-6bc2f4b8-3062-be1a-e053-0100007fe8c2
12500,14772,179.0,KTM 1290 Super Duke R,02/2017,Gasoline,,Used,,/offers/ktm-1290-super-duke-r-gasoline-black-629186ba-c7e1-205f-e053-0100007f25d2
1500,7500,1.0,Piaggio Liberty 50,06/2017,Gasoline,,Used,,/offers/piaggio-liberty-50-gasoline-blue-061b23ee-db52-4c4e-ac60-4742503801c1
11680,19200,73.0,Kawasaki VN 1700,10/2010,Gasoline,Manual,Used,CLASSIC TOURER ABS KEINE 1500/1700,/offers/kawasaki-vn-1700-classic-tourer-abs-keine-1500-1700-gasoline-b1987f62-ee7e-45c7-a69b-fa0983d5f366
6200,21650,95.0,Triumph Tiger 800,06/2011,Gasoline,,Used,,/offers/triumph-tiger-800-gasoline-white-87ab2dc7-860a-9135-e053-0100007f1ee0
6900,3553,22.0,Vespa GTV Via Montenapoleone SE,09/2012,Gasoline,,Used,,/offers/vespa-gtv-via-montenapoleone-se-gasoline-black-e3d02ebd-db0d-7a69-e053-0100007f9b64
10700,16150,152.0,Ducati Multistrada 1200,05/2015,Gasoline,,Used,,/offers/ducati-multistrada-1200-gasoline-red-5afe51bf-c8d4-020b-e053-0100007fd1b0
7490,14590,75.0,BMW F 700 GS,10/2016,Gasoline,,Used,0,/offers/bmw-f-700-gs-0-gasoline-grey-d2da9ff2-8649-4665-bfad-a2861e25879d
11700,1996,90.0,Victory Kingpin,04/2011,Gasoline,Manual,Used,Polaris ( USA ),/offers/victory-kingpin-polaris-usa-gasoline-black-c1aed2d5-bbfe-44c5-bcb8-8ca775b5db7f
22999,6230,,BMW R 1250 GS Adventure,01/2020,Gasoline,,Used,,/offers/bmw-r-1250-gs-adventure-gasoline-ddf9a6ea-01cc-46e4-82ce-1025d4d39ae2
11990,11447,,Ducati SuperSport,06/2018,Gasoline,,Used,,/offers/ducati-supersport-gasoline-red-b45ef91c-d822-439e-b9cd-39f7040104c9
800,51210,277.0,Peugeot Geopolis 300,04/2011,Gasoline,,Used,,/offers/peugeot-geopolis-300-gasoline-black-bcfe8dbf-83be-5c7f-e053-0100007f83f5
6290,6300,,Suzuki Burgman 400,06/2018,Gasoline,,Used,,/offers/suzuki-burgman-400-gasoline-grey-dc879413-70d1-42d9-a369-18a35d6eef69
7100,2595,87.0,BMW F 800 R,11/2010,Gasoline,,Used,,/offers/bmw-f-800-r-gasoline-red-687d21c2-aca5-3823-e053-0100007f55cf
8500,23000,73.0,Ducati Scrambler,10/2017,Gasoline,,Used,icon 800,/offers/ducati-scrambler-icon-800-gasoline-black-e28d079d-c280-4e51-9d9b-dc78ca32a362
18990,6590,197.0,Ducati 1299 Panigale,06/2016,Gasoline,Manual,Used,s,/offers/ducati-1299-panigale-s-gasoline-red-0432becd-6164-46fc-b751-78ad72822ef6
9798,0,,Honda CB 650,01/2021,,,New,R,/offers/honda-cb-650-r-black-477689c6-b6aa-47bb-8211-cdf71633322f
15990,24033,160.0,BMW K 1600 GT,01/2014,Gasoline,Manual,Used,mooie en goed onderhouden motor met slechts 24.000,/offers/bmw-k-1600-gt-mooie-en-goed-onderhouden-motor-met-slechts-24-000-gasoline-6ab2aeff-7e2f-477a-b8a0-9063b3978034
29000,4950,122.0,Harley-Davidson Street Glide,05/2020,Gasoline,,Used,,/offers/harley-davidson-street-glide-gasoline-black-b217b74f-d37d-4481-8554-93cf1c1e7f70
13795,0,,Moto Guzzi,01/2021,,,New,V 85 TT,/offers/moto-guzzi-others-v-85-tt-black-66e0af9f-8cc0-413c-8888-4d146223c1d4
2700,5400,15.0,Malaguti Monte Pro 125,09/2020,Gasoline,Manual,Used,CBS Service NEU vom HÃ¤ndler !!!,/offers/malaguti-monte-pro-125-cbs-service-neu-vom-haendler-gasoline-white-cabb2747-9d8b-4972-8998-60d9e2b24e58
11488,17500,,Suzuki VZR 1800,07/2009,Gasoline,Manual,Used,N/M 1800 R2 INTRUDER*TOP ZUSTAND*S-HEFT,/offers/suzuki-vzr-1800-n-m-1800-r2-intruder-top-zustand-s-heft-gasoline-black-2d675baf-019a-43da-b637-2acfea8e698e
17950,31700,125.0,BMW R 1200 GS Adventure,03/2018,Gasoline,Manual,Used,,/offers/bmw-r-1200-gs-adventure-gasoline-black-feb1fac5-b9d4-942e-e053-0100007f566f
8000,14700,721.0,Yamaha TMAX 530,02/2013,Gasoline,,Used,black max,/offers/yamaha-tmax-530-black-max-gasoline-black-231226bc-45cf-0332-e053-0100007f849c
2900,14,11.0,Honda CBF 125,04/2021,Gasoline,,Used,,/offers/honda-cbf-125-gasoline-black-dabe31c1-b153-fe38-e053-0100007fb2e3
21058,0,,Honda CRF 1100,01/2020,,,New,L ADVENTURE SPORT,/offers/honda-crf-1100-l-adventure-sport-black-8bdfbb8b-cbe5-4793-afd9-c746c728edb8
15799,18000,125.0,BMW R 1200 GS LC,11/2017,Gasoline,,Used,,/offers/bmw-r-1200-gs-lc-gasoline-grey-059c9f13-048f-4fd8-9492-2b9019502a57
6950,79000,114.0,Honda CB 1300,07/2009,Gasoline,Manual,Used,CB1300A Super Four Bol d\'Or,/offers/honda-cb-1300-cb1300a-super-four-bol-d-or-gasoline-white-5515daba-a430-e174-e053-0100007f47a4
500,14000,50.0,Peugeot V-Clic 50,10/2016,Gasoline,Automatic,Used,,/offers/peugeot-v-clic-50-gasoline-black-5abc26c3-6b06-1d46-e053-0100007f2219
2290,9972,14.0,Kymco K-XCT 125,06/2015,Gasoline,,Used,,/offers/kymco-k-xct-125-gasoline-blue-6a925ebf-32c4-2653-e053-0100007fd334
7000,27000,15.0,Peugeot LXR 200,08/2010,Gasoline,,Used,,/offers/peugeot-lxr-200-gasoline-white-41a3fbba-ca79-bc0a-e053-0100007f6070
1650,1000,11.0,Brixton BX 125,08/2019,Gasoline,,Used,BX 125 X,/offers/brixton-bx-125-bx-125-x-gasoline-grey-b773615c-dd86-4398-9989-c904d64fb21d
10500,8300,113.0,Ducati Multistrada 950,07/2018,Gasoline,,Used,,/offers/ducati-multistrada-950-gasoline-red-173e585f-c091-4e5c-8e81-6974247f65aa
13299,0,,Yamaha,01/2021,,,New,T-MAX ABS,/offers/yamaha-others-t-max-abs-grey-e083f0d0-9957-476a-8a62-12efade38fdf
8650,9330,95.0,Ducati Monster 1100,05/2011,Gasoline,Manual,Used,,/offers/ducati-monster-1100-gasoline-red-76b94ac6-1ad8-ec3e-e053-0100007f48cc
16400,50000,75.0,Harley-Davidson Softail,03/2015,Gasoline,,Used,,/offers/harley-davidson-softail-gasoline-black-c9d159c0-f122-cb67-e053-0100007f476b
80000,100,209.0,Ducati 1299 Superleggera,06/2017,Gasoline,Manual,Used,N.189/500,/offers/ducati-1299-superleggera-n-189-500-gasoline-red-d3235482-6ffa-4ea2-a904-e5f9ec9aabee
7000,0,,KTM 390 Duke,01/2021,,,New,ABS,/offers/ktm-390-duke-abs-white-343a4778-0577-40fe-ae00-70c29d80de65
16900,0,,KTM,01/2021,,,New,890 ADVENTURE R,/offers/ktm-others-890-adventure-r-orange-9a4491c0-5a90-41e2-9053-bb01c028c578
11250,38800,125.0,BMW R 1200 GS,04/2013,Gasoline,,Used,,/offers/bmw-r-1200-gs-gasoline-red-9d4deef4-eb6e-43e1-a4df-10b6e9b234f8
10000,7100,45.0,Yamaha TMAX 530,06/2019,Gasoline,,Used,,/offers/yamaha-tmax-530-gasoline-blue-0fe400c4-78b7-1206-e053-0100007f7aec
15750,550,,BMW F 900 XR,01/2021,,,New,,/offers/bmw-f-900-xr-red-e590ad98-a282-4d26-af05-1cbb99a6e296
14900,13500,79.0,Harley-Davidson Dyna Fat Bob,08/2015,Gasoline,,Used,,/offers/harley-davidson-dyna-fat-bob-gasoline-silver-556a92a7-5548-6630-e053-0100007fc3b2
7800,22500,143.0,Kawasaki Z1000 SX,03/2016,Gasoline,,Used,,/offers/kawasaki-z1000-sx-gasoline-black-d2a9aec6-5371-7b3c-e053-0100007f6758
14000,4484,95.0,Indian Custom,10/2017,Gasoline,,Used,Vance&Hines,/offers/indian-custom-vance-hines-gasoline-black-5ab591ae-62a5-241a-e053-0100007f5fbb
14900,33316,125.0,BMW R 1200 GS Adventure,02/2016,Gasoline,Manual,Used,PACK TOURING DYNAMIC COMFORT,/offers/bmw-r-1200-gs-adventure-pack-touring-dynamic-comfort-gasoline-white-037cb37a-0f94-4ad9-bccc-605ba53b30e4
11390,6500,95.0,KTM 790 Adventure,02/2020,Gasoline,,Used,KTM 790 Adventure R Modell 2019,/offers/ktm-790-adventure-ktm-790-adventure-r-modell-2019-gasoline-black-02bbc623-8d2c-4e30-b97d-9d18a6070a63
2000,15000,4.0,Piaggio,09/2016,Gasoline,,Used,Vespa primavera 4T 4V,/offers/piaggio-others-vespa-primavera-4t-4v-gasoline-white-9891d086-7823-4a39-bc43-9d180b8fd408
12495,9600,,MV Agusta,01/2015,Gasoline,,Used,Turismo Veloce,/offers/mv-agusta-others-turismo-veloce-gasoline-silver-edb67900-9689-4003-9b8a-5af6ca6dd88a
14450,25250,,KTM,07/2017,Gasoline,,Used,SUPER ADVENTURE 1290 S NIEUWSTAAT!!,/offers/ktm-others-super-adventure-1290-s-nieuwstaat-gasoline-orange-dfd78161-6b15-486a-bb46-2fe86b856b7a
15500,46311,94.0,Harley-Davidson Ultra Classic,04/2009,Gasoline,,Used,,/offers/harley-davidson-ultra-classic-gasoline-silver-130e8ac3-2641-a64a-e053-0100007feecf
16990,67000,160.0,BMW K 1600 GTL Exclusive,01/2017,Gasoline,,Used,0,/offers/bmw-k-1600-gtl-exclusive-0-gasoline-grey-6d0d644b-7417-47fb-a408-df122744a95f
7850,12000,102.0,Yamaha XJR 1300,07/2016,Gasoline,,Used,yamaha XJR 1300 C,/offers/yamaha-xjr-1300-yamaha-xjr-1300-c-gasoline-blue-4e0c6ab6-f0f9-4b5d-af88-029ee4a843e7
15990,2598,110.0,MV Agusta,03/2020,Gasoline,Manual,Demonstration,Turismo Veloce Lusso SCS EAS MY2020,/offers/mv-agusta-others-turismo-veloce-lusso-scs-eas-my2020-gasoline-white-9481178c-d0d3-4b4b-acc6-081c0c539980
9000,39900,,BMW R 1200 GS,01/2009,Gasoline,,Used,,/offers/bmw-r-1200-gs-gasoline-blue-59347e27-9ce8-4272-83c4-d11317fa2e01
14450,49750,75.0,Harley-Davidson,07/2011,Gasoline,Manual,Used,FXS SOFTAIL BLACKLINE,/offers/harley-davidson-others-fxs-softail-blackline-gasoline-orange-af6f5482-727a-4862-aa35-f1bf1d606110
10000,90000,125.0,Ducati 1000 Sport,07/2006,Gasoline,,Used,"completisima, va equipada al maximo. un capricho",/offers/ducati-1000-sport-completisima-va-equipada-al-maximo-un-capricho-gasoline-yellow-fc2c7231-1fd1-4598-8840-2cf16bfa5a60
24000,4500,94.0,Harley-Davidson Fat Boy,09/2018,Gasoline,,Used,114 FLFBS Limited Edition mit J & H,/offers/harley-davidson-fat-boy-114-flfbs-limited-edition-mit-j-h-gasoline-blue-f1f9bdc4-c9df-f77a-e053-0100007f3520
8500,55000,160.0,BMW S 1000 R,03/2015,Gasoline,,Used,Vollausstattung,/offers/bmw-s-1000-r-vollausstattung-gasoline-red-8aa83b9e-d93f-4e89-aee7-1df63257683e
1700,45000,400.0,Kymco MXU 400,04/2013,Gasoline,,Used,,/offers/kymco-mxu-400-gasoline-blue-5dd09bbc-8187-3e20-e053-0100007f5e84
8490,32751,,Kawasaki Z 900,03/2018,Gasoline,,Used,ABS,/offers/kawasaki-z-900-abs-gasoline-red-be71236e-2d46-4f7c-8514-bb2c46ec14d8
8800,2703,60.0,BMW C 650,10/2018,Gasoline,Automatic,Used,GT,/offers/bmw-c-650-gt-gasoline-brown-e1dfe1c0-6676-e33b-e053-0100007f99b6
7000,9500,125.0,MV Agusta Rivale 800,09/2014,Gasoline,,Used,,/offers/mv-agusta-rivale-800-gasoline-grey-47bd2623-3495-4862-aa03-8dc6c9014911
11500,9200,110.0,BMW R nineT,06/2019,Gasoline,,Used,URBAN GS,/offers/bmw-r-ninet-urban-gs-gasoline-blue-045181c4-6e18-d546-e053-0100007f1e01
10750,18200,125.0,KTM 1090 Adventure,10/2018,Gasoline,Manual,Used,R,/offers/ktm-1090-adventure-r-gasoline-white-f3873aba-9e51-7d09-e053-0100007fba0d
9999999,9999999,12.0,Harley-Davidson CafÃ© Racer,03/2016,Gasoline,,Used,,/offers/harley-davidson-cafe-racer-gasoline-green-25c34e52-10ad-4b12-9800-44aaf23dcd7a
15000,4224,111.0,Yamaha YXZ 1000,07/2016,Gasoline,Manual,Used,,/offers/yamaha-yxz-1000-gasoline-silver-0d8e5fc2-4db6-7b13-e053-0100007fb860
12700,44200,77.0,Harley-Davidson Dyna Street Bob,03/2013,Gasoline,Manual,Used,,/offers/harley-davidson-dyna-street-bob-gasoline-black-b16ff7c3-b403-b009-e053-0100007fc5e3
11900,27242,162.0,Ducati Diavel,06/2015,Gasoline,Manual,Used,,/offers/ducati-diavel-gasoline-black-ded70bc5-18ce-8a59-e053-0100007fbd21
13900,16800,162.0,Ducati Diavel,05/2015,Gasoline,Manual,Used,,/offers/ducati-diavel-gasoline-red-d65d15c4-5464-5e0b-e053-0100007fda03
16499,0,,Kawasaki Versys 1000,01/2021,Gasoline,,New,1000S Tourer,/offers/kawasaki-versys-1000-1000s-tourer-gasoline-green-9c5b0c0d-813a-4edc-85a5-cb098f7b0656
2600,8000,19.0,Piaggio Beverly 300,04/2016,Two Stroke Gasoline,,Used,,/offers/piaggio-beverly-300-two-stroke-gasoline-grey-c7ee67c0-f5af-c954-e053-0100007f9589
8500,20000,69.0,Moto Guzzi 850 T,06/1973,Gasoline,Manual,Used,,/offers/moto-guzzi-850-t-gasoline-black-1db2eec2-67e3-7d41-e053-0100007fb499
6500,45000,179.0,Kawasaki Ninja ZX-10R,02/2011,Gasoline,Manual,Used,,/offers/kawasaki-ninja-zx-10r-gasoline-green-eddf7ec3-7e30-6d1c-e053-0100007f86a2
850,5300,3.0,Others,07/2019,Two Stroke Gasoline,,Used,,/offers/others-others-two-stroke-gasoline-black-675c52c6-26cd-f110-e053-0100007fb511
20990,1420,,BMW K 1600 GT,07/2020,Gasoline,,Used,,/offers/bmw-k-1600-gt-gasoline-black-1a13efd9-788e-4d60-afa9-adaec25077ab
9999,50,,Others,01/2019,Electric,Automatic,Used,"Aixam Jiayuan CityCarGo PickUp, Airco, Camera, Nav",/offers/others-others-aixam-jiayuan-citycargo-pickup-airco-camera-nav-electric-blue-8b93b603-e34d-4ee1-b636-8bd054761d14
700,10803,124.0,Peugeot Sum-up 125,06/2019,Gasoline,,Used,,/offers/peugeot-sum-up-125-gasoline-black-d3c551c6-a5c5-5158-e053-0100007f4bbf
9300,34705,173.0,KTM 1290 Super Duke R,03/2015,Gasoline,,Used,,/offers/ktm-1290-super-duke-r-gasoline-black-3f0d6bb9-8d79-4175-e053-0100007ff005
10990,59165,125.0,BMW R 1200 GS,03/2015,Gasoline,,Used,"3 Pakete, Schaltassi, Garantie",/offers/bmw-r-1200-gs-3-pakete-schaltassi-garantie-gasoline-blue-0e0f09ea-ef14-4617-b7d7-27f134c5f295
2000,10000,12.0,Yamaha NMAX,05/2017,Gasoline,,Used,,/offers/yamaha-nmax-gasoline-grey-1282dadb-6e17-446d-82dc-4070acb7880f
19500,5745,87.0,Harley-Davidson Street Glide,04/2014,Gasoline,,Used,,/offers/harley-davidson-street-glide-gasoline-black-c18c17bc-5918-4211-e053-0100007ffab6
7000,6500,128.0,Kawasaki Ninja ZX-6R,02/2010,Gasoline,,Used,,/offers/kawasaki-ninja-zx-6r-gasoline-green-366f2ebd-0558-1544-e053-0100007f0a98
9990,13500,,Others,06/2014,Gasoline,,Used,HARLEY DAVIDSON,/offers/others-others-harley-davidson-gasoline-black-a3b16006-c296-4caf-90c2-d2a2efb63b64
11900,260,114.0,Yamaha,06/2021,Gasoline,Manual,Used,MXT 850 NIKEN GT - 2021 - KM.260,/offers/yamaha-others-mxt-850-niken-gt-2021-km-260-gasoline-blue-8106b0b3-d578-4281-8d74-0d46394af89a
13897,50,83.0,Can Am Ryker,03/2021,Gasoline,Automatic,Demonstration,Rally 900,/offers/can-am-ryker-rally-900-gasoline-black-6c3bb245-4f5f-4f13-bfb9-44beb8efb315
7490,3289,,Kawasaki Versys 650,02/2021,Gasoline,,Used,,/offers/kawasaki-versys-650-gasoline-grey-439f1253-5f1d-4ca8-9633-15397cf63a8c
15950,19000,,Suzuki GSX-R 1000,03/2017,Gasoline,,Used,RA NIEUWSTAAT!! BODIS,/offers/suzuki-gsx-r-1000-ra-nieuwstaat-bodis-gasoline-blue-99a2deba-2e8e-44d2-82a4-89a7b1bdbc7f
9000,20000,7.0,Piaggio Primavera,06/1981,Gasoline,,Used,ET3 125 primavera,/offers/piaggio-primavera-et3-125-primavera-gasoline-grey-55ce07ba-b39e-4343-e053-0100007f2c1a
3690,490,10.0,Honda MSX 125,05/2021,Gasoline,Manual,Used,MSX 125 Grom ABS * Modell 2021 *TOP*,/offers/honda-msx-125-msx-125-grom-abs-modell-2021-top-gasoline-8a0e5950-8f44-4f5f-a484-b3f9d822667b
10850,17500,110.0,BMW R nineT,05/2017,Gasoline,,Used,Garantie Premium BMW jusqu'en 09/2022,/offers/bmw-r-ninet-garantie-premium-bmw-jusqu-en-09-2022-gasoline-white-cab4dac6-ffd7-3c22-e053-0100007fc7ce
15950,2887,97.0,BMW F 850 GS,04/2019,Gasoline,Manual,Used,BIQER Edition Super Enduro,/offers/bmw-f-850-gs-biqer-edition-super-enduro-gasoline-white-b526f3d6-facb-475d-9890-867b9c66e7bf
13900,500,97.0,Moto Guzzi California 1400,11/2015,Gasoline,Manual,Used,,/offers/moto-guzzi-california-1400-gasoline-silver-13fc4f4e-db66-4b3a-807b-6cf5ec435944
25758,0,,Honda CBR 1000,01/2021,,,New,R ST,/offers/honda-cbr-1000-r-st-black-e116060d-032d-47ed-a098-9875ff588488
9690,1612,116.0,Yamaha Niken,05/2021,Gasoline,Manual,Demonstration,,/offers/yamaha-niken-gasoline-58952e9e-6816-4279-8e71-e7f85a25134b
10990,31142,,Yamaha MT-10,01/2016,Gasoline,,Used,ABS,/offers/yamaha-mt-10-abs-gasoline-black-81e5ce3f-9f26-4135-9a0f-ce5b882f071e
999,3800,11.0,Explorer W125,07/2019,Gasoline,,Used,,/offers/explorer-w125-gasoline-black-ae4032be-7733-d84f-e053-0100007f749f
1500,6000,10.0,LML Star 125,06/2016,Gasoline,Automatic,Used,,/offers/lml-star-125-gasoline-green-d2dad8bf-998f-c05e-e053-0100007f416a
8500,19000,46.0,Yamaha,02/2016,Gasoline,Automatic,Used,T Max 530 2016,/offers/yamaha-others-t-max-530-2016-gasoline-silver-c7a5ee48-6c99-47e1-9d87-d568eac73df9
14990,14030,,KTM 1290 Super Adventure,01/2017,,,Used,S,/offers/ktm-1290-super-adventure-s-black-16218e6d-ae7b-497e-b810-304b4179b709
13300,13000,88.0,Victory Judge,05/2016,Gasoline,Manual,Used,,/offers/victory-judge-gasoline-red-c2471abc-67da-e022-e053-0100007f0a85
19900,15620,122.0,Harley-Davidson Night Rod,05/2016,Gasoline,,Used,Special,/offers/harley-davidson-night-rod-special-gasoline-grey-9724c3af-fa60-1579-e053-0100007f7844
13000,4500,163.0,Ducati 1000 GT,09/2011,Gasoline,,Used,,/offers/ducati-1000-gt-gasoline-red-001d5fc6-8e6b-4349-e053-0100007f8a2a
17600,331,,Kawasaki,04/2021,Gasoline,,Used,,/offers/kawasaki-gasoline-black-80de1cc8-2540-4c24-a100-a490b314b504
16490,15226,158.0,Ducati Multistrada 1260,12/2018,Gasoline,Semi-automatic,Used,Multistrada 1260 S D-Air,/offers/ducati-multistrada-1260-multistrada-1260-s-d-air-gasoline-red-9c59dd5e-a796-4670-8629-883ae08ee26f
1290,3450,,Piaggio Fly 125,06/2010,Gasoline,,Used,,/offers/piaggio-fly-125-gasoline-66f165b4-32e2-487e-afcd-f00e7a73246d
13500,7200,160.0,Ducati XDiavel,06/2018,Gasoline,,Used,,/offers/ducati-xdiavel-gasoline-black-a024dabe-8a2f-cd02-e053-0100007fe44a
6658,0,,Honda,01/2021,,,New,NSS 125 FORZA,/offers/honda-others-nss-125-forza-black-9d0eac04-448d-43a6-8bdc-c2a7ef22658d
7000,27000,133.0,Triumph Speed Triple 1050,07/2011,Gasoline,,Used,,/offers/triumph-speed-triple-1050-gasoline-black-816ff41f-6bba-432b-942a-f0abd11548cf
2750,15000,5.0,Suzuki RM 50,06/2016,Gasoline,,Used,enduro,/offers/suzuki-rm-50-enduro-gasoline-yellow-2caa6fbc-8b70-4bba-a341-283e21dd5c7b
8300,10494,116.0,Yamaha XSR 900,12/2018,Gasoline,,Used,,/offers/yamaha-xsr-900-gasoline-black-a16bcebf-d5f4-8d5e-e053-0100007f98c2
8899,48040,129.0,Honda Crosstourer,01/2013,Gasoline,Manual,Used,,/offers/honda-crosstourer-gasoline-red-2c985bc4-15a8-6b75-e053-0100007ffc5a
10000,50000,82.0,Harley-Davidson Road King,04/2001,Gasoline,,Used,Road King 1450,/offers/harley-davidson-road-king-road-king-1450-gasoline-black-5f40ddc9-0b11-488c-8303-6fee8d41f7af
1100,20000,10.0,Piaggio,06/2010,Gasoline,,Used,vespa 125 lx,/offers/piaggio-others-vespa-125-lx-gasoline-white-318ed7c6-6997-4776-a4e6-218edc415397
8000,113,24.0,Husqvarna FE 350,01/2021,Gasoline,,Used,,/offers/husqvarna-fe-350-gasoline-white-95a4c9c3-84ec-7152-e053-0100007f4aac
2500,7900,125.0,Kawasaki J125,02/2016,Gasoline,,Used,,/offers/kawasaki-j125-gasoline-grey-74cb32c4-72b3-784f-e053-0100007f2161
7500,12706,73.0,Ducati Scrambler,04/2018,Gasoline,Manual,Used,Street Classic,/offers/ducati-scrambler-street-classic-gasoline-grey-e08914b1-265d-421b-acc9-c5c01a696ca8
1400,72,4.0,Kymco Super 8,06/2019,Gasoline,,Used,,/offers/kymco-super-8-gasoline-black-057f06c4-4ab3-f817-e053-0100007f2615
1700,54350,15.0,Honda SH 150,06/2014,Gasoline,Automatic,Used,,/offers/honda-sh-150-gasoline-white-4ca177c6-c83f-df73-e053-0100007fb257
17450,29073,145.0,Yamaha FJR 1300,05/2020,Gasoline,Manual,Used,A,/offers/yamaha-fjr-1300-a-gasoline-blue-669f37d9-7172-42f0-a9e4-62269176ab5f
10490,21000,200.0,Kawasaki ZZR 1400,03/2013,Gasoline,Manual,Used,,/offers/kawasaki-zzr-1400-gasoline-black-d1b2b10e-82ac-4131-b341-fc4561402628
6899,0,,Mash,01/2021,Gasoline,,New,X-RIDE 650,/offers/mash-others-x-ride-650-gasoline-white-aef5d0a9-33a8-4a3c-aa0b-dc07bef0b977
21800,0,160.0,KTM 1290 Super Adventure,01/2021,,,New,S ABS,/offers/ktm-1290-super-adventure-s-abs-orange-7307a04e-2dfc-4f28-b738-78702335c46b
10990,5000,95.0,BMW F 900 R,01/2021,Gasoline,,Demonstration,0,/offers/bmw-f-900-r-0-gasoline-silver-03082f47-5bf4-4eba-b878-63fe1230860d
2000,2816,15.0,Kymco Agility 125,07/2018,Gasoline,Automatic,Used,,/offers/kymco-agility-125-gasoline-white-b2e864bf-1629-3842-e053-0100007fce28
10000,10300,114.0,Ducati Hypermotard 939,01/2018,Gasoline,Manual,Used,,/offers/ducati-hypermotard-939-gasoline-red-0e9148c5-86e6-1618-e053-0100007f1075
8300,15000,92.0,Can Am Renegade,06/2011,Gasoline,,Used,800xxc,/offers/can-am-renegade-800xxc-gasoline-yellow-849467f7-7155-4b6d-b28c-b5186a7955ae
27100,0,,Triumph,01/2021,,,New,ROCKET III R,/offers/triumph-others-rocket-iii-r-red-3c10f3f1-d176-460c-9a26-855ae41405c7
7499,23000,,Kawasaki Z 800,01/2013,Gasoline,,Used,,/offers/kawasaki-z-800-gasoline-black-be931b74-07b6-41be-b4af-d3022e68ea81
19990,1,110.0,BMW R nineT,08/2018,Gasoline,,Used,0,/offers/bmw-r-ninet-0-gasoline-3fedbd9e-2133-4be3-b111-502f71b1a0a6
1500,12250,4.0,Vespa LX 50,07/2012,Two Stroke Gasoline,,Used,,/offers/vespa-lx-50-two-stroke-gasoline-blue-28cd5dbb-746e-845a-e053-0100007f7b3e
10950,2200,122.0,Triumph Street Triple 765,08/2020,Gasoline,,Used,RS 2020,/offers/triumph-street-triple-765-rs-2020-gasoline-grey-a6b6b79c-448a-4bee-869f-5c0ee79b72eb
13450,21000,68.0,Harley-Davidson Sportster 1200,05/2014,Gasoline,Manual,Used,Harley Davidson XL 1200 T Sportster XL2,/offers/harley-davidson-sportster-1200-harley-davidson-xl-1200-t-sportster-xl2-gasoline-red-fcc024eb-3eae-405d-923f-bd3ef065cfa9
11250,22000,120.0,Kawasaki Versys 1000,05/2017,Gasoline,,Used,ABS Tourer,/offers/kawasaki-versys-1000-abs-tourer-gasoline-green-f50bda9d-3e8f-4d8a-902e-2b8bf8b3b707
1750,19854,1.0,SYM GTS 300,09/2011,Gasoline,,Used,,/offers/sym-gts-300-gasoline-silver-ee45c7e3-5e87-4752-8801-8b60d10d49f0
2890,985,12.0,Yamaha NMAX,07/2020,Gasoline,,Used,pot scorpion,/offers/yamaha-nmax-pot-scorpion-gasoline-grey-1580b9ea-f0a0-4558-b60e-e2edb5e32c86
9800,24000,,BMW F 850 GS,06/2019,Gasoline,,Used,,/offers/bmw-f-850-gs-gasoline-c67f5836-433a-4784-bdee-eb2c46776247
9990,23600,110.0,BMW R 1200 GS,02/2011,Gasoline,Manual,Used,,/offers/bmw-r-1200-gs-gasoline-red-509966c4-b825-bf0e-e053-0100007fb391
8499,19000,60.0,Honda X-ADV,07/2017,Gasoline,,Used,HRC,/offers/honda-x-adv-hrc-gasoline-white-f17566df-f369-4ed3-8e0d-69dbabef3879
2500,6700,12.0,Lambretta V200,03/2019,Gasoline,Automatic,Used,,/offers/lambretta-v200-gasoline-black-cfc2a6bd-d557-8473-e053-0100007f299a
1600,49000,20.0,Kymco Super Dink 125,10/2014,Gasoline,,Used,,/offers/kymco-super-dink-125-gasoline-grey-60c839c9-143f-4d18-af6c-ef11a6ddcec6
20890,5900,162.0,BMW K 1600 GT,03/2019,Gasoline,Manual,Used,1600 GT Sport,/offers/bmw-k-1600-gt-1600-gt-sport-gasoline-a12f0763-4859-41d7-aaaa-b99faf2a68d8
12500,65209,,BMW R 1200 GS Adventure,01/2015,Gasoline,,Used,,/offers/bmw-r-1200-gs-adventure-gasoline-white-82d7c18b-af13-4c4c-9ba9-4a8031b12891
800,3146,8.0,Znen,08/2011,Gasoline,Automatic,Used,,/offers/znen-other-gasoline-beige-2a5a96bd-a86c-6b28-e053-0100007f27b2
10000,73000,101.0,Ducati 888,03/1992,Gasoline,Manual,Used,,/offers/ducati-888-gasoline-red-f4ece4bc-a9e8-1474-e053-0100007f7e07
12900,6000,98.0,Honda CRF 1000,08/2018,Gasoline,,Used,,/offers/honda-crf-1000-gasoline-blue-f2d429c0-3a22-0948-e053-0100007fceef
13950,32500,125.0,BMW R 1200 GS Adventure,03/2015,Gasoline,Manual,Used,3-Pakete+Keyless-Ride+,/offers/bmw-r-1200-gs-adventure-3-pakete-keyless-ride-gasoline-white-42cfcbda-4735-4702-851f-f7ecaafe7ef0
10890,1839,,Yamaha TMAX 560,06/2020,Gasoline,,Used,,/offers/yamaha-tmax-560-gasoline-black-92997a97-7e2b-4bbc-b6a0-9e4284078d6e
6500,5600,90.0,BMW F 800,12/2017,Gasoline,,Used,,/offers/bmw-f-800-gasoline-white-a7ed0bc6-e4f2-9b2a-e053-0100007f1505
29900,10000,120.0,Harley-Davidson Custom Bike,06/2009,Gasoline,Manual,Used,,/offers/harley-davidson-custom-bike-gasoline-green-972e95c1-4c0b-0a1e-e053-0100007ff2e3
16800,7500,71.0,Harley-Davidson Rocker C,08/2008,Gasoline,,Used,FXCWC,/offers/harley-davidson-rocker-c-fxcwc-gasoline-blue-fe2fd5c5-3270-7312-e053-0100007f3885
7600,1756,48.0,Husqvarna TE 250,06/2019,Gasoline,Manual,Used,i,/offers/husqvarna-te-250-i-gasoline-white-5a3e4d84-7744-4a70-846a-730783e3ecfd
19500,7560,177.0,KTM 1290 Super Duke R,10/2018,Gasoline,Manual,Used,,/offers/ktm-1290-super-duke-r-gasoline-black-b83406c7-b3f5-f965-e053-0100007fdbca
11690,9273,95.0,KTM 790 Adventure,03/2019,,Manual,Demonstration,,/offers/ktm-790-adventure-orange-809cbaf5-45a6-4e2a-bf9a-ccb94b499f00
9000,14666,110.0,BMW R nineT,04/2015,Gasoline,,Used,,/offers/bmw-r-ninet-gasoline-black-f0dc0ac4-a8a1-372d-e053-0100007f7084
12790,1390,110.0,BMW R nineT,07/2020,Gasoline,,Used,Anschlussgarantie bis 13.07.2025,/offers/bmw-r-ninet-anschlussgarantie-bis-13-07-2025-gasoline-eb01d7b2-77e2-4758-bbd9-effc25730db9
6500,7100,61.0,Kawasaki Vulcan S,04/2016,Gasoline,,Used,Typ EN650A Variante B1 Version X,/offers/kawasaki-vulcan-s-typ-en650a-variante-b1-version-x-gasoline-black-390c8f39-aabc-4f0f-b1b9-7b58965adc40
9250,46000,150.0,KTM 1190 Adventure,04/2013,Gasoline,,Used,,/offers/ktm-1190-adventure-gasoline-orange-d2246710-d26f-4652-823d-cf3f900e1c8f
6990,40800,75.0,Yamaha XSR 700,11/2015,Gasoline,Manual,Used,,/offers/yamaha-xsr-700-gasoline-green-5b8c19bf-08d9-41cb-a18e-074efcf0b05d
7000,14800,175.0,Yamaha YZF-R1,06/2006,Gasoline,,Used,,/offers/yamaha-yzf-r1-gasoline-black-17b9d7bb-bf8d-4459-e053-0100007f3cb1
16950,16510,77.0,Harley-Davidson Softail,07/1989,Gasoline,Manual,Antique / Classic,FXST Special,/offers/harley-davidson-softail-fxst-special-gasoline-black-b310397e-cf62-40f7-b282-5cc7a4cc713e
10990,31142,,Yamaha MT-10,01/2016,Gasoline,,Used,ABS,/offers/yamaha-mt-10-abs-gasoline-black-81e5ce3f-9f26-4135-9a0f-ce5b882f071e
8900,54196,110.0,BMW R 1200 GS,03/2011,Gasoline,,Used,,/offers/bmw-r-1200-gs-gasoline-black-c1ce8ab0-75aa-5c3d-e053-0100007fb5e8
9200,15694,,Harley-Davidson Sportster XL 883,01/2010,,,Used,XL883N IRON,/offers/harley-davidson-sportster-xl-883-xl883n-iron-black-fa8e2a56-d1f7-4ae2-b3d8-eebeb67c3346
3798,0,,Honda,01/2021,,,New,PCX 125,/offers/honda-others-pcx-125-black-3026832c-8ab3-4c03-abd5-32dec9fbb700
10400,5148,110.0,BMW R nineT,06/2017,Gasoline,Manual,Used,,/offers/bmw-r-ninet-gasoline-black-886af3c6-bcc2-c754-e053-0100007ff744
20900,8000,75.0,Harley-Davidson,03/2013,Gasoline,Manual,Used,Breakout FXSB ABS*KELLERMANN*AMC*SERVICE NEU*,/offers/harley-davidson-others-breakout-fxsb-abs-kellermann-amc-service-neu-gasoline-black-5777166e-5d51-4987-bc6c-c787b5f1c142
8000,34000,80.0,Triumph Thunderbird Sport,04/2004,Gasoline,,Used,,/offers/triumph-thunderbird-sport-gasoline-black-345fc1bd-f685-f72b-e053-0100007f0f69
6995,550,3.0,Yamaha Black X-Max,10/2020,Gasoline,,Used,,/offers/yamaha-black-x-max-gasoline-black-f700c5ba-b977-f137-e053-0100007f9b8e
11000,14000,105.0,BMW R 1200 GS Adventure,02/2009,Gasoline,,Used,,/offers/bmw-r-1200-gs-adventure-gasoline-grey-a34319c1-76e1-a654-e053-0100007f0d7e
1400,58330,34.0,Yamaha Majesty 400,03/2010,Gasoline,,Used,,/offers/yamaha-majesty-400-gasoline-grey-3aec46c6-abf4-5054-e053-0100007f0119
14999,32106,77.0,Harley-Davidson,02/2016,Gasoline,,Used,FXDB Street Bob,/offers/harley-davidson-others-fxdb-street-bob-gasoline-green-b15ec2b8-11bc-47c6-937f-4ebce5d9a5c1
7200,7950,680.0,BMW C 600 Sport,07/2016,Gasoline,,Used,,/offers/bmw-c-600-sport-gasoline-black-f042e5cf-eaef-42c1-9bea-322b6b41ea50
10500,59780,68.0,Harley-Davidson Electra Glide,04/2003,Gasoline,,Used,FLHTC,/offers/harley-davidson-electra-glide-flhtc-gasoline-silver-fde723be-fca8-574d-e053-0100007f8ba4
1250,16000,222.0,Piaggio Carnaby 300,09/2009,Gasoline,,Used,,/offers/piaggio-carnaby-300-gasoline-black-05c265bf-4152-3715-e053-0100007f4295
290,1000,1.0,Velosolex,03/1972,Two Stroke Gasoline,,Used,velosolex 5000,/offers/velosolex-others-velosolex-5000-two-stroke-gasoline-orange-d72b5108-5490-4bce-8e2e-c0fceb9355ac
12950,28000,107.0,BMW R 1200 GS LC,06/2014,Gasoline,Manual,Used,,/offers/bmw-r-1200-gs-lc-gasoline-red-959fc162-b8d7-4635-a448-e793fb70017e
16500,20748,121.0,Harley-Davidson VRSC Night Rod,06/2007,Gasoline,,Used,special,/offers/harley-davidson-vrsc-night-rod-special-gasoline-black-c26c5c75-cfe9-4c77-9dea-5ac56fb7f8a8
18699,1764,,Yamaha Niken,01/2019,,,Used,GT Demo,/offers/yamaha-niken-gt-demo-blue-df7c65f9-582e-486a-a416-edf9ff87a718
7000,13950,113.0,Ducati 996,09/1999,Gasoline,Manual,Used,,/offers/ducati-996-gasoline-red-04a1b9bf-c7fd-7f7e-e053-0100007fc6a3
7999,1957,,Yamaha XVS 950,12/2018,Gasoline,,Used,,/offers/yamaha-xvs-950-gasoline-8aa3fb04-cb83-4666-a566-132ff8172081
12950,27200,,Kawasaki ZZR 1400,01/2017,Gasoline,,Used,KTRC BLACK EDITION SPORTDE,/offers/kawasaki-zzr-1400-ktrc-black-edition-sportde-gasoline-black-198dd12b-04cd-4988-a27a-e34b4709fb5a
12950,1001,18.0,Moto Guzzi Ercole,01/1965,Gasoline,Manual,Antique / Classic,500cc Hydrolische Kipper ORIGINEEL #UNIEK,/offers/moto-guzzi-ercole-500cc-hydrolische-kipper-origineel-uniek-gasoline-red-bd5bee64-2ba7-46cb-b36c-203284862f79
6000,18500,97.0,Honda CBR 650,07/2016,Gasoline,Manual,Used,,/offers/honda-cbr-650-gasoline-black-b994d68e-2536-f64e-e053-e250040a75dd
1950,22457,22.0,Piaggio Carnaby 300,08/2012,Gasoline,Automatic,Used,CRUISER 300,/offers/piaggio-carnaby-300-cruiser-300-gasoline-e6c19969-9de3-4cf2-9a06-384305cc966b
22300,0,,KTM 1290 Super Duke GT,01/2021,,,New,,/offers/ktm-1290-super-duke-gt-black-ffcb6e7f-5e72-4014-92d7-26d9c5a5e734
2000,1000,75.0,Honda Aeon Cobra,12/2015,Diesel,,Used,,/offers/honda-aeon-cobra-diesel-black-5900ce23-f3c7-479e-bd5c-9fcca3ab46b3
1900,5,3.0,Others,06/2021,Electric,Automatic,Used,,/offers/others-others-electric-blue-c750cfc3-84e7-b770-e053-0100007f30b1
6750,18500,20.0,Arctic Cat 550,11/2014,Gasoline,Automatic,Used,EFI,/offers/arctic-cat-550-efi-gasoline-black-21e0a84c-e4a4-4350-84c9-1c9903d09135
20500,3500,200.0,Yamaha YZF-R1,04/2021,Gasoline,Manual,Used,ABS,/offers/yamaha-yzf-r1-abs-gasoline-black-d96b094c-2b5c-4fdb-95e3-b0572115899d
6100,20000,148.0,Buell 1125 CR,09/2008,Gasoline,Manual,Used,,/offers/buell-1125-cr-gasoline-green-4efc9ec3-c41d-d827-e053-0100007f9173
11000,4984,80.0,Triumph Bonneville T120,03/2018,Gasoline,,Used,,/offers/triumph-bonneville-t120-gasoline-silver-bcd2f4b8-ad8f-4026-e053-0100007f128d
14400,900,95.0,Yamaha,11/2014,Gasoline,Automatic,Used,T Max 530 TURBO ARCORACING 095 MOTORE NUOVO,/offers/yamaha-others-t-max-530-turbo-arcoracing-095-motore-nuovo-gasoline-black-cd2e0dfd-1387-4ca0-8215-e5c7ab9b3813
