price,mileage,power,make_model,date,fuel,gear,offer_type,version,link
6799,4556,,Aprilia Shiver 900,07/2019,Gasoline,,Used,,/offers/aprilia-shiver-900-gasoline-red-a52c5fd7-1edd-4e99-8f02-dabc4f67d96b
9390,36340,,Yamaha MT-09,01/2017,Gasoline,,Used,ABS,/offers/yamaha-mt-09-abs-gasoline-blue-7f075c85-3b01-460c-84b0-a1dabcd0ed13
9900,100,90.0,BMW F 800,04/2014,Gasoline,,Used,F800GT,/offers/bmw-f-800-f800gt-gasoline-black-0db64df7-8f78-200e-e043-1250030a10d9
13900,68205,,BMW R 1200 RT,06/2016,Gasoline,,Used,,/offers/bmw-r-1200-rt-gasoline-brown-ce3a6c08-10ac-4cd9-8bfb-d8b49deca5f3
15000,49000,82.0,Harley-Davidson Electra Glide,02/2007,Gasoline,,Used,,/offers/harley-davidson-electra-glide-gasoline-violet-6fe9caeb-3e61-44aa-80f9-57bea9ed209c
2600,39600,15.0,Yamaha WR 125,11/2012,Gasoline,Manual,Used,Serienaustattung,/offers/yamaha-wr-125-serienaustattung-gasoline-white-0475cc6e-3541-4415-ba9d-a2947fefc672
11000,7621,77.0,Harley-Davidson Dyna Street Bob,01/2016,Gasoline,Manual,Used,,/offers/harley-davidson-dyna-street-bob-gasoline-grey-7a6528c6-4050-9b6f-e053-0100007f2874
600,13200,11.0,Kymco Agility 150,01/2017,Gasoline,,Used,,/offers/kymco-agility-150-gasoline-grey-032504b9-e11e-e222-e053-0100007fe965
7000,12685,90.0,BMW F 800 R,06/2017,Gasoline,,Used,,/offers/bmw-f-800-r-gasoline-white-155a96b3-b6e1-2112-e053-0100007f54d6
11200,8641,95.0,Honda CRF 1000,06/2018,Gasoline,Manual,Used,,/offers/honda-crf-1000-gasoline-white-a3deb9bc-01e6-746e-e053-0100007fcbc7
10950,44800,,Ducati Multistrada 950,06/2017,,,Used,,/offers/ducati-multistrada-950-white-1d7c64ab-12f1-47ec-be0d-d42905487ff7
7000,5950,105.0,BMW R 1200 R,10/2009,Gasoline,,Used,,/offers/bmw-r-1200-r-gasoline-grey-213ddbba-7919-9468-e053-0100007f043f
18888,3050,94.0,Harley-Davidson Low Rider,03/2020,Gasoline,,Used,,/offers/harley-davidson-low-rider-gasoline-black-4d9016bc-747a-972c-e053-0100007f91e8
21950,3600,110.0,BMW HP 2 Megamoto,07/2009,Gasoline,Manual,Used,3.600km Collectors Item,/offers/bmw-hp-2-megamoto-3-600km-collectors-item-gasoline-white-3d13d8eb-1a45-4c5f-8e06-1b27340a3edc
2890,15470,24.0,Suzuki,08/2013,Gasoline,Manual,Used,GW 250 INAZUMA,/offers/suzuki-others-gw-250-inazuma-gasoline-red-097e137c-87f7-48fe-b8e7-b725ae6a74c1
8200,16625,170.0,Ducati 1198,09/2011,Gasoline,,Used,,/offers/ducati-1198-gasoline-red-19bc22c5-c9d1-b16d-e053-0100007fb6f1
13750,30850,,Aprilia Tuono,05/2015,Gasoline,,Used,1100 V4 FACTORY,/offers/aprilia-tuono-1100-v4-factory-gasoline-grey-e4e19f32-95a2-413b-9040-4fe69ac6f87a
8000,2900,140.0,MV Agusta Brutale 990,12/2018,Gasoline,,Used,R,/offers/mv-agusta-brutale-990-r-gasoline-red-88b6eb2e-ba23-43a0-8c83-d5c4674def61
7700,1900,75.0,Ducati Scrambler,02/2018,Gasoline,,Used,,/offers/ducati-scrambler-gasoline-yellow-a94ee8c5-7895-913f-e053-0100007f7220
10850,49333,110.0,BMW R 1200 RT,04/2009,Gasoline,,Used,,/offers/bmw-r-1200-rt-gasoline-black-da898d7e-4a8c-4a9b-bcc4-52e95c73b60d
10000,30300,110.0,BMW R 1200 GS,03/2012,Gasoline,,Used,,/offers/bmw-r-1200-gs-gasoline-blue-27cca7bc-e963-6672-e053-0100007fb4fe
3449,13621,48.0,Kawasaki ER - 6 N,07/2007,Gasoline,Manual,Used,,/offers/kawasaki-er-6-n-gasoline-black-2f8871b8-1064-4459-be6e-25f27429216d
10745,8967,60.0,BMW C 650,03/2019,Gasoline,,Used,SPORT,/offers/bmw-c-650-sport-gasoline-black-cf83c9dd-a1b7-44bb-b9dd-278f65217953
10000,11350,67.0,Harley-Davidson Sportster 1200,10/2011,Gasoline,,Used,,/offers/harley-davidson-sportster-1200-gasoline-black-01f2e7ba-67df-5858-e053-0100007fab19
10900,18864,125.0,Suzuki VZR 1800,04/2013,Gasoline,Manual,Used,,/offers/suzuki-vzr-1800-gasoline-red-b07a97b9-8c5a-675c-e053-0100007fc70d
400,37000,150.0,Honda,03/2021,Gasoline,,Used,,/offers/honda-others-gasoline-green-c8d79062-cf65-447b-b6ed-51eb0d831c68
7000,32000,110.0,BMW R 1200 RT,05/2007,Gasoline,Manual,Used,,/offers/bmw-r-1200-rt-gasoline-silver-44f8a3bf-28e4-2c5b-e053-0100007fb10e
15300,9500,110.0,Polaris RZR 1000,06/2014,Gasoline,,Used,,/offers/polaris-rzr-1000-gasoline-orange-de1afcc2-1a20-bb49-e053-0100007f8ee9
1700,26000,34.0,Piaggio Beverly 400,05/2010,Gasoline,Automatic,Used,,/offers/piaggio-beverly-400-gasoline-white-2da65fbe-a1c5-cf57-e053-0100007f53b8
6000,16000,139.0,MV Agusta Brutale 990,01/2010,Gasoline,,Used,R,/offers/mv-agusta-brutale-990-r-gasoline-red-1ce36ef8-be60-4f1a-ba85-8547a08a3c93
12750,17000,165.0,BMW S 1000 R,01/2017,Gasoline,Manual,Used,,/offers/bmw-s-1000-r-gasoline-red-6cb05ac4-ca26-1522-e053-0100007fd238
2400,17244,,Honda SH 125,01/2018,Gasoline,,Used,i,/offers/honda-sh-125-i-gasoline-red-78fb61ea-97ff-45ca-8c30-14af7bd5600c
25000,15000,91.0,Harley-Davidson Electra Glide,03/2018,Gasoline,,Used,,/offers/harley-davidson-electra-glide-gasoline-blue-503dd853-4e90-44cf-9c6e-f32258d99b5b
13999,1270,90.0,Polaris Sportsman 1000,02/2020,Gasoline,,Used,XP,/offers/polaris-sportsman-1000-xp-gasoline-red-fc198957-ab8e-41d9-a99b-20d915b18cb0
9990,39712,,BMW S 1000 R,02/2015,Gasoline,,Used,,/offers/bmw-s-1000-r-gasoline-black-60c4a213-4931-4b35-b469-46eaca84afb1
19990,1970,218.0,Aprilia RSV4,03/2020,Gasoline,Manual,Used,1100 Factory,/offers/aprilia-rsv4-1100-factory-gasoline-black-1aca81a4-1e11-421a-87e0-8130ee7eb047
950,1000,3.0,Zhejiang,07/2019,Electric,,Used,Sport,/offers/zhejiang-other-sport-electric-green-aa0125bf-0a74-c970-e053-0100007fcad2
32900,10500,125.0,Honda Gold Wing,01/2021,Gasoline,,Used,,/offers/honda-gold-wing-gasoline-violet-85ed59c4-1e7b-0459-e053-0100007fe8af
15000,22000,75.0,Harley-Davidson Dyna Fat Bob,05/2011,Gasoline,,Used,,/offers/harley-davidson-dyna-fat-bob-gasoline-black-430282c2-a2f9-f803-e053-0100007f754f
13899,4255,48.0,BMW F 850 GS,03/2020,Gasoline,,Used,,/offers/bmw-f-850-gs-gasoline-white-96d607c7-bce2-c103-e053-0100007f07a0
7000,24500,131.0,Triumph Speed Triple 1050,05/2009,Gasoline,,Used,Special Edition 15th Anniversary,/offers/triumph-speed-triple-1050-special-edition-15th-anniversary-gasoline-black-6ea7d0ab-d6f5-4e4e-96bb-846b28b42470
6200,6000,131.0,MV Agusta Brutale 920,10/2011,Gasoline,Manual,Used,MV AGUSTA BRUTALE 920,/offers/mv-agusta-brutale-920-mv-agusta-brutale-920-gasoline-white-36f6e8db-9dcd-4bf6-b8be-bb9abe618d24
7000,2300,1.0,Husqvarna FE 250,06/2019,Gasoline,,Used,59h !,/offers/husqvarna-fe-250-59h-gasoline-white-c1a9a2b9-952f-4170-b703-5e1877d80e8d
10999,300,,Yamaha MT-09,01/2021,,,New,ABS,/offers/yamaha-mt-09-abs-black-4e998074-6362-4b20-b709-e709605b9567
8800,10800,184.0,Suzuki B King,03/2009,Gasoline,,Used,,/offers/suzuki-b-king-gasoline-black-3294dac6-9347-4d19-e053-0100007fb2ef
9558,0,,Honda NC 750,01/2019,,,New,XA,/offers/honda-nc-750-xa-blue-e00f7934-4133-463a-8085-352940408840
16950,11700,,Aprilia RSV4,08/2016,Gasoline,,Used,1000 RF FACTORY SPEC. EDITION!,/offers/aprilia-rsv4-1000-rf-factory-spec-edition-gasoline-bb8564de-710a-41dc-8809-679324d48fd0
1600,686,4.0,Aprilia,03/2014,Two Stroke Gasoline,Automatic,Used,,/offers/aprilia-others-two-stroke-gasoline-red-2819eabf-53e8-b373-e053-0100007fe3a1
11700,17800,110.0,Ducati SuperSport,05/2017,Gasoline,Manual,Used,S,/offers/ducati-supersport-s-gasoline-red-c7b78055-ded0-47fd-bee8-c212b9aedfbc
2590,99999,,Yamaha,01/2017,Gasoline,,Used,50 Raptor,/offers/yamaha-50-raptor-gasoline-01539dbe-6958-48d3-b1e7-161aa425c898
7950,11025,53.0,Yamaha XVS 950,11/2013,Gasoline,Manual,Used,Chopper 950A Midnight Star / Windscherm / Kofferse,/offers/yamaha-xvs-950-chopper-950a-midnight-star-windscherm-kofferse-gasoline-black-92007649-0c5c-4947-8b75-7fb772c3618c
9999,0,,Suzuki V-Strom 650,01/2021,,,New,XTA V-Strom,/offers/suzuki-v-strom-650-xta-v-strom-grey-fdd88ede-623c-46df-bba6-254bdcc16b0a
1300,16000,22.0,Piaggio Carnaby 300,05/2009,Gasoline,,Used,cruiser,/offers/piaggio-carnaby-300-cruiser-gasoline-white-6504ff75-7ef4-4d0b-93eb-ed9b7a3bfb81
8700,6300,48.0,Yamaha TMAX 530,05/2017,Gasoline,Automatic,Used,DX ABS,/offers/yamaha-tmax-530-dx-abs-gasoline-blue-d98d2520-d63e-4474-99d5-1faf077f7202
10989,28021,129.0,Yamaha YZF-R6,05/2013,Gasoline,Manual,Used,RJ155 WGP 50th Anniversary,/offers/yamaha-yzf-r6-rj155-wgp-50th-anniversary-gasoline-e2e68fd1-6ccf-4929-a36d-f2401ba3a5a4
6400,56600,175.0,BMW K 1300,02/2009,Gasoline,,Used,S,/offers/bmw-k-1300-s-gasoline-black-45f525c2-c11d-b950-e053-0100007f8e9d
6200,20900,116.0,Yamaha MT-09,11/2015,Gasoline,,Used,ABS,/offers/yamaha-mt-09-abs-gasoline-orange-5e0a77d8-aeca-4eb6-91f7-26d87f48abeb
10900,5402,110.0,BMW R nineT,04/2015,,,Used,,/offers/bmw-r-ninet-10f1510f-78c4-4132-aef3-f49db5d410df
12900,3200,,BMW F 900 XR,08/2020,Gasoline,,Used,,/offers/bmw-f-900-xr-gasoline-yellow-41bb3aa7-a258-422f-8dc0-808c78ca957f
6200,20900,116.0,Yamaha MT-09,11/2015,Gasoline,,Used,ABS,/offers/yamaha-mt-09-abs-gasoline-orange-b022a855-8971-4018-95e5-bd2dd9e07981
11990,12000,178.0,Honda CBR 1000,01/2012,Gasoline,Manual,Used,RA Fireblade,/offers/honda-cbr-1000-ra-fireblade-gasoline-black-760cbc2c-c586-42be-b454-eeb67279aef9
6600,6000,90.0,Honda CB 650,07/2017,Gasoline,,Used,,/offers/honda-cb-650-gasoline-blue-24a594b9-9557-9b45-e053-0100007fd33d
12400,99000,101.0,Harley-Davidson Road King,05/2009,Gasoline,Manual,Used,"Classic ABS FLHRC,Top-Zustand,Voll-Ausstattung!",/offers/harley-davidson-road-king-classic-abs-flhrc-top-zustand-voll-ausstattung-gasoline-black-c4210958-3bfa-4989-94aa-49d5a81d5500
1990,226,4.0,Others,09/2018,Electric,Automatic,Used,UNU E-Scooter 3KW Classic,/offers/others-others-unu-e-scooter-3kw-classic-electric-blue-0e362fd0-3e54-41a4-a8a4-a952536e3908
590,27000,20.0,Yamaha Majesty 250,02/2020,Gasoline,Automatic,Used,,/offers/yamaha-majesty-250-gasoline-green-2b88a7c5-79ea-1404-e053-0100007f0554
11590,38950,125.0,BMW R 1200 GS,02/2015,Gasoline,,Used,incl. Schalt-Assi - TOP !!,/offers/bmw-r-1200-gs-incl-schalt-assi-top-gasoline-blue-6d2c7fc5-297f-47a8-a0d2-ee3b6f674715
10600,8800,125.0,BMW R 1200 R,06/2017,Gasoline,,Used,black edition,/offers/bmw-r-1200-r-black-edition-gasoline-black-acbf76de-749f-4a6b-9d4a-c11f9b27f797
11950,16700,125.0,BMW R 1200 RS,05/2017,Gasoline,Manual,Used,,/offers/bmw-r-1200-rs-gasoline-white-145a5ee5-59a1-498a-a4a1-da93f335d4ff
9499,0,69.0,Suzuki V-Strom 650,01/2020,Gasoline,Manual,New,V-Strom ABS,/offers/suzuki-v-strom-650-v-strom-abs-gasoline-5858fe86-ca0f-4b19-8772-9c9f47a43ea5
22000,33400,201.0,Harley-Davidson Softail Slim,01/2017,Gasoline,,Used,,/offers/harley-davidson-softail-slim-gasoline-green-0bf9f5c4-bd9f-de17-e053-0100007f9bb3
6300,39000,101.0,Suzuki V-Strom 1000,10/2015,Gasoline,Manual,Used,,/offers/suzuki-v-strom-1000-gasoline-red-d8c251c3-c34a-9116-e053-0100007f6ce2
8000,12345,34.0,Triumph Tiger T110,05/1954,Gasoline,,Used,,/offers/triumph-tiger-t110-gasoline-blue-4bfcfabd-6b62-3348-e053-0100007f2deb
15695,5895,73.0,Harley-Davidson,04/2009,Gasoline,Manual,Used,"FLSTN Softail De Luxe 1. Hand 2,99 %",/offers/harley-davidson-others-flstn-softail-de-luxe-1-hand-2-99-gasoline-black-7a8be965-e21d-4f04-966c-c227ff5e273c
7500,27000,68.0,Triumph Bonneville T214,04/2015,Gasoline,,Used,cafe cacer,/offers/triumph-bonneville-t214-cafe-cacer-gasoline-blue-7ea2927f-9923-4758-8ecd-4bb1653e9503
16490,1500,160.0,KTM 1290 Super Adventure,03/2021,Gasoline,Manual,Used,S,/offers/ktm-1290-super-adventure-s-gasoline-63995570-08e0-46d3-bba0-f0d05ae713c6
10000,4000,109.0,Harley-Davidson,12/2010,Gasoline,,Used,zelfbouw Rene Excile,/offers/harley-davidson-others-zelfbouw-rene-excile-gasoline-black-d34be4b6-6631-f46e-e053-0100007ffdb0
11500,12500,67.0,Harley-Davidson Sportster Forty Eight,07/2016,Gasoline,,Used,,/offers/harley-davidson-sportster-forty-eight-gasoline-black-51d86022-767d-4575-9420-bf17bc4317e5
11390,6500,95.0,KTM 790 Adventure,02/2020,Gasoline,,Used,KTM 790 Adventure R Modell 2019,/offers/ktm-790-adventure-ktm-790-adventure-r-modell-2019-gasoline-black-02bbc623-8d2c-4e30-b97d-9d18a6070a63
7000,30000,50.0,KTM 600 LC 4,12/1999,Gasoline,,Used,,/offers/ktm-600-lc-4-gasoline-blue-168b32bd-b704-3a5b-e053-0100007feb63
13480,15000,87.0,Harley-Davidson Low Rider,01/2018,Gasoline,Manual,Used,FXLR 107 inch 15000 KM,/offers/harley-davidson-low-rider-fxlr-107-inch-15000-km-gasoline-black-a46818e0-4b99-4abd-9683-f36c6bfdec18
6500,7000,75.0,Husqvarna Svartpilen,04/2019,Gasoline,,Used,,/offers/husqvarna-svartpilen-gasoline-black-104d47c6-792c-f977-e053-0100007f6ada
10500,25000,162.0,Ducati Diavel,07/2011,Gasoline,,Used,,/offers/ducati-diavel-gasoline-red-364ab8c4-0558-9055-e053-0100007f9aef
6000,29000,132.0,KTM 990 Super Duke,08/2010,Gasoline,Manual,Used,,/offers/ktm-990-super-duke-gasoline-white-2c48febd-7da2-0d06-e053-0100007f59e6
12500,26000,95.0,Honda CRF 1000,06/2018,Gasoline,,Used,,/offers/honda-crf-1000-gasoline-blue-2fcbb8c4-01c7-da03-e053-0100007fbf13
9000,33000,110.0,BMW R 1200 GS,05/2011,Gasoline,,Used,,/offers/bmw-r-1200-gs-gasoline-gold-3f9406b9-489f-951b-e053-0100007f959e
10000,21460,84.0,Harley-Davidson Road King,01/2012,Gasoline,,Used,,/offers/harley-davidson-road-king-gasoline-red-f31012c6-61c2-e503-e053-0100007f7e42
7490,33166,,Ducati Monster 1100,04/2010,Gasoline,,Used,,/offers/ducati-monster-1100-gasoline-red-9bee8c90-d9a2-4c74-9bd9-d8fd2ee13ea6
11790,6200,,Kawasaki Versys 1000,07/2019,Gasoline,,Used,,/offers/kawasaki-versys-1000-gasoline-white-e7a4fc55-43c0-431f-9060-3a2a4c16f5f5
250,22700,7.0,Peugeot Vivacity 50,04/2006,Two Stroke Gasoline,,Used,,/offers/peugeot-vivacity-50-two-stroke-gasoline-black-ed67bd39-bbf2-46ae-805f-3ea7c51d398d
8850,2700,,Kawasaki Z 900,07/2018,Gasoline,,Used,ABS BLACK EDITION!!,/offers/kawasaki-z-900-abs-black-edition-gasoline-black-a4389bb0-68ce-4984-89b2-046b6fb18c6d
7000,67000,61.0,Harley-Davidson Road King,05/1995,Gasoline,,Used,,/offers/harley-davidson-road-king-gasoline-black-dcdaaec5-9f34-d43f-e053-0100007f9e83
2799,0,,Suzuki Address,01/2021,,,New,UK110 ( 110),/offers/suzuki-address-uk110-110-white-3410fd64-af80-4a56-b4a3-ce79c10e8b6d
11990,1000,105.0,BMW F 900 R,03/2020,,Manual,Used,,/offers/bmw-f-900-r-silver-0cf0bd0c-0c55-471e-b6de-7dda5a6d7bfe
12989,12255,68.0,Harley-Davidson Sportster,09/2014,Gasoline,Manual,Used,"XL 1200 T SUPERLOW - Koffer, 1. Hd.",/offers/harley-davidson-sportster-xl-1200-t-superlow-koffer-1-hd-gasoline-eea489ad-0d49-495c-9f6b-c66893ae8614
18290,17345,145.0,Yamaha FJR 1300,01/2018,,,Used,AE EXPLORER,/offers/yamaha-fjr-1300-ae-explorer-blue-eb8c7eeb-6b23-4c0a-a3ca-2268c05677fe
12490,20400,125.0,BMW R 1200 GS,03/2013,Gasoline,Manual,Used,ABS-ASC-ESA,/offers/bmw-r-1200-gs-abs-asc-esa-gasoline-white-89106006-3bb5-41bf-8e4c-174b7c858b29
22000,34000,98.0,Harley-Davidson CVO Limited,02/2013,Gasoline,,Used,,/offers/harley-davidson-cvo-limited-gasoline-blue-1fd763c2-80e6-6c31-e053-0100007f4d34
12999,3500,105.0,Triumph Thruxton,04/2020,Gasoline,Manual,Used,1200 R,/offers/triumph-thruxton-1200-r-gasoline-white-f84d69dd-dbaf-4630-8de2-a23984f1b27f
6800,13116,71.0,BMW F 650 GS,07/2010,Gasoline,,Used,,/offers/bmw-f-650-gs-gasoline-orange-9f30f9c0-1898-c022-e053-0100007f40f7
10500,38000,64.0,Harley-Davidson Heritage Softail,08/2004,Gasoline,,Used,,/offers/harley-davidson-heritage-softail-gasoline-black-ed6acdc3-e317-223e-e053-0100007fca4a
23950,14200,,Harley-Davidson Road King,09/2017,,,Used,FLHRXS SPECIAL 107,/offers/harley-davidson-road-king-flhrxs-special-107-973da54e-acf1-4a51-a59b-25ff8953b97b
9400,12700,110.0,Ducati Hypermotard 939,05/2016,Gasoline,,Used,,/offers/ducati-hypermotard-939-gasoline-white-19483f23-a437-44fd-b921-c8e5f4c77845
800,3700,3.0,KSR Moto Sirion 50,08/2019,Gasoline,,Used,scooter sportivo,/offers/ksr-moto-sirion-50-scooter-sportivo-gasoline-black-e01272e5-c153-4569-a964-4d06dded694d
2500,20000,15.0,Piaggio Medley 150,09/2016,Gasoline,Automatic,Used,ABS,/offers/piaggio-medley-150-abs-gasoline-white-05e49c78-f40b-42ae-b54e-8a6619e821e5
10989,24519,173.0,KTM 1290 Super Duke R,03/2015,Gasoline,Manual,Used,"Akrapovic, Power Parts",/offers/ktm-1290-super-duke-r-akrapovic-power-parts-gasoline-black-e2e2bb2b-2ef2-4979-bab5-44ada73053d6
11950,0,,Aprilia Tuono,01/2021,,,New,660,/offers/aprilia-tuono-660-black-26a97a82-9784-45f9-bb4c-cd58a060a2ad
9000,6500,86.0,BMW F 800 GS,03/2016,Gasoline,,Used,,/offers/bmw-f-800-gs-gasoline-bronze-4f8bf3c6-2571-cd5c-e053-0100007f1420
9900,14800,109.0,BMW R nineT,01/2015,Gasoline,,Used,,/offers/bmw-r-ninet-gasoline-blue-1df1883a-0107-428b-8bd4-98b6401d83f4
8690,3678,113.0,Triumph,11/2019,Gasoline,Manual,Used,,/offers/triumph-gasoline-red-80d2ba75-5ac4-439f-a536-6fffcff4c1b2
29440,0,,Ducati,01/2021,,,New,MULTISTRADA V4 S FULL,/offers/ducati-others-multistrada-v4-s-full-red-638aa886-f4cf-4b32-b99d-e0a441110766
10590,614,,Honda,04/2017,Gasoline,,Used,XADV,/offers/honda-xadv-gasoline-77f1dc86-2c1e-427d-8eb9-2b80c718927e
11000,13225,110.0,Ducati SuperSport,03/2017,Gasoline,,Used,S White Silk,/offers/ducati-supersport-s-white-silk-gasoline-white-028b0cc1-63d5-0702-e053-0100007f4570
9600,56500,54.0,Harley-Davidson Heritage Softail,02/1993,Gasoline,Manual,Used,FLSTC HERITAGE SOFTAIL CUSTOM,/offers/harley-davidson-heritage-softail-flstc-heritage-softail-custom-gasoline-black-88543226-9a96-421b-bc66-e0b6d94df556
16900,18156,158.0,Ducati Multistrada 1260,12/2019,Gasoline,Manual,Used,MULTISTRADA 1260 ENDURO,/offers/ducati-multistrada-1260-multistrada-1260-enduro-gasoline-beige-196294d2-6904-4031-9dcf-41af72c5e581
8999,28508,,Suzuki V-Strom 1000,01/2014,,,Used,V-STROM ABS,/offers/suzuki-v-strom-1000-v-strom-abs-black-98f8fa39-ace9-4da9-b2ba-06776ca0d791
12200,22000,15.0,Kawasaki VN 1700,03/2015,Gasoline,Manual,Used,,/offers/kawasaki-vn-1700-gasoline-black-05439fc6-7108-9273-e053-0100007f5692
8500,40000,124.0,Yamaha YZF-R6,03/2010,Gasoline,Manual,Used,,/offers/yamaha-yzf-r6-gasoline-black-d8c67ec4-961a-0053-e053-0100007fd459
16250,25000,94.0,Harley-Davidson Road King,08/2007,Gasoline,Manual,Used,,/offers/harley-davidson-road-king-gasoline-black-5e0dc5bb-4b00-fb28-e053-0100007f73c4
9900,1250,145.0,Honda CB 1000,05/2020,Gasoline,,Used,,/offers/honda-cb-1000-gasoline-black-06a405c4-ab8b-8d49-e053-0100007f2b18
16000,48550,98.0,Honda Gold Wing,05/2009,Gasoline,,Used,,/offers/honda-gold-wing-gasoline-black-6b4c5ec6-1a6b-9a78-e053-0100007fc70f
10300,1,1.0,BMW,12/1956,Gasoline,,Antique / Classic,250,/offers/bmw-others-250-gasoline-black-8edb70a4-c173-47b7-a08c-de16881a8c99
12500,19920,218.0,KTM 1290 Super Adventure,07/2018,Gasoline,,Used,,/offers/ktm-1290-super-adventure-gasoline-orange-eed17e80-336b-48f7-893f-f204d2d7a561
13450,28000,,Ducati Diavel,05/2014,Gasoline,,Used,NIEUWE MODEL,/offers/ducati-diavel-nieuwe-model-gasoline-black-647e81bd-aecb-4ff0-ba95-d765d6689da5
7150,35500,90.0,BMW F 800 GT,04/2013,Gasoline,,Used,,/offers/bmw-f-800-gt-gasoline-white-27b845bc-f971-5d4c-e053-0100007f315a
8000,10569,105.0,BMW F 900 R,12/2019,Gasoline,,Used,,/offers/bmw-f-900-r-gasoline-silver-e1d1d9c3-7e47-c870-e053-0100007f2e64
2650,59430,98.0,BMW K 1200 RS,07/1998,Gasoline,Manual,Used,,/offers/bmw-k-1200-rs-gasoline-yellow-d6969eef-64db-443b-a442-4c1fb702d429
8250,4,34.0,BMW C 400 GT,06/2019,Gasoline,,Demonstration,0,/offers/bmw-c-400-gt-0-gasoline-6a96c92d-dc80-47d6-b768-0eb9d0912d20
7199,10326,182.0,Yamaha YZF-R1,07/2008,Gasoline,,Used,RN22,/offers/yamaha-yzf-r1-rn22-gasoline-white-a1e897fd-92d0-4cbd-b07f-5cb17367cb17
12000,21000,196.0,Ducati 1199 Panigale,02/2012,Gasoline,,Used,ABS,/offers/ducati-1199-panigale-abs-gasoline-red-67cc4225-2511-47f1-a7c9-54fc7c9c8020
9000,51204,3.0,Benelli,06/1928,Gasoline,,Used,,/offers/benelli-others-gasoline-red-e9cd04c0-9e75-f02c-e053-0100007f6e2f
8000,21600,110.0,Moto Guzzi Griso 1200,10/2010,Gasoline,,Used,,/offers/moto-guzzi-griso-1200-gasoline-black-be0ac8c0-8a21-5a01-e053-0100007f243e
14450,21000,125.0,BMW R 1200 RT,03/2016,Gasoline,,Used,,/offers/bmw-r-1200-rt-gasoline-bronze-d2fedcbc-3241-c06a-e053-0100007f6959
1050,6000,4.0,Explorer Race 50,06/2017,Gasoline,Automatic,Used,Neuwertiger Zustand 25er 45er Papi,/offers/explorer-race-50-neuwertiger-zustand-25er-45er-papi-gasoline-black-9a0f0f2d-5c94-426f-89c2-65ae0afefd6a
12000,12000,75.0,Kawasaki VN 1700,08/2009,Gasoline,Manual,Used,,/offers/kawasaki-vn-1700-gasoline-black-74fab9bd-7a5d-5654-e053-0100007f2caf
15290,6989,136.0,BMW R 1250 R,02/2020,Gasoline,Manual,Used,HP Werksmotorrad,/offers/bmw-r-1250-r-hp-werksmotorrad-gasoline-white-3170d93f-250e-4e46-b29f-b8a7e83a3fe5
11600,60000,67.0,Harley-Davidson Heritage Softail,02/1998,Gasoline,Manual,Used,FLSTC HERITAGE CLASSIC,/offers/harley-davidson-heritage-softail-flstc-heritage-classic-gasoline-black-ef7b4f86-d1d8-4e47-859d-357ec50dfcc4
6600,35000,136.0,Yamaha YZF-R6,01/2009,Gasoline,,Used,,/offers/yamaha-yzf-r6-gasoline-white-60f0ffbe-3407-41e5-a510-e761d547cb16
300,40000,446.0,Suzuki Burgman 400,07/2004,Gasoline,,Used,,/offers/suzuki-burgman-400-gasoline-grey-09bff2bd-f254-44f7-936a-7493bdc07aae
8250,29000,101.0,Suzuki V-Strom 1000,04/2015,Gasoline,,Used,,/offers/suzuki-v-strom-1000-gasoline-red-10b9b6be-a09f-431f-9e70-9a880dd53b64
10950,40336,122.0,BMW R 1200 GS,01/2015,Gasoline,,Used,,/offers/bmw-r-1200-gs-gasoline-red-d46491bc-04fd-cb1c-e053-0100007f439d
28495,0,136.0,BMW R 1250 GS,01/2021,,,New,,/offers/bmw-r-1250-gs-yellow-8da3ce38-5881-4aa0-a38e-348e8f8ebe0d
8000,10000,1.0,Piaggio,01/1963,Two Stroke Gasoline,,Used,,/offers/piaggio-others-two-stroke-gasoline-blue-cfe852bb-a37c-f527-e053-0100007ffba8
13900,28800,203.0,Ducati 1299 Panigale,09/2016,Gasoline,,Used,Sport,/offers/ducati-1299-panigale-sport-gasoline-red-16a5b8a1-4932-4891-8be2-1c9f7502760d
8950,49500,178.0,Honda Fireblade,03/2009,Gasoline,,Used,,/offers/honda-fireblade-gasoline-orange-351963bb-39bf-6667-e053-0100007f0703
4650,9000,53.0,BMW G 650 Xcountry,02/2007,Gasoline,Manual,Used,,/offers/bmw-g-650-xcountry-gasoline-yellow-9c0d80c5-9f07-2c1a-e053-0100007f22b0
17250,36500,160.0,BMW K 1600 GTL,07/2017,Gasoline,Manual,Used,,/offers/bmw-k-1600-gtl-gasoline-black-3cf4be89-ddbc-4db8-b6f3-78e09a7cd2b0
1600,4500,68.0,KSR Moto TR 50,07/2019,Two Stroke Gasoline,,Used,Competition,/offers/ksr-moto-tr-50-competition-two-stroke-gasoline-white-bee18ec2-9f4e-335b-e053-0100007ffad4
15450,4025,105.0,BMW F 900 XR,09/2020,Gasoline,Manual,Used,full option met Akrapovic demper en motorspoiler.,/offers/bmw-f-900-xr-full-option-met-akrapovic-demper-en-motorspoiler-gasoline-red-1090a57b-4ec4-40b7-9e91-6aadf93f0a9f
2899,0,,Kymco,01/2021,,,New,PEOPLE S 45,/offers/kymco-others-people-s-45-grey-d8051ca7-7c90-43ac-bedb-17f3a4b70a4c
12000,3150,192.0,Honda Fireblade,04/2019,Gasoline,Semi-automatic,Used,SC77 SP2,/offers/honda-fireblade-sc77-sp2-gasoline-red-61c777c6-2bee-d406-e053-0100007fd5b9
8590,9434,,Yamaha TMAX 530,05/2017,Gasoline,,Used,ABS,/offers/yamaha-tmax-530-abs-gasoline-black-edd26238-cce7-43f5-8a8d-022f158c8a51
12000,18000,194.0,Ducati 1199 Panigale,12/2013,Gasoline,,Used,,/offers/ducati-1199-panigale-gasoline-red-dd4fadc6-f350-fb39-e053-0100007f5858
1500,15000,38.0,Kymco Xciting 500i,09/2011,Gasoline,,Used,,/offers/kymco-xciting-500i-gasoline-white-d895a6b9-b53c-0641-e053-0100007f7e81
11750,6693,143.0,Kawasaki Z 1000,02/2016,Gasoline,,Used,ABS Rizoma Akrapovic (bj 2016),/offers/kawasaki-z-1000-abs-rizoma-akrapovic-bj-2016-gasoline-white-80a4dac3-4503-af3f-e053-0100007fe50e
10100,238,,Husqvarna 701 Supermoto,04/2021,Gasoline,,Used,,/offers/husqvarna-701-supermoto-gasoline-silver-91e9c1f7-ffaf-422b-806a-17feaccf7ba0
18358,0,,Honda CRF 1100,01/2021,,,New,L AFRICA TWIN DCT,/offers/honda-crf-1100-l-africa-twin-dct-black-b0e2d0f2-94e9-4e9c-9170-a7ba925083c4
8699,3442,,Kawasaki Z 900,01/2019,Gasoline,,Used,ABS,/offers/kawasaki-z-900-abs-gasoline-white-69b25b63-fc4f-4557-b2b3-22c642d32245
800,34000,22.0,Malaguti Madison 250,08/2009,Gasoline,,Used,,/offers/malaguti-madison-250-gasoline-grey-437528bc-d533-f621-e053-0100007f7417
11500,34792,125.0,BMW R 1200 RS,03/2016,Gasoline,Semi-automatic,Used,,/offers/bmw-r-1200-rs-gasoline-blue-2fad78b1-b43a-c417-e053-0100007f7946
16500,1085820,71.0,Harley-Davidson Road King,06/2002,Gasoline,Manual,Used,SCREAMIN EAGLE,/offers/harley-davidson-road-king-screamin-eagle-gasoline-violet-bf9ba81c-4200-48c9-bbbb-b379e6cc0372
7950,31618,148.0,Ducati,02/2010,Gasoline,,Used,0,/offers/ducati-others-0-gasoline-red-0c6909b9-b0d9-4927-aa11-e2b73728d274
6500,19000,73.0,Ducati Scrambler,11/2015,Gasoline,,Used,full throttle,/offers/ducati-scrambler-full-throttle-gasoline-black-f5523fa0-fc4d-4b98-8e05-2df666783e9f
8290,13500,125.0,Ducati 848,06/2011,Gasoline,Manual,Used,,/offers/ducati-848-gasoline-black-d3864dba-0dc5-f604-e053-0100007f1237
24735,4508,,Ducati Streetfighter,01/2021,,,Used,V4,/offers/ducati-streetfighter-v4-red-c2a63726-492a-4d89-a5c0-86a31cb5f19c
300,63765,49.0,Piaggio Typhoon,06/1995,Gasoline,,Used,,/offers/piaggio-typhoon-gasoline-red-988fde45-a9a9-4aca-adc6-e005f01ee5a9
12500,1750,126.0,Indian FTR 1200,07/2019,Gasoline,,Used,,/offers/indian-ftr-1200-gasoline-black-64e31ec7-2ea2-2028-e053-0100007f45fc
9890,4,,KTM 450 SX,06/2020,Gasoline,Manual,Used,F Factory Edition US MY 21,/offers/ktm-450-sx-f-factory-edition-us-my-21-gasoline-orange-3d816563-adce-45f7-b349-5b78b072e794
8700,30000,110.0,Moto Guzzi Griso 1200,05/2013,Gasoline,Manual,Used,8V,/offers/moto-guzzi-griso-1200-8v-gasoline-black-9ad9cbc3-133f-e427-e053-0100007f025f
11950,53059,106.0,KTM 1290 Super Adventure,09/2018,Gasoline,Semi-automatic,Used,"SUPERADVENTURE S EN PARFAIT ETAT, 11950 EUROS",/offers/ktm-1290-super-adventure-superadventure-s-en-parfait-etat-11950-euros-gasoline-orange-296460cc-9cd1-4ddf-a60b-4f9ddda46baf
3950,11187,,BMW G 310 GS,03/2018,Gasoline,Manual,Used,,/offers/bmw-g-310-gs-gasoline-white-d092fdac-0f2b-433f-b53b-5ad108852f38
10650,5200,53.0,Harley-Davidson Sportster 883,06/2016,Gasoline,,Used,IRON 883 ABS FULL OPTIONS AVEC 5200 KMS GARANTIE,/offers/harley-davidson-sportster-883-iron-883-abs-full-options-avec-5200-kms-garantie-gasoline-grey-85705ce5-e010-420d-a490-9a81f920e173
17500,34300,,BMW R 1200 GS Adventure,08/2018,Gasoline,,Used,,/offers/bmw-r-1200-gs-adventure-gasoline-white-73ef25de-1fb0-42d2-b845-0b489b759a82
9500,18000,799.0,BMW R 80 GS,01/1983,Gasoline,,Used,,/offers/bmw-r-80-gs-gasoline-black-01a364bf-c27b-7526-e053-0100007f86ce
39000,16000,90.0,Harley-Davidson Heritage Softail,05/2015,Gasoline,,Used,,/offers/harley-davidson-heritage-softail-gasoline-green-0e4810bb-1ae3-7832-e053-0100007f85af
12450,5502,135.0,Triumph Speed Triple 1050,01/2018,,,Used,S ABS,/offers/triumph-speed-triple-1050-s-abs-black-9795be64-6e8b-451c-af15-6006e8e29baa
10500,2700,58.0,Harley-Davidson Sportster 1200,06/2008,Gasoline,,Used,,/offers/harley-davidson-sportster-1200-gasoline-orange-7fe8c0c5-366c-ae79-e053-0100007f4cf2
13675,24619,125.0,BMW R 1200 GS,08/2016,Gasoline,Manual,Used,Triple Black,/offers/bmw-r-1200-gs-triple-black-gasoline-black-7f6c5190-3e93-4cc0-bc0d-3e4c03acf053
8800,14037,86.0,BMW F 800 GS,03/2014,Gasoline,Manual,Used,ADVENTURE,/offers/bmw-f-800-gs-adventure-gasoline-beige-92cd29db-fa6a-449b-aeb9-dc6b6362b001
7000,15617,20.0,Yamaha TMAX 530,10/2012,Gasoline,,Used,,/offers/yamaha-tmax-530-gasoline-grey-30f34543-cf6f-412a-bec6-8b6086a3b072
13489,14017,106.0,Triumph Rocket III Touring,06/2011,Gasoline,Manual,Used,"Scheibe, Koffer, Extras",/offers/triumph-rocket-iii-touring-scheibe-koffer-extras-gasoline-black-ab0395fd-e488-466a-a1cf-24f3c04e2d4c
1290,500,3.0,Futura,04/2019,Electric,Automatic,Used,,/offers/futura-others-electric-white-680af1be-0efe-7244-e053-0100007fb7a2
11690,14300,173.0,KTM 1290 Super Duke R,06/2014,Gasoline,Manual,Used,Akrapovic*,/offers/ktm-1290-super-duke-r-akrapovic-gasoline-black-e82bacae-1b11-4ddf-b47d-d997b46ac7a8
8399,0,48.0,Royal Enfield Continental GT,01/2019,Gasoline,,New,650,/offers/royal-enfield-continental-gt-650-gasoline-white-96eb5b8d-2161-458b-b41a-cbb8e5e4a04f
14900,12000,228.0,Ducati Multistrada 1260,09/2018,Gasoline,,Used,Ducati Multistrada 1260,/offers/ducati-multistrada-1260-ducati-multistrada-1260-gasoline-red-1c0879b2-946c-4fcd-8558-86ab48488f89
11800,36600,160.0,BMW S 1000 XR,06/2015,Gasoline,Manual,Used,Abs,/offers/bmw-s-1000-xr-abs-gasoline-red-5e5c095c-94ba-42c1-8c21-7d39a77c1d9a
2500,7400,14.0,Hyosung Aquila 125,08/2015,Gasoline,Manual,Used,,/offers/hyosung-aquila-125-gasoline-brown-755126c7-6289-976f-e053-0100007fd55b
12450,3990,,BMW R nineT,01/2017,,,Used,RACER,/offers/bmw-r-ninet-racer-white-28bb093b-b9ff-412f-9abf-ae9f608e21f8
17500,1712,99.0,Harley-Davidson Softail,05/1990,Gasoline,Manual,Antique / Classic,FXST Special Bobber Custom,/offers/harley-davidson-softail-fxst-special-bobber-custom-gasoline-black-3efe1cfa-4fc8-41de-8d95-c02792b73840
9890,2800,,Yamaha Niken,10/2018,Gasoline,,Used,,/offers/yamaha-niken-gasoline-black-726404cb-3baf-45b6-b043-e9625ef09f62
7900,51900,173.0,BMW K 1300 R,04/2011,Gasoline,Manual,Used,,/offers/bmw-k-1300-r-gasoline-black-3354dc4b-507e-0771-e053-e250040a5f22
13000,35000,116.0,Harley-Davidson Heritage Softail,03/2005,Gasoline,Manual,Used,Deluxe,/offers/harley-davidson-heritage-softail-deluxe-gasoline-red-54502cc4-07d1-b56a-e053-0100007f2c74
6000,3087,33.0,Yamaha X-Max 400,05/2019,Gasoline,,Used,,/offers/yamaha-x-max-400-gasoline-blue-7dff57c4-174d-4f25-e053-0100007f421e
10500,800,52.0,Yamaha YFM 700,07/2016,Gasoline,Manual,Used,SE,/offers/yamaha-yfm-700-se-gasoline-yellow-e1f793c0-0c94-6b3d-e053-0100007feaca
1600,7344,10.0,Kymco Agility 125,03/2019,Gasoline,,Used,,/offers/kymco-agility-125-gasoline-grey-ca0b0abe-de9b-3479-e053-0100007f8f9d
1999,0,,Piaggio,01/2021,,,New,ZIP 45 S,/offers/piaggio-others-zip-45-s-green-852a9fc0-5336-4988-bd0b-5dde724578d3
16500,1083,114.0,Ducati Hypermotard 950,05/2019,Gasoline,,Used,Hypermotard 950 SP,/offers/ducati-hypermotard-950-hypermotard-950-sp-gasoline-red-6d5b6ec4-1137-7771-e053-0100007fbb5b
11689,19046,160.0,BMW S 1000 R,10/2014,Gasoline,Manual,Used,"1. Hand, Top!",/offers/bmw-s-1000-r-1-hand-top-gasoline-blue-aa2dcfdd-ce9b-4e60-99cc-02f2fb6a2948
10850,2500,150.0,Suzuki Katana 1000,05/2019,Gasoline,Manual,Demonstration,GSX-S 1000 RQAMO,/offers/suzuki-katana-1000-gsx-s-1000-rqamo-gasoline-black-0c13f4c3-8deb-4e7b-b7dd-f925e6d0de8a
1500,9976,10.0,Aprilia Sportcity 125,05/2009,Gasoline,Automatic,Used,,/offers/aprilia-sportcity-125-gasoline-blue-bd85ebc3-eb44-a51d-e053-0100007fdd4e
1200,590,34.0,Kymco Agility 50,04/2018,Two Stroke Gasoline,Automatic,Used,,/offers/kymco-agility-50-two-stroke-gasoline-blue-3efbdac3-f3f3-7261-e053-0100007f9558
9000,18145,,BMW R 1200 R,06/2015,Gasoline,,Used,,/offers/bmw-r-1200-r-gasoline-grey-e49de702-b301-48c5-8280-cc835fcf5e9b
16250,1500,136.0,BMW R 1250 RS,05/2021,Gasoline,,Demonstration,"inkl. Gutschein* EUR 500,-",/offers/bmw-r-1250-rs-inkl-gutschein-eur-500-gasoline-black-99c8f79b-42b5-4f60-b7bd-0193da70825d
11798,0,,Honda,01/2021,,,New,CMX 1100 ABS,/offers/honda-others-cmx-1100-abs-black-ee49415f-cb5c-4e2d-a29c-fbe9f961153d
12000,58158,125.0,BMW R 1200 RT,01/2015,Gasoline,,Used,,/offers/bmw-r-1200-rt-gasoline-grey-6ae8a0c3-e526-2a62-e053-0100007f4287
9500,5200,75.0,BMW F 700 GS,02/2017,Gasoline,,Used,,/offers/bmw-f-700-gs-gasoline-black-e7c6ecc1-7e0d-8428-e053-0100007fea79
10950,6920,160.0,Yamaha MT-10,05/2018,Gasoline,,Used,,/offers/yamaha-mt-10-gasoline-grey-044b8d91-4d02-442a-bfb6-4d30e8c7c055
420,10546,68.0,SYM Symply 50,12/2015,Gasoline,,Used,scooter 50 usato prezzo trattabile,/offers/sym-symply-50-scooter-50-usato-prezzo-trattabile-gasoline-white-08be2ee6-d1c9-4520-9bde-8b6a3ca9c6c3
2600,19330,15.0,Yamaha WR 125,08/2015,Gasoline,Manual,Used,,/offers/yamaha-wr-125-gasoline-black-18e552b9-145b-2578-e053-0100007f987c
10500,49500,125.0,BMW R 1200 GS LC,05/2014,Gasoline,,Used,,/offers/bmw-r-1200-gs-lc-gasoline-white-9d684fb3-616f-2652-e053-0100007fed04
7590,39200,75.0,BMW F 700 GS,06/2014,,Manual,Used,"ABS Navi, Leovince, Touratech",/offers/bmw-f-700-gs-abs-navi-leovince-touratech-green-892c292f-5733-4179-af23-f8f6b5a59edc
7799,14054,135.0,Triumph Speed Triple 1050,04/2012,Gasoline,Manual,Used,ABS - dt. Modell 2012 - TOP,/offers/triumph-speed-triple-1050-abs-dt-modell-2012-top-gasoline-white-1f6261f9-9efd-420c-99ac-517794488c96
8000,21000,139.0,Kawasaki Z1000 SX,04/2014,Gasoline,,Used,,/offers/kawasaki-z1000-sx-gasoline-black-93bd12c3-7feb-c83b-e053-0100007fd2c6
2500,100,79.0,Beta Evo 80,01/2016,Two Stroke Gasoline,Manual,Used,,/offers/beta-evo-80-two-stroke-gasoline-red-133638c6-9e31-f35e-e053-0100007f25a8
11990,25000,,Yamaha MT-10,01/2016,,,Used,,/offers/yamaha-mt-10-blue-c924bf8e-1413-4654-bf6d-f2f583817e16
9000,32000,173.0,BMW K 1300 R,01/2012,Gasoline,Manual,Used,,/offers/bmw-k-1300-r-gasoline-black-c5fb9dc1-5ede-aa6d-e053-0100007f3a5f
14850,4480,68.0,Harley-Davidson Sportster Forty Eight,08/2020,Gasoline,,Used,"viele Extra, Garantie bis 2024",/offers/harley-davidson-sportster-forty-eight-viele-extra-garantie-bis-2024-gasoline-black-c9f1aec3-174e-7726-e053-0100007fe61b
12500,18506,118.0,Yamaha YZF-R6,06/2017,Gasoline,Semi-automatic,Used,,/offers/yamaha-yzf-r6-gasoline-black-cbf5a1bf-6d97-001b-e053-0100007fa2cf
8000,1557,15.0,TM SMR 125 2T,12/2019,Two Stroke Gasoline,,Used,,/offers/tm-smr-125-2t-two-stroke-gasoline-blue-9bb04e88-bf75-4785-b0ab-074e0c7fa2c6
1500,28000,12.0,Derbi GPR,03/2010,Two Stroke Gasoline,,Used,,/offers/derbi-gpr-two-stroke-gasoline-black-7211dbaf-da04-41d1-b810-56f70960aa04
2900,5000,12.0,Yamaha NMAX,06/2020,Gasoline,,Used,125cc,/offers/yamaha-nmax-125cc-gasoline-grey-d0354a04-142b-43e4-a815-48dd3cf0cb22
10000,2500,12.0,MZ ES 250,07/1961,Gasoline,Manual,Used,mit Doppelportmotor,/offers/mz-es-250-mit-doppelportmotor-gasoline-red-7376dac2-661b-cf1d-e053-0100007f00b7
1999,3216,11.0,Honda CB 125,03/2017,Gasoline,Manual,Used,,/offers/honda-cb-125-gasoline-black-beee61c6-f14b-de55-e053-0100007f5e60
7598,1,48.0,Honda,04/2021,Gasoline,Manual,New,-,/offers/honda-others--gasoline-blue-64ecf012-dcc2-4401-a078-c08ca9bf8c53
12390,16620,154.0,Ducati Diavel,10/2013,Gasoline,Manual,Used,Cromo,/offers/ducati-diavel-cromo-gasoline-black-d973490c-eb37-4b28-adae-9295d7ab7f7e
20900,16500,160.0,BMW K 1600 GTL,03/2018,Gasoline,Manual,Used,,/offers/bmw-k-1600-gtl-gasoline-brown-2d5a6c6a-8982-4b5f-9ee7-739d4e614a60
11999,1,31.0,Others,01/2021,Gasoline,Automatic,Used,Quadro Qooder MP4,/offers/others-others-quadro-qooder-mp4-gasoline-black-218204ac-fe82-4f7d-b457-deb0d4d62bc9
6500,35000,86.0,BMW F 800 GS,05/2014,Gasoline,,Used,,/offers/bmw-f-800-gs-gasoline-green-fbbc94b6-c494-46f5-8466-93efd6b334b0
6400,5200,75.0,Yamaha MT-07,05/2019,Gasoline,,Used,ABS,/offers/yamaha-mt-07-abs-gasoline-black-c9c9aaf8-04f3-4513-a307-d7d773fa9514
10350,5456,97.0,Triumph Thruxton,04/2017,Gasoline,,Used,,/offers/triumph-thruxton-gasoline-black-733308c5-2cb7-db76-e053-0100007f2f9b
11000,5700,95.0,Honda CRF 1000,11/2019,Gasoline,,Used,,/offers/honda-crf-1000-gasoline-blue-4ef1cdc6-cda1-9c66-e053-0100007ffdbf
6350,20490,106.0,Triumph Street Triple 675,12/2016,Gasoline,Manual,Used,,/offers/triumph-street-triple-675-gasoline-white-12596f0d-d087-47e3-8c39-6a6c32ed89f8
10450,17000,67.0,Harley-Davidson Sportster 1200,06/2005,Gasoline,,Used,,/offers/harley-davidson-sportster-1200-gasoline-brown-8097bac3-3550-c319-e053-0100007f76fd
6490,57100,75.0,Yamaha Tracer 700,03/2017,Gasoline,Manual,Used,,/offers/yamaha-tracer-700-gasoline-blue-d6c0997d-8aea-42b4-b6f2-8addbf12303a
20250,0,,Triumph,01/2021,,,New,SPEED TRIPLE 1200 RS,/offers/triumph-others-speed-triple-1200-rs-silver-48b70174-2acc-4e08-a72f-b1631cf35980
2400,3022,4.0,Aprilia SR 50,10/2020,Gasoline,,Used,,/offers/aprilia-sr-50-gasoline-red-cdf61bbd-d310-191a-e053-0100007f0b8e
8400,94679,64.0,Harley-Davidson Electra Glide,04/1989,Gasoline,Manual,Used,,/offers/harley-davidson-electra-glide-gasoline-black-a90615bf-4e4a-e76a-e053-0100007f0679
10400,32000,88.0,Victory Cross Country Tour,05/2013,Gasoline,Manual,Used,,/offers/victory-cross-country-tour-gasoline-bronze-e229cfc4-d401-2673-e053-0100007f895b
1100,23000,22.0,Aprilia Sportcity 300,06/2009,Gasoline,,Used,Cube,/offers/aprilia-sportcity-300-cube-gasoline-silver-0478e4e7-53db-4746-a2ff-f09d4184ad3c
8900,34702,,Ducati Hyperstrada,05/2016,Gasoline,,Used,939,/offers/ducati-hyperstrada-939-gasoline-red-7d89e6d5-f5d7-4d65-a326-8409ad7f3abd
11900,36000,140.0,Triumph Tiger Explorer,06/2016,Gasoline,,Used,,/offers/triumph-tiger-explorer-gasoline-white-d5ccd8bf-0e38-cc59-e053-0100007fdf94
6750,20000,114.0,Suzuki GSX-S 750,06/2017,Gasoline,Manual,Used,,/offers/suzuki-gsx-s-750-gasoline-black-881136c5-4918-9228-e053-0100007fa083
15999,37000,,Harley-Davidson Softail,01/2008,Gasoline,,Used,Crossbones FLSTSB,/offers/harley-davidson-softail-crossbones-flstsb-gasoline-black-1b4f7f05-172a-4999-8030-171f932ddeea
10500,44000,71.0,Harley-Davidson Electra Glide,05/2007,Gasoline,,Used,,/offers/harley-davidson-electra-glide-gasoline-black-87c7cac6-caef-da3a-e053-0100007fa0f7
2800,21000,20.0,Yamaha X-Max 250,09/2015,Gasoline,,Used,,/offers/yamaha-x-max-250-gasoline-grey-3531aff3-0a7b-4397-9554-e6138605c1cd
10900,21957,160.0,KTM 1290 Super Adventure,04/2015,Gasoline,Manual,Used,,/offers/ktm-1290-super-adventure-gasoline-white-52cecac3-3934-ec42-e053-0100007f297d
9000,28500,125.0,Triumph Tiger 1050,06/2015,Gasoline,,Used,,/offers/triumph-tiger-1050-gasoline-red-386d78c4-573b-6c64-e053-0100007f5958
9495,46731,56.0,Harley-Davidson Fat Boy,01/1996,Gasoline,,Used,1388 cm3,/offers/harley-davidson-fat-boy-1388-cm3-gasoline-black-9f5c21a1-89a4-6968-e053-e350040a96d3
19500,8600,56.0,Harley-Davidson Softail,02/2007,Gasoline,Manual,Used,Fatboy EVO Costumbike,/offers/harley-davidson-softail-fatboy-evo-costumbike-gasoline-black-2857e5be-ebd4-c649-e053-0100007f61e9
15990,16291,58.0,Harley-Davidson Fat Boy,06/2015,Gasoline,Manual,Used,,/offers/harley-davidson-fat-boy-gasoline-black-e85374c5-7eac-a529-e053-0100007fabc0
7279,0,,Piaggio,01/2021,,,New,BEVERLY 400,/offers/piaggio-others-beverly-400-black-30342f5a-9586-473d-b543-7d5b71c24160
12450,1,,Aprilia RS 660,12/2021,Gasoline,,Pre-registered,,/offers/aprilia-rs-660-gasoline-gold-3d4bb982-35f1-4a37-b34a-d85ef385623b
11950,81798,107.0,BMW R 1200 RT,03/2017,Gasoline,,Used,- inclusief topcase,/offers/bmw-r-1200-rt-inclusief-topcase-gasoline-8d6183ce-f8cb-45b6-9ce0-f607e5255878
1300,34000,169.0,Honda SH 150,01/2011,Gasoline,,Used,,/offers/honda-sh-150-gasoline-blue-8052c7c6-7d38-ea77-e053-0100007f7f58
8500,2640,69.0,KTM 690 LC 4,04/2014,Gasoline,,Used,,/offers/ktm-690-lc-4-gasoline-orange-b2a2b2bf-cc02-a85d-e053-0100007f6c27
9000,24500,179.0,Aprilia RSV4,03/2011,Gasoline,,Used,,/offers/aprilia-rsv4-gasoline-white-863487c2-2daa-7f7f-e053-0100007f7992
7900,28000,54.0,Honda X-ADV,05/2017,Gasoline,,Used,,/offers/honda-x-adv-gasoline-silver-8bbb1ec1-dede-a971-e053-0100007ffc8d
1899,747,3.0,Yamaha NEOs 50,06/2017,Gasoline,Automatic,Used,nur 747 km*Inspektion neu*Mwst ausweisbar,/offers/yamaha-neos-50-nur-747-km-inspektion-neu-mwst-ausweisbar-gasoline-black-15dbbeb8-84a3-4f22-adad-0f34ccc65cd1
11700,25700,101.0,BMW R nineT,02/2017,Gasoline,,Used,,/offers/bmw-r-ninet-gasoline-silver-373881bc-34f7-9d3f-e053-0100007fd82d
1700,8000,15.0,Honda CB 125,01/2018,Gasoline,Manual,Used,,/offers/honda-cb-125-gasoline-black-564325c6-277d-2544-e053-0100007f61c4
11500,65000,160.0,BMW S 1000 XR,03/2016,Gasoline,,Used,,/offers/bmw-s-1000-xr-gasoline-grey-fafb36be-3101-862c-e053-0100007fd1af
7000,19486,49.0,Kawasaki VN 900,06/2014,Gasoline,,Used,Custom,/offers/kawasaki-vn-900-custom-gasoline-black-c646337a-0035-4cc6-9b72-fac4da855800
12000,1100,95.0,KTM 790 Adventure,01/2021,Gasoline,,Used,ktm 790 adventure r,/offers/ktm-790-adventure-ktm-790-adventure-r-gasoline-orange-f764744a-2e4c-4244-ae4f-4ab223588244
7500,43000,148.0,Ducati Multistrada 1200,05/2011,Gasoline,,Used,,/offers/ducati-multistrada-1200-gasoline-white-79b2e8c5-14bd-8a66-e053-0100007f0e4c
8500,46300,86.0,BMW F 800 GS,08/2017,Gasoline,,Used,,/offers/bmw-f-800-gs-gasoline-grey-d2dd9dc6-d8f3-396c-e053-0100007f3f24
7790,21000,,Yamaha Tracer 700,01/2017,,Manual,Used,,/offers/yamaha-tracer-700-blue-a1b2b7a0-4204-477e-93d3-afbc34fd91f9
6000,49500,101.0,BMW R 1200 GS,11/2006,Gasoline,,Used,,/offers/bmw-r-1200-gs-gasoline-white-3ec067bc-6f6b-7c68-e053-0100007fdc24
6600,10200,125.0,Kawasaki Ninja ZX-6R,07/2010,Gasoline,Manual,Used,,/offers/kawasaki-ninja-zx-6r-gasoline-black-b47188c6-e9b1-5852-e053-0100007f3226
9900,16800,125.0,Suzuki VZR 1800,02/2009,Gasoline,,Used,,/offers/suzuki-vzr-1800-gasoline-silver-01ffa6c3-fa24-8229-e053-0100007fc1e5
1900,5100,110.0,Suzuki Address,03/2016,Gasoline,,Used,,/offers/suzuki-address-gasoline-bronze-61f1e7be-ed3f-0f4e-e053-0100007fab1e
2000,10200,15.0,Kymco Super Dink 125,05/2012,Gasoline,,Used,,/offers/kymco-super-dink-125-gasoline-white-8f8247c0-0300-cf71-e053-0100007f9609
6400,22000,106.0,Honda VFR 800,09/2015,Gasoline,,Used,,/offers/honda-vfr-800-gasoline-red-3651f5b8-5ebd-4755-e053-0100007f61c1
11000,3100,58.0,Honda X-ADV,02/2019,Gasoline,,Used,,/offers/honda-x-adv-gasoline-red-5154babc-ad26-6f1a-e053-0100007f981b
7700,550,34.0,BMW C 400 X,03/2021,Gasoline,,Used,,/offers/bmw-c-400-x-gasoline-blue-6797a6c4-6b7d-f33e-e053-0100007f67b6
16200,13000,158.0,Ducati Multistrada 1260,09/2019,Gasoline,,Used,,/offers/ducati-multistrada-1260-gasoline-beige-5bf488c5-c6ed-5075-e053-0100007f8d5b
10500,24000,160.0,Kawasaki Z 1000,07/2017,Gasoline,,Used,,/offers/kawasaki-z-1000-gasoline-black-7495d9c5-bca8-4132-e053-0100007f226d
11000,3800,76.0,BMW F 750 GS,01/2018,Gasoline,,Used,0,/offers/bmw-f-750-gs-0-gasoline-grey-cd4a1a5d-a955-4e77-87a9-89f9772263ae
10500,39000,160.0,KTM 1290 Super Adventure,04/2015,Gasoline,Manual,Used,s,/offers/ktm-1290-super-adventure-s-gasoline-white-adf5300b-fdbe-4b4a-9332-d84cfec0f330
26980,12366,75.0,Harley-Davidson,04/2013,Gasoline,Manual,Used,Breakout*260er*LED*Gestretchter Tank*All Black*,/offers/harley-davidson-others-breakout-260er-led-gestretchter-tank-all-black-gasoline-black-9da97253-6abf-4076-bb0b-263760514acb
11990,25000,150.0,Ducati Multistrada 1200,04/2017,Gasoline,Manual,Used,Enduro Pro,/offers/ducati-multistrada-1200-enduro-pro-gasoline-red-03f870fd-7ec3-4d9b-aaa7-aef0731b1942
10500,595,15.0,BMW R 26,06/1957,Gasoline,Manual,Used,,/offers/bmw-r-26-gasoline-black-fbd590c3-3f7d-dc52-e053-0100007f0a62
12990,1,,Suzuki V-Strom 1000,01/2019,,,New,ABS,/offers/suzuki-v-strom-1000-abs-white-ff2c7da5-c951-4c8e-81a7-74081dec193f
6450,9800,95.0,BMW F 800 R,03/2016,Gasoline,Manual,Used,,/offers/bmw-f-800-r-gasoline-blue-479fb1c2-0a0e-d51f-e053-0100007fcc6e
15900,500,95.0,Indian Scout,05/2020,Gasoline,Manual,Used,Bobber Twenty Garantie,/offers/indian-scout-bobber-twenty-garantie-gasoline-grey-b041d775-a0ae-4d6f-a5ed-ee8fb9714ec0
11400,23044,163.0,Ducati 1198,05/2009,Gasoline,Manual,Used,,/offers/ducati-1198-gasoline-red-8b900ac5-ab09-e55d-e053-0100007f0178
6000,47000,122.0,Ducati Hypermotard 1100,11/2009,Gasoline,,Used,s,/offers/ducati-hypermotard-1100-s-gasoline-red-464affc2-5d1b-337a-e053-0100007f62bf
20950,11447,160.0,BMW K 1600 GT,09/2019,Gasoline,,Used,Premium Selection,/offers/bmw-k-1600-gt-premium-selection-gasoline-black-5fa03fb7-8ad2-4ac8-aebe-9ed2cd7978c6
2000,31500,27.0,Honda SH 300,04/2011,Gasoline,Automatic,Used,,/offers/honda-sh-300-gasoline-grey-bd393dc0-fa20-ca19-e053-0100007ffed6
12500,11348,150.0,Triumph Speed Triple R,06/2019,Others,Manual,Used,RS,/offers/triumph-speed-triple-r-rs-others-grey-1949cd81-9802-463b-9e60-b8064840ad99
7450,19000,33.0,KTM 690 SMC,10/2015,Gasoline,,Used,R,/offers/ktm-690-smc-r-gasoline-orange-3dd7c896-b5af-4388-912c-183b13a240b4
6600,9800,125.0,MV Agusta 800,03/2014,Gasoline,Manual,Used,,/offers/mv-agusta-800-gasoline-red-827502c6-22e3-5313-e053-0100007fb265
14000,46000,86.0,Harley-Davidson Electra Glide,01/2010,Gasoline,,Used,,/offers/harley-davidson-electra-glide-gasoline-black-17f2ebb9-7d82-ce61-e053-0100007f2eeb
14000,4004,,BMW R 1250 R,01/2020,Gasoline,,Used,,/offers/bmw-r-1250-r-gasoline-7d46b026-db90-4905-8c34-08a0863b8745
9499,10,48.0,Kawasaki W 800,08/2020,Gasoline,Manual,Used,W 800 Cafe Racer KÃ¶nigswelle,/offers/kawasaki-w-800-w-800-cafe-racer-koenigswelle-gasoline-brown-61e916cf-92f4-4876-8e40-9ffabe2dc502
44500,2500,94.0,Harley-Davidson Fat Boy,08/2020,Gasoline,,Used,30TH ANNIVERSARY,/offers/harley-davidson-fat-boy-30th-anniversary-gasoline-black-a58561bf-8a93-9671-e053-0100007fb1bc
11500,19732,95.0,Honda,03/2019,Gasoline,Manual,Used,Africa Twin CRF 1000,/offers/honda-others-africa-twin-crf-1000-gasoline-blue-8097282a-885f-4f50-8719-b1ca14827cd5
13250,7000,67.0,Harley-Davidson Sportster Forty Eight,08/2019,Gasoline,Manual,Used,Special / Vance & hines / Uniek exemplaar!,/offers/harley-davidson-sportster-forty-eight-special-vance-hines-uniek-exemplaar-gasoline-white-d7a07b12-c65a-485b-8ae5-8cd9036f8e4d
9500,38900,76.0,Harley-Davidson Dyna Fat Bob,09/2008,Gasoline,Manual,Used,,/offers/harley-davidson-dyna-fat-bob-gasoline-black-5412a0c2-d931-6a74-e053-0100007ff6df
11950,53115,,BMW R 1200 R,03/2017,Gasoline,,Used,,/offers/bmw-r-1200-r-gasoline-red-cd5e4a18-2933-4030-8a2e-99243f4b429d
27000,29300,118.0,Honda GL 1800,08/2013,Gasoline,,Used,,/offers/honda-gl-1800-gasoline-red-c5adffc1-4161-b24d-e053-0100007f9207
9445,49862,129.0,Honda VFR 1200,04/2014,Gasoline,,Used,X DCT C-ABS,/offers/honda-vfr-1200-x-dct-c-abs-gasoline-white-da854dc5-ab59-4e3e-a5d5-1acdf9a0e236
11899,0,73.0,Yamaha TÃ©nÃ©rÃ© 700,01/2020,,,New,,/offers/yamaha-tenere-700-blue-e420f399-146e-4863-aa71-d16b08095bbd
2390,37000,20.0,Honda SH 150,04/2016,Gasoline,,Used,,/offers/honda-sh-150-gasoline-red-ceb73fa7-6a09-a05a-e053-0100007fc52e
16750,1,,BMW R 80 R,03/1990,,,Used,100 SE Scrambler Concept Bike,/offers/bmw-r-80-r-100-se-scrambler-concept-bike-d1b0c3b8-06a7-4572-9d25-36f66bfc9720
16850,38000,64.0,Harley-Davidson,07/2005,Gasoline,Manual,Used,1450 Heritage Softail Bobber Old Style fs2 gsbblo,/offers/harley-davidson-others-1450-heritage-softail-bobber-old-style-fs2-gsbblo-gasoline-brown-306f75d0-5d2b-4691-882a-82242b43a44e
1290,9987,4.0,Piaggio Zip 50,06/2009,Gasoline,Automatic,Used,4T Topcase hohe Scheibe,/offers/piaggio-zip-50-4t-topcase-hohe-scheibe-gasoline-silver-9f90a81f-a531-48f1-a6d7-da75596d356b
18500,2500,207.0,Ducati Streetfighter,12/2020,Gasoline,,Used,limited edition per Presidential Guard Emirates,/offers/ducati-streetfighter-limited-edition-per-presidential-guard-emirates-gasoline-red-4fd51dbc-b879-0d04-e053-0100007fe774
6999,8000,24.0,Vespa GTS 300,12/2018,Gasoline,Automatic,Used,,/offers/vespa-gts-300-gasoline-red-01fd2dc4-7738-7907-e053-0100007f2ef0
600,12614,5.0,Malaguti F 12,11/2011,Gasoline,,Used,,/offers/malaguti-f-12-gasoline-black-26977dc0-b6b8-bb23-e053-0100007f52e5
10850,9994,80.0,Moto Guzzi V 85,04/2019,Others,,Used,TT SPECIALE,/offers/moto-guzzi-v-85-tt-speciale-others-bea3c601-99f3-4580-968a-02c252ffee40
16000,24000,113.0,BMW HP 2 Megamoto,11/2008,Gasoline,,Used,HP2 ABS,/offers/bmw-hp-2-megamoto-hp2-abs-gasoline-white-774bcfff-bdfd-4b2d-a4cb-1df139266d98
9950,70700,155.0,Kawasaki GTR 1400,10/2016,Gasoline,,Used,,/offers/kawasaki-gtr-1400-gasoline-grey-6e1f2cbc-d8e7-8217-e053-0100007fabc8
6000,21000,56.0,Kawasaki VN 800,03/2001,Gasoline,Manual,Used,,/offers/kawasaki-vn-800-gasoline-blue-66eec4bc-e5f0-1622-e053-0100007f98cd
2300,1700,14.0,Others,05/2019,Gasoline,,Used,UM Renegad Vegas Edition,/offers/others-others-um-renegad-vegas-edition-gasoline-black-f2440810-d480-4576-a671-aad303c45e1d
6690,10537,,Yamaha FZ 8,04/2016,Gasoline,,Used,S ABS,/offers/yamaha-fz-8-s-abs-gasoline-grey-799012a6-9633-46d9-b233-218855f9b057
10990,11200,97.0,Triumph Tiger 800,02/2019,Gasoline,Manual,Used,TIGER 800 XRT,/offers/triumph-tiger-800-tiger-800-xrt-gasoline-grey-8c66a404-ece4-4650-8c20-a1d31cbaa710
15950,1400,150.0,Ducati,07/2016,Gasoline,Manual,Used,Panigale 959,/offers/ducati-others-panigale-959-gasoline-red-bcdf05be-8bdf-41c1-89d0-a631d8ee85ec
9000,52000,75.0,Kawasaki VN 1700,06/2009,Gasoline,Manual,Used,,/offers/kawasaki-vn-1700-gasoline-red-9cceb0ba-ea6f-e86a-e053-0100007f73e5
6100,42000,68.0,Suzuki V-Strom 650,08/2014,Gasoline,,Used,,/offers/suzuki-v-strom-650-gasoline-white-fba6aec1-1d41-0e50-e053-0100007f3646
13489,23201,181.0,Honda CBR 1000,06/2017,Gasoline,Manual,Used,RR FIREBLADE SP REPSOL,/offers/honda-cbr-1000-rr-fireblade-sp-repsol-gasoline-7e05f6c4-cdda-4205-a466-7b8102dc4eef
11390,3600,,Triumph,02/2017,Gasoline,,Used,BOBBER,/offers/triumph-bobber-gasoline-green-b0563f3b-dd74-46ff-82e0-565ee364148d
150,106000,16.0,MBK Thunder 150,06/2005,Gasoline,,Used,,/offers/mbk-thunder-150-gasoline-grey-06cd56d1-5937-4d36-9c53-ea8a7b6febd1
1800,28505,29.0,SYM Citycom 300,06/2015,Gasoline,,Used,S,/offers/sym-citycom-300-s-gasoline-black-b01e85b9-20f2-ef3a-e053-0100007f7874
1600,3575,12.0,Generic,06/2017,Gasoline,Automatic,Used,Sarrio 125 Leichtmotorrad,/offers/generic-others-sarrio-125-leichtmotorrad-gasoline-black-e2162d87-e682-467d-828c-01cecb320c22
9350,7940,167.0,Aprilia Tuono,03/2012,Gasoline,,Used,,/offers/aprilia-tuono-gasoline-black-e18698c2-896c-6013-e053-0100007f08e5
620,220,68.0,Znen,10/2019,Others,,Used,,/offers/znen-other-others-black-1d2017bc-1bf3-5264-e053-0100007fe745
10700,8550,117.0,Yamaha Niken,02/2019,Gasoline,,Used,,/offers/yamaha-niken-gasoline-black-ec8304c0-95cb-c710-e053-0100007fd1b6
1550,33000,15.0,Honda SH 150,01/2013,Gasoline,,Used,,/offers/honda-sh-150-gasoline-white-f9ce3ebf-06b8-8c26-e053-0100007f5528
6600,13872,116.0,MV Agusta Brutale 675,09/2012,Gasoline,Manual,Used,,/offers/mv-agusta-brutale-675-gasoline-red-7abc50bc-8403-4813-e053-0100007fc72d
10000,24000,87.0,BMW F 800 GS,12/2014,Gasoline,Manual,Used,F 800 GS,/offers/bmw-f-800-gs-f-800-gs-gasoline-white-ac71bd74-602e-41b6-9e0e-3131821408ea
13000,1200,56.0,Hisun HS 800,03/2014,Gasoline,,Used,Sport sitze neue seilwinde breitere Reifen,/offers/hisun-hs-800-sport-sitze-neue-seilwinde-breitere-reifen-gasoline-black-39b4c774-a44b-4be4-9aa2-6dc46c7c28d5
25000,1500,20.0,Gilera Saturno,01/1950,Gasoline,,Used,,/offers/gilera-saturno-gasoline-black-0535ff32-a2a2-494c-a54d-310de5bebfff
12590,1838,,KTM 790 Adventure,03/2020,Gasoline,,Used,R,/offers/ktm-790-adventure-r-gasoline-orange-97d26356-b518-41dd-aee2-dd78b38dcba2
6600,9700,75.0,Yamaha Tracer 700,04/2017,Gasoline,Manual,Used,YAMAHA MT07 TRACER 700 1. Hand 2017 E4 9700 KM,/offers/yamaha-tracer-700-yamaha-mt07-tracer-700-1-hand-2017-e4-9700-km-gasoline-blue-d323e02c-7cef-4b04-aaca-4fcc00d2104a
6800,51000,95.0,Triumph Tiger 800,09/2013,Gasoline,,Used,abs,/offers/triumph-tiger-800-abs-gasoline-black-ba419e85-cdc1-44d9-bfd8-89549e4b2d3b
9999,26500,61.0,Yamaha XVS 1100,03/2001,Gasoline,Manual,Used,Classic - Bikeranch-Black-Custom-Umbau - 1. Hand,/offers/yamaha-xvs-1100-classic-bikeranch-black-custom-umbau-1-hand-gasoline-black-c79c5899-69c9-4e1c-94c9-a0006be4a882
1100,20000,20.0,Peugeot Tweet,04/2013,Gasoline,,Used,125cc,/offers/peugeot-tweet-125cc-gasoline-grey-4f0ab9f7-f64b-4ad5-b78e-2ff6ab7b2899
16999,2330,199.0,BMW S 1000 RR,01/2017,Gasoline,,Used,ZBM Individual 21/50,/offers/bmw-s-1000-rr-zbm-individual-21-50-gasoline-blue-f12a9c97-228d-4ef2-8124-c9da85e2a3a2
9450,34188,160.0,BMW S 1000 R,03/2014,Gasoline,,Used,0,/offers/bmw-s-1000-r-0-gasoline-b3c6f0f7-f61f-4067-b4f6-fe5712c599da
10990,3048,,Suzuki GSX-S 1000,01/2019,,,Used,S KATANA,/offers/suzuki-gsx-s-1000-s-katana-silver-c72d2e06-9a4e-4f15-9b00-70b9ae2d81de
8000,18000,131.0,Triumph Speed Triple 1050,07/2009,Gasoline,,Used,anniversary,/offers/triumph-speed-triple-1050-anniversary-gasoline-black-a47b17d7-7a78-4683-af93-e5e824d7fc03
8400,38900,110.0,BMW R 1200 RT,06/2010,Gasoline,,Used,bmw 1200 Rt full met 38900 kms,/offers/bmw-r-1200-rt-bmw-1200-rt-full-met-38900-kms-gasoline-black-8cf9729d-603f-4b61-b4d2-05595c89cbce
7690,27000,98.0,Kawasaki,04/2016,Gasoline,Manual,Used,Z 1000 SX,/offers/kawasaki-others-z-1000-sx-gasoline-green-1e1f9353-bc94-43cf-8ddc-f7cfccfb52a0
24900,50000,105.0,GG Quad,05/2008,Gasoline,,Used,,/offers/gg-quad-gasoline-green-cd1e4dc6-36b0-6023-e053-0100007f748b
7790,31500,184.0,Suzuki GSX 1300,07/2009,Gasoline,Manual,Used,BKA,/offers/suzuki-gsx-1300-bka-gasoline-black-3d690cad-f6ec-4ca2-a568-ffe33b346d24
10990,3500,,Kawasaki,04/2019,Gasoline,,Used,,/offers/kawasaki-gasoline-green-4f38cd7f-6597-48ca-a1a8-ad74954f0a97
14000,4043,95.0,BMW F 850 GS,01/2020,Gasoline,Manual,Used,,/offers/bmw-f-850-gs-gasoline-red-adaec5bf-84fb-410e-e053-0100007f3acb
8900,18000,143.0,Kawasaki Z 1000,02/2014,Gasoline,,Used,,/offers/kawasaki-z-1000-gasoline-black-579742bb-2532-675a-e053-0100007fe9ca
10450,18386,107.0,Triumph Speed Triple R,04/2015,Gasoline,Manual,Used,ABS,/offers/triumph-speed-triple-r-abs-gasoline-white-ce53325f-f827-4ef0-bb08-a128ecd7c718
18000,15000,60.0,Indian Chieftain,06/2016,Gasoline,,Used,,/offers/indian-chieftain-gasoline-black-fb47bbc5-26c2-6965-e053-0100007fb147
23500,45000,101.0,Harley-Davidson Road Glide,01/2015,,,Used,CVO ULTRA,/offers/harley-davidson-road-glide-cvo-ultra-grey-6df6c2f3-3ad1-4747-a6fe-5e1854c297be
15450,24500,197.0,Ducati 1299 Panigale,01/2017,Gasoline,Manual,Used,PANIGALE 1299 PERFORMANCE DUCATI PANIGALE 1299 PER,/offers/ducati-1299-panigale-panigale-1299-performance-ducati-panigale-1299-per-gasoline-red-7a448564-361a-4595-ad0d-58d22b4e9202
55200,0,326.0,Kawasaki Ninja H2,- (First Registration),Gasoline,Manual,New,R,/offers/kawasaki-ninja-h2-r-gasoline-silver-7e013a13-2145-46f2-81e4-b40fc51cd5f1
12800,53600,77.0,Harley-Davidson Dyna Street Bob,04/2017,Gasoline,Manual,Used,,/offers/harley-davidson-dyna-street-bob-gasoline-grey-629186ba-c8e1-205f-e053-0100007f25d2
15950,1836,,Ducati Monster 1200,02/2016,Gasoline,,Used,R,/offers/ducati-monster-1200-r-gasoline-19d488f8-97f4-4955-b62e-2a29dc79f866
7590,7000,88.0,Buell,07/2001,Gasoline,Manual,Used,X1 Ligthning - Sammlerbike aus 1. Hand mit 7000km,/offers/buell-others-x1-ligthning-sammlerbike-aus-1-hand-mit-7000km-gasoline-red-b5d24dcf-9055-4114-8e5c-151ee7f17f2d
12600,28000,125.0,BMW R 1200 GS,06/2014,Gasoline,,Used,lq,/offers/bmw-r-1200-gs-lq-gasoline-grey-d8754ad6-85bb-44e7-a578-51310d2f855c
21000,7236,107.0,BMW K 1600 GT,09/2019,Gasoline,,Used,0,/offers/bmw-k-1600-gt-0-gasoline-black-4c418482-627a-44fa-85de-4061b661e44c
23000,22100,91.0,Harley-Davidson Ultra Limited,01/2017,Gasoline,,Used,,/offers/harley-davidson-ultra-limited-gasoline-gold-71f7e586-d779-4122-93ee-d2b62241c36c
6900,36177,,Yamaha Tracer 900,12/2016,Gasoline,,Used,,/offers/yamaha-tracer-900-gasoline-black-8118357d-ccaa-4b28-9142-4ec889e5e790
10750,7000,61.0,Yamaha TMAX 530,06/2017,Gasoline,,Used,tmax 530 sx akra + kit over range malossi,/offers/yamaha-tmax-530-tmax-530-sx-akra-kit-over-range-malossi-gasoline-black-575069c4-89fe-9710-e053-0100007f5451
18999,76800,56.0,Harley-Davidson Heritage Softail,05/1999,Gasoline,Manual,Used,,/offers/harley-davidson-heritage-softail-gasoline-blue-a17d13bf-d755-965b-e053-0100007f50e4
11900,10,52.0,Yamaha XV 950,12/2018,Gasoline,Manual,Used,,/offers/yamaha-xv-950-gasoline-f23ff400-2dd3-4195-aeb2-ca32ffc2d4c2
12690,7762,67.0,Harley-Davidson XL 1200,01/2019,Gasoline,Manual,Used,NS Iron,/offers/harley-davidson-xl-1200-ns-iron-gasoline-white-9319da20-1ac7-491d-9efc-efde7b6e9387
2650,8000,22.0,Piaggio Beverly 300,04/2016,Gasoline,,Used,,/offers/piaggio-beverly-300-gasoline-grey-b52988bf-dc46-ae43-e053-0100007f0a50
6000,300,48.0,Honda CBR 650,07/2020,Gasoline,Manual,Used,,/offers/honda-cbr-650-gasoline-black-78b6b8c4-412c-c07d-e053-0100007f77fa
900,35000,22.0,Aprilia Atlantic 250,06/2010,Gasoline,,Used,,/offers/aprilia-atlantic-250-gasoline-black-056161d3-b3bb-463d-b147-0e0db3c89d79
10450,792,145.0,Honda CB 1000,03/2020,Gasoline,Manual,Used,R VorfÃ¼hrmotorrad,/offers/honda-cb-1000-r-vorfuehrmotorrad-gasoline-silver-2d051973-bb4b-45f7-abe7-04a99f6e0408
10000,28912,63.0,Harley-Davidson Custom Bike,07/1980,Gasoline,Manual,Used,,/offers/harley-davidson-custom-bike-gasoline-black-6a048cc6-d43f-fd2d-e053-0100007f50f0
470,14741,10.0,Kymco Agility 125,09/2015,Gasoline,Automatic,Used,,/offers/kymco-agility-125-gasoline-blue-cae1acbe-9a19-d327-e053-0100007ff151
10599,0,,Can Am Outlander,07/2021,Diesel,,Used,Max DPS T 570 T3 B,/offers/can-am-outlander-max-dps-t-570-t3-b-diesel-black-f55501f9-b5f7-46aa-9907-522ae7b0a2a9
7658,0,,Honda CMX 500,01/2021,,,New,,/offers/honda-cmx-500-blue-846bfb28-5b35-4972-b25c-718e9130e24b
20490,13833,,Zero,04/2020,Gasoline,,Used,DSR ZF 14.4,/offers/zero-others-dsr-zf-14-4-gasoline-black-34a7b980-0277-4c4c-a0f8-52ce8f4417a3
6700,11300,54.0,Suzuki Burgman 650,07/2016,Gasoline,,Used,,/offers/suzuki-burgman-650-gasoline-silver-9d7ac2af-8a2d-252c-e053-0100007f9c59
28000,45000,105.0,Harley-Davidson Night Rod,09/2007,Gasoline,,Used,,/offers/harley-davidson-night-rod-gasoline-white-18334ac2-5b73-0a07-e053-0100007ff6be
9695,7450,,Honda CB 1100,01/2017,Gasoline,,Used,,/offers/honda-cb-1100-gasoline-yellow-9040e4ba-3532-469e-8b52-f89d8e601093
10000,48000,76.0,Moto Guzzi 850 Le Mans,05/1982,Gasoline,,Used,,/offers/moto-guzzi-850-le-mans-gasoline-silver-14e2b3c2-6a2a-e877-e053-0100007fc6f5
8500,23299,26.0,Horex Imperator,06/1955,Gasoline,,Used,,/offers/horex-imperator-gasoline-black-0360bfc5-d63a-9269-e053-0100007fa5e9
1799,10,1.0,Niu M1,11/2017,Electric,Automatic,Used,Pro Pro 45 km/h *Sonderpreis*,/offers/niu-m1-pro-pro-45-km-h-sonderpreis-electric-red-320f2086-b157-4277-bc4c-30d9f33466e5
1600,14000,29.0,Kymco People GT300i,10/2010,Gasoline,,Used,,/offers/kymco-people-gt300i-gasoline-grey-36f3bbd4-67e9-4a4c-bfdb-b5004e50b994
10000,11350,67.0,Harley-Davidson Sportster 1200,10/2011,Gasoline,,Used,,/offers/harley-davidson-sportster-1200-gasoline-black-01f2e7ba-67df-5858-e053-0100007fab19
16400,23924,,BMW R 1200 GS,01/2018,Gasoline,,Used,,/offers/bmw-r-1200-gs-gasoline-black-b5bf3380-fec0-419f-86f8-b9ca8ecc3a3a
13290,36500,173.0,Aprilia,01/2015,,,Used,TUONO V4 1100 FACTORY,/offers/aprilia-others-tuono-v4-1100-factory-black-b90272d5-2bec-43ff-b7d2-2ff0abd06b8b
17100,0,,Triumph Bonneville Bobber,01/2021,,,New,,/offers/triumph-bonneville-bobber-black-5eba1133-399a-4ad5-b405-03d4f89e9f9d
16199,0,141.0,Kawasaki Ninja 1000SX,01/2021,,,New,,/offers/kawasaki-ninja-1000sx-green-cfd14e44-98c7-4f90-9c55-1a8b8d5c82d1
