price,mileage,power,make_model,date,fuel,gear,offer_type,version,link
7654,37655,150.0,Ducati Multistrada 1200,08/2011,Gasoline,Manual,Used,,/offers/ducati-multistrada-1200-gasoline-white-d79b1fc5-f7fe-c745-e053-0100007fef3f
10500,18000,82.0,Kawasaki 900 Z,01/1976,Gasoline,,Used,,/offers/kawasaki-900-z-gasoline-green-6d2b4cbe-86b8-545f-e053-0100007f462c
7300,15195,98.0,Yamaha XJR 1300,08/2011,Gasoline,Manual,Used,,/offers/yamaha-xjr-1300-gasoline-black-30a6c7be-94da-9767-e053-0100007f4604
8500,39000,116.0,Yamaha Tracer 900,05/2018,Gasoline,,Used,,/offers/yamaha-tracer-900-gasoline-grey-db297fc1-88f9-d13a-e053-0100007f1c21
1400,3270,3.0,Mash Fifty,07/2017,Gasoline,,Used,,/offers/mash-fifty-gasoline-black-2c40c8ba-fb42-937c-e053-0100007f871d
11489,9438,173.0,KTM 1290 Super Duke GT,04/2017,Gasoline,Manual,Used,,/offers/ktm-1290-super-duke-gt-gasoline-orange-3309fac0-f9fe-2b73-e053-0100007f3570
22000,1000,165.0,BMW R 1250 GS Adventure,07/2020,Gasoline,,Used,,/offers/bmw-r-1250-gs-adventure-gasoline-blue-b77bb4c6-f49b-7c6d-e053-0100007feb90
7000,8000,95.0,Kawasaki Z 800,01/2015,Gasoline,,Used,performance 35kw/70kw vol vermogen,/offers/kawasaki-z-800-performance-35kw-70kw-vol-vermogen-gasoline-black-69a5b78c-cd19-4f37-93fa-10291d5abccc
10000,15700,110.0,BMW R 1200,08/2012,Gasoline,,Used,GS,/offers/bmw-r-1200-gs-gasoline-white-f2ca18c3-d0df-da77-e053-0100007fe197
19950,7600,,Ducati,05/2019,Gasoline,,Used,MULTISTRADA 1260 ENDURO KOFFERS!!,/offers/ducati-others-multistrada-1260-enduro-koffers-gasoline-da503518-de7a-443a-9483-2dbe823abf70
17500,7500,67.0,Harley-Davidson Roadster,05/2016,Gasoline,Manual,Used,,/offers/harley-davidson-roadster-gasoline-red-e95e67bc-6066-bd44-e053-0100007f8374
2800,9939,15.0,Honda SH 125,03/2015,Gasoline,,Used,,/offers/honda-sh-125-gasoline-black-104f0bc0-a558-c51d-e053-0100007f452a
52500,100,63.0,Harley-Davidson,07/2003,Gasoline,,Used,,/offers/harley-davidson-others-gasoline-silver-dca364bb-bd97-0706-e053-0100007fd0be
1500,12700,30.0,Peugeot Geopolis 300,03/2011,Gasoline,,Used,,/offers/peugeot-geopolis-300-gasoline-grey-27f59bc2-6685-1464-e053-0100007f08fb
10600,0,,Triumph,01/2021,,,New,Street Triple A2,/offers/triumph-others-street-triple-a2-white-eb9c36dc-3c2a-4196-a6ef-1f88ff8f8808
13500,5000,120.0,Indian FTR 1200,07/2019,Gasoline,,Used,,/offers/indian-ftr-1200-gasoline-red-fcec86ba-d94c-2e03-e053-0100007f66c4
7750,24100,75.0,Yamaha Tracer 700,01/2018,Gasoline,,Used,ABS,/offers/yamaha-tracer-700-abs-gasoline-black-07e3ec93-6eed-4569-b73b-0cb75c36259b
11199,38000,,Ducati Diavel,01/2011,Gasoline,,Used,CARBON,/offers/ducati-diavel-carbon-gasoline-d89ef847-4e40-439a-8ce0-79ebd53cf3bb
2000,1000,11.0,FK Motors Street Scrambler,06/2020,Gasoline,,Used,,/offers/fk-motors-street-scrambler-gasoline-green-d6a9dabb-4d27-427b-9c37-fa8b92049c10
14999,2074,136.0,BMW R 1250 R,12/2020,Gasoline,Manual,Used,Style HP alle Pakete Garantie 12/23,/offers/bmw-r-1250-r-style-hp-alle-pakete-garantie-12-23-gasoline-white-73fe06e1-66c9-4e7f-a5ea-2967bae7b6e8
25000,1500,37.0,Trike,06/2002,Gasoline,Manual,Used,,/offers/trike-others-gasoline-green-6f6e86c6-2410-030d-e053-0100007f215c
6490,45050,,BMW F 700,06/2015,Gasoline,,Used,,/offers/bmw-f-700-gasoline-black-3040ca73-ee7c-4470-9a44-cd3d80288159
11500,35000,84.0,Harley-Davidson Road King,05/2013,Gasoline,,Used,,/offers/harley-davidson-road-king-gasoline-black-e0ec15c3-c0f7-3e65-e053-0100007f9c48
2500,97000,67.0,Suzuki V-Strom 650,04/2012,Gasoline,,Used,,/offers/suzuki-v-strom-650-gasoline-grey-da4c31ba-27b2-1e70-e053-0100007fcc29
12450,40510,125.0,BMW R 1200 GS,02/2014,Gasoline,Manual,Used,"Dynamik,Touring, Komfort, Paket",/offers/bmw-r-1200-gs-dynamik-touring-komfort-paket-gasoline-black-334c6f87-f528-4619-8e80-9e8a4f61a0a1
11000,10303,110.0,BMW R nineT,04/2015,Gasoline,,Used,,/offers/bmw-r-ninet-gasoline-black-191bd7c5-e549-5448-e053-0100007f928c
15489,23749,76.0,Harley-Davidson Dyna Switchback,03/2012,Gasoline,Manual,Used,2000 Fahrzeuge vor Ort,/offers/harley-davidson-dyna-switchback-2000-fahrzeuge-vor-ort-gasoline-black-2c317bbc-4824-41bd-b025-13d252571aa9
10500,29500,88.0,Harley-Davidson Dyna Super Glide,06/2005,Gasoline,Manual,Used,Custom,/offers/harley-davidson-dyna-super-glide-custom-gasoline-black-f37737c6-67de-751a-e053-0100007fb3e1
7800,28000,131.0,Triumph Speed Triple R,11/2012,Gasoline,,Used,,/offers/triumph-speed-triple-r-gasoline-black-20d6f044-779d-4645-b64c-79a532e3b196
6500,8906,50.0,KTM 690 Duke,05/2015,Gasoline,Manual,Used,,/offers/ktm-690-duke-gasoline-orange-8750aec5-21ca-580c-e053-0100007ff0a0
9200,3000,109.0,Ducati Monster 821,06/2020,Gasoline,,Used,,/offers/ducati-monster-821-gasoline-red-e90a2ab1-99b9-498d-8a38-21be0decec4c
9990,14000,,Yamaha Niken,11/2018,Gasoline,,Used,850,/offers/yamaha-niken-850-gasoline-grey-dce8d5d1-236e-4094-860a-811dc38357ba
150,1,1.0,Yamaha WR 250,01/2002,Gasoline,Manual,Used,F,/offers/yamaha-wr-250-f-gasoline-black-9e45adc2-af6f-7b78-e053-0100007fedbb
7800,41600,139.0,Kawasaki Z 1000,09/2013,Gasoline,,Used,special edition,/offers/kawasaki-z-1000-special-edition-gasoline-black-b352dabb-86e8-8a57-e053-0100007fed7a
1600,18000,11.0,Kreidler Supermoto 125,05/2014,Gasoline,Manual,Used,,/offers/kreidler-supermoto-125-gasoline-black-d228b3c3-11af-3f48-e053-0100007f9581
16500,220,87.0,Harley-Davidson Dyna Street Bob,12/2020,Gasoline,,Used,,/offers/harley-davidson-dyna-street-bob-gasoline-black-e610c4c6-946a-6144-e053-0100007f89f4
6000,29000,50.0,Kawasaki VN 900,06/2008,Gasoline,Manual,Used,,/offers/kawasaki-vn-900-gasoline-black-5cc7aac5-498d-383d-e053-0100007fc16d
9500,36383,110.0,BMW R 1200 GS,02/2012,Gasoline,Manual,Used,Scheckheftgepflegt,/offers/bmw-r-1200-gs-scheckheftgepflegt-gasoline-silver-22d36e6e-abc0-4b48-950d-57454afb27c2
6789,11434,98.0,Suzuki,05/2012,Gasoline,Manual,Used,GSF 1250 SA BANDIT - 1. Hand,/offers/suzuki-others-gsf-1250-sa-bandit-1-hand-gasoline-black-4c7de169-ae62-45f6-b80c-00bcd368a96e
11000,74000,82.0,Harley-Davidson Road King,02/2010,Gasoline,Manual,Used,,/offers/harley-davidson-road-king-gasoline-black-72a4f4c0-09e8-ec63-e053-0100007f0d53
12000,95000,125.0,BMW R 1200 GS,09/2014,Gasoline,Manual,Used,,/offers/bmw-r-1200-gs-gasoline-red-e94717c3-6b50-2368-e053-0100007fdbe7
9900,2500,106.0,Harley-Davidson VRSC V-Rod,01/2009,Gasoline,,Used,,/offers/harley-davidson-vrsc-v-rod-gasoline-grey-b509b0c5-23ef-2c2f-e053-0100007f4c0f
12250,21312,181.0,Honda,03/2016,Gasoline,Manual,Used,-,/offers/honda-others--gasoline-white-d9ffc856-faf6-474f-9932-a849daca3fd2
8500,28000,46.0,Yamaha TMAX 530,04/2017,Gasoline,,Used,,/offers/yamaha-tmax-530-gasoline-grey-7d702ac7-ef22-517f-e053-0100007fd916
1590,17746,,MBK,01/2014,Gasoline,,Used,BOSTER 50 NAKED 13,/offers/mbk-boster-50-naked-13-gasoline-63a45bfa-6926-4e09-b7d2-261072810b7a
1890,1800,3.0,Piaggio,03/2019,Electric,Automatic,Used,ASKOLL ES3*ELETTRICO*,/offers/piaggio-others-askoll-es3-elettrico-electric-grey-65885191-924a-4911-b153-c5281b9091a8
10500,5900,61.0,BMW R 1200 C Independent,02/2002,Gasoline,Manual,Used,Reifen und Inspektion NEU,/offers/bmw-r-1200-c-independent-reifen-und-inspektion-neu-gasoline-yellow-441863c0-1a35-8971-e053-0100007f7f3e
8000,90000,105.0,BMW R 1200 GS Adventure,03/2009,Gasoline,,Used,r 1200 gs asventur full optional e borse,/offers/bmw-r-1200-gs-adventure-r-1200-gs-asventur-full-optional-e-borse-gasoline-red-56f6f63d-4c3e-483f-9a61-a35ee84cf4cf
21500,30000,87.0,Harley-Davidson Street Glide,02/2014,Gasoline,,Used,Street Glide Special,/offers/harley-davidson-street-glide-street-glide-special-gasoline-black-ad02f89f-f2bd-4d50-a157-32acc42765bf
16000,14518,11632.0,Ducati Multistrada 1200,07/2017,Gasoline,,Used,S,/offers/ducati-multistrada-1200-s-gasoline-grey-31dddee7-b071-46d4-a861-ccf74fe162ad
9200,12000,131.0,Kawasaki Ninja ZX-6R,03/2017,Gasoline,,Used,,/offers/kawasaki-ninja-zx-6r-gasoline-green-5c83d0c4-e044-4477-e053-0100007f54b9
8500,21082,67.0,Harley-Davidson Sportster 1200,09/2011,Gasoline,Manual,Used,XL 1200 - MINI RATE - GARANZIA,/offers/harley-davidson-sportster-1200-xl-1200-mini-rate-garanzia-gasoline-black-efc9e95e-587b-4556-bdad-b307b4336ccb
15500,3450,88.0,Harley-Davidson Dyna Street Bob,01/2020,Gasoline,,Used,STREET BOB,/offers/harley-davidson-dyna-street-bob-street-bob-gasoline-black-44b3552e-cbda-4b46-ac0b-57af32d1ecf3
16330,15259,71.0,Harley-Davidson Heritage Springer,04/2007,Gasoline,Manual,Used,FLSTSCI Softail Twin Cam 96B,/offers/harley-davidson-heritage-springer-flstsci-softail-twin-cam-96b-gasoline-violet-5c0bfc0e-c572-4e01-b746-e600274e233e
1250,1814,7.0,Skyteam Dax 125,09/2009,Gasoline,,Used,,/offers/skyteam-dax-125-gasoline-green-cdf8d7c2-78b7-f327-e053-0100007f375c
16000,106000,86.0,Harley-Davidson Ultra Classic,10/2000,Gasoline,,Used,,/offers/harley-davidson-ultra-classic-gasoline-blue-322b12c5-b645-5531-e053-0100007f9f5d
1100,6000,170.0,LML Star 125,06/2014,Gasoline,,Used,,/offers/lml-star-125-gasoline-green-bff259b9-65c7-f845-e053-0100007f7112
12950,24600,64.0,Harley-Davidson Sportster,01/2016,Gasoline,,Used,XL1200CX Roadster,/offers/harley-davidson-sportster-xl1200cx-roadster-gasoline-black-2175b6d9-1e6b-413b-a935-2a32fdb6e43a
14700,27000,106.0,Honda CRF 1100,01/2020,Gasoline,Manual,Used,ADVENTURE SPORTS HRC,/offers/honda-crf-1100-adventure-sports-hrc-gasoline-blue-4547f333-f5be-47e3-8655-76ed5c03d638
12000,5500,67.0,Harley-Davidson Sportster 1200,04/2016,Gasoline,,Used,forty eight,/offers/harley-davidson-sportster-1200-forty-eight-gasoline-black-b64b89da-2ff5-4828-88b3-a9239a653cd1
2350,73000,38.0,Honda SW-T 400,10/2010,Gasoline,,Used,,/offers/honda-sw-t-400-gasoline-white-888a2bc1-2428-944d-e053-0100007f612d
10489,2200,,Honda,01/2021,Gasoline,,Used,,/offers/honda-gasoline-silver-6211a590-c896-4d68-9f54-31ab602e36ba
3499,3050,11.0,Yamaha XV 125,10/1998,Gasoline,Manual,Used,Virago TOP Zustand!,/offers/yamaha-xv-125-virago-top-zustand-gasoline-red-b503f6ad-cda7-41ee-9486-3236919f6cde
10000,23174,125.0,Harley-Davidson V-Rod,05/2005,Gasoline,,Used,,/offers/harley-davidson-v-rod-gasoline-blue-49970dc5-9411-b07e-e053-0100007f2298
13358,1,,Honda,01/2021,,,New,FORZA 750,/offers/honda-others-forza-750-silver-ccfec6e5-c2ab-4c15-a677-6d7696d477c4
13489,6532,68.0,Harley-Davidson Sportster,05/2014,Gasoline,Manual,Used,XL 1200 T SUPERLOW - 1. Hand!,/offers/harley-davidson-sportster-xl-1200-t-superlow-1-hand-gasoline-0a299ca7-9d7a-4b59-ab14-24e8d6d63f72
7900,24350,116.0,KTM 990 Supermoto,02/2010,Gasoline,Manual,Used,,/offers/ktm-990-supermoto-gasoline-black-5e48f6bc-996d-2416-e053-0100007fa8ef
6600,0,,Husqvarna,01/2021,,,New,VITPILEN 401,/offers/husqvarna-others-vitpilen-401-c1dc93dd-3930-4336-b103-a491e9641071
29995,2257,118.0,Honda NRX 1800,03/2007,Gasoline,Manual,Used,RUNE * 2257 KM ** Chromepack,/offers/honda-nrx-1800-rune-2257-km-chromepack-gasoline-black-ebd4eaa2-47c1-4ba3-b178-90f54a44293d
600,20900,125.0,Kymco Agility 125,02/2010,Gasoline,,Used,,/offers/kymco-agility-125-gasoline-blue-914974c3-ddb8-1323-e053-0100007f202a
3000,46900,35.0,Moto Guzzi V 35,03/1981,Gasoline,,Used,,/offers/moto-guzzi-v-35-gasoline-red-b5aad3c5-c5c5-247e-e053-0100007fd081
14995,1,80.0,Moto Guzzi,12/2021,Gasoline,,Pre-registered,V85 TT Travel,/offers/moto-guzzi-others-v85-tt-travel-gasoline-brown-08a7cb18-579f-46dc-9bbf-b848eadbe9a2
1950,38716,30.0,Kymco Downtown 300i,11/2014,Gasoline,Automatic,Used,,/offers/kymco-downtown-300i-gasoline-a94f054b-5808-42d7-9a51-f3473e901c4f
12490,5790,110.0,BMW R nineT,07/2019,Gasoline,,Used,0,/offers/bmw-r-ninet-0-gasoline-black-83ab0a9c-d220-4d22-b012-cd0eace33a30
16000,5832,102.0,Honda CRF 1100,05/2020,Gasoline,Automatic,Used,ADVENTURE SPORT DCT,/offers/honda-crf-1100-adventure-sport-dct-gasoline-blue-5035ae42-c3ca-4060-9468-0b9cc90c1429
7750,4000,48.0,Honda Integra,07/2020,Gasoline,Automatic,Used,antifurto,/offers/honda-integra-antifurto-gasoline-white-026af6af-56d8-f54d-e053-0100007f2437
12000,84600,125.0,BMW R 1200 GS Adventure,03/2015,Gasoline,,Used,,/offers/bmw-r-1200-gs-adventure-gasoline-white-b9340365-c6f5-480b-808c-f08f4d3dfde0
1100,17000,10.0,SYM Symphony 200,06/2016,Gasoline,,Used,,/offers/sym-symphony-200-gasoline-bronze-7210b9db-082d-4be3-8533-b7fc78c8c7d2
7489,21309,53.0,Yamaha XVS 950,05/2009,Gasoline,Manual,Used,"A MIDNIGHT STAR - Windschild, Taschen",/offers/yamaha-xvs-950-a-midnight-star-windschild-taschen-gasoline-blue-1788f606-ec85-43e2-9d02-c026d84743bd
7990,43000,,Honda VFR,12/2015,Gasoline,,Used,,/offers/honda-vfr-gasoline-grey-b2d1fab1-0861-4cfe-bf74-d6813193febc
2100,3800,11.0,Benelli BN 125,06/2020,Gasoline,,Used,naked,/offers/benelli-bn-125-naked-gasoline-white-d2a98f79-f6b7-4add-9d41-47107d8035a5
12500,6000,113.0,Ducati Multistrada 950,03/2018,Gasoline,,Used,,/offers/ducati-multistrada-950-gasoline-red-1d7924f3-d2cc-4aeb-98d5-c1d6380f241d
12475,3565,,Ducati Scrambler,01/2020,,,Used,Desert Sled,/offers/ducati-scrambler-desert-sled-white-aa102b65-3e52-46c4-b502-8fb69fb8e738
7000,9761,95.0,MV Agusta Brutale 675,01/2014,Gasoline,,Used,,/offers/mv-agusta-brutale-675-gasoline-white-b151a4ad-68a7-352f-e053-0100007ff24c
8199,16000,,Yamaha XSR 700,01/2016,Gasoline,,Used,ABS,/offers/yamaha-xsr-700-abs-gasoline-grey-feafd511-bd6b-4ff9-b5ba-396ccaa41a46
22790,418,136.0,BMW R 1250 RT,02/2021,Gasoline,Manual,Used,Sport Modell 2021,/offers/bmw-r-1250-rt-sport-modell-2021-gasoline-blue-a189be1d-d49d-46f2-b3e8-e0b0beef5a9b
8600,11000,63.0,Honda X-ADV,08/2019,Gasoline,,Used,travel pack,/offers/honda-x-adv-travel-pack-gasoline-bronze-42fa10b0-e2da-4052-9d69-291bf1cb9181
10490,29800,105.0,BMW R 1200 GS Adventure,03/2009,Gasoline,Manual,Used,Insp. und TÃV neu /,/offers/bmw-r-1200-gs-adventure-insp-und-tuev-neu-gasoline-83f0b57f-83e9-4239-bc1e-87b644bc46a7
12890,1500,48.0,BMW F 900 XR,02/2021,Gasoline,Manual,Demonstration,"A2, Tieferlegung*",/offers/bmw-f-900-xr-a2-tieferlegung-gasoline-white-59fbcac1-6f7c-4eb9-9d41-c2c07e6bde23
1800,10155,11.0,Piaggio,06/2011,Gasoline,,Used,,/offers/piaggio-others-gasoline-black-929c34c2-98c5-125d-e053-0100007ffb58
950,14900,50.0,Aprilia Scarabeo,02/2013,Gasoline,,Used,,/offers/aprilia-scarabeo-gasoline-black-f7fe04c3-5e32-3413-e053-0100007fb09f
7200,7100,73.0,Ducati Scrambler,06/2020,Gasoline,,Used,ICON DARK 800,/offers/ducati-scrambler-icon-dark-800-gasoline-black-dda0783b-b2d3-4cf6-a9fd-68654afff9cd
9000,80000,125.0,BMW R 1200 GS,12/2009,Gasoline,,Used,,/offers/bmw-r-1200-gs-gasoline-black-b5dffcba-4a63-2709-e053-0100007f5764
9000,19646,125.0,KTM 1090 Adventure,07/2018,Gasoline,Manual,Used,R,/offers/ktm-1090-adventure-r-gasoline-white-cf85efc3-bbe5-7122-e053-0100007f84c0
6200,17000,75.0,Husqvarna Vitpilen,04/2018,Gasoline,,Used,701,/offers/husqvarna-vitpilen-701-gasoline-silver-10d66a16-990d-43d7-9b31-f9b4506a1789
10490,13276,,Honda,07/2017,Gasoline,,Used,,/offers/honda-gasoline-red-43fe7108-afed-4a8d-8529-700d5f08c934
11890,7764,110.0,BMW R nineT,08/2018,Gasoline,Manual,Used,Pure,/offers/bmw-r-ninet-pure-gasoline-grey-fd13e153-3c41-4a84-8e8e-4133a9b98c62
10000,6400,49.0,Yamaha Wolverine 450,12/2017,Gasoline,,Used,,/offers/yamaha-wolverine-450-gasoline-green-a297ecc6-f208-4f49-e053-0100007f3902
17800,47026,101.0,Harley-Davidson Road Glide,04/2009,Gasoline,Manual,Used,CVO FLTRSE 3,/offers/harley-davidson-road-glide-cvo-fltrse-3-gasoline-yellow-a0f15d17-34ea-4b64-af93-8b4e1372df9c
1800,3600,11.0,SYM Symphony 125,03/2020,Gasoline,,Used,,/offers/sym-symphony-125-gasoline-white-6f25e4c0-d469-651d-e053-0100007f8f07
6890,6600,69.0,Suzuki,07/2016,Gasoline,Manual,Used,DL 650 V- Strom nur 6600km,/offers/suzuki-others-dl-650-v-strom-nur-6600km-gasoline-blue-9eee3ba8-c197-4ea4-9db5-c19fcc8cc636
7990,5800,,Kawasaki W 800,06/2019,Gasoline,,Used,,/offers/kawasaki-w-800-gasoline-black-51778116-0314-424a-94a8-71379cdbe179
9490,2925,,Yamaha TMAX 530,10/2018,Gasoline,,Used,ABS,/offers/yamaha-tmax-530-abs-gasoline-black-badbcbca-059b-4985-a7c1-16b8d14d0190
2400,3850,10.0,Suzuki Burgman 125,12/2012,Gasoline,,Used,,/offers/suzuki-burgman-125-gasoline-black-184a93b9-43c8-483d-e053-0100007fb176
10900,320,86.0,Triumph Tiger Sport,04/2021,Gasoline,,Used,solo 320KM,/offers/triumph-tiger-sport-solo-320km-gasoline-grey-02e310c4-816d-42d2-87d1-3fa046d4d96f
12490,21604,125.0,BMW R 1200 GS,06/2016,Gasoline,Manual,Used,,/offers/bmw-r-1200-gs-gasoline-white-b56d8fc6-094f-1a6e-e053-0100007f5351
10500,19200,182.0,Yamaha YZF-R1,09/2011,Gasoline,,Used,R1-RN22,/offers/yamaha-yzf-r1-r1-rn22-gasoline-black-ee6efc43-2c03-4c88-8266-2837e3aa7030
6000,21000,952.0,Yamaha Tracer 700,03/2017,Gasoline,,Used,,/offers/yamaha-tracer-700-gasoline-blue-29baa3b9-c3f3-2924-e053-0100007fcfb5
800,82000,408.0,Kymco Super Dink 300,09/2010,Gasoline,,Used,,/offers/kymco-super-dink-300-gasoline-grey-3f0a0fbb-1a3f-f932-e053-0100007f7fc5
8500,21468,18.0,ZÃ¼ndapp KS 125 Sport,03/1975,Two Stroke Gasoline,Manual,Used,1975 | Rood | 21.468 km |,/offers/zuendapp-ks-125-sport-1975-rood-21-468-km-two-stroke-gasoline-red-7e123287-e7fa-4072-bbce-a1a63b3194ad
6100,836,20.0,CF Moto Terralander,03/2014,Gasoline,,Used,,/offers/cf-moto-terralander-gasoline-white-8962ce7b-3b8a-7764-e053-e350040aff56
8390,1000,95.0,Honda CB 650,03/2021,Gasoline,Manual,Demonstration,R 2021 Schaltassistent,/offers/honda-cb-650-r-2021-schaltassistent-gasoline-03efa9c8-5c06-4e00-8bc8-b77590769f87
6500,1829,41.0,Kymco MXU 500,03/2013,Gasoline,Automatic,Used,500I IRS,/offers/kymco-mxu-500-500i-irs-gasoline-red-cc99d22c-df01-4339-bbd6-ee0be2caf46c
9999,123,80.0,Moto Guzzi V 85,06/2021,Gasoline,Manual,Used,TT Classic Enduro,/offers/moto-guzzi-v-85-tt-classic-enduro-gasoline-red-75448131-ca85-4d7d-9cd8-879a1fc94b54
9300,14281,137.0,Ducati Monster 1200,06/2016,Gasoline,Manual,Used,S,/offers/ducati-monster-1200-s-gasoline-white-89371ac5-4368-bd3d-e053-0100007faa21
10450,12800,106.0,Suzuki Hayabusa,02/2013,Gasoline,,Used,,/offers/suzuki-hayabusa-gasoline-white-0ed1efc6-dc88-8d01-e053-0100007f058d
7000,34000,136.0,Kawasaki ZR 1000,12/2010,Gasoline,,Used,,/offers/kawasaki-zr-1000-gasoline-orange-31df07bc-aec9-bb76-e053-0100007fda38
17690,6800,136.0,BMW R 1250 RT,03/2019,Gasoline,Manual,Used,3 Pakete Keyless Schaltassistent Radio,/offers/bmw-r-1250-rt-3-pakete-keyless-schaltassistent-radio-gasoline-white-c021c67a-6e40-447d-8cfd-3f1a47da08a7
9950,31000,184.0,BMW K 1300,01/2012,Gasoline,,Used,,/offers/bmw-k-1300-gasoline-black-7e39f5d4-2df7-4025-bf21-94dd568c1d90
13489,19775,175.0,Aprilia Tuono,07/2016,Gasoline,Manual,Used,"V4 1100 FACTORY - 1. Hand, viele Extras",/offers/aprilia-tuono-v4-1100-factory-1-hand-viele-extras-gasoline-b6c5be4b-ea23-4fd6-8581-bfaed8477404
9500,2500,69.0,Yamaha TÃ©nÃ©rÃ© 700,05/2021,Gasoline,,Used,,/offers/yamaha-tenere-700-gasoline-black-f0b4ffc6-78dd-3a73-e053-0100007ffc0f
6450,16000,48.0,Honda CB 500,08/2015,Gasoline,,Used,500X C-ABS,/offers/honda-cb-500-500x-c-abs-gasoline-red-230ed674-11fb-4ad0-bf60-f4207089fbd4
10900,5000,109.0,Yamaha XTZ 1200,08/2020,Gasoline,,Used,tenerÃ¨ z,/offers/yamaha-xtz-1200-tenere-z-gasoline-black-5894da4e-eb0f-46e0-9ee9-08e0d3f963b3
2899,28500,35.0,Peugeot Satelis 500,05/2012,Gasoline,Automatic,Used,,/offers/peugeot-satelis-500-gasoline-bronze-74cfafc6-cc9e-742d-e053-0100007fe140
7199,20000,,Suzuki V-Strom 650,01/2016,Gasoline,,Used,V-STROM ABS,/offers/suzuki-v-strom-650-v-strom-abs-gasoline-silver-a712ca1d-5bcd-4640-9d25-655e116ac15c
17700,33400,158.0,Ducati Multistrada 1260,04/2018,Gasoline,Manual,Used,S,/offers/ducati-multistrada-1260-s-gasoline-red-fc7091de-0d53-4ea0-bdf1-1dfc6c9ecb8a
9450,20259,,Yamaha MT-09,01/2017,,,Used,TRACER,/offers/yamaha-mt-09-tracer-grey-b34cb372-6417-4650-912c-1dfc1697df71
19499,3492,,Honda CRF 1100,01/2020,,,Used,ADVENTURE SPORTS DCT,/offers/honda-crf-1100-adventure-sports-dct-black-a1ed6477-c0a9-4e05-9a36-7859147c1d55
28950,9385,140.0,Rewaco RF1,07/2018,Gasoline,Automatic,Used,RF-1 ST -2 ATM Turbo Trike,/offers/rewaco-rf1-rf-1-st-2-atm-turbo-trike-gasoline-blue-e12c356c-6b12-44a1-894a-e778cc1b8079
7000,99999,50.0,BSA A 65,07/1965,Gasoline,,Used,,/offers/bsa-a-65-gasoline-silver-551823c1-a99d-f61c-e053-0100007f5786
2500,4960,8.0,Yamaha D'elight,09/2017,Gasoline,,Used,125,/offers/yamaha-d-elight-125-gasoline-red-5b8608fc-ae81-4988-b6dd-03df5bec5102
9000,2900,75.0,BMW F 800 GS,05/2017,Gasoline,,Used,,/offers/bmw-f-800-gs-gasoline-grey-2a44b7bd-4c8e-b743-e053-0100007f1880
6600,4999,75.0,Yamaha MT-07,06/2017,Gasoline,Manual,Used,,/offers/yamaha-mt-07-gasoline-black-5390c2bd-dd81-1822-e053-0100007f78e1
9300,58600,110.0,BMW R 1200 GS,06/2012,Gasoline,,Used,,/offers/bmw-r-1200-gs-gasoline-white-387312c5-85c4-944d-e053-0100007f8555
9500,24750,95.0,Honda CRF 1000,06/2018,Gasoline,,Used,DTC Adventure Africa Twin,/offers/honda-crf-1000-dtc-adventure-africa-twin-gasoline-white-54d0acc6-fd78-aa08-e053-0100007f6ea8
8560,41625,173.0,BMW K 1300 R,04/2012,Gasoline,,Used,"Koffer, Rizoma Lenker, Navi",/offers/bmw-k-1300-r-koffer-rizoma-lenker-navi-gasoline-black-526fe9d6-f239-4395-a587-e064b9da9a8a
6350,220,50.0,KTM,11/2019,Gasoline,,Used,EXC-F 250 Six Days,/offers/ktm-others-exc-f-250-six-days-gasoline-white-bf9683c2-3889-9221-e053-0100007f1c73
11489,12674,173.0,KTM 1290 Super Duke R,07/2014,Gasoline,Manual,Used,Ankauf aller Marken,/offers/ktm-1290-super-duke-r-ankauf-aller-marken-gasoline-2b7007e7-d111-4eff-b5ea-93f233007222
21000,18500,86.0,Harley-Davidson Electra Glide,02/2008,Gasoline,Manual,Used,FLHTP Police Peace Officer,/offers/harley-davidson-electra-glide-flhtp-police-peace-officer-gasoline-black-557d9fb8-114c-6a15-e053-0100007fb0e9
150,13000,5.0,Herkules,08/1982,Gasoline,,Used,,/offers/herkules-others-gasoline-white-76ae54c3-a557-b62e-e053-0100007f6c94
10990,33446,125.0,BMW R 1200 GS,04/2015,Gasoline,Manual,Used,,/offers/bmw-r-1200-gs-gasoline-red-d053914b-47c6-41cf-b406-711624d32bd3
46989,8000,136.0,Harley-Davidson Street Glide,01/2015,Gasoline,Manual,Used,LLC TURBO - HAMMER-UMBAU!,/offers/harley-davidson-street-glide-llc-turbo-hammer-umbau-gasoline-green-4ede6b8b-7b7e-492e-9688-608ea33a400c
1790,4000,3.0,Vespa PK 50,07/1995,Gasoline,Manual,Used,"XL ""4.Gang-Schaltung""GepÃ¤cktrÃ¤ger""Patina""",/offers/vespa-pk-50-xl-4-gang-schaltung-gepaecktraeger-patina-gasoline-yellow-e814e044-2d82-4c52-baa9-2ef7cc2dc967
10990,19541,,Yamaha MT-10,12/2017,Gasoline,,Used,,/offers/yamaha-mt-10-gasoline-blue-feec965d-e599-49f2-bdec-0101d38676d1
11000,3800,76.0,BMW F 750 GS,01/2018,Gasoline,,Used,0,/offers/bmw-f-750-gs-0-gasoline-grey-cd4a1a5d-a955-4e77-87a9-89f9772263ae
11500,280,58.0,Honda,03/2021,Gasoline,,Used,Forza 750,/offers/honda-others-forza-750-gasoline-blue-e505d6be-836b-cc6a-e053-0100007f835d
10690,23625,160.0,BMW S 1000 R,04/2015,Gasoline,Manual,Used,,/offers/bmw-s-1000-r-gasoline-white-c26afebb-4ee6-d942-e053-0100007f4449
18990,725,,Kawasaki,01/2020,,,New,Z H2 inclusief performance pakket,/offers/kawasaki-others-z-h2-inclusief-performance-pakket-black-f34b6836-501d-4513-b304-822bcb1f25e8
3400,46200,98.0,BMW R 1100 S,12/2002,Gasoline,Manual,Used,,/offers/bmw-r-1100-s-gasoline-grey-a185e3c5-f3cc-696e-e053-0100007f97d1
2000,40761,34.0,Yamaha Majesty 400,04/2012,Gasoline,,Used,,/offers/yamaha-majesty-400-gasoline-grey-bf3a45ba-f2c0-eb32-e053-0100007fc203
9690,2122,150.0,Suzuki GSX-S 1000,01/2021,Gasoline,Manual,Used,Katana,/offers/suzuki-gsx-s-1000-katana-gasoline-silver-50d674d8-9137-43ea-9c6d-b55ef1a6aaf7
6990,16575,53.0,Yamaha XVS 950,03/2010,Gasoline,Manual,Used,Midnight Star,/offers/yamaha-xvs-950-midnight-star-gasoline-black-8d93c087-fe6a-4285-be1b-bb9f1bd04566
150,5000,68.0,Vespa,02/2010,Gasoline,,Used,,/offers/vespa-others-gasoline-orange-a73362c6-f8fc-bb6c-e053-0100007f14d5
11200,35000,184.0,Aprilia RSV4,01/2013,Gasoline,,Used,FACTORY APRC,/offers/aprilia-rsv4-factory-aprc-gasoline-red-7e0941b1-25a6-8976-e053-0100007ffcf9
1700,800,3.0,Niu N1S,08/2019,Electric,Automatic,Used,,/offers/niu-n1s-electric-grey-811ec5bf-dad6-ce54-e053-0100007f4180
16190,0,110.0,Ducati SuperSport,01/2021,,,New,,/offers/ducati-supersport-red-e0adb51a-3a40-4929-9569-a20397f87d14
8900,11984,118.0,Yamaha Tracer 900,05/2018,Gasoline,Manual,Used,Turismo,/offers/yamaha-tracer-900-turismo-gasoline-grey-ac19473b-11f8-4ebe-8523-d66aaa27a291
12490,1085,48.0,BMW C Evolution,01/2018,Gasoline,Automatic,Used,Long Range Werksmotorrad,/offers/bmw-c-evolution-long-range-werksmotorrad-gasoline-silver-46d22058-24e3-464a-ab2e-316f518cbcac
6990,20683,,Honda NC 750,01/2017,,,Used,X ABS,/offers/honda-nc-750-x-abs-red-66cc94ac-a119-4b7d-8237-a1d80993afb3
13990,0,,Ducati,01/2021,,,New,Monster +,/offers/ducati-others-monster-grey-954d938c-a2fe-4ef2-8005-96d1a11473bc
13950,25091,125.0,BMW R 1200 GS,05/2016,Gasoline,Manual,Used,"Triple Black, 3 Pakete",/offers/bmw-r-1200-gs-triple-black-3-pakete-gasoline-black-d5fa67f6-8093-4513-92ff-d57d8da01567
18490,31730,73.0,Harley-Davidson,07/2010,Gasoline,Manual,Used,FLSTC Softail Custom Bike,/offers/harley-davidson-others-flstc-softail-custom-bike-gasoline-brown-dc115ddc-672c-4880-bf10-460498da5b33
2200,44000,3.0,Honda SH 125,06/2016,Gasoline,Automatic,Used,,/offers/honda-sh-125-gasoline-white-a29378c6-4f98-7e53-e053-0100007f8310
7000,6500,54.0,Harley-Davidson Street 750,07/2017,Gasoline,,Used,,/offers/harley-davidson-street-750-gasoline-black-a847ceaf-620e-4e1e-b6dd-9a211dd1c497
12450,31200,,MV Agusta F4,01/2011,,,Used,1000 R,/offers/mv-agusta-f4-1000-r-red-c9980064-9e81-4174-b7c6-eff18a407ce9
8000,13000,15.0,BMW R 26,07/1958,Gasoline,,Used,,/offers/bmw-r-26-gasoline-black-f49d01c6-fbba-8146-e053-0100007f17f4
16335,250,113.0,Ducati Multistrada 950,04/2021,Gasoline,Manual,Used,S,/offers/ducati-multistrada-950-s-gasoline-f1a3865f-d979-46b7-9244-ff08b8b1f675
13500,32542,,BMW S 1000 XR,01/2017,Gasoline,,Used,,/offers/bmw-s-1000-xr-gasoline-e548e42c-e224-4f0a-80b1-51e072805519
10890,47879,125.0,BMW R 1200 GS,06/2014,Gasoline,Manual,Used,LC K50 3 Pakete gepflegter Zustand LED-Zusatzsche,/offers/bmw-r-1200-gs-lc-k50-3-pakete-gepflegter-zustand-led-zusatzsche-gasoline-grey-c88dd9f2-7267-45f9-8845-dbb97968552b
12490,268,,Zero,12/2020,Electric,,Used,SR ZF 13.0,/offers/zero-others-sr-zf-13-0-electric-red-5ae45b6d-a45e-4233-9f40-f858ebe83f14
13800,15000,77.0,Harley-Davidson Dyna Street Bob,06/2017,Gasoline,,Used,,/offers/harley-davidson-dyna-street-bob-gasoline-black-49e4eac6-7b44-a223-e053-0100007fe6b8
5569,1297,29.0,Yamaha X-Max 300,02/2019,Gasoline,Automatic,Demonstration,,/offers/yamaha-x-max-300-gasoline-silver-07930706-35c7-40a0-8e3c-9c06cde1045d
6500,21000,118.0,Kawasaki Versys 1000,07/2013,Gasoline,Manual,Used,,/offers/kawasaki-versys-1000-gasoline-white-22b521be-80a0-ab72-e053-0100007f97bd
25250,854,92.0,BMW,12/2020,Gasoline,Manual,Used,R 18 R 18,/offers/bmw-others-r-18-r-18-gasoline-black-6f0311c1-66b5-479f-acc9-0a674d725fe3
6900,14288,,Ducati Scrambler,11/2018,Gasoline,,Used,,/offers/ducati-scrambler-gasoline-yellow-b55dae4c-c50b-44df-b078-877a8d21e903
7000,22000,116.0,Yamaha MT-09,03/2015,Gasoline,,Used,Street Rally,/offers/yamaha-mt-09-street-rally-gasoline-grey-d0c571b3-0261-e072-e053-0100007f03f3
12500,7000,163.0,Ducati 1198,09/2009,Gasoline,,Used,,/offers/ducati-1198-gasoline-white-3852bab9-97bd-c470-e053-0100007fb282
6100,18081,75.0,Yamaha MT-07,12/2018,Gasoline,,Used,12/2018 ABS,/offers/yamaha-mt-07-12-2018-abs-gasoline-black-72ddf29e-1d7e-4e74-be75-514ad2035ad7
4595,299,30.0,Hyosung GV 300,05/2021,Gasoline,Manual,Used,,/offers/hyosung-gv-300-gasoline-black-2b6931ef-2c72-47c6-a546-ceb0bdd9d06f
10490,27400,90.0,Yamaha XV 1900,06/2009,Gasoline,Manual,Used,Midnight Star TOP,/offers/yamaha-xv-1900-midnight-star-top-gasoline-black-c523ef5d-9827-4177-a37d-1cd8049c4eb2
13990,3950,148.0,MV Agusta F3,05/2021,Gasoline,Manual,Used,800 ABS EAS EURO4 inkl rote Felgen,/offers/mv-agusta-f3-800-abs-eas-euro4-inkl-rote-felgen-gasoline-white-be200399-afdd-495e-bdca-6077854d7b9a
7500,2500,125.0,MV Agusta Brutale 800,04/2013,Gasoline,,Used,beutale 800,/offers/mv-agusta-brutale-800-beutale-800-gasoline-red-a989c9c4-2f8c-104f-e053-0100007fa03d
6500,17000,160.0,BMW S 1000 R,09/2014,Gasoline,,Used,,/offers/bmw-s-1000-r-gasoline-white-1a6f5cc6-754f-c645-e053-0100007fdca5
33489,3000,87.0,Harley-Davidson Softail,05/2018,Gasoline,Manual,Used,FAT BOY LLC - Komplettumbau!,/offers/harley-davidson-softail-fat-boy-llc-komplettumbau-gasoline-black-8637cb13-78b9-42d7-ab75-51d5efc0116f
10490,8370,,Suzuki GSX-S 1000,07/2015,Gasoline,,Used,,/offers/suzuki-gsx-s-1000-gasoline-red-225c0378-316e-4b02-9d0f-c6cf500948ae
11990,4337,53.0,Harley-Davidson Sportster 883,07/2016,,,Used,R Dirt Track Umbau,/offers/harley-davidson-sportster-883-r-dirt-track-umbau-orange-49288499-a370-4f0d-89bd-363d48fb1d1d
9900,14000,91.0,Harley-Davidson Custom Bike,03/2014,Gasoline,,Used,1200 sportster xl limited,/offers/harley-davidson-custom-bike-1200-sportster-xl-limited-gasoline-black-0afdc2fe-8afb-4fb6-819f-51aeee034e7a
46989,414,92.0,Harley-Davidson,07/2013,Gasoline,Manual,Used,BIKESCHMIEDE CUSTOMBIKE - Germany Rocks,/offers/harley-davidson-others-bikeschmiede-custombike-germany-rocks-gasoline-b4bbe7f5-7762-4a46-9b90-be870a1edd19
6900,51000,116.0,KTM 990 Supermoto,01/2013,Gasoline,,Used,,/offers/ktm-990-supermoto-gasoline-black-b97c377c-d088-4216-ad3d-be5dedee210d
14996,2200,111.0,Ducati SuperSport,03/2021,Gasoline,,Used,"S ""ÃquipÃ©e""",/offers/ducati-supersport-s-equipee-gasoline-red-4bb6b674-eec9-42d3-8e2d-7d14933750b0
8490,22219,,Yamaha XSR 900,01/2017,,,Used,,/offers/yamaha-xsr-900-grey-d73669aa-15a2-4129-8c4b-7b30fb439d0d
7300,18000,95.0,Ducati Hypermotard 1100,07/2009,Gasoline,,Used,,/offers/ducati-hypermotard-1100-gasoline-red-d91553c4-1ea2-314f-e053-0100007f03a7
1590,1105,,Peugeot Tweet,05/2016,Gasoline,,Used,125,/offers/peugeot-tweet-125-gasoline-black-ca261fb0-e015-4389-b148-f17b9aabf406
16799,3900,200.0,Kawasaki Ninja H2,05/2018,Gasoline,Manual,Used,,/offers/kawasaki-ninja-h2-gasoline-green-2a36cdbb-0256-574f-e053-0100007fefa0
7450,8127,48.0,Honda NC 750,01/2019,,,Used,S ABS 35kw,/offers/honda-nc-750-s-abs-35kw-red-2d1002e4-900e-4701-820f-2db44d4bff94
6999,3843,20.0,Kymco MXU 700,05/2017,Gasoline,,Used,,/offers/kymco-mxu-700-gasoline-grey-71890ac1-3bd1-6d3b-e053-0100007f588f
6599,0,,Yamaha MT-03,01/2021,,,New,ABS,/offers/yamaha-mt-03-abs-black-a06b01b4-0ded-45f5-a6dc-b305619aeddf
9250,58400,125.0,BMW R 1200 GS,03/2013,Gasoline,Manual,Used,"LC, Scheckheft, TOP Zustand",/offers/bmw-r-1200-gs-lc-scheckheft-top-zustand-gasoline-grey-e807efc6-90df-b832-e053-0100007fc63e
17500,19216,,BMW R 1200 GS,01/2018,Gasoline,,Used,,/offers/bmw-r-1200-gs-gasoline-black-63dab83a-7bcb-4dc6-979c-c73c9f37c61b
13400,25000,73.0,Harley-Davidson Softail,08/2009,Gasoline,Manual,Used,,/offers/harley-davidson-softail-gasoline-black-ab3a16bf-23fc-a062-e053-0100007f7458
12990,32200,,Honda CRF 1000,01/2016,,Automatic,Used,L AFRICA TWIN DCT,/offers/honda-crf-1000-l-africa-twin-dct-b08af231-7eee-44f1-b65b-0ffce6fc4bfa
11490,22300,67.0,Harley-Davidson,12/2014,Gasoline,Manual,Used,XL 1200 V Sportster Seventy Two 72,/offers/harley-davidson-others-xl-1200-v-sportster-seventy-two-72-gasoline-black-26d8fb19-17a7-4e32-b79f-2ab697645979
10900,1000,53.0,Harley-Davidson Sportster XL 883,07/2017,Gasoline,,Used,SPORTSTER XL2 IRON 883,/offers/harley-davidson-sportster-xl-883-sportster-xl2-iron-883-gasoline-black-26bd6121-9b4f-4aa2-9e10-25f5450ceb1e
2300,5000,4.0,Piaggio Primavera,05/2016,Two Stroke Gasoline,Automatic,Used,,/offers/piaggio-primavera-two-stroke-gasoline-black-8b90dec6-1e56-b511-e053-0100007f1f8c
2150,59000,34.0,Suzuki Burgman 400,04/2010,Gasoline,,Used,,/offers/suzuki-burgman-400-gasoline-black-6e6ea0c6-3ddb-0564-e053-0100007f60d8
16800,3166,,Honda CBR 1000,04/2017,Gasoline,,Used,RR SP ABS,/offers/honda-cbr-1000-rr-sp-abs-gasoline-04e01cfd-95f7-428b-8618-0a128eba2fe6
13500,29840,205.0,Ducati 1299 Panigale,01/2015,Gasoline,,Used,,/offers/ducati-1299-panigale-gasoline-red-203a9e75-4b3a-4d5b-a889-90bb7cd7a38a
6500,15100,102.0,Honda VFR 800,03/2012,Gasoline,Manual,Used,X Crossrunner,/offers/honda-vfr-800-x-crossrunner-gasoline-red-48d29901-a049-4d68-8cc8-d627f3230140
2200,2100,12.0,Kymco Agility 125,06/2020,Gasoline,,Used,,/offers/kymco-agility-125-gasoline-white-cbadf3e2-ba14-40ee-93ce-2682ed1d8cfc
16500,3690,107.0,Big Dog Pitbull,03/2017,Gasoline,,Used,,/offers/big-dog-pitbull-gasoline-black-21d6eab9-0266-2574-e053-0100007f0a68
13800,8100,,BMW R nineT,06/2019,Gasoline,,Used,,/offers/bmw-r-ninet-gasoline-black-f2cfcabb-72ad-46ed-800e-e7f2b1a2b796
11885,288,116.0,Yamaha Niken,10/2020,Gasoline,Manual,Demonstration,GT EURO4 202 Tempomat Seitenkoffer,/offers/yamaha-niken-gt-euro4-202-tempomat-seitenkoffer-gasoline-grey-e50b38c7-bf2c-4908-aced-8c412cd202a5
10798,0,,Honda CBR 650,01/2021,,,New,RAM,/offers/honda-cbr-650-ram-black-ed687ac0-32b0-4731-b4ab-40daab99034b
18500,1135,141.0,Triumph Tiger 1200,03/2021,Gasoline,,Used,Alpine Edition,/offers/triumph-tiger-1200-alpine-edition-gasoline-white-241e7824-5e7a-4967-981f-627d4e0c929f
15900,5530,156.0,Benelli Tornado,04/2003,Gasoline,Manual,Used,"sehr selten. Sondermodell NP. 29.700,- E",/offers/benelli-tornado-sehr-selten-sondermodell-np-29-700-e-gasoline-green-47d2de6d-9f29-ea6a-e053-e250040a6669
8000,71635,73.0,Harley-Davidson Deluxe,05/2009,Gasoline,Manual,Used,,/offers/harley-davidson-deluxe-gasoline-black-496e0fc6-8471-0e05-e053-0100007f799c
7000,33549,188.0,Kawasaki Ninja ZX-10R,04/2008,Gasoline,Manual,Used,,/offers/kawasaki-ninja-zx-10r-gasoline-black-b21dffc5-b3d1-9658-e053-0100007f11ef
27290,0,,Ducati Streetfighter,01/2021,,,New,V4 S,/offers/ducati-streetfighter-v4-s-black-3fcd5a67-4abe-4b9b-b575-67162ea7f97f
9950,74300,110.0,BMW R 1200,07/2012,Gasoline,Manual,Used,,/offers/bmw-r-1200-gasoline-grey-77b0abbe-bce4-f434-e053-0100007fe042
2990,3703,5.0,Niu N1S,06/2019,Electric,Automatic,Used,NGT 70KM/H mit Topcase und weiterem Zub.,/offers/niu-n1s-ngt-70km-h-mit-topcase-und-weiterem-zub-electric-black-2982ede8-0156-4cf7-b4dc-3d11569f60c7
3990,195,18.0,Honda SH 150,04/2021,Gasoline,Automatic,Used,ABS Topcase,/offers/honda-sh-150-abs-topcase-gasoline-black-a7990701-afa4-495b-a6b3-3a8cb7df1454
12000,58500,125.0,BMW R 1200 RT,04/2014,Gasoline,Manual,Used,2014,/offers/bmw-r-1200-rt-2014-gasoline-grey-7c6047a0-5535-de2b-e053-e250040a57ee
10500,23000,125.0,BMW R 1200 R,06/2018,Gasoline,,Used,,/offers/bmw-r-1200-r-gasoline-brown-5ce9ad83-cfe8-4dbc-a619-bf4d3847ab64
18989,22664,84.0,Harley-Davidson Road King,04/2011,Gasoline,Manual,Used,CLASSIC - 1. Hand!,/offers/harley-davidson-road-king-classic-1-hand-gasoline-black-cd4677f3-7cc3-4845-beaa-096f8988ae7e
19000,30000,1.0,Harley-Davidson Heritage,07/1993,Gasoline,,Used,nostalgia cow glide-moo glide 1340,/offers/harley-davidson-heritage-nostalgia-cow-glide-moo-glide-1340-gasoline-white-a8a82b06-983a-402c-8977-42c1cb899bcb
8989,18222,98.0,Yamaha XJR 1300,07/2014,Gasoline,Manual,Used,"GPR Auspuff, Extras",/offers/yamaha-xjr-1300-gpr-auspuff-extras-gasoline-black-ee20ca9b-bf8a-473e-b119-11b595dd682c
7000,35000,101.0,Ducati Hypermotard 1100,07/2008,Gasoline,,Used,evo 1,/offers/ducati-hypermotard-1100-evo-1-gasoline-red-888928f3-85da-4701-ba8f-46bfdf898de3
14290,4900,,Kawasaki,03/2019,Gasoline,,Used,,/offers/kawasaki-gasoline-green-cb283ea4-7066-4999-bc48-1119b6ea2f94
10490,28000,,Ducati Diavel,08/2013,Gasoline,,Used,STRADA,/offers/ducati-diavel-strada-gasoline-red-07d3cb76-cb2f-4468-bbf7-4ab8b3f9a987
11990,14900,95.0,Honda CRF 1000,03/2019,Gasoline,Automatic,Used,L DCT Adventure Koffer BÃ¼gel - im Auftrag,/offers/honda-crf-1000-l-dct-adventure-koffer-buegel-im-auftrag-gasoline-white-e3e19259-b4f4-494f-8d2b-0f5c37bdb915
12000,50000,163.0,BMW R 1200 RT,01/2015,Gasoline,,Used,molti accessori da vedere BELLISSIMA,/offers/bmw-r-1200-rt-molti-accessori-da-vedere-bellissima-gasoline-bronze-38cf59b9-ac55-2c38-e053-0100007fda71
12500,60529,,BMW R 1200 GS,06/2015,Gasoline,,Used,,/offers/bmw-r-1200-gs-gasoline-white-593e81cc-7256-4fd2-8f31-854d74eeadaf
16499,0,,Kawasaki Versys 1000,01/2021,,Manual,New,S,/offers/kawasaki-versys-1000-s-green-aea1ce02-b91f-4917-bcc9-b3463d2f32b4
8500,23000,120.0,Honda CBR 600,02/2011,Gasoline,,Used,,/offers/honda-cbr-600-gasoline-black-33c9e7be-2ddf-2b3e-e053-0100007fd294
12500,17800,,Harley-Davidson,06/2003,Gasoline,Manual,Used,1450 Dyna Super Glide Centenario,/offers/harley-davidson-others-1450-dyna-super-glide-centenario-gasoline-black-f2e5e998-3c2e-47bb-830b-246f875fb898
1700,3743,3.0,Piaggio TPH 50,12/2019,Two Stroke Gasoline,Automatic,Used,,/offers/piaggio-tph-50-two-stroke-gasoline-black-d307d8c1-b7fb-6c6c-e053-0100007fdde6
6999,13400,53.0,Suzuki Intruder M,07/2010,Gasoline,Manual,Used,800 wenig Kilometer im sehr gepflegten Zustand,/offers/suzuki-intruder-m-800-wenig-kilometer-im-sehr-gepflegten-zustand-gasoline-black-888f152e-2b29-48ea-a0af-3fedc05acde8
9000,2211,125.0,BMW R 1200 R,08/2017,Gasoline,Manual,Used,LC,/offers/bmw-r-1200-r-lc-gasoline-black-9f735fc6-7c09-266a-e053-0100007f3ee0
11640,17771,145.0,Honda CB 1000,04/2019,Gasoline,,Used,,/offers/honda-cb-1000-gasoline-silver-0ca38abe-b419-b63d-e053-0100007f7333
10850,46000,113.0,Ducati Multistrada 950,01/2017,Gasoline,,Used,,/offers/ducati-multistrada-950-gasoline-white-ae6a806d-f87f-4d76-97ab-5e5011f3050f
20000,2100,122.0,Harley-Davidson V-Rod,01/2017,Gasoline,,Used,,/offers/harley-davidson-v-rod-gasoline-black-f7af7bc4-8ef0-5723-e053-0100007f30b0
8999,1,42.0,KTM 150 XC,12/2020,,Manual,New,150 EXC TPI,/offers/ktm-150-xc-150-exc-tpi-orange-288b55f2-861a-4dd1-9797-a6e1d85ab4a9
10750,34750,154.0,Ducati Diavel,01/2012,Gasoline,,Used,CARBON,/offers/ducati-diavel-carbon-gasoline-ab19687d-30a2-45ca-b6ed-a0291734f97d
8300,38246,76.0,Harley-Davidson Dyna Street Bob,10/2006,Gasoline,,Used,,/offers/harley-davidson-dyna-street-bob-gasoline-black-3c962cb6-8834-6974-e053-0100007f3dc5
6500,400,15.0,Suzuki LT-Z 400,01/2009,Gasoline,,Used,,/offers/suzuki-lt-z-400-gasoline-red-cc7c29c6-698f-2156-e053-0100007fafef
8000,14200,95.0,Triumph Tiger 800,04/2015,Gasoline,,Used,,/offers/triumph-tiger-800-gasoline-black-d115c4c3-5c02-a435-e053-0100007f2cbe
3000,10,1.0,Honda CRF 450,09/2014,Gasoline,,Used,,/offers/honda-crf-450-gasoline-red-dc9720c6-8856-c278-e053-0100007f6d04
2100,2157,4.0,Aprilia SR 50,07/2017,Gasoline,,Used,gedrosselt auf 25 Km/h,/offers/aprilia-sr-50-gedrosselt-auf-25-km-h-gasoline-white-238c0fbe-88e8-d405-e053-0100007f3ee7
8990,11300,116.0,KTM,07/2012,Gasoline,Manual,Used,990 SMT Supermoto T *Akrapovic*ABS*,/offers/ktm-others-990-smt-supermoto-t-akrapovic-abs-gasoline-black-94baaf33-41ad-4eac-ae83-2e3b6ed00418
10500,67146,125.0,BMW R 1200 RS,09/2016,Gasoline,Manual,Used,SPORT,/offers/bmw-r-1200-rs-sport-gasoline-grey-f7e60b8d-a4df-40c0-b8b4-e014dbfb532f
7999,16000,60.0,Yamaha Raptor 700,03/2011,Gasoline,Manual,Used,,/offers/yamaha-raptor-700-gasoline-black-5b00dc61-c5e0-45d9-abd2-ca42335d4ed7
16900,47361,125.0,BMW R 1200 RT,04/2018,Gasoline,Manual,Used,,/offers/bmw-r-1200-rt-gasoline-black-515895c1-3727-e42a-e053-0100007f3273
8690,25,,Sherco,10/2020,Gasoline,,Used,,/offers/sherco-gasoline-blue-0a7f7dfa-f087-4853-867b-5df314517248
8800,21000,110.0,BMW R 1200 R,09/2011,Gasoline,Manual,Used,"ABS, ESA, DCT (sport)",/offers/bmw-r-1200-r-abs-esa-dct-sport-gasoline-white-8b4c82e1-e900-44fd-bb99-e4dc6877ba07
7000,21500,184.0,Suzuki B King,05/2010,Gasoline,Manual,Used,,/offers/suzuki-b-king-gasoline-black-1d4f62c3-9c0a-eb56-e053-0100007f7bca
9000,2420,34.0,BMW R 80 RT,04/1985,Gasoline,Manual,Used,,/offers/bmw-r-80-rt-gasoline-beige-2705f8c4-e432-a95c-e053-0100007fbe6e
1300,700,4.0,Kymco Agility 50,07/2019,Others,Automatic,Used,RS Naked 2T,/offers/kymco-agility-50-rs-naked-2t-others-grey-f3b35ae0-8624-467f-a1e3-14da53d256e9
11489,19015,173.0,KTM 1290 Super Duke GT,05/2017,Gasoline,Manual,Used,Akrapovic-Auspuff!,/offers/ktm-1290-super-duke-gt-akrapovic-auspuff-gasoline-e3a43649-2237-44e8-bc7d-24db44fdaed9
19990,2167,136.0,BMW R 1250 RT,03/2020,Gasoline,Manual,Used,"Vollausstattung, ZubehÃ¶rgutschein*",/offers/bmw-r-1250-rt-vollausstattung-zubehoergutschein-gasoline-white-1b48ad04-518e-4cf9-83c4-f467f5286325
3490,7000,10.0,Yamaha XV 125,04/1997,Gasoline,Manual,Used,"Virago""nur 7.000 Km gelaufen""guter Zustand",/offers/yamaha-xv-125-virago-nur-7-000-km-gelaufen-guter-zustand-gasoline-black-e8891a19-afff-49c5-a12f-b842c4148106
10000,244,109.0,Ducati Monster 821,05/2019,Gasoline,Manual,Used,Ducati Monster 821,/offers/ducati-monster-821-ducati-monster-821-gasoline-1274ecd4-0d48-4ebb-b820-6affd2d1d81f
10500,31558,63.0,Harley-Davidson Heritage Softail,10/2002,Gasoline,,Used,,/offers/harley-davidson-heritage-softail-gasoline-black-cad8b2c2-340f-5f14-e053-0100007f7986
4499,4990,35.0,Kymco Xciting 400i,08/2014,Gasoline,Automatic,Used,ABS,/offers/kymco-xciting-400i-abs-gasoline-black-8125a625-0cb4-46c2-9477-71fe8f70445d
555,4215,5.0,REX 50,04/2017,Gasoline,Automatic,Used,Monza,/offers/rex-50-monza-gasoline-brown-40deb1c6-161d-8f71-e053-0100007f95bf
6800,21000,69.0,Kawasaki Versys 650,04/2019,Gasoline,,Used,,/offers/kawasaki-versys-650-gasoline-white-0adce7c2-8fe9-e129-e053-0100007f0f21
6000,23500,73.0,Harley-Davidson Sportster 1200,04/1999,Gasoline,,Used,,/offers/harley-davidson-sportster-1200-gasoline-orange-8c2b09b8-5270-4748-a108-a5bcfd79a858
6000,62000,98.0,BMW R 1200 GS,02/2005,Gasoline,,Used,,/offers/bmw-r-1200-gs-gasoline-yellow-091f80b9-dbb0-fe40-e053-0100007fc6d0
10300,25218,182.0,Yamaha YZF-R1,04/2013,Gasoline,,Used,,/offers/yamaha-yzf-r1-gasoline-white-409ae0c4-6a62-0c0c-e053-0100007ff78e
6000,37528,163.0,BMW K 1200 RS,05/2005,Gasoline,Manual,Used,ervice neu Gabel neu,/offers/bmw-k-1200-rs-ervice-neu-gabel-neu-gasoline-yellow-205f8550-22f1-4c78-b0c5-6b1aee5dbb3f
8990,27766,,KTM 1050 Adventure,06/2016,Gasoline,,Used,,/offers/ktm-1050-adventure-gasoline-black-fc245ae4-0fae-4e89-a581-99522c854cd1
12690,44771,177.0,KTM,01/2017,,,Used,1290 SUPERDUKE R ABS,/offers/ktm-others-1290-superduke-r-abs-white-59333a03-f201-4bea-aafd-893bfc840572
6000,12000,5.0,Lambretta LN 125,01/1952,Two Stroke Gasoline,,Used,,/offers/lambretta-ln-125-two-stroke-gasoline-beige-206e21c6-3e55-b149-e053-0100007f97f6
10990,15800,101.0,Suzuki V-Strom 1000,05/2018,Gasoline,Manual,Used,,/offers/suzuki-v-strom-1000-gasoline-black-2c9ed8a8-660d-43ca-9607-69d50abc7972
11290,3089,,Suzuki GSX-S 1000,06/2019,Gasoline,,Used,ABS,/offers/suzuki-gsx-s-1000-abs-gasoline-silver-f86daa7e-4013-49af-99e6-5b3874745116
3550,28000,45.0,Honda XL 600,02/1986,Gasoline,,Used,,/offers/honda-xl-600-gasoline-white-259136c6-b708-c641-e053-0100007fa9d2
10900,57000,101.0,KTM 1290 Super Adventure,02/2017,Gasoline,Manual,Used,,/offers/ktm-1290-super-adventure-gasoline-white-a7937fc0-1b7d-bc68-e053-0100007fa3c2
7490,23354,15.0,BMW C Evolution,05/2014,Electric,Manual,Used,c- evolution ABS,/offers/bmw-c-evolution-c-evolution-abs-electric-white-e478bb56-185b-4986-a2a4-d1a3e8342a7b
6000,46110,60.0,BMW R 100 GS,07/1992,Gasoline,,Used,,/offers/bmw-r-100-gs-gasoline-violet-f7dee7be-89a8-9e46-e053-0100007fbae2
3000,28300,15.0,KTM 125 Duke,06/2014,Gasoline,,Used,,/offers/ktm-125-duke-gasoline-orange-a1f7715e-436e-4722-b0f5-11eab701b40c
7000,95000,105.0,BMW R 1200 GS,07/2009,Gasoline,Manual,Used,,/offers/bmw-r-1200-gs-gasoline-grey-879ffec5-c6e3-ab2a-e053-0100007f7ad8
12400,0,,Husqvarna,01/2021,,,New,701 ENDURO,/offers/husqvarna-others-701-enduro-white-861a7bf9-6611-4dbc-85e6-668596ed26aa
11200,16000,95.0,KTM 790 Adventure,05/2019,Gasoline,Manual,Used,R,/offers/ktm-790-adventure-r-gasoline-orange-0a5070b0-f38a-423f-8c6d-d8eff954f6c7
9000,49480,60.0,BMW R 100/7,05/1978,Gasoline,,Used,,/offers/bmw-r-100-7-gasoline-silver-d392e4c4-adb3-ba07-e053-0100007f8753
12390,2500,77.0,BMW F 750 GS,03/2021,Gasoline,Manual,Demonstration,LED SCHEINWERFER,/offers/bmw-f-750-gs-led-scheinwerfer-gasoline-black-b2a51a79-b84d-44bc-a3a3-b1e03060b6d2
12990,7694,49.0,Harley-Davidson Softail,09/2011,Gasoline,Manual,Used,GMG TRANSFO,/offers/harley-davidson-softail-gmg-transfo-gasoline-black-30397380-da65-474a-8320-b77b0c89bd72
8000,36000,86.0,BMW F 800 GS,01/2014,Gasoline,,Used,,/offers/bmw-f-800-gs-gasoline-green-b64e0fbd-3eb3-f02f-e053-0100007fd213
9900,53592,110.0,BMW R 1200 GS,03/2012,Gasoline,Manual,Used,,/offers/bmw-r-1200-gs-gasoline-silver-b05ccdc0-3cf6-697f-e053-0100007fb53b
1100,8911,3.0,SYM Crox 50,05/2018,Gasoline,,Used,,/offers/sym-crox-50-gasoline-red-e816c3fd-2117-4f71-aea3-dde68b83e6b8
9990,4482,116.0,Yamaha Niken,10/2018,Gasoline,Manual,Used,850 2018,/offers/yamaha-niken-850-2018-gasoline-grey-5f62d2b6-c919-492c-83a9-68d25c03c632
10100,2600,65.0,Moto Guzzi V 9,04/2021,Gasoline,,Used,Centenario,/offers/moto-guzzi-v-9-centenario-gasoline-green-6e9b7983-0624-4027-89f1-a2e8f09c254c
1900,27600,12.0,Yamaha Xenter 125,03/2012,Gasoline,Automatic,Used,,/offers/yamaha-xenter-125-gasoline-blue-05cdf2c3-d4c0-0e56-e053-0100007f152f
10500,550,29.0,Bultaco Metralla Mk2,09/1966,Gasoline,,Used,,/offers/bultaco-metralla-mk2-gasoline-black-aca398bb-1ebc-8440-e053-0100007f0178
14790,26879,125.0,BMW R 1200 RT,01/2014,,,Used,,/offers/bmw-r-1200-rt-grey-2045e197-2390-4a0a-9a3f-e101d7568dfe
1600,13980,11.0,Sachs/SFM ZZ 125,10/2014,Gasoline,,Used,Frisch TÃV,/offers/sachs-sfm-zz-125-frisch-tuev-gasoline-white-eddd4fcd-84a5-406b-8d77-631803abf36f
8000,28500,67.0,Harley-Davidson Sportster 1200,07/2012,Gasoline,,Used,,/offers/harley-davidson-sportster-1200-gasoline-black-6068f1bc-ddf2-1d3b-e053-0100007f0bfa
7550,31900,48.0,BMW C Evolution,07/2015,Electric,Manual,Used,C evolution,/offers/bmw-c-evolution-c-evolution-electric-white-33fec4f5-1f01-47df-bde0-0f088533de77
7900,38000,150.0,Kawasaki Z1000 SX,05/2012,Gasoline,,Used,,/offers/kawasaki-z1000-sx-gasoline-green-48a633c2-9f58-8f01-e053-0100007f93e7
16950,0,,BMW F 900 XR,01/2021,,,New,,/offers/bmw-f-900-xr-red-13a90004-8cd9-4dfb-811a-17719f4549e6
1800,16000,30.0,Kymco Venox 250,05/2009,Gasoline,,Used,venox 250i,/offers/kymco-venox-250-venox-250i-gasoline-black-34fdb496-dd4f-43b4-ae28-bc20f7815d91
11999,1170,60.0,Zero Zero S,06/2020,Electric,Automatic,Used,Elektromotorrad,/offers/zero-zero-s-elektromotorrad-electric-blue-91301ec2-bbbb-a658-e053-0100007f6d9d
11500,33522,116.0,Yamaha Tracer 900,07/2017,Gasoline,,Used,,/offers/yamaha-tracer-900-gasoline-black-7e2bf7bc-4428-7f67-e053-0100007f44c8
1100,30000,408.0,SYM Citycom 300,06/2011,Gasoline,,Used,,/offers/sym-citycom-300-gasoline-white-7cdcfac3-c6a2-49f3-a42c-c20f8b5185f2
800,35000,20.0,Kymco Xciting 250i,01/2009,Gasoline,,Used,,/offers/kymco-xciting-250i-gasoline-grey-bc5ed7b8-577d-6b76-e053-0100007f8a7d
1750,3900,68.0,Piaggio,09/2010,Gasoline,,Used,,/offers/piaggio-others-gasoline-white-3380f6c0-e83e-c018-e053-0100007fa5d2
11999,0,152.0,Suzuki GSX-S 1000,07/2021,Gasoline,Manual,Demonstration,in Menden bei Jonas,/offers/suzuki-gsx-s-1000-in-menden-bei-jonas-gasoline-grey-7b7d972c-68aa-4c47-9b5e-11bdf42d00c0
17990,990,110.0,BMW R nineT,07/2019,,Manual,Used,R NineT | Wunderlich Umbau,/offers/bmw-r-ninet-r-ninet-wunderlich-umbau-black-0d5bd4b8-4e22-48d3-859f-23ca48ff20f7
12495,11759,,Harley-Davidson Sportster XR 1200,01/2011,Gasoline,,Used,XR1200X,/offers/harley-davidson-sportster-xr-1200-xr1200x-gasoline-black-1eb17b9d-f896-4fca-9602-c674aacabaef
2690,1,5.0,Niu,01/2021,Electric,,Used,,/offers/niu-others-electric-blue-848b24c2-aa50-b94a-e053-0100007f1bdb
8700,89160,120.0,BMW R 1200 GS Adventure,04/2010,Gasoline,,Used,ADVENTURE BIALBERO,/offers/bmw-r-1200-gs-adventure-adventure-bialbero-gasoline-green-50679bad-345b-4fa5-acb0-9592ac06f175
940,3113,3.0,Znen,07/2020,Gasoline,Automatic,Used,Loco S,/offers/znen-other-loco-s-gasoline-black-ada2d020-6db9-41ed-88c2-eeec908abc0f
13890,18808,125.0,BMW R 1200 RT,03/2014,Gasoline,Manual,Used,,/offers/bmw-r-1200-rt-gasoline-brown-8ebb3632-7486-47ea-bd60-7a235412257a
15600,14741,200.0,Yamaha Vmax,01/2015,Gasoline,,Used,,/offers/yamaha-vmax-gasoline-grey-0e6f48c2-c14a-8657-e053-0100007f0305
6000,45000,15.0,BMW R 26,08/1956,Gasoline,,Used,,/offers/bmw-r-26-gasoline-black-7e8b01c6-f9c8-4540-e053-0100007f193c
100,40000,15.0,Honda SH 150,11/2011,Gasoline,,Used,,/offers/honda-sh-150-gasoline-grey-b2e8afc5-3c06-5824-e053-0100007ff3bf
20000,1150,102.0,Can Am Maverick,03/2021,Gasoline,,Used,,/offers/can-am-maverick-gasoline-red-cb3d2dc7-0634-440a-e053-0100007fb186
6500,22000,135.0,Triumph Speed Triple 1050,03/2012,Gasoline,Manual,Used,,/offers/triumph-speed-triple-1050-gasoline-white-a5f7c0ba-cf1a-0129-e053-0100007f8464
12500,16000,135.0,Triumph Tiger Explorer,05/2016,Gasoline,,Used,,/offers/triumph-tiger-explorer-gasoline-white-f9caeabb-0ee7-822a-e053-0100007f8d8b
2490,30000,39.0,Malaguti Spidermax 500,03/2012,Gasoline,Automatic,Used,,/offers/malaguti-spidermax-500-gasoline-grey-819467c3-71ed-f258-e053-0100007f9629
2600,45000,30.0,Kymco Downtown 350i,11/2015,Gasoline,,Used,,/offers/kymco-downtown-350i-gasoline-grey-cc3d23c3-7ebe-d468-e053-0100007fd20e
11790,10758,45.0,Yamaha TMAX SX,01/2019,,,Used,ABS,/offers/yamaha-tmax-sx-abs-black-4b551fad-6b98-4b2d-b8ca-79979d9e4c26
12990,1500,105.0,BMW F 900 XR,02/2021,Gasoline,Manual,Demonstration,Vollausstattung*,/offers/bmw-f-900-xr-vollausstattung-gasoline-white-f6a1a0e0-06bc-4ae6-92d3-775405896610
10500,4700,46.0,Yamaha TMAX 530,05/2019,Gasoline,,Used,sport edition,/offers/yamaha-tmax-530-sport-edition-gasoline-silver-63d33500-3711-4ad3-8a29-db1d76d3a30e
20000,29000,122.0,Harley-Davidson V-Rod,01/2012,Gasoline,,Used,,/offers/harley-davidson-v-rod-gasoline-black-5f43f9c1-0556-265d-e053-0100007f3a6f
17990,50485,69.0,BMW R 100 RS,02/1978,Gasoline,Manual,Used,Sondermodell Motorsport Sammlerzustand,/offers/bmw-r-100-rs-sondermodell-motorsport-sammlerzustand-gasoline-white-c15b70a3-eaea-4c12-a180-25568cff8d96
12500,53000,158.0,Harley-Davidson Dyna Street Bob,04/2013,Gasoline,,Used,,/offers/harley-davidson-dyna-street-bob-gasoline-red-f7c32bbf-a840-e976-e053-0100007fe8d3
6400,10500,61.0,Triumph Speedmaster,09/2010,Gasoline,Manual,Used,,/offers/triumph-speedmaster-gasoline-black-4e2a50fc-c1ec-4140-9e20-253f4ad31904
23000,24554,,Yamaha,01/2009,Gasoline,,Used,,/offers/yamaha-gasoline-c4372b74-0572-4744-a28f-5529bbd8ddaf
10000,57000,105.0,BMW R 1200 GS Adventure,07/2007,Gasoline,,Used,,/offers/bmw-r-1200-gs-adventure-gasoline-white-f94d46bd-9b72-a90a-e053-0100007f0c9a
6000,116000,129.0,Honda GL 500,02/1992,Gasoline,,Used,,/offers/honda-gl-500-gasoline-blue-5aad79c3-7af4-9e2a-e053-0100007f104b
8990,15127,,Honda X-ADV,05/2019,Gasoline,,Used,,/offers/honda-x-adv-gasoline-red-917b0794-3646-4c18-b9e8-36afe6ea3072
1700,71417,147.0,Yamaha YZF-R1,05/2020,Gasoline,Manual,Used,,/offers/yamaha-yzf-r1-gasoline-red-a0d3cac6-1f68-6d42-e053-0100007f288f
100,1000,15.0,Longjia Versus 50,06/2011,Gasoline,,Used,,/offers/longjia-versus-50-gasoline-black-8cca365b-e1bc-463a-a077-68b608949c26
12500,23430,86.0,BMW F 800 GS,02/2011,Gasoline,Manual,Used,,/offers/bmw-f-800-gs-gasoline-white-0958a1bb-6f34-0f43-e053-0100007f6c88
8650,3269,52.0,Yamaha XV 950,01/2016,Gasoline,,Used,RACER 60TH ANNIVERSARY,/offers/yamaha-xv-950-racer-60th-anniversary-gasoline-yellow-5b5e089c-cfed-47b0-8a76-fb69cad5e15f
10999,2160,150.0,Suzuki GSX-S 1000,07/2017,Gasoline,,Used,".Tieferlegungskit und Abgepolstert,fÃ¼r kleine Fahr",/offers/suzuki-gsx-s-1000-tieferlegungskit-und-abgepolstert-fuer-kleine-fahr-gasoline-black-c2a909b9-4972-ae4a-e053-0100007fe0f8
7250,11990,95.0,Triumph Tiger 800,09/2012,Gasoline,,Used,,/offers/triumph-tiger-800-gasoline-white-745d56c5-2a87-e850-e053-0100007f30c0
14500,57000,126.0,BMW R 1200 RT,03/2017,Gasoline,,Used,lc,/offers/bmw-r-1200-rt-lc-gasoline-bronze-0b701fb9-ece3-8145-e053-0100007f8f8e
17990,655,165.0,BMW S 1000 XR,03/2017,Gasoline,Manual,Used,1.HAND! AKRAPOVIC!,/offers/bmw-s-1000-xr-1-hand-akrapovic-gasoline-red-f396cffb-faa0-4717-8f13-38af6e8be880
12950,10739,83.0,Ducati 1000 GT,06/2006,Gasoline,Manual,Used,,/offers/ducati-1000-gt-gasoline-red-102d33c1-a542-b944-e053-0100007fd7d1
9290,200,,Yamaha Tracer 700,01/2020,,Manual,Used,,/offers/yamaha-tracer-700-black-e5cdc020-c5a3-4b8a-b543-38f3d86f138b
12000,2000,165.0,BMW S 1000 XR,08/2019,Gasoline,Semi-automatic,Used,HP,/offers/bmw-s-1000-xr-hp-gasoline-blue-9f6777c6-66b5-4061-e053-0100007fab5c
7500,1900,48.0,Kymco MXU 700,04/2020,Gasoline,,Used,,/offers/kymco-mxu-700-gasoline-green-fc6e19c0-78a3-0f0d-e053-0100007f9a16
10699,1,,Kawasaki Z 900,12/2021,Gasoline,,Pre-registered,ABS,/offers/kawasaki-z-900-abs-gasoline-white-b5fa3236-bc75-4a81-ad0a-8ab854c9bf1f
8400,28000,150.0,Suzuki GSX-R 750,07/2008,Gasoline,Manual,Used,,/offers/suzuki-gsx-r-750-gasoline-blue-609836bf-d313-ea0c-e053-0100007fcde9
11900,2600,,Yamaha TMAX 560,02/2021,Gasoline,,Used,,/offers/yamaha-tmax-560-gasoline-silver-596767b8-c28b-46f8-b438-dd977765de22
15000,2300,137.0,Ducati Monster 1200,01/2015,Gasoline,,Used,1200s ABS viele Extras,/offers/ducati-monster-1200-1200s-abs-viele-extras-gasoline-white-e0275d8e-7c77-3451-e053-e250040a0d46
1390,70000,,Piaggio MP3 500,09/2012,Gasoline,,Used,LT,/offers/piaggio-mp3-500-lt-gasoline-black-ac9e3c35-f806-4d48-bdb6-b6c6cb228116
32000,5500,173.0,Bimota DB 8,03/2013,Gasoline,,Used,,/offers/bimota-db-8-gasoline-white-ea48a252-4ee1-4bf5-b2f1-f5a07879bb3e
400,21462,4.0,Pegasus Corona 50,04/2009,Two Stroke Gasoline,,Used,oder Mofa 25,/offers/pegasus-corona-50-oder-mofa-25-two-stroke-gasoline-black-e61054c6-e2d6-8533-e053-0100007fce82
10500,51000,150.0,Harley-Davidson Electra Glide,03/2004,Gasoline,,Used,,/offers/harley-davidson-electra-glide-gasoline-red-80e269d4-00a8-46ae-ac4d-a70e7322a69c
11898,0,,Kawasaki Z 900,01/2021,,Manual,New,PERFORMANCE,/offers/kawasaki-z-900-performance-black-d8dae9d8-5109-44c6-b596-5c393a4f538b
10000,18918,98.0,Triumph Thunderbird Nightstorm,03/2016,Gasoline,Manual,Used,,/offers/triumph-thunderbird-nightstorm-gasoline-black-27367fc4-9e9a-897d-e053-0100007fceff
8499,20000,39.0,Yamaha XVS 650,04/2000,Gasoline,Manual,Used,Fat Military-BOBBER-UMBAU - flach - TOP-Zustand !,/offers/yamaha-xvs-650-fat-military-bobber-umbau-flach-top-zustand-gasoline-black-67da6744-a9ca-8636-e053-e350040acde6
14489,500,145.0,Honda CB 1000,04/2021,Gasoline,Manual,Used,R Black EDITION * jetzt Probefahren *,/offers/honda-cb-1000-r-black-edition-jetzt-probefahren-gasoline-d56b9128-002b-4367-86c7-e672400adf89
11999,18356,110.0,BMW R nineT,03/2019,Gasoline,Manual,Used,,/offers/bmw-r-ninet-gasoline-white-0fc6c4c6-032a-2607-e053-0100007f9f66
10989,27706,143.0,Kawasaki Z 1000,03/2014,Gasoline,Manual,Used,"IXIL-Auspuff, Heckumbau, Extras!",/offers/kawasaki-z-1000-ixil-auspuff-heckumbau-extras-gasoline-black-459e6420-9cdb-4e12-a8c9-3d6f42cfde00
26800,3351,90.0,Harley-Davidson Street Glide,12/2018,Gasoline,Manual,Used,,/offers/harley-davidson-street-glide-gasoline-silver-8ad772c6-51be-5128-e053-0100007f3bf5
9499,5,,KTM,04/2021,Gasoline,,Used,,/offers/ktm-gasoline-orange-23f8a325-5954-4768-bc3a-60a317aff9b4
7199,22866,,Kawasaki Z 800,01/2013,,,Used,,/offers/kawasaki-z-800-black-6d5d2f46-9a93-4ae2-9259-b237cc5fb991
7000,15198,179.0,Aprilia RSV4,01/2013,Gasoline,Manual,Used,,/offers/aprilia-rsv4-gasoline-black-b614b0c2-56c0-3d0a-e053-0100007f5ebf
9249,0,,Kawasaki,01/2021,,,New,VULCAN 650 ABS,/offers/kawasaki-others-vulcan-650-abs-black-df604354-3460-48d6-874a-aaf9481d92ee
11500,17800,194.0,Ducati 1199 Panigale,07/2012,Gasoline,,Used,,/offers/ducati-1199-panigale-gasoline-red-f3833ec5-962e-da46-e053-0100007f228f
10100,3500,201.0,Aprilia RSV4,02/2018,Gasoline,Manual,Used,RF,/offers/aprilia-rsv4-rf-gasoline-black-bfcf2ac7-5754-4705-aca8-ba7f8979cfbe
13750,300,110.0,BMW R nineT,02/2021,Gasoline,Manual,Demonstration,URBAN G/S,/offers/bmw-r-ninet-urban-g-s-gasoline-22221637-6241-4014-8c33-990ab12d7310
8849,0,,Kawasaki Versys 650,01/2021,,,New,,/offers/kawasaki-versys-650-grey-367ab47e-855c-426d-bb7a-f23467f85bd4
1299,50,1.0,Niu,09/2020,Electric,,Used,,/offers/niu-others-electric-white-d33eb7c4-0172-4f70-e053-0100007f8b1e
10990,4911,,Honda CRF 1000,02/2017,Gasoline,,Used,AFRICA TWIN L DCT,/offers/honda-crf-1000-africa-twin-l-dct-gasoline-4893db6e-773a-4dbd-8e6f-78bfaceb4510
15500,30000,75.0,Harley-Davidson Deluxe,07/2009,Gasoline,,Used,,/offers/harley-davidson-deluxe-gasoline-red-924ff5a3-27a3-402f-a19e-d34059449227
13100,19400,192.0,Honda CBR 1000,05/2017,Gasoline,Manual,Used,SC 77,/offers/honda-cbr-1000-sc-77-gasoline-black-0d01ef13-8d55-474d-8e9b-3004c216939e
9950,10200,90.0,Yamaha XV 1900,06/2009,Gasoline,Manual,Used,,/offers/yamaha-xv-1900-gasoline-grey-f2c536c5-1997-c668-e053-0100007fd919
12500,1750,126.0,Indian FTR 1200,07/2019,Gasoline,,Used,,/offers/indian-ftr-1200-gasoline-black-64e31ec7-2ea2-2028-e053-0100007f45fc
6600,18000,90.0,BMW F 800 R,03/2016,Gasoline,Manual,Used,,/offers/bmw-f-800-r-gasoline-blue-e37e6cbd-4ff5-6543-e053-0100007f586a
13795,25,,Moto Guzzi,01/2021,,,New,V85 TT CENTENARIO,/offers/moto-guzzi-others-v85-tt-centenario-grey-3d8a94f4-871b-450d-a745-d98212a371f0
4000,10,27.0,Husqvarna SM 125,07/2021,Two Stroke Gasoline,,Used,,/offers/husqvarna-sm-125-two-stroke-gasoline-violet-ae6ffec6-bac0-ce78-e053-0100007fd100
1900,356,,Mash,01/2020,Gasoline,,Used,,/offers/mash-gasoline-black-dafcf6b5-d716-426b-b66c-e4791d09116b
8000,27000,46.0,Yamaha TMAX 530,04/2015,Gasoline,,Used,Black Edition,/offers/yamaha-tmax-530-black-edition-gasoline-black-10300145-d02c-45b8-9942-8c98881858e1
10000,2900,141.0,Kawasaki Z1000 SX,10/2019,Gasoline,Manual,Used,,/offers/kawasaki-z1000-sx-gasoline-red-ead013c7-48e2-a37b-e053-0100007fd732
3299,1,,Piaggio Primavera,07/2021,Gasoline,,Used,Primavera 50 4T iget 3V Euro 5,/offers/piaggio-primavera-primavera-50-4t-iget-3v-euro-5-gasoline-20b92d32-e0f1-48f1-a2f2-0a65d3188b99
9000,68632,83.0,Laverda 1000,02/1983,Gasoline,Manual,Used,,/offers/laverda-1000-gasoline-red-950f7ebd-3c6f-8c6d-e053-0100007f440f
10900,34514,,Honda ST 1300,06/2016,Gasoline,,Used,PAN EUROPEAN,/offers/honda-st-1300-pan-european-gasoline-red-d2cbab69-eded-4c00-b50b-d0f9402cb2d8
7700,10575,97.0,Kawasaki Z 900,10/2018,Gasoline,,Used,,/offers/kawasaki-z-900-gasoline-black-a2bd74c6-cb85-7b62-e053-0100007ff41f
6980,31975,107.0,Honda CBF 1000,05/2012,Gasoline,Manual,Used,F ABS - viel ZubehÃ¶r,/offers/honda-cbf-1000-f-abs-viel-zubehoer-gasoline-white-7f3ac6c4-a7b6-4d06-9360-cf15703a63a7
10000,2900,61.0,CF Moto ZForce 800,04/2019,Gasoline,Automatic,Used,,/offers/cf-moto-zforce-800-gasoline-black-849b30c5-5d03-bf1f-e053-0100007f3aa4
10233,0,,Beta,01/2021,Gasoline,,New,RR250 2T Racing,/offers/beta-others-rr250-2t-racing-gasoline-blue-3f616b2b-95a9-4c1b-a8d3-6c68649b414f
