price,mileage,power,make_model,date,fuel,gear,offer_type,version,link
11999,11000,139.0,Kawasaki Z 1000,12/2010,Gasoline,Manual,Used,**RF-BIKETECH UMBAU**300/180REIFEN**IXIL**LED**,/offers/kawasaki-z-1000-rf-biketech-umbau-300-180reifen-ixil-led-gasoline-black-c72ce348-5b55-4348-8024-7fc720e79c80
7800,7500,53.0,Suzuki Intruder C,07/2015,Gasoline,,Used,black Edition,/offers/suzuki-intruder-c-black-edition-gasoline-black-6d6c40b9-5ad8-2632-e053-0100007f2a9f
11990,1000,105.0,BMW F 900 R,03/2020,,Manual,Used,,/offers/bmw-f-900-r-black-296d684c-ebec-42fd-9bba-cd2ab8dd7659
10900,47807,160.0,BMW S 1000 XR,04/2016,Gasoline,,Used,0,/offers/bmw-s-1000-xr-0-gasoline-red-ded249aa-d0b4-4a4b-9e4e-bb945aa1816f
15500,41000,77.0,Harley-Davidson Dyna Street Bob,10/2015,Gasoline,,Used,,/offers/harley-davidson-dyna-street-bob-gasoline-black-a4f1352a-15b2-4d47-aa9e-01a5c9a130cd
20000,1100,90.0,Harley-Davidson Electra Glide,11/2019,Gasoline,,Used,Standard,/offers/harley-davidson-electra-glide-standard-gasoline-black-efc133bb-3748-f70b-e053-0100007fdf2e
8000,31000,132.0,Ducati Streetfighter,03/2014,Gasoline,,Used,,/offers/ducati-streetfighter-gasoline-red-c0e1bdc1-19bd-a31b-e053-0100007f5981
2250,35000,136.0,Kymco Myroad 700i,05/2012,Gasoline,,Used,,/offers/kymco-myroad-700i-gasoline-silver-015c57ba-7c3c-2556-e053-0100007f5e78
13999,0,,CF Moto CForce 1000,07/2021,Diesel,,Used,L7,/offers/cf-moto-cforce-1000-l7-diesel-black-125549ac-ac17-4349-a72a-7d6add090c21
19900,21237,107.0,BMW K 1600 GT,03/2019,Gasoline,,Used,,/offers/bmw-k-1600-gt-gasoline-black-26398c7a-654f-44c4-aaca-e91ebffd1826
11900,15500,193.0,BMW S 1000 RR,03/2013,Gasoline,Semi-automatic,Used,,/offers/bmw-s-1000-rr-gasoline-black-b0bf19c3-5e95-ea51-e053-0100007f1041
6000,4350,35.0,Sherco 300 SEF,11/2017,Gasoline,,Used,,/offers/sherco-300-sef-gasoline-white-f94b76ba-df3e-b17c-e053-0100007fd957
7000,1000,1.0,Honda Monkey ZB 50,05/1999,Gasoline,,Used,,/offers/honda-monkey-zb-50-gasoline-silver-dc34f7a2-8cae-e064-e053-e350040a73e9
2500,10200,3.0,HM CRE Baja,09/2019,Two Stroke Gasoline,,Used,,/offers/hm-cre-baja-two-stroke-gasoline-red-573cf3c3-451c-c47e-e053-0100007f541b
9800,2500,95.0,Triumph Tiger 800,07/2018,Gasoline,,Used,xrt,/offers/triumph-tiger-800-xrt-gasoline-black-8063e4f8-f91b-4abc-9bda-0ab8563a9eea
11500,38000,160.0,BMW S 1000 XR,06/2016,Gasoline,Manual,Used,,/offers/bmw-s-1000-xr-gasoline-white-c88698bd-af4c-2202-e053-0100007ffdff
2200,20500,22.0,Piaggio MP3 300,07/2010,Gasoline,,Used,,/offers/piaggio-mp3-300-gasoline-red-c30008c7-2771-9610-e053-0100007f6b15
9000,16500,98.0,Yamaha MT-01,05/2009,Gasoline,,Used,,/offers/yamaha-mt-01-gasoline-blue-73bea7c5-3722-7919-e053-0100007faad3
1499,9036,,Yamaha YBR 125,04/2012,Gasoline,,Used,,/offers/yamaha-ybr-125-gasoline-red-6b43cfaf-8fa0-4925-8e6d-6e0017e619ea
11900,41100,84.0,Harley-Davidson Softail,11/2012,Gasoline,Manual,Used,,/offers/harley-davidson-softail-gasoline-white-a76487c2-2333-b413-e053-0100007fa16c
2900,1,23.0,Mondial SPORT CLASSIC 300i,02/2021,Gasoline,Manual,Used,Sport Classic 300i ABS,/offers/mondial-sport-classic-300i-sport-classic-300i-abs-gasoline-red-1e528498-7bf8-40aa-b529-521cffb58a6b
12400,19800,97.0,Moto Guzzi California 1400,03/2013,Gasoline,Manual,Used,,/offers/moto-guzzi-california-1400-gasoline-black-34c2fcba-b66c-a37c-e053-0100007f0425
8390,12054,60.0,BMW,03/2016,Gasoline,Manual,Used,,/offers/bmw-others-gasoline-orange-b8ea3216-fce3-41df-8212-6362fe625676
8500,11000,117.0,MV Agusta Brutale 800,10/2016,Gasoline,,Used,EAS ABS 2016,/offers/mv-agusta-brutale-800-eas-abs-2016-gasoline-white-7953c0f8-a339-4da3-ade7-9c5e880acf32
9600,16410,46.0,Yamaha TMAX 530,09/2017,Gasoline,,Used,TMAX DX,/offers/yamaha-tmax-530-tmax-dx-gasoline-blue-4d7df0c7-b022-475e-b7f5-3ada31a5a23e
13000,2500,163.0,Yamaha MT-10,09/2020,Gasoline,,Used,,/offers/yamaha-mt-10-gasoline-grey-52cffd58-e823-46f6-afc6-561b8939b76a
16765,2500,136.0,BMW R 1250 RS,07/2021,Gasoline,,Used,EU 5 - Vollausst. - wie neu,/offers/bmw-r-1250-rs-eu-5-vollausst-wie-neu-gasoline-black-9a8ac8a8-c975-480e-a169-ab6cdea13a61
6650,550,,Kawasaki Z 650,02/2021,Gasoline,,Used,,/offers/kawasaki-z-650-gasoline-white-c08f9094-bac7-464d-a0dc-9b8483fdac54
15995,4027,165.0,BMW S 1000 XR,02/2018,Gasoline,,Used,BMW S 1000 XR | 2018 | 4.027 Km | nieuwstaat | vol,/offers/bmw-s-1000-xr-bmw-s-1000-xr-2018-4-027-km-nieuwstaat-vol-gasoline-blue-36bf3537-b1aa-4ae0-9bb2-1eded03334eb
1890,5565,11.0,Kymco Like 125,08/2009,Gasoline,Automatic,Used,Frische Wartung,/offers/kymco-like-125-frische-wartung-gasoline-beige-48d1c090-bf7f-4da3-8b40-35086ec4c177
6999,755,41.0,Piaggio MP3 500,12/2016,Gasoline,,Used,,/offers/piaggio-mp3-500-gasoline-black-b6282bc4-512d-6d7a-e053-0100007f23cf
11990,9000,106.0,Suzuki Hayabusa,01/2015,Gasoline,Manual,Used,,/offers/suzuki-hayabusa-gasoline-blue-a24054f4-9cc1-45a0-b563-50e353549a67
13500,27000,125.0,Suzuki VZR 1800,06/2006,Gasoline,,Used,M 1800 R,/offers/suzuki-vzr-1800-m-1800-r-gasoline-green-46b103bb-0b9b-d53e-e053-0100007f2e9d
35750,1,90.0,Harley-Davidson Street Glide,01/2021,Gasoline,Manual,New,FLHXS SPECIAL / STREETGLIDE,/offers/harley-davidson-street-glide-flhxs-special-streetglide-gasoline-black-3c5465d8-dfcc-4c39-bab1-5bc1354f34b5
20000,150,160.0,Triumph Rocket III Classic,05/2006,Gasoline,,Used,,/offers/triumph-rocket-iii-classic-gasoline-grey-e438e4c0-607e-6c24-e053-0100007fc7a0
10250,26171,,Honda VFR 800,01/2016,,,Used,X Crossrunner ABS,/offers/honda-vfr-800-x-crossrunner-abs-red-53ffa5c1-477a-4988-9418-af3b2ce96826
9290,11700,86.0,BMW F 800 GS,03/2014,Gasoline,Manual,Used,TOP | ESA | Koffer | SturzbÃ¼gel,/offers/bmw-f-800-gs-top-esa-koffer-sturzbuegel-gasoline-white-cf677c30-990d-4db5-9897-5b73565215c3
1399,34720,16.0,Honda SH 150,03/2009,Gasoline,Automatic,Used,,/offers/honda-sh-150-gasoline-white-5fc007c7-5398-cd7a-e053-0100007f39d8
7950,9532,90.0,BMW F 800 R,05/2019,Gasoline,Manual,Used,TÃ) mit Tieferlegung!,/offers/bmw-f-800-r-tue-mit-tieferlegung-gasoline-black-ada0b48e-2d11-4d7f-addf-fa5766a11562
12500,35497,67.0,Harley-Davidson Road King,01/2000,Gasoline,Manual,Used,CLASSIC,/offers/harley-davidson-road-king-classic-gasoline-black-bb1d513e-f632-4557-a3e4-a9138e58f91d
29499,14000,121.0,Harley-Davidson Road King,10/2018,Gasoline,Manual,Used,,/offers/harley-davidson-road-king-gasoline-grey-cb271dc2-6f72-2570-e053-0100007f7365
2699,10776,15.0,Kymco,04/2014,Gasoline,Automatic,Used,Downtown 125 Touring,/offers/kymco-others-downtown-125-touring-gasoline-black-36ac73fc-cb9c-46fc-b730-fde09a142db9
7989,6445,105.0,KTM 790 Duke,04/2018,Gasoline,Manual,Used,kurzer Kennzeichenhalter,/offers/ktm-790-duke-kurzer-kennzeichenhalter-gasoline-9413db2a-f8eb-45d3-a192-fbfd5be4f8b9
6500,15000,34.0,Suzuki Burgman 400,05/2019,Gasoline,,Used,,/offers/suzuki-burgman-400-gasoline-black-50cbebba-b679-1c5e-e053-0100007f1ae6
17700,14400,75.0,Harley-Davidson Heritage Softail,05/2013,Gasoline,,Used,Sondermodel FLSTC 103 ANV,/offers/harley-davidson-heritage-softail-sondermodel-flstc-103-anv-gasoline-bronze-8a76082d-d7a1-4fa6-9cb2-2bd6b10d4a93
29990,7990,122.0,Harley-Davidson V-Rod,09/2012,Gasoline,Manual,Used,V-ROD VRSCDX Night Rod NLC Umbau Luftfw 280,/offers/harley-davidson-v-rod-v-rod-vrscdx-night-rod-nlc-umbau-luftfw-280-gasoline-grey-54d3a176-0347-4ba0-bb95-b74d2afd8518
6000,48000,178.0,Honda CBR 1000,06/2009,Gasoline,,Used,hrc,/offers/honda-cbr-1000-hrc-gasoline-blue-f461d6f0-a9c5-42f0-ab97-23298b22f7cc
10999,48000,,Ducati Diavel,01/2011,Gasoline,,Used,CARBON,/offers/ducati-diavel-carbon-gasoline-d1262758-b028-4b6d-9e9a-8b34bdc28217
12500,20800,197.0,Suzuki Hayabusa,08/2013,Gasoline,Manual,Used,,/offers/suzuki-hayabusa-gasoline-black-aeb9e8c4-4f4f-a213-e053-0100007fff39
7698,0,,Honda,01/2021,,,New,NSS 350 FORZA,/offers/honda-others-nss-350-forza-black-0f9765d6-17dc-4357-8d38-e931cbc5639b
1200,30000,24.0,Kymco Xciting 300i,04/2010,Gasoline,,Used,R,/offers/kymco-xciting-300i-r-gasoline-blue-e61c4c4e-1cc8-4886-a6c5-3a084a3ea6ae
12999,25000,73.0,Harley-Davidson Fat Boy,06/2008,Gasoline,,Used,,/offers/harley-davidson-fat-boy-gasoline-black-a1dd32c4-8161-0656-e053-0100007f6754
15000,31000,67.0,Harley-Davidson Electra Glide,01/2004,Gasoline,,Used,,/offers/harley-davidson-electra-glide-gasoline-bronze-a4a7b7ad-48b3-4612-97b2-6feb74c4c89a
8990,890,34.0,BMW C 400 GT,05/2021,Gasoline,,Demonstration,inkl. GepÃ¤ckbrÃ¼cke und Topcase,/offers/bmw-c-400-gt-inkl-gepaeckbruecke-und-topcase-gasoline-b518bac6-ff54-4cc5-8269-56975d61b5e2
7700,14700,125.0,Kawasaki ZL 900,04/2017,Gasoline,Manual,Used,,/offers/kawasaki-zl-900-gasoline-black-750eabc4-a97f-096d-e053-0100007f2e88
1800,35904,,Peugeot,06/2014,Gasoline,,Used,,/offers/peugeot-gasoline-black-7ad6a3c9-44e9-4487-ad05-7ae1a0c7fd7d
8000,41410,179.0,Yamaha YZF-R1,04/2008,Gasoline,,Used,,/offers/yamaha-yzf-r1-gasoline-green-c8cfafa7-f939-4eff-956c-e60526ce0aa4
13999,5000,67.0,Harley-Davidson Sportster Forty Eight,12/2020,Gasoline,Manual,Used,,/offers/harley-davidson-sportster-forty-eight-gasoline-grey-14942dc7-3328-c62b-e053-0100007fd004
1400,1700,34.0,Niu N1S,04/2020,Electric,,Used,,/offers/niu-n1s-electric-red-a62448be-aaaa-3353-e053-0100007f5f5f
7400,5000,173.0,BMW K 1300 R,10/2009,Gasoline,,Used,base,/offers/bmw-k-1300-r-base-gasoline-grey-ac906675-ed07-4cb6-93c7-12bca445760b
32980,15187,58.0,Harley-Davidson Softail,07/1998,Gasoline,Manual,Used,FXSTB NIGHT TRAIN*UNIKAT*RICKS UMBAU*SOFTAIL*,/offers/harley-davidson-softail-fxstb-night-train-unikat-ricks-umbau-softail-gasoline-grey-14856ba3-c8a2-4e01-93f3-033502d5b995
2600,11723,15.0,Piaggio Beverly 125,02/2016,Gasoline,Automatic,Used,,/offers/piaggio-beverly-125-gasoline-grey-86b0e6eb-46f8-4b5d-b098-f4b58507838a
5890,2990,39.0,TGB Blade 550,06/2018,Gasoline,Automatic,Used,EFI ECO,/offers/tgb-blade-550-efi-eco-gasoline-white-7293b9dc-4d68-4296-a56c-5854ccd7e24d
10750,60000,125.0,BMW R 1200 GS,01/2014,Gasoline,,Used,0,/offers/bmw-r-1200-gs-0-gasoline-dec72894-e1ff-40af-8c60-f4e8deeb81d7
6500,19400,95.0,Kawasaki Z 800,04/2014,Gasoline,Manual,Used,,/offers/kawasaki-z-800-gasoline-black-34f4dcc6-e3ca-5777-e053-0100007f26be
12900,3015,48.0,Yamaha TMAX 560,07/2020,Gasoline,Automatic,Used,,/offers/yamaha-tmax-560-gasoline-black-b87e61c3-14be-a408-e053-0100007fe7b8
19990,15500,160.0,BMW K 1600 GT,05/2019,Gasoline,Manual,Used,Topcase*,/offers/bmw-k-1600-gt-topcase-gasoline-black-9220041b-4adc-4f10-ac20-d17e9416c413
8450,3500,72.0,Arctic Cat 1000i GT 4x4,01/2011,Gasoline,,Used,,/offers/arctic-cat-1000i-gt-4x4-gasoline-green-cae800e3-e9d4-4660-9ce6-7214f92e58a0
11500,48000,125.0,BMW R 1200 GS LC,10/2014,Gasoline,,Used,,/offers/bmw-r-1200-gs-lc-gasoline-white-009eb0c2-68d8-1a3e-e053-0100007f433c
1990,3176,4.0,Yamaha EC 03,01/2013,Electric,Automatic,Used,,/offers/yamaha-ec-03-electric-white-e1334cd5-f202-45ec-bf34-6d6d24fdbb9b
10500,11000,95.0,Triumph Tiger 800,03/2019,Gasoline,,Used,XCA,/offers/triumph-tiger-800-xca-gasoline-green-459fa00d-7fda-46fc-9433-cbf52546f6ec
8490,5100,,Kawasaki Versys 650,01/2017,,,Used,SE TOURER,/offers/kawasaki-versys-650-se-tourer-green-353e769d-9d41-42a1-9745-0de0e7c2787e
10450,1600,54.0,Honda X-ADV,05/2017,Gasoline,Semi-automatic,Demonstration,mit originalem Honda Top-Case ! ! !,/offers/honda-x-adv-mit-originalem-honda-top-case-gasoline-white-73e600bb-9dd2-490d-bbcf-f320fe1cacb8
1100,1000,170.0,Jmstar 125,01/2021,Gasoline,,Used,,/offers/jmstar-125-gasoline-black-29c9f3de-1f3e-4427-8d27-cc6d074e7ee2
7000,2500,75.0,Ducati,03/2017,Gasoline,,Used,,/offers/ducati-others-gasoline-yellow-3cc3dabc-45fe-6f0c-e053-0100007fd4b0
8199,18000,,Suzuki B King,01/2010,Gasoline,,Used,1300,/offers/suzuki-b-king-1300-gasoline-grey-214ae4ca-11c4-4522-97df-80f27d600579
12500,10819,125.0,BMW R 1200 RS,06/2018,Gasoline,Manual,Used,full optional,/offers/bmw-r-1200-rs-full-optional-gasoline-white-fb7ade1f-7b49-435d-a2f2-4029b55fb105
17389,198,160.0,KTM 1290 Super Adventure,03/2021,Gasoline,Manual,Used,S - KTM Reutlingen,/offers/ktm-1290-super-adventure-s-ktm-reutlingen-gasoline-11f36b41-c440-4039-ae81-8b3fb13a5d14
13000,5200,113.0,Ducati SuperSport,02/2020,Gasoline,Manual,Demonstration,S RED 2020,/offers/ducati-supersport-s-red-2020-gasoline-red-8e20dec4-f0c9-4c02-bd8e-d98463e02111
1500,44496,14.0,Honda PCX 150,09/2012,Gasoline,Automatic,Used,,/offers/honda-pcx-150-gasoline-grey-add240f3-8498-425b-b962-e343975aa975
9990,20839,141.0,Kawasaki Z 1000,01/2016,,,Used,SX,/offers/kawasaki-z-1000-sx-blue-0b5f6f72-21ae-4e94-a593-28d36dfd5011
9000,41000,58.0,Harley-Davidson Softail,06/1988,Gasoline,,Used,,/offers/harley-davidson-softail-gasoline-black-97bf5cc4-3d99-ee5d-e053-0100007f0074
2000,8000,3.0,Gilera SMT 50,10/2016,Two Stroke Gasoline,,Used,,/offers/gilera-smt-50-two-stroke-gasoline-blue-4857f5bd-1a28-7f23-e053-0100007f4edf
9500,48500,,BMW R 80 GS,06/1986,Gasoline,,Used,,/offers/bmw-r-80-gs-gasoline-96404da4-47aa-4d54-a231-a7ddeac5ed1f
18999,10000,86.0,Harley-Davidson,01/2015,Gasoline,Manual,Used,FLTRX Road Glide ABS - Modell 2015,/offers/harley-davidson-others-fltrx-road-glide-abs-modell-2015-gasoline-black-d6165b02-a83c-434d-9b90-bb96b89f6626
11449,7152,160.0,Yamaha MT-10,08/2019,Gasoline,Manual,Used,,/offers/yamaha-mt-10-gasoline-grey-280fb2ba-3fd8-306b-e053-0100007f3d53
1200,3000,68.0,Kymco Super 9,01/2013,Gasoline,,Used,,/offers/kymco-super-9-gasoline-grey-4b7776bd-c200-f507-e053-0100007fe14a
7200,2900,48.0,Honda CB 500,04/2019,Gasoline,,Used,X,/offers/honda-cb-500-x-gasoline-red-9307c714-b952-43b7-b7a0-fefcdb62ebad
650,6969,5.0,TGB Bullet 50,03/2012,Gasoline,Automatic,Used,,/offers/tgb-bullet-50-gasoline-black-c64b1ac4-9449-b850-e053-0100007fe77f
17500,39000,131.0,Harley-Davidson Fat Boy,10/2009,Gasoline,,Used,,/offers/harley-davidson-fat-boy-gasoline-black-b03ae7c2-1bb6-e669-e053-0100007fed62
16300,1500,113.0,Ducati Multistrada 950,03/2021,Gasoline,Manual,Pre-registered,S Pack Touring,/offers/ducati-multistrada-950-s-pack-touring-gasoline-red-14584bd8-ecca-4e6c-ac78-1732580df208
2300,16091,20.0,Yamaha X-Max 250,04/2010,Gasoline,,Used,,/offers/yamaha-x-max-250-gasoline-grey-45fb8f43-e596-43d3-a272-b5b15f7c4385
21500,5500,,BMW R 1250 GS,10/2019,Gasoline,,Used,BMW,/offers/bmw-r-1250-gs-bmw-gasoline-blue-c962a789-6cb9-4fcd-9baf-883f049c4055
23000,10000,162.0,Ducati 1199 Panigale,05/2016,Gasoline,,Used,,/offers/ducati-1199-panigale-gasoline-black-a20df7c4-f9b8-4801-e053-0100007fc849
24900,43000,,Harley-Davidson Softail,01/2009,,,Used,SPRINGER CUST,/offers/harley-davidson-softail-springer-cust-gold-46a45263-dfc8-4387-bba5-5ca1369260a2
1000000,10000,136.0,Kawasaki Z 800,01/1985,Gasoline,Automatic,Used,_MLC_Private:ecc1aaa2-8130-4a06-b782-f8b4d70a9e62,/offers/kawasaki-z-800-mlc-private-ecc1aaa2-8130-4a06-b782-f8b4d70a9e62-gasoline-beige-0ba31402-2157-4ce9-9a05-f8c2d5dea4a8
10100,2990,46.0,Yamaha TMAX 530,05/2018,Gasoline,Automatic,Used,,/offers/yamaha-tmax-530-gasoline-black-f06e4941-4640-4984-b007-d729008d8481
15500,12257,125.0,BMW R 1200 GS,06/2015,Gasoline,Manual,Used,R 1200 GS LC,/offers/bmw-r-1200-gs-r-1200-gs-lc-gasoline-white-46fe9358-c76f-4b58-83c5-e3a139f16662
14000,19495,79.0,Harley-Davidson Dyna Wide Glide,11/2012,Gasoline,,Used,,/offers/harley-davidson-dyna-wide-glide-gasoline-black-e3e045b9-cb05-095c-e053-0100007fdef4
7490,3500,,Peugeot Metropolis,06/2019,Gasoline,,Used,,/offers/peugeot-metropolis-gasoline-black-1c4108f5-c47d-405a-9ef3-783cefbc0a71
2690,99999,,Honda,01/2014,Gasoline,,Used,125 CRF-PR,/offers/honda-125-crf-pr-gasoline-92b4f8f1-0143-41e3-8bab-fc75036faae8
9200,23505,125.0,BMW R 1200 RT,07/2015,Gasoline,Manual,Used,,/offers/bmw-r-1200-rt-gasoline-blue-0dbf855e-d8e6-4bd8-8792-4019a9dc107e
8400,577,45.0,Piaggio MP3 500,07/2019,Gasoline,Automatic,Used,,/offers/piaggio-mp3-500-gasoline-green-d42ae4ba-5942-0e58-e053-0100007fac96
6990,99999,,Kawasaki,01/2017,Gasoline,,Used,450 KXF,/offers/kawasaki-450-kxf-gasoline-6ec21efd-35b9-4f1e-8680-2523ec0f9c88
17990,0,110.0,Ducati SuperSport,01/2021,,,New,S,/offers/ducati-supersport-s-red-a8a75368-1e87-4600-9cd8-008523022c65
14000,700,102.0,Honda CRF 1100,04/2020,Gasoline,,Used,,/offers/honda-crf-1100-gasoline-black-9bb518f2-3643-4671-be9c-fc8dd84687ff
17800,53000,86.0,BMW R 1100 R,03/2000,Gasoline,,Used,,/offers/bmw-r-1100-r-gasoline-grey-a5f585c6-6bbc-715d-e053-0100007f3e24
6200,25910,90.0,BMW F 800 R,02/2015,Gasoline,Manual,Used,,/offers/bmw-f-800-r-gasoline-white-685518a7-9fce-1464-e053-0100007fab2c
12999,45384,71.0,Harley-Davidson Softail,01/2007,Gasoline,,Used,Softail CLASSIC FLSTCI,/offers/harley-davidson-softail-softail-classic-flstci-gasoline-grey-b0b2ab6e-2f47-414a-9dcf-90167ba02f93
17500,14956,122.0,Harley-Davidson VRSC V-Rod,05/2012,Gasoline,,Used,VRSCDX,/offers/harley-davidson-vrsc-v-rod-vrscdx-gasoline-silver-6344b791-a9b8-444e-b0e7-ae00c8a402e0
2490,35445,33.0,Kawasaki Ninja 250 R,05/2010,Gasoline,Manual,Used,,/offers/kawasaki-ninja-250-r-gasoline-4bab9f4d-8aff-46b1-b1af-4c1ad1e90f81
6490,1601,48.0,Royal Enfield Continental GT,05/2020,Gasoline,Manual,Used,650,/offers/royal-enfield-continental-gt-650-gasoline-blue-52757a7c-bbaf-4690-b3db-28c073f3d0de
18960,6161,,Harley-Davidson Softail,01/2017,,,Used,FLS 103 SLIM,/offers/harley-davidson-softail-fls-103-slim-black-e2b4457a-1bbe-4920-9bb8-c7ef3d508819
17999,14256,,Kawasaki,01/2018,,,Used,H2 SX SE,/offers/kawasaki-others-h2-sx-se-green-e6d1ad31-340d-4c09-91ff-86223cbc2712
10800,16650,173.0,KTM 1290 Super Duke R,05/2016,Gasoline,Manual,Used,,/offers/ktm-1290-super-duke-r-gasoline-orange-a2b53fbf-6034-e17e-e053-0100007f3b76
8500,25000,160.0,BMW S 1000 R,07/2015,Gasoline,,Used,,/offers/bmw-s-1000-r-gasoline-red-f83fb1c6-9c5e-e436-e053-0100007f3a21
10000,23700,140.0,Triumph Speed Triple R,03/2016,Gasoline,Manual,Used,speedtriple R,/offers/triumph-speed-triple-r-speedtriple-r-gasoline-grey-457243e4-e3f1-4c3e-8e53-6ce7f922643d
18950,38482,84.0,Harley-Davidson Electra Glide,04/2010,Gasoline,Manual,Used,Ultra Limited 103,/offers/harley-davidson-electra-glide-ultra-limited-103-gasoline-white-24fd10a9-e854-113c-e053-0100007ffe3a
19950,33796,95.0,Harley-Davidson Low Rider,01/2017,Gasoline,,Used,FXLR-S 110 c.i. 1804cc,/offers/harley-davidson-low-rider-fxlr-s-110-c-i-1804cc-gasoline-black-63290839-6dbe-457b-9201-7860d66da644
12500,9000,99.0,Ducati 899 Panigale,03/2014,Gasoline,,Used,,/offers/ducati-899-panigale-gasoline-red-cdd690c2-f1ab-4684-972d-52916529cf53
2000,8000,27.0,SYM Wolf SB 250 Ni,06/2014,Gasoline,,Used,,/offers/sym-wolf-sb-250-ni-gasoline-white-d2bf98ea-1bbe-465e-8ad9-00c735c82bde
6390,18902,107.0,Honda CBF 1000,02/2010,Gasoline,Manual,Used,"CBF 1000 FA ABS SC 64 / VERSAND BUNDESWEIT 90,-",/offers/honda-cbf-1000-cbf-1000-fa-abs-sc-64-versand-bundesweit-90-gasoline-black-b3880d4e-4eb5-4ab6-9014-408a9b78a156
10450,16500,,Suzuki GSX 1300,05/2012,Gasoline,,Used,R HAYABUSA 1STE EIG. GSX-R,/offers/suzuki-gsx-1300-r-hayabusa-1ste-eig-gsx-r-gasoline-blue-9e46f631-14ca-4951-9ca5-288be609ce6d
12850,2723,76.0,Harley-Davidson Dyna Street Bob,07/2011,,,Used,1. Hand,/offers/harley-davidson-dyna-street-bob-1-hand-blue-91be09ae-9f25-4055-a6f1-0345e2033d29
9200,13000,143.0,Ducati Multistrada 1200,06/2010,Gasoline,,Used,Ducati Multistrada 1200s touring,/offers/ducati-multistrada-1200-ducati-multistrada-1200s-touring-gasoline-white-bffdbdc3-4bdf-4b59-e053-0100007f8467
8849,0,,Kawasaki Versys 650,01/2021,,,New,ABS,/offers/kawasaki-versys-650-abs-white-72f1d1da-b3f6-4bc2-b13a-c1aa4664739b
1890,9987,3.0,Niu,02/2019,Electric,Automatic,Used,MQi+ M+ Sport 45 Extended Range 42Ah Tempomat,/offers/niu-others-mqi-m-sport-45-extended-range-42ah-tempomat-electric-silver-dcafea2a-98b8-4819-b7c1-f6474ac77f04
12500,12731,125.0,BMW R 1200 R,07/2017,Gasoline,Manual,Used,Balck edition,/offers/bmw-r-1200-r-balck-edition-gasoline-black-f78094d5-e5fe-4175-9ee4-5cf759bb81ac
18500,4200,152.0,Ducati XDiavel,05/2019,Gasoline,Manual,Used,,/offers/ducati-xdiavel-gasoline-white-34ac0dc1-0ad1-eb6b-e053-0100007fb4dd
14000,40813,193.0,BMW HP4,03/2013,Gasoline,Manual,Used,Competition,/offers/bmw-hp4-competition-gasoline-blue-e99df8c4-e04a-3f18-e053-0100007faff6
13290,44224,125.0,BMW R 1200 GS,01/2015,,,Used,,/offers/bmw-r-1200-gs-black-8bdb80e7-ce1f-463e-a2e0-f7eed90857ba
999,7,4.0,CPI Aragon Club,06/2021,Gasoline,,Used,,/offers/cpi-aragon-club-gasoline-brown-0115c02b-8eb6-4ea1-8259-e4283e7102a0
13490,1010,109.0,BMW R nineT,03/2021,Gasoline,Manual,Demonstration,Scrambler,/offers/bmw-r-ninet-scrambler-gasoline-ccfd0459-bce8-464f-a3f4-b00b99fbb8f1
11990,610,,Suzuki Katana 1000,08/2019,Gasoline,,Used,,/offers/suzuki-katana-1000-gasoline-silver-26fc411e-e798-446c-b3f0-ebb5e6fad082
12159,190,,Honda CB 1000,09/2019,Gasoline,,Used,R,/offers/honda-cb-1000-r-gasoline-grey-4ab84121-07c5-4a17-9d6b-edbe8cfbbc2a
14700,10900,113.0,Ducati Multistrada 950,03/2020,Gasoline,,Used,,/offers/ducati-multistrada-950-gasoline-grey-ecfb7dc5-d2a5-6e4a-e053-0100007f91e7
6500,9316,58.0,CF Moto CForce 820,03/2018,Gasoline,,Used,,/offers/cf-moto-cforce-820-gasoline-orange-eddf7ec3-7d30-6d1c-e053-0100007f86a2
2200,14800,20.0,Piaggio Beverly 300,10/2017,Gasoline,Automatic,Used,,/offers/piaggio-beverly-300-gasoline-red-c318ecbb-3b99-6f30-e053-0100007ff71a
23989,4135,215.0,Ducati Panigale V4,04/2018,Gasoline,Manual,Used,S - Top Zustand,/offers/ducati-panigale-v4-s-top-zustand-gasoline-red-f9574e69-20af-4441-a170-3bbd3ae031c6
300,85977,101.0,Suzuki GSX 750,07/1992,Gasoline,Manual,Used,,/offers/suzuki-gsx-750-gasoline-black-d55bbdc4-433c-7840-e053-0100007fe9bb
1700,36000,33.0,Kymco Downtown 300i,10/2010,Gasoline,,Used,,/offers/kymco-downtown-300i-gasoline-white-f5fc29c3-f54b-c87a-e053-0100007f182d
11790,6914,,Honda CB 1000,08/2018,Gasoline,,Used,1000R ABS,/offers/honda-cb-1000-1000r-abs-gasoline-red-dd3f5822-6265-436c-901a-b92d39043319
18398,0,,Honda CRF 1100,01/2021,,,New,AFRICA TWIN DCT,/offers/honda-crf-1100-africa-twin-dct-black-2274cbad-c0a8-4f7e-8a84-fcfd4d5b0e31
1990,10214,11.0,Honda CBF 125,08/2013,Gasoline,Manual,Used,,/offers/honda-cbf-125-gasoline-red-d1c06139-600e-4254-90c9-ebd091f903d9
250,200,1.0,Velosolex Velosolex 3800,03/1969,Two Stroke Gasoline,,Used,,/offers/velosolex-velosolex-3800-two-stroke-gasoline-black-fdc6f9dc-f1df-4f0c-b575-28e69e43b444
7450,17000,68.0,Kawasaki Ninja 650,02/2020,Gasoline,,Used,ABS,/offers/kawasaki-ninja-650-abs-gasoline-black-4aa5c5eb-16cf-45a8-b45f-c6c75717ad80
2500,520,27.0,Askoll eSpro K2,08/2020,Electric,,Used,,/offers/askoll-espro-k2-electric-white-457496c0-070f-4c2b-e053-0100007f3c3c
6690,15242,106.0,Triumph,03/2013,Gasoline,,Used,STREET TRIPLE,/offers/triumph-others-street-triple-gasoline-black-d1c64bba-8c05-4f28-8b5b-ab0ebdd467af
7990,7243,,Yamaha XSR 700,04/2016,Gasoline,,Used,ABS,/offers/yamaha-xsr-700-abs-gasoline-yellow-9121b8d4-8e21-4d53-be19-ed92996b0756
6379,0,,Piaggio,01/2021,,,New,BEVERLY 300,/offers/piaggio-others-beverly-300-black-729a3680-17a9-4a5b-8e9d-00e4818433f7
9999,6000,72.0,Yamaha XVS 1300,04/2015,Gasoline,Manual,Used,Custom Bike Top zustand TÃ¼v Neu Original Zustand,/offers/yamaha-xvs-1300-custom-bike-top-zustand-tuev-neu-original-zustand-gasoline-black-269262e7-b550-486d-b490-bcb965ad71b0
8500,1000,34.0,Yamaha XV 535,05/1992,Gasoline,,Used,,/offers/yamaha-xv-535-gasoline-black-7dcb9bc7-a230-4c7e-b071-5635d2171de2
11900,5203,137.0,Ducati Monster 1200,02/2015,Gasoline,Manual,Used,s,/offers/ducati-monster-1200-s-gasoline-red-8194bcf0-5f70-4eff-bee1-5b4b62574c13
11250,3000,54.0,Honda X-ADV,06/2020,Gasoline,Automatic,Used,Arrow / Keyless / Handvatverwarming / ...,/offers/honda-x-adv-arrow-keyless-handvatverwarming-gasoline-silver-31027db7-8c4b-45e6-b81b-e1110f0110f6
10000,4200,80.0,CF Moto ZForce 1000,09/2018,Gasoline,,Used,4x4,/offers/cf-moto-zforce-1000-4x4-gasoline-blue-7c3467bf-7c15-751e-e053-0100007fbdad
200,15100,7.0,Benzhou YIYING,08/2009,Gasoline,Automatic,Used,125 -- YY125-T11,/offers/benzhou-yiying-125-yy125-t11-gasoline-red-e34cacc4-5dc9-0d64-e053-0100007f66e2
7150,18700,54.0,Suzuki Burgman 650,03/2017,Gasoline,,Used,,/offers/suzuki-burgman-650-gasoline-white-28dfc3c3-4ab4-ce20-e053-0100007f3d49
8700,24000,101.0,Suzuki V-Strom 1000,05/2017,Gasoline,,Used,,/offers/suzuki-v-strom-1000-gasoline-white-986069bc-d829-5108-e053-0100007f36c6
24990,2200,84.0,Indian Chieftain,04/2020,Gasoline,Manual,Used,,/offers/indian-chieftain-gasoline-brown-1879f0c3-75ce-507b-e053-0100007f80b1
9699,3100,,Yamaha Tracer 900,01/2021,Gasoline,,Used,,/offers/yamaha-tracer-900-gasoline-black-f3bf4924-59e9-4355-b641-478fb16e407f
8000,9500,60.0,Kawasaki KR-1,05/1987,Gasoline,,Used,,/offers/kawasaki-kr-1-gasoline-red-3a5622c1-7c6c-0e50-e053-0100007f92f6
13689,9498,155.0,Ducati Diavel,08/2014,Gasoline,Manual,Used,Finanzierung mÃ¶glich,/offers/ducati-diavel-finanzierung-moeglich-gasoline-black-0b96caa1-7778-459c-af10-b4883dd9fa57
19990,3,165.0,BMW S 1000 XR,02/2020,Gasoline,Manual,Used,,/offers/bmw-s-1000-xr-gasoline-red-d93b91ea-ad58-468d-a3e6-0039033fb6df
2690,3212,4.0,Vespa,08/2016,Gasoline,Automatic,Used,Primavera 50 Rot mit Topcas,/offers/vespa-others-primavera-50-rot-mit-topcas-gasoline-red-99e00e84-3c63-4af3-b452-15c926711ff4
8000,10000,18.0,IFA BK 350,03/1959,Gasoline,Manual,Used,,/offers/ifa-bk-350-gasoline-red-cfd39cb0-fe82-dd38-e053-0100007f2ebb
11290,28814,107.0,BMW R 1200 RS,01/2016,Gasoline,Manual,Used,,/offers/bmw-r-1200-rs-gasoline-blue-12460e56-03e3-48ca-a1db-7224620dbc04
12690,44200,125.0,BMW R 1200 GS LC,06/2015,Gasoline,,Used,Vollaustattung Dynamic 2 Touring Tagfahrlicht TC H,/offers/bmw-r-1200-gs-lc-vollaustattung-dynamic-2-touring-tagfahrlicht-tc-h-gasoline-black-d5e8ee26-cb0c-1f4e-e053-e250040a4b6f
6199,27000,,Honda NC 700,01/2013,Gasoline,,Used,X DCT ABS,/offers/honda-nc-700-x-dct-abs-gasoline-black-c48242a8-5220-4072-b224-282773c357c7
14990,3995,126.0,Indian FTR 1200,04/2020,Gasoline,Manual,Used,Rallye Edition,/offers/indian-ftr-1200-rallye-edition-gasoline-black-b07179bf-9316-5324-e053-0100007fd2ba
21500,1094,207.0,BMW S 1000 RR,08/2020,Gasoline,Manual,Used,Premium Selection,/offers/bmw-s-1000-rr-premium-selection-gasoline-white-b7258f9f-2f72-47c4-a4c5-25e8479aa065
1350,17650,4.0,Kymco Super 8,07/2018,Two Stroke Gasoline,Automatic,Used,2 Takt 25 Km/h Mofa,/offers/kymco-super-8-2-takt-25-km-h-mofa-two-stroke-gasoline-orange-2a9c229a-fccc-4abf-8f5b-cf57e38492d6
8000,14989,101.0,Suzuki GSX-R 1000,04/2009,Gasoline,,Used,,/offers/suzuki-gsx-r-1000-gasoline-blue-3162afc1-fdca-5a13-e053-0100007fd8c1
7899,0,33.0,Yamaha X-Max 400,01/2021,,,New,,/offers/yamaha-x-max-400-grey-54edffad-fcf8-49f5-8b78-fbd84369f312
10250,4300,145.0,Honda CBR 1000,06/2018,Gasoline,Manual,Used,,/offers/honda-cbr-1000-gasoline-black-4416bbc0-57b8-0426-e053-0100007f38d5
10450,15450,160.0,BMW S 1000 R,06/2015,Gasoline,,Used,Sport Pakket & Dynamic Pakket,/offers/bmw-s-1000-r-sport-pakket-dynamic-pakket-gasoline-red-e74216f7-e837-4354-9373-6601066c2e15
2200,64084,72.0,Suzuki Gladius 650,11/2012,Gasoline,,Used,,/offers/suzuki-gladius-650-gasoline-black-41caf2c6-389e-ad1a-e053-0100007ff55f
10500,46145,71.0,Harley-Davidson Road King,10/2006,Gasoline,,Used,,/offers/harley-davidson-road-king-gasoline-blue-97835cc4-30fa-404a-e053-0100007f0d06
9000,18900,107.0,BMW K 1300,04/2014,Gasoline,Semi-automatic,Used,,/offers/bmw-k-1300-gasoline-black-35999abe-f855-943d-e053-0100007f5210
6600,5300,54.0,Honda NC 750,03/2019,Gasoline,Manual,Used,S,/offers/honda-nc-750-s-gasoline-brown-8b22edd0-5a6c-4404-a72f-9f8f5b4beedf
18800,24000,185.0,BMW R 1250 GS,03/2019,Gasoline,,Used,HP ASSETTO RIBASSATO,/offers/bmw-r-1250-gs-hp-assetto-ribassato-gasoline-white-311d811e-3cb6-4749-b2cd-29846985ffaa
250,1,3.0,Piaggio Zip 50,06/1994,Two Stroke Gasoline,,Used,,/offers/piaggio-zip-50-two-stroke-gasoline-white-d5fa69c5-65c6-be34-e053-0100007f9daf
11199,100,120.0,Yamaha Tracer 900,06/2021,Gasoline,Manual,Used,tracer 9,/offers/yamaha-tracer-900-tracer-9-gasoline-grey-9dc74003-15c9-4ca0-8d83-04588bf893b3
10000,23000,162.0,Ducati Diavel,03/2014,Gasoline,,Used,dark,/offers/ducati-diavel-dark-gasoline-black-b24c3a55-4c37-4cbb-9152-cbf0a165c758
9000,7300,75.0,Husqvarna 701 Supermoto,09/2020,Gasoline,,Used,,/offers/husqvarna-701-supermoto-gasoline-grey-cc9889f1-0319-4fa8-8917-fc25d57af67e
2950,36300,26.0,Honda Forza 300,07/2014,Gasoline,Automatic,Used,,/offers/honda-forza-300-gasoline-white-6a9f05c0-4427-b97a-e053-0100007f3fb1
13900,26753,,BMW R 1200 GS,06/2018,Gasoline,,Used,,/offers/bmw-r-1200-gs-gasoline-black-708c4d53-79ec-4b86-a350-25c66e96a499
7450,19500,,MV Agusta Brutale,01/2011,,,Used,989R,/offers/mv-agusta-brutale-989r-grey-6c5fa6fe-202d-4945-909c-004cc3f65a93
12190,3785,,Yamaha Niken,10/2019,Gasoline,,Used,,/offers/yamaha-niken-gasoline-grey-0e0f8a2f-813f-4d0d-aa96-970c1f3efb8d
11450,37812,,Honda CTX 1300,04/2014,Gasoline,,Used,C-ABS,/offers/honda-ctx-1300-c-abs-gasoline-black-a6a69845-6c1a-409e-866d-a3b0cf101d6e
8500,15838,75.0,Moto Guzzi California,04/2007,Gasoline,,Used,,/offers/moto-guzzi-california-gasoline-black-031aa7c3-3518-a42f-e053-0100007f8d2a
12800,34000,82.0,Harley-Davidson Dyna Fat Bob,09/2008,Gasoline,,Used,,/offers/harley-davidson-dyna-fat-bob-gasoline-grey-333fd8c5-ecff-3532-e053-0100007ffafe
8990,10276,116.0,Yamaha Tracer 900,01/2018,Gasoline,Manual,Used,,/offers/yamaha-tracer-900-gasoline-grey-6caaf719-4ab5-42a4-a011-42539ac565ad
10499,1941,,Yamaha TMAX 530,01/2017,,,Used,SX ABS,/offers/yamaha-tmax-530-sx-abs-black-41715a73-f1cc-470c-9658-e845484fad74
13000,59000,82.0,Harley-Davidson Electra Glide,06/2006,Gasoline,,Used,CVO ULTRA CLASSIC ELECTRA GLIDE 1700,/offers/harley-davidson-electra-glide-cvo-ultra-classic-electra-glide-1700-gasoline-black-01502dbe-cf4e-a864-e053-0100007f92f4
11490,21562,110.0,MV Agusta,01/2015,,,Used,Turismo Veloce 800,/offers/mv-agusta-others-turismo-veloce-800-grey-c5fff8c5-dab3-47e5-9d17-7ed59ec6d2c1
9500,22200,101.0,Suzuki V-Strom 1000,05/2017,Gasoline,Manual,Used,,/offers/suzuki-v-strom-1000-gasoline-black-a55209c1-0119-0e44-e053-0100007f5789
9127,90585,69.0,BMW R 100 S,06/1977,Gasoline,Manual,Used,H-Zulassung Kreuzspeichenfelgen,/offers/bmw-r-100-s-h-zulassung-kreuzspeichenfelgen-gasoline-orange-a45e65bc-fab0-217c-e053-0100007ff989
14500,2300,160.0,Yamaha MT-10,07/2020,Gasoline,,Used,,/offers/yamaha-mt-10-gasoline-blue-ac6681bd-0a52-222f-e053-0100007f9ad7
14000,13000,200.0,BMW S 1000 RR,05/2015,Gasoline,,Used,,/offers/bmw-s-1000-rr-gasoline-blue-270a57c5-cd2b-8111-e053-0100007f9ff7
1500,20890,20.0,MZ ETZ 250,03/1986,Gasoline,Manual,Used,,/offers/mz-etz-250-gasoline-red-1cf1cf4a-457a-453d-a7a1-bce9deae07fa
10000,5190,170.0,BMW K 1300,03/2014,Gasoline,,Used,,/offers/bmw-k-1300-gasoline-black-d8d0cfc0-94d9-e868-e053-0100007ff6df
7598,0,,Honda CB 500,01/2021,,,New,F,/offers/honda-cb-500-f-black-4dd8637e-5013-46a6-a2c3-3678d428bd04
950,8065,7.0,Derbi Atlantis,09/2014,Two Stroke Gasoline,,Used,,/offers/derbi-atlantis-two-stroke-gasoline-black-b2a640bd-8387-d651-e053-0100007ff43c
2999,1,,Others,01/2021,,,New,YCF Bigy 190 MX Factory,/offers/others-others-ycf-bigy-190-mx-factory-white-9d961356-630b-4517-bc32-40c0c3f0b0a2
8999,0,,CF Moto CForce 625,07/2021,Diesel,,Used,TOURING S T3 CAMO,/offers/cf-moto-cforce-625-touring-s-t3-camo-diesel-black-84a606d9-fbe7-4176-a943-e17d5f8e2540
2444,23700,15.0,KTM RC 125,03/2016,Gasoline,,Used,,/offers/ktm-rc-125-gasoline-grey-51b527ea-d6cf-4cfe-9934-e75073951559
18900,24321,107.0,BMW K 1600 GT,05/2018,Gasoline,,Used,0,/offers/bmw-k-1600-gt-0-gasoline-black-f1bbc0ad-9090-4346-8f2a-eb3f4d361f21
12490,2100,,Triumph Tiger Explorer,01/2013,,,Used,XC,/offers/triumph-tiger-explorer-xc-black-e66654cc-47cb-47f6-90c3-bda2c86c9d4e
350,13000,4.0,Zhejiang,12/2012,Gasoline,,Used,,/offers/zhejiang-other-gasoline-red-6275c4c5-bd90-d04b-e053-0100007f5b5c
19000,6900,215.0,Ducati Panigale V4,01/2019,Gasoline,,Used,S,/offers/ducati-panigale-v4-s-gasoline-red-11a33954-ffdf-4eeb-a84b-e4117e243845
7000,24752,91.0,Moto Guzzi Le Mans,01/2005,Gasoline,,Used,,/offers/moto-guzzi-le-mans-gasoline-red-942a28bf-7f02-4b1f-e053-0100007fa010
13900,52595,125.0,BMW R 1200 RT,05/2016,Gasoline,Manual,Used,ABS,/offers/bmw-r-1200-rt-abs-gasoline-blue-c8a6436f-0742-47b1-86b3-d53cd59ec516
10799,0,,Yamaha,01/2021,,,New,Tracer 7 GT,/offers/yamaha-others-tracer-7-gt-red-131991d8-7cb8-497f-93be-39c94693f892
1800,2000,14.0,Others,12/2019,Gasoline,,Used,,/offers/others-others-gasoline-white-0261b030-dda5-4775-a8da-34f81bc0f000
19150,0,,Triumph Thruxton,01/2021,,,New,RS,/offers/triumph-thruxton-rs-black-3068ff23-3fb1-483c-863e-589c559777f5
12999,29335,64.0,Harley-Davidson Fat Boy,07/2006,Gasoline,Manual,Used,,/offers/harley-davidson-fat-boy-gasoline-black-cf3e25bc-8f4c-4a5d-e053-0100007ff389
1900,34500,30.0,Yamaha X-City 250,05/2012,Gasoline,Automatic,Used,,/offers/yamaha-x-city-250-gasoline-bronze-ac089fa1-9bcd-4e28-e053-e350040ac097
24950,8610,,BMW K 1600 Grand America,03/2018,Gasoline,,Used,,/offers/bmw-k-1600-grand-america-gasoline-black-4fa39d40-1eca-4b9f-8bdc-574da4e45688
17858,0,,Honda CB 1000,01/2019,,,New,R ABS,/offers/honda-cb-1000-r-abs-red-bf5ac0e8-0576-4c60-992d-d63aa2b82d6d
24999,30000,82.0,Harley-Davidson Street Glide,06/2010,Gasoline,Manual,Used,Custom Bagger*26 Zoll*,/offers/harley-davidson-street-glide-custom-bagger-26-zoll-gasoline-black-63497a6b-1878-44ea-8102-42189bd3734e
7700,3000,430.0,Yamaha MT-09,05/2020,Gasoline,,Used,,/offers/yamaha-mt-09-gasoline-black-22dbdbbf-edde-7406-e053-0100007f5214
16250,8613,,Ducati 999,01/2003,,,Used,999R,/offers/ducati-999-999r-red-786ab782-5e78-417a-b50a-c414e124226f
1100,1500,3.0,Explorer Spin 50,04/2020,Gasoline,,Used,,/offers/explorer-spin-50-gasoline-red-d51894e8-7474-49dd-abff-ba976fff1917
8100,28000,67.0,Harley-Davidson Sportster 1200,05/2004,Gasoline,Manual,Used,,/offers/harley-davidson-sportster-1200-gasoline-blue-da40b5c6-dfae-f338-e053-0100007f4bcb
10000,35600,110.0,BMW R 1200 GS,09/2010,Gasoline,,Used,,/offers/bmw-r-1200-gs-gasoline-black-7488bbbc-758f-2713-e053-0100007febe4
8500,9,24.0,Ducati Scrambler,01/1977,Gasoline,Manual,Used,350,/offers/ducati-scrambler-350-gasoline-578cbc32-009a-4b89-b4aa-f26273db3e55
7999,9450,86.0,BMW F 800 GS,06/2015,Gasoline,Manual,Used,,/offers/bmw-f-800-gs-gasoline-red-2a21cebf-1a48-0d44-e053-0100007f3a1b
700,73925,1.0,Kymco Agility 50,02/2021,Gasoline,,Used,,/offers/kymco-agility-50-gasoline-blue-1d3f11ba-9ff5-3b79-e053-0100007f60ce
8000,30000,69.0,Harley-Davidson Sportster XL 883,09/2007,Gasoline,,Used,custom scrambler,/offers/harley-davidson-sportster-xl-883-custom-scrambler-gasoline-black-186e14a8-6636-4879-bd92-1e3dc0ae62cb
6900,5700,111.0,Ducati Monster 821,02/2017,Gasoline,Manual,Used,grey,/offers/ducati-monster-821-grey-gasoline-grey-80619ca8-2ef1-44cd-a5b8-d4fda3b51ec5
3900,1,10.0,Honda MSX 125,07/2021,Gasoline,Manual,Demonstration,Grom sofort verfÃ¼gbar!,/offers/honda-msx-125-grom-sofort-verfuegbar-gasoline-black-f52576c5-fd47-4d68-9eb1-46399f7d5ee6
19950,14100,117.0,Harley-Davidson V-Rod,08/2002,Gasoline,Manual,Used,VRSCA V-Rod / Night Rod Komplettumbau,/offers/harley-davidson-v-rod-vrsca-v-rod-night-rod-komplettumbau-gasoline-silver-28e1fedf-315a-4623-b118-bbde377bb48e
2490,2200,,Honda SH 125,05/2017,Gasoline,,Used,I,/offers/honda-sh-125-i-gasoline-red-f2c034cb-c131-4682-bd13-1db2f5e9a363
6900,50000,65.0,Triumph Scrambler,05/2014,Gasoline,,Used,,/offers/triumph-scrambler-gasoline-black-53875cc6-db99-3b4f-e053-0100007fd217
12500,62900,160.0,KTM 1290 Super Adventure,10/2017,Gasoline,,Used,1290 Super Adventure S,/offers/ktm-1290-super-adventure-1290-super-adventure-s-gasoline-orange-8ee789b1-454b-de46-e053-0100007f30fd
9000,22500,98.0,BMW R 1200,03/2006,Gasoline,,Used,GS,/offers/bmw-r-1200-gs-gasoline-grey-90e8b2c2-e141-271c-e053-0100007fdc90
6990,3674,,Peugeot Metropolis,11/2018,Gasoline,,Used,400,/offers/peugeot-metropolis-400-gasoline-grey-eb73fe53-42e2-4f70-bf6d-5e282bb6bd3c
12990,4400,143.0,Kawasaki,09/2019,Gasoline,Manual,Used,Z Ninja 1000SX Tourer,/offers/kawasaki-others-z-ninja-1000sx-tourer-gasoline-silver-d57cd000-7655-4a0c-90c7-edfc71d60bc1
5990,2330,22.0,Royal Enfield,12/2008,Gasoline,Manual,Used,ES 500 E-Starter 5-Gang TOP,/offers/royal-enfield-others-es-500-e-starter-5-gang-top-gasoline-2700b50f-83a9-484c-8023-69ccdbcdda90
12800,19647,147.0,Yamaha FJR 1300,09/2013,Gasoline,Semi-automatic,Used,,/offers/yamaha-fjr-1300-gasoline-bronze-d9fdbcc4-711e-441e-e053-0100007f4bb5
10500,15000,175.0,BMW K 1300 S,03/2012,Gasoline,,Used,,/offers/bmw-k-1300-s-gasoline-red-ca9338e9-3d5e-4f48-8d4c-c719b0487f01
6999,3000,24.0,Vespa,09/2018,Gasoline,Automatic,Used,"GTS 300 i.e. ABS ASR / 18,4KW(25PS)",/offers/vespa-others-gts-300-i-e-abs-asr-18-4kw-25ps-gasoline-yellow-29f255ce-69f2-4bca-bc39-4e256b01f507
17000,3000,165.0,BMW S 1000 XR,02/2020,Gasoline,,Used,s 1000 xr colorazione HP,/offers/bmw-s-1000-xr-s-1000-xr-colorazione-hp-gasoline-blue-6099dbda-6e03-4078-b45a-fa14b8838fc6
9250,30000,102.0,Buell XB 12,05/2004,Gasoline,,Used,Lightning,/offers/buell-xb-12-lightning-gasoline-black-a72339f5-9155-4a69-930e-e56165938306
6500,23000,114.0,Suzuki GSX-S 750,07/2019,Gasoline,,Used,moto impecable como nueva,/offers/suzuki-gsx-s-750-moto-impecable-como-nueva-gasoline-blue-89a24925-be56-4283-9244-6d7dc3d18f68
8000,1980,60.0,BMW R 100,01/1986,Gasoline,,Used,,/offers/bmw-r-100-gasoline-blue-ec9305c7-8669-872c-e053-0100007ff015
15000,100,250.0,Gillet Herstal,01/1947,Gasoline,,Used,Superconfort,/offers/gillet-herstal-others-superconfort-gasoline-silver-fb6f59ba-d4dc-202c-e053-0100007f2a63
9500,34000,110.0,BMW R 1200 RT,04/2012,Gasoline,,Used,,/offers/bmw-r-1200-rt-gasoline-blue-b949a8b3-67bc-1055-e053-0100007f5094
7500,13000,135.0,Triumph Speed Triple 1050,07/2015,Gasoline,,Used,,/offers/triumph-speed-triple-1050-gasoline-black-b68927c2-405d-616a-e053-0100007f3c89
8690,2125,16.0,Husqvarna FE 350,02/2020,Gasoline,Manual,Used,,/offers/husqvarna-fe-350-gasoline-white-048b2cc7-3775-2345-e053-0100007f6612
8299,9500,,Yamaha MT-09,01/2017,Gasoline,,Used,,/offers/yamaha-mt-09-gasoline-black-08dcbabb-732f-4824-9ee6-2e4f3834c225
10700,32672,125.0,BMW R 1200 R,06/2018,Gasoline,Manual,Used,Sport Sitzbank tief,/offers/bmw-r-1200-r-sport-sitzbank-tief-gasoline-white-3995df0b-885e-440e-8c18-50206e3069d1
12500,25000,125.0,BMW R 1200 GS,09/2014,Gasoline,Manual,Used,R 1200 GS (2013 - 16),/offers/bmw-r-1200-gs-r-1200-gs-2013-16-gasoline-white-8e364577-f66d-4ac7-b395-838df33e5f7f
12000,24000,155.0,Ducati Streetfighter,07/2011,Gasoline,,Used,"sMoto perfettamente funzionante, con 24000 km circ",/offers/ducati-streetfighter-smoto-perfettamente-funzionante-con-24000-km-circ-gasoline-red-fc119fd6-ff66-49c2-be9e-18a234306063
7000,36500,110.0,BMW R 1200,04/2008,Gasoline,,Used,RT,/offers/bmw-r-1200-rt-gasoline-red-befaffc5-55ec-1b2b-e053-0100007fd441
2990,2530,,Honda CBR 125,05/2015,Gasoline,,Used,R,/offers/honda-cbr-125-r-gasoline-cd7a08ef-344e-4d78-8339-019790ff2c00
1200,50000,15.0,Yamaha X-Max 125,12/2010,Gasoline,,Used,,/offers/yamaha-x-max-125-gasoline-white-df4a5e51-7253-460c-a763-c5976071577a
6700,46000,132.0,Ducati Streetfighter,01/2012,Gasoline,,Used,,/offers/ducati-streetfighter-gasoline-red-dec767b1-f20c-fa0e-e053-0100007f1ef8
13995,17300,,BMW R 1200 RT,01/2014,Gasoline,,Used,ABS TCS,/offers/bmw-r-1200-rt-abs-tcs-gasoline-silver-c3284541-599f-44e2-9ffb-61506e720bf2
8699,19000,,Triumph Speed Triple 1050,01/2011,Gasoline,,Used,ABS,/offers/triumph-speed-triple-1050-abs-gasoline-white-b4b73bf5-f23f-4a70-9c5c-524f23dacae7
6100,19700,48.0,Yamaha MT-07,04/2015,Gasoline,,Used,2015 ABS,/offers/yamaha-mt-07-2015-abs-gasoline-black-cad9e52a-a5a9-4ca5-a2fd-eea4261b6981
22000,870,159.0,Ducati Diavel,04/2018,Gasoline,Manual,Used,Diesel/nÂ°43/666 Limited Edition,/offers/ducati-diavel-diesel-n43-666-limited-edition-gasoline-black-830b4e5a-6d15-4924-9ef2-987e08d4bdd4
10000,5692,53.0,Harley-Davidson Iron 883,12/2016,Gasoline,,Used,,/offers/harley-davidson-iron-883-gasoline-black-f0a7e8c5-b057-bd5f-e053-0100007f502e
10500,14842,77.0,BMW F 750 GS,06/2018,Gasoline,Manual,Used,F 750 GS EXCLUSIVE,/offers/bmw-f-750-gs-f-750-gs-exclusive-gasoline-grey-2be76c4e-466b-4b6f-a1f1-8d96002c9c48
12000,5000,160.0,Yamaha MT-10,02/2020,Gasoline,,Used,,/offers/yamaha-mt-10-gasoline-black-87d8cccb-b255-4719-b151-3158e08c8c06
10199,41000,,KTM 1190 Adventure,01/2013,Gasoline,,Used,,/offers/ktm-1190-adventure-gasoline-orange-1630d61f-b72e-4164-ae8c-9f0288aee970
8500,20300,61.0,BMW R 1200 C Independent,09/2004,Gasoline,,Used,,/offers/bmw-r-1200-c-independent-gasoline-red-e62642c0-82d4-4f70-e053-0100007f3a6f
2148,0,,Peugeot,01/2021,,,New,Kisbee R 45km/h,/offers/peugeot-others-kisbee-r-45km-h-grey-fa303142-d6ed-486c-bd90-a31597455c91
2549,1,4.0,Super Soco CUX,06/2021,Electric,,Used,,/offers/super-soco-cux-electric-grey-a1cf8ac5-30eb-c723-e053-0100007f116f
39600,2349,106.0,Harley-Davidson Street Glide,08/2019,Gasoline,Manual,Used,,/offers/harley-davidson-street-glide-gasoline-violet-dbe97cc0-4c89-745e-e053-0100007f56be
500,43200,1.0,Vespa GTS 250,03/2011,Gasoline,,Used,,/offers/vespa-gts-250-gasoline-black-47cb0fc2-f534-196c-e053-0100007f6fcc
9000,5800,54.0,Honda NM4 Vultus,01/2015,Gasoline,Semi-automatic,Used,,/offers/honda-nm4-vultus-gasoline-black-395425ba-9b26-f351-e053-0100007f50a5
6500,30111,125.0,Suzuki GSX-R 600,05/2013,Gasoline,,Used,,/offers/suzuki-gsx-r-600-gasoline-blue-9d3cc6ad-d8f6-9133-e053-0100007fe6a3
9500,37000,69.0,Harley-Davidson Dyna Street Bob,05/2005,Gasoline,,Used,,/offers/harley-davidson-dyna-street-bob-gasoline-black-e0f667c0-d55e-5d58-e053-0100007f1d74
2500,5,170.0,Piaggio Liberty 125,06/2021,Gasoline,,Used,,/offers/piaggio-liberty-125-gasoline-black-b2f59fc4-c7d5-cc44-e053-0100007f1fed
6500,27500,57.0,Honda NC 750,08/2016,Gasoline,,Used,NC 750X dct abs,/offers/honda-nc-750-nc-750x-dct-abs-gasoline-white-bde3f8da-444f-4ae6-bb57-1484281c5c91
10000,42500,110.0,BMW R 1200 GS,10/2011,Gasoline,,Used,,/offers/bmw-r-1200-gs-gasoline-grey-e109a6c1-ffc7-f002-e053-0100007f6848
14999,5400,136.0,BMW R 1250 R,05/2019,Gasoline,Manual,Used,,/offers/bmw-r-1250-r-gasoline-black-ba8a27be-0242-a82f-e053-0100007f8359
12250,21312,181.0,Honda,03/2016,Gasoline,Manual,Used,-,/offers/honda-others--gasoline-white-d9ffc856-faf6-474f-9932-a849daca3fd2
10000,36000,71.0,Harley-Davidson Heritage Softail,10/2006,Gasoline,Manual,Used,,/offers/harley-davidson-heritage-softail-gasoline-black-92942fa7-0a3d-f457-e053-0100007f3854
9200,16127,170.0,Aprilia Tuono,03/2014,Gasoline,,Used,,/offers/aprilia-tuono-gasoline-white-eb8826be-acea-a74b-e053-0100007f2ebd
13999,15700,68.0,Harley-Davidson FXD,01/2015,Gasoline,Manual,Used,WG Dyna Wide Glide - Modell 2015,/offers/harley-davidson-fxd-wg-dyna-wide-glide-modell-2015-gasoline-black-472d278e-cc88-47b0-81b2-8967253d9ff2
6000,79000,50.0,BMW R 80 GS,04/1994,Gasoline,,Used,,/offers/bmw-r-80-gs-gasoline-yellow-7367ceb0-5557-49b5-92a2-b7959bfb4c80
6500,4012,75.0,Kawasaki Ninja 650,01/2020,Gasoline,,Used,2020 (sous garantie),/offers/kawasaki-ninja-650-2020-sous-garantie-gasoline-black-09cdab87-6ad0-40e9-924e-162215a5d142
11399,4950,110.0,BMW R nineT,07/2020,Gasoline,Manual,Used,Scrambler,/offers/bmw-r-ninet-scrambler-gasoline-silver-a08816c6-9e53-1330-e053-0100007fcb72
10989,7472,185.0,Suzuki GSX-R 1000,02/2013,Gasoline,Manual,Used,Finanzierung mÃ¶glich,/offers/suzuki-gsx-r-1000-finanzierung-moeglich-gasoline-black-21ffab45-f02f-4697-8b6f-4b0181482701
7000,60000,54.0,BMW 100 CS,03/1981,Gasoline,,Used,,/offers/bmw-100-cs-gasoline-black-20e2d5bb-4c9c-0e24-e053-0100007f5bf4
6400,20620,120.0,KTM 990 Super Duke,09/2011,Gasoline,Manual,Used,,/offers/ktm-990-super-duke-gasoline-black-552290c0-a27f-5d41-e053-0100007fe1a9
9500,8800,82.0,Can Am Ryker,11/2019,Gasoline,,Used,can am ryker 900 ace,/offers/can-am-ryker-can-am-ryker-900-ace-gasoline-black-5d411f44-e121-4900-9a1a-1fa27b7b38b9
8990,38400,167.0,Aprilia Tuono,03/2014,Gasoline,Manual,Used,"V4R, mit Garantie, Teilzahlung mÃ¶glich",/offers/aprilia-tuono-v4r-mit-garantie-teilzahlung-moeglich-gasoline-black-205832db-084f-4d9c-9211-6f1edd304ff6
2600,100000,15.0,Yamaha YZF-R15,02/2017,Gasoline,,Used,,/offers/yamaha-yzf-r15-gasoline-red-3e4feeba-c497-595f-e053-0100007fd8f3
790,15500,,TGB Bullet 50,03/2010,Gasoline,Automatic,Used,,/offers/tgb-bullet-50-gasoline-white-3a16784f-dad9-43d1-97a4-94a8caf80bbf
20000,29000,1.0,Harley-Davidson CVO Breakout,05/2017,Gasoline,,Used,103,/offers/harley-davidson-cvo-breakout-103-gasoline-grey-88eca993-fda8-4853-8cfa-f1e731b51c91
2200,74000,37.0,Yamaha X-Max 400,02/2013,Gasoline,,Used,,/offers/yamaha-x-max-400-gasoline-white-e470d8bb-44a1-e11e-e053-0100007f425e
10200,1240,73.0,Ducati Scrambler,05/2020,Gasoline,,Used,CAFÃ RACER,/offers/ducati-scrambler-cafe-racer-gasoline-grey-a5b87fbd-e9f7-ca0b-e053-0100007fa371
15500,21458,101.0,BMW R 1200 GS,04/2017,Gasoline,,Used,,/offers/bmw-r-1200-gs-gasoline-white-07b1c4c5-95c1-d061-e053-0100007fd211
6290,400,8.0,Horwin CR6,05/2020,Electric,Automatic,Demonstration,Automatik 92 km/h in WeiÃ,/offers/horwin-cr6-automatik-92-km-h-in-weiss-electric-white-4bf193f9-3d89-49d2-a629-d3954e78d413
10499,12452,,Kawasaki Z 900,04/2019,Gasoline,,Used,RS DEMO,/offers/kawasaki-z-900-rs-demo-gasoline-brown-137e41a1-18ef-4897-a15f-aa6d91ace9b9
8500,13000,73.0,Honda X-ADV,06/2020,Gasoline,,Used,,/offers/honda-x-adv-gasoline-green-04bcaeae-1798-4db3-89c8-139d709f610b
350,50,125.0,Others Moto tm,01/2021,Gasoline,,Used,,/offers/others-moto-tm-gasoline-green-b25641a7-23a3-4b29-804b-c4ed95cc105e
10000,2491,160.0,Yamaha MT-10,02/2021,Gasoline,,Used,,/offers/yamaha-mt-10-gasoline-black-58e119c7-c880-274c-e053-0100007fabf0
12750,44616,68.0,Harley-Davidson Heritage Softail,01/2004,Gasoline,Manual,Used,,/offers/harley-davidson-heritage-softail-gasoline-red-d8eb2861-e813-4641-af37-ae6669e4c0fa
14990,7818,77.0,Harley-Davidson,09/2017,Gasoline,Manual,Used,Streetbob FXBB 107,/offers/harley-davidson-others-streetbob-fxbb-107-gasoline-e433396f-5d62-40ad-90c0-3274b92d42cf
9500,15000,131.0,Triumph Tiger 1050,10/2017,Gasoline,,Used,,/offers/triumph-tiger-1050-gasoline-black-07e59cbe-2c7d-4d1a-e053-0100007f57c5
16590,3990,,Yamaha FJR 1300,10/2018,Gasoline,,Used,A,/offers/yamaha-fjr-1300-a-gasoline-silver-ad04bad1-bb37-4281-a06e-d87e51dfb031
15499,13646,107.0,BMW R 1200 GS Adventure,06/2015,Gasoline,Manual,Used,Full Option - Nieuwstaat,/offers/bmw-r-1200-gs-adventure-full-option-nieuwstaat-gasoline-white-883f6ac1-9a4a-3f5a-e053-0100007f35ac
8000,9600,125.0,BMW R 1200 RS,04/2017,Gasoline,Manual,Used,,/offers/bmw-r-1200-rs-gasoline-white-6438ebac-1dbb-408c-a9a4-f9c025ad26ed
13000,5413,29.0,MV Agusta 350 S,06/1977,Gasoline,,Used,,/offers/mv-agusta-350-s-gasoline-red-7252ffbb-0f31-fc1e-e053-0100007fb84b
14490,74500,,BMW K 1600 GT,01/2014,,,Used,,/offers/bmw-k-1600-gt-blue-299d7be4-8c8e-4b4d-8820-fc1e616b79dd
10590,4247,145.0,Honda CB 1000,02/2019,Gasoline,Manual,Used,R PLUS & SHARK Auspuff * sofort Lieferba,/offers/honda-cb-1000-r-plus-shark-auspuff-sofort-lieferba-gasoline-76c3a288-02a2-4df1-9a1b-e623fd0f1629
20990,3700,218.0,Honda Fireblade,08/2020,Gasoline,Manual,Used,CBR 1000 RR-R Fireblade SP,/offers/honda-fireblade-cbr-1000-rr-r-fireblade-sp-gasoline-black-59f809d7-4bd2-4a32-b55f-93a01086565d
9000,61000,110.0,BMW R 1200 RT,12/2011,Gasoline,,Used,,/offers/bmw-r-1200-rt-gasoline-grey-3931cec3-65bf-c908-e053-0100007fb7bc
2399,800,,Brixton BX 125,05/2019,Gasoline,,Used,,/offers/brixton-bx-125-gasoline-grey-f0e28cce-1834-41ef-a456-04a32c649ebd
21999,0,,Suzuki Hayabusa,01/2021,,,New,GSX-R1300,/offers/suzuki-hayabusa-gsx-r1300-grey-e7d02a93-92c3-4652-bcad-b0539bd54f54
12500,180,105.0,BMW F 900 XR,04/2021,Gasoline,,Used,LAGE OPHANGING,/offers/bmw-f-900-xr-lage-ophanging-gasoline-a5a6928a-e2c3-46fa-b9c1-0310bd4d85cd
12400,144,,KTM,01/2021,,,New,890 DUKE L ABS,/offers/ktm-others-890-duke-l-abs-black-1b0b44d4-fd60-4570-8440-1fb9f9fcd864
2100,9644,27.0,SYM HD 300,01/2020,Gasoline,,Used,,/offers/sym-hd-300-gasoline-grey-2bfd5dc2-da79-e17d-e053-0100007f2a3e
1100,7000,23.0,Derbi Rambla 300,09/2012,Gasoline,,Used,,/offers/derbi-rambla-300-gasoline-black-5f4110ba-6ab2-2a15-e053-0100007f64f6
19299,0,,Can Am Traxter,07/2021,Diesel,,Used,T HD8 T1b-60km/h SILVER,/offers/can-am-traxter-t-hd8-t1b-60km-h-silver-diesel-black-5d0652cd-669e-4baf-8cea-ac19db72f8a7
11990,30500,140.0,Ducati 899 Panigale,01/2015,,,Used,,/offers/ducati-899-panigale-red-a00e5e76-4b21-4d44-af11-0aa26461215c
9700,12800,,Triumph Tiger 1050,01/2017,Gasoline,,Used,,/offers/triumph-tiger-1050-gasoline-black-7c10d3c2-62ce-4a3d-936c-1c4ff11c6338
8490,21850,150.0,Ducati Multistrada 1200,01/2013,Gasoline,,Used,S model,/offers/ducati-multistrada-1200-s-model-gasoline-red-7cc3c0be-1fa6-5545-e053-0100007f8b9a
20500,10004,213.0,Ducati Panigale V4,05/2018,Gasoline,,Used,,/offers/ducati-panigale-v4-gasoline-red-03ad7abb-8d38-ad26-e053-0100007f70fe
9000,7000,148.0,Ducati Streetfighter,05/2009,Gasoline,,Used,1098,/offers/ducati-streetfighter-1098-gasoline-white-9c5a58a8-e657-4df1-994e-f231f6555e84
7000,1092,10.0,Moto Guzzi Airone,10/1941,Gasoline,,Used,,/offers/moto-guzzi-airone-gasoline-red-ee256db9-6859-df4b-e053-0100007fac65
2200,371,4.0,Peugeot Speedfight,03/2021,Gasoline,,Used,4 4T R-CUP,/offers/peugeot-speedfight-4-4t-r-cup-gasoline-white-e28f8430-fa6d-47f2-a5ae-e69cb74a114b
21999,1,203.0,Kawasaki,12/2021,Gasoline,,Pre-registered,ZX-10R,/offers/kawasaki-others-zx-10r-gasoline-green-c00fcf48-27a2-4eab-aef2-b6f1dc93806b
7999,19500,116.0,Yamaha XSR 900,06/2017,Gasoline,,Used,,/offers/yamaha-xsr-900-gasoline-grey-315263c3-216c-8739-e053-0100007fb6aa
6000,1650,19.0,Polaris Sportsman 500,09/2009,Gasoline,,Used,4x4,/offers/polaris-sportsman-500-4x4-gasoline-green-ede284ba-96da-6732-e053-0100007f767a
10990,10778,90.0,Victory Vegas,07/2012,Gasoline,Manual,Used,1731,/offers/victory-vegas-1731-gasoline-black-196a4869-a8a1-4f0c-bd15-ad04fc9d1431
2190,267,4.0,Peugeot Django 50,04/2018,Gasoline,Automatic,Used,Sport,/offers/peugeot-django-50-sport-gasoline-silver-7cbd6050-5d39-4c96-afe9-bb8dca8b2eff
11450,12567,120.0,Kawasaki Versys 1000,04/2016,Gasoline,,Used,TOURER,/offers/kawasaki-versys-1000-tourer-gasoline-green-1662aa5b-8853-475f-9233-d75c71ffdc1e
3999,10989,98.0,Yamaha FZ 6,03/2005,Gasoline,Manual,Used,FAZER SchÃ¶ner Zustand Zweirad Hassemer,/offers/yamaha-fz-6-fazer-schoener-zustand-zweirad-hassemer-gasoline-black-e57d6d3f-a104-4f2e-b413-67bbf5895775
7500,7000,68.0,Yamaha TMAX 530,12/2012,Gasoline,,Used,,/offers/yamaha-tmax-530-gasoline-white-3ee4a8c5-0edc-4f07-e053-0100007fcc7a
6900,700,71.0,Suzuki V-Strom 650,09/2019,Gasoline,,Used,,/offers/suzuki-v-strom-650-gasoline-red-062383c1-0a50-0042-e053-0100007f4998
2225,4348,12.0,Piaggio Medley 125,06/2019,Gasoline,Automatic,Used,,/offers/piaggio-medley-125-gasoline-black-e44169bd-08e8-d705-e053-0100007f18ef
12700,86000,125.0,BMW,09/2016,Gasoline,Manual,Used,R 1200 GS Adventure (2013 - 16),/offers/bmw-others-r-1200-gs-adventure-2013-16-gasoline-black-42c50c40-ffb3-45e1-b0e7-4a6d434737db
11999,5538,160.0,Yamaha MT-10,04/2019,Gasoline,Manual,Used,SP,/offers/yamaha-mt-10-sp-gasoline-black-23307858-0617-47d9-aa89-140bc79fea31
7000,9650,58.0,Triumph Scrambler,06/2011,Gasoline,,Used,,/offers/triumph-scrambler-gasoline-green-fc8ad2c5-c812-c717-e053-0100007f5fbb
12500,10000,95.0,BMW F 850 GS,04/2019,Gasoline,,Used,,/offers/bmw-f-850-gs-gasoline-white-344e91c0-c27d-5634-e053-0100007f67c5
9489,48300,110.0,BMW R nineT,09/2015,Others,,Used,"hlins Cartridge, HHR-Federbein!",/offers/bmw-r-ninet-hlins-cartridge-hhr-federbein-others-black-d0ede187-94d4-488b-afd6-0b5664a31c9f
7100,22000,126.0,Yamaha YZF-R6,06/2007,Gasoline,Manual,Used,rj11 *VIELE EXTRAS*,/offers/yamaha-yzf-r6-rj11-viele-extras-gasoline-white-49c716d2-e39b-487a-a1e5-df5d498153a7
8490,39093,148.0,Ducati Multistrada 1200,03/2013,Gasoline,Manual,Used,S Touring viel ZubehÃ¶r,/offers/ducati-multistrada-1200-s-touring-viel-zubehoer-gasoline-red-e597baf9-0385-4edc-9154-22dbf1034d6c
7990,18073,,Yamaha MT-09,12/2016,Gasoline,,Used,TRACER,/offers/yamaha-mt-09-tracer-gasoline-black-972c1341-4ea5-4bc6-9ac5-b0c4bc093d9b
10500,3000,69.0,BMW R 100 RT,08/1981,Gasoline,,Used,Scrambler,/offers/bmw-r-100-rt-scrambler-gasoline-grey-b249f89d-0712-476d-8fc4-c94a8649e19b
200,15100,7.0,Benzhou YIYING,08/2009,Gasoline,Automatic,Used,125 -- YY125-T11,/offers/benzhou-yiying-125-yy125-t11-gasoline-red-e34cacc4-5dc9-0d64-e053-0100007f66e2
7200,1350,60.0,KTM 300 EXC,09/2018,Gasoline,Manual,Used,TPI 62 Einspritzung,/offers/ktm-300-exc-tpi-62-einspritzung-gasoline-orange-161ff9b9-2cce-7f0c-e053-0100007f1a4c
15000,4000,102.0,Honda CRF 1100,09/2020,Gasoline,,Used,Africa twin 1100 DTC,/offers/honda-crf-1100-africa-twin-1100-dtc-gasoline-red-442973d8-2b24-4f3e-a885-7fdb7582ffb0
3700,50,14.0,Honda SH 125,03/2021,Gasoline,Automatic,Used,,/offers/honda-sh-125-gasoline-black-a82fa1bf-eaf8-cb4c-e053-0100007f43a1
750,10961,26.0,Skyteam Dax 50,08/2012,Others,,Used,Skyteam Dax - 50cc - B klasse,/offers/skyteam-dax-50-skyteam-dax-50cc-b-klasse-others-black-fb801abb-b05c-9430-e053-0100007fda55
8500,24000,286.0,Honda CBR 1000,10/2011,Gasoline,,Used,REPSOL SC 59 ABS,/offers/honda-cbr-1000-repsol-sc-59-abs-gasoline-orange-be58ba6f-925c-4e78-84a0-dfc92ff48d25
7490,23600,71.0,Suzuki,03/2017,,,Used,DL 650 V-STROM ABS MIT KOFFERSYSTEM,/offers/suzuki-others-dl-650-v-strom-abs-mit-koffersystem-6ba5df62-8ffc-410f-aab3-beef1fe3a650
9300,4300,114.0,Yamaha MT-09,07/2019,Gasoline,Manual,Used,,/offers/yamaha-mt-09-gasoline-blue-3b045bbd-a688-220e-e053-0100007fd1be
9490,60466,175.0,BMW K 1300 S,07/2012,,Manual,Used,ABS,/offers/bmw-k-1300-s-abs-blue-ca0770e9-ede3-4632-8301-ffdcbccae328
8300,11000,63.0,Quadix Buggy 1100,11/2016,Gasoline,Manual,Used,,/offers/quadix-buggy-1100-gasoline-black-613129c7-db7f-1707-e053-0100007f9fcf
1950,25060,170.0,Yamaha X-Max 125,01/2013,Gasoline,,Used,Yamaha,/offers/yamaha-x-max-125-yamaha-gasoline-white-8b6f43e2-6fed-4c76-9988-bf8bbc5af96f
11950,25900,107.0,BMW R 1200 GS,04/2015,Gasoline,,Used,,/offers/bmw-r-1200-gs-gasoline-black-6aa62fc4-4622-2027-e053-0100007f7898
12850,5300,,Honda VFR 1200,04/2019,Gasoline,Manual,Used,VorfÃ¼hrer mit Touring-Paket + 2 Jahre Garantie!,/offers/honda-vfr-1200-vorfuehrer-mit-touring-paket-2-jahre-garantie-gasoline-white-b3d5320a-b84c-484d-b274-03ce2e9ae6a3
1999,0,,Piaggio,01/2021,,,New,ZIP 45 S,/offers/piaggio-others-zip-45-s-green-a59224dd-a378-47c9-9e4f-d2998e34d7c5
8500,100,1.0,Husqvarna TE 300,11/2020,Gasoline,,Used,i,/offers/husqvarna-te-300-i-gasoline-yellow-3fabd93f-59dc-48e2-b2fb-0a8cc39a2897
9950,9328,77.0,BMW F 750 GS,09/2018,Gasoline,Manual,Used,"F 750 GS EN PARFAIT ETAT, GARANTIE 1 AN, 9950 EUR",/offers/bmw-f-750-gs-f-750-gs-en-parfait-etat-garantie-1-an-9950-eur-gasoline-blue-17039ae4-f5a3-4b05-a6be-4b82b1d6ae58
7989,9417,90.0,BMW F 800 R,12/2014,Gasoline,,Used,Dynamik- Sicherheits- und Tourenpak,/offers/bmw-f-800-r-dynamik-sicherheits-und-tourenpak-gasoline-77e73f4d-575c-4273-8943-7cf2ee3aa2dc
11200,6700,150.0,Suzuki GSX-S 1000,10/2020,Gasoline,Manual,Used,Porta targa e frecce a led,/offers/suzuki-gsx-s-1000-porta-targa-e-frecce-a-led-gasoline-grey-3b9fd1c4-9087-6762-e053-0100007ff972
10500,1598,15.0,BMW R 26,10/1956,Gasoline,Manual,Used,Bmw R26,/offers/bmw-r-26-bmw-r26-gasoline-grey-80238c45-de94-4418-bd01-b8d8a65e1f42
2200,2140,12.0,Kymco Grand Dink 125,08/2013,Gasoline,,Used,,/offers/kymco-grand-dink-125-gasoline-black-11a3cc8a-8478-d731-e053-e250040a3c3b
10000,27500,105.0,BMW R 1200 GS Adventure,04/2009,Gasoline,Manual,Used,,/offers/bmw-r-1200-gs-adventure-gasoline-grey-b1c81964-1190-ae26-e053-e250040a39e0
8999,23629,,Honda VFR 1200,01/2012,,,Used,X Crosstourer,/offers/honda-vfr-1200-x-crosstourer-grey-d1342ae3-52b4-4f06-baa6-1b9ed83f3c62
6750,38000,48.0,Aprilia Dorsoduro,03/2016,Gasoline,,Used,750 ABS A2 op kenteken/ vol vermogen,/offers/aprilia-dorsoduro-750-abs-a2-op-kenteken-vol-vermogen-gasoline-blue-1c0a9f70-3a9f-45fa-b750-711ded6c008e
8000,60,27.0,Vespa GTS Super Sport,08/2020,Gasoline,,Used,Racing Sixties Sondermodell,/offers/vespa-gts-super-sport-racing-sixties-sondermodell-gasoline-white-a3297edc-cd0c-4632-bbe8-96572d4c1c5b
10000,10000,150.0,MV Agusta F3,04/2014,Gasoline,,Used,800,/offers/mv-agusta-f3-800-gasoline-red-280fc6be-754b-e74d-e053-0100007f3cb5
12000,20000,131.0,Ducati Streetfighter,09/2015,Gasoline,,Used,,/offers/ducati-streetfighter-gasoline-red-5d47f1be-872f-e15a-e053-0100007f597c
11999,1,150.0,Suzuki Katana 1000,12/2020,Gasoline,Manual,Pre-registered,Katana Modell schwarz oder silber,/offers/suzuki-katana-1000-katana-modell-schwarz-oder-silber-gasoline-silver-6ea0a42f-1723-4c5b-8f47-d538d11e3337
19489,10228,199.0,BMW S 1000 RR,04/2018,Gasoline,Manual,Used,"Akrapovic, Ilmberger, Brembo, ...",/offers/bmw-s-1000-rr-akrapovic-ilmberger-brembo-gasoline-2a6e9a51-db5e-412c-87c9-03f0bbeb0948
10490,15900,,Ducati SuperSport,09/2017,Gasoline,,Used,937,/offers/ducati-supersport-937-gasoline-red-a3c5669e-905d-425b-a103-3e610f0c8374
8199,27000,,Aprilia,01/2011,Gasoline,,Used,TUONO V4,/offers/aprilia-others-tuono-v4-gasoline-yellow-f3dbf7bd-f7b2-4b83-8c45-55039c830243
30000,18600,188.0,Ducati Desmosedici RR,03/2009,Gasoline,Manual,Used,,/offers/ducati-desmosedici-rr-gasoline-red-d484ebc6-dde6-6f62-e053-0100007f7b49
6500,14900,15.0,BMW C Evolution,08/2015,Gasoline,,Used,,/offers/bmw-c-evolution-gasoline-white-ce9984c6-dbce-9a56-e053-0100007fe33b
8500,7000,1.0,Harley-Davidson XL 1200,08/1992,Gasoline,Manual,Used,,/offers/harley-davidson-xl-1200-gasoline-black-5824427f-d8e3-460e-bbd6-0df98d5f3f65
10990,63000,98.0,Victory High-Ball,06/2012,Gasoline,Manual,Used,,/offers/victory-high-ball-gasoline-white-8d9c173b-2d42-4366-b1e5-0c430f1b1b56
6499,19327,,Suzuki GSR 750,01/2011,,,Used,ABS,/offers/suzuki-gsr-750-abs-black-aa60641b-4dd3-4ad5-89f7-508bbd5486d3
2790,16668,,Honda,01/2015,,,Used,PCX 150,/offers/honda-others-pcx-150-grey-b9a9db06-3ed9-4737-b4fc-2690ff439c04
10000,73000,101.0,Ducati 888,03/1992,Gasoline,Manual,Used,,/offers/ducati-888-gasoline-red-f4ece4bc-a9e8-1474-e053-0100007f7e07
7990,94720,109.0,BMW R 1200 RT,12/2013,Gasoline,Manual,Used,1200 RT 2ACT ABS Int. Sport + Pk 2,/offers/bmw-r-1200-rt-1200-rt-2act-abs-int-sport-pk-2-gasoline-5e55bf56-b192-4494-8308-83daf276f83d
21990,28200,64.0,Harley-Davidson,04/2003,Gasoline,Manual,Used,FLSTC HERITAGE SOFTAIL UMBAU MEXICAN CHICANO,/offers/harley-davidson-others-flstc-heritage-softail-umbau-mexican-chicano-gasoline-red-45e3b9ad-6b5b-4e1a-abc5-a0e34a666b96
