price,mileage,power,make_model,date,fuel,gear,offer_type,version,link
12500,9400,160.0,Ducati XDiavel,02/2017,Gasoline,,Used,,/offers/ducati-xdiavel-gasoline-black-a1afb3ba-bde1-0810-e053-0100007fbc85
12490,7500,,KTM 790 Adventure,01/2020,,,Used,,/offers/ktm-790-adventure-orange-5bce92ca-c526-48d0-92f5-4982e227c414
8290,19300,67.0,Harley-Davidson XL 883,04/2012,Gasoline,,Used,,/offers/harley-davidson-xl-883-gasoline-black-888d1eac-f9a0-1d29-e053-0100007fe7d0
10750,47000,162.0,Ducati 1098,01/2008,Gasoline,,Used,S,/offers/ducati-1098-s-gasoline-black-23b15bb0-c592-4e17-bcdf-f35015e3e2c7
9000,1000,101.0,Aprilia Tuono,04/2021,Gasoline,,Used,660,/offers/aprilia-tuono-660-gasoline-silver-fde20be4-e265-4784-9ea1-da6f1443efbf
2200,29000,22.0,Piaggio Beverly 300,06/2015,Gasoline,,Used,,/offers/piaggio-beverly-300-gasoline-black-5c5e94c1-a638-3d4d-e053-0100007f7116
10000,12000,22.0,Harley-Davidson Flathead,04/1958,Gasoline,Manual,Used,,/offers/harley-davidson-flathead-gasoline-black-761cb267-65ba-b478-e053-e250040a7c80
15900,139455,118.0,Honda GL 1800,01/2008,Gasoline,Manual,Used,GOLDWING,/offers/honda-gl-1800-goldwing-gasoline-black-62250b7e-1a3c-4876-8ce9-f96dbc7aa65f
12300,5200,77.0,Triumph Bonneville Bobber,04/2019,Gasoline,,Used,,/offers/triumph-bonneville-bobber-gasoline-black-ea5bffc3-2eba-e775-e053-0100007fce4b
15700,2400,116.0,Ducati Multistrada 950,09/2020,Gasoline,,Used,950S,/offers/ducati-multistrada-950-950s-gasoline-red-e36e88bf-1002-b25c-e053-0100007f47db
10450,6656,125.0,BMW R 1200 RS,07/2017,Gasoline,Manual,Used,,/offers/bmw-r-1200-rs-gasoline-grey-c08aa1c6-f789-f44b-e053-0100007f9e0f
15000,11040,193.0,BMW S 1000 RR,04/2010,Gasoline,Manual,Used,Carbonpaket,/offers/bmw-s-1000-rr-carbonpaket-gasoline-white-f4d3a1c6-ceec-0c68-e053-0100007f690a
2350,8700,19.0,Mash Two Fifty,06/2015,Gasoline,,Used,,/offers/mash-two-fifty-gasoline-black-4a2949c0-78c4-dc0b-e053-0100007f37c3
13490,887,102.0,Honda CRF 1100,04/2021,Gasoline,Manual,Used,AFRICA TWIN,/offers/honda-crf-1100-africa-twin-gasoline-red-10b36edc-b17f-4314-9b3b-0dff41e2ae72
2500,23000,15.0,KTM 125 Duke,01/2014,Gasoline,Manual,Used,,/offers/ktm-125-duke-gasoline-orange-a8df61ba-ebfd-767e-e053-0100007f639a
8499,1,71.0,Suzuki V-Strom 650,12/2020,Gasoline,Manual,Pre-registered,DL 650 V-Strom DL650 XT in Menden,/offers/suzuki-v-strom-650-dl-650-v-strom-dl650-xt-in-menden-gasoline-blue-faae5514-c650-4840-8daa-5305edb5097c
23899,0,,MV Agusta,01/2019,,,New,F3 800 RC ABS,/offers/mv-agusta-others-f3-800-rc-abs-red-b5419282-3aa6-43bf-8cde-e7222625bdcd
7450,8700,54.0,Kymco AK 550,07/2018,Gasoline,,Used,,/offers/kymco-ak-550-gasoline-black-7a4a57c1-5f94-025b-e053-0100007f9d8f
7000,48000,125.0,Triumph Tiger 1050,05/2013,Gasoline,Manual,Used,Sport,/offers/triumph-tiger-1050-sport-gasoline-grey-e7524f47-34de-40b1-af07-f81629b32bf0
13500,23600,64.0,Harley-Davidson Custom Bike,07/2005,Gasoline,,Used,,/offers/harley-davidson-custom-bike-gasoline-black-692eb7c4-5f4c-486a-e053-0100007f9b63
8999,10200,122.0,Triumph Street Triple 765,05/2017,Gasoline,,Used,"Griffheizhung, Quickshift, Alarmanlage, Scheibe",/offers/triumph-street-triple-765-griffheizhung-quickshift-alarmanlage-scheibe-gasoline-grey-7f0b17b9-6314-1e05-e053-0100007f8c70
6500,23100,60.0,BMW C 600,10/2015,Gasoline,Automatic,Used,,/offers/bmw-c-600-gasoline-blue-4e2349ea-04aa-464b-b9cf-5268b6e8b293
4890,1000,24.0,Royal Enfield Himalayan,12/2020,Gasoline,Manual,Demonstration,SPECIAL EIGHT KUSTOM FACTORY,/offers/royal-enfield-himalayan-special-eight-kustom-factory-gasoline-red-05c54366-f6e4-400f-8dd2-9bb06e52cd64
21999,8850,58.0,Harley-Davidson Trike,08/1996,Gasoline,Manual,Used,,/offers/harley-davidson-trike-gasoline-blue-203815c3-a163-1124-e053-0100007f5d4f
10500,5667,110.0,BMW R nineT,06/2017,Gasoline,,Used,,/offers/bmw-r-ninet-gasoline-grey-b17cdbbf-9d7b-e264-e053-0100007f81e1
7250,19770,175.0,BMW K 1300 S,10/2010,Gasoline,Manual,Used,,/offers/bmw-k-1300-s-gasoline-green-45c370c2-a0c7-4b14-e053-0100007f5c66
7000,21000,53.0,Harley-Davidson Sportster 883,05/2003,Gasoline,Manual,Used,,/offers/harley-davidson-sportster-883-gasoline-grey-b69f14bf-5b98-8948-e053-0100007f6b66
17570,17239,,Harley-Davidson Softail,01/2015,,,Used,FLSTC HERITAGE CLASSIC,/offers/harley-davidson-softail-flstc-heritage-classic-black-c244c12d-af8b-425b-b456-3807538342ea
18000,9900,218.0,Aprilia RSV4,11/2019,Gasoline,,Used,rsv4 1100 factory,/offers/aprilia-rsv4-rsv4-1100-factory-gasoline-black-c5ff867b-7c49-4e36-92ff-639382286809
21990,1300,91.0,BMW R18,05/2021,,Manual,Used,First Edition,/offers/bmw-r18-first-edition-black-69bccfee-8278-4706-be07-965f94869acc
10600,37000,173.0,KTM 1290 Super Duke GT,07/2016,Gasoline,,Used,,/offers/ktm-1290-super-duke-gt-gasoline-grey-e3ba98bb-5412-634f-e053-0100007fd804
1800,8000,15.0,Derbi Senda,06/2011,Gasoline,,Used,baja,/offers/derbi-senda-baja-gasoline-black-a28e2728-7672-4e52-9cb4-676bc406d793
12350,36500,,Ducati Multistrada 1200,08/2014,Gasoline,,Used,S PIKES PEAK!,/offers/ducati-multistrada-1200-s-pikes-peak-gasoline-red-9f9ed74b-3a35-4e2d-8325-8b19cab3274e
8000,20000,54.0,Honda X-ADV,07/2017,Gasoline,,Used,Travel Edition,/offers/honda-x-adv-travel-edition-gasoline-grey-9ce37eb9-61f6-44bb-abfa-d4e18a1b35c4
8499,0,,Fantic,01/2021,,,New,Motor Caballero 500 Flat track,/offers/fantic-others-motor-caballero-500-flat-track-black-f0bdabf6-8b9d-4fff-8aae-7e15b40e3e5b
10000,2900,141.0,Kawasaki Z1000 SX,10/2019,Gasoline,Manual,Used,,/offers/kawasaki-z1000-sx-gasoline-red-ead013c7-48e2-a37b-e053-0100007fd732
6599,0,,Kawasaki Versys-X 300,01/2021,,,New,,/offers/kawasaki-versys-x-300-black-a84ab2a8-9c9a-435d-8bc0-0b0a2ae2ee0f
6299,16055,,Yamaha MT-07,09/2019,Gasoline,,Used,,/offers/yamaha-mt-07-gasoline-black-f7d95ff2-e530-45de-af63-0fd52af5424f
1650,3100,10.0,Kymco Agility 125,08/2018,Gasoline,Automatic,Used,16+,/offers/kymco-agility-125-16-gasoline-white-55f12dc4-9734-2402-e053-0100007fb795
14999,0,,Suzuki GSX-S 1000,01/2021,,,New,,/offers/suzuki-gsx-s-1000-grey-3ea761d0-36b6-423f-8a5a-24226f5a6d61
7200,22870,75.0,Yamaha MT-07,05/2018,Gasoline,Manual,Used,,/offers/yamaha-mt-07-gasoline-black-b270365f-5976-4ccb-becb-2bd5e3e3b337
6750,3500,60.0,Harley-Davidson Street 750,03/2017,Gasoline,,Used,XG1,/offers/harley-davidson-street-750-xg1-gasoline-black-1ee72881-7438-44d6-9e25-eb35acaae1a9
21800,0,,KTM 1290 Super Adventure,01/2021,,,New,S,/offers/ktm-1290-super-adventure-s-orange-67be0be9-7c23-4b8e-88f9-029de4d36d0f
1490,32500,16.0,Honda SH 150,05/2009,Gasoline,Automatic,Used,con minirata a partire da â¬ 49 mese,/offers/honda-sh-150-con-minirata-a-partire-da--49-mese-gasoline-yellow-d93b27b1-895f-40ca-bbff-b3e378017619
9500,43391,98.0,Kawasaki GTR 1400,05/2014,Gasoline,Manual,Used,,/offers/kawasaki-gtr-1400-gasoline-brown-50155b82-6b45-4ee2-8f60-19f69bc47dfc
10500,63000,116.0,BMW R 1200 GS Adventure,03/2013,Gasoline,Manual,Used,,/offers/bmw-r-1200-gs-adventure-gasoline-black-aff42d8b-c2d4-5d48-e053-e250040a19a2
6889,2,,Vespa,01/2021,,,New,GTS 300 HPE SUPER SPORT,/offers/vespa-others-gts-300-hpe-super-sport-blue-6f70acec-7cf9-4b41-9f70-1f154975bbbe
6690,11208,141.0,Kawasaki Z1000 SX,05/2014,Gasoline,Manual,Used,,/offers/kawasaki-z1000-sx-gasoline-black-35a280c3-a4f7-db41-e053-0100007f1dd1
39990,0,,Honda,01/2020,,,New,GL 1800 Tour DeLuxe,/offers/honda-others-gl-1800-tour-deluxe-black-303f9dc7-5cc1-4079-8128-67b875d2496b
7099,0,,Yamaha X-Max 300,01/2021,,,New,ABS,/offers/yamaha-x-max-300-abs-grey-62328dd8-f56e-4076-8809-e94f6e72e093
8500,239,44.0,Polaris Sportsman 570,02/2020,Gasoline,,Used,Touring,/offers/polaris-sportsman-570-touring-gasoline-blue-5730d803-dfff-4a2a-9400-7460354468c0
7000,5490,95.0,KTM 1050 Adventure,03/2016,Gasoline,,Used,,/offers/ktm-1050-adventure-gasoline-orange-ac03fac4-f48e-481f-e053-0100007f7180
7950,8735,,KTM 690 Duke,01/2017,,,Used,R ABS,/offers/ktm-690-duke-r-abs-black-4eb5f5e5-4cdb-41d0-9f97-c405e46c6753
2500,500,5.0,HM CRM Basic,03/2015,Two Stroke Gasoline,,Used,HM CRM 50cc 2015,/offers/hm-crm-basic-hm-crm-50cc-2015-two-stroke-gasoline-red-021ab67e-518c-4ccd-b217-1e97ab753cc6
990,1859,4.0,Peugeot Kisbee,12/2017,Two Stroke Gasoline,Manual,Used,,/offers/peugeot-kisbee-two-stroke-gasoline-black-d37c8071-4add-4323-b765-d68c5f4a7e9e
14000,6000,165.0,BMW S 1000 XR,10/2018,Gasoline,Semi-automatic,Used,triple black,/offers/bmw-s-1000-xr-triple-black-gasoline-black-4634a4bc-658a-af0c-e053-0100007f9b7b
6750,102,20.0,KTM 250 Enduro,02/2020,Gasoline,Manual,Used,Freeride 250 F,/offers/ktm-250-enduro-freeride-250-f-gasoline-orange-4a5f15c4-2bac-c60c-e053-0100007faf54
8190,16000,106.0,Honda VFR 800,06/2016,Gasoline,Manual,Used,,/offers/honda-vfr-800-gasoline-black-6d657bee-284e-4836-8058-05f69249543f
9200,3500,65.0,Bombardier DS 650,08/2003,Gasoline,,Used,Baja Schaltung,/offers/bombardier-ds-650-baja-schaltung-gasoline-black-10bea067-1cab-454a-a8bf-a7f05880a324
12000,5683,38.0,Harley-Davidson Sportster 883,01/2017,Gasoline,,Used,,/offers/harley-davidson-sportster-883-gasoline-black-ead518c2-84c6-f64d-e053-0100007ffa89
7000,111500,105.0,BMW R 1200 GS Adventure,05/2008,Gasoline,,Used,Adventure,/offers/bmw-r-1200-gs-adventure-adventure-gasoline-grey-bfb12368-f4da-496c-befe-cc87eb39e025
10250,15800,160.0,KTM 1290 Super Adventure,09/2015,Gasoline,,Used,,/offers/ktm-1290-super-adventure-gasoline-white-db23c178-bbb5-4d7d-be51-43eab6604b7d
1600,15000,95.0,Kymco People One,08/2015,Gasoline,,Used,,/offers/kymco-people-one-gasoline-white-0fdbf6b9-5728-f526-e053-0100007f8595
10700,15000,50.0,BMW C Evolution,05/2016,Electric,,Used,,/offers/bmw-c-evolution-electric-white-93a8cfc3-6f24-48ea-8c5e-cee06084ea5f
8500,38400,86.0,Triumph Thunderbird 6T,06/2010,Gasoline,,Used,,/offers/triumph-thunderbird-6t-gasoline-black-a61d90c3-2ad6-5d0f-e053-0100007f1beb
19450,25546,160.0,BMW K 1600 GT,05/2018,Gasoline,Manual,Used,,/offers/bmw-k-1600-gt-gasoline-blue-cb8e2e5b-3291-4d86-a5d2-71d17349778d
1400,490,11.0,Zipp,05/2019,Gasoline,,Used,,/offers/zipp-others-gasoline-red-70f85ebb-de96-8a4d-e053-0100007fff4d
2750,31000,300.0,Piaggio MP3 300,06/2016,Gasoline,,Used,,/offers/piaggio-mp3-300-gasoline-grey-963dc7b2-5b46-4805-bc5f-910571eb2564
7200,1,1.0,Kawasaki,12/1977,Gasoline,Manual,Antique / Classic,Cucchi 1200,/offers/kawasaki-others-cucchi-1200-gasoline-green-9dfd7125-ff36-41cf-b3fd-e25e3c9fc726
7777,25500,143.0,Kawasaki Z 1000,10/2014,Gasoline,,Used,Z1000R,/offers/kawasaki-z-1000-z1000r-gasoline-black-e45f7482-11f7-4766-829d-84c66d3bffa7
19000,22625,136.0,BMW R 1250 GS,03/2019,Gasoline,,Used,HP style full option,/offers/bmw-r-1250-gs-hp-style-full-option-gasoline-blue-eb330e9f-191e-44c5-83c5-9ecfa6bdf2ce
10500,24000,125.0,Suzuki Intruder M,05/2007,Gasoline,,Used,,/offers/suzuki-intruder-m-gasoline-black-2e51540b-696a-4558-a473-26f7fafe6dc7
10990,1150,,KTM,05/2020,Gasoline,,Used,,/offers/ktm-gasoline-orange-0c8dda64-853c-4c3b-beeb-26011fa2d630
6000,31000,102.0,Honda Crossrunner,03/2014,Gasoline,,Used,abs,/offers/honda-crossrunner-abs-gasoline-white-a540433c-84ca-4787-9a44-857da8fcc9e0
3600,3,10.0,Honda Super Cub,02/2021,Gasoline,Manual,Used,125cc,/offers/honda-super-cub-125cc-gasoline-blue-3ac85dce-dd92-4897-8b38-28ca4c2542d7
8500,45000,106.0,Kawasaki ZRX 1100,08/2001,Gasoline,,Used,,/offers/kawasaki-zrx-1100-gasoline-brown-5adf43c4-b376-ab25-e053-0100007fb2db
12990,129750,,Honda Gold Wing,09/2012,Gasoline,,Used,DELUXE 1800,/offers/honda-gold-wing-deluxe-1800-gasoline-white-be592a26-13e6-41b6-8d03-a89b62850da0
8280,77,73.0,Yamaha Tracer 700,12/2020,Gasoline,Manual,Used,LED ABS 1 Hand neuwertig!,/offers/yamaha-tracer-700-led-abs-1-hand-neuwertig-gasoline-blue-dded70e8-fde5-47de-9032-79173bbf1b2f
10480,20700,125.0,BMW R 1200 R,06/2015,Gasoline,Semi-automatic,Used,Akrapovic / Insp .neu / 3 Pakete,/offers/bmw-r-1200-r-akrapovic-insp-neu-3-pakete-gasoline-white-4223ea05-6daf-4706-8a1f-5ad47cb395c6
6000,519,106.0,Kawasaki Z 750,05/2008,Gasoline,,Used,,/offers/kawasaki-z-750-gasoline-orange-694aebc6-f57f-ee4a-e053-0100007fa9d5
11950,9458,98.0,Triumph Thruxton,01/2017,,,Used,1200,/offers/triumph-thruxton-1200-white-79809dec-0d49-42fc-a714-7c8a56768fd7
900,800,67.0,Explorer Spin 50,01/2017,Gasoline,,Used,,/offers/explorer-spin-50-gasoline-orange-11acfcdb-87e2-42b9-8567-cb1ecde31541
18990,650,136.0,BMW R 1250 GS,09/2020,Gasoline,Manual,Demonstration,,/offers/bmw-r-1250-gs-gasoline-blue-90d69829-6132-4d48-8429-1a3198e798c8
23384,2878,136.0,BMW R 1250 GS Adventure,03/2021,Gasoline,Manual,Demonstration,,/offers/bmw-r-1250-gs-adventure-gasoline-grey-36602723-9fff-4668-9488-722676b411f7
13989,9438,155.0,Ducati Diavel,04/2015,Gasoline,Manual,Used,seitlicher Kennzeichenhalter,/offers/ducati-diavel-seitlicher-kennzeichenhalter-gasoline-black-f01449e8-e17f-4432-8565-0ce72e5f06e3
12500,40000,184.0,Ducati 1199 Panigale,05/2012,Gasoline,Manual,Used,PANIGALE S,/offers/ducati-1199-panigale-panigale-s-gasoline-red-ada36592-aea5-4116-9a19-f034db753de1
7000,43000,94.0,Honda GL 1200,01/1985,Gasoline,Manual,Used,,/offers/honda-gl-1200-gasoline-gold-396426c6-46a7-f531-e053-0100007f5234
15500,27000,200.0,Kawasaki Ninja H2,05/2018,Gasoline,Manual,Used,,/offers/kawasaki-ninja-h2-gasoline-green-8e99e7bd-6cd2-ed5f-e053-0100007f7a4b
9000,33200,173.0,KTM 1290 Super Duke R,05/2016,Gasoline,Manual,Used,,/offers/ktm-1290-super-duke-r-gasoline-orange-7ebafabd-dea8-eb31-e053-0100007f5c04
1900,18600,4.0,Vespa 50,04/1988,Two Stroke Gasoline,Manual,Used,Vespa PK 50 XL,/offers/vespa-50-vespa-pk-50-xl-two-stroke-gasoline-silver-f24ebb88-b321-4b6c-8d64-8d1f5cd4306f
7999,50000,,Yamaha FJR 1300,01/2009,Gasoline,,Used,ABS,/offers/yamaha-fjr-1300-abs-gasoline-grey-e3f75f04-0ac4-4544-a0d5-735430e46e64
13589,20486,125.0,BMW R 1200 GS LC,12/2014,Gasoline,Manual,Used,alle 3 Ausstattungspakete,/offers/bmw-r-1200-gs-lc-alle-3-ausstattungspakete-gasoline-grey-82460e87-a191-49ab-af0c-3b7b2674b62d
11790,6641,,Kawasaki,02/2019,Gasoline,,Used,,/offers/kawasaki-gasoline-orange-4f04d1f8-db10-46cb-a025-a718072175df
10390,22224,182.0,Yamaha YZF-R1,08/2010,Gasoline,Manual,Used,RN22),/offers/yamaha-yzf-r1-rn22-gasoline-white-46b0ae1d-bc0c-4291-8757-4d226c1bed0f
12500,54000,64.0,Harley-Davidson Custom Bike,04/2004,Gasoline,,Used,,/offers/harley-davidson-custom-bike-gasoline-beige-ce4674f5-d0c4-4ca7-ab82-c501c4919f2d
950,13018,170.0,Daelim S1 125,10/2011,Gasoline,,Used,,/offers/daelim-s1-125-gasoline-black-1f57b9b9-0f85-100e-e053-0100007faa8c
8500,35000,11822.0,Harley-Davidson,06/1985,Gasoline,,Used,Bobber,/offers/harley-davidson-others-bobber-gasoline-green-fa297f70-95b3-47fc-837a-d48ce281a3ce
7190,44700,98.0,BMW R 1200 GS,03/2007,,Manual,Used,ABS RDC Koffer Topcase 1.Hand,/offers/bmw-r-1200-gs-abs-rdc-koffer-topcase-1-hand-red-27f35221-2138-4b8f-830d-7e2be8019f52
14500,15000,156.0,Ducati XDiavel,09/2016,Gasoline,,Used,S,/offers/ducati-xdiavel-s-gasoline-black-5b5346b0-f812-6f03-e053-0100007f7550
1150,983,8.0,Kymco Super 8,05/2015,Gasoline,Automatic,Used,125ccm,/offers/kymco-super-8-125ccm-gasoline-orange-087fa1b9-acb2-4993-b7f1-593f39ab9e6d
15000,1400,67.0,Harley-Davidson XL 1200,05/2020,Gasoline,,Used,,/offers/harley-davidson-xl-1200-gasoline-black-af946c68-dd53-4bd8-865b-52f07bc38e1a
9500,37000,68.0,Triumph Thruxton,07/2007,Gasoline,,Used,,/offers/triumph-thruxton-gasoline-grey-edea48c6-c413-6712-e053-0100007f48e0
11500,980,65.0,Yamaha MT-07,06/2021,Gasoline,Manual,Used,,/offers/yamaha-mt-07-gasoline-black-eea1d365-ba39-4527-89e5-82f3a60c9bf8
13495,19400,76.0,Harley-Davidson Dyna Street Bob,08/2007,Gasoline,,Used,,/offers/harley-davidson-dyna-street-bob-gasoline-black-61a665a5-052f-425c-ac7b-59caa417b914
3500,12785,77.0,Honda CBF 600,05/2006,Gasoline,,Used,SA,/offers/honda-cbf-600-sa-gasoline-blue-aada28aa-07f3-445d-e053-0100007f25bd
9499,1098,125.0,Kawasaki Z 900,07/2019,Gasoline,Manual,Used,,/offers/kawasaki-z-900-gasoline-grey-9ddd3dc3-207f-3409-e053-0100007f67f3
700,10,14.0,Others,05/2010,Gasoline,,Used,,/offers/others-others-gasoline-white-1b8935ba-f9aa-a214-e053-0100007f443c
17250,15000,116.0,Triumph Tiger 1200,02/2020,Gasoline,Manual,Used,Special Edition : DESERT / Arrow / Verwarming /.,/offers/triumph-tiger-1200-special-edition-desert-arrow-verwarming-gasoline-grey-2fc76e87-8856-4836-94ec-d892a355ac5e
8000,36000,86.0,Harley-Davidson Sportster 1200,06/1994,Gasoline,,Used,custom gemaakt,/offers/harley-davidson-sportster-1200-custom-gemaakt-gasoline-grey-fe4c4648-d902-4fcd-aaad-88478bf9fca1
11999,2980,,Honda CRF 1000,02/2019,Gasoline,,Used,AFRICA TWIN L STD,/offers/honda-crf-1000-africa-twin-l-std-gasoline-0655b925-9aed-4d6a-bee6-a73f840280d2
6000,2000,39.0,SYM Maxsym TL,09/2020,Gasoline,,Used,,/offers/sym-maxsym-tl-gasoline-grey-7d438af9-a859-4470-a160-b4cd1bf9e917
9000,2300,10.0,Kawasaki ZR 1000,10/2012,Gasoline,,Used,,/offers/kawasaki-zr-1000-gasoline-black-4a7c42c1-819b-db10-e053-0100007f5348
11000,119260,118.0,Honda GL 1800,03/2011,Gasoline,,Used,,/offers/honda-gl-1800-gasoline-grey-b228b7bc-708a-625f-e053-0100007f964a
11000,21000,160.0,BMW S 1000 R,06/2014,Gasoline,,Used,,/offers/bmw-s-1000-r-gasoline-red-da36078a-a0e2-44ff-ace2-aacd6ff9fd2c
11990,350,111.0,Kawasaki Z 900,03/2021,Gasoline,Manual,Used,RS sofort lieferbar!,/offers/kawasaki-z-900-rs-sofort-lieferbar-gasoline-green-b23454d7-7c10-4a75-80fa-7b2b19a9150a
7000,5000,151.0,Honda CBR 900,04/2003,Gasoline,,Used,,/offers/honda-cbr-900-gasoline-blue-339babb9-746c-8235-e053-0100007f4925
6790,1000,29.0,Honda Forza 125,03/2021,,,Demonstration,Forza 350 ABS mit Smart-Box 2021 Modell,/offers/honda-forza-125-forza-350-abs-mit-smart-box-2021-modell-black-72138e57-3a9a-4246-a4b0-b56f03ad6394
14900,4136,102.0,Honda CRF 1100,01/2020,Gasoline,Manual,Used,AFRICA TWIN ADVENTURE SPORT,/offers/honda-crf-1100-africa-twin-adventure-sport-gasoline-blue-d511177b-3276-49ae-bf7b-ef8d1a97393e
25900,100,50.0,Harley-Davidson Heritage Softail,02/1997,Gasoline,Manual,Used,Classic Neufahrzeug EiNMALIG,/offers/harley-davidson-heritage-softail-classic-neufahrzeug-einmalig-gasoline-black-21e1dcd8-ba5f-4d62-9176-ba4d3da50e2d
10990,1100,,Yamaha,11/2018,Gasoline,,Used,,/offers/yamaha-gasoline-grey-f275acc8-9b04-43cf-b7c6-d17160b9b1a4
10000,34000,129.0,Honda VFR 1200,05/2016,Gasoline,Manual,Used,VFR 1200X Crosstourer,/offers/honda-vfr-1200-vfr-1200x-crosstourer-gasoline-red-25e54bb4-a979-4e4f-9d41-dbb0dd169a5c
13950,58841,111.0,Yamaha XT 1200,01/2015,,,Used,Z ABS Explorer,/offers/yamaha-xt-1200-z-abs-explorer-black-88cfb331-1e5d-4385-aa10-7ecfb8c998d9
10900,25440,67.0,Honda CB 750 four,07/1973,Gasoline,Manual,Used,K2 Seltenheit,/offers/honda-cb-750-four-k2-seltenheit-gasoline-green-438022c6-33bc-1c33-e053-0100007f1822
1200,33100,14.0,Yamaha X-City 125,09/2009,Gasoline,Automatic,Used,,/offers/yamaha-x-city-125-gasoline-black-bfd906fb-2f07-49ae-9052-e7f1e45ba4e5
8590,29000,132.0,Kawasaki Ninja ZX-6R,05/2016,Gasoline,,Used,636 KRT,/offers/kawasaki-ninja-zx-6r-636-krt-gasoline-green-8c83db24-05c6-426f-b234-ed38862b75a7
1890,8500,,MBK Flipper,09/2017,Gasoline,,Used,125,/offers/mbk-flipper-125-gasoline-white-75d311cf-02fb-459a-b64c-4d3fc17bd470
16330,2500,95.0,BMW F 850 GS,11/2020,Gasoline,Manual,Demonstration,3-Pakete+Style-Exclusive+,/offers/bmw-f-850-gs-3-pakete-style-exclusive-gasoline-grey-e0b1629c-2ed8-4a6d-b4be-13e5b5f2b717
6950,11,,Suzuki SV 650,06/2017,Gasoline,,Used,N ABS,/offers/suzuki-sv-650-n-abs-gasoline-blue-294a08b4-666e-43d4-a4f5-0361e57e5bf8
3929,0,,Vespa Sprint,01/2021,,,New,25 km,/offers/vespa-sprint-25-km-white-c42bf42d-6927-4ea4-9888-3a8b14bff8e1
8000,20000,140.0,Kawasaki Z 1000,04/2014,Gasoline,,Used,,/offers/kawasaki-z-1000-gasoline-orange-281815f7-8e27-4379-86de-093829d625a1
12500,4600,116.0,BMW R nineT,05/2018,Gasoline,,Used,,/offers/bmw-r-ninet-gasoline-white-250cdac2-bf42-0a73-e053-0100007ff04b
11490,26000,179.0,Kawasaki,01/2014,Gasoline,,Used,ZX-10R,/offers/kawasaki-others-zx-10r-gasoline-green-ddbcdb70-e7fe-4f0b-8077-de6640f83ac2
12450,0,,Aprilia RS 660,01/2021,,,New,,/offers/aprilia-rs-660-4e280f31-9c7f-4ffd-8836-480957e24a31
25000,1,213.0,Ducati Panigale V4,06/2019,Gasoline,Manual,Used,,/offers/ducati-panigale-v4-gasoline-red-fd3f8cc6-91e3-9a41-e053-0100007f1cb8
41500,15,147.0,MV Agusta Superveloce 800,06/2020,Gasoline,Manual,Used,ORO,/offers/mv-agusta-superveloce-800-oro-gasoline-red-03d33080-a5f6-4ab1-8aa6-acd91e6c2bc9
8000,21000,61.0,Moto Guzzi 1000 SP,08/1980,Gasoline,,Used,,/offers/moto-guzzi-1000-sp-gasoline-brown-3444e1bc-36b4-a811-e053-0100007fa35c
12000,3800,120.0,Yamaha Tracer 900,06/2020,Gasoline,Manual,Used,,/offers/yamaha-tracer-900-gasoline-blue-1d3045c5-3502-1251-e053-0100007f6a1a
11490,0,,Kawasaki Z 900,01/2021,,,New,RS Caf&#233;,/offers/kawasaki-z-900-rs-caf-233-green-0acf3071-7919-47ee-8aaa-310fcb4c8eaf
900,19500,3.0,Honda Vision 50,12/2013,Gasoline,,Used,,/offers/honda-vision-50-gasoline-grey-276eebbe-5343-1025-e053-0100007f2640
21100,0,,KTM 1290 Super Duke R,01/2021,,,New,DEMO F2,/offers/ktm-1290-super-duke-r-demo-f2-orange-59c3c1e4-82a0-4b4d-81f6-45a375ce0d52
9999,11000,,KTM 790 Duke,01/2019,Gasoline,,Used,ABS,/offers/ktm-790-duke-abs-gasoline-orange-35c16b47-3081-4914-9dd5-38740dc4de4b
6499,6371,,Kawasaki Z 650,01/2017,,,Used,ABS,/offers/kawasaki-z-650-abs-silver-68676deb-1e44-4a30-9633-dcadcdc722ee
27595,150,92.0,Indian Springfield,04/2021,Gasoline,Manual,Used,"Dark Horse 120 th 0,99 %+EUR 240",/offers/indian-springfield-dark-horse-120-th-0-99-eur-240-gasoline-black-2d98591b-983b-4549-9eee-eb99deafa47e
12990,0,105.0,BMW F 900 XR,12/2020,Gasoline,Manual,New,F 900 XR,/offers/bmw-f-900-xr-f-900-xr-gasoline-52efb770-9d7a-4c64-8548-a0cff08b0cc3
2100,6000,3.0,Yamaha DT 50,06/2014,Two Stroke Gasoline,,Used,,/offers/yamaha-dt-50-two-stroke-gasoline-orange-cff20fbd-88bd-3b6e-e053-0100007f74d2
13900,31000,158.0,Ducati Multistrada 1260,03/2018,Gasoline,Semi-automatic,Used,,/offers/ducati-multistrada-1260-gasoline-red-6c004ac2-0714-d66d-e053-0100007ff9b6
9950,31850,73.0,Kawasaki VN 1700,07/2009,Gasoline,Manual,Used,CLASSIC TOURER MIT NAVI RADIO & TEMPOMAT,/offers/kawasaki-vn-1700-classic-tourer-mit-navi-radio-tempomat-gasoline-red-e2279859-db68-4157-8432-02c7e20e483f
35800,1,,Harley-Davidson Street Glide,01/2021,,,New,FLHXS Spec. 114,/offers/harley-davidson-street-glide-flhxs-spec-114-black-f8b3d6d1-fa6c-4606-8f9e-81527baec5c5
20900,400,91.0,BMW R18,10/2020,Gasoline,Manual,Used,First Edition,/offers/bmw-r18-first-edition-gasoline-black-43405a2e-b815-4b51-b5df-fe0a1d1945e2
11000,36000,150.0,Ducati Multistrada 1200,03/2013,Gasoline,,Used,,/offers/ducati-multistrada-1200-gasoline-grey-eb1cabc5-34af-6b5a-e053-0100007f776f
21000,53830,56.0,Harley-Davidson Heritage Springer,06/1998,Gasoline,,Used,,/offers/harley-davidson-heritage-springer-gasoline-black-e64ad551-d16b-4a9c-bbd3-c8e06f993f8b
9750,23300,95.0,Honda CRF 1000,04/2016,Gasoline,Manual,Used,A AFRICA TWIN MIT ABS & TC,/offers/honda-crf-1000-a-africa-twin-mit-abs-tc-gasoline-white-f999475a-2369-465f-b892-96b3d398f461
10990,16000,110.0,BMW R nineT,05/2018,Gasoline,Manual,Used,Scrambler,/offers/bmw-r-ninet-scrambler-gasoline-grey-ed214751-acd3-4434-8242-939dc0c62f3a
25980,5,126.0,Honda Gold Wing,05/2021,Gasoline,Manual,Pre-registered,Goldwing Bagger 1800,/offers/honda-gold-wing-goldwing-bagger-1800-gasoline-silver-f152582a-9fa3-4735-9b4c-3161c3ff587e
2990,31200,,Honda Forza 125,10/2015,Gasoline,,Used,NSS,/offers/honda-forza-125-nss-gasoline-silver-e3eaa3ce-94ff-4b46-a267-d27a8d534081
7780,5001,105.0,Ducati Hyperstrada,06/2016,Gasoline,Manual,Used,,/offers/ducati-hyperstrada-gasoline-red-0a8674c3-d679-fe38-e053-0100007f0a8e
14500,11000,121.0,Harley-Davidson V-Rod,04/2016,Gasoline,Manual,Used,,/offers/harley-davidson-v-rod-gasoline-black-3d2361c2-ea22-082d-e053-0100007fe193
10989,8960,128.0,Ducati Monster 1200,04/2014,Gasoline,Manual,Used,"Synto-Hebel, Heckumbau",/offers/ducati-monster-1200-synto-hebel-heckumbau-gasoline-red-0fc19021-5ab6-4203-9afb-fb869bc8a7a4
7000,56000,50.0,BMW R 75/6,03/1975,Gasoline,Manual,Used,,/offers/bmw-r-75-6-gasoline-green-a90639c1-211d-9f70-e053-0100007f0ad2
12500,32000,76.0,Harley-Davidson Dyna Super Glide,05/2013,Gasoline,Manual,Used,,/offers/harley-davidson-dyna-super-glide-gasoline-black-9bc691b9-7d6b-4527-e053-0100007f8446
10990,19121,107.0,BMW R 1200 RS,01/2016,Gasoline,Manual,Used,,/offers/bmw-r-1200-rs-gasoline-white-a59e90bc-67b5-4671-8578-c9e563dbfb98
7980,11822,56.0,Suzuki Bandit 650,04/2015,Gasoline,Automatic,Used,,/offers/suzuki-bandit-650-gasoline-white-be1905c7-410a-b47d-e053-0100007f4cd8
12000,38385,125.0,BMW R 1200 GS,06/2013,Gasoline,Manual,Used,,/offers/bmw-r-1200-gs-gasoline-grey-371b7ebd-d6dc-6e70-e053-0100007f6038
23500,550,136.0,BMW R 1250 GS Adventure,04/2021,Gasoline,,Used,"Todos los paquetes, acabo Rallye",/offers/bmw-r-1250-gs-adventure-todos-los-paquetes-acabo-rallye-gasoline-white-5fdb7c17-3757-4b3f-af2e-d3c2d081a083
9290,7750,111.0,Kawasaki Z 900,05/2018,Gasoline,Manual,Used,RS,/offers/kawasaki-z-900-rs-gasoline-black-bf50aec4-b8be-4747-9078-02e004131f0e
9500,7500,69.0,Harley-Davidson 1200 Custom,06/2015,Gasoline,,Used,,/offers/harley-davidson-1200-custom-gasoline-black-9b6b0cbe-3102-d25b-e053-0100007f6e1c
6250,8250,68.0,Kawasaki Z 650,08/2017,Gasoline,,Used,,/offers/kawasaki-z-650-gasoline-green-e4788509-a8b8-4c63-81c6-8e8ff6a5d358
400,57000,125.0,Honda Pantheon 125,03/2010,Gasoline,,Used,,/offers/honda-pantheon-125-gasoline-silver-88dff6c5-6a6b-d936-e053-0100007f6d3f
10490,37765,160.0,BMW S 1000 R,04/2015,Gasoline,Manual,Used,,/offers/bmw-s-1000-r-gasoline-black-b137b876-9871-4b42-9627-075831162ce7
9990,63350,110.0,BMW R 1200 GS,03/2012,Gasoline,Manual,Used,Tieferlegung,/offers/bmw-r-1200-gs-tieferlegung-gasoline-black-a7c73fc0-a2c5-de0e-e053-0100007fb90e
8900,21500,143.0,Kawasaki Z1000 SX,03/2017,Gasoline,,Used,,/offers/kawasaki-z1000-sx-gasoline-green-f11bb0bb-1c75-2d7c-e053-0100007f39ce
600,43025,5.0,Yamaha Aerox,12/2016,Two Stroke Gasoline,,Used,,/offers/yamaha-aerox-two-stroke-gasoline-orange-7a584abf-a428-eb10-e053-0100007f5297
15000,67400,,BMW,11/2017,Gasoline,,Used,,/offers/bmw-gasoline-black-51aa374e-d387-4d0e-985c-60aedd05433e
800,5300,22.0,Piaggio Carnaby 300,01/2010,Gasoline,,Used,,/offers/piaggio-carnaby-300-gasoline-grey-f18a47c5-00ed-5935-e053-0100007f7097
950,7500,35.0,SYM Orbit II,04/2019,Gasoline,,Used,,/offers/sym-orbit-ii-gasoline-black-84e7c2c5-e002-5839-e053-0100007f72eb
9900,1304,3.0,Piaggio Ape,04/2013,Gasoline,,Used,Gastronomie umbau,/offers/piaggio-ape-gastronomie-umbau-gasoline-white-45d32c46-2807-4412-8e75-b66c890269ad
8000,1162,48.0,BMW C 400 GT,07/2020,Gasoline,,Used,,/offers/bmw-c-400-gt-gasoline-grey-45593dc2-f390-af26-e053-0100007f64d8
7000,6500,68.0,Kawasaki Ninja 650,01/2020,Gasoline,,Used,sc project (euro 5),/offers/kawasaki-ninja-650-sc-project-euro-5-gasoline-black-744a3a81-7376-4e37-a56d-0bba23b4eae9
11900,22500,179.0,KTM 1290 Super Duke GT,05/2018,Gasoline,Manual,Used,,/offers/ktm-1290-super-duke-gt-gasoline-orange-a068bcfe-53e3-4eb4-b8d2-a45bc08b6b12
2900,37700,15.0,Yamaha WR 125,06/2015,Gasoline,Manual,Used,,/offers/yamaha-wr-125-gasoline-black-af17cfc0-8880-a823-e053-0100007fcbd6
8500,1900,476.0,KTM 350 EXC,10/2020,Gasoline,,Used,F,/offers/ktm-350-exc-f-gasoline-orange-fe4f9e47-4819-4728-8952-23dcaa143610
14900,10325,160.0,KTM 1290 Super Adventure,09/2019,Gasoline,Manual,Used,S - MINI RATE - GARANZIA,/offers/ktm-1290-super-adventure-s-mini-rate-garanzia-gasoline-orange-a2d2cdde-41e5-46b9-b2c5-2627a65eda6c
10000,10000,69.0,BMW R 100,05/1982,Gasoline,Manual,Antique / Classic,,/offers/bmw-r-100-gasoline-black-406b75b0-2c6c-1a65-e053-0100007fdcf5
79950,119,159.0,Ducati Diavel,06/2021,Gasoline,Manual,Used,1260 Lamborghini Sian Edition NR. 297/630,/offers/ducati-diavel-1260-lamborghini-sian-edition-nr-297-630-gasoline-green-52bfd305-2aa2-4f70-8095-c31b75c5c496
17600,43000,,Honda GL 1800,12/2013,Gasoline,,Used,GOLDWING,/offers/honda-gl-1800-goldwing-gasoline-black-cff0887f-cba8-4069-8d13-7e7e337496b0
10500,30000,181.0,Honda CBR 1000,02/2016,Gasoline,Manual,Used,RR,/offers/honda-cbr-1000-rr-gasoline-orange-6f3a52bf-6061-2720-e053-0100007f0622
23000,17000,97.0,Harley-Davidson Low Rider,12/2016,Gasoline,,Used,Dyna Low Rider S FXDLS Screaming Eagle,/offers/harley-davidson-low-rider-dyna-low-rider-s-fxdls-screaming-eagle-gasoline-black-8554c0be-d617-021b-e053-0100007f7dcb
7499,19042,,Kawasaki Z 800,01/2015,,,Used,,/offers/kawasaki-z-800-black-7628684e-a513-4040-b97c-ad03b5f8a40e
1888,3066,16.0,Peugeot LXR 200,06/2012,Gasoline,Automatic,Used,,/offers/peugeot-lxr-200-gasoline-white-b370dec3-cf37-c333-e053-0100007f99c6
50,40000,19.0,Aprilia Sportcity 200,05/2006,Gasoline,Automatic,Used,,/offers/aprilia-sportcity-200-gasoline-black-93972ac7-1859-1410-e053-0100007f29cb
300,14494,49.0,Piaggio TPH 50,02/2001,Gasoline,,Used,,/offers/piaggio-tph-50-gasoline-black-538b9743-95ae-4112-9e7c-89412de395c6
10990,18500,67.0,Harley-Davidson Sportster 1200,08/2010,Gasoline,Manual,Used,,/offers/harley-davidson-sportster-1200-gasoline-green-823c19bd-efd5-c908-e053-0100007fb3a1
16999,8330,87.0,Harley-Davidson,07/2016,Gasoline,Manual,Used,FLTRXS ROAD GLIDE SPECIAL TOP FLTRX,/offers/harley-davidson-others-fltrxs-road-glide-special-top-fltrx-gasoline-black-36172da1-e059-46c4-89ea-e8544c29f8b6
13000,11000,181.0,Honda CBR 1000,05/2016,Gasoline,,Used,SP,/offers/honda-cbr-1000-sp-gasoline-white-be073d1f-ffb3-4bc7-9cd9-17ff5932cfa4
11689,7909,110.0,BMW R nineT,03/2018,Gasoline,Manual,Used,"RACER - Akrapovic, Extras, 1.Hd",/offers/bmw-r-ninet-racer-akrapovic-extras-1-hd-gasoline-e9144b24-095c-4bfc-bed7-3c5869487f69
8400,5562,69.0,Kawasaki Versys 650,02/2020,Gasoline,,Used,Tourer,/offers/kawasaki-versys-650-tourer-gasoline-green-95754e84-bc9b-468c-8045-034794efec91
26500,4000,101.0,Indian Springfield,09/2019,Gasoline,Manual,Used,dark horse,/offers/indian-springfield-dark-horse-gasoline-white-c6f152b0-1edd-6e30-e053-0100007fa724
9000,1833,42.0,Yamaha Grizzly 660,04/2006,Gasoline,,Used,"special edition, trekhaak, verlichting",/offers/yamaha-grizzly-660-special-edition-trekhaak-verlichting-gasoline-grey-d5a6739e-6fe2-43c4-8940-8eb0777771d9
350,24000,11.0,Kymco Agility 150,04/2011,Gasoline,,Used,,/offers/kymco-agility-150-gasoline-black-bc83a6e4-6e2c-4fe2-9a06-e99954c2e5a3
8600,30000,18.0,Piaggio,08/2016,Diesel,Manual,Used,,/offers/piaggio-others-diesel-white-5e000f67-8c13-4288-88b7-8e9c105b946a
8000,5000,131.0,Kawasaki 900 Z,04/2021,Gasoline,,Used,,/offers/kawasaki-900-z-gasoline-black-96d371c6-6944-5b46-e053-0100007f4157
1200,11600,8.0,Gilera Runner 50,05/2011,Gasoline,,Used,,/offers/gilera-runner-50-gasoline-silver-2d3517a6-0ab5-4b05-85b1-d05d71eba081
8600,40,15.0,KTM 450 EXC,12/2020,Gasoline,,Used,"Six Days , moto comme neuf",/offers/ktm-450-exc-six-days-moto-comme-neuf-gasoline-orange-d62396d0-22e6-4e3b-98d2-ff3e9d539fe4
10950,50212,56.0,Harley-Davidson,02/1995,Gasoline,Manual,Used,FXDS-C Convertible,/offers/harley-davidson-others-fxds-c-convertible-gasoline-55e5366f-3eba-4373-985d-ef61f2419d80
9100,40,15.0,KTM 450 EXC,12/2020,Gasoline,,Used,,/offers/ktm-450-exc-gasoline-white-b60d20c4-40cd-f064-e053-0100007f1e58
10300,46924,7.0,ZÃ¼ndapp DB 200,07/1939,Two Stroke Gasoline,Manual,Used,ZÃ¼ndapp DBT 200 WH,/offers/zuendapp-db-200-zuendapp-dbt-200-wh-two-stroke-gasoline-grey-8f3992ab-6387-1626-e053-0100007f7b04
1550,1768,,Piaggio Liberty 50,08/2016,,,Used,,/offers/piaggio-liberty-50-277185b2-f195-4c1d-af41-3568bf7a92ed
9000,11270,86.0,BMW F 800 GS,03/2014,Gasoline,Manual,Used,,/offers/bmw-f-800-gs-gasoline-white-4b3c0fac-9a12-4fad-b714-821abd1773f2
7000,23300,143.0,Kawasaki Z 1000,06/2017,Gasoline,,Used,,/offers/kawasaki-z-1000-gasoline-yellow-55e399c6-9cb4-ad64-e053-0100007f9f36
10000,39187,67.0,Harley-Davidson XL 1200,01/2007,Gasoline,,Used,,/offers/harley-davidson-xl-1200-gasoline-black-17c3e4c4-200e-7a1a-e053-0100007fd3bf
550,8423,3.0,Generic,05/2017,Gasoline,,Used,,/offers/generic-others-gasoline-black-5a9988ce-6f75-4ffd-9998-caf3053ca311
7900,37000,54.0,Honda X-ADV,07/2017,Gasoline,,Used,dtc,/offers/honda-x-adv-dtc-gasoline-grey-738d91dc-12e9-4679-85f2-d15ab4039d34
8800,23000,163.0,Ducati Diavel,05/2011,Gasoline,,Used,,/offers/ducati-diavel-gasoline-red-39a9a8c5-cdbf-256f-e053-0100007f527f
12500,8700,107.0,Suzuki V-Strom 1050,05/2020,Gasoline,,Used,XT,/offers/suzuki-v-strom-1050-xt-gasoline-black-0d85720c-7897-4425-97d7-603686e06f8b
10700,8550,117.0,Yamaha Niken,02/2019,Gasoline,,Used,,/offers/yamaha-niken-gasoline-black-ec8304c0-95cb-c710-e053-0100007fd1b6
7000,15199,49.0,Yamaha Raptor 700,03/2007,Gasoline,,Used,,/offers/yamaha-raptor-700-gasoline-red-98fc8ebf-e0c5-2260-e053-0100007f62a4
7490,500,34.0,BMW C 400 X,02/2021,Gasoline,Automatic,Used,400 X,/offers/bmw-c-400-x-400-x-gasoline-80a13fca-277e-4949-a479-5e951e08f9f1
13950,30750,151.0,Ducati Multistrada 1200,01/2013,Gasoline,,Used,S PIKES PEAK,/offers/ducati-multistrada-1200-s-pikes-peak-gasoline-red-2dff2bae-930c-490d-a24b-695017caf321
13490,5432,136.0,BMW R 1250 R,07/2019,Gasoline,Manual,Used,hp,/offers/bmw-r-1250-r-hp-gasoline-white-98f96aa9-bf03-4212-ac1e-719562bd64c5
1800,100,1.0,Fantic 50E,03/2010,Two Stroke Gasoline,,Used,SIX DAYS,/offers/fantic-50e-six-days-two-stroke-gasoline-white-4727bf4c-6bf5-4dbe-889e-bf4bac85db53
7000,10110,137.0,Kawasaki Z 1000,04/2010,Gasoline,,Used,,/offers/kawasaki-z-1000-gasoline-black-4f2b96b9-282a-ba5e-e053-0100007fdc71
11800,28971,,Ducati,06/2019,Gasoline,,Used,,/offers/ducati-gasoline-red-d67409e3-4575-4f83-9d37-76fa21d52799
8200,52263,150.0,KTM 1190 Adventure,07/2014,,,Used,,/offers/ktm-1190-adventure-orange-1659c099-dd95-44fc-822e-b328059b4511
9000,600,1088.0,Ducati Scrambler,12/2019,Gasoline,,Used,Desert Sled,/offers/ducati-scrambler-desert-sled-gasoline-white-7f598e19-c0aa-4ec4-8aeb-d3d0ea27a30b
10990,10289,,Yamaha YZF-R1,01/2014,,,Used,,/offers/yamaha-yzf-r1-grey-b54e60aa-7d71-46b6-b74a-c2df3a0963a5
12490,8035,,Triumph Speed Twin,01/2019,,,Used,1200,/offers/triumph-speed-twin-1200-red-03e3d5c4-5b10-4a01-95e7-83f033360560
8500,40000,53.0,Harley-Davidson Sportster 883,07/2005,Gasoline,,Used,,/offers/harley-davidson-sportster-883-gasoline-black-cae44f61-6746-41b5-a5b0-e4507ca0e09d
13890,11618,,BMW F 850 GS,06/2019,Gasoline,,Used,,/offers/bmw-f-850-gs-gasoline-red-dacd12f1-9983-46d8-906e-37f54ba5c8d2
7250,9400,,Honda NC 750,03/2016,Gasoline,,Used,X ABS,/offers/honda-nc-750-x-abs-gasoline-grey-075e3597-a7b6-4948-b48b-92d86820c787
16999,7200,207.0,Ducati 999,07/2005,Gasoline,,Used,#373 Original 999R,/offers/ducati-999-373-original-999r-gasoline-red-9c4765e0-d4ea-478d-b697-01ef5dd5b750
6099,0,,Kawasaki Z 400,01/2021,,,New,,/offers/kawasaki-z-400-green-897c51fa-fa31-4b3c-877d-5f42645410ad
9999,37900,182.0,Yamaha YZF-R1,04/2009,Gasoline,Manual,Used,Rn22,/offers/yamaha-yzf-r1-rn22-gasoline-blue-743e28e7-83d8-44a6-9bf3-de2ca2a188f2
11900,1311,,BMW R nineT,06/2016,Gasoline,,Used,,/offers/bmw-r-ninet-gasoline-grey-ebaa0d25-0ac7-4d6c-90bc-14b00a5880ab
13600,41303,107.0,BMW R 1200 RT,02/2014,Gasoline,,Used,Garantie jusqu'au 23/03/2024 !!!,/offers/bmw-r-1200-rt-garantie-jusqu-au-23-03-2024-gasoline-black-7d554806-b7fa-43b4-a4df-980cb14e2a94
8500,6800,45.0,Yamaha TMAX SX,03/2017,Gasoline,,Used,,/offers/yamaha-tmax-sx-gasoline-black-76256fc1-e1b2-6634-e053-0100007faeb9
11700,37000,77.0,Harley-Davidson Dyna Fat Bob,11/2011,Gasoline,Manual,Used,,/offers/harley-davidson-dyna-fat-bob-gasoline-black-363836bd-1f64-0446-e053-0100007f9579
13500,768,48.0,Yamaha TMAX 560,07/2020,Gasoline,Automatic,Used,TECH MAX,/offers/yamaha-tmax-560-tech-max-gasoline-black-2f41d2ce-4edc-41ba-839a-fd2b6f06a4e9
12000,14000,165.0,BMW S 1000 R,05/2020,Gasoline,,Used,hp,/offers/bmw-s-1000-r-hp-gasoline-white-b924e452-33d4-47cd-996a-7d235fec3fb4
2650,29000,20.0,Yamaha X-Max 250,03/2013,Gasoline,,Used,,/offers/yamaha-x-max-250-gasoline-bronze-efdcbcc5-2d73-5a77-e053-0100007f594a
8990,33712,,Kawasaki Versys 1000,01/2015,,,Used,,/offers/kawasaki-versys-1000-black-39e951d0-3bd2-4505-8c66-2600bbca0029
17700,1,95.0,Triumph Tiger 900,01/2021,Gasoline,Manual,New,GT PRO,/offers/triumph-tiger-900-gt-pro-gasoline-black-330f280a-58bf-41bf-9cd1-c1e74d1174d7
21950,851,15.0,BMW R 26,06/1956,Gasoline,,Antique / Classic,Steib LS200 Gespann Zijspan NIEUWSTAAT GERESTAUREE,/offers/bmw-r-26-steib-ls200-gespann-zijspan-nieuwstaat-gerestauree-gasoline-black-17efc929-2221-413c-bc11-d7f9f9f87bd1
1600,35994,22.0,Malaguti Madison 250,10/2010,Gasoline,,Used,3 i.e.,/offers/malaguti-madison-250-3-i-e-gasoline-996e0c9b-e405-48bd-8955-9d6ce0f2f56c
7698,0,,Honda CMX 500,01/2021,,Manual,New,REBEL,/offers/honda-cmx-500-rebel-blue-227f3a57-1e12-4402-bc8d-4c5334bed008
7200,23000,48.0,Piaggio MP3 500,09/2015,Gasoline,,Used,MP3 500LT Sport + ABS,/offers/piaggio-mp3-500-mp3-500lt-sport-abs-gasoline-black-0e0dbfee-8e34-4818-840e-6359334cc23d
19500,33160,158.0,Ducati Multistrada 1260,04/2018,Gasoline,Manual,Used,Pikes Peak,/offers/ducati-multistrada-1260-pikes-peak-gasoline-red-7328f795-7b46-4bf8-b80f-9d1d19c743af
11495,856,77.0,BMW F 750 GS,09/2020,Gasoline,,Used,F750GS 850KM VERLAAGD,/offers/bmw-f-750-gs-f750gs-850km-verlaagd-gasoline-white-5741757d-8460-42af-b469-206b51a87bd9
16300,0,,Triumph Tiger 900,01/2021,,,New,RALLY,/offers/triumph-tiger-900-rally-white-3b9ced40-eaca-4742-9922-d70d466428c5
7900,58900,46.0,Yamaha TMAX 530,10/2015,Gasoline,Automatic,Used,,/offers/yamaha-tmax-530-gasoline-grey-9e34762c-3929-40ae-98a0-a459b9332645
7250,21029,184.0,Suzuki B King,04/2010,Gasoline,,Used,,/offers/suzuki-b-king-gasoline-black-7db09ec6-d2a5-2c3a-e053-0100007f026e
13900,250,48.0,BMW C Evolution,01/2020,Electric,,Used,,/offers/bmw-c-evolution-electric-black-e15af1c0-aced-ca23-e053-0100007fba1a
8490,9550,,Triumph Street Twin,10/2016,Gasoline,,Used,,/offers/triumph-street-twin-gasoline-black-2b96eb93-ad0d-4176-b75c-f56c7814ce32
16998,0,,Kawasaki Ninja 1000SX,01/2021,,Manual,New,TOURER,/offers/kawasaki-ninja-1000sx-tourer-grey-5a9b1496-98e0-4d8a-a8b8-a16ce3516616
9500,24000,106.0,Suzuki VLR 1800,02/2010,Gasoline,Manual,Used,,/offers/suzuki-vlr-1800-gasoline-black-0031dd1c-979c-4f46-ab7e-0b4615158b65
6750,21500,69.0,KTM 690 Duke,06/2016,Gasoline,,Used,R ABS,/offers/ktm-690-duke-r-abs-gasoline-orange-0e10f77b-6e2a-4976-bb52-42ad613e5126
7200,7850,68.0,Triumph Bonneville T100,03/2014,Gasoline,Manual,Used,Bonneville T100,/offers/triumph-bonneville-t100-bonneville-t100-gasoline-black-db74dc05-31a0-4c4c-a33d-e416adffd533
11500,1900,122.0,Can Am Ryker,08/2020,Gasoline,Automatic,Used,900 cc,/offers/can-am-ryker-900-cc-gasoline-black-d12ce37e-d4c2-44bf-830a-423579c2dd6c
8121,100,95.0,Honda CB 650,06/2021,Gasoline,Manual,Used,R ABS 2021,/offers/honda-cb-650-r-abs-2021-gasoline-b25032c7-8b94-4a21-8de1-3c55bf153337
6500,5350,61.0,Kawasaki W 800,12/2015,Gasoline,,Used,black Ã©dition,/offers/kawasaki-w-800-black-edition-gasoline-black-8fcfd171-fae6-4659-a2d1-a23322609ca8
11900,1008,,Ducati Scrambler,01/2019,Gasoline,,Used,,/offers/ducati-scrambler-gasoline-black-df664f6d-10d3-41f2-9cd5-0538cd7fe3cd
7990,19350,150.0,Suzuki GSX-R 750,01/2015,Gasoline,,Used,,/offers/suzuki-gsx-r-750-gasoline-blue-b509fc4e-51d9-43ba-a6b2-abddcd646b69
11695,58600,,BMW K 1600 GT,01/2012,Gasoline,,Used,,/offers/bmw-k-1600-gt-gasoline-white-20b1a2aa-f73d-4fda-a21b-8f1eb1c04d74
13490,20841,,Ducati Diavel,06/2018,Gasoline,,Used,,/offers/ducati-diavel-gasoline-black-832babfe-a200-4d72-9f0a-647169de0554
14990,3500,,BMW F 850 GS,01/2020,,,Used,,/offers/bmw-f-850-gs-white-05492de8-e156-4700-9a91-5966c994041b
6900,3264,114.0,Suzuki GSX-S 750,07/2018,Gasoline,Manual,Used,,/offers/suzuki-gsx-s-750-gasoline-black-de2d62c6-f0ad-126a-e053-0100007fdf53
7100,1600,48.0,Yamaha MT-07,07/2018,Gasoline,,Used,preparer,/offers/yamaha-mt-07-preparer-gasoline-grey-6fa2f8c4-295a-4c10-b87f-e50de98e3269
9850,29500,160.0,Kawasaki GTR 1400,06/2015,Gasoline,,Used,GRAND TOURER ETAT IMP AVEC 12 MOIS DE GARANTIE,/offers/kawasaki-gtr-1400-grand-tourer-etat-imp-avec-12-mois-de-garantie-gasoline-grey-29a52cfd-d7e7-4e2d-93e1-4846dff36d92
6500,65000,120.0,Kawasaki Versys 1000,05/2013,Gasoline,,Used,,/offers/kawasaki-versys-1000-gasoline-white-464ffac5-bb48-ce09-e053-0100007f79bd
1500,33600,22.0,Peugeot Geopolis 300,10/2011,Gasoline,,Used,,/offers/peugeot-geopolis-300-gasoline-grey-c7b3e4bd-5820-563c-e053-0100007f78d5
6000,25500,190.0,Kawasaki ZZR 1400,05/2006,Gasoline,Manual,Used,,/offers/kawasaki-zzr-1400-gasoline-blue-1143e7c5-263f-a05b-e053-0100007fe453
8799,0,,Honda NC 750,01/2021,,,New,750X ABS,/offers/honda-nc-750-750x-abs-blue-4e86cfe4-1543-4d95-8b24-5bc1469866d1
24000,34000,1.0,Harley-Davidson Road Glide,07/2016,Gasoline,Manual,Used,special,/offers/harley-davidson-road-glide-special-gasoline-black-7b588b15-ab37-4b5c-a42b-b4a823eecda9
17900,15800,152.0,Ducati Diavel,05/2019,Gasoline,Manual,Used,1260 S,/offers/ducati-diavel-1260-s-gasoline-black-7286c445-bac9-48ad-9fc5-0086b8f212e1
9399,8000,,Yamaha MT-09,04/2019,Gasoline,,Used,TRACER,/offers/yamaha-mt-09-tracer-gasoline-grey-c0401a77-de5e-4dc8-addd-c851f9c07fb3
14990,43850,,BMW R 1200 RT,10/2016,Gasoline,,Used,,/offers/bmw-r-1200-rt-gasoline-white-b4ea9343-919f-4b18-9073-13ea4de7f365
12500,180,105.0,BMW F 900 XR,04/2021,Gasoline,,Used,LAGE OPHANGING,/offers/bmw-f-900-xr-lage-ophanging-gasoline-a5a6928a-e2c3-46fa-b9c1-0310bd4d85cd
6200,13000,63.0,KTM 690 Enduro,03/2009,Gasoline,,Used,,/offers/ktm-690-enduro-gasoline-orange-22f977bf-f8f0-0310-e053-0100007f3ffe
10490,32347,102.0,Moto Guzzi,01/2013,Gasoline,Manual,Used,NORGE 1200 8V GT ABS,/offers/moto-guzzi-others-norge-1200-8v-gt-abs-gasoline-black-26344f74-baff-4165-8048-738fee999640
8400,2142,125.0,Kawasaki Z 900,05/2019,Gasoline,,Used,,/offers/kawasaki-z-900-gasoline-green-c1d8ebd6-0531-49a0-a4a5-9c7ba104d2c5
9000,61000,110.0,BMW R 1200 RT,12/2011,Gasoline,,Used,,/offers/bmw-r-1200-rt-gasoline-grey-3931cec3-65bf-c908-e053-0100007fb7bc
10950,29900,,Ducati Multistrada 1200,02/2013,Gasoline,,Used,S TOURING NIEUWSTA,/offers/ducati-multistrada-1200-s-touring-nieuwsta-gasoline-silver-71b9b1bd-8e94-4101-a1e3-fd79dcbe1615
350,19023,7.0,Peugeot Kisbee,01/2015,Gasoline,,Used,,/offers/peugeot-kisbee-gasoline-brown-933e27ad-78ef-48c9-9679-1c840a30c18b
10000,15000,95.0,Honda CBR 650,06/2020,Gasoline,Manual,Used,,/offers/honda-cbr-650-gasoline-white-291b98c5-d1ad-f432-e053-0100007f87bc
21100,1,,KTM 1290 Super Duke R,12/2021,Gasoline,,Pre-registered,,/offers/ktm-1290-super-duke-r-gasoline-orange-e0cf2402-72c4-444b-b464-5f14560e5995
14250,9350,173.0,KTM 1290 Super Duke GT,04/2018,Gasoline,,Used,,/offers/ktm-1290-super-duke-gt-gasoline-orange-48c4cf8d-ce8c-4f57-8efe-57d9f45019cf
8919,14000,15.0,BMW C Evolution,05/2017,Electric,Automatic,Used,evolution,/offers/bmw-c-evolution-evolution-electric-da13c9d7-dda6-482f-8582-ee88bbc69e8e
11400,28000,165.0,BMW S 1000 R,08/2018,Gasoline,Manual,Used,,/offers/bmw-s-1000-r-gasoline-grey-a4f33271-490c-44c8-80de-576a87a7642e
14990,41668,125.0,BMW R 1200 GS,03/2017,,,Used,Adv. Tieferlegung,/offers/bmw-r-1200-gs-adv-tieferlegung-f52719fd-1b52-4253-8794-c9ed9d33696c
11800,0,,Triumph,01/2021,,,New,STREET TRIPLE R LOW,/offers/triumph-others-street-triple-r-low-silver-7c9e2a7f-9db0-4980-b4e8-997670570986
19690,630,,Yamaha FJR 1300,10/2020,Gasoline,,Used,AE,/offers/yamaha-fjr-1300-ae-gasoline-black-fbcddb72-4d22-439f-aacb-867ae89f9307
10300,19200,125.0,BMW R 1200 R,04/2015,Gasoline,Manual,Used,"LC TÃV neu, Vollausstattung,Nav5 und Tourenkoffern",/offers/bmw-r-1200-r-lc-tuev-neu-vollausstattung-nav5-und-tourenkoffern-gasoline-grey-9fbd52bc-5bb3-cb59-e053-0100007f294d
9000,77000,73.0,BMW R 1200 GS,03/2013,Gasoline,,Used,,/offers/bmw-r-1200-gs-gasoline-grey-722fc0c2-0dd0-2d20-e053-0100007f22ec
7500,3493,,BMW C 400 GT,01/2021,Gasoline,,Used,,/offers/bmw-c-400-gt-gasoline-cc746ada-992f-4bd6-bba8-4235311c3a29
7999,8500,60.0,BMW F 700 GS,03/2018,Gasoline,,Used,,/offers/bmw-f-700-gs-gasoline-red-f1b0b4bc-2a41-2869-e053-0100007f5829
18500,11000,125.0,Harley-Davidson VRSC Night Rod,07/2016,Gasoline,Manual,Used,"Beaucoup de pieces custom (covers, guidon, potâ¦)",/offers/harley-davidson-vrsc-night-rod-beaucoup-de-pieces-custom-covers-guidon-pot-gasoline-grey-f4bc2964-4740-4691-afb3-651a78b54cd3
3490,61311,,Yamaha TDM 900,04/2002,Gasoline,Manual,Used,,/offers/yamaha-tdm-900-gasoline-silver-2ddd8eb9-2dd1-4cc3-912b-7091ccb4abdc
8849,0,,Kawasaki Versys 650,01/2021,,,New,ABS,/offers/kawasaki-versys-650-abs-black-513ba8db-f38b-49e7-b68f-a878aa43db31
7995,625,34.0,BMW G 310 GS,05/2020,Gasoline,Manual,Used,sehr viel ZubehÃ¶r!,/offers/bmw-g-310-gs-sehr-viel-zubehoer-gasoline-white-00d0a35c-5f64-4d9f-9e3c-2ae3c6a9eba6
12500,4000,118.0,Ducati Multistrada 950,03/2019,Gasoline,,Used,,/offers/ducati-multistrada-950-gasoline-red-0ad11cc5-5c9d-123e-e053-0100007fd908
24990,24800,126.0,Honda Gold Wing,05/2018,Gasoline,Manual,Used,GL 1800,/offers/honda-gold-wing-gl-1800-gasoline-red-24bdc21f-dafe-4e44-8054-63d04d7118f6
8198,0,,Honda CB 500,01/2021,,,New,X,/offers/honda-cb-500-x-black-378f831c-f961-4dca-b64d-eb108eca1b1e
12700,1500,95.0,KTM 790 Adventure,09/2020,Gasoline,,Used,,/offers/ktm-790-adventure-gasoline-black-8774bec5-2f71-dd14-e053-0100007f076b
2800,11000,15.0,Honda CBR 125,05/2014,Gasoline,Manual,Used,,/offers/honda-cbr-125-gasoline-orange-6e3e81c4-ad35-0940-e053-0100007f3bfa
6790,6987,,Kymco AK 550,05/2018,Gasoline,,Used,,/offers/kymco-ak-550-gasoline-black-48cfeca3-792a-4867-bc89-a4c40b49c2ae
2990,19555,27.0,Kawasaki J300,06/2015,Gasoline,,Used,J 300 SE,/offers/kawasaki-j300-j-300-se-gasoline-d8a2ac96-78a8-497f-80be-df00f90b0b19
9800,14000,95.0,KTM 1050 Adventure,04/2016,Gasoline,Manual,Used,,/offers/ktm-1050-adventure-gasoline-black-71b0d09c-954e-4e5f-9f5b-b8753827f0e7
9798,0,,Honda CB 650,01/2021,,,New,R,/offers/honda-cb-650-r-black-33802e68-3a17-4fe3-843d-776e2283325b
10900,46000,125.0,BMW R 1200 GS,06/2013,Gasoline,Manual,Used,ABS - 2013 + VALIGIE,/offers/bmw-r-1200-gs-abs-2013-valigie-gasoline-white-ea03517b-72d5-4253-8620-e386ccf75ad7
11999,14350,175.0,Aprilia Tuono,03/2019,Gasoline,,Used,Factory,/offers/aprilia-tuono-factory-gasoline-black-f1b3a4c3-8ad7-0e50-e053-0100007f6001
7200,18700,173.0,BMW K 1300 R,03/2013,Gasoline,Manual,Used,,/offers/bmw-k-1300-r-gasoline-black-e51cb6c0-32cb-843e-e053-0100007fa798
7000,2560,38.0,Yamaha Grizzly 550,08/2012,Gasoline,,Used,,/offers/yamaha-grizzly-550-gasoline-green-e99a9fbf-0128-6d35-e053-0100007ffb1c
8000,19000,91.0,Harley-Davidson Sportster XR 1200,09/2008,Gasoline,,Used,,/offers/harley-davidson-sportster-xr-1200-gasoline-silver-7d0d38be-c45d-6f1a-e053-0100007f3818
10000,45000,111.0,Yamaha XT 1200,01/2016,Gasoline,Manual,Used,XT1200ZE 2015,/offers/yamaha-xt-1200-xt1200ze-2015-gasoline-grey-1b9173e2-01fd-4c65-983e-0633b29779b1
12990,4190,67.0,Harley-Davidson XL 1200,05/2017,Gasoline,Manual,Used,CB,/offers/harley-davidson-xl-1200-cb-gasoline-orange-2260fe21-2ae8-4989-ad15-0be47163ef3b
15799,9245,152.0,Ducati Multistrada 1200,05/2016,Gasoline,Manual,Used,PIKES PEAK ***JUNGE GEBRAUCHTE*,/offers/ducati-multistrada-1200-pikes-peak-junge-gebrauchte-gasoline-a886a05a-3f3d-47ad-ad23-f7e60c04525b
9000,12000,177.0,Honda Fireblade,04/2009,Gasoline,,Used,,/offers/honda-fireblade-gasoline-red-57e26e7d-c8b2-477f-96f3-ac812ffb16ad
11450,16760,173.0,KTM 1290 Super Duke GT,10/2017,Gasoline,Manual,Used,,/offers/ktm-1290-super-duke-gt-gasoline-grey-a55aacbd-032d-971f-e053-0100007f6b26
16784,5,,Others,01/2021,Diesel,Automatic,New,Aixam Brommobiel CoupÃ© Premium - Nieuw uit voorraa,/offers/others-others-aixam-brommobiel-coupe-premium-nieuw-uit-voorraa-diesel-red-c8b37143-f6d4-4ced-89e8-2a27c80fe65d
11760,3800,95.0,BMW F 900 XR,03/2020,Gasoline,Manual,Demonstration,A2,/offers/bmw-f-900-xr-a2-gasoline-white-54c7e1eb-fd78-472d-bd24-28faef4c2604
7400,19400,110.0,Ducati Hyperstrada,04/2013,Gasoline,,Used,,/offers/ducati-hyperstrada-gasoline-red-a7293b41-03d4-4ef5-a3e9-3ba65701b580
2400,2900,12.0,Daelim VL 125,08/2015,Gasoline,Manual,Used,Daystar,/offers/daelim-vl-125-daystar-gasoline-black-86a5c102-9102-470f-a206-bf24e6a014be
11445,25816,,Honda CTX 1300,04/2014,Gasoline,,Used,C-ABS,/offers/honda-ctx-1300-c-abs-gasoline-white-d1228e77-6063-4adc-ae11-74c6aa04bb7a
8000,20000,91.0,Harley-Davidson Sportster XR 1200,04/2009,Gasoline,,Used,,/offers/harley-davidson-sportster-xr-1200-gasoline-orange-17fa5ac4-5e6e-233e-e053-0100007f466f
350,999999,4.0,REX 50,01/2011,Gasoline,,Used,,/offers/rex-50-gasoline-orange-1ce0d846-5e0d-4e7f-ba07-fa287058509b
7990,31375,143.0,Kawasaki Z 1000,01/2015,Gasoline,Manual,Used,SX KTRC,/offers/kawasaki-z-1000-sx-ktrc-gasoline-grey-7bf19164-6775-4c62-837e-adeac4dd9c83
1300,250,29.0,Others,01/2021,Gasoline,Manual,Used,,/offers/others-others-gasoline-orange-21f7fbc5-d05a-dc28-e053-0100007f06ae
7800,9000,125.0,Kawasaki Z 900,06/2017,Gasoline,,Used,,/offers/kawasaki-z-900-gasoline-green-882c25bc-4c6f-a755-e053-0100007f571a
13250,12300,125.0,BMW R 1200 GS,03/2015,Gasoline,,Used,,/offers/bmw-r-1200-gs-gasoline-red-b33726c7-aaec-f467-e053-0100007faf94
12490,4842,125.0,BMW R 1200 R,02/2017,Gasoline,Manual,Used,| 3 Pakete,/offers/bmw-r-1200-r-3-pakete-gasoline-white-0b338784-ae15-4234-aeda-f4f277f5732f
12000,34000,67.0,Harley-Davidson Sportster Forty Eight,07/2011,Gasoline,Manual,Used,,/offers/harley-davidson-sportster-forty-eight-gasoline-black-ca13e9a4-b032-46de-a305-92401e0a1d83
1999,3066,,Peugeot,01/2018,,,Used,SPEEDFIGHT,/offers/peugeot-others-speedfight-white-2adb30dd-5ac4-497e-9235-eba060305117
10500,16000,50.0,BMW,08/2001,Gasoline,,Used,,/offers/bmw-others-gasoline-black-2b8f27ac-e0d5-1f7f-e053-0100007fb522
11700,13968,173.0,BMW K 1300 R,03/2012,Gasoline,Manual,Used,Sondermodell,/offers/bmw-k-1300-r-sondermodell-gasoline-grey-b09d61c3-ac58-c915-e053-0100007f8c4b
15499,0,,Suzuki V-Strom 1050,01/2021,,,New,XT,/offers/suzuki-v-strom-1050-xt-black-2e12f946-7170-4742-b48c-728c1279ca57
7000,4300,109.0,Ducati Scrambler,02/2018,Gasoline,,Used,,/offers/ducati-scrambler-gasoline-yellow-e05aa0c0-02cd-ce68-e053-0100007f24cb
18130,0,,BMW R nineT,01/2021,,,New,Scrambler,/offers/bmw-r-ninet-scrambler-grey-287c4a7b-ae44-4ba4-b017-da99cede575d
17950,26750,,Harley-Davidson Softail,01/2014,,,Used,Heritage FLSTC Classic 1690,/offers/harley-davidson-softail-heritage-flstc-classic-1690-red-628aebc0-1f63-4202-9df4-34042454f6cd
10999,0,,Yamaha MT-09,01/2021,Gasoline,,New,A.B.S,/offers/yamaha-mt-09-a-b-s-gasoline-black-31c0c7a7-a7b0-4d92-b697-c96921c55e2f
8500,1100,125.0,Yamaha YZF-R6,01/2013,Gasoline,,Used,,/offers/yamaha-yzf-r6-gasoline-black-fdbba6b9-f81b-6d50-e053-0100007f2dad
10750,45000,67.0,Harley-Davidson Night Train,07/2001,Gasoline,Manual,Used,FXSTB Softail Night Train,/offers/harley-davidson-night-train-fxstb-softail-night-train-gasoline-green-78d48357-2d6c-47f3-8e95-2882ac964638
8500,82670,125.0,BMW R 1200 GS,04/2016,Gasoline,Manual,Used,,/offers/bmw-r-1200-gs-gasoline-4aaf056e-a099-42e2-965f-ba4fb151b810
9000,12200,46.0,Yamaha TMAX 530,08/2019,Gasoline,,Used,sx abs,/offers/yamaha-tmax-530-sx-abs-gasoline-black-f65dd0d0-18af-40c3-8a1d-a7bfdc7e2eba
6000,17248,805.0,Kawasaki VN 800,05/2001,Gasoline,,Used,,/offers/kawasaki-vn-800-gasoline-black-1173026d-2ab0-f33b-e053-e250040a535b
8000,15300,129.0,Honda Crossrunner,03/2012,Gasoline,,Used,,/offers/honda-crossrunner-gasoline-white-e5d650bf-db5e-2417-e053-0100007f75d2
10790,28792,129.0,Yamaha YZF-R6,08/2008,Gasoline,Manual,Used,RJ15 PETRONAS [TÃV+REIFEN+SERVICE NEU],/offers/yamaha-yzf-r6-rj15-petronas-tuev-reifen-service-neu-gasoline-black-d3c4f1ae-8adf-4f09-8094-286ad8e95a0d
8000,9400,1.0,BMW R 1200 C,05/2000,Gasoline,,Used,,/offers/bmw-r-1200-c-gasoline-blue-ab8375bf-0d20-0521-e053-0100007f30df
3000,600,24.0,Benelli TRK 251,04/2021,Gasoline,,Used,,/offers/benelli-trk-251-gasoline-black-f18a47c5-f9ec-5935-e053-0100007f7097
11758,0,,Honda,01/2021,Gasoline,,New,CMX1100 ABS,/offers/honda-others-cmx1100-abs-gasoline-black-45837903-1904-4215-97ff-46c157aea1b0
7699,2726,,Kawasaki Z 900,07/2018,Gasoline,,Used,,/offers/kawasaki-z-900-gasoline-silver-47d6fab3-6144-4e66-9f33-21e7f66608e6
10500,126,57.0,Harley-Davidson XL 883,06/1958,Gasoline,,Used,iron Head bj 1958,/offers/harley-davidson-xl-883-iron-head-bj-1958-gasoline-black-c23797c9-aee9-4fb3-953b-f56e1b95f411
12300,1500,76.0,BMW F 750 GS,06/2021,Gasoline,Manual,Used,,/offers/bmw-f-750-gs-gasoline-blue-a7c339ef-f8c4-4823-9894-2b66991aefe8
12500,10900,165.0,BMW S 1000 XR,04/2017,Gasoline,,Used,,/offers/bmw-s-1000-xr-gasoline-white-5a2243b6-5716-40d6-b865-2d7024e94fc8
12900,10800,158.0,Ducati Multistrada 1260,07/2018,Gasoline,,Used,,/offers/ducati-multistrada-1260-gasoline-black-642b8cc6-0929-533b-e053-0100007ff10f
9000,13000,125.0,MV Agusta Brutale 800,06/2017,Gasoline,,Used,eas abs,/offers/mv-agusta-brutale-800-eas-abs-gasoline-black-83bb391e-e837-4e15-9354-7a0990e0fa23
2299,35000,95.0,Yamaha FZS 600,12/1997,Gasoline,,Used,,/offers/yamaha-fzs-600-gasoline-red-1c3947bd-5afb-2168-e053-0100007fe339
6490,13990,41.0,Piaggio MP3 500,04/2015,Gasoline,Automatic,Used,LT *Business*,/offers/piaggio-mp3-500-lt-business-gasoline-black-93c71d58-a46b-47f6-a924-f9d6d386ce22
7390,2952,,Yamaha Tracer 700,05/2018,Gasoline,,Used,GT,/offers/yamaha-tracer-700-gt-gasoline-black-e2d319dd-2b0b-4721-8ced-e1a61d98d647
17450,25121,194.0,BMW HP4,09/2013,Gasoline,Manual,Used,competition no. 2919,/offers/bmw-hp4-competition-no-2919-gasoline-white-80be316d-3dbe-404e-90fc-aaf44894628c
14000,10,65.0,Yamaha TMAX 560,11/2020,Gasoline,,Used,,/offers/yamaha-tmax-560-gasoline-grey-d457a4b9-1a8a-3761-e053-0100007f88eb
11500,17000,181.0,Honda CBR 1000,10/2015,Gasoline,Manual,Used,Repsol SP,/offers/honda-cbr-1000-repsol-sp-gasoline-orange-62547ccf-7c2c-453a-82d4-98bfbe37cff5
10331,839,48.0,BMW F 900 R,03/2021,Gasoline,Manual,Used,A2 Premium Selection,/offers/bmw-f-900-r-a2-premium-selection-gasoline-blue-7801d95d-1b55-46d3-8cec-0ea908661347
6499,10014,,Honda NC 750,01/2014,,,Used,X ABS,/offers/honda-nc-750-x-abs-white-344fabf1-49ed-47a7-9902-59b81a603d75
10000,1090,116.0,Yamaha XSR 900,07/2020,Gasoline,,Used,80 Black,/offers/yamaha-xsr-900-80-black-gasoline-black-12bcce0f-da24-4038-973e-3984fca5454e
6200,33400,90.0,BMW F 800 GT,07/2014,Gasoline,,Used,,/offers/bmw-f-800-gt-gasoline-orange-cc8752b9-99fd-fd51-e053-0100007fd999
10399,0,,Kawasaki Z 900,01/2021,,,New,70 KW,/offers/kawasaki-z-900-70-kw-white-c10e3b79-f492-4272-91e8-56407e7daf6a
12600,37300,,BMW R 1200 GS,06/2014,Gasoline,,Used,,/offers/bmw-r-1200-gs-gasoline-blue-25348191-8e39-477e-8d28-1fca1c6626f2
18590,5868,125.0,BMW R 1200 GS Adventure,12/2018,Gasoline,Manual,Used,,/offers/bmw-r-1200-gs-adventure-gasoline-white-9372c0f7-1442-4846-9e38-434d22a48f8a
12225,0,,BMW F 900 R,01/2021,,,New,,/offers/bmw-f-900-r-black-14093e47-bfad-4e48-b3ad-a8e2f13a24a5
8900,9000,75.0,Moto Guzzi California,03/2011,Gasoline,,Used,,/offers/moto-guzzi-california-gasoline-black-83a9adc2-faf7-0f1e-e053-0100007f7829
15980,541,109.0,BMW R nineT,04/2021,Gasoline,Manual,Demonstration,Urban G/S 40 Jahre Edition,/offers/bmw-r-ninet-urban-g-s-40-jahre-edition-gasoline-black-3aca5a5f-25c7-4189-aa55-4989442f326f
1000,2800,49.0,Peugeot Tweet,09/2018,Gasoline,,Used,active 50 cv,/offers/peugeot-tweet-active-50-cv-gasoline-black-8dd2aaee-4738-4dac-98bf-edfa169e6cc8
1600,1700,3.0,Piaggio Liberty 50,06/2020,Gasoline,,Used,,/offers/piaggio-liberty-50-gasoline-grey-cf8acec0-41e5-3970-e053-0100007f9817
14350,27500,197.0,Ducati 1199 Panigale,01/2012,Gasoline,,Used,S,/offers/ducati-1199-panigale-s-gasoline-red-ac783624-41c6-4840-8aec-aa412441c5f4
27190,0,,Ducati,01/2021,,,New,MULTISTRADA V4 S PERFORMANCE,/offers/ducati-others-multistrada-v4-s-performance-grey-c3462f9a-53c9-4021-a16a-e16facf0c124
10300,8600,116.0,Yamaha Tracer 900,06/2020,Gasoline,,Used,,/offers/yamaha-tracer-900-gasoline-blue-e58e29c7-ff7b-f82b-e053-0100007faeed
7100,23344,179.0,Yamaha YZF-R1,09/2009,Gasoline,,Used,,/offers/yamaha-yzf-r1-gasoline-blue-2a1ff6ab-6726-4fdd-8296-75b526ae59b2
6500,6700,45.0,Piaggio MP3 500,03/2019,Gasoline,Automatic,Used,,/offers/piaggio-mp3-500-gasoline-grey-90bb3fc4-f8b2-5c18-e053-0100007fcdf9
21000,800,91.0,BMW R18,10/2020,Gasoline,,Used,,/offers/bmw-r18-gasoline-black-0c547678-9894-4fee-90fc-f60d66d62b10
8250,39303,200.0,Kawasaki ZZR 1400,02/2007,Gasoline,Manual,Used,ABS,/offers/kawasaki-zzr-1400-abs-gasoline-black-a96135c2-c494-212c-e053-0100007f7707
19999,8400,,Yamaha RD 500,05/1986,Gasoline,,Used,LC KENNY ROBERTS REPLICA,/offers/yamaha-rd-500-lc-kenny-roberts-replica-gasoline-yellow-434ceb26-c17e-49e2-b002-e6a25d0c1473
23984,100,136.0,BMW R 1250 GS,07/2021,Others,Manual,Demonstration,ADVEN,/offers/bmw-r-1250-gs-adven-others-blue-bac0448c-4ef2-4ef2-bc09-c50ab4232d1d
17500,6000,203.0,Suzuki GSX-R 1000,09/2017,Gasoline,,Used,,/offers/suzuki-gsx-r-1000-gasoline-blue-102cf684-784b-43dd-849b-0a18b2ba2f4e
3800,40000,816.0,Honda CBR 600,06/2021,Gasoline,,Used,,/offers/honda-cbr-600-gasoline-red-f58dc9c4-7eb0-8150-e053-0100007f01b5
9000,35000,58.0,Harley-Davidson Super Glide,06/1988,Gasoline,,Used,,/offers/harley-davidson-super-glide-gasoline-blue-1f6378bf-44a7-f03a-e053-0100007fafef
