price,mileage,power,make_model,date,fuel,gear,offer_type,version,link
7000,1000,1.0,Piaggio,02/1961,Gasoline,,Used,,/offers/piaggio-others-gasoline-blue-a5e9b3bf-19cd-9057-e053-0100007f26b0
9199,1900,,Kawasaki Vulcan S,01/2021,Gasoline,,Used,ABS,/offers/kawasaki-vulcan-s-abs-gasoline-black-c252bc79-ae57-47a9-8196-42bcfc194a2e
15258,0,,Honda CB 1000,01/2021,,,New,R,/offers/honda-cb-1000-r-black-6a1752f6-eaed-4c9e-9b0a-7e03af8e74e5
10490,7633,173.0,Honda,01/2018,Gasoline,Automatic,Used,VFR1200FDF ED SC63 DCT-Getriebe,/offers/honda-others-vfr1200fdf-ed-sc63-dct-getriebe-gasoline-grey-3ed44e7d-6bf6-4f52-80cf-1757cfa6f1af
11500,60088,,BMW K 1600 GT,06/2013,Gasoline,,Used,,/offers/bmw-k-1600-gt-gasoline-white-cf958e35-2ce9-4baa-ac55-572deb4b8e06
11950,2950,95.0,Honda CRF 1000,07/2019,Gasoline,Automatic,Used,Africa Twin DCT Garantie,/offers/honda-crf-1000-africa-twin-dct-garantie-gasoline-red-e7386dbd-7ef6-c40a-e053-0100007fb677
9000,13000,117.0,Harley-Davidson,04/2003,Gasoline,Manual,Used,1130 V-ROD - VRSCA 100th Anniversary,/offers/harley-davidson-others-1130-v-rod-vrsca-100th-anniversary-gasoline-silver-e4915334-7c7e-4586-8f9b-f584688655bf
7000,44788,24.0,Ducati Scrambler,04/1972,Gasoline,,Used,,/offers/ducati-scrambler-gasoline-orange-8ecf4ebe-8067-f45e-e053-0100007fb6d2
11900,9957,98.0,Triumph Thruxton,01/2016,Gasoline,,Used,1200,/offers/triumph-thruxton-1200-gasoline-green-59b73236-04da-4464-ac23-caf0d1503f83
7890,26312,185.0,Suzuki GSX-R 1000,05/2009,Gasoline,Manual,Used,GSXR,/offers/suzuki-gsx-r-1000-gsxr-gasoline-black-bf61431d-e8ce-4cbf-ae6e-8a8d319f0bec
16500,15000,158.0,Ducati Multistrada 1260,05/2019,Gasoline,,Used,,/offers/ducati-multistrada-1260-gasoline-red-e4ecf5c0-fd36-4061-e053-0100007f7797
1990,7887,,Peugeot Satelis 125,03/2011,Gasoline,,Used,,/offers/peugeot-satelis-125-gasoline-grey-a6fa7fd6-d96a-4a88-a19b-c236f4e02941
10000,51000,97.0,Moto Guzzi California 1400,04/2013,Gasoline,Manual,Used,,/offers/moto-guzzi-california-1400-gasoline-bronze-ea0c68bc-de29-a704-e053-0100007fbab1
7800,1880,39.0,Piaggio MP3 500,07/2017,Gasoline,Automatic,Used,,/offers/piaggio-mp3-500-gasoline-black-706fdfbb-417e-d750-e053-0100007ffaf5
3890,2,14.0,Honda,05/2021,Gasoline,Automatic,Pre-registered,SH125i *SOFORT VERFÃGBAR*,/offers/honda-others-sh125i-sofort-verfuegbar-gasoline-red-cfdb6669-d493-45bd-bfba-2b0b191bee98
12950,13560,125.0,BMW R 1200 RS,03/2016,Gasoline,Manual,Used,"Full Options, alle Pakete",/offers/bmw-r-1200-rs-full-options-alle-pakete-gasoline-blue-7c8e73bf-5ff2-40ff-b762-736938f0fec0
7000,50000,110.0,BMW R 1200 RT,01/2008,Gasoline,,Used,,/offers/bmw-r-1200-rt-gasoline-silver-2be275c2-6e94-227b-e053-0100007f8ba4
12500,40000,177.0,BMW K 1300,06/2014,Gasoline,,Used,,/offers/bmw-k-1300-gasoline-grey-2cd9aabd-410e-ea08-e053-0100007fedc7
9000,9000,82.0,Ducati Monster 800,05/2010,Gasoline,,Used,,/offers/ducati-monster-800-gasoline-black-122cd2be-e609-df72-e053-0100007f9ee9
10600,51000,95.0,Victory Vision Tour,05/2010,Gasoline,Manual,Used,,/offers/victory-vision-tour-gasoline-red-466d39c6-1bf8-4a52-e053-0100007faf1f
2200,5500,20.0,Mash Black Seven,05/2018,Gasoline,,Used,,/offers/mash-black-seven-gasoline-black-77c2cc12-a53e-4ecf-9310-d34e0101247e
20000,29000,122.0,Harley-Davidson V-Rod,01/2012,Gasoline,,Used,,/offers/harley-davidson-v-rod-gasoline-black-5f43f9c1-0556-265d-e053-0100007f3a6f
6590,18666,,Yamaha XJR 1300,07/2012,Gasoline,,Used,SP,/offers/yamaha-xjr-1300-sp-gasoline-black-a09a86f7-67e6-4168-a2ef-b6e5ac82b35c
7900,14900,67.0,KTM 690 SMC,02/2015,Gasoline,,Used,,/offers/ktm-690-smc-gasoline-white-643b03c7-0e22-2b45-e053-0100007f3551
6495,11000,,Honda NC 750,06/2020,Gasoline,Manual,Used,,/offers/honda-nc-750-gasoline-blue-79791b5e-14f6-4352-86ac-ba06662a2945
350,5500,5.0,Peugeot V-Clic 50,06/2016,Gasoline,,Used,,/offers/peugeot-v-clic-50-gasoline-white-8bfd6dc4-5a63-2053-e053-0100007fa323
1100,16000,5.0,Piaggio Zip 50,10/2010,Gasoline,,Used,zip 50cc (Hi speed polini),/offers/piaggio-zip-50-zip-50cc-hi-speed-polini-gasoline-blue-466b1bba-098a-046e-e053-0100007fcff2
12000,15350,113.0,Can Am Spyder F3-S,11/2014,Gasoline,Semi-automatic,Used,,/offers/can-am-spyder-f3-s-gasoline-silver-87670ec5-2ded-a14c-e053-0100007f6038
7590,19334,,Yamaha Tracer 700,02/2018,Gasoline,,Used,ABS,/offers/yamaha-tracer-700-abs-gasoline-black-2d0ded7b-801a-4bf4-952c-df4449e8febc
1990,3100,4.0,Lambretta V50,02/2021,Gasoline,Automatic,Used,Special,/offers/lambretta-v50-special-gasoline-orange-66594c73-57d8-448c-854c-b7739916ee54
22999,0,,Honda Fireblade,01/2021,Gasoline,Manual,Used,VorfÃ¼hrer!!,/offers/honda-fireblade-vorfuehrer-gasoline-red-6a84d9d6-9348-466b-8515-5084f4d58056
12000,7900,67.0,Harley-Davidson XL 1200,05/2018,Gasoline,,Used,Harley-Davidson XL 12000,/offers/harley-davidson-xl-1200-harley-davidson-xl-12000-gasoline-grey-73d61c44-d1f3-44eb-a860-d7da5f27766b
6699,16000,,Honda CB 500,01/2017,Gasoline,,Used,X ABS,/offers/honda-cb-500-x-abs-gasoline-red-22265239-fadc-4016-928e-9a5c04abef2c
2690,7145,12.0,Peugeot Django 150,02/2020,Gasoline,Automatic,Used,,/offers/peugeot-django-150-gasoline-white-6300138a-a21b-492d-9613-3cf68f4661f1
15250,15500,64.0,Harley-Davidson Fat Boy,04/2004,Gasoline,,Used,,/offers/harley-davidson-fat-boy-gasoline-black-d72279c6-ec4b-7c04-e053-0100007fefc7
9500,15050,68.0,Harley-Davidson Dyna Low Rider,07/2002,Gasoline,,Used,,/offers/harley-davidson-dyna-low-rider-gasoline-black-5a86a5c3-1c99-6a1e-e053-0100007fd8a0
12500,22573,,Yamaha FJR 1300,01/2013,,,Used,,/offers/yamaha-fjr-1300-black-13d34110-122b-4b9d-8f16-1b6ee39db2d0
19490,800,200.0,Yamaha YZF-R1,05/2021,Gasoline,Manual,Used,000 R1 RN65*Carbon*Euro5*Quickshift*TOP*,/offers/yamaha-yzf-r1-000-r1-rn65-carbon-euro5-quickshift-top-gasoline-blue-de697293-95f1-4de6-b827-69beb1d410d6
25000,22000,125.0,Harley-Davidson VRSC Night Rod,05/2011,Gasoline,Manual,Used,Custom,/offers/harley-davidson-vrsc-night-rod-custom-gasoline-black-c84bada8-2dc9-ec4f-e053-0100007f4067
9200,8375,80.0,Moto Guzzi V 85,03/2019,Gasoline,,Used,TT,/offers/moto-guzzi-v-85-tt-gasoline-grey-c98626ed-deb7-49b5-a05e-7ae82aa9dc2c
8000,49000,105.0,BMW R 1200 GS,05/2008,Gasoline,,Used,,/offers/bmw-r-1200-gs-gasoline-orange-496e6aad-f671-4c1a-a0e4-47bb80c43bea
100,12612,4.0,SYM Red Devil,03/2011,Gasoline,Automatic,Used,,/offers/sym-red-devil-gasoline-red-427bd7c6-1c22-7976-e053-0100007f214c
7000,16000,121.0,BMW R 1200,02/2007,Gasoline,,Used,,/offers/bmw-r-1200-gasoline-black-4eee3ec0-45cd-953c-e053-0100007fcc60
2800,7000,15.0,Honda SH 150,06/2018,Gasoline,Automatic,Used,con 7.000km,/offers/honda-sh-150-con-7-000km-gasoline-grey-1d623a83-59f2-4319-883b-92674f63e53a
6999,9400,73.0,KTM 690 Duke,08/2017,Gasoline,Manual,Used,- 2017 *Neuzustand *Service *1.Han *9400km *TÃ¼v,/offers/ktm-690-duke-2017-neuzustand-service-1-han-9400km-tuev-gasoline-orange-4650aeac-6ce6-4751-86f3-151ca9d27fe3
12500,17800,125.0,BMW R 1200 GS,11/2015,Gasoline,,Used,,/offers/bmw-r-1200-gs-gasoline-blue-edbdd4b3-d348-ab74-e053-0100007fd6fa
11990,16775,,Kawasaki Z 1000,05/2016,Gasoline,,Used,ABS,/offers/kawasaki-z-1000-abs-gasoline-red-96e0f3f2-6cf2-44be-9dd2-4db555b43e92
10000,36000,95.0,Moto Guzzi 1100 Sport,06/1995,Gasoline,,Used,Carburatori - blocco C cambio denti dritti,/offers/moto-guzzi-1100-sport-carburatori-blocco-c-cambio-denti-dritti-gasoline-red-6e7d575d-b2a5-7a07-e053-e250040a7e80
19000,25000,125.0,BMW R 1200 GS Adventure,06/2018,Gasoline,,Used,,/offers/bmw-r-1200-gs-adventure-gasoline-black-01b846c6-c3c1-ce40-e053-0100007f9029
6700,4500,167.0,KTM 250 EXC,06/2018,Gasoline,,Used,sixdays,/offers/ktm-250-exc-sixdays-gasoline-orange-27f8c5d5-2249-4cd1-838c-5c2fb3a03975
14000,52000,125.0,BMW R 1200 GS,08/2016,Gasoline,,Used,,/offers/bmw-r-1200-gs-gasoline-black-d98a68bc-5e49-5a33-e053-0100007f5636
21850,11950,75.0,Harley-Davidson Softail,04/2016,Gasoline,Manual,Used,Breakout,/offers/harley-davidson-softail-breakout-gasoline-black-6a3f91c0-e5ec-7230-e053-0100007f81ad
14500,10000,87.0,Harley-Davidson Road King,07/2016,Gasoline,,Used,,/offers/harley-davidson-road-king-gasoline-black-c4bd90bd-96e9-1f79-e053-0100007fc8b9
1800,17000,39.0,Kymco Downtown 300i,05/2011,Gasoline,Automatic,Used,,/offers/kymco-downtown-300i-gasoline-white-9de51bc7-c552-e608-e053-0100007f3d93
6490,3095,54.0,Honda,08/2019,Gasoline,Manual,Used,NC750XDK RC90 DCT-Variante,/offers/honda-others-nc750xdk-rc90-dct-variante-gasoline-blue-77a654fd-22f3-4111-a46f-c614bb3f5ffe
13950,20540,129.0,Honda VFR 1200,01/2018,,,Used,X CROSSTOURER,/offers/honda-vfr-1200-x-crosstourer-white-5d0cc3ac-5508-4ca9-b67b-c73f68447675
1200,11000,7.0,SYM Jet 50,02/2017,Gasoline,,Used,,/offers/sym-jet-50-gasoline-grey-6465e2e3-4c9e-4bad-8ac6-8109ee748f5f
7500,16400,46.0,Ducati Monster 821,01/2019,Gasoline,,Used,,/offers/ducati-monster-821-gasoline-black-b46c0d40-4b9d-4f5e-9c90-b91a8d3f0d69
13699,2500,95.0,BMW F 850 GS,03/2021,Gasoline,Manual,Demonstration,LED SCHEINWERFER,/offers/bmw-f-850-gs-led-scheinwerfer-gasoline-black-fa952412-54aa-4403-804d-f5c5bb5c3c9c
17450,1,,BMW R 80 R,03/1990,,,Used,100 SE Cafe Racer Concept Bike,/offers/bmw-r-80-r-100-se-cafe-racer-concept-bike-ccc1531b-0dce-405a-b9a8-48bf75d98e9a
8950,29900,,Suzuki,04/2016,Gasoline,,Used,GSX S 1000 F ABS GSX-S BLACK-EDITIO,/offers/suzuki-others-gsx-s-1000-f-abs-gsx-s-black-editio-gasoline-black-0e518002-6933-475f-bb2b-09b3612f4a7a
7899,0,77.0,Suzuki SV 650,01/2021,Gasoline,Manual,New,650A,/offers/suzuki-sv-650-650a-gasoline-black-19ba2925-7046-40a4-8f87-96ba3e6e0514
7790,8414,60.0,BMW C 650,03/2016,Gasoline,Automatic,Used,Sport,/offers/bmw-c-650-sport-gasoline-orange-ac5432b4-9608-4e05-a8f9-5b7b23837948
14250,4600,174.0,Aprilia Tuono,02/2019,Gasoline,Manual,Used,,/offers/aprilia-tuono-gasoline-black-113708c5-a779-a578-e053-0100007ffc68
10000,46500,125.0,BMW R 1200 GS LC,06/2014,Gasoline,Manual,Used,,/offers/bmw-r-1200-gs-lc-gasoline-grey-ed53a5bc-73ed-217f-e053-0100007f6f9e
12500,34000,160.0,Ducati Multistrada 1200,07/2016,Gasoline,,Used,,/offers/ducati-multistrada-1200-gasoline-red-eec675c6-e7cd-bd45-e053-0100007f6545
11300,3400,95.0,Indian Scout,08/2019,Gasoline,,Used,,/offers/indian-scout-gasoline-green-83382ac7-471f-426c-e053-0100007fd4ce
14000,2500,48.0,Yamaha TMAX 560,06/2020,Gasoline,,Used,TECH-MAX 2020 2.500KMS!!! AKRAPOVIC - FULL OPTIONS,/offers/yamaha-tmax-560-tech-max-2020-2-500kms-akrapovic-full-options-gasoline-green-ea48b878-006e-4008-9773-76a85665f03e
13490,27131,69.0,Harley-Davidson Dyna Low Rider,07/2003,Gasoline,Manual,Used,FXDL 100Â° ANNIVERSARY,/offers/harley-davidson-dyna-low-rider-fxdl-100-anniversary-gasoline-silver-5a59fd58-8431-bd61-e053-e350040ad992
11200,27650,160.0,BMW K 1600 GTL,01/2012,Gasoline,,Used,,/offers/bmw-k-1600-gtl-gasoline-blue-d23ddec4-6abf-c223-e053-0100007feebd
11500,19200,116.0,BMW R 1200 RS,04/2016,Gasoline,Manual,Used,,/offers/bmw-r-1200-rs-gasoline-blue-ca8ed2c5-e054-8c17-e053-0100007fe1a8
7500,10000,,KTM 790 Duke,09/2018,Gasoline,,Used,L,/offers/ktm-790-duke-l-gasoline-black-f91a0fec-333d-44db-9ce6-1f775f02d6b8
16990,500,160.0,KTM 1290 Super Adventure,06/2021,Gasoline,Manual,Used,S Modell 2021,/offers/ktm-1290-super-adventure-s-modell-2021-gasoline-orange-5c5813e6-2dec-42d2-9a3d-242d74efb6b2
12990,12150,,BMW S 1000 R,06/2017,Gasoline,,Used,,/offers/bmw-s-1000-r-gasoline-grey-664a5021-163e-4b15-902d-48defd21db61
15900,42234,125.0,BMW R 1200 GS,03/2017,Gasoline,Manual,Used,R 1200 GS EXCLUSIVE,/offers/bmw-r-1200-gs-r-1200-gs-exclusive-gasoline-09824b6c-f97f-4a79-a8b5-6a1e68e06375
9689,16978,101.0,Suzuki,10/2013,Gasoline,Manual,Used,"DL 1000 V STROM - Koffer, Topcase, Extras!",/offers/suzuki-others-dl-1000-v-strom-koffer-topcase-extras-gasoline-black-ac37aa08-4ff5-4d5c-b0fd-2acace86127c
11250,25983,,Honda CB 1000,01/2018,,,Used,1000R ABS,/offers/honda-cb-1000-1000r-abs-grey-44ab55d9-d654-43a0-aab1-4941d60168b8
2800,32000,30.0,Piaggio Beverly 350,07/2015,Gasoline,,Used,sport touring abs,/offers/piaggio-beverly-350-sport-touring-abs-gasoline-silver-2f1c8bce-fa8d-41ed-aaeb-224137bf1740
13000,15112,162.0,Ducati Diavel,05/2015,Gasoline,Manual,Used,ABS con kit Touring,/offers/ducati-diavel-abs-con-kit-touring-gasoline-black-7bf84835-d3b1-464e-ba25-3c3400e212ce
13500,46000,56.0,Harley-Davidson,09/2002,Gasoline,,Used,,/offers/harley-davidson-others-gasoline-black-f94f10c5-412c-b804-e053-0100007f8073
7790,6500,34.0,BMW C 400 GT,05/2019,Gasoline,Automatic,Used,400 GT,/offers/bmw-c-400-gt-400-gt-gasoline-b7cba049-eeb7-4be1-b17c-de68235f8b6e
11500,5917,,Triumph Thruxton,06/2016,Gasoline,,Used,,/offers/triumph-thruxton-gasoline-black-aa1bc3f2-2fc2-460d-b48c-fc9450ba9e4b
1600,25000,33.0,Piaggio Beverly 400,04/2009,Gasoline,,Used,tourer,/offers/piaggio-beverly-400-tourer-gasoline-silver-015c05bc-5185-067c-e053-0100007f9b1f
8800,34000,150.0,KTM 1190 Adventure,05/2014,Gasoline,,Used,,/offers/ktm-1190-adventure-gasoline-orange-58ae2bc3-7793-e021-e053-0100007fc7f7
10149,28000,140.0,Triumph Speed Triple 1050,06/2017,Gasoline,Manual,Used,,/offers/triumph-speed-triple-1050-gasoline-black-6481c3c6-4b6c-590e-e053-0100007f4ec7
11950,1,,Aprilia Tuono,12/2021,Gasoline,,Pre-registered,660,/offers/aprilia-tuono-660-gasoline-gold-eb041795-7b0f-421b-8b29-aec89b28d7a9
13000,58000,140.0,BMW R 1200 GS Adventure,12/2014,Gasoline,,Used,full,/offers/bmw-r-1200-gs-adventure-full-gasoline-blue-c7a01542-d152-4b08-b80a-37579c4a1a14
8000,20975,91.0,Harley-Davidson Sportster XR 1200,07/2008,Gasoline,,Used,,/offers/harley-davidson-sportster-xr-1200-gasoline-blue-c5e6b5c3-f77d-a752-e053-0100007ff011
6950,27500,178.0,Honda CBR 1000,05/2009,Gasoline,,Used,,/offers/honda-cbr-1000-gasoline-white-7bed497a-b514-4aae-83f3-f5f0858ff258
7000,30000,178.0,Honda CBR 1000,03/2010,Gasoline,,Used,,/offers/honda-cbr-1000-gasoline-orange-62a732c6-ed3f-a148-e053-0100007fb740
7500,4,1.0,TM SMX 450 Fi,06/2015,Gasoline,Manual,Used,*,/offers/tm-smx-450-fi--gasoline-blue-5d221265-2118-491d-9c6f-8f5a7f8b61cc
8950,54482,68.0,Harley-Davidson Sportster,06/2016,Gasoline,Manual,Used,XL Chopper 1200T Sportster SuperLow,/offers/harley-davidson-sportster-xl-chopper-1200t-sportster-superlow-gasoline-violet-2a06ed8e-27e2-4edd-88c1-802d3b77097e
6750,13464,,Kawasaki Ninja 650,01/2017,,,Used,ABS,/offers/kawasaki-ninja-650-abs-green-94a208cd-9914-4568-bc4d-409376812cc1
8500,16000,109.0,Ducati,05/2017,Gasoline,Manual,Used,Monster 821 ABS 2017 - KM. 16000,/offers/ducati-others-monster-821-abs-2017-km-16000-gasoline-grey-0ec3e71c-cd36-462b-a598-e9ac5047c31c
9000,33000,69.0,Harley-Davidson Iron 883,06/2009,Gasoline,,Used,clubstyle,/offers/harley-davidson-iron-883-clubstyle-gasoline-black-e891eed6-7a02-4134-abd8-09a73476bde9
10790,1800,,Honda,02/2019,Gasoline,,Used,,/offers/honda-gasoline-1b66f527-6132-4140-8a14-82d358dd3734
9690,40971,,KTM 1190 Adventure,06/2013,Gasoline,,Used,,/offers/ktm-1190-adventure-gasoline-grey-f425732f-62c7-48ca-be16-8fdaa43d10a8
7500,6337,75.0,Yamaha XSR 700,06/2020,Gasoline,,Used,,/offers/yamaha-xsr-700-gasoline-silver-aa57cebd-aa08-4d23-e053-0100007f855d
13980,108,105.0,BMW F 900 XR,06/2021,Gasoline,Manual,Demonstration,Exlusive 4 Pakete,/offers/bmw-f-900-xr-exlusive-4-pakete-gasoline-gold-b34d1935-e07e-4a3a-8e4d-1f7e31146faf
16198,2081,,Suzuki,01/2020,,,Used,DL1050XT V-STROM,/offers/suzuki-others-dl1050xt-v-strom-yellow-69144992-fb14-4565-95fc-c82a0091a76a
9490,2500,,Yamaha,05/2019,Gasoline,,Used,,/offers/yamaha-gasoline-black-73be04f1-b561-4564-b14c-a0a377b7a225
2200,32900,24.0,Honda SH 300,03/2014,Gasoline,,Used,sporty,/offers/honda-sh-300-sporty-gasoline-black-bab447c6-19ba-dc20-e053-0100007fb4ce
9490,6065,48.0,Honda X-ADV,06/2019,Gasoline,Automatic,Used,,/offers/honda-x-adv-gasoline-white-1814b2c6-7038-7b07-e053-0100007fcc6e
1700,3170,12.0,Kymco Agility 125,08/2019,Gasoline,Automatic,Used,,/offers/kymco-agility-125-gasoline-grey-cbeb62c6-a1f4-6d34-e053-0100007fe27d
15499,0,,Suzuki V-Strom 1050,01/2021,,,New,XT V-Strom,/offers/suzuki-v-strom-1050-xt-v-strom-grey-a07902f3-d8f4-470d-b3ff-0330ab17a438
10500,13449,48.0,Yamaha YZF-R6,12/2014,Gasoline,Manual,Used,50th Anniversary Edition n76,/offers/yamaha-yzf-r6-50th-anniversary-edition-n76-gasoline-white-7caf7ad4-31b9-4305-b7e4-c228b5de35f3
11000,13000,79.0,Harley-Davidson Dyna Fat Bob,05/2013,Gasoline,Manual,Used,,/offers/harley-davidson-dyna-fat-bob-gasoline-red-1f90f6ad-a843-ae35-e053-0100007fb680
12699,75,,Honda,01/2021,,,New,NSS 750 Forza ABS,/offers/honda-others-nss-750-forza-abs-black-4b7f75fc-458d-43ac-b199-282c2e9bebd2
6250,48930,155.0,Kawasaki,04/2009,Gasoline,Manual,Used,1400 GTR +HU/AU neu+Koffer+ABS+LeoVince+Navi,/offers/kawasaki-others-1400-gtr-hu-au-neu-koffer-abs-leovince-navi-gasoline-black-0093b746-12fd-4b0f-b1f3-2b7e40ce94a7
11900,1100,125.0,Suzuki VZR 1800,04/2009,Gasoline,Manual,Used,,/offers/suzuki-vzr-1800-gasoline-yellow-a694c3bd-62e0-aa7c-e053-0100007fe871
12500,333,64.0,BMW R 75/5,09/1973,Gasoline,,Used,,/offers/bmw-r-75-5-gasoline-grey-b8d07fc5-a540-ea7f-e053-0100007f8fea
10500,7900,110.0,BMW R nineT,07/2018,Gasoline,,Used,,/offers/bmw-r-ninet-gasoline-grey-d72cdbc3-6343-5976-e053-0100007f91c2
7000,1,44.0,KTM 250 EXC,06/2018,Two Stroke Gasoline,,Used,six days tpi,/offers/ktm-250-exc-six-days-tpi-two-stroke-gasoline-orange-df1769c1-2608-4598-9a15-80ed38ee7f40
2200,16500,11.0,Yamaha TriCity,05/2015,Gasoline,Automatic,Used,125cc,/offers/yamaha-tricity-125cc-gasoline-black-16093dc3-c3e1-4437-e053-0100007fac4b
7250,77700,116.0,BMW K 1200,01/2009,Gasoline,,Used,,/offers/bmw-k-1200-gasoline-black-84aa21bf-fa55-8d31-e053-0100007f06f9
11250,12919,95.0,Honda CRF 1000,08/2017,Gasoline,Automatic,Used,Africa Twin DCT+LED+Koffer+ABS+Heizgr.,/offers/honda-crf-1000-africa-twin-dct-led-koffer-abs-heizgr-gasoline-black-5dc7a91c-3daa-495b-a9d4-e1dea94b408b
700,36628,10.0,Piaggio Typhoon,04/2012,Gasoline,,Used,,/offers/piaggio-typhoon-gasoline-white-d7d28996-2f26-ed02-e053-e250040a2cbd
12900,14222,125.0,BMW R 1200 GS,07/2013,Gasoline,,Used,0,/offers/bmw-r-1200-gs-0-gasoline-a9e2ed3b-8253-4155-a973-ee57ab983776
9900,9800,143.0,Kawasaki Z 1000,10/2018,Gasoline,Manual,Used,,/offers/kawasaki-z-1000-gasoline-green-62f628c0-1b6e-7d72-e053-0100007f4558
6300,153,,KTM,02/2019,Gasoline,,Used,,/offers/ktm-gasoline-orange-9b89a9e0-e39b-447f-8edc-85166c21a474
2350,1900,3.0,Vespa Primavera 50,06/2018,Gasoline,,Used,,/offers/vespa-primavera-50-gasoline-red-485c2a17-b91f-4b29-bf0e-e971ba91aef1
8450,5250,61.0,Triumph America LT,06/2009,Gasoline,Manual,Used,,/offers/triumph-america-lt-gasoline-blue-18f7c4c2-e145-0170-e053-0100007f6993
7445,47849,,Yamaha XT 1200,03/2011,,,Used,Z TENERE,/offers/yamaha-xt-1200-z-tenere-grey-b24a6ed6-7ead-45a0-a2ae-87844d1439c5
11700,42000,125.0,BMW R 1200 GS LC,07/2013,Gasoline,,Used,,/offers/bmw-r-1200-gs-lc-gasoline-white-06a3aac6-c3f8-2332-e053-0100007facee
1650,48900,20.0,Yamaha X-Max 250,09/2009,Gasoline,Automatic,Used,YP 250 1.HAND,/offers/yamaha-x-max-250-yp-250-1-hand-gasoline-blue-2fac341c-41f3-49ec-80f1-c84e3ff43e33
6200,24700,751.0,Honda Integra,01/2016,Gasoline,,Used,copertura impermeabile,/offers/honda-integra-copertura-impermeabile-gasoline-white-3e6819bc-a59e-6a4b-e053-0100007fa871
2000,5400,4.0,Peugeot Citystar,12/2017,Gasoline,,Used,,/offers/peugeot-citystar-gasoline-bronze-26db43c1-8635-fc16-e053-0100007f5054
19290,1512,207.0,BMW S 1000 RR,03/2020,Gasoline,Manual,Used,K67 NEUE PIRELLI SUPERCORSA,/offers/bmw-s-1000-rr-k67-neue-pirelli-supercorsa-gasoline-silver-dc5e5943-abca-4054-97b1-666c1763a2d5
9500,192,34.0,Honda CJ 360,07/1977,Gasoline,Manual,Used,"T "" ORIGINALE 192 KM aus 1.Hand !""",/offers/honda-cj-360-t-originale-192-km-aus-1-hand-gasoline-yellow-6736674b-070c-4e75-a472-51d59ccaefb8
10000,23000,179.0,KTM 1290 Super Duke R,04/2016,Gasoline,,Used,,/offers/ktm-1290-super-duke-r-gasoline-orange-119c3abe-98e0-8316-e053-0100007fe39a
11300,10000,147.0,Ducati Monster 1200,05/2017,Gasoline,,Used,,/offers/ducati-monster-1200-gasoline-red-e8785ba7-4bc4-43ab-84db-0a20a59196c6
1900,1129,11.0,Honda PCX 125,01/2018,Gasoline,,Used,VENDU !!!!!!,/offers/honda-pcx-125-vendu-gasoline-red-715d0fd9-9fc0-468a-a710-ba545a4a1e5a
18000,74500,98.0,Harley-Davidson CVO Limited,01/2012,Gasoline,,Used,,/offers/harley-davidson-cvo-limited-gasoline-orange-874d61b8-3402-911f-e053-0100007f0871
12500,6500,102.0,Triumph Thruxton,06/2017,Gasoline,,Used,,/offers/triumph-thruxton-gasoline-green-3614bbb9-5951-fc3a-e053-0100007f6ae8
11590,20530,,Triumph,09/2016,Gasoline,,Used,,/offers/triumph-gasoline-black-79062f7d-dd0b-48f4-8050-8a49e984b61d
11500,54932,,BMW R 1200 GS,01/2014,Gasoline,,Used,,/offers/bmw-r-1200-gs-gasoline-red-22c96c3d-e61e-4a44-9e0e-978ec9166dcd
24990,10000,136.0,BMW R 1250 GS,03/2021,,Manual,Used,Adventure,/offers/bmw-r-1250-gs-adventure-black-ea7b530b-d24d-4e8b-8c6f-017472352fbd
10990,3622,,Suzuki Katana 1000,08/2020,Gasoline,,Used,,/offers/suzuki-katana-1000-gasoline-black-e351f16e-82b6-4dd9-936c-343011111a32
1350,24538,158.0,Honda SH 150,05/2012,Gasoline,,Used,,/offers/honda-sh-150-gasoline-white-9261eec1-a7e1-dd40-e053-0100007fb5ce
12799,1971,118.0,Yamaha Tracer 900,03/2021,Gasoline,,Pre-registered,STD,/offers/yamaha-tracer-900-std-gasoline-red-1cfb0344-1bbd-4ede-8c0e-7aaf2c207588
10770,1500,105.0,BMW F 900 R,06/2021,Gasoline,Manual,Demonstration,KURVENLICHT LED SCHEINWERFER,/offers/bmw-f-900-r-kurvenlicht-led-scheinwerfer-gasoline-black-a64cda7f-2afd-46d6-8952-b10c0738b64f
12999,0,145.0,Honda CB 1000,11/2020,Gasoline,Manual,Pre-registered,RAK PLUS 2ED **AKTIONSPREIS**,/offers/honda-cb-1000-rak-plus-2ed-aktionspreis-gasoline-a050d51c-8b6a-4d84-82f2-1a9a40b2ea8f
13990,252,,Kawasaki,03/2021,Gasoline,,Used,,/offers/kawasaki-gasoline-green-709e0721-6471-40ef-ac09-2da1f522b749
11500,10955,148.0,Ducati Streetfighter,07/2014,Gasoline,,Used,1098 S,/offers/ducati-streetfighter-1098-s-gasoline-black-32de9cbf-cbcf-f52c-e053-0100007fcf4d
10000,20100,101.0,Yamaha YZF-R1,05/2013,Gasoline,,Used,,/offers/yamaha-yzf-r1-gasoline-blue-ca790bc1-c100-0717-e053-0100007fc40c
14980,9989,125.0,Suzuki VZR 1800,11/2017,Gasoline,Manual,Used,M 1800 R INTRUDER LIMITED EDITION,/offers/suzuki-vzr-1800-m-1800-r-intruder-limited-edition-gasoline-grey-fddb0b45-7e20-4147-add7-59bd6db4cff2
22680,0,136.0,BMW R 1250 GS,12/2020,Gasoline,Manual,New,R 1250 GS,/offers/bmw-r-1250-gs-r-1250-gs-gasoline-a1fb1a68-4b3e-45d5-9509-d6fdf9b7acf1
11000,3796,105.0,BMW F 900 XR,05/2020,Gasoline,,Used,,/offers/bmw-f-900-xr-gasoline-red-4c7592c0-6321-8728-e053-0100007fc7e9
9995,4500,192.0,Honda CBR 1000,03/2017,Gasoline,,Used,,/offers/honda-cbr-1000-gasoline-red-41185ac5-a655-6c3f-e053-0100007f58b1
10990,21499,159.0,Ducati Multistrada 1200,05/2015,Gasoline,Manual,Used,MTS 1200 Red,/offers/ducati-multistrada-1200-mts-1200-red-gasoline-red-2d22d7e4-bb15-4c47-94d9-1d8344b78d0b
12500,52435,125.0,BMW R 1200 GS,03/2014,Gasoline,,Used,0,/offers/bmw-r-1200-gs-0-gasoline-grey-45506cef-0e0b-4605-a3fb-72c93831cdbd
14000,30000,125.0,BMW R 1200 GS,01/2014,Gasoline,,Used,,/offers/bmw-r-1200-gs-gasoline-white-e2ac98c2-3faf-0622-e053-0100007f96b0
10500,8000,120.0,MV Agusta Brutale 800,03/2017,Gasoline,,Used,,/offers/mv-agusta-brutale-800-gasoline-black-405318bf-90b5-a52c-e053-0100007f686b
12490,3200,116.0,Yamaha Tracer 900,04/2020,,Manual,Used,GT,/offers/yamaha-tracer-900-gt-blue-bff17424-1bd5-4232-801e-e1959c98fc59
21500,53000,101.0,Harley-Davidson Street Glide,08/2011,Gasoline,Manual,Used,,/offers/harley-davidson-street-glide-gasoline-black-d40a3ec4-da31-2878-e053-0100007f7845
8700,10000,116.0,Yamaha Tracer 900,05/2018,Gasoline,,Used,,/offers/yamaha-tracer-900-gasoline-black-3e6e8fc5-9d0c-4ecb-bedd-6f716b7a60c0
9200,3030,48.0,Kymco MXU 700,05/2017,Gasoline,Automatic,Used,Kymco MXU 700i EPS 35KW | Schneepfl.Koffer.Winde,/offers/kymco-mxu-700-kymco-mxu-700i-eps-35kw-schneepfl-koffer-winde-gasoline-black-a0d569b9-e72e-3375-e053-0100007f771a
2500,16700,30.0,Kymco K-XCT 300i,01/2013,Gasoline,,Used,,/offers/kymco-k-xct-300i-gasoline-black-ca7e35ba-918d-0711-e053-0100007f28c5
12000,39000,122.0,Harley-Davidson Fat Bob,06/2012,Gasoline,,Used,,/offers/harley-davidson-fat-bob-gasoline-black-66665aab-f1be-2127-e053-0100007fe83d
14350,23000,79.0,Harley-Davidson Low Rider,07/2014,Gasoline,Manual,Used,,/offers/harley-davidson-low-rider-gasoline-black-4b3092b9-bf41-cb4d-e053-0100007fd1a8
6789,53933,135.0,Triumph Speed Triple 1050,03/2011,Gasoline,Manual,Used,"Rizoma, Synto, Highsider",/offers/triumph-speed-triple-1050-rizoma-synto-highsider-gasoline-e9473871-5dc4-4d9f-9df8-6ee98225da48
6800,38832,60.0,Triumph America LT,06/2012,Gasoline,Manual,Used,,/offers/triumph-america-lt-gasoline-blue-c498fdc6-9ab9-b024-e053-0100007fca86
10000,35000,67.0,Harley-Davidson Sportster Forty Eight,11/2010,Gasoline,Manual,Used,,/offers/harley-davidson-sportster-forty-eight-gasoline-orange-a35b651f-e453-4245-b098-336aea4e4140
12499,26000,197.0,Suzuki Hayabusa,03/2018,Gasoline,Manual,Used,"ABS, 2018er, 1. Hd., BOS, MRA, Scheckheft, Extras!",/offers/suzuki-hayabusa-abs-2018er-1-hd-bos-mra-scheckheft-extras-gasoline-black-98166ebc-8ea0-d854-e053-0100007f9ab3
7490,21416,,Honda NC 750,01/2016,,,Used,X ABS DCT,/offers/honda-nc-750-x-abs-dct-blue-b097f1ff-0d66-4e61-a727-a9eca3d2ac0f
10500,12500,,Triumph Speed Twin,07/2019,Gasoline,,Used,1200,/offers/triumph-speed-twin-1200-gasoline-red-e950dcd4-24c1-4bc5-9c34-dd31f2933449
13200,6200,165.0,BMW,04/2017,Gasoline,Semi-automatic,Used,,/offers/bmw-others-gasoline-grey-1d02f9c4-2fa8-843f-e053-0100007f3527
22899,500,,Honda Fireblade,03/2021,,Manual,Used,VorfÃ¼hrfahrzeug,/offers/honda-fireblade-vorfuehrfahrzeug-347fe9a8-dde2-495a-8124-0552449c75ca
26200,1200,,Honda Fireblade,06/2017,Gasoline,,Used,,/offers/honda-fireblade-gasoline-red-853d0091-6424-4e47-936f-90eacdf40266
2100,3714,11.0,KSR Moto GRS 125,11/2018,Gasoline,Manual,Used,,/offers/ksr-moto-grs-125-gasoline-orange-082828bc-6612-dd09-e053-0100007f1383
7000,15714,50.0,Suzuki,01/2011,Gasoline,Automatic,Used,,/offers/suzuki-others-gasoline-green-9c8eb8bc-dacc-656b-e053-0100007f768a
850,9000,4.0,Daelim S4,09/2019,Gasoline,,Used,,/offers/daelim-s4-gasoline-black-5fefb4bc-cf9e-6d02-e053-0100007f89ff
16990,36000,160.0,BMW K 1600 GT,07/2019,Gasoline,,Used,,/offers/bmw-k-1600-gt-gasoline-silver-3c941891-a341-4235-a487-43020d073294
17500,13400,160.0,BMW K 1600 GT,01/2017,Gasoline,Manual,Used,Sport,/offers/bmw-k-1600-gt-sport-gasoline-blue-943410c6-00f3-7c50-e053-0100007fb38d
11489,26146,110.0,BMW R nineT,12/2017,Gasoline,Manual,Used,"SCRAMBLER - 1. Hand, Scheckheft!",/offers/bmw-r-ninet-scrambler-1-hand-scheckheft-gasoline-ead64d18-8df2-4e2f-8ab6-dd8bbca8e851
6986,9584,90.0,BMW F 800,04/2016,Gasoline,Manual,Used,,/offers/bmw-f-800-gasoline-blue-d30809c5-f60e-8948-e053-0100007f6458
1750,971,4.0,Piaggio TPH 50,09/2020,Two Stroke Gasoline,,Used,,/offers/piaggio-tph-50-two-stroke-gasoline-black-450c62d2-fa71-4993-b85e-2b006a98155b
17000,3300,,Triumph Tiger 1200,09/2020,Gasoline,,Used,DESERT EDITION,/offers/triumph-tiger-1200-desert-edition-gasoline-brown-b5429303-8e7b-47e2-af78-57c44a33c2ad
16000,8904,82.0,Harley-Davidson Street Glide,04/2008,Gasoline,Manual,Used,FLHX,/offers/harley-davidson-street-glide-flhx-gasoline-blue-019002c3-1750-44e0-bfb8-d2fd76d4ba21
14700,33000,160.0,BMW K 1600,01/2012,Gasoline,Manual,Used,,/offers/bmw-k-1600-gasoline-white-2d2aa8c1-6db4-5b56-e053-0100007f64b7
15500,27000,150.0,Ducati Multistrada 1200,06/2017,Gasoline,,Used,,/offers/ducati-multistrada-1200-gasoline-red-edd882ba-139b-9162-e053-0100007f82c8
15000,4000,102.0,Honda CRF 1100,09/2020,Gasoline,,Used,Africa twin 1100 DTC,/offers/honda-crf-1100-africa-twin-1100-dtc-gasoline-red-442973d8-2b24-4f3e-a885-7fdb7582ffb0
10999,9,,Yamaha MT-09,01/2021,,,New,ABS,/offers/yamaha-mt-09-abs-black-1f91cde3-a4f7-45c4-84b9-42670d5f3f93
10989,8190,60.0,BMW C 650 GT,01/2019,Gasoline,Automatic,Used,1. Hand,/offers/bmw-c-650-gt-1-hand-gasoline-477832bd-d296-4063-a7da-3b299b1bdbd3
900,37000,67.0,Piaggio Liberty 50,05/2010,Two Stroke Gasoline,Automatic,Used,,/offers/piaggio-liberty-50-two-stroke-gasoline-grey-ff08f7bd-32b2-7f49-e053-0100007ff5be
2500,2100,3.0,SYM Wolf SB 250 Ni,05/2015,Gasoline,,Used,,/offers/sym-wolf-sb-250-ni-gasoline-blue-d765d5c5-c0fd-b326-e053-0100007ff6a6
16990,100,200.0,Kawasaki Z H2,07/2021,Gasoline,Manual,Used,2 Jahre Garantie! optional erweiterba auf,/offers/kawasaki-z-h2-2-jahre-garantie-optional-erweiterba-auf-gasoline-black-4d221539-f759-4a1e-89c7-18ac1360c924
17500,24000,84.0,Harley-Davidson Electra Glide,07/2013,Gasoline,,Used,FLHTCU,/offers/harley-davidson-electra-glide-flhtcu-gasoline-black-fe5a0cbf-7c6e-6923-e053-0100007f4246
10490,6600,141.0,Kawasaki Z 1000,01/2016,,,Used,SX ABS,/offers/kawasaki-z-1000-sx-abs-black-50b54c90-dda8-49d4-ae2d-aaa7dcea19f6
180,4600,4.0,Jinling,03/2004,Two Stroke Gasoline,Automatic,Used,,/offers/jinling-others-two-stroke-gasoline-red-e728a0c6-09e8-a249-e053-0100007f5831
19800,1,1.0,BMW R 69,12/1958,Gasoline,,Antique / Classic,,/offers/bmw-r-69-gasoline-black-3430c032-9856-4b2c-88a1-34686aad26b2
600,12350,479.0,Motobi Pesaro,04/2010,Two Stroke Gasoline,,Used,,/offers/motobi-pesaro-two-stroke-gasoline-white-dbcb43c1-2c1f-1810-e053-0100007fcd94
15990,2100,,Kawasaki Z 1000,06/2020,Gasoline,,Used,H2,/offers/kawasaki-z-1000-h2-gasoline-grey-1eedafbe-1c5c-452d-9f4e-fb97e66a4f00
11990,12178,145.0,Honda CB 1000,01/2019,,,Used,R ABS,/offers/honda-cb-1000-r-abs-grey-ba920622-1068-4bc1-8cbc-7694f3d2ef5f
15400,26761,75.0,Harley-Davidson Heritage Softail,09/2011,Gasoline,Manual,Used,,/offers/harley-davidson-heritage-softail-gasoline-white-05f66230-1827-46db-b78d-52525a83dcc9
22995,1,88.0,Harley-Davidson Softail,01/2021,Gasoline,Manual,Used,FLSL SLIM 2021,/offers/harley-davidson-softail-flsl-slim-2021-gasoline-black-03e973db-44ff-4aef-8681-aca88b0a31fc
700,787,60.0,Zhejiang,08/2017,Gasoline,,Used,,/offers/zhejiang-other-gasoline-black-d613327b-a03d-41dd-a7bf-b0e60d1be3ff
7200,37900,48.0,Yamaha TMAX 530,05/2013,Gasoline,,Used,,/offers/yamaha-tmax-530-gasoline-black-d47f6855-c864-4e7a-b339-2ffbf6fdd8be
9000,31000,98.0,Honda Gold Wing,05/2000,Gasoline,Manual,Used,,/offers/honda-gold-wing-gasoline-blue-9c4c25c6-c5f5-e247-e053-0100007f44ee
1050,3000,4.0,Yamaha Aerox,05/2015,Two Stroke Gasoline,,Used,,/offers/yamaha-aerox-two-stroke-gasoline-black-4d94e0c4-6203-7b09-e053-0100007f70e5
20000,65000,129.0,Harley-Davidson Ultra Classic,05/2012,Gasoline,,Used,cvo,/offers/harley-davidson-ultra-classic-cvo-gasoline-black-8556ca5c-8491-404a-ba89-f11ecfb230d1
8290,20300,54.0,Honda,04/2017,Gasoline,Automatic,Used,X-ADV,/offers/honda-others-x-adv-gasoline-red-6212c1e2-f97e-447d-8f44-7f335f6cd8eb
850,25000,68.0,Peugeot Elystar,02/2016,Two Stroke Gasoline,,Used,classe b,/offers/peugeot-elystar-classe-b-two-stroke-gasoline-black-dffd5ebc-1daf-8505-e053-0100007fdd97
12900,29000,60.0,Harley-Davidson Heritage Softail,04/1993,Gasoline,,Used,Heritage Softail Evo,/offers/harley-davidson-heritage-softail-heritage-softail-evo-gasoline-red-7110f9c1-3c7f-4ed5-9282-683d1bc164c8
18500,20000,125.0,BMW R 1200 GS Adventure,07/2018,Gasoline,,Used,Triple Black,/offers/bmw-r-1200-gs-adventure-triple-black-gasoline-black-f991ddc6-e023-4a4d-b9b5-fb5c220c4abc
8499,11300,125.0,Kawasaki Z 900,06/2017,Gasoline,Semi-automatic,Used,900,/offers/kawasaki-z-900-900-gasoline-green-9b0ebf99-1532-472e-8f83-4d61f2b67b56
8000,12500,106.0,Kawasaki ZZR 1400,04/2009,Gasoline,,Used,,/offers/kawasaki-zzr-1400-gasoline-silver-f5cfb836-238a-4a2e-bf5a-86162a60ba49
2600,4000,4.0,Beta RR 50,12/2016,Two Stroke Gasoline,,Used,,/offers/beta-rr-50-two-stroke-gasoline-white-76f923a0-f27e-3027-e053-e250040a5ce1
12450,16000,148.0,Ducati Multistrada 1200,06/2014,Gasoline,,Used,S Granturismo,/offers/ducati-multistrada-1200-s-granturismo-gasoline-grey-13286213-0c9c-4b99-8606-00799aa93b3f
10450,24854,160.0,BMW S 1000 R,03/2015,Gasoline,Manual,Used,S 1000 R,/offers/bmw-s-1000-r-s-1000-r-gasoline-white-eb843b4c-dc2c-4eaf-8fa0-d0d6909fcbcd
1100,71000,26.0,Honda SH 300,04/2010,Gasoline,,Used,,/offers/honda-sh-300-gasoline-black-438ffbc4-c924-7631-e053-0100007f7304
11000,21000,71.0,Harley-Davidson Heritage Softail,05/2009,Gasoline,Manual,Used,,/offers/harley-davidson-heritage-softail-gasoline-black-acaf9cc2-9ef9-9d2a-e053-0100007fe64c
9500,6036,54.0,Honda X-ADV,10/2018,Gasoline,Automatic,Used,,/offers/honda-x-adv-gasoline-silver-cdbb30bd-bf74-6528-e053-0100007fbe11
8200,7730,125.0,Kawasaki Z 900,03/2018,Gasoline,Manual,Used,ZR 900 Performance,/offers/kawasaki-z-900-zr-900-performance-gasoline-black-a795b3b7-1c35-4618-acf0-993f00d9f052
9797,46200,,Ducati Hypermotard 821,04/2015,Gasoline,Manual,Used,Termignoni Carbon Slip-On,/offers/ducati-hypermotard-821-termignoni-carbon-slip-on-gasoline-red-86b340de-89d3-4367-bf52-4801db419b55
8300,31000,152.0,Ducati Multistrada 1200,06/2011,Gasoline,,Used,,/offers/ducati-multistrada-1200-gasoline-white-3f5a5942-fd6f-4df9-9002-cfeac5bbb7a6
6950,89950,,Honda Pan European,03/2009,,,Used,ST 1300 C-ABS,/offers/honda-pan-european-st-1300-c-abs-silver-6d65b062-5786-4a77-859b-6aba3e36ea1c
2000,1716,10.0,Yamaha YS 125,12/2018,Gasoline,Manual,Used,,/offers/yamaha-ys-125-gasoline-white-1e4568c0-2c00-6d75-e053-0100007f0293
10800,4400,170.0,Ducati 1198,09/2009,Gasoline,Manual,Used,1198 S,/offers/ducati-1198-1198-s-gasoline-white-87749df6-8df1-426b-9134-f62f69c90966
1500,62000,383.0,Kymco Xciting 500i,05/2013,Gasoline,,Used,,/offers/kymco-xciting-500i-gasoline-white-65361ac1-0d7a-2d37-e053-0100007fc923
11558,0,,Honda CBR 650,01/2021,,Manual,New,R,/offers/honda-cbr-650-r-black-41d8f7bb-ceff-49c8-a288-a8b7fedb2b12
21000,29500,90.0,Harley-Davidson Street Glide,10/2016,Gasoline,,Used,Street Glide Special,/offers/harley-davidson-street-glide-street-glide-special-gasoline-black-aa032883-d195-48b0-a0e8-7c36a18bcdb2
1300,15700,8.0,LML Star 151,10/2012,Gasoline,,Used,,/offers/lml-star-151-gasoline-black-1b194004-ae79-47c2-ad19-99f0539a2e57
8999,34272,110.0,BMW R 1200 GS Adventure,05/2012,Gasoline,Manual,Used,,/offers/bmw-r-1200-gs-adventure-gasoline-black-dcb849bf-ea98-b850-e053-0100007f90ba
9950,58456,45.0,Yamaha TMAX 530,06/2018,Gasoline,,Used,DX,/offers/yamaha-tmax-530-dx-gasoline-grey-ce36f17e-e146-4570-9d47-ce3ce34b85fa
8000,6777,68.0,BMW R 100,01/1985,Gasoline,,Used,,/offers/bmw-r-100-gasoline-black-5f514bc2-a436-fb72-e053-0100007fa9f0
16800,0,,Triumph Scrambler,01/2021,,,New,1200 XC,/offers/triumph-scrambler-1200-xc-black-976c35f6-b4ef-4bd0-9dd4-23ef2a24c5f8
10000,52000,105.0,BMW R 1200 GS,04/2011,Gasoline,,Used,,/offers/bmw-r-1200-gs-gasoline-black-af6af2bc-7090-8b1d-e053-0100007f5066
2500,813,97.0,Others,07/2018,Gasoline,,Used,,/offers/others-others-gasoline-beige-67e51cc5-9d75-7b44-e053-0100007f79dc
900,11111,75.0,Yamaha,06/2020,Two Stroke Gasoline,,Used,,/offers/yamaha-others-two-stroke-gasoline-green-688aa930-28c3-4e2b-8436-a00c6cf1abb7
225,5900,8.0,Chang - Jiang,07/2008,Gasoline,,Used,150ccm 8PS,/offers/chang-jiang-others-150ccm-8ps-gasoline-yellow-fd9c25e9-b001-43d9-a168-d3bd1e0f07bb
11990,1946,,Honda CRF 1000,04/2019,Gasoline,,Used,AFRICA TWIN L STD,/offers/honda-crf-1000-africa-twin-l-std-gasoline-silver-7622b473-dc30-4257-bcee-845e6dbb045a
2990,26000,97.0,Honda CB 600,04/2004,Gasoline,Manual,Used,F Hornet,/offers/honda-cb-600-f-hornet-gasoline-black-e835cabc-773e-43ab-9440-59455f422285
10000,7200,46.0,Yamaha TMAX 530,06/2018,Gasoline,,Used,,/offers/yamaha-tmax-530-gasoline-black-021972c6-40d3-bf5c-e053-0100007fd5ee
6990,17022,,Ducati Monster 796,01/2011,,,Used,,/offers/ducati-monster-796-red-4db3ad4d-a127-4f08-9f1a-bd75b01150b2
19580,0,,Harley-Davidson,01/2021,,,New,ADVENTURE TOURING RA1250S PAN AMERICA S,/offers/harley-davidson-others-adventure-touring-ra1250s-pan-america-s-black-091cf6bf-2a92-40f7-84d0-eaa17767ea82
1200,21000,204.0,Piaggio Liberty 150,01/2010,Gasoline,,Used,,/offers/piaggio-liberty-150-gasoline-white-95e1ccbc-7948-0240-e053-0100007f7f98
19500,1,8.0,Harley-Davidson,04/1965,Gasoline,,Used,Topper,/offers/harley-davidson-others-topper-gasoline-red-f62c58de-4168-49f7-8e93-ce52af5e89de
10900,19000,113.0,Ducati Multistrada 950,01/2017,Gasoline,,Used,,/offers/ducati-multistrada-950-gasoline-red-948e36ba-5d8c-4b9b-b384-df6e68479ef0
6400,11900,136.0,Triumph Speed Triple 1050,07/2011,Gasoline,Manual,Used,,/offers/triumph-speed-triple-1050-gasoline-black-947e6f7d-c9fb-46f1-ab4c-5380329a882f
1959,413,,Simson KR 50,04/1959,,Manual,Used,"BJ 1959 ""Scheunenfund"" fahrbereit!",/offers/simson-kr-50-bj-1959-scheunenfund-fahrbereit-blue-b7fa1b85-35e1-478e-b780-26d2930fc238
7000,21500,184.0,Suzuki B King,05/2010,Gasoline,Manual,Used,,/offers/suzuki-b-king-gasoline-black-1d4f62c3-9c0a-eb56-e053-0100007f7bca
7990,20091,53.0,Harley-Davidson Sportster 883,06/2013,Gasoline,,Used,Iron,/offers/harley-davidson-sportster-883-iron-gasoline-eab362da-cd35-4c3f-b346-43df00455595
8689,22041,125.0,Honda CB 1000,03/2014,Gasoline,Manual,Used,"R - IXIL, Rizoma, V-Trec, SW-Motech",/offers/honda-cb-1000-r-ixil-rizoma-v-trec-sw-motech-gasoline-faf99c4e-d36f-4e56-9642-aa533c76513b
16799,7393,200.0,Kawasaki Ninja H2,09/2018,,,Used,SX Performance Touring,/offers/kawasaki-ninja-h2-sx-performance-touring-5f53cc86-1797-4fbc-b90b-1c0c58859613
14500,45000,126.0,BMW R 1200 GS,02/2017,Gasoline,,Used,Triple Black,/offers/bmw-r-1200-gs-triple-black-gasoline-black-c70b78bb-bda4-c51b-e053-0100007f0223
14250,0,,Yamaha XSR 900,01/2021,,,New,Sport Edition,/offers/yamaha-xsr-900-sport-edition-red-8878ed09-6743-49fc-9564-d6e910922ad3
8700,29889,184.0,Suzuki B King,02/2009,Gasoline,,Used,,/offers/suzuki-b-king-gasoline-black-61c1b7bf-a2e9-6d4b-e053-0100007f4857
13490,2400,102.0,Honda CRF 1100,03/2020,Gasoline,Manual,Demonstration,Africa Twin mit originalem Honda Koffersystem !!!,/offers/honda-crf-1100-africa-twin-mit-originalem-honda-koffersystem-gasoline-black-775a9791-5a65-4763-a235-b2f40787a5e0
7200,23000,140.0,MV Agusta Brutale 990,03/2012,Gasoline,,Used,,/offers/mv-agusta-brutale-990-gasoline-black-675b21c4-84bb-7c5d-e053-0100007f5ea4
10890,8516,125.0,BMW R 1200,03/2017,Others,Manual,Used,"R 1200 R ABS / Koffer/ Versand bundesweit 90,-",/offers/bmw-r-1200-r-1200-r-abs-koffer-versand-bundesweit-90-others-white-961b8d0d-4df3-425c-abbc-afbfe1cfaba6
2500,5700,15.0,Honda SH 150,08/2015,Gasoline,,Used,Sport,/offers/honda-sh-150-sport-gasoline-white-407adb31-dde6-414f-8b95-29481188508b
6100,31200,60.0,BMW C 650,07/2017,Gasoline,,Used,sport,/offers/bmw-c-650-sport-gasoline-orange-8b7256bc-3f5f-174b-e053-0100007fba23
7989,24702,86.0,BMW F 800 GS,01/2008,Gasoline,Manual,Used,"Touratech-Sitzbank, Tankrucksack",/offers/bmw-f-800-gs-touratech-sitzbank-tankrucksack-gasoline-grey-f6a5dc12-75ce-402d-9021-1df42ed938b5
10000,19700,154.0,Ducati Diavel,11/2011,Gasoline,,Used,,/offers/ducati-diavel-gasoline-black-98aa9dc2-1647-c60b-e053-0100007fc1fb
750,5500,11.0,Turbho RL 125,06/2013,Gasoline,,Used,,/offers/turbho-rl-125-gasoline-black-7bc012c7-ca54-8018-e053-0100007f5d4a
10789,9964,150.0,KTM 1190 Adventure,08/2014,Gasoline,Manual,Used,Versand mÃ¶glich,/offers/ktm-1190-adventure-versand-moeglich-gasoline-7489952e-049b-4df1-901a-d62324af0bf4
1650,676,44.0,Keeway Superlight,07/2020,Gasoline,Manual,Used,,/offers/keeway-superlight-gasoline-brown-e8e0ed96-1ca2-43fd-b357-124726cdadc4
17990,15160,,Kawasaki Ninja H2,02/2019,Gasoline,,Used,SX SE,/offers/kawasaki-ninja-h2-sx-se-gasoline-green-e66b0cd0-280c-4c14-bbfc-87943a7e27e8
12800,0,,KTM,01/2021,,,New,890 DUKE L,/offers/ktm-others-890-duke-l-orange-4f56125b-a942-4972-bdfe-d0f4cc158df2
7000,999,90.0,BMW,01/1971,Gasoline,Manual,Antique / Classic,R Boxer 2 Ventiler Rennmaschine fÃ¼r Sammler,/offers/bmw-others-r-boxer-2-ventiler-rennmaschine-fuer-sammler-gasoline-330b2a1f-f5a1-43c3-8a82-f0d779555d51
12300,0,,KTM 790 Duke,01/2020,,,New,,/offers/ktm-790-duke-orange-7c174223-25cb-4042-b805-f6194bf4b8eb
1200,30000,22.0,Piaggio Carnaby 300,07/2009,Gasoline,,Used,Cruiser,/offers/piaggio-carnaby-300-cruiser-gasoline-white-7c130b92-80a0-4111-8df1-e800fc06b425
6500,3558,75.0,Suzuki Burgman 650,03/2015,Gasoline,,Used,Modelo executive Full equipe,/offers/suzuki-burgman-650-modelo-executive-full-equipe-gasoline-black-eda2eeda-1c4b-4a62-9481-74d36211a535
6250,25000,90.0,BMW F 800 R,03/2015,Gasoline,,Used,,/offers/bmw-f-800-r-gasoline-black-b8b931c1-6282-9738-e053-0100007f0257
1100,4200,3.0,Aprilia Scarabeo,08/2013,Gasoline,,Used,,/offers/aprilia-scarabeo-gasoline-beige-0e239125-a3f3-483e-9245-2dae16934118
30000,97,213.0,Ducati Panigale V4,09/2019,Gasoline,,Used,,/offers/ducati-panigale-v4-gasoline-red-6ec18abf-4986-5542-e053-0100007f188a
17500,48910,113.0,Can Am Spyder F3-S,05/2016,Gasoline,,Used,,/offers/can-am-spyder-f3-s-gasoline-black-24bdcbc3-a5e0-791e-e053-0100007f985d
16200,20250,156.0,Ducati 959 Panigale,10/2017,Gasoline,,Used,,/offers/ducati-959-panigale-gasoline-grey-4866dbbc-59c8-1a4c-e053-0100007fe9ee
8500,18500,95.0,KTM 1050 Adventure,07/2014,Gasoline,,Used,,/offers/ktm-1050-adventure-gasoline-black-c8c83e26-84c9-4361-bfb7-491f016f48d6
8600,1020,,Others,01/2021,Gasoline,,Used,600 STD,/offers/others-others-600-std-gasoline-2a668280-a29a-4823-9c9c-b80ba0bfe9a7
21635,10,111.0,Zero,01/2021,Electric,Automatic,Used,SR/S 14.4 Standard,/offers/zero-others-sr-s-14-4-standard-electric-blue-aa1a4d4e-4dd7-4bcd-9f77-24d47799d561
10000,21000,77.0,BMW F 750 GS,06/2018,Gasoline,,Used,,/offers/bmw-f-750-gs-gasoline-blue-c6e052b9-77fb-b075-e053-0100007f5699
10000,15711,160.0,BMW S 1000 XR,06/2015,Gasoline,,Used,,/offers/bmw-s-1000-xr-gasoline-red-d6fbf9c4-cf9e-1c1b-e053-0100007facf1
6500,4904,30.0,Piaggio MP3 350,10/2018,Gasoline,Automatic,Used,Sport ABS/ASR,/offers/piaggio-mp3-350-sport-abs-asr-gasoline-green-afeefdba-acb8-7074-e053-0100007f5514
600,46000,7.0,Kymco Agility 50,01/2014,Gasoline,,Used,,/offers/kymco-agility-50-gasoline-white-1d23b744-3b87-43fc-8ba2-45a49b6caeb6
14500,18000,199.0,BMW S 1000 RR,11/2018,Gasoline,,Used,,/offers/bmw-s-1000-rr-gasoline-white-1a6daeb9-66ac-b751-e053-0100007f50c1
8000,35000,95.0,Ducati Monster 1100,02/2012,Gasoline,Manual,Used,EVO ABS,/offers/ducati-monster-1100-evo-abs-gasoline-red-4758550c-a46f-4898-8674-d3cb1a53109a
10990,50329,,BMW S 1000 RR,01/2012,,,Used,,/offers/bmw-s-1000-rr-black-bf485905-e305-4334-99c3-269570d4328d
8978,9351,54.0,Honda NC 750,05/2020,Gasoline,,Used,X DCT C-ABS,/offers/honda-nc-750-x-dct-c-abs-gasoline-black-a0896b50-63f6-4ab3-9b9f-7fe0b381f3f8
9500,5784,109.0,Ducati,05/2020,Gasoline,Manual,Used,Monster 821 ABS Stealth,/offers/ducati-others-monster-821-abs-stealth-gasoline-black-c1765321-c6e3-459f-a7a1-0f9c91d61b50
1150,3400,10.0,REX Milano,08/2011,Gasoline,Automatic,Used,,/offers/rex-milano-gasoline-silver-d15ad6c5-c0c6-6602-e053-0100007f14e3
6450,2150,54.0,Honda NC 750,06/2020,Gasoline,,Used,,/offers/honda-nc-750-gasoline-white-39cd1cc4-22a0-a938-e053-0100007f23ca
1250,31000,11.0,TGB X Motion 125,07/2011,Gasoline,,Used,,/offers/tgb-x-motion-125-gasoline-red-506f445a-1c70-4c81-9eec-f798fd091f9e
10000,48301,63.0,Harley-Davidson,03/1991,Gasoline,Manual,Used,,/offers/harley-davidson-others-gasoline-red-f9e515c7-f658-f34a-e053-0100007fbf87
1950,45200,14.0,Yamaha X-Max 125,06/2011,Gasoline,Automatic,Used,,/offers/yamaha-x-max-125-gasoline-red-d3cc4122-8804-4b4b-be18-676e5df22526
7100,15200,88.0,Moto Guzzi Griso 1100,06/2009,Gasoline,,Used,,/offers/moto-guzzi-griso-1100-gasoline-red-6603acc2-7929-2a7a-e053-0100007f1079
2600,16438,20.0,Vespa GTS 250,08/2015,Gasoline,Automatic,Used,,/offers/vespa-gts-250-gasoline-blue-316512c6-1732-6424-e053-0100007fd66d
10600,7000,53.0,Harley-Davidson Iron 883,10/2010,Gasoline,,Used,,/offers/harley-davidson-iron-883-gasoline-black-71274bc6-2806-cc64-e053-0100007fc093
10500,16500,109.0,Ducati Monster 821,02/2018,Gasoline,,Used,,/offers/ducati-monster-821-gasoline-red-c4979dc3-33e3-d61f-e053-0100007f2727
27504,0,,Zero,01/2021,,,New,SR/S ZF 14.4 Premium Touring,/offers/zero-others-sr-s-zf-14-4-premium-touring-black-bb2b1b6d-26ca-4141-bf78-402650ade4f1
17997,1968,,Yamaha FJR 1300,08/2020,Gasoline,,Used,AS,/offers/yamaha-fjr-1300-as-gasoline-blue-68910352-e4d2-42e0-8103-00053b751204
16790,1100,102.0,Honda CRF 1100,02/2021,Gasoline,Manual,Demonstration,L AT Adventure Sports ES Aktion,/offers/honda-crf-1100-l-at-adventure-sports-es-aktion-gasoline-white-39f735b6-f4aa-454d-969d-eff4a9c93be4
11200,14826,120.0,Kawasaki Versys 1000,03/2019,Gasoline,Manual,Used,,/offers/kawasaki-versys-1000-gasoline-black-359468b9-24df-007a-e053-0100007f06e5
6000,9000,34.0,KTM 125 EXC,11/2007,Two Stroke Gasoline,Manual,Used,Motard 2008,/offers/ktm-125-exc-motard-2008-two-stroke-gasoline-orange-b9fc26b5-9319-3e18-e053-0100007fe3d9
10990,200,150.0,Suzuki GSX-S 1000,11/2020,Gasoline,Manual,Demonstration,Katana - Menden bei Suzuki Jonas,/offers/suzuki-gsx-s-1000-katana-menden-bei-suzuki-jonas-gasoline-silver-2d224533-7aec-4145-acf1-0aa537a89fbf
1750,6000,1.0,Honda PCX 125,05/2012,Gasoline,,Used,,/offers/honda-pcx-125-gasoline-grey-2590ffbb-b339-cb36-e053-0100007fcc7c
10999,0,120.0,Yamaha MT-09,01/2021,,,New,ABS,/offers/yamaha-mt-09-abs-blue-394433f4-1453-44f0-b949-ba628b9ed0d1
900,50000,22.0,Aprilia Scarabeo,02/2010,Gasoline,,Used,300 Special (2009 - 13),/offers/aprilia-scarabeo-300-special-2009-13-gasoline-grey-de08aec4-356a-c206-e053-0100007fd44c
8000,63000,90.0,Yamaha XV 1900,06/2006,Gasoline,,Used,,/offers/yamaha-xv-1900-gasoline-black-6b73fac2-4d73-ff26-e053-0100007fc6ba
16990,34000,90.0,Harley-Davidson Electra Glide,10/2007,,,Used,CVO FLHTCUSE SCREAMIN EAGLE,/offers/harley-davidson-electra-glide-cvo-flhtcuse-screamin-eagle-f5bf990b-12ae-41bf-b479-75a99cc00b8c
9990,4500,,Yamaha Niken,10/2018,Gasoline,,Used,,/offers/yamaha-niken-gasoline-grey-02e295a7-9546-4b4b-a4a6-848ba062e22e
11800,2380,150.0,Triumph Speed Triple 1050,05/2020,Gasoline,Manual,Used,S / 1.Hand / 2380 km,/offers/triumph-speed-triple-1050-s-1-hand-2380-km-gasoline-white-ce2bbf4c-86b6-4662-9d50-1e0a1f4ce2b8
1500,14000,67.0,Honda PCX 150,06/2015,Gasoline,,Used,,/offers/honda-pcx-150-gasoline-grey-68342dc4-ceb4-8e3c-e053-0100007fea9f
14800,41200,98.0,Harley-Davidson Fat Bob,03/2014,Gasoline,Manual,Used,Black Edition -Schwarzmatt-,/offers/harley-davidson-fat-bob-black-edition-schwarzmatt-gasoline-black-26c47db4-13d1-4dfa-8451-f08122f59b01
13750,1979,,BMW F 900 XR,01/2020,,,Used,,/offers/bmw-f-900-xr-gold-d6d46127-afd7-413c-a89a-a2dbcd810c6e
8490,32400,,Kawasaki Versys 1000,01/2013,,Manual,Used,GRAND TOURER,/offers/kawasaki-versys-1000-grand-tourer-brown-8ac79131-e4df-488a-8c30-6b7c9ea1b348
8890,6619,58.0,CF Moto CForce 820,11/2017,Gasoline,Manual,Used,"XL 4x4 ATV LOF(kein 800,450,850,1000)",/offers/cf-moto-cforce-820-xl-4x4-atv-lof-kein-800-450-850-1000-gasoline-orange-f77263d4-381d-4dad-a416-3ad2b2d41b91
9800,7595,45.0,Yamaha TMAX DX,09/2019,Gasoline,,Used,,/offers/yamaha-tmax-dx-gasoline-grey-5bacbfb9-22ab-ab0e-e053-0100007ffdf8
19790,0,,Honda CRF 1100,01/2020,,,New,DCT,/offers/honda-crf-1100-dct-black-198af7ea-b2c1-44d9-a0a7-9b878992b6b4
9200,8867,120.0,Ducati Monster 1200,04/2015,Gasoline,Manual,Used,,/offers/ducati-monster-1200-gasoline-red-79eccac0-166a-251a-e053-0100007fafb0
9650,77000,56.0,Harley-Davidson Heritage Softail,01/1995,Gasoline,Manual,Used,,/offers/harley-davidson-heritage-softail-gasoline-yellow-3b2564c6-d898-d328-e053-0100007f4e2e
11500,17400,160.0,Ducati Monster 1200,11/2016,Gasoline,Manual,Used,Monster 1200 R,/offers/ducati-monster-1200-monster-1200-r-gasoline-red-026affa5-e66f-4339-9934-6b8fd946b387
1150,42000,22.0,Piaggio Carnaby 300,07/2009,Gasoline,,Used,,/offers/piaggio-carnaby-300-gasoline-white-00df81c4-d8a9-c27a-e053-0100007f4917
7000,1,340.0,Husqvarna FC 250,01/2021,Gasoline,,Used,,/offers/husqvarna-fc-250-gasoline-white-37885dc5-bd60-e20b-e053-0100007f303d
7000,100,61.0,Moto Guzzi 1000 SP,03/1981,Gasoline,,Used,,/offers/moto-guzzi-1000-sp-gasoline-silver-9ce76275-b744-449c-8598-958fbab46019
9299,13594,,Piaggio,01/2018,,,Used,MP 3 500 LT HPE SPORT,/offers/piaggio-others-mp-3-500-lt-hpe-sport-black-21d222ca-2f6c-441c-a0fc-2168620567b7
7000,26500,46.0,Yamaha TMAX 530,07/2012,Gasoline,,Used,,/offers/yamaha-tmax-530-gasoline-white-4c33c346-cd4e-44f2-aa1c-548c30c1493a
18500,78800,145.0,Yamaha FJR 1300,06/2008,Gasoline,,Used,,/offers/yamaha-fjr-1300-gasoline-blue-f7c622c5-4b71-1074-e053-0100007fe967
14499,55039,,BMW R 1200 GS Adventure,01/2015,,,Used,,/offers/bmw-r-1200-gs-adventure-black-5c88377d-e06c-4da2-81fa-45fc58b6c84a
8450,562,34.0,BMW C 400 X,12/2020,Gasoline,Automatic,Used,C 400 X,/offers/bmw-c-400-x-c-400-x-gasoline-black-d5766062-1bcb-4d60-b990-b1d8bee78bf7
6690,6115,54.0,Honda NC 750,10/2019,Gasoline,Manual,Used,"X LED-Licht,HSTC,1.Hand",/offers/honda-nc-750-x-led-licht-hstc-1-hand-gasoline-black-95d01ae8-6f42-4ba2-bb7e-5e17a57bf1e7
6390,1410,24.0,Sherco 250 SE,09/2019,Gasoline,Manual,Used,,/offers/sherco-250-se-gasoline-white-40d305c4-ecc4-ea57-e053-0100007ff4af
2750,12936,14.0,Honda PCX 150,04/2016,Gasoline,,Used,,/offers/honda-pcx-150-gasoline-white-eec740b1-c1a9-4442-9ac8-bc277d8ff024
6000,24000,128.0,Honda CBR 600,07/2010,Gasoline,,Used,,/offers/honda-cbr-600-gasoline-green-d8f52ec3-5f3a-4306-89ab-bd77b627e325
6000,17300,80.0,Kawasaki VN 800,06/2002,Gasoline,,Used,classic,/offers/kawasaki-vn-800-classic-gasoline-green-739163c2-ccc4-e179-e053-0100007f62a9
15000,2500,45.0,Harley-Davidson Sportster XL 883,08/2020,Gasoline,,Used,Iron 883 River Rock Gray | Jekyll and Hyde + mehr,/offers/harley-davidson-sportster-xl-883-iron-883-river-rock-gray-jekyll-and-hyde-mehr-gasoline-black-c070711a-6074-4c90-8331-9317b7c309d8
10890,3797,,KTM,07/2020,Gasoline,,Used,690 SMC R,/offers/ktm-others-690-smc-r-gasoline-ca3334d1-797a-4871-8f1b-d822e00d6051
2100,7300,15.0,Honda SH 150,05/2013,Gasoline,,Used,,/offers/honda-sh-150-gasoline-grey-39a2d9c6-59cb-d73f-e053-0100007fda95
18750,60411,69.0,Rewaco RF1,07/2012,Gasoline,Manual,Used,ST-2 Trike,/offers/rewaco-rf1-st-2-trike-gasoline-blue-c5ca6697-4f6f-49c9-8218-ca674cd69402
2400,26800,14.0,Kymco Super Dink 125,05/2012,Gasoline,,Used,,/offers/kymco-super-dink-125-gasoline-white-660c85c6-01d9-8804-e053-0100007f377b
9999999,9999999,12.0,Harley-Davidson Custom Bike,02/2018,Gasoline,,Used,,/offers/harley-davidson-custom-bike-gasoline-green-e842e8f6-37df-4ad8-bf83-0d2f6562d5db
2250,501,,Others,09/2020,Gasoline,,Used,ORCAL,/offers/others-others-orcal-gasoline-brown-845694df-f9fe-47d2-9047-070f9d98dbdc
7999,12000,,Honda CB 1000,01/2012,Gasoline,,Used,R,/offers/honda-cb-1000-r-gasoline-red-7e676bd7-ebe8-42db-ae3a-284f46c5cd28
10750,15000,106.0,Triumph Rocket III Roadster,09/2009,Gasoline,,Used,,/offers/triumph-rocket-iii-roadster-gasoline-black-02ba6ac4-4538-521d-e053-0100007f2e04
9000,10342,133.0,BMW HP2 Sport,04/2009,Gasoline,Manual,Used,,/offers/bmw-hp2-sport-gasoline-white-d7083dc3-9fcc-9e37-e053-0100007f988e
16000,7500,199.0,BMW S 1000 R,01/2008,Gasoline,,Used,,/offers/bmw-s-1000-r-gasoline-blue-47c20bc1-7278-b935-e053-0100007f2316
9500,22000,1201.0,Harley-Davidson Sportster 883,08/2016,Gasoline,,Used,,/offers/harley-davidson-sportster-883-gasoline-black-ed2326c7-819c-f661-e053-0100007f5e59
10500,11900,,Triumph,02/2015,Gasoline,,Used,THUNDERBIRD,/offers/triumph-thunderbird-gasoline-77f1a2e9-3cff-4c66-a949-35895cfe5649
13950,2500,109.0,BMW R nineT,02/2021,Gasoline,Manual,Demonstration,Scrambler,/offers/bmw-r-ninet-scrambler-gasoline-green-afdf1a5b-5ae4-4a00-81b9-1fba64c4966f
14449,1590,114.0,Yamaha Niken,04/2018,Gasoline,,Used,,/offers/yamaha-niken-gasoline-grey-8d8366cc-98fb-47df-adf7-1e8becf4e352
8900,29745,110.0,Ducati SuperSport,06/2017,Gasoline,Manual,Used,,/offers/ducati-supersport-gasoline-red-7818f5c4-46ce-2e42-e053-0100007fd7b0
11400,4500,143.0,Kawasaki Z1000 SX,09/2019,Gasoline,,Used,,/offers/kawasaki-z1000-sx-gasoline-blue-6a1b36c2-cd65-636d-e053-0100007fb034
10950,12870,141.0,Kawasaki Z 1000,06/2016,Gasoline,,Used,ABS,/offers/kawasaki-z-1000-abs-gasoline-green-2a11b059-8b5d-4c07-ada8-8ff675d6aa87
12500,6500,95.0,BMW F 850 GS,07/2019,Gasoline,,Used,color rallye,/offers/bmw-f-850-gs-color-rallye-gasoline-white-48f8df99-43bb-4c0b-bbfe-73debd18f5b6
6590,12900,75.0,Yamaha MT-07,03/2017,Gasoline,Manual,Demonstration,TRACER ABS,/offers/yamaha-mt-07-tracer-abs-gasoline-black-2d45d654-c190-cd3b-e053-e350040ad89f
16989,6488,192.0,Honda CBR 1000,06/2019,Gasoline,Manual,Used,RR FIREBLADE SP - 1. Hand!,/offers/honda-cbr-1000-rr-fireblade-sp-1-hand-gasoline-a651c885-04ef-4a14-9eb1-2e35f493620b
16108,60000,65.0,Peugeot,06/1970,Gasoline,,Used,Peugot 304 Cabriolet Oldtimer,/offers/peugeot-others-peugot-304-cabriolet-oldtimer-gasoline-white-22042263-59e7-4415-95d5-bc98140167ab
11250,5986,110.0,BMW R nineT,05/2019,Gasoline,,Used,0,/offers/bmw-r-ninet-0-gasoline-f9a628b4-5ce9-4e62-b186-0db01f88f86c
11500,6800,140.0,Kawasaki Z1000 SX,05/2019,Gasoline,,Used,,/offers/kawasaki-z1000-sx-gasoline-grey-ab3805c3-b201-4c27-e053-0100007f5e3e
10990,2320,,Yamaha TMAX 530,04/2019,Gasoline,,Used,DX,/offers/yamaha-tmax-530-dx-gasoline-silver-d1d38a0c-9cca-4dca-b305-6341c77bd4e0
20000,200,215.0,Ducati Panigale V4,06/2018,Gasoline,,Used,,/offers/ducati-panigale-v4-gasoline-blue-7299d3be-ddcc-4d03-e053-0100007f3192
10900,9710,,Triumph Bonneville T120,11/2019,Gasoline,,Used,Black,/offers/triumph-bonneville-t120-black-gasoline-black-29fb889e-40f7-4318-8122-9b009964b452
449,22000,3.0,Others,05/2010,Gasoline,,Used,,/offers/others-others-gasoline-red-5e7cf7c2-a5be-c804-e053-0100007fd0b6
26750,19371,84.0,Indian Roadmaster,04/2019,Gasoline,Manual,Used,,/offers/indian-roadmaster-gasoline-bronze-c1033d85-f0e8-45b3-9ced-2485f5852d10
8990,5100,34.0,BMW C 400 GT,09/2019,Gasoline,Automatic,Used,,/offers/bmw-c-400-gt-gasoline-white-b68711b6-5bda-4395-b69f-a0b03ccdd1a0
1300,41100,41.0,Yamaha Majesty 400,09/2011,Gasoline,,Used,,/offers/yamaha-majesty-400-gasoline-black-f61b189e-1561-4bb1-9aa5-1d1c1cbce194
10945,44313,,Honda CRF 1000,03/2017,Gasoline,,Used,AFRICA TWIN DCT,/offers/honda-crf-1000-africa-twin-dct-gasoline-black-c6113374-ef46-4ca5-ac5c-8b0a316f8ea1
700,2840,7.0,Honda Dax ST 50,04/2015,Gasoline,,Used,,/offers/honda-dax-st-50-gasoline-black-05d58dc0-5ce4-3b5b-e053-0100007fcaa7
9500,24500,95.0,Honda CRF 1000,01/2016,Gasoline,Automatic,Used,CRF 1000 - AFRICA TWIN DCT,/offers/honda-crf-1000-crf-1000-africa-twin-dct-gasoline-black-b848fbae-256c-4c1b-9c81-652c9d38e70d
1150,2916,8.0,Skyteam,04/2017,Gasoline,,Used,Rocket,/offers/skyteam-others-rocket-gasoline-green-47fe4084-17ef-44e8-b654-3f0fdeccba0e
9999,0,73.0,Yamaha,01/2021,,,New,TRACER 7,/offers/yamaha-others-tracer-7-red-76d972a1-17b6-409b-b994-0028c10f335f
6750,21000,60.0,BMW C 650 GT,08/2012,Gasoline,,Used,Highline pack,/offers/bmw-c-650-gt-highline-pack-gasoline-black-536b023e-8b0d-4f00-abb1-7b4054134977
16000,23000,11591.0,BMW R 1200 GS LC,07/2016,Gasoline,,Used,triple blak full opzional,/offers/bmw-r-1200-gs-lc-triple-blak-full-opzional-gasoline-black-aaedc3d3-528a-406e-b23e-53e9d2bb558b
2300,50,4.0,Honda,08/2015,Gasoline,,Used,,/offers/honda-others-gasoline-black-bee11fc1-6ac2-2766-e053-0100007f7c2a
2700,15500,26.0,Honda Forza 300,11/2014,Gasoline,,Used,,/offers/honda-forza-300-gasoline-black-1dadaa9d-560f-9f7e-e053-e250040a43e8
17600,1,95.0,Triumph Tiger 900,01/2021,Gasoline,Manual,New,GT PRO,/offers/triumph-tiger-900-gt-pro-gasoline-white-2d856d63-148f-4e9e-94a2-7b8507b9357c
9990,8278,,Yamaha TMAX 530,07/2018,Gasoline,,Used,SX,/offers/yamaha-tmax-530-sx-gasoline-black-748c7ae8-afd2-4a36-920a-05faf38da9b7
7490,5100,68.0,Triumph,09/2010,Gasoline,Manual,Used,T100 Bonneville Bobber / Ohlins/ HU+AU neu!,/offers/triumph-others-t100-bonneville-bobber-ohlins-hu-au-neu-gasoline-black-cc079adf-2c5b-4272-829b-682e19dde8a6
6650,67718,109.0,BMW R 1200 R,04/2009,Gasoline,Manual,Used,Garantie.,/offers/bmw-r-1200-r-garantie-gasoline-blue-9edb516f-5076-444a-89ff-12b9f3290d4a
7790,4500,,Honda NC 750,01/2018,,Manual,Used,X,/offers/honda-nc-750-x-red-76aaaa23-12e2-4ce9-8371-f1bc686c27be
16990,1500,136.0,BMW R 1250 RS,05/2021,Gasoline,,Used,Style Sport,/offers/bmw-r-1250-rs-style-sport-gasoline-yellow-de6f13bb-d5f3-4f55-bf35-8de79f85d685
3750,8,15.0,Aprilia SX 125,04/2021,Gasoline,,Used,,/offers/aprilia-sx-125-gasoline-black-f19ea2bf-2b24-7157-e053-0100007ffec1
800,25000,15.0,Honda CBR 125,06/2009,Gasoline,,Used,,/offers/honda-cbr-125-gasoline-red-458bddbe-0a3e-4489-8bd6-16e15d851e68
10500,22900,148.0,Ducati 899 Panigale,06/2014,Gasoline,Semi-automatic,Used,White pearl,/offers/ducati-899-panigale-white-pearl-gasoline-white-ddcd753f-3d5e-d052-e053-e350040aa544
8499,84000,110.0,BMW R 1200 RT,05/2012,Gasoline,,Used,ABS MY 10,/offers/bmw-r-1200-rt-abs-my-10-gasoline-grey-fe10c244-1a37-4274-be7f-0bbee49cade4
6990,13700,33.0,Qooder Qooder,04/2019,Gasoline,Automatic,Used,400,/offers/qooder-qooder-400-gasoline-black-12845ffd-cb98-4cb0-bb9c-a6367b1e6d0b
8000,5400,41.0,Gilera Fuoco 500,04/2014,Gasoline,Automatic,Used,,/offers/gilera-fuoco-500-gasoline-red-364e3dbb-6b7e-b343-e053-0100007fbf3b
19490,10274,152.0,Ducati XDiavel,01/2018,,,Used,,/offers/ducati-xdiavel-black-68ed610f-399a-4cf1-8fa3-0c15b4c1c172
7990,7500,,Suzuki GSX-S 750,06/2019,Gasoline,,Used,,/offers/suzuki-gsx-s-750-gasoline-blue-eb03501d-2031-4565-b387-b643fc2f353e
1300,18000,4.0,Aprilia SR 50,03/2017,Two Stroke Gasoline,,Used,,/offers/aprilia-sr-50-two-stroke-gasoline-white-555698c2-360d-f77e-e053-0100007febfd
19800,1,90.0,Kawasaki Z 1,12/1973,Gasoline,,Antique / Classic,,/offers/kawasaki-z-1-gasoline-yellow-957d1ed6-512f-4007-ba31-d9dc7f0853d3
10590,614,,Honda,04/2017,Gasoline,,Used,XADV,/offers/honda-xadv-gasoline-77f1dc86-2c1e-427d-8eb9-2b80c718927e
22000,15000,56.0,Harley-Davidson Fat Boy,03/1999,Gasoline,,Used,bobber 1340,/offers/harley-davidson-fat-boy-bobber-1340-gasoline-black-93ef7a5c-1788-4eab-b59c-a449cbeab3ad
