price,mileage,power,make_model,date,fuel,gear,offer_type,version,link
11500,62367,160.0,BMW K 1600 GTL Exclusive,07/2011,Gasoline,,Used,,/offers/bmw-k-1600-gtl-exclusive-gasoline-black-c261bc3e-f6c2-4114-869d-76983e270d42
10200,31537,,BMW S 1000 R,06/2018,Gasoline,,Used,,/offers/bmw-s-1000-r-gasoline-a5ea3f0b-ed6a-4656-86ad-96cce78d797f
7490,10014,95.0,Honda CB 650,05/2019,Gasoline,Manual,Used,R Neo Sports Cafe,/offers/honda-cb-650-r-neo-sports-cafe-gasoline-red-9f88a257-df37-4185-b261-36814684ce55
7180,9890,33.0,Qooder Qooder,10/2019,Gasoline,,Used,,/offers/qooder-qooder-gasoline-grey-904a98c4-0fb6-a96b-e053-0100007f1987
8389,21100,95.0,Ducati Monster 1100,04/2011,Gasoline,Manual,Used,EVO - kurzes Heck,/offers/ducati-monster-1100-evo-kurzes-heck-gasoline-black-5df40862-0a8d-4f2a-bffe-5fc44bfc268f
11500,25000,82.0,Harley-Davidson Road King,02/1996,Gasoline,Manual,Used,FLRH Road King,/offers/harley-davidson-road-king-flrh-road-king-gasoline-red-1f54c66c-e094-47fb-a86c-b5a219e6104c
7650,14076,48.0,Honda NC 750,01/2017,,,Used,X ABS 35KW,/offers/honda-nc-750-x-abs-35kw-blue-06774451-93b7-4ad8-aefd-34efeb576e09
16490,1300,68.0,Harley-Davidson Sportster,06/2016,,,Used,"XL1200CX Roadster TRACK ""Lizard"" 1/1",/offers/harley-davidson-sportster-xl1200cx-roadster-track-lizard-1-1-green-2b5c69a1-ca92-4adb-97d0-cf5c8238ae63
15000,7999,125.0,BMW R 1200 GS LC,12/2018,Gasoline,Manual,Used,,/offers/bmw-r-1200-gs-lc-gasoline-grey-7f3e62bb-f1fc-ae15-e053-0100007fa15a
15000,1150,125.0,BMW R 1200 RT,03/2019,Gasoline,Manual,Used,LC Style 2,/offers/bmw-r-1200-rt-lc-style-2-gasoline-black-3580f3c4-379e-c423-e053-0100007f3175
9250,4000,116.0,Kawasaki Z 900,06/2020,Gasoline,,Used,NEW MODELE VERSION PERFORMANCE AVEC 4000 KMS .,/offers/kawasaki-z-900-new-modele-version-performance-avec-4000-kms-gasoline-green-92b9cb80-9002-4b67-b220-9b96c8718b4f
12500,67087,107.0,BMW R 1200 RT,04/2014,Gasoline,,Used,- Full Option,/offers/bmw-r-1200-rt-full-option-gasoline-grey-e78d1768-3099-4501-ba42-b06f351858e7
12800,41764,,Yamaha,03/2017,Gasoline,,Used,,/offers/yamaha-gasoline-silver-35de40c3-1295-4ac9-9bd9-1e46c886fa68
37900,6600,122.0,Harley-Davidson Street Glide,06/2013,Gasoline,,Used,,/offers/harley-davidson-street-glide-gasoline-black-98376688-b3b6-47d6-9fd7-2bd3197edde5
18500,6000,87.0,Harley-Davidson Softail,05/2014,Gasoline,Manual,Used,BREAKOUT 103 ABS - 2014 - GARANZIA RATE PERMUTE,/offers/harley-davidson-softail-breakout-103-abs-2014-garanzia-rate-permute-gasoline-black-8658da0a-0b37-470a-9ee3-bfeb863c75e1
19200,9200,136.0,BMW R 1250 RT,12/2019,Gasoline,,Used,,/offers/bmw-r-1250-rt-gasoline-white-3c42e3ba-6045-f076-e053-0100007f877f
9000,222,1.0,Ossa,09/1963,Gasoline,,Used,,/offers/ossa-others-gasoline-grey-ebb848c4-8741-796d-e053-0100007f6136
9750,5080,75.0,Moto Guzzi California 1100,09/2014,Gasoline,,Used,,/offers/moto-guzzi-california-1100-gasoline-orange-fe73c7c0-4295-6b44-e053-0100007f795d
15995,8250,162.0,Ducati Diavel,01/2017,Gasoline,,Used,,/offers/ducati-diavel-gasoline-black-39e24ad7-c514-4e91-813c-d524a8caa585
8500,54000,110.0,BMW R 1200 GS,05/2011,Gasoline,Manual,Used,TWINCAM,/offers/bmw-r-1200-gs-twincam-gasoline-red-d473d60e-3567-486a-baf1-253714bf7b05
17300,1870,,Triumph Tiger 900,01/2020,,,Used,GT PRO Tiger 900 GT PRO,/offers/triumph-tiger-900-gt-pro-tiger-900-gt-pro-white-057a42bd-714c-4d07-b72e-6e76632df602
2150,1306,4.0,Vespa Primavera,03/2016,Gasoline,Automatic,Used,,/offers/vespa-primavera-gasoline-black-cdb363fe-cb1d-4fa7-bb94-2525065b2868
1500,44680,11.0,Kawasaki KLX 125,04/2010,Gasoline,,Used,,/offers/kawasaki-klx-125-gasoline-black-aed0e72f-0146-47bb-93cb-f19f94c64a8a
12500,32000,10.0,Harley-Davidson Softail,03/2001,Gasoline,,Used,,/offers/harley-davidson-softail-gasoline-black-db79cdc2-80fe-f225-e053-0100007fbfa3
12900,59000,,BMW R 1200 GS,06/2016,Gasoline,,Used,,/offers/bmw-r-1200-gs-gasoline-white-dab7bec5-53c5-4c11-a392-22b38b6fc028
7950,8190,42.0,Piaggio,01/2016,Gasoline,,Used,MP3 500 LT,/offers/piaggio-others-mp3-500-lt-gasoline-grey-a264ef40-ae66-4b81-9523-1e960d4c91f9
2495,115,,Mash Dirt Track,08/2020,Gasoline,,Used,,/offers/mash-dirt-track-gasoline-silver-c26a6364-38d5-434e-be4a-5c270b748785
11200,16000,80.0,Triumph Bonneville T120,06/2018,Gasoline,,Used,,/offers/triumph-bonneville-t120-gasoline-green-7c503ac6-99e5-6c25-e053-0100007f633e
4799,8500,15.0,Yamaha MT-125,05/2019,Gasoline,Manual,Used,+ Kurzheck + Lenkerenspiegel + 1.Hand + Garantie,/offers/yamaha-mt-125-kurzheck-lenkerenspiegel-1-hand-garantie-gasoline-grey-3adcd105-d44f-4c41-a33a-664b7d47a860
1150,1,1.0,Oset 16 Racing,12/2014,Electric,,Used,,/offers/oset-16-racing-electric-black-8e8383e8-d70f-4002-93c6-6a8ef03c640a
6400,11000,33.0,Quadro Quadro4,01/2018,Gasoline,,Used,,/offers/quadro-quadro4-gasoline-red-0d4950c3-3150-4207-e053-0100007fc020
18000,14800,125.0,BMW R 1200 GS,03/2018,Gasoline,,Used,,/offers/bmw-r-1200-gs-gasoline-white-3513ca64-1d6b-4c74-af34-ad0d4f6bd453
10000,52000,76.0,Harley-Davidson Dyna Super Glide,06/2009,Gasoline,,Used,,/offers/harley-davidson-dyna-super-glide-gasoline-black-483b4fbe-c3b5-7108-e053-0100007f75de
8750,54500,109.0,Yamaha FJR 1300,08/2013,Gasoline,Manual,Used,FJR 1300 ABS,/offers/yamaha-fjr-1300-fjr-1300-abs-gasoline-brown-edce2021-a5cb-4267-bb2d-493b0beda58a
1650,860,8.0,Keeway Cityblade,06/2020,Gasoline,Automatic,Used,CBS,/offers/keeway-cityblade-cbs-gasoline-black-450c850a-99a8-49b3-ba11-26571574d9d5
11300,18000,95.0,BMW F 850 GS,06/2019,Gasoline,,Used,,/offers/bmw-f-850-gs-gasoline-black-11a48d9d-28c2-454a-be37-769b6d04a356
2200,19500,16.0,Vespa PK 125,07/2012,Gasoline,,Used,,/offers/vespa-pk-125-gasoline-blue-92fec2c6-9a97-aa59-e053-0100007fc792
8350,48000,53.0,Harley-Davidson Sportster 883,07/2009,Gasoline,,Used,883XL Low,/offers/harley-davidson-sportster-883-883xl-low-gasoline-black-ca5f73a8-48f7-4ed7-b00e-4b907ed172a8
11445,14211,,Moto Guzzi,03/2019,Gasoline,,Used,V 85 TT,/offers/moto-guzzi-others-v-85-tt-gasoline-white-379a3e4e-d7b9-48cb-a76c-267637725765
8500,22000,131.0,Buell XB 12,06/2008,Gasoline,,Used,"SRC, piu corta piu leggera. 8500 leggi lannuncio",/offers/buell-xb-12-src-piu-corta-piu-leggera-8500-leggi-lannuncio-gasoline-black-d85ca427-b649-449c-9fb4-b8c664ba58b8
6489,16025,102.0,Honda CBR 600,07/2012,Gasoline,Manual,Used,"F - IXIL-Auspuff, V-Trec-Hebel",/offers/honda-cbr-600-f-ixil-auspuff-v-trec-hebel-gasoline-black-94293104-9c18-4e87-a0dd-34776d097138
10495,25600,152.0,Ducati Multistrada 1200,06/2015,,Manual,Used,S Touring DVT NAVI,/offers/ducati-multistrada-1200-s-touring-dvt-navi-30322c03-75e1-459a-ac5a-5fa7e6a866cc
6980,1985,54.0,Honda NC 750,05/2020,Gasoline,Manual,Used,"XA , ABS , 54 PS , Top Zustand - wie neu",/offers/honda-nc-750-xa-abs-54-ps-top-zustand-wie-neu-gasoline-blue-80009a40-d535-4e62-9bdd-3819fd46929f
10990,15365,,Yamaha YZF 1000,03/2013,Gasoline,,Used,R1 CROSS PLANE,/offers/yamaha-yzf-1000-r1-cross-plane-gasoline-white-df8a83e7-f800-4fab-bd3a-eb91ca0cefa7
9500,21000,162.0,Ducati,03/2012,Gasoline,,Used,,/offers/ducati-others-gasoline-black-31e5576d-63d0-452b-806d-5f59c2b85f3d
16700,9950,120.0,Yamaha YXZ 1000,06/2017,Gasoline,,Used,,/offers/yamaha-yxz-1000-gasoline-black-c55e32c0-5682-927e-e053-0100007f3880
12000,37800,170.0,Ducati 1198,03/2021,Gasoline,Manual,Used,,/offers/ducati-1198-gasoline-red-8e6aa2bc-9d44-c05b-e053-0100007ffae7
17395,501,136.0,BMW R 1250 R,09/2020,Gasoline,Manual,Used,| HP uitvoering | Comfort & Dynamic pakket | Schak,/offers/bmw-r-1250-r-hp-uitvoering-comfort-dynamic-pakket-schak-gasoline-white-580cccf7-0ff8-489b-ac76-aecc696b32aa
22899,1,,Suzuki GSX-R 1000,12/2021,Gasoline,,Pre-registered,RA 100th years anniversary,/offers/suzuki-gsx-r-1000-ra-100th-years-anniversary-gasoline-grey-0bbb0233-0625-4053-af4e-b888a5f8295a
9400,6200,48.0,Yamaha TMAX 530,04/2019,Gasoline,,Used,Sport Edition,/offers/yamaha-tmax-530-sport-edition-gasoline-blue-decdc6c0-d7d4-c406-e053-0100007faab2
10950,8439,68.0,Harley-Davidson Sportster 1200,04/2014,Gasoline,Manual,Used,Seventy Two,/offers/harley-davidson-sportster-1200-seventy-two-gasoline-black-db6ef3c0-f8f0-716c-e053-0100007fc68f
7800,47000,95.0,Triumph Tiger 800,04/2015,Gasoline,Manual,Used,XCx,/offers/triumph-tiger-800-xcx-gasoline-white-f9f0066a-dd8e-4281-b7fd-d4c3ff1d7490
10250,32900,165.0,BMW S 1000 XR,08/2017,Gasoline,Manual,Used,,/offers/bmw-s-1000-xr-gasoline-grey-4043a9ba-7b4b-7e70-e053-0100007fcbc3
11390,2284,95.0,KTM 790 Adventure,03/2020,,Manual,Demonstration,,/offers/ktm-790-adventure-white-a5fc1f11-44d3-4014-a663-dcca555add35
6600,3900,20.0,Husqvarna FE 350,04/2015,Gasoline,,Used,,/offers/husqvarna-fe-350-gasoline-white-cfa0cbbc-af47-9d45-e053-0100007fc5ee
7799,18274,,Honda NC 750,01/2017,,,Used,D INTEGRA,/offers/honda-nc-750-d-integra-black-951df2d2-f3cc-4ced-baca-cea0d0e9b895
6400,2900,41.0,SYM Maxsym TL,04/2020,Gasoline,Automatic,Demonstration,MAXSYM 500,/offers/sym-maxsym-tl-maxsym-500-gasoline-black-580c647f-8a34-410e-ba84-41fc525c62eb
10900,4900,67.0,Harley-Davidson,02/1990,Gasoline,,Used,,/offers/harley-davidson-others-gasoline-black-c1326084-6e5a-7479-e053-e250040a8caa
7000,25000,137.0,Kawasaki Z 1000,01/2009,Gasoline,,Used,parelmoer wit akrapovic,/offers/kawasaki-z-1000-parelmoer-wit-akrapovic-gasoline-white-30e98e0e-7372-4de1-8cec-f583ff7a8c06
12450,0,101.0,Aprilia RS 660,01/2021,,,New,,/offers/aprilia-rs-660-red-33c39138-560a-4802-8611-83c761756ce4
6250,4385,34.0,BMW C 400 X,08/2019,Gasoline,Automatic,Used,,/offers/bmw-c-400-x-gasoline-white-5e259db3-3ad9-6b1e-e053-0100007f5700
12500,3500,16.0,Husqvarna FE 501,06/2018,Gasoline,Manual,Used,,/offers/husqvarna-fe-501-gasoline-white-5556fde9-e65c-403c-a2a7-b0ab97ad877b
9400,22898,137.0,Triumph Tiger Explorer,10/2012,Gasoline,Manual,Used,1200,/offers/triumph-tiger-explorer-1200-gasoline-black-4bb97eb1-c85f-1574-e053-0100007f2343
17800,6500,82.0,Harley-Davidson,05/2008,Gasoline,Manual,Used,FLHRC Road King Classic *ITALIANA - 6.500KM*,/offers/harley-davidson-others-flhrc-road-king-classic-italiana-6-500km-gasoline-black-50cf13ea-8dfa-49ab-aa2f-7ce66a1ce99f
25600,3,,BMW R 1250 GS,06/2021,Gasoline,Manual,Demonstration,,/offers/bmw-r-1250-gs-gasoline-white-aec69682-9e09-4f0c-9459-1f3a8efa174d
10500,25000,44.0,Boom Trike Highway,01/2000,Gasoline,,Used,,/offers/boom-trike-highway-gasoline-violet-76c9bdc0-348f-8625-e053-0100007f01fd
2800,18800,15.0,Yamaha WR 125,06/2015,Gasoline,Manual,Used,R,/offers/yamaha-wr-125-r-gasoline-black-6c8215c7-10b5-3621-e053-0100007f8fd9
11690,55300,125.0,BMW R 1200 RT,05/2014,Gasoline,Manual,Used,Comfort-Touring-Dynamic-Paket LED-ZSW,/offers/bmw-r-1200-rt-comfort-touring-dynamic-paket-led-zsw-gasoline-grey-3d9ba1f7-9c83-4ad0-bfa0-33d3fe91c135
16990,43333,56.0,Harley-Davidson Softail,10/1996,Gasoline,Manual,Used,Heritage Springer,/offers/harley-davidson-softail-heritage-springer-gasoline-white-4490ced3-0b3e-44dc-9f6e-a0a069225a44
11250,42700,125.0,BMW R 1200 GS,08/2015,Gasoline,,Used,,/offers/bmw-r-1200-gs-gasoline-white-0d1acdad-86d6-d67c-e053-0100007fa4bf
15900,27370,73.0,Harley-Davidson Softail,07/2007,Gasoline,Manual,Used,Deluxe,/offers/harley-davidson-softail-deluxe-gasoline-white-8ae6aa59-d724-413a-a3c6-3f06b04cfed3
6999,28500,,Honda NC 750,01/2016,,,Used,X,/offers/honda-nc-750-x-red-6777f9d0-a39b-4fce-91f0-3b8024fa2af7
10000,47700,68.0,Harley-Davidson 1200 Custom,07/2014,Gasoline,,Used,,/offers/harley-davidson-1200-custom-gasoline-black-e18670c2-aa46-047a-e053-0100007f8859
20990,0,,KTM,01/2021,,,New,1290 Superduke GT,/offers/ktm-others-1290-superduke-gt-white-0315627a-c43c-4106-9887-e62b77bc9385
11290,30264,152.0,Ducati Multistrada 1200,06/2015,,Manual,Used,S Touring,/offers/ducati-multistrada-1200-s-touring-red-e711b461-9161-4f80-9923-cc7746d61d61
13590,26550,173.0,KTM 1290 Super Duke R,06/2015,Gasoline,Manual,Used,"ABS, mit Garantie, Teilzahlung mÃ¶glich",/offers/ktm-1290-super-duke-r-abs-mit-garantie-teilzahlung-moeglich-gasoline-black-5e048153-46a5-45bf-86e3-01013a179bfe
10000,11800,125.0,BMW R 1200 R,03/2016,Gasoline,Manual,Used,,/offers/bmw-r-1200-r-gasoline-white-dd049fbe-2e25-6c60-e053-0100007fd082
7000,25000,11511.0,MV Agusta Brutale 910,07/2007,Gasoline,,Used,910R,/offers/mv-agusta-brutale-910-910r-gasoline-black-58c9345b-c4ae-4030-91a0-25cb066f4b7d
12500,71223,125.0,BMW R 1200 GS,03/2016,Gasoline,Manual,Used,R 1200 GS,/offers/bmw-r-1200-gs-r-1200-gs-gasoline-black-2611e682-4928-4539-8335-6ada20dd284b
11000,24000,150.0,Triumph Speed Triple 1050,04/2018,Gasoline,,Used,RS,/offers/triumph-speed-triple-1050-rs-gasoline-black-f3b077fc-d64e-4c07-a736-e47d7c8b9989
11650,42404,160.0,BMW K 1600 GTL,06/2011,Gasoline,,Used,0,/offers/bmw-k-1600-gtl-0-gasoline-silver-e5b6c265-7d04-46cf-95ae-cb80c1ce0aab
11490,9000,68.0,Harley-Davidson Sportster 1200,07/2018,Gasoline,Manual,Used,Low - Dt. Modell im top Zustand,/offers/harley-davidson-sportster-1200-low-dt-modell-im-top-zustand-gasoline-blue-3b71046b-c420-455c-8cb7-596e3a634187
749,1500,1.0,Others,03/2017,Electric,Automatic,Used,"Elektroroller 40km/h wie Neu Top gepflegt, Super Z",/offers/others-others-elektroroller-40km-h-wie-neu-top-gepflegt-super-z-electric-silver-bc1048c5-ac52-8366-e053-0100007ffed3
7500,9400,107.0,Ducati Monster 821,08/2014,Gasoline,Manual,Used,"Dark, die knallt noch richtig",/offers/ducati-monster-821-dark-die-knallt-noch-richtig-gasoline-black-46857c4a-3f2f-475a-9bfe-2ab25027c461
13358,0,,Honda,01/2021,,,New,NSS 750 FORZA,/offers/honda-others-nss-750-forza-black-45ce7efb-7548-4675-8b32-95e7f97efe9f
6950,31112,95.0,Aprilia Dorsoduro,12/2014,Gasoline,,Used,Dorsoduro 750 (2014),/offers/aprilia-dorsoduro-dorsoduro-750-2014-gasoline-black-eb549b95-d86c-4655-8d77-da2b468ea8c9
9600,10386,,Honda VFR,06/2018,Gasoline,,Used,F V-TEC ABS 800,/offers/honda-vfr-f-v-tec-abs-800-gasoline-red-92b0fc0a-0954-4b6d-b6a3-d3a6359c788d
1789,1,4.0,Peugeot Kisbee,06/2021,Gasoline,Automatic,New,50 2T Einspritzerâ¬4 und 50 4T Einspritzerâ¬5,/offers/peugeot-kisbee-50-2t-einspritzer4-und-50-4t-einspritzer5-gasoline-black-304a8b1b-1573-c770-e053-e250040a7f66
6500,14000,87.0,BMW F 800 R,03/2014,Gasoline,Manual,Used,,/offers/bmw-f-800-r-gasoline-white-0dd87ec4-4e37-3c58-e053-0100007fb3f4
18900,120,,Kawasaki,07/2018,Gasoline,,Used,H2 NINJA,/offers/kawasaki-h2-ninja-gasoline-green-7205bdf8-c984-414a-960a-21d86fd78a6d
700,23000,67.0,Yamaha NEOs 50,07/2016,Gasoline,,Used,,/offers/yamaha-neos-50-gasoline-white-4e3130b5-67a5-4a88-9050-407b62ed6fce
19890,1594,165.0,Triumph Rocket TFC,11/2020,Gasoline,Manual,Used,3 GT IN PERFETTE CONDIZIONI E CON POCHISSIMI KM,/offers/triumph-rocket-tfc-3-gt-in-perfette-condizioni-e-con-pochissimi-km-gasoline-grey-3a2ca362-81de-47f2-8874-18c4ef8b64a7
22000,1400,103.0,Harley-Davidson Low Rider,07/2020,Gasoline,,Used,,/offers/harley-davidson-low-rider-gasoline-black-06db21be-ab0e-4403-e053-0100007f3290
9399,35100,,Yamaha Tracer 900,04/2019,Gasoline,,Used,GT,/offers/yamaha-tracer-900-gt-gasoline-grey-579953c5-8702-4238-a4b5-5606c4f5f5a9
8849,1,69.0,Kawasaki Versys 650,12/2021,Gasoline,,Pre-registered,ABS,/offers/kawasaki-versys-650-abs-gasoline-green-161d946c-4f8f-4473-bb35-8d58af9d38a3
7800,1844,73.0,Ducati Scrambler,07/2016,Gasoline,,Used,urban enduro,/offers/ducati-scrambler-urban-enduro-gasoline-green-6ebda0c2-afd1-6c26-e053-0100007fdc4f
21800,0,,KTM 1290 Super Adventure,01/2021,,,New,S,/offers/ktm-1290-super-adventure-s-black-40f0db8c-e0c2-4e07-b6c3-790d4889d02f
6900,10200,54.0,Yamaha XVS 950,02/2017,Gasoline,,Used,,/offers/yamaha-xvs-950-gasoline-yellow-85337bea-1cf8-41c7-a737-0ea971f87fb8
26200,7800,91.0,Harley-Davidson,04/2018,Gasoline,Manual,Used,"Breakout 114 Anniversary , Kess Tech",/offers/harley-davidson-others-breakout-114-anniversary-kess-tech-gasoline-blue-605e33c2-27e7-a765-e053-0100007f2a92
17999,0,120.0,Kawasaki Versys 1000,01/2021,,,New,SE,/offers/kawasaki-versys-1000-se-grey-dd824a3b-5e77-424a-979d-0133b19772a1
17990,987,,Kawasaki Versys 1000,03/2021,Gasoline,,Used,,/offers/kawasaki-versys-1000-gasoline-green-5e517c5c-7e50-4a37-b2e8-1fa7e86ad68d
7100,14060,106.0,Triumph Street Triple 675,03/2017,Gasoline,,Used,,/offers/triumph-street-triple-675-gasoline-black-016e67c0-3a72-ee22-e053-0100007fa961
7500,3500,54.0,Triumph Speed Twin,06/2018,Gasoline,,Used,900 kw 40,/offers/triumph-speed-twin-900-kw-40-gasoline-black-e646881e-555d-4b81-9de4-7e95bc8459dc
2500,11000,48.0,Kymco Downtown 350i,01/2015,Gasoline,,Used,,/offers/kymco-downtown-350i-gasoline-grey-c00cceb9-4089-df29-e053-0100007f7e07
2700,8116,3.0,Peugeot NK7,06/2020,Two Stroke Gasoline,,Used,,/offers/peugeot-nk7-two-stroke-gasoline-red-553118ad-827e-47cf-872d-85375bb913f4
2890,89,14.0,Niu N1S,10/2020,Electric,Automatic,Used,50 km/u versie,/offers/niu-n1s-50-km-u-versie-electric-black-d79a28fd-d000-4e64-a0de-ff43af2ebbb3
1900,7600,5.0,Piaggio Primavera,10/2017,Two Stroke Gasoline,,Used,vespa 50cc,/offers/piaggio-primavera-vespa-50cc-two-stroke-gasoline-red-5b01904f-fcde-4e18-8217-60a594cc2af0
7000,14492,137.0,Kawasaki Z 1000,10/2013,Gasoline,Manual,Used,,/offers/kawasaki-z-1000-gasoline-white-80fc5bbe-3d80-9a6e-e053-0100007ffa32
9900,28812,113.0,BMW HP2,11/2009,Gasoline,,Used,Megamoto,/offers/bmw-hp2-megamoto-gasoline-white-c36a12bf-8469-6373-e053-0100007f10e1
7500,39000,147.0,Suzuki GSX-S 1000,11/2016,Gasoline,Manual,Used,,/offers/suzuki-gsx-s-1000-gasoline-blue-534f8cc6-8cc3-b548-e053-0100007ff323
1111111,940,15.0,Skyteam T-Rex,09/2011,Gasoline,,Used,il un pot aussi avec en ixo,/offers/skyteam-t-rex-il-un-pot-aussi-avec-en-ixo-gasoline-red-1eba59ba-0548-b849-e053-0100007f0b2c
21500,11689,83.0,Ducati Paul Smart 1000,01/2006,Gasoline,,Used,,/offers/ducati-paul-smart-1000-gasoline-silver-94c8fd41-607d-401f-a2d7-b9d897c26a52
11200,37000,162.0,Ducati Diavel,03/2011,Gasoline,,Used,,/offers/ducati-diavel-gasoline-red-fb47cf0f-2ef1-44d1-921a-d0f67d19e02e
10500,1598,15.0,BMW R 26,10/1956,Gasoline,Manual,Used,Bmw R26,/offers/bmw-r-26-bmw-r26-gasoline-grey-80238c45-de94-4418-bd01-b8d8a65e1f42
14200,6100,205.0,Harley-Davidson Dyna Wide Glide,08/2013,Gasoline,,Used,,/offers/harley-davidson-dyna-wide-glide-gasoline-black-1cc659c2-7fa3-a35e-e053-0100007fd17c
10990,4244,95.0,BMW F 850 GS,05/2018,Gasoline,Manual,Used,,/offers/bmw-f-850-gs-gasoline-black-e98bb2ba-f20a-081b-e053-0100007fb7b8
13490,16724,,Yamaha FJR 1300,05/2016,Gasoline,,Used,AE,/offers/yamaha-fjr-1300-ae-gasoline-silver-0ae537ac-4e79-4113-8eca-9763699d2989
14900,350,140.0,MV Agusta Brutale 800,04/2021,Gasoline,,Used,RR - 2021,/offers/mv-agusta-brutale-800-rr-2021-gasoline-red-da961ec1-48d1-c963-e053-0100007f44ae
19500,25000,97.0,Yamaha RD 500,07/1986,Two Stroke Gasoline,,Used,,/offers/yamaha-rd-500-two-stroke-gasoline-white-697270bd-77e9-5c46-e053-0100007fe846
12500,21500,125.0,BMW R 1200 RT,03/2014,Gasoline,,Used,,/offers/bmw-r-1200-rt-gasoline-black-02aac079-e855-613b-e053-e350040aae9c
10990,1100,,Yamaha,11/2018,Gasoline,,Used,,/offers/yamaha-gasoline-grey-f275acc8-9b04-43cf-b7c6-d17160b9b1a4
12800,6000,110.0,BMW R nineT,02/2020,Gasoline,Manual,Used,SCRAMBLER,/offers/bmw-r-ninet-scrambler-gasoline-grey-c641201a-1166-4207-96de-747647da4f13
10200,18800,61.0,Harley-Davidson XL 1200,04/2004,Gasoline,,Used,S Sportster,/offers/harley-davidson-xl-1200-s-sportster-gasoline-black-51234bbf-783d-c262-e053-0100007f876b
10000,13292,193.0,BMW S 1000 RR,08/2011,Gasoline,,Used,M SPORT,/offers/bmw-s-1000-rr-m-sport-gasoline-blue-6dd6d116-a30f-4b39-bcb5-088d98ceccd6
7000,20830,91.0,Ducati Hypermotard 1100,08/2012,Gasoline,,Used,,/offers/ducati-hypermotard-1100-gasoline-black-2d36e5c0-6b01-3403-e053-0100007f06bc
1700,7800,22.0,SYM GTS 250,04/2011,Gasoline,,Used,,/offers/sym-gts-250-gasoline-grey-c8031372-e88b-4315-b35a-8668bae01394
16250,37000,91.0,Harley-Davidson Road King,07/2007,Gasoline,Manual,Used,FLHRSE 3 CVO Road King 110',/offers/harley-davidson-road-king-flhrse-3-cvo-road-king-110-gasoline-blue-4e140d7e-4047-4916-a589-2ec0f2dcca8e
11450,12000,109.0,BMW R nineT,06/2016,Gasoline,,Used,,/offers/bmw-r-ninet-gasoline-silver-421b453e-d3ac-4301-b997-9f79e5c79d72
8000,8000,61.0,Suzuki RGV 250,01/1993,Gasoline,,Used,Rgv 250 vj22,/offers/suzuki-rgv-250-rgv-250-vj22-gasoline-blue-44eb0934-fd68-4724-8168-9680d553a540
10000,15000,137.0,Triumph Tiger Explorer,08/2015,Gasoline,Manual,Used,Explorer XC,/offers/triumph-tiger-explorer-explorer-xc-gasoline-green-90adb0c6-7039-c07e-e053-0100007fbead
11890,8734,160.0,Yamaha MT-10,06/2016,Gasoline,Manual,Used,1. HAND |TRAUMZUSTAND|TÃV+INSP. NEU],/offers/yamaha-mt-10-1-hand-traumzustand-tuev-insp-neu-gasoline-grey-a49474f7-b363-4f9b-8056-0ced88c5212e
10490,13000,,Honda X-ADV,03/2019,Gasoline,,Used,,/offers/honda-x-adv-gasoline-silver-a729c76a-8615-4f39-9331-4bdf0fdcceef
13500,4151,,BMW R 1250 R,06/2020,Gasoline,,Used,,/offers/bmw-r-1250-r-gasoline-32b21a66-7024-4842-a857-2780d1ee849f
10800,20682,77.0,Harley-Davidson Dyna Wide Glide,06/2010,Gasoline,Manual,Used,1.600 cc Kit 103 Culasse 110 + Bcp Options,/offers/harley-davidson-dyna-wide-glide-1-600-cc-kit-103-culasse-110-bcp-options-gasoline-black-9e0af8fe-782e-4a61-918a-bb9d79e7e230
12990,19812,,Kawasaki Z 1000,02/2018,Gasoline,,Used,R,/offers/kawasaki-z-1000-r-gasoline-green-8cd63efa-726f-4174-b0ac-2eaf07eb3115
13000,39500,160.0,BMW K 1600 GT,06/2013,Gasoline,Manual,Used,"full optional (tranne radio),",/offers/bmw-k-1600-gt-full-optional-tranne-radio-gasoline-silver-a15d8892-5c42-416d-80b3-2610236bbda6
6490,9700,69.0,Suzuki,03/2016,Gasoline,Manual,Used,DL 650 V -Strom,/offers/suzuki-others-dl-650-v-strom-gasoline-red-b5433f65-b8f4-4173-9b89-ec212379ad93
10990,15646,,Triumph Speed Triple 1050,02/2017,Gasoline,,Used,,/offers/triumph-speed-triple-1050-gasoline-grey-46cf1ebf-b23a-422c-872c-898b430ee45c
7500,37600,110.0,BMW R 1200 R Classic,04/2011,Gasoline,Manual,Used,,/offers/bmw-r-1200-r-classic-gasoline-black-0e5546c4-0f6e-090f-e053-0100007f8f0d
10200,10757,95.0,Triumph Tiger 800,06/2017,Gasoline,Manual,Used,,/offers/triumph-tiger-800-gasoline-black-c6f6d9c2-58e4-f26b-e053-0100007f60f5
11000,25000,155.0,Kawasaki GTR 1400,01/2016,Gasoline,,Used,,/offers/kawasaki-gtr-1400-gasoline-grey-606ed5ba-d3ef-3621-e053-0100007f9cd0
9400,6378,54.0,Honda X-ADV,06/2017,Gasoline,Automatic,Used,,/offers/honda-x-adv-gasoline-white-a4de61bb-e486-be70-e053-0100007f92d5
9290,5719,,Yamaha XJR 1300,06/2017,,,Used,60th Anniversary,/offers/yamaha-xjr-1300-60th-anniversary-yellow-b3b62a0b-293f-404e-9183-5b2d17bb6d7c
15000,1450,53.0,Moto Guzzi 750 S,09/1975,Gasoline,,Used,,/offers/moto-guzzi-750-s-gasoline-black-7a61afbf-d125-fc25-e053-0100007f8f3d
8199,26500,52.0,Yamaha XV 950,04/2016,Gasoline,,Used,,/offers/yamaha-xv-950-gasoline-blue-73495cc2-8cc9-8659-e053-0100007f2bde
1650,27632,15.0,Suzuki Sixteen 150,01/2011,,,Used,I,/offers/suzuki-sixteen-150-i-beige-7151d83c-d8b1-455c-ab5f-599e3941d244
32999,3810,92.0,Harley-Davidson,12/2016,Gasoline,Manual,Used,FXSE - CVO Pro Street Breakout - Crown Kustom,/offers/harley-davidson-others-fxse-cvo-pro-street-breakout-crown-kustom-gasoline-black-cab8fbf3-9945-4c06-bcac-73a438cae61f
1600,26000,20.0,Yamaha YBR 250,10/2009,Gasoline,,Used,,/offers/yamaha-ybr-250-gasoline-black-060ee1bc-02f3-217c-e053-0100007f4f92
7195,544,68.0,Kawasaki Ninja 650,03/2021,Gasoline,Manual,Demonstration,TOP VORFÃHRER,/offers/kawasaki-ninja-650-top-vorfuehrer-gasoline-green-5ed645f5-f69d-4a16-bc96-09210971ed85
6300,6200,75.0,Yamaha XSR 700,07/2016,Gasoline,,Used,,/offers/yamaha-xsr-700-gasoline-green-be28abc5-ce1d-a260-e053-0100007f5a99
6190,15631,73.0,Ducati Scrambler,02/2016,Gasoline,Manual,Used,,/offers/ducati-scrambler-gasoline-yellow-76168bc3-b176-e033-e053-0100007ffd59
12900,9550,98.0,Triumph Thunderbird Storm,04/2012,Gasoline,Manual,Used,1700,/offers/triumph-thunderbird-storm-1700-gasoline-black-63123997-a4b8-4e1e-91c9-92c55c61ae10
2900,30600,22.0,Peugeot Geopolis 300,07/2015,Gasoline,,Used,,/offers/peugeot-geopolis-300-gasoline-grey-6d7669c0-6ce0-5d6c-e053-0100007ffb61
7000,6000,60.0,BMW C 650 GT,06/2016,Gasoline,,Used,,/offers/bmw-c-650-gt-gasoline-bronze-1bb9d2c0-4f60-787c-e053-0100007f7820
11645,53,44.0,Piaggio,12/2020,Gasoline,Automatic,Used,Scooter 500 MP3 HPE Sport | GARANTIE | Nieuwstaat,/offers/piaggio-others-scooter-500-mp3-hpe-sport-garantie-nieuwstaat-gasoline-grey-09c0d9a4-3a1a-492e-a6d8-376b4969fc56
19500,20800,118.0,Honda GL 1800,07/2012,Gasoline,,Used,Trike,/offers/honda-gl-1800-trike-gasoline-silver-e9089a4d-6237-468c-a61d-e1d987ffcb6b
10000,7000,101.0,Honda CRF 1000,05/2017,Gasoline,,Used,,/offers/honda-crf-1000-gasoline-black-1f4fa6bf-eae7-c13a-e053-0100007f37dc
22000,5000,215.0,Ducati Panigale V4,07/2018,Gasoline,,Used,S,/offers/ducati-panigale-v4-s-gasoline-red-80f3c65c-cdab-4137-9762-fe77aa75df00
18000,1500,18.0,NSU 351 OSL,01/1939,Gasoline,Manual,Used,,/offers/nsu-351-osl-gasoline-black-8a8e1325-66d6-5c31-e053-e250040a4cb3
7000,24000,72.0,Harley-Davidson Sportster 1200,08/2002,Gasoline,,Used,,/offers/harley-davidson-sportster-1200-gasoline-red-621e82c4-13b2-4f14-e053-0100007fa9f0
8450,7000,19.0,Polaris Ranger,12/2008,Gasoline,,Used,,/offers/polaris-ranger-gasoline-green-5b6fca7b-d698-620a-e053-e350040a3961
10500,23500,150.0,Ducati 899 Panigale,06/2014,Gasoline,,Used,ABS,/offers/ducati-899-panigale-abs-gasoline-white-7a585878-0704-47cb-ab94-e5879bd7150f
200,1,1.0,Malaguti F 10,02/1995,Gasoline,,Used,pezzi di ricambio per F10,/offers/malaguti-f-10-pezzi-di-ricambio-per-f10-gasoline-black-8f6c65bb-716f-c254-e053-0100007fb558
6499,26500,171.0,Yamaha YZF-R1,08/2004,Gasoline,Manual,Used,RN12*TÃV NEU*INSPEKTION NEU,/offers/yamaha-yzf-r1-rn12-tuev-neu-inspektion-neu-gasoline-blue-f570230a-05a4-4b84-97c7-98d24bb63fc5
12450,0,,Aprilia RS 660,01/2021,,,New,,/offers/aprilia-rs-660-red-438573a4-dca6-4289-85de-b51fbdad0987
15940,11051,184.0,Ducati 1199 Panigale,05/2012,Gasoline,Manual,Used,S ABS Limited Edition Mat zwart Inruil mogelijk!,/offers/ducati-1199-panigale-s-abs-limited-edition-mat-zwart-inruil-mogelijk-gasoline-black-415eb476-3c16-4122-9fd4-1c5e465e4288
7490,1800,,Honda NC 750,01/2018,,Manual,Used,S C-ABS,/offers/honda-nc-750-s-c-abs-brown-b3576cf0-e323-4cf9-b2c8-6ded263ab6f3
11000,8300,116.0,Ducati Hypermotard 950,07/2019,Gasoline,Manual,Used,,/offers/ducati-hypermotard-950-gasoline-red-2182d3c5-1c61-f271-e053-0100007f4b8c
6000,30500,125.0,Suzuki GSX-R 600,07/2006,Gasoline,Manual,Used,,/offers/suzuki-gsx-r-600-gasoline-yellow-6a232bb9-0d24-42ac-93b8-215a4e77b119
29900,17000,75.0,Harley-Davidson CVO Breakout,06/2013,Gasoline,,Used,,/offers/harley-davidson-cvo-breakout-gasoline-black-f44f5fba-2e19-857d-e053-0100007f47fb
1900,14285,23.0,SYM GTS 300,08/2009,Gasoline,,Used,EVO,/offers/sym-gts-300-evo-gasoline-white-74943dbf-b37c-3934-e053-0100007f7e98
15000,5400,199.0,BMW S 1000 RR,12/2015,Gasoline,,Used,,/offers/bmw-s-1000-rr-gasoline-black-a174e8bd-bf6e-4d33-e053-0100007f5480
14500,10250,125.0,BMW R 1200 GS,06/2017,Gasoline,,Used,,/offers/bmw-r-1200-gs-gasoline-black-bc3dd6c5-1f12-0b73-e053-0100007fd075
2900,5950,4.0,Niu,03/2020,Electric,,Used,,/offers/niu-others-electric-black-d85ec8bf-e061-0c1b-e053-0100007fc730
7995,13000,125.0,Honda CB 1000,05/2011,Gasoline,,Used,RA SC60 ABS Tricolor,/offers/honda-cb-1000-ra-sc60-abs-tricolor-gasoline-red-5deadbac-52da-286c-e053-0100007f8444
11990,7111,,Yamaha TMAX 530,01/2019,Gasoline,,Used,SX SPORT EDITION,/offers/yamaha-tmax-530-sx-sport-edition-gasoline-grey-7e46e765-6da2-4c4b-8efa-d7bcd633ea83
11999,15506,163.0,Ducati 1198,10/2011,Gasoline,,Used,15.506km carbon,/offers/ducati-1198-15-506km-carbon-gasoline-red-c38c8864-644e-42f5-be24-b6332988b656
10700,38057,125.0,BMW R 1200 R,02/2015,Gasoline,Manual,Used,,/offers/bmw-r-1200-r-gasoline-grey-a9133097-591e-4992-bca6-baad8b9bbf3f
11798,0,,Honda,01/2021,,Manual,New,CMX 1100 REBEL,/offers/honda-others-cmx-1100-rebel-red-b2a585a4-0d54-44f0-93cf-70c664f87a74
11989,3446,114.0,Ducati Hypermotard 950,05/2020,Gasoline,Manual,Used,"1. Hand, Top!",/offers/ducati-hypermotard-950-1-hand-top-gasoline-red-7b59dda7-b188-4068-a5ea-6cff93705a82
10999,2345,105.0,BMW F 900 R,02/2021,Gasoline,Manual,Demonstration,inkl. BMW Navigator VI,/offers/bmw-f-900-r-inkl-bmw-navigator-vi-gasoline-blue-3f645053-212f-4bc3-94a2-2953eec26743
1200,23500,15.0,Yamaha Xenter 150,12/2012,Gasoline,Automatic,Used,,/offers/yamaha-xenter-150-gasoline-grey-12ca8bbf-2f5c-0f28-e053-0100007f13dd
9990,24336,,Kawasaki Z 1000,07/2014,Gasoline,,Used,ABS,/offers/kawasaki-z-1000-abs-gasoline-black-377569ab-4f09-4d28-8246-a9b8c7ee6c13
13200,17500,201.0,Aprilia RSV4,05/2015,Gasoline,,Used,,/offers/aprilia-rsv4-gasoline-black-c4cd9b78-1e48-4cad-a51e-7665fa880198
9699,0,,Kawasaki W 800,01/2021,,,New,STREET,/offers/kawasaki-w-800-street-black-b380ca66-46f2-4f5e-bc10-d8c0f7a73dfd
10990,2818,,Others,07/2020,Gasoline,,Used,900 STD,/offers/others-others-900-std-gasoline-8d34c1cc-aab7-4c04-ac51-996f7887309a
20000,38000,63.0,Harley-Davidson Heritage Softail,10/2000,Gasoline,Manual,Used,,/offers/harley-davidson-heritage-softail-gasoline-white-4b4da365-bf7f-7c26-e053-e350040a8d2d
7200,79000,163.0,BMW R 1200 GS,07/2009,Gasoline,,Used,,/offers/bmw-r-1200-gs-gasoline-grey-86c488c3-b644-f354-e053-0100007ffede
13220,1500,105.0,BMW F 900 XR,06/2021,Gasoline,Manual,Demonstration,KURVENLICHT LED SCHEINWERFER,/offers/bmw-f-900-xr-kurvenlicht-led-scheinwerfer-gasoline-red-f1524227-0961-404a-b714-79752854b90b
7899,0,,Suzuki SV 650,01/2021,,,New,,/offers/suzuki-sv-650-blue-587ee149-869c-4bd4-9da5-93ba6fe0f8df
6250,42310,114.0,Triumph Tiger 1050,05/2009,Gasoline,Manual,Used,"TIGER 1050 EN PARFAIT ETAT, GARANTIE 1 AN, 6250 EU",/offers/triumph-tiger-1050-tiger-1050-en-parfait-etat-garantie-1-an-6250-eu-gasoline-orange-fc67774f-7b3c-40b8-af75-7c2c98d42802
7000,1,90.0,BMW K 100 RS,01/1984,Gasoline,,Used,scrambler,/offers/bmw-k-100-rs-scrambler-gasoline-white-d87e9939-3764-480f-8ce8-35fd174c10b2
13500,29000,82.0,Kawasaki Z 900,06/1976,Gasoline,,Used,,/offers/kawasaki-z-900-gasoline-green-7ed4e6b9-9db3-6263-e053-0100007f9a8a
11990,500,,Ducati Scrambler,12/2020,Gasoline,,Used,,/offers/ducati-scrambler-gasoline-black-21be56ef-5d75-401a-850d-fad4cfb4de54
6690,6300,44.0,TGB Blade 600,05/2019,Gasoline,Automatic,Used,,/offers/tgb-blade-600-gasoline-black-9e3deec2-957e-7411-e053-0100007fb78c
12500,8700,,Indian FTR 1200,08/2019,Gasoline,,Used,S REPLICA,/offers/indian-ftr-1200-s-replica-gasoline-red-3aed7f45-6f4e-425f-a11e-83fc17895253
14500,20000,125.0,BMW R 1200 GS Adventure,07/2015,Gasoline,,Used,ADV,/offers/bmw-r-1200-gs-adventure-adv-gasoline-white-2dacdb2a-a448-41be-96c9-39250212db56
22500,20250,84.0,Harley-Davidson Road King,06/2017,Gasoline,,Used,,/offers/harley-davidson-road-king-gasoline-orange-1fa48cc6-dd89-6e69-e053-0100007f2f5b
20000,7000,154.0,Ducati Diavel,03/2011,Gasoline,Manual,Used,,/offers/ducati-diavel-gasoline-white-da9e2abf-19ce-6509-e053-0100007f86be
8490,57400,105.0,BMW R 1200 GS Adventure,05/2009,Gasoline,,Used,IMPECCABILE,/offers/bmw-r-1200-gs-adventure-impeccabile-gasoline-grey-149574c6-0b2a-7e52-e053-0100007f299c
10690,11000,110.0,BMW R nineT,02/2017,Gasoline,Manual,Demonstration,Racer,/offers/bmw-r-ninet-racer-gasoline-white-3d32a9ac-0328-4082-a85e-5d9222bd3599
7000,55000,57.0,Honda XRV 750,04/1991,Gasoline,,Used,,/offers/honda-xrv-750-gasoline-white-576325bb-a567-ed72-e053-0100007f5d9f
1950,9000,4.0,Vespa Primavera 50,02/2015,Gasoline,,Used,primavera,/offers/vespa-primavera-50-primavera-gasoline-red-caaf76ba-8d01-bf23-e053-0100007f039a
2000,9950,15.0,Piaggio XEvo 125,06/2015,Gasoline,,Used,,/offers/piaggio-xevo-125-gasoline-black-183cdcbc-a61e-a31f-e053-0100007fbc1a
6990,48500,125.0,Triumph Tiger Sport,09/2014,Gasoline,,Used,1050 Sport,/offers/triumph-tiger-sport-1050-sport-gasoline-red-cfe8d0db-d7e5-4f26-aea1-f40c4edce602
9300,16000,46.0,Yamaha TMAX SX,05/2018,Gasoline,Automatic,Used,,/offers/yamaha-tmax-sx-gasoline-black-71929ac6-6689-6928-e053-0100007f24d8
2600,1500,10.0,Honda Super Cub,01/2020,Gasoline,,Used,,/offers/honda-super-cub-gasoline-blue-603bf263-fab1-4b5e-a949-cf6b661e5fd6
8799,36,,Yamaha YZ 250,01/2020,Gasoline,,New,F,/offers/yamaha-yz-250-f-gasoline-blue-4608e5dd-315c-45ce-8092-566a849e4224
11990,12178,145.0,Honda CB 1000,01/2019,,,Used,R ABS,/offers/honda-cb-1000-r-abs-grey-ba920622-1068-4bc1-8cbc-7694f3d2ef5f
800,11100,1.0,Motowell Gamini,06/2017,Gasoline,Automatic,Used,,/offers/motowell-gamini-gasoline-blue-f8d45296-0816-42e1-b9ca-8b7cb3309f5b
7658,0,,Honda CMX 500,01/2021,,,New,A Rebel,/offers/honda-cmx-500-a-rebel-grey-2ac303b9-0a92-4e43-86ee-e63917998c4f
7200,5014,48.0,Kawasaki Ninja 650,06/2017,Gasoline,Manual,Used,,/offers/kawasaki-ninja-650-gasoline-green-5ea0c4c3-2eed-426a-e053-0100007fad91
6990,28000,53.0,Suzuki,03/2010,Gasoline,Manual,Used,C 800 INTRUDER,/offers/suzuki-others-c-800-intruder-gasoline-red-52a600e6-dede-4e1c-93e8-005e7c8e5c53
12400,0,,BMW R nineT,12/2020,Gasoline,Manual,New,RACER,/offers/bmw-r-ninet-racer-gasoline-890ebb5e-5eb1-488a-a624-d2cdbb15ef8a
10999,600,,Honda X-ADV,09/2019,Gasoline,,Used,750,/offers/honda-x-adv-750-gasoline-silver-5dd99d11-9e3a-476c-9a15-5cab2e8cc881
1600,15000,170.0,Yamaha YBR 125,09/2017,Gasoline,,Used,,/offers/yamaha-ybr-125-gasoline-red-fe669cbe-839d-d26a-e053-0100007fb7f5
8990,3500,95.0,Honda CBR 650,02/2021,Gasoline,Manual,Demonstration,CBR 650R VerfÃ¼gbar ab September!,/offers/honda-cbr-650-cbr-650r-verfuegbar-ab-september-gasoline-black-1356e431-13d6-49b6-937a-12081989faa8
1500,60000,23.0,Kymco Xciting 300i,04/2010,Gasoline,,Used,,/offers/kymco-xciting-300i-gasoline-black-a9f4d9bc-f765-5039-e053-0100007fad44
11999,3083,125.0,BMW R 1200 R,06/2015,Gasoline,Manual,Used,,/offers/bmw-r-1200-r-gasoline-black-f39c13bf-6702-7368-e053-0100007f2a75
8199,0,,Yamaha MT-07,01/2021,,,New,,/offers/yamaha-mt-07-blue-6c6494e8-bbdb-47ac-a8e7-1c4055f4f254
11490,29895,125.0,BMW R 1200 R,02/2018,Gasoline,,Used,Sonderlackierung,/offers/bmw-r-1200-r-sonderlackierung-gasoline-red-db9f3116-f1e5-4b45-88c0-6a60eda7b7e1
6690,1,20.0,Sherco 300 SE,08/2020,Two Stroke Gasoline,Manual,Used,Factory Modell 2020,/offers/sherco-300-se-factory-modell-2020-two-stroke-gasoline-blue-838e0dd1-3236-4497-b1db-7b3f6a44e96e
11500,4600,95.0,BMW F 850 GS,05/2020,Gasoline,,Used,Rallye Tour./Dyn./Lichtpak./Shark/Scheibe,/offers/bmw-f-850-gs-rallye-tour-dyn-lichtpak-shark-scheibe-gasoline-white-81421227-16a6-486d-921e-372924e26252
9500,45700,150.0,Ducati Multistrada 1200,02/2013,Gasoline,Manual,Used,S Touring,/offers/ducati-multistrada-1200-s-touring-gasoline-red-dce66dc2-721d-4e7c-e053-0100007ff25d
20900,28000,98.0,Harley-Davidson Electra Glide,06/2011,Gasoline,Manual,Used,CVO,/offers/harley-davidson-electra-glide-cvo-gasoline-red-2d1b3005-fa91-4bd9-8428-2819f48f149c
13999,8650,121.0,Harley-Davidson VRSC V-Rod,02/2010,Gasoline,Manual,Used,,/offers/harley-davidson-vrsc-v-rod-gasoline-black-478c4dc6-02e3-1449-e053-0100007f05c3
1700,20000,15.0,Kymco Downtown 125i,05/2011,Gasoline,,Used,,/offers/kymco-downtown-125i-gasoline-white-216861e4-fd19-472e-bfbf-348212c229df
15300,38300,,BMW R 1200 GS,01/2017,Gasoline,,Used,,/offers/bmw-r-1200-gs-gasoline-c28ab548-db44-47f0-8832-52e1b9ba284e
9989,14075,73.0,Ducati Scrambler,06/2017,Gasoline,Manual,Used,"DESERT SLED - 1. Hand, Packtaschen",/offers/ducati-scrambler-desert-sled-1-hand-packtaschen-gasoline-red-94e19e5d-7707-426e-8873-c71ba3cb27c6
6950,5100,52.0,Yamaha,08/2017,Gasoline,Manual,Used,XV 950 ABS Racer - Splendida!,/offers/yamaha-others-xv-950-abs-racer-splendida-gasoline-grey-12efa195-b62b-47ce-9f15-6eb6e045ec75
11660,1700,95.0,BMW F 850 GS,04/2020,Gasoline,Manual,Used,,/offers/bmw-f-850-gs-gasoline-red-d22f3397-4fb1-4278-842e-5564b4b489bc
9000,500,50.0,BSA A 65,01/1970,Gasoline,Manual,Used,,/offers/bsa-a-65-gasoline-red-9f7ccac3-5182-1725-e053-0100007fb097
9500,16000,169.0,MV Agusta F3,05/2014,Gasoline,,Used,,/offers/mv-agusta-f3-gasoline-beige-680da8bd-c22f-e272-e053-0100007ff85c
8990,20000,148.0,Ducati,12/2012,,,Used,MULTISTRADA S TOURER ABS MIT KOFFERSYSTEM,/offers/ducati-others-multistrada-s-tourer-abs-mit-koffersystem-476e2c39-7be3-48f4-88f3-0f8f00cbc427
9490,39000,175.0,Aprilia Tuono,02/2016,Gasoline,Manual,Used,V4 1100RR,/offers/aprilia-tuono-v4-1100rr-gasoline-grey-c4924b6f-f7ff-4616-b127-d49480359609
7880,23420,129.0,Honda VFR 1200,06/2013,Gasoline,,Used,Crosstourer X,/offers/honda-vfr-1200-crosstourer-x-gasoline-black-ac5db4a9-7afe-46f8-8983-9fc738004d61
1300,3450,4.0,Piaggio Fly 50,11/2015,Gasoline,,Used,,/offers/piaggio-fly-50-gasoline-blue-95bed8b3-22ff-f00e-e053-0100007f4f14
12495,8500,141.0,Kawasaki Z 1000,03/2015,Gasoline,Manual,Used,mit vielen Extras vom Kawasaki-Vertragspartner Aug,/offers/kawasaki-z-1000-mit-vielen-extras-vom-kawasaki-vertragspartner-aug-gasoline-grey-738aa590-c450-4a8c-9914-166dc8cf182a
16990,24867,,Yamaha,01/2009,Gasoline,,Used,,/offers/yamaha-gasoline-orange-5b9ff598-0a25-4437-8506-e9c15a6f2f82
11900,1500,110.0,BMW R nineT,06/2019,Gasoline,,Used,,/offers/bmw-r-ninet-gasoline-white-ee5713bf-c545-444d-e053-0100007fc395
1200,11208,10.0,Kymco Like 125,02/2009,Gasoline,Automatic,Used,,/offers/kymco-like-125-gasoline-beige-a533c8bf-f2fd-400a-e053-0100007f1df3
10990,9114,95.0,Victory Vegas,12/2010,Gasoline,Manual,Used,,/offers/victory-vegas-gasoline-white-19a95a8f-c9ef-476d-8b15-1cf8a4c7690e
11730,50030,125.0,BMW R 1200 GS,04/2015,Gasoline,Manual,Used,,/offers/bmw-r-1200-gs-gasoline-yellow-fe8dd80a-175a-4c9a-af15-bc84682ababc
17650,46531,,Moto Guzzi,01/1994,,,Used,MAGNI ARTURO SFIDA 1000,/offers/moto-guzzi-others-magni-arturo-sfida-1000-red-f0e8b6b8-0414-4371-be27-3f0fbf7d4b92
10000,4142,41.0,KTM 450 EXC,04/2015,Gasoline,Semi-automatic,Used,,/offers/ktm-450-exc-gasoline-white-478c4dc6-00e3-1449-e053-0100007f05c3
10900,1729,145.0,Honda CB 100,07/2019,Gasoline,Manual,Used,CB 1000R+ Plus Wenig Kilometer!,/offers/honda-cb-100-cb-1000r-plus-wenig-kilometer-gasoline-black-29997327-dbdc-443d-ba0a-5a7b99bc076e
11499,2500,163.0,Ducati 1198,12/2015,Gasoline,,Used,weinig kmâs,/offers/ducati-1198-weinig-km-s-gasoline-white-479b2ac2-efe4-4d1d-9bb8-52156d027d4e
6695,59571,,Honda CB 500,01/2018,Gasoline,,Used,X / ABS,/offers/honda-cb-500-x-abs-gasoline-white-7036df20-e873-4fc6-ba3d-ae0c8c491d31
10000,6600,46.0,Yamaha TMAX 530,09/2018,Gasoline,Automatic,Used,,/offers/yamaha-tmax-530-gasoline-black-d617ea01-66e8-49ff-9817-b7ea54d90d63
9000,9100,69.0,KTM 790 Adventure,03/2019,Gasoline,,Used,,/offers/ktm-790-adventure-gasoline-white-cc139801-644d-4e19-8658-1b2ec2e8c3d8
4500,45000,42.0,Yamaha XT 600,06/1985,Gasoline,Manual,Used,TENERE 34L,/offers/yamaha-xt-600-tenere-34l-gasoline-blue-6688bc02-b3a4-4909-8ca2-c4f717f835f9
7300,23120,105.0,KTM 790 Duke,04/2018,Gasoline,,Used,,/offers/ktm-790-duke-gasoline-orange-f3ce08bc-0938-d84f-e053-0100007fa562
9490,990,48.0,BMW F 900 R,03/2021,Gasoline,,Used,"Tieferlegung, Style Sport, 35 kW",/offers/bmw-f-900-r-tieferlegung-style-sport-35-kw-gasoline-silver-3cdefb93-a372-4019-ab37-89f76cef9c2d
1769,15351,,Honda NSC 50 R,01/2014,Gasoline,,Used,CBS,/offers/honda-nsc-50-r-cbs-gasoline-white-a9f71ad0-8720-4fab-8445-68dcef403868
43358,0,,Honda,01/2021,,,New,GL 1800 TOURING DELUXE,/offers/honda-others-gl-1800-touring-deluxe-black-64d69b92-3c19-45b6-94af-16a1a8713f83
3000,8000,22.0,Gilera Nexus 300,06/2015,Gasoline,,Used,,/offers/gilera-nexus-300-gasoline-white-02b2c21a-364e-46a9-b56f-66db2d855845
9990,1250,145.0,Honda CB 1000,02/2019,Gasoline,Manual,Used,R,/offers/honda-cb-1000-r-gasoline-red-d30f6681-15cf-4a87-b476-a5a358965149
17950,1,,BMW R 80 R,03/1990,,,Used,100 SE Bobber Concept Bike,/offers/bmw-r-80-r-100-se-bobber-concept-bike-31fe4cc3-c5f8-499f-9ad8-0e083761055c
12499,26000,197.0,Suzuki GSX 1300,03/2018,Gasoline,Manual,Used,"Hayabusa ABS, EZ 2018, 1. Hd, BOS, MRA, Scheckheft",/offers/suzuki-gsx-1300-hayabusa-abs-ez-2018-1-hd-bos-mra-scheckheft-gasoline-black-97866dbc-adbf-b91d-e053-0100007f7c7d
26990,0,,Ducati,01/2021,,,New,PANIGALE V4,/offers/ducati-others-panigale-v4-red-46e12bcc-524e-4c98-bdd6-82aa92a63fd9
7500,12000,95.0,Triumph Tiger 800,12/2016,Gasoline,,Used,,/offers/triumph-tiger-800-gasoline-blue-911e70c5-faac-5f14-e053-0100007fb0b2
3500,700,24.0,Mondial HPS 300i,02/2021,Gasoline,,Used,,/offers/mondial-hps-300i-gasoline-black-292c691f-9ef7-4a0c-bf22-eb2478df1e54
7450,16930,106.0,Suzuki GSR 750,01/2016,,,Used,ABS,/offers/suzuki-gsr-750-abs-blue-b56dd659-b88a-4ce3-892c-080ca7c6603f
250,5000,3.0,Peugeot Buxy,04/1998,Gasoline,,Used,,/offers/peugeot-buxy-gasoline-blue-07f1103a-1fbf-4b14-9cc5-945c2cb2fea1
7250,10790,171.0,Honda CBR 1000,04/2008,Gasoline,Manual,Used,RR,/offers/honda-cbr-1000-rr-gasoline-black-31a11b6c-1b4a-48c5-8866-a8d07ae3f99c
11000,33508,77.0,Harley-Davidson Dyna Street Bob,02/2014,Gasoline,,Used,,/offers/harley-davidson-dyna-street-bob-gasoline-grey-70d3ebb8-abf9-5608-e053-0100007f06aa
12500,65209,125.0,BMW R 1200 GS Adventure,05/2015,Gasoline,Manual,Used,PACK TOURING COMFORT,/offers/bmw-r-1200-gs-adventure-pack-touring-comfort-gasoline-white-ac4a8fae-999e-48d7-aa00-81f97d19f0d8
6199,27000,,Honda NC 750,01/2014,Gasoline,,Used,S DCT ABS,/offers/honda-nc-750-s-dct-abs-gasoline-white-536fa974-bf5b-4cfb-98ab-9aecbd590edc
8495,112123,147.0,Yamaha FJR 1300,01/2013,Gasoline,,Used,,/offers/yamaha-fjr-1300-gasoline-red-1cad3715-d892-4565-86f7-65a92438b91b
7000,41000,124.0,Yamaha YZF-R6,04/2012,Gasoline,,Used,,/offers/yamaha-yzf-r6-gasoline-red-e82963ba-4bca-457c-e053-0100007f552b
15000,3700,86.0,Harley-Davidson Sportster Forty Eight,06/2012,Gasoline,Manual,Used,1200 CUSTOM BOBBER,/offers/harley-davidson-sportster-forty-eight-1200-custom-bobber-gasoline-orange-fecd68c6-5e51-0a5f-e053-0100007fef9d
22995,1,,Harley-Davidson Softail,01/2021,,,New,FXFBS Fat Bob 114,/offers/harley-davidson-softail-fxfbs-fat-bob-114-black-3e85354f-77cc-4e14-96be-3b7eb4dec41d
850,4000,4.0,TGB Bullet 50,08/2015,Gasoline,,Used,,/offers/tgb-bullet-50-gasoline-black-ad10c463-950d-4d25-960b-c4602f17d6b1
6990,18101,,Honda CB 1000,04/2014,Gasoline,,Used,R ABS,/offers/honda-cb-1000-r-abs-gasoline-8e06fb4b-7f36-47ec-a49e-d17e6ac65190
18000,18000,50.0,Benelli,08/2017,Gasoline,Manual,Used,,/offers/benelli-others-gasoline-white-26db43c1-8435-fc16-e053-0100007f5054
10500,21500,58.0,Harley-Davidson Electra Glide,04/1975,Gasoline,Manual,Used,,/offers/harley-davidson-electra-glide-gasoline-beige-9419e8a8-9248-3531-e053-0100007fbfef
15499,1,,Suzuki V-Strom 1050,12/2021,Gasoline,,Pre-registered,XT DL 1050 XT,/offers/suzuki-v-strom-1050-xt-dl-1050-xt-gasoline-red-e6315d3b-0c41-4f51-beb4-1e8a0a5d513a
7000,13000,465.0,Yamaha TMAX 530,05/2012,Gasoline,,Used,,/offers/yamaha-tmax-530-gasoline-grey-4b0479be-8740-d604-e053-0100007f49ad
18198,0,,Kawasaki Versys 1000,01/2021,,Manual,New,S GRAND TOURER,/offers/kawasaki-versys-1000-s-grand-tourer-grey-384c4eef-86bb-43ba-b3b4-ce33c75eef77
22700,15000,23.0,Gilera,09/1948,Gasoline,Manual,Used,,/offers/gilera-others-gasoline-red-1f0a03b9-eb70-6033-e053-0100007f916a
6199,6900,68.0,Kawasaki Z 650,06/2019,Gasoline,,Used,,/offers/kawasaki-z-650-gasoline-green-5798a2bf-ee7b-6654-e053-0100007f2d73
1675,3280,7.0,Benzhou YIYING,05/2017,Gasoline,Automatic,Used,Motoroller 125 ccm,/offers/benzhou-yiying-motoroller-125-ccm-gasoline-red-689146bd-6cef-f825-e053-0100007fe036
13358,0,,Honda,01/2021,,,New,FORZA 750,/offers/honda-others-forza-750-black-93919cfa-9bee-43ae-8b88-ba74bd4fb761
11000,17808,125.0,BMW R 1200 RS,05/2016,Gasoline,,Used,,/offers/bmw-r-1200-rs-gasoline-blue-695a76c6-ba2f-797a-e053-0100007f344c
11900,7950,110.0,BMW R nineT,05/2019,Gasoline,Manual,Used,Pure,/offers/bmw-r-ninet-pure-gasoline-grey-abf731aa-0c46-4123-8e2f-3767ea929263
10500,16150,95.0,Harley-Davidson Late Shovel,07/1977,Gasoline,,Used,,/offers/harley-davidson-late-shovel-gasoline-white-9ea6a4c0-4945-4a16-e053-0100007f84ec
14499,16800,94.0,Harley-Davidson Dyna Super Glide,01/2009,Gasoline,Manual,Used,Paughco Trike Conversion,/offers/harley-davidson-dyna-super-glide-paughco-trike-conversion-gasoline-blue-97ea24fd-0245-4a47-bbfe-dff56b2436d8
10750,10037,95.0,Ducati 1000 Sport,04/2006,Gasoline,,Used,monoposto,/offers/ducati-1000-sport-monoposto-gasoline-grey-11ea9be4-d8cf-4486-8c18-6e89f8c08bfb
29900,30,50.0,Harley-Davidson Road King,05/1998,Gasoline,Manual,Used,FLHRCI Anniversary 95 NEU Einmalig,/offers/harley-davidson-road-king-flhrci-anniversary-95-neu-einmalig-gasoline-black-882a1d47-7acb-4883-b27f-8c44e38fa15a
23500,3400,90.0,Harley-Davidson Fat Boy,01/2019,Gasoline,Manual,Used,114 ci stage 1 avec 3400km comme neuf !!,/offers/harley-davidson-fat-boy-114-ci-stage-1-avec-3400km-comme-neuf-gasoline-black-e4b4184b-479c-4878-8a5d-994e813ce7b6
9990,11100,,BMW F 800 GT,07/2017,Gasoline,,Used,,/offers/bmw-f-800-gt-gasoline-grey-86e63815-ad5e-45d1-90b3-cefc2ece43a6
11000,12000,113.0,Ducati Multistrada 950,03/2018,Gasoline,,Used,,/offers/ducati-multistrada-950-gasoline-white-532933ba-6149-f826-e053-0100007fc9ca
15000,1100,106.0,Triumph Rocket III Touring,06/2014,Gasoline,,Used,,/offers/triumph-rocket-iii-touring-gasoline-red-daed4b16-b4dc-4b75-aac9-4f2922a6979a
8000,5000,54.0,Honda Integra,07/2019,Gasoline,Semi-automatic,Used,,/offers/honda-integra-gasoline-white-bcdc84ba-1e51-7e30-e053-0100007fcb78
3550,1400,22.0,Kymco X-Town,02/2021,Gasoline,Automatic,Used,300,/offers/kymco-x-town-300-gasoline-black-19c9aac5-4921-4de5-9dac-44148eb7d836
6500,27000,58.0,Triumph Scrambler,08/2010,Gasoline,,Used,,/offers/triumph-scrambler-gasoline-black-bf81b0ba-4f7e-df4c-e053-0100007ffd57
350,5000,4.0,TGB Bullet 50,03/2010,Gasoline,,Used,,/offers/tgb-bullet-50-gasoline-black-942738ba-dcfd-421b-e053-0100007f6272
7500,3000,29.0,Royal Enfield Continental GT,07/2017,Gasoline,,Used,,/offers/royal-enfield-continental-gt-gasoline-black-c9bac35b-f39f-4c19-9087-db21979b5f2d
2800,1,4.0,Others,06/2021,Electric,Automatic,Used,,/offers/others-others-electric-white-a16dd2c4-036e-7431-e053-0100007f51ba
1500,66,7.0,Benzhou YIYING,04/2017,Gasoline,Automatic,Used,,/offers/benzhou-yiying-gasoline-red-15c717bf-99b0-7a79-e053-0100007f439c
9000,10000,35.0,Piaggio,01/1963,Two Stroke Gasoline,,Used,,/offers/piaggio-others-two-stroke-gasoline-blue-76bbdf12-71ea-451b-a574-6f6f875aca57
7999,10000,,Yamaha Tracer 700,01/2016,Gasoline,,Used,ABS,/offers/yamaha-tracer-700-abs-gasoline-black-d7989444-dd76-4378-96b4-378e7662e050
6000,24500,102.0,Buell XB 12,08/2003,Gasoline,,Used,,/offers/buell-xb-12-gasoline-black-77410cc5-0d50-bc01-e053-0100007fd3eb
2500,21000,16.0,Yamaha NMAX,05/2019,Gasoline,Automatic,Used,125cc,/offers/yamaha-nmax-125cc-gasoline-grey-df37d4f7-b524-4d20-8cb1-7c68863c3ea0
10000,19400,207.0,BMW S 1000 RR,01/2015,Gasoline,,Used,,/offers/bmw-s-1000-rr-gasoline-white-2cded4b3-fac5-e803-e053-0100007f2fe5
995,30,1.0,Rolektro E-Trike,03/2018,Electric,,Used,800 Watt bis 25 kmh wie neu,/offers/rolektro-e-trike-800-watt-bis-25-kmh-wie-neu-electric-red-26ab4e7d-e6fa-4fc4-b9bc-31c47424a862
7999,0,,Kawasaki Z 650,01/2021,,,New,ABS,/offers/kawasaki-z-650-abs-black-95fc2f77-bf2e-4f75-ba9b-462dd373c0b2
11250,5986,110.0,BMW R nineT,05/2019,Gasoline,,Used,0,/offers/bmw-r-ninet-0-gasoline-f9a628b4-5ce9-4e62-b186-0db01f88f86c
15695,5895,73.0,Harley-Davidson,04/2009,Gasoline,Manual,Used,"FLSTN Softail De Luxe 1. Hand 2,99 %",/offers/harley-davidson-others-flstn-softail-de-luxe-1-hand-2-99-gasoline-black-7a8be965-e21d-4f04-966c-c227ff5e273c
6000,51525,109.0,BMW R 1200 R,10/2010,Gasoline,Manual,Used,,/offers/bmw-r-1200-r-gasoline-black-d28d92c5-c849-f110-e053-0100007f0d53
2200,2496,12.0,Keeway,03/2019,Gasoline,,Used,,/offers/keeway-others-gasoline-black-91c75dba-6248-f663-e053-0100007fe20b
6489,3835,54.0,Honda NC 750,06/2015,Gasoline,Manual,Used,"X - 1. Hand, HONDA Stuttgart",/offers/honda-nc-750-x-1-hand-honda-stuttgart-gasoline-6097a410-0fc0-4794-a050-3e77f3c8de79
11499,3920,143.0,Kawasaki Z 1000,05/2017,Gasoline,Manual,Used,,/offers/kawasaki-z-1000-gasoline-green-f4b30fc5-d6f9-3346-e053-0100007fa825
7650,4200,95.0,Honda CBR 650,03/2019,Gasoline,Manual,Used,,/offers/honda-cbr-650-gasoline-red-919608c4-187c-975b-e053-0100007ff92a
2900,1450,10.0,Honda PCX 125,07/2021,Gasoline,,Used,,/offers/honda-pcx-125-gasoline-black-7a50eb97-a8f2-49d3-9e71-81e88381824e
8350,26000,118.0,Honda ST 1300,09/2007,Gasoline,,Used,Pan European,/offers/honda-st-1300-pan-european-gasoline-red-47c48da8-4b4d-47c1-8f2c-3f4adfe16195
7395,17000,179.0,Yamaha YZF-R1,03/2009,Gasoline,,Used,,/offers/yamaha-yzf-r1-gasoline-blue-4aafd5bf-ac1e-161a-e053-0100007f4bf7
12000,34000,199.0,BMW S 1000 RR,10/2016,Gasoline,Semi-automatic,Used,,/offers/bmw-s-1000-rr-gasoline-white-ff5bac78-f0be-46a3-b3da-9b09217c9204
35000,1,212.0,BMW S 1000 R,06/2021,Gasoline,,Used,allestimento M 1000 rr,/offers/bmw-s-1000-r-allestimento-m-1000-rr-gasoline-blue-e4ed3b55-1d8a-4839-aa73-39dbffee2685
9800,21000,,BMW F 850 GS,06/2019,Gasoline,,Used,,/offers/bmw-f-850-gs-gasoline-white-1220f9fc-e242-49f2-8da7-bfbea3f58f64
10500,48607,107.0,BMW R 1200 GS,07/2013,Gasoline,,Used,,/offers/bmw-r-1200-gs-gasoline-red-a11f2d00-9975-455d-9187-33261527e1bb
10190,7120,95.0,Honda CRF 1000,07/2019,Gasoline,,Used,L Africa Twin DCT,/offers/honda-crf-1000-l-africa-twin-dct-gasoline-blue-70599ac2-d325-1146-e053-0100007fad66
4580,8094,15.0,KTM 125 Duke,03/2018,Gasoline,Manual,Used,,/offers/ktm-125-duke-gasoline-orange-3e7727c9-a837-45d6-a563-5a708190b936
16800,23053,64.0,Harley-Davidson Softail,07/2005,Gasoline,,Used,,/offers/harley-davidson-softail-gasoline-black-06824e6c-d8d1-4b95-89c0-5d8b1a84dd2b
12000,19000,165.0,BMW S 1000 R,04/2017,Gasoline,Manual,Used,"HP, Ilmberger Carbon, Garantie",/offers/bmw-s-1000-r-hp-ilmberger-carbon-garantie-gasoline-white-b39cd598-2515-4943-93a3-1038efee4e3e
25000,8011,126.0,MV Agusta Brutale 750,07/2003,Gasoline,Manual,Used,Serie Oro,/offers/mv-agusta-brutale-750-serie-oro-gasoline-red-d88a3fe8-6c62-4bda-8cfe-b7dcb1f3c6c7
1200,15000,170.0,Derbi Senda,10/2011,Gasoline,,Used,,/offers/derbi-senda-gasoline-orange-51762fbc-53f9-0364-e053-0100007fa61d
13500,22500,77.0,Harley-Davidson Dyna Street Bob,05/2013,Gasoline,,Used,,/offers/harley-davidson-dyna-street-bob-gasoline-blue-087ad063-141e-4a87-a9f9-111fe7736609
7900,16236,49.0,Triumph T140W TSS,05/1978,Gasoline,Manual,Used,T 140 E,/offers/triumph-t140w-tss-t-140-e-gasoline-red-e3bb95ba-1368-45d7-9179-6b002bd9c49d
7590,15700,109.0,BMW R 1200 R,02/2009,Gasoline,Manual,Used,,/offers/bmw-r-1200-r-gasoline-blue-e5a3009a-3132-455b-82b6-05c32b67e4e9
6699,6700,,Yamaha MT-07,03/2015,Gasoline,,Used,(47.5CV),/offers/yamaha-mt-07-47-5cv-gasoline-silver-767971f6-0b38-48ba-af64-c76d89aef9e0
11800,2380,150.0,Triumph Speed Triple 1050,05/2020,Gasoline,Manual,Used,S / 1.Hand / 2380 km,/offers/triumph-speed-triple-1050-s-1-hand-2380-km-gasoline-white-ce2bbf4c-86b6-4662-9d50-1e0a1f4ce2b8
12450,55463,,Moto Guzzi California 1400,04/2013,Gasoline,,Used,TOURING,/offers/moto-guzzi-california-1400-touring-gasoline-black-79097303-1381-471e-896b-a0d65eb013f7
10950,12870,141.0,Kawasaki Z 1000,06/2016,Gasoline,,Used,ABS,/offers/kawasaki-z-1000-abs-gasoline-green-2a11b059-8b5d-4c07-ada8-8ff675d6aa87
10000,5500,60.0,BMW C 650,05/2020,Gasoline,Automatic,Used,,/offers/bmw-c-650-gasoline-blue-ff4173bb-e04d-2339-e053-0100007fda22
12500,4344,105.0,BMW F 900 XR,11/2020,Gasoline,,Used,0,/offers/bmw-f-900-xr-0-gasoline-red-e3a951dc-a3b8-4884-8105-56ed1010dd41
400,17000,68.0,Peugeot Vivacity 50,06/2009,Gasoline,,Used,,/offers/peugeot-vivacity-50-gasoline-grey-332ca7c0-b221-5010-e053-0100007fa6ae
6995,19003,106.0,Triumph,01/2013,Gasoline,,Used,STREET TRIPLE 675,/offers/triumph-others-street-triple-675-gasoline-black-261a2e1d-93aa-438b-85ba-41385f954e92
7500,7196,125.0,Kawasaki Z 900,07/2017,Gasoline,Manual,Used,,/offers/kawasaki-z-900-gasoline-black-018456c0-45df-8c2a-e053-0100007fb403
7000,10000,606.0,BMW C 650 GT,07/2017,Gasoline,,Used,,/offers/bmw-c-650-gt-gasoline-black-757390bf-e165-5f6a-e053-0100007faaf8
17890,10,94.0,Indian Scout,11/2020,Gasoline,Manual,Used,Bobber Twenty,/offers/indian-scout-bobber-twenty-gasoline-black-dae6ffe1-8575-4a78-b47a-b573d50ecd17
7950,1568,34.0,BMW C 400 GT,02/2019,Gasoline,,Used,- Herstelleranschlussgarantie inkl.,/offers/bmw-c-400-gt-herstelleranschlussgarantie-inkl-gasoline-grey-932648c2-ccdc-41c2-8840-bb1d336702d4
10500,5750,,Kawasaki Z 1000,01/2019,Gasoline,,Used,,/offers/kawasaki-z-1000-gasoline-orange-ecb0fd3d-fb5c-48ed-9d23-08824495d17e
400,12106,4.0,Keeway Agora,07/2012,Gasoline,,Used,,/offers/keeway-agora-gasoline-blue-345b45be-5f5e-ed3b-e053-0100007f0924
12900,4350,98.0,Harley-Davidson Fat Boy,05/2010,Gasoline,,Used,,/offers/harley-davidson-fat-boy-gasoline-black-3b677dc0-6bae-b711-e053-0100007f77f2
8500,13000,105.0,Yamaha MT-09,05/2018,Gasoline,,Used,,/offers/yamaha-mt-09-gasoline-blue-ab3bb425-ad22-4d3e-9472-90255144fca6
7900,5783,,Yamaha MT-09,03/2019,Gasoline,,Used,,/offers/yamaha-mt-09-gasoline-grey-f6f8101a-aec0-4df7-aa6b-4cebc4793b41
1500,10000,1.0,Yamaha TZR 50,10/2009,Two Stroke Gasoline,,Used,,/offers/yamaha-tzr-50-two-stroke-gasoline-blue-2735fec2-b259-40f3-a4eb-a872aed022d1
9499,4600,110.0,BMW R nineT,04/2016,Gasoline,Manual,Used,,/offers/bmw-r-ninet-gasoline-silver-2cec30c4-a9ec-0f1f-e053-0100007fb732
4400,2,15.0,Suzuki GSX-R 125,11/2020,Gasoline,Manual,Pre-registered,,/offers/suzuki-gsx-r-125-gasoline-blue-70d15667-0a9a-42e3-9d43-3443675b4342
9000,31000,204.0,Suzuki Hayabusa,01/1999,Gasoline,,Used,Special 280,/offers/suzuki-hayabusa-special-280-gasoline-gold-3a2bfda2-4a55-4f0c-8e4f-e8fbecf2702d
14995,0,,Moto Guzzi,01/2020,,,New,V85 TT TRAVEL,/offers/moto-guzzi-others-v85-tt-travel-black-e17647a7-f968-4df2-bc78-2c3b3dd2c9d0
9500,13000,101.0,BMW R 1200 GS,06/2006,Gasoline,,Used,,/offers/bmw-r-1200-gs-gasoline-black-78bd4567-9826-4fe0-9056-a5f87bd5662f
28000,6020,,Honda Gold Wing,03/2018,Gasoline,,Used,Touring DCT Airbag 2018 1833,/offers/honda-gold-wing-touring-dct-airbag-2018-1833-gasoline-red-faef54f3-4b79-43e0-b868-b266f210ae1d
13500,20504,,BMW S 1000 XR,06/2017,Gasoline,,Used,,/offers/bmw-s-1000-xr-gasoline-blue-f74bbf2b-b1cc-419c-9083-9e2e418cd15f
18000,420,155.0,Ducati 959 Panigale,01/2021,Gasoline,,Used,Panigale V2,/offers/ducati-959-panigale-panigale-v2-gasoline-white-3a771e7e-1c47-45bb-86e3-29f86803d1ba
12500,8700,,Indian FTR 1200,08/2019,Gasoline,,Used,S REPLICA,/offers/indian-ftr-1200-s-replica-gasoline-red-3aed7f45-6f4e-425f-a11e-83fc17895253
6890,24550,53.0,Yamaha XVS 950,08/2010,Gasoline,Manual,Used,Midnight Star,/offers/yamaha-xvs-950-midnight-star-gasoline-black-79d181d7-8fa0-4712-bba0-a27ee1f3c382
2900,22,10.0,Lambretta V125,06/2021,Gasoline,,Used,special pirelli,/offers/lambretta-v125-special-pirelli-gasoline-black-313d19c0-d6d0-448f-a237-329eb0b7fe64
33995,0,,Harley-Davidson Street Glide,01/2021,,,New,FLHXS Special,/offers/harley-davidson-street-glide-flhxs-special-black-edc010ef-17bd-4433-93da-9266b1840c2f
10990,21499,159.0,Ducati Multistrada 1200,05/2015,Gasoline,Manual,Used,MTS 1200 Red,/offers/ducati-multistrada-1200-mts-1200-red-gasoline-red-2d22d7e4-bb15-4c47-94d9-1d8344b78d0b
3480,3267,3.0,Simson,10/1980,Gasoline,Manual,Used,Schwalbe mit DDR-Papieren im Originalzustand!,/offers/simson-others-schwalbe-mit-ddr-papieren-im-originalzustand-gasoline-yellow-1fd7bf4b-9bfa-40ea-80c8-c9346b1fc65a
2490,20183,,Kawasaki J125,03/2016,Gasoline,,Used,ABS SPECIAL EDITION,/offers/kawasaki-j125-abs-special-edition-gasoline-b7803ec1-9133-4fc5-b50d-f3e48a3a7f01
18750,12714,165.0,BMW S 1000 XR,04/2018,Gasoline,,Used,,/offers/bmw-s-1000-xr-gasoline-red-8a2b77f2-72ce-453d-ac89-559d878f7868
9000,25222,56.0,Harley-Davidson Dyna Glide,07/1995,Gasoline,,Used,,/offers/harley-davidson-dyna-glide-gasoline-black-911b5de8-1586-4773-904f-a76bc805e0d1
10890,2100,145.0,Honda CB 100,08/2020,Gasoline,Manual,Used,"CB 1000 R SC 80 PLUS / VERSAND BUNDESWEIT 90,-",/offers/honda-cb-100-cb-1000-r-sc-80-plus-versand-bundesweit-90-gasoline-grey-6c5002a8-f1f3-4764-848c-1f381da36cba
10000,4142,41.0,KTM 450 EXC,04/2015,Gasoline,Semi-automatic,Used,,/offers/ktm-450-exc-gasoline-white-478c4dc6-00e3-1449-e053-0100007f05c3
14990,20000,71.0,Harley-Davidson,07/2009,Gasoline,Manual,Used,FLSTC Softail Heritage Classic*Tourquoise/White*,/offers/harley-davidson-others-flstc-softail-heritage-classic-tourquoise-white-gasoline-green-cf4c112a-a68a-45e5-bedc-813e2850bdd4
2200,19785,,MBK Skycruiser,09/2013,Gasoline,,Used,125,/offers/mbk-skycruiser-125-gasoline-black-74480d97-3c2f-4343-b0b5-18b7cc191c2f
13990,10000,88.0,Victory Boardwalk,05/2014,Gasoline,Manual,Used,/ Unfallfrei / TOP /,/offers/victory-boardwalk-unfallfrei-top-gasoline-black-a11465ac-cb8d-4e77-9f01-faeaa0b3a5f7
7499,24000,,Yamaha MT-09,01/2013,Gasoline,,Used,ABS,/offers/yamaha-mt-09-abs-gasoline-black-1125cd94-7bde-4d32-945f-2df91130d6af
2850,4000,15.0,SYM Joymax 125i,09/2014,Gasoline,,Used,,/offers/sym-joymax-125i-gasoline-grey-580383a8-e19a-4e91-908a-d973b6b5dc73
21900,8000,,Indian Springfield,05/2018,Gasoline,,Used,DARKHORSE,/offers/indian-springfield-darkhorse-gasoline-black-bda6c71b-c920-4088-9e66-6622c3eb71de
15490,230,15.0,Zero,04/2021,Electric,Automatic,Used,S 11KW ZF 14 2021 Modell,/offers/zero-others-s-11kw-zf-14-2021-modell-electric-blue-a37e32a5-bd22-44c1-bbd4-80c33a19c73a
11200,28212,129.0,Honda VFR 1200,04/2014,Gasoline,Automatic,Used,X DCT CROSSTOURER,/offers/honda-vfr-1200-x-dct-crosstourer-gasoline-grey-9c9a7f64-df99-4aad-b5e2-61ddae8e9822
10000,5500,50.0,BMW R 75/5,01/1971,Gasoline,,Used,,/offers/bmw-r-75-5-gasoline-black-9adbf0d8-d51a-4ce3-a45e-a201420ae105
12300,0,,KTM 790 Duke,01/2020,,,New,,/offers/ktm-790-duke-orange-7c174223-25cb-4042-b805-f6194bf4b8eb
18850,17000,1.0,Harley-Davidson Road Glide,10/2015,Gasoline,,Used,,/offers/harley-davidson-road-glide-gasoline-black-b98384bb-7620-fb6f-e053-0100007f9703
250,20000,5.0,Piaggio NRG MC3,04/2012,Gasoline,,Used,,/offers/piaggio-nrg-mc3-gasoline-grey-7253e4c0-f369-2e20-e053-0100007f8c65
1500,1497,170.0,Yamaha D'elight,11/2015,Gasoline,,Used,,/offers/yamaha-d-elight-gasoline-white-413519c4-64e9-2a6f-e053-0100007f3b04
10500,12000,114.0,Yamaha Tracer 900,03/2019,Gasoline,Manual,Used,GT - 2019 - KM.12000,/offers/yamaha-tracer-900-gt-2019-km-12000-gasoline-black-7d36ebca-99e5-49ec-9c82-be4d760d7e69
4200,701,30.0,Kymco Downtown 350i,09/2020,Gasoline,Automatic,Used,EXCLUSIVE / NAVIGATION EMBARQUE / NEW MODEL,/offers/kymco-downtown-350i-exclusive-navigation-embarque-new-model-gasoline-silver-e848410c-8028-48e2-8011-207872ba93c5
8750,20363,125.0,KTM 990 Super Duke,05/2013,Gasoline,,Used,,/offers/ktm-990-super-duke-gasoline-white-f592e9bf-4bf3-4249-84fc-039bbd2c4417
11500,14886,116.0,Yamaha FJ-09,04/2016,Gasoline,Manual,Used,,/offers/yamaha-fj-09-gasoline-grey-e07b80c1-e5ef-7a3b-e053-0100007fd013
