price,mileage,power,make_model,date,fuel,gear,offer_type,version,link
25758,0,,Honda CBR 1000,01/2021,,,New,RR ABS,/offers/honda-cbr-1000-rr-abs-black-d5795c45-be24-40be-81ba-97e60979f639
16900,19826,101.0,Ducati 1198,12/2012,Gasoline,,Used,1198 SP,/offers/ducati-1198-1198-sp-gasoline-red-42ab3abf-cf17-e71c-e053-0100007fc47f
17900,21000,79.0,Harley-Davidson Deluxe,08/2012,Gasoline,Manual,Used,,/offers/harley-davidson-deluxe-gasoline-blue-80590cbe-ea25-6855-e053-0100007fd6aa
6000,31000,721.0,Yamaha TMAX 530,03/2013,Gasoline,,Used,,/offers/yamaha-tmax-530-gasoline-white-12208dbc-6c13-dd60-e053-0100007fef42
17800,800,27.0,Hercules W 2000,06/1975,Gasoline,Manual,Antique / Classic,,/offers/hercules-w-2000-gasoline-red-799178c3-208c-4b60-9b77-23d4242e3280
9000,29500,105.0,BMW R 1200 GS Adventure,07/2009,Gasoline,,Used,,/offers/bmw-r-1200-gs-adventure-gasoline-grey-7b7dd5b3-365c-6043-e053-0100007f82fb
9000,29600,173.0,KTM 1290 Super Duke R,01/2015,Gasoline,Manual,Used,,/offers/ktm-1290-super-duke-r-gasoline-orange-090629c0-8f33-c477-e053-0100007f17b2
2300,4277,4.0,Vespa LX 50,07/2012,Gasoline,Automatic,Used,4T 4V,/offers/vespa-lx-50-4t-4v-gasoline-black-48c64bba-e83a-2a53-e053-0100007f8959
14200,123654,,Others,03/1938,,Manual,Antique / Classic,Suecia Swallo Seitenwagen MAG Motor,/offers/others-others-suecia-swallo-seitenwagen-mag-motor-32a33901-86a6-4e86-aa10-e4609cec1e53
10750,34750,154.0,Ducati Diavel,01/2012,Gasoline,,Used,CARBON,/offers/ducati-diavel-carbon-gasoline-ab19687d-30a2-45ca-b6ed-a0291734f97d
9950,26800,77.0,Harley-Davidson XL 1200,07/2016,Gasoline,Manual,Used,,/offers/harley-davidson-xl-1200-gasoline-grey-40967bc3-f376-de62-e053-0100007f6c2b
13430,3266,110.0,BMW R nineT,05/2020,Gasoline,Manual,Used,Scrambler,/offers/bmw-r-ninet-scrambler-gasoline-black-71cc4322-752e-40f3-bd5b-4fe2e002e7c7
9400,2000,118.0,Triumph Street Triple R,03/2021,Gasoline,,Used,,/offers/triumph-street-triple-r-gasoline-grey-1ed5b5b1-d6f2-4ef1-837f-4456a7429228
6500,12139,72.0,KTM 690 Duke,08/2017,Gasoline,,Used,,/offers/ktm-690-duke-gasoline-orange-8e972dbc-d3cf-1e2c-e053-0100007fa1a3
20000,20500,90.0,Harley-Davidson Street Glide,05/2016,Gasoline,,Used,,/offers/harley-davidson-street-glide-gasoline-black-aa3766d3-7d55-4467-b193-b221c0a84365
18900,7500,215.0,Ducati Panigale V4,04/2018,Gasoline,Manual,Used,,/offers/ducati-panigale-v4-gasoline-red-1266fbbd-c374-e871-e053-0100007fe191
7000,2800,38.0,Yamaha Grizzly 550,03/2016,Gasoline,Automatic,Used,,/offers/yamaha-grizzly-550-gasoline-green-fe6f8fc0-2a38-e477-e053-0100007fc775
13000,28700,76.0,Harley-Davidson Dyna Street Bob,03/2008,Gasoline,,Used,,/offers/harley-davidson-dyna-street-bob-gasoline-black-8c6a9eca-a0c5-4232-9038-9e69f7357492
11899,0,,Yamaha,01/2021,Gasoline,,New,XT 700 TENERE,/offers/yamaha-others-xt-700-tenere-gasoline-ea63a364-a28e-46f9-a405-5907a14fe5c6
6100,4860,33.0,Yamaha X-Max 400,07/2019,Gasoline,Automatic,Used,,/offers/yamaha-x-max-400-gasoline-blue-0db41fc2-fa40-f56f-e053-0100007f5ba6
13500,24000,102.0,Honda CRF 1000,05/2018,Gasoline,Manual,Used,Africa Twin Adventure,/offers/honda-crf-1000-africa-twin-adventure-gasoline-blue-4b746998-fe4f-47da-9519-e031d4ae6718
12600,43000,92.0,Moto Guzzi Le Mans,05/1985,Gasoline,,Used,,/offers/moto-guzzi-le-mans-gasoline-red-26d517bf-a7be-9c7c-e053-0100007f427d
19490,1270,,KTM 1290 Super Adventure,01/2021,,,Used,S,/offers/ktm-1290-super-adventure-s-orange-87a9e3f9-4f13-4cba-a298-4f69383f4c16
9500,13670,95.0,Kawasaki Z 900,06/2019,Gasoline,,Used,Z900 70/35kw A2,/offers/kawasaki-z-900-z900-70-35kw-a2-gasoline-black-cbf0832f-996c-47d9-a613-2ab977d5669f
1500,47588,20.0,Yamaha X-Max 250,12/2010,Gasoline,,Used,,/offers/yamaha-x-max-250-gasoline-silver-b370dec3-c737-c333-e053-0100007f99c6
12999,31500,125.0,BMW R 1200 GS,05/2016,Gasoline,Manual,Used,,/offers/bmw-r-1200-gs-gasoline-blue-c6e775c6-c7b4-a851-e053-0100007f23d6
6450,7200,68.0,Triumph Bonneville SE,10/2013,Gasoline,Manual,Used,,/offers/triumph-bonneville-se-gasoline-orange-e636b7c6-abb3-816d-e053-0100007fbc40
7995,29239,60.0,BMW C 650,06/2017,Gasoline,,Used,,/offers/bmw-c-650-gasoline-bronze-8aa098be-b0ea-c203-e053-0100007f48d2
7200,15000,72.0,Ducati Scrambler,03/2018,Gasoline,,Used,icon,/offers/ducati-scrambler-icon-gasoline-silver-d94085ba-2d15-0558-e053-0100007ffbf7
7390,877,107.0,Honda CBF 1000,03/2013,Gasoline,Manual,Used,,/offers/honda-cbf-1000-gasoline-silver-8a77b303-d2cc-4800-9dc5-f3202e6db68b
9790,13170,140.0,Triumph Speed Triple S,01/2016,Gasoline,Manual,Used,,/offers/triumph-speed-triple-s-gasoline-red-6b23bed7-69ef-458d-aa41-aeab2c0ee3c1
12800,33000,200.0,Yamaha YZF-R1,07/2015,Gasoline,,Used,,/offers/yamaha-yzf-r1-gasoline-blue-2b3b0b93-c12c-4a0b-8c00-7e1cccb917d7
10500,30000,7.0,Piaggio Ape,06/1975,Gasoline,,Used,Calessino,/offers/piaggio-ape-calessino-gasoline-white-eee4b4d8-fe3c-40df-b4ef-20e41c6b422f
8400,49939,110.0,BMW R 1200 GS,03/2012,Gasoline,,Used,,/offers/bmw-r-1200-gs-gasoline-black-e20a0fab-dae3-c52c-e053-0100007f88e7
14900,34633,,KTM 1290 Super Adventure,04/2018,Gasoline,,Used,S,/offers/ktm-1290-super-adventure-s-gasoline-orange-e58df52e-4d32-4259-9300-86e67249cbae
21390,500,136.0,BMW R 1250 RT,09/2020,Gasoline,,Used,Style Elegance,/offers/bmw-r-1250-rt-style-elegance-gasoline-brown-6d508577-ef0d-4344-92a9-15a978f0e796
1700,16000,15.0,Peugeot LXR 200,04/2014,Gasoline,,Used,LXR 200,/offers/peugeot-lxr-200-lxr-200-gasoline-white-6b30f79e-b85a-5368-e053-e250040a8ee3
11500,17000,181.0,Honda CBR 1000,10/2015,Gasoline,Manual,Used,Repsol SP,/offers/honda-cbr-1000-repsol-sp-gasoline-orange-62547ccf-7c2c-453a-82d4-98bfbe37cff5
9000,35550,110.0,BMW R 1200 RT,05/2013,Gasoline,,Used,,/offers/bmw-r-1200-rt-gasoline-black-6141bcbc-8b60-e958-e053-0100007f7fa7
8450,5250,61.0,Triumph America LT,06/2009,Gasoline,Manual,Used,,/offers/triumph-america-lt-gasoline-blue-18f7c4c2-e145-0170-e053-0100007f6993
3000,26800,15.0,Fantic 125M,10/2015,Gasoline,,Used,,/offers/fantic-125m-gasoline-white-66c6eec5-729a-9d2b-e053-0100007f9879
7999,29000,,Yamaha XVS 950,01/2012,Gasoline,,Used,A MIDNIGHT STAR,/offers/yamaha-xvs-950-a-midnight-star-gasoline-black-54040b29-e903-4824-944f-92782bbb36f1
9500,13000,182.0,MV Agusta F4 1000 R 312,06/2009,Gasoline,,Used,,/offers/mv-agusta-f4-1000-r-312-gasoline-red-2fe0ce86-c92a-5d74-e053-e250040adc69
12479,0,44.0,Piaggio,01/2019,,,New,MP3 500 SPORT HPE,/offers/piaggio-others-mp3-500-sport-hpe-white-ddb7bf1d-2087-4587-b5eb-65fe0951267d
6500,10200,90.0,BMW F 800,03/2014,Gasoline,,Used,,/offers/bmw-f-800-gasoline-blue-1f5811c3-b0ba-5336-e053-0100007f2c36
10950,55791,73.0,Harley-Davidson Dyna Street Bob,03/2006,Gasoline,Manual,Used,FXDBi / STREETBOB,/offers/harley-davidson-dyna-street-bob-fxdbi-streetbob-gasoline-black-cf4773d5-3150-48ad-ba95-c268b116b2f8
10000,7000,116.0,Yamaha Tracer 900,10/2019,Gasoline,,Used,GT,/offers/yamaha-tracer-900-gt-gasoline-black-38348162-396a-435f-ad0f-415b6bf2f005
16500,13500,185.0,Ducati 1198,07/2010,Gasoline,Manual,Used,Hellfire - Evolution,/offers/ducati-1198-hellfire-evolution-gasoline-black-775695a7-a069-8410-e053-0100007f412a
7500,14200,67.0,KTM 690 SMC,07/2013,Gasoline,Manual,Used,,/offers/ktm-690-smc-gasoline-orange-0b5ec2c5-8931-1703-e053-0100007f3f26
1300,11250,12.0,Kreidler Supermoto 125,03/2009,Gasoline,,Used,,/offers/kreidler-supermoto-125-gasoline-black-c7a8fc09-650d-40d9-aaa1-842539467f4e
650,13000,5.0,Peugeot Streetzone,05/2016,Two Stroke Gasoline,,Used,,/offers/peugeot-streetzone-two-stroke-gasoline-grey-91c0dd37-38dd-4295-877b-806674ea7920
8299,0,,Yamaha X-Max 400,01/2021,,,New,ABS Tech MAX,/offers/yamaha-x-max-400-abs-tech-max-black-5c0bf914-3b6e-4033-a0db-edfb8a0be18f
14900,4938,160.0,KTM 1290 Super Adventure,08/2019,Gasoline,Manual,Used,S,/offers/ktm-1290-super-adventure-s-gasoline-black-bfdd4388-1b99-4127-8b88-84f3fa93159b
4069,0,,Vespa Sprint,01/2021,,,New,Piaggio,/offers/vespa-sprint-piaggio-white-d0f59e30-95fc-4b7d-b839-c7a5c42c31c3
13500,19300,69.0,Triumph Thruxton,07/2008,Gasoline,,Used,,/offers/triumph-thruxton-gasoline-white-a16cedc6-9fb4-1719-e053-0100007f0090
10750,850,105.0,BMW F 900 R,03/2021,Gasoline,Manual,Demonstration,4 Pakete - SOS - San Marino Blau,/offers/bmw-f-900-r-4-pakete-sos-san-marino-blau-gasoline-blue-32c72295-36f8-4333-bb05-24dfd1259433
8000,55748,86.0,Kawasaki Z 1000,03/1977,Gasoline,,Used,,/offers/kawasaki-z-1000-gasoline-green-882a2ec3-b81a-7310-e053-0100007fc6fc
11999,22000,224.0,Harley-Davidson Dyna Street Bob,05/2010,Gasoline,,Used,,/offers/harley-davidson-dyna-street-bob-gasoline-black-246509c2-8893-d370-e053-0100007fdef5
8500,17000,90.0,BMW F 800 R,04/2019,Gasoline,Manual,Used,,/offers/bmw-f-800-r-gasoline-white-7097a251-7a6f-4742-9b91-e640d6f3f061
12450,753,129.0,Honda VFR 1200,04/2013,Gasoline,,Used,X,/offers/honda-vfr-1200-x-gasoline-black-7ebbb331-d929-4324-8b87-7c94988831c9
10699,0,,Kawasaki Z 900,01/2021,,,New,,/offers/kawasaki-z-900-green-52fe189a-3345-46e7-83e0-47100d1fb9c6
7389,5247,48.0,Kawasaki Vulcan S,06/2018,Gasoline,Manual,Used,35 kW,/offers/kawasaki-vulcan-s-35-kw-gasoline-black-5e1b437d-c811-4bc1-9f5c-0853a1bcd2c9
15000,9500,177.0,KTM 1290 Super Duke R,03/2019,Gasoline,,Used,R,/offers/ktm-1290-super-duke-r-r-gasoline-orange-de2bb191-7b55-4f0e-984c-8ae50adffac8
11299,14000,,Yamaha,04/2018,Gasoline,,Used,,/offers/yamaha-gasoline-black-5fbe2bab-e345-418f-adf5-f233731b233d
10500,11700,1201.0,Harley-Davidson Iron 883,05/2016,Gasoline,,Used,,/offers/harley-davidson-iron-883-gasoline-black-28a064c3-bd44-313a-e053-0100007fa559
2600,9900,29.0,Kymco People S 300i,02/2017,Gasoline,,Used,,/offers/kymco-people-s-300i-gasoline-white-6afaf0c0-92de-f27c-e053-0100007f06bc
1900,29218,20.0,Yamaha X-Max 250,06/2009,Gasoline,Manual,Used,,/offers/yamaha-x-max-250-gasoline-e86a64fc-0bc3-455c-9fcd-a55c2118335e
11299,0,,KTM 790 Duke,01/2020,,,New,ABS,/offers/ktm-790-duke-abs-black-c9924c81-21e3-4743-83c3-f6e7938ad24c
10999,3999,95.0,BMW F 850 GS,12/2019,Gasoline,,Used,,/offers/bmw-f-850-gs-gasoline-blue-b2e8bf65-2085-4350-a8e6-5654bceebf1c
1500,10250,14.0,Honda PCX 125,10/2011,Gasoline,,Used,,/offers/honda-pcx-125-gasoline-grey-e4603cc2-a66e-ec49-e053-0100007f9883
450,13000,11.0,Aprilia Sportcity ONE,06/2009,Gasoline,Automatic,Used,,/offers/aprilia-sportcity-one-gasoline-black-eb500b62-d04e-48c4-b6cd-de738807a242
6599,1,61.0,CF Moto 650 MT,06/2021,Gasoline,Manual,Used,,/offers/cf-moto-650-mt-gasoline-blue-d4641dc5-98a1-6b74-e053-0100007f6498
10800,16320,181.0,Yamaha YZF-R1,04/2013,Gasoline,,Used,,/offers/yamaha-yzf-r1-gasoline-black-11d395c2-5507-2602-e053-0100007f6d12
11000,8500,136.0,Can Am Maverick,07/2016,Gasoline,Automatic,Used,1000 XDS Turbo,/offers/can-am-maverick-1000-xds-turbo-gasoline-black-809f4ebf-8dca-033d-e053-0100007f9c19
16945,46890,,Yamaha FJR 1300,12/2018,Gasoline,,Used,AE ABS,/offers/yamaha-fjr-1300-ae-abs-gasoline-blue-5c01177e-d1c1-4d8e-a22e-0103b610e73f
25000,5000,131.0,BMW R nineT,03/2018,Gasoline,,Used,,/offers/bmw-r-ninet-gasoline-blue-54399a79-6510-e20d-e053-e350040abf1b
8150,99999,,Yamaha,01/2017,Gasoline,,Used,450 Grizzly,/offers/yamaha-450-grizzly-gasoline-be154789-3158-4f7a-b356-83d410a6d965
10490,24701,110.0,BMW R 1200 GS,03/2011,Gasoline,,Used,"3 Koffer , TOP Zustand",/offers/bmw-r-1200-gs-3-koffer-top-zustand-gasoline-d8d4cf37-84e0-4890-a7cb-dfbe4224ad36
12000,3000,177.0,KTM 1290 Super Duke GT,04/2019,Gasoline,Manual,Used,,/offers/ktm-1290-super-duke-gt-gasoline-black-3a626cc4-1546-7039-e053-0100007f2423
10000,29282,64.0,Harley-Davidson Softail,11/2004,Gasoline,Manual,Used,,/offers/harley-davidson-softail-gasoline-black-4040f8e7-e419-497a-b518-473954cab406
9800,18150,68.0,Harley-Davidson Sportster 1200,09/2015,Gasoline,,Used,custom,/offers/harley-davidson-sportster-1200-custom-gasoline-orange-688b3968-60de-49b1-825e-5d6227e4f079
10000,34280,95.0,Harley-Davidson Softail,05/1996,Gasoline,,Used,,/offers/harley-davidson-softail-gasoline-blue-6baafec1-2e51-ba6a-e053-0100007f5a7d
19990,7134,213.0,Ducati Panigale V4,01/2018,Gasoline,Semi-automatic,Used,Panigale V4 S Ãhlins - 7.134 km,/offers/ducati-panigale-v4-panigale-v4-s-oehlins-7-134-km-gasoline-red-0057517e-bf5f-407a-a32c-c80f5105fbec
13200,8200,,BMW R 1200 R,10/2015,Gasoline,,Used,,/offers/bmw-r-1200-r-gasoline-white-0d810199-6db3-4050-95b8-514614a7d5e1
9500,21600,,Ducati 848,01/2012,Gasoline,,Used,EVO,/offers/ducati-848-evo-gasoline-red-4d16bd65-b5db-4df2-8110-43a00c36c3f8
6800,17000,58.0,Honda Integra,04/2016,Gasoline,,Used,,/offers/honda-integra-gasoline-white-5ab19dbe-c985-5d66-e053-0100007fbc1a
29900,3250,122.0,Harley-Davidson Heritage Softail,04/2020,Gasoline,Manual,Used,FLHD Deluxe Stage 3 Kit 114ci,/offers/harley-davidson-heritage-softail-flhd-deluxe-stage-3-kit-114ci-gasoline-gold-050cd5c5-8285-0d05-e053-0100007f4aff
18750,1300,160.0,KTM 1290 Super Adventure,02/2021,Gasoline,,Used,S ABS,/offers/ktm-1290-super-adventure-s-abs-gasoline-orange-dc19fd25-346c-4394-bfcd-88a62e23da4d
2620,700,15.0,Brixton,11/2020,Gasoline,,Used,bullit Hero martini kleuren 125cc,/offers/brixton-others-bullit-hero-martini-kleuren-125cc-gasoline-white-5ca91ecb-0f47-4528-9b03-e78ad3626333
14950,24104,,KTM,01/2017,,,Used,1290 SUPERDUKE R,/offers/ktm-others-1290-superduke-r-black-b2917655-514b-4021-a133-c467693182ef
10000,36000,71.0,Harley-Davidson Electra Glide,04/2006,Gasoline,Manual,Used,,/offers/harley-davidson-electra-glide-gasoline-red-a7f43e82-7e12-2839-e053-e250040afa57
10650,742,,Honda,01/2021,Gasoline,,Used,,/offers/honda-gasoline-blue-a146047c-fbf4-453e-bd57-353cf3c21ae0
6400,1680,48.0,Others,08/2020,Gasoline,,Used,MACBOR MONTANA XR5 TRAIL,/offers/others-others-macbor-montana-xr5-trail-gasoline-white-31fe54c3-abff-844d-e053-0100007fa2b0
10800,46000,160.0,BMW S 1000 XR,07/2015,Gasoline,Manual,Used,2015 + VALIGIE,/offers/bmw-s-1000-xr-2015-valigie-gasoline-white-e077d10c-fd1f-4fc6-a9c2-38e3bee713bd
1100,49000,19.0,Aprilia Scarabeo,09/2009,Gasoline,,Used,,/offers/aprilia-scarabeo-gasoline-black-423d79bb-97f0-2117-e053-0100007ffbd1
10500,25200,97.0,Honda VTX 1800,07/2002,Gasoline,Manual,Used,,/offers/honda-vtx-1800-gasoline-violet-fbbc85bf-ae87-0850-e053-0100007f9e14
6800,30500,42.0,Piaggio MP3 500,01/2015,Gasoline,,Used,,/offers/piaggio-mp3-500-gasoline-grey-e6eb47c4-a1b5-f524-e053-0100007fb4e8
10000,12000,69.0,Harley-Davidson Iron 883,07/2017,Gasoline,,Used,1200 big bore kit screaming eagle,/offers/harley-davidson-iron-883-1200-big-bore-kit-screaming-eagle-gasoline-grey-b330a845-bed1-4434-a304-ac5f3c055817
2500,25896,35.0,Kymco Xciting 400i,05/2014,Gasoline,,Used,,/offers/kymco-xciting-400i-gasoline-grey-c6d9ecc5-f270-9071-e053-0100007f67d8
24800,1000,3.0,BMW,02/1982,Gasoline,,Used,R-Series,/offers/bmw-others-r-series-gasoline-black-0cae9bbb-ff0c-ef7d-e053-0100007f068d
950,10595,15.0,SYM Joyride 200,04/2011,Gasoline,,Used,,/offers/sym-joyride-200-gasoline-grey-5413b3c3-47a3-7041-e053-0100007f3e83
7500,3500,54.0,Triumph Speed Twin,06/2018,Gasoline,,Used,,/offers/triumph-speed-twin-gasoline-black-b5eebac4-ee92-8d53-e053-0100007f10a1
6600,10000,129.0,MV Agusta Brutale 675,03/2014,Gasoline,,Used,,/offers/mv-agusta-brutale-675-gasoline-white-e5151079-5fdd-4ce9-a5ae-5f8fa0ab21ff
22950,7615,,Harley-Davidson Softail,01/2018,,,Used,FLFB FAT BOY,/offers/harley-davidson-softail-flfb-fat-boy-black-8c3620df-9d12-4675-a2ec-421e67014105
6100,25328,39.0,Piaggio MP3 500,02/2017,Gasoline,Automatic,Used,,/offers/piaggio-mp3-500-gasoline-grey-9625afbe-8650-ad09-e053-0100007fe843
8900,3000,,Triumph Street Cup,11/2016,Gasoline,,Used,,/offers/triumph-street-cup-gasoline-yellow-4cb4ad8d-96c7-481a-a1df-db37f02c8302
10945,24815,,Moto Guzzi,04/2019,Gasoline,,Used,V 85 TT,/offers/moto-guzzi-others-v-85-tt-gasoline-red-f1994c2f-4173-47f3-9abe-7e93500bc588
8899,900,52.0,Kymco AK 550,05/2021,Gasoline,,Used,NEW MODELE VERSION EURO 5 AVEC 900 KMS ..SM-BIKE,/offers/kymco-ak-550-new-modele-version-euro-5-avec-900-kms-sm-bike-gasoline-black-ff9c2250-4a58-4583-a0e8-3f41cb1b1fe2
6000,120000,136.0,Yamaha Vmax,03/1991,Gasoline,,Used,originale,/offers/yamaha-vmax-originale-gasoline-black-0cb961ec-b2d6-4436-8edf-8e7578c13b75
1499,2000,,Others,01/2019,,,Used,Bohlt Bastard RDW B,/offers/others-others-bohlt-bastard-rdw-b-black-9998293c-1c3b-4bed-afc5-8d362df5b1a8
17900,3500,68.0,Harley-Davidson,04/2017,Gasoline,Manual,Used,*CUSTOMIZED* XL Forty Eight 1200X,/offers/harley-davidson-others-customized-xl-forty-eight-1200x-gasoline-gold-c615ec7c-d92e-4c5d-bc4e-e03e26f31588
6000,10000,24.0,Ural IMZ 650,12/1997,Gasoline,Manual,Used,,/offers/ural-imz-650-gasoline-red-914f75c3-04c7-dc0a-e053-0100007f9407
8290,25414,,Kawasaki Z 1000,07/2011,Gasoline,,Used,SX,/offers/kawasaki-z-1000-sx-gasoline-black-65aa1103-bf64-49c2-8626-43acd8aaae61
11795,1,64.0,Moto Guzzi V 7,01/2021,Gasoline,Manual,New,IV 850 SPECIAL E5,/offers/moto-guzzi-v-7-iv-850-special-e5-gasoline-blue-7aaf7fab-dc53-4678-9f25-09de44888ee1
7000,5000,95.0,Suzuki GSX-R 750,12/1985,Gasoline,,Used,,/offers/suzuki-gsx-r-750-gasoline-blue-75d570c2-aad2-f11a-e053-0100007f7cd1
9999,654,,Suzuki Katana 1000,04/2021,Gasoline,,Used,,/offers/suzuki-katana-1000-gasoline-black-21201a0f-fdeb-4b46-a052-0a8e9d53db84
6400,35500,144.0,MV Agusta Brutale 1090,10/2011,Gasoline,,Used,rr,/offers/mv-agusta-brutale-1090-rr-gasoline-white-ea51e884-9349-4ac5-bc38-e8b3e6660f2c
15000,99999,60.0,Harley-Davidson Late Shovel,07/1982,Gasoline,,Used,,/offers/harley-davidson-late-shovel-gasoline-black-8008f8c1-98f6-1364-e053-0100007fa8d0
35000,2000,30.0,BMW R 67,04/1955,Gasoline,Manual,Used,,/offers/bmw-r-67-gasoline-black-5a02e6bd-4e84-6a41-e053-0100007f9385
6390,47724,139.0,Kawasaki Z 1000,03/2010,Gasoline,Manual,Used,ABS [SCHECKHEFT] [EXTRAS],/offers/kawasaki-z-1000-abs-scheckheft-extras-gasoline-black-6d43102b-b86c-49fc-8698-16e9c7285d11
2600,1050,11.0,Brixton Haycroft 125,08/2020,Gasoline,,Used,,/offers/brixton-haycroft-125-gasoline-grey-61e0e9c5-3a19-b056-e053-0100007f7cad
24950,32992,,Harley-Davidson Trike,02/2015,Gasoline,Manual,Used,FREEWHEELER L5E,/offers/harley-davidson-trike-freewheeler-l5e-gasoline-red-69091462-3459-44f4-b484-77a75050249f
8990,891,,Husqvarna Vitpilen,03/2020,Gasoline,,Used,701,/offers/husqvarna-vitpilen-701-gasoline-white-dabe75da-2d5e-4d59-a3e2-6b5ac22422ce
15000,18200,116.0,Honda GL 1800,01/2009,Gasoline,,Used,,/offers/honda-gl-1800-gasoline-silver-8b9532c2-682d-a516-e053-0100007f8220
8700,48000,150.0,Ducati Multistrada 1200,08/2013,Gasoline,,Used,,/offers/ducati-multistrada-1200-gasoline-red-808e7dc0-898a-f920-e053-0100007ffa07
11999,23813,,Yamaha MT-10,01/2017,,,Used,ABS,/offers/yamaha-mt-10-abs-blue-594f6f9b-6b0b-46a4-b3bf-69a0925e76db
6999,1100,,Honda CBR 650,03/2018,Gasoline,,Used,F ABS,/offers/honda-cbr-650-f-abs-gasoline-d77ac532-9848-4903-8eaa-d818eeea4111
8995,7500,20.0,Polaris,04/2011,Gasoline,Automatic,Used,Side by Side Ranger RZR 800 EPS 2011 7500km KENTEK,/offers/polaris-others-side-by-side-ranger-rzr-800-eps-2011-7500km-kentek-gasoline-white-eac0d2a3-c72a-4174-af71-dd5db740a058
12490,528,48.0,BMW F 900 XR,02/2020,Gasoline,,Used,Tieferlegung/ 35kw / erst 528 km,/offers/bmw-f-900-xr-tieferlegung-35kw-erst-528-km-gasoline-298381b1-4d0c-4381-8108-39c8f9b7eade
15200,0,,Triumph Speed Twin,01/2021,,,New,1200,/offers/triumph-speed-twin-1200-black-eb1a162d-1206-4d57-8ac3-9b8c23cf9aa4
7900,3500,39.0,Piaggio MP3 500,01/2015,Gasoline,Automatic,Used,,/offers/piaggio-mp3-500-gasoline-black-20d605a7-ca69-3329-e053-0100007f506c
10500,17700,129.0,Kawasaki,07/2019,Gasoline,Manual,Used,Ninja 636 ZX-6R (2019),/offers/kawasaki-others-ninja-636-zx-6r-2019-gasoline-green-fcd4e058-b151-4110-95b5-42ee399ab3f8
16500,8700,125.0,BMW R 1200 GS Adventure,05/2018,Gasoline,,Used,,/offers/bmw-r-1200-gs-adventure-gasoline-blue-ff4cd2c2-f1ec-3777-e053-0100007f0e62
14500,6300,192.0,Honda CBR 1000,03/2018,Gasoline,,Used,Fireblade,/offers/honda-cbr-1000-fireblade-gasoline-grey-725fa1e5-cd64-4f02-9c41-4e34a7d2da80
18700,16638,160.0,BMW K 1600 GTL,03/2018,Gasoline,Semi-automatic,Used,,/offers/bmw-k-1600-gtl-gasoline-white-455de1c4-e29e-8153-e053-0100007f2eba
10300,13000,160.0,BMW S 1000 R,07/2016,Gasoline,Manual,Used,FULL OPTIONAL PERMUTE - FINANZIABILE,/offers/bmw-s-1000-r-full-optional-permute-finanziabile-gasoline-white-46bd8804-b6e4-47fe-a33c-93a5687b7ca1
9799,0,,CF Moto CForce 625,07/2021,Diesel,,Used,Touring Orange L7,/offers/cf-moto-cforce-625-touring-orange-l7-diesel-black-8800a92a-9d58-4fe8-b123-493fc193c9a4
10999,1,,Yamaha MT-09,01/2021,,,New,ABS,/offers/yamaha-mt-09-abs-blue-d94dbfd1-cbfa-45b0-a3c4-e12711fe9cba
14190,19955,175.0,Aprilia Tuono,01/2019,Gasoline,Manual,Used,V4 1100 Factory - 1.Hand - frischer KD,/offers/aprilia-tuono-v4-1100-factory-1-hand-frischer-kd-gasoline-black-19f585d6-e9a4-475d-8f4e-472628e7937d
799,500,1.0,Aeon Mini Kolt,09/2011,Two Stroke Gasoline,Automatic,Used,50,/offers/aeon-mini-kolt-50-two-stroke-gasoline-black-d9582543-2efc-4058-ae4e-b2992822853e
7200,20000,125.0,Honda CB 1000,03/2012,Gasoline,,Used,,/offers/honda-cb-1000-gasoline-gold-26cb2ec4-8baa-4e53-e053-0100007fbcbf
9500,9300,61.0,BMW R 1200 C Independent,01/2000,Gasoline,,Used,,/offers/bmw-r-1200-c-independent-gasoline-orange-f0992b76-4987-4789-a6eb-aa850d0de436
8500,17700,125.0,BMW R 1200 RS,01/2015,Gasoline,,Used,,/offers/bmw-r-1200-rs-gasoline-grey-af75c8c2-436c-6a44-e053-0100007f9c7a
900,45000,50.0,Piaggio Liberty 50,01/2011,Gasoline,,Used,,/offers/piaggio-liberty-50-gasoline-beige-9d503a13-040d-4e54-a640-1f729d7dc861
19490,1410,,Kawasaki,08/2019,Gasoline,,Used,,/offers/kawasaki-gasoline-75381a4d-5e28-469c-836e-af120659598d
19250,9850,73.0,Harley-Davidson Heritage,05/2017,Gasoline,Manual,Used,,/offers/harley-davidson-heritage-gasoline-gold-4483d5c6-0814-b238-e053-0100007ffe48
15950,4800,141.0,Triumph Tiger 1200,06/2019,Gasoline,Manual,Used,XCA,/offers/triumph-tiger-1200-xca-gasoline-grey-14991c07-301e-49b6-82fc-b36534b3e4aa
800,10000,4.0,Aprilia Sportcity 50,02/2011,Gasoline,,Used,,/offers/aprilia-sportcity-50-gasoline-black-0a87dc15-8118-4d3e-8e68-39cc8de6ccd3
11445,2500,105.0,BMW F 900 R,03/2021,Gasoline,Manual,Demonstration,Tieferlegung|A2|Aktiv|Tour.|Dynamik,/offers/bmw-f-900-r-tieferlegung-a2-aktiv-tour-dynamik-gasoline-black-0148eebe-772f-4d51-bde8-a955e2ee126e
27900,11500,92.0,Harley-Davidson Fat Boy,03/2016,Gasoline,,Used,"110er Scraeming Eagle, Jekyll&Hyde",/offers/harley-davidson-fat-boy-110er-scraeming-eagle-jekyll-hyde-gasoline-black-cd4d85ba-42b7-745a-e053-0100007f208c
11950,28345,82.0,Harley-Davidson Road King,06/2010,,Manual,Used,,/offers/harley-davidson-road-king-black-1732ba48-616e-4458-81a2-db474ab82658
14990,26082,82.0,Harley-Davidson,04/2010,Gasoline,Manual,Used,Road King Classic FLHRC,/offers/harley-davidson-others-road-king-classic-flhrc-gasoline-red-02b72d4e-c9c0-4766-bced-2711e31a9412
11390,3600,,Triumph,02/2017,Gasoline,,Used,BOBBER,/offers/triumph-bobber-gasoline-green-b0563f3b-dd74-46ff-82e0-565ee364148d
7500,17000,44.0,Honda Shadow 750,09/2018,Gasoline,,Used,,/offers/honda-shadow-750-gasoline-orange-9ef8f6c1-21a4-8f7c-e053-0100007f1894
11000,20100,125.0,BMW R 1200 R,05/2017,Gasoline,,Used,,/offers/bmw-r-1200-r-gasoline-grey-50de25c6-791e-be7e-e053-0100007f1e8b
7750,62200,105.0,BMW R 1200 GS,10/2009,Gasoline,,Used,,/offers/bmw-r-1200-gs-gasoline-white-b95896c0-43e4-7d21-e053-0100007f8b90
11800,22867,,Harley-Davidson Sportster 1200,01/2016,,,Used,XL1200T SUPERLOW,/offers/harley-davidson-sportster-1200-xl1200t-superlow-black-5f724eed-6cf5-4f68-b177-b4caebbdd510
7700,5500,58.0,Honda NC 750,10/2019,Gasoline,Automatic,Used,X ABS DCT,/offers/honda-nc-750-x-abs-dct-gasoline-red-451e82b7-f11e-46c2-b51b-4b20cf5b816a
8990,1300,,Yamaha,04/2014,Gasoline,,Used,,/offers/yamaha-gasoline-black-cae53527-9a27-4188-8a7f-770264d29d62
8500,54000,90.0,Yamaha MT-01,07/2005,Gasoline,,Used,,/offers/yamaha-mt-01-gasoline-blue-de588776-e73b-4b89-8076-d34817f8aedb
9300,16418,76.0,BMW F 750 GS,04/2019,Gasoline,Manual,Used,Abs,/offers/bmw-f-750-gs-abs-gasoline-03d65b84-592e-4a09-8591-2fe2246f81d4
17000,5,1156.0,Ducati 851,01/1990,Gasoline,,Used,,/offers/ducati-851-gasoline-red-8a7e93b9-6284-3152-e053-0100007f11f9
10490,11730,145.0,Honda CB 1000,01/2018,,,Used,R,/offers/honda-cb-1000-r-black-4e1d4876-9044-4a04-ad1b-8ed0e59ff98b
10960,57500,125.0,BMW R 1200 GS,03/2014,Gasoline,Manual,Used,,/offers/bmw-r-1200-gs-gasoline-black-dd1c926e-7134-4fea-a9d9-697d0af5f959
12400,36000,137.0,BMW R 1200 GS,04/2013,Gasoline,Manual,Used,,/offers/bmw-r-1200-gs-gasoline-grey-db1924aa-1a0a-161f-e053-0100007ff868
7450,7200,,Ducati Scrambler,02/2016,Gasoline,,Used,SPECIAL NIEUWSTAAT!!,/offers/ducati-scrambler-special-nieuwstaat-gasoline-yellow-cde8696f-13ac-483d-abaa-63fd77250994
42500,0,213.0,Ducati Panigale V4,- (First Registration),Gasoline,Manual,New,S 916 Anniversario limitiert 381/500,/offers/ducati-panigale-v4-s-916-anniversario-limitiert-381-500-gasoline-red-1a44e7e7-8ead-4b0a-9261-7c41e070628f
10690,99999,,Yamaha,01/2017,Gasoline,,Used,700 Raptor,/offers/yamaha-700-raptor-gasoline-2171dc99-1c8c-4bc6-8bd1-5e0a38ca4fe8
11190,12060,,KTM 1290 Super Duke GT,06/2018,Gasoline,Manual,Used,2018,/offers/ktm-1290-super-duke-gt-2018-gasoline-silver-c363f808-8f83-4e21-9a98-c5f016d1a827
20000,42140,50.0,Rewaco HS4,10/1999,Gasoline,Manual,Used,3 POSTI,/offers/rewaco-hs4-3-posti-gasoline-red-4957802f-7314-47b1-9756-8bb72a384363
650,7000,5.0,SYM Jet 4,05/2011,Two Stroke Gasoline,,Used,,/offers/sym-jet-4-two-stroke-gasoline-blue-b1a25c81-0933-432a-93b4-2672c8b1214c
18400,8146,160.0,BMW K 1600 GT,03/2017,Gasoline,Manual,Used,Top Ausstattung,/offers/bmw-k-1600-gt-top-ausstattung-gasoline-blue-c7f854c1-a735-4b73-9a0a-2ca0a241aae5
2950,3150,15.0,Piaggio Medley 125,05/2020,Gasoline,,Used,11KW,/offers/piaggio-medley-125-11kw-gasoline-4af4a269-1e0d-4ea4-b777-c0a62ac2844c
10500,12933,113.0,Ducati Multistrada 950,06/2018,Gasoline,,Used,star white silk,/offers/ducati-multistrada-950-star-white-silk-gasoline-white-fbb60279-b7d3-460c-91f0-03b81390a9db
7499,10847,,Honda CB 650,01/2018,,,Used,F ABS,/offers/honda-cb-650-f-abs-red-8b67c341-21dd-4f5a-8564-b8ddee8881c7
2250,900,10.0,Others,03/2017,Gasoline,Manual,Used,Orcal Astor 125 ccm: Yamaha Motor,/offers/others-others-orcal-astor-125-ccm-yamaha-motor-gasoline-black-c27b49c2-1b94-ad3f-e053-0100007f2001
10900,25440,67.0,Honda CB 750 four,07/1973,Gasoline,Manual,Used,K2 Seltenheit,/offers/honda-cb-750-four-k2-seltenheit-gasoline-green-438022c6-33bc-1c33-e053-0100007f1822
8000,3000,48.0,Moto Guzzi V 7,07/2016,Gasoline,,Used,Racer,/offers/moto-guzzi-v-7-racer-gasoline-grey-9f7407c5-91bf-b52e-e053-0100007f1037
8000,6500,48.0,Honda X-ADV,10/2017,Gasoline,,Used,Se vende moto Honda x-adv 750cc Ãºnico propietario,/offers/honda-x-adv-se-vende-moto-honda-x-adv-750cc-unico-propietario-gasoline-white-73da8e26-cfff-47fb-94fe-09909ed11048
9500,12000,75.0,Ducati Scrambler,06/2016,Gasoline,Manual,Used,Icon,/offers/ducati-scrambler-icon-gasoline-red-00dda3bf-056f-f44c-e053-0100007f5531
3890,17405,64.0,Kawasaki Versys 650,03/2010,Gasoline,Manual,Used,,/offers/kawasaki-versys-650-gasoline-black-fb33b0a3-6dfa-4569-9f13-dfa9ab58faf7
10500,20000,64.0,Harley-Davidson Softail,04/2002,Gasoline,,Used,,/offers/harley-davidson-softail-gasoline-grey-537269bc-b3ec-2210-e053-0100007f8474
1800,13000,48.0,Honda CBX 500,04/2018,Gasoline,,Used,,/offers/honda-cbx-500-gasoline-grey-c456b4c4-697b-b858-e053-0100007fd24f
8700,29800,91.0,Harley-Davidson Sportster 1200,03/2011,Gasoline,,Used,,/offers/harley-davidson-sportster-1200-gasoline-black-413bfac5-c5dc-8f02-e053-0100007fcb98
6490,8500,69.0,Suzuki,04/2016,Gasoline,Manual,Used,DL650 V-Strom,/offers/suzuki-others-dl650-v-strom-gasoline-red-af573f3f-92dd-4083-8b41-ccbb069dc1c8
9000,21383,125.0,BMW R 1200 RS,02/2017,Gasoline,,Used,,/offers/bmw-r-1200-rs-gasoline-white-ef4fb4c6-a470-8d5d-e053-0100007f25d3
9000,8296,86.0,BMW F 800 GS Adventure,03/2018,Gasoline,,Used,,/offers/bmw-f-800-gs-adventure-gasoline-red-319080b9-d5b2-206e-e053-0100007f13be
27990,6700,,Honda GL 1800,05/2020,Gasoline,,Used,GOLDWING,/offers/honda-gl-1800-goldwing-gasoline-black-d9bedcd3-4c23-46c2-bc62-62e015a85fef
1900,6500,11.0,Honda CB 125,05/2017,Gasoline,,Used,F,/offers/honda-cb-125-f-gasoline-black-1af01bbc-49f8-8346-e053-0100007fcf1d
34385,2464,,Harley-Davidson Street Glide,01/2021,,,Used,FLHXS Spec. 114,/offers/harley-davidson-street-glide-flhxs-spec-114-red-9f0b9891-a029-410f-9988-d5a998c9de53
12500,26350,193.0,BMW S 1000 RR,03/2014,Gasoline,Manual,Used,,/offers/bmw-s-1000-rr-gasoline-black-797d53c3-5d6e-983d-e053-0100007f83b8
10990,11200,97.0,Triumph Tiger 800,02/2019,Gasoline,Manual,Used,TIGER 800 XRT,/offers/triumph-tiger-800-tiger-800-xrt-gasoline-grey-8c66a404-ece4-4650-8c20-a1d31cbaa710
21990,24500,71.0,Harley-Davidson Heritage,07/2007,Gasoline,Manual,Used,FLSTC Chicano Cholo Mexican Style,/offers/harley-davidson-heritage-flstc-chicano-cholo-mexican-style-gasoline-red-e75841c1-3f87-fb22-e053-0100007fa9e1
9500,10500,114.0,MV Agusta Stradale 800,10/2016,Gasoline,,Used,,/offers/mv-agusta-stradale-800-gasoline-bronze-62e9e4f7-1be9-487d-b0de-cf6d09260607
15990,19862,192.0,Honda Fireblade,06/2017,Gasoline,Manual,Used,CBR1000RR SP 25TH ANNIVER,/offers/honda-fireblade-cbr1000rr-sp-25th-anniver-gasoline-red-ccc02b35-66e0-475c-ae0e-035672d3f745
6500,5300,34.0,BMW C 400 X,04/2019,Gasoline,,Used,,/offers/bmw-c-400-x-gasoline-blue-9d6f57c5-2693-0d3b-e053-0100007fef26
13890,39500,125.0,BMW R 1200 GS,05/2015,,Manual,Used,ABS,/offers/bmw-r-1200-gs-abs-red-169b31b7-cfe5-4c3c-a904-4e456f109584
9999,11707,,Suzuki Hayabusa,01/2012,Gasoline,,Used,1300,/offers/suzuki-hayabusa-1300-gasoline-white-29d7c316-1e3c-45fd-a47b-1be8aa0a084a
2500,780,5.0,Peugeot Citystar,07/2019,Gasoline,,Used,RS,/offers/peugeot-citystar-rs-gasoline-silver-04b24b29-39ff-4d40-8b2b-d138dbb55f95
8500,13080,91.0,Harley-Davidson Sportster XR 1200,04/2009,Gasoline,,Used,Custom made,/offers/harley-davidson-sportster-xr-1200-custom-made-gasoline-grey-3c7f2bc0-8b46-2c69-e053-0100007f739f
11950,3500,,Triumph Bonneville T120,07/2016,Gasoline,,Used,ABS BLACK EDITION!,/offers/triumph-bonneville-t120-abs-black-edition-gasoline-black-4b5575b8-34a5-42fd-9b14-bd60e04b91ff
6999,19600,116.0,Yamaha MT-09,08/2014,Gasoline,Manual,Used,"ABS ""wenig km, 1. Hand, KD neu, Top""",/offers/yamaha-mt-09-abs-wenig-km-1-hand-kd-neu-top-gasoline-orange-ba615b5f-0b3e-4746-93e9-f079d13f3c83
17500,43500,84.0,Harley-Davidson Electra Glide,07/2011,Gasoline,Manual,Used,,/offers/harley-davidson-electra-glide-gasoline-silver-2636f9c2-2365-a930-e053-0100007f4172
7950,41381,105.0,BMW R 1200 GS,06/2009,Gasoline,,Used,,/offers/bmw-r-1200-gs-gasoline-silver-90ed73c6-7b4a-6115-e053-0100007fdef3
2500,12000,29.0,Kymco Downtown 350i,08/2016,Gasoline,,Used,,/offers/kymco-downtown-350i-gasoline-grey-98d79abd-610c-9d60-e053-0100007fdd45
8200,39000,175.0,BMW K 1300,03/2011,Gasoline,,Used,,/offers/bmw-k-1300-gasoline-blue-5119b0bf-fbfc-e96b-e053-0100007ff1eb
20000,44000,68.0,Harley-Davidson,05/2009,Gasoline,,Used,FLHTCUSE4 SCREANINEAGLE,/offers/harley-davidson-others-flhtcuse4-screanineagle-gasoline-orange-15fbd604-4382-46fd-857f-f535848f879e
9500,6830,131.0,Kawasaki Ninja ZX-6R,03/2014,Gasoline,,Used,,/offers/kawasaki-ninja-zx-6r-gasoline-black-aa3398c5-b605-a43d-e053-0100007f8f6c
8530,8424,90.0,BMW F 800 R,02/2019,Gasoline,Manual,Used,,/offers/bmw-f-800-r-gasoline-black-5c21fa49-3c88-4881-a9e2-94729bd06d89
17500,2,46.0,Triumph Bonneville T120,01/1970,Gasoline,Manual,Used,R,/offers/triumph-bonneville-t120-r-gasoline-red-bbcda43f-0dbb-4fba-a8c4-28dead6857ce
10990,32500,129.0,Honda VFR,02/2017,Gasoline,Manual,Used,VFR 1200 X Crosstourer ABS,/offers/honda-vfr-vfr-1200-x-crosstourer-abs-gasoline-red-902f7a56-cf84-4820-906a-8e9aa8ede7ce
12800,2000,,BMW R nineT,01/2021,Gasoline,,Used,,/offers/bmw-r-ninet-gasoline-grey-99751b34-7e16-4666-b996-91c10dc16854
2000,55000,34.0,Yamaha Majesty 400,01/2012,Gasoline,,Used,,/offers/yamaha-majesty-400-gasoline-black-3a8db5c4-334b-ef4c-e053-0100007fe2e2
9000,13200,185.0,EBR 1190RX,01/2016,Gasoline,,Used,,/offers/ebr-1190rx-gasoline-red-4ab271c1-32a6-7f29-e053-0100007f1414
1900,43500,,Yamaha X-City 250,06/2012,Gasoline,,Used,,/offers/yamaha-x-city-250-gasoline-grey-e816dc06-b34f-44a4-893a-681a3d183292
2700,39213,11.0,Yamaha,05/2015,Gasoline,Manual,Used,Tricity 125,/offers/yamaha-others-tricity-125-gasoline-939b0084-07ed-4425-a731-d589973a5269
19490,14675,136.0,BMW R 1250 GS,06/2020,Gasoline,Semi-automatic,Used,R 1250 GS Exclusive Full Optional tris borse vario,/offers/bmw-r-1250-gs-r-1250-gs-exclusive-full-optional-tris-borse-vario-gasoline-black-0a764099-c1d8-4e42-969d-132a1e2596c2
12799,0,,Yamaha,01/2021,,,New,TRACER 9,/offers/yamaha-others-tracer-9-red-fc195b0f-1996-4952-b318-62190a5af813
1590,24000,10.0,Keeway Cityblade,12/2016,Gasoline,Automatic,Used,,/offers/keeway-cityblade-gasoline-blue-a21ecfc0-caa2-bc24-e053-0100007f27ff
14945,25600,,KTM 1290 Super Adventure,07/2018,Gasoline,,Used,S,/offers/ktm-1290-super-adventure-s-gasoline-orange-c962af2c-6723-461c-bdfc-b493764b0c3a
16500,3800,48.0,Ducati Hypermotard 950,01/2020,Gasoline,,Used,SP - Full option!,/offers/ducati-hypermotard-950-sp-full-option-gasoline-gold-5495e002-8491-4ccb-a20b-aa1cc143397e
6000,67000,69.0,Suzuki V-Strom 650,06/2016,Gasoline,,Used,,/offers/suzuki-v-strom-650-gasoline-grey-5528f4c6-5d5d-0c1c-e053-0100007f299f
10200,27049,173.0,KTM 1290 Super Duke R,08/2015,Gasoline,,Used,,/offers/ktm-1290-super-duke-r-gasoline-orange-8f4d88c6-d8b2-0b42-e053-0100007f06ef
10550,50,97.0,Aprilia Tuono,04/2021,Gasoline,,Used,660,/offers/aprilia-tuono-660-gasoline-a9a0c5d3-af5c-4e65-ab92-993491167e60
11900,4400,58.0,Harley-Davidson Sportster 1200,09/2019,Gasoline,,Used,,/offers/harley-davidson-sportster-1200-gasoline-black-6e8100c2-b93c-ef1b-e053-0100007ff0bd
2600,6040,12.0,Honda PCX 125,03/2015,Gasoline,,Used,,/offers/honda-pcx-125-gasoline-white-b24e042d-ac1b-4665-a795-b0edad46dfa3
14190,2249,165.0,BMW S 1000 XR,06/2020,Gasoline,Manual,Used,Lieferung Deutschland weit,/offers/bmw-s-1000-xr-lieferung-deutschland-weit-gasoline-red-3fdffcf3-5499-4d2f-a6e5-19f850d99d5d
10100,30000,56.0,Harley-Davidson Custom Bike,07/1981,Gasoline,,Used,,/offers/harley-davidson-custom-bike-gasoline-black-730b09c5-f303-ef4a-e053-0100007f94f9
6100,16969,34.0,BMW C 400 X,08/2019,Gasoline,,Used,paquete confort,/offers/bmw-c-400-x-paquete-confort-gasoline-white-46594ee6-777c-43af-80c4-29264bc8ef96
750,23109,4.0,Derbi Boulevard 25/50,10/2012,Two Stroke Gasoline,Automatic,Used,Derbi Boulevard 50 2T Aus 1.Hand EZ 2012,/offers/derbi-boulevard-25-50-derbi-boulevard-50-2t-aus-1-hand-ez-2012-two-stroke-gasoline-red-85d7234f-f50d-4b3b-b323-a531232d6e63
8950,29000,,Yamaha FJR 1300,01/2012,Gasoline,,Used,ABS,/offers/yamaha-fjr-1300-abs-gasoline-black-4de9fc23-928a-4331-abb4-a4cffb9bbfe9
7000,37000,5.0,Lambretta Li,07/1963,Others,,Used,III Serie,/offers/lambretta-li-iii-serie-others-beige-f99966e6-6740-49ae-99ac-6cfd3aa05d7e
11989,15500,68.0,Harley-Davidson Sportster,03/2015,Gasoline,Manual,Used,XL 1200 CB CUSTOM LIMITED B - 1. Hd,/offers/harley-davidson-sportster-xl-1200-cb-custom-limited-b-1-hd-gasoline-black-92206a07-bc81-40dc-b591-15fba39fd54e
20000,14000,73.0,Indian Springfield,05/2016,Gasoline,,Used,,/offers/indian-springfield-gasoline-red-6db391b9-2cda-d01f-e053-0100007fc5a1
7000,28000,103.0,Buell XB 12,02/2004,Gasoline,,Used,R series,/offers/buell-xb-12-r-series-gasoline-black-49ffe3e0-f285-4ba2-a42e-d92b6e279ccb
21100,1506,,KTM,01/2021,,,Used,1290 SUPERDUKE R,/offers/ktm-others-1290-superduke-r-af958eea-52dc-4a29-ae67-b9c5dfe56979
6200,2200,33.0,Yamaha X-Max 400,09/2019,Gasoline,,Used,ABS,/offers/yamaha-x-max-400-abs-gasoline-blue-2ffca068-2bef-4b23-9fb0-bf18035af081
14900,11486,,Aprilia RSV4,11/2019,Gasoline,,Used,1000 RR,/offers/aprilia-rsv4-1000-rr-gasoline-black-5e160ed3-25e7-4d57-bda5-973bd04cf96a
31900,100,126.0,Honda GL 1800,04/2020,Gasoline,Manual,Used,GL1800 Gold Wing DCT ABS,/offers/honda-gl-1800-gl1800-gold-wing-dct-abs-gasoline-red-a91c1bd1-3bcd-495e-8613-ae6d1771170c
850,14000,8.0,Kymco Agility 125,01/2013,Gasoline,Automatic,Used,casque et cadenas offert avec.,/offers/kymco-agility-125-casque-et-cadenas-offert-avec-gasoline-black-739f38da-0c22-4605-b5df-054cb4b95b40
12500,9600,76.0,Harley-Davidson Dyna Low Rider,11/2015,Gasoline,,Used,ABS,/offers/harley-davidson-dyna-low-rider-abs-gasoline-blue-af61b4da-9dd8-450a-9dad-7a5a06909e85
13699,0,,Can Am Outlander,07/2021,Diesel,,Used,DPS T 1000,/offers/can-am-outlander-dps-t-1000-diesel-black-1b86e365-772f-4f87-8379-2e30ffa17259
1600,45000,22.0,Piaggio Beverly 300,05/2014,Gasoline,,Used,,/offers/piaggio-beverly-300-gasoline-black-57d91fbd-4ecf-9d1f-e053-0100007f18c5
7000,8250,125.0,Kawasaki Z 900,08/2018,Gasoline,,Used,,/offers/kawasaki-z-900-gasoline-black-5e927dc3-1664-8d1f-e053-0100007f32ca
10250,32900,165.0,BMW S 1000 XR,08/2017,Gasoline,Manual,Used,,/offers/bmw-s-1000-xr-gasoline-grey-4043a9ba-7b4b-7e70-e053-0100007fcbc3
15000,16000,169.0,MV Agusta F3,05/2018,Gasoline,Semi-automatic,Used,,/offers/mv-agusta-f3-gasoline-red-4e9527c4-8cfa-b921-e053-0100007fd35d
20000,4390,135.0,BMW R 1250 GS,10/2019,Gasoline,Manual,Used,,/offers/bmw-r-1250-gs-gasoline-bronze-797e10bb-2e44-8d46-e053-0100007f01ed
7000,7700,110.0,MV Agusta Brutale 675,05/2015,Gasoline,Semi-automatic,Used,,/offers/mv-agusta-brutale-675-gasoline-red-ae88cb7b-6628-6a6f-e053-e350040a264f
8500,8000,105.0,Husqvarna Nuda 900,04/2012,Gasoline,,Used,,/offers/husqvarna-nuda-900-gasoline-red-c41e11c2-c3aa-896a-e053-0100007ffacd
6590,10896,,Yamaha MT-10,07/2016,Gasoline,,Used,,/offers/yamaha-mt-10-gasoline-grey-5896221c-521b-4811-8dce-87369d6e546a
6400,6500,54.0,Honda NC 750,07/2019,Gasoline,,Used,,/offers/honda-nc-750-gasoline-black-09ceb6bf-cc8e-036b-e053-0100007f1fe6
1150,18000,3.0,Derbi X-Treme,01/2013,Two Stroke Gasoline,,Used,,/offers/derbi-x-treme-two-stroke-gasoline-red-d8401fba-8ed5-4b70-e053-0100007f00db
31900,4900,120.0,Harley-Davidson Custom Bike,05/2011,Gasoline,Manual,Used,Harley Davidson Cross Bone komplett Umbau Custom,/offers/harley-davidson-custom-bike-harley-davidson-cross-bone-komplett-umbau-custom-gasoline-black-7e6a229e-fe3a-48e7-9564-06e1768c501e
9000,4000,86.0,BMW F 800 GS,03/2017,Gasoline,Manual,Used,,/offers/bmw-f-800-gs-gasoline-black-7575b6b9-6ee7-226b-e053-0100007f17b1
11900,31199,,BMW R nineT,06/2018,Gasoline,,Used,,/offers/bmw-r-ninet-gasoline-black-04074184-238c-41be-b77d-0b6208442000
9490,20217,,Honda Crosstourer,01/2013,,,Used,VFR1200 X,/offers/honda-crosstourer-vfr1200-x-black-ab92bb9b-2170-4a8a-a989-5a9926e00b3a
7000,6000,60.0,BMW C 650 GT,06/2016,Gasoline,,Used,,/offers/bmw-c-650-gt-gasoline-bronze-1bb9d2c0-4f60-787c-e053-0100007f7820
5900,4450,8.0,Moto Guzzi Galletto,07/1960,Gasoline,,Used,- Ein klassischer Motorroller!,/offers/moto-guzzi-galletto-ein-klassischer-motorroller-gasoline-beige-34a909fb-3975-4df3-8d63-85f86444a51e
18490,2300,67.0,Harley-Davidson Sportster Forty Eight,10/2016,Gasoline,,Used,Bobber custom unique,/offers/harley-davidson-sportster-forty-eight-bobber-custom-unique-gasoline-white-919915bb-16b9-41b8-ae88-a8dc4630db02
14990,9200,77.0,Harley-Davidson Dyna Fat Bob,08/2009,Gasoline,Manual,Used,,/offers/harley-davidson-dyna-fat-bob-gasoline-black-5c4b23b6-faf1-a55b-e053-0100007fb908
2600,20,,Niu,08/2019,Electric,Manual,Demonstration,MQi+ Sport Neu - sofort - bis 45km h,/offers/niu-mqi-sport-neu-sofort-bis-45km-h-electric-white-ac072464-a8fb-4670-a70e-1971ba69e7b8
9000,9100,69.0,KTM 790 Adventure,03/2019,Gasoline,,Used,,/offers/ktm-790-adventure-gasoline-white-cc139801-644d-4e19-8658-1b2ec2e8c3d8
13398,0,,Honda,01/2021,,,New,Forza 750,/offers/honda-others-forza-750-silver-6c661395-2744-4a4b-80af-259248e95443
6950,14000,,Honda CBR 600,01/2009,Gasoline,,Used,rr abs,/offers/honda-cbr-600-rr-abs-gasoline-red-5ad1931c-31a2-4e6f-944b-24f55e78438c
11500,38000,73.0,Harley-Davidson Softail,05/2009,Gasoline,,Used,,/offers/harley-davidson-softail-gasoline-black-712232c4-f98b-7e12-e053-0100007f31f6
8500,30000,110.0,BMW R 1200 R,05/2012,Gasoline,,Used,,/offers/bmw-r-1200-r-gasoline-grey-4b8516c6-f58d-b12e-e053-0100007f1d38
21000,6880,71.0,Indian Roadmaster,07/2019,Gasoline,,Used,,/offers/indian-roadmaster-gasoline-black-99e374c6-bcee-1670-e053-0100007f085f
9950,15000,148.0,Ducati Streetfighter,07/2009,Gasoline,Manual,Used,S Carbon 1.Hand,/offers/ducati-streetfighter-s-carbon-1-hand-gasoline-black-96ce47a5-0e76-4814-b8f9-f559b5abc622
8000,1907,61.0,Triumph Speedmaster,05/2010,Gasoline,,Used,,/offers/triumph-speedmaster-gasoline-black-05b46265-ca23-d30f-e053-e350040a59c4
7000,22000,18.0,Horex Regina,05/1952,Gasoline,,Used,,/offers/horex-regina-gasoline-silver-3ba769c3-a6bd-4e1e-e053-0100007f7fed
11500,11700,53.0,Harley-Davidson Sportster 883,10/2012,Gasoline,,Used,one of one custom,/offers/harley-davidson-sportster-883-one-of-one-custom-gasoline-red-ad3edfc4-41e5-8806-e053-0100007fd544
1499,4796,,Others,06/2018,Electric,Automatic,Used,Niu Snorscooter M1 Pro VOLLEDIG ELEKTRISCH MET TOP,/offers/others-others-niu-snorscooter-m1-pro-volledig-elektrisch-met-top-electric-black-81565a1b-7063-4833-8ac1-87d367b84283
8500,1432,60.0,BMW C 650 GT,05/2020,Gasoline,,Used,,/offers/bmw-c-650-gt-gasoline-blue-49ae42c4-bdd0-b733-e053-0100007f7b70
6850,3600,54.0,Honda NC 750,05/2018,Gasoline,,Used,NC 750 X - DCT,/offers/honda-nc-750-nc-750-x-dct-gasoline-white-8b5d375f-ab7e-49e4-8c74-e0d34651deda
9399,10,114.0,Suzuki GSX-S 750,12/2020,Gasoline,Manual,Pre-registered,GSX-S 750Z Tageszulassung,/offers/suzuki-gsx-s-750-gsx-s-750z-tageszulassung-gasoline-white-a1cc5ded-9105-4f2d-9dfa-257886c1e918
18000,42000,90.0,Harley-Davidson Road King,06/2012,Gasoline,,Used,,/offers/harley-davidson-road-king-gasoline-bronze-b89c25be-391e-3873-e053-0100007f41e0
300,15672,61.0,Explorer Race 50,08/2010,Gasoline,Automatic,Used,,/offers/explorer-race-50-gasoline-red-d17743e2-2cfe-40e8-a587-f79f47fa87a1
28395,0,,Aprilia RSV4,01/2021,,,New,1100 FACTORY,/offers/aprilia-rsv4-1100-factory-black-9296818b-db76-4fec-bdbe-5c78a42fc67e
9790,26450,110.0,BMW R 1200 R,03/2013,Gasoline,Manual,Used,,/offers/bmw-r-1200-r-gasoline-blue-359922d6-6859-4007-8895-62683daddcc1
7500,21000,60.0,BMW C 650 GT,01/2016,Gasoline,,Used,0,/offers/bmw-c-650-gt-0-gasoline-brown-8482ffe1-6b32-4451-bcc8-85cbec6a2b3e
6299,950,50.0,Kawasaki KVF 750,08/2015,Gasoline,,Used,,/offers/kawasaki-kvf-750-gasoline-black-351940c0-e7ae-5a2a-e053-0100007fa611
8500,17643,91.0,Moto Guzzi V 11,07/2006,Gasoline,,Used,,/offers/moto-guzzi-v-11-gasoline-red-d1bfb1c2-016e-d22b-e053-0100007fefd5
13500,16000,76.0,Harley-Davidson Heritage Softail,01/2004,Gasoline,,Used,,/offers/harley-davidson-heritage-softail-gasoline-black-c743dc99-ca5d-4625-9c40-bdb86e8d55bf
8299,206,,Benelli,01/2021,,,New,TRK 502 X,/offers/benelli-others-trk-502-x-blue-bbd19b6f-ab48-4adf-9732-eaf5ef945b63
14700,12200,152.0,Ducati Multistrada 1200,02/2018,Gasoline,,Used,,/offers/ducati-multistrada-1200-gasoline-red-4c2d85bd-72eb-e518-e053-0100007fde4c
9300,11000,54.0,Honda Integra,10/2019,Gasoline,Automatic,Used,,/offers/honda-integra-gasoline-black-b0bb92bd-5f8c-fe42-e053-0100007fc3c1
31950,2,207.0,BMW S 1000 RR,01/2021,Gasoline,Manual,New,M pakket en Carbon pakket full option,/offers/bmw-s-1000-rr-m-pakket-en-carbon-pakket-full-option-gasoline-white-5c232966-4fe0-4ab9-a1ba-55bdc9507fc5
12500,26329,144.0,Triumph Rocket III Touring,09/2009,Gasoline,,Used,1e eigenaar.,/offers/triumph-rocket-iii-touring-1e-eigenaar-gasoline-black-809c5772-d9fe-48ce-8082-d46598fde1ef
7995,32323,,KTM 990 Super Duke,01/2009,Gasoline,,Used,,/offers/ktm-990-super-duke-gasoline-black-e4d75d33-ff46-43ef-bfef-43ee02d89dab
7500,65000,101.0,BMW R 1200 GS,03/2009,Gasoline,,Used,,/offers/bmw-r-1200-gs-gasoline-grey-1e5580b9-018e-3356-e053-0100007ff8cc
14290,6094,95.0,Honda CRF 1000,01/2019,,,Used,AFRICA TWIN,/offers/honda-crf-1000-africa-twin-black-70f8223f-101d-42b9-a079-8d72bdb196f7
2700,10700,3.0,Derbi Senda,08/2019,Two Stroke Gasoline,,Used,,/offers/derbi-senda-two-stroke-gasoline-black-674fcac3-80cb-da0f-e053-0100007fdab6
12500,11800,110.0,BMW R nineT,06/2017,Gasoline,,Used,,/offers/bmw-r-ninet-gasoline-black-2d933abf-f9d1-3315-e053-0100007f8bef
7000,200,45.0,KTM 300 EXC,03/2016,Two Stroke Gasoline,,Used,motard,/offers/ktm-300-exc-motard-two-stroke-gasoline-white-fb2f4b88-21bf-4840-adda-21fa6f96c58f
12500,2000,101.0,Arctic Cat 1000,07/2014,Gasoline,,Used,,/offers/arctic-cat-1000-gasoline-orange-d6cde3bb-a87d-3e7b-e053-0100007f7260
9000,17000,181.0,Yamaha YZF-R1,03/2009,Gasoline,,Used,fiat edition,/offers/yamaha-yzf-r1-fiat-edition-gasoline-blue-336b6296-7b72-47ff-8ec4-62375530b52b
9700,65000,110.0,BMW R 1200 GS,09/2010,Gasoline,,Used,,/offers/bmw-r-1200-gs-gasoline-white-2fd307c7-7368-827f-e053-0100007f31be
7960,2500,54.0,Kymco AK 550,04/2019,Gasoline,Automatic,Used,,/offers/kymco-ak-550-gasoline-blue-b7486fa3-5a0e-4ee7-a440-5233c88a7b21
7250,2800,68.0,Kawasaki Ninja 650,07/2020,Gasoline,,Used,,/offers/kawasaki-ninja-650-gasoline-black-37b072c3-4e22-2f03-e053-0100007fecb0
11950,40,,Others,01/2020,Gasoline,Automatic,Used,Quadro Quadro4 Qooder MOTORRIJDEN MET B-RIJBEWIJS,/offers/others-others-quadro-quadro4-qooder-motorrijden-met-b-rijbewijs-gasoline-blue-cd5a501f-7184-4fc5-87de-70d05c20130a
10350,7000,107.0,Suzuki V-Strom 1050,03/2020,Gasoline,Manual,Used,XT DL1050 tieferlegung/aufgepolstert,/offers/suzuki-v-strom-1050-xt-dl1050-tieferlegung-aufgepolstert-gasoline-black-646effac-afe1-4f4f-babd-08b190ac0b8d
12390,15235,,Kawasaki Z 1000,03/2017,Gasoline,,Used,1000R,/offers/kawasaki-z-1000-1000r-gasoline-black-6b25ac1f-212c-4234-a0fd-66d3eda3ca9a
13500,12950,129.0,BMW F 850 GS,07/2019,Gasoline,,Used,ADVENTURE LA MAS EQUIPADA,/offers/bmw-f-850-gs-adventure-la-mas-equipada-gasoline-grey-dfd451bc-0e21-1002-e053-0100007f7e9a
14200,19600,158.0,Ducati Multistrada 1260,12/2017,Gasoline,,Used,1260 S Touring,/offers/ducati-multistrada-1260-1260-s-touring-gasoline-red-abda840b-f743-476c-8ddd-0c3ceb0e5264
13490,27247,125.0,BMW R 1200 GS,03/2014,Gasoline,Manual,Used,,/offers/bmw-r-1200-gs-gasoline-red-adf132dc-b89f-499f-882e-58e467222c3a
12490,17000,68.0,Harley-Davidson FXD,07/2003,Gasoline,Manual,Used,"Dyna Super Glide *100Jahre, Vergaser*",/offers/harley-davidson-fxd-dyna-super-glide-100jahre-vergaser-gasoline-black-d4e86547-9097-4525-a36d-16331dd6d4ec
19990,50,,Ducati Diavel,06/2021,Gasoline,Manual,Used,,/offers/ducati-diavel-gasoline-grey-96234fe8-9278-486a-af28-8cdf300b442e
11490,179,,Yamaha,11/2020,Gasoline,,Used,,/offers/yamaha-gasoline-3ba650ad-66ce-4d4b-a834-24a6a85376a7
7658,0,48.0,Honda CMX 500,01/2021,,,New,Rebel,/offers/honda-cmx-500-rebel-blue-28672bd9-e7be-48de-a9d4-17161e647e53
9260,24500,160.0,Yamaha MT-10,03/2018,Gasoline,Manual,Used,,/offers/yamaha-mt-10-gasoline-black-ece838c6-8d48-de21-e053-0100007f25c8
19990,0,,KTM,01/2020,,,New,1290 SUPERDUKE GT,/offers/ktm-others-1290-superduke-gt-be1284f4-7ec6-4fb5-b48c-664c2293f7f4
2100,13000,12.0,Yamaha NMAX,03/2016,Gasoline,,Used,125er,/offers/yamaha-nmax-125er-gasoline-white-79169b83-de7a-4875-ae42-af91ed713f7b
1200,11500,11.0,MBK Flame X,05/2009,Gasoline,,Used,,/offers/mbk-flame-x-gasoline-black-db2d8573-df7c-41ce-a37e-966a7e70a99e
6900,24650,109.0,Ducati Monster 821,04/2017,Gasoline,,Used,,/offers/ducati-monster-821-gasoline-red-fb5701c6-f16d-182d-e053-0100007f8a92
2999,850,27.0,Mash CafÃ© Racer,02/2021,Gasoline,Manual,Used,TT 40,/offers/mash-cafe-racer-tt-40-gasoline-silver-0c11fadf-a508-4012-8b43-98b882c41016
7099,0,,Yamaha X-Max 300,01/2021,,,New,ABS,/offers/yamaha-x-max-300-abs-grey-206ebb9d-8fb9-4a38-a61e-8171636c3458
10400,10000,162.0,Ducati Diavel,09/2013,Gasoline,,Used,,/offers/ducati-diavel-gasoline-red-42efffbf-fad7-c149-e053-0100007fb48e
1750,4500,30.0,Kymco Agility 50,06/2021,Gasoline,Automatic,Used,,/offers/kymco-agility-50-gasoline-silver-ca08d810-ef32-4eab-abff-0fc1dc927b57
27998,19998,98.0,Harley-Davidson,12/2014,Gasoline,Manual,Used,CVO STREET GLIDE 110 FLHXSE - Kess-Tech!,/offers/harley-davidson-others-cvo-street-glide-110-flhxse-kess-tech-gasoline-silver-61f84fd0-2184-4cea-8b76-9f6e1b950234
1100,12000,11.0,Kymco Agility 200,10/2016,Gasoline,,Used,,/offers/kymco-agility-200-gasoline-grey-7bd113c0-5475-7c5e-e053-0100007f1c12
2900,30000,114.0,Aprilia RST 1000,02/2002,Gasoline,Manual,Used,,/offers/aprilia-rst-1000-gasoline-silver-8b7fd6c6-8b1b-6f19-e053-0100007f1a8e
14500,30000,84.0,Harley-Davidson Road King,08/2011,Gasoline,Manual,Used,,/offers/harley-davidson-road-king-gasoline-black-b5b838bf-ea58-665f-e053-0100007fbfc7
30000,1,133.0,Kawasaki,01/1976,Gasoline,,Antique / Classic,,/offers/kawasaki-others-gasoline-green-094c73c2-358d-3d05-e053-0100007fcc4c
6000,7900,48.0,Yamaha XTZ 660,11/2011,Gasoline,Manual,Used,,/offers/yamaha-xtz-660-gasoline-black-2701cbbf-070d-8f19-e053-0100007f1c92
2100,526,15.0,Keeway,09/2019,Gasoline,Manual,Used,RKR 125,/offers/keeway-others-rkr-125-gasoline-black-5f97d8c2-b08c-1264-e053-0100007f8291
1550,18500,12.0,Yamaha NMAX,05/2017,Gasoline,,Used,,/offers/yamaha-nmax-gasoline-black-bce53a86-f854-4b58-ba97-a5849250792d
9500,21000,110.0,BMW R 1200 RT,03/2012,Gasoline,Manual,Used,,/offers/bmw-r-1200-rt-gasoline-grey-9843470d-13b3-4f90-9679-bf75602cbaec
7450,5616,54.0,Honda NC 750,06/2019,Gasoline,Manual,Used,X DCT ABS,/offers/honda-nc-750-x-dct-abs-gasoline-bd379a4b-bdfe-4b39-b43e-8209b72a4f52
16790,23150,75.0,Indian Chieftain,04/2015,Gasoline,,Used,,/offers/indian-chieftain-gasoline-black-208d2fc4-7399-ac1d-e053-0100007f3353
12000,15000,150.0,Ducati 959 Panigale,02/2017,Gasoline,,Used,,/offers/ducati-959-panigale-gasoline-red-7d7745c0-2c7b-b52b-e053-0100007f0373
1990,16400,,Yamaha Majesty 125,05/2009,Gasoline,,Used,,/offers/yamaha-majesty-125-gasoline-black-2de56aeb-7e7d-4d76-b659-4c0269de61bc
28999,0,,Yamaha YZF-R1,01/2020,,,New,R1M,/offers/yamaha-yzf-r1-r1m-black-d2d95a48-d167-43fa-9004-7bf19b00a99c
9999,0,71.0,Suzuki V-Strom 650,01/2021,,,New,XTA,/offers/suzuki-v-strom-650-xta-grey-2976e748-7d76-4923-a6b1-86eb84c86470
8590,46604,,Triumph Tiger 800,11/2016,Gasoline,,Used,,/offers/triumph-tiger-800-gasoline-white-7970bf28-7be7-4723-a101-2b10d9b54062
7790,34755,,Yamaha Tracer 900,03/2015,Gasoline,,Used,,/offers/yamaha-tracer-900-gasoline-grey-1edf4376-bda8-44d4-a506-75ff4952f46e
5990,64500,144.0,Yamaha FJR 1300,05/2006,Gasoline,Manual,Used,RP11 | ABS | TOP | Inspektion neu,/offers/yamaha-fjr-1300-rp11-abs-top-inspektion-neu-gasoline-blue-1c321b9b-c740-432c-9290-d88387a82042
200,25,3.0,Peugeot,01/2003,Others,,Used,Peugeot et sim,/offers/peugeot-others-peugeot-et-sim-others-black-cc5b8ba9-2885-4f1c-bf36-64e37dc977a6
2600,4531,,Yamaha TriCity,11/2015,Gasoline,,Used,125,/offers/yamaha-tricity-125-gasoline-silver-2b4b30f2-e8ca-4871-bd1d-8f345d1d7272
12000,14500,67.0,Harley-Davidson Roadster,06/2016,Gasoline,,Used,Unieke customized Roadster,/offers/harley-davidson-roadster-unieke-customized-roadster-gasoline-black-78a888e8-af47-4df3-a237-77f6c78093c0
10800,3600,88.0,Polaris RZR 900,09/2012,Gasoline,,Used,,/offers/polaris-rzr-900-gasoline-orange-08a274c5-15a8-9f47-e053-0100007ffae6
11990,22000,113.0,Ducati Hypermotard 939,02/2018,Gasoline,,Used,SP,/offers/ducati-hypermotard-939-sp-gasoline-red-25614d95-c77b-4375-a2f3-2520d52b20db
11000,380,185.0,Suzuki GSX-R 1000,03/2009,Gasoline,,Used,,/offers/suzuki-gsx-r-1000-gasoline-blue-ff18ffc1-b1af-2a13-e053-0100007f776f
2700,30500,30.0,Piaggio Beverly 350,01/2013,Gasoline,,Used,sport touring i.e.,/offers/piaggio-beverly-350-sport-touring-i-e-gasoline-blue-2d93dd6e-f8bf-41c2-aa02-fd1c0a9e3e67
15000,16000,179.0,BMW S 1000 XR,04/2019,Gasoline,Manual,Used,XR,/offers/bmw-s-1000-xr-xr-gasoline-blue-47aa635f-2aff-4f04-86d5-528a7e825a9e
100832,21,102.0,Brough Superior,- (First Registration),Gasoline,Manual,New,100 Anniversary *** limited 1 of 100 ***,/offers/brough-superior-others-100-anniversary-limited-1-of-100-gasoline-black-d5117be2-599d-4774-8d41-a2422ba1e0b0
16990,664,95.0,Honda,09/2020,,Automatic,Used,Africa Adventure Sport DCT,/offers/honda-others-africa-adventure-sport-dct-black-ced6644a-7459-4586-b304-6d1a1e3e5877
9950,35922,,Harley-Davidson Sportster,01/2009,,,Used,1200 Sportster XR 1200 van 2009,/offers/harley-davidson-sportster-1200-sportster-xr-1200-van-2009-black-b2b56664-87e7-4562-b9ce-faf64f980075
6900,7670,19.0,CF Moto CForce 800,03/2016,Gasoline,,Used,,/offers/cf-moto-cforce-800-gasoline-white-ad4e78b1-7262-d972-e053-0100007fb3a9
6784,7333,106.0,Honda VFR 800,04/2016,Gasoline,Manual,Used,,/offers/honda-vfr-800-gasoline-black-5b9bfbc1-d2d3-c740-e053-0100007f022f
33000,15000,101.0,Harley-Davidson Street Glide,10/2019,Gasoline,,Used,,/offers/harley-davidson-street-glide-gasoline-red-a3abf4c6-fe47-a24a-e053-0100007f51ec
15000,123456,140.0,Yamaha Vmax,03/1997,Gasoline,,Used,,/offers/yamaha-vmax-gasoline-white-bf8c11c7-5268-7f26-e053-0100007f1333
7299,280,41.0,Aeon Crossland 600,09/2020,Gasoline,Automatic,Used,"1. Hand, top Zustand wie neu mit Heckkoffer",/offers/aeon-crossland-600-1-hand-top-zustand-wie-neu-mit-heckkoffer-gasoline-black-90dce7bb-b9d2-4855-9011-ed0e036aaf6d
13989,26916,92.0,Kawasaki Zephyr 1100,04/1995,Gasoline,Manual,Used,UMBAU - Extrem-Umbau! Alles legal,/offers/kawasaki-zephyr-1100-umbau-extrem-umbau-alles-legal-gasoline-3aaf8ec7-2fc1-4e62-a681-695dcc17ad7f
10190,1500,,Kawasaki Z 900,07/2020,Gasoline,,Used,RS,/offers/kawasaki-z-900-rs-gasoline-green-1679f354-ea4c-4acf-b663-218e68887c3b
19800,708,136.0,BMW R 1250 GS,02/2021,Gasoline,Manual,Demonstration,Triple Black mit Tieferlegung,/offers/bmw-r-1250-gs-triple-black-mit-tieferlegung-gasoline-grey-033efd69-c5ba-4f18-8522-d914f0a634f0
9000,10000,48.0,Yamaha TMAX DX,06/2019,Gasoline,,Used,TMax DX 530 Super Accessoriato,/offers/yamaha-tmax-dx-tmax-dx-530-super-accessoriato-gasoline-blue-65a3ad31-c812-41e5-928d-5b3051cb642b
11300,0,,KTM 790 Duke,01/2020,,,New,,/offers/ktm-790-duke-black-c33d7505-d82e-4ff0-b1a0-bd721b6f4faa
12950,38500,,Yamaha FJR 1300,03/2015,,,Used,AS ABS AUTOMAAT PERFECT!!,/offers/yamaha-fjr-1300-as-abs-automaat-perfect-brown-22d07c66-61bc-43a4-8a50-635aa83bc3d8
15900,16500,,BMW R 1200 GS,09/2017,Gasoline,,Used,,/offers/bmw-r-1200-gs-gasoline-white-d4cba805-49a4-40cc-bb55-384d87fa953e
6000,100000,45.0,BMW R 65,01/1982,Gasoline,,Used,,/offers/bmw-r-65-gasoline-white-e29bd8be-27d1-716d-e053-0100007fa960
10500,59780,68.0,Harley-Davidson Electra Glide,04/2003,Gasoline,,Used,FLHTC,/offers/harley-davidson-electra-glide-flhtc-gasoline-silver-fde723be-fca8-574d-e053-0100007f8ba4
300,9780,68.0,Yamaha BWs,02/2012,Two Stroke Gasoline,,Used,,/offers/yamaha-bws-two-stroke-gasoline-black-a52e8dc6-3c66-941d-e053-0100007fa2c3
8800,13000,110.0,MV Agusta Brutale 800,06/2016,Gasoline,,Used,,/offers/mv-agusta-brutale-800-gasoline-white-9fc435c5-62b1-6c0d-e053-0100007fff0d
11899,0,,Yamaha TÃ©nÃ©rÃ© 700,01/2021,,,New,,/offers/yamaha-tenere-700-black-cf5c6686-46cc-4035-96d0-79be9459aa7f
600,10970,4.0,Peugeot Speedfight,05/2016,Two Stroke Gasoline,,Used,,/offers/peugeot-speedfight-two-stroke-gasoline-blue-c5e097c6-35d6-d920-e053-0100007ff9ef
7999,0,,Kawasaki Z 650,01/2021,,,New,,/offers/kawasaki-z-650-white-e0071310-5be1-4267-bb79-e67121082325
17999,5185,91.0,Harley-Davidson Road Glide,05/2018,Gasoline,Manual,Used,Special USA Modell,/offers/harley-davidson-road-glide-special-usa-modell-gasoline-white-8f6ac0c4-5372-5261-e053-0100007fa16e
9750,57800,110.0,BMW R 1200 RT,05/2012,Gasoline,Manual,Used,"Werkstieferlegung , Safety, Comfort 1.Hd Sh",/offers/bmw-r-1200-rt-werkstieferlegung-safety-comfort-1-hd-sh-gasoline-grey-4cc0a46d-8369-42cd-8a32-cc471dae7a36
10800,28910,,BMW R 1200 RS,06/2015,Gasoline,,Used,,/offers/bmw-r-1200-rs-gasoline-blue-8831328e-3d1d-47ea-aa07-15e44d360f05
8000,2436,110.0,Ducati Monster 821,04/2017,Gasoline,,Used,,/offers/ducati-monster-821-gasoline-black-928f7bc3-837c-705f-e053-0100007f51a2
12500,23477,,BMW F 850 GS,06/2018,Gasoline,,Used,,/offers/bmw-f-850-gs-gasoline-white-7ca04e0f-6adc-42d0-880c-31974c63941f
10500,29000,54.0,Honda X-ADV,05/2019,Gasoline,,Used,Travel ediction,/offers/honda-x-adv-travel-ediction-gasoline-red-48b5c3c6-3523-7022-e053-0100007fd4c6
7390,44000,109.0,BMW R 1200 R,03/2010,Gasoline,Manual,Used,mit Koffern ESA,/offers/bmw-r-1200-r-mit-koffern-esa-gasoline-blue-6c5fe033-c270-4711-9084-056230d88746
2390,1700,12.0,Kreidler,08/2020,Gasoline,Manual,Used,SM 125 Pro,/offers/kreidler-others-sm-125-pro-gasoline-orange-93fef982-39a6-4202-af6a-380b980b7b66
12500,3000,67.0,Harley-Davidson Sportster Forty Eight,11/2015,Gasoline,,Used,,/offers/harley-davidson-sportster-forty-eight-gasoline-red-cd9e5dc6-ee11-0e38-e053-0100007fd5c9
7500,54000,110.0,MV Agusta Turismo Veloce 800,04/2015,Gasoline,Manual,Used,2015 + VALIGIE,/offers/mv-agusta-turismo-veloce-800-2015-valigie-gasoline-red-8532f8ad-e916-4ba6-ac94-3cf298bfaac4
3110,1,15.0,Piaggio Medley 125,05/2021,Gasoline,Automatic,Pre-registered,My20 ABS - RCA+TASSO ZERO,/offers/piaggio-medley-125-my20-abs-rca-tasso-zero-gasoline-8b3d68fb-f1c9-42f0-bef1-0efcc5c0515a
6700,16000,156.0,Kawasaki Z 800,07/2014,Gasoline,Manual,Used,,/offers/kawasaki-z-800-gasoline-white-f1c3e6c5-111a-ae2b-e053-0100007f240a
9990,55178,98.0,Kawasaki GTR 1400,03/2014,Gasoline,Manual,Used,,/offers/kawasaki-gtr-1400-gasoline-brown-a25504a2-3977-482c-8020-2d0abebdbc00
9250,35000,150.0,KTM 1190 Adventure,09/2013,Gasoline,,Used,,/offers/ktm-1190-adventure-gasoline-black-fa4633c5-0614-e120-e053-0100007fa20d
8199,0,,Yamaha MT-07,01/2021,Gasoline,Manual,New,ABS,/offers/yamaha-mt-07-abs-gasoline-blue-00169eaa-4e75-4f4f-bd68-86797fb99156
6500,5150,48.0,Kawasaki VN 900,03/2013,Gasoline,Manual,Used,,/offers/kawasaki-vn-900-gasoline-white-472a96c5-fdde-a472-e053-0100007f6e21
1100,5941,4.0,Piaggio Zip II 25,09/2014,Gasoline,,Used,,/offers/piaggio-zip-ii-25-gasoline-white-06b49cc3-ff19-3f44-e053-0100007fb601
1500,73620,22.0,Piaggio Beverly 250,07/2009,Gasoline,,Used,,/offers/piaggio-beverly-250-gasoline-black-624bb2df-d8b0-4cac-8ad9-1056ddb022bf
