row_id,startdate,name,enddate,page_url,location.name
9327,2018-06-14T12:00:00.000Z,A Question of Color,2018-08-02T12:00:00.000Z,https://www.artsy.net/show/lyle-o-reitzel-a-question-of-color,Lyle O. Reitzel
9328,2014-05-09T16:00:00.000Z,ROOM EAST at NADA New York 2014,2014-05-11T16:00:00.000Z,https://www.artsy.net/show/room-east-room-east-at-nada-new-york-2014,ROOM EAST
9329,2015-10-29T12:00:00.000Z,Todd Kelly: Jolly Liar,2015-12-19T12:00:00.000Z,https://www.artsy.net/show/asya-geisberg-gallery-todd-kelly-jolly-liar,Asya Geisberg Gallery
9330,2015-07-30T15:12:00.000Z,Mariane Ibrahim Gallery at Seattle Art Fair 2015,2015-08-02T15:12:00.000Z,https://www.artsy.net/show/mariane-ibrahim-gallery-mariane-ibrahim-gallery-at-seattle-art-fair-2015,Mariane Ibrahim Gallery
9331,2018-05-09T12:00:00.000Z,Nina Tichava - Layered,2018-07-16T12:00:00.000Z,https://www.artsy.net/show/k-contemporary-nina-tichava-layered,k contemporary
9332,2014-10-11T12:00:00.000Z,Spatial Intelligence,2014-11-09T12:00:00.000Z,https://www.artsy.net/show/odetta-spatial-intelligence,ODETTA
9333,2015-05-16T12:00:00.000Z,Andy Warhol: Little Red Book #178,2015-09-13T12:00:00.000Z,https://www.artsy.net/show/frye-art-museum-andy-warhol-little-red-book-number-178,Frye Art Museum
9334,2015-05-16T12:00:00.000Z,American Modernists in the '40s and '50s,2015-06-12T12:00:00.000Z,https://www.artsy.net/show/gerald-peters-gallery-american-modernists-in-the-40s-and-50s,Gerald Peters Gallery
9335,2018-01-20T12:00:00.000Z,FIRE & WATER,2018-03-11T12:00:00.000Z,https://www.artsy.net/show/weston-gallery-fire-and-water-1,Weston Gallery
9336,2012-11-08T12:00:00.000Z,ART 7/24,2013-01-10T12:00:00.000Z,https://www.artsy.net/show/armaggan-art-and-design-gallery-art-7-slash-24,Armaggan Art & Design Gallery
9337,2017-06-22T12:00:00.000Z,Summer 2017: A preview of next season,2017-07-30T12:00:00.000Z,https://www.artsy.net/show/bitforms-gallery-summer-2017-a-preview-of-next-season,bitforms gallery
9338,2015-10-16T12:00:00.000Z,"Jenny Honnert Abell: Pretty, Peculiar",2015-11-03T12:00:00.000Z,https://www.artsy.net/show/turner-carroll-gallery-jenny-honnert-abell-pretty-peculiar,Turner Carroll Gallery
9339,2015-05-16T12:00:00.000Z,Ori Gersht: On Reflection,2015-07-11T12:00:00.000Z,https://www.artsy.net/show/ben-brown-fine-arts-ori-gersht-on-reflection,Ben Brown Fine Arts
9340,2014-05-10T04:00:00.000Z,Kimber Smith,2014-06-21T04:00:00.000Z,https://www.artsy.net/show/longhouse-projects-kimber-smith,Longhouse Projects
9341,2015-05-30T12:00:00.000Z,Patchworlds,2015-07-19T12:00:00.000Z,https://www.artsy.net/show/yavuz-gallery-patchworlds,Yavuz Gallery
9342,2018-01-13T12:00:00.000Z,Maja Ruznic - Avet,2018-02-17T12:00:00.000Z,https://www.artsy.net/show/conduit-gallery-maja-ruznic-avet,Conduit Gallery
9343,2015-10-14T10:00:00.000Z,Galerie Emanuel Layr at Frieze London 2015,2015-10-17T17:00:00.000Z,https://www.artsy.net/show/galerie-emanuel-layr-galerie-emanuel-layr-at-frieze-london-2015,Galerie Emanuel Layr
9344,2009-03-21T12:00:00.000Z,Leggere dagli anni sessanta: Milano,2009-11-11T12:00:00.000Z,https://www.artsy.net/show/kanalidarte-leggere-dagli-anni-sessanta-milano,Kanalidarte
9345,2011-08-22T12:00:00.000Z,Greek and Foreign Artists in Mykonos-60s & 70s,2011-09-08T12:00:00.000Z,https://www.artsy.net/show/kourd-gallery-greek-and-foreign-artists-in-mykonos-60s-and-70s,Kourd Gallery
9346,2014-05-30T15:00:00.000Z,"René Spitzer × Hiroki Tsukuda, The Noom Induction",2014-06-27T15:00:00.000Z,https://www.artsy.net/show/nanzuka-rene-spitzer-x-hiroki-tsukuda-the-noom-induction,Nanzuka
9347,2013-12-05T05:00:00.000Z,Corbett vs. Dempsey at Art Basel in Miami Beach 2013,2013-12-08T05:00:00.000Z,https://www.artsy.net/show/corbett-vs-dempsey-corbett-vs-dempsey-at-art-basel-in-miami-beach-2013,Corbett vs. Dempsey
9348,2018-04-28T12:00:00.000Z,Romance on The Islands - Caroline Larsen Residency Show,2018-05-25T12:00:00.000Z,https://www.artsy.net/show/dio-horia-romance-on-the-islands-caroline-larsen-residency-show,Dio Horia
9349,2015-09-10T12:00:00.000Z,Hafez Gallery at START Saatchi Gallery,2015-09-13T12:00:00.000Z,https://www.artsy.net/show/hafez-gallery-hafez-gallery-at-start-saatchi-gallery,Hafez Gallery
9350,2017-09-06T12:00:00.000Z,M*A*S*H*E*D By War Boutique,2017-09-30T12:00:00.000Z,https://www.artsy.net/show/lawrence-alkin-gallery-m-star-a-star-s-star-h-star-e-star-d-by-war-boutique,Rhodes
9351,2015-03-07T12:00:00.000Z,Moving Still | Still Moving,2015-04-25T12:00:00.000Z,https://www.artsy.net/show/art-mur-moving-still-still-moving,Art Mûr
9352,2013-10-17T04:00:00.000Z,Curators Office at Moving Image London,2013-10-20T04:00:00.000Z,https://www.artsy.net/show/curators-office-curators-office-at-moving-image-london,Curator's Office
9353,2015-10-07T08:00:00.000Z,Hanmi Gallery at KIAF 2015,2015-10-11T20:00:00.000Z,https://www.artsy.net/show/hanmi-gallery-hanmi-gallery-at-kiaf-2015,Hanmi Gallery
9354,2013-12-12T23:00:00.000Z,CASTELLANI BONALUMI - Form and Structure,2014-03-30T22:00:00.000Z,https://www.artsy.net/show/stefan-hildebrandt-contemporary-castellani-bonalumi-form-and-structure,Stefan Hildebrandt Gallery
9355,2012-08-05T12:00:00.000Z,ANYA ZHOLUD: THE LAST EXHIBITION,2012-09-30T12:00:00.000Z,https://www.artsy.net/show/gridchin-hall-anya-zholud-the-last-exhibition,Gridchinhall
9356,2014-04-16T04:00:00.000Z,Wouter van Riessen | Variations on a Painting,2014-05-14T04:00:00.000Z,https://www.artsy.net/show/ltd-los-angeles-wouter-van-riessen-variations-on-a-painting,ltd los angeles
9357,2015-05-01T12:00:00.000Z,Pictura Gallery at Paris Photo Los Angeles 2015,2015-05-03T18:00:00.000Z,https://www.artsy.net/show/pictura-gallery-pictura-gallery-at-paris-photo-los-angeles-2015,Pictura Gallery
9358,2016-01-29T12:00:00.000Z,Geschmacksverirrungen,2016-03-26T12:00:00.000Z,https://www.artsy.net/show/brutto-gusto-geschmacksverirrungen,Brutto Gusto
9359,2014-05-28T00:00:00.000Z,Zenith Zoo: Artistic Interpretations of our Planetary Partners,2014-09-06T23:59:00.000Z,https://www.artsy.net/show/zenith-gallery-zenith-zoo-artistic-interpretations-of-our-planetary-partners,Zenith Gallery
9360,2015-07-09T18:08:00.000Z,Cynthia Corbett Gallery at Art Southampton 2015,2015-07-13T18:08:00.000Z,https://www.artsy.net/show/cynthia-corbett-gallery-cynthia-corbett-gallery-at-art-southampton-2015,Cynthia Corbett Gallery
9361,2017-05-26T12:00:00.000Z,Calixto Ramírez. Cuatro pasos | Milano,2017-07-21T12:00:00.000Z,https://www.artsy.net/show/maab-gallery-calixto-ramirez-cuatro-pasos-milano,MAAB Gallery
9362,2008-06-27T12:00:00.000Z,GRAMA - Maricruz Alarcon,2008-07-25T12:00:00.000Z,https://www.artsy.net/show/die-ecke-arte-contemporaneo-grama-maricruz-alarcon,Die Ecke Arte Contemporáneo
9363,2015-01-30T12:00:00.000Z,Sarah Sze,2015-03-14T12:00:00.000Z,https://www.artsy.net/show/victoria-miro-sarah-sze,Victoria Miro
9364,2015-08-22T12:00:00.000Z,Umstülpungen (engl. Inversion),2015-10-02T12:00:00.000Z,https://www.artsy.net/show/das-esszimmer-umstulpungen-engl-inversion,DAS ESSZIMMER
9365,2017-05-27T12:00:00.000Z,Point of View,2017-06-17T12:00:00.000Z,https://www.artsy.net/show/launch-la-point-of-view,LAUNCH LA
9366,2015-09-11T12:00:00.000Z,lino|cut,2015-10-03T12:00:00.000Z,https://www.artsy.net/show/paul-stolper-gallery-lino-cut,Paul Stolper Gallery
9367,2015-12-01T14:22:00.000Z,Art Mûr at CONTEXT Art Miami 2015,2015-12-06T14:22:00.000Z,https://www.artsy.net/show/art-mur-art-mur-at-context-art-miami-2015,Art Mûr
9368,2015-06-18T12:54:00.000Z,Aye Gallery at Art Basel 2015,2015-06-21T17:00:00.000Z,https://www.artsy.net/show/aye-gallery-aye-gallery-at-art-basel-2015,Aye Gallery
9369,2011-11-03T08:00:00.000Z,The Arc and the Line: The Conceptual Prints of Sol LeWitt,2011-12-31T10:00:00.000Z,https://www.artsy.net/show/bernard-jacobson-gallery-the-arc-and-the-line-the-conceptual-prints-of-sol-lewitt,Bernard Jacobson Gallery
9370,2013-10-17T12:00:00.000Z,Shirley Jaffe: Paintings from the 1970s,2013-11-23T12:00:00.000Z,https://www.artsy.net/show/tibor-de-nagy-shirley-jaffe-paintings-from-the-1970s,Tibor de Nagy
9371,2018-07-07T12:00:00.000Z,Cosmic Traffic Jam,2018-09-01T12:00:00.000Z,https://www.artsy.net/show/zevitas-marcus-cosmic-traffic-jam,Zevitas Marcus
9372,2015-01-23T12:00:00.000Z,"Helen Carmel Benigson: Anxious, Stressful, Insomnia Fat",2015-02-21T12:00:00.000Z,https://www.artsy.net/show/carroll-slash-fletcher-helen-carmel-benigson-anxious-stressful-insomnia-fat,Carroll / Fletcher
9373,2015-10-15T12:00:00.000Z,No Two Alike,2015-11-05T12:00:00.000Z,https://www.artsy.net/show/carter-burden-gallery-no-two-alike,Carter Burden Gallery
9374,2018-08-02T14:00:00.000Z,Galerie Richard at Seattle Art Fair 2018,2018-08-05T16:00:00.000Z,https://www.artsy.net/show/galerie-richard-galerie-richard-at-seattle-art-fair-2018,Galerie Richard
9375,2014-05-22T23:00:00.000Z,Alex Ruthner: Unreliable Imitation of Life,2014-06-27T23:00:00.000Z,https://www.artsy.net/show/ibid-gallery-alex-ruthner-unreliable-imitation-of-life,Ibid Gallery
9376,2015-05-20T12:00:00.000Z,Eric Standley: In Depth,2015-08-16T12:00:00.000Z,https://www.artsy.net/show/virginia-museum-of-contemporary-art-eric-standley-in-depth,Virginia Museum of Contemporary Art
9377,2015-03-18T08:08:00.000Z,"Carbon 12, Dubai at Art Dubai 2015",2015-03-21T08:08:00.000Z,https://www.artsy.net/show/carbon-12-dubai-1-carbon-12-dubai-at-art-dubai-2015,Carbon 12
9378,2015-05-28T12:00:00.000Z,Marta Minujín: Rebel Spirit,2015-07-02T12:00:00.000Z,https://www.artsy.net/show/henrique-faria-fine-art-marta-minujin-rebel-spirit,Henrique Faria Fine Art
9379,2017-11-18T12:00:00.000Z,Fashionable Collaborations: Photographer as Director,2017-12-16T12:00:00.000Z,https://www.artsy.net/show/holden-luntz-gallery-fashionable-collaborations-photographer-as-director,Holden Luntz Gallery
9380,2015-09-18T12:00:00.000Z,"Agnieszka Brzeżańska: This all occurs quickly, with ease, grace and joy",2015-11-06T12:00:00.000Z,https://www.artsy.net/show/marlborough-contemporary-agnieszka-brzezanska-this-all-occurs-quickly-with-ease-grace-and-joy,Marlborough Contemporary
9381,2015-04-25T11:00:00.000Z,Nadja Vilenne at Art Brussels 2015,2015-04-27T18:00:00.000Z,https://www.artsy.net/show/nadja-vilenne-nadja-vilenne-at-art-brussels-2015,Nadja Vilenne
9382,2015-12-03T12:00:00.000Z,WONDERWHEEL,2016-09-30T12:00:00.000Z,https://www.artsy.net/show/depart-foundation-wonderwheel,Depart Foundation
9383,2018-03-26T09:00:00.000Z,Der-Horng Art Gallery at Art Central 2018,2018-04-01T09:00:00.000Z,https://www.artsy.net/show/der-horng-art-gallery-der-horng-art-gallery-at-art-central-2018,Der-Horng Art Gallery
9384,2018-08-07T12:00:00.000Z,Curve,2018-08-30T12:00:00.000Z,https://www.artsy.net/show/eisenhauer-gallery-curve,Eisenhauer Gallery
9385,2016-09-02T12:00:00.000Z,Julian Charrière | Pitch Drop,2016-10-15T12:00:00.000Z,https://www.artsy.net/show/sies-plus-hoke-1-julian-charriere-pitch-drop,Sies + Höke
9386,2015-04-16T12:00:00.000Z,"Charles Hinman: \""Space Windows\"" from 2008",2015-06-26T12:00:00.000Z,https://www.artsy.net/show/washburn-gallery-charles-hinman-space-windows-from-2008,Washburn Gallery
9387,2013-10-15T23:00:00.000Z,Mark Bradford: Through Darkest America by Truck and Tank,2014-01-12T00:00:00.000Z,https://www.artsy.net/show/white-cube-mark-bradford-through-darkest-america-by-truck-and-tank,White Cube
9388,2014-09-27T00:00:00.000Z,Beyond the Jade Terrace,2014-10-25T23:59:00.000Z,https://www.artsy.net/show/alisan-fine-arts-beyond-the-jade-terrace,Alisan Fine Arts
9389,2015-05-01T12:00:00.000Z,Maria Taniguchi,2015-06-06T12:00:00.000Z,https://www.artsy.net/show/carlier-gebauer-maria-taniguchi,carlier | gebauer
9390,2014-11-28T00:00:00.000Z,Floodlight - a solo exhibition by Søren Behncke,2015-01-10T23:59:00.000Z,https://www.artsy.net/show/v1-gallery-floodlight-a-solo-exhibition-by-soren-behncke,V1 Gallery
9391,2014-02-26T12:00:00.000Z,Lucia Papčo,2014-04-26T12:00:00.000Z,https://www.artsy.net/show/christian-duvernois-gallery-lucia-papco,Christian Duvernois Gallery
9392,2014-09-06T00:00:00.000Z,Ludwig Schwarz WALKINCLOSET,2014-10-04T23:59:00.000Z,https://www.artsy.net/show/conduit-gallery-ludwig-schwarz-walkincloset,Conduit Gallery
9393,2015-06-19T12:00:00.000Z,Nathan Vincent: Let's Play War!,2015-10-18T12:00:00.000Z,https://www.artsy.net/show/bellevue-arts-museum-nathan-vincent-lets-play-war,Bellevue Arts Museum
9394,2017-09-14T12:00:00.000Z,Hisae Ikenaga & Mikel R. Nieto.,2017-12-05T12:00:00.000Z,https://www.artsy.net/show/max-estrella-hisae-ikenaga-and-mikel-r-nieto,Max Estrella
9395,2014-01-16T05:00:00.000Z,William Art Salon at Art Stage Singapore 2014,2014-01-19T05:00:00.000Z,https://www.artsy.net/show/william-art-salon-william-art-salon-at-art-stage-singapore-2014,William Art Salon
9396,2014-09-05T00:00:00.000Z,Nicolás Cuéllar: Dream Weaver / Tejedor de Sueños,2014-10-28T23:59:00.000Z,https://www.artsy.net/show/skot-foreman-fine-art-nicolas-cuellar-dream-weaver-slash-tejedor-de-suenos,Skot Foreman Fine Art
9397,2015-04-10T12:00:00.000Z,Pour Commander à l'air,2015-05-23T12:00:00.000Z,https://www.artsy.net/show/monica-de-cardenas-pour-commander-a-lair,Monica De Cardenas
9398,2015-03-27T12:00:00.000Z,around drawing,2015-05-22T12:00:00.000Z,https://www.artsy.net/show/rosenfeld-porcini-around-drawing,rosenfeld
9399,2014-09-18T12:00:00.000Z,JANET LAURENCE - 'Works from the Kimberly trip',2014-10-11T12:00:00.000Z,https://www.artsy.net/show/dominik-mersch-gallery-janet-laurence-works-from-the-kimberly-trip,Dominik Mersch Gallery
9400,2015-09-17T16:16:00.000Z,Other Criteria at Expo Chicago 2015,2015-09-20T16:16:00.000Z,https://www.artsy.net/show/other-criteria-other-criteria-at-expo-chicago-2015,Other Criteria
9401,2015-09-08T12:00:00.000Z,"Sophia Ainslie \""Pata Pata\"" / John Eric Byers \""Form is Function\",2015-10-03T12:00:00.000Z,https://www.artsy.net/show/gallery-naga-sophia-ainslie-pata-pata-slash-john-eric-byers-form-is-function,Gallery NAGA
9402,2015-08-13T12:00:00.000Z,"Jim Lambie, Zero Concerto",2015-09-26T12:00:00.000Z,https://www.artsy.net/show/roslyn-oxley9-gallery-jim-lambie-zero-concerto,Roslyn Oxley9 Gallery
9403,2012-12-13T00:00:00.000Z,"Plastic nature, group show. Curator Sang A Chun",2013-01-13T23:59:00.000Z,https://www.artsy.net/show/vanessa-quang-gallery-plastic-nature-group-show-curator-sang-a-chun,Vanessa Quang Gallery
9404,2015-03-19T12:00:00.000Z,Liat Yossifor: Eight Movements,2015-04-18T12:00:00.000Z,https://www.artsy.net/show/ameringer-mcenery-yohe-liat-yossifor-eight-movements,Miles McEnery Gallery
9405,2017-03-23T12:00:00.000Z,Seeking Civilization: Art and Cartography,2017-05-13T12:00:00.000Z,https://www.artsy.net/show/gallery-wendi-norris-seeking-civilization-art-and-cartography,Gallery Wendi Norris
9406,2017-10-26T05:00:00.000Z,LAMB Arts at ARTBO 2017,2017-10-29T12:00:00.000Z,https://www.artsy.net/show/lamb-arts-lamb-arts-at-artbo-2017,LAMB Arts
9407,2017-03-18T12:00:00.000Z,"Spring Show - group exhibition with Archan Nair, Dayana Montesano, Cecilia Mendez and Lacatu",2017-04-27T12:00:00.000Z,https://www.artsy.net/show/luisa-catucci-gallery-spring-show-group-exhibition-with-archan-nair-dayana-montesano-cecilia-mendez-and-lacatu,Luisa Catucci Gallery
9408,2013-05-04T12:00:00.000Z,TEXTURES: The Written Word in Contemporary Art,2013-06-15T12:00:00.000Z,https://www.artsy.net/show/aca-galleries-textures-the-written-word-in-contemporary-art,ACA Galleries
9409,2013-11-01T12:00:00.000Z,A.I.R,2014-01-04T12:00:00.000Z,https://www.artsy.net/show/alan-istanbul-air,ALAN Istanbul
9410,2014-05-07T00:00:00.000Z,"Ragnar Kjartansson: Me, My Mother, My Father, and I",2014-06-29T23:59:00.000Z,https://www.artsy.net/show/new-museum-1-ragnar-kjartansson-me-my-mother-my-father-and-i,New Museum
9411,2014-11-14T12:00:00.000Z,Global Perspective,2015-01-11T12:00:00.000Z,https://www.artsy.net/show/elisa-contemporary-global-perspective,Elisa Contemporary
9412,2013-10-10T12:00:00.000Z,Ana Wieder-Blank: Women of Song,2013-11-11T12:00:00.000Z,https://www.artsy.net/show/honey-ramka-ana-wieder-blank-women-of-song,Honey Ramka
9413,2013-05-23T04:00:00.000Z,Ingleby Gallery at Art Basel Hong Kong 2013,2013-05-26T04:00:00.000Z,https://www.artsy.net/show/ingleby-gallery-ingleby-gallery-at-art-basel-hong-kong-2013,Ingleby Gallery
9414,2013-10-01T04:00:00.000Z,FRANCISCA SUTIL. MUTE,2013-11-16T05:00:00.000Z,https://www.artsy.net/show/nohra-haime-gallery-francisca-sutil-mute,Nohra Haime Gallery
9415,2013-12-05T05:00:00.000Z,Roberto Paradise at NADA Miami Beach 2013,2013-12-08T05:00:00.000Z,https://www.artsy.net/show/roberto-paradise-roberto-paradise-at-nada-miami-beach-2013,ROBERTO PARADISE
9416,2017-10-25T12:00:00.000Z,In Memoriam Francesca Lowe | Online Auction & One Day Off-site Benefit Exhibition,2017-11-08T12:00:00.000Z,https://www.artsy.net/show/charlie-smith-london-in-memoriam-francesca-lowe-online-auction-and-one-day-off-site-benefit-exhibition,Charlie Smith London
9417,2015-12-02T08:48:00.000Z,Gallery Nosco at UNTITLED 2015,2015-12-06T08:48:00.000Z,https://www.artsy.net/show/gallery-nosco-gallery-nosco-at-untitled-2015-1,Gallery Nosco
9418,2013-09-12T23:00:00.000Z,Florian Meisenberg: Delays During Transit (Tales of Prematurity),2013-10-25T23:00:00.000Z,https://www.artsy.net/show/kate-macgarry-florian-meisenberg-delays-during-transit-tales-of-prematurity,Kate MacGarry
9419,2015-05-22T12:00:00.000Z,Highlights from 'Henry Moore: Sculpture and Drawings ',2015-06-27T12:00:00.000Z,https://www.artsy.net/show/osborne-samuel-ltd-highlights-from-henry-moore-sculpture-and-drawings,Osborne Samuel
9420,2012-11-10T12:00:00.000Z,Ahmet Ögüt Surveillance under surveillance,2012-11-11T12:00:00.000Z,https://www.artsy.net/show/protocinema-ahmet-ogut-surveillance-under-surveillance,Protocinema
9421,2015-09-12T12:00:00.000Z,Kelly Heaton: Pollination,2015-10-24T12:00:00.000Z,https://www.artsy.net/show/ronald-feldman-fine-arts-kelly-heaton-pollination,Ronald Feldman Gallery
9422,2017-06-02T12:00:00.000Z,Robert Mapplethorpe,2017-07-20T12:00:00.000Z,https://www.artsy.net/show/xavier-hufkens-robert-mapplethorpe,Xavier Hufkens
9423,2014-09-12T00:00:00.000Z,Martin Disler - Malerei,2014-11-01T23:59:00.000Z,https://www.artsy.net/show/buchmann-galerie-martin-disler-malerei,Buchmann Galerie
9424,2018-06-11T12:00:00.000Z,Charlie Smith London at VOLTA14,2018-06-16T19:00:00.000Z,https://www.artsy.net/show/charlie-smith-london-charlie-smith-london-at-volta14-1,Charlie Smith London
9425,2015-10-23T11:00:00.000Z,Galerie Van der Planken at Art Toronto 2015,2015-10-26T18:00:00.000Z,https://www.artsy.net/show/galerie-van-der-planken-galerie-van-der-planken-at-art-toronto-2015,Galerie Van der Planken
9426,2017-08-04T12:00:00.000Z,Anna Maria Maiolino,2017-12-31T12:00:00.000Z,https://www.artsy.net/show/moca-los-angeles-anna-maria-maiolino,MOCA
9427,2014-05-03T12:00:00.000Z,Andrew Belschner: Water + Color,2014-07-03T12:00:00.000Z,https://www.artsy.net/show/brian-gross-fine-art-andrew-belschner-water-plus-color,Brian Gross Fine Art
9428,2015-09-26T12:00:00.000Z,Pharmacy Deux Milles - Christiaan Bastiaans,2015-11-08T12:00:00.000Z,https://www.artsy.net/show/looiersgracht-60-pharmacy-deux-milles-christiaan-bastiaans,Looiersgracht 60
9429,2013-05-08T04:00:00.000Z,Volume Gallery at Collective .1 Design Fair 2013,2013-05-11T04:00:00.000Z,https://www.artsy.net/show/volume-gallery-volume-gallery-at-collective-1-design-fair-2013,Volume Gallery
9430,2018-09-27T11:00:00.000Z,Zilberman Gallery at viennacontemporary 2018,2018-09-30T20:00:00.000Z,https://www.artsy.net/show/zilberman-gallery-zilberman-gallery-at-viennacontemporary-2018,Zilberman Gallery
9431,2015-04-10T11:00:00.000Z,Frittelli Arte Contemporanea at MiArt 2015,2015-04-12T18:00:00.000Z,https://www.artsy.net/show/frittelli-arte-contemporanea-frittelli-arte-contemporanea-at-miart-2015,Frittelli Arte Contemporanea
9432,2015-06-18T12:54:00.000Z,Parra & Romero at Art Basel 2015,2015-06-21T17:00:00.000Z,https://www.artsy.net/show/parra-and-romero-parra-and-romero-at-art-basel-2015,Parra & Romero
9433,2014-11-21T12:00:00.000Z,"Tunga: From \""La Voie Humide\",2015-01-17T12:00:00.000Z,https://www.artsy.net/show/pilar-corrias-gallery-tunga-from-la-voie-humide,Pilar Corrias Gallery
9434,2015-04-20T12:00:00.000Z,TOHOKU -Through the Eyes of Japanese Photographers,2015-06-12T12:00:00.000Z,https://www.artsy.net/show/postmodernism-museum-tohoku-through-the-eyes-of-japanese-photographers,Postmodernism Museum
9435,2015-03-05T17:34:00.000Z,Edward Cella Art and Architecture at Art on Paper 2015,2015-03-08T17:34:00.000Z,https://www.artsy.net/show/edward-cella-art-and-architecture-edward-cella-art-and-architecture-at-art-on-paper-2015,Edward Cella Art and Architecture
9436,2012-09-06T04:00:00.000Z,Cinematic Paintings,2012-10-20T04:00:00.000Z,https://www.artsy.net/show/tierney-gardarin-cinematic-paintings,Cristin Tierney
9437,2015-01-22T15:19:00.000Z,1335MABINI at Art Stage Singapore 2015,2015-01-25T15:19:00.000Z,https://www.artsy.net/show/1335mabini-1335mabini-at-art-stage-singapore-2015,1335MABINI
9438,2016-02-24T10:00:00.000Z,ABRA at ARCOmadrid 2016,2016-02-28T22:00:00.000Z,https://www.artsy.net/show/abra-abra-at-arcomadrid-2016,ABRA
9439,2012-05-04T12:00:00.000Z,Outside In,2012-05-05T12:00:00.000Z,https://www.artsy.net/show/alan-istanbul-outside-in,ALAN Istanbul
9440,2015-10-14T10:00:00.000Z,Southard Reid at Frieze London 2015,2015-10-17T17:00:00.000Z,https://www.artsy.net/show/southard-reid-southard-reid-at-frieze-london-2015,Southard Reid
9441,2009-06-12T16:00:00.000Z,Dushi by Florentijn Hofman,2009-07-03T16:00:00.000Z,https://www.artsy.net/show/west-dushi-by-florentijn-hofman,West Den Haag
9442,2014-11-12T15:00:00.000Z,Simon Lee Gallery at ART021 Shanghai Contemporary Art Fair,2014-11-16T15:00:00.000Z,https://www.artsy.net/show/simon-lee-gallery-simon-lee-gallery-at-art021-shanghai-contemporary-art-fair,Simon Lee Gallery
9443,2015-09-25T12:00:00.000Z,Jonathan Zawada: 'A Particular Turbulent Wave',2015-10-31T12:00:00.000Z,https://www.artsy.net/show/beers-london-jonathan-zawada-a-particular-turbulent-wave,Beers London
9444,2015-02-27T12:00:00.000Z,Hayv Kahraman: How Iraqi Are You?,2015-04-04T12:00:00.000Z,https://www.artsy.net/show/jack-shainman-gallery-hayv-kahraman-how-iraqi-are-you,Jack Shainman Gallery
9445,2014-04-10T04:00:00.000Z,Letters From Home: New Paintings by Jason Bryant,2014-05-24T04:00:00.000Z,https://www.artsy.net/show/porter-contemporary-letters-from-home-new-paintings-by-jason-bryant,Porter Contemporary
9446,2015-07-18T12:00:00.000Z,Extraction,2015-08-22T12:00:00.000Z,https://www.artsy.net/show/steve-turner-extraction,Steve Turner
9447,2014-10-31T12:00:00.000Z,PREOPENING (HIER/und/DA),2014-11-02T12:00:00.000Z,https://www.artsy.net/show/gallery-am-meer-preopening-hier-slash-und-slash-da,Gallery AM MEER
9448,2014-09-06T00:00:00.000Z,SHAMUS CLISSET - Space God / Magic Guy,2014-10-11T23:59:00.000Z,https://www.artsy.net/show/postmasters-gallery-shamus-clisset-space-god-slash-magic-guy,Postmasters Gallery
9449,2014-02-19T05:00:00.000Z,Henrique Faria Fine Art at ARCO Madrid 2014,2014-02-23T05:00:00.000Z,https://www.artsy.net/show/henrique-faria-fine-art-henrique-faria-fine-art-at-arco-madrid-2014-1,Henrique Faria Fine Art
9450,2013-10-17T04:00:00.000Z,Kadel Willborn at Frieze London,2013-10-20T04:00:00.000Z,https://www.artsy.net/show/kadel-willborn-kadel-willborn-at-frieze-london,Kadel Willborn
9451,2015-06-11T12:00:00.000Z,GIULIA MARCHI | Rokovoko,2015-07-31T12:00:00.000Z,https://www.artsy.net/show/materia-giulia-marchi-rokovoko,Matèria
9452,2014-09-25T12:00:00.000Z,One Hundred Years Of Love,2015-01-11T12:00:00.000Z,https://www.artsy.net/show/istanbul-modern-one-hundred-years-of-love,Istanbul Modern
9453,2015-06-04T11:00:00.000Z,"Rea, One Day Gallery at arteBA 2015",2015-06-07T17:00:00.000Z,https://www.artsy.net/show/rea-one-day-gallery-rea-one-day-gallery-at-arteba-2015,REA
9454,2015-10-15T12:00:00.000Z,OctobArtFest,2015-11-14T12:00:00.000Z,https://www.artsy.net/show/anna-zorina-gallery-octobartfest,Anna Zorina Gallery
9455,2014-05-23T12:00:00.000Z,Identity X : fusion of memory - memory for the future,2014-06-21T12:00:00.000Z,https://www.artsy.net/show/galerie-nichido-slash-nca-nichido-contemporary-art-identity-x-fusion-of-memory-memory-for-the-future,galerie nichido / nca | nichido contemporary art
9456,2015-04-18T12:00:00.000Z,Dirk De Bruycker & Carrie McGee,2015-05-31T12:00:00.000Z,https://www.artsy.net/show/lanoue-gallery-dirk-de-bruycker-and-carrie-mcgee,Lanoue Gallery
9457,2014-01-15T05:00:00.000Z,Sloan Fine Art at LA Art Show,2014-01-19T05:00:00.000Z,https://www.artsy.net/show/sloan-fine-art-sloan-fine-art-at-la-art-show,Sloan Fine Art
9458,2015-11-05T18:59:00.000Z,Wingate Studio at The Editions/Artists’ Books (E/AB) Fair,2015-11-08T18:59:00.000Z,https://www.artsy.net/show/wingate-studio-wingate-studio-at-the-editions-slash-artists-books-e-slash-ab-fair,Wingate Studio
9459,2012-03-08T05:00:00.000Z,Thomas Ruff: Nudes,2012-04-21T04:00:00.000Z,https://www.artsy.net/show/gagosian-gallery-thomas-ruff-nudes,Gagosian
9460,2013-11-14T05:00:00.000Z,La Galería - Arte Contemporáneo at PINTA NY,2013-11-17T05:00:00.000Z,https://www.artsy.net/show/la-galeria-arte-contemporaneo-la-galeria-arte-contemporaneo-at-pinta-ny,La Galería - Arte Contemporáneo
9461,2015-09-10T14:00:00.000Z,Lesley Kehoe Galleries at Sydney Contemporary Art Fair,2015-09-13T20:00:00.000Z,https://www.artsy.net/show/lesley-kehoe-galleries-lesley-kehoe-galleries-at-sydney-contemporary-art-fair,Lesley Kehoe Galleries
9462,2012-06-09T12:00:00.000Z,Tappan Group Show,2012-06-09T12:00:00.000Z,https://www.artsy.net/show/the-tappan-collective-tappan-group-show,Tappan
9463,2018-06-14T12:00:00.000Z,Finding Grace,2018-07-10T12:00:00.000Z,https://www.artsy.net/show/twfineart-finding-grace,TWFINEART
9464,2012-05-02T04:00:00.000Z,Charles Long: Pet Sounds,2012-09-09T04:00:00.000Z,https://www.artsy.net/show/madison-square-park-charles-long-pet-sounds,Madison Square Park
9465,2014-11-07T12:00:00.000Z,"Todd Lanam : \""Back to Isla Vista\"" - New Paintings",2014-12-20T12:00:00.000Z,https://www.artsy.net/show/mark-wolfe-contemporary-art-todd-lanam-back-to-isla-vista-new-paintings,Mark Wolfe Contemporary
9466,2015-01-02T12:00:00.000Z,Horror en el Trópico,2015-02-28T12:00:00.000Z,https://www.artsy.net/show/museo-universitario-del-chopo-horror-en-el-tropico,Museo Universitario del Chopo
9467,2012-09-08T12:00:00.000Z,Daniel Heyman: Summer Fall Winter Spring,2012-10-27T12:00:00.000Z,https://www.artsy.net/show/cade-tompkins-projects-daniel-heyman-summer-fall-winter-spring,Cade Tompkins Projects
9468,2015-07-23T12:00:00.000Z,Common Thread,2015-08-28T12:00:00.000Z,https://www.artsy.net/show/mixed-greens-common-thread,Mixed Greens
9469,2014-03-12T12:00:00.000Z,JOSEPH PELLER: Circadian Rhythms of the City,2014-04-26T12:00:00.000Z,https://www.artsy.net/show/aca-galleries-joseph-peller-circadian-rhythms-of-the-city,ACA Galleries
9470,2012-02-25T12:00:00.000Z,MUSEO AERO SOLAR,2012-03-10T12:00:00.000Z,https://www.artsy.net/show/gallery-on-the-move-museo-aero-solar,Gallery On The Move
9471,2017-05-01T12:00:00.000Z,Alex Bay,2017-05-31T12:00:00.000Z,https://www.artsy.net/show/haley-fine-art-alex-bay,Haley Fine Art
9472,2017-02-21T12:00:00.000Z,Tim Freiwald | Attracting Samples,2017-04-08T12:00:00.000Z,https://www.artsy.net/show/walter-storms-galerie-tim-freiwald-attracting-samples,Walter Storms Galerie
9473,2015-04-16T12:20:00.000Z,James Hyman Gallery at AIPAD Photography Show 2015,2015-04-19T12:20:00.000Z,https://www.artsy.net/show/james-hyman-gallery-james-hyman-gallery-at-aipad-photography-show-2015,James Hyman Gallery
9474,2017-06-24T12:00:00.000Z,Ken'ichiro Taniguchi. Hecomi Study #33,2017-07-22T12:00:00.000Z,https://www.artsy.net/show/sebastian-fath-contemporary-kenichiro-taniguchi-hecomi-study-number-33,Sebastian Fath Contemporary
9475,2014-07-28T12:00:00.000Z,HEATMAP,2014-08-10T12:00:00.000Z,https://www.artsy.net/show/frankfurt-am-main-heatmap,Frankfurt Am Main
9476,2014-06-26T04:00:00.000Z,Mercedes Elena González / September 1955,2014-08-01T04:00:00.000Z,https://www.artsy.net/show/henrique-faria-fine-art-mercedes-elena-gonzalez-slash-september-1955,Henrique Faria Fine Art
9477,2015-03-05T10:00:00.000Z,Lower East Side Printshop at PULSE New York 2015,2015-03-08T17:00:00.000Z,https://www.artsy.net/show/lower-east-side-printshop-lower-east-side-printshop-at-pulse-new-york-2015-1,Lower East Side Printshop
9478,2014-01-24T12:00:00.000Z,Thrush Holmes: All Lit Up On Wine,2014-03-01T12:00:00.000Z,https://www.artsy.net/show/mike-weiss-gallery-thrush-holmes-all-lit-up-on-wine,Mike Weiss Gallery
9479,2014-09-21T12:00:00.000Z,Undaunted Spirit: Native American Art,2018-06-30T12:00:00.000Z,https://www.artsy.net/show/montclair-art-museum-undaunted-spirit-native-american-art,Montclair Art Museum
9480,2017-11-10T13:44:00.000Z,Out of Africa Gallery at AKAA 2017,2017-11-12T13:44:00.000Z,https://www.artsy.net/show/out-of-africa-gallery-out-of-africa-gallery-at-akaa-2017,Out of Africa Gallery
9481,2014-06-26T12:00:00.000Z,East Side to the West Side,2014-08-15T12:00:00.000Z,https://www.artsy.net/show/the-flag-art-foundation-east-side-to-the-west-side,The FLAG Art Foundation
9482,2014-11-29T12:00:00.000Z,Screening,2014-12-19T12:00:00.000Z,https://www.artsy.net/show/alexander-levy-screening,alexander levy
9483,2018-09-06T00:00:00.000Z,ONE MONEV Gallery at Cosmoscow 2018,2018-09-09T18:00:00.000Z,https://www.artsy.net/show/one-monev-gallery-one-monev-gallery-at-cosmoscow-2018,MONEV Contemporary
9484,2014-12-01T12:00:00.000Z,"Miami Design Bridge, Miami Design District, December 2014",2014-12-20T12:00:00.000Z,https://www.artsy.net/show/blankblank-miami-design-bridge-miami-design-district-december-2014,blankblank
9485,2014-06-21T12:00:00.000Z,Alexander Calder at the Rijksmuseum,2014-10-05T12:00:00.000Z,https://www.artsy.net/show/calder-foundation-alexander-calder-at-the-rijksmuseum,Calder Foundation
9486,2014-05-06T14:00:00.000Z,Important Works from Private Collections,2014-05-24T14:00:00.000Z,https://www.artsy.net/show/olsen-irwin-important-works-from-private-collections,Olsen Irwin
9487,2014-04-22T07:00:00.000Z,Erin Parish 'Slow',2014-06-03T07:00:00.000Z,https://www.artsy.net/show/winston-wachter-fine-art-erin-parish-slow,Winston Wächter Fine Art
9488,2015-02-14T12:00:00.000Z,Philip Koch: Landscapes and Hopper Interiors,2015-04-12T12:00:00.000Z,https://www.artsy.net/show/edward-hopper-house-art-center-philip-koch-landscapes-and-hopper-interiors,Edward Hopper House
9489,2018-05-24T00:00:00.000Z,Galerie Xippas at arteBA 2018,2018-05-27T21:00:00.000Z,https://www.artsy.net/show/galerie-xippas-galerie-xippas-at-arteba-2018,Xippas
9490,2015-10-31T12:00:00.000Z,Hicham Berrada – Caverne,2016-01-16T12:00:00.000Z,https://www.artsy.net/show/wentrup-hicham-berrada-caverne,Wentrup
9491,2011-10-22T12:00:00.000Z,Homebody,2011-11-04T12:00:00.000Z,https://www.artsy.net/show/the-still-house-group-homebody,The Still House Group
9492,2014-03-26T04:00:00.000Z,island6 at Art Paris 2014,2014-03-29T04:00:00.000Z,https://www.artsy.net/show/island6-island6-at-art-paris-2014,island6
9493,2008-10-18T12:00:00.000Z,Anselm Kiefer – Bücher,2008-12-20T12:00:00.000Z,https://www.artsy.net/show/bastian-anselm-kiefer-bucher,BASTIAN
9494,2015-08-14T12:00:00.000Z,“Post No Bills” 此处禁止涂鸦,2015-09-15T12:00:00.000Z,https://www.artsy.net/show/island6-post-no-bills-ci-chu-jin-zhi-tu-ya,island6
9495,2017-06-19T12:00:00.000Z,She-Wolf,2017-07-04T12:00:00.000Z,https://www.artsy.net/show/rakursi-art-gallery-she-wolf,Rakursi Art Gallery
9496,2015-08-19T09:06:00.000Z,Rolf Art at Mercado de Arte,2015-08-23T09:06:00.000Z,https://www.artsy.net/show/rolf-art-rolf-art-at-mercado-de-arte,ROLF ART
9497,2015-11-06T12:00:00.000Z,Galerie Laurent Mueller at Artissima 2015,2015-11-08T12:00:00.000Z,https://www.artsy.net/show/galerie-laurent-mueller-galerie-laurent-mueller-at-artissima-2015,Galerie Laurent Mueller
9498,2015-02-07T12:00:00.000Z,"\""Perception\"" - Group Show",2015-03-07T12:00:00.000Z,https://www.artsy.net/show/newzones-perception-group-show,Newzones
9499,2015-04-26T12:00:00.000Z,"ANGELS Exhibition in Europe (in collaboration with CAMERA WORK, Germany)",2015-06-06T12:00:00.000Z,https://www.artsy.net/show/nomad-two-worlds-gallery-angels-exhibition-in-europe-in-collaboration-with-camera-work-germany,NTW Gallery
9500,2015-10-24T12:00:00.000Z,Magic Life,2015-11-27T12:00:00.000Z,https://www.artsy.net/show/urban-spree-galerie-magic-life,Urban Spree Galerie
9501,2011-06-15T00:00:00.000Z,100 Tonson Gallery at Art Basel 2011,2011-06-20T23:59:59.000Z,https://www.artsy.net/show/100-tonson-gallery-100-tonson-gallery-at-art-basel-2011,100 Tonson Gallery
9502,2015-03-20T12:00:00.000Z,Impossible Passion,2015-05-02T12:00:00.000Z,https://www.artsy.net/show/alan-istanbul-impossible-passion,ALAN Istanbul
9503,2015-08-08T12:00:00.000Z,Crystal Planet-LUO WEI,2015-09-20T12:00:00.000Z,https://www.artsy.net/show/amy-li-gallery-crystal-planet-luo-wei,Amy Li Gallery
9504,2014-09-12T12:00:00.000Z,"Salvatore Emblema \""Transparency: Color and Light\",2014-10-18T12:00:00.000Z,https://www.artsy.net/show/david-richard-gallery-salvatore-emblema-transparency-color-and-light,David Richard Gallery
9505,2013-01-16T05:00:00.000Z,Colorama,2013-06-16T04:00:00.000Z,https://www.artsy.net/show/george-eastman-museum-colorama,George Eastman Museum
9506,2015-11-05T12:00:00.000Z,Simon Garden,2015-11-22T12:00:00.000Z,https://www.artsy.net/show/thompsons-galleries-simon-garden,Thompson's Galleries
9507,1975-03-09T12:00:00.000Z,Claude Weisbuch: Lithographs and Drypoints,1975-04-05T12:00:00.000Z,https://www.artsy.net/show/david-barnett-gallery-claude-weisbuch-lithographs-and-drypoints,David Barnett Gallery
9508,2018-06-27T12:00:00.000Z,IMMORTALITY,2018-07-08T12:00:00.000Z,https://www.artsy.net/show/cama-gallery-1-immortality,CAMA Gallery
9509,2016-07-01T12:00:00.000Z,Flaka Haliti,2016-07-30T12:00:00.000Z,https://www.artsy.net/show/galerie-rudiger-schottle-flaka-haliti,Galerie Rüdiger Schöttle
9510,2014-03-06T17:00:00.000Z,Hill Gallery at The Armory Show 2014,2014-03-09T05:00:00.000Z,https://www.artsy.net/show/hill-gallery-hill-gallery-at-the-armory-show-2014,Hill Gallery
9511,2013-02-28T05:00:00.000Z,Luminous Words Airan Kang,2013-04-30T04:00:00.000Z,https://www.artsy.net/show/bryce-wolkowitz-gallery-luminous-words-airan-kang,Bryce Wolkowitz Gallery
9512,2015-05-21T11:00:00.000Z,Circle Culture Gallery at Art15 London,2015-05-23T18:00:00.000Z,https://www.artsy.net/show/circle-culture-gallery-circle-culture-gallery-at-art15-london,Circle Culture
9513,2013-01-11T23:00:00.000Z,Johan Creten: The Vivisector,2013-02-22T23:00:00.000Z,https://www.artsy.net/show/galerie-perrotin-johan-creten-the-vivisector,Perrotin
9514,2015-11-19T12:00:00.000Z,Immigration Files,2016-01-16T12:00:00.000Z,https://www.artsy.net/show/christophe-guye-galerie-immigration-files,CHRISTOPHE GUYE GALERIE
9515,2018-11-08T02:00:00.000Z,Wentrup at West Bund Art & Design 2018,2018-11-11T08:00:00.000Z,https://www.artsy.net/show/wentrup-wentrup-at-west-bund-art-and-design-2018,Wentrup
9516,2015-09-11T06:58:00.000Z,ShanghART at Photo Shanghai 2015,2015-09-13T06:58:00.000Z,https://www.artsy.net/show/shanghart-shanghart-at-photo-shanghai-2015,ShanghART
9517,2017-10-05T00:00:00.000Z,WHATIFTHEWORLD at 1:54 London 2017,2017-10-08T18:00:00.000Z,https://www.artsy.net/show/whatiftheworld-whatiftheworld-at-1-54-london-2017,WHATIFTHEWORLD
9518,2018-10-05T12:00:00.000Z,Matt Brackett: Bitter Chill,2018-10-31T12:00:00.000Z,https://www.artsy.net/show/alpha-gallery-matt-brackett-bitter-chill,Alpha Gallery
9519,2013-11-07T05:00:00.000Z,Stoney Road Press at IFPDA Print Fair,2013-11-10T05:00:00.000Z,https://www.artsy.net/show/stoney-road-press-stoney-road-press-at-ifpda-print-fair,Stoney Road Press
9520,2015-02-25T11:00:00.000Z,Luis Adelantado at ARCOmadrid 2015,2015-03-01T18:00:00.000Z,https://www.artsy.net/show/luis-adelantado-luis-adelantado-at-arcomadrid-2015,Luis Adelantado Valencia
9521,2015-09-29T12:00:00.000Z,The Aroma of Black (Part II),2015-10-23T12:00:00.000Z,https://www.artsy.net/show/page-blackie-gallery-the-aroma-of-black-part-ii,Page Blackie Gallery
9522,2016-02-11T12:00:00.000Z,Plinth Gallery Pop-up,2016-03-19T12:00:00.000Z,https://www.artsy.net/show/plinth-plinth-gallery-pop-up,Plinth
9523,2018-09-21T10:00:00.000Z,East Wing at Unseen Amsterdam 2018,2018-09-23T20:21:00.000Z,https://www.artsy.net/show/east-wing-east-wing-at-unseen-amsterdam-2018,East Wing
9524,2014-05-04T12:00:00.000Z,"Adolfo Estrada - paintings, works on paper, reliefs",2014-07-05T12:00:00.000Z,https://www.artsy.net/show/ditesheim-and-maffei-fine-art-adolfo-estrada-paintings-works-on-paper-reliefs,Ditesheim & Maffei Fine Art
9525,2015-09-26T12:00:00.000Z,Richard Serra: Ramble Drawings,2015-10-24T12:00:00.000Z,https://www.artsy.net/show/gagosian-gallery-richard-serra-ramble-drawings,Gagosian
9526,2014-03-06T17:00:00.000Z,Jerald Melberg Gallery at The Armory Show 2014,2014-03-09T05:00:00.000Z,https://www.artsy.net/show/jerald-melberg-gallery-jerald-melberg-gallery-at-the-armory-show-2014,Jerald Melberg Gallery
9527,2015-08-29T12:00:00.000Z,Ted Kincaid: Monday’s Romance Is Tuesday’s Sad Affair,2015-10-24T12:00:00.000Z,https://www.artsy.net/show/talley-dunn-gallery-ted-kincaid-mondays-romance-is-tuesdays-sad-affair,Talley Dunn Gallery
9528,2015-03-14T12:00:00.000Z,LOUIS CANE - 1974,2015-04-18T12:00:00.000Z,https://www.artsy.net/show/torri-louis-cane-1974,TORRI
9529,2015-06-18T12:54:00.000Z,Galerie Greta Meert at Art Basel 2015,2015-06-21T17:00:00.000Z,https://www.artsy.net/show/galerie-greta-meert-galerie-greta-meert-at-art-basel-2015,Galerie Greta Meert
9530,2015-11-12T19:00:00.000Z,Michael Goedhuis at The Salon: Art + Design 2015,2015-11-16T00:48:00.000Z,https://www.artsy.net/show/michael-goedhuis-michael-goedhuis-at-the-salon-art-plus-design-2015,Michael Goedhuis
9531,2015-10-22T13:28:00.000Z,Mai 36 Galerie at FIAC 15,2015-10-25T13:28:00.000Z,https://www.artsy.net/show/mai-36-galerie-mai-36-galerie-at-fiac-15,Mai 36 Galerie
9532,2013-10-24T00:00:00.000Z,Alexander Kaletski : Handle with Care,2013-12-20T23:59:00.000Z,https://www.artsy.net/show/anna-zorina-gallery-alexander-kaletski-handle-with-care,Anna Zorina Gallery
9533,2017-06-13T12:00:00.000Z,OVERSIZED,2017-06-24T12:00:00.000Z,https://www.artsy.net/show/london-contemporary-art-slash-store-street-gallery-oversized-1,London Contemporary Art / Store Street Gallery
9534,2014-02-06T22:00:00.000Z,(De-)Construction. Reality and Fiction,2014-04-26T21:00:00.000Z,https://www.artsy.net/show/pinchukartcentre-de-construction-reality-and-fiction,PinchukArtCentre
9535,2014-08-21T00:00:00.000Z,"John Peart, Monochromes and Duochromes",2014-09-13T23:59:00.000Z,https://www.artsy.net/show/charles-nodrum-gallery-john-peart-monochromes-and-duochromes,Charles Nodrum Gallery
9536,2014-06-19T15:00:00.000Z,Galerija Gregor Podnar at Art Basel 2014,2014-06-22T23:00:00.000Z,https://www.artsy.net/show/galerija-gregor-podnar-galerija-gregor-podnar-at-art-basel-2014,Galerija Gregor Podnar
9537,2014-05-15T10:01:00.000Z,Arataniurano at Art Basel Hong Kong 2014,2014-05-18T10:01:00.000Z,https://www.artsy.net/show/arataniurano-arataniurano-at-art-basel-hong-kong-2014,URANO
9538,2018-08-02T12:00:00.000Z,"REVEAL Art Fair, Saratoga Spring, NY",2018-08-05T12:00:00.000Z,https://www.artsy.net/show/imlay-gallery-reveal-art-fair-saratoga-spring-ny,Imlay Gallery
9539,2015-09-08T12:00:00.000Z,John Rose: Knot Chaos,2015-10-10T12:00:00.000Z,https://www.artsy.net/show/robert-berman-gallery-john-rose-knot-chaos,Robert Berman Gallery
9540,2014-06-18T15:00:00.000Z,Round,2014-07-11T15:00:00.000Z,https://www.artsy.net/show/gallery-lvs-round,Gallery LVS
9541,2014-02-05T05:00:00.000Z,Odabashian at Zona MACO 2014,2014-02-09T05:00:00.000Z,https://www.artsy.net/show/odabashian-odabashian-at-zona-maco-2014,Odabashian
9542,2018-06-16T12:00:00.000Z,Forgetting the Words,2018-07-29T12:00:00.000Z,https://www.artsy.net/show/river-forgetting-the-words,River
9543,2015-05-14T18:10:00.000Z,David Benrimon Fine Art at Art Miami New York 2015,2015-05-17T18:10:00.000Z,https://www.artsy.net/show/david-benrimon-fine-art-david-benrimon-fine-art-at-art-miami-new-york-2015-1,David Benrimon Fine Art
9544,2013-09-06T04:00:00.000Z,CLUTCH,2013-11-08T05:00:00.000Z,https://www.artsy.net/show/shanghart-clutch-1,ShanghART
9545,2011-05-27T12:00:00.000Z,MARCELLO LO GIUDICE | EARTH ARTIST,2011-10-18T12:00:00.000Z,https://www.artsy.net/show/abc-arte-marcello-lo-giudice-earth-artist,ABC-ARTE
9546,2015-02-05T12:00:00.000Z,"Simon Norfolk \""Stratographs\",2015-03-21T12:00:00.000Z,https://www.artsy.net/show/benrubi-gallery-simon-norfolk-stratographs,Benrubi Gallery
9547,2015-07-01T12:00:00.000Z,Summer '15,2015-08-29T12:00:00.000Z,https://www.artsy.net/show/c-grimaldis-gallery-summer-15,C. Grimaldis Gallery
9548,2018-11-09T12:00:00.000Z,Hyunmee Lee | 2018,2018-11-25T12:00:00.000Z,https://www.artsy.net/show/nuart-gallery-hyunmee-lee-2018,Nüart Gallery
9549,2015-10-03T12:00:00.000Z,Proto5533: the ways we stand by,2015-10-24T12:00:00.000Z,https://www.artsy.net/show/protocinema-proto5533-the-ways-we-stand-by,Protocinema
9550,2009-09-24T12:00:00.000Z,"Heads and Tails: Hommage to Merce, solo exhibition by Jackie Matisse",2009-10-31T12:00:00.000Z,https://www.artsy.net/show/baahng-gallery-heads-and-tails-hommage-to-merce-solo-exhibition-by-jackie-matisse,Baahng Gallery
9551,2013-05-23T12:00:00.000Z,Albert Oehlen,2013-07-26T12:00:00.000Z,https://www.artsy.net/show/gagosian-gallery-albert-oehlen,Gagosian
9552,2014-09-10T17:00:00.000Z,Ignacio Liprandi Arte Contemporáneo at ArtRio 14,2014-09-14T00:00:00.000Z,https://www.artsy.net/show/ignacio-liprandi-arte-contemporaneo-ignacio-liprandi-arte-contemporaneo-at-artrio-14,Ignacio Liprandi Arte Contemporáneo
9553,2018-09-06T00:00:00.000Z,Pop/Off/Art at Cosmoscow 2018,2018-09-09T18:00:00.000Z,https://www.artsy.net/show/pop-slash-off-slash-art-pop-slash-off-slash-art-at-cosmoscow-2018,pop/off/art
9554,2015-12-03T10:00:00.000Z,GALLERYSKE at Art Basel in Miami Beach 2015,2015-12-06T18:00:00.000Z,https://www.artsy.net/show/galleryske-galleryske-at-art-basel-in-miami-beach-2015,GALLERYSKE
9555,2017-07-01T12:00:00.000Z,Nobuyuki Takahashi: お茶の時間 / take a break,2017-08-19T12:00:00.000Z,https://www.artsy.net/show/rena-bransten-gallery-nobuyuki-takahashi-ocha-falseshi-jian-slash-take-a-break,Rena Bransten Gallery
9556,2014-05-09T16:00:00.000Z,Steven Zevitas at NADA New York 2014,2014-05-11T16:00:00.000Z,https://www.artsy.net/show/steven-zevitas-steven-zevitas-at-nada-new-york-2014,Steven Zevitas
9557,2013-09-19T00:00:00.000Z,"OVER-EXPOSED Solo Exhibition by Jonas \""SUN7\"" Bournat",2013-10-12T23:59:00.000Z,https://www.artsy.net/show/catherine-ahnell-gallery-over-exposed-solo-exhibition-by-jonas-sun7-bournat,Catherine Ahnell Gallery
9558,2013-02-17T12:00:00.000Z,"Evgeny Antufiev | Twelve, wood, dolphin, knife, bowl, mask, crystal, bones and marble – fusion. Exploring materials",2013-07-31T12:00:00.000Z,https://www.artsy.net/show/collezione-maramotti-evgeny-antufiev-twelve-wood-dolphin-knife-bowl-mask-crystal-bones-and-marble-fusion-exploring-materials,Collezione Maramotti
9559,2015-04-08T12:00:00.000Z,Assaf Gruber: Citizen in the Making,2015-04-25T12:00:00.000Z,https://www.artsy.net/show/eigen-plus-art-lab-assaf-gruber-citizen-in-the-making,EIGEN + ART Lab
9560,2014-09-13T00:00:00.000Z,Tobias Lehner - Triplex,2014-10-11T23:59:00.000Z,https://www.artsy.net/show/galerie-kleindienst-tobias-lehner-triplex,Galerie Kleindienst
9561,2018-05-17T12:00:00.000Z,Zak Kitnick: Craftsman by Sears at Kmart,2018-07-06T12:00:00.000Z,https://www.artsy.net/show/ribordy-contemporary-zak-kitnick-craftsman-by-sears-at-kmart,RIBORDY THETAZ
9562,2018-06-20T12:00:00.000Z,KINO DER KUNST,2018-07-29T12:00:00.000Z,https://www.artsy.net/show/dirimart-kino-der-kunst,Dirimart
9563,2014-07-05T00:00:00.000Z,Selection from Grey East at Glenn Horowitz Bookseller in East Hampton,2014-09-01T23:59:00.000Z,https://www.artsy.net/show/grey-area-selection-from-grey-east-at-glenn-horowitz-bookseller-in-east-hampton,Grey Area
9564,2017-03-02T12:00:00.000Z,"Salotto \""Angela Missoni\",2017-05-22T12:00:00.000Z,https://www.artsy.net/show/kreemart-salotto-angela-missoni,Kreëmart
9565,2015-07-04T12:00:00.000Z,THE ETERNAL AQUATIC 水生万象 - Christy Lee Rogers,2015-08-18T12:00:00.000Z,https://www.artsy.net/show/art-labor-gallery-the-eternal-aquatic-shui-sheng-mo-xiang-christy-lee-rogers,ART LABOR Gallery
9566,2015-04-04T12:00:00.000Z,Zhou Wendou: BORDERLESS,2015-05-24T12:00:00.000Z,https://www.artsy.net/show/de-sarthe-gallery-zhou-wendou-borderless,de Sarthe Gallery
9567,2015-06-26T12:00:00.000Z,"Anthony McCall: Notebooks & Duration Drawings, 1972-2013",2015-07-31T12:00:00.000Z,https://www.artsy.net/show/sean-kelly-gallery-anthony-mccall-notebooks-and-duration-drawings-1972-2013,Sean Kelly Gallery
9568,2015-04-09T10:00:00.000Z,Galeria Murilo Castro at SP-Arte 2015,2015-04-12T18:00:00.000Z,https://www.artsy.net/show/galeria-murilo-castro-galeria-murilo-castro-at-sp-arte-2015,Galeria Murilo Castro
9569,2015-11-12T12:00:00.000Z,Fred Sandback,2015-12-23T12:00:00.000Z,https://www.artsy.net/show/galerie-hubert-winter-fred-sandback,Galerie Hubert Winter
9570,2018-05-03T12:00:00.000Z,Katibeh (Epigraph) by Babak Rashvand,2018-05-17T12:00:00.000Z,https://www.artsy.net/show/orient-gallery-katibeh-epigraph-by-babak-rashvand,Orient Gallery
9571,2015-10-14T10:00:00.000Z,Daniel Blau at Frieze Masters 2015,2015-10-18T17:00:00.000Z,https://www.artsy.net/show/daniel-blau-daniel-blau-at-frieze-masters-2015,Daniel Blau
9572,2015-03-29T12:00:00.000Z,Inhuman,2015-06-14T12:00:00.000Z,https://www.artsy.net/show/fridericianum-inhuman,Fridericianum
9573,2015-08-13T12:00:00.000Z,Artists in Their Time,2017-06-04T12:00:00.000Z,https://www.artsy.net/show/istanbul-modern-artists-in-their-time-1,Istanbul Modern
9574,2015-06-18T12:54:00.000Z,Borzo modern & contemporary art at Art Basel 2015,2015-06-21T17:00:00.000Z,https://www.artsy.net/show/borzo-modern-and-contemporary-art-borzo-modern-and-contemporary-art-at-art-basel-2015,BorzoGallery
9575,2015-04-01T12:00:00.000Z,Keys to a Passion,2015-07-06T12:00:00.000Z,https://www.artsy.net/show/fondation-louis-vuitton-keys-to-a-passion,Fondation Louis Vuitton
9576,2017-09-08T12:00:00.000Z,Matthias Bitzer: Fei's Sphären,2017-11-04T12:00:00.000Z,https://www.artsy.net/show/kadel-willborn-matthias-bitzer-feis-spharen,Kadel Willborn
9577,2018-01-12T12:00:00.000Z,Intérieurs - curated by Sarkis - with works by Eugène Leroy and Sarkis,2018-03-17T12:00:00.000Z,https://www.artsy.net/show/galerie-nathalie-obadia-interieurs-curated-by-sarkis-with-works-by-eugene-leroy-and-sarkis,Galerie Nathalie Obadia
9578,2017-09-12T12:00:00.000Z,Colin Watson - The Presence,2017-09-29T12:00:00.000Z,https://www.artsy.net/show/john-martin-gallery-colin-watson-the-presence,John Martin Gallery
9579,2015-04-08T12:00:00.000Z,SERGIO PURTELL | IN BROOKLYN: ARCHITECTURES OF DISAPPEARANCE,2015-05-16T12:00:00.000Z,https://www.artsy.net/show/art-3-sergio-purtell-in-brooklyn-architectures-of-disappearance,SILAS VON MORISSE gallery
9580,2015-01-31T12:00:00.000Z,The Artists of Tomorrow 2015,2015-02-28T12:00:00.000Z,https://www.artsy.net/show/arts-mart-the-artists-of-tomorrow-2015,Arts-Mart
9581,2013-05-23T04:00:00.000Z,BolteLang at Art Basel Hong Kong 2013,2013-05-26T04:00:00.000Z,https://www.artsy.net/show/boltelang-boltelang-at-art-basel-hong-kong-2013,BolteLang
9582,2017-11-02T12:00:00.000Z,Color and Meaning,2017-11-22T12:00:00.000Z,https://www.artsy.net/show/carter-burden-gallery-color-and-meaning,Carter Burden Gallery
9583,2015-04-09T12:00:00.000Z,Mother Nature on the Run,2015-05-02T12:00:00.000Z,https://www.artsy.net/show/castor-gallery-mother-nature-on-the-run,Castor Gallery
9584,2018-05-24T00:00:00.000Z,Isla Flotante at arteBA 2018,2018-05-27T21:00:00.000Z,https://www.artsy.net/show/isla-flotante-isla-flotante-at-arteba-2018,Isla Flotante
9585,2017-06-22T12:00:00.000Z,KICKIN‘ THE TIRES. MATTHEW DELEGET [US] + NATALIE REUSSER [CH],2017-07-22T12:00:00.000Z,https://www.artsy.net/show/dr-julius-ap-kickin-the-tires-matthew-deleget-us-plus-natalie-reusser-ch,dr. julius | ap
9586,2015-01-10T12:00:00.000Z,Reconstructed.,2015-02-28T12:00:00.000Z,https://www.artsy.net/show/fp-contemporary-reconstructed,FP Contemporary
9587,2018-08-31T12:00:00.000Z,Martin Schwenk. First-Order Variants.,2018-09-29T12:00:00.000Z,https://www.artsy.net/show/galerie-obrist-martin-schwenk-first-order-variants,Galerie Obrist
9588,2015-11-18T13:51:00.000Z,Dierking at Cologne Fine Art 2015,2015-11-22T13:51:00.000Z,https://www.artsy.net/show/dierking-dierking-at-cologne-fine-art-2015,Dierking
9589,2015-09-11T06:58:00.000Z,INTER ART CENTER / GALLERY at Photo Shanghai 2015,2015-09-13T06:58:00.000Z,https://www.artsy.net/show/inter-art-center-slash-gallery-inter-art-center-slash-gallery-at-photo-shanghai-2015,INTER ART CENTER / GALLERY
9590,2018-02-03T12:00:00.000Z,FLASH,2018-02-24T12:00:00.000Z,https://www.artsy.net/show/spoke-art-flash,Spoke Art
9591,2018-06-13T12:00:00.000Z,Of Land and Sea,2018-07-11T12:00:00.000Z,https://www.artsy.net/show/art-salon-of-land-and-sea,Art Salon
9592,2018-06-09T12:00:00.000Z,Janna Watson | Patterns of Up and Down,2018-06-23T12:00:00.000Z,https://www.artsy.net/show/bau-xi-gallery-janna-watson-patterns-of-up-and-down,Bau-Xi Gallery
9593,2015-10-01T12:00:00.000Z,Cosmocosa at ARTBO 2015,2015-10-04T18:00:00.000Z,https://www.artsy.net/show/cosmocosa-cosmocosa-at-artbo-2015,Cosmocosa
9594,2017-04-29T12:00:00.000Z,Gerard Koek - 'WORDS & RECOLLECTIONS',2017-06-10T12:00:00.000Z,https://www.artsy.net/show/galerie-bart-gerard-koek-words-and-recollections,Galerie Bart
9595,2018-09-07T12:00:00.000Z,Odyssey: A 35-year Journey,2018-10-08T12:00:00.000Z,https://www.artsy.net/show/thomas-deans-fine-art-odyssey-a-35-year-journey,Thomas Deans Fine Art
9596,2015-04-11T12:00:00.000Z,Richard Serra: Reversals,2015-05-22T12:00:00.000Z,https://www.artsy.net/show/gemini-gel-richard-serra-reversals,Gemini G.E.L.
9597,2014-01-30T15:00:00.000Z,Altman Siegel at Art Los Angeles Contemporary 2014,2014-02-02T15:00:00.000Z,https://www.artsy.net/show/altman-siegel-altman-siegel-at-art-los-angeles-contemporary-2014-1,Altman Siegel
9598,2016-06-25T12:00:00.000Z,SHINE,2016-08-13T12:00:00.000Z,https://www.artsy.net/show/fp-contemporary-shine,FP Contemporary
9599,2018-06-08T12:00:00.000Z,Ryan Sarah Murphy | Terraforming,2018-06-24T12:00:00.000Z,https://www.artsy.net/show/ground-floor-gallery-ryan-sarah-murphy-terraforming,Ground Floor Gallery
9600,2015-05-12T12:00:00.000Z,David Maljkovic,2015-07-31T12:00:00.000Z,https://www.artsy.net/show/metro-pictures-david-maljkovic-1,Metro Pictures
9601,2015-09-08T12:00:00.000Z,Thaddeus Wolfe: New Work,2015-10-20T12:00:00.000Z,https://www.artsy.net/show/r-and-company-thaddeus-wolfe-new-work,R & Company
9602,2015-06-18T12:54:00.000Z,Sies + Höke at Art Basel 2015,2015-06-21T17:00:00.000Z,https://www.artsy.net/show/sies-plus-hoke-1-sies-plus-hoke-at-art-basel-2015-1,Sies + Höke
9603,2018-09-07T12:00:00.000Z,"DC Open - Banz und Bowinkel, Arno Beck, Dominik Halmer",2018-10-20T12:00:00.000Z,https://www.artsy.net/show/falko-alexander-dc-open-banz-und-bowinkel-arno-beck-dominik-halmer,Falko Alexander
9604,2014-05-15T10:01:00.000Z,Hanart TZ Gallery at Art Basel Hong Kong 2014,2014-05-18T10:01:00.000Z,https://www.artsy.net/show/hanart-tz-gallery-hanart-tz-gallery-at-art-basel-hong-kong-2014,Hanart TZ Gallery
9605,2018-11-15T12:00:00.000Z,"Eric Yahnker \""Factory Reset\",2018-12-23T12:00:00.000Z,https://www.artsy.net/show/the-hole-eric-yahnker-factory-reset,The Hole
9606,2015-10-14T10:00:00.000Z,Mary Mary at Frieze London 2015,2015-10-17T17:00:00.000Z,https://www.artsy.net/show/mary-mary-mary-mary-at-frieze-london-2015,Mary Mary
9607,2015-12-04T12:00:00.000Z,Great Moments in Art: The Whimsical Works of Stephen Hansen,2016-01-30T12:00:00.000Z,https://www.artsy.net/show/zenith-gallery-great-moments-in-art-the-whimsical-works-of-stephen-hansen,Zenith Gallery
9608,2018-07-07T12:00:00.000Z,Darlene Cole,2018-07-16T12:00:00.000Z,https://www.artsy.net/show/galerie-de-bellefeuille-darlene-cole-2,Galerie de Bellefeuille
9609,2015-10-07T08:00:00.000Z,Leeahn Gallery at KIAF 2015,2015-10-11T20:00:00.000Z,https://www.artsy.net/show/leeahn-gallery-leeahn-gallery-at-kiaf-2015,Leeahn Gallery
9610,2014-03-06T00:00:00.000Z,Art Fair Tokyo 2014,2014-03-09T23:59:00.000Z,https://www.artsy.net/show/kamiya-art-art-fair-tokyo-2014,"Kami ya Co., Ltd."
9611,2014-09-10T17:00:00.000Z,Revolver Galería at ArtRio 14,2014-09-15T01:00:00.000Z,https://www.artsy.net/show/revolver-galeria-revolver-galeria-at-artrio-14,Revolver Galería
9612,2015-11-06T12:00:00.000Z,Man of Extremes,2015-12-19T12:00:00.000Z,https://www.artsy.net/show/benjaman-gallery-group-man-of-extremes,Benjaman Gallery Group
9613,2015-12-21T12:00:00.000Z,Giuseppe Amadio: Recent Works,2016-02-12T12:00:00.000Z,https://www.artsy.net/show/jerome-zodo-gallery-giuseppe-amadio-recent-works,Jerome Zodo Gallery
9614,2014-05-06T21:00:00.000Z,Andy Warhol: Pop Art for Everyone,2014-07-19T21:00:00.000Z,https://www.artsy.net/show/pera-museum-andy-warhol-pop-art-for-everyone,Pera Museum
9615,2017-07-06T12:00:00.000Z,LIBERTY.,2017-07-29T12:00:00.000Z,https://www.artsy.net/show/koplin-del-rio-liberty,Koplin Del Rio
9616,2015-01-09T12:00:00.000Z,Light Break - Photography / Light Therapy,2015-02-14T12:00:00.000Z,https://www.artsy.net/show/martin-asbaek-gallery-light-break-photography-slash-light-therapy,Martin Asbæk Gallery
9617,2014-12-13T12:00:00.000Z,Double Life,2015-03-15T12:00:00.000Z,https://www.artsy.net/show/contemporary-arts-museum-houston-double-life,Contemporary Arts Museum Houston
9618,2015-11-05T18:59:00.000Z,Highpoint Editions at The Editions/Artists’ Books (E/AB) Fair,2015-11-08T18:59:00.000Z,https://www.artsy.net/show/highpoint-editions-highpoint-editions-at-the-editions-slash-artists-books-e-slash-ab-fair,Highpoint Editions
9619,2015-12-01T11:00:00.000Z,Allouche Gallery at Art on Paper Miami 2015,2015-12-06T18:00:00.000Z,https://www.artsy.net/show/allouche-gallery-allouche-gallery-at-art-on-paper-miami-2015,Allouche Gallery
9620,2014-04-07T12:00:00.000Z,THEATER OF WAR: Paul Endres Jr.'s Tales of the American Burden,2014-06-14T12:00:00.000Z,https://www.artsy.net/show/childs-gallery-theater-of-war-paul-endres-jr-dot-s-tales-of-the-american-burden,Childs Gallery
9621,2013-02-21T05:00:00.000Z,Richard Prince: Cowboys,2013-04-06T04:00:00.000Z,https://www.artsy.net/show/gagosian-gallery-richard-prince-cowboys,Gagosian
9622,2015-11-12T11:18:00.000Z,Galerie Julian Sander at Paris Photo 2015,2015-11-15T11:18:00.000Z,https://www.artsy.net/show/galerie-julian-sander-galerie-julian-sander-at-paris-photo-2015,Galerie Julian Sander
9623,2015-01-22T15:19:00.000Z,Kick Gallery at Art Stage Singapore 2015,2015-01-25T15:19:00.000Z,https://www.artsy.net/show/kick-gallery-kick-gallery-at-art-stage-singapore-2015,Kick Gallery
9624,2014-09-26T12:00:00.000Z,Kerlin Gallery at ArtInternational 2014,2014-09-28T18:00:00.000Z,https://www.artsy.net/show/kerlin-gallery-kerlin-gallery-at-artinternational-2014,Kerlin Gallery
9625,2015-01-22T15:19:00.000Z,Mark Hachem Gallery at Art Stage Singapore 2015,2015-01-25T15:19:00.000Z,https://www.artsy.net/show/mark-hachem-gallery-mark-hachem-gallery-at-art-stage-singapore-2015,Mark Hachem Gallery
9626,2013-12-05T05:00:00.000Z,Reena Spaulings Fine Art at Art Basel in Miami Beach 2013,2013-12-08T05:00:00.000Z,https://www.artsy.net/show/reena-spaulings-fine-art-reena-spaulings-fine-art-at-art-basel-in-miami-beach-2013,Reena Spaulings Fine Art
9627,2015-11-07T12:00:00.000Z,Eduardo Stupia | Escenas de un viaje (Scenes from a Journey),2016-01-16T12:00:00.000Z,https://www.artsy.net/show/baro-galeria-eduardo-stupia-escenas-de-un-viaje-scenes-from-a-journey,Baró Galeria
9628,2015-03-27T12:00:00.000Z,Michelle Stuart: Trace Memory: Selected Works 1969–2015,2015-05-09T12:00:00.000Z,https://www.artsy.net/show/parafin-michelle-stuart-trace-memory-selected-works-1969-2015,Parafin
9629,2014-01-04T12:00:00.000Z,Reclaiming the Lost Territories | Chen Chun-Hao Solo Exhibition,2014-01-26T12:00:00.000Z,https://www.artsy.net/show/tina-keng-gallery-1-reclaiming-the-lost-territories-chen-chun-hao-solo-exhibition,Tina Keng Gallery
9630,2015-09-25T12:00:00.000Z,Folded Flat,2015-10-31T12:00:00.000Z,https://www.artsy.net/show/galerie-nikolaus-ruzicska-folded-flat,Galerie Nikolaus Ruzicska
9631,2015-03-12T12:00:00.000Z,Gregor Hildebrandt: Coming by Hazard,2015-04-25T12:00:00.000Z,https://www.artsy.net/show/galerie-perrotin-gregor-hildebrandt-coming-by-hazard,Perrotin
9632,2013-11-22T12:00:00.000Z,Maiken Bent – Rattle Clank Jingle Keys Locked @ Der Würfel,2014-02-08T12:00:00.000Z,https://www.artsy.net/show/neumeister-bar-am-maiken-bent-rattle-clank-jingle-keys-locked-at-der-wurfel,Neumeister Bar-Am
9633,2015-09-10T12:00:00.000Z,Galeria Raquel Arnaud at ArtRio 2015,2015-09-13T18:00:00.000Z,https://www.artsy.net/show/galeria-raquel-arnaud-galeria-raquel-arnaud-at-artrio-2015,Galeria Raquel Arnaud
9634,2015-04-15T12:00:00.000Z,Distance مسافة,2015-07-31T12:00:00.000Z,https://www.artsy.net/show/hafez-gallery-distance-msf-at,Hafez Gallery
9635,2017-05-24T12:00:00.000Z,FRANCESCO CLEMENTE: ALBA,2017-09-13T12:00:00.000Z,https://www.artsy.net/show/javier-lopez-and-fer-frances-francesco-clemente-alba,Javier Lopez & Fer Frances
9636,2015-07-09T12:00:00.000Z,"PRESENT 5: Roger Mandle presents John Havens Thornton, The Layers",2015-09-05T12:00:00.000Z,https://www.artsy.net/show/josee-bienvenu-present-5-roger-mandle-presents-john-havens-thornton-the-layers,Josée Bienvenu
9637,2015-11-19T12:00:00.000Z,The Hunt - Robert Brambora,2016-01-03T12:00:00.000Z,https://www.artsy.net/show/cultural-avenue-the-hunt-robert-brambora,Cultural Avenue
9638,2015-09-17T12:00:00.000Z,Mark My Words,2015-10-24T12:00:00.000Z,https://www.artsy.net/show/gemini-gel-at-joni-moisant-weyl-mark-my-words,Gemini G.E.L. at Joni Moisant Weyl
9639,2014-06-12T12:00:00.000Z,Minas Retrospective,2014-07-27T12:00:00.000Z,https://www.artsy.net/show/kourd-gallery-minas-retrospective,Kourd Gallery
9640,2014-04-10T23:00:00.000Z,How To Work Together: Ella Kruglyanskaya,2014-06-07T23:00:00.000Z,https://www.artsy.net/show/studio-voltaire-how-to-work-together-ella-kruglyanskaya,Studio Voltaire
9641,2014-10-10T00:00:00.000Z,Popcorn - Clairelynn Uy solo show,2014-10-31T23:59:00.000Z,https://www.artsy.net/show/tin-aw-popcorn-clairelynn-uy-solo-show,Tin-aw
9642,2015-04-17T12:00:00.000Z,Motherwell as Printmaker: The Artist at Work,2015-05-16T12:00:00.000Z,https://www.artsy.net/show/dedalus-foundation-motherwell-as-printmaker-the-artist-at-work,Dedalus Foundation
9643,2015-11-15T12:00:00.000Z,Beyond Gravity,2015-12-16T12:00:00.000Z,https://www.artsy.net/show/galerie-richard-beyond-gravity,Galerie Richard
9644,2017-06-29T17:46:00.000Z,Osborne Samuel at Masterpiece London 2017,2017-07-05T17:46:00.000Z,https://www.artsy.net/show/osborne-samuel-osborne-samuel-at-masterpiece-london-2017,Osborne Samuel
9645,2015-01-29T12:00:00.000Z,Natural Histories,2015-03-21T12:00:00.000Z,https://www.artsy.net/show/gagosian-gallery-natural-histories,Gagosian
9646,2014-04-23T16:00:00.000Z,Movement - HUNG Fai,2014-05-09T16:00:00.000Z,https://www.artsy.net/show/grotto-fine-art-limited-movement-hung-fai,Grotto Fine Art Limited
9647,2015-10-14T12:00:00.000Z,Hamiltons Gallery at PAD London 2015,2015-10-18T12:00:00.000Z,https://www.artsy.net/show/hamiltons-gallery-hamiltons-gallery-at-pad-london-2015,Hamiltons Gallery
9648,2015-09-03T12:00:00.000Z,Contemporary Expressions & Recent Sculptures by Jorge Blanco,2015-10-03T12:00:00.000Z,https://www.artsy.net/show/o-ascanio-gallery-contemporary-expressions-and-recent-sculptures-by-jorge-blanco,O. Ascanio Gallery
9649,2013-12-05T05:00:00.000Z,Knowmoregames at NADA Miami Beach 2013,2013-12-08T05:00:00.000Z,https://www.artsy.net/show/knowmoregames-knowmoregames-at-nada-miami-beach-2013,Knowmoregames
9650,2015-07-04T12:00:00.000Z,"\""Sunscreen\"" - Group Show",2015-08-22T12:00:00.000Z,https://www.artsy.net/show/newzones-sunscreen-group-show,Newzones
9651,2013-12-04T05:00:00.000Z,R 20th Century Gallery at Design Miami/ 2013,2013-12-08T05:00:00.000Z,https://www.artsy.net/show/r-20th-century-gallery-r-20th-century-gallery-at-design-miami-slash-2013,R & Company
9652,2015-11-06T12:00:00.000Z,Repetto Gallery at Artissima 2015,2015-11-08T12:00:00.000Z,https://www.artsy.net/show/repetto-gallery-repetto-gallery-at-artissima-2015,Repetto Gallery
9653,2015-05-01T12:00:00.000Z,Six Artists Etching,2015-05-31T12:00:00.000Z,https://www.artsy.net/show/shoestring-press-six-artists-etching,Shoestring Press
9654,2017-09-12T12:00:00.000Z,Black Artists of Today: Reinventing Tomorrow,2018-01-06T12:00:00.000Z,https://www.artsy.net/show/zenith-gallery-black-artists-of-today-reinventing-tomorrow,Zenith Gallery
9655,2009-03-06T12:00:00.000Z,PISTA - Nicoykatiushka,2009-04-11T12:00:00.000Z,https://www.artsy.net/show/die-ecke-arte-contemporaneo-pista-nicoykatiushka,Die Ecke Arte Contemporáneo
9656,2017-09-06T12:00:00.000Z,Steve Greene. Afterimage,2017-10-15T12:00:00.000Z,https://www.artsy.net/show/frosch-and-portmann-steve-greene-afterimage,frosch&portmann
9657,2015-02-17T12:00:00.000Z,Alkis Pierrakos,2015-03-21T12:00:00.000Z,https://www.artsy.net/show/kourd-gallery-alkis-pierrakos,Kourd Gallery
9658,2016-11-30T12:00:00.000Z,"Taymour Grahne Gallery at UNTITLED, Miami Beach 2016",2016-12-04T12:00:00.000Z,https://www.artsy.net/show/taymour-grahne-gallery-taymour-grahne-gallery-at-untitled-miami-beach-2016,Taymour Grahne Projects
9659,2015-09-10T12:00:00.000Z,Anita Schwartz Galeria de Arte at ArtRio 2015,2015-09-13T18:00:00.000Z,https://www.artsy.net/show/anita-schwartz-galeria-de-arte-anita-schwartz-galeria-de-arte-at-artrio-2015,Anita Schwartz Galeria de Arte
9660,2018-03-03T12:00:00.000Z,Takesada Matsutani: Selected Works 1972-2017,2018-04-20T12:00:00.000Z,https://www.artsy.net/show/bergamin-and-gomide-takesada-matsutani-selected-works-1972-2017,Bergamin & Gomide
9661,2013-09-18T04:00:00.000Z,Boiler Galeria at Berliner-Liste,2013-09-22T04:00:00.000Z,https://www.artsy.net/show/boiler-galeria-boiler-galeria-at-berliner-liste,Boiler Galeria
9662,2018-11-15T12:00:00.000Z,"Galerie Knoell, Basel at Art Düsseldorf 2018",2018-11-18T12:00:00.000Z,https://www.artsy.net/show/galerie-knoell-basel-galerie-knoell-basel-at-art-dusseldorf-2018,"Galerie Knoell, Basel"
9663,2014-06-19T15:00:00.000Z,Georg Kargl Fine Arts at Art Basel 2014,2014-06-22T23:00:00.000Z,https://www.artsy.net/show/georg-kargl-fine-arts-georg-kargl-fine-arts-at-art-basel-2014,Georg Kargl Fine Arts
9664,2017-09-21T12:00:00.000Z,SARIEV Contemporary at viennacontemporary 2017,2017-09-24T18:00:00.000Z,https://www.artsy.net/show/sariev-contemporary-sariev-contemporary-at-viennacontemporary-2017,SARIEV Contemporary
