row_id,startdate,name,enddate,page_url,location.name
741,2017-06-17T12:00:00.000Z,Marina Abramovic: The Cleaner,2017-10-22T12:00:00.000Z,https://www.artsy.net/show/louisiana-museum-of-modern-art-marina-abramovic-the-cleaner,Louisiana Museum of Modern Art
742,2014-09-04T00:00:00.000Z,Johannes VanDerBeek: Early Hand,2014-10-04T23:59:00.000Z,https://www.artsy.net/show/zach-feuer-johannes-vanderbeek-early-hand,Feuer/Mesler
743,2015-03-18T08:08:00.000Z,Latitude 28 at Art Dubai 2015,2015-03-21T08:08:00.000Z,https://www.artsy.net/show/latitude-28-latitude-28-at-art-dubai-2015,Latitude 28
744,2015-06-09T12:00:00.000Z,Leighton’s Flaming June,2015-09-06T12:00:00.000Z,https://www.artsy.net/show/the-frick-collection-leightons-flaming-june,The Frick Collection
745,2013-06-01T12:00:00.000Z,700 Snowballs - Not Vidal,2013-09-29T12:00:00.000Z,https://www.artsy.net/show/abbazia-di-san-giorgio-maggiore-700-snowballs-not-vidal,Abbazia di San Giorgio Maggiore
746,2015-04-09T12:00:00.000Z,Julie Mehretu: Paintings & Works on Paper,2015-05-16T12:00:00.000Z,https://www.artsy.net/show/john-berggruen-gallery-julie-mehretu-paintings-and-works-on-paper,Berggruen Gallery
747,2015-11-26T12:00:00.000Z,"Nell, Let There Be Robe",2015-12-18T12:00:00.000Z,https://www.artsy.net/show/roslyn-oxley9-gallery-nell-let-there-be-robe,Roslyn Oxley9 Gallery
748,2015-12-10T12:00:00.000Z,Adeel uz Zafar | Monomania,2016-01-23T12:00:00.000Z,https://www.artsy.net/show/aicon-gallery-adeel-uz-zafar-monomania,Aicon Gallery
749,2014-02-13T05:00:00.000Z,Beatriz Esguerra Art at Art Wynwood 2014,2014-02-17T05:00:00.000Z,https://www.artsy.net/show/beatriz-esguerra-art-beatriz-esguerra-art-at-art-wynwood-2014,Beatriz Esguerra Art
750,2018-08-03T12:00:00.000Z,Denise Bibro Fine Art at REVEAL International Contemporary Art Fair 2018,2018-08-05T12:00:00.000Z,https://www.artsy.net/show/denise-bibro-fine-art-denise-bibro-fine-art-at-reveal-international-contemporary-art-fair-2018,Denise Bibro Fine Art
751,2015-11-12T14:34:00.000Z,Il Chiostro Arte Contemporanea at Contemporary Istanbul 2015,2015-11-15T14:34:00.000Z,https://www.artsy.net/show/il-chiostro-arte-contemporanea-il-chiostro-arte-contemporanea-at-contemporary-istanbul-2015,Il Chiostro Arte Contemporanea
752,2017-06-23T12:00:00.000Z,"Richard Tuttle | books, multiples, prints, writings and new projects",2017-07-29T12:00:00.000Z,https://www.artsy.net/show/galerie-christian-lethert-richard-tuttle-books-multiples-prints-writings-and-new-projects,Galerie Christian Lethert
753,2014-10-01T12:00:00.000Z,Early years,2015-01-10T12:00:00.000Z,https://www.artsy.net/show/nasui-collection-and-gallery-early-years,Nasui Collection & Gallery
754,2013-09-20T12:00:00.000Z,Alex Katz: Virtual Reality,2013-11-02T12:00:00.000Z,https://www.artsy.net/show/richard-gray-gallery-alex-katz-virtual-reality,Richard Gray Gallery
755,2015-05-23T12:00:00.000Z,Rattling of Shutters - a solo exhibition by Kirby Roxas,2015-06-12T12:00:00.000Z,https://www.artsy.net/show/tin-aw-rattling-of-shutters-a-solo-exhibition-by-kirby-roxas,Tin-aw
756,2014-09-07T12:00:00.000Z,"Ryan McGinley - \""YEARBOOK\",2014-10-12T12:00:00.000Z,https://www.artsy.net/show/team-gallery-ryan-mcginley-yearbook,Team Gallery
757,2015-04-21T12:00:00.000Z,"Family Affair: Sergei Isupov, Kadri Pärnamets, and Roosi Isupov",2015-06-07T12:00:00.000Z,https://www.artsy.net/show/ferrin-contemporary-family-affair-sergei-isupov-kadri-parnamets-and-roosi-isupov,Ferrin Contemporary
758,2015-09-12T12:00:00.000Z,This Ain't Main St.,2015-10-31T12:00:00.000Z,https://www.artsy.net/show/masters-projects-this-aint-main-st,Masters Projects
759,2014-09-04T12:00:00.000Z,Landview,2014-10-14T12:00:00.000Z,https://www.artsy.net/show/walter-otero-contemporary-art-landview,Walter Otero Contemporary Art
760,2014-06-17T04:00:00.000Z,Cristina Grajales Gallery at Design Miami/ Basel 2014,2014-06-22T04:00:00.000Z,https://www.artsy.net/show/cristina-grajales-gallery-cristina-grajales-gallery-at-design-miami-slash-basel-2014,Cristina Grajales Gallery
761,2009-04-03T12:00:00.000Z,Valery Koshlyakov - Towers,2009-05-15T12:00:00.000Z,https://www.artsy.net/show/fondazione-volume-valery-koshlyakov-towers-2,Fondazione VOLUME!
762,2015-05-15T08:28:00.000Z,Nomad Gallery at 1:54 Contemporary African Art Fair 2015,2015-05-17T08:28:00.000Z,https://www.artsy.net/show/nomad-gallery-nomad-gallery-at-1-54-contemporary-african-art-fair-2015,Nomad Gallery
763,2012-12-05T05:00:00.000Z,Victor Hunt at Design Miami/ 2012,2012-12-09T05:00:00.000Z,https://www.artsy.net/show/victor-hunt-designart-dealer-victor-hunt-at-design-miami-slash-2012,Victor Hunt Designart Dealer
764,2014-09-20T12:00:00.000Z,Implicit Manifestations,2015-01-17T12:00:00.000Z,https://www.artsy.net/show/braverman-gallery-implicit-manifestations,Braverman Gallery
765,2015-03-17T12:00:00.000Z,HANS-PETER FELDMANN - PAINTINGS,2015-05-03T12:00:00.000Z,https://www.artsy.net/show/louisiana-museum-of-modern-art-hans-peter-feldmann-paintings,Louisiana Museum of Modern Art
766,2015-01-08T12:00:00.000Z,"Diana Thater: Science, Fiction",2015-02-21T12:00:00.000Z,https://www.artsy.net/show/david-zwirner-diana-thater-science-fiction,David Zwirner
767,2015-01-31T12:00:00.000Z,"\""On Doing Laundry: The Idiot’s Guide to Undertaking Naughty Deeds and Getting Away with it.\"" 不洗更健康: 如何毫无顾忌地使坏之傻瓜指南",2015-04-22T12:00:00.000Z,https://www.artsy.net/show/island6-on-doing-laundry-the-idiots-guide-to-undertaking-naughty-deeds-and-getting-away-with-it-dot-bu-xi-geng-jian-kang-ru-he-hao-wu-gu-ji-di-shi-pi-zhi-sha-gua-zhi-nan,island6
768,2015-10-24T12:00:00.000Z,Animal Farm: The Paintings of Su Wong-shen,2016-02-14T12:00:00.000Z,https://www.artsy.net/show/taipei-fine-arts-museum-animal-farm-the-paintings-of-su-wong-shen,Taipei Fine Arts Museum
769,2015-10-13T12:00:00.000Z,Elmgreen & Dragset : Self Portraits,2015-11-07T12:00:00.000Z,https://www.artsy.net/show/victoria-miro-elmgreen-and-dragset-self-portraits,Victoria Miro
770,2018-06-23T12:00:00.000Z,"\""Splash\"" Summer Group Show",2018-08-11T12:00:00.000Z,https://www.artsy.net/show/fp-contemporary-splash-summer-group-show,FP Contemporary
771,2011-11-17T00:00:00.000Z,Waterways,2012-01-26T23:59:00.000Z,https://www.artsy.net/show/heather-gaudio-fine-art-waterways,Heather Gaudio Fine Art
772,2015-09-10T12:00:00.000Z,Joseph Raffael: Moving Toward the Light,2015-10-24T12:00:00.000Z,https://www.artsy.net/show/nancy-hoffman-gallery-joseph-raffael-moving-toward-the-light,Nancy Hoffman Gallery
773,2015-01-31T12:00:00.000Z,Mircea Cantor - 5775 (Part I),2015-03-07T12:00:00.000Z,https://www.artsy.net/show/dvir-gallery-mircea-cantor-5775-part-i,Dvir Gallery
774,2018-06-28T16:52:00.000Z,Peter Harrington Gallery at Masterpiece London 2018,2018-07-04T16:52:00.000Z,https://www.artsy.net/show/peter-harrington-gallery-peter-harrington-gallery-at-masterpiece-london-2018,Peter Harrington Gallery
775,2015-09-04T12:00:00.000Z,Jessie Pollock: Vernal Pools and Other Landscapes,2015-12-03T12:00:00.000Z,https://www.artsy.net/show/west-branch-gallery-jessie-pollock-vernal-pools-and-other-landscapes,West Branch Gallery
776,2013-05-08T04:00:00.000Z,R 20th Century Gallery at Collective .1 Design Fair 2013,2013-05-11T04:00:00.000Z,https://www.artsy.net/show/r-and-company-r-20th-century-gallery-at-collective-1-design-fair-2013,R & Company
777,2015-04-28T12:00:00.000Z,Thomas Houseago: Masks (Pentagon),2015-06-12T12:00:00.000Z,https://www.artsy.net/show/public-art-fund-thomas-houseago-masks-pentagon,Public Art Fund
778,2015-12-01T11:35:00.000Z,Repetto Gallery at Art Miami 2015,2015-12-06T11:35:00.000Z,https://www.artsy.net/show/repetto-gallery-repetto-gallery-at-art-miami-2015,Repetto Gallery
779,2014-11-04T12:00:00.000Z,Jeff Koons: Hulk,2015-10-05T12:00:00.000Z,https://www.artsy.net/show/belvedere-museum-jeff-koons-hulk,Belvedere Museum
780,2013-03-25T07:00:00.000Z,Abstract Mash-Up II,2013-05-25T07:00:00.000Z,https://www.artsy.net/show/crown-point-press-abstract-mash-up-ii,Crown Point Press
781,2018-05-04T12:00:00.000Z,Rebecca Allan: Debris Fields,2018-06-16T12:00:00.000Z,https://www.artsy.net/show/resource-art-rebecca-allan-debris-fields,Resource Art
782,2013-11-15T05:00:00.000Z,Wrong Chairs,2014-01-25T05:00:00.000Z,https://www.artsy.net/show/volume-gallery-wrong-chairs,Volume Gallery
783,2013-10-10T12:00:00.000Z,Dean Dempsey: Solo Show,2013-11-07T12:00:00.000Z,https://www.artsy.net/show/bosi-contemporary-dean-dempsey-solo-show,BOSI Contemporary
784,2015-01-08T00:00:00.000Z,Shelagh Keeley: Barcelona Pavilion,2015-01-31T23:59:00.000Z,https://www.artsy.net/show/circuit-gallery-shelagh-keeley-barcelona-pavilion,Circuit Gallery
785,2014-07-24T00:00:00.000Z,gallery nine5 at Art Southampton 2014,2014-08-30T23:59:00.000Z,https://www.artsy.net/show/gallery-nine5-gallery-nine5-at-art-southampton-2014,gallery nine 5
786,2015-12-03T10:00:00.000Z,hunt kastner at Art Basel in Miami Beach 2015,2015-12-06T18:00:00.000Z,https://www.artsy.net/show/hunt-kastner-hunt-kastner-at-art-basel-in-miami-beach-2015,hunt kastner
787,2015-03-05T12:00:00.000Z,Jack Shainman Gallery at The Armory Show 2015,2015-03-08T19:00:00.000Z,https://www.artsy.net/show/jack-shainman-gallery-jack-shainman-gallery-at-the-armory-show-2015,Jack Shainman Gallery
788,2014-05-09T16:00:00.000Z,Kate Werble Gallery at NADA New York 2014,2014-05-11T16:00:00.000Z,https://www.artsy.net/show/kate-werble-gallery-kate-werble-gallery-at-nada-new-york-2014,Kate Werble Gallery
789,2017-10-26T05:00:00.000Z,Luis Adelantado at ARTBO 2017,2017-10-29T12:00:00.000Z,https://www.artsy.net/show/luis-adelantado-luis-adelantado-at-artbo-2017,Luis Adelantado Valencia
790,2015-07-09T18:08:00.000Z,SPONDER GALLERY at Art Southampton 2015,2015-07-13T18:08:00.000Z,https://www.artsy.net/show/sponder-gallery-sponder-gallery-at-art-southampton-2015,SPONDER GALLERY
791,2014-12-04T12:00:00.000Z,T293 at Art Basel in Miami Beach 2014,2014-12-07T18:00:00.000Z,https://www.artsy.net/show/t293-t293-at-art-basel-in-miami-beach-2014,T293
792,2013-05-04T12:00:00.000Z,Under 38℃－ Fan Yang Tsung’s Solo Exhibition,2013-05-26T12:00:00.000Z,https://www.artsy.net/show/aki-gallery-under-38-fan-yang-tsungs-solo-exhibition,Aki Gallery
793,2013-10-15T23:00:00.000Z,Frank Bowling: The Map Paintings 1967-1971,2013-11-23T00:00:00.000Z,https://www.artsy.net/show/hales-gallery-frank-bowling-the-map-paintings-1967-1971,Hales Gallery
794,2015-04-30T12:00:00.000Z,Robert Frank Photographs: Park/Sleep & Partida,2015-06-13T12:00:00.000Z,https://www.artsy.net/show/pace-slash-macgill-gallery-robert-frank-photographs-park-slash-sleep-and-partida,Pace/MacGill Gallery
795,2014-02-06T05:00:00.000Z,Rachel Howard: Northern Echo,2014-02-21T05:00:00.000Z,https://www.artsy.net/show/blain-southern-rachel-howard-northern-echo,Blain | Southern
796,2014-05-14T00:00:00.000Z,Sophie Tottie - Material Marks (as far as I can reach),2014-09-12T23:59:00.000Z,https://www.artsy.net/show/giacomo-guidi-arte-contemporanea-sophie-tottie-material-marks-as-far-as-i-can-reach,Giacomo Guidi Arte Contemporanea
797,2014-05-02T04:00:00.000Z,Pat Steir: For Philadelphia,2014-06-21T04:00:00.000Z,https://www.artsy.net/show/locks-gallery-pat-steir-for-philadelphia,Locks Gallery
798,2017-09-02T12:00:00.000Z,Still Connected,2017-09-29T12:00:00.000Z,https://www.artsy.net/show/open-mind-art-space-still-connected,Open Mind Art Space
799,2015-03-05T12:00:00.000Z,Upstream Gallery at The Armory Show 2015,2015-03-08T19:00:00.000Z,https://www.artsy.net/show/upstream-gallery-upstream-gallery-at-the-armory-show-2015,Upstream Gallery
800,2015-09-19T12:00:00.000Z,FRANCISCO MORENO: SLATES,2015-10-17T12:00:00.000Z,https://www.artsy.net/show/erin-cluley-gallery-francisco-moreno-slates,Erin Cluley Gallery
801,2015-02-21T12:00:00.000Z,February 2015 Works on Paper,2015-04-25T12:00:00.000Z,https://www.artsy.net/show/galerie-eva-presenhuber-february-2015-works-on-paper,Galerie Eva Presenhuber
802,2018-03-24T12:00:00.000Z,Deborah Poynton - The Human Abstract,2018-05-04T12:00:00.000Z,https://www.artsy.net/show/stevenson-deborah-poynton-the-human-abstract,Stevenson
803,2015-05-09T12:00:00.000Z,"Christodoulos Panayiotou, Two Days After Forever",2015-11-22T12:00:00.000Z,https://www.artsy.net/show/fondation-dentreprise-galeries-lafayette-christodoulos-panayiotou-two-days-after-forever,Fondation d'Entreprise Galeries Lafayette
804,2015-11-12T12:00:00.000Z,A Constellation,2016-03-06T12:00:00.000Z,https://www.artsy.net/show/the-studio-museum-in-harlem-a-constellation,The Studio Museum in Harlem
805,2014-06-05T23:00:00.000Z,A.R. Hopwood: The False Memory Archive,2014-07-12T23:00:00.000Z,https://www.artsy.net/show/carroll-slash-fletcher-ar-hopwood-the-false-memory-archive,Carroll / Fletcher
806,2013-11-14T05:00:00.000Z,Roberto Paradise at PINTA NY,2013-11-17T05:00:00.000Z,https://www.artsy.net/show/roberto-paradise-roberto-paradise-at-pinta-ny,ROBERTO PARADISE
807,2008-02-16T12:00:00.000Z,India Crossing,2008-04-30T12:00:00.000Z,https://www.artsy.net/show/studio-la-citta-india-crossing,Studio la Città
808,2015-12-03T10:00:00.000Z,Cherry and Martin at Art Basel in Miami Beach 2015,2015-12-06T18:00:00.000Z,https://www.artsy.net/show/cherry-and-martin-cherry-and-martin-at-art-basel-in-miami-beach-2015,Cherry and Martin
809,2017-09-14T12:00:00.000Z,Patrick Huse - Imagine Wood,2017-10-08T12:00:00.000Z,https://www.artsy.net/show/kunstverket-galleri-patrick-huse-imagine-wood,Kunstverket Galleri
810,2013-09-26T22:00:00.000Z,One Piece Too Little,2013-11-08T23:00:00.000Z,https://www.artsy.net/show/raster-one-piece-too-little,Raster
811,2015-09-24T12:00:00.000Z,Painting Is Not Doomed To Repeat Itself,2015-10-31T12:00:00.000Z,https://www.artsy.net/show/hollis-taggart-galleries-painting-is-not-doomed-to-repeat-itself,Hollis Taggart
812,2015-10-02T12:00:00.000Z,Qiu Deshu,2015-11-07T12:00:00.000Z,https://www.artsy.net/show/nanhai-art-qiu-deshu,NanHai Art
813,2018-01-17T11:00:00.000Z,Dundee Contemporary Arts at London Art Fair 2018,2018-01-21T17:00:00.000Z,https://www.artsy.net/show/dundee-contemporary-arts-dundee-contemporary-arts-at-london-art-fair-2018,Dundee Contemporary Arts
814,2014-10-16T10:00:00.000Z,First Floor Gallery Harare at 1:54 Contemporary African Art Fair 2014,2014-10-19T18:00:00.000Z,https://www.artsy.net/show/first-floor-gallery-harare-first-floor-gallery-harare-at-1-54-contemporary-african-art-fair-2014,First Floor Gallery Harare
815,2015-09-24T12:00:00.000Z,Sybil Andrews and Grosvenor School,2015-10-10T12:00:00.000Z,https://www.artsy.net/show/osborne-samuel-sybil-andrews-and-grosvenor-school,Osborne Samuel
816,2014-03-04T05:00:00.000Z,Richard Whitten: Cabinet of Curiosities,2014-03-29T04:00:00.000Z,https://www.artsy.net/show/clark-gallery-richard-whitten-cabinet-of-curiosities,Clark Gallery
817,2008-03-16T12:00:00.000Z,ASIL,2008-03-31T12:00:00.000Z,https://www.artsy.net/show/jacaranda-images-asil,Jacaranda Images
818,2015-10-10T12:00:00.000Z,Andrew Hem | Unknown Terrain,2015-11-07T12:00:00.000Z,https://www.artsy.net/show/kp-projects-slash-mkg-andrew-hem-unknown-terrain,KP Projects
819,2015-11-19T06:00:00.000Z,MEBO Culture at ART021 Shanghai Contemporary Art Fair 2015,2015-11-22T20:00:00.000Z,https://www.artsy.net/show/mebo-culture-mebo-culture-at-art021-shanghai-contemporary-art-fair-2015,MEBO Culture
820,2015-09-25T12:00:00.000Z,Munch : Van Gogh,2016-01-17T12:00:00.000Z,https://www.artsy.net/show/van-gogh-museum-munch-van-gogh,Van Gogh Museum
821,2012-09-28T12:00:00.000Z,"Martha Colburn - Camera, Lights, Charge, Pop!",2012-11-25T12:00:00.000Z,https://www.artsy.net/show/horton-gallery-martha-colburn-camera-lights-charge-pop,Sean Horton (presents)
822,2013-10-22T00:00:00.000Z,"\""ABOUT TERRITORY\"" A SELECTION OF WORKS FROM BERNARD KHOURY",2013-10-25T23:59:00.000Z,https://www.artsy.net/show/carwan-gallery-about-territory-a-selection-of-works-from-bernard-khoury,Carwan Gallery
823,2015-05-08T21:57:00.000Z,John Martin Gallery at Spring Masters New York 2015,2015-05-12T21:57:00.000Z,https://www.artsy.net/show/john-martin-gallery-john-martin-gallery-at-spring-masters-new-york-2015,John Martin Gallery
824,2015-04-18T12:00:00.000Z,Alexandra Wiesenfeld: when i when if when lie when life (Xavier Villaurrutia),2015-05-30T12:00:00.000Z,https://www.artsy.net/show/klowden-mann-alexandra-wiesenfeld-when-i-when-if-when-lie-when-life-xavier-villaurrutia,Klowden Mann
825,2018-04-28T12:00:00.000Z,Claudia Comte - When Dinosaurs Ruled the Earth,2018-06-24T12:00:00.000Z,https://www.artsy.net/show/konig-galerie-claudia-comte-when-dinosaurs-ruled-the-earth,KÖNIG GALERIE
826,2012-09-01T12:00:00.000Z,Wayne Gonzales: Works on Paper,2012-09-29T12:00:00.000Z,https://www.artsy.net/show/stephen-friedman-gallery-wayne-gonzales-works-on-paper,Stephen Friedman Gallery
827,2014-08-27T00:00:00.000Z,"Naomi Ashida \""Diving into the Pocket\",2014-09-08T23:59:00.000Z,https://www.artsy.net/show/tomio-koyama-gallery-naomi-ashida-diving-into-the-pocket,Tomio Koyama Gallery
828,2015-05-01T12:00:00.000Z,America is Hard to See,2015-09-27T12:00:00.000Z,https://www.artsy.net/show/whitney-museum-of-american-art-1-america-is-hard-to-see,Whitney Museum of American Art
829,2016-09-28T10:00:00.000Z,Galeria Estação at ArtRio 2016,2016-10-02T21:00:00.000Z,https://www.artsy.net/show/galeria-estacao-galeria-estacao-at-artrio-2016,Galeria Estação
830,2015-12-03T10:00:00.000Z,Kalfayan Galleries at Art Basel in Miami Beach 2015,2015-12-06T18:00:00.000Z,https://www.artsy.net/show/kalfayan-galleries-kalfayan-galleries-at-art-basel-in-miami-beach-2015,Kalfayan Galleries
831,2015-03-12T12:00:00.000Z,Cuba in Transition,2015-03-28T12:00:00.000Z,https://www.artsy.net/show/macaya-gallery-cuba-in-transition,Macaya Gallery
832,2015-05-21T12:00:00.000Z,Rob and Nick Carter: Transforming,2015-08-16T12:00:00.000Z,https://www.artsy.net/show/virginia-museum-of-contemporary-art-rob-and-nick-carter-transforming,Virginia Museum of Contemporary Art
833,2014-09-10T17:00:00.000Z,Amarelonegro Arte Contemporânea at ArtRio 14,2014-09-15T01:00:00.000Z,https://www.artsy.net/show/amarelonegro-arte-contemporanea-amarelonegro-arte-contemporanea-at-artrio-14,Amarelonegro Arte Contemporânea
834,2015-04-09T10:00:00.000Z,Anita Schwartz Galeria de Arte at SP-Arte 2015,2015-04-12T18:00:00.000Z,https://www.artsy.net/show/anita-schwartz-galeria-de-arte-anita-schwartz-galeria-de-arte-at-sp-arte-2015,Anita Schwartz Galeria de Arte
835,2015-01-16T12:00:00.000Z,Wintry Mix,2015-03-07T12:00:00.000Z,https://www.artsy.net/show/atrium-gallery-wintry-mix,Atrium Gallery
836,2012-10-10T12:00:00.000Z,Asaka Corr Douglas Loughlin,2012-11-15T12:00:00.000Z,https://www.artsy.net/show/lesley-kehoe-galleries-asaka-corr-douglas-loughlin,Lesley Kehoe Galleries
837,2013-12-19T05:00:00.000Z,Focus Korea,2014-01-23T05:00:00.000Z,https://www.artsy.net/show/mindy-solomon-gallery-focus-korea,Mindy Solomon Gallery
838,2015-01-15T12:00:00.000Z,New Editions,2015-02-14T12:00:00.000Z,https://www.artsy.net/show/pace-prints-new-editions,Pace Prints
839,2017-09-14T12:00:00.000Z,Colectiva Con Cabeza,2017-11-30T12:00:00.000Z,https://www.artsy.net/show/alvaro-alcazar-colectiva-con-cabeza,Álvaro Alcázar
840,2014-06-11T12:00:00.000Z,Perino & Vele. Handle with care,2014-09-11T12:00:00.000Z,https://www.artsy.net/show/anna-marra-contemporanea-perino-and-vele-handle-with-care,Galleria Anna Marra
841,2015-10-03T12:00:00.000Z,BOLD: Alternative Scenarios for Chicago,2016-01-03T12:00:00.000Z,https://www.artsy.net/show/chicago-architecture-biennial-bold-alternative-scenarios-for-chicago,Chicago Architecture Biennial
842,2015-04-25T11:00:00.000Z,Jeanne Bucher Jaeger at Art Brussels 2015,2015-04-27T18:00:00.000Z,https://www.artsy.net/show/jeanne-bucher-jaeger-jeanne-bucher-jaeger-at-art-brussels-2015,Jeanne Bucher Jaeger
843,2018-02-10T12:00:00.000Z,Mostaff Muchawaya | Zviso Zvangu,2018-02-24T12:00:00.000Z,https://www.artsy.net/show/smac-mostaff-muchawaya-zviso-zvangu,SMAC
844,2015-05-01T22:19:00.000Z,798 ART BRIDGE GALLERY at Art Beijing,2015-05-03T22:19:00.000Z,https://www.artsy.net/show/798-art-bridge-gallery-798-art-bridge-gallery-at-art-beijing,798 ART BRIDGE GALLERY
845,2017-12-09T12:00:00.000Z,Christian Tagliavini,2018-03-17T12:00:00.000Z,https://www.artsy.net/show/camera-work-christian-tagliavini,CAMERA WORK
846,2015-03-26T19:51:00.000Z,Galerie Pascal Cuisinier at PAD Paris 2015,2015-03-29T19:51:00.000Z,https://www.artsy.net/show/galerie-pascal-cuisinier-galerie-pascal-cuisinier-at-pad-paris-2015-1,Galerie Pascal Cuisinier
847,2015-04-23T12:00:00.000Z,"Park, Seo-Bo",2015-06-08T12:00:00.000Z,https://www.artsy.net/show/johyun-gallery-park-seo-bo,Johyun Gallery
848,2017-12-06T11:00:00.000Z,Cindy Rucker Gallery at UNTITLED Miami Beach 2017,2017-12-10T19:00:00.000Z,https://www.artsy.net/show/cindy-rucker-gallery-cindy-rucker-gallery-at-untitled-miami-beach-2017,Cindy Rucker Gallery
849,2015-02-25T11:00:00.000Z,Maisterravalbuena at ARCOmadrid 2015,2015-03-01T18:00:00.000Z,https://www.artsy.net/show/maisterravalbuena-maisterravalbuena-at-arcomadrid-2015,Maisterravalbuena
850,2015-02-14T12:00:00.000Z,Louise Bourgeois: I Have Been to Hell and Back,2015-05-17T12:00:00.000Z,https://www.artsy.net/show/moderna-museet-louise-bourgeois-i-have-been-to-hell-and-back,Moderna Museet
851,2014-03-13T00:00:00.000Z,"Domestic Unrest: Francesca DiMattio, Mickalene Thomas, Rosson Crow",2014-04-25T23:00:00.000Z,https://www.artsy.net/show/pippy-houldsworth-gallery-domestic-unrest-francesca-dimattio-mickalene-thomas-rosson-crow,Pippy Houldsworth Gallery
852,2015-11-12T14:34:00.000Z,Xavierlaboulbenne at Contemporary Istanbul 2015,2015-11-15T14:34:00.000Z,https://www.artsy.net/show/xavierlaboulbenne-xavierlaboulbenne-at-contemporary-istanbul-2015,xavierlaboulbenne
853,2015-06-24T12:00:00.000Z,Young Belgian Art Prize 2015,2015-09-13T12:00:00.000Z,https://www.artsy.net/show/centre-for-fine-arts-bozar-young-belgian-art-prize-2015,Centre for Fine Arts (BOZAR)
854,2014-11-14T00:00:00.000Z,Joar Nango,2014-12-20T23:59:00.000Z,https://www.artsy.net/show/western-front-joar-nango,Western Front
855,2015-11-07T12:00:00.000Z,GIANNI PIACENTINO,2016-01-10T12:00:00.000Z,https://www.artsy.net/show/fondazione-prada-gianni-piacentino,Fondazione Prada
856,2018-07-16T12:00:00.000Z,iPhone and iPad drawings 2009-2012 and New Photographic Drawings,2018-08-31T12:00:00.000Z,https://www.artsy.net/show/annely-juda-fine-art-iphone-and-ipad-drawings-2009-2012-and-new-photographic-drawings,Annely Juda Fine Art
857,2015-02-25T11:00:00.000Z,Galería Juana de Aizpuru at ARCOmadrid 2015,2015-03-01T18:00:00.000Z,https://www.artsy.net/show/galeria-juana-de-aizpuru-galeria-juana-de-aizpuru-at-arcomadrid-2015,Galería Juana de Aizpuru
858,2016-09-08T12:00:00.000Z,"Giuseppe Penone: Fui, Sarò, Non Sono (I was, I will be, I am not)",2016-10-22T12:00:00.000Z,https://www.artsy.net/show/marian-goodman-gallery-giuseppe-penone-fui-saro-non-sono-i-was-i-will-be-i-am-not,Marian Goodman Gallery
859,2014-11-13T12:00:00.000Z,"Rodin, The Laboratory of Creation",2015-12-06T12:00:00.000Z,https://www.artsy.net/show/musee-rodin-rodin-the-laboratory-of-creation,Musée Rodin
860,2015-09-04T10:00:00.000Z,The Empire Project at ArtInternational 2015,2015-09-06T19:00:00.000Z,https://www.artsy.net/show/the-empire-project-the-empire-project-at-artinternational-2015,The Empire Project
861,2017-12-02T12:00:00.000Z,American Works on Paper,2018-02-25T12:00:00.000Z,https://www.artsy.net/show/eckert-fine-art-american-works-on-paper,Eckert Fine Art
862,2018-02-16T12:00:00.000Z,neu ist alles was ich habe,2018-04-28T12:00:00.000Z,https://www.artsy.net/show/gallery-am-meer-neu-ist-alles-was-ich-habe,Gallery AM MEER
863,2014-01-10T05:00:00.000Z,The Other Side and In Between,2014-02-28T05:00:00.000Z,https://www.artsy.net/show/longhouse-projects-the-other-side-and-in-between,Longhouse Projects
864,2015-06-16T12:00:00.000Z,Gallery FUMI at Design Miami/ Basel 2015,2015-06-21T12:12:00.000Z,https://www.artsy.net/show/gallery-fumi-gallery-fumi-at-design-miami-slash-basel-2015,Gallery FUMI
865,2015-10-07T08:00:00.000Z,Gallery J-one at KIAF 2015,2015-10-11T20:00:00.000Z,https://www.artsy.net/show/gallery-j-one-gallery-j-one-at-kiaf-2015,Gallery J-one
866,2015-05-01T10:32:00.000Z,Hardhitta Gallery at Paris Photo LA 2015,2015-05-03T10:32:00.000Z,https://www.artsy.net/show/hardhitta-gallery-hardhitta-gallery-at-paris-photo-la-2015,Galerie Bene Taschen
867,2015-12-26T12:00:00.000Z,Brad Overton: Get the Lead Out,2016-01-15T12:00:00.000Z,https://www.artsy.net/show/julie-nester-gallery-brad-overton-get-the-lead-out,Julie Nester Gallery
868,2015-06-05T12:00:00.000Z,Bernard Chadwick: Flatfoot,2015-07-11T12:00:00.000Z,https://www.artsy.net/show/klowden-mann-bernard-chadwick-flatfoot,Klowden Mann
869,2015-05-16T12:00:00.000Z,Haluk Akakçe: Come Midnight,2015-06-21T12:00:00.000Z,https://www.artsy.net/show/richard-taittinger-gallery-haluk-akakce-come-midnight,Richard Taittinger Gallery
870,2003-10-18T12:00:00.000Z,my people were fair and had cum in their hair (but now they're content to spray stars from your boughs) (organized by Bob Nickas),2003-11-15T12:00:00.000Z,https://www.artsy.net/show/team-gallery-my-people-were-fair-and-had-cum-in-their-hair-but-now-theyre-content-to-spray-stars-from-your-boughs-organized-by-bob-nickas,Team Gallery
871,2014-05-09T12:00:00.000Z,"Terry Rose \""Made in China\",2014-05-31T12:00:00.000Z,https://www.artsy.net/show/gallery-naga-terry-rose-made-in-china,Gallery NAGA
872,2018-05-07T12:00:00.000Z,Colin McCahon,2018-07-07T12:00:00.000Z,https://www.artsy.net/show/gow-langsford-gallery-colin-mccahon,Gow Langsford Gallery
873,2009-10-08T12:00:00.000Z,"NOMAD TWO WORLDS - AUSTRALIAN PREVIEW (in collaboration with National Gallery of Victoria, Melbourne, Australia)",2009-10-09T12:00:00.000Z,https://www.artsy.net/show/nomad-two-worlds-gallery-nomad-two-worlds-australian-preview-in-collaboration-with-national-gallery-of-victoria-melbourne-australia,NTW Gallery
874,2014-08-28T00:00:00.000Z,"Pictures, Before and After – An Exhibition for Douglas Crimp",2014-10-31T23:59:00.000Z,https://www.artsy.net/show/galerie-buchholz-pictures-before-and-after-an-exhibition-for-douglas-crimp,Galerie Buchholz
875,2018-04-05T12:00:00.000Z,"Lee Gallery at The Photography Show 2018, presented by AIPAD",2018-04-08T20:00:00.000Z,https://www.artsy.net/show/lee-gallery-lee-gallery-at-the-photography-show-2018-presented-by-aipad,Lee Gallery
876,2015-09-04T10:00:00.000Z,SARIEV Contemporary at ArtInternational 2015,2015-09-06T19:00:00.000Z,https://www.artsy.net/show/sariev-contemporary-sariev-contemporary-at-artinternational-2015,SARIEV Contemporary
877,2015-10-09T12:00:00.000Z,Jon Legere: Maelstrom,2015-11-04T12:00:00.000Z,https://www.artsy.net/show/sugarlift-jon-legere-maelstrom,Sugarlift
878,2018-06-14T12:00:00.000Z,Confusion Hill,2018-07-21T12:00:00.000Z,https://www.artsy.net/show/daniel-faria-gallery-confusion-hill,Daniel Faria Gallery
879,2013-06-20T04:00:00.000Z,404 E 14th,2013-08-02T04:00:00.000Z,https://www.artsy.net/show/tibor-de-nagy-404-e-14th,Tibor de Nagy
880,2013-10-24T04:00:00.000Z,Tracey Moffatt: Spirit Landscapes,2013-12-21T05:00:00.000Z,https://www.artsy.net/show/tyler-rollins-fine-art-tracey-moffatt-spirit-landscapes,Tyler Rollins Fine Art
881,2015-09-18T12:00:00.000Z,Joseph Glasco: The Fifteenth American,2015-10-03T12:00:00.000Z,https://www.artsy.net/show/waddington-custot-galleries-joseph-glasco-the-fifteenth-american,Waddington Custot
882,2015-10-07T08:00:00.000Z,Chung Art Gallery at KIAF 2015,2015-10-11T20:00:00.000Z,https://www.artsy.net/show/chung-art-gallery-chung-art-gallery-at-kiaf-2015,Chung Art Gallery
883,2015-03-12T12:00:00.000Z,JEFF WALL - Tableux Pictures Photographs 1996-2013,2015-06-21T12:00:00.000Z,https://www.artsy.net/show/louisiana-museum-of-modern-art-jeff-wall-tableux-pictures-photographs-1996-2013,Louisiana Museum of Modern Art
884,2015-08-07T12:00:00.000Z,Clark Derbes: Self-Portrait,2015-09-30T12:00:00.000Z,https://www.artsy.net/show/west-branch-gallery-clark-derbes-self-portrait,West Branch Gallery
885,2015-04-25T11:00:00.000Z,Galeria Senda at Art Brussels 2015,2015-04-27T18:00:00.000Z,https://www.artsy.net/show/galeria-senda-galeria-senda-at-art-brussels-2015,Galeria Senda
886,2011-03-18T12:00:00.000Z,Bye Bye Kitty!!! Between Heaven and Hell in Contemporary Japanese Art,2011-06-12T12:00:00.000Z,https://www.artsy.net/show/japan-society-bye-bye-kitty-between-heaven-and-hell-in-contemporary-japanese-art,Japan Society
887,2015-01-17T12:00:00.000Z,Don Bracken's Parallel Realities,2015-03-01T12:00:00.000Z,https://www.artsy.net/show/the-lionheart-gallery-don-brackens-parallel-realities,Paraphé
888,2017-02-23T18:00:00.000Z,KOLLY GALLERY at URVANITY. International Contemporary Art Fair 2017,2017-02-26T21:00:00.000Z,https://www.artsy.net/show/kolly-gallery-kolly-gallery-at-urvanity-international-contemporary-art-fair-2017,KOLLY GALLERY
889,2014-07-10T12:00:00.000Z,Alexander Calder: Calder Jewelry,2014-08-17T12:00:00.000Z,https://www.artsy.net/show/kukje-gallery-alexander-calder-calder-jewelry,Kukje Gallery
890,2015-10-08T12:00:00.000Z,HILAL SAMI HILAL/ YA'AYOUNI - LIGHT OF MY EYES,2015-11-14T12:00:00.000Z,https://www.artsy.net/show/galeria-marilia-razuk-hilal-sami-hilal-slash-yaayouni-light-of-my-eyes,Galeria Marília Razuk
891,2014-09-06T12:00:00.000Z,Yanagisawa Noriko “Pathos”,2014-10-19T12:00:00.000Z,https://www.artsy.net/show/kamakura-yanagisawa-noriko-pathos,Kamakura
892,2016-04-07T12:00:00.000Z,Time & Tide,2016-05-15T12:00:00.000Z,https://www.artsy.net/show/denny-gallery-time-and-tide,Denny Dimin Gallery
893,2015-02-17T12:00:00.000Z,In the Studio: Photographs,2015-04-18T12:00:00.000Z,https://www.artsy.net/show/gagosian-gallery-in-the-studio-photographs,Gagosian
894,2015-07-29T12:00:00.000Z,Summer Group Show,2015-08-26T12:00:00.000Z,https://www.artsy.net/show/peter-blake-gallery-summer-group-show,Peter Blake Gallery
895,2018-05-01T12:00:00.000Z,Pure Joy: William Perehudoff and Dorothy Knowles,2018-05-26T12:00:00.000Z,https://www.artsy.net/show/winchester-galleries-pure-joy-william-perehudoff-and-dorothy-knowles,Winchester Galleries
896,2014-05-29T04:00:00.000Z,AKIRA SHIMIZU: Scattering Scale,2014-06-28T04:00:00.000Z,https://www.artsy.net/show/pavel-zoubok-gallery-akira-shimizu-scattering-scale,Pavel Zoubok Fine Art
897,2017-06-23T12:00:00.000Z,New Works by Gallery Artists,2017-09-02T12:00:00.000Z,https://www.artsy.net/show/chicago-art-source-new-works-by-gallery-artists,gallery 1871
898,2014-12-11T12:00:00.000Z,"Patrick Lichty, Sensible Concepts: Mediation as a Way of Being",2015-02-11T12:00:00.000Z,https://www.artsy.net/show/ifac-arts-patrick-lichty-sensible-concepts-mediation-as-a-way-of-being,IFAC Arts
899,2015-12-01T11:35:00.000Z,Leslie Feely at Art Miami 2015,2015-12-06T11:35:00.000Z,https://www.artsy.net/show/leslie-feely-leslie-feely-at-art-miami-2015,Leslie Feely
900,2014-01-14T00:00:00.000Z,Nadiah Bamadhaj: Poised for Degradation,2014-02-14T23:59:00.000Z,https://www.artsy.net/show/richard-koh-fine-art-nadiah-bamadhaj-poised-for-degradation,Richard Koh Fine Art
901,2018-02-22T12:00:00.000Z,Ursula Reuter Christiansen | New Works,2018-04-21T12:00:00.000Z,https://www.artsy.net/show/sabsay-ursula-reuter-christiansen-new-works,SABSAY
902,2016-03-22T12:00:00.000Z,South Africa - A Cohesive Clash,2016-04-05T12:00:00.000Z,https://www.artsy.net/show/tanya-baxter-contemporary-south-africa-a-cohesive-clash,Tanya Baxter Contemporary
903,2017-09-27T12:00:00.000Z,Ole Aakjaer - Femme Tatouée,2017-10-18T12:00:00.000Z,https://www.artsy.net/show/55bellechasse-ole-aakjaer-femme-tatouee,55Bellechasse
904,2015-10-03T12:00:00.000Z,Everyday Moments,2015-10-31T12:00:00.000Z,https://www.artsy.net/show/art-encounters-foundation-everyday-moments,Art Encounters Foundation
905,2015-10-01T12:00:00.000Z,Ellen de Bruijne Projects at ARTBO 2015,2015-10-04T18:00:00.000Z,https://www.artsy.net/show/ellen-de-bruijne-projects-ellen-de-bruijne-projects-at-artbo-2015,Ellen de Bruijne Projects
906,2015-04-16T11:00:00.000Z,Kadel Willborn at Art Cologne 2015,2015-04-19T18:00:00.000Z,https://www.artsy.net/show/kadel-willborn-kadel-willborn-at-art-cologne-2015,Kadel Willborn
907,2015-06-11T12:00:00.000Z,New Directions: He Xiangyu,2015-08-09T12:00:00.000Z,https://www.artsy.net/show/ullens-center-for-contemporary-art-ucca-new-directions-he-xiangyu,UCCA
908,2015-04-29T12:00:00.000Z,Candid Nature: New Work by John Barker,2015-05-27T12:00:00.000Z,https://www.artsy.net/show/turner-carroll-gallery-candid-nature-new-work-by-john-barker,Turner Carroll Gallery
909,2014-04-25T15:00:00.000Z,Galeria Senda at Art Brussels 2014,2014-04-27T23:00:00.000Z,https://www.artsy.net/show/galeria-senda-galeria-senda-at-art-brussels-2014,Galeria Senda
910,2014-09-25T17:52:00.000Z,Catharine Clark Gallery at Moving Image Istanbul,2014-09-28T17:52:00.000Z,https://www.artsy.net/show/catharine-clark-gallery-catharine-clark-gallery-at-moving-image-istanbul,Catharine Clark Gallery
911,2014-11-13T16:42:00.000Z,Fine Art Silver at The Salon: Art + Design,2014-11-17T16:42:00.000Z,https://www.artsy.net/show/fine-art-silver-fine-art-silver-at-the-salon-art-plus-design,Fine Art Silver
912,1999-08-26T12:00:00.000Z,PACITA ABAD: Door to Life,1999-09-21T12:00:00.000Z,https://www.artsy.net/show/pacita-abad-art-estate-pacita-abad-door-to-life,Pacita Abad Art Estate
913,2018-06-21T12:00:00.000Z,SER.CIDADE,2018-07-27T12:00:00.000Z,https://www.artsy.net/show/this-is-not-a-white-cube-ser-dot-cidade,THIS IS NOT A WHITE CUBE
914,2012-09-09T08:00:00.000Z,With Love,2012-10-14T08:00:00.000Z,https://www.artsy.net/show/untitled-with-love,Untitled
915,2015-11-20T12:00:00.000Z,Michel Comte x Milk : A Collaboration 1996 - 2016,2015-12-22T12:00:00.000Z,https://www.artsy.net/show/milk-gallery-1-michel-comte-x-milk-a-collaboration-1996-2016-1,Milk Gallery
916,2015-07-21T12:00:00.000Z,Pulp | Marita Hewitt,2015-08-08T12:00:00.000Z,https://www.artsy.net/show/page-blackie-gallery-pulp-marita-hewitt,Page Blackie Gallery
917,2015-05-21T11:00:00.000Z,Space Station at Art15 London,2015-05-23T18:00:00.000Z,https://www.artsy.net/show/space-station-space-station-at-art15-london,Space Station
918,2015-09-19T12:00:00.000Z,"Magnificent Obsession, Recent Works by Elsa Zambrano",2015-10-16T12:00:00.000Z,https://www.artsy.net/show/beatriz-esguerra-art-magnificent-obsession-recent-works-by-elsa-zambrano,Beatriz Esguerra Art
919,2015-06-13T12:00:00.000Z,TO HIDE TO SHOW,2015-08-01T12:00:00.000Z,https://www.artsy.net/show/mama-to-hide-to-show,MAMA
920,2014-03-28T04:00:00.000Z,Supplement at miart 2014,2014-03-30T04:00:00.000Z,https://www.artsy.net/show/supplement-supplement-at-miart-2014,Supplement
921,2018-06-12T12:00:00.000Z,Summer group show,2018-09-30T12:00:00.000Z,https://www.artsy.net/show/lkff-summer-group-show,LKFF
922,2015-11-06T12:00:00.000Z,BEN HUFF: The Last Road North,2016-01-02T12:00:00.000Z,https://www.artsy.net/show/newspace-center-for-photography-ben-huff-the-last-road-north,Newspace Center for Photography
923,2014-06-26T12:27:00.000Z,Richard Koh Fine Art at Start Art Fair 2014,2014-06-29T12:27:00.000Z,https://www.artsy.net/show/richard-koh-fine-art-richard-koh-fine-art-at-start-art-fair-2014,Richard Koh Fine Art
924,2015-02-22T12:00:00.000Z,"Suzanne McClelland - \""Call with Information\",2015-03-29T12:00:00.000Z,https://www.artsy.net/show/team-gallery-suzanne-mcclelland-call-with-information,Team Gallery
925,2014-10-30T12:00:00.000Z,Heri Dono: The World and I,2014-12-20T12:00:00.000Z,https://www.artsy.net/show/tyler-rollins-fine-art-heri-dono-the-world-and-i,Tyler Rollins Fine Art
926,2015-03-29T12:00:00.000Z,Jaime Davidovich: Adventures of the Avant-Garde,2015-06-14T12:00:00.000Z,https://www.artsy.net/show/bronx-museum-of-the-arts-jaime-davidovich-adventures-of-the-avant-garde,Bronx Museum of the Arts
927,2015-01-31T12:00:00.000Z,The Study of Post Pubescent Manhood,2015-03-14T12:00:00.000Z,https://www.artsy.net/show/little-big-man-gallery-the-study-of-post-pubescent-manhood,Little Big Man Gallery
928,2014-05-08T04:00:00.000Z,Museo de Arte de El Salvador (MARTE) and MARTE Contemporary (MARTE-C) at PULSE New York 2014,2014-05-12T03:59:00.000Z,https://www.artsy.net/show/museo-de-arte-de-el-salvador-marte-and-marte-contemporary-marte-c-museo-de-arte-de-el-salvador-marte-and-marte-contemporary-marte-c-at-pulse-new-york-2014,Museo de Arte de El Salvador (MARTE) and MARTE Contemporary (MARTE-C)
929,2014-08-05T00:00:00.000Z,Karl Maughan,2014-08-29T23:59:00.000Z,https://www.artsy.net/show/page-blackie-gallery-karl-maughan-2013,Page Blackie Gallery
930,2017-03-02T14:41:00.000Z,Acid Gallery at Art Up! Lille 2017,2017-03-05T14:41:00.000Z,https://www.artsy.net/show/acid-gallery-acid-gallery-at-art-up-lille-2017,DTTH Gallery
931,2013-08-08T12:00:00.000Z,“Medina 50” 麦迪纳50号,2013-11-04T12:00:00.000Z,https://www.artsy.net/show/island6-medina-50-mai-di-na-50hao,island6
932,2015-06-13T12:00:00.000Z,"Painting 1, 2, 3",2015-07-18T12:00:00.000Z,https://www.artsy.net/show/kate-macgarry-painting-1-2-3,Kate MacGarry
933,2013-10-03T07:00:00.000Z,Gaylen Hansen: New Paintings/Drawings,2013-11-30T08:00:00.000Z,https://www.artsy.net/show/linda-hodges-gallery-gaylen-hansen-new-paintings-slash-drawings,Linda Hodges Gallery
934,2014-04-10T04:00:00.000Z,Morgan Lehman Gallery at Dallas Art Fair 2014,2014-04-13T22:00:00.000Z,https://www.artsy.net/show/morgan-lehman-gallery-morgan-lehman-gallery-at-dallas-art-fair-2014,Morgan Lehman Gallery
935,2013-03-15T04:00:00.000Z,Flip Side: The Unseen in Tibetan Art,2013-08-12T04:00:00.000Z,https://www.artsy.net/show/rubin-museum-of-art-flip-side-the-unseen-in-tibetan-art,Rubin Museum of Art
936,2014-03-06T17:00:00.000Z,Galerie Max Mayer at The Armory Show 2014,2014-03-09T05:00:00.000Z,https://www.artsy.net/show/galerie-max-mayer-galerie-max-mayer-at-the-armory-show-2014,Galerie Max Mayer
937,2014-01-10T12:00:00.000Z,"Looking for hidden view point, Wandering the landscape",2014-02-09T12:00:00.000Z,https://www.artsy.net/show/johyun-gallery-looking-for-hidden-view-point-wandering-the-landscape,Johyun Gallery
938,2015-12-03T10:00:00.000Z,Lia Rumma at Art Basel in Miami Beach 2015,2015-12-06T18:00:00.000Z,https://www.artsy.net/show/lia-rumma-lia-rumma-at-art-basel-in-miami-beach-2015,Lia Rumma
939,2015-02-21T12:00:00.000Z,"The City Lost & Found: Capturing New York, Chicago, and Los Angeles, 1960-1980",2015-06-07T12:00:00.000Z,https://www.artsy.net/show/princeton-university-art-museum-the-city-lost-and-found-capturing-new-york-chicago-and-los-angeles-1960-1980,Princeton University Art Museum
940,2014-05-01T23:00:00.000Z,Marc Vaux: New Ovals,2014-05-30T23:00:00.000Z,https://www.artsy.net/show/bernard-jacobson-gallery-marc-vaux-new-ovals,Bernard Jacobson Gallery
