row_id,name,faxnumber,page_url,address.streetaddress,address.addresscountry,address.addresslocality,address.postalcode
0,www.geste.it,0508754640,http://www.geste.it/?option=com_content&view=article&id=42,"Via G.B. Niccolini 25,Via G. B. Niccolini 40/42","C.fisc/P.Iva 01753700507,R.E.A. n° 152103",San Giuliano Terme,56017
1,www.geste.it,0508754640,http://www.geste.it/?option=com_content&view=article&id=26,"Via G.B. Niccolini 25,Via G. B. Niccolini 40/42","C.fisc/P.Iva 01753700507,R.E.A. n° 152103",San Giuliano Terme,56017
2,www.geste.it,0508754640,http://www.geste.it/index.php/iscrizioni-on-line,"Via G.B. Niccolini 25,Via G. B. Niccolini 40/42","C.fisc/P.Iva 01753700507,R.E.A. n° 152103",San Giuliano Terme,56017
3,www.geste.it,0508754640,http://www.geste.it/?option=com_content&view=article&id=24,"Via G.B. Niccolini 25,Via G. B. Niccolini 40/42","C.fisc/P.Iva 01753700507,R.E.A. n° 152103",San Giuliano Terme,56017
4,www.geste.it,0508754640,http://www.geste.it/index.php/17-in-evidenza/69-scadenza-termini,"Via G.B. Niccolini 25,Via G. B. Niccolini 40/42","C.fisc/P.Iva 01753700507,R.E.A. n° 152103",San Giuliano Terme,56017
5,www.geste.it,0508754640,http://www.geste.it/?option=com_content&view=article&id=50,"Via G.B. Niccolini 25,Via G. B. Niccolini 40/42","C.fisc/P.Iva 01753700507,R.E.A. n° 152103",San Giuliano Terme,56017
6,www.geste.it,0508754640,http://www.geste.it/?option=com_content&view=article&id=76,"Via G.B. Niccolini 25,Via G. B. Niccolini 40/42","C.fisc/P.Iva 01753700507,R.E.A. n° 152103",San Giuliano Terme,56017
7,www.geste.it,0508754640,http://www.geste.it/index.php/17-in-evidenza/63-liberatoria-per-la-discesa-dallo-scuolabus,"Via G.B. Niccolini 25,Via G. B. Niccolini 40/42","C.fisc/P.Iva 01753700507,R.E.A. n° 152103",San Giuliano Terme,56017
8,www.geste.it,0508754640,http://www.geste.it/?option=com_content&view=article&id=71,"Via G.B. Niccolini 25,Via G. B. Niccolini 40/42","C.fisc/P.Iva 01753700507,R.E.A. n° 152103",San Giuliano Terme,56017
9,www.geste.it,0508754640,http://www.geste.it/?option=com_content&view=article&id=28,"Via G.B. Niccolini 25,Via G. B. Niccolini 40/42","C.fisc/P.Iva 01753700507,R.E.A. n° 152103",San Giuliano Terme,56017
10,www.geste.it,0508754640,http://www.geste.it/?option=com_content&view=article&id=37,"Via G.B. Niccolini 25,Via G. B. Niccolini 40/42","C.fisc/P.Iva 01753700507,R.E.A. n° 152103",San Giuliano Terme,56017
11,www.geste.it,0508754640,http://www.geste.it/?option=com_visforms&view=visforms&id=1,"Via G.B. Niccolini 25,Via G. B. Niccolini 40/42","C.fisc/P.Iva 01753700507,R.E.A. n° 152103",San Giuliano Terme,56017
12,www.geste.it,0508754640,http://www.geste.it/?option=com_content&view=article&id=104,"Via G.B. Niccolini 25,Via G. B. Niccolini 40/42","C.fisc/P.Iva 01753700507,R.E.A. n° 152103",San Giuliano Terme,56017
13,www.geste.it,0508754640,http://www.geste.it/?option=com_content&view=article&id=2,"Via G.B. Niccolini 25,Via G. B. Niccolini 40/42","C.fisc/P.Iva 01753700507,R.E.A. n° 152103",San Giuliano Terme,56017
14,www.geste.it,0508754640,http://www.geste.it/?option=com_content&view=article&id=29,"Via G.B. Niccolini 25,Via G. B. Niccolini 40/42","C.fisc/P.Iva 01753700507,R.E.A. n° 152103",San Giuliano Terme,56017
15,www.geste.it,0508754640,http://www.geste.it/index.php/17-in-evidenza,"Via G.B. Niccolini 25,Via G. B. Niccolini 40/42","C.fisc/P.Iva 01753700507,R.E.A. n° 152103",San Giuliano Terme,56017
16,www.geste.it,0508754640,http://www.geste.it/?option=com_content&view=article&id=36,"Via G.B. Niccolini 25,Via G. B. Niccolini 40/42","C.fisc/P.Iva 01753700507,R.E.A. n° 152103",San Giuliano Terme,56017
17,www.geste.it,0508754640,http://www.geste.it/index.php/17-in-evidenza/64-pagamenti-per-i-servizi-scolastici,"Via G.B. Niccolini 25,Via G. B. Niccolini 40/42","C.fisc/P.Iva 01753700507,R.E.A. n° 152103",San Giuliano Terme,56017
18,www.geste.it,0508754640,http://www.geste.it/?option=com_content&view=article&id=75,"Via G.B. Niccolini 25,Via G. B. Niccolini 40/42","C.fisc/P.Iva 01753700507,R.E.A. n° 152103",San Giuliano Terme,56017
19,www.geste.it,0508754640,http://www.geste.it/?option=com_content&view=article&id=27,"Via G.B. Niccolini 25,Via G. B. Niccolini 40/42","C.fisc/P.Iva 01753700507,R.E.A. n° 152103",San Giuliano Terme,56017
20,www.geste.it,0508754640,http://www.geste.it/index.php,"Via G.B. Niccolini 25,Via G. B. Niccolini 40/42","C.fisc/P.Iva 01753700507,R.E.A. n° 152103",San Giuliano Terme,56017
21,www.geste.it,0508754640,http://www.geste.it/index.php/9-amministrazione-trasparente/73-cookie-policy,"Via G.B. Niccolini 25,Via G. B. Niccolini 40/42","C.fisc/P.Iva 01753700507,R.E.A. n° 152103",San Giuliano Terme,56017
22,www.geste.it,0508754640,http://www.geste.it/,"Via G.B. Niccolini 25,Via G. B. Niccolini 40/42","C.fisc/P.Iva 01753700507,R.E.A. n° 152103",San Giuliano Terme,56017
23,www.geste.it,0508754640,http://www.geste.it/?option=com_content&view=article&id=72,"Via G.B. Niccolini 25,Via G. B. Niccolini 40/42","C.fisc/P.Iva 01753700507,R.E.A. n° 152103",San Giuliano Terme,56017
24,www.geste.it,0508754640,http://www.geste.it/index.php/17-in-evidenza/62-risultati-analisi-acqua-nelle-scuole,"Via G.B. Niccolini 25,Via G. B. Niccolini 40/42","C.fisc/P.Iva 01753700507,R.E.A. n° 152103",San Giuliano Terme,56017
