row_id,name,telephone,faxnumber,page_url,address.postalcode,address.addressregion,address.streetaddress,address.addresslocality
0,ヘッドライト Halo Headlights Tinted Rear Brake Tail Lights High Cargo LED For 04-15 Titan S Haloヘッドライトタイタン後部ブレーキテールライトHigh Cargo LED For 04-15 Titan S,79,95,http://guanghong.co.th/royalmoon/491wycc10006232,ヘッドライト 2004-2005 Ford F150 F-150 Halo Projector Black Headlights + Smoke LED Tail Light 2004-2005フォードF150 F-150ハロープロジェクターブラックヘッドライト+スモークLEDテールライト,オオサキメディカル 滅菌マーブルパッド TS25-10 25mm（直径）10個入（60袋） 32920,DITA/ディータGRAND-EVO ONEDTS138-A-01【送料無料】2020モデル,スペアタイヤカバー＆ポケット（スズキ・ジムニー純正タイヤサイズ 175/80R16・195/80R15共用）
1,試験用フルイ φ100×45Hmm 目開キ63μm 平織金網,79,95,http://guanghong.co.th/tukishimado/10437fmewkt314808,5/9-16★P最大24倍★【全国配送可】-ｱﾙﾐ自走車いす BAL-0W 黒ﾀｲﾔ仕様 座幅44 （S7S1）ﾚｻﾞｰ 1入り ミキ JAN 4536697116480 kt407050 取寄品 00122-000487 歩行関連 車いす 自走式-【介護福祉用具】,地下足袋スニーカー【久留米絣】 市松 紺／ブルー （中布：ワイン色）（底：黒色）22cm23cm24cm,5/9-16★P最大24倍★【全国配送可】-介助型車いす MPR-2Hi 座幅40 P-09 1入り ミキ JAN 4536697115551 kt368734 取寄品 歩行関連 車いす その他(車いす)-【介護福祉用具】,スウェッジライン フロントブレーキホースキット ステンレス ブラックスモークホース CRM250R('94～'96) STFB066
2,薄型パソコンデスク ロータイプ 60cm巾 WH ホワイト,79,95,http://guanghong.co.th/atom-style/14085ckec0000b03480,オカムラ フルーエント Fluent ローバック アジャストアーム 背メッシュ 座クッション CB81,事務イス ジロフレックス 353-4028RSH VL(オフィス 事務所),ランチェッティ LANCETTI セルト クイーン 布団カバー （敷き布団カバー） 【今なら500円以上値引き】 送料無料 綿100% モダン おしゃれ ピンク ブルー 165cm×215cm 短納期 コットン100% Serto イタリアブランド 02P26Mar16 02P26Mar16,【最大1万円クーポン5/20限定】クリーンルームチェア オカムラ 送料無料 作業用チェア スツール 導電チェア キャスター 岡村製作所 病院 作業椅子 工場 クリーンブース 2660ZR-PB19
3,■TRUSCO TUG型中量棚600KG連結型 1200X776XH1200 3段 〔品番:TUG600-44J-3B〕[TR-7559399]【大型・重量物・個人宅配送不可】,79,95,http://guanghong.co.th/f382060-saijo/2719ltkm0007_ao,【送料無料】ヴォストフ WUSTHOF クラシック ミートフォーク曲り 16cm 4411 2738700,"ダナー レディース ブーツ＆レインブーツ シューズ Mountain 600 4.5\"" Hiking Boot Sand Suede",ヴァルド UCF20/21 セルシオ 後期 EXECUTIVE LINE V3 (EXCHANGE) SIDE STEP(H.9/6～H.12/8) 塗装済み,カネテック（株） カネテック 電磁チャック用整流器 オレンジB [ KRN103A ]
4,DAIKEN RSバイザー D1400×W2300 （RS-K2R）,79,95,http://guanghong.co.th/maheya/7192gfkw10015532,ＳＫ 標準型ハイトゲージ（VHK30）,TKG 遠藤商事 堺實光 プレミアムマスターII(ツバ付) 牛刀 21cm AZT8102 7-0291-1602,DAIKEN RSバイザー D1300×W3100 （RS-K2R）,京セラ ミーリング用ホルダ（MEY16S16）
5,G56242 ウッド 輸入壁紙 STEAMPUNK 不織布 53cm×10mGALERIE イギリス 壁紙 輸入壁紙 木目,79,95,http://guanghong.co.th/sangostyle/17667dyvwsb28575,【送料無料】カントリー雑貨＆家具 ソーレ ドアミラー TSM-13BR/WH 【代引き不可】東谷 AZUMAYA 【AZ】【0830】【0828】,"Ambesonne Cars Duvet Cover Set, Giant Monster Pickup Truck",Chezmoi Collection Austin 3-Piece Oversized Bedspread Cove,"Ambesonne Mid Century Duvet Cover Set Twin Size, Simple Tw"
6,エレガント調 ラグマット/絨毯 【200cm×250cm トロワ】 長方形 洗える 防滑 〔リビング ダイニング〕【代引不可】_送料無料,79,95,http://guanghong.co.th/ryohinm/2211bjemds-2270891,エレガント調 ラグマット/絨毯 【200cm×240cm グリーン】 長方形 防滑 ホットカーペット 床暖房対応 『バルモ』【代引不可】_送料無料,業務用 タイルカーペット 【ID-1224 50cm×50cm 16枚セット】 日本製 防炎 制電効果 スミノエ 『ECOS』【代引不可】_送料無料,FUJITSUBOセダリスマフラーE/GF-JZX100マークII ターボ H8/9～H12/10,ピタッと吸着 東リ スクエア2100サイザルループ タイルカーペット【防ダニ・洗える】【日本製】 サイズ500mm×500mm 10枚セット 色番 FF2101_送料無料
7,天然石 ブラジル天然タイチンルチルクォーツブレスレット約105g/17.8mm〔 天然石 パワーストーン アクセサリー 〕,79,95,http://guanghong.co.th/kiro/14718pxacp32630901,SNフレッシュ加工掛けふとんカバー DL ダブルロングサイズ 昭和西川 快眠セラピスト三橋美穂さん監修 掛け布団カバー ピンク ブルー ホワイト 日本製 防ダニ 抗菌防臭 ポリジン加工 固定紐付き掛けカバー 掛カバー 掛布団カバー かけ布団カバー DLサイズ [送料無料],天然石【一連】エメラルド サファイア ルビー グラデーションカラー 〔 天然石 パワーストーン アクセサリー 〕,Kuhl Racing ハリアー 60系 LEGAL フロントリップスポイラー 塗分け塗装済 HG-type 艶消しブラック/ダークブラウンメタリック (4U5),KSR110 ピストンキット LIGHT 143cc KITACO（キタコ）
8,高岡銅器の獅子／たわむれ獅子 敷板・桐箱付／送料無料,79,95,http://guanghong.co.th/natural-sleep/14080ckecl24box-sd4,エッチング入りパーテーション 120cm,受注制作品 銅の手洗器 丸形 茜色,ラグ シンプル 国産 冬あったか・夏ひんやりラグ ジーン 190×240cm プレーベル ラグ カーペット ホットカーペット対応 床暖房対応 日本製 不織布 ラグマット ナイロン100％ シャギー ダーク お掃除ロボット ルンバ ラグ,送料無料 国産 い草 上敷き 10畳 花ござ 花茣蓙 い草カーペット カーペット い草 ラグ い草ラグ モダン ブロック 江戸間10畳 （約435×352cm） イ草 いぐさ い草上敷き ござ 茣蓙 蓙 シンプル ブロック柄 おしゃれ
9,Panasonic/パナソニック LGBZ2509K LEDシーリングライト フレンチグレー 【調光調色】【～10畳】,79,95,http://guanghong.co.th/futontanaka/14095ckec06-iw2142,オーデリック 照明 おしゃれ シーリングライト OL251427 (ODELIC),オーデリック LED洋風シーリングBluetooth対応 調光・調色リモコン別売OL251626BC,コクヨ/ウィザード3 ホワイトシェル ローバック 黒脚 可動肘ソフトテラコッタ(W),UR120 中央片面タイプ 本体 ホワイト エクリュパネル付 【 システム什器 ユニットラック(UR) 本体 UR120 中央片面タイプ 本体 ホワイト 】店舗什器 ディスプレー マネキン 装飾品 販促用品 ハンガー ラッピング【メイチョー】
10,■バノック ファスバノック101 〔品番:FB101〕[TR-8573332],79,95,http://guanghong.co.th/kaminorth/10432fmew10013473,アズワン SCC ビックボーイ広口びん 500ml 1本 / 7-2103-07,[TRUST] トラスト GReddy インタークーラーキット TYPE42F 純正交換 CX-5 KE2FW KE2AW 12.02～14.12 SH-VPTS,■大化 あおラップ 18(μ)W500X300M(6巻入)〔品番：BLUE18〕[TR-2899710],AL 適用: トヨタ ハイエース 2014 2015 2016 イエロー ターンシグナル リレー 防水 12V DRL ランプ LED デイタイムランニングライト デイライト AL-HH-1418
11,【P】ボッシュ バッテリー充電器 AL1860CV [ON3108],79,95,http://guanghong.co.th/e-kikai/15444edrc6669433,PP金カップ 124mm 正角 [200入り]【他商品との同梱配送不可・代引不可】,PSクリスタルチョコ 透明（100入り）【他商品との同梱配送不可・代引不可】,ホクサン H-STYLE サイドスカート 素地 トヨタ スペイド DBA-NCP141 2012年07月～2015年06月,背面ミラー付き!! コレクションケース アクリル 大型 フィギュアケース Ｆケース ＵＶカット 【送料無料】 アクリルケース コレクションラック コレクションボード フィギュア 収納 高さ600 幅450 幅400 紫外線カット 1/48 48/1 ガンプラ
12,ビタクラフト ヘキサプライ両手ナベ3.0L 6122【 ビタクラフト 両手鍋 】,79,95,http://guanghong.co.th/add-kitchen/362foyw127-1001,【CASIO カシオ】G-SHOCK GW-9400-1B 電波 ソーラー RANGEMAN レンジマン BlackOut マスターオブGシリーズ メンズ 腕時計,因幡電工 【ケース販売特価 200巻セット】 ポリ塩化ビニル粘着テープ 《クリック》 電気絶縁用 19mm×10m 白 クリックVT19×10シロ_200set,10個セット☆ 中華単品 ☆ 白磁アベック丼 [ 26 x 15.5 x 8cm ・ 600cc x 2cm ］ 【 中華料理 ラーメン チャーハン 飲食店 業務用 】,10個セット☆ 中華オープン ☆ 天翔鳳凰 8.0高台丼 [ 25 x 9cm ・1890cc ] 【 中華 ラーメン ホテル 飲食店 業務用 】
13,超薄型スリムロールスクリーンプル式／パステル調生地(フルーレ)規格品横幅150cm × 高さ190cm送料無料ロールカーテン 国産 透け感 防炎 賃貸 カーテンレール つっぱり,79,95,http://guanghong.co.th/kagu-11myroom/17682dyvwnlat-ofb,■６．５倍ポイント■お客様組立 連結 棚・コンセント付すのこ収納ベッド Ernesti エルネスティ スタンダードボンネルコイルマットレス付き Bタイプ シングル[4D][00],送料無料 収納付きベッド ベッドフレーム マットレス付き セミシングルベッド セミシングルサイズ ディクシー 【薄型スタンダードボンネルコイルマットレス付き】 木製ベッド ベッド下大容量収納 収納ベッド チェストベッド ヘッドレス コンパクト 省スペース 引き出し付き,プリーツスクリーン タチカワ ペルレ コード式 ギンレイ PS6201～PS6206 幅121cm～160cm×丈30cm～60cm,プリーツスクリーン タチカワ ペルレ チェーン式 エブリ PS6215～PS6244 幅32cm～80cm×丈61cm～100cm
14,DIESEL ディーゼル小銭入れ付き２つ折り財布メタルロゴ ブラック ブルー二つ折り財布 ウォレットナチュラルエンボスシボT8013T6047BL HIRESHS,79,95,http://guanghong.co.th/autoparts-agency02/10452fmew502743620,AL 1ピース OEM A2515000075 ウォーター タンク コネクション ウォーター ホース 適用： メルセデス ベンツ R280/300/350 4MATIC ラバー ウォーター ホース パイプ AL-HH-2213,AL 1ピース クーラント ホース 64219179582 適用： BMW X3 F25 X4 F26 サプライ ライン AL-HH-2733,ロゴス(LOGOS) デカゴン ハーフグランドシート 71459301 [テント&タープ テントシート・マット],アンダーアーマー レディース タンクトップ Linear Wordmark Muscle Under Armour ヨガ ダンス トレーニング エクササイズ 運動 スポーツ グッズ
15,ENTRY EAW-01/BK エントリ-セツト セピアクルー エレクトリックアコースティックギター ブラック エントリーセット SEPIA CRUE EAW01BKエントリセツト 4534853029100【納期目安：06/末入荷予定】,79,95,http://guanghong.co.th/n-furniture/6337cebmhotta-r-120d,(まとめ) 日本理化学 キットパスキットパスウェットクリーナー 交換用 KPC-WETRE 1個 【×30セット】,【送料無料】オモイオ omoio (旧アビーロード) ベビー用品 オムツっ子 V1 ウォールセット TS-V1-W 壁付式縦型おむつ交換ベッド (旧 BT3-W) 【メーカー直送】,SUNSTAR サンスター フロント・リアスプロケット＆チェーン・カシメジョイントセット チェーン銘柄：EK製CR520ZTD（Threed シルバーチェーン） XR250,※要在庫問合せ五月人形 兜飾り 吉徳大光【2020年新作】紺絲縅 伊達政宗公 着用兜25号収納箱飾り 端午の節句
16,【送料無料】東芝 P1S3LPBR dynabook S3 （モデナレッド）【在庫目安:僅少】,79,95,http://guanghong.co.th/girlyapartment/15454edrcmga-01663,■IGUS エナジーチェーン ケーブル保護管 65リンク 〔品番:2400.07.125.0-65L〕[TR-1878991]【個人宅配送不可】,■IGUS エナジーチェーン ケーブル保護管 8リンク 〔品番:3500.150.100.0-8L〕[TR-1912108],【送料無料】レノボ・ジャパン 20N2003GJP ThinkPad T490 （Core i5-8365U/ 8/ 256/ Win10Pro/ 14/ LTE）【在庫目安:お取り寄せ】,【日本製】【送料無料】 Mスポーツ70 [TB-1424][高田ベッド製作所] 介護ベッド 診察台 ベッド マッサージ台 マッサージベッド 病院 クリニック 医療 介護 診察 診察室 施術 施術ベッド 軒先渡し
17,ティーズミー レディース ワンピース トップス Plus Spaghetti Strap Illusion Plunged Neck Mesh Corkscrew Ballgown Navy,79,95,http://guanghong.co.th/naniwaya/9517hsnw10547291,【CROCKETT＆JONES】 クロケット＆ジョーンズ オードリー 紳士靴 ドレスシューズ ダーク ブラウン AUDLEY 9447-2095-07 茶色 革靴 ビジネス シューズ フォーマル 冠婚葬祭 高級 ブランド レザー アンチークカーフ おしゃれ,タンガロイ 旋削用G級ポジTACチップ CCGT060200FL-J10 J740(7079893) 入数：10個,≪褥瘡予防のための体位変換と良肢位保持に≫ナーセントアップニー,タンガロイ 旋削用ねじ切りTACチップ 超硬 22IRN55 TH10(7096500) 入数：5個
18,■IGUS エナジーチェーン ケーブル保護管 27リンク 〔品番:3500.115.150.0-27L〕[TR-1901035]【個人宅配送不可】,79,95,http://guanghong.co.th/girlyapartment/15439edrcmga-02028,KNIPEX（クニペックス）9753-08 ワイヤーエンドスリーブ圧着ペンチ （SB） 送料無料！,【日本製】【送料無料】 有孔キャスター付油圧式昇降ベッド [TB-1350U][高田ベッド製作所] 診察ベッド 昇降 診察台 ベッド マッサージ台 マッサージベッド 病院 クリニック 医療 介護 診察 診察室 施術 施術ベッド 昇降ベッド 手動昇降 軒先渡し,【日本製】【送料無料】 GSスリムアイ-5型 [TB-1084][高田ベッド製作所] 介護ベッド 診察台 ベッド マッサージ台 マッサージベッド 病院 クリニック 医療 介護 診察 診察室 施術 施術ベッド 軒先渡し,■IGUS エナジーチェーン ケーブル保護管 14リンク 〔品番:2600.17.063.0-14L〕[TR-1933762]
19,試験用フルイ φ150×60Hmm 目開キ150μm 平織金網,79,95,http://guanghong.co.th/first34/10447fmewtrusco-1137016,地下足袋スニーカー【久留米絣】亀甲 ブルー 紺とブルー系（中布：ワイン色）（底：黒色）27cm,【刻印可能商品】【送料無料】【代引不可】【Free Style】[ペア販売]シンプルラインブルーカラーリング/タングステン/ペアリング【フリースタイル】【アクセサリー】,木製窓取替用アルミサッシ 窓用 4枚引き違い LIXIL リクシル RSII 内付型枠 巾2001-2500 高さ1001-1300mm 複層ガラス 引違い 窓 サッシ DIY 建材屋,エトロ トートバッグ ハンドバッグ レディース【Etro Shopper mit Paisley-Print】Braun
20,ウィップラッシュファクトリー ローディーラー・懐剣 カイケン RK607ML-S3 The Sneaking Izuna スニーキング・イズナ Whiplash factory RAW DEALER Kaiken,79,95,http://guanghong.co.th/sleepybed/7187gfkwcoco-3dkm,TKG 遠藤商事 ミソノ モリブデン鋼 牛刀サーモン No.565 30cm AMSD4565 7-0294-1205,DAIKEN RSバイザー 薄型 D1000×W1500 （RS-S）,DAIKEN RSバイザー D1400×W3700 （RS-K2R）,オフィスユーカリ ハートビート502UL
21,ラフ&ロード RR7226PS ライディングジャケット パッドセット,79,95,http://guanghong.co.th/horidashistore/25083zgkmaace0949abad,組み立て サービス付き 国産跳ね上げ収納ベッド グランド 深さ44cm セミダブル 横開き ゼルトスプリングマットレス付き リグレス 収納ベッド ガス圧 跳ね上げ式 ベッド 木製 セミダブルベッド セミダブルサイズ コンパクト 省スペース 大容量 収納付き フレーム (送料無料),送料無料 収納付きベッド ベッドフレーム マットレスセット キングベッド (SS×S) 2台 宮棚付き コンセント 国産 跳ね上げ収納ベッド Landelutz ランデルッツ 薄型プレミアムボンネルコイルマットレス付き 大容量 木製 連結ベッド 家族 ファミリー,壁面掲示板 B2 ホワイトボード仕様 617 屋内 直付け 扉 タテ 個人宅不可 法人配送のみ (選べるカラー),組み立て サービス付き 国産跳ね上げ式収納ベッド レナーチ ダークブラウン セミダブルベッド ラージ 横開き ゼルトスプリングマットレス付き 収納付きベッド ベッド下 大容量収納 木製ベッド マットレス付き ヘッドボード 宮付き 棚付き コンセント付き 寝室 寮 (送料無料)
22,プリハード ピエール・オーギュスト・ルノワール ピアノに向かう二人の娘達 P10号 額縁C 5357,79,95,http://guanghong.co.th/webike-rb/347foyw24046360,阪和 立型攪拌機 中速用 HP-5005,お得な割引クーポン発行中!!【ナイキ エアフォース 1 07 QS】NIKE AIR FORCE 1 07 QS City of Dreams black/blk-green spark ct8441-002 スニーカー AF1 シカゴ NBA オールスター シティーオブドリームス,お得な割引クーポン発行中!!【ナイキ ウィメンズ エアフォース 1 07 ESS】NIKE WMNS AIR FORCE 1 07 ESS deep royal blue ao2132-401 レディース 巣に0-カー ブルー ロイヤル ゴールド ホワイト,お得な割引クーポン発行中!!【ナイキ エア マックス 97 オリンピック】NIKE AIR MAX 97 QS amarillo/metallic gold-white ci3708-700 スニーカー AM97 五輪 イエロー
