row_id,name,telephone,description,email,faxnumber,naics,page_url,address.postalcode,address.addressregion,address.addresscountry,address.streetaddress,address.addresslocality
0,Mag. Irene Wurm-Prechtl,07282 20530,Dieses Geschäft ist in der folgenden Branche tätig: Öffentliche Verwaltung.,office@wurm-prechtl.at,,9211,https://www.allbiz.at/mag-irene-wurm-prechtl-07282-20530,4121,Oberösterreich,Österreich,"Veldenstraße 10, 4121 Altenfelden, Austria",Altenfelden
1,Mag. Hermann Zittmayr - Steuerberter Kufstein,05372 621490,Dieses Geschäft ist in der folgenden Branche tätig: Öffentliche Verwaltung.,steuerberatung@zittmayr.at,,9211,https://www.allbiz.at/mag-hermann-zittmayr-steuerberter-05372-621490,6330,Tirol (Bundesland),Österreich,"Kreuzgasse 2, 6330 Kufstein, Austria",Kufstein
2,Marktgemeindeamt,03632 3060,"Marktgemeindeamt hat seinen Sitz in Altenmarkt bei Sankt Gallen, Steiermark. Dieses Geschäft ist in der folgenden Branche tätig: Öffentliche Verwaltung.",gde@altenmarkt-st-gallen.steiermark.at,03632 30614,9211,https://www.allbiz.at/marktgemeindeamt_650-03632-3060,8934,Steiermark,Österreich,"Altenmarkt 2, 8934 Altenmarkt b. St. Gallen, Austria",Altenmarkt bei Sankt Gallen
3,Magistrat d. Stadt Wien Forsthaus Hirschwang,02666 52475,Dieses Geschäft ist in der folgenden Branche tätig: Öffentliche Verwaltung.,,,,https://www.allbiz.at/magistrat-d-stadt-wien-forsthaus_4c-02666-52475,2651,Niederösterreich,Österreich,"Hirschwang an der Rax 17, 2651 Reichenau an der Rax, Austria",Reichenau an der Rax
4,Franz Binder GmbH,02272 622860,Dieses Geschäft ist in der folgenden Branche tätig: Öffentliche Verwaltung.,arch.binder@direkt.at,02272 622863,236,https://www.allbiz.at/franz-binder-gmbh_2Q-02272-622860,3430,Niederösterreich,Österreich,"Minoritenpl. 6, 3430 Tulln an der Donau, Austria",Tulln an der Donau
5,Magistrat Bezirksamt Leonhard,0316 8720,Dieses Geschäft ist in der folgenden Branche tätig: Öffentliche Verwaltung.,,,,https://www.allbiz.at/magistrat-bezirksamt-leonhard-0316-8720,8010,Steiermark,Österreich,"Alberstraße 12, 8010 Graz, Austria",Graz
6,Municipal office Buch in Tirol,05244 62496,"Municipal office Buch in Tirol hat seinen Sitz in Jenbach, Tirol (Bundesland). Dieses Geschäft ist in der folgenden Branche tätig: Öffentliche Verwaltung.",gemeinde@buch.tirol.gv.at,05244 61525,9211,https://www.allbiz.at/municipal-office-buch-in-tirol-05244-62496,6220,Tirol (Bundesland),Österreich,"St. Margarethen 108, 6220 Buch, Austria",Jenbach
7,Mr. Dr. Gerhard Hoppenberger,0316 845338,Dieses Geschäft ist in der folgenden Branche tätig: Öffentliche Verwaltung.,,,9211,https://www.allbiz.at/mr-dr-gerhard-hoppenberger-0316-845338,8010,Steiermark,Österreich,"Dietrichsteinpl. 3, 8010 Graz, Austria",Graz
8,Meldeamt,06541 661141,"Meldeamt hat seinen Sitz in Saalbach-Hinterglemm, Land Salzburg. Dieses Geschäft ist in der folgenden Branche tätig: Öffentliche Verwaltung.",gemeinde@saalbach.at,,,https://www.allbiz.at/meldeamt_3M-06541-661141,5753,Land Salzburg,Österreich,"Dorfpl. 36, 5753 Saalbach, Austria",Saalbach-Hinterglemm
9,Gemeindeamt Floing,03177 2234,Gemeindeamt Floing hat seinen Sitz in Floing (Steiermark). Dieses Geschäft ist in der folgenden Branche tätig: Öffentliche Verwaltung.,bgm.gruber@live.at,,9211,https://www.allbiz.at/gemeindeamt-floing_3F-03177-2234,8183,Steiermark,Österreich,"Lebing 5, 8183 Floing, Austria",Floing (Steiermark)
10,Mr. Mag. Andreas Loiperdinger,06272 7478,Dieses Geschäft ist in der folgenden Branche tätig: Öffentliche Verwaltung.,,,9211,https://www.allbiz.at/mr-mag-andreas-loiperdinger-06272-7478,5110,Land Salzburg,Österreich,"Bauernweg 3, 5110 Oberndorf bei Salzburg, Austria",Oberndorf bei Salzburg
11,Marktgemeinde Gurk,04266 8125,Marktgemeinde Gurk hat seinen Sitz in Gurk (Kärnten). Dieses Geschäft ist in der folgenden Branche tätig: Öffentliche Verwaltung.,gurk@ktn.gde.at,04266 81255,9211,https://www.allbiz.at/marktgemeinde-gurk_12-04266-8125,9342,Kärnten,Österreich,"Doktor-Schnerich-Straße 12, 9342 Gurk, Austria",Gurk (Kärnten)
12,Tierzuchtamt,07242 474410,"Tierzuchtamt hat seinen Sitz in Wels (Stadt), Oberösterreich. Dieses Geschäft ist in der folgenden Branche tätig: Öffentliche Verwaltung.",,07242 47441250,,https://www.allbiz.at/tierzuchtamt-07242-474410,4600,Oberösterreich,Österreich,"Rennbahnstraße 15, 4600 Wels, Austria",Wels (Stadt)
13,MSV Wölbling e.V.,0676 4340079,"MSV Wölbling e.V. hat seinen Sitz in Wölbling, Niederösterreich. Dieses Geschäft ist in der folgenden Branche tätig: Öffentliche Verwaltung.",margit_ricker@yahoo.de,,,https://www.allbiz.at/msv-w%C3%B6lbling-e-v-0676-4340079,,Niederösterreich,Österreich,"Hohe Brücke 1, 3124 Unterwölbling, Austria",Wölbling
14,Amt der Stadt Hohenems,05576 71010,Dieses Geschäft ist in der folgenden Branche tätig: Öffentliche Verwaltung.,stadt@hohenems.at,05576 7101119,9211,https://www.allbiz.at/amt-der-stadt-hohenems-05576-71010,6845,Vorarlberg,Österreich,"Kaiser-Franz-Josef-Straße 4, 6845 Hohenems, Austria",Hohenems
