,col0,col1,col2,col3,col4,col5,col6,col7,col8,col9,col10
0,3463703,comment,3459266.0,3459604.0,1,0,ilaksh,,,"The real concern for the 'no-fly list' or 'terrorist watch list' is that it can, and probably is or will be, used as a general shitlist for dissenters (i.e., anyone who voices a problem with their government).  That can transition into generalized free-speech quashing and worse faster than people think.<p><a href=""http://www.aclu.org/technology-and-liberty/watch-lists"" rel=""nofollow"">http://www.aclu.org/technology-and-liberty/watch-lists</a><p>I am actually a little bit afraid to fly now because of numerous comments I have made about the US involvement in forcing the Afghani people to produce heroin etc.  I expect I may actually be on this ""terrorist watch list"" just based on my comments online.",1326524305
1,3463702,story,,,1,0,nextparadigms,"Financial analyst breaks down MPAA/RIAA ""loss numbers"" accounting fraud",http://rt.com/programs/keiser-report/episode-234-max-keiser/,,1326524265
2,3463701,comment,3463524.0,3463524.0,3,0,wyclif,,,"Andrew, you mean conscience, not ""conscious.""",1326524264
3,3463699,comment,3463631.0,3463631.0,7,0,andrew_k,,,"Google Cache <a href=""http://webcache.googleusercontent.com/search?q=cache:pxxPIla6u9sJ:www.schneier.com/blog/archives/2012/01/abolish_the_dep.html+&cd=1&hl=en&ct=clnk&gl=us"" rel=""nofollow"">http://webcache.googleusercontent.com/search?q=cache:pxxPIla...</a>",1326524237
4,3463698,comment,3463524.0,3463524.0,22,0,tstyle,,,"There are over 20 clones of pinterests in China, some of which have already raised multi-million dollar rounds:<p><a href=""http://huaban.com/"" rel=""nofollow"">http://huaban.com/</a> \n<a href=""http://www.mishang.com/"" rel=""nofollow"">http://www.mishang.com/</a>",1326524216
5,3463697,comment,3461841.0,3462610.0,1,0,gigantor,,,"You're on news.ycombinator.com, a site emphasizing on startups, app development, and dare I say, generating revenue. I'd say the answer is 'pretty much everyone here'.",1326524202
6,3463696,story,,,3,0,DanielRibeiro,Flipping the Bit,http://blog.8thlight.com/uncle-bob/2012/01/11/Flipping-the-Bit.html,,1326524179
7,3463695,story,,,2,0,giostyle24,The difference between clicking and tapping: IT'S REAL,http://astroaficionado.net/2012/01/14/manifesto-click-tap/,,1326524111
8,3463694,comment,3463631.0,3463631.0,3,0,click170,,,"Link seems down, anyone have a mirror?",1326524086
9,3463693,comment,3462655.0,3462655.0,1,0,BCM43,,,"<i>After all, if we were only interested in deconstructing finished products, there would be no Food Network.</i><p>Not quite. The food network is mostly about recipes that have already been created and tested. The equivalent would be putting up the git commits after the project is ready.",1326524022
10,3463692,story,,,1,0,lowe2012,Tips for Packing and Moving Out,http://packingformove.blogspot.com/2012/01/moving-out-and-packing-strategies.html,,1326523949
11,3463691,comment,3462545.0,3462545.0,2,0,nextparadigms,,,"This is no victory. Victory is when the bill gets thrown away, gets burned, and then we never have to hear about something like this again. Until that happens, we need to pressure on, and stay vigilant.",1326523935
12,3463690,comment,3463064.0,3463653.0,1,0,feralchimp,,,"I was hoping for an explanation of how the current arguments draw power from the distinction between 'fundamental' vs. 'government granted' rights.  Simply restating that ""the debate is framed that way"" provides no such explanation.<p>The position of SOPA's supporters is ""hey government, there are people stealing our work on a massive scale; fucking do something about it.""  The actual enforcement mechanisms in the bill have taken center stage in the debate because that position statement is credible (and obviously so).<p>I did not hear the author's post as questioning authorship as a concept, or the fact that U.S. law recognizes authorship as an activity which confers upon the author legal rights (or are we calling all of those 'privileges' now?) that are not granted to everyone else.",1326523870
13,3463688,comment,3460564.0,3460564.0,1,0,quadlock,,,Would they end up being a competitor to your site? if so why would you deal with them. or do they want it for some kind of internal tool?\nYou could sell them a license to run a custom version on their own system.\nAre they looking for you to make all the changes? then to support it? do they want the source?,1326523764
14,3463687,story,,,2,0,gpl1,Double Down,http://www.jamesyu.org/2012/01/13/double-down/,,1326523681
15,3463686,comment,3463524.0,3463658.0,22,0,pg,,,"That doesn't make it a net win.  The fact that, given that the clone exists, they prefer buying it to not buying it doesn't mean they prefer the clone existing to it not existing.",1326523599
16,3463685,comment,3463426.0,3463592.0,1,0,tel,,,I'm aware. I suppose I think of the theorems as less interesting though usually.,1326523591
17,3463683,story,,,1,0,mrb,Rossi Vindicated? NASA Posts Video Confirming Their Belief in Ni-H Cold Fusion,http://coldfire-lenr.blogspot.com/2012/01/is-nasa-trying-to-capture-some-of-glory.html,,1326523560
18,3463682,comment,3462080.0,3463607.0,3,0,patio11,,,"I think if you have two developers continue this conversation to its logical conclusion with bouts of coding and testing interspersed, you will bill $10k.",1326523551
19,3463681,comment,3462071.0,3462300.0,1,0,foxit,,,"I only know what it means because of Impecunious Davis. <a href=""http://library.duke.edu/digitalcollections/hasm_b0714/"" rel=""nofollow"">http://library.duke.edu/digitalcollections/hasm_b0714/</a>",1326523434
20,3463680,comment,3463426.0,3463528.0,2,0,semisight,,,"Haskell's advantages lie in being pure. It can't be 'friendlier,' because friendly languages let you hack things up (and are impure) as opposed to the planning required to lay down some Haskell.",1326523429
21,3463679,comment,3462261.0,3463353.0,4,0,asto,,,"In India, not many people have access to a decent education let alone access to the internet where you can freely read up on any medication that you are prescribed. Many of the doctors here are assholes who will prescribe antibiotics for even the common cold saying ""most of our patients want antibiotics so we give it to them"".<p>I wouldn't call the average person without the access to knowledge and resources that the average HN user has a terrible person for abusing antibiotics in this fashion but in my opinion, swizec should know better.",1326523402
22,3463678,story,,,1,0,apievangelist,Email as a Content API,http://blog.apievangelist.com/2012/01/13/email-as-a-content-api/,,1326523336
23,3463677,story,,,1,0,homemortgage,Loans From Home Needs Exploring Efficient Terms And Conditions,http://pageup-pressrelease-network.com/news/loans-from-home-needs-exploring-efficient-terms-and-conditions-17850.html,,1326523331
24,3463676,story,,,2,0,Brajeshwar,Who were 2011's Best Startup Investors?,http://fi.co/posts/482,,1326523281
25,3463675,story,,,1,0,cheappropecia,Propecia Online,http://www.buy-cheap-generic-propecia.com/,,1326523224
26,3463674,story,,,1,0,ahalan,Longest frozen embryo baby born,http://news.bbc.co.uk/2/hi/health/4655035.stm,,1326523166
27,3463672,comment,3463064.0,3463640.0,10,0,lisper,,,"I do not say that copyrights (and patents) are illegitimate by nature.  All I'm saying is that it's important to keep in mind <i>why</i> copyrights exist: it is not because the Founders thought it was a fundamental, inalienable right, it is because IP is a pragmatic solution to a practical problem: how do you encourage people to put forth the effort required to invent things and create art?  The default state is not that people have a ""right"" to their work, the default state is that everything is in the public domain, and copyrights and patents are a deviation from that ideal.  They are a legitimate deviation for a legitimate purpose, but a deviation nonetheless.  I think that it becomes clearer that SOPA is illegitimate when viewed with that perspective.",1326523133
28,3463671,comment,3463649.0,3463649.0,2,0,mrb,,,"If this is true, this will be revolutionary. It means if one spends $50 on a device generating 1 kW of thermal power, or about 300 W of electric power (due to inefficiencies of steam-turbines), the average amortized cost per electric kWh over 1 year would be about $0.02/kWh. This is 1/5th the average worldwide domestic electricity price ($0.10/kWh)!",1326523130
29,3463670,comment,3463426.0,3463426.0,1,0,losethos,,,Some sort of strange Jedi Mind trick.  I don't even...,1326523128
30,3463669,comment,3460443.0,3461963.0,1,0,teamonkey,,,"The ability to opt out was very strongly backed by the UK government. I don't know if any other EU countries do it.<p>Although many companies ask you to opt out, they must not force you to do so. In addition an employee can opt in again with a certain amount of notice.",1326523079
31,3463668,comment,3463524.0,3463524.0,1,0,foxit,,,"I have no experience with any of the rest of their ripoff sites, but Wimdu sucks. I mean, hard. Read just their front page copy, never mind digging deeper.<p>We got calls from idiots perpetually asking us to sign up with them - through many, many requests to knock it off.  It's the phone equivalent of the spam Airbnb got pinned on last year.  The especially stupid part was that we already were.",1326522967
32,3463667,story,,,1,0,gozoop,Fashionandyou Reviews can change your perspective,http://fashionandyoureview.posterous.com/fashionandyou-reviews-can-change-your-perspec,"Fashion and you is an online shopping website that offers all those products that can be roofed under the broad category of fashion. It includes apparels, fragrances, home decors, accessories, cosmetics and much more.",1326522938
33,3463666,comment,3462788.0,3463307.0,1,0,agumonkey,,,"I'd think so, those were first steps.\nScenes wer disturbing yet 'reassuring', as in buying time.",1326522921
34,3463665,comment,3463524.0,3463524.0,6,0,jwallaceparker,,,">> Shit like this should be illegal, but its not.<p>This is competition.<p>It may make things tougher for the original company, but free competition in a marketplace is always good for the consumer.<p>If you made this illegal, you're just going to create monopolies where there weren't monopolies beforehand.",1326522888
35,3463664,story,,,1,0,linfuliang,2011 Kobe Bryant Shoes Black/Gold - kobe bryant,http://www.kobebryantoutletstore.com/#.TxEgiprnY5U.hackernews,,1326522885
36,3463663,comment,3463560.0,3463560.0,1,0,JayNeely,,,"Look through search results for ""our ycombinator application"" - <a href=""https://www.google.com/search?q=%22our+ycombinator+application%22"" rel=""nofollow"">https://www.google.com/search?q=%22our+ycombinator+applicati...</a>",1326522883
37,3463662,comment,3457431.0,3457431.0,1,0,sagacity,,,"Looks cool :) Like it. Some quick suggestions:<p>1) Show the URL of each link following the Title/Description (search-result style)<p>2) Make a browsable directory of topics/categories (possibly two levels: Topic/Sub-Topic, general web directory style). Next, allow bundle creators to submit/tag each bundle under a category.<p>This way, users interested in finding/browsing links of particular topics can find them all easily.<p>HTH and all the best. (Let me know if you need any more specifics/help - we've been building general/niche directories for almost a decade.)",1326522864
38,3463661,comment,3463524.0,3463616.0,4,0,joshAg,,,but didn't the article say that the brothers launched in  markets that the original had yet to enter?,1326522817
39,3463660,comment,3463524.0,3463630.0,3,0,andrewdumont,,,"You're right, edited. Fuck SOPA/PIPA and internet regulation.",1326522790
40,3463659,comment,3462873.0,3463568.0,1,0,jandrick,,,"I actually think you are right on my concern is less that they spent the money, but how and how well was it executed. I think it was poorly executed on. I wish I were the agency or development firm because I would have milked this for all it was worth.",1326522756
41,3463658,comment,3463524.0,3463626.0,2,0,jwallaceparker,,,">> could this end up being a net win for the original company?<p>Yes. Obviously the original companies consider it a net win, otherwise they wouldn't buy the clone.<p>They value the clone more than the money they're paying for it.",1326522749
42,3463657,comment,3461427.0,3463579.0,2,0,appcolumn,,,Link works fine for me as well.,1326522747
43,3463656,comment,3461728.0,3462256.0,3,0,haldean,,,"Python can do this: <a href=""http://docs.python.org/library/functions.html#property"" rel=""nofollow"">http://docs.python.org/library/functions.html#property</a>",1326522734
44,3463655,comment,3461728.0,3462817.0,1,0,ilaksh,,,"I guess its obvious, but I am (mainly) a self-taught programmer, and I think that you really don't know what you are talking about.<p>When I was around seven years old, we had a Tandy Color Computer 2.  I wore out the book that came with that, playing with BASIC.  We also had a Vic 20, a TI-99a and an Ohio Scientific, and eventually an IBM AT compatible.  For years, I spent a lot of time playing with short BASIC programs.<p>Eventually, maybe around seventh grade, I got a book called Turbo Pascal Disk Tutor (or something like that).  I loved that book and I spent many months studying the book and doing the exercises.  I was very serious about learning object-oriented programming.  Over the next couple of years I experimented with a simple wireframe 3D CAD-like program.  I became very familiar with abstraction, polymorphism and other object-oriented concepts before I entered the 9th grade.<p>Anyway, I'm not going to list every single program I ever wrote or design pattern or programming language or concept I taught myself, but the point is, I did read books and learn a lot of things that are actually apparently missing from many undergrad and even graduate CS-like programs.  A guy at Stanford just recently came out with a Rails course partly about software engineering, which apparently is practically revolutionary.  There is more contemporary software engineering baked into Rails than what probably more than half of CS or even SE graduates in the last five or ten years ever saw in their courses.<p>And ever since I dropped out of college (only took like two CS-related courses while I was there), I have been extremely motivated to learn as much about CS and software engineering as I can, mainly because of attitudes like yours.",1326522731
45,3463654,comment,3463524.0,3463524.0,1,0,nyrb,,,"is <a href=""http://www.pinspire.com/"" rel=""nofollow"">http://www.pinspire.com/</a> down? ""The service is temporarily unavailable. Please try again later.""",1326522701
46,3463653,comment,3463064.0,3463635.0,2,0,lisper,,,"The current debate is framed by the presumption that ""intellectual property"" is a fundamental right that must be protected, and the disagreement is only over the means by which this is done and the collateral damage that results.  Questioning the premise of ""intellectual property"" (and, by extension, ""online piracy"") makes the position of SOPA's supporters less tenable.",1326522688
47,3463652,comment,3460033.0,3463433.0,2,0,burgerbrain,,,"Eh, there seem to be a good number of black pots for sale on amazon, though they are undoubtedly black for other reasons than pots used to be black for.  I have a cast iron kettle that I use as a door stop that's also quite black, though I do suspect it's rather old.<p>First result for ""pot"": <a href=""http://www.amazon.com/Cuisinart-619-16-Nonstick-Hard-Anodized-Saucepan/dp/B0001LO5EK/"" rel=""nofollow"">http://www.amazon.com/Cuisinart-619-16-Nonstick-Hard-Anodize...</a>",1326522682
48,3463651,comment,3463426.0,3463426.0,1,0,glidey,,,"Because we don't really do math? I mean Architects do math too right, but I don't think they have a problem with saying their job isn't really math (even though it's probably a lot of math, but it's also a lot of design).",1326522670
49,3463650,comment,3463524.0,3463615.0,2,0,notatoad,,,"is pinterest really localized at all?  i get how something like airBnB merits an international clone, but how does an international version of pinterest do anything that regular pinterest doesn't?",1326522660
50,3463649,story,,,2,5,mrb,Rossi: First E-Cats Will Now Cost $50 per kW,http://www.e-catworld.com/2012/01/rossi-first-e-cats-will-now-cost-50-per-kw/,,1326522653
51,3463648,comment,3463446.0,3463446.0,5,0,logn,,,"This is really good news.  It actually sort of reaffirms there's at least something theoretically correct about our government.<p>While we complain a lot about money in politics, and it is a problem, ultimately we do have control over them if we pay enough attention.",1326522637
52,3463647,comment,3458859.0,3460028.0,1,0,BadassFractal,,,"Cool, thanks!",1326522633
53,3463646,comment,3462439.0,3463388.0,2,0,BadassFractal,,,"I remember seeing that, you're right. I believe it's actually in Extreme Programming Explained, or in one of those other core books. If I recall correctly, the guideline was to avoid pair work at maximum intensity for longer than 4 hours (small breaks are implied).",1326522575
54,3463645,comment,3463426.0,3463426.0,3,0,wyclif,,,Yet another instance of content not set up to handle traffic. Anybody got the copypasta?,1326522559
55,3463644,comment,3463446.0,3463576.0,15,0,forensic,,,What we really need is a constitutional amendment that forbids government interference with internet infrastructure. The internet needs to be protected by laws that recognize it as an essential public utility.<p>A free and open internet is essential to the safeguarding of freedom of communication and to the economic health of the world.<p>Basic internet access must be recognized as a human right.,1326522516
56,3463643,comment,3463524.0,3463524.0,1,0,artursapek,,,"<i>Hot startups, beware.</i><p>Of what though? I think this is a natural phenomenon that will happen in any competitive environment. The guys doing it are scumbags, but there's nothing to beware because there's nothing you can do to prevent it.",1326522497
57,3463642,comment,3460917.0,3460917.0,1,0,NnamdiJr,,,"This is almost exactly the same path I've taken to learn Python/Django. Right now I'm at where you were at the end of Week2 (stopped at Chpt8 in DjangoBook for same reasons), and have been trying to narrow down a good next step to help me fill-in some gaps in setting up a Django site I had in mind.<p>'Django by Example' seems like it's what I've been looking for, surprised I missed it when gathering resources.<p>Good luck building your app and thanks for sharing, will be keeping watch of your blog!",1326522447
58,3463641,comment,3462545.0,3462955.0,0,0,kenrik,,,Correct: Maslow's Window<p>You get them to settle for something they would not have even considered if the first demands were not so ludicrous.<p>Effective Technique.,1326522412
59,3463640,comment,3463064.0,3463064.0,17,0,grellas,,,"In the modern world, ""property"" may be tangible or intangible, as the law may recognize it.<p>Law may take all sorts of forms. In the U.S., it may take the form of a federal constitution or a state constitution, or of a federal statute or a state statute, or of a federal administrative regulation or a state administrative regulation, or of a federal court decision or a state court decision.<p>For example, with patents, you have a constitutional provision that empowers the federal legislative branch to authorize grants of limited patent monopolies, you have federal statutes dating back to 1792 that implement that authority by conferring rights on inventors to apply for and obtain patents, you have a regulatory framework under the USPTO that sets out a framework for evaluating what is or is not patentable, and you have federal courts that adjudicate disputes affecting the enforcement of patent rights. One can argue over whether patent grants are ""property"" or not but this is really more a philosophical argument than a legal one. Those who oppose patents philosophically will argue that patents are nothing more than monopoly grants that cannot be said to have equal dignity with tangible forms of property and that are therefore not worthy of the label ""property."" In this view, the ""property"" label has merely been hijacked by those who seek to unfairly skew the debate over whether patent monopolies should ever be granted in the first place. Yet, while this sort of discussion frames the philosophical debate, the law gives patent holders a full complement of rights that confer all the attributes of property: under indisputable governing law today, such rights can be owned exclusively by someone to the exclusion of all others, they can be licensed to others by the rights holder via a license in exchange for value given (fees or royalties, one-time or recurring) or otherwise, either exclusively or non-exclusively, they can be assigned, transferred, or sold for valuable consideration, they can be passed by inheritance in the case of individuals or sold out of bankruptcy court in the case of any holder, and each successive buyer of the rights has valuable, exclusive rights that certainly resemble ""property"" whatever the philosophical arguments pro or con in using that label. When the Nortel patents sell for several billion dollars on auction, or when Google buys Motorola for many billions of dollars when the main asset is its patent portfolio, the commercial players are buying valuable intangible assets, i.e., bundles of legal rights that can be possessed, used, improved upon, bought, sold, sued upon, and legally enforced to the exclusion of others. In every functional sense, that is ""property"" whether it is ultimately some fundamental right or not in the philosophical sense.<p>The same goes for copyright, which protects tangible forms of creative expression, whether writings, films, compositions, software code, or many other items. As with patents, the rights associated with legal protections of such creative expressions can have huge value and such rights can be ""owned"" by a specific holder to the exclusion of all others, can be licensed, sold, gifted, passed by will, etc. in much the same manner as can tangible forms of property. Such rights, then, in a legal functional sense, have all the attributes of ""property"" whatever they may be in a fundamental, philosophical sense.<p>The same goes for trademarks - a form of intangible right by which the law protects a merchant's right to use marks or symbols to identify the origin of goods or services so that others cannot fraudulently pass off their goods or services as those of another. Unlike patents and copyrights, trademarks have their origin in judicial decisions by which the courts decided to grant forms of ""property"" protection to protectible marks created by merchants while selling their goods or services in commerce. Later, federal statutes and regulatory structures were set up to facilitate more efficient registration of such marks. The result, though, is the same as in the case of patents and copyrights: trademark rights can be bought and sold, licensed, sued upon for enforcement, etc. in all the ways that tangible forms of property can be and in this legal, functional sense they are ""property"" as much as anything else can be called that.<p>So too trade secret rights are ascribed to commercial information that is both proprietary (i.e., ""owned"" by someone) and confidential and such rights similarly can be sold, etc., as in asset sales or stock sales by which entire companies are acquired.<p>At every level of law (federal and state constitutions, statutes, regulatory bodies, and courts), the foregoing forms of intangible rights are recognized and protected as ""property."" In the legal sense, then, IP is indisputably treated as ""property"" whether or not it is ""fundamental.""<p>SOPA is illegitimate not because copyrights are illegitimate by nature but because it seeks to take a reasonable enforcement scheme relating to copyrights across the web and turn it into a bastardized version that is grossly unfair and highly destructive. One can argue that copyrights are illegitimate by nature but that is a philosophical argument and not a legal one. Legally, copyrights have consistently been enforced in the U.S. since the adoption of the federal constitution. Are they always legitimately enforced? As a matter of policy, they have not been, in my view. The copyright extensions, the grabbing of public domain materials to put them back in copyright, etc. have been products of grotesque lobbying efforts and cravenly legislative efforts that serve no proper purpose other than to favor a privileged few in efforts that clearly damage the broader society (this is another way of saying they don't serve the legitimate purposes of copyright in the first place). That said, however, the core of copyright has a long and well-recognized place in American law and (I believe) broad significant support from the many people who believe that creative efforts should not be treated as common property but should be protected (within limits) for the benefit of their creators.<p>It thus seems to me irrelevant to say that IP is not a ""fundamental"" right (I would agree that IP rights are not fundamental in the constitutional sense). Yes, Congress could constitutionally act to repeal the implementing statutes. But so what? Copyright has been consistently implemented and enforced in the U.S. since the beginning of the nation and there is every reason to believe that it will continue to be protected as ""property"" in the sense I describe above for many years to come. Copyright may not be ""fundamental"" in the constitutional sense but it is deeply entrenched in our nation and (in my view) continues to have strong support among the broader public. One can support it while adamantly opposing SOPA. The two should not be confused.",1326522401
60,3463639,comment,3461728.0,3461728.0,4,0,nubela,,,"""""""\nBut. I still stubbornly believe the whole private members accessed via accessors thing in java is bullcrap for internal projects. It adds piles of useless boilerplate code for absolutely no gain when you can just right click a field and chose add setter/getter if you NEED an accessor in the future.\n""""""<p>YES.",1326522392
61,3463638,story,,,12,6,alex_seidlitz,The Birth Of A Really Bad Idea: Peter Thiel And Knowing Less As A Life Strategy,http://www.forbes.com/sites/billfischer/2011/06/28/the-birth-of-a-really-bad-idea-peter-thiel-knowing-less-as-a-life-strategy/,,1326522358
62,3463637,comment,3463064.0,3463469.0,0,0,burgerbrain,,,"Any system of ethics or rights or whatever the hell you want to call it that does not include 'the right of women to vote' is shit and not worthy of consideration.<p>Rights are not given, nor bestowed.  They cannot be given up or taken away.  Any other conceptual system of ""rights"" is bullshit pandering to those who wish to oppress.",1326522242
63,3463636,comment,3462071.0,3463352.0,2,0,pjscott,,,"From the standpoint of someone using those search engines, it's a lot easier now to find things. And there are more things to find. I don't remember the likes of Altavista and Ask Jeeves with much fondness.",1326522235
64,3463635,comment,3463064.0,3463064.0,2,0,feralchimp,,,How does this distinction reframe the SOPA debate?,1326522191
65,3463634,comment,3463524.0,3463524.0,8,0,kenrik,,,"I agree it ""sucks"" however I do not agree it should be ""illegal"" We would just end up with SOPA 2.0<p>Seriously can you imagine the chilling effect it would have if it were made illegal?<p>Facebook would never have made it under that kind of law because they would have claimed it was a knockoff of Myspace/friendster/hi5/ ""insert social network here"".",1326522177
66,3463633,comment,3460703.0,3461320.0,2,0,Natsu,,,"It would fail after people learned how they were being graded.  See also:  Goodhart's Law<p><a href=""https://en.wikipedia.org/wiki/Goodhart%27s_law"" rel=""nofollow"">https://en.wikipedia.org/wiki/Goodhart%27s_law</a>",1326522055
67,3463632,comment,3463426.0,3463426.0,1,0,anamax,,,"Because they're not doing math?<p>Seriously - what is the useful model for a router or malloc?<p>Oh, and Babbage was not the first person to write an algorithm.",1326522051
68,3463631,story,,,329,55,nextparadigms,Abolish the Department of Homeland Security,http://www.schneier.com/blog/archives/2012/01/abolish_the_dep.html,,1326522048
69,3463630,comment,3463524.0,3463524.0,21,0,drivebyacct2,,,"I'm sympathetic, but I can't say I agree with this:<p>""Shit like this should be illegal, but its not.""<p>Especially given the SOPA/PIPA/IP discussions that have occurred here in just the last 24 hours.",1326521998
70,3463629,story,,,1,0,yunlin007,YMCMB Snapback Hat Cap Red Black,http://www.bullssnapbacks.com/ymcmb-snapback-hat-cap-red-black-1580.html,,1326521981
71,3463628,story,,,1,0,duartex7l,How to Play Super Nintendo Games On Your Computer,http://duartex.com/how-to-play-super-nintendo-games-on-your-computer,,1326521968
72,3463627,comment,3463524.0,3463600.0,5,0,gerggerg,,,Wow. That Russian one is even using assets scraped directly from the pinterest site.,1326521965
73,3463626,comment,3463524.0,3463524.0,6,0,zzzmarcus,,,"Obviously a startup doesn't want to be copied this way, but if the company making the clones is actually good at getting users internationally, could this end up being a net win for the original company? The clone gets popular in other countries, then gets bought by the original who gets immediate presence in other markets in return. Seems like in at least some circumstances it could work out. Maybe?",1326521941
74,3463625,story,,,1,0,passion12345,Asus Motherboard Driver Downloads ,http://drivers.freesoftz.com/motherboard/asus,Freesoftz maintains the list of available Asus motherboard drivers which are free to download.,1326521935
75,3463624,comment,3462873.0,3463529.0,1,0,jandrick,,,"I am dying to know. I think the poor execution on launch is what shocks me the most I can think of several scenarios where millions would be spent on a site redesign and launch one would include a larger marketing budget for ad placement, etc.<p>But I think given the old site was already integrated into their booking systems we are giving them too much benefit of the doubt. This was clearly an over payment in my opinion.",1326521934
76,3463623,story,,,1,0,duartex7l,How To Run a Cisco Router On Your Computer,http://duartex.com/how-to-run-a-cisco-router-on-your-computer,,1326521921
77,3463622,comment,3463524.0,3463615.0,1,0,chc,,,"Probably, but <i>should</i> avoiding this be a higher priority? Is this more catastrophic than, say, nobody ever hearing about you?",1326521914
78,3463621,story,,,1,0,diwank,Phobos Grunt: Failed Russian Mars Probe Falling to Earth,http://abcnews.go.com/Technology/phobos-grunt-failed-russian-mars-probe-entering-atmosphere/story?id=15354362,,1326521895
79,3463620,comment,3443337.0,3451476.0,1,0,ebiester,,,"1. Just because I didn't believe they could do differential equations doesn't mean that I didn't believe they could learn college-leve. algebra with some coaching. I had more faith in them than they did of themselves, in many cases.<p>2. There have been many studies that have tried what you say. The problem is that the class must go slower to accommodate the slower students. Engineering degrees already have so much packed into them that they often can't take classes of interest -- are we going to make it even longer?",1326521830
80,3463619,comment,3463524.0,3463524.0,1,0,mark_up,,,> Shit like this should be illegal<p>No. No it shouldn't.,1326521820
81,3463618,comment,3462873.0,3463338.0,1,0,jandrick,,,"I think you miss the point a bit. It was a redesign. The had internal and external datasources that were used in the recreation. The thing I can tell you from being in house at a company whose core competency is not web development or design that regular over spend occurs less because of the details and more because of operational ignorance and agency selection.  It is rarely because the site is so complex or special.<p>I would expect some expense for the legacy integration, but I believe that 18 million is way to much and given the fact that the site launched with so many issues it seems even if it were a steal it was too much.",1326521766
82,3463617,story,,,1,0,carriecobb88,Food Logos That Can Represent Any Kind of Business of Food ,http://logo-design-consultant.webs.com/apps/blog/show/11600180-food-logos-that-can-represent-any-kind-of-business-of-food,"An appropriate brand mark design can represent any kind of business that is related to eating items. The key purpose of making a brand mark is to bring in more customers and create a positive impact in their minds. Competition lies even in the brand mark designs of restaurants, hotels, cafes, and even pet food logo.",1326521760
83,3463616,comment,3463524.0,3463597.0,4,0,gerggerg,,,"Except they're clearly trying to profit off of customer confusion. It's one thing to copy a business model, it's another thing to copy a company.",1326521750
84,3463615,comment,3463524.0,3463524.0,2,0,capkutay,,,Could a start-up avoid this by making an international presence a higher priority?,1326521705
85,3463614,comment,3463407.0,3463407.0,0,0,swatantrac,,,Awesome dashboard. I'm Lovin' it.,1326521653
86,3463613,comment,3463524.0,3463524.0,5,0,plainOldText,,,It must be horrible to see someone else ripping off your work like that. I mean Pinspire is almost identical to Pinterest. The question is what do you do? do you ignore them and try to focus on your product without letting anger affect your creativity and the initial flow of ideas or do you try to compete with them?,1326521558
87,3463612,comment,3460917.0,3462572.0,2,0,weaksauce,,,That's exactly why begin transaction is awesome.,1326521552
88,3463611,comment,3461728.0,3462358.0,1,0,gooorack,,,HN is a good place to go if you begin to believe that you are truly awesome at coding and know it all.  Brings you back to earth with a thud,1326521551
89,3463610,comment,3461728.0,3463429.0,10,0,SoftwareMaven,,,"In my experience, it's the capacity for holding abstraction in mind that determines how far up the hill a person can go. I don't think there is ever a time where you can't move uphill, but the effort required to move increases more the closer you get to saturating that capacity.",1326521542
90,3463609,comment,3463064.0,3463330.0,1,0,anamax,,,"> What forbids Congress to use those monopoly grants for other purposes is the doctrine of enumerated powers.<p>Except that said doctrine is mostly dead, thanks to the commerce clause, an expansive definition of ""interstate"", and ""promote the general welfare"".",1326521539
91,3463608,story,,,1,0,vishnu123,Unitech Unihomes 3,,"Unitech Unihomes 3 - After the grand success of Unitech Unihomes 1, Unitech Unihomes 2 Unitech launches Unitech Unihomes 3. To get the best discount visit us at http://realtystructure.in/unitechunihomes3.php or call us @ 9250922822.",1326521522
92,3463607,comment,3462080.0,3462411.0,1,0,weaksauce,,,what's wrong with adding tags at the end of the user editable areas that are unmatched so the rest of the page does not break when they add unbalanced html? I think they should parse it and make sure it's legit html before blindly saving it(xss possibilities if anything is public facing et. al.).,1326521368
93,3463606,comment,3463426.0,3463426.0,1,0,agumonkey,,,"On everyday reality job, you often work to change a system, this is some kind of science besides the other common cs math fields.",1326521353
94,3463605,story,,,2,0,atarian,Stop Vilifying Venture Capitalists,http://www.cnn.com/2012/01/13/opinion/davis-romney-bain/index.html,,1326521022
95,3463604,comment,3458261.0,3460410.0,2,0,beedogs,,,"Sadly, you're probably right. It won't be long, 10 years tops, before the US is doing deep packet inspection and hijacking sessions as a matter of course.",1326520999
96,3463603,story,,,1,0,carljones,Cargo Tracking,http://caudiumforge.net/,Technological advancements have literally changed our lifestyle. Cargo Tracking is evidence of such a technology. Cargo can be easily tracked by your apple iphone. There are innumerable applications in it.,1326520927
97,3463602,story,,,5,0,prajjwal,"Can you learn to code in a year? Maybe, but should You?",http://www.extremetech.com/computing/113771-can-you-learn-to-code-in-a-year,,1326520912
98,3463601,comment,3461728.0,3462448.0,0,0,ilaksh,,,">The abstraction is just barely enough to get the job done, and the algorithms are decidedly homebrew.<p>Wow.. actually your comment is EXTREMELY critical and very dishonest in the end claiming that its not a criticism.<p>I'm just curious, what software have you written, and how many millions of users does it have?",1326520883
99,3463600,comment,3463524.0,3463524.0,3,0,LeonidBugaev,,,"Here is another Russian clone Pinme.ru, and it's already funded by $1,3m :)",1326520857
100,3463599,comment,3460033.0,3463488.0,1,0,caspianm,,,"I still don't feel like I know the relationship between the perpetrators and google. Subcontractors, employees, or what? But I would be surprised for that apology to happen if there was no relationship other than impersonation.",1326520839
101,3463598,comment,3461482.0,3461482.0,1,0,jimrandomh,,,"Yep, I definitely see this from time to time, especially over mobile networks. Interestingly, most of my problems went away when I started using OpenVPN. It connects with UDP to my Amazon EC2 VM, which is close enough to the internet's core that everything after that is low-latency. I'm not sure why this works, but it does suggest a practical testing ground for bufferbloat-workaround strategies: you can't make the rest of the internet adopt your weird new protocol, but you can install it on a VM, and route all your traffic that way.<p>As an added bonus, this gets you security on untrusted networks and a static IP. And you could potentially use this sort of trick to get a cool multi-homed connection, although there's no software for that currently. It'd be interesting to see what possibilities there are when combining a fast but bufferbloated or high-latency connection, with a slow but low-latency connection.",1326520821
102,3463597,comment,3463524.0,3463524.0,9,0,atomical,,,A lot of hackers won't develop a product unless it is a brand new concept that has never been marketed before.  These guys actually do their research and compete with companies that are trying to do a land grab.  I can see the draw of innovating and creating something new but I can also see the draw of finding a business model and making money.  It's not wrong in the least.,1326520813
