,col0,col1,col2,col3,col4,col5,col6,col7,col8,col9,col10
0,458776,comment,457873.0,457959.0,0,0,gojomo,,,"Way back in May 2007, Facebook reported using 200 16GB memcached servers, and suggested 32GB servers were soon on the way:<p><a href=""http://article.gmane.org/gmane.comp.web.cache.memcached/3224"" rel=""nofollow"">http://article.gmane.org/gmane.comp.web.cache.memcached/3224</a><p>Big, popular services don't skimp when fighting latency.",1233352707
1,458775,comment,458642.0,458642.0,0,0,bprater,,,"If Microsoft ships Windows 7 for $99, how does this change the game?<p>I would go out and buy it immediately for my Mac's VM.",1233352646
2,458774,comment,458622.0,458703.0,0,0,jodrellblank,,,"It also runs counter to ""do the simplest thing that could possibly work"" and ""KISS"" and ""YAGNI"".<p>Doesn't mean it's a bad idea though. But if it's that good, make sure you announce it and market it as a significant feature...",1233352595
3,458773,comment,458663.0,458663.0,0,0,Adkron,,,Are both sets of code optimized?,1233352595
4,458772,comment,457499.0,458450.0,0,0,tokenadult,,,"The sample I hear from about Harvard's undergraduate math program consists largely of participants on the Art of Problem Solving forum<p><a href=""http://www.artofproblemsolving.com/Forum/index.php?f=143"" rel=""nofollow"">http://www.artofproblemsolving.com/Forum/index.php?f=143</a><p>and those participants include many young people from various countries who have participated in the International Mathematics Olympiad.",1233352551
5,458771,comment,458663.0,458747.0,0,0,Xichekolas,,,"> <i>Even if nobody respected it, everyone would be using it.</i><p>By that metric, PHP is the scripting language for you. ;)<p>The double hyphen comment is used elsewhere. SQL comes to mind.",1233352506
6,458770,comment,458622.0,458703.0,0,0,bprater,,,It'll be a time sink. Why not do it as dirty as possible now and go back and tune it as time goes on?,1233352459
7,458769,comment,458721.0,458721.0,0,0,nir,,,Would be cool to have an API for this (just send it a URL and get back a list of tags),1233352415
8,458768,comment,458743.0,458743.0,0,0,Adkron,,,wget is your friend.  I would have been making sites like this all along had I known that all I had to do was move to Poland.  Easy Money.,1233352406
9,458767,comment,458642.0,458642.0,0,0,aston,,,"This entire essay hinges on the assumption that Microsoft's priced Windows (and Office?) inefficiently. Implicitly, it may also hinge on the presumption that the true dollar value of OS software is basically zero.<p>I'm not so sure on the first, and I know the second is plainly false. For the average consumer, the switching cost associated with moving from Windows to Linux is quite hefty relative to buying a new copy of Windows 7...",1233352390
10,458766,comment,456663.0,456980.0,0,0,bjclark,,,Is this an objective recommendation or do you have some stake in the company?,1233352374
11,458765,comment,458761.0,458761.0,0,0,nir,,,"Architecture and urban planning are very close to software IMHO, being about form and function and complex systems. This one is a brilliant talk on that subject.",1233352329
12,458764,comment,458622.0,458622.0,0,0,bprater,,,"Gut wrenching, for sure. To see your whole model explode, it's just not worth it.<p>If you don't have a backup plan -- close your browser, stop surfing Y!Hacker, and go write a shell script to dump your database and rsync to anywhere else on earth.",1233352319
13,458763,comment,458031.0,458031.0,0,0,daveambrose,,,No FlowingData love?,1233352285
14,458762,comment,458622.0,458694.0,0,0,bprater,,,I'd really like to store incrementals of my MySQL at S3. Anyone using something they really like? Or should I just break-down and do full dumps each night?,1233352255
15,458761,story,,,18,35,nir,"TED 2004, Kunstler Dissects Suburbia",http://www.ted.com/index.php/talks/james_howard_kunstler_dissects_suburbia.html,,1233352246
16,458760,comment,458622.0,458622.0,0,0,nickb,,,"From reading the notice, I get the feeling that they don't have any backups! Not very re-assuring at all.",1233352210
17,458759,comment,458622.0,458694.0,0,0,t0pj,,,"""take some simple steps to ensure that you don't <i>bork</i> your site""<p>unborked[.com] is currently available.<p>A site dedicated to stopping all of the borking going on out there.<p>===<p>I think some cheap, simple sql dumps from the db, burned to an external HD and taken home would've been a good first step -- your data would be dated but somehow restorable nonetheless without the need for off-site, replicated, heart-beat monitored databases.<p>IMHO you really need an expert database admin (of which I am not) to get all of this up and keep all of it going; a caretaker who's only job in life is the maintenance of any and all persisted data.<p>On another note, backups are really useless unless you have actually tested the restores.",1233352204
18,458758,story,,,2,0,transburgh,MySpace CEO DeWolfe Jabs Back At Yahoo’s Bartz (Video),http://www.techcrunch.com/2009/01/30/myspace-ceo-dewolfe-jabs-back-at-yahoos-bartz-video/,,1233352201
19,458757,comment,458090.0,458090.0,0,0,llimllib,,,"Short version: Elon Musk is Ozymandias.<p><a href=""http://en.wikipedia.org/wiki/Ozymandias_(comics)"" rel=""nofollow"">http://en.wikipedia.org/wiki/Ozymandias_(comics)</a>",1233352112
20,458756,comment,458434.0,458728.0,0,0,wallflower,,,"I feel Beginning iPhone Development is good because it helps build your confidence so that you can work on getting through your own projects and Aaron Hillegass' book. This book seems more advanced, and I will go get a copy this weekend.<p>Aside from learning from $30-40 books: Building a calculator from scratch was recommended to me and is a great project that you can go from basic (accumulator) to nuts (Quartz rendering) on.",1233351976
21,458755,comment,458622.0,458684.0,0,0,eli,,,It's a classic dilemma -- most people don't care about backups until immediately after it's too late.,1233351957
22,458754,comment,458109.0,458609.0,0,0,lallysingh,,,I'd account for dumb jocks under my 'understimulated brain' column.,1233351883
23,458753,story,,,1,0,erickhill,Is the Red Herring dead?,http://www.alleyinsider.com/2009/1/red-herring-rip/,,1233351828
24,458752,comment,458663.0,458696.0,0,0,kingkongrevenge,,,"I'm sure, but luajit wins handily over all the scripting interpreters.  I'm not much concerned with ruby in particular.  I'm suspicious that luajit is constrained in features.  I doubt you can dynamically load in object code for modules, for example.  This makes it not quite a straightforward comparison to the other interpreters.",1233351788
25,458751,comment,458034.0,458749.0,0,0,Xichekolas,,,My guess is something cryptographic.,1233351764
26,458750,comment,458663.0,458702.0,0,0,Zak,,,"""Fair"" comparisons of the sort you're talking about are not useful when choosing a language. If I'm choosing a language for an application, I don't care if it's unfair that one is much faster than the other because it has a JIT compiler instead of an interpreter - I only care which one is the most suitable.",1233351731
27,458749,comment,458034.0,458732.0,0,0,palish,,,"Just curious, what do you do?  It's interesting that you optimize a lot of C/C++ programs... game development maybe?",1233351630
28,458748,comment,458743.0,458743.0,0,0,leebenjp,,,"I can't see a reason given that there are only adds on a few of the pages.  Plus they missed a few with their global find/replace.  <a href=""http://realestate103.com/aboutus/termsandconditions.html"" rel=""nofollow"">http://realestate103.com/aboutus/termsandconditions.html</a>",1233351588
29,458747,comment,458663.0,458725.0,0,0,palish,,,"Certainly.  I didn't mean to deride anyone's work with the comparison.  I meant, some of the implementation decisions seem arbitrary, and seem like they were made ""for the sake of being different"".<p>For example, Lua's use of two dashes for line comments, and  --[[ and --]] for block quotes.  That lets you remove the first --[[ in a block quote without causing the program to break, because the ""closing"" block quote is commented out at that point (because --]] is a comment at that point).  But really, that's so different from other languages that it seems like a liability rather than an asset.  That's what I meant by ""not <i>necessarily</i> beautiful"".  It is definitely beautiful in certain other aspects, though.<p>Also, if I were writing a scripting language, I'd love for it to be ""like a prostitute"".  Even if nobody respected it, everyone would be using it.",1233351509
30,458746,comment,458743.0,458743.0,0,0,youngnh,,,"See <a href=""http://www.sothebyshomes.com/"" rel=""nofollow"">http://www.sothebyshomes.com/</a>\nI know a little about the Sothebys site, as the company I work for created it, and I wrote a fair bit of the Javascript myself.<p>The original site makes extensive use of js to load content, and anywhere data is missing on the pirated site, that's why.<p>What we can't figure out here in the office, is why they did it?  How much of this is going on?",1233351484
31,458745,story,,,1,0,transburgh,Super Bowl Ads: Get Out the 3D Glasses,"http://www.time.com/time/arts/article/0,8599,1875943,00.html?cnn=yes",,1233351480
32,458744,comment,458622.0,458694.0,0,0,timf,,,"I like the idea of the offsite slave.  I was also reading about another idea, forcing a slave delay to recover from oopses/corruption:<p><a href=""http://www.rustyrazorblade.com/2008/05/07/mysql-time-delayed-replication/"" rel=""nofollow"">http://www.rustyrazorblade.com/2008/05/07/mysql-time-delayed...</a>",1233351429
33,458743,story,,,4,4,youngnh,Page For Page Scrape of Site Pirated and Posted on New Domain,http://realestate103.com/,"See http://www.sothebyshomes.com/\nI know a little about the Sothebys site, as the company I work for created it, and I wrote a fair bit of the Javascript myself.<p>The original site makes extensive use of js to load content, and anywhere data is missing on the pirated site, that's why.<p>What we can't figure out here in the office, is why they did it?  How much of this is going on?",1233351421
34,458742,comment,458721.0,458721.0,0,0,anuraggoel,,,"This brings Foxmarks closer to delicious, which is a direct competitor. Mitch Kapor talks about Foxmarks vs. Delicious here: <a href=""http://blog.kapor.com/?p=28"" rel=""nofollow"">http://blog.kapor.com/?p=28</a>",1233351420
35,458741,comment,458663.0,458707.0,0,0,jim-greer,,,"JRuby is not a JIT for Ruby, and it doesn't compile Ruby to Java bytecode. It's a Ruby interpreter, written in Java.",1233351390
36,458739,comment,458584.0,458584.0,0,0,sounddust,,,"This guy should read HN.  He complains about problems with Yahoo domain renewal, and talks about how much better Google has their act together.  However...<p><a href=""http://news.ycombinator.com/item?id=453350"" rel=""nofollow"">http://news.ycombinator.com/item?id=453350</a>",1233351236
37,458738,comment,458508.0,458508.0,0,0,lallysingh,,,"Huh, the first thought to my mind was ""How many people have access to do that sort of damage""<p>How about tightening up their access control mechanisms next?<p>A <i>contractor</i> had root access to all 4k boxes?",1233351231
38,458737,comment,458481.0,458481.0,0,0,Tichy,,,"""Jobs correctly predicted that attempts by the major labels to find a technological solution to piracy would fail. When it came to subscription music services, he said the public would reject them.""<p>I think most people on HN have predicted the same thing. To create something like iTunes, presumably a huge army of lawyers was necessary. Not saying that other people could have been as successful, but it was definitely not something some guy in a garage could have done, because of the legal issues.",1233351123
39,458736,comment,458663.0,458717.0,0,0,brianm,,,"I love the ""only 17 times faster"" bit ;-)",1233351112
40,458735,story,,,4,0,iamwil,Figuring out a branching strategy,http://webjazz.blogspot.com/2009/01/figuring-out-branching-strategy.html,,1233351102
41,458734,comment,458663.0,458717.0,0,0,LogicHoleFlaw,,,"Well, LuaJIT only runs on x86, and only in 32-bit mode. Though, the work-in-progress LuaJIT 2 is supposed to be easily portable to ARM or other architectures.",1233351067
42,458733,comment,457019.0,457085.0,0,0,Spyckie,,,"Since I feel bad about no one answering -<p>You already recognized that opening up is the trend. Using Facebook is really about the target audience that you're going for - Facebook users have particular expectations and habits online. You get the expectations of the user base by associating yourself with Facebook. This may be useful for a fun application, or even a social application, but beyond that and it gets complicated.<p>For instance, I wouldn't connect any business application to Facebook; linked-in is opening up their api and it may be a better market space for business applications (even though I dislike that crowd). A business application connected to Facebook is for the wrong crowd, and won't take advantage of the viral aspect of using a large existing user base. People also don't look for business applications on Facebook.<p>Think about your target audience first, and then go after them where they congregate.",1233351042
43,458732,comment,458034.0,458698.0,0,0,tptacek,,,"You're right; I should have said, ""malloc/free is really expensive"".",1233351022
44,458731,comment,458663.0,458711.0,0,0,brianm,,,"Very true, Lua is optimized for being very small, fast, and portable. It optimizes for embedding, which means you cannot make assumptions about what you are allowed to do, so it errs on the side of very little.<p>On the other hand, interfacing to C is the nicest of anything I have done, by a long shot, so the lack of batteries isn't that painful in practice. It fills a different niche than python or ruby, in its, it shines.",1233351001
45,458730,comment,458409.0,458564.0,0,0,wmf,,,I've read that Hulu uses RTMP instead of HTTP.,1233350996
46,458729,comment,458610.0,458610.0,0,0,tjic,,,"Bike sharing programs have failed dozens, if not hundreds of times already.<p>People don't respect property unless they own it.<p>This will be another boondoggle (with government dollars) like all the other bike sharing programs to date.",1233350984
47,458728,comment,458434.0,458434.0,0,0,rscott,,,"Anyone know how this is compared to Beginning iPhone Development by Dave Mark? I was going to go buy that today, actually.",1233350982
48,458727,story,,,1,0,tagger23,Tool Tips: InCopy Galley & Layout View at the same time	,http://www.databasepublish.com/blog/tool-tips-incopy-galley-layout-view-same-time,,1233350971
49,458726,comment,458622.0,458723.0,0,0,tptacek,,,That's what search.twitter.com is for.,1233350964
50,458725,comment,458663.0,458714.0,0,0,LogicHoleFlaw,,,"Are you serious? Lua has an extremely clean and orthogonal core. It's got serious CS mojo. The ""batteries not included"" bit is probably the greatest detraction to Lua as a general-purpose scripting language.",1233350957
51,458724,comment,458310.0,458521.0,0,0,natrius,,,"I like the name. It's in Austin, so lots of stuff around there is called Capital something or other. This takes that trend and makes it punny.",1233350902
52,458723,comment,458622.0,458622.0,0,0,palish,,,"I wish Twitter allowed comments on tweets.  Companies (like Magnolia) use it for important announcements / status updates, and yet there's no way to see feedback from the community.",1233350856
53,458721,story,,,2,5,anuraggoel,Foxmarks (Mitch Kapor's startup) adds suggested tags to Firefox bookmark sync,http://blog.foxmarks.com/?p=528,,1233350834
54,458720,story,,,2,0,seldo,Don't build websites: develop the web,http://www.seldo.com/weblog/2009/01/29/on_web_development,,1233350786
55,458719,comment,458663.0,458663.0,0,0,Zak,,,"Without some discussion of why Lua is faster, this isn't very interesting. Lua is known for being small and fast, so this benchmark shouldn't be news to most people here.<p>SBCL is faster still, averaging about half the speed of GCC and about the same as Java.",1233350785
56,458718,comment,458659.0,458690.0,0,0,sam_in_nyc,,,Quite obviously because there are so many.,1233350757
57,458717,comment,458663.0,458705.0,0,0,palish,,,"LuaJIT makes the Lua <i>mandelbrot</i> program run 95 times faster than Ruby's, whereas the stock Lua interpreter is only 17 times faster.<p>Better yet, LuaJIT is a drop-in replacement.  There's no reason not to use it, as far as I know.",1233350706
58,458716,comment,458663.0,458693.0,0,0,brianm,,,"Having done a lot of both, Lua feels more pythonic than rubyish in many small ways. Objects are just syntactic sugar where self is the first arg (though unlike python, lua <i>has</i> the syntactic sugar to make it prettier to look at), etc. Interestingly, typical OO Lua is prototype based, not class based -- in that way it is more javascriptish.<p>Most lua codebases I have seen tend to be written in what I call an ""imperative functional"" style, where the language isn't purely functional, but functions are the most common means of abstraction.<p>It has proper anonymous functions, lexical scoping, etc so you can write very rubyish code (such as moonunit <a href=""http://svn.apache.org/repos/asf/httpd/httpd/trunk/modules/lua/test/moonunit.lua"" rel=""nofollow"">http://svn.apache.org/repos/asf/httpd/httpd/trunk/modules/lu...</a> and using it <a href=""http://svn.apache.org/repos/asf/httpd/httpd/trunk/modules/lua/test/test.lua"" rel=""nofollow"">http://svn.apache.org/repos/asf/httpd/httpd/trunk/modules/lu...</a> ).",1233350690
59,458715,comment,458663.0,458702.0,0,0,jcl,,,"For what it's worth, JRuby performs a tiny bit better.<p>I think Ruby in general is less amenable to analysis/compilation than Lua is, so even a JITed Ruby might not do as well as Lua.",1233350625
60,458714,comment,458663.0,458693.0,0,0,palish,,,"Yeah, actually.  Lua isn't as clean as Ruby (or Python, or <i>your_favorite_language</i>), but it has the advanced features you'd expect from a powerful scripting language: closures, coroutines, etc.  Rather, Lua is like a really experienced prostitute.  Not necessarily beautiful, but can do all the tricks and can get the job done efficiently and inexpensively.<p>To get started with Lua, I'd recommend PIL:  <a href=""http://www.lua.org/pil/"" rel=""nofollow"">http://www.lua.org/pil/</a>",1233350611
61,458713,comment,458357.0,458699.0,0,0,fizx,,,Not yet.  Think about all of the gem/plugin dependencies which may not be 1.9 compatible.,1233350509
62,458712,story,,,2,0,chris11,DRM makes game unplayable after 1/28/09,http://arstechnica.com/gaming/news/2009/01/pc-gears-of-war-drm-causes-title-to-shut-down-starting-today.ars,,1233350428
63,458711,comment,458663.0,458693.0,0,0,fizx,,,"Me too.  It motivated me to spend the last 15 minutes looking into Lua.<p>Similarities: Block/lambda support and syntax, optional parentheses, control statements as block, prefix, or postfix.<p>OTOH, ""how come Lua is not as widespread as say, Python ? I'd say the answer is this: there is no real standard library, and as opposed to Python, Lua doesn't come with batteries included."" -- <a href=""http://www.ivy.fr/blog/index.php/2008/03/17/83-kahlua-lua-on-the-jvm"" rel=""nofollow"">http://www.ivy.fr/blog/index.php/2008/03/17/83-kahlua-lua-on...</a>",1233350422
64,458710,comment,458017.0,458238.0,0,0,sounddust,,,"This story has been killed so no one will read this, but I can't help but respond.<p>The statement that France was ""spending tomorrow's money today and now it's gone"" is ridiculous.  In 2007, France's national debt as a percentage of GDP was 63.9% and the USA was at 60.8%.   Both countries will be facing hard times in the future; however, neither are on the verge of collapse.<p>The economic crisis is <i>global</i>, and countries who had nothing to do with it (<i>cough</i>japan<i>cough</i>) are affected by it.  It's pretty cheap to try to use it to pin France's economy as weak, when their system has worked well for decades.  French people have benefited greatly from the extra service provided by government, and their government is quite efficient compared to most.<p>France chose a different system than the USA because their view of an ideal society is different.   Both of them have been fairly successful; neither are utopian.  I happen to support the French strikers who are opposing the recent changes, not because I think the old system is better, but because I like cultural diversity and choice, and I don't want the world to become homogenized.",1233350401
65,458709,comment,345782.0,345782.0,0,0,Spyckie,,,"If you look at any site which you consider has a good quality design, there's one big difference that it has to your own site: it uses images.<p>Lots of images.<p>That's the key to good design that most engineers don't understand.<p>Yes, there is elegance in Google, reddit, news.yc, etc, and yes, you can go way overboard with really bad image picks. But if you want to go for something other than 'minimalist', you should find a good personal collection of (non cheesy) stock photos, subtle patterns, gradients, edges, icons, and corners. Get some simple photoshop retouching skills too.<p>Seriously, learning how to use images effectively will take your design skills up to the next level.",1233350396
66,458708,comment,458310.0,458691.0,0,0,okeumeni,,,"“You were talking about YC vs TechStars. Apples and oranges.” Ah, That is disrespectful to TechStars they are in the same business and it is exactly what we have been talking about, read the thread again.<p>I’m one founder who has great admiration for YC, but I just don’t think they have the key to startup success. I think this should be clear in all HN readers mind despite the hype around here. Ultimately it will serve the startup world very well that YC get competitors, because no matter their commitment they will not spot all future success.",1233350370
67,458707,comment,458663.0,458702.0,0,0,NyxWulf,,,Unlike say...JRuby?,1233350368
68,458706,comment,458508.0,458508.0,0,0,johnrob,,,It's going to take a lot more to really save Fannie Mae :),1233350308
69,458705,comment,458663.0,458663.0,0,0,brianm,,,"Personally, I would hav just done Lua vs Ruby instead of LuaJIT vs Ruby.<p>Results look almost the same ;-)<p><a href=""http://shootout.alioth.debian.org/u32/benchmark.php?test=all&lang=lua&lang2=ruby"" rel=""nofollow"">http://shootout.alioth.debian.org/u32/benchmark.php?test=all...</a><p>Lua is generally the fastest scripty language, ruby is generally the slowest. Ruby is much more general purpose though -- Lua is very optimized for embedding.",1233350237
70,458704,comment,458663.0,458696.0,0,0,darkhorse,,,"it's because the ruby implementation of ""fasta"" computes the entire result in memory and then prints it out; the lua one prints as it goes.<p>so, i'd take it with a huge slab of salt.",1233350180
71,458703,comment,458622.0,458622.0,0,0,timf,,,"I'm planning on burning time on building a full failure solution.  Records snapshotted at least daily and any single node/service can die entirely and there is an exact, <i>tested</i> manual recovery checklist or automatic rollover option in place for each permutation.<p>This runs counter to the more cavalier ""release early, polish later"" advice I keep seeing.  Maybe I am doubly freaked out because the things I'm storing are <i>not</i> easily recovered or re-imported by the users themselves or any kind of algorithm/redux.",1233350159
72,458702,comment,458663.0,458663.0,0,0,jcapote,,,"Of course; Get a native JIT'ed version of ruby going, then you can make a fair comparison.",1233350155
73,458701,comment,458310.0,458665.0,0,0,pxlpshr,,,"Which in-turn, is now an idea magnet that pulls the best deal flow from around the world. I don't think they are the only ones that are capable of doing this tho.<p>ycom also seems to be more consumer focused, which is what most of the techblogs cover because it brings eyeballs. consumer exits are often big pay days, but more importantly to me at least — the most fun to work on. B2B is often a drab. lol<p>i think some of these incubators should not forget the enterprise play either. Austin Ventures had A/V Labs awhile back, but I don't recall much about its success.",1233350096
74,458700,comment,458409.0,458516.0,0,0,ObieJazz,,,"pwnyoutube.com claims fair use:<p><i>""PWN!"" is a frequently used word on the Internet, the meaning of which clearly makes the words ""PWN! YouTube"" a parody.</i>",1233350079
75,458699,comment,458357.0,458357.0,0,0,ROFISH,,,"I know the Rails team has worked hard towards getting 1.9 compatibility, but what are your opinions about using this on production servers? (I'm kinda edgey myself, it's why I ask.)",1233350076
76,458698,comment,458034.0,458346.0,0,0,palish,,,"<i>... allocation/deallocation is really expensive ...</i><p>The cost of allocating memory in .NET (and probably other GC environments) is basically equivalent to the cost of incrementing a pointer, which is to say, basically free.  The reason is because the .NET garbage collector periodically ""packs together"" objects in memory, so the memory allocation algorithm essentially becomes:<p><pre><code>  result = _freeMemoryPtr;\n  _freeMemoryPtr += numBytesToAllocate;\n  return result;\n</code></pre>\n... in other words, since objects in memory are periodically ""packed together"" by the GC, there isn't a lot of memory fragmentation, so the allocator can simply allocate from the end of the heap.  It doesn't need to try to find a ""large enough free block"" within fragmented memory, because memory isn't fragmented.<p>At least, that is my understanding.  I could be wrong because I haven't investigated this thoroughly yet.<p><a href=""http://en.wikipedia.org/wiki/Garbage_collection_(computer_science)#Generational_GC_.28aka_Ephemeral_GC.29"" rel=""nofollow"">http://en.wikipedia.org/wiki/Garbage_collection_(computer_sc...</a>",1233349979
77,458697,comment,458663.0,458663.0,0,0,zcrar70,,,I wonder how it would compare with Ruby 1.9 (released today)?,1233349956
78,458696,comment,458663.0,458689.0,0,0,lbrandy,,,"I don't know what's going on with Ruby's 'fasta' implementation, but I'm pretty sure it's not x86 assumptions that cause Ruby to use 231x the RAM.",1233349822
79,458695,comment,458310.0,458678.0,0,0,apsurd,,,"One data point is not enough to dismiss the idea that YC has a better brand name. I would have to agree. Having a better brand name does not mean no other company will ever out do you, it simply means you tend to have a head start out of the gates. Personally, if I had a choice, I'd ally with YC. And I think my perception of them is 90% about the Brand image they present and their track record. That is branding is it not?",1233349819
80,458694,comment,458622.0,458622.0,0,0,mdasen,,,"This is why it's so important to take some simple steps to ensure that you don't bork your site.  For my production sites, I usually have the following setup:<p>* Replicated Database with one slave in a separate data center just as disaster recovery (not a performance thing with the separate data center). Heartbeat for the slave(s) in the same datacenter so that it stays up.<p>* Nightly backups offsite. Used to be rsync, but recently thinking of using tarsnap for the ease of it (and S3 puts it in several data centers).<p>* Files stored either in a MogileFS setup or S3 in multiple data centers.<p>It doesn't have instant failover to another data center, but the offsite DB slave should mean no data loss beyond a second or two.  Ma.gnolia is a decent sized site.  Maybe they did have a decent infrastructure and it will only be a little while before they've gotten everything back.  Of course, after the fiasco with the blog site that used RAID as their backup system, I've started to think that many people don't take data as seriously as it needs to be taken.",1233349808
81,458693,comment,458663.0,458663.0,0,0,nod,,,"I don't know Lua, but this is the first time I've heard Lua and Ruby equated in terms of expressibility/flexibility (i.e. ""high-level""?).  Is that a particularly relevant comparison?",1233349712
82,458692,story,,,1,0,svjunkie,Torvalds:  Linux and OpenSolaris a tough mix,http://news.cnet.com/8301-13505_3-10153266-16.html?part=rss&subj=news&tag=2547-1_3-0-5,,1233349700
83,458691,comment,458310.0,458685.0,0,0,ardell,,,"Correct.  I think we're comparing two different things.  I was talking about YC-style seed-stage funding vs other startups.  You were talking about YC vs TechStars.  Apples and oranges.  No disrespect to TechStars, that's just not what I was talking about.",1233349656
84,458690,comment,458659.0,458659.0,0,0,Zev,,,Why not just secure <i>all</i> of the domains?,1233349622
85,458689,comment,458663.0,458663.0,0,0,kingkongrevenge,,,"LuaJIT is x86 only, so it's not quite apples to apples.",1233349621
86,458688,comment,458047.0,458198.0,0,0,anamax,,,"> Isn't that gasoline engines that have a narrow range of near-peak efficiency?<p>Nope.  Read the wikipedia article, especially the last paragraph of ""Reliability"".  (Part of what's happening is that diesels have a smaller overall range, so even if the ""90% peak"" ratio is bigger, the width of the range is smaller.)<p>Also, diesel engines' fuel consumption doesn't vary as much with load as do gasoline engines'.  (Again, see the wikipedia article.)  This makes diesels especially good for hybrid use as it means that they can drive the generator ""for free"" while the car is being driven with the diesel running at less than full power.",1233349555
87,458687,comment,458409.0,458549.0,0,0,dfranke,,,"There is at long last now a 64-bit Linux build of Flash 10 beta.  <a href=""http://download.macromedia.com/pub/labs/flashplayer10/libflashplayer-10.0.d21.1.linux-x86_64.so.tar.gz"" rel=""nofollow"">http://download.macromedia.com/pub/labs/flashplayer10/libfla...</a>",1233349459
88,458686,story,,,3,1,rubing,Why file2hd.com rules,http://www.file2hd.com,"The other day someone posted link to academic earth.com , which is a great site aggregating some of the best university lectures available.  However, a lot of times the flash video feeds are choppy crap.  No problem!  Just feed the URL you want to file2hd.com and then you can download it directly!",1233349398
89,458685,comment,458310.0,458683.0,0,0,okeumeni,,,"""They've been through a round of screening, chosen and mentored by successful entrepreneurs who do it for a living"", so do TechStars companies and others.",1233349390
90,458684,comment,458622.0,458622.0,0,0,quoderat,,,"The backup strategy, in my experience, is the first or second thing you need to be thinking about when you set up a server, service or anything IT-related.<p>The first thing I ask when my boss tells me to set up something new: how are we going to back that up?",1233349355
91,458683,comment,458310.0,458669.0,0,0,ardell,,,"I'd wager that YC companies are statistically more fund-able or exit-able than other similar stage startups out there.  They've been through a round of screening, chosen and mentored by successful entrepreneurs who do it for a living--it's certainly a leg up.",1233349230
