,col0,col1,col2,col3,col4,col5,col6,col7,col8,col9,col10
0,5503456,comment,5500738.0,5503318.0,1,0,macco,,,In my oppinion Ubuntu give Dell the opportunity to differentiate from the market. A good  idea would be exklusive Ubuntu machines.,1365253176
1,5503455,comment,5498272.0,5498272.0,2,0,jng,,,"Poor explanations such as this annoy me:<p>""By replacing the initial R with an E on the first eight registers, it is possible to access the lower 32 bits (EAX for RAX). Similarly, for RAX, RBX, RCX, and RDX, access to the lower 16 bits is possible by removing the initial R (AX for RAX), and the lower byte of the these by switching the X for L (AL for AX), and the higher byte of the low 16 bits using an H (AH for AX)""<p>It makes learning more difficult. Something like this would be way better:<p>""Specific parts of the registers can be accessed separately from the rest of the register, within strict limitations dictated by the format of instructions. These register-parts are given easy-to-remember names. The lower 32 bits of the first eight registers can be accessed as EAX, EBX, ECX, EDX, EBP, ESI, EDI and ESP. The lower 16 bits of registers EAX, EBX, ECX and EDX can also be accessed as AX, BX, CX and DX. Finally, both the lower and the second-lower bytes of registers EAX, EBX, ECX, EDX can be separately accessed as AH, AL, BH, BL, CH, CL,  DH and DL, with AL/BL/CL/DL being the lowest-order byte and AH/BH/CH/DH being the other one.<p>Knowing what things are due to what part of the model, and what parts are conventions, is a big part of understanding, which is just building a good model of the architecture in your mind.<p>It took me years to understand two's complement arithmetic, and the key missing point was that it is just a convention. A convention with great practical advantages, but a convention anyway.",1365253150
2,5503454,comment,5503354.0,5503354.0,35,0,stefantalpalaru,,,"I find the fact that an intelligence agency does not understand Wikipedia scarier than the actual bullying. These are people allowed to circumvent the law in order to protect the country. People who do counter-espionage and counter-terrorism it what amounts to a police state. If they can't figure out this, how are they dealing with the serious stuff?",1365253143
3,5503453,comment,5503047.0,5503047.0,1,0,lake99,,,"I used to have some driver annoyances with Nvidia GPU based desktops I built. I switched to an ATI GPU based laptop, and had somewhat bigger driver annoyances.<p>My latest laptop has an Intel CPU, chipset/GPU, wifi, etc. It works perfectly. It's a business model; it has no bells and whistles that could potentially give me driver issues. The only problem I ever had was when I visited Europe, and the power adapter broke down (wire fatigue), the country's (HP) support center plainly refused to have anything to do with my specific model.<p>I used to have overheating issues with AMD CPU based desktops. I have friends whose AMD CPU based laptops get far too hot to touch -- over 100C, as reported by the sensors.",1365253068
4,5503452,comment,5503267.0,5503267.0,3,0,sebsauvage,,,"A few years ago I wrote WebGobbler (Gallery here: <a href=""http://sebsauvage.net/webgobbler/"" rel=""nofollow"">http://sebsauvage.net/webgobbler/</a>).\n(My program would deserve an update.)<p>At the bottom of the page, I also listed a few more generative art projects.",1365253051
5,5503451,story,,,1,1,amdcpybt,Team video view count?,,"Hello,\nLess than two weeks before the interview offer~! \nWhen did you guys start getting a video view count on Youtube after the application submission?\nGood Luck!",1365253047
6,5503450,comment,5503354.0,5503438.0,6,0,duncan_bayne,,,"It wasn't merely stupid, it was evil.  They blew up a civilian vessel and killed a man.",1365253026
7,5503449,comment,5503047.0,5503047.0,1,0,nshankar,,,"I use HP Pavilion for 2 years and X220, which works on Ubuntu 12.04.\nOn HP, the hardware support for some key aspects keeps dwindling and that is a concern. I suspect the same with X220 (while updates, the Bluetooth driver site was not responding. I don't know if Bluetooth would continue to work.",1365252987
8,5503448,story,,,2,0,iProject,Filipino Social Good Startups Win At IdeaSpace Competition,http://techcrunch.com/2013/04/06/filipino-social-good-startups-win-at-ideaspace-competition/,,1365252947
9,5503447,comment,5503354.0,5503406.0,5,0,vingt-2,,,How does that have anything to do with the currently discussed matter ? Seriously...,1365252939
10,5503446,story,,,1,0,abdulqabiz,The Evolution of Web Development for Mobile Devices,https://queue.acm.org/detail.cfm?id=2441756,,1365252936
11,5503445,comment,5502404.0,5502404.0,1,0,taude,,,"On being a maker: Most non-designer/non-technical business types I know can pretty competently use tools like Keynote or Basalmiq Mockups to slap screens and ideas together. I'm not sure that hand drawing sketches out would be any faster for them.  And then if you're paying for UI stencils to draw...what's the point? Maybe it's nice to take a break from looking at a computer screen?<p>If learning Keynote or a tool like Basalmiq is too much of a learning curve, I'm not sure someone should even be working in the world of app design?  I know non-technical people that downloaded some Keynote templates and were slapping together ideas in less than an hour after reading some quick tutorials.<p>Also, as far as mobile prototyping goes, I'm a strong believer of higher-fidelity mockups since screen real estate is such a premium.",1365252928
12,5503444,story,,,2,0,iProject,Virality Is The X-Factor Of Mobile-First Business Apps,http://techcrunch.com/2013/04/06/virality-is-the-x-factor-of-mobile-first-business-apps/,,1365252909
13,5503443,comment,5503256.0,5503256.0,1,0,siscia,,,"Why not ?\nI would never have any advantage (serious one) to the code I write and keep only for myself.\nThen, open sourcing, I can meet new person, find new problem, and gain in knowledge.\nThere is then the point of ""making a name"": ""Whooa he is the guy behind PUT-BIG-HOT-THING-HERE"" is always a good motivation, plus it can land you on a good job.\nAnd finally, yes, there is also the point of giving back to the community... I took so much from the Open Source that I need to give back at least my shitty code.",1365252880
14,5503442,comment,5503354.0,5503426.0,13,0,jstanley,,,"That would be an <i>accident</i>.<p>A <i>mistake</i> can be something that just turns out to be a bad idea. E.g. ""we really need joins; using NoSQL was a mistake"".",1365252873
15,5503441,comment,5502884.0,5503184.0,3,0,coldtea,,,"><i>There are a few OS with such system programming languages, but it only counts when the likes of Apple, Microsoft and Google adopt such languages.</i><p>There are a few OSs written with everything. It only counts when pragmatic, useful OSs are written with a language. Most of those OSs are unusable, slow, proof of concepts.",1365252865
16,5503440,comment,5503354.0,5503406.0,7,0,ernesth,,,"This is not the same ""french intelligence agency"". Rainbow Warrior had to do with what is now DGSE <a href=""http://en.wikipedia.org/wiki/Directorate-General_for_External_Security"" rel=""nofollow"">http://en.wikipedia.org/wiki/Directorate-General_for_Externa...</a>. In the current case, it is the DCRI <a href=""http://en.wikipedia.org/wiki/Direction_centrale_du_renseignement_int%C3%A9rieur"" rel=""nofollow"">http://en.wikipedia.org/wiki/Direction_centrale_du_renseigne...</a> which is in action. One is under the responsability of the defense minister, the other under the interior minister",1365252855
17,5503439,comment,5503047.0,5503200.0,1,0,thrill,,,"I have a 15"" Series 9 which I use Unity on and it works great.  I self upgraded to 16G and 256G.  Complaints are minor - the keys are a little ""rattly"", and after about a year the CPU fan has a loud click when it starts up, which goes away after 30 seconds or so - something I only notice because it's an otherwise completely silent system (I'm guessing there's some dust in the fan).  If they'd ever release the higher-res 2560x1440 version they showed off last year I'd buy it.",1365252855
18,5503438,comment,5503354.0,5503426.0,4,0,jontro,,,Mistake as in stupid decision.,1365252838
19,5503437,comment,5503185.0,5503396.0,1,0,jolenzy,,,Thanks! I think you're right. So that the idea for start. I'll try to figure it out what else would be useful for job seekers.,1365252823
20,5503436,comment,5501394.0,5503268.0,2,0,davidjohnstone,,,"There are a lot of dead Bitcoins around. This thread [1] documents about 70,000 lost Bitcoins, and you can be sure there's a lot more.<p>The other way to lose Bitcoins, apart from losing a wallet or forgetting its password, is to make a transaction to a bad address (as in, a valid-according-to-the-protocol address that isn't anybodies).<p>If I understand how it works correctly, you wouldn't fake ownership of a wallet per se; you would need to come up with private keys to match the public keys of the transactions that belong to that wallet, which I believe is equivalent to breaking SHA256. That would be unexpected. Also, there's no way to tell if a wallet is dead or just not in use (that is, all you can know is that there are transactions that have not been spent yet, and if the same address is used to receive multiple transactions you have additional information that indicates the wallet is not in use but it can never indicate that it's dead).<p>If you managed to claim ownership of a dead wallet, there's nothing at all stopping you from claiming ownership of an in-use wallet too. But SHA256 is looking pretty secure right now.<p>As for the way Bitcoins will inevitably be lost over time, it's generally considered in the Bitcoin community [2][3] that there's nothing to worry about (it will just add a bit more deflationary pressure). I don't like this aspect of the currency  money disappearing into the void with no hope to correct for mistakes might make it perfect for computers, but it's not so good for humans.<p>As for tracking stolen Bitcoins, if the transaction hashes of the thefts were made public, an exchange should be able to tell if the Bitcoins that somebody is trying to turn into real money were once stolen. This is because the blockchain contains the entire history of Bitcoins  the way Bitcoins are spent is by taking the Bitcoins from a previous transaction and making a new transaction based on them; all this information is stored in the blockchain[4]. Some work has been done[5][6] at looking at what can be discovered by looking at the blockchain  it's not nearly as anonymous as many think it is.<p>1. <a href=""https://bitcointalk.org/index.php?topic=7253.0"" rel=""nofollow"">https://bitcointalk.org/index.php?topic=7253.0</a><p>2. <a href=""https://en.bitcoin.it/wiki/Myths#Lost_coins_can.27t_be_replaced_and_this_is_bad"" rel=""nofollow"">https://en.bitcoin.it/wiki/Myths#Lost_coins_can.27t_be_repla...</a><p>3. <a href=""https://bitcointalk.org/index.php?topic=109117.0"" rel=""nofollow"">https://bitcointalk.org/index.php?topic=109117.0</a><p>4. <a href=""https://en.bitcoin.it/wiki/Transactions"" rel=""nofollow"">https://en.bitcoin.it/wiki/Transactions</a><p>5. <a href=""http://arxiv.org/pdf/1107.4524.pdf"" rel=""nofollow"">http://arxiv.org/pdf/1107.4524.pdf</a><p>6. <a href=""http://eprint.iacr.org/2012/584.pdf"" rel=""nofollow"">http://eprint.iacr.org/2012/584.pdf</a>",1365252820
21,5503435,comment,5503047.0,5503214.0,1,0,meric,,,"Good as integrated GPUs maybe (as they can now accomplish more tasks), they are still an order of magnitude away from mid-range dedicated GPUs.",1365252820
22,5503434,comment,5502884.0,5503184.0,5,0,Symmetry,,,"Rust's memory management is both (relatively) deterministic and automatic, in that it's easy to figure out exactly when objects are being destroyed if you care but you don't have to do anything yourself to ensure that they're destroyed properly.  This is in contrast to C or C++ where you have deterministic destruction but you have to clean up things you have to clean up things on the heap yourself, or Go or Java where you can't be sure at all when the garbage collector is going to harvest something.",1365252785
23,5503433,comment,5502991.0,5503336.0,3,0,nightpool,,,"Notch and the community seem to have actually settled on the pronunciation ""Trillek""",1365252741
24,5503432,story,,,2,0,abdulqabiz,The Story of the Teapot in DHTML,https://queue.acm.org/detail.cfm?id=2436698,,1365252728
25,5503431,story,,,1,0,jacienda,Viral campaign for a non-existent Google product with Photoshop and some friends,http://www.businessdevelopmentpro.com/google-babble-internet-marketing-and-maximum-trolling/,,1365252727
26,5503430,comment,5502991.0,5503403.0,3,0,icebraining,,,"Not the same as code, but the Cube FPS[1] allows realtime, multiplayer changes to the 3D map.<p>[1]: <a href=""http://cubeengine.com/"" rel=""nofollow"">http://cubeengine.com/</a>",1365252725
27,5503429,comment,5502610.0,5502944.0,4,0,eric_bullington,,,"The Bitcoin protocol has built into it a sophisticated scripting component which would make it possible to make multiparty contracts (like those on a predictions market) that could not be broken by any means, other than an attack on the underlying Bitcoin protocol.  It hasn't yet been fully implemented in any client, but it's there to be used whenever the devs feel comfortable putting it in.  This feature has the potential to make Bitcoin fraud/embezzlement much more difficult than it is now.",1365252703
28,5503428,comment,5503267.0,5503267.0,2,0,terhechte,,,"How eerie, I had literally just (10 min ago) searched for something like this on Google and Github; I wanted to looked into dynamic generation of patterns but the only thing I could find were simple stripes and tartans. Cool stuff.",1365252694
29,5503427,story,,,40,15,Manishearth,Help Arduino Stack Exchange reach beta by committing to it,http://area51.stackexchange.com/proposals/49538/arduino?referrer=JmJjh3oKMlnTwCU-axkKUA2,,1365252678
30,5503426,comment,5503354.0,5503406.0,6,0,duncan_bayne,,,"Mistake?  Are you saying they meant to give the boat a new coat of paint, and accidentally blew it up instead, killing a bystander in the process?",1365252676
31,5503425,comment,5502884.0,5502884.0,7,0,hamax,,,My results with newer versions of gcc and go:<p>gcc 4.7.2 o3		0.765s<p>java openjdk 7		1.066s<p>java openjdk 6		1.118s<p>go 1.1b			1.653s<p>rust 0.6 opt 3		1.659s<p>go 1.0.2		2.127s<p>dart 0.4.4.4		2.384s<p>pypy PyPy 1.9.0		5.094s<p>pypy PyPy 2.0b		5.319s<p>(Intel(R) Core(TM) i7-3520M CPU @ 2.90GHz)<p>Edit: Added java,1365252674
32,5503424,comment,5502884.0,5503257.0,8,0,coldtea,,,"><i>You're complaining about Go syntax, which is one of the most readable languages out there but you like rust which looks like line noise? Sometimes I have a hard time convincing myself people don't post troll comments on HN.</i><p>And then, as an example of ""bad Rust syntax"" you link to the ""lexer.rs""?<p>As if a lexer in any language is a good example of it's everyday syntax?<p>How about the very first example they give:<p><a href=""http://www.rust-lang.org/"" rel=""nofollow"">http://www.rust-lang.org/</a><p>><i>My first thought was that it looked like CSS o.O</i><p>Because the top part of the source he linked to has just struct definitions, which is what CSS was designed like anyway. Would struct definitions in most common languages, like modern C or Go look any different? (including an {} object definition in JS)",1365252665
33,5503423,comment,5503421.0,5503421.0,1,0,jmadsen,,,"More exciting title than ""Creating an extensible API wrapper with Symfony OptionResolver components and the Buzz curl library"", which is what it is really about.<p>Php coding, a medium to advanced level of experience probably required",1365252633
34,5503422,comment,5503354.0,5503354.0,13,0,johnchristopher,,,"EDIT:\nIf, like it randomly happens to me, the link takes you in the middle of a french discussion, you just need to scroll all the way down to get a much more explicative message from the WMF about the chain of events.<p>I always have a hard time navigating wp discussion pages. Here is what looks like a more informative post that the one linked in the title of this HN post. EDIT: disregard that comment about the title as it might be a navigation problem on my side.<p>> First, my apologies for speaking in English in response to this thread, but I fear my French would not be adequate to convey what I would like to. If someone who is fluent in English and French would be so kind as to translate my message so that everyone on this thread can understand it, I would very much appreciate that. The Wikimedia Foundation's legal team was contacted by Direction Centrale du Renseignement Intrieur in early March regarding the French language Wikipedia article entitled ""La station hertzienne militaire de Pierre sur Haute"". The Direction Centrale du Renseignement Intrieur requested that we delete the article in its entirety under the claim that it contained classified military information. I responded to Direction Centrale du Renseignement Intrieur, requesting more detailed information because it was not apparent what classified information the article could possibly contain from a plain reading of the article. The Direction Centrale du Renseignement Intrieur repeatedly failed to provide any further information and simply continued to make a general takedown demand, despite my explanation that we could not remove the information without more information from them. Eventually, I had no choice but to refuse their request until they are willing to provide me with more information so that I can properly evaluate their claim under legal standards. The community remains free, of course, to retain or remove the article as it sees fit. But at this point, we do not see a demonstrated reason to remove it on legal grounds. --Michelle Paulson, Legal Counsel (WMF)<p>And this is ""Remi""'s first post about the whole thing (rough translation and report):<p>> Bonjour,<p>> je vous informe que l'article Station hertzienne militaire de Pierre sur Haute vient d'tre supprim par mes soins. Cet article contrevenait  l'article 413-11 du code pnal franais (compromission du secret de la Dfense nationale). La police franaise m'a convoqu en tant qu'administrateur, suite au refus de la Wikimedia Foundation de supprimer cet article en l'tat des lments fournis.<p>> La remise en ligne engagera la responsabilit pnale de l'administrateur qui aura effectu cette action.<p>Remi M. (d  c).  Paris, ce 4 avril 2013  11:11 (CEST)<p>In a nutshell:<p>- He deleted an article about a military radio station (Pierre sur Haute) ;<p>- he states that that article violates article 413-411 of the french penal code (violation of state defense secret) ;<p>- french police asks him to come to their office for a little chat (can't recall the english legalese for this) following wikimedia foundation refusal to delete the article. Him=a wikipedia administrator.<p>- he finally states that any admin who restores the article would face legal and penal consequences.<p>I understand from this first post that it is implied he deleted the article after the whole wikimedia refusal to delete the article but don't quote me on that and check for the exact chronology of events yourself when it surfaces.<p>There is also now a debate about the role of wikipedia admin on articles and their rights to delete or endorse responsabilities (I haven't read everything yet, take my rough report and translation with a grain of salt).",1365252617
35,5503421,story,,,1,1,jmadsen,"Composer & Symfony & Buzz - Oh, My",http://codebyjeff.com/blog/2013/04/composer-symfony-buzz-oh-my,,1365252575
36,5503420,comment,5502878.0,5503372.0,2,0,uptown,,,"Actually - that depends.  Artists have sued (and successfully settled in some cases) for their artwork appearing as the background of other productions.<p><a href=""http://www.hollywoodreporter.com/thr-esq/Maya-hayuk-lawsuit-sony-295409"" rel=""nofollow"">http://www.hollywoodreporter.com/thr-esq/Maya-hayuk-lawsuit-...</a><p>I'm not saying I think he should pursue it in this case, just that the scenario you laid out isn't unprecedented.",1365252554
37,5503419,comment,5502884.0,5503257.0,10,0,octo_t,,,"Lexers are notoriously complex and difficult to read. The one in Go[1] is also really difficult to grok.<p>[1] - <a href=""https://code.google.com/p/go/source/browse/src/pkg/go/scanner/scanner.go#142"" rel=""nofollow"">https://code.google.com/p/go/source/browse/src/pkg/go/scanne...</a>",1365252544
38,5503418,comment,5502884.0,5503388.0,1,0,igouy,,,"See danieldk's comment -- <a href=""https://news.ycombinator.com/item?id=5502984"" rel=""nofollow"">https://news.ycombinator.com/item?id=5502984</a>",1365252538
39,5503417,comment,5503006.0,5503382.0,5,0,OGinparadise,,,"<i>Before the government allows the use of the product never before seen in nature, causing you a lot of monetary loss, reason says that they should think twice.</i><p>They think and experiment more than twice and pesticides are heavily regulated. The problem is that by the time symptoms show, it can be too late. On the other hand, virtually everything is a tradeoff: the houses we live in, newspapers we read, the meat we eat, the beer we drink etc etc is harmful to some habitat. So if you want certain things, you have to tolerate some other things. Pesticides, fertilizers and GM crops enable us to get much more from the same acre so they are very tempting to use.<p>Not saying that I'm cool with having all bees die off though.",1365252538
40,5503416,comment,5502610.0,5503126.0,6,0,ratsbane,,,"It is.  It seems weird, but there it is... <a href=""http://en.wikipedia.org/wiki/Fidelity_bond"" rel=""nofollow"">http://en.wikipedia.org/wiki/Fidelity_bond</a>",1365252527
41,5503415,comment,5500473.0,5503117.0,2,0,klodolph,,,"Analogue signals do have encodings and conventions, and the information is incorrect or possibly mangled unless you decode in the same way.<p>So you're recording on a record.  How fast does the record spin?  Do you want a constant angular velocity or constant linear velocity?  At what angle does the stylus move?  Is there equalization that must be removed afterwards?  Is there some kind of modulation?<p>The convention for LP is 33 RPM constant angular velocity, with two channels each cut at 45 from vertical, the groove moving from the outside in, and the RIAA equalization curve.  If you don't know that the audio modulates the groove position, then you just have an oversized coaster.<p>Digital conventions are just a little more demanding.  However, PCM is quite simple and you can dig it out of unknown file formats with relative ease.",1365252518
42,5503414,story,,,2,0,networked,LightsOn.sh - inhibit xscreensaver and DPMS when watching flash videos,https://github.com/iye/lightsOn,,1365252478
43,5503413,comment,5498198.0,5498581.0,1,0,brc,,,There are countless examples of web sites hat have found success through better urls leading to better rankings.  I can say with absolute confidence that better urls can lead to better business outcomes.,1365252454
44,5503412,comment,5503354.0,5503399.0,6,0,monsterix,,,"Absolutely. However, a public office bullying a neutral agency in to deleting 'information with notability' i.e. public information is certainly suspicious.",1365252452
45,5503411,story,,,1,0,motyar,Simplest CMS ever,http://motyar.info/simple/,,1365252430
46,5503410,story,,,1,0,HossamNod,10 Free Icon Font Sets,http://www.awcore.com/html/news/21/10-free-icon-font-sets_en,,1365252388
47,5503409,comment,5497700.0,5503371.0,1,0,gringofyx,,,"Sure thing mate, my email address is mc underscore gringo at hotmail dot com",1365252386
48,5503408,story,,,1,0,dond,"Ask HN: What do you think of an ""ownership"" style of project management?",,"I recently started at a company where I am managing and hiring a team of devs (I have 10 yrs as a dev). They have a simple workflow in place already, but I think there must be ways to make it more efficient and improve it. Specifically, I wanted to enquire about whether or not it added value to increase the level of ""ownership"" in the development process. The way i was considering implementing this was:<p>* dev pushes to git server<p>* post-receive hook kicks off CI server<p>* if everything works, CI deploys commit to production.<p>This seems risky, so I'm assuming if people are doing this, they add steps similar to these:<p>* do a rolling deploy<p>* if error rate increases on instances with new release, rollback and alert dev team / owner of commit<p>The problem is, we're relatively small at this point so the last two steps may not be feasible for us. Is this something that only works in larger, more modular organizations? In general, what are the trade offs for using things like CI and this kind of ownership in a development team? Any feedback is greatly appreciated, thank you all so much!",1365252320
49,5503407,comment,5498198.0,5499730.0,1,0,brc,,,"Urls are important to search engines because they should express the primary purpose of the page.  Unlike meta keywords, it is very difficult to keyword-stuff a URL, because search engines can detect duplicate content.  So a person needs to select the URL for a page that best describes that page, which increases the search signal quality for a URL.<p>Urls are important to humans for the same reason we save documents with meaningful names instead of random gibberish.<p>Urls are the way people use sites, and that's just the way it is.",1365252269
50,5503406,comment,5503354.0,5503354.0,18,0,jontro,,,"The french intelligence agency has done many mistakes in the past. <a href=""http://en.wikipedia.org/wiki/Sinking_of_the_Rainbow_Warrior"" rel=""nofollow"">http://en.wikipedia.org/wiki/Sinking_of_the_Rainbow_Warrior</a> is seen as one of the most counter productive operations done my military agencies to date",1365252247
51,5503405,comment,5503256.0,5503365.0,3,0,icebraining,,,"I'm not the copyright holder, no. On the other hand, the fact that all our software is Free influenced a great deal in my decision to join the company. Take it as you wish.<p>I've also released some code of which I'm the copyright holder as Free Software, mainly plugins for other applications. I've licensed it as such because I thought others could benefit from it.",1365252204
52,5503404,comment,5502610.0,5502929.0,4,0,tome,,,Why do commenters feel the need to point out hellbanning?  It seems to defeat the whole purpose.,1365252173
53,5503403,comment,5502991.0,5502991.0,1,0,omn1,,,">  But you couldn't use the spaceship CPU to subvert the basic tenets of the game. Put another way, players would be working within the confines of the existing system when coding in 0x10c, not dipping into the game's raw code.<p>Modifying the game from within actually sounds like a good idea.",1365252172
54,5503402,story,,,15,3,shekzeer,Picozu - an HTML5 image editor,http://www.class.pm/pico,,1365252100
55,5503401,comment,5498975.0,5498975.0,1,0,duncan_bayne,,,"Briefly: Dropbox will screw you if they think there's even the slightest chance that your project will offend Big Media.  Google what they did to Boxopus.  My letter to them on the topic is here: <a href=""https://github.com/duncan-bayne/duncan-bayne.github.com/wiki/Letter-to-Dropbox-re.-Boxopus"" rel=""nofollow"">https://github.com/duncan-bayne/duncan-bayne.github.com/wiki...</a>",1365252097
56,5503400,story,,,392,148,zachinglis,Don't use Linksys routers,https://superevr.com/blog/2013/dont-use-linksys-routers/,,1365252020
57,5503399,comment,5503354.0,5503354.0,52,0,AndrewDucker,,,I suspect we're about to see the Streisand effect in action.,1365251973
58,5503398,story,,,1,0,shawndumas,The History of Yahoo - How It All Started...,http://docs.yahoo.com/info/misc/history.html,,1365251969
59,5503397,comment,5503006.0,5503374.0,6,0,amalag,,,"So spraying fields with ""almost nicotine"" that is designed to target insect nervous systems wouldn't have anything to do with it.",1365251891
60,5503396,comment,5503185.0,5503185.0,1,0,yodakohl,,,Such an email-address is pretty much as worthless as gmx or hotmail if everybody is able to create one. Email addresses of well known universities look good because they are hard to get. You have to put some kind of scarcity into your service.,1365251889
61,5503395,comment,5468663.0,5470263.0,1,0,aj700,,,"You can amass cash in Euros by slowly withdrawing it from chas machines then instead of leaving the country with the cash, you can use a local bitcoin trader to buy bitcoins with it, then turn them back into normal currency when you have left the country.",1365251875
62,5503394,comment,5502991.0,5502991.0,3,0,Keyframe,,,"<i>""I kind of see this a little bit like my hobby: just being able to just work on games and not have too much external pressure that (those games) have to make money or whatever.""</i><p>Maybe that's the problem. No pressure can also take toll on finishing something.",1365251867
63,5503393,comment,5502878.0,5503359.0,5,0,to3m,,,"Why not? If they used 3 seconds of somebody's music, you can be sure they'd have to give some credit for that - at the very least!<p>Look at the average credits for the average film. They go on forever, and there are tons of people in them. It's not like crediting somebody is a big deal, in terms of the cost of giving it out. There are plenty of people whose contribution to the film was small, just like the author of this code, but they get credited anyway, and that's just as it should be - the credit is for the contribution, not for the extent to which it makes the film a success.",1365251841
64,5503392,comment,5503256.0,5503256.0,1,0,ubersoldat2k7,,,Curricula and experience.,1365251771
65,5503391,comment,5498198.0,5499441.0,1,0,brc,,,"Exactly, and people also forget that Amazon, eBay, et al had horrible urls when they first launched, because just having the platforms at all was a big step forward.  Old eBay urls have cgi-bin in them.",1365251755
66,5503390,comment,5503006.0,5503006.0,2,0,uptown,,,"Previous discussion about bees here with some good insights: <a href=""https://news.ycombinator.com/item?id=5460508"" rel=""nofollow"">https://news.ycombinator.com/item?id=5460508</a>",1365251636
67,5503389,comment,5503256.0,5503256.0,2,0,ismarc,,,"I was able to learn development thanks to open source and the first full time development job I had was at a company that used an almost all open source stack.  Imagine some poor kid wandering into a university library to try and get a library card, being given a computer login and having their entire direction in life changed just because someone was altruistic enough at some point to make their source code available and free to use.",1365251605
68,5503388,comment,5502884.0,5503348.0,2,0,reneky,,,"There are more low-hanging performance fruits in the immature languages.<p>That said, of course all should be up to date.",1365251586
69,5503387,comment,5502991.0,5503383.0,1,0,StavrosK,,,"Oh, I see, thank you.",1365251549
70,5503386,comment,5502949.0,5503119.0,1,0,carl-platt,,,"I am guessing you live in developed nations and would like to know how such innovations have changed the basic things people do, e.g. banking, shopping, and other services.",1365251509
71,5503385,comment,5503256.0,5503256.0,3,0,Mahn,,,"It's fun. If you can find joy in coding, you would most likely enjoy discussing said code with others, getting feedback, learning about it, improving it, etc. Open sourcing code makes all this possible and easy, and when there are no ulterior business motives to keep your code in safe, what is there to lose?",1365251496
72,5503384,comment,5503256.0,5503256.0,3,0,jpallen,,,"Feeling like I'm part of something bigger than me and my own personal code. I won't try to rationalise it, because it's pretty much an emotional response, but I enjoy the feeling of other people using my code, because it means I've had a positive influence on the world.",1365251464
73,5503383,comment,5502991.0,5503352.0,1,0,elisee,,,"Actually it is. See the logo on the official website: <a href=""http://0x10c.com/"" rel=""nofollow"">http://0x10c.com/</a>",1365251436
74,5503382,comment,5503006.0,5503215.0,5,0,spodek,,,"If only people had this perspective before taking the risk at first, we wouldn't act like pollution was the norm and unpolluted nature was the aberration. I like your logic, but I would have applied it before introducing something that kills a species we don't want to kill.<p>""Before the government <i>allows the use of</i> the product <i>never before seen in nature</i>, causing you a lot of monetary loss, reason says that they should think twice. So, IMO nothing will be done, just yet. They are too many special interests and evidence apparently is not conclusive.""<p>The cell tower stuff was a red herring.",1365251386
75,5503381,comment,5501629.0,5502549.0,1,0,hugocaracoll,,,"- Gmail's compose is different now. While you compose a message you can, check email. That's cool.<p>- I acknowledge that OCR functionality is very important and many products miss it.<p>Thnak you samir",1365251384
76,5503380,comment,5498198.0,5503355.0,3,0,paulnechifor,,,"I guess that's fair if you want to play it safe, but I don't agree that we should do something wrong because people are used to it that way. In Romanian fata can have 6  different meanings (some related) depending on how you put the diacritics: fata, fat, faa, fa, fta, f. If you want your URLs to be meaningful and you care about people who don't use only English letters you should use all types of letters.",1365251370
77,5503379,story,,,1,0,chuka,Fallacy of a good idea,http://area20.com/fallacy-of-a-good-idea/,,1365251367
78,5503378,story,,,2,1,PascalPrecht,Introducing ngTranslate - I18n for your AngularJS apps,https://github.com/PascalPrecht/ng-translate,Tell me what you guys think,1365251350
79,5503377,story,,,1,0,DanielBMarkham,The Transactional Disadvantage,http://www.whattofix.com/blog/archives/2013/04/the-transactional-disadvantage.php,,1365251335
80,5503376,comment,5503256.0,5503256.0,2,0,warp,,,"If you buy a car, and it breaks, you are free to take it to any car mechanic to have it fixed -- you are not forced to go back the one mechanic who sold you the car.<p>I believe software should work the same way -- so if you purchase software from me, I think you should have the freedom to hire any interested software developer to make changes to that software, and not be locked in to hiring me again to make those changes.<p>proprietary software is an easy way for software companies to create a vendor lock-in situation, which I think is abusive.",1365251334
81,5503375,story,,,1,0,jordn,The three books that changed my view of the world,http://jordanburgess.com/post/47269509710/the-three-books-that-changed-my-view-of-the-world,,1365251320
82,5503374,comment,5503006.0,5503006.0,-1,0,crusso,,,"I haven't heard that pesticides were a serious contender for bee death.  Everything I've read so far recently has pointed to the rise of new parasites.<p>Even TFA has a section entitled ""Why are bees in decline?"" in which disease and parasites are the primary culprits.<p>Seems like a misleading headline and a possibly misguided campaign.",1365251283
83,5503373,story,,,1,0,rvbd,Raspberry Pi: Luakit Downloadable Shortcut Card,http://www.codingepiphany.com/2013/04/06/raspberry-pi-luakit-shortcut-card/,,1365251241
84,5503372,comment,5502878.0,5503087.0,3,0,mseebach,,,"If they should credit everyone that did something that's used as a backdrop for a few seconds in a movie, they'd have time for little else. The guy who did a mural the main character walks by also doesn't get a credit.",1365251222
85,5503371,comment,5497700.0,5503022.0,1,0,cjbenedikt,,,how can I get in touch - London is pretty good - am temporarily based in Frankfurt,1365251170
86,5503370,comment,5501629.0,5501937.0,1,0,hugocaracoll,,,Could you name a few apps please?,1365251167
87,5503369,comment,5503256.0,5503256.0,3,0,doe88,,,"Two words: Contribute Back. I profit, learn and extensively use from what people have shared and kindly contributed and whenever I can I want to do the same. But I must say, I never open source as much stuff as I'd want simply because I don't have time/courage to either make a clean API, a good documentation or provide extensive tests. Of course I could just dump code on github but more time pass and more I take the responsibility inherent to sharing code seriously. I even would risk to say that my open source code is cleaner and has higher standards than my  closed code.",1365251134
88,5503368,comment,5502957.0,5503224.0,1,0,orvtech,,,"TBH I would pay full price. I just want to have a laptop that comes with linux out of factory.<p>PD: off-topic, I am tempted to get a cheap chromebook and install linux on it. I am currently researching",1365251118
89,5503366,comment,5502991.0,5502991.0,4,0,pippy,,,"Notch could be suffering from programmeritus - a condition where a programmer works a difficult, but fun problem that doesn't help reach the end objective (in his case, making a fun game).<p>We've all been there - spending months doing something that in the end doesn't matter.<p>Notch has the ability to make fun games quick, I'd gladly pay for a full version of the last game jam he participated in. If he made a series of demos, then chose the best one he wouldn't be in the dilema he's in now.",1365251061
90,5503365,comment,5503256.0,5503323.0,2,0,throwawayG9,,,"So you don't really open source, the company you work for does.",1365250956
91,5503364,comment,5498367.0,5501642.0,1,0,maxerickson,,,"Whole societies often end up with unpleasant moral opinions though (I don't mean to suggest that this sets aside the value of acting morally, I mean to suggest that moral intuition is not necessarily a good guide for setting the rules for a society).<p>A good trick would be massive civil penalties for disclosing personal data to third parties. That leaves us uncomfortable with weev scraping large amounts of data but able to punish him for any damage he causes by sharing it, and it makes some potential for innocent little AT&T to share the stick.<p>Edit: better to say that it leaves us able to punish weev for causing damage. There is easily potential for causing more damage than could be restored by a single person.",1365250751
92,5503363,comment,5500612.0,5501474.0,2,0,hamstah,,,"Looks useful, will give it a try.<p>(I would remove the autoplay=1 on your video with music as it's pretty annoying when you open in a background tab)",1365250747
93,5503362,story,,,1,0,tokenadult,What is a B.A. in English worth anymore?,http://www.usatoday.com/story/news/nation/2013/04/06/liberal-arts-college-value-jobs-economy/2057031/,,1365250616
94,5503361,story,,,1,0,scholia,How to disable Chrome's new extra-thick menus,http://www.zdnet.com/how-to-disable-chromes-new-extra-thick-menus-7000013624/,,1365250562
95,5503360,comment,5501556.0,5502995.0,5,0,crusso,,,"<i>looking at these loans in isolation</i><p>I totally look at the loans in isolation.<p>I ask: Should the government be involved in the free market by attempting to pick investments in order to guide growth in certain sectors of the economy?<p>My answer is: No.  The Constitution does not allow for the government to perform this type of activity.  Thus, the States did not agree to allow the Federal government to perform this type of activity.  Due to the special place, power, and privilege of the Federal government - preventing overreach should be a prime concern for all citizens.  If the citizenry decides to fundamentally and explicitly change the role of the Federal government, the Constitution should be amended to support that new role.",1365250443
96,5503359,comment,5502878.0,5503334.0,5,0,megablast,,,"If I was the OP, I would do exactly what he is doing. This in no way deserves a credit in a movie.",1365250427
97,5503358,comment,5496285.0,5500946.0,3,0,igouy,,,"> There's much more to Bossavit's research than my quotes here, so if you disagree, please read and rebut his work directly, not just these quotes.<p>Please provide a copy of Bossavit's research.",1365250366
98,5503357,story,,,1,0,leoplct,Ask HN: Computational finance really works?,,A few months ago I started reading about Statistical methods for Finance and it seems very interesting and funny!<p>I've found a lot of jobs for Quant Trading/Analyst and I was wondering this: All this really works? I mean someone really earns with these statistical methods? Does it deserve to spend time to study it?,1365250351
99,5503356,comment,5503256.0,5503256.0,1,0,necenzurat,,,free updates and bug fixes,1365250231
100,5503355,comment,5498198.0,5501220.0,2,0,eCa,,,"I'm not a native English speaker, but I still design urls to only contain a-z, 0-9, dot, dash, ?, ; (prefered over &), =, %, and /. No spaces, no umlauts, just the plain latin letters.<p>Why? It's prettier (imho), guaranteed to work everywhere and most people don't expect , ,  or  to appear in urls.",1365250202
101,5503354,story,,,553,190,GabrielF00,French homeland intelligence threatens a sysop into deleting a Wikipedia Article,http://blog.wikimedia.fr/dcri-threat-a-sysop-to-delete-a-wikipedia-article-5493,,1365250172
102,5503353,comment,5503256.0,5503256.0,10,0,albertzeyer,,,"Close Source development means that everyone (every company) is re-inventing the wheel again and again. Much development cost and time is wasted. Also, if some company dies, all the work might be lost.<p>I don't like the thought that one just totally waste the time and work of humans.<p>Open Source is working together with each one to advance the whole human race. Nothing is wasted. The whole human community benefits.<p>This is much more effective and makes more sense because you don't waste so much work resources for no reason.<p>It's also much more social.",1365250171
103,5503352,comment,5502991.0,5503346.0,1,0,StavrosK,,,"Oh, ""c"" as ""the speed of light""? Why ""to the c"", then? It's not 0x10^c...",1365250138
104,5503351,comment,5501425.0,5501754.0,1,0,fuzzix,,,"""Grim Fandango is at the top of my short list of games I replay once a year""<p>It seems work on ResidualVM is coming along, so Grim Fandango may be playable on my laptop - might finally get to finish it.<p>I still play Full Throttle frequently, maybe as often as once a year. I've played through The Dig around 3 or 4 times too.",1365250080
105,5503350,comment,5503256.0,5503256.0,2,0,andrewcooke,,,"i think there are multiple reasons (not ordered; these are all from the perspective of an individual programmer, not a company):<p>* it's nice to have people using code that you write, even if it isn't code that would make a lot of money (and making a little money isn't a big deal when you have a paycheck anyway).  there's a sense of community and a pleasure in sharing - making other people happy with something you have made.<p>* it's a way of ""giving back"" to help support the community (whose open source code you have used yourself).  if you're a programmer, the existence of a large body of code in your language (or, at a higher level, OS) is a huge help.<p>* it provides a way to show prospective employers / clients what you can do.<p>* it's the community norm and it gives you a certain amount of status within that same community.<p>* in some cases (eg <a href=""https://github.com/andrewcooke/simple-crypt"" rel=""nofollow"">https://github.com/andrewcooke/simple-crypt</a>) the code is worthless without collaborative development (there's no way that code has/had a chance of being correct without feedback from many people).<p>* this one is a bit odd, but something i've felt for a while:  there's a kind of evolutionary pressure from competing ""technology ecologies"".  by putting code out there that uses ""your choice"" you support that particular technology (both by the code being useful and by simply adding to visibility).  for example, a recent, small program i wrote (<a href=""https://github.com/andrewcooke/id3img"" rel=""nofollow"">https://github.com/andrewcooke/id3img</a>) was implemented in python 3 despite some requests for it to be in python 2, because i felt it was important to ""support"" python 3 (and we're talking ""sub-ecologies here"" - i guess others would feel anything python was helping support that against, say, ruby, or vice-versa).  the motivation to help your particular ""tech ecology"" is that it is the one you have invested time learning, so it's to your advantage for it to flourish.<p>* sometimes it can be politically motivated (i'm just looking through my github repos and <a href=""https://github.com/andrewcooke/GhettoNet"" rel=""nofollow"">https://github.com/andrewcooke/GhettoNet</a> was very much a political statement).<p>* sometimes there's a sense of frustration that a project does not exist.  and while you know that a complete solution is probably more than you can implement yourself, you're trying to get something started.  that is the case for <a href=""https://bitbucket.org/isti/c-orm/wiki/Home"" rel=""nofollow"">https://bitbucket.org/isti/c-orm/wiki/Home</a> for example, where i would love to bootstrap a community that supports and extends a decent ""ORM"" solution for C (that code is very much beta btw and i would appreciate feedback / curious users).",1365250044
106,5503349,comment,5503256.0,5503256.0,24,0,buro9,,,"To reduce the waste of human energy that repeats the same task a million times by not communicating, and in the process to increase the quality of the output of human energy by having what energy is available be focused on improving the existing output or using it.<p>I can't get over the profound sense of waste when I do something and think ""50,000 devs have probably done this before, and 100,000 more will do it again""... and yet it's the same shitty thing and it could easily be some open lib.<p>Every single one of us is standing on the shoulders' of every dev that preceded us, the least we can do is to help the next generation stand on our shoulders' too.<p>None of this is to suggest the politics aren't also important, but for me the waste trumps all.",1365249991
107,5503348,comment,5502884.0,5502928.0,2,0,igouy,,,"It's been just 2 days since go1.1beta1 was released, the other language implementations seem more out-of-date than that.",1365249967
108,5503347,comment,5503155.0,5503155.0,4,0,spindritf,,,"Whenever you find yourself responding (or just tempted to respond) to a general claim with specific examples, you don't actually have an argument. I'm not going to make Cowen's point for him but it's fairly clear what he means:<p>> In part our guns problem is an alcohol problem.  According to Mark Kleiman, half the people in prison were drinking when they did whatever they did.<p>Is it fair to say that elites don't have significant numbers of them imprisoned after alcohol-fueled crimes? It either is, or it isn't. And if you want to attack Cowen's position, this is how you do it. By showing that there is no significant difference.<p>Not with Charlie Sheen. Who's gonna be perfectly fine BTW because he has had one high-paying gig after another since he was... 20?",1365249964
109,5503346,comment,5502991.0,5503336.0,1,0,pilf,,,16^c,1365249959
110,5503345,comment,5503256.0,5503256.0,2,0,richo,,,Marketing is hard. Open source is less dicking around and more time to write software.,1365249953
111,5503344,comment,5496285.0,5496974.0,2,0,waps,,,"""a good system ensures even garden variety engineers will deliver.""<p>I assume this points to the idea that test procedures can replace individual expertise ? My experience is that testing systems get bypassed by ""garden variety"" engineers (mostly with PM/Manager support), usually in exactly the cases where you wouldn't want them to do that.<p>Even when this is not the case, tests, no matter the coverage, don't cover everything. The 100% test coverage demands that are in vogue these days make sure tests are usually written specifically to minimize interactions between pieces of code, which is of course exactly what a good engineer would test for.<p>Of course with tests testing interaction, there are pieces of code (the ones that worry me) that get tested 1000x (in one case literally iterating over all possible calls and verifying constraints afterwards, almost fuzzing), and there's pieces of code that just don't get attention (usually an if out_of_range check at the beginning of functions, since I would just test for the same range, with potentially the same mistake in both the used number and the tested number, but other things happen too. If the consequences of the function screwing up is a slight UI aberration ... well I barely test UI code at all, really. MVC for the app MC for the tests). Also there's pieces of code where I know they're potentially not thread safe and so, just to make sure big screwups get caught, I test firing off the same test 1000x in parallel. If the function works entirely based of the stack and return values, no such test is done.",1365249908
112,5503343,story,,,1,0,superice,"Xkcd-competition, determining which xkcd-comic is best Facemash-style",https://rpi.ricklubbers.nl/dev/xkcd,,1365249851
113,5503342,comment,5503256.0,5503256.0,1,0,Arnt,,,"Some of it because they're contributions to already open projects. (In those, I've noticed that the contributions that look good tend to live long without change, and more specifically that contributions with few indentation jumps live longer.</digression>)<p>Some of it because of project-specific reasons  there is some reason for that particular project to be open, and it's not a general reason.<p>Some of it because I'm paid to.<p>And some of it because I have an urge to write the code. That code is more or less art for art's sake, and art wants to be open.",1365249812
114,5503341,comment,5503256.0,5503256.0,2,0,sp4ke,,,"Because Open Source is the code way of how societies work and evolve.<p>Any great project made by humans has always been the work of a group of people working all together to solve a problem. This is how Egyptians built Pyramids, Alexender conquered lands and our people today built Linux and the Internet.<p>Sure history will always pick a person and gives him all the merit (Like father of the internet and visionary of that ...) but the truth is, every thing those people buit was done on top of what others have done before and the hard work of those who team up in groups and communities to build on top of it. If scientists haven't  worked all together to understand Einstein theories and apply them, e=mc2 would be useless.<p>This is Open Source.",1365249755
115,5503340,comment,5501191.0,5501320.0,2,0,caw,,,"That sort of stuff is really only necessary if on your home network you're doing port passthroughs or if this machine is directly connected to the internet with a public IP. For most users behind a router, you don't really need fail2ban and iptables.",1365249735
116,5503339,comment,5502404.0,5502404.0,1,0,dirkdk,,,"I personally prefer Prototyper by Appgyver (<a href=""http://www.appgyver.com/prototyper"" rel=""nofollow"">http://www.appgyver.com/prototyper</a>), editing your mockups from your computer with a mouse and keyboard.",1365249733
117,5503338,comment,5502884.0,5503261.0,1,0,igouy,,,"And was already referenced in the blog -- ""Other statically typed languages are about twice as slow, which broadly agrees with Computer Benchmark Games.""<p>(Although I suppose that's some-kind-of appeal to authority?)",1365249714
118,5503337,comment,5497700.0,5498544.0,1,0,gringofyx,,,"Web & SOA are a given, design patterns and high performance concurrency are all a given and there's strong signs of that all over my CV. Also, I've worked at Insurance companies before, I thought all of that might be enough to get my foot in the door.",1365249670
119,5503336,comment,5502991.0,5502991.0,3,0,StavrosK,,,"> 0x10c (pronounced ten to the c)<p>Really? It's pronounced like that? What's the reasoning behind it? Why not ""268"", or ""ten cee hex""?",1365249641
120,5503335,comment,5501454.0,5502904.0,1,0,cperciva,,,"This wasn't really a competitor.  I'm not going to name them since, despite not promising any sort of confidentiality, I don't think it's fair to ""out"" companies like that; but I think it was far more a matter of secure backups filling a gap in their service offerings.",1365249622
121,5503334,comment,5502878.0,5502878.0,5,0,Snowda,,,If I was the OP I would just ask them to stick my name somewhere in the credits and call it a day.,1365249610
122,5503332,comment,5500260.0,5500260.0,1,0,digitalWestie,,,I'm surprised at how small the working group is.,1365249605
