,col0,col1,col2,col3,col4,col5,col6,col7,col8,col9,col10,col11,col12,col13,col14,col15,col16,col17,col18,col19
0,9e1004e4-9bad-11eb-a8a2-19ed5c03f8d3,genus,Scitovszkya,,,Schulzer,,1866.0,,"in Schulzer, Kanitz & Knapp, Verh. zool.-bot. Ges. Wien 16(Abh.): 36 (1866)",,,,9e1004e4-9bad-11eb-a8a2-19ed5c03f8d3,,,,,20511.0, 
1,8c05b0b0-8fcc-11eb-924d-9cd76263cbd0,species,aromatica,Sciuris,,(Aubl.) J.F.Gmel.,"Q721482,Q57230",1791.0,,Syst. Nat. ed. 13[bis] 2: 49 1791,,,,,,775171-1,wfo-0000504400,3831636.0,,
2,ba3a2470-8fd1-11eb-924d-9cd76263cbd0,species,bracteata,Sciuris,,Nees & Mart.,"Q76349,Q77131",1823.0,,"Nova Acta Phys.-Med. Acad. Caes. Leop.-Carol. Nat. Cur. 11: 156, t. 18A, 20 1823",,,,,,315992-2,wfo-0001243356,3831622.0,,
3,8c06a09c-8fcc-11eb-924d-9cd76263cbd0,species,corymbosa,Sciuris,,Spreng.,Q62829,1824.0,,Syst. Veg. 1: 38 1824,,,,,,775173-1,wfo-0000504408,3831615.0,,
4,8c0641ec-8fcc-11eb-924d-9cd76263cbd0,species,multiflora,Sciuris,,Nees & Mart.,"Q76349,Q77131",1823.0,,Nova Acta Phys.-Med. Acad. Caes. Leop.-Carol. Nat. Cur. 11: 155 1823,,,,,,775174-1,wfo-0000504405,3831604.0,,
5,ba628866-8fd1-11eb-924d-9cd76263cbd0,species,odoratissima,Sciuris,,(Lindl.) D.Dietr.,"Q378629,Q73233",1839.0,,Syn. Pl. 1: 100 1839,,,,,,1099878-2,wfo-0001243665,3831596.0,,
6,ba3a81ea-8fd1-11eb-924d-9cd76263cbd0,species,officinalis,Sciuris,,Oken,Q55069834,,,Allg. Naturgesch. 3(2): 1268 1841,,,,,,775176-1,wfo-0001243359,3831577.0,,
7,8c0627a2-8fcc-11eb-924d-9cd76263cbd0,species,ossana,Sciuris,,Nees & Mart. ex Steud.,"Q76349,Q77131,Q62821",1841.0,,"Nomencl. Bot. ed. 2, 2: 542 1841",,,,,,,wfo-0000504404,3831565.0,,
8,8c05f016-8fcc-11eb-924d-9cd76263cbd0,species,simplicifolia,Sciuris,,Nees & Mart.,"Q76349,Q77131",1823.0,,Nova Acta Phys.-Med. Acad. Caes. Leop.-Carol. Nat. Cur. 11: 157 1823,,,,,,775179-1,wfo-0000504402,3831550.0,,
9,8c060aa6-8fcc-11eb-924d-9cd76263cbd0,species,simplicifolia,Sciuris,,Spreng.,Q62829,1824.0,,Syst. Veg. 1: 38 1824,,,,,,775178-1,wfo-0000504403,8073567.0,,
10,8bf9f5cc-8fcc-11eb-924d-9cd76263cbd0,species,trifoliata,Sciuris,,(Aubl.) Nees & Mart.,"Q721482,Q76349,Q77131",1823.0,,Nova Acta Phys.-Med. Acad. Caes. Leop.-Carol. Nat. Cur. 11: 155 1823,,,,,,775180-1,wfo-0000504316,3831543.0,,
