,col0,col1,col2,col3,col4,col5,col6,col7,col8,col9,col10
0,LocationFrameworkInternalPS.dll,82432,3,924303574,1999-04-16T22:59:34.000Z,imports,msvcrt.dll,__C_specific_handler,0f41fe6c9ebbd671b26767bf7ce2a63e,70e0b9148d271dc5980f73daa2013b277492495af89b886244d92fadd9502db3,c:\Windows\System32\LocationFrameworkInternalPS.dll
1,LocationFrameworkInternalPS.dll,82432,3,924303574,1999-04-16T22:59:34.000Z,imports,msvcrt.dll,_amsg_exit,0f41fe6c9ebbd671b26767bf7ce2a63e,70e0b9148d271dc5980f73daa2013b277492495af89b886244d92fadd9502db3,c:\Windows\System32\LocationFrameworkInternalPS.dll
2,LocationFrameworkInternalPS.dll,82432,3,924303574,1999-04-16T22:59:34.000Z,imports,msvcrt.dll,_initterm,0f41fe6c9ebbd671b26767bf7ce2a63e,70e0b9148d271dc5980f73daa2013b277492495af89b886244d92fadd9502db3,c:\Windows\System32\LocationFrameworkInternalPS.dll
3,LocationFrameworkInternalPS.dll,82432,3,924303574,1999-04-16T22:59:34.000Z,imports,msvcrt.dll,free,0f41fe6c9ebbd671b26767bf7ce2a63e,70e0b9148d271dc5980f73daa2013b277492495af89b886244d92fadd9502db3,c:\Windows\System32\LocationFrameworkInternalPS.dll
4,LocationFrameworkInternalPS.dll,82432,3,924303574,1999-04-16T22:59:34.000Z,imports,msvcrt.dll,malloc,0f41fe6c9ebbd671b26767bf7ce2a63e,70e0b9148d271dc5980f73daa2013b277492495af89b886244d92fadd9502db3,c:\Windows\System32\LocationFrameworkInternalPS.dll
5,LocationFrameworkInternalPS.dll,82432,3,924303574,1999-04-16T22:59:34.000Z,imports,msvcrt.dll,memcmp,0f41fe6c9ebbd671b26767bf7ce2a63e,70e0b9148d271dc5980f73daa2013b277492495af89b886244d92fadd9502db3,c:\Windows\System32\LocationFrameworkInternalPS.dll
6,LocationFrameworkInternalPS.dll,82432,3,924303574,1999-04-16T22:59:34.000Z,imports,oleaut32.dll,BSTR_UserFree64,0f41fe6c9ebbd671b26767bf7ce2a63e,70e0b9148d271dc5980f73daa2013b277492495af89b886244d92fadd9502db3,c:\Windows\System32\LocationFrameworkInternalPS.dll
7,LocationFrameworkInternalPS.dll,82432,3,924303574,1999-04-16T22:59:34.000Z,imports,oleaut32.dll,BSTR_UserMarshal64,0f41fe6c9ebbd671b26767bf7ce2a63e,70e0b9148d271dc5980f73daa2013b277492495af89b886244d92fadd9502db3,c:\Windows\System32\LocationFrameworkInternalPS.dll
8,LocationFrameworkInternalPS.dll,82432,3,924303574,1999-04-16T22:59:34.000Z,imports,oleaut32.dll,BSTR_UserSize64,0f41fe6c9ebbd671b26767bf7ce2a63e,70e0b9148d271dc5980f73daa2013b277492495af89b886244d92fadd9502db3,c:\Windows\System32\LocationFrameworkInternalPS.dll
9,LocationFrameworkInternalPS.dll,82432,3,924303574,1999-04-16T22:59:34.000Z,imports,oleaut32.dll,BSTR_UserUnmarshal64,0f41fe6c9ebbd671b26767bf7ce2a63e,70e0b9148d271dc5980f73daa2013b277492495af89b886244d92fadd9502db3,c:\Windows\System32\LocationFrameworkInternalPS.dll
10,LocationFrameworkInternalPS.dll,82432,3,924303574,1999-04-16T22:59:34.000Z,imports,rpcrt4.dll,CStdStubBuffer_AddRef,0f41fe6c9ebbd671b26767bf7ce2a63e,70e0b9148d271dc5980f73daa2013b277492495af89b886244d92fadd9502db3,c:\Windows\System32\LocationFrameworkInternalPS.dll
11,LocationFrameworkInternalPS.dll,82432,3,924303574,1999-04-16T22:59:34.000Z,imports,rpcrt4.dll,CStdStubBuffer_Connect,0f41fe6c9ebbd671b26767bf7ce2a63e,70e0b9148d271dc5980f73daa2013b277492495af89b886244d92fadd9502db3,c:\Windows\System32\LocationFrameworkInternalPS.dll
12,LocationFrameworkInternalPS.dll,82432,3,924303574,1999-04-16T22:59:34.000Z,imports,rpcrt4.dll,CStdStubBuffer_CountRefs,0f41fe6c9ebbd671b26767bf7ce2a63e,70e0b9148d271dc5980f73daa2013b277492495af89b886244d92fadd9502db3,c:\Windows\System32\LocationFrameworkInternalPS.dll
13,LocationFrameworkInternalPS.dll,82432,3,924303574,1999-04-16T22:59:34.000Z,imports,rpcrt4.dll,CStdStubBuffer_DebugServerQueryInterface,0f41fe6c9ebbd671b26767bf7ce2a63e,70e0b9148d271dc5980f73daa2013b277492495af89b886244d92fadd9502db3,c:\Windows\System32\LocationFrameworkInternalPS.dll
14,LocationFrameworkInternalPS.dll,82432,3,924303574,1999-04-16T22:59:34.000Z,imports,rpcrt4.dll,CStdStubBuffer_DebugServerRelease,0f41fe6c9ebbd671b26767bf7ce2a63e,70e0b9148d271dc5980f73daa2013b277492495af89b886244d92fadd9502db3,c:\Windows\System32\LocationFrameworkInternalPS.dll
15,LocationFrameworkInternalPS.dll,82432,3,924303574,1999-04-16T22:59:34.000Z,imports,rpcrt4.dll,CStdStubBuffer_Disconnect,0f41fe6c9ebbd671b26767bf7ce2a63e,70e0b9148d271dc5980f73daa2013b277492495af89b886244d92fadd9502db3,c:\Windows\System32\LocationFrameworkInternalPS.dll
16,LocationFrameworkInternalPS.dll,82432,3,924303574,1999-04-16T22:59:34.000Z,imports,rpcrt4.dll,CStdStubBuffer_Invoke,0f41fe6c9ebbd671b26767bf7ce2a63e,70e0b9148d271dc5980f73daa2013b277492495af89b886244d92fadd9502db3,c:\Windows\System32\LocationFrameworkInternalPS.dll
17,LocationFrameworkInternalPS.dll,82432,3,924303574,1999-04-16T22:59:34.000Z,imports,rpcrt4.dll,CStdStubBuffer_IsIIDSupported,0f41fe6c9ebbd671b26767bf7ce2a63e,70e0b9148d271dc5980f73daa2013b277492495af89b886244d92fadd9502db3,c:\Windows\System32\LocationFrameworkInternalPS.dll
18,LocationFrameworkInternalPS.dll,82432,3,924303574,1999-04-16T22:59:34.000Z,imports,rpcrt4.dll,CStdStubBuffer_QueryInterface,0f41fe6c9ebbd671b26767bf7ce2a63e,70e0b9148d271dc5980f73daa2013b277492495af89b886244d92fadd9502db3,c:\Windows\System32\LocationFrameworkInternalPS.dll
19,LocationFrameworkInternalPS.dll,82432,3,924303574,1999-04-16T22:59:34.000Z,imports,rpcrt4.dll,IUnknown_AddRef_Proxy,0f41fe6c9ebbd671b26767bf7ce2a63e,70e0b9148d271dc5980f73daa2013b277492495af89b886244d92fadd9502db3,c:\Windows\System32\LocationFrameworkInternalPS.dll
20,LocationFrameworkInternalPS.dll,82432,3,924303574,1999-04-16T22:59:34.000Z,imports,rpcrt4.dll,IUnknown_QueryInterface_Proxy,0f41fe6c9ebbd671b26767bf7ce2a63e,70e0b9148d271dc5980f73daa2013b277492495af89b886244d92fadd9502db3,c:\Windows\System32\LocationFrameworkInternalPS.dll
21,LocationFrameworkInternalPS.dll,82432,3,924303574,1999-04-16T22:59:34.000Z,imports,rpcrt4.dll,IUnknown_Release_Proxy,0f41fe6c9ebbd671b26767bf7ce2a63e,70e0b9148d271dc5980f73daa2013b277492495af89b886244d92fadd9502db3,c:\Windows\System32\LocationFrameworkInternalPS.dll
22,LocationFrameworkInternalPS.dll,82432,3,924303574,1999-04-16T22:59:34.000Z,imports,rpcrt4.dll,NdrCStdStubBuffer2_Release,0f41fe6c9ebbd671b26767bf7ce2a63e,70e0b9148d271dc5980f73daa2013b277492495af89b886244d92fadd9502db3,c:\Windows\System32\LocationFrameworkInternalPS.dll
23,LocationFrameworkInternalPS.dll,82432,3,924303574,1999-04-16T22:59:34.000Z,imports,rpcrt4.dll,NdrCStdStubBuffer_Release,0f41fe6c9ebbd671b26767bf7ce2a63e,70e0b9148d271dc5980f73daa2013b277492495af89b886244d92fadd9502db3,c:\Windows\System32\LocationFrameworkInternalPS.dll
24,LocationFrameworkInternalPS.dll,82432,3,924303574,1999-04-16T22:59:34.000Z,imports,rpcrt4.dll,NdrDllCanUnloadNow,0f41fe6c9ebbd671b26767bf7ce2a63e,70e0b9148d271dc5980f73daa2013b277492495af89b886244d92fadd9502db3,c:\Windows\System32\LocationFrameworkInternalPS.dll
25,LocationFrameworkInternalPS.dll,82432,3,924303574,1999-04-16T22:59:34.000Z,imports,rpcrt4.dll,NdrDllGetClassObject,0f41fe6c9ebbd671b26767bf7ce2a63e,70e0b9148d271dc5980f73daa2013b277492495af89b886244d92fadd9502db3,c:\Windows\System32\LocationFrameworkInternalPS.dll
26,LocationFrameworkInternalPS.dll,82432,3,924303574,1999-04-16T22:59:34.000Z,imports,rpcrt4.dll,NdrDllRegisterProxy,0f41fe6c9ebbd671b26767bf7ce2a63e,70e0b9148d271dc5980f73daa2013b277492495af89b886244d92fadd9502db3,c:\Windows\System32\LocationFrameworkInternalPS.dll
27,LocationFrameworkInternalPS.dll,82432,3,924303574,1999-04-16T22:59:34.000Z,imports,rpcrt4.dll,NdrDllUnregisterProxy,0f41fe6c9ebbd671b26767bf7ce2a63e,70e0b9148d271dc5980f73daa2013b277492495af89b886244d92fadd9502db3,c:\Windows\System32\LocationFrameworkInternalPS.dll
28,LocationFrameworkInternalPS.dll,82432,3,924303574,1999-04-16T22:59:34.000Z,imports,rpcrt4.dll,NdrOleAllocate,0f41fe6c9ebbd671b26767bf7ce2a63e,70e0b9148d271dc5980f73daa2013b277492495af89b886244d92fadd9502db3,c:\Windows\System32\LocationFrameworkInternalPS.dll
29,LocationFrameworkInternalPS.dll,82432,3,924303574,1999-04-16T22:59:34.000Z,imports,rpcrt4.dll,NdrOleFree,0f41fe6c9ebbd671b26767bf7ce2a63e,70e0b9148d271dc5980f73daa2013b277492495af89b886244d92fadd9502db3,c:\Windows\System32\LocationFrameworkInternalPS.dll
30,LocationFrameworkInternalPS.dll,82432,3,924303574,1999-04-16T22:59:34.000Z,imports,rpcrt4.dll,NdrStubCall3,0f41fe6c9ebbd671b26767bf7ce2a63e,70e0b9148d271dc5980f73daa2013b277492495af89b886244d92fadd9502db3,c:\Windows\System32\LocationFrameworkInternalPS.dll
31,LocationFrameworkInternalPS.dll,82432,3,924303574,1999-04-16T22:59:34.000Z,imports,rpcrt4.dll,NdrStubForwardingFunction,0f41fe6c9ebbd671b26767bf7ce2a63e,70e0b9148d271dc5980f73daa2013b277492495af89b886244d92fadd9502db3,c:\Windows\System32\LocationFrameworkInternalPS.dll
32,LocationFrameworkInternalPS.dll,82432,3,924303574,1999-04-16T22:59:34.000Z,imports,api-ms-win-core-com-midlproxystub-l1-1-0.dll,CStdStubBuffer2_Connect,0f41fe6c9ebbd671b26767bf7ce2a63e,70e0b9148d271dc5980f73daa2013b277492495af89b886244d92fadd9502db3,c:\Windows\System32\LocationFrameworkInternalPS.dll
33,LocationFrameworkInternalPS.dll,82432,3,924303574,1999-04-16T22:59:34.000Z,imports,api-ms-win-core-com-midlproxystub-l1-1-0.dll,CStdStubBuffer2_CountRefs,0f41fe6c9ebbd671b26767bf7ce2a63e,70e0b9148d271dc5980f73daa2013b277492495af89b886244d92fadd9502db3,c:\Windows\System32\LocationFrameworkInternalPS.dll
34,LocationFrameworkInternalPS.dll,82432,3,924303574,1999-04-16T22:59:34.000Z,imports,api-ms-win-core-com-midlproxystub-l1-1-0.dll,CStdStubBuffer2_Disconnect,0f41fe6c9ebbd671b26767bf7ce2a63e,70e0b9148d271dc5980f73daa2013b277492495af89b886244d92fadd9502db3,c:\Windows\System32\LocationFrameworkInternalPS.dll
35,LocationFrameworkInternalPS.dll,82432,3,924303574,1999-04-16T22:59:34.000Z,imports,api-ms-win-core-com-midlproxystub-l1-1-0.dll,CStdStubBuffer2_QueryInterface,0f41fe6c9ebbd671b26767bf7ce2a63e,70e0b9148d271dc5980f73daa2013b277492495af89b886244d92fadd9502db3,c:\Windows\System32\LocationFrameworkInternalPS.dll
36,LocationFrameworkInternalPS.dll,82432,3,924303574,1999-04-16T22:59:34.000Z,imports,api-ms-win-core-com-midlproxystub-l1-1-0.dll,NdrProxyForwardingFunction10,0f41fe6c9ebbd671b26767bf7ce2a63e,70e0b9148d271dc5980f73daa2013b277492495af89b886244d92fadd9502db3,c:\Windows\System32\LocationFrameworkInternalPS.dll
37,LocationFrameworkInternalPS.dll,82432,3,924303574,1999-04-16T22:59:34.000Z,imports,api-ms-win-core-com-midlproxystub-l1-1-0.dll,NdrProxyForwardingFunction11,0f41fe6c9ebbd671b26767bf7ce2a63e,70e0b9148d271dc5980f73daa2013b277492495af89b886244d92fadd9502db3,c:\Windows\System32\LocationFrameworkInternalPS.dll
38,LocationFrameworkInternalPS.dll,82432,3,924303574,1999-04-16T22:59:34.000Z,imports,api-ms-win-core-com-midlproxystub-l1-1-0.dll,NdrProxyForwardingFunction12,0f41fe6c9ebbd671b26767bf7ce2a63e,70e0b9148d271dc5980f73daa2013b277492495af89b886244d92fadd9502db3,c:\Windows\System32\LocationFrameworkInternalPS.dll
39,LocationFrameworkInternalPS.dll,82432,3,924303574,1999-04-16T22:59:34.000Z,imports,api-ms-win-core-com-midlproxystub-l1-1-0.dll,NdrProxyForwardingFunction13,0f41fe6c9ebbd671b26767bf7ce2a63e,70e0b9148d271dc5980f73daa2013b277492495af89b886244d92fadd9502db3,c:\Windows\System32\LocationFrameworkInternalPS.dll
40,LocationFrameworkInternalPS.dll,82432,3,924303574,1999-04-16T22:59:34.000Z,imports,api-ms-win-core-com-midlproxystub-l1-1-0.dll,NdrProxyForwardingFunction14,0f41fe6c9ebbd671b26767bf7ce2a63e,70e0b9148d271dc5980f73daa2013b277492495af89b886244d92fadd9502db3,c:\Windows\System32\LocationFrameworkInternalPS.dll
41,LocationFrameworkInternalPS.dll,82432,3,924303574,1999-04-16T22:59:34.000Z,imports,api-ms-win-core-com-midlproxystub-l1-1-0.dll,NdrProxyForwardingFunction15,0f41fe6c9ebbd671b26767bf7ce2a63e,70e0b9148d271dc5980f73daa2013b277492495af89b886244d92fadd9502db3,c:\Windows\System32\LocationFrameworkInternalPS.dll
42,LocationFrameworkInternalPS.dll,82432,3,924303574,1999-04-16T22:59:34.000Z,imports,api-ms-win-core-com-midlproxystub-l1-1-0.dll,NdrProxyForwardingFunction16,0f41fe6c9ebbd671b26767bf7ce2a63e,70e0b9148d271dc5980f73daa2013b277492495af89b886244d92fadd9502db3,c:\Windows\System32\LocationFrameworkInternalPS.dll
43,LocationFrameworkInternalPS.dll,82432,3,924303574,1999-04-16T22:59:34.000Z,imports,api-ms-win-core-com-midlproxystub-l1-1-0.dll,NdrProxyForwardingFunction17,0f41fe6c9ebbd671b26767bf7ce2a63e,70e0b9148d271dc5980f73daa2013b277492495af89b886244d92fadd9502db3,c:\Windows\System32\LocationFrameworkInternalPS.dll
44,LocationFrameworkInternalPS.dll,82432,3,924303574,1999-04-16T22:59:34.000Z,imports,api-ms-win-core-com-midlproxystub-l1-1-0.dll,NdrProxyForwardingFunction18,0f41fe6c9ebbd671b26767bf7ce2a63e,70e0b9148d271dc5980f73daa2013b277492495af89b886244d92fadd9502db3,c:\Windows\System32\LocationFrameworkInternalPS.dll
45,LocationFrameworkInternalPS.dll,82432,3,924303574,1999-04-16T22:59:34.000Z,imports,api-ms-win-core-com-midlproxystub-l1-1-0.dll,NdrProxyForwardingFunction19,0f41fe6c9ebbd671b26767bf7ce2a63e,70e0b9148d271dc5980f73daa2013b277492495af89b886244d92fadd9502db3,c:\Windows\System32\LocationFrameworkInternalPS.dll
46,LocationFrameworkInternalPS.dll,82432,3,924303574,1999-04-16T22:59:34.000Z,imports,api-ms-win-core-com-midlproxystub-l1-1-0.dll,NdrProxyForwardingFunction20,0f41fe6c9ebbd671b26767bf7ce2a63e,70e0b9148d271dc5980f73daa2013b277492495af89b886244d92fadd9502db3,c:\Windows\System32\LocationFrameworkInternalPS.dll
47,LocationFrameworkInternalPS.dll,82432,3,924303574,1999-04-16T22:59:34.000Z,imports,api-ms-win-core-com-midlproxystub-l1-1-0.dll,NdrProxyForwardingFunction21,0f41fe6c9ebbd671b26767bf7ce2a63e,70e0b9148d271dc5980f73daa2013b277492495af89b886244d92fadd9502db3,c:\Windows\System32\LocationFrameworkInternalPS.dll
48,LocationFrameworkInternalPS.dll,82432,3,924303574,1999-04-16T22:59:34.000Z,imports,api-ms-win-core-com-midlproxystub-l1-1-0.dll,NdrProxyForwardingFunction22,0f41fe6c9ebbd671b26767bf7ce2a63e,70e0b9148d271dc5980f73daa2013b277492495af89b886244d92fadd9502db3,c:\Windows\System32\LocationFrameworkInternalPS.dll
49,LocationFrameworkInternalPS.dll,82432,3,924303574,1999-04-16T22:59:34.000Z,imports,api-ms-win-core-com-midlproxystub-l1-1-0.dll,NdrProxyForwardingFunction23,0f41fe6c9ebbd671b26767bf7ce2a63e,70e0b9148d271dc5980f73daa2013b277492495af89b886244d92fadd9502db3,c:\Windows\System32\LocationFrameworkInternalPS.dll
50,LocationFrameworkInternalPS.dll,82432,3,924303574,1999-04-16T22:59:34.000Z,imports,api-ms-win-core-com-midlproxystub-l1-1-0.dll,NdrProxyForwardingFunction24,0f41fe6c9ebbd671b26767bf7ce2a63e,70e0b9148d271dc5980f73daa2013b277492495af89b886244d92fadd9502db3,c:\Windows\System32\LocationFrameworkInternalPS.dll
51,LocationFrameworkInternalPS.dll,82432,3,924303574,1999-04-16T22:59:34.000Z,imports,api-ms-win-core-com-midlproxystub-l1-1-0.dll,NdrProxyForwardingFunction3,0f41fe6c9ebbd671b26767bf7ce2a63e,70e0b9148d271dc5980f73daa2013b277492495af89b886244d92fadd9502db3,c:\Windows\System32\LocationFrameworkInternalPS.dll
52,LocationFrameworkInternalPS.dll,82432,3,924303574,1999-04-16T22:59:34.000Z,imports,api-ms-win-core-com-midlproxystub-l1-1-0.dll,NdrProxyForwardingFunction4,0f41fe6c9ebbd671b26767bf7ce2a63e,70e0b9148d271dc5980f73daa2013b277492495af89b886244d92fadd9502db3,c:\Windows\System32\LocationFrameworkInternalPS.dll
53,LocationFrameworkInternalPS.dll,82432,3,924303574,1999-04-16T22:59:34.000Z,imports,api-ms-win-core-com-midlproxystub-l1-1-0.dll,NdrProxyForwardingFunction5,0f41fe6c9ebbd671b26767bf7ce2a63e,70e0b9148d271dc5980f73daa2013b277492495af89b886244d92fadd9502db3,c:\Windows\System32\LocationFrameworkInternalPS.dll
54,LocationFrameworkInternalPS.dll,82432,3,924303574,1999-04-16T22:59:34.000Z,imports,api-ms-win-core-com-midlproxystub-l1-1-0.dll,NdrProxyForwardingFunction6,0f41fe6c9ebbd671b26767bf7ce2a63e,70e0b9148d271dc5980f73daa2013b277492495af89b886244d92fadd9502db3,c:\Windows\System32\LocationFrameworkInternalPS.dll
55,LocationFrameworkInternalPS.dll,82432,3,924303574,1999-04-16T22:59:34.000Z,imports,api-ms-win-core-com-midlproxystub-l1-1-0.dll,NdrProxyForwardingFunction7,0f41fe6c9ebbd671b26767bf7ce2a63e,70e0b9148d271dc5980f73daa2013b277492495af89b886244d92fadd9502db3,c:\Windows\System32\LocationFrameworkInternalPS.dll
56,LocationFrameworkInternalPS.dll,82432,3,924303574,1999-04-16T22:59:34.000Z,imports,api-ms-win-core-com-midlproxystub-l1-1-0.dll,NdrProxyForwardingFunction8,0f41fe6c9ebbd671b26767bf7ce2a63e,70e0b9148d271dc5980f73daa2013b277492495af89b886244d92fadd9502db3,c:\Windows\System32\LocationFrameworkInternalPS.dll
57,LocationFrameworkInternalPS.dll,82432,3,924303574,1999-04-16T22:59:34.000Z,imports,api-ms-win-core-com-midlproxystub-l1-1-0.dll,NdrProxyForwardingFunction9,0f41fe6c9ebbd671b26767bf7ce2a63e,70e0b9148d271dc5980f73daa2013b277492495af89b886244d92fadd9502db3,c:\Windows\System32\LocationFrameworkInternalPS.dll
58,LocationFrameworkInternalPS.dll,82432,3,924303574,1999-04-16T22:59:34.000Z,imports,api-ms-win-core-com-midlproxystub-l1-1-0.dll,ObjectStublessClient10,0f41fe6c9ebbd671b26767bf7ce2a63e,70e0b9148d271dc5980f73daa2013b277492495af89b886244d92fadd9502db3,c:\Windows\System32\LocationFrameworkInternalPS.dll
59,LocationFrameworkInternalPS.dll,82432,3,924303574,1999-04-16T22:59:34.000Z,imports,api-ms-win-core-com-midlproxystub-l1-1-0.dll,ObjectStublessClient11,0f41fe6c9ebbd671b26767bf7ce2a63e,70e0b9148d271dc5980f73daa2013b277492495af89b886244d92fadd9502db3,c:\Windows\System32\LocationFrameworkInternalPS.dll
60,LocationFrameworkInternalPS.dll,82432,3,924303574,1999-04-16T22:59:34.000Z,imports,api-ms-win-core-com-midlproxystub-l1-1-0.dll,ObjectStublessClient12,0f41fe6c9ebbd671b26767bf7ce2a63e,70e0b9148d271dc5980f73daa2013b277492495af89b886244d92fadd9502db3,c:\Windows\System32\LocationFrameworkInternalPS.dll
61,LocationFrameworkInternalPS.dll,82432,3,924303574,1999-04-16T22:59:34.000Z,imports,api-ms-win-core-com-midlproxystub-l1-1-0.dll,ObjectStublessClient13,0f41fe6c9ebbd671b26767bf7ce2a63e,70e0b9148d271dc5980f73daa2013b277492495af89b886244d92fadd9502db3,c:\Windows\System32\LocationFrameworkInternalPS.dll
62,LocationFrameworkInternalPS.dll,82432,3,924303574,1999-04-16T22:59:34.000Z,imports,api-ms-win-core-com-midlproxystub-l1-1-0.dll,ObjectStublessClient14,0f41fe6c9ebbd671b26767bf7ce2a63e,70e0b9148d271dc5980f73daa2013b277492495af89b886244d92fadd9502db3,c:\Windows\System32\LocationFrameworkInternalPS.dll
63,LocationFrameworkInternalPS.dll,82432,3,924303574,1999-04-16T22:59:34.000Z,imports,api-ms-win-core-com-midlproxystub-l1-1-0.dll,ObjectStublessClient15,0f41fe6c9ebbd671b26767bf7ce2a63e,70e0b9148d271dc5980f73daa2013b277492495af89b886244d92fadd9502db3,c:\Windows\System32\LocationFrameworkInternalPS.dll
64,LocationFrameworkInternalPS.dll,82432,3,924303574,1999-04-16T22:59:34.000Z,imports,api-ms-win-core-com-midlproxystub-l1-1-0.dll,ObjectStublessClient16,0f41fe6c9ebbd671b26767bf7ce2a63e,70e0b9148d271dc5980f73daa2013b277492495af89b886244d92fadd9502db3,c:\Windows\System32\LocationFrameworkInternalPS.dll
65,LocationFrameworkInternalPS.dll,82432,3,924303574,1999-04-16T22:59:34.000Z,imports,api-ms-win-core-com-midlproxystub-l1-1-0.dll,ObjectStublessClient17,0f41fe6c9ebbd671b26767bf7ce2a63e,70e0b9148d271dc5980f73daa2013b277492495af89b886244d92fadd9502db3,c:\Windows\System32\LocationFrameworkInternalPS.dll
66,LocationFrameworkInternalPS.dll,82432,3,924303574,1999-04-16T22:59:34.000Z,imports,api-ms-win-core-com-midlproxystub-l1-1-0.dll,ObjectStublessClient18,0f41fe6c9ebbd671b26767bf7ce2a63e,70e0b9148d271dc5980f73daa2013b277492495af89b886244d92fadd9502db3,c:\Windows\System32\LocationFrameworkInternalPS.dll
67,LocationFrameworkInternalPS.dll,82432,3,924303574,1999-04-16T22:59:34.000Z,imports,api-ms-win-core-com-midlproxystub-l1-1-0.dll,ObjectStublessClient19,0f41fe6c9ebbd671b26767bf7ce2a63e,70e0b9148d271dc5980f73daa2013b277492495af89b886244d92fadd9502db3,c:\Windows\System32\LocationFrameworkInternalPS.dll
68,LocationFrameworkInternalPS.dll,82432,3,924303574,1999-04-16T22:59:34.000Z,imports,api-ms-win-core-com-midlproxystub-l1-1-0.dll,ObjectStublessClient20,0f41fe6c9ebbd671b26767bf7ce2a63e,70e0b9148d271dc5980f73daa2013b277492495af89b886244d92fadd9502db3,c:\Windows\System32\LocationFrameworkInternalPS.dll
69,LocationFrameworkInternalPS.dll,82432,3,924303574,1999-04-16T22:59:34.000Z,imports,api-ms-win-core-com-midlproxystub-l1-1-0.dll,ObjectStublessClient21,0f41fe6c9ebbd671b26767bf7ce2a63e,70e0b9148d271dc5980f73daa2013b277492495af89b886244d92fadd9502db3,c:\Windows\System32\LocationFrameworkInternalPS.dll
70,LocationFrameworkInternalPS.dll,82432,3,924303574,1999-04-16T22:59:34.000Z,imports,api-ms-win-core-com-midlproxystub-l1-1-0.dll,ObjectStublessClient22,0f41fe6c9ebbd671b26767bf7ce2a63e,70e0b9148d271dc5980f73daa2013b277492495af89b886244d92fadd9502db3,c:\Windows\System32\LocationFrameworkInternalPS.dll
71,LocationFrameworkInternalPS.dll,82432,3,924303574,1999-04-16T22:59:34.000Z,imports,api-ms-win-core-com-midlproxystub-l1-1-0.dll,ObjectStublessClient23,0f41fe6c9ebbd671b26767bf7ce2a63e,70e0b9148d271dc5980f73daa2013b277492495af89b886244d92fadd9502db3,c:\Windows\System32\LocationFrameworkInternalPS.dll
72,LocationFrameworkInternalPS.dll,82432,3,924303574,1999-04-16T22:59:34.000Z,imports,api-ms-win-core-com-midlproxystub-l1-1-0.dll,ObjectStublessClient24,0f41fe6c9ebbd671b26767bf7ce2a63e,70e0b9148d271dc5980f73daa2013b277492495af89b886244d92fadd9502db3,c:\Windows\System32\LocationFrameworkInternalPS.dll
73,LocationFrameworkInternalPS.dll,82432,3,924303574,1999-04-16T22:59:34.000Z,imports,api-ms-win-core-com-midlproxystub-l1-1-0.dll,ObjectStublessClient25,0f41fe6c9ebbd671b26767bf7ce2a63e,70e0b9148d271dc5980f73daa2013b277492495af89b886244d92fadd9502db3,c:\Windows\System32\LocationFrameworkInternalPS.dll
74,LocationFrameworkInternalPS.dll,82432,3,924303574,1999-04-16T22:59:34.000Z,imports,api-ms-win-core-com-midlproxystub-l1-1-0.dll,ObjectStublessClient26,0f41fe6c9ebbd671b26767bf7ce2a63e,70e0b9148d271dc5980f73daa2013b277492495af89b886244d92fadd9502db3,c:\Windows\System32\LocationFrameworkInternalPS.dll
75,LocationFrameworkInternalPS.dll,82432,3,924303574,1999-04-16T22:59:34.000Z,imports,api-ms-win-core-com-midlproxystub-l1-1-0.dll,ObjectStublessClient27,0f41fe6c9ebbd671b26767bf7ce2a63e,70e0b9148d271dc5980f73daa2013b277492495af89b886244d92fadd9502db3,c:\Windows\System32\LocationFrameworkInternalPS.dll
76,LocationFrameworkInternalPS.dll,82432,3,924303574,1999-04-16T22:59:34.000Z,imports,api-ms-win-core-com-midlproxystub-l1-1-0.dll,ObjectStublessClient28,0f41fe6c9ebbd671b26767bf7ce2a63e,70e0b9148d271dc5980f73daa2013b277492495af89b886244d92fadd9502db3,c:\Windows\System32\LocationFrameworkInternalPS.dll
77,LocationFrameworkInternalPS.dll,82432,3,924303574,1999-04-16T22:59:34.000Z,imports,api-ms-win-core-com-midlproxystub-l1-1-0.dll,ObjectStublessClient29,0f41fe6c9ebbd671b26767bf7ce2a63e,70e0b9148d271dc5980f73daa2013b277492495af89b886244d92fadd9502db3,c:\Windows\System32\LocationFrameworkInternalPS.dll
78,LocationFrameworkInternalPS.dll,82432,3,924303574,1999-04-16T22:59:34.000Z,imports,api-ms-win-core-com-midlproxystub-l1-1-0.dll,ObjectStublessClient3,0f41fe6c9ebbd671b26767bf7ce2a63e,70e0b9148d271dc5980f73daa2013b277492495af89b886244d92fadd9502db3,c:\Windows\System32\LocationFrameworkInternalPS.dll
79,LocationFrameworkInternalPS.dll,82432,3,924303574,1999-04-16T22:59:34.000Z,imports,api-ms-win-core-com-midlproxystub-l1-1-0.dll,ObjectStublessClient4,0f41fe6c9ebbd671b26767bf7ce2a63e,70e0b9148d271dc5980f73daa2013b277492495af89b886244d92fadd9502db3,c:\Windows\System32\LocationFrameworkInternalPS.dll
80,LocationFrameworkInternalPS.dll,82432,3,924303574,1999-04-16T22:59:34.000Z,imports,api-ms-win-core-com-midlproxystub-l1-1-0.dll,ObjectStublessClient5,0f41fe6c9ebbd671b26767bf7ce2a63e,70e0b9148d271dc5980f73daa2013b277492495af89b886244d92fadd9502db3,c:\Windows\System32\LocationFrameworkInternalPS.dll
81,LocationFrameworkInternalPS.dll,82432,3,924303574,1999-04-16T22:59:34.000Z,imports,api-ms-win-core-com-midlproxystub-l1-1-0.dll,ObjectStublessClient6,0f41fe6c9ebbd671b26767bf7ce2a63e,70e0b9148d271dc5980f73daa2013b277492495af89b886244d92fadd9502db3,c:\Windows\System32\LocationFrameworkInternalPS.dll
82,LocationFrameworkInternalPS.dll,82432,3,924303574,1999-04-16T22:59:34.000Z,imports,api-ms-win-core-com-midlproxystub-l1-1-0.dll,ObjectStublessClient7,0f41fe6c9ebbd671b26767bf7ce2a63e,70e0b9148d271dc5980f73daa2013b277492495af89b886244d92fadd9502db3,c:\Windows\System32\LocationFrameworkInternalPS.dll
83,LocationFrameworkInternalPS.dll,82432,3,924303574,1999-04-16T22:59:34.000Z,imports,api-ms-win-core-com-midlproxystub-l1-1-0.dll,ObjectStublessClient8,0f41fe6c9ebbd671b26767bf7ce2a63e,70e0b9148d271dc5980f73daa2013b277492495af89b886244d92fadd9502db3,c:\Windows\System32\LocationFrameworkInternalPS.dll
84,LocationFrameworkInternalPS.dll,82432,3,924303574,1999-04-16T22:59:34.000Z,imports,api-ms-win-core-com-midlproxystub-l1-1-0.dll,ObjectStublessClient9,0f41fe6c9ebbd671b26767bf7ce2a63e,70e0b9148d271dc5980f73daa2013b277492495af89b886244d92fadd9502db3,c:\Windows\System32\LocationFrameworkInternalPS.dll
85,LocationFrameworkInternalPS.dll,82432,3,924303574,1999-04-16T22:59:34.000Z,imports,api-ms-win-core-libraryloader-l1-2-0.dll,DisableThreadLibraryCalls,0f41fe6c9ebbd671b26767bf7ce2a63e,70e0b9148d271dc5980f73daa2013b277492495af89b886244d92fadd9502db3,c:\Windows\System32\LocationFrameworkInternalPS.dll
86,LocationFrameworkInternalPS.dll,82432,3,924303574,1999-04-16T22:59:34.000Z,imports,api-ms-win-core-synch-l1-2-0.dll,Sleep,0f41fe6c9ebbd671b26767bf7ce2a63e,70e0b9148d271dc5980f73daa2013b277492495af89b886244d92fadd9502db3,c:\Windows\System32\LocationFrameworkInternalPS.dll
87,LocationFrameworkInternalPS.dll,82432,3,924303574,1999-04-16T22:59:34.000Z,imports,api-ms-win-core-profile-l1-1-0.dll,QueryPerformanceCounter,0f41fe6c9ebbd671b26767bf7ce2a63e,70e0b9148d271dc5980f73daa2013b277492495af89b886244d92fadd9502db3,c:\Windows\System32\LocationFrameworkInternalPS.dll
88,LocationFrameworkInternalPS.dll,82432,3,924303574,1999-04-16T22:59:34.000Z,imports,api-ms-win-core-processthreads-l1-1-0.dll,GetCurrentProcess,0f41fe6c9ebbd671b26767bf7ce2a63e,70e0b9148d271dc5980f73daa2013b277492495af89b886244d92fadd9502db3,c:\Windows\System32\LocationFrameworkInternalPS.dll
89,LocationFrameworkInternalPS.dll,82432,3,924303574,1999-04-16T22:59:34.000Z,imports,api-ms-win-core-processthreads-l1-1-0.dll,GetCurrentProcessId,0f41fe6c9ebbd671b26767bf7ce2a63e,70e0b9148d271dc5980f73daa2013b277492495af89b886244d92fadd9502db3,c:\Windows\System32\LocationFrameworkInternalPS.dll
90,LocationFrameworkInternalPS.dll,82432,3,924303574,1999-04-16T22:59:34.000Z,imports,api-ms-win-core-processthreads-l1-1-0.dll,GetCurrentThreadId,0f41fe6c9ebbd671b26767bf7ce2a63e,70e0b9148d271dc5980f73daa2013b277492495af89b886244d92fadd9502db3,c:\Windows\System32\LocationFrameworkInternalPS.dll
91,LocationFrameworkInternalPS.dll,82432,3,924303574,1999-04-16T22:59:34.000Z,imports,api-ms-win-core-processthreads-l1-1-0.dll,TerminateProcess,0f41fe6c9ebbd671b26767bf7ce2a63e,70e0b9148d271dc5980f73daa2013b277492495af89b886244d92fadd9502db3,c:\Windows\System32\LocationFrameworkInternalPS.dll
92,LocationFrameworkInternalPS.dll,82432,3,924303574,1999-04-16T22:59:34.000Z,imports,api-ms-win-core-sysinfo-l1-1-0.dll,GetSystemTimeAsFileTime,0f41fe6c9ebbd671b26767bf7ce2a63e,70e0b9148d271dc5980f73daa2013b277492495af89b886244d92fadd9502db3,c:\Windows\System32\LocationFrameworkInternalPS.dll
93,LocationFrameworkInternalPS.dll,82432,3,924303574,1999-04-16T22:59:34.000Z,imports,api-ms-win-core-sysinfo-l1-1-0.dll,GetTickCount,0f41fe6c9ebbd671b26767bf7ce2a63e,70e0b9148d271dc5980f73daa2013b277492495af89b886244d92fadd9502db3,c:\Windows\System32\LocationFrameworkInternalPS.dll
94,LocationFrameworkInternalPS.dll,82432,3,924303574,1999-04-16T22:59:34.000Z,imports,api-ms-win-core-rtlsupport-l1-1-0.dll,RtlCaptureContext,0f41fe6c9ebbd671b26767bf7ce2a63e,70e0b9148d271dc5980f73daa2013b277492495af89b886244d92fadd9502db3,c:\Windows\System32\LocationFrameworkInternalPS.dll
95,LocationFrameworkInternalPS.dll,82432,3,924303574,1999-04-16T22:59:34.000Z,imports,api-ms-win-core-rtlsupport-l1-1-0.dll,RtlLookupFunctionEntry,0f41fe6c9ebbd671b26767bf7ce2a63e,70e0b9148d271dc5980f73daa2013b277492495af89b886244d92fadd9502db3,c:\Windows\System32\LocationFrameworkInternalPS.dll
96,LocationFrameworkInternalPS.dll,82432,3,924303574,1999-04-16T22:59:34.000Z,imports,api-ms-win-core-rtlsupport-l1-1-0.dll,RtlVirtualUnwind,0f41fe6c9ebbd671b26767bf7ce2a63e,70e0b9148d271dc5980f73daa2013b277492495af89b886244d92fadd9502db3,c:\Windows\System32\LocationFrameworkInternalPS.dll
97,LocationFrameworkInternalPS.dll,82432,3,924303574,1999-04-16T22:59:34.000Z,imports,api-ms-win-core-errorhandling-l1-1-0.dll,SetUnhandledExceptionFilter,0f41fe6c9ebbd671b26767bf7ce2a63e,70e0b9148d271dc5980f73daa2013b277492495af89b886244d92fadd9502db3,c:\Windows\System32\LocationFrameworkInternalPS.dll
98,LocationFrameworkInternalPS.dll,82432,3,924303574,1999-04-16T22:59:34.000Z,imports,api-ms-win-core-errorhandling-l1-1-0.dll,UnhandledExceptionFilter,0f41fe6c9ebbd671b26767bf7ce2a63e,70e0b9148d271dc5980f73daa2013b277492495af89b886244d92fadd9502db3,c:\Windows\System32\LocationFrameworkInternalPS.dll
99,LocationFrameworkInternalPS.dll,82432,3,924303574,1999-04-16T22:59:34.000Z,exports,LocationFrameworkInternalPS.dll,DllCanUnloadNow,0f41fe6c9ebbd671b26767bf7ce2a63e,70e0b9148d271dc5980f73daa2013b277492495af89b886244d92fadd9502db3,c:\Windows\System32\LocationFrameworkInternalPS.dll
100,LocationFrameworkInternalPS.dll,82432,3,924303574,1999-04-16T22:59:34.000Z,exports,LocationFrameworkInternalPS.dll,DllGetClassObject,0f41fe6c9ebbd671b26767bf7ce2a63e,70e0b9148d271dc5980f73daa2013b277492495af89b886244d92fadd9502db3,c:\Windows\System32\LocationFrameworkInternalPS.dll
101,LocationFrameworkInternalPS.dll,82432,3,924303574,1999-04-16T22:59:34.000Z,exports,LocationFrameworkInternalPS.dll,DllRegisterServer,0f41fe6c9ebbd671b26767bf7ce2a63e,70e0b9148d271dc5980f73daa2013b277492495af89b886244d92fadd9502db3,c:\Windows\System32\LocationFrameworkInternalPS.dll
102,LocationFrameworkInternalPS.dll,82432,3,924303574,1999-04-16T22:59:34.000Z,exports,LocationFrameworkInternalPS.dll,DllUnregisterServer,0f41fe6c9ebbd671b26767bf7ce2a63e,70e0b9148d271dc5980f73daa2013b277492495af89b886244d92fadd9502db3,c:\Windows\System32\LocationFrameworkInternalPS.dll
