,col0,col1,col2,col3,col4,col5,col6,col7,col8,col9,col10
0,4886413,comment,4882291.0,4884348.0,2,0,richardjordan,,,"It won't go away it'll be replaced by other things.  It already is.  People get more news faster from voices on the ground in events like the Arab Spring than they ever did from a newspaper.  So for immediacy other avenues are arising.<p>Newspapers and media companies, have had no problem killing off their news departments in the name of profits - eliminating foreign desks, reducing investigative reporting, focusing on lifestyle reportage and opinion pieces.<p>High quality opinion writers are finding success as bloggers - some are able to make a perfectly good living as such.  They don't need the label of a newspaper to sit beneath any more.<p>There will always be outlets for investigative journalism.  There will always be some form of news show and publication.  Advertisers gain a certain value from placing their ads alongside high quality news content.  Just not enough to support billions of dollars of newspaper revenue.<p>If the commercial radio and TV stations disappeared from the Bay Area we'd still have NPR - a high quality news alternative.  Why?  Because there are a certain number of people always prepared to pay something for high quality content.<p>Long way of saying I think you're right - we'll end up with good journalism and no newspapers.",1354877998
1,4886412,comment,4885305.0,4885305.0,1,0,cormullion,,,"In practice it can be quite useful, proposing simple improvements and adjustments that you can't always be bothered to type out yourself. Occasionally its suggestions are irrelevant. And either way it's less annoying than Clippy.",1354877980
2,4886411,comment,4885111.0,4886253.0,1,0,wajdis,,,"I guess you are trying to do the MD5 yourself, while you should simply just enter the mac address with the : . The script will automatically generate the hash for u.",1354877971
3,4886410,story,,,3,0,blacktulip,RubyJS. The Ruby corelib for JavaScript. Now MIT licensed.,https://github.com/rubyjs/core-lib,,1354877963
4,4886409,comment,4873403.0,4883434.0,2,0,flyinRyan,,,"You were basically saying that holding people accountable is ""fascist"".  We are in a situation where bad people want to do immoral things and pay well for it.  There's no downside.  The government isn't going to make a downside because <i>they are the bad people</i> so it's up to us.  If no one does anything we're going to find our internet locked down and every aspect of our lives being monitored.",1354877918
5,4886408,comment,4885112.0,4885112.0,1,0,codeonfire,,,"MBA programs are sometimes sort of a tool used to justify putting people in places they wee already selected for for reasons other than experience.  Say you are a board member that wants your nephew hired on as a VP despite having never had a real job.  The nephew would go to business school to fend off the obvious protest from the veterans of the org who (foolishly) put in years of work.<p>People that are bought out are sometimes given an executive title, but often are forced out as the whole idea of buying a company is that the new management wants control.<p>Other people hire executive coaches, lie profusely about their experience, suck up, and do whatever it takes to get into one of these jobs.  Lots of execs are like this.  I dare say most.  It makes no difference to them what company they are at or even what the company's business is.  You can be illiterate and follow this path.  lots of people who do this can just barely send an email.",1354877918
6,4886407,comment,4884014.0,4884506.0,6,0,nicholassmith,,,"Feedback is great! Everyone loves feedback, even if it's negative, it lets us improve and move on. How you presented your feedback was completely and utterly terrible, and turned it from constructive criticism to a situation where you looked like a bit of an ass.",1354877900
7,4886406,comment,4885083.0,4885255.0,1,0,martinced,,,"Make that ""comparison graphs"".  Show how many people use FB email, how many people use FB as a Web search engine, how many people use FB to edit office documents, how many people use the browser created by FB ; ) , etc.<p>Google+ seems to be, albeit slowly, achieving escape velocity.  My G+ feed is definitely getting more and more interesting and I begin to see non-techies post there (people who previously only used FB).<p>135 millions active users vs 1 billion is <i>not</i> something to dismiss, especially seen the rest of their entire stack.",1354877878
8,4886405,comment,4885906.0,4885906.0,5,0,DanBlake,,,"My last car was a S - <a href=""http://i.imgur.com/CgUI3.jpg"" rel=""nofollow"">http://i.imgur.com/CgUI3.jpg</a><p>The nightvision was almost useless (visibility better from lights) and distonic was very buggy. I did not use either after a few attempts.<p>At a certain point, adding too much tech can become a distraction. The cockpit of that car is already extremely button laden and there is this entire command system as well. Don't get me wrong, its awesome. Its just a lot of the features are fluff vs useful.",1354877808
9,4886404,comment,4886291.0,4886291.0,19,0,dfc,,,"Am i getting too old? When I see ""for fun and profit"" I don't think I'm going to read about some easter eggs hiding in http headers.",1354877758
10,4886403,comment,4884665.0,4886251.0,1,0,RobAley,,,"For anyone considering it, some MS clients (and a few others) show something like :<p>myemail@gmail.com on behalf of Rob Aley [me@mydomain.co.uk]<p>It maybe looks a little unprofessional, but as long as your gmail account isn't something like offensivewords@gmail.com or cutesexyman32@gmail.com, its not too bad.",1354877745
11,4886402,comment,4886390.0,4886390.0,2,0,brutuscat,,,Ruby<p>- RoR<p>- RSpec and Capybara feature DSL<p>- Sidekiq<p>- Rbenv<p>- Pry<p>JRuby (which implies some java stuff ala ruby)<p>- Apache Camel<p>- Jetty w/websockets<p>Posgresql<p>Mongodb,1354877691
12,4886401,comment,4885906.0,4886315.0,3,0,arethuza,,,"I love the idea of having a car that drives and leaves me to do other stuff - but I can't use a laptop (or even read) in the back of car, I get rather queasy.<p>I also much prefer doing the driving to being a passenger - so I think the reality for me would that a self driving car would be rather less attractive than you might think, at least for longer journeys.",1354877677
13,4886400,comment,4885906.0,4885906.0,2,0,netcan,,,This sounds horrible to me.,1354877657
14,4886399,comment,4881567.0,4883634.0,1,0,flyinRyan,,,That's a horrible example.  Jobs didn't consider the iPad a computer but an an appliance.,1354877631
15,4886398,comment,4884319.0,4884319.0,1,0,alexhawdon,,,"I thought most of the scientific value (at least in near-term) of going to the moon was in the getting there - not what you do when you arrive.<p>And other nations basically booking an off the shelf moon trip from a US company for 'prestige'?  Doesn't make a great deal of sense to me.<p>You might be able to sell this to an extremely wealthy private individual, but I don't see anyone taking that risk until they've proved they can do it safely at least once, which obviously presents a catch-22 situation.<p>I would love to be proved wrong, but I'm afraid I just don't see this happening.",1354877625
16,4886397,comment,4885906.0,4886375.0,8,0,SandB0x,,,"This is terrible advice. If you need to make an emergency stop to avoid hitting an object in front of you, it's madness to try and assess whether you should ""give a little more room"" to a car behind you. If you waste a second on this kind of decision you're much more likely to die from hitting the object in front of you at a much greater speed.<p>The car behind you <i>should</i> be leaving enough distance to account for their reaction time in an emergency, and while you are driving normally you should be assessing the situation behind you and making sure you're not being tail-gated.",1354877625
17,4886396,comment,4885887.0,4885978.0,1,0,berkut,,,Possibly because the human eye is more sensitive to green light.,1354877612
18,4886395,comment,4881934.0,4884815.0,1,0,grobmeier,,,"Ceki is not liking the Apache model. He left because of that. You can read more about his reasons on his blog: \n<a href=""http://ceki.blogspot.de/2010/05/committocracy-as-alternative-for.html"" rel=""nofollow"">http://ceki.blogspot.de/2010/05/committocracy-as-alternative...</a><p>But still he is a community member and PMC of Apache Logging:\n<a href=""http://people.apache.org/committers-by-project.html#logging-pmc"" rel=""nofollow"">http://people.apache.org/committers-by-project.html#logging-...</a><p>On the other hand, we (the Apache guys) are not liking how the logback project is operating. At least it is me who does not like it, but I guess the others think similar. We want a community driven logging project which uses the Apache License. We surely don't want a logging project which is officially run by a company (like QOS runs logback). I have seen many cases where this does lead into problems.<p>That said it will be difficult to motivate Ceki to get back to Apache Logging. But we are open to his contributions and hope that there will be a good, technical exchange between both projects.<p>Another personal note: I am really against person cult. The Apache Logging project has some really great and experienced committers on board. One of them is working on Java logging for around 20 years and he set a very, very high bar for log4j. Having Ceki on-board is definitely of interest, but he is not the only person who knows about logging.<p>Please have also in mind, that a new log4j2 release is just the beginning of our journey (hopefully).",1354877611
19,4886394,comment,4884014.0,4884637.0,1,0,0x0,,,"It's really nice that you put up the code. :)<p>I browsed around quickly and noticed a lot of calls to /bin/bash and curl via a system() equivalent. That looks a bit dangerous, hope the arguments never contain `special shell characters`. :O<p><a href=""https://github.com/saucelabs/sauce-for-mac/blob/master/Source/SaucePreconnect.m#L88"" rel=""nofollow"">https://github.com/saucelabs/sauce-for-mac/blob/master/Sourc...</a>",1354877583
20,4886393,comment,4885887.0,4886101.0,3,0,darklajid,,,"Ahahaha. Hover. On a tablet.<p>(Didn't see any controls whatsoever, but that site happily slowed my FF to a crouch)<p>And that ignores the issue of argueing for more fidelity while making the argument hard to read.",1354877554
21,4886392,story,,,2,1,Libertatea,"Microsoft, it's time to drop the Windows brand",http://www.theverge.com/2012/12/7/3739050/microsoft-its-time-to-drop-the-windows-brand,,1354877477
22,4886391,story,,,1,0,mmariani,Full NBC interview with Tim Cook [Video],http://9to5mac.com/2012/12/06/apple-ceo-tim-cooks-full-nbc-rock-center-interview-video/,,1354877460
23,4886390,story,,,7,25,brutuscat,Ask HN: What languages and technologies/tools are you using right now?,,"Hi guys,<p>I'm writing you because I would really like to know what languages, libraries and technologies/tools are you/we really using.<p>Why you say? Well you see, I'm curious. I dont really like those ""graph"" showing which languages are popular, I want it directly from you!<p>Thanks ;)",1354877447
24,4886389,comment,4886291.0,4886291.0,9,0,afandian,,,What the hell is going on with those expand-on-hover boxes that you need to move your mouse to see? Who thought that was a good idea?,1354877432
25,4886388,story,,,1,0,jofo25,London Blitz interactive map created,http://www.bbc.co.uk/news/uk-england-london-20637222,,1354877391
26,4886387,comment,4885538.0,4885538.0,4,0,martinced,,,"It's too soon IMHO.<p>I've set up Google Apps for Business / Domains for so many SMEs and this thing is definitely cutting the Office grass under a certain competitor's feet.  I'm not saying said competitor is not enjoying amazing revenues: all I'm saying is Google <i>is</i> hurting other office suites sales with Google Apps for Domains.<p>People are delighted with this ""free"" solution.  Now I'm going to have to bill them at least $50 / user per year and they'll start thinking about buying Office from another competitor again.<p>I understand Google needing to make money with this, but IMHO it's way too soon.  They should have waited to ""bait"" way more SMEs into their net before doing such a move.",1354877345
27,4886386,comment,4886291.0,4886291.0,4,0,srijan4,,,curl -I www.pinboard.in<p><pre><code>    HTTP/1.1 200 OK\n    Vary: Accept-Encoding\n    Content-Type: text/html; charset=utf8\n    Connection: keep-alive\n    Server: You got SERVED!\n    X-Cache: MISS</code></pre>,1354877268
28,4886385,comment,4886291.0,4886291.0,7,0,nwh,,,There's also a lot of fun robots.txt. I forget where it was mentioned (I didn't find it myself) but this one always made me laugh:<p><pre><code>    # robots.txt for http://www.palm.com/ modified 7/28/09 \n    User-agent: Vampires\n    Disallow: /neck</code></pre>,1354877262
29,4886384,comment,4881567.0,4886346.0,2,0,flyinRyan,,,"What on earth are you talking about?  China makes more actual things, Germany makes more money making things.  In what way is the US ""top""?",1354877249
30,4886383,comment,4884665.0,4886232.0,1,0,barredo,,,theoldreader.com seems nice,1354877204
31,4886382,comment,4884565.0,4885508.0,1,0,laverick,,,"I get the gist of your statement and don't entirely disagree on how to optimise your own outcome as an individual, but I also think you're ignoring that most seed accelerators are a relatively new, and there's a lot of shareholder value out there that hasn't seen an exit. Case in point - add a Dropbox and AirBnb exit and suddenly the number triples...",1354877164
32,4886381,story,,,1,0,dendory,Uploads only on the new YouTube,http://dendory.net/blog.php?id=50c1c898,,1354877119
33,4886380,comment,4880040.0,4881341.0,1,0,cloudsteam,,,that was beautiful thanks,1354877112
34,4886379,comment,4884665.0,4884665.0,1,0,intlect,,,"A few years ago they were inadvertently dropping the link to the free signup... now they've killed the product.\nNot fun...\n<a href=""http://googleenterprise.blogspot.ro/2009/07/google-apps-standard-edition-still-free.html"" rel=""nofollow"">http://googleenterprise.blogspot.ro/2009/07/google-apps-stan...</a>",1354876985
35,4886378,comment,4880354.0,4882408.0,1,0,belorn,,,"A few Web forums have already started to discuss the updated files, which bear the version number 7.0.6000.381. The only explanation found at Microsofts site comes from a user identified as Dean-Dean on a Microsoft Communities forum. In reply to a question, he states:<p><i>Windows Update Software 7.0.6000.381 is an update to Windows Update itself. It is an update for both Windows XP and Windows Vista. Unless the update is installed, Windows Update wont work, at least in terms of searching for further updates. Normal use of Windows Update, in other words, is blocked until this update is installed.</i><p>Windows Secrets contributing editor Susan Bradley contacted Microsoft Partner Support about the update and received this short reply:<p><i>7.0.6000.381 is a consumer only release that addresses some specific issues found after .374 was released. It will not be available via WSUS [Windows Server Update Services]. A standalone installer and the redist will be available soon, I will keep an eye on it and notify you when it is available.</i><p>In what way is this implied to be a bug?",1354876968
36,4886377,comment,4886097.0,4886097.0,5,0,ojii,,,"The tsunami warning has been lifted again, see <a href=""http://www.jma.go.jp/en/tsunami/"" rel=""nofollow"">http://www.jma.go.jp/en/tsunami/</a>",1354876943
37,4886376,comment,4882291.0,4882291.0,13,0,richardjordan,,,"This ultimately comes down to the fact that newspapers are going out of business because not enough people want to buy them any more, and they're lashing out in desperation.<p>I think there's a simple argument with content and markets that all of these media companies disingenuously ignore.  If no-one is prepared to pay for your content then the market rate for your content is, by definition, zero.  We pay in two ways - direct purchasing, and delivering surplus attention beyond that required to consume the media, which can be redirected towards various forms of advertising.  When you cannot run your business on advertising revenue alone it means that not enough people are giving enough surplus attention of enough value to cover.<p>This argument about the ""inherent value"" of one form of content or another - of the need to pay artists or creators, or in this case journalists - doesn't extend to other realms.  If I decide I want to be a carpenter, I cannot build a table and demand someone buy that table for $1,000.  If the market won't bear that price for the table then the government isn't going to force others to pay me $1,000 because I feel that's what it's ""worth"".<p>The market rates for all forms of media have plummeted due to there being more supply of attention-draining media than there is demand either in terms of hard-dollars in direct payment, or surplus attention to be redirected towards paid advertising (and its ilk).<p>When old media companies had a stranglehold on distribution because paper production and distribution was expensive, or video production costs were prohibitive, only a small elite were able to publish their opinions, and the monopolistic distributors were able to charge a premium for the limited access to information or entertainment they provided.  They weren't paid well because they provided an outstanding product (though it often was), they were paid well because they limited supply.  Those limits are gone.  Many many people produce entertainment and informational content.  Many do it just for fun and are happy not to get paid.  Many more do it with the hope of getting paid anything without the expectation of the lavish salaries and expense accounts of journalists of old.<p>This undercuts their economics and doesn't even touch on the fact that the newer voices often offer media that is more attractive to younger audiences.  Not to mention declining quality of the product in many cases.  Many media companies as they've become bloated monstrosities have undermined their own product quality with short-term-profit-focused decision making which had long term harm.<p>Is it really the case that piracy accounts for all problems in a record industry where the giants spent the pre-Internet-boom '90s crushing independent labels, monopolizing market channels and creating a modern-day payola system on radio where programming was rigidly sliced and diced to the lowest common denominator?  Is none of the loss of popularity of the New York Times down to their abandoning their predominantly liberal subscriber audience during the Bush years and being guilty of mis-leading story after mis-leading story in the build up to the Iraq War, destroying people's confidence in their role as a reliable neutral arbiter?<p>tl;dr The publishers referenced by the OP aren't happy at the market rate for their product and services and want government to rig the market to pay them a cushy wage.  Such subsidies rarely save industries in the long term, and the public should be outraged - because legislation of this sort is a public subsidy on a privileged elite in no uncertain terms.",1354876912
38,4886375,comment,4885906.0,4885906.0,10,0,martinced,,,"It may be just me but I think that people who can't correctly park have nothing to do on the road, no matter how advanced the car... Unless it's a fully automated car, where there's no driver at all.<p>And here that's not the case: a grandpa in a class S killed 5 workers on a french highway some time ago.  Cars full of gadgets assisting people who should never have been driving or who shouldn't be driving anymore are only going to give these a false sense of security.<p>Also : when you brake you always must take into account what's going behind you, not just what's in front.  Sometimes it's better to hit the car in front of you to give a little more room to the semi coming behind that is otherwise going to ruin your Class S and your life.  How does a car applying stronger braking when you didn't brake enough to its taste deals with that?<p>Just as user 'bambax' wrote: a fully automated car with no driver would be great (but we probably won't have it widely deployed before a few decades) but a car trying to 'tell me how to drive' is not that great of an idea.<p>With all these gizmos starting to widely appear in cars I'm pretty sure that soon the Wikipedia list of computer bugs that ruined human lives is going to get way longer...",1354876910
39,4886374,story,,,1,0,durman,Map of US for online editing,http://figurepool.com/figure/view/US_map_template-7774b3b7f5ceba1d47fac95f540a9b85.html,,1354876891
40,4886373,comment,4883875.0,4885310.0,1,0,lmm,,,">What good is it to not let people know how much you make, how much is in your bank account or not wear a rolex in a ghetto?<p>It helps protect the establishment and preserve the status quo. That's about it. It would be in most people's interest for these things to be public.",1354876878
41,4886372,comment,4884565.0,4885508.0,1,0,shin_lao,,,"I assume you divided the exit value by the number of companies to come up with something around $ 2M.<p>First, not all companies exited, therefore ""expected exit value"" is probably much higher (and I would rather look at the median value to have a better ideas of the odds).<p>Additionally, the purpose of building a company isn't to ""make an exit"", it's to build a business. ""A startup"" is, to me, the early phase through which many business go.<p>The journey is more important than the destination. Building a business is a life-changing experience.<p>You <i>will</i> become rich, if you accept that wealth comes in different forms; the irony is that pecuniary wealth will be more likely to happen if not sought after.",1354876823
42,4886371,comment,4882291.0,4882291.0,2,0,hso9791,,,"The proper term for pushing this law is ""rent-seeking"". You must include our content, and you must pay us for it.<p>This is a general problem with people and businesses perceiving themselves as working for society. They cannot see the wrongs they cause - because it's all for an even better cause.<p>German newspapers can use robots.txt and obey the social contract of the web like the rest of us.",1354876797
43,4886370,comment,4885906.0,4886206.0,3,0,arethuza,,,"""automated parallel parking""<p>I've started using the park assist feature on our car just for the fun of it - what amazes me is how accurately it parks. Only annoying thing about it is that it won't park on the ""wrong"" side....",1354876784
44,4886369,story,,,1,0,PeRMarGi,"Brodo di carne, ricetta leggera",http://www.passioniericettedimargi.com/passioniericette/brodo-di-carne-ricetta-leggera/,,1354876609
45,4886368,story,,,1,0,PeterPan12345,Get the free 90-day evaluation of Windows 8 Enterprise,http://www.techrepublic.com/blog/window-on-windows/get-the-free-90-day-evaluation-of-windows-8-enterprise/6649,,1354876574
46,4886367,comment,4884014.0,4884987.0,1,0,andybak,,,Ignore the app and sign-up on the website. I already had an account for the browser-based testing so I didn't experience the sign-up problems other people are describing.,1354876568
47,4886366,comment,4885610.0,4886075.0,1,0,TruthElixirX,,,Why is that excellent? Why can't people just grow and sell like they do any other plant?,1354876535
48,4886365,comment,4882291.0,4886309.0,1,0,conanite,,,"My guess is that if newspaper sites lose a big chunk of their traffic they might reconsider who should be paying whom. I'm also guessing that without support from newspapers, the law is less likely to get through.",1354876404
49,4886364,comment,4885083.0,4886237.0,2,0,lmm,,,"The dream is that it will make search better, and that's the most important thing google does - and the thing that they most need to improve.",1354876350
50,4886363,comment,4885111.0,4885270.0,1,0,0x0,,,"I had the impression that iOS apps that use any API to retrieve the MAC address is banned from the store, similar to the way calls to retrieve the UDID are.<p>Maybe they are grandfathered in? Would they be banned if they pushed an update? Are Apple afraid of kicking out an iMessage competitor?",1354876350
51,4886362,story,,,1,0,iProject,Google Kills Free Google Apps For Business. Only Paid Version To Any Company,http://techcrunch.com/2012/12/07/google-kills-free-google-apps-for-business-now-only-offering-premium-paid-version-to-companies-of-all-sizes/,,1354876345
52,4886361,comment,4885316.0,4885393.0,1,0,mbesto,,,"There's two schools of thought here:<p>1) Push Method - Create your attention. In-bound marketing techniques such as: Blogs, podcasts, video, eBooks, enewsletters, whitepapers, SEO, social media marketing[1]<p>2) Pull Method - Buy your attention. You can do this via traditional marketing activities, such as PR, advertising, and spam.<p>Both have their associative costs and neither can be considered anecdotal to success. Either way - as you rightfully put - you need a plan. The earlier the better.<p>[1]- <a href=""http://en.wikipedia.org/wiki/Inbound_marketing"" rel=""nofollow"">http://en.wikipedia.org/wiki/Inbound_marketing</a>",1354876308
53,4886360,story,,,2,0,ColinWright,Noam Chomsky's Legacy,http://www.newyorker.com/online/blogs/newsdesk/2012/12/the-legacy-of-noam-chomsky.html,,1354876302
54,4886359,comment,4885538.0,4886326.0,1,0,Nursie,,,"Is there a way to tell?<p>I think I signed up for my personal domain when it was 50, and my business domain when it was 10, I'd kinda like to check. Glad I go the business mail up and running in September now!",1354876283
55,4886358,comment,4886097.0,4886265.0,4,0,philip1209,,,"My assumption is that the water level represents the center of an oscillating waveform, so it is ""top to low"" in the sense that it goes from the top of the wave to the ""low"" representing the normal water level, and it is ""middle to top"" in the sense that it goes from the (middle) inflection point to the maxima. For the former, note that oscillations may cause a lower amplitude less than the normal water level, but it may look more shallow due to the different diffusion of water relative to air.",1354876274
56,4886357,comment,4885111.0,4886116.0,1,0,0x0,,,"If it keys off the MAC for a pseudo password, how can this scheme work if you swap to a new phone?",1354876273
57,4886356,comment,4884665.0,4884775.0,1,0,hobbes,,,"From what I have read on the fastmail.fm blog, etc, they tend to do some very good stuff on the back-end, particularly(open source) contributions to the Cyrus IMAP server. These, I understand, have improved the failover and resilience of the IMAP server a lot. These might not be ""innovations"" in a technical sense, but they certainly make Cyrus a much better server for Enterprise users.<p>The less said about fastmail.fm's ""innovations"" on their web interface the better.",1354876268
58,4886355,comment,4886291.0,4886291.0,33,0,citricsquid,,,"curl -I www.reddit.com<p><pre><code>    HTTP/1.1 200 OK\n    Content-Type: text/html; charset=UTF-8\n    Server: '; DROP TABLE servertypes; --\n    Date: Fri, 07 Dec 2012 10:30:26 GMT\n    Connection: keep-alive</code></pre>",1354876244
59,4886354,story,,,2,0,iProject,Voter registration: Cross-checking databases 'as accurate as ID cards',http://www.bbc.co.uk/news/uk-politics-20596797,,1354876201
60,4886353,comment,4885083.0,4885671.0,7,0,anatoly,,,"Not limited to Google, not by a long shot.<p>""Speaking personally, on every day that I'm blocked, I add college traditions that never existed, transpose digits of population figures or world records, and create articles on bullshit ""folklore"" that is often absurd; this is what Wikipedia will have to put up with if I am to be blocked from it. About 1 in 3 of my vandalisms survives for a year, and several have been reproduced on other articles.""<p><a href=""http://en.wikipedia.org/wiki/User_talk:Mike_Church"" rel=""nofollow"">http://en.wikipedia.org/wiki/User_talk:Mike_Church</a>\n<a href=""http://en.wikipedia.org/wiki/Category:Suspected_Wikipedia_sockpuppets_of_Mike_Church"" rel=""nofollow"">http://en.wikipedia.org/wiki/Category:Suspected_Wikipedia_so...</a><p>etc.\nIt's a gift that keeps on giving.",1354876178
61,4886352,comment,4885083.0,4885872.0,2,0,taligent,,,"Firstly, I HATE that UI. It's slow, clunky and cluttered. Secondly, you have deliberately some of the most popular people on Google+. In particular Guy Kawasaki. It's not representative of a typical user.",1354876124
62,4886351,story,,,2,0,ColinWright,Whats the Most Important Theorem?,http://onehappybird.com/2012/12/03/whats-the-most-important-theorem/,,1354876120
63,4886350,comment,4885906.0,4886206.0,3,0,allerratio,,,"The thing is, Googles self-driving cars won't get to you overnight. We may already have the technology, but it's too complex/costly for a normal car yet. (70k$ radar, a rack of servers)<p>But what you will get is more and more autonomous features until there is the first fully autonomous production vehicle. And this Mercedes is one of the first bigger steps in this direction.",1354876115
64,4886349,comment,4881831.0,4882001.0,1,0,mauriziopd,,,"Maybe you shoudn't be looking for the best city to live in, just one better than the default choice... Improving just a bit on most of your defaults would compound to a great improvement in your life!",1354876097
65,4886348,comment,4885887.0,4886112.0,3,0,0x0,,,"24bit is far from enough to prevent banding, and in many cases it's not just ""a tiny amount"" either. For example, a css gradient from #333 to #666:<p><a href=""http://i.imgur.com/9xeDT.png?1"" rel=""nofollow"">http://i.imgur.com/9xeDT.png?1</a><p>It's quite obvious that for a gradient from 0x33 to 0x66 (one component), there are simply not enough distinct values to prevent banding. In this case, the range is 51 different values, for a gradient that's maybe spanning 500-1000 pixels. It really looks quite terrible.",1354876084
66,4886347,comment,4885305.0,4885305.0,11,0,TeMPOraL,,,"I'd say it would be even better if instead of promoting primality test (""prime?"") to the first place in case of a prime result, it would display ""[it is] prime!"", since the program already did the check. Why hide information from user?<p>BTW, Bret Victor wrote a lot about this kind of interfaces in his essay ""Magic Ink"". It's long as hell, but well worth the time it takes to read.<p><a href=""http://worrydream.com/MagicInk/"" rel=""nofollow"">http://worrydream.com/MagicInk/</a><p>EDIT:<p>Key point from the end of this essay, regarding use of machine learning to create smart / learning interfaces, which really got me thinking:<p>""Unfortunately, an algorithm that can only be wielded by a master is almost worthless. There are far more applications than experts; if application programmers cannot make use of learning, learning applications will remain rare and exotic.<p>(...)<p>As I see it, the primary challenge for the machine learning community is not the generation and tuning of yet more algorithms, but the design of simple abstractions. Learning magic must be packaged. Like a file, the abstraction must be usable by any engineer working in any domain. It must be so simple that it can be taken for granted.<p>Today, a Perl programmer needs just four letters to invoke decades of research into filesystems and physical media: open. A finely-tuned mergesort is available with the word sort, and even more finely-tuned hashing algorithms require just a pair of brackets. <i>Until machine learning is as accessible and effortless as typing the word learn, it will never become widespread.</i>""",1354876062
67,4886346,comment,4881567.0,4884438.0,1,0,ars,,,"It is a myth. America is still the top manufacturer in the world.<p>The difference is that China makes tons of duplicate copies of cheap goods, while America makes high value, lower run, complicated goods.<p>Which is why if you look only at consumer good you get the mistaken assumption that manufacturing is leaving the US. Try sourcing $100,000 machines and all of them are made in the US.",1354876054
68,4886345,comment,4885610.0,4886279.0,1,0,nickik,,,How are the forced. There have allways been bars that allowed smoking and bars that didnt. Everybody gets what they want. I see no reason why owner should do what he thinks is best.,1354876006
69,4886344,comment,4882291.0,4885485.0,2,0,fforw,,,In addition: Google has no ads on the google news pages.,1354875976
70,4886343,comment,4885083.0,4886256.0,3,0,taligent,,,Add me to the list of people who have indadvertedly engaged with Google+.<p>Would be interesting to know how much people have accidentally done the same.,1354875974
71,4886342,comment,4885887.0,4885887.0,2,0,Superpig,,,"I don't see the gradient switch either.<p>And having 2GB of VRAM does not imply that you'll need a 268-million pixel display to use it all. In modern games, the vast majority of that VRAM is used by textures (and we need as much of it as we can get!)",1354875974
72,4886341,comment,4885906.0,4886206.0,8,0,masklinn,,,"> Night vision [...] will hardly save anyone any time<p>Unless, of course, you go through areas where boars and deers regularly cross the road. Then it saves time <i>and</i> money.",1354875958
73,4886340,story,,,1,0,mildtaste,Gazettr beta testing started,http://www.gazettr.com,,1354875955
74,4886339,comment,4885906.0,4885906.0,2,0,mmariani,,,Considering the close relationship between Mercedes and Tesla these features could be in the next Model S. Awesome!,1354875901
75,4886338,comment,4885610.0,4886287.0,2,0,nickik,,,"So in your opinion everybody who drinks in public always makes a mess? I go to the lake with friends and drink often, but we clean up and put it in one of the public bins.<p>Also one could argue that if the park is publicly owned it should be publicly cleaned. If you dont want the park getting dirty you should let people in there.<p>> Frankly, I think that those who drink or smoke in public are being totally inconsiderate of others.<p>I think you can make a argument for smoking inside (or bars for example) but in a public park.<p>Also you have to understand berlin, even if smoking is not allowed in bars it is done in almost every bar, people seem to just have rejected the legislation.",1354875867
76,4886337,comment,4885083.0,4885429.0,1,0,LaGrange,,,"Too bad they feel like the main reason for keeping them in G+ is to make me join G+, which is why I still keep away from them.",1354875832
77,4886336,story,,,1,0,dsr12,Microsoft Opens the Beta Version of Socl to Everyone,http://mashable.com/2012/12/05/microsoft-socl-beta/,,1354875783
78,4886335,comment,4886291.0,4886291.0,6,0,jorde,,,"Interestingly IETF discourages the use of X prefixed headers but they might still suite this kind of behavior <a href=""http://tools.ietf.org/html/rfc6648"" rel=""nofollow"">http://tools.ietf.org/html/rfc6648</a>",1354875738
79,4886334,story,,,1,0,capex,Pride,http://adnkhn.com/post/pride,,1354875733
80,4886333,comment,4882291.0,4886261.0,3,0,eik3_de,,,How are profits generated on news.google.com?,1354875722
81,4886332,comment,4885466.0,4885614.0,2,0,georgeorwell,,,"Alright, I'll write a rebuttal on behalf of the authors.<p>First, they tested their update methodology by applying it to a long history of released versions for each piece of software.<p>Second, although any code involving concurrency is tricky, I thought the line counts were actually quite low:<p><pre><code>               C LoC     C delta   xfgen LoC\n  vsftpd       12,202      113        101\n  redis        13,387       57         37\n  Tor          76,090      159        189\n  memcached     4,181      112         27\n  icecast      15,759      134        200\n</code></pre>\nwhere C LoC is the original program length, C delta is the changes to the program, and xfgen LoC is extra specification stuff they had to write.<p>Third, how is a broken online update any worse than a broken offline update?  Is there a greater argument for data loss?",1354875720
82,4886331,comment,4885083.0,4885210.0,2,0,LaGrange,,,"I actually suspect I'll eventually end up being counted in those statistics, because I'll break and ""upgrade"" to join some Coursera/Udacity hangout. It will still be the only way I'll use it, but the stats will look great, I'm sure.",1354875703
83,4886330,comment,4884665.0,4885198.0,1,0,egeozcan,,,"I'm a very happy customer since years. Probably they have a good support too, but I haven't had any problems so I don't know =)",1354875697
84,4886329,comment,4885104.0,4885519.0,1,0,anonymous,,,"Personally, I quite like nintendo's hardware and own both a Wii and a DS. But I bought them only after they became fully freedom-compliant and I plan to do the same with the current generation - the WiiU and 3DS. They're just games. No sense giving up my liberties for a console.",1354875688
85,4886328,story,,,1,0,willfarrell,How to Increase the Performance of Your Wireless Network,http://mac.tutsplus.com/tutorials/hardware/how-to-increase-the-performance-of-your-wireless-network/,,1354875677
86,4886327,comment,4882291.0,4882291.0,1,0,travisjtodd,,,This is rather interesting that it would be coming from Axel Springer. As someone involved in the Berlin tech scene I've seen them really investing a lot of money in innovative events and companies. My guess is there is some typical corporate disconnect there. I doubt this makes it through the legislation.,1354875652
87,4886326,comment,4885538.0,4886085.0,4,0,cynix,,,"I signed up when it first became available, and my limit is 500. The good old days",1354875596
88,4886325,comment,4882291.0,4886056.0,1,0,belorn,,,"1) Normal search at google takes one sentence, title of the webpage and links them together. To support that service, they have ads. If news take two sentences, how is that totally absurd compared to one, and why is search totally acceptable but news search not?<p>2) as other has said, public sites are indexed in an opt-out system. Opt-in would not work, and would destroy any form of search system, indexing, yellow pages, and so on.<p>3) This is not an intellectual property issue. Its a term of use issue if one want to be included in google search. One can not say yes to be included in search, but not if there are ads around. Either you want google to give you service, or you don't. I wish I could get a gemail free from spying, a google search thats anonymous, and free telephone calls without any recording/advertizements, but no. I can't get that from google, because their services to have a price tag.",1354875570
89,4886324,comment,4885887.0,4886035.0,1,0,iMark,,,The cpu utilisation of that page is quite impressive.,1354875541
90,4886323,comment,4885083.0,4885657.0,6,0,wilfra,,,"If you +1 things and use hangouts, 'using Google+' is exactly what you are doing...<p>You might only be at the bottom rung of MAU's with a tiny level of engagement, which if common would be easily identifiable by looking at other metrics. So it's possible they are purposely deceiving us with misleading metrics - but you are indeed a G+ user. Albeit, not a very valuable one.",1354875451
91,4886322,comment,4880466.0,4886046.0,2,0,danieldk,,,"<i>- Lion is very fast with a SSD, but definitely slower than 10.6 with a regular hard disk. Hence the difference in perception between various people.</i><p>I'd like to see this backed up by numbers. Sure, Lion and Mountain Lion are quite slow on spinning platters, but OS X feels almost an order of magnitude faster since I had an SSD. Much faster than Snow Leopard with a hard disk. The numbers are also on my side, an SSD completely blows away hard disks both in access times and read/write speed.<p><i>but the implementation sucks on multiple monitors</i><p>Indeed. Big time. It works ok on the road, but when I have an external screen connected I never use full screen support. It would be easy to make things better: allow users to put another full-screen application (or desktop) on the secondary screen.<p><i>Tons of annoying little bugs at the lowest levels, and you really wonder what was broken there that they needed to fix. Like the mouse cursor that sometimes disappears.</i><p>I really disliked Lion for all its bugs. But things have been steadily improving since Mountain Lion, to the point where even iMessage works most of the time in 10.8.2 ;).",1354875450
92,4886321,comment,4884665.0,4884665.0,1,0,Nux,,,"Well, they probably filled their belly with enough user-base, now they can ignore the rest and focus on cashing in.",1354875383
93,4886320,comment,4885942.0,4885942.0,3,0,hpaavola,,,"Looks really nice. Especially I like how it handles situations were handles collide or go over each other. For example <a href=""http://jqueryui.com/slider/#range"" rel=""nofollow"">http://jqueryui.com/slider/#range</a> just places both handles on top of each other and refuses to move the other, which can be really confusing. Awesome.",1354875382
94,4886319,story,,,48,42,equilibrium,Governments 'too inefficient' for future Moon landings,http://www.bbc.co.uk/news/science-environment-20540172,,1354875368
95,4886318,story,,,1,0,bluelandline,"Tim Cook TV Interview about Maps, Samsung and Apple TV with Brian Williams",http://www.macrumors.com/2012/12/07/tim-cook-speaks-about-apple-maps-samsung-and-apples-future-in-tv-interview-with-brian-williams/,,1354875343
96,4886317,comment,4885887.0,4886180.0,2,0,w0utert,,,"I don't see it either :-/<p>I've zoomed it in until the bars almost filled the screen and I still didn't see any gradient, despite reading in the text it should have been so obvious. Kind of defeats the point about 24 bit sucking...",1354875317
97,4886316,comment,4885906.0,4886221.0,3,0,derwildemomo,,,"if i may be of assistance here.. when they first demoed their emergency brake assistance ( think of a fancy three-letter acronym i'm totally unaware of here ) system, it.. failed: <a href=""https://www.youtube.com/watch?v=BYY7OfQ4-5A"" rel=""nofollow"">https://www.youtube.com/watch?v=BYY7OfQ4-5A</a> .<p>But considering how many mercedes test cars I see ( living in Stuttgart ) every day, it seems they are taking QA really, really serious.",1354875288
98,4886315,comment,4885906.0,4885906.0,11,0,bambax,,,"I would love to have a car that drives itself while I do other things in the back.<p>I would hate to have a car that tries to tell me how I should drive. This thing started with the bells that ring when your seat belt is not fastened, and it's only getting worse and worse.",1354875265
99,4886314,comment,4883413.0,4885904.0,1,0,Aissen,,,"The drones are identical for this competition; and are running an unprotected telnet server on the same wireless network. Just look at the code:\n<a href=""https://github.com/substack/virus-copter"" rel=""nofollow"">https://github.com/substack/virus-copter</a><p>This only proves that the organizers had no technical background whatsoever.",1354875261
100,4886313,comment,4885610.0,4886219.0,1,0,nickik,,,Thats why economists nowdays come more and more to the conclusion that looking at the institutions rules is usless. You have to look at the defactor rules not at the ones writen down.,1354875242
101,4886312,comment,4883334.0,4883881.0,1,0,halviti,,,"I've never seen a full laptop that didn't have a PgUp/PgDn that wasn't a Mac.<p>Some netbooks do have these keys removed, but certainly not ""most"" laptops.",1354875241
102,4886311,story,,,1,0,slackito,Software transactional memory in gcc 4.7,http://natsys-lab.blogspot.ru/2012/05/software-transactional-memory-stm-in.html,,1354875237
103,4886310,comment,4882291.0,4886261.0,4,0,dexen,,,"That's a strawman; the bots never indicated intention to read. They indicated (via `User-Agent' header) intention to index content and got HTTP 200 OK response to <i>that</i>.<p>Nothing in the HTTP protocol specs (RFC 2616) even suggests it is only meant for direct human consumption. To the contrary, it states,<p><pre><code>  user agent\n      The client which initiates a request. These are often browsers,\n      editors, spiders (web-traversing robots), or other end user tools.\n</code></pre>\n...and the Google bots clearly identify themselves as indexing bots.<p>Please don't be obtuse. The whole matter is not about Google doing something strange or different than any other search engine. It's just about collective bargaining of one business group against another business. Some german press companies stood up as a (self-appointed and thus somewhat suspect) representation of whole german press industry and are trying to get a bigger slice of the cake.",1354875208
104,4886309,comment,4882291.0,4886269.0,2,0,netcan,,,Why would that kill the law?<p>All it would do is make Google news useless for German news.,1354875202
105,4886308,story,,,1,0,yskchu,"7.3 earthquake in Japan, forecasting tsunami of 1-2 meters",http://www.jma.go.jp/en/tsunami/,,1354875175
106,4886307,comment,4885887.0,4886270.0,3,0,ars,,,"If it's an LCD and you didn't pay a lot for it, then it's doing that.<p>Graphic designers usually pay for good quality monitors, but they would be well served by also having a bad monitor to check what their work looks like for most people.",1354875156
107,4886306,comment,4885083.0,4885083.0,6,0,kryptiskt,,,"Nothing quite underscores Google's desperation like the ""you can't view Google+ content if you're a logged-out Google user""-trick they pull. What the hell is the deal with that? Are the little check marks they can put in the Active Users column really worth the bad experience they are giving those same users who just wanted to read the post?<p>Sure, it's a little niggle, nothing worth complaining about. The grating thing is that they went out of their way to create a roadblock, even casting aside the pretension that logged-out means something.",1354875102
108,4886305,story,,,2,0,Tsiolkovsky,Qt 5.0 Release Candidate,http://blog.qt.digia.com/blog/2012/12/06/qt-5-0-release-candidate/,,1354875072
109,4886304,story,,,1,0,mottled,Zepo: Get your online store today,http://startcup.in/zepo-get-your-online-store-today/,,1354874902
110,4886303,comment,4885111.0,4885111.0,1,0,hrrsn,,,WhatsApp was never designed with security as a priority. I remember a couple of years ago after it took off investigating it with a packetsniffer when I noticed the phone number verification text let you in the second you finished typing the PIN. I recall either the server was sending the PIN to the device or the device was telling the server what PIN to send in the text. Ridiculously easy to impersonate anyone at that point. Last I checked they had fixed that hole but I'm not surprised others have popped up.,1354874893
111,4886302,comment,4885610.0,4886211.0,3,0,nickik,,,"> First, it's you who puts yourself in that position.<p>The people in the saw movies all kill themself, right?",1354874891
112,4886301,story,,,0,0,yaben,My Road to (Web) Design,http://www.yassinebentaieb.com/articles/my-road-to-web-design/,,1354874856
113,4886300,story,,,1,0,pcd,Show HN: New Australian Deal Site Launching,http://rogerthat.com.au/,,1354874810
114,4886299,comment,4885123.0,4885123.0,1,0,teeja,,,This would actually be funny IF I thought there were still serious grown-ups in Washington who were actually trying to find a real solution. I don't.,1354874768
115,4886298,comment,4884665.0,4885382.0,5,0,raverbashing,,,""" and a 99.9% uptime guarantee with no scheduled downtime""<p>That is BS and Google knows it<p>Why? Because Google can suspend your account at a whim and not even tell you why.<p>Google did that to a friend of mine, yes, paid account, yes called support line, they basically said ""tough, it <i>may</i> return in 48h""",1354874760
116,4886297,comment,4886131.0,4886262.0,1,0,timerickson,,,"Haha, it seems to have decided the content of ""Example tabs"" is the main article/content of the page.<p>ps. That text was generated with <a href=""http://hipsteripsum.me"" rel=""nofollow"">http://hipsteripsum.me</a>",1354874749
117,4886296,comment,4882291.0,4886269.0,1,0,belorn,,,"No one likes to burn bridges, even if they get sued. They could do a ""this is how google would look if you go through with this"" day, but for now they look to be taking the more safe route with lawyers.",1354874714
118,4886295,comment,4881628.0,4882374.0,1,0,GotAnyMegadeth,,,"You need to click on a link in Hojoki on the right once you've logged in, not on the link you see when you click to activate Box... I nearly fell for that.",1354874670
119,4886294,comment,4885906.0,4886206.0,3,0,ygra,,,"Nota bene: Laws regarding driving are fairly strict in Germany, so those measures make sense in a way.",1354874668
120,4886293,story,,,2,2,npguy,Why Did Steve Jobs Decide To Make The iPhone Before The iPad?,http://statspotting.com/2012/12/why-did-steve-jobs-decide-to-make-the-iphone-before-the-ipad/,,1354874642
121,4886292,comment,4882291.0,4886141.0,2,0,patrickg,,,"2) There is no such thing as ""fair use"" in Germany's copyright law.",1354874584
122,4886291,story,,,47,51,foobar2k,HTTP Headers For Fun & Profit,http://loopj.com/2012/12/07/http-headers-for-fun-and-profit/,,1354874583
123,4886290,comment,4884665.0,4886220.0,1,0,jeltz,,,"Virtually all SSH attacks are of the nature mysql:mysql or mysql:password, so you should be safe as long as you can trust your users not to be stupid. The attackers prefer quantity over quality when looking for targets.<p>And if you use SSH keys you should be totally safe.<p>Remember to apply security fixes though since the automatic attacks also probe for ancient versions of SSH servers.",1354874573
124,4886289,comment,4884665.0,4886161.0,1,0,bad_user,,,"Thanks, that could be an alternative and I'll play around with it to see how it works out.",1354874542
125,4886288,comment,4884665.0,4885838.0,1,0,paganel,,,">  Food, drugs, and sex are basic human drives.<p>And then there's coffee, which exceeds them all :)",1354874485
126,4886287,comment,4885610.0,4886070.0,1,0,qxcv,,,"> And I wouldn't care less. It's not harming me in any way, like it's not also harmful if they drink a bottle of beer on their way home in the subway, which is totally accepted also.<p>To claim that second-hand smoke is not harmful is utterly absurd. The same goes for alcohol consumption in public places. It's fine to have a drink on the subway, but who takes care of the shattered glass the following day[0]? If you're lucky, the local government will use ratepayer money to clean it up. If you're not lucky, it stays there indefinitely.<p>Frankly, I think that those who drink or smoke in public are being totally inconsiderate of others.<p>[0]: This wouldn't be such a big deal if glass bottles weren't so popular. Unfortunately, they are.",1354874467
127,4886286,comment,4884877.0,4885577.0,2,0,arethuza,,,"Possible cultural differences there - to me that clip sounds like an ""American V8"". Performance car manufacturers put a lot of effort into making their cars <i>sound</i> right - to my ears the more exotic Lambo/Ferrari/Aston engines sound much nicer - but that will just be my own cultural biases regarding what a performance car is supposed to sound like.",1354874436
