,col0,col1,col2,col3,col4,col5,col6,col7,col8
0,ACCOUNT_ID,アカウントID,Account ID,accountID,STRING,True,,Attribute,
1,ACCOUNT_NAME,アカウント名,Account Name,accountName,STRING,True,,Attribute,
2,CAMPAIGN_ID,キャンペーンID,CampaignID,campaignID,LONG,True,,Attribute,
3,CAMPAIGN_NAME,キャンペーン名,Campaign Name,campaignName,STRING,True,,Attribute,
4,CAMPAIGN_DISTRIBUTION_SETTINGS,キャンペーン配信設定,Distribution Settings,campaignDistributionSettings,ENUM,True,,Attribute,
5,CAMPAIGN_DISTRIBUTION_STATUS,配信状況,Distribution Status,campaignDistributionStatus,ENUM,True,,Attribute,
6,DAILY_SPENDING_LIMIT,1日の予算,Daily Spending Limit,dailySpendingLimit,LONG,True,,Attribute,
7,CAMPAIGN_START_DATE,開始日,Start Date,campaignStartDate,STRING,True,,Attribute,
8,CAMPAIGN_END_DATE,終了日,End Date,campaignEndDate,STRING,True,,Attribute,
9,COST,コスト,Cost,cost,LONG,True,"[CONVERSION_NAME, OBJECT_OF_CONVERSION_TRACKING]",Metric,
10,IMPS,インプレッション数,Impressions,impressions,LONG,True,"[CONVERSION_NAME, OBJECT_OF_CONVERSION_TRACKING]",Metric,
11,CLICKS,クリック数,Clicks,clicks,LONG,True,"[CONVERSION_NAME, OBJECT_OF_CONVERSION_TRACKING]",Metric,
12,CLICK_RATE,クリック率,CTR,ctr,DOUBLE,True,"[CONVERSION_NAME, OBJECT_OF_CONVERSION_TRACKING]",Metric,
13,AVG_CPC,平均CPC,Avg. CPC,averageCpc,DOUBLE,True,"[CONVERSION_NAME, OBJECT_OF_CONVERSION_TRACKING]",Metric,
14,INVALID_CLICKS,無効なクリック,Invalid Clicks,invalidClicks,LONG,True,"[CONVERSION_NAME, HOUR_OF_DAY, OBJECT_OF_CONVERSION_TRACKING]",Metric,
15,INVALID_CLICK_RATE,無効なクリック率,Invalid Click Rate,invalidClickRate,DOUBLE,True,"[CONVERSION_NAME, HOUR_OF_DAY, OBJECT_OF_CONVERSION_TRACKING]",Metric,
16,IMPRESSION_SHARE,インプレッションシェア,Impression Share,impressionShare,DOUBLE,True,"[CLICK_TYPE, CONVERSION_NAME, OBJECT_OF_CONVERSION_TRACKING]",Metric,
17,EXACT_MATCH_IMPRESSION_SHARE,完全一致のインプレッションシェア,Exact Match Impression Share,exactMatchImpressionShare,DOUBLE,True,"[CLICK_TYPE, CONVERSION_NAME, OBJECT_OF_CONVERSION_TRACKING]",Metric,データ取得出来ない場合、値に[--]が設定されます
18,BUDGET_LOST_IMPRESSION_SHARE,インプレッション損失率（予算）,Budget Lost Impression Share,budgetLostImpressionShare,DOUBLE,True,"[CLICK_TYPE, CONVERSION_NAME, OBJECT_OF_CONVERSION_TRACKING]",Metric,
19,QUALITY_LOST_IMPRESSION_SHARE,インプレッション損失率（掲載順位）,Quality Lost Impression Share,qualityLostImpressionShare,DOUBLE,True,"[CLICK_TYPE, CONVERSION_NAME, OBJECT_OF_CONVERSION_TRACKING]",Metric,
20,TRACKING_URL,トラッキングURL,Tracking URL,trackingURL,STRING,True,,Attribute,
21,CUSTOM_PARAMETERS,カスタムパラメータ,Custom Parameters,customParameters,STRING,True,,Attribute,
22,CAMPAIGN_TRACKING_ID,キャンペーントラッキングID,Campaign Tracking ID,campaignTrackingID,LONG,True,,Attribute,
23,CONVERSIONS,コンバージョン数,Conversions,conversions,DOUBLE,True,,Metric,
24,CONV_RATE,コンバージョン率,Conv. Rate,convRate,DOUBLE,True,"[CONVERSION_NAME, OBJECT_OF_CONVERSION_TRACKING]",Metric,
25,CONV_VALUE,コンバージョンの価値,Conv. Value,convValue,DOUBLE,True,,Metric,
26,COST_PER_CONV,コスト/コンバージョン数,Cost Per Conv.,costPerConv,DOUBLE,True,"[CONVERSION_NAME, OBJECT_OF_CONVERSION_TRACKING]",Metric,
27,VALUE_PER_CONV,価値/コンバージョン数,Value Per Conv.,valuePerConv,DOUBLE,True,,Metric,
28,ALL_CONV,すべてのコンバージョン数,All Conv.,allConv,DOUBLE,True,[HOUR_OF_DAY],Metric,
29,ALL_CONV_RATE,すべてのコンバージョン率,All Conv. Rate,allConvRate,DOUBLE,True,"[CONVERSION_NAME, HOUR_OF_DAY, OBJECT_OF_CONVERSION_TRACKING]",Metric,
30,ALL_CONV_VALUE,すべてのコンバージョンの価値,All Conv. Value,allConvValue,DOUBLE,True,[HOUR_OF_DAY],Metric,
31,COST_PER_ALL_CONV,コスト/すべてのコンバージョン数,Cost Per All Conv.,costPerAllConv,DOUBLE,True,"[CONVERSION_NAME, HOUR_OF_DAY, OBJECT_OF_CONVERSION_TRACKING]",Metric,
32,VALUE_PER_ALL_CONV,価値/すべてのコンバージョン数,Value Per All Conv.,valuePerAllConv,DOUBLE,True,[HOUR_OF_DAY],Metric,
33,CROSS_DEVICE_CONVERSIONS,デバイスをまたいだコンバージョン数,Conversions across devices,crossDeviceConversions,DOUBLE,True,[HOUR_OF_DAY],Metric,データ取得出来ない場合、値に[--]が設定されます
34,CAMPAIGN_MOBILE_BID_MODIFIER,スマートフォン入札価格調整率（％）,Smartphone Bid Adjustment (%),mobileBidAdj,DOUBLE,True,,Attribute,データ取得出来ない場合、値に[--]が設定されます
35,CAMPAIGN_DESKTOP_BID_MODIFIER,PC入札価格調整率（％）,PC Bid Adjustment (%),desktopBidAdj,DOUBLE,True,,Attribute,データ取得出来ない場合、値に[--]が設定されます
36,CAMPAIGN_TABLET_BID_MODIFIER,タブレット入札価格調整率（％）,Tablet Bid Adjustment (%),tabletBidAdj,DOUBLE,True,,Attribute,データ取得出来ない場合、値に[--]が設定されます
37,NETWORK,広告掲載方式の指定,Network,network,ENUM,False,,Segment,
38,CLICK_TYPE,クリック種別,ClickType,clickType,ENUM,False,"[ABSOLUTE_TOP_IMPRESSION_PERCENTAGE, BUDGET_LOST_IMPRESSION_SHARE, EXACT_MATCH_IMPRESSION_SHARE, IMPRESSION_SHARE, QUALITY_LOST_IMPRESSION_SHARE, SEARCH_ABSOLUTE_TOP_IMPRESSION_SHARE, SEARCH_BUDGET_LOST_ABSOLUTE_TOP_IMPRESSION_SHARE, SEARCH_BUDGET_LOST_TOP_IMPRESSION_SHARE, SEARCH_RANK_LOST_ABSOLUTE_TOP_IMPRESSION_SHARE, SEARCH_RANK_LOST_TOP_IMPRESSION_SHARE, SEARCH_TOP_IMPRESSION_SHARE, TOP_IMPRESSION_PERCENTAGE]",Segment,
39,DEVICE,デバイス,Device,device,ENUM,False,,Segment,
40,DAY,日,Day,day,STRING,False,,Segment,
41,DAY_OF_WEEK,曜日,Day of week,dayOfWeek,ENUM,False,,Segment,
42,QUARTER,四半期,Quarter,quarter,STRING,False,,Segment,
43,YEAR,年間,Year,year,STRING,False,,Segment,
44,MONTH,毎月,Month,month,STRING,False,,Segment,
45,MONTH_OF_YEAR,月,Month of Year,monthofYear,ENUM,False,,Segment,
46,WEEK,毎週,Week,week,STRING,False,,Segment,
47,HOUR_OF_DAY,時間,Hour of day,hourofday,LONG,False,"[ALL_CONV, ALL_CONV_RATE, ALL_CONV_VALUE, ALL_CONV_VALUE_PER_COST, COST_PER_ALL_CONV, CROSS_DEVICE_CONVERSIONS, INVALID_CLICKS, INVALID_CLICK_RATE, VALUE_PER_ALL_CONV]",Segment,
48,OBJECT_OF_CONVERSION_TRACKING,コンバージョン測定の目的,Objective of Conversion Tracking,objectiveOfConversionTracking,ENUM,False,"[ABSOLUTE_TOP_IMPRESSION_PERCENTAGE, ALL_CONV_RATE, ALL_CONV_VALUE_PER_COST, AVG_CPC, BUDGET_LOST_IMPRESSION_SHARE, CLICKS, CLICK_RATE, CONV_RATE, CONV_VALUE_PER_COST, COST, COST_PER_ALL_CONV, COST_PER_CONV, EXACT_MATCH_IMPRESSION_SHARE, IMPRESSION_SHARE, IMPS, INVALID_CLICKS, INVALID_CLICK_RATE, QUALITY_LOST_IMPRESSION_SHARE, SEARCH_ABSOLUTE_TOP_IMPRESSION_SHARE, SEARCH_BUDGET_LOST_ABSOLUTE_TOP_IMPRESSION_SHARE, SEARCH_BUDGET_LOST_TOP_IMPRESSION_SHARE, SEARCH_RANK_LOST_ABSOLUTE_TOP_IMPRESSION_SHARE, SEARCH_RANK_LOST_TOP_IMPRESSION_SHARE, SEARCH_TOP_IMPRESSION_SHARE, TOP_IMPRESSION_PERCENTAGE]",Segment,
49,CONVERSION_NAME,コンバージョン名,Conversion Name,conversionName,STRING,False,"[ABSOLUTE_TOP_IMPRESSION_PERCENTAGE, ALL_CONV_RATE, ALL_CONV_VALUE_PER_COST, AVG_CPC, BUDGET_LOST_IMPRESSION_SHARE, CLICKS, CLICK_RATE, CONV_RATE, CONV_VALUE_PER_COST, COST, COST_PER_ALL_CONV, COST_PER_CONV, EXACT_MATCH_IMPRESSION_SHARE, IMPRESSION_SHARE, IMPS, INVALID_CLICKS, INVALID_CLICK_RATE, QUALITY_LOST_IMPRESSION_SHARE, SEARCH_ABSOLUTE_TOP_IMPRESSION_SHARE, SEARCH_BUDGET_LOST_ABSOLUTE_TOP_IMPRESSION_SHARE, SEARCH_BUDGET_LOST_TOP_IMPRESSION_SHARE, SEARCH_RANK_LOST_ABSOLUTE_TOP_IMPRESSION_SHARE, SEARCH_RANK_LOST_TOP_IMPRESSION_SHARE, SEARCH_TOP_IMPRESSION_SHARE, TOP_IMPRESSION_PERCENTAGE]",Segment,
50,CAMPAIGN_TYPE,キャンペーンタイプ,Campaign type,campaignType,ENUM,True,,Attribute,
51,LABELS,ラベル,Labels,Labels,STRING,True,,Attribute,
52,LABELS_JSON,ラベル(JSON),Labels(JSON),LabelsJson,STRING,True,,Attribute,
53,BID_STRATEGY_ID,自動入札ID,Auto Bidding ID,autoBiddingID,LONG,True,,Attribute,データ取得出来ない場合、値に[--]が設定されます
54,BID_STRATEGY_NAME,自動入札名,Auto Bidding Name,autoBiddingName,STRING,True,,Attribute,
55,BID_STRATEGY_TYPE,入札方法,Bidding,bidding,ENUM,True,,Attribute,
56,ENHANCED_CPC_ENABLED,拡張クリック単価設定,Enhanced CPC,enhancedCpcEnabled,ENUM,True,,Attribute,
57,ABSOLUTE_TOP_IMPRESSION_PERCENTAGE,インプレッションにおけるページ最上部の割合,Search absolute top impression rate,absoluteTopImpressionPercentage,DOUBLE,True,"[CLICK_TYPE, CONVERSION_NAME, OBJECT_OF_CONVERSION_TRACKING]",Metric,
58,TOP_IMPRESSION_PERCENTAGE,インプレッションにおけるページ上部の割合,Search top impression rate,topImpressionPercentage,DOUBLE,True,"[CLICK_TYPE, CONVERSION_NAME, OBJECT_OF_CONVERSION_TRACKING]",Metric,
59,SEARCH_ABSOLUTE_TOP_IMPRESSION_SHARE,ページ最上部のインプレッションシェア,Search absolute top impression share,searchAbsoluteTopImpressionShare,DOUBLE,True,"[CLICK_TYPE, CONVERSION_NAME, OBJECT_OF_CONVERSION_TRACKING]",Metric,データ取得出来ない場合、値に[--]が設定されます
60,SEARCH_TOP_IMPRESSION_SHARE,ページ上部のインプレッションシェア,Search top impression share,searchTopImpressionShare,DOUBLE,True,"[CLICK_TYPE, CONVERSION_NAME, OBJECT_OF_CONVERSION_TRACKING]",Metric,データ取得出来ない場合、値に[--]が設定されます
61,SEARCH_BUDGET_LOST_ABSOLUTE_TOP_IMPRESSION_SHARE,ページ最上部のインプレッション損失率（予算）,Search lost absolute top impression share (budget),searchBudgetLostAbsoluteTopImpressionShare,DOUBLE,True,"[CLICK_TYPE, CONVERSION_NAME, OBJECT_OF_CONVERSION_TRACKING]",Metric,
62,SEARCH_RANK_LOST_ABSOLUTE_TOP_IMPRESSION_SHARE,ページ最上部のインプレッション損失率（掲載順位）,Search lost absolute top impression share (rank),searchRankLostAbsoluteTopImpressionShare,DOUBLE,True,"[CLICK_TYPE, CONVERSION_NAME, OBJECT_OF_CONVERSION_TRACKING]",Metric,
63,SEARCH_BUDGET_LOST_TOP_IMPRESSION_SHARE,ページ上部のインプレッション損失率（予算）,Search lost top impression share (budget),searchBudgetLostTopImpressionShare,DOUBLE,True,"[CLICK_TYPE, CONVERSION_NAME, OBJECT_OF_CONVERSION_TRACKING]",Metric,
64,SEARCH_RANK_LOST_TOP_IMPRESSION_SHARE,ページ上部のインプレッション損失率（掲載順位）,Search lost top impression share (rank),searchRankLostTopImpressionShare,DOUBLE,True,"[CLICK_TYPE, CONVERSION_NAME, OBJECT_OF_CONVERSION_TRACKING]",Metric,
65,CONV_VALUE_PER_COST,コンバージョンの価値/コスト,Conv. Value Per Cost,convValuePerCost,DOUBLE,True,"[CONVERSION_NAME, OBJECT_OF_CONVERSION_TRACKING]",Metrics,
66,ALL_CONV_VALUE_PER_COST,すべてのコンバージョンの価値/コスト,All Conv. Value Per Cost,allConvValuePerCost,DOUBLE,True,"[CONVERSION_NAME, HOUR_OF_DAY, OBJECT_OF_CONVERSION_TRACKING]",Metrics,
