,col0,col1,col2,col3,col4,col5,col6,col7,col8,col9,col10,col11,col12,col13,col14,col15
0,Facebook,CombinationStream,6,11,6,0,10,239,23,0,0,0.64,6,1,Facebook.CombinationStreamAsyncResult' Facebook.CombinationStreamAsyncResult' Facebook.CombinationStreamAsyncResult' Facebook.CombinationStreamAsyncResult' Facebook.CombinationStreamAsyncResult' Facebook.CombinationStreamAsyncResult,Facebook.FacebookClient
1,Facebook,CombinationStreamAsyncResult,3,2,5,1,1,26,2,0,0,0.0,0,1,,Facebook.CombinationStream
2,Facebook,DateTimeConvertor,1,6,1,0,6,87,8,0,0,0.67,0,1,,Facebook.FacebookClient
3,Facebook,FacebookApiEventArgs,1,3,0,0,3,49,3,0,0,0.0,7,1,Facebook.FacebookApiEventArgs' Facebook.FacebookApiEventArgs' Facebook.FacebookApiEventArgs' Facebook.FacebookApiEventArgs' Facebook.FacebookApiEventArgs' Facebook.FacebookApiEventArgs' Facebook.FacebookApiEventArgs,Facebook.FacebookClient
4,Facebook,FacebookApiException,0,7,5,0,6,100,7,2,0,-1.0,7,3,Facebook.FacebookApiException' Facebook.FacebookApiException' Facebook.FacebookApiException' Facebook.FacebookApiException' Facebook.FacebookApiException' Facebook.FacebookApiException' Facebook.FacebookApiException,Facebook.FacebookOAuthException' Facebook.FacebookApiLimitException' Facebook.FacebookClient
5,Facebook,FacebookBatchParameter,0,5,4,0,5,80,5,0,0,-1.0,15,0,Facebook.HttpMethod' Facebook.FacebookBatchParameter' Facebook.HttpMethod' Facebook.FacebookBatchParameter' Facebook.HttpMethod' Facebook.FacebookBatchParameter' Facebook.HttpMethod' Facebook.FacebookBatchParameter' Facebook.HttpMethod' Facebook.FacebookBatchParameter' Facebook.HttpMethod' Facebook.FacebookBatchParameter' Facebook.HttpMethod' Facebook.FacebookBatchParameter' Facebook.HttpMethod,
6,Facebook,FacebookClient,34,74,12,0,53,2326,283,0,0,0.11,103,0,Facebook.CombinationStream' Facebook.DateTimeConvertor' Facebook.FacebookApiException' Facebook.FacebookMediaObject' Facebook.FacebookMediaStream' Facebook.FacebookOAuthException' Facebook.FacebookApiLimitException' Facebook.HttpWebRequestWrapper' Facebook.HttpHelper' Facebook.HttpMethod' Facebook.JsonObject' Facebook.SimpleJson' Facebook.CombinationStream' Facebook.DateTimeConvertor' Facebook.FacebookApiException' Facebook.FacebookClient' Facebook.FacebookMediaObject' Facebook.FacebookMediaStream' Facebook.FacebookOAuthException' Facebook.FacebookApiLimitException' Facebook.HttpWebRequestWrapper' Facebook.HttpHelper' Facebook.HttpMethod' Facebook.JsonObject' Facebook.SimpleJson' Facebook.CombinationStream' Facebook.DateTimeConvertor' Facebook.FacebookApiException' Facebook.FacebookClient' Facebook.FacebookMediaObject' Facebook.FacebookMediaStream' Facebook.FacebookOAuthException' Facebook.FacebookApiLimitException' Facebook.HttpWebRequestWrapper' Facebook.HttpHelper' Facebook.HttpMethod' Facebook.JsonObject' Facebook.SimpleJson' Facebook.CombinationStream' Facebook.DateTimeConvertor' Facebook.FacebookApiException' Facebook.FacebookClient' Facebook.FacebookMediaObject' Facebook.FacebookMediaStream' Facebook.FacebookOAuthException' Facebook.FacebookApiLimitException' Facebook.HttpWebRequestWrapper' Facebook.HttpHelper' Facebook.HttpMethod' Facebook.JsonObject' Facebook.SimpleJson' Facebook.CombinationStream' Facebook.DateTimeConvertor' Facebook.FacebookApiException' Facebook.FacebookApiLimitException' Facebook.FacebookClient' Facebook.FacebookMediaObject' Facebook.FacebookMediaStream' Facebook.FacebookOAuthException' Facebook.HttpWebRequestWrapper' Facebook.HttpHelper' Facebook.HttpMethod' Facebook.JsonObject' Facebook.SimpleJson' Facebook.CombinationStream' Facebook.DateTimeConvertor' Facebook.FacebookApiException' Facebook.FacebookClient' Facebook.FacebookMediaObject' Facebook.FacebookMediaStream' Facebook.FacebookOAuthException' Facebook.FacebookApiLimitException' Facebook.HttpWebRequestWrapper' Facebook.HttpHelper' Facebook.HttpMethod' Facebook.JsonObject' Facebook.SimpleJson' Facebook.CombinationStream' Facebook.DateTimeConvertor' Facebook.FacebookClient' Facebook.FacebookApiLimitException' Facebook.FacebookApiException' Facebook.FacebookMediaStream' Facebook.FacebookMediaObject' Facebook.FacebookOAuthException' Facebook.HttpWebRequestWrapper' Facebook.HttpHelper' Facebook.HttpMethod' Facebook.JsonObject' Facebook.SimpleJson' Facebook.CombinationStream' Facebook.DateTimeConvertor' Facebook.FacebookClient' Facebook.FacebookApiLimitException' Facebook.FacebookApiException' Facebook.FacebookMediaStream' Facebook.FacebookMediaObject' Facebook.FacebookOAuthException' Facebook.HttpWebRequestWrapper' Facebook.HttpHelper' Facebook.HttpMethod' Facebook.JsonObject' Facebook.SimpleJson,
7,Facebook,FacebookMediaObject,1,2,2,0,2,35,2,0,0,0.0,7,1,Facebook.FacebookMediaObject' Facebook.FacebookMediaObject' Facebook.FacebookMediaObject' Facebook.FacebookMediaObject' Facebook.FacebookMediaObject' Facebook.FacebookMediaObject' Facebook.FacebookMediaObject,Facebook.FacebookClient
8,Facebook,FacebookMediaStream,1,3,2,0,3,48,4,0,0,0.0,7,1,Facebook.FacebookMediaStream' Facebook.FacebookMediaStream' Facebook.FacebookMediaStream' Facebook.FacebookMediaStream' Facebook.FacebookMediaStream' Facebook.FacebookMediaStream' Facebook.FacebookMediaStream,Facebook.FacebookClient
9,Facebook,FacebookOAuthException,0,7,0,0,6,71,7,0,1,-1.0,15,1,Facebook.FacebookApiException' Facebook.FacebookApiException' Facebook.FacebookOAuthException' Facebook.FacebookApiException' Facebook.FacebookOAuthException' Facebook.FacebookApiException' Facebook.FacebookOAuthException' Facebook.FacebookApiException' Facebook.FacebookOAuthException' Facebook.FacebookApiException' Facebook.FacebookOAuthException' Facebook.FacebookApiException' Facebook.FacebookOAuthException' Facebook.FacebookApiException' Facebook.FacebookOAuthException,Facebook.FacebookClient
10,Facebook,FacebookApiLimitException,0,5,0,0,4,64,5,0,1,-1.0,15,1,Facebook.FacebookApiException' Facebook.FacebookApiException' Facebook.FacebookApiLimitException' Facebook.FacebookApiException' Facebook.FacebookApiLimitException' Facebook.FacebookApiException' Facebook.FacebookApiLimitException' Facebook.FacebookApiException' Facebook.FacebookApiLimitException' Facebook.FacebookApiException' Facebook.FacebookApiLimitException' Facebook.FacebookApiLimitException' Facebook.FacebookApiException' Facebook.FacebookApiLimitException' Facebook.FacebookApiException,Facebook.FacebookClient
11,Facebook,FacebookOAuthResult,7,2,8,0,0,145,10,0,0,1.0,7,0,Facebook.FacebookOAuthResult' Facebook.FacebookOAuthResult' Facebook.FacebookOAuthResult' Facebook.FacebookOAuthResult' Facebook.FacebookOAuthResult' Facebook.FacebookOAuthResult' Facebook.FacebookOAuthResult,
12,Facebook,FacebookUploadProgressChangedEventArgs,4,1,4,0,1,52,1,0,0,0.0,7,1,Facebook.FacebookUploadProgressChangedEventArgs' Facebook.FacebookUploadProgressChangedEventArgs' Facebook.FacebookUploadProgressChangedEventArgs' Facebook.FacebookUploadProgressChangedEventArgs' Facebook.FacebookUploadProgressChangedEventArgs' Facebook.FacebookUploadProgressChangedEventArgs' Facebook.FacebookUploadProgressChangedEventArgs,Facebook.FacebookClient
13,Facebook,HttpWebRequestWrapper,4,22,44,0,20,717,24,0,0,0.32,23,3,Facebook.HttpWebResponseWrapper' Facebook.WebExceptionWrapper' Facebook.HttpWebRequestWrapper' Facebook.HttpWebResponseWrapper' Facebook.WebExceptionWrapper' Facebook.HttpWebRequestWrapper' Facebook.HttpWebResponseWrapper' Facebook.WebExceptionWrapper' Facebook.HttpWebRequestWrapper' Facebook.HttpWebResponseWrapper' Facebook.WebExceptionWrapper' Facebook.HttpWebRequestWrapper' Facebook.HttpWebResponseWrapper' Facebook.WebExceptionWrapper' Facebook.HttpWebRequestWrapper' Facebook.HttpWebResponseWrapper' Facebook.WebExceptionWrapper' Facebook.HttpWebRequestWrapper' Facebook.HttpWebResponseWrapper' Facebook.WebExceptionWrapper' Facebook.HttpWebRequestWrapper' Facebook.HttpWebResponseWrapper' Facebook.WebExceptionWrapper,Facebook.FacebookClient' Facebook.HttpHelper' Facebook.FacebookClient
14,Facebook,HttpWebResponseWrapper,2,6,28,0,4,275,8,0,0,0.5,7,3,Facebook.HttpWebResponseWrapper' Facebook.HttpWebResponseWrapper' Facebook.HttpWebResponseWrapper' Facebook.HttpWebResponseWrapper' Facebook.HttpWebResponseWrapper' Facebook.HttpWebResponseWrapper' Facebook.HttpWebResponseWrapper,Facebook.HttpWebRequestWrapper' Facebook.WebExceptionWrapper' Facebook.HttpHelper
15,Facebook,WebExceptionWrapper,4,8,4,0,4,119,8,0,0,0.62,15,3,Facebook.HttpWebResponseWrapper' Facebook.HttpWebResponseWrapper' Facebook.WebExceptionWrapper' Facebook.HttpWebResponseWrapper' Facebook.WebExceptionWrapper' Facebook.HttpWebResponseWrapper' Facebook.WebExceptionWrapper' Facebook.HttpWebResponseWrapper' Facebook.WebExceptionWrapper' Facebook.HttpWebResponseWrapper' Facebook.WebExceptionWrapper' Facebook.HttpWebResponseWrapper' Facebook.WebExceptionWrapper' Facebook.HttpWebResponseWrapper' Facebook.WebExceptionWrapper,Facebook.FacebookClient' Facebook.HttpWebRequestWrapper' Facebook.HttpHelper
16,Facebook,OpenReadCompletedEventArgs,2,2,2,0,2,57,2,0,0,0.0,7,1,Facebook.OpenReadCompletedEventArgs' Facebook.OpenReadCompletedEventArgs' Facebook.OpenReadCompletedEventArgs' Facebook.OpenReadCompletedEventArgs' Facebook.OpenReadCompletedEventArgs' Facebook.OpenReadCompletedEventArgs' Facebook.OpenReadCompletedEventArgs,Facebook.HttpHelper
17,Facebook,OpenWriteCompletedEventArgs,2,2,2,0,2,57,2,0,0,0.0,7,1,Facebook.OpenWriteCompletedEventArgs' Facebook.OpenWriteCompletedEventArgs' Facebook.OpenWriteCompletedEventArgs' Facebook.OpenWriteCompletedEventArgs' Facebook.OpenWriteCompletedEventArgs' Facebook.OpenWriteCompletedEventArgs' Facebook.OpenWriteCompletedEventArgs,Facebook.HttpHelper
18,Facebook,HttpHelper,14,44,10,0,26,2511,146,0,0,0.36,47,1,Facebook.HttpWebRequestWrapper' Facebook.HttpWebResponseWrapper' Facebook.WebExceptionWrapper' Facebook.OpenReadCompletedEventArgs' Facebook.OpenWriteCompletedEventArgs' Facebook.HttpWebRequestWrapper' Facebook.HttpWebResponseWrapper' Facebook.WebExceptionWrapper' Facebook.OpenReadCompletedEventArgs' Facebook.OpenWriteCompletedEventArgs' Facebook.HttpHelper' Facebook.HttpWebRequestWrapper' Facebook.HttpWebResponseWrapper' Facebook.WebExceptionWrapper' Facebook.OpenReadCompletedEventArgs' Facebook.OpenWriteCompletedEventArgs' Facebook.HttpHelper' Facebook.HttpWebRequestWrapper' Facebook.HttpWebResponseWrapper' Facebook.WebExceptionWrapper' Facebook.OpenReadCompletedEventArgs' Facebook.OpenWriteCompletedEventArgs' Facebook.HttpHelper' Facebook.HttpWebRequestWrapper' Facebook.HttpWebResponseWrapper' Facebook.WebExceptionWrapper' Facebook.OpenReadCompletedEventArgs' Facebook.OpenWriteCompletedEventArgs' Facebook.HttpHelper' Facebook.HttpWebRequestWrapper' Facebook.HttpWebResponseWrapper' Facebook.WebExceptionWrapper' Facebook.OpenReadCompletedEventArgs' Facebook.OpenWriteCompletedEventArgs' Facebook.HttpHelper' Facebook.HttpWebRequestWrapper' Facebook.HttpWebResponseWrapper' Facebook.WebExceptionWrapper' Facebook.OpenReadCompletedEventArgs' Facebook.OpenWriteCompletedEventArgs' Facebook.HttpHelper' Facebook.HttpWebRequestWrapper' Facebook.HttpWebResponseWrapper' Facebook.WebExceptionWrapper' Facebook.OpenReadCompletedEventArgs' Facebook.OpenWriteCompletedEventArgs' Facebook.HttpHelper,Facebook.FacebookClient
19,Facebook,HttpMethod,0,0,0,0,0,15,0,0,0,-1.0,0,3,,Facebook.FacebookBatchParameter' Facebook.FacebookClient' Facebook.FacebookClient
20,Facebook,JsonArray,0,6,0,0,6,55,6,0,0,-1.0,15,1,Facebook.SimpleJson' Facebook.JsonArray' Facebook.SimpleJson' Facebook.JsonArray' Facebook.SimpleJson' Facebook.JsonArray' Facebook.SimpleJson' Facebook.JsonArray' Facebook.SimpleJson' Facebook.JsonArray' Facebook.SimpleJson' Facebook.JsonArray' Facebook.SimpleJson' Facebook.JsonArray' Facebook.SimpleJson,Facebook.SimpleJson
21,Facebook,JsonObject,2,30,8,0,26,683,44,0,0,0.23,15,4,Facebook.SimpleJson' Facebook.JsonObject' Facebook.SimpleJson' Facebook.JsonObject' Facebook.SimpleJson' Facebook.JsonObject' Facebook.SimpleJson' Facebook.JsonObject' Facebook.SimpleJson' Facebook.JsonObject' Facebook.SimpleJson' Facebook.JsonObject' Facebook.SimpleJson' Facebook.JsonObject' Facebook.SimpleJson,Facebook.SimpleJson' Facebook.PocoJsonSerializerStrategy' Facebook.FacebookClient' Facebook.FacebookClient
22,Facebook,SimpleJson,38,52,6,0,18,1355,276,0,0,0.17,48,3,Facebook.JsonArray' Facebook.JsonObject' Facebook.IJsonSerializerStrategy' Facebook.PocoJsonSerializerStrategy' Facebook.DataContractJsonSerializerStrategy' Reflection.ReflectionUtils' Facebook.JsonArray' Facebook.JsonObject' Facebook.IJsonSerializerStrategy' Facebook.PocoJsonSerializerStrategy' Facebook.DataContractJsonSerializerStrategy' Reflection.ReflectionUtils' Facebook.JsonArray' Facebook.JsonObject' Facebook.IJsonSerializerStrategy' Facebook.PocoJsonSerializerStrategy' Facebook.DataContractJsonSerializerStrategy' Reflection.ReflectionUtils' Facebook.JsonArray' Facebook.JsonObject' Facebook.IJsonSerializerStrategy' Facebook.PocoJsonSerializerStrategy' Facebook.DataContractJsonSerializerStrategy' Reflection.ReflectionUtils' Facebook.JsonArray' Facebook.JsonObject' Facebook.IJsonSerializerStrategy' Facebook.PocoJsonSerializerStrategy' Facebook.DataContractJsonSerializerStrategy' Reflection.ReflectionUtils' Facebook.JsonArray' Facebook.JsonObject' Facebook.IJsonSerializerStrategy' Facebook.PocoJsonSerializerStrategy' Facebook.DataContractJsonSerializerStrategy' Reflection.ReflectionUtils' Facebook.JsonArray' Facebook.JsonObject' Facebook.IJsonSerializerStrategy' Facebook.PocoJsonSerializerStrategy' Facebook.DataContractJsonSerializerStrategy' Reflection.ReflectionUtils' Facebook.JsonArray' Facebook.JsonObject' Facebook.IJsonSerializerStrategy' Facebook.PocoJsonSerializerStrategy' Facebook.DataContractJsonSerializerStrategy' Reflection.ReflectionUtils,Facebook.FacebookClient' Facebook.JsonArray' Facebook.JsonObject
23,Facebook,IJsonSerializerStrategy,0,4,0,0,0,23,4,1,0,-1.0,0,2,,Facebook.SimpleJson' Facebook.PocoJsonSerializerStrategy
24,Facebook,PocoJsonSerializerStrategy,12,20,0,0,6,507,116,1,1,0.2,32,2,Facebook.JsonObject' Facebook.IJsonSerializerStrategy' Reflection.ReflectionUtils' Reflection.ThreadSafeDictionary<TKey;TValue>' Facebook.JsonObject' Facebook.IJsonSerializerStrategy' Reflection.ReflectionUtils' Reflection.ThreadSafeDictionary<TKey;TValue>' Facebook.JsonObject' Facebook.IJsonSerializerStrategy' Reflection.ReflectionUtils' Reflection.ThreadSafeDictionary<TKey;TValue>' Facebook.JsonObject' Facebook.IJsonSerializerStrategy' Reflection.ReflectionUtils' Reflection.ThreadSafeDictionary<TKey;TValue>' Facebook.JsonObject' Facebook.IJsonSerializerStrategy' Reflection.ReflectionUtils' Reflection.ThreadSafeDictionary<TKey;TValue>' Facebook.JsonObject' Facebook.IJsonSerializerStrategy' Reflection.ReflectionUtils' Reflection.ThreadSafeDictionary<TKey;TValue>' Facebook.JsonObject' Facebook.IJsonSerializerStrategy' Reflection.ReflectionUtils' Reflection.ThreadSafeDictionary<TKey;TValue>' Facebook.JsonObject' Facebook.IJsonSerializerStrategy' Reflection.ReflectionUtils' Reflection.ThreadSafeDictionary<TKey;TValue>,Facebook.SimpleJson' Facebook.DataContractJsonSerializerStrategy
25,Facebook,DataContractJsonSerializerStrategy,0,8,0,0,2,143,36,0,2,-1.0,24,1,Facebook.PocoJsonSerializerStrategy' Reflection.ReflectionUtils' Reflection.ThreadSafeDictionary<TKey;TValue>' Facebook.PocoJsonSerializerStrategy' Reflection.ReflectionUtils' Reflection.ThreadSafeDictionary<TKey;TValue>' Facebook.PocoJsonSerializerStrategy' Reflection.ReflectionUtils' Reflection.ThreadSafeDictionary<TKey;TValue>' Facebook.PocoJsonSerializerStrategy' Reflection.ReflectionUtils' Reflection.ThreadSafeDictionary<TKey;TValue>' Facebook.PocoJsonSerializerStrategy' Reflection.ReflectionUtils' Reflection.ThreadSafeDictionary<TKey;TValue>' Facebook.PocoJsonSerializerStrategy' Reflection.ReflectionUtils' Reflection.ThreadSafeDictionary<TKey;TValue>' Facebook.PocoJsonSerializerStrategy' Reflection.ReflectionUtils' Reflection.ThreadSafeDictionary<TKey;TValue>' Facebook.PocoJsonSerializerStrategy' Reflection.ReflectionUtils' Reflection.ThreadSafeDictionary<TKey;TValue>,Facebook.SimpleJson
26,Reflection,ReflectionUtils,1,37,0,0,37,449,50,0,0,1.0,5,3,Reflection.Assigner<T>' Reflection.Assigner<T>' Reflection.Assigner<T>' Reflection.Assigner<T>' Reflection.Assigner<T>,Facebook.SimpleJson' Facebook.PocoJsonSerializerStrategy' Facebook.DataContractJsonSerializerStrategy
27,Reflection,Assigner<T>,0,1,0,0,1,7,1,0,0,-1.0,0,1,,Reflection.ReflectionUtils
28,Reflection,ThreadSafeDictionary<TKey;TValue>,3,14,4,0,11,107,18,0,0,0.64,0,2,,Facebook.PocoJsonSerializerStrategy' Facebook.DataContractJsonSerializerStrategy
