,col0,col1,col2,col3,col4,col5,col6,col7,col8,col9,col10
0,604315,comment,603865.0,604149.0,0,0,tremendo,,,"Thanks for the mini-review, sounds like they do deliver a better experience than the Web counterpart. What about links? say to comment on an article from a blog post, or following a link from another site to the  NYT? I guess you still need the Web/HTML version for that.<p>Any reason why it can't be the same experience over a Web browser? Nothing wrong to try and sell subscriptions based on an enhanced experience, just that personally the NYT isn't worth $150+/yr.",1242075591
1,604314,comment,603555.0,604124.0,0,0,biohacker42,,,"Well actually I started with logic. Then moved on simple circuits, and-gates, or-gates, nand-gates, eventually simple counters, and then assembly.",1242075567
2,604313,comment,603847.0,603927.0,0,0,CWuestefeld,,,"Found a link to the full epic:\n<a href=""http://www.vex.net/~smarry/oldbbs/bread.html"" rel=""nofollow"">http://www.vex.net/~smarry/oldbbs/bread.html</a>",1242075566
3,604312,comment,603910.0,603976.0,0,0,grinich,,,Real artists ship. (steve jobs),1242075563
4,604311,comment,603996.0,604271.0,0,0,utnick,,,"<a href=""http://www.chillingeffects.org/dmca512/faq.cgi"" rel=""nofollow"">http://www.chillingeffects.org/dmca512/faq.cgi</a><p>""<i>Finally, the service provider must not have knowledge that the material or activity is infringing or of the fact that the infringing material exists on its network.</i>""<p>I think part of being a DMCA compliant safe harbor is not knowing there is infringing material, if they remove stuff, that implies that they have the ability to know about the infringing material.<p>Its kind of a loophole in the DMCA.",1242075437
5,604310,comment,603996.0,604192.0,0,0,teej,,,Probably March Madness.,1242075369
6,604309,comment,604229.0,604229.0,0,0,CrazedGeek,,,"Apple has a history of not allowing BT apps: <a href=""http://andrewdupont.net/2005/07/17/functionality/"" rel=""nofollow"">http://andrewdupont.net/2005/07/17/functionality/</a><p>That, and Transmission's existing Web UI is actually incredibly slick on the iPhone: <a href=""http://smokingapples.com/software/tutorials/managing-your-torrents-using-your-iphone-with-transmission-14-web-interface/"" rel=""nofollow"">http://smokingapples.com/software/tutorials/managing-your-to...</a>",1242075353
7,604308,comment,604200.0,604200.0,0,0,technofication,,,I don't see how this would be possible.  There isn't much for Apple to gain by implementing this there is no shortage of people developing for the AppStore as is.,1242075351
8,604307,comment,603804.0,604297.0,0,0,breck,,,nice site.,1242075292
9,604306,story,,,68,79,haasted,An approach to fair ad blocking,http://adblockplus.org/blog/an-approach-to-fair-ad-blocking,,1242075290
10,604305,story,,,27,16,fluffster,WebLisp: A Lisp Interpreter that runs inside the browser,http://christophdietze.com/weblisp,,1242075267
11,604304,comment,603347.0,603410.0,0,0,tptacek,,,"For the record, I'm doing what I hoped to be doing when I was 17. ;)",1242075172
12,604303,comment,604063.0,604130.0,0,0,robin_bb,,,"kailoa makes a good point: removing keywords from the job posting risks not appearing in a potential employee's search.<p>I think that the trick is to have ""just the right"" keywords, and no more.  The particular example that I give in the article has too many.  So, fewer is better, in that case.",1242075167
13,604301,comment,603778.0,604162.0,0,0,biohacker42,,,"Nope, my post above is neither an endorsement nor a critique of Mr. Bono Vox and his marry men. Actually I liked what you said here: <a href=""http://news.ycombinator.com/item?id=604154"" rel=""nofollow"">http://news.ycombinator.com/item?id=604154</a>",1242075082
14,604300,comment,604113.0,604231.0,0,0,davidbnewquist,,,"The site does imply (and this may not be true) that someone always gets a commission on every purchase through the site.  So if I want to buy a new camcorder, maybe I could ask a friend to be an ""expert"" and we could split the commision?  That may be a strong initial incentive--effectively its a discount over a direct buy amazon.com.<p>This would seem to be an exploit, but it may still be a win-win-win for the friends, amazon.com and browseology.com.<p>Later down the road, established experts may be able to create real value for potential shoppers.  I like the concept of being able to ""shop"" for my salesperson.  Often time I go into Bes..err..""a big electronics retailer"", hoping to get expert advice on a product but get stuck with a sales staff that can't answer my questions.<p>I would actually feel good about awarding a commission to a sufficiently knowledgeable salesperson.",1242075043
15,604298,comment,603996.0,604271.0,0,0,randallsquared,,,"> If you looked at your site you could kill feeds left and right, they are obviously illegal. Why don't you do this? (Here's a guess--it would kill your business.)<p>Here's another guess: it would remove any hope of using common carrier status (or whatever the DMCA equivalent is called).  Once you proactively identify infringing material, you become responsible for anything you don't remove, if I understand correctly.  Taking on legal responsibility for any failure to notice a copyright-violating feed seems like a risk that a startup can't take.",1242074969
16,604297,comment,603804.0,604073.0,0,0,iseff,,,"Here's a link to see more info without hitting iTunes:\n<a href=""http://www.appstorehq.com/touchplan-iphone-30416/app"" rel=""nofollow"">http://www.appstorehq.com/touchplan-iphone-30416/app</a><p>(Disclaimer: that is my newest project.)",1242074925
17,604296,comment,603513.0,603513.0,0,0,Erwin,,,"What kind of IOPS/transfer speeds are people getting from Cloudlayer or similar ""disk clouds""? This storage with its encryption sounds secure, robust but slow. Would one use NFS or some SAN/iSCSI/networked blocked device and put some kind of distributed file system on that?<p>Or perhaps one needs to plan an architecture where you never block on any disk read, writes being usually buffered?<p>I'll note that my app probably relies a lot on files for data access rather than throwing everything in an SQL database (and I wonder how Postgres would fare on such a shared disk system)",1242074918
18,604294,comment,603804.0,604289.0,0,0,yan,,,100LL for me :),1242074864
19,604293,comment,603992.0,604232.0,0,0,alain94040,,,"Sony engineers are good at hardware design. But in software they are poor at best.<p>Plus, the funny thing about a lot of hardware engineers is that they think they can write software ok. At least software engineers don't pretend to design hardware. So management takes a bunch of firmware engineers and expects them to design great-looking apps. Right.",1242074858
20,604292,comment,603910.0,603976.0,0,0,huhtenberg,,,"""Perfection is achieved, not when there is nothing more to add, but when there is nothing left to take away."" -- Antoine de Saint-Exupery<p>i.e. minimalism rules :-)",1242074839
21,604291,comment,603486.0,604018.0,0,0,swannodette,,,"No criticism of CLOS generic functions, but they accomplish something very different from Clojure multimethods. generic functions are intended to support objects. Clojure doesn't have objects, so Clojure does not limit multimethods to the kinds of use cases that generic methods are intended to solve.<p>Again you can dispatch on anything. Your dispatch function can return any value (a set, a hash-map, a vector, a list, a string, a number, etc.).<p>(defn new-dispatch\n  [x y z] (meta y))<p>(defmulti my-multi new-dispatch)<p>(defmethod my-multi {:meta-key1 meta-val1}\n   [x y z] ...)<p>(defmethod my-multi {:meta-key2 meta-val2}\n   [x y z] ...)<p>This one dispatches on the metadata attached to the second argument.",1242074719
22,604289,comment,603804.0,604281.0,0,0,rrival,,,And with Jet A prices where they are...,1242074682
23,604288,comment,603992.0,604115.0,0,0,axod,,,"For a great example of Sony being ridiculously old fashioned, just look at the tape loading like mechanism of the PSP. It's ridiculous. And the UMD proprietory format (Sony when will you stop trying to create and control the next big format. They've failed so many times it's not funny any more).",1242074677
24,604287,story,,,3,1,deltapoint,"Ask YC:If you could work/intern for any company, which company would you choose?",,What is the reasoning for your decision?,1242074670
25,604286,comment,603996.0,604246.0,0,0,usrsbin,,,"All the top streams are sports, movie, and tv shows. That's a fact anyone can see for themselves. And it would be easy for you to remove this stuff but you benefit in terms of popularity and ad revenue so you don't. Pretending like you don't see it or that the site is popular because of its UGC content is just dishonest. The idea that you're protected by the DMCA is your opinion not a legal fact.",1242074651
26,604285,comment,604057.0,604057.0,0,0,ubernostrum,,,"It's interesting... for a while, the tech tabloids loved Twitter because it was a great source of fake gossipy headlines.<p>But now... it feels like the tide's turning and the big tabloid blogs are turning against Twitter. Maybe some editors aren't too happy at the fact that their breathless ""OMG TWITTER IN TALKS TO BE BOUGHT BY..."" stories never pan out and have exposed their own credibility problems?",1242074537
27,604284,comment,604113.0,604231.0,0,0,kineticac,,,"very good point, the point should be made extremely clear that you can invite anyone even off the system.  Our signin process is really for experts who want to hangout on the site and be requested, but everything works with collaborating with friends with the sharing of the URL.  We've definitely seen this problem as well.  Thanks for the feedback!!",1242074484
28,604283,comment,604113.0,604275.0,0,0,kineticac,,,"Wow Angostura, that's some fantastic feedback!  Thanks for the time you took to go through it.  I'm also glad you put your trousers on at some point ;)<p>Looking forward to your later feedback as well.",1242074384
29,604282,comment,603847.0,604258.0,0,0,tptacek,,,"Antitrust exists to resolve the cases where Google's competitors cannot adequately ""punish"" Google. The fact that Google currently has competitors that could effectively retaliate is one of the reasons I think it's unlikely that Google is a serious antitrust target; the fact that there's no evidence of overtly predatory behavior on Google's part is another.<p>I'm not sure I follow you at this point: you don't want to discuss the law, and we agree Google is a bad example of the law applied, so what's your point?<p>Finally, I object to the way you're portraying my argument. Ridiculous? All I did was translate what Microsoft did to the web. My point is, people look at Google, say ""oooh, monopoly!"", and start talking about antitrust. But Microsoft  wasn't taken to court for doing a great job with Windows 95.  They were taken to court for exploiting that success technically, contractually, and financially to suppress entire other markets that concerned them.<p>Very few reasonable people would disagree that with you that we shouldn't punish companies for their success, even when that success provides a natural monopoly. But unfortunately for your argument, US antitrust law doesn't seem to disagree with you either!",1242074381
30,604281,comment,603804.0,603804.0,0,0,yan,,,"I was looking for something exactly like this a few months ago, when I was still flying (taking a break currently). I think it's fair to charge $4.99 for something like this.",1242074379
31,604280,comment,603847.0,604091.0,0,0,randallsquared,,,"I don't think ""create a viable competitor"" automatically follows from ""lower barriers to entry"".  Some ways to lower barriers to entry might be to eliminate tariffs, taxes, and regulations, or to implement a minimum guaranteed income.  Of course, lowering only <i>some</i> tariffs, taxes, and regulations might well raise barriers to entry in some markets, as might an MGI.  Interference in the marketplace never has only one effect.",1242074336
32,604279,comment,602307.0,603031.0,0,0,ubernostrum,,,"I rail against the railing because, frankly, so much of it consists of ""how <i>dare</i> anyone call themselves a programmer if they didn't build their own Lisp from scratch in 6.001!""<p>This simply is not a useful approach. And, honestly, as a working programmer there are lots of things that aren't compilers or REPLs that I can think of, all of which would be at least as useful for students to have experience with, and none of which are, so far as I know, part of MIT's or anyone else's curriculum.<p>But I manage to live with that, rather than demanding that MIT build a curriculum around what I happen to think is important.<p>(and, honestly? I still feel like Scheme is the derivatives-by-limits approach to programming -- yeah, you <i>can</i> do it that way your whole life, but that doesn't mean you <i>should</i>)",1242074289
33,604278,story,,,9,3,barry-cotter,Not all causal relationships are created equal,http://scienceblogs.com/gnxp/2009/05/not_all_causal_relationships_a.php,,1242074281
34,604277,comment,603992.0,604201.0,0,0,siculars,,,(un)fortunately there are less audiophiles than consumers perfectly happy with 128kb mp3's pumping out of substandard earphones. and as long as that is the case: apple > sony.,1242074231
35,604276,comment,603910.0,603937.0,0,0,kineticac,,,"It's hard to ever be happy with a design, at some point it takes too much time to design it yourself if you have a lot of other coding to do.  I resort to hiring a designer to just make one and be happy with it.",1242074215
36,604275,comment,604113.0,604113.0,0,0,Angostura,,,"OK, I've given it my usual one minute test...<p>1. Love the concept, the idea of someone hand holding me through (say) buying an LCD TV is interesting.<p>2. The 1 2 3 Workflow failed the first time I tried it, since apparently there were no registered experts for the particular item I searched for. However instead of saying 'Sorry there aren't any experts on this area at the moment' it displayed a ""Everyone's an expert Become a personal shopping expert"" banner, which confused the socks off me. I was about to come here and say 'the workflow is broken' until I happened to try another category where there was an expert. Make the 'sorry no-one available' message explicit rather than coughing in an embarrassed way and saying 'look - over there!'.<p>3. Having clicked on the expert's (JoeBloggs) face I got a brief bio and link to ""Request JoeBloggs and get connected"". Apart from the grammatical horror, I'm a shy soul. What would happen if I clicked? Would my Webcam suddenly turn on and I'd find myself talking to this bloke? Very Scary stuff. I bet you get 80% of people backing out at that point.<p>But because I'm a kind soul, I put my trousers on and clicked. Phew I got an input box and a suggestion to ""Please describe the type of product you're looking for.\nWe'll notify JoeBloggs privately with your request. We can't guarantee response times, but being polite and descriptive usually helps.""<p>OK that's a lot less scary. My strong suggestion would be to put That text and the input box on the preceding page with the experts profile. I don't want to click some 'message him' link without knowing exactly what I'm in for.<p>Lots of other thoughts, but those are the main starters.",1242074143
37,604274,comment,603996.0,603996.0,0,0,vaksel,,,"Personally I think for JustinTV to go the next level, they need to create their own webchannel. By this I mean 1 official channel promoted on the front page that runs the same concrete shows at the same times.<p>To start with you obviously wouldn't do 24/7. I'd probably just do it Saturday/Sunday from 12 to 5  pm. That gives you 10 hours of content to fill. And you'll be hitting your main audience when they are home and can tune in.<p>For content, the first couple of months just reuse the content posted by current users. And in the meanwhile hold tryouts to fill host slots. If you do 10, 1 hour shows, each host will have a whole week to produce their piece.",1242074133
38,604273,comment,603778.0,604157.0,0,0,grandalf,,,was intended to be a joke equating being a columnist with being professional.,1242074127
39,604272,comment,604113.0,604248.0,0,0,joepestro,,,Thanks! That's exactly our reasoning behind it.,1242074122
40,604271,comment,603996.0,604246.0,0,0,jonknee,,,"You make a platform really easy to illegaly carry live video and then skirt around the law because if you get caught in the act you nuke the feed. How awesome of you. If you looked at your site you could kill feeds left and right, they are obviously illegal. Why don't you do this? (Here's a guess--it would kill your business.)<p>Percentage wise I believe you that most of the content is user created. But attention wise it can't be close. Let's look at your ""sports"" section:<p><a href=""http://www.justin.tv/directory/sports"" rel=""nofollow"">http://www.justin.tv/directory/sports</a><p>Right now there's a bootlegged feed of ESPN, a couple of soccer games you don't have the rights for and a variety of other content that is copyrighted. Those are the most viewed, your user generated content is being watched by no one.<p>You're running a scam.<p>(And for what it's worth, on the technical side I admire what you guys have done. I just think it's super shady to base your business on looking the other way when your users steal content. You're building an online cable network without paying for content.)",1242074069
41,604270,story,,,1,0,mg1313,Pixelmatic Entertainment launches social network for gamers on Facebook,http://venturebeat.com/2009/05/10/pixelmatic-entertainment-launches-social-network-for-gamers-on-facebook/,,1242074068
42,604269,comment,604113.0,604261.0,0,0,joepestro,,,"Yes, since only the expert needs to be signed in, you could technically take your own recommendations. It's more useful to browse together with someone else, though :)",1242074054
43,604268,comment,603992.0,603992.0,0,0,oscardelben,,,"Anyway, they didn't. It's easy to talk after the fact.",1242073994
44,604267,story,,,1,0,mg1313,Report: Intel to join Microsoft in EU antitrust purgatory,http://arstechnica.com/tech-policy/news/2009/05/report-eu-readying-to-fine-intel-for-antitrust-violations.ars,,1242073939
45,604266,comment,603847.0,604202.0,0,0,randallsquared,,,"Copyright and patent are not property, but special privileges granted by the government.  The fact that you're using arguments from how copyright and patents work to attack actual property shows, I think, just how far off the rails the ""intellectual property"" advocates are taking us.",1242073864
46,604265,comment,603992.0,604152.0,0,0,marcusbooster,,,"Agreed. I'm just thrilled they're having these revelations now, but everyone was complaining about all their little proprietary hardware storage back when it was released. So instead of saying ""we told ya so"", how about ""eh, screw em"".",1242073834
47,604264,comment,603360.0,603360.0,0,0,anigbrowl,,,Automated namespace pollution. Wonderful :-|,1242073824
48,604263,comment,604030.0,604030.0,0,0,mariame,,,wow. this is fantastic!!,1242073817
49,604262,comment,603996.0,604237.0,0,0,jonknee,,,"With 90% of traffic being foreign, the odds of being able to successfully monetize is slim.<p>And copyright violation is illegal and you can go to prison for it (though JTV has a good excuse in that it's user generated). Making it the cornerstone of your business is risky. People go to prison for copyright violations fairly frequently, the owners of EliteTorrents are a recent example:<p><a href=""http://arstechnica.com/tech-policy/news/2008/06/jury-convicts-elitetorrents-admin-with-mpaa-help.ars"" rel=""nofollow"">http://arstechnica.com/tech-policy/news/2008/06/jury-convict...</a>",1242073704
50,604261,comment,604113.0,604113.0,0,0,davidbnewquist,,,"If I want to buy a specific new camcorder, can I sign up as an expert and take my own recommendation?:)",1242073702
51,604260,comment,603492.0,603902.0,0,0,jodrellblank,,,"No.<p>Selling software downloads is not a new business, though it maybe for Apple. They had predictions for numbers of iPhones sold, and know in realtime how many developers are signing up. Even if it is unexpected growth, that's part of the problem discussed in the blog - if they had good management and processes, they could scale well.<p>There ought be no subjective involvement in the approval process if it's to be fair to all developers. A checklist of what to avoid doing so your app can be approved has been long called for - they are not judging apps by quality after all, but against a list of restricted points such as no-scripting, no-undocumented-API-calls and others. This list is currently secret and maybe even ill-defined which could lead to a requirement for subjective decisions - but again that's part of the problem discussed - a good process would help and make that go away.<p><i>Stop making it look like a disaster because it is not.</i><p>It's one of the crummiest areas of the whole Apple-world border, the only worse area I can think of right now is the failed launch of the new .mac/mobile me(?) last year.<p><i>It is the greatest example of what can be done in online purchase and delivery of software</i><p>Hardly. There are any number of small shareware sites where you can pay/download/use in a few minutes, and never have to deal with a problem that the developer has solved but the fix is stuck in an inscrutable service for an unpredictable amount of weeks for an unknown review process. Loads of open forums where the developers are allowed to reply to negative feedback.<p><i>Most software companies are just jealous they didn't come up with that idea first.</i><p>Maybe, maybe not - either way, utterly irrelevant.<p><i>Clear? So stop the FUD now.</i><p>I don't know if there's a common term for anti-FUD (hype doesn't quite cover it), but your post would be an example of it. Positive Blustering, perhaps?",1242073700
52,604259,comment,603036.0,603588.0,0,0,jacobolus,,,"> <i>fresh water</i> ... <i>pristine country side</i><p>Nah, in the middle ages you'll be drinking whatever water is in your village's stream or watering hole, and you'll be glad for it too, after you carry it half a mile on your back to your house.  If that water gets contaminated with cholera, you'll blame the sickness on the wrath of an angry god, or perhaps a jealous neighbor who witched you.<p>> <i>Bathing [...] is not that important for health.</i><p>What???",1242073682
53,604258,comment,603847.0,604171.0,0,0,tc,,,"In the real world, how likely is it that such an ActiveX tactic would go unpunished by Google's competitors and browser vendors?  Microsoft would just stand idly by?  There are benefits to being good that exist outside of the law (<a href=""http://www.paulgraham.com/good.html"" rel=""nofollow"">http://www.paulgraham.com/good.html</a>).<p>But come on, I don't want to argue your specific example -- it is clearly meant to be ridiculous.  Real-world natural monopolies tend not to last very long without government support (or a strained and narrow definition of what their market is that ignores substitution), particularly if they aren't serving their customers well.  The exceptions that you can think of are just that, exceptions.  And even at that, I can't think of very many good counter-examples.  Microsoft is perhaps the best case, but even there, by strangling the desktop they arguable accelerated the move towards innovation in the cloud (so that we could get around them).  You can see this effect even as early as 1995, when PG started Viaweb as a webapp in part because he didn't want to develop for Windows.  Substitution is always the death of an otherwise strong monopoly.  The government didn't breakup Microsoft, but no one is worried about them these days anyway (<a href=""http://www.paulgraham.com/microsoft.html"" rel=""nofollow"">http://www.paulgraham.com/microsoft.html</a>).<p>You keep falling back on what is or is not lawful.  I'm not interested in debating that.  It takes an expensive discovery process and a lot of lawyers and judges to determine what is or is not lawful in a complex real-world situation.  In my book, lawful does not equal moral, and unlawful does not equal immoral.  I find morality more meaningful to talk about.<p>As for the terms I use, they simply reflect my moral approach to the problem.  If you can imagine a scenario in which taking the fruit of a peaceful individual's labor from him or her by force is moral and just, then you're starting from different moral axioms than I am.",1242073674
54,604257,comment,603364.0,603539.0,0,0,sketerpot,,,It would be nice if they gave a link to the research itself. This goes in general for all popular science news.,1242073663
55,604256,comment,604030.0,604222.0,0,0,mg1313,,,"Ok, sorry for posting this here. I thought it's ok to do it. Have nothing to do with those comments, except mine.",1242073639
56,604255,comment,603555.0,604190.0,0,0,aaronblohowiak,,,Where did you go?,1242073635
57,604254,comment,603996.0,604139.0,0,0,mlLK,,,"These are not only omens for Justin.tv but also for any new media intermediary, such as youtube or vimeo, where even if their ToS prohibits <i>X</i>, users continue to violate <i>X</i> on a day-to-day basis. . .users of these sort of services are almost always ignorant (except the users who study or know copyright law) or simply don't care how or where they're republishing content of entertainment merit, and I don't think they should. DMCA is a pain in the ass, and unfortunately it results in a superfluous amount of content and user banishment.<p>This omen reminds me a lot of what occurred in TPB trial.",1242073633
58,604253,comment,603962.0,604016.0,0,0,buugs,,,Yes it doesn't hurt to ask and be polite.,1242073600
59,604252,comment,603364.0,603598.0,0,0,sketerpot,,,The most successful kids were the ones who found something to distract them from sitting still.,1242073559
60,604251,comment,603992.0,604178.0,0,0,Zev,,,"Only, by the time that happens, Apple will have moved onto their next product. At the rate they're currently going at least.",1242073532
61,604250,comment,603364.0,604006.0,0,0,silentOpen,,,The child was only 4 so this sort of unethical behavior may be excusable. Children are still learning right and wrong at that age. Maybe this kid grew up to be a thief or maybe he's just clever and ended up working in computer security or something. ;-P,1242073521
62,604249,comment,603910.0,604044.0,0,0,rufo,,,Which service do you use? Do you have any sample sites they've done to take a look at?,1242073483
63,604248,comment,604113.0,604113.0,0,0,davidbnewquist,,,"I like your ""big elephant leads little elephant"" logo: it's inviting and representative of your biz.",1242073479
64,604247,comment,604199.0,604199.0,0,0,buugs,,,Out goes the geek and in comes the hacker.,1242073459
65,604246,comment,603996.0,604139.0,0,0,emmett,,,1) We're fully DMCA compliant.<p>2) The vast majority of our content is user created.,1242073457
66,604245,comment,603555.0,604151.0,0,0,keefe,,,"That's a 200 level class, as far as I know there is always a CS1 100 level class that usually starts with some EXTREMELY high level language, sometimes a metalanguage just for the class itself? I heard somewhere Python is in style for this. Here is one such course : <a href=""http://www.academicearth.org/courses/introduction-to-computer-science-i"" rel=""nofollow"">http://www.academicearth.org/courses/introduction-to-compute...</a><p>*EDIT - I made a stupid comment... they have C assignments in that class. I'll leave it for others amusement. I have seen that style of starting with a high level language though...",1242073445
67,604244,comment,604069.0,604069.0,0,0,uninverted,,,"What the hell? Is the RTE part of the government? If so, why don't they just be honest and raise taxes?",1242073350
68,604243,comment,603364.0,603827.0,0,0,dkarl,,,"<i>The sweet spot is right down the middle, and is extremely rare.</i><p>The sweet spot is context dependence, which isn't rare at all.  A champion boxer submits to his coach's criticism and his trainer's discipline so he can dominate and control other boxers.  A smart entrepreneur with an innovative product doesn't gratuitously innovate in his accounting or his contracts.<p>And contrary to what you say, successful risk takers are often obsessive about risk.",1242073279
69,604241,comment,603865.0,604123.0,0,0,jacobolus,,,"> <i>the browser is the best reader out there</i><p>This is a joke, right?",1242073221
70,604240,comment,603555.0,604075.0,0,0,keefe,,,"I certainly agree that learning C illustrates some extremely useful compsci principles. I also believe you can be a wizard at solving computational problems with very little practical programming experience - I met many such algorithms phds in my failed journey to become an algorithms phd. That being said, I made this comment because the title of the post is ""The 75% answer to all newbie questions"" C is not a language that a newbie who needs a 75% answer is going to do well with! There's a reason they don't use C for CS1.",1242073185
71,604239,comment,601234.0,603207.0,0,0,elidourado,,,"I meant to imply what you call the ""more mainstream free market argument,"" though I think it is now the standard view of people who study this stuff.  The question is ""harmless compared to what?""  Conceivably, a regulatory environment in which all-knowing and benevolent bureaucrats costlessly implement and enforce regulation would outperform a laissez-faire approach to natural monopoly.  But Hayek won the Nobel prize for showing that government is not all-knowing, and Buchanan won it for showing that it is not benevolent.  It's not useful to judge natural monopoly against an alternative that does not and cannot exist.<p>Compared to the <i>relevant alternatives</i>, natural monopoly is basically harmless.",1242073168
72,604238,comment,604030.0,604236.0,0,0,swombat,,,"Based on this, I think it's reasonable for me to explicitly declare that I flagged this story and encourage others to flag it too - and to ban the IP(s) that created these comments....",1242073166
73,604237,comment,603996.0,604139.0,0,0,antiismist,,,"It could monetize really well, actually. I'm sure that jtv has already thought of this, but they can be the hulu of live broadcasts. I've seem ad overlays as well on Justin.tv for what it's worth.<p>(Also, copyright violation is not the same thing as ""illegal"". It is a civil violation.)",1242073034
74,604236,comment,604030.0,604219.0,0,0,adamhowell,,,"Again, weird how bubba1234 was created 4 minutes ago.",1242073019
75,604235,comment,603826.0,603826.0,0,0,DanielBMarkham,,,"When I read a lot of comments on HN, I am reminded of this. People place all their faith in rationality, yet fail to see that they have the ability to rationalize anything.<p>This is a powerful yet profound lesson. It doesn't mean that argument itself serves no purpose, rather it means that collective discussion in search of common understanding is about a million times better than point-counterpoint. 'Cause we can play that game all day long.<p>It also means that varying up your sources of input is critical for growth. We need extremes, both in personalities and in opinions, for creative progress to happen.<p>Unfortunately all of the trends I see on the net are more in line with hanging out with people you agree with and talking past one another (in an effort to score points) rather than trying to find answers.",1242073013
76,604234,comment,604057.0,604057.0,0,0,ivankirigin,,,API accesses are important. Did it get answered definitively how Nielsen accounted for that?<p>I'd like to run a test to see when the last tweet was from N users. It would be easy to extract a basic cohort analysis from that.,1242073013
77,604233,comment,604030.0,604087.0,0,0,adamhowell,,,"Yuck, we're going to be seeing a lot more of this, users being created just to leave self-serving comments and get stories on the frontpage.",1242072996
78,604232,comment,603992.0,603992.0,0,0,menloparkbum,,,"He's sort of right. At least they would have been more competitive with apple.<p>Sony's engineers are good and their design teams have a decent aesthetic sense. Their problem is lethargic and dull management.<p>I was involved with TWO different companies since 2001 who tried to partner with sony offering exactly what he describes: open standards / open source tools for distributing content to sony devices, and they dropped the ball both times.",1242072992
79,604231,comment,604113.0,604113.0,0,0,swombat,,,"Interesting idea, but... if I'm a new user arriving there, why should I start using it instead of, say, amazon? You need to make sure there's a good reason for me to use it even if I don't have any friends on the system, or else it will be very hard to get those first users.",1242072953
80,604230,comment,602188.0,603701.0,0,0,wlievens,,,"Even that is a fuzzy barrier. You have lots of languages that have the compiler built-in to the runtime environment (Smalltalk, and I guess most lisps?). Anything with JIT blurrs the line, too.",1242072934
81,604229,story,,,10,5,kqr2,"Apple Doesn't Like BitTorrent, Bans Drivetrain From the App Store",http://technologyviewer.com/post/106367274/apple-doesnt-like-bittorrent-bans-drivetrain-from-the,,1242072914
82,604228,comment,603865.0,604175.0,0,0,frig,,,"Edit: On further reading everything I speculated below is pretty much wrong and inapplicable.<p>That, and now that people are paying for subscriptions they (pragmatically, if not strictly legally) have to guarantee a particular level of user experience.<p>Even though AIR is cross platform (write-once look almost same almost anywhere) having only a single platform that's legal to use helps cut down on customer support headaches.",1242072911
83,604227,comment,603364.0,604185.0,0,0,run4yourlives,,,"The right amount of two distinct traits within an individual does in no way imply anything about where the medium distribution of those two traits exists within the general population.<p>You do want someone who processes both conformist tendencies and initiative in about equal percentage share. Yes, that is unlike a vast majority of people.",1242072898
84,604226,comment,602307.0,602713.0,0,0,daniel_weinreb,,,"""You're being misled if you think that popularity and marketability were not factors in selecting Python for the new course 6 curriculum.""  Well, I suppose it's possible that you belive Prof. Sussman and Prof. White are lying.  I've known both of them for a very long time and find that utterly implausible, but I suppose you have a right to your opinion, however informed or uninformed.",1242072892
85,604225,comment,603590.0,603757.0,0,0,sanj,,,"This has already fallen off the front page, so I'm not sure anyone cares, but...<p>Look, I put my picture onto my Twitter profile for use and recognition by the broader community.  So people know who I am.  I <i>don't</i> put it out there to be part of some (in my opinion) derivative, uninspired and shallow excuse for ""entertainment"".<p>No one puts their pictures on Twitter up for that reason.<p>So, if you're going to build something in a race to the bottom, at least have the common decency to tell me that you're lifting my profile picture and give me the option of getting the hell out of there.  And <i>don't</i> use my picture until you have my permission.<p>Anything else is just jackassery.",1242072856
86,604224,story,,,1,0,gengstrand,Virtual Worlds Behind the Firewall,http://it.toolbox.com/blogs/future-of-work/virtual-worlds-behind-the-firewall-31581,,1242072844
87,604223,comment,603511.0,603511.0,0,0,ucdaz,,,"You should also check out <a href=""http://qcu.be/"" rel=""nofollow"">http://qcu.be/</a>\nIt has a very cool auto-gen function",1242072835
88,604222,comment,604030.0,604030.0,0,0,swombat,,,"I hate to say this, but this is really digg material rather than HN material. Please don't post ""8 plugins for X"" or ""15 tutorials for Y"" posts here! Please?",1242072812
89,604221,comment,603910.0,604012.0,0,0,wlievens,,,"Good tip. This is something I should be doing but I always neglect, and then when I really need a particular design element, I end up thinking ""I once found something suitable, but where was that again...""",1242072797
90,604220,comment,603360.0,603360.0,0,0,asciilifeform,,,Creativity is hard. Let's go shopping!,1242072771
91,604219,comment,604030.0,604030.0,0,0,bubba1234,,,this is great.,1242072761
92,604218,comment,603750.0,603918.0,0,0,ph0rque,,,maybe dropbox will one-up them by open-sourcing their software?,1242072738
93,604217,comment,602307.0,602479.0,0,0,daniel_weinreb,,,"If you read my original post, you'll see that it has absolutely nothing to do with teaching marketable skills nor popular languages.  The point was that the change in languages  was not a goal in itself, but merely an incidental consequence of what the real goals were.  (The title of the blog entry was meant to be ironic.)  <a href=""http://danweinreb.org/blog"" rel=""nofollow"">http://danweinreb.org/blog</a>",1242072730
94,604216,story,,,1,0,anthonyrubin,Shelf Life,http://arieff.blogs.nytimes.com/2009/02/23/shelf-life/,,1242072716
95,604215,comment,602307.0,602307.0,0,0,mkramlich,,,"An intelligent person, particularly one with natural aptitude for programming will end up fine regardless of which language they start with. Also, anybody that truly starts programming in college is a rather sad candidate to begin with.<p>Also, Python is a much more practical choice than Scheme, and has technical merits which are at least as attractive as Scheme, and arguably more so. Scheme is elegant. But Python is also elegant, yet more practical. From that angle, looks like a net change for the better.<p>MIT also strikes me as a school oriented more towards producing engineers rather than programmers. And if you're going to school at MIT just to get into a career in programming, that sounds like a terrible waste of money. Robotics or electrical engineering? Probably a good choice. But programming? Come on.<p>Then there's the whole argument of why anybody needs to go to MIT, or even get a college education in CS. We live in a world with the Internet and scads of free books in libraries and documentation online. Follow that line of thinking and the whole controversy over this tweak in some random school's class content seems silly. It is as if nobody can learn anything outside of a class, so if it is not taught in that particular class at MIT, it will never be learned, and the world will end. Hilarious. :)",1242072698
96,604214,story,,,4,0,swombat,Could you describe your ideal customer in detail?,http://www.fourthirds.com/q3-could-you-describe-your-ideal-customer-in-detail/,,1242072654
97,604213,comment,603750.0,603918.0,0,0,buugs,,,Well if this goes open source maybe we will indeed have a dropbox for private servers.,1242072647
98,604212,comment,603910.0,603910.0,0,0,huhtenberg,,,"What works for me is this:<p>(a) Routinely keep an eye open for nice website designs. If I see something I like, I take a screenshot and put a little note on it as not to forget what exactly I liked. So far I have about 70 shots, and this covers a lot of ground.<p>(b) When sitting down to design the page/site, I'd pick the one that seems to fit the best and then start evolving it by changing elements that don't fit or that I don't like. This is purely subjective process, and it takes a while to converge to a stable point. All sketches are done in Photoshop, no HTML/CSS work at this point, none.<p>(c) When I have a sketch, I show it to at least 3 people, usually my wife and friends, describe the project and what feelings the design should evoke. Then ask for an overall 3-second impression as well as what ""sticks out"" or doesn't look visually pleasing. You'd be surprised how much people actually like to critique when asked.<p>(d) Fix stuff based on the feedback. Repeat (c), preferably with other set of people so that fresh eyes would look at it.<p>Additionally, I frequently need to decide between multiple (smaller) options, like the fonts, sizes, minor color variations, etc. For these I put together a side by side comparison sketch and simply ask people to tell me their preferences.<p>The feedback loop is helpful and incredibly important, because after first few sketches I cannot objectively evaluate design anymore and need fresh eyes to look at it.<p>In short - do <i>not</i> hesitate to start off someone's work. It is an A-OK. Building a portfolio of inspiration pieces is a standard way of kick starting the design. Iterating over the design tend to evolve it quite dramatically and get you to a design that is uniquely your own.<p>Secondly - if you are lacking the inspiration, have a look at sites like <a href=""http://minimalsites.com"" rel=""nofollow"">http://minimalsites.com</a>, <a href=""http://pattertap.com"" rel=""nofollow"">http://pattertap.com</a> and similar.<p>Thirdly - unless you do this professionally, it <i>is</i> a lengthy and sometimes tedious process. It takes me on average 4 to 6 weeks to decide on a general look and feel for the site.<p>Lastly, here's a post on the subject written by a professional designer. Have a read, it gives a nice view into the process as employed by other people:<p><a href=""http://siglerdesign.com/blog/article/jivesite_20_its_alive"" rel=""nofollow"">http://siglerdesign.com/blog/article/jivesite_20_its_alive</a><p>Specifically have a look at this photo and its title :)<p><a href=""http://www.flickr.com/photos/chibbell/2415207558/in/set-72157604540028078"" rel=""nofollow"">http://www.flickr.com/photos/chibbell/2415207558/in/set-7215...</a>",1242072636
99,604211,comment,603040.0,603417.0,0,0,jjs,,,"I meant, all employees of customers of the service. :)",1242072610
100,604210,comment,604069.0,604069.0,0,0,anigbrowl,,,"WTF. If they're not supplying the broadband (which they're not) then they don't get to collect for it. This is so irritating - it's this sort of thing which casued me to leave the country. The Irish government figures that since it's an island, they can just use the geography to squeeze people for anything, especially when times are tough.<p>Be interesting to see how this would stack up against the recent EU decision to make internet access a legal right (not free as in beer). I'm guessing EU law would trump this transparent attempt at a shakedown.",1242072559
101,604209,comment,603992.0,603992.0,0,0,phpguy,,,The big downside of any sony player I ever looked at was it always had to convert my mp3's into some other format to work on the players.  This took forever and was a hassle.,1242072515
102,604208,comment,602981.0,604170.0,0,0,kingkongrevenge,,,> but there's nothing that you can do in C++ that you can't do equally well in C.<p>I'm shocked you're saying this in seriousness.  C is a simple language lacking a large number of constructs and compiler safety features of C++.  You might as well argue that BASIC is just as powerful as Python.<p>Inherently OOP problems like large simulations with huge class hierarchies could not realistically be done in C.  The C++ frameworks for writing servers have no parallel in C because the language lacks required abstractions.<p>I have never seen C code that could not be rewritten more clearly in C++.,1242072503
103,604207,story,,,1,0,Anon84,Amazon Opens a Kindle Store for the iPhone,http://www.readwriteweb.com/archives/amazon_opens_a_kindle_store_for_the_iphone.php,,1242072502
104,604206,comment,604096.0,604096.0,0,0,fluffster,,,"This seems better:\n<a href=""http://search.twitter.com/search?q=%22wish%22+AND+%22had%22+AND+%22app%22"" rel=""nofollow"">http://search.twitter.com/search?q=%22wish%22+AND+%22had%22+...</a>",1242072461
105,604205,comment,603778.0,604155.0,0,0,gaius,,,"Yeah it's like there's no RMS, no Linus, no Alan Cox, everyone in the Ruby world is ESR.",1242072389
106,604204,comment,603778.0,603993.0,0,0,gaius,,,"Professionalism means doing the right thing even if it's personally unpleasant. A vet putting a sick kitten to sleep for example. Or a salesman who tries to sell the product the customer actually needs, not just what has the biggest margin.",1242072317
107,604203,comment,604120.0,604120.0,0,0,gyeh,,,"From the Taipei Times (<a href=""http://www.taipeitimes.com/News/front/archives/2009/05/10/2003443218"" rel=""nofollow"">http://www.taipeitimes.com/News/front/archives/2009/05/10/20...</a>):<p><i>""A Crime Investigation Bureau [in Taiwan] official said there was no plan, but the bureau was working on allowing Chinese law enforcers to be stationed in Taiwan.""</i><p>and the rationale?<p><i>""...Taiwanese police officers and China’s People’s Armed Police — be stationed in each country to strengthen cross-strait cooperation on crime prevention.""</i><p>From my understanding of police enforcement, the practice of inviting representatives of a foreign police department is not unusual.  Even the NYPD has units stationed around the world.<p>On a side note, the headline is slightly link-bait-ish.  The usage of a question mark, reminds me of a Jon Stewart critique of television news headlines (<a href=""http://www.thedailyshow.com/video/index.jhtml?videoId=117466&title=the-question-mark"" rel=""nofollow"">http://www.thedailyshow.com/video/index.jhtml?videoId=117466...</a>).",1242072282
108,604202,comment,603847.0,604141.0,0,0,psranga,,,"Yes.<p>Read up on copyright and patents: they exist to provide incentive to <i>create</i>, not to allow the creators to profit.<p>So if the ActiveX control inhibits <i>future</i> creations, that is enough to for we the people (through our govt.) to take stems to prevent that (in order to ensure our future well being).",1242072263
109,604201,comment,603992.0,604115.0,0,0,mynameishere,,,"For those of us more interested in the quality of the, you know, sound-producing part of the player, Sony has Apple beat.",1242072232
110,604200,story,,,1,1,phpguy,Kosertech » Would AppStore pre-approval help?,http://www.kosertech.com/blog/?p=398,,1242072207
111,604199,story,,,3,2,exgeek,Ask HN: Is this the end of geek?,,"I'm watching language corruption in action...<p>I remember seeing and hearing an increasing number of people referring to themselves as nerds back during the first .com bubble. Eager to associate themselves with the massive IPO valuations for companies built by genuine nerds, of course they seemed to stop that self labeling when the bubble burst. But now it seems that geek is the new ""hotness"".<p>http://geekadvancement.com/ and the twitter tag #iamageek is now making everyone who has seen the new star trek film proudly proclaim ""I AM A GEEK"". I know i sound like some old geezer but it seems to me like the ""social media mavens"" are actively using the word to described themselves so some of the facebook,google,twitter magic rubs off on them.<p>Hacker of course had its definition troubles but it seems to of somewhat come back to its original meaning. My Question is this: Is this the end of geek as we know it?",1242072189
112,604198,comment,603148.0,603900.0,0,0,SwellJoe,,,"<i>The Millionaire Next Door</i> also reportedly has data problems, but, I think the idea of becoming one of those millionaires next door from software is also sound.  I think the risks that have to be taken for those home runs in software are smaller, as well.  What's the cost of a major construction project that can net millions in revenue vs. a major software project that can net millions in revenue?<p>I was just think we're pretty lucky (or clever) to be working in a field that has produced so many billionaires in a short period of time, and now requires less risk and investment than ever before.  It's a good time to be a nerd.",1242072070
113,604197,comment,603898.0,603898.0,0,0,kierank,,,"Although the broadcast has now finished bookmark this feed:<p><a href=""http://playlist.yahoo.com/makeplaylist.dll?id=1368163"" rel=""nofollow"">http://playlist.yahoo.com/makeplaylist.dll?id=1368163</a><p>It's 1200kbps and looks much better than the one on NASA's homepage.",1242072033
