,col0,col1,col2,col3,col4,col5,col6,col7,col8,col9,col10
0,PortableDeviceWiaCompat.dll,153600,2,86283382,1972-09-25T15:36:22.000Z,imports,msvcrt.dll,_CxxThrowException,17cbba6c227af07e2738373951fbc7a8,80f0fee2f50746b1eb2550f313d7b520a4e1b98f61f6aadf79354953b647b037,c:\Windows\System32\PortableDeviceWiaCompat.dll
1,PortableDeviceWiaCompat.dll,153600,2,86283382,1972-09-25T15:36:22.000Z,imports,msvcrt.dll,_XcptFilter,17cbba6c227af07e2738373951fbc7a8,80f0fee2f50746b1eb2550f313d7b520a4e1b98f61f6aadf79354953b647b037,c:\Windows\System32\PortableDeviceWiaCompat.dll
2,PortableDeviceWiaCompat.dll,153600,2,86283382,1972-09-25T15:36:22.000Z,imports,msvcrt.dll,__C_specific_handler,17cbba6c227af07e2738373951fbc7a8,80f0fee2f50746b1eb2550f313d7b520a4e1b98f61f6aadf79354953b647b037,c:\Windows\System32\PortableDeviceWiaCompat.dll
3,PortableDeviceWiaCompat.dll,153600,2,86283382,1972-09-25T15:36:22.000Z,imports,msvcrt.dll,__CxxFrameHandler3,17cbba6c227af07e2738373951fbc7a8,80f0fee2f50746b1eb2550f313d7b520a4e1b98f61f6aadf79354953b647b037,c:\Windows\System32\PortableDeviceWiaCompat.dll
4,PortableDeviceWiaCompat.dll,153600,2,86283382,1972-09-25T15:36:22.000Z,imports,msvcrt.dll,__dllonexit,17cbba6c227af07e2738373951fbc7a8,80f0fee2f50746b1eb2550f313d7b520a4e1b98f61f6aadf79354953b647b037,c:\Windows\System32\PortableDeviceWiaCompat.dll
5,PortableDeviceWiaCompat.dll,153600,2,86283382,1972-09-25T15:36:22.000Z,imports,msvcrt.dll,_amsg_exit,17cbba6c227af07e2738373951fbc7a8,80f0fee2f50746b1eb2550f313d7b520a4e1b98f61f6aadf79354953b647b037,c:\Windows\System32\PortableDeviceWiaCompat.dll
6,PortableDeviceWiaCompat.dll,153600,2,86283382,1972-09-25T15:36:22.000Z,imports,msvcrt.dll,_callnewh,17cbba6c227af07e2738373951fbc7a8,80f0fee2f50746b1eb2550f313d7b520a4e1b98f61f6aadf79354953b647b037,c:\Windows\System32\PortableDeviceWiaCompat.dll
7,PortableDeviceWiaCompat.dll,153600,2,86283382,1972-09-25T15:36:22.000Z,imports,msvcrt.dll,_errno,17cbba6c227af07e2738373951fbc7a8,80f0fee2f50746b1eb2550f313d7b520a4e1b98f61f6aadf79354953b647b037,c:\Windows\System32\PortableDeviceWiaCompat.dll
8,PortableDeviceWiaCompat.dll,153600,2,86283382,1972-09-25T15:36:22.000Z,imports,msvcrt.dll,_initterm,17cbba6c227af07e2738373951fbc7a8,80f0fee2f50746b1eb2550f313d7b520a4e1b98f61f6aadf79354953b647b037,c:\Windows\System32\PortableDeviceWiaCompat.dll
9,PortableDeviceWiaCompat.dll,153600,2,86283382,1972-09-25T15:36:22.000Z,imports,msvcrt.dll,_lock,17cbba6c227af07e2738373951fbc7a8,80f0fee2f50746b1eb2550f313d7b520a4e1b98f61f6aadf79354953b647b037,c:\Windows\System32\PortableDeviceWiaCompat.dll
10,PortableDeviceWiaCompat.dll,153600,2,86283382,1972-09-25T15:36:22.000Z,imports,msvcrt.dll,_onexit,17cbba6c227af07e2738373951fbc7a8,80f0fee2f50746b1eb2550f313d7b520a4e1b98f61f6aadf79354953b647b037,c:\Windows\System32\PortableDeviceWiaCompat.dll
11,PortableDeviceWiaCompat.dll,153600,2,86283382,1972-09-25T15:36:22.000Z,imports,msvcrt.dll,_purecall,17cbba6c227af07e2738373951fbc7a8,80f0fee2f50746b1eb2550f313d7b520a4e1b98f61f6aadf79354953b647b037,c:\Windows\System32\PortableDeviceWiaCompat.dll
12,PortableDeviceWiaCompat.dll,153600,2,86283382,1972-09-25T15:36:22.000Z,imports,msvcrt.dll,_snwscanf_s,17cbba6c227af07e2738373951fbc7a8,80f0fee2f50746b1eb2550f313d7b520a4e1b98f61f6aadf79354953b647b037,c:\Windows\System32\PortableDeviceWiaCompat.dll
13,PortableDeviceWiaCompat.dll,153600,2,86283382,1972-09-25T15:36:22.000Z,imports,msvcrt.dll,_unlock,17cbba6c227af07e2738373951fbc7a8,80f0fee2f50746b1eb2550f313d7b520a4e1b98f61f6aadf79354953b647b037,c:\Windows\System32\PortableDeviceWiaCompat.dll
14,PortableDeviceWiaCompat.dll,153600,2,86283382,1972-09-25T15:36:22.000Z,imports,msvcrt.dll,_vscwprintf,17cbba6c227af07e2738373951fbc7a8,80f0fee2f50746b1eb2550f313d7b520a4e1b98f61f6aadf79354953b647b037,c:\Windows\System32\PortableDeviceWiaCompat.dll
15,PortableDeviceWiaCompat.dll,153600,2,86283382,1972-09-25T15:36:22.000Z,imports,msvcrt.dll,_wcsicmp,17cbba6c227af07e2738373951fbc7a8,80f0fee2f50746b1eb2550f313d7b520a4e1b98f61f6aadf79354953b647b037,c:\Windows\System32\PortableDeviceWiaCompat.dll
16,PortableDeviceWiaCompat.dll,153600,2,86283382,1972-09-25T15:36:22.000Z,imports,msvcrt.dll,calloc,17cbba6c227af07e2738373951fbc7a8,80f0fee2f50746b1eb2550f313d7b520a4e1b98f61f6aadf79354953b647b037,c:\Windows\System32\PortableDeviceWiaCompat.dll
17,PortableDeviceWiaCompat.dll,153600,2,86283382,1972-09-25T15:36:22.000Z,imports,msvcrt.dll,free,17cbba6c227af07e2738373951fbc7a8,80f0fee2f50746b1eb2550f313d7b520a4e1b98f61f6aadf79354953b647b037,c:\Windows\System32\PortableDeviceWiaCompat.dll
18,PortableDeviceWiaCompat.dll,153600,2,86283382,1972-09-25T15:36:22.000Z,imports,msvcrt.dll,iswspace,17cbba6c227af07e2738373951fbc7a8,80f0fee2f50746b1eb2550f313d7b520a4e1b98f61f6aadf79354953b647b037,c:\Windows\System32\PortableDeviceWiaCompat.dll
19,PortableDeviceWiaCompat.dll,153600,2,86283382,1972-09-25T15:36:22.000Z,imports,msvcrt.dll,malloc,17cbba6c227af07e2738373951fbc7a8,80f0fee2f50746b1eb2550f313d7b520a4e1b98f61f6aadf79354953b647b037,c:\Windows\System32\PortableDeviceWiaCompat.dll
20,PortableDeviceWiaCompat.dll,153600,2,86283382,1972-09-25T15:36:22.000Z,imports,msvcrt.dll,memcpy,17cbba6c227af07e2738373951fbc7a8,80f0fee2f50746b1eb2550f313d7b520a4e1b98f61f6aadf79354953b647b037,c:\Windows\System32\PortableDeviceWiaCompat.dll
21,PortableDeviceWiaCompat.dll,153600,2,86283382,1972-09-25T15:36:22.000Z,imports,msvcrt.dll,memcpy_s,17cbba6c227af07e2738373951fbc7a8,80f0fee2f50746b1eb2550f313d7b520a4e1b98f61f6aadf79354953b647b037,c:\Windows\System32\PortableDeviceWiaCompat.dll
22,PortableDeviceWiaCompat.dll,153600,2,86283382,1972-09-25T15:36:22.000Z,imports,msvcrt.dll,memmove,17cbba6c227af07e2738373951fbc7a8,80f0fee2f50746b1eb2550f313d7b520a4e1b98f61f6aadf79354953b647b037,c:\Windows\System32\PortableDeviceWiaCompat.dll
23,PortableDeviceWiaCompat.dll,153600,2,86283382,1972-09-25T15:36:22.000Z,imports,msvcrt.dll,memmove_s,17cbba6c227af07e2738373951fbc7a8,80f0fee2f50746b1eb2550f313d7b520a4e1b98f61f6aadf79354953b647b037,c:\Windows\System32\PortableDeviceWiaCompat.dll
24,PortableDeviceWiaCompat.dll,153600,2,86283382,1972-09-25T15:36:22.000Z,imports,msvcrt.dll,memset,17cbba6c227af07e2738373951fbc7a8,80f0fee2f50746b1eb2550f313d7b520a4e1b98f61f6aadf79354953b647b037,c:\Windows\System32\PortableDeviceWiaCompat.dll
25,PortableDeviceWiaCompat.dll,153600,2,86283382,1972-09-25T15:36:22.000Z,imports,msvcrt.dll,realloc,17cbba6c227af07e2738373951fbc7a8,80f0fee2f50746b1eb2550f313d7b520a4e1b98f61f6aadf79354953b647b037,c:\Windows\System32\PortableDeviceWiaCompat.dll
26,PortableDeviceWiaCompat.dll,153600,2,86283382,1972-09-25T15:36:22.000Z,imports,msvcrt.dll,vswprintf_s,17cbba6c227af07e2738373951fbc7a8,80f0fee2f50746b1eb2550f313d7b520a4e1b98f61f6aadf79354953b647b037,c:\Windows\System32\PortableDeviceWiaCompat.dll
27,PortableDeviceWiaCompat.dll,153600,2,86283382,1972-09-25T15:36:22.000Z,imports,msvcrt.dll,wcscat_s,17cbba6c227af07e2738373951fbc7a8,80f0fee2f50746b1eb2550f313d7b520a4e1b98f61f6aadf79354953b647b037,c:\Windows\System32\PortableDeviceWiaCompat.dll
28,PortableDeviceWiaCompat.dll,153600,2,86283382,1972-09-25T15:36:22.000Z,imports,msvcrt.dll,wcscmp,17cbba6c227af07e2738373951fbc7a8,80f0fee2f50746b1eb2550f313d7b520a4e1b98f61f6aadf79354953b647b037,c:\Windows\System32\PortableDeviceWiaCompat.dll
29,PortableDeviceWiaCompat.dll,153600,2,86283382,1972-09-25T15:36:22.000Z,imports,msvcrt.dll,wcscpy_s,17cbba6c227af07e2738373951fbc7a8,80f0fee2f50746b1eb2550f313d7b520a4e1b98f61f6aadf79354953b647b037,c:\Windows\System32\PortableDeviceWiaCompat.dll
30,PortableDeviceWiaCompat.dll,153600,2,86283382,1972-09-25T15:36:22.000Z,imports,msvcrt.dll,wcscspn,17cbba6c227af07e2738373951fbc7a8,80f0fee2f50746b1eb2550f313d7b520a4e1b98f61f6aadf79354953b647b037,c:\Windows\System32\PortableDeviceWiaCompat.dll
31,PortableDeviceWiaCompat.dll,153600,2,86283382,1972-09-25T15:36:22.000Z,imports,msvcrt.dll,wcsncpy_s,17cbba6c227af07e2738373951fbc7a8,80f0fee2f50746b1eb2550f313d7b520a4e1b98f61f6aadf79354953b647b037,c:\Windows\System32\PortableDeviceWiaCompat.dll
32,PortableDeviceWiaCompat.dll,153600,2,86283382,1972-09-25T15:36:22.000Z,imports,msvcrt.dll,wcsrchr,17cbba6c227af07e2738373951fbc7a8,80f0fee2f50746b1eb2550f313d7b520a4e1b98f61f6aadf79354953b647b037,c:\Windows\System32\PortableDeviceWiaCompat.dll
33,PortableDeviceWiaCompat.dll,153600,2,86283382,1972-09-25T15:36:22.000Z,imports,msvcrt.dll,wcsspn,17cbba6c227af07e2738373951fbc7a8,80f0fee2f50746b1eb2550f313d7b520a4e1b98f61f6aadf79354953b647b037,c:\Windows\System32\PortableDeviceWiaCompat.dll
34,PortableDeviceWiaCompat.dll,153600,2,86283382,1972-09-25T15:36:22.000Z,imports,ntdll.dll,RtlCaptureContext,17cbba6c227af07e2738373951fbc7a8,80f0fee2f50746b1eb2550f313d7b520a4e1b98f61f6aadf79354953b647b037,c:\Windows\System32\PortableDeviceWiaCompat.dll
35,PortableDeviceWiaCompat.dll,153600,2,86283382,1972-09-25T15:36:22.000Z,imports,ntdll.dll,RtlLookupFunctionEntry,17cbba6c227af07e2738373951fbc7a8,80f0fee2f50746b1eb2550f313d7b520a4e1b98f61f6aadf79354953b647b037,c:\Windows\System32\PortableDeviceWiaCompat.dll
36,PortableDeviceWiaCompat.dll,153600,2,86283382,1972-09-25T15:36:22.000Z,imports,ntdll.dll,RtlVirtualUnwind,17cbba6c227af07e2738373951fbc7a8,80f0fee2f50746b1eb2550f313d7b520a4e1b98f61f6aadf79354953b647b037,c:\Windows\System32\PortableDeviceWiaCompat.dll
37,PortableDeviceWiaCompat.dll,153600,2,86283382,1972-09-25T15:36:22.000Z,imports,advapi32.dll,GetTraceEnableFlags,17cbba6c227af07e2738373951fbc7a8,80f0fee2f50746b1eb2550f313d7b520a4e1b98f61f6aadf79354953b647b037,c:\Windows\System32\PortableDeviceWiaCompat.dll
38,PortableDeviceWiaCompat.dll,153600,2,86283382,1972-09-25T15:36:22.000Z,imports,advapi32.dll,GetTraceEnableLevel,17cbba6c227af07e2738373951fbc7a8,80f0fee2f50746b1eb2550f313d7b520a4e1b98f61f6aadf79354953b647b037,c:\Windows\System32\PortableDeviceWiaCompat.dll
39,PortableDeviceWiaCompat.dll,153600,2,86283382,1972-09-25T15:36:22.000Z,imports,advapi32.dll,GetTraceLoggerHandle,17cbba6c227af07e2738373951fbc7a8,80f0fee2f50746b1eb2550f313d7b520a4e1b98f61f6aadf79354953b647b037,c:\Windows\System32\PortableDeviceWiaCompat.dll
40,PortableDeviceWiaCompat.dll,153600,2,86283382,1972-09-25T15:36:22.000Z,imports,advapi32.dll,RegCloseKey,17cbba6c227af07e2738373951fbc7a8,80f0fee2f50746b1eb2550f313d7b520a4e1b98f61f6aadf79354953b647b037,c:\Windows\System32\PortableDeviceWiaCompat.dll
41,PortableDeviceWiaCompat.dll,153600,2,86283382,1972-09-25T15:36:22.000Z,imports,advapi32.dll,RegCreateKeyExW,17cbba6c227af07e2738373951fbc7a8,80f0fee2f50746b1eb2550f313d7b520a4e1b98f61f6aadf79354953b647b037,c:\Windows\System32\PortableDeviceWiaCompat.dll
42,PortableDeviceWiaCompat.dll,153600,2,86283382,1972-09-25T15:36:22.000Z,imports,advapi32.dll,RegDeleteValueW,17cbba6c227af07e2738373951fbc7a8,80f0fee2f50746b1eb2550f313d7b520a4e1b98f61f6aadf79354953b647b037,c:\Windows\System32\PortableDeviceWiaCompat.dll
43,PortableDeviceWiaCompat.dll,153600,2,86283382,1972-09-25T15:36:22.000Z,imports,advapi32.dll,RegEnumKeyExW,17cbba6c227af07e2738373951fbc7a8,80f0fee2f50746b1eb2550f313d7b520a4e1b98f61f6aadf79354953b647b037,c:\Windows\System32\PortableDeviceWiaCompat.dll
44,PortableDeviceWiaCompat.dll,153600,2,86283382,1972-09-25T15:36:22.000Z,imports,advapi32.dll,RegOpenKeyExW,17cbba6c227af07e2738373951fbc7a8,80f0fee2f50746b1eb2550f313d7b520a4e1b98f61f6aadf79354953b647b037,c:\Windows\System32\PortableDeviceWiaCompat.dll
45,PortableDeviceWiaCompat.dll,153600,2,86283382,1972-09-25T15:36:22.000Z,imports,advapi32.dll,RegQueryInfoKeyW,17cbba6c227af07e2738373951fbc7a8,80f0fee2f50746b1eb2550f313d7b520a4e1b98f61f6aadf79354953b647b037,c:\Windows\System32\PortableDeviceWiaCompat.dll
46,PortableDeviceWiaCompat.dll,153600,2,86283382,1972-09-25T15:36:22.000Z,imports,advapi32.dll,RegQueryValueExW,17cbba6c227af07e2738373951fbc7a8,80f0fee2f50746b1eb2550f313d7b520a4e1b98f61f6aadf79354953b647b037,c:\Windows\System32\PortableDeviceWiaCompat.dll
47,PortableDeviceWiaCompat.dll,153600,2,86283382,1972-09-25T15:36:22.000Z,imports,advapi32.dll,RegSetValueExW,17cbba6c227af07e2738373951fbc7a8,80f0fee2f50746b1eb2550f313d7b520a4e1b98f61f6aadf79354953b647b037,c:\Windows\System32\PortableDeviceWiaCompat.dll
48,PortableDeviceWiaCompat.dll,153600,2,86283382,1972-09-25T15:36:22.000Z,imports,advapi32.dll,RegisterTraceGuidsW,17cbba6c227af07e2738373951fbc7a8,80f0fee2f50746b1eb2550f313d7b520a4e1b98f61f6aadf79354953b647b037,c:\Windows\System32\PortableDeviceWiaCompat.dll
49,PortableDeviceWiaCompat.dll,153600,2,86283382,1972-09-25T15:36:22.000Z,imports,advapi32.dll,TraceMessage,17cbba6c227af07e2738373951fbc7a8,80f0fee2f50746b1eb2550f313d7b520a4e1b98f61f6aadf79354953b647b037,c:\Windows\System32\PortableDeviceWiaCompat.dll
50,PortableDeviceWiaCompat.dll,153600,2,86283382,1972-09-25T15:36:22.000Z,imports,advapi32.dll,UnregisterTraceGuids,17cbba6c227af07e2738373951fbc7a8,80f0fee2f50746b1eb2550f313d7b520a4e1b98f61f6aadf79354953b647b037,c:\Windows\System32\PortableDeviceWiaCompat.dll
51,PortableDeviceWiaCompat.dll,153600,2,86283382,1972-09-25T15:36:22.000Z,imports,gdi32.dll,CreateCompatibleDC,17cbba6c227af07e2738373951fbc7a8,80f0fee2f50746b1eb2550f313d7b520a4e1b98f61f6aadf79354953b647b037,c:\Windows\System32\PortableDeviceWiaCompat.dll
52,PortableDeviceWiaCompat.dll,153600,2,86283382,1972-09-25T15:36:22.000Z,imports,gdi32.dll,DeleteDC,17cbba6c227af07e2738373951fbc7a8,80f0fee2f50746b1eb2550f313d7b520a4e1b98f61f6aadf79354953b647b037,c:\Windows\System32\PortableDeviceWiaCompat.dll
53,PortableDeviceWiaCompat.dll,153600,2,86283382,1972-09-25T15:36:22.000Z,imports,gdi32.dll,DeleteObject,17cbba6c227af07e2738373951fbc7a8,80f0fee2f50746b1eb2550f313d7b520a4e1b98f61f6aadf79354953b647b037,c:\Windows\System32\PortableDeviceWiaCompat.dll
54,PortableDeviceWiaCompat.dll,153600,2,86283382,1972-09-25T15:36:22.000Z,imports,gdi32.dll,GetDIBits,17cbba6c227af07e2738373951fbc7a8,80f0fee2f50746b1eb2550f313d7b520a4e1b98f61f6aadf79354953b647b037,c:\Windows\System32\PortableDeviceWiaCompat.dll
55,PortableDeviceWiaCompat.dll,153600,2,86283382,1972-09-25T15:36:22.000Z,imports,kernel32.dll,DeleteCriticalSection,17cbba6c227af07e2738373951fbc7a8,80f0fee2f50746b1eb2550f313d7b520a4e1b98f61f6aadf79354953b647b037,c:\Windows\System32\PortableDeviceWiaCompat.dll
56,PortableDeviceWiaCompat.dll,153600,2,86283382,1972-09-25T15:36:22.000Z,imports,kernel32.dll,EnterCriticalSection,17cbba6c227af07e2738373951fbc7a8,80f0fee2f50746b1eb2550f313d7b520a4e1b98f61f6aadf79354953b647b037,c:\Windows\System32\PortableDeviceWiaCompat.dll
57,PortableDeviceWiaCompat.dll,153600,2,86283382,1972-09-25T15:36:22.000Z,imports,kernel32.dll,FindResourceExW,17cbba6c227af07e2738373951fbc7a8,80f0fee2f50746b1eb2550f313d7b520a4e1b98f61f6aadf79354953b647b037,c:\Windows\System32\PortableDeviceWiaCompat.dll
58,PortableDeviceWiaCompat.dll,153600,2,86283382,1972-09-25T15:36:22.000Z,imports,kernel32.dll,FindResourceW,17cbba6c227af07e2738373951fbc7a8,80f0fee2f50746b1eb2550f313d7b520a4e1b98f61f6aadf79354953b647b037,c:\Windows\System32\PortableDeviceWiaCompat.dll
59,PortableDeviceWiaCompat.dll,153600,2,86283382,1972-09-25T15:36:22.000Z,imports,kernel32.dll,FreeLibrary,17cbba6c227af07e2738373951fbc7a8,80f0fee2f50746b1eb2550f313d7b520a4e1b98f61f6aadf79354953b647b037,c:\Windows\System32\PortableDeviceWiaCompat.dll
60,PortableDeviceWiaCompat.dll,153600,2,86283382,1972-09-25T15:36:22.000Z,imports,kernel32.dll,GetCurrentProcess,17cbba6c227af07e2738373951fbc7a8,80f0fee2f50746b1eb2550f313d7b520a4e1b98f61f6aadf79354953b647b037,c:\Windows\System32\PortableDeviceWiaCompat.dll
61,PortableDeviceWiaCompat.dll,153600,2,86283382,1972-09-25T15:36:22.000Z,imports,kernel32.dll,GetCurrentProcessId,17cbba6c227af07e2738373951fbc7a8,80f0fee2f50746b1eb2550f313d7b520a4e1b98f61f6aadf79354953b647b037,c:\Windows\System32\PortableDeviceWiaCompat.dll
62,PortableDeviceWiaCompat.dll,153600,2,86283382,1972-09-25T15:36:22.000Z,imports,kernel32.dll,GetCurrentThreadId,17cbba6c227af07e2738373951fbc7a8,80f0fee2f50746b1eb2550f313d7b520a4e1b98f61f6aadf79354953b647b037,c:\Windows\System32\PortableDeviceWiaCompat.dll
63,PortableDeviceWiaCompat.dll,153600,2,86283382,1972-09-25T15:36:22.000Z,imports,kernel32.dll,GetLastError,17cbba6c227af07e2738373951fbc7a8,80f0fee2f50746b1eb2550f313d7b520a4e1b98f61f6aadf79354953b647b037,c:\Windows\System32\PortableDeviceWiaCompat.dll
64,PortableDeviceWiaCompat.dll,153600,2,86283382,1972-09-25T15:36:22.000Z,imports,kernel32.dll,GetModuleFileNameW,17cbba6c227af07e2738373951fbc7a8,80f0fee2f50746b1eb2550f313d7b520a4e1b98f61f6aadf79354953b647b037,c:\Windows\System32\PortableDeviceWiaCompat.dll
65,PortableDeviceWiaCompat.dll,153600,2,86283382,1972-09-25T15:36:22.000Z,imports,kernel32.dll,GetModuleHandleW,17cbba6c227af07e2738373951fbc7a8,80f0fee2f50746b1eb2550f313d7b520a4e1b98f61f6aadf79354953b647b037,c:\Windows\System32\PortableDeviceWiaCompat.dll
66,PortableDeviceWiaCompat.dll,153600,2,86283382,1972-09-25T15:36:22.000Z,imports,kernel32.dll,GetProcAddress,17cbba6c227af07e2738373951fbc7a8,80f0fee2f50746b1eb2550f313d7b520a4e1b98f61f6aadf79354953b647b037,c:\Windows\System32\PortableDeviceWiaCompat.dll
67,PortableDeviceWiaCompat.dll,153600,2,86283382,1972-09-25T15:36:22.000Z,imports,kernel32.dll,GetProcessHeap,17cbba6c227af07e2738373951fbc7a8,80f0fee2f50746b1eb2550f313d7b520a4e1b98f61f6aadf79354953b647b037,c:\Windows\System32\PortableDeviceWiaCompat.dll
68,PortableDeviceWiaCompat.dll,153600,2,86283382,1972-09-25T15:36:22.000Z,imports,kernel32.dll,GetSystemTimeAsFileTime,17cbba6c227af07e2738373951fbc7a8,80f0fee2f50746b1eb2550f313d7b520a4e1b98f61f6aadf79354953b647b037,c:\Windows\System32\PortableDeviceWiaCompat.dll
69,PortableDeviceWiaCompat.dll,153600,2,86283382,1972-09-25T15:36:22.000Z,imports,kernel32.dll,GetTickCount,17cbba6c227af07e2738373951fbc7a8,80f0fee2f50746b1eb2550f313d7b520a4e1b98f61f6aadf79354953b647b037,c:\Windows\System32\PortableDeviceWiaCompat.dll
70,PortableDeviceWiaCompat.dll,153600,2,86283382,1972-09-25T15:36:22.000Z,imports,kernel32.dll,HeapAlloc,17cbba6c227af07e2738373951fbc7a8,80f0fee2f50746b1eb2550f313d7b520a4e1b98f61f6aadf79354953b647b037,c:\Windows\System32\PortableDeviceWiaCompat.dll
71,PortableDeviceWiaCompat.dll,153600,2,86283382,1972-09-25T15:36:22.000Z,imports,kernel32.dll,HeapDestroy,17cbba6c227af07e2738373951fbc7a8,80f0fee2f50746b1eb2550f313d7b520a4e1b98f61f6aadf79354953b647b037,c:\Windows\System32\PortableDeviceWiaCompat.dll
72,PortableDeviceWiaCompat.dll,153600,2,86283382,1972-09-25T15:36:22.000Z,imports,kernel32.dll,HeapFree,17cbba6c227af07e2738373951fbc7a8,80f0fee2f50746b1eb2550f313d7b520a4e1b98f61f6aadf79354953b647b037,c:\Windows\System32\PortableDeviceWiaCompat.dll
73,PortableDeviceWiaCompat.dll,153600,2,86283382,1972-09-25T15:36:22.000Z,imports,kernel32.dll,HeapReAlloc,17cbba6c227af07e2738373951fbc7a8,80f0fee2f50746b1eb2550f313d7b520a4e1b98f61f6aadf79354953b647b037,c:\Windows\System32\PortableDeviceWiaCompat.dll
74,PortableDeviceWiaCompat.dll,153600,2,86283382,1972-09-25T15:36:22.000Z,imports,kernel32.dll,HeapSize,17cbba6c227af07e2738373951fbc7a8,80f0fee2f50746b1eb2550f313d7b520a4e1b98f61f6aadf79354953b647b037,c:\Windows\System32\PortableDeviceWiaCompat.dll
75,PortableDeviceWiaCompat.dll,153600,2,86283382,1972-09-25T15:36:22.000Z,imports,kernel32.dll,InitializeCriticalSection,17cbba6c227af07e2738373951fbc7a8,80f0fee2f50746b1eb2550f313d7b520a4e1b98f61f6aadf79354953b647b037,c:\Windows\System32\PortableDeviceWiaCompat.dll
76,PortableDeviceWiaCompat.dll,153600,2,86283382,1972-09-25T15:36:22.000Z,imports,kernel32.dll,LeaveCriticalSection,17cbba6c227af07e2738373951fbc7a8,80f0fee2f50746b1eb2550f313d7b520a4e1b98f61f6aadf79354953b647b037,c:\Windows\System32\PortableDeviceWiaCompat.dll
77,PortableDeviceWiaCompat.dll,153600,2,86283382,1972-09-25T15:36:22.000Z,imports,kernel32.dll,LoadLibraryExW,17cbba6c227af07e2738373951fbc7a8,80f0fee2f50746b1eb2550f313d7b520a4e1b98f61f6aadf79354953b647b037,c:\Windows\System32\PortableDeviceWiaCompat.dll
78,PortableDeviceWiaCompat.dll,153600,2,86283382,1972-09-25T15:36:22.000Z,imports,kernel32.dll,LoadResource,17cbba6c227af07e2738373951fbc7a8,80f0fee2f50746b1eb2550f313d7b520a4e1b98f61f6aadf79354953b647b037,c:\Windows\System32\PortableDeviceWiaCompat.dll
79,PortableDeviceWiaCompat.dll,153600,2,86283382,1972-09-25T15:36:22.000Z,imports,kernel32.dll,LockResource,17cbba6c227af07e2738373951fbc7a8,80f0fee2f50746b1eb2550f313d7b520a4e1b98f61f6aadf79354953b647b037,c:\Windows\System32\PortableDeviceWiaCompat.dll
80,PortableDeviceWiaCompat.dll,153600,2,86283382,1972-09-25T15:36:22.000Z,imports,kernel32.dll,MultiByteToWideChar,17cbba6c227af07e2738373951fbc7a8,80f0fee2f50746b1eb2550f313d7b520a4e1b98f61f6aadf79354953b647b037,c:\Windows\System32\PortableDeviceWiaCompat.dll
81,PortableDeviceWiaCompat.dll,153600,2,86283382,1972-09-25T15:36:22.000Z,imports,kernel32.dll,OutputDebugStringA,17cbba6c227af07e2738373951fbc7a8,80f0fee2f50746b1eb2550f313d7b520a4e1b98f61f6aadf79354953b647b037,c:\Windows\System32\PortableDeviceWiaCompat.dll
82,PortableDeviceWiaCompat.dll,153600,2,86283382,1972-09-25T15:36:22.000Z,imports,kernel32.dll,QueryPerformanceCounter,17cbba6c227af07e2738373951fbc7a8,80f0fee2f50746b1eb2550f313d7b520a4e1b98f61f6aadf79354953b647b037,c:\Windows\System32\PortableDeviceWiaCompat.dll
83,PortableDeviceWiaCompat.dll,153600,2,86283382,1972-09-25T15:36:22.000Z,imports,kernel32.dll,RaiseException,17cbba6c227af07e2738373951fbc7a8,80f0fee2f50746b1eb2550f313d7b520a4e1b98f61f6aadf79354953b647b037,c:\Windows\System32\PortableDeviceWiaCompat.dll
84,PortableDeviceWiaCompat.dll,153600,2,86283382,1972-09-25T15:36:22.000Z,imports,kernel32.dll,SetUnhandledExceptionFilter,17cbba6c227af07e2738373951fbc7a8,80f0fee2f50746b1eb2550f313d7b520a4e1b98f61f6aadf79354953b647b037,c:\Windows\System32\PortableDeviceWiaCompat.dll
85,PortableDeviceWiaCompat.dll,153600,2,86283382,1972-09-25T15:36:22.000Z,imports,kernel32.dll,SizeofResource,17cbba6c227af07e2738373951fbc7a8,80f0fee2f50746b1eb2550f313d7b520a4e1b98f61f6aadf79354953b647b037,c:\Windows\System32\PortableDeviceWiaCompat.dll
86,PortableDeviceWiaCompat.dll,153600,2,86283382,1972-09-25T15:36:22.000Z,imports,kernel32.dll,Sleep,17cbba6c227af07e2738373951fbc7a8,80f0fee2f50746b1eb2550f313d7b520a4e1b98f61f6aadf79354953b647b037,c:\Windows\System32\PortableDeviceWiaCompat.dll
87,PortableDeviceWiaCompat.dll,153600,2,86283382,1972-09-25T15:36:22.000Z,imports,kernel32.dll,TerminateProcess,17cbba6c227af07e2738373951fbc7a8,80f0fee2f50746b1eb2550f313d7b520a4e1b98f61f6aadf79354953b647b037,c:\Windows\System32\PortableDeviceWiaCompat.dll
88,PortableDeviceWiaCompat.dll,153600,2,86283382,1972-09-25T15:36:22.000Z,imports,kernel32.dll,UnhandledExceptionFilter,17cbba6c227af07e2738373951fbc7a8,80f0fee2f50746b1eb2550f313d7b520a4e1b98f61f6aadf79354953b647b037,c:\Windows\System32\PortableDeviceWiaCompat.dll
89,PortableDeviceWiaCompat.dll,153600,2,86283382,1972-09-25T15:36:22.000Z,imports,kernel32.dll,lstrcmpiW,17cbba6c227af07e2738373951fbc7a8,80f0fee2f50746b1eb2550f313d7b520a4e1b98f61f6aadf79354953b647b037,c:\Windows\System32\PortableDeviceWiaCompat.dll
90,PortableDeviceWiaCompat.dll,153600,2,86283382,1972-09-25T15:36:22.000Z,imports,user32.dll,CharNextW,17cbba6c227af07e2738373951fbc7a8,80f0fee2f50746b1eb2550f313d7b520a4e1b98f61f6aadf79354953b647b037,c:\Windows\System32\PortableDeviceWiaCompat.dll
91,PortableDeviceWiaCompat.dll,153600,2,86283382,1972-09-25T15:36:22.000Z,imports,user32.dll,GetDC,17cbba6c227af07e2738373951fbc7a8,80f0fee2f50746b1eb2550f313d7b520a4e1b98f61f6aadf79354953b647b037,c:\Windows\System32\PortableDeviceWiaCompat.dll
92,PortableDeviceWiaCompat.dll,153600,2,86283382,1972-09-25T15:36:22.000Z,imports,user32.dll,ReleaseDC,17cbba6c227af07e2738373951fbc7a8,80f0fee2f50746b1eb2550f313d7b520a4e1b98f61f6aadf79354953b647b037,c:\Windows\System32\PortableDeviceWiaCompat.dll
93,PortableDeviceWiaCompat.dll,153600,2,86283382,1972-09-25T15:36:22.000Z,imports,user32.dll,UnregisterClassA,17cbba6c227af07e2738373951fbc7a8,80f0fee2f50746b1eb2550f313d7b520a4e1b98f61f6aadf79354953b647b037,c:\Windows\System32\PortableDeviceWiaCompat.dll
94,PortableDeviceWiaCompat.dll,153600,2,86283382,1972-09-25T15:36:22.000Z,imports,ole32.dll,CLSIDFromString,17cbba6c227af07e2738373951fbc7a8,80f0fee2f50746b1eb2550f313d7b520a4e1b98f61f6aadf79354953b647b037,c:\Windows\System32\PortableDeviceWiaCompat.dll
95,PortableDeviceWiaCompat.dll,153600,2,86283382,1972-09-25T15:36:22.000Z,imports,ole32.dll,CoCreateInstance,17cbba6c227af07e2738373951fbc7a8,80f0fee2f50746b1eb2550f313d7b520a4e1b98f61f6aadf79354953b647b037,c:\Windows\System32\PortableDeviceWiaCompat.dll
96,PortableDeviceWiaCompat.dll,153600,2,86283382,1972-09-25T15:36:22.000Z,imports,ole32.dll,CoTaskMemAlloc,17cbba6c227af07e2738373951fbc7a8,80f0fee2f50746b1eb2550f313d7b520a4e1b98f61f6aadf79354953b647b037,c:\Windows\System32\PortableDeviceWiaCompat.dll
97,PortableDeviceWiaCompat.dll,153600,2,86283382,1972-09-25T15:36:22.000Z,imports,ole32.dll,CoTaskMemFree,17cbba6c227af07e2738373951fbc7a8,80f0fee2f50746b1eb2550f313d7b520a4e1b98f61f6aadf79354953b647b037,c:\Windows\System32\PortableDeviceWiaCompat.dll
98,PortableDeviceWiaCompat.dll,153600,2,86283382,1972-09-25T15:36:22.000Z,imports,ole32.dll,CoTaskMemRealloc,17cbba6c227af07e2738373951fbc7a8,80f0fee2f50746b1eb2550f313d7b520a4e1b98f61f6aadf79354953b647b037,c:\Windows\System32\PortableDeviceWiaCompat.dll
99,PortableDeviceWiaCompat.dll,153600,2,86283382,1972-09-25T15:36:22.000Z,imports,ole32.dll,CreateStreamOnHGlobal,17cbba6c227af07e2738373951fbc7a8,80f0fee2f50746b1eb2550f313d7b520a4e1b98f61f6aadf79354953b647b037,c:\Windows\System32\PortableDeviceWiaCompat.dll
100,PortableDeviceWiaCompat.dll,153600,2,86283382,1972-09-25T15:36:22.000Z,imports,ole32.dll,PropVariantClear,17cbba6c227af07e2738373951fbc7a8,80f0fee2f50746b1eb2550f313d7b520a4e1b98f61f6aadf79354953b647b037,c:\Windows\System32\PortableDeviceWiaCompat.dll
101,PortableDeviceWiaCompat.dll,153600,2,86283382,1972-09-25T15:36:22.000Z,imports,ole32.dll,StringFromGUID2,17cbba6c227af07e2738373951fbc7a8,80f0fee2f50746b1eb2550f313d7b520a4e1b98f61f6aadf79354953b647b037,c:\Windows\System32\PortableDeviceWiaCompat.dll
102,PortableDeviceWiaCompat.dll,153600,2,86283382,1972-09-25T15:36:22.000Z,imports,gdiplus.dll,GdipAlloc,17cbba6c227af07e2738373951fbc7a8,80f0fee2f50746b1eb2550f313d7b520a4e1b98f61f6aadf79354953b647b037,c:\Windows\System32\PortableDeviceWiaCompat.dll
103,PortableDeviceWiaCompat.dll,153600,2,86283382,1972-09-25T15:36:22.000Z,imports,gdiplus.dll,GdipCloneImage,17cbba6c227af07e2738373951fbc7a8,80f0fee2f50746b1eb2550f313d7b520a4e1b98f61f6aadf79354953b647b037,c:\Windows\System32\PortableDeviceWiaCompat.dll
104,PortableDeviceWiaCompat.dll,153600,2,86283382,1972-09-25T15:36:22.000Z,imports,gdiplus.dll,GdipCreateBitmapFromGdiDib,17cbba6c227af07e2738373951fbc7a8,80f0fee2f50746b1eb2550f313d7b520a4e1b98f61f6aadf79354953b647b037,c:\Windows\System32\PortableDeviceWiaCompat.dll
105,PortableDeviceWiaCompat.dll,153600,2,86283382,1972-09-25T15:36:22.000Z,imports,gdiplus.dll,GdipCreateHBITMAPFromBitmap,17cbba6c227af07e2738373951fbc7a8,80f0fee2f50746b1eb2550f313d7b520a4e1b98f61f6aadf79354953b647b037,c:\Windows\System32\PortableDeviceWiaCompat.dll
106,PortableDeviceWiaCompat.dll,153600,2,86283382,1972-09-25T15:36:22.000Z,imports,gdiplus.dll,GdipDeleteGraphics,17cbba6c227af07e2738373951fbc7a8,80f0fee2f50746b1eb2550f313d7b520a4e1b98f61f6aadf79354953b647b037,c:\Windows\System32\PortableDeviceWiaCompat.dll
107,PortableDeviceWiaCompat.dll,153600,2,86283382,1972-09-25T15:36:22.000Z,imports,gdiplus.dll,GdipDisposeImage,17cbba6c227af07e2738373951fbc7a8,80f0fee2f50746b1eb2550f313d7b520a4e1b98f61f6aadf79354953b647b037,c:\Windows\System32\PortableDeviceWiaCompat.dll
108,PortableDeviceWiaCompat.dll,153600,2,86283382,1972-09-25T15:36:22.000Z,imports,gdiplus.dll,GdipDrawImageRect,17cbba6c227af07e2738373951fbc7a8,80f0fee2f50746b1eb2550f313d7b520a4e1b98f61f6aadf79354953b647b037,c:\Windows\System32\PortableDeviceWiaCompat.dll
109,PortableDeviceWiaCompat.dll,153600,2,86283382,1972-09-25T15:36:22.000Z,imports,gdiplus.dll,GdipFree,17cbba6c227af07e2738373951fbc7a8,80f0fee2f50746b1eb2550f313d7b520a4e1b98f61f6aadf79354953b647b037,c:\Windows\System32\PortableDeviceWiaCompat.dll
110,PortableDeviceWiaCompat.dll,153600,2,86283382,1972-09-25T15:36:22.000Z,imports,gdiplus.dll,GdipGetImageEncoders,17cbba6c227af07e2738373951fbc7a8,80f0fee2f50746b1eb2550f313d7b520a4e1b98f61f6aadf79354953b647b037,c:\Windows\System32\PortableDeviceWiaCompat.dll
111,PortableDeviceWiaCompat.dll,153600,2,86283382,1972-09-25T15:36:22.000Z,imports,gdiplus.dll,GdipGetImageEncodersSize,17cbba6c227af07e2738373951fbc7a8,80f0fee2f50746b1eb2550f313d7b520a4e1b98f61f6aadf79354953b647b037,c:\Windows\System32\PortableDeviceWiaCompat.dll
112,PortableDeviceWiaCompat.dll,153600,2,86283382,1972-09-25T15:36:22.000Z,imports,gdiplus.dll,GdipGetImageGraphicsContext,17cbba6c227af07e2738373951fbc7a8,80f0fee2f50746b1eb2550f313d7b520a4e1b98f61f6aadf79354953b647b037,c:\Windows\System32\PortableDeviceWiaCompat.dll
113,PortableDeviceWiaCompat.dll,153600,2,86283382,1972-09-25T15:36:22.000Z,imports,gdiplus.dll,GdipGetImageHeight,17cbba6c227af07e2738373951fbc7a8,80f0fee2f50746b1eb2550f313d7b520a4e1b98f61f6aadf79354953b647b037,c:\Windows\System32\PortableDeviceWiaCompat.dll
114,PortableDeviceWiaCompat.dll,153600,2,86283382,1972-09-25T15:36:22.000Z,imports,gdiplus.dll,GdipGetImageWidth,17cbba6c227af07e2738373951fbc7a8,80f0fee2f50746b1eb2550f313d7b520a4e1b98f61f6aadf79354953b647b037,c:\Windows\System32\PortableDeviceWiaCompat.dll
115,PortableDeviceWiaCompat.dll,153600,2,86283382,1972-09-25T15:36:22.000Z,imports,gdiplus.dll,GdipLoadImageFromStream,17cbba6c227af07e2738373951fbc7a8,80f0fee2f50746b1eb2550f313d7b520a4e1b98f61f6aadf79354953b647b037,c:\Windows\System32\PortableDeviceWiaCompat.dll
116,PortableDeviceWiaCompat.dll,153600,2,86283382,1972-09-25T15:36:22.000Z,imports,gdiplus.dll,GdipSaveImageToStream,17cbba6c227af07e2738373951fbc7a8,80f0fee2f50746b1eb2550f313d7b520a4e1b98f61f6aadf79354953b647b037,c:\Windows\System32\PortableDeviceWiaCompat.dll
117,PortableDeviceWiaCompat.dll,153600,2,86283382,1972-09-25T15:36:22.000Z,imports,gdiplus.dll,GdiplusShutdown,17cbba6c227af07e2738373951fbc7a8,80f0fee2f50746b1eb2550f313d7b520a4e1b98f61f6aadf79354953b647b037,c:\Windows\System32\PortableDeviceWiaCompat.dll
118,PortableDeviceWiaCompat.dll,153600,2,86283382,1972-09-25T15:36:22.000Z,imports,gdiplus.dll,GdiplusStartup,17cbba6c227af07e2738373951fbc7a8,80f0fee2f50746b1eb2550f313d7b520a4e1b98f61f6aadf79354953b647b037,c:\Windows\System32\PortableDeviceWiaCompat.dll
119,PortableDeviceWiaCompat.dll,153600,2,86283382,1972-09-25T15:36:22.000Z,imports,wiaservc.dll,wiasCreateDrvItem,17cbba6c227af07e2738373951fbc7a8,80f0fee2f50746b1eb2550f313d7b520a4e1b98f61f6aadf79354953b647b037,c:\Windows\System32\PortableDeviceWiaCompat.dll
120,PortableDeviceWiaCompat.dll,153600,2,86283382,1972-09-25T15:36:22.000Z,imports,wiaservc.dll,wiasCreatePropContext,17cbba6c227af07e2738373951fbc7a8,80f0fee2f50746b1eb2550f313d7b520a4e1b98f61f6aadf79354953b647b037,c:\Windows\System32\PortableDeviceWiaCompat.dll
121,PortableDeviceWiaCompat.dll,153600,2,86283382,1972-09-25T15:36:22.000Z,imports,wiaservc.dll,wiasFreePropContext,17cbba6c227af07e2738373951fbc7a8,80f0fee2f50746b1eb2550f313d7b520a4e1b98f61f6aadf79354953b647b037,c:\Windows\System32\PortableDeviceWiaCompat.dll
122,PortableDeviceWiaCompat.dll,153600,2,86283382,1972-09-25T15:36:22.000Z,imports,wiaservc.dll,wiasGetDrvItem,17cbba6c227af07e2738373951fbc7a8,80f0fee2f50746b1eb2550f313d7b520a4e1b98f61f6aadf79354953b647b037,c:\Windows\System32\PortableDeviceWiaCompat.dll
123,PortableDeviceWiaCompat.dll,153600,2,86283382,1972-09-25T15:36:22.000Z,imports,wiaservc.dll,wiasGetItemType,17cbba6c227af07e2738373951fbc7a8,80f0fee2f50746b1eb2550f313d7b520a4e1b98f61f6aadf79354953b647b037,c:\Windows\System32\PortableDeviceWiaCompat.dll
124,PortableDeviceWiaCompat.dll,153600,2,86283382,1972-09-25T15:36:22.000Z,imports,wiaservc.dll,wiasQueueEvent,17cbba6c227af07e2738373951fbc7a8,80f0fee2f50746b1eb2550f313d7b520a4e1b98f61f6aadf79354953b647b037,c:\Windows\System32\PortableDeviceWiaCompat.dll
125,PortableDeviceWiaCompat.dll,153600,2,86283382,1972-09-25T15:36:22.000Z,imports,wiaservc.dll,wiasReadMultiple,17cbba6c227af07e2738373951fbc7a8,80f0fee2f50746b1eb2550f313d7b520a4e1b98f61f6aadf79354953b647b037,c:\Windows\System32\PortableDeviceWiaCompat.dll
126,PortableDeviceWiaCompat.dll,153600,2,86283382,1972-09-25T15:36:22.000Z,imports,wiaservc.dll,wiasReadPropGuid,17cbba6c227af07e2738373951fbc7a8,80f0fee2f50746b1eb2550f313d7b520a4e1b98f61f6aadf79354953b647b037,c:\Windows\System32\PortableDeviceWiaCompat.dll
127,PortableDeviceWiaCompat.dll,153600,2,86283382,1972-09-25T15:36:22.000Z,imports,wiaservc.dll,wiasReadPropLong,17cbba6c227af07e2738373951fbc7a8,80f0fee2f50746b1eb2550f313d7b520a4e1b98f61f6aadf79354953b647b037,c:\Windows\System32\PortableDeviceWiaCompat.dll
128,PortableDeviceWiaCompat.dll,153600,2,86283382,1972-09-25T15:36:22.000Z,imports,wiaservc.dll,wiasSetItemPropAttribs,17cbba6c227af07e2738373951fbc7a8,80f0fee2f50746b1eb2550f313d7b520a4e1b98f61f6aadf79354953b647b037,c:\Windows\System32\PortableDeviceWiaCompat.dll
129,PortableDeviceWiaCompat.dll,153600,2,86283382,1972-09-25T15:36:22.000Z,imports,wiaservc.dll,wiasSetItemPropNames,17cbba6c227af07e2738373951fbc7a8,80f0fee2f50746b1eb2550f313d7b520a4e1b98f61f6aadf79354953b647b037,c:\Windows\System32\PortableDeviceWiaCompat.dll
130,PortableDeviceWiaCompat.dll,153600,2,86283382,1972-09-25T15:36:22.000Z,imports,wiaservc.dll,wiasUpdateValidFormat,17cbba6c227af07e2738373951fbc7a8,80f0fee2f50746b1eb2550f313d7b520a4e1b98f61f6aadf79354953b647b037,c:\Windows\System32\PortableDeviceWiaCompat.dll
131,PortableDeviceWiaCompat.dll,153600,2,86283382,1972-09-25T15:36:22.000Z,imports,wiaservc.dll,wiasValidateItemProperties,17cbba6c227af07e2738373951fbc7a8,80f0fee2f50746b1eb2550f313d7b520a4e1b98f61f6aadf79354953b647b037,c:\Windows\System32\PortableDeviceWiaCompat.dll
132,PortableDeviceWiaCompat.dll,153600,2,86283382,1972-09-25T15:36:22.000Z,imports,wiaservc.dll,wiasWriteBufToFile,17cbba6c227af07e2738373951fbc7a8,80f0fee2f50746b1eb2550f313d7b520a4e1b98f61f6aadf79354953b647b037,c:\Windows\System32\PortableDeviceWiaCompat.dll
133,PortableDeviceWiaCompat.dll,153600,2,86283382,1972-09-25T15:36:22.000Z,imports,wiaservc.dll,wiasWriteMultiple,17cbba6c227af07e2738373951fbc7a8,80f0fee2f50746b1eb2550f313d7b520a4e1b98f61f6aadf79354953b647b037,c:\Windows\System32\PortableDeviceWiaCompat.dll
134,PortableDeviceWiaCompat.dll,153600,2,86283382,1972-09-25T15:36:22.000Z,imports,wiaservc.dll,wiasWritePropGuid,17cbba6c227af07e2738373951fbc7a8,80f0fee2f50746b1eb2550f313d7b520a4e1b98f61f6aadf79354953b647b037,c:\Windows\System32\PortableDeviceWiaCompat.dll
135,PortableDeviceWiaCompat.dll,153600,2,86283382,1972-09-25T15:36:22.000Z,imports,wiaservc.dll,wiasWritePropLong,17cbba6c227af07e2738373951fbc7a8,80f0fee2f50746b1eb2550f313d7b520a4e1b98f61f6aadf79354953b647b037,c:\Windows\System32\PortableDeviceWiaCompat.dll
136,PortableDeviceWiaCompat.dll,153600,2,86283382,1972-09-25T15:36:22.000Z,exports,PortableDeviceWiaCompat.dll,DllCanUnloadNow,17cbba6c227af07e2738373951fbc7a8,80f0fee2f50746b1eb2550f313d7b520a4e1b98f61f6aadf79354953b647b037,c:\Windows\System32\PortableDeviceWiaCompat.dll
137,PortableDeviceWiaCompat.dll,153600,2,86283382,1972-09-25T15:36:22.000Z,exports,PortableDeviceWiaCompat.dll,DllGetClassObject,17cbba6c227af07e2738373951fbc7a8,80f0fee2f50746b1eb2550f313d7b520a4e1b98f61f6aadf79354953b647b037,c:\Windows\System32\PortableDeviceWiaCompat.dll
138,PortableDeviceWiaCompat.dll,153600,2,86283382,1972-09-25T15:36:22.000Z,exports,PortableDeviceWiaCompat.dll,DllRegisterServer,17cbba6c227af07e2738373951fbc7a8,80f0fee2f50746b1eb2550f313d7b520a4e1b98f61f6aadf79354953b647b037,c:\Windows\System32\PortableDeviceWiaCompat.dll
139,PortableDeviceWiaCompat.dll,153600,2,86283382,1972-09-25T15:36:22.000Z,exports,PortableDeviceWiaCompat.dll,DllUnregisterServer,17cbba6c227af07e2738373951fbc7a8,80f0fee2f50746b1eb2550f313d7b520a4e1b98f61f6aadf79354953b647b037,c:\Windows\System32\PortableDeviceWiaCompat.dll
