,col0,col1,col2,col3,col4,col5,col6,col7,col8,col9,col10
0,6184123,comment,6182514.0,6183331.0,3,0,laxatives,,,"IMO just finish chapter 14 and you&#x27;ve basically finished the Godel portion of the book. The rest felt more like Hofstadter&#x27;s random musings on AI, DNA and some other topics (some of which felt outdated). There&#x27;s some crazy anecdotes of Ramanujin that I had never heard elsewhere though.",1376031578
1,6184122,story,,,1,0,thescreamer,Poiunity - add your personal POI by Eyeglossa,,"Is available on Eyeglossa iOS app an amazing new features: POIUNITY.\nPOIUNITY allows users to add and share custom POIs with all users of Eyeglossa. You can add Street food, Restaurants, buildings, graffiti, murals, statues, monuments, views, curiosity, opportunity, amazing things.. and everything you find interesting. Give it a try!",1376031567
2,6184121,comment,6181011.0,6181011.0,1,0,lostlogin,,,"The list of accidents at the end of the entry has a few relating to hospital gear being stolen. They are all pretty horrific, beaten only by the links to radiation therapy accidents killing patients. It&#x27;s scary stuff.",1376031523
3,6184120,comment,6183833.0,6184069.0,2,0,charliesome,,,"> <i>C++ const has no effect on optimization, since it can be casted away.</i><p>Modifying an object that has had its const-ness casted away is undefined behaviour.",1376031509
4,6184119,story,,,2,0,ColinWright,N.J. man fined $32K for illegal GPS device that disrupted Newark airport system,http://www.nj.com/news/index.ssf/2013/08/man_fined_32000_for_blocking_newark_airport_tracking_system.html,,1376031486
5,6184118,comment,6180186.0,6181879.0,2,0,gioele,,,"Your service is nice, but the whole point of my question was to have to a simple way to install something that could make me independent of any 3rd-party service like yours. :)",1376031453
6,6184117,comment,6183788.0,6183788.0,15,0,philip1209,,,"In response to these email shutdowns, I propose a PGP key signing party in SOMA tomorrow.",1376031433
7,6184116,comment,6182690.0,6183118.0,2,0,jff,,,I&#x27;ve used a real green-on-black VT-220 and it nearly blinded me when I looked away after a few hours. Everything looked purple.,1376031422
8,6184115,comment,6181011.0,6182014.0,2,0,lostlogin,,,"I&#x27;m slightly surprised that anyone working in a scrap metal place would assume that a glowing metal was supernatural before considering the possibility of something harmful. Surely a scrap place would encounter dangerous substances and metals regularly? I assume that very poor standards, little in the way of education and cultural differences come into it, but this turned into one hell of a disaster.",1376031392
9,6184114,comment,6182507.0,6183535.0,6,0,Decade,,,"Regarding the food item from Whole Foods, I doubt that she needed to shoplift in order to eat. Even if she did, there are certainly cheaper and more accessible places to shoplift than Whole Foods. This is not Bourbon Restoration France.<p>In my experience, when a crazy person gets the urge to take someone else&#x27;s thing, then that person is not thinking, &quot;Oh, it&#x27;s theirs, hands off.&quot; The crazy person is just acting out the urges, and the lady was genuinely surprised that the police officers would have a problem with what she was doing.<p>I don&#x27;t think the article was proposing ankle bracelets for everyone. That was just one solution that worked for some of Mr. Dart&#x27;s patients. Incidentally, how messed up is it, that the sheriff is in charge of creating a decent home for the mentally ill in his district.<p>Those of us who deal with the marginally criminally insane, know that the system is just not set up to handle them. These people need adult supervision, and the social service just throws them into the street, to be arrested and put in jail every time.",1376031358
10,6184112,story,,,1,0,maskofsanity,"Silent Circle, Lavabit crypto mail shut down","http://www.scmagazine.com.au/News/352965,silent-circle-lavabit-crypto-mail-shut-down.aspx",,1376031155
11,6184111,comment,6182514.0,6182514.0,3,0,6ren,,,"There&#x27;s a translation of Gdel&#x27;s paper linked via his wikipedia entries  <a href=""https://docs.google.com/viewer?url=http://www.research.ibm.com/people/h/hirzel/papers/canon00-goedel.pdf"" rel=""nofollow"">https://docs.google.com/viewer?url=http://www.research.ibm.c...</a> [google docs viewer]<p>curious facts: he died of starvation; he was a theist <a href=""http://en.wikipedia.org/wiki/Kurt_G%C3%B6del#Later_years_and_death"" rel=""nofollow"">http://en.wikipedia.org/wiki/Kurt_G%C3%B6del#Later_years_and...</a>",1376031151
12,6184110,comment,6182374.0,6183782.0,3,0,jacques_chester,,,"Generally, no. The key difference between personal and corporate tax in most countries is that personal tax is conceptually taxed <i>first</i>, after which you can spend what&#x27;s left. But a corporation gets to spend <i>first</i>, after which taxes are levied on whatever remains.<p>Unlike you or I, if a company makes no profits, it pays no tax on its income.<p>The basic reason is because <i>income</i> is seen as distinct from <i>profit</i>. If personal income taxes were based on a profit-like model, you would require everyone in a country to keep double-entry books on every transaction they made. That is unlikely to be a very popular policy.<p>I am not an accountant, this is not financial advice.",1376031134
13,6184109,comment,6178351.0,6178351.0,2,0,zakarum009,,,"I would only fund this on the last day if I knew it was going to make it..  $695 is a very steep price, especially for a college student.  I would love to back the device, but to have that much booze money disappear would be a shame.",1376031085
14,6184108,story,,,1,0,filipmaertens,Ukrainian Carder in $5 Million Ring Sentenced to 14-Plus Years in Prison,http://www.wired.com/threatlevel/2013/08/carder-eskalibur-sentenced/,,1376031081
15,6184107,comment,6183869.0,6183869.0,2,0,lamby,,,... but does it convert better?,1376031027
16,6184106,comment,6183935.0,6183935.0,1,0,Qantourisc,,,"&quot;please re-open the servers just that we can recover the info!!!&quot; -> maybe the gag order is in place, and when you open your email they get the mail.",1376030995
17,6184104,comment,6182461.0,6182461.0,3,0,timc3,,,"I wouldn&#x27;t trust this at all. If the Swedish police are really interested they will confiscate the servers and worry about whether its lawful at a later date ala Bahnhof raid<p><a href=""http://associatedepress.org/swedish-police-confiscated-three-servers-during-raid-on-former-pirate-bay-host/"" rel=""nofollow"">http://associatedepress.org/swedish-police-confiscated-three...</a><p>Or they will get a warrant that they believe is related and take them: <a href=""http://en.wikipedia.org/wiki/The_Pirate_Bay_raid"" rel=""nofollow"">http://en.wikipedia.org/wiki/The_Pirate_Bay_raid</a><p>Plus the problems other&#x27;s have pointed out.<p>Norway would be a better end destination if you want your servers in North Europe.",1376030991
18,6184103,comment,6182461.0,6182461.0,6,0,subsystem,,,"&quot;President Barack Obama has canceled a planned meeting in Moscow with Russia&#x27;s President Vladimir Putin - a diplomatic snub that follows tensions over NSA leaker Edward Snowden. [...] In place of the canceled Putin meeting, Obama will visit Sweden, according to a White House statement that called Sweden &#x27;a close friend and partner to the United States.&#x27;&quot;<p><a href=""http://worldnews.nbcnews.com/_news/2013/08/07/19912184-obama-cancels-meeting-with-putin-amid-russia-tensions?lite"" rel=""nofollow"">http://worldnews.nbcnews.com/_news/2013/08/07/19912184-obama...</a>",1376030944
19,6184102,comment,6181897.0,6184017.0,7,0,DanWaterworth,,,"<i>If you want to pitch Rust to the engine guys, you&#x27;re going to be battling against their toolchains that have been developed for decades and have some of the best static analysis tools under the sun.</i><p>I&#x27;ve never used static analysis tools for C++, but from what I&#x27;ve heard, the reason they need to be so advanced is because C++ is so difficult to analyse. Rust, on the other hand, with it&#x27;s strong, static type system, may not even require extra static analysis tools to be used effectively.",1376030943
20,6184101,story,,,2,0,Codeson,A DEF CON postscript: Said the FBI agent to the taxi driver,http://www.zdnet.com/a-def-con-postscript-said-the-fbi-agent-to-the-taxi-driver-7000019180/?,,1376030926
21,6184100,comment,6183713.0,6183713.0,2,0,hayksaakian,,,"Awesome company, I just hope it&#x27;s sustainable.<p>Good pay + Low prices seems like a difficult combination",1376030919
22,6184099,comment,6183935.0,6183935.0,1,0,Qantourisc,,,They are imo doing the right thing.,1376030895
23,6184098,comment,6181897.0,6184039.0,2,0,smosher,,,> Would this open the possibility of configuring schedulers ...<p>I&#x27;ve been assured that it&#x27;s the plan. I have no idea how much of it works right now though. I&#x27;ve only done one build with the new rt and it doesn&#x27;t involve tasks.,1376030881
24,6184097,comment,6182374.0,6183233.0,5,0,jacques_chester,,,"Taxes are levied against <i>profit</i>, not <i>revenue</i>.<p>If you spend the money on operational expenses (OpEx), then you reduce your profit by that amount and thus your taxes.<p>If you spend the money on capital expenses (CapEx), you create assets that will depreciate in future. The depreciation can be deducted from your profit and also reduce your taxes in forward periods.<p>Thus a company can arrange its affairs to have very high free cash flow but low profits. And sometimes vice versa, which usually leads to unhappy surprises for careless investors.",1376030832
25,6184095,story,,,1,0,rmason,"How South Bend, Indiana saved $100 million by tracking its sewers via the cloud",http://www.fastcompany.com/3014805/how-south-bend-indiana-saved-100-million-by-tracking-its-sewers,,1376030789
26,6184094,comment,6181081.0,6181240.0,1,0,jaekwon,,,"Is this relevant?<p><a href=""http://securitywatch.pcmag.com/privacy/309277-judge-says-fbi-gag-orders-violate-first-amendment"" rel=""nofollow"">http://securitywatch.pcmag.com/privacy/309277-judge-says-fbi...</a><p>and<p><a href=""http://www.outsidethebeltway.com/judge-orders-google-to-comply-with-secret-fbi-demands-for-user-information/"" rel=""nofollow"">http://www.outsidethebeltway.com/judge-orders-google-to-comp...</a>",1376030761
27,6184093,story,,,1,0,rmldsky,Test-Driven Development: Extensive Tutorial (Free OpenSource eBook),http://grzesiek-galezowski.github.io/tdd-ebook/,,1376030749
28,6184092,comment,6183833.0,6183833.0,13,0,Qantourisc,,,"Or even better then double:<p>inline void updateCachedWidth() {\n    m_cachedWidth = computeWidth() * deviceScaleFactor();\n}<p>Ghee, was that line so hard to read ? No it&#x27;s easier ! (Might have just been an example though.)",1376030749
29,6184090,story,,,1,0,yapsody, No Extra fees for buying and selling tickets online at Yapsody,https://www.yapsody.com/about_us,,1376030740
30,6184089,comment,6181483.0,6181483.0,1,0,timbock,,,"Cool, what sort of stack are you running this on?",1376030690
31,6184088,story,,,1,0,patman_h,[video] Bebo is relaunching (NSFW)?,https://www.youtube.com/watch?v=Lm9J8Glk0bE&feature=player_embedded,,1376030645
32,6184087,comment,6182690.0,6183219.0,38,0,bradgessler,,,"Fear not! I brought blink back at <a href=""http://terribleideas.neocities.org/"" rel=""nofollow"">http://terribleideas.neocities.org/</a> (and a bunch of other really terrible tags, like <shudder/>).",1376030603
33,6184086,comment,6181897.0,6184017.0,8,0,copx,,,"All good points but there is one strong argument in favor of Rust: memory safety. It seems to be the norm for games these days to CTD (crash to desktop) sooner or later. I find that unacceptable to the point that it makes me angry.<p>C++ makes it way too easy to corrupt random sections of memory.. which leads to random CTDs. Rust was designed from the ground up to prevent these dreadful bugs.<p>AAA games are overwhelmingly written by relatively inexperienced, overworked cowboy coders on a tight schedule who are expected to write optimized code. Expecting C++ code without memory corruption bugs in that situation is simply unrealistic.<p>As a customer I truly hope the industry adopts Rust or another language where memory corruption is impossible or only possible if you explicitly ask for it. I am so sick of CTDs.",1376030588
34,6184085,comment,6180186.0,6183221.0,1,0,Skalman,,,"Oh yeah - I use about 5 different profiles with one main profile. It&#x27;s not a solution, though: I want to be logged into main@gmail.com and log into other sites with randomstring@gmail.com and I&#x27;d prefer to not have to be logged in there at all.",1376030576
35,6184084,comment,6182374.0,6183199.0,1,0,laxatives,,,"I think thats only true if you have a lot of faith in the company. If you were guaranteed greater return on reinvest, of course that would be better. But all you&#x27;re getting is less (or no) money now and the promise for more money later. If this isn&#x27;t something your emotionally attached to, it sounds like you&#x27;re just getting screwed.",1376030550
36,6184083,comment,6183820.0,6183980.0,2,0,prawn,,,"I avoided it for a long time trying to look for a different way to progress to another page. After two screens and slow load times (my connection, I&#x27;d bet), I bailed confused and hoped to find more info here in the comments.",1376030530
37,6184081,comment,6182507.0,6183872.0,5,0,sliverstorm,,,"It would be hard to document such cases, when public nudity has been restricted for thousands of years.<p>You should not have to stretch your imagination, however, to figure out all the possible transmission vectors.",1376030469
38,6184080,comment,6181081.0,6181688.0,1,0,jaekwon,,,"Aren&#x27;t gag orders challengeable? I thought they were found unconstitutional.<p><a href=""http://securitywatch.pcmag.com/privacy/309277-judge-says-fbi-gag-orders-violate-first-amendment"" rel=""nofollow"">http://securitywatch.pcmag.com/privacy/309277-judge-says-fbi...</a>",1376030424
39,6184079,comment,6182507.0,6183609.0,6,0,jotm,,,"Oh come on, it&#x27;s not like people will start walking around naked just because...",1376030414
40,6184078,story,,,1,0,sinopec,Facebooks Nonexistent Video Ads Could Be a $1 Billion Business Next Year,http://allthingsd.com/20130808/facebooks-non-existent-video-ads-could-be-a-1-billion-business-next-year/,,1376030408
41,6184077,comment,6181081.0,6182087.0,3,0,jaekwon,,,"Haven&#x27;t NSL gag orders been found unconstitutional?<p><a href=""http://securitywatch.pcmag.com/privacy/309277-judge-says-fbi-gag-orders-violate-first-amendment"" rel=""nofollow"">http://securitywatch.pcmag.com/privacy/309277-judge-says-fbi...</a><p>I wonder why he didn&#x27;t challenge it.",1376030388
42,6184076,comment,6182461.0,6183508.0,3,0,iuguy,,,"> Would you trust it more if it required JavaScript instead of Java?\n> Why or why not?<p>A couple of months ago I started working on a contact form using OpenPGP.js[1]. The idea was that by having the content in javascript it wouldn&#x27;t need third-party plugins and would send encrypted e-mails to an unknown address. Ideal for something like a drop box or simply to ensure that your granny can securely contact you without understanding encryption. After considerable thought and evaluation I decided against publishing it rather than risk people adopting a solution I felt that ultimately I couldn&#x27;t appropriately secure.<p>Fundamentally the biggest problems with Javascript cryptography (as far as I can tell, and I&#x27;m not a cryptographer, I&#x27;m a security specialist) are (in no particular order):<p>* Differences between implementations in different browsers, different Operating Systems, the same browser on different Operating Systems etc.<p>* Sources of randomness across different platforms<p>* Getting the Javascript to the user securely in a trustworthy manner<p>* Caching (which can be both good and bad depending on whether the point above has been resolved)<p>These are just a few of the problems without even getting to the horrible stuff like bugs in JS implementations that could either affect crypto safety or result in exploitable conditions compromising either data or the client system.<p>Java on the other hand is fairly standard across systems (to a point, but a point that can be largely controlled by the applet) and has some fairly robust crypto interfaces and 3rd-party components. That trust issue about getting the code to the target securely is still the same.<p>[1] - <a href=""http://openpgpjs.org/"" rel=""nofollow"">http://openpgpjs.org/</a>",1376030362
43,6184075,comment,6182374.0,6182995.0,2,0,laxatives,,,"Returns though lockers. You don&#x27;t like it, you bring it to a locker (ie 7-11 or college campus) and Amazon will eat the shipping fees.",1376030346
44,6184074,comment,6182541.0,6182541.0,1,0,gestixi,,,"CSS background-size is quite limited compared to this plugin. You can check you the Sproutcore Automatic Image Scaling demo to see all of the scale options in action: <a href=""http://showcase.sproutcore.com/#demos/Automatic%20Image%20Scaling"" rel=""nofollow"">http://showcase.sproutcore.com/#demos/Automatic%20Image%20Sc...</a><p>Furthermore, there is some cases where you want, or simply have to, use and IMG tag. In this case, CSS background can&#x27;t help you.",1376030340
45,6184073,comment,6183833.0,6184007.0,3,0,dmytrish,,,"There is[1] a `pure` attribute in GCC extensions to C and C++:<p><pre><code>    int square (int) __attribute__ ((pure));\n</code></pre>\nBut I can&#x27;t say how smart is the compiler in handling those attributes.<p>[1] <a href=""http://gcc.gnu.org/onlinedocs/gcc/Function-Attributes.html"" rel=""nofollow"">http://gcc.gnu.org/onlinedocs/gcc/Function-Attributes.html</a>",1376030336
46,6184072,comment,6141639.0,6142094.0,1,0,nileshtrivedi,,,"> The ones who come over here beat out all the ones back home for it.<p>While there is some truth to it, it&#x27;s important to keep in mind that there are quite a few exceptions to it. Many people have returned from US for various reasons. Many simply didn&#x27;t go to US because of visa hassles or personal reasons.<p>As an example, I refused an H1B assignment for a boring Enterprise SW job in Arizona that would have paid 4500$/mo, instead opting for a career with local startups which has worked our rather well, both professionally and personally. (A job with a startup in US sounds definitely better to me than one in India. Few are willing to sponsor H1B though.)<p>What I mean is that career options in USA are not <i>universally</i> attractive. Some jobs in India are much better than <i>some</i> jobs in US.",1376030209
47,6184071,comment,6181081.0,6181517.0,1,0,rwallace,,,"I&#x27;m going to throw in a suggestion that I haven&#x27;t otherwise seen made in this discussion.<p>Governments&#x27; justification for surveillance is that it&#x27;s necessary for fighting terrorism. Okay, I can&#x27;t say how useful it is for that purpose, I&#x27;m not privy to the relevant data; hopefully we can all agree fighting terrorism is a good thing as far as it goes, and it&#x27;s clear governments believe surveillance is part of that.<p>And if surveillance data was only going to be used against terrorists, that would be fine. The reason many of us are so wary of pervasive surveillance is that we reasonably fear it won&#x27;t stop there.<p>Would it be politically easier, would governments be more amenable, to attacking that problem instead? To say: fine, the NSA and its counterparts in other countries can have their surveillance, but only if the firewall between the NSA and other branches of government is strengthened to stop the data being used for any purpose except counterterrorism.",1376030205
48,6184070,comment,6180186.0,6181799.0,1,0,Skalman,,,"Yet another use case that&#x27;s more difficult now: I use randomstring@gmail.com for some sites where I expect to get lots of spam, and then forward email based on some filters.",1376030190
49,6184069,comment,6183833.0,6184043.0,3,0,brigade,,,"Wrong const. He&#x27;s talking about the gcc function attribute extension, which most of the time is too strict, so recommending its general use isn&#x27;t a great idea.<p>C++ const has no effect on optimization, since it can be casted away.<p>And being aware of aliasing issues is a good idea in general; nothing the compiler does can fix this in the general case (e.g. if computeWidth() is located in an external shared library it&#x27;s basically impossible for the compiler to determine that it can&#x27;t modify m_cachedWidth)",1376030132
50,6184068,comment,6181897.0,6182720.0,4,0,fhd2,,,"That&#x27;s how people manage to make games despite GC, but I always thought it&#x27;s a huge hack, having been there. If all you do with your GC is fight it, is it actually a good idea to have it?<p>One thing that makes me excited about Rust is that GC is optional.",1376030130
51,6184067,comment,6181897.0,6183791.0,8,0,klausa,,,"Targeting 30fps, you have 33ms to render whole frame. Losing 20 ms of that to GC would make things challenging.<p>And if you&#x27;re targeting 60fps, that&#x27;s 16ms. Stop the world for 20ms, and you&#x27;ve missed 1 and 1/4 of a frame.",1376030121
52,6184066,story,,,1,0,aclevernickname,Using a NES Zapper on a Nintendo VS DualSystem to play VS Duck Hunt,http://www.thetechnickel.com/video-games/nintendo-vs-nes-zapper,,1376030109
53,6184064,story,,,1,0,filipmaertens,Privacy International to challenge telecoms firms over GCHQ cooperation,http://www.theguardian.com/uk-news/2013/aug/08/privacy-international-challenges-bt-vodafone-gchq,,1376029988
54,6184063,comment,6182374.0,6182995.0,2,0,cynwoody,,,"You box up the item using the original packaging, slap on a return label printed off Amazon&#x27;s website, and drop it off at UPS (a box or a store). Item arrives back at Amazon, and your account is credited.<p>I&#x27;ve only done it once. It was a defective milligram scale costing in the low teen 2-digits, which arrived DOA. Taking a chance, I resubmitted my original order and dropped off the defective unit at the local UPS store. A couple of days later, I had a working scale and an account credited to reflect the purchase of one scale, net.",1376029988
55,6184062,comment,6183822.0,6183822.0,2,0,gaelian,,,"During a visit to Japan, I had the opportunity to get along to the Ghibli Museum in Mitaka[1]. I&#x27;ve enjoyed the Ghibli/Myazaki stuff that I have seen, even though my tastes generally lean towards the Seinen side of things. But the point I wanted to make here is that the Ghibli Museum was totally awesome and I&#x27;d recommend it to anyone with any interest in manga or anime.<p>1. <a href=""http://www.ghibli-museum.jp/en/"" rel=""nofollow"">http://www.ghibli-museum.jp/en/</a>",1376029944
56,6184061,comment,6183593.0,6183593.0,1,0,cmadan,,,Looks good. I&#x27;d probably add a filter option to the &#x27;Stories&#x27; i.e. so that I can see only angel list status updates for example.,1376029920
57,6184060,comment,6182916.0,6183785.0,1,0,Ecio78,,,"I hope I am wrong, but could it be that one of your download host has been compromised and it is been used for some sort of command-and-control server of a small botnet?",1376029909
58,6184059,comment,6176414.0,6177783.0,1,0,joenathan,,,"I don&#x27;t buy it, just look into Nvidia and Physx, AMD chips are just as capable is not more so.",1376029896
59,6184058,comment,6182374.0,6183261.0,2,0,laxatives,,,"Amazon is significantly more convenient than other sites. I was about to buy my textbooks today using Bigwords and got a total around $220. I went ahead and added everything to the shoppings carts of 4 different websites. Just to compare, I added the same books to Amazon and got a total around $250. That&#x27;s a big difference so I got ready to make the purchase on the 4 sites, but I couldn&#x27;t remember my log ins for 2 of them and the other 2 wanted me to create a new account. That did it for me, I went with Amazon. Not to mention I would be guaranteed shipping in a few days while some of these sites take up to 2-3 weeks + slow media mail.",1376029888
60,6184057,comment,6181897.0,6184031.0,4,0,marijn,,,"Look at <a href=""https://github.com/pcwalton/zero.rs"" rel=""nofollow"">https://github.com/pcwalton/zero.rs</a> . It&#x27;s not very far yet, but it proves that it is viable to run Rust without a runtime.",1376029851
61,6184056,comment,6183713.0,6183713.0,8,0,LAMike,,,"I remember investors getting mad at the CEO for paying his employees too much, that had me confused as a 12 year old amatuer stock picker. Great company, my friends work there and they love it",1376029802
62,6184055,comment,6183869.0,6183869.0,16,0,pravda,,,"I liked the old site better. Gratuitous AJAX annoys me.<p>Heck, (just about) all AJAX annoys me.  And what&#x27;s wrong with black text?  we all gotta be gray now?<p>The new site is all &quot;look how clever we are - stuff moves and bounces!&quot;  The old site didn&#x27;t call attention to itself.",1376029764
63,6184054,comment,6178422.0,6180731.0,1,0,vvohra87,,,"He said &quot;Stop quibbling&quot; meaning do not quibble(Argue or raise objections about a trivial matter). Not over semantics, not over syntax. Have meaningful debate and discussion.",1376029762
64,6184053,comment,6182461.0,6182461.0,24,0,grey-area,,,"Two problems with this:<p>Based in Sweden, which has been cooperating with the NSA and sends them at least all russian traffic and probably other traffic too:<p><a href=""http://www.stockholmnews.com/more.aspx?NID=6402"" rel=""nofollow"">http://www.stockholmnews.com/more.aspx?NID=6402</a><p><i>Easy installation with a certified Java applet</i><p>This could too easily be back-doored or exploited without your knowledge, if they&#x27;re going to use a binary it has to be open source at least.",1376029754
65,6184052,comment,6183822.0,6183939.0,1,0,michaelbuddy,,,this needs to be read by everyone.,1376029752
66,6184051,comment,6182461.0,6183830.0,3,0,bulatb,,,"Brendan Eich, the creator of JavaScript, was accused of homophobia for donating $1000 to the Prop 8 campaign.<p><a href=""https://www.google.com/search?q=brendan+eich+homophobia"" rel=""nofollow"">https://www.google.com/search?q=brendan+eich+homophobia</a>",1376029747
67,6184050,comment,6183593.0,6184035.0,2,0,marcamillion,,,Ahh....ok. Thanks for the clarification.,1376029730
68,6184049,comment,6183869.0,6183869.0,1,0,rightnow,,,how did this get upvoted?!?!,1376029666
69,6184048,comment,6183822.0,6183987.0,1,0,michaelbuddy,,,naruto never gives up.,1376029657
70,6184047,comment,6179739.0,6179739.0,2,0,iblaine,,,"Wow, taking hipster to a whole new level.  Working at a startup, having catered lunches & the latest mac is too much so he quit.",1376029646
71,6184046,comment,6182374.0,6183629.0,3,0,lostlogin,,,Where are you? Christchurch?,1376029608
72,6184045,comment,6183788.0,6183788.0,-2,0,serf,,,"snowden used lavabit?<p>it shouldn&#x27;t, but it makes me more confident in my choice of lavabit.<p>good thing I didnt use webmail.",1376029607
73,6184044,story,,,1,0,ronzensci,"Build Apps relevant for a billion people using Open Data - Starts Aug 8, 2013",http://data.gov.in/appschallenge,,1376029590
74,6184043,comment,6183833.0,6183930.0,3,0,minamea,,,What a fantastic catch. This is also one of Meyer&#x27;s Effective C++ tips: always use const when applicable.,1376029590
75,6184042,comment,6182374.0,6183350.0,5,0,lostlogin,,,"I wonder if this could lead to a rebirth of the high street? Malls going away. Small speciality stores that sell things you wouldn&#x27;t buy online. Butchers, greengrocers etc with seasonal stuff that is nice to see before you buy. I might be extrapolating my buying habits too far...?",1376029538
76,6184041,story,,,2,0,treelovinhippie,Show HN: A marketplace for your side projects [Hackagong entry],http://www.sideprojectors.com/,,1376029527
77,6184040,comment,6183833.0,6184007.0,4,0,fhd2,,,"> looking on example 1, I wonder why don&#x27;t languages like C++ or D or Go just add a &quot;pure&quot; keyword for functions that don&#x27;t modify the global environment or their arguments?<p>The function in example 1 is modifying a member variable, and there is indeed a keyword that requires functions not to modify the class they operate on: const. It&#x27;s very powerful, and by a long shot my favourite feature of C++.<p>That said, the function in question actually has to modify a member variable.",1376029484
78,6184039,comment,6181897.0,6181897.0,2,0,masklinn,,,"> tasks are now migrated across threads by the scheduler, whereas in the old scheduler a single task was always run in the same thread.<p>Is that done by having a single task queue with multiple schedulers, or through work-stealing by schedulers with no ready tasks in their queue?<p>Would this open the possibility of configuring schedulers (including individually)? E.g. ensuring a given task stays pinned on a specific scheduler, and said scheduler accepts no more task, that kind of things?",1376029481
79,6184038,comment,6173358.0,6181333.0,1,0,jimiasty,,,"Thanks guys for the discussion, this is Jakub, the co-founder.<p>When it comes to the signal/noise problem it is definately a challenge and we believe that neither App Stores nor Estimote as beacons&#x27; infrastructure will allow apps that annoy consumers because it will kill the technology and users will turn off the Bluetooth.<p>Our vision of future interactions is more about context. We believe the cocept of apps you have to download and place as an icon on your screen and then find when you need is wrong.<p>It should work the way that you walk-in to the your home approache fridge with smartphone or Google Glass and wanted order for eggs, you take out your phone and there is a fridge context.<p>You walk-in to the restaurant and there is a context of menu and ordering food. You ate and there is a context of payin the bill, you walk-out and in the exit there is a conxtext of rating the restaurant.<p>So, in our vision future apps will be a set of conditions and actions you write for the venue the same way you do it now for the screen and keyboard.<p>From technology point of view if some popular app like Foursquare integreta with our beacons it could trigger other apps even if they not have our code yet, but there is a context for that.",1376029470
80,6184037,comment,6181897.0,6183963.0,2,0,stormbrew,,,"Really the portability that matters in this case (games) is probably Windows, which llvm and clang do not target very well at this point.",1376029469
81,6184036,comment,6182690.0,6183763.0,4,0,nitrogen,,,"f.lux definitely helps, but it&#x27;d be awesome if all monitors adopted a standard protocol (perhaps something over HDMI-CEC) for controlling backlight brightness as well.  Sometimes it&#x27;s not quite enough just to turn down the blue.",1376029447
82,6184035,comment,6183593.0,6184026.0,5,0,dmor,,,"Nope, we&#x27;re building Mattermark. <a href=""http://mattermark.com/"" rel=""nofollow"">http://mattermark.com/</a>",1376029430
83,6184034,comment,6183556.0,6183896.0,2,0,jaredsohn,,,">I just totally don&#x27;t understand this attitude. Code isn&#x27;t money.  I&#x27;m not diminishing you by reading your code.<p>I think the argument goes:<p>Then why is any code proprietary?  If I&#x27;m interviewing at a company, I should be able to see that company&#x27;s code prior to working there.<p>I also think a general issue is that practices such as this and employment agreements where the company owns any work you do off hours make it harder for people to jump from being employees to working for themselves (both in mindset and in practical ways).",1376029402
84,6184033,comment,6171869.0,6172245.0,1,0,thedudemabry,,,"I&#x27;ve known a few otherwise non-dyslexic programmers that have had this issue. One guy kept a sticky note on his monitor with &quot;> Greater, < Less&quot; written on it.",1376029328
85,6184032,comment,6182374.0,6183377.0,1,0,alexeisadeski3,,,The US has a smaller income disparity than Germany...,1376029295
86,6184031,comment,6181897.0,6182780.0,1,0,srisa,,,What if someone wants to write a kernel with Rust? This might be a very naive question taking into account my ignorance of language and kernel design.,1376029278
87,6184030,comment,6181081.0,6181659.0,3,0,mariuolo,,,"> Should all customers, even those who really don&#x27;t care if the NSA could be watching, be put out because some feel that this cause trumps actually doing business and having customer-vendor relationships?<p>If they don&#x27;t care, why pick lavabit then?<p>From my point of view they did exactly what they were supposed to do.",1376029257
88,6184029,comment,6181897.0,6182839.0,12,0,masklinn,,,"> For example, some of the functionality around semi colons seem like they will be a common source of stupid programmer bugs that are difficult to track down. Perhaps the compiler will catch that stuff.<p>It will, because the semicolon in Rust actually has a semantics impact: `a` has type T(a) but `a;` has type Unit (~void).<p>> Go kinda ruined other languages for me with multiple return values<p>That&#x27;s sad, because Go has one of the worst MRV implementations out there: it&#x27;s a special case of the language itself.<p>In most languages with MRV  and that includes Rust, but also MLs, Haskell, Erlang, Python or Ruby  MRV is simply a natural consequence of being able to unpack or pattern match containers (tuples and/or lists depending on the typing discipline).<p>Anyway Rust has multiple return values, don&#x27;t worry about that.",1376029232
89,6184027,comment,6177215.0,6180000.0,1,0,Ecio78,,,IMHO share >> save it for later (because many people use other &quot;read it later&quot; apps i.e. Pocket and you can send links to it via share too),1376029206
90,6184026,comment,6183593.0,6183593.0,1,0,marcamillion,,,Is this dmorill&#x27;s new startup?<p>Looks very similar to the posts she began posting about startups and investors.<p>Or is this someone else?,1376029194
91,6184025,comment,6183833.0,6184007.0,1,0,jevinskie,,,"LLVM/Clang already has a pass that can infer the &#x27;readonly&#x27; attribute.<p><a href=""http://llvm.org/docs/LangRef.html#function-attributes"" rel=""nofollow"">http://llvm.org/docs/LangRef.html#function-attributes</a><p><a href=""https://github.com/llvm-mirror/llvm/blob/master/lib/Transforms/IPO/FunctionAttrs.cpp"" rel=""nofollow"">https://github.com/llvm-mirror/llvm/blob/master/lib/Transfor...</a>",1376029172
92,6184024,story,,,1,0,geektips,KeyMe iOS app photographs your keys and stores them in the cloud,http://www.engadget.com/2013/08/09/keyme-ios-app/?utm_medium=sha,,1376029155
93,6184023,comment,6179240.0,6180002.0,1,0,Radix_,,,Gupta&#x27;s defense is the sort of defense that will reach people like my mother convincing them that marijuana is not evil and has real medical uses. That outcome is a good thing and I do not wish any harm to his reputation now because it will be against my interest and I&#x27;m hoping/assuming having &quot;done the research&quot; this time will give persons like you ammo for pushing him to defend his position in the future.<p>I don&#x27;t think the past goes away but generally I&#x27;d rather not condition people to not admit mistakes. And here I&#x27;d rather win now than be right now. Then maybe be right in the future.,1376029132
94,6184022,comment,6180846.0,6183637.0,1,0,rdl,,,I didn&#x27;t think nonparty federal subpoenas were served in person.  It apparently varies by district.,1376029122
95,6184021,comment,6179240.0,6180847.0,1,0,duaneb,,,"> You can&#x27;t &quot;already have&quot; schizophrenia without having the symptoms of schizophrenia (assuming you aren&#x27;t on medication that completely controls the symptoms).<p>Yes you can, you can be genetically predisposed before the symptoms appear.",1376029096
96,6184020,comment,6183556.0,6183871.0,0,0,jamesli,,,+1,1376029096
97,6184019,comment,6178534.0,6178534.0,1,0,DaWeasel,,,Thank you for this app ! I haven&#x27;t tested the whole site yet but I already love it !,1376029093
98,6184018,comment,6183059.0,6183376.0,1,0,monkeynotes,,,"> You can&#x27;t be compelled to give up what you don&#x27;t have.<p>You are a man in the middle though, could you not be compelled to funnel data in transit to govt. agencies? I mean, if the argument is that you don&#x27;t want to be in a situation where you are asked to compromise privacy surely you have to remove yourself from the data handling all together.",1376029030
99,6184017,comment,6181897.0,6183729.0,5,0,jzelinskie,,,"In addition to your point, I&#x27;d like to stress that it is the game engines that are C++. Many engines provide a higher level interface for developers actually make games. You probably won&#x27;t hook the game developers on Rust. If you want to pitch Rust to the engine guys, you&#x27;re going to be battling against their toolchains that have been developed for decades and have some of the best static analysis tools under the sun. Not to mention, you&#x27;ll also be battling against the traction of their current codebase, which they&#x27;ll probably hesitant to rewrite in a new language. From a business perspective, I don&#x27;t think management in some of the larger companies would let that decision fly, either.",1376029024
100,6184016,comment,6156035.0,6158450.0,1,0,thomasz,,,"Yes, if we agree on a primitivist definition of &quot;everything they need&quot;, which most likely includes food, shelter entertainment and some artwork - perhaps even basic medicine.  But no electric energy, electronics, cars, farm machinery, refrigerators, antibiotics and so on. Building this stuff requires <i>massive</i> amounts of capital.",1376029014
101,6184015,comment,6182690.0,6183445.0,3,0,hnha,,,"compared to today&#x27;s web (when used without an ad-blocker)?  there are huge moving, sliding, wiggling, popping animations everywhere.",1376028969
102,6184014,comment,6181081.0,6182520.0,1,0,jvdh,,,"People have thought about this, and Sealand actually hosted a very secure datacenter.<p>The problem is that you have to connect up to the Internet somewhere, and they can always get you there. Either tapping and listening in on sessions, or just plain disconnecting you.",1376028949
103,6184013,comment,6183833.0,6183833.0,6,0,cLeEOGPw,,,"It is not mentioned in the article that writing &quot;inline&quot; does not automatically make the function inline. It only gives C++ compiler a hint that it might be worth inlining. Compiler can inline function even if it has no inline keyword, and can not inline even when the function has the keyword, if it decides inlining would be inefficient.",1376028912
104,6184012,story,,,1,0,abhiv,A code migration adventure: moving a 25 GB repo from SVN to GitHub,http://abvi.wordpress.com/2013/08/09/moving-from-svn-to-github/,,1376028863
105,6184010,comment,6183869.0,6183869.0,1,0,mcrider,,,"Great redesign!  I&#x27;ve used mailinator for years but honestly the quality of the old site made it seem almost like a shady operation, like they might mine incoming emails for personal data or passwords.  This looks much more professional.",1376028853
106,6184009,comment,6183994.0,6183994.0,1,0,pjvds,,,"It various, from something electronic as The Glitch Mob, to the popular Chemical Brothers to something spacy as The Orb.<p>According to last.fm:<p>I&#x27;m into electronic, ambient, minimal, techno and dubstep, including:\nThe Chemical Brothers, Underworld, Paul Kalkbrenner, Solar Fields, Moby, Max Richter, James Blake, Prodigy, Burial, Johnny Cash, Asaf Avidan & the Mojos, Bonobo, Mono/Poly, Modeselektor, Take, Four Tet, Flying Lotus, The Orb, ZZT, Amon Tobin, Glen Porter, The Glitch Mob, Pogo, Emika, Siriusmo, Matmos, Free the Robots, Totally Enormous Extinct Dinosaurs, Pantha du Prince, Nicolas Jaar, Skream, Kosheen, Ellen Allien, LCD Soundsystem, Apparat, Daft Punk, Jon Hopkins, Kraftwerk, Eartha Kitt, The Flashbulb, Proem, Aphex Twin, Robot Koch, Caribou, Massive Attack, Gold Panda, Nosaj Thing, 2econd Class Citizen, Helios.",1376028836
107,6184008,comment,6181081.0,6181795.0,1,0,eqyiel,,,"For a NL VPS host I would like to recommend tilaa.com.  No affiliation, just a happy customer.",1376028827
108,6184007,comment,6183833.0,6183833.0,4,0,nnq,,,"looking on example 1, I wonder <i>why don&#x27;t languages like C++ or D or Go just add a &quot;pure&quot; keyword for functions that don&#x27;t modify the global environment or their arguments?</i> this will help the optimizers a lot I imagine. and yeah, I get it that there still could be roundabout side-effects, it&#x27;s not Haskell, but the compiler could just trust the programmer that he knows what he&#x27;s doing when he sticks the &quot;pure&quot; keyword before a function definition.",1376028786
109,6184006,comment,6183556.0,6183556.0,3,0,mafro,,,"If I&#x27;m hiring, I want to see some code. I will need time to browse and read a candidate&#x27;s code - which is where Github comes in. Also GH gives us their comments, pull requests & community interactions, which as others have said is invaluable.<p>Github, Bitbucket, Google code, Sourceforge (even Stackoverflow!) - it doesn&#x27;t really matter where. It just needs to be public.<p>The OP&#x27;s comments about Stallman and &quot;Free software fanatics&quot; are way off the mark; technical hiring staff just want to see your code. Fizz Buzz be damned! The code cannot lie!<p>And if your precious projects are too secret and awesome to be seen, then I very much doubt I&#x27;ll hire :)",1376028648
110,6184005,comment,6183869.0,6183869.0,4,0,bsimpson,,,Nice home page (way less ugly than the old one).<p>Looks like it&#x27;s based on Angular.  Notice how the template code ({{email.from}} and {{email.subject}})flashes before the data models load on the inbox page.,1376028620
111,6184004,comment,6178628.0,6180498.0,1,0,hrktb,,,"I think the &#x27;charity&#x27; part is not towards the buyer. There may not be any near your place, but the concept is you give a free item to the charity, someone buys it for a price, and the profit is used for people in need.",1376028607
112,6184003,comment,6178628.0,6181995.0,3,0,yread,,,Amsterdam people use bells instead of brakes ;),1376028599
113,6184002,comment,6182507.0,6183535.0,1,0,Daniel_Newby,,,"> In a fabulously wealthy nation, how is it that she has come to need to shoplift food to be able to eat.<p>She is crazy. A sane poor American can get food from any number of government programs, private charities, begging, or working a couple of hours a day at nearly any job.",1376028591
114,6184001,comment,6183869.0,6183869.0,14,0,icebraining,,,"Apparently it&#x27;s just one part of a bigger plan, that includes adding paid tiers: <a href=""http://mailinator.blogspot.pt/2013/05/mailinator-is-for-humans.html"" rel=""nofollow"">http://mailinator.blogspot.pt/2013/05/mailinator-is-for-huma...</a><p>Personally, I just have to thank the creator for a great service that I used all the time (until I got my own domain). And for his technical blog posts: <a href=""http://mailinator.blogspot.pt/2007/01/architecture-of-mailinator.html"" rel=""nofollow"">http://mailinator.blogspot.pt/2007/01/architecture-of-mailin...</a>",1376028559
115,6184000,comment,6183820.0,6183820.0,6,0,ajkjk,,,"This is really neat.. but please, please give me a back button. A lot of the pictures were gone before they loaded for me on the slow internet I&#x27;m using.",1376028540
116,6183999,comment,6181866.0,6181866.0,1,0,avty,,,The end of liberty.,1376028528
117,6183998,story,,,9,1,EtienneK,"Game of Thrones piracy is ""better than an Emmy""",http://mobile.theverge.com/2013/8/8/4602764/game-of-thrones-piracy-better-than-an-emmy-says-time-warner-ceo,,1376028517
118,6183997,comment,6183869.0,6183869.0,4,0,timerickson,,,"Black text on a vibrant green background is not very readable, unfortunately.",1376028497
119,6183996,comment,6183083.0,6183083.0,1,0,avty,,,We are legion!,1376028494
120,6183995,comment,6183556.0,6183856.0,0,0,snambi,,,+1,1376028493
121,6183994,story,,,1,3,watermel0n,Ask HN: What kind of music you listen to when coding?,,,1376028476
122,6183993,comment,6183833.0,6183933.0,7,0,malkia,,,Isn&#x27;t WebKit based on KDE&#x27;s KHTML?,1376028438
123,6183992,comment,6183699.0,6183699.0,1,0,coin,,,"Ugg, why disable pinchzoom for mobile devices? No up vote from me.",1376028408
124,6183991,comment,6183497.0,6183913.0,4,0,kevingadd,,,"I suppose? Define &#x27;bad job&#x27; - asm.js is super new and it&#x27;s a very low level representation of an application. From what I know about it (and my experience trying to produce optimal jitted JS without using asm.js at runtime), it&#x27;s very easy to produce valid, fast-looking JS that turns out to run really slow.<p>A lot of the problems here require global optimization - thinking about high level dataflow, object shapes, types, etc. asm.js eliminates some of those problems, but not all of them - if you bounce between integer and float a lot that will cost you more in asm.js, if you miss cache and branch mispredict a lot that will cost you more in asm.js, etc. A lot of the optimizations you get &#x27;for free&#x27; in a normal JS environment aren&#x27;t meaningful for asm.js, so you may have to do a lot more work in your compiler (or in this case, JIT) to hand it code that is already high quality.<p>For example, let&#x27;s say you&#x27;ve got a variable that bounces between containing a float, an integer, and null. In normal circumstances, Spidermonkey and v8 may be able to do clever things like using type information to determine that it&#x27;s safe to always store that variable as a given type, and remove that optimization the moment an int or null is written to it. There are also tricks like nanboxing, where you pack smaller types into doubles by utilizing quirks in the IEEE format - meaning that the runtime can just allocate 64-bit slots for everything, instead of having to allocate room for a type tag + the largest possible type.<p>In asm.js, you need to figure all that stuff out yourself, and do it up front in your compiler (or JIT). It expects you to have all your types figured out so if you hand it the naive solution for that problem (type tag, largest possible type) you will end up using more memory and potentially paying higher costs from always checking the tag and always copying the whole thing, where a more dynamic runtime would be able to do on-the-fly optimizations based on observations about your code. It&#x27;s a trade-off.<p>One other area where this can come up is virtual calls. Virtual calls are incredibly pervasive in languages like Java and C#, to the extent that HotSpot and the CLR actually do very clever dynamic optimizations on virtual calls (and interfaces, in the C# case) that can outperform equivalent patterns in native code. This doesn&#x27;t mean that overall Java or C# deliver better performance - they don&#x27;t - but this is one of the strengths you get from a tightly integrated JIT and language definition. At present, at least, this sort of optimization is also outside the domain of asm.js - it&#x27;s an AOT compiler, not a recompiling JIT, so it&#x27;s not going to do any magic to make your virtual calls and other pointer indirection any faster.",1376028389
125,6183990,comment,6181081.0,6181749.0,1,0,reledi,,,"In the last few months he&#x27;s been very verbal about being pro-privacy and anti-NSA on his twitter feed [1].<p>[1] <a href=""https://twitter.com/kimdotcom"" rel=""nofollow"">https://twitter.com/kimdotcom</a>",1376028384
126,6183989,story,,,3,0,pjvds,Think Like (a) Git,http://think-like-a-git.net/,,1376028351
127,6183988,comment,6183833.0,6183833.0,1,0,MaxGabriel,,,"I liked this article, but the last 3 graphs were really poor. By not listing the actual binary size in some denomination of bytes for the last 3 graphs (only using %s), I get less information from the charts. A much worse problem is the date formatting, which squishes all the numbers together so that they look like one big string. The first graph was much better.",1376028341
128,6183987,comment,6183822.0,6183922.0,2,0,sebcat,,,"I wish I had seen it as a kid. It really has a lot of depth in it, a lot of empathy. Self-sacrifice. Not showing the world as good/bad but as the complex system it really is. Not giving up. A lot better than your average saturday morning cartoon. Kids need to learn these things (not by watching cartoons necessarily, that&#x27;s just the carrier), or they might end up as adults with a too simplistic world view.<p>Of course, for the younger children, Spirited Away might be a better choice. And Totoro.",1376028314
129,6183986,story,,,1,0,raintrees,Proactive Security Response,http://www.economist.com/news/business/21583251-new-breed-internet-security-firms-are-encouraging-companies-fight-back-against-computer,,1376028304
130,6183985,comment,6183059.0,6183059.0,12,0,declan,,,"Silent Circle CTO Jon Callas has been participating in this G+ thread I started this evening:\n<a href=""https://plus.google.com/u/0/112961607570158342254/posts/9uySMokvg7k"" rel=""nofollow"">https://plus.google.com/u/0/112961607570158342254/posts/9uyS...</a><p>Excerpts:\n&quot;If you&#x27;re not afraid of the NSA, then encryption is good enough. If you are, then the headers in your email leak so much information that you don&#x27;t really need to decrypt... Study the other headers and there are all sorts of other things that one mailer or another leaks as well as all the servers all along the way. Most importantly, all of this is permanently stored in everyone&#x27;s email archives which most of us keep lots of. This is what the NSA wants. They want to construct the social graph, the interactions, the timings. This is how they get &quot;chatter.&quot; None of this is encrypted. This is why email is broken in ways encryption can&#x27;t fix...&quot;",1376028296
131,6183984,comment,6176555.0,6176555.0,1,0,centdev,,,"Contact me, email in profile.",1376028262
132,6183983,comment,6182507.0,6183840.0,1,0,yareally,,,"Thanks for your reply. I agree there&#x27;s quite a few things that I would flag myself if I could (I coincidentally lost the ability from flagging too many in a short amount of time). I would ask for it back, but I am afraid I would lose it again and honestly, it ate up a lot of time I could use for something else. In lieu of that, I just try to upvote new content more that has substance.",1376028231
133,6183982,comment,6178628.0,6182139.0,1,0,yread,,,"> It&#x27;s just common sense man.<p>Sure, I wasn&#x27;t complaining. In fact I think they should do it more often. Since they sell the unclaimed bikes to second hand bike shops it would perhaps decrease the prices...<p>> we optimize for durability<p>That is true, but you have to agree that there could be durable bikes which don&#x27;t have the oma/opa fiets look and come with a normal stand not that useless frame which tends to get loose after half a year and doesn&#x27;t even keep the bike standing in moderate winds..",1376028220
134,6183981,comment,6182507.0,6183803.0,4,0,gruseom,,,"The article implies that it&#x27;s more than 5x as expensive to house the mentally ill in jail than elsewhere. Such a huge difference suggests that providing them with housing and care would more than pay for itself, so cost ought not to be an issue. I realize that&#x27;s oversimplifying--for one thing, total cost to society is not the same as costs (and income!) to different institutions--but do you think it&#x27;s basically correct? If so, where in your view are the obstacles really coming from: moral ideas about criminality and illness? institutional politics? for-profit industry? etc.",1376028199
135,6183980,comment,6183820.0,6183820.0,6,0,quantumpotato_,,,Great job!\nSkip should be next?,1376028164
136,6183979,comment,6182690.0,6183146.0,1,0,ygra,,,"Which has been standardised for ages, but deprecated for a while.",1376028146
137,6183978,comment,6183833.0,6183915.0,10,0,invisible,,,"I, too, found it kind of odd. The bulk of the savings they achieved came from dropping support for the Chromium browser (since Chromium no longer relies on WebKit) and C++ 11. This was a really bizarre article because it had a lot of details about how to reduce the size of a C++ binary but not what that actually means to performance.<p>What did that 6% binary size reduction buy them in startup time? 10ms? 300ms?<p>What about memory consumption after startup?<p>Did tests indicate that the memory locality had improved CPU performance in noticeable manner?",1376028000
