,col0,col1,col2,col3,col4,col5,col6,col7,col8,col9,col10
0,runexehelper.exe,58880,3,3620680216,2084-09-25T00:30:16.000Z,imports,msvcp_win.dll,?_Xout_of_range@std@@YAXPEBD@Z,3779fe1f1883de6e0d31a6cbbaeff25e,26e50e6f15086bbf57acf99e050823f895fae25f09d6c6eb2ed136184f8d582d,c:\Windows\WinSxS\amd64_microsoft-windows-u..ed-telemetry-client_31bf3856ad364e35_10.0.18362.752_none_f5bd27a398912d7b\runexehelper.exe
1,runexehelper.exe,58880,3,3620680216,2084-09-25T00:30:16.000Z,imports,api-ms-win-crt-string-l1-1-0.dll,memset,3779fe1f1883de6e0d31a6cbbaeff25e,26e50e6f15086bbf57acf99e050823f895fae25f09d6c6eb2ed136184f8d582d,c:\Windows\WinSxS\amd64_microsoft-windows-u..ed-telemetry-client_31bf3856ad364e35_10.0.18362.752_none_f5bd27a398912d7b\runexehelper.exe
2,runexehelper.exe,58880,3,3620680216,2084-09-25T00:30:16.000Z,imports,api-ms-win-crt-string-l1-1-0.dll,strcspn,3779fe1f1883de6e0d31a6cbbaeff25e,26e50e6f15086bbf57acf99e050823f895fae25f09d6c6eb2ed136184f8d582d,c:\Windows\WinSxS\amd64_microsoft-windows-u..ed-telemetry-client_31bf3856ad364e35_10.0.18362.752_none_f5bd27a398912d7b\runexehelper.exe
3,runexehelper.exe,58880,3,3620680216,2084-09-25T00:30:16.000Z,imports,api-ms-win-crt-string-l1-1-0.dll,wcsnlen,3779fe1f1883de6e0d31a6cbbaeff25e,26e50e6f15086bbf57acf99e050823f895fae25f09d6c6eb2ed136184f8d582d,c:\Windows\WinSxS\amd64_microsoft-windows-u..ed-telemetry-client_31bf3856ad364e35_10.0.18362.752_none_f5bd27a398912d7b\runexehelper.exe
4,runexehelper.exe,58880,3,3620680216,2084-09-25T00:30:16.000Z,imports,api-ms-win-crt-runtime-l1-1-0.dll,_c_exit,3779fe1f1883de6e0d31a6cbbaeff25e,26e50e6f15086bbf57acf99e050823f895fae25f09d6c6eb2ed136184f8d582d,c:\Windows\WinSxS\amd64_microsoft-windows-u..ed-telemetry-client_31bf3856ad364e35_10.0.18362.752_none_f5bd27a398912d7b\runexehelper.exe
5,runexehelper.exe,58880,3,3620680216,2084-09-25T00:30:16.000Z,imports,api-ms-win-crt-runtime-l1-1-0.dll,_initterm,3779fe1f1883de6e0d31a6cbbaeff25e,26e50e6f15086bbf57acf99e050823f895fae25f09d6c6eb2ed136184f8d582d,c:\Windows\WinSxS\amd64_microsoft-windows-u..ed-telemetry-client_31bf3856ad364e35_10.0.18362.752_none_f5bd27a398912d7b\runexehelper.exe
6,runexehelper.exe,58880,3,3620680216,2084-09-25T00:30:16.000Z,imports,api-ms-win-crt-runtime-l1-1-0.dll,_initterm_e,3779fe1f1883de6e0d31a6cbbaeff25e,26e50e6f15086bbf57acf99e050823f895fae25f09d6c6eb2ed136184f8d582d,c:\Windows\WinSxS\amd64_microsoft-windows-u..ed-telemetry-client_31bf3856ad364e35_10.0.18362.752_none_f5bd27a398912d7b\runexehelper.exe
7,runexehelper.exe,58880,3,3620680216,2084-09-25T00:30:16.000Z,imports,api-ms-win-crt-runtime-l1-1-0.dll,_register_thread_local_exe_atexit_callback,3779fe1f1883de6e0d31a6cbbaeff25e,26e50e6f15086bbf57acf99e050823f895fae25f09d6c6eb2ed136184f8d582d,c:\Windows\WinSxS\amd64_microsoft-windows-u..ed-telemetry-client_31bf3856ad364e35_10.0.18362.752_none_f5bd27a398912d7b\runexehelper.exe
8,runexehelper.exe,58880,3,3620680216,2084-09-25T00:30:16.000Z,imports,api-ms-win-crt-private-l1-1-0.dll,_CxxThrowException,3779fe1f1883de6e0d31a6cbbaeff25e,26e50e6f15086bbf57acf99e050823f895fae25f09d6c6eb2ed136184f8d582d,c:\Windows\WinSxS\amd64_microsoft-windows-u..ed-telemetry-client_31bf3856ad364e35_10.0.18362.752_none_f5bd27a398912d7b\runexehelper.exe
9,runexehelper.exe,58880,3,3620680216,2084-09-25T00:30:16.000Z,imports,api-ms-win-crt-private-l1-1-0.dll,__C_specific_handler,3779fe1f1883de6e0d31a6cbbaeff25e,26e50e6f15086bbf57acf99e050823f895fae25f09d6c6eb2ed136184f8d582d,c:\Windows\WinSxS\amd64_microsoft-windows-u..ed-telemetry-client_31bf3856ad364e35_10.0.18362.752_none_f5bd27a398912d7b\runexehelper.exe
10,runexehelper.exe,58880,3,3620680216,2084-09-25T00:30:16.000Z,imports,api-ms-win-crt-private-l1-1-0.dll,__CxxFrameHandler3,3779fe1f1883de6e0d31a6cbbaeff25e,26e50e6f15086bbf57acf99e050823f895fae25f09d6c6eb2ed136184f8d582d,c:\Windows\WinSxS\amd64_microsoft-windows-u..ed-telemetry-client_31bf3856ad364e35_10.0.18362.752_none_f5bd27a398912d7b\runexehelper.exe
11,runexehelper.exe,58880,3,3620680216,2084-09-25T00:30:16.000Z,imports,api-ms-win-crt-private-l1-1-0.dll,_o___p___argc,3779fe1f1883de6e0d31a6cbbaeff25e,26e50e6f15086bbf57acf99e050823f895fae25f09d6c6eb2ed136184f8d582d,c:\Windows\WinSxS\amd64_microsoft-windows-u..ed-telemetry-client_31bf3856ad364e35_10.0.18362.752_none_f5bd27a398912d7b\runexehelper.exe
12,runexehelper.exe,58880,3,3620680216,2084-09-25T00:30:16.000Z,imports,api-ms-win-crt-private-l1-1-0.dll,_o___p___wargv,3779fe1f1883de6e0d31a6cbbaeff25e,26e50e6f15086bbf57acf99e050823f895fae25f09d6c6eb2ed136184f8d582d,c:\Windows\WinSxS\amd64_microsoft-windows-u..ed-telemetry-client_31bf3856ad364e35_10.0.18362.752_none_f5bd27a398912d7b\runexehelper.exe
13,runexehelper.exe,58880,3,3620680216,2084-09-25T00:30:16.000Z,imports,api-ms-win-crt-private-l1-1-0.dll,_o___p__commode,3779fe1f1883de6e0d31a6cbbaeff25e,26e50e6f15086bbf57acf99e050823f895fae25f09d6c6eb2ed136184f8d582d,c:\Windows\WinSxS\amd64_microsoft-windows-u..ed-telemetry-client_31bf3856ad364e35_10.0.18362.752_none_f5bd27a398912d7b\runexehelper.exe
14,runexehelper.exe,58880,3,3620680216,2084-09-25T00:30:16.000Z,imports,api-ms-win-crt-private-l1-1-0.dll,_o___std_exception_copy,3779fe1f1883de6e0d31a6cbbaeff25e,26e50e6f15086bbf57acf99e050823f895fae25f09d6c6eb2ed136184f8d582d,c:\Windows\WinSxS\amd64_microsoft-windows-u..ed-telemetry-client_31bf3856ad364e35_10.0.18362.752_none_f5bd27a398912d7b\runexehelper.exe
15,runexehelper.exe,58880,3,3620680216,2084-09-25T00:30:16.000Z,imports,api-ms-win-crt-private-l1-1-0.dll,_o___std_exception_destroy,3779fe1f1883de6e0d31a6cbbaeff25e,26e50e6f15086bbf57acf99e050823f895fae25f09d6c6eb2ed136184f8d582d,c:\Windows\WinSxS\amd64_microsoft-windows-u..ed-telemetry-client_31bf3856ad364e35_10.0.18362.752_none_f5bd27a398912d7b\runexehelper.exe
16,runexehelper.exe,58880,3,3620680216,2084-09-25T00:30:16.000Z,imports,api-ms-win-crt-private-l1-1-0.dll,_o___stdio_common_vsnprintf_s,3779fe1f1883de6e0d31a6cbbaeff25e,26e50e6f15086bbf57acf99e050823f895fae25f09d6c6eb2ed136184f8d582d,c:\Windows\WinSxS\amd64_microsoft-windows-u..ed-telemetry-client_31bf3856ad364e35_10.0.18362.752_none_f5bd27a398912d7b\runexehelper.exe
17,runexehelper.exe,58880,3,3620680216,2084-09-25T00:30:16.000Z,imports,api-ms-win-crt-private-l1-1-0.dll,_o___stdio_common_vswprintf,3779fe1f1883de6e0d31a6cbbaeff25e,26e50e6f15086bbf57acf99e050823f895fae25f09d6c6eb2ed136184f8d582d,c:\Windows\WinSxS\amd64_microsoft-windows-u..ed-telemetry-client_31bf3856ad364e35_10.0.18362.752_none_f5bd27a398912d7b\runexehelper.exe
18,runexehelper.exe,58880,3,3620680216,2084-09-25T00:30:16.000Z,imports,api-ms-win-crt-private-l1-1-0.dll,_o__callnewh,3779fe1f1883de6e0d31a6cbbaeff25e,26e50e6f15086bbf57acf99e050823f895fae25f09d6c6eb2ed136184f8d582d,c:\Windows\WinSxS\amd64_microsoft-windows-u..ed-telemetry-client_31bf3856ad364e35_10.0.18362.752_none_f5bd27a398912d7b\runexehelper.exe
19,runexehelper.exe,58880,3,3620680216,2084-09-25T00:30:16.000Z,imports,api-ms-win-crt-private-l1-1-0.dll,_o__cexit,3779fe1f1883de6e0d31a6cbbaeff25e,26e50e6f15086bbf57acf99e050823f895fae25f09d6c6eb2ed136184f8d582d,c:\Windows\WinSxS\amd64_microsoft-windows-u..ed-telemetry-client_31bf3856ad364e35_10.0.18362.752_none_f5bd27a398912d7b\runexehelper.exe
20,runexehelper.exe,58880,3,3620680216,2084-09-25T00:30:16.000Z,imports,api-ms-win-crt-private-l1-1-0.dll,_o__configthreadlocale,3779fe1f1883de6e0d31a6cbbaeff25e,26e50e6f15086bbf57acf99e050823f895fae25f09d6c6eb2ed136184f8d582d,c:\Windows\WinSxS\amd64_microsoft-windows-u..ed-telemetry-client_31bf3856ad364e35_10.0.18362.752_none_f5bd27a398912d7b\runexehelper.exe
21,runexehelper.exe,58880,3,3620680216,2084-09-25T00:30:16.000Z,imports,api-ms-win-crt-private-l1-1-0.dll,_o__configure_wide_argv,3779fe1f1883de6e0d31a6cbbaeff25e,26e50e6f15086bbf57acf99e050823f895fae25f09d6c6eb2ed136184f8d582d,c:\Windows\WinSxS\amd64_microsoft-windows-u..ed-telemetry-client_31bf3856ad364e35_10.0.18362.752_none_f5bd27a398912d7b\runexehelper.exe
22,runexehelper.exe,58880,3,3620680216,2084-09-25T00:30:16.000Z,imports,api-ms-win-crt-private-l1-1-0.dll,_o__crt_atexit,3779fe1f1883de6e0d31a6cbbaeff25e,26e50e6f15086bbf57acf99e050823f895fae25f09d6c6eb2ed136184f8d582d,c:\Windows\WinSxS\amd64_microsoft-windows-u..ed-telemetry-client_31bf3856ad364e35_10.0.18362.752_none_f5bd27a398912d7b\runexehelper.exe
23,runexehelper.exe,58880,3,3620680216,2084-09-25T00:30:16.000Z,imports,api-ms-win-crt-private-l1-1-0.dll,_o__errno,3779fe1f1883de6e0d31a6cbbaeff25e,26e50e6f15086bbf57acf99e050823f895fae25f09d6c6eb2ed136184f8d582d,c:\Windows\WinSxS\amd64_microsoft-windows-u..ed-telemetry-client_31bf3856ad364e35_10.0.18362.752_none_f5bd27a398912d7b\runexehelper.exe
24,runexehelper.exe,58880,3,3620680216,2084-09-25T00:30:16.000Z,imports,api-ms-win-crt-private-l1-1-0.dll,_o__exit,3779fe1f1883de6e0d31a6cbbaeff25e,26e50e6f15086bbf57acf99e050823f895fae25f09d6c6eb2ed136184f8d582d,c:\Windows\WinSxS\amd64_microsoft-windows-u..ed-telemetry-client_31bf3856ad364e35_10.0.18362.752_none_f5bd27a398912d7b\runexehelper.exe
25,runexehelper.exe,58880,3,3620680216,2084-09-25T00:30:16.000Z,imports,api-ms-win-crt-private-l1-1-0.dll,_o__get_initial_wide_environment,3779fe1f1883de6e0d31a6cbbaeff25e,26e50e6f15086bbf57acf99e050823f895fae25f09d6c6eb2ed136184f8d582d,c:\Windows\WinSxS\amd64_microsoft-windows-u..ed-telemetry-client_31bf3856ad364e35_10.0.18362.752_none_f5bd27a398912d7b\runexehelper.exe
26,runexehelper.exe,58880,3,3620680216,2084-09-25T00:30:16.000Z,imports,api-ms-win-crt-private-l1-1-0.dll,_o__initialize_onexit_table,3779fe1f1883de6e0d31a6cbbaeff25e,26e50e6f15086bbf57acf99e050823f895fae25f09d6c6eb2ed136184f8d582d,c:\Windows\WinSxS\amd64_microsoft-windows-u..ed-telemetry-client_31bf3856ad364e35_10.0.18362.752_none_f5bd27a398912d7b\runexehelper.exe
27,runexehelper.exe,58880,3,3620680216,2084-09-25T00:30:16.000Z,imports,api-ms-win-crt-private-l1-1-0.dll,_o__initialize_wide_environment,3779fe1f1883de6e0d31a6cbbaeff25e,26e50e6f15086bbf57acf99e050823f895fae25f09d6c6eb2ed136184f8d582d,c:\Windows\WinSxS\amd64_microsoft-windows-u..ed-telemetry-client_31bf3856ad364e35_10.0.18362.752_none_f5bd27a398912d7b\runexehelper.exe
28,runexehelper.exe,58880,3,3620680216,2084-09-25T00:30:16.000Z,imports,api-ms-win-crt-private-l1-1-0.dll,_o__invalid_parameter_noinfo,3779fe1f1883de6e0d31a6cbbaeff25e,26e50e6f15086bbf57acf99e050823f895fae25f09d6c6eb2ed136184f8d582d,c:\Windows\WinSxS\amd64_microsoft-windows-u..ed-telemetry-client_31bf3856ad364e35_10.0.18362.752_none_f5bd27a398912d7b\runexehelper.exe
29,runexehelper.exe,58880,3,3620680216,2084-09-25T00:30:16.000Z,imports,api-ms-win-crt-private-l1-1-0.dll,_o__invalid_parameter_noinfo_noreturn,3779fe1f1883de6e0d31a6cbbaeff25e,26e50e6f15086bbf57acf99e050823f895fae25f09d6c6eb2ed136184f8d582d,c:\Windows\WinSxS\amd64_microsoft-windows-u..ed-telemetry-client_31bf3856ad364e35_10.0.18362.752_none_f5bd27a398912d7b\runexehelper.exe
30,runexehelper.exe,58880,3,3620680216,2084-09-25T00:30:16.000Z,imports,api-ms-win-crt-private-l1-1-0.dll,_o__register_onexit_function,3779fe1f1883de6e0d31a6cbbaeff25e,26e50e6f15086bbf57acf99e050823f895fae25f09d6c6eb2ed136184f8d582d,c:\Windows\WinSxS\amd64_microsoft-windows-u..ed-telemetry-client_31bf3856ad364e35_10.0.18362.752_none_f5bd27a398912d7b\runexehelper.exe
31,runexehelper.exe,58880,3,3620680216,2084-09-25T00:30:16.000Z,imports,api-ms-win-crt-private-l1-1-0.dll,_o__seh_filter_exe,3779fe1f1883de6e0d31a6cbbaeff25e,26e50e6f15086bbf57acf99e050823f895fae25f09d6c6eb2ed136184f8d582d,c:\Windows\WinSxS\amd64_microsoft-windows-u..ed-telemetry-client_31bf3856ad364e35_10.0.18362.752_none_f5bd27a398912d7b\runexehelper.exe
32,runexehelper.exe,58880,3,3620680216,2084-09-25T00:30:16.000Z,imports,api-ms-win-crt-private-l1-1-0.dll,_o__set_app_type,3779fe1f1883de6e0d31a6cbbaeff25e,26e50e6f15086bbf57acf99e050823f895fae25f09d6c6eb2ed136184f8d582d,c:\Windows\WinSxS\amd64_microsoft-windows-u..ed-telemetry-client_31bf3856ad364e35_10.0.18362.752_none_f5bd27a398912d7b\runexehelper.exe
33,runexehelper.exe,58880,3,3620680216,2084-09-25T00:30:16.000Z,imports,api-ms-win-crt-private-l1-1-0.dll,_o__set_fmode,3779fe1f1883de6e0d31a6cbbaeff25e,26e50e6f15086bbf57acf99e050823f895fae25f09d6c6eb2ed136184f8d582d,c:\Windows\WinSxS\amd64_microsoft-windows-u..ed-telemetry-client_31bf3856ad364e35_10.0.18362.752_none_f5bd27a398912d7b\runexehelper.exe
34,runexehelper.exe,58880,3,3620680216,2084-09-25T00:30:16.000Z,imports,api-ms-win-crt-private-l1-1-0.dll,_o__set_new_mode,3779fe1f1883de6e0d31a6cbbaeff25e,26e50e6f15086bbf57acf99e050823f895fae25f09d6c6eb2ed136184f8d582d,c:\Windows\WinSxS\amd64_microsoft-windows-u..ed-telemetry-client_31bf3856ad364e35_10.0.18362.752_none_f5bd27a398912d7b\runexehelper.exe
35,runexehelper.exe,58880,3,3620680216,2084-09-25T00:30:16.000Z,imports,api-ms-win-crt-private-l1-1-0.dll,_o_exit,3779fe1f1883de6e0d31a6cbbaeff25e,26e50e6f15086bbf57acf99e050823f895fae25f09d6c6eb2ed136184f8d582d,c:\Windows\WinSxS\amd64_microsoft-windows-u..ed-telemetry-client_31bf3856ad364e35_10.0.18362.752_none_f5bd27a398912d7b\runexehelper.exe
36,runexehelper.exe,58880,3,3620680216,2084-09-25T00:30:16.000Z,imports,api-ms-win-crt-private-l1-1-0.dll,_o_free,3779fe1f1883de6e0d31a6cbbaeff25e,26e50e6f15086bbf57acf99e050823f895fae25f09d6c6eb2ed136184f8d582d,c:\Windows\WinSxS\amd64_microsoft-windows-u..ed-telemetry-client_31bf3856ad364e35_10.0.18362.752_none_f5bd27a398912d7b\runexehelper.exe
37,runexehelper.exe,58880,3,3620680216,2084-09-25T00:30:16.000Z,imports,api-ms-win-crt-private-l1-1-0.dll,_o_iswspace,3779fe1f1883de6e0d31a6cbbaeff25e,26e50e6f15086bbf57acf99e050823f895fae25f09d6c6eb2ed136184f8d582d,c:\Windows\WinSxS\amd64_microsoft-windows-u..ed-telemetry-client_31bf3856ad364e35_10.0.18362.752_none_f5bd27a398912d7b\runexehelper.exe
38,runexehelper.exe,58880,3,3620680216,2084-09-25T00:30:16.000Z,imports,api-ms-win-crt-private-l1-1-0.dll,_o_malloc,3779fe1f1883de6e0d31a6cbbaeff25e,26e50e6f15086bbf57acf99e050823f895fae25f09d6c6eb2ed136184f8d582d,c:\Windows\WinSxS\amd64_microsoft-windows-u..ed-telemetry-client_31bf3856ad364e35_10.0.18362.752_none_f5bd27a398912d7b\runexehelper.exe
39,runexehelper.exe,58880,3,3620680216,2084-09-25T00:30:16.000Z,imports,api-ms-win-crt-private-l1-1-0.dll,_o_terminate,3779fe1f1883de6e0d31a6cbbaeff25e,26e50e6f15086bbf57acf99e050823f895fae25f09d6c6eb2ed136184f8d582d,c:\Windows\WinSxS\amd64_microsoft-windows-u..ed-telemetry-client_31bf3856ad364e35_10.0.18362.752_none_f5bd27a398912d7b\runexehelper.exe
40,runexehelper.exe,58880,3,3620680216,2084-09-25T00:30:16.000Z,imports,api-ms-win-crt-private-l1-1-0.dll,_o_tolower,3779fe1f1883de6e0d31a6cbbaeff25e,26e50e6f15086bbf57acf99e050823f895fae25f09d6c6eb2ed136184f8d582d,c:\Windows\WinSxS\amd64_microsoft-windows-u..ed-telemetry-client_31bf3856ad364e35_10.0.18362.752_none_f5bd27a398912d7b\runexehelper.exe
41,runexehelper.exe,58880,3,3620680216,2084-09-25T00:30:16.000Z,imports,api-ms-win-crt-private-l1-1-0.dll,memcpy,3779fe1f1883de6e0d31a6cbbaeff25e,26e50e6f15086bbf57acf99e050823f895fae25f09d6c6eb2ed136184f8d582d,c:\Windows\WinSxS\amd64_microsoft-windows-u..ed-telemetry-client_31bf3856ad364e35_10.0.18362.752_none_f5bd27a398912d7b\runexehelper.exe
42,runexehelper.exe,58880,3,3620680216,2084-09-25T00:30:16.000Z,imports,api-ms-win-crt-private-l1-1-0.dll,memmove,3779fe1f1883de6e0d31a6cbbaeff25e,26e50e6f15086bbf57acf99e050823f895fae25f09d6c6eb2ed136184f8d582d,c:\Windows\WinSxS\amd64_microsoft-windows-u..ed-telemetry-client_31bf3856ad364e35_10.0.18362.752_none_f5bd27a398912d7b\runexehelper.exe
43,runexehelper.exe,58880,3,3620680216,2084-09-25T00:30:16.000Z,imports,api-ms-win-crt-private-l1-1-0.dll,wcsstr,3779fe1f1883de6e0d31a6cbbaeff25e,26e50e6f15086bbf57acf99e050823f895fae25f09d6c6eb2ed136184f8d582d,c:\Windows\WinSxS\amd64_microsoft-windows-u..ed-telemetry-client_31bf3856ad364e35_10.0.18362.752_none_f5bd27a398912d7b\runexehelper.exe
44,runexehelper.exe,58880,3,3620680216,2084-09-25T00:30:16.000Z,imports,ntdll.dll,RtlCaptureContext,3779fe1f1883de6e0d31a6cbbaeff25e,26e50e6f15086bbf57acf99e050823f895fae25f09d6c6eb2ed136184f8d582d,c:\Windows\WinSxS\amd64_microsoft-windows-u..ed-telemetry-client_31bf3856ad364e35_10.0.18362.752_none_f5bd27a398912d7b\runexehelper.exe
45,runexehelper.exe,58880,3,3620680216,2084-09-25T00:30:16.000Z,imports,ntdll.dll,RtlLookupFunctionEntry,3779fe1f1883de6e0d31a6cbbaeff25e,26e50e6f15086bbf57acf99e050823f895fae25f09d6c6eb2ed136184f8d582d,c:\Windows\WinSxS\amd64_microsoft-windows-u..ed-telemetry-client_31bf3856ad364e35_10.0.18362.752_none_f5bd27a398912d7b\runexehelper.exe
46,runexehelper.exe,58880,3,3620680216,2084-09-25T00:30:16.000Z,imports,ntdll.dll,RtlVirtualUnwind,3779fe1f1883de6e0d31a6cbbaeff25e,26e50e6f15086bbf57acf99e050823f895fae25f09d6c6eb2ed136184f8d582d,c:\Windows\WinSxS\amd64_microsoft-windows-u..ed-telemetry-client_31bf3856ad364e35_10.0.18362.752_none_f5bd27a398912d7b\runexehelper.exe
47,runexehelper.exe,58880,3,3620680216,2084-09-25T00:30:16.000Z,imports,api-ms-win-core-libraryloader-l1-2-0.dll,GetModuleFileNameA,3779fe1f1883de6e0d31a6cbbaeff25e,26e50e6f15086bbf57acf99e050823f895fae25f09d6c6eb2ed136184f8d582d,c:\Windows\WinSxS\amd64_microsoft-windows-u..ed-telemetry-client_31bf3856ad364e35_10.0.18362.752_none_f5bd27a398912d7b\runexehelper.exe
48,runexehelper.exe,58880,3,3620680216,2084-09-25T00:30:16.000Z,imports,api-ms-win-core-libraryloader-l1-2-0.dll,GetModuleHandleExW,3779fe1f1883de6e0d31a6cbbaeff25e,26e50e6f15086bbf57acf99e050823f895fae25f09d6c6eb2ed136184f8d582d,c:\Windows\WinSxS\amd64_microsoft-windows-u..ed-telemetry-client_31bf3856ad364e35_10.0.18362.752_none_f5bd27a398912d7b\runexehelper.exe
49,runexehelper.exe,58880,3,3620680216,2084-09-25T00:30:16.000Z,imports,api-ms-win-core-libraryloader-l1-2-0.dll,GetModuleHandleW,3779fe1f1883de6e0d31a6cbbaeff25e,26e50e6f15086bbf57acf99e050823f895fae25f09d6c6eb2ed136184f8d582d,c:\Windows\WinSxS\amd64_microsoft-windows-u..ed-telemetry-client_31bf3856ad364e35_10.0.18362.752_none_f5bd27a398912d7b\runexehelper.exe
50,runexehelper.exe,58880,3,3620680216,2084-09-25T00:30:16.000Z,imports,api-ms-win-core-libraryloader-l1-2-0.dll,GetProcAddress,3779fe1f1883de6e0d31a6cbbaeff25e,26e50e6f15086bbf57acf99e050823f895fae25f09d6c6eb2ed136184f8d582d,c:\Windows\WinSxS\amd64_microsoft-windows-u..ed-telemetry-client_31bf3856ad364e35_10.0.18362.752_none_f5bd27a398912d7b\runexehelper.exe
51,runexehelper.exe,58880,3,3620680216,2084-09-25T00:30:16.000Z,imports,api-ms-win-core-synch-l1-1-0.dll,CreateMutexExW,3779fe1f1883de6e0d31a6cbbaeff25e,26e50e6f15086bbf57acf99e050823f895fae25f09d6c6eb2ed136184f8d582d,c:\Windows\WinSxS\amd64_microsoft-windows-u..ed-telemetry-client_31bf3856ad364e35_10.0.18362.752_none_f5bd27a398912d7b\runexehelper.exe
52,runexehelper.exe,58880,3,3620680216,2084-09-25T00:30:16.000Z,imports,api-ms-win-core-synch-l1-1-0.dll,CreateSemaphoreExW,3779fe1f1883de6e0d31a6cbbaeff25e,26e50e6f15086bbf57acf99e050823f895fae25f09d6c6eb2ed136184f8d582d,c:\Windows\WinSxS\amd64_microsoft-windows-u..ed-telemetry-client_31bf3856ad364e35_10.0.18362.752_none_f5bd27a398912d7b\runexehelper.exe
53,runexehelper.exe,58880,3,3620680216,2084-09-25T00:30:16.000Z,imports,api-ms-win-core-synch-l1-1-0.dll,OpenSemaphoreW,3779fe1f1883de6e0d31a6cbbaeff25e,26e50e6f15086bbf57acf99e050823f895fae25f09d6c6eb2ed136184f8d582d,c:\Windows\WinSxS\amd64_microsoft-windows-u..ed-telemetry-client_31bf3856ad364e35_10.0.18362.752_none_f5bd27a398912d7b\runexehelper.exe
54,runexehelper.exe,58880,3,3620680216,2084-09-25T00:30:16.000Z,imports,api-ms-win-core-synch-l1-1-0.dll,ReleaseMutex,3779fe1f1883de6e0d31a6cbbaeff25e,26e50e6f15086bbf57acf99e050823f895fae25f09d6c6eb2ed136184f8d582d,c:\Windows\WinSxS\amd64_microsoft-windows-u..ed-telemetry-client_31bf3856ad364e35_10.0.18362.752_none_f5bd27a398912d7b\runexehelper.exe
55,runexehelper.exe,58880,3,3620680216,2084-09-25T00:30:16.000Z,imports,api-ms-win-core-synch-l1-1-0.dll,ReleaseSemaphore,3779fe1f1883de6e0d31a6cbbaeff25e,26e50e6f15086bbf57acf99e050823f895fae25f09d6c6eb2ed136184f8d582d,c:\Windows\WinSxS\amd64_microsoft-windows-u..ed-telemetry-client_31bf3856ad364e35_10.0.18362.752_none_f5bd27a398912d7b\runexehelper.exe
56,runexehelper.exe,58880,3,3620680216,2084-09-25T00:30:16.000Z,imports,api-ms-win-core-synch-l1-1-0.dll,WaitForSingleObject,3779fe1f1883de6e0d31a6cbbaeff25e,26e50e6f15086bbf57acf99e050823f895fae25f09d6c6eb2ed136184f8d582d,c:\Windows\WinSxS\amd64_microsoft-windows-u..ed-telemetry-client_31bf3856ad364e35_10.0.18362.752_none_f5bd27a398912d7b\runexehelper.exe
57,runexehelper.exe,58880,3,3620680216,2084-09-25T00:30:16.000Z,imports,api-ms-win-core-synch-l1-1-0.dll,WaitForSingleObjectEx,3779fe1f1883de6e0d31a6cbbaeff25e,26e50e6f15086bbf57acf99e050823f895fae25f09d6c6eb2ed136184f8d582d,c:\Windows\WinSxS\amd64_microsoft-windows-u..ed-telemetry-client_31bf3856ad364e35_10.0.18362.752_none_f5bd27a398912d7b\runexehelper.exe
58,runexehelper.exe,58880,3,3620680216,2084-09-25T00:30:16.000Z,imports,api-ms-win-core-heap-l1-1-0.dll,GetProcessHeap,3779fe1f1883de6e0d31a6cbbaeff25e,26e50e6f15086bbf57acf99e050823f895fae25f09d6c6eb2ed136184f8d582d,c:\Windows\WinSxS\amd64_microsoft-windows-u..ed-telemetry-client_31bf3856ad364e35_10.0.18362.752_none_f5bd27a398912d7b\runexehelper.exe
59,runexehelper.exe,58880,3,3620680216,2084-09-25T00:30:16.000Z,imports,api-ms-win-core-heap-l1-1-0.dll,HeapAlloc,3779fe1f1883de6e0d31a6cbbaeff25e,26e50e6f15086bbf57acf99e050823f895fae25f09d6c6eb2ed136184f8d582d,c:\Windows\WinSxS\amd64_microsoft-windows-u..ed-telemetry-client_31bf3856ad364e35_10.0.18362.752_none_f5bd27a398912d7b\runexehelper.exe
60,runexehelper.exe,58880,3,3620680216,2084-09-25T00:30:16.000Z,imports,api-ms-win-core-heap-l1-1-0.dll,HeapFree,3779fe1f1883de6e0d31a6cbbaeff25e,26e50e6f15086bbf57acf99e050823f895fae25f09d6c6eb2ed136184f8d582d,c:\Windows\WinSxS\amd64_microsoft-windows-u..ed-telemetry-client_31bf3856ad364e35_10.0.18362.752_none_f5bd27a398912d7b\runexehelper.exe
61,runexehelper.exe,58880,3,3620680216,2084-09-25T00:30:16.000Z,imports,api-ms-win-core-errorhandling-l1-1-0.dll,GetLastError,3779fe1f1883de6e0d31a6cbbaeff25e,26e50e6f15086bbf57acf99e050823f895fae25f09d6c6eb2ed136184f8d582d,c:\Windows\WinSxS\amd64_microsoft-windows-u..ed-telemetry-client_31bf3856ad364e35_10.0.18362.752_none_f5bd27a398912d7b\runexehelper.exe
62,runexehelper.exe,58880,3,3620680216,2084-09-25T00:30:16.000Z,imports,api-ms-win-core-errorhandling-l1-1-0.dll,SetLastError,3779fe1f1883de6e0d31a6cbbaeff25e,26e50e6f15086bbf57acf99e050823f895fae25f09d6c6eb2ed136184f8d582d,c:\Windows\WinSxS\amd64_microsoft-windows-u..ed-telemetry-client_31bf3856ad364e35_10.0.18362.752_none_f5bd27a398912d7b\runexehelper.exe
63,runexehelper.exe,58880,3,3620680216,2084-09-25T00:30:16.000Z,imports,api-ms-win-core-errorhandling-l1-1-0.dll,SetUnhandledExceptionFilter,3779fe1f1883de6e0d31a6cbbaeff25e,26e50e6f15086bbf57acf99e050823f895fae25f09d6c6eb2ed136184f8d582d,c:\Windows\WinSxS\amd64_microsoft-windows-u..ed-telemetry-client_31bf3856ad364e35_10.0.18362.752_none_f5bd27a398912d7b\runexehelper.exe
64,runexehelper.exe,58880,3,3620680216,2084-09-25T00:30:16.000Z,imports,api-ms-win-core-errorhandling-l1-1-0.dll,UnhandledExceptionFilter,3779fe1f1883de6e0d31a6cbbaeff25e,26e50e6f15086bbf57acf99e050823f895fae25f09d6c6eb2ed136184f8d582d,c:\Windows\WinSxS\amd64_microsoft-windows-u..ed-telemetry-client_31bf3856ad364e35_10.0.18362.752_none_f5bd27a398912d7b\runexehelper.exe
65,runexehelper.exe,58880,3,3620680216,2084-09-25T00:30:16.000Z,imports,api-ms-win-core-processthreads-l1-1-0.dll,CreateProcessAsUserW,3779fe1f1883de6e0d31a6cbbaeff25e,26e50e6f15086bbf57acf99e050823f895fae25f09d6c6eb2ed136184f8d582d,c:\Windows\WinSxS\amd64_microsoft-windows-u..ed-telemetry-client_31bf3856ad364e35_10.0.18362.752_none_f5bd27a398912d7b\runexehelper.exe
66,runexehelper.exe,58880,3,3620680216,2084-09-25T00:30:16.000Z,imports,api-ms-win-core-processthreads-l1-1-0.dll,GetCurrentProcess,3779fe1f1883de6e0d31a6cbbaeff25e,26e50e6f15086bbf57acf99e050823f895fae25f09d6c6eb2ed136184f8d582d,c:\Windows\WinSxS\amd64_microsoft-windows-u..ed-telemetry-client_31bf3856ad364e35_10.0.18362.752_none_f5bd27a398912d7b\runexehelper.exe
67,runexehelper.exe,58880,3,3620680216,2084-09-25T00:30:16.000Z,imports,api-ms-win-core-processthreads-l1-1-0.dll,GetCurrentProcessId,3779fe1f1883de6e0d31a6cbbaeff25e,26e50e6f15086bbf57acf99e050823f895fae25f09d6c6eb2ed136184f8d582d,c:\Windows\WinSxS\amd64_microsoft-windows-u..ed-telemetry-client_31bf3856ad364e35_10.0.18362.752_none_f5bd27a398912d7b\runexehelper.exe
68,runexehelper.exe,58880,3,3620680216,2084-09-25T00:30:16.000Z,imports,api-ms-win-core-processthreads-l1-1-0.dll,GetCurrentThread,3779fe1f1883de6e0d31a6cbbaeff25e,26e50e6f15086bbf57acf99e050823f895fae25f09d6c6eb2ed136184f8d582d,c:\Windows\WinSxS\amd64_microsoft-windows-u..ed-telemetry-client_31bf3856ad364e35_10.0.18362.752_none_f5bd27a398912d7b\runexehelper.exe
69,runexehelper.exe,58880,3,3620680216,2084-09-25T00:30:16.000Z,imports,api-ms-win-core-processthreads-l1-1-0.dll,GetCurrentThreadId,3779fe1f1883de6e0d31a6cbbaeff25e,26e50e6f15086bbf57acf99e050823f895fae25f09d6c6eb2ed136184f8d582d,c:\Windows\WinSxS\amd64_microsoft-windows-u..ed-telemetry-client_31bf3856ad364e35_10.0.18362.752_none_f5bd27a398912d7b\runexehelper.exe
70,runexehelper.exe,58880,3,3620680216,2084-09-25T00:30:16.000Z,imports,api-ms-win-core-processthreads-l1-1-0.dll,GetExitCodeProcess,3779fe1f1883de6e0d31a6cbbaeff25e,26e50e6f15086bbf57acf99e050823f895fae25f09d6c6eb2ed136184f8d582d,c:\Windows\WinSxS\amd64_microsoft-windows-u..ed-telemetry-client_31bf3856ad364e35_10.0.18362.752_none_f5bd27a398912d7b\runexehelper.exe
71,runexehelper.exe,58880,3,3620680216,2084-09-25T00:30:16.000Z,imports,api-ms-win-core-processthreads-l1-1-0.dll,OpenThreadToken,3779fe1f1883de6e0d31a6cbbaeff25e,26e50e6f15086bbf57acf99e050823f895fae25f09d6c6eb2ed136184f8d582d,c:\Windows\WinSxS\amd64_microsoft-windows-u..ed-telemetry-client_31bf3856ad364e35_10.0.18362.752_none_f5bd27a398912d7b\runexehelper.exe
72,runexehelper.exe,58880,3,3620680216,2084-09-25T00:30:16.000Z,imports,api-ms-win-core-processthreads-l1-1-0.dll,TerminateProcess,3779fe1f1883de6e0d31a6cbbaeff25e,26e50e6f15086bbf57acf99e050823f895fae25f09d6c6eb2ed136184f8d582d,c:\Windows\WinSxS\amd64_microsoft-windows-u..ed-telemetry-client_31bf3856ad364e35_10.0.18362.752_none_f5bd27a398912d7b\runexehelper.exe
73,runexehelper.exe,58880,3,3620680216,2084-09-25T00:30:16.000Z,imports,api-ms-win-core-localization-l1-2-0.dll,FormatMessageW,3779fe1f1883de6e0d31a6cbbaeff25e,26e50e6f15086bbf57acf99e050823f895fae25f09d6c6eb2ed136184f8d582d,c:\Windows\WinSxS\amd64_microsoft-windows-u..ed-telemetry-client_31bf3856ad364e35_10.0.18362.752_none_f5bd27a398912d7b\runexehelper.exe
74,runexehelper.exe,58880,3,3620680216,2084-09-25T00:30:16.000Z,imports,api-ms-win-core-debug-l1-1-0.dll,DebugBreak,3779fe1f1883de6e0d31a6cbbaeff25e,26e50e6f15086bbf57acf99e050823f895fae25f09d6c6eb2ed136184f8d582d,c:\Windows\WinSxS\amd64_microsoft-windows-u..ed-telemetry-client_31bf3856ad364e35_10.0.18362.752_none_f5bd27a398912d7b\runexehelper.exe
75,runexehelper.exe,58880,3,3620680216,2084-09-25T00:30:16.000Z,imports,api-ms-win-core-debug-l1-1-0.dll,IsDebuggerPresent,3779fe1f1883de6e0d31a6cbbaeff25e,26e50e6f15086bbf57acf99e050823f895fae25f09d6c6eb2ed136184f8d582d,c:\Windows\WinSxS\amd64_microsoft-windows-u..ed-telemetry-client_31bf3856ad364e35_10.0.18362.752_none_f5bd27a398912d7b\runexehelper.exe
76,runexehelper.exe,58880,3,3620680216,2084-09-25T00:30:16.000Z,imports,api-ms-win-core-debug-l1-1-0.dll,OutputDebugStringW,3779fe1f1883de6e0d31a6cbbaeff25e,26e50e6f15086bbf57acf99e050823f895fae25f09d6c6eb2ed136184f8d582d,c:\Windows\WinSxS\amd64_microsoft-windows-u..ed-telemetry-client_31bf3856ad364e35_10.0.18362.752_none_f5bd27a398912d7b\runexehelper.exe
77,runexehelper.exe,58880,3,3620680216,2084-09-25T00:30:16.000Z,imports,api-ms-win-core-handle-l1-1-0.dll,CloseHandle,3779fe1f1883de6e0d31a6cbbaeff25e,26e50e6f15086bbf57acf99e050823f895fae25f09d6c6eb2ed136184f8d582d,c:\Windows\WinSxS\amd64_microsoft-windows-u..ed-telemetry-client_31bf3856ad364e35_10.0.18362.752_none_f5bd27a398912d7b\runexehelper.exe
78,runexehelper.exe,58880,3,3620680216,2084-09-25T00:30:16.000Z,imports,api-ms-win-core-handle-l1-1-0.dll,SetHandleInformation,3779fe1f1883de6e0d31a6cbbaeff25e,26e50e6f15086bbf57acf99e050823f895fae25f09d6c6eb2ed136184f8d582d,c:\Windows\WinSxS\amd64_microsoft-windows-u..ed-telemetry-client_31bf3856ad364e35_10.0.18362.752_none_f5bd27a398912d7b\runexehelper.exe
79,runexehelper.exe,58880,3,3620680216,2084-09-25T00:30:16.000Z,imports,userenv.dll,CreateEnvironmentBlock,3779fe1f1883de6e0d31a6cbbaeff25e,26e50e6f15086bbf57acf99e050823f895fae25f09d6c6eb2ed136184f8d582d,c:\Windows\WinSxS\amd64_microsoft-windows-u..ed-telemetry-client_31bf3856ad364e35_10.0.18362.752_none_f5bd27a398912d7b\runexehelper.exe
80,runexehelper.exe,58880,3,3620680216,2084-09-25T00:30:16.000Z,imports,userenv.dll,DestroyEnvironmentBlock,3779fe1f1883de6e0d31a6cbbaeff25e,26e50e6f15086bbf57acf99e050823f895fae25f09d6c6eb2ed136184f8d582d,c:\Windows\WinSxS\amd64_microsoft-windows-u..ed-telemetry-client_31bf3856ad364e35_10.0.18362.752_none_f5bd27a398912d7b\runexehelper.exe
81,runexehelper.exe,58880,3,3620680216,2084-09-25T00:30:16.000Z,imports,userenv.dll,ExpandEnvironmentStringsForUserW,3779fe1f1883de6e0d31a6cbbaeff25e,26e50e6f15086bbf57acf99e050823f895fae25f09d6c6eb2ed136184f8d582d,c:\Windows\WinSxS\amd64_microsoft-windows-u..ed-telemetry-client_31bf3856ad364e35_10.0.18362.752_none_f5bd27a398912d7b\runexehelper.exe
82,runexehelper.exe,58880,3,3620680216,2084-09-25T00:30:16.000Z,imports,api-ms-win-core-processenvironment-l1-1-0.dll,ExpandEnvironmentStringsW,3779fe1f1883de6e0d31a6cbbaeff25e,26e50e6f15086bbf57acf99e050823f895fae25f09d6c6eb2ed136184f8d582d,c:\Windows\WinSxS\amd64_microsoft-windows-u..ed-telemetry-client_31bf3856ad364e35_10.0.18362.752_none_f5bd27a398912d7b\runexehelper.exe
83,runexehelper.exe,58880,3,3620680216,2084-09-25T00:30:16.000Z,imports,api-ms-win-core-processenvironment-l1-1-0.dll,GetStdHandle,3779fe1f1883de6e0d31a6cbbaeff25e,26e50e6f15086bbf57acf99e050823f895fae25f09d6c6eb2ed136184f8d582d,c:\Windows\WinSxS\amd64_microsoft-windows-u..ed-telemetry-client_31bf3856ad364e35_10.0.18362.752_none_f5bd27a398912d7b\runexehelper.exe
84,runexehelper.exe,58880,3,3620680216,2084-09-25T00:30:16.000Z,imports,api-ms-win-core-path-l1-1-0.dll,PathCchAppend,3779fe1f1883de6e0d31a6cbbaeff25e,26e50e6f15086bbf57acf99e050823f895fae25f09d6c6eb2ed136184f8d582d,c:\Windows\WinSxS\amd64_microsoft-windows-u..ed-telemetry-client_31bf3856ad364e35_10.0.18362.752_none_f5bd27a398912d7b\runexehelper.exe
85,runexehelper.exe,58880,3,3620680216,2084-09-25T00:30:16.000Z,imports,api-ms-win-core-file-l1-1-0.dll,CreateFileW,3779fe1f1883de6e0d31a6cbbaeff25e,26e50e6f15086bbf57acf99e050823f895fae25f09d6c6eb2ed136184f8d582d,c:\Windows\WinSxS\amd64_microsoft-windows-u..ed-telemetry-client_31bf3856ad364e35_10.0.18362.752_none_f5bd27a398912d7b\runexehelper.exe
86,runexehelper.exe,58880,3,3620680216,2084-09-25T00:30:16.000Z,imports,api-ms-win-core-file-l1-1-0.dll,SetFilePointer,3779fe1f1883de6e0d31a6cbbaeff25e,26e50e6f15086bbf57acf99e050823f895fae25f09d6c6eb2ed136184f8d582d,c:\Windows\WinSxS\amd64_microsoft-windows-u..ed-telemetry-client_31bf3856ad364e35_10.0.18362.752_none_f5bd27a398912d7b\runexehelper.exe
87,runexehelper.exe,58880,3,3620680216,2084-09-25T00:30:16.000Z,imports,api-ms-win-security-base-l1-1-0.dll,DuplicateTokenEx,3779fe1f1883de6e0d31a6cbbaeff25e,26e50e6f15086bbf57acf99e050823f895fae25f09d6c6eb2ed136184f8d582d,c:\Windows\WinSxS\amd64_microsoft-windows-u..ed-telemetry-client_31bf3856ad364e35_10.0.18362.752_none_f5bd27a398912d7b\runexehelper.exe
88,runexehelper.exe,58880,3,3620680216,2084-09-25T00:30:16.000Z,imports,api-ms-win-core-processthreads-l1-1-1.dll,IsProcessorFeaturePresent,3779fe1f1883de6e0d31a6cbbaeff25e,26e50e6f15086bbf57acf99e050823f895fae25f09d6c6eb2ed136184f8d582d,c:\Windows\WinSxS\amd64_microsoft-windows-u..ed-telemetry-client_31bf3856ad364e35_10.0.18362.752_none_f5bd27a398912d7b\runexehelper.exe
89,runexehelper.exe,58880,3,3620680216,2084-09-25T00:30:16.000Z,imports,api-ms-win-core-profile-l1-1-0.dll,QueryPerformanceCounter,3779fe1f1883de6e0d31a6cbbaeff25e,26e50e6f15086bbf57acf99e050823f895fae25f09d6c6eb2ed136184f8d582d,c:\Windows\WinSxS\amd64_microsoft-windows-u..ed-telemetry-client_31bf3856ad364e35_10.0.18362.752_none_f5bd27a398912d7b\runexehelper.exe
90,runexehelper.exe,58880,3,3620680216,2084-09-25T00:30:16.000Z,imports,api-ms-win-core-sysinfo-l1-1-0.dll,GetSystemTimeAsFileTime,3779fe1f1883de6e0d31a6cbbaeff25e,26e50e6f15086bbf57acf99e050823f895fae25f09d6c6eb2ed136184f8d582d,c:\Windows\WinSxS\amd64_microsoft-windows-u..ed-telemetry-client_31bf3856ad364e35_10.0.18362.752_none_f5bd27a398912d7b\runexehelper.exe
91,runexehelper.exe,58880,3,3620680216,2084-09-25T00:30:16.000Z,imports,api-ms-win-core-interlocked-l1-1-0.dll,InitializeSListHead,3779fe1f1883de6e0d31a6cbbaeff25e,26e50e6f15086bbf57acf99e050823f895fae25f09d6c6eb2ed136184f8d582d,c:\Windows\WinSxS\amd64_microsoft-windows-u..ed-telemetry-client_31bf3856ad364e35_10.0.18362.752_none_f5bd27a398912d7b\runexehelper.exe
92,runexehelper.exe,58880,3,3620680216,2084-09-25T00:30:16.000Z,imports,api-ms-win-core-winrt-string-l1-1-0.dll,WindowsCreateString,3779fe1f1883de6e0d31a6cbbaeff25e,26e50e6f15086bbf57acf99e050823f895fae25f09d6c6eb2ed136184f8d582d,c:\Windows\WinSxS\amd64_microsoft-windows-u..ed-telemetry-client_31bf3856ad364e35_10.0.18362.752_none_f5bd27a398912d7b\runexehelper.exe
93,runexehelper.exe,58880,3,3620680216,2084-09-25T00:30:16.000Z,imports,api-ms-win-core-winrt-string-l1-1-0.dll,WindowsDeleteString,3779fe1f1883de6e0d31a6cbbaeff25e,26e50e6f15086bbf57acf99e050823f895fae25f09d6c6eb2ed136184f8d582d,c:\Windows\WinSxS\amd64_microsoft-windows-u..ed-telemetry-client_31bf3856ad364e35_10.0.18362.752_none_f5bd27a398912d7b\runexehelper.exe
94,runexehelper.exe,58880,3,3620680216,2084-09-25T00:30:16.000Z,imports,api-ms-win-core-winrt-string-l1-1-0.dll,WindowsGetStringRawBuffer,3779fe1f1883de6e0d31a6cbbaeff25e,26e50e6f15086bbf57acf99e050823f895fae25f09d6c6eb2ed136184f8d582d,c:\Windows\WinSxS\amd64_microsoft-windows-u..ed-telemetry-client_31bf3856ad364e35_10.0.18362.752_none_f5bd27a398912d7b\runexehelper.exe
95,runexehelper.exe,58880,3,3620680216,2084-09-25T00:30:16.000Z,imports,api-ms-win-core-winrt-error-l1-1-0.dll,GetRestrictedErrorInfo,3779fe1f1883de6e0d31a6cbbaeff25e,26e50e6f15086bbf57acf99e050823f895fae25f09d6c6eb2ed136184f8d582d,c:\Windows\WinSxS\amd64_microsoft-windows-u..ed-telemetry-client_31bf3856ad364e35_10.0.18362.752_none_f5bd27a398912d7b\runexehelper.exe
96,runexehelper.exe,58880,3,3620680216,2084-09-25T00:30:16.000Z,imports,api-ms-win-core-winrt-error-l1-1-0.dll,SetRestrictedErrorInfo,3779fe1f1883de6e0d31a6cbbaeff25e,26e50e6f15086bbf57acf99e050823f895fae25f09d6c6eb2ed136184f8d582d,c:\Windows\WinSxS\amd64_microsoft-windows-u..ed-telemetry-client_31bf3856ad364e35_10.0.18362.752_none_f5bd27a398912d7b\runexehelper.exe
97,runexehelper.exe,58880,3,3620680216,2084-09-25T00:30:16.000Z,imports,api-ms-win-core-winrt-error-l1-1-1.dll,RoOriginateLanguageException,3779fe1f1883de6e0d31a6cbbaeff25e,26e50e6f15086bbf57acf99e050823f895fae25f09d6c6eb2ed136184f8d582d,c:\Windows\WinSxS\amd64_microsoft-windows-u..ed-telemetry-client_31bf3856ad364e35_10.0.18362.752_none_f5bd27a398912d7b\runexehelper.exe
