,col0,col1,col2,col3,col4,col5,col6,col7
0,access_subscription_document_fields,subscription.document.fields,model_subscription_document_fields,base.group_tool_manager,1,1,1,1
1,access_subscription_subscription_user,subscription.subscription user,model_subscription_subscription,base.group_tool_user,1,1,1,1
2,access_subscription_subscription_history_user,subscription.subscription.history user,model_subscription_subscription_history,base.group_tool_user,1,1,1,1
3,access_subscription_document_user,subscription.document user,model_subscription_document,base.group_tool_user,1,1,1,1
4,access_res_partner_user,res.partner.user,base.model_res_partner,base.group_tool_user,1,1,1,1
5,access_ir_cron_user,ir.cron.user,base.model_ir_cron,base.group_tool_user,1,1,1,1
