,col0,col1,col2,col3,col4,col5,col6,col7,col8,col9,col10
0,SenseCncPS.dll,16384,2,526514569,1986-09-07T22:02:49.000Z,imports,api-ms-win-crt-runtime-l1-1-0.dll,_initterm_e,c68ecab08eae539660ac0c77c70d3e51,691dec756e870804d73f01ca597c47c1c94096de7c9cafe0e1ce2f3c62f11c04,c:\Windows\WinSxS\amd64_windows-senseclient-service_31bf3856ad364e35_10.0.18362.693_none_fdc4b39d20f8e6f7\SenseCncPS.dll
1,SenseCncPS.dll,16384,2,526514569,1986-09-07T22:02:49.000Z,imports,api-ms-win-crt-string-l1-1-0.dll,memset,c68ecab08eae539660ac0c77c70d3e51,691dec756e870804d73f01ca597c47c1c94096de7c9cafe0e1ce2f3c62f11c04,c:\Windows\WinSxS\amd64_windows-senseclient-service_31bf3856ad364e35_10.0.18362.693_none_fdc4b39d20f8e6f7\SenseCncPS.dll
2,SenseCncPS.dll,16384,2,526514569,1986-09-07T22:02:49.000Z,imports,api-ms-win-crt-private-l1-1-0.dll,__C_specific_handler,c68ecab08eae539660ac0c77c70d3e51,691dec756e870804d73f01ca597c47c1c94096de7c9cafe0e1ce2f3c62f11c04,c:\Windows\WinSxS\amd64_windows-senseclient-service_31bf3856ad364e35_10.0.18362.693_none_fdc4b39d20f8e6f7\SenseCncPS.dll
3,SenseCncPS.dll,16384,2,526514569,1986-09-07T22:02:49.000Z,imports,api-ms-win-crt-private-l1-1-0.dll,_o___std_type_info_destroy_list,c68ecab08eae539660ac0c77c70d3e51,691dec756e870804d73f01ca597c47c1c94096de7c9cafe0e1ce2f3c62f11c04,c:\Windows\WinSxS\amd64_windows-senseclient-service_31bf3856ad364e35_10.0.18362.693_none_fdc4b39d20f8e6f7\SenseCncPS.dll
4,SenseCncPS.dll,16384,2,526514569,1986-09-07T22:02:49.000Z,imports,api-ms-win-crt-private-l1-1-0.dll,_o__cexit,c68ecab08eae539660ac0c77c70d3e51,691dec756e870804d73f01ca597c47c1c94096de7c9cafe0e1ce2f3c62f11c04,c:\Windows\WinSxS\amd64_windows-senseclient-service_31bf3856ad364e35_10.0.18362.693_none_fdc4b39d20f8e6f7\SenseCncPS.dll
5,SenseCncPS.dll,16384,2,526514569,1986-09-07T22:02:49.000Z,imports,api-ms-win-crt-private-l1-1-0.dll,_o__configure_narrow_argv,c68ecab08eae539660ac0c77c70d3e51,691dec756e870804d73f01ca597c47c1c94096de7c9cafe0e1ce2f3c62f11c04,c:\Windows\WinSxS\amd64_windows-senseclient-service_31bf3856ad364e35_10.0.18362.693_none_fdc4b39d20f8e6f7\SenseCncPS.dll
6,SenseCncPS.dll,16384,2,526514569,1986-09-07T22:02:49.000Z,imports,api-ms-win-crt-private-l1-1-0.dll,_o__execute_onexit_table,c68ecab08eae539660ac0c77c70d3e51,691dec756e870804d73f01ca597c47c1c94096de7c9cafe0e1ce2f3c62f11c04,c:\Windows\WinSxS\amd64_windows-senseclient-service_31bf3856ad364e35_10.0.18362.693_none_fdc4b39d20f8e6f7\SenseCncPS.dll
7,SenseCncPS.dll,16384,2,526514569,1986-09-07T22:02:49.000Z,imports,api-ms-win-crt-private-l1-1-0.dll,_o__initialize_narrow_environment,c68ecab08eae539660ac0c77c70d3e51,691dec756e870804d73f01ca597c47c1c94096de7c9cafe0e1ce2f3c62f11c04,c:\Windows\WinSxS\amd64_windows-senseclient-service_31bf3856ad364e35_10.0.18362.693_none_fdc4b39d20f8e6f7\SenseCncPS.dll
8,SenseCncPS.dll,16384,2,526514569,1986-09-07T22:02:49.000Z,imports,api-ms-win-crt-private-l1-1-0.dll,_o__initialize_onexit_table,c68ecab08eae539660ac0c77c70d3e51,691dec756e870804d73f01ca597c47c1c94096de7c9cafe0e1ce2f3c62f11c04,c:\Windows\WinSxS\amd64_windows-senseclient-service_31bf3856ad364e35_10.0.18362.693_none_fdc4b39d20f8e6f7\SenseCncPS.dll
9,SenseCncPS.dll,16384,2,526514569,1986-09-07T22:02:49.000Z,imports,api-ms-win-crt-private-l1-1-0.dll,_o__seh_filter_dll,c68ecab08eae539660ac0c77c70d3e51,691dec756e870804d73f01ca597c47c1c94096de7c9cafe0e1ce2f3c62f11c04,c:\Windows\WinSxS\amd64_windows-senseclient-service_31bf3856ad364e35_10.0.18362.693_none_fdc4b39d20f8e6f7\SenseCncPS.dll
10,SenseCncPS.dll,16384,2,526514569,1986-09-07T22:02:49.000Z,imports,api-ms-win-core-libraryloader-l1-2-0.dll,DisableThreadLibraryCalls,c68ecab08eae539660ac0c77c70d3e51,691dec756e870804d73f01ca597c47c1c94096de7c9cafe0e1ce2f3c62f11c04,c:\Windows\WinSxS\amd64_windows-senseclient-service_31bf3856ad364e35_10.0.18362.693_none_fdc4b39d20f8e6f7\SenseCncPS.dll
11,SenseCncPS.dll,16384,2,526514569,1986-09-07T22:02:49.000Z,imports,rpcrt4.dll,CStdStubBuffer_AddRef,c68ecab08eae539660ac0c77c70d3e51,691dec756e870804d73f01ca597c47c1c94096de7c9cafe0e1ce2f3c62f11c04,c:\Windows\WinSxS\amd64_windows-senseclient-service_31bf3856ad364e35_10.0.18362.693_none_fdc4b39d20f8e6f7\SenseCncPS.dll
12,SenseCncPS.dll,16384,2,526514569,1986-09-07T22:02:49.000Z,imports,rpcrt4.dll,CStdStubBuffer_Connect,c68ecab08eae539660ac0c77c70d3e51,691dec756e870804d73f01ca597c47c1c94096de7c9cafe0e1ce2f3c62f11c04,c:\Windows\WinSxS\amd64_windows-senseclient-service_31bf3856ad364e35_10.0.18362.693_none_fdc4b39d20f8e6f7\SenseCncPS.dll
13,SenseCncPS.dll,16384,2,526514569,1986-09-07T22:02:49.000Z,imports,rpcrt4.dll,CStdStubBuffer_CountRefs,c68ecab08eae539660ac0c77c70d3e51,691dec756e870804d73f01ca597c47c1c94096de7c9cafe0e1ce2f3c62f11c04,c:\Windows\WinSxS\amd64_windows-senseclient-service_31bf3856ad364e35_10.0.18362.693_none_fdc4b39d20f8e6f7\SenseCncPS.dll
14,SenseCncPS.dll,16384,2,526514569,1986-09-07T22:02:49.000Z,imports,rpcrt4.dll,CStdStubBuffer_DebugServerQueryInterface,c68ecab08eae539660ac0c77c70d3e51,691dec756e870804d73f01ca597c47c1c94096de7c9cafe0e1ce2f3c62f11c04,c:\Windows\WinSxS\amd64_windows-senseclient-service_31bf3856ad364e35_10.0.18362.693_none_fdc4b39d20f8e6f7\SenseCncPS.dll
15,SenseCncPS.dll,16384,2,526514569,1986-09-07T22:02:49.000Z,imports,rpcrt4.dll,CStdStubBuffer_DebugServerRelease,c68ecab08eae539660ac0c77c70d3e51,691dec756e870804d73f01ca597c47c1c94096de7c9cafe0e1ce2f3c62f11c04,c:\Windows\WinSxS\amd64_windows-senseclient-service_31bf3856ad364e35_10.0.18362.693_none_fdc4b39d20f8e6f7\SenseCncPS.dll
16,SenseCncPS.dll,16384,2,526514569,1986-09-07T22:02:49.000Z,imports,rpcrt4.dll,CStdStubBuffer_Disconnect,c68ecab08eae539660ac0c77c70d3e51,691dec756e870804d73f01ca597c47c1c94096de7c9cafe0e1ce2f3c62f11c04,c:\Windows\WinSxS\amd64_windows-senseclient-service_31bf3856ad364e35_10.0.18362.693_none_fdc4b39d20f8e6f7\SenseCncPS.dll
17,SenseCncPS.dll,16384,2,526514569,1986-09-07T22:02:49.000Z,imports,rpcrt4.dll,CStdStubBuffer_Invoke,c68ecab08eae539660ac0c77c70d3e51,691dec756e870804d73f01ca597c47c1c94096de7c9cafe0e1ce2f3c62f11c04,c:\Windows\WinSxS\amd64_windows-senseclient-service_31bf3856ad364e35_10.0.18362.693_none_fdc4b39d20f8e6f7\SenseCncPS.dll
18,SenseCncPS.dll,16384,2,526514569,1986-09-07T22:02:49.000Z,imports,rpcrt4.dll,CStdStubBuffer_IsIIDSupported,c68ecab08eae539660ac0c77c70d3e51,691dec756e870804d73f01ca597c47c1c94096de7c9cafe0e1ce2f3c62f11c04,c:\Windows\WinSxS\amd64_windows-senseclient-service_31bf3856ad364e35_10.0.18362.693_none_fdc4b39d20f8e6f7\SenseCncPS.dll
19,SenseCncPS.dll,16384,2,526514569,1986-09-07T22:02:49.000Z,imports,rpcrt4.dll,CStdStubBuffer_QueryInterface,c68ecab08eae539660ac0c77c70d3e51,691dec756e870804d73f01ca597c47c1c94096de7c9cafe0e1ce2f3c62f11c04,c:\Windows\WinSxS\amd64_windows-senseclient-service_31bf3856ad364e35_10.0.18362.693_none_fdc4b39d20f8e6f7\SenseCncPS.dll
20,SenseCncPS.dll,16384,2,526514569,1986-09-07T22:02:49.000Z,imports,rpcrt4.dll,IUnknown_AddRef_Proxy,c68ecab08eae539660ac0c77c70d3e51,691dec756e870804d73f01ca597c47c1c94096de7c9cafe0e1ce2f3c62f11c04,c:\Windows\WinSxS\amd64_windows-senseclient-service_31bf3856ad364e35_10.0.18362.693_none_fdc4b39d20f8e6f7\SenseCncPS.dll
21,SenseCncPS.dll,16384,2,526514569,1986-09-07T22:02:49.000Z,imports,rpcrt4.dll,IUnknown_QueryInterface_Proxy,c68ecab08eae539660ac0c77c70d3e51,691dec756e870804d73f01ca597c47c1c94096de7c9cafe0e1ce2f3c62f11c04,c:\Windows\WinSxS\amd64_windows-senseclient-service_31bf3856ad364e35_10.0.18362.693_none_fdc4b39d20f8e6f7\SenseCncPS.dll
22,SenseCncPS.dll,16384,2,526514569,1986-09-07T22:02:49.000Z,imports,rpcrt4.dll,IUnknown_Release_Proxy,c68ecab08eae539660ac0c77c70d3e51,691dec756e870804d73f01ca597c47c1c94096de7c9cafe0e1ce2f3c62f11c04,c:\Windows\WinSxS\amd64_windows-senseclient-service_31bf3856ad364e35_10.0.18362.693_none_fdc4b39d20f8e6f7\SenseCncPS.dll
23,SenseCncPS.dll,16384,2,526514569,1986-09-07T22:02:49.000Z,imports,rpcrt4.dll,NdrCStdStubBuffer_Release,c68ecab08eae539660ac0c77c70d3e51,691dec756e870804d73f01ca597c47c1c94096de7c9cafe0e1ce2f3c62f11c04,c:\Windows\WinSxS\amd64_windows-senseclient-service_31bf3856ad364e35_10.0.18362.693_none_fdc4b39d20f8e6f7\SenseCncPS.dll
24,SenseCncPS.dll,16384,2,526514569,1986-09-07T22:02:49.000Z,imports,rpcrt4.dll,NdrDllCanUnloadNow,c68ecab08eae539660ac0c77c70d3e51,691dec756e870804d73f01ca597c47c1c94096de7c9cafe0e1ce2f3c62f11c04,c:\Windows\WinSxS\amd64_windows-senseclient-service_31bf3856ad364e35_10.0.18362.693_none_fdc4b39d20f8e6f7\SenseCncPS.dll
25,SenseCncPS.dll,16384,2,526514569,1986-09-07T22:02:49.000Z,imports,rpcrt4.dll,NdrDllGetClassObject,c68ecab08eae539660ac0c77c70d3e51,691dec756e870804d73f01ca597c47c1c94096de7c9cafe0e1ce2f3c62f11c04,c:\Windows\WinSxS\amd64_windows-senseclient-service_31bf3856ad364e35_10.0.18362.693_none_fdc4b39d20f8e6f7\SenseCncPS.dll
26,SenseCncPS.dll,16384,2,526514569,1986-09-07T22:02:49.000Z,imports,rpcrt4.dll,NdrDllRegisterProxy,c68ecab08eae539660ac0c77c70d3e51,691dec756e870804d73f01ca597c47c1c94096de7c9cafe0e1ce2f3c62f11c04,c:\Windows\WinSxS\amd64_windows-senseclient-service_31bf3856ad364e35_10.0.18362.693_none_fdc4b39d20f8e6f7\SenseCncPS.dll
27,SenseCncPS.dll,16384,2,526514569,1986-09-07T22:02:49.000Z,imports,rpcrt4.dll,NdrDllUnregisterProxy,c68ecab08eae539660ac0c77c70d3e51,691dec756e870804d73f01ca597c47c1c94096de7c9cafe0e1ce2f3c62f11c04,c:\Windows\WinSxS\amd64_windows-senseclient-service_31bf3856ad364e35_10.0.18362.693_none_fdc4b39d20f8e6f7\SenseCncPS.dll
28,SenseCncPS.dll,16384,2,526514569,1986-09-07T22:02:49.000Z,imports,rpcrt4.dll,NdrOleAllocate,c68ecab08eae539660ac0c77c70d3e51,691dec756e870804d73f01ca597c47c1c94096de7c9cafe0e1ce2f3c62f11c04,c:\Windows\WinSxS\amd64_windows-senseclient-service_31bf3856ad364e35_10.0.18362.693_none_fdc4b39d20f8e6f7\SenseCncPS.dll
29,SenseCncPS.dll,16384,2,526514569,1986-09-07T22:02:49.000Z,imports,rpcrt4.dll,NdrOleFree,c68ecab08eae539660ac0c77c70d3e51,691dec756e870804d73f01ca597c47c1c94096de7c9cafe0e1ce2f3c62f11c04,c:\Windows\WinSxS\amd64_windows-senseclient-service_31bf3856ad364e35_10.0.18362.693_none_fdc4b39d20f8e6f7\SenseCncPS.dll
30,SenseCncPS.dll,16384,2,526514569,1986-09-07T22:02:49.000Z,imports,oleaut32.dll,BSTR_UserFree64,c68ecab08eae539660ac0c77c70d3e51,691dec756e870804d73f01ca597c47c1c94096de7c9cafe0e1ce2f3c62f11c04,c:\Windows\WinSxS\amd64_windows-senseclient-service_31bf3856ad364e35_10.0.18362.693_none_fdc4b39d20f8e6f7\SenseCncPS.dll
31,SenseCncPS.dll,16384,2,526514569,1986-09-07T22:02:49.000Z,imports,oleaut32.dll,BSTR_UserMarshal64,c68ecab08eae539660ac0c77c70d3e51,691dec756e870804d73f01ca597c47c1c94096de7c9cafe0e1ce2f3c62f11c04,c:\Windows\WinSxS\amd64_windows-senseclient-service_31bf3856ad364e35_10.0.18362.693_none_fdc4b39d20f8e6f7\SenseCncPS.dll
32,SenseCncPS.dll,16384,2,526514569,1986-09-07T22:02:49.000Z,imports,oleaut32.dll,BSTR_UserSize64,c68ecab08eae539660ac0c77c70d3e51,691dec756e870804d73f01ca597c47c1c94096de7c9cafe0e1ce2f3c62f11c04,c:\Windows\WinSxS\amd64_windows-senseclient-service_31bf3856ad364e35_10.0.18362.693_none_fdc4b39d20f8e6f7\SenseCncPS.dll
33,SenseCncPS.dll,16384,2,526514569,1986-09-07T22:02:49.000Z,imports,oleaut32.dll,BSTR_UserUnmarshal64,c68ecab08eae539660ac0c77c70d3e51,691dec756e870804d73f01ca597c47c1c94096de7c9cafe0e1ce2f3c62f11c04,c:\Windows\WinSxS\amd64_windows-senseclient-service_31bf3856ad364e35_10.0.18362.693_none_fdc4b39d20f8e6f7\SenseCncPS.dll
34,SenseCncPS.dll,16384,2,526514569,1986-09-07T22:02:49.000Z,imports,api-ms-win-core-com-midlproxystub-l1-1-0.dll,ObjectStublessClient3,c68ecab08eae539660ac0c77c70d3e51,691dec756e870804d73f01ca597c47c1c94096de7c9cafe0e1ce2f3c62f11c04,c:\Windows\WinSxS\amd64_windows-senseclient-service_31bf3856ad364e35_10.0.18362.693_none_fdc4b39d20f8e6f7\SenseCncPS.dll
35,SenseCncPS.dll,16384,2,526514569,1986-09-07T22:02:49.000Z,imports,api-ms-win-core-com-midlproxystub-l1-1-0.dll,ObjectStublessClient4,c68ecab08eae539660ac0c77c70d3e51,691dec756e870804d73f01ca597c47c1c94096de7c9cafe0e1ce2f3c62f11c04,c:\Windows\WinSxS\amd64_windows-senseclient-service_31bf3856ad364e35_10.0.18362.693_none_fdc4b39d20f8e6f7\SenseCncPS.dll
36,SenseCncPS.dll,16384,2,526514569,1986-09-07T22:02:49.000Z,imports,api-ms-win-core-com-midlproxystub-l1-1-0.dll,ObjectStublessClient5,c68ecab08eae539660ac0c77c70d3e51,691dec756e870804d73f01ca597c47c1c94096de7c9cafe0e1ce2f3c62f11c04,c:\Windows\WinSxS\amd64_windows-senseclient-service_31bf3856ad364e35_10.0.18362.693_none_fdc4b39d20f8e6f7\SenseCncPS.dll
37,SenseCncPS.dll,16384,2,526514569,1986-09-07T22:02:49.000Z,imports,api-ms-win-core-profile-l1-1-0.dll,QueryPerformanceCounter,c68ecab08eae539660ac0c77c70d3e51,691dec756e870804d73f01ca597c47c1c94096de7c9cafe0e1ce2f3c62f11c04,c:\Windows\WinSxS\amd64_windows-senseclient-service_31bf3856ad364e35_10.0.18362.693_none_fdc4b39d20f8e6f7\SenseCncPS.dll
38,SenseCncPS.dll,16384,2,526514569,1986-09-07T22:02:49.000Z,imports,api-ms-win-core-processthreads-l1-1-0.dll,GetCurrentProcess,c68ecab08eae539660ac0c77c70d3e51,691dec756e870804d73f01ca597c47c1c94096de7c9cafe0e1ce2f3c62f11c04,c:\Windows\WinSxS\amd64_windows-senseclient-service_31bf3856ad364e35_10.0.18362.693_none_fdc4b39d20f8e6f7\SenseCncPS.dll
39,SenseCncPS.dll,16384,2,526514569,1986-09-07T22:02:49.000Z,imports,api-ms-win-core-processthreads-l1-1-0.dll,GetCurrentProcessId,c68ecab08eae539660ac0c77c70d3e51,691dec756e870804d73f01ca597c47c1c94096de7c9cafe0e1ce2f3c62f11c04,c:\Windows\WinSxS\amd64_windows-senseclient-service_31bf3856ad364e35_10.0.18362.693_none_fdc4b39d20f8e6f7\SenseCncPS.dll
40,SenseCncPS.dll,16384,2,526514569,1986-09-07T22:02:49.000Z,imports,api-ms-win-core-processthreads-l1-1-0.dll,GetCurrentThreadId,c68ecab08eae539660ac0c77c70d3e51,691dec756e870804d73f01ca597c47c1c94096de7c9cafe0e1ce2f3c62f11c04,c:\Windows\WinSxS\amd64_windows-senseclient-service_31bf3856ad364e35_10.0.18362.693_none_fdc4b39d20f8e6f7\SenseCncPS.dll
41,SenseCncPS.dll,16384,2,526514569,1986-09-07T22:02:49.000Z,imports,api-ms-win-core-processthreads-l1-1-0.dll,TerminateProcess,c68ecab08eae539660ac0c77c70d3e51,691dec756e870804d73f01ca597c47c1c94096de7c9cafe0e1ce2f3c62f11c04,c:\Windows\WinSxS\amd64_windows-senseclient-service_31bf3856ad364e35_10.0.18362.693_none_fdc4b39d20f8e6f7\SenseCncPS.dll
42,SenseCncPS.dll,16384,2,526514569,1986-09-07T22:02:49.000Z,imports,api-ms-win-core-sysinfo-l1-1-0.dll,GetSystemTimeAsFileTime,c68ecab08eae539660ac0c77c70d3e51,691dec756e870804d73f01ca597c47c1c94096de7c9cafe0e1ce2f3c62f11c04,c:\Windows\WinSxS\amd64_windows-senseclient-service_31bf3856ad364e35_10.0.18362.693_none_fdc4b39d20f8e6f7\SenseCncPS.dll
43,SenseCncPS.dll,16384,2,526514569,1986-09-07T22:02:49.000Z,imports,api-ms-win-core-interlocked-l1-1-0.dll,InitializeSListHead,c68ecab08eae539660ac0c77c70d3e51,691dec756e870804d73f01ca597c47c1c94096de7c9cafe0e1ce2f3c62f11c04,c:\Windows\WinSxS\amd64_windows-senseclient-service_31bf3856ad364e35_10.0.18362.693_none_fdc4b39d20f8e6f7\SenseCncPS.dll
44,SenseCncPS.dll,16384,2,526514569,1986-09-07T22:02:49.000Z,imports,api-ms-win-core-rtlsupport-l1-1-0.dll,RtlCaptureContext,c68ecab08eae539660ac0c77c70d3e51,691dec756e870804d73f01ca597c47c1c94096de7c9cafe0e1ce2f3c62f11c04,c:\Windows\WinSxS\amd64_windows-senseclient-service_31bf3856ad364e35_10.0.18362.693_none_fdc4b39d20f8e6f7\SenseCncPS.dll
45,SenseCncPS.dll,16384,2,526514569,1986-09-07T22:02:49.000Z,imports,api-ms-win-core-rtlsupport-l1-1-0.dll,RtlLookupFunctionEntry,c68ecab08eae539660ac0c77c70d3e51,691dec756e870804d73f01ca597c47c1c94096de7c9cafe0e1ce2f3c62f11c04,c:\Windows\WinSxS\amd64_windows-senseclient-service_31bf3856ad364e35_10.0.18362.693_none_fdc4b39d20f8e6f7\SenseCncPS.dll
46,SenseCncPS.dll,16384,2,526514569,1986-09-07T22:02:49.000Z,imports,api-ms-win-core-rtlsupport-l1-1-0.dll,RtlVirtualUnwind,c68ecab08eae539660ac0c77c70d3e51,691dec756e870804d73f01ca597c47c1c94096de7c9cafe0e1ce2f3c62f11c04,c:\Windows\WinSxS\amd64_windows-senseclient-service_31bf3856ad364e35_10.0.18362.693_none_fdc4b39d20f8e6f7\SenseCncPS.dll
47,SenseCncPS.dll,16384,2,526514569,1986-09-07T22:02:49.000Z,imports,api-ms-win-core-debug-l1-1-0.dll,IsDebuggerPresent,c68ecab08eae539660ac0c77c70d3e51,691dec756e870804d73f01ca597c47c1c94096de7c9cafe0e1ce2f3c62f11c04,c:\Windows\WinSxS\amd64_windows-senseclient-service_31bf3856ad364e35_10.0.18362.693_none_fdc4b39d20f8e6f7\SenseCncPS.dll
48,SenseCncPS.dll,16384,2,526514569,1986-09-07T22:02:49.000Z,imports,api-ms-win-core-errorhandling-l1-1-0.dll,SetUnhandledExceptionFilter,c68ecab08eae539660ac0c77c70d3e51,691dec756e870804d73f01ca597c47c1c94096de7c9cafe0e1ce2f3c62f11c04,c:\Windows\WinSxS\amd64_windows-senseclient-service_31bf3856ad364e35_10.0.18362.693_none_fdc4b39d20f8e6f7\SenseCncPS.dll
49,SenseCncPS.dll,16384,2,526514569,1986-09-07T22:02:49.000Z,imports,api-ms-win-core-errorhandling-l1-1-0.dll,UnhandledExceptionFilter,c68ecab08eae539660ac0c77c70d3e51,691dec756e870804d73f01ca597c47c1c94096de7c9cafe0e1ce2f3c62f11c04,c:\Windows\WinSxS\amd64_windows-senseclient-service_31bf3856ad364e35_10.0.18362.693_none_fdc4b39d20f8e6f7\SenseCncPS.dll
50,SenseCncPS.dll,16384,2,526514569,1986-09-07T22:02:49.000Z,imports,api-ms-win-core-processthreads-l1-1-1.dll,IsProcessorFeaturePresent,c68ecab08eae539660ac0c77c70d3e51,691dec756e870804d73f01ca597c47c1c94096de7c9cafe0e1ce2f3c62f11c04,c:\Windows\WinSxS\amd64_windows-senseclient-service_31bf3856ad364e35_10.0.18362.693_none_fdc4b39d20f8e6f7\SenseCncPS.dll
51,SenseCncPS.dll,16384,2,526514569,1986-09-07T22:02:49.000Z,exports,SenseCncPS.dll,DllCanUnloadNow,c68ecab08eae539660ac0c77c70d3e51,691dec756e870804d73f01ca597c47c1c94096de7c9cafe0e1ce2f3c62f11c04,c:\Windows\WinSxS\amd64_windows-senseclient-service_31bf3856ad364e35_10.0.18362.693_none_fdc4b39d20f8e6f7\SenseCncPS.dll
52,SenseCncPS.dll,16384,2,526514569,1986-09-07T22:02:49.000Z,exports,SenseCncPS.dll,DllGetClassObject,c68ecab08eae539660ac0c77c70d3e51,691dec756e870804d73f01ca597c47c1c94096de7c9cafe0e1ce2f3c62f11c04,c:\Windows\WinSxS\amd64_windows-senseclient-service_31bf3856ad364e35_10.0.18362.693_none_fdc4b39d20f8e6f7\SenseCncPS.dll
53,SenseCncPS.dll,16384,2,526514569,1986-09-07T22:02:49.000Z,exports,SenseCncPS.dll,DllRegisterServer,c68ecab08eae539660ac0c77c70d3e51,691dec756e870804d73f01ca597c47c1c94096de7c9cafe0e1ce2f3c62f11c04,c:\Windows\WinSxS\amd64_windows-senseclient-service_31bf3856ad364e35_10.0.18362.693_none_fdc4b39d20f8e6f7\SenseCncPS.dll
54,SenseCncPS.dll,16384,2,526514569,1986-09-07T22:02:49.000Z,exports,SenseCncPS.dll,DllUnregisterServer,c68ecab08eae539660ac0c77c70d3e51,691dec756e870804d73f01ca597c47c1c94096de7c9cafe0e1ce2f3c62f11c04,c:\Windows\WinSxS\amd64_windows-senseclient-service_31bf3856ad364e35_10.0.18362.693_none_fdc4b39d20f8e6f7\SenseCncPS.dll
