,col0,col1,col2,col3,col4,col5,col6,col7,col8,col9,col10,col11
0,389¿,exit¿,¿,¿,¿,¿,¿,¿,¿,¿,¿,
1,390¿,exit¿,¿,¿,¿,¿,¿,¿,¿,¿,¿,
2,391¿,exit¿,¿,¿,¿,¿,¿,¿,¿,¿,¿,
3,392¿,exit¿,¿,¿,¿,¿,¿,¿,¿,¿,¿,
4,393¿,exit¿,¿,¿,¿,¿,¿,¿,¿,¿,¿,
5,394¿,exit¿,¿,¿,¿,¿,¿,¿,¿,¿,¿,
6,395¿,exit¿,¿,¿,¿,¿,¿,¿,¿,¿,¿,
7,396¿,exit¿,¿,¿,¿,¿,¿,¿,¿,¿,¿,
8,397¿,exit¿,¿,¿,¿,¿,¿,¿,¿,¿,¿,
9,1¿,Program¿,¿,¿,"[112,2189]¿","{start:{line:2,column:0},end:{line:77,column:2}}¿",¿,¿,¿,¿,¿,
10,2¿,VariableDeclaration¿,var¿,¿,"[112,2189]¿","{start:{line:2,column:0},end:{line:77,column:2}}¿",¿,¿,¿,¿,¿,
11,3¿,VariableDeclarator¿,¿,=¿,"[116,2188]¿","{start:{line:2,column:4},end:{line:77,column:1}}¿",¿,¿,¿,¿,¿,
12,4¿,Identifier¿,¿,cookies¿,"[116,123]¿","{start:{line:2,column:4},end:{line:2,column:11}}¿",¿,¿,¿,¿,¿,
13,5¿,FunctionExpression¿,¿,¿,"[126,2188]¿","{start:{line:2,column:14},end:{line:77,column:1}}¿",¿,¿,¿,¿,false¿,
14,6¿,Identifier¿,¿,data¿,"[136,140]¿","{start:{line:2,column:24},end:{line:2,column:28}}¿",¿,¿,¿,¿,¿,
15,7¿,Identifier¿,¿,opt¿,"[142,145]¿","{start:{line:2,column:30},end:{line:2,column:33}}¿",¿,¿,¿,¿,¿,
16,8¿,BlockStatement¿,¿,¿,"[147,2188]¿","{start:{line:2,column:35},end:{line:77,column:1}}¿",¿,¿,¿,¿,¿,
17,9¿,FunctionDeclaration¿,¿,¿,"[151,331]¿","{start:{line:3,column:2},end:{line:11,column:3}}¿",¿,¿,¿,¿,false¿,
18,10¿,Identifier¿,¿,defaults¿,"[160,168]¿","{start:{line:3,column:11},end:{line:3,column:19}}¿",¿,¿,¿,¿,¿,
19,11¿,Identifier¿,¿,obj¿,"[170,173]¿","{start:{line:3,column:21},end:{line:3,column:24}}¿",¿,¿,¿,¿,¿,
20,12¿,Identifier¿,¿,defs¿,"[175,179]¿","{start:{line:3,column:26},end:{line:3,column:30}}¿",¿,¿,¿,¿,¿,
21,13¿,BlockStatement¿,¿,¿,"[181,331]¿","{start:{line:3,column:32},end:{line:11,column:3}}¿",¿,¿,¿,¿,¿,
22,14¿,ExpressionStatement¿,¿,¿,"[187,203]¿","{start:{line:4,column:4},end:{line:4,column:20}}¿",¿,¿,¿,¿,¿,
23,15¿,AssignmentExpression¿,¿,=¿,"[187,202]¿","{start:{line:4,column:4},end:{line:4,column:19}}¿",¿,¿,¿,¿,¿,
24,16¿,Identifier¿,¿,obj¿,"[187,190]¿","{start:{line:4,column:4},end:{line:4,column:7}}¿",¿,¿,¿,¿,¿,
25,17¿,LogicalExpression¿,¿,||¿,"[193,202]¿","{start:{line:4,column:10},end:{line:4,column:19}}¿",¿,¿,¿,¿,¿,
26,18¿,Identifier¿,¿,obj¿,"[193,196]¿","{start:{line:4,column:10},end:{line:4,column:13}}¿",¿,¿,¿,¿,¿,
27,19¿,ObjectExpression¿,¿,¿,"[200,202]¿","{start:{line:4,column:17},end:{line:4,column:19}}¿",¿,¿,¿,¿,¿,
28,20¿,ForInStatement¿,¿,¿,"[208,311]¿","{start:{line:5,column:4},end:{line:9,column:5}}¿",¿,¿,¿,¿,¿,
29,21¿,VariableDeclaration¿,var¿,¿,"[213,220]¿","{start:{line:5,column:9},end:{line:5,column:16}}¿",¿,¿,¿,¿,¿,
30,22¿,VariableDeclarator¿,¿,=¿,"[217,220]¿","{start:{line:5,column:13},end:{line:5,column:16}}¿",¿,¿,¿,¿,¿,
31,23¿,Identifier¿,¿,key¿,"[217,220]¿","{start:{line:5,column:13},end:{line:5,column:16}}¿",¿,¿,¿,¿,¿,
32,24¿,Identifier¿,¿,defs¿,"[224,228]¿","{start:{line:5,column:20},end:{line:5,column:24}}¿",¿,¿,¿,¿,¿,
33,25¿,BlockStatement¿,¿,¿,"[230,311]¿","{start:{line:5,column:26},end:{line:9,column:5}}¿",¿,¿,¿,¿,¿,
34,26¿,IfStatement¿,¿,"{type:BinaryExpression,operator:===,left:{type:MemberExpression,computed:true,object:{type:Identifier,name:obj,range:[242,245],loc:{start:{line:6,column:10},end:{line:6,column:13}},_id:29},property:{type:Identifier,name:key,range:[246,249],loc:{start:{line:6,column:14},end:{line:6,column:17}},_id:30},range:[242,250],loc:{start:{line:6,column:10},end:{line:6,column:18}},_id:28},right:{type:Identifier,name:undefined,range:[255,264],loc:{start:{line:6,column:23},end:{line:6,column:32}},_id:31},range:[242,264],loc:{start:{line:6,column:10},end:{line:6,column:32}},_id:27}¿","[238,305]¿","{start:{line:6,column:6},end:{line:8,column:7}}¿",¿,¿,¿,¿,¿,
35,27¿,BinaryExpression¿,¿,===¿,"[242,264]¿","{start:{line:6,column:10},end:{line:6,column:32}}¿",¿,¿,¿,¿,¿,
36,28¿,MemberExpression¿,¿,¿,"[242,250]¿","{start:{line:6,column:10},end:{line:6,column:18}}¿",¿,¿,¿,true¿,¿,
37,29¿,Identifier¿,¿,obj¿,"[242,245]¿","{start:{line:6,column:10},end:{line:6,column:13}}¿",¿,¿,¿,¿,¿,
38,30¿,Identifier¿,¿,key¿,"[246,249]¿","{start:{line:6,column:14},end:{line:6,column:17}}¿",¿,¿,¿,¿,¿,
39,31¿,Identifier¿,¿,undefined¿,"[255,264]¿","{start:{line:6,column:23},end:{line:6,column:32}}¿",¿,¿,¿,¿,¿,
40,32¿,BlockStatement¿,¿,¿,"[266,305]¿","{start:{line:6,column:34},end:{line:8,column:7}}¿",¿,¿,¿,¿,¿,
41,33¿,ExpressionStatement¿,¿,¿,"[276,297]¿","{start:{line:7,column:8},end:{line:7,column:29}}¿",¿,¿,¿,¿,¿,
42,34¿,AssignmentExpression¿,¿,=¿,"[276,296]¿","{start:{line:7,column:8},end:{line:7,column:28}}¿",¿,¿,¿,¿,¿,
43,35¿,MemberExpression¿,¿,¿,"[276,284]¿","{start:{line:7,column:8},end:{line:7,column:16}}¿",¿,¿,¿,true¿,¿,
44,36¿,Identifier¿,¿,obj¿,"[276,279]¿","{start:{line:7,column:8},end:{line:7,column:11}}¿",¿,¿,¿,¿,¿,
45,37¿,Identifier¿,¿,key¿,"[280,283]¿","{start:{line:7,column:12},end:{line:7,column:15}}¿",¿,¿,¿,¿,¿,
46,38¿,MemberExpression¿,¿,¿,"[287,296]¿","{start:{line:7,column:19},end:{line:7,column:28}}¿",¿,¿,¿,true¿,¿,
47,39¿,Identifier¿,¿,defs¿,"[287,291]¿","{start:{line:7,column:19},end:{line:7,column:23}}¿",¿,¿,¿,¿,¿,
48,40¿,Identifier¿,¿,key¿,"[292,295]¿","{start:{line:7,column:24},end:{line:7,column:27}}¿",¿,¿,¿,¿,¿,
49,41¿,ReturnStatement¿,¿,¿,"[316,327]¿","{start:{line:10,column:4},end:{line:10,column:15}}¿",¿,¿,¿,¿,¿,
50,42¿,Identifier¿,¿,obj¿,"[323,326]¿","{start:{line:10,column:11},end:{line:10,column:14}}¿",¿,¿,¿,¿,¿,
51,43¿,ExpressionStatement¿,¿,¿,"[335,707]¿","{start:{line:13,column:2},end:{line:29,column:5}}¿",¿,¿,¿,¿,¿,
52,44¿,CallExpression¿,¿,¿,"[335,706]¿","{start:{line:13,column:2},end:{line:29,column:4}}¿",¿,¿,¿,¿,¿,
53,45¿,Identifier¿,¿,defaults¿,"[335,343]¿","{start:{line:13,column:2},end:{line:13,column:10}}¿",¿,¿,¿,¿,¿,
54,46¿,Identifier¿,¿,cookies¿,"[344,351]¿","{start:{line:13,column:11},end:{line:13,column:18}}¿",¿,¿,¿,¿,¿,
55,47¿,ObjectExpression¿,¿,¿,"[353,705]¿","{start:{line:13,column:20},end:{line:29,column:3}}¿",¿,¿,¿,¿,¿,
56,48¿,Property¿,init¿,¿,"[359,383]¿","{start:{line:14,column:4},end:{line:14,column:28}}¿",¿,¿,¿,¿,¿,
57,49¿,Identifier¿,¿,expires¿,"[359,366]¿","{start:{line:14,column:4},end:{line:14,column:11}}¿",¿,¿,¿,¿,¿,
58,50¿,BinaryExpression¿,¿,*¿,"[368,383]¿","{start:{line:14,column:13},end:{line:14,column:28}}¿",¿,¿,¿,¿,¿,
59,51¿,BinaryExpression¿,¿,*¿,"[368,376]¿","{start:{line:14,column:13},end:{line:14,column:21}}¿",¿,¿,¿,¿,¿,
60,52¿,Literal¿,¿,¿,"[368,371]¿","{start:{line:14,column:13},end:{line:14,column:16}}¿",365¿,365¿,¿,¿,¿,
61,53¿,Literal¿,¿,¿,"[374,376]¿","{start:{line:14,column:19},end:{line:14,column:21}}¿",24¿,24¿,¿,¿,¿,
62,54¿,Literal¿,¿,¿,"[379,383]¿","{start:{line:14,column:24},end:{line:14,column:28}}¿",3600¿,3600¿,¿,¿,¿,
63,55¿,Property¿,init¿,¿,"[389,398]¿","{start:{line:15,column:4},end:{line:15,column:13}}¿",¿,¿,¿,¿,¿,
64,56¿,Identifier¿,¿,path¿,"[389,393]¿","{start:{line:15,column:4},end:{line:15,column:8}}¿",¿,¿,¿,¿,¿,
65,57¿,Literal¿,¿,¿,"[395,398]¿","{start:{line:15,column:10},end:{line:15,column:13}}¿",/¿,'/'¿,¿,¿,¿,
66,58¿,Property¿,init¿,¿,"[404,449]¿","{start:{line:16,column:4},end:{line:16,column:49}}¿",¿,¿,¿,¿,¿,
67,59¿,Identifier¿,¿,secure¿,"[404,410]¿","{start:{line:16,column:4},end:{line:16,column:10}}¿",¿,¿,¿,¿,¿,
68,60¿,BinaryExpression¿,¿,===¿,"[412,449]¿","{start:{line:16,column:12},end:{line:16,column:49}}¿",¿,¿,¿,¿,¿,
69,61¿,MemberExpression¿,¿,¿,"[412,436]¿","{start:{line:16,column:12},end:{line:16,column:36}}¿",¿,¿,¿,false¿,¿,
70,62¿,MemberExpression¿,¿,¿,"[412,427]¿","{start:{line:16,column:12},end:{line:16,column:27}}¿",¿,¿,¿,false¿,¿,
71,63¿,Identifier¿,¿,window¿,"[412,418]¿","{start:{line:16,column:12},end:{line:16,column:18}}¿",¿,¿,¿,¿,¿,
72,64¿,Identifier¿,¿,location¿,"[419,427]¿","{start:{line:16,column:19},end:{line:16,column:27}}¿",¿,¿,¿,¿,¿,
73,65¿,Identifier¿,¿,protocol¿,"[428,436]¿","{start:{line:16,column:28},end:{line:16,column:36}}¿",¿,¿,¿,¿,¿,
74,66¿,Literal¿,¿,¿,"[441,449]¿","{start:{line:16,column:41},end:{line:16,column:49}}¿",https:¿,'https:'¿,¿,¿,¿,
75,67¿,Property¿,init¿,¿,"[472,490]¿","{start:{line:19,column:4},end:{line:19,column:22}}¿",¿,¿,¿,¿,¿,
76,68¿,Identifier¿,¿,nulltoremove¿,"[472,484]¿","{start:{line:19,column:4},end:{line:19,column:16}}¿",¿,¿,¿,¿,¿,
77,69¿,Literal¿,¿,¿,"[486,490]¿","{start:{line:19,column:18},end:{line:19,column:22}}¿",true¿,true¿,¿,¿,¿,
78,70¿,Property¿,init¿,¿,"[496,510]¿","{start:{line:20,column:4},end:{line:20,column:18}}¿",¿,¿,¿,¿,¿,
79,71¿,Identifier¿,¿,autojson¿,"[496,504]¿","{start:{line:20,column:4},end:{line:20,column:12}}¿",¿,¿,¿,¿,¿,
80,72¿,Literal¿,¿,¿,"[506,510]¿","{start:{line:20,column:14},end:{line:20,column:18}}¿",true¿,true¿,¿,¿,¿,
81,73¿,Property¿,init¿,¿,"[516,532]¿","{start:{line:21,column:4},end:{line:21,column:20}}¿",¿,¿,¿,¿,¿,
82,74¿,Identifier¿,¿,autoencode¿,"[516,526]¿","{start:{line:21,column:4},end:{line:21,column:14}}¿",¿,¿,¿,¿,¿,
83,75¿,Literal¿,¿,¿,"[528,532]¿","{start:{line:21,column:16},end:{line:21,column:20}}¿",true¿,true¿,¿,¿,¿,
84,76¿,Property¿,init¿,¿,"[538,606]¿","{start:{line:22,column:4},end:{line:24,column:5}}¿",¿,¿,¿,¿,¿,
85,77¿,Identifier¿,¿,encode¿,"[538,544]¿","{start:{line:22,column:4},end:{line:22,column:10}}¿",¿,¿,¿,¿,¿,
86,78¿,FunctionExpression¿,¿,¿,"[546,606]¿","{start:{line:22,column:12},end:{line:24,column:5}}¿",¿,¿,¿,¿,false¿,
87,79¿,Identifier¿,¿,val¿,"[556,559]¿","{start:{line:22,column:22},end:{line:22,column:25}}¿",¿,¿,¿,¿,¿,
88,80¿,BlockStatement¿,¿,¿,"[561,606]¿","{start:{line:22,column:27},end:{line:24,column:5}}¿",¿,¿,¿,¿,¿,
89,81¿,ReturnStatement¿,¿,¿,"[569,600]¿","{start:{line:23,column:6},end:{line:23,column:37}}¿",¿,¿,¿,¿,¿,
90,82¿,CallExpression¿,¿,¿,"[576,599]¿","{start:{line:23,column:13},end:{line:23,column:36}}¿",¿,¿,¿,¿,¿,
91,83¿,Identifier¿,¿,encodeURIComponent¿,"[576,594]¿","{start:{line:23,column:13},end:{line:23,column:31}}¿",¿,¿,¿,¿,¿,
92,84¿,Identifier¿,¿,val¿,"[595,598]¿","{start:{line:23,column:32},end:{line:23,column:35}}¿",¿,¿,¿,¿,¿,
93,85¿,Property¿,init¿,¿,"[612,680]¿","{start:{line:25,column:4},end:{line:27,column:5}}¿",¿,¿,¿,¿,¿,
94,86¿,Identifier¿,¿,decode¿,"[612,618]¿","{start:{line:25,column:4},end:{line:25,column:10}}¿",¿,¿,¿,¿,¿,
95,87¿,FunctionExpression¿,¿,¿,"[620,680]¿","{start:{line:25,column:12},end:{line:27,column:5}}¿",¿,¿,¿,¿,false¿,
96,88¿,Identifier¿,¿,val¿,"[630,633]¿","{start:{line:25,column:22},end:{line:25,column:25}}¿",¿,¿,¿,¿,¿,
97,89¿,BlockStatement¿,¿,¿,"[635,680]¿","{start:{line:25,column:27},end:{line:27,column:5}}¿",¿,¿,¿,¿,¿,
98,90¿,ReturnStatement¿,¿,¿,"[643,674]¿","{start:{line:26,column:6},end:{line:26,column:37}}¿",¿,¿,¿,¿,¿,
99,91¿,CallExpression¿,¿,¿,"[650,673]¿","{start:{line:26,column:13},end:{line:26,column:36}}¿",¿,¿,¿,¿,¿,
100,92¿,Identifier¿,¿,decodeURIComponent¿,"[650,668]¿","{start:{line:26,column:13},end:{line:26,column:31}}¿",¿,¿,¿,¿,¿,
101,93¿,Identifier¿,¿,val¿,"[669,672]¿","{start:{line:26,column:32},end:{line:26,column:35}}¿",¿,¿,¿,¿,¿,
102,94¿,Property¿,init¿,¿,"[686,701]¿","{start:{line:28,column:4},end:{line:28,column:19}}¿",¿,¿,¿,¿,¿,
103,95¿,Identifier¿,¿,fallback¿,"[686,694]¿","{start:{line:28,column:4},end:{line:28,column:12}}¿",¿,¿,¿,¿,¿,
104,96¿,Literal¿,¿,¿,"[696,701]¿","{start:{line:28,column:14},end:{line:28,column:19}}¿",false¿,false¿,¿,¿,¿,
105,97¿,ExpressionStatement¿,¿,¿,"[711,740]¿","{start:{line:31,column:2},end:{line:31,column:31}}¿",¿,¿,¿,¿,¿,
106,98¿,AssignmentExpression¿,¿,=¿,"[711,739]¿","{start:{line:31,column:2},end:{line:31,column:30}}¿",¿,¿,¿,¿,¿,
107,99¿,Identifier¿,¿,opt¿,"[711,714]¿","{start:{line:31,column:2},end:{line:31,column:5}}¿",¿,¿,¿,¿,¿,
108,100¿,CallExpression¿,¿,¿,"[717,739]¿","{start:{line:31,column:8},end:{line:31,column:30}}¿",¿,¿,¿,¿,¿,
109,101¿,Identifier¿,¿,defaults¿,"[717,725]¿","{start:{line:31,column:8},end:{line:31,column:16}}¿",¿,¿,¿,¿,¿,
110,102¿,Identifier¿,¿,opt¿,"[726,729]¿","{start:{line:31,column:17},end:{line:31,column:20}}¿",¿,¿,¿,¿,¿,
111,103¿,Identifier¿,¿,cookies¿,"[731,738]¿","{start:{line:31,column:22},end:{line:31,column:29}}¿",¿,¿,¿,¿,¿,
112,104¿,FunctionDeclaration¿,¿,¿,"[744,961]¿","{start:{line:33,column:2},end:{line:40,column:3}}¿",¿,¿,¿,¿,false¿,
113,105¿,Identifier¿,¿,expires¿,"[753,760]¿","{start:{line:33,column:11},end:{line:33,column:18}}¿",¿,¿,¿,¿,¿,
114,106¿,Identifier¿,¿,time¿,"[762,766]¿","{start:{line:33,column:20},end:{line:33,column:24}}¿",¿,¿,¿,¿,¿,
115,107¿,BlockStatement¿,¿,¿,"[768,961]¿","{start:{line:33,column:26},end:{line:40,column:3}}¿",¿,¿,¿,¿,¿,
116,108¿,VariableDeclaration¿,var¿,¿,"[774,793]¿","{start:{line:34,column:4},end:{line:34,column:23}}¿",¿,¿,¿,¿,¿,
117,109¿,VariableDeclarator¿,¿,=¿,"[778,792]¿","{start:{line:34,column:8},end:{line:34,column:22}}¿",¿,¿,¿,¿,¿,
118,110¿,Identifier¿,¿,expires¿,"[778,785]¿","{start:{line:34,column:8},end:{line:34,column:15}}¿",¿,¿,¿,¿,¿,
119,111¿,Identifier¿,¿,time¿,"[788,792]¿","{start:{line:34,column:18},end:{line:34,column:22}}¿",¿,¿,¿,¿,¿,
120,112¿,IfStatement¿,¿,"{type:UnaryExpression,operator:!,argument:{type:BinaryExpression,operator:instanceof,left:{type:Identifier,name:expires,range:[804,811],loc:{start:{line:35,column:10},end:{line:35,column:17}},_id:115},right:{type:Identifier,name:Date,range:[823,827],loc:{start:{line:35,column:29},end:{line:35,column:33}},_id:116},range:[804,827],loc:{start:{line:35,column:10},end:{line:35,column:33}},_id:114},prefix:true,range:[802,828],loc:{start:{line:35,column:8},end:{line:35,column:34}},_id:113}¿","[798,923]¿","{start:{line:35,column:4},end:{line:38,column:5}}¿",¿,¿,¿,¿,¿,
121,113¿,UnaryExpression¿,¿,!¿,"[802,828]¿","{start:{line:35,column:8},end:{line:35,column:34}}¿",¿,¿,¿,¿,¿,
122,114¿,BinaryExpression¿,¿,instanceof¿,"[804,827]¿","{start:{line:35,column:10},end:{line:35,column:33}}¿",¿,¿,¿,¿,¿,
123,115¿,Identifier¿,¿,expires¿,"[804,811]¿","{start:{line:35,column:10},end:{line:35,column:17}}¿",¿,¿,¿,¿,¿,
124,116¿,Identifier¿,¿,Date¿,"[823,827]¿","{start:{line:35,column:29},end:{line:35,column:33}}¿",¿,¿,¿,¿,¿,
125,117¿,BlockStatement¿,¿,¿,"[830,923]¿","{start:{line:35,column:36},end:{line:38,column:5}}¿",¿,¿,¿,¿,¿,
126,118¿,ExpressionStatement¿,¿,¿,"[838,859]¿","{start:{line:36,column:6},end:{line:36,column:27}}¿",¿,¿,¿,¿,¿,
127,119¿,AssignmentExpression¿,¿,=¿,"[838,858]¿","{start:{line:36,column:6},end:{line:36,column:26}}¿",¿,¿,¿,¿,¿,
128,120¿,Identifier¿,¿,expires¿,"[838,845]¿","{start:{line:36,column:6},end:{line:36,column:13}}¿",¿,¿,¿,¿,¿,
129,121¿,NewExpression¿,¿,¿,"[848,858]¿","{start:{line:36,column:16},end:{line:36,column:26}}¿",¿,¿,¿,¿,¿,
130,122¿,Identifier¿,¿,Date¿,"[852,856]¿","{start:{line:36,column:20},end:{line:36,column:24}}¿",¿,¿,¿,¿,¿,
131,123¿,ExpressionStatement¿,¿,¿,"[866,917]¿","{start:{line:37,column:6},end:{line:37,column:57}}¿",¿,¿,¿,¿,¿,
132,124¿,CallExpression¿,¿,¿,"[866,916]¿","{start:{line:37,column:6},end:{line:37,column:56}}¿",¿,¿,¿,¿,¿,
133,125¿,MemberExpression¿,¿,¿,"[866,881]¿","{start:{line:37,column:6},end:{line:37,column:21}}¿",¿,¿,¿,false¿,¿,
134,126¿,Identifier¿,¿,expires¿,"[866,873]¿","{start:{line:37,column:6},end:{line:37,column:13}}¿",¿,¿,¿,¿,¿,
135,127¿,Identifier¿,¿,setTime¿,"[874,881]¿","{start:{line:37,column:14},end:{line:37,column:21}}¿",¿,¿,¿,¿,¿,
136,128¿,BinaryExpression¿,¿,+¿,"[882,915]¿","{start:{line:37,column:22},end:{line:37,column:55}}¿",¿,¿,¿,¿,¿,
137,129¿,CallExpression¿,¿,¿,"[882,899]¿","{start:{line:37,column:22},end:{line:37,column:39}}¿",¿,¿,¿,¿,¿,
138,130¿,MemberExpression¿,¿,¿,"[882,897]¿","{start:{line:37,column:22},end:{line:37,column:37}}¿",¿,¿,¿,false¿,¿,
139,131¿,Identifier¿,¿,expires¿,"[882,889]¿","{start:{line:37,column:22},end:{line:37,column:29}}¿",¿,¿,¿,¿,¿,
140,132¿,Identifier¿,¿,getTime¿,"[890,897]¿","{start:{line:37,column:30},end:{line:37,column:37}}¿",¿,¿,¿,¿,¿,
141,133¿,BinaryExpression¿,¿,*¿,"[903,914]¿","{start:{line:37,column:43},end:{line:37,column:54}}¿",¿,¿,¿,¿,¿,
142,134¿,Identifier¿,¿,time¿,"[903,907]¿","{start:{line:37,column:43},end:{line:37,column:47}}¿",¿,¿,¿,¿,¿,
143,135¿,Literal¿,¿,¿,"[910,914]¿","{start:{line:37,column:50},end:{line:37,column:54}}¿",1000¿,1000¿,¿,¿,¿,
144,136¿,ReturnStatement¿,¿,¿,"[928,957]¿","{start:{line:39,column:4},end:{line:39,column:33}}¿",¿,¿,¿,¿,¿,
145,137¿,CallExpression¿,¿,¿,"[935,956]¿","{start:{line:39,column:11},end:{line:39,column:32}}¿",¿,¿,¿,¿,¿,
146,138¿,MemberExpression¿,¿,¿,"[935,954]¿","{start:{line:39,column:11},end:{line:39,column:30}}¿",¿,¿,¿,false¿,¿,
147,139¿,Identifier¿,¿,expires¿,"[935,942]¿","{start:{line:39,column:11},end:{line:39,column:18}}¿",¿,¿,¿,¿,¿,
148,140¿,Identifier¿,¿,toUTCString¿,"[943,954]¿","{start:{line:39,column:19},end:{line:39,column:30}}¿",¿,¿,¿,¿,¿,
149,141¿,IfStatement¿,¿,"{type:BinaryExpression,operator:===,left:{type:UnaryExpression,operator:typeof,argument:{type:Identifier,name:data,range:[976,980],loc:{start:{line:42,column:13},end:{line:42,column:17}},_id:144},prefix:true,range:[969,980],loc:{start:{line:42,column:6},end:{line:42,column:17}},_id:143},right:{type:Literal,value:string,raw:'string',range:[985,993],loc:{start:{line:42,column:22},end:{line:42,column:30}},_id:145},range:[969,993],loc:{start:{line:42,column:6},end:{line:42,column:30}},_id:142}¿","[965,1542]¿","{start:{line:42,column:2},end:{line:59,column:3}}¿",¿,¿,¿,¿,¿,
150,142¿,BinaryExpression¿,¿,===¿,"[969,993]¿","{start:{line:42,column:6},end:{line:42,column:30}}¿",¿,¿,¿,¿,¿,
151,143¿,UnaryExpression¿,¿,typeof¿,"[969,980]¿","{start:{line:42,column:6},end:{line:42,column:17}}¿",¿,¿,¿,¿,¿,
152,144¿,Identifier¿,¿,data¿,"[976,980]¿","{start:{line:42,column:13},end:{line:42,column:17}}¿",¿,¿,¿,¿,¿,
153,145¿,Literal¿,¿,¿,"[985,993]¿","{start:{line:42,column:22},end:{line:42,column:30}}¿",string¿,'string'¿,¿,¿,¿,
154,146¿,BlockStatement¿,¿,¿,"[995,1542]¿","{start:{line:42,column:32},end:{line:59,column:3}}¿",¿,¿,¿,¿,¿,
155,147¿,VariableDeclaration¿,var¿,¿,"[1001,1299]¿","{start:{line:43,column:4},end:{line:49,column:19}}¿",¿,¿,¿,¿,¿,
156,148¿,VariableDeclarator¿,¿,=¿,"[1005,1298]¿","{start:{line:43,column:8},end:{line:49,column:18}}¿",¿,¿,¿,¿,¿,
157,149¿,Identifier¿,¿,value¿,"[1005,1010]¿","{start:{line:43,column:8},end:{line:43,column:13}}¿",¿,¿,¿,¿,¿,
158,150¿,MemberExpression¿,¿,¿,"[1013,1298]¿","{start:{line:43,column:16},end:{line:49,column:18}}¿",¿,¿,¿,true¿,¿,
159,151¿,CallExpression¿,¿,¿,"[1013,1292]¿","{start:{line:43,column:16},end:{line:49,column:12}}¿",¿,¿,¿,¿,¿,
160,152¿,MemberExpression¿,¿,¿,"[1013,1181]¿","{start:{line:43,column:16},end:{line:46,column:13}}¿",¿,¿,¿,false¿,¿,
161,153¿,CallExpression¿,¿,¿,"[1013,1167]¿","{start:{line:43,column:16},end:{line:45,column:55}}¿",¿,¿,¿,¿,¿,
162,154¿,MemberExpression¿,¿,¿,"[1013,1122]¿","{start:{line:43,column:16},end:{line:45,column:10}}¿",¿,¿,¿,false¿,¿,
163,155¿,CallExpression¿,¿,¿,"[1013,1111]¿","{start:{line:43,column:16},end:{line:44,column:68}}¿",¿,¿,¿,¿,¿,
164,156¿,MemberExpression¿,¿,¿,"[1013,1053]¿","{start:{line:43,column:16},end:{line:44,column:10}}¿",¿,¿,¿,false¿,¿,
165,157¿,CallExpression¿,¿,¿,"[1013,1042]¿","{start:{line:43,column:16},end:{line:43,column:45}}¿",¿,¿,¿,¿,¿,
166,158¿,MemberExpression¿,¿,¿,"[1013,1034]¿","{start:{line:43,column:16},end:{line:43,column:37}}¿",¿,¿,¿,false¿,¿,
167,159¿,MemberExpression¿,¿,¿,"[1013,1028]¿","{start:{line:43,column:16},end:{line:43,column:31}}¿",¿,¿,¿,false¿,¿,
168,160¿,Identifier¿,¿,document¿,"[1013,1021]¿","{start:{line:43,column:16},end:{line:43,column:24}}¿",¿,¿,¿,¿,¿,
169,161¿,Identifier¿,¿,cookie¿,"[1022,1028]¿","{start:{line:43,column:25},end:{line:43,column:31}}¿",¿,¿,¿,¿,¿,
170,162¿,Identifier¿,¿,split¿,"[1029,1034]¿","{start:{line:43,column:32},end:{line:43,column:37}}¿",¿,¿,¿,¿,¿,
171,163¿,Literal¿,¿,¿,"[1035,1041]¿","{start:{line:43,column:38},end:{line:43,column:44}}¿",{}¿,/;s*/¿,¿,¿,¿,
172,164¿,Identifier¿,¿,map¿,"[1050,1053]¿","{start:{line:44,column:7},end:{line:44,column:10}}¿",¿,¿,¿,¿,¿,
173,165¿,ConditionalExpression¿,¿,"{type:MemberExpression,computed:false,object:{type:Identifier,name:opt,range:[1054,1057],loc:{start:{line:44,column:11},end:{line:44,column:14}},_id:167},property:{type:Identifier,name:autoencode,range:[1058,1068],loc:{start:{line:44,column:15},end:{line:44,column:25}},_id:168},range:[1054,1068],loc:{start:{line:44,column:11},end:{line:44,column:25}},_id:166}¿","[1054,1110]¿","{start:{line:44,column:11},end:{line:44,column:67}}¿",¿,¿,¿,¿,¿,
174,166¿,MemberExpression¿,¿,¿,"[1054,1068]¿","{start:{line:44,column:11},end:{line:44,column:25}}¿",¿,¿,¿,false¿,¿,
175,167¿,Identifier¿,¿,opt¿,"[1054,1057]¿","{start:{line:44,column:11},end:{line:44,column:14}}¿",¿,¿,¿,¿,¿,
176,168¿,Identifier¿,¿,autoencode¿,"[1058,1068]¿","{start:{line:44,column:15},end:{line:44,column:25}}¿",¿,¿,¿,¿,¿,
177,169¿,MemberExpression¿,¿,¿,"[1071,1081]¿","{start:{line:44,column:28},end:{line:44,column:38}}¿",¿,¿,¿,false¿,¿,
178,170¿,Identifier¿,¿,opt¿,"[1071,1074]¿","{start:{line:44,column:28},end:{line:44,column:31}}¿",¿,¿,¿,¿,¿,
179,171¿,Identifier¿,¿,decode¿,"[1075,1081]¿","{start:{line:44,column:32},end:{line:44,column:38}}¿",¿,¿,¿,¿,¿,
180,172¿,FunctionExpression¿,¿,¿,"[1084,1110]¿","{start:{line:44,column:41},end:{line:44,column:67}}¿",¿,¿,¿,¿,false¿,
181,173¿,Identifier¿,¿,d¿,"[1094,1095]¿","{start:{line:44,column:51},end:{line:44,column:52}}¿",¿,¿,¿,¿,¿,
182,174¿,BlockStatement¿,¿,¿,"[1097,1110]¿","{start:{line:44,column:54},end:{line:44,column:67}}¿",¿,¿,¿,¿,¿,
183,175¿,ReturnStatement¿,¿,¿,"[1099,1108]¿","{start:{line:44,column:56},end:{line:44,column:65}}¿",¿,¿,¿,¿,¿,
184,176¿,Identifier¿,¿,d¿,"[1106,1107]¿","{start:{line:44,column:63},end:{line:44,column:64}}¿",¿,¿,¿,¿,¿,
185,177¿,Identifier¿,¿,map¿,"[1119,1122]¿","{start:{line:45,column:7},end:{line:45,column:10}}¿",¿,¿,¿,¿,¿,
186,178¿,FunctionExpression¿,¿,¿,"[1123,1166]¿","{start:{line:45,column:11},end:{line:45,column:54}}¿",¿,¿,¿,¿,false¿,
187,179¿,Identifier¿,¿,part¿,"[1133,1137]¿","{start:{line:45,column:21},end:{line:45,column:25}}¿",¿,¿,¿,¿,¿,
188,180¿,BlockStatement¿,¿,¿,"[1139,1166]¿","{start:{line:45,column:27},end:{line:45,column:54}}¿",¿,¿,¿,¿,¿,
189,181¿,ReturnStatement¿,¿,¿,"[1141,1164]¿","{start:{line:45,column:29},end:{line:45,column:52}}¿",¿,¿,¿,¿,¿,
190,182¿,CallExpression¿,¿,¿,"[1148,1163]¿","{start:{line:45,column:36},end:{line:45,column:51}}¿",¿,¿,¿,¿,¿,
191,183¿,MemberExpression¿,¿,¿,"[1148,1158]¿","{start:{line:45,column:36},end:{line:45,column:46}}¿",¿,¿,¿,false¿,¿,
192,184¿,Identifier¿,¿,part¿,"[1148,1152]¿","{start:{line:45,column:36},end:{line:45,column:40}}¿",¿,¿,¿,¿,¿,
193,185¿,Identifier¿,¿,split¿,"[1153,1158]¿","{start:{line:45,column:41},end:{line:45,column:46}}¿",¿,¿,¿,¿,¿,
194,186¿,Literal¿,¿,¿,"[1159,1162]¿","{start:{line:45,column:47},end:{line:45,column:50}}¿",=¿,'='¿,¿,¿,¿,
195,187¿,Identifier¿,¿,reduce¿,"[1175,1181]¿","{start:{line:46,column:7},end:{line:46,column:13}}¿",¿,¿,¿,¿,¿,
196,188¿,FunctionExpression¿,¿,¿,"[1182,1287]¿","{start:{line:46,column:14},end:{line:49,column:7}}¿",¿,¿,¿,¿,false¿,
197,189¿,Identifier¿,¿,parts¿,"[1192,1197]¿","{start:{line:46,column:24},end:{line:46,column:29}}¿",¿,¿,¿,¿,¿,
198,190¿,Identifier¿,¿,part¿,"[1199,1203]¿","{start:{line:46,column:31},end:{line:46,column:35}}¿",¿,¿,¿,¿,¿,
199,191¿,BlockStatement¿,¿,¿,"[1205,1287]¿","{start:{line:46,column:37},end:{line:49,column:7}}¿",¿,¿,¿,¿,¿,
200,192¿,ExpressionStatement¿,¿,¿,"[1215,1257]¿","{start:{line:47,column:8},end:{line:47,column:50}}¿",¿,¿,¿,¿,¿,
201,193¿,AssignmentExpression¿,¿,=¿,"[1215,1256]¿","{start:{line:47,column:8},end:{line:47,column:49}}¿",¿,¿,¿,¿,¿,
202,194¿,MemberExpression¿,¿,¿,"[1215,1229]¿","{start:{line:47,column:8},end:{line:47,column:22}}¿",¿,¿,¿,true¿,¿,
203,195¿,Identifier¿,¿,parts¿,"[1215,1220]¿","{start:{line:47,column:8},end:{line:47,column:13}}¿",¿,¿,¿,¿,¿,
204,196¿,MemberExpression¿,¿,¿,"[1221,1228]¿","{start:{line:47,column:14},end:{line:47,column:21}}¿",¿,¿,¿,true¿,¿,
205,197¿,Identifier¿,¿,part¿,"[1221,1225]¿","{start:{line:47,column:14},end:{line:47,column:18}}¿",¿,¿,¿,¿,¿,
206,198¿,Literal¿,¿,¿,"[1226,1227]¿","{start:{line:47,column:19},end:{line:47,column:20}}¿",0¿,0¿,¿,¿,¿,
207,199¿,CallExpression¿,¿,¿,"[1232,1256]¿","{start:{line:47,column:25},end:{line:47,column:49}}¿",¿,¿,¿,¿,¿,
208,200¿,MemberExpression¿,¿,¿,"[1232,1251]¿","{start:{line:47,column:25},end:{line:47,column:44}}¿",¿,¿,¿,false¿,¿,
209,201¿,CallExpression¿,¿,¿,"[1232,1246]¿","{start:{line:47,column:25},end:{line:47,column:39}}¿",¿,¿,¿,¿,¿,
210,202¿,MemberExpression¿,¿,¿,"[1232,1243]¿","{start:{line:47,column:25},end:{line:47,column:36}}¿",¿,¿,¿,false¿,¿,
211,203¿,Identifier¿,¿,part¿,"[1232,1236]¿","{start:{line:47,column:25},end:{line:47,column:29}}¿",¿,¿,¿,¿,¿,
212,204¿,Identifier¿,¿,splice¿,"[1237,1243]¿","{start:{line:47,column:30},end:{line:47,column:36}}¿",¿,¿,¿,¿,¿,
213,205¿,Literal¿,¿,¿,"[1244,1245]¿","{start:{line:47,column:37},end:{line:47,column:38}}¿",1¿,1¿,¿,¿,¿,
214,206¿,Identifier¿,¿,join¿,"[1247,1251]¿","{start:{line:47,column:40},end:{line:47,column:44}}¿",¿,¿,¿,¿,¿,
215,207¿,Literal¿,¿,¿,"[1252,1255]¿","{start:{line:47,column:45},end:{line:47,column:48}}¿",=¿,'='¿,¿,¿,¿,
216,208¿,ReturnStatement¿,¿,¿,"[1266,1279]¿","{start:{line:48,column:8},end:{line:48,column:21}}¿",¿,¿,¿,¿,¿,
217,209¿,Identifier¿,¿,parts¿,"[1273,1278]¿","{start:{line:48,column:15},end:{line:48,column:20}}¿",¿,¿,¿,¿,¿,
218,210¿,ObjectExpression¿,¿,¿,"[1289,1291]¿","{start:{line:49,column:9},end:{line:49,column:11}}¿",¿,¿,¿,¿,¿,
219,211¿,Identifier¿,¿,data¿,"[1293,1297]¿","{start:{line:49,column:13},end:{line:49,column:17}}¿",¿,¿,¿,¿,¿,
220,212¿,IfStatement¿,¿,"{type:UnaryExpression,operator:!,argument:{type:MemberExpression,computed:false,object:{type:Identifier,name:opt,range:[1309,1312],loc:{start:{line:50,column:9},end:{line:50,column:12}},_id:215},property:{type:Identifier,name:autojson,range:[1313,1321],loc:{start:{line:50,column:13},end:{line:50,column:21}},_id:216},range:[1309,1321],loc:{start:{line:50,column:9},end:{line:50,column:21}},_id:214},prefix:true,range:[1308,1321],loc:{start:{line:50,column:8},end:{line:50,column:21}},_id:213}¿","[1304,1336]¿","{start:{line:50,column:4},end:{line:50,column:36}}¿",¿,¿,¿,¿,¿,
221,213¿,UnaryExpression¿,¿,!¿,"[1308,1321]¿","{start:{line:50,column:8},end:{line:50,column:21}}¿",¿,¿,¿,¿,¿,
222,214¿,MemberExpression¿,¿,¿,"[1309,1321]¿","{start:{line:50,column:9},end:{line:50,column:21}}¿",¿,¿,¿,false¿,¿,
223,215¿,Identifier¿,¿,opt¿,"[1309,1312]¿","{start:{line:50,column:9},end:{line:50,column:12}}¿",¿,¿,¿,¿,¿,
224,216¿,Identifier¿,¿,autojson¿,"[1313,1321]¿","{start:{line:50,column:13},end:{line:50,column:21}}¿",¿,¿,¿,¿,¿,
225,217¿,ReturnStatement¿,¿,¿,"[1323,1336]¿","{start:{line:50,column:23},end:{line:50,column:36}}¿",¿,¿,¿,¿,¿,
226,218¿,Identifier¿,¿,value¿,"[1330,1335]¿","{start:{line:50,column:30},end:{line:50,column:35}}¿",¿,¿,¿,¿,¿,
227,219¿,VariableDeclaration¿,var¿,¿,"[1341,1350]¿","{start:{line:51,column:4},end:{line:51,column:13}}¿",¿,¿,¿,¿,¿,
228,220¿,VariableDeclarator¿,¿,=¿,"[1345,1349]¿","{start:{line:51,column:8},end:{line:51,column:12}}¿",¿,¿,¿,¿,¿,
229,221¿,Identifier¿,¿,real¿,"[1345,1349]¿","{start:{line:51,column:8},end:{line:51,column:12}}¿",¿,¿,¿,¿,¿,
230,222¿,TryStatement¿,¿,¿,"[1355,1436]¿","{start:{line:52,column:4},end:{line:56,column:5}}¿",¿,¿,¿,¿,¿,
231,223¿,BlockStatement¿,¿,¿,"[1359,1398]¿","{start:{line:52,column:8},end:{line:54,column:5}}¿",¿,¿,¿,¿,¿,
232,224¿,ExpressionStatement¿,¿,¿,"[1367,1392]¿","{start:{line:53,column:6},end:{line:53,column:31}}¿",¿,¿,¿,¿,¿,
233,225¿,AssignmentExpression¿,¿,=¿,"[1367,1391]¿","{start:{line:53,column:6},end:{line:53,column:30}}¿",¿,¿,¿,¿,¿,
234,226¿,Identifier¿,¿,real¿,"[1367,1371]¿","{start:{line:53,column:6},end:{line:53,column:10}}¿",¿,¿,¿,¿,¿,
235,227¿,CallExpression¿,¿,¿,"[1374,1391]¿","{start:{line:53,column:13},end:{line:53,column:30}}¿",¿,¿,¿,¿,¿,
236,228¿,MemberExpression¿,¿,¿,"[1374,1384]¿","{start:{line:53,column:13},end:{line:53,column:23}}¿",¿,¿,¿,false¿,¿,
237,229¿,Identifier¿,¿,JSON¿,"[1374,1378]¿","{start:{line:53,column:13},end:{line:53,column:17}}¿",¿,¿,¿,¿,¿,
238,230¿,Identifier¿,¿,parse¿,"[1379,1384]¿","{start:{line:53,column:18},end:{line:53,column:23}}¿",¿,¿,¿,¿,¿,
239,231¿,Identifier¿,¿,value¿,"[1385,1390]¿","{start:{line:53,column:24},end:{line:53,column:29}}¿",¿,¿,¿,¿,¿,
240,232¿,CatchClause¿,¿,¿,"[1399,1436]¿","{start:{line:54,column:6},end:{line:56,column:5}}¿",¿,¿,¿,¿,¿,
241,233¿,Identifier¿,¿,e¿,"[1406,1407]¿","{start:{line:54,column:13},end:{line:54,column:14}}¿",¿,¿,¿,¿,¿,
242,234¿,BlockStatement¿,¿,¿,"[1409,1436]¿","{start:{line:54,column:16},end:{line:56,column:5}}¿",¿,¿,¿,¿,¿,
243,235¿,ExpressionStatement¿,¿,¿,"[1417,1430]¿","{start:{line:55,column:6},end:{line:55,column:19}}¿",¿,¿,¿,¿,¿,
244,236¿,AssignmentExpression¿,¿,=¿,"[1417,1429]¿","{start:{line:55,column:6},end:{line:55,column:18}}¿",¿,¿,¿,¿,¿,
245,237¿,Identifier¿,¿,real¿,"[1417,1421]¿","{start:{line:55,column:6},end:{line:55,column:10}}¿",¿,¿,¿,¿,¿,
246,238¿,Identifier¿,¿,value¿,"[1424,1429]¿","{start:{line:55,column:13},end:{line:55,column:18}}¿",¿,¿,¿,¿,¿,
247,239¿,IfStatement¿,¿,"{type:LogicalExpression,operator:&&,left:{type:BinaryExpression,operator:===,left:{type:UnaryExpression,operator:typeof,argument:{type:Identifier,name:real,range:[1452,1456],loc:{start:{line:57,column:15},end:{line:57,column:19}},_id:243},prefix:true,range:[1445,1456],loc:{start:{line:57,column:8},end:{line:57,column:19}},_id:242},right:{type:Literal,value:undefined,raw:'undefined',range:[1461,1472],loc:{start:{line:57,column:24},end:{line:57,column:35}},_id:244},range:[1445,1472],loc:{start:{line:57,column:8},end:{line:57,column:35}},_id:241},right:{type:MemberExpression,computed:false,object:{type:Identifier,name:opt,range:[1476,1479],loc:{start:{line:57,column:39},end:{line:57,column:42}},_id:246},property:{type:Identifier,name:fallback,range:[1480,1488],loc:{start:{line:57,column:43},end:{line:57,column:51}},_id:247},range:[1476,1488],loc:{start:{line:57,column:39},end:{line:57,column:51}},_id:245},range:[1445,1488],loc:{start:{line:57,column:8},end:{line:57,column:51}},_id:240}¿","[1441,1521]¿","{start:{line:57,column:4},end:{line:57,column:84}}¿",¿,¿,¿,¿,¿,
248,240¿,LogicalExpression¿,¿,&&¿,"[1445,1488]¿","{start:{line:57,column:8},end:{line:57,column:51}}¿",¿,¿,¿,¿,¿,
249,241¿,BinaryExpression¿,¿,===¿,"[1445,1472]¿","{start:{line:57,column:8},end:{line:57,column:35}}¿",¿,¿,¿,¿,¿,
250,242¿,UnaryExpression¿,¿,typeof¿,"[1445,1456]¿","{start:{line:57,column:8},end:{line:57,column:19}}¿",¿,¿,¿,¿,¿,
251,243¿,Identifier¿,¿,real¿,"[1452,1456]¿","{start:{line:57,column:15},end:{line:57,column:19}}¿",¿,¿,¿,¿,¿,
252,244¿,Literal¿,¿,¿,"[1461,1472]¿","{start:{line:57,column:24},end:{line:57,column:35}}¿",undefined¿,'undefined'¿,¿,¿,¿,
253,245¿,MemberExpression¿,¿,¿,"[1476,1488]¿","{start:{line:57,column:39},end:{line:57,column:51}}¿",¿,¿,¿,false¿,¿,
254,246¿,Identifier¿,¿,opt¿,"[1476,1479]¿","{start:{line:57,column:39},end:{line:57,column:42}}¿",¿,¿,¿,¿,¿,
255,247¿,Identifier¿,¿,fallback¿,"[1480,1488]¿","{start:{line:57,column:43},end:{line:57,column:51}}¿",¿,¿,¿,¿,¿,
256,248¿,ExpressionStatement¿,¿,¿,"[1490,1521]¿","{start:{line:57,column:53},end:{line:57,column:84}}¿",¿,¿,¿,¿,¿,
257,249¿,AssignmentExpression¿,¿,=¿,"[1490,1520]¿","{start:{line:57,column:53},end:{line:57,column:83}}¿",¿,¿,¿,¿,¿,
258,250¿,Identifier¿,¿,real¿,"[1490,1494]¿","{start:{line:57,column:53},end:{line:57,column:57}}¿",¿,¿,¿,¿,¿,
259,251¿,CallExpression¿,¿,¿,"[1497,1520]¿","{start:{line:57,column:60},end:{line:57,column:83}}¿",¿,¿,¿,¿,¿,
260,252¿,MemberExpression¿,¿,¿,"[1497,1509]¿","{start:{line:57,column:60},end:{line:57,column:72}}¿",¿,¿,¿,false¿,¿,
261,253¿,Identifier¿,¿,opt¿,"[1497,1500]¿","{start:{line:57,column:60},end:{line:57,column:63}}¿",¿,¿,¿,¿,¿,
262,254¿,Identifier¿,¿,fallback¿,"[1501,1509]¿","{start:{line:57,column:64},end:{line:57,column:72}}¿",¿,¿,¿,¿,¿,
263,255¿,Identifier¿,¿,data¿,"[1510,1514]¿","{start:{line:57,column:73},end:{line:57,column:77}}¿",¿,¿,¿,¿,¿,
264,256¿,Identifier¿,¿,opt¿,"[1516,1519]¿","{start:{line:57,column:79},end:{line:57,column:82}}¿",¿,¿,¿,¿,¿,
265,257¿,ReturnStatement¿,¿,¿,"[1526,1538]¿","{start:{line:58,column:4},end:{line:58,column:16}}¿",¿,¿,¿,¿,¿,
266,258¿,Identifier¿,¿,real¿,"[1533,1537]¿","{start:{line:58,column:11},end:{line:58,column:15}}¿",¿,¿,¿,¿,¿,
267,259¿,ForInStatement¿,¿,¿,"[1575,2168]¿","{start:{line:62,column:2},end:{line:75,column:3}}¿",¿,¿,¿,¿,¿,
268,260¿,VariableDeclaration¿,var¿,¿,"[1580,1587]¿","{start:{line:62,column:7},end:{line:62,column:14}}¿",¿,¿,¿,¿,¿,
269,261¿,VariableDeclarator¿,¿,=¿,"[1584,1587]¿","{start:{line:62,column:11},end:{line:62,column:14}}¿",¿,¿,¿,¿,¿,
270,262¿,Identifier¿,¿,key¿,"[1584,1587]¿","{start:{line:62,column:11},end:{line:62,column:14}}¿",¿,¿,¿,¿,¿,
271,263¿,Identifier¿,¿,data¿,"[1591,1595]¿","{start:{line:62,column:18},end:{line:62,column:22}}¿",¿,¿,¿,¿,¿,
272,264¿,BlockStatement¿,¿,¿,"[1597,2168]¿","{start:{line:62,column:24},end:{line:75,column:3}}¿",¿,¿,¿,¿,¿,
273,265¿,VariableDeclaration¿,var¿,¿,"[1603,1623]¿","{start:{line:63,column:4},end:{line:63,column:24}}¿",¿,¿,¿,¿,¿,
274,266¿,VariableDeclarator¿,¿,=¿,"[1607,1622]¿","{start:{line:63,column:8},end:{line:63,column:23}}¿",¿,¿,¿,¿,¿,
275,267¿,Identifier¿,¿,val¿,"[1607,1610]¿","{start:{line:63,column:8},end:{line:63,column:11}}¿",¿,¿,¿,¿,¿,
276,268¿,MemberExpression¿,¿,¿,"[1613,1622]¿","{start:{line:63,column:14},end:{line:63,column:23}}¿",¿,¿,¿,true¿,¿,
277,269¿,Identifier¿,¿,data¿,"[1613,1617]¿","{start:{line:63,column:14},end:{line:63,column:18}}¿",¿,¿,¿,¿,¿,
278,270¿,Identifier¿,¿,key¿,"[1618,1621]¿","{start:{line:63,column:19},end:{line:63,column:22}}¿",¿,¿,¿,¿,¿,
279,271¿,VariableDeclaration¿,var¿,¿,"[1628,1707]¿","{start:{line:64,column:4},end:{line:64,column:83}}¿",¿,¿,¿,¿,¿,
280,272¿,VariableDeclarator¿,¿,=¿,"[1632,1706]¿","{start:{line:64,column:8},end:{line:64,column:82}}¿",¿,¿,¿,¿,¿,
281,273¿,Identifier¿,¿,expired¿,"[1632,1639]¿","{start:{line:64,column:8},end:{line:64,column:15}}¿",¿,¿,¿,¿,¿,
282,274¿,LogicalExpression¿,¿,||¿,"[1642,1706]¿","{start:{line:64,column:18},end:{line:64,column:82}}¿",¿,¿,¿,¿,¿,
283,275¿,BinaryExpression¿,¿,===¿,"[1642,1668]¿","{start:{line:64,column:18},end:{line:64,column:44}}¿",¿,¿,¿,¿,¿,
284,276¿,UnaryExpression¿,¿,typeof¿,"[1642,1652]¿","{start:{line:64,column:18},end:{line:64,column:28}}¿",¿,¿,¿,¿,¿,
285,277¿,Identifier¿,¿,val¿,"[1649,1652]¿","{start:{line:64,column:25},end:{line:64,column:28}}¿",¿,¿,¿,¿,¿,
286,278¿,Literal¿,¿,¿,"[1657,1668]¿","{start:{line:64,column:33},end:{line:64,column:44}}¿",undefined¿,'undefined'¿,¿,¿,¿,
287,279¿,LogicalExpression¿,¿,&&¿,"[1673,1705]¿","{start:{line:64,column:49},end:{line:64,column:81}}¿",¿,¿,¿,¿,¿,
288,280¿,MemberExpression¿,¿,¿,"[1673,1689]¿","{start:{line:64,column:49},end:{line:64,column:65}}¿",¿,¿,¿,false¿,¿,
289,281¿,Identifier¿,¿,opt¿,"[1673,1676]¿","{start:{line:64,column:49},end:{line:64,column:52}}¿",¿,¿,¿,¿,¿,
290,282¿,Identifier¿,¿,nulltoremove¿,"[1677,1689]¿","{start:{line:64,column:53},end:{line:64,column:65}}¿",¿,¿,¿,¿,¿,
291,283¿,BinaryExpression¿,¿,===¿,"[1693,1705]¿","{start:{line:64,column:69},end:{line:64,column:81}}¿",¿,¿,¿,¿,¿,
292,284¿,Identifier¿,¿,val¿,"[1693,1696]¿","{start:{line:64,column:69},end:{line:64,column:72}}¿",¿,¿,¿,¿,¿,
293,285¿,Literal¿,¿,¿,"[1701,1705]¿","{start:{line:64,column:77},end:{line:64,column:81}}¿",null¿,null¿,¿,¿,¿,
294,286¿,VariableDeclaration¿,var¿,¿,"[1712,1763]¿","{start:{line:65,column:4},end:{line:65,column:55}}¿",¿,¿,¿,¿,¿,
295,287¿,VariableDeclarator¿,¿,=¿,"[1716,1762]¿","{start:{line:65,column:8},end:{line:65,column:54}}¿",¿,¿,¿,¿,¿,
296,288¿,Identifier¿,¿,str¿,"[1716,1719]¿","{start:{line:65,column:8},end:{line:65,column:11}}¿",¿,¿,¿,¿,¿,
297,289¿,ConditionalExpression¿,¿,"{type:MemberExpression,computed:false,object:{type:Identifier,name:opt,range:[1722,1725],loc:{start:{line:65,column:14},end:{line:65,column:17}},_id:291},property:{type:Identifier,name:autojson,range:[1726,1734],loc:{start:{line:65,column:18},end:{line:65,column:26}},_id:292},range:[1722,1734],loc:{start:{line:65,column:14},end:{line:65,column:26}},_id:290}¿","[1722,1762]¿","{start:{line:65,column:14},end:{line:65,column:54}}¿",¿,¿,¿,¿,¿,
298,290¿,MemberExpression¿,¿,¿,"[1722,1734]¿","{start:{line:65,column:14},end:{line:65,column:26}}¿",¿,¿,¿,false¿,¿,
299,291¿,Identifier¿,¿,opt¿,"[1722,1725]¿","{start:{line:65,column:14},end:{line:65,column:17}}¿",¿,¿,¿,¿,¿,
300,292¿,Identifier¿,¿,autojson¿,"[1726,1734]¿","{start:{line:65,column:18},end:{line:65,column:26}}¿",¿,¿,¿,¿,¿,
301,293¿,CallExpression¿,¿,¿,"[1737,1756]¿","{start:{line:65,column:29},end:{line:65,column:48}}¿",¿,¿,¿,¿,¿,
302,294¿,MemberExpression¿,¿,¿,"[1737,1751]¿","{start:{line:65,column:29},end:{line:65,column:43}}¿",¿,¿,¿,false¿,¿,
303,295¿,Identifier¿,¿,JSON¿,"[1737,1741]¿","{start:{line:65,column:29},end:{line:65,column:33}}¿",¿,¿,¿,¿,¿,
304,296¿,Identifier¿,¿,stringify¿,"[1742,1751]¿","{start:{line:65,column:34},end:{line:65,column:43}}¿",¿,¿,¿,¿,¿,
305,297¿,Identifier¿,¿,val¿,"[1752,1755]¿","{start:{line:65,column:44},end:{line:65,column:47}}¿",¿,¿,¿,¿,¿,
306,298¿,Identifier¿,¿,val¿,"[1759,1762]¿","{start:{line:65,column:51},end:{line:65,column:54}}¿",¿,¿,¿,¿,¿,
307,299¿,VariableDeclaration¿,var¿,¿,"[1768,1821]¿","{start:{line:66,column:4},end:{line:66,column:57}}¿",¿,¿,¿,¿,¿,
308,300¿,VariableDeclarator¿,¿,=¿,"[1772,1820]¿","{start:{line:66,column:8},end:{line:66,column:56}}¿",¿,¿,¿,¿,¿,
309,301¿,Identifier¿,¿,encoded¿,"[1772,1779]¿","{start:{line:66,column:8},end:{line:66,column:15}}¿",¿,¿,¿,¿,¿,
310,302¿,ConditionalExpression¿,¿,"{type:MemberExpression,computed:false,object:{type:Identifier,name:opt,range:[1782,1785],loc:{start:{line:66,column:18},end:{line:66,column:21}},_id:304},property:{type:Identifier,name:autoencode,range:[1786,1796],loc:{start:{line:66,column:22},end:{line:66,column:32}},_id:305},range:[1782,1796],loc:{start:{line:66,column:18},end:{line:66,column:32}},_id:303}¿","[1782,1820]¿","{start:{line:66,column:18},end:{line:66,column:56}}¿",¿,¿,¿,¿,¿,
311,303¿,MemberExpression¿,¿,¿,"[1782,1796]¿","{start:{line:66,column:18},end:{line:66,column:32}}¿",¿,¿,¿,false¿,¿,
312,304¿,Identifier¿,¿,opt¿,"[1782,1785]¿","{start:{line:66,column:18},end:{line:66,column:21}}¿",¿,¿,¿,¿,¿,
313,305¿,Identifier¿,¿,autoencode¿,"[1786,1796]¿","{start:{line:66,column:22},end:{line:66,column:32}}¿",¿,¿,¿,¿,¿,
314,306¿,CallExpression¿,¿,¿,"[1799,1814]¿","{start:{line:66,column:35},end:{line:66,column:50}}¿",¿,¿,¿,¿,¿,
315,307¿,MemberExpression¿,¿,¿,"[1799,1809]¿","{start:{line:66,column:35},end:{line:66,column:45}}¿",¿,¿,¿,false¿,¿,
316,308¿,Identifier¿,¿,opt¿,"[1799,1802]¿","{start:{line:66,column:35},end:{line:66,column:38}}¿",¿,¿,¿,¿,¿,
317,309¿,Identifier¿,¿,encode¿,"[1803,1809]¿","{start:{line:66,column:39},end:{line:66,column:45}}¿",¿,¿,¿,¿,¿,
318,310¿,Identifier¿,¿,str¿,"[1810,1813]¿","{start:{line:66,column:46},end:{line:66,column:49}}¿",¿,¿,¿,¿,¿,
319,311¿,Identifier¿,¿,str¿,"[1817,1820]¿","{start:{line:66,column:53},end:{line:66,column:56}}¿",¿,¿,¿,¿,¿,
320,312¿,IfStatement¿,¿,"{type:Identifier,name:expired,range:[1830,1837],loc:{start:{line:67,column:8},end:{line:67,column:15}},_id:313}¿","[1826,1852]¿","{start:{line:67,column:4},end:{line:67,column:30}}¿",¿,¿,¿,¿,¿,
321,313¿,Identifier¿,¿,expired¿,"[1830,1837]¿","{start:{line:67,column:8},end:{line:67,column:15}}¿",¿,¿,¿,¿,¿,
322,314¿,ExpressionStatement¿,¿,¿,"[1839,1852]¿","{start:{line:67,column:17},end:{line:67,column:30}}¿",¿,¿,¿,¿,¿,
323,315¿,AssignmentExpression¿,¿,=¿,"[1839,1851]¿","{start:{line:67,column:17},end:{line:67,column:29}}¿",¿,¿,¿,¿,¿,
324,316¿,Identifier¿,¿,encoded¿,"[1839,1846]¿","{start:{line:67,column:17},end:{line:67,column:24}}¿",¿,¿,¿,¿,¿,
325,317¿,Literal¿,¿,¿,"[1849,1851]¿","{start:{line:67,column:27},end:{line:67,column:29}}¿",¿,¿,¿,¿,¿,
326,318¿,VariableDeclaration¿,var¿,¿,"[1857,2104]¿","{start:{line:68,column:4},end:{line:72,column:36}}¿",¿,¿,¿,¿,¿,
327,319¿,VariableDeclarator¿,¿,=¿,"[1861,2103]¿","{start:{line:68,column:8},end:{line:72,column:35}}¿",¿,¿,¿,¿,¿,
328,320¿,Identifier¿,¿,res¿,"[1861,1864]¿","{start:{line:68,column:8},end:{line:68,column:11}}¿",¿,¿,¿,¿,¿,
329,321¿,BinaryExpression¿,¿,+¿,"[1867,2103]¿","{start:{line:68,column:14},end:{line:72,column:35}}¿",¿,¿,¿,¿,¿,
330,322¿,BinaryExpression¿,¿,+¿,"[1867,2065]¿","{start:{line:68,column:14},end:{line:71,column:51}}¿",¿,¿,¿,¿,¿,
331,323¿,BinaryExpression¿,¿,+¿,"[1867,2011]¿","{start:{line:68,column:14},end:{line:70,column:25}}¿",¿,¿,¿,¿,¿,
332,324¿,BinaryExpression¿,¿,+¿,"[1867,2000]¿","{start:{line:68,column:14},end:{line:70,column:14}}¿",¿,¿,¿,¿,¿,
333,325¿,BinaryExpression¿,¿,+¿,"[1867,1983]¿","{start:{line:68,column:14},end:{line:69,column:82}}¿",¿,¿,¿,¿,¿,
334,326¿,BinaryExpression¿,¿,+¿,"[1867,1898]¿","{start:{line:68,column:14},end:{line:68,column:45}}¿",¿,¿,¿,¿,¿,
335,327¿,BinaryExpression¿,¿,+¿,"[1867,1888]¿","{start:{line:68,column:14},end:{line:68,column:35}}¿",¿,¿,¿,¿,¿,
336,328¿,CallExpression¿,¿,¿,"[1867,1882]¿","{start:{line:68,column:14},end:{line:68,column:29}}¿",¿,¿,¿,¿,¿,
337,329¿,MemberExpression¿,¿,¿,"[1867,1877]¿","{start:{line:68,column:14},end:{line:68,column:24}}¿",¿,¿,¿,false¿,¿,
338,330¿,Identifier¿,¿,opt¿,"[1867,1870]¿","{start:{line:68,column:14},end:{line:68,column:17}}¿",¿,¿,¿,¿,¿,
339,331¿,Identifier¿,¿,encode¿,"[1871,1877]¿","{start:{line:68,column:18},end:{line:68,column:24}}¿",¿,¿,¿,¿,¿,
340,332¿,Identifier¿,¿,key¿,"[1878,1881]¿","{start:{line:68,column:25},end:{line:68,column:28}}¿",¿,¿,¿,¿,¿,
341,333¿,Literal¿,¿,¿,"[1885,1888]¿","{start:{line:68,column:32},end:{line:68,column:35}}¿",=¿,'='¿,¿,¿,¿,
342,334¿,Identifier¿,¿,encoded¿,"[1891,1898]¿","{start:{line:68,column:38},end:{line:68,column:45}}¿",¿,¿,¿,¿,¿,
343,335¿,ConditionalExpression¿,¿,"{type:MemberExpression,computed:false,object:{type:Identifier,name:opt,range:[1908,1911],loc:{start:{line:69,column:7},end:{line:69,column:10}},_id:337},property:{type:Identifier,name:expires,range:[1912,1919],loc:{start:{line:69,column:11},end:{line:69,column:18}},_id:338},range:[1908,1919],loc:{start:{line:69,column:7},end:{line:69,column:18}},_id:336}¿","[1908,1982]¿","{start:{line:69,column:7},end:{line:69,column:81}}¿",¿,¿,¿,¿,¿,
344,336¿,MemberExpression¿,¿,¿,"[1908,1919]¿","{start:{line:69,column:7},end:{line:69,column:18}}¿",¿,¿,¿,false¿,¿,
345,337¿,Identifier¿,¿,opt¿,"[1908,1911]¿","{start:{line:69,column:7},end:{line:69,column:10}}¿",¿,¿,¿,¿,¿,
346,338¿,Identifier¿,¿,expires¿,"[1912,1919]¿","{start:{line:69,column:11},end:{line:69,column:18}}¿",¿,¿,¿,¿,¿,
347,339¿,BinaryExpression¿,¿,+¿,"[1923,1976]¿","{start:{line:69,column:22},end:{line:69,column:75}}¿",¿,¿,¿,¿,¿,
348,340¿,Literal¿,¿,¿,"[1923,1934]¿","{start:{line:69,column:22},end:{line:69,column:33}}¿",;expires=¿,';expires='¿,¿,¿,¿,
349,341¿,CallExpression¿,¿,¿,"[1937,1976]¿","{start:{line:69,column:36},end:{line:69,column:75}}¿",¿,¿,¿,¿,¿,
350,342¿,Identifier¿,¿,expires¿,"[1937,1944]¿","{start:{line:69,column:36},end:{line:69,column:43}}¿",¿,¿,¿,¿,¿,
351,343¿,ConditionalExpression¿,¿,"{type:Identifier,name:expired,range:[1945,1952],loc:{start:{line:69,column:44},end:{line:69,column:51}},_id:344}¿","[1945,1975]¿","{start:{line:69,column:44},end:{line:69,column:74}}¿",¿,¿,¿,¿,¿,
352,344¿,Identifier¿,¿,expired¿,"[1945,1952]¿","{start:{line:69,column:44},end:{line:69,column:51}}¿",¿,¿,¿,¿,¿,
353,345¿,UnaryExpression¿,¿,-¿,"[1955,1961]¿","{start:{line:69,column:54},end:{line:69,column:60}}¿",¿,¿,¿,¿,¿,
354,346¿,Literal¿,¿,¿,"[1956,1961]¿","{start:{line:69,column:55},end:{line:69,column:60}}¿",10000¿,10000¿,¿,¿,¿,
355,347¿,MemberExpression¿,¿,¿,"[1964,1975]¿","{start:{line:69,column:63},end:{line:69,column:74}}¿",¿,¿,¿,false¿,¿,
356,348¿,Identifier¿,¿,opt¿,"[1964,1967]¿","{start:{line:69,column:63},end:{line:69,column:66}}¿",¿,¿,¿,¿,¿,
357,349¿,Identifier¿,¿,expires¿,"[1968,1975]¿","{start:{line:69,column:67},end:{line:69,column:74}}¿",¿,¿,¿,¿,¿,
358,350¿,Literal¿,¿,¿,"[1980,1982]¿","{start:{line:69,column:79},end:{line:69,column:81}}¿",¿,¿,¿,¿,¿,
359,351¿,Literal¿,¿,¿,"[1992,2000]¿","{start:{line:70,column:6},end:{line:70,column:14}}¿",;path=¿,';path='¿,¿,¿,¿,
360,352¿,MemberExpression¿,¿,¿,"[2003,2011]¿","{start:{line:70,column:17},end:{line:70,column:25}}¿",¿,¿,¿,false¿,¿,
361,353¿,Identifier¿,¿,opt¿,"[2003,2006]¿","{start:{line:70,column:17},end:{line:70,column:20}}¿",¿,¿,¿,¿,¿,
362,354¿,Identifier¿,¿,path¿,"[2007,2011]¿","{start:{line:70,column:21},end:{line:70,column:25}}¿",¿,¿,¿,¿,¿,
363,355¿,ConditionalExpression¿,¿,"{type:MemberExpression,computed:false,object:{type:Identifier,name:opt,range:[2021,2024],loc:{start:{line:71,column:7},end:{line:71,column:10}},_id:357},property:{type:Identifier,name:domain,range:[2025,2031],loc:{start:{line:71,column:11},end:{line:71,column:17}},_id:358},range:[2021,2031],loc:{start:{line:71,column:7},end:{line:71,column:17}},_id:356}¿","[2021,2064]¿","{start:{line:71,column:7},end:{line:71,column:50}}¿",¿,¿,¿,¿,¿,
364,356¿,MemberExpression¿,¿,¿,"[2021,2031]¿","{start:{line:71,column:7},end:{line:71,column:17}}¿",¿,¿,¿,false¿,¿,
365,357¿,Identifier¿,¿,opt¿,"[2021,2024]¿","{start:{line:71,column:7},end:{line:71,column:10}}¿",¿,¿,¿,¿,¿,
366,358¿,Identifier¿,¿,domain¿,"[2025,2031]¿","{start:{line:71,column:11},end:{line:71,column:17}}¿",¿,¿,¿,¿,¿,
367,359¿,BinaryExpression¿,¿,+¿,"[2035,2058]¿","{start:{line:71,column:21},end:{line:71,column:44}}¿",¿,¿,¿,¿,¿,
368,360¿,Literal¿,¿,¿,"[2035,2045]¿","{start:{line:71,column:21},end:{line:71,column:31}}¿",;domain=¿,';domain='¿,¿,¿,¿,
369,361¿,MemberExpression¿,¿,¿,"[2048,2058]¿","{start:{line:71,column:34},end:{line:71,column:44}}¿",¿,¿,¿,false¿,¿,
370,362¿,Identifier¿,¿,opt¿,"[2048,2051]¿","{start:{line:71,column:34},end:{line:71,column:37}}¿",¿,¿,¿,¿,¿,
371,363¿,Identifier¿,¿,domain¿,"[2052,2058]¿","{start:{line:71,column:38},end:{line:71,column:44}}¿",¿,¿,¿,¿,¿,
372,364¿,Literal¿,¿,¿,"[2062,2064]¿","{start:{line:71,column:48},end:{line:71,column:50}}¿",¿,¿,¿,¿,¿,
373,365¿,ConditionalExpression¿,¿,"{type:MemberExpression,computed:false,object:{type:Identifier,name:opt,range:[2075,2078],loc:{start:{line:72,column:7},end:{line:72,column:10}},_id:367},property:{type:Identifier,name:secure,range:[2079,2085],loc:{start:{line:72,column:11},end:{line:72,column:17}},_id:368},range:[2075,2085],loc:{start:{line:72,column:7},end:{line:72,column:17}},_id:366}¿","[2075,2102]¿","{start:{line:72,column:7},end:{line:72,column:34}}¿",¿,¿,¿,¿,¿,
374,366¿,MemberExpression¿,¿,¿,"[2075,2085]¿","{start:{line:72,column:7},end:{line:72,column:17}}¿",¿,¿,¿,false¿,¿,
375,367¿,Identifier¿,¿,opt¿,"[2075,2078]¿","{start:{line:72,column:7},end:{line:72,column:10}}¿",¿,¿,¿,¿,¿,
376,368¿,Identifier¿,¿,secure¿,"[2079,2085]¿","{start:{line:72,column:11},end:{line:72,column:17}}¿",¿,¿,¿,¿,¿,
377,369¿,Literal¿,¿,¿,"[2088,2097]¿","{start:{line:72,column:20},end:{line:72,column:29}}¿",;secure¿,';secure'¿,¿,¿,¿,
378,370¿,Literal¿,¿,¿,"[2100,2102]¿","{start:{line:72,column:32},end:{line:72,column:34}}¿",¿,¿,¿,¿,¿,
379,371¿,IfStatement¿,¿,"{type:MemberExpression,computed:false,object:{type:Identifier,name:opt,range:[2113,2116],loc:{start:{line:73,column:8},end:{line:73,column:11}},_id:373},property:{type:Identifier,name:test,range:[2117,2121],loc:{start:{line:73,column:12},end:{line:73,column:16}},_id:374},range:[2113,2121],loc:{start:{line:73,column:8},end:{line:73,column:16}},_id:372}¿","[2109,2137]¿","{start:{line:73,column:4},end:{line:73,column:32}}¿",¿,¿,¿,¿,¿,
380,372¿,MemberExpression¿,¿,¿,"[2113,2121]¿","{start:{line:73,column:8},end:{line:73,column:16}}¿",¿,¿,¿,false¿,¿,
381,373¿,Identifier¿,¿,opt¿,"[2113,2116]¿","{start:{line:73,column:8},end:{line:73,column:11}}¿",¿,¿,¿,¿,¿,
382,374¿,Identifier¿,¿,test¿,"[2117,2121]¿","{start:{line:73,column:12},end:{line:73,column:16}}¿",¿,¿,¿,¿,¿,
383,375¿,ExpressionStatement¿,¿,¿,"[2123,2137]¿","{start:{line:73,column:18},end:{line:73,column:32}}¿",¿,¿,¿,¿,¿,
384,376¿,CallExpression¿,¿,¿,"[2123,2136]¿","{start:{line:73,column:18},end:{line:73,column:31}}¿",¿,¿,¿,¿,¿,
385,377¿,MemberExpression¿,¿,¿,"[2123,2131]¿","{start:{line:73,column:18},end:{line:73,column:26}}¿",¿,¿,¿,false¿,¿,
386,378¿,Identifier¿,¿,opt¿,"[2123,2126]¿","{start:{line:73,column:18},end:{line:73,column:21}}¿",¿,¿,¿,¿,¿,
387,379¿,Identifier¿,¿,test¿,"[2127,2131]¿","{start:{line:73,column:22},end:{line:73,column:26}}¿",¿,¿,¿,¿,¿,
388,380¿,Identifier¿,¿,res¿,"[2132,2135]¿","{start:{line:73,column:27},end:{line:73,column:30}}¿",¿,¿,¿,¿,¿,
389,381¿,ExpressionStatement¿,¿,¿,"[2142,2164]¿","{start:{line:74,column:4},end:{line:74,column:26}}¿",¿,¿,¿,¿,¿,
390,382¿,AssignmentExpression¿,¿,=¿,"[2142,2163]¿","{start:{line:74,column:4},end:{line:74,column:25}}¿",¿,¿,¿,¿,¿,
391,383¿,MemberExpression¿,¿,¿,"[2142,2157]¿","{start:{line:74,column:4},end:{line:74,column:19}}¿",¿,¿,¿,false¿,¿,
392,384¿,Identifier¿,¿,document¿,"[2142,2150]¿","{start:{line:74,column:4},end:{line:74,column:12}}¿",¿,¿,¿,¿,¿,
393,385¿,Identifier¿,¿,cookie¿,"[2151,2157]¿","{start:{line:74,column:13},end:{line:74,column:19}}¿",¿,¿,¿,¿,¿,
394,386¿,Identifier¿,¿,res¿,"[2160,2163]¿","{start:{line:74,column:22},end:{line:74,column:25}}¿",¿,¿,¿,¿,¿,
395,387¿,ReturnStatement¿,¿,¿,"[2171,2186]¿","{start:{line:76,column:2},end:{line:76,column:17}}¿",¿,¿,¿,¿,¿,
396,388¿,Identifier¿,¿,cookies¿,"[2178,2185]¿","{start:{line:76,column:9},end:{line:76,column:16}}¿",¿,¿,¿,¿,¿,
