,col0,col1,col2,col3,col4,col5,col6,col7,col8,col9,col10
0,476822,comment,476536.0,476591.0,0,0,thalur,,,"(as a web programming novice) I think the problem with the web in this context is there are still some significant hurdles to getting set up, e.g. getting a server to host your webpages (unless you only want your friends to be able to see it when your PC is on).  If you could get rid of these barriers...<p>I think if someone could provide a browser-based all-in-one solution with language+IDE+hosting+tutorials, then that would fulfill most of his criteria.  You could type a few lines, instantly view the page and then send a link to your friends (who can view it at any time).",1234346334
1,476821,comment,476495.0,476576.0,0,0,cubicle67,,,"I've never yet seen fixed price work well, and I think on something of this size it's doomed to fail. The biggest problem is defining the scope which is almost impossible to do in any detail at the beginning of a project.<p>Instead, I'd recommend either fixed price for small, bite sized tasks, or (as per my current contract) a weekly rate until completion. I work on rapid turn-around, so the client almost always knows exactly where the project's at and how it fits with their requirements. Of course a precondition of this is a decent level of trust on both sides, and a client who's not a pain.",1234346331
2,476820,comment,476536.0,476674.0,0,0,snprbob86,,,"First, you are totally right about HTML/CSS/JavaScript<p>Second, that's a pretty cool link! I don't know Ruby, so I learned a thing or two. Unfortunately, I had to use some of my existing programming experience to save me when I experimented a bit. For example, I decided I liked 'cheese' better than 'honeydew'. That put me in a state where I needed to guess what the tutorial was monitoring for and had to replace cheese to move forward. Additionally, there was times where I experimented and it advanced a page with no way for me to go back. With some polish, this could be a very promising educational tool!",1234346296
3,476819,comment,476536.0,476536.0,0,0,catch404,,,"I owe alot to the Pre-computer 1000 : <a href=""http://www.vintagecomputing.com/index.php/archives/324"" rel=""nofollow"">http://www.vintagecomputing.com/index.php/archives/324</a><p>As a 7 year old I just loved the feeling of making the computer do what I want. The instant feed back of print/ input/ run cycle also played a big part in it.<p>After playing with C++, Pascal and learning Java I didn't get the same feeling until I started learning Python - Really captured that moment again :)<p>I've enjoyed learning Clojure too - the LISP syntax is so different to what I've learnt that it brings the same feeling :)<p>Great article!",1234346246
4,476818,comment,476495.0,476650.0,0,0,wehriam,,,Tell me about it.<p>The good news is I don't have to pay for roses or a fancy Valentine's dinner this year.,1234346218
5,476817,comment,476509.0,476703.0,0,0,ihartley,,,Nice use of the Silk icon set.,1234346200
6,476816,comment,476530.0,476530.0,0,0,sanswork,,,I honestly don't see many people paying a premium just to have a domain record to list their personal info on.  If someone won't buy a domain with an existing TLD for their personal info why would they pay a premium rate for this?  It's like the white pages asking you to pay a premium to be listed in their book.<p>You also have the chicken/egg issue.  If .tel was popular and people were asking you for it then I could see the drive to get one but it's not and without a significant value add(which I am just not seeing) I don't see it taking off.<p>It looks to me like just another company trying to cash in on the gold rush of a TLD that comes from the mid-large size companies buying up a bunch of domains to cover their trademarks and little else.,1234346172
7,476815,comment,476401.0,476465.0,0,0,nfg,,,> $6 (30% of market price)<p>30% of the price a consumer would have paid in the traditional model. In all probability even accounting for costs this represented a huge increase in profit per unit sold for the band itself.,1234346107
8,476814,comment,476495.0,476576.0,0,0,wehriam,,,"Fixed fee projects are similarly fraught with danger. There are two scenarios:<p>1) The client over-pays due to developer over-bidding. (In relation to the time it took him to complete the project.)<p>2) The developer over-works due to under-bidding.<p>Neither is particularly advantageous for the client, as a developer will not be as responsive to a client's needs if he or she is working towards a minimum feature set.<p>A developer can make a reasonable estimate based on clear goals. If requirements change (as they inevitably do) the developer will be compensated accordingly. Similarly, if the project is finished in less time than expected, the client will reap the benefits.",1234346024
9,476813,comment,475017.0,475179.0,0,0,akronim,,,"There's a difference between automation and how often your customers see something going wrong.  I'm all for the automation.  But lets say the error rate is so low that just 0.1% of automated releases go wrong.  Rolling out 50 times a day means you'll expose an error every 20 days.  Compare that to a monthly, weekly or even daily cycle and you can see you're exposing yourself and your customers to problems without much corresponding gain.",1234345921
10,476812,comment,475091.0,475091.0,0,0,herval,,,"I'm sorry (and please don't kill me!), but... how is this Hacker News?",1234345849
11,476810,comment,476132.0,476639.0,0,0,pclark,,,"> The web only wants to remember the crap, but that's probably because you probably aren't a target customer for any of the great stuff<p>yeah, its <i>our</i> fault.",1234345748
12,476809,comment,475017.0,475262.0,0,0,akronim,,,"deploy/rollback is probably ok for a consumer site.  But not everything is a public website (no really...) - if you're deploying a service with an SLA with dollar penalties for downtime you might want to stick to a more traditional release cycle.  I sure hope the phone network, the stock exchange and my bank aren't using deploy/rollback and releasing 50 times a day!",1234345653
13,476808,comment,476401.0,476726.0,0,0,ieatpaste,,,"I agree to a certain point: If the difference in quality contributes enough value added, the user to pay for the service. The availability of any competing service decreases the difference and makes it much more difficult to have the user subscribe to a premium service.<p>Hopefully, the premium-based-monetization services would make more money and expand faster than those with the free model.",1234345545
14,476807,comment,476509.0,476509.0,0,0,pclark,,,"I find Google Analytics good <i>enough</i>. Decent integration with Google Adwords if that is required in the future, too",1234345523
15,476806,comment,475671.0,475671.0,0,0,miked,,,"There's not a shred of real data about learning outcomes in that article, only subjective opinions from decidedly biased sources. Also, there's no hint of a cost-benefit analysis. Online instruction may not be as good, but it should be much cheaper and save time, which could still make it worth it.<p>Universities are bloated bureaucracies full of people who can't be fired (for the most part), most of whom don't really want to teach.",1234345241
16,476805,comment,476057.0,476057.0,0,0,car,,,"An E-2 visa is not contingent on $100k, the money invested just has to be sufficient for the type of business to be established. So for a software startup, it can be on the order of ~$20-30k.<p>You'll have to write a business plan, and submit that as part of the application. The main deciding points - apart from a reasonable plan and presentation - are, that the business will eventually employ US citizens, and that the money invested comes from abroad.<p>Worked for me, good luck to you.",1234345205
17,476803,story,,,2,2,rogercosseboom,China aims for its own Silicon Valley,http://features.csmonitor.com/economyrebuild/2009/02/09/china-aims-for-its-own-silicon-valley/,,1234344948
18,476802,comment,476495.0,476737.0,0,0,wehriam,,,"I'm a potential coder, and I think there's enough information: preferred language, general complexity of the project, and required skills. Everything else would be outlined in initial communication.<p>Posting a budget would be disadvantageous to him, as the answer is probably, ""the least possible, and no higher than a certain amount.""<p>This post is not ""weasel speak,"" whatever that means.",1234344948
19,476800,comment,476536.0,476536.0,0,0,jsvaughan,,,"Another vote for <a href=""http://www.processing.org/"" rel=""nofollow"">http://www.processing.org/</a>.  It's superb; if you haven't tried it and you, like me, spent your childhood writing programs on your spectrum, you should check it out.",1234344910
20,476799,comment,476509.0,476509.0,0,0,dcurtis,,,"I'm curious if anyone is using Woopra? It's really cool realtime analytics. The application is written in Java, but it's like crack. I leave it open, starring at it for hours as people visit my site.<p>It could use a lot of work though. I see a lot of opportunities for startups in this space.",1234344892
21,476798,comment,476793.0,476793.0,0,0,gscott,,,In the US it is next to impossible to hold kids back.  One of my son's classes (7th grade) a 65% is still a C.  If kids could be held back on some subjects easier while moving them forward in other subjects that would be great.  It might not work out but they admit in the article things are so bad they don't know what else to do.,1234344828
22,476797,comment,476749.0,476749.0,0,0,gruseom,,,There is something distinctively Russian about this delirium. I'm pretty sure I've never seen a Dostoevskian programming blog post before.,1234344608
23,476796,comment,476509.0,476703.0,0,0,dcurtis,,,"Hey, you developed Clicky? Can you send me an email? I have feedback! hi@dustincurtis.com",1234344568
24,476795,story,,,1,0,prakash,David Pogue: TED 2009 - Greatest Hits,http://pogue.blogs.nytimes.com/2009/02/10/teds-greatest-hits/,,1234344373
25,476794,comment,475082.0,475082.0,0,0,ggruschow,,,"<p><pre><code>  There is no simpler way to allow open ended integration with arbitrary web services.\n</code></pre>\nProviding an email address is simpler, and it's already provided to these specs by a zillion times more web services. Email also provides for better reliability (receive a message sent even when your service is unreachable) and queueing.. all outside of the code and often infrastructure you'd need to do yourself.<p>The main reason it may be worse are that we've got a ton of programmers, frameworks, and virtual hosts that seem to live in a limited little world called ""the web."" (Sorry - personal rant - this mindset is annoying for me when trying to hire programmers these days. It's even annoying when I talk to somebody about a new business involving a lot of programming, and they assume it's a website.)<p>Sure, spam is also an issue, but that only reinforces my point. Spam is an issue because email is in common use.. it's not for arbitrary HTTP POST because it isn't. If it ever is in common use, spammers would have no trouble using that too. They're doing plenty of arbitrary HTTP POSTs to web comment systems including cracking some CAPTCHAs in the process.<p>If he changed his stance to saying there'll be an arbitrary body provided at setup time, or given no body, it'd HTTP GET it, perhaps allowing some keyword substitution for a few standard things like the address that changed.. That'd be something different. You really wouldn't have to write or deploy any ""code"" for many integrations - for the sender or receiver. You could instead just provide the appropriate info to call an existing web service with its existing parameters.<p>On the other side, the email address callback also allows you to contact humans more easily, and if you did the same arbitrary response with keyword substitution thing.. You could make websites do form letters for you. I'm not sure that's a good thing or not.",1234344024
26,476792,comment,475017.0,475461.0,0,0,forkqueue,,,"I'd still like to see that post, this blog post gives the overview, yours should give the details.",1234343929
27,476790,comment,476536.0,476595.0,0,0,swombat,,,"Yes. I got started on the Commodore 128D, after I got bored of all the games mine came with. Would I have done so if there hadn't been a BASIC manual on my shelf and an interpreter baked into the system? Dubious. I then learned Pascal once I got my first PC, because Turbo Pascal had been included by the previous owner. The first compiler I had to fight for was Turbo C (had to convince my mom to ask one of her colleagues for a copy). But by then, I'd been programming for over 3 years.",1234343886
28,476789,story,,,5,0,arthurk,Using HTTP Headers to Serve Styles,http://meyerweb.com/eric/thoughts/2009/01/22/using-http-headers-to-serve-styles/,,1234343863
29,476787,story,,,3,0,thinkcomp,"My ConnectU v. Facebook deposition transcript (page 329), and some other interesting documents",http://www.thinkpress.com/authoritas/resources.html,,1234343714
30,476786,comment,474919.0,476589.0,0,0,fauigerzigerk,,,"OO doesn't match the way I think anyway. OO makes it appear as if all objects can do something, e.g. window.open(), list.add(item). In the real world some objects are passive, some objects are active and conscious and some complex objects have behaviour but don't respond to simple instructions (e.g the economy).<p>I believe this is a very fundamental feature of how we think about the world and it's totally unlike OO. But I also think that it doesn't matter at all. Formal systems don't need to resemble language or the way we think about the world (or the way we think we think about the world)<p>We don't naturally think like Snoopy swearing, but regular expressions are still a very productive tool for someone who has learned to think differently than he would naturally do. The same goes for maths and many other tools.<p>I'm very skeptical about OO, but that's not because it doesn't match the way I think. I'm skeptical because OO APIs force me to know things I don't want to know. They constantly make me think about which class has a particular function.<p>But the rationale for putting a function in one class or another is based on implementation considerations that are of no concern to me as a user of an API. It's mostly about which object's state is affected most, how dependencies are managed, what types of changes are expected, and so on.<p>I've given this example elsewhere but here's the short version again: Say you want to initiate the sale of a property via some API. There are many objects involved: A buyer, a seller, a contract, an estate agent and a property. Which of the five classes involved contains the method you're looking for?<p>It could be in any of these classes and I don't want to think about it. I want a sell(property, buyer, seller, contract, agent) function and the API should figure out its own state and dependency matters.",1234343684
31,476785,comment,475958.0,476364.0,0,0,sho,,,"This is a good point. Rails has a pretty ad hoc way of dealing with static pages - throwing them in /public mixed up with everything else. Cached pages get thrown in there too, and sweepers need to be able to delete them. I don't like the mess of permissions that arrangement necessitates so generally redo it.<p>Rails is also by nature a one-app pony - many web pages have more than one app that could reasonably be called ""discrete"" except they share users. Setting up something like that in Rails is messy no matter how you go about it. Further evidence would include the ""REST everywhere"" approach, which is wonderful if you're focussed on a full blown machine-accessible web app but a waste of time for something simpler.<p>I'm not exactly a Django expert either but I've heard that ones runs into limitations there quickly too - as you'd expect, no free lunches!<p>To sum up, both frameworks are good for what they are: a starting point. Any large project is going to find itself doing a lot of custom work anyway. So pick the language you like best, basically. For me that's Ruby but I have nothing against Python that goes much beyond the level of ""I don't like the way it looks"".",1234343565
32,476784,comment,475465.0,475465.0,0,0,charlesju,,,Relational databases are so overrated.,1234343505
33,476783,comment,475958.0,476326.0,0,0,rbanffy,,,"I am quite sure Python allows monkey patching. It looks ugly because, perhaps, it's better that way.",1234343457
34,476782,story,,,2,0,arthurk,Discussion with Corey Oordt talking OpenSource Washington Times,http://thisweekindjango.com/callcasts/episode/9/callcast-discussion-corey-oordt-and-opensource/,,1234343099
35,476781,comment,476584.0,476584.0,0,0,jwilliams,,,"Doesn't it need to be ""fixed"" - i.e. in this case recorded - to fall into this category? I doubt reading out loud would qualify as fixed.<p>This probably falls afoul of anti-discrimination laws - i.e. speech readers for the blind.",1234343086
36,476780,comment,476757.0,476757.0,0,0,tsetse-fly,,,"dupe and linkjack:<p><a href=""http://news.ycombinator.com/item?id=476641"" rel=""nofollow"">http://news.ycombinator.com/item?id=476641</a><p><a href=""http://gmailblog.blogspot.com/2009/02/new-in-labs-add-your-location-to-your.html"" rel=""nofollow"">http://gmailblog.blogspot.com/2009/02/new-in-labs-add-your-l...</a>",1234343072
37,476779,story,,,1,0,babyshake,How Google’s PowerMeter Will Affect the Smart Meter Industry,http://earth2tech.com/2009/02/11/how-googles-powermeter-will-affect-the-smart-meter-industry/,,1234343053
38,476778,comment,476401.0,476401.0,0,0,greyman,,,"I think this is just another ""micropayment dream"", and will not work ultimately. Internet just doesn't work this way.<p>The only thing I can imagine could save online newspapers is, that they will become better and better in quality, that will attract many visitors, and the website will survive by ads revenue.<p>IMHO the core problem is, that the World Wide Web was not created with the intention that it should provide business opportunities. It was mainly established for free exchange of information between scholars and scientists.<p>Later on, some people and companies discovered that Internet has monetization potential and so the .com companies emerged. Some were successful, other weren't. But nobody said every kind of business can survive on the Internet - WWW has it own principles, and if you don't play by it's rules, you might not survive. And, one of that core principles which lies in the very heart of WWW is that information is passed for free. I don't think any company has the power to change that.",1234343038
39,476777,comment,476509.0,476509.0,0,0,silencio,,,"for iPhone: pinch analytics (<a href=""http://www.pinchmedia.com/"" rel=""nofollow"">http://www.pinchmedia.com/</a>). friend formerly worked there (full disclosure, really. :P) which was the main reason for going with this choice, and I tried to be fair when taking a peek at Medialets' Medialytics (<a href=""http://www.medialytics.com/"" rel=""nofollow"">http://www.medialytics.com/</a>), but I kept returning to pinch media - both are super simple to get started with though. either way I think those two are the big ones for iPhone..there is also admob but they're more advertising-focused than anything else. apploop was another but they went out of business fairly quickly..",1234343022
40,476776,comment,461457.0,461457.0,0,0,nairalists,,,Nairalists.com is a lot more better and Smarter<p>Visting Nairalists.com and see that its a lot more better than Nairalist,1234342950
41,476775,comment,476509.0,476509.0,0,0,charlesju,,,newrelic.com\npinchmedia.com\ndocs.google.com — EXCEL\ncustom rake tasks,1234342902
42,476774,story,,,33,1,arthurk,"  Page Cache, the Affair Between Memory and Files",http://duartes.org/gustavo/blog/post/page-cache-the-affair-between-memory-and-files,,1234342885
43,476773,comment,475017.0,476604.0,0,0,TimothyFitz,,,"Yep, that IMVU. Here are a few more staggering statistics that we've published: <a href=""http://www.vator.tv/news/show/2009-01-22-recession-not-affecting-imvus-virtual-world"" rel=""nofollow"">http://www.vator.tv/news/show/2009-01-22-recession-not-affec...</a>",1234342828
