,col0,col1,col2,col3,col4,col5,col6,col7,col8,col9,col10
0,10793443,comment,10791786.0,10792986.0,0,0,mcoliver,,,It was called AOHell. There were a few variations under different names. Just found a box of floppies at my folks house. Cant wait to see what the time capsule holds,1451109572
1,10793442,comment,10788550.0,10793411.0,0,0,dontbelieveyou,,,"<a href=""https://github.com/bitcoin/bitcoin/blob/be9a9a3d2253ceccf123572b97a890c489a5a9be/src/main.cpp#L3175-L3185"" rel=""nofollow"">https://github.com/bitcoin/bitcoin/blob/be9a9a3d2253ceccf123...</a>",1451109550
2,10793441,comment,10789703.0,10789703.0,0,0,unclebucknasty,,,"Interestingly, the rates of vaginal intercourse among teens don&#x27;t seem to have been explored as part of the study. Don&#x27;t see that mentioned in the discussion here either.<p>Seems an important question. Are they actually getting pregnant less per occurrence of vaginal intercourse, or are they simply having less vaginal intercourse?",1451109470
3,10793440,comment,10792910.0,10792910.0,0,0,morgante,,,"One huge factor that this study apparently left out is that more prestigious universities can generally offer much better financial aid, and hence offer a much better ROI for middle and low income students.<p>MIT and Podunk U might have the same effect on your salary, but if MIT is charging you only $5,000 a year (including room & board), it&#x27;s going to be an order of magnitude better ROI.",1451109457
4,10793439,comment,10791198.0,10793380.0,0,0,chrischen,,,"Facebook is a foreign entity going into a less developed market. It is overpowered, using its power to influence local government, and also has the power to destroy the local markets with their &quot;free&quot; option much like handing out free shoes to impoverished African countries.<p>Competition is good, but Facebook has the power to completely destroy and monopolize local industries if unchecked (in less developed economies at least).",1451109422
5,10793438,comment,10789703.0,10792297.0,0,0,rbanffy,,,"Technology does not advance in a vacuum (pun intended). When you say that you are ignoring that the technology advanced <i>because</i> some of those trillions were spent in research, even though the research has more goals than enabling a manned mission to Mars.",1451109420
6,10793437,comment,10791113.0,10792753.0,0,0,saurik,,,These drafts are very different; I am not sure which I prefer :(.,1451109384
7,10793436,comment,10791712.0,10793356.0,0,0,Eliezer,,,That DRAM thing is getting headlined on the danger of boxing if there&#x27;s a source.  Source?,1451109365
8,10793435,comment,10793358.0,10793358.0,0,0,greenyoda,,,"Extensive discussion a month ago: <a href=""https://news.ycombinator.com/item?id=10601626"" rel=""nofollow"">https://news.ycombinator.com/item?id=10601626</a>",1451109305
9,10793434,comment,10791786.0,10793031.0,0,0,empath75,,,"Aol is still around, you know. It&#x27;s mostly an advertising company now, though. BTW, if any one with AWS or devops experience wants a job at Aol, let me know, we&#x27;re hiring like mad right now.",1451109292
10,10793432,comment,10792182.0,10793425.0,0,0,nickff,,,"Yes, they have.[1]<p>[1] <a href=""http://www.spacex.com/press/2014/05/27/spacex-completes-qualification-testing-superdraco-thruster"" rel=""nofollow"">http://www.spacex.com/press/2014/05/27/spacex-completes-qual...</a>",1451109196
11,10793431,comment,10791781.0,10793363.0,0,0,api_or_ipa,,,"It&#x27;s frustrating that Wikipedia editors ignore sig figs.  [7] is a wired.com source which quotes 458F (3 sig figs) and thus should be converted to 272C.  The quoted 300F is even more suspect, since it&#x27;s a nicely rounded number.",1451109185
12,10793430,comment,10792910.0,10793192.0,0,0,morgante,,,"Just find some way to get yourself into the &quot;in network.&quot; That can be attending a prestigious university, but you can also get it from the right internships or hackathon connections.<p>I didn&#x27;t attend a traditionally top-ranked university, but it turns out that the majority of my useful connections did.",1451109173
13,10793429,comment,10792291.0,10793381.0,0,0,mikekchar,,,"It mostly kicks in when you are a developer that supports 4 or 5 different ruby-on-rails sites, each of which require different versions of ruby.  Rails, in particular, seems to be very intolerant of running on different ruby versions, so if you have been less than scrupulous in keeping all your rails apps up to date, you will be juggling different ruby versions.  Using Debian &quot;alternatives&quot; is one way of dealing with it, but you also need to be hyper sensitive about the gem versions, so you will be using bundler in most cases.  Rbenv, et all, just deals with the complexity so that it is hard to make a mistake.  It&#x27;s not impossible to do it other ways, but it is much harder.",1451109166
14,10793427,comment,10792910.0,10793286.0,0,0,morgante,,,"I don&#x27;t think anyone who can cut it as a top maths/eng graduate should consider a trade. It&#x27;s a gross misuse of their skills and will definitely lead to lower returns over their lifetime.<p>Skilled trades are a great option for a mediocre student with no real interests, but it&#x27;s not really an ideal alternative to tech.",1451109084
15,10793426,comment,10786481.0,10791651.0,0,0,Houshalter,,,"This method is basically just fuzzing with a really efficient method to do it quickly. But in theory you could try every possible set of inputs into the human eye, and it&#x27;s quite possible you would find images like this, where only slight changes to the inputs cause entirely different outputs.<p>But we can&#x27;t try every possible set of inputs to human eyes. So we don&#x27;t actually know how fragile human brains are. I suspect that brains use similar tricks to artificial neural networks, and learn similar functions.",1451109075
16,10793425,comment,10792182.0,10792182.0,0,0,maaku,,,Hasn&#x27;t SpaceX been doing this for a few years?,1451109053
17,10793424,comment,10792291.0,10792461.0,0,0,lyime,,,It is a solved problem. Good can be come better.,1451109021
18,10793423,comment,10791192.0,10793351.0,0,0,maaku,,,"That&#x27;s a bit of selective remembering.<p>Jobs wanted Pixar to be a hardware company. Not a terrible idea as NVidia has shown us, but definitely the wrong time, and he did not foresee the brand that Pixar Animation Studios would become.<p>NeXT was a 2nd attempt at the overpriced workstation that was Lisa. Both were market failures.",1451109020
19,10793422,comment,10791938.0,10793060.0,0,0,asanwal,,,"I wasn&#x27;t around for all of the last 300 years of US history as you were it seems, but I suspect the current aversion to doing work and things that seem hard would make many prior generations of Americans cry or potentially laugh at us.<p>I was born here in the 70s and even I see a massive attitude shift. I wonder what folks a generation ahead of me think.<p>Actual American. Ha ha. That&#x27;s rich.",1451109007
20,10793421,comment,10792910.0,10793240.0,0,0,morgante,,,"If your sample size is your coworkers, there&#x27;s a giant selection bias.<p>You&#x27;re ignoring the countless developers who didn&#x27;t graduate from college but also can&#x27;t get a good job. I know plenty of them and they&#x27;re basically stuck on a treadmill of making crappy WordPress sites.<p>While it&#x27;s true that great developers will probably do well degree or no degree, it&#x27;s definitely a boon for average developers.<p>Also consider that even for good developers the additional offers which might come from a degree can drive up their salary. Even if you have no intention of working in finance, a $300k offer from Goldman (which generally requires a degree) can help to empower your negotiations elsewhere.",1451109000
21,10793420,comment,10792291.0,10792949.0,0,0,lyime,,,"It&#x27;s not really a problem per say. It&#x27;s just taste really. There are multiple good options for managing ruby versions and environments.  (as well as other languages like Phython, see pyenv). I don&#x27;t necessarily switch to ruby versions between projects or with frequency. That being said, ruby is in active development and with new versions there are many improvements to performance and security. So developers like to try the latest and test out their apps, libraries and frameworks.",1451108950
22,10793419,comment,10791198.0,10793238.0,0,0,o0o0_ooo,,,Let&#x27;s not pretend that most aid given by governments is altruistic.,1451108887
23,10793418,comment,10792291.0,10793276.0,0,0,djur,,,"There&#x27;s a lot of reasons, but the most significant one is that Ruby successfully and recently made a compatibility break between versions (1.8 and 1.9), which made the ability to run multiple Ruby versions on a single machine extremely important to a large group of people. Toss in alternate implementations like JRuby and Rubinius and it&#x27;s almost indispensable.<p>The Ruby dev team tends to prefer encouraging the community to implement competing solutions rather than adopting any of them as official. Ruby devs in general tend to be members of the &quot;there is more than one way to do it&quot; camp.<p>There isn&#x27;t really much of a &quot;war&quot;. The different version managers came to an agreement on certain things like the format of .ruby-version files, so at this point it&#x27;s a personal choice akin to which text editor you use.",1451108872
24,10793417,comment,10792910.0,10793275.0,0,0,santaclaus,,,"I would imagine that the social network one builds in college can help later on, too, if only for internal referrals. I would be interested to see what percentage of Google employees attended Stanford vs. other schools vs. started professionally programming without a college degree.",1451108869
25,10793416,comment,10791969.0,10793288.0,0,0,alextgordon,,,"> Alford is described as half-black, half-Filipino<p>This is one of those cases where &quot;African American&quot; is correct and &quot;black&quot; is not. Some Filipinos <i>are</i> black: <a href=""https://en.wikipedia.org/wiki/Negrito"" rel=""nofollow"">https://en.wikipedia.org/wiki/Negrito</a>",1451108821
26,10793415,comment,10789703.0,10793004.0,0,0,addicted,,,Because there is a lot of evidence that teenage pregnancies lead to worse outcomes for the teen mothers as well as the newborn children.,1451108800
27,10793414,comment,10788496.0,10793248.0,0,0,meshko,,,But does his gambling real ruin people&#x27;s lives?  How direct is that connection?,1451108763
28,10793413,story,,,77,17,aburan28,Leaked documents that were not attributed to Snowden,http://electrospaces.blogspot.com/2015/12/leaked-documents-that-were-not.html,,1451108743
29,10793412,comment,10792355.0,10793300.0,0,0,chei0aiV,,,Best practice authentication is client-side SSL certificates.,1451108697
30,10793411,comment,10788550.0,10793393.0,0,0,maaku,,,"Not over the consensus parameters. You could have infinite hash power, but if your blocks are invalid they will be ignored.",1451108693
31,10793410,comment,10791786.0,10793165.0,0,0,true_religion,,,"I reread it, and there isn&#x27;t so much snarkiness against AOL itself as much as the 90s culture AOL brings.<p>To someone who didn&#x27;t experience it first hand, a lot of 90s trends seem utterly ridiculous, and unlike the silly trends of the 60s/70s... 90s trends are well preserved and available for everyone to see and poke fun at.",1451108691
32,10793409,comment,10792046.0,10792218.0,0,0,bewuethr,,,Mine too - ETH with Gutknecht? Can&#x27;t emphasize enough how great the &quot;interclick&quot; mess was.,1451108687
33,10793408,story,,,4,1,cantrevealname,Ask HN: Why has online directory assistance (phone lookup) become useless?,,"If you&#x27;ve tried to look up a residential phone number on the web in the last few years, you&#x27;ve surely noticed that it has been useless. You get no information or spammy/scamly results even though a physical telephone book--assuming you still receive such a thing--still does have correct information for landlines.<p>The results of a reverse phone lookup are worse than useless because of a recent trend of bizarre sites that list <i>completely false</i> names and addresses for every 10-digit US/Canadian phone number. They don&#x27;t even have ads, so I don&#x27;t understand what they&#x27;re getting out of listing fake information, and why Google doesn&#x27;t push down their rank.<p>So my question is Why happened to online phone info? Are landline phone companies no longer making directory information available? I&#x27;ve heard that cellular companies do not publish any directory information (is that right?), but there are still millions of residential landlines. What happened to that data?",1451108631
34,10793407,comment,10791198.0,10792652.0,0,0,throwawaykf05,,,"Maybe in the US, where there is a duopoly for the last-mile access for a large number of markets. Highly doubt it will happen in India because of the very rich, competitive Internet access market, as TFA points out.",1451108624
35,10793406,comment,10791786.0,10793042.0,0,0,Falkon1313,,,"There was also a way to automate actions to occur on login.  My PC motherboard or RAM went flaky and started crashing after a few minutes in Windows.  Not enough time to do much.  So I wrote a login script that would go to my email and each of my message boards and newsgroups, downloading any new messages quickly enough before it crashed.  Then I&#x27;d boot to DOS and take my time reading and preparing responses.  Then reboot to Windows and hope the responses all got sent before the system crashed.",1451108602
36,10793405,comment,10791198.0,10791198.0,0,0,tr33fiddy,,,"This album shows the kind of things Facebook is doing to push Free Basics.<p><a href=""http://m.imgur.com/gallery/dnAFg"" rel=""nofollow"">http://m.imgur.com/gallery/dnAFg</a>",1451108552
37,10793404,comment,10791198.0,10792973.0,0,0,throwawaykf05,,,"Demonstrably? Curious, has this ever happened  in a relatively free market without a full-access competitor showing up?",1451108493
38,10793403,comment,10793029.0,10793289.0,0,0,elinchrome,,,"No, it&#x27;s cassettes too. Reel to reel has &quot;better sound&quot; than vinyl for some people. I&#x27;m sure there&#x27;s some metric or science to back up the argument.<p>And other enjoy the nostalgia of cassettes and eight tracks. You can hardly walk down my block without seeing someone listening to a 30 year old walkman. That&#x27;s probably more of a style thing.",1451108482
39,10793402,comment,10792315.0,10793385.0,0,0,nickpsecurity,,,Lmao. That&#x27;s perfect.,1451108441
40,10793401,comment,10793029.0,10793029.0,0,0,jcoffland,,,And it only took a decade of promises.  On to Perl 7.,1451108429
41,10793400,comment,10786411.0,10791693.0,0,0,pcwalton,,,"Depends on what your needs are. I think Rust is ready for certain Web apps. crates.io runs on Rust, for example, and it&#x27;s a modern Ember-based web app running right now.<p>I think that the situation is a lot better than that site indicates.",1451108400
42,10793399,comment,10793029.0,10793273.0,0,0,baudehlo,,,As an old perl 5 hack it is worth looking at as a new language. Like if you thought rust was worth exploring. It&#x27;s not related to perl historically at all except by name.,1451108392
43,10793398,comment,10791198.0,10792170.0,0,0,throwawaykf05,,,"1) This was in response to firasd&#x27;s alarmist argument about ISPs charging differently based on what sites you access, not the Internet.org thing.<p>2) There are free VPNs out there. I am not sure how trustworthy they are, but people I know have been using them for ages.",1451108366
44,10793397,comment,10789914.0,10792783.0,0,0,pcwalton,,,"Bug trackers aren&#x27;t a good place to express advocacy, because there are other forums for that. What&#x27;s wrong with removing advocacy, off topic, and abusive comments?<p>There are comments in that bug that are clearly from people who were against the change that were not removed.",1451108300
45,10793396,comment,10792291.0,10792958.0,0,0,saurik,,,"I seem to have all of Python 2.7, 3.2, 3.3, and 3.5 installed on my server just from APT. I happen to only use 2.7, but I certainly don&#x27;t see what use I would have for some crazy tool to manage versions of Python for me... if the project needs Python exactly 3.2 for some specific reason I can just run python3.2 instead of python3.5 or python3.",1451108248
46,10793395,comment,10792182.0,10793374.0,0,0,bottled_poe,,,I wish people would stop referring to Toyota vehicles as cars. Only Ferrari make real cars.,1451108247
47,10793394,comment,10792910.0,10792910.0,0,0,dpweb,,,"It&#x27;s problematic looking at salaries college students vs. non-college students, as if the single choice of going to school or not makes the difference, and getting the degree assures the good pay.  Too many recent graduates know better.<p>Obviously college students would make more than non-college.  Just for the fact that supply and demand in the job market - less people will go further in their education and so the college grad, masters, PhD is going to be less supply.<p>Looking at salary as a return on investment of tuition however, that is shoddy.  The very smart person will make more money (if they decide that is important to them), but not because they went to college - other personal characteristics will determine that.",1451108110
48,10793393,comment,10788550.0,10793369.0,0,0,dontbelieveyou,,,"> The nature of Nakamoto consensus is such that consensus parameters are not up to vote<p>&quot;The proof-of-work also solves the problem of determining representation in majority decision making. If the majority were based on one-IP-address-one-vote, it could be subverted by anyone able to allocate many IPs. Proof-of-work is essentially one-CPU-one-vote.&quot; - Nakamoto",1451108068
49,10793392,comment,10791198.0,10792177.0,0,0,throwawaykf05,,,"And my point is, people who are here, posting against FB&#x27;s initiative, obviously have <i>Internet</i>, which the poor don&#x27;t even have, let alone Internet freedom. So what they&#x27;re basically saying is, the poor should not have the same facilities that I am enjoying, because I am worried about them being locked-in and I know better than them what they want.",1451108053
50,10793391,comment,10783532.0,10792995.0,0,0,krick,,,"Uh, I don&#x27;t know. This font is, well, <i>artsy</i>, but I find it honestly hard to read. It&#x27;s just too unusual. I&#x27;m not a fan of some other decorations here as well (like these blurry raster pencils, for instance).<p>As for your question, usual answer would be LaTeX + (maybe) some specific plugins (like TikZ for diagrams, or tufte-latex for specific layout, or whatever), but due to some irregularities here I suspect that this particular book is actually hand-made in something like Microsoft Office. I well might be wrong, I&#x27;m not sure, it just seems like that.",1451108047
51,10793389,comment,10791198.0,10792434.0,0,0,ytpete,,,"&#x27;Why not let the customer choose&#x27; can also be a generic argument against almost any kind of regulation. Why not have less strict regulations for food safety, or airlines, so various competitors can offer differing levels of safety - and if it matters enpugh to people, they&#x27;ll choose the (more expensive) options with more safety. Is that freedom or is it capitalist anarchy?<p>I would argue (as many do) that government regulations have a place in enforcing basic guarantees of safety and fairness. And net neutrality strikes me as very important to guarantee fairness, both in terms of freedom of speech and a level playing field for innovation.",1451108024
52,10793388,comment,10792355.0,10793300.0,0,0,bottled_poe,,,"> Basic auth is insecure<p>When used over HTTPS it is about as secure as any other web auth method.<p>> Force users to reauthenticate after a certain period of time.<p>With basic auth, there is no session. Authentication credentials are sent with each request.<p>> Allow user to logout without closing their browser.<p>There is no session. Only authenticated requests.<p>It&#x27;s not for everyone, but I find that stateless APIs are much easier to work with.",1451108014
53,10793385,comment,10792315.0,10793346.0,0,0,SolarNet,,,It&#x27;s Poe&#x27;s law for software.,1451107957
54,10793384,comment,10792507.0,10793352.0,0,0,lowglow,,,"Possibly, it&#x27;s still really early but I&#x27;d like to host the data (expert systems, knowledge base, talent graph, sensor data, etc, etc) and manifests for the agents. It will also provide the ability for agents to search and provision services through contracts.",1451107951
55,10793382,comment,10791822.0,10793305.0,0,0,gruez,,,"> I would worry about this precise location data to be marketed or used for anything except maybe law enforcement, and I also wonder why it is stored at all. If it is stored because of data retention regulations, and the provider wants to market this data, even if anonymized, I would see that as a problem, because other parts of society would start to expect, and depend on, such data to be available, perpetuating this data retention.<p>Already happening in the US. As said in another comment, airsage is one such company.",1451107865
56,10793381,comment,10792291.0,10792709.0,0,0,saurik,,,"As someone who clearly doesn&#x27;t use Ruby often enough to &quot;get it&quot;, I don&#x27;t understand this problem: I have multiple major versions of Ruby installed on my server from Ubuntu via APT, and I don&#x27;t need to &quot;switch&quot; between them... they are just versions in their install names like all the other versioned interpreters I install. If I want some kind of &quot;default&quot; build of Ruby, that seems like it would be solved with nothing more than a three line shell script to build either aliases or symlinks (and I think Ubuntu already has a way to do this using diversions).",1451107830
57,10793380,comment,10791198.0,10793366.0,0,0,marcoperaza,,,I&#x27;m not sure you read my comment.,1451107797
58,10793379,comment,10792910.0,10793299.0,0,0,santaclaus,,,"I have a good friend who has been a developer at various hedge funds and financial institutions for a while now, and his applications were highly focused on credentials across his educational career. They wanted everything from his SAT and GRE scores to his transcript and grades from his masters.",1451107747
59,10793378,comment,10792910.0,10793240.0,0,0,nickff,,,"This is survivorship bias in action.  If you compared all university-educated developers to all self-taught developers, you might have a valid comparison. If you only compare startup-employed university-educated developers to their self-taught brethren, you run into selection bias issues.<p>For one thing, you are discarding all unemployed self-taught programmers (who may be very motivated, but not very good).  Another issue is that university-educated programmers have various other characteristics (such as greater conformism) that reduce the likelihood they will want to work at a startup, or be successful in that environment.  Self-taught developers who get hired to &#x27;good&#x27; startups are also likely to have achievements that made their resume more appealing to the interviewer than a university degree; this means the self-taught developers who get hired are probably more accomplished.",1451107668
60,10793377,comment,10792046.0,10792046.0,0,0,Tloewald,,,"The best thing I got out of Oberon was the Syntax font (which was the default proportional typeface). It&#x27;s a really nice font (it&#x27;s essentially a sans serif font with classic details, hints of serifs, and subtly tapered strokes -- a great antidote to an overdose of Helvetica).<p><a href=""https://www.myfonts.com/fonts/linotype/syntax/"" rel=""nofollow"">https://www.myfonts.com/fonts/linotype/syntax/</a>",1451107625
61,10793376,comment,10793029.0,10793289.0,0,0,ky738,,,"Good thing tbh. The perfect audio quality is just, perfect.",1451107590
62,10793375,comment,10791192.0,10793325.0,0,0,Zelphyr,,,"I don&#x27;t think he was omniscient but there is an interview he did in Wired I believe, around &#x27;95, where he laid out the next fifteen years in technology and pretty much nailed it. He wasn&#x27;t a god. That much is obvious. But he was really smart and the term &quot;visionary&quot; is reasonably earned.",1451107551
63,10793374,comment,10792182.0,10792182.0,0,0,bcook,,,"I really wish that we could replace the phrase &quot;3-D printing&quot; with &quot;additive manufacturing&quot; when referring to metals and/or serious, low-tolerance manufacturing.<p>&quot;3-D printing&quot; should be used when referring to hobbyists making semi-useless, plastic trinkets. No disrespect to plastics or hobbyists, it&#x27;s just that the phrase lost some dignity when it became a over-generalizing buzzword.",1451107549
64,10793372,comment,10788550.0,10792397.0,0,0,maaku,,,Mining costs millions of dollars per day in electricity costs. I guess we can just expect a few people to burn a hole in their pocket for the good of the network?,1451107328
65,10793371,comment,10782897.0,10790715.0,0,0,felixgallo,,,"That makes a little more sense, thanks.  Although, I will disagree that your software will probably have dependencies that are not in Alpine; I tested it out and installed a large software stack and found no such issue.  And I think you radically underestimate the crumminess and incompetence of the, e.g., debian package system.  Nevertheless, good luck with your systems and Merry Christmas.",1451107272
66,10793370,comment,10791198.0,10791699.0,0,0,Diamons,,,"You are arguing that an ad hominem attack is by defacto incorrect. Ad hominem attacks provide context and explain how your point of view can be clouded or misguided.<p>Ad hominem attacks have been and always will be useful tools in debates.<p>Example: If you are rich and believe that the poor are lazy and always asking for handouts, it would be beneficial for someone to make an ad hominem attack towards your character and background as a wealthy person to help you see why your statements are biased.",1451107244
67,10793369,comment,10788550.0,10793257.0,0,0,maaku,,,"> If you knew anything about Bitcoin Unlimited I am sure you would have come across its most fundamental aspect - moving the blocksize limited from the hardcoded centralised protocol layer to the transport or messaging layer thus allowing each node operator to choose the limit in a decentralised fashion so creating an emergent consensus.<p>If you knew anything about Bitcoin, you&#x27;d know that this is a sure-fire way to get forked off the network and ripped off by double-spends. The nature of Nakamoto consensus is such that consensus parameters are not up to vote.",1451107229
68,10793368,comment,10792529.0,10792744.0,0,0,mitchtbaum,,,"> What exactly about this is possible?<p><a href=""http://www.lowtechmagazine.com/2007/06/green-slow-air.html"" rel=""nofollow"">http://www.lowtechmagazine.com/2007/06/green-slow-air.html</a><p>Long-term, helium looks to have issues though, especially if we slow down natural gas mining.  Perhaps we could find a tenable balance between helium and hot air.<p><a href=""https://en.wikipedia.org/wiki/Thermal_airship"" rel=""nofollow"">https://en.wikipedia.org/wiki/Thermal_airship</a>",1451107227
69,10793367,comment,10791786.0,10793191.0,0,0,LeoPanthera,,,That sounds like the Macintosh &quot;Legacy Recovery&quot; CD. You can still find copies floating around the web.,1451107223
70,10793366,comment,10791198.0,10793238.0,0,0,chrischen,,,"Facebook is not being altruistic here, and there&#x27;s no such as thing as free. Whenever a merchant offers &quot;free shipping,&quot; they&#x27;re just manipulating the customer and the cost is built in elsewhere.<p>When facebook offers &quot;free internet,&quot; whatever benefits it provides, the cost is hidden and built in elsewhere in Facebook&#x27;s business model. Which means such a free internet that facebook is supposedly altruistically providing is actually being paid for elsewhere, whether in higher ad costs for India or some other area of their business.<p>This means facebook is essentially skirting net neutrality by indrectly paying for people to only have access to Facebook.<p>This is on top of anticompetitiveness of the move. Giving anything away for free destroys natural competition in the ecosystem. See the case of TOM&#x27;s shoes giving away free shoes and destroying local shoemakers.[1]<p>Their tactics here makes it justifiable for a country like China to block Facebook. Imagine if Facebook took over China, and started blasting political messages with ulterior motives to 2+ billion people, trying to influence them for corporate gain.<p>[1] <a href=""http://www.economist.com/blogs/freeexchange/2014/10/economics-toms-shoes"" rel=""nofollow"">http://www.economist.com/blogs/freeexchange/2014/10/economic...</a>",1451107208
71,10793365,comment,10792748.0,10793214.0,0,0,bryanlarsen,,,"Tinkercad&#x27;s a toy, and hasn&#x27;t seen any significant improvements for the last 2.5 years.<p>The creators of Solidworks started a new company to do online CAD: check out onshape.com.",1451107187
72,10793364,comment,10792756.0,10793100.0,0,0,chongli,,,"A function is just a set of ordered pairs. It implies nothing about computation or even decidability. Procedures and methods are just different names for the same general idea: a sequence of steps for a computer to follow. Commonly, the term method also implies the concept of an implicit argument (usually referred to as `self`).<p>That&#x27;s it, really.",1451107117
73,10793363,comment,10791781.0,10791781.0,0,0,zhte415,,,"For those needing to look up what Tardigrades are:<p>From Wikipedia: <a href=""https://en.wikipedia.org/wiki/Tardigrade"" rel=""nofollow"">https://en.wikipedia.org/wiki/Tardigrade</a><p>> Tardigrades are notable for being perhaps the most durable of known organisms; they are able to survive extreme conditions that would be rapidly fatal to nearly all other known life forms. They can withstand temperature ranges from −272.222 °C (−458.000 °F) to 149 °C (300 °F),[7] pressures about six times greater than those found in the deepest ocean trenches, ionizing radiation at doses hundreds of times higher than the lethal dose for a human, and the vacuum of outer space.[8] They can go without food or water for more than 10 years, drying out to the point where they are 3% or less water, only to rehydrate, forage, and reproduce.",1451107112
74,10793362,comment,10791192.0,10793139.0,0,0,jakejake,,,The author seems to think that somebody would want this machine so badly as to break into somebody&#x27;s house?,1451107097
75,10793361,comment,10792748.0,10792748.0,0,0,benzofuran,,,"The stability wasn&#x27;t there last time this was posted, but maybe they&#x27;ve made some improvements.  I do wish there was a distinction being made between maker-quality and production-quality software in some of these areas - being an engineer that uses CAD on a daily basis, this is cute but closer to CAPD (Computer Assisted Part Design) or some such.  Not to denigrate their work, but this is not a full-fledged CAD package - but it is above and beyond for hobbyist / maker grade use.",1451107079
76,10793360,comment,10791198.0,10791198.0,0,0,anilgulecha,,,"On the ethics of this,<p>I&#x27;d like to know of the engineers/team in the chain of command who is responsible for the &quot;Something went wrong&quot; flag set on savetheinternet.in : <a href=""http://i.imgur.com/K3JUack.png"" rel=""nofollow"">http://i.imgur.com/K3JUack.png</a><p>Clearly this flag was not set on the grounds of pornography/violent matter/malicious link. This flag was instead set on a what is political speech, representing activists from a large swath of a democratic nation.<p>Consider how big of an attack this is on speech. Consider if a prominent website of any other political thought were thus flagged, and warned users away from.<p>To any folks from facebook reading this: please point out the team/engineers and the whole chain of command responsible for this flag -- this suppression is not a tiny thing.",1451107044
77,10793359,comment,10788550.0,10792403.0,0,0,maaku,,,Running the Bitcoin mining network costs millions of dollars per day in electricity costs alone. Who&#x27;s going to to pay that when the subsidy goes away?,1451106958
78,10793357,comment,10790654.0,10791409.0,0,0,hopsoft,,,"I wrote a script to benchmark some of the diff strategies for anyone curious. <a href=""https://gist.github.com/hopsoft/ae361319c54bbcb4f8e2"" rel=""nofollow"">https://gist.github.com/hopsoft/ae361319c54bbcb4f8e2</a>",1451106939
79,10793356,comment,10791712.0,10792868.0,0,0,JoshTriplett,,,"> I mean, the paperclip example in the Medium article... did that factory ever need AI involved?<p>That example got a bit lost in translation.  The standard example of the paperclipping AI is not about building an AI to run a paperclip factory.  It&#x27;s about providing an appropriate value system for an AI, so that it can evaluate courses of action.  The standard example: you use a paperclip as an example for an AI as the smallest unit of incremental value, such that having a paperclip is epsilon better than not having a paperclip.  The AI files that information away, and tiles the universe with paperclips.  Related examples include using a smiling human face as an example of happiness and having the AI tile the universe with the smallest possible object that matches its &quot;smiling human face&quot; recognizer.<p>> And they also kind of assume that there&#x27;s only one AI at a time<p>Yes.  If you&#x27;re going to build a strong AI, then either you got its value system <i>right</i>, and it will take over the world (in the good, &quot;solves all problems at once&quot; way), or you got its value system <i>wrong</i>, and it will destroy the world.  There is no plausible scenario in which we build strong AI (as in, capable of self-improvement to better satisfy its value function) and it <i>doesn&#x27;t</i> take over the world, or in which it allows other strong AIs to exist that are not effectively subroutines of itself (any AI that shares the same value system is the same AI, and any AI that doesn&#x27;t share the same value system is too dangerous to exist).<p>> that everything is connected to the internet in some way, that humanity couldn&#x27;t simply wipe out anything that poses a threat (and no, an AI in a factory environment wouldn&#x27;t get access to anything that would allow for nuclear/chemical/biological weapons).<p>You can&#x27;t keep a strong AI capable of self-improvement in a &quot;box&quot;.  Random example: a security conference this year demonstrated using nothing but DRAM to successfully transmit short-range GSM signals.  That&#x27;s something <i>humans</i> thought up and implemented.<p>That&#x27;s leaving aside intentional human intervention or development-and-release.  Not least of which because a strong AI done <i>right</i> provides a massive reduction in both existential risk for humanity and day-to-day risk for humans.",1451106897
80,10793355,comment,10792756.0,10793100.0,0,0,psyklic,,,">> Is there REALLY a difference between a &quot;method,&quot; a &quot;procedure,&quot; and a &quot;function&quot; proper?<p>Yes. These words closely follow the evolution of programming paradigms.<p>Early in computing, code was organized loosely as &quot;blocks of named code&quot;, or <i>procedures</i>. These often used ad hoc methods to receive inputs and produce outputs, e.g. by directly writing to various globals, registers, and memory regions. You can imagine that this would result in complex programs, since each procedure may have many intertwined dependencies.<p>To better organize code, a stricter procedure was developed -- the <i>function</i>. These blocks of named code declare their inputs, using them to produce an output. Although this was the ideal, in practice there still tended to be many undeclared dependencies via globals. Again, this led to hard-to-read, obfuscated code.<p>So, object-oriented programming introduced <i>methods</i>. These are procedures or functions that belong to a class. Meaning, in addition to their inputs, they can only read and modify  particular methods and attributes. Hence, the dependencies of the function beyond its inputs are much more precisely understood and organized. In theory at least.",1451106876
81,10793354,comment,10791786.0,10791786.0,0,0,ZanyProgrammer,,,Fascinating how the comments here are uniformly praising AOL.,1451106801
82,10793352,comment,10792507.0,10793326.0,0,0,tim333,,,I&#x27;m a little confused what Playa is going to do. Heroku basically hosts code so you can upload some and have it run. Are you going to do that?,1451106716
83,10793351,comment,10791192.0,10793325.0,0,0,tbrock,,,"Seems to have worked out for him all the countless other times. For examples see Apple Computer, Pixar, NeXt...<p>Berners Lee himself writes about the possibility decades later. Decades later! The inventor of the web browser! Remembering and writing about something that almost happened... but didn&#x27;t. He&#x27;s clearly given some thought to the matter.<p>It&#x27;s not like you remembering the time a co-worker ate vanilla ice cream at lunch time last week. This is Tim Berners Lee reminiscing about an opportunity to show Steve Jobs his wares.",1451106699
84,10793350,comment,10791198.0,10792539.0,0,0,prostoalex,,,"> Should there be fast-lanes in the US?<p>You mean like a company paying an ISP to place a server rack there and then reselling that server space branded as a Content Delivery Network to media companies who want their end consumers to have smoother experience (while the non-paying competition is stuck with &quot;loading...&quot; indicators)?<p>Nah, will never happen.",1451106673
85,10793349,comment,10793029.0,10793343.0,0,0,kbenson,,,"What?  I&#x27;m fairly certain you are mistaken on quite a lot of details.  Larry Wall is behind this release, and even though this is one implementation of Perl 6, that&#x27;s an intentional difference between Perl 5 and Perl 6.  There is no <i>one</i> implementation, just a set of specs and few projects aiming to implement those specs.  Rakudo is at this time the most mature implementation, and the specs have been finalized so that a &quot;1.0&quot; version of Perl 6 can be released with an implementation that works.",1451106639
86,10793348,comment,10791198.0,10793332.0,0,0,leereeves,,,"> 2.8 billion people live on less than 2 dollars a day. A second hand smart phone might go for 20 dollars. So its a few weeks worth of savings.<p>Ten weeks <i>income</i>, and someone who lives on 2 dollars a day can&#x27;t afford to save 100% of their income to buy a smartphone.<p>And how much would used smartphone prices increase if a billion people wanted to buy one?<p>Sharing or renting makes more sense, but in that case, why not share the cost of a data plan?",1451106556
87,10793346,comment,10792315.0,10793233.0,0,0,nickpsecurity,,,"Domain experts, executable spec both parties understand, source-to-source compiler using DSL&#x27;s, and targeting C to reuse backends? Is that a parody or a recipe for VBA compiler small team can handle?",1451106542
88,10793345,comment,10793029.0,10793343.0,0,0,latenightcoding,,,"<a href=""https://twitter.com/TimToady/status/680511168713064448"" rel=""nofollow"">https://twitter.com/TimToady/status/680511168713064448</a>",1451106409
89,10793344,story,,,119,36,chdir,"""Free Basics"" - Myths and Facts",https://docs.google.com/document/d/1Fy8rGMIleYNPGNNZvO16_NLyPSJ0_JhCLU0Uo6W8Ogk/edit?pref=2&pli=1#heading=h.mvl2arsbzxqk,,1451106352
90,10793343,comment,10793029.0,10793029.0,0,0,eugenekolo2,,,This is a clickbait and deceptive title. It should read &quot;Rakudo Perl 6.0 Support Added&quot; or at best &quot;Rakudo Perl 6.0 Released&quot;.,1451106298
91,10793342,comment,10786512.0,10790401.0,0,0,ori_b,,,"It is, however, what many DSPs do.",1451106270
92,10793340,comment,10792910.0,10792910.0,0,0,zhte415,,,"One of the comments to the article makes the very valid point no control for sex is done, and Math/CompSci/Engineering degrees are much more male dominated.<p>Could this also be expanded to location?  Salaries in high cost locations tend to be higher. Salaries, over 1 or 20 years, are not the same thing as take-home net of living and property costs. Are Math/CompSci/Engineering employment paths located in higher cost locations?  I don&#x27;t know, but they could be.",1451106246
93,10793339,comment,10791786.0,10793082.0,0,0,randall,,,Distribution is a big reason. Distribution hasn&#x27;t become a protocol and won&#x27;t for the foreseeable future. Medium shows folks really want to be heard above all else and will trade a lot for distribution.<p>Google and Seo was a good hope but Seo takes a long time. A good medium post can get blown up in a day.,1451106237
94,10793336,comment,10791793.0,10791793.0,0,0,donatj,,,Did Microsoft ever release the APL implementations Bill Gates mentioned?,1451106106
95,10793335,comment,10791938.0,10791938.0,0,0,egsec,,,"I know many people who graduated from this school district....<p>&quot;What white middle-class parents do not always understand, she said, is how much pressure recent immigrants feel to boost their children into the middle class.&quot;<p>This may be a great general quote, but should not be applied to this town. Immigrants moving here are not poor, not &quot;off the boat&quot;. West Windsor is a township with mostly upper middle class people (Median Income per 2010 census was $156,110[1]) and a very high number of people with advanced degrees per capita (41% have graduate/professional degree as of 2013[2]), most of these immigrants came here with advanced degrees. People are not moving here to get ahead, they are already well established in the upper middle class. Houses are insanely expensive in West Windsor and Plainsboro, you will find people selling 3 bedroom condos in the 600k range, this is a town with a long commute to NYC or Philadelphia.<p>There are plenty of people of all races on both sides, I think the author is taking some liberties to up the page view count.<p>There likely is a backlash from a tiger mom like segment, but this article seems like a NYT reporter just trying to get something out on the heels of the recent Atlantic article[3] on the kids in Silicon Valley being so stressed at school they committ suicide.<p>[1] <a href=""https://en.wikipedia.org/wiki/West_Windsor_Township,_New_Jersey#2010_Census"" rel=""nofollow"">https://en.wikipedia.org/wiki/West_Windsor_Township,_New_Jer...</a><p>[2] <a href=""http://www.west-windsor-plainsboro.k12.nj.us/common/pages/DisplayFile.aspx?itemId=17749112"" rel=""nofollow"">http://www.west-windsor-plainsboro.k12.nj.us/common/pages/Di...</a> p. 10<p>[3] <a href=""http://www.theatlantic.com/magazine/archive/2015/12/the-silicon-valley-suicides/413140/"" rel=""nofollow"">http://www.theatlantic.com/magazine/archive/2015/12/the-sili...</a>",1451106098
96,10793334,comment,10787283.0,10787283.0,0,0,GoodJokes,,,"Ironically, some of the richest people I know are actually the poorest.",1451106084
97,10793333,comment,10791198.0,10792857.0,0,0,shrikrishna,,,"Get one thing straight. Free Basics is not about &quot;bringing up&quot; the poor. And among the &quot;well off&quot; are those who were poor once and have used knowledge from the internet to be wise enough to realize what is going on. Free Basics, if allowed to remain, will become a gatekeeper to the internet and will essentially become a barrier to entry to other services",1451106065
98,10793332,comment,10791198.0,10793242.0,0,0,petke,,,"People are crafty. You dont have to have electricity at home to charge your phone. Its enough there is one power source in the village. (There was a news story about a boy that built a windmill, and the villagers paid him a bit to charge their phones). You dont even need your own phone. You can share or rent one by the minute.<p>Second hand smartphones are getting pretty cheap. 2.8 billion people live on less than 2 dollars a day. A second hand smart phone might go for 20 dollars. So its a few weeks worth of savings.<p>Imagine all those people getting on Facebook. They will find a way to use it for what they need.",1451106058
99,10793331,comment,10792756.0,10793100.0,0,0,mchahn,,,"> Is there REALLY a difference between a &quot;method,&quot; a &quot;procedure,&quot; and a &quot;function&quot; proper?<p>As you pointed out you will get different answers from different people.  There is no correct answer.",1451106028
100,10793330,comment,10792533.0,10793190.0,0,0,tailgate,,,It&#x27;s a pretty screenwriting 101 level of symbolism. Why does that make it brillant?,1451106016
101,10793329,comment,10791786.0,10793082.0,0,0,braythwayt,,,We all have living rooms. We can all go to the store and buy liquor. And yet... So many of us would rather go line up to get into a bar and pay outrageous prices for liquor... Because those places are more crowded than our living rooms.,1451106012
