,col0,col1,col2,col3,col4,col5,col6,col7,col8,col9,col10
0,4152550,story,,,1,0,cloakmy,Encrypt and Share your messages,https://cloakmy.org/,,1340510380
1,4152549,comment,4152374.0,4152374.0,5,0,kenrikm,,,"Wow, in before API access is cut to prevent the mountain of lawsuits that would hit Dropbox if it's not. API cut in 3... 2... 1...",1340510348
2,4152548,comment,4151688.0,4151688.0,4,0,comex,,,"The only difference between strcpy_s and strlcpy, other than taking arguments in a different order and being more annoying to type, is that if an overflow would occur, it sets destination[0] to 0 rather than truncating.  This is probably an improvement, since truncation can cause security problems if you're building filenames and such (though, should you fail the test accidentally, I suspect it's much harder to track down why a string somewhere in your app became empty than why it was truncated)... but is it really worth switching to yet another string copy function?<p>(well, from a BSD perspective.  Apparently strcpy_s has been around on Windows since Windows 95.)",1340510326
3,4152547,comment,4152506.0,4152506.0,4,0,maxwin,,,One suggestion. You should put a link to your bookmarking tool. There is no shame on promoting yourself in the right context. Or at least put it in your profile.,1340510311
4,4152546,comment,4145558.0,4148329.0,1,0,bfrs,,,"I think your comment <a href=""http://news.ycombinator.com/item?id=3838971"" rel=""nofollow"">http://news.ycombinator.com/item?id=3838971</a> is very relevant to this discussion.",1340510206
5,4152545,comment,4150701.0,4151880.0,5,0,pook1e,,,"> $500 is a fairly negligible difference<p>No, it really isn't negligible. $500 can be the difference between a laptop with absolute crap build quality and a laptop with great build quality. There is a reason that HP (and most other vendors) have different models with different starting prices, and it has very little to do with base specs.<p>The DV6t has such a low starting price because it isn't built well, simple as that. I don't care if you put a screaming fast CPU in it and the highest quality screen possible. It still has shit build quality. It is still built like a $800 dollar laptop.",1340510129
6,4152543,comment,4150539.0,4151841.0,2,0,HorizonXP,,,"You can keep trumpeting RIM's death, or you can do your own research and see what they're working on. They're gaining a lot of points with developers, especially in the Qt and FOSS communities.<p>Will they beat Android/iOS? Maybe. Are they better to develop on? In my (and many others) opinion, yes.<p>But don't take my word for it, find out yourself.",1340510109
7,4152542,comment,4150927.0,4150927.0,1,0,mathattack,,,"Very sad story.  I think there are legal documents (Medical proxies?) that can help avoid this.  As painful as the story is, I also think the other alternative can be abused.",1340510079
8,4152541,story,,,1,0,namzfonza,RC Helicopter Tips:USE Your RC HELICOPTER EASILY,http://minihelicopterrecommend.com/rc-helicopter-tipsuse-your-rc-helicopter-easily/,,1340510072
9,4152540,comment,4151106.0,4151106.0,6,0,kleiba,,,"Is this so unusual? I try to use my bank cards only at my bank's ATMs to keep profiling to a minimum. Sure, every now and then I end up at a register and discover that I am out of cash. Makes me feel uneasy every time. But it surprises me that this is on the front-page of a tech-savvy community - I thought we were all like that guy anyway.",1340510036
10,4152539,story,,,85,43,r00tbeer,Symantec throws up hurdles to independent software developers,http://www.codeandweb.com/blog/2012/06/23/how-symantec-ruins-independent-developers,,1340510005
11,4152538,comment,4149943.0,4150530.0,6,0,waterlesscloud,,,2008: 1 Eur = 1.60 USD<p>Now:  1 Eur = 1.25 USD<p>That looks a little different.,1340509931
12,4152537,comment,4152402.0,4152461.0,9,0,wmf,,,"Since Apple's users actually pay for their products, Apple is more motivated to protect privacy IMO.",1340509845
13,4152535,comment,4150539.0,4150919.0,2,0,ramchip,,,"My cheap Japanese phone can tether -- but the carrier makes a distinction between packets originating from the phone and those from the computer, and they charge extra through the nose for PC packets (100$+ per month if you exceed a few megabytes, in extra to normal phone charges). All this while I can get a dual-mode WiMAX/3G WiFi router that fits in a pocket, has a day of battery life, unlimited data and transfers much faster for 50$/month. The problem isn't the hardware, it's the carriers.",1340509703
14,4152534,story,,,76,54,mwilcox,Professional Starcraft Team releases documentary with pay-what-you-want model,http://www.teamliquidpro.com/liquidrising/,,1340509701
15,4152533,comment,4150949.0,4152396.0,1,0,pcwalton,,,Nit: Collecting a dead object is not free with a copying GC. You still have to scan it during the Cheney scan or mark phase.,1340509668
16,4152532,comment,4131508.0,4149721.0,1,0,cperciva,,,"If the bounds check was performed after casting to unsigned, there would have been no problem.  The vulnerability occurred because a bounds check was incorrectly performed on a signed value.",1340509613
17,4152531,comment,4150797.0,4150797.0,5,0,spullara,,,It seems to me that if it is anything it is a memorial to Steve Jobs. His glider was stopped.,1340509593
18,4152530,comment,4152402.0,4152519.0,7,0,Alex3917,,,"I was selling something for over $1000. The questions were something like:<p>""Which of these cities did [Grandmother's name] own property in.""<p>""Which of these people are related to you?""<p>The questions themselves are relatively innocuous, but the entire situation of where the information comes from and how my answers get used is rather disconcerting on multiple levels, especially since there really isn't enough information to make an intelligent decision.",1340509496
19,4152529,comment,4151555.0,4152121.0,2,0,heretohelp,,,"You'd be surprised how often you can impress people with an iota of initiative and forethought / googling.<p>Hell, I impressed a neuroscientist with a rigorous education in maths the other day (I'm a dropout) by calculating the tip in my head instantly.",1340509494
20,4152528,story,,,5,2,dmor,My Reading Lists,http://www.daniellemorrill.com/reading-lists/,,1340509463
21,4152527,story,,,36,13,zackzackzack,Show HN: Bootstrap styled tooltips for d3,http://bl.ocks.org/2981335,,1340509416
22,4152526,story,,,2,0,Whitespace,Controlling EC2 from the Console,http://tutorials.github.com/pages/controlling-ec2-from-the-console.html?ts=1340499018,,1340509402
23,4152525,story,,,5,0,robg,"Burger King, the Cash Cow",http://www.nytimes.com/2012/06/23/opinion/nocera-burger-king-the-cash-cow.html,,1340509365
24,4152523,story,,,1,0,gbrennan,Hugh Durrant-Whyte - What is a Robot?,http://www.33rdsquare.com/2012/06/hugh-durrant-whyte-what-is-robot.html#,,1340509291
25,4152522,comment,4152456.0,4152456.0,3,0,tokenadult,,,"Previous submission, with skeptical comments:<p><a href=""http://news.ycombinator.com/item?id=3833759"" rel=""nofollow"">http://news.ycombinator.com/item?id=3833759</a>",1340509258
26,4152521,comment,4151402.0,4152025.0,1,0,ivankirigin,,,"They could land and perch silently, but when flying they are really obvious.",1340509205
27,4152520,story,,,1,0,bjwyns,Amazing Heart Transplant Story,https://www.theveganmenu.com/about-me-2/,,1340509185
28,4152519,comment,4152402.0,4152476.0,4,0,alister,,,"Really?! It's like a sneaky background check.<p>Can you clarify: Were you selling something for more than $1000 or buying something for more than $1000?<p>What were the questions exactly (not stating the personal data of course)? And how were you supposed to answer, i.e., did you have to type in names and addresses, or pick the answer from a multiple choice list, or what?",1340509150
29,4152518,comment,4151958.0,4151958.0,5,0,ianb,,,"In the marketplace consumer expectations can get higher, a sense of entitlement develops, and that entitlement can be the valid effect of genuine progress.  Not because the providers <i>have</i> to satisfy our sense of entitlement, but because they <i>do</i>, because that's what it takes to compete until at some point that's what's expected just to play the game.  Food providers at some point stopped competing on food safety because everyone demanded everything be safe.  We started expecting cars to be very reliable, and if someone makes an unreliable car then fuck caveat emptor, it's not going to become a matter of whether some consumers are willing to make that compromise and some are not  instead your brand becomes shit and you have to beg people to come back, if you can at all.  Right now we don't have that expectation about APIs; but some people want us to, we are moving that direction, and <i>maybe</i> we will get there.  Or maybe we'll get somewhere else; progress however ensures that we will get <i>somewhere</i>, that consumers will find something new about which to feel entitled.<p>And yeah, these companies don't ""owe"" us anything, but consumers (even the subset of developer-consumers) can still get pissed off at them and say shit and that's the fucking market.  And maybe it won't mean anything, maybe it'll all fade away... and maybe it won't.  That's the risk those brands are taking.  It's our market-based prerogative to bitch about whatever the hell we want to bitch about, using whatever hyperbole we want, with any sense of entitlement that we've acquired.<p>If someone starts sending mail bombs to these companies because they aren't tending their APIs as we'd like, then that's coercion.  But there's no coercion here, this is just people offering their opinions.  So quit yer whining about our whining, the internet has entitled us to whine as much as we fucking want to, and has offered market-based ways to lift or bury that whining.",1340509106
30,4152517,comment,4152456.0,4152505.0,2,0,mck-,,,"well, old is not always old for everyone - it's reaching front page so clearly it's news for some people ;)",1340509101
31,4152516,story,,,1,0,bjwyns,Read this to get eat healthy for less,https://www.theveganmenu.com/8-easy-ways-to-eat-healthy-on-the-cheap-2/,,1340509093
32,4152515,comment,4151958.0,4151958.0,2,0,LVB,,,"From Lessig's ""The Future of Ideas"" concerning the lawsuit against Bidder's Edge for scraping eBay data:<p><i>Both sides had a point, and while my bias is with [Bidder's Edge], I dont mean to deny the plausibility of a different regime. What I do deny, however, is that the answer to this question is obvious.</i>",1340509072
33,4152514,comment,4149455.0,4151192.0,1,0,wpietri,,,The question was how Padmapper provides value to Craigslist. I answered that. The increased value is true whether or not Craigslist wants to maximize revenue.,1340509049
34,4152513,comment,4151958.0,4152133.0,5,0,sopooneo,,,That is possible. But I get the feeling they naively stumbled into that outcome by genuinely trying to be decent.,1340509043
35,4152512,story,,,1,0,qiejeffery,China wholesale.,http://www.keqintrading.com,china wholesale .,1340508993
36,4152511,comment,4152456.0,4152487.0,-3,0,mck-,,,"What's discussed before? Sounds like pretty huge news to me - how come the world has been so quite for the last 2 months?<p>I'm reading it for the first time, so it does make me wonder.. bunch of scientist claiming their 15 minutes of fame?",1340508982
37,4152510,comment,4151958.0,4152471.0,3,0,saumil07,,,"Most succinct and best comment - the original post is a tempest in a teapot. Craigslist is free to optimize their lock-in on their marketplace and web-savvy users are free to bitch about the effects thereof (I did on Twitter twice over), most likely to little effect in the short to medium term. Maybe enough complaints and CL will get its act together. Maybe it won't. But that's fine! Let's continue speaking out against CL's uncool behavior and hope for the best.",1340508970
38,4152509,story,,,3,1,verra,Red Sox great loses $50million fortune in bankrupt video game company,http://www.dailymail.co.uk/news/article-2163349/Red-Sox-pitcher-Curt-Schilling-lost-ENTIRE-50million-fortune-video-game-company.html,,1340508957
39,4152508,comment,4151958.0,4151958.0,1,0,korimako,,,"All these companies were built on an infrastructure which tax payer's money funded the development of before it promised to make a profit. More taxpayer money was put into the development of the internet than the Manhattan project.  Private companies are reaping the benefit - in my opinion they owe it us to keep the system open, and API's are just a token gesture in that direction.",1340508925
40,4152507,comment,4151958.0,4151958.0,2,0,mathattack,,,"There's no obligation for any company to create an ecosystem about themselves.  It's also not a universal strategy that always maximizes value.  3rd parties can walk with their feet when they don't like it.  If companies are unreasonable, they get punished in the market.  Why is this so controversial?",1340508918
41,4152506,story,,,5,9,zebra,Will work for traction,,"In the last 6 months our team has shoestringed a bookmarking tool for power users. The project is stable beta, but now we have a problem:<p>0. No connections in the valley.\n1. No money for advertising.\n2. Both of us are introverts. Unfortunately this excludes social promotion.<p>We are looking to make a project for you in the next 3 to 24 months and we'd like to have publicity for our project in return.",1340508866
42,4152505,comment,4152456.0,4152456.0,2,0,MichaelAO,,,"Sorry for posting an oldie ha Here's the one that really peaked my interested from today.<p><a href=""http://www.msnbc.msn.com/id/47932940/ns/technology_and_science-science/"" rel=""nofollow"">http://www.msnbc.msn.com/id/47932940/ns/technology_and_scien...</a>",1340508856
43,4152504,comment,4151958.0,4151958.0,0,0,joe_the_user,,,"Wait! Wait a gosh-darn second here!<p>Craiglist <i>is</i> available by RSS and would not be too hard to scrape. You want ""API access"", you got it. Unlike Facebook, I haven't heard of anyone tossed off Craigslist for using a script to access the data Craigslist is happy to give out for free.<p>Ah, but you don't want ""API access"", you want a license to <i>resell</i> the data - and for free! You want different terms of use. Etc. Wah, wah, wah.<p>Guess what? That's different. Obviously.",1340508804
44,4152503,comment,4152402.0,4152476.0,4,0,obituary_latte,,,"Sounds like you feel over $1000 about that. Yeah, creepy.",1340508769
45,4152502,comment,4150701.0,4151813.0,1,0,sliverstorm,,,"If they had stuck an APU in the Air, we might not have had to wait<p>[1] <a href=""http://lenzfire.com/2011/11/reason-for-apple-to-reject-amd-llano-based-apu-for-macbook-air-43419/"" rel=""nofollow"">http://lenzfire.com/2011/11/reason-for-apple-to-reject-amd-l...</a>",1340508769
46,4152501,comment,4151958.0,4152415.0,3,0,res0nat0r,,,"> I, personally, save several hours every time I look for an apartment by using padmapper over Craigslist.<p>> Fuck Craigslist. Seriously.<p>It's a bit disingenuous to say fuck Craigslist when the data you are using above...comes from Craigslist. Shouldn't you have switched to Zillow or another service by now if you hate Craigslist so much?",1340508733
47,4152500,comment,4150927.0,4150927.0,4,0,ck2,,,"So basically, early easy access to even just a family doctor willing to describe the most basic meds and a lack of stigma attached to taking those meds would save society and families a ton of grief and expense.<p>But since we are in the USA, this will take decades to happen, if ever. The only hope is a massively profitable, universal drug is invented, then pharmaceutical companies will fall all over themselves spending a fortune to market it like viagra and make it ""hip"".",1340508658
48,4152499,comment,4150701.0,4152454.0,1,0,sliverstorm,,,"It makes the display 'pop' indoors, some people like shiny things, and it <i>is</i> a popular platform for art-stuff.",1340508649
49,4152498,comment,4146847.0,4151154.0,2,0,rdtsc,,,"I wasn't talking about virtualenv only. I was referring more to just using setuptools and pip to manage dependencies and upgrades.<p>However, system packaging is orthogonal to virtualenv. You can have virtualenv setup packaged inside an RPM (an isolated, self contained package).<p>> How do you use rpm to provide isolation of dependencies and simple control of PYTHONPATH?<p>Our product has about 50 or so RPMs. Only a couple of packages needed self-containment. Isolation has its downsides -- you cannot reuse code. So we have managed to avoid it as much as possible.<p>> but you really don't understand the Python world at all<p>I understand the ""deliver a product"" world though. Python is part of the product, not the whole product. I think it is little short-sighted to assume everything is just Python and that is the end of the world, and just run ""setup.py install"" and you are done. And yes, we have been through the ""just run pip"" or ""just run setup.py install as root"" before, and it creates a dependency and upgrade tracking nightmare.<p>Install a plugin using ""setup.py install"". Then update the package and remove some modules, run ""setup.py install"" again.<p>Now all of the sudden your system is messed up because it picks up old, modules that have not been cleaned by properly removing a previous package when upgrading.",1340508642
50,4152497,comment,4149905.0,4150008.0,1,0,redxaxder,,,"In the US, judges rewrite the law with every ruling. Since the precedent established by a case is used in future decisions, the ""real"" law (the one which your actions will be compared against in court) is the base law passed in congress plus all of the precedent that has been piled on top of it.",1340508613
51,4152495,comment,4151342.0,4152436.0,5,0,Turing_Machine,,,Now you're just arguing for the purpose of arguing.<p>The official doctrine of the Catholic Church supports adult stem cell research. That's just a fact. Sorry.,1340508505
52,4152494,comment,4146531.0,4146531.0,2,0,emboss,,,"Implementations:<p>C:    <a href=""https://github.com/floodyberry/siphash"" rel=""nofollow"">https://github.com/floodyberry/siphash</a><p>Go:   <a href=""https://github.com/dchest/siphash"" rel=""nofollow"">https://github.com/dchest/siphash</a><p>C:    <a href=""https://github.com/emboss/siphash-c"" rel=""nofollow"">https://github.com/emboss/siphash-c</a><p>Ruby: <a href=""https://github.com/emboss/siphash-ruby"" rel=""nofollow"">https://github.com/emboss/siphash-ruby</a><p>Java: <a href=""https://github.com/emboss/siphash-java"" rel=""nofollow"">https://github.com/emboss/siphash-java</a>",1340508493
53,4152493,comment,4151958.0,4152103.0,5,0,dredmorbius,,,"Craigslist aren't doing this strictly out of the kindness of their hearts.<p>By charging for only a small number of listing, CL accomplish two things:<p>1. They create a large marketplace, which by virtue of its size provides more value than if it were a smaller, more diversified set of markets.<p>2. It ""sucks the oxygen out of the room"" for any competitor attempting to create a similar service.  There are a few other commerce-related online sites -- eBay, Amazon, iTunes store, etc., and even a few competing specialized listings services (jobs, apartments, etc.)  -- but none that specifically serve the general classifieds market.<p>I do suspect that there's a genuine component to CL's community service mission.  But that doesn't mean the self-serving aspects of its behavior are any less valid.",1340508492
54,4152492,comment,4151958.0,4152470.0,2,0,angryasian,,,"when you submit your information to craigslist you agree to their tos.  If you don't accept you don't have to submit your information to them.  Once the information is in their database theres now two sets of data.  Yours that exists on your hdd or your head and craigslist copy of the data that you submitted to them. You are free to do what you want with your copy of the data, submit it to other sites, allow other people to somehow scrape it... but craigslist copy of your data, they can now do what they want with it.",1340508448
55,4152491,story,,,1,0,joshua6c, Did Apple just kill the CD? (img),http://blogs.which.co.uk/technology/wp-content/blogs.dir/4/files/macbook-pro-retina/macbook-pro-retina-open-side-by-side.jpg,,1340508398
56,4152490,comment,4147846.0,4147846.0,1,0,curlypaul924,,,"It greatly overestimates driving times for Charleston, SC",1340508373
57,4152489,comment,4147419.0,4151318.0,2,0,mark_h,,,"Cool, thanks.",1340508352
58,4152488,comment,4150701.0,4150979.0,3,0,sliverstorm,,,"<i>Or is mere fashion and consumerism absent from the general public at large</i><p>I admit, I cracked a grin. Of all subjects to be devoid of fashion and consumerism, Apple?",1340508309
59,4152487,comment,4152456.0,4152456.0,2,0,nazgulnarsil,,,"April 12th, and this was discussed before.",1340508187
60,4152486,comment,4152456.0,4152456.0,2,0,waterlesscloud,,,"Skeptical of the results, but it does make me wonder if the data from that mission is public?  Anyone know?",1340508185
61,4152485,comment,4145558.0,4145685.0,1,0,bfrs,,,"""supplements-eating Kurzweil"", ROTFL!",1340508177
62,4152484,comment,4150927.0,4152435.0,4,0,SoftwareMaven,,,"Unfortunately, the very definition of manic (and schizoid) behavior precludes any sort of logic. My heart goes out to you. Mental illness and our society's still-prehistoric reaction to it are both atrocious.",1340508162
63,4152483,comment,4150701.0,4151541.0,2,0,sliverstorm,,,"It isn't about 911 fans <i>doing</i> anything. Porsche has done this before, with the 914 vs. the 911. The 911 is an icon, and Porsche is a company that leans on history/lineage to help sell their cars, much like Triumph Motorcycles. They believe that keeping the idea of the 911 alive is better for the company in the long run.",1340508094
64,4152482,comment,4151958.0,4152084.0,1,0,waterlesscloud,,,What about the posts I put on Craigslist in the future?  The ratings I give to Netflix?<p>Am I somehow mystically bound to never ask for more in return for the data I provide them?<p>Of course we can ask to change the terms.  It's a business transaction.,1340508036
65,4152481,comment,4152467.0,4152467.0,1,0,PythonDeveloper,,,"I spent just a few minutes in the OpenIndiana code base and found it rife with potential issues. For example, in the hsfs file system, there are no pointer assertions to protect against null pointers:<p><a href=""http://src.illumos.org/source/xref/illumos-gate/usr/src/common/fs/hsfs.c"" rel=""nofollow"">http://src.illumos.org/source/xref/illumos-gate/usr/src/comm...</a><p>lines 158 thru 171... are just one example.<p>While yes, you could find this anywhere in any code base, we're talking about OpenIndiana. If this kind of issue is present in the file system handler, there's NO way this project is ready for prime time, never mind a production release.",1340508031
66,4152480,story,,,2,0,craigkerstiens,Dynamically Rendering GitHub Files in Web Pages,http://www.jamesward.com/2012/06/15/dynamically-rendering-github-files-in-web-pages,,1340507960
67,4152479,comment,4150951.0,4150951.0,1,0,jsz0,,,"This seems to happen anytime people are forced to make a choice from a limited number of options. Everything from sports, to politics, to consumer electronics of different types. I think it's because our brains are really good at comparing two or three things. It may even be that we have a sort of obsession with comparing things. We just can't help ourselves. When your available options expand though it becomes far more difficult to compare. The thrill of comparing two objects and reaching the correct conclusion is gone at that point. The stakes are also much lower. Few people are going to sit down and compare a dozen different things so even if we do make the <i>wrong</i> choice no one is going to notice.",1340507939
68,4152478,comment,4150701.0,4151503.0,3,0,sliverstorm,,,"They made 1,200 of the things. Failing to be wealthy enough to own such a limited-production car is only called ""failure"" by a very few.",1340507850
69,4152477,comment,4150951.0,4151035.0,1,0,TeMPOraL,,,"<a href=""http://paulgraham.com/identity.html"" rel=""nofollow"">http://paulgraham.com/identity.html</a><p><a href=""http://lesswrong.com/lw/gt/a_fable_of_science_and_politics"" rel=""nofollow"">http://lesswrong.com/lw/gt/a_fable_of_science_and_politics</a>",1340507748
70,4152476,comment,4152402.0,4152402.0,25,0,Alex3917,,,"The other day I made an eBay account, and in order to raise the maximum sale amount beyond $1000 eBay made me answer personal questions about my relatives, information that they had apparently found out from some commercial database, which I'm sure will then be fed back into that database. Not really sure how I feel about that.",1340507737
71,4152475,comment,4151958.0,4152094.0,2,0,politician,,,Sometimes the companies do it to themselves: Digg succeeded in defeating the network effect. CL is certainly aware of <i>that</i> fiasco.,1340507688
72,4152474,comment,4148435.0,4151971.0,1,0,riobard,,,"iFixit seemed to suggest the panel is from LG Phillips. I doubt Apple have much to do with the panel per se, but the actual design of the new cover glass and the way they make it that thin might be patentable.",1340507529
73,4152473,comment,4151336.0,4152233.0,0,0,WalterSear,,,That sounds about the standard.,1340507327
74,4152472,comment,4151958.0,4152077.0,1,0,dedward,,,"There are tons of reasons why Craigslist, as a business, may have taken this road, from a simple ""less hassle for us"" down the road to ""we're building our own stuff"" to. who knows.  They're a private business - they can do what they want - we don't get to demand insight.<p>The vast majority of their users don't give a hoot about whether or not other parties have a way to wrap up craigslist data and do stuff with it.<p>The whole point of the Internet is that it's a collecation of independently run networks that can communicate. \nThe point of the WWW is to serve hyeprlinked pages to people.\nThere IS NO POINT to the internet - it just happened, and here we are.",1340507277
75,4152471,comment,4151958.0,4151958.0,9,0,m0th87,,,"And nobody owes Craigslist, LinkedIn, or Netflix anything either. They can act as shitty as they want, but nobody should be surprised when it gives them bad press.",1340507249
76,4152470,comment,4151958.0,4152387.0,1,0,waterlesscloud,,,"The users are also within their rights to request that Craigslist share that information with third parties via an api, or by scraping for that matter.<p>The point is that Craigslist is not the only side in the transaction and should not be presumed to be able to set the terms on their own.",1340507247
77,4152469,comment,4152402.0,4152402.0,5,0,nextstep,,,"Paranoid Linux used to do something similar.  The concept was lots of seemingly real browsing traffic would be randomly generated through your computer, and this would add a significant amount of noise to the total web browser traffic to your machine.",1340507188
78,4152468,comment,4149943.0,4152003.0,2,0,zanny,,,I want in on this free food!  Living on the beach doesn't sound like it has good internet connectivity though.,1340507168
79,4152467,story,,,4,6,projectmeshnet,The OpenIndiana community,https://ezcrypt.it/Ig5n#fjJaG6fHivOZsKzHzwScxU2Q,,1340507117
80,4152466,comment,4151327.0,4151327.0,7,0,mahmud,,,I have heard of duck-typing but not duckface-typing.,1340507038
81,4152465,comment,4150927.0,4150927.0,5,0,Alex3917,,,"For what it's worth:<p>""21% of patients with bipolar disorder and a diagnosis of severe substance abuse (alcohol or illegal drugs) were convicted of violent crimes, compared to 5% of those with bipolar disorder but without substance abuse, 5% among the unaffected siblings of bipolar patients, and 3% among general public control individuals.""<p>Source: <a href=""http://www.ncbi.nlm.nih.gov/pubmed/20819987"" rel=""nofollow"">http://www.ncbi.nlm.nih.gov/pubmed/20819987</a><p>I haven't actually read the study much less the rest of the research on this, but the actual statistics on this (whatever they are) seemed conspicuously absent from this article. In fact there really really no statistics whatsoever. It's a heart wrenching story, but there are good reasons why it's generally not a bad idea to create public policy based solely on individual cases.<p>Granted there isn't nearly as much research as there should be, and at some level you eventually do have to go with your get because of that, but at the same time there is a hell of a lot more evidence than was presented.",1340507030
82,4152464,story,,,1,0,ptrklly,Wired article providing insight into Craig Newmark,http://www.wired.com/entertainment/theweb/magazine/17-09/ff_craigslist,,1340507003
83,4152463,comment,4150495.0,4150641.0,1,0,gwern,,,"> This is surely crucial.<p>And worth investigating, surely? If it is genetic, then this may be testable via his relatives, or more intrusively, his remains.",1340506861
84,4152462,comment,4151327.0,4151327.0,10,0,protomyth,,,"I just have this sick worry that some company will do something like this and use it as part of the code review.<p>""You don't look confident in the picture, is there some reason for that?""",1340506833
