,col0,col1,col2,col3,col4,col5,col6,col7,col8
0,0,5,한 학기 동안의 꿈 같은 미국 생활..,생물학과,학부,2005,/partner/expReport.asp?id=1550&page=1&bgbn=R,1,0.8397658467292786
1,1,4,Brown University -송운경,영어영문학전공,학부,2000-2001,/partner/expReport.asp?id=321&page=1&bgbn=R,1,0.5123575925827026
2,2,3,Brown Univ.-김은형,영어영문학전공,학부,1999-2000,/partner/expReport.asp?id=145&page=1&bgbn=R,0,0.6099024415016174
3,3,2,Brown Univ.-이다인,인문학부,학부,1999-2000,/partner/expReport.asp?id=98&page=1&bgbn=R,1,0.3152661919593811
4,4,1,Brown University-지유리,인문학부,학부,1998-1999,/partner/expReport.asp?id=92&page=1&bgbn=R,1,0.44000282883644093
