,col0,col1,col2,col3,col4,col5,col6,col7,col8,col9,col10
0,wextract.exe,136192,2,3107484422,2068-06-21T06:07:02.000Z,imports,advapi32.dll,EqualSid,3035914df08e473a10745c662047a63d,c352fd23e19b69e7543d39105a7888a2ef2f7a81372cedaf730fcc312dad803f,c:\Windows\SysWOW64\wextract.exe
1,wextract.exe,136192,2,3107484422,2068-06-21T06:07:02.000Z,imports,advapi32.dll,FreeSid,3035914df08e473a10745c662047a63d,c352fd23e19b69e7543d39105a7888a2ef2f7a81372cedaf730fcc312dad803f,c:\Windows\SysWOW64\wextract.exe
2,wextract.exe,136192,2,3107484422,2068-06-21T06:07:02.000Z,imports,advapi32.dll,GetTokenInformation,3035914df08e473a10745c662047a63d,c352fd23e19b69e7543d39105a7888a2ef2f7a81372cedaf730fcc312dad803f,c:\Windows\SysWOW64\wextract.exe
3,wextract.exe,136192,2,3107484422,2068-06-21T06:07:02.000Z,imports,advapi32.dll,LookupPrivilegeValueA,3035914df08e473a10745c662047a63d,c352fd23e19b69e7543d39105a7888a2ef2f7a81372cedaf730fcc312dad803f,c:\Windows\SysWOW64\wextract.exe
4,wextract.exe,136192,2,3107484422,2068-06-21T06:07:02.000Z,imports,advapi32.dll,OpenProcessToken,3035914df08e473a10745c662047a63d,c352fd23e19b69e7543d39105a7888a2ef2f7a81372cedaf730fcc312dad803f,c:\Windows\SysWOW64\wextract.exe
5,wextract.exe,136192,2,3107484422,2068-06-21T06:07:02.000Z,imports,advapi32.dll,RegCloseKey,3035914df08e473a10745c662047a63d,c352fd23e19b69e7543d39105a7888a2ef2f7a81372cedaf730fcc312dad803f,c:\Windows\SysWOW64\wextract.exe
6,wextract.exe,136192,2,3107484422,2068-06-21T06:07:02.000Z,imports,advapi32.dll,RegCreateKeyExA,3035914df08e473a10745c662047a63d,c352fd23e19b69e7543d39105a7888a2ef2f7a81372cedaf730fcc312dad803f,c:\Windows\SysWOW64\wextract.exe
7,wextract.exe,136192,2,3107484422,2068-06-21T06:07:02.000Z,imports,advapi32.dll,RegDeleteValueA,3035914df08e473a10745c662047a63d,c352fd23e19b69e7543d39105a7888a2ef2f7a81372cedaf730fcc312dad803f,c:\Windows\SysWOW64\wextract.exe
8,wextract.exe,136192,2,3107484422,2068-06-21T06:07:02.000Z,imports,advapi32.dll,RegOpenKeyExA,3035914df08e473a10745c662047a63d,c352fd23e19b69e7543d39105a7888a2ef2f7a81372cedaf730fcc312dad803f,c:\Windows\SysWOW64\wextract.exe
9,wextract.exe,136192,2,3107484422,2068-06-21T06:07:02.000Z,imports,advapi32.dll,RegQueryInfoKeyA,3035914df08e473a10745c662047a63d,c352fd23e19b69e7543d39105a7888a2ef2f7a81372cedaf730fcc312dad803f,c:\Windows\SysWOW64\wextract.exe
10,wextract.exe,136192,2,3107484422,2068-06-21T06:07:02.000Z,imports,advapi32.dll,RegQueryValueExA,3035914df08e473a10745c662047a63d,c352fd23e19b69e7543d39105a7888a2ef2f7a81372cedaf730fcc312dad803f,c:\Windows\SysWOW64\wextract.exe
11,wextract.exe,136192,2,3107484422,2068-06-21T06:07:02.000Z,imports,advapi32.dll,RegSetValueExA,3035914df08e473a10745c662047a63d,c352fd23e19b69e7543d39105a7888a2ef2f7a81372cedaf730fcc312dad803f,c:\Windows\SysWOW64\wextract.exe
12,wextract.exe,136192,2,3107484422,2068-06-21T06:07:02.000Z,imports,kernel32.dll,CloseHandle,3035914df08e473a10745c662047a63d,c352fd23e19b69e7543d39105a7888a2ef2f7a81372cedaf730fcc312dad803f,c:\Windows\SysWOW64\wextract.exe
13,wextract.exe,136192,2,3107484422,2068-06-21T06:07:02.000Z,imports,kernel32.dll,CompareStringA,3035914df08e473a10745c662047a63d,c352fd23e19b69e7543d39105a7888a2ef2f7a81372cedaf730fcc312dad803f,c:\Windows\SysWOW64\wextract.exe
14,wextract.exe,136192,2,3107484422,2068-06-21T06:07:02.000Z,imports,kernel32.dll,CreateDirectoryA,3035914df08e473a10745c662047a63d,c352fd23e19b69e7543d39105a7888a2ef2f7a81372cedaf730fcc312dad803f,c:\Windows\SysWOW64\wextract.exe
15,wextract.exe,136192,2,3107484422,2068-06-21T06:07:02.000Z,imports,kernel32.dll,CreateEventA,3035914df08e473a10745c662047a63d,c352fd23e19b69e7543d39105a7888a2ef2f7a81372cedaf730fcc312dad803f,c:\Windows\SysWOW64\wextract.exe
16,wextract.exe,136192,2,3107484422,2068-06-21T06:07:02.000Z,imports,kernel32.dll,CreateFileA,3035914df08e473a10745c662047a63d,c352fd23e19b69e7543d39105a7888a2ef2f7a81372cedaf730fcc312dad803f,c:\Windows\SysWOW64\wextract.exe
17,wextract.exe,136192,2,3107484422,2068-06-21T06:07:02.000Z,imports,kernel32.dll,CreateMutexA,3035914df08e473a10745c662047a63d,c352fd23e19b69e7543d39105a7888a2ef2f7a81372cedaf730fcc312dad803f,c:\Windows\SysWOW64\wextract.exe
18,wextract.exe,136192,2,3107484422,2068-06-21T06:07:02.000Z,imports,kernel32.dll,CreateProcessA,3035914df08e473a10745c662047a63d,c352fd23e19b69e7543d39105a7888a2ef2f7a81372cedaf730fcc312dad803f,c:\Windows\SysWOW64\wextract.exe
19,wextract.exe,136192,2,3107484422,2068-06-21T06:07:02.000Z,imports,kernel32.dll,CreateThread,3035914df08e473a10745c662047a63d,c352fd23e19b69e7543d39105a7888a2ef2f7a81372cedaf730fcc312dad803f,c:\Windows\SysWOW64\wextract.exe
20,wextract.exe,136192,2,3107484422,2068-06-21T06:07:02.000Z,imports,kernel32.dll,DeleteFileA,3035914df08e473a10745c662047a63d,c352fd23e19b69e7543d39105a7888a2ef2f7a81372cedaf730fcc312dad803f,c:\Windows\SysWOW64\wextract.exe
21,wextract.exe,136192,2,3107484422,2068-06-21T06:07:02.000Z,imports,kernel32.dll,DosDateTimeToFileTime,3035914df08e473a10745c662047a63d,c352fd23e19b69e7543d39105a7888a2ef2f7a81372cedaf730fcc312dad803f,c:\Windows\SysWOW64\wextract.exe
22,wextract.exe,136192,2,3107484422,2068-06-21T06:07:02.000Z,imports,kernel32.dll,EnumResourceLanguagesA,3035914df08e473a10745c662047a63d,c352fd23e19b69e7543d39105a7888a2ef2f7a81372cedaf730fcc312dad803f,c:\Windows\SysWOW64\wextract.exe
23,wextract.exe,136192,2,3107484422,2068-06-21T06:07:02.000Z,imports,kernel32.dll,ExitProcess,3035914df08e473a10745c662047a63d,c352fd23e19b69e7543d39105a7888a2ef2f7a81372cedaf730fcc312dad803f,c:\Windows\SysWOW64\wextract.exe
24,wextract.exe,136192,2,3107484422,2068-06-21T06:07:02.000Z,imports,kernel32.dll,ExpandEnvironmentStringsA,3035914df08e473a10745c662047a63d,c352fd23e19b69e7543d39105a7888a2ef2f7a81372cedaf730fcc312dad803f,c:\Windows\SysWOW64\wextract.exe
25,wextract.exe,136192,2,3107484422,2068-06-21T06:07:02.000Z,imports,kernel32.dll,FindClose,3035914df08e473a10745c662047a63d,c352fd23e19b69e7543d39105a7888a2ef2f7a81372cedaf730fcc312dad803f,c:\Windows\SysWOW64\wextract.exe
26,wextract.exe,136192,2,3107484422,2068-06-21T06:07:02.000Z,imports,kernel32.dll,FindFirstFileA,3035914df08e473a10745c662047a63d,c352fd23e19b69e7543d39105a7888a2ef2f7a81372cedaf730fcc312dad803f,c:\Windows\SysWOW64\wextract.exe
27,wextract.exe,136192,2,3107484422,2068-06-21T06:07:02.000Z,imports,kernel32.dll,FindNextFileA,3035914df08e473a10745c662047a63d,c352fd23e19b69e7543d39105a7888a2ef2f7a81372cedaf730fcc312dad803f,c:\Windows\SysWOW64\wextract.exe
28,wextract.exe,136192,2,3107484422,2068-06-21T06:07:02.000Z,imports,kernel32.dll,FindResourceA,3035914df08e473a10745c662047a63d,c352fd23e19b69e7543d39105a7888a2ef2f7a81372cedaf730fcc312dad803f,c:\Windows\SysWOW64\wextract.exe
29,wextract.exe,136192,2,3107484422,2068-06-21T06:07:02.000Z,imports,kernel32.dll,FormatMessageA,3035914df08e473a10745c662047a63d,c352fd23e19b69e7543d39105a7888a2ef2f7a81372cedaf730fcc312dad803f,c:\Windows\SysWOW64\wextract.exe
30,wextract.exe,136192,2,3107484422,2068-06-21T06:07:02.000Z,imports,kernel32.dll,FreeLibrary,3035914df08e473a10745c662047a63d,c352fd23e19b69e7543d39105a7888a2ef2f7a81372cedaf730fcc312dad803f,c:\Windows\SysWOW64\wextract.exe
31,wextract.exe,136192,2,3107484422,2068-06-21T06:07:02.000Z,imports,kernel32.dll,FreeResource,3035914df08e473a10745c662047a63d,c352fd23e19b69e7543d39105a7888a2ef2f7a81372cedaf730fcc312dad803f,c:\Windows\SysWOW64\wextract.exe
32,wextract.exe,136192,2,3107484422,2068-06-21T06:07:02.000Z,imports,kernel32.dll,GetCurrentDirectoryA,3035914df08e473a10745c662047a63d,c352fd23e19b69e7543d39105a7888a2ef2f7a81372cedaf730fcc312dad803f,c:\Windows\SysWOW64\wextract.exe
33,wextract.exe,136192,2,3107484422,2068-06-21T06:07:02.000Z,imports,kernel32.dll,GetCurrentProcess,3035914df08e473a10745c662047a63d,c352fd23e19b69e7543d39105a7888a2ef2f7a81372cedaf730fcc312dad803f,c:\Windows\SysWOW64\wextract.exe
34,wextract.exe,136192,2,3107484422,2068-06-21T06:07:02.000Z,imports,kernel32.dll,GetCurrentProcessId,3035914df08e473a10745c662047a63d,c352fd23e19b69e7543d39105a7888a2ef2f7a81372cedaf730fcc312dad803f,c:\Windows\SysWOW64\wextract.exe
35,wextract.exe,136192,2,3107484422,2068-06-21T06:07:02.000Z,imports,kernel32.dll,GetCurrentThreadId,3035914df08e473a10745c662047a63d,c352fd23e19b69e7543d39105a7888a2ef2f7a81372cedaf730fcc312dad803f,c:\Windows\SysWOW64\wextract.exe
36,wextract.exe,136192,2,3107484422,2068-06-21T06:07:02.000Z,imports,kernel32.dll,GetDiskFreeSpaceA,3035914df08e473a10745c662047a63d,c352fd23e19b69e7543d39105a7888a2ef2f7a81372cedaf730fcc312dad803f,c:\Windows\SysWOW64\wextract.exe
37,wextract.exe,136192,2,3107484422,2068-06-21T06:07:02.000Z,imports,kernel32.dll,GetDriveTypeA,3035914df08e473a10745c662047a63d,c352fd23e19b69e7543d39105a7888a2ef2f7a81372cedaf730fcc312dad803f,c:\Windows\SysWOW64\wextract.exe
38,wextract.exe,136192,2,3107484422,2068-06-21T06:07:02.000Z,imports,kernel32.dll,GetExitCodeProcess,3035914df08e473a10745c662047a63d,c352fd23e19b69e7543d39105a7888a2ef2f7a81372cedaf730fcc312dad803f,c:\Windows\SysWOW64\wextract.exe
39,wextract.exe,136192,2,3107484422,2068-06-21T06:07:02.000Z,imports,kernel32.dll,GetFileAttributesA,3035914df08e473a10745c662047a63d,c352fd23e19b69e7543d39105a7888a2ef2f7a81372cedaf730fcc312dad803f,c:\Windows\SysWOW64\wextract.exe
40,wextract.exe,136192,2,3107484422,2068-06-21T06:07:02.000Z,imports,kernel32.dll,GetLastError,3035914df08e473a10745c662047a63d,c352fd23e19b69e7543d39105a7888a2ef2f7a81372cedaf730fcc312dad803f,c:\Windows\SysWOW64\wextract.exe
41,wextract.exe,136192,2,3107484422,2068-06-21T06:07:02.000Z,imports,kernel32.dll,GetModuleFileNameA,3035914df08e473a10745c662047a63d,c352fd23e19b69e7543d39105a7888a2ef2f7a81372cedaf730fcc312dad803f,c:\Windows\SysWOW64\wextract.exe
42,wextract.exe,136192,2,3107484422,2068-06-21T06:07:02.000Z,imports,kernel32.dll,GetModuleHandleW,3035914df08e473a10745c662047a63d,c352fd23e19b69e7543d39105a7888a2ef2f7a81372cedaf730fcc312dad803f,c:\Windows\SysWOW64\wextract.exe
43,wextract.exe,136192,2,3107484422,2068-06-21T06:07:02.000Z,imports,kernel32.dll,GetPrivateProfileIntA,3035914df08e473a10745c662047a63d,c352fd23e19b69e7543d39105a7888a2ef2f7a81372cedaf730fcc312dad803f,c:\Windows\SysWOW64\wextract.exe
44,wextract.exe,136192,2,3107484422,2068-06-21T06:07:02.000Z,imports,kernel32.dll,GetPrivateProfileStringA,3035914df08e473a10745c662047a63d,c352fd23e19b69e7543d39105a7888a2ef2f7a81372cedaf730fcc312dad803f,c:\Windows\SysWOW64\wextract.exe
45,wextract.exe,136192,2,3107484422,2068-06-21T06:07:02.000Z,imports,kernel32.dll,GetProcAddress,3035914df08e473a10745c662047a63d,c352fd23e19b69e7543d39105a7888a2ef2f7a81372cedaf730fcc312dad803f,c:\Windows\SysWOW64\wextract.exe
46,wextract.exe,136192,2,3107484422,2068-06-21T06:07:02.000Z,imports,kernel32.dll,GetShortPathNameA,3035914df08e473a10745c662047a63d,c352fd23e19b69e7543d39105a7888a2ef2f7a81372cedaf730fcc312dad803f,c:\Windows\SysWOW64\wextract.exe
47,wextract.exe,136192,2,3107484422,2068-06-21T06:07:02.000Z,imports,kernel32.dll,GetStartupInfoW,3035914df08e473a10745c662047a63d,c352fd23e19b69e7543d39105a7888a2ef2f7a81372cedaf730fcc312dad803f,c:\Windows\SysWOW64\wextract.exe
48,wextract.exe,136192,2,3107484422,2068-06-21T06:07:02.000Z,imports,kernel32.dll,GetSystemDirectoryA,3035914df08e473a10745c662047a63d,c352fd23e19b69e7543d39105a7888a2ef2f7a81372cedaf730fcc312dad803f,c:\Windows\SysWOW64\wextract.exe
49,wextract.exe,136192,2,3107484422,2068-06-21T06:07:02.000Z,imports,kernel32.dll,GetSystemInfo,3035914df08e473a10745c662047a63d,c352fd23e19b69e7543d39105a7888a2ef2f7a81372cedaf730fcc312dad803f,c:\Windows\SysWOW64\wextract.exe
50,wextract.exe,136192,2,3107484422,2068-06-21T06:07:02.000Z,imports,kernel32.dll,GetSystemTimeAsFileTime,3035914df08e473a10745c662047a63d,c352fd23e19b69e7543d39105a7888a2ef2f7a81372cedaf730fcc312dad803f,c:\Windows\SysWOW64\wextract.exe
51,wextract.exe,136192,2,3107484422,2068-06-21T06:07:02.000Z,imports,kernel32.dll,GetTempFileNameA,3035914df08e473a10745c662047a63d,c352fd23e19b69e7543d39105a7888a2ef2f7a81372cedaf730fcc312dad803f,c:\Windows\SysWOW64\wextract.exe
52,wextract.exe,136192,2,3107484422,2068-06-21T06:07:02.000Z,imports,kernel32.dll,GetTempPathA,3035914df08e473a10745c662047a63d,c352fd23e19b69e7543d39105a7888a2ef2f7a81372cedaf730fcc312dad803f,c:\Windows\SysWOW64\wextract.exe
53,wextract.exe,136192,2,3107484422,2068-06-21T06:07:02.000Z,imports,kernel32.dll,GetTickCount,3035914df08e473a10745c662047a63d,c352fd23e19b69e7543d39105a7888a2ef2f7a81372cedaf730fcc312dad803f,c:\Windows\SysWOW64\wextract.exe
54,wextract.exe,136192,2,3107484422,2068-06-21T06:07:02.000Z,imports,kernel32.dll,GetVersion,3035914df08e473a10745c662047a63d,c352fd23e19b69e7543d39105a7888a2ef2f7a81372cedaf730fcc312dad803f,c:\Windows\SysWOW64\wextract.exe
55,wextract.exe,136192,2,3107484422,2068-06-21T06:07:02.000Z,imports,kernel32.dll,GetVersionExA,3035914df08e473a10745c662047a63d,c352fd23e19b69e7543d39105a7888a2ef2f7a81372cedaf730fcc312dad803f,c:\Windows\SysWOW64\wextract.exe
56,wextract.exe,136192,2,3107484422,2068-06-21T06:07:02.000Z,imports,kernel32.dll,GetVolumeInformationA,3035914df08e473a10745c662047a63d,c352fd23e19b69e7543d39105a7888a2ef2f7a81372cedaf730fcc312dad803f,c:\Windows\SysWOW64\wextract.exe
57,wextract.exe,136192,2,3107484422,2068-06-21T06:07:02.000Z,imports,kernel32.dll,GetWindowsDirectoryA,3035914df08e473a10745c662047a63d,c352fd23e19b69e7543d39105a7888a2ef2f7a81372cedaf730fcc312dad803f,c:\Windows\SysWOW64\wextract.exe
58,wextract.exe,136192,2,3107484422,2068-06-21T06:07:02.000Z,imports,kernel32.dll,GlobalAlloc,3035914df08e473a10745c662047a63d,c352fd23e19b69e7543d39105a7888a2ef2f7a81372cedaf730fcc312dad803f,c:\Windows\SysWOW64\wextract.exe
59,wextract.exe,136192,2,3107484422,2068-06-21T06:07:02.000Z,imports,kernel32.dll,GlobalFree,3035914df08e473a10745c662047a63d,c352fd23e19b69e7543d39105a7888a2ef2f7a81372cedaf730fcc312dad803f,c:\Windows\SysWOW64\wextract.exe
60,wextract.exe,136192,2,3107484422,2068-06-21T06:07:02.000Z,imports,kernel32.dll,GlobalLock,3035914df08e473a10745c662047a63d,c352fd23e19b69e7543d39105a7888a2ef2f7a81372cedaf730fcc312dad803f,c:\Windows\SysWOW64\wextract.exe
61,wextract.exe,136192,2,3107484422,2068-06-21T06:07:02.000Z,imports,kernel32.dll,GlobalUnlock,3035914df08e473a10745c662047a63d,c352fd23e19b69e7543d39105a7888a2ef2f7a81372cedaf730fcc312dad803f,c:\Windows\SysWOW64\wextract.exe
62,wextract.exe,136192,2,3107484422,2068-06-21T06:07:02.000Z,imports,kernel32.dll,IsDBCSLeadByte,3035914df08e473a10745c662047a63d,c352fd23e19b69e7543d39105a7888a2ef2f7a81372cedaf730fcc312dad803f,c:\Windows\SysWOW64\wextract.exe
63,wextract.exe,136192,2,3107484422,2068-06-21T06:07:02.000Z,imports,kernel32.dll,LoadLibraryA,3035914df08e473a10745c662047a63d,c352fd23e19b69e7543d39105a7888a2ef2f7a81372cedaf730fcc312dad803f,c:\Windows\SysWOW64\wextract.exe
64,wextract.exe,136192,2,3107484422,2068-06-21T06:07:02.000Z,imports,kernel32.dll,LoadLibraryExA,3035914df08e473a10745c662047a63d,c352fd23e19b69e7543d39105a7888a2ef2f7a81372cedaf730fcc312dad803f,c:\Windows\SysWOW64\wextract.exe
65,wextract.exe,136192,2,3107484422,2068-06-21T06:07:02.000Z,imports,kernel32.dll,LoadResource,3035914df08e473a10745c662047a63d,c352fd23e19b69e7543d39105a7888a2ef2f7a81372cedaf730fcc312dad803f,c:\Windows\SysWOW64\wextract.exe
66,wextract.exe,136192,2,3107484422,2068-06-21T06:07:02.000Z,imports,kernel32.dll,LocalAlloc,3035914df08e473a10745c662047a63d,c352fd23e19b69e7543d39105a7888a2ef2f7a81372cedaf730fcc312dad803f,c:\Windows\SysWOW64\wextract.exe
67,wextract.exe,136192,2,3107484422,2068-06-21T06:07:02.000Z,imports,kernel32.dll,LocalFileTimeToFileTime,3035914df08e473a10745c662047a63d,c352fd23e19b69e7543d39105a7888a2ef2f7a81372cedaf730fcc312dad803f,c:\Windows\SysWOW64\wextract.exe
68,wextract.exe,136192,2,3107484422,2068-06-21T06:07:02.000Z,imports,kernel32.dll,LocalFree,3035914df08e473a10745c662047a63d,c352fd23e19b69e7543d39105a7888a2ef2f7a81372cedaf730fcc312dad803f,c:\Windows\SysWOW64\wextract.exe
69,wextract.exe,136192,2,3107484422,2068-06-21T06:07:02.000Z,imports,kernel32.dll,LockResource,3035914df08e473a10745c662047a63d,c352fd23e19b69e7543d39105a7888a2ef2f7a81372cedaf730fcc312dad803f,c:\Windows\SysWOW64\wextract.exe
70,wextract.exe,136192,2,3107484422,2068-06-21T06:07:02.000Z,imports,kernel32.dll,MulDiv,3035914df08e473a10745c662047a63d,c352fd23e19b69e7543d39105a7888a2ef2f7a81372cedaf730fcc312dad803f,c:\Windows\SysWOW64\wextract.exe
71,wextract.exe,136192,2,3107484422,2068-06-21T06:07:02.000Z,imports,kernel32.dll,QueryPerformanceCounter,3035914df08e473a10745c662047a63d,c352fd23e19b69e7543d39105a7888a2ef2f7a81372cedaf730fcc312dad803f,c:\Windows\SysWOW64\wextract.exe
72,wextract.exe,136192,2,3107484422,2068-06-21T06:07:02.000Z,imports,kernel32.dll,ReadFile,3035914df08e473a10745c662047a63d,c352fd23e19b69e7543d39105a7888a2ef2f7a81372cedaf730fcc312dad803f,c:\Windows\SysWOW64\wextract.exe
73,wextract.exe,136192,2,3107484422,2068-06-21T06:07:02.000Z,imports,kernel32.dll,RemoveDirectoryA,3035914df08e473a10745c662047a63d,c352fd23e19b69e7543d39105a7888a2ef2f7a81372cedaf730fcc312dad803f,c:\Windows\SysWOW64\wextract.exe
74,wextract.exe,136192,2,3107484422,2068-06-21T06:07:02.000Z,imports,kernel32.dll,ResetEvent,3035914df08e473a10745c662047a63d,c352fd23e19b69e7543d39105a7888a2ef2f7a81372cedaf730fcc312dad803f,c:\Windows\SysWOW64\wextract.exe
75,wextract.exe,136192,2,3107484422,2068-06-21T06:07:02.000Z,imports,kernel32.dll,SetCurrentDirectoryA,3035914df08e473a10745c662047a63d,c352fd23e19b69e7543d39105a7888a2ef2f7a81372cedaf730fcc312dad803f,c:\Windows\SysWOW64\wextract.exe
76,wextract.exe,136192,2,3107484422,2068-06-21T06:07:02.000Z,imports,kernel32.dll,SetEvent,3035914df08e473a10745c662047a63d,c352fd23e19b69e7543d39105a7888a2ef2f7a81372cedaf730fcc312dad803f,c:\Windows\SysWOW64\wextract.exe
77,wextract.exe,136192,2,3107484422,2068-06-21T06:07:02.000Z,imports,kernel32.dll,SetFileAttributesA,3035914df08e473a10745c662047a63d,c352fd23e19b69e7543d39105a7888a2ef2f7a81372cedaf730fcc312dad803f,c:\Windows\SysWOW64\wextract.exe
78,wextract.exe,136192,2,3107484422,2068-06-21T06:07:02.000Z,imports,kernel32.dll,SetFilePointer,3035914df08e473a10745c662047a63d,c352fd23e19b69e7543d39105a7888a2ef2f7a81372cedaf730fcc312dad803f,c:\Windows\SysWOW64\wextract.exe
79,wextract.exe,136192,2,3107484422,2068-06-21T06:07:02.000Z,imports,kernel32.dll,SetFileTime,3035914df08e473a10745c662047a63d,c352fd23e19b69e7543d39105a7888a2ef2f7a81372cedaf730fcc312dad803f,c:\Windows\SysWOW64\wextract.exe
80,wextract.exe,136192,2,3107484422,2068-06-21T06:07:02.000Z,imports,kernel32.dll,SetUnhandledExceptionFilter,3035914df08e473a10745c662047a63d,c352fd23e19b69e7543d39105a7888a2ef2f7a81372cedaf730fcc312dad803f,c:\Windows\SysWOW64\wextract.exe
81,wextract.exe,136192,2,3107484422,2068-06-21T06:07:02.000Z,imports,kernel32.dll,SizeofResource,3035914df08e473a10745c662047a63d,c352fd23e19b69e7543d39105a7888a2ef2f7a81372cedaf730fcc312dad803f,c:\Windows\SysWOW64\wextract.exe
82,wextract.exe,136192,2,3107484422,2068-06-21T06:07:02.000Z,imports,kernel32.dll,Sleep,3035914df08e473a10745c662047a63d,c352fd23e19b69e7543d39105a7888a2ef2f7a81372cedaf730fcc312dad803f,c:\Windows\SysWOW64\wextract.exe
83,wextract.exe,136192,2,3107484422,2068-06-21T06:07:02.000Z,imports,kernel32.dll,TerminateProcess,3035914df08e473a10745c662047a63d,c352fd23e19b69e7543d39105a7888a2ef2f7a81372cedaf730fcc312dad803f,c:\Windows\SysWOW64\wextract.exe
84,wextract.exe,136192,2,3107484422,2068-06-21T06:07:02.000Z,imports,kernel32.dll,TerminateThread,3035914df08e473a10745c662047a63d,c352fd23e19b69e7543d39105a7888a2ef2f7a81372cedaf730fcc312dad803f,c:\Windows\SysWOW64\wextract.exe
85,wextract.exe,136192,2,3107484422,2068-06-21T06:07:02.000Z,imports,kernel32.dll,UnhandledExceptionFilter,3035914df08e473a10745c662047a63d,c352fd23e19b69e7543d39105a7888a2ef2f7a81372cedaf730fcc312dad803f,c:\Windows\SysWOW64\wextract.exe
86,wextract.exe,136192,2,3107484422,2068-06-21T06:07:02.000Z,imports,kernel32.dll,WaitForSingleObject,3035914df08e473a10745c662047a63d,c352fd23e19b69e7543d39105a7888a2ef2f7a81372cedaf730fcc312dad803f,c:\Windows\SysWOW64\wextract.exe
87,wextract.exe,136192,2,3107484422,2068-06-21T06:07:02.000Z,imports,kernel32.dll,WriteFile,3035914df08e473a10745c662047a63d,c352fd23e19b69e7543d39105a7888a2ef2f7a81372cedaf730fcc312dad803f,c:\Windows\SysWOW64\wextract.exe
88,wextract.exe,136192,2,3107484422,2068-06-21T06:07:02.000Z,imports,kernel32.dll,WritePrivateProfileStringA,3035914df08e473a10745c662047a63d,c352fd23e19b69e7543d39105a7888a2ef2f7a81372cedaf730fcc312dad803f,c:\Windows\SysWOW64\wextract.exe
89,wextract.exe,136192,2,3107484422,2068-06-21T06:07:02.000Z,imports,kernel32.dll,_lclose,3035914df08e473a10745c662047a63d,c352fd23e19b69e7543d39105a7888a2ef2f7a81372cedaf730fcc312dad803f,c:\Windows\SysWOW64\wextract.exe
90,wextract.exe,136192,2,3107484422,2068-06-21T06:07:02.000Z,imports,kernel32.dll,_llseek,3035914df08e473a10745c662047a63d,c352fd23e19b69e7543d39105a7888a2ef2f7a81372cedaf730fcc312dad803f,c:\Windows\SysWOW64\wextract.exe
91,wextract.exe,136192,2,3107484422,2068-06-21T06:07:02.000Z,imports,kernel32.dll,_lopen,3035914df08e473a10745c662047a63d,c352fd23e19b69e7543d39105a7888a2ef2f7a81372cedaf730fcc312dad803f,c:\Windows\SysWOW64\wextract.exe
92,wextract.exe,136192,2,3107484422,2068-06-21T06:07:02.000Z,imports,kernel32.dll,lstrcmpA,3035914df08e473a10745c662047a63d,c352fd23e19b69e7543d39105a7888a2ef2f7a81372cedaf730fcc312dad803f,c:\Windows\SysWOW64\wextract.exe
93,wextract.exe,136192,2,3107484422,2068-06-21T06:07:02.000Z,imports,gdi32.dll,GetDeviceCaps,3035914df08e473a10745c662047a63d,c352fd23e19b69e7543d39105a7888a2ef2f7a81372cedaf730fcc312dad803f,c:\Windows\SysWOW64\wextract.exe
94,wextract.exe,136192,2,3107484422,2068-06-21T06:07:02.000Z,imports,user32.dll,CallWindowProcA,3035914df08e473a10745c662047a63d,c352fd23e19b69e7543d39105a7888a2ef2f7a81372cedaf730fcc312dad803f,c:\Windows\SysWOW64\wextract.exe
95,wextract.exe,136192,2,3107484422,2068-06-21T06:07:02.000Z,imports,user32.dll,CharNextA,3035914df08e473a10745c662047a63d,c352fd23e19b69e7543d39105a7888a2ef2f7a81372cedaf730fcc312dad803f,c:\Windows\SysWOW64\wextract.exe
96,wextract.exe,136192,2,3107484422,2068-06-21T06:07:02.000Z,imports,user32.dll,CharPrevA,3035914df08e473a10745c662047a63d,c352fd23e19b69e7543d39105a7888a2ef2f7a81372cedaf730fcc312dad803f,c:\Windows\SysWOW64\wextract.exe
97,wextract.exe,136192,2,3107484422,2068-06-21T06:07:02.000Z,imports,user32.dll,CharUpperA,3035914df08e473a10745c662047a63d,c352fd23e19b69e7543d39105a7888a2ef2f7a81372cedaf730fcc312dad803f,c:\Windows\SysWOW64\wextract.exe
98,wextract.exe,136192,2,3107484422,2068-06-21T06:07:02.000Z,imports,user32.dll,DialogBoxIndirectParamA,3035914df08e473a10745c662047a63d,c352fd23e19b69e7543d39105a7888a2ef2f7a81372cedaf730fcc312dad803f,c:\Windows\SysWOW64\wextract.exe
99,wextract.exe,136192,2,3107484422,2068-06-21T06:07:02.000Z,imports,user32.dll,DispatchMessageA,3035914df08e473a10745c662047a63d,c352fd23e19b69e7543d39105a7888a2ef2f7a81372cedaf730fcc312dad803f,c:\Windows\SysWOW64\wextract.exe
100,wextract.exe,136192,2,3107484422,2068-06-21T06:07:02.000Z,imports,user32.dll,EnableWindow,3035914df08e473a10745c662047a63d,c352fd23e19b69e7543d39105a7888a2ef2f7a81372cedaf730fcc312dad803f,c:\Windows\SysWOW64\wextract.exe
101,wextract.exe,136192,2,3107484422,2068-06-21T06:07:02.000Z,imports,user32.dll,EndDialog,3035914df08e473a10745c662047a63d,c352fd23e19b69e7543d39105a7888a2ef2f7a81372cedaf730fcc312dad803f,c:\Windows\SysWOW64\wextract.exe
102,wextract.exe,136192,2,3107484422,2068-06-21T06:07:02.000Z,imports,user32.dll,ExitWindowsEx,3035914df08e473a10745c662047a63d,c352fd23e19b69e7543d39105a7888a2ef2f7a81372cedaf730fcc312dad803f,c:\Windows\SysWOW64\wextract.exe
103,wextract.exe,136192,2,3107484422,2068-06-21T06:07:02.000Z,imports,user32.dll,GetDC,3035914df08e473a10745c662047a63d,c352fd23e19b69e7543d39105a7888a2ef2f7a81372cedaf730fcc312dad803f,c:\Windows\SysWOW64\wextract.exe
104,wextract.exe,136192,2,3107484422,2068-06-21T06:07:02.000Z,imports,user32.dll,GetDesktopWindow,3035914df08e473a10745c662047a63d,c352fd23e19b69e7543d39105a7888a2ef2f7a81372cedaf730fcc312dad803f,c:\Windows\SysWOW64\wextract.exe
105,wextract.exe,136192,2,3107484422,2068-06-21T06:07:02.000Z,imports,user32.dll,GetDlgItem,3035914df08e473a10745c662047a63d,c352fd23e19b69e7543d39105a7888a2ef2f7a81372cedaf730fcc312dad803f,c:\Windows\SysWOW64\wextract.exe
106,wextract.exe,136192,2,3107484422,2068-06-21T06:07:02.000Z,imports,user32.dll,GetDlgItemTextA,3035914df08e473a10745c662047a63d,c352fd23e19b69e7543d39105a7888a2ef2f7a81372cedaf730fcc312dad803f,c:\Windows\SysWOW64\wextract.exe
107,wextract.exe,136192,2,3107484422,2068-06-21T06:07:02.000Z,imports,user32.dll,GetSystemMetrics,3035914df08e473a10745c662047a63d,c352fd23e19b69e7543d39105a7888a2ef2f7a81372cedaf730fcc312dad803f,c:\Windows\SysWOW64\wextract.exe
108,wextract.exe,136192,2,3107484422,2068-06-21T06:07:02.000Z,imports,user32.dll,GetWindowLongA,3035914df08e473a10745c662047a63d,c352fd23e19b69e7543d39105a7888a2ef2f7a81372cedaf730fcc312dad803f,c:\Windows\SysWOW64\wextract.exe
109,wextract.exe,136192,2,3107484422,2068-06-21T06:07:02.000Z,imports,user32.dll,GetWindowRect,3035914df08e473a10745c662047a63d,c352fd23e19b69e7543d39105a7888a2ef2f7a81372cedaf730fcc312dad803f,c:\Windows\SysWOW64\wextract.exe
110,wextract.exe,136192,2,3107484422,2068-06-21T06:07:02.000Z,imports,user32.dll,LoadStringA,3035914df08e473a10745c662047a63d,c352fd23e19b69e7543d39105a7888a2ef2f7a81372cedaf730fcc312dad803f,c:\Windows\SysWOW64\wextract.exe
111,wextract.exe,136192,2,3107484422,2068-06-21T06:07:02.000Z,imports,user32.dll,MessageBeep,3035914df08e473a10745c662047a63d,c352fd23e19b69e7543d39105a7888a2ef2f7a81372cedaf730fcc312dad803f,c:\Windows\SysWOW64\wextract.exe
112,wextract.exe,136192,2,3107484422,2068-06-21T06:07:02.000Z,imports,user32.dll,MessageBoxA,3035914df08e473a10745c662047a63d,c352fd23e19b69e7543d39105a7888a2ef2f7a81372cedaf730fcc312dad803f,c:\Windows\SysWOW64\wextract.exe
113,wextract.exe,136192,2,3107484422,2068-06-21T06:07:02.000Z,imports,user32.dll,MsgWaitForMultipleObjects,3035914df08e473a10745c662047a63d,c352fd23e19b69e7543d39105a7888a2ef2f7a81372cedaf730fcc312dad803f,c:\Windows\SysWOW64\wextract.exe
114,wextract.exe,136192,2,3107484422,2068-06-21T06:07:02.000Z,imports,user32.dll,PeekMessageA,3035914df08e473a10745c662047a63d,c352fd23e19b69e7543d39105a7888a2ef2f7a81372cedaf730fcc312dad803f,c:\Windows\SysWOW64\wextract.exe
115,wextract.exe,136192,2,3107484422,2068-06-21T06:07:02.000Z,imports,user32.dll,ReleaseDC,3035914df08e473a10745c662047a63d,c352fd23e19b69e7543d39105a7888a2ef2f7a81372cedaf730fcc312dad803f,c:\Windows\SysWOW64\wextract.exe
116,wextract.exe,136192,2,3107484422,2068-06-21T06:07:02.000Z,imports,user32.dll,SendDlgItemMessageA,3035914df08e473a10745c662047a63d,c352fd23e19b69e7543d39105a7888a2ef2f7a81372cedaf730fcc312dad803f,c:\Windows\SysWOW64\wextract.exe
117,wextract.exe,136192,2,3107484422,2068-06-21T06:07:02.000Z,imports,user32.dll,SendMessageA,3035914df08e473a10745c662047a63d,c352fd23e19b69e7543d39105a7888a2ef2f7a81372cedaf730fcc312dad803f,c:\Windows\SysWOW64\wextract.exe
118,wextract.exe,136192,2,3107484422,2068-06-21T06:07:02.000Z,imports,user32.dll,SetDlgItemTextA,3035914df08e473a10745c662047a63d,c352fd23e19b69e7543d39105a7888a2ef2f7a81372cedaf730fcc312dad803f,c:\Windows\SysWOW64\wextract.exe
119,wextract.exe,136192,2,3107484422,2068-06-21T06:07:02.000Z,imports,user32.dll,SetForegroundWindow,3035914df08e473a10745c662047a63d,c352fd23e19b69e7543d39105a7888a2ef2f7a81372cedaf730fcc312dad803f,c:\Windows\SysWOW64\wextract.exe
120,wextract.exe,136192,2,3107484422,2068-06-21T06:07:02.000Z,imports,user32.dll,SetWindowLongA,3035914df08e473a10745c662047a63d,c352fd23e19b69e7543d39105a7888a2ef2f7a81372cedaf730fcc312dad803f,c:\Windows\SysWOW64\wextract.exe
121,wextract.exe,136192,2,3107484422,2068-06-21T06:07:02.000Z,imports,user32.dll,SetWindowPos,3035914df08e473a10745c662047a63d,c352fd23e19b69e7543d39105a7888a2ef2f7a81372cedaf730fcc312dad803f,c:\Windows\SysWOW64\wextract.exe
122,wextract.exe,136192,2,3107484422,2068-06-21T06:07:02.000Z,imports,user32.dll,SetWindowTextA,3035914df08e473a10745c662047a63d,c352fd23e19b69e7543d39105a7888a2ef2f7a81372cedaf730fcc312dad803f,c:\Windows\SysWOW64\wextract.exe
123,wextract.exe,136192,2,3107484422,2068-06-21T06:07:02.000Z,imports,user32.dll,ShowWindow,3035914df08e473a10745c662047a63d,c352fd23e19b69e7543d39105a7888a2ef2f7a81372cedaf730fcc312dad803f,c:\Windows\SysWOW64\wextract.exe
124,wextract.exe,136192,2,3107484422,2068-06-21T06:07:02.000Z,imports,msvcrt.dll,?terminate@@YAXXZ,3035914df08e473a10745c662047a63d,c352fd23e19b69e7543d39105a7888a2ef2f7a81372cedaf730fcc312dad803f,c:\Windows\SysWOW64\wextract.exe
125,wextract.exe,136192,2,3107484422,2068-06-21T06:07:02.000Z,imports,msvcrt.dll,_XcptFilter,3035914df08e473a10745c662047a63d,c352fd23e19b69e7543d39105a7888a2ef2f7a81372cedaf730fcc312dad803f,c:\Windows\SysWOW64\wextract.exe
126,wextract.exe,136192,2,3107484422,2068-06-21T06:07:02.000Z,imports,msvcrt.dll,__getmainargs,3035914df08e473a10745c662047a63d,c352fd23e19b69e7543d39105a7888a2ef2f7a81372cedaf730fcc312dad803f,c:\Windows\SysWOW64\wextract.exe
127,wextract.exe,136192,2,3107484422,2068-06-21T06:07:02.000Z,imports,msvcrt.dll,__p__commode,3035914df08e473a10745c662047a63d,c352fd23e19b69e7543d39105a7888a2ef2f7a81372cedaf730fcc312dad803f,c:\Windows\SysWOW64\wextract.exe
128,wextract.exe,136192,2,3107484422,2068-06-21T06:07:02.000Z,imports,msvcrt.dll,__p__fmode,3035914df08e473a10745c662047a63d,c352fd23e19b69e7543d39105a7888a2ef2f7a81372cedaf730fcc312dad803f,c:\Windows\SysWOW64\wextract.exe
129,wextract.exe,136192,2,3107484422,2068-06-21T06:07:02.000Z,imports,msvcrt.dll,__set_app_type,3035914df08e473a10745c662047a63d,c352fd23e19b69e7543d39105a7888a2ef2f7a81372cedaf730fcc312dad803f,c:\Windows\SysWOW64\wextract.exe
130,wextract.exe,136192,2,3107484422,2068-06-21T06:07:02.000Z,imports,msvcrt.dll,__setusermatherr,3035914df08e473a10745c662047a63d,c352fd23e19b69e7543d39105a7888a2ef2f7a81372cedaf730fcc312dad803f,c:\Windows\SysWOW64\wextract.exe
131,wextract.exe,136192,2,3107484422,2068-06-21T06:07:02.000Z,imports,msvcrt.dll,_acmdln,3035914df08e473a10745c662047a63d,c352fd23e19b69e7543d39105a7888a2ef2f7a81372cedaf730fcc312dad803f,c:\Windows\SysWOW64\wextract.exe
132,wextract.exe,136192,2,3107484422,2068-06-21T06:07:02.000Z,imports,msvcrt.dll,_amsg_exit,3035914df08e473a10745c662047a63d,c352fd23e19b69e7543d39105a7888a2ef2f7a81372cedaf730fcc312dad803f,c:\Windows\SysWOW64\wextract.exe
133,wextract.exe,136192,2,3107484422,2068-06-21T06:07:02.000Z,imports,msvcrt.dll,_cexit,3035914df08e473a10745c662047a63d,c352fd23e19b69e7543d39105a7888a2ef2f7a81372cedaf730fcc312dad803f,c:\Windows\SysWOW64\wextract.exe
134,wextract.exe,136192,2,3107484422,2068-06-21T06:07:02.000Z,imports,msvcrt.dll,_controlfp,3035914df08e473a10745c662047a63d,c352fd23e19b69e7543d39105a7888a2ef2f7a81372cedaf730fcc312dad803f,c:\Windows\SysWOW64\wextract.exe
135,wextract.exe,136192,2,3107484422,2068-06-21T06:07:02.000Z,imports,msvcrt.dll,_except_handler4_common,3035914df08e473a10745c662047a63d,c352fd23e19b69e7543d39105a7888a2ef2f7a81372cedaf730fcc312dad803f,c:\Windows\SysWOW64\wextract.exe
136,wextract.exe,136192,2,3107484422,2068-06-21T06:07:02.000Z,imports,msvcrt.dll,_exit,3035914df08e473a10745c662047a63d,c352fd23e19b69e7543d39105a7888a2ef2f7a81372cedaf730fcc312dad803f,c:\Windows\SysWOW64\wextract.exe
137,wextract.exe,136192,2,3107484422,2068-06-21T06:07:02.000Z,imports,msvcrt.dll,_initterm,3035914df08e473a10745c662047a63d,c352fd23e19b69e7543d39105a7888a2ef2f7a81372cedaf730fcc312dad803f,c:\Windows\SysWOW64\wextract.exe
138,wextract.exe,136192,2,3107484422,2068-06-21T06:07:02.000Z,imports,msvcrt.dll,_ismbblead,3035914df08e473a10745c662047a63d,c352fd23e19b69e7543d39105a7888a2ef2f7a81372cedaf730fcc312dad803f,c:\Windows\SysWOW64\wextract.exe
139,wextract.exe,136192,2,3107484422,2068-06-21T06:07:02.000Z,imports,msvcrt.dll,_vsnprintf,3035914df08e473a10745c662047a63d,c352fd23e19b69e7543d39105a7888a2ef2f7a81372cedaf730fcc312dad803f,c:\Windows\SysWOW64\wextract.exe
140,wextract.exe,136192,2,3107484422,2068-06-21T06:07:02.000Z,imports,msvcrt.dll,exit,3035914df08e473a10745c662047a63d,c352fd23e19b69e7543d39105a7888a2ef2f7a81372cedaf730fcc312dad803f,c:\Windows\SysWOW64\wextract.exe
141,wextract.exe,136192,2,3107484422,2068-06-21T06:07:02.000Z,imports,msvcrt.dll,memcpy,3035914df08e473a10745c662047a63d,c352fd23e19b69e7543d39105a7888a2ef2f7a81372cedaf730fcc312dad803f,c:\Windows\SysWOW64\wextract.exe
142,wextract.exe,136192,2,3107484422,2068-06-21T06:07:02.000Z,imports,msvcrt.dll,memcpy_s,3035914df08e473a10745c662047a63d,c352fd23e19b69e7543d39105a7888a2ef2f7a81372cedaf730fcc312dad803f,c:\Windows\SysWOW64\wextract.exe
143,wextract.exe,136192,2,3107484422,2068-06-21T06:07:02.000Z,imports,msvcrt.dll,memset,3035914df08e473a10745c662047a63d,c352fd23e19b69e7543d39105a7888a2ef2f7a81372cedaf730fcc312dad803f,c:\Windows\SysWOW64\wextract.exe
144,wextract.exe,136192,2,3107484422,2068-06-21T06:07:02.000Z,imports,version.dll,GetFileVersionInfoA,3035914df08e473a10745c662047a63d,c352fd23e19b69e7543d39105a7888a2ef2f7a81372cedaf730fcc312dad803f,c:\Windows\SysWOW64\wextract.exe
145,wextract.exe,136192,2,3107484422,2068-06-21T06:07:02.000Z,imports,version.dll,GetFileVersionInfoSizeA,3035914df08e473a10745c662047a63d,c352fd23e19b69e7543d39105a7888a2ef2f7a81372cedaf730fcc312dad803f,c:\Windows\SysWOW64\wextract.exe
146,wextract.exe,136192,2,3107484422,2068-06-21T06:07:02.000Z,imports,version.dll,VerQueryValueA,3035914df08e473a10745c662047a63d,c352fd23e19b69e7543d39105a7888a2ef2f7a81372cedaf730fcc312dad803f,c:\Windows\SysWOW64\wextract.exe
