,col0,col1,col2,col3,col4,col5,col6,col7,col8,col9,col10
0,596140,story,,,8,1,peter123,True Entrepreneurs,http://redeye.firstround.com/2009/05/true-entrepreneurs.html,,1241629170
1,596139,comment,596044.0,596044.0,0,0,TallGuyShort,,,"More importantly than how much it costs is how it represents itself. If a service specifically tells you that from time to time you can expect a few hiccups, you can't complain, paid or not. If Gmail were to announce that it had developed the perfect spam filter, and people switched to it for that very reason, they would have every right to complain if it didn't work.",1241629162
2,596138,story,,,2,0,hk0,"Major movie studio starts targeting file sharers, wants 1000 bucks for each movie",http://www.p2p-blog.com/item-1037.html,,1241629132
3,596137,story,,,1,0,Flemlord,Is WiMAX finally here? WiMAX Comes to Two Dell Laptops in the United States,http://en.community.dell.com/blogs/direct2dell/archive/2009/05/05/wimax-comes-to-three-dell-laptops-in-the-united-states.aspx,,1241629107
4,596136,story,,,5,2,coliveira,New Features of C# 4.0,http://coliveira.net/2009/05/new-features-of-c-40/,,1241629095
5,596135,comment,595833.0,595976.0,0,0,juliend2,,,can it read protected PDFs also? I suppose that i can enter my password with the keyboard.,1241629088
6,596134,comment,596084.0,596084.0,0,0,teej,,,"Everyone in the market for a Louis Vuitton bag is always bummed when they realize they can't afford the $5,000 bag in the window.  But once they're in the store, the $500 bag in the back ends up looking like a great deal in comparison.",1241629083
7,596133,comment,595833.0,596056.0,0,0,hapless,,,"Once you see the e-ink screen in person, the $500 price tag just doesn't matter.  It's jaw-dropping.  It is considerably better than you might imagine.<p>(I speak from experience with the Sony PRS-505, but it is my understanding that the kindle e-ink is almost identical.)",1241629081
8,596132,comment,595974.0,595974.0,0,0,jgilliam,,,"I need to redo my personal site, and this video convinced me to use P2.",1241629080
9,596131,story,,,6,0,gthuang,How VC Brad Feld Got the Gist of Gist: Anatomy of a Software Deal,http://www.xconomy.com/seattle/2009/05/06/how-foundry-group-got-the-gist-of-ta-mccanns-startup-anatomy-of-a-software-deal/,,1241629073
10,596129,comment,595833.0,596046.0,0,0,jamiequint,,,The problem here is that nobody can release a similar device and get adoption because they don't have the content. Similar to iTunes and the iPod. I'm pretty sure this is going to be a device monopoly.<p>The only people that could pull off a licensing deal would be Barnes and Noble or Borders and they don't seem to be in a position to do that. At least Apple has the Zune Store as competition (as much as it sucks). Amazon's going to have nothing. Sony can't compete on device technology alone without the ability to get content onto those devices easily.,1241629043
11,596128,story,,,1,0,njrc,"Web 2.0 Publishing and Happy 1.0, Computing Now",http://www2.computer.org/portal/web/computingnow/archive/may2009,,1241629007
12,596127,comment,594732.0,595374.0,0,0,keefe,,,"Interesting, I see those entries... I had been looking at this :<p><a href=""http://www.slicehost.com/articles/2008/3/26/announcing-the-slicehost-api"" rel=""nofollow"">http://www.slicehost.com/articles/2008/3/26/announcing-the-s...</a><p>"". Please note that the current iteration allows access to DNS only.""<p>I guess they had another iteration since then, thanks for the info!",1241629000
13,596126,comment,595231.0,595529.0,0,0,jgrahamc,,,"No, I already mentioned that some place else.  If you want to get interesting take a look at how unique IDs are generated.<p>They rely on the Scheme random number generator which is seeded using the milliseconds of Unix epoch.  Since PG regularly restarts the server it should be possible to get a window of time in which to test a succession of random number seeds.  If you could hang around until the server was dead (say test every few seconds), then login and obtain a cookie you'd have enough to do a prediction of the server seed.  You could then run the random number generator forward predicting cookie values and then run them by the server to see which ones are valid.<p>As people log in you'd be able to impersonate them.  Assuming that an admin logged in while you were testing you'd be able to impersonate an administrator and have some fun on the site.",1241628946
14,596125,comment,595860.0,595860.0,0,0,jcapote,,,"If you can develop as quickly in PHP as you can with RoR, then you are not using RoR to it's full potential.",1241628946
15,596124,comment,595676.0,595676.0,0,0,tynman,,,Master's.,1241628913
16,596123,story,,,35,36,hko,Creative minds: the links between mental illness and creativity,http://www.independent.co.uk/life-style/health-and-wellbeing/features/creative-minds-the-links-between-mental-illness-and-creativity-1678929.html,,1241628907
17,596122,comment,595833.0,596034.0,0,0,htrbtrb,,,With the first kindle that was very difficult unless you had a US credit card with a US address.,1241628863
18,596121,comment,595833.0,596079.0,0,0,marcus,,,"Don't be that sure, I can envision a version with a single button activating the voice recognition software that will allow you to download whatever you want.",1241628834
19,596120,story,,,12,3,hko,Another fake meme: Van Gogh apparently didn't cut off his ear,http://www.independent.co.uk/arts-entertainment/art/news/was-truth-the-biggest-casualty-in-the-case-of-vincent-and-his-severed-ear-1678988.html,,1241628831
20,596119,comment,595676.0,596061.0,0,0,stan_rogers,,,"You assume that certification needs to fall within a particular discipline. And you have probably also assumed that ""college"" is at least approximately equal to ""university"", which is not the case in Ontario, Canada. What was required was a Teacher of Adults certificate and demonstrated competence. Short of posting my entire resume, I'll just say that there are areas of military avionics that require a little more than the mere ability to use an oscilloscope, and that I had had teaching experience in the interim period.",1241628804
21,596118,comment,595860.0,595923.0,0,0,hapless,,,"Languages are like tools: buying a the best set you can afford is the best possible start to a project. PHP doesn't cause SQL injection flaws, but it doesn't make it any easier.  How many escape functions are there ? Shall we count them ?<p>----------<p>mysql_escape_string() - Escapes a string for use in a mysql_query<p>mysql_real_escape_string() - Escapes special characters in a string for use in a SQL statement<p>mysqli_real_escape_string() - Escapes special characters in a string for use in a SQL statement, taking into account the current charset of the connection<p>addslashes() - Quote string with slashes<p>stripslashes() - Un-quotes a quoted string<p>The magic_quotes_gpc directive<p>The magic_quotes_runtime directive<p>stripcslashes() - Un-quote string quoted with addcslashes<p>stripslashes() - Un-quotes a quoted string<p>addcslashes() - Quote string with slashes in a C style<p>htmlspecialchars() - Convert special characters to HTML entities<p>quotemeta() - Quote meta characters<p>get_magic_quotes_gpc() - Gets the current configuration setting of magic quotes gpc<p>----------------<p>I especially love the contrast between ""mysql_escape_string"" and ""mysql_real_escape_string,"" since the first one is fake in a magical, side-effect-laden way.",1241628765
22,596117,comment,596044.0,596044.0,0,0,ryanvm,,,Nothing means you cannot complain.,1241628751
23,596116,comment,595833.0,596111.0,0,0,jamiequint,,,"You get a kindle email address. You email PDFs to it and they automagically appear on your device. Although this costs $0.10 a pdf. You can also plug it in and it opens as a flash drive, then you just drag and drop. (In the case of the Kindle 2 you also have to convert to the right format, DX sounds like it will be easier)",1241628742
24,596115,comment,595676.0,596035.0,0,0,_pius,,,"<i>Am I tired, or was that comment nothing but ad hominem?</i><p>That was kind of the point. I was trying to be classy, like you.<p><i>Perhaps you should take the high road next time and assume that I am just stating my own opinions, not trying to argue with anybody.</i><p>I didn't mean to start an argument, I was just responding to your post.   You said that a degree in computer science adds nothing to how someone develops software.  I replied that this seems false, gave my reasons why, and asked if anyone had evidence to the contrary.  You took offense and started flaming.<p><i>[yadda yadda yadda ... you insulted my argument then said a bunch of other irrelevant stuff ... yadda yadda yadda]</i><p>My argument was short because what you said is prima facie false: you more or less said that years of training in software development adds nothing to one's software development skill set.  It doesn't take much to rebut that.<p>The rest of what you said was all well and good, but you're now attacking a strawman.  We're not talking about a cost-benefit analysis of going to college, so your points aren't really germane here.  We're talking about your claim that college adds nothing, which you still haven't backed up ... probably because it's a completely untenable position.  Four years of <i>anything</i> will add something to your skill set.<p>But flame on ... I'm done with the thread.",1241628665
25,596114,comment,595833.0,596111.0,0,0,kirubakaran,,,It has a USB 2.0 port.,1241628655
26,596113,comment,595950.0,596067.0,0,0,JoelPM,,,"Azure.\n<a href=""https://www.microsoft.com/azure/default.mspx"" rel=""nofollow"">https://www.microsoft.com/azure/default.mspx</a><p>I haven't looked at it in depth so I don't know how it compares to the offerings listed above. My guess is that it's closer to AppEngine - you write to the MS stack and deploy on their infrastructure, the details of that infrastructure are opaque to you.",1241628646
27,596112,comment,595465.0,595726.0,0,0,jules,,,"> The Dutch will talk about how they don't think anyone should be without health care, but if they saw someone in need they wouldn't help them.<p>[citation needed]",1241628635
28,596111,comment,595833.0,595976.0,0,0,henning,,,"Where can those PDFs come from? Can I just send it files from my computer's hard drive and then read them on the Kindle, like an iPod for PDF?",1241628603
29,596110,comment,595833.0,595976.0,0,0,jamiequint,,,"This is really cool. I have the Kindle 2 and the PDF conversion on many books is really bad, but especially programming books. However, the Kindle DX looks <i>huge</i>. I'm not sure I could carry that thing around the same way I do the Kindle 2.",1241628588
30,596109,comment,595860.0,595860.0,0,0,flooha,,,"I've got nothing against PHP, it's just a matter of preference.  There are a lot of fantastic apps built using PHP and I use them on a frequent basis.  However, if I build something, it's Ruby all the way.  I just find it much cleaner and pleasurable to develop with.  Looking at PHP makes my eyes hurt now.<p>The great thing about PHP is that the difficult problems have mostly been worked out.  Getting a PHP site up and running and scalable is standard stuff.",1241628568
31,596108,comment,596104.0,596104.0,0,0,bradgessler,,,"Tom's sculptures are simply amazing, especially the ""Color Compass Atoms"" piece.",1241628548
32,596107,comment,595860.0,596037.0,0,0,JoelMcCracken,,,Be glad.,1241628548
33,596105,story,,,1,0,DanielBMarkham,America's Entrepreneurial Health,http://www.realclearpolitics.com/articles/2009/05/06/americas_entrepreneurial_health.html,,1241628503
34,596104,story,,,1,1,bradgessler,Tom Shannon's anti-gravity sculpture [TED Video],http://www.ted.com/index.php/talks/tom_shannon_s_magnetic_sculpture.html,,1241628485
35,596103,comment,596084.0,596084.0,0,0,chaosmachine,,,"When the first iPod was released, everyone complained it was too expensive ($400), and we all know how that story ended.",1241628482
36,596102,comment,595231.0,595665.0,0,0,ajkirwin,,,I usually use a minimum of 16 for anything that isn't throwaway.,1241628463
37,596101,comment,595419.0,595980.0,0,0,RiderOfGiraffes,,,"Then we'll agree to differ.  I think simple, direct and engaging writing is difficult, and coming up with such a range of ideas to exploit is equally difficult.  I think in this field Asimov has very, very few peers.  I'm not upset that you don't think he was a genius.",1241628459
38,596100,comment,595860.0,595983.0,0,0,berntb,,,">>* Perl has support for classes, but you feel like it's a hack every time you write one.<p>Check out Moose for Perl. Then name an OO system in production that is better.<p>(-: If you can give an example, I'll immediately buy a book on it. :-)<p>Edit: Syntax.",1241628431
39,596099,comment,595860.0,595860.0,0,0,JoelMcCracken,,,How is this a question?,1241628426
40,596098,comment,595833.0,595833.0,0,0,gcheong,,,I wonder how Safari Online would look/work on it. It would be great to have this display in combo with an online bookshelf.,1241628377
41,596097,comment,596044.0,596044.0,0,0,ErrantX,,,"there is, I would suggest, a difference between complaints and whining.<p>Whining is only, really, allowed when you pay for a service. Other wise register your complaint calmly and sensibly.<p>Secondly there is a vast difference between losing some tweets and gmail losing emails or gdocs losing documents. Sure have a bit of a moan: but you can only really viably complain if what is lost has significant value (a point the blog writer makes whe nhe talks about grannies vs. companies losing email).",1241628361
42,596096,comment,596028.0,596028.0,0,0,shubhamharnal,,,"<a href=""http://dev.opera.com/articles/wsc/"" rel=""nofollow"">http://dev.opera.com/articles/wsc/</a><p>This is an interesting take on learning things right the first time around (the historyof HTML has been riddled with right and wrong ways to do things).<p>Since HTML alone doesn't suffice anymore, ""Head First HTML, XHTML and CSS"" is a pretty good place to get started.<p>Good Luck!",1241628259
43,596095,comment,595465.0,595823.0,0,0,jules,,,"> After all, they only have 16m people on a tiny piece of land.<p>Do you think that matters? I feel no more connected to people living 100 km away than people living 300 km away.",1241628235
44,596094,comment,595833.0,596056.0,0,0,tortilla,,,The e-ink screen is the major cost component.,1241628190
45,596093,comment,595676.0,595826.0,0,0,carterschonwald,,,In what topic?\nI've met A-list CS theory folks who wind up getting that only around mid career!,1241628172
46,596092,comment,595833.0,596056.0,0,0,_pius,,,"<i>Not that this is a great comparison, but I can buy a netbook for $299 or less these days.</i><p>It's expensive, but it may still be a good value.  For example, an iPod costs more than a netbook too.",1241628111
47,596091,story,,,12,2,wallflower,What Verna Taught Me,http://20bits.com/articles/what-verna-taught-me/,,1241628102
48,596090,comment,595676.0,595730.0,0,0,reconbot,,,"Me neither and there are a few instances where I regret it, but mostly during the time I ""should"" have been in school I was learning how to run my own company, live and provide for myself, taxes, health care and everything else. I have college educated friends who have gone back to working retail with no savings account because they don't know better. (I yell at them and teach them things from time to time, least I can do when I see friends making mistakes.)<p>I think in the long run it wont matter what level of education I've ""completed"", I'm always going to be learning and I'm always going to try to be good at what I do. Taking classes might help me one day, you never know.",1241628064
49,596089,comment,595860.0,595860.0,0,0,fsniper,,,"I'm a big fan of PHP for myself. But I've seen enough of PHP script kiddies out there making nearly free (as in beer) websites/webapps. They become a mess in no time.<p>Mostly hacking phpnuke, joomla or some other messy portals. Hacked sites mostly never get any security updates or any kind. But employers having free work done are ok with this scheme so more and more script kiddies emerge.<p>Also there is not much thing going on PHP nowadays. Maybe PHP is at peek for it's purpose - doing web apps easy and quickly.",1241628045
50,596088,comment,596058.0,596071.0,0,0,_pius,,,"oof, good point.",1241628008
51,596087,comment,595833.0,595833.0,0,0,mikebo,,,"This looks like it will be a great product, especially for all the technical pdfs I've built up over the years.<p>Still not wild about the DRM though -- I made the mistake of buying DRMed music that I can't listen to anymore.  I'm not going to do the same with books.<p>Anyone else trying to justify a $500 pdf reader? :)",1241628003
52,596086,comment,595593.0,596031.0,0,0,dusklight,,,How is this question relevant?<p>Does creating jobs and generating wealth justify being an exploiter and parasite?,1241628000
53,596085,comment,596028.0,596028.0,0,0,coglethorpe,,,"I often end up at <a href=""http://www.w3schools.com/"" rel=""nofollow"">http://www.w3schools.com/</a>  They have some pretty straighforward examples to get you started.",1241627953
54,596084,story,,,11,17,ilamont,Amazon's near-$500 price tag kills Kindle DX buzz,http://www.thestandard.com/news/2009/05/06/amazons-500-price-tag-kills-kindle-dx-buzz,,1241627941
55,596083,comment,595860.0,596045.0,0,0,dasil003,,,"I think the first reason is probably the most significant.  A lot of the other things are just warts and pet peeves, but what really got me down working with PHP professionally was the level of code I had to work with.  Not only did I end up having to maintain flaming wreckages of code written by people who couldn't even properly be called amateurs, but after doing it for a couple years I found it very hard to improve my craft by seeking out good code to learn from.<p>I jumped headlong into Rails 4 years ago after having been enamored with Ruby over Perl for sysadmin type scripting and text-munging.  Yeah Ruby has some bad warts too (the runtime!), but the quality of code in the community is an order of magnitude better.",1241627937
56,596082,comment,595860.0,595877.0,0,0,dbul,,,"<i>Just like with C, there are definitely talented coders out there who can make PHP behave correctly. Sadly, they are a minority. Many of them move on to other languages and frameworks.</i><p>What does that mean? I'll take the compliment, but I'm not sure what the difficulty is in making PHP 'behave correctly.'",1241627934
57,596081,comment,595676.0,596013.0,0,0,flooha,,,"""Case Western, is that the ""local university"" ""<p>No. Wrong side. ;)",1241627929
58,596080,story,,,1,0,mshafrir,Giving a robot its own Facebook profile,http://news.bbc.co.uk/1/hi/technology/8034190.stm,,1241627929
59,596079,comment,595833.0,595929.0,0,0,jonknee,,,"Not having a keyboard would make it a pain in the ass to search for content. Amazon is highly vested in making it easy for you to get more content. Yadda yadda, the keyboard aint going anywhere.",1241627910
60,596078,comment,596057.0,596057.0,0,0,pg,,,"""A few dozen such accelerators, like Y Combinator, have cropped up this decade. “They deal with somewhat later-stage companies that have established themselves in their markets but simply need to scale up,” Adkins says.""<p>It's hard to imagine getting it wronger.  And this woman is \nthe president of the ""National Business Incubation Association?""",1241627879
61,596077,story,,,19,19,coglethorpe,Twitter Switches From TinyURL To Bit.ly,http://www.businessinsider.com/twitter-switches-from-tinyurl-to-bitly-2009-5,,1241627855
62,596073,comment,595950.0,596047.0,0,0,spencerfry,,,It should. We use Amazon AND AppEngine. AppEngine for e-mails.,1241627791
63,596072,story,,,8,6,mshafrir,Few Match Google; Does That Make It a Monopoly? ,http://online.wsj.com/article/SB124156244115989189.html,,1241627786
64,596071,comment,596058.0,596058.0,0,0,jonknee,,,I'm not sure how useful code highlighting would be in 16 shades of grey.,1241627782
65,596070,comment,595833.0,595833.0,0,0,doosra,,,Does anyone know of a similar reader at about the same price point which supports annotation of the text (for example with a stylus)?,1241627750
66,596069,story,,,1,0,mshafrir,U.S. Cyber Infrastructure Vulnerable to Attacks ,http://online.wsj.com/article/SB124153427633287573.html,,1241627739
67,596068,comment,595593.0,595593.0,0,0,dusklight,,,"So one of the arguments in that article is, there is no labor shortage because companies get inundated with lots and lots of resumes, but they hire only a very small percentage of those resumes ...<p>But as anyone who has had to go through those resumes know, the vast majority of the resumes are from people who are totally unqualified for the job .. the fact that employers go through the entire resume pool and are unable to find qualified employees proves the shortage.<p>And that's just basic qualifications, we aren't even talking about actually knowing how to write good code yet.<p>p.s. if anyone is looking for a job and is a good java coder with some experience in webapps and GWT, send me a message.",1241627738
68,596067,comment,595950.0,595950.0,0,0,breakall,,,Wasn't there some Microsoft thing?,1241627656
69,596066,comment,595950.0,595950.0,0,0,axod,,,"Do we have to call it 'cloud'? Can't we just call it hosting like we used to?<p>I use linode for hosting, moved from slicehost - cheaper, and more options. Multiple datacenters etc.",1241627640
70,596065,comment,595860.0,595860.0,0,0,KrisJordan,,,"I abandoned PHP about two years back. 8 months ago, after going to a conference and hearing the folks at Flickr talk, specifically Cal Henderson (<a href=""http://www.krisjordan.com/2008/09/16/cal-henderson-scalable-web-architectures-common-patterns-and-approaches/"" rel=""nofollow"">http://www.krisjordan.com/2008/09/16/cal-henderson-scalable-...</a>) I got re-energized to take another stab at making PHP pleasant to work with.<p>The results of my last push evolved into a PHP framework: Recess. (<a href=""http://www.recessframework.org"" rel=""nofollow"">http://www.recessframework.org</a>) It's got annotations for a declarative, meta-programming style. It's inherently RESTful (and more fine-grained content negotiation is coming soon). The Models/ORM are lazy so that you can chain together queries that evaluate at the last minute. Recess deploys just fine to commodity $5/mo servers and was designed to be lightweight and fast without giving up object-oriented design (a la Code Igniter).<p>What I feel gets lost in the ""PHP is terrible"" literature is a distinction between PHP as a programming language and PHP as a technology / platform. As a programming language, from an academic perspective, PHP is embarrassing. As a technology/platform it's incredibly well suited for web applications because that's exactly its intention. PHP's shared-nothing execution model, simple deployment, efficiency & performance make it a great technology for authoring web applications. Tooling has gotten much better too with Eclipse's PDT & XDebug.<p>If you're growing tired of PHP and looking for a platform/framework to develop on that is more productive and enjoyable try taking Recess for a spin. For me, at least, it's made PHP fun again: <a href=""http://www.recessframework.org/"" rel=""nofollow"">http://www.recessframework.org/</a>",1241627590
71,596064,comment,596028.0,596028.0,0,0,rimantas,,,"<a href=""http://htmldog.com/"" rel=""nofollow"">http://htmldog.com/</a> wasn't bad as far as I remember.\nBe careful with the books, do not pick ""old-style"" one, which pays no attention to web standards and semantics. I'd recommend ""Web Standards Solutions: The Markup and Style Handbook"" by Dan Cederholm (<a href=""http://astore.amazon.com/simplebits-20/detail/1590593812"" rel=""nofollow"">http://astore.amazon.com/simplebits-20/detail/1590593812</a>). Not exactly introductory, but worth reading.",1241627588
72,596063,comment,595676.0,595875.0,0,0,alex_c,,,"I would say ""In truth, SOME can accomplish a heck of a lot with that time and money.""  I think it really depends on the person, and their experiences up to the end of high school.<p>Give me that time and money now, and I can hopefully accomplish something useful.<p>Give me that time and money when I was just out of high school, and chances are very good that it would have gone to waste.  I didn't know what I wanted to do with my life (still don't, but a bit less so than back then), I had no idea how to work hard, and only a vague idea of how the world works.  Those are things I started to learn in college.<p>The opportunity cost goes both ways.",1241627532
73,596062,comment,595542.0,595977.0,0,0,FooBarWidget,,,"Ulrich Drepper is a brilliant programmer and an expert on his field, but he cannot work with people. I figure that the former is the only reason why he's still around.",1241627517
74,596061,comment,595676.0,595781.0,0,0,carterschonwald,,,how did you get the certification needed to teach linear algebra?,1241627473
75,596060,comment,595664.0,595664.0,0,0,pie,,,"It seems as though I hear this ""next big thing in news"" revelation every 6 months or so. I think we continue to have difficulty imagining the as-yet-unrealized ""hyperlocal killer app,"" or perhaps it will simply turn out to be the right combination of things we already know well, like (micro-) blogging and social networking and web aggregation/filtering.<p>It's fascinating to watch society struggle with changes in the foundations of media, and what an uncertain and even precarious situation we have right now.",1241627449
76,596059,comment,595515.0,595515.0,0,0,electromagnetic,,,"The thing I always wonder about is 'PhD stupidity'. Basically, PhD's usually seem to get a sense of entitlement, which may put them at a disadvantage when entering the real world and leaving the academic world. What the author seems to be misunderstanding, is that employers aren't impressed by a PhD for an entry level job (actually it probably makes them very hesitant). However, the PhD is likely to get trapped into the whole 'I have a PhD so I'm important' mentality that seems to go around, so they never figure out that the PhD is stopping them getting a real job.<p>I think the other major problem is that people take PhD's that won't help them get a job. I've known forensic scientists who've been stuck in deli counters, because there's only a handful of available jobs in the entire western world. I've known journalist grads who've been flat out rejected because of their degree, because it teaches them poor skills (the main skill desired now is the ability to write with personality, which journalism courses actively discourage).<p>So I'm sure there's a lot of ways that can contribute to a PhD making you unemployable, however it's probably always down to poor choice or poor judgment.<p>Personally I'd love to get a PhD in physics out of pure interest. However, the one thing I'd worry about, and I've told to friends going the PhD route, is that taking a PhD keeps you out of the career field for 10+ years. So you have to really evaluate if 10+ years of experience is better for you career wise than a PhD and 0 years experience, because all the fields I'm interested in (career wise, not academically) don't give a damn if you have a PhD, so even though I'd like to have a degree in something I'm not going to waste my time.",1241627426
77,596057,story,,,2,4,drm237,A New Take on Incubators,http://www.entrepreneur.com/magazine/entrepreneur/2009/may/201228.html,,1241627377
78,596056,comment,595833.0,595833.0,0,0,talison,,,"Looks great but does anyone else think the price is a bit expensive? Not that this is a great comparison, but I can buy a netbook for $299 or less these days.<p>Why such a up-front hardware cost when Amazon will get recurring revenue from Kindle books? Are they taking a loss on the book sales to boost downloads?",1241627359
79,596055,comment,595801.0,596019.0,0,0,michael_dorfman,,,"Absolutely.  I get really skeeved out when I find books referencing Wikipedia as a source-- which translates in my head to <i>""some random guy on the Internet said....""</i>",1241627350
80,596054,comment,595655.0,595731.0,0,0,TallGuyShort,,,"Yeah, tough call. Since he knows better, he shouldn't have let the passwords be stored on this other website so insecurely, and he shouldn't have been snooping. He did help Jeff out, technically, but he definitely crossed the line to do so.",1241627273
81,596053,comment,595860.0,595860.0,0,0,cardmagic,,,"PHP is not a language that was designed to be a language. It was originally a set of scripts that slowly morphed into a kind-of language. Because of that, PHP lacks a lot of the language features (threads, namespaces, proper OO design from the ground up) that ""serious"" languages all have. Ruby was buit to be the best language Matz could think of. Erlang was built to be a great language for programming telecoms. None of the ""serious"" languages morphed out of some CGI scripts.<p>As I already mentioned, PHP is not an OO language. It is a language that has OO as a feature, but the core API is not OO. This creates a very awkward mix of OO and procedural code.<p>One of the most embarrassing things about PHP comes from its complete lack of naming and ordering conventions. Look at the array functions. <a href=""http://us.php.net/manual/en/ref.array.php"" rel=""nofollow"">http://us.php.net/manual/en/ref.array.php</a> 47 of these functions start with array_, 25 of them are a mismatch of whole words and partial words that happen to do array functions. The reason PHP documentation is so good is out of necessity. Without fantastic documentation, PHP would be completely unusable due to this staggering oversight.",1241627265
82,596052,comment,595860.0,596017.0,0,0,dasil003,,,Do you mean because it's never been used?,1241627259
83,596051,comment,595950.0,595950.0,0,0,djhomeless,,,"I haven't tried any of these options, mainly because we use Nutch and CPU intensive stuff tends to get a bit pricey. Haven't looked @ Mosso though...",1241627248
84,596050,comment,595801.0,596019.0,0,0,jameskpolk,,,"I'd take your statement one step further: if you are citing <i>anything</i> that isn't a primary source, you're very likely ""doing it wrong"".<p>Sources like Wikipedia or other encyclopedias are good for beginning to understand the topic, and finding relevant primary sources.",1241627247
85,596049,comment,595206.0,595275.0,0,0,chrchr,,,"This is a bit off-topic, but I might be able to help you with the analytics side of things. I'm a programmer at Rentrak (<a href=""http://rentrak.com"" rel=""nofollow"">http://rentrak.com</a>) and we're in the process of launching our TV ratings system. We collect data from millions of set-top boxes every day. We're a lot cheaper than Nielsen and we might be able to do some kind of a deal that works for you.",1241627209
86,596048,story,,,5,0,AaronChua,Surprising results about ebooks from Google Trends,http://ac-idealog.blogspot.com/2009/05/surprising-results-about-ebooks-from.html,,1241627192
87,596047,comment,595950.0,595950.0,0,0,jaxn,,,AppEngine doesn't count?,1241627189
88,596046,comment,595833.0,595979.0,0,0,whacked_new,,,"Obvious but orders of magnitude harder in difficulty. I'm thinking 2 years, from a Japanese company.",1241627183
89,596045,comment,595860.0,595860.0,0,0,mdasen,,,"There are lots of reasons.<p>* PHP attracts idiots.  Partly that's because you don't need to know anything to make simple PHP.  So, in the large pool of PHP programmers, there are a ton of idiots.  And those idiots produce a lot of verbose code that gets used because it does something.  Ruby, Python, Perl, etc. all put up a larger barrier because they don't just come with a session handler or whatnot built in.  And that weeds out more of the idiots.  Doesn't really have to do with PHP the language, but it is nonetheless significant.<p>* PHP has a bad type system that leads to errors.  There, I said it.  The fact that 0 == ""string1"" and 0 == ""string2"", but ""string1"" != ""string2"" is unacceptably bad.<p>* PHP has no namespaces.  Yeah, they're planned for 5.3, but the implementation is just ugly.  This makes it more likely to botch something in a larger project.<p>* Which leads me to my next point: include/require.  In PHP, it's decently common to say require('some_file.php'); and just grab a huge hunk of code.  Eww!  That code could be doing anything - adding in variables, executing code, etc.  While it's true that other languages can do that as well, that's generally not the case - other languages are more in favor of importing objects or functions.  Partly it's a language thing, partly it's a culture thing.<p>* Magic!  So, how does mysql_query() know which database to connect to when you don't pass in a database connection?  I mean, I'm guessing they're either using a global or if it's in C a static external variable, but PHP is littered with this crap.  It's not necessarily bad, but it's magical.<p>* Functions!  So, PHP now has cool object oriented stuff.  Still, it doesn't use it at all.  I don't object to strlen($var) that much when compared to $var->len(), but there are other cases where it's just crappy.  So, PHP has a function strpos() which will return the position of the first occurrence of a substring within a string.  Quick!  In what order do you put the variables?  In this case, it's string to be searched, search string.  What about preg_match()?  Oh, there you put it in the reverse order!  And really, when writing functions, there is no ""proper"" order, but if you're doing $string.preg_match('/^apple$/'), there's a clear order.<p>* Looking more at preg_match().  What does it return?  It doesn't return a match, it returns a count of the matches it finds.  If you want the matches, you need to pass in a variable that it will take a pointer to as an argument so that it can place the matches in there.  Bleh!  How would this be done in a nice OO-way?  $var->preg_match('/^apple$/').count() would get you the count and otherwise you get the match returned.  Easy in a way that requires less memorization of weirdness and doesn't feel so wrong.  And crappy things like that are done throughout PHP where things are weird, but end up<p>* php.ini.  Terrible idea.  PHP allows you to change very important things install-wide, directory-wide, app-wide, ick-wide!  It's not just magic quotes.  It's more that you never quite know what you're deploying to in a bad way.<p>Finally, it's that PHP is an older-style language without the cool things that newer languages can do.  PHP isn't bad per-se, but it isn't good either.  The biggest thing it has going for it is that it's easy on shared hosting.  With VPSs coming down in price to the point that they don't represent a huge premium over shared hosting, that's become less of an attraction.  PHP is fine, but there's a decent amount to get annoyed with when creating a larger application.",1241627179
90,596044,story,,,9,12,madhan,Does free mean you cannot complain?,http://www.codelathe.com/blog/index.php/2009/05/04/does-free-mean-you-cannot-complain/,,1241627122
91,596043,comment,595860.0,595931.0,0,0,dbul,,,"If these articles are thought provoking, they could be written about PASCAL and reasonable HN members would upvote it. Someone can be a language snob, but also a computer scientist; computer scientists keep an open mind.",1241627118
92,596042,comment,595419.0,595425.0,0,0,kokofoo,,,"I have not read this before.  But I heard this story told by a college professor Michio Kaku when I was in his astronomy 101 class.  Yes, he is the author of the book, Hypersapce.(<a href=""http://www.amazon.com/Hyperspace-Scientific-Odyssey-Parallel-Universes/dp/0385477058/ref=sr_1_1?ie=UTF8&s=books&qid=1241626582&sr=8-1"" rel=""nofollow"">http://www.amazon.com/Hyperspace-Scientific-Odyssey-Parallel...</a>)  It's a good book to read if you're interested in those things.",1241627101
93,596041,comment,595833.0,595833.0,0,0,whacked_new,,,"My, this is going to be a hit. I sorely desire a wacom on it though :(((",1241627099
94,596040,comment,595841.0,595841.0,0,0,steveeq1,,,How about a Los Angeles meet?,1241627080
95,596039,comment,595974.0,595974.0,0,0,teej,,,"So... it's an ajax-y forum?<p>Don't get me wrong, I really like what they've done, but it isn't mind blowing.  The design and user experience are stellar.  It's amazing how the guys at Automattic can take an old concept, pare it down the the minimum viable product, and polish the hell out of the experience.",1241627014
96,596038,comment,595860.0,595860.0,0,0,jxcole,,,"I use PHP every day at work. I find that the best way to program PHP is to pretend it is java and ignore (almost) all the other features. Many of the features of the language are very powerful and because they are so powerful, PHP has a tendency not to scale well.<p>If there are 200+ ways to do one thing you can guarantee that looking at someone else's code will always be an adventure. You CAN write good code in PHP, but it is flexible enough that bad programmers will be able to take it and do much worse things than they could with, say, java.<p>Call me old hat but I think type safety is an important aspect of scalable projects. If I could add one feature to PHP it would be enforced type safety.",1241626906
97,596037,comment,595860.0,595994.0,0,0,whacked_new,,,"That reads to me as ""Rails is a pop culture icon that only XYZ people know about."" I'm not XYZ because I don't know who that is.<p>Actually, perhaps unintentionally, you still hit the nail on the head.",1241626892
98,596036,comment,595860.0,595860.0,0,0,begemot,,,"When you know you could save pages of code with it, being without proper higher-order functions is beyond tedious.",1241626853
99,596035,comment,595676.0,595958.0,0,0,erlanger,,,"Am I tired, or was that comment nothing <i>but</i> ad hominem? Perhaps you should take the high road next time and assume that I am just stating my own opinions, not trying to argue with anybody.<p><i>[edit below]</i><p>However, as you're egging me on, I will rebut your flimsy argument, the crux of which is this anecdotal beaut:<p>""It just seems unlikely that there's 'very little' that the computer science program gave to the developer. It certainly doesn't match what I've actually seen in-field.""<p>If that's all you have to lean on, I don't understand how your comment was upvoted so much. Absent in your analysis is a thorough inventory of what college gives you: While it provides new opportunities for learning, it also does not provide things that you get in the working world, such as<p>* Business sense and professionalism<p>* Assuming you don't live at home, a sense of independence: Knowing how to take care of yourself at 22 when everyone else is just figuring out is a <i>huge</i> advantage, believe it or not<p>* Documented experience<p>* References from others with working-world experience<p>On the other hand, there are indeed negatives of going to college. To me, the greatest one is the massive time drain: I work in the day, go home, teach myself more, read history, learn chess, and basically provide my own education. This is not by design, but rather, by my nature. It's unfortunate that so many take education to be the exclusive realm of educational institutions.<p>Sitting through lectures and working to verify for your professors that you are learning, to me, is a waste of time, when I know damn well if I've learned it properly. If I haven't, and it's important, it will show quickly back at work.<p>Oh, and college costs tens of thousands of dollars.",1241626812
100,596034,comment,595833.0,596007.0,0,0,sireat,,,"I plan on getting Kindle DX even though I am based outside US presently. The wireless features are not that important to me, nice screen and native PDF support however is.",1241626807
101,596033,story,,,1,0,technologizer,Plastic Logic's ultra-preannouncment of its e-reader let Amazon steal its glory,http://technologizer.com/2009/05/06/its-the-kindle-only-larger-and-the-plastic-logic-reader-only-sooner/,,1241626782
102,596032,comment,595860.0,595860.0,0,0,jlsonline,,,"Back in the day, PHP was exciting. It was free, it was powerful, it was easy to learn.  Everyone coming out of college knew C anyway and it has a similar structure.  You could suddenly give your circa 1999 web pages a page date in REAL TIME and you could respond to forms without nasty cgi-bin.  Eureka!<p>Nobody gets excited about it anymore because it solved the problem it was aiming to solve a long, long time ago.",1241626722
103,596031,comment,595593.0,595960.0,0,0,tom_rath,,,Exploiter and parasite?<p>How many jobs and how much wealth have _you_ created today?,1241626677
104,596030,comment,595860.0,595989.0,0,0,dbul,,,<i>way faster</i> -- sounds subjective to me. What references say this?,1241626668
105,596029,comment,595950.0,596015.0,0,0,piers,,,Presumably you use the Cloud Servers rather than the Cloud Host?,1241626656
106,596028,story,,,2,6,gruseom,Ask HN: Resources for learning HTML,,Someone I know wants to learn HTML. What are the best introductory resources to recommend to her? Either books or online are fine.,1241626630
107,596027,comment,595950.0,595950.0,0,0,known,,,None,1241626624
108,596026,comment,595860.0,595860.0,0,0,unexpected,,,"People who are really good at their jobs obsess about their tools- artists obsess over their paint, carpenters obsess over their power tools, cooks obsess over their knives.<p>PHP is like buying a chef's knife at Wal-Mart. You can create a 5 star dish with it, it cuts perfectly fine, but it doesn't inspire the same passion that a Shun knife does.<p>Most restaurants in fact, don't use fancy-knives, they use just regular knives and it works out just fine.<p>But, to draw the analogy back to programming, we're not regular restaurants. We're wannabe ""rock-star"" chefs- coding and ""startup-ing"" isn't just a job, it's part of our core ethos, so we obsess over all the tools we use, the text editor, the monitor, even the chair- because it makes the experience all that much better.<p>Most people do this about things they seriously care about. Runners debate intricacies of running shoes or the perfect in race meal. I've had debates with weight-lifters about weight-lifting gloves. Go over to a different forum, and you will hear arguments about the perfect size of a suit lapel.<p>The ""Everyman"" tools can always accomplish 100% of the job, but provide 90% of the experience. We spend an inordinate amount of time trying to get that last 10% out.<p>Is it probably unnecessary? Yeah. But people really bond over passions, and in arguing/debating that last 10%, you can really connect with people, which is why sites like Hacker News are fun and addictive.",1241626610
109,596025,comment,595322.0,595602.0,0,0,anamax,,,"> Everything is an investment.<p>Not at all.  Buying some things is merely an expense, he says looking at a big screen TV.<p>Cash is an asset.  A big screen TV may, or may not, be an asset.",1241626584
110,596024,comment,595343.0,595757.0,0,0,whacked_new,,,"I see. Is this the commonly-accepted interpretation? What does the normal ellipsis mean then? I use it as a trailing thought as well -- or, is it trailing <i>speech</i>?<p><pre><code>    spoken: now... [pause]\n    spoken: lisp .. [thought...?]\n    thought: if only\n\n?</code></pre>",1241626583
111,596023,comment,594871.0,596008.0,0,0,TheAmazingIdiot,,,"It's not ""feelings"".<p>If somebody makes a conscious decision and goes about to explicitly allow harvesting, then so be it. Decision's done.<p>Instead, these people prey on organs from the recently deceased. In my case, he died not knowing what killed him. It was an infection of sorts but we just don't know. He didn't make a decision about harvesting after he was gone, so they should respect his wishes (or lack thereof).",1241626552
112,596022,comment,595744.0,595939.0,0,0,TFrancis,,,"Everyone should read Jef Raskin's The Humane Interface.  He expresses many of his interface ideas used with the Canon Cat and Archy in the book.  I now consider thoughtful interface design a moral decision.<p><a href=""http://en.wikipedia.org/wiki/The_Humane_Interface"" rel=""nofollow"">http://en.wikipedia.org/wiki/The_Humane_Interface</a>",1241626548
113,596021,comment,595501.0,595501.0,0,0,dschobel,,,"2.4 is my favorite by far:<p><i>A novice asked the Master: ``Here is a programmer that never designs, documents or tests his programs. Yet all who know him consider him one of the best programmers in the world. Why is this?''<p>The Master replies: ``That programmer has mastered the Tao. He has gone beyond the need for design; he does not become angry when the system crashes, but accepts the universe without concern. He has gone beyond the need for documentation; he no longer cares if anyone else sees his code. He has gone beyond the need for testing; each of his programs are perfect within themselves, serene and elegant, their purpose self-evident. Truly, he has entered the mystery of Tao.''</i>",1241626532
114,596020,comment,595655.0,595752.0,0,0,mziulu,,,"I must say, between Jeff's first post on this argument and another discussion I saw this morning here on HN I got a bit paranoid and just now finished changing _all_ of my passwords, each generated and stored using an automated tool. I acted on impulse, and yet I don't think I'll regret it, even if it was probably overkill. \nI ""fortunately"" lost just two accounts too, among which there was my ""old"" HN one.",1241626502
115,596019,comment,595801.0,595801.0,0,0,Chickencha,,,"This kind of stuff happens all the time and it's really disappointing. Wikipedia is a good starting place for learning about things, but if you're publishing something and citing Wikipedia then something is seriously wrong.<p>If you're using Wikipedia for anything more than casual learning, then you'd better make sure that you can find another source to confirm what you find (and make sure that that source doesn't cite Wikipedia).",1241626500
116,596018,comment,595833.0,595855.0,0,0,silencio,,,"All of the ebook readers I've liked for the iPhone let you disable auto-rotation - Stanza, BookShelf, the Kindle app...",1241626481
117,596017,comment,595860.0,595913.0,0,0,hack_edu,,,And my Nokia 5120 still boots up like it's first day when I pull it out of the discarded gadget drawer.,1241626421
118,596016,comment,595465.0,595787.0,0,0,anamax,,,"That's true only if you believe that what the state does is necessarily and only helpful.  (There are other requirements as well, but I'm limiting myself to two of the more obvious problems.)<p>Govt help programs, at least in the US, are aimed more at benefitting middle class providers than the poor who are supposedly the beneficiaries.",1241626378
119,596015,comment,595950.0,595950.0,0,0,poppinphresh,,,I use Mosso for fun because of the low price.  Start up a 20 machine cluster and run it for a couple of hours all for under a dollar.,1241626319
120,596014,comment,595293.0,595293.0,0,0,senthil_rajasek,,,"<a href=""http://www.mobileorchard.com/"" rel=""nofollow"">http://www.mobileorchard.com/</a> is another resource dedicated to iphone development.",1241626292
121,596013,comment,595676.0,595827.0,0,0,derwiki,,,"Just curious: I met a lot of good programmers from small towns in Ohio when I went to Case Western, is that the ""local university"" you're referring to? (if so, I also have some guesses on who the ""guy"" was :)",1241626251
122,596012,comment,595841.0,596002.0,0,0,shafqat,,,"I'm sure we can identify other hackers/entrepreneurs easily, no ;-)<p>For the avoidance of doubt, I'll be wearing a black NewsCred t-shirt.<p>Also, we do a have a table reserved, but if tons of people show up, there will be some standing and drinking!",1241626168
123,596011,comment,595612.0,595612.0,0,0,shaunxcode,,,"Wow, I love reading stuff like this and realizing there is elegance yet to be discovered for a young ""bipolar lisp programmer"" such as myself. Humbling and inspiring. It's like lisp with warts, but very tasty and powerful warts.",1241626146
124,596010,comment,595950.0,596001.0,0,0,jkrall,,,"@Jerecoh:  I use Joyent too... and have been very pleased with it.  But, I have to admit that we didn't spend a lot of time evaluating all of the other cloud options out there.  Why did you choose Joyent?",1241626094
125,596009,comment,595950.0,596004.0,0,0,ErrantX,,,"ugh, your right that is expensive (never used that aspect of their service myself).<p>In which case I retract recommending MT :P",1241626028
126,596008,comment,594871.0,595405.0,0,0,gort,,,"""I do find these body parts people just plain disgusting.""<p>Saving lives is more important than your feelings.",1241626013
127,596007,comment,595833.0,595833.0,0,0,akirk,,,"I wonder how PDF in larger paper formats (A4, US Letter) look on the bigger screen. They get rendered with illegibly small text on my Sony Reader (which has the same-size screen as the normal Kindle).<p>Too bad again, that the Kindle is US only.",1241625989
128,596006,comment,595833.0,595992.0,0,0,buckler,,,"Yes sir, Kindle 2 does it (via <a href=""http://wiki.mobileread.com/wiki/E-book_Reader_Matrix"" rel=""nofollow"">http://wiki.mobileread.com/wiki/E-book_Reader_Matrix</a>).",1241625966
129,596005,story,,,1,0,EGF,Discussion on Gladinet,,Anyone have experiences using Gladinet?  If so what is the best service to use with it?<p>Adrive.com?\nS3?\nLiveDrive?\nGoogleDocs?\nPicasa?\nOther?,1241625897
130,596004,comment,595950.0,595984.0,0,0,raquo,,,IMHO Mediatemple is terribly overpriced* even wrt Slicehost - Their 40GB/512MB/1.5TB plan costs $100/mo for example.<p>* - I've no idea how much CX costs though,1241625890
131,596003,comment,595655.0,595845.0,0,0,gustavo_duarte,,,"In this case though, the choice of hashing algorithm is at least as important as the salt.<p>If the attacker was motivated to have Jeff Atwood's password, he could have grabbed the salted hash and used a password cracker against it. We're talking a single password for a high profile user, so why not spend a few hours of CPU time on it?<p>Only an adequate password hashing algorithm (ie, SLOW) would have really prevented this.",1241625889
132,596002,comment,595841.0,595841.0,0,0,fortes,,,How should we recognize each other? Do we have a table reserved or anything?,1241625847
133,596001,comment,595950.0,595950.0,0,0,JereCoh,,,"I use Joyent. I would argue that Media Temple is <i>not</i> cloud hosting (and it's ""grid"" is always down). If Mosso gave OpenSolaris as an option, I would switch to it.",1241625834
134,596000,comment,595860.0,595957.0,0,0,JeremyChase,,,"ErrantX<p>I would highly recommend learning Ruby before trying RoR. The first time I tried to learn RoR I didn't know any Ruby. I had limited success because I had to battle the framework and the language.<p>You don't need to know everything about Ruby to start on RoR, but you should be able to write some basic programs.<p>There are a number of online resources for Ruby:<p>Unofficial and old, but has a lot of good info: <a href=""http://www.math.umd.edu/~dcarrera/ruby/0.3/"" rel=""nofollow"">http://www.math.umd.edu/~dcarrera/ruby/0.3/</a><p><a href=""http://www.whytheluckystiff.net/ruby/pickaxe/"" rel=""nofollow"">http://www.whytheluckystiff.net/ruby/pickaxe/</a><p><a href=""http://www.ruby-doc.org/docs/UsersGuide/rg/"" rel=""nofollow"">http://www.ruby-doc.org/docs/UsersGuide/rg/</a><p><a href=""http://qa.poignantguide.net/index.html"" rel=""nofollow"">http://qa.poignantguide.net/index.html</a><p>For RoR guides online, I didn't find anything that I really liked. I ended up with Sitepoint's Simply Rails 2.0 and followed it. I didn't find any free guides/books that really helped me much. Once you get a basic understanding of MVC you can learn a lot of from <a href=""http://railscasts.com"" rel=""nofollow"">http://railscasts.com</a> though.<p>PS: Sorry to everyone for the RoR/Ruby hijack<p>EDIT: Wrote a sentence misleadingly, fixed it.",1241625821
135,595999,comment,595655.0,595971.0,0,0,badger7,,,"But, but, but... he just put a three on a four, after building suspense for the <i>whole</i> week! How can you be so flippant?",1241625704
136,595998,comment,595676.0,595754.0,0,0,wheels,,,"Claiming that someone who's been in college for several years' highest level of education is ""high school"" presents a very odd definition of the word ""education"".  Perhaps you meant degree?",1241625650
137,595997,comment,595801.0,595801.0,0,0,aarongough,,,"I would say it would be an interesting experiment to see if the moderators on wikipedia now feel the the quote can be left there, seeing as it can now reference the newspaper articles that it spawned...",1241625612
