,col0,col1,col2,col3,col4,col5,col6,col7,col8,col9,col10
0,WindowsDefaultHeatProcessor.dll,107008,3,2027484362,2034-04-01T06:06:02.000Z,imports,api-ms-win-crt-runtime-l1-1-0.dll,_initterm,69e4db68c3968df92346fdf8477a3d1b,ce569c5288a891c97bc5b7a7fee68503fe19555476a147ab78e7a1e794868a65,c:\Windows\WinSxS\wow64_microsoft-windows-heatcore_31bf3856ad364e35_10.0.18362.1_none_c419d57244301dd0\WindowsDefaultHeatProcessor.dll
1,WindowsDefaultHeatProcessor.dll,107008,3,2027484362,2034-04-01T06:06:02.000Z,imports,api-ms-win-crt-runtime-l1-1-0.dll,_initterm_e,69e4db68c3968df92346fdf8477a3d1b,ce569c5288a891c97bc5b7a7fee68503fe19555476a147ab78e7a1e794868a65,c:\Windows\WinSxS\wow64_microsoft-windows-heatcore_31bf3856ad364e35_10.0.18362.1_none_c419d57244301dd0\WindowsDefaultHeatProcessor.dll
2,WindowsDefaultHeatProcessor.dll,107008,3,2027484362,2034-04-01T06:06:02.000Z,imports,api-ms-win-crt-string-l1-1-0.dll,memset,69e4db68c3968df92346fdf8477a3d1b,ce569c5288a891c97bc5b7a7fee68503fe19555476a147ab78e7a1e794868a65,c:\Windows\WinSxS\wow64_microsoft-windows-heatcore_31bf3856ad364e35_10.0.18362.1_none_c419d57244301dd0\WindowsDefaultHeatProcessor.dll
3,WindowsDefaultHeatProcessor.dll,107008,3,2027484362,2034-04-01T06:06:02.000Z,imports,api-ms-win-crt-private-l1-1-0.dll,_CxxThrowException,69e4db68c3968df92346fdf8477a3d1b,ce569c5288a891c97bc5b7a7fee68503fe19555476a147ab78e7a1e794868a65,c:\Windows\WinSxS\wow64_microsoft-windows-heatcore_31bf3856ad364e35_10.0.18362.1_none_c419d57244301dd0\WindowsDefaultHeatProcessor.dll
4,WindowsDefaultHeatProcessor.dll,107008,3,2027484362,2034-04-01T06:06:02.000Z,imports,api-ms-win-crt-private-l1-1-0.dll,__CxxFrameHandler3,69e4db68c3968df92346fdf8477a3d1b,ce569c5288a891c97bc5b7a7fee68503fe19555476a147ab78e7a1e794868a65,c:\Windows\WinSxS\wow64_microsoft-windows-heatcore_31bf3856ad364e35_10.0.18362.1_none_c419d57244301dd0\WindowsDefaultHeatProcessor.dll
5,WindowsDefaultHeatProcessor.dll,107008,3,2027484362,2034-04-01T06:06:02.000Z,imports,api-ms-win-crt-private-l1-1-0.dll,__std_terminate,69e4db68c3968df92346fdf8477a3d1b,ce569c5288a891c97bc5b7a7fee68503fe19555476a147ab78e7a1e794868a65,c:\Windows\WinSxS\wow64_microsoft-windows-heatcore_31bf3856ad364e35_10.0.18362.1_none_c419d57244301dd0\WindowsDefaultHeatProcessor.dll
6,WindowsDefaultHeatProcessor.dll,107008,3,2027484362,2034-04-01T06:06:02.000Z,imports,api-ms-win-crt-private-l1-1-0.dll,_except_handler4_common,69e4db68c3968df92346fdf8477a3d1b,ce569c5288a891c97bc5b7a7fee68503fe19555476a147ab78e7a1e794868a65,c:\Windows\WinSxS\wow64_microsoft-windows-heatcore_31bf3856ad364e35_10.0.18362.1_none_c419d57244301dd0\WindowsDefaultHeatProcessor.dll
7,WindowsDefaultHeatProcessor.dll,107008,3,2027484362,2034-04-01T06:06:02.000Z,imports,api-ms-win-crt-private-l1-1-0.dll,_o__CIatan2,69e4db68c3968df92346fdf8477a3d1b,ce569c5288a891c97bc5b7a7fee68503fe19555476a147ab78e7a1e794868a65,c:\Windows\WinSxS\wow64_microsoft-windows-heatcore_31bf3856ad364e35_10.0.18362.1_none_c419d57244301dd0\WindowsDefaultHeatProcessor.dll
8,WindowsDefaultHeatProcessor.dll,107008,3,2027484362,2034-04-01T06:06:02.000Z,imports,api-ms-win-crt-private-l1-1-0.dll,_o__CIsqrt,69e4db68c3968df92346fdf8477a3d1b,ce569c5288a891c97bc5b7a7fee68503fe19555476a147ab78e7a1e794868a65,c:\Windows\WinSxS\wow64_microsoft-windows-heatcore_31bf3856ad364e35_10.0.18362.1_none_c419d57244301dd0\WindowsDefaultHeatProcessor.dll
9,WindowsDefaultHeatProcessor.dll,107008,3,2027484362,2034-04-01T06:06:02.000Z,imports,api-ms-win-crt-private-l1-1-0.dll,_o___std_exception_copy,69e4db68c3968df92346fdf8477a3d1b,ce569c5288a891c97bc5b7a7fee68503fe19555476a147ab78e7a1e794868a65,c:\Windows\WinSxS\wow64_microsoft-windows-heatcore_31bf3856ad364e35_10.0.18362.1_none_c419d57244301dd0\WindowsDefaultHeatProcessor.dll
10,WindowsDefaultHeatProcessor.dll,107008,3,2027484362,2034-04-01T06:06:02.000Z,imports,api-ms-win-crt-private-l1-1-0.dll,_o___std_exception_destroy,69e4db68c3968df92346fdf8477a3d1b,ce569c5288a891c97bc5b7a7fee68503fe19555476a147ab78e7a1e794868a65,c:\Windows\WinSxS\wow64_microsoft-windows-heatcore_31bf3856ad364e35_10.0.18362.1_none_c419d57244301dd0\WindowsDefaultHeatProcessor.dll
11,WindowsDefaultHeatProcessor.dll,107008,3,2027484362,2034-04-01T06:06:02.000Z,imports,api-ms-win-crt-private-l1-1-0.dll,_o___std_type_info_destroy_list,69e4db68c3968df92346fdf8477a3d1b,ce569c5288a891c97bc5b7a7fee68503fe19555476a147ab78e7a1e794868a65,c:\Windows\WinSxS\wow64_microsoft-windows-heatcore_31bf3856ad364e35_10.0.18362.1_none_c419d57244301dd0\WindowsDefaultHeatProcessor.dll
12,WindowsDefaultHeatProcessor.dll,107008,3,2027484362,2034-04-01T06:06:02.000Z,imports,api-ms-win-crt-private-l1-1-0.dll,_o___stdio_common_vsnprintf_s,69e4db68c3968df92346fdf8477a3d1b,ce569c5288a891c97bc5b7a7fee68503fe19555476a147ab78e7a1e794868a65,c:\Windows\WinSxS\wow64_microsoft-windows-heatcore_31bf3856ad364e35_10.0.18362.1_none_c419d57244301dd0\WindowsDefaultHeatProcessor.dll
13,WindowsDefaultHeatProcessor.dll,107008,3,2027484362,2034-04-01T06:06:02.000Z,imports,api-ms-win-crt-private-l1-1-0.dll,_o___stdio_common_vswprintf,69e4db68c3968df92346fdf8477a3d1b,ce569c5288a891c97bc5b7a7fee68503fe19555476a147ab78e7a1e794868a65,c:\Windows\WinSxS\wow64_microsoft-windows-heatcore_31bf3856ad364e35_10.0.18362.1_none_c419d57244301dd0\WindowsDefaultHeatProcessor.dll
14,WindowsDefaultHeatProcessor.dll,107008,3,2027484362,2034-04-01T06:06:02.000Z,imports,api-ms-win-crt-private-l1-1-0.dll,_o__callnewh,69e4db68c3968df92346fdf8477a3d1b,ce569c5288a891c97bc5b7a7fee68503fe19555476a147ab78e7a1e794868a65,c:\Windows\WinSxS\wow64_microsoft-windows-heatcore_31bf3856ad364e35_10.0.18362.1_none_c419d57244301dd0\WindowsDefaultHeatProcessor.dll
15,WindowsDefaultHeatProcessor.dll,107008,3,2027484362,2034-04-01T06:06:02.000Z,imports,api-ms-win-crt-private-l1-1-0.dll,_o__cexit,69e4db68c3968df92346fdf8477a3d1b,ce569c5288a891c97bc5b7a7fee68503fe19555476a147ab78e7a1e794868a65,c:\Windows\WinSxS\wow64_microsoft-windows-heatcore_31bf3856ad364e35_10.0.18362.1_none_c419d57244301dd0\WindowsDefaultHeatProcessor.dll
16,WindowsDefaultHeatProcessor.dll,107008,3,2027484362,2034-04-01T06:06:02.000Z,imports,api-ms-win-crt-private-l1-1-0.dll,_o__configure_narrow_argv,69e4db68c3968df92346fdf8477a3d1b,ce569c5288a891c97bc5b7a7fee68503fe19555476a147ab78e7a1e794868a65,c:\Windows\WinSxS\wow64_microsoft-windows-heatcore_31bf3856ad364e35_10.0.18362.1_none_c419d57244301dd0\WindowsDefaultHeatProcessor.dll
17,WindowsDefaultHeatProcessor.dll,107008,3,2027484362,2034-04-01T06:06:02.000Z,imports,api-ms-win-crt-private-l1-1-0.dll,_o__crt_atexit,69e4db68c3968df92346fdf8477a3d1b,ce569c5288a891c97bc5b7a7fee68503fe19555476a147ab78e7a1e794868a65,c:\Windows\WinSxS\wow64_microsoft-windows-heatcore_31bf3856ad364e35_10.0.18362.1_none_c419d57244301dd0\WindowsDefaultHeatProcessor.dll
18,WindowsDefaultHeatProcessor.dll,107008,3,2027484362,2034-04-01T06:06:02.000Z,imports,api-ms-win-crt-private-l1-1-0.dll,_o__errno,69e4db68c3968df92346fdf8477a3d1b,ce569c5288a891c97bc5b7a7fee68503fe19555476a147ab78e7a1e794868a65,c:\Windows\WinSxS\wow64_microsoft-windows-heatcore_31bf3856ad364e35_10.0.18362.1_none_c419d57244301dd0\WindowsDefaultHeatProcessor.dll
19,WindowsDefaultHeatProcessor.dll,107008,3,2027484362,2034-04-01T06:06:02.000Z,imports,api-ms-win-crt-private-l1-1-0.dll,_o__execute_onexit_table,69e4db68c3968df92346fdf8477a3d1b,ce569c5288a891c97bc5b7a7fee68503fe19555476a147ab78e7a1e794868a65,c:\Windows\WinSxS\wow64_microsoft-windows-heatcore_31bf3856ad364e35_10.0.18362.1_none_c419d57244301dd0\WindowsDefaultHeatProcessor.dll
20,WindowsDefaultHeatProcessor.dll,107008,3,2027484362,2034-04-01T06:06:02.000Z,imports,api-ms-win-crt-private-l1-1-0.dll,_o__initialize_narrow_environment,69e4db68c3968df92346fdf8477a3d1b,ce569c5288a891c97bc5b7a7fee68503fe19555476a147ab78e7a1e794868a65,c:\Windows\WinSxS\wow64_microsoft-windows-heatcore_31bf3856ad364e35_10.0.18362.1_none_c419d57244301dd0\WindowsDefaultHeatProcessor.dll
21,WindowsDefaultHeatProcessor.dll,107008,3,2027484362,2034-04-01T06:06:02.000Z,imports,api-ms-win-crt-private-l1-1-0.dll,_o__initialize_onexit_table,69e4db68c3968df92346fdf8477a3d1b,ce569c5288a891c97bc5b7a7fee68503fe19555476a147ab78e7a1e794868a65,c:\Windows\WinSxS\wow64_microsoft-windows-heatcore_31bf3856ad364e35_10.0.18362.1_none_c419d57244301dd0\WindowsDefaultHeatProcessor.dll
22,WindowsDefaultHeatProcessor.dll,107008,3,2027484362,2034-04-01T06:06:02.000Z,imports,api-ms-win-crt-private-l1-1-0.dll,_o__invalid_parameter_noinfo,69e4db68c3968df92346fdf8477a3d1b,ce569c5288a891c97bc5b7a7fee68503fe19555476a147ab78e7a1e794868a65,c:\Windows\WinSxS\wow64_microsoft-windows-heatcore_31bf3856ad364e35_10.0.18362.1_none_c419d57244301dd0\WindowsDefaultHeatProcessor.dll
23,WindowsDefaultHeatProcessor.dll,107008,3,2027484362,2034-04-01T06:06:02.000Z,imports,api-ms-win-crt-private-l1-1-0.dll,_o__invalid_parameter_noinfo_noreturn,69e4db68c3968df92346fdf8477a3d1b,ce569c5288a891c97bc5b7a7fee68503fe19555476a147ab78e7a1e794868a65,c:\Windows\WinSxS\wow64_microsoft-windows-heatcore_31bf3856ad364e35_10.0.18362.1_none_c419d57244301dd0\WindowsDefaultHeatProcessor.dll
24,WindowsDefaultHeatProcessor.dll,107008,3,2027484362,2034-04-01T06:06:02.000Z,imports,api-ms-win-crt-private-l1-1-0.dll,_o__purecall,69e4db68c3968df92346fdf8477a3d1b,ce569c5288a891c97bc5b7a7fee68503fe19555476a147ab78e7a1e794868a65,c:\Windows\WinSxS\wow64_microsoft-windows-heatcore_31bf3856ad364e35_10.0.18362.1_none_c419d57244301dd0\WindowsDefaultHeatProcessor.dll
25,WindowsDefaultHeatProcessor.dll,107008,3,2027484362,2034-04-01T06:06:02.000Z,imports,api-ms-win-crt-private-l1-1-0.dll,_o__register_onexit_function,69e4db68c3968df92346fdf8477a3d1b,ce569c5288a891c97bc5b7a7fee68503fe19555476a147ab78e7a1e794868a65,c:\Windows\WinSxS\wow64_microsoft-windows-heatcore_31bf3856ad364e35_10.0.18362.1_none_c419d57244301dd0\WindowsDefaultHeatProcessor.dll
26,WindowsDefaultHeatProcessor.dll,107008,3,2027484362,2034-04-01T06:06:02.000Z,imports,api-ms-win-crt-private-l1-1-0.dll,_o__seh_filter_dll,69e4db68c3968df92346fdf8477a3d1b,ce569c5288a891c97bc5b7a7fee68503fe19555476a147ab78e7a1e794868a65,c:\Windows\WinSxS\wow64_microsoft-windows-heatcore_31bf3856ad364e35_10.0.18362.1_none_c419d57244301dd0\WindowsDefaultHeatProcessor.dll
27,WindowsDefaultHeatProcessor.dll,107008,3,2027484362,2034-04-01T06:06:02.000Z,imports,api-ms-win-crt-private-l1-1-0.dll,_o_free,69e4db68c3968df92346fdf8477a3d1b,ce569c5288a891c97bc5b7a7fee68503fe19555476a147ab78e7a1e794868a65,c:\Windows\WinSxS\wow64_microsoft-windows-heatcore_31bf3856ad364e35_10.0.18362.1_none_c419d57244301dd0\WindowsDefaultHeatProcessor.dll
28,WindowsDefaultHeatProcessor.dll,107008,3,2027484362,2034-04-01T06:06:02.000Z,imports,api-ms-win-crt-private-l1-1-0.dll,_o_malloc,69e4db68c3968df92346fdf8477a3d1b,ce569c5288a891c97bc5b7a7fee68503fe19555476a147ab78e7a1e794868a65,c:\Windows\WinSxS\wow64_microsoft-windows-heatcore_31bf3856ad364e35_10.0.18362.1_none_c419d57244301dd0\WindowsDefaultHeatProcessor.dll
29,WindowsDefaultHeatProcessor.dll,107008,3,2027484362,2034-04-01T06:06:02.000Z,imports,api-ms-win-crt-private-l1-1-0.dll,memcmp,69e4db68c3968df92346fdf8477a3d1b,ce569c5288a891c97bc5b7a7fee68503fe19555476a147ab78e7a1e794868a65,c:\Windows\WinSxS\wow64_microsoft-windows-heatcore_31bf3856ad364e35_10.0.18362.1_none_c419d57244301dd0\WindowsDefaultHeatProcessor.dll
30,WindowsDefaultHeatProcessor.dll,107008,3,2027484362,2034-04-01T06:06:02.000Z,imports,api-ms-win-crt-private-l1-1-0.dll,memcpy,69e4db68c3968df92346fdf8477a3d1b,ce569c5288a891c97bc5b7a7fee68503fe19555476a147ab78e7a1e794868a65,c:\Windows\WinSxS\wow64_microsoft-windows-heatcore_31bf3856ad364e35_10.0.18362.1_none_c419d57244301dd0\WindowsDefaultHeatProcessor.dll
31,WindowsDefaultHeatProcessor.dll,107008,3,2027484362,2034-04-01T06:06:02.000Z,imports,api-ms-win-crt-private-l1-1-0.dll,memmove,69e4db68c3968df92346fdf8477a3d1b,ce569c5288a891c97bc5b7a7fee68503fe19555476a147ab78e7a1e794868a65,c:\Windows\WinSxS\wow64_microsoft-windows-heatcore_31bf3856ad364e35_10.0.18362.1_none_c419d57244301dd0\WindowsDefaultHeatProcessor.dll
32,WindowsDefaultHeatProcessor.dll,107008,3,2027484362,2034-04-01T06:06:02.000Z,imports,api-ms-win-core-libraryloader-l1-2-0.dll,DisableThreadLibraryCalls,69e4db68c3968df92346fdf8477a3d1b,ce569c5288a891c97bc5b7a7fee68503fe19555476a147ab78e7a1e794868a65,c:\Windows\WinSxS\wow64_microsoft-windows-heatcore_31bf3856ad364e35_10.0.18362.1_none_c419d57244301dd0\WindowsDefaultHeatProcessor.dll
33,WindowsDefaultHeatProcessor.dll,107008,3,2027484362,2034-04-01T06:06:02.000Z,imports,api-ms-win-core-libraryloader-l1-2-0.dll,GetModuleFileNameA,69e4db68c3968df92346fdf8477a3d1b,ce569c5288a891c97bc5b7a7fee68503fe19555476a147ab78e7a1e794868a65,c:\Windows\WinSxS\wow64_microsoft-windows-heatcore_31bf3856ad364e35_10.0.18362.1_none_c419d57244301dd0\WindowsDefaultHeatProcessor.dll
34,WindowsDefaultHeatProcessor.dll,107008,3,2027484362,2034-04-01T06:06:02.000Z,imports,api-ms-win-core-libraryloader-l1-2-0.dll,GetModuleHandleExW,69e4db68c3968df92346fdf8477a3d1b,ce569c5288a891c97bc5b7a7fee68503fe19555476a147ab78e7a1e794868a65,c:\Windows\WinSxS\wow64_microsoft-windows-heatcore_31bf3856ad364e35_10.0.18362.1_none_c419d57244301dd0\WindowsDefaultHeatProcessor.dll
35,WindowsDefaultHeatProcessor.dll,107008,3,2027484362,2034-04-01T06:06:02.000Z,imports,api-ms-win-core-libraryloader-l1-2-0.dll,GetModuleHandleW,69e4db68c3968df92346fdf8477a3d1b,ce569c5288a891c97bc5b7a7fee68503fe19555476a147ab78e7a1e794868a65,c:\Windows\WinSxS\wow64_microsoft-windows-heatcore_31bf3856ad364e35_10.0.18362.1_none_c419d57244301dd0\WindowsDefaultHeatProcessor.dll
36,WindowsDefaultHeatProcessor.dll,107008,3,2027484362,2034-04-01T06:06:02.000Z,imports,api-ms-win-core-libraryloader-l1-2-0.dll,GetProcAddress,69e4db68c3968df92346fdf8477a3d1b,ce569c5288a891c97bc5b7a7fee68503fe19555476a147ab78e7a1e794868a65,c:\Windows\WinSxS\wow64_microsoft-windows-heatcore_31bf3856ad364e35_10.0.18362.1_none_c419d57244301dd0\WindowsDefaultHeatProcessor.dll
37,WindowsDefaultHeatProcessor.dll,107008,3,2027484362,2034-04-01T06:06:02.000Z,imports,api-ms-win-core-synch-l1-2-0.dll,InitOnceBeginInitialize,69e4db68c3968df92346fdf8477a3d1b,ce569c5288a891c97bc5b7a7fee68503fe19555476a147ab78e7a1e794868a65,c:\Windows\WinSxS\wow64_microsoft-windows-heatcore_31bf3856ad364e35_10.0.18362.1_none_c419d57244301dd0\WindowsDefaultHeatProcessor.dll
38,WindowsDefaultHeatProcessor.dll,107008,3,2027484362,2034-04-01T06:06:02.000Z,imports,api-ms-win-core-synch-l1-2-0.dll,InitOnceComplete,69e4db68c3968df92346fdf8477a3d1b,ce569c5288a891c97bc5b7a7fee68503fe19555476a147ab78e7a1e794868a65,c:\Windows\WinSxS\wow64_microsoft-windows-heatcore_31bf3856ad364e35_10.0.18362.1_none_c419d57244301dd0\WindowsDefaultHeatProcessor.dll
39,WindowsDefaultHeatProcessor.dll,107008,3,2027484362,2034-04-01T06:06:02.000Z,imports,api-ms-win-core-synch-l1-1-0.dll,AcquireSRWLockExclusive,69e4db68c3968df92346fdf8477a3d1b,ce569c5288a891c97bc5b7a7fee68503fe19555476a147ab78e7a1e794868a65,c:\Windows\WinSxS\wow64_microsoft-windows-heatcore_31bf3856ad364e35_10.0.18362.1_none_c419d57244301dd0\WindowsDefaultHeatProcessor.dll
40,WindowsDefaultHeatProcessor.dll,107008,3,2027484362,2034-04-01T06:06:02.000Z,imports,api-ms-win-core-synch-l1-1-0.dll,AcquireSRWLockShared,69e4db68c3968df92346fdf8477a3d1b,ce569c5288a891c97bc5b7a7fee68503fe19555476a147ab78e7a1e794868a65,c:\Windows\WinSxS\wow64_microsoft-windows-heatcore_31bf3856ad364e35_10.0.18362.1_none_c419d57244301dd0\WindowsDefaultHeatProcessor.dll
41,WindowsDefaultHeatProcessor.dll,107008,3,2027484362,2034-04-01T06:06:02.000Z,imports,api-ms-win-core-synch-l1-1-0.dll,CreateMutexExW,69e4db68c3968df92346fdf8477a3d1b,ce569c5288a891c97bc5b7a7fee68503fe19555476a147ab78e7a1e794868a65,c:\Windows\WinSxS\wow64_microsoft-windows-heatcore_31bf3856ad364e35_10.0.18362.1_none_c419d57244301dd0\WindowsDefaultHeatProcessor.dll
42,WindowsDefaultHeatProcessor.dll,107008,3,2027484362,2034-04-01T06:06:02.000Z,imports,api-ms-win-core-synch-l1-1-0.dll,CreateSemaphoreExW,69e4db68c3968df92346fdf8477a3d1b,ce569c5288a891c97bc5b7a7fee68503fe19555476a147ab78e7a1e794868a65,c:\Windows\WinSxS\wow64_microsoft-windows-heatcore_31bf3856ad364e35_10.0.18362.1_none_c419d57244301dd0\WindowsDefaultHeatProcessor.dll
43,WindowsDefaultHeatProcessor.dll,107008,3,2027484362,2034-04-01T06:06:02.000Z,imports,api-ms-win-core-synch-l1-1-0.dll,DeleteCriticalSection,69e4db68c3968df92346fdf8477a3d1b,ce569c5288a891c97bc5b7a7fee68503fe19555476a147ab78e7a1e794868a65,c:\Windows\WinSxS\wow64_microsoft-windows-heatcore_31bf3856ad364e35_10.0.18362.1_none_c419d57244301dd0\WindowsDefaultHeatProcessor.dll
44,WindowsDefaultHeatProcessor.dll,107008,3,2027484362,2034-04-01T06:06:02.000Z,imports,api-ms-win-core-synch-l1-1-0.dll,EnterCriticalSection,69e4db68c3968df92346fdf8477a3d1b,ce569c5288a891c97bc5b7a7fee68503fe19555476a147ab78e7a1e794868a65,c:\Windows\WinSxS\wow64_microsoft-windows-heatcore_31bf3856ad364e35_10.0.18362.1_none_c419d57244301dd0\WindowsDefaultHeatProcessor.dll
45,WindowsDefaultHeatProcessor.dll,107008,3,2027484362,2034-04-01T06:06:02.000Z,imports,api-ms-win-core-synch-l1-1-0.dll,InitializeCriticalSectionEx,69e4db68c3968df92346fdf8477a3d1b,ce569c5288a891c97bc5b7a7fee68503fe19555476a147ab78e7a1e794868a65,c:\Windows\WinSxS\wow64_microsoft-windows-heatcore_31bf3856ad364e35_10.0.18362.1_none_c419d57244301dd0\WindowsDefaultHeatProcessor.dll
46,WindowsDefaultHeatProcessor.dll,107008,3,2027484362,2034-04-01T06:06:02.000Z,imports,api-ms-win-core-synch-l1-1-0.dll,LeaveCriticalSection,69e4db68c3968df92346fdf8477a3d1b,ce569c5288a891c97bc5b7a7fee68503fe19555476a147ab78e7a1e794868a65,c:\Windows\WinSxS\wow64_microsoft-windows-heatcore_31bf3856ad364e35_10.0.18362.1_none_c419d57244301dd0\WindowsDefaultHeatProcessor.dll
47,WindowsDefaultHeatProcessor.dll,107008,3,2027484362,2034-04-01T06:06:02.000Z,imports,api-ms-win-core-synch-l1-1-0.dll,OpenSemaphoreW,69e4db68c3968df92346fdf8477a3d1b,ce569c5288a891c97bc5b7a7fee68503fe19555476a147ab78e7a1e794868a65,c:\Windows\WinSxS\wow64_microsoft-windows-heatcore_31bf3856ad364e35_10.0.18362.1_none_c419d57244301dd0\WindowsDefaultHeatProcessor.dll
48,WindowsDefaultHeatProcessor.dll,107008,3,2027484362,2034-04-01T06:06:02.000Z,imports,api-ms-win-core-synch-l1-1-0.dll,ReleaseMutex,69e4db68c3968df92346fdf8477a3d1b,ce569c5288a891c97bc5b7a7fee68503fe19555476a147ab78e7a1e794868a65,c:\Windows\WinSxS\wow64_microsoft-windows-heatcore_31bf3856ad364e35_10.0.18362.1_none_c419d57244301dd0\WindowsDefaultHeatProcessor.dll
49,WindowsDefaultHeatProcessor.dll,107008,3,2027484362,2034-04-01T06:06:02.000Z,imports,api-ms-win-core-synch-l1-1-0.dll,ReleaseSRWLockExclusive,69e4db68c3968df92346fdf8477a3d1b,ce569c5288a891c97bc5b7a7fee68503fe19555476a147ab78e7a1e794868a65,c:\Windows\WinSxS\wow64_microsoft-windows-heatcore_31bf3856ad364e35_10.0.18362.1_none_c419d57244301dd0\WindowsDefaultHeatProcessor.dll
50,WindowsDefaultHeatProcessor.dll,107008,3,2027484362,2034-04-01T06:06:02.000Z,imports,api-ms-win-core-synch-l1-1-0.dll,ReleaseSRWLockShared,69e4db68c3968df92346fdf8477a3d1b,ce569c5288a891c97bc5b7a7fee68503fe19555476a147ab78e7a1e794868a65,c:\Windows\WinSxS\wow64_microsoft-windows-heatcore_31bf3856ad364e35_10.0.18362.1_none_c419d57244301dd0\WindowsDefaultHeatProcessor.dll
51,WindowsDefaultHeatProcessor.dll,107008,3,2027484362,2034-04-01T06:06:02.000Z,imports,api-ms-win-core-synch-l1-1-0.dll,ReleaseSemaphore,69e4db68c3968df92346fdf8477a3d1b,ce569c5288a891c97bc5b7a7fee68503fe19555476a147ab78e7a1e794868a65,c:\Windows\WinSxS\wow64_microsoft-windows-heatcore_31bf3856ad364e35_10.0.18362.1_none_c419d57244301dd0\WindowsDefaultHeatProcessor.dll
52,WindowsDefaultHeatProcessor.dll,107008,3,2027484362,2034-04-01T06:06:02.000Z,imports,api-ms-win-core-synch-l1-1-0.dll,WaitForSingleObject,69e4db68c3968df92346fdf8477a3d1b,ce569c5288a891c97bc5b7a7fee68503fe19555476a147ab78e7a1e794868a65,c:\Windows\WinSxS\wow64_microsoft-windows-heatcore_31bf3856ad364e35_10.0.18362.1_none_c419d57244301dd0\WindowsDefaultHeatProcessor.dll
53,WindowsDefaultHeatProcessor.dll,107008,3,2027484362,2034-04-01T06:06:02.000Z,imports,api-ms-win-core-synch-l1-1-0.dll,WaitForSingleObjectEx,69e4db68c3968df92346fdf8477a3d1b,ce569c5288a891c97bc5b7a7fee68503fe19555476a147ab78e7a1e794868a65,c:\Windows\WinSxS\wow64_microsoft-windows-heatcore_31bf3856ad364e35_10.0.18362.1_none_c419d57244301dd0\WindowsDefaultHeatProcessor.dll
54,WindowsDefaultHeatProcessor.dll,107008,3,2027484362,2034-04-01T06:06:02.000Z,imports,api-ms-win-core-heap-l1-1-0.dll,GetProcessHeap,69e4db68c3968df92346fdf8477a3d1b,ce569c5288a891c97bc5b7a7fee68503fe19555476a147ab78e7a1e794868a65,c:\Windows\WinSxS\wow64_microsoft-windows-heatcore_31bf3856ad364e35_10.0.18362.1_none_c419d57244301dd0\WindowsDefaultHeatProcessor.dll
55,WindowsDefaultHeatProcessor.dll,107008,3,2027484362,2034-04-01T06:06:02.000Z,imports,api-ms-win-core-heap-l1-1-0.dll,HeapAlloc,69e4db68c3968df92346fdf8477a3d1b,ce569c5288a891c97bc5b7a7fee68503fe19555476a147ab78e7a1e794868a65,c:\Windows\WinSxS\wow64_microsoft-windows-heatcore_31bf3856ad364e35_10.0.18362.1_none_c419d57244301dd0\WindowsDefaultHeatProcessor.dll
56,WindowsDefaultHeatProcessor.dll,107008,3,2027484362,2034-04-01T06:06:02.000Z,imports,api-ms-win-core-heap-l1-1-0.dll,HeapFree,69e4db68c3968df92346fdf8477a3d1b,ce569c5288a891c97bc5b7a7fee68503fe19555476a147ab78e7a1e794868a65,c:\Windows\WinSxS\wow64_microsoft-windows-heatcore_31bf3856ad364e35_10.0.18362.1_none_c419d57244301dd0\WindowsDefaultHeatProcessor.dll
57,WindowsDefaultHeatProcessor.dll,107008,3,2027484362,2034-04-01T06:06:02.000Z,imports,api-ms-win-core-errorhandling-l1-1-0.dll,GetLastError,69e4db68c3968df92346fdf8477a3d1b,ce569c5288a891c97bc5b7a7fee68503fe19555476a147ab78e7a1e794868a65,c:\Windows\WinSxS\wow64_microsoft-windows-heatcore_31bf3856ad364e35_10.0.18362.1_none_c419d57244301dd0\WindowsDefaultHeatProcessor.dll
58,WindowsDefaultHeatProcessor.dll,107008,3,2027484362,2034-04-01T06:06:02.000Z,imports,api-ms-win-core-errorhandling-l1-1-0.dll,SetLastError,69e4db68c3968df92346fdf8477a3d1b,ce569c5288a891c97bc5b7a7fee68503fe19555476a147ab78e7a1e794868a65,c:\Windows\WinSxS\wow64_microsoft-windows-heatcore_31bf3856ad364e35_10.0.18362.1_none_c419d57244301dd0\WindowsDefaultHeatProcessor.dll
59,WindowsDefaultHeatProcessor.dll,107008,3,2027484362,2034-04-01T06:06:02.000Z,imports,api-ms-win-core-errorhandling-l1-1-0.dll,SetUnhandledExceptionFilter,69e4db68c3968df92346fdf8477a3d1b,ce569c5288a891c97bc5b7a7fee68503fe19555476a147ab78e7a1e794868a65,c:\Windows\WinSxS\wow64_microsoft-windows-heatcore_31bf3856ad364e35_10.0.18362.1_none_c419d57244301dd0\WindowsDefaultHeatProcessor.dll
60,WindowsDefaultHeatProcessor.dll,107008,3,2027484362,2034-04-01T06:06:02.000Z,imports,api-ms-win-core-errorhandling-l1-1-0.dll,UnhandledExceptionFilter,69e4db68c3968df92346fdf8477a3d1b,ce569c5288a891c97bc5b7a7fee68503fe19555476a147ab78e7a1e794868a65,c:\Windows\WinSxS\wow64_microsoft-windows-heatcore_31bf3856ad364e35_10.0.18362.1_none_c419d57244301dd0\WindowsDefaultHeatProcessor.dll
61,WindowsDefaultHeatProcessor.dll,107008,3,2027484362,2034-04-01T06:06:02.000Z,imports,api-ms-win-eventing-provider-l1-1-0.dll,EventRegister,69e4db68c3968df92346fdf8477a3d1b,ce569c5288a891c97bc5b7a7fee68503fe19555476a147ab78e7a1e794868a65,c:\Windows\WinSxS\wow64_microsoft-windows-heatcore_31bf3856ad364e35_10.0.18362.1_none_c419d57244301dd0\WindowsDefaultHeatProcessor.dll
62,WindowsDefaultHeatProcessor.dll,107008,3,2027484362,2034-04-01T06:06:02.000Z,imports,api-ms-win-eventing-provider-l1-1-0.dll,EventSetInformation,69e4db68c3968df92346fdf8477a3d1b,ce569c5288a891c97bc5b7a7fee68503fe19555476a147ab78e7a1e794868a65,c:\Windows\WinSxS\wow64_microsoft-windows-heatcore_31bf3856ad364e35_10.0.18362.1_none_c419d57244301dd0\WindowsDefaultHeatProcessor.dll
63,WindowsDefaultHeatProcessor.dll,107008,3,2027484362,2034-04-01T06:06:02.000Z,imports,api-ms-win-eventing-provider-l1-1-0.dll,EventUnregister,69e4db68c3968df92346fdf8477a3d1b,ce569c5288a891c97bc5b7a7fee68503fe19555476a147ab78e7a1e794868a65,c:\Windows\WinSxS\wow64_microsoft-windows-heatcore_31bf3856ad364e35_10.0.18362.1_none_c419d57244301dd0\WindowsDefaultHeatProcessor.dll
64,WindowsDefaultHeatProcessor.dll,107008,3,2027484362,2034-04-01T06:06:02.000Z,imports,api-ms-win-eventing-provider-l1-1-0.dll,EventWriteTransfer,69e4db68c3968df92346fdf8477a3d1b,ce569c5288a891c97bc5b7a7fee68503fe19555476a147ab78e7a1e794868a65,c:\Windows\WinSxS\wow64_microsoft-windows-heatcore_31bf3856ad364e35_10.0.18362.1_none_c419d57244301dd0\WindowsDefaultHeatProcessor.dll
65,WindowsDefaultHeatProcessor.dll,107008,3,2027484362,2034-04-01T06:06:02.000Z,imports,api-ms-win-core-threadpool-l1-2-0.dll,CloseThreadpoolTimer,69e4db68c3968df92346fdf8477a3d1b,ce569c5288a891c97bc5b7a7fee68503fe19555476a147ab78e7a1e794868a65,c:\Windows\WinSxS\wow64_microsoft-windows-heatcore_31bf3856ad364e35_10.0.18362.1_none_c419d57244301dd0\WindowsDefaultHeatProcessor.dll
66,WindowsDefaultHeatProcessor.dll,107008,3,2027484362,2034-04-01T06:06:02.000Z,imports,api-ms-win-core-threadpool-l1-2-0.dll,CreateThreadpoolTimer,69e4db68c3968df92346fdf8477a3d1b,ce569c5288a891c97bc5b7a7fee68503fe19555476a147ab78e7a1e794868a65,c:\Windows\WinSxS\wow64_microsoft-windows-heatcore_31bf3856ad364e35_10.0.18362.1_none_c419d57244301dd0\WindowsDefaultHeatProcessor.dll
67,WindowsDefaultHeatProcessor.dll,107008,3,2027484362,2034-04-01T06:06:02.000Z,imports,api-ms-win-core-threadpool-l1-2-0.dll,SetThreadpoolTimer,69e4db68c3968df92346fdf8477a3d1b,ce569c5288a891c97bc5b7a7fee68503fe19555476a147ab78e7a1e794868a65,c:\Windows\WinSxS\wow64_microsoft-windows-heatcore_31bf3856ad364e35_10.0.18362.1_none_c419d57244301dd0\WindowsDefaultHeatProcessor.dll
68,WindowsDefaultHeatProcessor.dll,107008,3,2027484362,2034-04-01T06:06:02.000Z,imports,api-ms-win-core-threadpool-l1-2-0.dll,WaitForThreadpoolTimerCallbacks,69e4db68c3968df92346fdf8477a3d1b,ce569c5288a891c97bc5b7a7fee68503fe19555476a147ab78e7a1e794868a65,c:\Windows\WinSxS\wow64_microsoft-windows-heatcore_31bf3856ad364e35_10.0.18362.1_none_c419d57244301dd0\WindowsDefaultHeatProcessor.dll
69,WindowsDefaultHeatProcessor.dll,107008,3,2027484362,2034-04-01T06:06:02.000Z,imports,api-ms-win-core-processthreads-l1-1-0.dll,GetCurrentProcess,69e4db68c3968df92346fdf8477a3d1b,ce569c5288a891c97bc5b7a7fee68503fe19555476a147ab78e7a1e794868a65,c:\Windows\WinSxS\wow64_microsoft-windows-heatcore_31bf3856ad364e35_10.0.18362.1_none_c419d57244301dd0\WindowsDefaultHeatProcessor.dll
70,WindowsDefaultHeatProcessor.dll,107008,3,2027484362,2034-04-01T06:06:02.000Z,imports,api-ms-win-core-processthreads-l1-1-0.dll,GetCurrentProcessId,69e4db68c3968df92346fdf8477a3d1b,ce569c5288a891c97bc5b7a7fee68503fe19555476a147ab78e7a1e794868a65,c:\Windows\WinSxS\wow64_microsoft-windows-heatcore_31bf3856ad364e35_10.0.18362.1_none_c419d57244301dd0\WindowsDefaultHeatProcessor.dll
71,WindowsDefaultHeatProcessor.dll,107008,3,2027484362,2034-04-01T06:06:02.000Z,imports,api-ms-win-core-processthreads-l1-1-0.dll,GetCurrentThreadId,69e4db68c3968df92346fdf8477a3d1b,ce569c5288a891c97bc5b7a7fee68503fe19555476a147ab78e7a1e794868a65,c:\Windows\WinSxS\wow64_microsoft-windows-heatcore_31bf3856ad364e35_10.0.18362.1_none_c419d57244301dd0\WindowsDefaultHeatProcessor.dll
72,WindowsDefaultHeatProcessor.dll,107008,3,2027484362,2034-04-01T06:06:02.000Z,imports,api-ms-win-core-processthreads-l1-1-0.dll,TerminateProcess,69e4db68c3968df92346fdf8477a3d1b,ce569c5288a891c97bc5b7a7fee68503fe19555476a147ab78e7a1e794868a65,c:\Windows\WinSxS\wow64_microsoft-windows-heatcore_31bf3856ad364e35_10.0.18362.1_none_c419d57244301dd0\WindowsDefaultHeatProcessor.dll
73,WindowsDefaultHeatProcessor.dll,107008,3,2027484362,2034-04-01T06:06:02.000Z,imports,api-ms-win-core-localization-l1-2-0.dll,FormatMessageW,69e4db68c3968df92346fdf8477a3d1b,ce569c5288a891c97bc5b7a7fee68503fe19555476a147ab78e7a1e794868a65,c:\Windows\WinSxS\wow64_microsoft-windows-heatcore_31bf3856ad364e35_10.0.18362.1_none_c419d57244301dd0\WindowsDefaultHeatProcessor.dll
74,WindowsDefaultHeatProcessor.dll,107008,3,2027484362,2034-04-01T06:06:02.000Z,imports,api-ms-win-core-debug-l1-1-0.dll,DebugBreak,69e4db68c3968df92346fdf8477a3d1b,ce569c5288a891c97bc5b7a7fee68503fe19555476a147ab78e7a1e794868a65,c:\Windows\WinSxS\wow64_microsoft-windows-heatcore_31bf3856ad364e35_10.0.18362.1_none_c419d57244301dd0\WindowsDefaultHeatProcessor.dll
75,WindowsDefaultHeatProcessor.dll,107008,3,2027484362,2034-04-01T06:06:02.000Z,imports,api-ms-win-core-debug-l1-1-0.dll,IsDebuggerPresent,69e4db68c3968df92346fdf8477a3d1b,ce569c5288a891c97bc5b7a7fee68503fe19555476a147ab78e7a1e794868a65,c:\Windows\WinSxS\wow64_microsoft-windows-heatcore_31bf3856ad364e35_10.0.18362.1_none_c419d57244301dd0\WindowsDefaultHeatProcessor.dll
76,WindowsDefaultHeatProcessor.dll,107008,3,2027484362,2034-04-01T06:06:02.000Z,imports,api-ms-win-core-debug-l1-1-0.dll,OutputDebugStringW,69e4db68c3968df92346fdf8477a3d1b,ce569c5288a891c97bc5b7a7fee68503fe19555476a147ab78e7a1e794868a65,c:\Windows\WinSxS\wow64_microsoft-windows-heatcore_31bf3856ad364e35_10.0.18362.1_none_c419d57244301dd0\WindowsDefaultHeatProcessor.dll
77,WindowsDefaultHeatProcessor.dll,107008,3,2027484362,2034-04-01T06:06:02.000Z,imports,api-ms-win-core-handle-l1-1-0.dll,CloseHandle,69e4db68c3968df92346fdf8477a3d1b,ce569c5288a891c97bc5b7a7fee68503fe19555476a147ab78e7a1e794868a65,c:\Windows\WinSxS\wow64_microsoft-windows-heatcore_31bf3856ad364e35_10.0.18362.1_none_c419d57244301dd0\WindowsDefaultHeatProcessor.dll
78,WindowsDefaultHeatProcessor.dll,107008,3,2027484362,2034-04-01T06:06:02.000Z,imports,api-ms-win-core-string-l1-1-0.dll,MultiByteToWideChar,69e4db68c3968df92346fdf8477a3d1b,ce569c5288a891c97bc5b7a7fee68503fe19555476a147ab78e7a1e794868a65,c:\Windows\WinSxS\wow64_microsoft-windows-heatcore_31bf3856ad364e35_10.0.18362.1_none_c419d57244301dd0\WindowsDefaultHeatProcessor.dll
79,WindowsDefaultHeatProcessor.dll,107008,3,2027484362,2034-04-01T06:06:02.000Z,imports,api-ms-win-core-profile-l1-1-0.dll,QueryPerformanceCounter,69e4db68c3968df92346fdf8477a3d1b,ce569c5288a891c97bc5b7a7fee68503fe19555476a147ab78e7a1e794868a65,c:\Windows\WinSxS\wow64_microsoft-windows-heatcore_31bf3856ad364e35_10.0.18362.1_none_c419d57244301dd0\WindowsDefaultHeatProcessor.dll
80,WindowsDefaultHeatProcessor.dll,107008,3,2027484362,2034-04-01T06:06:02.000Z,imports,api-ms-win-core-profile-l1-1-0.dll,QueryPerformanceFrequency,69e4db68c3968df92346fdf8477a3d1b,ce569c5288a891c97bc5b7a7fee68503fe19555476a147ab78e7a1e794868a65,c:\Windows\WinSxS\wow64_microsoft-windows-heatcore_31bf3856ad364e35_10.0.18362.1_none_c419d57244301dd0\WindowsDefaultHeatProcessor.dll
81,WindowsDefaultHeatProcessor.dll,107008,3,2027484362,2034-04-01T06:06:02.000Z,imports,api-ms-win-core-processthreads-l1-1-1.dll,IsProcessorFeaturePresent,69e4db68c3968df92346fdf8477a3d1b,ce569c5288a891c97bc5b7a7fee68503fe19555476a147ab78e7a1e794868a65,c:\Windows\WinSxS\wow64_microsoft-windows-heatcore_31bf3856ad364e35_10.0.18362.1_none_c419d57244301dd0\WindowsDefaultHeatProcessor.dll
82,WindowsDefaultHeatProcessor.dll,107008,3,2027484362,2034-04-01T06:06:02.000Z,imports,api-ms-win-core-sysinfo-l1-1-0.dll,GetSystemTimeAsFileTime,69e4db68c3968df92346fdf8477a3d1b,ce569c5288a891c97bc5b7a7fee68503fe19555476a147ab78e7a1e794868a65,c:\Windows\WinSxS\wow64_microsoft-windows-heatcore_31bf3856ad364e35_10.0.18362.1_none_c419d57244301dd0\WindowsDefaultHeatProcessor.dll
83,WindowsDefaultHeatProcessor.dll,107008,3,2027484362,2034-04-01T06:06:02.000Z,imports,api-ms-win-core-interlocked-l1-1-0.dll,InitializeSListHead,69e4db68c3968df92346fdf8477a3d1b,ce569c5288a891c97bc5b7a7fee68503fe19555476a147ab78e7a1e794868a65,c:\Windows\WinSxS\wow64_microsoft-windows-heatcore_31bf3856ad364e35_10.0.18362.1_none_c419d57244301dd0\WindowsDefaultHeatProcessor.dll
84,WindowsDefaultHeatProcessor.dll,107008,3,2027484362,2034-04-01T06:06:02.000Z,exports,WindowsDefaultHeatProcessor.dll,CreateHeatProcessor,69e4db68c3968df92346fdf8477a3d1b,ce569c5288a891c97bc5b7a7fee68503fe19555476a147ab78e7a1e794868a65,c:\Windows\WinSxS\wow64_microsoft-windows-heatcore_31bf3856ad364e35_10.0.18362.1_none_c419d57244301dd0\WindowsDefaultHeatProcessor.dll
