,col0,col1,col2,col3,col4,col5,col6,col7,col8,col9,col10
0,audmigplugin.dll,71720,3,31211063,1970-12-28T05:44:23.000Z,imports,msvcrt.dll,_CxxThrowException,594dff1d29df006108feeb11f42ae5fd,5bb0a715e48020e2e73a8bf3ebdb8e93095cb04b565ea5d9519b3cb166ae5e52,c:\Windows\System32\migration\audmigplugin.dll
1,audmigplugin.dll,71720,3,31211063,1970-12-28T05:44:23.000Z,imports,msvcrt.dll,_XcptFilter,594dff1d29df006108feeb11f42ae5fd,5bb0a715e48020e2e73a8bf3ebdb8e93095cb04b565ea5d9519b3cb166ae5e52,c:\Windows\System32\migration\audmigplugin.dll
2,audmigplugin.dll,71720,3,31211063,1970-12-28T05:44:23.000Z,imports,msvcrt.dll,__C_specific_handler,594dff1d29df006108feeb11f42ae5fd,5bb0a715e48020e2e73a8bf3ebdb8e93095cb04b565ea5d9519b3cb166ae5e52,c:\Windows\System32\migration\audmigplugin.dll
3,audmigplugin.dll,71720,3,31211063,1970-12-28T05:44:23.000Z,imports,msvcrt.dll,__dllonexit,594dff1d29df006108feeb11f42ae5fd,5bb0a715e48020e2e73a8bf3ebdb8e93095cb04b565ea5d9519b3cb166ae5e52,c:\Windows\System32\migration\audmigplugin.dll
4,audmigplugin.dll,71720,3,31211063,1970-12-28T05:44:23.000Z,imports,msvcrt.dll,_amsg_exit,594dff1d29df006108feeb11f42ae5fd,5bb0a715e48020e2e73a8bf3ebdb8e93095cb04b565ea5d9519b3cb166ae5e52,c:\Windows\System32\migration\audmigplugin.dll
5,audmigplugin.dll,71720,3,31211063,1970-12-28T05:44:23.000Z,imports,msvcrt.dll,_callnewh,594dff1d29df006108feeb11f42ae5fd,5bb0a715e48020e2e73a8bf3ebdb8e93095cb04b565ea5d9519b3cb166ae5e52,c:\Windows\System32\migration\audmigplugin.dll
6,audmigplugin.dll,71720,3,31211063,1970-12-28T05:44:23.000Z,imports,msvcrt.dll,_errno,594dff1d29df006108feeb11f42ae5fd,5bb0a715e48020e2e73a8bf3ebdb8e93095cb04b565ea5d9519b3cb166ae5e52,c:\Windows\System32\migration\audmigplugin.dll
7,audmigplugin.dll,71720,3,31211063,1970-12-28T05:44:23.000Z,imports,msvcrt.dll,_initterm,594dff1d29df006108feeb11f42ae5fd,5bb0a715e48020e2e73a8bf3ebdb8e93095cb04b565ea5d9519b3cb166ae5e52,c:\Windows\System32\migration\audmigplugin.dll
8,audmigplugin.dll,71720,3,31211063,1970-12-28T05:44:23.000Z,imports,msvcrt.dll,_lock,594dff1d29df006108feeb11f42ae5fd,5bb0a715e48020e2e73a8bf3ebdb8e93095cb04b565ea5d9519b3cb166ae5e52,c:\Windows\System32\migration\audmigplugin.dll
9,audmigplugin.dll,71720,3,31211063,1970-12-28T05:44:23.000Z,imports,msvcrt.dll,_onexit,594dff1d29df006108feeb11f42ae5fd,5bb0a715e48020e2e73a8bf3ebdb8e93095cb04b565ea5d9519b3cb166ae5e52,c:\Windows\System32\migration\audmigplugin.dll
10,audmigplugin.dll,71720,3,31211063,1970-12-28T05:44:23.000Z,imports,msvcrt.dll,_purecall,594dff1d29df006108feeb11f42ae5fd,5bb0a715e48020e2e73a8bf3ebdb8e93095cb04b565ea5d9519b3cb166ae5e52,c:\Windows\System32\migration\audmigplugin.dll
11,audmigplugin.dll,71720,3,31211063,1970-12-28T05:44:23.000Z,imports,msvcrt.dll,_unlock,594dff1d29df006108feeb11f42ae5fd,5bb0a715e48020e2e73a8bf3ebdb8e93095cb04b565ea5d9519b3cb166ae5e52,c:\Windows\System32\migration\audmigplugin.dll
12,audmigplugin.dll,71720,3,31211063,1970-12-28T05:44:23.000Z,imports,msvcrt.dll,_vsnwprintf,594dff1d29df006108feeb11f42ae5fd,5bb0a715e48020e2e73a8bf3ebdb8e93095cb04b565ea5d9519b3cb166ae5e52,c:\Windows\System32\migration\audmigplugin.dll
13,audmigplugin.dll,71720,3,31211063,1970-12-28T05:44:23.000Z,imports,msvcrt.dll,_wcslwr,594dff1d29df006108feeb11f42ae5fd,5bb0a715e48020e2e73a8bf3ebdb8e93095cb04b565ea5d9519b3cb166ae5e52,c:\Windows\System32\migration\audmigplugin.dll
14,audmigplugin.dll,71720,3,31211063,1970-12-28T05:44:23.000Z,imports,msvcrt.dll,free,594dff1d29df006108feeb11f42ae5fd,5bb0a715e48020e2e73a8bf3ebdb8e93095cb04b565ea5d9519b3cb166ae5e52,c:\Windows\System32\migration\audmigplugin.dll
15,audmigplugin.dll,71720,3,31211063,1970-12-28T05:44:23.000Z,imports,msvcrt.dll,malloc,594dff1d29df006108feeb11f42ae5fd,5bb0a715e48020e2e73a8bf3ebdb8e93095cb04b565ea5d9519b3cb166ae5e52,c:\Windows\System32\migration\audmigplugin.dll
16,audmigplugin.dll,71720,3,31211063,1970-12-28T05:44:23.000Z,imports,msvcrt.dll,memcmp,594dff1d29df006108feeb11f42ae5fd,5bb0a715e48020e2e73a8bf3ebdb8e93095cb04b565ea5d9519b3cb166ae5e52,c:\Windows\System32\migration\audmigplugin.dll
17,audmigplugin.dll,71720,3,31211063,1970-12-28T05:44:23.000Z,imports,msvcrt.dll,memcpy_s,594dff1d29df006108feeb11f42ae5fd,5bb0a715e48020e2e73a8bf3ebdb8e93095cb04b565ea5d9519b3cb166ae5e52,c:\Windows\System32\migration\audmigplugin.dll
18,audmigplugin.dll,71720,3,31211063,1970-12-28T05:44:23.000Z,imports,msvcrt.dll,memmove_s,594dff1d29df006108feeb11f42ae5fd,5bb0a715e48020e2e73a8bf3ebdb8e93095cb04b565ea5d9519b3cb166ae5e52,c:\Windows\System32\migration\audmigplugin.dll
19,audmigplugin.dll,71720,3,31211063,1970-12-28T05:44:23.000Z,imports,msvcrt.dll,memset,594dff1d29df006108feeb11f42ae5fd,5bb0a715e48020e2e73a8bf3ebdb8e93095cb04b565ea5d9519b3cb166ae5e52,c:\Windows\System32\migration\audmigplugin.dll
20,audmigplugin.dll,71720,3,31211063,1970-12-28T05:44:23.000Z,imports,msvcrt.dll,realloc,594dff1d29df006108feeb11f42ae5fd,5bb0a715e48020e2e73a8bf3ebdb8e93095cb04b565ea5d9519b3cb166ae5e52,c:\Windows\System32\migration\audmigplugin.dll
21,audmigplugin.dll,71720,3,31211063,1970-12-28T05:44:23.000Z,imports,msvcrt.dll,swprintf_s,594dff1d29df006108feeb11f42ae5fd,5bb0a715e48020e2e73a8bf3ebdb8e93095cb04b565ea5d9519b3cb166ae5e52,c:\Windows\System32\migration\audmigplugin.dll
22,audmigplugin.dll,71720,3,31211063,1970-12-28T05:44:23.000Z,imports,msvcrt.dll,wcscat_s,594dff1d29df006108feeb11f42ae5fd,5bb0a715e48020e2e73a8bf3ebdb8e93095cb04b565ea5d9519b3cb166ae5e52,c:\Windows\System32\migration\audmigplugin.dll
23,audmigplugin.dll,71720,3,31211063,1970-12-28T05:44:23.000Z,imports,msvcrt.dll,wcscpy_s,594dff1d29df006108feeb11f42ae5fd,5bb0a715e48020e2e73a8bf3ebdb8e93095cb04b565ea5d9519b3cb166ae5e52,c:\Windows\System32\migration\audmigplugin.dll
24,audmigplugin.dll,71720,3,31211063,1970-12-28T05:44:23.000Z,imports,msvcrt.dll,wcsncpy_s,594dff1d29df006108feeb11f42ae5fd,5bb0a715e48020e2e73a8bf3ebdb8e93095cb04b565ea5d9519b3cb166ae5e52,c:\Windows\System32\migration\audmigplugin.dll
25,audmigplugin.dll,71720,3,31211063,1970-12-28T05:44:23.000Z,imports,msvcrt.dll,wcsstr,594dff1d29df006108feeb11f42ae5fd,5bb0a715e48020e2e73a8bf3ebdb8e93095cb04b565ea5d9519b3cb166ae5e52,c:\Windows\System32\migration\audmigplugin.dll
26,audmigplugin.dll,71720,3,31211063,1970-12-28T05:44:23.000Z,imports,ntdll.dll,RtlCaptureContext,594dff1d29df006108feeb11f42ae5fd,5bb0a715e48020e2e73a8bf3ebdb8e93095cb04b565ea5d9519b3cb166ae5e52,c:\Windows\System32\migration\audmigplugin.dll
27,audmigplugin.dll,71720,3,31211063,1970-12-28T05:44:23.000Z,imports,ntdll.dll,RtlLookupFunctionEntry,594dff1d29df006108feeb11f42ae5fd,5bb0a715e48020e2e73a8bf3ebdb8e93095cb04b565ea5d9519b3cb166ae5e52,c:\Windows\System32\migration\audmigplugin.dll
28,audmigplugin.dll,71720,3,31211063,1970-12-28T05:44:23.000Z,imports,ntdll.dll,RtlVirtualUnwind,594dff1d29df006108feeb11f42ae5fd,5bb0a715e48020e2e73a8bf3ebdb8e93095cb04b565ea5d9519b3cb166ae5e52,c:\Windows\System32\migration\audmigplugin.dll
29,audmigplugin.dll,71720,3,31211063,1970-12-28T05:44:23.000Z,imports,api-ms-win-core-libraryloader-l1-2-0.dll,FindResourceExW,594dff1d29df006108feeb11f42ae5fd,5bb0a715e48020e2e73a8bf3ebdb8e93095cb04b565ea5d9519b3cb166ae5e52,c:\Windows\System32\migration\audmigplugin.dll
30,audmigplugin.dll,71720,3,31211063,1970-12-28T05:44:23.000Z,imports,api-ms-win-core-libraryloader-l1-2-0.dll,FreeLibrary,594dff1d29df006108feeb11f42ae5fd,5bb0a715e48020e2e73a8bf3ebdb8e93095cb04b565ea5d9519b3cb166ae5e52,c:\Windows\System32\migration\audmigplugin.dll
31,audmigplugin.dll,71720,3,31211063,1970-12-28T05:44:23.000Z,imports,api-ms-win-core-libraryloader-l1-2-0.dll,GetModuleFileNameW,594dff1d29df006108feeb11f42ae5fd,5bb0a715e48020e2e73a8bf3ebdb8e93095cb04b565ea5d9519b3cb166ae5e52,c:\Windows\System32\migration\audmigplugin.dll
32,audmigplugin.dll,71720,3,31211063,1970-12-28T05:44:23.000Z,imports,api-ms-win-core-libraryloader-l1-2-0.dll,GetModuleHandleW,594dff1d29df006108feeb11f42ae5fd,5bb0a715e48020e2e73a8bf3ebdb8e93095cb04b565ea5d9519b3cb166ae5e52,c:\Windows\System32\migration\audmigplugin.dll
33,audmigplugin.dll,71720,3,31211063,1970-12-28T05:44:23.000Z,imports,api-ms-win-core-libraryloader-l1-2-0.dll,GetProcAddress,594dff1d29df006108feeb11f42ae5fd,5bb0a715e48020e2e73a8bf3ebdb8e93095cb04b565ea5d9519b3cb166ae5e52,c:\Windows\System32\migration\audmigplugin.dll
34,audmigplugin.dll,71720,3,31211063,1970-12-28T05:44:23.000Z,imports,api-ms-win-core-libraryloader-l1-2-0.dll,LoadLibraryExA,594dff1d29df006108feeb11f42ae5fd,5bb0a715e48020e2e73a8bf3ebdb8e93095cb04b565ea5d9519b3cb166ae5e52,c:\Windows\System32\migration\audmigplugin.dll
35,audmigplugin.dll,71720,3,31211063,1970-12-28T05:44:23.000Z,imports,api-ms-win-core-libraryloader-l1-2-0.dll,LoadLibraryExW,594dff1d29df006108feeb11f42ae5fd,5bb0a715e48020e2e73a8bf3ebdb8e93095cb04b565ea5d9519b3cb166ae5e52,c:\Windows\System32\migration\audmigplugin.dll
36,audmigplugin.dll,71720,3,31211063,1970-12-28T05:44:23.000Z,imports,api-ms-win-core-libraryloader-l1-2-0.dll,LoadResource,594dff1d29df006108feeb11f42ae5fd,5bb0a715e48020e2e73a8bf3ebdb8e93095cb04b565ea5d9519b3cb166ae5e52,c:\Windows\System32\migration\audmigplugin.dll
37,audmigplugin.dll,71720,3,31211063,1970-12-28T05:44:23.000Z,imports,api-ms-win-core-libraryloader-l1-2-0.dll,LockResource,594dff1d29df006108feeb11f42ae5fd,5bb0a715e48020e2e73a8bf3ebdb8e93095cb04b565ea5d9519b3cb166ae5e52,c:\Windows\System32\migration\audmigplugin.dll
38,audmigplugin.dll,71720,3,31211063,1970-12-28T05:44:23.000Z,imports,api-ms-win-core-libraryloader-l1-2-0.dll,SizeofResource,594dff1d29df006108feeb11f42ae5fd,5bb0a715e48020e2e73a8bf3ebdb8e93095cb04b565ea5d9519b3cb166ae5e52,c:\Windows\System32\migration\audmigplugin.dll
39,audmigplugin.dll,71720,3,31211063,1970-12-28T05:44:23.000Z,imports,api-ms-win-core-com-l1-1-0.dll,CoCreateInstance,594dff1d29df006108feeb11f42ae5fd,5bb0a715e48020e2e73a8bf3ebdb8e93095cb04b565ea5d9519b3cb166ae5e52,c:\Windows\System32\migration\audmigplugin.dll
40,audmigplugin.dll,71720,3,31211063,1970-12-28T05:44:23.000Z,imports,api-ms-win-core-com-l1-1-0.dll,CoTaskMemAlloc,594dff1d29df006108feeb11f42ae5fd,5bb0a715e48020e2e73a8bf3ebdb8e93095cb04b565ea5d9519b3cb166ae5e52,c:\Windows\System32\migration\audmigplugin.dll
41,audmigplugin.dll,71720,3,31211063,1970-12-28T05:44:23.000Z,imports,api-ms-win-core-com-l1-1-0.dll,CoTaskMemFree,594dff1d29df006108feeb11f42ae5fd,5bb0a715e48020e2e73a8bf3ebdb8e93095cb04b565ea5d9519b3cb166ae5e52,c:\Windows\System32\migration\audmigplugin.dll
42,audmigplugin.dll,71720,3,31211063,1970-12-28T05:44:23.000Z,imports,api-ms-win-core-com-l1-1-0.dll,CoTaskMemRealloc,594dff1d29df006108feeb11f42ae5fd,5bb0a715e48020e2e73a8bf3ebdb8e93095cb04b565ea5d9519b3cb166ae5e52,c:\Windows\System32\migration\audmigplugin.dll
43,audmigplugin.dll,71720,3,31211063,1970-12-28T05:44:23.000Z,imports,api-ms-win-core-com-l1-1-0.dll,StringFromCLSID,594dff1d29df006108feeb11f42ae5fd,5bb0a715e48020e2e73a8bf3ebdb8e93095cb04b565ea5d9519b3cb166ae5e52,c:\Windows\System32\migration\audmigplugin.dll
44,audmigplugin.dll,71720,3,31211063,1970-12-28T05:44:23.000Z,imports,api-ms-win-core-com-l1-1-0.dll,StringFromGUID2,594dff1d29df006108feeb11f42ae5fd,5bb0a715e48020e2e73a8bf3ebdb8e93095cb04b565ea5d9519b3cb166ae5e52,c:\Windows\System32\migration\audmigplugin.dll
45,audmigplugin.dll,71720,3,31211063,1970-12-28T05:44:23.000Z,imports,api-ms-win-core-string-l2-1-0.dll,CharNextW,594dff1d29df006108feeb11f42ae5fd,5bb0a715e48020e2e73a8bf3ebdb8e93095cb04b565ea5d9519b3cb166ae5e52,c:\Windows\System32\migration\audmigplugin.dll
46,audmigplugin.dll,71720,3,31211063,1970-12-28T05:44:23.000Z,imports,api-ms-win-core-errorhandling-l1-1-0.dll,GetLastError,594dff1d29df006108feeb11f42ae5fd,5bb0a715e48020e2e73a8bf3ebdb8e93095cb04b565ea5d9519b3cb166ae5e52,c:\Windows\System32\migration\audmigplugin.dll
47,audmigplugin.dll,71720,3,31211063,1970-12-28T05:44:23.000Z,imports,api-ms-win-core-errorhandling-l1-1-0.dll,RaiseException,594dff1d29df006108feeb11f42ae5fd,5bb0a715e48020e2e73a8bf3ebdb8e93095cb04b565ea5d9519b3cb166ae5e52,c:\Windows\System32\migration\audmigplugin.dll
48,audmigplugin.dll,71720,3,31211063,1970-12-28T05:44:23.000Z,imports,api-ms-win-core-errorhandling-l1-1-0.dll,SetUnhandledExceptionFilter,594dff1d29df006108feeb11f42ae5fd,5bb0a715e48020e2e73a8bf3ebdb8e93095cb04b565ea5d9519b3cb166ae5e52,c:\Windows\System32\migration\audmigplugin.dll
49,audmigplugin.dll,71720,3,31211063,1970-12-28T05:44:23.000Z,imports,api-ms-win-core-errorhandling-l1-1-0.dll,UnhandledExceptionFilter,594dff1d29df006108feeb11f42ae5fd,5bb0a715e48020e2e73a8bf3ebdb8e93095cb04b565ea5d9519b3cb166ae5e52,c:\Windows\System32\migration\audmigplugin.dll
50,audmigplugin.dll,71720,3,31211063,1970-12-28T05:44:23.000Z,imports,api-ms-win-core-registry-l1-1-0.dll,RegCloseKey,594dff1d29df006108feeb11f42ae5fd,5bb0a715e48020e2e73a8bf3ebdb8e93095cb04b565ea5d9519b3cb166ae5e52,c:\Windows\System32\migration\audmigplugin.dll
51,audmigplugin.dll,71720,3,31211063,1970-12-28T05:44:23.000Z,imports,api-ms-win-core-registry-l1-1-0.dll,RegCreateKeyExW,594dff1d29df006108feeb11f42ae5fd,5bb0a715e48020e2e73a8bf3ebdb8e93095cb04b565ea5d9519b3cb166ae5e52,c:\Windows\System32\migration\audmigplugin.dll
52,audmigplugin.dll,71720,3,31211063,1970-12-28T05:44:23.000Z,imports,api-ms-win-core-registry-l1-1-0.dll,RegDeleteTreeW,594dff1d29df006108feeb11f42ae5fd,5bb0a715e48020e2e73a8bf3ebdb8e93095cb04b565ea5d9519b3cb166ae5e52,c:\Windows\System32\migration\audmigplugin.dll
53,audmigplugin.dll,71720,3,31211063,1970-12-28T05:44:23.000Z,imports,api-ms-win-core-registry-l1-1-0.dll,RegDeleteValueW,594dff1d29df006108feeb11f42ae5fd,5bb0a715e48020e2e73a8bf3ebdb8e93095cb04b565ea5d9519b3cb166ae5e52,c:\Windows\System32\migration\audmigplugin.dll
54,audmigplugin.dll,71720,3,31211063,1970-12-28T05:44:23.000Z,imports,api-ms-win-core-registry-l1-1-0.dll,RegEnumKeyExW,594dff1d29df006108feeb11f42ae5fd,5bb0a715e48020e2e73a8bf3ebdb8e93095cb04b565ea5d9519b3cb166ae5e52,c:\Windows\System32\migration\audmigplugin.dll
55,audmigplugin.dll,71720,3,31211063,1970-12-28T05:44:23.000Z,imports,api-ms-win-core-registry-l1-1-0.dll,RegGetValueW,594dff1d29df006108feeb11f42ae5fd,5bb0a715e48020e2e73a8bf3ebdb8e93095cb04b565ea5d9519b3cb166ae5e52,c:\Windows\System32\migration\audmigplugin.dll
56,audmigplugin.dll,71720,3,31211063,1970-12-28T05:44:23.000Z,imports,api-ms-win-core-registry-l1-1-0.dll,RegOpenKeyExW,594dff1d29df006108feeb11f42ae5fd,5bb0a715e48020e2e73a8bf3ebdb8e93095cb04b565ea5d9519b3cb166ae5e52,c:\Windows\System32\migration\audmigplugin.dll
57,audmigplugin.dll,71720,3,31211063,1970-12-28T05:44:23.000Z,imports,api-ms-win-core-registry-l1-1-0.dll,RegQueryInfoKeyW,594dff1d29df006108feeb11f42ae5fd,5bb0a715e48020e2e73a8bf3ebdb8e93095cb04b565ea5d9519b3cb166ae5e52,c:\Windows\System32\migration\audmigplugin.dll
58,audmigplugin.dll,71720,3,31211063,1970-12-28T05:44:23.000Z,imports,api-ms-win-core-registry-l1-1-0.dll,RegSetValueExW,594dff1d29df006108feeb11f42ae5fd,5bb0a715e48020e2e73a8bf3ebdb8e93095cb04b565ea5d9519b3cb166ae5e52,c:\Windows\System32\migration\audmigplugin.dll
59,audmigplugin.dll,71720,3,31211063,1970-12-28T05:44:23.000Z,imports,api-ms-win-core-string-l1-1-0.dll,MultiByteToWideChar,594dff1d29df006108feeb11f42ae5fd,5bb0a715e48020e2e73a8bf3ebdb8e93095cb04b565ea5d9519b3cb166ae5e52,c:\Windows\System32\migration\audmigplugin.dll
60,audmigplugin.dll,71720,3,31211063,1970-12-28T05:44:23.000Z,imports,api-ms-win-core-localization-l1-2-0.dll,GetThreadLocale,594dff1d29df006108feeb11f42ae5fd,5bb0a715e48020e2e73a8bf3ebdb8e93095cb04b565ea5d9519b3cb166ae5e52,c:\Windows\System32\migration\audmigplugin.dll
61,audmigplugin.dll,71720,3,31211063,1970-12-28T05:44:23.000Z,imports,api-ms-win-core-localization-l1-2-0.dll,SetThreadLocale,594dff1d29df006108feeb11f42ae5fd,5bb0a715e48020e2e73a8bf3ebdb8e93095cb04b565ea5d9519b3cb166ae5e52,c:\Windows\System32\migration\audmigplugin.dll
62,audmigplugin.dll,71720,3,31211063,1970-12-28T05:44:23.000Z,imports,api-ms-win-core-synch-l1-1-0.dll,AcquireSRWLockExclusive,594dff1d29df006108feeb11f42ae5fd,5bb0a715e48020e2e73a8bf3ebdb8e93095cb04b565ea5d9519b3cb166ae5e52,c:\Windows\System32\migration\audmigplugin.dll
63,audmigplugin.dll,71720,3,31211063,1970-12-28T05:44:23.000Z,imports,api-ms-win-core-synch-l1-1-0.dll,DeleteCriticalSection,594dff1d29df006108feeb11f42ae5fd,5bb0a715e48020e2e73a8bf3ebdb8e93095cb04b565ea5d9519b3cb166ae5e52,c:\Windows\System32\migration\audmigplugin.dll
64,audmigplugin.dll,71720,3,31211063,1970-12-28T05:44:23.000Z,imports,api-ms-win-core-synch-l1-1-0.dll,EnterCriticalSection,594dff1d29df006108feeb11f42ae5fd,5bb0a715e48020e2e73a8bf3ebdb8e93095cb04b565ea5d9519b3cb166ae5e52,c:\Windows\System32\migration\audmigplugin.dll
65,audmigplugin.dll,71720,3,31211063,1970-12-28T05:44:23.000Z,imports,api-ms-win-core-synch-l1-1-0.dll,InitializeCriticalSection,594dff1d29df006108feeb11f42ae5fd,5bb0a715e48020e2e73a8bf3ebdb8e93095cb04b565ea5d9519b3cb166ae5e52,c:\Windows\System32\migration\audmigplugin.dll
66,audmigplugin.dll,71720,3,31211063,1970-12-28T05:44:23.000Z,imports,api-ms-win-core-synch-l1-1-0.dll,LeaveCriticalSection,594dff1d29df006108feeb11f42ae5fd,5bb0a715e48020e2e73a8bf3ebdb8e93095cb04b565ea5d9519b3cb166ae5e52,c:\Windows\System32\migration\audmigplugin.dll
67,audmigplugin.dll,71720,3,31211063,1970-12-28T05:44:23.000Z,imports,api-ms-win-core-synch-l1-1-0.dll,ReleaseSRWLockExclusive,594dff1d29df006108feeb11f42ae5fd,5bb0a715e48020e2e73a8bf3ebdb8e93095cb04b565ea5d9519b3cb166ae5e52,c:\Windows\System32\migration\audmigplugin.dll
68,audmigplugin.dll,71720,3,31211063,1970-12-28T05:44:23.000Z,imports,api-ms-win-core-debug-l1-1-0.dll,OutputDebugStringA,594dff1d29df006108feeb11f42ae5fd,5bb0a715e48020e2e73a8bf3ebdb8e93095cb04b565ea5d9519b3cb166ae5e52,c:\Windows\System32\migration\audmigplugin.dll
69,audmigplugin.dll,71720,3,31211063,1970-12-28T05:44:23.000Z,imports,api-ms-win-core-debug-l1-1-0.dll,OutputDebugStringW,594dff1d29df006108feeb11f42ae5fd,5bb0a715e48020e2e73a8bf3ebdb8e93095cb04b565ea5d9519b3cb166ae5e52,c:\Windows\System32\migration\audmigplugin.dll
70,audmigplugin.dll,71720,3,31211063,1970-12-28T05:44:23.000Z,imports,api-ms-win-core-registry-l1-1-1.dll,RegSetKeyValueW,594dff1d29df006108feeb11f42ae5fd,5bb0a715e48020e2e73a8bf3ebdb8e93095cb04b565ea5d9519b3cb166ae5e52,c:\Windows\System32\migration\audmigplugin.dll
71,audmigplugin.dll,71720,3,31211063,1970-12-28T05:44:23.000Z,imports,api-ms-win-core-heap-l1-1-0.dll,GetProcessHeap,594dff1d29df006108feeb11f42ae5fd,5bb0a715e48020e2e73a8bf3ebdb8e93095cb04b565ea5d9519b3cb166ae5e52,c:\Windows\System32\migration\audmigplugin.dll
72,audmigplugin.dll,71720,3,31211063,1970-12-28T05:44:23.000Z,imports,api-ms-win-core-heap-l1-1-0.dll,HeapAlloc,594dff1d29df006108feeb11f42ae5fd,5bb0a715e48020e2e73a8bf3ebdb8e93095cb04b565ea5d9519b3cb166ae5e52,c:\Windows\System32\migration\audmigplugin.dll
73,audmigplugin.dll,71720,3,31211063,1970-12-28T05:44:23.000Z,imports,api-ms-win-core-heap-l1-1-0.dll,HeapDestroy,594dff1d29df006108feeb11f42ae5fd,5bb0a715e48020e2e73a8bf3ebdb8e93095cb04b565ea5d9519b3cb166ae5e52,c:\Windows\System32\migration\audmigplugin.dll
74,audmigplugin.dll,71720,3,31211063,1970-12-28T05:44:23.000Z,imports,api-ms-win-core-heap-l1-1-0.dll,HeapFree,594dff1d29df006108feeb11f42ae5fd,5bb0a715e48020e2e73a8bf3ebdb8e93095cb04b565ea5d9519b3cb166ae5e52,c:\Windows\System32\migration\audmigplugin.dll
75,audmigplugin.dll,71720,3,31211063,1970-12-28T05:44:23.000Z,imports,api-ms-win-core-heap-l1-1-0.dll,HeapReAlloc,594dff1d29df006108feeb11f42ae5fd,5bb0a715e48020e2e73a8bf3ebdb8e93095cb04b565ea5d9519b3cb166ae5e52,c:\Windows\System32\migration\audmigplugin.dll
76,audmigplugin.dll,71720,3,31211063,1970-12-28T05:44:23.000Z,imports,api-ms-win-core-heap-l1-1-0.dll,HeapSize,594dff1d29df006108feeb11f42ae5fd,5bb0a715e48020e2e73a8bf3ebdb8e93095cb04b565ea5d9519b3cb166ae5e52,c:\Windows\System32\migration\audmigplugin.dll
77,audmigplugin.dll,71720,3,31211063,1970-12-28T05:44:23.000Z,imports,api-ms-win-core-heap-l2-1-0.dll,LocalFree,594dff1d29df006108feeb11f42ae5fd,5bb0a715e48020e2e73a8bf3ebdb8e93095cb04b565ea5d9519b3cb166ae5e52,c:\Windows\System32\migration\audmigplugin.dll
78,audmigplugin.dll,71720,3,31211063,1970-12-28T05:44:23.000Z,imports,api-ms-win-core-synch-l1-2-0.dll,Sleep,594dff1d29df006108feeb11f42ae5fd,5bb0a715e48020e2e73a8bf3ebdb8e93095cb04b565ea5d9519b3cb166ae5e52,c:\Windows\System32\migration\audmigplugin.dll
79,audmigplugin.dll,71720,3,31211063,1970-12-28T05:44:23.000Z,imports,api-ms-win-core-processthreads-l1-1-0.dll,GetCurrentProcess,594dff1d29df006108feeb11f42ae5fd,5bb0a715e48020e2e73a8bf3ebdb8e93095cb04b565ea5d9519b3cb166ae5e52,c:\Windows\System32\migration\audmigplugin.dll
80,audmigplugin.dll,71720,3,31211063,1970-12-28T05:44:23.000Z,imports,api-ms-win-core-processthreads-l1-1-0.dll,GetCurrentProcessId,594dff1d29df006108feeb11f42ae5fd,5bb0a715e48020e2e73a8bf3ebdb8e93095cb04b565ea5d9519b3cb166ae5e52,c:\Windows\System32\migration\audmigplugin.dll
81,audmigplugin.dll,71720,3,31211063,1970-12-28T05:44:23.000Z,imports,api-ms-win-core-processthreads-l1-1-0.dll,GetCurrentThreadId,594dff1d29df006108feeb11f42ae5fd,5bb0a715e48020e2e73a8bf3ebdb8e93095cb04b565ea5d9519b3cb166ae5e52,c:\Windows\System32\migration\audmigplugin.dll
82,audmigplugin.dll,71720,3,31211063,1970-12-28T05:44:23.000Z,imports,api-ms-win-core-processthreads-l1-1-0.dll,TerminateProcess,594dff1d29df006108feeb11f42ae5fd,5bb0a715e48020e2e73a8bf3ebdb8e93095cb04b565ea5d9519b3cb166ae5e52,c:\Windows\System32\migration\audmigplugin.dll
83,audmigplugin.dll,71720,3,31211063,1970-12-28T05:44:23.000Z,imports,api-ms-win-core-profile-l1-1-0.dll,QueryPerformanceCounter,594dff1d29df006108feeb11f42ae5fd,5bb0a715e48020e2e73a8bf3ebdb8e93095cb04b565ea5d9519b3cb166ae5e52,c:\Windows\System32\migration\audmigplugin.dll
84,audmigplugin.dll,71720,3,31211063,1970-12-28T05:44:23.000Z,imports,api-ms-win-core-sysinfo-l1-1-0.dll,GetSystemInfo,594dff1d29df006108feeb11f42ae5fd,5bb0a715e48020e2e73a8bf3ebdb8e93095cb04b565ea5d9519b3cb166ae5e52,c:\Windows\System32\migration\audmigplugin.dll
85,audmigplugin.dll,71720,3,31211063,1970-12-28T05:44:23.000Z,imports,api-ms-win-core-sysinfo-l1-1-0.dll,GetSystemTimeAsFileTime,594dff1d29df006108feeb11f42ae5fd,5bb0a715e48020e2e73a8bf3ebdb8e93095cb04b565ea5d9519b3cb166ae5e52,c:\Windows\System32\migration\audmigplugin.dll
86,audmigplugin.dll,71720,3,31211063,1970-12-28T05:44:23.000Z,imports,api-ms-win-core-sysinfo-l1-1-0.dll,GetTickCount,594dff1d29df006108feeb11f42ae5fd,5bb0a715e48020e2e73a8bf3ebdb8e93095cb04b565ea5d9519b3cb166ae5e52,c:\Windows\System32\migration\audmigplugin.dll
87,audmigplugin.dll,71720,3,31211063,1970-12-28T05:44:23.000Z,imports,api-ms-win-core-string-obsolete-l1-1-0.dll,lstrcmpiW,594dff1d29df006108feeb11f42ae5fd,5bb0a715e48020e2e73a8bf3ebdb8e93095cb04b565ea5d9519b3cb166ae5e52,c:\Windows\System32\migration\audmigplugin.dll
88,audmigplugin.dll,71720,3,31211063,1970-12-28T05:44:23.000Z,imports,setupapi.dll,SetupCloseLog,594dff1d29df006108feeb11f42ae5fd,5bb0a715e48020e2e73a8bf3ebdb8e93095cb04b565ea5d9519b3cb166ae5e52,c:\Windows\System32\migration\audmigplugin.dll
89,audmigplugin.dll,71720,3,31211063,1970-12-28T05:44:23.000Z,imports,setupapi.dll,SetupDiBuildDriverInfoList,594dff1d29df006108feeb11f42ae5fd,5bb0a715e48020e2e73a8bf3ebdb8e93095cb04b565ea5d9519b3cb166ae5e52,c:\Windows\System32\migration\audmigplugin.dll
90,audmigplugin.dll,71720,3,31211063,1970-12-28T05:44:23.000Z,imports,setupapi.dll,SetupDiDestroyDeviceInfoList,594dff1d29df006108feeb11f42ae5fd,5bb0a715e48020e2e73a8bf3ebdb8e93095cb04b565ea5d9519b3cb166ae5e52,c:\Windows\System32\migration\audmigplugin.dll
91,audmigplugin.dll,71720,3,31211063,1970-12-28T05:44:23.000Z,imports,setupapi.dll,SetupDiEnumDeviceInfo,594dff1d29df006108feeb11f42ae5fd,5bb0a715e48020e2e73a8bf3ebdb8e93095cb04b565ea5d9519b3cb166ae5e52,c:\Windows\System32\migration\audmigplugin.dll
92,audmigplugin.dll,71720,3,31211063,1970-12-28T05:44:23.000Z,imports,setupapi.dll,SetupDiEnumDriverInfoW,594dff1d29df006108feeb11f42ae5fd,5bb0a715e48020e2e73a8bf3ebdb8e93095cb04b565ea5d9519b3cb166ae5e52,c:\Windows\System32\migration\audmigplugin.dll
93,audmigplugin.dll,71720,3,31211063,1970-12-28T05:44:23.000Z,imports,setupapi.dll,SetupDiGetClassDevsW,594dff1d29df006108feeb11f42ae5fd,5bb0a715e48020e2e73a8bf3ebdb8e93095cb04b565ea5d9519b3cb166ae5e52,c:\Windows\System32\migration\audmigplugin.dll
94,audmigplugin.dll,71720,3,31211063,1970-12-28T05:44:23.000Z,imports,setupapi.dll,SetupDiGetDeviceInstanceIdW,594dff1d29df006108feeb11f42ae5fd,5bb0a715e48020e2e73a8bf3ebdb8e93095cb04b565ea5d9519b3cb166ae5e52,c:\Windows\System32\migration\audmigplugin.dll
95,audmigplugin.dll,71720,3,31211063,1970-12-28T05:44:23.000Z,imports,setupapi.dll,SetupDiGetDevicePropertyW,594dff1d29df006108feeb11f42ae5fd,5bb0a715e48020e2e73a8bf3ebdb8e93095cb04b565ea5d9519b3cb166ae5e52,c:\Windows\System32\migration\audmigplugin.dll
96,audmigplugin.dll,71720,3,31211063,1970-12-28T05:44:23.000Z,imports,setupapi.dll,SetupDiGetDriverInfoDetailW,594dff1d29df006108feeb11f42ae5fd,5bb0a715e48020e2e73a8bf3ebdb8e93095cb04b565ea5d9519b3cb166ae5e52,c:\Windows\System32\migration\audmigplugin.dll
97,audmigplugin.dll,71720,3,31211063,1970-12-28T05:44:23.000Z,imports,setupapi.dll,SetupLogErrorW,594dff1d29df006108feeb11f42ae5fd,5bb0a715e48020e2e73a8bf3ebdb8e93095cb04b565ea5d9519b3cb166ae5e52,c:\Windows\System32\migration\audmigplugin.dll
98,audmigplugin.dll,71720,3,31211063,1970-12-28T05:44:23.000Z,imports,setupapi.dll,SetupOpenLog,594dff1d29df006108feeb11f42ae5fd,5bb0a715e48020e2e73a8bf3ebdb8e93095cb04b565ea5d9519b3cb166ae5e52,c:\Windows\System32\migration\audmigplugin.dll
99,audmigplugin.dll,71720,3,31211063,1970-12-28T05:44:23.000Z,imports,newdev.dll,DiInstallDevice,594dff1d29df006108feeb11f42ae5fd,5bb0a715e48020e2e73a8bf3ebdb8e93095cb04b565ea5d9519b3cb166ae5e52,c:\Windows\System32\migration\audmigplugin.dll
100,audmigplugin.dll,71720,3,31211063,1970-12-28T05:44:23.000Z,imports,api-ms-win-core-memory-l1-1-0.dll,VirtualProtect,594dff1d29df006108feeb11f42ae5fd,5bb0a715e48020e2e73a8bf3ebdb8e93095cb04b565ea5d9519b3cb166ae5e52,c:\Windows\System32\migration\audmigplugin.dll
101,audmigplugin.dll,71720,3,31211063,1970-12-28T05:44:23.000Z,imports,api-ms-win-core-memory-l1-1-0.dll,VirtualQuery,594dff1d29df006108feeb11f42ae5fd,5bb0a715e48020e2e73a8bf3ebdb8e93095cb04b565ea5d9519b3cb166ae5e52,c:\Windows\System32\migration\audmigplugin.dll
102,audmigplugin.dll,71720,3,31211063,1970-12-28T05:44:23.000Z,exports,audmigplugin.dll,DllCanUnloadNow,594dff1d29df006108feeb11f42ae5fd,5bb0a715e48020e2e73a8bf3ebdb8e93095cb04b565ea5d9519b3cb166ae5e52,c:\Windows\System32\migration\audmigplugin.dll
103,audmigplugin.dll,71720,3,31211063,1970-12-28T05:44:23.000Z,exports,audmigplugin.dll,DllGetClassObject,594dff1d29df006108feeb11f42ae5fd,5bb0a715e48020e2e73a8bf3ebdb8e93095cb04b565ea5d9519b3cb166ae5e52,c:\Windows\System32\migration\audmigplugin.dll
104,audmigplugin.dll,71720,3,31211063,1970-12-28T05:44:23.000Z,exports,audmigplugin.dll,DllMain,594dff1d29df006108feeb11f42ae5fd,5bb0a715e48020e2e73a8bf3ebdb8e93095cb04b565ea5d9519b3cb166ae5e52,c:\Windows\System32\migration\audmigplugin.dll
105,audmigplugin.dll,71720,3,31211063,1970-12-28T05:44:23.000Z,exports,audmigplugin.dll,DllRegisterServer,594dff1d29df006108feeb11f42ae5fd,5bb0a715e48020e2e73a8bf3ebdb8e93095cb04b565ea5d9519b3cb166ae5e52,c:\Windows\System32\migration\audmigplugin.dll
106,audmigplugin.dll,71720,3,31211063,1970-12-28T05:44:23.000Z,exports,audmigplugin.dll,DllUnregisterServer,594dff1d29df006108feeb11f42ae5fd,5bb0a715e48020e2e73a8bf3ebdb8e93095cb04b565ea5d9519b3cb166ae5e52,c:\Windows\System32\migration\audmigplugin.dll
