,col0,col1,col2,col3,col4,col5,col6
0,2F2F,30694,Dragon Ball Super,0,121,1,None
1,2F2F,37033,Emiya-san Chi no Kyou no Gohan,0,1,1,None
2,2F2F,10087,Fate/Zero,0,2,1,None
3,2F2F,33206,Kobayashi-san Chi no Maid Dragon,0,6,1,None
4,2F2F,35062,Mahoutsukai no Yome,0,2,1,None
5,2F2F,35073,Overlord II,10,1,1,None
6,2F2F,35298,Ramen Daisuki Koizumi-san,0,1,1,None
7,2F2F,35839,Sora yori mo Tooi Basho,0,1,1,None
8,2F2F,34798,Yuru Camp△,0,1,1,None
9,2F2F,32998,91 Days,9,12,2,None
10,2F2F,33964,91 Days Recap,8,1,2,Low
11,2F2F,12501,Ai Mai! Moe Can Change!,6,1,2,None
12,2F2F,101,Air,7,12,2,None
13,2F2F,31771,Amanchu!,9,12,2,None
14,2F2F,3080,Anime Tenchou,4,1,2,None
15,2F2F,30205,Aoharu x Kikanjuu,6,12,2,None
16,2F2F,10582,Astarotte no Omocha! EX,3,1,2,Low
17,2F2F,32664,Bananya,6,13,2,None
18,2F2F,32379,Berserk,8,12,2,None
19,2F2F,10218,Berserk: Ougon Jidai-hen I - Haou no Tamago,9,1,2,None
20,2F2F,12113,Berserk: Ougon Jidai-hen II - Doldrey Kouryaku,9,1,2,None
21,2F2F,12115,Berserk: Ougon Jidai-hen III - Kourin,10,1,2,None
22,2F2F,30782,Bikini Warriors,7,12,2,None
23,2F2F,11633,Blood Lad,8,10,2,None
24,2F2F,11691,Bloody Date,1,1,2,Low
25,2F2F,11869,Bloody Night,1,1,2,Low
26,2F2F,31964,Boku no Hero Academia,9,13,2,None
27,2F2F,33486,Boku no Hero Academia 2nd Season,10,25,2,None
28,2F2F,35262,Boku no Hero Academia 2nd Season: Hero Note,9,1,2,None
29,2F2F,33929,Boku no Hero Academia: Sukue! Kyuujo Kunren!,9,1,2,None
30,2F2F,35459,Boku no Hero Academia: Training of the Dead,9,1,2,Low
31,2F2F,16606,C.L.A.Y.,1,1,2,Low
32,2F2F,11689,CCW: Crazy Clay Wrestling,1,1,2,Low
33,2F2F,11679,Chainsaw Maid,1,1,2,Low
34,2F2F,28999,Charlotte,7,13,2,None
35,2F2F,13807,Corpse Party: Missing Footage,8,1,2,None
36,2F2F,22839,Cross Road,8,1,2,None
37,2F2F,31636,Dagashi Kashi,10,12,2,None
38,2F2F,30127,Danchigai,8,12,2,None
39,2F2F,31683,Danchigai: Juusan Goutou Sentou Ikitai!!,8,1,2,None
40,2F2F,16602,Dead Girl Trailer,1,1,2,Low
41,2F2F,1535,Death Note,9,37,2,None
42,2F2F,28223,Death Parade,9,12,2,None
43,2F2F,8490,Digimon Adventure 3D: Digimon Grand Prix!,1,1,2,Low
44,2F2F,2961,Digimon Adventure Movie,8,1,2,None
45,2F2F,223,Dragon Ball,10,153,2,None
46,2F2F,11359,Dragon Ball Kai: Mirai ni Heiwa wo! Goku no Tamashii yo Eien ni,7,1,2,None
47,2F2F,502,Dragon Ball Movie 1: Shen Long no Densetsu,5,1,2,None
48,2F2F,891,Dragon Ball Movie 2: Majinjou no Nemurihime,6,1,2,None
49,2F2F,892,Dragon Ball Movie 3: Makafushigi Daibouken,6,1,2,None
50,2F2F,893,Dragon Ball Movie 4: Saikyou e no Michi,8,1,2,None
51,2F2F,813,Dragon Ball Z,10,291,2,None
52,2F2F,894,Dragon Ball Z Movie 01: Ora no Gohan wo Kaese!!,6,1,2,None
53,2F2F,895,Dragon Ball Z Movie 02: Kono Yo de Ichiban Tsuyoi Yatsu,6,1,2,None
54,2F2F,896,Dragon Ball Z Movie 03: Chikyuu Marugoto Choukessen,6,1,2,None
55,2F2F,897,Dragon Ball Z Movie 04: Super Saiyajin da Son Gokuu,6,1,2,None
56,2F2F,898,Dragon Ball Z Movie 05: Tobikkiri no Saikyou tai Saikyou,7,1,2,None
57,2F2F,899,Dragon Ball Z Movie 06: Gekitotsu!! 100-oku Power no Senshi-tachi,6,1,2,None
58,2F2F,900,Dragon Ball Z Movie 07: Kyokugen Battle!! Sandai Super Saiyajin,7,1,2,None
59,2F2F,901,"Dragon Ball Z Movie 08: Moetsukiro!! Nessen, Ressen, Chougekisen",8,1,2,None
60,2F2F,902,Dragon Ball Z Movie 09: Ginga Girigiri!! Bucchigiri no Sugoi Yatsu,7,1,2,None
61,2F2F,903,Dragon Ball Z Movie 10: Kiken na Futari! Super Senshi wa Nemurenai,8,1,2,None
62,2F2F,904,Dragon Ball Z Movie 11: Super Senshi Gekiha!! Katsu no wa Ore da,5,1,2,None
63,2F2F,905,Dragon Ball Z Movie 12: Fukkatsu no Fusion!! Gokuu to Vegeta,9,1,2,None
64,2F2F,906,Dragon Ball Z Movie 13: Ryuuken Bakuhatsu!! Gokuu ga Yaraneba Dare ga Yaru,8,1,2,None
65,2F2F,14837,Dragon Ball Z Movie 14: Kami to Kami,10,1,2,None
66,2F2F,25389,"Dragon Ball Z Movie 15: Fukkatsu no ""F""",9,1,2,None
67,2F2F,986,Dragon Ball Z Special 1: Tatta Hitori no Saishuu Kessen,9,1,2,None
68,2F2F,985,Dragon Ball Z Special 2: Zetsubou e no Hankou!! Nokosareta Chousenshi - Gohan to Trunks,9,1,2,None
69,2F2F,12231,Dragon Ball: Episode of Bardock,9,1,2,None
70,2F2F,5152,Dragon Ball: Ossu! Kaettekita Son Gokuu to Nakama-tachi!!,6,1,2,None
71,2F2F,6702,Fairy Tail,9,175,2,None
72,2F2F,12049,Fairy Tail Movie 1: Houou no Miko,8,1,2,None
73,2F2F,356,Fate/stay night,8,24,2,None
74,2F2F,408,Final Fantasy VII: Last Order,6,1,2,None
75,2F2F,30746,Fushigi na Somera-chan,5,12,2,None
76,2F2F,24765,Gakkougurashi!,7,12,2,None
77,2F2F,25183,Gangsta.,9,12,2,None
78,2F2F,43,Ghost in the Shell,10,1,2,None
79,2F2F,468,Ghost in the Shell 2: Innocence,9,1,2,None
80,2F2F,15809,Hataraku Maou-sama!,8,13,2,None
81,2F2F,7337,"Hetalia Axis Powers Movie: Paint it, White",8,1,2,None
82,2F2F,28825,Himouto! Umaru-chan,6,12,2,None
83,2F2F,31234,Himouto! Umaru-chanS,6,12,2,None
84,2F2F,431,Howl no Ugoku Shiro,9,1,2,None
85,2F2F,16774,Inferno Cop,8,13,2,None
86,2F2F,17843,Inferno Cop: Fact Files,8,12,2,None
87,2F2F,29785,Jitsu wa Watashi wa,8,13,2,None
88,2F2F,14719,JoJo no Kimyou na Bouken (TV),9,26,2,None
89,2F2F,31933,JoJo no Kimyou na Bouken: Diamond wa Kudakenai,10,39,2,None
90,2F2F,20899,JoJo no Kimyou na Bouken: Stardust Crusaders,10,24,2,None
91,2F2F,26055,JoJo no Kimyou na Bouken: Stardust Crusaders 2nd Season,10,24,2,None
92,2F2F,5680,K-On!,9,13,2,None
93,2F2F,9617,K-On! Movie,9,1,2,None
94,2F2F,7791,K-On!!,9,26,2,None
95,2F2F,9734,K-On!!: Keikaku!,8,1,2,None
96,2F2F,6862,K-On!: Live House!,9,1,2,None
97,2F2F,1004,Kanojo to Kanojo no Neko,6,1,2,None
98,2F2F,33,Kenpuu Denki Berserk,10,25,2,None
99,2F2F,32281,Kimi no Na wa.,10,1,2,None
100,2F2F,31634,Kokuhaku,1,1,2,Low
101,2F2F,30831,Kono Subarashii Sekai ni Shukufuku wo!,9,10,2,None
102,2F2F,32380,Kono Subarashii Sekai ni Shukufuku wo! OVA,8,1,2,None
103,2F2F,16782,Kotonoha no Niwa,9,1,2,None
104,2F2F,9213,Kowarekake no Orgel,7,1,2,None
105,2F2F,30367,Lemon Home Animation Gekijou,2,3,2,Low
106,2F2F,14349,Little Witch Academia,9,1,2,None
107,2F2F,19489,Little Witch Academia: Mahoujikake no Parade,9,1,2,None
108,2F2F,32894,Love Bites,1,1,2,Low
109,2F2F,9756,Mahou Shoujo Madoka★Magica,9,12,2,None
110,2F2F,20811,Maid of the Dead,1,1,2,Low
111,2F2F,29941,Million Doll,3,11,2,None
112,2F2F,32182,Mob Psycho 100,9,12,2,None
113,2F2F,30307,Monster Musume no Iru Nichijou,8,12,2,None
114,2F2F,597,Neko no Ongaeshi,9,1,2,None
115,2F2F,11897,Nendo no Tatakai,1,1,2,Low
116,2F2F,11883,Nendo no Tatakai 2,1,1,2,Low
117,2F2F,31953,New Game!,8,12,2,None
118,2F2F,19815,No Game No Life,9,12,2,None
119,2F2F,16610,No Littering,1,1,2,Low
120,2F2F,28819,Okusama ga Seitokaichou!,8,12,2,None
121,2F2F,30276,One Punch Man,9,12,2,None
122,2F2F,31621,Ooyasan wa Shishunki!,8,12,2,None
123,2F2F,8769,Ore no Imouto ga Konnani Kawaii Wake ga Nai,7,12,2,None
124,2F2F,10020,Ore no Imouto ga Konnani Kawaii Wake ga Nai Specials,7,4,2,None
125,2F2F,13659,Ore no Imouto ga Konnani Kawaii Wake ga Nai.,7,13,2,None
126,2F2F,18857,Ore no Imouto ga Konnani Kawaii Wake ga Nai. Specials,6,3,2,None
127,2F2F,29803,Overlord,10,13,2,None
128,2F2F,31138,Overlord: Ple Ple Pleiades,9,8,2,None
129,2F2F,31498,Pan de Peace!,8,13,2,None
130,2F2F,16604,Pinky,1,1,2,Low
131,2F2F,10711,Plastic Neesan,7,12,2,None
132,2F2F,1121,Pokemon Advanced Generation: Nanayo no Negaiboshi Jirachi,6,1,2,None
133,2F2F,1122,Pokemon Advanced Generation: Rekkuu no Houmonsha Deoxys,6,1,2,None
134,2F2F,1119,Pokemon: Celebi Toki wo Koeta Deai,7,1,2,None
135,2F2F,1118,Pokemon: Kesshoutou no Teiou Entei,6,1,2,None
136,2F2F,1117,Pokemon: Maboroshi no Pokemon Lugia Bakutan,8,1,2,None
137,2F2F,528,Pokemon: Mewtwo no Gyakushuu,8,1,2,None
138,2F2F,1120,Pokemon: Mizu no Miyako no Mamorigami Latias to Latios,7,1,2,None
139,2F2F,4874,Pokemon: Pikachu no Fuyuyasumi,5,2,2,None
140,2F2F,10916,Pokemon: Pikachu no Fuyuyasumi (2000),5,2,2,None
141,2F2F,10917,Pokemon: Pikachu no Fuyuyasumi (2001),5,3,2,None
142,2F2F,5526,Pokemon: Pikachu no Natsuyasumi,6,1,2,None
143,2F2F,4792,Pokemon: Pikachu Tankentai,5,1,2,None
144,2F2F,20159,Pokemon: The Origin,7,4,2,None
145,2F2F,30240,Prison School,9,12,2,None
146,2F2F,11687,Pussycat,1,1,2,Low
147,2F2F,23309,Rail Wars!,7,12,2,None
148,2F2F,31240,Re:Zero kara Hajimeru Isekai Seikatsu,9,25,2,None
149,2F2F,5909,Seitokai no Ichizon,7,12,2,None
150,2F2F,199,Sen to Chihiro no Kamikakushi,9,1,2,None
151,2F2F,29786,Shimoneta to Iu Gainen ga Sonzai Shinai Taikutsu na Sekai,8,12,2,None
152,2F2F,16498,Shingeki no Kyojin,9,25,2,None
153,2F2F,25777,Shingeki no Kyojin Season 2,9,12,2,None
154,2F2F,25781,Shingeki no Kyojin: Kuinaki Sentaku,9,2,2,None
155,2F2F,8557,Shinryaku! Ika Musume,7,12,2,None
156,2F2F,16608,Shitcom,1,1,2,Low
157,2F2F,20057,Space☆Dandy,9,13,2,None
158,2F2F,9253,Steins;Gate,10,24,2,None
159,2F2F,10863,Steins;Gate: Oukoubakko no Poriomania,9,1,2,None
160,2F2F,11757,Sword Art Online,4,25,2,None
161,2F2F,20021,Sword Art Online: Extra Edition,4,1,2,None
162,2F2F,30911,Tales of Zestiria the X,8,12,2,None
163,2F2F,513,Tenkuu no Shiro Laputa,9,1,2,None
164,2F2F,22319,Tokyo Ghoul,9,12,2,None
165,2F2F,27899,Tokyo Ghoul √A,8,12,2,None
166,2F2F,30458,"Tokyo Ghoul: ""Jack""",9,1,2,None
167,2F2F,31297,"Tokyo Ghoul: ""Pinto""",9,1,2,None
168,2F2F,523,Tonari no Totoro,9,1,2,None
169,2F2F,27387,Under the Dog,9,1,2,None
170,2F2F,20613,Viva Namida,7,1,2,None
171,2F2F,30355,Wakaba*Girl,7,13,2,None
172,2F2F,30437,Wakako-zake,7,12,2,None
173,2F2F,11915,Within the Bloody Woods,1,2,2,Low
174,2F2F,30123,Akagami no Shirayuki-hime,0,1,3,Low
175,2F2F,34051,Akiba's Trip The Animation,0,2,3,None
176,2F2F,24833,Ansatsu Kyoushitsu,0,2,3,None
177,2F2F,34055,Berserk 2nd Season,0,3,3,None
178,2F2F,269,Bleach,0,1,3,Low
179,2F2F,30091,Chaos Dragon: Sekiryuu Seneki,0,1,3,Low
180,2F2F,30383,Classroom☆Crisis,0,1,3,Low
181,2F2F,1818,Claymore,0,1,3,None
182,2F2F,31318,Comet Lucifer,0,5,3,None
183,2F2F,31147,Concrete Revolutio: Choujin Gensou,0,5,3,None
184,2F2F,552,Digimon Adventure,0,13,3,None
185,2F2F,225,Dragon Ball GT,0,18,3,None
186,2F2F,28121,Dungeon ni Deai wo Motomeru no wa Machigatteiru Darou ka,0,1,3,Low
187,2F2F,32901,Eromanga-sensei,0,1,3,None
188,2F2F,22043,Fairy Tail (2014),0,52,3,None
189,2F2F,121,Fullmetal Alchemist,0,1,3,Low
190,2F2F,1281,Gakkou no Kaidan,0,2,3,None
191,2F2F,30544,Gakusen Toshi Asterisk,0,5,3,None
192,2F2F,28907,"Gate: Jieitai Kanochi nite, Kaku Tatakaeri",0,1,3,Low
193,2F2F,918,Gintama,0,2,3,None
194,2F2F,27631,God Eater,0,1,3,Low
195,2F2F,27829,Heavy Object,0,5,3,None
196,2F2F,270,Hellsing,0,5,3,None
197,2F2F,5060,Hetalia Axis Powers,0,10,3,None
198,2F2F,33434,Heybot!,0,1,3,Low
199,2F2F,11617,High School DxD,0,1,3,Low
200,2F2F,11061,Hunter x Hunter (2011),0,6,3,None
201,2F2F,7088,Ichiban Ushiro no Daimaou,0,3,3,None
202,2F2F,31578,JK Meshi!,0,5,3,None
203,2F2F,665,JoJo no Kimyou na Bouken: Adventure,0,2,3,None
204,2F2F,28387,Joukamachi no Dandelion,0,1,3,Low
205,2F2F,33011,Kaijuu Girls: Ultra Kaijuu Gijinka Keikaku,0,1,3,Low
206,2F2F,32686,Keijo!!!!!!!!,0,2,3,None
207,2F2F,516,Keroro Gunsou,0,3,3,None
208,2F2F,18679,Kill la Kill,0,5,3,None
209,2F2F,31091,Komori-san wa Kotowarenai!,0,5,3,None
210,2F2F,25283,Kuusen Madoushi Kouhosei no Kyoukan,0,1,3,Low
211,2F2F,33489,Little Witch Academia (TV),0,1,3,None
212,2F2F,1887,Lucky☆Star,0,14,3,None
213,2F2F,33394,Mahou Shoujo? Naria☆Girls,0,2,3,None
214,2F2F,4483,Mahoutsukai ni Taisetsu na Koto: Natsu no Sora,0,1,3,Low
215,2F2F,31251,Mobile Suit Gundam: Iron-Blooded Orphans,0,5,3,None
216,2F2F,20,Naruto,0,10,3,None
217,2F2F,32805,Nyanbo!,0,1,3,Low
218,2F2F,32603,Okusama ga Seitokaichou!+!,0,1,3,None
219,2F2F,33274,Onara Gorou,0,5,3,Low
220,2F2F,21,One Piece,0,22,3,None
221,2F2F,31143,Onsen Yousei Hakone-chan,0,5,3,None
222,2F2F,2966,Ookami to Koushinryou,0,2,3,None
223,2F2F,527,Pokemon,0,13,3,None
224,2F2F,28619,Ranpo Kitan: Game of Laplace,0,1,3,Low
225,2F2F,31716,Rewrite,0,1,3,Low
226,2F2F,28497,Rokka no Yuusha,0,2,3,None
227,2F2F,31374,Shingeki! Kyojin Chuugakkou,0,6,3,None
228,2F2F,10378,Shinryaku!? Ika Musume,0,9,3,None
229,2F2F,28171,Shokugeki no Souma,0,5,3,None
230,2F2F,32039,Show By Rock!! Short!!,0,2,3,None
231,2F2F,33433,Shuumatsu no Izetta,0,1,3,None
232,2F2F,29163,Sore ga Seiyuu!,0,2,3,None
233,2F2F,3588,Soul Eater,0,1,3,Low
234,2F2F,30826,Suzakinishi The Animation,0,4,3,None
235,2F2F,849,Suzumiya Haruhi no Yuuutsu,0,1,3,High
236,2F2F,21881,Sword Art Online II,0,17,3,None
237,2F2F,34086,Tales of Zestiria the X 2nd Season,0,1,3,None
238,2F2F,31221,Tantei Team KZ Jiken Note,0,5,3,None
239,2F2F,2001,Tengen Toppa Gurren Lagann,0,1,3,Low
240,2F2F,10033,Toriko,0,4,3,None
241,2F2F,16742,Watashi ga Motenai no wa Dou Kangaetemo Omaera ga Warui!,0,3,3,None
242,2F2F,29017,Wooser no Sono Higurashi: Mugen-hen,0,2,3,None
243,2F2F,30740,Young Black Jack,0,2,3,None
244,2F2F,550,Yu☆Gi☆Oh!,0,1,3,Low
245,2F2F,3972,Yu☆Gi☆Oh! 5D's,0,1,3,Low
246,2F2F,21639,Yu☆Gi☆Oh! Arc-V,0,1,3,Low
247,2F2F,481,Yu☆Gi☆Oh! Duel Monsters,0,19,3,None
248,2F2F,10015,Yu☆Gi☆Oh! Zexal,0,1,3,Low
249,2F2F,482,Yu☆Gi☆Oh!: Duel Monsters GX,0,1,3,Low
250,2F2F,34777,91 Days Special,0,0,6,None
251,2F2F,31790,Active Raid: Kidou Kyoushuushitsu Dai Hachi Gakari,0,0,6,None
252,2F2F,34881,Aho Girl,0,0,6,None
253,2F2F,32323,Aishen Qiaokeli-ing...,0,0,6,None
254,2F2F,17082,Aiura,0,0,6,None
255,2F2F,29513,Aki no Kanade,0,0,6,None
256,2F2F,8676,Amagami SS,0,0,6,None
257,2F2F,36800,Amanchu! Advance,0,0,6,None
258,2F2F,6547,Angel Beats!,0,0,6,None
259,2F2F,7647,Arakawa Under the Bridge,0,0,6,None
260,2F2F,28249,Arslan Senki (TV),0,0,6,None
261,2F2F,66,Azumanga Daioh,0,0,6,None
262,2F2F,6347,Baka to Test to Shoukanjuu,0,0,6,None
263,2F2F,30795,Bakuon!!,0,0,6,None
264,2F2F,36516,Beatless,0,0,6,None
265,2F2F,9513,Beelzebub,0,0,6,None
266,2F2F,13535,Binbougami ga!,0,0,6,None
267,2F2F,889,Black Lagoon,0,0,6,None
268,2F2F,31043,Boku dake ga Inai Machi,0,0,6,None
269,2F2F,36456,Boku no Hero Academia 3rd Season,0,0,6,None
270,2F2F,10719,Boku wa Tomodachi ga Sukunai,0,0,6,None
271,2F2F,357,Bokusatsu Tenshi Dokuro-chan,0,0,6,None
272,2F2F,31478,Bungou Stray Dogs,0,0,6,None
273,2F2F,4975,ChäoS;HEAd,0,0,6,None
274,2F2F,16157,Choujigen Game Neptune The Animation,0,0,6,None
275,2F2F,14741,Chuunibyou demo Koi ga Shitai!,0,0,6,None
276,2F2F,18671,Chuunibyou demo Koi ga Shitai! Ren,0,0,6,None
277,2F2F,2167,Clannad,0,0,6,None
278,2F2F,1575,Code Geass: Hangyaku no Lelouch,0,0,6,None
279,2F2F,1,Cowboy Bebop,0,0,6,None
280,2F2F,20031,D-Frag!,0,0,6,None
281,2F2F,36049,Dagashi Kashi 2,0,0,6,None
282,2F2F,26349,Danna ga Nani wo Itteiru ka Wakaranai Ken,0,0,6,None
283,2F2F,35849,Darling in the FranXX,0,0,6,None
284,2F2F,6880,Deadman Wonderland,0,0,6,None
285,2F2F,25687,Digimon Adventure tri. 1: Saikai,0,0,6,None
286,2F2F,31163,Dimension W,0,0,6,None
287,2F2F,6746,Durarara!!,0,0,6,None
288,2F2F,2924,ef: A Tale of Memories.,0,0,6,None
289,2F2F,790,Ergo Proxy,0,0,6,None
290,2F2F,393,Escaflowne,0,0,6,None
291,2F2F,30778,Fairy Tail Movie 2: Dragon Cry,0,0,6,None
292,2F2F,227,FLCL,0,0,6,None
293,2F2F,31376,Flying Witch,0,0,6,None
294,2F2F,71,Full Metal Panic!,0,0,6,None
295,2F2F,31931,Full Metal Panic! Invisible Victory,0,0,6,None
296,2F2F,1251,Fushigi no Umi no Nadia,0,0,6,None
297,2F2F,4725,Ga-Rei: Zero,0,0,6,None
298,2F2F,23289,Gekkan Shoujo Nozaki-kun,0,0,6,None
299,2F2F,2321,Giant Robo the Animation: Chikyuu ga Seishi Suru Hi,0,0,6,None
300,2F2F,29787,Gochuumon wa Usagi desu ka??,0,0,6,None
301,2F2F,19319,Gundam Build Fighters,0,0,6,None
302,2F2F,30721,Hacka Doll The Animation,0,0,6,None
303,2F2F,31859,Hai to Gensou no Grimgar,0,0,6,None
304,2F2F,28211,Harmony,0,0,6,None
305,2F2F,777,Hellsing Ultimate,0,0,6,None
306,2F2F,27989,Hibike! Euphonium,0,0,6,None
307,2F2F,28883,Hidan no Aria AA,0,0,6,None
308,2F2F,12189,Hyouka,0,0,6,None
309,2F2F,35716,Inferno Cop 2nd Season,0,0,6,None
310,2F2F,185,Initial D First Stage,0,0,6,None
311,2F2F,34012,Isekai Shokudou,0,0,6,None
312,2F2F,25429,Isuca,0,0,6,None
313,2F2F,1530,Kanon (2006),0,0,6,None
314,2F2F,21511,Kantai Collection: KanColle,0,0,6,None
315,2F2F,2593,Kara no Kyoukai 1: Fukan Fuukei,0,0,6,None
316,2F2F,24439,Kekkai Sensen,0,0,6,None
317,2F2F,324,Kidou Keisatsu Patlabor: On Television,0,0,6,None
318,2F2F,16732,Kiniro Mosaic,0,0,6,None
319,2F2F,36548,Kokkoku,0,0,6,None
320,2F2F,11887,Kokoro Connect,0,0,6,None
321,2F2F,32937,Kono Subarashii Sekai ni Shukufuku wo! 2,0,0,6,None
322,2F2F,33263,Kubikiri Cycle: Aoiro Savant to Zaregototsukai,0,0,6,None
323,2F2F,31804,Kuma Miko,0,0,6,None
324,2F2F,18153,Kyoukai no Kanata,0,0,6,None
325,2F2F,16353,Love Lab,0,0,6,None
326,2F2F,15051,Love Live! School Idol Project,0,0,6,None
327,2F2F,14513,Magi: The Labyrinth of Magic,0,0,6,None
328,2F2F,14833,Maoyuu Maou Yuusha,0,0,6,None
329,2F2F,33487,Masamune-kun no Revenge,0,0,6,None
330,2F2F,10721,Mawaru Penguindrum,0,0,6,None
331,2F2F,1138,Medarot,0,0,6,None
332,2F2F,20541,Mikakunin de Shinkoukei,0,0,6,None
333,2F2F,20033,Miss Monochrome: The Animation,0,0,6,None
334,2F2F,7627,Mitsudomoe,0,0,6,None
335,2F2F,80,Mobile Suit Gundam,0,0,6,None
336,2F2F,19,Monster,0,0,6,None
337,2F2F,31764,Nejimaki Seirei Senki: Tenkyou no Alderamin,0,0,6,None
338,2F2F,33674,No Game No Life: Zero,0,0,6,None
339,2F2F,17549,Non Non Biyori,0,0,6,None
340,2F2F,20507,Noragami,0,0,6,None
341,2F2F,31704,One Punch Man: Road to Hero,0,0,6,None
342,2F2F,19221,"Ore no Nounai Sentakushi ga, Gakuen Love Comedy wo Zenryoku de Jama Shiteiru",0,0,6,None
343,2F2F,34161,Overlord Movie 1: Fushisha no Ou,0,0,6,None
344,2F2F,33372,Overlord: Ple Ple Pleiades (OVA),0,0,6,None
345,2F2F,27775,Plastic Memories,0,0,6,None
346,2F2F,13601,Psycho-Pass,0,0,6,None
347,2F2F,28617,Punch Line,0,0,6,None
348,2F2F,30296,Rakudai Kishi no Cavalry,0,0,6,None
349,2F2F,30015,ReLIFE,0,0,6,None
350,2F2F,13599,Robotics;Notes,0,0,6,None
351,2F2F,22865,Rokujouma no Shinryakusha!?,0,0,6,None
352,2F2F,45,Rurouni Kenshin: Meiji Kenkaku Romantan,0,0,6,None
353,2F2F,23277,Saenai Heroine no Sodatekata,0,0,6,None
354,2F2F,30187,Sakurako-san no Ashimoto ni wa Shitai ga Umatteiru,0,0,6,None
355,2F2F,13759,Sakurasou no Pet na Kanojo,0,0,6,None
356,2F2F,24,School Rumble,0,0,6,None
357,2F2F,30806,Schwarzesmarken,0,0,6,None
358,2F2F,1827,Seirei no Moribito,0,0,6,None
359,2F2F,8675,Seitokai Yakuindomo,0,0,6,None
360,2F2F,5507,Senjou no Valkyria,0,0,6,None
361,2F2F,21573,Senki Zesshou Symphogear GX,0,0,6,None
362,2F2F,339,Serial Experiments Lain,0,0,6,None
363,2F2F,4581,Shikabane Hime: Aka,0,0,6,None
364,2F2F,35760,Shingeki no Kyojin Season 3,0,0,6,None
365,2F2F,23233,Shinmai Maou no Testament,0,0,6,None
366,2F2F,12815,Shirokuma Cafe,0,0,6,None
367,2F2F,440,Shoujo Kakumei Utena,0,0,6,None
368,2F2F,32175,Shounen Maid,0,0,6,None
369,2F2F,534,Slayers,0,0,6,None
370,2F2F,6802,So Ra No Wo To,0,0,6,None
371,2F2F,30484,Steins;Gate 0,0,0,6,None
372,2F2F,11577,Steins;Gate Movie: Fuka Ryouiki no Déjà vu,0,0,6,None
373,2F2F,16524,Suisei no Gargantia,0,0,6,None
374,2F2F,36817,Sunohara-sou no Kanrinin-san,0,0,6,None
375,2F2F,8986,Supernatural The Animation,0,0,6,None
376,2F2F,1372,Taiho Shichau zo (TV),0,0,6,None
377,2F2F,24133,Taimadou Gakuen 35 Shiken Shoutai,0,0,6,None
378,2F2F,36108,Takunomi.,0,0,6,None
379,2F2F,32093,Tanaka-kun wa Itsumo Kedaruge,0,0,6,None
380,2F2F,182,Tenkuu no Escaflowne,0,0,6,None
381,2F2F,10278,The iDOLM@STER,0,0,6,None
382,2F2F,4654,Toaru Majutsu no Index,0,0,6,None
383,2F2F,6211,Tokyo Magnitude 8.0,0,0,6,None
384,2F2F,4224,Toradora!,0,0,6,None
385,2F2F,26443,Triage X,0,0,6,None
386,2F2F,6,Trigun,0,0,6,None
387,2F2F,34902,Tsurezure Children,0,0,6,None
388,2F2F,30385,Valkyrie Drive: Mermaid,0,0,6,None
389,2F2F,33352,Violet Evergarden,0,0,6,None
390,2F2F,6425,Weiß Survive,0,0,6,None
391,2F2F,6956,Working!!,0,0,6,None
392,2F2F,861,xxxHOLiC,0,0,6,None
393,2F2F,4548,Yozakura Quartet,0,0,6,None
394,2F2F,28771,Yu☆Gi☆Oh! The Dark Side of Dimensions,0,0,6,None
395,2F2F,36726,Yuragi-sou no Yuuna-san,0,0,6,None
396,2F2F,10495,Yuru Yuri,0,0,6,None
397,2F2F,18677,Yuusha ni Narenakatta Ore wa Shibushibu Shuushoku wo Ketsui Shimashita.,0,0,6,None
398,2F2F,23283,Zankyou no Terror,0,0,6,None
399,2F2F,14075,Zetsuen no Tempest,0,0,6,None
