,col0,col1,col2,col3,col4,col5,col6,col7,col8,col9,col10
0,0,boundary,Static,Black,128.0,-2.5,0.0,256.0,5.0,,
1,1,boundary,Static,Black,-2.5,128.0,0.0,5.0,256.0,,
2,2,boundary,Static,Black,128.0,258.5,0.0,256.0,5.0,,
3,3,boundary,Static,Black,258.5,128.0,0.0,5.0,256.0,,
4,4,bar,Static,Purple,190.76925659179688,157.23924255371094,0.5235987901687622,153.6,5.12,,
5,5,bar,Static,Black,43.06050109863281,195.6392517089844,-0.5235987901687622,102.4,5.12,,
6,6,circle,Dynamic,Green,102.40000915527344,242.8836669921875,,,,,12.5
7,7,User Circle,Dynamic,Red,75.0,219.0,,,,,22.0
