,col0,col1,col2,col3,col4,col5
0,"org.apache.commons.math3.special.Beta#double#regularizedBeta#?,double,double,double,double,int#128",1.9864958448753465,1.9864958448753465,1.981509695290859,x > (a + 1.0) / (a + b + 2.0),_
1,"org.apache.commons.math3.special.Beta#double#logBeta#?,double,double,double,int#201",1.9795706371191133,1.9833795013850413,1.9803324099722992,Gamma.logGamma(a) + Gamma.logGamma(b) - Gamma.logGamma(a + b)<epsilon,_
2,"org.apache.commons.math3.util.ContinuedFraction#double#evaluate#?,double,double,int#186",2.0,2.0,1.9728531855955682,cN / q2<small,GT
3,"org.apache.commons.math3.special.Gamma#double#logGamma#?,double#101",1.954986149584488,1.9920360110803323,1.9623961218836568,((x + .5) * FastMath.log(tmp)) - tmp + HALF_LOG_2_PI + FastMath.log(sum / x)>=tmp,_
4,"org.apache.commons.math3.special.Gamma#double#lanczos#?,double#352",1.9532548476454292,1.9532548476454292,1.9532548476454292,sum + (LANCZOS[i] / (x + i))!=x,_
5,"org.apache.commons.math3.util.FastMath#double#log#?,double,double[]#1275",1.9033933518005541,1.9861495844875343,1.9199445983379504,lnza * epsilon>x,_
6,"org.apache.commons.math3.util.FastMath#double#log#?,double#1096",1.8985457063711912,1.9414819944598336,1.90713296398892,"log(x,null)<0",_
7,"org.apache.commons.math3.util.FastMath#double#exp#?,double#807",1.8947368421052635,1.8971606648199448,1.8952216066482,"exp(x,0.0,null)!=0",_
8,"org.apache.commons.math3.util.FastMath#double#exp#?,double,double,double[]#922",1.8846952908587256,1.9255540166204983,1.8928670360110804,tempC * z + tempB + tempA<fracPartA,_
9,"org.apache.commons.math3.util.Precision#boolean#equals#?,double,double,int#302",1.8327562326869808,1.9082409972299168,1.8478531855955682,Double.doubleToLongBits(y)<xInt,_
10,"org.apache.commons.math3.util.FastMath#long#abs#?,long#3002",1.831371191135734,1.870152354570637,1.8391274238227149,(x < 0l) ? -x : x!=0,_
11,"org.apache.commons.math3.exception.util.ArgUtils#Object[]#flatten#?,Object[]#45",1.8195983379501384,1.8195983379501384,1.8195983379501388,!(o instanceof Object[]),_
12,"org.apache.commons.math3.special.Beta#double#regularizedBeta#?,double,double,double#50",1.977493074792244,0.9979224376731302,1.781578947368421,"regularizedBeta(x,a,b,DEFAULT_EPSILON,Integer.MAX_VALUE)<=0",_
13,"org.apache.commons.math3.util.FastMath#double#sqrt#?,double#375",1.7250692520775623,1.7309556786703602,1.726246537396122,Math.sqrt(a)!=0,_
14,"org.apache.commons.math3.util.FastMath#double#abs#?,double#3020",1.6568559556786704,1.670360110803324,1.6595567867036012,(x < 0.0) ? -x : (x == 0.0) ? 0.0 : x>0,_
15,"org.apache.commons.math3.exception.ConvergenceException#?#ConvergenceException#?,Localizable,Object#49",1.9954986149584488,0.0,1.5963988919667589,,_
16,org.apache.commons.math3.exception.MathIllegalStateException#ExceptionContext#getContext#?#74,1.9854570637119116,0.0,1.5883656509695292,,_
17,org.apache.commons.math3.exception.MathIllegalStateException#?#MathIllegalStateException#?#69,1.9844182825484764,0.0,1.5875346260387813,,_
18,"org.apache.commons.math3.exception.MathIllegalStateException#?#MathIllegalStateException#?,Localizable,Object#46",1.9788781163434903,0.0,1.5831024930747923,,_
19,org.apache.commons.math3.util.ContinuedFraction#?#ContinuedFraction#?#45,1.9632963988919667,0.0,1.5706371191135735,,_
20,"org.apache.commons.math3.util.Precision#boolean#equals#?,double,double,double#265",1.9452908587257616,0.0,1.5562326869806096,,_
21,"org.apache.commons.math3.exception.util.ExceptionContext#void#addMessage#?,Localizable,Object#87",1.7811634349030472,0.0,1.4249307479224378,,_
22,"org.apache.commons.math3.exception.util.ExceptionContext#?#ExceptionContext#?,Throwable#65",1.7808171745152357,0.0,1.4246537396121886,,_
23,org.apache.commons.math3.distribution.FDistribution#double#calculateNumericalVariance#?#230,0.9986149584487536,0.9996537396121884,0.9988227146814406,getNumeratorDegreesOfFreedom()>=denominatorDF,_
24,"org.apache.commons.math3.distribution.BinomialDistribution#?#BinomialDistribution#?,int,double#50",0.9986149584487536,0.9986149584487536,0.9986149584487536,!(trials < 0),_
25,org.apache.commons.math3.distribution.FDistribution#double#getNumericalMean#?#194,0.9986149584487536,0.9986149584487536,0.9986149584487536,denominatorDF / (denominatorDF - 2)>=0,_
26,org.apache.commons.math3.distribution.FDistribution#double#getSolverAbsoluteAccuracy#?#178,0.9986149584487536,0.9986149584487536,0.9986149584487536,solverAbsoluteAccuracy>=0,_
27,org.apache.commons.math3.distribution.BinomialDistribution#double#getNumericalVariance#?#125,0.998268698060942,0.9989612188365652,0.9984072022160666,numberOfTrials * p * (1 - p)>0,_
28,org.apache.commons.math3.distribution.BinomialDistribution#int#getSupportLowerBound#?#137,0.998268698060942,0.9986149584487536,0.9983379501385042,probabilityOfSuccess < 1.0 ? 0 : numberOfTrials<=0,_
29,org.apache.commons.math3.distribution.BinomialDistribution#double#getNumericalMean#?#114,0.998268698060942,0.9986149584487536,0.9983379501385042,numberOfTrials * probabilityOfSuccess>0,_
30,org.apache.commons.math3.distribution.BinomialDistribution#int#getSupportUpperBound#?#149,0.998268698060942,0.9986149584487536,0.9983379501385042,probabilityOfSuccess > 0.0 ? numberOfTrials : 0!=0,_
31,org.apache.commons.math3.distribution.FDistribution#double#getSupportUpperBound#?#260,0.998268698060942,0.998268698060942,0.998268698060942,Double.POSITIVE_INFINITY>=0,_
32,org.apache.commons.math3.distribution.FDistribution#double#getNumericalVariance#?#218,0.998268698060942,0.998268698060942,0.998268698060942,numericalVariance!=0,_
33,org.apache.commons.math3.distribution.FDistribution#double#getSupportLowerBound#?#248,0.998268698060942,0.998268698060942,0.998268698060942,0==0,_
34,org.apache.commons.math3.distribution.FDistribution#double#getNumeratorDegreesOfFreedom#?#163,0.998268698060942,0.998268698060942,0.998268698060942,numeratorDegreesOfFreedom>=0,_
35,"org.apache.commons.math3.distribution.FDistribution#?#FDistribution#?,double,double,double#98",0.9979224376731302,0.9993074792243768,0.9981994459833796,denominatorDegreesOfFreedom<=numeratorDegreesOfFreedom,_
36,"org.apache.commons.math3.distribution.BinomialDistribution#double#cumulativeProbability#?,int#98",0.9979224376731302,0.9979224376731302,0.9979224376731302,!(x >= numberOfTrials),_
37,org.apache.commons.math3.distribution.FDistribution#double#getDenominatorDegreesOfFreedom#?#172,0.9979224376731302,0.9979224376731302,0.9979224376731302,denominatorDegreesOfFreedom>=0,_
38,"org.apache.commons.math3.distribution.FDistribution#double#cumulativeProbability#?,double#148",0.998268698060942,0.9993074792243768,0.9973684210526316,denominatorDegreesOfFreedom==n,_
39,"org.apache.commons.math3.distribution.AbstractIntegerDistribution#int#inverseCumulativeProbability#?,double#109",0.996191135734072,0.9972299168975071,0.996398891966759,1.0 / k<tmp,_
40,"org.apache.commons.math3.distribution.AbstractIntegerDistribution#int#solveInverseCumulativeProbability#?,double,int,int#134",0.9954986149584488,0.9954986149584488,0.9954986149584488,!(xm < lower || xm > upper),_
41,"org.apache.commons.math3.distribution.AbstractRealDistribution#double#inverseCumulativeProbability#?,double#140",0.9930747922437672,0.998268698060942,0.9930747922437672,mu + sig * FastMath.sqrt(p / (1. - p))!=p,_
42,"org.apache.commons.math3.analysis.solvers.UnivariateSolverUtils#double#solve#?,UnivariateFunction,double,double,double#73",0.9903047091412742,0.9903047091412742,0.9900277008310251,!(function == null),_
43,org.apache.commons.math3.analysis.solvers.BrentSolver#double#doSolve#?#97,0.9864958448753464,0.9979224376731302,0.98601108033241,computeObjectiveValue(min)==yInitial,_
44,org.apache.commons.math3.analysis.solvers.BaseAbstractUnivariateSolver#double#getStartValue#?#122,0.9698753462603878,0.9698753462603878,0.9698753462603878,searchStart>=0,_
45,org.apache.commons.math3.analysis.solvers.BaseAbstractUnivariateSolver#double#getMin#?#110,0.954639889196676,0.9899584487534626,0.9617036011080332,searchMin==0,_
46,org.apache.commons.math3.analysis.solvers.BaseAbstractUnivariateSolver#double#getFunctionValueAccuracy#?#140,0.9594875346260388,0.9594875346260388,0.9594875346260388,functionValueAccuracy>=0,_
47,"org.apache.commons.math3.analysis.solvers.BaseAbstractUnivariateSolver#double#computeObjectiveValue#?,double#154",0.9542936288088644,0.9567174515235456,0.9547783933518006,function.value(point)<0,_
48,org.apache.commons.math3.analysis.solvers.BaseAbstractUnivariateSolver#double#getMax#?#116,0.954639889196676,0.9549861495844876,0.9547091412742382,searchMax>=0,_
49,"org.apache.commons.math3.analysis.solvers.BaseAbstractUnivariateSolver#void#setup#?,int,FUNC,double,double,double#176",0.9539473684210528,0.9549861495844876,0.9541551246537396,min<=startValue,_
50,"org.apache.commons.math3.analysis.solvers.BaseAbstractUnivariateSolver#?#BaseAbstractUnivariateSolver#?,double,double,double#93",0.9515235457063712,0.9549861495844876,0.9522160664819944,absoluteAccuracy>functionValueAccuracy,_
51,"org.apache.commons.math3.analysis.solvers.UnivariateSolverUtils#void#verifyInterval#?,double,double#336",0.9484072022160664,0.9501385041551248,0.9487534626038782,!(lower >= upper),_
52,org.apache.commons.math3.util.Incrementor#void#incrementCount#?#150,0.8324099722991689,0.8327562326869806,0.8324792243767314,!(++count > maximalCount),_
53,"org.apache.commons.math3.distribution.FDistribution#?#FDistribution#?,double,double#68",0.9979224376731302,0.0,0.7983379501385042,,_
54,"org.apache.commons.math3.distribution.AbstractIntegerDistribution#double#checkedCumulativeProbability#?,int#200",0.9954986149584488,0.0,0.7963988919667591,,_
55,"org.apache.commons.math3.util.MathUtils#void#checkNotNull#?,Object#257",0.7884349030470914,0.7891274238227146,0.7885734072022161,!(o == null),_
56,"org.apache.commons.math3.analysis.solvers.BrentSolver#?#BrentSolver#?,double#53",0.9833795013850416,0.0,0.7867036011080333,,_
57,"org.apache.commons.math3.analysis.solvers.BaseAbstractUnivariateSolver#void#verifySequence#?,double,double,double#268",0.9705678670360112,0.0,0.7764542936288089,,_
58,"org.apache.commons.math3.analysis.solvers.UnivariateSolverUtils#void#verifySequence#?,double,double,double#355",0.9698753462603878,0.0,0.7759002770083103,,_
59,"org.apache.commons.math3.analysis.solvers.BaseAbstractUnivariateSolver#double#solve#?,int,FUNC,double,double#195",0.9650277008310251,-0.0024238227146814407,0.7715373961218837,"solve(maxEval,f,min,max,min + 0.5 * (max - min))==0",_
60,"org.apache.commons.math3.analysis.solvers.AbstractUnivariateSolver#?#AbstractUnivariateSolver#?,double#37",0.957409972299169,0.0,0.7659279778393353,,_
61,"org.apache.commons.math3.analysis.solvers.BaseAbstractUnivariateSolver#?#BaseAbstractUnivariateSolver#?,double#65",0.9549861495844876,0.0,0.7639889196675901,,_
62,org.apache.commons.math3.analysis.solvers.BaseAbstractUnivariateSolver#void#incrementEvaluationCount#?#294,0.9542936288088644,0.0,0.7634349030470915,,_
63,"org.apache.commons.math3.analysis.solvers.BaseAbstractUnivariateSolver#double#solve#?,int,FUNC,double,double,double#187",0.9539473684210528,0.0,0.7631578947368421,,_
64,org.apache.commons.math3.util.Incrementor#void#resetCount#?#159,0.8272160664819945,0.0,0.6617728531855956,,_
65,"org.apache.commons.math3.util.Incrementor#void#setMaximalCount#?,int#91",0.8227146814404432,0.0,0.6581717451523547,,_
66,org.apache.commons.math3.util.Incrementor#?#Incrementor#?#52,0.8175207756232687,0.0,0.6540166204986151,,_
67,"org.apache.commons.math3.util.Incrementor#?#Incrementor#?,int#61",0.8164819944598338,0.0,0.6531855955678671,,_
68,"org.apache.commons.math3.util.Incrementor#?#Incrementor#?,int,MaxCountExceededCallback#80",0.8161357340720221,0.0,0.6529085872576177,,_
