,col0,col1,col2,col3,col4,col5
0,"org.joda.time.format.PeriodFormatterBuilder$Separator#int#parseInto#?,ReadWritablePeriod,String,int,Locale#1734",inf,inf,inf,found && position == oldPos,_
1,"org.joda.time.format.PeriodFormatterBuilder$FieldFormatter#int#parseInt#?,String,int,int#1349",inf,inf,inf,length >= 10,_
2,"org.joda.time.format.PeriodFormatterBuilder#PeriodFormatterBuilder#append#?,PeriodFormatter#192",1.0,1.0,1.0,!(formatter == null),_
3,"org.joda.time.format.PeriodFormatterBuilder#Object[]#createComposite#?,List<Object>#818",1.0,0.0,0.6,,_
4,"org.joda.time.format.PeriodFormatter#MutablePeriod#parseMutablePeriod#?,String#324",0.16666666666666666,0.16666666666666666,0.1,,_
5,"org.joda.time.format.PeriodFormatterBuilder$FieldFormatter#int#parseInto#?,ReadWritablePeriod,String,int,Locale#1305",0.14285714285714285,0.14285714285714285,0.0857142857142857,,_
6,"org.joda.time.format.PeriodFormatterBuilder#PeriodFormatterBuilder#appendSuffix#?,String#552",0.043478260869565216,0.043478260869565216,0.042391304347826085,!(text == null),_
7,"org.joda.time.format.PeriodFormatterBuilder$Separator#?#Separator#?,String,String,String[],PeriodPrinter,PeriodParser,boolean,boolean#1597",0.04,0.04,0.03418181818181818,(finalText == null || text.equals(finalText)) && (variants == null || variants.length == 0),_
8,org.joda.time.format.PeriodFormatterBuilder$FieldFormatter#int#getFieldType#?#1529,0.03225806451612903,0.03571428571428571,0.033640552995391704,iFieldType!=0,_
9,"org.joda.time.base.BasePeriod#void#setPeriodInternal#?,ReadablePeriod#415",0.017241379310344827,0.05882352941176471,0.033529411764705884,period.getValue(i)>isize,_
10,org.joda.time.format.ISOPeriodFormat#PeriodFormatter#standard#?#66,0.05555555555555555,0.05555555555555555,0.03333333333333333,,_
11,"org.joda.time.format.PeriodFormatterBuilder$FieldFormatter#?#FieldFormatter#?,FieldFormatter,PeriodFieldAffix#1070",0.03225806451612903,0.03225806451612903,0.03225806451612903,!(field.iSuffix != null),_
12,"org.joda.time.format.PeriodFormatterBuilder$SimpleAffix#int#scan#?,String,int#901",0.03225806451612903,0.03225806451612903,0.03225806451612903,~position<0,_
13,"org.joda.time.format.PeriodFormatterBuilder#PeriodFormatterBuilder#appendSuffix#?,PeriodFieldAffix#599",0.03225806451612903,0.03225806451612903,0.031085043988269792,!(originalPrinter == null || originalParser == null || originalPrinter != originalParser || !(originalPrinter instanceof FieldFormatter)),_
14,"org.joda.time.format.PeriodFormatterBuilder#PeriodFormatterBuilder#appendSeparator#?,String,String,String[],boolean,boolean#761",0.030303030303030307,0.030303030303030307,0.030303030303030307,!(lastSeparator != null && pairs.size() == 0),_
15,"org.joda.time.format.PeriodFormatterBuilder#PeriodFormatterBuilder#appendLiteral#?,String#228",0.028571428571428567,0.028571428571428567,0.028571428571428567,!(text == null),_
16,"org.joda.time.format.PeriodFormatterBuilder$FieldFormatter#void#setFieldValue#?,ReadWritablePeriod,int,int#1523",0.045454545454545456,0.0,0.027272727272727268,,_
17,"org.joda.time.MutablePeriod#void#setMillis#?,int#947",0.043478260869565216,0.0,0.026086956521739132,,_
18,"org.joda.time.MutablePeriod#void#setSeconds#?,int#925",0.043478260869565216,0.0,0.026086956521739132,,_
19,org.joda.time.format.PeriodFormatterBuilder#PeriodFormatterBuilder#appendSecondsWithOptionalMillis#?#501,0.043478260869565216,0.0,0.026086956521739132,,_
20,"org.joda.time.format.PeriodFormatterBuilder#PeriodFormatterBuilder#appendSeparatorIfFieldsAfter#?,String#652",0.043478260869565216,0.0,0.026086956521739132,,_
21,org.joda.time.convert.ReadablePeriodConverter#Class<?>#getSupportedType#?#81,0.04,0.0,0.024,,_
22,"org.joda.time.format.PeriodFormatterBuilder$SimpleAffix#int#parse#?,String,int#877",0.023809523809523808,0.023809523809523808,0.023809523809523808,position + textLength!=0,_
23,"org.joda.time.format.PeriodFormatterBuilder$SimpleAffix#?#SimpleAffix#?,String#858",0.037037037037037035,0.0,0.02222222222222222,,_
24,"org.joda.time.format.PeriodFormatterBuilder$Literal#int#parseInto#?,ReadWritablePeriod,String,int,Locale#1565",0.021739130434782608,0.021739130434782608,0.021739130434782608,"periodStr.regionMatches(true,position,iText,0,iText.length())",_
25,"org.joda.time.format.PeriodFormatterBuilder#PeriodFormatter#toFormatter#?,List<Object>,boolean,boolean#799",0.030303030303030307,0.030303030303030307,0.020015948963317383,size >= 2 && elementPairs.get(0) instanceof Separator,GT
26,org.joda.time.format.PeriodFormatterBuilder#void#clear#?#176,0.0196078431372549,0.0196078431372549,0.0196078431372549,iElementPairs == null,_
27,"org.joda.time.convert.ConverterSet#Converter#selectSlow#?,ConverterSet,Class<?>#260",0.018518518518518517,0.03571428571428571,0.01950310559006211,converters.length!=i,_
28,org.joda.time.format.PeriodFormatterBuilder#void#clearPrefix#?#779,0.019230769230769232,0.019230769230769232,0.019230769230769232,!(iPrefix != null),_
29,"org.joda.time.base.BasePeriod#void#setFieldInto#?,int[],DurationFieldType,int#484",0.015151515151515154,0.024390243902439025,0.018847006651884702,value<index,_
30,org.joda.time.convert.ReadableDurationConverter#Class<?>#getSupportedType#?#88,0.03125,0.0,0.01875,,_
31,org.joda.time.format.PeriodFormatterBuilder#PeriodFormatterBuilder#appendMinutes#?#464,0.030303030303030307,0.0,0.01818181818181818,,_
32,"org.joda.time.format.PeriodFormatterBuilder$Separator#Separator#finish#?,PeriodPrinter,PeriodParser#1750",0.030303030303030307,0.0,0.01818181818181818,,_
33,"org.joda.time.format.PeriodFormatterBuilder$Literal#?#Literal#?,String#1543",0.028571428571428567,0.0,0.01714285714285714,,_
34,"org.joda.time.format.PeriodFormatterBuilder$Composite#int#parseInto#?,ReadWritablePeriod,String,int,Locale#1831",0.01694915254237288,0.01694915254237288,0.01694915254237288,position!=0,_
35,org.joda.time.format.PeriodFormatter#void#checkParser#?#335,0.016666666666666666,0.01694915254237288,0.01677966101694915,!(iParser == null),_
36,org.joda.time.format.PeriodFormatterBuilder#PeriodFormatterBuilder#appendDays#?#437,0.027027027027027032,0.0,0.016216216216216217,,_
37,"org.joda.time.base.BasePeriod#void#setPeriod#?,ReadablePeriod#401",0.016666666666666666,0.016666666666666666,0.01575757575757576,!(period == null),_
38,"org.joda.time.base.BasePeriod#?#BasePeriod#?,Object,PeriodType,Chronology#247",0.017543859649122806,0.017543859649122806,0.015713196033562166,!(this instanceof ReadWritablePeriod),_
39,org.joda.time.format.PeriodFormatterBuilder#PeriodFormatterBuilder#appendMonths#?#412,0.02564102564102564,0.0,0.015384615384615384,,_
40,org.joda.time.format.PeriodFormatterBuilder#PeriodFormatterBuilder#appendWeeks#?#424,0.02564102564102564,0.0,0.015384615384615384,,_
41,org.joda.time.format.PeriodFormatterBuilder#PeriodFormatterBuilder#appendHours#?#451,0.025,0.0,0.015,,_
42,org.joda.time.base.AbstractPeriod#Period#toPeriod#?#124,0.023809523809523808,0.0,0.014285714285714284,,_
43,org.joda.time.convert.ConverterManager#?#ConverterManager#?#134,0.023809523809523808,0.0,0.014285714285714284,,_
44,org.joda.time.convert.ConverterManager#ConverterManager#getInstance#?#90,0.023809523809523808,0.023809523809523808,0.014285714285714284,,_
45,org.joda.time.convert.StringConverter#?#StringConverter#?#50,0.023809523809523808,0.0,0.014285714285714284,,_
46,org.joda.time.convert.ReadableInstantConverter#?#ReadableInstantConverter#?#42,0.02325581395348837,0.0,0.013953488372093023,,_
47,org.joda.time.convert.ReadablePartialConverter#?#ReadablePartialConverter#?#41,0.02325581395348837,0.0,0.013953488372093023,,_
48,org.joda.time.convert.CalendarConverter#?#CalendarConverter#?#49,0.02325581395348837,0.0,0.013953488372093023,,_
49,org.joda.time.convert.DateConverter#?#DateConverter#?#41,0.02325581395348837,0.0,0.013953488372093023,,_
50,org.joda.time.convert.LongConverter#?#LongConverter#?#40,0.02325581395348837,0.0,0.013953488372093023,,_
51,org.joda.time.convert.ReadableDurationConverter#?#ReadableDurationConverter#?#42,0.02325581395348837,0.0,0.013953488372093023,,_
52,org.joda.time.convert.NullConverter#?#NullConverter#?#45,0.02325581395348837,0.0,0.013953488372093023,,_
53,org.joda.time.convert.ReadableIntervalConverter#?#ReadableIntervalConverter#?#42,0.02325581395348837,0.0,0.013953488372093023,,_
54,org.joda.time.convert.ReadablePeriodConverter#?#ReadablePeriodConverter#?#42,0.02325581395348837,0.0,0.013953488372093023,,_
55,"org.joda.time.convert.ConverterManager#PeriodConverter#getPeriodConverter#?,Object#423",0.013888888888888888,0.013888888888888888,0.013774733637747337,converter != null,_
56,"org.joda.time.format.PeriodFormatter#Period#parsePeriod#?,String#304",0.022222222222222227,0.0,0.013333333333333334,,_
57,"org.joda.time.format.PeriodFormatterBuilder$Composite#?#Composite#?,List<Object>#1777",0.013157894736842105,0.013157894736842105,0.013157894736842105,!(parserList.size() <= 0),_
58,"org.joda.time.format.PeriodFormatterBuilder$Composite#void#decompose#?,List<Object>,List<Object>,List<Object>#1848",0.013157894736842105,0.013157894736842105,0.013157894736842105,!(element instanceof Composite),_
59,"org.joda.time.Period#?#Period#?,Object#594",0.02127659574468085,0.0,0.01276595744680851,,_
60,"org.joda.time.format.FormatUtils#String#createErrorMessage#?,String,int#369",0.013157894736842105,0.013157894736842105,0.012670565302144249,!(errorPos >= text.length()),_
61,org.joda.time.convert.ReadableIntervalConverter#Class<?>#getSupportedType#?#113,0.020408163265306117,0.0,0.012244897959183671,,_
62,"org.joda.time.convert.ReadablePeriodConverter#PeriodType#getPeriodType#?,Object#71",0.0196078431372549,0.0,0.011764705882352941,,_
63,org.joda.time.format.PeriodFormatterBuilder#?#PeriodFormatterBuilder#?#102,0.0196078431372549,0.0,0.011764705882352941,,_
64,org.joda.time.convert.AbstractConverter#?#AbstractConverter#?#38,0.019230769230769232,0.0,0.01153846153846154,,_
65,org.joda.time.format.PeriodFormatterBuilder#PeriodFormatterBuilder#appendYears#?#398,0.018867924528301886,0.0,0.011320754716981131,,_
66,org.joda.time.base.AbstractPeriod#int[]#getValues#?#74,0.009523809523809523,0.012987012987012988,0.01090909090909091,getValue(i)==i,_
67,"org.joda.time.MutablePeriod#?#MutablePeriod#?,Object,PeriodType,Chronology#398",0.017857142857142856,0.0,0.010714285714285713,,_
68,"org.joda.time.convert.ReadablePeriodConverter#void#setInto#?,ReadWritablePeriod,Object,Chronology#58",0.017857142857142856,0.0,0.010714285714285713,,_
69,"org.joda.time.base.BasePeriod#void#setField#?,DurationFieldType,int#465",0.015384615384615384,0.0,0.009230769230769232,,_
70,"org.joda.time.MutablePeriod#void#setPeriod#?,ReadablePeriod#440",0.015151515151515154,0.0,0.00909090909090909,,_
71,"org.joda.time.MutablePeriod#?#MutablePeriod#?,long,PeriodType#172",0.015151515151515154,0.0,0.00909090909090909,,_
72,"org.joda.time.format.PeriodFormatterBuilder#void#appendField#?,int#530",0.013513513513513514,0.0,0.008108108108108109,,_
73,"org.joda.time.format.PeriodFormatterBuilder$FieldFormatter#?#FieldFormatter#?,int,int,int,boolean,int,FieldFormatter[],PeriodFieldAffix,PeriodFieldAffix#1052",0.013333333333333334,0.0,0.008,,_
74,"org.joda.time.format.PeriodFormatterBuilder#void#appendField#?,int,int#538",0.013333333333333334,0.0,0.008,,_
75,"org.joda.time.format.PeriodFormatterBuilder#PeriodFormatterBuilder#append0#?,PeriodPrinter,PeriodParser#790",0.013157894736842105,0.0,0.007894736842105262,,_
76,org.joda.time.format.PeriodFormatterBuilder#PeriodFormatter#toFormatter#?#125,0.013157894736842105,0.0,0.007894736842105262,,_
77,"org.joda.time.format.PeriodFormatter#?#PeriodFormatter#?,PeriodPrinter,PeriodParser#89",0.012987012987012988,0.0,0.007792207792207792,,_
78,"org.joda.time.convert.ConverterSet#ConverterSet#remove#?,int,Converter[]#222",0.007092198581560284,0.008547008547008548,0.007644155531479475,!(removed != null),_
79,"org.joda.time.chrono.ISOChronology#void#assemble#?,Fields#169",0.006802721088435374,0.0078125,0.007206632653061223,!(getBase().getZone() == DateTimeZone.UTC),_
80,org.joda.time.format.PeriodFormatter#PeriodParser#getParser#?#146,0.011111111111111113,0.0,0.006666666666666667,,_
81,org.joda.time.field.ScaledDurationField#int#hashCode#?#151,0.0053191489361702135,0.00847457627118644,0.006581319870176704,hash<=0,_
82,"org.joda.time.convert.ConverterSet#Converter#select#?,Class<?>#86",0.006493506493506494,0.006493506493506494,0.006493506493506494,entries[i] == null,_
83,org.joda.time.format.PeriodFormatter#PeriodPrinter#getPrinter#?#128,0.010101010101010102,0.0,0.006060606060606061,,_
84,"org.joda.time.chrono.BaseChronology#int[]#get#?,ReadablePeriod,long#278",0.004587155963302753,0.007936507936507936,0.0059018759018759,!(duration != 0),_
85,org.joda.time.field.PreciseDurationField#int#hashCode#?#145,0.0053191489361702135,0.0053191489361702135,0.0053191489361702135,hash>=0,_
86,"org.joda.time.chrono.ZonedChronology#ZonedChronology#getInstance#?,Chronology,DateTimeZone#56",0.005291005291005291,0.005291005291005291,0.005291005291005291,!(base == null),_
87,"org.joda.time.chrono.ZonedChronology$ZonedDateTimeField#?#ZonedDateTimeField#?,DateTimeField,DateTimeZone,DurationField,DurationField,DurationField#390",0.005263157894736842,0.005263157894736842,0.005263157894736842,!(!field.isSupported()),_
88,"org.joda.time.chrono.ZonedChronology#DurationField#convertField#?,DurationField,HashMap<Object,Object>#203",0.005263157894736842,0.005263157894736842,0.005263157894736842,!(converted.containsKey(field)),_
89,"org.joda.time.chrono.ZonedChronology$ZonedDurationField#?#ZonedDurationField#?,DurationField,DateTimeZone#285",0.005263157894736842,0.005263157894736842,0.005263157894736842,!(!field.isSupported()),_
90,org.joda.time.chrono.ZonedChronology$ZonedDurationField#long#getUnitMillis#?#298,0.005263157894736842,0.005263157894736842,0.005263157894736842,iField.getUnitMillis()>=0,_
91,"org.joda.time.chrono.ZonedChronology#DateTimeField#convertField#?,DateTimeField,HashMap<Object,Object>#212",0.005263157894736842,0.005263157894736842,0.005263157894736842,!(field == null || !field.isSupported()),_
92,org.joda.time.field.UnsupportedDurationField#long#getUnitMillis#?#218,0.005235602094240838,0.005235602094240838,0.005235602094240838,0>=0,_
93,org.joda.time.field.ScaledDurationField#long#getUnitMillis#?#109,0.005102040816326529,0.005102040816326529,0.005102040816326529,getWrappedField().getUnitMillis() * iScalar!=0,_
94,"org.joda.time.base.BasePeriod#void#checkAndUpdate#?,DurationFieldType,int[],int#389",0.003846153846153847,0.006944444444444444,0.005085470085470086,newValue==index,_
95,org.joda.time.convert.StringConverter#Class<?>#getSupportedType#?#241,0.008,0.0,0.0048,,_
96,"org.joda.time.chrono.ISOChronology#?#ISOChronology#?,Chronology#122",0.006802721088435374,0.0,0.004081632653061224,,_
97,org.joda.time.chrono.AssembledChronology#void#setFields#?#320,0.004048582995951417,0.004048582995951417,0.004019433198380567,iBase != null,_
98,"org.joda.time.chrono.AssembledChronology$Fields#void#copyFieldsFrom#?,Chronology#448",0.004016064257028112,0.004016064257028112,0.004016064257028112,isSupported(f=chrono.seconds()),_
99,"org.joda.time.convert.ConverterSet#?#ConverterSet#?,Converter[]#35",0.006622516556291391,0.0,0.003973509933774834,,_
100,"org.joda.time.chrono.ISOChronology#ISOChronology#getInstance#?,DateTimeZone#112",0.006622516556291391,0.006666666666666667,0.003973509933774834,,_
101,"org.joda.time.convert.ConverterSet$Entry#?#Entry#?,Class<?>,Converter#323",0.006493506493506494,0.0,0.003896103896103896,,_
102,"org.joda.time.field.UnsupportedDurationField#UnsupportedDurationField#getInstance#?,DurationFieldType#55",0.0037735849056603774,0.003846153846153847,0.003802612481857765,!(field == null),_
103,org.joda.time.convert.NullConverter#Class<?>#getSupportedType#?#95,0.006097560975609756,0.0,0.003658536585365853,,_
104,org.joda.time.chrono.GJEraDateTimeField#DurationField#getRangeDurationField#?#131,0.005847953216374269,0.0,0.003508771929824561,,_
105,org.joda.time.chrono.GJEraDateTimeField#DurationField#getDurationField#?#127,0.005847953216374269,0.0,0.003508771929824561,,_
106,"org.joda.time.DateTimeUtils#PeriodType#getPeriodType#?,PeriodType#286",0.0053475935828877,0.0053475935828877,0.003472370766488413,type == null,_
107,org.joda.time.field.MillisDurationField#long#getUnitMillis#?#80,0.0033444816053511705,0.0033444816053511705,0.0033444816053511705,1>=0,_
108,org.joda.time.field.RemainderDateTimeField#DurationField#getRangeDurationField#?#139,0.005405405405405407,0.0,0.0032432432432432435,,_
109,org.joda.time.field.DecoratedDateTimeField#DurationField#getRangeDurationField#?#90,0.005376344086021507,0.0,0.0032258064516129032,,_
110,"org.joda.time.base.AbstractPeriod#int#indexOf#?,DurationFieldType#114",0.0031446540880503146,0.0033444816053511705,0.003224585094970657,getPeriodType().indexOf(type)==0,_
111,org.joda.time.field.ZeroIsMaxDateTimeField#DurationField#getLeapDurationField#?#101,0.0053475935828877,0.0,0.00320855614973262,,_
112,org.joda.time.chrono.BasicWeekyearDateTimeField#DurationField#getLeapDurationField#?#220,0.0053475935828877,0.0,0.00320855614973262,,_
113,org.joda.time.chrono.BasicYearDateTimeField#DurationField#getLeapDurationField#?#111,0.0053475935828877,0.0,0.00320855614973262,,_
114,org.joda.time.chrono.BasicMonthOfYearDateTimeField#DurationField#getLeapDurationField#?#328,0.0053475935828877,0.0,0.00320855614973262,,_
115,"org.joda.time.PeriodType#int#indexOf#?,DurationFieldType#650",0.003154574132492113,0.003278688524590164,0.0032042198893313337,i>0,_
116,"org.joda.time.chrono.ZonedChronology#?#ZonedChronology#?,Chronology,DateTimeZone#82",0.005291005291005291,0.0,0.0031746031746031737,,_
117,org.joda.time.chrono.BasicWeekOfWeekyearDateTimeField#DurationField#getRangeDurationField#?#58,0.005263157894736842,0.0,0.003157894736842105,,_
118,org.joda.time.chrono.BasicWeekyearDateTimeField#DurationField#getRangeDurationField#?#208,0.005263157894736842,0.0,0.003157894736842105,,_
119,org.joda.time.field.BaseDateTimeField#DurationField#getLeapDurationField#?#726,0.005263157894736842,0.0,0.003157894736842105,,_
120,"org.joda.time.chrono.ZonedChronology#void#assemble#?,Fields#159",0.005263157894736842,0.0,0.003157894736842105,,_
121,"org.joda.time.chrono.ZonedChronology#boolean#useTimeArithmetic#?,DurationField#72",0.005263157894736842,0.0,0.003157894736842105,,_
122,org.joda.time.field.MillisDurationField#DurationFieldType#getType#?#49,0.005235602094240838,0.0,0.003141361256544503,,_
123,org.joda.time.tz.CachedDateTimeZone#int#hashCode#?#131,0.0025906735751295338,0.003937007874015748,0.0031292072946840195,iZone.hashCode()>0,_
124,org.joda.time.chrono.BasicDayOfYearDateTimeField#DurationField#getRangeDurationField#?#56,0.0051813471502590676,0.0,0.0031088082901554407,,_
125,org.joda.time.DateTimeZone#int#hashCode#?#1165,0.002564102564102564,0.0039215686274509795,0.0031070889894419308,57 + getID().hashCode()>=0,_
126,"org.joda.time.field.BaseDurationField#?#BaseDurationField#?,DurationFieldType#48",0.003003003003003003,0.003003003003003003,0.002997608386829944,!(type == null),_
127,org.joda.time.chrono.GJDayOfWeekDateTimeField#DurationField#getRangeDurationField#?#94,0.0047619047619047615,0.0,0.002857142857142857,,_
128,"org.joda.time.base.BasePeriod#?#BasePeriod#?,long,PeriodType,Chronology#229",0.0047169811320754715,0.0,0.002830188679245283,,_
129,org.joda.time.field.DividedDateTimeField#DurationField#getDurationField#?#182,0.0047169811320754715,0.0,0.002830188679245283,,_
130,org.joda.time.field.DecoratedDateTimeField#DurationField#getDurationField#?#86,0.0045662100456621,0.0,0.0027397260273972603,,_
131,org.joda.time.field.ImpreciseDateTimeField$LinkedDurationField#long#getUnitMillis#?#160,0.0025906735751295338,0.0025906735751295338,0.0025906735751295338,iUnitMillis!=0,_
132,"org.joda.time.chrono.AssembledChronology#?#AssembledChronology#?,Chronology,Object#102",0.004149377593360996,0.0,0.002489626556016597,,_
133,org.joda.time.field.ImpreciseDateTimeField#DurationField#getDurationField#?#137,0.004132231404958678,0.0,0.002479338842975207,,_
134,"org.joda.time.chrono.AssembledChronology$Fields#boolean#isSupported#?,DurationField#558",0.004016064257028112,0.0,0.0024096385542168672,,_
135,"org.joda.time.chrono.AssembledChronology$Fields#boolean#isSupported#?,DateTimeField#562",0.004016064257028112,0.0,0.0024096385542168672,,_
136,org.joda.time.chrono.BaseChronology#DurationField#eras#?#660,0.004,0.0,0.0024,,_
137,org.joda.time.field.MillisDurationField#boolean#isSupported#?#62,0.003952569169960474,0.0,0.0023715415019762843,,_
138,"org.joda.time.base.BasePeriod#int#getValue#?,int#321",0.002074688796680498,0.002710027100271003,0.0023288241181167,iValues[index]==0,_
139,org.joda.time.chrono.BaseChronology#?#BaseChronology#?#54,0.003861003861003861,0.0,0.0023166023166023165,,_
140,org.joda.time.chrono.AssembledChronology#DateTimeField#weekyearOfCentury#?#252,0.003846153846153847,0.0,0.002307692307692308,,_
141,org.joda.time.field.UnsupportedDurationField#boolean#isSupported#?#92,0.003846153846153847,0.0,0.002307692307692308,,_
142,org.joda.time.chrono.AssembledChronology#DurationField#eras#?#288,0.0038314176245210726,0.0,0.002298850574712644,,_
143,org.joda.time.chrono.AssembledChronology#DurationField#centuries#?#280,0.0038022813688212928,0.0,0.002281368821292776,,_
144,org.joda.time.chrono.AssembledChronology#DurationField#halfdays#?#204,0.0038022813688212928,0.0,0.002281368821292776,,_
145,org.joda.time.field.BaseDurationField#DurationFieldType#getType#?#55,0.003703703703703704,0.0,0.0022222222222222227,,_
146,org.joda.time.chrono.AssembledChronology#DateTimeField#clockhourOfDay#?#200,0.0036764705882352936,0.0,0.0022058823529411764,,_
147,org.joda.time.chrono.AssembledChronology#DateTimeField#hourOfHalfday#?#208,0.0036764705882352936,0.0,0.0022058823529411764,,_
148,org.joda.time.PeriodType#PeriodType#standard#?#103,0.002173913043478261,0.0022222222222222227,0.0021932367149758453,!(type == null),_
149,org.joda.time.chrono.AssembledChronology#DurationField#weekyears#?#244,0.0036231884057971015,0.0,0.002173913043478261,,_
150,org.joda.time.DurationFieldType#DurationFieldType#eras#?#205,0.0035714285714285718,0.0,0.0021428571428571425,,_
151,org.joda.time.chrono.AssembledChronology#DateTimeField#minuteOfDay#?#188,0.0035587188612099642,0.0,0.0021352313167259784,,_
152,org.joda.time.chrono.AssembledChronology#DateTimeField#clockhourOfHalfday#?#212,0.0034965034965034965,0.0,0.002097902097902098,,_
153,"org.joda.time.field.BaseDateTimeField#?#BaseDateTimeField#?,DateTimeFieldType#51",0.0020964360587002093,0.0020964360587002093,0.0020964360587002093,!(type == null),_
154,org.joda.time.base.BasePeriod#int#size#?#299,0.0020833333333333333,0.0020833333333333333,0.0020833333333333333,iType.size()>=0,_
155,org.joda.time.chrono.AssembledChronology#DateTimeField#yearOfCentury#?#276,0.003448275862068965,0.0,0.00206896551724138,,_
156,org.joda.time.chrono.AssembledChronology#DateTimeField#centuryOfEra#?#284,0.0034129692832764505,0.0,0.0020477815699658703,,_
157,org.joda.time.chrono.AssembledChronology#DateTimeField#yearOfEra#?#272,0.003389830508474576,0.0,0.0020338983050847462,,_
158,org.joda.time.chrono.AssembledChronology#DateTimeField#halfdayOfDay#?#216,0.0033670033670033673,0.0,0.0020202020202020198,,_
159,org.joda.time.chrono.AssembledChronology#DateTimeField#era#?#292,0.003322259136212625,0.0,0.0019933554817275745,,_
160,org.joda.time.field.DecoratedDurationField#DurationField#getWrappedField#?#69,0.003246753246753247,0.0,0.001948051948051948,,_
161,org.joda.time.PeriodType#int#size#?#617,0.001919385796545105,0.001919385796545105,0.001919385796545105,iTypes.length>=0,_
162,"org.joda.time.base.BasePeriod#DurationFieldType#getFieldType#?,int#310",0.0031446540880503146,0.0,0.0018867924528301887,,_
163,org.joda.time.chrono.BasicYearDateTimeField#DurationField#getRangeDurationField#?#95,0.003125,0.0,0.001875,,_
164,org.joda.time.chrono.BasicMonthOfYearDateTimeField#DurationField#getRangeDurationField#?#309,0.00308641975308642,0.0,0.001851851851851852,,_
165,org.joda.time.chrono.BasicDayOfMonthDateTimeField#DurationField#getRangeDurationField#?#51,0.003058103975535168,0.0,0.0018348623853211008,,_
166,org.joda.time.chrono.AssembledChronology#DateTimeField#weekOfWeekyear#?#240,0.002958579881656805,0.0,0.0017751479289940828,,_
167,"org.joda.time.PeriodType#DurationFieldType#getFieldType#?,int#628",0.0028901734104046237,0.0,0.0017341040462427744,,_
168,org.joda.time.field.PreciseDateTimeField#DurationField#getRangeDurationField#?#122,0.0028490028490028487,0.0,0.0017094017094017096,,_
169,org.joda.time.field.BaseDateTimeField#boolean#isSupported#?#69,0.002645502645502645,0.0,0.0015873015873015869,,_
170,org.joda.time.field.PreciseDurationField#long#getUnitMillis#?#63,0.0015600624024961,0.0015600624024961,0.0015600624024961,iUnitMillis>0,_
171,org.joda.time.chrono.AssembledChronology#DateTimeField#weekyear#?#248,0.0025,0.0,0.0015,,_
172,org.joda.time.chrono.AssembledChronology#DateTimeField#dayOfYear#?#232,0.002457002457002457,0.0,0.0014742014742014742,,_
173,org.joda.time.field.DecoratedDateTimeField#DateTimeField#getWrappedField#?#70,0.002242152466367713,0.0,0.0013452914798206274,,_
174,"org.joda.time.base.BasePeriod#PeriodType#checkPeriodType#?,PeriodType#279",0.0022271714922049,0.0,0.00133630289532294,,_
175,org.joda.time.chrono.AssembledChronology#DurationField#weeks#?#236,0.0022222222222222227,0.0,0.0013333333333333333,,_
176,org.joda.time.base.BasePeriod#PeriodType#getPeriodType#?#289,0.002178649237472767,0.0,0.0013071895424836605,,_
177,org.joda.time.chrono.AssembledChronology#DurationField#millis#?#156,0.0020964360587002093,0.0,0.0012578616352201255,,_
178,org.joda.time.chrono.AssembledChronology#DurationField#seconds#?#168,0.0020876826722338203,0.0,0.001252609603340292,,_
179,org.joda.time.base.AbstractPeriod#?#AbstractPeriod#?#44,0.002004008016032064,0.0,0.0012024048096192384,,_
180,org.joda.time.DurationFieldType#DurationFieldType#seconds#?#114,0.001996007984031936,0.0,0.0011976047904191614,,_
181,org.joda.time.DateTimeZone#String#getID#?#701,0.0019880715705765406,0.0,0.0011928429423459243,,_
182,org.joda.time.DurationFieldType#DurationFieldType#millis#?#105,0.0019267822736030828,0.0,0.0011560693641618494,,_
183,org.joda.time.chrono.AssembledChronology#DateTimeField#dayOfWeek#?#224,0.0019083969465648852,0.0,0.0011450381679389313,,_
184,org.joda.time.chrono.AssembledChronology#DurationField#minutes#?#180,0.001841620626151013,0.0,0.0011049723756906078,,_
185,org.joda.time.chrono.AssembledChronology#DurationField#days#?#220,0.0018050541516245488,0.0,0.0010830324909747292,,_
186,org.joda.time.field.BaseDateTimeField#DateTimeFieldType#getType#?#58,0.001718213058419244,0.0,0.0010309278350515462,,_
187,org.joda.time.chrono.AssembledChronology#DurationField#hours#?#192,0.0016835016835016836,0.0,0.0010101010101010099,,_
188,org.joda.time.field.BaseDurationField#boolean#isSupported#?#66,0.0016474464579901151,0.0,0.0009884678747940692,,_
189,org.joda.time.chrono.AssembledChronology#DateTimeField#millisOfDay#?#164,0.0016103059581320449,0.0,0.0009661835748792269,,_
190,org.joda.time.field.PreciseDurationDateTimeField#DurationField#getDurationField#?#141,0.001597444089456869,0.0,0.0009584664536741213,,_
191,org.joda.time.chrono.AssembledChronology#DateTimeField#secondOfDay#?#176,0.001594896331738437,0.0,0.0009569377990430619,,_
192,org.joda.time.chrono.AssembledChronology#DurationField#months#?#256,0.0015772870662460567,0.0,0.000946372239747634,,_
193,org.joda.time.chrono.AssembledChronology#DurationField#years#?#264,0.001567398119122257,0.0,0.0009404388714733539,,_
194,org.joda.time.chrono.AssembledChronology#DateTimeField#millisOfSecond#?#160,0.0012360939431396785,0.0,0.0007416563658838071,,_
195,"org.joda.time.DateTimeUtils#Chronology#getChronology#?,Chronology#252",0.0009337068160597573,0.0009337068160597573,0.0005925407768072545,chrono == null,_
196,org.joda.time.DateTimeZone#DateTimeZone#getDefault#?#132,0.000531632110579479,0.0005341880341880341,0.0005326544800229011,!(zone == null),_
197,org.joda.time.chrono.AssembledChronology#DateTimeField#secondOfMinute#?#172,0.0007968127490039841,0.0,0.0004780876494023905,,_
198,org.joda.time.chrono.AssembledChronology#DateTimeField#minuteOfHour#?#184,0.0007818608287724785,0.0,0.0004691164972634871,,_
199,org.joda.time.chrono.AssembledChronology#DateTimeField#hourOfDay#?#196,0.0007616146230007616,0.0,0.00045696877380045696,,_
200,org.joda.time.chrono.AssembledChronology#DateTimeZone#getZone#?#107,0.00044662795891022776,0.00044662795891022776,0.00044662795891022776,(base=iBase) != null,_
201,org.joda.time.chrono.AssembledChronology#DateTimeField#year#?#268,0.0007235890014471781,0.0,0.0004341534008683068,,_
202,org.joda.time.chrono.AssembledChronology#DateTimeField#dayOfMonth#?#228,0.0007017543859649122,0.0,0.00042105263157894734,,_
203,org.joda.time.chrono.AssembledChronology#DateTimeField#monthOfYear#?#260,0.0006954102920723226,0.0,0.0004172461752433936,,_
204,org.joda.time.chrono.ISOChronology#Chronology#withUTC#?#133,0.0006729475100942128,0.0,0.00040376850605652756,,_
205,org.joda.time.chrono.AssembledChronology#Chronology#getBase#?#308,0.0006443298969072165,0.0,0.0003865979381443299,,_
206,org.joda.time.chrono.ISOChronology#ISOChronology#getInstance#?#86,0.0005896226415094339,0.0,0.00035377358490566035,,_
207,org.joda.time.chrono.ZonedChronology#DateTimeZone#getZone#?#86,0.0004926108374384236,0.0,0.00029556650246305416,,_
208,org.joda.time.chrono.AssembledChronology#Object#getParam#?#315,0.0004918839153959665,0.0,0.0002951303492375799,,_
