,col0,col1,col2,col3,col4
0,Unnecessary Abstraction,OrchardCore.Tests.Apis.Context,PermissionsContext,C:\research\architectureSmells\repos\OrchardCMS_Brochard\test\OrchardCore.Tests\Apis\Context\AuthenticationContext.cs,The tool detected the smell in this class because the class contains only a few data members without any method implementation' that indicates that the abstraction might not be required. Following fields and properties are declared in this class: AuthorizedPermissions' UsePermissionsContext
1,Unnecessary Abstraction,OrchardCore.Tests.Apis.Context,StubIdentity,C:\research\architectureSmells\repos\OrchardCMS_Brochard\test\OrchardCore.Tests\Apis\Context\AuthenticationContext.cs,The tool detected the smell in this class because the class contains only a few data members without any method implementation' that indicates that the abstraction might not be required. Following fields and properties are declared in this class: AuthenticationType' IsAuthenticated' Name
2,Unutilized Abstraction,OrchardCore.Tests.Apis.Context,HttpContentExtensions,C:\research\architectureSmells\repos\OrchardCMS_Brochard\test\OrchardCore.Tests\Apis\Context\Extensions\HttpContentExtensions.cs,The tool detected the smell in this class because this class is potentially unused.   (Please ignore the smell if the reported class is auto-generated and/or used to serve a specific known purpose.)
3,Unutilized Abstraction,OrchardCore.Tests.Apis.Context,HttpRequestExtensions,C:\research\architectureSmells\repos\OrchardCMS_Brochard\test\OrchardCore.Tests\Apis\Context\Extensions\HttpRequestExtensions.cs,The tool detected the smell in this class because this class is potentially unused.   (Please ignore the smell if the reported class is auto-generated and/or used to serve a specific known purpose.)
4,Duplicate Abstraction,OrchardCore.Tests.Apis.Context,ModuleNamesProvider,C:\research\architectureSmells\repos\OrchardCMS_Brochard\test\OrchardCore.Tests\Apis\Context\SiteStartup.cs,The tool detected the smell in this class because two or more abstractions have identical names. The abstractions with identical names are: OrchardCore.Tests.Apis.Context.ModuleNamesProvider' OrchardCore.Tests.Extensions.ModuleNamesProvider
5,Unutilized Abstraction,OrchardCore.Tests.Apis.GraphQL,BlogPostTests,C:\research\architectureSmells\repos\OrchardCMS_Brochard\test\OrchardCore.Tests\Apis\GraphQL\Blog\BlogPostTests.cs,The tool detected the smell in this class because this class is potentially unused.   (Please ignore the smell if the reported class is auto-generated and/or used to serve a specific known purpose.)
6,Unutilized Abstraction,OrchardCore.Tests.Apis.GraphQL,ContentItemsFieldTypeTests,C:\research\architectureSmells\repos\OrchardCMS_Brochard\test\OrchardCore.Tests\Apis\GraphQL\ContentItemsFieldTypeTests.cs,The tool detected the smell in this class because this class is potentially unused.   (Please ignore the smell if the reported class is auto-generated and/or used to serve a specific known purpose.)
7,Duplicate Abstraction,OrchardCore.Tests.Apis.GraphQL,ContentItemsFieldTypeTests,C:\research\architectureSmells\repos\OrchardCMS_Brochard\test\OrchardCore.Tests\Apis\GraphQL\ContentItemsFieldTypeTests.cs,The tool detected the smell in this class because a set of code clones has been found and at least one of the clones found in this class. List of code clones with start and end line numbers are:  ContentItemsFieldTypeTests (C:\research\architectureSmells\repos\OrchardCMS_Brochard\test\OrchardCore.Tests\Apis\GraphQL\ContentItemsFieldTypeTests.cs' [119' 154])' ContentItemsFieldTypeTests (C:\research\architectureSmells\repos\OrchardCMS_Brochard\test\OrchardCore.Tests\Apis\GraphQL\ContentItemsFieldTypeTests.cs' [170' 205])
8,Duplicate Abstraction,OrchardCore.Tests.Apis.GraphQL,ContentItemsFieldTypeTests,C:\research\architectureSmells\repos\OrchardCMS_Brochard\test\OrchardCore.Tests\Apis\GraphQL\ContentItemsFieldTypeTests.cs,The tool detected the smell in this class because a set of code clones has been found and at least one of the clones found in this class. List of code clones with start and end line numbers are:  ContentItemsFieldTypeTests (C:\research\architectureSmells\repos\OrchardCMS_Brochard\test\OrchardCore.Tests\Apis\GraphQL\ContentItemsFieldTypeTests.cs' [119' 146])' ContentItemsFieldTypeTests (C:\research\architectureSmells\repos\OrchardCMS_Brochard\test\OrchardCore.Tests\Apis\GraphQL\ContentItemsFieldTypeTests.cs' [333' 360])' ContentItemsFieldTypeTests (C:\research\architectureSmells\repos\OrchardCMS_Brochard\test\OrchardCore.Tests\Apis\GraphQL\ContentItemsFieldTypeTests.cs' [170' 197])
9,Unnecessary Abstraction,OrchardCore.Tests.Apis.GraphQL,Animal,C:\research\architectureSmells\repos\OrchardCMS_Brochard\test\OrchardCore.Tests\Apis\GraphQL\ContentItemsFieldTypeTests.cs,The tool detected the smell in this class because the class contains only a few data members without any method implementation' that indicates that the abstraction might not be required. Following fields and properties are declared in this class: Name' IsHappy' IsScary
10,Duplicate Abstraction,OrchardCore.Tests.Apis.GraphQL,Animal,C:\research\architectureSmells\repos\OrchardCMS_Brochard\test\OrchardCore.Tests\Apis\GraphQL\ContentItemsFieldTypeTests.cs,The tool detected the smell in this class because two or more abstractions have identical names. The abstractions with identical names are: OrchardCore.Tests.Apis.GraphQL.Animal' OrchardCore.Tests.DisplayManagement.Animal
11,Unnecessary Abstraction,OrchardCore.Tests.Apis.GraphQL,AnimalPart,C:\research\architectureSmells\repos\OrchardCMS_Brochard\test\OrchardCore.Tests\Apis\GraphQL\ContentItemsFieldTypeTests.cs,The tool detected the smell in this class because the class contains only a few data members without any method implementation' that indicates that the abstraction might not be required. Following fields and properties are declared in this class: 
12,Unnecessary Abstraction,OrchardCore.Tests.Apis.GraphQL,AnimalIndex,C:\research\architectureSmells\repos\OrchardCMS_Brochard\test\OrchardCore.Tests\Apis\GraphQL\ContentItemsFieldTypeTests.cs,The tool detected the smell in this class because the class contains only a few data members without any method implementation' that indicates that the abstraction might not be required. Following fields and properties are declared in this class: Name
13,Unnecessary Abstraction,OrchardCore.Tests.Apis.GraphQL,AnimalTraitsIndex,C:\research\architectureSmells\repos\OrchardCMS_Brochard\test\OrchardCore.Tests\Apis\GraphQL\ContentItemsFieldTypeTests.cs,The tool detected the smell in this class because the class contains only a few data members without any method implementation' that indicates that the abstraction might not be required. Following fields and properties are declared in this class: IsHappy' IsScary
14,Unutilized Abstraction,OrchardCore.Tests.Apis.GraphQL,RecentBlogPostsQueryTests,C:\research\architectureSmells\repos\OrchardCMS_Brochard\test\OrchardCore.Tests\Apis\GraphQL\Queries\RecentBlogPostsQueryTests.cs,The tool detected the smell in this class because this class is potentially unused.   (Please ignore the smell if the reported class is auto-generated and/or used to serve a specific known purpose.)
15,Unutilized Abstraction,OrchardCore.Tests.Apis.GraphQL.Client,ContentTypeQueryResourceBuilderTests,C:\research\architectureSmells\repos\OrchardCMS_Brochard\test\OrchardCore.Tests\Apis\GraphQL\Client\ContentTypeQueryResourceBuilderTests.cs,The tool detected the smell in this class because this class is potentially unused.   (Please ignore the smell if the reported class is auto-generated and/or used to serve a specific known purpose.)
16,Unutilized Abstraction,OrchardCore.Tests.Apis.GraphQL.ValidationRules,RequiresPermissionValidationRuleTests,C:\research\architectureSmells\repos\OrchardCMS_Brochard\test\OrchardCore.Tests\Apis\GraphQL\ValidationRules\RequiresPermissionValidationRuleTests.cs,The tool detected the smell in this class because this class is potentially unused.   (Please ignore the smell if the reported class is auto-generated and/or used to serve a specific known purpose.)
17,Unutilized Abstraction,OrchardCore.Tests.Commands,CommandHandlerDescriptorBuilderTests,C:\research\architectureSmells\repos\OrchardCMS_Brochard\test\OrchardCore.Tests\Commands\CommandHandlerDescriptorBuilderTests.cs,The tool detected the smell in this class because this class is potentially unused.   (Please ignore the smell if the reported class is auto-generated and/or used to serve a specific known purpose.)
18,Unutilized Abstraction,OrchardCore.Tests.Commands,CommandsTests,C:\research\architectureSmells\repos\OrchardCMS_Brochard\test\OrchardCore.Tests\Commands\CommandHandlerTests.cs,The tool detected the smell in this class because this class is potentially unused.   (Please ignore the smell if the reported class is auto-generated and/or used to serve a specific known purpose.)
19,Unutilized Abstraction,OrchardCore.Tests.Commands,CommandManagerTests,C:\research\architectureSmells\repos\OrchardCMS_Brochard\test\OrchardCore.Tests\Commands\CommandManagerTests.cs,The tool detected the smell in this class because this class is potentially unused.   (Please ignore the smell if the reported class is auto-generated and/or used to serve a specific known purpose.)
20,Unutilized Abstraction,OrchardCore.Tests.Data,ContentItemExtensions,C:\research\architectureSmells\repos\OrchardCMS_Brochard\test\OrchardCore.Tests\Data\ContentItemExtensions.cs,The tool detected the smell in this class because this class is potentially unused.   (Please ignore the smell if the reported class is auto-generated and/or used to serve a specific known purpose.)
21,Unnecessary Abstraction,OrchardCore.Tests.Data,CustomPart,C:\research\architectureSmells\repos\OrchardCMS_Brochard\test\OrchardCore.Tests\Data\ContentItemExtensions.cs,The tool detected the smell in this class because the class contains only a few data members without any method implementation' that indicates that the abstraction might not be required. Following fields and properties are declared in this class: Value' Field
22,Unutilized Abstraction,OrchardCore.Tests.Data,ContentItemTests,C:\research\architectureSmells\repos\OrchardCMS_Brochard\test\OrchardCore.Tests\Data\ContentItemTests.cs,The tool detected the smell in this class because this class is potentially unused.   (Please ignore the smell if the reported class is auto-generated and/or used to serve a specific known purpose.)
23,Unnecessary Abstraction,OrchardCore.Tests.Data,MyPart,C:\research\architectureSmells\repos\OrchardCMS_Brochard\test\OrchardCore.Tests\Data\ContentItemTests.cs,The tool detected the smell in this class because the class contains only a few data members without any method implementation' that indicates that the abstraction might not be required. Following fields and properties are declared in this class: Text
24,Unnecessary Abstraction,OrchardCore.Tests.Data,MyField,C:\research\architectureSmells\repos\OrchardCMS_Brochard\test\OrchardCore.Tests\Data\ContentItemTests.cs,The tool detected the smell in this class because the class contains only a few data members without any method implementation' that indicates that the abstraction might not be required. Following fields and properties are declared in this class: Value
25,Unutilized Abstraction,OrchardCore.Tests.DisplayManagement,CompositeTests,C:\research\architectureSmells\repos\OrchardCMS_Brochard\test\OrchardCore.Tests\DisplayManagement\CompositeTests.cs,The tool detected the smell in this class because this class is potentially unused.   (Please ignore the smell if the reported class is auto-generated and/or used to serve a specific known purpose.)
26,Unnecessary Abstraction,OrchardCore.Tests.DisplayManagement,Animal,C:\research\architectureSmells\repos\OrchardCMS_Brochard\test\OrchardCore.Tests\DisplayManagement\CompositeTests.cs,The tool detected the smell in this class because the class contains only a few data members without any method implementation' that indicates that the abstraction might not be required. Following fields and properties are declared in this class: Kind' Color
27,Unnecessary Abstraction,OrchardCore.Tests.DisplayManagement,ISized,C:\research\architectureSmells\repos\OrchardCMS_Brochard\test\OrchardCore.Tests\DisplayManagement\CompositeTests.cs,The tool detected the smell in this class because the class contains only a few data members without any method implementation' that indicates that the abstraction might not be required. Following fields and properties are declared in this class: Size
28,Unutilized Abstraction,OrchardCore.Tests.DisplayManagement,ISized,C:\research\architectureSmells\repos\OrchardCMS_Brochard\test\OrchardCore.Tests\DisplayManagement\CompositeTests.cs,The tool detected the smell in this class because this class is potentially unused.   (Please ignore the smell if the reported class is auto-generated and/or used to serve a specific known purpose.)
29,Unutilized Abstraction,OrchardCore.Tests.DisplayManagement,DefaultDisplayManagerTests,C:\research\architectureSmells\repos\OrchardCMS_Brochard\test\OrchardCore.Tests\DisplayManagement\DefaultDisplayManagerTests.cs,The tool detected the smell in this class because this class is potentially unused.   (Please ignore the smell if the reported class is auto-generated and/or used to serve a specific known purpose.)
30,Duplicate Abstraction,OrchardCore.Tests.DisplayManagement,DefaultDisplayManagerTests,C:\research\architectureSmells\repos\OrchardCMS_Brochard\test\OrchardCore.Tests\DisplayManagement\DefaultDisplayManagerTests.cs,The tool detected the smell in this class because a set of code clones has been found and at least one of the clones found in this class. List of code clones with start and end line numbers are:  DefaultDisplayManagerTests (C:\research\architectureSmells\repos\OrchardCMS_Brochard\test\OrchardCore.Tests\DisplayManagement\DefaultDisplayManagerTests.cs' [228' 251])' DefaultDisplayManagerTests (C:\research\architectureSmells\repos\OrchardCMS_Brochard\test\OrchardCore.Tests\DisplayManagement\DefaultDisplayManagerTests.cs' [263' 286])
31,Feature Envy,OrchardCore.Tests.DisplayManagement,DefaultDisplayManagerTests,C:\research\architectureSmells\repos\OrchardCMS_Brochard\test\OrchardCore.Tests\DisplayManagement\DefaultDisplayManagerTests.cs,The tool detected the smell because a method in this type accesses members from another type more than the members from its own type. The method causing this smell is: AddShapeDescriptor which is more interested in members of the type: TestShapeTable
32,Unutilized Abstraction,OrchardCore.Tests.DisplayManagement,NilTests,C:\research\architectureSmells\repos\OrchardCMS_Brochard\test\OrchardCore.Tests\DisplayManagement\NilTests.cs,The tool detected the smell in this class because this class is potentially unused.   (Please ignore the smell if the reported class is auto-generated and/or used to serve a specific known purpose.)
33,Unutilized Abstraction,OrchardCore.Tests.DisplayManagement,ShapeFactoryTests,C:\research\architectureSmells\repos\OrchardCMS_Brochard\test\OrchardCore.Tests\DisplayManagement\ShapeFactoryTests.cs,The tool detected the smell in this class because this class is potentially unused.   (Please ignore the smell if the reported class is auto-generated and/or used to serve a specific known purpose.)
34,Unnecessary Abstraction,OrchardCore.Tests.DisplayManagement,SubShape,C:\research\architectureSmells\repos\OrchardCMS_Brochard\test\OrchardCore.Tests\DisplayManagement\ShapeFactoryTests.cs,The tool detected the smell in this class because the class contains only a few data members without any method implementation' that indicates that the abstraction might not be required. Following fields and properties are declared in this class: 
35,Unutilized Abstraction,OrchardCore.Tests.DisplayManagement,ShapeHelperTests,C:\research\architectureSmells\repos\OrchardCMS_Brochard\test\OrchardCore.Tests\DisplayManagement\ShapeHelperTests.cs,The tool detected the smell in this class because this class is potentially unused.   (Please ignore the smell if the reported class is auto-generated and/or used to serve a specific known purpose.)
36,Unutilized Abstraction,OrchardCore.Tests.DisplayManagement.Decriptors,BasicShapeTemplateHarvesterTests,C:\research\architectureSmells\repos\OrchardCMS_Brochard\test\OrchardCore.Tests\DisplayManagement\Decriptors\BasicShapeTemplateHarvesterTests.cs,The tool detected the smell in this class because this class is potentially unused.   (Please ignore the smell if the reported class is auto-generated and/or used to serve a specific known purpose.)
37,Unutilized Abstraction,OrchardCore.Tests.DisplayManagement.Decriptors,DefaultShapeTableManagerTests,C:\research\architectureSmells\repos\OrchardCMS_Brochard\test\OrchardCore.Tests\DisplayManagement\Decriptors\DefaultShapeTableManagerTests.cs,The tool detected the smell in this class because this class is potentially unused.   (Please ignore the smell if the reported class is auto-generated and/or used to serve a specific known purpose.)
38,Unutilized Abstraction,OrchardCore.Tests.DisplayManagement.Decriptors,LocationParserTests,C:\research\architectureSmells\repos\OrchardCMS_Brochard\test\OrchardCore.Tests\DisplayManagement\Decriptors\LocationParserTests.cs,The tool detected the smell in this class because this class is potentially unused.   (Please ignore the smell if the reported class is auto-generated and/or used to serve a specific known purpose.)
39,Unutilized Abstraction,OrchardCore.Tests.Extensions,ExtensionManagerTests,C:\research\architectureSmells\repos\OrchardCMS_Brochard\test\OrchardCore.Tests\Extensions\ExtensionManagerTests.cs,The tool detected the smell in this class because this class is potentially unused.   (Please ignore the smell if the reported class is auto-generated and/or used to serve a specific known purpose.)
40,Unutilized Abstraction,OrchardCore.Tests.Hosting.Console,CommandParserTests,C:\research\architectureSmells\repos\OrchardCMS_Brochard\test\OrchardCore.Tests\Hosting\Console\CommandParserTests.cs,The tool detected the smell in this class because this class is potentially unused.   (Please ignore the smell if the reported class is auto-generated and/or used to serve a specific known purpose.)
41,Unutilized Abstraction,OrchardCore.Tests.Localization,CultureDictionaryTests,C:\research\architectureSmells\repos\OrchardCMS_Brochard\test\OrchardCore.Tests\Localization\CultureDictionaryTests.cs,The tool detected the smell in this class because this class is potentially unused.   (Please ignore the smell if the reported class is auto-generated and/or used to serve a specific known purpose.)
42,Unutilized Abstraction,OrchardCore.Tests.Localization,DefaultPluralRuleProviderTests,C:\research\architectureSmells\repos\OrchardCMS_Brochard\test\OrchardCore.Tests\Localization\DefaultPluralRuleProviderTests.cs,The tool detected the smell in this class because this class is potentially unused.   (Please ignore the smell if the reported class is auto-generated and/or used to serve a specific known purpose.)
43,Unutilized Abstraction,OrchardCore.Tests.Localization,LocalizationManagerTests,C:\research\architectureSmells\repos\OrchardCMS_Brochard\test\OrchardCore.Tests\Localization\LocalizationManagerTests.cs,The tool detected the smell in this class because this class is potentially unused.   (Please ignore the smell if the reported class is auto-generated and/or used to serve a specific known purpose.)
44,Unutilized Abstraction,OrchardCore.Tests.Localization,NullStringLocalizerTests,C:\research\architectureSmells\repos\OrchardCMS_Brochard\test\OrchardCore.Tests\Localization\NullStringLocalizerTests.cs,The tool detected the smell in this class because this class is potentially unused.   (Please ignore the smell if the reported class is auto-generated and/or used to serve a specific known purpose.)
45,Unutilized Abstraction,OrchardCore.Tests.Localization,PoParserTests,C:\research\architectureSmells\repos\OrchardCMS_Brochard\test\OrchardCore.Tests\Localization\PoParserTests.cs,The tool detected the smell in this class because this class is potentially unused.   (Please ignore the smell if the reported class is auto-generated and/or used to serve a specific known purpose.)
46,Unutilized Abstraction,OrchardCore.Tests.Localization,PortableObjectStringLocalizerTests,C:\research\architectureSmells\repos\OrchardCMS_Brochard\test\OrchardCore.Tests\Localization\PortableObjectStringLocalizerTests.cs,The tool detected the smell in this class because this class is potentially unused.   (Please ignore the smell if the reported class is auto-generated and/or used to serve a specific known purpose.)
47,Unutilized Abstraction,OrchardCore.Tests.Modules.OrchardCore.Email,EmailTests,C:\research\architectureSmells\repos\OrchardCMS_Brochard\test\OrchardCore.Tests\Modules\OrchardCore.Email\EmailTests.cs,The tool detected the smell in this class because this class is potentially unused.   (Please ignore the smell if the reported class is auto-generated and/or used to serve a specific known purpose.)
48,Unutilized Abstraction,OrchardCore.Tests.Modules.OrchardCore.OpenId,ApplicationControllerTests,C:\research\architectureSmells\repos\OrchardCMS_Brochard\test\OrchardCore.Tests\Modules\OrchardCore.OpenId\ApplicationControllerTests.cs,The tool detected the smell in this class because this class is potentially unused.   (Please ignore the smell if the reported class is auto-generated and/or used to serve a specific known purpose.)
49,Unutilized Abstraction,OrchardCore.Tests.Modules.OrchardCore.Twitter,TwitterClientTests,C:\research\architectureSmells\repos\OrchardCMS_Brochard\test\OrchardCore.Tests\Modules\OrchardCore.Twitter\TwitterClientTests.cs,The tool detected the smell in this class because this class is potentially unused.   (Please ignore the smell if the reported class is auto-generated and/or used to serve a specific known purpose.)
50,Unutilized Abstraction,OrchardCore.Tests.Modules,PoweredByMiddlewareTests,C:\research\architectureSmells\repos\OrchardCMS_Brochard\test\OrchardCore.Tests\Modules\PoweredByMiddlewareTests.cs,The tool detected the smell in this class because this class is potentially unused.   (Please ignore the smell if the reported class is auto-generated and/or used to serve a specific known purpose.)
51,Unutilized Abstraction,OrchardCore.Tests.OrchardCore.Queries,SqlParserTests,C:\research\architectureSmells\repos\OrchardCMS_Brochard\test\OrchardCore.Tests\Orchard.Queries\SqlParserTests.cs,The tool detected the smell in this class because this class is potentially unused.   (Please ignore the smell if the reported class is auto-generated and/or used to serve a specific known purpose.)
52,Unutilized Abstraction,OrchardCore.Tests.Environment.Cache,CacheScopeManagerTests,C:\research\architectureSmells\repos\OrchardCMS_Brochard\test\OrchardCore.Tests\OrchardCore.Environment.Cache\CacheScopeManagerTests.cs,The tool detected the smell in this class because this class is potentially unused.   (Please ignore the smell if the reported class is auto-generated and/or used to serve a specific known purpose.)
53,Unutilized Abstraction,OrchardCore.Tests.OrchardCore.Users,RegistrationControllerTests,C:\research\architectureSmells\repos\OrchardCMS_Brochard\test\OrchardCore.Tests\OrchardCore.Users\RegistrationControllerTests.cs,The tool detected the smell in this class because this class is potentially unused.   (Please ignore the smell if the reported class is auto-generated and/or used to serve a specific known purpose.)
54,Unutilized Abstraction,OrchardCore.Tests.Parser,TestStreamHelpers,C:\research\architectureSmells\repos\OrchardCMS_Brochard\test\OrchardCore.Tests\Parser\TestStreamHelpers.cs,The tool detected the smell in this class because this class is potentially unused.   (Please ignore the smell if the reported class is auto-generated and/or used to serve a specific known purpose.)
55,Unutilized Abstraction,OrchardCore.Tests.Shell,RunningShellTableTests,C:\research\architectureSmells\repos\OrchardCMS_Brochard\test\OrchardCore.Tests\Shell\RunningShellTableTests.cs,The tool detected the smell in this class because this class is potentially unused.   (Please ignore the smell if the reported class is auto-generated and/or used to serve a specific known purpose.)
56,Unutilized Abstraction,OrchardCore.Tests.Shell,ShellContainerFactoryTests,C:\research\architectureSmells\repos\OrchardCMS_Brochard\test\OrchardCore.Tests\Shell\ShellContainerFactoryTests.cs,The tool detected the smell in this class because this class is potentially unused.   (Please ignore the smell if the reported class is auto-generated and/or used to serve a specific known purpose.)
57,Unnecessary Abstraction,OrchardCore.Tests.Shell,ITestService,C:\research\architectureSmells\repos\OrchardCMS_Brochard\test\OrchardCore.Tests\Shell\ShellContainerFactoryTests.cs,The tool detected the smell in this class because the class contains only a few data members without any method implementation' that indicates that the abstraction might not be required. Following fields and properties are declared in this class: 
58,Unnecessary Abstraction,OrchardCore.Tests.Shell,TestService,C:\research\architectureSmells\repos\OrchardCMS_Brochard\test\OrchardCore.Tests\Shell\ShellContainerFactoryTests.cs,The tool detected the smell in this class because the class contains only a few data members without any method implementation' that indicates that the abstraction might not be required. Following fields and properties are declared in this class: 
59,Unnecessary Abstraction,OrchardCore.Tests.Shell,CustomTestService,C:\research\architectureSmells\repos\OrchardCMS_Brochard\test\OrchardCore.Tests\Shell\ShellContainerFactoryTests.cs,The tool detected the smell in this class because the class contains only a few data members without any method implementation' that indicates that the abstraction might not be required. Following fields and properties are declared in this class: 
60,Unnecessary Abstraction,OrchardCore.Tests.Shell,ITestSingleton,C:\research\architectureSmells\repos\OrchardCMS_Brochard\test\OrchardCore.Tests\Shell\ShellContainerFactoryTests.cs,The tool detected the smell in this class because the class contains only a few data members without any method implementation' that indicates that the abstraction might not be required. Following fields and properties are declared in this class: 
61,Unnecessary Abstraction,OrchardCore.Tests.Shell,ITestTransient,C:\research\architectureSmells\repos\OrchardCMS_Brochard\test\OrchardCore.Tests\Shell\ShellContainerFactoryTests.cs,The tool detected the smell in this class because the class contains only a few data members without any method implementation' that indicates that the abstraction might not be required. Following fields and properties are declared in this class: 
62,Unnecessary Abstraction,OrchardCore.Tests.Shell,ITestScoped,C:\research\architectureSmells\repos\OrchardCMS_Brochard\test\OrchardCore.Tests\Shell\ShellContainerFactoryTests.cs,The tool detected the smell in this class because the class contains only a few data members without any method implementation' that indicates that the abstraction might not be required. Following fields and properties are declared in this class: 
63,Unnecessary Abstraction,OrchardCore.Tests.Shell,TestSingleton,C:\research\architectureSmells\repos\OrchardCMS_Brochard\test\OrchardCore.Tests\Shell\ShellContainerFactoryTests.cs,The tool detected the smell in this class because the class contains only a few data members without any method implementation' that indicates that the abstraction might not be required. Following fields and properties are declared in this class: 
64,Unnecessary Abstraction,OrchardCore.Tests.Shell,TestTransient,C:\research\architectureSmells\repos\OrchardCMS_Brochard\test\OrchardCore.Tests\Shell\ShellContainerFactoryTests.cs,The tool detected the smell in this class because the class contains only a few data members without any method implementation' that indicates that the abstraction might not be required. Following fields and properties are declared in this class: 
65,Unnecessary Abstraction,OrchardCore.Tests.Shell,TestScoped,C:\research\architectureSmells\repos\OrchardCMS_Brochard\test\OrchardCore.Tests\Shell\ShellContainerFactoryTests.cs,The tool detected the smell in this class because the class contains only a few data members without any method implementation' that indicates that the abstraction might not be required. Following fields and properties are declared in this class: 
66,Unnecessary Abstraction,OrchardCore.Tests.Shell,ITwoHostSingletonsOfTheSameType,C:\research\architectureSmells\repos\OrchardCMS_Brochard\test\OrchardCore.Tests\Shell\ShellContainerFactoryTests.cs,The tool detected the smell in this class because the class contains only a few data members without any method implementation' that indicates that the abstraction might not be required. Following fields and properties are declared in this class: 
67,Unnecessary Abstraction,OrchardCore.Tests.Shell,FirstHostSingletonsOfTheSameType,C:\research\architectureSmells\repos\OrchardCMS_Brochard\test\OrchardCore.Tests\Shell\ShellContainerFactoryTests.cs,The tool detected the smell in this class because the class contains only a few data members without any method implementation' that indicates that the abstraction might not be required. Following fields and properties are declared in this class: 
68,Unnecessary Abstraction,OrchardCore.Tests.Shell,SecondHostSingletonsOfTheSameType,C:\research\architectureSmells\repos\OrchardCMS_Brochard\test\OrchardCore.Tests\Shell\ShellContainerFactoryTests.cs,The tool detected the smell in this class because the class contains only a few data members without any method implementation' that indicates that the abstraction might not be required. Following fields and properties are declared in this class: 
69,Unnecessary Abstraction,OrchardCore.Tests.Shell,ShellSingletonOfTheSametype,C:\research\architectureSmells\repos\OrchardCMS_Brochard\test\OrchardCore.Tests\Shell\ShellContainerFactoryTests.cs,The tool detected the smell in this class because the class contains only a few data members without any method implementation' that indicates that the abstraction might not be required. Following fields and properties are declared in this class: 
70,Unnecessary Abstraction,OrchardCore.Tests.Shell,ShellTransientOfTheSametype,C:\research\architectureSmells\repos\OrchardCMS_Brochard\test\OrchardCore.Tests\Shell\ShellContainerFactoryTests.cs,The tool detected the smell in this class because the class contains only a few data members without any method implementation' that indicates that the abstraction might not be required. Following fields and properties are declared in this class: 
71,Unnecessary Abstraction,OrchardCore.Tests.Shell,ShellScopedOfTheSametype,C:\research\architectureSmells\repos\OrchardCMS_Brochard\test\OrchardCore.Tests\Shell\ShellContainerFactoryTests.cs,The tool detected the smell in this class because the class contains only a few data members without any method implementation' that indicates that the abstraction might not be required. Following fields and properties are declared in this class: 
72,Unnecessary Abstraction,OrchardCore.Tests.Shell,IHostSingletonAndScopedOfTheSameType,C:\research\architectureSmells\repos\OrchardCMS_Brochard\test\OrchardCore.Tests\Shell\ShellContainerFactoryTests.cs,The tool detected the smell in this class because the class contains only a few data members without any method implementation' that indicates that the abstraction might not be required. Following fields and properties are declared in this class: 
73,Unnecessary Abstraction,OrchardCore.Tests.Shell,HostSingletonOfTheSameTypeAsScoped,C:\research\architectureSmells\repos\OrchardCMS_Brochard\test\OrchardCore.Tests\Shell\ShellContainerFactoryTests.cs,The tool detected the smell in this class because the class contains only a few data members without any method implementation' that indicates that the abstraction might not be required. Following fields and properties are declared in this class: 
74,Unnecessary Abstraction,OrchardCore.Tests.Shell,HostScopedOfTheSameTypeAsSingleton,C:\research\architectureSmells\repos\OrchardCMS_Brochard\test\OrchardCore.Tests\Shell\ShellContainerFactoryTests.cs,The tool detected the smell in this class because the class contains only a few data members without any method implementation' that indicates that the abstraction might not be required. Following fields and properties are declared in this class: 
75,Unnecessary Abstraction,OrchardCore.Tests.Stubs,NullStringLocalizer<T>,C:\research\architectureSmells\repos\OrchardCMS_Brochard\test\OrchardCore.Tests\Stubs\NullLocalizer.cs,The tool detected the smell in this class because the class contains only a few data members without any method implementation' that indicates that the abstraction might not be required. Following fields and properties are declared in this class: 
76,Unnecessary Abstraction,OrchardCore.Tests.Stubs,StubHttpContextAccessor,C:\research\architectureSmells\repos\OrchardCMS_Brochard\test\OrchardCore.Tests\Stubs\StubHttpContextAccessor.cs,The tool detected the smell in this class because the class contains only a few data members without any method implementation' that indicates that the abstraction might not be required. Following fields and properties are declared in this class: HttpContext
77,Unutilized Abstraction,OrchardCore.Tests.Stubs,StubHttpContextAccessor,C:\research\architectureSmells\repos\OrchardCMS_Brochard\test\OrchardCore.Tests\Stubs\StubHttpContextAccessor.cs,The tool detected the smell in this class because this class is potentially unused.   (Please ignore the smell if the reported class is auto-generated and/or used to serve a specific known purpose.)
78,Unnecessary Abstraction,OrchardCore.Tests.Stubs,TestShapeTable,C:\research\architectureSmells\repos\OrchardCMS_Brochard\test\OrchardCore.Tests\Stubs\TestShapeTableManager.cs,The tool detected the smell in this class because the class contains only a few data members without any method implementation' that indicates that the abstraction might not be required. Following fields and properties are declared in this class: Bindings
79,Unutilized Abstraction,OrchardCore.Tests.Stubs,MockThemeManager,C:\research\architectureSmells\repos\OrchardCMS_Brochard\test\OrchardCore.Tests\Stubs\TestShapeTableManager.cs,The tool detected the smell in this class because this class is potentially unused.   (Please ignore the smell if the reported class is auto-generated and/or used to serve a specific known purpose.)
80,Unnecessary Abstraction,OrchardCore.Tests,NullLogger<T>,C:\research\architectureSmells\repos\OrchardCMS_Brochard\test\OrchardCore.Tests\Stubs\StubLoggerFactory.cs,The tool detected the smell in this class because the class contains only a few data members without any method implementation' that indicates that the abstraction might not be required. Following fields and properties are declared in this class: 
81,Unutilized Abstraction,OrchardCore.Tests.Tokens.Content,SlugServiceTests,C:\research\architectureSmells\repos\OrchardCMS_Brochard\test\OrchardCore.Tests\Tokens.Content\SlugServiceTests.cs,The tool detected the smell in this class because this class is potentially unused.   (Please ignore the smell if the reported class is auto-generated and/or used to serve a specific known purpose.)
82,Imperative Abstraction,OrchardCore.Tests.Workflows,WorkflowManagerTests,C:\research\architectureSmells\repos\OrchardCMS_Brochard\test\OrchardCore.Tests\Workflows\WorkflowManagerTests.cs,The tool detected the smell in this class because it looks like that an operation is turned into a class. This class contains only the following public method: CanExecuteSimpleWorkflow
83,Unutilized Abstraction,OrchardCore.Tests.Workflows,WorkflowManagerTests,C:\research\architectureSmells\repos\OrchardCMS_Brochard\test\OrchardCore.Tests\Workflows\WorkflowManagerTests.cs,The tool detected the smell in this class because this class is potentially unused.   (Please ignore the smell if the reported class is auto-generated and/or used to serve a specific known purpose.)
84,Deficient Encapsulation,OrchardCore.Tests.Apis.Context,SiteStartup,C:\research\architectureSmells\repos\OrchardCMS_Brochard\test\OrchardCore.Tests\Apis\Context\SiteStartup.cs,The tool detected the smell in this class because the class exposes fields belonging to it with public accessibility. Following fields are declared with public accessiblity: PermissionsContexts
85,Deficient Encapsulation,OrchardCore.Tests.Apis.Context,SiteStartup,C:\research\architectureSmells\repos\OrchardCMS_Brochard\test\OrchardCore.Tests\Apis\Context\SiteStartup.cs,The tool detected the smell in this class because the class declares global (public static) fields. Following fields are declared with public static modifiers: PermissionsContexts
86,Deficient Encapsulation,OrchardCore.Tests.Commands,PublicMethodsOnly,C:\research\architectureSmells\repos\OrchardCMS_Brochard\test\OrchardCore.Tests\Commands\CommandHandlerDescriptorBuilderTests.cs,The tool detected the smell in this class because the class exposes fields belonging to it with public accessibility. Following fields are declared with public accessiblity: Field
87,Deficient Encapsulation,OrchardCore.Tests.DisplayManagement,TestDisplayEvents,C:\research\architectureSmells\repos\OrchardCMS_Brochard\test\OrchardCore.Tests\DisplayManagement\DefaultDisplayManagerTests.cs,The tool detected the smell in this class because the class exposes fields belonging to it with public accessibility. Following fields are declared with public accessiblity: Displaying' Displayed' Finalized
88,Deficient Encapsulation,OrchardCore.Tests.DisplayManagement.Decriptors,TestShapeProvider,C:\research\architectureSmells\repos\OrchardCMS_Brochard\test\OrchardCore.Tests\DisplayManagement\Decriptors\DefaultShapeTableManagerTests.cs,The tool detected the smell in this class because the class exposes fields belonging to it with public accessibility. Following fields are declared with public accessiblity: FeatureShapes' Discover
89,Deficient Encapsulation,OrchardCore.Tests.DisplayManagement.Decriptors,TestShapeProvider,C:\research\architectureSmells\repos\OrchardCMS_Brochard\test\OrchardCore.Tests\DisplayManagement\Decriptors\DefaultShapeTableManagerTests.cs,The tool detected the smell in this class because the class declares global (public static) fields. Following fields are declared with public static modifiers: FeatureShapes
90,Insufficient Modularization,OrchardCore.Tests.Commands,CommandsTests,C:\research\architectureSmells\repos\OrchardCMS_Brochard\test\OrchardCore.Tests\Commands\CommandHandlerTests.cs,The tool detected the smell in this class becuase the class has bloated interface (large number of public methods). Total public methods in the class: 20 public methods
91,Insufficient Modularization,OrchardCore.Tests.Shell,RunningShellTableTests,C:\research\architectureSmells\repos\OrchardCMS_Brochard\test\OrchardCore.Tests\Shell\RunningShellTableTests.cs,The tool detected the smell in this class becuase the class has bloated interface (large number of public methods). Total public methods in the class: 23 public methods
92,Rebellious Hierarchy,OrchardCore.Tests.Apis.Context,OrchardTestFixture<TStartup>,C:\research\architectureSmells\repos\OrchardCMS_Brochard\test\OrchardCore.Tests\Apis\Context\MvcTestFixture.cs,The tool detected the smell in this class because method(s) of this class reject the methods provided by its supertypes. The method(s) that reject the suptertype's method are: CreateHostBuilder
93,Broken Hierarchy,OrchardCore.Tests.Stubs,NullStringLocalizer<T>,C:\research\architectureSmells\repos\OrchardCMS_Brochard\test\OrchardCore.Tests\Stubs\NullLocalizer.cs,The tool detected a potential instance of the smell because this type does not implement or override any method from it's supertype(s): OrchardCore.Tests.Stubs.NullStringLocalizer
94,Broken Hierarchy,OrchardCore.Tests,NullLogger<T>,C:\research\architectureSmells\repos\OrchardCMS_Brochard\test\OrchardCore.Tests\Stubs\StubLoggerFactory.cs,The tool detected a potential instance of the smell because this type does not implement or override any method from it's supertype(s): OrchardCore.Tests.NullLogger
