,col0,col1,col2,col3,col4,col5,col6,col7
0,access_event_location_manager,event.track.location manager,model_event_track_location,event.group_event_manager,1,1,1,1
1,access_event_track_manager,event.track manager,model_event_track,event.group_event_manager,1,1,1,1
2,access_event_tag_public,event.tag public,model_event_tag,,1,0,0,0
3,access_event_tag_manager,event.tag manager,model_event_tag,event.group_event_manager,1,1,1,1
4,access_event_track_stage_public,event.track.stage public,model_event_track_stage,,1,0,0,0
5,access_event_track_stage_manager,event.track.stage manager,model_event_track_stage,event.group_event_manager,1,1,1,1
6,access_event_track_tag_public,event.track.tag public,model_event_track_tag,,1,0,0,0
7,access_event_track_tag_manager,event.track.tag manager,model_event_track_tag,event.group_event_manager,1,1,1,1
8,access_event_track_location_public,event.track.location public,model_event_track_location,,1,0,0,0
9,access_event_track_location_manager,event.track.location manager,model_event_track_location,event.group_event_manager,1,1,1,1
10,access_event_track__public,event.track.public,model_event_track,,1,0,0,0
11,access_event_track_sponsor_type_manager,event.track.sponsor.type.public,model_event_sponsor_type,event.group_event_manager,1,1,1,1
12,access_event_track_sponsor_type_public,event.track.sponsor.type.public,model_event_sponsor_type,,1,0,0,0
13,access_event_track_sponsor_manager,event.track.sponsor.type.public,model_event_sponsor,event.group_event_manager,1,1,1,1
14,access_event_track_sponsor_public,event.track.sponsor.public,model_event_sponsor,,1,0,0,0
