,col0,col1,col2,col3,col4,col5,col6,col7,col8,col9,col10
0,9085519,comment,9084148.0,9085369.0,0,0,ptaipale,,,"Sorry, I don&#x27;t understand. What does it mean that I am browsing a web site with a Facebook Like button that I don&#x27;t click on?",1424527180
1,9085518,comment,9084148.0,9085281.0,0,0,mike_hearn,,,"Superfish is not a man in the middle, by definition. It&#x27;s running on your local computer. That&#x27;s not the middle. That&#x27;s the start. Consider that Superfish could have just done binary patching on the browser binaries instead of fiddling the local SSL configuration ... it&#x27;s put there by the computer manufacturer so they can do anything they like.",1424527160
2,9085517,comment,9067570.0,9072699.0,0,0,throwawaykf05,,,"You can implement Bluetooth 2.0 without EDR, so how is it meaningless? If you explain, maybe we&#x27;ll see if indeed pointing out &quot;optional&quot; is the opposite of &quot;fundamental&quot; is indeed &quot;non-reasoning&quot;.",1424527141
3,9085516,comment,9084148.0,9085286.0,0,0,mike_hearn,,,"That&#x27;s a very impressive case of double think.<p>Google codes Chrome in order to make it more useful for various kinds of customers, such as customers who have virus scanners.<p>And this becomes &quot;Google putting its own interests ahead of its users&quot;?<p>Back here in reality, that&#x27;s called the <i>customer is always right</i> and is a fundamental tenet of business.",1424527079
4,9085515,comment,9083207.0,9083651.0,0,0,oellegaard,,,"Posts revolutionary technology to HN, get&#x27;s feedback on website.",1424527034
5,9085514,story,,,5,1,wallflower,A Conversation with John Knoll (1998),http://www.drdobbs.com/a-conversation-with-john-knoll/184410606,,1424527001
6,9085513,comment,9085339.0,9085339.0,0,0,wallflower,,,"Many years ago, I remember being absolutely enthralled by learning about how the first version of Photoshop was developed by the brothers, John and Thomas Knoll, in Dr. Dobb&#x27;s Magazine.<p>&quot;Tom is really a super programmer. He&#x27;s one of the best engineers I know. He just wrote this terrific, great code.&quot;<p>&quot;It became much bigger than we thought it would, but it kept getting better and better.&quot;<p>The original source code (thank you, Computer History Museum!!)<p><a href=""http://www.computerhistory.org/atchm/adobe-photoshop-source-code"" rel=""nofollow"">http://www.computerhistory.org/atchm/adobe-photoshop-source-...</a><p>One of the characteristics of brilliant engineers (and engineering teams of the likes of Jeff Dean&#x27;s) may be that that they create the opposite of technical debt as they work...<p>> From the time he decided to stop school until Version 1.0 shipped was almost two years. It became much bigger than we thought it would, but it kept getting better and better.<p>Tom is really a super programmer. He&#x27;s one of the best engineers I know. He just wrote this terrific, great code.<p>Version 1.0 was a usable tool largely because I was trying to use it to solve real-world problems. I would run into something that would just stymie me. There&#x27;s got to be a way of doing this, and then Tom would scratch his head and go, &quot;That would be hard.&quot; He would think about it a while. I would talk to him a few days later and he would say, &quot;I was thinking about that and I had this great idea.&quot;<p>I was goading him a little bit, too. I would say, &quot;You know what I really want to do? I want to make one of these selections so that I can like select some area and then the paint only affects just the area selected.&quot; Tom would say, &quot;Oh, thats going to be impossible to make that go real time. It&#x27;s going to be really slow.&quot; I&#x27;d say &quot;Oh, come on, Tom. I&#x27;ll bet you can do that.&quot; About a week later he would say, &quot;I was thinking about it, and I think I&#x27;ve got a way.&quot; It was often a whole lot of exchanges like that where at first Tom thought it would be really hard, but he would keep thinking about it. He&#x27;s brilliant that way, and he would come up with a clever solution to the problem...<p>&quot;A Conversation with John Knoll&quot;<p><a href=""http://www.drdobbs.com/a-conversation-with-john-knoll/184410606"" rel=""nofollow"">http://www.drdobbs.com/a-conversation-with-john-knoll/184410...</a>",1424526981
7,9085512,comment,9085411.0,9085411.0,0,0,jkot,,,"> <i>For many cancers, the authors argue for a greater focus on the early detection of the disease rather than on prevention of its occurrence. If misinterpreted, this position could have serious negative consequences from both cancer research and public health perspectives.</i><p>> <i>In principle ... nearly half of all cancer cases worldwide can be prevented</i><p>I am not sure what to take from this article. Lung cancer prevention is already in progress. At the same time prostate cancer has even higher mortality (for non smokers) and preventive checks are not even covered by most  insurance companies.",1424526887
8,9085511,story,,,7,4,kanamekun,Can amateur journalism bring justice to Rio's favelas?,http://www.nytimes.com/2015/02/22/magazine/the-media-doesnt-care-what-happens-here.html,,1424526869
9,9085510,comment,9085507.0,9085507.0,0,0,mkempe,,,It will be livestreamed.,1424526864
10,9085509,comment,9084537.0,9084746.0,0,0,unimportant,,,Aka the shitty airport hotel in the moscow airport while they were waiting on a decision regarding his stay.,1424526848
11,9085508,comment,9084617.0,9085128.0,0,0,yourapostasy,,,"Please clarify your assertion. Are you saying real estate price <i>increases</i> have contributed 5% of employee costs, or (and this is what everyone else so far reacting to your assertion is interpreting) are you saying residential real estate is 5% of employee compensation costs? Increases in SF and SV area alone over the past 10 years, I can easily buy the 5% figure; could be even smaller. But see my comment further below on the where the bar is for companies to make major changes to capture small payroll savings.<p>If you are describing an increase as a contributory factor, then you are obviously missing the time period that goes along with that increase you are talking about, so readers can go and look up the historical real estate pricing data.<p>At 6-figure high-competency-developer total compensation package (and salary) levels in the US, you are looking at the 28% marginal tax bracket for the employee. High-wage employees like these developers will typically pencil out to 100-150% fully burdened to the company. For top 20 metro areas in the US, you will tend to see most such employees spend closer to 45-50% of gross pre-tax income on shelter costs (counting PITI plus maintenance), rather than the 33% that is the historical prudent personal financial planning guideline (and those guidelines should be taken with a grain of salt for reasons I won&#x27;t get into here).<p>With my CFO hat on, I look at the ratio of third-highest decile (with 50% pinned to the median) of PITI plus maintenance in the parts of the city I anticipate most such employees would prefer to live, to the total burdened cost per developer, to establish just how much the company is paying for shelter costs of its employees. It&#x27;s a surprisingly large percentage for the top 10 metro areas, though everyone&#x27;s specific numbers will be different based upon neighborhoods they choose, time period, etc. The ratio of course goes up as you travel down the skill (and payroll cost) ladder.<p>Even with highly-compensated and -skilled employees towards the higher end of the skill ladder, I was coming up with ratios closer to 10% than 5%. I&#x27;ve seen companies move mountains to capture far, far smaller payroll savings percentages.<p>What is much more difficult to quantify however, are the soft benefits of ready access to the large, concentrated ecosystem that grew up around the industry in that geographic area. Clearly, many companies today consider those soft benefits worth the incurred hard total compensation package costs. It&#x27;s a calculation that you and your advisors should make and continually revisit once in awhile for your venture&#x27;s own individual circumstances.<p>For some smaller outfits who already have an assembled team and are in their early development stage, it is arguable that those soft benefits do not outweigh the immediate cash flow benefits of avoiding the high cost of living areas.",1424526846
12,9085507,story,,,35,39,mkempe,Female Founders Conference today at 1pm PT,http://www.femalefoundersconference.org/,,1424526822
13,9085506,comment,9084293.0,9084787.0,0,0,armada651,,,"That&#x27;s ridiculous for a couple of reasons:<p>1. This is adware: sure it might not remove itself cleanly, but it doesn&#x27;t have any mechanism to re-apply itself after being removed properly.<p>2. Malware can&#x27;t magically re-apply itself when all its traces have been safely removed.<p>3. Reinstalling your OS is not a magic bullet, the image you&#x27;re installing may also contain the same malware and there are even some viruses that will hide in your BIOS or storage firmware.<p>Reinstalling your OS is a &quot;just-to-be-safe&quot; measure when you are not sure whether you&#x27;ve removed all traces. But when there are proper tools available such as this one that removes all traces you are safe.<p>It is much more important to know what you&#x27;re infected with and how to properly, than to have blind faith that reinstalling your OS will fix everything.",1424526819
14,9085505,comment,9084346.0,9085296.0,0,0,Intermernet,,,Neither should you have to: &quot;It Just Works&quot;.,1424526816
15,9085504,comment,9085411.0,9085494.0,0,0,StavrosK,,,"Yeah, I know, I&#x27;m just echoing the perennial exasperation at science advancing bit by uncertain bit.",1424526804
16,9085503,comment,9083959.0,9083959.0,0,0,mkempe,,,"Alternatively, today at 2pm and with much more content: the Female Founders Conference<p><a href=""http://www.femalefoundersconference.org"" rel=""nofollow"">http://www.femalefoundersconference.org</a>",1424526797
17,9085502,comment,9085358.0,9085358.0,0,0,avinassh,,,"Clickables:<p><a href=""http://i.imgur.com/qjcd6z7.png"" rel=""nofollow"">http://i.imgur.com/qjcd6z7.png</a><p><a href=""http://i.imgur.com/KKj24Kl.png"" rel=""nofollow"">http://i.imgur.com/KKj24Kl.png</a><p><a href=""http://i.imgur.com/3Lv2RXd.png"" rel=""nofollow"">http://i.imgur.com/3Lv2RXd.png</a><p><a href=""http://i.imgur.com/o0nbGN3.png"" rel=""nofollow"">http://i.imgur.com/o0nbGN3.png</a>",1424526726
18,9085501,comment,9084148.0,9085266.0,0,0,joshstrange,,,What am I missing here? What makes this addon so bad? It looks like it injects buttons/overlays to show &quot;lower&quot; prices of items you are already viewing. While I have zero desire to install this addon I&#x27;m failing to see what it&#x27;s doing that makes it deserving of being pulled.,1424526676
19,9085500,comment,9080960.0,9082221.0,0,0,zo1,,,"And it should also be pointed out that <i>only</i> governments can grant the power to print state-approved money. If you don&#x27;t have permission, you will go to jail. There are countless movie plots dedicated to this simple topic, it should already be pounded into most peoples&#x27; minds already.",1424526660
20,9085499,story,,,7,0,radoslawc,'Racist' bird names banned by Sweden,http://www.thelocal.se/20150220/racist-bird-names-banned-by-sweden,,1424526647
21,9085498,comment,9084346.0,9085278.0,0,0,oleavr,,,"The screen turns blue – yes, blue, not joking – for a brief moment, and the system reboots. :)",1424526644
22,9085497,comment,9084617.0,9084617.0,0,0,lexap,,,"Ummmm, salary data source???",1424526622
23,9085496,story,,,5,0,arthurjj,Etsy-not good for crafters,http://www.wired.com/2015/02/etsy-not-good-for-crafters/,,1424526603
24,9085495,comment,9083721.0,9084368.0,0,0,netheril96,,,"If any answer on stackoverflow is &quot;just google it&quot;, the said answer will be downvoted because it doesn&#x27;t actually answer the question.",1424526586
25,9085494,comment,9085411.0,9085481.0,0,0,SquareWheel,,,"It&#x27;s not as simple as that.  Most &quot;indecisiveness&quot; that appears to come from science is from different studies being taken out of context, or poor media reporting.  Most wild claims you see aren&#x27;t from the researchers themselves.<p>See Steven Novella&#x27;s recent blog post on this subject.<p><a href=""http://theness.com/neurologicablog/index.php/scott-adams-on-science-and-nutrition/"" rel=""nofollow"">http://theness.com/neurologicablog/index.php/scott-adams-on-...</a>",1424526573
26,9085493,comment,9084617.0,9085144.0,0,0,lexap,,,I love how this is the most important comment on hacker news and gets the least upvotes.<p>This guy also has these ridiculously generic datasets and the geekerati goes nuts because he&#x27;s a vc.,1424526568
27,9085492,story,,,3,0,chintan39,Show HN: Zute SIP Dialer – Advanced VoIP Tunneling SIP Dialer,http://www.zutesipdialer.com/,,1424526548
28,9085491,comment,9080960.0,9081919.0,0,0,zo1,,,"I&#x27;ve often held the opinion (and someone argue/correct me if I&#x27;m wrong here), that a lot of this artificial demand for growth is a problem due to inflation. I.e. Government keeps devaluing the currency and lowering natural interest rates, causing individuals (and banks) to seek riskier returns. This effect is pervasive in the economy.<p>I can&#x27;t even begin to comprehend what our economy/world would look like if interest rates and inflation weren&#x27;t controlled/manipulated by state governments. Sustainable companies? Ones that don&#x27;t chase every tiny increase in short-term profit/gain? I don&#x27;t know.<p>Would we even have such a huge equity market? Most of <i>everyone&#x27;s</i> money is in the equity market, and I have no idea why. Everyone is trying to leverage what little they have to &quot;beat inflation&quot; that they only thing they can do is either a risky business venture, or play the equity market.<p></rant_while_under_the_influence_of_food_poisoning>",1424526541
29,9085489,comment,9083721.0,9084152.0,0,0,DanBC,,,Do you downvote answers that are not direct answers to the question?,1424526535
30,9085488,comment,9080834.0,9082043.0,0,0,mattmanser,,,"I&#x27;m still sticking to Windows 7, the Windows 7 OEM disks are now behind a barrier which requires you to put in a valid key only from certain retailers.",1424526468
31,9085487,comment,9084520.0,9085432.0,0,0,Manishearth,,,"This was created primarily for Servo to use, and in general we don&#x27;t have enough resources to Rust-ify all the things right now. Eventually, maybe, but not now.",1424526426
32,9085486,comment,9084466.0,9084466.0,0,0,garethsprice,,,"The Foxfire books were a school project in 1960s rural Georgia to capture the dying knowledge of homesteaders - cabin building, soap rendering, animal husbandry, etc.<p>They were used by the 1970s commune movement as instruction manuals for self-sufficiency/&quot;back to the land&quot; living so they have a track record of usability.<p>They&#x27;re a great history lesson, and contain the building blocks that any civilization needs to solve (shelter, heat, food) before it can worry about higher order things (philosophy, politics, smartphone reception).",1424526423
33,9085485,story,,,2,0,meriloi,Small game to promote Estonian e-elections,http://aitabjamast.ee,,1424526414
34,9085484,comment,9082077.0,9083555.0,0,0,rkrzr,,,"I think this approach is underrated and can highly recommend it.<p>If you are an engineer and you keep your living expenses low, you can most likely survive doing consulting/contracting for 1 day per week, leaving you the rest of the week to work on your startup. This minimizes your financial risk and leaves your savings intact, leaving you only with the opportunity costs (but if you are worried about those, you probably shouldn&#x27;t be doing a startup in the first place).<p>Additionally this lowers the pressure to find investors quickly (or at all) and gives you the time to build something great.",1424526406
35,9085483,comment,9080834.0,9083625.0,0,0,SideburnsOfDoom,,,"I am miffed, actually. I own a Lenovo laptop and it was not cheap. Fortunately it dates back to well before this thing and has a clean OS install anyway, but.<p>They sell laptops. It&#x27;s not a free service, I am the customer not the product. Did Lenovo have a pressing financial need for these extra pennies on the side? Really? How is that benefit vs risk calculation looking now?",1424526367
36,9085482,comment,9084466.0,9084466.0,0,0,Thiz,,,A book that explains how to go from a water wheel to a hydroelectric dam that will provide energy for the next industrial revolution.<p>I believe electricity is the greatest discovery of all.,1424526319
37,9085481,comment,9085411.0,9085411.0,0,0,StavrosK,,,"Jeez, make up your mind, science!",1424526276
38,9085480,comment,9083721.0,9084525.0,0,0,davidgerard,,,"It&#x27;s pretty clear you need a way for people to remove their <i>names</i>, then.",1424526269
39,9085479,comment,9084537.0,9085433.0,0,0,Intermernet,,,"Yeah, they seem to like libetard. I&#x27;d never come across libetard before, and I&#x27;m not 100% sure how to pronounce it.<p>Pity, because I feel like I might be one, and I&#x27;d like to know how to correctly brand myself.",1424526253
40,9085478,comment,9084148.0,9085264.0,0,0,TeMPOraL,,,"Here they are:<p><a href=""https://www.crunchbase.com/organization/superfish/investors"" rel=""nofollow"">https://www.crunchbase.com/organization/superfish/investors</a><p>I&#x27;d love to see people put money where their mouth is and refuse to be funded by those investors... but I&#x27;m pretty sure it&#x27;s not going to happen.",1424526237
41,9085477,comment,9084000.0,9085452.0,0,0,InInteraction,,,"Data source is SIPRI Arms Transfers Database <a href=""http://www.sipri.org/databases/armstransfers"" rel=""nofollow"">http://www.sipri.org/databases/armstransfers</a> (the link for the data source is always given below all data visualizations). The latest data available is  for the year 2013.<p>Accoutring to SIPRI exports from Bulgaria in 2013 was US$ 6M, you can check it here <a href=""http://armstrade.sipri.org/armstrade/page/values.php"" rel=""nofollow"">http://armstrade.sipri.org/armstrade/page/values.php</a>.<p>Please keep in mind that figures are expressed in US$ m. at constant (1990) prices.",1424526213
42,9085476,comment,9085025.0,9085025.0,0,0,lpeters,,,It is obvious a lot of attention was put into creating this document. I particularly enjoyed the sections on awk and sed. I have seen many others attempt to explain these tools using many more words and circulate much more ambiguity.<p>Bravo!,1424526178
43,9085474,comment,9084346.0,9085418.0,0,0,stefantalpalaru,,,"Unless you&#x27;re a software developer, don&#x27;t call yourself a &quot;hacker&quot; and don&#x27;t waste your time on Hacker News.",1424526110
44,9085473,comment,9083721.0,9084451.0,0,0,davidgerard,,,Makes no difference in my experience. Geeksplaining is an unstoppable force of obnoxiousness.,1424526108
45,9085472,comment,9085025.0,9085290.0,0,0,pjmlp,,,"> That&#x27;s my experience with UNIX is that it&#x27;s a constant learning process that goes on for many years.<p>Well, that is to be expected given the fragmentation in the UNIX world.<p>One never knows how the specific UNIX is going to behave, which command line arguments are available besides the common ones and what sort of POSIX undefined behavior exist.",1424526083
46,9085471,comment,9084000.0,9084695.0,0,0,joshuapants,,,Well they haven&#x27;t made -47s since 1959 so probably 0.,1424526070
47,9085470,comment,9083893.0,9083893.0,0,0,Sir_Substance,,,"It&#x27;s a shame. It&#x27;s kind of a nice feelgood story, but unfortunately it&#x27;s ruined by also being an ad. I find people trying to advertise to me ruins most things.",1424526055
48,9085469,comment,9074737.0,9080776.0,0,0,Immortalin,,,Both :D,1424525923
49,9085468,comment,9085078.0,9085387.0,0,0,MrScruff,,,I use it where the overhead of dealing with possible speed recognition errors is less than the overhead of doing the same thing manually.<p>- Setting a reminder<p>- Setting a timer<p>- Asking what the weather is today<p>Particularly when combined with the plugged in voice activated mode these sort of operations are pretty convenient.,1424525908
50,9085467,story,,,16,4,mgunes,Making music with the Altair 8800,http://www.giorgiosancristoforo.net/2015/02/16/music-with-the-first-pc-ever-the-ultimate-8-bit-machine/,,1424525907
51,9085466,comment,9084617.0,9085128.0,0,0,_random_,,,"Well, how about sharing some equity? Oh, I forgot you want to be a billionaire at the expense of early hires.",1424525898
52,9085465,comment,9084148.0,9084956.0,0,0,TeMPOraL,,,"Indeed. Most of NSA news are only confirming what everyone could reasonaly already assume - i.e. that yes, they can hit you everywhere. Don&#x27;t get me wrong, I love NSA stories, but the Superfish one is rightfully more covered because:<p>- it&#x27;s an immediate and very serious threat to a lot of people (every script kiddie with room-temperature IQ level can use it to clear someone&#x27;s bank account)<p>- it&#x27;s a very clear example of how customers are literally being fucked over by businesses, and how a big and trusted company turned out to be represented by flat-out lying assholes (one rarely gets to see a case without any room for doubt)<p>- it&#x27;s a case that you can (and should) do something about",1424525894
53,9085464,comment,9080322.0,9085378.0,0,0,accatyyc,,,"Sure, the energy argument is probably the least interesting of the ones listed above. Don&#x27;t ignore the rest of them!",1424525864
54,9085463,comment,9084466.0,9084697.0,0,0,agumonkey,,,"Indeed <a href=""https://twitter.com/erik_kwakkel/status/568368792906153985"" rel=""nofollow"">https://twitter.com/erik_kwakkel/status/568368792906153985</a><p>I was surprised by the vividness..",1424525832
55,9085462,comment,9084617.0,9085376.0,0,0,_random_,,,"Yes, unfortunately in London either:<p>1) recruiter effectively steals a percent of your starting salary;<p>2) company is so cheap they cannot afford a recruiter;<p>3) big tech companies are paying extremely low in comparison to the primary sector - finance (and the most interesting stuff will still be developed in USA).",1424525811
56,9085461,comment,9084466.0,9085200.0,0,0,icebraining,,,"<a href=""http://web.mit.edu/krugman/www/smokey.html"" rel=""nofollow"">http://web.mit.edu/krugman/www/smokey.html</a>",1424525782
57,9085460,comment,9084148.0,9085243.0,0,0,Immortalin,,,Filtering reverse proxies e.g. privoxy have an advantage over browser plugins as they work on the network level instead on the DOM. This means that it work as an universal adblock regardless of what OS or browser you are running. It&#x27;s especially useful when you are on mobile safari or chrome as they don&#x27;t support adblocks.,1424525741
58,9085459,comment,9084987.0,9084987.0,0,0,th0br0,,,"I&#x27;ve greatly enjoyed using jOOQ [0] for this purpose in the past. Incredible powerful and easy to use. All without the stuff that hibernate pulls in...<p>[0] <a href=""http://www.jooq.org/"" rel=""nofollow"">http://www.jooq.org/</a>",1424525728
59,9085458,comment,9084466.0,9085168.0,0,0,bergie,,,"I guess bronze age collapse, and the fall of Rome",1424525716
60,9085457,comment,9085358.0,9085358.0,0,0,krapp,,,"I don&#x27;t know about &#x27;unfair&#x27;, but it is most definitely not a direct democracy.",1424525703
61,9085456,comment,9074772.0,9078529.0,0,0,cheatsheet,,,"I can love both family, friends, coworkers, and research. It&#x27;s a slow process of the accumulation of a lifestyle. It doesn&#x27;t happen over night, and I can&#x27;t force it. That&#x27;s the biggest thing I&#x27;ve learned since leaving college.",1424525653
62,9085455,comment,9084466.0,9085168.0,0,0,ajcarpy2005,,,"He&#x27;s saying it hypothetically:present time of 1 time, after proposed catastrophe and civilization collapse, this is second time. Antifragile is intended to prevent breakdown of the second build up. So that a third rebuild is not necessary.",1424525637
63,9085454,story,,,18,2,RalfR,React Native State of the Union,http://react-native.org/t/react-native-state-of-the-union/19,,1424525595
64,9085453,story,,,2,0,zyio,Configuration Management Sucks,http://blog.xiol.co.uk/configuration-management-sucks/,,1424525526
65,9085452,comment,9084000.0,9085420.0,0,0,blumkvist,,,"Hi Natalia. Where did you get the data? Bulgaria&#x27;s export shows 6m, but a quick google search shows 300m euros for 2014, up from 260 in 2011.",1424525518
66,9085451,comment,9084346.0,9085406.0,0,0,_wmd,,,"Includes don&#x27;t control linking, and traditional C did not require function prototypes, so most compilers (in non-C++ mode at least) will happily compile calls to unknown functions, it just assumes a default signature.",1424525500
67,9085450,comment,9085078.0,9085368.0,0,0,oh_teh_meows,,,"Direct brain interface requires invasive surgery and is still a ways to go. Its constant need for recalibration basically precludes it from any useful utilization, much less commercialization of it on a massive scale.<p>Even if the AI part is mature, I do not think speaking at length (in a public setting) telling your computer what to do is desirable.<p>I think our best bet is a device that reads neural signals going to our voice box. We can &quot;speak&quot; without vocalization and still have the device pick up our words. I think they call it EEG sensing of imagined speech.",1424525480
68,9085449,comment,9079415.0,9080476.0,0,0,cheatsheet,,,">  communication is knowledge creation, even if it simply conveys an idea from one brain to another, because there&#x27;s no direct transfer mechanism the receiver of the idea must create it based on observations of the words of the giver.<p>I feel like science and mathematics (and even computer science) attempts to counter this.<p>If we can mechanically generate mathematical proofs, and those proofs can be proven equivalent to one another, then we have essentially simplified the abstraction mechanics of the individual brain and transferred them to a computer.<p>I view abstraction as a means for expanding all potential permutations of a given model and it&#x27;s application, and then a reduction to a different set of terms that connects models.<p>We might be able to prove that we can agree with one another, but we might not be able to prove that we agree with our own selves. We can always make the problem more difficult individually by guessing and creating more questions.<p>To me the process is two sides of the same coin. One side is creation, the other side is destruction. You can&#x27;t convey an idea without having an idea, and you can&#x27;t question that idea without having another idea. Negation is still a logical mechanism. You can question whether there is more to think about than a choice between [(exist) or (does not exist)].<p>I really prefer to think about possibility and potential. It&#x27;s an open space to me.",1424525439
69,9085448,comment,9084148.0,9084790.0,0,0,davidgerard,,,"No, not really.",1424525319
70,9085447,comment,9085358.0,9085358.0,0,0,r721,,,"Read this article: <a href=""http://www.righto.com/2013/11/how-hacker-news-ranking-really-works.html"" rel=""nofollow"">http://www.righto.com/2013/11/how-hacker-news-ranking-really...</a>",1424525297
71,9085446,comment,9081386.0,9085424.0,0,0,vas_k,,,"Paul Graig Roberts exlains what is going to happen to Lithuania who joined the Euro:\n<a href=""http://www.paulcraigroberts.org/2015/02/10/lithuania-media-interview-pcr/"" rel=""nofollow"">http://www.paulcraigroberts.org/2015/02/10/lithuania-media-i...</a><p>&quot;...by accepting the euro, your government accepted a loss of sovereignty. You cannot be a sovereign state if you don’t have your own money. If you don’t have your own money, you can’t finance your own government. So this is all the trouble that we see in Greece, in Spain, Portugal, Ireland, Italy. These are governments that are not sovereign, because they don’t have their own money and therefore they cannot finance themselves, they have to rely on foreign private banks to finance them and their creditors are more powerful than the governments and so when the countries have difficulty paying, the creditors may impose austerity on them and loot the countries; Greece is being looted. How do you loot a country? You tell them their pensions have to be cut, their employment has to be cut, social services have to be cut, so that there’s money to pay the banks....&quot;",1424525119
72,9085445,comment,9084987.0,9084987.0,0,0,kimi,,,It looks like I&#x27;m not alone in hating Hibernate.,1424525101
73,9085444,comment,9075945.0,9080097.0,0,0,freework,,,It costs 80 million dollars to buy all the hardware to mine a single block. It will probably costs 800 million dollars to amass enough computing power to mine 10 blocks. It only makes sense to double spend a transaction with a <i></i>VERY<i></i> large amount. No transaction going through stripe will qualify.,1424525096
74,9085443,comment,9085025.0,9085159.0,0,0,McUsr,,,"It seems like a well written tutorial, not to worded, not to terse, and should be a good introduction, that gives a broad overview of Unix. -And not Unix on OsX, which saddens me, all the time the author has made it on a Mac. C&#x27;mon, just a short piece on the open command, please…. :)",1424525081
75,9085441,story,,,1,0,regisb,Clean Code,http://minutebutterfly.com/clean-code/,,1424525003
76,9085440,comment,9080960.0,9085049.0,0,0,frandroid,,,"Prem Watsa of Fairfax Financial lost money for a few years betting against the markets, until the markets tanked in 2008 and he finally made a boatload on selling short.  Unfortunately for him, he then turned around and invested his winnings in Blackberry. :)",1424524922
77,9085439,comment,9085078.0,9085368.0,0,0,m12k,,,What makes you think that it would take less sophisticated AI to parse the signals from your brain directly than it takes for it to parse natural language?,1424524815
78,9085438,story,,,46,12,eatonphil,Clasp – Lisp on LLVM,https://github.com/drmeister/clasp,,1424524800
79,9085437,comment,9084841.0,9084841.0,0,0,t0mas88,,,It would be interesting if there is a way to detect Silverfish (e.g. by recognizing some specific HTTP requests being made). Because that would allow the MitM to only run a MitM on devices that you know are vulnerable and thus decrease the changes of discovery immensely.<p>If you combine that with configuring your proxy not to MitM any of the sites that browsers have certificate-pinning for (e.g. Google sites with Chrome) you can probably have this running for a very long time without anybody noticing.,1424524791
80,9085436,comment,9080896.0,9085011.0,0,0,ekidd,,,"progman posted some useful monad links, and I should know better than to write Yet Another Monad Explanation in a comment. But since you&#x27;re coming from a C++ background, I can maybe fine-tune this to you personally. If it doesn&#x27;t make sense, look somewhere else. :-)<p>First: There are actually two questions hiding here: (1) why are monads interesting in general, and (2) why does Haskell use monads to represent side effects? I&#x27;m going to mostly focus on (1) first, because that helped me more. Other people may strongly prefer starting from (2). My explanation will work best for people who like to make a <i>model</i>; explanations that start with (2) will work best for people who like to start with practical examples.<p>First, let&#x27;s start with a C++ template:<p><pre><code>    template <typename T> List { ... }\n</code></pre>\nHere, we have a list which can contain values of type T. So List<string> is a list of strings, and List<int> is a list of integers. Now, any Lisp or Ruby hacker would tell you that lists are better with a &#x27;map&#x27; function. &#x27;map&#x27; is a function which takes a list and a <i>transformation</i> function, and builds a new list by applying the transformation to every element of the old list. This way, if you have a list of strings, and a function &#x27;convert_string_to_integer&#x27;, you can write:<p><pre><code>    List<int> new_list = list_of_strings.map(convert_string_to_integer);\n</code></pre>\n...and you&#x27;ve got a list of converted integers. If you understand this, you&#x27;re over half of the way to monads!<p>To get a monad, we need to add two more things. First, we need a way to create a new list out of a single element:<p><pre><code>    List<int> new_list = List::from_element(3); // Creates the list { 3 }\n</code></pre>\nAnd then we need the interesting bit. Imagine that we have a list of lists of integers, of type List<List<int>>:<p><pre><code>    { { 1, 2, 3 }, {}, { 4 }, { 5, 6 } }\n</code></pre>\nWe want to flatten this into a single List<int> by smooshing all the lists together:<p><pre><code>    { 1, 2, 3, 4, 5, 6 }\n</code></pre>\nThis function might be called &#x27;join&#x27; or &#x27;flatten&#x27; or (in Haskell), you might combine &#x27;map&#x27; and &#x27;join&#x27; into a &quot;map a function then join the result&quot; function called &#x27;bind&#x27;.<p>A <i>monad</i> is basically any templated type that supports &#x27;map&#x27; and &#x27;from_elem&#x27; and &#x27;flatten&#x27;. (There are a few common sense restrictions about how these functions related to each other, too.)<p>Lots and <i>lots</i> of interesting types either fit this model well, or can be smooshed into fitting. This model covers Python&#x27;s list comprehensions, and JavaScript&#x27;s promises, and Rust&#x27;s Option type, and 90+% of collection types, and many much weirder and cooler things.<p>...and this brings us to I/O and Haskell. And here&#x27;s where my explanation won&#x27;t go far enough, but it might &quot;click&quot; for you latter on. In Haskell, conceptually speaking, you don&#x27;t really perform I/O. Instead, you construct instances of &quot;IO a&quot;, which is equivalent to the hypothetical C++:<p><pre><code>    template <typename T> IoAction { ... }\n</code></pre>\n...where <i>IoAction</i> does some I/O and returns a value of type T. Then once you&#x27;ve described an I/O action, you ask Haskell to perform it. The type I/O action supports all our monad functions: If you have an IoAction<string>, it&#x27;s easy to turn it into an IoAction<int> by running the original I/O action and applying a function to the output. Similarly, you can define IoAction::from_elem to (1) do no actual I/O, and (2) just return the elem you gave it. And if somebody gives you an IoAction<IoAction<string>> (an IoAction that returns another IoAction), you can &quot;flatten&quot; it by running the outer IoAction, taking the IoAction it returns, and running that.<p>So if you have an action &#x27;chooseFileName&#x27; of type IoAction<string> and function &#x27;readFile&#x27;  which takes a string as an argument and returns an IoAction<string> that reads in the specified file, you could write:<p><pre><code>    chooseFileName.map(readFile)\n</code></pre>\n...and get an IoAction<IoAction<string>>, and if you flatten it:<p><pre><code>    chooseFileName.map(readFile).flatten()\n</code></pre>\n...you get a new IoAction<string> that prompts for a filename and reads a file. Or you could write:<p><pre><code>    IoAction::from_elem(&quot;my_file.txt&quot;).map(readFile).flatten()\n</code></pre>\n...and get an IoAction<string> that returns whatever is in &quot;my_file.txt&quot;. And this is how Haskell I/O works. But you&#x27;ll probably have to play with it for a while until all the pieces fit together; Haskell is mathy that way.",1424524758
81,9085434,comment,9084841.0,9085419.0,0,0,t0mas88,,,You realize that anything the real BofA site adds to increase security can be removed by the proxy? Once your CA trust-store is compromised there really is no way to do anything secure without asking the user to use another channel to verify things.,1424524664
82,9085433,comment,9084537.0,9085343.0,0,0,busterarm,,,At least they didn&#x27;t call anyone a libetard or a dipshit in this post.,1424524643
83,9085432,comment,9084520.0,9084520.0,0,0,IshKebab,,,IMO they should write their own decoders. Current C/C++ implementations of media codecs are notoriously buggy.,1424524643
84,9085431,story,,,2,0,techdog,Does EVERY kid need to learn to code?,http://asserttrue.blogspot.com/2015/02/do-we-really-need-to-teach-kids-to-code.html,,1424524607
85,9085429,story,,,5,2,techdog,"Without technology, you'd be dead in days",http://www.howtoflyahorse.com/without-technology-youd-be-dead-in-days/,,1424524541
86,9085428,story,,,1,0,chasb,Aptible wants front end engineers – Build elegant solutions for hard problems,https://jobs.lever.co/aptible/6a8e05c1-cd3e-45cf-b70b-5a9ae2e697ae?lever-source=HackerNews,,1424524539
87,9085427,comment,9083933.0,9084500.0,0,0,DanBC,,,My name is publically available information but is protected in the UK against being misused.<p>Your company is going to have problems with EU privacy laws.,1424524493
88,9085426,comment,9085357.0,9085357.0,0,0,yosheeck,,,"Debugging with printfs, using grep... Good old-school stuff.",1424524454
89,9085425,comment,9083893.0,9084788.0,0,0,Shivetya,,,"Wish I were so advanced, I play around mostly with electric fans from the 10s and 20s (19xx). My favorite is an Emerson six bladed wonder I found off ebay; a great source of restored and those needing restoration. Daily searches of ebay nets me parts and fans merely needing cleaning though I have one in the garage that makes me want to scream at times.",1424524450
90,9085424,comment,9081386.0,9081386.0,0,0,vas_k,,,"There is so much hyprocrisy in this article as well as in the comments who try to analyze the situation. Just by searching \nGoogle, you could find that labor costs in most Northern countries is much higher than in South:<p>Hourly Wages in Europe\n<a href=""http://ec.europa.eu/eurostat/statistics-explained/index.php/File:Hourly_labour_costs,_2013_%281%29_%28EUR%29_YB14_II.png"" rel=""nofollow"">http://ec.europa.eu/eurostat/statistics-explained/index.php/...</a><p>Euro, was created as a means to loot other countries of their resources and their sovereignty. Period.",1424524413
91,9085423,comment,9080771.0,9080771.0,0,0,quarterwave,,,"I am reading this book &#x27;The Dollar Trap: How the US dollar tightened its grip on global finance&#x27; [1], where economist Eswar Prasad explains how money flows into the US from around the world even when troubles originate in U.S financial markets.<p>[1] <a href=""http://thedollartrap.com/"" rel=""nofollow"">http://thedollartrap.com/</a>",1424524395
92,9085422,comment,9084466.0,9084755.0,0,0,Shivetya,,,civil engineering books would be my bet and basic medicine like first aid,1424524329
93,9085421,story,,,37,1,bolshchikov,A list of videos devoted to JavaScript,https://github.com/bolshchikov/js-must-watch/tree/5c8efd00daa54c5cfd29814ca7bac9bdbdf53974,,1424524309
94,9085420,comment,9084000.0,9084000.0,0,0,InInteraction,,,"Hi my name is Natalia, and I&#x27;m the creator of this visualization. I want to thank the person who posted it here, and everyone for the discussion. I&#x27;d love to hear topics/ideas you are interested in for the future visualizations.",1424524051
95,9085419,comment,9084841.0,9084841.0,0,0,MHammond,,,"Financial services should employ a second JS-based PKI layer. BofA has no excuse.<p>&quot;... log into the BofA website using the AccountID of &quot;barry123457&quot;. While this transaction went over SSL, you can see clearly that sslsplit was able to intercept it. AS you can see, in the middle of the post information is the string &quot;barry123457&quot;.",1424524022
96,9085418,comment,9084346.0,9085349.0,0,0,k-mcgrady,,,So unless you&#x27;re a software developer don&#x27;t use software?,1424523956
97,9085417,comment,9080896.0,9085011.0,0,0,chriswarbo,,,"> I do not exactly have a strong math background<p>I&#x27;ve certainly learned more Maths as a result of learning Haskell, but I don&#x27;t think the amount of Maths is vastly more than other languagues; or rather, other languages <i>hide</i> the Maths, either on purpose or by accident.<p>For example, Haskell uses terms like &quot;Monad&quot;, &quot;Monoid&quot;, &quot;Functor&quot;, etc. which <i>are</i> Mathematical ideas, but as far as the language is concerned they&#x27;re just interfaces (APIs). OO APIs can get just as gnarly, so if someone&#x27;s comfortable with design patterns like inversion-of-control containers, dependency-injection mocking frameworks, factory factories, etc. then functional programming ideas are &quot;different&quot; but not necessarily &quot;harder&quot;. Like all fields, there&#x27;s a progression of ideas from simplistic, to powerful, to brain-bending, which everyone can scale at their own pace.<p>> ...the real problem for me seems to be monads. Without having /some/ kind of side effects, you cannot write an even remotely useful program, and I never really got them.<p>Whilst that&#x27;s technically true, all it takes is <i>one</i> side-effect to have a useful program. It&#x27;s perfectly acceptable to ignore monads and side-effects in all of your code, then write a simple &quot;main&quot; definition which plugs them together. In fact, that&#x27;s the <i>encouraged</i> way of programming in Haskell! If you&#x27;re playing around in a commandline, like GHCi, then you don&#x27;t even need a &quot;main&quot; function at all.<p>If you&#x27;re really struggling, you can often copy/paste a &quot;main&quot; which works for you. A trivial one is &quot;print foo&quot;, but even in more realistic examples it&#x27;s possible. To read and write over stdio, you can write the whole thing with pure functions, treat your argument as stdin and your return value as stdout, then do:<p><pre><code>    main = interact myFunction\n</code></pre>\nThe only time monads are actually <i>required</i> is when you need to choose between different side-effects, depending on the result of a previous side-effect. For example, if you write to a file, and the filename depends on the contents of another file:<p><pre><code>    main = do name <- readFile &quot;I_CONTAIN_THE_NAME&quot;\n              writeFile name myString\n</code></pre>\nWhen side-effects don&#x27;t depend on each other, you can use simpler alternatives to Monad, eg. Applicative:<p><pre><code>    main = writeFile &quot;file1&quot; string1 >> writeFile &quot;file2&quot; string2 >> writeFile &quot;file3&quot; string3\n</code></pre>\nFunctor:<p><pre><code>    main = fmap (const ()) (system &quot;rm file1&quot;)\n</code></pre>\nOr, when you only need one side-effect, you don&#x27;t need any of those interfaces at all:<p><pre><code>    main = print &quot;Hello world&quot;\n</code></pre>\n> I have a feeling that an idiomatic Haskell program would make far heavier use of the type system to model your problem than even extreme examples of object-oriented design<p>The way I see it, if you&#x27;re learning Haskell and you&#x27;re tempted to throw an exception, you&#x27;re probably using the wrong type. Exceptions can be useful, and there are advanced Haskell users who make regular use of them, but nowhere near the extent that they&#x27;re used outside Haskell. Many &quot;exceptional circumstances&quot; simply never arise if you use stronger types.",1424523889
98,9085416,comment,9084871.0,9084871.0,0,0,code_duck,,,Using Instagram/Kik in a similar fashion is quite popular among glassblowers in the US. People post their wares on IG and say &#x27;kik me for prices&#x27;.,1424523777
99,9085415,story,,,3,0,tosh,How to Make JavaScript and the Web a Good Compilation Target,http://infoq.com/interviews/bracha-javascript-future,,1424523755
100,9085414,comment,9069404.0,9071879.0,0,0,egdamy,,,Pretty impressive. May I ask how big is the team?,1424523749
101,9085413,comment,9085304.0,9085335.0,0,0,stevekemp,,,"I can code in Perl, Ruby, C, C++, Assembly language, and more.  Learning new languages is pretty simple if they&#x27;re in a family I know.<p>I read/write/speak English well.  Learning Finnish?  Painful.  Slow.  Hard.<p>On that basis learning code feels too easy!",1424523611
102,9085412,comment,9083933.0,9084703.0,0,0,gus_massa,,,>> <i>STOP SENDING SUBPOENAS</i><p>Can a police officer just send a subpoena to them and get all the information for free?,1424523601
