,col0,col1,col2,col3,col4,col5,col6,col7,col8,col9,col10
0,Windows.ApplicationModel.Store.TestingFramework.dll,231424,2,1108051191,2005-02-10T15:59:51.000Z,imports,msvcrt.dll,__CxxFrameHandler3,2219185813ea235de0d1ece742cd4679,4816e8f820cf5d8fb0b9e18dbaa07c42e2c5a3cfcf70d5c842a33157c677cd8f,c:\Windows\SysWOW64\Windows.ApplicationModel.Store.TestingFramework.dll
1,Windows.ApplicationModel.Store.TestingFramework.dll,231424,2,1108051191,2005-02-10T15:59:51.000Z,imports,msvcrt.dll,__dllonexit,2219185813ea235de0d1ece742cd4679,4816e8f820cf5d8fb0b9e18dbaa07c42e2c5a3cfcf70d5c842a33157c677cd8f,c:\Windows\SysWOW64\Windows.ApplicationModel.Store.TestingFramework.dll
2,Windows.ApplicationModel.Store.TestingFramework.dll,231424,2,1108051191,2005-02-10T15:59:51.000Z,imports,msvcrt.dll,_amsg_exit,2219185813ea235de0d1ece742cd4679,4816e8f820cf5d8fb0b9e18dbaa07c42e2c5a3cfcf70d5c842a33157c677cd8f,c:\Windows\SysWOW64\Windows.ApplicationModel.Store.TestingFramework.dll
3,Windows.ApplicationModel.Store.TestingFramework.dll,231424,2,1108051191,2005-02-10T15:59:51.000Z,imports,msvcrt.dll,_callnewh,2219185813ea235de0d1ece742cd4679,4816e8f820cf5d8fb0b9e18dbaa07c42e2c5a3cfcf70d5c842a33157c677cd8f,c:\Windows\SysWOW64\Windows.ApplicationModel.Store.TestingFramework.dll
4,Windows.ApplicationModel.Store.TestingFramework.dll,231424,2,1108051191,2005-02-10T15:59:51.000Z,imports,msvcrt.dll,_except_handler4_common,2219185813ea235de0d1ece742cd4679,4816e8f820cf5d8fb0b9e18dbaa07c42e2c5a3cfcf70d5c842a33157c677cd8f,c:\Windows\SysWOW64\Windows.ApplicationModel.Store.TestingFramework.dll
5,Windows.ApplicationModel.Store.TestingFramework.dll,231424,2,1108051191,2005-02-10T15:59:51.000Z,imports,msvcrt.dll,_ftol2,2219185813ea235de0d1ece742cd4679,4816e8f820cf5d8fb0b9e18dbaa07c42e2c5a3cfcf70d5c842a33157c677cd8f,c:\Windows\SysWOW64\Windows.ApplicationModel.Store.TestingFramework.dll
6,Windows.ApplicationModel.Store.TestingFramework.dll,231424,2,1108051191,2005-02-10T15:59:51.000Z,imports,msvcrt.dll,_initterm,2219185813ea235de0d1ece742cd4679,4816e8f820cf5d8fb0b9e18dbaa07c42e2c5a3cfcf70d5c842a33157c677cd8f,c:\Windows\SysWOW64\Windows.ApplicationModel.Store.TestingFramework.dll
7,Windows.ApplicationModel.Store.TestingFramework.dll,231424,2,1108051191,2005-02-10T15:59:51.000Z,imports,msvcrt.dll,_lock,2219185813ea235de0d1ece742cd4679,4816e8f820cf5d8fb0b9e18dbaa07c42e2c5a3cfcf70d5c842a33157c677cd8f,c:\Windows\SysWOW64\Windows.ApplicationModel.Store.TestingFramework.dll
8,Windows.ApplicationModel.Store.TestingFramework.dll,231424,2,1108051191,2005-02-10T15:59:51.000Z,imports,msvcrt.dll,_onexit,2219185813ea235de0d1ece742cd4679,4816e8f820cf5d8fb0b9e18dbaa07c42e2c5a3cfcf70d5c842a33157c677cd8f,c:\Windows\SysWOW64\Windows.ApplicationModel.Store.TestingFramework.dll
9,Windows.ApplicationModel.Store.TestingFramework.dll,231424,2,1108051191,2005-02-10T15:59:51.000Z,imports,msvcrt.dll,_purecall,2219185813ea235de0d1ece742cd4679,4816e8f820cf5d8fb0b9e18dbaa07c42e2c5a3cfcf70d5c842a33157c677cd8f,c:\Windows\SysWOW64\Windows.ApplicationModel.Store.TestingFramework.dll
10,Windows.ApplicationModel.Store.TestingFramework.dll,231424,2,1108051191,2005-02-10T15:59:51.000Z,imports,msvcrt.dll,_unlock,2219185813ea235de0d1ece742cd4679,4816e8f820cf5d8fb0b9e18dbaa07c42e2c5a3cfcf70d5c842a33157c677cd8f,c:\Windows\SysWOW64\Windows.ApplicationModel.Store.TestingFramework.dll
11,Windows.ApplicationModel.Store.TestingFramework.dll,231424,2,1108051191,2005-02-10T15:59:51.000Z,imports,msvcrt.dll,_vsnwprintf,2219185813ea235de0d1ece742cd4679,4816e8f820cf5d8fb0b9e18dbaa07c42e2c5a3cfcf70d5c842a33157c677cd8f,c:\Windows\SysWOW64\Windows.ApplicationModel.Store.TestingFramework.dll
12,Windows.ApplicationModel.Store.TestingFramework.dll,231424,2,1108051191,2005-02-10T15:59:51.000Z,imports,msvcrt.dll,_wcsdup,2219185813ea235de0d1ece742cd4679,4816e8f820cf5d8fb0b9e18dbaa07c42e2c5a3cfcf70d5c842a33157c677cd8f,c:\Windows\SysWOW64\Windows.ApplicationModel.Store.TestingFramework.dll
13,Windows.ApplicationModel.Store.TestingFramework.dll,231424,2,1108051191,2005-02-10T15:59:51.000Z,imports,msvcrt.dll,_wcsicmp,2219185813ea235de0d1ece742cd4679,4816e8f820cf5d8fb0b9e18dbaa07c42e2c5a3cfcf70d5c842a33157c677cd8f,c:\Windows\SysWOW64\Windows.ApplicationModel.Store.TestingFramework.dll
14,Windows.ApplicationModel.Store.TestingFramework.dll,231424,2,1108051191,2005-02-10T15:59:51.000Z,imports,msvcrt.dll,_wcsupr,2219185813ea235de0d1ece742cd4679,4816e8f820cf5d8fb0b9e18dbaa07c42e2c5a3cfcf70d5c842a33157c677cd8f,c:\Windows\SysWOW64\Windows.ApplicationModel.Store.TestingFramework.dll
15,Windows.ApplicationModel.Store.TestingFramework.dll,231424,2,1108051191,2005-02-10T15:59:51.000Z,imports,msvcrt.dll,_wtof,2219185813ea235de0d1ece742cd4679,4816e8f820cf5d8fb0b9e18dbaa07c42e2c5a3cfcf70d5c842a33157c677cd8f,c:\Windows\SysWOW64\Windows.ApplicationModel.Store.TestingFramework.dll
16,Windows.ApplicationModel.Store.TestingFramework.dll,231424,2,1108051191,2005-02-10T15:59:51.000Z,imports,msvcrt.dll,free,2219185813ea235de0d1ece742cd4679,4816e8f820cf5d8fb0b9e18dbaa07c42e2c5a3cfcf70d5c842a33157c677cd8f,c:\Windows\SysWOW64\Windows.ApplicationModel.Store.TestingFramework.dll
17,Windows.ApplicationModel.Store.TestingFramework.dll,231424,2,1108051191,2005-02-10T15:59:51.000Z,imports,msvcrt.dll,malloc,2219185813ea235de0d1ece742cd4679,4816e8f820cf5d8fb0b9e18dbaa07c42e2c5a3cfcf70d5c842a33157c677cd8f,c:\Windows\SysWOW64\Windows.ApplicationModel.Store.TestingFramework.dll
18,Windows.ApplicationModel.Store.TestingFramework.dll,231424,2,1108051191,2005-02-10T15:59:51.000Z,imports,msvcrt.dll,memcmp,2219185813ea235de0d1ece742cd4679,4816e8f820cf5d8fb0b9e18dbaa07c42e2c5a3cfcf70d5c842a33157c677cd8f,c:\Windows\SysWOW64\Windows.ApplicationModel.Store.TestingFramework.dll
19,Windows.ApplicationModel.Store.TestingFramework.dll,231424,2,1108051191,2005-02-10T15:59:51.000Z,imports,msvcrt.dll,memcpy,2219185813ea235de0d1ece742cd4679,4816e8f820cf5d8fb0b9e18dbaa07c42e2c5a3cfcf70d5c842a33157c677cd8f,c:\Windows\SysWOW64\Windows.ApplicationModel.Store.TestingFramework.dll
20,Windows.ApplicationModel.Store.TestingFramework.dll,231424,2,1108051191,2005-02-10T15:59:51.000Z,imports,msvcrt.dll,memcpy_s,2219185813ea235de0d1ece742cd4679,4816e8f820cf5d8fb0b9e18dbaa07c42e2c5a3cfcf70d5c842a33157c677cd8f,c:\Windows\SysWOW64\Windows.ApplicationModel.Store.TestingFramework.dll
21,Windows.ApplicationModel.Store.TestingFramework.dll,231424,2,1108051191,2005-02-10T15:59:51.000Z,imports,msvcrt.dll,memmove,2219185813ea235de0d1ece742cd4679,4816e8f820cf5d8fb0b9e18dbaa07c42e2c5a3cfcf70d5c842a33157c677cd8f,c:\Windows\SysWOW64\Windows.ApplicationModel.Store.TestingFramework.dll
22,Windows.ApplicationModel.Store.TestingFramework.dll,231424,2,1108051191,2005-02-10T15:59:51.000Z,imports,msvcrt.dll,memmove_s,2219185813ea235de0d1ece742cd4679,4816e8f820cf5d8fb0b9e18dbaa07c42e2c5a3cfcf70d5c842a33157c677cd8f,c:\Windows\SysWOW64\Windows.ApplicationModel.Store.TestingFramework.dll
23,Windows.ApplicationModel.Store.TestingFramework.dll,231424,2,1108051191,2005-02-10T15:59:51.000Z,imports,msvcrt.dll,memset,2219185813ea235de0d1ece742cd4679,4816e8f820cf5d8fb0b9e18dbaa07c42e2c5a3cfcf70d5c842a33157c677cd8f,c:\Windows\SysWOW64\Windows.ApplicationModel.Store.TestingFramework.dll
24,Windows.ApplicationModel.Store.TestingFramework.dll,231424,2,1108051191,2005-02-10T15:59:51.000Z,imports,msvcrt.dll,realloc,2219185813ea235de0d1ece742cd4679,4816e8f820cf5d8fb0b9e18dbaa07c42e2c5a3cfcf70d5c842a33157c677cd8f,c:\Windows\SysWOW64\Windows.ApplicationModel.Store.TestingFramework.dll
25,Windows.ApplicationModel.Store.TestingFramework.dll,231424,2,1108051191,2005-02-10T15:59:51.000Z,imports,msvcrt.dll,wcschr,2219185813ea235de0d1ece742cd4679,4816e8f820cf5d8fb0b9e18dbaa07c42e2c5a3cfcf70d5c842a33157c677cd8f,c:\Windows\SysWOW64\Windows.ApplicationModel.Store.TestingFramework.dll
26,Windows.ApplicationModel.Store.TestingFramework.dll,231424,2,1108051191,2005-02-10T15:59:51.000Z,imports,msvcrt.dll,wprintf,2219185813ea235de0d1ece742cd4679,4816e8f820cf5d8fb0b9e18dbaa07c42e2c5a3cfcf70d5c842a33157c677cd8f,c:\Windows\SysWOW64\Windows.ApplicationModel.Store.TestingFramework.dll
27,Windows.ApplicationModel.Store.TestingFramework.dll,231424,2,1108051191,2005-02-10T15:59:51.000Z,imports,api-ms-win-core-libraryloader-l1-2-0.dll,FreeLibrary,2219185813ea235de0d1ece742cd4679,4816e8f820cf5d8fb0b9e18dbaa07c42e2c5a3cfcf70d5c842a33157c677cd8f,c:\Windows\SysWOW64\Windows.ApplicationModel.Store.TestingFramework.dll
28,Windows.ApplicationModel.Store.TestingFramework.dll,231424,2,1108051191,2005-02-10T15:59:51.000Z,imports,api-ms-win-core-libraryloader-l1-2-0.dll,GetModuleFileNameA,2219185813ea235de0d1ece742cd4679,4816e8f820cf5d8fb0b9e18dbaa07c42e2c5a3cfcf70d5c842a33157c677cd8f,c:\Windows\SysWOW64\Windows.ApplicationModel.Store.TestingFramework.dll
29,Windows.ApplicationModel.Store.TestingFramework.dll,231424,2,1108051191,2005-02-10T15:59:51.000Z,imports,api-ms-win-core-libraryloader-l1-2-0.dll,GetModuleHandleExW,2219185813ea235de0d1ece742cd4679,4816e8f820cf5d8fb0b9e18dbaa07c42e2c5a3cfcf70d5c842a33157c677cd8f,c:\Windows\SysWOW64\Windows.ApplicationModel.Store.TestingFramework.dll
30,Windows.ApplicationModel.Store.TestingFramework.dll,231424,2,1108051191,2005-02-10T15:59:51.000Z,imports,api-ms-win-core-libraryloader-l1-2-0.dll,GetModuleHandleW,2219185813ea235de0d1ece742cd4679,4816e8f820cf5d8fb0b9e18dbaa07c42e2c5a3cfcf70d5c842a33157c677cd8f,c:\Windows\SysWOW64\Windows.ApplicationModel.Store.TestingFramework.dll
31,Windows.ApplicationModel.Store.TestingFramework.dll,231424,2,1108051191,2005-02-10T15:59:51.000Z,imports,api-ms-win-core-libraryloader-l1-2-0.dll,GetProcAddress,2219185813ea235de0d1ece742cd4679,4816e8f820cf5d8fb0b9e18dbaa07c42e2c5a3cfcf70d5c842a33157c677cd8f,c:\Windows\SysWOW64\Windows.ApplicationModel.Store.TestingFramework.dll
32,Windows.ApplicationModel.Store.TestingFramework.dll,231424,2,1108051191,2005-02-10T15:59:51.000Z,imports,api-ms-win-core-libraryloader-l1-2-0.dll,LoadLibraryExA,2219185813ea235de0d1ece742cd4679,4816e8f820cf5d8fb0b9e18dbaa07c42e2c5a3cfcf70d5c842a33157c677cd8f,c:\Windows\SysWOW64\Windows.ApplicationModel.Store.TestingFramework.dll
33,Windows.ApplicationModel.Store.TestingFramework.dll,231424,2,1108051191,2005-02-10T15:59:51.000Z,imports,ntdll.dll,EtwEventWriteTransfer,2219185813ea235de0d1ece742cd4679,4816e8f820cf5d8fb0b9e18dbaa07c42e2c5a3cfcf70d5c842a33157c677cd8f,c:\Windows\SysWOW64\Windows.ApplicationModel.Store.TestingFramework.dll
34,Windows.ApplicationModel.Store.TestingFramework.dll,231424,2,1108051191,2005-02-10T15:59:51.000Z,imports,api-ms-win-core-errorhandling-l1-1-0.dll,GetLastError,2219185813ea235de0d1ece742cd4679,4816e8f820cf5d8fb0b9e18dbaa07c42e2c5a3cfcf70d5c842a33157c677cd8f,c:\Windows\SysWOW64\Windows.ApplicationModel.Store.TestingFramework.dll
35,Windows.ApplicationModel.Store.TestingFramework.dll,231424,2,1108051191,2005-02-10T15:59:51.000Z,imports,api-ms-win-core-errorhandling-l1-1-0.dll,RaiseException,2219185813ea235de0d1ece742cd4679,4816e8f820cf5d8fb0b9e18dbaa07c42e2c5a3cfcf70d5c842a33157c677cd8f,c:\Windows\SysWOW64\Windows.ApplicationModel.Store.TestingFramework.dll
36,Windows.ApplicationModel.Store.TestingFramework.dll,231424,2,1108051191,2005-02-10T15:59:51.000Z,imports,api-ms-win-core-errorhandling-l1-1-0.dll,SetLastError,2219185813ea235de0d1ece742cd4679,4816e8f820cf5d8fb0b9e18dbaa07c42e2c5a3cfcf70d5c842a33157c677cd8f,c:\Windows\SysWOW64\Windows.ApplicationModel.Store.TestingFramework.dll
37,Windows.ApplicationModel.Store.TestingFramework.dll,231424,2,1108051191,2005-02-10T15:59:51.000Z,imports,api-ms-win-core-errorhandling-l1-1-0.dll,SetUnhandledExceptionFilter,2219185813ea235de0d1ece742cd4679,4816e8f820cf5d8fb0b9e18dbaa07c42e2c5a3cfcf70d5c842a33157c677cd8f,c:\Windows\SysWOW64\Windows.ApplicationModel.Store.TestingFramework.dll
38,Windows.ApplicationModel.Store.TestingFramework.dll,231424,2,1108051191,2005-02-10T15:59:51.000Z,imports,api-ms-win-core-errorhandling-l1-1-0.dll,UnhandledExceptionFilter,2219185813ea235de0d1ece742cd4679,4816e8f820cf5d8fb0b9e18dbaa07c42e2c5a3cfcf70d5c842a33157c677cd8f,c:\Windows\SysWOW64\Windows.ApplicationModel.Store.TestingFramework.dll
39,Windows.ApplicationModel.Store.TestingFramework.dll,231424,2,1108051191,2005-02-10T15:59:51.000Z,imports,api-ms-win-core-debug-l1-1-0.dll,DebugBreak,2219185813ea235de0d1ece742cd4679,4816e8f820cf5d8fb0b9e18dbaa07c42e2c5a3cfcf70d5c842a33157c677cd8f,c:\Windows\SysWOW64\Windows.ApplicationModel.Store.TestingFramework.dll
40,Windows.ApplicationModel.Store.TestingFramework.dll,231424,2,1108051191,2005-02-10T15:59:51.000Z,imports,api-ms-win-core-debug-l1-1-0.dll,IsDebuggerPresent,2219185813ea235de0d1ece742cd4679,4816e8f820cf5d8fb0b9e18dbaa07c42e2c5a3cfcf70d5c842a33157c677cd8f,c:\Windows\SysWOW64\Windows.ApplicationModel.Store.TestingFramework.dll
41,Windows.ApplicationModel.Store.TestingFramework.dll,231424,2,1108051191,2005-02-10T15:59:51.000Z,imports,api-ms-win-core-debug-l1-1-0.dll,OutputDebugStringW,2219185813ea235de0d1ece742cd4679,4816e8f820cf5d8fb0b9e18dbaa07c42e2c5a3cfcf70d5c842a33157c677cd8f,c:\Windows\SysWOW64\Windows.ApplicationModel.Store.TestingFramework.dll
42,Windows.ApplicationModel.Store.TestingFramework.dll,231424,2,1108051191,2005-02-10T15:59:51.000Z,imports,api-ms-win-core-util-l1-1-0.dll,DecodePointer,2219185813ea235de0d1ece742cd4679,4816e8f820cf5d8fb0b9e18dbaa07c42e2c5a3cfcf70d5c842a33157c677cd8f,c:\Windows\SysWOW64\Windows.ApplicationModel.Store.TestingFramework.dll
43,Windows.ApplicationModel.Store.TestingFramework.dll,231424,2,1108051191,2005-02-10T15:59:51.000Z,imports,api-ms-win-core-util-l1-1-0.dll,EncodePointer,2219185813ea235de0d1ece742cd4679,4816e8f820cf5d8fb0b9e18dbaa07c42e2c5a3cfcf70d5c842a33157c677cd8f,c:\Windows\SysWOW64\Windows.ApplicationModel.Store.TestingFramework.dll
44,Windows.ApplicationModel.Store.TestingFramework.dll,231424,2,1108051191,2005-02-10T15:59:51.000Z,imports,api-ms-win-core-synch-l1-1-0.dll,AcquireSRWLockExclusive,2219185813ea235de0d1ece742cd4679,4816e8f820cf5d8fb0b9e18dbaa07c42e2c5a3cfcf70d5c842a33157c677cd8f,c:\Windows\SysWOW64\Windows.ApplicationModel.Store.TestingFramework.dll
45,Windows.ApplicationModel.Store.TestingFramework.dll,231424,2,1108051191,2005-02-10T15:59:51.000Z,imports,api-ms-win-core-synch-l1-1-0.dll,AcquireSRWLockShared,2219185813ea235de0d1ece742cd4679,4816e8f820cf5d8fb0b9e18dbaa07c42e2c5a3cfcf70d5c842a33157c677cd8f,c:\Windows\SysWOW64\Windows.ApplicationModel.Store.TestingFramework.dll
46,Windows.ApplicationModel.Store.TestingFramework.dll,231424,2,1108051191,2005-02-10T15:59:51.000Z,imports,api-ms-win-core-synch-l1-1-0.dll,CancelWaitableTimer,2219185813ea235de0d1ece742cd4679,4816e8f820cf5d8fb0b9e18dbaa07c42e2c5a3cfcf70d5c842a33157c677cd8f,c:\Windows\SysWOW64\Windows.ApplicationModel.Store.TestingFramework.dll
47,Windows.ApplicationModel.Store.TestingFramework.dll,231424,2,1108051191,2005-02-10T15:59:51.000Z,imports,api-ms-win-core-synch-l1-1-0.dll,CreateEventExW,2219185813ea235de0d1ece742cd4679,4816e8f820cf5d8fb0b9e18dbaa07c42e2c5a3cfcf70d5c842a33157c677cd8f,c:\Windows\SysWOW64\Windows.ApplicationModel.Store.TestingFramework.dll
48,Windows.ApplicationModel.Store.TestingFramework.dll,231424,2,1108051191,2005-02-10T15:59:51.000Z,imports,api-ms-win-core-synch-l1-1-0.dll,CreateEventW,2219185813ea235de0d1ece742cd4679,4816e8f820cf5d8fb0b9e18dbaa07c42e2c5a3cfcf70d5c842a33157c677cd8f,c:\Windows\SysWOW64\Windows.ApplicationModel.Store.TestingFramework.dll
49,Windows.ApplicationModel.Store.TestingFramework.dll,231424,2,1108051191,2005-02-10T15:59:51.000Z,imports,api-ms-win-core-synch-l1-1-0.dll,CreateMutexExW,2219185813ea235de0d1ece742cd4679,4816e8f820cf5d8fb0b9e18dbaa07c42e2c5a3cfcf70d5c842a33157c677cd8f,c:\Windows\SysWOW64\Windows.ApplicationModel.Store.TestingFramework.dll
50,Windows.ApplicationModel.Store.TestingFramework.dll,231424,2,1108051191,2005-02-10T15:59:51.000Z,imports,api-ms-win-core-synch-l1-1-0.dll,CreateSemaphoreExW,2219185813ea235de0d1ece742cd4679,4816e8f820cf5d8fb0b9e18dbaa07c42e2c5a3cfcf70d5c842a33157c677cd8f,c:\Windows\SysWOW64\Windows.ApplicationModel.Store.TestingFramework.dll
51,Windows.ApplicationModel.Store.TestingFramework.dll,231424,2,1108051191,2005-02-10T15:59:51.000Z,imports,api-ms-win-core-synch-l1-1-0.dll,CreateWaitableTimerExW,2219185813ea235de0d1ece742cd4679,4816e8f820cf5d8fb0b9e18dbaa07c42e2c5a3cfcf70d5c842a33157c677cd8f,c:\Windows\SysWOW64\Windows.ApplicationModel.Store.TestingFramework.dll
52,Windows.ApplicationModel.Store.TestingFramework.dll,231424,2,1108051191,2005-02-10T15:59:51.000Z,imports,api-ms-win-core-synch-l1-1-0.dll,DeleteCriticalSection,2219185813ea235de0d1ece742cd4679,4816e8f820cf5d8fb0b9e18dbaa07c42e2c5a3cfcf70d5c842a33157c677cd8f,c:\Windows\SysWOW64\Windows.ApplicationModel.Store.TestingFramework.dll
53,Windows.ApplicationModel.Store.TestingFramework.dll,231424,2,1108051191,2005-02-10T15:59:51.000Z,imports,api-ms-win-core-synch-l1-1-0.dll,EnterCriticalSection,2219185813ea235de0d1ece742cd4679,4816e8f820cf5d8fb0b9e18dbaa07c42e2c5a3cfcf70d5c842a33157c677cd8f,c:\Windows\SysWOW64\Windows.ApplicationModel.Store.TestingFramework.dll
54,Windows.ApplicationModel.Store.TestingFramework.dll,231424,2,1108051191,2005-02-10T15:59:51.000Z,imports,api-ms-win-core-synch-l1-1-0.dll,InitializeCriticalSection,2219185813ea235de0d1ece742cd4679,4816e8f820cf5d8fb0b9e18dbaa07c42e2c5a3cfcf70d5c842a33157c677cd8f,c:\Windows\SysWOW64\Windows.ApplicationModel.Store.TestingFramework.dll
55,Windows.ApplicationModel.Store.TestingFramework.dll,231424,2,1108051191,2005-02-10T15:59:51.000Z,imports,api-ms-win-core-synch-l1-1-0.dll,InitializeSRWLock,2219185813ea235de0d1ece742cd4679,4816e8f820cf5d8fb0b9e18dbaa07c42e2c5a3cfcf70d5c842a33157c677cd8f,c:\Windows\SysWOW64\Windows.ApplicationModel.Store.TestingFramework.dll
56,Windows.ApplicationModel.Store.TestingFramework.dll,231424,2,1108051191,2005-02-10T15:59:51.000Z,imports,api-ms-win-core-synch-l1-1-0.dll,LeaveCriticalSection,2219185813ea235de0d1ece742cd4679,4816e8f820cf5d8fb0b9e18dbaa07c42e2c5a3cfcf70d5c842a33157c677cd8f,c:\Windows\SysWOW64\Windows.ApplicationModel.Store.TestingFramework.dll
57,Windows.ApplicationModel.Store.TestingFramework.dll,231424,2,1108051191,2005-02-10T15:59:51.000Z,imports,api-ms-win-core-synch-l1-1-0.dll,OpenSemaphoreW,2219185813ea235de0d1ece742cd4679,4816e8f820cf5d8fb0b9e18dbaa07c42e2c5a3cfcf70d5c842a33157c677cd8f,c:\Windows\SysWOW64\Windows.ApplicationModel.Store.TestingFramework.dll
58,Windows.ApplicationModel.Store.TestingFramework.dll,231424,2,1108051191,2005-02-10T15:59:51.000Z,imports,api-ms-win-core-synch-l1-1-0.dll,ReleaseMutex,2219185813ea235de0d1ece742cd4679,4816e8f820cf5d8fb0b9e18dbaa07c42e2c5a3cfcf70d5c842a33157c677cd8f,c:\Windows\SysWOW64\Windows.ApplicationModel.Store.TestingFramework.dll
59,Windows.ApplicationModel.Store.TestingFramework.dll,231424,2,1108051191,2005-02-10T15:59:51.000Z,imports,api-ms-win-core-synch-l1-1-0.dll,ReleaseSRWLockExclusive,2219185813ea235de0d1ece742cd4679,4816e8f820cf5d8fb0b9e18dbaa07c42e2c5a3cfcf70d5c842a33157c677cd8f,c:\Windows\SysWOW64\Windows.ApplicationModel.Store.TestingFramework.dll
60,Windows.ApplicationModel.Store.TestingFramework.dll,231424,2,1108051191,2005-02-10T15:59:51.000Z,imports,api-ms-win-core-synch-l1-1-0.dll,ReleaseSRWLockShared,2219185813ea235de0d1ece742cd4679,4816e8f820cf5d8fb0b9e18dbaa07c42e2c5a3cfcf70d5c842a33157c677cd8f,c:\Windows\SysWOW64\Windows.ApplicationModel.Store.TestingFramework.dll
61,Windows.ApplicationModel.Store.TestingFramework.dll,231424,2,1108051191,2005-02-10T15:59:51.000Z,imports,api-ms-win-core-synch-l1-1-0.dll,ReleaseSemaphore,2219185813ea235de0d1ece742cd4679,4816e8f820cf5d8fb0b9e18dbaa07c42e2c5a3cfcf70d5c842a33157c677cd8f,c:\Windows\SysWOW64\Windows.ApplicationModel.Store.TestingFramework.dll
62,Windows.ApplicationModel.Store.TestingFramework.dll,231424,2,1108051191,2005-02-10T15:59:51.000Z,imports,api-ms-win-core-synch-l1-1-0.dll,SetEvent,2219185813ea235de0d1ece742cd4679,4816e8f820cf5d8fb0b9e18dbaa07c42e2c5a3cfcf70d5c842a33157c677cd8f,c:\Windows\SysWOW64\Windows.ApplicationModel.Store.TestingFramework.dll
63,Windows.ApplicationModel.Store.TestingFramework.dll,231424,2,1108051191,2005-02-10T15:59:51.000Z,imports,api-ms-win-core-synch-l1-1-0.dll,SetWaitableTimer,2219185813ea235de0d1ece742cd4679,4816e8f820cf5d8fb0b9e18dbaa07c42e2c5a3cfcf70d5c842a33157c677cd8f,c:\Windows\SysWOW64\Windows.ApplicationModel.Store.TestingFramework.dll
64,Windows.ApplicationModel.Store.TestingFramework.dll,231424,2,1108051191,2005-02-10T15:59:51.000Z,imports,api-ms-win-core-synch-l1-1-0.dll,WaitForMultipleObjectsEx,2219185813ea235de0d1ece742cd4679,4816e8f820cf5d8fb0b9e18dbaa07c42e2c5a3cfcf70d5c842a33157c677cd8f,c:\Windows\SysWOW64\Windows.ApplicationModel.Store.TestingFramework.dll
65,Windows.ApplicationModel.Store.TestingFramework.dll,231424,2,1108051191,2005-02-10T15:59:51.000Z,imports,api-ms-win-core-synch-l1-1-0.dll,WaitForSingleObject,2219185813ea235de0d1ece742cd4679,4816e8f820cf5d8fb0b9e18dbaa07c42e2c5a3cfcf70d5c842a33157c677cd8f,c:\Windows\SysWOW64\Windows.ApplicationModel.Store.TestingFramework.dll
66,Windows.ApplicationModel.Store.TestingFramework.dll,231424,2,1108051191,2005-02-10T15:59:51.000Z,imports,api-ms-win-core-synch-l1-1-0.dll,WaitForSingleObjectEx,2219185813ea235de0d1ece742cd4679,4816e8f820cf5d8fb0b9e18dbaa07c42e2c5a3cfcf70d5c842a33157c677cd8f,c:\Windows\SysWOW64\Windows.ApplicationModel.Store.TestingFramework.dll
67,Windows.ApplicationModel.Store.TestingFramework.dll,231424,2,1108051191,2005-02-10T15:59:51.000Z,imports,api-ms-win-core-synch-l1-2-0.dll,InitOnceExecuteOnce,2219185813ea235de0d1ece742cd4679,4816e8f820cf5d8fb0b9e18dbaa07c42e2c5a3cfcf70d5c842a33157c677cd8f,c:\Windows\SysWOW64\Windows.ApplicationModel.Store.TestingFramework.dll
68,Windows.ApplicationModel.Store.TestingFramework.dll,231424,2,1108051191,2005-02-10T15:59:51.000Z,imports,api-ms-win-core-synch-l1-2-0.dll,Sleep,2219185813ea235de0d1ece742cd4679,4816e8f820cf5d8fb0b9e18dbaa07c42e2c5a3cfcf70d5c842a33157c677cd8f,c:\Windows\SysWOW64\Windows.ApplicationModel.Store.TestingFramework.dll
69,Windows.ApplicationModel.Store.TestingFramework.dll,231424,2,1108051191,2005-02-10T15:59:51.000Z,imports,api-ms-win-core-synch-l1-2-0.dll,SleepConditionVariableSRW,2219185813ea235de0d1ece742cd4679,4816e8f820cf5d8fb0b9e18dbaa07c42e2c5a3cfcf70d5c842a33157c677cd8f,c:\Windows\SysWOW64\Windows.ApplicationModel.Store.TestingFramework.dll
70,Windows.ApplicationModel.Store.TestingFramework.dll,231424,2,1108051191,2005-02-10T15:59:51.000Z,imports,api-ms-win-core-synch-l1-2-0.dll,WakeAllConditionVariable,2219185813ea235de0d1ece742cd4679,4816e8f820cf5d8fb0b9e18dbaa07c42e2c5a3cfcf70d5c842a33157c677cd8f,c:\Windows\SysWOW64\Windows.ApplicationModel.Store.TestingFramework.dll
71,Windows.ApplicationModel.Store.TestingFramework.dll,231424,2,1108051191,2005-02-10T15:59:51.000Z,imports,api-ms-win-core-profile-l1-1-0.dll,QueryPerformanceCounter,2219185813ea235de0d1ece742cd4679,4816e8f820cf5d8fb0b9e18dbaa07c42e2c5a3cfcf70d5c842a33157c677cd8f,c:\Windows\SysWOW64\Windows.ApplicationModel.Store.TestingFramework.dll
72,Windows.ApplicationModel.Store.TestingFramework.dll,231424,2,1108051191,2005-02-10T15:59:51.000Z,imports,api-ms-win-core-processthreads-l1-1-0.dll,CreateThread,2219185813ea235de0d1ece742cd4679,4816e8f820cf5d8fb0b9e18dbaa07c42e2c5a3cfcf70d5c842a33157c677cd8f,c:\Windows\SysWOW64\Windows.ApplicationModel.Store.TestingFramework.dll
73,Windows.ApplicationModel.Store.TestingFramework.dll,231424,2,1108051191,2005-02-10T15:59:51.000Z,imports,api-ms-win-core-processthreads-l1-1-0.dll,GetCurrentProcess,2219185813ea235de0d1ece742cd4679,4816e8f820cf5d8fb0b9e18dbaa07c42e2c5a3cfcf70d5c842a33157c677cd8f,c:\Windows\SysWOW64\Windows.ApplicationModel.Store.TestingFramework.dll
74,Windows.ApplicationModel.Store.TestingFramework.dll,231424,2,1108051191,2005-02-10T15:59:51.000Z,imports,api-ms-win-core-processthreads-l1-1-0.dll,GetCurrentProcessId,2219185813ea235de0d1ece742cd4679,4816e8f820cf5d8fb0b9e18dbaa07c42e2c5a3cfcf70d5c842a33157c677cd8f,c:\Windows\SysWOW64\Windows.ApplicationModel.Store.TestingFramework.dll
75,Windows.ApplicationModel.Store.TestingFramework.dll,231424,2,1108051191,2005-02-10T15:59:51.000Z,imports,api-ms-win-core-processthreads-l1-1-0.dll,GetCurrentThreadId,2219185813ea235de0d1ece742cd4679,4816e8f820cf5d8fb0b9e18dbaa07c42e2c5a3cfcf70d5c842a33157c677cd8f,c:\Windows\SysWOW64\Windows.ApplicationModel.Store.TestingFramework.dll
76,Windows.ApplicationModel.Store.TestingFramework.dll,231424,2,1108051191,2005-02-10T15:59:51.000Z,imports,api-ms-win-core-processthreads-l1-1-0.dll,GetProcessIdOfThread,2219185813ea235de0d1ece742cd4679,4816e8f820cf5d8fb0b9e18dbaa07c42e2c5a3cfcf70d5c842a33157c677cd8f,c:\Windows\SysWOW64\Windows.ApplicationModel.Store.TestingFramework.dll
77,Windows.ApplicationModel.Store.TestingFramework.dll,231424,2,1108051191,2005-02-10T15:59:51.000Z,imports,api-ms-win-core-processthreads-l1-1-0.dll,OpenProcessToken,2219185813ea235de0d1ece742cd4679,4816e8f820cf5d8fb0b9e18dbaa07c42e2c5a3cfcf70d5c842a33157c677cd8f,c:\Windows\SysWOW64\Windows.ApplicationModel.Store.TestingFramework.dll
78,Windows.ApplicationModel.Store.TestingFramework.dll,231424,2,1108051191,2005-02-10T15:59:51.000Z,imports,api-ms-win-core-processthreads-l1-1-0.dll,OpenThread,2219185813ea235de0d1ece742cd4679,4816e8f820cf5d8fb0b9e18dbaa07c42e2c5a3cfcf70d5c842a33157c677cd8f,c:\Windows\SysWOW64\Windows.ApplicationModel.Store.TestingFramework.dll
79,Windows.ApplicationModel.Store.TestingFramework.dll,231424,2,1108051191,2005-02-10T15:59:51.000Z,imports,api-ms-win-core-processthreads-l1-1-0.dll,TerminateProcess,2219185813ea235de0d1ece742cd4679,4816e8f820cf5d8fb0b9e18dbaa07c42e2c5a3cfcf70d5c842a33157c677cd8f,c:\Windows\SysWOW64\Windows.ApplicationModel.Store.TestingFramework.dll
80,Windows.ApplicationModel.Store.TestingFramework.dll,231424,2,1108051191,2005-02-10T15:59:51.000Z,imports,api-ms-win-core-sysinfo-l1-1-0.dll,GetSystemTime,2219185813ea235de0d1ece742cd4679,4816e8f820cf5d8fb0b9e18dbaa07c42e2c5a3cfcf70d5c842a33157c677cd8f,c:\Windows\SysWOW64\Windows.ApplicationModel.Store.TestingFramework.dll
81,Windows.ApplicationModel.Store.TestingFramework.dll,231424,2,1108051191,2005-02-10T15:59:51.000Z,imports,api-ms-win-core-sysinfo-l1-1-0.dll,GetSystemTimeAsFileTime,2219185813ea235de0d1ece742cd4679,4816e8f820cf5d8fb0b9e18dbaa07c42e2c5a3cfcf70d5c842a33157c677cd8f,c:\Windows\SysWOW64\Windows.ApplicationModel.Store.TestingFramework.dll
82,Windows.ApplicationModel.Store.TestingFramework.dll,231424,2,1108051191,2005-02-10T15:59:51.000Z,imports,api-ms-win-core-sysinfo-l1-1-0.dll,GetTickCount,2219185813ea235de0d1ece742cd4679,4816e8f820cf5d8fb0b9e18dbaa07c42e2c5a3cfcf70d5c842a33157c677cd8f,c:\Windows\SysWOW64\Windows.ApplicationModel.Store.TestingFramework.dll
83,Windows.ApplicationModel.Store.TestingFramework.dll,231424,2,1108051191,2005-02-10T15:59:51.000Z,imports,shcore.dll,SHCreateMemStream,2219185813ea235de0d1ece742cd4679,4816e8f820cf5d8fb0b9e18dbaa07c42e2c5a3cfcf70d5c842a33157c677cd8f,c:\Windows\SysWOW64\Windows.ApplicationModel.Store.TestingFramework.dll
84,Windows.ApplicationModel.Store.TestingFramework.dll,231424,2,1108051191,2005-02-10T15:59:51.000Z,imports,shcore.dll,SHTaskPoolAllowThreadReuse,2219185813ea235de0d1ece742cd4679,4816e8f820cf5d8fb0b9e18dbaa07c42e2c5a3cfcf70d5c842a33157c677cd8f,c:\Windows\SysWOW64\Windows.ApplicationModel.Store.TestingFramework.dll
85,Windows.ApplicationModel.Store.TestingFramework.dll,231424,2,1108051191,2005-02-10T15:59:51.000Z,imports,api-ms-win-core-handle-l1-1-0.dll,CloseHandle,2219185813ea235de0d1ece742cd4679,4816e8f820cf5d8fb0b9e18dbaa07c42e2c5a3cfcf70d5c842a33157c677cd8f,c:\Windows\SysWOW64\Windows.ApplicationModel.Store.TestingFramework.dll
86,Windows.ApplicationModel.Store.TestingFramework.dll,231424,2,1108051191,2005-02-10T15:59:51.000Z,imports,api-ms-win-eventing-provider-l1-1-0.dll,EventActivityIdControl,2219185813ea235de0d1ece742cd4679,4816e8f820cf5d8fb0b9e18dbaa07c42e2c5a3cfcf70d5c842a33157c677cd8f,c:\Windows\SysWOW64\Windows.ApplicationModel.Store.TestingFramework.dll
87,Windows.ApplicationModel.Store.TestingFramework.dll,231424,2,1108051191,2005-02-10T15:59:51.000Z,imports,api-ms-win-core-threadpool-legacy-l1-1-0.dll,QueueUserWorkItem,2219185813ea235de0d1ece742cd4679,4816e8f820cf5d8fb0b9e18dbaa07c42e2c5a3cfcf70d5c842a33157c677cd8f,c:\Windows\SysWOW64\Windows.ApplicationModel.Store.TestingFramework.dll
88,Windows.ApplicationModel.Store.TestingFramework.dll,231424,2,1108051191,2005-02-10T15:59:51.000Z,imports,api-ms-win-security-base-l1-1-0.dll,GetTokenInformation,2219185813ea235de0d1ece742cd4679,4816e8f820cf5d8fb0b9e18dbaa07c42e2c5a3cfcf70d5c842a33157c677cd8f,c:\Windows\SysWOW64\Windows.ApplicationModel.Store.TestingFramework.dll
89,Windows.ApplicationModel.Store.TestingFramework.dll,231424,2,1108051191,2005-02-10T15:59:51.000Z,imports,api-ms-win-core-processthreads-l1-1-1.dll,FlushInstructionCache,2219185813ea235de0d1ece742cd4679,4816e8f820cf5d8fb0b9e18dbaa07c42e2c5a3cfcf70d5c842a33157c677cd8f,c:\Windows\SysWOW64\Windows.ApplicationModel.Store.TestingFramework.dll
90,Windows.ApplicationModel.Store.TestingFramework.dll,231424,2,1108051191,2005-02-10T15:59:51.000Z,imports,api-ms-win-core-processthreads-l1-1-1.dll,IsProcessorFeaturePresent,2219185813ea235de0d1ece742cd4679,4816e8f820cf5d8fb0b9e18dbaa07c42e2c5a3cfcf70d5c842a33157c677cd8f,c:\Windows\SysWOW64\Windows.ApplicationModel.Store.TestingFramework.dll
91,Windows.ApplicationModel.Store.TestingFramework.dll,231424,2,1108051191,2005-02-10T15:59:51.000Z,imports,api-ms-win-core-processthreads-l1-1-1.dll,OpenProcess,2219185813ea235de0d1ece742cd4679,4816e8f820cf5d8fb0b9e18dbaa07c42e2c5a3cfcf70d5c842a33157c677cd8f,c:\Windows\SysWOW64\Windows.ApplicationModel.Store.TestingFramework.dll
92,Windows.ApplicationModel.Store.TestingFramework.dll,231424,2,1108051191,2005-02-10T15:59:51.000Z,imports,api-ms-win-appmodel-unlock-l1-1-0.dll,IsDeveloperModeEnabled,2219185813ea235de0d1ece742cd4679,4816e8f820cf5d8fb0b9e18dbaa07c42e2c5a3cfcf70d5c842a33157c677cd8f,c:\Windows\SysWOW64\Windows.ApplicationModel.Store.TestingFramework.dll
93,Windows.ApplicationModel.Store.TestingFramework.dll,231424,2,1108051191,2005-02-10T15:59:51.000Z,imports,api-ms-win-core-shlwapi-legacy-l1-1-0.dll,PathAppendW,2219185813ea235de0d1ece742cd4679,4816e8f820cf5d8fb0b9e18dbaa07c42e2c5a3cfcf70d5c842a33157c677cd8f,c:\Windows\SysWOW64\Windows.ApplicationModel.Store.TestingFramework.dll
94,Windows.ApplicationModel.Store.TestingFramework.dll,231424,2,1108051191,2005-02-10T15:59:51.000Z,imports,api-ms-win-core-timezone-l1-1-0.dll,FileTimeToSystemTime,2219185813ea235de0d1ece742cd4679,4816e8f820cf5d8fb0b9e18dbaa07c42e2c5a3cfcf70d5c842a33157c677cd8f,c:\Windows\SysWOW64\Windows.ApplicationModel.Store.TestingFramework.dll
95,Windows.ApplicationModel.Store.TestingFramework.dll,231424,2,1108051191,2005-02-10T15:59:51.000Z,imports,api-ms-win-core-timezone-l1-1-0.dll,SystemTimeToFileTime,2219185813ea235de0d1ece742cd4679,4816e8f820cf5d8fb0b9e18dbaa07c42e2c5a3cfcf70d5c842a33157c677cd8f,c:\Windows\SysWOW64\Windows.ApplicationModel.Store.TestingFramework.dll
96,Windows.ApplicationModel.Store.TestingFramework.dll,231424,2,1108051191,2005-02-10T15:59:51.000Z,imports,api-ms-win-core-file-l1-1-0.dll,CompareFileTime,2219185813ea235de0d1ece742cd4679,4816e8f820cf5d8fb0b9e18dbaa07c42e2c5a3cfcf70d5c842a33157c677cd8f,c:\Windows\SysWOW64\Windows.ApplicationModel.Store.TestingFramework.dll
97,Windows.ApplicationModel.Store.TestingFramework.dll,231424,2,1108051191,2005-02-10T15:59:51.000Z,imports,api-ms-win-core-file-l1-1-0.dll,CreateFileW,2219185813ea235de0d1ece742cd4679,4816e8f820cf5d8fb0b9e18dbaa07c42e2c5a3cfcf70d5c842a33157c677cd8f,c:\Windows\SysWOW64\Windows.ApplicationModel.Store.TestingFramework.dll
98,Windows.ApplicationModel.Store.TestingFramework.dll,231424,2,1108051191,2005-02-10T15:59:51.000Z,imports,api-ms-win-core-file-l1-1-0.dll,GetFileSize,2219185813ea235de0d1ece742cd4679,4816e8f820cf5d8fb0b9e18dbaa07c42e2c5a3cfcf70d5c842a33157c677cd8f,c:\Windows\SysWOW64\Windows.ApplicationModel.Store.TestingFramework.dll
99,Windows.ApplicationModel.Store.TestingFramework.dll,231424,2,1108051191,2005-02-10T15:59:51.000Z,imports,api-ms-win-core-file-l1-1-0.dll,ReadFile,2219185813ea235de0d1ece742cd4679,4816e8f820cf5d8fb0b9e18dbaa07c42e2c5a3cfcf70d5c842a33157c677cd8f,c:\Windows\SysWOW64\Windows.ApplicationModel.Store.TestingFramework.dll
100,Windows.ApplicationModel.Store.TestingFramework.dll,231424,2,1108051191,2005-02-10T15:59:51.000Z,imports,api-ms-win-core-file-l1-1-0.dll,WriteFile,2219185813ea235de0d1ece742cd4679,4816e8f820cf5d8fb0b9e18dbaa07c42e2c5a3cfcf70d5c842a33157c677cd8f,c:\Windows\SysWOW64\Windows.ApplicationModel.Store.TestingFramework.dll
101,Windows.ApplicationModel.Store.TestingFramework.dll,231424,2,1108051191,2005-02-10T15:59:51.000Z,imports,api-ms-win-core-localization-l2-1-0.dll,GetCurrencyFormatEx,2219185813ea235de0d1ece742cd4679,4816e8f820cf5d8fb0b9e18dbaa07c42e2c5a3cfcf70d5c842a33157c677cd8f,c:\Windows\SysWOW64\Windows.ApplicationModel.Store.TestingFramework.dll
102,Windows.ApplicationModel.Store.TestingFramework.dll,231424,2,1108051191,2005-02-10T15:59:51.000Z,imports,api-ms-win-core-heap-l2-1-0.dll,LocalAlloc,2219185813ea235de0d1ece742cd4679,4816e8f820cf5d8fb0b9e18dbaa07c42e2c5a3cfcf70d5c842a33157c677cd8f,c:\Windows\SysWOW64\Windows.ApplicationModel.Store.TestingFramework.dll
103,Windows.ApplicationModel.Store.TestingFramework.dll,231424,2,1108051191,2005-02-10T15:59:51.000Z,imports,api-ms-win-core-heap-l2-1-0.dll,LocalFree,2219185813ea235de0d1ece742cd4679,4816e8f820cf5d8fb0b9e18dbaa07c42e2c5a3cfcf70d5c842a33157c677cd8f,c:\Windows\SysWOW64\Windows.ApplicationModel.Store.TestingFramework.dll
104,Windows.ApplicationModel.Store.TestingFramework.dll,231424,2,1108051191,2005-02-10T15:59:51.000Z,imports,api-ms-win-core-heap-l1-1-0.dll,GetProcessHeap,2219185813ea235de0d1ece742cd4679,4816e8f820cf5d8fb0b9e18dbaa07c42e2c5a3cfcf70d5c842a33157c677cd8f,c:\Windows\SysWOW64\Windows.ApplicationModel.Store.TestingFramework.dll
105,Windows.ApplicationModel.Store.TestingFramework.dll,231424,2,1108051191,2005-02-10T15:59:51.000Z,imports,api-ms-win-core-heap-l1-1-0.dll,HeapAlloc,2219185813ea235de0d1ece742cd4679,4816e8f820cf5d8fb0b9e18dbaa07c42e2c5a3cfcf70d5c842a33157c677cd8f,c:\Windows\SysWOW64\Windows.ApplicationModel.Store.TestingFramework.dll
106,Windows.ApplicationModel.Store.TestingFramework.dll,231424,2,1108051191,2005-02-10T15:59:51.000Z,imports,api-ms-win-core-heap-l1-1-0.dll,HeapFree,2219185813ea235de0d1ece742cd4679,4816e8f820cf5d8fb0b9e18dbaa07c42e2c5a3cfcf70d5c842a33157c677cd8f,c:\Windows\SysWOW64\Windows.ApplicationModel.Store.TestingFramework.dll
107,Windows.ApplicationModel.Store.TestingFramework.dll,231424,2,1108051191,2005-02-10T15:59:51.000Z,imports,api-ms-win-core-string-l1-1-0.dll,CompareStringOrdinal,2219185813ea235de0d1ece742cd4679,4816e8f820cf5d8fb0b9e18dbaa07c42e2c5a3cfcf70d5c842a33157c677cd8f,c:\Windows\SysWOW64\Windows.ApplicationModel.Store.TestingFramework.dll
108,Windows.ApplicationModel.Store.TestingFramework.dll,231424,2,1108051191,2005-02-10T15:59:51.000Z,imports,api-ms-win-core-string-l1-1-0.dll,WideCharToMultiByte,2219185813ea235de0d1ece742cd4679,4816e8f820cf5d8fb0b9e18dbaa07c42e2c5a3cfcf70d5c842a33157c677cd8f,c:\Windows\SysWOW64\Windows.ApplicationModel.Store.TestingFramework.dll
109,Windows.ApplicationModel.Store.TestingFramework.dll,231424,2,1108051191,2005-02-10T15:59:51.000Z,imports,api-ms-win-core-localization-l1-2-0.dll,FormatMessageW,2219185813ea235de0d1ece742cd4679,4816e8f820cf5d8fb0b9e18dbaa07c42e2c5a3cfcf70d5c842a33157c677cd8f,c:\Windows\SysWOW64\Windows.ApplicationModel.Store.TestingFramework.dll
110,Windows.ApplicationModel.Store.TestingFramework.dll,231424,2,1108051191,2005-02-10T15:59:51.000Z,imports,api-ms-win-core-localization-l1-2-0.dll,GetLocaleInfoEx,2219185813ea235de0d1ece742cd4679,4816e8f820cf5d8fb0b9e18dbaa07c42e2c5a3cfcf70d5c842a33157c677cd8f,c:\Windows\SysWOW64\Windows.ApplicationModel.Store.TestingFramework.dll
111,Windows.ApplicationModel.Store.TestingFramework.dll,231424,2,1108051191,2005-02-10T15:59:51.000Z,imports,api-ms-win-core-localization-l1-2-0.dll,GetUserDefaultLocaleName,2219185813ea235de0d1ece742cd4679,4816e8f820cf5d8fb0b9e18dbaa07c42e2c5a3cfcf70d5c842a33157c677cd8f,c:\Windows\SysWOW64\Windows.ApplicationModel.Store.TestingFramework.dll
112,Windows.ApplicationModel.Store.TestingFramework.dll,231424,2,1108051191,2005-02-10T15:59:51.000Z,imports,api-ms-win-core-delayload-l1-1-1.dll,ResolveDelayLoadedAPI,2219185813ea235de0d1ece742cd4679,4816e8f820cf5d8fb0b9e18dbaa07c42e2c5a3cfcf70d5c842a33157c677cd8f,c:\Windows\SysWOW64\Windows.ApplicationModel.Store.TestingFramework.dll
113,Windows.ApplicationModel.Store.TestingFramework.dll,231424,2,1108051191,2005-02-10T15:59:51.000Z,imports,api-ms-win-core-delayload-l1-1-0.dll,DelayLoadFailureHook,2219185813ea235de0d1ece742cd4679,4816e8f820cf5d8fb0b9e18dbaa07c42e2c5a3cfcf70d5c842a33157c677cd8f,c:\Windows\SysWOW64\Windows.ApplicationModel.Store.TestingFramework.dll
114,Windows.ApplicationModel.Store.TestingFramework.dll,231424,2,1108051191,2005-02-10T15:59:51.000Z,imports,api-ms-win-core-memory-l1-1-0.dll,VirtualAlloc,2219185813ea235de0d1ece742cd4679,4816e8f820cf5d8fb0b9e18dbaa07c42e2c5a3cfcf70d5c842a33157c677cd8f,c:\Windows\SysWOW64\Windows.ApplicationModel.Store.TestingFramework.dll
115,Windows.ApplicationModel.Store.TestingFramework.dll,231424,2,1108051191,2005-02-10T15:59:51.000Z,imports,api-ms-win-core-memory-l1-1-0.dll,VirtualFree,2219185813ea235de0d1ece742cd4679,4816e8f820cf5d8fb0b9e18dbaa07c42e2c5a3cfcf70d5c842a33157c677cd8f,c:\Windows\SysWOW64\Windows.ApplicationModel.Store.TestingFramework.dll
116,Windows.ApplicationModel.Store.TestingFramework.dll,231424,2,1108051191,2005-02-10T15:59:51.000Z,imports,api-ms-win-core-interlocked-l1-1-0.dll,InterlockedPopEntrySList,2219185813ea235de0d1ece742cd4679,4816e8f820cf5d8fb0b9e18dbaa07c42e2c5a3cfcf70d5c842a33157c677cd8f,c:\Windows\SysWOW64\Windows.ApplicationModel.Store.TestingFramework.dll
117,Windows.ApplicationModel.Store.TestingFramework.dll,231424,2,1108051191,2005-02-10T15:59:51.000Z,imports,api-ms-win-core-interlocked-l1-1-0.dll,InterlockedPushEntrySList,2219185813ea235de0d1ece742cd4679,4816e8f820cf5d8fb0b9e18dbaa07c42e2c5a3cfcf70d5c842a33157c677cd8f,c:\Windows\SysWOW64\Windows.ApplicationModel.Store.TestingFramework.dll
118,Windows.ApplicationModel.Store.TestingFramework.dll,231424,2,1108051191,2005-02-10T15:59:51.000Z,exports,Windows.ApplicationModel.Store.TestingFramework.dll,DllCanUnloadNow,2219185813ea235de0d1ece742cd4679,4816e8f820cf5d8fb0b9e18dbaa07c42e2c5a3cfcf70d5c842a33157c677cd8f,c:\Windows\SysWOW64\Windows.ApplicationModel.Store.TestingFramework.dll
119,Windows.ApplicationModel.Store.TestingFramework.dll,231424,2,1108051191,2005-02-10T15:59:51.000Z,exports,Windows.ApplicationModel.Store.TestingFramework.dll,DllGetActivationFactory,2219185813ea235de0d1ece742cd4679,4816e8f820cf5d8fb0b9e18dbaa07c42e2c5a3cfcf70d5c842a33157c677cd8f,c:\Windows\SysWOW64\Windows.ApplicationModel.Store.TestingFramework.dll
120,Windows.ApplicationModel.Store.TestingFramework.dll,231424,2,1108051191,2005-02-10T15:59:51.000Z,exports,Windows.ApplicationModel.Store.TestingFramework.dll,DllGetClassObject,2219185813ea235de0d1ece742cd4679,4816e8f820cf5d8fb0b9e18dbaa07c42e2c5a3cfcf70d5c842a33157c677cd8f,c:\Windows\SysWOW64\Windows.ApplicationModel.Store.TestingFramework.dll
