,col0,col1,col2,col3,col4,col5,col6,col7,col8,col9,col10
0,2746997,comment,2746197.0,2746764.0,2,0,w1ntermute,,,"Some more questions:<p>Is it difficult to wire money from America to developing countries like Cambodia?<p>For those cases where the people don't speak English, is it particularly difficult to learn the language when you're actually immersed in it on a daily basis?<p>What is the local social scene like? Is there a large expat community? If not, are the natives welcoming?<p>Hopefully it'd be possible to get some action. I don't mean to be crude, but that's sort of a requirement for me (and a lot of guys) to live in any place. It's obviously not an issue anywhere in America, but it certainly can be abroad. I have quite a few high school friends in the military, and those stationed in Japan and Korea have no problem getting local women, but Afghanistan and Iraq are a completely different story.",1310270383
1,2746996,comment,2746864.0,2746864.0,7,0,kingkilr,,,"Interesting, but seems a little primitive compared to the cleverness in <a href=""https://github.com/mitsuhiko/probe"" rel=""nofollow"">https://github.com/mitsuhiko/probe</a>",1310270376
2,2746995,comment,2746360.0,2746595.0,2,0,KevinMS,,,"Maybe SF is different, but I'm talking the Boston/Cambridge area, those are not ""corporate"" companies.  Just an amazing coincidence those companies are mostly in college towns?  I really wish you were right, but I'm not seeing it.",1310270371
3,2746994,comment,2746698.0,2746991.0,11,0,enneff,,,There are good reasons. See the blog post I linked to.,1310270313
4,2746993,comment,2746049.0,2746092.0,4,0,phillco,,,The irony.,1310270266
5,2746992,comment,2746197.0,2746824.0,4,0,w1ntermute,,,"I'm a native-born American, with a degree from an American college. I don't see why my pay should be reduced because of my location when I'm doing the exact same work.",1310270257
6,2746991,comment,2746698.0,2746939.0,2,0,TillE,,,"The trouble is that it borrows a lot from C and then subtly changes it for no discernible reason. This is especially true with variable declaration.<p>Go is the only language I've ever tried for a while and been really put off by the syntax. I can't quite articulate why either. It's not...pretty. I write quite a lot of C++ and Python, so theoretically I should be a pretty good fit for Go. But it doesn't click with me.",1310270242
7,2746990,comment,2746864.0,2746864.0,1,0,a3_nm,,,"I love how it gets confused by Hacker News: <a href=""http://underthesite.com/sites/news.ycombinator.com"" rel=""nofollow"">http://underthesite.com/sites/news.ycombinator.com</a>",1310270221
8,2746989,comment,2745965.0,2746169.0,1,0,mamp,,,"The big hope is that XCode 4.2 reduces the overhead (i.e. suck less) of Objective-C through LLVM & LLDB's improved debugger, more static checking and automatic reference counting.",1310270205
9,2746988,story,,,7,1,jc123,Type system for Javascript,http://cs.brown.edu/~joe/public/types/types.html#start,,1310270201
10,2746987,comment,2745965.0,2746169.0,3,0,mamp,,,"The big hope is that XCode 4.2 reduces the overhead (i.e. suck less) of Objective-C through LLVM & LLDB's improved debugger, more static checking and automatic reference counting.",1310270161
11,2746986,story,,,4,0,streeter,MySQL-ctypes Allows MySQL Connections from PyPy,https://github.com/quora/mysql-ctypes,,1310270138
12,2746985,story,,,1,0,abahdodi,True Blood Season 4 Episode 3,http://abah.roadboys.com/2011/07/watch-true-blood-season-4-episode-3.html,"Watch True Blood Season 4 Episode 3 ""If You Love Me, Why Am I Dyin '?"" that aired on Original channel HBO on July 10, 2011 are still told about Sookie. True Blood Season 4 consists of 12 episodes of the adaptation of the novel of The Southern Vampire Mysteries series, Dead to the World.",1310270125
13,2746984,comment,2746197.0,2746876.0,7,0,tokenadult,,,"64000000/1300000000 = 4.9 percent is only a correct estimate of the vacancy rate if you assume that each apartment is to be occupied by only one person, which is surely an untrue assumption about China and any other country I have ever lived in. And see elsewhere in this thread<p><a href=""http://news.ycombinator.com/item?id=2746312"" rel=""nofollow"">http://news.ycombinator.com/item?id=2746312</a><p>a more nuanced comment posted hours earlier.",1310270106
14,2746983,comment,2746864.0,2746864.0,3,0,JoshTriplett,,,"I <i>love</i> this.  I particularly like the broad definition of ""technologies"", and the variety of ways to write matchers.<p>More importantly, I like that users can easily add their own technologies and matchers.",1310270060
15,2746982,story,,,6,0,sammville,How Apple Led The High-Stakes Patent Poker Win Against Google,http://techcrunch.com/2011/07/09/vesper/,,1310269922
16,2746981,comment,2746360.0,2746700.0,3,0,tokenadult,,,"Thanks for the link to Wikipedia, which I help edit, but you have to know that all the Wikipedia articles related to human intelligence are suspect summaries often based on suspect sources, as they have been the focus of a long-standing dispute with much edit-warring<p><a href=""http://en.wikipedia.org/wiki/Wikipedia:Arbitration/Requests/Case/Race_and_intelligence"" rel=""nofollow"">http://en.wikipedia.org/wiki/Wikipedia:Arbitration/Requests/...</a><p>that is still going on. The statement that the world population's IQ is expected to decline is directly contradicted by the Flynn Effect,<p><a href=""http://www.indiana.edu/~intell/flynneffect.shtml"" rel=""nofollow"">http://www.indiana.edu/~intell/flynneffect.shtml</a><p><a href=""http://www.scientificamerican.com/article.cfm?id=flynns-effect"" rel=""nofollow"">http://www.scientificamerican.com/article.cfm?id=flynns-effe...</a><p><a href=""http://www.psychometrics.ppsis.cam.ac.uk/news.13.htm"" rel=""nofollow"">http://www.psychometrics.ppsis.cam.ac.uk/news.13.htm</a><p><a href=""http://www.theamericanscholar.org/nurtural-intelligence/"" rel=""nofollow"">http://www.theamericanscholar.org/nurtural-intelligence/</a><p><a href=""http://www.amazon.com/What-Intelligence-Beyond-Flynn-Effect/dp/0521880076"" rel=""nofollow"">http://www.amazon.com/What-Intelligence-Beyond-Flynn-Effect/...</a><p>the observed steady rise in IQ scores across a large variety of countries over the last century.",1310269733
17,2746980,comment,2746864.0,2746864.0,3,0,bstar,,,So yahoo.com is using jQuery now?  There's like 10 references to YUI and zero for jQuery in the source... interesting algorithm.,1310269731
18,2746979,comment,2746864.0,2746926.0,3,0,arkitaip,,,"I just understood the concept of  tech matcher, which could be an incredibly powerful concept. I think you should highlight this more.",1310269715
19,2746978,comment,2746197.0,2746297.0,2,0,signa11,,,">> There are no property taxes in most of China, so people with money park it in real estate.\n>Exactly the case in India. Most people there park money in real estate.<p>not true. there most definitely <i>are</i> property taxes in india. the reason why folks park money in real-estate is that it seems to an appreciating asset not being subjected to harsh vagaries of the volatile stock market...",1310269709
20,2746977,comment,2746360.0,2746695.0,6,0,nbashaw,,,"Running outside is the same, at the end of the day you return to the same place you started. The point isn't to get somewhere fast, it's just to run. We do it because we want to be healthy and athletic people. In the same way, you join debate not to get at the truth, but to increase your mental abilities.",1310269672
21,2746976,comment,2745610.0,2746333.0,1,0,ivan_ah,,,"I would be interested to hear more about the web analytic.<p>Also, I am wondering if anyone has tried the ""fliers on campus"" or ""ads on message board"" advertisement campaign\nfor a e-learning or tutoring-related website. I would like to know how to know what kind of visitors one can expect from the idea mentioned earlier by jdietrich.",1310269647
22,2746975,comment,2745694.0,2746076.0,1,0,DrJ,,,Don't forget that campaign candies and some people are looking for certain prints on their candy (e.g. Evagelion prints on candies).<p>A lot of footwork to cover here..<p>I recall yahoo.co.jp having webpages dedicated to some of this stuff.,1310269627
23,2746974,comment,2745639.0,2746823.0,2,0,EwanG,,,"Yes, which I believe is why I mentioned that in my original question :-)",1310269518
24,2746973,comment,2746481.0,2746768.0,2,0,zaidf,,,"Yup, plus don't forget that the risk posed by having bad engineers isn't nearly the same as bad doctors. So to the extent that the control on doctors results in fewer bad ones, I am ok with it.<p>With  engineers you can have one making 50K and another pulling 200K as you mentioned...despite similar degrees. I feel there is less variance in doctor pay at least partially because there is less variance in doctor quality.<p>Disclosure: father/brother docs:)",1310269513
25,2746972,comment,2745694.0,2746086.0,1,0,DrJ,,,"I wait to read the actual breakdown on costs shipping, because that's where the interesting parts happen.<p>Don't let it show you are making too much money or your market will get crowded!",1310269468
26,2746971,comment,2746812.0,2746877.0,3,0,schacon,,,"> * Create new blobs for the added/updated files.\n> \n> * Create updated tree objects. This can get tedious. If you update a file in /a/b/c, there's at least 3 new tree objects that you'll need to update.<p>You can do it this way, but the tree API will also take deep paths and recursively write all the subtrees for you and just return the new highest level tree SHA.  You also technically don't need to write the blobs first to get the shas, the tree API can optionally take a tree.content field instead of the tree.sha field if you want it to write the blob and update the tree automatically for you.<p>As for examples, I'll do a blog post soon with some examples and we'll probably add a slightly higher level API more like what Gist has.  For now learning the fairly straightforward object model and writing some client level abstraction shouldn't be too difficult.",1310269390
27,2746970,comment,2745687.0,2745926.0,1,0,ntownsend,,,"Alton Brown is the reason I started caring about food preparation. Good Eats is unlike most food shows in that its primary motivation is teaching the audience about food and the hows and whys of its preparation. I find that most food shows are about demonstrating individual, usually either uninteresting or impractical, recipes, or stroking the ego of the presenter. Throwdown With Bobby Flay, I'm looking at you.",1310269312
28,2746969,comment,2746360.0,2746401.0,5,0,alsocasey,,,"This whole argument could have been summed up to some high school debate club member expecting to find someone with qualifications re: the feasibility of space colonization... which, frankly, deserves derision.<p>What is he really looking for here? A PhD in astronomy? Someone with those credentials is more likely to have studied patterns electromagnetic spectra than the logistics of travelling to and colonizing another world...<p>What he's really asking is, has this person spent a meaningful amount of time reflecting on this issue (if his works discuss it, one would imagine he would have) and engaged in peer-reviewed exchange of ideas (in the Journal of Space Exploration?) - SciFi author is a better set of credentials than any other formal qualification I can think of.",1310269167
29,2746968,comment,2742050.0,2746222.0,1,0,Retric,,,"First off the Median income adjusted for inflation has just about doubled since 1950 so while it has become more affordable relative to income relative to wheat there is little real change.  The only quote on cost I had was for 1960 but ""A round trip ticket between Cleveland and Washington D.C. was about $75. That's over $400 in today's dollars!""  And guess what you plenty of airlines are selling tickets 400$ or more.  There are some low cost carriers that cost far less, but it's more a question of lost service and hidden fees than improved technology.  (You can easily be flying in a 30+ year old aircraft with some minor upgrades.)<p>As to reducing the cost to orbit. The shuttle could transport 50 people into orbit with some minor retrofitting in the cargo area.  However, there is little reason to have done so because there is vary little demand to send people into orbit.  When you get down to it much of the cost of the shuttle program is trying to maximize the utility of old hardware while minimizing risks.  If you want cheap you need to set minor R&D improvements aside and focus on volume but there is just not enough demand to really reduce costs.",1310269119
30,2746967,comment,2746708.0,2746708.0,2,0,ceejayoz,,,I'd imagine this is unanswerable. Many components likely are used in more than one Google project.,1310269116
31,2746966,comment,2745687.0,2745915.0,2,0,jpp,,,"I'd definitely agree, especially if you're going to be doing much baking. Cooking and baking are all about physics and chemistry, and like any science, good measurements are crucial. (Baking's error tolerances are tighter, so that's why scales are especially useful there.)",1310269081
32,2746965,comment,2746360.0,2746897.0,2,0,ddemchuk,,,"sure, I admit the emailer went on to judge, but his initial email was:<p>> Hello, I'm citing your work for a debate article I'm using\n> about space colonization and how it is improbable. I do\n> need credentials however, and I've yet to find them online.\n> If you could reply with your credentials that'd be great.<p>No harm in that email, very simple.<p>But then the blogger went on to whip out his e-peen and tell the kid to go to his wikipedia rather than just write ""I'm a self taught novelist who thoroughly researches his topics he writes about but doesn't have credentials in the traditional sense"".<p>EDIT: I apparently have no idea how to do quotes on HN despite my valiant attempt to do so. I apologize.",1310269071
33,2746964,comment,2746847.0,2746847.0,1,0,jorde,,,"I really like the idea of selling startup tees. After some googling I think the url is this one: <a href=""https://www.wepay.com/shop/view/263990"" rel=""nofollow"">https://www.wepay.com/shop/view/263990</a><p>I actually ended up buying a Dropbox tee but I failed with WePay: No way to choose the size and I only supplied billing address which is completely different from my shipping address (nope, no form for shipping). The page also lacks contact information so if anyone happens to know the contact email please reply to this post.",1310269058
34,2746963,comment,2746908.0,2746908.0,4,0,ceejayoz,,,"> I keep telling him that where the server is located, the first amendment applies (free speech) and that he can't censor text, but he doesn't want to listen.<p>The First Amendment states ""Congress shall make no law...""<p>Is the US Congress (or even any part of the US government) your web host? If not, why would you expect the First Amendment to apply?",1310269023
35,2746962,comment,2746481.0,2746819.0,10,0,zaidf,,,Not a huge fan of an MBA. But I don't think your ability to run your own business is necessarily a strong indicator of your ability to be a VP at a Fortune500.,1310269013
36,2746961,comment,2742596.0,2742705.0,1,0,pbhjpbhj,,,"><i>Educators that have low expectations for certain students will not challenge them and hold them accountable for their work and studies. The student will pick up on this fact. It's a self-fulfilling prophesy.</i><p>// There's research I've read about here showing that having high expectation worsened exam results. That is if a person was shown that they were good then they performed worse on a subsequent test. If the subject was told that they had tried hard and achieved (in proportion to their effort? can't recall exactly) then they tried hard again.<p>This appears to contradict the info given here (though it's not a diametric opposition) and contradicts your statement that it's a self-fulfilling prophecy.<p>I'm up far too early (no sleep yet, 2 hours til children are up) but if no one digs it out I'll look for the research. It's had an effect on how I attempt to encourage my kids and on my perception of ""praise"" too.",1310268985
37,2746960,comment,2745687.0,2746364.0,2,0,jpp,,,Michael is an awesome guy -- I'll poke him and see if he wants to hop on here and answer any Qs.,1310268953
38,2746959,comment,2746864.0,2746881.0,2,0,rmason,,,"I had the same experience with several sites that I own.  No asp on the server, some others report just apache or IIS and completely miss ColdFusion.<p>Even Adobe.com, a ColdFusion site, doesn't list it.",1310268945
39,2746957,comment,2746855.0,2746855.0,2,0,dstein,,,"I have worked in the US under a TN work permit, and had to jump through many hoops and use loopholes to get around my lack of a formal university degree.  As I understand those loopholes have since been closed and it is even harder now.<p>In my experience no, you cannot get a US visa without a degree.  Get a degree if you want get in as an H1B.",1310268794
40,2746956,comment,2745757.0,2746849.0,1,0,icey,,,What makes this stack superior to the other suggested libraries?,1310268783
41,2746955,story,,,1,0,cscottb,My Brother Chance,http://clayscottbrown.biz/kindle/2011/07/09/my-brother-chance/,,1310268742
42,2746954,comment,2745687.0,2745951.0,1,0,jpp,,,Thanks! Let me know if you have any questions.<p>(I'm the author...),1310268646
43,2746952,comment,2746864.0,2746864.0,5,0,christangrant,,,"fyi, If you click on the kid on the bottom right corner of <a href=""http://underthesite.com/"" rel=""nofollow"">http://underthesite.com/</a> he blinks.",1310268584
44,2746951,comment,2745067.0,2745281.0,1,0,cagey,,,"I've used PasswordSafe for about 7 years.  From the beginning, the data file was stored in a VCS (first CVS, now SVN).  Though my data file has never been (become?) corrupted, I have in SVN historical copies of all versions of the file that I've checked in (which is 95% of them).  Also, since I use SVN to replicate this file (and many others) to PC's in different locations, I have fairly current backup should any PC become available.  The only possible problem I can see is if I make changes on 2+ PC's w/o updating first (the binary data file is of course unmerge'able).  This forces the habit of frequent updates and checkins; these are good habits IAC.",1310268564
45,2746950,comment,2746360.0,2746462.0,3,0,zeteo,,,"After reading the article referenced, the author does sound kind of trollish. E.g.<p>> in the hypothetical case of a planet-trashing catastrophe, we (who currently inhabit the surface of the Earth) are dead anyway. The future extinction of the human species cannot affect you if you are already dead: strictly speaking, it should be of no personal concern.",1310268460
46,2746949,story,,,1,0,g123g,Ask HN: Suggestion for conferences for an architect to attend.,,"Interested in cloud computing, python, mobile, software architecture and agile practices.I am looking a conference for minimum 3 days duration anywhere in the world. I am currently looking at ordev in Malmo, Sweden and QCon in San Francisco. Are there any other good conferences that I should also look at?",1310268401
47,2746948,comment,2745597.0,2746900.0,1,0,saurik,,,"That paragraph kind of thrashes around trying to find a point, and then certainly doesn't lead to the ""In conclusion..."" paragraph, which simply looks to be a non-sequitor. :(<p>This is the blog post of a company (a fairly large one, actually, that has in thr last 7 years it is operating become the default marketplace for some entire carriers) that is trying to use a confusing twist of logic to avoid talking about the actual trademark dispute, and instead focus on one of Apple's weak PR points.<p>They may as well be making an argument through ""social justice"" to ""sustainability"" in order to invoke the ""Apple ships their products using ecologically unfriendly packaging"" card: it would sound about the same. They should stick to the issue at hand, and try to win on the merit of their points.",1310268368
48,2746947,story,,,1,0,igriot,NASA launches final space shuttle,http://dock-of-bay.blogspot.com/2011/07/space-shuttle-commander-chris-ferguson.html,,1310268260
49,2746946,comment,2746864.0,2746864.0,1,0,namank,,,"Cool!<p>Though cannot reach this site: <a href=""http://www.olin.wustl.edu/pages/default.aspx"" rel=""nofollow"">http://www.olin.wustl.edu/pages/default.aspx</a>  ...why",1310268252
50,2746945,comment,2746864.0,2746864.0,2,0,shuri,,,my 2c. Nice design (graphics). I would make the first page seem less busy. BuiltWith is going to be a tough competitor. You need to match them (precision/recall) and add stuff that they don't have (trending techs? Add info: who is the host provider? where in the world is it hosted? Response times? Bad link stats?...?),1310268200
51,2746944,comment,2746864.0,2746864.0,3,0,araneae,,,"Nice tool! Usually when I see a site I like I view source to see what it's made in, but it's not always that obvious.",1310268194
52,2746943,comment,2746360.0,2746735.0,-3,0,enneff,,,"A bunch of excuses but no really good reasons. Besides, my question was a rhetorical response to a metaphorical device.",1310268169
53,2746942,comment,2746681.0,2746681.0,8,0,jrockway,,,"What I don't understand about fanbois is how most of them have no skin in the game.  It's OK to argue passionately about the merits of iOS if you designed and implemented it.  It's a little weird when all you've done is paid $599 for a phone that uses it.<p>Define yourself by what you do, not what you've bought.",1310268164
54,2746941,story,,,2,2,g123g,Ask HN: Alternatives to skype?,,I am increasingly getting frustrated with skype for multiple reasons. The major one is sound quality for audio chats which is getting increasingly bad for me. The other is the constant outages and crashes of the skype client.<p>Are there any decent alternatives to skype which can work on Windows for a small team which is located in different countries?,1310268148
55,2746940,comment,2746906.0,2746906.0,1,0,AppSec,,,"Really nice job.<p>I only played the easy level, but I liked the controls.",1310268089
56,2746939,comment,2746698.0,2746930.0,12,0,enneff,,,"I'm amazed by this particular criticism of Go. Compared to many modern languages (Erlang or Ruby, for example), Go's syntax is barely different to Java or C. But I think it's better than either of those (It's certainly more regular).<p>Try it for two days and you'll change your mind.<p>Also, see: <a href=""http://blog.golang.org/2010/07/gos-declaration-syntax.html"" rel=""nofollow"">http://blog.golang.org/2010/07/gos-declaration-syntax.html</a>",1310267993
57,2746938,comment,2746698.0,2746890.0,13,0,enneff,,,"If you modify your for loop to range over ch, you can make the sending side close(ch) when an error occurs, and then the loop will end and the receiver can shut itself down.<p><a href=""http://pastebin.com/FMSLvFCn"" rel=""nofollow"">http://pastebin.com/FMSLvFCn</a>",1310267957
58,2746937,comment,2746698.0,2746930.0,7,0,cloudhead,,,"It's the mix of old-school brace syntax, with the omitted parens which makes it look off to me.",1310267848
59,2746936,comment,2745773.0,2746678.0,1,0,dennisgorelik,,,So what did go wrong?<p>Just web site uptime or something else?,1310267753
60,2746935,story,,,1,0,unixroot,Android Botnet : Command and Control Channel over SMS,http://www.thehackernews.com/2011/07/android-botnet-command-and-control.html,,1310267635
61,2746934,comment,2746449.0,2746449.0,13,0,cdcarter,,,"This is a really fantastic way of providing examples.  It's very well written and everything just works, and it's very simple and easy to understand.  I wish the Processing.js docs looked like this.",1310267625
62,2746933,story,,,1,0,unixroot,"XSS-Harvest: Harvesting Cross Site Scripting, Clicks, Keystrokes and Cookies",http://www.thehackernews.com/2011/07/xss-harvest-harvesting-cross-site.html,,1310267573
63,2746932,comment,2746360.0,2746700.0,2,0,tomp,,,"> the average IQ of the young world population would decline<p>I don't thinnk IQ is the right measure for that... IQ is defined in terms of the average intelligence (really, it's the median, but unless the distribution is strongly skewed, it's almost the same).",1310267516
64,2746931,comment,2746433.0,2746433.0,6,0,radley,,,"Small tip: when you're 5-60 minutes away from San Francisco and still recommend stuff like outsourcing design or using 99designs, you might not actually attract ""great"" designers.",1310267507
65,2746930,comment,2746698.0,2746698.0,3,0,breckinloggins,,,"I still think the major stumbling block for Go is the syntax.  I can't put my finger on it, but from the first time I saw it I thought it looked wrong.<p>Can anyone who shares my opinion chime in on what things they think cause the syntax to suffer aesthetically?",1310267467
66,2746929,comment,2746908.0,2746908.0,4,0,benologist,,,"You should leave them, chances are their margins are so slim they'll tell you to piss off anyway because it's not worth having to keep tabs on you especially if someone's complaining.<p>And check out www.nearlyfreespeech.net.",1310267449
67,2746928,comment,2746499.0,2746499.0,1,0,balbaugh,,,balbaugh@gmail<p>Please and thank you.,1310267422
68,2746927,comment,2746481.0,2746706.0,3,0,itg,,,Doubt half of them could pass the classes.,1310267420
69,2746926,comment,2746864.0,2746919.0,2,0,tectonic,,,"Please add a matcher for ColdFusion - I don't know it, but this is a wiki, so anyone can add it.",1310267367
70,2746925,comment,2746360.0,2746800.0,4,0,tomp,,,"> Well, that's all a lot of nonsense.<p>I really love it when people start arguments this way. You take the right to refute just about all the things that s/he claimed, but in reality only address at most one.<p>> One of the more hilarious traits that most programmers seem to share is their belief that they can logically deduce what's true and what's not in fields in which they don't even know the basics.<p>I think you're jumping to conclusions too early. How did you assess that it's most programmers that share this trait?<p>Remember, this is Hacker News. Really, there's a plant called Living Stone, and it obviously isn't a stone, but in my experiences, the conversation and ideas presented and discussed here are way different from most other conversations, so I tend to conclude that there are many people contributing to HN that are in an essential way very similar to me, if not ideologically, they certainly are on levels of intellect and curiosity. So I'd say that it's far away from the general programmer. Many, if not most of the programmers (I can't really say, because my sample has been to small and biased to confirm general conclusions, which I intuitively feel are true) are just that - programmers. It's their day job, one they perform, rather mechanically. While programming is certainly a skill unlike any other, and thus learning programming gives you some new, unique knowledge, it doesn't necessarily make you a great, independent, provoking, curious thinker.<p>Also, I am guessing that the reason that HN seems to be dominated by programmers is simply that internet/forums are the medium of choice for many programmers (familiarity&convenience). I'm positive that there are many other groups of equally inspiring people from completely different professions, having similar conversations.<p>> Given that every major field of study that I'm aware of has aspects which are hotly debated by that field's experts.<p>From what I see, hot debates = flamewars are more popular in the general population, particularly in politics, than in academic/expert circles. Flamewars occur when debates are ego-, not truth-based. When people want to win, not to find the truth (or achieve any other, external/impersonal given objective). Again, can't speak for all fields of knowledge, but (1) in mathematics, from what I've experienced, people are mostly interested in research. Ideas are usually merited by how powerful/broad they are, and by how simple and elegant/beautiful they are. Sometimes, one particular idea wins over the others (e.g. measure theory as the basis of probability), othertimes, multiple ideas are found useful (e.g. Riemann/Darboux integral, or It/Stratonovich stochastic integral). (2) In physics, ideas are merited based on how well they can predict experimental results, and the only debates happening are where there simply isn't no correct/experimentally confirmed theory yet. Furthermore, everyone acknowledges that any and all theories are necessarily incomplete, and improvements are possible, even expected (e.g. Newton -> Einstein). I'm less familiar with soft sciences, but from what I've seen, in e.g. (3) psychology, many different ideas and explanations coexist, because they each have certain predictive/explanative potential.<p>People in the general public, on the other hand, usually just hear bits and pieces from one field of knowledge, and then assume that they know everything, or that that single idea is necessarily the best. An expert, on the other hand, has a broader overview of the field and can see that even conflicting ideas can complement each other and be useful when considered together.<p>> So, if you know nothing -- or little -- about the practical and theoretical complications and possibilities of space travel<p>I know almost nothing about space travel, but still I believe that there are huge complications and it's improbably in the near future. I can make such conclusions from simple everyday facts (if we haven't accomplished it yet, it probably means that it's hard or very expensive), observations (meteors -> there are rocks flying in space that burn in the Earth's atmosphere -> spaceships have no atmosphere -> ships might be endangered by space rocks) and basic knowledge (Newton's laws => besides accelerating to acceptable speeds, ships must be able to decelerate as well - not that this is a huge problem per se, but it makes space travel a bit more complicated, and it's a fact most people don't consider). That being said, I am perfectly willing to admit, I hope to actually, that I'm wrong, either by experts or by the technological advancement. However, I would never ever ever trust an expert, no matter what his formal and anecdotal qualifications are, if s/he weren't able to convincingly (=with logically sound arguments) address the above considerations.<p>> Asking someone about their expertise doesn't mean I'm not thinking<p>Beforehand, it makes sense to ask an expert - they are, we usually assume, trusted by a lot of people, which is an implicit signal that we can trust them as well. However, afterwards, it is an intellectual imperative to consider and reconsider her/his arguments based on logical merit, not on credentials. I.e., an expert could still lie. Asking an expert is useful for expanding knowledge, not informing an opinion. But then, it really makes no sense to hold prejudice against knowledge you can get from other people, simply because they aren't formally experts.",1310267324
71,2746924,comment,2746481.0,2746694.0,2,0,VladRussian,,,and who are sitting on these boards of directors?,1310267298
72,2746923,comment,2746864.0,2746882.0,2,0,Joakal,,,"Even same idea as <a href=""http://netcraft.com"" rel=""nofollow"">http://netcraft.com</a>",1310267288
73,2746922,comment,2706214.0,2706384.0,1,0,SashaO,,,"I found a workaround to bypass this error message: open anybody's profile and ""switch accounts"" from there. Details at <a href=""http://codebistro.com/2011/07/09/google-oops-you-need-google-profile-workaround/"" rel=""nofollow"">http://codebistro.com/2011/07/09/google-oops-you-need-google...</a>",1310267287
74,2746921,comment,2746864.0,2746913.0,1,0,tectonic,,,There is a bookmarklet.  Browser extensions are forthcoming.,1310267283
75,2746920,story,,,1,0,pgalih,Watch Harry Potter Online,http://watch-harry-potter-online-megavideo.blogspot.com/2011/07/watch-harry-potter-online.html,Watch Harry Potter Online\nHarry Potter and the Deathly Hallows Part 1 has a problem a problem that the most ardent fans of Harry Potter to do this or even notice Screenwriter Steve Kloves will almost certainly get away with it,1310267276
76,2746919,comment,2746864.0,2746881.0,1,0,arkitaip,,,I tried ColdFusion powered metafilter and it reported nothing.,1310267267
77,2746918,comment,2746864.0,2746864.0,19,0,tectonic,,,"Hey guys, I made this site and just gave a talk about it at SHDH.  Someone must have submitted it.  Thanks for all your feedback, I really appreciate it!",1310267259
78,2746916,comment,2746481.0,2746481.0,18,0,uvdiv,,,"Logically, they should fire the engineers and let lobbyists run the show. GM is in the business of government rent collecting, not cars.",1310267193
79,2746915,story,,,11,0,razin,Thinking Away the Pain,http://online.wsj.com/article/SB10001424052702304760604576428151831584880.html,,1310267188
80,2746914,comment,2746864.0,2746864.0,1,0,Nican,,,I would like to see the list of websites using IIS.,1310267178
81,2746913,comment,2746864.0,2746864.0,0,0,ashwinurao,,,A Chrome/FF extension would be much more useful.,1310267174
82,2746912,comment,2746360.0,2746766.0,9,0,btilly,,,"Overconfidence in your ability to judge whether by others are right just by listening to their arguments has lead a lot of very smart people into a lot of very weird, and sadly wrong, beliefs.  Particularly since anyone who has a weird belief quickly learns facts that most people don't know, and quickly learns seemingly sound arguments that are mostly (but not entirely!) true.<p>I suggest picking up a copy of <i>Why People Believe Weird Things.</i>  It may be eye-opening for you.",1310267162
83,2746911,comment,2746864.0,2746882.0,3,0,tectonic,,,"Similar, but anyone can submit a new technology.  It's a wiki of technology matchers.",1310267162
84,2746910,story,,,5,0,naelshawwa,Scripting vs. Coding vs. Programming,http://www.naelshawwa.com/scripting-coding-programming/,,1310267162
85,2746909,comment,2746864.0,2746872.0,1,0,tectonic,,,"You're right - This was a community-submitted matcher.  I just reported the matcher as inaccurate:\n<a href=""http://underthesite.com/technologies/YUI-Library/matchers/124?site=zetabee.com"" rel=""nofollow"">http://underthesite.com/technologies/YUI-Library/matchers/12...</a>",1310267137
86,2746908,story,,,2,3,ltamake,Ask HN: Can I get some advice on how I should handle this hosting situation?,,"Okay, so I host an imageboard in America. My host made us clear out our image folder because someone spammed child porn in an attempt to get us shut down. I understood that he needed to protect his host, but now he wants us to censor topics and clear our topic database because someone sent a report in. I keep telling him that where the server is located, the first amendment applies (free speech) and that he can't censor text, but he doesn't want to listen. Does anyone have any legal advice on what I should do here? I know this may seem like a strange request, but I haven't gotten any sleep and I can't risk losing any more data.<p>The only reason I'm still hosting with this guy is because he tolerates the ""chan"" culture and I don't want to go around searching for a host only to find out that it was a waste of time.<p>Thanks in advance. I really do appreciate it.",1310267088
87,2746907,comment,2745887.0,2745887.0,7,0,enneff,,,"I'm interested to see they approach they'll take with Go's interfaces. When Go was first being developed we considered targeting the JVM directly, but there seemed to be no efficient way of implementing Go-style interfaces, or ""structural typing"" (I think Scala uses runtime reflection to achieve this, which is slow).<p>Here's an interesting article on shoe-horning structural typing into the JVM: <a href=""http://www.draconianoverlord.com/2010/01/17/caller-side-structural-typing.html"" rel=""nofollow"">http://www.draconianoverlord.com/2010/01/17/caller-side-stru...</a>",1310267081
88,2746906,story,,,11,7,DanielRibeiro,Soduko in HTML5,http://www.sudokubum.com/,,1310267053
89,2746905,story,,,12,0,akkartik,MonkeyMake.it looks to tackle crowd-sourced publishing,http://www.convogroup.com/2011/07/08/monkeymake-it-looks-to-tackle-crowd-sourced-publishing,,1310267023
90,2746904,story,,,1,0,dendory,Mysterious Hoatzin interview about Hobo Lobo,http://tideart.com/?id=4e191451,,1310267007
91,2746903,comment,2746481.0,2746481.0,4,0,VladRussian,,,"from his wikipage it seems that he isn't an engineer, he is a professional manager and salesman. If he were following his own advice, he wouldn't had been running the show himself in the first place. Of course, as a result nobody would care today what some old man going by the name of Bob Lutz is thinking.",1310267000
92,2746902,story,,,1,0,ra_one,Best tool for learning English online,http://www.triple9.co.vu/2011/07/best-tool-for-learning-english-online.html,,1310266999
