,col0,col1,col2,col3,col4,col5,col6,col7,col8,col9,col10
0,8750947,story,,,4,1,lorenzfx,CIA tortured German it mistook for a terrorist,http://www.thelocal.de/20141210/cia-tortured-german-mistaken-for-terrorist,,1418626773
1,8750946,comment,8749942.0,8750054.0,0,0,gianlucaguarini,,,thanks without you this project would neither exist. At moment I didn&#x27;t find any issue with 6to5 but if I&#x27;ll do of course I will let you know. Btw feel free to do the same on my project.,1418626634
2,8750945,comment,8748467.0,8750747.0,0,0,girvo,,,"I had something much larger typed up, but I&#x27;ll be honest, it&#x27;s been a number of years since I studied and my chemistry is a bit rusty. From what I seem to remember, I would&#x27;ve thought the apomorphine rearrangement would be more likely to prevail in the conditions given from a RP/I2 reaction, but I&#x27;m possibly completely off-base now (see above: rusty!).<p>I&#x27;d be super curious to see whether anyone has properly analysed what comes out of that reaction, and what those addicts are putting into their veins (aside from horrendous toxic byproducts). The reaction method makes some sense, but reactions with opiates are typically finicky, so I&#x27;ve always been skeptical of these reports. I&#x27;d expect desomorphine to be present, yes, but in trace amounts at best (along with morphine and other byproducts)!",1418626588
3,8750944,comment,8747143.0,8747302.0,0,0,e12e,,,> Note it presently has no support for loops whatsoever.<p>Could you comment on why? Is it perhaps necessary to save/restore ECX [edit: I meant RCX for 64bit] between procedure/function <i>call</i>s/<i>ret</i>s?,1418626558
4,8750943,comment,8750876.0,8750876.0,0,0,winterbe,,,"Do you remember the Matrix movie from 1999? The GitHub Matrix shows a constant stream of latest commits from GitHub in a Matrix-style animation. Click on the drops to open the corresponding revision on GitHub.<p>The source code is published under MIT license on GitHub: <a href=""https://github.com/winterbe/github-matrix"" rel=""nofollow"">https://github.com/winterbe/github-matrix</a><p>Please retweet this if you like: :) <a href=""https://twitter.com/benontherun/status/544372319867899906"" rel=""nofollow"">https://twitter.com/benontherun/status/544372319867899906</a>",1418626554
5,8750942,comment,8749164.0,8750675.0,0,0,panic,,,"<i>over-analysis of language is needed when language becomes arbitrary</i><p>I&#x27;m not sure I understand why over-analysis is needed.  The &quot;cloud&quot; concept isn&#x27;t entirely arbitrary.  Most clouds (unless they&#x27;re in a photograph or painting or being described abstractly using language) arise from the same physical processes and behave similarly (raining, darkening the sky and so on).  This is how &quot;cloud&quot; gets its meaning in everyday language: there really is a shared phenomenon there.<p>The error happens when we try to understand the individual physical processes underlying a particular phenomenon as part of a single object.  Even though the concept of separate objects is useful in everyday life, it no longer has meaning when you start trying to decide which cloud a given raindrop belongs to.  Why not just abandon the now-useless concept of cloud and start talking about the raindrops as individual entities with their own behavior?  Of course, we could look closely at the raindrops and see they are made of molecules: really the concept of &quot;raindrop&quot; is just another useful but ultimately imprecise bit of language.  And so on...",1418626536
6,8750941,comment,8750127.0,8750684.0,0,0,tprice7,,,"I disagree with clumping atonal together with microtonal, they are two completely different things.<p>Regarding Wyschnegradsky, maybe his music is a gentle introduction into atonal music, I don&#x27;t know. Compared to other microtonal music though, I find it quite dissonant. Some alternatives I would suggest:<p>Wendy Carlos&#x27; album &quot;Beaty in the Beast&quot;,\nEasley Blackwood&#x27;s etudes, such as this: <a href=""https://www.youtube.com/watch?v=odTIoRzbDhA"" rel=""nofollow"">https://www.youtube.com/watch?v=odTIoRzbDhA</a> , Sevish&#x27;s music: <a href=""https://soundcloud.com/sevish"" rel=""nofollow"">https://soundcloud.com/sevish</a> ,Cryptic Ruse&#x27;s music: <a href=""https://soundcloud.com/crypticruse"" rel=""nofollow"">https://soundcloud.com/crypticruse</a>, X.J. Scott&#x27;s music: <a href=""http://www.soundclick.com/bands/default.cfm?bandID=141776"" rel=""nofollow"">http://www.soundclick.com/bands/default.cfm?bandID=141776</a> ,Prent Rodgers&#x27; music: <a href=""https://soundcloud.com/prent-rodgers"" rel=""nofollow"">https://soundcloud.com/prent-rodgers</a> ,Dante Rosati&#x27;s music: <a href=""https://soundcloud.com/dante-rosati"" rel=""nofollow"">https://soundcloud.com/dante-rosati</a> ,Syzygy&#x27;s music: <a href=""https://www.youtube.com/watch?v=j3FZkQTn51o"" rel=""nofollow"">https://www.youtube.com/watch?v=j3FZkQTn51o</a><p>And I could go on.",1418626533
7,8750940,comment,8750537.0,8750937.0,0,0,film42,,,"True, but you can increase that reliability with encrypted sqlite. Gonna have to pay for it, though.",1418626491
8,8750939,comment,8747053.0,8747053.0,0,0,DaveSapien,,,"Yes, write a book. It would sell like hot cakes to us.  You&#x27;ve inspired the shit out of me today!!",1418626461
9,8750938,story,,,2,0,mcalmels,"Promises in AngularJS, Explained as a Cartoon",http://www.linkplugapp.com/a/1148013?utm_content=buffera561f&utm_medium=social&utm_source=linkedin.com&utm_campaign=buffer,,1418626460
10,8750937,comment,8750537.0,8750789.0,0,0,sspiff,,,Not a very good starting point to consider phone app storage a reliable secure black box...,1418626395
11,8750936,comment,8749942.0,8750304.0,0,0,gianlucaguarini,,,I didn&#x27;t know Esperanto.I will test it an if it produces a better output I&#x27;d be happy to replace requirejs + amdclean with it,1418626328
12,8750935,comment,8749605.0,8750905.0,0,0,lotharbot,,,"> <i>&quot;The Soviets also had a design that supposedly incorporated stolen Concorde blueprints&quot;</i><p>From what I understand, the Tu-144 didn&#x27;t really incorporate anything of significance from Concorde -- the plans they had access to were more like sketches than fully fleshed out blueprints, and they only had usable details on a few minor components.  The Tu-144 shares mostly superficial similarities with Concorde, with only a couple of similarities that might possibly have been the result of espionage.",1418626302
13,8750934,comment,8750391.0,8750717.0,0,0,avem2,,,Thats the exact point. Why pay for all flash in a storage system when the costs don&#x27;t justify the usage. The article is pointing out that our applications don&#x27;t use all of the storage allocated to them. Thus we really don&#x27;t need a one medium for all but rather a tailored approach based on your workloads.,1418626255
14,8750933,comment,8750309.0,8750932.0,0,0,likeclockwork,,,Thank you.,1418626220
15,8750932,comment,8750309.0,8750309.0,0,0,bitwize,,,Stockholm&#x27;s home stock stunted; startups stifled<p>You&#x27;re gonna have to learn to talk that <i>Variety</i> speak!,1418626188
16,8750931,comment,8750455.0,8750750.0,0,0,ICWiener,,,"I can understand that debugging expanded code is not fun.<p>On the other hand, LOOP allows to naturally express iteration patterns that can be error-prone with other languages: you hardly produce off-by-one bugs contrary to hand-crafted loops.<p>See the Appendix of the Iterate manual for a comparison of looping constructs in CL: <a href=""http://common-lisp.net/project/iterate/doc/Don_0027t-Loop-Iterate.html"" rel=""nofollow"">http://common-lisp.net/project/iterate/doc/Don_0027t-Loop-It...</a>.",1418626162
17,8750930,comment,8750391.0,8750391.0,0,0,zaroth,,,"Can a &#x27;perfect&#x27; algorithm actually give end-users the consistent feel of flash performance with 80% of data stuck on platters? I doubt it.<p>Access patterns having some statistical distribution is one thing. Writing the allocator -- and always guessing right in where you allocate a file is another thing altogether.<p>Flash is massively higher performance, so every time you are wrong the user will definitely know. All we hear about these drives is that they aren&#x27;t consistently fast. Or they&#x27;re decent until you actually push them too hard.<p>SSDs themselves used to have poor consistency. But drives are manufactured to ever increasing standards. The Samsung 10 year warranty for example is striking.<p>80% of your data on a medium which is less reliable over time?! More complex moving parts increases failure rates. There are downsides here to consider I think?",1418626160
18,8750928,comment,8747935.0,8750406.0,0,0,programmarchy,,,"Yes, I&#x27;m familiar with Michael Hoffman&#x27;s egodeath theory, and I agree with many of his historical perspectives and interpretations of religious experience. Like you say, his theory is hard to summarize. Relating to this thread, I think psychoactives can be a double-edged sword used for good or evil. Quoting Hoffman:<p>> Given that the Empire used entheogenic mystery-religion initiation to dominate socially and oppressively, Christianity used mystery-religion initiation to emancipate/liberate ... The religions of Jesus and Caesar were in a battle over the meaning and application of mystery-religion initiation. It&#x27;s a battle about what to do with the fact of mystery-religion initiation. [1]<p>Perhaps there were mystery cults with the best of intentions, such as the Gnostics for example, who would have had good reasons to conduct their initiations in secrecy to avoid persecution. And perhaps psychoactives can be used for &quot;short path enlightenment&quot; as Watts would say, as well as for political control.<p>What gives me pause for concern is the evidence of deep involvement on the part of the CIA with the drug counterculture. This is the same agency with a history of overthrowing democratically elected governments, conducting heinous psychological experiments on Americans, and not to mention torturing and murdering people around the world. They&#x27;re simply not to be trusted.<p>Yet we find the fingerprints of the CIA all over the origins of the so-called psychedelic revolution, even carefully crafting the terms and definitions in which to frame the discussion:<p>> In the early years of research into these drugs, psychology researchers and military intelligence communities sometimes called them, aside from “hallucinogen,” by the name “psychotomimetic” –which means psychosis mimicking. The word hallucinogen, “to generate hallucinations,” came just a few years before psychotomimetic. The same year that psychotomimetic was created we also saw the creation of the word “psychedelic” – which means “to manifest the mind.” The last stage of this etymological evolution, as we’ll see, was the word “entheogen” – which means “to generate god within.”<p>The word &quot;entheogen&quot; was a creation of Wasson and Ruck [2], which has the intended effect of framing discussions about psychoactives as spiritual phenomenon. Like Leary said, it&#x27;s all about set and setting.<p>Jan Irvin, a researcher in this field who I quoted above, has said that &quot;mysticism is the tool of tyrants&quot;. It&#x27;s hard to find cases in history of mysticism liberating individuals with so-called true knowledge. Usually, it&#x27;s been the opposite: rational, scientifically-based discovery has been the liberator from superstition, ignorance, prejudice, and authority.<p>I&#x27;ll definitely check out csp.org since this is an area of interest for me. And I&#x27;d be happy to talk about experiences via an email discussion with you at donald dot ness at gmail dot com.<p>[1] <a href=""http://www.egodeath.com/SocioPoliticalResistanceAsThematicLayer.htm"" rel=""nofollow"">http://www.egodeath.com/SocioPoliticalResistanceAsThematicLa...</a>\n[2] <a href=""http://www.gnosticmedia.com/Entheogens_WhatsinaName_PsychedelicSpirituality_SocialControl_CIA#_ednref105"" rel=""nofollow"">http://www.gnosticmedia.com/Entheogens_WhatsinaName_Psychede...</a>",1418626153
19,8750927,comment,8750309.0,8750748.0,0,0,malandrew,,,"Yup. Simply disassociating the benefits of rent control from the housing unit it is attached to would go a long way to permitting development. The way things are today, rent control basically serves as an almost permanent mutex on the development of the underlying real estate.<p>I&#x27;d be more useful if cities made it a policy that the amount of housing subsidy you receive is proportional to the year you moved to the city. That would achieve the same goal as rent control (i.e. affordable housing), but alleviates the mutex on many structures that could be torn down to make way for structures that permit great density.<p>Affordable housing programs are fine. Tying up the underlying asset indefinitely is counterproductive.",1418626120
20,8750926,comment,8749942.0,8750218.0,0,0,gianlucaguarini,,,"Thanks 4 your feedback, the reason why I am using the requrejs + amdclean is that the other tools I&#x27;ve found like browserify add extra code to keep using the require calls and I would like to avoid it. If there is a better solution I&#x27;d really appreciate a pull request",1418626114
21,8750925,comment,8750865.0,8750922.0,0,0,ekianjo,,,And not just rendering. Animation is the biggest issue. You don&#x27;t get Hollywood quality animation out of nothing. DX12 is going to provide some new features but calling it &quot;as good as CGI&quot; (i.e. movie-quality CGI) is just dreaming.,1418626069
22,8750924,comment,8750865.0,8750865.0,0,0,fsloth,,,CGI = Computer-generated Imagery<p>Now that&#x27;s what I call a tautology :)<p>&quot;Feature film quality&quot; is probably what the author was after.,1418626024
23,8750923,comment,8745587.0,8749382.0,0,0,smosher_,,,"You describe me by directly contradicting my own statements. Now you&#x27;re telling me I am lying about myself just so you can paint me as some particular kind of bogeyman? You could have had this conversation without me. Try accusing a mailbox of something as an outlet, perhaps? Or do you have a need to make people feel bad?",1418625851
24,8750922,comment,8750865.0,8750865.0,0,0,andywood,,,"Seems there&#x27;s nothing specific in the article about which which changes to DX are supposed to enable CGI quality, or how. Is it more polys/sec for smoother models and more geometry? Maybe a more efficient shared memory architecture for GI (I&#x27;m speculating. Maybe dreaming)? We&#x27;re always being promised cinema quality in games, and while we&#x27;re really not all that far off from it already, we&#x27;re still quite a bit behind in lighting/rendering.",1418625836
25,8750921,comment,8750391.0,8750795.0,0,0,zaroth,,,"Mostly reliability. I would never carry spinning rust in my laptop again, those days are gone. But also form factor, simplicity, consistency of end-user experience, and eventually solid-state will be cheaper than spinning platters in any case. Every graph I&#x27;ve seen of storage price with series for platters and flash show those lines eventually intersecting.",1418625776
26,8750919,story,,,7,1,ryan_j_naughton,Skyrocketing Gun Sales Are Helping to Conserve Butterflies,http://fivethirtyeight.com/features/how-skyrocketing-gun-sales-are-helping-to-conserve-butterflies/,,1418625759
27,8750918,comment,8747935.0,8750803.0,0,0,whoopdedo,,,My suspicion is that it started as an economic move. The Israelites were sheep herders trying to carve a niche in a dominant culture of pig and cattle herders. Telling them they couldn&#x27;t eat pork and certain sacrifices had to be lambs was a way of subsidizing the sheep farmers. I came to this conclusion after reading a long chapter in the bible that talks about the breeding. Even back then they understood husbandry and economics. I doubt anyone had a clue about germ theory.,1418625733
28,8750917,comment,8750210.0,8750875.0,0,0,evan_miller,,,The semantics for write(2) and mmap(2) differ. Neither can be used to implement the other in full.<p>It&#x27;s possible to have access patterns which don&#x27;t demonstrate the efficiencies of mmap but it would be incorrect to suggest they do not exist. The overhead of making a syscall to access an area of a file and copying the data being accessed is significant for many workloads.,1418625718
29,8750915,comment,8749323.0,8750612.0,0,0,IndianAstronaut,,,Shiny is incredible. My company might be delivering a customer facing product using Shiny.,1418625610
30,8750914,comment,8750630.0,8750778.0,0,0,devnonymous,,,We don&#x27;t know when and where life might have existed or currently exists ...even on the planets that we know about. Some interesting things to read if you wonder about such things:<p><pre><code>  http://en.wikipedia.org/wiki/Sara_Seager#Seager_equation\n  http://en.wikipedia.org/wiki/Drake_equation</code></pre>,1418625567
31,8750913,comment,8750630.0,8750769.0,0,0,31reasons,,,I am glad I read the article and not judge it based on your comment. Your comment is apparently valid for some research but here its targeting the wrong one.,1418625518
32,8750912,comment,8748467.0,8750057.0,0,0,hristov,,,Or maybe people just shouldn&#x27;t take drugs.,1418625486
33,8750911,comment,8750309.0,8750521.0,0,0,diafygi,,,"Are there historical parallels to the current situation? Has there been another time or place where a young population all of a sudden became rich in the span of only a few decades and wanted to live in urban areas, which were currently occupied by less rich communities?<p>Has this happened before? How did it turn out?",1418625481
34,8750910,comment,8750630.0,8750791.0,0,0,isomorphic,,,"Absolutely. We&#x27;re not even certain if life exists (or ever previously existed) on planets that we have hardware on.<p>The criteria in the article were input energy and a &quot;bath&quot; into which that energy can be dissipated. Perhaps there is a minimum potential difference before structures will self-organize--or perhaps the probability of self-organization is proportional to the difference.<p>Speculating along this line of reasoning: On Mercury, you have plenty of input energy, but few options for dissipating it. On Europa, you may have the reverse problem.<p>For all we know, however, Europa may actually have life. Our sample set is too small.",1418625450
35,8750908,comment,8750630.0,8750630.0,0,0,andywood,,,"As a whole, I think the article finally provides a fair amount of specificness, but I was initially struck by how much space is devoted up front to &quot;he-said she-said&quot;. It reminded me of celebrity gossip, sportscasting, and punditry.",1418625282
36,8750906,story,,,1,0,palidanx,How a Teen Knew She Was Ready to Teach Computer Coding Skills,http://blogs.kqed.org/mindshift/2014/12/when-is-a-teen-ready-to-teach-computer-coding-skills,,1418625193
37,8750905,comment,8749605.0,8750562.0,0,0,iwwr,,,"The Kennedy administration funded a Mach-3 airliner that was supposed to be an answer to the European Concorde project.<p><a href=""http://en.wikipedia.org/wiki/Lockheed_L-2000"" rel=""nofollow"">http://en.wikipedia.org/wiki/Lockheed_L-2000</a><p><a href=""http://en.wikipedia.org/wiki/Boeing_2707"" rel=""nofollow"">http://en.wikipedia.org/wiki/Boeing_2707</a><p>The Soviets also had a design that supposedly incorporated stolen Concorde blueprints.<p><a href=""http://en.wikipedia.org/wiki/Tupolev_Tu-144"" rel=""nofollow"">http://en.wikipedia.org/wiki/Tupolev_Tu-144</a>",1418625166
38,8750904,story,,,2,0,thret,Ultra capitalism backflip – Uber rethinks fee hike amid Sydney siege,http://www.sbs.com.au/news/article/2014/12/15/ultra-capitalism-backflip-uber-rethinks-fee-hike-amid-sydney-siege,,1418625107
39,8750903,comment,8750363.0,8750580.0,0,0,simonpantzare,,,"Well, AWS CLI is built on botocore. I&#x27;ve used boto sinne 2012 and never got the feeling it&#x27;s a second class citizen. Mitch&#x27;s leaving Amazon didn&#x27;t slow things down. Nowadays when new services are released there is usually a new version of boto available immediately.",1418625095
40,8750902,comment,8750040.0,8750894.0,0,0,grecy,,,"Thanks.<p>That makes me wonder why Columbia was at 39-degree orbital inclination - making it unable to get to the ISS, and unable to be rescued by a Soyuz.<p>Reading the purpose of the mission [1], I don&#x27;t see any reason it needed to be were it was.<p>[1]<a href=""http://en.wikipedia.org/wiki/STS-107"" rel=""nofollow"">http://en.wikipedia.org/wiki/STS-107</a>",1418625081
41,8750901,comment,8749917.0,8750109.0,0,0,larrywallace,,,"ok, I think I got it.  Fundamentals I know enough to be dangerous, thanks for the pointers to captive portal.  I&#x27;ll be able to run with this now... I upvoted you and 0x0",1418625048
42,8750900,comment,8749619.0,8750589.0,0,0,swatow,,,"When a person says that we should be sending humans into space, they are implicitly claiming to know the ROI, (at least that it is greater than some amount).<p>I personally don&#x27;t believe we should be doing human space exploration, because exploration with machines strictly dominates exploration with humans.  The only reason for human space travel is if we value moving humans for its own sake (e.g. to reduce the risk of humanity getting wiped out in a comet strike).  But I think that could be better handled with anti-comet measures and underground bunkers.",1418624958
43,8750899,comment,8750896.0,8750896.0,0,0,adonishrobbinsh,,,Find the best and the cheap rubish removal service in Sydney to make your surrounding free from rubbish.,1418624868
44,8750898,story,,,170,138,skazka16,Comparing Rust and C++,http://kukuruku.co/hub/rust/comparing-rust-and-cpp,,1418624855
45,8750897,comment,8750391.0,8750391.0,0,0,kijin,,,"Seagate tried to take advantage of the 80/20 rule with their SSHD &quot;hybrid drives&quot;. Unfortunately, they decided to use only 8GB of flash on all of their SSHDs. That&#x27;s a far cry from 80/20. The solid-state cache only covers 1.6% of a 500GB hybrid drive, 0.8% of a 1TB drive, and 0.2% of a 4TB drive (yes, Seagate makes 4TB SSHDs). Those Seagate drives don&#x27;t even have enough flash to hold a recent version of Windows and some commonly used apps, not to mention any games.<p>The laptop version is even worse because the non-flash part only spins at 5400rpm. Somehow they thought this would be okay in a performance-oriented drive. The slow platters make Seagate SSHDs even slower in general than regular 7200rpm laptop drives from WD and Hitachi/HGST. The only improvement is slightly shorter boot time.<p>Since the day the first generation of SSHDs came out, reviewers have said that you need at least 32GB of flash in a hybrid drive to see much real-world benefit. Everyone has also been complaining about the choice of 5400rpm. But three SSHD generations later, Seagate still hasn&#x27;t listened.<p>Now the SSHD technology is on the way to irrelevance because (1) SSDs have become much cheaper than three years ago, and (2) even if you need a lot of space, the mSATA form factor now allows most laptop users to install an SSD <i>in addition to</i>, not instead of, a 2.5&quot; hard drive. These days, I wouldn&#x27;t even consider the SSHD as an option. I&#x27;d just buy a large hard drive <i>and</i> an mSATA SSD, there&#x27;s no need for a hybrid anymore.<p>It&#x27;s a sad tale of corporate boneheadedness killing off an idea that had so much potential.",1418624820
46,8750895,comment,8749605.0,8750447.0,0,0,iwwr,,,Any idea why they can&#x27;t use hydrogen and oxygen directly? Or are they just using a smaller quantity of helium as a &#x27;working refrigerant&#x27;?,1418624790
47,8750894,comment,8750040.0,8750868.0,0,0,cthalupa,,,"Soyuz is mentioned in the CAIB report.<p>+++++++++++<p>5.2 Other Vehicles (Soyuz, Ariane 4)\nThere has been some discussion regarding the possibility of sending supplies to Columbia using an expendable launch vehicle – to lengthen the amount of time available to execute a rescue mission. Because of Columbia&#x27;s 39-degree orbital inclination, an expendable launch from a launch site with a latitude greater than 39 degrees would not be able to reach Columbia. This rules out a Soyuz/Progress launch. There was an Ariane 4 in French Guiana that successfully launched an Intelsat satellite on February 15. The challenge with developing a supply kit, building an appropriate housing and separation system, and reprogramming the Ariane seems very difficult in three weeks, although this option is still in work.<p>—Columbia Accident Investigation Board Report, Appendix D.13<p>++++++++++<p>(Yanked from the Ars comment section)",1418624761
48,8750893,comment,8740107.0,8744517.0,0,0,tedinNYC,,,"Oh here we go again, please! While Eich resigned there was no way he could have continued at Mozilla and the way you frame your frustrated demand for his explanation, there was no way anything he said short of a complete reversal, abject apology (as if he didn&#x27;t actually apologize for hurt he caused), and compensation to a pro Marriage Equality cause that would begin to please your grievances. I actually respect him more for quietly departing after the crap that was flung at him, rather than pull a weaselly Obama and &quot;evolve&quot;. You means justify the ends types will be very sorry when you&#x27;re on the losing side of your approach.",1418624728
49,8750892,comment,8749605.0,8750365.0,0,0,iwwr,,,"I thought the liquid helium is only for an engine testbed. Production Skylon engines will use liquid hydrogen and oxygen, effectively using their criogenic fuel as a heat sink.",1418624716
50,8750891,comment,8750040.0,8750040.0,0,0,jtchang,,,Why will launching a space vehicle never be as routine as commercial air travel?<p>I think it should be one of the goals of mankind. There is no fundamental law of physics that says we can&#x27;t make it routine. The author states that they don&#x27;t think it will be feasible in our lifetime. However the amount of technological advancement that has been made over the past century is astounding. There is no reason to think this would be unfeasible.,1418624693
51,8750890,comment,8749323.0,8749323.0,0,0,epistasis,,,">The documentation is inanely bad. I can&#x27;t explain it.<p>I&#x27;m surprised that the author is saying this as I&#x27;ve experienced exactly the opposite. R completely documents all the arguments and outputs  of its functions, and documentation is easy to pull up by function, and this is almost universal both for distribution and community packages. Additionally the documentation often includes vignettes that show full examples.<p>In contrast, Python documentation is most often documented on long pages that mentions functions, but does not describe arguments or the output. I&#x27;ve found almost no Python documentation to be adequate, outside of some of the core functions. And when it is adequate, it&#x27;s exceedingly verbose, and lacking in examples, basically the worst of all worlds.",1418624676
52,8750889,comment,8750320.0,8750674.0,0,0,wmeredith,,,As do I. I gave up after the second season because my hurt from all the rolling. The thing that bothers me is I really liked all other aspects of the show. I just couldn&#x27;t take the preaching anymore.,1418624615
53,8750888,comment,8749605.0,8750066.0,0,0,iwwr,,,">So based on these, the main motivation for this is probably for the mass savings and efficiency.<p>They plan to invest all those savings into a single-stage-to-orbit launcher. It&#x27;s appealing in a similar manner that SpaceX&#x27;s stage-return strategy, but in a one-spacecraft package. High-mach aircraft will find other uses too besides orbital launchers.<p>As for saving a &#x27;mere&#x27; 15% at launch that can be crucial from a payload perspective in the rocket equation.",1418624533
54,8750887,comment,8750537.0,8750537.0,0,0,dvorak42,,,"To compare with previous years (<a href=""http://css.csail.mit.edu/6.858/2013/projects.html"" rel=""nofollow"">http://css.csail.mit.edu/6.858/2013/projects.html</a>):<p>2013 vs 2014<p>2/35 vs  4/25 - Bitcoin Projects<p>12/35 vs  4/25 - Encrypted Filesystems<p>2/35 vs  1/25 - Privilege Separation",1418624524
55,8750886,comment,8750363.0,8750506.0,0,0,sarnowski,,,"I guess they also have a lot of software running that they rely on and is written in C or C++. And still, there is no SDK - there is also no (Node)JS SDK. Using Docker does not force you to support golang in any way.",1418624514
56,8750885,comment,8750685.0,8750841.0,0,0,walterbell,,,"Have activists been successful in changing Uber policies?  Activists and irate taxi drivers generate even more news stories, i.e. more free coverage and watercooler talk for each Uber launch.",1418624454
57,8750884,comment,8749619.0,8750584.0,0,0,ufmace,,,"I lean towards the pessimistic side of humanity&#x27;s future in space, but I don&#x27;t see that being a practical problem. If we manage to figure out a way to create a viable atmosphere on Mars, it ought to be a relatively trivial add-on to supply enough atmospheric gasses to make up for losses to solar radiation.",1418624364
58,8750883,story,,,5,0,dkarapetyan,"The Inconvenient Truth About Dynamic vs. Static Typing – Java, SQL and JOOQ",http://blog.jooq.org/2014/12/11/the-inconvenient-truth-about-dynamic-vs-static-typing/,,1418624273
59,8750882,comment,8750537.0,8750831.0,0,0,dvorak42,,,"Yeah, we made that the default project for teams to work on.",1418624268
60,8750881,comment,8748378.0,8750564.0,0,0,mitchty,,,Even more fun is using tramp to edit files as root on a machine via ssh. The whole installed editor canard is somewhat a nonissue from the emacs side.,1418624259
61,8750880,story,,,41,49,danboarder,Focus – Steal back your productivity,https://heyfocus.com/,,1418624201
62,8750879,comment,8750630.0,8750778.0,0,0,vorg,,,"> Although entropy must increase over time in an isolated or “closed” system, an “open” system can keep its entropy low — that is, divide energy unevenly among its atoms — by greatly increasing the entropy of its surroundings.<p>Perhaps the Earth biosphere is the only &quot;open&quot; system in the Universe that keeps its entropy low by increasing the entropy of its surroundings, i.e. the rest of the Universe.",1418624090
63,8750878,comment,8749782.0,8749782.0,0,0,segmondy,,,"I&#x27;m surprised Prolog is not listed there.  here&#x27;s a simple example, try designing a function that calculates Fibonacci two ways in your favourite language.  given fib(N,X).  You can supply either N, or X or neither and generate the result.<p>?- time(fib(N, 703303677114228158218352548771835497701812698363587327426049\n050871545371181969335797422494945626117334877504492417659910\n881863632654502236471060120533741212738673391111981393731255\n98767690091902245245323403501)).\n% 44,649,335 inferences, 4.182 CPU in 4.193 seconds (100% CPU, 10676854 Lips)\nN = 1000 .<p>?- time(fib(1000, F)).\n% 497,690 inferences, 0.072 CPU in 0.072 seconds (100% CPU, 6935880 Lips)\n...",1418624083
64,8750877,comment,8748658.0,8748658.0,0,0,patrickg_zill,,,"Can these be netbooted, thus, not needing an SD or eMMC card at all?",1418624007
65,8750876,story,,,4,3,winterbe,Show HN: The GitHub Matrix,http://winterbe.com/projects/github-matrix/,,1418623985
66,8750875,comment,8750210.0,8750532.0,0,0,rdtsc,,,"As others have suggested, if mmap is so fast, wouldn&#x27;t it be expected that write/pwrite would just be mapped (pun intended) to mmap inside the standard library? [Heck for all I know, that might already be the case]<p>I have had to actually write benchmark tests to show some people I work with that there was no conlusive difference between the two (with our data access patterns). mmap having the disadvantage that it allows you more ways to shoot yourself in the foot (ever seen SIGBUS signals?). Before that they swore up and down how mmap is this magic performance hack that was burried in there for ages and only the elites know about it.",1418623976
67,8750874,story,,,1,0,dctrwatson,Introducing Organizations,http://blog.getsentry.com/2014/12/15/introducing-organizations.html,,1418623945
68,8750873,story,,,10,0,phatak-dev,Importance of Mathematics [video],http://phatak-dev.github.io/techtalks/importance-of-mathematics/,,1418623901
69,8750872,comment,8750537.0,8750537.0,0,0,mrb,,,"Interesting how 4 of the 25 projects are related to Bitcoin. It just goes show that the cryptocurrency inspires a good fraction of computer & network security people:<p>CheckBits: <a href=""http://css.csail.mit.edu/6.858/2014/projects/adat-bschang-ericadu-ptew.pdf"" rel=""nofollow"">http://css.csail.mit.edu/6.858/2014/projects/adat-bschang-er...</a><p>TorCoin: <a href=""http://css.csail.mit.edu/6.858/2014/projects/bchrobot-ynnad19-dereklax.pdf"" rel=""nofollow"">http://css.csail.mit.edu/6.858/2014/projects/bchrobot-ynnad1...</a><p>Dryer21, a Bitcoin Anonymizer Service: <a href=""http://css.csail.mit.edu/6.858/2014/projects/asuhl-dannybd-snp.pdf"" rel=""nofollow"">http://css.csail.mit.edu/6.858/2014/projects/asuhl-dannybd-s...</a><p>Merkelized Abstract Syntax Trees: <a href=""http://css.csail.mit.edu/6.858/2014/projects/jlrubin-mnaik-nityas.pdf"" rel=""nofollow"">http://css.csail.mit.edu/6.858/2014/projects/jlrubin-mnaik-n...</a>",1418623880
70,8750871,story,,,1,0,capex,Lead into gold (Part 1 – a story on entrepreneurship),http://adnankhan.io/lead-into-gold-part-1,,1418623851
71,8750870,comment,8748467.0,8750753.0,0,0,arjie,,,"I believe cigarette companies were charged with misrepresenting their products. Presumably the person you&#x27;re responding to would accept the cigarette solution: warning labels and sale to non minors only, and hefty fines for misleading advertising if performed.",1418623831
72,8750869,comment,8737349.0,8737349.0,0,0,OldWolf2,,,"A bug nobody has pointed out yet is that star-star-t (sorry, can&#x27;t figure out this site&#x27;s markup for escaping stars) dereferences a null pointer. It appears to work because gcc decides to generate the same code for star-star-t as for star-t (which is correct behaviour if star-t is not NULL, and moot if t is NULL).  The code should just be star-t there.<p>Also, sizeof(int star-star) in hnew should be sizeof( int (star)[2] ).",1418623818
73,8750868,comment,8750040.0,8750846.0,0,0,ChuckMcM,,,"They are not, and as I recall it was one of the criticisms a friend of mine levelled at the report as well. That by sending up a Soyuz, and using both that module and the backup, they could return 6 people to earth. Then a second and Soyuz mission and the Atlantis mission to replace the backup and return excess crew. Leaving Columbia on orbit awaiting some form of repair or scuttling.<p>Mostly though it re-emphasized how &quot;not routine&quot; going up into space is. Orbital windows not withstanding, you cannot just &quot;decide&quot; to catch the next one and bring up hardware to fly. Something I hope we can get to with Falcon 9 re-use.",1418623742
74,8750867,comment,8748658.0,8750741.0,0,0,kragen,,,"I think you may have replied to the wrong comment, since what you said has nothing at all to do with what I was asking or saying in the comment of mine to which you attached it.",1418623518
75,8750866,story,,,68,11,carey,"Google's common Java, C++ and Javascript library for phone numbers",https://github.com/googlei18n/libphonenumber,,1418623445
76,8750865,story,,,10,5,niravseo,Microsoft’s upcoming DirectX 12 to be able to render CGI level grahpics,http://www.microsoftproductreviews.com/xbox/microsofts-upcoming-directx-12-said-able-render-cgi-level-grahpics-real-time/,,1418623404
77,8750864,comment,8749619.0,8749619.0,0,0,ars,,,"We didn&#x27;t go back to the moon for the simple reason that there is nothing there for a human.<p>Mars is the same way, and there is little reason to send a human there - there&#x27;s just nothing there for a human to do.",1418623393
78,8750863,comment,8749619.0,8750497.0,0,0,ars,,,"> H may be everywhere, but O is nowhere convenient.<p>O is easy to get if you have energy - every rock is made of a metal oxide.",1418623352
79,8750862,comment,8750354.0,8750633.0,0,0,wtbob,,,The paper describes it; it&#x27;s only 14 pages and is quite readable.,1418623322
80,8750861,comment,8747053.0,8748870.0,0,0,yuhong,,,"To be more precise, it was common with motherboards that used the MC146818 RTC chip used in the original PC/AT. The four AAs provided a total of 6V of power.",1418623320
81,8750860,story,,,87,12,g0wda,Functional Geometry,http://shashi.github.io/ijulia-notebooks/funcgeo/,,1418623289
82,8750859,comment,8745334.0,8750547.0,0,0,arca_vorago,,,Calling something complex and nuanced != no true scotsman.,1418623287
83,8750858,comment,8748658.0,8750111.0,0,0,vardump,,,For example 1TB Samsung drives delivered 100 MB/s over 5 years ago. Most 3.5&quot; disks delivered as much.,1418623255
84,8750857,story,,,1,0,boompx,BoomPx – Weekly News #1,http://boompx.com/weekly-news-1/,,1418623251
85,8750856,comment,8747053.0,8747787.0,0,0,Tloewald,,,"15MHz is not from the 70s ;-) (at least outside of labs). The IBM PC shipped with a 4.77MHz CPU in the early 80s, the 386 came out in 1986 at 12 MHz, the Mac II was 16MHz in 1987.<p>I got hooked on programming by the HP65, an early and very expensive programmable calculator (with magnetic data storage!) that a family friend let me play with for an afternoon. Eventually I got my own Sinclair calculator (36 instruction memory!) and programmed it obsessively. If that thing ran at 1MHz I&#x27;d be very, very surprised.<p>Incidentally, around 1983-85 there was a brief explosion of electronic typewriters with small (usually 2-4-line) LCD displays and oversized calculators with qwerty keyboards, a decent amount of memory (16 kB say), and some form of BASIC. They looked interesting, but I don&#x27;t think I know anyone who bought one (and my friends and I were all programming geeks).",1418623239
86,8750855,story,,,1,0,boompx,Generate social share links – Socialink,http://boompx.com/socialink/,,1418623218
