,col0,col1,col2,col3,col4,col5,col6,col7,col8,col9,col10
0,975226,comment,974634.0,975034.0,0,0,est,,,"You forgot escape & encoded and eval()'ed inline javascript in DOM that inserts a <script> tag that bootstraps another URL-rewrited dynamically generated .js. And the best part is, the .js can not be re-requested as it's it's taken cautions to prevent re-play attack.",1259873987
1,975225,comment,974659.0,974880.0,0,0,bgurupra,,,if on windows how do I measure what you just measured?,1259873977
2,975224,comment,974642.0,974683.0,0,0,dannyr,,,"From the blog post:\n""Third, Google claims that this service is better because it has no ads or redirection. But you have to remember they are also the largest advertising and redirection company on the Internet. To think that Google’s DNS service is for the benefit of the Internet would be naive. They know there is value in controlling more of your Internet experience and I would expect them to explore that fully. And of course, we always have protected user privacy and have never sold our DNS data. Here’s a link to our privacy policy.""<p>davidu,<p>You have excellent points but you could have made them without bashing your competitor.<p>This response makes me think that you are afraid of your competition and using fear to convince people to use OpenDNS.",1259873968
3,975223,comment,974965.0,975114.0,0,0,chubbard,,,"Agreed.  Lots of things I couldn't quite connect to what they were saying?  Particularly be a source of data section.  But, this was a good topic.",1259873930
4,975222,story,,,1,0,beeker,"Imagine, Create, and Let go",http://www.rekeeb.com/2009/12/03/imagine-create-and-let-go/,,1259873885
5,975221,comment,974916.0,974916.0,0,0,leelin,,,"<p><pre><code>  On internal yardsticks: ""Would you prefer to be the \n  greatest lover in the world and known as the worst,\n  or would you prefer to be the worst lover and \n  known as the greatest?""\n</code></pre>\nWhich one is supposed to be better?<p>Some people are much better at interviewing for a job than doing the job.  Others are great at the job but fail at interviews.<p>I started to notice a few years ago that I fall pretty extremely into one of those categories, but I made peace by being glad I wasn't at the other extreme.",1259873817
6,975220,comment,974937.0,975147.0,0,0,dmnd,,,"The point was that, for most users, Google is an abstraction over URLs, just like DNS is an abstraction over IP addresses.",1259873791
7,975219,story,,,2,3,palmsdev,Ask HN: Advice for Payment Processing?,,"I need some advice for setting up payment processing.. I know it's been discussed extensively around here but it seems like our use case might be slightly different than other typical web apps, either requiring an extra step or different solution than the average e-commerce transaction..<p>The basic concept: An e-commerce site with multiple vendors showcasing their products, company will take a % of each transaction (listing fee) before sending each vendor the remaining funds. (somewhat similar payment structure to http://www.kickstarter.com/)<p>I am looking for the best solution to allow users to checkout on the site using a credit card - I do not like what I've seen with either Amazon Web Pay or Paypal Adaptive Payments so far.. it looks like both of these require users to be redirected to their site for secure checkout.  Reading the development forums for Paypal, seems that there isn't any planned support for Website Payments Pro and Adaptive Payments together (unless I'm completely missing something).<p>Steps to Successful Transaction:\n1. Customer visits site and makes a purchase using their credit card (without leaving our site)\n2. For using our site the vendor is charged a % transaction fee\n3. Remaining funds after fee deductions are sent to vendor<p><i></i> Need to think about the best way for these transactions to happen, and also look at all of the fees involved with moving the money each time.  Should funds move to vendors each time a transaction is complete? At the end of each day? Once every 30 days?  Without an elegant solution it seems like this could get messy rather quickly.<p>Many thanks for your help!",1259873773
8,975218,comment,974111.0,974255.0,0,0,dzohrob,,,"If the problem doesn't exist, why do so many people find them useful?",1259873737
9,975217,comment,974829.0,974829.0,0,0,johnohara,,,Poor George Boole. 150 years later and all he got was a lousy t-shirt and a data type named after him.<p>Be nice if the article defined 'made a fortune.',1259873725
10,975216,story,,,5,0,RiderOfGiraffes,"What does the doubling function do?  Learning math, but thinking programming",http://www.maa.org/devlin/devlin_12_08.html,,1259873725
11,975215,comment,974642.0,974981.0,0,0,pyre,,,> <i>Google knows what is hosted at the servers you are looking up.</i><p>And so does every other DNS provider so long as the pages are public and if your ISP is your DNS provider then they can directly sniff your (non-encrypted) traffic too.,1259873723
12,975214,story,,,5,0,rayvega,Short C# Implementation of Peter Norvig's Spelling Corrector,http://www.codegrunt.co.uk/code/spell.cs,,1259873674
13,975213,comment,974406.0,974406.0,0,0,bigtech,,,"My TRS-80 had 4K, so the Basic language used one-letter abbreviations for all the commands. I tried learning Z80 on it, but it was a bit too tough for me; 6502 was a breeze in comparison. fwiw, stick with it if you enjoy it!",1259873653
14,975212,comment,974394.0,974461.0,0,0,randysan,,,"while I agree the design could still use work, jumping on the drop shadows is silly. Designs down have to follow physics, function of design elements can be more abstract.<p>Just because it doesn't follow some global light source doesn't mean it's not functional. It serves a purpose by helping better highlight the colors. Would you be okay if we separate the edges with a solid black line?  What if he added a gradient to that line?",1259873587
15,975211,comment,974642.0,975160.0,0,0,pyre,,,"> <i>Plus, now I don't ever need to look up a DNS server again, Google's is 8.8.8.8. Sweet.</i><p>My DNS servers have been 4.2.2.[1-4] for a long time. They aren't that hard to remember.",1259873534
16,975210,comment,974825.0,974825.0,0,0,omouse,,,Both PC World and ComputerWorld (especially ComputerWorld) are the tabloids of the industry. They just have a <i>lot</i> of money to spend on shoddy journalism.,1259873491
17,975209,comment,974905.0,975167.0,0,0,InclinedPlane,,,"I don't think it matters. There's no value-add in LTU's blog post on this other than the equivalent of ""hay guys, this is cool"". Granted, that has a lot of weight coming from that blog, but it's still just a link to a link.",1259873389
18,975208,comment,974111.0,974111.0,0,0,dangrover,,,"Darn. <a href=""http://to/life"" rel=""nofollow"">http://to/life</a> was taken. Oh well. L'chai-im!",1259873354
19,975207,comment,974659.0,974918.0,0,0,mechanical_fish,,,Do you have any idea how confused I was the first time that happened? An absolutely terrible user experience.,1259873341
20,975206,comment,974825.0,975008.0,0,0,jordanb,,,"Yeah, and they mostly have no serious understanding of the technology. At least the typical sportscaster maybe played the sport in High School. He has some distant connection to the sport beyond being that of a spectator with a camera in front of him. I'd be surprised if any major tech journalist was ever a serious programmer.<p>They seem to be entirely obsessed with cell phones for some reason.<p>I think the issue is that the ""tech press"" is just an overgrown version of the ""trade press"" that exists for every industry. Somewhere out there, there are reporters writing articles abut squeegees for the janitorial industry. [1]<p>The ""Trade Press"" mostly exists to provide a vehicle for industrial vendors to advertise to their niche. They fill in the space between the ads by hiring b-grade writers who couldn't hack it at the New York Post, and get them rewrite press releases from the advertisers.<p>The ""tech press"" is exactly the same thing, only more hyperactive, trollish, and ostentatious --- to better complement the industry they cover.<p>[1] In fact, here you go: <a href=""http://www.cleanlink.com/"" rel=""nofollow"">http://www.cleanlink.com/</a>",1259873331
21,975205,comment,975118.0,975118.0,0,0,RiderOfGiraffes,,,"See also: <a href=""http://news.ycombinator.com/item?id=974963"" rel=""nofollow"">http://news.ycombinator.com/item?id=974963</a>",1259873328
22,975204,story,,,1,0,jerklogic,Infuriating ATM Machines,http://jerklogic.com/infuriating-atm-machines/,,1259873317
23,975203,comment,975086.0,975086.0,0,0,phren0logy,,,"This is really cool. I have been learning some stats, data mining, and machine learning stuff and I'm compelled by Incanter. I can see why a lisp is a good choice for statisical computing, with lists of data and easy composition of calculations.<p>Thanks to both the Incanter and FlightCaster devs for the generosity.",1259873303
24,975201,comment,972875.0,973791.0,0,0,nazgulnarsil,,,"um...so do the townspeople collectively own the entire town?  including each other's lots?  because if a lot is private property, nothing prevents me from selling my lot to a condo builder.  I think that you could have a system like the one you describe be just, simply have people own shares in the town.  voting stock is a much better system than universal suffrage.",1259873273
25,975200,story,,,1,1,signin,Learn One Thing: Squash,http://aarontc.wordpress.com/2009/11/10/learn-one-thing-squash/,,1259873254
26,975199,comment,974642.0,974876.0,0,0,rpdillon,,,"""What do you think the Google Toolbar and Chrome do?""<p>Not DNS redirection.",1259873239
27,975198,story,,,1,0,abennett,Tax Tips for December 2009,http://www.itworld.com/business/87813/tax-tips-december-2009,,1259873225
28,975197,comment,974829.0,974829.0,0,0,adoyle,,,"There's currently an exhibit on Shannon at the Heinz Nixdorf MuseumsForum in Paderborn Germany: <a href=""http://en.hnf.de/Special_exhibitions/Shannon/Shannon.asp"" rel=""nofollow"">http://en.hnf.de/Special_exhibitions/Shannon/Shannon.asp</a><p>He built some very cool toys for his kids, some of which are on display there. Here's a video of him with some of his juggling machines <a href=""http://www.youtube.com/watch?v=sBHGzRxfeJY"" rel=""nofollow"">http://www.youtube.com/watch?v=sBHGzRxfeJY</a>",1259873211
29,975196,comment,974659.0,975171.0,0,0,orblivion,,,"Furthermore, they tend to open source a lot of their stuff, so they don't have to be the only way to Chat, Wave, Browse, and probably eventually DNS.",1259873211
30,975195,comment,974659.0,974917.0,0,0,mrtron,,,Also on Rogers - and get a noticeable improvement.,1259873209
31,975194,comment,974937.0,974937.0,0,0,doosra,,,"The fine-grained control is a plus for openDNS.<p>Second, from the stories that seem to pop up, google's achilles heel is it's customer service.  OpenDNS might be able to do better.",1259873182
32,975193,story,,,5,1,MikeCapone,Bicycle Boulevards Are Awesome [video],http://www.treehugger.com/files/2009/12/bike-boulevards-video-streetfilms-cycling-bicycles-bikes.php,,1259873139
33,975192,story,,,1,0,daveambrose,HN NYC: Hackers & Founders #7 at Gallery Bar tonight from 6-8PM,http://twitter.com/hackersfounders/status/6314430080,,1259873069
34,975191,comment,974916.0,974916.0,0,0,yosho,,,makes you wonder if his skills in bed are equal to his skills at investing.,1259873033
35,975190,story,,,2,0,abennett,Outsource your infrastructure,http://www.itworld.com/it-managementstrategy/87815/outsource-your-infrastructure,,1259872945
36,975189,comment,974508.0,975154.0,0,0,burnout1540,,,"Payflow Pro (by PayPal) Recurring Billing. I'm sure there are much, much better APIs out there but most of my comments would apply to any of them.<p>EDIT: tl;dr for my above comment: Third-party solutions are basically a replacement of a cron job that figures out when to bill someone and how much.  It's easier to write that cron job than it is to keep your billing data synchronized across two systems.",1259872938
37,975188,comment,974937.0,975173.0,0,0,TallGuyShort,,,"Oh I agree - that's what I meant by ""no direct benefit"" to them. They explicitly have stated that they want to improve the internet because a better internet is good for them. I'm just saying it's inaccurate to assume they're starting a service for direct monetization and information collection.",1259872927
38,975187,comment,974611.0,974744.0,0,0,Smirlouf,,,"That ""hate"" thing comes from your Utu project, I guess.<p>While I like the idea, I'm not sure it's a good idea to label it as such in the interface.<p>You might also have a hard time figuring out the genuine flaggings from the ones made by spambots...",1259872924
39,975185,story,,,21,3,Zarathu,"Tell HN: So, about that design thread...",,"A while back, I published a post on here complaining about designers in general, saying that they seemed to either be lacking professionally or producing poor work: http://news.ycombinator.com/item?id=955918<p>As you can see, I received a large amount of contact information for designers, and I was a bit overwhelmed by the choices. (Though, you might have to scroll down a bit; Chris_G derailed the thread a bit with his ""NO U"" post.)<p>I went ahead and hired Ole Martin: http://piraja.no<p>I've nothing but good things to say about the overall process. He was very quick in getting back to me with rates (which were reasonable, but in Euros) and progress. While he was able to maintain professionalism, the work was fantastic.<p>You can see the finished result here for our next startup:<p>http://piraja.no/dev/MTA/live/1/index.html<p>I definitely recommend him to anyone, and I'll most certainly be using him in the future.",1259872870
40,975184,comment,974645.0,974645.0,0,0,jcapote,,,How do we even know it was alive to begin with?,1259872779
41,975183,comment,974937.0,975050.0,0,0,rimantas,,,"What's interesting, David links only to OpenDNS policy, but does not provide a link to Google's which would make an easier to compare…",1259872717
42,975182,comment,974645.0,975019.0,0,0,fhars,,,"More raw material to invent hearsay: that is the address shared by the founder and the sharehoder:\n<a href=""http://maps.google.com/maps?f=q&source=s_q&hl=de&q=458+Choa+Chu+Kang+Avenue+4,+Choa+Chu+Kang,+Singapur+680458&sll=37.0625,-95.677068&sspn=44.069599,79.013672&ie=UTF8&cd=2&geocode=FfoJFQAdkuMuBg&split=0&hq=&hnear=458+Choa+Chu+Kang+Avenue+4,+Singapur+680458&ll=1.378812,103.736215&spn=0.003411,0.004823&t=h&z=18"" rel=""nofollow"">http://maps.google.com/maps?f=q&source=s_q&hl=de&#38...</a>",1259872685
43,975181,comment,974784.0,975043.0,0,0,NikkiA,,,They announced recently that they're going to start making them again.,1259872682
44,975179,comment,974396.0,974794.0,0,0,diego_moita,,,"| those paranoid deniers are just like those creationists who ignore data that doesn't fit into their pre-determined conclusions<p>Well, I do totally agree with this! :-)",1259872665
45,975178,comment,974685.0,974685.0,0,0,BenS,,,I really enjoyed this talk.  One of my favorite parts was a list of book recommendations Kevin provided at the end:<p>- call to action<p>- landing page optimization<p>- small giants<p>- the ultimate question (how to design surveys and define meaningful metrics)<p>- why marriages succeed or fail (john gottman's research on relationships)<p>- predictably irrational (behavioral economics)<p>- sway: the irresistible pull of irrational behavior,1259872647
46,975177,comment,975104.0,975104.0,0,0,MarkPNeyer,,,"""Everyone not in the pocket of an ISP would agree that the net should be neutral""<p>I wish the ISP's would pay me. I just don't think net neutrality makes sense - why not let ISP's give preference to game traffic over email? Nobody cares if an email arrives in 15 seconds instead of 5.",1259872629
47,975176,comment,974517.0,974517.0,0,0,spthorn,,,"A Pattern Language presents a compelling way of thinking about ""place"". It clarifies what so many have longed for in the way of community, and shows clearly what's wrong and what to change to fix it. I highly recommend it for everyone!",1259872613
48,975175,comment,974396.0,975064.0,0,0,diego_moita,,,"Bzzt! Wrong.\nThe IPCC based its reports in a lot of data open to scrutiny, not only East Anglia's. And even the problems with East Anglia data have been hugelly exagerated. The IPCC meetings were also open to a lot of dissent, particularly from Middle East oil producing countries  (guess why)?<p>And GW deniers do have a basic belief: ""you can regulate my energy from my cold dead hands"".",1259872602
49,975173,comment,974937.0,975108.0,0,0,mrduncan,,,"Attempts to improve the internet as a whole may not directly benefit Google, but as an internet company, they will almost certainly indirectly benefit them. A rising tide lifts all boats.",1259872556
50,975172,comment,974829.0,975109.0,0,0,eugenejen,,,That's pretty sad for the computer science education at the present time. The discipline somewhat lacks of proper education for the history for information technology and big past contribution and great ideas.,1259872518
51,975171,comment,974659.0,975136.0,0,0,wgj,,,"I agree. I also think it's fair for the provider of a public service to derive some benefit from running it. The obvious questions are: Is it ethical? Is it honest? (Google phrases it as ""Don't be evil."")<p>In this case, if they are providing an alternative to filtering and hijacking, I see that as a really important step forward. The fact that a lot of people expected those behaviors shows just how bad the situation with DNS really is these days.",1259872479
52,975170,comment,974937.0,975126.0,0,0,evgen,,,"Why bother trying to acquire them when there is nothing technically difficult about what opendns is doing and when google has more resources and technical expertise to bring to bear on the problem?  What exactly would you expect opendns to bring to the table other than a trademark and a somewhat controversial reputation?<p>To be honest I am somewhat surprised that opendns has lasted as long as they have, but I expected the attack to come from the akamai/cdn direction rather than directly from google.",1259872440
53,975169,comment,974956.0,974956.0,0,0,almost,,,"I don't understand how ""You have to remember to put all your files in a special folder"" (Dropbox) is much different than ""You have to remember to put all your files on a special drive"".",1259872425
54,975168,comment,975044.0,975061.0,0,0,quero,,,I mentioned book stores and restaurants as examples of industries. I have no specific products for these industries and I was just looking for general thoughts on sales commissions and finding distribution channels.<p>I should also reiterate that I'm not looking to hire  salaried employees. I'm looking for marketing firms that work on a commission basis (and payments will solely be based on commissions),1259872402
55,975167,comment,974905.0,975116.0,0,0,judofyr,,,It's a link to Lambda the Ultimate. Not bad form.,1259872393
56,975166,comment,974937.0,975122.0,0,0,roc,,,"And, like many of their other projects, they seem to be content to throw their hat in the ring just to keep everyone else honest.<p>Broken DNS is a threat.  But they don't need to answer all DNS requests to protect against it. They just need a non-broken service as a credible threat to keep the other providers from sliding in that direction.",1259872366
57,975165,comment,968661.0,969097.0,0,0,chubbard,,,"Well that's a whole another ball of wax, or the other size of the sword depending on how you look at it.  There are a good number of cases that people are convicted on faulty forensic science many of them not nearly as egregious as the one you describe.  Most of the time it still comes from detectives gut feeling, not forensics, that turns a witness into a suspect.  The forensics don't come into they are trying to build a case against you.  Sometimes the forensics comes from the witness cooperating to give DNA, bite marks, etc as you mentioned.  People who cooperate fully only to be wrongfully accused.<p>The real problem is proving the forensics are wrong.  Combating faulty forensics is a huge task to bear that can take years too.  People who have lost 20 years in jail because the forensics were done by unqualified people or simply incorrect.<p>Sometimes I hear the science explained by the shows and I wonder how in the world is it true.  Who verified these results?  Who defines what is unique and what isn't?  Particularly questionable is techniques that prove uniqueness.",1259872187
58,975164,comment,974634.0,975034.0,0,0,mkyc,,,"I agree, but yes it is: 1) you can't unscramble variable names, and 2) you have to prettyprint all js, even well-written js, or create a 'compression detection' algorithm.",1259872183
59,975163,comment,974937.0,975036.0,0,0,chris100,,,"Not to be paranoid, but where does it say that their privacy policy won't change?<p>Right now, the privacy policy looks great on the surface. They are launching a new product.<p>But you can't deny that Google's entire DNA is to extract monetizable information from huge amount of seemlingly unrelated raw data.<p>That's why you have to take their privacy policy with a grain of salt.",1259872164
60,975162,comment,974905.0,974905.0,0,0,viraptor,,,"The actual article seems to raise the issue in a new way... yet it looks like ""I like hammers, now this is how I want to solve this problem with my favourite hammer"".<p>Even if he defends the design decisions, I have a problem with them:<p>> also is unable to support nearly a million nested stack frames, then execution of this query will fail<p>Meanwhile - if you get to the sets with a million elements, I'm pretty sure you do not want to test for an element by traversing a million elements in O(n) style. Additionally instead of running in a single environment, each of the `contains()` functions is a new closure (killing the cache)<p>Then, he wants to support many types of AdjonObject implementations in a single list - and destroy the trace of execution on every call... good luck debugging this project if any of the functions fail semi-randomly.<p>Yet - this is only one specific case where the TCO is needed and expected. The sets objects are not general enough to implement anything else than... sets (that's what IntSet's interface defines). So if TCO is that crucial in this case - let's go: no stack implementation in a no TCO language which doesn't violate the ""don't inspect the elements"" constraint. `contains(x)` is the main abstract function that initialises local `cf` with local `__contains(x)`, then does `cf = cf(x)` until the result is a boolean and not a closure. Now every object can construct whatever chain of calls it needs, there is no relaying on `cf` coming from an IntSet interface (or .contains() being available) and there is no call stack. `.adjoin()` can modify the local object's checking function in any way it needs. Still not really doable in java because it cannot return a ""closure or boolean"" type, but python will do just fine.<p>Edit: that article really bothers me for some reason... probably because I expected better from LtU - so I implemented <a href=""http://bitbucket.org/viraptor/ootr/src/tip/intset.py"" rel=""nofollow"">http://bitbucket.org/viraptor/ootr/src/tip/intset.py</a>",1259872071
61,975161,story,,,3,0,boundlessdreamz,Google DNS Performance Statistics From Around The World,http://www.manu-j.com/blog/opendns-alternative-google-dns-rocks/403/,,1259872063
62,975160,comment,974642.0,975100.0,0,0,rpdillon,,,"I love how everyone comes down on Google for collecting data about net traffic, as though no other company on the internet ever thought of collecting traffic metrics.  What is your current DNS provider's policy on DNS data collection?  In the case of OpenDNS, sure, they have a privacy policy, but they also proxy Google's results and serve up ads.  How's that so much better?<p>I'm perfectly happy to have my DNS data be collected (which I assume my ISP is already collecting) in exchange for ad-free, fast name resolution.  Plus, now I don't ever need to look up a DNS server again, Google's is 8.8.8.8.  Sweet.<p>EDIT: looks like Google's not collecting so much information anyway. <a href=""http://code.google.com/speed/public-dns/privacy.html"" rel=""nofollow"">http://code.google.com/speed/public-dns/privacy.html</a>",1259872059
63,975158,comment,974642.0,975092.0,0,0,tlrobinson,,,"My results run from a SliceHost slice: <a href=""https://gist.github.com/00a8976d0b76e796996a"" rel=""nofollow"">https://gist.github.com/00a8976d0b76e796996a</a><p><pre><code>    Mean response (in milliseconds):\n    --------------------------------\n     SBC/AT&T Global- ########### 45.11\n     OpenDNS-2        ############# 56.75\n     OpenDNS          ################ 66.40\n     8.8.4.4          ################# 70.29\n     4.2.2.3          ###################### 96.20\n     UltraDNS-2       ######################## 104.35\n     UltraDNS         ######################## 104.68\n     Level 3-2        ######################### 106.95\n     SYS-67.207.128.5 ########################### 114.93\n     SYS-67.207.128.4 ###################################################### 231.97</code></pre>",1259872033
64,975157,comment,974937.0,974937.0,0,0,davidw,,,"I think what makes me nervous about it is that I can't even control my <i>own</i> sites any more if I use Google's DNS, and get the ""mysterious Google lockout with no recourse"".",1259872025
65,975156,comment,974937.0,975014.0,0,0,dschobel,,,"Agreed. The first point is the only legitimate technical point.<p>Everything else is just vague fear mongering about how google <i>might</i> misuse their dominant position and frankly DNS doesn't scare me any more than Google owning my email, documents and search history.<p>Either way, OpenDNS is awesome and I'm excited to see how they'll proceed fighting Google's entry (on technical merit).",1259871990
66,975155,story,,,1,0,clemesha,Twisted Web in 60 seconds (running series),http://jcalderone.livejournal.com/tag/sixty+seconds,,1259871980
67,975154,comment,974508.0,974901.0,0,0,texel,,,"Just out of curiosity, which third-party system did you use originally?",1259871936
68,975153,comment,973810.0,974362.0,0,0,eyao,,,"Judging from his current app up right now on Touch Arcade, it looks like it goes straight to iTunes (probably hits his server first to record where it came from).",1259871896
69,975152,comment,974825.0,975054.0,0,0,chris100,,,That's why I'm so impressed with NPR. Its depth of analysis is amazing compared to most other media I'm aware of in the US. And still. I still don't feel like paying for it.<p>I use NPR as a counter-argument to saying that good content will find a way to make lots of money. Show me how because I don't see it.,1259871892
70,975151,comment,974759.0,975099.0,0,0,barrkel,,,"Having a vector or map collection where you can call methods etc. on elements without having to do a typecast, and know that the method call will work (i.e. is statically typed), is useful. It also stops you (or more likely, someone else on the team) from adding the wrong kind of thing to the collection.<p>If you don't understand the benefits of static typing, it's likely that you won't understand why generics can be preferable to polymorphism in containers.",1259871890
71,975150,comment,974508.0,974901.0,0,0,sunir,,,"As mentioned in the other post linked below, I'm the product manager for the FreshBooks API. We are extremely aware there are many problems with the recurring billing market right now, and we are currently committed to doing a better job serving it. We are committed painless billing for web apps too.<p>If you can please forgive the shilling, I'm very interested in hearing what sucks about the recurring billing APIs on the market and specifically what sucks about ours (<a href=""http://developers.freshbooks.com"" rel=""nofollow"">http://developers.freshbooks.com</a>). I'm sure our competitors in the market would also be interested so we can all do a better job.<p>This isn't so much about us, but letting you know that at least one vendor is here listening, and maybe others.<p>Thanks for anything you can throw at me, good or bad.<p>(And you can't hurt my feelings except by being quiet. I <i>need</i> to know.)<p><i>NOTE</i> I rewrote this comment to be less self-conscious.",1259871860
72,975149,comment,972486.0,972881.0,0,0,3pt14159,,,The probability of the event happening * the loss = the premium of the surgery. That is it. If you would rather pay 1000 dollars for a surgery than 3000 then that is your business. I certainly wouldn't sign away my right to sue when I'm under back surgery.,1259871832
73,975148,comment,975012.0,975012.0,0,0,enjo,,,"Basically a list of this guys personal preferences.. lame.<p>Here is a foolproof method of filtering out bad programmer jobs:<p>If they ever use the words 'rockstar', 'ninja', or anything similar, run very far away. If throughout the interview process they focus purely on pumping up your ego run very far away. If all they can talk about is how they have Rockband and Foosball, you got it, run very far away.<p>Great programming jobs are those in which you are solving interesting problems surrounded by interesting people. If they have that they don't need 'ninjas' and 'rockstars'. They don't need to talk about foosball (I'm not saying Foosball is bad, it just shouldn't be the focus of your work). Instead, they'll talk about interesting problems.",1259871810
74,975147,comment,974937.0,975042.0,0,0,marltod,,,"That isn't how DNS works. It is true that 90% of users go directly to google, but once there they click on Search results, news results, etc...  The browser takes the link and the OS does a DNS lookup to get the ip address of the server hosting that url. Then the browser connects to that server, google is no longer in the picture.",1259871787
75,975145,story,,,29,0,geuis,Why cosmological observers should release their data slowly,http://arxiv.org/abs/0909.2649,,1259871747
76,975144,comment,974642.0,975087.0,0,0,brandon,,,"No, you're spot on.<p><pre><code>  2.2.2.4.in-addr.arpa domain name pointer vnsc-bak.sys.gtei.net.\n</code></pre>\nEven though the IP space hasn't been SWIP'd to GTE/Verizon, the server(s) behind that IP are evidently theirs.",1259871717
77,975143,comment,973490.0,973621.0,0,0,lanstein,,,"To me, the point of being rich is to be able to give the money away as you see fit.  It's a lot easier to complain that such-and-such symphony orchestra is going bankrupt than it is to figure out how to become successful and then help that same orchestra.  If you have a look at the patron list of the SF Ballet, you'll likely recognize a name or three.",1259871699
78,975142,comment,974965.0,974965.0,0,0,DanielBMarkham,,,"This is all great stuff.<p>Be careful that you don't apply lessons too broadly. If you're selling high-dollar, recurring sales items into big business it might be enough to have 100 purchasing managers love you. You probably don't need a media blitz.<p>As an aside, not particularly related to this story, one of the drawbacks of learning from success is that every deck ends with how great things are.  I wonder 1) if sometimes luck gets disguised and genius and 2) if it wouldn't be more useful to study failures than successes.<p>The commercial airline industry has a great safety record. They do this by meticulously taking apart every accident that happens. Too bad we don't do that in other fields.",1259871665
79,975141,comment,974508.0,974508.0,0,0,billswift,,,"Arithmetically challenged - ""The biggest difference is that going every 30 days means you get an extra payment every 10 years… Yes, 10 years, shrug."" It's 6 years.  If you're going to emphasize something in your writing, for example by repeating it, you really ought to get it right.",1259871641
80,975140,comment,974642.0,974994.0,0,0,aaronblohowiak,,,"I'm not entirely sure, but I used to go to high school with a kid (a different Dave) that was absolutely brilliant and did some work with them.  When I was looking for a dns provider, he showed me their site and I've referred them to everyone I know since.  They really run an excellent service at top-notch quality.  Probably time for me to donate again..",1259871604
81,975139,comment,974642.0,974854.0,0,0,youngian,,,"Fascinating. It's interesting to see that their times aren't always the fastest, but they seem able to keep responses speedy on the sites the other two struggle with (bbc and tb4). Maybe that's the prefetching at work?",1259871565
82,975138,comment,974394.0,975065.0,0,0,therockhead,,,Agreed and let’s not forget it’s a massive improvement compared to the old site.,1259871557
83,975137,comment,974422.0,974422.0,0,0,mark_l_watson,,,"As a long time Microsoft detractor, I must admit that Bing has a few things that I like:<p>1. instant view popups<p>2. free search and spelling APIs for developers. I wrote a web blog showing how to use these services in just a few lines of Ruby code. and, free is good<p>3. daily pictures :-)",1259871534
84,975136,comment,974659.0,975080.0,0,0,storborg,,,"It may not be correlated, but that doesn't mean that Google isn't getting a ton of commercial benefit from this data. It's like having your own Alexa/Quantcast, but in realtime, and with much better granularity.",1259871526
85,975135,comment,970566.0,970754.0,0,0,jcl,,,I'm pretty sure you can jump over the mushroom if you either do so in the areas without the overhead blocks or if you time it right.  They merely made it very difficult for a new player to avoid the mushroom.,1259871497
86,975134,comment,973490.0,974600.0,0,0,Retric,,,Transactions can involve more than just a single flow of cash in exchange for stuff.  Economists can and do look at satisfaction as part of market efficiency which explains why people pay for status symbols.  Someone buying a diamond for above resale price is not necessarily simply wasting money for zero gain.<p>PS: Consider rather than a ticket scalper you had a group of bandits charging a toll to cross a bridge.  They are not adding value to the experience of crossing a bridge and they are not helping the people who made the bride.  So while arguably they increase GDP it's not a net gain for society.,1259871374
87,975133,comment,974611.0,974765.0,0,0,Perceval,,,"4chan users are not trolls.  They're griefers and sociopaths.  Like you said, trolls are generally part of a community, or make an attempt to get a rise out of people through détournement, not through outright antagonism.<p>Over at kuro5hin.org we experienced a 'trollocaust' as it were, wherein the trolls successfully drove all the emotional beautiful souls off to another site (hulver.com).  If the critical mass of trolls grows too large, community can't really be sustained.",1259871356
88,975132,comment,973493.0,974002.0,0,0,ecaradec,,,but how does yodlee then ?,1259871319
89,975131,comment,969697.0,969697.0,0,0,bish,,,"Anti Explorer is a small piece of code you can place in your site's HTML which stops Microsoft Internet Explorer (MSIE / Explorer) from rendering your page. Along-side this, a notification alerts the user he / she is using MSIE and prompts him / her to download Firefox instead.<p>We've all been there. We design our site with Internet Explorer in mind, only to find we have to resort to numerous hacks and complicated code to get our site looking like it should in MSIE. Numerous Web Citizens have written hacks and workarounds for MSIE, only to be dismayed at all the extra effort they had to put in to get their designs cross-compatible with MSIE.<p><a href=""http://anti.eire-media.com/"" rel=""nofollow"">http://anti.eire-media.com/</a>",1259871293
90,975130,comment,975093.0,975093.0,0,0,lanstein,,,Nice work :),1259871253
91,975128,comment,974937.0,975122.0,0,0,rms,,,">Revenue = User-Time on Internet<p>Yes, I was told that explicitly at a presentation by Google recently. Anything that makes the internet better or makes people use it more makes Google more money.",1259871175
92,975127,comment,974642.0,974977.0,0,0,drtse4,,,"From your link : ""we randomly sample a small subset for permanent storage."" \nEven if anonymous that data is really valuable as it allows to identify traffic patterns. I don't see anything ""evil"" in collecting anonymized data.",1259871159
93,975126,comment,974937.0,974937.0,0,0,raphar,,,A couple of questions:<p>Hasn't google tried to acquire OpenDns? It's a no brainer!<p>Has been any contact between the two companies?<p>The scenario of google (or any company) controling internet traffic is not a nice one :(,1259871143
94,975124,comment,974611.0,974790.0,0,0,doki_pen,,,"The suckless mailinglist is a mailing list that seems to accept, if not encourage, the second type of trolling.  It would be interesting to build some statistics from it's archives to see when and who abandoned the list.  I think you are right, Zed, in that getting rid of the first type get's rid of the second type and empowers the third type.  I also agree that the second type is very good for the community.  Just look at the development that goes on in the suckless community, some really great stuff.",1259871110
95,975123,comment,972236.0,974241.0,0,0,gojomo,,,"<i>...you have to ensure that a market is not completely controlled by a few large corporations.</i><p>Maybe. But if so, that's an argument for antitrust enforcement, not net-neutrality type-and-price-of-service regulations.<p>As the example of regulatory capture in many industries should make clear, regulations often turn out giving an advantage to the few large operators who can play at Washington rulemaking games -- with large staffs of lobbyists and big donations at election time -- no matter what the regulators' initial rationale.",1259871060
96,975122,comment,974937.0,974937.0,0,0,agnokapathetic,,,"<i>To think that Google’s DNS service is for the benefit of the Internet would be naive.</i><p>I'm not so sure, it is starting to seem like Google has worked out essentially that Revenue = User-Time on Internet. The Chrome project is one example, a better faster internet is in Google's best interest.",1259871040
97,975121,comment,973400.0,973400.0,0,0,nym,,,"A little slow, but beautiful. Worth it to see the bubbles in the background on mrspeaker's site.",1259871037
98,975120,comment,974825.0,975054.0,0,0,oostevo,,,"The Economist has an established editorial slant and actively practices advocacy journalism.<p>You're looking for The Christian Science Monitor. Their whole reason for being is avoiding sensationalist reporting (biased reporting, I'd argue, is impossible to avoid completely). They go so far as to not use any of the wire services, so that biases don't creep in there, and use their own on-the-ground reporters instead.<p>What's tragic is that news sources like that are being plowed under along with the Fox Newses of the world with everyone's decision that ""eh, blogs are just as good.""<p>(edit: Well that's embarrassing. Apparently HTML markup doesn't work here.)",1259870997
99,975119,comment,975086.0,975086.0,0,0,gsteph22,,,"Flightcaster does some fantastic, innovative stuff in the statistical, distributed computing, and Clojure worlds.",1259870983
100,975118,story,,,1,1,mainsequence,"First ""flight"" of a piloted, solar powered plane",http://www.newscientist.com/article/dn18233-solarpowered-piloted-plane-makes-its-first-flea-hop.html,,1259870978
101,975117,story,,,1,0,nym,Copy text in JavaScript,http://davidwalsh.name/clipboard,,1259870915
102,975116,comment,974905.0,975095.0,0,0,ajross,,,Indeed.  It's a link to a blog post about a blog post.  Bad form.,1259870860
103,975115,comment,974642.0,975000.0,0,0,tlrobinson,,,Make sure to write down the phone number while your DNS is working...,1259870840
104,975114,comment,974965.0,974965.0,0,0,gcheong,,,Is there accompanying audio/video of the presentation? I always find just seeing the slides leaves a lot of gaps in my understanding of the presentation.,1259870839
105,975113,comment,973262.0,973262.0,0,0,codahale,,,"Ah yes, <i>The Financial Post</i>. The newspaper I turn to for all of my climatological analysis. It's like <i>International Journal of Climatology</i>, but with better op-eds and stock listings.",1259870823
106,975112,comment,974616.0,974616.0,0,0,clemesha,,,"The WSGI support, and twisted.web in general have been seeing some great improvements. Coupled with this <i>amazing</i> running series on twisted.web: <a href=""http://jcalderone.livejournal.com/tag/sixty+seconds"" rel=""nofollow"">http://jcalderone.livejournal.com/tag/sixty+seconds</a>, I'd say things are looking very positive for Twisted in the web world.<p>I think the release of Tornado has got people thinking about ""Comet frameworks"" (for lack of a better term), and I have the personal opinion that Django+Orbited+Twisted could make a better ""Comet framework"" than Tornado.<p>Here's a project that is exploring combining Django+Orbited+Twisted: <a href=""http://github.com/clemesha/hotdot"" rel=""nofollow"">http://github.com/clemesha/hotdot</a> - it contains a full working example, and I believe taken further, it could really turn into (at least) a great starting point for making ""real world"" Comet apps with Python.",1259870686
107,975111,story,,,3,0,chanux,From Nickelback to Bickelnack,http://musicmachinery.com/2009/12/03/from-nickelback-to-bickelnack/,,1259870657
108,975110,story,,,2,0,raheemm,Debt Crisis Tests Dubai’s Ruler,http://www.nytimes.com/2009/12/04/world/middleeast/04dubai.html?_r=1&hp,,1259870640
109,975109,comment,974829.0,974829.0,0,0,guelo,,,"Wow that guy was awesome, I can't believe I'd never heard of him.",1259870628
110,975108,comment,974937.0,975077.0,0,0,TallGuyShort,,,How are the toolbar and chrome NOT in the user's hands? Your belief that Google monetizes all their services directly is naiive - they have repeatedly made very open attempts to improve the internet with no direct benefit to them.,1259870577
111,975107,story,,,17,0,RiderOfGiraffes,A programming chrestomathy site,http://rosettacode.org/wiki/Main_Page,,1259870555
112,975106,comment,974659.0,974659.0,0,0,chrischen,,,"I always hated the redirection my ISP's DNS and OpenDNS forces. Every time I make a typo, i have to completely retype the URL because they redirect me...",1259870538
113,975105,comment,974642.0,974854.0,0,0,barrkel,,,"From London:<p><pre><code>                    Level 3  Google  OpenDNS\n    lifehacker.com    35       29      26\n    facebook.com      31       45      18\n    manu-j.com        30       41      38\n    reddit.com        42      350      17\n    tb4.fr            36       22      25\n    bbc.co.uk         45       39      26\n</code></pre>\nOpenDNS has servers here in London, so they put up a fairly good showing. And obviously there's some jitter - the 350ms reddit result is an anomaly - but a few other runs turned up 216ms and 378ms - must be something odd about it.",1259870475
114,975104,story,,,1,1,Gfresh,Open and Democratized Search,http://www.galtnetworks.com/14/open-and-democratized-search,,1259870430
115,975103,comment,974759.0,974792.0,0,0,GeoJawDguJin,,,"In the most general case it uses boxing strategies, but it's also able to behave like C++ with certain compile-time optimizations turned on (at the cost of slowing down compilation). There's a lot of literature out there about how to take advantage of those optimizations. It's a fairly involved topic.",1259870407
116,975102,comment,974759.0,975005.0,0,0,stcredzero,,,"Or have the former as the default, and allow the programmer to opt for the second, if the optimization is needed?",1259870402
