,col0,col1,col2,col3,col4,col5
0,Cyclic Dependency,PayPal.SDK.Sample.VS.2010,PayPal.Sample,The tool detected the smell in this component because this component participates in a cyclic dependency. The participating components in the cycle are: PayPal.Sample' PayPal.Sample.Utilities,PayPal.Sample.PaymentWithPayPalWithWebExperienceProfile' PayPal.Sample.Utilities.RequestFlowItem,PayPal.Sample.PaymentWithPayPalWithWebExperienceProfile' PayPal.Sample.Utilities.RequestFlowItem
1,Unstable Dependency,PayPal.SDK.Sample.VS.2010,PayPal.Sample.Utilities,The tool detected the smell in this component because this component depends on other components that are less stable than itself. This component depends on following less stable component(s): PayPal.Sample,PayPal.Sample.Utilities.Common,PayPal.Sample.Utilities.Common
2,God Component,PayPal.SDK.Sample.VS.2010,PayPal.Sample,The tool detected the smell in this component because the component contains high number of classes. Number of classes in the component are: 66,PayPal.Sample.PaymentWithPayPalWithWebExperienceProfile' PayPal.Sample.PayoutItemCancel' PayPal.Sample.AuthorizationCapture' PayPal.Sample.AuthorizationVoid' PayPal.Sample.BillingAgreementListTransactions' PayPal.Sample.BillingAgreementGet' PayPal.Sample.BillingPlanDelete' PayPal.Sample.BillingPlanGet' PayPal.Sample.BillingPlanGetList' PayPal.Sample.BillingPlanUpdate' PayPal.Sample.GetRefund' PayPal.Sample.InvoiceCancel' PayPal.Sample.InvoiceCreate' PayPal.Sample.InvoiceDelete' PayPal.Sample.InvoiceGet' PayPal.Sample.InvoiceGetList' PayPal.Sample.InvoiceGetQrCode' PayPal.Sample.InvoiceDeletePayment' PayPal.Sample.InvoiceRecordPayment' PayPal.Sample.InvoiceDeleteRefund' PayPal.Sample.InvoiceRecordRefund' PayPal.Sample.InvoiceSearch' PayPal.Sample.InvoiceSend' PayPal.Sample.InvoiceSendReminder' PayPal.Sample.InvoiceUpdate' PayPal.Sample.InvoiceTemplateCreate' PayPal.Sample.InvoiceTemplateDelete' PayPal.Sample.InvoiceTemplateRetrieve' PayPal.Sample.InvoiceTemplateRetrieveList' PayPal.Sample.InvoiceTemplateUpdate' PayPal.Sample.Main' PayPal.Sample.PaymentExperienceCreate' PayPal.Sample.PaymentExperienceDelete' PayPal.Sample.PaymentExperienceGet' PayPal.Sample.PaymentExperienceGetList' PayPal.Sample.PaymentExperiencePartialUpdate' PayPal.Sample.PaymentExperienceUpdate,PayPal.Sample.PaymentWithPayPalWithWebExperienceProfile' PayPal.Sample.PayoutItemCancel' PayPal.Sample.AuthorizationCapture' PayPal.Sample.AuthorizationVoid' PayPal.Sample.BaseSamplePage' PayPal.Sample.BillingAgreementCreateAndExecute' PayPal.Sample.BillingAgreementListTransactions' PayPal.Sample.BillingAgreementGet' PayPal.Sample.BillingPlanCreate' PayPal.Sample.BillingPlanDelete' PayPal.Sample.BillingPlanGet' PayPal.Sample.BillingPlanGetList' PayPal.Sample.BillingPlanUpdate' PayPal.Sample.GetRefund' PayPal.Sample.InvoiceCancel' PayPal.Sample.InvoiceCreate' PayPal.Sample.InvoiceDelete' PayPal.Sample.InvoiceGet' PayPal.Sample.InvoiceGetList' PayPal.Sample.InvoiceGetQrCode' PayPal.Sample.InvoiceDeletePayment' PayPal.Sample.InvoiceRecordPayment' PayPal.Sample.InvoiceDeleteRefund' PayPal.Sample.InvoiceRecordRefund' PayPal.Sample.InvoiceSearch' PayPal.Sample.InvoiceSend' PayPal.Sample.InvoiceSendReminder' PayPal.Sample.InvoiceUpdate' PayPal.Sample.InvoiceTemplateCreate' PayPal.Sample.InvoiceTemplateDelete' PayPal.Sample.InvoiceTemplateRetrieve' PayPal.Sample.InvoiceTemplateRetrieveList' PayPal.Sample.InvoiceTemplateUpdate' PayPal.Sample.Main' PayPal.Sample.OrderSample' PayPal.Sample.PaymentExperienceCreate' PayPal.Sample.PaymentExperienceDelete' PayPal.Sample.PaymentExperienceGet' PayPal.Sample.PaymentExperienceGetList' PayPal.Sample.PaymentExperiencePartialUpdate' PayPal.Sample.PaymentExperienceUpdate' PayPal.Sample.PaymentWithPayPalWithDiscount' PayPal.Sample.Reauthorization' PayPal.Sample.Common' PayPal.Sample.Configuration' PayPal.Sample.Default' PayPal.Sample.GetAuthorization' PayPal.Sample.GetCapture' PayPal.Sample.GetPayment' PayPal.Sample.GetPaymentHistory' PayPal.Sample.GetSale' PayPal.Sample.Global' PayPal.Sample.PaymentWithPayPal' PayPal.Sample.ThirdPartyPaymentWithPayPal' PayPal.Sample.RefundCapture' PayPal.Sample.Response' PayPal.Sample.SaleRefund' PayPal.Sample.VerifyWebhookSignature' PayPal.Sample.WebhookCreate' PayPal.Sample.WebhookDelete' PayPal.Sample.WebhookEventList' PayPal.Sample.WebhookGetAll' PayPal.Sample.WebhookUpdate' PayPal.Sample.PayoutCreate' PayPal.Sample.PayoutGet' PayPal.Sample.PayoutItemGet
3,Feature Concentration,PayPal.SDK.Sample.VS.2010,PayPal.Sample.Utilities,The tool detected the smell in this component because the component realizes more than one architectural concern/feature. Independent sets of related classes within this component are: [RequestFlowItemMessageType' RequestFlowItemMessage' RequestFlowItem' RequestFlow]' [SampleCategory' SampleItem]. LCC (Lack of Component Cohesion) = 0.33,PayPal.Sample.Utilities.SampleCategory' PayPal.Sample.Utilities.SampleItem,PayPal.Sample.Utilities.RequestFlowItemMessageType' PayPal.Sample.Utilities.RequestFlowItemMessage' PayPal.Sample.Utilities.RequestFlowItem' PayPal.Sample.Utilities.RequestFlow' PayPal.Sample.Utilities.SampleCategory' PayPal.Sample.Utilities.SampleItem
4,Scattered Functionality,PayPal.SDK.Sample.VS.2010,PayPal.Sample.Utilities,The tool detected the smell in this component because a set of two or more components realizes the same high-level architectural concern. Following components realize the same concern: PayPal.Sample' PayPal.Api,PayPal.Sample.Common' PayPal.Api.IPayPalSerializableObject,PayPal.Sample.Common' PayPal.Api.IPayPalSerializableObject
