,col0,col1,col2,col3,col4
0,Unutilized Abstraction,Raconteur.Compilers,ArgsMatching,D:\research\architectureSmells\repos\limadelic_raconteur\dotNet\Raconteur\Compilers\ArgsMatching.cs,The tool detected the smell in this class because this class is potentially unused.   (Please ignore the smell if the reported class is auto-generated and/or used to serve a specific known purpose.)
1,Unutilized Abstraction,Raconteur.Compilers,Extensions,D:\research\architectureSmells\repos\limadelic_raconteur\dotNet\Raconteur\Compilers\Extensions.cs,The tool detected the smell in this class because this class is potentially unused.   (Please ignore the smell if the reported class is auto-generated and/or used to serve a specific known purpose.)
2,Duplicate Abstraction,Raconteur.Compilers,Extensions,D:\research\architectureSmells\repos\limadelic_raconteur\dotNet\Raconteur\Compilers\Extensions.cs,The tool detected the smell in this class because two or more abstractions have identical names. The abstractions with identical names are: Raconteur.Compilers.Extensions' Raconteur.Helpers.Extensions
3,Unutilized Abstraction,Raconteur.Compilers,StringParser,D:\research\architectureSmells\repos\limadelic_raconteur\dotNet\Raconteur\Compilers\StringParser.cs,The tool detected the smell in this class because this class is potentially unused.   (Please ignore the smell if the reported class is auto-generated and/or used to serve a specific known purpose.)
4,Unutilized Abstraction,Raconteur.Compilers,TableArgsFormatters,D:\research\architectureSmells\repos\limadelic_raconteur\dotNet\Raconteur\Compilers\TableArgsFormatters.cs,The tool detected the smell in this class because this class is potentially unused.   (Please ignore the smell if the reported class is auto-generated and/or used to serve a specific known purpose.)
5,Unnecessary Abstraction,Raconteur.Generators,CodeGenerator,D:\research\architectureSmells\repos\limadelic_raconteur\dotNet\Raconteur\Generators\CodeGenerator.cs,The tool detected the smell in this class because the class contains only a few data members without any method implementation' that indicates that the abstraction might not be required. Following fields and properties are declared in this class: Code
6,Feature Envy,Raconteur.Generators,ScenarioGenerator,D:\research\architectureSmells\repos\limadelic_raconteur\dotNet\Raconteur\Generators\ScenarioGenerator.cs,The tool detected the smell because a method in this type accesses members from another type more than the members from its own type. The method causing this smell is: RestoreScenario which is more interested in members of the type: Scenario
7,Feature Envy,Raconteur.Generators,ScenarioGenerator,D:\research\architectureSmells\repos\limadelic_raconteur\dotNet\Raconteur\Generators\ScenarioGenerator.cs,The tool detected the smell because a method in this type accesses members from another type more than the members from its own type. The method causing this smell is: BackupScenario which is more interested in members of the type: Scenario
8,Feature Envy,Raconteur.Generators,RunnerGenerator,D:\research\architectureSmells\repos\limadelic_raconteur\dotNet\Raconteur\Generators\RunnerGenerator.cs,The tool detected the smell because a method in this type accesses members from another type more than the members from its own type. The method causing this smell is: AggregateStepDefinitions which is more interested in members of the type: Feature
9,Unutilized Abstraction,Raconteur.Helpers,Extensions,D:\research\architectureSmells\repos\limadelic_raconteur\dotNet\Raconteur\Helpers\Extensions.cs,The tool detected the smell in this class because this class is potentially unused.   (Please ignore the smell if the reported class is auto-generated and/or used to serve a specific known purpose.)
10,Unnecessary Abstraction,Raconteur.Helpers,RegexExpressions,D:\research\architectureSmells\repos\limadelic_raconteur\dotNet\Raconteur\Helpers\RegexExpressions.cs,The tool detected the smell in this class because the class contains only a few data members without any method implementation' that indicates that the abstraction might not be required. Following fields and properties are declared in this class: FeatureDefinition' UsingStatement' Punctuation' NamespaceDeclaration' PartialClassDeclaration
11,Unutilized Abstraction,Raconteur.Helpers,RunnerFileWatcher,D:\research\architectureSmells\repos\limadelic_raconteur\dotNet\Raconteur\Helpers\RunnerFileWatcher.cs,The tool detected the smell in this class because this class is potentially unused.   (Please ignore the smell if the reported class is auto-generated and/or used to serve a specific known purpose.)
12,Unnecessary Abstraction,Raconteur.Helpers,A,D:\research\architectureSmells\repos\limadelic_raconteur\dotNet\Raconteur\Helpers\A.cs,The tool detected the smell in this class because the class contains only a few data members without any method implementation' that indicates that the abstraction might not be required. Following fields and properties are declared in this class: ' Quote' Colon' Bar
13,Unnecessary Abstraction,Raconteur.Helpers,Boundary,D:\research\architectureSmells\repos\limadelic_raconteur\dotNet\Raconteur\Helpers\Boundary.cs,The tool detected the smell in this class because the class contains only a few data members without any method implementation' that indicates that the abstraction might not be required. Following fields and properties are declared in this class: Start' End' Length
14,Unutilized Abstraction,Raconteur.Helpers,CollectionsEx,D:\research\architectureSmells\repos\limadelic_raconteur\dotNet\Raconteur\Helpers\CollectionsEx.cs,The tool detected the smell in this class because this class is potentially unused.   (Please ignore the smell if the reported class is auto-generated and/or used to serve a specific known purpose.)
15,Unnecessary Abstraction,Raconteur.Helpers,Languages,D:\research\architectureSmells\repos\limadelic_raconteur\dotNet\Raconteur\Helpers\Languages.cs,The tool detected the smell in this class because the class contains only a few data members without any method implementation' that indicates that the abstraction might not be required. Following fields and properties are declared in this class: ' In
16,Unutilized Abstraction,Raconteur.Helpers,LinqExtensions,D:\research\architectureSmells\repos\limadelic_raconteur\dotNet\Raconteur\Helpers\LinqExtensions.cs,The tool detected the smell in this class because this class is potentially unused.   (Please ignore the smell if the reported class is auto-generated and/or used to serve a specific known purpose.)
17,Unutilized Abstraction,Raconteur.Helpers,NumericExtensions,D:\research\architectureSmells\repos\limadelic_raconteur\dotNet\Raconteur\Helpers\NumericExtensions.cs,The tool detected the smell in this class because this class is potentially unused.   (Please ignore the smell if the reported class is auto-generated and/or used to serve a specific known purpose.)
18,Unutilized Abstraction,Raconteur.Helpers,ProjectEx,D:\research\architectureSmells\repos\limadelic_raconteur\dotNet\Raconteur\Helpers\ProjectEx.cs,The tool detected the smell in this class because this class is potentially unused.   (Please ignore the smell if the reported class is auto-generated and/or used to serve a specific known purpose.)
19,Unnecessary Abstraction,Raconteur.Helpers,Setting,D:\research\architectureSmells\repos\limadelic_raconteur\dotNet\Raconteur\Helpers\Settings.cs,The tool detected the smell in this class because the class contains only a few data members without any method implementation' that indicates that the abstraction might not be required. Following fields and properties are declared in this class: ' XUnit' Language' StepDefinitions' Libraries
20,Unutilized Abstraction,Raconteur.Helpers,StringEx,D:\research\architectureSmells\repos\limadelic_raconteur\dotNet\Raconteur\Helpers\StringEx.cs,The tool detected the smell in this class because this class is potentially unused.   (Please ignore the smell if the reported class is auto-generated and/or used to serve a specific known purpose.)
21,Unutilized Abstraction,Raconteur.Helpers,SyntaxExtensions,D:\research\architectureSmells\repos\limadelic_raconteur\dotNet\Raconteur\Helpers\SyntaxExtensions.cs,The tool detected the smell in this class because this class is potentially unused.   (Please ignore the smell if the reported class is auto-generated and/or used to serve a specific known purpose.)
22,Unutilized Abstraction,Raconteur.Helpers,XmlDocument,D:\research\architectureSmells\repos\limadelic_raconteur\dotNet\Raconteur\Helpers\XmlDocument.cs,The tool detected the smell in this class because this class is potentially unused.   (Please ignore the smell if the reported class is auto-generated and/or used to serve a specific known purpose.)
23,Unnecessary Abstraction,Raconteur.Helpers,XUnits,D:\research\architectureSmells\repos\limadelic_raconteur\dotNet\Raconteur\Helpers\XUnits.cs,The tool detected the smell in this class because the class contains only a few data members without any method implementation' that indicates that the abstraction might not be required. Following fields and properties are declared in this class: ' Framework
24,Unnecessary Abstraction,Raconteur,InvalidFeature,D:\research\architectureSmells\repos\limadelic_raconteur\dotNet\Raconteur\Feature.cs,The tool detected the smell in this class because the class contains only a few data members without any method implementation' that indicates that the abstraction might not be required. Following fields and properties are declared in this class: Reason
25,Feature Envy,Raconteur.Parsers,FeatureParserClass,D:\research\architectureSmells\repos\limadelic_raconteur\dotNet\Raconteur\Parsers\FeatureParser.cs,The tool detected the smell because a method in this type accesses members from another type more than the members from its own type. The method causing this smell is: ParseFeature which is more interested in members of the type: Feature
26,Deficient Encapsulation,Raconteur.Compilers,StepCompiler,D:\research\architectureSmells\repos\limadelic_raconteur\dotNet\Raconteur\Compilers\StepCompiler.cs,The tool detected the smell in this class because the class exposes fields belonging to it with public accessibility. Following fields are declared with public accessiblity: Method' Step
27,Deficient Encapsulation,Raconteur.Generators.Steps,StepGenerator,D:\research\architectureSmells\repos\limadelic_raconteur\dotNet\Raconteur\Generators\Steps\StepGenerator.cs,The tool detected the smell in this class because the class exposes fields belonging to it with public accessibility. Following fields are declared with public accessiblity: Row
28,Deficient Encapsulation,Raconteur.Helpers,RunnerFileWatcher,D:\research\architectureSmells\repos\limadelic_raconteur\dotNet\Raconteur\Helpers\RunnerFileWatcher.cs,The tool detected the smell in this class because the class exposes fields belonging to it with public accessibility. Following fields are declared with public accessiblity: Timeout
29,Deficient Encapsulation,Raconteur.Helpers,RunnerFileWatcher,D:\research\architectureSmells\repos\limadelic_raconteur\dotNet\Raconteur\Helpers\RunnerFileWatcher.cs,The tool detected the smell in this class because the class declares global (public static) fields. Following fields are declared with public static modifiers: Timeout
30,Deficient Encapsulation,Raconteur.Helpers,Language,D:\research\architectureSmells\repos\limadelic_raconteur\dotNet\Raconteur\Helpers\Languages.cs,The tool detected the smell in this class because the class exposes fields belonging to it with public accessibility. Following fields are declared with public accessiblity: Name' Native' Feature' Using' Background' Scenario' ScenarioOutline' Examples
31,Deficient Encapsulation,Raconteur.Helpers,Setting,D:\research\architectureSmells\repos\limadelic_raconteur\dotNet\Raconteur\Helpers\Settings.cs,The tool detected the smell in this class because the class exposes fields belonging to it with public accessibility. Following fields are declared with public accessiblity: XUnit' Language' StepDefinitions' Libraries
32,Deficient Encapsulation,Raconteur.Helpers,XUnit,D:\research\architectureSmells\repos\limadelic_raconteur\dotNet\Raconteur\Helpers\XUnits.cs,The tool detected the smell in this class because the class exposes fields belonging to it with public accessibility. Following fields are declared with public accessiblity: Name' Namespace' ClassAttr' MethodAttr' Category' Ignore' IgnoreWithReason
33,Deficient Encapsulation,Raconteur.IDE,Project,D:\research\architectureSmells\repos\limadelic_raconteur\dotNet\Raconteur\IDE\Project.cs,The tool detected the smell in this class because the class exposes fields belonging to it with public accessibility. Following fields are declared with public accessiblity: DTEProject
34,Deficient Encapsulation,Raconteur,Step,D:\research\architectureSmells\repos\limadelic_raconteur\dotNet\Raconteur\Step.cs,The tool detected the smell in this class because the class exposes fields belonging to it with public accessibility. Following fields are declared with public accessiblity: Type
35,Deficient Encapsulation,Raconteur.Parsers,ScenarioParserClass,D:\research\architectureSmells\repos\limadelic_raconteur\dotNet\Raconteur\Parsers\ScenarioParser.cs,The tool detected the smell in this class because the class exposes fields belonging to it with public accessibility. Following fields are declared with public accessiblity: Definition
36,Deficient Encapsulation,Raconteur.Parsers,ScenarioTokenizerClass,D:\research\architectureSmells\repos\limadelic_raconteur\dotNet\Raconteur\Parsers\ScenarioTokenizer.cs,The tool detected the smell in this class because the class exposes fields belonging to it with public accessibility. Following fields are declared with public accessiblity: Content
37,Broken Modularization,Raconteur.Helpers,RegexExpressions,D:\research\architectureSmells\repos\limadelic_raconteur\dotNet\Raconteur\Helpers\RegexExpressions.cs,The tool detected the smell in this class because it contains only data members without any method implementation. Following fields and properties are declared in this class: FeatureDefinition' UsingStatement' Punctuation' NamespaceDeclaration' PartialClassDeclaration
38,Broken Modularization,Raconteur.Helpers,Language,D:\research\architectureSmells\repos\limadelic_raconteur\dotNet\Raconteur\Helpers\Languages.cs,The tool detected the smell in this class because it contains only data members without any method implementation. Following fields and properties are declared in this class: Keywords' Name' Native' Feature' Using' Background' Scenario' ScenarioOutline' Examples
39,Insufficient Modularization,Raconteur.Helpers,StringEx,D:\research\architectureSmells\repos\limadelic_raconteur\dotNet\Raconteur\Helpers\StringEx.cs,The tool detected the smell in this class becuase the class has bloated interface (large number of public methods). Total public methods in the class: 20 public methods
40,Broken Modularization,Raconteur.Helpers,XUnit,D:\research\architectureSmells\repos\limadelic_raconteur\dotNet\Raconteur\Helpers\XUnits.cs,The tool detected the smell in this class because it contains only data members without any method implementation. Following fields and properties are declared in this class: ' Name' Namespace' ClassAttr' MethodAttr' Category' Ignore' IgnoreWithReason
41,Cyclically-dependent Modularization,Raconteur.Generators,RaconteurGeneratorClass,D:\research\architectureSmells\repos\limadelic_raconteur\dotNet\Raconteur\Generators\RaconteurGenerator.cs,The tool detected the smell in this class because this class participates in a cyclic dependency. The participating classes in the cycle are: Raconteur.Generators.RaconteurGeneratorClass' Raconteur.Helpers.ObjectFactory
42,Cyclically-dependent Modularization,Raconteur.IDE,Project,D:\research\architectureSmells\repos\limadelic_raconteur\dotNet\Raconteur\IDE\Project.cs,The tool detected the smell in this class because this class participates in a cyclic dependency. The participating classes in the cycle are: Raconteur.IDE.Project' Raconteur.IDE.SettingsLoader
43,Cyclically-dependent Modularization,Raconteur,Feature,D:\research\architectureSmells\repos\limadelic_raconteur\dotNet\Raconteur\Feature.cs,The tool detected the smell in this class because this class participates in a cyclic dependency. The participating classes in the cycle are: Raconteur.Feature' Raconteur.Step
44,Cyclically-dependent Modularization,Raconteur,StepImplementation,D:\research\architectureSmells\repos\limadelic_raconteur\dotNet\Raconteur\StepImplementation.cs,The tool detected the smell in this class because this class participates in a cyclic dependency. The participating classes in the cycle are: Raconteur.StepImplementation' Raconteur.Step
45,Cyclically-dependent Modularization,Raconteur.Refactoring,RenameStep,D:\research\architectureSmells\repos\limadelic_raconteur\dotNet\Raconteur\Refactoring\RenameStep.cs,The tool detected the smell in this class because this class participates in a cyclic dependency. The participating classes in the cycle are: Raconteur.Refactoring.RenameStep' Raconteur.Helpers.ObjectFactory
46,Cyclically-dependent Modularization,Raconteur.Generators,ScenarioGenerator,D:\research\architectureSmells\repos\limadelic_raconteur\dotNet\Raconteur\Generators\ScenarioGenerator.cs,The tool detected the smell in this class because this class participates in a cyclic dependency. The participating classes in the cycle are: Raconteur.Generators.ScenarioGenerator' Raconteur.Generators.RunnerGenerator' Raconteur.Helpers.ObjectFactory
47,Cyclically-dependent Modularization,Raconteur,Feature,D:\research\architectureSmells\repos\limadelic_raconteur\dotNet\Raconteur\Feature.cs,The tool detected the smell in this class because this class participates in a cyclic dependency. The participating classes in the cycle are: Raconteur.Feature' Raconteur.Step' Raconteur.Scenario
48,Cyclically-dependent Modularization,Raconteur,Feature,D:\research\architectureSmells\repos\limadelic_raconteur\dotNet\Raconteur\Feature.cs,The tool detected the smell in this class because this class participates in a cyclic dependency. The participating classes in the cycle are: Raconteur.Feature' Raconteur.Step' Raconteur.StepImplementation
49,Cyclically-dependent Modularization,Raconteur.Refactoring,RenameStep,D:\research\architectureSmells\repos\limadelic_raconteur\dotNet\Raconteur\Refactoring\RenameStep.cs,The tool detected the smell in this class because this class participates in a cyclic dependency. The participating classes in the cycle are: Raconteur.Refactoring.RenameStep' Raconteur.Helpers.ObjectFactory' Raconteur.Generators.RaconteurGeneratorClass
50,Cyclically-dependent Modularization,Raconteur.Generators,ScenarioGenerator,D:\research\architectureSmells\repos\limadelic_raconteur\dotNet\Raconteur\Generators\ScenarioGenerator.cs,The tool detected the smell in this class because this class participates in a cyclic dependency. The participating classes in the cycle are: Raconteur.Generators.ScenarioGenerator' Raconteur.Generators.RunnerGenerator' Raconteur.Generators.RaconteurGeneratorClass' Raconteur.Helpers.ObjectFactory
51,Cyclically-dependent Modularization,Raconteur,Feature,D:\research\architectureSmells\repos\limadelic_raconteur\dotNet\Raconteur\Feature.cs,The tool detected the smell in this class because this class participates in a cyclic dependency. The participating classes in the cycle are: Raconteur.Feature' Raconteur.Step' Raconteur.StepImplementation' Raconteur.Scenario
52,Cyclically-dependent Modularization,Raconteur.Refactoring,RenameStep,D:\research\architectureSmells\repos\limadelic_raconteur\dotNet\Raconteur\Refactoring\RenameStep.cs,The tool detected the smell in this class because this class participates in a cyclic dependency. The participating classes in the cycle are: Raconteur.Refactoring.RenameStep' Raconteur.Helpers.ObjectFactory' Raconteur.Generators.ScenarioGenerator' Raconteur.Generators.RunnerGenerator
53,Broken Hierarchy,Raconteur,InvalidFeature,D:\research\architectureSmells\repos\limadelic_raconteur\dotNet\Raconteur\Feature.cs,The tool detected a potential instance of the smell because this type does not implement or override any method from it's supertype(s): Raconteur.Feature
