,col0,col1,col2,col3,col4,col5,col6,col7,col8,col9,col10
0,edgeangle.dll,2125824,2,2677151392,2054-11-01T13:09:52.000Z,imports,api-ms-win-crt-runtime-l1-1-0.dll,_initterm_e,932f720ed7e0fd553421ab2d615055a4,a20e79f8aa443cb3d4e94cc54a61997ce864265fc9edcb5b0bf096bed8ee7d99,c:\Windows\System32\edgeangle.dll
1,edgeangle.dll,2125824,2,2677151392,2054-11-01T13:09:52.000Z,imports,api-ms-win-crt-string-l1-1-0.dll,memset,932f720ed7e0fd553421ab2d615055a4,a20e79f8aa443cb3d4e94cc54a61997ce864265fc9edcb5b0bf096bed8ee7d99,c:\Windows\System32\edgeangle.dll
2,edgeangle.dll,2125824,2,2677151392,2054-11-01T13:09:52.000Z,imports,api-ms-win-crt-string-l1-1-0.dll,strcmp,932f720ed7e0fd553421ab2d615055a4,a20e79f8aa443cb3d4e94cc54a61997ce864265fc9edcb5b0bf096bed8ee7d99,c:\Windows\System32\edgeangle.dll
3,edgeangle.dll,2125824,2,2677151392,2054-11-01T13:09:52.000Z,imports,api-ms-win-crt-string-l1-1-0.dll,strncmp,932f720ed7e0fd553421ab2d615055a4,a20e79f8aa443cb3d4e94cc54a61997ce864265fc9edcb5b0bf096bed8ee7d99,c:\Windows\System32\edgeangle.dll
4,edgeangle.dll,2125824,2,2677151392,2054-11-01T13:09:52.000Z,imports,api-ms-win-crt-private-l1-1-0.dll,__C_specific_handler,932f720ed7e0fd553421ab2d615055a4,a20e79f8aa443cb3d4e94cc54a61997ce864265fc9edcb5b0bf096bed8ee7d99,c:\Windows\System32\edgeangle.dll
5,edgeangle.dll,2125824,2,2677151392,2054-11-01T13:09:52.000Z,imports,api-ms-win-crt-private-l1-1-0.dll,__CxxFrameHandler3,932f720ed7e0fd553421ab2d615055a4,a20e79f8aa443cb3d4e94cc54a61997ce864265fc9edcb5b0bf096bed8ee7d99,c:\Windows\System32\edgeangle.dll
6,edgeangle.dll,2125824,2,2677151392,2054-11-01T13:09:52.000Z,imports,api-ms-win-crt-private-l1-1-0.dll,__std_terminate,932f720ed7e0fd553421ab2d615055a4,a20e79f8aa443cb3d4e94cc54a61997ce864265fc9edcb5b0bf096bed8ee7d99,c:\Windows\System32\edgeangle.dll
7,edgeangle.dll,2125824,2,2677151392,2054-11-01T13:09:52.000Z,imports,api-ms-win-crt-private-l1-1-0.dll,_o___acrt_iob_func,932f720ed7e0fd553421ab2d615055a4,a20e79f8aa443cb3d4e94cc54a61997ce864265fc9edcb5b0bf096bed8ee7d99,c:\Windows\System32\edgeangle.dll
8,edgeangle.dll,2125824,2,2677151392,2054-11-01T13:09:52.000Z,imports,api-ms-win-crt-private-l1-1-0.dll,_o___std_type_info_destroy_list,932f720ed7e0fd553421ab2d615055a4,a20e79f8aa443cb3d4e94cc54a61997ce864265fc9edcb5b0bf096bed8ee7d99,c:\Windows\System32\edgeangle.dll
9,edgeangle.dll,2125824,2,2677151392,2054-11-01T13:09:52.000Z,imports,api-ms-win-crt-private-l1-1-0.dll,_o___stdio_common_vfprintf,932f720ed7e0fd553421ab2d615055a4,a20e79f8aa443cb3d4e94cc54a61997ce864265fc9edcb5b0bf096bed8ee7d99,c:\Windows\System32\edgeangle.dll
10,edgeangle.dll,2125824,2,2677151392,2054-11-01T13:09:52.000Z,imports,api-ms-win-crt-private-l1-1-0.dll,_o___stdio_common_vsprintf,932f720ed7e0fd553421ab2d615055a4,a20e79f8aa443cb3d4e94cc54a61997ce864265fc9edcb5b0bf096bed8ee7d99,c:\Windows\System32\edgeangle.dll
11,edgeangle.dll,2125824,2,2677151392,2054-11-01T13:09:52.000Z,imports,api-ms-win-crt-private-l1-1-0.dll,_o___stdio_common_vsprintf_s,932f720ed7e0fd553421ab2d615055a4,a20e79f8aa443cb3d4e94cc54a61997ce864265fc9edcb5b0bf096bed8ee7d99,c:\Windows\System32\edgeangle.dll
12,edgeangle.dll,2125824,2,2677151392,2054-11-01T13:09:52.000Z,imports,api-ms-win-crt-private-l1-1-0.dll,_o__cexit,932f720ed7e0fd553421ab2d615055a4,a20e79f8aa443cb3d4e94cc54a61997ce864265fc9edcb5b0bf096bed8ee7d99,c:\Windows\System32\edgeangle.dll
13,edgeangle.dll,2125824,2,2677151392,2054-11-01T13:09:52.000Z,imports,api-ms-win-crt-private-l1-1-0.dll,_o__configure_narrow_argv,932f720ed7e0fd553421ab2d615055a4,a20e79f8aa443cb3d4e94cc54a61997ce864265fc9edcb5b0bf096bed8ee7d99,c:\Windows\System32\edgeangle.dll
14,edgeangle.dll,2125824,2,2677151392,2054-11-01T13:09:52.000Z,imports,api-ms-win-crt-private-l1-1-0.dll,_o__crt_atexit,932f720ed7e0fd553421ab2d615055a4,a20e79f8aa443cb3d4e94cc54a61997ce864265fc9edcb5b0bf096bed8ee7d99,c:\Windows\System32\edgeangle.dll
15,edgeangle.dll,2125824,2,2677151392,2054-11-01T13:09:52.000Z,imports,api-ms-win-crt-private-l1-1-0.dll,_o__errno,932f720ed7e0fd553421ab2d615055a4,a20e79f8aa443cb3d4e94cc54a61997ce864265fc9edcb5b0bf096bed8ee7d99,c:\Windows\System32\edgeangle.dll
16,edgeangle.dll,2125824,2,2677151392,2054-11-01T13:09:52.000Z,imports,api-ms-win-crt-private-l1-1-0.dll,_o__execute_onexit_table,932f720ed7e0fd553421ab2d615055a4,a20e79f8aa443cb3d4e94cc54a61997ce864265fc9edcb5b0bf096bed8ee7d99,c:\Windows\System32\edgeangle.dll
17,edgeangle.dll,2125824,2,2677151392,2054-11-01T13:09:52.000Z,imports,api-ms-win-crt-private-l1-1-0.dll,_o__fdsign,932f720ed7e0fd553421ab2d615055a4,a20e79f8aa443cb3d4e94cc54a61997ce864265fc9edcb5b0bf096bed8ee7d99,c:\Windows\System32\edgeangle.dll
18,edgeangle.dll,2125824,2,2677151392,2054-11-01T13:09:52.000Z,imports,api-ms-win-crt-private-l1-1-0.dll,_o__initialize_narrow_environment,932f720ed7e0fd553421ab2d615055a4,a20e79f8aa443cb3d4e94cc54a61997ce864265fc9edcb5b0bf096bed8ee7d99,c:\Windows\System32\edgeangle.dll
19,edgeangle.dll,2125824,2,2677151392,2054-11-01T13:09:52.000Z,imports,api-ms-win-crt-private-l1-1-0.dll,_o__initialize_onexit_table,932f720ed7e0fd553421ab2d615055a4,a20e79f8aa443cb3d4e94cc54a61997ce864265fc9edcb5b0bf096bed8ee7d99,c:\Windows\System32\edgeangle.dll
20,edgeangle.dll,2125824,2,2677151392,2054-11-01T13:09:52.000Z,imports,api-ms-win-crt-private-l1-1-0.dll,_o__invalid_parameter_noinfo_noreturn,932f720ed7e0fd553421ab2d615055a4,a20e79f8aa443cb3d4e94cc54a61997ce864265fc9edcb5b0bf096bed8ee7d99,c:\Windows\System32\edgeangle.dll
21,edgeangle.dll,2125824,2,2677151392,2054-11-01T13:09:52.000Z,imports,api-ms-win-crt-private-l1-1-0.dll,_o__purecall,932f720ed7e0fd553421ab2d615055a4,a20e79f8aa443cb3d4e94cc54a61997ce864265fc9edcb5b0bf096bed8ee7d99,c:\Windows\System32\edgeangle.dll
22,edgeangle.dll,2125824,2,2677151392,2054-11-01T13:09:52.000Z,imports,api-ms-win-crt-private-l1-1-0.dll,_o__register_onexit_function,932f720ed7e0fd553421ab2d615055a4,a20e79f8aa443cb3d4e94cc54a61997ce864265fc9edcb5b0bf096bed8ee7d99,c:\Windows\System32\edgeangle.dll
23,edgeangle.dll,2125824,2,2677151392,2054-11-01T13:09:52.000Z,imports,api-ms-win-crt-private-l1-1-0.dll,_o__seh_filter_dll,932f720ed7e0fd553421ab2d615055a4,a20e79f8aa443cb3d4e94cc54a61997ce864265fc9edcb5b0bf096bed8ee7d99,c:\Windows\System32\edgeangle.dll
24,edgeangle.dll,2125824,2,2677151392,2054-11-01T13:09:52.000Z,imports,api-ms-win-crt-private-l1-1-0.dll,_o__wcsicmp,932f720ed7e0fd553421ab2d615055a4,a20e79f8aa443cb3d4e94cc54a61997ce864265fc9edcb5b0bf096bed8ee7d99,c:\Windows\System32\edgeangle.dll
25,edgeangle.dll,2125824,2,2677151392,2054-11-01T13:09:52.000Z,imports,api-ms-win-crt-private-l1-1-0.dll,_o_acoshf,932f720ed7e0fd553421ab2d615055a4,a20e79f8aa443cb3d4e94cc54a61997ce864265fc9edcb5b0bf096bed8ee7d99,c:\Windows\System32\edgeangle.dll
26,edgeangle.dll,2125824,2,2677151392,2054-11-01T13:09:52.000Z,imports,api-ms-win-crt-private-l1-1-0.dll,_o_asinhf,932f720ed7e0fd553421ab2d615055a4,a20e79f8aa443cb3d4e94cc54a61997ce864265fc9edcb5b0bf096bed8ee7d99,c:\Windows\System32\edgeangle.dll
27,edgeangle.dll,2125824,2,2677151392,2054-11-01T13:09:52.000Z,imports,api-ms-win-crt-private-l1-1-0.dll,_o_atanhf,932f720ed7e0fd553421ab2d615055a4,a20e79f8aa443cb3d4e94cc54a61997ce864265fc9edcb5b0bf096bed8ee7d99,c:\Windows\System32\edgeangle.dll
28,edgeangle.dll,2125824,2,2677151392,2054-11-01T13:09:52.000Z,imports,api-ms-win-crt-private-l1-1-0.dll,_o_atoi,932f720ed7e0fd553421ab2d615055a4,a20e79f8aa443cb3d4e94cc54a61997ce864265fc9edcb5b0bf096bed8ee7d99,c:\Windows\System32\edgeangle.dll
29,edgeangle.dll,2125824,2,2677151392,2054-11-01T13:09:52.000Z,imports,api-ms-win-crt-private-l1-1-0.dll,_o_ceil,932f720ed7e0fd553421ab2d615055a4,a20e79f8aa443cb3d4e94cc54a61997ce864265fc9edcb5b0bf096bed8ee7d99,c:\Windows\System32\edgeangle.dll
30,edgeangle.dll,2125824,2,2677151392,2054-11-01T13:09:52.000Z,imports,api-ms-win-crt-private-l1-1-0.dll,_o_exit,932f720ed7e0fd553421ab2d615055a4,a20e79f8aa443cb3d4e94cc54a61997ce864265fc9edcb5b0bf096bed8ee7d99,c:\Windows\System32\edgeangle.dll
31,edgeangle.dll,2125824,2,2677151392,2054-11-01T13:09:52.000Z,imports,api-ms-win-crt-private-l1-1-0.dll,_o_exp2f,932f720ed7e0fd553421ab2d615055a4,a20e79f8aa443cb3d4e94cc54a61997ce864265fc9edcb5b0bf096bed8ee7d99,c:\Windows\System32\edgeangle.dll
32,edgeangle.dll,2125824,2,2677151392,2054-11-01T13:09:52.000Z,imports,api-ms-win-crt-private-l1-1-0.dll,_o_free,932f720ed7e0fd553421ab2d615055a4,a20e79f8aa443cb3d4e94cc54a61997ce864265fc9edcb5b0bf096bed8ee7d99,c:\Windows\System32\edgeangle.dll
33,edgeangle.dll,2125824,2,2677151392,2054-11-01T13:09:52.000Z,imports,api-ms-win-crt-private-l1-1-0.dll,_o_fwrite,932f720ed7e0fd553421ab2d615055a4,a20e79f8aa443cb3d4e94cc54a61997ce864265fc9edcb5b0bf096bed8ee7d99,c:\Windows\System32\edgeangle.dll
34,edgeangle.dll,2125824,2,2677151392,2054-11-01T13:09:52.000Z,imports,api-ms-win-crt-private-l1-1-0.dll,_o_isdigit,932f720ed7e0fd553421ab2d615055a4,a20e79f8aa443cb3d4e94cc54a61997ce864265fc9edcb5b0bf096bed8ee7d99,c:\Windows\System32\edgeangle.dll
35,edgeangle.dll,2125824,2,2677151392,2054-11-01T13:09:52.000Z,imports,api-ms-win-crt-private-l1-1-0.dll,_o_log,932f720ed7e0fd553421ab2d615055a4,a20e79f8aa443cb3d4e94cc54a61997ce864265fc9edcb5b0bf096bed8ee7d99,c:\Windows\System32\edgeangle.dll
36,edgeangle.dll,2125824,2,2677151392,2054-11-01T13:09:52.000Z,imports,api-ms-win-crt-private-l1-1-0.dll,_o_malloc,932f720ed7e0fd553421ab2d615055a4,a20e79f8aa443cb3d4e94cc54a61997ce864265fc9edcb5b0bf096bed8ee7d99,c:\Windows\System32\edgeangle.dll
37,edgeangle.dll,2125824,2,2677151392,2054-11-01T13:09:52.000Z,imports,api-ms-win-crt-private-l1-1-0.dll,_o_mbstowcs_s,932f720ed7e0fd553421ab2d615055a4,a20e79f8aa443cb3d4e94cc54a61997ce864265fc9edcb5b0bf096bed8ee7d99,c:\Windows\System32\edgeangle.dll
38,edgeangle.dll,2125824,2,2677151392,2054-11-01T13:09:52.000Z,imports,api-ms-win-crt-private-l1-1-0.dll,_o_pow,932f720ed7e0fd553421ab2d615055a4,a20e79f8aa443cb3d4e94cc54a61997ce864265fc9edcb5b0bf096bed8ee7d99,c:\Windows\System32\edgeangle.dll
39,edgeangle.dll,2125824,2,2677151392,2054-11-01T13:09:52.000Z,imports,api-ms-win-crt-private-l1-1-0.dll,_o_powf,932f720ed7e0fd553421ab2d615055a4,a20e79f8aa443cb3d4e94cc54a61997ce864265fc9edcb5b0bf096bed8ee7d99,c:\Windows\System32\edgeangle.dll
40,edgeangle.dll,2125824,2,2677151392,2054-11-01T13:09:52.000Z,imports,api-ms-win-crt-private-l1-1-0.dll,_o_realloc,932f720ed7e0fd553421ab2d615055a4,a20e79f8aa443cb3d4e94cc54a61997ce864265fc9edcb5b0bf096bed8ee7d99,c:\Windows\System32\edgeangle.dll
41,edgeangle.dll,2125824,2,2677151392,2054-11-01T13:09:52.000Z,imports,api-ms-win-crt-private-l1-1-0.dll,_o_round,932f720ed7e0fd553421ab2d615055a4,a20e79f8aa443cb3d4e94cc54a61997ce864265fc9edcb5b0bf096bed8ee7d99,c:\Windows\System32\edgeangle.dll
42,edgeangle.dll,2125824,2,2677151392,2054-11-01T13:09:52.000Z,imports,api-ms-win-crt-private-l1-1-0.dll,_o_roundf,932f720ed7e0fd553421ab2d615055a4,a20e79f8aa443cb3d4e94cc54a61997ce864265fc9edcb5b0bf096bed8ee7d99,c:\Windows\System32\edgeangle.dll
43,edgeangle.dll,2125824,2,2677151392,2054-11-01T13:09:52.000Z,imports,api-ms-win-crt-private-l1-1-0.dll,_o_strcpy_s,932f720ed7e0fd553421ab2d615055a4,a20e79f8aa443cb3d4e94cc54a61997ce864265fc9edcb5b0bf096bed8ee7d99,c:\Windows\System32\edgeangle.dll
44,edgeangle.dll,2125824,2,2677151392,2054-11-01T13:09:52.000Z,imports,api-ms-win-crt-private-l1-1-0.dll,_o_strtoul,932f720ed7e0fd553421ab2d615055a4,a20e79f8aa443cb3d4e94cc54a61997ce864265fc9edcb5b0bf096bed8ee7d99,c:\Windows\System32\edgeangle.dll
45,edgeangle.dll,2125824,2,2677151392,2054-11-01T13:09:52.000Z,imports,api-ms-win-crt-private-l1-1-0.dll,_o_wcstombs,932f720ed7e0fd553421ab2d615055a4,a20e79f8aa443cb3d4e94cc54a61997ce864265fc9edcb5b0bf096bed8ee7d99,c:\Windows\System32\edgeangle.dll
46,edgeangle.dll,2125824,2,2677151392,2054-11-01T13:09:52.000Z,imports,api-ms-win-crt-private-l1-1-0.dll,memchr,932f720ed7e0fd553421ab2d615055a4,a20e79f8aa443cb3d4e94cc54a61997ce864265fc9edcb5b0bf096bed8ee7d99,c:\Windows\System32\edgeangle.dll
47,edgeangle.dll,2125824,2,2677151392,2054-11-01T13:09:52.000Z,imports,api-ms-win-crt-private-l1-1-0.dll,memcmp,932f720ed7e0fd553421ab2d615055a4,a20e79f8aa443cb3d4e94cc54a61997ce864265fc9edcb5b0bf096bed8ee7d99,c:\Windows\System32\edgeangle.dll
48,edgeangle.dll,2125824,2,2677151392,2054-11-01T13:09:52.000Z,imports,api-ms-win-crt-private-l1-1-0.dll,memcpy,932f720ed7e0fd553421ab2d615055a4,a20e79f8aa443cb3d4e94cc54a61997ce864265fc9edcb5b0bf096bed8ee7d99,c:\Windows\System32\edgeangle.dll
49,edgeangle.dll,2125824,2,2677151392,2054-11-01T13:09:52.000Z,imports,api-ms-win-crt-private-l1-1-0.dll,memmove,932f720ed7e0fd553421ab2d615055a4,a20e79f8aa443cb3d4e94cc54a61997ce864265fc9edcb5b0bf096bed8ee7d99,c:\Windows\System32\edgeangle.dll
50,edgeangle.dll,2125824,2,2677151392,2054-11-01T13:09:52.000Z,imports,api-ms-win-crt-private-l1-1-0.dll,strstr,932f720ed7e0fd553421ab2d615055a4,a20e79f8aa443cb3d4e94cc54a61997ce864265fc9edcb5b0bf096bed8ee7d99,c:\Windows\System32\edgeangle.dll
51,edgeangle.dll,2125824,2,2677151392,2054-11-01T13:09:52.000Z,imports,api-ms-win-core-libraryloader-l1-2-0.dll,FreeLibrary,932f720ed7e0fd553421ab2d615055a4,a20e79f8aa443cb3d4e94cc54a61997ce864265fc9edcb5b0bf096bed8ee7d99,c:\Windows\System32\edgeangle.dll
52,edgeangle.dll,2125824,2,2677151392,2054-11-01T13:09:52.000Z,imports,api-ms-win-core-libraryloader-l1-2-0.dll,GetModuleFileNameW,932f720ed7e0fd553421ab2d615055a4,a20e79f8aa443cb3d4e94cc54a61997ce864265fc9edcb5b0bf096bed8ee7d99,c:\Windows\System32\edgeangle.dll
53,edgeangle.dll,2125824,2,2677151392,2054-11-01T13:09:52.000Z,imports,api-ms-win-core-libraryloader-l1-2-0.dll,GetModuleHandleW,932f720ed7e0fd553421ab2d615055a4,a20e79f8aa443cb3d4e94cc54a61997ce864265fc9edcb5b0bf096bed8ee7d99,c:\Windows\System32\edgeangle.dll
54,edgeangle.dll,2125824,2,2677151392,2054-11-01T13:09:52.000Z,imports,api-ms-win-core-libraryloader-l1-2-0.dll,GetProcAddress,932f720ed7e0fd553421ab2d615055a4,a20e79f8aa443cb3d4e94cc54a61997ce864265fc9edcb5b0bf096bed8ee7d99,c:\Windows\System32\edgeangle.dll
55,edgeangle.dll,2125824,2,2677151392,2054-11-01T13:09:52.000Z,imports,api-ms-win-core-shlwapi-legacy-l1-1-0.dll,PathFindFileNameW,932f720ed7e0fd553421ab2d615055a4,a20e79f8aa443cb3d4e94cc54a61997ce864265fc9edcb5b0bf096bed8ee7d99,c:\Windows\System32\edgeangle.dll
56,edgeangle.dll,2125824,2,2677151392,2054-11-01T13:09:52.000Z,imports,api-ms-win-eventing-provider-l1-1-0.dll,EventWriteEx,932f720ed7e0fd553421ab2d615055a4,a20e79f8aa443cb3d4e94cc54a61997ce864265fc9edcb5b0bf096bed8ee7d99,c:\Windows\System32\edgeangle.dll
57,edgeangle.dll,2125824,2,2677151392,2054-11-01T13:09:52.000Z,imports,api-ms-win-core-string-obsolete-l1-1-0.dll,lstrcmpiW,932f720ed7e0fd553421ab2d615055a4,a20e79f8aa443cb3d4e94cc54a61997ce864265fc9edcb5b0bf096bed8ee7d99,c:\Windows\System32\edgeangle.dll
58,edgeangle.dll,2125824,2,2677151392,2054-11-01T13:09:52.000Z,imports,api-ms-win-core-errorhandling-l1-1-0.dll,GetLastError,932f720ed7e0fd553421ab2d615055a4,a20e79f8aa443cb3d4e94cc54a61997ce864265fc9edcb5b0bf096bed8ee7d99,c:\Windows\System32\edgeangle.dll
59,edgeangle.dll,2125824,2,2677151392,2054-11-01T13:09:52.000Z,imports,api-ms-win-core-errorhandling-l1-1-0.dll,RaiseException,932f720ed7e0fd553421ab2d615055a4,a20e79f8aa443cb3d4e94cc54a61997ce864265fc9edcb5b0bf096bed8ee7d99,c:\Windows\System32\edgeangle.dll
60,edgeangle.dll,2125824,2,2677151392,2054-11-01T13:09:52.000Z,imports,api-ms-win-core-errorhandling-l1-1-0.dll,SetUnhandledExceptionFilter,932f720ed7e0fd553421ab2d615055a4,a20e79f8aa443cb3d4e94cc54a61997ce864265fc9edcb5b0bf096bed8ee7d99,c:\Windows\System32\edgeangle.dll
61,edgeangle.dll,2125824,2,2677151392,2054-11-01T13:09:52.000Z,imports,api-ms-win-core-errorhandling-l1-1-0.dll,UnhandledExceptionFilter,932f720ed7e0fd553421ab2d615055a4,a20e79f8aa443cb3d4e94cc54a61997ce864265fc9edcb5b0bf096bed8ee7d99,c:\Windows\System32\edgeangle.dll
62,edgeangle.dll,2125824,2,2677151392,2054-11-01T13:09:52.000Z,imports,api-ms-win-core-errorhandling-l1-1-2.dll,RaiseFailFastException,932f720ed7e0fd553421ab2d615055a4,a20e79f8aa443cb3d4e94cc54a61997ce864265fc9edcb5b0bf096bed8ee7d99,c:\Windows\System32\edgeangle.dll
63,edgeangle.dll,2125824,2,2677151392,2054-11-01T13:09:52.000Z,imports,api-ms-win-core-shlwapi-obsolete-l1-1-0.dll,StrCmpICW,932f720ed7e0fd553421ab2d615055a4,a20e79f8aa443cb3d4e94cc54a61997ce864265fc9edcb5b0bf096bed8ee7d99,c:\Windows\System32\edgeangle.dll
64,edgeangle.dll,2125824,2,2677151392,2054-11-01T13:09:52.000Z,imports,api-ms-win-core-shlwapi-obsolete-l1-1-0.dll,StrStrIW,932f720ed7e0fd553421ab2d615055a4,a20e79f8aa443cb3d4e94cc54a61997ce864265fc9edcb5b0bf096bed8ee7d99,c:\Windows\System32\edgeangle.dll
65,edgeangle.dll,2125824,2,2677151392,2054-11-01T13:09:52.000Z,imports,api-ms-win-core-processthreads-l1-1-0.dll,GetCurrentProcess,932f720ed7e0fd553421ab2d615055a4,a20e79f8aa443cb3d4e94cc54a61997ce864265fc9edcb5b0bf096bed8ee7d99,c:\Windows\System32\edgeangle.dll
66,edgeangle.dll,2125824,2,2677151392,2054-11-01T13:09:52.000Z,imports,api-ms-win-core-processthreads-l1-1-0.dll,GetCurrentProcessId,932f720ed7e0fd553421ab2d615055a4,a20e79f8aa443cb3d4e94cc54a61997ce864265fc9edcb5b0bf096bed8ee7d99,c:\Windows\System32\edgeangle.dll
67,edgeangle.dll,2125824,2,2677151392,2054-11-01T13:09:52.000Z,imports,api-ms-win-core-processthreads-l1-1-0.dll,GetCurrentThreadId,932f720ed7e0fd553421ab2d615055a4,a20e79f8aa443cb3d4e94cc54a61997ce864265fc9edcb5b0bf096bed8ee7d99,c:\Windows\System32\edgeangle.dll
68,edgeangle.dll,2125824,2,2677151392,2054-11-01T13:09:52.000Z,imports,api-ms-win-core-processthreads-l1-1-0.dll,TerminateProcess,932f720ed7e0fd553421ab2d615055a4,a20e79f8aa443cb3d4e94cc54a61997ce864265fc9edcb5b0bf096bed8ee7d99,c:\Windows\System32\edgeangle.dll
69,edgeangle.dll,2125824,2,2677151392,2054-11-01T13:09:52.000Z,imports,api-ms-win-core-processthreads-l1-1-0.dll,TlsAlloc,932f720ed7e0fd553421ab2d615055a4,a20e79f8aa443cb3d4e94cc54a61997ce864265fc9edcb5b0bf096bed8ee7d99,c:\Windows\System32\edgeangle.dll
70,edgeangle.dll,2125824,2,2677151392,2054-11-01T13:09:52.000Z,imports,api-ms-win-core-processthreads-l1-1-0.dll,TlsFree,932f720ed7e0fd553421ab2d615055a4,a20e79f8aa443cb3d4e94cc54a61997ce864265fc9edcb5b0bf096bed8ee7d99,c:\Windows\System32\edgeangle.dll
71,edgeangle.dll,2125824,2,2677151392,2054-11-01T13:09:52.000Z,imports,api-ms-win-core-processthreads-l1-1-0.dll,TlsGetValue,932f720ed7e0fd553421ab2d615055a4,a20e79f8aa443cb3d4e94cc54a61997ce864265fc9edcb5b0bf096bed8ee7d99,c:\Windows\System32\edgeangle.dll
72,edgeangle.dll,2125824,2,2677151392,2054-11-01T13:09:52.000Z,imports,api-ms-win-core-processthreads-l1-1-0.dll,TlsSetValue,932f720ed7e0fd553421ab2d615055a4,a20e79f8aa443cb3d4e94cc54a61997ce864265fc9edcb5b0bf096bed8ee7d99,c:\Windows\System32\edgeangle.dll
73,edgeangle.dll,2125824,2,2677151392,2054-11-01T13:09:52.000Z,imports,ntdll.dll,RtlGetSuiteMask,932f720ed7e0fd553421ab2d615055a4,a20e79f8aa443cb3d4e94cc54a61997ce864265fc9edcb5b0bf096bed8ee7d99,c:\Windows\System32\edgeangle.dll
74,edgeangle.dll,2125824,2,2677151392,2054-11-01T13:09:52.000Z,imports,api-ms-win-core-synch-l1-2-0.dll,InitOnceExecuteOnce,932f720ed7e0fd553421ab2d615055a4,a20e79f8aa443cb3d4e94cc54a61997ce864265fc9edcb5b0bf096bed8ee7d99,c:\Windows\System32\edgeangle.dll
75,edgeangle.dll,2125824,2,2677151392,2054-11-01T13:09:52.000Z,imports,api-ms-win-core-synch-l1-2-0.dll,Sleep,932f720ed7e0fd553421ab2d615055a4,a20e79f8aa443cb3d4e94cc54a61997ce864265fc9edcb5b0bf096bed8ee7d99,c:\Windows\System32\edgeangle.dll
76,edgeangle.dll,2125824,2,2677151392,2054-11-01T13:09:52.000Z,imports,api-ms-win-core-profile-l1-1-0.dll,QueryPerformanceCounter,932f720ed7e0fd553421ab2d615055a4,a20e79f8aa443cb3d4e94cc54a61997ce864265fc9edcb5b0bf096bed8ee7d99,c:\Windows\System32\edgeangle.dll
77,edgeangle.dll,2125824,2,2677151392,2054-11-01T13:09:52.000Z,imports,api-ms-win-core-profile-l1-1-0.dll,QueryPerformanceFrequency,932f720ed7e0fd553421ab2d615055a4,a20e79f8aa443cb3d4e94cc54a61997ce864265fc9edcb5b0bf096bed8ee7d99,c:\Windows\System32\edgeangle.dll
78,edgeangle.dll,2125824,2,2677151392,2054-11-01T13:09:52.000Z,imports,api-ms-win-core-sysinfo-l1-1-0.dll,GetSystemTimeAsFileTime,932f720ed7e0fd553421ab2d615055a4,a20e79f8aa443cb3d4e94cc54a61997ce864265fc9edcb5b0bf096bed8ee7d99,c:\Windows\System32\edgeangle.dll
79,edgeangle.dll,2125824,2,2677151392,2054-11-01T13:09:52.000Z,imports,api-ms-win-core-interlocked-l1-1-0.dll,InitializeSListHead,932f720ed7e0fd553421ab2d615055a4,a20e79f8aa443cb3d4e94cc54a61997ce864265fc9edcb5b0bf096bed8ee7d99,c:\Windows\System32\edgeangle.dll
80,edgeangle.dll,2125824,2,2677151392,2054-11-01T13:09:52.000Z,imports,api-ms-win-core-rtlsupport-l1-1-0.dll,RtlCaptureContext,932f720ed7e0fd553421ab2d615055a4,a20e79f8aa443cb3d4e94cc54a61997ce864265fc9edcb5b0bf096bed8ee7d99,c:\Windows\System32\edgeangle.dll
81,edgeangle.dll,2125824,2,2677151392,2054-11-01T13:09:52.000Z,imports,api-ms-win-core-rtlsupport-l1-1-0.dll,RtlLookupFunctionEntry,932f720ed7e0fd553421ab2d615055a4,a20e79f8aa443cb3d4e94cc54a61997ce864265fc9edcb5b0bf096bed8ee7d99,c:\Windows\System32\edgeangle.dll
82,edgeangle.dll,2125824,2,2677151392,2054-11-01T13:09:52.000Z,imports,api-ms-win-core-rtlsupport-l1-1-0.dll,RtlVirtualUnwind,932f720ed7e0fd553421ab2d615055a4,a20e79f8aa443cb3d4e94cc54a61997ce864265fc9edcb5b0bf096bed8ee7d99,c:\Windows\System32\edgeangle.dll
83,edgeangle.dll,2125824,2,2677151392,2054-11-01T13:09:52.000Z,imports,api-ms-win-core-debug-l1-1-0.dll,IsDebuggerPresent,932f720ed7e0fd553421ab2d615055a4,a20e79f8aa443cb3d4e94cc54a61997ce864265fc9edcb5b0bf096bed8ee7d99,c:\Windows\System32\edgeangle.dll
84,edgeangle.dll,2125824,2,2677151392,2054-11-01T13:09:52.000Z,imports,api-ms-win-core-processthreads-l1-1-1.dll,IsProcessorFeaturePresent,932f720ed7e0fd553421ab2d615055a4,a20e79f8aa443cb3d4e94cc54a61997ce864265fc9edcb5b0bf096bed8ee7d99,c:\Windows\System32\edgeangle.dll
85,edgeangle.dll,2125824,2,2677151392,2054-11-01T13:09:52.000Z,imports,msvcp_win.dll,??0?$basic_ios@DU?$char_traits@D@std@@@std@@IEAA@XZ,932f720ed7e0fd553421ab2d615055a4,a20e79f8aa443cb3d4e94cc54a61997ce864265fc9edcb5b0bf096bed8ee7d99,c:\Windows\System32\edgeangle.dll
86,edgeangle.dll,2125824,2,2677151392,2054-11-01T13:09:52.000Z,imports,msvcp_win.dll,??0?$basic_iostream@DU?$char_traits@D@std@@@std@@QEAA@PEAV?$basic_streambuf@DU?$char_traits@D@std@@@1@@Z,932f720ed7e0fd553421ab2d615055a4,a20e79f8aa443cb3d4e94cc54a61997ce864265fc9edcb5b0bf096bed8ee7d99,c:\Windows\System32\edgeangle.dll
87,edgeangle.dll,2125824,2,2677151392,2054-11-01T13:09:52.000Z,imports,msvcp_win.dll,??0?$basic_istream@DU?$char_traits@D@std@@@std@@QEAA@PEAV?$basic_streambuf@DU?$char_traits@D@std@@@1@_N@Z,932f720ed7e0fd553421ab2d615055a4,a20e79f8aa443cb3d4e94cc54a61997ce864265fc9edcb5b0bf096bed8ee7d99,c:\Windows\System32\edgeangle.dll
88,edgeangle.dll,2125824,2,2677151392,2054-11-01T13:09:52.000Z,imports,msvcp_win.dll,??0?$basic_ostream@DU?$char_traits@D@std@@@std@@QEAA@PEAV?$basic_streambuf@DU?$char_traits@D@std@@@1@_N@Z,932f720ed7e0fd553421ab2d615055a4,a20e79f8aa443cb3d4e94cc54a61997ce864265fc9edcb5b0bf096bed8ee7d99,c:\Windows\System32\edgeangle.dll
89,edgeangle.dll,2125824,2,2677151392,2054-11-01T13:09:52.000Z,imports,msvcp_win.dll,??0?$basic_streambuf@DU?$char_traits@D@std@@@std@@IEAA@XZ,932f720ed7e0fd553421ab2d615055a4,a20e79f8aa443cb3d4e94cc54a61997ce864265fc9edcb5b0bf096bed8ee7d99,c:\Windows\System32\edgeangle.dll
90,edgeangle.dll,2125824,2,2677151392,2054-11-01T13:09:52.000Z,imports,msvcp_win.dll,??1?$basic_ios@DU?$char_traits@D@std@@@std@@UEAA@XZ,932f720ed7e0fd553421ab2d615055a4,a20e79f8aa443cb3d4e94cc54a61997ce864265fc9edcb5b0bf096bed8ee7d99,c:\Windows\System32\edgeangle.dll
91,edgeangle.dll,2125824,2,2677151392,2054-11-01T13:09:52.000Z,imports,msvcp_win.dll,??1?$basic_iostream@DU?$char_traits@D@std@@@std@@UEAA@XZ,932f720ed7e0fd553421ab2d615055a4,a20e79f8aa443cb3d4e94cc54a61997ce864265fc9edcb5b0bf096bed8ee7d99,c:\Windows\System32\edgeangle.dll
92,edgeangle.dll,2125824,2,2677151392,2054-11-01T13:09:52.000Z,imports,msvcp_win.dll,??1?$basic_istream@DU?$char_traits@D@std@@@std@@UEAA@XZ,932f720ed7e0fd553421ab2d615055a4,a20e79f8aa443cb3d4e94cc54a61997ce864265fc9edcb5b0bf096bed8ee7d99,c:\Windows\System32\edgeangle.dll
93,edgeangle.dll,2125824,2,2677151392,2054-11-01T13:09:52.000Z,imports,msvcp_win.dll,??1?$basic_ostream@DU?$char_traits@D@std@@@std@@UEAA@XZ,932f720ed7e0fd553421ab2d615055a4,a20e79f8aa443cb3d4e94cc54a61997ce864265fc9edcb5b0bf096bed8ee7d99,c:\Windows\System32\edgeangle.dll
94,edgeangle.dll,2125824,2,2677151392,2054-11-01T13:09:52.000Z,imports,msvcp_win.dll,??1?$basic_streambuf@DU?$char_traits@D@std@@@std@@UEAA@XZ,932f720ed7e0fd553421ab2d615055a4,a20e79f8aa443cb3d4e94cc54a61997ce864265fc9edcb5b0bf096bed8ee7d99,c:\Windows\System32\edgeangle.dll
95,edgeangle.dll,2125824,2,2677151392,2054-11-01T13:09:52.000Z,imports,msvcp_win.dll,??5?$basic_istream@DU?$char_traits@D@std@@@std@@QEAAAEAV01@AEAH@Z,932f720ed7e0fd553421ab2d615055a4,a20e79f8aa443cb3d4e94cc54a61997ce864265fc9edcb5b0bf096bed8ee7d99,c:\Windows\System32\edgeangle.dll
96,edgeangle.dll,2125824,2,2677151392,2054-11-01T13:09:52.000Z,imports,msvcp_win.dll,??5?$basic_istream@DU?$char_traits@D@std@@@std@@QEAAAEAV01@AEAI@Z,932f720ed7e0fd553421ab2d615055a4,a20e79f8aa443cb3d4e94cc54a61997ce864265fc9edcb5b0bf096bed8ee7d99,c:\Windows\System32\edgeangle.dll
97,edgeangle.dll,2125824,2,2677151392,2054-11-01T13:09:52.000Z,imports,msvcp_win.dll,??5?$basic_istream@DU?$char_traits@D@std@@@std@@QEAAAEAV01@AEAM@Z,932f720ed7e0fd553421ab2d615055a4,a20e79f8aa443cb3d4e94cc54a61997ce864265fc9edcb5b0bf096bed8ee7d99,c:\Windows\System32\edgeangle.dll
98,edgeangle.dll,2125824,2,2677151392,2054-11-01T13:09:52.000Z,imports,msvcp_win.dll,??6?$basic_ostream@DU?$char_traits@D@std@@@std@@QEAAAEAV01@H@Z,932f720ed7e0fd553421ab2d615055a4,a20e79f8aa443cb3d4e94cc54a61997ce864265fc9edcb5b0bf096bed8ee7d99,c:\Windows\System32\edgeangle.dll
99,edgeangle.dll,2125824,2,2677151392,2054-11-01T13:09:52.000Z,imports,msvcp_win.dll,??6?$basic_ostream@DU?$char_traits@D@std@@@std@@QEAAAEAV01@I@Z,932f720ed7e0fd553421ab2d615055a4,a20e79f8aa443cb3d4e94cc54a61997ce864265fc9edcb5b0bf096bed8ee7d99,c:\Windows\System32\edgeangle.dll
100,edgeangle.dll,2125824,2,2677151392,2054-11-01T13:09:52.000Z,imports,msvcp_win.dll,??6?$basic_ostream@DU?$char_traits@D@std@@@std@@QEAAAEAV01@J@Z,932f720ed7e0fd553421ab2d615055a4,a20e79f8aa443cb3d4e94cc54a61997ce864265fc9edcb5b0bf096bed8ee7d99,c:\Windows\System32\edgeangle.dll
101,edgeangle.dll,2125824,2,2677151392,2054-11-01T13:09:52.000Z,imports,msvcp_win.dll,??6?$basic_ostream@DU?$char_traits@D@std@@@std@@QEAAAEAV01@M@Z,932f720ed7e0fd553421ab2d615055a4,a20e79f8aa443cb3d4e94cc54a61997ce864265fc9edcb5b0bf096bed8ee7d99,c:\Windows\System32\edgeangle.dll
102,edgeangle.dll,2125824,2,2677151392,2054-11-01T13:09:52.000Z,imports,msvcp_win.dll,??6?$basic_ostream@DU?$char_traits@D@std@@@std@@QEAAAEAV01@P6AAEAV01@AEAV01@@Z@Z,932f720ed7e0fd553421ab2d615055a4,a20e79f8aa443cb3d4e94cc54a61997ce864265fc9edcb5b0bf096bed8ee7d99,c:\Windows\System32\edgeangle.dll
103,edgeangle.dll,2125824,2,2677151392,2054-11-01T13:09:52.000Z,imports,msvcp_win.dll,??6?$basic_ostream@DU?$char_traits@D@std@@@std@@QEAAAEAV01@P6AAEAVios_base@1@AEAV21@@Z@Z,932f720ed7e0fd553421ab2d615055a4,a20e79f8aa443cb3d4e94cc54a61997ce864265fc9edcb5b0bf096bed8ee7d99,c:\Windows\System32\edgeangle.dll
104,edgeangle.dll,2125824,2,2677151392,2054-11-01T13:09:52.000Z,imports,msvcp_win.dll,??6?$basic_ostream@DU?$char_traits@D@std@@@std@@QEAAAEAV01@_K@Z,932f720ed7e0fd553421ab2d615055a4,a20e79f8aa443cb3d4e94cc54a61997ce864265fc9edcb5b0bf096bed8ee7d99,c:\Windows\System32\edgeangle.dll
105,edgeangle.dll,2125824,2,2677151392,2054-11-01T13:09:52.000Z,imports,msvcp_win.dll,?_Lock@?$basic_streambuf@DU?$char_traits@D@std@@@std@@UEAAXXZ,932f720ed7e0fd553421ab2d615055a4,a20e79f8aa443cb3d4e94cc54a61997ce864265fc9edcb5b0bf096bed8ee7d99,c:\Windows\System32\edgeangle.dll
106,edgeangle.dll,2125824,2,2677151392,2054-11-01T13:09:52.000Z,imports,msvcp_win.dll,?_Osfx@?$basic_ostream@DU?$char_traits@D@std@@@std@@QEAAXXZ,932f720ed7e0fd553421ab2d615055a4,a20e79f8aa443cb3d4e94cc54a61997ce864265fc9edcb5b0bf096bed8ee7d99,c:\Windows\System32\edgeangle.dll
107,edgeangle.dll,2125824,2,2677151392,2054-11-01T13:09:52.000Z,imports,msvcp_win.dll,?_Pninc@?$basic_streambuf@DU?$char_traits@D@std@@@std@@IEAAPEADXZ,932f720ed7e0fd553421ab2d615055a4,a20e79f8aa443cb3d4e94cc54a61997ce864265fc9edcb5b0bf096bed8ee7d99,c:\Windows\System32\edgeangle.dll
108,edgeangle.dll,2125824,2,2677151392,2054-11-01T13:09:52.000Z,imports,msvcp_win.dll,?_Unlock@?$basic_streambuf@DU?$char_traits@D@std@@@std@@UEAAXXZ,932f720ed7e0fd553421ab2d615055a4,a20e79f8aa443cb3d4e94cc54a61997ce864265fc9edcb5b0bf096bed8ee7d99,c:\Windows\System32\edgeangle.dll
109,edgeangle.dll,2125824,2,2677151392,2054-11-01T13:09:52.000Z,imports,msvcp_win.dll,?classic@locale@std@@SAAEBV12@XZ,932f720ed7e0fd553421ab2d615055a4,a20e79f8aa443cb3d4e94cc54a61997ce864265fc9edcb5b0bf096bed8ee7d99,c:\Windows\System32\edgeangle.dll
110,edgeangle.dll,2125824,2,2677151392,2054-11-01T13:09:52.000Z,imports,msvcp_win.dll,?eback@?$basic_streambuf@DU?$char_traits@D@std@@@std@@IEBAPEADXZ,932f720ed7e0fd553421ab2d615055a4,a20e79f8aa443cb3d4e94cc54a61997ce864265fc9edcb5b0bf096bed8ee7d99,c:\Windows\System32\edgeangle.dll
111,edgeangle.dll,2125824,2,2677151392,2054-11-01T13:09:52.000Z,imports,msvcp_win.dll,?egptr@?$basic_streambuf@DU?$char_traits@D@std@@@std@@IEBAPEADXZ,932f720ed7e0fd553421ab2d615055a4,a20e79f8aa443cb3d4e94cc54a61997ce864265fc9edcb5b0bf096bed8ee7d99,c:\Windows\System32\edgeangle.dll
112,edgeangle.dll,2125824,2,2677151392,2054-11-01T13:09:52.000Z,imports,msvcp_win.dll,?epptr@?$basic_streambuf@DU?$char_traits@D@std@@@std@@IEBAPEADXZ,932f720ed7e0fd553421ab2d615055a4,a20e79f8aa443cb3d4e94cc54a61997ce864265fc9edcb5b0bf096bed8ee7d99,c:\Windows\System32\edgeangle.dll
113,edgeangle.dll,2125824,2,2677151392,2054-11-01T13:09:52.000Z,imports,msvcp_win.dll,?fail@ios_base@std@@QEBA_NXZ,932f720ed7e0fd553421ab2d615055a4,a20e79f8aa443cb3d4e94cc54a61997ce864265fc9edcb5b0bf096bed8ee7d99,c:\Windows\System32\edgeangle.dll
114,edgeangle.dll,2125824,2,2677151392,2054-11-01T13:09:52.000Z,imports,msvcp_win.dll,?fill@?$basic_ios@DU?$char_traits@D@std@@@std@@QEAADD@Z,932f720ed7e0fd553421ab2d615055a4,a20e79f8aa443cb3d4e94cc54a61997ce864265fc9edcb5b0bf096bed8ee7d99,c:\Windows\System32\edgeangle.dll
115,edgeangle.dll,2125824,2,2677151392,2054-11-01T13:09:52.000Z,imports,msvcp_win.dll,?fill@?$basic_ios@DU?$char_traits@D@std@@@std@@QEBADXZ,932f720ed7e0fd553421ab2d615055a4,a20e79f8aa443cb3d4e94cc54a61997ce864265fc9edcb5b0bf096bed8ee7d99,c:\Windows\System32\edgeangle.dll
116,edgeangle.dll,2125824,2,2677151392,2054-11-01T13:09:52.000Z,imports,msvcp_win.dll,?flags@ios_base@std@@QEAAHH@Z,932f720ed7e0fd553421ab2d615055a4,a20e79f8aa443cb3d4e94cc54a61997ce864265fc9edcb5b0bf096bed8ee7d99,c:\Windows\System32\edgeangle.dll
117,edgeangle.dll,2125824,2,2677151392,2054-11-01T13:09:52.000Z,imports,msvcp_win.dll,?flags@ios_base@std@@QEBAHXZ,932f720ed7e0fd553421ab2d615055a4,a20e79f8aa443cb3d4e94cc54a61997ce864265fc9edcb5b0bf096bed8ee7d99,c:\Windows\System32\edgeangle.dll
118,edgeangle.dll,2125824,2,2677151392,2054-11-01T13:09:52.000Z,imports,msvcp_win.dll,?flush@?$basic_ostream@DU?$char_traits@D@std@@@std@@QEAAAEAV12@XZ,932f720ed7e0fd553421ab2d615055a4,a20e79f8aa443cb3d4e94cc54a61997ce864265fc9edcb5b0bf096bed8ee7d99,c:\Windows\System32\edgeangle.dll
119,edgeangle.dll,2125824,2,2677151392,2054-11-01T13:09:52.000Z,imports,msvcp_win.dll,?gbump@?$basic_streambuf@DU?$char_traits@D@std@@@std@@IEAAXH@Z,932f720ed7e0fd553421ab2d615055a4,a20e79f8aa443cb3d4e94cc54a61997ce864265fc9edcb5b0bf096bed8ee7d99,c:\Windows\System32\edgeangle.dll
120,edgeangle.dll,2125824,2,2677151392,2054-11-01T13:09:52.000Z,imports,msvcp_win.dll,?good@ios_base@std@@QEBA_NXZ,932f720ed7e0fd553421ab2d615055a4,a20e79f8aa443cb3d4e94cc54a61997ce864265fc9edcb5b0bf096bed8ee7d99,c:\Windows\System32\edgeangle.dll
121,edgeangle.dll,2125824,2,2677151392,2054-11-01T13:09:52.000Z,imports,msvcp_win.dll,?gptr@?$basic_streambuf@DU?$char_traits@D@std@@@std@@IEBAPEADXZ,932f720ed7e0fd553421ab2d615055a4,a20e79f8aa443cb3d4e94cc54a61997ce864265fc9edcb5b0bf096bed8ee7d99,c:\Windows\System32\edgeangle.dll
122,edgeangle.dll,2125824,2,2677151392,2054-11-01T13:09:52.000Z,imports,msvcp_win.dll,?imbue@?$basic_ios@DU?$char_traits@D@std@@@std@@QEAA?AVlocale@2@AEBV32@@Z,932f720ed7e0fd553421ab2d615055a4,a20e79f8aa443cb3d4e94cc54a61997ce864265fc9edcb5b0bf096bed8ee7d99,c:\Windows\System32\edgeangle.dll
123,edgeangle.dll,2125824,2,2677151392,2054-11-01T13:09:52.000Z,imports,msvcp_win.dll,?imbue@?$basic_streambuf@DU?$char_traits@D@std@@@std@@MEAAXAEBVlocale@2@@Z,932f720ed7e0fd553421ab2d615055a4,a20e79f8aa443cb3d4e94cc54a61997ce864265fc9edcb5b0bf096bed8ee7d99,c:\Windows\System32\edgeangle.dll
124,edgeangle.dll,2125824,2,2677151392,2054-11-01T13:09:52.000Z,imports,msvcp_win.dll,?pbase@?$basic_streambuf@DU?$char_traits@D@std@@@std@@IEBAPEADXZ,932f720ed7e0fd553421ab2d615055a4,a20e79f8aa443cb3d4e94cc54a61997ce864265fc9edcb5b0bf096bed8ee7d99,c:\Windows\System32\edgeangle.dll
125,edgeangle.dll,2125824,2,2677151392,2054-11-01T13:09:52.000Z,imports,msvcp_win.dll,?pptr@?$basic_streambuf@DU?$char_traits@D@std@@@std@@IEBAPEADXZ,932f720ed7e0fd553421ab2d615055a4,a20e79f8aa443cb3d4e94cc54a61997ce864265fc9edcb5b0bf096bed8ee7d99,c:\Windows\System32\edgeangle.dll
126,edgeangle.dll,2125824,2,2677151392,2054-11-01T13:09:52.000Z,imports,msvcp_win.dll,?precision@ios_base@std@@QEAA_J_J@Z,932f720ed7e0fd553421ab2d615055a4,a20e79f8aa443cb3d4e94cc54a61997ce864265fc9edcb5b0bf096bed8ee7d99,c:\Windows\System32\edgeangle.dll
127,edgeangle.dll,2125824,2,2677151392,2054-11-01T13:09:52.000Z,imports,msvcp_win.dll,?put@?$basic_ostream@DU?$char_traits@D@std@@@std@@QEAAAEAV12@D@Z,932f720ed7e0fd553421ab2d615055a4,a20e79f8aa443cb3d4e94cc54a61997ce864265fc9edcb5b0bf096bed8ee7d99,c:\Windows\System32\edgeangle.dll
128,edgeangle.dll,2125824,2,2677151392,2054-11-01T13:09:52.000Z,imports,msvcp_win.dll,?rdbuf@?$basic_ios@DU?$char_traits@D@std@@@std@@QEBAPEAV?$basic_streambuf@DU?$char_traits@D@std@@@2@XZ,932f720ed7e0fd553421ab2d615055a4,a20e79f8aa443cb3d4e94cc54a61997ce864265fc9edcb5b0bf096bed8ee7d99,c:\Windows\System32\edgeangle.dll
129,edgeangle.dll,2125824,2,2677151392,2054-11-01T13:09:52.000Z,imports,msvcp_win.dll,?setbuf@?$basic_streambuf@DU?$char_traits@D@std@@@std@@MEAAPEAV12@PEAD_J@Z,932f720ed7e0fd553421ab2d615055a4,a20e79f8aa443cb3d4e94cc54a61997ce864265fc9edcb5b0bf096bed8ee7d99,c:\Windows\System32\edgeangle.dll
130,edgeangle.dll,2125824,2,2677151392,2054-11-01T13:09:52.000Z,imports,msvcp_win.dll,?setf@ios_base@std@@QEAAHH@Z,932f720ed7e0fd553421ab2d615055a4,a20e79f8aa443cb3d4e94cc54a61997ce864265fc9edcb5b0bf096bed8ee7d99,c:\Windows\System32\edgeangle.dll
131,edgeangle.dll,2125824,2,2677151392,2054-11-01T13:09:52.000Z,imports,msvcp_win.dll,?setf@ios_base@std@@QEAAHHH@Z,932f720ed7e0fd553421ab2d615055a4,a20e79f8aa443cb3d4e94cc54a61997ce864265fc9edcb5b0bf096bed8ee7d99,c:\Windows\System32\edgeangle.dll
132,edgeangle.dll,2125824,2,2677151392,2054-11-01T13:09:52.000Z,imports,msvcp_win.dll,?setg@?$basic_streambuf@DU?$char_traits@D@std@@@std@@IEAAXPEAD00@Z,932f720ed7e0fd553421ab2d615055a4,a20e79f8aa443cb3d4e94cc54a61997ce864265fc9edcb5b0bf096bed8ee7d99,c:\Windows\System32\edgeangle.dll
133,edgeangle.dll,2125824,2,2677151392,2054-11-01T13:09:52.000Z,imports,msvcp_win.dll,?setp@?$basic_streambuf@DU?$char_traits@D@std@@@std@@IEAAXPEAD00@Z,932f720ed7e0fd553421ab2d615055a4,a20e79f8aa443cb3d4e94cc54a61997ce864265fc9edcb5b0bf096bed8ee7d99,c:\Windows\System32\edgeangle.dll
134,edgeangle.dll,2125824,2,2677151392,2054-11-01T13:09:52.000Z,imports,msvcp_win.dll,?setp@?$basic_streambuf@DU?$char_traits@D@std@@@std@@IEAAXPEAD0@Z,932f720ed7e0fd553421ab2d615055a4,a20e79f8aa443cb3d4e94cc54a61997ce864265fc9edcb5b0bf096bed8ee7d99,c:\Windows\System32\edgeangle.dll
135,edgeangle.dll,2125824,2,2677151392,2054-11-01T13:09:52.000Z,imports,msvcp_win.dll,?setstate@?$basic_ios@DU?$char_traits@D@std@@@std@@QEAAXH_N@Z,932f720ed7e0fd553421ab2d615055a4,a20e79f8aa443cb3d4e94cc54a61997ce864265fc9edcb5b0bf096bed8ee7d99,c:\Windows\System32\edgeangle.dll
136,edgeangle.dll,2125824,2,2677151392,2054-11-01T13:09:52.000Z,imports,msvcp_win.dll,?setw@std@@YA?AU?$_Smanip@_J@1@_J@Z,932f720ed7e0fd553421ab2d615055a4,a20e79f8aa443cb3d4e94cc54a61997ce864265fc9edcb5b0bf096bed8ee7d99,c:\Windows\System32\edgeangle.dll
137,edgeangle.dll,2125824,2,2677151392,2054-11-01T13:09:52.000Z,imports,msvcp_win.dll,?showmanyc@?$basic_streambuf@DU?$char_traits@D@std@@@std@@MEAA_JXZ,932f720ed7e0fd553421ab2d615055a4,a20e79f8aa443cb3d4e94cc54a61997ce864265fc9edcb5b0bf096bed8ee7d99,c:\Windows\System32\edgeangle.dll
138,edgeangle.dll,2125824,2,2677151392,2054-11-01T13:09:52.000Z,imports,msvcp_win.dll,?sputc@?$basic_streambuf@DU?$char_traits@D@std@@@std@@QEAAHD@Z,932f720ed7e0fd553421ab2d615055a4,a20e79f8aa443cb3d4e94cc54a61997ce864265fc9edcb5b0bf096bed8ee7d99,c:\Windows\System32\edgeangle.dll
139,edgeangle.dll,2125824,2,2677151392,2054-11-01T13:09:52.000Z,imports,msvcp_win.dll,?sputn@?$basic_streambuf@DU?$char_traits@D@std@@@std@@QEAA_JPEBD_J@Z,932f720ed7e0fd553421ab2d615055a4,a20e79f8aa443cb3d4e94cc54a61997ce864265fc9edcb5b0bf096bed8ee7d99,c:\Windows\System32\edgeangle.dll
140,edgeangle.dll,2125824,2,2677151392,2054-11-01T13:09:52.000Z,imports,msvcp_win.dll,?sync@?$basic_streambuf@DU?$char_traits@D@std@@@std@@MEAAHXZ,932f720ed7e0fd553421ab2d615055a4,a20e79f8aa443cb3d4e94cc54a61997ce864265fc9edcb5b0bf096bed8ee7d99,c:\Windows\System32\edgeangle.dll
141,edgeangle.dll,2125824,2,2677151392,2054-11-01T13:09:52.000Z,imports,msvcp_win.dll,?tie@?$basic_ios@DU?$char_traits@D@std@@@std@@QEBAPEAV?$basic_ostream@DU?$char_traits@D@std@@@2@XZ,932f720ed7e0fd553421ab2d615055a4,a20e79f8aa443cb3d4e94cc54a61997ce864265fc9edcb5b0bf096bed8ee7d99,c:\Windows\System32\edgeangle.dll
142,edgeangle.dll,2125824,2,2677151392,2054-11-01T13:09:52.000Z,imports,msvcp_win.dll,?uflow@?$basic_streambuf@DU?$char_traits@D@std@@@std@@MEAAHXZ,932f720ed7e0fd553421ab2d615055a4,a20e79f8aa443cb3d4e94cc54a61997ce864265fc9edcb5b0bf096bed8ee7d99,c:\Windows\System32\edgeangle.dll
143,edgeangle.dll,2125824,2,2677151392,2054-11-01T13:09:52.000Z,imports,msvcp_win.dll,?unsetf@ios_base@std@@QEAAXH@Z,932f720ed7e0fd553421ab2d615055a4,a20e79f8aa443cb3d4e94cc54a61997ce864265fc9edcb5b0bf096bed8ee7d99,c:\Windows\System32\edgeangle.dll
144,edgeangle.dll,2125824,2,2677151392,2054-11-01T13:09:52.000Z,imports,msvcp_win.dll,?widen@?$basic_ios@DU?$char_traits@D@std@@@std@@QEBADD@Z,932f720ed7e0fd553421ab2d615055a4,a20e79f8aa443cb3d4e94cc54a61997ce864265fc9edcb5b0bf096bed8ee7d99,c:\Windows\System32\edgeangle.dll
145,edgeangle.dll,2125824,2,2677151392,2054-11-01T13:09:52.000Z,imports,msvcp_win.dll,?width@ios_base@std@@QEAA_J_J@Z,932f720ed7e0fd553421ab2d615055a4,a20e79f8aa443cb3d4e94cc54a61997ce864265fc9edcb5b0bf096bed8ee7d99,c:\Windows\System32\edgeangle.dll
146,edgeangle.dll,2125824,2,2677151392,2054-11-01T13:09:52.000Z,imports,msvcp_win.dll,?width@ios_base@std@@QEBA_JXZ,932f720ed7e0fd553421ab2d615055a4,a20e79f8aa443cb3d4e94cc54a61997ce864265fc9edcb5b0bf096bed8ee7d99,c:\Windows\System32\edgeangle.dll
147,edgeangle.dll,2125824,2,2677151392,2054-11-01T13:09:52.000Z,imports,msvcp_win.dll,?write@?$basic_ostream@DU?$char_traits@D@std@@@std@@QEAAAEAV12@PEBD_J@Z,932f720ed7e0fd553421ab2d615055a4,a20e79f8aa443cb3d4e94cc54a61997ce864265fc9edcb5b0bf096bed8ee7d99,c:\Windows\System32\edgeangle.dll
148,edgeangle.dll,2125824,2,2677151392,2054-11-01T13:09:52.000Z,imports,msvcp_win.dll,?xsgetn@?$basic_streambuf@DU?$char_traits@D@std@@@std@@MEAA_JPEAD_J@Z,932f720ed7e0fd553421ab2d615055a4,a20e79f8aa443cb3d4e94cc54a61997ce864265fc9edcb5b0bf096bed8ee7d99,c:\Windows\System32\edgeangle.dll
149,edgeangle.dll,2125824,2,2677151392,2054-11-01T13:09:52.000Z,imports,msvcp_win.dll,?xsputn@?$basic_streambuf@DU?$char_traits@D@std@@@std@@MEAA_JPEBD_J@Z,932f720ed7e0fd553421ab2d615055a4,a20e79f8aa443cb3d4e94cc54a61997ce864265fc9edcb5b0bf096bed8ee7d99,c:\Windows\System32\edgeangle.dll
150,edgeangle.dll,2125824,2,2677151392,2054-11-01T13:09:52.000Z,imports,chakra.dll,MemProtectHeapCreate,932f720ed7e0fd553421ab2d615055a4,a20e79f8aa443cb3d4e94cc54a61997ce864265fc9edcb5b0bf096bed8ee7d99,c:\Windows\System32\edgeangle.dll
151,edgeangle.dll,2125824,2,2677151392,2054-11-01T13:09:52.000Z,imports,chakra.dll,MemProtectHeapDestroy,932f720ed7e0fd553421ab2d615055a4,a20e79f8aa443cb3d4e94cc54a61997ce864265fc9edcb5b0bf096bed8ee7d99,c:\Windows\System32\edgeangle.dll
152,edgeangle.dll,2125824,2,2677151392,2054-11-01T13:09:52.000Z,imports,chakra.dll,MemProtectHeapUnrootAndZero,932f720ed7e0fd553421ab2d615055a4,a20e79f8aa443cb3d4e94cc54a61997ce864265fc9edcb5b0bf096bed8ee7d99,c:\Windows\System32\edgeangle.dll
153,edgeangle.dll,2125824,2,2677151392,2054-11-01T13:09:52.000Z,imports,api-ms-win-core-heap-l1-1-0.dll,GetProcessHeap,932f720ed7e0fd553421ab2d615055a4,a20e79f8aa443cb3d4e94cc54a61997ce864265fc9edcb5b0bf096bed8ee7d99,c:\Windows\System32\edgeangle.dll
154,edgeangle.dll,2125824,2,2677151392,2054-11-01T13:09:52.000Z,imports,api-ms-win-core-heap-l1-1-0.dll,HeapAlloc,932f720ed7e0fd553421ab2d615055a4,a20e79f8aa443cb3d4e94cc54a61997ce864265fc9edcb5b0bf096bed8ee7d99,c:\Windows\System32\edgeangle.dll
155,edgeangle.dll,2125824,2,2677151392,2054-11-01T13:09:52.000Z,imports,api-ms-win-core-heap-l1-1-0.dll,HeapFree,932f720ed7e0fd553421ab2d615055a4,a20e79f8aa443cb3d4e94cc54a61997ce864265fc9edcb5b0bf096bed8ee7d99,c:\Windows\System32\edgeangle.dll
156,edgeangle.dll,2125824,2,2677151392,2054-11-01T13:09:52.000Z,imports,api-ms-win-core-delayload-l1-1-1.dll,ResolveDelayLoadedAPI,932f720ed7e0fd553421ab2d615055a4,a20e79f8aa443cb3d4e94cc54a61997ce864265fc9edcb5b0bf096bed8ee7d99,c:\Windows\System32\edgeangle.dll
157,edgeangle.dll,2125824,2,2677151392,2054-11-01T13:09:52.000Z,imports,api-ms-win-core-delayload-l1-1-0.dll,DelayLoadFailureHook,932f720ed7e0fd553421ab2d615055a4,a20e79f8aa443cb3d4e94cc54a61997ce864265fc9edcb5b0bf096bed8ee7d99,c:\Windows\System32\edgeangle.dll
158,edgeangle.dll,2125824,2,2677151392,2054-11-01T13:09:52.000Z,imports,api-ms-win-core-sysinfo-l1-2-0.dll,VerSetConditionMask,932f720ed7e0fd553421ab2d615055a4,a20e79f8aa443cb3d4e94cc54a61997ce864265fc9edcb5b0bf096bed8ee7d99,c:\Windows\System32\edgeangle.dll
159,edgeangle.dll,2125824,2,2677151392,2054-11-01T13:09:52.000Z,imports,api-ms-win-core-kernel32-legacy-l1-1-1.dll,VerifyVersionInfoW,932f720ed7e0fd553421ab2d615055a4,a20e79f8aa443cb3d4e94cc54a61997ce864265fc9edcb5b0bf096bed8ee7d99,c:\Windows\System32\edgeangle.dll
160,edgeangle.dll,2125824,2,2677151392,2054-11-01T13:09:52.000Z,imports,api-ms-win-core-libraryloader-l1-2-1.dll,LoadLibraryW,932f720ed7e0fd553421ab2d615055a4,a20e79f8aa443cb3d4e94cc54a61997ce864265fc9edcb5b0bf096bed8ee7d99,c:\Windows\System32\edgeangle.dll
161,edgeangle.dll,2125824,2,2677151392,2054-11-01T13:09:52.000Z,imports,api-ms-win-core-synch-l1-1-0.dll,CreateEventW,932f720ed7e0fd553421ab2d615055a4,a20e79f8aa443cb3d4e94cc54a61997ce864265fc9edcb5b0bf096bed8ee7d99,c:\Windows\System32\edgeangle.dll
162,edgeangle.dll,2125824,2,2677151392,2054-11-01T13:09:52.000Z,imports,api-ms-win-core-synch-l1-1-0.dll,DeleteCriticalSection,932f720ed7e0fd553421ab2d615055a4,a20e79f8aa443cb3d4e94cc54a61997ce864265fc9edcb5b0bf096bed8ee7d99,c:\Windows\System32\edgeangle.dll
163,edgeangle.dll,2125824,2,2677151392,2054-11-01T13:09:52.000Z,imports,api-ms-win-core-synch-l1-1-0.dll,EnterCriticalSection,932f720ed7e0fd553421ab2d615055a4,a20e79f8aa443cb3d4e94cc54a61997ce864265fc9edcb5b0bf096bed8ee7d99,c:\Windows\System32\edgeangle.dll
164,edgeangle.dll,2125824,2,2677151392,2054-11-01T13:09:52.000Z,imports,api-ms-win-core-synch-l1-1-0.dll,InitializeCriticalSectionAndSpinCount,932f720ed7e0fd553421ab2d615055a4,a20e79f8aa443cb3d4e94cc54a61997ce864265fc9edcb5b0bf096bed8ee7d99,c:\Windows\System32\edgeangle.dll
165,edgeangle.dll,2125824,2,2677151392,2054-11-01T13:09:52.000Z,imports,api-ms-win-core-synch-l1-1-0.dll,LeaveCriticalSection,932f720ed7e0fd553421ab2d615055a4,a20e79f8aa443cb3d4e94cc54a61997ce864265fc9edcb5b0bf096bed8ee7d99,c:\Windows\System32\edgeangle.dll
166,edgeangle.dll,2125824,2,2677151392,2054-11-01T13:09:52.000Z,imports,api-ms-win-core-synch-l1-1-0.dll,ResetEvent,932f720ed7e0fd553421ab2d615055a4,a20e79f8aa443cb3d4e94cc54a61997ce864265fc9edcb5b0bf096bed8ee7d99,c:\Windows\System32\edgeangle.dll
167,edgeangle.dll,2125824,2,2677151392,2054-11-01T13:09:52.000Z,imports,api-ms-win-core-synch-l1-1-0.dll,SetEvent,932f720ed7e0fd553421ab2d615055a4,a20e79f8aa443cb3d4e94cc54a61997ce864265fc9edcb5b0bf096bed8ee7d99,c:\Windows\System32\edgeangle.dll
168,edgeangle.dll,2125824,2,2677151392,2054-11-01T13:09:52.000Z,imports,api-ms-win-core-synch-l1-1-0.dll,WaitForSingleObject,932f720ed7e0fd553421ab2d615055a4,a20e79f8aa443cb3d4e94cc54a61997ce864265fc9edcb5b0bf096bed8ee7d99,c:\Windows\System32\edgeangle.dll
169,edgeangle.dll,2125824,2,2677151392,2054-11-01T13:09:52.000Z,imports,api-ms-win-core-synch-l1-1-0.dll,WaitForSingleObjectEx,932f720ed7e0fd553421ab2d615055a4,a20e79f8aa443cb3d4e94cc54a61997ce864265fc9edcb5b0bf096bed8ee7d99,c:\Windows\System32\edgeangle.dll
170,edgeangle.dll,2125824,2,2677151392,2054-11-01T13:09:52.000Z,imports,api-ms-win-core-handle-l1-1-0.dll,CloseHandle,932f720ed7e0fd553421ab2d615055a4,a20e79f8aa443cb3d4e94cc54a61997ce864265fc9edcb5b0bf096bed8ee7d99,c:\Windows\System32\edgeangle.dll
171,edgeangle.dll,2125824,2,2677151392,2054-11-01T13:09:52.000Z,imports,api-ms-win-crt-math-l1-1-0.dll,_fdtest,932f720ed7e0fd553421ab2d615055a4,a20e79f8aa443cb3d4e94cc54a61997ce864265fc9edcb5b0bf096bed8ee7d99,c:\Windows\System32\edgeangle.dll
172,edgeangle.dll,2125824,2,2677151392,2054-11-01T13:09:52.000Z,imports,api-ms-win-crt-math-l1-1-0.dll,acosf,932f720ed7e0fd553421ab2d615055a4,a20e79f8aa443cb3d4e94cc54a61997ce864265fc9edcb5b0bf096bed8ee7d99,c:\Windows\System32\edgeangle.dll
173,edgeangle.dll,2125824,2,2677151392,2054-11-01T13:09:52.000Z,imports,api-ms-win-crt-math-l1-1-0.dll,asinf,932f720ed7e0fd553421ab2d615055a4,a20e79f8aa443cb3d4e94cc54a61997ce864265fc9edcb5b0bf096bed8ee7d99,c:\Windows\System32\edgeangle.dll
174,edgeangle.dll,2125824,2,2677151392,2054-11-01T13:09:52.000Z,imports,api-ms-win-crt-math-l1-1-0.dll,atan2f,932f720ed7e0fd553421ab2d615055a4,a20e79f8aa443cb3d4e94cc54a61997ce864265fc9edcb5b0bf096bed8ee7d99,c:\Windows\System32\edgeangle.dll
175,edgeangle.dll,2125824,2,2677151392,2054-11-01T13:09:52.000Z,imports,api-ms-win-crt-math-l1-1-0.dll,atanf,932f720ed7e0fd553421ab2d615055a4,a20e79f8aa443cb3d4e94cc54a61997ce864265fc9edcb5b0bf096bed8ee7d99,c:\Windows\System32\edgeangle.dll
176,edgeangle.dll,2125824,2,2677151392,2054-11-01T13:09:52.000Z,imports,api-ms-win-crt-math-l1-1-0.dll,ceilf,932f720ed7e0fd553421ab2d615055a4,a20e79f8aa443cb3d4e94cc54a61997ce864265fc9edcb5b0bf096bed8ee7d99,c:\Windows\System32\edgeangle.dll
177,edgeangle.dll,2125824,2,2677151392,2054-11-01T13:09:52.000Z,imports,api-ms-win-crt-math-l1-1-0.dll,cosf,932f720ed7e0fd553421ab2d615055a4,a20e79f8aa443cb3d4e94cc54a61997ce864265fc9edcb5b0bf096bed8ee7d99,c:\Windows\System32\edgeangle.dll
178,edgeangle.dll,2125824,2,2677151392,2054-11-01T13:09:52.000Z,imports,api-ms-win-crt-math-l1-1-0.dll,coshf,932f720ed7e0fd553421ab2d615055a4,a20e79f8aa443cb3d4e94cc54a61997ce864265fc9edcb5b0bf096bed8ee7d99,c:\Windows\System32\edgeangle.dll
179,edgeangle.dll,2125824,2,2677151392,2054-11-01T13:09:52.000Z,imports,api-ms-win-crt-math-l1-1-0.dll,expf,932f720ed7e0fd553421ab2d615055a4,a20e79f8aa443cb3d4e94cc54a61997ce864265fc9edcb5b0bf096bed8ee7d99,c:\Windows\System32\edgeangle.dll
180,edgeangle.dll,2125824,2,2677151392,2054-11-01T13:09:52.000Z,imports,api-ms-win-crt-math-l1-1-0.dll,floorf,932f720ed7e0fd553421ab2d615055a4,a20e79f8aa443cb3d4e94cc54a61997ce864265fc9edcb5b0bf096bed8ee7d99,c:\Windows\System32\edgeangle.dll
181,edgeangle.dll,2125824,2,2677151392,2054-11-01T13:09:52.000Z,imports,api-ms-win-crt-math-l1-1-0.dll,logf,932f720ed7e0fd553421ab2d615055a4,a20e79f8aa443cb3d4e94cc54a61997ce864265fc9edcb5b0bf096bed8ee7d99,c:\Windows\System32\edgeangle.dll
182,edgeangle.dll,2125824,2,2677151392,2054-11-01T13:09:52.000Z,imports,api-ms-win-crt-math-l1-1-0.dll,modff,932f720ed7e0fd553421ab2d615055a4,a20e79f8aa443cb3d4e94cc54a61997ce864265fc9edcb5b0bf096bed8ee7d99,c:\Windows\System32\edgeangle.dll
183,edgeangle.dll,2125824,2,2677151392,2054-11-01T13:09:52.000Z,imports,api-ms-win-crt-math-l1-1-0.dll,sinf,932f720ed7e0fd553421ab2d615055a4,a20e79f8aa443cb3d4e94cc54a61997ce864265fc9edcb5b0bf096bed8ee7d99,c:\Windows\System32\edgeangle.dll
184,edgeangle.dll,2125824,2,2677151392,2054-11-01T13:09:52.000Z,imports,api-ms-win-crt-math-l1-1-0.dll,sinhf,932f720ed7e0fd553421ab2d615055a4,a20e79f8aa443cb3d4e94cc54a61997ce864265fc9edcb5b0bf096bed8ee7d99,c:\Windows\System32\edgeangle.dll
185,edgeangle.dll,2125824,2,2677151392,2054-11-01T13:09:52.000Z,imports,api-ms-win-crt-math-l1-1-0.dll,sqrtf,932f720ed7e0fd553421ab2d615055a4,a20e79f8aa443cb3d4e94cc54a61997ce864265fc9edcb5b0bf096bed8ee7d99,c:\Windows\System32\edgeangle.dll
186,edgeangle.dll,2125824,2,2677151392,2054-11-01T13:09:52.000Z,imports,api-ms-win-crt-math-l1-1-0.dll,tanf,932f720ed7e0fd553421ab2d615055a4,a20e79f8aa443cb3d4e94cc54a61997ce864265fc9edcb5b0bf096bed8ee7d99,c:\Windows\System32\edgeangle.dll
187,edgeangle.dll,2125824,2,2677151392,2054-11-01T13:09:52.000Z,imports,api-ms-win-crt-math-l1-1-0.dll,tanhf,932f720ed7e0fd553421ab2d615055a4,a20e79f8aa443cb3d4e94cc54a61997ce864265fc9edcb5b0bf096bed8ee7d99,c:\Windows\System32\edgeangle.dll
188,edgeangle.dll,2125824,2,2677151392,2054-11-01T13:09:52.000Z,imports,api-ms-win-crt-math-l1-1-0.dll,truncf,932f720ed7e0fd553421ab2d615055a4,a20e79f8aa443cb3d4e94cc54a61997ce864265fc9edcb5b0bf096bed8ee7d99,c:\Windows\System32\edgeangle.dll
