,col0,col1,col2,col3,col4,col5,col6,col7,col8,col9,col10,col11,col12,col13,col14,col15,col16,col17,col18,col19
0,e2392ac0-8fd1-11eb-924d-9cd76263cbd0,genus,Cryptocentrum,,,Benth.,Q731808,1880,,"J. Linn. Soc., Bot. 18: 325. 1880. (21 Feb 1880)",,,,,,,wfo-4000009874,2804485.0,,
1,7bed3ddc-8fcd-11eb-924d-9cd76263cbd0,species,caespitosum,Cryptocentrum,,Carnevali,Q8963925,2001,,Harvard Pap. Bot. 5: 472 2001,,Q95389050,,,,1020913-1,wfo-0000933122,5310805.0,,
2,7bed5ace-8fcd-11eb-924d-9cd76263cbd0,species,calcaratum,Cryptocentrum,,(Schltr.) Schltr.,Q62278,1914,,Orchideen 449 1914,,,,7c754f74-8fcd-11eb-924d-9cd76263cbd0,,71707-2,wfo-0000933123,5310826.0,,
3,7bed782e-8fcd-11eb-924d-9cd76263cbd0,species,costaricense,Cryptocentrum,,Schltr.,Q62278,1912,,Repert. Spec. Nov. Regni Veg. 10: 389 1912,,Q55752687,,,,624666-1,wfo-0000933124,5310827.0,,
4,7bed943a-8fcd-11eb-924d-9cd76263cbd0,species,dodsonii,Cryptocentrum,,Carnevali,Q8963925,2001,,Harvard Pap. Bot. 5: 474 2001,,Q95389050,,,,1020914-1,wfo-0000933125,5310819.0,,
5,7bedb00a-8fcd-11eb-924d-9cd76263cbd0,species,dunstervilleorum,Cryptocentrum,,Carnevali & G.A.Romero,"Q8963925,Q9001492",1994,,Orchidee (Hamburg) Suppl. 1: 3 1994,,,,,,306868-2,wfo-0000933126,5310828.0,,
6,7bedcc8e-8fcd-11eb-924d-9cd76263cbd0,species,escobarii,Cryptocentrum,,Carnevali,Q8963925,2001,,Harvard Pap. Bot. 5: 477 2001,,Q95389050,,,,1020915-1,wfo-0000933127,5310806.0,,
7,7bede96c-8fcd-11eb-924d-9cd76263cbd0,species,flavum,Cryptocentrum,,Schltr.,Q62278,1913,,Repert. Spec. Nov. Regni Veg. 12: 214 1913,,Q55752839,,,,71708-2,wfo-0000933128,5310820.0,,
8,7bee226a-8fcd-11eb-924d-9cd76263cbd0,species,gracilipes,Cryptocentrum,,Schltr.,Q62278,1923,,Repert. Spec. Nov. Regni Veg. Beih. 19: 246 1923,,,,,,275354-2,wfo-0000933130,5310829.0,,
9,7bee3eda-8fcd-11eb-924d-9cd76263cbd0,species,gracillimum,Cryptocentrum,,Ames & C.Schweinf.,"Q1669326,Q3609344",1925,,Orchidaceae 8: 68 1925,,,,,,71710-2,wfo-0000933131,5310807.0,,
10,7bee5abe-8fcd-11eb-924d-9cd76263cbd0,species,hirtzii,Cryptocentrum,,Dodson,Q5018643,1993,,Orquideologia 19: 89 1993,,,,,,312363-2,wfo-0000933132,5310821.0,,
11,7bee751c-8fcd-11eb-924d-9cd76263cbd0,species,hoppii,Cryptocentrum,,Schltr.,Q62278,1924,,Repert. Spec. Nov. Regni Veg. Beih. 27: 103 1924,,,,,,71711-2,wfo-0000933133,5310813.0,,
12,7bee8fac-8fcd-11eb-924d-9cd76263cbd0,species,inaequisepalum,Cryptocentrum,,C.Schweinf.,Q3609344,1946,,Bot. Mus. Leafl. 12: 186 1946,,Q100425494,,,,71712-2,wfo-0000933134,5310822.0,,
13,7beeacee-8fcd-11eb-924d-9cd76263cbd0,species,jamesonii,Cryptocentrum,,Benth.,Q731808,1883,,Gen. Pl. 3: 557 1883,,,,,,624672-1,wfo-0000933135,5310824.0,,
14,7beec918-8fcd-11eb-924d-9cd76263cbd0,species,latifolium,Cryptocentrum,,Schltr.,Q62278,1923,,Repert. Spec. Nov. Regni Veg. Beih. 19: 247 1923,,,,,,275355-2,wfo-0000933136,5310808.0,,
15,2fd363b8-8fcd-11eb-924d-9cd76263cbd0,variety,brachypetalum,Cryptocentrum,latifolium,Garay,Q2937426,1953,,Svensk Bot. Tidskr. 47: 228 1953,,,,,,71714-2,wfo-0000793386,5310809.0,,
16,7beee68c-8fcd-11eb-924d-9cd76263cbd0,species,lehmannii,Cryptocentrum,,(Rchb.f.) Garay,"Q62820,Q2937426",1958,,Bot. Mus. Leafl. 18: 209 1958,,Q100425660,,,,71715-2,wfo-0000933137,5310823.0,,
17,7bef0248-8fcd-11eb-924d-9cd76263cbd0,species,longipetalum,Cryptocentrum,,Carnevali,Q8963925,2001,,Harvard Pap. Bot. 5: 479 2001,,Q95389050,,,,1020916-1,wfo-0000933138,5310830.0,,
18,7bef1bca-8fcd-11eb-924d-9cd76263cbd0,species,longiscapum,Cryptocentrum,,Brieger,Q2314714,1977,,Bot. Jahrb. Syst. 97: 568 1977,,,,,,71716-2,wfo-0000933139,5310818.0,,
19,7bef5252-8fcd-11eb-924d-9cd76263cbd0,species,minus,Cryptocentrum,,Schltr.,Q62278,1912,,Repert. Spec. Nov. Regni Veg. 10: 389 1912,,Q55752687,,,,71717-2,wfo-0000933141,5310816.0,,
20,7bef6ddc-8fcd-11eb-924d-9cd76263cbd0,species,pergracile,Cryptocentrum,,Schltr.,Q62278,1924,,Repert. Spec. Nov. Regni Veg. Beih. 27: 103 1924,,,,,,71718-2,wfo-0000933142,5310831.0,,
21,7bef8718-8fcd-11eb-924d-9cd76263cbd0,species,peruvianum,Cryptocentrum,,(Cogn.) C.Schweinf.,"Q655719,Q3609344",1946,,Bot. Mus. Leafl. 12: 188 1946,,Q100425494,,bfb3461a-8fcd-11eb-924d-9cd76263cbd0,,71719-2,wfo-0000933143,5310810.0,,
22,c6b82f2c-9a07-11eb-a8a2-19ed5c03f8d3,subspecies,dactylinum,Cryptocentrum,peruvianum,Carnevali,Q8963925,2001,,Harvard Pap. Bot. 5(2): 482 (2001),,Q95389050,,,,1020917-1,,,,
23,7befa2e8-8fcd-11eb-924d-9cd76263cbd0,subspecies,minus,Cryptocentrum,peruvianum,(Schltr.) Carnevali,"Q62278,Q8963925",2001,,Harvard Pap. Bot. 5: 482 2001,,Q95389050,,,,1135785-2,wfo-0000933144,5310815.0,,
24,7befd8a8-8fcd-11eb-924d-9cd76263cbd0,species,pseudobulbosum,Cryptocentrum,,C.Schweinf.,Q3609344,1946,,Bot. Mus. Leafl. 12: 189 1946,,Q100425494,,,,71720-2,wfo-0000933146,5310832.0,,
25,7beff612-8fcd-11eb-924d-9cd76263cbd0,species,roseans,Cryptocentrum,,(Schltr.) A.D.Hawkes,"Q62278,Q5665995",1953,,Orchid J. 2: 379 1953,,,,,,71721-2,wfo-0000933147,5314400.0,,
26,7bf01232-8fcd-11eb-924d-9cd76263cbd0,species,silverstonei,Cryptocentrum,,Carnevali,Q8963925,2001,,Harvard Pap. Bot. 5: 483 2001,,Q95389050,,,,1020919-1,wfo-0000933148,5310825.0,,
27,7bf02e3e-8fcd-11eb-924d-9cd76263cbd0,species,spathaceum,Cryptocentrum,,Dodson,Q5018643,1993,,Orquideologia 19: 90 1993,,,,,,312266-2,wfo-0000933149,5310833.0,,
28,7bf06354-8fcd-11eb-924d-9cd76263cbd0,species,standleyi,Cryptocentrum,,Ames,Q1669326,1925,,Schedul. Orchid. 9: 55 1925,,,,,,71722-2,wfo-0000933151,5310817.0,,
