,col0,col1,col2
0,1,ReplaceConstant,org.assertj.core.error.ShouldAccept.<init>(Ljava/util/function/Predicate;Ljava/lang/Object;Lorg/assertj/core/presentation/PredicateDescription;)V:45 - ReplaceConstant - %nExpecting:%n  <%s predicate>%nto accept <%s> but it did not. -> 
1,2,ReplaceConstant,org.assertj.core.error.ShouldAccept.<init>(Ljava/util/function/Predicate;Ljava/lang/Object;Lorg/assertj/core/presentation/PredicateDescription;)V:45 - ReplaceConstant - 2 -> 0
2,3,ReplaceConstant,org.assertj.core.error.ShouldAccept.<init>(Ljava/util/function/Predicate;Ljava/lang/Object;Lorg/assertj/core/presentation/PredicateDescription;)V:45 - ReplaceConstant - 2 -> 1
3,4,ReplaceConstant,org.assertj.core.error.ShouldAccept.<init>(Ljava/util/function/Predicate;Ljava/lang/Object;Lorg/assertj/core/presentation/PredicateDescription;)V:45 - ReplaceConstant - 2 -> -1
4,5,ReplaceConstant,org.assertj.core.error.ShouldAccept.<init>(Ljava/util/function/Predicate;Ljava/lang/Object;Lorg/assertj/core/presentation/PredicateDescription;)V:45 - ReplaceConstant - 2 -> 3
5,6,ReplaceConstant,org.assertj.core.error.ShouldAccept.<init>(Ljava/util/function/Predicate;Ljava/lang/Object;Lorg/assertj/core/presentation/PredicateDescription;)V:45 - ReplaceConstant - 0 -> 1
6,7,ReplaceConstant,org.assertj.core.error.ShouldAccept.<init>(Ljava/util/function/Predicate;Ljava/lang/Object;Lorg/assertj/core/presentation/PredicateDescription;)V:45 - ReplaceConstant - 1 -> 0
