,col0,col1,col2,col3,col4,col5,col6,col7,col8,col9,col10
0,762708,story,,,23,19,acangiano,Securely store passwords with bcrypt,http://blog.phusion.nl/2009/08/13/securely-store-passwords-with-bcrypt-ruby-now-compatible-with-jruby-and-ruby-1-9/,,1250243965
1,762706,comment,762313,762413,0,0,rms,,,The Wall Street Journal articles quotes the founders to deny that it is a Facebook browser. The thing that makes the most sense is a browser that like Google chrome has a lot of HTMl5 hooks so it can do normal operating system activities like File Management.,1250243945
2,762705,story,,,1,0,trader,Quant Hedge Fund Returns - SAC,http://dealbreaker.com/2009/08/dear-sac-sisters.php,,1250243934
3,762704,comment,762659,762659,0,0,ErrantX,,,"There is a chatterous group - which you can recieve/send updates from/to via email (or web, Gtalk etc).<p><a href=""http://www.chatterous.com/hnyc/"" rel=""nofollow"">http://www.chatterous.com/hnyc/</a>",1250243919
4,762703,comment,762500,762500,0,0,onreact-com,,,"""a very large share of the people who were visiting the site were merely browsing to read headlines rather than using the aggregation page to decide what they wanted to read in detail.""<p>It's exactly the way I use a newsstand. I mostly browse the headlines and unless I find something every interesting I don't buy a newspaper or magazine.",1250243838
5,762702,comment,762659,762690,0,0,btw0,,,"When I say ""hang out"", I mean people can talk about anything (not just startup ideas) that HN community have interests, like what happens on HN web site, only in a mailing list interface.  It has to be mailing list because a lot of people prefer to be able to use their favorite email client (gnus, mutt, etc.) to read and write.",1250243658
6,762701,comment,762632,762632,0,0,onreact-com,,,"Indeed, we need data portability to rescue our content from dying services.",1250243631
7,762700,story,,,3,1,hachiya,Rentable Textbooks Finally Here for College Students?,http://www.nytimes.com/2009/08/14/education/14textbook.html?em,,1250243612
8,762699,comment,762121,762320,0,0,CrLf,,,"Dumb hollywood stuff that, funny enough, seems to be praised when it comes in dead tree format (eg. Neuromancer).<p>Thing is, cyberpunk is not hacking. Buffer overflows are not hacking. It never was, actually. Hacking is about building and learning, not about showing off your skills (which in most cases aren't really there).",1250243608
9,762698,comment,762659,762659,0,0,jacquesm,,,"That would just fork a bunch of threads from HN onto the mailing list, without the benefits that the site offers.<p>HN is currently 'pull', a mailing list would make it 'push'. I think one of the great things about the website is that you get to choose when you go there, a mailing list (especially a busy one) gets in the way of work pretty quickly.",1250243546
10,762697,comment,762600,762650,0,0,ErrantX,,,"> If the person doing the verifying is a human, they don't need the stamp<p>That was my thought too. Can it be improved? If there is an API to create a unique key based on the contents of the message (and the headers) that the client can then verify with centmail (or w/e).<p>Sure it wont do anything for mail NOT covered with centmail. BUT you can dump anything with a faked key (likely spam) and let in those with a real key. Then anything else goes to the spam filter as usual.<p>Kinda like a more worldly version of PGP signing.<p>Obviously that kind of scheme would require much more support from email vendors.",1250243539
11,762696,story,,,1,0,trader,Six Hours' Sleep Is Plenty for Lucky Few With Rare Gene Mutation ,http://bloomberg.com/apps/news?pid=20601124&sid=aQ5lUB7uXhKw,,1250243441
12,762695,comment,760477,761587,0,0,abalashov,,,"You're making the somewhat curious assumption that systematic neglect of ""preventive"" care (i.e. routine checkups) results directly in the ""downside"": large-scale, high-cost catastrophic events.<p>It certainly can, but from the point of view of statistics in human pathology, a complete <i>non sequitur</i>.  For every person that neglects a checkup and misses early detection of a highly surreptitious, life-threatening disease, there will be ten for whom it either has no impact or results in low-grade, unremarkable chronic conditions that require occasional office visits and prescriptions.<p>Having to directly bear the cost of going to the doctor also provides a considerable incentive for leading a healthier life and staying away from bad habits with adverse medical consequences, in the same way that people are disincentivised to do avoidable things that hurt their financial standing in other areas.",1250243382
13,762694,comment,761975,762037,0,0,antipaganda,,,"While I agree with you to an extent, Neal Stephenson also gets panned for writing long-winded stuff, like Anathem or the Baroque Trilogy. I just view it as dense brain-food, but some people get turned off.",1250243262
14,762693,comment,762552,762570,0,0,russss,,,Thanks. I spent 5 minutes staring at that title trying to make sense of it. I'm quite hung over.,1250243199
15,762692,comment,762512,762512,0,0,davidu,,,"It's my understanding that they are considered co-founders in title only, not in equity or role or responsibility.",1250243144
16,762691,comment,762313,762482,0,0,rms,,,"They are very vague about what they say it is, there are basically no real details in the article.",1250243082
17,762690,comment,762659,762688,0,0,mahmud,,,"You have an audience like this and all you wanna do is ""hang out""? I wanna put their time and mine to better uses.",1250243068
18,762689,comment,762313,762425,0,0,rms,,,"For a while it seemed that Facebook had killed Parakey, except for the redesign that made Facebook look more operating system like. I think the browser war is still relatively wide open assuming the eventual crash of Microsoft. Whatever these guys make is going to be interesting.",1250242975
19,762688,comment,762659,762663,0,0,btw0,,,What are you talking about? I was suggesting a mailing list for Hacker News community to hang out.,1250242879
20,762687,comment,760477,762374,0,0,abalashov,,,"That has the unfortunate effect of silencing minority constituencies that may have a substantive and HN spirit-compatible reason for thinking that an article is important to get out there and discuss, but whose thoughts do not mirror the prevailing trend of the groupthink.",1250242802
21,762686,comment,762565,762642,0,0,noaharc,,,"Thanks for the specific suggestion on the copy editing.  I'll definitely try to make it clearer.<p>Also a good point on the photo.  It's about the only ""bounce"" stock photo I could find...  I'll poke around and see if anything else might work, though.<p>Thanks for your suggestions!",1250242611
22,762685,comment,762512,762512,0,0,siong1987,,,"The best equity split is: everyone in your startup is happy. And, I don't think that there is any formula out there you can use.",1250242601
23,762684,comment,762565,762676,0,0,noaharc,,,"Thanks for the feedback!<p>a) I use the Yahoo BOSS index of your site to find other pages that would fit the search query well.<p>b) If the site isn't indexed then SearchEkko just doesn't display the widget at all.<p>c) Haha well it certainly tries to give the site owner front and center real-estate.  It also displays up to 4 results, if they're available (not shown in the demo).<p>d) Excellent points.  It's early -- I just wanted to see if there was any demand for the product before I spent too much more time on it.<p>e) I don't think that it really works very well in a sidebar.  It would be hard to display the other hits attractively, and I don't think it as noticeable to the visitor.  I played around with it, and 480px seemed as short as I could reasonably go.<p>f) Good to know.  It's something I've been working on, and I'll try to clarify it.<p>Thanks again!",1250242479
24,762683,comment,762121,762121,0,0,revorad,,,"Did you miss this gem? - <a href=""http://news.ycombinator.com/item?id=639976"" rel=""nofollow"">http://news.ycombinator.com/item?id=639976</a>",1250242455
25,762681,comment,762613,762613,0,0,sharpn,,,"A well-reasoned piece, although I understand that using BMI without considering muscle mass can be misleading.",1250242272
26,762680,comment,762552,762570,0,0,gjm11,,,And presumably s/Erasers/Erases/ too?,1250242202
27,762679,comment,762299,762384,0,0,mseebach,,,"And also microwave-thaws quite well, if you get the technique down.<p>Preferably, use the thawing program of the owen - if there isn't one, use a quite low setting.<p>Run the thaw-program for about half the amount of meat you have. This should soften the meat enough that you can chop it in 2-3 cm cubes with a big knife. Run the cubes (with plenty of air around) in the owen again, on the same program. You'll probably need to experiment a bit, but the idea is that you'd rather have nice and raw on the outside and semi-frozen in the middle, than cooked on the outside and raw in the middle.<p>The semi-frozen bits of meat will cook just fine, if the object is to get small chuck of meat, e.g. for a taco (if you need patties, slow-thawing is the only solution). Just remember not to over-fill the pan, if there's too much on the pan, if will boil, not sear, and you'll miss out on the tasty goodness of the malliard process.",1250242068
28,762678,comment,762552,762552,0,0,jrockway,,,I use Google Calendar...,1250241990
29,762677,comment,760477,762348,0,0,ahoyhere,,,"That's because the notion of insurance is wrong. People need healthcare coverage, not insurance.<p>We are all connected in this stupid country - if the family down the street can't afford preventative care, and the wife gets sick, and can't take care of the kids, and the husband misses work and gets fired from his job, and then they can't afford good nutritious food for their kids, so the kids go to school hungry and don't learn as well and don't test as well, the ripples can last for generations.<p>Here's the thing. People act as if healthcare is something that has to be earned, and deserved, and not only is this viewpoint inhumane (in the Greatest Nation in the World!), but it's <i>economically indefensible.</i><p>If people don't get early medical care, their lifetime economic output can be greatly reduced. And their children are affected. If children aren't taken care of with nutrition and care, their mental abilities, abilities to stay in school, are affected -- and <i>their</i> lifetime economic output is reduced. And targeted poverty (as opposed to where everyone's poor) breeds crime. Which creates greater loss of human economic potential AND greater costs for the government.<p>The country benefits from more, healthier workers, who can think straight, and don't spend significant portions of their time figuring out how to scrape by. These people can then spend money. Middle- and lower-middle-class people spend far more of their income than higher income brackets, if only they have the money to spend.<p>Net effect: The benefits to the entire country outweigh the costs, in a system where costs aren't an arms race between health insurance providers, malpractice insurers, and other for-profit companies.<p>A stitch in time saves nine.",1250241881
30,762676,comment,762565,762565,0,0,daremon,,,"Nice idea and the implementation seems good. I am tempted to use this on some of my sites.<p>Some questions:<p>a) How does it work? Lets say I have a recipe site and a visitor arrives from Google having searched for ""steak"". How do you find related articles on my site?<p>b) What if my site isn't indexed? (e.g. new, blocked etc)<p>c) The widget has 8 actions (links/buttons etc). 2 of them point to my site and 6 to yours! I would prefer something like 7 to mine and 1 to yours :)<p>d) Certainly add some options. The ""Looking for more on"", ""Or try a new search"" and the 3 related keywords should be optional.<p>e) The 480px is very limiting. I can't put that in a sidebar it has to go to the main area<p>f) The site copy needs a redo. I could not easily grasp what it does, how it works etc.<p>Great work overall - I hope my suggestions are well taken!",1250241856
31,762675,comment,762121,762357,0,0,radu_floricica,,,"For the young programmer 12 years ago it was still easier to get absorbed in a ""hacking"" culture - or so it was for me. At that time I thought linux, assembly and writing a virus in Pascal were very cool things, and I didn't have a problem getting my friends to agree. It seemed very natural then.<p>I admit I don't know many high-schoolers now, but my feeling is they really are less hacking-inclined, at least around here (Eastern Europe). I'd guess the main difference is access to information. Then it was very rationed - I remember learning assembly from a reference manual. Now Internet offers a lot less obstacles, so I don't really see a point for ""subversiveness"", at least in mainstream programming.",1250241818
32,762674,story,,,7,4,ido,The World (of Goo) Wasn't Built In A Day,http://tigsource.com/articles/2009/08/13/the-world-of-goo-wasnt-built-in-a-day,,1250241604
33,762673,comment,762299,762564,0,0,rlm,,,"<p><pre><code>    Anyway I'd like to see a book of other 'Cooking Patterns' laid out like this.\n</code></pre>\nThat would truly be a ""hacker's"" cookbook. I'd like to see that too!",1250241546
34,762672,comment,762346,762616,0,0,thamer,,,"Yes. If you follow the links on the Japanese page linked by keyist, you can change the URL to get his salted and hashed password. The salt is shown as well.",1250241524
35,762671,comment,761075,761075,0,0,greyfade,,,Wonderful. More drama. The Internet needs more drama. The babies need their attention.,1250241360
36,762668,comment,762509,762509,0,0,gtani,,,"The usual candidates: selenium, watir, HtmlUnit, HttpUnit;<p>Watir and selenium: plenty of examples of usage:<p><a href=""http://delicious.com/tag/watir"" rel=""nofollow"">http://delicious.com/tag/watir</a><p>You can look at iMacros and testGen4web, here's a staggeringly large list;<p><a href=""http://www.softwareqatest.com/qatweb1.html#FUNC"" rel=""nofollow"">http://www.softwareqatest.com/qatweb1.html#FUNC</a>",1250241274
37,762667,comment,760477,762114,0,0,ahoyhere,,,"Really? The VA? Did you miss all the scandals about the Walter Reed medical base in DC, where soldiers were mistreated, ignored and neglected, and even one killed himself in his room and no one noticed for 2 days? The hospital had no idea until his parents called and forced them to look for their missing son. This was a guy who was evacuated due to a semi-suicide attempt, and they didn't even bother to monitor him. Shameful.<p>Not to mention the <i>older</i> vets, especially from Vietnam. They are screwed at every turn and the previous administration cut their benefits even more.",1250241268
38,762666,comment,762360,762360,0,0,dlevine,,,congrats on launching,1250241256
39,762665,comment,762299,762538,0,0,edu,,,mmm... I work with 2 cups of liquid per cup of rice!,1250241140
40,762664,comment,762608,762643,0,0,jacquesm,,,"Ok, well, for what it's worth it sounds like a second hand toyota or something to that effect would be your ticket, they're reasonably cheap and about as reliable as it gets.<p>Other than that... you'd have to provide a whole pile of information on what your budget is (cheap is not the same for everybody), where you are and how much you expect to drive annually.<p>The way I do it is I set a budget, research the hell out of what is available on the local car sites within that budget, then pick a car make & model.<p>Then for the next month or so, every day I log in to all those sites and scan the listings for one that does not match the price/model year/mileage bracket.<p>The ones that are far below the average are worth looking in to and then you can probably still get a deal 20% better than what is listed. It's a buyers market at the moment.<p>I just bought a car listed at 11950 euros everywhere for 7000, (a c5 diesel), I expect to drive it for years.<p>EDIT: regarding the 'trust' factor, if I'm going to code up some stuff and I need advice I'd go to HN, not to my 'mechanic buddies' because I trust them more. Trust is not just personal relationships, it is also expertise.",1250241061
41,762663,comment,762659,762659,0,0,mahmud,,,"I want to be able to ""pitch"" an idea to a group of people and have some of them accept to implement it for equity, or choose to fund it for investment.<p>I feel like I latched on the first successful idea, mainly because it was 'ramen profitable' from the first instant, but I have done the market research for plenty of Plan Bs and Cs and would love to see some of them come to fruition NOW, and not wait for me til I have the time. The good part is that my Plan A is 'advertising', and it can carry all others on its back free of charge. Everything piggybacks on everything else.<p>Or maybe I should just hunker down and get this one rolling then come back for the others one at a time.<p>Too many bright minds and too much time is being wasted on ""web 2.0"" utilities and single-serving crap. Corporate intranet software is where ""we"" need to be at.",1250241025
42,762662,comment,762187,762640,0,0,trezor,,,"I have serious doubts about that being true. What about people submitting their own content? Stuff from RSS? Irc? Forwards at work? Random discovery? Only links I have ever <i>seen</i> on twitter is to Wil Weathon's blog posts. Not a single link I have posted on HN/reddit has ever come from twitter.<p>Guess my friends are more interested in posting original stuff than plugging content, and I'm pretty happy about that. If it's on their site, my RSS reader checks the internet 400x more times a day than I check twitter myself.<p>I think some twitter ""power users"" are oblivious to the fact that to everyone else it doesn't have to be the end all be all new everything communication platform it is to them. Me at least, I'm fully open about my ignorance about other uses :)",1250240932
43,762660,comment,762552,762552,0,0,pp,,,"<a href=""http://www.artlebedev.com/everything/taskwatch"" rel=""nofollow"">http://www.artlebedev.com/everything/taskwatch</a> (note the release date).",1250240807
44,762659,story,,,15,26,btw0,Ask HN: what about a mailing list for HN community?,,"Mailing list may have a cleaner interface than web, every email address subscribed to the mailing list is associated with a handle on HN web site, which can be ensured by some way. What do you think about this?",1250240751
45,762658,comment,762235,762393,0,0,philh,,,"Okay, it's not a business. The important part of the question is whether it's viable, which is equally valid to ask of a nonprofit.",1250240721
46,762657,comment,762608,762643,0,0,bdfh42,,,OK - but where in the world are you - such advice needs to be localised to some degree?,1250240698
