,col0,col1,col2,col3,col4,col5
0,Complex Method,Nake.Scripting,Preprocessor,D:\research\architectureSmells\repos\yevhen_Nake\Source\Nake\Scripting\Preprocessor.cs,ProcessLine,Cyclomatic complexity of the method is 8
1,Long Parameter List,Nake,BuildResult,D:\research\architectureSmells\repos\yevhen_Nake\Source\Nake\Engine.cs,BuildResult,The method has 5 parameters. Parameters: tasks' references' variables' assembly' symbols
2,Long Statement,Nake.Magic,FieldSubstitution,D:\research\architectureSmells\repos\yevhen_Nake\Source\Nake\Magic\FieldSubstitution.cs,Substitute,"The length of the statement  ""            Log.Trace(string.Format(""Matched field {0} with substitution coming from cmd line but type conversion failed""' symbol)); "" is 120."
3,Long Statement,Nake.Scripting,Preprocessor,D:\research\architectureSmells\repos\yevhen_Nake\Source\Nake\Scripting\Preprocessor.cs,IsUsingLine,"The length of the statement  ""            return line.TrimStart(' ').StartsWith(UsingString) && !line.Contains(""{"") && line.Contains("";"") && !line.Contains(""static""); "" is 124."
4,Complex Conditional,Nake,Task,D:\research\architectureSmells\repos\yevhen_Nake\Source\Nake\Options.cs,CheckSignature,"The conditional expression  ""!symbol.ReturnsVoid ||                                  symbol.IsGenericMethod ||                  symbol.Parameters.Any(p => p.RefKind != RefKind.None || !TypeConverter.IsSupported(p.Type)) ||                  hasDuplicateParameters""  is complex."
5,Magic Number,Nake.Magic,EnvironmentVariable,D:\research\architectureSmells\repos\yevhen_Nake\Source\Nake\Magic\StringInterpolation.cs,GetHashCode,The following statement contains a magic number: return (Name.GetHashCode() * 397);
6,Magic Number,Nake,Options,D:\research\architectureSmells\repos\yevhen_Nake\Source\Nake\Options.cs,PrintUsage,The following statement contains a magic number: @switch.PrintShortcut(maxSwitchShortcutsLength + 2);
7,Magic Number,Nake,Options,D:\research\architectureSmells\repos\yevhen_Nake\Source\Nake\Options.cs,PrintUsage,The following statement contains a magic number: @switch.PrintKeyword(maxSwitchKeywordLength + 2);
8,Magic Number,Nake,Switch,D:\research\architectureSmells\repos\yevhen_Nake\Source\Nake\Options.cs,Switch,The following statement contains a magic number: var hasValueSpecified = specification.Length == 2;
9,Magic Number,Nake,Match,D:\research\architectureSmells\repos\yevhen_Nake\Source\Nake\Options.cs,ArgumentsConsumed,The following statement contains a magic number: return value != null ? 2 : 1;
10,Magic Number,Nake,Match,D:\research\architectureSmells\repos\yevhen_Nake\Source\Nake\Options.cs,Match,"The following statement contains a magic number: current.SetName(arg.Substring(2).Replace(""-""' """"));"
11,Magic Number,Nake,Application,D:\research\architectureSmells\repos\yevhen_Nake\Source\Nake\Application.cs,PrintTask,The following statement contains a magic number: Console.Write(task.DisplayName.PadRight(breadth + 2));
12,Magic Number,Nake,TaskRegistry,D:\research\architectureSmells\repos\yevhen_Nake\Source\Nake\TaskRegistry.cs,CreateScriptInstance,The following statement contains a magic number: var submissionStates = new object[2];
13,Magic Number,Nake,GacUtil,D:\research\architectureSmells\repos\yevhen_Nake\Source\Nake\Utility.cs,IsAssemblyInGac,The following statement contains a magic number: var assembyInfo = new AssemblyInfo { cchBuf = 512 };
14,Magic Number,Nake.Scripting,GAC,D:\research\architectureSmells\repos\yevhen_Nake\Source\Nake\Scripting\GAC.cs,QueryAssemblyInfo,The following statement contains a magic number: var assembyInfo = new AssemblyInfo {cchBuf = 512};
