,col0,col1,col2,col3,col4,col5,col6,col7,col8,col9,col10
0,8442012,comment,8441699.0,8441989.0,0,0,steakejjs,,,"You can do this for any app.... not just snapchat.<p>He sets his computer as a proxy between snapchat-app and snappchat-server. When I did this, Snapchat was certificate pinned to their server (it&#x27;s been over a year though..so correct me if Im wrong).<p>This isn&#x27;t an attack other people on the network can perform on you.",1413032397
1,8442011,comment,8440357.0,8440357.0,0,0,hyp0,,,What about the <i>feeling</i> of experiences?<p>Perhaps like behaviourist pain: the unpleasantness <i>is</i> the wish it would stop.,1413032352
2,8442010,comment,8441939.0,8441939.0,0,0,j_philipp,,,"This is an infinite browser-based mmo universe where everything can be drawn and placed into the world, wiki-style... give us a shout if you need anything! You can also script blocks to have interaction or influence the environment (for instance, here&#x27;s an adventure: <a href=""http://manyland.com/newpolis"" rel=""nofollow"">http://manyland.com/newpolis</a> ).",1413032342
3,8442009,comment,8441671.0,8441797.0,0,0,danieltillett,,,"> Making people feel safe cycling to and from shops, homes, schools and their place of work.<p>The real issue is actually making cyclist safer, not making them feel safer. Even segregated paths are not a solution if they have to cross traffic.<p>I am not sure how to solve this problem short of pushing oil up to a $1000 a barrel - even then I suspect a lot of drivers would rather give up eating rather than give up their car.",1413032339
4,8442007,comment,8441055.0,8441994.0,0,0,t-rex1,,,I agree..,1413032131
5,8442006,comment,8441979.0,8441979.0,0,0,mp4box,,,"Cached version:<p><a href=""https://webcache.googleusercontent.com/search?q=cache:http%3A%2F%2Fhowtosplitanatom.com%2Fnews%2F32-sci-fi-novels-you-should-read%2F"" rel=""nofollow"">https://webcache.googleusercontent.com/search?q=cache:http%3...</a>",1413032119
6,8442005,comment,8440486.0,8441909.0,0,0,keithpeter,,,"True Charlie, I should have said <i>most of the time</i>...<p>The Wetterhahn case was mentioned in the original comment thread (or one of the articles linked from the original post) and was so shocking that permanent changes in regulations and practice occurred.<p>More mundane and work-a-day &#x27;early failures&#x27; here...<p><a href=""http://pipeline.corante.com/archives/2012/02/16/when_reagents_attack.php#comments"" rel=""nofollow"">http://pipeline.corante.com/archives/2012/02/16/when_reagent...</a><p>PS: Posting this from near the site of a biological failure that claimed two lives and (I gather) inspired one novel...<p><a href=""https://en.wikipedia.org/wiki/Janet_Parker"" rel=""nofollow"">https://en.wikipedia.org/wiki/Janet_Parker</a>",1413032090
7,8442004,story,,,71,45,cloudrail,"Show HN: One Adaptive API for Dropbox, Google Drive, OneDrive",http://cloud-rail.com,,1413032067
8,8442003,comment,8439896.0,8439896.0,0,0,fiatjaf,,,Any feedback is appreciated.,1413032020
9,8442002,comment,8441671.0,8441774.0,0,0,danieltillett,,,"It is not really hyperbole when it come to the consequence of a serious accident. Hundreds of cyclists are killed every year by cars and trucks, but I am yet to hear of even one driver killed by a cyclist - this would be a man bites dog type story.<p>You are far less worried about risk than me - if I had been hit 6 times by cars while on a bike I would not even be able to look at a bike without feeling ill let alone ride one.",1413031999
10,8442001,comment,8441699.0,8441699.0,0,0,alecco,,,This work was done within the Sadosky Foundation in Argentina under a new program to research/enhance security for mobile users. World renown researchers are part of the team. Kudos to them!,1413031985
11,8442000,comment,8436730.0,8437695.0,0,0,RamunasM,,,Thank you!,1413031937
12,8441999,comment,8438904.0,8439829.0,0,0,lumberjack,,,"Exactly. Long before Uber there was an idea of digitizing carpooling that went something like this:<p><a href=""http://www.youtube.com/watch?v=CTn-ev4fjsM"" rel=""nofollow"">http://www.youtube.com/watch?v=CTn-ev4fjsM</a><p>Even then, it&#x27;s not technically sharing as you are getting paid but the idea was that you are getting money for very minimal effort and in return providing good cheap travel options for people. Not just another taxi service.",1413031923
13,8441998,story,,,9,0,YL108,How to Find the Best Co-Founder Forever,http://hatchery.io/how-to-find-your-perfect-co-founder.html,,1413031922
14,8441997,comment,8441979.0,8441979.0,0,0,hamidr,,,It&#x27;s already down!,1413031855
15,8441996,comment,8441095.0,8441095.0,0,0,Immortalin,,,"Their greatest mistake(s) were the removal of visual basic 6 line of products and windows 10.  Visual basic 6 is my first programming language and is probably still my favourite. The problem with lua and python and most other &quot;beginner friendly&quot; languages is that it is hard to do anything useful when u are just starting other than printing hello world to terminal. My intro to vb6 was creating a simple calculator, it was amazing knowing that i could create an application simply by dragging and dropping some elements and writing some code. I never had to worry about things like gtk bindings and makefiles etc. The earlier version of visual studio started up in less then a second and I never experienced any lag. The killer feature was probably the combination of both an just-in-time interpretator and a full-blown compiler. I could simply click play and the app would run, if i need an exe, it would also export one. This feature put most modern &quot;repl-based languages&quot; and &quot;test-driven development&quot; to shame. A lot of people complain that vb 6 is not object-orientated enough, but remember, C is not object-orientated either, and it still tops the tiobe programming list. Windows is sorely in need of an Rapid application development framework. Although vb6 still installs on windows 7, a lot of its features are broken. I really miss having an IDE that doesnt get in your way, starts up quickly, and allows you to get things done fast. The argument that vb6 encourages bad programming practices etc. is not really that valid when the user is not an professional programmer. After all, would you rather teach your kids to code by teaching him about build tools and commandlines and gui bindings or would you simply give them an environment where they can create whatever they want in a fuss-free way? Now, lets just hope that microsoft isnt stupid enough to nerf asp.net web forms.......",1413031806
16,8441995,comment,8441699.0,8441699.0,0,0,dpweb,,,"Lemme get this straight.. The password is hardcoded into Java code, so by decompiling it you can get that pw and break it?  So essentially simple decompilation was all that was needed?  That&#x27;s weak.<p>What would have been some better alternatives to keep the encrypted files safe on the phone?  Couldn&#x27;t they have it call the server for a dynamic (safe) key?",1413031669
17,8441994,comment,8441055.0,8441985.0,0,0,psaintla,,,I&#x27;ve been a Snowden supporter but this is the kind of information that gets people killed. I&#x27;m not sure how comfortable I am with this. He proved his point a long time ago is this really necessary?,1413031657
18,8441993,comment,8439977.0,8440835.0,0,0,justincormack,,,"There is a good article about the failure of the plan to make the City of London pedway-based <a href=""http://vimeo.com/80787092"" rel=""nofollow"">http://vimeo.com/80787092</a>",1413031639
19,8441991,comment,8441671.0,8441797.0,0,0,whyenot,,,"> <i>i.e. It&#x27;s calculated in the UK, that a helmet law would kill 235 people per year more through obesity related deaths</i><p>Calculated by whom? Do you have any more information on how the calculator arrived at this figure? To me 235 seems a lot more precise than I would have expected.",1413031549
20,8441990,comment,8441854.0,8441854.0,0,0,Villodre,,,"This is very old:\n<a href=""http://www.snopes.com/humor/letters/connery.asp"" rel=""nofollow"">http://www.snopes.com/humor/letters/connery.asp</a>",1413031513
21,8441989,comment,8441699.0,8441699.0,0,0,jaimex3,,,"This is nothing, you can intercept the snap with wireshark and MITM:<p><a href=""https://www.youtube.com/watch?v=CuW-Rz65zLs"" rel=""nofollow"">https://www.youtube.com/watch?v=CuW-Rz65zLs</a>",1413031511
22,8441988,comment,8439977.0,8441386.0,0,0,justincormack,,,"Well the Florida example is for 4 lane highways, so not so sure.",1413031466
23,8441987,comment,8439648.0,8441775.0,0,0,atomical,,,"The moral compass / exploit is a red herring.  The bigger issue is that some guy  on the internet, who claims to be driven in all the right ways, isn&#x27;t talking about doing real life shit to land a job so he can provide for his family.  He won&#x27;t take real college courses because he can learn the subjects on his own so much faster.  So instead he majors in Spanish. Huh?<p>In life you need to know when to jump through hoops to get ahead.  But his ego and ideology prevent him from making the choices necessary to be successful.",1413031407
24,8441986,comment,8441055.0,8441097.0,0,0,stfu,,,"Somewhat sad to see the <i>cyber security war</i> narrative becoming the top voted comment on hackernews.<p>Until the public realize that they are themselves the target of those <i>cyber security war</i> activities by their own government, those revelations can not be damaging enough.<p>Just to support the point: Today the new Snowden movie is all over the news, while practically nobody seems to care bout those revelations you claim being <i>really damaging</i>.",1413031321
25,8441985,comment,8441055.0,8441055.0,0,0,t-rex1,,,"Revealing mass surveillance is one thing (great!), but some of these leaks feels like revealing too much and some of whats meant to be protecting us...no??",1413031311
26,8441984,story,,,1,0,aluciani,VMUG Benefits Video,https://www.youtube.com/watch?v=4uIN2bcFrSA&feature=youtu.be&a,,1413031309
27,8441983,comment,8439560.0,8441691.0,0,0,radmuzom,,,So the average bastard who reads Hacker News still gets to read the content? Your hypocrisy is just amazing.,1413031210
28,8441982,comment,8441681.0,8441879.0,0,0,qwerta,,,I think I will stick with a Docker. DEB packages are very complicated and this tool does not really handle dependency conflits and so on that well. Plus it does not work with RPM and other packages systems.,1413031064
29,8441980,comment,8441702.0,8441760.0,0,0,Kiro,,,But how can I see exactly what elements are loading when in the Chrome dev tools?,1413030915
30,8441979,story,,,187,184,smoyer,Sci-Fi Novels You Should Read,http://howtosplitanatom.com/news/32-sci-fi-novels-you-should-read/,,1413030912
31,8441978,comment,8441699.0,8441699.0,0,0,wellboy,,,"How a company with $163M in funding is not able to put just a normal encryption into their app or hire someone who knows about encryption is out of my comprehension.<p>We implemented a standard Blowfish encryption in university at a small project on the side and it was better than that.<p>I&#x27;m by no means a cryptography expert, but you don&#x27;t store keys on the device, they are generated dynamically. Storing them in a directory that seems like an unimportant directory is the most amateur mistake of trying to increase security, as it adds zero security.",1413030910
32,8441977,comment,8441095.0,8441899.0,0,0,curiousDog,,,"Ah, I believe this is what I came across and is more recent:\n<a href=""http://www.fool.com/investing/general/2014/06/05/heres-why-microsoft-corporation-is-the-biggest-aws.aspx"" rel=""nofollow"">http://www.fool.com/investing/general/2014/06/05/heres-why-m...</a>",1413030900
33,8441976,comment,8441933.0,8441933.0,0,0,chippy,,,">At some point, I was about to retweet those articles, but something prevented me from doing it....<p>>I didn’t care about them.<p>Many people don&#x27;t care about the things they promote, they care about the potential effect of the promotion. \nEither on themselves, attention, self-promotion, ego, or upon something that they do care about i.e. it might get more attention to a third party. In a sense, even the article was written for a reason.",1413030890
34,8441975,comment,8436205.0,8437012.0,0,0,glandium,,,"I don&#x27;t know if all countries that had such a law removed it, but in some countries, attempted suicide was a crime punished by death penalty.",1413030888
35,8441973,comment,8441720.0,8441720.0,0,0,_random_,,,"It is surprisingly reasonable. I wouldn&#x27;t bring this up at any company though. It seems some people are pretty happy to be Adders but perhaps it is because they prefer becoming Multipliers in the business analysis in parallel?<p><i>> They tend to have open-source contributions to their name, speak at conferences</i><p>I would say &quot;They tend to push for generic solutions for common problems across the whole team/department, share knowledge with the whole team/department&quot;.",1413030808
36,8441972,comment,8441682.0,8441682.0,0,0,another-one-off,,,"Mathematics is completely distinct from physics; it just happens that if you use mathematical ideas to model physical reality then the predictions are startlingly accurate.<p>It is entirely reasonable for mathematics to have no basis in physical reality. Mathematics is all about relations between things (if this has that property; it follows that...) and this has implications far beyond physics (eg,  statistics and probability have implications for physics, but applications almost literally everywhere - these ideas are bigger than physics). This essay is relevant to teaching mathematics to people who are more comfortable with physical examples than with abstract logic. Fair enough, realise that this is calling for &#x27;mathematics for physicists&#x27; rather than a better way of understanding maths.<p>Making the connection that all the mathematics we do is done in the context of reality doesn&#x27;t make mathematics a subset of physics any more than history is a subset of physics. If every theory we have about the universe was proven wrong tomorrow then physics people would need to get very busy indeed - but mathematicians wouldn&#x27;t even notice.",1413030668
37,8441971,comment,8441388.0,8441388.0,0,0,dhfromkorea,,,This looks interesting. I am curious where the main use cases would lie for this CLI vs. the official GUI?,1413030658
38,8441970,comment,8440357.0,8441522.0,0,0,dougabug,,,"&quot;The feeling of experience&quot; is likely the result of a mechanical process, in much the same way that the expression of DNA into RNA to construct proteins and regulate life is a mechanical process.<p>If a robot can see its environment, see objects and people and places recognize them, remember them, knows where it is and that it itself is a specific type of object in that space, constructs and modifies models for all of that...how is that not &quot;experiencing&quot;?",1413030629
39,8441969,comment,8441671.0,8441805.0,0,0,jan_g,,,"I don&#x27;t think that&#x27;s healthy point of view. Helmet has saved my skull once and a close relative of mine had an accident that would save him lots of pain had he wore a helmet (he hit a curb with his head when falling down).<p>Comparing cycling with walking on foot is, well, unusual to me to say the least. Of course, you can fall down walking as well, but as a cyclist, you are faster and you are sharing the road with other bigger/heavier vehicles. I would not dream of going on a bike to cycle in and around my town (somewhat hilly terrain, relatively narrow roads) without a helmet.",1413030623
40,8441968,comment,8441676.0,8441676.0,0,0,bane,,,An absolutely great book on Atari from formation to breakup is &quot;Atari inc. Business is fun&quot; which includes scans of old advertisements and even contracts from the time period.,1413030598
41,8441967,story,,,2,0,vishalchandra,Sales vs. Marketing vs. Advertising vs. Customer Development for Startups,http://blog.uberstarter.com/sales-vs-marketing-vs-advertising-vs-customer-development-for-startups/,,1413030596
42,8441966,comment,8440921.0,8441081.0,0,0,Luyt,,,"I&#x27;m also mildly annoyed by these popups which conceal the content you came for, and ask you to sign up or rate the site. Why do the site designers think I can decide that, when I just arrived?",1413030494
43,8441964,comment,8441671.0,8441787.0,0,0,pessimizer,,,">especially the helmet opponents are usually very outspoken and even rude, to the point that they lose credibility<p>They have to be, because they don&#x27;t have budgets and per diems. The pro-helmet side makes a fortune from selling helmets. The anti-helmet side runs on passion - whether that passion is for the truth as they see it (or as experiment and study have shown), or simply &#x27;government out of my cornflakes&#x27; libertarian rage.",1413030366
44,8441963,comment,8441892.0,8441892.0,0,0,nailer,,,"Misleading headline: the article isn&#x27;t a statement by Linus - who is well known for blunt technical criticism, and pointing out that he intends to offend someone who has done poor work - but about him.<p>And no transcript.<p>I upmodded too early, but I think this is another &#x27;criticising people is mean&#x27; drama post.",1413030344
45,8441962,comment,8441671.0,8441671.0,0,0,bane,,,"That&#x27;s okay,they do decent job of keeping your brains inside your skull in an accident, that&#x27;s nothing to sneeze at.",1413030319
46,8441961,comment,8438515.0,8441229.0,0,0,fiatjaf,,,"Oh, I didn&#x27;t read the whole thread, I was just thinking about my own experience with `cat gdrive/something` showing me a lot of unreadable bytes when it could show an iframe.",1413030316
47,8441960,comment,8441055.0,8441380.0,0,0,pluma,,,"More like: the US can&#x27;t get rid of its Cold War era habits.<p>The Cold War never ended. It was just extended from US vs the Soviet Union to US vs everybody else.<p>But what do you expect from a nation that is now <i>de facto</i> in a perpetual state of war with an amorphous, heterogeneous and strictly confidential blob of groups, nations and assorted individuals that includes its own citizens.",1413030223
48,8441959,story,,,2,0,fla,Massscanning the Internet – Defcon 22 [video],https://www.youtube.com/watch?v=UOWexFaRylM,,1413030221
49,8441958,story,,,4,0,balou,DigitalOcean API v2 Support With dopy Python Library,http://devo.ps/blog/announcing-dopy-with-digitalocean-api-v2/,,1413030211
50,8441957,comment,8441681.0,8441894.0,0,0,groovy2shoes,,,"Not sure about prepositions, but the articles are often omitted because most Slavic languages don&#x27;t have articles.<p><a href=""http://en.wikipedia.org/wiki/Article_%28grammar%29#Variation_among_languages"" rel=""nofollow"">http://en.wikipedia.org/wiki/Article_%28grammar%29#Variation...</a>",1413030141
51,8441956,comment,8440921.0,8440921.0,0,0,alimoeeny,,,It was nerve racking.,1413030125
52,8441955,comment,8441892.0,8441944.0,0,0,pervycreeper,,,Being mean is a grave offense in today&#x27;s environment.,1413030072
53,8441954,comment,8441671.0,8441767.0,0,0,adolph,,,"Thanks, it is interesting that the need for MIPS may come from all the aero-styling in helmets.",1413030061
54,8441953,comment,8441892.0,8441892.0,0,0,gendoikari,,,Linus Torvalds is evil. Good!,1413030039
55,8441952,comment,8441671.0,8441671.0,0,0,pessimizer,,,"A related helmet controversy:<p><a href=""http://jalopnik.com/5582380/how-the-truth-about-motorcycle-helmets-got-a-journalist-fired"" rel=""nofollow"">http://jalopnik.com/5582380/how-the-truth-about-motorcycle-h...</a><p>&quot;Ford has long been controversial with major helmet makers, authoring &#x27;Blowing the Lid Off,&#x27; the seminal expose of the flawed Snell M2005 helmet safety standard. In it, he proved through objective scientific testing that helmets made to that standard transmitted more forces to riders&#x27; heads than some less expensive helmets made to the DOT standard. Ford&#x27;s article turned conventional wisdom on its head, proving that certain less-expensive DOT helmets were, according to his testing, capable of transmitting lower forces to a rider&#x27;s head than the typically more expensive Snell M2005 brain buckets.&quot;<p>The original article: <a href=""http://web.archive.org/web/20070305231245/http://www.motorcyclistonline.com/gearbox/motorcycle_helmet_review/"" rel=""nofollow"">http://web.archive.org/web/20070305231245/http://www.motorcy...</a>",1413029976
56,8441951,story,,,2,0,bulltale,Live: Volvo Ocean Race – First Leg,http://www.volvooceanrace.com/en/home.html,,1413029970
57,8441949,comment,8441699.0,8441719.0,0,0,AlyssaRowan,,,"That sounds to me like the sound of doomed, screaming programmer.<p>Yes, this is all exactly as bad as you think it is. Yes, you did just read <i>ECB</i>. Snapchat clearly isn&#x27;t even <i>trying</i> to be secure.",1413029914
58,8441947,comment,8440191.0,8440995.0,0,0,berdario,,,"You&#x27;re the first person I ever heard suggest the possibility that Silk Road was used to distribute child pornography (which was probably among the many things covered by SR&#x27;s TOS ban of things harmful for others)<p>Do you have anything substantiating your claim?<p>PS: nevermind, I just found out your other comment further below: <a href=""https://news.ycombinator.com/item?id=8441338"" rel=""nofollow"">https://news.ycombinator.com/item?id=8441338</a>",1413029861
59,8441946,comment,8441671.0,8441809.0,0,0,TheAnimus,,,"There is also another benefit of a helmet, it changes how people treat you.  They apparently respect cyclists more when they wear a helmet.<p>I was in a collision a two months ago.  The driver hit me on purpose, because I had call him a wanker, he became self defining in this, by swiping me with the rear of his car, thankfully the relative speed difference would have been at most 10mph, so I only had minor injury (three fractures).<p>The police, who have a job to collect evidence, were not remotely accepting that I was not doing anything wrong.  My arm was injured, my head obviously not, so before the ambulance arrived someone had helped me remove it, and clip it to the holder on my bag.  Immediately the police were questioning me, asking why I wasn&#x27;t wearing my helmet when the accident happened.<p>My head never came close to hitting the ground during the impact.<p>The fact is that people are very judgemental.  Cyclists who wear helmets tend not to be the ones who cycle straight through junctions at red lights whilst smoking a spliff such as the space cadet I saw this Monday the 6th, 9:30am, Highgate.<p>It was interesting, that despite the obvious location of the collision, A lane that the car should not have been in, the Police were been told off by the paramedics for been hard on me, taking me off gas+air (mild anesthetic) so I could be breathalised for signs of alcohol consumption would be one good example of how I feal they acted poorly.  Only after they found my pilots license did the police start to treat me with any dignity or respect, it was frankly shameful, as the other party had already admitted he used his car to injure me to a witness.  Best of all, the driver isn&#x27;t even been charged with assault.",1413029850
60,8441945,story,,,3,0,jaoued,Elon Musk Says AI Could Wipe Out Humanity,http://www.newsmax.com/Newsfront/Elon-Musk-artificial-intelligence-tesla-humanity/2014/10/10/id/599915/,,1413029757
61,8441944,comment,8441892.0,8441892.0,0,0,spindritf,,,Who upvotes this? Who cares?<p>I thought the topic jumped the shark with Lennart Poettering complaining about people being mean.,1413029648
62,8441943,comment,8441681.0,8441681.0,0,0,jvdb,,,"This sounds really nice. I&#x27;ve been using apt as a deployment mechanism not unlike the use-cases describe. While the whole thing&#x27;s been rock solid, the repo management could do with a cleaner interface. Looking forward to giving it a go!",1413029615
63,8441942,comment,8441095.0,8441095.0,0,0,__Joker,,,"More oft repeated history apart from the later part of the article which discusses the present and the future direction.<p>&quot;The holy grail for Microsoft would be getting developers to write new software for Windows again &quot;, this necessarily isn&#x27;t true. The developer go where users and money are. And users not necessarily go to devices which have lot of apps. This might sound like a chicken and egg problem, but look at amazon, if developers are writing software for its devices, Amazon is bootstrapping its devices with software. I take out the other devices, the desktop and servers, might not have as much impact as it may sound.<p>Second, Xbox, Bing, may sound looser, but they may be interesting in the next round of battle. The smart phone battle is more or less is over and it is not going to make much difference, but the future of the smart device fields will be another story, if only MS can concentrate on the future in coherent way.",1413029573
64,8441941,comment,8438515.0,8439256.0,0,0,progman,,,"There are so many possible uses cases. For instance,<p>- Web development toolchain.<p>- (Multiple) Server administration.<p>- Control embedded systems. No need for special GUIs there. For instance, simply psty on a Raspberry Pi would be sufficient to present collected data in a nice web graphics on your PC. However for embedded systems I would recommend a reimplementation of psty in a compiled language like C or Nimrod.",1413029559
65,8441940,comment,8440357.0,8441374.0,0,0,dougabug,,,"When someone asks &quot;Is blue blue?&quot; they implicitly mean &quot;What is blue?&quot; or equivalently &quot;Does blue mean what we think it does?&quot; Blue has both an objective and subjective meaning, which today we see has different (i.e. electromagnetic spectra vs psychovisual perception). The question raised in the article is basically, &quot;Is human consciousness special?&quot;<p>When Copernicus questioned the Earth&#x27;s special place at the center of the Universe, it upset people immensely. Similarly, Darwin&#x27;s ideas upset massive numbers of people to this day by suggesting that we are the product of relatively mundane forces. Human beings naturally tend to believe that they are special and that mere mechanisms cannot match their extraordinary attributes.<p>It&#x27;s clearly upsetting to people to suggest that people are not &quot;conscious,&quot; but in fact the spirit of the question is useful and sobering. &quot;Consciousness&quot; and &quot;awareness&quot; are loaded terms, often tinged with connotations bordering on mysticism. &quot;Attention&quot; is generally a more mundane word. We have no qualms recognizing engineered attention systems, while most would balk at describing them as &quot;self-aware&quot;, or &quot;conscious.&quot; If we define consciousness as a system with reflexive attention, then human are conscious but so are certain computer systems. What&#x27;s in dispute is the quasi-mystical, highly anthropomorphic conception of consciousness, by whatever name, verses a more mundane and objective notion of sensing and modeling external and internal events.",1413029447
66,8441939,story,,,421,109,antoinec,Manyland,http://www.manyland.com,,1413029345
67,8441938,comment,8441755.0,8441755.0,0,0,arh68,,,"Great visual effect, great typesetting, very inspiring layout.. but is that guy really smoking a cigarette <i>at</i> the gas pump?  I can&#x27;t believe that&#x27;s legal there..",1413029345
68,8441937,comment,8439952.0,8440210.0,0,0,wycx,,,Thanks for the Esquire link. Very entertaining.,1413029313
69,8441936,story,,,2,0,allannjoroge,Jaguar brings science fiction to life,http://v8.autorgy.com/car-news/blog/car-tech/jaguar-brings-science-fiction-to-life,,1413029293
70,8441935,comment,8439977.0,8441543.0,0,0,slyn,,,"None of the vaguely famous underground/above-ground roads in Chicago, notably Wacker, Congress, and Michigan Ave, are pedestrian only above ground. It would also be pretty much lying to define those three roads as &quot;large parts&quot;. There&#x27;s probably 10-15 miles of drivable underground road in downtown (maybe less), most of which is used as not much more than service roads for garbage pickup and loading docks for the high rises above these.<p>Chicago is also somewhat of an exceptional city in this regard in that it was to an extent demolished and rebuilt twice, and the city was further built up from water level to accommodate underground plumbing and (IIRC) to reduce the swampiness of the land.",1413029282
71,8441934,comment,8441681.0,8441894.0,0,0,szabba,,,"It probably has something to do with out languages having more grammatical cases than English (which, arguably, has two, though it&#x27;s possible to only use one).",1413029250
72,8441933,story,,,2,1,hk__2,I Don’t Care,https://t37.net/i-don-t-care.html,,1413029236
73,8441932,story,,,5,1,Libertatea,Peter Thiel on what works at work,http://www.washingtonpost.com/blogs/on-leadership/wp/2014/10/10/peter-thiel-on-what-works-at-work/,,1413029172
74,8441931,comment,8441055.0,8441097.0,0,0,revelation,,,"Come on, it&#x27;s been 13 years now of this &quot;grave damage to national security&quot; talk. They claim it for everything.<p>I&#x27;m reasonably sure every thinking person has started, in their mind, to replace any invocation of &quot;national security&quot; with &quot;covering up either incompetence, negligence or breaches of law&quot;. Theres zero reasons we should be paying any attention to that label.<p>(I like to remind people of the case of Ibrahim vs. DHS, where the government spent all its time invoking various secrets related laws and privileges, citing national security, even having Holder sign a declaration to that purpose, and what for? To cover up the clerical error of some lowly FBI agent, who checked a wrong box.)",1413029164
75,8441930,comment,8441671.0,8441671.0,0,0,merraksh,,,"<i>Snively estimated that a naked head struck the surface with a force more than 1,000 times greater than gravity, or 1,000g, which is lethal.</i><p>I assume it meant &quot;the acceleration of a naked head upon hitting the surface is estimated as 1000g&quot;, as I can&#x27;t make sense of it otherwise. It would also help to say what height he dropped it from or the impact speed.",1413029159
76,8441929,comment,8439977.0,8441305.0,0,0,dalke,,,"As a quibble, &quot;not statistically significant&quot; means &quot;cannot tell if there was an effect, either positive or negative, because it&#x27;s smaller than the noise.&quot; The only difference is that one can&#x27;t use it to argue that it &#x27;theoretically [caused] a (small) net increase in safety&#x27;.<p>You use the phrase &quot;intentional danger&quot;. The flip side is that &quot;illusory safety.&quot; A 12&#x27; lane may feel safer even though it actually isn&#x27;t. But it feels like you stress the &quot;intentional danger&quot; part when the label is irrelevant - the questions are the number and severity of crashes, of human injury, of overall traffic capacity, etc. How one labels the emotional aspect of the driver&#x27;s internal state isn&#x27;t relevant to the outcomes.<p>Also, as secabeen pointed out, driver vigilance isn&#x27;t the only concern. To add another one 12&#x27; of road surface is simply more expensive to repair, clean, and replace than 10&#x27; of surface.<p>Regarding self-driving cars - sure, but how does that change anything in the next 10-20 years of road design? The underlying factors won&#x27;t change unless a large percentage of vehicles are self-driving. You might as well argue that enforcing a 10mph speed limit would be safer as well, as another example of a solution which, even though correct should it occur, won&#x27;t affect anyone&#x27;s planning now.",1413029141
77,8441928,comment,8441671.0,8441809.0,0,0,pessimizer,,,"It&#x27;s just an observation of fact. Facts are known to be biased. If there are studies that show the benefits of bicycle helmet wearing, I&#x27;d be interested in seeing them.",1413029108
78,8441927,comment,8440357.0,8440357.0,0,0,andybak,,,"I have similar feelings about this line of argument as I do about the Ontological Argument ( <a href=""http://en.wikipedia.org/wiki/Ontological_argument"" rel=""nofollow"">http://en.wikipedia.org/wiki/Ontological_argument</a> )<p>I have an immediate intuitive grasp that it is a flawed argument and - putting to one side for the moment whether I can move beyond intuition to construct a solid rebuttal - I find it hard to understand that someone could hold this belief in good faith.<p>(It&#x27;s subtly different to my feelings about Solipsism where I have an intuitive feeling that it&#x27;s incorrect but I actually concede that it&#x27;s a logically sound position to take.)<p>To be slightly whimsical for a moment - I wonder if this is proof that philosophical zombies exist. They could maintain this belief coherently whilst Descartes and I can dismiss it without further consideration...",1413029107
79,8441926,comment,8437458.0,8438016.0,0,0,po,,,"Even after reading that, I&#x27;m still not convinced it&#x27;s any worse than something like btrfs+non-ECC memory. The most convincing part is the &#x27;there are less tools&#x27; to recover from corruption angle.",1413029048
80,8441925,comment,8441699.0,8441699.0,0,0,higherpurpose,,,"If Snapchat is serious about its users&#x27; private messages, it should be implementing the Axolotl protocol for end-to-end encryption (what TextSecure uses, too). But Snapchat <i>isn&#x27;t</i> serious about it, as we&#x27;ve seen in several securiy/privacy scandals involving the company so far, so I&#x27;m not going to hold my breath for this.<p><a href=""https://whispersystems.org/blog/advanced-ratcheting/"" rel=""nofollow"">https://whispersystems.org/blog/advanced-ratcheting/</a><p>Pro tip for future chat app start-ups promising &quot;security&quot; or &quot;privacy&quot; or as the latest trend goes, &quot;anonymity&quot; for their users. If you can&#x27;t <i>really</i> hold your end of the bargain, don&#x27;t do it! Promise cute emoticons or whatever, instead. Hopefully there will be some class action lawsuits against companies like Snapchat, soon. They need to learn their lesson.",1413028952
81,8441924,comment,8439421.0,8439421.0,0,0,olgeni,,,"Never mind, I stopped at &quot;white people&quot;.",1413028934
82,8441923,comment,8440985.0,8441916.0,0,0,jrockway,,,Perhaps they should have called the product family &quot;TwoDrive&quot;.,1413028919
83,8441922,comment,8439408.0,8440854.0,0,0,enchufadoo,,,Thank you.,1413028902
84,8441921,story,,,4,0,jestinjoy1,Leap Motion V2,https://www.leapmotion.com/product/v2,,1413028894
85,8441920,comment,8441681.0,8441759.0,0,0,pessimizer,,,"It&#x27;s just article-dropping; get to know a few Eastern Europeans well and you might start doing it yourself.<p>One of my old bosses was Bosnian Croat, dropped articles like crazy, and added them in the wrong places. She would run her important emails by me for article-fixing before sending them. She was still smarter than me and better at her job than I was. Turns out that mastery of the arbitrary rules of English article placement and choice isn&#x27;t a very good indicator of intelligence or competence.",1413028834
86,8441919,comment,8441702.0,8441702.0,0,0,zeman,,,"You can see more of my performance data visualizations (like PerfMap) in a recent talk I gave at Velocity NY. <a href=""http://speedcurve.com/blog/velocity-a-better-waterfall-chart/"" rel=""nofollow"">http://speedcurve.com/blog/velocity-a-better-waterfall-chart...</a>",1413028810
