,col0,col1,col2,col3,col4,col5,col6,col7,col8,col9,col10
0,3918#planetary,nebula#centaurus#11h50,m17.7s#,degree10′57″#10.0,,,,,,,
1,3938#spiral,galaxy#ursa,major#11h52,m49.5s#,degree07′13″#11.0,,,,,,
2,3949#spiral,galaxy#ursa,major#11h53,m41.9s#,degree51′29″#10.9,,,,,,
3,3953#spiral,galaxy#ursa,major#11h53,m49.1s#,degree19′37″#10.8,,,,,,
4,3982#spiral,galaxy#ursa,major#11h56,m28.3s#,degree07′29″#11.6,,,,,,
5,3992#spiral,galaxy#ursa,major#11h57,m35.9s#,degree22′35″#10.7,,,,,,
6,3999#lenticular,galaxy#leo#11h57,m56.5s#,degree04′05″#15.7,,,,,,,
