,col0,col1,col2,col3,col4,col5,col6,col7,col8,col9,col10,col11,col12,col13,col14,col15
0,Canon.Eos.Framework,EosBatteryQuality,0,0,0,0,0,7,0,0,0,-1.0,0,1,,Canon.Eos.Framework.EosCamera
1,Canon.Eos.Framework,EosCamera,15,71,19,2,34,1002,120,0,1,0.14,21,2,Canon.Eos.Framework.EosBatteryQuality' Canon.Eos.Framework.SaveLocation' Canon.Eos.Framework.EosImageQuality' Canon.Eos.Framework.EosLiveViewAutoFocus' Canon.Eos.Framework.EosLiveViewDevice' Canon.Eos.Framework.EosObject' Canon.Eos.Framework.EosPropertyAttribute' Canon.Eos.Framework.EosPropertyException' Canon.Eos.Framework.EosWhiteBalance' Canon.Eos.Framework.Eventing.EosExceptionEventArgs' Canon.Eos.Framework.Eventing.EosImageEventArgs' Canon.Eos.Framework.Eventing.EosLiveImageEventArgs' Canon.Eos.Framework.Eventing.EosPropertyEventArgs' Canon.Eos.Framework.Eventing.EosVolumeInfoEventArgs' Canon.Eos.Framework.Helper.Util' Canon.Eos.Framework.Internal.SDK.Edsdk' Canon.Eos.Framework.Internal.SDK.EdsDataType' Canon.Eos.Framework.Internal.SDK.EdsShutterButton' Canon.Eos.Framework.Internal.SDK.EdsTime' Canon.Eos.Framework.Internal.SDK.EdsDeviceInfo' Canon.Eos.Framework.Internal.SDK.EdsCapacity,Canon.Eos.Framework.EosFramework' Canon.Eos.Framework.EosCameraCollection
2,Canon.Eos.Framework,SaveLocation,0,0,0,0,0,2,0,0,0,-1.0,0,1,,Canon.Eos.Framework.EosCamera
3,Canon.Eos.Framework,EosCameraCollection,2,4,1,0,1,73,7,0,1,0.5,6,1,Canon.Eos.Framework.EosCamera' Canon.Eos.Framework.EosErrorCode' Canon.Eos.Framework.EosException' Canon.Eos.Framework.EosDisposable' Canon.Eos.Framework.Helper.Util' Canon.Eos.Framework.Internal.SDK.Edsdk,Canon.Eos.Framework.EosFramework
4,Canon.Eos.Framework,EosCompressLevel,0,0,0,0,0,15,0,0,0,-1.0,0,1,,Canon.Eos.Framework.EosImageQuality
5,Canon.Eos.Framework,EosFocus,0,1,3,0,0,42,2,0,0,-1.0,3,1,Canon.Eos.Framework.EosFocusPoint' Canon.Eos.Framework.Internal.SDK.Edsdk' Canon.Eos.Framework.Internal.SDK.EdsFocusInfo,Canon.Eos.Framework.EosObject
6,Canon.Eos.Framework,EosFocusPoint,0,1,4,0,0,46,1,0,0,-1.0,2,1,Canon.Eos.Framework.Internal.SDK.Edsdk' Canon.Eos.Framework.Internal.SDK.EdsFocusPoint,Canon.Eos.Framework.EosFocus
7,Canon.Eos.Framework,EosLiveImage,0,2,6,0,0,41,2,0,1,-1.0,4,0,Canon.Eos.Framework.EosObject' Canon.Eos.Framework.EosPropertyAttribute' Canon.Eos.Framework.Helper.Util' Canon.Eos.Framework.Internal.SDK.Edsdk,
8,Canon.Eos.Framework,EosImageFormat,0,0,0,0,0,8,0,0,0,-1.0,0,1,,Canon.Eos.Framework.EosImageQuality
9,Canon.Eos.Framework,EosImageQuality,1,3,6,0,3,84,3,0,0,1.0,3,1,Canon.Eos.Framework.EosCompressLevel' Canon.Eos.Framework.EosImageFormat' Canon.Eos.Framework.EosImageSize,Canon.Eos.Framework.EosCamera
10,Canon.Eos.Framework,EosImageSize,0,0,0,0,0,12,0,0,0,-1.0,0,1,,Canon.Eos.Framework.EosImageQuality
11,Canon.Eos.Framework,EosLiveViewAutoFocus,0,0,0,0,0,6,0,0,0,-1.0,0,1,,Canon.Eos.Framework.EosCamera
12,Canon.Eos.Framework,EosLiveViewDevice,0,0,0,0,0,7,0,0,0,-1.0,0,1,,Canon.Eos.Framework.EosCamera
13,Canon.Eos.Framework,EosErrorCode,0,0,0,0,0,134,0,0,0,-1.0,0,2,,Canon.Eos.Framework.EosCameraCollection' Canon.Eos.Framework.EosException
14,Canon.Eos.Framework,EosException,0,3,3,0,0,26,3,1,0,-1.0,2,5,Canon.Eos.Framework.EosErrorCode' Canon.Eos.Framework.Helper.Util,Canon.Eos.Framework.EosPropertyException' Canon.Eos.Framework.EosFramework' Canon.Eos.Framework.EosCameraCollection' Canon.Eos.Framework.Helper.Util' Canon.Eos.Framework.Internal.EosImageTransporter
15,Canon.Eos.Framework,EosFramework,4,6,1,0,3,105,10,0,1,0.67,8,0,Canon.Eos.Framework.EosCamera' Canon.Eos.Framework.EosCameraCollection' Canon.Eos.Framework.EosException' Canon.Eos.Framework.EosDisposable' Canon.Eos.Framework.Interfaces.IEosLog' Canon.Eos.Framework.Helper.ConsoleLog' Canon.Eos.Framework.Helper.Util' Canon.Eos.Framework.Internal.SDK.Edsdk,
16,Canon.Eos.Framework,EosDisposable,0,5,1,0,1,30,8,3,1,-1.0,1,3,Canon.Eos.Framework.Interfaces.IEosAssertable,Canon.Eos.Framework.EosFramework' Canon.Eos.Framework.EosCameraCollection' Canon.Eos.Framework.EosObject
17,Canon.Eos.Framework,EosObject,2,17,9,0,2,246,18,2,2,0.18,12,2,Canon.Eos.Framework.EosFocus' Canon.Eos.Framework.EosDisposable' Canon.Eos.Framework.EosPropertyAttribute' Canon.Eos.Framework.EosWhiteBalance' Canon.Eos.Framework.Helper.Util' Canon.Eos.Framework.Internal.SDK.Edsdk' Canon.Eos.Framework.Internal.SDK.EdsDataType' Canon.Eos.Framework.Internal.SDK.EdsPoint' Canon.Eos.Framework.Internal.SDK.EdsRect' Canon.Eos.Framework.Internal.SDK.EdsSize' Canon.Eos.Framework.Internal.SDK.EdsPropertyDesc' Canon.Eos.Framework.Internal.SDK.EdsFocusInfo,Canon.Eos.Framework.EosLiveImage' Canon.Eos.Framework.EosCamera
18,Canon.Eos.Framework,EosPropertyAttribute,0,1,1,0,1,11,1,0,0,-1.0,0,3,,Canon.Eos.Framework.EosObject' Canon.Eos.Framework.EosLiveImage' Canon.Eos.Framework.EosCamera
19,Canon.Eos.Framework,EosPropertyException,0,3,2,0,0,21,3,0,1,-1.0,1,2,Canon.Eos.Framework.EosException,Canon.Eos.Framework.Helper.Util' Canon.Eos.Framework.EosCamera
20,Canon.Eos.Framework,EosVolumeInfo,0,1,5,0,0,27,1,0,0,-1.0,0,1,,Canon.Eos.Framework.Eventing.EosVolumeInfoEventArgs
21,Canon.Eos.Framework,EosWhiteBalance,0,0,0,0,0,23,0,0,0,-1.0,0,2,,Canon.Eos.Framework.EosObject' Canon.Eos.Framework.EosCamera
22,Canon.Eos.Framework.Eventing,EosExceptionEventArgs,0,0,1,0,0,4,0,0,0,-1.0,0,1,,Canon.Eos.Framework.EosCamera
23,Canon.Eos.Framework.Eventing,EosFileImageEventArgs,0,2,1,0,1,13,2,0,1,-1.0,1,1,Canon.Eos.Framework.Eventing.EosImageEventArgs,Canon.Eos.Framework.Internal.EosImageTransporter
24,Canon.Eos.Framework.Eventing,EosImageEventArgs,0,3,1,0,3,15,3,2,0,-1.0,0,4,,Canon.Eos.Framework.Eventing.EosFileImageEventArgs' Canon.Eos.Framework.Eventing.EosMemoryImageEventArgs' Canon.Eos.Framework.Internal.EosImageTransporter' Canon.Eos.Framework.EosCamera
25,Canon.Eos.Framework.Eventing,EosLiveImageEventArgs,0,1,5,0,0,11,1,0,1,-1.0,1,1,Canon.Eos.Framework.Eventing.EosMemoryImageEventArgs,Canon.Eos.Framework.EosCamera
26,Canon.Eos.Framework.Eventing,EosPropertyEventArgs,0,0,1,0,0,4,0,0,0,-1.0,0,1,,Canon.Eos.Framework.EosCamera
27,Canon.Eos.Framework.Eventing,EosVolumeInfoEventArgs,0,1,1,0,0,8,1,0,0,-1.0,1,1,Canon.Eos.Framework.EosVolumeInfo,Canon.Eos.Framework.EosCamera
28,Canon.Eos.Framework.Eventing,EosMemoryImageEventArgs,0,2,2,0,1,13,2,1,1,-1.0,1,2,Canon.Eos.Framework.Eventing.EosImageEventArgs,Canon.Eos.Framework.Eventing.EosLiveImageEventArgs' Canon.Eos.Framework.Internal.EosImageTransporter
29,Canon.Eos.Framework.Interfaces,IEosAssertable,0,0,0,0,0,1,0,3,0,-1.0,0,3,,Canon.Eos.Framework.Internal.EosImageTransporter' Canon.Eos.Framework.Internal.EosConverter' Canon.Eos.Framework.EosDisposable
30,Canon.Eos.Framework.Interfaces,IEosLog,0,3,4,0,0,49,3,1,0,-1.0,0,2,,Canon.Eos.Framework.EosFramework' Canon.Eos.Framework.Helper.ConsoleLog
31,Canon.Eos.Framework.Helper,ConsoleLog,0,4,4,0,3,35,7,0,1,-1.0,2,1,Canon.Eos.Framework.Interfaces.IEosLog' Canon.Eos.Framework.Helper.LogType,Canon.Eos.Framework.EosFramework
32,Canon.Eos.Framework.Helper,LogType,0,0,0,0,0,1,0,0,0,-1.0,0,1,,Canon.Eos.Framework.Helper.ConsoleLog
33,Canon.Eos.Framework.Helper,Util,0,7,0,0,7,35,11,0,0,-1.0,3,8,Canon.Eos.Framework.EosException' Canon.Eos.Framework.EosPropertyException' Canon.Eos.Framework.Internal.SDK.Edsdk,Canon.Eos.Framework.EosLiveImage' Canon.Eos.Framework.EosException' Canon.Eos.Framework.Internal.EosConverter' Canon.Eos.Framework.EosFramework' Canon.Eos.Framework.EosCameraCollection' Canon.Eos.Framework.Internal.EosImageTransporter' Canon.Eos.Framework.EosCamera' Canon.Eos.Framework.EosObject
34,Canon.Eos.Framework.Internal,EosConverter,0,1,0,0,1,14,1,0,1,-1.0,3,1,Canon.Eos.Framework.Interfaces.IEosAssertable' Canon.Eos.Framework.Helper.Util' Canon.Eos.Framework.Internal.SDK.Edsdk,Canon.Eos.Framework.Internal.EosImageTransporter
35,Canon.Eos.Framework.Internal,EosImageTransporter,0,10,0,0,4,108,13,0,1,-1.0,12,0,Canon.Eos.Framework.EosException' Canon.Eos.Framework.Eventing.EosFileImageEventArgs' Canon.Eos.Framework.Eventing.EosImageEventArgs' Canon.Eos.Framework.Eventing.EosMemoryImageEventArgs' Canon.Eos.Framework.Interfaces.IEosAssertable' Canon.Eos.Framework.Helper.Util' Canon.Eos.Framework.Internal.EosConverter' Canon.Eos.Framework.Internal.SDK.Edsdk' Canon.Eos.Framework.Internal.SDK.EdsAccess' Canon.Eos.Framework.Internal.SDK.EdsFileCreateDisposition' Canon.Eos.Framework.Internal.SDK.EdsProgressOption' Canon.Eos.Framework.Internal.SDK.EdsDirectoryItemInfo,
36,Canon.Eos.Framework.Internal.SDK,Edsdk,376,58,0,376,58,2232,58,0,0,0.95,19,10,Canon.Eos.Framework.Internal.SDK.EdsDataType' Canon.Eos.Framework.Internal.SDK.EdsSeekOrigin' Canon.Eos.Framework.Internal.SDK.EdsAccess' Canon.Eos.Framework.Internal.SDK.EdsFileCreateDisposition' Canon.Eos.Framework.Internal.SDK.EdsTargetImageType' Canon.Eos.Framework.Internal.SDK.EdsImageSource' Canon.Eos.Framework.Internal.SDK.EdsProgressOption' Canon.Eos.Framework.Internal.SDK.EdsFileAttribute' Canon.Eos.Framework.Internal.SDK.EdsRect' Canon.Eos.Framework.Internal.SDK.EdsSize' Canon.Eos.Framework.Internal.SDK.EdsTime' Canon.Eos.Framework.Internal.SDK.EdsDeviceInfo' Canon.Eos.Framework.Internal.SDK.EdsVolumeInfo' Canon.Eos.Framework.Internal.SDK.EdsDirectoryItemInfo' Canon.Eos.Framework.Internal.SDK.EdsImageInfo' Canon.Eos.Framework.Internal.SDK.EdsSaveImageSetting' Canon.Eos.Framework.Internal.SDK.EdsPropertyDesc' Canon.Eos.Framework.Internal.SDK.EdsFocusPoint' Canon.Eos.Framework.Internal.SDK.EdsCapacity,Canon.Eos.Framework.EosFocusPoint' Canon.Eos.Framework.Internal.EosConverter' Canon.Eos.Framework.EosFocus' Canon.Eos.Framework.EosFramework' Canon.Eos.Framework.EosCameraCollection' Canon.Eos.Framework.Helper.Util' Canon.Eos.Framework.EosLiveImage' Canon.Eos.Framework.Internal.EosImageTransporter' Canon.Eos.Framework.EosObject' Canon.Eos.Framework.EosCamera
37,Canon.Eos.Framework.Internal.SDK,EdsDataType,0,0,0,0,0,31,0,0,0,-1.0,0,3,,Canon.Eos.Framework.EosCamera' Canon.Eos.Framework.EosObject' Canon.Eos.Framework.Internal.SDK.Edsdk
38,Canon.Eos.Framework.Internal.SDK,EdsEvfAf,0,0,0,0,0,5,0,0,0,-1.0,0,0,,
39,Canon.Eos.Framework.Internal.SDK,EdsShutterButton,0,0,0,0,0,8,0,0,0,-1.0,0,1,,Canon.Eos.Framework.EosCamera
40,Canon.Eos.Framework.Internal.SDK,EdsSeekOrigin,0,0,0,0,0,6,0,0,0,-1.0,0,1,,Canon.Eos.Framework.Internal.SDK.Edsdk
41,Canon.Eos.Framework.Internal.SDK,EdsAccess,0,0,0,0,0,7,0,0,0,-1.0,0,2,,Canon.Eos.Framework.Internal.EosImageTransporter' Canon.Eos.Framework.Internal.SDK.Edsdk
42,Canon.Eos.Framework.Internal.SDK,EdsFileCreateDisposition,0,0,0,0,0,8,0,0,0,-1.0,0,2,,Canon.Eos.Framework.Internal.EosImageTransporter' Canon.Eos.Framework.Internal.SDK.Edsdk
43,Canon.Eos.Framework.Internal.SDK,EdsTargetImageType,0,0,0,0,0,9,0,0,0,-1.0,0,1,,Canon.Eos.Framework.Internal.SDK.Edsdk
44,Canon.Eos.Framework.Internal.SDK,EdsImageSource,0,0,0,0,0,6,0,0,0,-1.0,0,1,,Canon.Eos.Framework.Internal.SDK.Edsdk
45,Canon.Eos.Framework.Internal.SDK,EdsProgressOption,0,0,0,0,0,6,0,0,0,-1.0,0,2,,Canon.Eos.Framework.Internal.EosImageTransporter' Canon.Eos.Framework.Internal.SDK.Edsdk
46,Canon.Eos.Framework.Internal.SDK,EdsFileAttribute,0,0,0,0,0,8,0,0,0,-1.0,0,1,,Canon.Eos.Framework.Internal.SDK.Edsdk
47,Canon.Eos.Framework.Internal.SDK,EdsSaveTo,0,0,0,0,0,6,0,0,0,-1.0,0,0,,
48,Canon.Eos.Framework.Internal.SDK,EdsStorageType,0,0,0,0,0,6,0,0,0,-1.0,0,0,,
49,Canon.Eos.Framework.Internal.SDK,EdsTransferOption,0,0,0,0,0,6,0,0,0,-1.0,0,0,,
50,Canon.Eos.Framework.Internal.SDK,EdsEvfAFMode,0,0,0,0,0,7,0,0,0,-1.0,0,0,,
51,Canon.Eos.Framework.Internal.SDK,EdsStroboMode,0,0,0,0,0,10,0,0,0,-1.0,0,0,,
52,Canon.Eos.Framework.Internal.SDK,EdsETTL2Mode,0,0,0,0,0,5,0,0,0,-1.0,0,0,,
53,Canon.Eos.Framework.Internal.SDK,ImageQuality,0,0,0,0,0,67,0,0,0,-1.0,0,0,,
54,Canon.Eos.Framework.Internal.SDK,ImageQualityForLegacy,0,0,0,0,0,26,0,0,0,-1.0,0,0,,
55,Canon.Eos.Framework.Internal.SDK,EdsPoint,2,0,0,2,0,6,0,0,0,-1.0,0,1,,Canon.Eos.Framework.EosObject
56,Canon.Eos.Framework.Internal.SDK,EdsRect,4,0,0,4,0,8,0,0,0,-1.0,0,2,,Canon.Eos.Framework.EosObject' Canon.Eos.Framework.Internal.SDK.Edsdk
57,Canon.Eos.Framework.Internal.SDK,EdsSize,2,0,0,2,0,6,0,0,0,-1.0,0,2,,Canon.Eos.Framework.EosObject' Canon.Eos.Framework.Internal.SDK.Edsdk
58,Canon.Eos.Framework.Internal.SDK,EdsRational,2,0,0,2,0,6,0,0,0,-1.0,0,0,,
59,Canon.Eos.Framework.Internal.SDK,EdsTime,7,0,0,7,0,11,0,0,0,-1.0,0,2,,Canon.Eos.Framework.EosCamera' Canon.Eos.Framework.Internal.SDK.Edsdk
60,Canon.Eos.Framework.Internal.SDK,EdsDeviceInfo,4,0,0,4,0,11,0,0,0,-1.0,0,2,,Canon.Eos.Framework.EosCamera' Canon.Eos.Framework.Internal.SDK.Edsdk
61,Canon.Eos.Framework.Internal.SDK,EdsVolumeInfo,5,0,0,5,0,10,0,0,0,-1.0,0,1,,Canon.Eos.Framework.Internal.SDK.Edsdk
62,Canon.Eos.Framework.Internal.SDK,EdsDirectoryItemInfo,7,0,0,7,0,13,0,0,0,-1.0,0,2,,Canon.Eos.Framework.Internal.EosImageTransporter' Canon.Eos.Framework.Internal.SDK.Edsdk
63,Canon.Eos.Framework.Internal.SDK,EdsImageInfo,7,0,0,7,0,16,0,0,0,-1.0,0,1,,Canon.Eos.Framework.Internal.SDK.Edsdk
64,Canon.Eos.Framework.Internal.SDK,EdsSaveImageSetting,3,0,0,2,0,7,0,0,0,-1.0,0,1,,Canon.Eos.Framework.Internal.SDK.Edsdk
65,Canon.Eos.Framework.Internal.SDK,EdsPropertyDesc,4,0,0,4,0,10,0,0,0,-1.0,0,2,,Canon.Eos.Framework.EosObject' Canon.Eos.Framework.Internal.SDK.Edsdk
66,Canon.Eos.Framework.Internal.SDK,EdsPictureStyleDesc,8,0,0,8,0,12,0,0,0,-1.0,0,0,,
67,Canon.Eos.Framework.Internal.SDK,EdsFocusPoint,5,0,0,5,0,9,0,0,0,-1.0,0,2,,Canon.Eos.Framework.EosFocusPoint' Canon.Eos.Framework.Internal.SDK.Edsdk
68,Canon.Eos.Framework.Internal.SDK,EdsFocusInfo,4,0,0,4,0,9,0,0,0,-1.0,0,2,,Canon.Eos.Framework.EosFocus' Canon.Eos.Framework.EosObject
69,Canon.Eos.Framework.Internal.SDK,EdsCapacity,3,0,0,3,0,7,0,0,0,-1.0,0,2,,Canon.Eos.Framework.EosCamera' Canon.Eos.Framework.Internal.SDK.Edsdk
70,Canon.Eos.Framework.Threading,BackgroundWorker,0,3,0,0,2,37,7,0,0,-1.0,1,0,Canon.Eos.Framework.Threading.State<T>,
71,Canon.Eos.Framework.Threading,State<T>,0,1,3,0,1,12,2,0,0,-1.0,0,1,,Canon.Eos.Framework.Threading.BackgroundWorker
