,col0,col1,col2,col3,col4,col5,col6,col7,col8,col9,col10
0,2363649,comment,2363628.0,2363628.0,0,0,dclaysmith,,,"""A $41M investment at this stage in the life cycle of a business is normally associated with either something that is technologically complex and thus capital intensive or that requires new processes to be designed from scratch.""<p>This is what struck me when I heard about the deal. Color is cobbling together existing technologies and not creating anything new. This deal pushed me into the ""There is a Bubble"" group. They had better have an ace up their sleeve.",1300967973
1,2363647,comment,2363417.0,2363417.0,0,0,exDM69,,,"IMO Java's worst design choice was to allow any object-typed value to be null. By making different design choices, it would have been perfectly feasible to not allow null objects in the language at all, but rather make some sort of nullable/maybe/optional type there is in many other languages. After all, a program that crashes with a null pointer exception is not much better than one that crashes with a segfault.",1300967900
2,2363646,story,,,2,0,mbesto,Tech Bubble Video,http://www.youtube.com/watch?v=dr3qPRAAnOg,,1300967876
3,2363645,story,,,2,2,thornjm,"Google owns Googli.ng, Bing owns Bi.ng",http://googli.ng,,1300967765
4,2363643,comment,2362847.0,2363633.0,0,0,billybob,,,"Agreed. Although I should add that it's still great to call out to the standard Unix toolset when it's the easiest way to get something done. The accepted answer here illustrates that: <a href=""http://stackoverflow.com/questions/4714043/what-is-the-best-way-to-sort-30gb-of-strings-with-a-computer-with-4gb-of-ram-usin"" rel=""nofollow"">http://stackoverflow.com/questions/4714043/what-is-the-best-...</a>",1300967651
5,2363642,comment,2360126.0,2360126.0,0,0,gohat,,,"This article is very helpful, but in all honesty, I think the formula is slightly more valuable than the picture.  They're both essential, of course, but the formula is really the key to understanding the concept.<p>This is said, of course, from the vantage point of someone who has studied calc with 3 variables and so on, so may not have the fresh perspective.",1300967630
6,2363641,comment,2360805.0,2363316.0,0,0,harscoat,,,"@Harjeet ""@pkedrosky that's false. the median will definitely <i>not</i> be $10m"" <a href=""http://twitter.com/#!/Harjeet/statuses/50831305084112896"" rel=""nofollow"">http://twitter.com/#!/Harjeet/statuses/50831305084112896</a>",1300967611
7,2363640,comment,2361232.0,2361232.0,0,0,known,,,kill-or-be-killed ?,1300967592
8,2363639,comment,2363165.0,2363587.0,0,0,lurch_mojoff,,,"I think jschuur's suggestion is that they should have made a video targeted at the general public. The use case of many of these mobile services and apps is not inherently obvious, not the the general public anyway. Compare the information you get from Color's website to the information you get from the lonelysandwich video promo for a similar app - Everyday, on its website: <a href=""http://everyday-app.com/"" rel=""nofollow"">http://everyday-app.com/</a>",1300967534
9,2363638,comment,2363628.0,2363628.0,0,0,scrrr,,,"Well, I am not in a bubble. If anything my software is vastly undervalued. I wouldn't know what to do with 40M. I could use 100k though..",1300967534
10,2363636,story,,,2,0,shawndumas,History and origins of science fiction,http://scimaps.org/submissions/7-digital_libraries/maps/thumbs/024_LG.jpg,,1300967477
11,2363635,comment,2361715.0,2361715.0,0,0,known,,,Does RedHat have a product similar to Microsoft's Visio?,1300967409
12,2363634,story,,,2,0,sasvari,Japan's Earthquake and the Hazards of an Aging Population,http://www.theatlantic.com/international/print/2011/03/japans-earthquake-and-the-hazards-of-an-aging-population/72892/,,1300967400
13,2363633,comment,2362847.0,2363549.0,0,0,wladimir,,,"Indeed, I've long ago adopted the convention to do any remotely advanced scripting in a ""real"" scripting/programming language (myself, I use Python for this).<p>Bash scripting is good for running a few commands in a sequence, but in my experience gets unmaintainable and unreadable very quickly, especially if you try to do sane error handling/logging, or operations on non-text data.",1300967393
14,2363630,comment,2361978.0,2361978.0,0,0,known,,,"<a href=""http://www.cyberciti.biz/faq/"" rel=""nofollow"">http://www.cyberciti.biz/faq/</a> also have some good tips",1300967291
15,2363629,comment,2362190.0,2363080.0,0,0,JonnieCache,,,"Brilliant. Definitely on this.<p>If you see some photos of amused british people in their living room representing themselves as having been taken deep in the most self-regarding of san francisco's fashionable hangouts, that was us.",1300967247
16,2363628,story,,,369,254,revorad,"41,000,006 reasons why I think we're in a bubble",http://jacquesmattheij.com/41000006+reasons+why+I+think+we+are+in+a+bubble,,1300967204
17,2363627,comment,2363497.0,2363497.0,0,0,RyanMcGreal,,,4 of 6 user reviews give it 1 or 2 stars. Not an auspicious launch for a $41 million startup.,1300967193
18,2363626,comment,2362883.0,2363178.0,0,0,hcho,,,"Scheme(or LISP dialects in general) is not just functional; it's multiparadigm. It sure is trippy, but gives a very solid foundation for later stages of academic and professional life.",1300967176
19,2363624,story,,,101,12,shawndumas,History of the [Western] world in 100 seconds [According to Wikipedia],http://flowingdata.com/2011/03/21/history-of-the-world-in-100-seconds-according-to-wikipedia/,,1300967159
20,2363623,comment,2362190.0,2362819.0,0,0,pclark,,,"A domain is an asset, why would it be worth notably less after a few years if the startup were to fail?",1300967040
21,2363622,story,,,2,0,shawndumas,The pain that is Los Angeles traffic,http://flowingdata.com/2011/03/23/animation-the-pain-that-is-los-angeles-traffic/,,1300967030
22,2363621,comment,2360126.0,2362736.0,0,0,psykotic,,,"There are many different ways of thinking about mathematical concepts like derivatives. The more you know, the more deeply you know them, the better.<p>Here's a random example: Marsden and Weinstein define derivatives in their out-of-print textbook Calculus Unlimited without limits. The tangent to a graph at the point x is the boundary between two line pencils, one of lines entering the epigraph at x, the other of lines leaving. There's no limit-taking of chords. It's a simple and neat definition that connects with classical notions of tangency.<p>In his essay On Proof and Progress in Mathematics, Thurston lists a dozen other definitions or conceptions of derivatives in his personal arsenal, some very sophisticated. But even those among his definitions that are elementary and have roughly the same scope there is a difference in their psychological affordances, and that can make all the difference.",1300966978
23,2363620,comment,2359512.0,2361956.0,0,0,Andys,,,"As an aussie I can't say I'm surprised.  The police hardly have time for a stolen car anymore, let alone a laptop.",1300966971
24,2363619,comment,2363599.0,2363599.0,0,0,betashop,,,"Oh, and btw, we're not a Groupon clone.  We're more of a Gilt for great design across a wide range of products.  There's a big, big difference between the Groupon-style deal-of-the-day sites and the Gilt-style flash sale sites.",1300966904
25,2363616,comment,2363599.0,2363599.0,0,0,betashop,,,"Hmmmm ... from the founder (me).<p>We're getting 2k pre-launch signups per day, 26k total in just 13 days, so this ""crap"" works to build pre-launch buzz and subscribers for your startup.<p>You may want to take a look at the viral tools we built at <a href=""http://fab.com"" rel=""nofollow"">http://fab.com</a> that are generating these 2k signsup per-day.  A lot of pre-launch startups can learn from them.<p>And, for our business model, it's very important that we control the number of people allowed in at the beginning, as it is a private-sales site.",1300966836
26,2363615,comment,2362377.0,2363333.0,0,0,digitaltothem,,,"I like these rules. I can`t agree more with you about applying to people`s self-interests. I think that principle ""I`ll scratch your back if you scratch mine"" is very powerful. When friends receive your request for help they will often look for a reason to help you. So, it might be a good rule to give them in your request an answer to WIIFM. \nBTW, I experienced the truth of #45 - Preach the Need for Change, but Never Reform too much at Once. We are creatures of habit and hate when someone threatens them.",1300966824
27,2363614,story,,,1,0,AdiS,Rate My Startup: Formsly,,"Formsly is a web-app which offers individuals and businesses alike the ability to generate a feature-rich 'Contact Us' Page for their websites without without any coding knowledge. Users simply use the dashboard to configure their page, and then it generates the code for integration into their website.<p>Users can configure their Contact Pages to have Integration of Google Maps, GPS Co-ords, and Turn-by-Turn or Printable Navigation. It also allows them to list multiple offices or branches/stockists, and create Email Forms which can be routed to different departments. Users can integrate their Twitter feed and add links to their profiles on all major social networks. There's an analytics function as well as the ability to embed live support systems is required by the user.<p>The idea behind this product is to provide users with a feature-rich alternative to online form generators, and allow them to create a more engaging Contact Page without needing to hire web developers to add the functionality which we provide.<p>There are currently two plans - Free and Premium (99 cents monthly / 9.99 USD annually).<p>The product is currently live and functioning at www.Formsly.com. I'd really appreciate any discussion and feedback regarding Formsly. Thanks!",1300966798
28,2363613,comment,2360688.0,2362923.0,0,0,emehrkay,,,"Yeah the down vote response was funny. It's as if cute girls in tech(replace with almost anything that is male dominated) aren't praised by males. Aside from her being an outlier, I think that the site is well designed and witty and makes a good case for her to be hired by instagram or anyone else.<p>Are websites with vanity urls the new cover letters?<p>www.f*&kCompanyAIloveCompanyZ.org",1300966705
29,2363611,comment,2362207.0,2362905.0,0,0,tytso,,,"A lot of this is relative.  If you are used to a 30 person company, yes, there's more politics.  Compared to where I came from (a 300,000 person company), Google is much, much better. (And if you think the politics are bad in companies, its nothing compared to the politics in a university's I/T department.  Why?  Perhaps because there's less at stake...)<p>I've worked for a university (MIT), a startup (VA Linux), a big company (IBM), and compared to my past employers, I've easily found Google to be the best for me.  Others may find the environment at a 30 person, 300 person, or 300,000 person company more congenial.  A lot of it is personal preference...",1300966613
30,2363610,comment,2362190.0,2362190.0,0,0,zackattack,,,We are at the precipitous. This changes everything.<p>Feels epic. We're here.,1300966609
31,2363609,story,,,2,0,shawndumas,From Sticks to Clouds,http://thinkquarterly.co.uk/01-data/from-sticks-to-clouds/,,1300966480
32,2363606,comment,2362883.0,2363426.0,0,0,rbanffy,,,But after you learn C you have a ton of stuff to <i>unlearn</i> before you can use Scheme properly.,1300966451
33,2363605,comment,2362135.0,2362240.0,0,0,mike-cardwell,,,$=0;<p>:p,1300966402
34,2363604,comment,2362883.0,2363178.0,0,0,rbanffy,,,"> though I may be overestimating its difficulty.<p>The difficulty could be due to the brain damage C++ causes. Before I get incinerated, I have to remind you of Dijkstra quote about BASIC (""mutilates the mind beyond recovery"").<p>Both BASIC and C++ (and Java, Smalltalk and so on) fixate several ideas about computing that make it harder to understand very different concepts. In a sense, that qualifies as mild brain damage.<p>I learned programming with BASIC on an Apple II+, went through FORTH (GraFORTH), C, Pascal, APL (The write-only language) and FORTRAN (in college) and later learned OOP with Smalltalk (and worked a bit with Actor). Did a lot of VB too (I had bills to pay), Perl, Java and Python. For obvious reasons, I don't completely agree with Dijkstra on the BASIC thing. I never liked C++ much, possibly because I learned OOP with Smalltalk and C++'s OOP seemed to me a misappropriation of the acronym. All things considered (it took me 8 years and a job offer to decide to learn C++) Smalltalk damaged me beyond recovery.",1300966367
35,2363603,comment,2360454.0,2363579.0,0,0,sorbits,,,"<i>“most of the goodness is actually in, or just below the skin”</i> from <a href=""http://www.carrotmuseum.co.uk/nutrition.html"" rel=""nofollow"">http://www.carrotmuseum.co.uk/nutrition.html</a><p>Never seen Baby Carrots, but if they are “carved” from regular carrots, it sounds like they already lost some of their nutritional value.",1300966310
36,2363602,comment,2361644.0,2361644.0,0,0,Swannie,,,Brilliant writing :-),1300966309
37,2363601,story,,,1,0,mbesto,Workday Architecture - Append only and in memory using InnoDB/MySQL,http://www.dbms2.com/2010/08/22/workday-technology-stack/,,1300966176
38,2363600,story,,,6,1,anya,Hackers exploit chink in Web's armor,http://news.cnet.com/8301-31921_3-20046588-281.html?tag=topStories1,"A long-known but little-discussed vulnerability in the modern Internet's design was highlighted yesterday by a report that hackers traced to Iran spoofed the encryption procedures used to secure connections to Google, Yahoo, Microsoft, and other major Web sites.",1300966119
39,2363599,story,,,3,3,niqolas,Fab.com | Groupon clone for great design products,http://fab.com/,,1300966112
40,2363598,story,,,8,0,jaltucher,Why I Love Money,http://www.jamesaltucher.com/2011/03/why-i-love-money/,,1300966101
41,2363597,comment,2363497.0,2363497.0,0,0,valisystem,,,"""WARNING: DON'T LAUNCH COLOR ALONE.""<p>I like the concept, but, if you require people to organize themselves in order to set up their first use experience, you are in big trouble.",1300966074
42,2363596,comment,2361791.0,2362195.0,0,0,adrianN,,,"Not harder to type than @, I think.",1300966060
43,2363595,comment,2359202.0,2359202.0,0,0,nithyad,,,Thank you all. Decided to make a start.,1300965900
44,2363594,comment,2358559.0,2359012.0,0,0,Graham24,,,"I did on the C64, prob more than 1K mind you.<p>It allowed you to create a bordered window of any size and colour, write text directly to it and when it was closed, as if by magic, the text that was behind it was still there!  I think you could have 8 such windows open at the same time.<p>I was rather pleased with it at the time.",1300965842
45,2363593,comment,2362188.0,2362188.0,0,0,petervandijck,,,Give it 2 years.,1300965816
46,2363592,comment,2361626.0,2363266.0,0,0,ebaysucks,,,"you are right - the essence of freedom of speech is not that all speech should be allowed all the time and everywhere, but that ""speech regulation"" has to be decentralized via voluntary contracts between property owners",1300965806
47,2363591,comment,2358559.0,2358985.0,0,0,cypherpunks,,,"About one decade. I'm still an MIT affiliate. Admissions has not changed, in this regard, since. There have been a lot of other changes (the students now are better rounded and better looking than when I was a student), but this is not one of them.<p>MIT Admissions intentionally takes high risks. They admit a number of students at the extremes who may end up very bad or very good. The risks don't always pay off (we had a few real idiots), but the policy is actually quite sound. MIT's name comes from it's most famous graduates -- the Feynmans, Aldrins, Metcalfes, and Kurzweils -- the cost of having a number of bad or flaky graduates is rather low -- only the people who work with them ever hear about them.",1300965801
48,2363590,comment,2363497.0,2363497.0,0,0,sssparkkk,,,"Wow, first run of the app actually managed to make my phone reboot! Haven't seen anything like that before. Furthermore, I had no idea what I was doing or getting myself into when snapping a photo of myself and 'posting' it (after which the app crashed and my phone rebooted).<p>So this is the android-part of something that got 41 million in funding? Pretty interesting.",1300965779
49,2363589,comment,2361644.0,2361644.0,0,0,geekdesigngirl,,,"That's clever. Love the back stories created and little vignettes into these characters. Well done sir, well done.",1300965728
50,2363588,comment,2362135.0,2362434.0,0,0,revorad,,,"Just like every other online subscription, including SaaS?",1300965719
51,2363587,comment,2363165.0,2363292.0,0,0,andrewf,,,Maybe they did. The general public has no way of knowing what Color's investors have seen.,1300965611
52,2363586,story,,,4,1,bittersweet,DataStax couples Cassandra with Hadoop,http://www.theregister.co.uk/2011/03/23/cassandra_mashed_with_hadoop/,,1300965606
53,2363585,comment,2362159.0,2362787.0,0,0,Zakuzaa,,,Not a good use case. Long shot.,1300965599
54,2363584,comment,2362159.0,2362662.0,0,0,bbd37,,,"Would love to chat, sounds like what we are doing with Pixamid.",1300965561
55,2363583,comment,2361791.0,2361955.0,0,0,glenjamin,,,"~username has generally meant ""a folder belonging to username"".<p>In non-threaded discussion boards, and I believe some older message boards @username was used to direct a particular portion of your message at a specific recipient while still keeping the message public.<p>I keep seeing lots of hate for the proliferation of ""twitter's"" @mention syntax, but its use predates twitter by a loooooong way.",1300965529
56,2363582,comment,2363578.0,2363578.0,0,0,eddmc,,,"This article references a HN comment[1] that suggests that all TripAdvisor developers have root access to all servers<p>[1] <a href=""http://news.ycombinator.com/item?id=1620324"" rel=""nofollow"">http://news.ycombinator.com/item?id=1620324</a>",1300965527
57,2363581,comment,2363273.0,2363283.0,0,0,4lt3r,,,we fix it),1300965510
58,2363580,comment,2362159.0,2362926.0,0,0,bbd37,,,"Exactly... they are only creating more of a problem, in that everyone now uses different methods to take, store and share photos. And no one organizes photos, so it is a huge mess. If only someone could address that... \noh wait, we do. For less than half of what Color spent on a domain name, we build our Pixamid app...",1300965501
59,2363579,comment,2360454.0,2360454.0,0,0,RyanMcGreal,,,> a white-coated staff has been experimenting with a future phase of the campaign: flavors.<p>And that's the point at which baby carrots really do become junk food.,1300965464
60,2363578,story,,,1,1,eddmc,TripAdvisor issues warning after part of email database is stolen ,http://www.tnooz.com/2011/03/24/news/tripadvisor-issues-warning-after-part-of-email-database-is-stolen/,,1300965448
61,2363577,comment,2362159.0,2362344.0,0,0,geoffw8,,,"update: I can't, its taken. But I've been offered colour.com for £350k, I'm considering it.",1300965436
62,2363576,story,,,1,0,zackattack,How and why did Pabst Blue Ribbon come to be the hipster beer of choice?,http://www.quora.com/How-and-why-did-Pabst-Blue-Ribbon-come-to-be-the-hipster-beer-of-choice,,1300965397
63,2363575,comment,2362207.0,2362418.0,0,0,tytso,,,"It really depends on what project you're working on at Google.  Some are so secret you can't even reveal their name, or even what general area that they are in.   Others are done completely in the open.   For example, if you work on Chrome or Chrome OS, most of what people work on is available in public repositories.<p>I work on the production kernel for our data centers, and most of what I do is completely public.   In fact at the moment I am working on a way to decrease seek overhead when writing large files to ext4, and I have been releasing the in-progress patchsets for review and comment both in and outside Google.   Why?  Because I've gotten some really valuable comments both at the design level, and ""spot the stupid bug"" level, both inside and outside of Google.<p>That being said, there are some really cool things that are only available inside the Google kernel.  For example, we can track every read, write, and seek operation at the hardware level, and tell you whether it is metadata or data, what application was responsible for issuing the request, and then correlate this information across multiple machines and in fact across the entire data center, and give you a single high-level view of your map reduce, or your application homed on hundreds of machines, so you can see how it is actually using all of the disk spindles associated with that job.  And its overhead is small enough that we can leave it running by default, as opposed to only turning it on during debugging/benchmarking runs (ala blktrace).<p>Why haven't we shared this with the external world?  Well, part of it is because it depends on infrastructure which is Google-specific, but the main reason is because we can't find the right people to help us clean up the code so it would be mainline acceptable, disentangle the Google-specific enhancements, negotiate with the upstream Linux kernel maintainers whose subsystems are touched by this code, and get it into mainline kernel.   And for most of these kernel enhancements (of which this is only one), we _want_ to get them upstream, because every single one of these enhancements (while they are really cool and there is no way we would give them up), makes it harder for us to rebase the kernel so we can get the latest enhancements from upstream.   More people using it means we hopefully will get a community of people collaborating to make the technology better --- which means free engineering help for us!  :-)<p>The problem is headcount; we need to staff up this and other projects before we can do things like push more of these Google-specific enhancements upstream to the Linux kernel.  (Some of it is happening now, slowly, but we have lots of other production and release priorities which take precedence.)  Unfortunately, it's really hard to find Systems People who are interested and willing to do low-level Linux kernel programming, and can also see the ""big picture"" systems issues.<p>So if you think you're a hotshot Systems designer who is not afraid to get their fingers dirty coding low-level Linux kernel code, we're hiring (and not just in storage, although that's my area; contact me).  And if you come to work at Google, you may be surprised at how much you can talk to your friends about, and even publish as a paper at a conference.  Yes, there is plenty of stuff about features under development in Google Docs, Search, Android, that you'll be able to play with as an early dogfooder, and that stuff you won't be able to share with your friends.  And some stuff we can't share because it would harm our relationship with our hardware partners --- but even there, Google has published a paper at FAST describing the failure rate and patterns of hard drives (although we anonymized the specific names of the disk drive manufacturers involved, for obvious reasons).<p>I'm surprised people think this is such a big deal, actually, because invariably there is some stuff that you have to keep secret at all companies.  I found that there was more stuff related to my day-to-day work which I had to keep quiet at my former employer, IBM, than I am here at Google.  And I'm sure that Apple engineers would be even more constrained!",1300965310
64,2363574,comment,2363551.0,2363551.0,0,0,RiderOfGiraffes,,,"Clickety click: <a href=""http://www.cygamerentals.com"" rel=""nofollow"">http://www.cygamerentals.com</a>",1300965308
65,2363573,comment,2358559.0,2359380.0,0,0,cypherpunks,,,"Perhaps I was unclear. I had crappy grades in high school. High school homework was a pointless waste of time, so I didn't do it. I had good grades in 3 of 4 of my university math classes. Homework there was interesting and not a waste of my time, so I did it. When I hit MIT, my grades skyrocketed, because with a small number of exceptions, the classes were fun, and the problem sets were interesting and useful.<p>I did poorly in my first class -- I didn't realize this immediately -- I don't believe I sent a university transcript to MIT admissions, but if I did, they would have seen one bad and one good early, and one bad and two good normal admissions.",1300965288
66,2363572,story,,,1,0,ketchupy,How I Helped Invent the Touchscreen in 1979 at Xerox PARC,http://www.fastcodesign.com/1663451/how-i-helped-invent-the-touchscreen-in-1979-at-xerox-parc,,1300965257
67,2363571,comment,2362159.0,2362159.0,0,0,bbd37,,,"Since our tiny 4 person startup built a photo sharing app with very similar core ideas, I was scared shitless this morning on first reading about Color.<p>That passed. Wrote it all up on the blog, but here is what I think they have wrong and our Pixamid has right:<p>Privacy: I think most people want to more privacy on their photos, not less. If the camera can sense who you are with (like Pixamid and Color try), by default, share ONLY with those people. By default, Pixamid shares with only your friends at he same place as you - you can choose to share with everyone there too.<p>Network Effects:  Color™ might be cool in a world where everyone uses Color™. But we don’t see such a world anytime soon. People will use lots of different apps: Instagram, Facebook, Flickr, Twitter, Picasa -hell, even Ofoto (thanks Mom). We want to pull in your friends’ photos from any of these services, automatically as much as possible. See our post below about the Instagram magic we do; we’re dong a lot more of this cool stuff now.<p>Addressing a real problem: We are all taking more photos with our great phone cameras. But we hate to organize our photos. And if we add in Friend photos, it is even worse. Users of Pixamid get automagical photo organization as a byproduct of using the app. Each set of photos, with place, event, and who you were with. The things we will do with this in the future - can’t wait to show everyone! But we believe that our solution will revolutionize how people share photos online.<p><a href=""http://blog.pixamid.com/post/4060807527/the-color-tm-challenge"" rel=""nofollow"">http://blog.pixamid.com/post/4060807527/the-color-tm-challen...</a>",1300965255
68,2363570,comment,2362135.0,2362209.0,0,0,kahawe,,,I may be a little late to the party but from my understanding:<p>> a paywall where you can only view 20 articles<p>..they are probably using some sort of cookie to track how many articles you have read? Then you need no lines of code at all. Just don't accept the tracking cookies.,1300965245
69,2363569,comment,2363381.0,2363381.0,0,0,ynn4k,,,"A general problem with n-gram is the conundrum of data-sparseness vs reliability of estimation. To have reliable estimation, you need larger order n in n-gram, but it also increases the size of the model which requires larger amount of data and storage. Thanks to the Web as a corpus and cloud computing, we now have upto 5-gram models computable on Terabytes of data provided you are resourceful. One problem with this approach is the selection of the web data to be used for training. The better adaption to the target scenario, the better accuracy.<p><pre><code>  i see no services that make use of this.\n</code></pre>\nMost services have proprietary implementations of spell correction that is an amalgamation of several techniques including n-grams, and they might not like to make it public.",1300965233
70,2363568,comment,2362190.0,2363080.0,0,0,harph,,,"It seems there are already apps for that <a href=""https://market.android.com/details?id=com.forgottenprojects.mocklocations"" rel=""nofollow"">https://market.android.com/details?id=com.forgottenprojects....</a>",1300965210
71,2363567,comment,2360036.0,2360535.0,0,0,mattm,,,I got a new phone number three weeks ago and I still haven't memorized my own phone number.,1300965152
72,2363566,story,,,10,3,razin,"Great Lawyers Are Worth More Than $5,000",http://www.ventureblog.com/2011/03/great-lawyers-are-worth-more-than-5000.html,,1300965061
73,2363565,comment,2361978.0,2362270.0,0,0,dhimes,,,Thanks for vimgrep.  I didn't know about that.,1300965035
74,2363564,comment,2363273.0,2363273.0,0,0,revorad,,,"Clicktastic - <a href=""http://epihu.com"" rel=""nofollow"">http://epihu.com</a>",1300965025
75,2363563,comment,2361626.0,2361626.0,0,0,scotty79,,,Enjoying lolicon will turn you into child rapist like enjoying FPS turned me into ruthless murder.<p>You have to be biologically screwed in the head to rape children or kill people for pleasure. I don't know why people create an impression that average Joe could enjoy 8 year old kid if given a chance.,1300964990
76,2363562,comment,2362190.0,2363369.0,0,0,colinplamondon,,,"Dicks, mostly.",1300964953
77,2363561,comment,2363208.0,2363208.0,0,0,darklajid,,,"We had that ""news"" several times already (i.e. it's a dupe of a dupe by now) and - as commented here again, it seems to be blatantly wrong/false.<p>The linked article differs with every submission, but always repeats the ""that guys seems to have fled"" thing.",1300964903
78,2363559,comment,2363273.0,2363273.0,0,0,4lt3r,,,"Ok, we fix it)",1300964866
79,2363558,comment,2362561.0,2362561.0,0,0,spiggytopes,,,"This all looks like superb advice - again, thanks!<p>- I will order 'Selling to Big Companies' tonight.<p>- Will make sure we all have a clear idea of the sales pipeline, targets<p>- Yes I have looked at the legal and trading issues - am being advised by a 'Big 4' firm who know the pitfalls<p>- Point about time to sell to large organisations is well taken. In fact part of the appeal of the system is that it gets round many of these problems.<p>- Am currently in discussion with some much larger established companies re licencing and distribution (one in London, one in Boston). They both love the product but are moving very slowly. I want to have a separate distribution channel as it's not clear at present which is going to succeed. However, having a distributor would certainly be easier than flying Australia-US each time a sales prospect needs me there!<p>- I really like the idea of low retainer/high commission. The business model is to charge a recurring subscription, so paying a high commission based on the first year's revenue won't impact so much on future cash flow.<p>- No equity on the table until they have proved themselves! At present I own 100% of the company (bootstrapped), but would consider giving someone with complementary skills in sales a portion of this if they had proved they could boost the company's value.",1300964746
80,2363557,story,,,1,0,messel,Reputation is more valuable than Gold,http://www.victusspiritus.com/2011/03/24/reputation-is-more-valuable-than-gold/,,1300964702
81,2363556,comment,2363429.0,2363429.0,0,0,mbesto,,,"You've got a few competitors here. How would you differentiate?<p>Yammer - <a href=""http://www.yammer.com/"" rel=""nofollow"">http://www.yammer.com/</a><p>Chatter (SalesForce.com) - <a href=""http://www.chatter.com/"" rel=""nofollow"">http://www.chatter.com/</a><p>Jive - <a href=""http://www.jivesoftware.com/"" rel=""nofollow"">http://www.jivesoftware.com/</a><p>Also, may be worthy to grab one of the StackOverflow sources, pretty it up and use that!",1300964469
82,2363555,comment,2362953.0,2362953.0,0,0,msy,,,"If I worked for a US/UK/Russian/Chinese intel organisation I'd make damn sure we had a steady pool of logless proxies dotted about on boxes in Iran, Pakistan and whatever net-connected boxes North Korea has.",1300964413
83,2363554,comment,2362953.0,2362953.0,0,0,Joakal,,,"Tor project dislikes even eff's SSL certificate for having a wild card domain (*.eff.org).<p>There's more information: <a href=""https://blog.torproject.org/blog/detecting-certificate-authority-compromises-and-web-browser-collusion"" rel=""nofollow"">https://blog.torproject.org/blog/detecting-certificate-autho...</a>",1300964407
