,col0,col1,col2,col3,col4,col5,col6,col7,col8,col9,col10
0,wuceffects.dll,169984,2,2132541720,2037-07-30T04:42:00.000Z,imports,msvcp_win.dll,?_Xlength_error@std@@YAXPBD@Z,54d56c6a7827f72595fe5fd8a1be2fa3,dfb546cd5b956153b784a50a851e7696d834e726981d60aab326a655784ca752,c:\Windows\WinSxS\wow64_microsoft-windows-d..ndowmanager-effects_31bf3856ad364e35_10.0.18362.1_none_cdb5d025f05770f7\wuceffects.dll
1,wuceffects.dll,169984,2,2132541720,2037-07-30T04:42:00.000Z,imports,msvcp_win.dll,?_Xout_of_range@std@@YAXPBD@Z,54d56c6a7827f72595fe5fd8a1be2fa3,dfb546cd5b956153b784a50a851e7696d834e726981d60aab326a655784ca752,c:\Windows\WinSxS\wow64_microsoft-windows-d..ndowmanager-effects_31bf3856ad364e35_10.0.18362.1_none_cdb5d025f05770f7\wuceffects.dll
2,wuceffects.dll,169984,2,2132541720,2037-07-30T04:42:00.000Z,imports,api-ms-win-crt-runtime-l1-1-0.dll,_initterm,54d56c6a7827f72595fe5fd8a1be2fa3,dfb546cd5b956153b784a50a851e7696d834e726981d60aab326a655784ca752,c:\Windows\WinSxS\wow64_microsoft-windows-d..ndowmanager-effects_31bf3856ad364e35_10.0.18362.1_none_cdb5d025f05770f7\wuceffects.dll
3,wuceffects.dll,169984,2,2132541720,2037-07-30T04:42:00.000Z,imports,api-ms-win-crt-runtime-l1-1-0.dll,_initterm_e,54d56c6a7827f72595fe5fd8a1be2fa3,dfb546cd5b956153b784a50a851e7696d834e726981d60aab326a655784ca752,c:\Windows\WinSxS\wow64_microsoft-windows-d..ndowmanager-effects_31bf3856ad364e35_10.0.18362.1_none_cdb5d025f05770f7\wuceffects.dll
4,wuceffects.dll,169984,2,2132541720,2037-07-30T04:42:00.000Z,imports,api-ms-win-crt-string-l1-1-0.dll,memset,54d56c6a7827f72595fe5fd8a1be2fa3,dfb546cd5b956153b784a50a851e7696d834e726981d60aab326a655784ca752,c:\Windows\WinSxS\wow64_microsoft-windows-d..ndowmanager-effects_31bf3856ad364e35_10.0.18362.1_none_cdb5d025f05770f7\wuceffects.dll
5,wuceffects.dll,169984,2,2132541720,2037-07-30T04:42:00.000Z,imports,api-ms-win-crt-private-l1-1-0.dll,_CxxThrowException,54d56c6a7827f72595fe5fd8a1be2fa3,dfb546cd5b956153b784a50a851e7696d834e726981d60aab326a655784ca752,c:\Windows\WinSxS\wow64_microsoft-windows-d..ndowmanager-effects_31bf3856ad364e35_10.0.18362.1_none_cdb5d025f05770f7\wuceffects.dll
6,wuceffects.dll,169984,2,2132541720,2037-07-30T04:42:00.000Z,imports,api-ms-win-crt-private-l1-1-0.dll,__CxxFrameHandler3,54d56c6a7827f72595fe5fd8a1be2fa3,dfb546cd5b956153b784a50a851e7696d834e726981d60aab326a655784ca752,c:\Windows\WinSxS\wow64_microsoft-windows-d..ndowmanager-effects_31bf3856ad364e35_10.0.18362.1_none_cdb5d025f05770f7\wuceffects.dll
7,wuceffects.dll,169984,2,2132541720,2037-07-30T04:42:00.000Z,imports,api-ms-win-crt-private-l1-1-0.dll,__std_terminate,54d56c6a7827f72595fe5fd8a1be2fa3,dfb546cd5b956153b784a50a851e7696d834e726981d60aab326a655784ca752,c:\Windows\WinSxS\wow64_microsoft-windows-d..ndowmanager-effects_31bf3856ad364e35_10.0.18362.1_none_cdb5d025f05770f7\wuceffects.dll
8,wuceffects.dll,169984,2,2132541720,2037-07-30T04:42:00.000Z,imports,api-ms-win-crt-private-l1-1-0.dll,_except_handler4_common,54d56c6a7827f72595fe5fd8a1be2fa3,dfb546cd5b956153b784a50a851e7696d834e726981d60aab326a655784ca752,c:\Windows\WinSxS\wow64_microsoft-windows-d..ndowmanager-effects_31bf3856ad364e35_10.0.18362.1_none_cdb5d025f05770f7\wuceffects.dll
9,wuceffects.dll,169984,2,2132541720,2037-07-30T04:42:00.000Z,imports,api-ms-win-crt-private-l1-1-0.dll,_o__CIcos,54d56c6a7827f72595fe5fd8a1be2fa3,dfb546cd5b956153b784a50a851e7696d834e726981d60aab326a655784ca752,c:\Windows\WinSxS\wow64_microsoft-windows-d..ndowmanager-effects_31bf3856ad364e35_10.0.18362.1_none_cdb5d025f05770f7\wuceffects.dll
10,wuceffects.dll,169984,2,2132541720,2037-07-30T04:42:00.000Z,imports,api-ms-win-crt-private-l1-1-0.dll,_o__CIpow,54d56c6a7827f72595fe5fd8a1be2fa3,dfb546cd5b956153b784a50a851e7696d834e726981d60aab326a655784ca752,c:\Windows\WinSxS\wow64_microsoft-windows-d..ndowmanager-effects_31bf3856ad364e35_10.0.18362.1_none_cdb5d025f05770f7\wuceffects.dll
11,wuceffects.dll,169984,2,2132541720,2037-07-30T04:42:00.000Z,imports,api-ms-win-crt-private-l1-1-0.dll,_o__CIsin,54d56c6a7827f72595fe5fd8a1be2fa3,dfb546cd5b956153b784a50a851e7696d834e726981d60aab326a655784ca752,c:\Windows\WinSxS\wow64_microsoft-windows-d..ndowmanager-effects_31bf3856ad364e35_10.0.18362.1_none_cdb5d025f05770f7\wuceffects.dll
12,wuceffects.dll,169984,2,2132541720,2037-07-30T04:42:00.000Z,imports,api-ms-win-crt-private-l1-1-0.dll,_o__CIsqrt,54d56c6a7827f72595fe5fd8a1be2fa3,dfb546cd5b956153b784a50a851e7696d834e726981d60aab326a655784ca752,c:\Windows\WinSxS\wow64_microsoft-windows-d..ndowmanager-effects_31bf3856ad364e35_10.0.18362.1_none_cdb5d025f05770f7\wuceffects.dll
13,wuceffects.dll,169984,2,2132541720,2037-07-30T04:42:00.000Z,imports,api-ms-win-crt-private-l1-1-0.dll,_o___std_exception_copy,54d56c6a7827f72595fe5fd8a1be2fa3,dfb546cd5b956153b784a50a851e7696d834e726981d60aab326a655784ca752,c:\Windows\WinSxS\wow64_microsoft-windows-d..ndowmanager-effects_31bf3856ad364e35_10.0.18362.1_none_cdb5d025f05770f7\wuceffects.dll
14,wuceffects.dll,169984,2,2132541720,2037-07-30T04:42:00.000Z,imports,api-ms-win-crt-private-l1-1-0.dll,_o___std_exception_destroy,54d56c6a7827f72595fe5fd8a1be2fa3,dfb546cd5b956153b784a50a851e7696d834e726981d60aab326a655784ca752,c:\Windows\WinSxS\wow64_microsoft-windows-d..ndowmanager-effects_31bf3856ad364e35_10.0.18362.1_none_cdb5d025f05770f7\wuceffects.dll
15,wuceffects.dll,169984,2,2132541720,2037-07-30T04:42:00.000Z,imports,api-ms-win-crt-private-l1-1-0.dll,_o___std_type_info_destroy_list,54d56c6a7827f72595fe5fd8a1be2fa3,dfb546cd5b956153b784a50a851e7696d834e726981d60aab326a655784ca752,c:\Windows\WinSxS\wow64_microsoft-windows-d..ndowmanager-effects_31bf3856ad364e35_10.0.18362.1_none_cdb5d025f05770f7\wuceffects.dll
16,wuceffects.dll,169984,2,2132541720,2037-07-30T04:42:00.000Z,imports,api-ms-win-crt-private-l1-1-0.dll,_o___stdio_common_vsnprintf_s,54d56c6a7827f72595fe5fd8a1be2fa3,dfb546cd5b956153b784a50a851e7696d834e726981d60aab326a655784ca752,c:\Windows\WinSxS\wow64_microsoft-windows-d..ndowmanager-effects_31bf3856ad364e35_10.0.18362.1_none_cdb5d025f05770f7\wuceffects.dll
17,wuceffects.dll,169984,2,2132541720,2037-07-30T04:42:00.000Z,imports,api-ms-win-crt-private-l1-1-0.dll,_o___stdio_common_vsprintf_s,54d56c6a7827f72595fe5fd8a1be2fa3,dfb546cd5b956153b784a50a851e7696d834e726981d60aab326a655784ca752,c:\Windows\WinSxS\wow64_microsoft-windows-d..ndowmanager-effects_31bf3856ad364e35_10.0.18362.1_none_cdb5d025f05770f7\wuceffects.dll
18,wuceffects.dll,169984,2,2132541720,2037-07-30T04:42:00.000Z,imports,api-ms-win-crt-private-l1-1-0.dll,_o___stdio_common_vswprintf,54d56c6a7827f72595fe5fd8a1be2fa3,dfb546cd5b956153b784a50a851e7696d834e726981d60aab326a655784ca752,c:\Windows\WinSxS\wow64_microsoft-windows-d..ndowmanager-effects_31bf3856ad364e35_10.0.18362.1_none_cdb5d025f05770f7\wuceffects.dll
19,wuceffects.dll,169984,2,2132541720,2037-07-30T04:42:00.000Z,imports,api-ms-win-crt-private-l1-1-0.dll,_o__cexit,54d56c6a7827f72595fe5fd8a1be2fa3,dfb546cd5b956153b784a50a851e7696d834e726981d60aab326a655784ca752,c:\Windows\WinSxS\wow64_microsoft-windows-d..ndowmanager-effects_31bf3856ad364e35_10.0.18362.1_none_cdb5d025f05770f7\wuceffects.dll
20,wuceffects.dll,169984,2,2132541720,2037-07-30T04:42:00.000Z,imports,api-ms-win-crt-private-l1-1-0.dll,_o__configure_narrow_argv,54d56c6a7827f72595fe5fd8a1be2fa3,dfb546cd5b956153b784a50a851e7696d834e726981d60aab326a655784ca752,c:\Windows\WinSxS\wow64_microsoft-windows-d..ndowmanager-effects_31bf3856ad364e35_10.0.18362.1_none_cdb5d025f05770f7\wuceffects.dll
21,wuceffects.dll,169984,2,2132541720,2037-07-30T04:42:00.000Z,imports,api-ms-win-crt-private-l1-1-0.dll,_o__create_locale,54d56c6a7827f72595fe5fd8a1be2fa3,dfb546cd5b956153b784a50a851e7696d834e726981d60aab326a655784ca752,c:\Windows\WinSxS\wow64_microsoft-windows-d..ndowmanager-effects_31bf3856ad364e35_10.0.18362.1_none_cdb5d025f05770f7\wuceffects.dll
22,wuceffects.dll,169984,2,2132541720,2037-07-30T04:42:00.000Z,imports,api-ms-win-crt-private-l1-1-0.dll,_o__crt_atexit,54d56c6a7827f72595fe5fd8a1be2fa3,dfb546cd5b956153b784a50a851e7696d834e726981d60aab326a655784ca752,c:\Windows\WinSxS\wow64_microsoft-windows-d..ndowmanager-effects_31bf3856ad364e35_10.0.18362.1_none_cdb5d025f05770f7\wuceffects.dll
23,wuceffects.dll,169984,2,2132541720,2037-07-30T04:42:00.000Z,imports,api-ms-win-crt-private-l1-1-0.dll,_o__errno,54d56c6a7827f72595fe5fd8a1be2fa3,dfb546cd5b956153b784a50a851e7696d834e726981d60aab326a655784ca752,c:\Windows\WinSxS\wow64_microsoft-windows-d..ndowmanager-effects_31bf3856ad364e35_10.0.18362.1_none_cdb5d025f05770f7\wuceffects.dll
24,wuceffects.dll,169984,2,2132541720,2037-07-30T04:42:00.000Z,imports,api-ms-win-crt-private-l1-1-0.dll,_o__execute_onexit_table,54d56c6a7827f72595fe5fd8a1be2fa3,dfb546cd5b956153b784a50a851e7696d834e726981d60aab326a655784ca752,c:\Windows\WinSxS\wow64_microsoft-windows-d..ndowmanager-effects_31bf3856ad364e35_10.0.18362.1_none_cdb5d025f05770f7\wuceffects.dll
25,wuceffects.dll,169984,2,2132541720,2037-07-30T04:42:00.000Z,imports,api-ms-win-crt-private-l1-1-0.dll,_o__initialize_narrow_environment,54d56c6a7827f72595fe5fd8a1be2fa3,dfb546cd5b956153b784a50a851e7696d834e726981d60aab326a655784ca752,c:\Windows\WinSxS\wow64_microsoft-windows-d..ndowmanager-effects_31bf3856ad364e35_10.0.18362.1_none_cdb5d025f05770f7\wuceffects.dll
26,wuceffects.dll,169984,2,2132541720,2037-07-30T04:42:00.000Z,imports,api-ms-win-crt-private-l1-1-0.dll,_o__initialize_onexit_table,54d56c6a7827f72595fe5fd8a1be2fa3,dfb546cd5b956153b784a50a851e7696d834e726981d60aab326a655784ca752,c:\Windows\WinSxS\wow64_microsoft-windows-d..ndowmanager-effects_31bf3856ad364e35_10.0.18362.1_none_cdb5d025f05770f7\wuceffects.dll
27,wuceffects.dll,169984,2,2132541720,2037-07-30T04:42:00.000Z,imports,api-ms-win-crt-private-l1-1-0.dll,_o__invalid_parameter_noinfo,54d56c6a7827f72595fe5fd8a1be2fa3,dfb546cd5b956153b784a50a851e7696d834e726981d60aab326a655784ca752,c:\Windows\WinSxS\wow64_microsoft-windows-d..ndowmanager-effects_31bf3856ad364e35_10.0.18362.1_none_cdb5d025f05770f7\wuceffects.dll
28,wuceffects.dll,169984,2,2132541720,2037-07-30T04:42:00.000Z,imports,api-ms-win-crt-private-l1-1-0.dll,_o__invalid_parameter_noinfo_noreturn,54d56c6a7827f72595fe5fd8a1be2fa3,dfb546cd5b956153b784a50a851e7696d834e726981d60aab326a655784ca752,c:\Windows\WinSxS\wow64_microsoft-windows-d..ndowmanager-effects_31bf3856ad364e35_10.0.18362.1_none_cdb5d025f05770f7\wuceffects.dll
29,wuceffects.dll,169984,2,2132541720,2037-07-30T04:42:00.000Z,imports,api-ms-win-crt-private-l1-1-0.dll,_o__itoa_s,54d56c6a7827f72595fe5fd8a1be2fa3,dfb546cd5b956153b784a50a851e7696d834e726981d60aab326a655784ca752,c:\Windows\WinSxS\wow64_microsoft-windows-d..ndowmanager-effects_31bf3856ad364e35_10.0.18362.1_none_cdb5d025f05770f7\wuceffects.dll
30,wuceffects.dll,169984,2,2132541720,2037-07-30T04:42:00.000Z,imports,api-ms-win-crt-private-l1-1-0.dll,_o__ltoa_s,54d56c6a7827f72595fe5fd8a1be2fa3,dfb546cd5b956153b784a50a851e7696d834e726981d60aab326a655784ca752,c:\Windows\WinSxS\wow64_microsoft-windows-d..ndowmanager-effects_31bf3856ad364e35_10.0.18362.1_none_cdb5d025f05770f7\wuceffects.dll
31,wuceffects.dll,169984,2,2132541720,2037-07-30T04:42:00.000Z,imports,api-ms-win-crt-private-l1-1-0.dll,_o__purecall,54d56c6a7827f72595fe5fd8a1be2fa3,dfb546cd5b956153b784a50a851e7696d834e726981d60aab326a655784ca752,c:\Windows\WinSxS\wow64_microsoft-windows-d..ndowmanager-effects_31bf3856ad364e35_10.0.18362.1_none_cdb5d025f05770f7\wuceffects.dll
32,wuceffects.dll,169984,2,2132541720,2037-07-30T04:42:00.000Z,imports,api-ms-win-crt-private-l1-1-0.dll,_o__register_onexit_function,54d56c6a7827f72595fe5fd8a1be2fa3,dfb546cd5b956153b784a50a851e7696d834e726981d60aab326a655784ca752,c:\Windows\WinSxS\wow64_microsoft-windows-d..ndowmanager-effects_31bf3856ad364e35_10.0.18362.1_none_cdb5d025f05770f7\wuceffects.dll
33,wuceffects.dll,169984,2,2132541720,2037-07-30T04:42:00.000Z,imports,api-ms-win-crt-private-l1-1-0.dll,_o__seh_filter_dll,54d56c6a7827f72595fe5fd8a1be2fa3,dfb546cd5b956153b784a50a851e7696d834e726981d60aab326a655784ca752,c:\Windows\WinSxS\wow64_microsoft-windows-d..ndowmanager-effects_31bf3856ad364e35_10.0.18362.1_none_cdb5d025f05770f7\wuceffects.dll
34,wuceffects.dll,169984,2,2132541720,2037-07-30T04:42:00.000Z,imports,api-ms-win-crt-private-l1-1-0.dll,_o__wcsicmp_l,54d56c6a7827f72595fe5fd8a1be2fa3,dfb546cd5b956153b784a50a851e7696d834e726981d60aab326a655784ca752,c:\Windows\WinSxS\wow64_microsoft-windows-d..ndowmanager-effects_31bf3856ad364e35_10.0.18362.1_none_cdb5d025f05770f7\wuceffects.dll
35,wuceffects.dll,169984,2,2132541720,2037-07-30T04:42:00.000Z,imports,api-ms-win-crt-private-l1-1-0.dll,_o_terminate,54d56c6a7827f72595fe5fd8a1be2fa3,dfb546cd5b956153b784a50a851e7696d834e726981d60aab326a655784ca752,c:\Windows\WinSxS\wow64_microsoft-windows-d..ndowmanager-effects_31bf3856ad364e35_10.0.18362.1_none_cdb5d025f05770f7\wuceffects.dll
36,wuceffects.dll,169984,2,2132541720,2037-07-30T04:42:00.000Z,imports,api-ms-win-crt-private-l1-1-0.dll,memcmp,54d56c6a7827f72595fe5fd8a1be2fa3,dfb546cd5b956153b784a50a851e7696d834e726981d60aab326a655784ca752,c:\Windows\WinSxS\wow64_microsoft-windows-d..ndowmanager-effects_31bf3856ad364e35_10.0.18362.1_none_cdb5d025f05770f7\wuceffects.dll
37,wuceffects.dll,169984,2,2132541720,2037-07-30T04:42:00.000Z,imports,api-ms-win-crt-private-l1-1-0.dll,memcpy,54d56c6a7827f72595fe5fd8a1be2fa3,dfb546cd5b956153b784a50a851e7696d834e726981d60aab326a655784ca752,c:\Windows\WinSxS\wow64_microsoft-windows-d..ndowmanager-effects_31bf3856ad364e35_10.0.18362.1_none_cdb5d025f05770f7\wuceffects.dll
38,wuceffects.dll,169984,2,2132541720,2037-07-30T04:42:00.000Z,imports,api-ms-win-crt-private-l1-1-0.dll,memmove,54d56c6a7827f72595fe5fd8a1be2fa3,dfb546cd5b956153b784a50a851e7696d834e726981d60aab326a655784ca752,c:\Windows\WinSxS\wow64_microsoft-windows-d..ndowmanager-effects_31bf3856ad364e35_10.0.18362.1_none_cdb5d025f05770f7\wuceffects.dll
39,wuceffects.dll,169984,2,2132541720,2037-07-30T04:42:00.000Z,imports,api-ms-win-core-libraryloader-l1-2-0.dll,FreeLibrary,54d56c6a7827f72595fe5fd8a1be2fa3,dfb546cd5b956153b784a50a851e7696d834e726981d60aab326a655784ca752,c:\Windows\WinSxS\wow64_microsoft-windows-d..ndowmanager-effects_31bf3856ad364e35_10.0.18362.1_none_cdb5d025f05770f7\wuceffects.dll
40,wuceffects.dll,169984,2,2132541720,2037-07-30T04:42:00.000Z,imports,api-ms-win-core-libraryloader-l1-2-0.dll,GetModuleFileNameA,54d56c6a7827f72595fe5fd8a1be2fa3,dfb546cd5b956153b784a50a851e7696d834e726981d60aab326a655784ca752,c:\Windows\WinSxS\wow64_microsoft-windows-d..ndowmanager-effects_31bf3856ad364e35_10.0.18362.1_none_cdb5d025f05770f7\wuceffects.dll
41,wuceffects.dll,169984,2,2132541720,2037-07-30T04:42:00.000Z,imports,api-ms-win-core-libraryloader-l1-2-0.dll,GetModuleHandleExW,54d56c6a7827f72595fe5fd8a1be2fa3,dfb546cd5b956153b784a50a851e7696d834e726981d60aab326a655784ca752,c:\Windows\WinSxS\wow64_microsoft-windows-d..ndowmanager-effects_31bf3856ad364e35_10.0.18362.1_none_cdb5d025f05770f7\wuceffects.dll
42,wuceffects.dll,169984,2,2132541720,2037-07-30T04:42:00.000Z,imports,api-ms-win-core-libraryloader-l1-2-0.dll,GetModuleHandleW,54d56c6a7827f72595fe5fd8a1be2fa3,dfb546cd5b956153b784a50a851e7696d834e726981d60aab326a655784ca752,c:\Windows\WinSxS\wow64_microsoft-windows-d..ndowmanager-effects_31bf3856ad364e35_10.0.18362.1_none_cdb5d025f05770f7\wuceffects.dll
43,wuceffects.dll,169984,2,2132541720,2037-07-30T04:42:00.000Z,imports,api-ms-win-core-libraryloader-l1-2-0.dll,GetProcAddress,54d56c6a7827f72595fe5fd8a1be2fa3,dfb546cd5b956153b784a50a851e7696d834e726981d60aab326a655784ca752,c:\Windows\WinSxS\wow64_microsoft-windows-d..ndowmanager-effects_31bf3856ad364e35_10.0.18362.1_none_cdb5d025f05770f7\wuceffects.dll
44,wuceffects.dll,169984,2,2132541720,2037-07-30T04:42:00.000Z,imports,api-ms-win-core-libraryloader-l1-2-0.dll,LoadResource,54d56c6a7827f72595fe5fd8a1be2fa3,dfb546cd5b956153b784a50a851e7696d834e726981d60aab326a655784ca752,c:\Windows\WinSxS\wow64_microsoft-windows-d..ndowmanager-effects_31bf3856ad364e35_10.0.18362.1_none_cdb5d025f05770f7\wuceffects.dll
45,wuceffects.dll,169984,2,2132541720,2037-07-30T04:42:00.000Z,imports,api-ms-win-core-libraryloader-l1-2-0.dll,LockResource,54d56c6a7827f72595fe5fd8a1be2fa3,dfb546cd5b956153b784a50a851e7696d834e726981d60aab326a655784ca752,c:\Windows\WinSxS\wow64_microsoft-windows-d..ndowmanager-effects_31bf3856ad364e35_10.0.18362.1_none_cdb5d025f05770f7\wuceffects.dll
46,wuceffects.dll,169984,2,2132541720,2037-07-30T04:42:00.000Z,imports,api-ms-win-core-libraryloader-l1-2-0.dll,SizeofResource,54d56c6a7827f72595fe5fd8a1be2fa3,dfb546cd5b956153b784a50a851e7696d834e726981d60aab326a655784ca752,c:\Windows\WinSxS\wow64_microsoft-windows-d..ndowmanager-effects_31bf3856ad364e35_10.0.18362.1_none_cdb5d025f05770f7\wuceffects.dll
47,wuceffects.dll,169984,2,2132541720,2037-07-30T04:42:00.000Z,imports,api-ms-win-core-synch-l1-1-0.dll,CreateEventW,54d56c6a7827f72595fe5fd8a1be2fa3,dfb546cd5b956153b784a50a851e7696d834e726981d60aab326a655784ca752,c:\Windows\WinSxS\wow64_microsoft-windows-d..ndowmanager-effects_31bf3856ad364e35_10.0.18362.1_none_cdb5d025f05770f7\wuceffects.dll
48,wuceffects.dll,169984,2,2132541720,2037-07-30T04:42:00.000Z,imports,api-ms-win-core-synch-l1-1-0.dll,CreateMutexExW,54d56c6a7827f72595fe5fd8a1be2fa3,dfb546cd5b956153b784a50a851e7696d834e726981d60aab326a655784ca752,c:\Windows\WinSxS\wow64_microsoft-windows-d..ndowmanager-effects_31bf3856ad364e35_10.0.18362.1_none_cdb5d025f05770f7\wuceffects.dll
49,wuceffects.dll,169984,2,2132541720,2037-07-30T04:42:00.000Z,imports,api-ms-win-core-synch-l1-1-0.dll,CreateSemaphoreExW,54d56c6a7827f72595fe5fd8a1be2fa3,dfb546cd5b956153b784a50a851e7696d834e726981d60aab326a655784ca752,c:\Windows\WinSxS\wow64_microsoft-windows-d..ndowmanager-effects_31bf3856ad364e35_10.0.18362.1_none_cdb5d025f05770f7\wuceffects.dll
50,wuceffects.dll,169984,2,2132541720,2037-07-30T04:42:00.000Z,imports,api-ms-win-core-synch-l1-1-0.dll,DeleteCriticalSection,54d56c6a7827f72595fe5fd8a1be2fa3,dfb546cd5b956153b784a50a851e7696d834e726981d60aab326a655784ca752,c:\Windows\WinSxS\wow64_microsoft-windows-d..ndowmanager-effects_31bf3856ad364e35_10.0.18362.1_none_cdb5d025f05770f7\wuceffects.dll
51,wuceffects.dll,169984,2,2132541720,2037-07-30T04:42:00.000Z,imports,api-ms-win-core-synch-l1-1-0.dll,EnterCriticalSection,54d56c6a7827f72595fe5fd8a1be2fa3,dfb546cd5b956153b784a50a851e7696d834e726981d60aab326a655784ca752,c:\Windows\WinSxS\wow64_microsoft-windows-d..ndowmanager-effects_31bf3856ad364e35_10.0.18362.1_none_cdb5d025f05770f7\wuceffects.dll
52,wuceffects.dll,169984,2,2132541720,2037-07-30T04:42:00.000Z,imports,api-ms-win-core-synch-l1-1-0.dll,InitializeCriticalSection,54d56c6a7827f72595fe5fd8a1be2fa3,dfb546cd5b956153b784a50a851e7696d834e726981d60aab326a655784ca752,c:\Windows\WinSxS\wow64_microsoft-windows-d..ndowmanager-effects_31bf3856ad364e35_10.0.18362.1_none_cdb5d025f05770f7\wuceffects.dll
53,wuceffects.dll,169984,2,2132541720,2037-07-30T04:42:00.000Z,imports,api-ms-win-core-synch-l1-1-0.dll,InitializeCriticalSectionAndSpinCount,54d56c6a7827f72595fe5fd8a1be2fa3,dfb546cd5b956153b784a50a851e7696d834e726981d60aab326a655784ca752,c:\Windows\WinSxS\wow64_microsoft-windows-d..ndowmanager-effects_31bf3856ad364e35_10.0.18362.1_none_cdb5d025f05770f7\wuceffects.dll
54,wuceffects.dll,169984,2,2132541720,2037-07-30T04:42:00.000Z,imports,api-ms-win-core-synch-l1-1-0.dll,LeaveCriticalSection,54d56c6a7827f72595fe5fd8a1be2fa3,dfb546cd5b956153b784a50a851e7696d834e726981d60aab326a655784ca752,c:\Windows\WinSxS\wow64_microsoft-windows-d..ndowmanager-effects_31bf3856ad364e35_10.0.18362.1_none_cdb5d025f05770f7\wuceffects.dll
55,wuceffects.dll,169984,2,2132541720,2037-07-30T04:42:00.000Z,imports,api-ms-win-core-synch-l1-1-0.dll,OpenSemaphoreW,54d56c6a7827f72595fe5fd8a1be2fa3,dfb546cd5b956153b784a50a851e7696d834e726981d60aab326a655784ca752,c:\Windows\WinSxS\wow64_microsoft-windows-d..ndowmanager-effects_31bf3856ad364e35_10.0.18362.1_none_cdb5d025f05770f7\wuceffects.dll
56,wuceffects.dll,169984,2,2132541720,2037-07-30T04:42:00.000Z,imports,api-ms-win-core-synch-l1-1-0.dll,ReleaseMutex,54d56c6a7827f72595fe5fd8a1be2fa3,dfb546cd5b956153b784a50a851e7696d834e726981d60aab326a655784ca752,c:\Windows\WinSxS\wow64_microsoft-windows-d..ndowmanager-effects_31bf3856ad364e35_10.0.18362.1_none_cdb5d025f05770f7\wuceffects.dll
57,wuceffects.dll,169984,2,2132541720,2037-07-30T04:42:00.000Z,imports,api-ms-win-core-synch-l1-1-0.dll,ReleaseSemaphore,54d56c6a7827f72595fe5fd8a1be2fa3,dfb546cd5b956153b784a50a851e7696d834e726981d60aab326a655784ca752,c:\Windows\WinSxS\wow64_microsoft-windows-d..ndowmanager-effects_31bf3856ad364e35_10.0.18362.1_none_cdb5d025f05770f7\wuceffects.dll
58,wuceffects.dll,169984,2,2132541720,2037-07-30T04:42:00.000Z,imports,api-ms-win-core-synch-l1-1-0.dll,ResetEvent,54d56c6a7827f72595fe5fd8a1be2fa3,dfb546cd5b956153b784a50a851e7696d834e726981d60aab326a655784ca752,c:\Windows\WinSxS\wow64_microsoft-windows-d..ndowmanager-effects_31bf3856ad364e35_10.0.18362.1_none_cdb5d025f05770f7\wuceffects.dll
59,wuceffects.dll,169984,2,2132541720,2037-07-30T04:42:00.000Z,imports,api-ms-win-core-synch-l1-1-0.dll,SetEvent,54d56c6a7827f72595fe5fd8a1be2fa3,dfb546cd5b956153b784a50a851e7696d834e726981d60aab326a655784ca752,c:\Windows\WinSxS\wow64_microsoft-windows-d..ndowmanager-effects_31bf3856ad364e35_10.0.18362.1_none_cdb5d025f05770f7\wuceffects.dll
60,wuceffects.dll,169984,2,2132541720,2037-07-30T04:42:00.000Z,imports,api-ms-win-core-synch-l1-1-0.dll,WaitForSingleObject,54d56c6a7827f72595fe5fd8a1be2fa3,dfb546cd5b956153b784a50a851e7696d834e726981d60aab326a655784ca752,c:\Windows\WinSxS\wow64_microsoft-windows-d..ndowmanager-effects_31bf3856ad364e35_10.0.18362.1_none_cdb5d025f05770f7\wuceffects.dll
61,wuceffects.dll,169984,2,2132541720,2037-07-30T04:42:00.000Z,imports,api-ms-win-core-synch-l1-1-0.dll,WaitForSingleObjectEx,54d56c6a7827f72595fe5fd8a1be2fa3,dfb546cd5b956153b784a50a851e7696d834e726981d60aab326a655784ca752,c:\Windows\WinSxS\wow64_microsoft-windows-d..ndowmanager-effects_31bf3856ad364e35_10.0.18362.1_none_cdb5d025f05770f7\wuceffects.dll
62,wuceffects.dll,169984,2,2132541720,2037-07-30T04:42:00.000Z,imports,api-ms-win-core-heap-l1-1-0.dll,GetProcessHeap,54d56c6a7827f72595fe5fd8a1be2fa3,dfb546cd5b956153b784a50a851e7696d834e726981d60aab326a655784ca752,c:\Windows\WinSxS\wow64_microsoft-windows-d..ndowmanager-effects_31bf3856ad364e35_10.0.18362.1_none_cdb5d025f05770f7\wuceffects.dll
63,wuceffects.dll,169984,2,2132541720,2037-07-30T04:42:00.000Z,imports,api-ms-win-core-heap-l1-1-0.dll,HeapAlloc,54d56c6a7827f72595fe5fd8a1be2fa3,dfb546cd5b956153b784a50a851e7696d834e726981d60aab326a655784ca752,c:\Windows\WinSxS\wow64_microsoft-windows-d..ndowmanager-effects_31bf3856ad364e35_10.0.18362.1_none_cdb5d025f05770f7\wuceffects.dll
64,wuceffects.dll,169984,2,2132541720,2037-07-30T04:42:00.000Z,imports,api-ms-win-core-heap-l1-1-0.dll,HeapFree,54d56c6a7827f72595fe5fd8a1be2fa3,dfb546cd5b956153b784a50a851e7696d834e726981d60aab326a655784ca752,c:\Windows\WinSxS\wow64_microsoft-windows-d..ndowmanager-effects_31bf3856ad364e35_10.0.18362.1_none_cdb5d025f05770f7\wuceffects.dll
65,wuceffects.dll,169984,2,2132541720,2037-07-30T04:42:00.000Z,imports,api-ms-win-core-errorhandling-l1-1-0.dll,GetLastError,54d56c6a7827f72595fe5fd8a1be2fa3,dfb546cd5b956153b784a50a851e7696d834e726981d60aab326a655784ca752,c:\Windows\WinSxS\wow64_microsoft-windows-d..ndowmanager-effects_31bf3856ad364e35_10.0.18362.1_none_cdb5d025f05770f7\wuceffects.dll
66,wuceffects.dll,169984,2,2132541720,2037-07-30T04:42:00.000Z,imports,api-ms-win-core-errorhandling-l1-1-0.dll,RaiseException,54d56c6a7827f72595fe5fd8a1be2fa3,dfb546cd5b956153b784a50a851e7696d834e726981d60aab326a655784ca752,c:\Windows\WinSxS\wow64_microsoft-windows-d..ndowmanager-effects_31bf3856ad364e35_10.0.18362.1_none_cdb5d025f05770f7\wuceffects.dll
67,wuceffects.dll,169984,2,2132541720,2037-07-30T04:42:00.000Z,imports,api-ms-win-core-errorhandling-l1-1-0.dll,SetLastError,54d56c6a7827f72595fe5fd8a1be2fa3,dfb546cd5b956153b784a50a851e7696d834e726981d60aab326a655784ca752,c:\Windows\WinSxS\wow64_microsoft-windows-d..ndowmanager-effects_31bf3856ad364e35_10.0.18362.1_none_cdb5d025f05770f7\wuceffects.dll
68,wuceffects.dll,169984,2,2132541720,2037-07-30T04:42:00.000Z,imports,api-ms-win-core-errorhandling-l1-1-0.dll,SetUnhandledExceptionFilter,54d56c6a7827f72595fe5fd8a1be2fa3,dfb546cd5b956153b784a50a851e7696d834e726981d60aab326a655784ca752,c:\Windows\WinSxS\wow64_microsoft-windows-d..ndowmanager-effects_31bf3856ad364e35_10.0.18362.1_none_cdb5d025f05770f7\wuceffects.dll
69,wuceffects.dll,169984,2,2132541720,2037-07-30T04:42:00.000Z,imports,api-ms-win-core-errorhandling-l1-1-0.dll,UnhandledExceptionFilter,54d56c6a7827f72595fe5fd8a1be2fa3,dfb546cd5b956153b784a50a851e7696d834e726981d60aab326a655784ca752,c:\Windows\WinSxS\wow64_microsoft-windows-d..ndowmanager-effects_31bf3856ad364e35_10.0.18362.1_none_cdb5d025f05770f7\wuceffects.dll
70,wuceffects.dll,169984,2,2132541720,2037-07-30T04:42:00.000Z,imports,api-ms-win-core-processthreads-l1-1-0.dll,GetCurrentProcess,54d56c6a7827f72595fe5fd8a1be2fa3,dfb546cd5b956153b784a50a851e7696d834e726981d60aab326a655784ca752,c:\Windows\WinSxS\wow64_microsoft-windows-d..ndowmanager-effects_31bf3856ad364e35_10.0.18362.1_none_cdb5d025f05770f7\wuceffects.dll
71,wuceffects.dll,169984,2,2132541720,2037-07-30T04:42:00.000Z,imports,api-ms-win-core-processthreads-l1-1-0.dll,GetCurrentProcessId,54d56c6a7827f72595fe5fd8a1be2fa3,dfb546cd5b956153b784a50a851e7696d834e726981d60aab326a655784ca752,c:\Windows\WinSxS\wow64_microsoft-windows-d..ndowmanager-effects_31bf3856ad364e35_10.0.18362.1_none_cdb5d025f05770f7\wuceffects.dll
72,wuceffects.dll,169984,2,2132541720,2037-07-30T04:42:00.000Z,imports,api-ms-win-core-processthreads-l1-1-0.dll,GetCurrentThread,54d56c6a7827f72595fe5fd8a1be2fa3,dfb546cd5b956153b784a50a851e7696d834e726981d60aab326a655784ca752,c:\Windows\WinSxS\wow64_microsoft-windows-d..ndowmanager-effects_31bf3856ad364e35_10.0.18362.1_none_cdb5d025f05770f7\wuceffects.dll
73,wuceffects.dll,169984,2,2132541720,2037-07-30T04:42:00.000Z,imports,api-ms-win-core-processthreads-l1-1-0.dll,GetCurrentThreadId,54d56c6a7827f72595fe5fd8a1be2fa3,dfb546cd5b956153b784a50a851e7696d834e726981d60aab326a655784ca752,c:\Windows\WinSxS\wow64_microsoft-windows-d..ndowmanager-effects_31bf3856ad364e35_10.0.18362.1_none_cdb5d025f05770f7\wuceffects.dll
74,wuceffects.dll,169984,2,2132541720,2037-07-30T04:42:00.000Z,imports,api-ms-win-core-processthreads-l1-1-0.dll,TerminateProcess,54d56c6a7827f72595fe5fd8a1be2fa3,dfb546cd5b956153b784a50a851e7696d834e726981d60aab326a655784ca752,c:\Windows\WinSxS\wow64_microsoft-windows-d..ndowmanager-effects_31bf3856ad364e35_10.0.18362.1_none_cdb5d025f05770f7\wuceffects.dll
75,wuceffects.dll,169984,2,2132541720,2037-07-30T04:42:00.000Z,imports,api-ms-win-core-processthreads-l1-1-0.dll,TerminateThread,54d56c6a7827f72595fe5fd8a1be2fa3,dfb546cd5b956153b784a50a851e7696d834e726981d60aab326a655784ca752,c:\Windows\WinSxS\wow64_microsoft-windows-d..ndowmanager-effects_31bf3856ad364e35_10.0.18362.1_none_cdb5d025f05770f7\wuceffects.dll
76,wuceffects.dll,169984,2,2132541720,2037-07-30T04:42:00.000Z,imports,api-ms-win-core-localization-l1-2-0.dll,FormatMessageW,54d56c6a7827f72595fe5fd8a1be2fa3,dfb546cd5b956153b784a50a851e7696d834e726981d60aab326a655784ca752,c:\Windows\WinSxS\wow64_microsoft-windows-d..ndowmanager-effects_31bf3856ad364e35_10.0.18362.1_none_cdb5d025f05770f7\wuceffects.dll
77,wuceffects.dll,169984,2,2132541720,2037-07-30T04:42:00.000Z,imports,api-ms-win-core-debug-l1-1-0.dll,DebugBreak,54d56c6a7827f72595fe5fd8a1be2fa3,dfb546cd5b956153b784a50a851e7696d834e726981d60aab326a655784ca752,c:\Windows\WinSxS\wow64_microsoft-windows-d..ndowmanager-effects_31bf3856ad364e35_10.0.18362.1_none_cdb5d025f05770f7\wuceffects.dll
78,wuceffects.dll,169984,2,2132541720,2037-07-30T04:42:00.000Z,imports,api-ms-win-core-debug-l1-1-0.dll,IsDebuggerPresent,54d56c6a7827f72595fe5fd8a1be2fa3,dfb546cd5b956153b784a50a851e7696d834e726981d60aab326a655784ca752,c:\Windows\WinSxS\wow64_microsoft-windows-d..ndowmanager-effects_31bf3856ad364e35_10.0.18362.1_none_cdb5d025f05770f7\wuceffects.dll
79,wuceffects.dll,169984,2,2132541720,2037-07-30T04:42:00.000Z,imports,api-ms-win-core-debug-l1-1-0.dll,OutputDebugStringW,54d56c6a7827f72595fe5fd8a1be2fa3,dfb546cd5b956153b784a50a851e7696d834e726981d60aab326a655784ca752,c:\Windows\WinSxS\wow64_microsoft-windows-d..ndowmanager-effects_31bf3856ad364e35_10.0.18362.1_none_cdb5d025f05770f7\wuceffects.dll
80,wuceffects.dll,169984,2,2132541720,2037-07-30T04:42:00.000Z,imports,api-ms-win-core-handle-l1-1-0.dll,CloseHandle,54d56c6a7827f72595fe5fd8a1be2fa3,dfb546cd5b956153b784a50a851e7696d834e726981d60aab326a655784ca752,c:\Windows\WinSxS\wow64_microsoft-windows-d..ndowmanager-effects_31bf3856ad364e35_10.0.18362.1_none_cdb5d025f05770f7\wuceffects.dll
81,wuceffects.dll,169984,2,2132541720,2037-07-30T04:42:00.000Z,imports,api-ms-win-core-winrt-error-l1-1-0.dll,RoOriginateError,54d56c6a7827f72595fe5fd8a1be2fa3,dfb546cd5b956153b784a50a851e7696d834e726981d60aab326a655784ca752,c:\Windows\WinSxS\wow64_microsoft-windows-d..ndowmanager-effects_31bf3856ad364e35_10.0.18362.1_none_cdb5d025f05770f7\wuceffects.dll
82,wuceffects.dll,169984,2,2132541720,2037-07-30T04:42:00.000Z,imports,api-ms-win-core-winrt-error-l1-1-0.dll,RoOriginateErrorW,54d56c6a7827f72595fe5fd8a1be2fa3,dfb546cd5b956153b784a50a851e7696d834e726981d60aab326a655784ca752,c:\Windows\WinSxS\wow64_microsoft-windows-d..ndowmanager-effects_31bf3856ad364e35_10.0.18362.1_none_cdb5d025f05770f7\wuceffects.dll
83,wuceffects.dll,169984,2,2132541720,2037-07-30T04:42:00.000Z,imports,api-ms-win-core-libraryloader-l1-2-1.dll,LoadLibraryW,54d56c6a7827f72595fe5fd8a1be2fa3,dfb546cd5b956153b784a50a851e7696d834e726981d60aab326a655784ca752,c:\Windows\WinSxS\wow64_microsoft-windows-d..ndowmanager-effects_31bf3856ad364e35_10.0.18362.1_none_cdb5d025f05770f7\wuceffects.dll
84,wuceffects.dll,169984,2,2132541720,2037-07-30T04:42:00.000Z,imports,api-ms-win-core-winrt-string-l1-1-0.dll,WindowsCreateString,54d56c6a7827f72595fe5fd8a1be2fa3,dfb546cd5b956153b784a50a851e7696d834e726981d60aab326a655784ca752,c:\Windows\WinSxS\wow64_microsoft-windows-d..ndowmanager-effects_31bf3856ad364e35_10.0.18362.1_none_cdb5d025f05770f7\wuceffects.dll
85,wuceffects.dll,169984,2,2132541720,2037-07-30T04:42:00.000Z,imports,api-ms-win-core-winrt-string-l1-1-0.dll,WindowsCreateStringReference,54d56c6a7827f72595fe5fd8a1be2fa3,dfb546cd5b956153b784a50a851e7696d834e726981d60aab326a655784ca752,c:\Windows\WinSxS\wow64_microsoft-windows-d..ndowmanager-effects_31bf3856ad364e35_10.0.18362.1_none_cdb5d025f05770f7\wuceffects.dll
86,wuceffects.dll,169984,2,2132541720,2037-07-30T04:42:00.000Z,imports,api-ms-win-core-winrt-string-l1-1-0.dll,WindowsDeleteString,54d56c6a7827f72595fe5fd8a1be2fa3,dfb546cd5b956153b784a50a851e7696d834e726981d60aab326a655784ca752,c:\Windows\WinSxS\wow64_microsoft-windows-d..ndowmanager-effects_31bf3856ad364e35_10.0.18362.1_none_cdb5d025f05770f7\wuceffects.dll
87,wuceffects.dll,169984,2,2132541720,2037-07-30T04:42:00.000Z,imports,api-ms-win-core-winrt-string-l1-1-0.dll,WindowsDuplicateString,54d56c6a7827f72595fe5fd8a1be2fa3,dfb546cd5b956153b784a50a851e7696d834e726981d60aab326a655784ca752,c:\Windows\WinSxS\wow64_microsoft-windows-d..ndowmanager-effects_31bf3856ad364e35_10.0.18362.1_none_cdb5d025f05770f7\wuceffects.dll
88,wuceffects.dll,169984,2,2132541720,2037-07-30T04:42:00.000Z,imports,api-ms-win-core-winrt-string-l1-1-0.dll,WindowsGetStringRawBuffer,54d56c6a7827f72595fe5fd8a1be2fa3,dfb546cd5b956153b784a50a851e7696d834e726981d60aab326a655784ca752,c:\Windows\WinSxS\wow64_microsoft-windows-d..ndowmanager-effects_31bf3856ad364e35_10.0.18362.1_none_cdb5d025f05770f7\wuceffects.dll
89,wuceffects.dll,169984,2,2132541720,2037-07-30T04:42:00.000Z,imports,api-ms-win-core-winrt-string-l1-1-0.dll,WindowsSubstringWithSpecifiedLength,54d56c6a7827f72595fe5fd8a1be2fa3,dfb546cd5b956153b784a50a851e7696d834e726981d60aab326a655784ca752,c:\Windows\WinSxS\wow64_microsoft-windows-d..ndowmanager-effects_31bf3856ad364e35_10.0.18362.1_none_cdb5d025f05770f7\wuceffects.dll
90,wuceffects.dll,169984,2,2132541720,2037-07-30T04:42:00.000Z,imports,api-ms-win-core-com-l1-1-0.dll,CoTaskMemFree,54d56c6a7827f72595fe5fd8a1be2fa3,dfb546cd5b956153b784a50a851e7696d834e726981d60aab326a655784ca752,c:\Windows\WinSxS\wow64_microsoft-windows-d..ndowmanager-effects_31bf3856ad364e35_10.0.18362.1_none_cdb5d025f05770f7\wuceffects.dll
91,wuceffects.dll,169984,2,2132541720,2037-07-30T04:42:00.000Z,imports,api-ms-win-core-winrt-l1-1-0.dll,RoGetActivationFactory,54d56c6a7827f72595fe5fd8a1be2fa3,dfb546cd5b956153b784a50a851e7696d834e726981d60aab326a655784ca752,c:\Windows\WinSxS\wow64_microsoft-windows-d..ndowmanager-effects_31bf3856ad364e35_10.0.18362.1_none_cdb5d025f05770f7\wuceffects.dll
92,wuceffects.dll,169984,2,2132541720,2037-07-30T04:42:00.000Z,imports,api-ms-win-core-profile-l1-1-0.dll,QueryPerformanceCounter,54d56c6a7827f72595fe5fd8a1be2fa3,dfb546cd5b956153b784a50a851e7696d834e726981d60aab326a655784ca752,c:\Windows\WinSxS\wow64_microsoft-windows-d..ndowmanager-effects_31bf3856ad364e35_10.0.18362.1_none_cdb5d025f05770f7\wuceffects.dll
93,wuceffects.dll,169984,2,2132541720,2037-07-30T04:42:00.000Z,imports,api-ms-win-core-rtlsupport-l1-1-0.dll,RtlCaptureStackBackTrace,54d56c6a7827f72595fe5fd8a1be2fa3,dfb546cd5b956153b784a50a851e7696d834e726981d60aab326a655784ca752,c:\Windows\WinSxS\wow64_microsoft-windows-d..ndowmanager-effects_31bf3856ad364e35_10.0.18362.1_none_cdb5d025f05770f7\wuceffects.dll
94,wuceffects.dll,169984,2,2132541720,2037-07-30T04:42:00.000Z,imports,api-ms-win-core-errorhandling-l1-1-3.dll,TerminateProcessOnMemoryExhaustion,54d56c6a7827f72595fe5fd8a1be2fa3,dfb546cd5b956153b784a50a851e7696d834e726981d60aab326a655784ca752,c:\Windows\WinSxS\wow64_microsoft-windows-d..ndowmanager-effects_31bf3856ad364e35_10.0.18362.1_none_cdb5d025f05770f7\wuceffects.dll
95,wuceffects.dll,169984,2,2132541720,2037-07-30T04:42:00.000Z,imports,api-ms-win-core-errorhandling-l1-1-2.dll,RaiseFailFastException,54d56c6a7827f72595fe5fd8a1be2fa3,dfb546cd5b956153b784a50a851e7696d834e726981d60aab326a655784ca752,c:\Windows\WinSxS\wow64_microsoft-windows-d..ndowmanager-effects_31bf3856ad364e35_10.0.18362.1_none_cdb5d025f05770f7\wuceffects.dll
96,wuceffects.dll,169984,2,2132541720,2037-07-30T04:42:00.000Z,imports,api-ms-win-core-processthreads-l1-1-1.dll,IsProcessorFeaturePresent,54d56c6a7827f72595fe5fd8a1be2fa3,dfb546cd5b956153b784a50a851e7696d834e726981d60aab326a655784ca752,c:\Windows\WinSxS\wow64_microsoft-windows-d..ndowmanager-effects_31bf3856ad364e35_10.0.18362.1_none_cdb5d025f05770f7\wuceffects.dll
97,wuceffects.dll,169984,2,2132541720,2037-07-30T04:42:00.000Z,imports,api-ms-win-core-kernel32-legacy-l1-1-0.dll,FindResourceA,54d56c6a7827f72595fe5fd8a1be2fa3,dfb546cd5b956153b784a50a851e7696d834e726981d60aab326a655784ca752,c:\Windows\WinSxS\wow64_microsoft-windows-d..ndowmanager-effects_31bf3856ad364e35_10.0.18362.1_none_cdb5d025f05770f7\wuceffects.dll
98,wuceffects.dll,169984,2,2132541720,2037-07-30T04:42:00.000Z,imports,ntdll.dll,DbgPrintEx,54d56c6a7827f72595fe5fd8a1be2fa3,dfb546cd5b956153b784a50a851e7696d834e726981d60aab326a655784ca752,c:\Windows\WinSxS\wow64_microsoft-windows-d..ndowmanager-effects_31bf3856ad364e35_10.0.18362.1_none_cdb5d025f05770f7\wuceffects.dll
99,wuceffects.dll,169984,2,2132541720,2037-07-30T04:42:00.000Z,imports,ntdll.dll,DbgPrompt,54d56c6a7827f72595fe5fd8a1be2fa3,dfb546cd5b956153b784a50a851e7696d834e726981d60aab326a655784ca752,c:\Windows\WinSxS\wow64_microsoft-windows-d..ndowmanager-effects_31bf3856ad364e35_10.0.18362.1_none_cdb5d025f05770f7\wuceffects.dll
100,wuceffects.dll,169984,2,2132541720,2037-07-30T04:42:00.000Z,imports,ntdll.dll,NtQuerySystemInformation,54d56c6a7827f72595fe5fd8a1be2fa3,dfb546cd5b956153b784a50a851e7696d834e726981d60aab326a655784ca752,c:\Windows\WinSxS\wow64_microsoft-windows-d..ndowmanager-effects_31bf3856ad364e35_10.0.18362.1_none_cdb5d025f05770f7\wuceffects.dll
101,wuceffects.dll,169984,2,2132541720,2037-07-30T04:42:00.000Z,imports,api-ms-win-core-sysinfo-l1-1-0.dll,GetSystemTimeAsFileTime,54d56c6a7827f72595fe5fd8a1be2fa3,dfb546cd5b956153b784a50a851e7696d834e726981d60aab326a655784ca752,c:\Windows\WinSxS\wow64_microsoft-windows-d..ndowmanager-effects_31bf3856ad364e35_10.0.18362.1_none_cdb5d025f05770f7\wuceffects.dll
102,wuceffects.dll,169984,2,2132541720,2037-07-30T04:42:00.000Z,imports,api-ms-win-core-interlocked-l1-1-0.dll,InitializeSListHead,54d56c6a7827f72595fe5fd8a1be2fa3,dfb546cd5b956153b784a50a851e7696d834e726981d60aab326a655784ca752,c:\Windows\WinSxS\wow64_microsoft-windows-d..ndowmanager-effects_31bf3856ad364e35_10.0.18362.1_none_cdb5d025f05770f7\wuceffects.dll
103,wuceffects.dll,169984,2,2132541720,2037-07-30T04:42:00.000Z,exports,wuceffects.dll,CompileEffectDescription,54d56c6a7827f72595fe5fd8a1be2fa3,dfb546cd5b956153b784a50a851e7696d834e726981d60aab326a655784ca752,c:\Windows\WinSxS\wow64_microsoft-windows-d..ndowmanager-effects_31bf3856ad364e35_10.0.18362.1_none_cdb5d025f05770f7\wuceffects.dll
104,wuceffects.dll,169984,2,2132541720,2037-07-30T04:42:00.000Z,exports,wuceffects.dll,CreateEffectDescription,54d56c6a7827f72595fe5fd8a1be2fa3,dfb546cd5b956153b784a50a851e7696d834e726981d60aab326a655784ca752,c:\Windows\WinSxS\wow64_microsoft-windows-d..ndowmanager-effects_31bf3856ad364e35_10.0.18362.1_none_cdb5d025f05770f7\wuceffects.dll
105,wuceffects.dll,169984,2,2132541720,2037-07-30T04:42:00.000Z,exports,wuceffects.dll,DeserializeEffectDescription,54d56c6a7827f72595fe5fd8a1be2fa3,dfb546cd5b956153b784a50a851e7696d834e726981d60aab326a655784ca752,c:\Windows\WinSxS\wow64_microsoft-windows-d..ndowmanager-effects_31bf3856ad364e35_10.0.18362.1_none_cdb5d025f05770f7\wuceffects.dll
106,wuceffects.dll,169984,2,2132541720,2037-07-30T04:42:00.000Z,exports,wuceffects.dll,SerializeEffectDescription,54d56c6a7827f72595fe5fd8a1be2fa3,dfb546cd5b956153b784a50a851e7696d834e726981d60aab326a655784ca752,c:\Windows\WinSxS\wow64_microsoft-windows-d..ndowmanager-effects_31bf3856ad364e35_10.0.18362.1_none_cdb5d025f05770f7\wuceffects.dll
