,col0,col1,col2,col3,col4,col5,col6,col7,col8,col9,col10
0,7864474,comment,7863890.0,7863907.0,2,0,afarrell,,,"This feels a bit like that time one Dan Weinreb&#x27;s memorial turned into a networking event, but... Among the MassChallenge startups, the ones targeting cancer specifically are:<p><a href=""http://masschallenge.org/startups/2014/profile/3derm"" rel=""nofollow"">http://masschallenge.org/startups/2014/profile/3derm</a><p>3Derm takes 3D pictures of skin with an inexpensive handheld imager to help detect skin cancer at the earlier more treatable stages.<p><a href=""http://masschallenge.org/startups/2014/profile/oncolinx"" rel=""nofollow"">http://masschallenge.org/startups/2014/profile/oncolinx</a><p>Oncolinx cancer therapies can target and destroy cancer cells, while sparing healthy tissues—effectively treating the cancer, virtually without any adverse side affects.<p>There are others that are more general than just cancer.",1402228737
1,7864473,comment,7863303.0,7863506.0,6,0,ttctciyf,,,"Reminds me of <a href=""http://www.google.com/patents/US20070258329"" rel=""nofollow"">http://www.google.com/patents/US20070258329</a> : &quot;Method and apparatus for the exploitation of piezoelectric and other effects in carbon-based life forms.&quot;<p>Despite the huge prolegomena which would in fact work as a crash course in fringe geometry and pseudoscience, it turns out to be a patent for a golf club (I <i>think</i>.)<p>The point being, how does stuff like this even get past USPTO? Don&#x27;t they employ people to weed out the nonsense?",1402228660
2,7864472,comment,7862475.0,7863126.0,1,0,dm2,,,"I was skeptical about this at first but it seems true: <a href=""http://www.zyra.org.uk/sp-mic.htm"" rel=""nofollow"">http://www.zyra.org.uk/sp-mic.htm</a><p>Even the accelerometer in a phone can be used to record keystrokes from a keyboard. <a href=""http://www.i-programmer.info/news/105-artificial-intelligence/6430-your-smartphone-spies-on-what-you-type-.html"" rel=""nofollow"">http://www.i-programmer.info/news/105-artificial-intelligenc...</a><p>Even WiFi can potentially be hacked to map/pinpoint people in a room/building.<p>Must be a fun time to be a spy with everyone putting numerous bugs, sensors, and cameras in their work and home willingly.",1402228580
3,7864471,comment,7862578.0,7864454.0,1,0,xerophtye,,,"That would be really cool. But that requires an understanding of what u have to offer and what they REALLY need.... I mean humans have issues with this problem, its gonna be tougher to write a program that does it",1402228573
4,7864470,comment,7860492.0,7864014.0,1,0,Joeri,,,"I have to admit our architecture is unconventional. It&#x27;s custom code except for a few ZF1 parts like zend_db, zend_json_service and zend_validate. Even our session and auth code is all custom. The server we use is zend server (with zend opcache). We only have web services on the server, it&#x27;s a javascript ui.<p>The web service wrapper on the server has been cut down to the essence and does not use autoloading for the basic bootstrap. I&#x27;ve found that the PSR approach of a gazillion files each containing a small class and liberal use of autoloading is inherently slow, it is death by a thousand paper cuts due to the high degree of file access, memory consumption and running of all that constructor code. The code i write typically groups a web service in a handful of files, each containing a namespace with the bulk of the implementation in procedural logic (though i do use closures quite a bit). I typically use classes / objects only as types that encapsulate data, with the logic on the object limited to that logic which is necessary for working with that type (e.g. I don&#x27;t put a save method on an object but instead write a saveObject function which accepts the object as a parameter and passes back an array of errors).<p>I suppose a lot of people nowadays find that sort of coding style blasphemous, but it is easy to write, test and maintain, and fast to execute. I&#x27;m not against the heavy OO approach common in most web dev nowadays, there are times when i do use it and need it. But CRUD web services are very linear: validate the input, create a transaction, run a bunch of db operations, commit or roll back, and return status / errors. If something is linear, i prefer to see it implemented in a cohesive linear procedural style, instead of getting chopped up into lots of objects that in practice end up obfuscating what&#x27;s happening.",1402228559
5,7864469,comment,7862487.0,7863426.0,1,0,S4M,,,"Out of interest, which University did you attend to? I am an alumni from ENSAE in France, from your post I was wondering if you did the same.",1402228402
6,7864468,story,,,1,0,tim333,Let's Face Facts: Mobile Wallets Are Doomed,http://readwrite.com/2014/05/13/mobile-wallets-reality#awesm=~oGvJ1S9pywYQGP,,1402228383
7,7864467,story,,,1,0,dsego,"Tanenbaum, Wetherall Computer Networks 5e",http://media.pearsoncmg.com/ph/streaming/esm/tanenbaum5e_videonotes/tanenbaum_videoNotes.html,,1402228270
8,7864466,comment,7864392.0,7864392.0,3,0,dewey,,,"That&#x27;s a great landing page, lots of information and not stuffed with marketing fluff.<p>And in case you are wondering if they are offering these services for your own domain? - Not yet. [0]<p>[0] <a href=""https://mailbox.org/en/can-i-use-e-mail-addresses-from-my-own-domain-with-mailbox-org/"" rel=""nofollow"">https://mailbox.org/en/can-i-use-e-mail-addresses-from-my-ow...</a>",1402228269
9,7864465,comment,7863310.0,7863695.0,1,0,wolfgke,,,"Those people who want this &quot;gender neutral&quot; speak really can&#x27;t be pleased. Consider for example this case (in German, sorry)\n> <a href=""http://www.danisch.de/blog/2013/03/14/zwangsverblodung-im-soziologie-studium/"" rel=""nofollow"">http://www.danisch.de/blog/2013/03/14/zwangsverblodung-im-so...</a>\nwhere some female professor for gender studies complains that the neutral article &quot;das&quot; is used for &quot;Mädchen&quot; (&quot;das Mächen&quot; - &quot;the girl&quot;), because this way girls are degraded to objects.\nFor science: the grammatical reason &quot;Mächen&quot; is neuter is because it is the minimization of the outdated noun &quot;Maid&quot;.",1402228248
10,7864464,comment,7841736.0,7842560.0,1,0,esrauch,,,"This is a delayed reply, but I really disagree.<p>Flash has (had?) already won. Everyone already has it installed: almost all consumer computers have it installed by default and Chrome runs it without even having the adobe software installed.<p>I think it is an absurd claim  mistake that a random website running silverlight would have remotely the same view rate as one using flash. That delta cost more than outweighs the tiny benefit of DRM, and when everything is HTML5 video and DRM comes with actually zero cost to potential users it will be significantly more widespread.",1402228237
11,7864463,comment,7863995.0,7864455.0,4,0,jacquesm,,,You made an account just to post this?,1402228183
12,7864462,comment,7849715.0,7849715.0,1,0,almog,,,"In Hebrew, the official name is Strudel (Wikipedia: &quot;A type of layered pastry with a filling that is usually sweet&quot;)",1402228082
13,7864461,comment,7864373.0,7864373.0,2,0,filipedeschamps,,,That&#x27;s very funny. You should do a Mario theme song also :),1402227921
14,7864460,comment,7863890.0,7864414.0,0,0,alandarev,,,A negative side-effect of market economy.,1402227900
15,7864459,comment,7863899.0,7863899.0,1,0,vizzah,,,&quot;Patent pending&quot;? jeeze.. you can&#x27;t be serious. There are so many existing and well-known extensions doing exactly that and even I made one myself ages ago.. nothing newsworthy (especially HN) in this promo post.,1402227735
16,7864458,story,,,1,0,tokenadult,Math and Genius,http://galoisrepresentations.wordpress.com/2014/06/06/math-and-genius/,,1402227722
17,7864457,comment,7863917.0,7864432.0,3,0,solarexplorer,,,"You mean manufacturers want to avoid legal action when they break their own specs? They already did, the paper contains an example.<p>The point of an architecture specification is not to dictate a specific hardware implementation, but to establish a contract between hardware and software. When both parts comply, then the new implementation of a chip will run the old software without problems. A _formal_ specification is just a better contract. Of course it limits future implementation options, but if you want to stay backward compatible, you are limited anyway.",1402227703
18,7864456,comment,7863890.0,7864030.0,1,0,shiven,,,Thanks for the ringing the gong of facts. Now tell us what have you done that has saved a single anonymous kid&#x27;s life? Go on.,1402227529
19,7864455,comment,7863995.0,7864403.0,4,0,lodewijkadlp,,,"Rape, I think.",1402227491
20,7864454,comment,7862578.0,7862578.0,1,0,rotten,,,Better would be software that can read a job posting and adjust your resume to align with the posting.,1402227405
21,7864453,comment,7864373.0,7864373.0,0,0,userlabs,,,Look very nice,1402227369
22,7864452,comment,7862589.0,7864336.0,1,0,drdaeman,,,"DANE is a good idea, but almost useless in practice since it lacks browser support (addons doesn&#x27;t really count since nearly noone would install them)<p>Any ideas how we could ask Mozilla, Google, Apple and Microsoft to include DANE (and/or, maybe, TACK and/or Convergence) support into their browsers?",1402227351
23,7864451,story,,,1,0,networked,Mathomatic,http://www.mathomatic.org/,,1402227347
24,7864450,story,,,10,0,sampo,Swift performance: sorting arrays,http://stackoverflow.com/questions/24101718/swift-performance-sorting-arrays,,1402227346
25,7864449,story,,,2,0,DiabloD3,Volcano Coughs Up New Fuel Cell Catalyst,http://cleantechnica.com/2014/06/07/volcano-coughs-new-fuel-cell-catalyst/,,1402227339
26,7864448,comment,7863081.0,7863334.0,2,0,zibit,,,Could you give examples of recent terrible communications from the developers?  I use Grails - based on Groovy - and I feel like I&#x27;ve been <i>in the loop</i>.,1402227318
27,7864447,comment,7862578.0,7862759.0,1,0,spektom,,,Doesn&#x27;t work for me.. Can&#x27;t retrieve data from Linkedin:\nUncaught TypeError: Cannot read property &#x27;values&#x27; of undefined at hackerb.io/users/new:194,1402227304
28,7864446,comment,7863081.0,7864088.0,1,0,zibit,,,Have you helped improve the docs?  It is an open source project.,1402227253
29,7864445,comment,7863663.0,7863663.0,1,0,cousin_it,,,"This reminded me of the ~ATH (&quot;till death&quot;) programming language from the webcomic Homestuck: <a href=""http://www.mspaintadventures.com/?s=6&p=003925"" rel=""nofollow"">http://www.mspaintadventures.com/?s=6&p=003925</a>",1402227122
30,7864444,comment,7860015.0,7862983.0,1,0,adwf,,,That&#x27;s not a bad idea.  As long as you don&#x27;t have the entire room filled with laptop users ;),1402227095
31,7864443,comment,7864354.0,7864354.0,1,0,higherpurpose,,,"It should be noted that this is the Popcorn Time fork that is actually <i>not</i> open source (unlike the original, and the other main fork). The VPN provider they are using here also seems to keep logs:<p><a href=""https://en.kebrum.com/faq"" rel=""nofollow"">https://en.kebrum.com/faq</a> (Technical Questions)<p>Oh, and according to these two posts, the app actually runs in an iframe with the code hosted externally with a non-secure connection:<p><a href=""http://www.reddit.com/r/PopCornTime/comments/241y7i/remember_to_tell_anybody_that_time4popcorn_is/"" rel=""nofollow"">http://www.reddit.com/r/PopCornTime/comments/241y7i/remember...</a><p><a href=""http://www.reddit.com/r/time4popcorn/comments/24a7qd/why_time4popcorn_is_incredibly_dangerous/"" rel=""nofollow"">http://www.reddit.com/r/time4popcorn/comments/24a7qd/why_tim...</a>",1402227058
32,7864442,comment,7864440.0,7864440.0,1,0,AdrianoKF,,,"More details can also be found on the ISEE-3 Reboot Project blog at <a href=""http://spacecollege.org/isee3/"" rel=""nofollow"">http://spacecollege.org/isee3/</a>",1402226911
33,7864441,comment,7863310.0,7863731.0,2,0,3rd3,,,I meant an extreme form of gender-neutral planned language.<p>Another reason might be that &quot;Die&quot; clashes with the English verb &quot;to die&quot;.,1402226879
34,7864440,story,,,4,1,AdrianoKF,ISEE-3: On Track To Come Home,http://hackaday.com/2014/06/08/isee-3-on-track-to-come-home/,,1402226853
35,7864439,comment,7862973.0,7862973.0,1,0,SimeVidas,,,ELI5: What is AppleScript and how does it relate to Swift and Objective C?,1402226699
36,7864438,story,,,150,79,001sky,Noam Chomsky: A Surveillance State Beyond Imagination Is Being Created,http://www.alternet.org/civil-liberties/noam-chomsky-surveillance-state-beyond-imagination-being-created-one-freest,,1402226665
37,7864436,comment,7861152.0,7861293.0,1,0,lttlrck,,,Is it really so different to URI encoded parameters?,1402226577
38,7864435,story,,,1,0,Onna_no_hito,"School of Machines, Making & Make-Believe Art&Tech Summer Programs",http://schoolofma.org/,,1402226574
39,7864434,comment,7863264.0,7863264.0,1,0,ackfoo,,,"Tested just now between an iPad3 and an iPhone5. Breathtakingly unusable and flaky as hell.<p>Requires you to pick a bunch of chat categories at startup, which is ridiculous if you only want to use it in nearby mode.<p>Could not see the other device unless both were logged into the same WiFi network, which is going to be totally useless in the middle of a field. Even with both devices on the same WiFi, only about half the messages showed up.<p>Made no difference if BT/WiFi were on. Completely unreliable. Deleted the app. Nice try. Better luck next time.",1402226550
40,7864433,comment,7863081.0,7864185.0,3,0,ZeroGravitas,,,"I&#x27;ve seen Rust contributors comment here, but similarly don&#x27;t think it&#x27;s a particularly long list.",1402226472
41,7864432,comment,7863917.0,7864385.0,1,0,mafribe,,,One of the reasons why manufacturers don&#x27;t like to give fully formal specifications (they have them) to programmers is to avoid legal action if they change the CPU implementation.,1402226397
42,7864430,comment,7863902.0,7864301.0,3,0,frozenport,,,Russia Today did a pretty good job impressing kids.,1402226369
43,7864429,story,,,2,0,matt42,"Intel Core i7-4790K Processor (8M Cache, up to 4.40 GHz)",http://ark.intel.com/products/80807/Intel-Core-i7-4790K-Processor-8M-Cache-up-to-4_40-GHz,,1402226336
44,7864428,comment,7863890.0,7863890.0,4,0,jacquesm,,,"I&#x27;m not afraid of losing anything, except for my children. That&#x27;s one of the few things that keeps me up at night.<p>What a waste. Such a beautiful girl. Cancer really sucks.",1402226277
45,7864427,comment,7863890.0,7864008.0,6,0,sambeau,,,"As someone who has also been through this I agree.<p>Do write to them even, if you struggle to find words.<p>Do tell them you are thinking of them. It does help.<p>Don&#x27;t avoid mentioning Rebecca for fear of reminding them: there is 0% chance that they will have forgotten, even ten years from now. They need to know she hasn&#x27;t been forgotten by the world, too. The occasional &quot;Rebecca would have loved this&quot; is perfect.<p>Don&#x27;t whisper. Dead children aren&#x27;t secrets.<p>Yes, you can laugh: there is still joy and all children are silly.<p>Never, ever grab them by the elbow and talk to them with you head tilted sideways (that drove me mad!).<p>Warning: I am constantly looking for any opportunity to mention my son and I am duty bound to include him an any headcount or history or whenever a new family face is born. If The Meyers do this, please try not to look shocked each time.",1402226243
46,7864426,comment,7863902.0,7864301.0,3,0,rjsw,,,Israel seems to do astroturfing in english pretty well.,1402226106
47,7864425,comment,7863303.0,7864418.0,6,0,ljf,,,"Apple. They have a design patent on a rectangle with rounded corners.<p><a href=""http://mobile.theverge.com/2012/11/7/3614506/apple-patents-rectangle-with-rounded-corners"" rel=""nofollow"">http://mobile.theverge.com/2012/11/7/3614506/apple-patents-r...</a>",1402226103
48,7864424,story,,,3,0,datenwolf,The work of Jagadis Chandra Bose: 100 years of mm-wave research,https://www.cv.nrao.edu/~demerson/bose/bose.html,,1402226098
49,7864423,comment,7861995.0,7864270.0,1,0,Mchl,,,(S)He&#x27;s really more of a wave function,1402226092
50,7864422,comment,7863890.0,7863942.0,2,0,jacquesm,,,"Not sure why you got downvoted, it&#x27;s a very valid comment.<p>The complexity of &#x27;erasing cancer&#x27; is very much mis-understood, even though it is of course a noble goal.<p>The biggest issue I think is that cancer is systemic, given a long enough run the way our bodies do their housekeeping cancer is pretty much a 100% certainty. It&#x27;s like playing the lottery, if you play long enough one day you&#x27;ll win, only in this case you lose.<p>By far the larger part of the fatalities in my close circle were due to cancer. And I fear that this will remain with us as a problem for quite a while. Compared to curing cancer curing world hunger seems to be easy (it requires no unknown technology, nor does it go against the way our bodies appear to function).",1402225983
51,7864421,comment,7863303.0,7863980.0,1,0,TomGullen,,,"Good catch, will be interesting to see how this plays out.  I tend to believe indicators like this over news reports.",1402225955
52,7864420,comment,7863663.0,7863935.0,2,0,MattBearman,,,"It&#x27;s been a couple of years since I programmed in PHP, but I&#x27;m pretty sure if it&#x27;s the EOF you don&#x27;t even need the final semicolon, so:<p><pre><code>  <?unlink(__FILE__)</code></pre>",1402225909
53,7864419,comment,7863303.0,7863303.0,1,0,valvar,,,"Well, at least they are hitting <i>other</i> (albeit larger) patent trolls... Karma!",1402225898
54,7864418,comment,7863303.0,7864221.0,2,0,nicky0,,,Who has a patent for rounded corners?,1402225831
55,7864417,comment,7861995.0,7862146.0,0,0,not_kurt_godel,,,"Not to detract from the subject itself, but that is some shockingly bad layout and design for a site whose sole content is long-form articles. Small font on a too-dark background in an unreadably wide column - what an absolutely embarrassing UX failure.",1402225822
56,7864416,story,,,1,0,givan,"Are Paracas Elongated Skulls a New Species, Aliens or a Hoax?",http://www.ibtimes.co.uk/are-paracas-elongated-skulls-new-species-aliens-or-hoax-1435980,,1402225781
57,7864415,comment,7863995.0,7863995.0,7,0,personlurking,,,"Slightly similar to the guy who squatted at AOL around the same time (2012).<p><a href=""http://techcrunch.com/2012/09/26/after-2-months-of-squatting-at-aol-eric-simons-launches-claco-the-github-for-teachers/"" rel=""nofollow"">http://techcrunch.com/2012/09/26/after-2-months-of-squatting...</a>",1402225774
58,7864414,comment,7863890.0,7864024.0,2,0,jacquesm,,,There is a special place in hell reserved for everybody that applies graft to health-care. And one right next door for &#x27;claims adjusters&#x27;.,1402225746
59,7864413,comment,7860308.0,7860308.0,1,0,dully,,,"Isn&#x27;t this basically like the Magic Cube laser keyboard? <a href=""http://www.celluon.com/products.php"" rel=""nofollow"">http://www.celluon.com/products.php</a>",1402225712
60,7864412,story,,,1,0,edtechdev,The Last One,http://www.tebbo.com/archive/pw8102.htm,,1402225427
61,7864411,comment,7863303.0,7864255.0,1,0,nl,,,"A lot of patent suits are settled out of court. Look up the IBM/Sun case, or the Apple/Microsoft cross licensing deal. All settled out of court.",1402225421
62,7864410,comment,7863890.0,7863890.0,4,0,sambeau,,,"Two things occurred to me when my son died:<p>* A big life can be very short.<p>* Losing a child is normality, it&#x27;s just not modern, western, normality.<p>It&#x27;s important not to dwell on the bad stuff. We are programmed to forget it and remember only the good stuff so while my memories have gotten lesser as the years have passed they have become better & more concentrated.<p>I&#x27;ve also learned to not ask &quot;why me?&quot; — and instead ask &quot;why <i>not</i> me?&quot;. Most of history&#x27;s parents have probably lost a child so the idea that &quot;this isn&#x27;t supposed to happen&quot; seems a little selfish to me. All those cherubs painted on walls probably have real faces.<p>These days, I like to think that my boy was simply let into the big secret a little early.",1402225393
63,7864409,comment,7861874.0,7862381.0,1,0,fanf2,,,Google+ is the main reason I am very reluctant to get an Android phone.,1402225387
64,7864408,comment,7862973.0,7864079.0,2,0,Derbasti,,,"You already know all the good stuff about weak typing and equality.<p>But let me give you a few recent examples I stumbled over: \n- Javascript can not format numbers with leading zeros.\n- Handling binary data is increadibly painful. \n- Object oriented programming is really convoluted.\n- Lack of classes and modules makes code structuring hard.<p>True, it could be worse. But Lua, Ruby, Python, Perl, Scheme, Clojure, and many others are much better languages with very similar feature sets. And then there&#x27;s a whole host of languages with different features. I just don&#x27;t see why you would Javascript in an environment where all these other alternatives are available.",1402225365
65,7864407,story,,,2,0,z3phyr,AstroPy,https://github.com/astropy/astropy,,1402225359
66,7864406,comment,7864333.0,7864333.0,2,0,christudor,,,"At MASSOLIT (www.massolit.co.uk) we do online lectures in literature and the arts. I&#x27;d love to hear about what you&#x27;re doing, so get in touch!",1402225338
67,7864405,comment,7862317.0,7863231.0,1,0,tsenkov,,,Latency of what? Sound? Light? :),1402225336
68,7864404,story,,,2,0,givan,DNA Analysis of Paracas Elongated Skulls Released Unknown To Any Human or Animal,http://www.collective-evolution.com/2014/02/12/dna-analysis-of-paracas-elongated-skulls-released-unknown-to-any-human-primate-or-animal/,,1402225332
69,7864403,comment,7863995.0,7864293.0,5,0,watwut,,,What were you accused of?,1402225286
70,7864402,comment,7862317.0,7862925.0,1,0,tsenkov,,,"Indeed. Still, it might be enabling to someone who&#x27;s already used to the delay, but in a 4-10 person band, there isn&#x27;t such an issue.<p>I have to check something, though - how do things change if all musicians tracks go through a mixer and everyone listens to his own mix in headphones. On stage, the delay from the main speakers is huge for the perfomers. That&#x27;s why they have either in-ear headphone or speaker monitor. Can&#x27;t this work for symphonic orchestras? And does it solve their latency problem?",1402225262
