,col0,col1,col2,col3,col4,col5,col6,col7,col8,col9,col10
0,oobeldr.exe,73216,2,703056382,1992-04-12T05:26:22.000Z,imports,msvcrt.dll,_XcptFilter,587e0caba70fafab18fe33c60d400031,b98e1ffb925bed48e9a4e0ab9d747f50fce056eebc3d43927ed0b5d3d34cfc7c,c:\Windows\System32\oobe\oobeldr.exe
1,oobeldr.exe,73216,2,703056382,1992-04-12T05:26:22.000Z,imports,msvcrt.dll,__C_specific_handler,587e0caba70fafab18fe33c60d400031,b98e1ffb925bed48e9a4e0ab9d747f50fce056eebc3d43927ed0b5d3d34cfc7c,c:\Windows\System32\oobe\oobeldr.exe
2,oobeldr.exe,73216,2,703056382,1992-04-12T05:26:22.000Z,imports,msvcrt.dll,__CxxFrameHandler3,587e0caba70fafab18fe33c60d400031,b98e1ffb925bed48e9a4e0ab9d747f50fce056eebc3d43927ed0b5d3d34cfc7c,c:\Windows\System32\oobe\oobeldr.exe
3,oobeldr.exe,73216,2,703056382,1992-04-12T05:26:22.000Z,imports,msvcrt.dll,__dllonexit,587e0caba70fafab18fe33c60d400031,b98e1ffb925bed48e9a4e0ab9d747f50fce056eebc3d43927ed0b5d3d34cfc7c,c:\Windows\System32\oobe\oobeldr.exe
4,oobeldr.exe,73216,2,703056382,1992-04-12T05:26:22.000Z,imports,msvcrt.dll,__set_app_type,587e0caba70fafab18fe33c60d400031,b98e1ffb925bed48e9a4e0ab9d747f50fce056eebc3d43927ed0b5d3d34cfc7c,c:\Windows\System32\oobe\oobeldr.exe
5,oobeldr.exe,73216,2,703056382,1992-04-12T05:26:22.000Z,imports,msvcrt.dll,__setusermatherr,587e0caba70fafab18fe33c60d400031,b98e1ffb925bed48e9a4e0ab9d747f50fce056eebc3d43927ed0b5d3d34cfc7c,c:\Windows\System32\oobe\oobeldr.exe
6,oobeldr.exe,73216,2,703056382,1992-04-12T05:26:22.000Z,imports,msvcrt.dll,__wgetmainargs,587e0caba70fafab18fe33c60d400031,b98e1ffb925bed48e9a4e0ab9d747f50fce056eebc3d43927ed0b5d3d34cfc7c,c:\Windows\System32\oobe\oobeldr.exe
7,oobeldr.exe,73216,2,703056382,1992-04-12T05:26:22.000Z,imports,msvcrt.dll,_amsg_exit,587e0caba70fafab18fe33c60d400031,b98e1ffb925bed48e9a4e0ab9d747f50fce056eebc3d43927ed0b5d3d34cfc7c,c:\Windows\System32\oobe\oobeldr.exe
8,oobeldr.exe,73216,2,703056382,1992-04-12T05:26:22.000Z,imports,msvcrt.dll,_cexit,587e0caba70fafab18fe33c60d400031,b98e1ffb925bed48e9a4e0ab9d747f50fce056eebc3d43927ed0b5d3d34cfc7c,c:\Windows\System32\oobe\oobeldr.exe
9,oobeldr.exe,73216,2,703056382,1992-04-12T05:26:22.000Z,imports,msvcrt.dll,_commode,587e0caba70fafab18fe33c60d400031,b98e1ffb925bed48e9a4e0ab9d747f50fce056eebc3d43927ed0b5d3d34cfc7c,c:\Windows\System32\oobe\oobeldr.exe
10,oobeldr.exe,73216,2,703056382,1992-04-12T05:26:22.000Z,imports,msvcrt.dll,_exit,587e0caba70fafab18fe33c60d400031,b98e1ffb925bed48e9a4e0ab9d747f50fce056eebc3d43927ed0b5d3d34cfc7c,c:\Windows\System32\oobe\oobeldr.exe
11,oobeldr.exe,73216,2,703056382,1992-04-12T05:26:22.000Z,imports,msvcrt.dll,_fmode,587e0caba70fafab18fe33c60d400031,b98e1ffb925bed48e9a4e0ab9d747f50fce056eebc3d43927ed0b5d3d34cfc7c,c:\Windows\System32\oobe\oobeldr.exe
12,oobeldr.exe,73216,2,703056382,1992-04-12T05:26:22.000Z,imports,msvcrt.dll,_initterm,587e0caba70fafab18fe33c60d400031,b98e1ffb925bed48e9a4e0ab9d747f50fce056eebc3d43927ed0b5d3d34cfc7c,c:\Windows\System32\oobe\oobeldr.exe
13,oobeldr.exe,73216,2,703056382,1992-04-12T05:26:22.000Z,imports,msvcrt.dll,_lock,587e0caba70fafab18fe33c60d400031,b98e1ffb925bed48e9a4e0ab9d747f50fce056eebc3d43927ed0b5d3d34cfc7c,c:\Windows\System32\oobe\oobeldr.exe
14,oobeldr.exe,73216,2,703056382,1992-04-12T05:26:22.000Z,imports,msvcrt.dll,_onexit,587e0caba70fafab18fe33c60d400031,b98e1ffb925bed48e9a4e0ab9d747f50fce056eebc3d43927ed0b5d3d34cfc7c,c:\Windows\System32\oobe\oobeldr.exe
15,oobeldr.exe,73216,2,703056382,1992-04-12T05:26:22.000Z,imports,msvcrt.dll,_unlock,587e0caba70fafab18fe33c60d400031,b98e1ffb925bed48e9a4e0ab9d747f50fce056eebc3d43927ed0b5d3d34cfc7c,c:\Windows\System32\oobe\oobeldr.exe
16,oobeldr.exe,73216,2,703056382,1992-04-12T05:26:22.000Z,imports,msvcrt.dll,_vscwprintf,587e0caba70fafab18fe33c60d400031,b98e1ffb925bed48e9a4e0ab9d747f50fce056eebc3d43927ed0b5d3d34cfc7c,c:\Windows\System32\oobe\oobeldr.exe
17,oobeldr.exe,73216,2,703056382,1992-04-12T05:26:22.000Z,imports,msvcrt.dll,_vsnprintf,587e0caba70fafab18fe33c60d400031,b98e1ffb925bed48e9a4e0ab9d747f50fce056eebc3d43927ed0b5d3d34cfc7c,c:\Windows\System32\oobe\oobeldr.exe
18,oobeldr.exe,73216,2,703056382,1992-04-12T05:26:22.000Z,imports,msvcrt.dll,_vsnwprintf,587e0caba70fafab18fe33c60d400031,b98e1ffb925bed48e9a4e0ab9d747f50fce056eebc3d43927ed0b5d3d34cfc7c,c:\Windows\System32\oobe\oobeldr.exe
19,oobeldr.exe,73216,2,703056382,1992-04-12T05:26:22.000Z,imports,msvcrt.dll,_wcmdln,587e0caba70fafab18fe33c60d400031,b98e1ffb925bed48e9a4e0ab9d747f50fce056eebc3d43927ed0b5d3d34cfc7c,c:\Windows\System32\oobe\oobeldr.exe
20,oobeldr.exe,73216,2,703056382,1992-04-12T05:26:22.000Z,imports,msvcrt.dll,_wcsicmp,587e0caba70fafab18fe33c60d400031,b98e1ffb925bed48e9a4e0ab9d747f50fce056eebc3d43927ed0b5d3d34cfc7c,c:\Windows\System32\oobe\oobeldr.exe
21,oobeldr.exe,73216,2,703056382,1992-04-12T05:26:22.000Z,imports,msvcrt.dll,_wcsnicmp,587e0caba70fafab18fe33c60d400031,b98e1ffb925bed48e9a4e0ab9d747f50fce056eebc3d43927ed0b5d3d34cfc7c,c:\Windows\System32\oobe\oobeldr.exe
22,oobeldr.exe,73216,2,703056382,1992-04-12T05:26:22.000Z,imports,msvcrt.dll,exit,587e0caba70fafab18fe33c60d400031,b98e1ffb925bed48e9a4e0ab9d747f50fce056eebc3d43927ed0b5d3d34cfc7c,c:\Windows\System32\oobe\oobeldr.exe
23,oobeldr.exe,73216,2,703056382,1992-04-12T05:26:22.000Z,imports,msvcrt.dll,memset,587e0caba70fafab18fe33c60d400031,b98e1ffb925bed48e9a4e0ab9d747f50fce056eebc3d43927ed0b5d3d34cfc7c,c:\Windows\System32\oobe\oobeldr.exe
24,oobeldr.exe,73216,2,703056382,1992-04-12T05:26:22.000Z,imports,msvcrt.dll,wcschr,587e0caba70fafab18fe33c60d400031,b98e1ffb925bed48e9a4e0ab9d747f50fce056eebc3d43927ed0b5d3d34cfc7c,c:\Windows\System32\oobe\oobeldr.exe
25,oobeldr.exe,73216,2,703056382,1992-04-12T05:26:22.000Z,imports,msvcrt.dll,wcscmp,587e0caba70fafab18fe33c60d400031,b98e1ffb925bed48e9a4e0ab9d747f50fce056eebc3d43927ed0b5d3d34cfc7c,c:\Windows\System32\oobe\oobeldr.exe
26,oobeldr.exe,73216,2,703056382,1992-04-12T05:26:22.000Z,imports,msvcrt.dll,wcsrchr,587e0caba70fafab18fe33c60d400031,b98e1ffb925bed48e9a4e0ab9d747f50fce056eebc3d43927ed0b5d3d34cfc7c,c:\Windows\System32\oobe\oobeldr.exe
27,oobeldr.exe,73216,2,703056382,1992-04-12T05:26:22.000Z,imports,api-ms-win-eventing-classicprovider-l1-1-0.dll,GetTraceEnableFlags,587e0caba70fafab18fe33c60d400031,b98e1ffb925bed48e9a4e0ab9d747f50fce056eebc3d43927ed0b5d3d34cfc7c,c:\Windows\System32\oobe\oobeldr.exe
28,oobeldr.exe,73216,2,703056382,1992-04-12T05:26:22.000Z,imports,api-ms-win-eventing-classicprovider-l1-1-0.dll,GetTraceEnableLevel,587e0caba70fafab18fe33c60d400031,b98e1ffb925bed48e9a4e0ab9d747f50fce056eebc3d43927ed0b5d3d34cfc7c,c:\Windows\System32\oobe\oobeldr.exe
29,oobeldr.exe,73216,2,703056382,1992-04-12T05:26:22.000Z,imports,api-ms-win-eventing-classicprovider-l1-1-0.dll,GetTraceLoggerHandle,587e0caba70fafab18fe33c60d400031,b98e1ffb925bed48e9a4e0ab9d747f50fce056eebc3d43927ed0b5d3d34cfc7c,c:\Windows\System32\oobe\oobeldr.exe
30,oobeldr.exe,73216,2,703056382,1992-04-12T05:26:22.000Z,imports,api-ms-win-eventing-classicprovider-l1-1-0.dll,RegisterTraceGuidsW,587e0caba70fafab18fe33c60d400031,b98e1ffb925bed48e9a4e0ab9d747f50fce056eebc3d43927ed0b5d3d34cfc7c,c:\Windows\System32\oobe\oobeldr.exe
31,oobeldr.exe,73216,2,703056382,1992-04-12T05:26:22.000Z,imports,api-ms-win-eventing-classicprovider-l1-1-0.dll,TraceEvent,587e0caba70fafab18fe33c60d400031,b98e1ffb925bed48e9a4e0ab9d747f50fce056eebc3d43927ed0b5d3d34cfc7c,c:\Windows\System32\oobe\oobeldr.exe
32,oobeldr.exe,73216,2,703056382,1992-04-12T05:26:22.000Z,imports,api-ms-win-eventing-classicprovider-l1-1-0.dll,UnregisterTraceGuids,587e0caba70fafab18fe33c60d400031,b98e1ffb925bed48e9a4e0ab9d747f50fce056eebc3d43927ed0b5d3d34cfc7c,c:\Windows\System32\oobe\oobeldr.exe
33,oobeldr.exe,73216,2,703056382,1992-04-12T05:26:22.000Z,imports,api-ms-win-core-sysinfo-l1-1-0.dll,GetSystemTimeAsFileTime,587e0caba70fafab18fe33c60d400031,b98e1ffb925bed48e9a4e0ab9d747f50fce056eebc3d43927ed0b5d3d34cfc7c,c:\Windows\System32\oobe\oobeldr.exe
34,oobeldr.exe,73216,2,703056382,1992-04-12T05:26:22.000Z,imports,api-ms-win-core-sysinfo-l1-1-0.dll,GetTickCount,587e0caba70fafab18fe33c60d400031,b98e1ffb925bed48e9a4e0ab9d747f50fce056eebc3d43927ed0b5d3d34cfc7c,c:\Windows\System32\oobe\oobeldr.exe
35,oobeldr.exe,73216,2,703056382,1992-04-12T05:26:22.000Z,imports,api-ms-win-core-sysinfo-l1-1-0.dll,GetVersionExW,587e0caba70fafab18fe33c60d400031,b98e1ffb925bed48e9a4e0ab9d747f50fce056eebc3d43927ed0b5d3d34cfc7c,c:\Windows\System32\oobe\oobeldr.exe
36,oobeldr.exe,73216,2,703056382,1992-04-12T05:26:22.000Z,imports,api-ms-win-core-libraryloader-l1-2-0.dll,FreeLibrary,587e0caba70fafab18fe33c60d400031,b98e1ffb925bed48e9a4e0ab9d747f50fce056eebc3d43927ed0b5d3d34cfc7c,c:\Windows\System32\oobe\oobeldr.exe
37,oobeldr.exe,73216,2,703056382,1992-04-12T05:26:22.000Z,imports,api-ms-win-core-libraryloader-l1-2-0.dll,GetModuleFileNameW,587e0caba70fafab18fe33c60d400031,b98e1ffb925bed48e9a4e0ab9d747f50fce056eebc3d43927ed0b5d3d34cfc7c,c:\Windows\System32\oobe\oobeldr.exe
38,oobeldr.exe,73216,2,703056382,1992-04-12T05:26:22.000Z,imports,api-ms-win-core-libraryloader-l1-2-0.dll,GetModuleHandleW,587e0caba70fafab18fe33c60d400031,b98e1ffb925bed48e9a4e0ab9d747f50fce056eebc3d43927ed0b5d3d34cfc7c,c:\Windows\System32\oobe\oobeldr.exe
39,oobeldr.exe,73216,2,703056382,1992-04-12T05:26:22.000Z,imports,api-ms-win-core-libraryloader-l1-2-0.dll,GetProcAddress,587e0caba70fafab18fe33c60d400031,b98e1ffb925bed48e9a4e0ab9d747f50fce056eebc3d43927ed0b5d3d34cfc7c,c:\Windows\System32\oobe\oobeldr.exe
40,oobeldr.exe,73216,2,703056382,1992-04-12T05:26:22.000Z,imports,api-ms-win-core-libraryloader-l1-2-0.dll,LoadLibraryExW,587e0caba70fafab18fe33c60d400031,b98e1ffb925bed48e9a4e0ab9d747f50fce056eebc3d43927ed0b5d3d34cfc7c,c:\Windows\System32\oobe\oobeldr.exe
41,oobeldr.exe,73216,2,703056382,1992-04-12T05:26:22.000Z,imports,api-ms-win-core-libraryloader-l1-2-0.dll,LoadStringW,587e0caba70fafab18fe33c60d400031,b98e1ffb925bed48e9a4e0ab9d747f50fce056eebc3d43927ed0b5d3d34cfc7c,c:\Windows\System32\oobe\oobeldr.exe
42,oobeldr.exe,73216,2,703056382,1992-04-12T05:26:22.000Z,imports,api-ms-win-core-synch-l1-1-0.dll,AcquireSRWLockExclusive,587e0caba70fafab18fe33c60d400031,b98e1ffb925bed48e9a4e0ab9d747f50fce056eebc3d43927ed0b5d3d34cfc7c,c:\Windows\System32\oobe\oobeldr.exe
43,oobeldr.exe,73216,2,703056382,1992-04-12T05:26:22.000Z,imports,api-ms-win-core-synch-l1-1-0.dll,DeleteCriticalSection,587e0caba70fafab18fe33c60d400031,b98e1ffb925bed48e9a4e0ab9d747f50fce056eebc3d43927ed0b5d3d34cfc7c,c:\Windows\System32\oobe\oobeldr.exe
44,oobeldr.exe,73216,2,703056382,1992-04-12T05:26:22.000Z,imports,api-ms-win-core-synch-l1-1-0.dll,EnterCriticalSection,587e0caba70fafab18fe33c60d400031,b98e1ffb925bed48e9a4e0ab9d747f50fce056eebc3d43927ed0b5d3d34cfc7c,c:\Windows\System32\oobe\oobeldr.exe
45,oobeldr.exe,73216,2,703056382,1992-04-12T05:26:22.000Z,imports,api-ms-win-core-synch-l1-1-0.dll,InitializeCriticalSection,587e0caba70fafab18fe33c60d400031,b98e1ffb925bed48e9a4e0ab9d747f50fce056eebc3d43927ed0b5d3d34cfc7c,c:\Windows\System32\oobe\oobeldr.exe
46,oobeldr.exe,73216,2,703056382,1992-04-12T05:26:22.000Z,imports,api-ms-win-core-synch-l1-1-0.dll,LeaveCriticalSection,587e0caba70fafab18fe33c60d400031,b98e1ffb925bed48e9a4e0ab9d747f50fce056eebc3d43927ed0b5d3d34cfc7c,c:\Windows\System32\oobe\oobeldr.exe
47,oobeldr.exe,73216,2,703056382,1992-04-12T05:26:22.000Z,imports,api-ms-win-core-synch-l1-1-0.dll,OpenEventW,587e0caba70fafab18fe33c60d400031,b98e1ffb925bed48e9a4e0ab9d747f50fce056eebc3d43927ed0b5d3d34cfc7c,c:\Windows\System32\oobe\oobeldr.exe
48,oobeldr.exe,73216,2,703056382,1992-04-12T05:26:22.000Z,imports,api-ms-win-core-synch-l1-1-0.dll,ReleaseSRWLockExclusive,587e0caba70fafab18fe33c60d400031,b98e1ffb925bed48e9a4e0ab9d747f50fce056eebc3d43927ed0b5d3d34cfc7c,c:\Windows\System32\oobe\oobeldr.exe
49,oobeldr.exe,73216,2,703056382,1992-04-12T05:26:22.000Z,imports,api-ms-win-core-synch-l1-1-0.dll,SetEvent,587e0caba70fafab18fe33c60d400031,b98e1ffb925bed48e9a4e0ab9d747f50fce056eebc3d43927ed0b5d3d34cfc7c,c:\Windows\System32\oobe\oobeldr.exe
50,oobeldr.exe,73216,2,703056382,1992-04-12T05:26:22.000Z,imports,api-ms-win-core-synch-l1-1-0.dll,WaitForSingleObject,587e0caba70fafab18fe33c60d400031,b98e1ffb925bed48e9a4e0ab9d747f50fce056eebc3d43927ed0b5d3d34cfc7c,c:\Windows\System32\oobe\oobeldr.exe
51,oobeldr.exe,73216,2,703056382,1992-04-12T05:26:22.000Z,imports,api-ms-win-core-handle-l1-1-0.dll,CloseHandle,587e0caba70fafab18fe33c60d400031,b98e1ffb925bed48e9a4e0ab9d747f50fce056eebc3d43927ed0b5d3d34cfc7c,c:\Windows\System32\oobe\oobeldr.exe
52,oobeldr.exe,73216,2,703056382,1992-04-12T05:26:22.000Z,imports,api-ms-win-core-errorhandling-l1-1-0.dll,GetLastError,587e0caba70fafab18fe33c60d400031,b98e1ffb925bed48e9a4e0ab9d747f50fce056eebc3d43927ed0b5d3d34cfc7c,c:\Windows\System32\oobe\oobeldr.exe
53,oobeldr.exe,73216,2,703056382,1992-04-12T05:26:22.000Z,imports,api-ms-win-core-errorhandling-l1-1-0.dll,SetLastError,587e0caba70fafab18fe33c60d400031,b98e1ffb925bed48e9a4e0ab9d747f50fce056eebc3d43927ed0b5d3d34cfc7c,c:\Windows\System32\oobe\oobeldr.exe
54,oobeldr.exe,73216,2,703056382,1992-04-12T05:26:22.000Z,imports,api-ms-win-core-errorhandling-l1-1-0.dll,SetUnhandledExceptionFilter,587e0caba70fafab18fe33c60d400031,b98e1ffb925bed48e9a4e0ab9d747f50fce056eebc3d43927ed0b5d3d34cfc7c,c:\Windows\System32\oobe\oobeldr.exe
55,oobeldr.exe,73216,2,703056382,1992-04-12T05:26:22.000Z,imports,api-ms-win-core-errorhandling-l1-1-0.dll,UnhandledExceptionFilter,587e0caba70fafab18fe33c60d400031,b98e1ffb925bed48e9a4e0ab9d747f50fce056eebc3d43927ed0b5d3d34cfc7c,c:\Windows\System32\oobe\oobeldr.exe
56,oobeldr.exe,73216,2,703056382,1992-04-12T05:26:22.000Z,imports,api-ms-win-eventing-provider-l1-1-0.dll,EventSetInformation,587e0caba70fafab18fe33c60d400031,b98e1ffb925bed48e9a4e0ab9d747f50fce056eebc3d43927ed0b5d3d34cfc7c,c:\Windows\System32\oobe\oobeldr.exe
57,oobeldr.exe,73216,2,703056382,1992-04-12T05:26:22.000Z,imports,api-ms-win-core-com-l1-1-0.dll,CoInitializeEx,587e0caba70fafab18fe33c60d400031,b98e1ffb925bed48e9a4e0ab9d747f50fce056eebc3d43927ed0b5d3d34cfc7c,c:\Windows\System32\oobe\oobeldr.exe
58,oobeldr.exe,73216,2,703056382,1992-04-12T05:26:22.000Z,imports,api-ms-win-core-com-l1-1-0.dll,CoTaskMemFree,587e0caba70fafab18fe33c60d400031,b98e1ffb925bed48e9a4e0ab9d747f50fce056eebc3d43927ed0b5d3d34cfc7c,c:\Windows\System32\oobe\oobeldr.exe
59,oobeldr.exe,73216,2,703056382,1992-04-12T05:26:22.000Z,imports,api-ms-win-core-com-l1-1-0.dll,CoUninitialize,587e0caba70fafab18fe33c60d400031,b98e1ffb925bed48e9a4e0ab9d747f50fce056eebc3d43927ed0b5d3d34cfc7c,c:\Windows\System32\oobe\oobeldr.exe
60,oobeldr.exe,73216,2,703056382,1992-04-12T05:26:22.000Z,imports,api-ms-win-core-heap-l1-1-0.dll,GetProcessHeap,587e0caba70fafab18fe33c60d400031,b98e1ffb925bed48e9a4e0ab9d747f50fce056eebc3d43927ed0b5d3d34cfc7c,c:\Windows\System32\oobe\oobeldr.exe
61,oobeldr.exe,73216,2,703056382,1992-04-12T05:26:22.000Z,imports,api-ms-win-core-heap-l1-1-0.dll,HeapAlloc,587e0caba70fafab18fe33c60d400031,b98e1ffb925bed48e9a4e0ab9d747f50fce056eebc3d43927ed0b5d3d34cfc7c,c:\Windows\System32\oobe\oobeldr.exe
62,oobeldr.exe,73216,2,703056382,1992-04-12T05:26:22.000Z,imports,api-ms-win-core-heap-l1-1-0.dll,HeapFree,587e0caba70fafab18fe33c60d400031,b98e1ffb925bed48e9a4e0ab9d747f50fce056eebc3d43927ed0b5d3d34cfc7c,c:\Windows\System32\oobe\oobeldr.exe
63,oobeldr.exe,73216,2,703056382,1992-04-12T05:26:22.000Z,imports,api-ms-win-core-heap-l2-1-0.dll,LocalFree,587e0caba70fafab18fe33c60d400031,b98e1ffb925bed48e9a4e0ab9d747f50fce056eebc3d43927ed0b5d3d34cfc7c,c:\Windows\System32\oobe\oobeldr.exe
64,oobeldr.exe,73216,2,703056382,1992-04-12T05:26:22.000Z,imports,api-ms-win-core-synch-l1-2-0.dll,Sleep,587e0caba70fafab18fe33c60d400031,b98e1ffb925bed48e9a4e0ab9d747f50fce056eebc3d43927ed0b5d3d34cfc7c,c:\Windows\System32\oobe\oobeldr.exe
65,oobeldr.exe,73216,2,703056382,1992-04-12T05:26:22.000Z,imports,api-ms-win-core-synch-l1-2-0.dll,SleepConditionVariableSRW,587e0caba70fafab18fe33c60d400031,b98e1ffb925bed48e9a4e0ab9d747f50fce056eebc3d43927ed0b5d3d34cfc7c,c:\Windows\System32\oobe\oobeldr.exe
66,oobeldr.exe,73216,2,703056382,1992-04-12T05:26:22.000Z,imports,api-ms-win-core-synch-l1-2-0.dll,WakeAllConditionVariable,587e0caba70fafab18fe33c60d400031,b98e1ffb925bed48e9a4e0ab9d747f50fce056eebc3d43927ed0b5d3d34cfc7c,c:\Windows\System32\oobe\oobeldr.exe
67,oobeldr.exe,73216,2,703056382,1992-04-12T05:26:22.000Z,imports,api-ms-win-core-processthreads-l1-1-0.dll,CreateProcessW,587e0caba70fafab18fe33c60d400031,b98e1ffb925bed48e9a4e0ab9d747f50fce056eebc3d43927ed0b5d3d34cfc7c,c:\Windows\System32\oobe\oobeldr.exe
68,oobeldr.exe,73216,2,703056382,1992-04-12T05:26:22.000Z,imports,api-ms-win-core-processthreads-l1-1-0.dll,GetCurrentProcess,587e0caba70fafab18fe33c60d400031,b98e1ffb925bed48e9a4e0ab9d747f50fce056eebc3d43927ed0b5d3d34cfc7c,c:\Windows\System32\oobe\oobeldr.exe
69,oobeldr.exe,73216,2,703056382,1992-04-12T05:26:22.000Z,imports,api-ms-win-core-processthreads-l1-1-0.dll,GetCurrentProcessId,587e0caba70fafab18fe33c60d400031,b98e1ffb925bed48e9a4e0ab9d747f50fce056eebc3d43927ed0b5d3d34cfc7c,c:\Windows\System32\oobe\oobeldr.exe
70,oobeldr.exe,73216,2,703056382,1992-04-12T05:26:22.000Z,imports,api-ms-win-core-processthreads-l1-1-0.dll,GetCurrentThreadId,587e0caba70fafab18fe33c60d400031,b98e1ffb925bed48e9a4e0ab9d747f50fce056eebc3d43927ed0b5d3d34cfc7c,c:\Windows\System32\oobe\oobeldr.exe
71,oobeldr.exe,73216,2,703056382,1992-04-12T05:26:22.000Z,imports,api-ms-win-core-processthreads-l1-1-0.dll,GetExitCodeProcess,587e0caba70fafab18fe33c60d400031,b98e1ffb925bed48e9a4e0ab9d747f50fce056eebc3d43927ed0b5d3d34cfc7c,c:\Windows\System32\oobe\oobeldr.exe
72,oobeldr.exe,73216,2,703056382,1992-04-12T05:26:22.000Z,imports,api-ms-win-core-processthreads-l1-1-0.dll,GetStartupInfoW,587e0caba70fafab18fe33c60d400031,b98e1ffb925bed48e9a4e0ab9d747f50fce056eebc3d43927ed0b5d3d34cfc7c,c:\Windows\System32\oobe\oobeldr.exe
73,oobeldr.exe,73216,2,703056382,1992-04-12T05:26:22.000Z,imports,api-ms-win-core-processthreads-l1-1-0.dll,TerminateProcess,587e0caba70fafab18fe33c60d400031,b98e1ffb925bed48e9a4e0ab9d747f50fce056eebc3d43927ed0b5d3d34cfc7c,c:\Windows\System32\oobe\oobeldr.exe
74,oobeldr.exe,73216,2,703056382,1992-04-12T05:26:22.000Z,imports,api-ms-win-core-profile-l1-1-0.dll,QueryPerformanceCounter,587e0caba70fafab18fe33c60d400031,b98e1ffb925bed48e9a4e0ab9d747f50fce056eebc3d43927ed0b5d3d34cfc7c,c:\Windows\System32\oobe\oobeldr.exe
75,oobeldr.exe,73216,2,703056382,1992-04-12T05:26:22.000Z,imports,api-ms-win-core-rtlsupport-l1-1-0.dll,RtlCaptureContext,587e0caba70fafab18fe33c60d400031,b98e1ffb925bed48e9a4e0ab9d747f50fce056eebc3d43927ed0b5d3d34cfc7c,c:\Windows\System32\oobe\oobeldr.exe
76,oobeldr.exe,73216,2,703056382,1992-04-12T05:26:22.000Z,imports,api-ms-win-core-rtlsupport-l1-1-0.dll,RtlLookupFunctionEntry,587e0caba70fafab18fe33c60d400031,b98e1ffb925bed48e9a4e0ab9d747f50fce056eebc3d43927ed0b5d3d34cfc7c,c:\Windows\System32\oobe\oobeldr.exe
77,oobeldr.exe,73216,2,703056382,1992-04-12T05:26:22.000Z,imports,api-ms-win-core-rtlsupport-l1-1-0.dll,RtlVirtualUnwind,587e0caba70fafab18fe33c60d400031,b98e1ffb925bed48e9a4e0ab9d747f50fce056eebc3d43927ed0b5d3d34cfc7c,c:\Windows\System32\oobe\oobeldr.exe
78,oobeldr.exe,73216,2,703056382,1992-04-12T05:26:22.000Z,imports,api-ms-win-core-kernel32-legacy-l1-1-1.dll,PowerCreateRequest,587e0caba70fafab18fe33c60d400031,b98e1ffb925bed48e9a4e0ab9d747f50fce056eebc3d43927ed0b5d3d34cfc7c,c:\Windows\System32\oobe\oobeldr.exe
79,oobeldr.exe,73216,2,703056382,1992-04-12T05:26:22.000Z,imports,api-ms-win-core-kernel32-legacy-l1-1-1.dll,PowerSetRequest,587e0caba70fafab18fe33c60d400031,b98e1ffb925bed48e9a4e0ab9d747f50fce056eebc3d43927ed0b5d3d34cfc7c,c:\Windows\System32\oobe\oobeldr.exe
80,oobeldr.exe,73216,2,703056382,1992-04-12T05:26:22.000Z,imports,api-ms-win-shcore-obsolete-l1-1-0.dll,CommandLineToArgvW,587e0caba70fafab18fe33c60d400031,b98e1ffb925bed48e9a4e0ab9d747f50fce056eebc3d43927ed0b5d3d34cfc7c,c:\Windows\System32\oobe\oobeldr.exe
81,oobeldr.exe,73216,2,703056382,1992-04-12T05:26:22.000Z,imports,unattend.dll,UnattendAddResults,587e0caba70fafab18fe33c60d400031,b98e1ffb925bed48e9a4e0ab9d747f50fce056eebc3d43927ed0b5d3d34cfc7c,c:\Windows\System32\oobe\oobeldr.exe
82,oobeldr.exe,73216,2,703056382,1992-04-12T05:26:22.000Z,imports,unattend.dll,UnattendCtxBeginModify,587e0caba70fafab18fe33c60d400031,b98e1ffb925bed48e9a4e0ab9d747f50fce056eebc3d43927ed0b5d3d34cfc7c,c:\Windows\System32\oobe\oobeldr.exe
83,oobeldr.exe,73216,2,703056382,1992-04-12T05:26:22.000Z,imports,unattend.dll,UnattendCtxCancelModify,587e0caba70fafab18fe33c60d400031,b98e1ffb925bed48e9a4e0ab9d747f50fce056eebc3d43927ed0b5d3d34cfc7c,c:\Windows\System32\oobe\oobeldr.exe
84,oobeldr.exe,73216,2,703056382,1992-04-12T05:26:22.000Z,imports,unattend.dll,UnattendCtxCleanup,587e0caba70fafab18fe33c60d400031,b98e1ffb925bed48e9a4e0ab9d747f50fce056eebc3d43927ed0b5d3d34cfc7c,c:\Windows\System32\oobe\oobeldr.exe
85,oobeldr.exe,73216,2,703056382,1992-04-12T05:26:22.000Z,imports,unattend.dll,UnattendCtxCommitModify,587e0caba70fafab18fe33c60d400031,b98e1ffb925bed48e9a4e0ab9d747f50fce056eebc3d43927ed0b5d3d34cfc7c,c:\Windows\System32\oobe\oobeldr.exe
86,oobeldr.exe,73216,2,703056382,1992-04-12T05:26:22.000Z,imports,unattend.dll,UnattendCtxDeserializeWithResults,587e0caba70fafab18fe33c60d400031,b98e1ffb925bed48e9a4e0ab9d747f50fce056eebc3d43927ed0b5d3d34cfc7c,c:\Windows\System32\oobe\oobeldr.exe
87,oobeldr.exe,73216,2,703056382,1992-04-12T05:26:22.000Z,imports,unattend.dll,UnattendCtxGetEnumValueByNode,587e0caba70fafab18fe33c60d400031,b98e1ffb925bed48e9a4e0ab9d747f50fce056eebc3d43927ed0b5d3d34cfc7c,c:\Windows\System32\oobe\oobeldr.exe
88,oobeldr.exe,73216,2,703056382,1992-04-12T05:26:22.000Z,imports,unattend.dll,UnattendCtxGetFlagByNode,587e0caba70fafab18fe33c60d400031,b98e1ffb925bed48e9a4e0ab9d747f50fce056eebc3d43927ed0b5d3d34cfc7c,c:\Windows\System32\oobe\oobeldr.exe
89,oobeldr.exe,73216,2,703056382,1992-04-12T05:26:22.000Z,imports,unattend.dll,UnattendCtxOpenNode,587e0caba70fafab18fe33c60d400031,b98e1ffb925bed48e9a4e0ab9d747f50fce056eebc3d43927ed0b5d3d34cfc7c,c:\Windows\System32\oobe\oobeldr.exe
90,oobeldr.exe,73216,2,703056382,1992-04-12T05:26:22.000Z,imports,unattend.dll,UnattendCtxReplaceMatchedNodesWithText,587e0caba70fafab18fe33c60d400031,b98e1ffb925bed48e9a4e0ab9d747f50fce056eebc3d43927ed0b5d3d34cfc7c,c:\Windows\System32\oobe\oobeldr.exe
91,oobeldr.exe,73216,2,703056382,1992-04-12T05:26:22.000Z,imports,unattend.dll,UnattendCtxSerialize,587e0caba70fafab18fe33c60d400031,b98e1ffb925bed48e9a4e0ab9d747f50fce056eebc3d43927ed0b5d3d34cfc7c,c:\Windows\System32\oobe\oobeldr.exe
92,oobeldr.exe,73216,2,703056382,1992-04-12T05:26:22.000Z,imports,unattend.dll,UnattendCtxSerializeSettingsStream,587e0caba70fafab18fe33c60d400031,b98e1ffb925bed48e9a4e0ab9d747f50fce056eebc3d43927ed0b5d3d34cfc7c,c:\Windows\System32\oobe\oobeldr.exe
93,oobeldr.exe,73216,2,703056382,1992-04-12T05:26:22.000Z,imports,unattend.dll,UnattendFindAnswerFileWithResults,587e0caba70fafab18fe33c60d400031,b98e1ffb925bed48e9a4e0ab9d747f50fce056eebc3d43927ed0b5d3d34cfc7c,c:\Windows\System32\oobe\oobeldr.exe
94,oobeldr.exe,73216,2,703056382,1992-04-12T05:26:22.000Z,imports,unattend.dll,UnattendFindFileFromCmdLine,587e0caba70fafab18fe33c60d400031,b98e1ffb925bed48e9a4e0ab9d747f50fce056eebc3d43927ed0b5d3d34cfc7c,c:\Windows\System32\oobe\oobeldr.exe
95,oobeldr.exe,73216,2,703056382,1992-04-12T05:26:22.000Z,imports,unattend.dll,UnattendFreeNode,587e0caba70fafab18fe33c60d400031,b98e1ffb925bed48e9a4e0ab9d747f50fce056eebc3d43927ed0b5d3d34cfc7c,c:\Windows\System32\oobe\oobeldr.exe
96,oobeldr.exe,73216,2,703056382,1992-04-12T05:26:22.000Z,imports,unattend.dll,UnattendFreeResults,587e0caba70fafab18fe33c60d400031,b98e1ffb925bed48e9a4e0ab9d747f50fce056eebc3d43927ed0b5d3d34cfc7c,c:\Windows\System32\oobe\oobeldr.exe
97,oobeldr.exe,73216,2,703056382,1992-04-12T05:26:22.000Z,imports,unattend.dll,UnattendMarkPassUsedInCtx,587e0caba70fafab18fe33c60d400031,b98e1ffb925bed48e9a4e0ab9d747f50fce056eebc3d43927ed0b5d3d34cfc7c,c:\Windows\System32\oobe\oobeldr.exe
98,oobeldr.exe,73216,2,703056382,1992-04-12T05:26:22.000Z,imports,actionqueue.dll,GenerateActionQueue,587e0caba70fafab18fe33c60d400031,b98e1ffb925bed48e9a4e0ab9d747f50fce056eebc3d43927ed0b5d3d34cfc7c,c:\Windows\System32\oobe\oobeldr.exe
99,oobeldr.exe,73216,2,703056382,1992-04-12T05:26:22.000Z,imports,actionqueue.dll,ProcessActionQueue,587e0caba70fafab18fe33c60d400031,b98e1ffb925bed48e9a4e0ab9d747f50fce056eebc3d43927ed0b5d3d34cfc7c,c:\Windows\System32\oobe\oobeldr.exe
100,oobeldr.exe,73216,2,703056382,1992-04-12T05:26:22.000Z,imports,api-ms-win-core-file-l1-1-0.dll,CreateDirectoryW,587e0caba70fafab18fe33c60d400031,b98e1ffb925bed48e9a4e0ab9d747f50fce056eebc3d43927ed0b5d3d34cfc7c,c:\Windows\System32\oobe\oobeldr.exe
101,oobeldr.exe,73216,2,703056382,1992-04-12T05:26:22.000Z,imports,api-ms-win-core-file-l1-1-0.dll,CreateFileW,587e0caba70fafab18fe33c60d400031,b98e1ffb925bed48e9a4e0ab9d747f50fce056eebc3d43927ed0b5d3d34cfc7c,c:\Windows\System32\oobe\oobeldr.exe
102,oobeldr.exe,73216,2,703056382,1992-04-12T05:26:22.000Z,imports,api-ms-win-core-file-l1-1-0.dll,FindClose,587e0caba70fafab18fe33c60d400031,b98e1ffb925bed48e9a4e0ab9d747f50fce056eebc3d43927ed0b5d3d34cfc7c,c:\Windows\System32\oobe\oobeldr.exe
103,oobeldr.exe,73216,2,703056382,1992-04-12T05:26:22.000Z,imports,api-ms-win-core-file-l1-1-0.dll,FlushFileBuffers,587e0caba70fafab18fe33c60d400031,b98e1ffb925bed48e9a4e0ab9d747f50fce056eebc3d43927ed0b5d3d34cfc7c,c:\Windows\System32\oobe\oobeldr.exe
104,oobeldr.exe,73216,2,703056382,1992-04-12T05:26:22.000Z,imports,api-ms-win-core-file-l1-1-0.dll,GetFileAttributesW,587e0caba70fafab18fe33c60d400031,b98e1ffb925bed48e9a4e0ab9d747f50fce056eebc3d43927ed0b5d3d34cfc7c,c:\Windows\System32\oobe\oobeldr.exe
105,oobeldr.exe,73216,2,703056382,1992-04-12T05:26:22.000Z,imports,api-ms-win-core-file-l1-1-0.dll,GetFileInformationByHandle,587e0caba70fafab18fe33c60d400031,b98e1ffb925bed48e9a4e0ab9d747f50fce056eebc3d43927ed0b5d3d34cfc7c,c:\Windows\System32\oobe\oobeldr.exe
106,oobeldr.exe,73216,2,703056382,1992-04-12T05:26:22.000Z,imports,api-ms-win-core-file-l1-1-0.dll,GetFullPathNameW,587e0caba70fafab18fe33c60d400031,b98e1ffb925bed48e9a4e0ab9d747f50fce056eebc3d43927ed0b5d3d34cfc7c,c:\Windows\System32\oobe\oobeldr.exe
107,oobeldr.exe,73216,2,703056382,1992-04-12T05:26:22.000Z,imports,api-ms-win-core-file-l1-1-0.dll,SetFileAttributesW,587e0caba70fafab18fe33c60d400031,b98e1ffb925bed48e9a4e0ab9d747f50fce056eebc3d43927ed0b5d3d34cfc7c,c:\Windows\System32\oobe\oobeldr.exe
108,oobeldr.exe,73216,2,703056382,1992-04-12T05:26:22.000Z,imports,api-ms-win-core-processenvironment-l1-1-0.dll,ExpandEnvironmentStringsW,587e0caba70fafab18fe33c60d400031,b98e1ffb925bed48e9a4e0ab9d747f50fce056eebc3d43927ed0b5d3d34cfc7c,c:\Windows\System32\oobe\oobeldr.exe
109,oobeldr.exe,73216,2,703056382,1992-04-12T05:26:22.000Z,imports,api-ms-win-core-file-l2-1-0.dll,CopyFileExW,587e0caba70fafab18fe33c60d400031,b98e1ffb925bed48e9a4e0ab9d747f50fce056eebc3d43927ed0b5d3d34cfc7c,c:\Windows\System32\oobe\oobeldr.exe
110,oobeldr.exe,73216,2,703056382,1992-04-12T05:26:22.000Z,imports,api-ms-win-core-string-l1-1-0.dll,CompareStringW,587e0caba70fafab18fe33c60d400031,b98e1ffb925bed48e9a4e0ab9d747f50fce056eebc3d43927ed0b5d3d34cfc7c,c:\Windows\System32\oobe\oobeldr.exe
111,oobeldr.exe,73216,2,703056382,1992-04-12T05:26:22.000Z,imports,api-ms-win-core-registry-l1-1-0.dll,RegCloseKey,587e0caba70fafab18fe33c60d400031,b98e1ffb925bed48e9a4e0ab9d747f50fce056eebc3d43927ed0b5d3d34cfc7c,c:\Windows\System32\oobe\oobeldr.exe
112,oobeldr.exe,73216,2,703056382,1992-04-12T05:26:22.000Z,imports,api-ms-win-core-registry-l1-1-0.dll,RegCreateKeyExW,587e0caba70fafab18fe33c60d400031,b98e1ffb925bed48e9a4e0ab9d747f50fce056eebc3d43927ed0b5d3d34cfc7c,c:\Windows\System32\oobe\oobeldr.exe
113,oobeldr.exe,73216,2,703056382,1992-04-12T05:26:22.000Z,imports,api-ms-win-core-registry-l1-1-0.dll,RegDeleteKeyExW,587e0caba70fafab18fe33c60d400031,b98e1ffb925bed48e9a4e0ab9d747f50fce056eebc3d43927ed0b5d3d34cfc7c,c:\Windows\System32\oobe\oobeldr.exe
114,oobeldr.exe,73216,2,703056382,1992-04-12T05:26:22.000Z,imports,api-ms-win-core-registry-l1-1-0.dll,RegDeleteTreeW,587e0caba70fafab18fe33c60d400031,b98e1ffb925bed48e9a4e0ab9d747f50fce056eebc3d43927ed0b5d3d34cfc7c,c:\Windows\System32\oobe\oobeldr.exe
115,oobeldr.exe,73216,2,703056382,1992-04-12T05:26:22.000Z,imports,api-ms-win-core-registry-l1-1-0.dll,RegDeleteValueW,587e0caba70fafab18fe33c60d400031,b98e1ffb925bed48e9a4e0ab9d747f50fce056eebc3d43927ed0b5d3d34cfc7c,c:\Windows\System32\oobe\oobeldr.exe
116,oobeldr.exe,73216,2,703056382,1992-04-12T05:26:22.000Z,imports,api-ms-win-core-registry-l1-1-0.dll,RegEnumValueW,587e0caba70fafab18fe33c60d400031,b98e1ffb925bed48e9a4e0ab9d747f50fce056eebc3d43927ed0b5d3d34cfc7c,c:\Windows\System32\oobe\oobeldr.exe
117,oobeldr.exe,73216,2,703056382,1992-04-12T05:26:22.000Z,imports,api-ms-win-core-registry-l1-1-0.dll,RegFlushKey,587e0caba70fafab18fe33c60d400031,b98e1ffb925bed48e9a4e0ab9d747f50fce056eebc3d43927ed0b5d3d34cfc7c,c:\Windows\System32\oobe\oobeldr.exe
118,oobeldr.exe,73216,2,703056382,1992-04-12T05:26:22.000Z,imports,api-ms-win-core-registry-l1-1-0.dll,RegOpenKeyExW,587e0caba70fafab18fe33c60d400031,b98e1ffb925bed48e9a4e0ab9d747f50fce056eebc3d43927ed0b5d3d34cfc7c,c:\Windows\System32\oobe\oobeldr.exe
119,oobeldr.exe,73216,2,703056382,1992-04-12T05:26:22.000Z,imports,api-ms-win-core-registry-l1-1-0.dll,RegQueryInfoKeyW,587e0caba70fafab18fe33c60d400031,b98e1ffb925bed48e9a4e0ab9d747f50fce056eebc3d43927ed0b5d3d34cfc7c,c:\Windows\System32\oobe\oobeldr.exe
120,oobeldr.exe,73216,2,703056382,1992-04-12T05:26:22.000Z,imports,api-ms-win-core-registry-l1-1-0.dll,RegQueryValueExW,587e0caba70fafab18fe33c60d400031,b98e1ffb925bed48e9a4e0ab9d747f50fce056eebc3d43927ed0b5d3d34cfc7c,c:\Windows\System32\oobe\oobeldr.exe
121,oobeldr.exe,73216,2,703056382,1992-04-12T05:26:22.000Z,imports,api-ms-win-core-registry-l1-1-0.dll,RegSetValueExW,587e0caba70fafab18fe33c60d400031,b98e1ffb925bed48e9a4e0ab9d747f50fce056eebc3d43927ed0b5d3d34cfc7c,c:\Windows\System32\oobe\oobeldr.exe
122,oobeldr.exe,73216,2,703056382,1992-04-12T05:26:22.000Z,imports,api-ms-win-core-libraryloader-l1-2-1.dll,LoadLibraryW,587e0caba70fafab18fe33c60d400031,b98e1ffb925bed48e9a4e0ab9d747f50fce056eebc3d43927ed0b5d3d34cfc7c,c:\Windows\System32\oobe\oobeldr.exe
123,oobeldr.exe,73216,2,703056382,1992-04-12T05:26:22.000Z,imports,ntdll.dll,NtSetInformationFile,587e0caba70fafab18fe33c60d400031,b98e1ffb925bed48e9a4e0ab9d747f50fce056eebc3d43927ed0b5d3d34cfc7c,c:\Windows\System32\oobe\oobeldr.exe
124,oobeldr.exe,73216,2,703056382,1992-04-12T05:26:22.000Z,imports,ntdll.dll,RtlAllocateHeap,587e0caba70fafab18fe33c60d400031,b98e1ffb925bed48e9a4e0ab9d747f50fce056eebc3d43927ed0b5d3d34cfc7c,c:\Windows\System32\oobe\oobeldr.exe
125,oobeldr.exe,73216,2,703056382,1992-04-12T05:26:22.000Z,imports,ntdll.dll,RtlFreeHeap,587e0caba70fafab18fe33c60d400031,b98e1ffb925bed48e9a4e0ab9d747f50fce056eebc3d43927ed0b5d3d34cfc7c,c:\Windows\System32\oobe\oobeldr.exe
126,oobeldr.exe,73216,2,703056382,1992-04-12T05:26:22.000Z,imports,ntdll.dll,RtlNtStatusToDosError,587e0caba70fafab18fe33c60d400031,b98e1ffb925bed48e9a4e0ab9d747f50fce056eebc3d43927ed0b5d3d34cfc7c,c:\Windows\System32\oobe\oobeldr.exe
127,oobeldr.exe,73216,2,703056382,1992-04-12T05:26:22.000Z,imports,api-ms-win-core-privateprofile-l1-1-0.dll,WritePrivateProfileStringW,587e0caba70fafab18fe33c60d400031,b98e1ffb925bed48e9a4e0ab9d747f50fce056eebc3d43927ed0b5d3d34cfc7c,c:\Windows\System32\oobe\oobeldr.exe
