,col0,col1,col2,col3,col4,col5
0,Complex Method,SuperWebSocket,WebSocketServer<TWebSocketSession>,D:\research\architectureSmells\repos\kerryjiang_SuperWebSocket\SuperWebSocket\WebSocketServer.cs,SetupSubProtocols,Cyclomatic complexity of the method is 16
1,Complex Method,SuperWebSocket,WebSocketServer<TWebSocketSession>,D:\research\architectureSmells\repos\kerryjiang_SuperWebSocket\SuperWebSocket\WebSocketServer.cs,HandshakePendingQueueCheckingCallback,Cyclomatic complexity of the method is 9
2,Complex Method,SuperWebSocket,WebSocketServer<TWebSocketSession>,D:\research\architectureSmells\repos\kerryjiang_SuperWebSocket\SuperWebSocket\WebSocketServer.cs,ParseHandshake,Cyclomatic complexity of the method is 10
3,Complex Method,SuperWebSocket.Protocol,WebSocketDataReceiveFilter,D:\research\architectureSmells\repos\kerryjiang_SuperWebSocket\SuperWebSocket\Protocol\WebSocketDataReceiveFilter.cs,Filter,Cyclomatic complexity of the method is 12
4,Complex Method,SuperWebSocket.Protocol,WebSocketHeaderReceiveFilter,D:\research\architectureSmells\repos\kerryjiang_SuperWebSocket\SuperWebSocket\Protocol\WebSocketHeaderReceiveFilter.cs,Filter,Cyclomatic complexity of the method is 13
5,Complex Method,SuperWebSocket.SubProtocol,BasicSubProtocol<TWebSocketSession>,D:\research\architectureSmells\repos\kerryjiang_SuperWebSocket\SuperWebSocket\SubProtocol\BasicSubProtocol.cs,Initialize,Cyclomatic complexity of the method is 8
6,Long Parameter List,SuperWebSocket,WebSocketServer<TWebSocketSession>,D:\research\architectureSmells\repos\kerryjiang_SuperWebSocket\SuperWebSocket\WebSocketServer.cs,Broadcast,The method has 5 parameters. Parameters: sessions' data' offset' length' sendFeedback
7,Long Parameter List,SuperWebSocket.Protocol,DraftHybi10Processor,D:\research\architectureSmells\repos\kerryjiang_SuperWebSocket\SuperWebSocket\Protocol\DraftHybi10Processor.cs,SendPackage,The method has 5 parameters. Parameters: session' opCode' data' offset' length
8,Long Parameter List,SuperWebSocket.Protocol,DraftHybi10Processor,D:\research\architectureSmells\repos\kerryjiang_SuperWebSocket\SuperWebSocket\Protocol\DraftHybi10Processor.cs,TrySendPackage,The method has 5 parameters. Parameters: session' opCode' data' offset' length
9,Long Parameter List,SuperWebSocket.Protocol,WebSocketDataFrameReceiveFilter,D:\research\architectureSmells\repos\kerryjiang_SuperWebSocket\SuperWebSocket\Protocol\WebSocketDataFrameReceiveFilter.cs,AddArraySegment,The method has 5 parameters. Parameters: segments' buffer' offset' length' toBeCopied
10,Long Parameter List,SuperWebSocket.Protocol,WebSocketDataFrameReceiveFilter,D:\research\architectureSmells\repos\kerryjiang_SuperWebSocket\SuperWebSocket\Protocol\WebSocketDataFrameReceiveFilter.cs,Filter,The method has 5 parameters. Parameters: readBuffer' offset' length' toBeCopied' left
11,Long Parameter List,SuperWebSocket.Protocol,WebSocketSecKey3ReceiveFilter,D:\research\architectureSmells\repos\kerryjiang_SuperWebSocket\SuperWebSocket\Protocol\WebSocketSecKey3ReceiveFilter.cs,Filter,The method has 5 parameters. Parameters: readBuffer' offset' length' isReusableBuffer' rest
12,Long Parameter List,SuperWebSocket.Protocol,WebSocketDataReceiveFilter,D:\research\architectureSmells\repos\kerryjiang_SuperWebSocket\SuperWebSocket\Protocol\WebSocketDataReceiveFilter.cs,Filter,The method has 5 parameters. Parameters: readBuffer' offset' length' isReusableBuffer' rest
13,Long Parameter List,SuperWebSocket.Protocol,WebSocketHeaderReceiveFilter,D:\research\architectureSmells\repos\kerryjiang_SuperWebSocket\SuperWebSocket\Protocol\WebSocketHeaderReceiveFilter.cs,Filter,The method has 5 parameters. Parameters: readBuffer' offset' length' isReusableBuffer' rest
14,Long Identifier,SuperWebSocket,WebSocketServer<TWebSocketSession>,D:\research\architectureSmells\repos\kerryjiang_SuperWebSocket\SuperWebSocket\WebSocketServer.cs,,The length of the parameter m_HandshakePendingQueueCheckingInterval is 39.
15,Long Identifier,SuperWebSocket,WebSocketServer<TWebSocketSession>,D:\research\architectureSmells\repos\kerryjiang_SuperWebSocket\SuperWebSocket\WebSocketServer.cs,,The length of the parameter m_HandshakePendingQueueCheckingTimer is 36.
16,Long Statement,SuperWebSocket,WebSocketServer<TWebSocketSession>,D:\research\architectureSmells\repos\kerryjiang_SuperWebSocket\SuperWebSocket\WebSocketServer.cs,SetupSubProtocols,"The length of the statement  ""            var subProtocolConfigDict = new Dictionary<string' SubProtocolConfig>(subProtocolConfigSection == null ? 0 : subProtocolConfigSection.Count' StringComparer.OrdinalIgnoreCase); "" is 175."
17,Long Statement,SuperWebSocket,WebSocketServer<TWebSocketSession>,D:\research\architectureSmells\repos\kerryjiang_SuperWebSocket\SuperWebSocket\WebSocketServer.cs,SetupSubProtocols,"The length of the statement  ""                                subProtocolInstance = AssemblyUtil.CreateInstance<ISubProtocol<TWebSocketSession>>(protocolConfig.Type' new object[] { originalProtocolName }); "" is 143."
18,Long Statement,SuperWebSocket,WebSocketServer<TWebSocketSession>,D:\research\architectureSmells\repos\kerryjiang_SuperWebSocket\SuperWebSocket\WebSocketServer.cs,SetupSubProtocols,"The length of the statement  ""            if (m_SubProtocols.Count <= 0 || (subProtocolConfigDict.ContainsKey(BasicSubProtocol<TWebSocketSession>.DefaultName) && !m_SubProtocols.ContainsKey(BasicSubProtocol<TWebSocketSession>.DefaultName))) "" is 198."
19,Long Statement,SuperWebSocket,WebSocketServer<TWebSocketSession>,D:\research\architectureSmells\repos\kerryjiang_SuperWebSocket\SuperWebSocket\WebSocketServer.cs,Setup,"The length of the statement  ""            if (!int.TryParse(config.Options.GetValue(""handshakePendingQueueCheckingInterval"")' out m_HandshakePendingQueueCheckingInterval)) "" is 129."
20,Long Statement,SuperWebSocket,WebSocketServer<TWebSocketSession>,D:\research\architectureSmells\repos\kerryjiang_SuperWebSocket\SuperWebSocket\WebSocketServer.cs,OnStarted,"The length of the statement  ""            m_HandshakePendingQueueCheckingTimer = new Timer(HandshakePendingQueueCheckingCallback' null' m_HandshakePendingQueueCheckingInterval * 1000' m_HandshakePendingQueueCheckingInterval * 1000); "" is 190."
21,Long Statement,SuperWebSocket,WebSocketServer<TWebSocketSession>,D:\research\architectureSmells\repos\kerryjiang_SuperWebSocket\SuperWebSocket\WebSocketServer.cs,HandshakePendingQueueCheckingCallback,"The length of the statement  ""                m_HandshakePendingQueueCheckingTimer.Change(m_HandshakePendingQueueCheckingInterval * 1000' m_HandshakePendingQueueCheckingInterval * 1000); "" is 140."
22,Long Statement,SuperWebSocket.Protocol,DraftHybi00Processor,D:\research\architectureSmells\repos\kerryjiang_SuperWebSocket\SuperWebSocket\Protocol\DraftHybi00Processor.cs,Handshake,"The length of the statement  ""            if (!session.AppServer.ValidateHandshake(session' session.Items.GetValue<string>(WebSocketConstant.Origin' string.Empty))) "" is 122."
23,Long Statement,SuperWebSocket.Protocol,DraftHybi00Processor,D:\research\architectureSmells\repos\kerryjiang_SuperWebSocket\SuperWebSocket\Protocol\DraftHybi00Processor.cs,Handshake,"The length of the statement  ""            responseBuilder.AppendFormatWithCrCf(WebSocketConstant.ResponseLocationLine' session.UriScheme' session.Host' session.Path); "" is 124."
24,Long Statement,SuperWebSocket.Protocol,DraftHybi00Processor,D:\research\architectureSmells\repos\kerryjiang_SuperWebSocket\SuperWebSocket\Protocol\DraftHybi00Processor.cs,Handshake,"The length of the statement  ""            var subProtocol = session.GetAvailableSubProtocol(session.Items.GetValue<string>(WebSocketConstant.SecWebSocketProtocol' string.Empty)); "" is 136."
25,Long Statement,SuperWebSocket.Protocol,DraftHybi10Processor,D:\research\architectureSmells\repos\kerryjiang_SuperWebSocket\SuperWebSocket\Protocol\DraftHybi10Processor.cs,Handshake,"The length of the statement  ""            var subProtocol = session.GetAvailableSubProtocol(session.Items.GetValue<string>(WebSocketConstant.SecWebSocketProtocol' string.Empty)); "" is 136."
26,Long Statement,SuperWebSocket.Protocol,DraftHybi10Processor,D:\research\architectureSmells\repos\kerryjiang_SuperWebSocket\SuperWebSocket\Protocol\DraftHybi10Processor.cs,SendCloseHandshake,"The length of the statement  ""            byte[] playloadData = new byte[(string.IsNullOrEmpty(closeReason) ? 0 : Encoding.UTF8.GetMaxByteCount(closeReason.Length)) + 2]; "" is 128."
27,Long Statement,SuperWebSocket.Protocol,WebSocketDataReceiveFilter,D:\research\architectureSmells\repos\kerryjiang_SuperWebSocket\SuperWebSocket\Protocol\WebSocketDataReceiveFilter.cs,Filter,"The length of the statement  ""                            var commandInfo = new PlainFragment(Encoding.UTF8.GetString(readBuffer' offset + skipByteCount' i - offset - skipByteCount)); "" is 125."
28,Long Statement,SuperWebSocket.SubProtocol,BasicSubProtocol<TWebSocketSession>,D:\research\architectureSmells\repos\kerryjiang_SuperWebSocket\SuperWebSocket\SubProtocol\BasicSubProtocol.cs,DiscoverCommands,"The length of the statement  ""            m_CommandDict = new Dictionary<string' ISubCommand<TWebSocketSession>>(subCommands.Count' StringComparer.OrdinalIgnoreCase); "" is 124."
29,Long Statement,SuperWebSocket.SubProtocol,BasicSubProtocol<TWebSocketSession>,D:\research\architectureSmells\repos\kerryjiang_SuperWebSocket\SuperWebSocket\SubProtocol\BasicSubProtocol.cs,Initialize,"The length of the statement  ""                    .Where(a => string.IsNullOrEmpty(a.SubProtocol) || Name.Equals(a.SubProtocol' StringComparison.OrdinalIgnoreCase)).ToArray(); "" is 125."
30,Complex Conditional,SuperWebSocket.Protocol,DraftHybi10Processor,D:\research\architectureSmells\repos\kerryjiang_SuperWebSocket\SuperWebSocket\Protocol\DraftHybi10Processor.cs,IsValidCloseCode,"The conditional expression  ""code == closeCode.NormalClosure                      || code == closeCode.GoingAway                      || code == closeCode.ProtocolError                      || code == closeCode.NotAcceptableData                      || code == closeCode.TooLargeFrame                      || code == closeCode.InvalidUTF8""  is complex."
31,Complex Conditional,SuperWebSocket.Protocol,Rfc6455Processor,D:\research\architectureSmells\repos\kerryjiang_SuperWebSocket\SuperWebSocket\Protocol\Rfc6455Processor.cs,IsValidCloseCode,"The conditional expression  ""code == closeCode.NormalClosure                      || code == closeCode.GoingAway                      || code == closeCode.ProtocolError                      || code == closeCode.NotAcceptableData                      || code == closeCode.TooLargeFrame                      || code == closeCode.InvalidUTF8                      || code == closeCode.ViolatePolicy                      || code == closeCode.ExtensionNotMatch                      || code == closeCode.UnexpectedCondition""  is complex."
32,Magic Number,SuperWebSocket.Command,FragmentCommand<TWebSocketSession>,D:\research\architectureSmells\repos\kerryjiang_SuperWebSocket\SuperWebSocket\Command\FragmentCommand.cs,FragmentCommand,The following statement contains a magic number: Utf8Encoding = Encoding.GetEncoding(65001' EncoderFallback.ExceptionFallback' DecoderFallback.ExceptionFallback);
33,Magic Number,SuperWebSocket.Command,FragmentCommand<TWebSocketSession>,D:\research\architectureSmells\repos\kerryjiang_SuperWebSocket\SuperWebSocket\Command\FragmentCommand.cs,CheckControlFrame,The following statement contains a magic number: !frame.FIN || frame.ActualPayloadLength > 125
34,Magic Number,SuperWebSocket,WebSocketServer<TWebSocketSession>,D:\research\architectureSmells\repos\kerryjiang_SuperWebSocket\SuperWebSocket\WebSocketServer.cs,Setup,The following statement contains a magic number: m_HandshakePendingQueueCheckingInterval = 60;
35,Magic Number,SuperWebSocket,WebSocketServer<TWebSocketSession>,D:\research\architectureSmells\repos\kerryjiang_SuperWebSocket\SuperWebSocket\WebSocketServer.cs,Setup,The following statement contains a magic number: m_OpenHandshakeTimeOut = 120;
36,Magic Number,SuperWebSocket,WebSocketServer<TWebSocketSession>,D:\research\architectureSmells\repos\kerryjiang_SuperWebSocket\SuperWebSocket\WebSocketServer.cs,Setup,The following statement contains a magic number: m_CloseHandshakeTimeOut = 120;
37,Magic Number,SuperWebSocket,WebSocketServer<TWebSocketSession>,D:\research\architectureSmells\repos\kerryjiang_SuperWebSocket\SuperWebSocket\WebSocketServer.cs,OnStarted,The following statement contains a magic number: m_HandshakePendingQueueCheckingTimer = new Timer(HandshakePendingQueueCheckingCallback' null' m_HandshakePendingQueueCheckingInterval * 1000' m_HandshakePendingQueueCheckingInterval * 1000);
38,Magic Number,SuperWebSocket,WebSocketServer<TWebSocketSession>,D:\research\architectureSmells\repos\kerryjiang_SuperWebSocket\SuperWebSocket\WebSocketServer.cs,OnStarted,The following statement contains a magic number: m_HandshakePendingQueueCheckingTimer = new Timer(HandshakePendingQueueCheckingCallback' null' m_HandshakePendingQueueCheckingInterval * 1000' m_HandshakePendingQueueCheckingInterval * 1000);
39,Magic Number,SuperWebSocket,WebSocketServer<TWebSocketSession>,D:\research\architectureSmells\repos\kerryjiang_SuperWebSocket\SuperWebSocket\WebSocketServer.cs,ParseHandshake,The following statement contains a magic number: session.HttpVersion = metaInfo[2];
40,Magic Number,SuperWebSocket.Protocol,CloseStatusCodeHybi10,D:\research\architectureSmells\repos\kerryjiang_SuperWebSocket\SuperWebSocket\Protocol\CloseStatusCodeHybi10.cs,CloseStatusCodeHybi10,The following statement contains a magic number: NormalClosure = 1000;
41,Magic Number,SuperWebSocket.Protocol,CloseStatusCodeHybi10,D:\research\architectureSmells\repos\kerryjiang_SuperWebSocket\SuperWebSocket\Protocol\CloseStatusCodeHybi10.cs,CloseStatusCodeHybi10,The following statement contains a magic number: GoingAway = 1001;
42,Magic Number,SuperWebSocket.Protocol,CloseStatusCodeHybi10,D:\research\architectureSmells\repos\kerryjiang_SuperWebSocket\SuperWebSocket\Protocol\CloseStatusCodeHybi10.cs,CloseStatusCodeHybi10,The following statement contains a magic number: ProtocolError = 1002;
43,Magic Number,SuperWebSocket.Protocol,CloseStatusCodeHybi10,D:\research\architectureSmells\repos\kerryjiang_SuperWebSocket\SuperWebSocket\Protocol\CloseStatusCodeHybi10.cs,CloseStatusCodeHybi10,The following statement contains a magic number: NotAcceptableData = 1003;
44,Magic Number,SuperWebSocket.Protocol,CloseStatusCodeHybi10,D:\research\architectureSmells\repos\kerryjiang_SuperWebSocket\SuperWebSocket\Protocol\CloseStatusCodeHybi10.cs,CloseStatusCodeHybi10,The following statement contains a magic number: TooLargeFrame = 1004;
45,Magic Number,SuperWebSocket.Protocol,CloseStatusCodeHybi10,D:\research\architectureSmells\repos\kerryjiang_SuperWebSocket\SuperWebSocket\Protocol\CloseStatusCodeHybi10.cs,CloseStatusCodeHybi10,The following statement contains a magic number: InvalidUTF8 = 1007;
46,Magic Number,SuperWebSocket.Protocol,CloseStatusCodeHybi10,D:\research\architectureSmells\repos\kerryjiang_SuperWebSocket\SuperWebSocket\Protocol\CloseStatusCodeHybi10.cs,CloseStatusCodeHybi10,The following statement contains a magic number: ViolatePolicy = 1000;
47,Magic Number,SuperWebSocket.Protocol,CloseStatusCodeHybi10,D:\research\architectureSmells\repos\kerryjiang_SuperWebSocket\SuperWebSocket\Protocol\CloseStatusCodeHybi10.cs,CloseStatusCodeHybi10,The following statement contains a magic number: ExtensionNotMatch = 1000;
48,Magic Number,SuperWebSocket.Protocol,CloseStatusCodeHybi10,D:\research\architectureSmells\repos\kerryjiang_SuperWebSocket\SuperWebSocket\Protocol\CloseStatusCodeHybi10.cs,CloseStatusCodeHybi10,The following statement contains a magic number: UnexpectedCondition = 1000;
49,Magic Number,SuperWebSocket.Protocol,CloseStatusCodeHybi10,D:\research\architectureSmells\repos\kerryjiang_SuperWebSocket\SuperWebSocket\Protocol\CloseStatusCodeHybi10.cs,CloseStatusCodeHybi10,The following statement contains a magic number: TLSHandshakeFailure = 1000;
50,Magic Number,SuperWebSocket.Protocol,CloseStatusCodeHybi10,D:\research\architectureSmells\repos\kerryjiang_SuperWebSocket\SuperWebSocket\Protocol\CloseStatusCodeHybi10.cs,CloseStatusCodeHybi10,The following statement contains a magic number: NoStatusCode = 1005;
51,Magic Number,SuperWebSocket.Protocol,CloseStatusCodeRfc6455,D:\research\architectureSmells\repos\kerryjiang_SuperWebSocket\SuperWebSocket\Protocol\CloseStatusCodeRfc6455.cs,CloseStatusCodeRfc6455,The following statement contains a magic number: NormalClosure = 1000;
52,Magic Number,SuperWebSocket.Protocol,CloseStatusCodeRfc6455,D:\research\architectureSmells\repos\kerryjiang_SuperWebSocket\SuperWebSocket\Protocol\CloseStatusCodeRfc6455.cs,CloseStatusCodeRfc6455,The following statement contains a magic number: GoingAway = 1001;
53,Magic Number,SuperWebSocket.Protocol,CloseStatusCodeRfc6455,D:\research\architectureSmells\repos\kerryjiang_SuperWebSocket\SuperWebSocket\Protocol\CloseStatusCodeRfc6455.cs,CloseStatusCodeRfc6455,The following statement contains a magic number: ProtocolError = 1002;
54,Magic Number,SuperWebSocket.Protocol,CloseStatusCodeRfc6455,D:\research\architectureSmells\repos\kerryjiang_SuperWebSocket\SuperWebSocket\Protocol\CloseStatusCodeRfc6455.cs,CloseStatusCodeRfc6455,The following statement contains a magic number: NotAcceptableData = 1003;
55,Magic Number,SuperWebSocket.Protocol,CloseStatusCodeRfc6455,D:\research\architectureSmells\repos\kerryjiang_SuperWebSocket\SuperWebSocket\Protocol\CloseStatusCodeRfc6455.cs,CloseStatusCodeRfc6455,The following statement contains a magic number: TooLargeFrame = 1009;
56,Magic Number,SuperWebSocket.Protocol,CloseStatusCodeRfc6455,D:\research\architectureSmells\repos\kerryjiang_SuperWebSocket\SuperWebSocket\Protocol\CloseStatusCodeRfc6455.cs,CloseStatusCodeRfc6455,The following statement contains a magic number: InvalidUTF8 = 1007;
57,Magic Number,SuperWebSocket.Protocol,CloseStatusCodeRfc6455,D:\research\architectureSmells\repos\kerryjiang_SuperWebSocket\SuperWebSocket\Protocol\CloseStatusCodeRfc6455.cs,CloseStatusCodeRfc6455,The following statement contains a magic number: ViolatePolicy = 1008;
58,Magic Number,SuperWebSocket.Protocol,CloseStatusCodeRfc6455,D:\research\architectureSmells\repos\kerryjiang_SuperWebSocket\SuperWebSocket\Protocol\CloseStatusCodeRfc6455.cs,CloseStatusCodeRfc6455,The following statement contains a magic number: ExtensionNotMatch = 1010;
59,Magic Number,SuperWebSocket.Protocol,CloseStatusCodeRfc6455,D:\research\architectureSmells\repos\kerryjiang_SuperWebSocket\SuperWebSocket\Protocol\CloseStatusCodeRfc6455.cs,CloseStatusCodeRfc6455,The following statement contains a magic number: UnexpectedCondition = 1011;
60,Magic Number,SuperWebSocket.Protocol,CloseStatusCodeRfc6455,D:\research\architectureSmells\repos\kerryjiang_SuperWebSocket\SuperWebSocket\Protocol\CloseStatusCodeRfc6455.cs,CloseStatusCodeRfc6455,The following statement contains a magic number: NoStatusCode = 1005;
61,Magic Number,SuperWebSocket.Protocol,DraftHybi00Processor,D:\research\architectureSmells\repos\kerryjiang_SuperWebSocket\SuperWebSocket\Protocol\DraftHybi00Processor.cs,GetPackageData,The following statement contains a magic number: var maxByteCount = Encoding.UTF8.GetMaxByteCount(message.Length) + 2;
62,Magic Number,SuperWebSocket.Protocol,DraftHybi00Processor,D:\research\architectureSmells\repos\kerryjiang_SuperWebSocket\SuperWebSocket\Protocol\DraftHybi00Processor.cs,GetPackageData,The following statement contains a magic number: return new ArraySegment<byte>(sendBuffer' 0' bytesCount + 2);
63,Magic Number,SuperWebSocket.Protocol,DraftHybi10Processor,D:\research\architectureSmells\repos\kerryjiang_SuperWebSocket\SuperWebSocket\Protocol\DraftHybi10Processor.cs,SendCloseHandshake,The following statement contains a magic number: byte[] playloadData = new byte[(string.IsNullOrEmpty(closeReason) ? 0 : Encoding.UTF8.GetMaxByteCount(closeReason.Length)) + 2];
64,Magic Number,SuperWebSocket.Protocol,DraftHybi10Processor,D:\research\architectureSmells\repos\kerryjiang_SuperWebSocket\SuperWebSocket\Protocol\DraftHybi10Processor.cs,SendCloseHandshake,The following statement contains a magic number: int highByte = statusCode / 256;
65,Magic Number,SuperWebSocket.Protocol,DraftHybi10Processor,D:\research\architectureSmells\repos\kerryjiang_SuperWebSocket\SuperWebSocket\Protocol\DraftHybi10Processor.cs,SendCloseHandshake,The following statement contains a magic number: int lowByte = statusCode % 256;
66,Magic Number,SuperWebSocket.Protocol,DraftHybi10Processor,D:\research\architectureSmells\repos\kerryjiang_SuperWebSocket\SuperWebSocket\Protocol\DraftHybi10Processor.cs,SendCloseHandshake,The following statement contains a magic number: int bytesCount = Encoding.UTF8.GetBytes(closeReason' 0' closeReason.Length' playloadData' 2);
67,Magic Number,SuperWebSocket.Protocol,DraftHybi10Processor,D:\research\architectureSmells\repos\kerryjiang_SuperWebSocket\SuperWebSocket\Protocol\DraftHybi10Processor.cs,SendCloseHandshake,The following statement contains a magic number: playloadLength = bytesCount + 2;
68,Magic Number,SuperWebSocket.Protocol,DraftHybi10Processor,D:\research\architectureSmells\repos\kerryjiang_SuperWebSocket\SuperWebSocket\Protocol\DraftHybi10Processor.cs,GetEncodedPackage,The following statement contains a magic number: head = new byte[2];
69,Magic Number,SuperWebSocket.Protocol,DraftHybi10Processor,D:\research\architectureSmells\repos\kerryjiang_SuperWebSocket\SuperWebSocket\Protocol\DraftHybi10Processor.cs,GetEncodedPackage,The following statement contains a magic number: length < 126
70,Magic Number,SuperWebSocket.Protocol,DraftHybi10Processor,D:\research\architectureSmells\repos\kerryjiang_SuperWebSocket\SuperWebSocket\Protocol\DraftHybi10Processor.cs,GetPackageData,The following statement contains a magic number: fragment = new byte[2 + length];
71,Magic Number,SuperWebSocket.Protocol,DraftHybi10Processor,D:\research\architectureSmells\repos\kerryjiang_SuperWebSocket\SuperWebSocket\Protocol\DraftHybi10Processor.cs,GetPackageData,The following statement contains a magic number: length < 126
72,Magic Number,SuperWebSocket.Protocol,DraftHybi10Processor,D:\research\architectureSmells\repos\kerryjiang_SuperWebSocket\SuperWebSocket\Protocol\DraftHybi10Processor.cs,IsValidCloseCode,The following statement contains a magic number: code >= 0 && code <= 999
73,Magic Number,SuperWebSocket.Protocol,DraftHybi10Processor,D:\research\architectureSmells\repos\kerryjiang_SuperWebSocket\SuperWebSocket\Protocol\DraftHybi10Processor.cs,IsValidCloseCode,The following statement contains a magic number: code >= 1000 && code <= 1999
74,Magic Number,SuperWebSocket.Protocol,DraftHybi10Processor,D:\research\architectureSmells\repos\kerryjiang_SuperWebSocket\SuperWebSocket\Protocol\DraftHybi10Processor.cs,IsValidCloseCode,The following statement contains a magic number: code >= 1000 && code <= 1999
75,Magic Number,SuperWebSocket.Protocol,DraftHybi10Processor,D:\research\architectureSmells\repos\kerryjiang_SuperWebSocket\SuperWebSocket\Protocol\DraftHybi10Processor.cs,IsValidCloseCode,The following statement contains a magic number: code >= 2000 && code <= 4999
76,Magic Number,SuperWebSocket.Protocol,DraftHybi10Processor,D:\research\architectureSmells\repos\kerryjiang_SuperWebSocket\SuperWebSocket\Protocol\DraftHybi10Processor.cs,IsValidCloseCode,The following statement contains a magic number: code >= 2000 && code <= 4999
77,Magic Number,SuperWebSocket.Protocol,Rfc6455Processor,D:\research\architectureSmells\repos\kerryjiang_SuperWebSocket\SuperWebSocket\Protocol\Rfc6455Processor.cs,IsValidCloseCode,The following statement contains a magic number: code >= 0 && code <= 999
78,Magic Number,SuperWebSocket.Protocol,Rfc6455Processor,D:\research\architectureSmells\repos\kerryjiang_SuperWebSocket\SuperWebSocket\Protocol\Rfc6455Processor.cs,IsValidCloseCode,The following statement contains a magic number: code >= 1000 && code <= 2999
79,Magic Number,SuperWebSocket.Protocol,Rfc6455Processor,D:\research\architectureSmells\repos\kerryjiang_SuperWebSocket\SuperWebSocket\Protocol\Rfc6455Processor.cs,IsValidCloseCode,The following statement contains a magic number: code >= 1000 && code <= 2999
80,Magic Number,SuperWebSocket.Protocol,Rfc6455Processor,D:\research\architectureSmells\repos\kerryjiang_SuperWebSocket\SuperWebSocket\Protocol\Rfc6455Processor.cs,IsValidCloseCode,The following statement contains a magic number: code >= 3000 && code <= 4999
81,Magic Number,SuperWebSocket.Protocol,Rfc6455Processor,D:\research\architectureSmells\repos\kerryjiang_SuperWebSocket\SuperWebSocket\Protocol\Rfc6455Processor.cs,IsValidCloseCode,The following statement contains a magic number: code >= 3000 && code <= 4999
82,Magic Number,SuperWebSocket.Protocol.FramePartReader,ExtendedLenghtReader,D:\research\architectureSmells\repos\kerryjiang_SuperWebSocket\SuperWebSocket\Protocol\FramePartReader\ExtendedLenghtReader.cs,Process,The following statement contains a magic number: int required = 2;
83,Magic Number,SuperWebSocket.Protocol.FramePartReader,ExtendedLenghtReader,D:\research\architectureSmells\repos\kerryjiang_SuperWebSocket\SuperWebSocket\Protocol\FramePartReader\ExtendedLenghtReader.cs,Process,The following statement contains a magic number: required += 2;
84,Magic Number,SuperWebSocket.Protocol.FramePartReader,ExtendedLenghtReader,D:\research\architectureSmells\repos\kerryjiang_SuperWebSocket\SuperWebSocket\Protocol\FramePartReader\ExtendedLenghtReader.cs,Process,The following statement contains a magic number: frame.PayloadLenght == 126
85,Magic Number,SuperWebSocket.Protocol.FramePartReader,FixPartReader,D:\research\architectureSmells\repos\kerryjiang_SuperWebSocket\SuperWebSocket\Protocol\FramePartReader\FixPartReader.cs,Process,The following statement contains a magic number: frame.Length < 2
86,Magic Number,SuperWebSocket.Protocol.FramePartReader,FixPartReader,D:\research\architectureSmells\repos\kerryjiang_SuperWebSocket\SuperWebSocket\Protocol\FramePartReader\FixPartReader.cs,Process,The following statement contains a magic number: frame.PayloadLenght < 126
87,Magic Number,SuperWebSocket.Protocol.FramePartReader,FixPartReader,D:\research\architectureSmells\repos\kerryjiang_SuperWebSocket\SuperWebSocket\Protocol\FramePartReader\FixPartReader.cs,Process,The following statement contains a magic number: return nextPartReader.Process(2' frame' out nextPartReader);
88,Magic Number,SuperWebSocket.Protocol.FramePartReader,FixPartReader,D:\research\architectureSmells\repos\kerryjiang_SuperWebSocket\SuperWebSocket\Protocol\FramePartReader\FixPartReader.cs,Process,The following statement contains a magic number: frame.Length > 2
89,Magic Number,SuperWebSocket.Protocol.FramePartReader,MaskKeyReader,D:\research\architectureSmells\repos\kerryjiang_SuperWebSocket\SuperWebSocket\Protocol\FramePartReader\MaskKeyReader.cs,Process,The following statement contains a magic number: int required = lastLength + 4;
90,Magic Number,SuperWebSocket.Protocol.FramePartReader,MaskKeyReader,D:\research\architectureSmells\repos\kerryjiang_SuperWebSocket\SuperWebSocket\Protocol\FramePartReader\MaskKeyReader.cs,Process,The following statement contains a magic number: frame.MaskKey = frame.InnerData.ToArrayData(lastLength' 4);
