,col0,col1,col2,col3,col4,col5,col6,col7,col8,col9,col10
0,2065920,comment,2065459.0,2065851.0,0,0,Stormbringer,,,"I see you're just making a joke, but to treat what you said seriously, I think that the main complaint against Kuhn is that in practice actual science works quite differently from how he describes it.  So yes, Kuhn's ideas represent an idealized view of what science (perhaps) should be, and as such are interesting to the same small group of people as find Plato's notion of shadows on the cave to be interesting.  I.e. theory of knowledge or theory of science people, as compared to say actual scientists.",1294117155
1,2065919,comment,2062424.0,2062424.0,0,0,hella,,,Heads up: now accepting orders.,1294117147
2,2065918,comment,2065776.0,2065909.0,0,0,stevenj,,,"Inc.com covers a lot of general industry news.<p>I'm thinking more like the ""Show HN: Please Rate My Startup/Web App..."" type of posts that reveal tech products, or a local business that just opened, or a new, tangible product that just launched (and is ready to be purchased and shipped).",1294117129
3,2065917,comment,2065905.0,2065905.0,0,0,jorgem,,,"My question: How well will this work on a device like an iPhone where hovering isn't useful.<p>Although I think the the problem with repetitive buttons does need a solution, I also think it's too hard to assume that users will figure out that hovering over something may allow them to see additional choices.",1294117119
4,2065916,comment,2065416.0,2065416.0,0,0,angdis,,,"""Holding the bus"". I like the phrase, everybody has their bad days and should get some slack when they need it in exchange for giving their best when it really counts.<p>However, I have to take issue with manic coders. I've seen the results of ""heroic"" coding. It sucks. Sure, it does the job, meets the deadline or whatever but the problem is that quick work is typically nothing more than a ""rush job"" that becomes a maintenance nightmare in the future.<p>The thing is no one wants to work with someone who is unstable or difficult. If the success of your enterprise depends on sporadic bursts of mania from individual workers, I'm sorry, that just isn't going to be sustainable.",1294117115
5,2065914,comment,2065024.0,2065024.0,0,0,astrofinch,,,"Is this more about putting a 2001: A Space Odyssey reference on the moon for fun or leaving a record of our civilization in case it destroys itself?  I'm in favor of the second, but the first doesn't seem much different from carving the Coca Cola logo.",1294117081
6,2065913,comment,2065416.0,2065416.0,0,0,smokinn,,,"Absolutely useless hyperbolic link-bait.<p>No one acts that way unless they have severe mental illnesses (such as the cocaine-addicted bipolar genius) or the company already has serious systemic problems. If you see things near the exaggerations in the OP regularly, the company is already diseased and needs major overhaul.",1294117022
7,2065912,story,,,1,0,meadhikari,Apple Mobile Operating System Still Tops Google Android,http://bits.blogs.nytimes.com/2011/01/03/apple-mobile-operating-system-still-tops-google-android/,,1294116999
8,2065911,comment,2065299.0,2065527.0,0,0,solipsist,,,"Since I've written this gigantic post, I've learned a few more things about the process[1][2] and have changed my stance for the most part.<p>In a nutshell, the multitasking tray is simply a way to access apps recently used. The tray sorts itself in an MRU order and removes apps once enough time has gone by without being used. Apps in the tray can either be running or not running, depending on whether or not they support multitasking.<p>The effectiveness of MRU order and the need for another hardware option can still be argued, but I think you have at least helped me settle what the multitasking tray really does. Thanks.<p>[1] <a href=""http://news.ycombinator.com/item?id=2065582"" rel=""nofollow"">http://news.ycombinator.com/item?id=2065582</a>\n[2] <a href=""http://daringfireball.net/2010/04/mobile_multitasking"" rel=""nofollow"">http://daringfireball.net/2010/04/mobile_multitasking</a>",1294116950
9,2065910,comment,2065416.0,2065416.0,0,0,waratuman,,,"This may be a little picky, but this statement just doesn't make sense: :He is fundamentally a rebel—She will not be happy unless""<p>Where did the she come from?",1294116925
10,2065909,comment,2065776.0,2065776.0,0,0,aspir,,,Inc.com,1294116898
11,2065908,comment,2065416.0,2065416.0,0,0,michaels0620,,,I've been in the company of really smart (and likable!) Heretics and they tend to go out not with a bang but with a whimper. It's sad to watch.<p>They may be even be right but their persistent negativity and challenging of the status quo (even in minor matters) ends up wearing people down. Then eyes start rolling when they talk and their rants are met with sighs rather than attention or acknowledgment. Then they start getting left out of meetings and email conversations as it is easier to get things done without them no matter how smart they are.<p>All of this feeds the Heretic's perception of being the only sane person in the asylum turning them even more cynical and negative.,1294116866
12,2065907,comment,2065664.0,2065664.0,0,0,chailatte,,,"The aftermath from this bubble bursting is going to be very very painful.  We're going to have high unemployment for programmers again just like after the dot-com, except this time it will coincide with global economic recession and software market maturation/saturation (thanks to all the free webapps/mobile apps)",1294116861
13,2065906,comment,2063455.0,2063957.0,0,0,siculars,,,"I have a bit of a problem with people, like you, who will call someone a liar.<p>lie, noun, an intentionally false statement.<p>To insinuate that someone is a liar used to be a considerable personal slight and writing it here makes it libelous. Have you proven intention? Would it not be more polite to say that the OP was simply mistaken. I would kindly ask the OP to rewrite the offending sentence, perhaps like so ""In the past it has been difficult to serve SSL requests for multiple domains from the same IP address.""<p>That this comment has received a number of up votes is disconcerting. Where is the decorum oft afforded the HN community?",1294116847
14,2065905,story,,,13,16,coderdude,De-clutter Your Interface with Hover Controls,http://www.usabilitypost.com/2008/11/19/de-clutter-your-interface-with-hover-controls/,,1294116813
15,2065904,comment,2064060.0,2065878.0,0,0,neeleshs,,,"You can see how this thread can go on forever, I think GP was making that point.",1294116783
16,2065903,comment,2065604.0,2065604.0,0,0,vaksel,,,"i don't see how this would work since most guys use the shotgun approach, so none of the women would stop receiving messages.<p>+ most women get something like 200 messages a week..so even if the numbers went down, they'd still have plenty of messages.<p>Granted it might work somewhere in the middle of Montana with 20,000 people within 200 miles.",1294116770
17,2065902,story,,,3,1,grantlmiller,Top 50 SEO Posts of 2010,http://www.evancarmichael.com/blog/2010/12/31/top-50-seo-posts-of-2010/,,1294116744
18,2065901,story,,,1,0,barredo,Apple picks up Schwarzenegger’s outgoing Communications Director,http://www.9to5mac.com/45746/apple-picks-up-schwarzeneggers-outgoing-communications-director?utm_source=feedburner&utm_medium=feed&utm_campaign=Feed%3A+9To5Mac-MacAllDay+%289+to+5+Mac+-+Apple+Intelligence%29&utm_content=Google+Reader,,1294116725
19,2065900,story,,,1,0,static47,How to: LED Tron Shirt,http://blog.craftzine.com/archive/2011/01/how-to_led_tron_shirt.html,,1294116712
20,2065899,comment,2061812.0,2062095.0,0,0,dantheman,,,"I'm not sure I understand your object to Descartes, ""I think therefore I am"" is about how much one can be ultimately be deceived - senses can betray you, memory can betray you, but no matter what if someone is a thinking thing - then by the very nature that their thought exists, they must in some way exist.",1294116697
21,2065898,comment,2065604.0,2065604.0,0,0,keiferski,,,"So they created fake accounts and pretended to be attractive women, just to get with a random girl? If that's not the definition of creepy, I don't know what is. The fact that he doesn't want the girl to find out should make this obvious -- <i>any</i> woman who found out you were doing this would be put off immediately, as they should be.<p>Instead of spending so much time with some weird scheme in an attempt to put down the ""hunks,"" how about just becoming a more attractive and more interesting person on your own? Newsflash, guys: women are attracted to confidence and a sense of self-worth, among other things, not complex mechanisms to distract the other guys.<p><i>There are two ways to be the biggest building. One is to tear down the other buildings. Or two, just build the biggest building.</i>\n- Gary V<p>Sorry, but this is just really strange, and the lack of ANY negative feedback on here or Reddit is even more disconcerting.",1294116692
22,2065896,comment,2065000.0,2065000.0,0,0,desigooner,,,I recently started using it and so far I like it. 1 feature I'd like to add to it is a calendar like interface a la Streaks app on iPhone.,1294116641
23,2065895,comment,2064060.0,2064998.0,0,0,fanf2,,,Translation. Voice recognition.,1294116584
24,2065894,story,,,4,3,emilepetrone,Ask HN: What coding blogs/mailing lists/sites do you read?,,,1294116523
25,2065893,comment,2065447.0,2065447.0,0,0,willf,,,"lispjobs.wordpress.com lists (for free) Common Lisp, Scheme and Clojure jobs. Just FYI.",1294116510
26,2065892,comment,2065416.0,2065872.0,0,0,astrofinch,,,"Even if keeping difficult employees is the right move, classifying them (as this post attempts to do) can still be useful.  In fact I'd guess it's even more useful.",1294116489
27,2065891,comment,2065604.0,2065780.0,0,0,zalew,,,"I'm surprised that nowadays this trick is considered so fresh. I've done it back in the day in the 90s on chatrooms. But then I was a stupid teenager, nowadays I wonder why these guys do this nonsense. I'm not into online dating right now, but couldn't they gather the same information by simply talking? Isn't this hack a trick reserved for socially awkward people who can't make up a decent conversation on the spot?",1294116459
28,2065890,comment,2065416.0,2065872.0,0,0,flashgordon,,,Is it really black and white as that?  Would you still hire a genius if his actions were unethical on purpose just on the off streak that he might (or even has) produced 10x the wealth/value/code/output as an average engineer?,1294116413
29,2065889,comment,2064618.0,2065784.0,0,0,uvdiv,,,"It's not the size, it's the maturity. As you correctly criticize, Superphenix was non-functional much of the time: there were major engineering issues which hadn't been solved beforehand. This is the character of a prototype.<p>><i>Thorium-based reactors are more mature than FBR as far as I understand</i><p>Thorium reactors are even less mature than FBRs. Although that's a very loose category, you should distinguish between the extremely different reactor types which burn thorium, such as high temperature gas-cooled reactors (including pebble beds), which were the only commercial thorium reactors (for a short time); and the theoretical molten salt reactors, which unlike HTGRs are breeder reactors. For added confusion, some commercial (both LWR and HWR) reactors can run <i>partially</i> on thorium, but are not self-sufficient without uranium or plutonium fuel.",1294116387
30,2065888,comment,2065776.0,2065817.0,0,0,stevenj,,,"If I remember correctly, Mixergy primarily takes a look back on successful products and companies.<p>I'd like to read/learn about products and companies that are just becoming ""real"". Ones that have just shipped.",1294116350
31,2065887,story,,,43,37,solipsist,IPhone Alarms Still Not Working Despite Apple's Words,http://www.engadget.com/2011/01/03/iphone-alarms-still-not-working-worlds-crashing-left-and-right/,,1294116321
32,2065886,comment,2065884.0,2065884.0,0,0,ameyamk,,,"I initially though it to be some where between 200,000 and 500,000, but I was surprised to see hacker news as one of the top 10 referrers to stack exchange.",1294116240
33,2065885,comment,2063061.0,2063622.0,0,0,rosenblattj,,,"So my biggest complaint is sorta like the other users. I just don't know what your offering and why it is worth my time to read further, and I am not sure how to find what your offering. Here is what I would recommend from a user perspective.<p>1. A long word for example maybe ""photosensitive"", and break the word in half. The first part being untextured, and the 2nd half being textured with your new layers that come in such handy time saving abilities. Then id put a video (link) right beside it that says, Click here to see how you can do this in 60 seconds. Then on the video landing page, after the video id briefly explain how much detail went into every ""layer/texture"" what ever they are called. And compare how much time it would take for a user to do this himself. Then I would show top sellers(fav products or what ever), and some testimonials from people who have bought from you (who loved the time it saved, and maybe even show of their work with the layers you showed them. Then a browse all products button.<p>I think your product is great, but I find your site is really hard to even tell where to start shopping. I thought the page was about blog post. I kept looking for a shopping button or a place to view all products. Even harder is your add to cart button being in the sidebar and not listed again down at the bottom(or top) of the page. This is a big no no imo. Again these are just my honest thoughts from a UI perspective. Hope this helps. (first post on HN).",1294116224
34,2065884,story,,,2,1,ameyamk,Ask HN: What are web traffic details for hacker news?,,,1294116171
35,2065883,comment,2065604.0,2065604.0,0,0,ck2,,,"Guys, if you do this, just remember that when they use their best friend to hit on you to see if you'll cheat, and how upset that makes you when you find out.<p>Turn-about is fair play if you aren't going to be straight-up about things.",1294116167
36,2065882,story,,,2,2,resdirector,Let Children Vote,http://www.economist.com/node/17797860,,1294116128
37,2065881,story,,,3,0,rafaelc,Pretty unicode tables for the CLI with Node.JS,https://github.com/LearnBoost/cli-table,,1294116113
38,2065880,comment,2065416.0,2065872.0,0,0,j_baker,,,"You know, I'm inclined to agree that one needs to be able to deal with a bit more to get talent.  But no amount of leadership can deal with a drug problem.  That requires action on Roger's part.<p>Besides that, this doesn't sound like the typical ""Employees aren't good unless they follow my every order to the letter and get along great with every single person in the company"" meme that I'm used to hearing.  At least there's an acknowledgement that companies might have to deal with these issues in certain cases.",1294116107
39,2065879,comment,2065604.0,2065721.0,0,0,rflrob,,,"As they say, all's fair in love and war. I've been thinking about what part of it, exactly, is dishonorable, and I'm really not sure.",1294115989
40,2065878,comment,2064060.0,2065338.0,0,0,pyre,,,"<p><pre><code>  > since a single lane is all you need since accidents will\n  > become exceedingly rare.\n</code></pre>\nSo you've got a single-lane highway, packed with cars going 200mph? Accidents will be exceedingly rare? No matter how rare that accidents end up being, they will be national (if not international) news stories just due to the amount of cars/injuries/deaths involved. How many people are willing to hop right back onto a theme-park roller coaster right after one of the cars flew off and killed everyone riding in it? Terrorist attacks on the level of 9/11 are exceedingly rare, but that doesn't stop all kinds of silliness from spawning from it.<p><pre><code>  > Future cars will be much more efficient, and will be electric so\n  > the delivery mechanism will be more efficient as well.\n</code></pre>\nThis is like the assumption that there is no need to spend all kinds of time worrying about alternative fuel sources, because as the price of oil goes up people will just auto-magically develop new and more efficient fuel sources. It's a law of nature, don't-ya-know! Housing prices will <i>always</i> keep rising. The economy will <i>always</i> keep growing. Trends are always positive, never negative. Inflection points are a thing of the past! We've optimized them out of the system. They now only exist in history books.",1294115932
41,2065877,comment,2065664.0,2065664.0,0,0,chrismealy,,,"That is a very good point.<p>How anybody still thinks GS is both 1) brilliant at making money and 2) willing to share the spoils with their sucker clients, I don't know.",1294115909
42,2065876,comment,2065140.0,2065562.0,0,0,redthrowaway,,,"They still only have 4 engineers, and their lead engineer left.  So, that's like 3 engineers and a trainee.  To run a massive site with 120 servers and 830M pageviews/month.<p>Raldi commented on it here: <a href=""http://www.reddit.com/r/announcements/comments/efpn0/reddit_gold_gift_creddits_are_now_for_sale/c17qsmr"" rel=""nofollow"">http://www.reddit.com/r/announcements/comments/efpn0/reddit_...</a><p>Basically, they don't have the human resources right now to go in and fix the code that worked for 100M pageviews and broke at 830M.  They're working on fixing it, but it's a slow process.  Keep in mind, even after its layoffs, Digg still has 10 times as many engineers, with far fewer users.",1294115821
43,2065875,comment,2065571.0,2065806.0,0,0,Athtar,,,I believe it's Baidu actually.,1294115803
44,2065874,comment,2065664.0,2065860.0,0,0,ameyamk,,,"irrespective of anything, the real question is, is facebook overvalued at 50 billion with revenues at 2 billion (and perhaps around 0-100mn profitability)?",1294115783
45,2065873,comment,2065625.0,2065770.0,0,0,positr0n,,,"By mainstream do you mean television and billboards?  Maybe it's just a fluke but I seem to get tons of Google Chrome ads on the internet on youtube, pandora, etc.",1294115709
46,2065872,comment,2065416.0,2065416.0,0,0,keeptrying,,,"All said and done you need your ""bad"" employee more than they need you. Brilliance usually comes at a cost. If you were really a good leader you would have been able to get Rodger some help with his drug problem. And if it had worked he would have repayed you with some amazing work.<p>Stop fucking complaining about ""bad"" employees who make you more money than everyone else on the team. Your job IS to deal with them - so deal with it.<p>Else be happy with the 9-to-5 lifers on you team and shut the fuck up. You'll find that you aren't going to be able todo jack shit with them.<p>I hate people who post shit like this.",1294115705
47,2065871,story,,,96,23,solipsist,The Surprising Usefulness of Sloppy Arithmetic,http://web.mit.edu/newsoffice/2010/fuzzy-logic-0103.html,,1294115696
48,2065870,comment,2064060.0,2064719.0,0,0,erikpukinskis,,,Absolutely. Cars will be the LPs of the 2050's,1294115610
49,2065869,story,,,1,0,durin42,Python Deadlock Avoidance,http://dabeaz.blogspot.com/2009/11/python-thread-deadlock-avoidance_20.html,,1294115531
50,2065868,comment,2063058.0,2065146.0,0,0,visural,,,"Also, the Game Gear played Master System games with a cartridge adaptor (not strictly ""backwards compatibility"" but cool nonetheless)",1294115509
51,2065867,comment,2065314.0,2065787.0,0,0,robg,,,"Can you say which changes?<p>What about something that seems too radical for the model, like energy sources or medical devices? Those lessons could take 3-5 years to become obvious.",1294115457
52,2065866,comment,2065314.0,2065443.0,0,0,tstegart,,,"How low do you think its possible to go in terms of investing? As an experiment, lets say I decided to save up $1000 and try my hand as a venture capitalist. Do you think it could work out, or its pointless to even try because other costs, like administration time etc. would get in the way?",1294115406
53,2065865,comment,2065459.0,2065459.0,0,0,baguasquirrel,,,"You should also read ""Overcoming the Two Cultures"" by Lee & Wallerstein, if you liked this. Kuhn's work is mentioned in the context of the broader conflict between the arts and sciences.",1294115406
54,2065864,comment,2065416.0,2065416.0,0,0,tom_ilsinszki,,,"<i>""[...] if you’re an entrepreneur, generally you don’t like working with a lot of people. That’s what an entrepreneur is.""</i> - Robert Greene on Mixergy",1294115383
55,2065863,comment,2057734.0,2058444.0,0,0,cddbguy,,,"I am that ""CDDB guy"" you refer to. Note that there were a number of us involved, and I can't tell you how far from our minds any of this was. Think what you like, but perhaps a little reading first:<p><a href=""http://link.moonsoft.com/wired.html"" rel=""nofollow"">http://link.moonsoft.com/wired.html</a><p><a href=""http://www.wired.com/entertainment/music/commentary/listeningpost/2006/11/72105?currentPage=all"" rel=""nofollow"">http://www.wired.com/entertainment/music/commentary/listenin...</a><p>And yes, most lawyers are sociopaths :), but they are a necessary evil sometimes.",1294115366
56,2065862,comment,2063798.0,2065137.0,0,0,tokenadult,,,"That statement might mean, ""The Securities Exchange Act of 1934 as amended,"" because laws are often named by their original date of enactment, but amended subsequently.",1294115324
57,2065861,comment,2064060.0,2065041.0,0,0,erikpukinskis,,,"Android is also an acquisition, FWIW.",1294115292
58,2065860,comment,2065664.0,2065664.0,0,0,tptacek,,,"This comment makes an obvious point, in furtherance of the ""vampire squid"" narrative about GS, that has already been made more eloquently by HN commenters. What's so special about it? Is this someone famous commenting about it?",1294115245
59,2065859,comment,2065140.0,2065284.0,0,0,ry0ohki,,,Let's hope not.,1294115188
60,2065858,comment,2063798.0,2064864.0,0,0,cschneid,,,"Please be aware that this is blatantly false.  The bank can only loan out less than the amount they have on hand (after subtracting the reserve percentage).<p>What happens is that you loan the money, it gets spent, and ends up in your deposits again.  THEN, you are effectively counting a dollar as:  ""Owe $ to original depositor, Get $ from person taking the loan, Owe $ to new depositor"".  Adding up to 1 dollar.  Except when reporting dollars on deposit, you say 2.<p>Individual banks don't ""create"" money.  But as a quirk of lending and taking deposits, the banking system creates money, at least on the books.",1294115188
61,2065857,comment,2064518.0,2065123.0,0,0,samlevine,,,"Forums, message boards, IRC, etc. ;)",1294115184
62,2065855,comment,2065448.0,2065452.0,0,0,rmah,,,"The Sumerians had the abacus (2700BC), the Greeks, the Romans, the Chinese, etc, etc, etc.  Why credit it to this Gerbert guy?<p>Reference: <a href=""http://en.wikipedia.org/wiki/Abacus"" rel=""nofollow"">http://en.wikipedia.org/wiki/Abacus</a>",1294115167
63,2065854,story,,,39,3,tedjdziuba,Ask HN: Does Y Combinator participate in A and beyond rounds?,,"I have always been curious if YCombinator participates in Series A rounds to keep their pro-rata, or do they eat the dilution? Any YC founders willing to say?",1294115122
64,2065853,comment,2065459.0,2065851.0,0,0,robg,,,"Even as my sarcasm meter is ringing: Kuhn got there first, so he'll linger. Everyone else is stuck trying to determine what it all means.",1294115069
65,2065852,comment,2065140.0,2065635.0,0,0,redthrowaway,,,"This is my go-to answer to anyone who complains about pun threads and whatnot.  If you're running into that stuff, you're on the wrong subreddits.  My discussions there are perfectly enjoyable since removing r/atheism, r/pics, r/reddit.com, etc.",1294115014
66,2065851,comment,2065459.0,2065459.0,0,0,highfreq,,,Isn't Kuhn's theory just part of an outdated meta-scientific paradigm?,1294114970
67,2065850,comment,2064060.0,2064820.0,0,0,erikpukinskis,,,"I think this is an extremely intelligent concern, and I agree with you that we should be moving away from cars.<p>I'm not sure what the repercussions of the self driving car will be though.  SDC's, along with robotics, will eliminate the need to drive to the grocery store, or any store at all. And telecommunications surely will be pushing back against the need for central offices.<p>My hope is that SDCs will allow us to form more human-scale communities outside of the city, where we can live largely on foot, with local necessities (restaurants, bars, parks) within walking distance.  All the crap that clogs up our cities and forces us to drive (stores, mostly) will be distributed to a network of warehouses that we will never visit.<p>We may take cabs more often from place to place, but I think overall SDCs could help us drive less.<p>It's all wild speculation at this point, but I think it's very interesting to see what will happen.",1294114960
68,2065849,comment,2065718.0,2065718.0,0,0,th0ma5,,,"I've tweeted over APRS, and vice versa, you can find some such tweets with the tag #aprs",1294114958
69,2065848,comment,2065482.0,2065482.0,0,0,ZipCordManiac,,,"Groupon messed up, with all the Groupon clones popping up, I really think they will be kicking themselves in the ass a few years down the road.",1294114956
70,2065847,comment,2065416.0,2065713.0,0,0,trustfundbaby,,,"I feel your pain, that was me a couple of years ago ... moving on was one of the best things I've ever done.",1294114942
71,2065846,comment,2058006.0,2060223.0,0,0,ergo98,,,"Says some boring internet goblin that has almost certainly never touched an Android device, much less in any real world situation. You're another bore with your tired talking points pushing forward the iPhone religion.<p>Get a grip.",1294114928
72,2065845,comment,2065140.0,2065355.0,0,0,redthrowaway,,,"Same.  Given that HN was originally supposed to be <i>part</i> of Reddit, that's not surprising.",1294114909
73,2065844,comment,2065140.0,2065351.0,0,0,mikeryan,,,"That shows a huge spike in traffic in late August and Sept, right around the launch of the digg redesign, unlike Quantcast and Compete ;-)",1294114899
74,2065843,comment,2062855.0,2063064.0,0,0,fanf2,,,A good email blacklist (such as the Spamhaus Zen list) will detect 90% of spam with no false positives and negligible load.<p>There is a lot of evidence that there are not many botnets and each one has little diversity of control. This observation does not generalize to other kinds of spam such as 419s.,1294114875
75,2065842,comment,2065447.0,2065829.0,0,0,sgmurphy,,,Thanks. I'll keep you in mind :),1294114821
76,2065841,comment,2065024.0,2065024.0,0,0,paulsmith,,,"The lazy programmer way would be to recognize there's already one up there, it's just been deliberately buried. Kickstarter a digging project in the Clavius area.",1294114812
77,2065840,story,,,1,0,th0ma5,Intel Releases Sandy Bridge Early,http://arstechnica.com/business/news/2011/01/intel-just-cant-wait-for-january-5-launches-sandy-bridge-early.ars,,1294114806
78,2065839,comment,2065447.0,2065561.0,0,0,bgraves,,,"I realize it's a bit off topic, but could you give a quick run-down on your experience with Q and J -- and particularly your perception on the potential job market?",1294114778
79,2065838,comment,2065314.0,2065373.0,0,0,tedjdziuba,,,Well you're only making 10% using YC as your filter.,1294114749
80,2065837,comment,2065447.0,2065823.0,0,0,bgraves,,,FWIW - I would prefer a weekly digest of jobs. I'm not specifically interested in functional programming jobs (although my interest is piqued) but that would be my preference in general.,1294114692
81,2065836,comment,2064518.0,2065754.0,0,0,baguasquirrel,,,"I did miss the requirement that GS would have to sell their position immediately to be a textbook moneymaker. And that does confirm Josh's frustration that there's people here with a rather casual understanding of the financial lingua. ;-)<p>Still, my assumption was that GS thinks it can make enough from potential deals to cover whatever risk there is that FB is not worth $50 billion.",1294114682
82,2065835,comment,2065571.0,2065571.0,0,0,noahc,,,"First of all.  What are your goals?<p>Is this play money or is this real money that you'll need down the road?<p>If it's play money, then invest in whatever you want.  I've had really good luck by buying stocks of consumer goods that  for some reason or another I feel a weird attraction too.  Coach, Ford, Verizon, etc.<p>If it's real money.  Put it in a low-fee mutual fund like something vanguard has with a target date fund.",1294114639
83,2065834,story,,,2,0,tokenadult,Three Good Things,http://open.salon.com/blog/zella/2009/02/21/three_good_things,,1294114625
84,2065833,comment,2065447.0,2065561.0,0,0,sgmurphy,,,Thanks for the positive feedback! I'm really interested in giving <i>all</i> functional programming languages as much exposure as I can.,1294114622
85,2065832,story,,,2,0,dhgsime,CEO Brian Witlin On ShopWell & Their Data Driven Business Model ,http://www.foodandtechconnect.com/site/2011/01/ceo-brian-witlin-on-shopwell-their-data-driven-business-model/,,1294114619
86,2065831,story,,,2,0,dhgsime,CEO Brian Witlin On ShopWell & Their Data Driven Business Model ,http://www.foodandtechconnect.com/site/2011/01/ceo-brian-witlin-on-shopwell-their-data-driven-business-model/,,1294114619
87,2065830,story,,,1,0,Uncle_Sam,Midnight Commander - 4.7.5 (Whats new),http://www.midnight-commander.org/wiki/NEWS-4.7.5,,1294114615
88,2065829,comment,2065447.0,2065816.0,0,0,bgraves,,,"Well, it looks awesome. I just spent a few minutes checking out ""job board software"" and there seems to be a few competitors in this space (which is a good thing, imo).<p>Good luck on the venture -- there seems to be a positive response on HN. I've had an idea brewing in my head for a similar venture and certainly would be interested in licensing your app for the right price ;)",1294114585
89,2065828,story,,,146,98,albertsun,I Paid a Bribe,http://www.ipaidabribe.com/,,1294114566
90,2065827,comment,2064030.0,2064030.0,0,0,Luyt,,,"The whole 'Reverse Engineering the 6502' talk Michael Steil gave at CCC congress is on YouTube. I posted this earlier in a separate topic, but it didn't pick up.<p>Clickable links to the 6 parts:<p><a href=""http://www.youtube.com/watch?v=HW9AWBFH1sA"" rel=""nofollow"">http://www.youtube.com/watch?v=HW9AWBFH1sA</a><p><a href=""http://www.youtube.com/watch?v=bBE4KHKzhKc"" rel=""nofollow"">http://www.youtube.com/watch?v=bBE4KHKzhKc</a><p><a href=""http://www.youtube.com/watch?v=tRBo7O_blVo"" rel=""nofollow"">http://www.youtube.com/watch?v=tRBo7O_blVo</a><p><a href=""http://www.youtube.com/watch?v=H_15RtVbqGU"" rel=""nofollow"">http://www.youtube.com/watch?v=H_15RtVbqGU</a><p><a href=""http://www.youtube.com/watch?v=N9DYmlprCKA"" rel=""nofollow"">http://www.youtube.com/watch?v=N9DYmlprCKA</a><p><a href=""http://www.youtube.com/watch?v=eZOUuqc4pk8"" rel=""nofollow"">http://www.youtube.com/watch?v=eZOUuqc4pk8</a>",1294114526
91,2065826,comment,2062855.0,2064094.0,0,0,fanf2,,,"If you get any false positives, then it isn't anywhere near right.",1294114443
92,2065825,comment,2065314.0,2065671.0,0,0,tedjdziuba,,,"Ever read ""Just So Stories""? :-)",1294114431
93,2065824,story,,,3,1,bgraves,Lessons Learned from Shutting Down My Second Startup,http://socialstrategist.com/2010/12/04/lessons-learned-from-shutting-down-my-second-startup/,,1294114364
94,2065823,comment,2065447.0,2065618.0,0,0,sgmurphy,,,"I'm working on email subscriptions now. Hopefully they will be ready before the official launch. Either way, soon.<p>BTW, would you prefer daily digest, weekly digest, or other?",1294114361
95,2065822,comment,2064691.0,2065317.0,0,0,chadaustin,,,Citation? I'd love to hear more about that.,1294114336
96,2065820,comment,2065604.0,2065733.0,0,0,rhizome,,,"It sounds more like Elijah Wood's character in ""Eternal Sunshine of the Spotless Mind.""",1294114243
97,2065819,comment,2065604.0,2065604.0,0,0,shadowmatter,,,"This is similar to the Sybil attack in peer-to-peer networking. From <a href=""http://en.wikipedia.org/wiki/Sybil_attack"" rel=""nofollow"">http://en.wikipedia.org/wiki/Sybil_attack</a>: ""A Sybil attack is one in which an attacker subverts the reputation system of a peer-to-peer network by creating a large number of pseudonymous entities, using them to gain a disproportionately large influence.""",1294114216
98,2065818,story,,,1,0,dmix,Anon is DDOSing Tunisian government sites over censorship of riots,http://178.162.148.144/?p=press&a=item&i=135,,1294114186
99,2065817,comment,2065776.0,2065776.0,0,0,frankydp,,,www.mixergy.com,1294114177
100,2065816,comment,2065447.0,2065703.0,0,0,sgmurphy,,,"It's all custom. The thought has crossed my mind, that if the site doesn't work out I could try selling the job board software.",1294114176
101,2065815,comment,2064691.0,2065645.0,0,0,ahiker,,,"South Korea has very advanced wireless infrastructure. Yet, most people access internet through cable.",1294114101
102,2065814,comment,2064060.0,2064364.0,0,0,inboulder,,,"Can you point out the way in which the ""Google Wave Bots & Gadgets"" had meaningful elements of AI?",1294114085
103,2065813,comment,2064827.0,2064827.0,0,0,stephenou,,,It will give you maximum profit if you charge both a base price for each month and certain amount for each user.,1294114062
104,2065812,comment,2062752.0,2063389.0,0,0,mcherm,,,"Wow, that version is FAR more informative than the nytimes version!",1294114053
105,2065811,comment,2062228.0,2062228.0,0,0,cvinson,,,"I was just about to post on 37 Signals job board; we're looking for both freelance and full time rails developers.  Our company makes CMS tools for entertainment markets.  We've been around for 7 years, are stable and profitable.  If you're still in the market, email me!",1294114031
106,2065810,comment,2064618.0,2065470.0,0,0,pjscott,,,"They're trying to use more of the uranium in the fuel, by extracting left-over U-235 and bred Pu-239 to use as fuel again. The U-238 can also be used in breeder reactors, once we get those going. It's recycling! Sort of.",1294114027
107,2065809,comment,2065314.0,2065377.0,0,0,vibhavs,,,I wonder what areas are outside of that sweet spot. Hardware and enterprise software are a couple that immediately come to mind.,1294114011
108,2065808,story,,,1,0,lotusleaf1987,J&J Unit to Develop Blood Test to Find Cancer Cells,http://www.dailyfinance.com/story/company-news/jandj-unit-to-develop-blood-test-to-find-cancer-cells/19784225/,,1294113922
109,2065807,comment,2065416.0,2065416.0,0,0,naner,,,I'm supposed to take this guy seriously with a lead-in like that? I can't wait for his article on common misconceptions of social propriety among the technically proficient.,1294113909
110,2065806,comment,2065571.0,2065571.0,0,0,jeffepp,,,Bidu - Chinese google.,1294113877
111,2065805,comment,2061026.0,2064039.0,0,0,kragen,,,"> There's nothing intrinsic here which prevents a sale [of kragen's marriage or breathing] from happening. It's just vanishingly improbable that I could offer terms you'd accept.<p>I think you just failed the Turing Test. No actual human could seriously think that a marriage or breathing could be transferred intact from one person to another. Still, you're clearly an impressive feat of engineering!",1294113840
112,2065803,story,,,2,0,wooby,Reversible Computation,http://strangepaths.com/reversible-computation/2008/01/20/en/,,1294113763
113,2065802,comment,2064884.0,2064884.0,0,0,stephenou,,,It will be fantastic if it can read my Instapaper articles. I think it can be totally possible since Marco Arment is launching his full-access API this month.,1294113744
114,2065801,story,,,1,0,barredo,New iTunes Features Aim To Outdo DVD,http://paidcontent.org/article/419-new-itunes-features-aim-to-outdo-dvd/#,,1294113693
115,2065800,comment,2064884.0,2065439.0,0,0,do,,,We are currently looking at the smartphone app approach. The phone approach was easier prototype which is why we started there.,1294113678
116,2065799,story,,,15,0,ryanjmo,AppRats Hacks Facebook to Give YouTube Celebrities a Presence,http://voices.allthingsd.com/20110103/apprats-can-make-you-huge-on-youtube-it-hopes/,,1294113635
117,2065798,comment,2065256.0,2065256.0,0,0,huxley,,,Gravity.,1294113617
