,col0,col1,col2,col3,col4,col5,col6
0,-Alberto-,33354,Cardcaptor Sakura: Clear Card-hen,0,5,1,Low
1,-Alberto-,34382,Citrus,0,5,1,Low
2,-Alberto-,36049,Dagashi Kashi 2,0,4,1,Low
3,-Alberto-,35849,Darling in the FranXX,0,4,1,Low
4,-Alberto-,34497,Death March kara Hajimaru Isekai Kyousoukyoku,0,5,1,Low
5,-Alberto-,30694,Dragon Ball Super,0,126,1,Low
6,-Alberto-,37033,Emiya-san Chi no Kyou no Gohan,0,2,1,Low
7,-Alberto-,33047,Fate/Extra: Last Encore,0,2,1,Low
8,-Alberto-,36144,Garo: Vanishing Line,0,17,1,Low
9,-Alberto-,35889,Hakata Tonkotsu Ramens,0,5,1,Low
10,-Alberto-,36094,Hakumei to Mikochi,0,5,1,Low
11,-Alberto-,36124,Itou Junji: Collection,0,5,1,Low
12,-Alberto-,35860,Karakai Jouzu no Takagi-san,0,5,1,Low
13,-Alberto-,34984,Koi wa Ameagari no You ni,0,5,1,Low
14,-Alberto-,36548,Kokkoku,0,5,1,Low
15,-Alberto-,35062,Mahoutsukai no Yome,0,17,1,Low
16,-Alberto-,35997,Märchen Mädchen,0,4,1,Low
17,-Alberto-,35828,Miira no Kaikata,0,5,1,Low
18,-Alberto-,35078,Mitsuboshi Colors,0,11,1,Low
19,-Alberto-,36847,Nanatsu no Bitoku,0,3,1,Low
20,-Alberto-,34577,Nanatsu no Taizai: Imashime no Fukkatsu,0,4,1,Low
21,-Alberto-,35073,Overlord II,0,5,1,Low
22,-Alberto-,34034,Pokemon Sun & Moon,0,61,1,Low
23,-Alberto-,35330,Poputepipikku,0,5,1,Low
24,-Alberto-,35298,Ramen Daisuki Koizumi-san,0,6,1,Low
25,-Alberto-,26123,Seitokai Yakuindomo* OVA,8,7,1,Low
26,-Alberto-,35540,Slow Start,0,5,1,Low
27,-Alberto-,35839,Sora yori mo Tooi Basho,0,6,1,Low
28,-Alberto-,36108,Takunomi.,0,4,1,Low
29,-Alberto-,33352,Violet Evergarden,0,5,1,Low
30,-Alberto-,34798,Yuru Camp△,0,6,1,Low
31,-Alberto-,32998,91 Days,8,12,2,None
32,-Alberto-,25397,Absolute Duo,5,12,2,Low
33,-Alberto-,33337,ACCA: 13-ku Kansatsu-ka,7,12,2,Low
34,-Alberto-,11759,Accel World,9,24,2,Low
35,-Alberto-,13939,Accel World EX,9,2,2,Low
36,-Alberto-,13859,Accel World: Acchel World.,6,8,2,Low
37,-Alberto-,31763,Accel World: Infinite∞Burst,7,1,2,Low
38,-Alberto-,12291,Acchi Kocchi (TV),7,12,2,Low
39,-Alberto-,16273,Acchi Kocchi (TV): Place=Princess,7,1,2,Low
40,-Alberto-,31790,Active Raid: Kidou Kyoushuushitsu Dai Hachi Gakari,5,12,2,Low
41,-Alberto-,32301,Active Raid: Kidou Kyoushuushitsu Dai Hachi Gakari 2nd,5,12,2,None
42,-Alberto-,31580,Ajin,8,13,2,Low
43,-Alberto-,33253,Ajin 2nd Season,9,13,2,Low
44,-Alberto-,30868,Ajin Part 1: Shoudou,9,1,2,Low
45,-Alberto-,30123,Akagami no Shirayuki-hime,8,12,2,Low
46,-Alberto-,31173,Akagami no Shirayuki-hime 2nd Season,8,12,2,Low
47,-Alberto-,22199,Akame ga Kill!,8,24,2,Low
48,-Alberto-,25013,Akatsuki no Yona,8,24,2,Low
49,-Alberto-,29513,Aki no Kanade,8,1,2,Low
50,-Alberto-,19429,Akuma no Riddle,7,12,2,Low
51,-Alberto-,22729,Aldnoah.Zero,9,12,2,Low
52,-Alberto-,27655,Aldnoah.Zero 2nd Season,9,12,2,Low
53,-Alberto-,32828,Amaama to Inazuma,9,12,2,None
54,-Alberto-,22147,Amagi Brilliant Park,8,13,2,Low
55,-Alberto-,31771,Amanchu!,7,12,2,None
56,-Alberto-,24531,Ane Log: Moyako Neesan no Tomaranai Monologue,5,3,2,Low
57,-Alberto-,6547,Angel Beats!,9,13,2,Low
58,-Alberto-,9062,Angel Beats! Specials,9,2,2,Low
59,-Alberto-,10067,Angel Beats!: Another Epilogue,9,1,2,Low
60,-Alberto-,31080,Anne Happy♪,7,12,2,Low
61,-Alberto-,9989,Ano Hi Mita Hana no Namae wo Bokutachi wa Mada Shiranai.,9,11,2,Low
62,-Alberto-,15039,Ano Hi Mita Hana no Namae wo Bokutachi wa Mada Shiranai. Movie,9,1,2,Low
63,-Alberto-,11111,Another,8,12,2,Low
64,-Alberto-,11701,Another: The Other - Inga,8,1,2,Low
65,-Alberto-,24833,Ansatsu Kyoushitsu,6,22,2,Low
66,-Alberto-,30654,Ansatsu Kyoushitsu 2nd Season,7,25,2,Low
67,-Alberto-,21995,Ao Haru Ride,8,12,2,Low
68,-Alberto-,24151,Ao Haru Ride OVA,8,2,2,Low
69,-Alberto-,9919,Ao no Exorcist,8,25,2,Low
70,-Alberto-,11737,Ao no Exorcist Movie,8,1,2,Low
71,-Alberto-,11266,Ao no Exorcist: Kuro no Iede,8,1,2,Low
72,-Alberto-,33506,Ao no Exorcist: Kyoto Fujouou-hen,7,12,2,Low
73,-Alberto-,30205,Aoharu x Kikanjuu,7,12,2,Low
74,-Alberto-,18893,Aoki Hagane no Arpeggio: Ars Nova,8,12,2,Low
75,-Alberto-,24921,Aoki Hagane no Arpeggio: Ars Nova Cadenza,8,1,2,Low
76,-Alberto-,24919,Aoki Hagane no Arpeggio: Ars Nova DC,7,1,2,Low
77,-Alberto-,16518,Arata Kangatari,7,12,2,Low
78,-Alberto-,12967,Arcana Famiglia,6,12,2,Low
79,-Alberto-,15411,Arcana Famiglia: Capriccio - stile Arcana Famiglia,6,1,2,Low
80,-Alberto-,28249,Arslan Senki (TV),8,25,2,Low
81,-Alberto-,31821,Arslan Senki (TV): Fuujin Ranbu,8,8,2,None
82,-Alberto-,4999,Asu no Yoichi!,6,12,2,Low
83,-Alberto-,33371,Atom: The Beginning,8,12,2,Low
84,-Alberto-,14669,Aura: Maryuuin Kouga Saigo no Tatakai,8,1,2,Low
85,-Alberto-,7817,B-gata H-kei,6,12,2,Low
86,-Alberto-,21185,Baby Steps,8,25,2,Low
87,-Alberto-,27663,Baby Steps 2nd Season,8,25,2,Low
88,-Alberto-,6347,Baka to Test to Shoukanjuu,9,13,2,Low
89,-Alberto-,8516,Baka to Test to Shoukanjuu Ni!,9,13,2,Low
90,-Alberto-,9471,Baka to Test to Shoukanjuu: Matsuri,9,2,2,Low
91,-Alberto-,5081,Bakemonogatari,9,15,2,Low
92,-Alberto-,30795,Bakuon!!,5,12,2,Low
93,-Alberto-,31883,Bakuon!! OVA,5,2,2,Low
94,-Alberto-,288,Bakuten Shoot Beyblade,10,51,2,Low
95,-Alberto-,1669,Bakuten Shoot Beyblade 2002,10,51,2,Low
96,-Alberto-,1668,Bakuten Shoot Beyblade G Revolution,10,52,2,Low
97,-Alberto-,34636,Ballroom e Youkoso,8,24,2,Low
98,-Alberto-,22789,Barakamon,9,12,2,Low
99,-Alberto-,9513,Beelzebub,9,60,2,Low
100,-Alberto-,9120,Beelzebub: Hirotta Akachan wa Daimaou!?,9,1,2,Low
101,-Alberto-,10396,Ben-To,8,12,2,Low
102,-Alberto-,32379,Berserk,8,12,2,None
103,-Alberto-,34055,Berserk 2nd Season,8,12,2,Low
104,-Alberto-,30137,Big Order,6,1,2,Low
105,-Alberto-,31904,Big Order (TV),7,10,2,Low
106,-Alberto-,30782,Bikini Warriors,4,12,2,Low
107,-Alberto-,13535,Binbougami ga!,8,13,2,Low
108,-Alberto-,530,Bishoujo Senshi Sailor Moon,7,46,2,Low
109,-Alberto-,740,Bishoujo Senshi Sailor Moon R,7,43,2,Low
110,-Alberto-,531,Bishoujo Senshi Sailor Moon R: The Movie,7,1,2,Low
111,-Alberto-,532,Bishoujo Senshi Sailor Moon S,7,38,2,Low
112,-Alberto-,32906,Bishoujo Yuugi Unit Crane Game Girls,4,13,2,Low
113,-Alberto-,20787,Black Bullet,8,13,2,Low
114,-Alberto-,7059,Black★Rock Shooter (OVA),7,1,2,Low
115,-Alberto-,11285,Black★Rock Shooter (TV),7,8,2,Low
116,-Alberto-,22547,Blade & Soul,6,13,2,Low
117,-Alberto-,18767,BlazBlue: Alter Memory,6,12,2,Low
118,-Alberto-,34618,Blend S,7,12,2,Low
119,-Alberto-,11633,Blood Lad,7,10,2,Low
120,-Alberto-,18441,Blood Lad: Wagahai wa Neko de wa Nai,7,1,2,Low
121,-Alberto-,31043,Boku dake ga Inai Machi,10,12,2,Low
122,-Alberto-,31964,Boku no Hero Academia,9,13,2,Low
123,-Alberto-,33486,Boku no Hero Academia 2nd Season,8,25,2,Low
124,-Alberto-,10719,Boku wa Tomodachi ga Sukunai,7,12,2,Low
125,-Alberto-,10897,Boku wa Tomodachi ga Sukunai Episode 0,7,1,2,Low
126,-Alberto-,14967,Boku wa Tomodachi ga Sukunai Next,7,12,2,Low
127,-Alberto-,14027,Boku wa Tomodachi ga Sukunai: Relay Shousetsu wa Ketsumatsu ga Hanpanai,7,1,2,Low
128,-Alberto-,21405,Bokura wa Minna Kawai-sou,8,12,2,Low
129,-Alberto-,357,Bokusatsu Tenshi Dokuro-chan,5,4,2,Low
130,-Alberto-,2131,Bokusatsu Tenshi Dokuro-chan 2,5,2,2,Low
131,-Alberto-,22433,Break Blade,8,12,2,Low
132,-Alberto-,33080,Brotherhood: Final Fantasy XV,6,5,2,None
133,-Alberto-,14345,Btooom!,8,12,2,Low
134,-Alberto-,32023,Bubuki Buranki,5,12,2,Low
135,-Alberto-,33041,Bubuki Buranki: Hoshi no Kyojin,7,12,2,Low
136,-Alberto-,21437,Buddy Complex,8,13,2,Low
137,-Alberto-,24469,Buddy Complex: Kanketsu-hen - Ano Sora ni Kaeru Mirai de,8,2,2,Low
138,-Alberto-,31478,Bungou Stray Dogs,8,12,2,Low
139,-Alberto-,32867,Bungou Stray Dogs 2nd Season,8,12,2,Low
140,-Alberto-,14237,Busou Shinki,5,12,2,Low
141,-Alberto-,16614,Busou Shinki OVA,5,1,2,Low
142,-Alberto-,33475,Busou Shoujo Machiavellianism,6,12,2,Low
143,-Alberto-,1689,Byousoku 5 Centimeter,9,3,2,Low
144,-Alberto-,12293,Campione!: Matsurowanu Kamigami to Kamigoroshi no Maou,6,13,2,Low
145,-Alberto-,21677,Captain Earth,6,25,2,Low
146,-Alberto-,4981,Casshern Sins,8,24,2,Low
147,-Alberto-,34525,Centaur no Nayami,7,12,2,Low
148,-Alberto-,30091,Chaos Dragon: Sekiryuu Seneki,6,12,2,Low
149,-Alberto-,28999,Charlotte,7,13,2,Low
150,-Alberto-,16157,Choujigen Game Neptune The Animation,5,12,2,Low
151,-Alberto-,20479,Choujigen Game Neptune The Animation: Yakusoku no Eien - True End,5,1,2,Low
152,-Alberto-,60,Chrno Crusade,10,24,2,Low
153,-Alberto-,14741,Chuunibyou demo Koi ga Shitai!,7,12,2,Low
154,-Alberto-,18671,Chuunibyou demo Koi ga Shitai! Ren,7,12,2,Low
155,-Alberto-,16934,Chuunibyou demo Koi ga Shitai!: Kirameki no... Slapstick Noel,7,1,2,Low
156,-Alberto-,2167,Clannad,9,23,2,Low
157,-Alberto-,1723,Clannad Movie,8,1,2,Low
158,-Alberto-,4181,Clannad: After Story,10,24,2,Low
159,-Alberto-,6351,"Clannad: After Story - Mou Hitotsu no Sekai, Kyou-hen",8,1,2,Low
160,-Alberto-,4059,"Clannad: Mou Hitotsu no Sekai, Tomoyo-hen",8,1,2,Low
161,-Alberto-,30383,Classroom☆Crisis,7,13,2,Low
162,-Alberto-,1575,Code Geass: Hangyaku no Lelouch,10,25,2,Low
163,-Alberto-,2904,Code Geass: Hangyaku no Lelouch R2,10,25,2,Low
164,-Alberto-,11703,Code:Breaker,7,13,2,Low
165,-Alberto-,31318,Comet Lucifer,6,12,2,Low
166,-Alberto-,31147,Concrete Revolutio: Choujin Gensou,7,13,2,Low
167,-Alberto-,32313,Concrete Revolutio: Choujin Gensou - The Last Song,8,11,2,Low
168,-Alberto-,9479,Coppelion,7,13,2,Low
169,-Alberto-,25731,Cross Ange: Tenshi to Ryuu no Rondo,8,25,2,Low
170,-Alberto-,20031,D-Frag!,9,12,2,Low
171,-Alberto-,23383,D-Frag!*,9,1,2,Low
172,-Alberto-,31636,Dagashi Kashi,7,12,2,Low
173,-Alberto-,17827,Daitoshokan no Hitsujikai,5,12,2,Low
174,-Alberto-,12549,"Dakara Boku wa, H ga Dekinai.",6,12,2,Low
175,-Alberto-,14893,"Dakara Boku wa, H ga Dekinai.: Mie Sugi! Mizugi Contest",6,1,2,Low
176,-Alberto-,6747,Dance in the Vampire Bund,7,12,2,Low
177,-Alberto-,30127,Danchigai,5,12,2,Low
178,-Alberto-,32189,Danganronpa 3: The End of Kibougamine Gakuen - Mirai-hen,7,12,2,None
179,-Alberto-,33028,Danganronpa 3: The End of Kibougamine Gakuen - Zetsubou-hen,7,11,2,None
180,-Alberto-,16592,Danganronpa: Kibou no Gakuen to Zetsubou no Koukousei The Animation,7,13,2,Low
181,-Alberto-,26349,Danna ga Nani wo Itteiru ka Wakaranai Ken,9,13,2,Low
182,-Alberto-,29067,Danna ga Nani wo Itteiru ka Wakaranai Ken 2 Sure-me,9,13,2,Low
183,-Alberto-,15583,Date A Live,6,12,2,Low
184,-Alberto-,19163,Date A Live II,6,10,2,Low
185,-Alberto-,24655,Date A Live Movie: Mayuri Judgment,7,1,2,Low
186,-Alberto-,17641,Date A Live: Date to Date,6,1,2,Low
187,-Alberto-,6880,Deadman Wonderland,8,12,2,Low
188,-Alberto-,10418,Deadman Wonderland: Akai Knife Tsukai,8,1,2,Low
189,-Alberto-,1535,Death Note,10,37,2,Low
190,-Alberto-,28223,Death Parade,9,12,2,Low
191,-Alberto-,33988,Demi-chan wa Kataritai,10,12,2,Low
192,-Alberto-,24031,Denki-gai no Honya-san,7,12,2,Low
193,-Alberto-,29589,Denpa Kyoushi,6,24,2,Low
194,-Alberto-,9379,Denpa Onna to Seishun Otoko,6,12,2,Low
195,-Alberto-,1726,Devil May Cry,7,12,2,Low
196,-Alberto-,552,Digimon Adventure,10,54,2,Low
197,-Alberto-,1313,Digimon Adventure 02,10,50,2,Low
198,-Alberto-,2962,Digimon Adventure 02 Movies,10,2,2,Low
199,-Alberto-,2398,Digimon Adventure 02: Diablomon no Gyakushuu,10,1,2,Low
200,-Alberto-,2961,Digimon Adventure Movie,10,1,2,Low
201,-Alberto-,25687,Digimon Adventure tri. 1: Saikai,10,1,2,Low
202,-Alberto-,32108,Digimon Adventure tri. 2: Ketsui,10,1,2,Low
203,-Alberto-,32551,Digimon Adventure tri. 3: Kokuhaku,10,1,2,Low
204,-Alberto-,34299,Digimon Adventure tri. 4: Soushitsu,10,1,2,Low
205,-Alberto-,2397,Digimon Adventure: Bokura no War Game!,10,1,2,Low
206,-Alberto-,1132,Digimon Frontier,10,50,2,Low
207,-Alberto-,3031,Digimon Frontier: Ornismon Fukkatsu!!,10,1,2,Low
208,-Alberto-,874,Digimon Tamers,10,51,2,Low
209,-Alberto-,3032,Digimon Tamers: Boukensha-tachi no Tatakai,10,1,2,Low
210,-Alberto-,3033,Digimon Tamers: Bousou Digimon Tokkyuu,10,1,2,Low
211,-Alberto-,31163,Dimension W,8,12,2,Low
212,-Alberto-,31710,Divine Gate,7,12,2,Low
213,-Alberto-,10155,Dog Days,8,13,2,Low
214,-Alberto-,11783,Dog Days',8,13,2,Low
215,-Alberto-,16385,Dog Days'',8,12,2,Low
216,-Alberto-,21743,Donten ni Warau,8,12,2,Low
217,-Alberto-,223,Dragon Ball,10,153,2,Low
218,-Alberto-,225,Dragon Ball GT,10,64,2,Low
219,-Alberto-,813,Dragon Ball Z,10,291,2,Low
220,-Alberto-,14837,Dragon Ball Z Movie 14: Kami to Kami,7,1,2,Low
221,-Alberto-,25389,"Dragon Ball Z Movie 15: Fukkatsu no ""F""",8,1,2,Low
222,-Alberto-,9330,Dragon Crisis!,7,12,2,Low
223,-Alberto-,23333,DRAMAtical Murder,5,12,2,Low
224,-Alberto-,28121,Dungeon ni Deai wo Motomeru no wa Machigatteiru Darou ka,8,13,2,Low
225,-Alberto-,32887,Dungeon ni Deai wo Motomeru no wa Machigatteiru Darou ka Gaiden: Sword Oratoria,5,12,2,Low
226,-Alberto-,226,Elfen Lied,8,13,2,Low
227,-Alberto-,376,"Elfen Lied: Tooriame nite Arui wa, Shoujo wa Ikani Shite Sono Shinjou ni Itatta ka? - Regenschauer",8,1,2,Low
228,-Alberto-,32608,Endride,6,24,2,Low
229,-Alberto-,32901,Eromanga-sensei,8,12,2,Low
230,-Alberto-,28221,Etotama,7,12,2,Low
231,-Alberto-,2759,Evangelion: 1.0 You Are (Not) Alone,10,1,2,Low
232,-Alberto-,3784,Evangelion: 2.0 You Can (Not) Advance,10,1,2,Low
233,-Alberto-,3785,Evangelion: 3.0 You Can (Not) Redo,10,1,2,Low
234,-Alberto-,34662,Fate/Apocrypha,7,25,2,Low
235,-Alberto-,34321,Fate/Grand Order: First Order,7,1,2,Low
236,-Alberto-,14829,Fate/kaleid liner Prisma☆Illya,7,10,2,Low
237,-Alberto-,27525,Fate/kaleid liner Prisma☆Illya 2wei Herz!,7,10,2,Low
238,-Alberto-,20509,Fate/kaleid liner Prisma☆Illya 2wei!,7,10,2,Low
239,-Alberto-,31706,Fate/kaleid liner Prisma☆Illya 3rei!!,7,12,2,None
240,-Alberto-,356,Fate/stay night,8,24,2,Low
241,-Alberto-,6922,Fate/stay night Movie: Unlimited Blade Works,8,1,2,Low
242,-Alberto-,22297,Fate/stay night: Unlimited Blade Works,9,12,2,Low
243,-Alberto-,28701,Fate/stay night: Unlimited Blade Works 2nd Season,9,13,2,Low
244,-Alberto-,10087,Fate/Zero,9,13,2,Low
245,-Alberto-,11741,Fate/Zero 2nd Season,9,12,2,Low
246,-Alberto-,227,FLCL,9,6,2,Low
247,-Alberto-,32979,Flip Flappers,8,13,2,Low
248,-Alberto-,31376,Flying Witch,7,12,2,Low
249,-Alberto-,34427,Frame Arms Girl,5,12,2,Low
250,-Alberto-,9367,Freezing,7,12,2,Low
251,-Alberto-,18001,Freezing Vibration,7,12,2,Low
252,-Alberto-,32696,Fukigen na Mononokean,8,13,2,None
253,-Alberto-,71,Full Metal Panic!,8,24,2,Low
254,-Alberto-,73,Full Metal Panic! The Second Raid,8,13,2,Low
255,-Alberto-,6291,Full Metal Panic! The Second Raid Episode 000,8,1,2,Low
256,-Alberto-,1015,Full Metal Panic! The Second Raid: Wari to Hima na Sentaichou no Ichinichi,8,1,2,Low
257,-Alberto-,72,Full Metal Panic? Fumoffu,9,12,2,Low
258,-Alberto-,121,Fullmetal Alchemist,10,51,2,Low
259,-Alberto-,5114,Fullmetal Alchemist: Brotherhood,10,64,2,Low
260,-Alberto-,430,Fullmetal Alchemist: The Conqueror of Shamballa,10,1,2,Low
261,-Alberto-,32948,Fune wo Amu,9,11,2,Low
262,-Alberto-,22189,Futsuu no Joshikousei ga [Locodol] Yattemita.,7,12,2,Low
263,-Alberto-,25719,"Futsuu no Joshikousei ga [Locodol] Yattemita.: Nagarekawa, Annai Shitemita.",7,1,2,Low
264,-Alberto-,33743,Fuuka,7,12,2,Low
265,-Alberto-,33731,Gabriel DropOut,7,12,2,Low
266,-Alberto-,24765,Gakkougurashi!,8,12,2,Low
267,-Alberto-,30544,Gakusen Toshi Asterisk,6,12,2,Low
268,-Alberto-,31737,Gakusen Toshi Asterisk 2nd Season,6,12,2,Low
269,-Alberto-,19367,Galilei Donna,5,11,2,Low
270,-Alberto-,34280,Gamers!,9,12,2,Low
271,-Alberto-,25183,Gangsta.,8,12,2,Low
272,-Alberto-,28537,Garo: Guren no Tsuki,3,23,2,Low
273,-Alberto-,23311,Garo: Honoo no Kokuin,8,24,2,Low
274,-Alberto-,18229,Gatchaman Crowds,7,12,2,Low
275,-Alberto-,21039,Gatchaman Crowds Insight,8,12,2,Low
276,-Alberto-,28907,"Gate: Jieitai Kanochi nite, Kaku Tatakaeri",9,12,2,Low
277,-Alberto-,31637,"Gate: Jieitai Kanochi nite, Kaku Tatakaeri 2nd Season",9,12,2,Low
278,-Alberto-,23289,Gekkan Shoujo Nozaki-kun,8,12,2,Low
279,-Alberto-,17651,Genei wo Kakeru Taiyou,6,13,2,Low
280,-Alberto-,240,Genshiken,8,12,2,Low
281,-Alberto-,2508,Genshiken 2,8,12,2,Low
282,-Alberto-,18465,Genshiken Nidaime,8,13,2,Low
283,-Alberto-,1813,Genshiken OVA,8,3,2,Low
284,-Alberto-,34213,Getsuyoubi no Tawawa,6,12,2,Low
285,-Alberto-,29325,Ghost in the Shell: Arise - Alternative Architecture,9,10,2,Low
286,-Alberto-,32607,Gi(a)rlish Number,6,12,2,Low
287,-Alberto-,1441,Ginga Tetsudou no Yoru,7,1,2,Low
288,-Alberto-,24855,Girlfriend (Kari),5,12,2,Low
289,-Alberto-,25907,Glass no Hana to Kowasu Sekai,7,1,2,Low
290,-Alberto-,23079,Glasslip,4,13,2,Low
291,-Alberto-,21267,Go! Go! 575,4,4,2,Low
292,-Alberto-,21273,Gochuumon wa Usagi Desu ka?,8,12,2,Low
293,-Alberto-,29787,Gochuumon wa Usagi Desu ka??,8,12,2,Low
294,-Alberto-,27631,God Eater,8,13,2,Low
295,-Alberto-,21431,Gokukoku no Brynhildr,7,13,2,Low
296,-Alberto-,17895,Golden Time,8,24,2,Low
297,-Alberto-,8425,Gosick,9,24,2,Low
298,-Alberto-,17729,Grisaia no Kajitsu,8,13,2,Low
299,-Alberto-,29095,Grisaia no Rakuen,8,10,2,Low
300,-Alberto-,10793,Guilty Crown,8,22,2,Low
301,-Alberto-,12419,Guilty Crown Kiseki: Reassortment,8,1,2,Low
302,-Alberto-,13411,Guilty Crown: Lost Christmas,8,1,2,Low
303,-Alberto-,28791,Gunslinger Stratos: The Animation,5,12,2,Low
304,-Alberto-,31630,"Gyakuten Saiban: Sono ""Shinjitsu"", Igi Ari!",6,24,2,Low
305,-Alberto-,30721,Hacka Doll The Animation,8,13,2,Low
306,-Alberto-,13161,Hagure Yuusha no Aesthetica,7,12,2,Low
307,-Alberto-,31859,Hai to Gensou no Grimgar,8,12,2,Low
308,-Alberto-,11785,Haiyore! Nyaruko-san,6,12,2,Low
309,-Alberto-,26023,Haiyore! Nyaruko-san F,6,1,2,Low
310,-Alberto-,15699,Haiyore! Nyaruko-san W,6,12,2,Low
311,-Alberto-,23619,Haiyore! Nyaruko-san W OVA,6,1,2,Low
312,-Alberto-,34403,Hajimete no Gal,6,10,2,Low
313,-Alberto-,20689,Hamatora The Animation,8,12,2,Low
314,-Alberto-,21855,Hanamonogatari,9,5,2,Low
315,-Alberto-,21681,Hanayamata,8,12,2,Low
316,-Alberto-,32981,Hand Shakers,4,12,2,Low
317,-Alberto-,32648,Handa-kun,5,12,2,None
318,-Alberto-,28211,Harmony,7,1,2,Low
319,-Alberto-,30895,HaruChika: Haruta to Chika wa Seishun suru,6,12,2,Low
320,-Alberto-,15809,Hataraku Maou-sama!,8,13,2,Low
321,-Alberto-,2026,Hayate no Gotoku!,9,52,2,Low
322,-Alberto-,14653,Hayate no Gotoku! Can't Take My Eyes Off You,9,12,2,Low
323,-Alberto-,16982,Hayate no Gotoku! Cuties,9,12,2,Low
324,-Alberto-,9958,Hayate no Gotoku! Heaven Is a Place on Earth,9,1,2,Low
325,-Alberto-,4192,Hayate no Gotoku!!,9,25,2,Low
326,-Alberto-,5521,Hayate no Gotoku!!: Atsu ga Natsuize - Mizugi-hen!,9,1,2,Low
327,-Alberto-,27829,Heavy Object,7,24,2,Low
328,-Alberto-,270,Hellsing,9,13,2,Low
329,-Alberto-,777,Hellsing Ultimate,10,10,2,Low
330,-Alberto-,15225,Hentai Ouji to Warawanai Neko.,7,12,2,Low
331,-Alberto-,27989,Hibike! Euphonium,7,13,2,Low
332,-Alberto-,31988,Hibike! Euphonium 2,8,13,2,Low
333,-Alberto-,8630,Hidan no Aria,7,12,2,Low
334,-Alberto-,28883,Hidan no Aria AA,6,12,2,Low
335,-Alberto-,10604,Hidan no Aria Special,7,1,2,Low
336,-Alberto-,11617,High School DxD,7,12,2,Low
337,-Alberto-,24703,High School DxD BorN,8,12,2,Low
338,-Alberto-,15451,High School DxD New,7,12,2,Low
339,-Alberto-,12729,High School DxD OVA,7,2,2,Low
340,-Alberto-,13357,High School DxD Specials,7,6,2,Low
341,-Alberto-,31500,High School Fleet,4,12,2,Low
342,-Alberto-,8074,Highschool of the Dead,9,12,2,Low
343,-Alberto-,9515,Highschool of the Dead: Drifters of the Dead,9,1,2,Low
344,-Alberto-,22835,Himegoto,1,13,2,Low
345,-Alberto-,28825,Himouto! Umaru-chan,6,12,2,Low
346,-Alberto-,35376,Himouto! Umaru-chan R,6,12,2,Low
347,-Alberto-,34834,Hina Logi: From Luck & Logic,6,12,2,Low
348,-Alberto-,33948,Hinako Note,7,12,2,Low
349,-Alberto-,33421,Hitori no Shita: The Outcast,7,12,2,None
350,-Alberto-,20853,Hitsugi no Chaika,8,12,2,Low
351,-Alberto-,24231,Hitsugi no Chaika: Avenging Battle,8,10,2,Low
352,-Alberto-,20431,Hoozuki no Reitetsu,7,13,2,Low
353,-Alberto-,35075,Hoozuki no Reitetsu 2nd Season,7,13,2,Low
354,-Alberto-,24471,Hoozuki no Reitetsu OVA,7,3,2,Low
355,-Alberto-,10079,Hoshizora e Kakaru Hashi,5,12,2,Low
356,-Alberto-,11161,Hoshizora e Kakaru Hashi: Kakaru ka? Gakuensai ni Koi no Hashi,5,1,2,Low
357,-Alberto-,17919,Houkago no Pleiades (TV),5,12,2,Low
358,-Alberto-,35557,Houseki no Kuni,8,12,2,Low
359,-Alberto-,31338,Hundred,6,12,2,Low
360,-Alberto-,25689,Hyakka Ryouran: Samurai After,6,2,2,Low
361,-Alberto-,15377,Hyakka Ryouran: Samurai Bride,6,12,2,Low
362,-Alberto-,8277,Hyakka Ryouran: Samurai Girls,6,12,2,Low
363,-Alberto-,7088,Ichiban Ushiro no Daimaou,7,12,2,Low
364,-Alberto-,35413,Imouto sae Ireba Ii.,7,12,2,Low
365,-Alberto-,25159,Inou-Battle wa Nichijou-kei no Naka de,7,12,2,Low
366,-Alberto-,17831,Inu to Hasami wa Tsukaiyou,6,12,2,Low
367,-Alberto-,22123,Inugami-san to Nekoyama-san,5,12,2,Low
368,-Alberto-,34542,Inuyashiki,8,11,2,Low
369,-Alberto-,9041,IS: Infinite Stratos,7,12,2,Low
370,-Alberto-,18247,IS: Infinite Stratos 2,7,12,2,Low
371,-Alberto-,10794,IS: Infinite Stratos Encore - Koi ni Kogareru Rokujuusou,7,1,2,Low
372,-Alberto-,34012,Isekai Shokudou,7,12,2,Low
373,-Alberto-,21327,Isshuukan Friends.,8,12,2,Low
374,-Alberto-,25429,Isuca,3,10,2,Low
375,-Alberto-,14765,Ixion Saga DT,8,25,2,Low
376,-Alberto-,29785,Jitsu wa Watashi wa,6,13,2,Low
377,-Alberto-,14719,JoJo no Kimyou na Bouken (TV),10,26,2,Low
378,-Alberto-,31933,JoJo no Kimyou na Bouken: Diamond wa Kudakenai,10,39,2,Low
379,-Alberto-,20899,JoJo no Kimyou na Bouken: Stardust Crusaders,10,24,2,Low
380,-Alberto-,26055,JoJo no Kimyou na Bouken: Stardust Crusaders 2nd Season,10,24,2,Low
381,-Alberto-,31405,Joker Game,7,12,2,Low
382,-Alberto-,12413,Jormungand,8,12,2,Low
383,-Alberto-,13331,Jormungand: Perfect Order,8,12,2,Low
384,-Alberto-,28387,Joukamachi no Dandelion,7,12,2,Low
385,-Alberto-,26441,Junketsu no Maria,8,12,2,Low
386,-Alberto-,35639,Just Because!,7,12,2,Low
387,-Alberto-,35076,Juuni Taisen,7,12,2,Low
388,-Alberto-,14467,K,8,13,2,Low
389,-Alberto-,16904,K: Missing Kings,8,1,2,Low
390,-Alberto-,27991,K: Return of Kings,8,13,2,Low
391,-Alberto-,34933,Kakegurui,7,12,2,Low
392,-Alberto-,427,Kaleido Star,10,51,2,Low
393,-Alberto-,428,Kaleido Star: Aratanaru Tsubasa - Extra Stage,10,1,2,Low
394,-Alberto-,8525,Kami nomi zo Shiru Sekai,9,12,2,Low
395,-Alberto-,10080,Kami nomi zo Shiru Sekai II,9,12,2,Low
396,-Alberto-,10805,Kami nomi zo Shiru Sekai: 4-nin to Idol,9,1,2,Low
397,-Alberto-,9675,Kami nomi zo Shiru Sekai: Flag 0,9,1,2,Low
398,-Alberto-,16706,Kami nomi zo Shiru Sekai: Megami-hen,9,12,2,Low
399,-Alberto-,15117,Kami nomi zo Shiru Sekai: Tenri-hen,9,2,2,Low
400,-Alberto-,16009,Kamisama no Inai Nichiyoubi,8,12,2,Low
401,-Alberto-,19685,Kanojo ga Flag wo Oraretara,5,13,2,Low
402,-Alberto-,32491,Kanojo to Kanojo no Neko: Everything Flows,8,4,2,Low
403,-Alberto-,3503,Kanokon,6,12,2,Low
404,-Alberto-,6791,Kanokon: Manatsu no Dai Shanikusai,6,2,2,Low
405,-Alberto-,1530,Kanon (2006),8,24,2,Low
406,-Alberto-,21511,Kantai Collection: KanColle,6,12,2,Low
407,-Alberto-,27503,Karen Senki,4,11,2,Low
408,-Alberto-,33018,Katsugeki/Touken Ranbu,7,13,2,Low
409,-Alberto-,1691,Kaze no Stigma,8,24,2,Low
410,-Alberto-,6205,Kämpfer,6,12,2,Low
411,-Alberto-,10076,Kämpfer für die Liebe,6,2,2,Low
412,-Alberto-,32686,Keijo!!!!!!!!,7,12,2,Low
413,-Alberto-,24439,Kekkai Sensen,9,12,2,Low
414,-Alberto-,34451,Kekkai Sensen & Beyond,8,12,2,Low
415,-Alberto-,21809,Kenzen Robo Daimidaler,4,12,2,Low
416,-Alberto-,18679,Kill la Kill,9,24,2,Low
417,-Alberto-,21659,Kill la Kill Specials,9,1,2,Low
418,-Alberto-,32281,Kimi no Na wa.,10,1,2,Low
419,-Alberto-,22535,Kiseijuu: Sei no Kakuritsu,9,24,2,Low
420,-Alberto-,5042,Kiss x Sis,7,12,2,Low
421,-Alberto-,7593,Kiss x Sis (TV),7,12,2,Low
422,-Alberto-,31798,Kiznaiver,8,12,2,Low
423,-Alberto-,9260,Kizumonogatari I: Tekketsu-hen,9,1,2,Low
424,-Alberto-,31757,Kizumonogatari II: Nekketsu-hen,9,1,2,Low
425,-Alberto-,31758,Kizumonogatari III: Reiketsu-hen,9,1,2,Low
426,-Alberto-,34104,Knight's & Magic,7,13,2,Low
427,-Alberto-,33206,Kobayashi-san Chi no Maid Dragon,9,13,2,Low
428,-Alberto-,28851,Koe no Katachi,10,1,2,Low
429,-Alberto-,12175,Koi to Senkyo to Chocolate,7,12,2,Low
430,-Alberto-,18045,Koi to Senkyo to Chocolate: Koi Imouto!,7,1,2,Low
431,-Alberto-,34934,Koi to Uso,7,12,2,Low
432,-Alberto-,31091,Komori-san wa Kotowarenai!,5,12,2,Low
433,-Alberto-,31952,Kono Bijutsubu ni wa Mondai ga Aru!,8,12,2,None
434,-Alberto-,13367,"Kono Naka ni Hitori, Imouto ga Iru!",6,12,2,Low
435,-Alberto-,30831,Kono Subarashii Sekai ni Shukufuku wo!,9,10,2,Low
436,-Alberto-,32937,Kono Subarashii Sekai ni Shukufuku wo! 2,9,10,2,Low
437,-Alberto-,35241,Konohana Kitan,6,12,2,Low
438,-Alberto-,8841,Kore wa Zombie Desu ka?,9,12,2,Low
439,-Alberto-,10790,Kore wa Zombie Desu ka? of the Dead,9,10,2,Low
440,-Alberto-,15437,"Kore wa Zombie Desu ka? of the Dead: Hai, Minotake ni Attemasu",9,1,2,Low
441,-Alberto-,10209,Kore wa Zombie Desu ka? OVA,9,2,2,Low
442,-Alberto-,16782,Kotonoha no Niwa,10,1,2,Low
443,-Alberto-,24629,Koufuku Graffiti,3,12,2,Low
444,-Alberto-,32214,Koukaku no Pandora,7,12,2,Low
445,-Alberto-,28623,Koutetsujou no Kabaneri,9,12,2,Low
446,-Alberto-,30948,Kowabon,6,13,2,Low
447,-Alberto-,32268,Koyomimonogatari,8,12,2,Low
448,-Alberto-,34712,Kujira no Kora wa Sajou ni Utau,7,12,2,Low
449,-Alberto-,31804,Kuma Miko,6,12,2,Low
450,-Alberto-,32245,Kuromukuro,8,26,2,Low
451,-Alberto-,25283,Kuusen Madoushi Kouhosei no Kyoukan,5,12,2,Low
452,-Alberto-,32949,Kuzu no Honkai,7,12,2,Low
453,-Alberto-,18153,Kyoukai no Kanata,7,12,2,Low
454,-Alberto-,25015,Kyoukai no Kanata Movie 1: I'll Be Here - Kako-hen,7,1,2,Low
455,-Alberto-,23385,Kyoukai no Kanata: Shinonome,7,1,2,Low
456,-Alberto-,28423,Kyoukai no Rinne,5,25,2,Low
457,-Alberto-,7148,Ladies versus Butlers!,6,12,2,Low
458,-Alberto-,24011,Lance N' Masques,6,12,2,Low
459,-Alberto-,13655,Little Busters!,8,26,2,Low
460,-Alberto-,20517,Little Busters!: EX,9,8,2,Low
461,-Alberto-,18195,Little Busters!: Refrain,9,13,2,Low
462,-Alberto-,17643,Little Busters!: Sekai no Saitou wa Ore ga Mamoru!,8,1,2,Low
463,-Alberto-,33489,Little Witch Academia (TV),7,25,2,Low
464,-Alberto-,17265,Log Horizon,9,25,2,Low
465,-Alberto-,23321,Log Horizon 2nd Season,9,25,2,Low
466,-Alberto-,15051,Love Live! School Idol Project,8,13,2,Low
467,-Alberto-,19111,Love Live! School Idol Project 2nd Season,8,13,2,Low
468,-Alberto-,32526,Love Live! Sunshine!!,7,13,2,None
469,-Alberto-,34973,Love Live! Sunshine!! 2nd Season,7,13,2,Low
470,-Alberto-,24997,Love Live! The School Idol Movie,8,1,2,Low
471,-Alberto-,32083,Luck & Logic,6,12,2,Low
472,-Alberto-,1887,Lucky☆Star,8,24,2,Low
473,-Alberto-,4472,Lucky☆Star: Original na Visual to Animation,8,1,2,Low
474,-Alberto-,27947,Lupin III (2015),9,24,2,Low
475,-Alberto-,23133,M3: Sono Kuroki Hagane,7,24,2,Low
476,-Alberto-,17247,Machine-Doll wa Kizutsukanai,7,12,2,Low
477,-Alberto-,28013,Macross Δ,8,26,2,Low
478,-Alberto-,24455,Madan no Ou to Vanadis,7,13,2,Low
479,-Alberto-,34599,Made in Abyss,10,13,2,Low
480,-Alberto-,17725,Magical☆Star Kanon 100%,7,1,2,Low
481,-Alberto-,19769,Mahou Sensou,5,12,2,Low
482,-Alberto-,33003,Mahou Shoujo Ikusei Keikaku,7,12,2,Low
483,-Alberto-,9756,Mahou Shoujo Madoka★Magica,9,12,2,Low
484,-Alberto-,11977,Mahou Shoujo Madoka★Magica Movie 1: Hajimari no Monogatari,9,1,2,Low
485,-Alberto-,11979,Mahou Shoujo Madoka★Magica Movie 2: Eien no Monogatari,9,1,2,Low
486,-Alberto-,11981,Mahou Shoujo Madoka★Magica Movie 3: Hangyaku no Monogatari,10,1,2,Low
487,-Alberto-,31793,Mahou Shoujo Nante Mou Ii Desukara.,4,12,2,Low
488,-Alberto-,20785,Mahouka Koukou no Rettousei,7,26,2,Low
489,-Alberto-,32902,Mahoutsukai no Yome: Hoshi Matsu Hito,9,3,2,Low
490,-Alberto-,10213,Maji de Watashi ni Koi Shinasai!,5,12,2,Low
491,-Alberto-,23945,Majimoji Rurumo,5,12,2,Low
492,-Alberto-,9936,Maken-Ki!,3,12,2,Low
493,-Alberto-,11209,Maken-Ki! OVA,3,2,2,Low
494,-Alberto-,15565,Maken-Ki! Two,3,10,2,Low
495,-Alberto-,21863,Mangaka-san to Assistant-san to The Animation,7,12,2,Low
496,-Alberto-,24475,Mangaka-san to Assistant-san to The Animation Specials,7,8,2,Low
497,-Alberto-,14833,Maoyuu Maou Yuusha,8,12,2,Low
498,-Alberto-,33487,Masamune-kun no Revenge,5,12,2,Low
499,-Alberto-,31845,Masou Gakuen HxH,5,12,2,None
500,-Alberto-,10721,Mawaru Penguindrum,8,24,2,Low
501,-Alberto-,10110,Mayo Chiki!,7,13,2,Low
502,-Alberto-,32438,Mayoiga,4,12,2,Low
503,-Alberto-,11761,Medaka Box,8,12,2,Low
504,-Alberto-,14527,Medaka Box Abnormal,8,12,2,Low
505,-Alberto-,1138,Medarot,10,52,2,Low
506,-Alberto-,4052,Medarot Damashii,10,39,2,Low
507,-Alberto-,21603,Mekakucity Actors,8,12,2,Low
508,-Alberto-,28817,Mikagura Gakuen Kumikyoku (TV),5,12,2,Low
509,-Alberto-,20541,Mikakunin de Shinkoukei,8,12,2,Low
510,-Alberto-,23227,Mikakunin de Shinkoukei: Kamoniku tte Midori-ppoi Aji ga Suru no ne.,8,1,2,Low
511,-Alberto-,22071,Mikakunin de Shinkoukei: Mite. Are ga Watashitachi no Tomatteiru Ryokan yo.,8,1,2,Low
512,-Alberto-,10620,Mirai Nikki,8,26,2,Low
513,-Alberto-,8460,Mirai Nikki OVA,8,1,2,Low
514,-Alberto-,16762,Mirai Nikki: Redial,8,1,2,Low
515,-Alberto-,20033,Miss Monochrome: The Animation,6,13,2,Low
516,-Alberto-,28179,Miss Monochrome: The Animation - Manager,6,1,2,Low
517,-Alberto-,24713,Miss Monochrome: The Animation - Soccer-hen,6,1,2,Low
518,-Alberto-,30384,Miss Monochrome: The Animation 2,6,13,2,Low
519,-Alberto-,31560,Miss Monochrome: The Animation 3,6,13,2,Low
520,-Alberto-,8424,MM!,7,12,2,Low
521,-Alberto-,9581,MM! Specials,7,9,2,Low
522,-Alberto-,32182,Mob Psycho 100,9,12,2,None
523,-Alberto-,90,Mobile Suit Gundam Wing,10,49,2,Low
524,-Alberto-,22225,Momo Kyun Sword,3,12,2,Low
525,-Alberto-,30014,Momokuri,7,26,2,None
526,-Alberto-,15315,Mondaiji-tachi ga Isekai kara Kuru Sou Desu yo?,8,10,2,Low
527,-Alberto-,16444,Mondaiji-tachi ga Isekai kara Kuru Sou Desu yo?: Onsen Manyuuki,8,1,2,Low
528,-Alberto-,17074,Monogatari Series: Second Season,9,26,2,Low
529,-Alberto-,30307,Monster Musume no Iru Nichijou,8,12,2,Low
530,-Alberto-,9181,Motto To LOVE-Ru,7,12,2,Low
531,-Alberto-,31442,Musaigen no Phantom World,5,13,2,Low
532,-Alberto-,11021,Muv-Luv Alternative: Total Eclipse,7,24,2,Low
533,-Alberto-,26351,Nagato Yuki-chan no Shoushitsu,5,16,2,Low
534,-Alberto-,16067,Nagi no Asu kara,9,26,2,Low
535,-Alberto-,23755,Nanatsu no Taizai,8,24,2,Low
536,-Alberto-,12467,Nazo no Kanojo X,7,13,2,Low
537,-Alberto-,13093,Nazo no Kanojo X: Nazo no Natsu Matsuri,7,1,2,Low
538,-Alberto-,31764,Nejimaki Seirei Senki: Tenkyou no Alderamin,8,13,2,None
539,-Alberto-,15689,Nekomonogatari: Kuro,9,4,2,Low
540,-Alberto-,30,Neon Genesis Evangelion,10,26,2,Low
541,-Alberto-,31,Neon Genesis Evangelion: Death & Rebirth,10,1,2,Low
542,-Alberto-,32,Neon Genesis Evangelion: The End of Evangelion,10,1,2,Low
543,-Alberto-,36038,Net-juu no Susume,8,10,2,Low
544,-Alberto-,31404,Netoge no Yome wa Onnanoko ja Nai to Omotta?,7,12,2,Low
545,-Alberto-,34383,Netsuzou TRap,5,12,2,Low
546,-Alberto-,31953,New Game!,7,12,2,None
547,-Alberto-,34914,New Game!!,7,12,2,Low
548,-Alberto-,23605,Ninja Slayer From Animation,6,26,2,Low
549,-Alberto-,18897,Nisekoi,7,20,2,Low
550,-Alberto-,24227,Nisekoi OVA,7,3,2,Low
551,-Alberto-,27787,Nisekoi:,7,12,2,Low
552,-Alberto-,11597,Nisemonogatari,9,11,2,Low
553,-Alberto-,19815,No Game No Life,9,12,2,Low
554,-Alberto-,24991,No Game No Life Specials,9,6,2,Low
555,-Alberto-,24135,Nobunaga Concerto,8,10,2,Low
556,-Alberto-,21177,Nobunaga the Fool,7,24,2,Low
557,-Alberto-,19855,Nobunagun,7,13,2,Low
558,-Alberto-,20507,Noragami,9,12,2,Low
559,-Alberto-,30503,Noragami Aragoto,8,13,2,Low
560,-Alberto-,30885,Noragami Aragoto OVA,8,2,2,Low
561,-Alberto-,20767,Noragami OVA,9,2,2,Low
562,-Alberto-,18095,Nourin,8,12,2,Low
563,-Alberto-,32962,Occultic;Nine,8,12,2,Low
564,-Alberto-,11933,Oda Nobuna no Yabou,8,12,2,Low
565,-Alberto-,31848,Ojisan to Marshmallow,5,12,2,Low
566,-Alberto-,28819,Okusama ga Seitokaichou!,6,12,2,Low
567,-Alberto-,32603,Okusama ga Seitokaichou!+!,6,12,2,Low
568,-Alberto-,31980,Okusama ga Seitokaichou!: Seitokaichou to Ofuro Asobi,6,1,2,Low
569,-Alberto-,6324,Omamori Himari,6,12,2,Low
570,-Alberto-,30276,One Punch Man,8,12,2,Low
571,-Alberto-,31704,One Punch Man: Road to Hero,8,1,2,Low
572,-Alberto-,20931,Oneechan ga Kita,5,12,2,Low
573,-Alberto-,29511,Ongaku Shoujo,6,1,2,Low
574,-Alberto-,32606,Onigiri,2,13,2,Low
575,-Alberto-,14199,Oniichan dakedo Ai sae Areba Kankeinai yo ne!,5,12,2,Low
576,-Alberto-,12355,Ookami Kodomo no Ame to Yuki,10,1,2,Low
577,-Alberto-,23673,Ookami Shoujo to Kuro Ouji,6,12,2,Low
578,-Alberto-,2966,Ookami to Koushinryou,10,13,2,Low
579,-Alberto-,5341,Ookami to Koushinryou II,10,12,2,Low
580,-Alberto-,6007,Ookami to Koushinryou II: Ookami to Kohakuiro no Yuuutsu,10,1,2,Low
581,-Alberto-,7769,Ookami-san to Shichinin no Nakama-tachi,7,12,2,Low
582,-Alberto-,31621,Ooyasan wa Shishunki!,5,12,2,Low
583,-Alberto-,32729,Orange,6,13,2,None
584,-Alberto-,25099,"Ore ga Ojousama Gakkou ni ""Shomin Sample"" Toshite Gets♥Sareta Ken",8,12,2,Low
585,-Alberto-,28297,Ore Monogatari!!,8,24,2,Low
586,-Alberto-,8769,Ore no Imouto ga Konnani Kawaii Wake ga Nai,7,12,2,Low
587,-Alberto-,10020,Ore no Imouto ga Konnani Kawaii Wake ga Nai Specials,8,4,2,Low
588,-Alberto-,13659,Ore no Imouto ga Konnani Kawaii Wake ga Nai.,7,13,2,Low
589,-Alberto-,18857,Ore no Imouto ga Konnani Kawaii Wake ga Nai. Specials,7,3,2,Low
590,-Alberto-,14749,Ore no Kanojo to Osananajimi ga Shuraba Sugiru,7,13,2,Low
591,-Alberto-,19221,"Ore no Nounai Sentakushi ga, Gakuen Love Comedy wo Zenryoku de Jama Shiteiru",6,10,2,Low
592,-Alberto-,20939,"Ore no Nounai Sentakushi ga, Gakuen Love Comedy wo Zenryoku de Jama Shiteiru OVA",7,1,2,Low
593,-Alberto-,24705,"Ore, Twintail ni Narimasu.",5,12,2,Low
594,-Alberto-,35484,Osake wa Fuufu ni Natte kara,5,13,2,Low
595,-Alberto-,32013,Oshiete! Galko-chan,7,12,2,Low
596,-Alberto-,19369,Outbreak Company,6,12,2,Low
597,-Alberto-,29803,Overlord,9,13,2,Low
598,-Alberto-,26243,Owari no Seraph,9,12,2,Low
599,-Alberto-,28927,Owari no Seraph: Nagoya Kessen-hen,9,12,2,Low
600,-Alberto-,31181,Owarimonogatari,9,12,2,Low
601,-Alberto-,35247,Owarimonogatari 2nd Season,8,7,2,Low
602,-Alberto-,31498,Pan de Peace!,4,13,2,Low
603,-Alberto-,11179,Papa no Iukoto wo Kikinasai!,9,12,2,Low
604,-Alberto-,17875,Papa no Iukoto wo Kikinasai! OVA,9,2,2,Low
605,-Alberto-,12673,Papa no Iukoto wo Kikinasai!: Pokkapoka,9,1,2,Low
606,-Alberto-,21473,Persona 3 the Movie 2: Midsummer Knight's Dream,7,1,2,Low
607,-Alberto-,24543,Persona 3 the Movie 3: Falling Down,7,1,2,Low
608,-Alberto-,31223,Phantasy Star Online 2 The Animation,6,12,2,Low
609,-Alberto-,33091,Planetarian: Chiisana Hoshi no Yume,8,5,2,None
610,-Alberto-,27775,Plastic Memories,7,13,2,Low
611,-Alberto-,527,Pokemon,8,276,2,Low
612,-Alberto-,1564,Pokemon Advanced Generation,8,192,2,Low
613,-Alberto-,1526,Pokemon Advanced Generation: Mew to Hadou no Yuusha Lucario,8,1,2,Low
614,-Alberto-,1121,Pokemon Advanced Generation: Nanayo no Negaiboshi Jirachi,8,1,2,Low
615,-Alberto-,2201,Pokemon Advanced Generation: Pokemon Ranger to Umi no Ouji Manaphy,8,1,2,Low
616,-Alberto-,1122,Pokemon Advanced Generation: Rekkuu no Houmonsha Deoxys,8,1,2,Low
617,-Alberto-,1525,Pokemon Crystal: Raikou Ikazuchi no Densetsu,7,1,2,Low
618,-Alberto-,6178,Pokemon Diamond & Pearl: Arceus Choukoku no Jikuu e,8,1,2,Low
619,-Alberto-,2847,Pokemon Diamond & Pearl: Dialga vs. Palkia vs. Darkrai,8,1,2,Low
620,-Alberto-,7695,Pokemon Diamond & Pearl: Genei no Hasha Zoroark,8,1,2,Low
621,-Alberto-,4026,Pokemon Diamond & Pearl: Giratina to Sora no Hanataba Sheimi,8,1,2,Low
622,-Alberto-,31231,Pokemon the Movie XY&Z: Volcanion to Karakuri no Magearna,7,1,2,Low
623,-Alberto-,19291,Pokemon XY,8,93,2,Low
624,-Alberto-,21695,Pokemon XY SP: Road to Kalos,8,1,2,Low
625,-Alberto-,31592,Pokemon XY&Z,9,47,2,Low
626,-Alberto-,21569,Pokemon XY: Hakai no Mayu to Diancie,7,1,2,Low
627,-Alberto-,23301,Pokemon XY: Mega Evolution,9,4,2,Low
628,-Alberto-,1119,Pokemon: Celebi Toki wo Koeta Deai,8,1,2,Low
629,-Alberto-,1118,Pokemon: Kesshoutou no Teiou Entei,8,1,2,Low
630,-Alberto-,1117,Pokemon: Maboroshi no Pokemon Lugia Bakutan,8,1,2,Low
631,-Alberto-,528,Pokemon: Mewtwo no Gyakushuu,8,1,2,Low
632,-Alberto-,1120,Pokemon: Mizu no Miyako no Mamorigami Latias to Latios,8,1,2,Low
633,-Alberto-,5526,Pokemon: Pikachu no Natsuyasumi,8,1,2,Low
634,-Alberto-,1527,Pokemon: Senritsu no Mirage Pokemon,8,1,2,Low
635,-Alberto-,20159,Pokemon: The Origin,9,4,2,Low
636,-Alberto-,35240,Princess Principal,8,12,2,Low
637,-Alberto-,30240,Prison School,8,12,2,Low
638,-Alberto-,13601,Psycho-Pass,9,22,2,Low
639,-Alberto-,23281,Psycho-Pass 2,9,11,2,Low
640,-Alberto-,21339,Psycho-Pass Movie,9,1,2,Low
641,-Alberto-,28617,Punch Line,7,12,2,Low
642,-Alberto-,19315,Pupa,3,12,2,Low
643,-Alberto-,32360,Qualidea Code,6,12,2,None
644,-Alberto-,10611,R-15,6,12,2,Low
645,-Alberto-,10933,R-15 OVA,6,1,2,Low
646,-Alberto-,23309,Rail Wars!,7,12,2,Low
647,-Alberto-,30296,Rakudai Kishi no Cavalry,8,12,2,Low
648,-Alberto-,13391,Rakuen Tsuihou,8,1,2,Low
649,-Alberto-,28619,Ranpo Kitan: Game of Laplace,6,11,2,Low
650,-Alberto-,25859,Re-Kan!,6,13,2,Low
651,-Alberto-,23421,Re:␣Hamatora,8,12,2,Low
652,-Alberto-,34561,Re:Creators,8,22,2,Low
653,-Alberto-,31240,Re:Zero kara Hajimeru Isekai Seikatsu,10,25,2,Low
654,-Alberto-,32094,Reikenzan: Hoshikuzu-tachi no Utage,7,12,2,Low
655,-Alberto-,32262,Renai Boukun,7,12,2,Low
656,-Alberto-,31716,Rewrite,4,13,2,None
657,-Alberto-,13599,Robotics;Notes,8,22,2,Low
658,-Alberto-,28497,Rokka no Yuusha,9,12,2,Low
659,-Alberto-,32951,Rokudenashi Majutsu Koushi to Akashic Records,6,12,2,Low
660,-Alberto-,22865,Rokujouma no Shinryakusha!?,6,12,2,Low
661,-Alberto-,25867,Rolling☆Girls,7,12,2,Low
662,-Alberto-,2993,Rosario to Vampire,4,13,2,Low
663,-Alberto-,4214,Rosario to Vampire Capu2,4,13,2,Low
664,-Alberto-,64,Rozen Maiden,8,12,2,Low
665,-Alberto-,18041,Rozen Maiden (2013),8,13,2,Low
666,-Alberto-,1719,Rozen Maiden: Ouvertüre,8,2,2,Low
667,-Alberto-,65,Rozen Maiden: Träumend,8,12,2,Low
668,-Alberto-,32950,RS Keikaku: Rebirth Storage,5,1,2,None
669,-Alberto-,45,Rurouni Kenshin: Meiji Kenkaku Romantan,10,94,2,Low
670,-Alberto-,401,Rurouni Kenshin: Meiji Kenkaku Romantan - Seisou-hen,10,2,2,Low
671,-Alberto-,44,Rurouni Kenshin: Meiji Kenkaku Romantan - Tsuioku-hen,10,4,2,Low
672,-Alberto-,21561,Ryuugajou Nanana no Maizoukin,8,11,2,Low
673,-Alberto-,20709,Sabage-bu!,8,12,2,Low
674,-Alberto-,25647,Sabage-bu! Specials,8,6,2,Low
675,-Alberto-,23277,Saenai Heroine no Sodatekata,8,12,2,Low
676,-Alberto-,30727,Saenai Heroine no Sodatekata ♭,8,11,2,Low
677,-Alberto-,30749,Saijaku Muhai no Bahamut,5,12,2,Low
678,-Alberto-,17777,"Saikin, Imouto no Yousu ga Chotto Okashiinda ga.",5,12,2,Low
679,-Alberto-,21679,"Saikin, Imouto no Yousu ga Chotto Okashiinda ga. OVA",5,1,2,Low
680,-Alberto-,28215,Saint Seiya: Soul of Gold,9,13,2,Low
681,-Alberto-,32542,Sakamoto Desu ga?,7,12,2,Low
682,-Alberto-,12477,Sakasama no Patema,10,1,2,Low
683,-Alberto-,34494,Sakura Quest,6,25,2,Low
684,-Alberto-,20047,Sakura Trick,7,12,2,Low
685,-Alberto-,34102,Sakurada Reset,6,24,2,Low
686,-Alberto-,30187,Sakurako-san no Ashimoto ni wa Shitai ga Umatteiru,8,12,2,Low
687,-Alberto-,13759,Sakurasou no Pet na Kanojo,9,24,2,Low
688,-Alberto-,11499,Sankarea,8,12,2,Low
689,-Alberto-,13055,Sankarea OVA,8,2,2,Low
690,-Alberto-,16694,Sankarea: Wagahai mo... Zombie de Aru...,8,1,2,Low
691,-Alberto-,31564,Sansha Sanyou,8,12,2,Low
692,-Alberto-,2476,School Days,7,12,2,Low
693,-Alberto-,756,School Days ONA,7,1,2,Low
694,-Alberto-,3759,School Days: Valentine Days,7,1,2,Low
695,-Alberto-,24,School Rumble,9,26,2,Low
696,-Alberto-,517,School Rumble Ichi Gakki Hoshuu,9,2,2,Low
697,-Alberto-,846,School Rumble Ni Gakki,9,26,2,Low
698,-Alberto-,4015,School Rumble San Gakki,9,2,2,Low
699,-Alberto-,30806,Schwarzesmarken,3,12,2,Low
700,-Alberto-,32032,Seikaisuru Kado,9,12,2,Low
701,-Alberto-,22663,Seiken Tsukai no World Break,5,12,2,Low
702,-Alberto-,21033,Seikoku no Dragonar,5,12,2,Low
703,-Alberto-,6500,Seikon no Qwaser,7,24,2,Low
704,-Alberto-,10073,Seikon no Qwaser II,7,12,2,Low
705,-Alberto-,9202,Seikon no Qwaser: Jotei no Shouzou,7,1,2,Low
706,-Alberto-,33836,Seiren,6,12,2,Low
707,-Alberto-,32595,Seisen Cerberus: Ryuukoku no Fatalités,5,13,2,Low
708,-Alberto-,5909,Seitokai no Ichizon,7,12,2,Low
709,-Alberto-,10464,Seitokai no Ichizon Lv.2,7,10,2,Low
710,-Alberto-,15963,Seitokai no Ichizon Lv.2: Watasu Seitokai,7,1,2,Low
711,-Alberto-,8675,Seitokai Yakuindomo,8,13,2,Low
712,-Alberto-,10119,Seitokai Yakuindomo OVA,8,8,2,Low
713,-Alberto-,20847,Seitokai Yakuindomo*,8,13,2,Low
714,-Alberto-,20973,Sekai Seifuku: Bouryaku no Zvezda,5,12,2,Low
715,-Alberto-,23459,Sekai Seifuku: Bouryaku no Zvezda - Shin Zvezda Daisakusen,5,1,2,Low
716,-Alberto-,22273,Selector Infected WIXOSS,7,12,2,Low
717,-Alberto-,24037,Selector Spread WIXOSS,7,12,2,Low
718,-Alberto-,11751,Senki Zesshou Symphogear,8,13,2,Low
719,-Alberto-,32836,Senki Zesshou Symphogear AXZ,7,13,2,Low
720,-Alberto-,15793,Senki Zesshou Symphogear G,8,13,2,Low
721,-Alberto-,21573,Senki Zesshou Symphogear GX,8,13,2,Low
722,-Alberto-,18119,Servant x Service,8,13,2,Low
723,-Alberto-,2104,Seto no Hanayome,9,26,2,Low
724,-Alberto-,355,Shakugan no Shana,9,24,2,Low
725,-Alberto-,2787,Shakugan no Shana II (Second),7,24,2,Low
726,-Alberto-,6773,Shakugan no Shana III (Final),10,24,2,Low
727,-Alberto-,1815,Shakugan no Shana Movie,9,1,2,Low
728,-Alberto-,1531,Shakugan no Shana SP: Koi to Onsen no Kougai Gakushuu!,9,1,2,Low
729,-Alberto-,154,Shaman King,10,64,2,Low
730,-Alberto-,23273,Shigatsu wa Kimi no Uso,9,22,2,Low
731,-Alberto-,29786,Shimoneta to Iu Gainen ga Sonzai Shinai Taikutsu na Sekai,8,12,2,Low
732,-Alberto-,23433,Shin Strange+,5,12,2,Low
733,-Alberto-,21843,Shingeki no Bahamut: Genesis,8,12,2,Low
734,-Alberto-,30736,Shingeki no Bahamut: Virgin Soul,8,24,2,Low
735,-Alberto-,16498,Shingeki no Kyojin,9,25,2,Low
736,-Alberto-,18397,Shingeki no Kyojin OVA,9,3,2,Low
737,-Alberto-,25777,Shingeki no Kyojin Season 2,9,12,2,Low
738,-Alberto-,31374,Shingeki! Kyojin Chuugakkou,7,12,2,Low
739,-Alberto-,23233,Shinmai Maou no Testament,6,12,2,Low
740,-Alberto-,30363,Shinmai Maou no Testament Burst,6,10,2,Low
741,-Alberto-,13125,Shinsekai yori,9,25,2,Low
742,-Alberto-,25835,Shirobako,9,24,2,Low
743,-Alberto-,23325,Shirogane no Ishi: Argevollen,7,24,2,Low
744,-Alberto-,28171,Shokugeki no Souma,8,24,2,Low
745,-Alberto-,32282,Shokugeki no Souma: Ni no Sara,9,13,2,None
746,-Alberto-,35788,Shokugeki no Souma: San no Sara,8,12,2,Low
747,-Alberto-,35838,Shoujo Shuumatsu Ryokou,8,12,2,Low
748,-Alberto-,31914,Shoujo-tachi wa Kouya wo Mezasu,5,12,2,Low
749,-Alberto-,28735,Shouwa Genroku Rakugo Shinjuu,10,13,2,Low
750,-Alberto-,33095,Shouwa Genroku Rakugo Shinjuu: Sukeroku Futatabi-hen,10,12,2,Low
751,-Alberto-,33502,Shuumatsu Nani Shitemasu ka? Isogashii Desu ka? Sukutte Moratte Ii Desu ka?,8,12,2,Low
752,-Alberto-,33433,Shuumatsu no Izetta,6,12,2,Low
753,-Alberto-,19775,Sidonia no Kishi,8,12,2,Low
754,-Alberto-,24893,Sidonia no Kishi: Daikyuu Wakusei Seneki,8,12,2,Low
755,-Alberto-,33834,Sin: Nanatsu no Taizai,5,12,2,Low
756,-Alberto-,9863,SKET Dance,9,77,2,Low
757,-Alberto-,16395,SKET Dance: Imouto no Nayami ni Nayamu Ani ni Nayamu Imouto to Sono Nakama-tachi,9,1,2,Low
758,-Alberto-,23209,Sora no Method,5,13,2,Low
759,-Alberto-,5958,Sora no Otoshimono,10,13,2,Low
760,-Alberto-,12783,Sora no Otoshimono Final: Eternal My Master,10,1,2,Low
761,-Alberto-,8407,Sora no Otoshimono: Forte,10,12,2,Low
762,-Alberto-,7858,Sora no Otoshimono: Project Pink,10,1,2,Low
763,-Alberto-,9790,Sora no Otoshimono: Tokeijikake no Angeloid,10,1,2,Low
764,-Alberto-,29163,Sore ga Seiyuu!,6,13,2,Low
765,-Alberto-,22101,Soredemo Sekai wa Utsukushii,8,12,2,Low
766,-Alberto-,3588,Soul Eater,10,51,2,Low
767,-Alberto-,21507,Soul Eater NOT!,5,12,2,Low
768,-Alberto-,32105,Sousei no Onmyouji,7,50,2,Low
769,-Alberto-,20057,Space☆Dandy,7,13,2,Low
770,-Alberto-,23327,Space☆Dandy 2nd Season,7,13,2,Low
771,-Alberto-,9253,Steins;Gate,10,24,2,Low
772,-Alberto-,11577,Steins;Gate Movie: Fuka Ryouiki no Déjà vu,10,1,2,Low
773,-Alberto-,10863,Steins;Gate: Oukoubakko no Poriomania,10,1,2,Low
774,-Alberto-,21067,Strange+,5,12,2,Low
775,-Alberto-,18277,Strike the Blood,6,24,2,Low
776,-Alberto-,33286,Strike the Blood II,6,8,2,Low
777,-Alberto-,28621,Subete ga F ni Naru: The Perfect Insider,8,11,2,Low
778,-Alberto-,16524,Suisei no Gargantia,8,13,2,Low
779,-Alberto-,19211,Suisei no Gargantia Specials,8,2,2,Low
780,-Alberto-,23319,"Suisei no Gargantia: Meguru Kouro, Haruka",8,2,2,Low
781,-Alberto-,7311,Suzumiya Haruhi no Shoushitsu,9,1,2,Low
782,-Alberto-,849,Suzumiya Haruhi no Yuuutsu,8,14,2,Low
783,-Alberto-,4382,Suzumiya Haruhi no Yuuutsu (2009),9,14,2,Low
784,-Alberto-,11757,Sword Art Online,9,25,2,Low
785,-Alberto-,21881,Sword Art Online II,9,24,2,Low
786,-Alberto-,20021,Sword Art Online: Extra Edition,9,1,2,Low
787,-Alberto-,16099,Sword Art Online: Sword Art Offline,7,9,2,Low
788,-Alberto-,32309,Tabi Machi Late Show,6,4,2,Low
789,-Alberto-,29758,Taboo Tattoo,5,12,2,None
790,-Alberto-,24133,Taimadou Gakuen 35 Shiken Shoutai,5,12,2,Low
791,-Alberto-,19021,Takanashi Rikka Kai: Chuunibyou demo Koi ga Shitai! Movie,7,1,2,Low
792,-Alberto-,30911,Tales of Zestiria the X,9,12,2,None
793,-Alberto-,34086,Tales of Zestiria the X 2nd Season,10,13,2,Low
794,-Alberto-,24459,Tales of Zestiria: Doushi no Yoake,10,1,2,Low
795,-Alberto-,32093,Tanaka-kun wa Itsumo Kedaruge,7,12,2,Low
796,-Alberto-,2001,Tengen Toppa Gurren Lagann,10,27,2,Low
797,-Alberto-,4107,Tengen Toppa Gurren Lagann Movie 1: Gurren-hen,10,1,2,Low
798,-Alberto-,4565,Tengen Toppa Gurren Lagann Movie 2: Lagann-hen,10,1,2,Low
799,-Alberto-,3352,Tengen Toppa Gurren Lagann: Mitee Mono wa Miteen da!!,10,1,2,Low
800,-Alberto-,10622,Tengen Toppa Gurren Lagann: Ore no Gurren wa Pikka-Pika!!,10,1,2,Low
801,-Alberto-,34177,Tenshi no 3P!,6,12,2,Low
802,-Alberto-,22687,Terra Formars,8,13,2,Low
803,-Alberto-,31430,Terra Formars Revenge,6,13,2,Low
804,-Alberto-,22689,Terra Formars: Bugs 2-hen,8,2,2,Low
805,-Alberto-,10278,The iDOLM@STER,8,25,2,Low
806,-Alberto-,23587,The iDOLM@STER Cinderella Girls,8,13,2,Low
807,-Alberto-,30344,The iDOLM@STER Cinderella Girls 2nd Season,8,12,2,Low
808,-Alberto-,17437,The iDOLM@STER Movie: Kagayaki no Mukougawa e!,8,1,2,Low
809,-Alberto-,14835,The iDOLM@STER Shiny Festa,8,3,2,Low
810,-Alberto-,11889,The iDOLM@STER: 765 Pro to Iu Monogatari,8,1,2,Low
811,-Alberto-,3455,To LOVE-Ru,7,26,2,Low
812,-Alberto-,13663,To LOVE-Ru Darkness,7,12,2,Low
813,-Alberto-,28979,To LOVE-Ru Darkness 2nd,7,12,2,Low
814,-Alberto-,13851,To LOVE-Ru Darkness OVA,7,6,2,Low
815,-Alberto-,5667,To LOVE-Ru OVA,7,6,2,Low
816,-Alberto-,19117,Toaru Hikuushi e no Koiuta,7,13,2,Low
817,-Alberto-,6213,Toaru Kagaku no Railgun,8,24,2,Low
818,-Alberto-,16049,Toaru Kagaku no Railgun S,8,24,2,Low
819,-Alberto-,4654,Toaru Majutsu no Index,8,24,2,Low
820,-Alberto-,8937,Toaru Majutsu no Index II,8,24,2,Low
821,-Alberto-,11743,Toaru Majutsu no Index Movie: Endymion no Kiseki,8,1,2,Low
822,-Alberto-,2236,Toki wo Kakeru Shoujo,10,1,2,Low
823,-Alberto-,21353,Tokyo ESP,5,12,2,Low
824,-Alberto-,22319,Tokyo Ghoul,8,12,2,Low
825,-Alberto-,27899,Tokyo Ghoul √A,8,12,2,Low
826,-Alberto-,30458,"Tokyo Ghoul: ""Jack""",7,1,2,Low
827,-Alberto-,31297,"Tokyo Ghoul: ""Pinto""",4,1,2,Low
828,-Alberto-,6211,Tokyo Magnitude 8.0,10,11,2,Low
829,-Alberto-,16011,Tokyo Ravens,9,24,2,Low
830,-Alberto-,14227,Tonari no Kaibutsu-kun,7,13,2,Low
831,-Alberto-,16866,Tonari no Kaibutsu-kun: Tonari no Gokudou-kun,7,1,2,Low
832,-Alberto-,18139,Tonari no Seki-kun,8,21,2,Low
833,-Alberto-,20977,Tonari no Seki-kun OVA,8,1,2,Low
834,-Alberto-,24365,Tonari no Seki-kun Specials,8,2,2,Low
835,-Alberto-,4224,Toradora!,10,25,2,Low
836,-Alberto-,11553,Toradora!: Bentou no Gokui,9,1,2,Low
837,-Alberto-,26443,Triage X,5,10,2,Low
838,-Alberto-,6,Trigun,10,26,2,Low
839,-Alberto-,25157,Trinity Seven,7,12,2,Low
840,-Alberto-,34019,Tsugumomo,7,12,2,Low
841,-Alberto-,34822,Tsuki ga Kirei,8,12,2,Low
842,-Alberto-,28025,Tsukimonogatari,9,4,2,Low
843,-Alberto-,34902,Tsurezure Children,6,12,2,Low
844,-Alberto-,32681,Uchuu Patrol Luluco,7,13,2,Low
845,-Alberto-,32673,Udon no Kuni no Kiniro Kemari,9,12,2,Low
846,-Alberto-,27387,Under the Dog,7,1,2,Low
847,-Alberto-,32924,Urara Meirochou,7,12,2,Low
848,-Alberto-,10162,Usagi Drop,10,11,2,Low
849,-Alberto-,21845,Ushinawareta Mirai wo Motomete,7,12,2,Low
850,-Alberto-,29854,Ushio to Tora (TV),8,26,2,Low
851,-Alberto-,31098,Ushio to Tora (TV) 2nd Season,9,13,2,Low
852,-Alberto-,30901,Utawarerumono: Itsuwari no Kamen,9,25,2,Low
853,-Alberto-,30385,Valkyrie Drive: Mermaid,5,12,2,Low
854,-Alberto-,31439,Wagamama High Spec,3,12,2,Low
855,-Alberto-,19023,"Wake Up, Girls!",7,12,2,Low
856,-Alberto-,21189,"Wake Up, Girls! Shichinin no Idol",7,1,2,Low
857,-Alberto-,32899,Watashi ga Motete Dousunda,7,12,2,Low
858,-Alberto-,21085,Witch Craft Works,4,12,2,Low
859,-Alberto-,20053,Wizard Barristers: Benmashi Cecil,6,12,2,Low
860,-Alberto-,6956,Working!!,7,13,2,Low
861,-Alberto-,25879,Working!!!,8,13,2,Low
862,-Alberto-,31715,Working!!!: Lord of the Takanashi,10,1,2,Low
863,-Alberto-,10521,Working'!!,7,13,2,Low
864,-Alberto-,33094,WWW.Working!!,8,13,2,Low
865,-Alberto-,14813,Yahari Ore no Seishun Love Comedy wa Machigatteiru.,8,13,2,Low
866,-Alberto-,18753,Yahari Ore no Seishun Love Comedy wa Machigatteiru. OVA,8,1,2,Low
867,-Alberto-,23847,Yahari Ore no Seishun Love Comedy wa Machigatteiru. Zoku,8,13,2,Low
868,-Alberto-,28677,Yamada-kun to 7-nin no Majo,7,12,2,Low
869,-Alberto-,28155,Yoru no Yatterman,8,12,2,Low
870,-Alberto-,8861,"Yosuga no Sora: In Solitude, Where We Are Least Alone.",6,12,2,Low
871,-Alberto-,32615,Youjo Senki,8,12,2,Low
872,-Alberto-,35220,Youkai Apartment no Yuuga na Nichijou,7,26,2,Low
873,-Alberto-,35507,Youkoso Jitsuryoku Shijou Shugi no Kyoushitsu e,7,12,2,Low
874,-Alberto-,30740,Young Black Jack,7,12,2,Low
875,-Alberto-,18497,Yozakura Quartet: Hana no Uta,8,13,2,Low
876,-Alberto-,8457,Yozakura Quartet: Hoshi no Umi,8,3,2,Low
877,-Alberto-,18499,Yozakura Quartet: Tsuki ni Naku,8,3,2,Low
878,-Alberto-,481,Yu☆Gi☆Oh! Duel Monsters,10,224,2,Low
879,-Alberto-,6951,Yu☆Gi☆Oh! Movie: Chou Yuugou! Toki wo Koeta Kizuna,10,1,2,Low
880,-Alberto-,1894,Yu☆Gi☆Oh!: Hikari no Pyramid,10,1,2,Low
881,-Alberto-,9331,Yumekui Merry,7,13,2,Low
882,-Alberto-,26165,Yuri Kuma Arashi,4,12,2,Low
883,-Alberto-,25519,Yuuki Yuuna wa Yuusha de Aru,8,12,2,Low
884,-Alberto-,34284,Yuuki Yuuna wa Yuusha de Aru: Washio Sumi no Shou,8,6,2,Low
885,-Alberto-,34445,Yuuki Yuuna wa Yuusha de Aru: Yuusha no Shou,8,6,2,Low
886,-Alberto-,18677,Yuusha ni Narenakatta Ore wa Shibushibu Shuushoku wo Ketsui Shimashita.,5,12,2,Low
887,-Alberto-,20545,Yuusha ni Narenakatta Ore wa Shibushibu Shuushoku wo Ketsui Shimashita. OVA,5,1,2,Low
888,-Alberto-,20533,Z/X: Ignition,7,12,2,Low
889,-Alberto-,23283,Zankyou no Terror,8,11,2,Low
890,-Alberto-,34176,Zero kara Hajimeru Mahou no Sho,8,12,2,Low
891,-Alberto-,1195,Zero no Tsukaima,8,13,2,Low
892,-Alberto-,11319,Zero no Tsukaima F,9,12,2,Low
893,-Alberto-,1840,Zero no Tsukaima: Futatsuki no Kishi,8,12,2,Low
894,-Alberto-,3712,Zero no Tsukaima: Princesses no Rondo,8,12,2,Low
895,-Alberto-,14075,Zetsuen no Tempest,9,24,2,Low
896,-Alberto-,31245,Zutto Mae kara Suki deshita.: Kokuhaku Jikkou Iinkai,6,1,2,Low
897,-Alberto-,47,Akira,0,0,6,Low
898,-Alberto-,11433,Ano Natsu de Matteru,0,0,6,Low
899,-Alberto-,477,Aria The Animation,0,0,6,Low
900,-Alberto-,6166,Asobi ni Iku yo!,0,0,6,Low
901,-Alberto-,28805,Bakemono no Ko,0,0,6,Low
902,-Alberto-,32086,Blame! Movie,0,0,6,Low
903,-Alberto-,34944,Bungou Stray Dogs: Dead Apple,0,0,6,Low
904,-Alberto-,10012,Carnival Phantasm,0,0,6,Low
905,-Alberto-,10800,Chihayafuru,0,0,6,Low
906,-Alberto-,35608,Chuunibyou demo Koi ga Shitai! Movie: Take On Me,0,0,6,Low
907,-Alberto-,8888,Code Geass: Boukoku no Akito 1 - Yokuryuu wa Maiorita,0,0,6,Low
908,-Alberto-,8086,Densetsu no Yuusha no Densetsu,0,0,6,Low
909,-Alberto-,35120,Devilman: Crybaby,0,0,6,Low
910,-Alberto-,6746,Durarara!!,0,0,6,Low
911,-Alberto-,3786,Evangelion: 3.0+1.0,0,0,6,Low
912,-Alberto-,25537,Fate/stay night Movie: Heaven's Feel - I. Presage Flower,0,0,6,Low
913,-Alberto-,14811,GJ-bu,0,0,6,Low
914,-Alberto-,19319,Gundam Build Fighters,0,0,6,Low
915,-Alberto-,23279,Gyakusatsu Kikan,0,0,6,Low
916,-Alberto-,6574,Hanamaru Youchien,0,0,6,Low
917,-Alberto-,9289,Hanasaku Iroha,0,0,6,Low
918,-Alberto-,33204,Hirune Hime: Shiranai Watashi no Monogatari,0,0,6,Low
919,-Alberto-,9760,Hoshi wo Ou Kodomo,0,0,6,Low
920,-Alberto-,12189,Hyouka,0,0,6,Low
921,-Alberto-,10357,Jinrui wa Suitai Shimashita,0,0,6,Low
922,-Alberto-,33219,Kagerou Daze: In a Day's,0,0,6,Low
923,-Alberto-,10372,Kamisama Dolls,0,0,6,Low
924,-Alberto-,31418,KanColle Movie,0,0,6,Low
925,-Alberto-,1604,Katekyo Hitman Reborn!,0,0,6,Low
926,-Alberto-,16732,Kiniro Mosaic,0,0,6,Low
927,-Alberto-,486,Kino no Tabi: The Beautiful World,0,0,6,Low
928,-Alberto-,634,Koi Kaze,0,0,6,Low
929,-Alberto-,11887,Kokoro Connect,0,0,6,Low
930,-Alberto-,28725,Kokoro ga Sakebitagatterunda.,0,0,6,Low
931,-Alberto-,237,Koukyoushihen Eureka Seven,0,0,6,Low
932,-Alberto-,3358,Kure-nai,0,0,6,Low
933,-Alberto-,15005,Kyou no Asuka Show,0,0,6,Low
934,-Alberto-,16353,Love Lab,0,0,6,Low
935,-Alberto-,2034,Lovely★Complex,0,0,6,Low
936,-Alberto-,34021,Lupin the IIIrd: Chikemuri no Ishikawa Goemon,0,0,6,Low
937,-Alberto-,36077,Macross Δ Movie: Gekijou no Walküre,0,0,6,Low
938,-Alberto-,19,Monster,0,0,6,Low
939,-Alberto-,1210,NHK ni Youkoso!,0,0,6,Low
940,-Alberto-,17549,Non Non Biyori,0,0,6,Low
941,-Alberto-,7592,Nurarihyon no Mago,0,0,6,Low
942,-Alberto-,33190,Planetarian: Hoshi no Hito,0,0,6,Low
943,-Alberto-,34540,Pokemon: Kimi ni Kimeta!,0,0,6,Low
944,-Alberto-,4719,Queen's Blade: Rurou no Senshi,0,0,6,Low
945,-Alberto-,35851,Sayonara no Asa ni Yakusoku no Hana wo Kazarou,0,0,6,Low
946,-Alberto-,339,Serial Experiments Lain,0,0,6,Low
947,-Alberto-,31537,Shingeki no Bahamut: Manaria Friends,0,0,6,Low
948,-Alberto-,31765,Sword Art Online Movie: Ordinal Scale,0,0,6,Low
949,-Alberto-,21647,Tamako Love Story,0,0,6,Low
950,-Alberto-,16417,Tamako Market,0,0,6,Low
951,-Alberto-,33581,Trinity Seven Movie 1: Eternity Library to Alchemic Girl,0,0,6,Low
952,-Alberto-,856,Utawarerumono,0,0,6,Low
953,-Alberto-,28771,Yu☆Gi☆Oh! The Dark Side of Dimensions,0,0,6,Low
954,-Alberto-,34374,Yuuki Yuuna wa Yuusha de Aru: Washio Sumi no Shou 1 - Tomodachi,0,0,6,Low
955,-Alberto-,34375,Yuuki Yuuna wa Yuusha de Aru: Washio Sumi no Shou 2 - Tamashii,0,0,6,Low
956,-Alberto-,34376,Yuuki Yuuna wa Yuusha de Aru: Washio Sumi no Shou 3 - Yakusoku,0,0,6,Low
