,col0,col1,col2,col3,col4,col5,col6,col7,col8,col9,col10
0,5150308,comment,5150107.0,5150260.0,4,0,uvdiv,,,<i>Who doesn't love ?</i><p>I just discovered the OS X terminal renders the friend shrimp glyph in <i>color!</i><p>edit: and it's now my $PS1.,1359719917
1,5150307,comment,5145097.0,5147629.0,2,0,adrianhoward,,,"Generally I think about flow in terms of setting up intermittent reward cycles where I need to put in a little bit of effort, but not too much, to get the reward.<p>So I think about ways I get get back into those cycles quickly. To do that I try and cut up my work into the right size chunks, have a plan, and leave work with an ""easy win"" so I can get back into the loop again quickly.<p>Some examples. Hopefully I'm not descending too far into life-hacker wankery here ;-)<p>* I TDD code, and always try and leave myself with a failing test. If I'm interrupted and don't have a failing test I will deliberately break something or hit undo enough times to get a fail so I have an easy win when I get back.<p>* I don't track time on task. I do block out time for tasks - and track non-relevant interruptions during that time and see if there are ways to stop 'em happening.<p>* I run a personal kanban board for stuff so I can keep that continual ping of reward happening during the day.<p>* I breakdown tasks as they come in so they I can get little reward pings on a regular basis.<p>* When I have real problems getting into flow I give myself automatic rewards (do 20m on X then you can do 5m of fun on Y). Similar to <a href=""http://en.wikipedia.org/wiki/Pomodoro_Technique"" rel=""nofollow"">http://en.wikipedia.org/wiki/Pomodoro_Technique</a>. Once I get started the normal task-achievements often mean I don't actually end up doing Y - it's just a personal hack to get me started.<p>Basically - fake the reward cycle until the real one takes hold.<p>Make vague sense?",1359719848
2,5150306,story,,,1,0,SmeelBe,A Quick Guide to Serifs Fonts,http://designmodo.com/serifs-fonts-guide/,"Even if youre an experienced designer, its never a bad time to refresh your memory a little with the structure of serif typefaces, a few recommendations and a little history.",1359719840
3,5150305,comment,5150237.0,5150297.0,26,0,Xylakant,,,"In general it's a problem in pretty much every country when official investigators fly in and start investigating without prior notice. The US administration would do the same if the german police sent an investigation team over to collect evidence in a german case. The official procedure is to request help or permission from the local government and only send investigators if granted. Such requests get denied in some cases, for example if the alleged crime is not a crime in the country that you're trying to investigate in.",1359719809
4,5150304,comment,5149550.0,5149550.0,1,0,speeder,,,"I wonder:<p>Why this was never improved?<p>Also, good to know I am not the only guy that never manages to type this correctly.",1359719768
5,5150303,story,,,1,0,ycombwin,MongoDB: How to restore collections,http://blogs.lessthandot.com/index.php/DataMgmt/DBAdmin/mongodb-how-to-restore-collections,,1359719727
6,5150302,comment,5147082.0,5149326.0,1,0,rossmckegney,,,"We've focused on professional artists, and support all the main formats that they use. The difference in load time is because a lot of what's in our public gallery is from ZBrush, 3D-Coat, or Mudbox - high res sculpts that were not meant for realtime. It's more testiment to our processing engine that we can make these run as well as we do. Not exactly apples to oranges comparing these sculpts to Sketchup models on Skethfab. We've written about the comparison to Sketchfab here:\n<a href=""http://verold.com/blog/2013/1/13/verold-studio-vs-sketchfab-vs-p3d"" rel=""nofollow"">http://verold.com/blog/2013/1/13/verold-studio-vs-sketchfab-...</a>",1359719726
7,5150301,story,,,1,0,gulakov,GlobalBrain.com: The Internet as a Collective Human Consciousnesses,http://www.alexgulakov.com/globalbrain/,,1359719706
8,5150300,comment,5149935.0,5150286.0,1,0,blablabla123,,,>yet we weren't presented a case in which crap code could be mitigated.<p>Is that possible anyway?<p>I found the communication aspect an interesting point.  But I wonder: what if the non-developers have bad communication skills?  And how do you find out?,1359719662
9,5150299,comment,5150107.0,5150167.0,4,0,wmil,,,I can't get it to recognize 'Pile of Poo' (U+1F4A9)<p>Major bug.,1359719633
10,5150298,comment,5149404.0,5149404.0,1,0,tehwalrus,,,"Thank you, I'd not seen this before.<p>I have always been interested in compiler design having not been put off it by doing a computer science degree, but, having not done the degree I've also never learned anything about it. This looks like it should help.<p>Although, I was very confused by the first couple of sentences - the author apologises for their global variables, and not knowing which part of the compiler they're talking about I don't know if they means they're going to implement kaleidoscope without any notion of <i>scope</i>, and just make everything global, or if they're just talking about the parser code. It's quite clear soon after that it's the latter, but it makes it difficult to read the introduction!",1359719616
11,5150297,comment,5150237.0,5150237.0,9,0,andrewcooke,,,"is this because it's illegal to work without a permit [edit: no, not needed for 90 days for americans]?  or is it just detectives that cannot work there?  or is it that they claimed to be local policemen?<p>if i were a market analyst who flew to iceland (private plane or not - what has that got to do with it?) to study local opinions on some new product, say, would that get a similar reaction?  would it be ok as long as i didn't ask to speak to govt officials?<p>is there some kind of international convention / agreement that says that policemen don't work abroad?  is it that the request for cooperation was at too low a level?  [edit: ok, i added this just as it was suggested in a reply; thanks]<p>i'm having a hard time understanding what the problem was here from the article, which seems to assume that something was obviously wrong.<p>[oh noes - someone asking questions!  better downvote!  sigh...]",1359719575
12,5150296,story,,,1,0,nextparadigms,The 'invention illusion' means new rarely is new,http://www.bbc.co.uk/news/business-21248247,,1359719569
13,5150295,comment,5150107.0,5150263.0,3,0,niyazpk,,,"The look of disapproval is not a single character; it comprises of three characters: [1] _ [1]<p>[1] <a href=""http://shapecatcher.com/unicode/info/3232"" rel=""nofollow"">http://shapecatcher.com/unicode/info/3232</a>",1359719507
14,5150294,comment,5150107.0,5150208.0,2,0,lloeki,,,The history of Emoji before they got standardized is interesting. BTW Google was a requestor too.,1359719486
15,5150293,comment,5150107.0,5150107.0,6,0,andydrizen,,,"If you like this, see DeTeXify <a href=""http://detexify.kirelabs.org/classify.html"" rel=""nofollow"">http://detexify.kirelabs.org/classify.html</a>",1359719433
16,5150292,comment,5150107.0,5150274.0,2,0,nwh,,,"I've never been able to work out if it is an invisible  character, or a character meant for use when things are invisible. Either way works for Muse I suppose.",1359719431
17,5150291,comment,5150232.0,5150232.0,1,0,rukshn,,,"I think it's better to drop them if they're holding you from getting to your target. The best example is how Mark Zuck, Dropped Savrin when he was not letting mark to get funds from VCS",1359719407
18,5150290,story,,,4,2,aliostad,The monkey Iran claims to have returned safely from space not the same sent up,http://observers.france24.com/content/20130201-iran-astronaut-monkey-space-alive-photos,,1359719401
19,5150289,comment,5150107.0,5150187.0,4,0,zenon,,,"I tried to draw the elusive snowman: <a href=""http://i.imgur.com/dr5VKTh.png"" rel=""nofollow"">http://i.imgur.com/dr5VKTh.png</a><p>Clearly it's not impressed by my drawing skills.",1359719397
20,5150288,comment,5147442.0,5149733.0,1,0,sycren,,,Manhattan distance then. It is easier to work out the Euclidian distance though between 2 coordinates.,1359719376
21,5150287,story,,,2,0,pavanlimo,Cycling the Alps,http://www.cyclingthealps.com,,1359719287
22,5150286,comment,5149935.0,5149935.0,2,0,pestaa,,,"Well, one conclusion we can draw from the article is that 90% of code is not considered good by author's standards (which I not only agree with but take one step further), yet we weren't presented a case in which crap code could be mitigated.<p>I mean, when your employers insist on employing the bad engineers because they talk big jargon, that shows the Real Cost of Stupid Management more than anything else.",1359719263
23,5150285,story,,,1,0,iProject,WordPress Community Offers Advice to Beginners,http://wp.smashingmagazine.com/2013/02/01/wordpress-community-offers-advice-beginners/?wp=wp,,1359719244
24,5150284,comment,5149821.0,5150265.0,1,0,meriksson,,,"The market for apartments is not a strong point for Stockholm. You can get an apartment rather easily, but it is not cheap compared to similar cities in Europe.<p>Some current listings from the Swedish equivalent of Craigslist:<p><a href=""http://www.blocket.se/stockholm?q=&cg=3020&w=1&st=u&ca=11&l=0&md=th&ros=1&roe=3&m=131"" rel=""nofollow"">http://www.blocket.se/stockholm?q=&cg=3020&w=1&s...</a>",1359719208
25,5150283,comment,5147779.0,5148916.0,4,0,merijnv,,,"It depends on what you mean by statically typed language. If you mean other stuff like SML/Ocaml, I agree. If you include C/C++/Java/C# in your definition ""statically typed"", then I beg to differ. I have considerable experience in C, Java and, to a lesser extent, C++. And all in all I consider their type systems worthless for error prevention, the flexibility of python gains you more than their type systems do.<p>In this sense I suspect the OP would say the same about any ML-like static type system, but not many other static type systems.",1359719204
26,5150282,story,,,2,0,ashir,Free Ways To Unblock Websites,http://greycoder.com/free-and-almost-free-ways-to-unblock-websites/,,1359719188
27,5150281,comment,5150107.0,5150230.0,6,0,dexen,,,"<a href=""http://kyon.pl/img/18939,unicode,lol,inside_joke,.html"" rel=""nofollow"">http://kyon.pl/img/18939,unicode,lol,inside_joke,.html</a>",1359719184
28,5150280,comment,5146312.0,5150003.0,2,0,jahewson,,,"Fonts have dosens of things added: Unicode to glyph mapping, horizontal writing metrics, vertical writing metrics, kerning, hinting, bitmap fallbacks for small sizes, metadata for aligning baselines and justification, grid-fitting and scan-conversion data, glyph substitutions (e.g. ligatures, old style numbers,  contextual, chained), glyph positioning (e.g. diacritics, Arabic diagonal baseline, contextual positioning).<p>Hinting is probably the most complex feature. TrueType implements hinting as special instructions in an impressively complex stack-based drawing language. SVG fonts are already bloated, and adding hinting may have been a step too far, or perhaps it was because at the time some of TrueType's hinting instructions were patented.",1359719180
29,5150279,comment,5150107.0,5150206.0,6,0,seanp2k2,,,"Ooh my word. I drew a Skrillex and it recognized it perfectly; some Chuck Tays because he's a chill bro, school because his music appeals to people in school (12-24), and the Bengali vowel sound because he plays that in his ""drops"".<p>EDIT: forgot to link screenshot: <a href=""http://imgur.com/LyaXy4h"" rel=""nofollow"">http://imgur.com/LyaXy4h</a>",1359719178
30,5150278,comment,5150107.0,5150230.0,4,0,uvdiv,,,"Experiments with some common glyphs.<p>(!) -- 8th suggestion, after three apparently identical ""upside-down 'i'"" (including an ""upside-down capital 'I' with a dot underneath"")<p>(@) -- 1st suggestion<p>(#) -- not suggested. Top suggestion is ""capital 'H' with stroke""<p>($) -- not suggested, although the 14th is an <i>indistinguishable</i> glyph ""Canadian syllabics carrier sh"" 0x165a, a phoenetic symbol for representing a Canadian aboriginal language.<p>(%) -- 1st suggestion<p>(^) -- 10th suggestion, to be fair this one is impossible<p>(&) -- not suggested (fried shrimp lol)<p>(*) -- 3rd suggestion<p>(?) -- 1st suggestion<p>() -- 1st suggestion<p>() -- 4th suggestion (1st one is same thing in boldface)<p>----------<p>This is suggests a really easy way to greatly improve the results: weight them by a prior probability (i.e., frequency of occurrence in a letter count). The OCR itself seems pretty good. Common math symbols are more likely than silly shrimps. Glyphs from common languages are more probable than esoteric ones, and real languages more than constructed ones. Plain glyphs are more common than variants (bold/italic) -- and these should be grouped together anyway. fried shrimp horseshoe.",1359719173
31,5150277,comment,5150107.0,5150206.0,4,0,hwang89,,,prickly.,1359719172
32,5150276,story,,,2,0,laurent123456,Whats the need of array with zero element in linux kernel code?,http://stackoverflow.com/q/14643406/561309,,1359719147
33,5150275,comment,5146195.0,5146195.0,3,0,Eliezer,,,This is why I use Scrivener - it's <i>modular</i>.<p>Scrivener with Track Changes and Etherpad-style collaborative editing would be perfect to the point where nobody would use anything else.,1359719141
34,5150274,comment,5150107.0,5150260.0,2,0,lloeki,,,"> ""INVISIBLE TIMES""<p>Sounds like a Muse song title",1359719137
35,5150273,comment,5145268.0,5150128.0,2,0,patrickk,,,"Yeah I've read <i>The Ascent of Money</i> too, it was great. You'll enjoy <i>Civilisation</i>.<p>Although after learning of his political views(I don't live in the US), I couldn't help but wonder how much it influenced his views in <i>Civilisation</i>. It comes off as a bit overly biased in favour of Europeans (read: the white man) when seen in this new light. For example, he tries to argue that church attendance being down is a sign that European influence/culture is declining.",1359719124
36,5150270,comment,5147321.0,5147962.0,1,0,rschmitty,,,Why would a LARPr use irc?  Wouldn't one of them dress up like a crow to deliver messages?,1359719044
37,5150269,story,,,1,0,Brian_Curliss,Ideas: The best use of video for a startups,http://qr.ae/1SwnY,,1359718951
38,5150268,comment,5150107.0,5150107.0,4,0,jaymzcampbell,,,"Reminds me of the excellent Detexify, which serves a similar purpose but for LaTeX symbols: <a href=""http://detexify.kirelabs.org/classify.html"" rel=""nofollow"">http://detexify.kirelabs.org/classify.html</a>",1359718933
39,5150267,comment,5149616.0,5150125.0,4,0,mercurial,,,"> Javascript is fairly new<p>On a geological scale, maybe. It appeared in the mid-nineties, which is positively ancient in computer terms.",1359718917
40,5150266,comment,5148957.0,5149672.0,1,0,newman314,,,"I think you mean LastPass or 1Password.<p>Startup idea: the email equivalent of 1Password.<p>You give each site a completely unique, distinct yet valid email address. They forward to your real email address and vice versa.<p>This way if one email is compromised you know where the spam is coming from plus it reduces email tracking and correlation.",1359718910
41,5150265,comment,5149821.0,5150165.0,1,0,berntb,,,How easy/cheap is it to get a small apartment...?,1359718908
42,5150264,comment,5146676.0,5146676.0,1,0,talmir,,,"""In fact, PC sales have been declining for the last several quarters, with market research firm Gartner recording a 4.9 percent decline in the most recent quarter ending in December. The reason for that continued decline, according to Gartner, is that consumers are increasingly using tablets to do the things they might have done with a PC even a year or two ago.""<p>Sorry, but no. If I take a look at my collegues, friends and family all of them are still using desktop computers (The majority PC's, but some macs) and the main reason they dont buy new PC's as often these days is because they just dont have to. The computer they bought three or four years ago still has enough horsepower to drive most new games at decent settings, and none of them have any problems driving the newest enterprise software.<p>The reason such old computers are still powerful enough is two-fold:\n1. Innovation is slowing down. The processing power of a computer does not increase as fast as it used to. New software isnt as demanding of the current generation of hardware as it was a few years back. Simply put: Hardware has no reason to push the envelope anymore to the same degree as before. Software for regular folk just does not need more horsepower for now.<p>2. Consoles. Of the few software areas that has traditionally pushed PC hardware development it was computer games. The newest game used to be an awesome thing. You had a new-ish computer couldnt keep up with the newest and greatest. Only some could afford to upgrade their rigs enough to run the newest games at max resolution and settings. Consoles that compete with PC's effectively put a roof on that. Games being developed today nearly always are developed for release on the PC and a console. As the current generation of consoles is a few years old it is easy to see which hardware is the limiting factor. This means that even with med-budget computer hardware today you can take the latest and greatest game and play it at maximum settings without breaking a sweat because the game is primarily developed with the inferior console hardware in mind.<p>So simply put, PC sales are not dwindling because of the tablet. It is dwindling because the pressure to upgrade just is not there anymore.",1359718886
43,5150263,comment,5150107.0,5150107.0,1,0,RyanMcGreal,,,"Sadly it didn't recognize my clumsy attempt to draw the Look of Disapproval: <a href=""http://i.imgur.com/0lvPFaJ.png"" rel=""nofollow"">http://i.imgur.com/0lvPFaJ.png</a><p>On the upside, I learned that there is a Panda Face unicode character.",1359718818
44,5150262,story,,,2,0,rdemmer,"Live Coding an IntelliJ IDEA Plugin from Scratch (Part 2), Webinar Recording",http://blog.jetbrains.com/blog/2013/02/01/webinar-recording-live-coding-an-intellij-idea-plugin-from-scratch-part-2/,,1359718813
45,5150261,comment,5147321.0,5148006.0,1,0,liotier,,,"Isiode offers M-Link, its military XMPP solution : \n<a href=""http://www.isode.com/solutions/military-xmpp.html"" rel=""nofollow"">http://www.isode.com/solutions/military-xmpp.html</a> - I guess there are others... Does anyone here know them ?",1359718783
46,5150260,comment,5150107.0,5150230.0,10,0,nwh,,,"Who doesn't love ?<p>There's lot of other strange Unicode too. There's things like '' (U2062 INVISIBLE TIMES),    and s uop psdn.<p>All of which can be used to bypass filters and generally cause browser-crashing havoc. For example, this address looks like Google, but it really links to hacker news.<p><a href=""http://news.ycombinator.com/?/moc.elgoog//:ptth"" rel=""nofollow"">http://news.ycombinator.com/?/moc.elgoog//:ptth</a>",1359718736
47,5150259,comment,5149794.0,5150004.0,2,0,DoubleCluster,,,"If you're going to use them a lot you're cheaper off using consumer grade computers with the most expensive intel processors available. What I usually do is take the Passmark CPU list, add $500 for the cost of the rest of the system and sort by score/price.",1359718657
48,5150258,comment,5148957.0,5149540.0,2,0,cantos,,,"Here are two real world issues that could arise<p><a href=""http://vbuterin.blogspot.ca/2011/08/password-strength-rebuttal-to.html"" rel=""nofollow"">http://vbuterin.blogspot.ca/2011/08/password-strength-rebutt...</a><p>I think some cryptographers and security people have given rebuttals as well but I can't find them at the moment.",1359718618
49,5150257,story,,,32,10,chesh,Quickstart tutorial on how to deploy an API on Amazon EC2,http://www.3scale.net/2013/02/quickstart-tutorial-on-how-to-deploy-an-api-on-amazon-ec2-for-amazon-web-services-aws-rookies/,,1359718604
50,5150256,comment,5149821.0,5150174.0,3,0,arethuza,,,I grew up in a community in the North of Scotland that was dominated by fishing (more oil these days) and most boat-owning skippers were pretty much risk-seeking entrepreneurs - with pretty big rewards possible (certainly well into F-you money).<p>The chapter on Iceland in <i>Boomering</i> Michael Lewis where he describes how the risk seeking fishermen were maybe not the best choice to become investment bankers reminded me a lot of people I knew when I was younger.,1359718591
51,5150255,comment,5149821.0,5150213.0,2,0,meriksson,,,I agree with Matti - doing business in Stockholm without knowing Swedish is no problem. Swedes are generally fluent in English and most often they enjoy speaking it. I know several foreigners who run startups here without bothering to learn the local language.,1359718575
52,5150254,comment,5150223.0,5150223.0,1,0,dragonbonheur,,,I wish he would open source the design so others could improve on it.,1359718552
53,5150253,comment,5138428.0,5149588.0,1,0,newman314,,,Guess we just have to agree to disagree,1359718552
54,5150252,comment,5149821.0,5150172.0,7,0,_delirium,,,"I agree Berlin is ultra-cheap, but the Nordic capitals are still pretty cheap compared to other startup hubs. When I moved from the US to Copenhagen, people warned me about expensive rents, but I was actually surprised at how much cheaper it is here than in major American cities. I pay about $1400 (1000) for a centrally located 2bd in a nice area near the metro, which is a kind of price it's totally impossible to find in SF, Boston, or NYC. Not to mention in other startup hubs like London...",1359718518
55,5150251,comment,5148566.0,5149357.0,1,0,newman314,,,That's why I disable geotagging in general. I don't trust apps enough not to leak data unless absolutely necessary. On my device only Yelp and Maps have access and that's it.,1359718508
56,5150250,story,,,3,0,iProject,Symantec: Don't blame us for New York Times hack,http://www.theregister.co.uk/2013/02/01/symantec_responds_nyt_apt/,,1359718474
57,5150249,story,,,4,4,revorad,A/B Test Significance: Test Outcomes for Statistical Significance,http://www.testsignificance.com/,,1359718444
58,5150248,comment,5149821.0,5150085.0,2,0,Geee,,,"There's one anecdote I can share from Finland: 'startup' is now an actual word used in mainstream media. <a href=""http://fi.wikipedia.org/wiki/Startup-yritys"" rel=""nofollow"">http://fi.wikipedia.org/wiki/Startup-yritys</a>",1359718404
59,5150247,comment,5147321.0,5147780.0,1,0,liotier,,,"The funny part is that they transmit fire missions through IRC instead of using a proper artillery data network. Of course you do that through plain old-fashioned radio when no data connection is available, but it you can transmit through IRC then you certainly have enough bandwidth for communicating through a better integrated system such as ATLAS (<a href=""http://articles.janes.com/articles/Janes-C4I-Systems/ATLAS-automated-field-artillery-fire-support-system-France.html"" rel=""nofollow"">http://articles.janes.com/articles/Janes-C4I-Systems/ATLAS-a...</a>)",1359718401
60,5150245,comment,5149404.0,5149404.0,2,0,nextparadigms,,,"LLVM seems to support 64 bit ARM, now, too:<p><a href=""http://www.phoronix.com/scan.php?page=news_item&px=MTI4OTA"" rel=""nofollow"">http://www.phoronix.com/scan.php?page=news_item&px=MTI4O...</a>",1359718356
61,5150244,story,,,1,0,balaswamyv,Running sql queries on HBase,http://www.infoq.com/news/2013/01/Phoenix-HBase-SQL,,1359718338
62,5150243,comment,5150107.0,5150206.0,6,0,seanp2k2,,,This is seriously the funniest thing I've seen on HN in weeks. Made me actually laugh.,1359718331
63,5150241,comment,5145958.0,5147964.0,1,0,WickyNilliams,,,"I've used this knockout extension to great success [1]. It's intuitive, it leverages knockout's internal pubsub, and fits in with the KO ethos. It can be used to synchronise observables across models (which is awesome as it's events without overhead), or as a general purpose event system.<p>Ryan is one of the core contributors to knockout, by the way, so you can be assured of its quality.<p>[1] <a href=""http://www.knockmeout.net/2012/05/using-ko-native-pubsub.html"" rel=""nofollow"">http://www.knockmeout.net/2012/05/using-ko-native-pubsub.htm...</a>",1359718238
64,5150240,story,,,1,0,lvxn0va,UPnp vulnerability allows for remote control of millions of computers,http://www.rawstory.com/rs/2013/01/30/massive-security-hole-lets-hackers-control-millions-of-cameras-printers-and-routers/,,1359718205
65,5150239,comment,5149821.0,5150213.0,7,0,Matti,,,"Getting by in Stockholm won't be a problem: you can safely assume that people within the start-up scene are fluent in English. You'll be met with a slightly different kind of problem: as communicating in English is so effortless, you'll have few opportunities to really practice your Swedish.",1359718204
66,5150238,comment,5148957.0,5149842.0,1,0,zxcdw,,,"Startup? A for-profit company providing the service? No thank you, I trust my brain more than I trust <i>anyone</i> else be that person or a company. Or a non-profit organzation.",1359718195
67,5150237,story,,,326,134,sdoering,Iceland Kicked Out FBI Agents Who Flew in Unannounced to Investigate WikiLeaks,http://clevelandleader.com/node/20013,,1359718184
68,5150236,comment,5148957.0,5150131.0,1,0,SideburnsOfDoom,,,"Interesting, I didn't know that. So the worst that could happen is that I'd be locked out of their horribly insecure site and forced to use something better. I don't re-use passwords, and I declined to let them store my credit card details, so when they get hax0red, I won't lose anything worth stealing.",1359718145
69,5150235,story,,,1,0,giis,Fall in Love With This Oscar-Nominated Disney Short,http://mashable.com/2013/01/30/paperman/,,1359718122
70,5150234,comment,5149616.0,5149616.0,2,0,lucian1900,,,"I don't see how Java's idea of type safety is particularly useful for anything, its type system is almost entirely useless.<p>I've yet to see compelling arguments for why it might be better in ""large"" projects.",1359718110
71,5150233,story,,,2,0,balaswamyv,The larger purpose of bigdata,http://www.infoq.com/interviews/BigData_Explained_PavloBaron,,1359718101
72,5150232,story,,,1,4,wedtm, Ask HN: When to give up on a (non-performing) partner/co-founder?,,"I initially started work with another person on a SaaS hosting company. This person moved to my town to work with me for 4 months, before leaving out of the country.<p>When they left out of the country, they hadn't contributed anything to the production version of our site, except a minimal site design, which was completed in the first month.<p>There was minor things checked into Github, but nothing that would represent a 50% share of the company that we had set out to build.<p>My question is when? When do you give up on them? When do you cut your losses, and walk away from something you believed in?",1359718094
73,5150231,comment,5147914.0,5147914.0,1,0,tzury,,,I get:Your device is not compatible with this version. \nI have a Samsung Galaxy of previous generation.,1359718035
74,5150230,comment,5150107.0,5150107.0,3,0,uvdiv,,,"My simple, clean ampersand (&) became a paperclip (0x1f4ce), a ""fried shrimp"" (0x1f364), several species of geometric triangle, and dozens of other silly, silly glyphs.<p><a href=""http://i.imgur.com/NLkl75J.png"" rel=""nofollow"">http://i.imgur.com/NLkl75J.png</a><p>the unicode block containing ""fried shrimp"" 0x1f364 -- why does this exist???<p><a href=""http://www.unicode.org/charts/PDF/U1F300.pdf"" rel=""nofollow"">http://www.unicode.org/charts/PDF/U1F300.pdf</a><p>Latest <i>Abstruse Goose</i> comic sums up my emotional response:<p><a href=""http://abstrusegoose.com/496"" rel=""nofollow"">http://abstrusegoose.com/496</a>",1359717964
75,5150229,comment,5150107.0,5150107.0,3,0,k_bx,,,(surprisingly noone said this) Too bad it doesn't generate links to drawing results.,1359717931
76,5150228,comment,5150089.0,5150089.0,1,0,skarmklart,,,"I used it as a source for an article I wrote on my company's web site recently.<p>Very nifty to be able to pull up smartphone penetration in 18-29 age cohort in Sweden, for instance.",1359717908
77,5150227,story,,,1,0,StartupVideo,Web Video Will Soon Be 90% Of Online Traffic,http://www.bcnstartupvideo.com/web-video-will-soon-be-90-of-online-traffic/,,1359717869
78,5150225,comment,5140411.0,5141592.0,1,0,bryanlarsen,,,"Yes, but if it was fashionable to work at RIM, they would mention that in the ads.",1359717836
79,5150223,story,,,3,1,narad,Crafty Chinese Man With Kidney Disease Lives on Homemade Dialysis Machine,http://www.medgadget.com/2013/01/crafty-chinese-man-with-kidney-disease-lives-on-homemade-dialysis-machine.html,,1359717739
80,5150222,story,,,1,0,praveenyadav,Show HN:Regular Expression editors-Rubular,http://rubular.com/,,1359717730
81,5150221,comment,5150107.0,5150216.0,8,0,adnam,,,Of course it's a cactus! What else would it be?,1359717727
82,5150220,comment,5149821.0,5150085.0,2,0,skarmklart,,,"Lund, Sweden, here. Currently doing a SaaS mobile project in my startup.<p>Malm has a great startup scene with Foo Cafe and other gatherings. In Lund you have LTH, Ericsson, Ideon, etc so there's a lot of tech talent there as well.<p>Anyone, feel free to hit me up for free coffee in our Malm office :)",1359717724
83,5150219,comment,5149701.0,5149701.0,1,0,kranium256,,,What a playa! Haha!,1359717723
84,5150218,comment,5146020.0,5149336.0,1,0,popmikeup,,,"The current market is completely out of sync with the real value/costs of commercial property. The field has insulated itself from true price discovery for so long that it is starting to hemorrhage.<p>This isn't really about finding 'tech startups' a home, but rather that there's a chance that any new business starting up will need office space. And don't forget, current office-space tenants are going to start wondering why they're paying such inflated rates and the people across the way are paying 25-whatever% less for the same kinds of space.<p>Don't focus too much on new converts; think about everyone paying more for office space now than they need to.",1359717700
85,5150217,comment,5148957.0,5150133.0,1,0,kijin,,,"I think there is some sense in having a lower limit around 6-8 chars. No matter how many special characters you use, it won't be strong if it's too short.<p>The upper limit of 64 chars is just something that I copy-and-pasted from an actual web app that I wrote some time ago. It works in most cases, but if I were to write the same app now, I'd probably remove the upper limit or make it very large. (By the way, bcrypt only hashes the first 72 bytes of your password [1], so make sure to do something like bcrypt(sha256(password)) if you plan on using longer passwords.)<p>[1] <a href=""http://news.ycombinator.com/item?id=4515894"" rel=""nofollow"">http://news.ycombinator.com/item?id=4515894</a>",1359717690
86,5150216,comment,5150107.0,5150206.0,4,0,MojoJolo,,,Damn. I think it's not intended as a cactus. Hahaha.,1359717684
87,5150215,story,,,1,0,zubairov,Introducing our new simplified interface,http://blog.elastic.io/post/42015803142/introducing-our-new-simplified-interface,,1359717671
88,5150214,comment,5149574.0,5150124.0,2,0,xijuan,,,"I can't tell about the top-10 CS programs. I can only tell you my experiences. I live in Canada and I study in another field. When I contacted my potential supervisor, she asked if I am Canadian citizen. The reason why she wanted to accept a student who is Canadian citizen is that many fellowship or grants are only given to Canadian citizens doing research in Canada. What I am saying here is that if your citizenship affects your chance of acceptance, it will be due to funding issues like this. But if the school you are applying is private school, it may not be a problem because they don't receive a lot of private funding I believe.\nI think when it comes down accepting graduate students, your potential supervisor's decision is the most important. I don't know about every program and every school. But in my school, when a professor accepts a student, he/she will sign a form saying that he/she will provide this student financially for at least five years. Therefore, standing from the professor's point of view, he/she really wants to accept a very smart student who can help him/her make great progress in the research and at the same time, receive enough funding to be able to support him/herself. I hope it helps.",1359717654
89,5150213,comment,5149821.0,5150165.0,2,0,robin_reala,,,"Out of interest, do you think itd be easy to get into the startup scene with minimal Swedish? My wife is Swedish and we have in the past considered a move to Stockholm but my Swedish is absolutely not fluent (although were we to do it Id enrol in an evening course as soon as we moved).",1359717651
90,5150212,comment,5148895.0,5149270.0,1,0,zura,,,Or maybe for black listing? i.e. filter out those persons who are extremely naive and/or who overestimate their abilities.,1359717599
91,5150210,comment,5147914.0,5147914.0,1,0,MojoJolo,,,"Waaaait. It's made by Kiip? But Kiip is a rewards network, right? (Based on their Twitter, <a href=""https://twitter.com/kiip"" rel=""nofollow"">https://twitter.com/kiip</a>) I don't know they are into creating games too.<p>Oh well, will download and try it. I like their founder, Brian Wong.",1359717545
92,5150209,comment,5149698.0,5149698.0,1,0,revorad,,,"<a href=""https://catch.com/"" rel=""nofollow"">https://catch.com/</a> is really nicely done.",1359717513
93,5150208,comment,5150107.0,5150197.0,4,0,molf,,,"These are Emoji: it's a set of smileys/icons originally used by Japanese carriers. Apple included them in their iPhone, and in order to standardise them they (successfully) requested they were added to Unicode.",1359717491
94,5150207,comment,5149794.0,5150004.0,1,0,raverbashing,,,"The easy way: go for the high CPU instances (don't bother with the 'regular' ones, other providers offer cheaper and better machines)<p>The slightly harder: go for technologies that help you spread the load, so you spawn several instances that run simultaneously, run for some time and them stop, costing you maybe what would cost you for 1 instance/month but giving you the results faster<p>The even harder way is going for spot instances and orchestrating the sharding and reassembly of results",1359717485
95,5150206,comment,5150107.0,5150107.0,36,0,adnam,,,"It recognized my drawing of a cactus! <a href=""http://i.imgur.com/pDgIOPk.png"" rel=""nofollow"">http://i.imgur.com/pDgIOPk.png</a>",1359717432
96,5150205,comment,5149222.0,5149646.0,1,0,xradionut,,,"""I have found NumPy impossible to install.""<p>Try using one of ""mega"" bundles from Enthought or Continuum. Anaconda CE installs easily on Windows and Linux.",1359717385
97,5150203,comment,5149889.0,5149889.0,1,0,m3uh,,,"There is an ongoing debate in France about children's school weeks between a 4-day week (full days) and a 5-day week (either a day off in the middle of the week, or only mornings on Wednesdays and Saturdays). I invite you to look for different opinions on this debate if you're interested in this article's subject.\nI understand children pace is barely comparable with grown-ups', however the arguments would be similar.\nQuestion is, when are our so-called modern societies going to achieve the transition between human-based and robot-based mass production, leaving people freed from Maslow's hierarchy of needs' lower levels, and (therefore?) from the tyranny of performing something all day long without any benefit for the mind...",1359717322
98,5150202,comment,5149574.0,5149574.0,2,0,SagelyGuru,,,"Darn, those aliens  have so many PhDs, no wonder they fly them saucers so well. UFO = Untyped+Functional+Objective",1359717308
99,5150201,comment,5150107.0,5150107.0,5,0,rurounijones,,,"Damn that looks good, it worked for me for  and u with umlauts.<p>Get the Japanese support in there and it will be amazing. What about using MS Mincho or MS Gothic for that? (It is free as in beer, but is the licensing off?)",1359717253
100,5150199,comment,5148487.0,5149657.0,1,0,makomk,,,You're forgetting one very important thing: Shirley Hornstein is female and Bill Gates isn't.,1359717206
101,5150198,comment,5149616.0,5149616.0,2,0,jaequery,,,"don't take it lightly of the fact that javascript could theoretically become the most popular language for decades, mainly due to browser support.",1359717189
102,5150197,comment,5150107.0,5150167.0,4,0,fredley,,,"Can someone tell me why 'Cat with a wry smile' is in Unicode? Presumably at some point someone thought that it would be useful to somebody else, hence it's inclusion. It would be very interesting to hear the back-story behind such seemingly useless glyphs.",1359717120
103,5150196,comment,5145268.0,5147420.0,1,0,dredmorbius,,,"Eucalyptus are rather notoriously bad about that, moreso than many other trees.  I've witnessed them make a widow, or widower, in this case.",1359717101
104,5150194,comment,5150107.0,5150107.0,1,0,kaolinite,,,"Worked really well for me, found a smiley face and a few accented characters. Awesome idea and implementation.",1359717050
105,5150193,story,,,4,0,z3phyr,Reskell: A hacker news clone in Haskell,https://github.com/bitonic/reskell,,1359717016
106,5150192,story,,,1,0,ashconway,Information Sharing to Counteract Cyber Threats,http://bugwolf.com/information-sharing-to-counteract-cyber-threats/,,1359716958
107,5150191,comment,5148500.0,5148885.0,1,0,thebluesky,,,Is the source available anywhere?<p>1.5M locally or over a network? What is the size of each message?,1359716902
108,5150190,comment,5149698.0,5149698.0,1,0,tobylane,,,"I'm still looking for one where I can share with specific people (who can then update), and sublists. Closest thing I can find is Workflowy, possibly Cotton, but neither say what each person did, or even what's new.",1359716879
109,5150189,comment,5144726.0,5145611.0,1,0,ozh,,,"First, instead of fixing their stupid browser so it works like all the others, they provide ""tools"" to ask that <i>you</i> make your sites compliant with their stuff<p>Second, my site uses jQuery UI 1.10 and they suggest I update to 1.9.<p>Regarding web browsers, Microsoft is still sucking balls, year after year.",1359716865
110,5150188,story,,,4,1,dpetters,Readyforce Acquires Umeqo  The MIT Campus Recruiting Event Management Platform,http://blog.readyforce.com/readyforce-acquires-umeqo-the-mit-campus-recruiting-event-management-platform/,,1359716859
111,5150187,comment,5150107.0,5150107.0,2,0,fredley,,,"Trying to draw U+1F4A9 (Pile of Poo). After several attempts, no luck.<p>I have learnt that Unicode contains even more weirdness than I thought before though, including 'Alchemical symbol for borax-3' (U+1f744), and 'doughnut' (U+1f369).",1359716847
112,5150186,comment,5148957.0,5150069.0,2,0,makomk,,,It's possible the server will let you set the password to something longer than 12 characters but nott allow you to log-in with it. It's apparently happened on sites before.,1359716830
113,5150185,comment,5148957.0,5149540.0,2,0,blablabla123,,,">Therefore, if your password policy as any more restrictive than [\x20-\xFE]{8,64}, I'm going to assume that you store my passwords in a plain-text VARCHAR field without proper escaping.<p>Alternative interpretation: the Website is neither UTF8-safe (or whatever charset you prefer) nor are prepared statements used.  Otherwise VARCHAR is fine even without any escaping.",1359716787
114,5150184,comment,5146312.0,5148064.0,1,0,zimpenfish,,,But those little squares with hex digits are just AWESOME.,1359716784
115,5150183,comment,5150107.0,5150107.0,3,0,symmetricsaurus,,,"Tried to draw an alpha but it didn't get it.<p>So far I haven't tried Shapecatcher a lot but I think that <a href=""http://detexify.kirelabs.org/classify.html"" rel=""nofollow"">http://detexify.kirelabs.org/classify.html</a> works much better. Detexify is of course only for LaTeX symbols and doesn't do unicode.<p>To  be useful Shapecatcher needs to become better at recognition.",1359716763
116,5150182,comment,5149616.0,5149616.0,5,0,draegtun,,,"Already posted 3 times before to HN this year:<p>- <a href=""http://news.ycombinator.com/item?id=5016848"" rel=""nofollow"">http://news.ycombinator.com/item?id=5016848</a><p>- <a href=""http://news.ycombinator.com/item?id=5014218"" rel=""nofollow"">http://news.ycombinator.com/item?id=5014218</a><p>- <a href=""http://news.ycombinator.com/item?id=5020893"" rel=""nofollow"">http://news.ycombinator.com/item?id=5020893</a><p>NB.  Only the first post has comments.",1359716695
117,5150181,comment,5146312.0,5148294.0,2,0,WickyNilliams,,,"It doesn't look great that's for sure, but you can still tell what the icons are i.e. it's good enough.<p>If you're designing things such that a missing icon causes the UI to be incomprehensible, you're probably designing it badly",1359716694
118,5150180,comment,5150107.0,5150167.0,3,0,lucb1e,,,"If a pc can't find it, perhaps drawing things is going to be the new captcha!",1359716691
119,5150179,comment,5146905.0,5148592.0,1,0,Argorak,,,"My personal maven moment was when I did a ""mvn clean"" on a train ride - and it failed, because it had to lazy-load 'mvn-clean-plugin' (5kb).",1359716657
120,5150178,comment,5149404.0,5149870.0,6,0,perone,,,I believe that it has no comments because this tutorial is around for years and almost everyone who knows LLVM have already read it.,1359716620
121,5150177,comment,5149327.0,5149860.0,3,0,pfortuny,,,"Ok, just do it.",1359716620
122,5150176,story,,,1,0,travpittman,Mongolian Bling - Documentary Film,http://blog.tourradar.com/mongolian-bling/,,1359716613
123,5150175,comment,5150107.0,5150107.0,1,0,lucb1e,,,"It didn't recognize the capital letter A, only variations on the letter A and other unknown characters. I'm sure that the letter A is an unicode character!",1359716611
124,5150174,comment,5149821.0,5150085.0,4,0,maggit,,,"I'm involved in the startup scene in Norway, and it seems to me that there are mainly two sources of real money; oil (gas/offshore/etc) and fish, considering both private and public funding. It doesn't look to me like unrelated tech startups gain any special advantages by being in Norway.<p>I think we are still fighting the unfortunate culture of the Law of Jante: <a href=""http://en.wikipedia.org/wiki/Law_of_Jante"" rel=""nofollow"">http://en.wikipedia.org/wiki/Law_of_Jante</a>",1359716596
125,5150173,comment,5149327.0,5149327.0,1,0,beyti,,,10 grand is a bit cheap when I think of all the advertisement done for mega's security?,1359716587
126,5150172,comment,5149821.0,5149821.0,9,0,Matti,,,"Unless things have changed recently, Berlin still has fairly low rents and low living costs going for it -- giving people a fair amount of marginal space: <a href=""http://www.paulgraham.com/marginal.html"" rel=""nofollow"">http://www.paulgraham.com/marginal.html</a><p>Alexander Young (of Soundcloud) speaking about Berlin: ""The atmosphere and culture in Berlin is very unique. Since the costs for living are still low, people can afford to only work a few hours per week, and do the stuff they want the rest of the time.""\n<a href=""http://blog.twingly.com/2010/05/18/from-stockholm-to-berlin-interview-with-soundcloud-ceo-alexander-ljung/"" rel=""nofollow"">http://blog.twingly.com/2010/05/18/from-stockholm-to-berlin-...</a><p>That can't be said about Stockholm nor Helsinki.",1359716572
127,5150171,comment,5149404.0,5149404.0,1,0,hackelly,,,Je voudrai hacker un compte moviestarplanet,1359716568
128,5150170,comment,5149404.0,5149404.0,-4,0,hackelly,,,Je voudrai hacker un compte moviestarplanet,1359716567
129,5150169,story,,,1,0,zbiskup,Custom template redirect in WordPress,http://www.codeforest.net/custom-template-redirect-in-wordpress,,1359716560
130,5150168,comment,5150107.0,5150107.0,2,0,the_gipsy,,,"Idea: instead of matching the shape of what the user has drawn raster-wise, let the user draw an svg-like path, and try to identify the letter by the trace.",1359716529
131,5150167,comment,5150107.0,5150107.0,7,0,Hupo,,,"Couldn't get it to find the unicode snowman[1]: <a href=""http://i.imgur.com/gaIY9Gd.png"" rel=""nofollow"">http://i.imgur.com/gaIY9Gd.png</a> (my drawing skills are awesome, no?)<p>But that aside, this looks like a neat idea. Not something I have any immediate use for myself, but could certainly be useful in some situations.<p>[1] <a href=""http://www.fileformat.info/info/unicode/char/2603/index.htm"" rel=""nofollow"">http://www.fileformat.info/info/unicode/char/2603/index.htm</a>",1359716509
132,5150166,comment,5149222.0,5149321.0,5,0,mebassett,,,"I don't know if this counts as <i>in production</i>, but we use racket extensively on my team (we do predictive market simulations).  I wish I could give you a deep technical reason why racket works where nothing else would do - but the truth is that I'm the one who picks the technology, and I like writing code in racket.<p>biggest problems thus far are 1) the lack of external libraries (exempli gratia, nothing like python's boto for talking to ec2), but you probably saw that one coming.  and 2) the language is almost too big, with too many datatypes:  without even mentioning macros (which racket does quite well), the class/object system, the functional and mutable datatypes, contracts, pattern matching, typed racket, et cetera, can keep you pretty busy.  Myself and the others might not just know racket well enough yet, but it's easy for one person to write unreadable code without ever leaving standard language constructs.<p>But this is also the best thing about racket - the language is flexible enough that you can find a natural way to express whatever you need to.  We've also been playing with distributed places (racket processes on remote machines) with some success, too.",1359716509
133,5150165,comment,5149821.0,5150085.0,3,0,meriksson,,,"Running a software company in Stockholm, Sweden is a blast. It is a great place to live, plenty of good people to recruit, a decent domestic market, e.g. many big companies willing to try out services from startups. There is a vast number of small tech companies here, most of them completely unknown. Every week I learn about some cool new company doing their thing just around the block from us, without ever having heard of the people involved.<p>There are some major caveats: Income taxes are extremely high and tax rules makes it almost impossible to share ownership in a rational way, e.g. it is very hard to setup stock option programs etc. Also, the domestic venture capital market is extremely underdeveloped - a great opportunity for foreign investors!<p>I am a firm opponent of all government programs to stimulate entrepreneurship. My view is that the government should simply get out of the way. And in fact, except for the taxes, this is by and large what the Swedish government is doing. For example, there is very little bureaucracy around running a business, e.g. starting an incorporated company is now done easily over the internet, often the whole process can be completed in a matter of days.",1359716473
134,5150164,comment,5149698.0,5149698.0,1,0,jorgenblindheim,,,"I use Symphonical: www.symphonical.com<p>It's only for web atm, but mobile should be around the corner..",1359716445
135,5150163,comment,5150107.0,5150107.0,2,0,smcl,,,"Sounds cool but sadly hasn't worked for the letters I often need but haven't easy access to (czech characters like: ,  and ). Perhaps because the element that makes them distinct from the latin (the ""haek"") is so tiny.<p>Edit, I just drew the  larger and it recognised it correctly. Cool :)",1359716431
136,5150162,comment,5148487.0,5148487.0,14,0,adventured,,,"Steve Jobs keeps coming up in this thread. People seem to be missing two very important things regarding him.<p>Warren Buffett is giving his wealth away, but he isn't doing much actual charitable giving of his own direction. If you read up on it, you'll find that Buffett regards the best use of his time to be capital allocation, aka running Berkshire to generate profit. And then giving that wealth generation to the Gates Foundation to distribute. Why? In Buffett's own words, he thinks he would suck at distribution, so he picked someone better to do it.<p>Buffett is regarded as an important philanthropist now. However, he had no intention of being that during his lifetime. Susan was supposed to give his wealth away, but she (unexpectedly) died before him, forcing Buffett to change course. I assume I don't need to elaborate the point that things are not so linear as so many here seem to think.<p>Has anybody considered that Jobs regarded his best gift as building products? And that his wife would be far better at giving the wealth away.<p>Jobs died at a mere 56 years of age. He was sick for seven years with a form of cancer that is particularly hard to cure. If we're talking about his fortune, in all likelihood his best use of time was to drive Apple forward (he held something like $2 billion worth of Apple stock), and complete the sale of Pixar to Disney (2006) to secure his billions there as well.<p>Was Jobs going to suddenly become an amazing philanthropist, while dying from a horrific cancer, while running Apple and Pixar? This is an absurd notion. Bill Gates - by all accounts a highly productive person - had to leave his work at Microsoft in order to become a good philanthropist and go full time at the Gates Foundation.<p>Gates will spend the rest of his life on the philanthropy course. There was no 'rest of his life' for Jobs, his wife will fulfill that end. His wife will be the great philanthropist. And I believe it's very likely that was exactly what he had in mind. That thought is amplified by his lack of affection for wealth, there's no reason to think Jobs was desperate to hold onto it so he could buy mansions and leave his children billions. The logical conclusion is, he didn't view himself as the one to do the giving. Laurene is a mere 48 years old, she has a long life of giving ahead of her, bet on it.",1359716407
