,col0,col1,col2,col3,col4,col5,col6,col7,col8,col9,col10
0,0,boundary,Static,Black,128.0,-2.5,0.0,256.0,5.0,,
1,1,boundary,Static,Black,-2.5,128.0,0.0,5.0,256.0,,
2,2,boundary,Static,Black,128.0,258.5,0.0,256.0,5.0,,
3,3,boundary,Static,Black,258.5,128.0,0.0,5.0,256.0,,
4,4,bar,Static,Black,38.400001525878906,181.75999450683597,0.0,25.6,5.12,,
5,5,circle,Dynamic,Green,38.400001525878906,242.8836669921875,,,,,12.5
6,6,bar,Static,Purple,128.0,2.559999942779541,0.0,256.0,5.12,,
7,7,User Circle,Dynamic,Red,35.0,205.0,,,,,14.0
