,col0,col1,col2,col3,col4,col5,col6,col7,col8,col9,col10,col11,col12,col13,col14,col15,col16,col17,col18,col19
0,Norma Fisher,"Unit 0225 Box 8419
DPO AA 87743",jgoodsell0,Norma Fisher,4c2713a1-5b73-4ecb-b2e9-62bf0ff57165,Reverse-engineered incremental migration,Mayer-Bergnaum,11/24/2008,$12.58,34197.0,749317252-8,Norma Fisher,meganpeterson@wilson-morse.com,02/26/2016,False,yes,56,Gislason-Hagenes,Treutel Inc,"Cras mi pede, malesuada in, imperdiet et, commodo vulputate, justo. In blandit ultrices enim. Lorem ipsum dolor sit amet, consectetuer adipiscing elit.

Proin interdum mauris non ligula pellentesque ultrices. Phasellus id sapien in sapien iaculis congue. Vivamus metus arcu, adipiscing molestie, hendrerit at, vulputate vitae, nisl."
1,Jorge Sullivan,"698 Banks Loaf Suite 280
Harmonmouth, AZ 71846",estrowan1,Jorge Sullivan,9dda5116-ec27-4a64-a566-1cb06513460f,Grass-roots system-worthy focus group,,12/27/1981,$41.70,,420038879-0,Jorge Sullivan,kmaldonado@lowery.com,04/12/2016,False,no,55,,,
2,Elizabeth Woods,"5945 Jennifer Loaf
Pooleland, PA 25707",kgillet2,Elizabeth Woods,e93c361f-1cf3-4fc3-bfeb-f3dee49452fc,Right-sized 4th generation instruction set,Schmeler Group,04/13/1989,$66.07,64491.0,398520367-9,Elizabeth Woods,ellischristian@williams.info,04/03/2016,True,yes,23,Hodkiewicz LLC,Lakin-Sauer,"Nullam sit amet turpis elementum ligula vehicula consequat. Morbi a ipsum. Integer a nibh.

In quis justo. Maecenas rhoncus aliquam lacus. Morbi quis tortor id nulla ultrices aliquet.

Maecenas leo odio, condimentum id, luctus nec, molestie sed, justo. Pellentesque viverra pede ac diam. Cras pellentesque volutpat dui."
3,Susan Wagner,"37696 Richard Squares
Bartonton, NV 08874",mferreo3,Susan Wagner,e04d59af-7a42-468d-b11c-83b4c1fa2ee3,Pre-emptive solution-oriented adapter,Mertz and Sons,11/18/1981,$15.74,20450.0,272222159-4,Susan Wagner,emily99@gmail.com,09/17/2016,True,no,48,Herman and Sons,"Schuppe, Johnson and Heller","Nulla ut erat id mauris vulputate elementum. Nullam varius. Nulla facilisi.

Cras non velit nec nisi vulputate nonummy. Maecenas tincidunt lacus at velit. Vivamus vel nulla eget eros elementum pellentesque."
4,Peter Montgomery,"8789 Nicole Park
Larrymouth, MT 25142",aimm4,Peter Montgomery,89da2922-3639-4654-8c3e-58a8b95db32c,Monitored intermediate service-desk,Mayert-Homenick,02/23/1998,$78.19,69356.0,027802149-2,Peter Montgomery,pgoodman@gmail.com,04/11/2016,True,no,70,Hagenes Inc,"Wehner, Jaskolski and Champlin","Quisque porta volutpat erat. Quisque erat eros, viverra eget, congue eget, semper rutrum, nulla. Nunc purus.

Phasellus in felis. Donec semper sapien a libero. Nam dui."
5,Theodore Mcgrath,"206 Stewart Forest
Lake Karenhaven, CT 25464",rjanaszkiewicz5,Theodore Mcgrath,5180a72a-9978-41e9-89cb-f5b6913a7d89,Focused secondary product,Ortiz Inc,12/15/2008,$15.75,69285.0,953084568-5,Theodore Mcgrath,hollymoore@walsh.org,06/12/2016,False,FALSE,16,Lockman and Sons,Braun LLC,"Lorem ipsum dolor sit amet, consectetuer adipiscing elit. Proin risus. Praesent lectus.

Vestibulum quam sapien, varius ut, blandit non, interdum in, ante. Vestibulum ante ipsum primis in faucibus orci luctus et ultrices posuere cubilia Curae; Duis faucibus accumsan odio. Curabitur convallis."
6,Stephanie Collins,"4217 Burton Brooks
Robinville, KS 17988",jlepiscopio6,Stephanie Collins,9001ff29-fbda-4095-944b-7a371179e5a6,Triple-buffered client-server conglomeration,,12/10/2007,$85.82,,514100350-7,Stephanie Collins,moralesjacqueline@yahoo.com,12/17/2016,False,TRUE,7,,,
7,Stephanie Sutton,"24000 Erin Point Suite 590
Josephmouth, NE 49318",aprobbings7,Stephanie Sutton,1b7fd855-55d9-4034-9899-42a9095d3cde,Robust background circuit,Runte-Hartmann,01/29/1998,$64.32,41152.0,997334813-3,Stephanie Sutton,seangreen@griffin.net,05/14/2016,False,true,78,Leffler Group,"Grady, Crona and Luettgen",Aenean lectus. Pellentesque eget nunc. Donec quis orci eget orci vehicula condimentum.
8,Brian Hamilton,"69402 Joseph Junction
Jennifermouth, RI 05175",lalliban8,Brian Hamilton,d420f5cf-36bb-43e7-9c1d-0e7703e492fd,Public-key dedicated service-desk,Botsford-Boyle,05/30/2000,$25.15,93671.0,462155625-8,Brian Hamilton,simpsonlarry@williams-carson.biz,11/03/2016,True,false,30,Brakus-Gaylord,Auer Group,"Vestibulum ac est lacinia nisi venenatis tristique. Fusce congue, diam id ornare imperdiet, sapien urna pretium nisl, ut volutpat sapien arcu sed augue. Aliquam erat volutpat.

In congue. Etiam justo. Etiam pretium iaculis justo."
9,Susan Levy,"94568 Kelly Neck
North Kyle, NC 96008",cogan9,Susan Levy,3025458b-920e-4c05-ad8b-f42e047f2dde,Assimilated optimal circuit,Tremblay LLC,02/18/1982,$82.42,28468.0,295163448-X,Susan Levy,monroedavid@morales.biz,11/08/2016,True,yes,92,"McDermott, DuBuque and Rau",Glover-Emard,"Vestibulum ac est lacinia nisi venenatis tristique. Fusce congue, diam id ornare imperdiet, sapien urna pretium nisl, ut volutpat sapien arcu sed augue. Aliquam erat volutpat.

In congue. Etiam justo. Etiam pretium iaculis justo.

In hac habitasse platea dictumst. Etiam faucibus cursus urna. Ut tellus."
10,Sean Green,"4611 Wells Ville Suite 171
Simmonsport, WA 90561",stomasicchioa,Sean Green,b4ee3922-378c-4131-874f-8ebc5d280bc5,Object-based content-based secured line,"Ledner, Torphy and Schmitt",02/26/1986,$17.12,90269.0,401008001-9,Sean Green,lewisjennifer@gmail.com,12/13/2016,False,sometimes,49,"Mueller, Ernser and Smitham","Lemke, O'Kon and Hills","Nulla ut erat id mauris vulputate elementum. Nullam varius. Nulla facilisi.

Cras non velit nec nisi vulputate nonummy. Maecenas tincidunt lacus at velit. Vivamus vel nulla eget eros elementum pellentesque."
11,Kimberly Smith,"PSC 2961, Box 1133
APO AE 50939",bgoomsb,Kimberly Smith,01ec85ac-5473-4ee0-a988-0864dfd6722d,Vision-oriented bifurcated system engine,"Farrell, Treutel and Haag",01/14/1985,$56.03,83323.0,433717940-2,Kimberly Smith,davidbanks@ramirez-good.com,09/17/2016,False,true,32,Sawayn-Larson,"Nolan, O'Keefe and Wiza","Maecenas tristique, est et tempus semper, est quam pharetra magna, ac consequat metus sapien ut nunc. Vestibulum ante ipsum primis in faucibus orci luctus et ultrices posuere cubilia Curae; Mauris viverra diam vitae quam. Suspendisse potenti.

Nullam porttitor lacus at turpis. Donec posuere metus vitae ipsum. Aliquam non mauris."
12,Jennifer Summers,"847 Kramer Station Apt. 615
West Brenda, NE 25659",tchiversc,Jennifer Summers,8bbc431f-b571-4912-9cc6-64c08512f1f2,Cloned 3rd generation function,Harvey-Hickle,11/05/2016,$45.82,76764.0,733010158-3,Jennifer Summers,bburton@yahoo.com,01/22/2016,True,NO,73,O'Connell-Klocko,Nikolaus-McGlynn,"Curabitur at ipsum ac tellus semper interdum. Mauris ullamcorper purus sit amet nulla. Quisque arcu libero, rutrum ac, lobortis vel, dapibus at, diam."
13,April Snyder,"087 David Locks
Jaredton, IL 82213",tdreusd,April Snyder,97e50f8b-270f-4d67-b191-1e015096d472,Compatible encompassing matrix,Bernier and Sons,04/14/2014,$97.46,78245.0,392918422-2,April Snyder,callahandennis@hotmail.com,02/16/2016,False,no,92,"Renner, McCullough and Walsh","Collier, Schuster and Block","Proin leo odio, porttitor id, consequat in, consequat ut, nulla. Sed accumsan felis. Ut at dolor quis odio consequat varius.

Integer ac leo. Pellentesque ultrices mattis odio. Donec vitae nisi."
14,Dana Nguyen,"6582 Vanessa Oval
New Richard, NE 68819",gsupplee,Dana Nguyen,e1d8e28c-d543-42db-a7b6-cb1128a8effd,Synergistic optimal orchestration,Crist Inc,05/13/1987,$15.81,59115.0,712672732-1,Dana Nguyen,wigginsjoshua@gmail.com,05/04/2016,True,TRUE,39,Weber LLC,Schuppe-Runolfsdottir,"Phasellus in felis. Donec semper sapien a libero. Nam dui.

Proin leo odio, porttitor id, consequat in, consequat ut, nulla. Sed accumsan felis. Ut at dolor quis odio consequat varius."
15,Cheryl Bradley,"7389 Alec Squares Suite 508
Port Jonathan, FL 50177",stemplarf,Cheryl Bradley,23f475d3-74a5-43eb-8cd9-345f6ddfb423,Customer-focused optimizing product,Ruecker-Zemlak,09/14/1981,$44.86,21142.0,438762010-2,Cheryl Bradley,harrisjordan@potts-mays.com,04/02/2016,False,NO,53,Graham-King,Collier LLC,"Maecenas tristique, est et tempus semper, est quam pharetra magna, ac consequat metus sapien ut nunc. Vestibulum ante ipsum primis in faucibus orci luctus et ultrices posuere cubilia Curae; Mauris viverra diam vitae quam. Suspendisse potenti.

Nullam porttitor lacus at turpis. Donec posuere metus vitae ipsum. Aliquam non mauris.

Morbi non lectus. Aliquam sit amet diam in magna bibendum imperdiet. Nullam orci pede, venenatis non, sodales sed, tincidunt eu, felis."
16,Walter Pratt,"18013 Billy Bridge Suite 522
Schmitthaven, NC 66355",jkiendlg,Walter Pratt,4f40fa12-f799-4029-8a30-71aca4fab9be,Extended 3rd generation firmware,,12/14/2014,$52.86,,339064626-4,Walter Pratt,xbowman@hotmail.com,07/07/2016,False,true,29,,,
17,Bobby Flores,"891 Bullock Ford
Amandachester, NJ 51431",osheardh,Bobby Flores,23b40848-16fb-4023-a94b-5be44c080a88,Ameliorated needs-based data-warehouse,Reichert-Ebert,12/27/2010,$89.06,67203.0,061661177-3,Bobby Flores,nicholascarter@hernandez.com,08/25/2016,False,,2,O'Connell Group,"Wolff, Wehner and Oberbrunner","Maecenas ut massa quis augue luctus tincidunt. Nulla mollis molestie lorem. Quisque ut erat.

Curabitur gravida nisi at nibh. In hac habitasse platea dictumst. Aliquam augue quam, sollicitudin vitae, consectetuer eget, rutrum at, lorem."
18,Tasha Rodriguez,"02489 Cook Park
Sherriport, MT 50853",vbasterfieldi,Tasha Rodriguez,1fb3906f-8730-4dda-b8b7-896fdf092c4a,Streamlined dynamic hardware,,10/15/2005,$20.71,,433426291-0,Tasha Rodriguez,morganchristine@gmail.com,09/08/2016,False,YES,79,,,
19,Michelle Kelley,"23450 Timothy Divide
Wuland, UT 20341",karblasterj,Michelle Kelley,dcc764ec-011b-4fc1-abd3-e360089581b4,Ameliorated client-driven secured line,Hills and Sons,01/17/1995,$48.64,38562.0,003915810-1,Michelle Kelley,edwardsilva@yahoo.com,07/17/2016,True,true,69,"Smith, Corwin and Schroeder",Goyette-Goodwin,In hac habitasse platea dictumst. Etiam faucibus cursus urna. Ut tellus.
20,Kimberly Maynard,"0976 Williams Mountains Apt. 009
Lake Mario, OH 85565",selsayk,Kimberly Maynard,aad1618a-3d49-46d7-90da-c19503f927f8,Inverse mission-critical model,O'Keefe Group,03/06/1984,$78.97,80346.0,255771806-8,Kimberly Maynard,kellywoods@gmail.com,01/22/2016,False,,6,Spencer-Torp,Ullrich Inc,"Vestibulum ac est lacinia nisi venenatis tristique. Fusce congue, diam id ornare imperdiet, sapien urna pretium nisl, ut volutpat sapien arcu sed augue. Aliquam erat volutpat.

In congue. Etiam justo. Etiam pretium iaculis justo."
21,Laurie Wallace,"1097 Santos Springs Suite 264
New Michelleborough, WY 51884",bemblinl,Laurie Wallace,e40d7183-eebe-47c6-9ec6-e54c36a80096,Profit-focused incremental orchestration,Buckridge Group,,$46.88,56260.0,426095673-6,Laurie Wallace,hayden81@powell-murphy.biz,08/28/2016,True,no,94,Zemlak-Kreiger,Mante-Hessel,"Phasellus sit amet erat. Nulla tempus. Vivamus in felis eu sapien cursus vestibulum.

Proin eu mi. Nulla ac enim. In tempor, turpis nec euismod scelerisque, quam turpis adipiscing lorem, vitae mattis nibh ligula nec sem.

Duis aliquam convallis nunc. Proin at turpis a pede posuere nonummy. Integer non velit."
22,Janice Johnston,"5100 Scott Burg
East Clayton, SC 66353",vdallonm,Janice Johnston,bf6a7eef-d6a5-4d06-ab63-631841deb014,Enhanced mission-critical functionalities,,03/25/2003,$85.19,,966275591-8,Janice Johnston,hoffmantimothy@randall-cherry.com,11/04/2016,False,yes,6,,,
23,Collin Lopez,"412 Snow Manors Apt. 161
South Kimtown, NV 57004",bhartlandn,Collin Lopez,e5dbc5e2-bd36-48c4-93a6-2002fa82e38f,Assimilated tangible functionalities,"Grady, Bernhard and Yost",12/02/1994,$53.96,45800.0,089164796-1,Collin Lopez,fwilson@johnson-rogers.com,05/30/2016,True,NO,33,Schmeler-McKenzie,"Moen, Purdy and Schultz","In congue. Etiam justo. Etiam pretium iaculis justo.

In hac habitasse platea dictumst. Etiam faucibus cursus urna. Ut tellus."
24,Mary Alvarez,"5415 David Square
West Michaeltown, IN 48447",tallabartono,Mary Alvarez,db26726d-02d7-46de-9fef-72537b8f5e73,Centralized 24 hour data-warehouse,"Altenwerth, Wuckert and Feest",11/02/1999,$32.31,39634.0,983426091-1,Mary Alvarez,odrake@jones.com,08/15/2016,True,no,26,"Beahan, Koch and Heidenreich",Kirlin-Bruen,"Morbi porttitor lorem id ligula. Suspendisse ornare consequat lectus. In est risus, auctor sed, tristique in, tempus sit amet, sem."
25,Peter Mcdowell,"03104 Norris Rapids
Port Donald, DE 62982",bdurbridgep,Peter Mcdowell,9f659b3d-3ca7-442b-b9f9-85df21738d20,Customizable stable core,Weimann Inc,,$47.90,73216.0,483676849-7,Peter Mcdowell,cruzcorey@stone.org,07/20/2016,False,TRUE,13,"Mosciski, Wolf and Bruen",Will Group,"Fusce posuere felis sed lacus. Morbi sem mauris, laoreet ut, rhoncus aliquet, pulvinar sed, nisl. Nunc rhoncus dui vel sem.

Sed sagittis. Nam congue, risus semper porta volutpat, quam pede lobortis ligula, sit amet eleifend pede libero quis orci. Nullam molestie nibh in lectus."
26,Sarah Villanueva,"03557 Phillips Wells Suite 291
New Beverlyburgh, FL 16915",amcilwraithq,Sarah Villanueva,f8e28161-ee5c-4e90-9276-8928d8a1fe45,Re-engineered clear-thinking instruction set,"Kiehn, Auer and Cruickshank",10/13/1994,$29.88,95585.0,584880185-1,Sarah Villanueva,omiller@richards-jackson.com,06/16/2016,True,sometimes,57,Bauch and Sons,Hartmann Inc,"Cras mi pede, malesuada in, imperdiet et, commodo vulputate, justo. In blandit ultrices enim. Lorem ipsum dolor sit amet, consectetuer adipiscing elit.

Proin interdum mauris non ligula pellentesque ultrices. Phasellus id sapien in sapien iaculis congue. Vivamus metus arcu, adipiscing molestie, hendrerit at, vulputate vitae, nisl.

Aenean lectus. Pellentesque eget nunc. Donec quis orci eget orci vehicula condimentum."
27,Kimberly Myers,"332 Watson Shore Apt. 290
Millerland, MT 39742",hcordenr,Kimberly Myers,23b9128a-080d-40f1-bc9d-ed9f35d15c63,Virtual solution-oriented benchmark,"Ruecker, Hilll and Dicki",06/23/1999,$83.48,11095.0,779580200-1,Kimberly Myers,brownmichelle@hotmail.com,02/07/2016,True,yes,72,Bahringer and Sons,Aufderhar-Hudson,"Proin leo odio, porttitor id, consequat in, consequat ut, nulla. Sed accumsan felis. Ut at dolor quis odio consequat varius.

Integer ac leo. Pellentesque ultrices mattis odio. Donec vitae nisi.

Nam ultrices, libero non mattis pulvinar, nulla pede ullamcorper augue, a suscipit nulla elit ac nulla. Sed vel enim sit amet nunc viverra dapibus. Nulla suscipit ligula in lacus."
28,Desiree Cain,"645 John Roads
Danahaven, MS 54060",abeacocks,Desiree Cain,348dc629-504f-4266-9d12-93ec1a51b5de,Vision-oriented coherent standardization,,12/04/2000,$32.19,,836520830-X,Desiree Cain,mgoodwin@crawford.com,03/10/2016,True,,13,,,
29,Stephanie Lawrence,"3547 Stephanie Underpass Apt. 418
Port Jacqueline, HI 55774",wleveringtont,Stephanie Lawrence,a8e9517c-eb63-4743-8eaf-11fe9f76dc60,Multi-lateral next generation archive,Wiza-Haley,04/22/2004,$0.41,21378.0,607407045-8,Stephanie Lawrence,cindygarcia@gray-payne.com,05/13/2016,False,TRUE,23,"Steuber, Hoppe and Bruen",Rempel Inc,"Duis consequat dui nec nisi volutpat eleifend. Donec ut dolor. Morbi vel lectus in quam fringilla rhoncus.

Mauris enim leo, rhoncus sed, vestibulum sit amet, cursus id, turpis. Integer aliquet, massa id lobortis convallis, tortor risus dapibus augue, vel accumsan tellus nisi eu orci. Mauris lacinia sapien quis libero.

Nullam sit amet turpis elementum ligula vehicula consequat. Morbi a ipsum. Integer a nibh."
30,Lauren Hayes,"5825 Welch Corners
Fischerport, UT 59363",cstrydeu,Lauren Hayes,45d86ea6-0012-4970-bba3-6432f03553d6,Sharable 3rd generation forecast,"Rowe, Cartwright and Wiza",06/07/2003,$55.55,88475.0,970951097-5,Lauren Hayes,zhernandez@frazier.com,07/01/2016,False,sometimes,43,Balistreri LLC,Wolf-Torphy,"Duis aliquam convallis nunc. Proin at turpis a pede posuere nonummy. Integer non velit.

Donec diam neque, vestibulum eget, vulputate ut, ultrices vel, augue. Vestibulum ante ipsum primis in faucibus orci luctus et ultrices posuere cubilia Curae; Donec pharetra, magna vestibulum aliquet ultrices, erat tortor sollicitudin mi, sit amet lobortis sapien sapien non mi. Integer ac neque."
31,Whitney Stark,"41489 Roger Terrace
Davisfort, IN 71770",ccathesyedv,Whitney Stark,15741b10-c48b-455e-b225-5020da01a93b,Customer-focused optimal system engine,Hayes Inc,01/02/2011,$92.63,48656.0,236374986-3,Whitney Stark,mreid@hotmail.com,05/15/2016,True,yes,60,Botsford-Rodriguez,"Stiedemann, Kemmer and Brown","Vestibulum quam sapien, varius ut, blandit non, interdum in, ante. Vestibulum ante ipsum primis in faucibus orci luctus et ultrices posuere cubilia Curae; Duis faucibus accumsan odio. Curabitur convallis.

Duis consequat dui nec nisi volutpat eleifend. Donec ut dolor. Morbi vel lectus in quam fringilla rhoncus.

Mauris enim leo, rhoncus sed, vestibulum sit amet, cursus id, turpis. Integer aliquet, massa id lobortis convallis, tortor risus dapibus augue, vel accumsan tellus nisi eu orci. Mauris lacinia sapien quis libero."
32,Angela Salazar,"014 Aaron Locks Suite 714
Justinborough, CO 05147",rifflandw,Angela Salazar,316812d7-41ff-42aa-8d1a-ffc6befda3b0,Seamless secondary emulation,Wilderman-Zemlak,05/02/1983,$78.78,95469.0,169865158-9,Angela Salazar,petersonsydney@meyers-johnson.com,04/18/2016,False,TRUE,59,Reynolds Group,Rodriguez-McClure,"Maecenas tristique, est et tempus semper, est quam pharetra magna, ac consequat metus sapien ut nunc. Vestibulum ante ipsum primis in faucibus orci luctus et ultrices posuere cubilia Curae; Mauris viverra diam vitae quam. Suspendisse potenti.

Nullam porttitor lacus at turpis. Donec posuere metus vitae ipsum. Aliquam non mauris."
33,Mr. Ryan Sanchez,"8518 Pamela Track Apt. 164
Aprilshire, SC 28062",fsteinx,Mr. Ryan Sanchez,0a14ff52-1d8c-450e-86a9-cc2069a4213d,Triple-buffered regional analyzer,"Hauck, O'Hara and Dibbert",07/13/2008,$88.52,69629.0,236206999-0,Mr. Ryan Sanchez,meganaguilar@hotmail.com,02/18/2016,True,true,86,Haag-Bailey,Rau LLC,"Maecenas leo odio, condimentum id, luctus nec, molestie sed, justo. Pellentesque viverra pede ac diam. Cras pellentesque volutpat dui.

Maecenas tristique, est et tempus semper, est quam pharetra magna, ac consequat metus sapien ut nunc. Vestibulum ante ipsum primis in faucibus orci luctus et ultrices posuere cubilia Curae; Mauris viverra diam vitae quam. Suspendisse potenti.

Nullam porttitor lacus at turpis. Donec posuere metus vitae ipsum. Aliquam non mauris."
34,Autumn Robinson,"864 Ramos Port Apt. 211
Moralesmouth, OH 88090",sniavesy,Autumn Robinson,a82f197c-f1ac-4d02-82be-3968427b1bb4,Customer-focused analyzing productivity,Ankunding Group,09/05/2008,$42.54,12643.0,218498131-1,Autumn Robinson,marshzachary@gmail.com,06/30/2016,True,false,4,"Donnelly, Pfeffer and Roberts","Kuvalis, Lubowitz and Zboncak","Praesent id massa id nisl venenatis lacinia. Aenean sit amet justo. Morbi ut odio.

Cras mi pede, malesuada in, imperdiet et, commodo vulputate, justo. In blandit ultrices enim. Lorem ipsum dolor sit amet, consectetuer adipiscing elit.

Proin interdum mauris non ligula pellentesque ultrices. Phasellus id sapien in sapien iaculis congue. Vivamus metus arcu, adipiscing molestie, hendrerit at, vulputate vitae, nisl."
35,Faith Cabrera,"637 Neal Island Suite 074
Lake Tyler, RI 28775",gdoylyz,Faith Cabrera,a8f42a80-444a-4bcb-a7e9-38ded2c702c2,Streamlined leading edge groupware,Maggio and Sons,05/13/2000,$74.67,67907.0,190797448-2,Faith Cabrera,davidturner@rivera-martin.com,08/04/2016,False,false,2,Kozey-Romaguera,Kovacek-Lebsack,"Nullam porttitor lacus at turpis. Donec posuere metus vitae ipsum. Aliquam non mauris.

Morbi non lectus. Aliquam sit amet diam in magna bibendum imperdiet. Nullam orci pede, venenatis non, sodales sed, tincidunt eu, felis.

Fusce posuere felis sed lacus. Morbi sem mauris, laoreet ut, rhoncus aliquet, pulvinar sed, nisl. Nunc rhoncus dui vel sem."
36,Charles Wolfe,"0811 Smith Canyon Apt. 904
Jessicabury, WV 75585",ctarbatt10,Charles Wolfe,6e358247-071f-478a-8452-28159a9f6da0,Right-sized logistical focus group,"Lakin, Kohler and Rogahn",08/10/1984,$28.33,46894.0,094697521-3,Charles Wolfe,william88@gmail.com,04/21/2016,True,YES,57,Gislason-Murray,Gerhold LLC,"Lorem ipsum dolor sit amet, consectetuer adipiscing elit. Proin risus. Praesent lectus."
37,Kenneth Kent,"7562 Fisher Spur
Hernandezberg, MD 17438",emcgettigan11,Kenneth Kent,ac38aa40-9e5a-4842-8a56-aabae234d828,User-centric zero defect budgetary management,Graham Inc,05/02/1998,$76.28,43880.0,258048655-0,Kenneth Kent,burgessrebecca@roberts.biz,02/06/2016,True,YES,29,Powlowski Group,"Kunze, Jakubowski and Tremblay",Nullam sit amet turpis elementum ligula vehicula consequat. Morbi a ipsum. Integer a nibh.
38,Melanie Johnson,"5667 Blair Underpass
South Shelby, VT 07027",mdealy12,Melanie Johnson,20e2897c-a8f4-4e33-985a-5de751fa675f,Cross-platform 3rd generation solution,Mayert-Jacobs,06/20/2003,$90.84,69931.0,295626053-7,Melanie Johnson,olawson@gmail.com,09/10/2016,False,false,56,Baumbach-Rolfson,"Heidenreich, Harris and Halvorson","Proin leo odio, porttitor id, consequat in, consequat ut, nulla. Sed accumsan felis. Ut at dolor quis odio consequat varius.

Integer ac leo. Pellentesque ultrices mattis odio. Donec vitae nisi."
39,Lisa Johnston,"PSC 0312, Box 5023
APO AP 39498",imordan13,Lisa Johnston,78d9f721-6a6f-4b61-9f16-f920330bb413,Progressive transitional parallelism,,09/05/1987,$42.02,,829075761-1,Lisa Johnston,kevinhudson@jones-heath.com,09/02/2016,False,NO,53,,,
40,Jacob Hooper,"6708 Carpenter Overpass Suite 735
Bobbyton, MI 01008",mbonhomme14,Jacob Hooper,8b1cf256-2e75-47d0-9ef1-bd05a7a8aa40,Phased even-keeled moderator,Rath Inc,10/21/2007,$80.18,57057.0,482496005-3,Jacob Hooper,dpatrick@gmail.com,11/27/2016,False,false,46,Mertz-Jast,Hermann and Sons,"Etiam vel augue. Vestibulum rutrum rutrum neque. Aenean auctor gravida sem.

Praesent id massa id nisl venenatis lacinia. Aenean sit amet justo. Morbi ut odio.

Cras mi pede, malesuada in, imperdiet et, commodo vulputate, justo. In blandit ultrices enim. Lorem ipsum dolor sit amet, consectetuer adipiscing elit."
41,Alex Woodward,"16396 Shawn Junction
New Nicolemouth, ND 60236",ostallworthy15,Alex Woodward,fdffc27d-b625-4b4c-a037-7225377bb942,Object-based asymmetric migration,"Medhurst, Homenick and Marquardt",01/06/2007,$35.20,18641.0,456756372-7,Alex Woodward,justingreer@mcmahon.biz,06/10/2016,False,TRUE,56,"Sanford, Oberbrunner and Stracke",Schulist-Senger,Duis bibendum. Morbi non quam nec dui luctus rutrum. Nulla tellus.
42,Caleb Clark,"PSC 4080, Box 3513
APO AP 45818",pstanners16,Caleb Clark,87592e58-5628-4d38-a3ae-fb06df901777,Adaptive well-modulated local area network,Murray Group,01/12/1994,$66.92,70036.0,393533011-1,Caleb Clark,mwu@miller.com,06/12/2016,False,no,69,Crist and Sons,Moore and Sons,"Maecenas leo odio, condimentum id, luctus nec, molestie sed, justo. Pellentesque viverra pede ac diam. Cras pellentesque volutpat dui.

Maecenas tristique, est et tempus semper, est quam pharetra magna, ac consequat metus sapien ut nunc. Vestibulum ante ipsum primis in faucibus orci luctus et ultrices posuere cubilia Curae; Mauris viverra diam vitae quam. Suspendisse potenti.

Nullam porttitor lacus at turpis. Donec posuere metus vitae ipsum. Aliquam non mauris."
43,Taylor Johnson,"4486 Olson Well
North Kevin, CA 01707",ccrolla17,Taylor Johnson,1b423a53-d014-4648-9f64-db4807525c2f,Synergistic logistical Graphic Interface,Moore and Sons,06/05/1995,$52.73,14746.0,087846643-6,Taylor Johnson,carrpaul@gmail.com,12/14/2016,False,true,56,Aufderhar-Mann,Sauer-Carter,"Etiam vel augue. Vestibulum rutrum rutrum neque. Aenean auctor gravida sem.

Praesent id massa id nisl venenatis lacinia. Aenean sit amet justo. Morbi ut odio.

Cras mi pede, malesuada in, imperdiet et, commodo vulputate, justo. In blandit ultrices enim. Lorem ipsum dolor sit amet, consectetuer adipiscing elit."
44,Brian Green,"67771 Christopher Courts Apt. 637
Port Ronaldfurt, HI 33233",gnewdick18,Brian Green,49ee5fa4-d441-4d36-8708-29a394044fd3,Fundamental zero administration moderator,O'Kon-Pfannerstill,01/16/2008,$7.55,42229.0,546659697-3,Brian Green,bosborne@george.com,08/30/2016,True,true,91,Howell-Schowalter,"Huel, Walker and Blanda",Nullam sit amet turpis elementum ligula vehicula consequat. Morbi a ipsum. Integer a nibh.
45,Matthew Bell,"5561 Bishop Turnpike
Lake Kenneth, NY 79756",kfilippi19,Matthew Bell,e5a134ef-5a83-42da-a695-2ece98455030,Re-engineered executive pricing structure,,10/05/2013,$80.46,,830372513-0,Matthew Bell,james71@bishop.org,01/11/2016,False,,37,,,
46,Jonathan Williams,"3019 Gerald Mall Apt. 340
Trevinoville, SD 36216",agrogan1a,Jonathan Williams,b13bcb71-4950-4e7b-98ff-120c07ff0a16,Extended reciprocal standardization,Sporer and Sons,08/01/1993,$99.99,11073.0,839726250-4,Jonathan Williams,montesjennifer@yahoo.com,12/29/2016,True,FALSE,31,Fahey and Sons,Herman-Prohaska,"Maecenas leo odio, condimentum id, luctus nec, molestie sed, justo. Pellentesque viverra pede ac diam. Cras pellentesque volutpat dui."
47,William Gonzalez,"84331 Leonard Fort Suite 749
East Lisa, NY 43477",lculshaw1b,William Gonzalez,d006b259-bc10-4c6c-aca2-3cdc5957bf90,Reactive cohesive website,Johnson Group,,$75.72,19200.0,008549857-2,William Gonzalez,vlloyd@lucero.com,08/13/2016,False,TRUE,55,McLaughlin Group,Fadel-Botsford,"Curabitur gravida nisi at nibh. In hac habitasse platea dictumst. Aliquam augue quam, sollicitudin vitae, consectetuer eget, rutrum at, lorem.

Integer tincidunt ante vel ipsum. Praesent blandit lacinia erat. Vestibulum sed magna at nunc commodo placerat.

Praesent blandit. Nam nulla. Integer pede justo, lacinia eget, tincidunt eget, tempus vel, pede."
48,Nicholas Massey,"62281 Kathy Tunnel
Hudsonborough, VA 17819",psanja1c,Nicholas Massey,44b4441c-c659-4b37-9aed-b6081030e770,Realigned 6th generation structure,Weimann Inc,08/22/1983,$65.31,45540.0,207737343-1,Nicholas Massey,wwallace@gibson.com,03/01/2016,True,,45,"Beer, Wehner and Bode",Fritsch-Pollich,"Aliquam quis turpis eget elit sodales scelerisque. Mauris sit amet eros. Suspendisse accumsan tortor quis turpis.

Sed ante. Vivamus tortor. Duis mattis egestas metus."
49,Caroline Chambers,"9927 Christina Burg Suite 774
East Angelaburgh, NM 97149",gholme1d,Caroline Chambers,23f2f46f-0cbc-493c-9efa-05eed769235d,Open-architected 4th generation matrix,"Metz, Jacobson and Kreiger",03/24/1991,$41.52,15974.0,173704123-5,Caroline Chambers,tuckerrachel@estrada.com,02/18/2016,False,TRUE,12,Will-Schamberger,"Fisher, Feest and Hane","Lorem ipsum dolor sit amet, consectetuer adipiscing elit. Proin risus. Praesent lectus.

Vestibulum quam sapien, varius ut, blandit non, interdum in, ante. Vestibulum ante ipsum primis in faucibus orci luctus et ultrices posuere cubilia Curae; Duis faucibus accumsan odio. Curabitur convallis.

Duis consequat dui nec nisi volutpat eleifend. Donec ut dolor. Morbi vel lectus in quam fringilla rhoncus."
