,col0,col1,col2,col3,col4,col5,col6,col7,col8,col9,col10
0,2441556,comment,2439822.0,2439822.0,1,0,jrockway,,,"So what's the end result of this?  Someone named ""Heogotz"" will now be documenting his PS3 hacking from a VPN service in Europe?",1302692366
1,2441555,comment,2441526.0,2441526.0,1,0,michael_dorfman,,,"It seems to me you have a number of options here.<p>The simplest is to give him the source code, and walk away, and chalk the whole thing up as a learning experience.  In the unlikely event he is able to make something happen with the product, you're entitled to 30% of the profit, but I wouldn't count on it.  In this option, you do not keep a copy of the code for yourself, or do anything with it in the future.<p>Option #2 is to have a long, hard talk with him.  Lay everything out on the table, as clearly as possible.  Explain that you have developed a product that you think is ready to ship, and that you don't want to do any more work until it does ship.  If he has a list of things he things are necessary to get in the product before the initial ship date, have him itemize the list in detail, and then discuss and agree (in writing) on each one.<p>Option #3 is to buy your ""partner"" out.  Ask him to assign all rights to the product to you, in exchange for some consideration you both agree on (cash, or a share of the profits.)  Needless to say, you need to get the agreement in writing this time.<p>Option #4 is to talk to a lawyer.  I'm not a lawyer, but I would be absolutely shocked if you have any direct rights to the source code.  I believe you'd be exposing yourself to potential legal action if you tried to release this code, or do anything else with it on your own.  You really don't want to go down that road.",1302692353
2,2441554,comment,2441102.0,2441102.0,1,0,ujjvala,,,Windows to Linux\nBook to Kindle\ngEdit to gVim\nWord to LaTeX,1302692349
3,2441553,story,,,40,17,asymptotic,Hacker 'handshake' hole found in common firewalls,http://www.networkworld.com/news/2011/041211-hacker-exploit-firewalls.html,,1302692344
4,2441552,comment,2441102.0,2441102.0,1,0,cubix,,,Car => motorcycle + AutoShare (shared car service)<p>Work at office => Work from home,1302692235
5,2441551,comment,2441251.0,2441251.0,1,0,StavrosK,,,"Does anyone know if the solution is posted anywhere? It seems that the only thing the stranger does is to give them a reference point to figure out how many blue-eyed people there are, and not much else.",1302692210
6,2441550,comment,2440931.0,2440931.0,4,0,jrockway,,,"Don't take so many classes.  You aren't going to absorb the content from 7 advanced courses a day.<p>If you are taking classes to get a degree as quickly as possible, you'll find that five years from now you remember nothing and you wasted $200,000 or whatever college is costing you.",1302692209
7,2441549,story,,,1,0,rampok,Notworking. A new working method for startup employees?,http://startupceo.posterous.com/notworking,,1302692132
8,2441548,comment,2441464.0,2441464.0,3,0,hrktb,,,This seems to ignore the case where a form is pre-filled with previously inputed info or some defaults. It feels more natural to clear the form and write all fields with  new infos than to overwrite everying field by field.<p>now it's a long time I haven't seen a useful reset button.,1302692132
9,2441547,comment,2441464.0,2441464.0,1,0,aj700,,,They still exist and I've pressed them just before thumping the desk.<p>Is there a greasemonkey script to get the browser to ignore them; are there extensions for any browser to do this without greasemonkey?<p>or with a user stylesheet?<p>input[.reset]{display:none;}\nwhat is the right css? I haven't used it in a while?,1302692108
10,2441546,comment,2441464.0,2441464.0,-4,0,pmr_,,,"Dear Cats on the internet,\nplease spellcheck your posts and proofread them before you post your rants to the internet. Otherwise some people might think they are unpleasant to read and possibly wont take them serious.<p>If you have a ""related reading"" section you might want to also use it to post some links to those guides. We are here to help each other, aren't we?<p>And: No, I don't use reset buttons.",1302692013
11,2441545,comment,2441102.0,2441349.0,5,0,cubix,,,Can you elaborate as to why? I would have expected the exact opposite.,1302692006
12,2441544,comment,2441464.0,2441522.0,2,0,f00li5h,,,"a commonly used ticketing system has them, as does a particular bank i know of ...<p>you'd be surprised to hear that i had a need to use both of them in the same day and they both got me with it...",1302691981
13,2441543,comment,2440732.0,2441259.0,3,0,rednum,,,"I really appreciate the overview that author gave in readme. Quite often links to seemingly interesting github projects are submitted, but I am unable to figure out the 'really cool' parts. Explanation adds much value to playing with the project.",1302691929
14,2441542,comment,2441464.0,2441464.0,5,0,bendtheblock,,,"Good example of implementing a feature because it's easy to do, rather than because it has real utility. Why it's part of the HTML form spec I don't know. Was it ever useful?",1302691900
15,2441541,comment,2439315.0,2439315.0,1,0,asymptotic,,,"The site in inaccessible.<p><a href=""http://www.downforeveryoneorjustme.com/www.maqetta.org"" rel=""nofollow"">http://www.downforeveryoneorjustme.com/www.maqetta.org</a><p>How could IBM screw up a web hosting solution?  And how does that reflect on the quality of this web UI tool?",1302691866
16,2441540,story,,,4,1,xnerdr,How to check if you are banned from reddit,http://nerdr.com/how-to-check-if-you-are-banned-from-reddit/,,1302691829
17,2441539,comment,2440319.0,2440608.0,3,0,tyng,,,"Last year I was checking-in like mad, this year I completely stopped. Why? Because I changed job and the new people I hang out with don't use 4sq. It's a very different crowd that if I pull out my phone and start checking-in it would be seen as a very strange and embarrassing behaviour.<p>So I guess your challenge is to make check-in's as natural and encouraging as giving way to the ladies at busy restaurants.",1302691826
18,2441538,story,,,2,0,techvibe,Yahoo shuts down Site Explorer API,http://developer.yahoo.com/search/siteexplorer/,,1302691823
19,2441537,story,,,2,0,evjan,Punk Rock Languages,http://pragprog.com/magazines/2011-03/punk-rock-languages,,1302691814
20,2441536,comment,2438980.0,2440042.0,1,0,danssig,,,"Then they <i>should</i> get unhappy, they <i>should</i> test the market and they <i>should</i> find out that they're wrong.  Who knows, maybe they'll realize they need to step up their game.<p>I really hate this ""just keep 'em dumb and happy"" nonsense.  We're not children (and you shouldn't treat children like that either).",1302691798
21,2441535,story,,,98,46,bambax,Don't tell StackOverflow I'm a hacker (they think I'm a bot),http://blog.medusis.com/dont-tell-stackoverflow-im-a-hacker-they-thin,,1302691794
22,2441534,comment,2440319.0,2440319.0,-1,0,rwmj,,,"Lacking context.  What's a ""check-in""?",1302691772
23,2441533,story,,,1,0,barrydahlberg,Internet file sharing bill passes second reading under urgency,http://www.nbr.co.nz/article/internet-file-sharing-bill-under-urgency-ck-90750,,1302691731
24,2441532,comment,2440630.0,2441232.0,4,0,rwmj,,,"Scala, Clojure and Groovy are certainly not gaining ""massive traction"".  There are still millions weenies out there turning out new Cobol ^W I mean Java/.Net applications.",1302691639
25,2441531,comment,2441402.0,2441480.0,1,0,peachananr,,,"I totally agree with you here, speed also plays a great role into this, but don't you think using SDK buttons seems a little too lazy?<p>Good design doesn't always mean as shiny as it could get. Minimal approach such as Windows Phone 7 UI design is also consider as a good design.<p>I understand what you are trying to imply here. I just realized that I also should have given some comparison on shiny and minimal designs as well. Thanks for mentioning about this. :)",1302691611
26,2441530,comment,2440931.0,2441375.0,1,0,Mz,,,Not everyone acts that way.  Some folks with PHD's are really cool people.  I have begun to think that those folks who do act that way are fundamentally insecure..or something.<p>Have an upvote.,1302691569
27,2441529,comment,2440432.0,2440939.0,14,0,JesseAldridge,,,"In fairness you probably attract more of that sort of thing than 99% of people.  I mean, if you're going to act so aggressively alpha, you're going to get attacked often.  So your view might be a bit skewed here.",1302691566
28,2441528,comment,2441402.0,2441480.0,1,0,Sakes,,,"Looks are definitely a ""part"" of the user experience, but not ""the user"" experience.  If you don't believe that font selection, color, white space, layout, and image selection palys a significant role in communicating information clearly and quickly, then your tool box is missing a few tools.<p>Yes, things being fast and easy to use are part of a user experience as well, but they don't make up the complete user experience.",1302691555
29,2441527,comment,2440630.0,2441378.0,1,0,bpodgursky,,,Hadoop,1302691552
30,2441526,story,,,3,7,fortressfalls,My 'partner' won't let me release. I feel like a hostage. 3 mos and counting.,,"Picked up a biz partner a few mos ago on craigslist. He was looking to make an iPad app. I agreed to a 30% stake... not sure why, in retrospect. He said he had lots of connections, and corporate relationships could be helpful in this app's market. I don't negotiate on my feet very well ;-)<p>I flew out to meet him in person. He had a very loose concept, so I drafted a concrete design while he gawked. I outlined a 3 week release target, he agreed to it, and I went to work hacking.<p>I completed a clean, high quality very-release-able app in 4 weeks, well exceeding the very basic features/specs I outlined for the 3-week-initial-release. He argues with me about inane points, I agree to some changes I know are bad ideas to appease him.<p>Cue to 3 mos later.<p>He still won't let me release, keeps promising he'll agree to a release if only I do X or Y - most X or Ys are very bad ideas, slimey, or even plain infeasible 'designs' that don't understand how to do a workable UI on a tiny touchscreen... you know the sort.<p>Also, he is driving me crazy, drags me through inane powerpoint slides and meetings, plays a lot of buzzword bingo, and hasn't contributed /anything/ to the company by my reckoning.<p>I quit my day job to work on this, but would have quit anyway. I know: I'm a fool. But its relevant because no-job means I'm also not wanting to lawyer up and spend the $. I'd just walk away if it came to that.<p>Clearly, this 'partnership' cannot continue, but I've sunk 3 mos into it, and produced a handsome iPad app, and even half an android version. I want to release them.<p>I feel like he is holding me hostage using my own work.<p>So the question: afaict I'm an independent contractor, and by most interpretations the sole author of the source code.<p>He's written me a few hundred dollar check for the flight (deal was: I travel, he pays), but I haven't signed (or verbally agreed) to assign copyright.<p>Should I just walk away? Or should I send him a message that I'm not doing this as a partnership anymore and I'm going to release on my own? Or something else???<p>I'd be happy to give him a copy of the source code too if he wants to continue it in his imo crazy direction.<p>thanks all. good to vent if nothing else.",1302691519
31,2441525,comment,2441516.0,2441516.0,2,0,mooism2,,,"I love cricket as much as the next Englishman, but this is not a sports forum.",1302691497
32,2441524,comment,2440432.0,2441417.0,1,0,Mz,,,"I do have ideas and it is a major breakthrough.  And it likely won't get picked up on because I'm too low on the totem pole.<p>I joined a forum a few years ago at a time when I was very ill, doped to the gills and had major trouble ""behaving"" myself, so not at my best.  It had been around for a few years and the owner whined constantly that he wanted to increase membership, especially international membership, and couldn't figure out how.  I was there six months and membership began going up dramatically, especially international membership -- so much so that they eventually created some subforums aimed at the international members. But I don't think anyone really knew it was me that engineered it.  I wasn't even a moderator at the time.  You don't have to be a moderator to treat other people well.  In fact, it probably helps in some ways if you aren't a moderator because then it is simply an example of a decent human being, not a person with a duty to set the example.<p>More recently, I joined a forum with 300 members and almost no discussion.  After I joined, people began talking to each other.  Last I checked, it had 1800 members and has probably become the Go To place for its niche, likely displacing a more long-standing group for that niche.  Why? In part because I got thrown out of the long-standing place.  The fact is that in some ways, where I am, that's where the action is.  Except I'm not a hacker.  I don't expect to be all that influential on HN.  I come here because I get to be treated like a normal human being and people, oh, talk to me instead of dividing up between those that worship me like a rock star and those that desperately want to shoot me down and put me in my place.  So I am content with being a Nobody on HN and I have diabolical plans to remain a Noboby on HN so that it can remain a decent social outlet for me instead becoming ruined for me socially like every place where I ever became Somebody and then after fostering discussion generally on the forum, I was the only person no one would really talk to.<p>Still, I'm compulsively helpful, I tend to care, I have this unusual expertise (or insight or some such) and it just annoys the crap out of me when I can't give it away.  Maybe some day I will come to my senses and stop caring about others and just use it the way most socially insightful people seem to use their skills:  As manipulative ass-hats, for personal gain, because they know something others don't know.  But I'm not there yet.<p>Peace.",1302691487
33,2441523,comment,2441102.0,2441477.0,4,0,TamDenholm,,,"Like others have said, its only applicable to live streams. I very carefully read the terms before i stopped paying the license.",1302691441
34,2441522,comment,2441464.0,2441464.0,5,0,almost,,,I don't think I've seen a reset button in a while. Does anyone still use them?,1302691422
35,2441521,story,,,1,0,Tiusto,Diagnosing Lung and Breathing Problems,http://factoidz.com/diagnosing-lung-and-breathing-problems-2/,,1302691410
36,2441520,comment,2441402.0,2441488.0,4,0,valisystem,,,"To resonate on your comment : when thinking about UI design, I personally never dissociate visual and behavior.<p>The UI behavior has to comply with the visual metaphor it manipulates. This is quite hard to do properly for people (like me) that does not master one of the discipline : UI behavior is controlled by code, and with a slight lack of care, it slips easily in a spaghetti nightmare if you want something finely tuned, and UI visuals, well, also needs great skills.<p>A team that manages to set up a cooperation for those two competence will bring you great UIs.",1302691406
37,2441519,comment,2441288.0,2441288.0,1,0,justbeingme,,,"I really like it. As some of the commentors said, it is not very clear what you are trying to provide.<p>I first thought an infostripe was a left-handed side column, for blogs.  (Which would also be great).<p>Then after looking at the ""featured favourites"", I knew what I could use it for.  A mobile business card.<p>And I really don't get what a cloud notebook is.  I would try to ditch the word cloud.",1302691367
38,2441518,story,,,1,0,joschi,How To Configure PureFTPd To Accept TLS Sessions On CentOS 5.5,http://www.howtoforge.com/how-to-configure-pureftpd-to-accept-tls-sessions-on-centos-5.5,,1302691355
39,2441517,comment,2440406.0,2440621.0,2,0,Emore,,,"Thank you!<p>1) I didn't include it in the plot since I found it to remain constant, at ~300 requests/second. But yes, perhaps it would show a nice contrast to batching if graphed along with it.<p>2) This is an interesting question. I think it depends on how a non-batching solution is implemented: A) if each client obtains its own file handle, fsync()s can theoretically be issued 'slightly more concurrently'; B) if a unique file handle is the only one upon which fsync()s are called, this is essentially my solution with a dedicated thread, but which only writes one update at a time.<p>For A I'd guess a client would have to wait less for not-very concurrent environments, while in B wait time grows longer for ""unlucky"" concurrent threads. But I think a batching solution would overtake A for even moderately concurrent environment, since -- as you say -- it reduces the burden of serialisation.<p>Given time I'll try to revisit the code and try out different kinds of tests!",1302691255
40,2441516,story,,,1,1,eysagar,Watch IPL Live Online in High Definition ,http://livecricket.atcdn.net/,,1302691219
41,2441515,comment,2440956.0,2440956.0,1,0,lscharen,,,"My most recent job transition was from a programming position in a large metropolitan area to one in a very rural area. I moved for lifestyle reasons and took an ~60% pay cut -- so the best answer I have to you is ""it depends"".<p>If you want to maintain something close to your existing salary, you must <i>at least</i> look for companies or locations that actually pay that kind of salary to begin with.<p>This is probably quite obvious advice, but I think we (as developers) sometimes lose sight of the fact that there is not ""one true salary range"" for any particular set of skills.",1302691186
42,2441514,comment,2440432.0,2441409.0,2,0,cageface,,,I don't have stats but I've been here since the beginning and I remember a <i>much</i> higher ratio of hard tech/comp sci articles to tech business articles.,1302691158
43,2441513,comment,2438980.0,2439378.0,1,0,danssig,,,"The parent said ""if you're having problems filling the position"".  If you're having problems filling the position because other companies are paying more that's going to come out sooner or later.",1302691109
44,2441512,story,,,1,0,TeamLab,TeamLab Documents: Manage documents workflow right on your company portal,http://www.teamlab.com/blog/2011/03/teamlab-documents-manage-documents-workflow-right-on-your-company-portal,,1302691102
45,2441511,comment,2441446.0,2441446.0,2,0,Super_Jambo,,,When I click the 'terms of use' button with 'open in new tab' I get the sign up page again.<p>When I click it with 'open in current window' I get a page which says 'What?',1302691035
46,2441510,story,,,1,0,naseem919,AVERY-LOVE ME OR LET ME GO (MUSIC VIDEO),http://nkfunz.com/?p=38435,,1302690999
47,2441509,comment,2441247.0,2441247.0,5,0,goombastic,,,"After the middle east, a lot of ""democracies"" are considering shutting down citizen's voices. India recently did so. Democracy's representatives find it inconvenient that citizens have a voice after elections.",1302690928
48,2441508,comment,2441288.0,2441288.0,4,0,revorad,,,"It looks nice. What's your aim with this? A few suggestions:<p>Don't welcome people with a form. First tell us what you are all about and why we need it. Then show us how others use it. <i>Then</i> ask us to sign up.<p>In the social tab, put the most popular ones right at the top. Having to scroll all the way down for Twitter is no fun.<p><i>What is an infostripe?<p>It's a customizable way to connect all the information you want to share about anything, universally formatted for any device.</i><p>Please don't position yourself as the ""everything for everything, used by everyone, forever and ever more!"". Really, tell us what's different about you. Your site looks like it's designed for mobile phones, so why do you say universally formatted for any device?",1302690903
49,2441507,comment,2440432.0,2441166.0,2,0,true_religion,,,"Out of curiosity... since HN is a news forum attatched to a capital investment funds' webpage, then why shouldn't it be entrepreneur focused?",1302690846
50,2441506,comment,2423701.0,2423701.0,1,0,klimuga,,,"MassChallenge was a lifetime experience for me! I'm not in an IT space, so I'm not sure that YCombinator could be a good fit for me, but MassChallenge was a good fit indeed.",1302690819
51,2441505,comment,2440931.0,2441461.0,3,0,Mz,,,"Getting healthier helped remove that chip.  Partying would have been counterproductive to that end.<p>I did socialize. I had lots of friends. (Female RPG'er, for one.) But I didn't drink and such.",1302690732
52,2441504,comment,2441243.0,2441243.0,12,0,retube,,,"There wasn't much in the way of meat in that post, unless I missed it. As far as I understood, the problem with calandering is:<p>- Synchronization: with potentially gazillions of users on a single network you've got a timeliness problem: User A may look free to User B, so he books User B, but actually in the interim User C books User B, so there's a conflict. Given the graph-like nature of such a network (all nodes potentially linked to each other) such conflicts could quickly ripple through the system.<p>Sounds interesting, I wish the author had been a little more specific about the problems.",1302690671
53,2441503,comment,2437239.0,2437513.0,1,0,ErrantX,,,"Huh? They could just do another analysis to show email from that time.<p>Although proving the lack of something is a lot more difficult that proving the existence of something. So it doesn't always serve much for them to say ""nope, can't find them"".<p>However, I am sure they will be eager to analyse Ceglia's computers for evidence",1302690603
54,2441502,story,,,2,0,chaddoc,Run Erlang on your Apple iOS device,http://www.burbas.se/2011/03/13/running-erlang-on-an-ios-device/,,1302690598
55,2441501,story,,,1,0,gfxnews,LinceoVR  animation and 3D support software,http://gfxne.ws/2011/04/linceovr-animation-and-3d-support-software/,LinceoVR is software for animation and 3D support. This software helps you to make any thing like in movies.,1302690587
56,2441500,comment,2441102.0,2441477.0,4,0,sjtgraham,,,"I believe a TV license is required to watch the live streams, not VOD content.",1302690562
57,2441499,comment,2440319.0,2441192.0,2,0,mgkimsal,,,"there are apps for it, but i've found launching any app as I leave the car and head in to a shop to be too much trouble.  By the time I get the app loaded and ready to record, I'm many meters from the car's location.<p>It'd be better if the device had a feature to just replay your GPS locations for the last 60 minutes.",1302690551
58,2441498,story,,,13,10,karl_nerd,"Internet Explorer 10: Columns, Box-model and Gradients. No webGL or websockets.",http://karlwestin.posterous.com/internet-explorer-10-columns-box-model-and-gr,,1302690515
59,2441497,comment,2438980.0,2439767.0,1,0,danssig,,,Calling that pay rate $175K/yr is beyond conservative.  Maybe if he's taking off 2 months a year for vacation (another benefit of contracting!).,1302690475
60,2441496,comment,2441288.0,2441288.0,1,0,pringle,,,I don't think it's difficult to understand at all. The way I would describe it is: about.me with different design and a focus (though not exclusively) on mobile devices.<p>I like it.,1302690456
61,2441495,story,,,1,0,web3mantra,50+ Best Logo Designs Inspired By Nature,http://www.web3mantra.com/2011/04/12/50-best-logo-designs-inspired-by-nature/,We want to get you inspire by every major category of logo design Because we know that designing a logo is not easy without inspiration. Today i have compiled a list of 50+ nature inspired logos. Now i think there is no need of searching any where if you want to get inspiration of nature logos.,1302690447
62,2441494,comment,2440432.0,2440432.0,1,0,JonnieCache,,,I'd just like to register my vote in favor of a regime of fascist moderation.,1302690379
63,2441493,comment,2437817.0,2440102.0,1,0,steilpass,,,I actually thought Joyent would play a bigger role.,1302690337
64,2441492,comment,2440678.0,2441032.0,1,0,linhat,,,"Maybe they use the location information to improve their service (i'm <i>really</i> just imagining here).\nYou hear a song somewhere, a club, a bus, wherever and Soundhound is able to identify it. Somebody near you hears the same sound, but Soundhound can't identify it, maybe it is to noisy, the sound to low, for whatever reason they can't tell you what song it is, but they have the good recognition from somebody close to you, so they might be able to narrow it down...\nAgain, just hypothetical, that's just what i would do from an engineer's perspective, i'm almost sure, they are not doing anything fancy like this.",1302690310
65,2441491,story,,,1,0,ppolsinelli,Bowfinger startups can do it,http://gamamoto.com/2011/04/11/bowfinger-startups-can-do-it/,,1302690282
66,2441490,comment,2438980.0,2439495.0,4,0,gaius,,,"<i>Does the market really matter if I'm happy with what I'm being paid?</i><p>Sure it does. A portion of your happiness at work is down to the quality of people you work with, no? If your company routinely lowballs, then when the dust settles you are going to find yourself surrounded by people who had no choice but to accept that rate. The market therefore affects you whether you care about it or not.<p>Also, things change. Plenty of money to live on as a bachelor might leave you a bit short if you want to start a family. If you don't ""need"" the money right now, stick it in a savings account. Because remember this: <i>someone</i> is getting the value you create. Why shouldn't it be you?",1302690265
67,2441489,comment,2440630.0,2441457.0,6,0,TomasSedovic,,,"Plus pretty much every Android app. That's not JVM, just Java, but still. Answers the question and nothing to sneeze at either, I would think.",1302690198
68,2441488,comment,2441402.0,2441402.0,10,0,ThomPete,,,"Yes of course gorgeous user interface design matters. But pitching two calculators up against each other is missing the point.<p>Beauty matters when everything else is equal. It's very easy to make something a simple as as calculator look good if you got the chops, because the UI have been solved for you.<p>But interface design is not just about how it looks. It's about how it works. And I will take something that works over something that looks good any day.",1302690191
69,2441487,comment,2441102.0,2441477.0,3,0,Khaki,,,"Nope, only if you're watching live (as it's being broadcast) TV.",1302690178
70,2441486,comment,2438980.0,2439873.0,10,0,danssig,,,"Avoid bonus systems.  Bonus systems do not work out well for non-executives.  Look at the story again: the kid made out better than anyone because his $175/hr is his for as many hours as he works no matter how the company performs that year.  He gets his ""bonus"" every hour he works.  The senior dev has a whopping 30% of his yearly comp tied up in a nebulous bonus that probably gets paid out far enough into the next year that he's already earned about half of his next bonus by the time he actually gets it (i.e. makes leaving expensive).<p>The bonus system was originally set up for high up executives to tie their comp more exactly to company performance since they are responsible for it.  As a dev you are <i>not</i> responsible for company performance.  Are you able to sack the sales team if you feel that they're not competent?  Are you able to change company direction?  You can't be responsible for something you have no ability to change.  People saying you do are just manipulating you to their own advantage.",1302690116
71,2441485,story,,,1,0,i7d,      6,http://www.i7d.net/f122-t51077.html,"  6     3  ,  6     3  ,   6     3 ",1302690087
72,2441484,story,,,52,29,sasvari,Opera embraces Google's open source JPEG killer,http://www.theregister.co.uk/2011/04/12/opera_eleven_dot_one_zero_released/,,1302690081
73,2441483,comment,2438300.0,2438300.0,2,0,paulus,,,"Something missing from this story: money. How does this guy pay for six years of training (doing what he wants) with no income? I guess the lecture circuit and some Nike sponsorship, but will that be enough to pay rent, food, travel and maybe support a family?",1302689954
74,2441482,comment,2438140.0,2438140.0,1,0,mrzerga,,,"motorized table base can be bought for ~500$ ( <a href=""http://www.tablelegworld.com/Motorized-Table-Legs"" rel=""nofollow"">http://www.tablelegworld.com/Motorized-Table-Legs</a> )and then any spare table top can be attached to these -  not that expensive in my opinion - and you get a working thing rather than some book or brick based hack which sucks in the long term",1302689890
75,2441480,comment,2441402.0,2441402.0,8,0,mariusmg,,,"I hate the term ""User Experience"". Especially considering that most people think that user experience is about making the crap as shiny as possible.<p>A good user experience has nothing to do with looks....make the crap fast (especially on mobile) and as easy as possible to use. That's ""the secret"".",1302689870
76,2441479,comment,2437464.0,2438663.0,1,0,ahoyhere,,,Thank you so much. You really made my day <i>singletear</i> :),1302689870
77,2441478,comment,2438140.0,2440118.0,1,0,mise,,,Great thinking with the light above the keyboard.,1302689803
78,2441477,comment,2441102.0,2441348.0,1,0,HelloBeautiful,,,">> and now no TV licence fee<p>Nope, if you're watching TV programs on your computers or smartphones (iPlayer) you still have to pay UK TV licence.",1302689787
79,2441476,comment,2439822.0,2440265.0,6,0,pstack,,,"If you ran a small service website and some person randomly sued you, it would be enough of a hassle and expense to respond to that through the legal system, as it is. Doing so as an individual with the full force and might of one of the largest multinational corporations on the planet which itself has the support (against intellectual property concerns, etc) of the entire government, including the president and vice president who have made ignorant and vigorous statements against what they perceive you to be doing is an entirely different situation. It is a situation that you almost surely can't win and can't afford to fight and most <i>certainly</i> can't afford to lose.<p>The problem here is that you also shouldn't go around making rap videos of yourself talking about how you're going to completely fuck Sony up and challenging them to ""bring it on"" while collecting contributions to your legal defense fund, when you know full well that you're going to roll over when the time comes, because you simply have no rational choice.",1302689764
80,2441475,story,,,1,0,nikdunksb1,"Cheap Air Jordan 1 Retro,Jordan 11,Space Jam Jordans,Air Jordan Shoes For Sale",http://www.airjordan1s.com/,,1302689737
81,2441474,story,,,3,1,franze,Google Web Store Challenge (for Germany),http://sites.google.com/site/developerchallenges/challenge,,1302689735
82,2441473,story,,,3,0,rkarthik,10 Personality Traits That Kill Entrepreneurship,http://www.openforum.com/idea-hub/topics/innovation/article/10-personality-traits-that-kill-entrepreneurship-alana-horowitz,,1302689718
83,2441472,story,,,4,0,Uncle_Sam,Audio sprites,http://www.phpied.com/audio-sprites/,,1302689690
84,2441471,comment,2441243.0,2441243.0,-3,0,TwoBit,,,I think the author is a fool for making claims about how comparatively hard large programs like Word and Excel are without having any such experience. Reminds me of the fool last week who was making claims about commercial game development practices without knowing anything about it.,1302689567
85,2441470,comment,2440432.0,2440638.0,0,0,HelloBeautiful,,,"IMHO the reason is obvious. The first few thousand users have very high IQ, so they would post interesting links and comments. After many more ppl joined the average IQ dropped sharply and so did the average quality of content.",1302689554
86,2441469,comment,2441102.0,2441338.0,2,0,dualogy,,,"Read ""You are your own gym"". All you need to get started for the first 1-2 years.",1302689457
87,2441468,comment,2440630.0,2441443.0,5,0,bpodgursky,,,"Actually the == comparison is VERY consistent.  == will return true only if the values are identical--in the case of primitives, this means the ints or doubles are identical, and in the case of objects it means the pointers have identical values--meaning they point to the exact same object.  But this way I know that if I want to do something like change the way things stored in sets, I have to modify equals(), since that's what maps and sets use to check equality.<p>Strings are only allowed to use + because strings were traditionally seen as primitive types, rather than the objects they are in Java.  It's a small inconsistency, but more of a concession to existing practice.<p>I'm not sure what else the ""on and on"" refers to...",1302689455
88,2441467,comment,2440931.0,2441447.0,1,0,stupidhurts,,,1) Eat well - this is paramount<p>How?,1302689426
89,2441466,story,,,1,0,khdamaty2012, ,http://www.d2l2l.com/vb/index.php,,1302689378
90,2441465,comment,2437866.0,2438742.0,1,0,experimental,,,"I'm on the fence with them supporting XP. One comparison to take into account is Safari's releases have dropped support for an older OS, much less than 10 years, they did change processor architecture though and have less business users to support. Also Microsoft offer free support.",1302689338
91,2441464,story,,,176,77,f00li5h,Dear Internet: Take the reset buttons off your damn forms,http://f00li5h.pin21.com/blog/Dear-Internet:-Take-the-reset-buttons-off-your-damn-forms.html?feed=feedburner,,1302689327
92,2441463,comment,2440860.0,2440860.0,1,0,mcnemesis,,,"I just avoid Facebook all-together. am content with IRC and HN-style sites. when i really need to chat, I use Gmail's Chat or use Skype.<p>For me, anonymity and control are the reasons",1302689244
93,2441462,comment,2438980.0,2440969.0,6,0,gaius,,,"Nah, it means less money available to the tier above you and/or the shareholders and/or the non-LOB parts of the company, e.g. HR.",1302689235
94,2441461,comment,2440931.0,2441302.0,1,0,urbanjunkie,,,"Well if you didn't party, you missed out on one of the major reasons for going to college.<p>Some socialising might have helped remove that chip from your shoulder ;)",1302689228
95,2441460,comment,2440630.0,2441378.0,9,0,jauco,,,"> <i>can anyone on HN name one single app they use daily that is programmed in java?</i><p>Twitter: <a href=""http://engineering.twitter.com/2011/04/twitter-search-is-now-3x-faster_1656.html"" rel=""nofollow"">http://engineering.twitter.com/2011/04/twitter-search-is-now...</a>",1302689194
96,2441459,comment,2441243.0,2441243.0,3,0,muyuu,,,"I don't see it as a problem of CS, but management. It's a problem we've made all by ourselves.<p>Absolutely any problem involving humans where errors MUST be kept at ~0% in all cases (any you have just a bunch of variables that can combine and permute) becomes extremely hard.<p>If you add a ton of features to it, then it becomes intractable.<p>In my company, all meetings are set in GMT and a notification is sent as soon as the meeting is decided, which is never less than 3 days in advance. After that, it's not any software responsibility to attend to this meeting and it doesn't matter whether you received a reminder or not. You keep track of your local time. If your country decides to switch to the Mayan Calendar it's not my f<i></i><i></i>*g problem, you keep track of GMT time. Period.",1302689188
97,2441458,comment,2440630.0,2440630.0,3,0,chrisdew,,,Why is there no mention of concurrency?,1302689145
98,2441457,comment,2440630.0,2441378.0,3,0,wiradikusuma,,,"> can anyone on HN name one single app they use daily that is programmed in java<p>1. IntelliJ IDEA\n2. Eclipse (and its derivative works)\n3. My bank's e-portal (ok it sucks, but it's written in Java)<p>Btw, I'm a Java programmer so my opinion is biased, but I think JVM is different than Java (programming language). I don't really like Java's verbosity, but I'm betting big on JVM. Hence I learn Groovy and Scala (both run on JVM).",1302689097
99,2441456,comment,2437817.0,2439407.0,2,0,Andys,,,"I hate it when this happens.<p>ESXi is excellent, I think one of the best x86 kernels in existence.  The management software is nowhere near on par with it; it is finicky Windows software that doesn't match the hypervisor's speed or reliability.  The long-rumoured Linux version of the management platform still has not materialised.",1302689077
100,2441455,comment,2438980.0,2441221.0,6,0,gaius,,,<i>the only tangible way a company can truly appreciate a good employee is biting the bullet and by paying him a bigger compensation</i><p>Exactly! A lot of people say what they really want at work is to be appreciated by their boss. Well he will appreciate you a hell of a lot if the money that should be in YOUR salary is in his instead!,1302689039
101,2441454,story,,,1,0,aveffects,Privacy Fail: evsecure-osp,http://www.hrgeeks.com/2008/11/20/privacy-fail/,,1302688937
102,2441453,comment,2440364.0,2440692.0,3,0,roel_v,,,"Graph problems would be hard without recursion I think. I've been working on some problems that are naturally expressed as graphs, and recursion is the natural way to do some things; it's be quite hard to do some things I did iteratively, now that I think about it (that is, without 'emulating' recursion with an 'explicit', manually-maintained stack).",1302688885
103,2441452,comment,2440860.0,2440860.0,1,0,minalecs,,,"I think everyone is aware of these issues and can clearly express the problem based on the real life social network presentation, but its about execution.  How do you create this system that works for users ? Even if you built it, would users even care or care enough to leave facebook ?  Describing the problem is the easy part.",1302688865
104,2441451,comment,2439395.0,2439395.0,2,0,sharjeel,,,Read this news using Flock 2.6.2 :(,1302688851
105,2441450,comment,2438980.0,2439907.0,2,0,scotty79,,,Or is a SEO,1302688819
