,col0,col1,col2,col3,col4,col5
0,org.apache.commons.math.fraction.BigFraction#float#floatValue#?#735,0.5,0.0,0.5,,GT
1,"org.apache.commons.math.fraction.BigFraction#?#BigFraction#?,BigInteger,BigInteger#145",0.20628424925175867,0.0,0.20628424925175867,,_
2,"org.apache.commons.math.util.MathUtils#void#checkNotNull#?,Object,Localizable,Object#244",0.20203050891044214,0.0,0.20203050891044214,,_
3,"org.apache.commons.math.fraction.BigFraction#?#BigFraction#?,int#366",0.19611613513818404,0.0,0.19611613513818404,,_
4,org.apache.commons.math.fraction.BigFraction#double#doubleValue#?#688,0.1336306209562122,0.0,0.1336306209562122,,GT
5,"org.apache.commons.math.fraction.BigFraction#?#BigFraction#?,int,int#381",0.11624763874381927,0.0,0.11624763874381927,,_
