,col0,col1,col2,col3,col4,col5,col6,col7,col8,col9,col10,col11,col12,col13,col14,col15,col16,col17,col18,col19
0,e8d73214-8fd1-11eb-924d-9cd76263cbd0,genus,Poliomintha,,,A.Gray,Q347356,1870,,Proc. Amer. Acad. Arts 8: 295–296. 1870. (31 Dec 1870),,,,,,21143-1,wfo-4000030647,2926888,,
1,f9812b70-8fcb-11eb-924d-9cd76263cbd0,species,bicolor,Poliomintha,,S.Watson,Q960820,1896,,Proc. Amer. Acad. Arts 25: 160 1896,,,,,,205162-2,wfo-0000279824,3899197,,
2,f9814858-8fcb-11eb-924d-9cd76263cbd0,species,bustamanta,Poliomintha,,B.L.Turner,Q4468157,1993,,Phytologia 74: 164 1993,,,,,,970631-1,wfo-0000279825,3899190,,
3,f98169fa-8fcb-11eb-924d-9cd76263cbd0,species,conjunctrix,Poliomintha,,Epling & Wiggins,"Q924619,Q1817129",1940,,Contr. Dudley Herb. 3: 85 1940,,,,,,205163-2,wfo-0000279826,3899164,,
4,f9818ef8-8fcb-11eb-924d-9cd76263cbd0,species,dendritica,Poliomintha,,B.L.Turner,Q4468157,1993,,Phytologia 74: 165 1993,,,,,,303698-2,wfo-0000279827,3899151,,
5,f981ec86-8fcb-11eb-924d-9cd76263cbd0,species,glabrescens,Poliomintha,,A.Gray ex Hemsl.,"Q347356,Q1339247",1882,,"Biol. Cent.-Amer., Bot. 2: 549 1882",,,,,,454925-1,wfo-0000279828,7966201,,
6,f982276e-8fcb-11eb-924d-9cd76263cbd0,species,incana,Poliomintha,,(Torr.) A.Gray,"Q1346660,Q347356",1870,,Proc. Amer. Acad. Arts 8: 296 1870,,,,,,454926-1,wfo-0000279829,2926891,,
7,f98248ac-8fcb-11eb-924d-9cd76263cbd0,species,longiflora,Poliomintha,,A.Gray,Q347356,1870,,Proc. Amer. Acad. Arts 8: 296 1870,,,,,,311349-2,wfo-0000279830,6411898,,
8,f982a5ea-8fcb-11eb-924d-9cd76263cbd0,species,maderensis,Poliomintha,,Henr.,,1982,,Sida 9: 290 1982,,,,,,,wfo-0000279833,3899056,,
9,f982c534-8fcb-11eb-924d-9cd76263cbd0,species,marifolia,Poliomintha,,(Schauer) A.Gray,"Q69408,Q347356",1872,,Proc. Amer. Acad. Arts 8: 365 1872,,,,1836042e-8fcb-11eb-924d-9cd76263cbd0,,454928-1,wfo-0000279834,3899051,,
10,f982dfba-8fcb-11eb-924d-9cd76263cbd0,species,mollis,Poliomintha,,(Torr.) A.Gray,"Q1346660,Q347356",1872,,Proc. Amer. Acad. Arts 8: 365 1872,,,,,,454929-1,wfo-0000279835,2926711,,
