,col0,col1,col2,col3,col4,col5,col6,col7,col8,col9,col10
0,2605887,comment,2604013.0,2605151.0,-1,0,sitkack,,,"It is also a great excuse for podunk ""Great Communicator"" loving sherifs to implement American Fascism.<p>As much as I love how safe NYC is, I don't want it to turn into Singapore.",1306900793
1,2605886,comment,2605738.0,2605877.0,2,0,arn,,,and yet it doesn't actually solve his original problem as the number of people who use bitcoin is certainly negligible in the grand scheme.,1306900790
2,2605885,story,,,1,0,battery,HP pavilion zd7000 Battery,http://www.hunt360.co.uk/hp-pavilion-zd7000.htm,,1306900720
3,2605884,comment,2605451.0,2605558.0,1,0,gilaniali,,,What are the exceptions? Any legal source for your claims that this will work?,1306900716
4,2605883,comment,2602728.0,2604043.0,2,0,jamie_ca,,,"No, that's the long and short of it.<p>Of course, you can't share multiple apps behind one domain, so if the one dyno isn't keeping you you'll need to scale up and pay for it.<p>OTOH, if you don't need to worry about any extra latency (maybe?) you could probably get away with a rails+node app like <a href=""https://github.com/maccman/holla"" rel=""nofollow"">https://github.com/maccman/holla</a> running free by having one app just run the web interface, and point the backend at another app running node.<p>As soon as you go outside of one tech stack it's cheaper to just get a small VPS to start with, but heroku definitely has its perks.",1306900610
5,2605881,story,,,2,1,linksender,Build a chat server in 10 minutes,http://thebestdamntechblog.com/2011/04/17/how-to-create-your-own-chat-server/,,1306900557
6,2605880,story,,,1,0,sanxin,Jimmy Choo Outlet-Shop Top Jimmy Choo Shoes Discounted With Free Shipping,http://www.wholesale-heels.com/jimmy-choo-outlet-c-87.html?zenid=2p2v9efre8872jg588rvn223n3,,1306900502
7,2605879,comment,2603844.0,2603966.0,2,0,Caligula,,,Curious which ones and how?<p>I wonder if this is the tenacity of founders that pg speaks of.,1306900442
8,2605878,comment,2605739.0,2605773.0,18,0,chollida1,,,"> will make Zed Shaw and others think that his attempt to out-troll the trolls and multiply internet drama was a force for positive change.<p>To be fair, in this case, that does appear to be exactly what happened.  Github had a problem.  Someone exposed it and then Zed used his considerable influence to ""force"" github to fix it.",1306900440
9,2605877,comment,2605738.0,2605738.0,1,0,flabbergasted,,,"Have you considered adding bitcoin as a payment option? Seriously, it's nearly free and easy to manage, even with the rapid price changes.  Plus you get extra attention by adding your store to the growing directory of merchants who accept bitcoin.",1306900439
10,2605876,comment,2605274.0,2605274.0,1,0,meric,,,I've learnt this at university so take it with a grain of salt.<p>What kind of customers are your competitor targeting? Differentiate and target the other kind.,1306900431
11,2605875,comment,2605739.0,2605860.0,5,0,trafficlight,,,Ralph Nader was also pretty good at it.,1306900375
12,2605874,story,,,2,0,dblock,Why Microsoft should Open-Source Skype,http://code.dblock.org/ShowPost.aspx?id=212,,1306900338
13,2605873,comment,2605745.0,2605846.0,10,0,shii,,,"You're a pretty cool guy, Grant.",1306900271
14,2605872,comment,2603844.0,2605626.0,4,0,jfno67,,,"This is spam pure and simple the seller can't decide their product is so in line with what you need that they can spam you. Who is then the judge of what is spam. Contacting user that haven't specified they don't want to be contacted by commercial interest is OK, but not someone who said no.",1306900245
15,2605871,comment,2605709.0,2605709.0,6,0,qrush,,,"Wow, this video does it justice:<p><a href=""http://www.youtube.com/watch?v=ZG_rOWDPCeI"" rel=""nofollow"">http://www.youtube.com/watch?v=ZG_rOWDPCeI</a><p>I love the zoom on the clock here...I bet this could translate to touch devices really easily. First to implement this in Protovis (<a href=""http://vis.stanford.edu/protovis/"" rel=""nofollow"">http://vis.stanford.edu/protovis/</a>) wins!",1306900191
16,2605870,comment,2605580.0,2605580.0,17,0,bmcleod,,,Unfortunately it's likely the spammers are simply going with whichever bank is easiest to work through.<p>Any changes will just cause them to move to the next easiest option.,1306900174
17,2605868,comment,2605739.0,2605804.0,1,0,kellishaver,,,"I tend to agree with this line of thinking. I was added to half a dozen projects today alone. It would have been a pain to have to confirm each one.<p>Your average professional developer isn't trolled on a regular basis, nor would they go about adding ""tech stars"" to their repos just to have a big name on there or because they wished that person was a contributor - it's unprofessional and rude. So just dismissing yourself from the projects you are maliciously or mistakenly added to seems much simpler than having to confirm each one.",1306900139
18,2605867,comment,2604013.0,2604013.0,1,0,bbg,,,"When you've activated the Hidden app, and the computer is taking pictures, does the little green light turn on when the camera is on?",1306900129
19,2605866,comment,2605745.0,2605745.0,7,0,izak30,,,"I bought it from the iTunes store directly, after seeing the post and reading the comments (specifically, $5 isn't much to support a fellow indie-dev trying to make his way through the app store, for an app that I'll probably use every dayish).  Next time I was out, had my phone, and was bored, I looked for the $5 app, because it had to be yours.  It's really well put together, and I really like the features you added.  My only complaint is that it goes to comments first, not stories first, but that's easy to get used to.",1306900100
20,2605865,story,,,1,0,jivejones,America bankrupt?,http://online.wsj.com/article/SB10001424052702304563104576357531475083742.html,,1306900075
21,2605864,comment,2602437.0,2603067.0,1,0,corin_,,,"Not taught in UK education (private, I assume not in state schools either) as of at least a decade ago, I only know them because my mother is an author.",1306900073
22,2605862,comment,2605831.0,2605831.0,1,0,michaelpinto,,,"Ub Iwerks was a true genius! In addition to doing the work on that camera he designed the original Mickey Mouse and later did some brilliant works with traveling matts. The work done in the early days of Disney really reminds me a great deal of Pixar in terms of combining creative with tech. It's hard to appreciate today but Disney did the first color animated shorts, the first real feature and the first company to really make a cartoon revolve around sound (instead of the other way around). At the very end Disney was fascinated by audio-anamatrobics which remind me a great deal of the early days of computer animation.",1306900019
23,2605861,comment,2604013.0,2604367.0,6,0,gburt,,,"I think anamax's point was that there's no incentive system for police to act in anything but their own interest. Their interest is not to solve crimes, its simply to not get fired.",1306900009
24,2605860,comment,2605739.0,2605773.0,13,0,rhizome,,,"Just because you can identify the mechanism by which this most-basic feature of social networks was implemented, that doesn't mean that it's a bad thing.<p>The cart should not be put before the horse by implying that this missing feature was simply used as an excuse to be negative. What's the perverse incentive here, that it's actually in GitHub's interest to prevent users from blocking each other?<p>""The squeaky wheel gets the grease"" and public shame were invented way before the Internet, so this makes no precedent. It's just one of the myriad ways in which things get done. Ever had a boss?",1306899937
25,2605859,comment,2605468.0,2605468.0,3,0,armored,,,This merger is bad news for those of us from the Phoenix metro area.  I'd say Verizon and T-mobile are the only two carriers with good coverage and T-Mo is the only carrier that provides a decent service and competes on price.<p>At least when I switch to Verizon I'll get a new phone!,1306899928
26,2605858,comment,2605739.0,2605739.0,11,0,pufuwozu,,,"This is GitHub's response to the (killed) article I posted yesterday:<p><a href=""http://news.ycombinator.com/item?id=2601342"" rel=""nofollow"">http://news.ycombinator.com/item?id=2601342</a>",1306899784
27,2605857,comment,2605696.0,2605696.0,1,0,pgroves,,,"You could try to somehow monetize your data that describes who is paying for what services. Even if it's just blog posts with general graphs (like OkCupid) it could at least help your brand.  For instance, ADP's employment statistics are as closely watched as government statistics by some people on wall st.<p>I wouldn't necessarily encourage you to directly sell detailed info about your users to marketers as it may very well annoy your customers, although there is probably a market for it.<p>At the very least, bringing in a consultant to do some data mining to find patterns that correlate to actual revenue may help you with all your other concerns.<p>Once you feel confident you know who is really spending money and why, an inside sales person to cultivate a list of potential customers is probably fairly cheap and may lead to a real uptick in sales. You seem uniquely situated to hire someone like that through your own service.<p>While writing this comment, I keep being reminded of Groupon. The last time they raised an obscene amount of money, the investors kept talking about (1) their sales army that had a relationship with thousands and thousands of small businesses and (2) sales data for all those businesses. You could read up on them to see if you get any ideas.",1306899782
28,2605856,comment,2604013.0,2604013.0,4,0,rtrunck,,,"<a href=""https://twitter.com/jmk/status/75766707834200064"" rel=""nofollow"">https://twitter.com/jmk/status/75766707834200064</a><p>Arrested",1306899777
29,2605855,story,,,10,0,duncan_bayne,How to live 25% longer,http://parenting.stackexchange.com/questions/3/at-what-age-should-a-child-be-introduced-to-the-tv/1724#1724,,1306899746
30,2605854,comment,2605390.0,2605390.0,4,0,car,,,"Very nice, thank you Google.<p>Glancing over the API docs, I'm not clear what will be used for signaling. It appears to be based on XMPP/Jingle, am I right?<p>What about SIP?",1306899627
31,2605853,comment,2604447.0,2605659.0,1,0,abredow,,,"You can create an object that implements the ArrayAccess interface, but it doesn't extend the native array object in the traditional sense.",1306899611
32,2605852,story,,,2,2,FiddlerClamp,Offer HN: Technical/Marcomm Writing,,"Hi:\nIm a marketing and technical writer with experience writing user manuals, online help, Web site copy, press releases, proposals FAQs, and other written material.\nMy Offer HN is to help you out with your marketing and/or technical writing (within limits). Ill write from scratch or take your existing work and make it better. Im happy to provide you with up to five hours of my work (not including admin time), and if its a juicy project that I fall in love with, even more.\nWhy me: Ive worked as a marketing writer since 1995 and a technical writer since 1999. Im all about clear, simple, and straightforward writing that engages the reader -- and marketing writing that sells. My writing is in your voice, meeting your needs, and speaking to your audience.\nWhy Im doing it: 1) To update my portfolio with more recent work, 2) to get to know more folks in the startup scene, and 3) To find contract or perm. work down the line (heck, Im honest). I miss being part of the IT crowd.\nAny limits? \nWhats the catch? I work for an investment firm that requires me to disclose any other companies Im working for. I would have to let them know Im working for you. The second catch is that I want to use the work for my portfolio, so I have to be able to point to your company or site and say that I worked on the copy/writing for it. Lastly, if you like it, write me a nice paragraph of thanks that I can use on my site.\nWhat next? Take a look at my web site at http://www.jonathanacohen.com, or drop me a line at jonathanacohen@gmail.com.",1306899599
33,2605851,story,,,4,0,bootload,Second Defense Contractor L-3 Actively Targeted With RSA SecurID Hacks,http://www.wired.com/threatlevel/2011/05/l-3/,,1306899551
34,2605850,comment,2605580.0,2605580.0,8,0,eli,,,"Sure, just like if you take out the 3 guys in charge of Al Queda, you would end terrorism.",1306899541
35,2605849,story,,,2,0,linksender,"Bing copies Google, now Google copies Bing.",http://thebestdamntechblog.com/2011/06/01/google-our-new-search-strategy-is-to-compute-answers-not-links/,"Bing was ripping off Google's search results, but now Google is trying to become a ""decision"" engine..",1306899537
36,2605848,comment,2604013.0,2604315.0,2,0,mike_organon,,,"Yes, that's better than a lynch mob with no rule of law.",1306899522
37,2605847,comment,2601323.0,2601509.0,1,0,RealGeek,,,"Those videos ar real creepy, it freaked me out.",1306899517
38,2605846,comment,2605745.0,2605832.0,12,0,news-yc,,,"That's actually the full app. news:yc is open source, and I want anyone to be able to use it, even if they don't want to (or can't) pay. Since building the app yourself isn't always easy (or possible), I submitted it there so anyone could install it easily.",1306899495
39,2605845,story,,,1,0,previral,YouTube - Iq187 Tech Talk #2 - Microsoft unveils Windows Phone code named Mango,http://www.youtube.com/watch?v=xZ8CQ2F8f8E&feature=related,,1306899397
40,2605844,story,,,1,0,previral,YouTube - Iq187 Tech Talk #1 - Cloudbook aka Chromebook by Google check it out,http://www.youtube.com/watch?v=cFqbVlhF3sY&feature=related,,1306899373
41,2605843,comment,2604013.0,2604013.0,1,0,fizx,,,He just tweeted that they caught the guy.,1306899370
42,2605842,comment,2605739.0,2605739.0,4,0,code_duck,,,"It's a logical feature for a site with a social aspect to offer, and I'm surprised github hadn't done so previously. I suppose the audience for the site tends to be mature.<p>Good for Github for going ahead and doing it. I know of some companies who would have dug their heels in and ignored the issue, or stubbornly maintained that it wasn't needed.",1306899365
43,2605841,story,,,1,0,ameejon,Motorcycle Parts,http://www.2wheelpros.com/,"Best deals on motorcycle parts and accessories, motorcycle case covers, motorcycle rearsets, motorcycle bodywork, motorcycle exhausts. Save on motorcycle parts and motorcycle apparel - 2WheelPros.com",1306899365
44,2605839,comment,2603844.0,2605069.0,2,0,forgotmyuser,,,blackhatworld.com > everything you need to know.,1306899359
45,2605838,comment,2603844.0,2603844.0,12,0,Zakuzaa,,,Curious to know PG's opinion on this.,1306899346
46,2605837,comment,2604750.0,2605191.0,0,0,alanfalcon,,,"My understanding was the reverse. Twitter integration at the OS level, allowing you to Tweet from any app (and not needing to go through any Auth at an individual app level). Remember that Gruber places incredible significance in Twitter. How else to explain his 6.2 iPhone/Android Twitter Client posts each week?",1306899282
47,2605836,comment,2604894.0,2604894.0,2,0,sorbus,,,"Try emailing pg - that's the main way most things not supported by the web interface are dealt with (deleting accounts, password recovery, and so forth). I'm not sure if he's able to change account names, but it's possible, and it wouldn't hurt to try.<p>If you ask and pg does change your username, would you mind replying to say so? It's useful information to have, and would allow greater accuracy in answers if the same question is asked again.",1306899282
48,2605835,comment,2602158.0,2602640.0,1,0,wisty,,,"They do, they sell ready made contracts. They just charge you for writing them ;)",1306899282
49,2605834,comment,2604013.0,2604148.0,0,0,rhizome,,,"Just checking because it sounded a little fishy to me, that's all.",1306899235
50,2605833,story,,,2,0,helwr,Fast and efficient SVD in R,http://www.r-bloggers.com/the-netflix-prize-big-data-svd-and-r/,,1306899213
51,2605832,comment,2605745.0,2605745.0,5,0,shii,,,"Hey Grant, I saw your news:yc app in Installous and see that it was submitted by you (chpwn). Usually when app-authors submit their own apps to Installous, it's to deter pirates by shaming them and disabling the whole functionality of the app until it gets cracked by someone else, or to log who actually pirates.<p>I haven't gone the Installous route, so I'm wondering what you've decided to do with the version on filedude and fileape?",1306899148
52,2605831,story,,,5,1,there,"Walt Disney's MultiPlane Camera (Filmed: Feb. 13, 1957)",http://www.youtube.com/watch?v=YdHTlUGN1zw,,1306899124
53,2605830,comment,2600650.0,2605283.0,1,0,ibdknox,,,"I don't, actually. I left 6 months ago. :)",1306899124
54,2605829,comment,2603844.0,2605771.0,-3,0,fuzzmeister,,,"Multiple of my email addresses posted online unmasked multiple times, so I certainly get spam. My point is that filters are quite effective.",1306899060
55,2605828,story,,,1,0,dioohgee,(40 unread) - dioohgee - Yahoo Mail,http://us.mg5.mail.yahoo.com/neo/launch?.rand=9bi8che8n7k9h,,1306898995
56,2605827,comment,2605470.0,2605806.0,4,0,mkr-hn,,,"Why do we call it aspirin instead of acetylsalicylic acid? It's familiar, easy to spell, and easy to remember. It's an accident of history. What would be accomplished by renaming it?",1306898910
57,2605826,story,,,4,0,dkd903,YouTubes New Strategy: Create a Network Of Networks,http://techcrunch.com/2011/05/31/youtube-networks/,,1306898880
58,2605825,comment,2605470.0,2605611.0,2,0,naner,,,"The kernel is pretty closely coupled to the GNU userland. <i>stali</i>[1] is trying to accomplish the same thing. I think they are using utilities/ibraries from OpenBSD. Not sure if they have a working system, though.<p>1: <a href=""http://sta.li"" rel=""nofollow"">http://sta.li</a>",1306898857
59,2605824,story,,,1,0,wslh,Live From D Conference: Its Google No-Longer-The-CEO Eric Schmidt,http://searchengineland.com/live-from-d-its-google-eric-schmidt-79230,,1306898809
60,2605823,comment,2605738.0,2605738.0,5,0,whichdan,,,"<a href=""https://www.paypalobjects.com/IntegrationCenter/ic_micropayments.html"" rel=""nofollow"">https://www.paypalobjects.com/IntegrationCenter/ic_micropaym...</a><p>PayPal Micropayments would be 10c/transaction.",1306898784
61,2605822,comment,2604300.0,2605793.0,1,0,pizza,,,"<p><pre><code>  ta men bu le zhi dao\n</code></pre>\nAlthough, you'd have to visually select characters after typing pinyin, so it would be useless if someone looked over your shoulder.",1306898732
62,2605821,comment,2602920.0,2603778.0,4,0,T-R,,,"""The"" is very much a sticking point for native speakers of languages that don't have a similar construct; i.e. a Spanish speaker wouldn't likely have trouble with it, but a Japanese or Korean speaker more likely would.<p>The issue is 'a' vs 'the' vs nothing:<p><pre><code>    he went to the school\n    he went to a school\n    he went to school\n</code></pre>\nAll have very different meanings - ""the"" is effectively an adjective describing the specificity of the noun. The first describes a specific school, the second describes some not-yet-defined school, the third describes an abstract concept.<p>'Chocolate' is another example of this, where the issue extends to the use of words like 'some', 'how many', and 'how much' (countable vs. uncountable quantities). Even if a person understands these concepts, it's still difficult to propagate it through a sentence so that everything type-checks (subject-verb agreement, etc), especially if you're coming from a language that doesn't have this kind of redundancy. It gets even harder with hypotheticals, where sometimes one might switch between both singular/plural and non-specific/specific mid sentence, all while English lacks gender-neutral singular third-person pronouns.<p>On top of this there are cases where the use of one over the other really just comes down to philosophy (whether native speakers of a language consider something distinct, concrete, or countable, or not). Similar issues come up with prepositions - which preposition goes with which verb differs even when describing the same concept in two very similar languages. (Best example I can think of at the moment is that in Japanese, people say ""I bought it to her"" instead of ""I bought it for her""; I know English<->Spanish has similar issues, but my Spanish is rusty)",1306898726
63,2605820,comment,2599389.0,2599477.0,1,0,aguki,,,"R&JTech is one such distributor for Clevo barebones;<p><a href=""http://rjtech.com/shop/index.php"" rel=""nofollow"">http://rjtech.com/shop/index.php</a>",1306898722
64,2605819,story,,,1,0,jaredbrown,Building a Web App Using All Web Services,http://www.aaronlerch.com/blog/2011/05/31/how-talentopoly-is-built/,,1306898662
65,2605818,comment,2602839.0,2602839.0,1,0,calebhicks,,,"You should look at selling your own adspace using tools like OIOPublisher or OpenX OnRamp.<p>I'm not sure the amount of traffic that you have, but OpenX has served me greatly on a similar project.<p>It's important to note the market your app attracts. If it's highly sought after and lucrative, you may be able to find a small advertising network focused on your niche. Something to think about.",1306898590
66,2605817,comment,2605470.0,2605787.0,5,0,aaronblohowiak,,,"LLVM built a working linux kernel 218 days ago. <a href=""http://news.ycombinator.com/item?id=1832712"" rel=""nofollow"">http://news.ycombinator.com/item?id=1832712</a><p>Why not just run FreeBSD?",1306898569
67,2605816,story,,,20,0,m1ster,"What's it mean? First time ever China, India, US coinvestment, play140",http://economictimes.indiatimes.com/news/news-by-company/corporate-trends/infosys-co-founder-ns-raghavans-ojas-venture-joins-hand-with-china-vc-for-us-startup/articleshow/8673925.cms,,1306898566
68,2605815,story,,,1,0,bootload,Google 2015: what will it look like?,http://www.stumbleupon.com/su/2vj0Fd/scobleizer.com/2011/05/31/google-2015-what-will-it-look-like/,,1306898556
69,2605814,story,,,10,9,wslh,Remember Slashdot?,http://chrisadas.com/remember-slashdot,,1306898533
70,2605813,comment,2595618.0,2603013.0,0,0,stretchwithme,,,"The way the nerve is wrapped around other structures is totally consistent with what the fossil record says about how life evolved.<p>The gross inefficiency was retained because it is more difficult or unlikely that one structure can be moved past another.  It could be that if someone were born with a nerve that long and it doesn't loop around a structure, it might not work properly or get pinched very easily or flop around.<p>There are plenty of possible explanations for what we find in nature.  And just because we haven't figured things out doesn't mean supernatural forces are responsible.",1306898453
71,2605812,comment,2598281.0,2603204.0,1,0,duncan_bayne,,,Have you considered buying a motorcycle?  Track days are cheap as chips on a 125 or 250.,1306898411
72,2605811,comment,2604013.0,2604276.0,4,0,jellicle,,,"""The most heavily armed states in the USA actually have lower gun crime and violent crime.""<p>That's not true in the slightest.  Prevalence of guns directly equates to a greater incidence of gun crime, on both an international (say, U.S. vs. other nations) and intranational basis.",1306898404
73,2605810,comment,2605739.0,2605739.0,21,0,dwlathrop,,,"I think zed had a reasonable complaint. was he a jerk about it? maybe, but it's a customer's prerogative to complain about a bad experience. github's prompt response to zed has made me a happier (paying) customer. way to go!",1306898398
74,2605809,comment,2603844.0,2605422.0,1,0,dreamdu5t,,,"AirBnB has a history of clever and aggressive PR, and this title is probably deliberate in that regard.<p>The first three google results for ""billion dollar company"" all refer to companies with billions in revenue.<p>According to Google and every economics class I ever took, people assume it refers to revenue. In common vernacular, ""billion dollar company"" means a company that actually generated a billion dollars in revenue, not speculative investment.<p>I mean come on... why is it fair to refer to AirBnB as a billion dollar company when there are actually companies generating a billion in revenue?",1306898377
75,2605808,story,,,15,10,hamedh,"Google's Eric Schmidt: If you care about security, get a Mac, not a PC",http://thenextweb.com/google/2011/06/01/schmidt-if-you-care-about-security-get-a-mac-not-a-pc/,,1306898333
76,2605807,comment,2602431.0,2603003.0,5,0,redthrowaway,,,"The problem with disconnecting is that so many programming problems are best solved by a liberal application of Google.  Similarly, I've never found man pages to be as efficient or helpful as a well-constructed Google query.  I suppose one solution would be to install OpenWRT on your router and keep a whitelist of sites (or a blacklist if you can easily classify 95% of your time-wasters) for your work computer and allow free reign to your home computer.",1306898327
77,2605806,comment,2605470.0,2605750.0,1,0,rwl,,,"By that line of thinking, why call it ""Linux"" (or anything else) either?  I agree that ""GNU/Linux"" sounds kind of dumb, if that's what you're driving at -- but I'd be happy to call the operating system ""GNU"".",1306898312
78,2605805,comment,2603971.0,2605410.0,6,0,windsurfer,,,"Based on the quick shadows, manually-placed arrows, and PNG metadata I would say Inkscape.",1306898286
79,2605804,comment,2605739.0,2605766.0,19,0,kneath,,,"It's interesting to me that so many people want confirmations.  You can remove yourself from any repository you wish at <a href=""https://github.com/account/repositories"" rel=""nofollow"">https://github.com/account/repositories</a>  (yes, I know  this is a confusing place. It's something I'd like to improve).  But the idea is that ""Confirm? Reject."" is the same number of steps/interactions as ""Added. Reject."" Confirmations wouldn't make the experience any better for someone being annoyingly added to projects. They'd just be rejecting invitations instead of rejecting access.<p>As it stands, when you are added as a collaborator to a project it shows up in exactly one place  your private, logged in dashboard. It doesn't show up publicly anywhere.<p>Bypassing confirmations keeps the workflow simple for the professionals who use GitHub and want to collaborate with ease.",1306898278
80,2605803,comment,2605739.0,2605766.0,2,0,josegonzalez,,,"It was. But he is technically a ""customer"". More eyeballs == more potential conversions. Zed happens to give that, fortunately or unfortunately. But they were able to please a potential customer, and just give a better product overall. So maybe its because of something bad, but it's great product iteration.",1306898273
81,2605802,comment,2603971.0,2603971.0,1,0,DaveMebs,,,It is interesting to note that it is impossible for a theory spouted by nutjobs to be true in this flowchart. A non-nutjob must endorse a theory before it enters the realm of possibly true. Danny must have an incredibly low opinion of conspiracy theorists and a high opinion of Google's practices. ;),1306898264
82,2605801,comment,2605246.0,2605749.0,4,0,bokonist,,,"Yeah, I think that's what ilkhd2 was attempting.  But the attempt at parody doesn't make any sense, because the sentiment he is trying parody is actually perfectly sensible and reasonable.  He just rewrites sentiment in bad English to make it look stupid - that's a pretty low form of criticism.  The statement ""universities produce liberals/progressives"" is completely true in my observation.  It happened to me, and it happened to almost everyone I know.  And if you're conservative, its completely sensible to view this as a bad thing.   There is nothing about this belief to parody.",1306898245
83,2605800,comment,2603104.0,2605385.0,1,0,wslh,,,"So, I am impressed that you can't note the difference between Buenos Aires and other Latin American cities, since tourists spot the differences pretty quickly.",1306898230
84,2605799,comment,2598136.0,2598465.0,1,0,arantius,,,"I enjoy my Buffalo WZR-HP-G300NH .  I had a WRT54G as well, but then I got an internet connection faster than it could handle (it became the bottleneck).  Comes stock with (a modified version of) DD-WRT (and flashing your own is supported).<p><a href=""http://www.dd-wrt.com/wiki/index.php/Buffalo_WZR-HP-G300NH"" rel=""nofollow"">http://www.dd-wrt.com/wiki/index.php/Buffalo_WZR-HP-G300NH</a>",1306898155
85,2605798,comment,2603844.0,2605626.0,7,0,andymatic,,,They said they didn't want to be contacted. It isn't up to others to decide that they are a special case. Any marketer would find the wiggle room to make their email a special case.,1306898125
86,2605797,comment,2603971.0,2605046.0,8,0,DaveMebs,,,"Actually, it implies the opposite.<p>If someone who is not a nutjob is spouting the theory it will get debunked, regardless of placement on Hacker News. If Hacker News were in the nutjob category, it would be irrelevant in the flowchart. The chart would simply point from ""repeated by a nutjob""->""Am I bored?""<p>Hacker News only takes effect if a nutjob's theory winds up on Hacker News, which based on the chart, is more akin to ""Are they a nutjob?""->""No"" (but not quite the same). So, while something does not need to be on Hacker News to be debunked, placement on Hacker News will result in a theory being debunked. Thus, the article implies that Hacker News is a community made up of people who are expressly not nutjobs.",1306898090
87,2605796,comment,2605739.0,2605773.0,67,0,compay,,,"Sometimes you have to look at <i>what</i> somebody says, and not <i>how</i> they say it. I personally wouldn't have approached the trolls the way Zed did, but he was right that this was broken and needed to be fixed. Github did a great job - as far as I can tell they handled things professionally and cranked out a fix in just a few days. Everybody wins (except the trolls).",1306898065
88,2605794,comment,2602431.0,2604854.0,1,0,keidian,,,"Hey now, nothing wrong with being Canadian :p",1306898048
89,2605793,comment,2604300.0,2605487.0,1,0,rorrr,,,How do I type that?,1306898045
90,2605792,comment,2591102.0,2591102.0,1,0,sharonpaul,,,"I'm a beginner at programming, and am wondering which text editor to use. Emacs or TextMate?",1306898036
91,2605791,story,,,3,2,wslh,Usenet is officially dead ...,http://ubuntuforums.org/showthread.php?t=1487710,,1306898019
92,2605790,comment,2603844.0,2604962.0,21,0,kwis,,,"The spam filters today are good not because of magic, but because billions of dollars have been spent securing email.<p>What a complete and utter waste of resources.",1306897980
93,2605789,comment,2605739.0,2605773.0,19,0,marcusbooster,,,"You could chalk it up to stress testing that pointed out a flaw. And to GitHub's credit they provided a quick fix and a professional response, kudos to them. Peace has been restored in the Valley, and the trolls are left to twiddle their ASCII dongs.",1306897917
94,2605788,comment,2602431.0,2605256.0,9,0,cma,,,Looks like a fire trap.  Be careful.,1306897897
95,2605787,comment,2605470.0,2605611.0,2,0,sdkmvx,,,"PCC would probably be easier, and it is still open source. Although a BSD-userland Linux would be interesting, I think the GCC compiler has become so widespread that it is almost impossible not to use it (except for Windows, of course). Even the BSDs, which are thoroughly against copyleft licenses, use GCC.",1306897881
96,2605786,comment,2605470.0,2605584.0,12,0,zohebv,,,"I looked at the article and it seems to strengthen the argument for calling it a GNU/Linux distribution. The top contributors as per the chart.<p>1. kernel 9%\n2. gnu 8%\n3. kde 8%\n4,5 java, mozilla 6%\n6. gnome 3%<p>If you combine gnu with gnome, we have\n1. gnu 13%\n2. kernel 9%<p>Also considering that java/mozilla are platform agnostic, the candidate names we have are<p>linux-gnu-kde OR gnu-linux(-kde)<p>If you are not running KDE, then gnu-linux seems like a very strong candidate for the name. The argument for calling it linux would revolve around the availability of GNU software on other non-linux distributions in some form or the other, thus making GNU a not very distinctive moniker. But MacOS/BSD doesn't really carry as much GNU as Linux distros do.<p>But the kernel is running all the time when booted up. A better argument would be that only a fraction of GNU software is active at any moment, so by percentage of GNU v/s kernel code executed in any given time interval, the kernel should win handily. This pie chart, as it stands, actually makes a case for calling it GNU\Linux.",1306897872
97,2605785,comment,2605739.0,2605739.0,-4,0,endlessvoid94,,,I think this was a good response to an attention whore.<p>EDIT: I wasn't trolling.  Not even a single response?,1306897808
98,2605784,comment,2603844.0,2605190.0,17,0,kanamekun,,,"I'm sure that their attorneys have let them know that acknowledging that they sent out spam would expose them to massive damages under the CAN-SPAM laws.  So AirBnB can't really acknowledge what they did and try and move on... financially, it would be ruinous for them.  They are probably hoping that the controversy will blow over, until the statute of limitations expires at which point they can apologize and blame the previous regime.",1306897808
99,2605783,comment,2605739.0,2605766.0,13,0,latch,,,"<i>Sad that they still haven't added a requirement that you accept an invite to become a collaborator</i><p>That's one way to look at it..the other way is that they just designed coded, tested and rolled out a feature a day or two after a fairly hostile and accusatory customer complaint.",1306897772
100,2605782,comment,2604013.0,2604986.0,3,0,cookiecaper,,,"I'm not convinced that the appearance of that terminology in the file means the developer is unaware of the difference between encoding and encrypting something. I think we all know the meanings of some words, but continue to misuse them out of convenience and/or habit. It can be difficult to break such a habit. Perhaps you should simply include a patch that will reword the file in the correct manner. :)",1306897768
101,2605781,comment,2605757.0,2605775.0,0,0,endlessvoid94,,,"oops, yep.  sorry about that.",1306897767
102,2605780,comment,2605629.0,2605629.0,1,0,wantrapreneur,,,This is a long standing problem. Babble fish had an Api and it was also shut  down.,1306897766
103,2605778,comment,2605660.0,2605660.0,1,0,csuper,,,"Dig the idea, but agree the design is lacking. I'm still going to subscribe - good luck!",1306897718
104,2605777,comment,2605324.0,2605324.0,1,0,qq66,,,"Of course, this 0.00% assumed growth rate omits the obvious, which is that a company as successful as Apple has a lot of competition brewing in each of its markets, and a negative growth rate is certainly possible.<p>Technology is an industry where you run to stay still. Apple's cash flows are far less predictable than, say, Procter and Gamble's. What's Apple has done in the last ten years could continue for another ten, or reverse entirely.",1306897716
105,2605776,comment,2605745.0,2605745.0,2,0,msie,,,I'm really surprised at the number of sales. Congrats!,1306897682
106,2605775,comment,2605757.0,2605757.0,2,0,tokenadult,,,"Previous submission:<p><a href=""http://news.ycombinator.com/item?id=2605739"" rel=""nofollow"">http://news.ycombinator.com/item?id=2605739</a>",1306897681
107,2605774,comment,2605696.0,2605696.0,1,0,veyron,,,Just curious: Does the business itself generate more cash flows than you are spending on it?  more than you are spending overall for personal and business matters? [ie can you actually quit your consulting],1306897646
108,2605773,comment,2605739.0,2605739.0,26,0,mycroftiv,,,"This is a very good feature, but I am also afraid it will make Zed Shaw and others think that his attempt to out-troll the trolls and multiply internet drama was a force for positive change. ""If you throw a big enough temper tantrum and incite a large enough shitstorm, developers will address your concerns"" is an unfortunate precedent. The fact that controversy and negativity attracts eyeballs and can trigger improvements is understandable, but it also creates perverse incentives.",1306897630
109,2605772,comment,2605470.0,2605670.0,5,0,aniket_ray,,,"It doesn't really measure how time it would take to replace. Compared to KDE or Firefox code, GNU code is much more succinct and optimally written.<p>I really doubt that that code could be replaced easily in a single pass.",1306897576
110,2605771,comment,2603844.0,2604962.0,8,0,dreamdu5t,,,"If you don't think so, please post your email here for us.",1306897564
111,2605770,story,,,1,0,wslh,Implementing Spam Protection in Wiki Engines,http://www.advogato.org/article/1052.html,,1306897553
112,2605769,comment,2605390.0,2605390.0,1,0,dblock,,,One way to decimate adversaries is to open-source your entire competitive advantage. Unfortunately that only works when youre the market leader.<p>So nobody cares about open-sourcing WebRTC. Something that would be actually noticeable in this field right now would be Microsoft that open-sources Skype and gives everything away under the BSD license.,1306897518
113,2605768,comment,2604894.0,2605028.0,1,0,steventruong,,,"If people really wanted to stalk someone, they can do it outside of HN although I've seen a thread on this in the past so I know what you're referring to but it's usually very unlikely. That said, I'm using my real name LOL",1306897476
114,2605767,comment,2605745.0,2605745.0,2,0,Joshim5,,,Your strategy involving submitting cracked versions of your app was quite interesting.  It would be interesting to see the rate of the app store purchases vs. piracy for your app.  I would expect your strategy would reduce the rate of piracy,1306897426
115,2605766,comment,2605739.0,2605739.0,16,0,getsat,,,"Is this due to the recent drama with Zed Shaw being invited to the ""DongML"" project? Very entertaining as an observer, but very annoying for Zed I'm sure.<p>Sad that they still haven't added a requirement that you accept an invite to become a collaborator, or at least a profile setting on your account that requires that confirmation.",1306897419
116,2605765,comment,2605451.0,2605546.0,2,0,gilaniali,,,I doubt any of the developers being sued by Lodsys knew they were infringing on these patents.<p>And there is no sure way to know which small thing is under patent than to spend hours going through the patent archives or hiring expensive patent lawyers.,1306897419
117,2605764,comment,2603684.0,2603909.0,1,0,nhebb,,,"<i>Ctrl-F</i><p>Good point, but the UI's still inconsistent. If you open Options there is a <i>Search options</i> box. The passwords screen is modal, so that search box isn't accessible and you have two methods of search - a search field for Options and Ctrl-F for password. The other issue is that Ctrl-F doesn't consistently scroll to the highlighted item. When doing a Ctrl-F I often have to use the scroll bar to find the highlighted phrase.",1306897408
118,2605763,comment,2605246.0,2605710.0,12,0,geraldalewis,,,"<i>> Most people just want someone to give them a job and let them do it.</i><p><i>> I don't think the purpose of college is to provide people with education and a love of learning. Most people don't want that.</i><p>Your stance on this issue strikes me as one-dimensional and solipsistic. Maybe you're a very smart person who was unfairly persecuted for being different, or maybe you were persecuted for being different and placed the blame on a feature.<p>From my perspective, humans are learning machines, as evidenced by the totality of human output.<p><i>> People who love learning have wikipedia.</i><p>Wikipedia does not talk to you, debate your ideas, or force you to think in uncomfortable ways (`Discussion` does not count). I might be nitpicking your point, but autodidacts are well served by interfacing with people who can challenge their ideas and also help them articulate their opinions <i>in person</i>.<p>Edit: I'm getting downvoted, and I hope it's not because this comment comes across as rude. If it is, please message me directly; I tried hard on the tone.",1306897335
119,2605762,comment,2605439.0,2605612.0,1,0,mturmon,,,"I compute the standard deviation of n(1) as sqrt(N p (1-p)) where p = 1/10.  It's N iid realizations of a biased coin toss.<p>You left out the 1-p part, I think.<p>I totally agree with your sentiment that just eyeballing the plot is not the best route here.  It's all too easy to convince yourself that the deviation isn't that bad, if you're just looking at the plot without error bars.",1306897316
120,2605761,comment,2602576.0,2605025.0,1,0,JoeAltmaier,,,"In a civilized society, you don't have to ""deal"" with ongoing intimidation. You take care of it. If bullies are tolerated, they grow bolder. Its the story of the decay of neighborhoods etc.<p>Again, the point was missed. Its not about a single incident. Its about zero tolerance for disrespect, intimidation, shakedown, public bullying.  So somebody other than you can park without knuckling under to some jerk.",1306897312
121,2605760,comment,2604032.0,2604469.0,1,0,sandal,,,"Ninja and hacker are two very different words, hacker actually has some rich history and meaning to it. But it's true that it hardly means anything without a whole lot of context now that it seems to just mean 'programmer who doesn't wear a suit to work'",1306897277
122,2605759,comment,2604013.0,2605034.0,6,0,forensic,,,"A lynch mob is appropriate if the police refuse to act.<p>If elected officials do not enforce the law, the burden falls onto private citizens to do so. This is the common law with thousands of years of precedent.",1306897254
123,2605758,comment,2604013.0,2604590.0,2,0,gburt,,,"""Most of us"" live in places where crime is not a problem. Does anyone live in a place where crime is a problem as you describe it?<p>It seems that the Westerner attitude is that ""somewhere else"" things are really bad. New Orleans has close to the highest murder rate <i>in the world</i>.",1306897253
124,2605757,story,,,7,2,endlessvoid94,Github responds to Zed Shaw's rant,https://github.com/blog/862-block-the-bullies?ref=HN,,1306897233
125,2605756,comment,2603844.0,2605732.0,4,0,btilly,,,"Hmm, that doesn't fit with my recollection.<p>But when I Googled for ""billion dollar company"" then ""million dollar company"" the first usage I found that wasn't in some way tied to startups was <a href=""http://www.goodnewsnetwork.org/most-popular//red-mill-goes-to-employees.html"" rel=""nofollow"">http://www.goodnewsnetwork.org/most-popular//red-mill-goes-t...</a> where it clearly refers to revenue.<p>Ah well.  Around here there is no question which usage is more common.<p>PS You may be amused that the top hit for ""x billion dollar company"" is <a href=""http://hackerne.ws/item?id=2033232"" rel=""nofollow"">http://hackerne.ws/item?id=2033232</a> which involves you.",1306897201
