,col0,col1,col2,col3,col4,col5
0,Dev2.SignalR.Wrappers.New,HubConnectionWrapper,HubConnectionWrapper,4,1,1
1,Dev2.SignalR.Wrappers.New,HubConnectionWrapper,HubConnectionWrapper,2,1,1
2,Dev2.SignalR.Wrappers.New,HubConnectionWrapper,CreateHubProxy,0,1,1
3,Dev2.SignalR.Wrappers.New,HubConnectionWrapper,Start,4,1,0
4,Dev2.SignalR.Wrappers.New,HubConnectionWrapper,Stop,3,1,1
5,Dev2.SignalR.Wrappers.New,HubProxyWrapper,HubProxyWrapper,3,1,1
6,Dev2.SignalR.Wrappers.New,HubProxyWrapper,Subscribe,4,1,1
7,Dev2.SignalR.Wrappers.New,HubProxyWrapper,Invoke,0,1,2
8,Dev2.SignalR.Wrappers.New,HubProxyWrapper,Invoke,0,1,2
9,Dev2.SignalR.Wrappers.New,HubProxyWrapper,Object,0,1,0
10,Dev2.SignalR.Wrappers.New,HubProxyWrapper,On,0,1,2
11,Dev2.SignalR.Wrappers.New,SubscriptionWrapper,SubscriptionWrapper,4,1,1
12,Dev2.SignalR.Wrappers.New,SubscriptionWrapper,WrappedReceived,3,1,1
13,Dev2.SignalR.Wrappers.New,StateChangeWrapped,StateChangeWrapped,4,1,2
14,Dev2.SignalR.Wrappers.New,StateChangeWrapped,StateChangeWrapped,4,1,1
