,col0,col1,col2,col3,col4
0,Column,transportation_mode,displayChoicesList,object,"[{""choice_list_name"":""transportation"",""data_value"":""Walk"",""display"":{""title"":{""text"":""Walked""}},""_row_num"":2},{""choice_list_name"":""transportation"",""data_value"":""Tuk-tuk"",""display"":{""title"":{""text"":""Tuk-tuk""}},""_row_num"":3},{""choice_list_name"":""transportation"",""data_value"":""Boda-boda"",""display"":{""title"":{""text"":""Boda-boda""}},""_row_num"":4},{""choice_list_name"":""transportation"",""data_value"":""Matatu"",""display"":{""title"":{""text"":""Matatu""}},""_row_num"":5},{""choice_list_name"":""transportation"",""data_value"":""Taxi"",""display"":{""title"":{""text"":""Taxi car""}},""_row_num"":6},{""choice_list_name"":""transportation"",""data_value"":""Other"",""display"":{""title"":{""text"":""Other""}},""_row_num"":7}]"
1,FormType,default,FormType.formType,string,SURVEY
2,SurveyUtil,default,SurveyUtil.formId,string,geopoints
3,Table,default,colOrder,array,"[""client_id"",""step"",""transportation_mode"",""transportation_mode_other"",""description"",""coordinates_latitude"",""coordinates_longitude"",""coordinates_altitude"",""coordinates_accuracy""]"
4,Table,default,defaultViewType,string,MAP
5,Table,default,displayName,object,"{""text"":""Home Locator""}"
6,Table,default,mapListViewFileName,configpath,config/tables/geopoints/html/geopoints_map_list.html
7,TableMapFragment,default,keyColorRuleType,string,None
8,TableMapFragment,default,keyMapLatCol,string,coordinates_latitude
9,TableMapFragment,default,keyMapLongCol,string,coordinates_longitude
