,col0,col1,col2,col3,col4,col5,col6,col7,col8,col9,col10,col11,col12,col13,col14,col15,col16,col17,col18,col19
0,a6699312-9bad-11eb-a8a2-19ed5c03f8d3,genus,Zopfiella,,,G. Winter,,1884.0,,"Rabenh. Krypt.-Fl. (Leipzig), Edn 2 1(2): 56 (1884)",,,,a6699312-9bad-11eb-a8a2-19ed5c03f8d3,,,,,5876, 
1,17c0c20c-9bad-11eb-a8a2-19ed5c03f8d3,species,attenuata,Zopfiella,,Udagawa & Furuya,,1974.0,,Trans. Mycol. Soc. Japan 15(3): 206 (1974),,,,17c0c20c-9bad-11eb-a8a2-19ed5c03f8d3,,,,,325679, 
2,ad6b5d76-9bad-11eb-a8a2-19ed5c03f8d3,species,backusii,Zopfiella,,(L.H. Huang) Guarro,,1986.0,,"in Guarro & Figueras, Int. J. Mycol. Lichenol. 2(2-3): 253 (1986)",,,,171a28ac-9bad-11eb-a8a2-19ed5c03f8d3,,,,,124497, 
3,5943e218-9bad-11eb-a8a2-19ed5c03f8d3,species,bonariensis,Zopfiella,,ined.,,,,,,,,5943e218-9bad-11eb-a8a2-19ed5c03f8d3,,,,,445675, 
4,17c14c36-9bad-11eb-a8a2-19ed5c03f8d3,species,carbonaria,Zopfiella,,(W. Phillips & Plowr.) Arx,,1973.0,,"Proc. K. Ned. Akad. Wet., Ser. C, Biol. Med. Sci. 76(3): 291 (1973)",,,,52c8939e-9bac-11eb-a8a2-19ed5c03f8d3,,,,,325680, 
5,31c753d8-9bac-11eb-a8a2-19ed5c03f8d3,species,catalaunica,Zopfiella,,Guarro ined.,,,,,,,,31c753d8-9bac-11eb-a8a2-19ed5c03f8d3,,,,,122141, 
6,509dcbc4-9bad-11eb-a8a2-19ed5c03f8d3,species,cephalothecoidea,Zopfiella,,"Guarro, Abdullah, Al-Saadoon & Gené",,1996.0,,Mycotaxon 59: 199 (1996),,,,509dcbc4-9bad-11eb-a8a2-19ed5c03f8d3,,,,,415766, 
7,6371b4c2-9bad-11eb-a8a2-19ed5c03f8d3,species,curvata,Zopfiella,,(Fuckel) G. Winter,Q66899,,,,,,,9dd3a14e-9bac-11eb-a8a2-19ed5c03f8d3,,,,,445742, 
8,317e2400-9bad-11eb-a8a2-19ed5c03f8d3,species,ebriosa,Zopfiella,,"Guarro, P.F. Cannon & Aa",Q967491,,,,,,,317e2400-9bad-11eb-a8a2-19ed5c03f8d3,,,,,355160, 
9,e815edf2-9bac-11eb-a8a2-19ed5c03f8d3,species,erostrata,Zopfiella,,(Griffiths) Udagawa & Furuya,Q13218562,1974.0,,Trans. Mycol. Soc. Japan 15(3): 208 (1974),,,,8fed93be-9bac-11eb-a8a2-19ed5c03f8d3,,,,,283742, 
10,17c19326-9bad-11eb-a8a2-19ed5c03f8d3,species,flammifera,Zopfiella,,L.H. Huang,,1973.0,,Mycologia 65(3): 691 (1973),,,,17c19326-9bad-11eb-a8a2-19ed5c03f8d3,,,,,325681, 
11,17c1d110-9bad-11eb-a8a2-19ed5c03f8d3,species,inermis,Zopfiella,,(Cailleux) Malloch & Cain,,1971.0,,Can. J. Bot. 49(6): 876 (1971),,,,173f9f4c-9bad-11eb-a8a2-19ed5c03f8d3,,,,,325682, 
12,3b4b63ae-9bac-11eb-a8a2-19ed5c03f8d3,species,karachiensis,Zopfiella,,(S.I. Ahmed & Asad) Guarro,,1988.0,,"in Guarro & Cano, Trans. Br. mycol. Soc. 91(4): 589 (1988)",,,,25bcb564-9bad-11eb-a8a2-19ed5c03f8d3,,,,,134379, 
13,17c2226e-9bad-11eb-a8a2-19ed5c03f8d3,species,latipes,Zopfiella,,(N. Lundq.) Malloch & Cain,,1971.0,,Can. J. Bot. 49: 876 (1971),,,,26a35d02-9bad-11eb-a8a2-19ed5c03f8d3,,,,,325683, 
14,17c25356-9bad-11eb-a8a2-19ed5c03f8d3,species,leucotricha,Zopfiella,,(Speg.) Malloch & Cain,Q648013,1971.0,,Can. J. Bot. 49(6): 876 (1971),,,,3c0ceea6-9bad-11eb-a8a2-19ed5c03f8d3,,,,,325684, 
15,17c28240-9bad-11eb-a8a2-19ed5c03f8d3,species,longicaudata,Zopfiella,,(Cain) Arx,,1972.0,,"Proc. K. Ned. Akad. Wet., Ser. C, Biol. Med. Sci. 76(3): 291 (1972)",,,,01a3cb40-9bad-11eb-a8a2-19ed5c03f8d3,,,,,325685, 
16,17c2c37c-9bad-11eb-a8a2-19ed5c03f8d3,species,lundqvistii,Zopfiella,,Shearer & J.L. Crane,,1978.0,,Trans. Br. mycol. Soc. 70(3): 456 (1978),,,,17c2c37c-9bad-11eb-a8a2-19ed5c03f8d3,,,,,325686, 
17,283370e0-9bac-11eb-a8a2-19ed5c03f8d3,species,macrospora,Zopfiella,,Guarro & Calvo,Q21506877,1983.0,,Nova Hedwigia 37(4): 663 (1983),,,,283370e0-9bac-11eb-a8a2-19ed5c03f8d3,,,,,107399, 
18,17c316f6-9bad-11eb-a8a2-19ed5c03f8d3,species,marina,Zopfiella,,Furuya & Udagawa,,1975.0,,J. Jap. Bot. 50(8): 249 (1975),,,,17c316f6-9bad-11eb-a8a2-19ed5c03f8d3,,,,,325687, 
19,17c39a22-9bad-11eb-a8a2-19ed5c03f8d3,species,matsushimae,Zopfiella,,Udagawa & Furuya,,1976.0,,J. Jap. Bot. 51(4): 118 (1976),,,,17c39a22-9bad-11eb-a8a2-19ed5c03f8d3,,,,,325688, 
20,3b4b9ac2-9bac-11eb-a8a2-19ed5c03f8d3,species,ovina,Zopfiella,,(Udagawa) Guarro,,1988.0,,"in Guarro & Cano, Trans. Br. mycol. Soc. 91(4): 589 (1988)",,,,2bafc2dc-9bac-11eb-a8a2-19ed5c03f8d3,,,,,134380, 
21,17c423ac-9bad-11eb-a8a2-19ed5c03f8d3,species,pilifera,Zopfiella,,Udagawa & Furuya,,1972.0,,Trans. Mycol. Soc. Japan 13(4): 255 (1972),,,,17c423ac-9bad-11eb-a8a2-19ed5c03f8d3,,,,,325689, 
22,17c457fa-9bad-11eb-a8a2-19ed5c03f8d3,species,pleuropora,Zopfiella,,Malloch & Cain,,1971.0,,Can. J. Bot. 49(6): 876 (1971),,,,17c457fa-9bad-11eb-a8a2-19ed5c03f8d3,,,,,325690, 
23,5775b380-9bad-11eb-a8a2-19ed5c03f8d3,species,submersa,Zopfiella,,"Guarro, Al-Saadoon, Gené & Abdullah",,1997.0,,Mycologia 89(6): 958 (1997),,,,5775b380-9bad-11eb-a8a2-19ed5c03f8d3,,,,,443127, 
24,976de422-9bac-11eb-a8a2-19ed5c03f8d3,species,tabulata,Zopfiella,,(Zopf) G. Winter,,1884.0,,"in Rabenhorst, Deutschl. Fl. 1(2): 56 (1884)",,,,746c7866-9bad-11eb-a8a2-19ed5c03f8d3,,,,,209499, 
25,30fbcc1c-9bad-11eb-a8a2-19ed5c03f8d3,species,tanzaniensis,Zopfiella,,"(R.S. Khan & J.C. Krug) Guarro, P.F. Cannon & Aa",Q967491,1982.0,,"Syst. Ascom., Reprint of Volumes 1-4 (1982-1985) 10(2): 103 (1991)",,,,33796630-9bac-11eb-a8a2-19ed5c03f8d3,,,,,354573, 
26,3b4bdb54-9bac-11eb-a8a2-19ed5c03f8d3,species,tardifaciens,Zopfiella,,(Udagawa) Guarro,,1988.0,,"in Guarro & Cano, Trans. Br. mycol. Soc. 91(4): 591 (1988)",,,,2bb008b4-9bac-11eb-a8a2-19ed5c03f8d3,,,,,134381, 
27,17c48c0c-9bad-11eb-a8a2-19ed5c03f8d3,species,tetraspora,Zopfiella,,"(J.N. Rai, Mukerji & J.P. Tewari) S. Ahmad",,1978.0,,Monogr. Biol. Soc. Pakistan 7: 78 (1978),,,,26a3b0b8-9bad-11eb-a8a2-19ed5c03f8d3,,,,,325691, 
28,976157a2-9bac-11eb-a8a2-19ed5c03f8d3,species,tumescens,Zopfiella,,Trevis.,Q634712,,,,,,,976157a2-9bac-11eb-a8a2-19ed5c03f8d3,,,,,209430, 
29,28339570-9bac-11eb-a8a2-19ed5c03f8d3,species,udagawae,Zopfiella,,Guarro & Punsola,,1983.0,,Nova Hedwigia 37(4): 651 (1983),,,,28339570-9bac-11eb-a8a2-19ed5c03f8d3,,,,,107400, 
