,col0,col1,col2,col3,col4,col5,col6
0,AndyAndain,25397,Absolute Duo,0,0,1,Low
1,AndyAndain,31790,Active Raid: Kidou Kyoushuushitsu Dai Hachi Gakari,0,0,1,Low
2,AndyAndain,17082,Aiura,0,0,1,Low
3,AndyAndain,30123,Akagami no Shirayuki-hime,0,0,1,Low
4,AndyAndain,34051,Akiba's Trip The Animation,0,0,1,Low
5,AndyAndain,9062,Angel Beats! Specials,9,1,1,Low
6,AndyAndain,27911,Anime de Wakaru Shinryounaika,0,0,1,Low
7,AndyAndain,15039,Ano Hi Mita Hana no Namae wo Bokutachi wa Mada Shiranai. Movie,0,0,1,Low
8,AndyAndain,24151,Ao Haru Ride OVA,8,1,1,Low
9,AndyAndain,1051,Ao no 6-gou,0,0,1,Low
10,AndyAndain,15133,Aoi Sekai no Chuushin de,0,0,1,Low
11,AndyAndain,18893,Aoki Hagane no Arpeggio: Ars Nova,0,0,1,Low
12,AndyAndain,28249,Arslan Senki (TV),0,0,1,Low
13,AndyAndain,6635,Ayatsuri Haramase DreamNote,0,0,1,Low
14,AndyAndain,30795,Bakuon!!,0,0,1,Low
15,AndyAndain,67,Basilisk: Kouga Ninpou Chou,0,0,1,Low
16,AndyAndain,368,Bible Black,0,0,1,Low
17,AndyAndain,11633,Blood Lad,0,0,1,Low
18,AndyAndain,819,Boku wa Imouto ni Koi wo Suru,0,0,1,Low
19,AndyAndain,14967,Boku wa Tomodachi ga Sukunai Next,0,0,1,Low
20,AndyAndain,21405,Bokura wa Minna Kawai-sou,0,0,1,Low
21,AndyAndain,32023,Bubuki Buranki,0,0,1,Low
22,AndyAndain,21437,Buddy Complex,0,0,1,Low
23,AndyAndain,11103,Busou Shinki Moon Angel,0,0,1,Low
24,AndyAndain,5464,Cafe Junkie,0,0,1,Low
25,AndyAndain,4981,Casshern Sins,0,0,1,Low
26,AndyAndain,16169,Choboraunyopomi Gekijou Ai Mai Mii,0,0,1,Low
27,AndyAndain,15687,Chuunibyou demo Koi ga Shitai! Lite,0,0,1,Low
28,AndyAndain,15879,Chuunibyou demo Koi ga Shitai!: Depth of Field - Ai to Nikushimi Gekijou,0,5,1,Low
29,AndyAndain,16934,Chuunibyou demo Koi ga Shitai!: Kirameki no... Slapstick Noel,0,0,1,Low
30,AndyAndain,32407,Clockwork Planet,0,0,1,Low
31,AndyAndain,14317,Computer Kakumei: Saikyou x Saisoku no Zunou Tanjou,0,0,1,Low
32,AndyAndain,15037,Corpse Party: Tortured Souls - Bougyakusareta Tamashii no Jukyou,0,0,1,Low
33,AndyAndain,31401,Creamy Pie,0,0,1,Low
34,AndyAndain,15109,Cuticle Tantei Inaba,0,0,1,Low
35,AndyAndain,20031,D-Frag!,0,0,1,Low
36,AndyAndain,12549,"Dakara Boku wa, H ga Dekinai.",0,0,1,Low
37,AndyAndain,29976,Dance with Devils,0,0,1,Low
38,AndyAndain,16592,Danganronpa: Kibou no Gakuen to Zetsubou no Koukousei The Animation,0,0,1,Low
39,AndyAndain,16355,Dansai Bunri no Crime Edge,0,0,1,Low
40,AndyAndain,11843,Danshi Koukousei no Nichijou,0,0,1,Low
41,AndyAndain,6573,Darker than Black: Ryuusei no Gemini,0,0,1,Low
42,AndyAndain,35823,Demi-chan wa Kataritai: Demi-chan no Natsuyasumi,0,0,1,Low
43,AndyAndain,17513,Diabolik Lovers,0,0,1,Low
44,AndyAndain,32901,Eromanga-sensei,0,0,1,Low
45,AndyAndain,10851,Euphoria,0,0,1,Low
46,AndyAndain,26057,Fate/kaleid liner Prisma☆Illya 2wei!: Mahou Shoujo in Onsen Ryokou,0,0,1,Low
47,AndyAndain,13263,Fate/Zero: Onegai! Einzbern Soudanshitsu,9,3,1,Low
48,AndyAndain,24453,Fetikano!,0,0,1,Low
49,AndyAndain,12957,First Love,0,0,1,Low
50,AndyAndain,18507,Free!,0,0,1,Low
51,AndyAndain,23033,Furueru Kuchibiru,0,0,1,Low
52,AndyAndain,22189,Futsuu no Joshikousei ga [Locodol] Yattemita.,0,0,1,Low
53,AndyAndain,33743,Fuuka,0,0,1,Low
54,AndyAndain,34855,Gabriel DropOut Specials,0,1,1,Low
55,AndyAndain,24765,Gakkougurashi!,0,0,1,Low
56,AndyAndain,5214,Gakuen Shimai,0,0,1,Low
57,AndyAndain,30544,Gakusen Toshi Asterisk,0,0,1,Low
58,AndyAndain,27633,Gekkan Shoujo Nozaki-kun Specials,0,1,1,Low
59,AndyAndain,17651,Genei wo Kakeru Taiyou,0,0,1,Low
60,AndyAndain,15811,Girls & Panzer Specials,0,2,1,Low
61,AndyAndain,14811,GJ-bu,0,0,1,Low
62,AndyAndain,297,Grenadier: Hohoemi no Senshi,0,0,1,Low
63,AndyAndain,29093,Grisaia no Meikyuu: Caprice no Mayu 0,0,0,1,Low
64,AndyAndain,12419,Guilty Crown Kiseki: Reassortment,0,0,1,Low
65,AndyAndain,13161,Hagure Yuusha no Aesthetica,0,0,1,Low
66,AndyAndain,31859,Hai to Gensou no Grimgar,0,0,1,Low
67,AndyAndain,30895,HaruChika: Haruta to Chika wa Seishun suru,0,0,1,Low
68,AndyAndain,31109,Hatsukoi Monster,0,0,1,Low
69,AndyAndain,27829,Heavy Object,0,0,1,Low
70,AndyAndain,31989,Hibike! Euphonium Movie 1: Kitauji Koukou Suisougaku-bu e Youkoso,0,0,1,Low
71,AndyAndain,30300,"High School DxD New: Oppai, Tsutsumimasu!",0,0,1,Low
72,AndyAndain,12729,High School DxD OVA,0,0,1,Low
73,AndyAndain,581,Honoo no Labyrinth,0,0,1,Low
74,AndyAndain,10408,Hotarubi no Mori e,0,0,1,Low
75,AndyAndain,31338,Hundred,0,0,1,Low
76,AndyAndain,24273,Iinari! Saimin Kanojo,0,0,1,Low
77,AndyAndain,35413,Imouto sae Ireba Ii.,0,0,1,Low
78,AndyAndain,25159,Inou-Battle wa Nichijou-kei no Naka de,0,0,1,Low
79,AndyAndain,11013,Inu x Boku SS,0,0,1,Low
80,AndyAndain,6811,InuYasha: Kanketsu-hen,0,0,1,Low
81,AndyAndain,33242,IS: Infinite Stratos 2 - Infinite Wedding,0,0,1,Low
82,AndyAndain,25429,Isuca,0,0,1,Low
83,AndyAndain,10357,Jinrui wa Suitai Shimashita,0,0,1,Low
84,AndyAndain,33322,JK Bitch ni Shiboraretai,0,0,1,Low
85,AndyAndain,18691,Joshikousei no Koshitsuki,0,0,1,Low
86,AndyAndain,37281,Joshiochi!: 2-kai kara Onnanoko ga... Futtekita!?,0,0,1,Low
87,AndyAndain,28387,Joukamachi no Dandelion,0,0,1,Low
88,AndyAndain,29915,Junai Maniac,0,0,1,Low
89,AndyAndain,26441,Junketsu no Maria,0,0,1,Low
90,AndyAndain,8525,Kami nomi zo Shiru Sekai,0,0,1,Low
91,AndyAndain,21563,Kamigami no Asobi,0,0,1,Low
92,AndyAndain,18661,Kamisama Hajimemashita OVA,0,0,1,Low
93,AndyAndain,19685,Kanojo ga Flag wo Oraretara,0,0,1,Low
94,AndyAndain,35860,Karakai Jouzu no Takagi-san,0,0,1,Low
95,AndyAndain,27503,Karen Senki,0,2,1,Low
96,AndyAndain,24439,Kekkai Sensen,0,0,1,Low
97,AndyAndain,21809,Kenzen Robo Daimidaler,0,0,1,Low
98,AndyAndain,34964,Killing Bites,0,0,1,Low
99,AndyAndain,17741,Kimi no Iru Machi,0,0,1,Low
100,AndyAndain,16732,Kiniro Mosaic,0,0,1,Low
101,AndyAndain,5042,Kiss x Sis,0,0,1,Low
102,AndyAndain,18495,Kitakubu Katsudou Kiroku,0,0,1,Low
103,AndyAndain,33206,Kobayashi-san Chi no Maid Dragon,0,0,1,Low
104,AndyAndain,2403,Kodomo no Jikan (TV),0,0,1,Low
105,AndyAndain,8876,Koe de Oshigoto! The Animation,0,0,1,Low
106,AndyAndain,634,Koi Kaze,0,0,1,Low
107,AndyAndain,12175,Koi to Senkyo to Chocolate,0,0,1,Low
108,AndyAndain,18655,Koikishi Purely☆Kiss The Animation,0,0,1,Low
109,AndyAndain,31952,Kono Bijutsubu ni wa Mondai ga Aru!,0,0,1,Low
110,AndyAndain,13367,"Kono Naka ni Hitori, Imouto ga Iru!",0,0,1,Low
111,AndyAndain,31804,Kuma Miko,0,0,1,Low
112,AndyAndain,32949,Kuzu no Honkai,0,0,1,Low
113,AndyAndain,15005,Kyou no Asuka Show,0,0,1,Low
114,AndyAndain,21241,Kyoukai no Kanata: Idol Saiban! Mayoi Nagara mo Kimi wo Sabaku Tami,0,0,1,Low
115,AndyAndain,16353,Love Lab,0,0,1,Low
116,AndyAndain,34973,Love Live! Sunshine!! 2nd Season,0,0,1,Low
117,AndyAndain,149,Loveless,0,0,1,Low
118,AndyAndain,2034,Lovely★Complex,0,7,1,Low
119,AndyAndain,23133,M3: Sono Kuroki Hagane,0,0,1,Low
120,AndyAndain,14513,Magi: The Labyrinth of Magic,0,0,1,Low
121,AndyAndain,435,Magic Knight Rayearth,0,0,1,Low
122,AndyAndain,20785,Mahouka Koukou no Rettousei,0,0,1,Low
123,AndyAndain,35062,Mahoutsukai no Yome,0,0,1,Low
124,AndyAndain,29575,Mankitsu Happening,0,0,1,Low
125,AndyAndain,14833,Maoyuu Maou Yuusha,0,0,1,Low
126,AndyAndain,33487,Masamune-kun no Revenge,0,0,1,Low
127,AndyAndain,32438,Mayoiga,0,0,1,Low
128,AndyAndain,35997,Märchen Mädchen,0,0,1,Low
129,AndyAndain,11761,Medaka Box,0,1,1,Low
130,AndyAndain,6685,Mesu Kyoushi: Injoku no Kyoushitsu,0,0,1,Low
131,AndyAndain,4087,Michiko to Hatchin,0,0,1,Low
132,AndyAndain,20221,Minami-ke Natsuyasumi,0,0,1,Low
133,AndyAndain,15315,Mondaiji-tachi ga Isekai kara Kuru Sou Desu yo?,0,0,1,Low
134,AndyAndain,13409,Moyashimon Returns,0,0,1,Low
135,AndyAndain,11021,Muv-Luv Alternative: Total Eclipse,0,0,1,Low
136,AndyAndain,4081,Natsume Yuujinchou,0,0,1,Low
137,AndyAndain,3771,"Nee, Chanto Shiyou Yo!",0,0,1,Low
138,AndyAndain,14293,Nerawareta Gakuen,0,0,1,Low
139,AndyAndain,1210,NHK ni Youkoso!,0,0,1,Low
140,AndyAndain,24227,Nisekoi OVA,0,1,1,Low
141,AndyAndain,24991,No Game No Life Specials,0,1,1,Low
142,AndyAndain,17549,Non Non Biyori,0,0,1,Low
143,AndyAndain,20507,Noragami,0,0,1,Low
144,AndyAndain,18095,Nourin,0,0,1,Low
145,AndyAndain,17867,Nuki Doki! Tenshi to Akuma no Sakusei Battle,0,0,1,Low
146,AndyAndain,34148,Nyanko Days,0,0,1,Low
147,AndyAndain,32191,Okitegami Kyouko no Bibouroku x Monogatari,0,0,1,Low
148,AndyAndain,20931,Oneechan ga Kita,0,0,1,Low
149,AndyAndain,6893,Oni Chichi,0,0,1,Low
150,AndyAndain,14199,Oniichan dakedo Ai sae Areba Kankeinai yo ne!,0,0,1,Low
151,AndyAndain,12355,Ookami Kodomo no Ame to Yuki,0,0,1,Low
152,AndyAndain,7769,Ookami-san to Shichinin no Nakama-tachi,0,0,1,Low
153,AndyAndain,32729,Orange,0,3,1,Low
154,AndyAndain,18857,Ore no Imouto ga Konnani Kawaii Wake ga Nai. Specials,0,0,1,Low
155,AndyAndain,14749,Ore no Kanojo to Osananajimi ga Shuraba Sugiru,0,0,1,Low
156,AndyAndain,24705,"Ore, Twintail ni Narimasu.",0,0,1,Low
157,AndyAndain,35484,Osake wa Fuufu ni Natte kara,0,0,1,Low
158,AndyAndain,12059,Otome Dori,0,0,1,Low
159,AndyAndain,19369,Outbreak Company,0,0,1,Low
160,AndyAndain,26243,Owari no Seraph,0,0,1,Low
161,AndyAndain,31181,Owarimonogatari,0,0,1,Low
162,AndyAndain,31223,Phantasy Star Online 2 The Animation,0,0,1,Low
163,AndyAndain,10711,Plastic Neesan,0,0,1,Low
164,AndyAndain,18413,Puchitto Gargantia,0,0,1,Low
165,AndyAndain,19315,Pupa,0,0,1,Low
166,AndyAndain,33926,Quanzhi Gaoshou,0,0,1,Low
167,AndyAndain,33021,Ragnastrike Angels,0,0,1,Low
168,AndyAndain,30296,Rakudai Kishi no Cavalry,0,0,1,Low
169,AndyAndain,13391,Rakuen Tsuihou,0,0,1,Low
170,AndyAndain,28497,Rokka no Yuusha,0,0,1,Low
171,AndyAndain,32951,Rokudenashi Majutsu Koushi to Akashic Records,0,0,1,Low
172,AndyAndain,21561,Ryuugajou Nanana no Maizoukin,0,0,1,Low
173,AndyAndain,10156,Sacred Seven,0,0,1,Low
174,AndyAndain,23277,Saenai Heroine no Sodatekata,0,0,1,Low
175,AndyAndain,30749,Saijaku Muhai no Bahamut,0,0,1,Low
176,AndyAndain,17777,"Saikin, Imouto no Yousu ga Chotto Okashiinda ga.",0,0,1,Low
177,AndyAndain,32542,Sakamoto desu ga?,0,1,1,Low
178,AndyAndain,12477,Sakasama no Patema,0,0,1,Low
179,AndyAndain,13055,Sankarea OVA,0,1,1,Low
180,AndyAndain,31564,Sansha Sanyou,0,0,1,Low
181,AndyAndain,6203,Sasameki Koto,0,0,1,Low
182,AndyAndain,14515,Sasami-san@Ganbaranai,0,0,1,Low
183,AndyAndain,35994,Satsuriku no Tenshi,0,0,1,Low
184,AndyAndain,6500,Seikon no Qwaser,0,4,1,Low
185,AndyAndain,33836,Seiren,0,0,1,Low
186,AndyAndain,37450,Seishun Buta Yarou wa Bunny Girl Senpai no Yume wo Minai,0,0,1,Low
187,AndyAndain,20847,Seitokai Yakuindomo*,0,0,1,Low
188,AndyAndain,20973,Sekai Seifuku: Bouryaku no Zvezda,0,0,1,Low
189,AndyAndain,22273,Selector Infected WIXOSS,0,0,1,Low
190,AndyAndain,15119,Senran Kagura,0,0,1,Low
191,AndyAndain,18119,Servant x Service,0,0,1,Low
192,AndyAndain,33125,Shiiku x Kanojo: Tenshi no Kousoku-hen,0,0,1,Low
193,AndyAndain,1559,Shijou Saikyou no Deshi Kenichi,0,0,1,Low
194,AndyAndain,19391,Shingeki no Kyojin Picture Drama,0,2,1,Low
195,AndyAndain,23233,Shinmai Maou no Testament,0,0,1,Low
196,AndyAndain,13125,Shinsekai yori,0,0,1,Low
197,AndyAndain,28625,Shisha no Teikoku,0,0,1,Low
198,AndyAndain,6979,Shukufuku no Campanella,0,0,1,Low
199,AndyAndain,33433,Shuumatsu no Izetta,0,0,1,Low
200,AndyAndain,19775,Sidonia no Kishi,0,0,1,Low
201,AndyAndain,879,Simoun,0,0,1,Low
202,AndyAndain,1602,Soukou no Strain,0,0,1,Low
203,AndyAndain,34823,Souryo to Majiwaru Shikiyoku no Yoru ni...,0,0,1,Low
204,AndyAndain,32105,Sousei no Onmyouji,0,0,1,Low
205,AndyAndain,27957,Steins;Gate: Soumei Eichi no Cognitive Computing,0,2,1,Low
206,AndyAndain,23319,"Suisei no Gargantia: Meguru Kouro, Haruka",0,0,1,Low
207,AndyAndain,25,Sunabouzu,0,0,1,Low
208,AndyAndain,12143,Swing Out Sisters,0,0,1,Low
209,AndyAndain,16099,Sword Art Online: Sword Art Offline,0,2,1,Low
210,AndyAndain,1372,Taiho Shichau zo (TV),0,0,1,Low
211,AndyAndain,19021,Takanashi Rikka Kai: Chuunibyou demo Koi ga Shitai! Movie,0,0,1,Low
212,AndyAndain,17879,Tamako Market Specials,0,0,1,Low
213,AndyAndain,32093,Tanaka-kun wa Itsumo Kedaruge,0,0,1,Low
214,AndyAndain,34177,Tenshi no 3P!,0,0,1,Low
215,AndyAndain,22687,Terra Formars,0,1,1,Low
216,AndyAndain,22689,Terra Formars: Bugs 2-hen,0,0,1,Low
217,AndyAndain,949,Top wo Nerae! Gunbuster,0,0,1,Low
218,AndyAndain,26443,Triage X,0,0,1,Low
219,AndyAndain,36606,Trust,0,0,1,Low
220,AndyAndain,28025,Tsukimonogatari,0,0,1,Low
221,AndyAndain,34902,Tsurezure Children,0,0,1,Low
222,AndyAndain,13785,Uhou Renka,0,0,1,Low
223,AndyAndain,35250,Urahara,0,0,1,Low
224,AndyAndain,30901,Utawarerumono: Itsuwari no Kamen,0,0,1,Low
225,AndyAndain,32899,Watashi ga Motete Dousunda,0,0,1,Low
226,AndyAndain,6425,Weiß Survive,0,0,1,Low
227,AndyAndain,4720,White Album,0,0,1,Low
228,AndyAndain,21085,Witch Craft Works,0,0,1,Low
229,AndyAndain,24405,World Trigger,0,3,1,Low
230,AndyAndain,35968,Wotaku ni Koi wa Muzukashii,0,0,1,Low
231,AndyAndain,28677,Yamada-kun to 7-nin no Majo,0,0,1,Low
232,AndyAndain,5454,Yoku Wakaru Gendai Mahou,0,0,1,Low
233,AndyAndain,35507,Youkoso Jitsuryoku Shijou Shugi no Kyoushitsu e,0,0,1,Low
234,AndyAndain,4548,Yozakura Quartet,0,0,1,Low
235,AndyAndain,18497,Yozakura Quartet: Hana no Uta,0,0,1,Low
236,AndyAndain,15911,Yuyushiki,0,0,1,Low
237,AndyAndain,34176,Zero kara Hajimeru Mahou no Sho,0,0,1,Low
238,AndyAndain,5020,Zettai Shougeki: Platonic Heart,0,0,1,Low
239,AndyAndain,6682,11eyes,9,12,2,Low
240,AndyAndain,7739,11eyes: Momoiro Genmutan,8,1,2,Low
241,AndyAndain,36039,A.I.C.O.: Incarnation,8,12,2,Low
242,AndyAndain,11759,Accel World,8,24,2,Low
243,AndyAndain,13939,Accel World EX,9,2,2,Low
244,AndyAndain,13859,Accel World: Acchel World.,7,8,2,Low
245,AndyAndain,366,AIKa,9,7,2,Low
246,AndyAndain,101,Air,10,13,2,Low
247,AndyAndain,656,Air in Summer,9,2,2,Low
248,AndyAndain,22199,Akame ga Kill!,9,24,2,Low
249,AndyAndain,25241,Akame ga Kill! Theater,8,0,2,Low
250,AndyAndain,4744,Akaneiro ni Somaru Saka,10,12,2,Low
251,AndyAndain,6987,Aki-Sora,10,1,2,Low
252,AndyAndain,22729,Aldnoah.Zero,7,12,2,Low
253,AndyAndain,32828,Amaama to Inazuma,8,12,2,Low
254,AndyAndain,8676,Amagami SS,9,25,2,Low
255,AndyAndain,9117,Amagami SS OVA,9,6,2,Low
256,AndyAndain,11235,Amagami SS+ Plus,9,13,2,Low
257,AndyAndain,12669,Amagami SS+ Plus Specials,8,6,2,Low
258,AndyAndain,22147,Amagi Brilliant Park,9,13,2,Low
259,AndyAndain,6547,Angel Beats!,10,13,2,Low
260,AndyAndain,10067,Angel Beats!: Another Epilogue,9,1,2,Low
261,AndyAndain,9989,Ano Hi Mita Hana no Namae wo Bokutachi wa Mada Shiranai.,10,11,2,Low
262,AndyAndain,11433,Ano Natsu de Matteru,10,12,2,Low
263,AndyAndain,23447,"Ano Natsu de Matteru: Bokutachi wa Koukou Saigo no Natsu wo Sugoshinagara, Ano Natsu de Matteiru.",9,1,2,Low
264,AndyAndain,11111,Another,9,12,2,Low
265,AndyAndain,11701,Another: The Other - Inga,9,1,2,Low
266,AndyAndain,24833,Ansatsu Kyoushitsu,8,22,2,Low
267,AndyAndain,21995,Ao Haru Ride,9,12,2,Low
268,AndyAndain,55,Arc the Lad,10,26,2,Low
269,AndyAndain,6166,Asobi ni Iku yo!,10,12,2,Low
270,AndyAndain,9618,Asobi ni Iku yo!: Asobi ni Oide,10,1,2,Low
271,AndyAndain,5081,Bakemonogatari,8,15,2,Low
272,AndyAndain,33573,BanG Dream!,10,13,2,Low
273,AndyAndain,34870,BanG Dream!: Asonjatta!,10,1,2,Low
274,AndyAndain,22789,Barakamon,9,12,2,Low
275,AndyAndain,36516,Beatless,6,20,2,Low
276,AndyAndain,37277,Beatless Intermission,6,4,2,Low
277,AndyAndain,13535,Binbougami ga!,10,13,2,Low
278,AndyAndain,20787,Black Bullet,10,13,2,Low
279,AndyAndain,12079,Black★Rock Shooter,10,1,2,Low
280,AndyAndain,7059,Black★Rock Shooter (OVA),10,1,2,Low
281,AndyAndain,11285,Black★Rock Shooter (TV),8,8,2,Low
282,AndyAndain,22547,Blade & Soul,8,13,2,Low
283,AndyAndain,10490,Blood-C,7,12,2,Low
284,AndyAndain,2964,Blue Drop: Tenshi-tachi no Gikyoku,9,13,2,Low
285,AndyAndain,58,Blue Gender,8,26,2,Low
286,AndyAndain,31043,Boku dake ga Inai Machi,10,12,2,Low
287,AndyAndain,9907,Bokura no Live Kimi to no Life,9,1,2,Low
288,AndyAndain,11241,Brave 10,8,12,2,Low
289,AndyAndain,14345,Btooom!,9,12,2,Low
290,AndyAndain,12293,Campione!: Matsurowanu Kamigami to Kamigoroshi no Maou,10,13,2,Low
291,AndyAndain,6479,Candy Boy Episode: EX02 - Shiawase Kyouyuu Riron,9,1,2,Low
292,AndyAndain,4535,Candy Boy: Nonchalant Talk of the Certain Twin Sisters in Daily Life,10,7,2,Low
293,AndyAndain,3456,Candy☆Boy: Side Story For Archive,9,1,2,Low
294,AndyAndain,21677,Captain Earth,7,25,2,Low
295,AndyAndain,10012,Carnival Phantasm,9,12,2,Low
296,AndyAndain,12187,Carnival Phantasm EX Season,9,1,2,Low
297,AndyAndain,12255,Carnival Phantasm: Illya-jou,9,1,2,Low
298,AndyAndain,10578,C³,8,12,2,Low
299,AndyAndain,28999,Charlotte,9,13,2,Low
300,AndyAndain,4975,ChäoS;HEAd,10,12,2,Low
301,AndyAndain,60,Chrno Crusade,10,24,2,Low
302,AndyAndain,14741,Chuunibyou demo Koi ga Shitai!,10,12,2,Low
303,AndyAndain,18671,Chuunibyou demo Koi ga Shitai! Ren,9,12,2,Low
304,AndyAndain,21797,Chuunibyou demo Koi ga Shitai! Ren Lite,8,6,2,Low
305,AndyAndain,34382,Citrus,9,12,2,Low
306,AndyAndain,2167,Clannad,10,23,2,Low
307,AndyAndain,1723,Clannad Movie,9,1,2,Low
308,AndyAndain,4181,Clannad: After Story,10,24,2,Low
309,AndyAndain,6351,"Clannad: After Story - Mou Hitotsu no Sekai, Kyou-hen",9,1,2,Low
310,AndyAndain,4059,"Clannad: Mou Hitotsu no Sekai, Tomoyo-hen",10,1,2,Low
311,AndyAndain,1575,Code Geass: Hangyaku no Lelouch,10,25,2,Low
312,AndyAndain,2904,Code Geass: Hangyaku no Lelouch R2,10,25,2,Low
313,AndyAndain,9479,Coppelion,8,13,2,Low
314,AndyAndain,1,Cowboy Bebop,9,26,2,Low
315,AndyAndain,5,Cowboy Bebop: Tengoku no Tobira,9,1,2,Low
316,AndyAndain,25731,Cross Ange: Tenshi to Ryuu no Rondo,10,25,2,Low
317,AndyAndain,2285,D.I.C.E.,9,40,2,Low
318,AndyAndain,31636,Dagashi Kashi,8,12,2,Low
319,AndyAndain,26349,Danna ga Nani wo Itteiru ka Wakaranai Ken,10,13,2,Low
320,AndyAndain,29067,Danna ga Nani wo Itteiru ka Wakaranai Ken 2 Sure-me,10,13,2,Low
321,AndyAndain,35849,Darling in the FranXX,10,24,2,Low
322,AndyAndain,15583,Date A Live,9,12,2,Low
323,AndyAndain,19163,Date A Live II,9,10,2,Low
324,AndyAndain,17641,Date A Live: Date to Date,10,1,2,Low
325,AndyAndain,22961,Date A Live: Encore,10,1,2,Low
326,AndyAndain,1535,Death Note,10,37,2,Low
327,AndyAndain,28223,Death Parade,10,12,2,Low
328,AndyAndain,33988,Demi-chan wa Kataritai,9,12,2,Low
329,AndyAndain,24031,Denki-gai no Honya-san,8,12,2,Low
330,AndyAndain,28121,Dungeon ni Deai wo Motomeru no wa Machigatteiru Darou ka,8,13,2,Low
331,AndyAndain,6746,Durarara!!,8,24,2,Low
332,AndyAndain,8408,Durarara!! Specials,8,2,2,Low
333,AndyAndain,790,Ergo Proxy,8,23,2,Low
334,AndyAndain,3101,F-Zero: Falcon Densetsu,9,51,2,Low
335,AndyAndain,14829,Fate/kaleid liner Prisma☆Illya,10,10,2,Low
336,AndyAndain,27525,Fate/kaleid liner Prisma☆Illya 2wei Herz!,8,10,2,Low
337,AndyAndain,20509,Fate/kaleid liner Prisma☆Illya 2wei!,8,10,2,Low
338,AndyAndain,25011,Fate/kaleid liner Prisma☆Illya 2wei! Specials,8,5,2,Low
339,AndyAndain,31706,Fate/kaleid liner Prisma☆Illya 3rei!!,9,12,2,Low
340,AndyAndain,19109,Fate/kaleid liner Prisma☆Illya Specials,7,5,2,Low
341,AndyAndain,18851,Fate/kaleid liner Prisma☆Illya: Undoukai de Dance!,9,1,2,Low
342,AndyAndain,12565,Fate/Prototype,9,1,2,Low
343,AndyAndain,356,Fate/stay night,10,24,2,Low
344,AndyAndain,6922,Fate/stay night Movie: Unlimited Blade Works,10,1,2,Low
345,AndyAndain,7559,Fate/stay night TV Reproduction,9,2,2,Low
346,AndyAndain,22297,Fate/stay night: Unlimited Blade Works,10,12,2,Low
347,AndyAndain,27821,Fate/stay night: Unlimited Blade Works - Prologue,10,1,2,Low
348,AndyAndain,28701,Fate/stay night: Unlimited Blade Works 2nd Season,10,13,2,Low
349,AndyAndain,10087,Fate/Zero,9,13,2,Low
350,AndyAndain,11741,Fate/Zero 2nd Season,10,12,2,Low
351,AndyAndain,71,Full Metal Panic!,10,24,2,Low
352,AndyAndain,73,Full Metal Panic! The Second Raid,10,13,2,Low
353,AndyAndain,1015,Full Metal Panic! The Second Raid: Wari to Hima na Sentaichou no Ichinichi,10,1,2,Low
354,AndyAndain,72,Full Metal Panic? Fumoffu,10,12,2,Low
355,AndyAndain,4725,Ga-Rei: Zero,9,12,2,Low
356,AndyAndain,33731,Gabriel DropOut,9,12,2,Low
357,AndyAndain,1281,Gakkou no Kaidan,8,20,2,Low
358,AndyAndain,1511,Gakuen: Chijoku no Zushiki,6,2,2,Low
359,AndyAndain,364,Gallery Fake,10,37,2,Low
360,AndyAndain,25183,Gangsta.,9,12,2,Low
361,AndyAndain,28907,"Gate: Jieitai Kanochi nite, Kaku Tatakaeri",9,12,2,Low
362,AndyAndain,31637,"Gate: Jieitai Kanochi nite, Kaku Tatakaeri 2nd Season",9,12,2,Low
363,AndyAndain,23289,Gekkan Shoujo Nozaki-kun,9,12,2,Low
364,AndyAndain,14131,Girls & Panzer,8,12,2,Low
365,AndyAndain,18619,Girls & Panzer: Kore ga Hontou no Anzio-sen desu!,9,1,2,Low
366,AndyAndain,16199,Girls & Panzer: Shoukai Shimasu!,8,2,2,Low
367,AndyAndain,23079,Glasslip,6,13,2,Low
368,AndyAndain,21431,Gokukoku no Brynhildr,9,13,2,Low
369,AndyAndain,24695,Gokukoku no Brynhildr: Kara Sawagi,10,1,2,Low
370,AndyAndain,17895,Golden Time,10,24,2,Low
371,AndyAndain,8425,Gosick,10,24,2,Low
372,AndyAndain,243,Gravitation,8,13,2,Low
373,AndyAndain,17729,Grisaia no Kajitsu,8,13,2,Low
374,AndyAndain,10793,Guilty Crown,10,22,2,Low
375,AndyAndain,1465,Hakaima Sadamitsu,8,10,2,Low
376,AndyAndain,21855,Hanamonogatari,8,5,2,Low
377,AndyAndain,9289,Hanasaku Iroha,10,26,2,Low
378,AndyAndain,21681,Hanayamata,9,12,2,Low
379,AndyAndain,20903,Harmonie,9,1,2,Low
380,AndyAndain,15809,Hataraku Maou-sama!,8,13,2,Low
381,AndyAndain,15225,Hentai Ouji to Warawanai Neko.,10,12,2,Low
382,AndyAndain,27989,Hibike! Euphonium,10,13,2,Low
383,AndyAndain,31988,Hibike! Euphonium 2,10,13,2,Low
384,AndyAndain,34204,Hibike! Euphonium 2 Specials,10,7,2,Low
385,AndyAndain,8630,Hidan no Aria,10,12,2,Low
386,AndyAndain,28883,Hidan no Aria AA,7,12,2,Low
387,AndyAndain,10604,Hidan no Aria Special,9,1,2,Low
388,AndyAndain,11617,High School DxD,10,12,2,Low
389,AndyAndain,15451,High School DxD New,9,12,2,Low
390,AndyAndain,13357,High School DxD Specials,9,6,2,Low
391,AndyAndain,8074,Highschool of the Dead,9,12,2,Low
392,AndyAndain,9515,Highschool of the Dead: Drifters of the Dead,9,1,2,Low
393,AndyAndain,22835,Himegoto,7,13,2,Low
394,AndyAndain,28825,Himouto! Umaru-chan,9,12,2,Low
395,AndyAndain,20853,Hitsugi no Chaika,9,12,2,Low
396,AndyAndain,24231,Hitsugi no Chaika: Avenging Battle,8,10,2,Low
397,AndyAndain,11005,Holy Knight,8,2,2,Low
398,AndyAndain,10079,Hoshizora e Kakaru Hashi,10,12,2,Low
399,AndyAndain,12189,Hyouka,8,22,2,Low
400,AndyAndain,13469,Hyouka: Motsubeki Mono wa,8,1,2,Low
401,AndyAndain,249,InuYasha,9,167,2,Low
402,AndyAndain,34542,Inuyashiki,10,11,2,Low
403,AndyAndain,9041,IS: Infinite Stratos,10,12,2,Low
404,AndyAndain,18247,IS: Infinite Stratos 2,8,12,2,Low
405,AndyAndain,20045,IS: Infinite Stratos 2 - Hitonatsu no Omoide,9,1,2,Low
406,AndyAndain,10794,IS: Infinite Stratos Encore - Koi ni Kogareru Rokujuusou,9,1,2,Low
407,AndyAndain,228,Jigoku Shoujo,8,26,2,Low
408,AndyAndain,23121,Jinsei,10,13,2,Low
409,AndyAndain,598,Jinzou Ningen Kikaider The Animation,8,13,2,Low
410,AndyAndain,12413,Jormungand,10,12,2,Low
411,AndyAndain,13331,Jormungand: Perfect Order,9,12,2,Low
412,AndyAndain,14467,K,9,13,2,Low
413,AndyAndain,5680,K-On!,10,13,2,High
414,AndyAndain,9617,K-On! Movie,10,1,2,Low
415,AndyAndain,7791,K-On!!,9,26,2,Low
416,AndyAndain,9734,K-On!!: Keikaku!,10,1,2,Low
417,AndyAndain,6862,K-On!: Live House!,10,1,2,Medium
418,AndyAndain,7017,K-On!: Ura-On!,7,7,2,Medium
419,AndyAndain,16904,K: Missing Kings,10,1,2,Low
420,AndyAndain,27991,K: Return of Kings,10,13,2,Low
421,AndyAndain,7054,Kaichou wa Maid-sama!,10,26,2,Low
422,AndyAndain,10298,Kaichou wa Maid-sama!: Goshujinsama to Asonjao♥,10,1,2,Low
423,AndyAndain,9366,Kaichou wa Maid-sama!: Omake dayo!,9,1,2,Low
424,AndyAndain,10217,Kaitou Tenshi Twin Angel: Kyun Kyun☆Tokimeki Paradise!!,8,12,2,Low
425,AndyAndain,16668,Kakumeiki Valvrave,8,12,2,Low
426,AndyAndain,18295,Kakumeiki Valvrave 2nd Season,8,12,2,Low
427,AndyAndain,427,Kaleido Star,10,51,2,Low
428,AndyAndain,14713,Kamisama Hajimemashita,9,13,2,Low
429,AndyAndain,10568,Kamisama no Memochou,9,12,2,Low
430,AndyAndain,1530,Kanon (2006),10,24,2,Low
431,AndyAndain,21511,Kantai Collection: KanColle,9,12,2,Low
432,AndyAndain,1604,Katekyo Hitman Reborn!,10,203,2,Low
433,AndyAndain,6205,Kämpfer,10,12,2,Low
434,AndyAndain,10076,Kämpfer für die Liebe,10,2,2,Low
435,AndyAndain,7782,Kämpfer Picture Drama,7,1,2,Low
436,AndyAndain,3349,Kiddy GiRL-AND,10,24,2,Low
437,AndyAndain,5859,Kiddy GiRL-AND Pilot,9,1,2,Low
438,AndyAndain,274,Kiddy Grade,10,24,2,Medium
439,AndyAndain,2176,Kiddy Grade: Ignition,10,1,2,Low
440,AndyAndain,3222,Kiddy Grade: Maelstrom,10,1,2,Low
441,AndyAndain,3223,Kiddy Grade: Truth Dawn,10,1,2,Low
442,AndyAndain,18679,Kill la Kill,10,24,2,Low
443,AndyAndain,21659,Kill la Kill Specials,9,1,2,Low
444,AndyAndain,31780,Kimi no Kokoro wa Kagayaiteru kai?,9,1,2,Low
445,AndyAndain,32281,Kimi no Na wa.,10,1,2,Low
446,AndyAndain,31798,Kiznaiver,8,12,2,Low
447,AndyAndain,28851,Koe no Katachi,9,1,2,Low
448,AndyAndain,32953,Koi ni Naritai Aquarium,9,1,2,Low
449,AndyAndain,30831,Kono Subarashii Sekai ni Shukufuku wo!,8,10,2,Low
450,AndyAndain,32937,Kono Subarashii Sekai ni Shukufuku wo! 2,10,10,2,Low
451,AndyAndain,28623,Koutetsujou no Kabaneri,9,12,2,Low
452,AndyAndain,18153,Kyoukai no Kanata,10,12,2,Low
453,AndyAndain,23385,Kyoukai no Kanata: Shinonome,8,1,2,Low
454,AndyAndain,17265,Log Horizon,10,25,2,Low
455,AndyAndain,23321,Log Horizon 2nd Season,8,25,2,Low
456,AndyAndain,15051,Love Live! School Idol Project,10,13,2,Low
457,AndyAndain,19111,Love Live! School Idol Project 2nd Season,10,13,2,Low
458,AndyAndain,32526,Love Live! Sunshine!!,9,13,2,Low
459,AndyAndain,24997,Love Live! The School Idol Movie,10,1,2,Low
460,AndyAndain,1887,Lucky☆Star,10,24,2,High
461,AndyAndain,4472,Lucky☆Star: Original na Visual to Animation,10,1,2,High
462,AndyAndain,17247,Machine-Doll wa Kizutsukanai,9,12,2,Low
463,AndyAndain,3572,Macross F,10,25,2,Low
464,AndyAndain,24455,Madan no Ou to Vanadis,8,13,2,Low
465,AndyAndain,21863,Mangaka-san to Assistant-san to The Animation,8,12,2,Low
466,AndyAndain,24475,Mangaka-san to Assistant-san to The Animation Specials,7,6,2,Low
467,AndyAndain,5030,Maria†Holic,5,12,2,Low
468,AndyAndain,10397,Mashiro-iro Symphony: The Color of Lovers,10,12,2,Low
469,AndyAndain,10110,Mayo Chiki!,9,13,2,Low
470,AndyAndain,7590,Mayoi Neko Overrun!,9,13,2,Low
471,AndyAndain,8599,Mayoi Neko Overrun! Specials,10,6,2,Low
472,AndyAndain,20541,Mikakunin de Shinkoukei,8,12,2,Low
473,AndyAndain,2963,Minami-ke,9,13,2,Low
474,AndyAndain,5713,Minami-ke Betsubara,8,1,2,Low
475,AndyAndain,5162,Minami-ke Okaeri,8,13,2,Low
476,AndyAndain,3225,Minami-ke Okawari,8,13,2,Low
477,AndyAndain,14575,Minami-ke Omatase,8,1,2,Low
478,AndyAndain,14511,Minami-ke Tadaima,8,13,2,Low
479,AndyAndain,10620,Mirai Nikki,8,26,2,Low
480,AndyAndain,12503,Mirai Nikki (TV): Ura Mirai Nikki,8,10,2,Low
481,AndyAndain,16762,Mirai Nikki: Redial,8,1,2,Low
482,AndyAndain,20033,Miss Monochrome: The Animation,10,13,2,Low
483,AndyAndain,24713,Miss Monochrome: The Animation - Soccer-hen,9,1,2,Low
484,AndyAndain,22225,Momo Kyun Sword,7,12,2,Low
485,AndyAndain,17074,Monogatari Series: Second Season,9,26,2,Low
486,AndyAndain,9181,Motto To LOVE-Ru,9,12,2,Low
487,AndyAndain,1696,Murder Princess,10,6,2,Low
488,AndyAndain,31442,Musaigen no Phantom World,9,13,2,Low
489,AndyAndain,20877,Music S.T.A.R.T!!,10,1,2,Low
490,AndyAndain,16067,Nagi no Asu kara,10,26,2,Low
491,AndyAndain,15689,Nekomonogatari: Kuro,9,4,2,Low
492,AndyAndain,1655,Nerima Daikon Brothers,8,12,2,Low
493,AndyAndain,31404,Netoge no Yome wa Onnanoko ja Nai to Omotta?,8,12,2,Low
494,AndyAndain,31953,New Game!,10,12,2,Low
495,AndyAndain,34914,New Game!!,9,12,2,Low
496,AndyAndain,34277,"New Game!: Watashi, Shain Ryokou tte Hajimete nano de...",10,1,2,Low
497,AndyAndain,10165,Nichijou,9,26,2,Low
498,AndyAndain,18897,Nisekoi,9,20,2,Low
499,AndyAndain,11597,Nisemonogatari,10,11,2,Low
500,AndyAndain,19815,No Game No Life,9,12,2,Low
501,AndyAndain,33674,No Game No Life: Zero,10,1,2,Low
502,AndyAndain,3467,Nogizaka Haruka no Himitsu,8,12,2,Low
503,AndyAndain,30276,One Punch Man,9,12,2,Low
504,AndyAndain,23673,Ookami Shoujo to Kuro Ouji,10,12,2,Low
505,AndyAndain,8769,Ore no Imouto ga Konnani Kawaii Wake ga Nai,9,12,2,Low
506,AndyAndain,10020,Ore no Imouto ga Konnani Kawaii Wake ga Nai Specials,10,4,2,Low
507,AndyAndain,13659,Ore no Imouto ga Konnani Kawaii Wake ga Nai.,10,13,2,Low
508,AndyAndain,19221,"Ore no Nounai Sentakushi ga, Gakuen Love Comedy wo Zenryoku de Jama Shiteiru",9,10,2,Low
509,AndyAndain,20939,"Ore no Nounai Sentakushi ga, Gakuen Love Comedy wo Zenryoku de Jama Shiteiru OVA",9,1,2,Low
510,AndyAndain,10547,Oretachi ni Tsubasa wa Nai: Hadairo Ritsu Kyuuwari Zou!?,9,1,2,Low
511,AndyAndain,9922,Oretachi ni Tsubasa wa Nai: Under the Innocent Sky.,9,12,2,Low
512,AndyAndain,11179,Papa no Iukoto wo Kikinasai!,10,12,2,Low
513,AndyAndain,322,Paradise Kiss,10,12,2,Low
514,AndyAndain,16397,Photokano,8,13,2,Low
515,AndyAndain,27775,Plastic Memories,9,13,2,Low
516,AndyAndain,13601,Psycho-Pass,9,22,2,Low
517,AndyAndain,32360,Qualidea Code,8,12,2,Low
518,AndyAndain,208,R.O.D OVA,9,3,2,Medium
519,AndyAndain,209,R.O.D the TV,10,26,2,Medium
520,AndyAndain,23309,Rail Wars!,7,12,2,Low
521,AndyAndain,14921,RDG: Red Data Girl,7,12,2,Low
522,AndyAndain,31240,Re:Zero kara Hajimeru Isekai Seikatsu,9,25,2,Low
523,AndyAndain,13599,Robotics;Notes,8,22,2,Low
524,AndyAndain,1710,Rockman.EXE,8,56,2,Low
525,AndyAndain,22865,Rokujouma no Shinryakusha!?,9,12,2,Low
526,AndyAndain,1699,Romeo x Juliet,10,24,2,Low
527,AndyAndain,2993,Rosario to Vampire,10,13,2,Low
528,AndyAndain,4214,Rosario to Vampire Capu2,10,13,2,Low
529,AndyAndain,64,Rozen Maiden,8,12,2,Low
530,AndyAndain,18041,Rozen Maiden (2013),8,13,2,Low
531,AndyAndain,1719,Rozen Maiden: Ouvertüre,9,2,2,Low
532,AndyAndain,65,Rozen Maiden: Träumend,8,12,2,Low
533,AndyAndain,20709,Sabage-bu!,8,12,2,Low
534,AndyAndain,20047,Sakura Trick,9,12,2,Low
535,AndyAndain,13759,Sakurasou no Pet na Kanojo,10,24,2,Low
536,AndyAndain,11499,Sankarea,8,12,2,Low
537,AndyAndain,2476,School Days,7,12,2,Low
538,AndyAndain,3759,School Days: Valentine Days,7,1,2,Low
539,AndyAndain,30806,Schwarzesmarken,9,12,2,Low
540,AndyAndain,22877,Seireitsukai no Blade Dance,8,12,2,Low
541,AndyAndain,8675,Seitokai Yakuindomo,9,13,2,Low
542,AndyAndain,11751,Senki Zesshou Symphogear,8,13,2,Low
543,AndyAndain,154,Shaman King,9,64,2,Low
544,AndyAndain,34240,Shelter,10,1,2,Low
545,AndyAndain,23273,Shigatsu wa Kimi no Uso,10,22,2,Low
546,AndyAndain,29786,Shimoneta to Iu Gainen ga Sonzai Shinai Taikutsu na Sekai,9,12,2,Low
547,AndyAndain,21843,Shingeki no Bahamut: Genesis,9,12,2,Low
548,AndyAndain,28447,Shingeki no Bahamut: Genesis Recap,8,1,2,Low
549,AndyAndain,16498,Shingeki no Kyojin,9,25,2,Low
550,AndyAndain,18397,Shingeki no Kyojin OVA,8,3,2,Low
551,AndyAndain,19285,Shingeki no Kyojin: Ano Hi Kara,9,1,2,Low
552,AndyAndain,23325,Shirogane no Ishi: Argevollen,8,24,2,Low
553,AndyAndain,31914,Shoujo-tachi wa Kouya wo Mezasu,8,12,2,Low
554,AndyAndain,79,Shuffle!,10,24,2,Low
555,AndyAndain,1836,Shuffle! Memories,9,12,2,Low
556,AndyAndain,534,Slayers,9,26,2,Low
557,AndyAndain,535,Slayers Next,9,26,2,Low
558,AndyAndain,4028,Slayers Revolution,10,13,2,Low
559,AndyAndain,9930,Snow Halation,9,1,2,Low
560,AndyAndain,20555,SoniAni: Super Sonico The Animation,8,12,2,Low
561,AndyAndain,1816,Sonic X,7,78,2,Low
562,AndyAndain,23209,Sora no Method,9,13,2,Low
563,AndyAndain,341,Spiral: Suiri no Kizuna,8,25,2,Medium
564,AndyAndain,9253,Steins;Gate,10,24,2,Low
565,AndyAndain,11577,Steins;Gate Movie: Fuka Ryouiki no Déjà vu,10,1,2,Low
566,AndyAndain,855,Strawberry Panic,9,26,2,Low
567,AndyAndain,18277,Strike the Blood,10,24,2,Low
568,AndyAndain,16524,Suisei no Gargantia,9,13,2,Low
569,AndyAndain,19211,Suisei no Gargantia Specials,8,2,2,Low
570,AndyAndain,14289,Sukitte Ii na yo.,9,13,2,Low
571,AndyAndain,7311,Suzumiya Haruhi no Shoushitsu,10,1,2,Low
572,AndyAndain,849,Suzumiya Haruhi no Yuuutsu,9,14,2,Medium
573,AndyAndain,4382,Suzumiya Haruhi no Yuuutsu (2009),9,14,2,Medium
574,AndyAndain,5118,Suzumiya Haruhi-chan no Yuuutsu,8,25,2,Low
575,AndyAndain,11757,Sword Art Online,10,25,2,Low
576,AndyAndain,21881,Sword Art Online II,8,24,2,Low
577,AndyAndain,20021,Sword Art Online: Extra Edition,9,1,2,Low
578,AndyAndain,21647,Tamako Love Story,9,1,2,Low
579,AndyAndain,16417,Tamako Market,8,12,2,Low
580,AndyAndain,13333,Tari Tari,8,13,2,Low
581,AndyAndain,12445,Tasogare Otome x Amnesia,10,12,2,Low
582,AndyAndain,14189,Tasogare Otome x Amnesia: Taima Otome,10,1,2,Low
583,AndyAndain,5734,Tayutama: Kiss on My Deity,10,12,2,Low
584,AndyAndain,6705,Tayutayu: Pure My Heart,9,6,2,Low
585,AndyAndain,21353,Tokyo ESP,8,12,2,Low
586,AndyAndain,22319,Tokyo Ghoul,8,12,2,Low
587,AndyAndain,687,Tokyo Mew Mew,10,52,2,Medium
588,AndyAndain,14227,Tonari no Kaibutsu-kun,9,13,2,Low
589,AndyAndain,16866,Tonari no Kaibutsu-kun: Tonari no Gokudou-kun,9,1,2,Low
590,AndyAndain,6,Trigun,10,26,2,Medium
591,AndyAndain,25157,Trinity Seven,7,12,2,Low
592,AndyAndain,12317,Upotte!!,8,10,2,Low
593,AndyAndain,32924,Urara Meirochou,8,12,2,Low
594,AndyAndain,21845,Ushinawareta Mirai wo Motomete,8,12,2,Low
595,AndyAndain,3457,Vampire Knight,9,13,2,Low
596,AndyAndain,4752,Vampire Knight: Guilty,9,13,2,Low
597,AndyAndain,33352,Violet Evergarden,9,13,2,Low
598,AndyAndain,14283,Vividred Operation,9,12,2,Low
599,AndyAndain,16742,Watashi ga Motenai no wa Dou Kangaetemo Omaera ga Warui!,8,12,2,Low
600,AndyAndain,14813,Yahari Ore no Seishun Love Comedy wa Machigatteiru.,8,13,2,Low
601,AndyAndain,18753,Yahari Ore no Seishun Love Comedy wa Machigatteiru. OVA,9,1,2,Low
602,AndyAndain,23847,Yahari Ore no Seishun Love Comedy wa Machigatteiru. Zoku,8,13,2,Low
603,AndyAndain,8861,"Yosuga no Sora: In Solitude, Where We Are Least Alone.",10,12,2,Low
604,AndyAndain,34798,Yuru Camp△,9,12,2,Low
605,AndyAndain,392,Yuu☆Yuu☆Hakusho,10,112,2,Low
606,AndyAndain,18677,Yuusha ni Narenakatta Ore wa Shibushibu Shuushoku wo Ketsui Shimashita.,9,12,2,Low
607,AndyAndain,23283,Zankyou no Terror,8,11,2,Low
608,AndyAndain,14075,Zetsuen no Tempest,10,24,2,Low
609,AndyAndain,22955,Francesca,0,5,3,Low
610,AndyAndain,269,Bleach,0,0,4,Low
611,AndyAndain,150,Blood+,9,10,4,Low
612,AndyAndain,919,Ray The Animation,9,3,4,Low
613,AndyAndain,6408,"""Bungaku Shoujo"" Movie",0,0,6,Low
614,AndyAndain,320,A Kite,0,0,6,Low
615,AndyAndain,50,Aa! Megami-sama! (TV),0,0,6,Low
616,AndyAndain,306,Abenobashi Mahou☆Shoutengai,0,0,6,Low
617,AndyAndain,12291,Acchi Kocchi (TV),0,0,6,Low
618,AndyAndain,53,Ai Yori Aoshi,0,0,6,Low
619,AndyAndain,2163,AIKa R-16: Virgin Mission,0,0,6,Low
620,AndyAndain,6443,AIKa Zero,0,0,6,Low
621,AndyAndain,4718,AIKa: Special Trial,0,0,6,Low
622,AndyAndain,15061,Aikatsu!,0,0,6,Low
623,AndyAndain,9201,Air Gear: Kuro no Hane to Nemuri no Mori - Break on the Sky,0,0,6,Low
624,AndyAndain,5112,Akikan!,0,0,6,Low
625,AndyAndain,1998,Amazing Nuts!,0,0,6,Low
626,AndyAndain,9919,Ao no Exorcist,0,0,6,Low
627,AndyAndain,6164,Aoi Hana,0,0,6,Low
628,AndyAndain,54,Appleseed (Movie),0,0,6,Low
629,AndyAndain,10447,Aquarion Evol,0,0,6,Low
630,AndyAndain,7647,Arakawa Under the Bridge,0,0,6,Low
631,AndyAndain,12967,Arcana Famiglia,0,0,6,Low
632,AndyAndain,477,Aria The Animation,0,0,6,Low
633,AndyAndain,33254,Arslan Senki (TV) OVA,0,0,6,Low
634,AndyAndain,12581,Asa made Jugyou Chu!,0,0,6,Low
635,AndyAndain,4999,Asu no Yoichi!,0,0,6,Low
636,AndyAndain,5342,Asura Cryin',0,0,6,Low
637,AndyAndain,66,Azumanga Daioh,0,0,6,Low
638,AndyAndain,7817,B-gata H-kei,0,0,6,Low
639,AndyAndain,10196,Baby Princess 3D Paradise 0 [Love],0,0,6,Low
640,AndyAndain,2251,Baccano!,0,0,6,Low
641,AndyAndain,6347,Baka to Test to Shoukanjuu,0,0,6,Low
642,AndyAndain,7674,Bakuman.,0,0,6,Low
643,AndyAndain,109,Bakuretsu Tenshi,0,0,6,Low
644,AndyAndain,1682,Baldr Force Exe Resolution,0,0,6,Low
645,AndyAndain,2986,Bamboo Blade,0,0,6,Low
646,AndyAndain,37869,BanG Dream! 2nd Season,0,0,6,Low
647,AndyAndain,10396,Ben-To,0,0,6,Low
648,AndyAndain,1214,Binbou Shimai Monogatari,0,0,6,Low
649,AndyAndain,68,Black Cat,0,0,6,Low
650,AndyAndain,889,Black Lagoon,0,0,6,Low
651,AndyAndain,3407,Blassreiter,0,0,6,Low
652,AndyAndain,18767,BlazBlue: Alter Memory,0,0,6,Low
653,AndyAndain,10681,Blood-C: The Last Dark,0,0,6,Low
654,AndyAndain,10719,Boku wa Tomodachi ga Sukunai,0,0,6,Low
655,AndyAndain,10897,Boku wa Tomodachi ga Sukunai Episode 0,0,0,6,Low
656,AndyAndain,1222,Bokura ga Ita,0,0,6,Low
657,AndyAndain,357,Bokusatsu Tenshi Dokuro-chan,0,0,6,Low
658,AndyAndain,159,Boukyaku no Senritsu,0,0,6,Low
659,AndyAndain,4177,Bounen no Xamdou,0,0,6,Low
660,AndyAndain,22433,Break Blade,0,0,6,Low
661,AndyAndain,6772,Break Blade 1: Kakusei no Toki,0,0,6,Low
662,AndyAndain,15605,Brothers Conflict,0,0,6,Low
663,AndyAndain,693,Burn Up Scramble,0,0,6,Low
664,AndyAndain,14237,Busou Shinki,0,0,6,Low
665,AndyAndain,1689,Byousoku 5 Centimeter,0,0,6,Low
666,AndyAndain,10163,C: The Money of Soul and Possibility Control,0,0,6,Low
667,AndyAndain,5356,Canaan,0,0,6,Low
668,AndyAndain,6422,Cartagra: Tsuki Gurui no Yamai,0,0,6,Low
669,AndyAndain,12505,C³: Rikan Gakkou Confussion!,0,0,6,Low
670,AndyAndain,3087,Cencoroll,0,0,6,Low
671,AndyAndain,10800,Chihayafuru,0,0,6,Low
672,AndyAndain,6686,Chinetsu Karte: The Devilish Cherry,0,0,6,Low
673,AndyAndain,59,Chobits,0,0,6,Low
674,AndyAndain,1311,Chobits Recap,0,0,6,Low
675,AndyAndain,112,Chou Henshin Cosprayers,0,0,6,Low
676,AndyAndain,16157,Choujigen Game Neptune The Animation,0,0,6,Low
677,AndyAndain,4186,Chrome Shelled Regios,0,0,6,Low
678,AndyAndain,1818,Claymore,0,0,6,Low
679,AndyAndain,34437,Code Geass: Fukkatsu no Lelouch,0,0,6,Low
680,AndyAndain,2564,Code-E,0,0,6,Low
681,AndyAndain,11703,Code:Breaker,0,0,6,Low
682,AndyAndain,3239,Cream Lemon,0,0,6,Low
683,AndyAndain,62,D.C.: Da Capo,0,0,6,Low
684,AndyAndain,3627,D.C.II S.S.: Da Capo II Second Season,0,0,6,Low
685,AndyAndain,1482,D.Gray-man,0,0,6,Low
686,AndyAndain,6747,Dance in the Vampire Bund,0,0,6,Low
687,AndyAndain,8915,Dantalian no Shoka,0,0,6,Low
688,AndyAndain,2025,Darker than Black: Kuro no Keiyakusha,0,0,6,Low
689,AndyAndain,6880,Deadman Wonderland,0,0,6,Low
690,AndyAndain,9379,Denpa Onna to Seishun Otoko,0,0,6,Low
691,AndyAndain,5177,Denpa-teki na Kanojo,0,0,6,Low
692,AndyAndain,8086,Densetsu no Yuusha no Densetsu,0,0,6,Low
693,AndyAndain,3702,Detroit Metal City,0,0,6,Low
694,AndyAndain,1726,Devil May Cry,0,0,6,Low
695,AndyAndain,16512,Devil Survivor 2 The Animation,0,0,6,Low
696,AndyAndain,10155,Dog Days,0,0,6,Low
697,AndyAndain,9330,Dragon Crisis!,0,0,6,Low
698,AndyAndain,2795,Dragonaut: The Resonance,0,0,6,Low
699,AndyAndain,14073,Ebiten: Kouritsu Ebisugawa Koukou Tenmonbu,0,0,6,Low
700,AndyAndain,4789,ef: A Tale of Melodies.,0,0,6,Low
701,AndyAndain,2924,ef: A Tale of Memories.,0,0,6,Low
702,AndyAndain,226,Elfen Lied,0,0,6,Low
703,AndyAndain,1250,Erementar Gerad,0,0,6,Low
704,AndyAndain,2759,Evangelion: 1.0 You Are (Not) Alone,0,0,6,Low
705,AndyAndain,3784,Evangelion: 2.0 You Can (Not) Advance,0,0,6,Low
706,AndyAndain,7465,Eve no Jikan (Movie),0,0,6,Low
707,AndyAndain,6702,Fairy Tail,0,0,6,Low
708,AndyAndain,2134,Famiresu Senshi Purin,0,0,6,Low
709,AndyAndain,15883,Fantasista Doll,0,0,6,Low
710,AndyAndain,34100,Fate/kaleid liner Prisma☆Illya Movie: Sekka no Chikai,0,0,6,Low
711,AndyAndain,25537,Fate/stay night Movie: Heaven's Feel - I. Presage Flower,0,0,6,Low
712,AndyAndain,33049,Fate/stay night Movie: Heaven's Feel - II. Lost Butterfly,0,0,6,Low
713,AndyAndain,13183,Fate/Zero Remix,0,0,6,Low
714,AndyAndain,16638,Fault!! Service: Aratanaru Rival,0,0,6,Low
715,AndyAndain,119,Final Approach,0,0,6,Low
716,AndyAndain,426,Final Fantasy,0,0,6,Low
717,AndyAndain,2952,Final Fantasy VII: Advent Children Complete,0,0,6,Low
718,AndyAndain,408,Final Fantasy VII: Last Order,0,0,6,Low
719,AndyAndain,6151,Final Fantasy VII: On the Way to a Smile - Episode: Denzel,0,0,6,Low
720,AndyAndain,1361,Final Fantasy: The Spirits Within,0,0,6,Low
721,AndyAndain,1157,Final Fantasy: Unlimited,0,0,6,Low
722,AndyAndain,227,FLCL,0,0,6,Low
723,AndyAndain,8536,Fortune Arterial: Akai Yakusoku,0,0,6,Low
724,AndyAndain,9347,Fortune Arterial: Akai Yakusoku - Tadoritsuita Basho,0,0,6,Low
725,AndyAndain,9367,Freezing,0,0,6,Low
726,AndyAndain,120,Fruits Basket,0,0,6,Low
727,AndyAndain,31931,Full Metal Panic! Invisible Victory,0,0,6,Low
728,AndyAndain,121,Fullmetal Alchemist,0,0,6,Low
729,AndyAndain,5114,Fullmetal Alchemist: Brotherhood,0,0,6,Low
730,AndyAndain,8293,Gakuen Saimin Reido,0,0,6,Low
731,AndyAndain,19367,Galilei Donna,0,0,6,Low
732,AndyAndain,384,Gantz,0,0,6,Low
733,AndyAndain,127,Gate Keepers,0,0,6,Low
734,AndyAndain,2590,Genmukan,0,0,6,Low
735,AndyAndain,43,Ghost in the Shell,0,0,6,Low
736,AndyAndain,467,Ghost in the Shell: Stand Alone Complex,0,0,6,Low
737,AndyAndain,801,Ghost in the Shell: Stand Alone Complex 2nd GIG,0,0,6,Low
738,AndyAndain,1581,Gift: Eternal Rainbow,0,0,6,Low
739,AndyAndain,918,Gintama,0,0,6,Low
740,AndyAndain,241,Girls Bravo: First Season,0,0,6,Low
741,AndyAndain,2494,Goshuushou-sama Ninomiya-kun,0,0,6,Low
742,AndyAndain,10504,Gosick Recap,0,0,6,Low
743,AndyAndain,133,Green Green,0,0,6,Low
744,AndyAndain,651,Green Green Thirteen: Erolutions,0,0,6,Low
745,AndyAndain,29095,Grisaia no Rakuen,0,0,6,Low
746,AndyAndain,246,Groove Adventure Rave,0,0,6,Low
747,AndyAndain,824,Guardian Hearts,0,0,6,Low
748,AndyAndain,3157,Guardian Hearts-Power UP!,0,0,6,Low
749,AndyAndain,411,Gun x Sword,0,0,6,Low
750,AndyAndain,134,Gunslinger Girl,0,0,6,Low
751,AndyAndain,3299,H2O: Footprints in the Sand,0,0,6,Low
752,AndyAndain,387,Haibane Renmei,0,0,6,Low
753,AndyAndain,11785,Haiyore! Nyaruko-san,0,0,6,Low
754,AndyAndain,7596,Haiyoru! Nyaruani,0,0,6,Low
755,AndyAndain,34403,Hajimete no Gal,0,0,6,Low
756,AndyAndain,15613,Hakkenden: Touhou Hakken Ibun,0,0,6,Low
757,AndyAndain,4551,Hakushaku to Yousei,0,0,6,Low
758,AndyAndain,403,Hanaukyou Maid-tai,0,0,6,Low
759,AndyAndain,587,Hanbun no Tsuki ga Noboru Sora,0,0,6,Low
760,AndyAndain,2026,Hayate no Gotoku!,0,0,6,Low
761,AndyAndain,2002,Heroic Age,0,0,6,Low
762,AndyAndain,35082,Hibike! Euphonium Movie 2: Todoketai Melody,0,0,6,Low
763,AndyAndain,5630,Higashi no Eden,0,0,6,Low
764,AndyAndain,934,Higurashi no Naku Koro ni,0,0,6,Low
765,AndyAndain,1889,Higurashi no Naku Koro ni Kai,0,0,6,Low
766,AndyAndain,12461,Hiiro no Kakera,0,0,6,Low
767,AndyAndain,256,Hoshi no Koe,0,0,6,Low
768,AndyAndain,3160,Houkago Mania Club: Koi no Hoshii no,0,0,6,Low
769,AndyAndain,8277,Hyakka Ryouran: Samurai Girls,0,0,6,Low
770,AndyAndain,7088,Ichiban Ushiro no Daimaou,0,0,6,Low
771,AndyAndain,248,Ichigo 100%,0,0,6,Low
772,AndyAndain,257,Ikkitousen,0,0,6,Low
773,AndyAndain,4004,Inda no Himekishi Janne,0,0,6,Low
774,AndyAndain,186,Initial D Second Stage,0,0,6,Low
775,AndyAndain,940,Inukami!,0,0,6,Low
776,AndyAndain,3747,Inyouchuu The Animation,0,0,6,Low
777,AndyAndain,358,"Iriya no Sora, UFO no Natsu",0,0,6,Low
778,AndyAndain,3731,Itazura na Kiss,0,0,6,Low
779,AndyAndain,9750,Itsuka Tenma no Kuro Usagi,0,0,6,Low
780,AndyAndain,828,Jinshin Yuugi,0,0,6,Low
781,AndyAndain,33248,K: Seven Stories Movie 1 - R:B - Blaze,0,0,6,Low
782,AndyAndain,37303,K: Seven Stories Movie 2 - Side:Blue - Tenrou no Gotoku,0,0,6,Low
783,AndyAndain,3939,Kafun Shoujo Chuuihou! The Animation,0,0,6,Low
784,AndyAndain,2130,Kaibutsu Oujo,0,0,6,Low
785,AndyAndain,3805,Kaitou Tenshi Twin Angel,0,0,6,Low
786,AndyAndain,3616,Kamen no Maid Guy,0,0,6,Low
787,AndyAndain,1808,Kamichama Karin,0,0,6,Low
788,AndyAndain,10372,Kamisama Dolls,0,0,6,Low
789,AndyAndain,16009,Kamisama no Inai Nichiyoubi,0,0,6,Low
790,AndyAndain,3958,Kannagi,0,0,6,Low
791,AndyAndain,143,Kannazuki no Miko,0,0,6,Low
792,AndyAndain,3503,Kanokon,0,0,6,Low
793,AndyAndain,9309,Kansen 3: Shuto Houkai,0,0,6,Low
794,AndyAndain,2593,Kara no Kyoukai 1: Fukan Fuukei,0,0,6,Low
795,AndyAndain,3782,Kara no Kyoukai 2: Satsujin Kousatsu (Zen),0,0,6,Low
796,AndyAndain,7265,Kara no Shoujo,0,0,6,Low
797,AndyAndain,389,Karas,0,0,6,Low
798,AndyAndain,145,Kareshi Kanojo no Jijou,0,0,6,Low
799,AndyAndain,667,Kashimashi: Girl Meets Girl,0,0,6,Low
800,AndyAndain,1691,Kaze no Stigma,0,0,6,Low
801,AndyAndain,218,Kidou Senkan Nadesico,0,0,6,Low
802,AndyAndain,52,Kidou Tenshi Angelic Layer,0,0,6,Low
803,AndyAndain,3229,Kimi ga Aruji de Shitsuji ga Ore de,0,0,6,Low
804,AndyAndain,147,Kimi ga Nozomu Eien,0,0,6,Low
805,AndyAndain,2927,Kimikiss Pure Rouge,0,0,6,Low
806,AndyAndain,825,King of Fighters: Another Day,0,0,6,Low
807,AndyAndain,7593,Kiss x Sis (TV),0,0,6,Low
808,AndyAndain,9260,Kizumonogatari I: Tekketsu-hen,0,0,6,Low
809,AndyAndain,5678,Kobato.,0,0,6,Low
810,AndyAndain,668,Koi Koi 7,0,0,6,Low
811,AndyAndain,4262,Koihime†Musou,0,0,6,Low
812,AndyAndain,11887,Kokoro Connect,0,0,6,Low
813,AndyAndain,28725,Kokoro ga Sakebitagatterunda.,0,0,6,Low
814,AndyAndain,799,Kokoro Toshokan,0,0,6,Low
815,AndyAndain,146,Kono Minikuku mo Utsukushii Sekai,0,0,6,Low
816,AndyAndain,34626,Kono Subarashii Sekai ni Shukufuku wo! 2: Kono Subarashii Geijutsu ni Shukufuku wo!,0,0,6,Low
817,AndyAndain,38040,Kono Subarashii Sekai ni Shukufuku wo!: Kurenai Densetsu,0,0,6,Low
818,AndyAndain,8841,Kore wa Zombie Desu ka?,0,0,6,Low
819,AndyAndain,2162,Koutetsu Sangokushi,0,0,6,Low
820,AndyAndain,9213,Kowarekake no Orgel,0,0,6,Low
821,AndyAndain,433,"Kumo no Mukou, Yakusoku no Basho",0,0,6,Low
822,AndyAndain,3358,Kure-nai,0,0,6,Low
823,AndyAndain,5079,Kurokami The Animation,0,0,6,Low
824,AndyAndain,4898,Kuroshitsuji,0,0,6,Low
825,AndyAndain,9014,Kuttsukiboshi,0,0,6,Low
826,AndyAndain,10456,Kyoukaisenjou no Horizon,0,0,6,Low
827,AndyAndain,1810,Kyoushirou to Towa no Sora,0,0,6,Low
828,AndyAndain,7148,Ladies versus Butlers!,0,0,6,Low
829,AndyAndain,670,Lamune,0,0,6,Low
830,AndyAndain,13655,Little Busters!,0,0,6,Low
831,AndyAndain,14349,Little Witch Academia,0,0,6,Low
832,AndyAndain,189,Love Hina,0,0,6,Low
833,AndyAndain,37027,Love Live! Sunshine!! The School Idol Movie: Over the Rainbow,0,0,6,Low
834,AndyAndain,1561,Lovedol: Lovely Idol,0,0,6,Low
835,AndyAndain,6227,Lovedol: Lovely Idol OVA,0,0,6,Low
836,AndyAndain,193,Maburaho,0,0,6,Low
837,AndyAndain,194,Macross Zero,0,0,6,Low
838,AndyAndain,576,Magikano,0,0,6,Low
839,AndyAndain,519,Mahoraba: Heartful days,0,0,6,Low
840,AndyAndain,2988,Mahou Shoujo Ai,0,0,6,Low
841,AndyAndain,8653,Mahou Shoujo Isuka,0,0,6,Low
842,AndyAndain,76,Mahou Shoujo Lyrical Nanoha,0,0,6,Low
843,AndyAndain,10213,Maji de Watashi ni Koi Shinasai!,0,0,6,Low
844,AndyAndain,9936,Maken-Ki!,0,0,6,Low
845,AndyAndain,14045,Mangirl!,0,0,6,Low
846,AndyAndain,10465,Manyuu Hikenchou,0,0,6,Low
847,AndyAndain,10845,Manyuu Hikenchou Specials,0,0,6,Low
848,AndyAndain,10721,Mawaru Penguindrum,0,0,6,Low
849,AndyAndain,738,MÄR,0,0,6,Low
850,AndyAndain,16189,Miboujin Nikki: Akogare no Ano Hito to Hitotsu Yane no Shita,0,0,6,Low
851,AndyAndain,330,Midori no Hibi,0,0,6,Low
852,AndyAndain,585,Mimi wo Sumaseba,0,0,6,Low
853,AndyAndain,8460,Mirai Nikki OVA,0,0,6,Low
854,AndyAndain,1838,Mitsu x Mitsu Drops,0,0,6,Low
855,AndyAndain,8424,MM!,0,0,6,Low
856,AndyAndain,3342,Mnemosyne: Mnemosyne no Musume-tachi,0,0,6,Low
857,AndyAndain,8917,Mouretsu Pirates,0,0,6,Low
858,AndyAndain,3001,Moyashimon,0,0,6,Low
859,AndyAndain,1174,Munto,0,0,6,Low
860,AndyAndain,1135,Munto: Toki no Kabe wo Koete,0,0,6,Low
861,AndyAndain,12057,My Imouto: Koakuma na A-Cup,0,0,6,Low
862,AndyAndain,2926,Myself; Yourself,0,0,6,Low
863,AndyAndain,321,Najica Dengeki Sakusen,0,0,6,Low
864,AndyAndain,877,Nana,0,0,6,Low
865,AndyAndain,622,Natsu-iro no Sunadokei,0,0,6,Low
866,AndyAndain,12467,Nazo no Kanojo X,0,0,6,Low
867,AndyAndain,6030,Needless,0,0,6,Low
868,AndyAndain,30,Neon Genesis Evangelion,0,0,6,Low
869,AndyAndain,2970,Night Wizard,0,0,6,Low
870,AndyAndain,27787,Nisekoi:,0,0,6,Low
871,AndyAndain,10161,No.6,0,0,6,Low
872,AndyAndain,1698,Nodame Cantabile,0,0,6,Low
873,AndyAndain,272,Noir,0,0,6,Low
874,AndyAndain,7592,Nurarihyon no Mago,0,0,6,Low
875,AndyAndain,6512,Nyan Koi!,0,0,6,Low
876,AndyAndain,11933,Oda Nobuna no Yabou,0,0,6,Low
877,AndyAndain,6324,Omamori Himari,0,0,6,Low
878,AndyAndain,195,Onegai☆Teacher,0,0,6,Low
879,AndyAndain,2966,Ookami to Koushinryou,0,0,6,Low
880,AndyAndain,7079,Ookamikakushi,0,0,6,Low
881,AndyAndain,25099,"Ore ga Ojousama Gakkou ni ""Shomin Sample"" Toshite Gets♥Sareta Ken",0,0,6,Low
882,AndyAndain,3940,Oshiete Re: Maid,0,0,6,Low
883,AndyAndain,11749,Oshioki: Gakuen Reijou Kousei Keikaku,0,0,6,Low
884,AndyAndain,1569,Otome wa Boku ni Koishiteru,0,0,6,Low
885,AndyAndain,9988,Otome wa Boku ni Koishiteru: Futari no Elder The Animation,0,0,6,Low
886,AndyAndain,853,Ouran Koukou Host Club,0,0,6,Low
887,AndyAndain,35247,Owarimonogatari 2nd Season,0,0,6,Low
888,AndyAndain,5530,Pandora Hearts,0,0,6,Low
889,AndyAndain,12673,Papa no Iukoto wo Kikinasai!: Pokkapoka,0,0,6,Low
890,AndyAndain,5682,Phantom: Requiem for the Phantom,0,0,6,Low
891,AndyAndain,12997,Please ♥♥♥♥ Me!,0,0,6,Low
892,AndyAndain,12863,Pretty Rhythm: Dear My Future,0,0,6,Low
893,AndyAndain,6201,Princess Lover!,0,0,6,Low
894,AndyAndain,8918,Princess Lover! OVA,0,0,6,Low
895,AndyAndain,212,Project A-Ko,0,0,6,Low
896,AndyAndain,1538,Pumpkin Scissors,0,0,6,Low
897,AndyAndain,564,Puni Puni☆Poemii,0,0,6,Low
898,AndyAndain,11859,Queen's Blade: Rebellion,0,0,6,Low
899,AndyAndain,10458,Ran->Sem: Hakudaku Delmo Tsuma no Miira Tori,0,0,6,Low
900,AndyAndain,25859,Re-Kan!,0,0,6,Low
901,AndyAndain,2369,Rental Magica,0,0,6,Low
902,AndyAndain,4618,RideBack,0,0,6,Low
903,AndyAndain,18525,Rin x Sen + Ran -> Sem: Cross Mix,0,0,6,Low
904,AndyAndain,11227,Rinne no Lagrange,0,0,6,Low
905,AndyAndain,10572,Ro-Kyu-Bu!,0,0,6,Low
906,AndyAndain,1942,Rocket Girls,0,0,6,Low
907,AndyAndain,2275,Saishuu Chikan Densha,0,0,6,Low
908,AndyAndain,2967,Saishuu Shiken Kujira,0,0,6,Low
909,AndyAndain,7759,Saki Picture Drama,0,0,6,Low
910,AndyAndain,205,Samurai Champloo,0,0,6,Low
911,AndyAndain,24,School Rumble,0,0,6,Low
912,AndyAndain,167,Scrapped Princess,0,0,6,Low
913,AndyAndain,1226,Seihou Tenshi Angel Links,0,0,6,Low
914,AndyAndain,5940,Seiken no Blacksmith,0,0,6,Low
915,AndyAndain,6974,Seikimatsu Occult Gakuin,0,0,6,Low
916,AndyAndain,21033,Seikoku no Dragonar,0,0,6,Low
917,AndyAndain,4492,Seisen Gakuin,0,0,6,Low
918,AndyAndain,5909,Seitokai no Ichizon,0,0,6,Low
919,AndyAndain,11487,Sekiranun Graffiti,0,0,6,Low
920,AndyAndain,4063,Sekirei,0,0,6,Low
921,AndyAndain,5277,Sekirei: Pure Engagement,0,0,6,Low
922,AndyAndain,5355,Sengoku Basara,0,0,6,Low
923,AndyAndain,5507,Senjou no Valkyria,0,0,6,Low
924,AndyAndain,2104,Seto no Hanayome,0,0,6,Low
925,AndyAndain,355,Shakugan no Shana,0,0,6,Low
926,AndyAndain,1182,Shamanic Princess,0,0,6,Low
927,AndyAndain,4581,Shikabane Hime: Aka,0,0,6,Low
928,AndyAndain,7724,Shiki,0,0,6,Low
929,AndyAndain,3951,Shimai Ijiri,0,0,6,Low
930,AndyAndain,6112,Shin Koihime†Musou,0,0,6,Low
931,AndyAndain,2276,Shin Saishuu Chikan Densha,0,0,6,Low
932,AndyAndain,100,Shin Shirayuki-hime Densetsu Prétear,0,0,6,Low
933,AndyAndain,169,Shingetsutan Tsukihime,0,0,6,Low
934,AndyAndain,12367,Shining Hearts: Shiawase no Pan,0,0,6,Low
935,AndyAndain,1103,Shinkon Gattai Godannar!!,0,0,6,Low
936,AndyAndain,1727,Shinkyoku Soukai Polyphonica,0,0,6,Low
937,AndyAndain,7662,Shinrei Tantei Yakumo,0,0,6,Low
938,AndyAndain,8557,Shinryaku! Ika Musume,0,0,6,Low
939,AndyAndain,31867,Shoujo-tachi wa Kouya wo Mezasu: Iubeki Monokashira,0,0,6,Low
940,AndyAndain,27441,Show By Rock!!,0,0,6,Low
941,AndyAndain,2923,Shugo Chara!,0,0,6,Low
942,AndyAndain,33502,Shuumatsu Nani Shitemasu ka? Isogashii desu ka? Sukutte Moratte Ii desu ka?,0,0,6,Low
943,AndyAndain,2942,Sketchbook: Full Color's,0,0,6,Low
944,AndyAndain,6802,So Ra No Wo To,0,0,6,Low
945,AndyAndain,1965,Sola,0,0,6,Low
946,AndyAndain,7748,Sono Hanabira ni Kuchizuke wo: Anata to Koibito Tsunagi,0,0,6,Low
947,AndyAndain,5958,Sora no Otoshimono,0,0,6,Low
948,AndyAndain,9790,Sora no Otoshimono: Tokeijikake no Angeloid,0,0,6,Low
949,AndyAndain,5307,Sora wo Kakeru Shoujo,0,0,6,Low
950,AndyAndain,3588,Soul Eater,0,0,6,Low
951,AndyAndain,3470,Special A,0,0,6,Low
952,AndyAndain,8934,Star Driver: Kagayaki no Takuto,0,0,6,Low
953,AndyAndain,342,Starship Operators,0,0,6,Low
954,AndyAndain,10863,Steins;Gate: Oukoubakko no Poriomania,0,0,6,Low
955,AndyAndain,17821,Stella Jogakuin Koutou-ka C³-bu,0,0,6,Low
956,AndyAndain,3086,Strait Jacket,0,0,6,Low
957,AndyAndain,421,Stratos 4,0,0,6,Low
958,AndyAndain,2788,Stratosphera no Yousei,0,0,6,Low
959,AndyAndain,33286,Strike the Blood II,0,0,6,Low
960,AndyAndain,3667,Strike Witches,0,0,6,Low
961,AndyAndain,5681,Summer Wars,0,0,6,Low
962,AndyAndain,4884,Tales of the Abyss,0,0,6,Low
963,AndyAndain,6046,Tales of Vesperia: The First Strike,0,0,6,Low
964,AndyAndain,10232,Tamayura: Hitotose,0,0,6,Low
965,AndyAndain,6758,Tatakau Shisho: The Book of Bantorra,0,0,6,Low
966,AndyAndain,3594,Tears to Tiara,0,0,6,Low
967,AndyAndain,2001,Tengen Toppa Gurren Lagann,0,0,6,Low
968,AndyAndain,174,Tenjou Tenge,0,0,6,Low
969,AndyAndain,3974,Tetsuwan Birdy Decode,0,0,6,Low
970,AndyAndain,10278,The iDOLM@STER,0,0,6,Low
971,AndyAndain,471,To Heart 2,0,0,6,Low
972,AndyAndain,3455,To LOVE-Ru,0,0,6,Low
973,AndyAndain,6213,Toaru Kagaku no Railgun,0,0,6,Low
974,AndyAndain,4654,Toaru Majutsu no Index,0,0,6,Low
975,AndyAndain,2236,Toki wo Kakeru Shoujo,0,0,6,Low
976,AndyAndain,27899,Tokyo Ghoul √A,0,0,6,Low
977,AndyAndain,6211,Tokyo Magnitude 8.0,0,0,6,Low
978,AndyAndain,16011,Tokyo Ravens,0,0,6,Low
979,AndyAndain,175,Tokyo Underground,0,0,6,Low
980,AndyAndain,523,Tonari no Totoro,0,0,6,Low
981,AndyAndain,1911,Top wo Nerae! & Top wo Nerae 2! Gattai Movie!!,0,0,6,Low
982,AndyAndain,4224,Toradora!,0,0,6,Low
983,AndyAndain,3888,Toumei Ningen (OVA),0,0,6,Low
984,AndyAndain,10294,Towa no Quon 1: Utakata no Kaben,0,0,6,Low
985,AndyAndain,6694,Triangle Blue,0,0,6,Low
986,AndyAndain,4106,Trigun: Badlands Rumble,0,0,6,Low
987,AndyAndain,33581,Trinity Seven Movie 1: Eternity Library to Alchemic Girl,0,0,6,Low
988,AndyAndain,748,True Love Story,0,0,6,Low
989,AndyAndain,2129,True Tears,0,0,6,Low
990,AndyAndain,1198,Tsuyokiss,0,0,6,Low
991,AndyAndain,14173,Upotte!! OVA,0,0,6,Low
992,AndyAndain,688,Uta Kata,0,0,6,Low
993,AndyAndain,856,Utawarerumono,0,0,6,Low
994,AndyAndain,180,Vandread,0,0,6,Low
995,AndyAndain,37987,Violet Evergarden Movie,0,0,6,Low
996,AndyAndain,346,W: Wish,0,0,6,Low
997,AndyAndain,3322,Wagaya no Oinari-sama.,0,0,6,Low
998,AndyAndain,9968,Wana: Hakudaku Mamire no Houkago,0,0,6,Low
999,AndyAndain,546,Wind: A Breath of Heart (TV),0,0,6,Low
1000,AndyAndain,935,Witchblade,0,0,6,Low
1001,AndyAndain,202,Wolf's Rain,0,0,6,Low
1002,AndyAndain,548,Wonderful Days,0,0,6,Low
1003,AndyAndain,6956,Working!!,0,0,6,Low
1004,AndyAndain,1702,Yoru ga Kuru!,0,0,6,Low
1005,AndyAndain,10695,Yume Kui: Tsurumiku Shiki Game Seisaku,0,0,6,Low
1006,AndyAndain,9331,Yumekui Merry,0,0,6,Low
1007,AndyAndain,204,Yumeria,0,0,6,Low
1008,AndyAndain,38475,Yuru Camp△ Movie,0,0,6,Low
1009,AndyAndain,10495,Yuru Yuri,0,0,6,Low
1010,AndyAndain,1195,Zero no Tsukaima,0,0,6,Low
1011,AndyAndain,11319,Zero no Tsukaima F,0,0,6,Low
1012,AndyAndain,11837,Zetman,0,0,6,Low
1013,AndyAndain,17681,Zettai Bouei Leviathan,0,0,6,Low
