,col0,col1,col2,col3,col4,col5,col6,col7,col8,col9,col10
0,688784,comment,688583.0,688746.0,0,0,anigbrowl,,,"Oh, am I. Yes, economic necessity can be a diversion, and it's important to ensure you don't get trapped by said diversion. But to think you can't learn anything from being diverted is foolish. You can, and you can leverage that experience in a variety of ways so in that sense it is not a terminal disaster.<p>Actually, I do work in a highly competitive industry of the kind you describe, the film business, and networking and word of mouth does matter. And I've done a lot of free work to get a toehold in it - in that sense, my comments were far too general and therefore wrong. On the other hand, those were mostly cooperative ventures where everyone was working for free or nominal payment.<p>Let me rephrase: unpaid internships at well-established, highly profitable companies are a scam. If you can afford the risk of having a clueless newbie around, you can afford to pay them minimum wage. If the work needs doing, then plainly it has some economic value. So does the learning environment for the intern, but that doesn't pay the rent while they're working for you. Landlords, retailers etc. aren't in the business of giving the first one away, they tend to request money up front.<p>It's not the shitty menial work I object to, mastering those tasks with a smile is an essential quality in many industries. It's the willingness to exploit people when you can afford to pay them without any significant cost to yourself. Shitty menial work on internships does filter out people who can't get shit done, have an entitlement attitude etc. Unpaid internships filter out anyone anyone who doesn't have a financial safety net, regardless of their skillset, motivation, or potential benefit to your organization. Working a second job for that period can be impractical, considering that the eager intern wants to give 110% to show off how great they are.<p>Is it really too much to ask that in return for such a commitment, someone should get paid enough to afford food, laundry, transit and a bed to sleep in?",1246831168
1,688783,comment,688460.0,688525.0,0,0,dandelany,,,"Depends on who your client is. If you're running a tech-y website/blog and most of your users are running Safari or the next FF beta, you're generally OK not supporting IE6, and can probably even pull off a snarky message that pops up alerting your IE6 users that they're using a crappy browser. If your client is a financial services company that mandates its employees use Win NT, your cries of ""but IE6 is dead!"" will be drowned out by angry shouts of ""our interwebs site is broke!""<p>Charts like this are helpful because they give us a sense for the current, global browser-usage climate and trends. However, <i>global</i> statistics alone should never be used to determine which browsers your site should support, as a cross-section of your niche of users may vary widely from this data.",1246831097
2,688782,comment,688684.0,688684.0,0,0,spculler,,,"This is not terribly surprising. The concepts behind the static type system of ML - from back the late 70s - are still ""groundbreaking"" for industry programmers. Virtual machine-based languages and automated memory management were done several times over, but they were only taken seriously after being massively marketed through Java.<p>I know a certain Unix junkie. She has chosen to stick to the old standbys of C and Perl. She doesn't want to even look at revision control yet - ""too complicated"" she says.  Fortunately, this is just a hobby right now and she isn't going out and doing commercial work in such a state, but if someone who ostensibly is enjoying themselves programming isn't willing to go out and play with languages and tools, I doubt the situation is much better for a commercially-driven developer.<p>As long as our development environments are perpetually being replaced by new ones, I think it will be an uphill battle to get the research tech to the mainstream. New environments are almost always crude and barebones. By the time they're mature, people are already starting to move on to the next one. We can only hope for some stability in the future; at that point, the dynamics of programming may take a major turn for the better.",1246831023
3,688781,comment,688460.0,688492.0,0,0,seldo,,,"At Yahoo our ""browser share"" stats mean ""unique visitors using this browser"". A certain amount of effort goes into de-duplicating users to get the ""unique"" score, but there's a pretty big margin of error.<p>Page views are not taken into account, and downloads/installs are absolutely not considered (because nobody has reliable numbers on those anyway, not even the browser makers).",1246830998
4,688780,comment,688660.0,688660.0,0,0,naveensundar,,,I think lectures are better/detailed due to feedback from the audience. The lecturer can guess when to go fast and when to go slow(and explain more) by gauging the audience. In some cases the author of a book can guess what his audience can think and provide explanations in advance. But thinking what your reader might think is hard. I feel in the case of the author of the article it was just an accident that he is very similar to the audience that was present during the video lecture.,1246830738
5,688779,comment,687612.0,688497.0,0,0,DannoHung,,,"You're completely misunderstanding my point: A little bit beyond subsistence, my money goes towards frivolous expenditures that have a significantly diminishing ROI in terms of happiness.<p>I'm not running a business here.  I'm just a dude.  I don't have profits, I don't have shareholders, I can't issue dividends; maximizing my assets or cash on hand isn't going to make me feel a whole lot better.  SO, if I am given more money, it isn't going to actually DO a whole lot for me, personally.<p>Also, let me rephrase what I was saying about being bad about spending money: I'm not bad about managing it.  I save much of my disposable income.  I don't buy more than I earn.  I don't have any credit problems.  But when I do spend money beyond the basic necessities, it is nearly inevitably on things that aren't bettering me or the people around me.  I don't make the world a better place when I dispose of my income.  And if I had more money to just SPEND, <i>I</i> wouldn't actually be any happier for it.",1246830735
6,688778,comment,688174.0,688637.0,0,0,gojomo,,,"The site itself includes a link at the bottom to their own extremetracking.com stats page, driven by the page insert:<p><a href=""http://extremetracking.com/open;unique?login=freshjer"" rel=""nofollow"">http://extremetracking.com/open;unique?login=freshjer</a><p>It reports 440 visitors for the April period Compete reports 178. (As Compete notes, ""Small Sample - Datapoints are estimates"".)<p>Eyeballing it as about 400 unique visitors a month, so maybe 4800/year (with some double-counting), $2 million / 440 = ~$420/visitor, which still seems like a lot. Perhaps they do a lot of de facto wholesaling -- previous month visitors and word-of-mouth customers now buy in bulk each month, for resale, without necessarily going through the web page. And maybe they had a nice jerky business under another name even before opening 'freshjerky.com'.",1246830700
7,688777,comment,688125.0,688645.0,0,0,olegp,,,"Given that Rhino runs on top of the JVM, ServerJS is already available on AppEngine. Take a look here: <a href=""http://dev.helma.org/ng/Running+Rhino+and+Helma+NG+on+Google+App+Engine/"" rel=""nofollow"">http://dev.helma.org/ng/Running+Rhino+and+Helma+NG+on+Google...</a>",1246830634
8,688776,comment,688569.0,688755.0,0,0,hugs,,,"So let them finish their homework in 10 minutes, and <i>then</i> find something that <i>will</i> take the child more than 10 minutes to do. And praise them for working on <i>that</i>. If praising the 10-minute homework effort is ridiculous, then don't do it. Raise the bar. There's got to be <i>something</i> in the whole field of mathematics that would take the kid more than 10 minutes. (General disclaimers apply, I'm sure there are limits to how high you can raise the bar before the kid goes homicidal on you.)",1246830589
9,688775,comment,688460.0,688525.0,0,0,seldo,,,"YUI's graded browser support chart dropped support for IE6 under Windows 2000 this month:<p><a href=""http://developer.yahoo.com/yui/articles/gbs/"" rel=""nofollow"">http://developer.yahoo.com/yui/articles/gbs/</a><p>But IE6 under Windows XP continues to cling on, and it isn't in their forecast for the next quarter:<p><a href=""http://yuiblog.com/blog/2009/07/02/gbs-update-20090702/"" rel=""nofollow"">http://yuiblog.com/blog/2009/07/02/gbs-update-20090702/</a><p>Which means Yahoo, at least, expects IE6 to still be relevant in 6 months.",1246830582
10,688774,comment,688545.0,688680.0,0,0,rbanffy,,,"If most of the train ends up either floating in the ocean or a couple miles under the surface, you would, at least, have a very interesting trainwreck.",1246830376
11,688773,comment,688569.0,688755.0,0,0,MtL,,,"Then give the children a chance to develop themselves further; more advanced tasks, other variations of the same task, ask them to explain to you how they think when they solve the task, give them something completely different to spend 20 minutes learning/doing, etc.",1246830265
12,688772,comment,688460.0,688627.0,0,0,rbanffy,,,Like that unwanted .NET plug-in for Windows users?,1246830204
13,688771,comment,688455.0,688634.0,0,0,lsc,,,"dono.  I've met more than a few smart people working in the service industry.  (I've hired a few, too, with good results.)<p>Personally, when I hire someone, I rate hobby experience as more desirable than paid experience.  I can give you paid experience.  At least for SysAdmins, I can train you in all the gotchas of production.   But I can't make you like it.",1246830153
14,688770,comment,688455.0,688455.0,0,0,DanielBMarkham,,,"Stupid compared to what?<p>There are functionally illiterate people who make millions of dollars per year. And there are people with sky-high IQs that collect subway cards and remain jobless.<p>When you start throwing around words like ""stupid"" or ""smart"", you have to provide some kind of context. For instance, I have a high ability to learn languages. Yet I only know English and a smattering of French. To somebody who speaks seven languages, I'm dumb. But to me, I just never developed that talent. Whereas to me, the guy who knows seven languages and can't create a web page is stupid (perhaps), etc.<p>Lots of people don't know or can't do things that I can do. Likewise, I don't know and can't do a lot of things other people can. If I were to dwell on this disparity, it would say a lot more about my ego than the human population.",1246830121
15,688769,comment,688660.0,688736.0,0,0,yagibear,,,"Not true that ""a lecture series only takes as long as it takes to film"": they entail lots of preparation, including re-organization of ideas BEFORE the lecture.<p>I think that live feedback from an audience is more important: In a lecture you can relatively easily gauge audience interest and comprehension of details, so you get rapid feedback about the audience demand for the focus and degree of details.",1246830111
16,688768,comment,688178.0,688307.0,0,0,cellis,,,"At the extreme end of this argument I can see a Matrix-esque existence where everyone is ""plugged in"" like so many electronics in a home.",1246830111
17,688767,comment,688524.0,688601.0,0,0,radu_floricica,,,Close to 20% over many years... at least that was the number before the current crisis. I'm guessing it's still well over 10%.,1246830020
18,688766,comment,688460.0,688681.0,0,0,antirez,,,"Sure, with ""site code"" I mean HTML + CSS + Javascript",1246829992
19,688765,story,,,3,1,asciilifeform,Make Magazine: Manual of Anti-Inventiveness,http://lupoleboucher.livejournal.com/71076.html#cutid1,,1246829909
20,688764,comment,688660.0,688736.0,0,0,cduan,,,"A few more:<p>* Lectures let you see how well your audience is getting it (assuming you're lecturing to an audience). So you can tell what's making sense and what's not.<p>* You can talk faster than you can write. In fact, in my experience, I can talk about as fast as I can think. I can't write as fast as I think. This makes me inclined to skip over some thoughts while I'm writing, simply to keep up.<p>Incidentally, I don't see why the first point (""There is no post-lecture work, such as rigorous editing or re-organization of ideas"") is really an advantage of lectures. Certainly there are many lectures I've seen that could have used some reorganization. And, at any rate, any decent lecturer will do preparation beforehand to organize the presentation.",1246829856
21,688763,comment,688524.0,688524.0,0,0,sarvesh,,,"Why not right? You may soon get more than just protecting 3rd party developers when the bill to regulate VC funds is passed. I think it will be big blunder. Nobody who is an entrepreneur has any delusions of safety, we know the risks we are taking. The whole reason that this model has worked so far is because people have the freedom to take these risks. Take that away and you will probably end up killing a lot of innovation.",1246829828
22,688762,comment,688660.0,688736.0,0,0,dkarl,,,"Three more reasons:<p>* It takes time to figure out which details are essential and which are not.  When extemporizing about a topic, which happens frequently no matter how well you prepare, you may throw in extra material because you don't have time to figure out exactly which bits are necessary to form a coherent picture for your listeners.  Academics especially will err on the side of verbosity:  adding a few extra facts feels like a lesser evil than leaving an important point unaddressed.<p>* When writing a book, you have time to pick the very best and richest examples, accomplishing as much as possible with each detail.  In a lecture you may end up using many details, because each detail only illustrates a small part of what you're trying to say.<p>* Lectures are delivered live, with no opportunity for rereading, so repetition is important.  In a book, a difficult point should be stated as clearly and precisely as possible with the expectation that a reader who is confused will reread the point many times until it becomes clear.  In a lecture, you can't simply repeat yourself five times because a few of your listeners didn't understand, but you can't abandon those listeners entirely.  You have to give them time to grasp the concept while at the same time keeping your other listeners engaged.  Going over many examples and explaining the connections to related ideas serves the dual purpose of clarifying your point for those who are floundering and providing extra information for those who understood you the first time.",1246829815
23,688761,story,,,1,0,imjustcreative,The TDR - Typographic Desk Reference Giveaway,http://imjustcreative.com/the-tdr-typographic-desk-reference-giveaway/2009/07/05/,,1246829773
24,688760,comment,688545.0,688691.0,0,0,duskwuff,,,"That, and a reaction to the unknown. Accidents of unknown cause are naturally much more interesting than well-understood ones - and airline accidents, as a rule, tend to be much more mysterious than car/train accidents.",1246829696
25,688759,comment,688144.0,688193.0,0,0,anigbrowl,,,"I do a lot of audio/video editing. Linux, sadly, does not cut the mustard in this area. Not that there aren't many cool tools, but cool =/= industrial strength. Now the tools I use are (mainly) equally available on the Mac, but that requires a hell of lot more cash than building my own PC and putting Windows on it.<p>I also prefer Windows for a variety of other reasons, but cost is a significant factor.",1246829683
26,688758,comment,688455.0,688455.0,0,0,xenophanes,,,"One can't necessarily conclude from what people <i>did</i> answer correctly on a test what they <i>could</i> answer correctly. Were they trying their best? Why would they? It's boring and they weren't presented with any powerful reason to really care a lot about doing their best.<p>There is a further issue of how long it would take people to learn these skills, if they genuinely wanted to, and got helpful explanations. If someone doesn't know a skill, but could learn it in 30min if he ever wanted to, then that's no reason to call him dumb. I think to judge people you have to look at how well they learn rather than what they currently know.",1246829680
27,688757,comment,688152.0,688152.0,0,0,dan_the_welder,,,"I sell and ship all over the world and collect sales tax for Florida sales.<p>I use my county's tax rate which is State of Florida's tax rate plus my County tax rate.<p>There are 67 counties each with different tax rates. I assume other states are similar. With the exception of the 20 referenced here:<p>""An effort by some states and retailers to streamline sales tax laws eventually could be used to force e-commerce companies to collect tax in 20 states. Congress has considered bills that would allow states that meet certain uniformity and simplification standards in their tax systems to demand that out-of-state sellers collect sales taxes.""<p>However even if all 50 states were to 'Streamline' one would be expected register with 49 State Tax Authorities and to fill out 50 sales tax filings each month.<p>After all even if I don't have a single sale I am required to file a report each month.<p>So then will the paperwork burden be transferred to me personally, or will my State do the work by providing me with a new huge monthly filing form in which I will be required to itemize sales to each state and tax collected for each? How much will this expanded paperwork and bureaucracy cost?<p>I believe that this all falls under barriers to interstate trade and is an incredibly shortsighted view for the Sates to take.<p>If I am selling goods to another state I am bringing money into my state which I am then spending here. Which helps my state's 'balance of trade'.<p>The real question which I think is not being asked is this.\nIs the economic benefit of barrier free interstate trade to an individual state greater than the sales tax revenue 'lost' to mail order sales.<p>Internet sales are mail order sales and I think the laws pertaining to them are clear and firmly established.",1246829501
28,688756,comment,688090.0,688209.0,0,0,jmtame,,,"many students on visas have to maintain a very high cumulative gpa. if they slip below 3.5 (some have told me they have to maintain a perfect 4.0), they could be kicked out.",1246829442
29,688755,comment,688569.0,688569.0,0,0,anatoly,,,"I'm not sure I see how that'd work with the really smart children. They can often get their homework done with the fraction of effort required from other kids. Praising the effort will then look ridiculous and seem like a lie. ""Oh, I see that you've finished your math homework in 10 minutes. You must have worked really hard on that!""",1246829331
30,688754,comment,687932.0,688505.0,0,0,lsb,,,What plant is that?  It's repulsively beautiful.,1246829250
31,688752,story,,,10,3,robg,We are all writers now,http://www.moreintelligentlife.com/content/anne-trubek/we-are-all-writers-now,,1246829100
32,688751,comment,688583.0,688746.0,0,0,jerf,,,"""Taking a paid summer job that is ""character-forming"" just to make ends meet instead of pursuing the career you want is just a diversion.""<p>Alternatives? Remember, this is <i>after</i> the ""pursuing the career you want"" was already tried, not <i>before</i>.<p>This story could be about my little sister. Her degree is in social work. Putting aside for a moment the wisdom of that (ahem), what is she supposed to do? Entrepreneur-up a job or something? We aren't all in computer programming, where we should if <i>nothing</i> else at least be resume-building with work in open source. That's the exception.",1246829010
33,688750,comment,688455.0,688455.0,0,0,smanek,,,"I was amazed to learn that ~15% of adults in America are functionally illiterate. They can put letters together and sound out words - but couldn't, for example, answer simple questions about a short text they just read.<p>Over 20% of American adults are 'quantitatively illiterate'. They are unable to add two small numbers together - or parse a simple chart or table that has numbers.<p>Only 13% of the adult population is proficient in reading, writing, math - where proficient means being able to do simple things like compare viewpoints in two editorials or compare the cost per ounce of food items.<p>That means ~9 out of 10 American adults are seriously lacking in their ability to read, write, or interpret numbers.<p><a href=""http://nces.ed.gov/NAAL/datafiles.asp"" rel=""nofollow"">http://nces.ed.gov/NAAL/datafiles.asp</a>",1246829007
34,688749,comment,688125.0,688645.0,0,0,mdasen,,,"I'm not saying that there's anything wrong with JavaScript, but I'm just curious as to why you want it to be the only language on the server and the client.  What do you see as its advantages over (Python|Ruby|PHP|Java|etc.)?  Why would you want to tie yourself to a single language when you could have your choice of languages?",1246829007
35,688748,comment,688178.0,688178.0,0,0,Dove,,,"I could not disagree more with the article.  Work is not evil.  Oppression is evil, sometimes the way people treat each other in the context of work is evil.  But work itself, especially hard work, is good for the soul.<p>It's not the drudgery or labor that's so satisfying. It's the sense of working on something necessary.  No one would drive rail spikes or write in machine code for fun--at least, not on the scale necessary to actually achieve something.  But once upon a time, the tasks were necessary, and those who undertook them rightly took joy in what they were achieving.  That's work.  Doing something necessary and useful is satisfying, even if it isn't fun.<p>Automate all you want; I'm all for it.  It's one of the ways we make ourselves rich.  I'd never argue that writing in machine code or taking out the garbage are inherently good for the soul, and eliminating the need for such things is good.  But while they remain necessary, they are a source of satisfaction.  There will always be tasks like that, because there will always be great things we can achieve that aren't possible without a lot of work.<p>I'm constantly pursuing projects, some for pay and some for play.  But the funny thing about projects for play: most of them I never finish.  The ones that do become great have a lot of the characteristics of work: I can see a need for them, I expect a big payoff for completion, others ask me to get them done, there's some sort of time constraint, I approach in a disciplined way and power through the dull bits.  Of course, the inverse is also true: those projects I do for pay which turn out great have a lot of aspects of play: I make them interesting, I learn things, I experiment and inject humor, I have time to make them beautiful, to do things right.  Great achievement lies in the intersection of work and play, I think.<p>I certainly wouldn't advocate unemployment, as this fellow does.  I spent a year or so unemployed, once--and with no real financial pressure to get a job.  It was absolute misery.  My creative and passionate impulses slowly dried up.  I always say, ""I'll learn this new language when I have time,"" but in fact I learn things exactly when I <i>don't</i> have time, but need them to get something done.  When I had all the time in the world, I didn't pursue all those projects I was so interested in.  After a few half-hearted starts, I shriveled into a TV-watching video-gaming internet-reading ball of goo.<p>I plan to never pursue that lifestyle.  I may retire early from financially necessary work--in fact, I plan to.  But I don't plan to ever actually stop working.  That was hell!",1246828940
36,688747,comment,688685.0,688685.0,0,0,omouse,,,Is this more secure than Freenet then?,1246828897
37,688746,comment,688583.0,688709.0,0,0,bravura,,,"No, you are completely wrong. Taking a paid summer job that is ""character-forming"" just to make ends meet instead of pursuing the career you want is just a diversion. Any time someone says that something builds character, I am very suspicious.<p>""Unpaid internships are a scam?"" Wrong. You have never heard the wisdom that you should give the first one away.<p>Obviously, you've never tried to work in a highly competitive industry in which it is difficult to judge aptitude. Most of these jobs are filled by networking and word-of-mouth references.<p>If you want to work in, say, fashion, it will be nearly impossible to get a decent gig if you don't first work as an unpaid intern in NYC. (Unless, of course, daddy is rich and powerful.) So you start at the bottom, doing shitty menial work for an established person, and working hard, and then you leverage their professional network and credibility to work your way up the ladder. At the very least, this system filters out people who can't get shit done.",1246828679
38,688745,story,,,3,2,lkozma,Review my app coded in the past two days: BookBox,,"http://www.lkozma.net/bookbox<p>embedded for ex. on my main page: http://www.lkozma.net<p>I made this small widget during this weekend to learn a bit of javascript. I'd be glad to get feedback on how understandable, usable, etc. it is or feature ideas, suggestions.",1246828661
39,688744,comment,688545.0,688716.0,0,0,raquo,,,It depends on how you count...,1246828620
40,688743,comment,688685.0,688685.0,0,0,wmf,,,"Related discussion from Brad Templeton about why crypto isn't widely used: <a href=""http://ideas.4brad.com/overengineering-and-non-deployment-ssl-tls"" rel=""nofollow"">http://ideas.4brad.com/overengineering-and-non-deployment-ss...</a>",1246828588
41,688742,comment,688545.0,688680.0,0,0,raquo,,,"It's not the number of people - modern aircraft are built to be extremely airworthy, and if a plane goes down, it means that many things at once went terribly wrong in a very unprobable sequence.",1246828572
42,688740,comment,688545.0,688680.0,0,0,quizbiz,,,"If the train disappeared and most of the bodies could not be found, then yes.",1246828488
43,688739,comment,688685.0,688718.0,0,0,wmf,,,"IPv6 doesn't help, since it doesn't mandate any particular key management (and BTNS isn't even finished), nor does it mandate that IPsec be enabled.",1246828416
44,688738,comment,685731.0,687745.0,0,0,gojomo,,,"How could that possibly make a difference for the intended application? Is the server CPU-maxed and never faces IO waits where more calculation is free?<p>If speed were a valid goal (and it's not), then:<p>(1) You would only use overkill 64-bit integers if on a 64-bit processor and profiling had proven them to be faster.<p>(2) Precalculating the factors would speed the clearer code, possibly making it faster:<p><pre><code>  const unsigned long factors[5] = \n    { 1, 52, 52*52, 52*52*52, 52*52*52*52 };\n  // decode a 5-digit base52 number\n  unsigned long b52(const char *c) {\n    unsigned long result = 0;\n    for(int i = 0; i < 5; i++) {\n      result += factors[i] * b52map[c[i]];\n    }\n    return result;\n  }\n</code></pre>\n...or unroll the loop...<p><pre><code>  // decode a 5-digit base52 number\n  unsigned long b52(const char *c) {\n    unsigned long result = b52map[c[0]];\n    result += (52) * b52map[c[1]];\n    result += (52*52) * b52map[c[2]];\n    result += (52*52*52) * b52map[c[3]];\n    result += (52*52*52*52) * b52map[c[4]];   \n    return result;\n  }\n</code></pre>\n(Here I'm trusting the compiler to precalculate the powers of 52, but the code is still clearly 'parsing a base' rather than 'mysterious multiplications and divisions'.)<p>(3) You would strongly consider using a Base64-based approach, so all conversions involve bit-shifts instead of multiplication. If certain characters can't be used -- eg vowels -- you might still prefer large gaps in your ID series. (If you're using a SQL database, it won't care -- but then again, if there's a SQL database anywhere in the system, its operations will make these micro-optimizations even more ludicrous than they are already.)",1246828296
45,688737,comment,688545.0,688650.0,0,0,mixmax,,,"Paradoxically it's because it seldom happens.<p>The fact that it's a rare and big occurence makes it newsworthy. It plays to a lot of peoples natural fear of flying[1] which makes the story that much better. The fact that a lot of people usually get killed helps too. Even though it's a rare event it seems like it happens all the time, simply because it's a major worldwide newsstory every single time. This tricks people into believing that flying is unsafe - they constantly see newsstories and documentaries about people who have died in an air crash.<p>People are afraid of sharks for much the same reason, even though your chance of being devoured by a shark is significantly smaller than the chance of falling down the stairs and dying<p>[1] This natural fear could well be rooted in the evolutionary advantage of being scared when you are up high looking down. The ones that weren't scared fell off the cliff and died.",1246828047
46,688736,comment,688660.0,688660.0,0,0,ianbishop,,,"Some reasons I could think of, off the top of my head..<p>* Doing a lecture series only takes as long as it takes to film. There is no post-lecture work, such as rigorous editing or re-organization of ideas.<p>* You can rant. As long as you are speaking and guiding the listener along with you, you can easily make reference to things that are explained later on or go on tangents. If you are publishing an article and go off topic, people might skip it sections all together or become confused by the switch as they only skim text.<p>* Publishing a piece of text in your name is a bigger deal than posting a video.",1246827936
47,688735,comment,688569.0,688679.0,0,0,lutorm,,,"At least the idea was derived from scientific results, not the other way, which makes me a little more comfortable.",1246827763
48,688734,comment,687662.0,688719.0,0,0,hymanroth,,,How can a model that has never been tried be unpopular?,1246827646
49,688733,comment,686707.0,686960.0,0,0,sinvertical,,,"Yeah, I would say its something a lot like the new Google Wave that they announced a while back. NotoAir is note-taking software first and a collaboration tool second. First, you use NotoAir to take notes, stuff for like classes, etc. Then, if the note isn't personal you can make it public. So if I where taking a note for a class... I wouldn't have any good reason to keep that only to myself - so I could let other people see my notes. The application (the Air app) started as a simple html/wiki based note taking application that I decided to see if I could turn into an service and maybe eventually a product.",1246827620
