,col0,col1,col2,col3,col4,col5,col6,col7,col8,col9,col10
0,mf3216.dll,45568,2,3284430008,2074-01-29T05:40:08.000Z,imports,ntdll.dll,NtClose,35335ef3b0cf66dd89b37c764d9f954f,5788736800549d463a3af53d75646b25678b34e17791a6e996b6be44cad60c76,c:\Windows\WinSxS\wow64_microsoft-windows-gdi-painting_31bf3856ad364e35_10.0.18362.207_none_d7c5c1d8e1e46484\mf3216.dll
1,mf3216.dll,45568,2,3284430008,2074-01-29T05:40:08.000Z,imports,ntdll.dll,NtOpenKey,35335ef3b0cf66dd89b37c764d9f954f,5788736800549d463a3af53d75646b25678b34e17791a6e996b6be44cad60c76,c:\Windows\WinSxS\wow64_microsoft-windows-gdi-painting_31bf3856ad364e35_10.0.18362.207_none_d7c5c1d8e1e46484\mf3216.dll
2,mf3216.dll,45568,2,3284430008,2074-01-29T05:40:08.000Z,imports,ntdll.dll,NtQueryValueKey,35335ef3b0cf66dd89b37c764d9f954f,5788736800549d463a3af53d75646b25678b34e17791a6e996b6be44cad60c76,c:\Windows\WinSxS\wow64_microsoft-windows-gdi-painting_31bf3856ad364e35_10.0.18362.207_none_d7c5c1d8e1e46484\mf3216.dll
3,mf3216.dll,45568,2,3284430008,2074-01-29T05:40:08.000Z,imports,ntdll.dll,RtlInitUnicodeString,35335ef3b0cf66dd89b37c764d9f954f,5788736800549d463a3af53d75646b25678b34e17791a6e996b6be44cad60c76,c:\Windows\WinSxS\wow64_microsoft-windows-gdi-painting_31bf3856ad364e35_10.0.18362.207_none_d7c5c1d8e1e46484\mf3216.dll
4,mf3216.dll,45568,2,3284430008,2074-01-29T05:40:08.000Z,imports,ntdll.dll,RtlUnicodeToMultiByteN,35335ef3b0cf66dd89b37c764d9f954f,5788736800549d463a3af53d75646b25678b34e17791a6e996b6be44cad60c76,c:\Windows\WinSxS\wow64_microsoft-windows-gdi-painting_31bf3856ad364e35_10.0.18362.207_none_d7c5c1d8e1e46484\mf3216.dll
5,mf3216.dll,45568,2,3284430008,2074-01-29T05:40:08.000Z,imports,ntdll.dll,_CIcos,35335ef3b0cf66dd89b37c764d9f954f,5788736800549d463a3af53d75646b25678b34e17791a6e996b6be44cad60c76,c:\Windows\WinSxS\wow64_microsoft-windows-gdi-painting_31bf3856ad364e35_10.0.18362.207_none_d7c5c1d8e1e46484\mf3216.dll
6,mf3216.dll,45568,2,3284430008,2074-01-29T05:40:08.000Z,imports,ntdll.dll,_CIsin,35335ef3b0cf66dd89b37c764d9f954f,5788736800549d463a3af53d75646b25678b34e17791a6e996b6be44cad60c76,c:\Windows\WinSxS\wow64_microsoft-windows-gdi-painting_31bf3856ad364e35_10.0.18362.207_none_d7c5c1d8e1e46484\mf3216.dll
7,mf3216.dll,45568,2,3284430008,2074-01-29T05:40:08.000Z,imports,ntdll.dll,_CIsqrt,35335ef3b0cf66dd89b37c764d9f954f,5788736800549d463a3af53d75646b25678b34e17791a6e996b6be44cad60c76,c:\Windows\WinSxS\wow64_microsoft-windows-gdi-painting_31bf3856ad364e35_10.0.18362.207_none_d7c5c1d8e1e46484\mf3216.dll
8,mf3216.dll,45568,2,3284430008,2074-01-29T05:40:08.000Z,imports,ntdll.dll,_ftol2_sse,35335ef3b0cf66dd89b37c764d9f954f,5788736800549d463a3af53d75646b25678b34e17791a6e996b6be44cad60c76,c:\Windows\WinSxS\wow64_microsoft-windows-gdi-painting_31bf3856ad364e35_10.0.18362.207_none_d7c5c1d8e1e46484\mf3216.dll
9,mf3216.dll,45568,2,3284430008,2074-01-29T05:40:08.000Z,imports,ntdll.dll,memcpy,35335ef3b0cf66dd89b37c764d9f954f,5788736800549d463a3af53d75646b25678b34e17791a6e996b6be44cad60c76,c:\Windows\WinSxS\wow64_microsoft-windows-gdi-painting_31bf3856ad364e35_10.0.18362.207_none_d7c5c1d8e1e46484\mf3216.dll
10,mf3216.dll,45568,2,3284430008,2074-01-29T05:40:08.000Z,imports,ntdll.dll,memmove,35335ef3b0cf66dd89b37c764d9f954f,5788736800549d463a3af53d75646b25678b34e17791a6e996b6be44cad60c76,c:\Windows\WinSxS\wow64_microsoft-windows-gdi-painting_31bf3856ad364e35_10.0.18362.207_none_d7c5c1d8e1e46484\mf3216.dll
11,mf3216.dll,45568,2,3284430008,2074-01-29T05:40:08.000Z,imports,ntdll.dll,memset,35335ef3b0cf66dd89b37c764d9f954f,5788736800549d463a3af53d75646b25678b34e17791a6e996b6be44cad60c76,c:\Windows\WinSxS\wow64_microsoft-windows-gdi-painting_31bf3856ad364e35_10.0.18362.207_none_d7c5c1d8e1e46484\mf3216.dll
12,mf3216.dll,45568,2,3284430008,2074-01-29T05:40:08.000Z,imports,kernel32.dll,DeleteCriticalSection,35335ef3b0cf66dd89b37c764d9f954f,5788736800549d463a3af53d75646b25678b34e17791a6e996b6be44cad60c76,c:\Windows\WinSxS\wow64_microsoft-windows-gdi-painting_31bf3856ad364e35_10.0.18362.207_none_d7c5c1d8e1e46484\mf3216.dll
13,mf3216.dll,45568,2,3284430008,2074-01-29T05:40:08.000Z,imports,kernel32.dll,DisableThreadLibraryCalls,35335ef3b0cf66dd89b37c764d9f954f,5788736800549d463a3af53d75646b25678b34e17791a6e996b6be44cad60c76,c:\Windows\WinSxS\wow64_microsoft-windows-gdi-painting_31bf3856ad364e35_10.0.18362.207_none_d7c5c1d8e1e46484\mf3216.dll
14,mf3216.dll,45568,2,3284430008,2074-01-29T05:40:08.000Z,imports,kernel32.dll,EnterCriticalSection,35335ef3b0cf66dd89b37c764d9f954f,5788736800549d463a3af53d75646b25678b34e17791a6e996b6be44cad60c76,c:\Windows\WinSxS\wow64_microsoft-windows-gdi-painting_31bf3856ad364e35_10.0.18362.207_none_d7c5c1d8e1e46484\mf3216.dll
15,mf3216.dll,45568,2,3284430008,2074-01-29T05:40:08.000Z,imports,kernel32.dll,GetCurrentProcess,35335ef3b0cf66dd89b37c764d9f954f,5788736800549d463a3af53d75646b25678b34e17791a6e996b6be44cad60c76,c:\Windows\WinSxS\wow64_microsoft-windows-gdi-painting_31bf3856ad364e35_10.0.18362.207_none_d7c5c1d8e1e46484\mf3216.dll
16,mf3216.dll,45568,2,3284430008,2074-01-29T05:40:08.000Z,imports,kernel32.dll,GetCurrentProcessId,35335ef3b0cf66dd89b37c764d9f954f,5788736800549d463a3af53d75646b25678b34e17791a6e996b6be44cad60c76,c:\Windows\WinSxS\wow64_microsoft-windows-gdi-painting_31bf3856ad364e35_10.0.18362.207_none_d7c5c1d8e1e46484\mf3216.dll
17,mf3216.dll,45568,2,3284430008,2074-01-29T05:40:08.000Z,imports,kernel32.dll,GetCurrentThreadId,35335ef3b0cf66dd89b37c764d9f954f,5788736800549d463a3af53d75646b25678b34e17791a6e996b6be44cad60c76,c:\Windows\WinSxS\wow64_microsoft-windows-gdi-painting_31bf3856ad364e35_10.0.18362.207_none_d7c5c1d8e1e46484\mf3216.dll
18,mf3216.dll,45568,2,3284430008,2074-01-29T05:40:08.000Z,imports,kernel32.dll,GetSystemTimeAsFileTime,35335ef3b0cf66dd89b37c764d9f954f,5788736800549d463a3af53d75646b25678b34e17791a6e996b6be44cad60c76,c:\Windows\WinSxS\wow64_microsoft-windows-gdi-painting_31bf3856ad364e35_10.0.18362.207_none_d7c5c1d8e1e46484\mf3216.dll
19,mf3216.dll,45568,2,3284430008,2074-01-29T05:40:08.000Z,imports,kernel32.dll,GetTickCount,35335ef3b0cf66dd89b37c764d9f954f,5788736800549d463a3af53d75646b25678b34e17791a6e996b6be44cad60c76,c:\Windows\WinSxS\wow64_microsoft-windows-gdi-painting_31bf3856ad364e35_10.0.18362.207_none_d7c5c1d8e1e46484\mf3216.dll
20,mf3216.dll,45568,2,3284430008,2074-01-29T05:40:08.000Z,imports,kernel32.dll,InitializeCriticalSection,35335ef3b0cf66dd89b37c764d9f954f,5788736800549d463a3af53d75646b25678b34e17791a6e996b6be44cad60c76,c:\Windows\WinSxS\wow64_microsoft-windows-gdi-painting_31bf3856ad364e35_10.0.18362.207_none_d7c5c1d8e1e46484\mf3216.dll
21,mf3216.dll,45568,2,3284430008,2074-01-29T05:40:08.000Z,imports,kernel32.dll,IsDBCSLeadByteEx,35335ef3b0cf66dd89b37c764d9f954f,5788736800549d463a3af53d75646b25678b34e17791a6e996b6be44cad60c76,c:\Windows\WinSxS\wow64_microsoft-windows-gdi-painting_31bf3856ad364e35_10.0.18362.207_none_d7c5c1d8e1e46484\mf3216.dll
22,mf3216.dll,45568,2,3284430008,2074-01-29T05:40:08.000Z,imports,kernel32.dll,LeaveCriticalSection,35335ef3b0cf66dd89b37c764d9f954f,5788736800549d463a3af53d75646b25678b34e17791a6e996b6be44cad60c76,c:\Windows\WinSxS\wow64_microsoft-windows-gdi-painting_31bf3856ad364e35_10.0.18362.207_none_d7c5c1d8e1e46484\mf3216.dll
23,mf3216.dll,45568,2,3284430008,2074-01-29T05:40:08.000Z,imports,kernel32.dll,LocalAlloc,35335ef3b0cf66dd89b37c764d9f954f,5788736800549d463a3af53d75646b25678b34e17791a6e996b6be44cad60c76,c:\Windows\WinSxS\wow64_microsoft-windows-gdi-painting_31bf3856ad364e35_10.0.18362.207_none_d7c5c1d8e1e46484\mf3216.dll
24,mf3216.dll,45568,2,3284430008,2074-01-29T05:40:08.000Z,imports,kernel32.dll,LocalFree,35335ef3b0cf66dd89b37c764d9f954f,5788736800549d463a3af53d75646b25678b34e17791a6e996b6be44cad60c76,c:\Windows\WinSxS\wow64_microsoft-windows-gdi-painting_31bf3856ad364e35_10.0.18362.207_none_d7c5c1d8e1e46484\mf3216.dll
25,mf3216.dll,45568,2,3284430008,2074-01-29T05:40:08.000Z,imports,kernel32.dll,LocalReAlloc,35335ef3b0cf66dd89b37c764d9f954f,5788736800549d463a3af53d75646b25678b34e17791a6e996b6be44cad60c76,c:\Windows\WinSxS\wow64_microsoft-windows-gdi-painting_31bf3856ad364e35_10.0.18362.207_none_d7c5c1d8e1e46484\mf3216.dll
26,mf3216.dll,45568,2,3284430008,2074-01-29T05:40:08.000Z,imports,kernel32.dll,MulDiv,35335ef3b0cf66dd89b37c764d9f954f,5788736800549d463a3af53d75646b25678b34e17791a6e996b6be44cad60c76,c:\Windows\WinSxS\wow64_microsoft-windows-gdi-painting_31bf3856ad364e35_10.0.18362.207_none_d7c5c1d8e1e46484\mf3216.dll
27,mf3216.dll,45568,2,3284430008,2074-01-29T05:40:08.000Z,imports,kernel32.dll,QueryPerformanceCounter,35335ef3b0cf66dd89b37c764d9f954f,5788736800549d463a3af53d75646b25678b34e17791a6e996b6be44cad60c76,c:\Windows\WinSxS\wow64_microsoft-windows-gdi-painting_31bf3856ad364e35_10.0.18362.207_none_d7c5c1d8e1e46484\mf3216.dll
28,mf3216.dll,45568,2,3284430008,2074-01-29T05:40:08.000Z,imports,kernel32.dll,SetLastError,35335ef3b0cf66dd89b37c764d9f954f,5788736800549d463a3af53d75646b25678b34e17791a6e996b6be44cad60c76,c:\Windows\WinSxS\wow64_microsoft-windows-gdi-painting_31bf3856ad364e35_10.0.18362.207_none_d7c5c1d8e1e46484\mf3216.dll
29,mf3216.dll,45568,2,3284430008,2074-01-29T05:40:08.000Z,imports,kernel32.dll,SetUnhandledExceptionFilter,35335ef3b0cf66dd89b37c764d9f954f,5788736800549d463a3af53d75646b25678b34e17791a6e996b6be44cad60c76,c:\Windows\WinSxS\wow64_microsoft-windows-gdi-painting_31bf3856ad364e35_10.0.18362.207_none_d7c5c1d8e1e46484\mf3216.dll
30,mf3216.dll,45568,2,3284430008,2074-01-29T05:40:08.000Z,imports,kernel32.dll,TerminateProcess,35335ef3b0cf66dd89b37c764d9f954f,5788736800549d463a3af53d75646b25678b34e17791a6e996b6be44cad60c76,c:\Windows\WinSxS\wow64_microsoft-windows-gdi-painting_31bf3856ad364e35_10.0.18362.207_none_d7c5c1d8e1e46484\mf3216.dll
31,mf3216.dll,45568,2,3284430008,2074-01-29T05:40:08.000Z,imports,kernel32.dll,UnhandledExceptionFilter,35335ef3b0cf66dd89b37c764d9f954f,5788736800549d463a3af53d75646b25678b34e17791a6e996b6be44cad60c76,c:\Windows\WinSxS\wow64_microsoft-windows-gdi-painting_31bf3856ad364e35_10.0.18362.207_none_d7c5c1d8e1e46484\mf3216.dll
32,mf3216.dll,45568,2,3284430008,2074-01-29T05:40:08.000Z,imports,kernel32.dll,WideCharToMultiByte,35335ef3b0cf66dd89b37c764d9f954f,5788736800549d463a3af53d75646b25678b34e17791a6e996b6be44cad60c76,c:\Windows\WinSxS\wow64_microsoft-windows-gdi-painting_31bf3856ad364e35_10.0.18362.207_none_d7c5c1d8e1e46484\mf3216.dll
33,mf3216.dll,45568,2,3284430008,2074-01-29T05:40:08.000Z,imports,gdi32.dll,AbortPath,35335ef3b0cf66dd89b37c764d9f954f,5788736800549d463a3af53d75646b25678b34e17791a6e996b6be44cad60c76,c:\Windows\WinSxS\wow64_microsoft-windows-gdi-painting_31bf3856ad364e35_10.0.18362.207_none_d7c5c1d8e1e46484\mf3216.dll
34,mf3216.dll,45568,2,3284430008,2074-01-29T05:40:08.000Z,imports,gdi32.dll,AngleArc,35335ef3b0cf66dd89b37c764d9f954f,5788736800549d463a3af53d75646b25678b34e17791a6e996b6be44cad60c76,c:\Windows\WinSxS\wow64_microsoft-windows-gdi-painting_31bf3856ad364e35_10.0.18362.207_none_d7c5c1d8e1e46484\mf3216.dll
35,mf3216.dll,45568,2,3284430008,2074-01-29T05:40:08.000Z,imports,gdi32.dll,Arc,35335ef3b0cf66dd89b37c764d9f954f,5788736800549d463a3af53d75646b25678b34e17791a6e996b6be44cad60c76,c:\Windows\WinSxS\wow64_microsoft-windows-gdi-painting_31bf3856ad364e35_10.0.18362.207_none_d7c5c1d8e1e46484\mf3216.dll
36,mf3216.dll,45568,2,3284430008,2074-01-29T05:40:08.000Z,imports,gdi32.dll,ArcTo,35335ef3b0cf66dd89b37c764d9f954f,5788736800549d463a3af53d75646b25678b34e17791a6e996b6be44cad60c76,c:\Windows\WinSxS\wow64_microsoft-windows-gdi-painting_31bf3856ad364e35_10.0.18362.207_none_d7c5c1d8e1e46484\mf3216.dll
37,mf3216.dll,45568,2,3284430008,2074-01-29T05:40:08.000Z,imports,gdi32.dll,BeginPath,35335ef3b0cf66dd89b37c764d9f954f,5788736800549d463a3af53d75646b25678b34e17791a6e996b6be44cad60c76,c:\Windows\WinSxS\wow64_microsoft-windows-gdi-painting_31bf3856ad364e35_10.0.18362.207_none_d7c5c1d8e1e46484\mf3216.dll
38,mf3216.dll,45568,2,3284430008,2074-01-29T05:40:08.000Z,imports,gdi32.dll,BitBlt,35335ef3b0cf66dd89b37c764d9f954f,5788736800549d463a3af53d75646b25678b34e17791a6e996b6be44cad60c76,c:\Windows\WinSxS\wow64_microsoft-windows-gdi-painting_31bf3856ad364e35_10.0.18362.207_none_d7c5c1d8e1e46484\mf3216.dll
39,mf3216.dll,45568,2,3284430008,2074-01-29T05:40:08.000Z,imports,gdi32.dll,Chord,35335ef3b0cf66dd89b37c764d9f954f,5788736800549d463a3af53d75646b25678b34e17791a6e996b6be44cad60c76,c:\Windows\WinSxS\wow64_microsoft-windows-gdi-painting_31bf3856ad364e35_10.0.18362.207_none_d7c5c1d8e1e46484\mf3216.dll
40,mf3216.dll,45568,2,3284430008,2074-01-29T05:40:08.000Z,imports,gdi32.dll,CloseEnhMetaFile,35335ef3b0cf66dd89b37c764d9f954f,5788736800549d463a3af53d75646b25678b34e17791a6e996b6be44cad60c76,c:\Windows\WinSxS\wow64_microsoft-windows-gdi-painting_31bf3856ad364e35_10.0.18362.207_none_d7c5c1d8e1e46484\mf3216.dll
41,mf3216.dll,45568,2,3284430008,2074-01-29T05:40:08.000Z,imports,gdi32.dll,CloseFigure,35335ef3b0cf66dd89b37c764d9f954f,5788736800549d463a3af53d75646b25678b34e17791a6e996b6be44cad60c76,c:\Windows\WinSxS\wow64_microsoft-windows-gdi-painting_31bf3856ad364e35_10.0.18362.207_none_d7c5c1d8e1e46484\mf3216.dll
42,mf3216.dll,45568,2,3284430008,2074-01-29T05:40:08.000Z,imports,gdi32.dll,CombineRgn,35335ef3b0cf66dd89b37c764d9f954f,5788736800549d463a3af53d75646b25678b34e17791a6e996b6be44cad60c76,c:\Windows\WinSxS\wow64_microsoft-windows-gdi-painting_31bf3856ad364e35_10.0.18362.207_none_d7c5c1d8e1e46484\mf3216.dll
43,mf3216.dll,45568,2,3284430008,2074-01-29T05:40:08.000Z,imports,gdi32.dll,CombineTransform,35335ef3b0cf66dd89b37c764d9f954f,5788736800549d463a3af53d75646b25678b34e17791a6e996b6be44cad60c76,c:\Windows\WinSxS\wow64_microsoft-windows-gdi-painting_31bf3856ad364e35_10.0.18362.207_none_d7c5c1d8e1e46484\mf3216.dll
44,mf3216.dll,45568,2,3284430008,2074-01-29T05:40:08.000Z,imports,gdi32.dll,CreateBitmap,35335ef3b0cf66dd89b37c764d9f954f,5788736800549d463a3af53d75646b25678b34e17791a6e996b6be44cad60c76,c:\Windows\WinSxS\wow64_microsoft-windows-gdi-painting_31bf3856ad364e35_10.0.18362.207_none_d7c5c1d8e1e46484\mf3216.dll
45,mf3216.dll,45568,2,3284430008,2074-01-29T05:40:08.000Z,imports,gdi32.dll,CreateBrushIndirect,35335ef3b0cf66dd89b37c764d9f954f,5788736800549d463a3af53d75646b25678b34e17791a6e996b6be44cad60c76,c:\Windows\WinSxS\wow64_microsoft-windows-gdi-painting_31bf3856ad364e35_10.0.18362.207_none_d7c5c1d8e1e46484\mf3216.dll
46,mf3216.dll,45568,2,3284430008,2074-01-29T05:40:08.000Z,imports,gdi32.dll,CreateCompatibleDC,35335ef3b0cf66dd89b37c764d9f954f,5788736800549d463a3af53d75646b25678b34e17791a6e996b6be44cad60c76,c:\Windows\WinSxS\wow64_microsoft-windows-gdi-painting_31bf3856ad364e35_10.0.18362.207_none_d7c5c1d8e1e46484\mf3216.dll
47,mf3216.dll,45568,2,3284430008,2074-01-29T05:40:08.000Z,imports,gdi32.dll,CreateDIBPatternBrushPt,35335ef3b0cf66dd89b37c764d9f954f,5788736800549d463a3af53d75646b25678b34e17791a6e996b6be44cad60c76,c:\Windows\WinSxS\wow64_microsoft-windows-gdi-painting_31bf3856ad364e35_10.0.18362.207_none_d7c5c1d8e1e46484\mf3216.dll
48,mf3216.dll,45568,2,3284430008,2074-01-29T05:40:08.000Z,imports,gdi32.dll,CreateDIBitmap,35335ef3b0cf66dd89b37c764d9f954f,5788736800549d463a3af53d75646b25678b34e17791a6e996b6be44cad60c76,c:\Windows\WinSxS\wow64_microsoft-windows-gdi-painting_31bf3856ad364e35_10.0.18362.207_none_d7c5c1d8e1e46484\mf3216.dll
49,mf3216.dll,45568,2,3284430008,2074-01-29T05:40:08.000Z,imports,gdi32.dll,CreateEnhMetaFileA,35335ef3b0cf66dd89b37c764d9f954f,5788736800549d463a3af53d75646b25678b34e17791a6e996b6be44cad60c76,c:\Windows\WinSxS\wow64_microsoft-windows-gdi-painting_31bf3856ad364e35_10.0.18362.207_none_d7c5c1d8e1e46484\mf3216.dll
50,mf3216.dll,45568,2,3284430008,2074-01-29T05:40:08.000Z,imports,gdi32.dll,CreateFontIndirectW,35335ef3b0cf66dd89b37c764d9f954f,5788736800549d463a3af53d75646b25678b34e17791a6e996b6be44cad60c76,c:\Windows\WinSxS\wow64_microsoft-windows-gdi-painting_31bf3856ad364e35_10.0.18362.207_none_d7c5c1d8e1e46484\mf3216.dll
51,mf3216.dll,45568,2,3284430008,2074-01-29T05:40:08.000Z,imports,gdi32.dll,CreateICA,35335ef3b0cf66dd89b37c764d9f954f,5788736800549d463a3af53d75646b25678b34e17791a6e996b6be44cad60c76,c:\Windows\WinSxS\wow64_microsoft-windows-gdi-painting_31bf3856ad364e35_10.0.18362.207_none_d7c5c1d8e1e46484\mf3216.dll
52,mf3216.dll,45568,2,3284430008,2074-01-29T05:40:08.000Z,imports,gdi32.dll,CreatePalette,35335ef3b0cf66dd89b37c764d9f954f,5788736800549d463a3af53d75646b25678b34e17791a6e996b6be44cad60c76,c:\Windows\WinSxS\wow64_microsoft-windows-gdi-painting_31bf3856ad364e35_10.0.18362.207_none_d7c5c1d8e1e46484\mf3216.dll
53,mf3216.dll,45568,2,3284430008,2074-01-29T05:40:08.000Z,imports,gdi32.dll,CreatePatternBrush,35335ef3b0cf66dd89b37c764d9f954f,5788736800549d463a3af53d75646b25678b34e17791a6e996b6be44cad60c76,c:\Windows\WinSxS\wow64_microsoft-windows-gdi-painting_31bf3856ad364e35_10.0.18362.207_none_d7c5c1d8e1e46484\mf3216.dll
54,mf3216.dll,45568,2,3284430008,2074-01-29T05:40:08.000Z,imports,gdi32.dll,CreatePen,35335ef3b0cf66dd89b37c764d9f954f,5788736800549d463a3af53d75646b25678b34e17791a6e996b6be44cad60c76,c:\Windows\WinSxS\wow64_microsoft-windows-gdi-painting_31bf3856ad364e35_10.0.18362.207_none_d7c5c1d8e1e46484\mf3216.dll
55,mf3216.dll,45568,2,3284430008,2074-01-29T05:40:08.000Z,imports,gdi32.dll,CreateRectRgn,35335ef3b0cf66dd89b37c764d9f954f,5788736800549d463a3af53d75646b25678b34e17791a6e996b6be44cad60c76,c:\Windows\WinSxS\wow64_microsoft-windows-gdi-painting_31bf3856ad364e35_10.0.18362.207_none_d7c5c1d8e1e46484\mf3216.dll
56,mf3216.dll,45568,2,3284430008,2074-01-29T05:40:08.000Z,imports,gdi32.dll,DPtoLP,35335ef3b0cf66dd89b37c764d9f954f,5788736800549d463a3af53d75646b25678b34e17791a6e996b6be44cad60c76,c:\Windows\WinSxS\wow64_microsoft-windows-gdi-painting_31bf3856ad364e35_10.0.18362.207_none_d7c5c1d8e1e46484\mf3216.dll
57,mf3216.dll,45568,2,3284430008,2074-01-29T05:40:08.000Z,imports,gdi32.dll,DeleteDC,35335ef3b0cf66dd89b37c764d9f954f,5788736800549d463a3af53d75646b25678b34e17791a6e996b6be44cad60c76,c:\Windows\WinSxS\wow64_microsoft-windows-gdi-painting_31bf3856ad364e35_10.0.18362.207_none_d7c5c1d8e1e46484\mf3216.dll
58,mf3216.dll,45568,2,3284430008,2074-01-29T05:40:08.000Z,imports,gdi32.dll,DeleteEnhMetaFile,35335ef3b0cf66dd89b37c764d9f954f,5788736800549d463a3af53d75646b25678b34e17791a6e996b6be44cad60c76,c:\Windows\WinSxS\wow64_microsoft-windows-gdi-painting_31bf3856ad364e35_10.0.18362.207_none_d7c5c1d8e1e46484\mf3216.dll
59,mf3216.dll,45568,2,3284430008,2074-01-29T05:40:08.000Z,imports,gdi32.dll,DeleteObject,35335ef3b0cf66dd89b37c764d9f954f,5788736800549d463a3af53d75646b25678b34e17791a6e996b6be44cad60c76,c:\Windows\WinSxS\wow64_microsoft-windows-gdi-painting_31bf3856ad364e35_10.0.18362.207_none_d7c5c1d8e1e46484\mf3216.dll
60,mf3216.dll,45568,2,3284430008,2074-01-29T05:40:08.000Z,imports,gdi32.dll,Ellipse,35335ef3b0cf66dd89b37c764d9f954f,5788736800549d463a3af53d75646b25678b34e17791a6e996b6be44cad60c76,c:\Windows\WinSxS\wow64_microsoft-windows-gdi-painting_31bf3856ad364e35_10.0.18362.207_none_d7c5c1d8e1e46484\mf3216.dll
61,mf3216.dll,45568,2,3284430008,2074-01-29T05:40:08.000Z,imports,gdi32.dll,EndPath,35335ef3b0cf66dd89b37c764d9f954f,5788736800549d463a3af53d75646b25678b34e17791a6e996b6be44cad60c76,c:\Windows\WinSxS\wow64_microsoft-windows-gdi-painting_31bf3856ad364e35_10.0.18362.207_none_d7c5c1d8e1e46484\mf3216.dll
62,mf3216.dll,45568,2,3284430008,2074-01-29T05:40:08.000Z,imports,gdi32.dll,ExcludeClipRect,35335ef3b0cf66dd89b37c764d9f954f,5788736800549d463a3af53d75646b25678b34e17791a6e996b6be44cad60c76,c:\Windows\WinSxS\wow64_microsoft-windows-gdi-painting_31bf3856ad364e35_10.0.18362.207_none_d7c5c1d8e1e46484\mf3216.dll
63,mf3216.dll,45568,2,3284430008,2074-01-29T05:40:08.000Z,imports,gdi32.dll,ExtCreateRegion,35335ef3b0cf66dd89b37c764d9f954f,5788736800549d463a3af53d75646b25678b34e17791a6e996b6be44cad60c76,c:\Windows\WinSxS\wow64_microsoft-windows-gdi-painting_31bf3856ad364e35_10.0.18362.207_none_d7c5c1d8e1e46484\mf3216.dll
64,mf3216.dll,45568,2,3284430008,2074-01-29T05:40:08.000Z,imports,gdi32.dll,ExtSelectClipRgn,35335ef3b0cf66dd89b37c764d9f954f,5788736800549d463a3af53d75646b25678b34e17791a6e996b6be44cad60c76,c:\Windows\WinSxS\wow64_microsoft-windows-gdi-painting_31bf3856ad364e35_10.0.18362.207_none_d7c5c1d8e1e46484\mf3216.dll
65,mf3216.dll,45568,2,3284430008,2074-01-29T05:40:08.000Z,imports,gdi32.dll,ExtTextOutA,35335ef3b0cf66dd89b37c764d9f954f,5788736800549d463a3af53d75646b25678b34e17791a6e996b6be44cad60c76,c:\Windows\WinSxS\wow64_microsoft-windows-gdi-painting_31bf3856ad364e35_10.0.18362.207_none_d7c5c1d8e1e46484\mf3216.dll
66,mf3216.dll,45568,2,3284430008,2074-01-29T05:40:08.000Z,imports,gdi32.dll,ExtTextOutW,35335ef3b0cf66dd89b37c764d9f954f,5788736800549d463a3af53d75646b25678b34e17791a6e996b6be44cad60c76,c:\Windows\WinSxS\wow64_microsoft-windows-gdi-painting_31bf3856ad364e35_10.0.18362.207_none_d7c5c1d8e1e46484\mf3216.dll
67,mf3216.dll,45568,2,3284430008,2074-01-29T05:40:08.000Z,imports,gdi32.dll,FillPath,35335ef3b0cf66dd89b37c764d9f954f,5788736800549d463a3af53d75646b25678b34e17791a6e996b6be44cad60c76,c:\Windows\WinSxS\wow64_microsoft-windows-gdi-painting_31bf3856ad364e35_10.0.18362.207_none_d7c5c1d8e1e46484\mf3216.dll
68,mf3216.dll,45568,2,3284430008,2074-01-29T05:40:08.000Z,imports,gdi32.dll,FlattenPath,35335ef3b0cf66dd89b37c764d9f954f,5788736800549d463a3af53d75646b25678b34e17791a6e996b6be44cad60c76,c:\Windows\WinSxS\wow64_microsoft-windows-gdi-painting_31bf3856ad364e35_10.0.18362.207_none_d7c5c1d8e1e46484\mf3216.dll
69,mf3216.dll,45568,2,3284430008,2074-01-29T05:40:08.000Z,imports,gdi32.dll,GetCurrentPositionEx,35335ef3b0cf66dd89b37c764d9f954f,5788736800549d463a3af53d75646b25678b34e17791a6e996b6be44cad60c76,c:\Windows\WinSxS\wow64_microsoft-windows-gdi-painting_31bf3856ad364e35_10.0.18362.207_none_d7c5c1d8e1e46484\mf3216.dll
70,mf3216.dll,45568,2,3284430008,2074-01-29T05:40:08.000Z,imports,gdi32.dll,GetDIBits,35335ef3b0cf66dd89b37c764d9f954f,5788736800549d463a3af53d75646b25678b34e17791a6e996b6be44cad60c76,c:\Windows\WinSxS\wow64_microsoft-windows-gdi-painting_31bf3856ad364e35_10.0.18362.207_none_d7c5c1d8e1e46484\mf3216.dll
71,mf3216.dll,45568,2,3284430008,2074-01-29T05:40:08.000Z,imports,gdi32.dll,GetDeviceCaps,35335ef3b0cf66dd89b37c764d9f954f,5788736800549d463a3af53d75646b25678b34e17791a6e996b6be44cad60c76,c:\Windows\WinSxS\wow64_microsoft-windows-gdi-painting_31bf3856ad364e35_10.0.18362.207_none_d7c5c1d8e1e46484\mf3216.dll
72,mf3216.dll,45568,2,3284430008,2074-01-29T05:40:08.000Z,imports,gdi32.dll,GetObjectA,35335ef3b0cf66dd89b37c764d9f954f,5788736800549d463a3af53d75646b25678b34e17791a6e996b6be44cad60c76,c:\Windows\WinSxS\wow64_microsoft-windows-gdi-painting_31bf3856ad364e35_10.0.18362.207_none_d7c5c1d8e1e46484\mf3216.dll
73,mf3216.dll,45568,2,3284430008,2074-01-29T05:40:08.000Z,imports,gdi32.dll,GetObjectW,35335ef3b0cf66dd89b37c764d9f954f,5788736800549d463a3af53d75646b25678b34e17791a6e996b6be44cad60c76,c:\Windows\WinSxS\wow64_microsoft-windows-gdi-painting_31bf3856ad364e35_10.0.18362.207_none_d7c5c1d8e1e46484\mf3216.dll
74,mf3216.dll,45568,2,3284430008,2074-01-29T05:40:08.000Z,imports,gdi32.dll,GetPaletteEntries,35335ef3b0cf66dd89b37c764d9f954f,5788736800549d463a3af53d75646b25678b34e17791a6e996b6be44cad60c76,c:\Windows\WinSxS\wow64_microsoft-windows-gdi-painting_31bf3856ad364e35_10.0.18362.207_none_d7c5c1d8e1e46484\mf3216.dll
75,mf3216.dll,45568,2,3284430008,2074-01-29T05:40:08.000Z,imports,gdi32.dll,GetPath,35335ef3b0cf66dd89b37c764d9f954f,5788736800549d463a3af53d75646b25678b34e17791a6e996b6be44cad60c76,c:\Windows\WinSxS\wow64_microsoft-windows-gdi-painting_31bf3856ad364e35_10.0.18362.207_none_d7c5c1d8e1e46484\mf3216.dll
76,mf3216.dll,45568,2,3284430008,2074-01-29T05:40:08.000Z,imports,gdi32.dll,GetRandomRgn,35335ef3b0cf66dd89b37c764d9f954f,5788736800549d463a3af53d75646b25678b34e17791a6e996b6be44cad60c76,c:\Windows\WinSxS\wow64_microsoft-windows-gdi-painting_31bf3856ad364e35_10.0.18362.207_none_d7c5c1d8e1e46484\mf3216.dll
77,mf3216.dll,45568,2,3284430008,2074-01-29T05:40:08.000Z,imports,gdi32.dll,GetRegionData,35335ef3b0cf66dd89b37c764d9f954f,5788736800549d463a3af53d75646b25678b34e17791a6e996b6be44cad60c76,c:\Windows\WinSxS\wow64_microsoft-windows-gdi-painting_31bf3856ad364e35_10.0.18362.207_none_d7c5c1d8e1e46484\mf3216.dll
78,mf3216.dll,45568,2,3284430008,2074-01-29T05:40:08.000Z,imports,gdi32.dll,GetRgnBox,35335ef3b0cf66dd89b37c764d9f954f,5788736800549d463a3af53d75646b25678b34e17791a6e996b6be44cad60c76,c:\Windows\WinSxS\wow64_microsoft-windows-gdi-painting_31bf3856ad364e35_10.0.18362.207_none_d7c5c1d8e1e46484\mf3216.dll
79,mf3216.dll,45568,2,3284430008,2074-01-29T05:40:08.000Z,imports,gdi32.dll,GetStockObject,35335ef3b0cf66dd89b37c764d9f954f,5788736800549d463a3af53d75646b25678b34e17791a6e996b6be44cad60c76,c:\Windows\WinSxS\wow64_microsoft-windows-gdi-painting_31bf3856ad364e35_10.0.18362.207_none_d7c5c1d8e1e46484\mf3216.dll
80,mf3216.dll,45568,2,3284430008,2074-01-29T05:40:08.000Z,imports,gdi32.dll,GetTextAlign,35335ef3b0cf66dd89b37c764d9f954f,5788736800549d463a3af53d75646b25678b34e17791a6e996b6be44cad60c76,c:\Windows\WinSxS\wow64_microsoft-windows-gdi-painting_31bf3856ad364e35_10.0.18362.207_none_d7c5c1d8e1e46484\mf3216.dll
81,mf3216.dll,45568,2,3284430008,2074-01-29T05:40:08.000Z,imports,gdi32.dll,GetTextCharsetInfo,35335ef3b0cf66dd89b37c764d9f954f,5788736800549d463a3af53d75646b25678b34e17791a6e996b6be44cad60c76,c:\Windows\WinSxS\wow64_microsoft-windows-gdi-painting_31bf3856ad364e35_10.0.18362.207_none_d7c5c1d8e1e46484\mf3216.dll
82,mf3216.dll,45568,2,3284430008,2074-01-29T05:40:08.000Z,imports,gdi32.dll,GetTransform,35335ef3b0cf66dd89b37c764d9f954f,5788736800549d463a3af53d75646b25678b34e17791a6e996b6be44cad60c76,c:\Windows\WinSxS\wow64_microsoft-windows-gdi-painting_31bf3856ad364e35_10.0.18362.207_none_d7c5c1d8e1e46484\mf3216.dll
83,mf3216.dll,45568,2,3284430008,2074-01-29T05:40:08.000Z,imports,gdi32.dll,GetWinMetaFileBits,35335ef3b0cf66dd89b37c764d9f954f,5788736800549d463a3af53d75646b25678b34e17791a6e996b6be44cad60c76,c:\Windows\WinSxS\wow64_microsoft-windows-gdi-painting_31bf3856ad364e35_10.0.18362.207_none_d7c5c1d8e1e46484\mf3216.dll
84,mf3216.dll,45568,2,3284430008,2074-01-29T05:40:08.000Z,imports,gdi32.dll,IntersectClipRect,35335ef3b0cf66dd89b37c764d9f954f,5788736800549d463a3af53d75646b25678b34e17791a6e996b6be44cad60c76,c:\Windows\WinSxS\wow64_microsoft-windows-gdi-painting_31bf3856ad364e35_10.0.18362.207_none_d7c5c1d8e1e46484\mf3216.dll
85,mf3216.dll,45568,2,3284430008,2074-01-29T05:40:08.000Z,imports,gdi32.dll,IsValidEnhMetaRecord,35335ef3b0cf66dd89b37c764d9f954f,5788736800549d463a3af53d75646b25678b34e17791a6e996b6be44cad60c76,c:\Windows\WinSxS\wow64_microsoft-windows-gdi-painting_31bf3856ad364e35_10.0.18362.207_none_d7c5c1d8e1e46484\mf3216.dll
86,mf3216.dll,45568,2,3284430008,2074-01-29T05:40:08.000Z,imports,gdi32.dll,IsValidEnhMetaRecordOffExt,35335ef3b0cf66dd89b37c764d9f954f,5788736800549d463a3af53d75646b25678b34e17791a6e996b6be44cad60c76,c:\Windows\WinSxS\wow64_microsoft-windows-gdi-painting_31bf3856ad364e35_10.0.18362.207_none_d7c5c1d8e1e46484\mf3216.dll
87,mf3216.dll,45568,2,3284430008,2074-01-29T05:40:08.000Z,imports,gdi32.dll,LineTo,35335ef3b0cf66dd89b37c764d9f954f,5788736800549d463a3af53d75646b25678b34e17791a6e996b6be44cad60c76,c:\Windows\WinSxS\wow64_microsoft-windows-gdi-painting_31bf3856ad364e35_10.0.18362.207_none_d7c5c1d8e1e46484\mf3216.dll
88,mf3216.dll,45568,2,3284430008,2074-01-29T05:40:08.000Z,imports,gdi32.dll,ModifyWorldTransform,35335ef3b0cf66dd89b37c764d9f954f,5788736800549d463a3af53d75646b25678b34e17791a6e996b6be44cad60c76,c:\Windows\WinSxS\wow64_microsoft-windows-gdi-painting_31bf3856ad364e35_10.0.18362.207_none_d7c5c1d8e1e46484\mf3216.dll
89,mf3216.dll,45568,2,3284430008,2074-01-29T05:40:08.000Z,imports,gdi32.dll,MoveToEx,35335ef3b0cf66dd89b37c764d9f954f,5788736800549d463a3af53d75646b25678b34e17791a6e996b6be44cad60c76,c:\Windows\WinSxS\wow64_microsoft-windows-gdi-painting_31bf3856ad364e35_10.0.18362.207_none_d7c5c1d8e1e46484\mf3216.dll
90,mf3216.dll,45568,2,3284430008,2074-01-29T05:40:08.000Z,imports,gdi32.dll,OffsetClipRgn,35335ef3b0cf66dd89b37c764d9f954f,5788736800549d463a3af53d75646b25678b34e17791a6e996b6be44cad60c76,c:\Windows\WinSxS\wow64_microsoft-windows-gdi-painting_31bf3856ad364e35_10.0.18362.207_none_d7c5c1d8e1e46484\mf3216.dll
91,mf3216.dll,45568,2,3284430008,2074-01-29T05:40:08.000Z,imports,gdi32.dll,OffsetViewportOrgEx,35335ef3b0cf66dd89b37c764d9f954f,5788736800549d463a3af53d75646b25678b34e17791a6e996b6be44cad60c76,c:\Windows\WinSxS\wow64_microsoft-windows-gdi-painting_31bf3856ad364e35_10.0.18362.207_none_d7c5c1d8e1e46484\mf3216.dll
92,mf3216.dll,45568,2,3284430008,2074-01-29T05:40:08.000Z,imports,gdi32.dll,PatBlt,35335ef3b0cf66dd89b37c764d9f954f,5788736800549d463a3af53d75646b25678b34e17791a6e996b6be44cad60c76,c:\Windows\WinSxS\wow64_microsoft-windows-gdi-painting_31bf3856ad364e35_10.0.18362.207_none_d7c5c1d8e1e46484\mf3216.dll
93,mf3216.dll,45568,2,3284430008,2074-01-29T05:40:08.000Z,imports,gdi32.dll,Pie,35335ef3b0cf66dd89b37c764d9f954f,5788736800549d463a3af53d75646b25678b34e17791a6e996b6be44cad60c76,c:\Windows\WinSxS\wow64_microsoft-windows-gdi-painting_31bf3856ad364e35_10.0.18362.207_none_d7c5c1d8e1e46484\mf3216.dll
94,mf3216.dll,45568,2,3284430008,2074-01-29T05:40:08.000Z,imports,gdi32.dll,PlayEnhMetaFile,35335ef3b0cf66dd89b37c764d9f954f,5788736800549d463a3af53d75646b25678b34e17791a6e996b6be44cad60c76,c:\Windows\WinSxS\wow64_microsoft-windows-gdi-painting_31bf3856ad364e35_10.0.18362.207_none_d7c5c1d8e1e46484\mf3216.dll
95,mf3216.dll,45568,2,3284430008,2074-01-29T05:40:08.000Z,imports,gdi32.dll,PlgBlt,35335ef3b0cf66dd89b37c764d9f954f,5788736800549d463a3af53d75646b25678b34e17791a6e996b6be44cad60c76,c:\Windows\WinSxS\wow64_microsoft-windows-gdi-painting_31bf3856ad364e35_10.0.18362.207_none_d7c5c1d8e1e46484\mf3216.dll
96,mf3216.dll,45568,2,3284430008,2074-01-29T05:40:08.000Z,imports,gdi32.dll,PolyBezier,35335ef3b0cf66dd89b37c764d9f954f,5788736800549d463a3af53d75646b25678b34e17791a6e996b6be44cad60c76,c:\Windows\WinSxS\wow64_microsoft-windows-gdi-painting_31bf3856ad364e35_10.0.18362.207_none_d7c5c1d8e1e46484\mf3216.dll
97,mf3216.dll,45568,2,3284430008,2074-01-29T05:40:08.000Z,imports,gdi32.dll,PolyBezierTo,35335ef3b0cf66dd89b37c764d9f954f,5788736800549d463a3af53d75646b25678b34e17791a6e996b6be44cad60c76,c:\Windows\WinSxS\wow64_microsoft-windows-gdi-painting_31bf3856ad364e35_10.0.18362.207_none_d7c5c1d8e1e46484\mf3216.dll
98,mf3216.dll,45568,2,3284430008,2074-01-29T05:40:08.000Z,imports,gdi32.dll,PolyDraw,35335ef3b0cf66dd89b37c764d9f954f,5788736800549d463a3af53d75646b25678b34e17791a6e996b6be44cad60c76,c:\Windows\WinSxS\wow64_microsoft-windows-gdi-painting_31bf3856ad364e35_10.0.18362.207_none_d7c5c1d8e1e46484\mf3216.dll
99,mf3216.dll,45568,2,3284430008,2074-01-29T05:40:08.000Z,imports,gdi32.dll,PolyPolygon,35335ef3b0cf66dd89b37c764d9f954f,5788736800549d463a3af53d75646b25678b34e17791a6e996b6be44cad60c76,c:\Windows\WinSxS\wow64_microsoft-windows-gdi-painting_31bf3856ad364e35_10.0.18362.207_none_d7c5c1d8e1e46484\mf3216.dll
100,mf3216.dll,45568,2,3284430008,2074-01-29T05:40:08.000Z,imports,gdi32.dll,Polygon,35335ef3b0cf66dd89b37c764d9f954f,5788736800549d463a3af53d75646b25678b34e17791a6e996b6be44cad60c76,c:\Windows\WinSxS\wow64_microsoft-windows-gdi-painting_31bf3856ad364e35_10.0.18362.207_none_d7c5c1d8e1e46484\mf3216.dll
101,mf3216.dll,45568,2,3284430008,2074-01-29T05:40:08.000Z,imports,gdi32.dll,Polyline,35335ef3b0cf66dd89b37c764d9f954f,5788736800549d463a3af53d75646b25678b34e17791a6e996b6be44cad60c76,c:\Windows\WinSxS\wow64_microsoft-windows-gdi-painting_31bf3856ad364e35_10.0.18362.207_none_d7c5c1d8e1e46484\mf3216.dll
102,mf3216.dll,45568,2,3284430008,2074-01-29T05:40:08.000Z,imports,gdi32.dll,PolylineTo,35335ef3b0cf66dd89b37c764d9f954f,5788736800549d463a3af53d75646b25678b34e17791a6e996b6be44cad60c76,c:\Windows\WinSxS\wow64_microsoft-windows-gdi-painting_31bf3856ad364e35_10.0.18362.207_none_d7c5c1d8e1e46484\mf3216.dll
103,mf3216.dll,45568,2,3284430008,2074-01-29T05:40:08.000Z,imports,gdi32.dll,Rectangle,35335ef3b0cf66dd89b37c764d9f954f,5788736800549d463a3af53d75646b25678b34e17791a6e996b6be44cad60c76,c:\Windows\WinSxS\wow64_microsoft-windows-gdi-painting_31bf3856ad364e35_10.0.18362.207_none_d7c5c1d8e1e46484\mf3216.dll
104,mf3216.dll,45568,2,3284430008,2074-01-29T05:40:08.000Z,imports,gdi32.dll,ResizePalette,35335ef3b0cf66dd89b37c764d9f954f,5788736800549d463a3af53d75646b25678b34e17791a6e996b6be44cad60c76,c:\Windows\WinSxS\wow64_microsoft-windows-gdi-painting_31bf3856ad364e35_10.0.18362.207_none_d7c5c1d8e1e46484\mf3216.dll
105,mf3216.dll,45568,2,3284430008,2074-01-29T05:40:08.000Z,imports,gdi32.dll,RestoreDC,35335ef3b0cf66dd89b37c764d9f954f,5788736800549d463a3af53d75646b25678b34e17791a6e996b6be44cad60c76,c:\Windows\WinSxS\wow64_microsoft-windows-gdi-painting_31bf3856ad364e35_10.0.18362.207_none_d7c5c1d8e1e46484\mf3216.dll
106,mf3216.dll,45568,2,3284430008,2074-01-29T05:40:08.000Z,imports,gdi32.dll,RoundRect,35335ef3b0cf66dd89b37c764d9f954f,5788736800549d463a3af53d75646b25678b34e17791a6e996b6be44cad60c76,c:\Windows\WinSxS\wow64_microsoft-windows-gdi-painting_31bf3856ad364e35_10.0.18362.207_none_d7c5c1d8e1e46484\mf3216.dll
107,mf3216.dll,45568,2,3284430008,2074-01-29T05:40:08.000Z,imports,gdi32.dll,SaveDC,35335ef3b0cf66dd89b37c764d9f954f,5788736800549d463a3af53d75646b25678b34e17791a6e996b6be44cad60c76,c:\Windows\WinSxS\wow64_microsoft-windows-gdi-painting_31bf3856ad364e35_10.0.18362.207_none_d7c5c1d8e1e46484\mf3216.dll
108,mf3216.dll,45568,2,3284430008,2074-01-29T05:40:08.000Z,imports,gdi32.dll,ScaleViewportExtEx,35335ef3b0cf66dd89b37c764d9f954f,5788736800549d463a3af53d75646b25678b34e17791a6e996b6be44cad60c76,c:\Windows\WinSxS\wow64_microsoft-windows-gdi-painting_31bf3856ad364e35_10.0.18362.207_none_d7c5c1d8e1e46484\mf3216.dll
109,mf3216.dll,45568,2,3284430008,2074-01-29T05:40:08.000Z,imports,gdi32.dll,ScaleWindowExtEx,35335ef3b0cf66dd89b37c764d9f954f,5788736800549d463a3af53d75646b25678b34e17791a6e996b6be44cad60c76,c:\Windows\WinSxS\wow64_microsoft-windows-gdi-painting_31bf3856ad364e35_10.0.18362.207_none_d7c5c1d8e1e46484\mf3216.dll
110,mf3216.dll,45568,2,3284430008,2074-01-29T05:40:08.000Z,imports,gdi32.dll,SelectClipPath,35335ef3b0cf66dd89b37c764d9f954f,5788736800549d463a3af53d75646b25678b34e17791a6e996b6be44cad60c76,c:\Windows\WinSxS\wow64_microsoft-windows-gdi-painting_31bf3856ad364e35_10.0.18362.207_none_d7c5c1d8e1e46484\mf3216.dll
111,mf3216.dll,45568,2,3284430008,2074-01-29T05:40:08.000Z,imports,gdi32.dll,SelectObject,35335ef3b0cf66dd89b37c764d9f954f,5788736800549d463a3af53d75646b25678b34e17791a6e996b6be44cad60c76,c:\Windows\WinSxS\wow64_microsoft-windows-gdi-painting_31bf3856ad364e35_10.0.18362.207_none_d7c5c1d8e1e46484\mf3216.dll
112,mf3216.dll,45568,2,3284430008,2074-01-29T05:40:08.000Z,imports,gdi32.dll,SelectPalette,35335ef3b0cf66dd89b37c764d9f954f,5788736800549d463a3af53d75646b25678b34e17791a6e996b6be44cad60c76,c:\Windows\WinSxS\wow64_microsoft-windows-gdi-painting_31bf3856ad364e35_10.0.18362.207_none_d7c5c1d8e1e46484\mf3216.dll
113,mf3216.dll,45568,2,3284430008,2074-01-29T05:40:08.000Z,imports,gdi32.dll,SetArcDirection,35335ef3b0cf66dd89b37c764d9f954f,5788736800549d463a3af53d75646b25678b34e17791a6e996b6be44cad60c76,c:\Windows\WinSxS\wow64_microsoft-windows-gdi-painting_31bf3856ad364e35_10.0.18362.207_none_d7c5c1d8e1e46484\mf3216.dll
114,mf3216.dll,45568,2,3284430008,2074-01-29T05:40:08.000Z,imports,gdi32.dll,SetBkMode,35335ef3b0cf66dd89b37c764d9f954f,5788736800549d463a3af53d75646b25678b34e17791a6e996b6be44cad60c76,c:\Windows\WinSxS\wow64_microsoft-windows-gdi-painting_31bf3856ad364e35_10.0.18362.207_none_d7c5c1d8e1e46484\mf3216.dll
115,mf3216.dll,45568,2,3284430008,2074-01-29T05:40:08.000Z,imports,gdi32.dll,SetDIBits,35335ef3b0cf66dd89b37c764d9f954f,5788736800549d463a3af53d75646b25678b34e17791a6e996b6be44cad60c76,c:\Windows\WinSxS\wow64_microsoft-windows-gdi-painting_31bf3856ad364e35_10.0.18362.207_none_d7c5c1d8e1e46484\mf3216.dll
116,mf3216.dll,45568,2,3284430008,2074-01-29T05:40:08.000Z,imports,gdi32.dll,SetEnhMetaFileBits,35335ef3b0cf66dd89b37c764d9f954f,5788736800549d463a3af53d75646b25678b34e17791a6e996b6be44cad60c76,c:\Windows\WinSxS\wow64_microsoft-windows-gdi-painting_31bf3856ad364e35_10.0.18362.207_none_d7c5c1d8e1e46484\mf3216.dll
117,mf3216.dll,45568,2,3284430008,2074-01-29T05:40:08.000Z,imports,gdi32.dll,SetGraphicsMode,35335ef3b0cf66dd89b37c764d9f954f,5788736800549d463a3af53d75646b25678b34e17791a6e996b6be44cad60c76,c:\Windows\WinSxS\wow64_microsoft-windows-gdi-painting_31bf3856ad364e35_10.0.18362.207_none_d7c5c1d8e1e46484\mf3216.dll
118,mf3216.dll,45568,2,3284430008,2074-01-29T05:40:08.000Z,imports,gdi32.dll,SetMapMode,35335ef3b0cf66dd89b37c764d9f954f,5788736800549d463a3af53d75646b25678b34e17791a6e996b6be44cad60c76,c:\Windows\WinSxS\wow64_microsoft-windows-gdi-painting_31bf3856ad364e35_10.0.18362.207_none_d7c5c1d8e1e46484\mf3216.dll
119,mf3216.dll,45568,2,3284430008,2074-01-29T05:40:08.000Z,imports,gdi32.dll,SetMapperFlags,35335ef3b0cf66dd89b37c764d9f954f,5788736800549d463a3af53d75646b25678b34e17791a6e996b6be44cad60c76,c:\Windows\WinSxS\wow64_microsoft-windows-gdi-painting_31bf3856ad364e35_10.0.18362.207_none_d7c5c1d8e1e46484\mf3216.dll
120,mf3216.dll,45568,2,3284430008,2074-01-29T05:40:08.000Z,imports,gdi32.dll,SetMetaRgn,35335ef3b0cf66dd89b37c764d9f954f,5788736800549d463a3af53d75646b25678b34e17791a6e996b6be44cad60c76,c:\Windows\WinSxS\wow64_microsoft-windows-gdi-painting_31bf3856ad364e35_10.0.18362.207_none_d7c5c1d8e1e46484\mf3216.dll
121,mf3216.dll,45568,2,3284430008,2074-01-29T05:40:08.000Z,imports,gdi32.dll,SetPaletteEntries,35335ef3b0cf66dd89b37c764d9f954f,5788736800549d463a3af53d75646b25678b34e17791a6e996b6be44cad60c76,c:\Windows\WinSxS\wow64_microsoft-windows-gdi-painting_31bf3856ad364e35_10.0.18362.207_none_d7c5c1d8e1e46484\mf3216.dll
122,mf3216.dll,45568,2,3284430008,2074-01-29T05:40:08.000Z,imports,gdi32.dll,SetTextAlign,35335ef3b0cf66dd89b37c764d9f954f,5788736800549d463a3af53d75646b25678b34e17791a6e996b6be44cad60c76,c:\Windows\WinSxS\wow64_microsoft-windows-gdi-painting_31bf3856ad364e35_10.0.18362.207_none_d7c5c1d8e1e46484\mf3216.dll
123,mf3216.dll,45568,2,3284430008,2074-01-29T05:40:08.000Z,imports,gdi32.dll,SetViewportExtEx,35335ef3b0cf66dd89b37c764d9f954f,5788736800549d463a3af53d75646b25678b34e17791a6e996b6be44cad60c76,c:\Windows\WinSxS\wow64_microsoft-windows-gdi-painting_31bf3856ad364e35_10.0.18362.207_none_d7c5c1d8e1e46484\mf3216.dll
124,mf3216.dll,45568,2,3284430008,2074-01-29T05:40:08.000Z,imports,gdi32.dll,SetViewportOrgEx,35335ef3b0cf66dd89b37c764d9f954f,5788736800549d463a3af53d75646b25678b34e17791a6e996b6be44cad60c76,c:\Windows\WinSxS\wow64_microsoft-windows-gdi-painting_31bf3856ad364e35_10.0.18362.207_none_d7c5c1d8e1e46484\mf3216.dll
125,mf3216.dll,45568,2,3284430008,2074-01-29T05:40:08.000Z,imports,gdi32.dll,SetVirtualResolution,35335ef3b0cf66dd89b37c764d9f954f,5788736800549d463a3af53d75646b25678b34e17791a6e996b6be44cad60c76,c:\Windows\WinSxS\wow64_microsoft-windows-gdi-painting_31bf3856ad364e35_10.0.18362.207_none_d7c5c1d8e1e46484\mf3216.dll
126,mf3216.dll,45568,2,3284430008,2074-01-29T05:40:08.000Z,imports,gdi32.dll,SetWindowExtEx,35335ef3b0cf66dd89b37c764d9f954f,5788736800549d463a3af53d75646b25678b34e17791a6e996b6be44cad60c76,c:\Windows\WinSxS\wow64_microsoft-windows-gdi-painting_31bf3856ad364e35_10.0.18362.207_none_d7c5c1d8e1e46484\mf3216.dll
127,mf3216.dll,45568,2,3284430008,2074-01-29T05:40:08.000Z,imports,gdi32.dll,SetWindowOrgEx,35335ef3b0cf66dd89b37c764d9f954f,5788736800549d463a3af53d75646b25678b34e17791a6e996b6be44cad60c76,c:\Windows\WinSxS\wow64_microsoft-windows-gdi-painting_31bf3856ad364e35_10.0.18362.207_none_d7c5c1d8e1e46484\mf3216.dll
128,mf3216.dll,45568,2,3284430008,2074-01-29T05:40:08.000Z,imports,gdi32.dll,SetWorldTransform,35335ef3b0cf66dd89b37c764d9f954f,5788736800549d463a3af53d75646b25678b34e17791a6e996b6be44cad60c76,c:\Windows\WinSxS\wow64_microsoft-windows-gdi-painting_31bf3856ad364e35_10.0.18362.207_none_d7c5c1d8e1e46484\mf3216.dll
129,mf3216.dll,45568,2,3284430008,2074-01-29T05:40:08.000Z,imports,gdi32.dll,StretchBlt,35335ef3b0cf66dd89b37c764d9f954f,5788736800549d463a3af53d75646b25678b34e17791a6e996b6be44cad60c76,c:\Windows\WinSxS\wow64_microsoft-windows-gdi-painting_31bf3856ad364e35_10.0.18362.207_none_d7c5c1d8e1e46484\mf3216.dll
130,mf3216.dll,45568,2,3284430008,2074-01-29T05:40:08.000Z,imports,gdi32.dll,StretchDIBits,35335ef3b0cf66dd89b37c764d9f954f,5788736800549d463a3af53d75646b25678b34e17791a6e996b6be44cad60c76,c:\Windows\WinSxS\wow64_microsoft-windows-gdi-painting_31bf3856ad364e35_10.0.18362.207_none_d7c5c1d8e1e46484\mf3216.dll
131,mf3216.dll,45568,2,3284430008,2074-01-29T05:40:08.000Z,imports,gdi32.dll,StrokeAndFillPath,35335ef3b0cf66dd89b37c764d9f954f,5788736800549d463a3af53d75646b25678b34e17791a6e996b6be44cad60c76,c:\Windows\WinSxS\wow64_microsoft-windows-gdi-painting_31bf3856ad364e35_10.0.18362.207_none_d7c5c1d8e1e46484\mf3216.dll
132,mf3216.dll,45568,2,3284430008,2074-01-29T05:40:08.000Z,imports,gdi32.dll,StrokePath,35335ef3b0cf66dd89b37c764d9f954f,5788736800549d463a3af53d75646b25678b34e17791a6e996b6be44cad60c76,c:\Windows\WinSxS\wow64_microsoft-windows-gdi-painting_31bf3856ad364e35_10.0.18362.207_none_d7c5c1d8e1e46484\mf3216.dll
133,mf3216.dll,45568,2,3284430008,2074-01-29T05:40:08.000Z,imports,gdi32.dll,TranslateCharsetInfo,35335ef3b0cf66dd89b37c764d9f954f,5788736800549d463a3af53d75646b25678b34e17791a6e996b6be44cad60c76,c:\Windows\WinSxS\wow64_microsoft-windows-gdi-painting_31bf3856ad364e35_10.0.18362.207_none_d7c5c1d8e1e46484\mf3216.dll
134,mf3216.dll,45568,2,3284430008,2074-01-29T05:40:08.000Z,imports,gdi32.dll,WidenPath,35335ef3b0cf66dd89b37c764d9f954f,5788736800549d463a3af53d75646b25678b34e17791a6e996b6be44cad60c76,c:\Windows\WinSxS\wow64_microsoft-windows-gdi-painting_31bf3856ad364e35_10.0.18362.207_none_d7c5c1d8e1e46484\mf3216.dll
135,mf3216.dll,45568,2,3284430008,2074-01-29T05:40:08.000Z,exports,mf3216.dll,ConvertEmfToWmf,35335ef3b0cf66dd89b37c764d9f954f,5788736800549d463a3af53d75646b25678b34e17791a6e996b6be44cad60c76,c:\Windows\WinSxS\wow64_microsoft-windows-gdi-painting_31bf3856ad364e35_10.0.18362.207_none_d7c5c1d8e1e46484\mf3216.dll
136,mf3216.dll,45568,2,3284430008,2074-01-29T05:40:08.000Z,exports,mf3216.dll,Mf3216DllInitialize,35335ef3b0cf66dd89b37c764d9f954f,5788736800549d463a3af53d75646b25678b34e17791a6e996b6be44cad60c76,c:\Windows\WinSxS\wow64_microsoft-windows-gdi-painting_31bf3856ad364e35_10.0.18362.207_none_d7c5c1d8e1e46484\mf3216.dll
