,col0,col1,col2,col3,col4,col5
0,com.google.javascript.jscomp.JSError#int#getCharno#?#200,0.7724782468578795,0.7798926305514886,1.552370877409368,charno>0,_
1,"com.google.javascript.jscomp.BasicErrorManager$LeveledJSErrorComparator#int#compare#?,ErrorWithLevel,ErrorWithLevel#178",0.7747252747252747,0.7733505404097435,1.5465763468613565,p1.error.description.compareTo(p2.error.description)==0,_
2,com.google.javascript.jscomp.DiagnosticType#int#hashCode#?#121,0.6202613533445465,0.7286821705426356,1.348943523887182,key.hashCode()>=0,_
3,"com.google.javascript.jscomp.ComposeWarningsGuard$GuardComparator#int#compare#?,WarningsGuard,WarningsGuard#69",0.455573505654281,0.6448748991121872,1.0995841848942227,orderOfAddition.get(b).intValue() - orderOfAddition.get(a).intValue()!=0,_
4,com.google.javascript.rhino.InputId#int#hashCode#?#61,0.5494345965770171,0.5494345965770171,1.0988691931540342,id.hashCode()!=0,_
5,"com.google.javascript.jscomp.JsMessageExtractor#Collection<JsMessage>#extractMessages#?,Iterable<JSSourceFile>#139",1.0,0.0,1.0,,_
6,"com.google.javascript.jscomp.SourceFile#String#getLine#?,int#244",0.99875,0.0,0.99875,,GT
7,"com.google.javascript.jscomp.JsMessageExtractor#?#JsMessageExtractor#?,JsMessage.IdGenerator,JsMessage.Style#59",0.9983340274885464,0.0,0.9983340274885464,,_
8,"com.google.javascript.jscomp.JsMessageExtractor$ExtractMessagesVisitor#?#ExtractMessagesVisitor#?,AbstractCompiler#74",0.9983340274885464,0.0,0.9983340274885464,,_
9,"com.google.javascript.jscomp.JsMessageExtractor#Collection<JsMessage>#extractMessages#?,JSSourceFile#100",0.9983340274885464,0.0,0.9983340274885464,,_
10,"com.google.javascript.jscomp.AbstractMessageFormatter$Color#?#Color#?,String#65",0.9979184013322232,0.0,0.9979184013322232,,_
11,"com.google.javascript.jscomp.RhinoErrorReporter$NewRhinoErrorReporter#com.google.javascript.jscomp.mozilla.rhino.EvaluatorException#runtimeError#?,String,String,int,String,int#166",0.9975031210986268,0.0,0.9975031210986268,,_
12,"com.google.javascript.jscomp.RhinoErrorReporter#void#error#?,String,String,int,String,int#120",0.9970881863560732,0.0,0.9970881863560732,,_
13,"com.google.javascript.jscomp.JsAst#void#parse#?,AbstractCompiler#98",0.9966735966735968,0.0,0.9966735966735968,,_
14,"com.google.javascript.jscomp.AbstractMessageFormatter#String#getLevelName#?,CheckLevel#75",0.9958454507685915,0.0,0.9958454507685915,,_
15,"com.google.javascript.jscomp.LightweightMessageFormatter#String#formatError#?,JSError#60",0.9958454507685915,0.0,0.9958454507685915,,_
16,"com.google.javascript.jscomp.JSError#JSError#make#?,String,int,int,CheckLevel,DiagnosticType,String#99",0.9954318936877076,0.0,0.9954318936877076,,_
17,"com.google.javascript.jscomp.RhinoErrorReporter#JSError#makeError#?,String,String,int,int,CheckLevel#136",0.9954318936877076,0.0,0.9954318936877076,,_
18,"com.google.javascript.jscomp.parsing.ParserRunner#Node#parse#?,StaticSourceFile,String,Config,ErrorReporter,Logger#135",0.994812201701598,0.0,0.994812201701598,,_
19,"com.google.javascript.jscomp.Compiler#String#getSourceLine#?,String,int#1904",0.9929577464788734,0.0,0.9929577464788734,,_
20,"com.google.javascript.jscomp.Compiler#SourceFile#getSourceFileByName#?,String#1891",0.992820654424962,0.0,0.992820654424962,,_
21,"com.google.javascript.jscomp.LightweightMessageFormatter#String#format#?,JSError,boolean#80",0.9911101922679346,0.0,0.9911101922679346,,_
22,com.google.javascript.jscomp.AbstractMessageFormatter#SourceExcerptProvider#getSource#?#44,0.9902912621359224,0.0,0.9902912621359224,,_
23,"com.google.javascript.jscomp.SourceExcerptProvider$SourceExcerpt#String#get#?,SourceExcerptProvider,String,int,ExcerptFormatter#36",0.9902912621359224,0.0,0.9902912621359224,,_
24,"com.google.javascript.jscomp.AbstractMessageFormatter#String#maybeColorize#?,String,Color#82",0.9902912621359224,0.0,0.9902912621359224,,_
25,"com.google.javascript.jscomp.LightweightMessageFormatter$LineNumberingFormatter#String#formatLine#?,String,int#125",0.9902912621359224,0.0,0.9902912621359224,,_
26,com.google.javascript.jscomp.CompilerInput#SourceFile#getSourceFile#?#137,0.9870967741935484,0.0,0.9870967741935484,,_
27,"com.google.javascript.jscomp.JsMessageVisitor#void#process#?,Node,Node#155",0.986013986013986,0.0,0.986013986013986,,_
28,"com.google.javascript.jscomp.JsMessageVisitor#void#visit#?,NodeTraversal,Node,Node#204",0.986013986013986,0.0,0.986013986013986,,_
29,"com.google.javascript.jscomp.JsMessageVisitor#?#JsMessageVisitor#?,AbstractCompiler,boolean,JsMessage.Style,JsMessage.IdGenerator#143",0.9854059609455292,0.0,0.9854059609455292,,_
30,"com.google.javascript.jscomp.BasicErrorManager#void#report#?,CheckLevel,JSError#48",0.9470564994073488,0.0,0.9470564994073488,,_
31,com.google.javascript.jscomp.WarningsGuard#int#getPriority#?#84,0.4555302166476625,0.4555302166476625,0.9110604332953248,Priority.DEFAULT.value>=0,_
32,com.google.javascript.jscomp.SuppressDocWarningsGuard#int#getPriority#?#94,0.4547524188958452,0.4547524188958452,0.9095048377916904,WarningsGuard.Priority.SUPPRESS_DOC.value>0,_
33,com.google.javascript.jscomp.Compiler#Config#getParserConfig#?#1768,0.8751369112814896,0.0,0.8751369112814896,,_
34,com.google.javascript.rhino.Node#int#getType#?#624,0.4273489035478695,0.4273489035478695,0.854697807095739,type>0,_
35,"com.google.javascript.jscomp.Compiler#void#initOptions#?,CompilerOptions#251",0.8528731542430171,0.0,0.8528731542430171,,_
36,"com.google.javascript.jscomp.CompilerOptions#boolean#disables#?,DiagnosticGroup#1008",0.8472958642629904,0.0,0.8472958642629904,,_
37,"com.google.javascript.jscomp.DiagnosticGroup#DiagnosticGroup#forType#?,DiagnosticType#75",0.8472958642629904,0.0,0.8472958642629904,,_
38,com.google.javascript.rhino.Node$AbstractPropListItem#int#getType#?#379,0.4230124415423983,0.4230124415423983,0.8460248830847965,propType>=0,_
39,"com.google.javascript.jscomp.DiagnosticGroup#boolean#isSubGroup#?,DiagnosticGroup#120",0.8423827095413811,0.0,0.8423827095413811,,_
40,"com.google.javascript.rhino.InputId#boolean#equals#?,Object#69",0.8013149097392467,0.0,0.8013149097392467,,_
41,"com.google.javascript.jscomp.BasicErrorManager#JSError[]#toArray#?,CheckLevel#108",0.7810361681329423,0.0,0.7810361681329423,,_
42,"com.google.javascript.jscomp.Compiler#void#report#?,JSError#1818",0.7734753146176186,0.0,0.7734753146176186,,_
43,"com.google.javascript.jscomp.BasicErrorManager$ErrorWithLevel#?#ErrorWithLevel#?,JSError,CheckLevel#188",0.7723537941034316,0.0,0.7723537941034316,,_
44,"com.google.javascript.jscomp.WarningsGuard#boolean#disables#?,DiagnosticGroup#95",0.6604215456674473,0.0,0.6604215456674473,,_
45,"com.google.javascript.jscomp.WarningsGuard#boolean#enables#?,DiagnosticGroup#106",0.6604215456674473,0.0,0.6604215456674473,,_
46,"com.google.javascript.jscomp.ComposeWarningsGuard#boolean#enables#?,DiagnosticGroup#149",0.6582452286145819,0.0,0.6582452286145819,,_
47,"com.google.javascript.jscomp.DiagnosticGroupWarningsGuard#boolean#disables#?,DiagnosticGroup#45",0.6447881640887694,0.0,0.6447881640887694,,_
48,"com.google.javascript.jscomp.DiagnosticGroupWarningsGuard#boolean#enables#?,DiagnosticGroup#58",0.6447881640887694,0.0,0.6447881640887694,,_
49,"com.google.javascript.jscomp.DiagnosticGroupWarningsGuard#CheckLevel#level#?,JSError#40",0.621064904780412,0.0,0.621064904780412,,_
50,"com.google.javascript.jscomp.DiagnosticGroup#boolean#matches#?,JSError#104",0.621064904780412,0.0,0.621064904780412,,_
51,com.google.javascript.jscomp.JSError#DiagnosticType#getType#?#165,0.621064904780412,0.0,0.621064904780412,,_
52,"com.google.javascript.jscomp.ComposeWarningsGuard#CheckLevel#level#?,JSError#112",0.6200206932229695,0.0,0.6200206932229695,,_
53,"com.google.javascript.jscomp.SuppressDocWarningsGuard#CheckLevel#level#?,JSError#87",0.6196200077549437,0.0,0.6196200077549437,,_
54,"com.google.javascript.jscomp.JSError#?#JSError#?,String,Node,int,int,DiagnosticType,CheckLevel,String#143",0.6182615424297137,0.0,0.6182615424297137,,_
55,"com.google.javascript.jscomp.Compiler#void#init#?,JSSourceFile[],JSSourceFile[],CompilerOptions#298",0.5837798343886994,0.0,0.5837798343886994,,_
56,com.google.javascript.jscomp.JsAst#SourceFile#getSourceFile#?#75,0.5495185694635488,0.0,0.5495185694635488,,_
57,com.google.javascript.jscomp.JSSourceFile#String#getCode#?#79,0.547843973792473,0.0,0.547843973792473,,_
58,com.google.javascript.jscomp.SourceFile#String#getCode#?#140,0.547843973792473,0.0,0.547843973792473,,_
59,"com.google.javascript.jscomp.LoggerErrorManager#?#LoggerErrorManager#?,MessageFormatter,Logger#39",0.5437223545423613,0.0,0.5437223545423613,,_
60,com.google.javascript.jscomp.Compiler#?#Compiler#?#184,0.5434757963949666,0.0,0.5434757963949666,,_
61,"com.google.javascript.jscomp.CompilerOptions#void#setWarningLevel#?,DiagnosticGroup,CheckLevel#1015",0.5398040761175542,0.0,0.5398040761175542,,_
62,"com.google.javascript.jscomp.CompilerOptions#void#addWarningsGuard#?,WarningsGuard#1041",0.5398040761175542,0.0,0.5398040761175542,,_
63,com.google.javascript.jscomp.CompilerOptions#boolean#shouldColorizeErrorOutput#?#1125,0.538833314600427,0.0,0.538833314600427,,_
64,com.google.javascript.jscomp.Compiler#MessageFormatter#createMessageFormatter#?#220,0.538833314600427,0.0,0.538833314600427,,_
65,"com.google.javascript.jscomp.AbstractMessageFormatter#void#setColorize#?,boolean#37",0.538833314600427,0.0,0.538833314600427,,_
66,"com.google.javascript.jscomp.Compiler#void#setErrorManager#?,ErrorManager#210",0.5387122148556017,0.0,0.5387122148556017,,_
67,"com.google.javascript.jscomp.AbstractMessageFormatter#?#AbstractMessageFormatter#?,SourceExcerptProvider#33",0.5385911695315133,0.0,0.5385911695315133,,_
68,"com.google.javascript.jscomp.ComposeWarningsGuard#?#ComposeWarningsGuard#?,WarningsGuard#83",0.5385911695315133,0.0,0.5385911695315133,,_
69,"com.google.javascript.jscomp.LightweightMessageFormatter#?#LightweightMessageFormatter#?,SourceExcerptProvider,SourceExcerpt#50",0.5385911695315133,0.0,0.5385911695315133,,_
70,com.google.javascript.jscomp.CompilerOptions#?#CompilerOptions#?#848,0.5385911695315133,0.0,0.5385911695315133,,_
71,"com.google.javascript.jscomp.LightweightMessageFormatter#?#LightweightMessageFormatter#?,SourceExcerptProvider#44",0.5385911695315133,0.0,0.5385911695315133,,_
72,"com.google.javascript.jscomp.Compiler#?#Compiler#?,PrintStream#193",0.5385306672657829,0.0,0.5385306672657829,,_
73,"com.google.javascript.jscomp.RhinoErrorReporter#?#RhinoErrorReporter#?,AbstractCompiler#74",0.5385306672657829,0.0,0.5385306672657829,,_
74,"com.google.javascript.jscomp.RhinoErrorReporter$NewRhinoErrorReporter#?#NewRhinoErrorReporter#?,AbstractCompiler#159",0.5385306672657829,0.0,0.5385306672657829,,_
75,"com.google.javascript.jscomp.RhinoErrorReporter#ErrorReporter#forOldRhino#?,AbstractCompiler#109",0.5385306672657829,0.0,0.5385306672657829,,_
76,"com.google.javascript.jscomp.RhinoErrorReporter#Pattern#replacePlaceHolders#?,String#70",0.5385306672657829,0.0,0.5385306672657829,,_
77,"com.google.javascript.jscomp.Compiler#void#addChangeHandler#?,CodeChangeHandler#1711",0.5385306672657829,0.0,0.5385306672657829,,_
78,"com.google.javascript.jscomp.RhinoErrorReporter$OldRhinoErrorReporter#?#OldRhinoErrorReporter#?,AbstractCompiler#144",0.5385306672657829,0.0,0.5385306672657829,,_
79,"com.google.javascript.jscomp.RhinoErrorReporter#com.google.javascript.jscomp.mozilla.rhino.ErrorReporter#forNewRhino#?,AbstractCompiler#105",0.5385306672657829,0.0,0.5385306672657829,,_
80,"com.google.javascript.jscomp.PassFactory#?#PassFactory#?,String,boolean#44",0.537685060565276,0.0,0.537685060565276,,_
81,"com.google.javascript.rhino.InputId#?#InputId#?,String#52",0.5332987244141204,0.0,0.5332987244141204,,_
82,"com.google.javascript.rhino.ScriptRuntime#String#getMessage0#?,String#422",0.5306619437679876,0.0,0.5306619437679876,,_
83,com.google.javascript.rhino.Context#Context#getCurrentContext#?#400,0.5302510784205287,0.0,0.5302510784205287,,_
84,"com.google.javascript.rhino.ScriptRuntime#String#getMessage#?,String,Object[]#465",0.5302510784205287,0.0,0.5302510784205287,,_
85,"com.google.javascript.jscomp.NodeTraversal$AbstractPostOrderCallback#boolean#shouldTraverse#?,NodeTraversal,Node,Node#133",0.4842424242424242,0.0,0.4842424242424242,,_
86,"com.google.javascript.jscomp.Compiler#void#init#?,List<JSSourceFile>,List<JSSourceFile>,CompilerOptions#309",0.4786819770344484,0.0,0.4786819770344484,,_
87,"com.google.javascript.jscomp.Compiler#void#initModules#?,List<JSSourceFile>,List<JSModule>,CompilerOptions#353",0.4785386304651628,0.0,0.4785386304651628,,_
88,"com.google.javascript.jscomp.Compiler#List<CompilerInput>#makeCompilerInput#?,List<JSSourceFile>,boolean#379",0.4781567923399162,0.0,0.4781567923399162,,_
89,com.google.javascript.jscomp.Compiler#void#initInputsByIdMap#?#468,0.4781567923399162,0.0,0.4781567923399162,,_
90,"com.google.javascript.jscomp.Compiler#void#checkFirstModule#?,List<JSModule>#397",0.4781567923399162,0.0,0.4781567923399162,,_
91,"com.google.javascript.jscomp.Compiler#void#fillEmptyModules#?,List<JSModule>#410",0.4781567923399162,0.0,0.4781567923399162,,_
92,com.google.javascript.jscomp.Compiler#void#initBasedOnOptions#?#367,0.4781567923399162,0.0,0.4781567923399162,,_
93,"com.google.javascript.jscomp.Compiler#List<CompilerInput>#getAllInputsFromModules#?,List<JSModule>#445",0.4781567923399162,0.0,0.4781567923399162,,_
94,"com.google.javascript.jscomp.JSModule#?#JSModule#?,String#64",0.4781091054153784,0.0,0.4781091054153784,,_
95,"com.google.javascript.jscomp.JSModule#void#add#?,JSSourceFile#94",0.4780614280015955,0.0,0.4780614280015955,,_
96,com.google.javascript.jscomp.JSModule#List<CompilerInput>#getInputs#?#194,0.4779661016949152,0.0,0.4779661016949152,,_
97,"com.google.javascript.jscomp.JSModule#void#add#?,CompilerInput#105",0.4779661016949152,0.0,0.4779661016949152,,_
98,"com.google.javascript.jscomp.CompilerInput#void#setModule#?,JSModule#313",0.4779661016949152,0.0,0.4779661016949152,,_
99,com.google.javascript.jscomp.CompilerInput#String#getName#?#105,0.4777755630855093,0.0,0.4777755630855093,,_
100,com.google.javascript.rhino.InputId#String#getIdName#?#56,0.4768251442212055,0.0,0.4768251442212055,,_
101,com.google.javascript.jscomp.Compiler#JSError[]#getErrors#?#905,0.4666147556939848,0.0,0.4666147556939848,,_
102,com.google.javascript.jscomp.BasicErrorManager#JSError[]#getErrors#?#86,0.4666147556939848,0.0,0.4666147556939848,,_
103,"com.google.javascript.jscomp.ComposeWarningsGuard#void#addGuard#?,WarningsGuard#89",0.4547524188958452,0.0,0.4547524188958452,,_
104,com.google.javascript.jscomp.CompilerOptions#WarningsGuard#getWarningsGuard#?#1019,0.4547524188958452,0.0,0.4547524188958452,,_
105,"com.google.javascript.jscomp.CompilerOptions#boolean#enables#?,DiagnosticGroup#1000",0.4547524188958452,0.0,0.4547524188958452,,_
106,com.google.javascript.jscomp.DiagnosticGroup#Collection<DiagnosticType>#getTypes#?#130,0.4547524188958452,0.0,0.4547524188958452,,_
107,"com.google.javascript.jscomp.SuppressDocWarningsGuard#?#SuppressDocWarningsGuard#?,Map<String,DiagnosticGroup>#43",0.4547524188958452,0.0,0.4547524188958452,,_
108,"com.google.javascript.jscomp.ComposeWarningsGuard#void#addGuards#?,Iterable<WarningsGuard>#99",0.4547524188958452,0.0,0.4547524188958452,,_
109,"com.google.javascript.jscomp.DiagnosticGroups#Map<String,DiagnosticGroup>#getRegisteredGroups#?#58",0.4547524188958452,0.0,0.4547524188958452,,_
110,"com.google.javascript.jscomp.DiagnosticGroupWarningsGuard#?#DiagnosticGroupWarningsGuard#?,DiagnosticGroup,CheckLevel#35",0.4547092857820355,0.0,0.4547092857820355,,_
111,com.google.javascript.jscomp.Compiler#DiagnosticGroups#getDiagnosticGroups#?#1804,0.4547092857820355,0.0,0.4547092857820355,,_
112,"com.google.javascript.jscomp.ComposeWarningsGuard$GuardComparator#?#GuardComparator#?,Map<WarningsGuard,Integer>#57",0.4546661608497724,0.0,0.4546661608497724,,_
113,"com.google.javascript.jscomp.ComposeWarningsGuard#?#ComposeWarningsGuard#?,List<WarningsGuard>#79",0.4546661608497724,0.0,0.4546661608497724,,_
114,com.google.javascript.jscomp.CompilerInput#InputId#getInputId#?#99,0.4487083489329839,0.0,0.4487083489329839,,_
115,com.google.javascript.jscomp.JsAst#InputId#getInputId#?#70,0.4486663547028544,0.0,0.4486663547028544,,_
116,"com.google.javascript.jscomp.CompilerInput#?#CompilerInput#?,SourceAst,InputId,boolean#84",0.4486663547028544,0.0,0.4486663547028544,,_
117,"com.google.javascript.jscomp.CompilerInput#?#CompilerInput#?,JSSourceFile#89",0.4486663547028544,0.0,0.4486663547028544,,_
118,"com.google.javascript.jscomp.CompilerInput#?#CompilerInput#?,JSSourceFile,boolean#93",0.4486663547028544,0.0,0.4486663547028544,,_
119,"com.google.javascript.jscomp.CompilerInput#?#CompilerInput#?,SourceAst,boolean#70",0.4486663547028544,0.0,0.4486663547028544,,_
120,"com.google.javascript.jscomp.SourceFile#void#setIsExtern#?,boolean#194",0.4486663547028544,0.0,0.4486663547028544,,_
121,"com.google.javascript.jscomp.DiagnosticGroup#boolean#matches#?,DiagnosticType#111",0.44741017265515626,0.0,0.44741017265515626,,_
122,"com.google.javascript.jscomp.DiagnosticType#boolean#equals#?,Object#115",0.4473266772417654,0.0,0.4473266772417654,,_
123,"com.google.javascript.jscomp.JsAst#Node#getAstRoot#?,AbstractCompiler#53",0.44715977987128064,0.0,0.44715977987128064,,_
124,com.google.javascript.jscomp.Compiler#boolean#acceptConstKeyword#?#1759,0.44715977987128064,0.0,0.44715977987128064,,_
125,com.google.javascript.jscomp.Compiler#ErrorReporter#getDefaultErrorReporter#?#1335,0.44715977987128064,0.0,0.44715977987128064,,_
126,"com.google.javascript.jscomp.NodeTraversal#void#traverseBranch#?,Node,Node#457",0.4470763778793248,0.0,0.4470763778793248,,_
127,"com.google.javascript.jscomp.NodeTraversal#String#getSourceName#?,Node#630",0.4470763778793248,0.0,0.4470763778793248,,_
128,"com.google.javascript.jscomp.JsAst#?#JsAst#?,SourceFile#45",0.4469513332090248,0.0,0.4469513332090248,,_
129,"com.google.javascript.jscomp.SourceFile#SourceFile#fromCode#?,String,String#321",0.4469096671949287,0.0,0.4469096671949287,,_
130,"com.google.javascript.jscomp.SourceFile#void#setOriginalPath#?,String#164",0.4469096671949287,0.0,0.4469096671949287,,_
131,"com.google.javascript.jscomp.SourceFile$Preloaded#?#Preloaded#?,String,String,String#367",0.4469096671949287,0.0,0.4469096671949287,,_
132,"com.google.javascript.jscomp.SourceFile#void#setCode#?,String#156",0.4469096671949287,0.0,0.4469096671949287,,_
133,"com.google.javascript.jscomp.JSSourceFile#JSSourceFile#fromCode#?,String,String#56",0.4469096671949287,0.0,0.4469096671949287,,_
134,"com.google.javascript.jscomp.SourceFile$Preloaded#?#Preloaded#?,String,String#362",0.4469096671949287,0.0,0.4469096671949287,,_
135,"com.google.javascript.jscomp.JSSourceFile#?#JSSourceFile#?,SourceFile#74",0.4469096671949287,0.0,0.4469096671949287,,_
136,"com.google.javascript.jscomp.SourceFile#?#SourceFile#?,String#90",0.4468680089485459,0.0,0.4468680089485459,,_
137,com.google.javascript.jscomp.SourceFile#String#getName#?#183,0.4468680089485459,0.0,0.4468680089485459,,_
138,com.google.javascript.jscomp.CompilerOptions#LanguageMode#getLanguageIn#?#1242,0.4467430807939614,0.0,0.4467430807939614,,_
139,com.google.javascript.jscomp.Compiler#boolean#isIdeMode#?#1740,0.4465766185374941,0.0,0.4465766185374941,,_
140,com.google.javascript.rhino.Node#InputId#getInputId#?#1266,0.4463687150837988,0.0,0.4463687150837988,,_
141,com.google.javascript.jscomp.NodeTraversal#void#popScope#?#567,0.4463271576203333,0.0,0.4463271576203333,,_
142,"com.google.javascript.jscomp.NodeUtil#InputId#getInputId#?,Node#2975",0.4463271576203333,0.0,0.4463271576203333,,_
143,"com.google.javascript.jscomp.NodeTraversal#void#traverse#?,AbstractCompiler,Node,Callback#436",0.4463271576203333,0.0,0.4463271576203333,,_
144,"com.google.javascript.jscomp.NodeTraversal#void#pushScope#?,Node#541",0.4463271576203333,0.0,0.4463271576203333,,_
145,"com.google.javascript.jscomp.NodeTraversal#void#traverse#?,Node#260",0.4463271576203333,0.0,0.4463271576203333,,_
146,"com.google.javascript.jscomp.NodeTraversal#?#NodeTraversal#?,AbstractCompiler,Callback#204",0.4462856078942469,0.0,0.4462856078942469,,_
147,"com.google.javascript.jscomp.NodeTraversal#?#NodeTraversal#?,AbstractCompiler,Callback,ScopeCreator#213",0.4462856078942469,0.0,0.4462856078942469,,_
148,"com.google.javascript.jscomp.SyntacticScopeCreator#?#SyntacticScopeCreator#?,AbstractCompiler#57",0.4462025316455696,0.0,0.4462025316455696,,_
149,"com.google.javascript.rhino.Node#PropListItem#lookupProperty#?,int#844",0.4433962264150944,0.0,0.4433962264150944,,_
150,com.google.javascript.jscomp.parsing.ParserRunner#void#initResourceConfig#?#78,0.4403416919261505,0.0,0.4403416919261505,,_
151,"com.google.javascript.jscomp.parsing.ParserRunner#Config#createConfig#?,boolean,LanguageMode,boolean,Set<String>#72",0.4389707902206757,0.0,0.4389707902206757,,_
152,"com.google.javascript.rhino.Node#void#setInputId#?,InputId#1259",0.43282773564463706,0.0,0.43282773564463706,,_
153,com.google.javascript.rhino.Node#String#getSourceFileName#?#1247,0.4316196992887368,0.0,0.4316196992887368,,_
154,com.google.javascript.rhino.Node#StaticSourceFile#getStaticSourceFile#?#1252,0.4315419929786659,0.0,0.4315419929786659,,_
155,"com.google.javascript.rhino.Node#Object#getProp#?,int#901",0.4311538807446713,0.0,0.4311538807446713,,_
156,com.google.javascript.rhino.Node$ObjectPropListItem#Object#getObjectValue#?#410,0.4311538807446713,0.0,0.4311538807446713,,_
157,com.google.javascript.rhino.Node#Node#getFirstChild#?#636,0.4285714285714286,0.0,0.4285714285714286,,_
158,"com.google.javascript.rhino.Node#void#putProp#?,int,Object#937",0.4283799481726388,0.0,0.4283799481726388,,_
159,"com.google.javascript.rhino.Node$ObjectPropListItem#?#ObjectPropListItem#?,int,Object,PropListItem#400",0.4283799481726388,0.0,0.4283799481726388,,_
160,"com.google.javascript.rhino.Node#PropListItem#createProp#?,int,Object,PropListItem#953",0.4283799481726388,0.0,0.4283799481726388,,_
161,"com.google.javascript.rhino.Node#PropListItem#removeProp#?,PropListItem,int#883",0.4256414809553404,0.0,0.4256414809553404,,_
162,"com.google.javascript.rhino.Node#void#setStaticSourceFile#?,StaticSourceFile#1237",0.4246235606731621,0.0,0.4246235606731621,,_
163,com.google.javascript.rhino.Node$AbstractPropListItem#PropListItem#getNext#?#384,0.4245107588771805,0.0,0.4245107588771805,,_
164,"com.google.javascript.jscomp.parsing.Config#Map<String,Annotation>#buildAnnotationNames#?,Set<String>#96",0.42447317159553744,0.0,0.42447317159553744,,_
165,"com.google.javascript.jscomp.parsing.Config#?#Config#?,Set<String>,Set<String>,boolean,LanguageMode,boolean#76",0.4242477876106195,0.0,0.4242477876106195,,_
166,"com.google.javascript.rhino.Node$AbstractPropListItem#?#AbstractPropListItem#?,int,PropListItem#373",0.4217842688720746,0.0,0.4217842688720746,,_
167,"com.google.javascript.rhino.Node#void#removeProp#?,int#865",0.4204156800841883,0.0,0.4204156800841883,,_
168,"com.google.javascript.rhino.Node#?#Node#?,int#457",0.4170146137787056,0.0,0.4170146137787056,,_
169,com.google.javascript.jscomp.ProcessTweaks$TweakFunction#String#getName#?#164,0.0,0.0,0.0,,_
170,"com.google.javascript.jscomp.DiagnosticType#DiagnosticType#error#?,String,String#54",0.0,0.0,0.0,,_
171,"com.google.javascript.rhino.jstype.ObjectType#String#createDelegateSuffix#?,String#222",0.0,0.0,0.0,,_
172,"com.google.javascript.jscomp.DiagnosticGroup#?#DiagnosticGroup#?,String,DiagnosticType#48",0.0,0.0,0.0,,_
173,"com.google.javascript.jscomp.DiagnosticType#DiagnosticType#make#?,String,CheckLevel,String#90",0.0,0.0,0.0,,_
174,"com.google.javascript.jscomp.DiagnosticGroups#DiagnosticGroup#registerGroup#?,String,DiagnosticGroup#51",0.0,0.0,0.0,,_
175,"com.google.javascript.jscomp.ProcessTweaks$TweakFunction#?#TweakFunction#?,String,TweakFunction#137",0.0,0.0,0.0,,_
176,"com.google.javascript.jscomp.DiagnosticGroup#?#DiagnosticGroup#?,String,DiagnosticGroup#95",0.0,0.0,0.0,,_
177,"com.google.javascript.jscomp.parsing.ParserRunner#Set<String>#extractList#?,String#92",0.0,0.0,0.0,,_
178,"com.google.javascript.jscomp.DiagnosticType#?#DiagnosticType#?,String,CheckLevel,MessageFormat#99",0.0,0.0,0.0,,_
179,"com.google.javascript.jscomp.DiagnosticType#DiagnosticType#disabled#?,String,String#77",0.0,0.0,0.0,,_
180,"com.google.javascript.jscomp.ProcessTweaks$TweakFunction#?#TweakFunction#?,String,String,int#128",0.0,0.0,0.0,,_
181,"com.google.javascript.jscomp.ComposeWarningsGuard#boolean#disables#?,DiagnosticGroup#132",0.0,0.0,0.0,,_
182,"com.google.javascript.jscomp.WarningsGuard$Priority#?#Priority#?,int#59",0.0,0.0,0.0,,_
183,"com.google.javascript.jscomp.DiagnosticGroup#?#DiagnosticGroup#?,DiagnosticType#55",0.0,0.0,0.0,,_
184,"com.google.javascript.jscomp.DiagnosticGroups#DiagnosticGroup#registerGroup#?,String,DiagnosticType#44",0.0,0.0,0.0,,_
185,"com.google.javascript.jscomp.ProcessTweaks$TweakFunction#?#TweakFunction#?,String,String,int,int#133",0.0,0.0,0.0,,_
186,"com.google.javascript.jscomp.DiagnosticType#DiagnosticType#warning#?,String,String#65",0.0,0.0,0.0,,_
187,"com.google.javascript.jscomp.ProcessTweaks$TweakFunction#?#TweakFunction#?,String#123",0.0,0.0,0.0,,_
188,"com.google.javascript.jscomp.ProcessTweaks$TweakFunction#?#TweakFunction#?,String,String,int,int,TweakFunction#147",0.0,0.0,0.0,,_
