,col0,col1,col2,col3,col4,col5,col6,col7,col8,col9,col10
0,2286,story,,,2,1,python_kiss,"Despite Yahoo's down year, Semel gets a big bonus",http://money.cnn.com/2007/03/02/technology/yahoo/index.htm?section=money_topstories,,1173074298
1,2285,comment,2260.0,2264.0,0,0,Harj,,,"I'm a current YC company founder and I'm 21.  I see the points pg makes in that essay you quote but I can't say I've let them apply to me personally.  I have someone working for our company at the moment who is  33, in fact I don't think I've ever worked with someone who is the same age or younger than me (my co founder is 23).  I've never had a problem with it personally, in fact I probably prefer it as I can generally learn more from more older than I am.<p>To make that situation work I think you need to believe strongly in two things:<p>1) Being a good leader does not mean being the smartest/most knowledgeable person in your company.  It means being able to spot the smartest people and make them work together and learn from each other.  That's not as simple as it sounds<p>2) You MUST believe 110% that age is a completely irrelevant metric when determining the ""smartness"" of a person.  I don't care if someone is 20 years older than I am - if they haven't done a start-up then that puts me ahead of them in respect to running a start up.  They may be an infinitely better coder/designer/whatever than I am but not a better startup founder.<p>The second reason is why I ditched my career as an attorney to be a start up founder.  I don't intend on letting my income be determined by the number of years I've been sitting behind a desk.",1173074240
2,2284,story,,,2,0,python_kiss,"UsedCardboardBoxes.com = $750,000 A Year",http://biznews.wordpress.com/2007/03/03/usedcardboardboxescom-750000-a-year/,,1173074128
3,2283,story,,,2,0,python_kiss,The Secret to Utilizing Social Media Sites (like Reddit),http://www.netbusinessblog.com/2007/03/03/the-secret-to-utilizing-all-social-media-sites/,,1173073570
4,2282,story,,,4,0,carefreeliving,17 Pithy Insights For Startup Founders,http://onstartups.com/home/tabid/3339/bid/126/17-Pithy-Insights-For-Startup-Founders.aspx,,1173072783
5,2281,comment,363.0,363.0,0,0,akkartik,,,Which page is this comment for?\n  http://news.ycombinator.com/comments?id=2028<p>Please add a link from a comment's permalink page to the page it was commenting on.,1173072471
6,2280,comment,2229.0,2272.0,0,0,Alex3917,,,"I agree with you on point one.<p>As for point two, I suppose you never know what each individual is thinking. However, the aggregated wisdom tends to be fairly stable over time for any given topic. <p>For example, if the topic of Apple comes up on Digg then I pretty much know what the comments are going to say without having to click on them. If one person posts an especially insightful comment, and others recognize it as such, then chances are someone else will repost that comment in future threads about Apple. More and more people come to believe whatever is said, until someone else comes up with a new paradigm for Apple worship. So the discourse evolves, but slowly and in predictable patterns. <p>Certainly any given individual's opinions are constantly in flux, but what matters isn't the ideas of each individual brings to the system, but rather the range of diversity and novelty of thought present in the system as a whole.",1173072098
7,2279,comment,2260.0,2261.0,0,0,aseemb,,,Eighteen...:D,1173071993
8,2278,story,,,3,0,brett,customer reviews online bias very positive,http://www.smartmoney.com/toughcustomer/index.cfm?story=march2007,,1173071626
9,2277,comment,2128.0,2231.0,0,0,Elfan,,,A Google employee and Pine contributer (Ryan Barrett) compared the two and gave his thoughts on the matter:<p>http://snarfed.org/space/gmail%20vs%20pine,1173071407
10,2276,story,,,2,0,python_kiss,The Secrets to becoming an E-commerce Mogul,http://www.netbusinessblog.com/2007/03/04/ecommerce/,,1173071284
11,2275,story,,,1,0,ereldon,The patent office opens up to the web!?,http://www.washingtonpost.com/wp-dyn/content/article/2007/03/04/AR2007030401263.html?nav=rss_email/components,,1173071191
12,2274,comment,2229.0,2270.0,0,0,wyday,,,"OpenOffice is an open-sourced MS Office look-alike. Does this mean that OpenOffice v3.0 will have to copy Office 2007's ""ribbon"" design? OpenOffice could instead take this opportunity, a time where MS alienates its existing users with a radical design, to formulate a unique design that increases OO's market share paralleling the IE vs. Firefox browser ""war.""",1173071098
