,col0,col1,col2,col3
0,<4767079.1075840339827.JavaMail.evans@thyme>,dennis.brown@enron.com,2001-07-05 05:19:04,Power traderPST Good Morning I am very interested in this position I would like to know more Power Trader hr real time Job ID Department ENA EAST POWER SERVICE DE Company WHOLESALE RETAIL COMM NORTH AMERICA Regards Dennis Brown ext 
1,<29496629.1075840340061.JavaMail.evans@thyme>,dennis.brown@enron.com,2001-06-11 13:44:22,Power Trader PST Mr Baughman I am highly interested in this position I have limited knowledge of the power industry through exposure to underwriting notional pricing commodity structuring and my risk mgmt groups My best qualifying strength highly aggressive professional personality Please call to discuss Regards Dennis Brown ext 
2,<13826649.1075855147806.JavaMail.evans@thyme>,dennis.brown@enron.com,2001-07-05 05:19:04,Power traderGood Morning I am very interested in this position I would like to know more Power Trader hr real time Job ID Department ENA EAST POWER SERVICE DE Company WHOLESALE RETAIL COMM NORTH AMERICA Regards Dennis Brown ext 
3,<28779244.1075855147232.JavaMail.evans@thyme>,dennis.brown@enron.com,2001-06-11 13:44:22,Power Trader Mr Baughman I am highly interested in this position I have limited knowledge of the power industry through exposure to underwriting notional pricing commodity structuring and my risk mgmt groups My best qualifying strength highly aggressive professional personality Please call to discuss Regards Dennis Brown ext 
4,<2009241.1075853932811.JavaMail.evans@thyme>,dennis.brown@enron.com,2000-02-02 09:56:00,what account am I to use for thatother income that Laynie and yourself set up for me thanks
5,<17540895.1075853934794.JavaMail.evans@thyme>,dennis.brown@enron.com,2000-02-02 09:56:00,what account am I to use for thatother income that Laynie and yourself set up for me thanks
