,col0,col1,col2,col3,col4,col5,col6,col7,col8,col9,col10
0,Windows.Cortana.PAL.Desktop.dll,147456,3,1469778072,2016-07-29T07:41:12.000Z,imports,msvcrt.dll,??0exception@@QEAA@XZ,9d1698a1ce1fdf608c620db0e446a900,99b2bedb872ab71e7335d1b403e6d56a834a35b65cae9de542cef8089ec71775,c:\Windows\System32\Windows.Cortana.PAL.Desktop.dll
1,Windows.Cortana.PAL.Desktop.dll,147456,3,1469778072,2016-07-29T07:41:12.000Z,imports,msvcrt.dll,??1exception@@UEAA@XZ,9d1698a1ce1fdf608c620db0e446a900,99b2bedb872ab71e7335d1b403e6d56a834a35b65cae9de542cef8089ec71775,c:\Windows\System32\Windows.Cortana.PAL.Desktop.dll
2,Windows.Cortana.PAL.Desktop.dll,147456,3,1469778072,2016-07-29T07:41:12.000Z,imports,msvcrt.dll,??1type_info@@UEAA@XZ,9d1698a1ce1fdf608c620db0e446a900,99b2bedb872ab71e7335d1b403e6d56a834a35b65cae9de542cef8089ec71775,c:\Windows\System32\Windows.Cortana.PAL.Desktop.dll
3,Windows.Cortana.PAL.Desktop.dll,147456,3,1469778072,2016-07-29T07:41:12.000Z,imports,msvcrt.dll,?terminate@@YAXXZ,9d1698a1ce1fdf608c620db0e446a900,99b2bedb872ab71e7335d1b403e6d56a834a35b65cae9de542cef8089ec71775,c:\Windows\System32\Windows.Cortana.PAL.Desktop.dll
4,Windows.Cortana.PAL.Desktop.dll,147456,3,1469778072,2016-07-29T07:41:12.000Z,imports,msvcrt.dll,_CxxThrowException,9d1698a1ce1fdf608c620db0e446a900,99b2bedb872ab71e7335d1b403e6d56a834a35b65cae9de542cef8089ec71775,c:\Windows\System32\Windows.Cortana.PAL.Desktop.dll
5,Windows.Cortana.PAL.Desktop.dll,147456,3,1469778072,2016-07-29T07:41:12.000Z,imports,msvcrt.dll,_XcptFilter,9d1698a1ce1fdf608c620db0e446a900,99b2bedb872ab71e7335d1b403e6d56a834a35b65cae9de542cef8089ec71775,c:\Windows\System32\Windows.Cortana.PAL.Desktop.dll
6,Windows.Cortana.PAL.Desktop.dll,147456,3,1469778072,2016-07-29T07:41:12.000Z,imports,msvcrt.dll,__C_specific_handler,9d1698a1ce1fdf608c620db0e446a900,99b2bedb872ab71e7335d1b403e6d56a834a35b65cae9de542cef8089ec71775,c:\Windows\System32\Windows.Cortana.PAL.Desktop.dll
7,Windows.Cortana.PAL.Desktop.dll,147456,3,1469778072,2016-07-29T07:41:12.000Z,imports,msvcrt.dll,__CxxFrameHandler3,9d1698a1ce1fdf608c620db0e446a900,99b2bedb872ab71e7335d1b403e6d56a834a35b65cae9de542cef8089ec71775,c:\Windows\System32\Windows.Cortana.PAL.Desktop.dll
8,Windows.Cortana.PAL.Desktop.dll,147456,3,1469778072,2016-07-29T07:41:12.000Z,imports,msvcrt.dll,__dllonexit,9d1698a1ce1fdf608c620db0e446a900,99b2bedb872ab71e7335d1b403e6d56a834a35b65cae9de542cef8089ec71775,c:\Windows\System32\Windows.Cortana.PAL.Desktop.dll
9,Windows.Cortana.PAL.Desktop.dll,147456,3,1469778072,2016-07-29T07:41:12.000Z,imports,msvcrt.dll,_amsg_exit,9d1698a1ce1fdf608c620db0e446a900,99b2bedb872ab71e7335d1b403e6d56a834a35b65cae9de542cef8089ec71775,c:\Windows\System32\Windows.Cortana.PAL.Desktop.dll
10,Windows.Cortana.PAL.Desktop.dll,147456,3,1469778072,2016-07-29T07:41:12.000Z,imports,msvcrt.dll,_callnewh,9d1698a1ce1fdf608c620db0e446a900,99b2bedb872ab71e7335d1b403e6d56a834a35b65cae9de542cef8089ec71775,c:\Windows\System32\Windows.Cortana.PAL.Desktop.dll
11,Windows.Cortana.PAL.Desktop.dll,147456,3,1469778072,2016-07-29T07:41:12.000Z,imports,msvcrt.dll,_initterm,9d1698a1ce1fdf608c620db0e446a900,99b2bedb872ab71e7335d1b403e6d56a834a35b65cae9de542cef8089ec71775,c:\Windows\System32\Windows.Cortana.PAL.Desktop.dll
12,Windows.Cortana.PAL.Desktop.dll,147456,3,1469778072,2016-07-29T07:41:12.000Z,imports,msvcrt.dll,_lock,9d1698a1ce1fdf608c620db0e446a900,99b2bedb872ab71e7335d1b403e6d56a834a35b65cae9de542cef8089ec71775,c:\Windows\System32\Windows.Cortana.PAL.Desktop.dll
13,Windows.Cortana.PAL.Desktop.dll,147456,3,1469778072,2016-07-29T07:41:12.000Z,imports,msvcrt.dll,_onexit,9d1698a1ce1fdf608c620db0e446a900,99b2bedb872ab71e7335d1b403e6d56a834a35b65cae9de542cef8089ec71775,c:\Windows\System32\Windows.Cortana.PAL.Desktop.dll
14,Windows.Cortana.PAL.Desktop.dll,147456,3,1469778072,2016-07-29T07:41:12.000Z,imports,msvcrt.dll,_purecall,9d1698a1ce1fdf608c620db0e446a900,99b2bedb872ab71e7335d1b403e6d56a834a35b65cae9de542cef8089ec71775,c:\Windows\System32\Windows.Cortana.PAL.Desktop.dll
15,Windows.Cortana.PAL.Desktop.dll,147456,3,1469778072,2016-07-29T07:41:12.000Z,imports,msvcrt.dll,_unlock,9d1698a1ce1fdf608c620db0e446a900,99b2bedb872ab71e7335d1b403e6d56a834a35b65cae9de542cef8089ec71775,c:\Windows\System32\Windows.Cortana.PAL.Desktop.dll
16,Windows.Cortana.PAL.Desktop.dll,147456,3,1469778072,2016-07-29T07:41:12.000Z,imports,msvcrt.dll,_vsnprintf_s,9d1698a1ce1fdf608c620db0e446a900,99b2bedb872ab71e7335d1b403e6d56a834a35b65cae9de542cef8089ec71775,c:\Windows\System32\Windows.Cortana.PAL.Desktop.dll
17,Windows.Cortana.PAL.Desktop.dll,147456,3,1469778072,2016-07-29T07:41:12.000Z,imports,msvcrt.dll,_vsnwprintf,9d1698a1ce1fdf608c620db0e446a900,99b2bedb872ab71e7335d1b403e6d56a834a35b65cae9de542cef8089ec71775,c:\Windows\System32\Windows.Cortana.PAL.Desktop.dll
18,Windows.Cortana.PAL.Desktop.dll,147456,3,1469778072,2016-07-29T07:41:12.000Z,imports,msvcrt.dll,_wcsicmp,9d1698a1ce1fdf608c620db0e446a900,99b2bedb872ab71e7335d1b403e6d56a834a35b65cae9de542cef8089ec71775,c:\Windows\System32\Windows.Cortana.PAL.Desktop.dll
19,Windows.Cortana.PAL.Desktop.dll,147456,3,1469778072,2016-07-29T07:41:12.000Z,imports,msvcrt.dll,free,9d1698a1ce1fdf608c620db0e446a900,99b2bedb872ab71e7335d1b403e6d56a834a35b65cae9de542cef8089ec71775,c:\Windows\System32\Windows.Cortana.PAL.Desktop.dll
20,Windows.Cortana.PAL.Desktop.dll,147456,3,1469778072,2016-07-29T07:41:12.000Z,imports,msvcrt.dll,malloc,9d1698a1ce1fdf608c620db0e446a900,99b2bedb872ab71e7335d1b403e6d56a834a35b65cae9de542cef8089ec71775,c:\Windows\System32\Windows.Cortana.PAL.Desktop.dll
21,Windows.Cortana.PAL.Desktop.dll,147456,3,1469778072,2016-07-29T07:41:12.000Z,imports,msvcrt.dll,memcmp,9d1698a1ce1fdf608c620db0e446a900,99b2bedb872ab71e7335d1b403e6d56a834a35b65cae9de542cef8089ec71775,c:\Windows\System32\Windows.Cortana.PAL.Desktop.dll
22,Windows.Cortana.PAL.Desktop.dll,147456,3,1469778072,2016-07-29T07:41:12.000Z,imports,msvcrt.dll,memcpy,9d1698a1ce1fdf608c620db0e446a900,99b2bedb872ab71e7335d1b403e6d56a834a35b65cae9de542cef8089ec71775,c:\Windows\System32\Windows.Cortana.PAL.Desktop.dll
23,Windows.Cortana.PAL.Desktop.dll,147456,3,1469778072,2016-07-29T07:41:12.000Z,imports,msvcrt.dll,memcpy_s,9d1698a1ce1fdf608c620db0e446a900,99b2bedb872ab71e7335d1b403e6d56a834a35b65cae9de542cef8089ec71775,c:\Windows\System32\Windows.Cortana.PAL.Desktop.dll
24,Windows.Cortana.PAL.Desktop.dll,147456,3,1469778072,2016-07-29T07:41:12.000Z,imports,msvcrt.dll,memmove,9d1698a1ce1fdf608c620db0e446a900,99b2bedb872ab71e7335d1b403e6d56a834a35b65cae9de542cef8089ec71775,c:\Windows\System32\Windows.Cortana.PAL.Desktop.dll
25,Windows.Cortana.PAL.Desktop.dll,147456,3,1469778072,2016-07-29T07:41:12.000Z,imports,msvcrt.dll,memmove_s,9d1698a1ce1fdf608c620db0e446a900,99b2bedb872ab71e7335d1b403e6d56a834a35b65cae9de542cef8089ec71775,c:\Windows\System32\Windows.Cortana.PAL.Desktop.dll
26,Windows.Cortana.PAL.Desktop.dll,147456,3,1469778072,2016-07-29T07:41:12.000Z,imports,msvcrt.dll,memset,9d1698a1ce1fdf608c620db0e446a900,99b2bedb872ab71e7335d1b403e6d56a834a35b65cae9de542cef8089ec71775,c:\Windows\System32\Windows.Cortana.PAL.Desktop.dll
27,Windows.Cortana.PAL.Desktop.dll,147456,3,1469778072,2016-07-29T07:41:12.000Z,imports,api-ms-win-core-libraryloader-l1-2-0.dll,DisableThreadLibraryCalls,9d1698a1ce1fdf608c620db0e446a900,99b2bedb872ab71e7335d1b403e6d56a834a35b65cae9de542cef8089ec71775,c:\Windows\System32\Windows.Cortana.PAL.Desktop.dll
28,Windows.Cortana.PAL.Desktop.dll,147456,3,1469778072,2016-07-29T07:41:12.000Z,imports,api-ms-win-core-libraryloader-l1-2-0.dll,GetModuleFileNameA,9d1698a1ce1fdf608c620db0e446a900,99b2bedb872ab71e7335d1b403e6d56a834a35b65cae9de542cef8089ec71775,c:\Windows\System32\Windows.Cortana.PAL.Desktop.dll
29,Windows.Cortana.PAL.Desktop.dll,147456,3,1469778072,2016-07-29T07:41:12.000Z,imports,api-ms-win-core-libraryloader-l1-2-0.dll,GetModuleHandleExW,9d1698a1ce1fdf608c620db0e446a900,99b2bedb872ab71e7335d1b403e6d56a834a35b65cae9de542cef8089ec71775,c:\Windows\System32\Windows.Cortana.PAL.Desktop.dll
30,Windows.Cortana.PAL.Desktop.dll,147456,3,1469778072,2016-07-29T07:41:12.000Z,imports,api-ms-win-core-libraryloader-l1-2-0.dll,GetModuleHandleW,9d1698a1ce1fdf608c620db0e446a900,99b2bedb872ab71e7335d1b403e6d56a834a35b65cae9de542cef8089ec71775,c:\Windows\System32\Windows.Cortana.PAL.Desktop.dll
31,Windows.Cortana.PAL.Desktop.dll,147456,3,1469778072,2016-07-29T07:41:12.000Z,imports,api-ms-win-core-libraryloader-l1-2-0.dll,GetProcAddress,9d1698a1ce1fdf608c620db0e446a900,99b2bedb872ab71e7335d1b403e6d56a834a35b65cae9de542cef8089ec71775,c:\Windows\System32\Windows.Cortana.PAL.Desktop.dll
32,Windows.Cortana.PAL.Desktop.dll,147456,3,1469778072,2016-07-29T07:41:12.000Z,imports,api-ms-win-core-synch-l1-1-0.dll,AcquireSRWLockExclusive,9d1698a1ce1fdf608c620db0e446a900,99b2bedb872ab71e7335d1b403e6d56a834a35b65cae9de542cef8089ec71775,c:\Windows\System32\Windows.Cortana.PAL.Desktop.dll
33,Windows.Cortana.PAL.Desktop.dll,147456,3,1469778072,2016-07-29T07:41:12.000Z,imports,api-ms-win-core-synch-l1-1-0.dll,AcquireSRWLockShared,9d1698a1ce1fdf608c620db0e446a900,99b2bedb872ab71e7335d1b403e6d56a834a35b65cae9de542cef8089ec71775,c:\Windows\System32\Windows.Cortana.PAL.Desktop.dll
34,Windows.Cortana.PAL.Desktop.dll,147456,3,1469778072,2016-07-29T07:41:12.000Z,imports,api-ms-win-core-synch-l1-1-0.dll,CreateMutexExW,9d1698a1ce1fdf608c620db0e446a900,99b2bedb872ab71e7335d1b403e6d56a834a35b65cae9de542cef8089ec71775,c:\Windows\System32\Windows.Cortana.PAL.Desktop.dll
35,Windows.Cortana.PAL.Desktop.dll,147456,3,1469778072,2016-07-29T07:41:12.000Z,imports,api-ms-win-core-synch-l1-1-0.dll,CreateSemaphoreExW,9d1698a1ce1fdf608c620db0e446a900,99b2bedb872ab71e7335d1b403e6d56a834a35b65cae9de542cef8089ec71775,c:\Windows\System32\Windows.Cortana.PAL.Desktop.dll
36,Windows.Cortana.PAL.Desktop.dll,147456,3,1469778072,2016-07-29T07:41:12.000Z,imports,api-ms-win-core-synch-l1-1-0.dll,DeleteCriticalSection,9d1698a1ce1fdf608c620db0e446a900,99b2bedb872ab71e7335d1b403e6d56a834a35b65cae9de542cef8089ec71775,c:\Windows\System32\Windows.Cortana.PAL.Desktop.dll
37,Windows.Cortana.PAL.Desktop.dll,147456,3,1469778072,2016-07-29T07:41:12.000Z,imports,api-ms-win-core-synch-l1-1-0.dll,EnterCriticalSection,9d1698a1ce1fdf608c620db0e446a900,99b2bedb872ab71e7335d1b403e6d56a834a35b65cae9de542cef8089ec71775,c:\Windows\System32\Windows.Cortana.PAL.Desktop.dll
38,Windows.Cortana.PAL.Desktop.dll,147456,3,1469778072,2016-07-29T07:41:12.000Z,imports,api-ms-win-core-synch-l1-1-0.dll,InitializeCriticalSectionEx,9d1698a1ce1fdf608c620db0e446a900,99b2bedb872ab71e7335d1b403e6d56a834a35b65cae9de542cef8089ec71775,c:\Windows\System32\Windows.Cortana.PAL.Desktop.dll
39,Windows.Cortana.PAL.Desktop.dll,147456,3,1469778072,2016-07-29T07:41:12.000Z,imports,api-ms-win-core-synch-l1-1-0.dll,InitializeSRWLock,9d1698a1ce1fdf608c620db0e446a900,99b2bedb872ab71e7335d1b403e6d56a834a35b65cae9de542cef8089ec71775,c:\Windows\System32\Windows.Cortana.PAL.Desktop.dll
40,Windows.Cortana.PAL.Desktop.dll,147456,3,1469778072,2016-07-29T07:41:12.000Z,imports,api-ms-win-core-synch-l1-1-0.dll,LeaveCriticalSection,9d1698a1ce1fdf608c620db0e446a900,99b2bedb872ab71e7335d1b403e6d56a834a35b65cae9de542cef8089ec71775,c:\Windows\System32\Windows.Cortana.PAL.Desktop.dll
41,Windows.Cortana.PAL.Desktop.dll,147456,3,1469778072,2016-07-29T07:41:12.000Z,imports,api-ms-win-core-synch-l1-1-0.dll,OpenSemaphoreW,9d1698a1ce1fdf608c620db0e446a900,99b2bedb872ab71e7335d1b403e6d56a834a35b65cae9de542cef8089ec71775,c:\Windows\System32\Windows.Cortana.PAL.Desktop.dll
42,Windows.Cortana.PAL.Desktop.dll,147456,3,1469778072,2016-07-29T07:41:12.000Z,imports,api-ms-win-core-synch-l1-1-0.dll,ReleaseMutex,9d1698a1ce1fdf608c620db0e446a900,99b2bedb872ab71e7335d1b403e6d56a834a35b65cae9de542cef8089ec71775,c:\Windows\System32\Windows.Cortana.PAL.Desktop.dll
43,Windows.Cortana.PAL.Desktop.dll,147456,3,1469778072,2016-07-29T07:41:12.000Z,imports,api-ms-win-core-synch-l1-1-0.dll,ReleaseSRWLockExclusive,9d1698a1ce1fdf608c620db0e446a900,99b2bedb872ab71e7335d1b403e6d56a834a35b65cae9de542cef8089ec71775,c:\Windows\System32\Windows.Cortana.PAL.Desktop.dll
44,Windows.Cortana.PAL.Desktop.dll,147456,3,1469778072,2016-07-29T07:41:12.000Z,imports,api-ms-win-core-synch-l1-1-0.dll,ReleaseSRWLockShared,9d1698a1ce1fdf608c620db0e446a900,99b2bedb872ab71e7335d1b403e6d56a834a35b65cae9de542cef8089ec71775,c:\Windows\System32\Windows.Cortana.PAL.Desktop.dll
45,Windows.Cortana.PAL.Desktop.dll,147456,3,1469778072,2016-07-29T07:41:12.000Z,imports,api-ms-win-core-synch-l1-1-0.dll,ReleaseSemaphore,9d1698a1ce1fdf608c620db0e446a900,99b2bedb872ab71e7335d1b403e6d56a834a35b65cae9de542cef8089ec71775,c:\Windows\System32\Windows.Cortana.PAL.Desktop.dll
46,Windows.Cortana.PAL.Desktop.dll,147456,3,1469778072,2016-07-29T07:41:12.000Z,imports,api-ms-win-core-synch-l1-1-0.dll,WaitForSingleObject,9d1698a1ce1fdf608c620db0e446a900,99b2bedb872ab71e7335d1b403e6d56a834a35b65cae9de542cef8089ec71775,c:\Windows\System32\Windows.Cortana.PAL.Desktop.dll
47,Windows.Cortana.PAL.Desktop.dll,147456,3,1469778072,2016-07-29T07:41:12.000Z,imports,api-ms-win-core-synch-l1-1-0.dll,WaitForSingleObjectEx,9d1698a1ce1fdf608c620db0e446a900,99b2bedb872ab71e7335d1b403e6d56a834a35b65cae9de542cef8089ec71775,c:\Windows\System32\Windows.Cortana.PAL.Desktop.dll
48,Windows.Cortana.PAL.Desktop.dll,147456,3,1469778072,2016-07-29T07:41:12.000Z,imports,api-ms-win-core-heap-l1-1-0.dll,GetProcessHeap,9d1698a1ce1fdf608c620db0e446a900,99b2bedb872ab71e7335d1b403e6d56a834a35b65cae9de542cef8089ec71775,c:\Windows\System32\Windows.Cortana.PAL.Desktop.dll
49,Windows.Cortana.PAL.Desktop.dll,147456,3,1469778072,2016-07-29T07:41:12.000Z,imports,api-ms-win-core-heap-l1-1-0.dll,HeapAlloc,9d1698a1ce1fdf608c620db0e446a900,99b2bedb872ab71e7335d1b403e6d56a834a35b65cae9de542cef8089ec71775,c:\Windows\System32\Windows.Cortana.PAL.Desktop.dll
50,Windows.Cortana.PAL.Desktop.dll,147456,3,1469778072,2016-07-29T07:41:12.000Z,imports,api-ms-win-core-heap-l1-1-0.dll,HeapFree,9d1698a1ce1fdf608c620db0e446a900,99b2bedb872ab71e7335d1b403e6d56a834a35b65cae9de542cef8089ec71775,c:\Windows\System32\Windows.Cortana.PAL.Desktop.dll
51,Windows.Cortana.PAL.Desktop.dll,147456,3,1469778072,2016-07-29T07:41:12.000Z,imports,api-ms-win-core-errorhandling-l1-1-0.dll,GetLastError,9d1698a1ce1fdf608c620db0e446a900,99b2bedb872ab71e7335d1b403e6d56a834a35b65cae9de542cef8089ec71775,c:\Windows\System32\Windows.Cortana.PAL.Desktop.dll
52,Windows.Cortana.PAL.Desktop.dll,147456,3,1469778072,2016-07-29T07:41:12.000Z,imports,api-ms-win-core-errorhandling-l1-1-0.dll,RaiseException,9d1698a1ce1fdf608c620db0e446a900,99b2bedb872ab71e7335d1b403e6d56a834a35b65cae9de542cef8089ec71775,c:\Windows\System32\Windows.Cortana.PAL.Desktop.dll
53,Windows.Cortana.PAL.Desktop.dll,147456,3,1469778072,2016-07-29T07:41:12.000Z,imports,api-ms-win-core-errorhandling-l1-1-0.dll,SetLastError,9d1698a1ce1fdf608c620db0e446a900,99b2bedb872ab71e7335d1b403e6d56a834a35b65cae9de542cef8089ec71775,c:\Windows\System32\Windows.Cortana.PAL.Desktop.dll
54,Windows.Cortana.PAL.Desktop.dll,147456,3,1469778072,2016-07-29T07:41:12.000Z,imports,api-ms-win-core-errorhandling-l1-1-0.dll,SetUnhandledExceptionFilter,9d1698a1ce1fdf608c620db0e446a900,99b2bedb872ab71e7335d1b403e6d56a834a35b65cae9de542cef8089ec71775,c:\Windows\System32\Windows.Cortana.PAL.Desktop.dll
55,Windows.Cortana.PAL.Desktop.dll,147456,3,1469778072,2016-07-29T07:41:12.000Z,imports,api-ms-win-core-errorhandling-l1-1-0.dll,UnhandledExceptionFilter,9d1698a1ce1fdf608c620db0e446a900,99b2bedb872ab71e7335d1b403e6d56a834a35b65cae9de542cef8089ec71775,c:\Windows\System32\Windows.Cortana.PAL.Desktop.dll
56,Windows.Cortana.PAL.Desktop.dll,147456,3,1469778072,2016-07-29T07:41:12.000Z,imports,api-ms-win-core-processthreads-l1-1-0.dll,GetCurrentProcess,9d1698a1ce1fdf608c620db0e446a900,99b2bedb872ab71e7335d1b403e6d56a834a35b65cae9de542cef8089ec71775,c:\Windows\System32\Windows.Cortana.PAL.Desktop.dll
57,Windows.Cortana.PAL.Desktop.dll,147456,3,1469778072,2016-07-29T07:41:12.000Z,imports,api-ms-win-core-processthreads-l1-1-0.dll,GetCurrentProcessId,9d1698a1ce1fdf608c620db0e446a900,99b2bedb872ab71e7335d1b403e6d56a834a35b65cae9de542cef8089ec71775,c:\Windows\System32\Windows.Cortana.PAL.Desktop.dll
58,Windows.Cortana.PAL.Desktop.dll,147456,3,1469778072,2016-07-29T07:41:12.000Z,imports,api-ms-win-core-processthreads-l1-1-0.dll,GetCurrentThreadId,9d1698a1ce1fdf608c620db0e446a900,99b2bedb872ab71e7335d1b403e6d56a834a35b65cae9de542cef8089ec71775,c:\Windows\System32\Windows.Cortana.PAL.Desktop.dll
59,Windows.Cortana.PAL.Desktop.dll,147456,3,1469778072,2016-07-29T07:41:12.000Z,imports,api-ms-win-core-processthreads-l1-1-0.dll,TerminateProcess,9d1698a1ce1fdf608c620db0e446a900,99b2bedb872ab71e7335d1b403e6d56a834a35b65cae9de542cef8089ec71775,c:\Windows\System32\Windows.Cortana.PAL.Desktop.dll
60,Windows.Cortana.PAL.Desktop.dll,147456,3,1469778072,2016-07-29T07:41:12.000Z,imports,api-ms-win-core-localization-l1-2-0.dll,FormatMessageW,9d1698a1ce1fdf608c620db0e446a900,99b2bedb872ab71e7335d1b403e6d56a834a35b65cae9de542cef8089ec71775,c:\Windows\System32\Windows.Cortana.PAL.Desktop.dll
61,Windows.Cortana.PAL.Desktop.dll,147456,3,1469778072,2016-07-29T07:41:12.000Z,imports,api-ms-win-core-debug-l1-1-0.dll,DebugBreak,9d1698a1ce1fdf608c620db0e446a900,99b2bedb872ab71e7335d1b403e6d56a834a35b65cae9de542cef8089ec71775,c:\Windows\System32\Windows.Cortana.PAL.Desktop.dll
62,Windows.Cortana.PAL.Desktop.dll,147456,3,1469778072,2016-07-29T07:41:12.000Z,imports,api-ms-win-core-debug-l1-1-0.dll,IsDebuggerPresent,9d1698a1ce1fdf608c620db0e446a900,99b2bedb872ab71e7335d1b403e6d56a834a35b65cae9de542cef8089ec71775,c:\Windows\System32\Windows.Cortana.PAL.Desktop.dll
63,Windows.Cortana.PAL.Desktop.dll,147456,3,1469778072,2016-07-29T07:41:12.000Z,imports,api-ms-win-core-debug-l1-1-0.dll,OutputDebugStringW,9d1698a1ce1fdf608c620db0e446a900,99b2bedb872ab71e7335d1b403e6d56a834a35b65cae9de542cef8089ec71775,c:\Windows\System32\Windows.Cortana.PAL.Desktop.dll
64,Windows.Cortana.PAL.Desktop.dll,147456,3,1469778072,2016-07-29T07:41:12.000Z,imports,api-ms-win-core-handle-l1-1-0.dll,CloseHandle,9d1698a1ce1fdf608c620db0e446a900,99b2bedb872ab71e7335d1b403e6d56a834a35b65cae9de542cef8089ec71775,c:\Windows\System32\Windows.Cortana.PAL.Desktop.dll
65,Windows.Cortana.PAL.Desktop.dll,147456,3,1469778072,2016-07-29T07:41:12.000Z,imports,rpcrt4.dll,UuidToStringW,9d1698a1ce1fdf608c620db0e446a900,99b2bedb872ab71e7335d1b403e6d56a834a35b65cae9de542cef8089ec71775,c:\Windows\System32\Windows.Cortana.PAL.Desktop.dll
66,Windows.Cortana.PAL.Desktop.dll,147456,3,1469778072,2016-07-29T07:41:12.000Z,imports,api-ms-win-core-registry-l1-1-0.dll,RegCloseKey,9d1698a1ce1fdf608c620db0e446a900,99b2bedb872ab71e7335d1b403e6d56a834a35b65cae9de542cef8089ec71775,c:\Windows\System32\Windows.Cortana.PAL.Desktop.dll
67,Windows.Cortana.PAL.Desktop.dll,147456,3,1469778072,2016-07-29T07:41:12.000Z,imports,api-ms-win-core-registry-l1-1-0.dll,RegCreateKeyExW,9d1698a1ce1fdf608c620db0e446a900,99b2bedb872ab71e7335d1b403e6d56a834a35b65cae9de542cef8089ec71775,c:\Windows\System32\Windows.Cortana.PAL.Desktop.dll
68,Windows.Cortana.PAL.Desktop.dll,147456,3,1469778072,2016-07-29T07:41:12.000Z,imports,api-ms-win-core-registry-l1-1-0.dll,RegOpenKeyExW,9d1698a1ce1fdf608c620db0e446a900,99b2bedb872ab71e7335d1b403e6d56a834a35b65cae9de542cef8089ec71775,c:\Windows\System32\Windows.Cortana.PAL.Desktop.dll
69,Windows.Cortana.PAL.Desktop.dll,147456,3,1469778072,2016-07-29T07:41:12.000Z,imports,api-ms-win-core-registry-l1-1-0.dll,RegQueryValueExW,9d1698a1ce1fdf608c620db0e446a900,99b2bedb872ab71e7335d1b403e6d56a834a35b65cae9de542cef8089ec71775,c:\Windows\System32\Windows.Cortana.PAL.Desktop.dll
70,Windows.Cortana.PAL.Desktop.dll,147456,3,1469778072,2016-07-29T07:41:12.000Z,imports,api-ms-win-core-registry-l1-1-0.dll,RegSetValueExW,9d1698a1ce1fdf608c620db0e446a900,99b2bedb872ab71e7335d1b403e6d56a834a35b65cae9de542cef8089ec71775,c:\Windows\System32\Windows.Cortana.PAL.Desktop.dll
71,Windows.Cortana.PAL.Desktop.dll,147456,3,1469778072,2016-07-29T07:41:12.000Z,imports,api-ms-win-core-threadpool-l1-2-0.dll,CloseThreadpoolTimer,9d1698a1ce1fdf608c620db0e446a900,99b2bedb872ab71e7335d1b403e6d56a834a35b65cae9de542cef8089ec71775,c:\Windows\System32\Windows.Cortana.PAL.Desktop.dll
72,Windows.Cortana.PAL.Desktop.dll,147456,3,1469778072,2016-07-29T07:41:12.000Z,imports,api-ms-win-core-threadpool-l1-2-0.dll,CreateThreadpoolTimer,9d1698a1ce1fdf608c620db0e446a900,99b2bedb872ab71e7335d1b403e6d56a834a35b65cae9de542cef8089ec71775,c:\Windows\System32\Windows.Cortana.PAL.Desktop.dll
73,Windows.Cortana.PAL.Desktop.dll,147456,3,1469778072,2016-07-29T07:41:12.000Z,imports,api-ms-win-core-threadpool-l1-2-0.dll,SetThreadpoolTimer,9d1698a1ce1fdf608c620db0e446a900,99b2bedb872ab71e7335d1b403e6d56a834a35b65cae9de542cef8089ec71775,c:\Windows\System32\Windows.Cortana.PAL.Desktop.dll
74,Windows.Cortana.PAL.Desktop.dll,147456,3,1469778072,2016-07-29T07:41:12.000Z,imports,api-ms-win-core-threadpool-l1-2-0.dll,WaitForThreadpoolTimerCallbacks,9d1698a1ce1fdf608c620db0e446a900,99b2bedb872ab71e7335d1b403e6d56a834a35b65cae9de542cef8089ec71775,c:\Windows\System32\Windows.Cortana.PAL.Desktop.dll
75,Windows.Cortana.PAL.Desktop.dll,147456,3,1469778072,2016-07-29T07:41:12.000Z,imports,api-ms-win-core-winrt-error-l1-1-0.dll,RoOriginateError,9d1698a1ce1fdf608c620db0e446a900,99b2bedb872ab71e7335d1b403e6d56a834a35b65cae9de542cef8089ec71775,c:\Windows\System32\Windows.Cortana.PAL.Desktop.dll
76,Windows.Cortana.PAL.Desktop.dll,147456,3,1469778072,2016-07-29T07:41:12.000Z,imports,api-ms-win-core-winrt-error-l1-1-0.dll,RoOriginateErrorW,9d1698a1ce1fdf608c620db0e446a900,99b2bedb872ab71e7335d1b403e6d56a834a35b65cae9de542cef8089ec71775,c:\Windows\System32\Windows.Cortana.PAL.Desktop.dll
77,Windows.Cortana.PAL.Desktop.dll,147456,3,1469778072,2016-07-29T07:41:12.000Z,imports,api-ms-win-eventing-provider-l1-1-0.dll,EventActivityIdControl,9d1698a1ce1fdf608c620db0e446a900,99b2bedb872ab71e7335d1b403e6d56a834a35b65cae9de542cef8089ec71775,c:\Windows\System32\Windows.Cortana.PAL.Desktop.dll
78,Windows.Cortana.PAL.Desktop.dll,147456,3,1469778072,2016-07-29T07:41:12.000Z,imports,api-ms-win-eventing-provider-l1-1-0.dll,EventRegister,9d1698a1ce1fdf608c620db0e446a900,99b2bedb872ab71e7335d1b403e6d56a834a35b65cae9de542cef8089ec71775,c:\Windows\System32\Windows.Cortana.PAL.Desktop.dll
79,Windows.Cortana.PAL.Desktop.dll,147456,3,1469778072,2016-07-29T07:41:12.000Z,imports,api-ms-win-eventing-provider-l1-1-0.dll,EventSetInformation,9d1698a1ce1fdf608c620db0e446a900,99b2bedb872ab71e7335d1b403e6d56a834a35b65cae9de542cef8089ec71775,c:\Windows\System32\Windows.Cortana.PAL.Desktop.dll
80,Windows.Cortana.PAL.Desktop.dll,147456,3,1469778072,2016-07-29T07:41:12.000Z,imports,api-ms-win-eventing-provider-l1-1-0.dll,EventUnregister,9d1698a1ce1fdf608c620db0e446a900,99b2bedb872ab71e7335d1b403e6d56a834a35b65cae9de542cef8089ec71775,c:\Windows\System32\Windows.Cortana.PAL.Desktop.dll
81,Windows.Cortana.PAL.Desktop.dll,147456,3,1469778072,2016-07-29T07:41:12.000Z,imports,api-ms-win-eventing-provider-l1-1-0.dll,EventWriteTransfer,9d1698a1ce1fdf608c620db0e446a900,99b2bedb872ab71e7335d1b403e6d56a834a35b65cae9de542cef8089ec71775,c:\Windows\System32\Windows.Cortana.PAL.Desktop.dll
82,Windows.Cortana.PAL.Desktop.dll,147456,3,1469778072,2016-07-29T07:41:12.000Z,imports,api-ms-win-core-sysinfo-l1-1-0.dll,GetSystemTimeAsFileTime,9d1698a1ce1fdf608c620db0e446a900,99b2bedb872ab71e7335d1b403e6d56a834a35b65cae9de542cef8089ec71775,c:\Windows\System32\Windows.Cortana.PAL.Desktop.dll
83,Windows.Cortana.PAL.Desktop.dll,147456,3,1469778072,2016-07-29T07:41:12.000Z,imports,api-ms-win-core-sysinfo-l1-1-0.dll,GetTickCount,9d1698a1ce1fdf608c620db0e446a900,99b2bedb872ab71e7335d1b403e6d56a834a35b65cae9de542cef8089ec71775,c:\Windows\System32\Windows.Cortana.PAL.Desktop.dll
84,Windows.Cortana.PAL.Desktop.dll,147456,3,1469778072,2016-07-29T07:41:12.000Z,imports,api-ms-win-core-sysinfo-l1-1-0.dll,GetTickCount64,9d1698a1ce1fdf608c620db0e446a900,99b2bedb872ab71e7335d1b403e6d56a834a35b65cae9de542cef8089ec71775,c:\Windows\System32\Windows.Cortana.PAL.Desktop.dll
85,Windows.Cortana.PAL.Desktop.dll,147456,3,1469778072,2016-07-29T07:41:12.000Z,imports,api-ms-win-core-sysinfo-l1-1-0.dll,GetVersionExW,9d1698a1ce1fdf608c620db0e446a900,99b2bedb872ab71e7335d1b403e6d56a834a35b65cae9de542cef8089ec71775,c:\Windows\System32\Windows.Cortana.PAL.Desktop.dll
86,Windows.Cortana.PAL.Desktop.dll,147456,3,1469778072,2016-07-29T07:41:12.000Z,imports,ntdll.dll,NtPowerInformation,9d1698a1ce1fdf608c620db0e446a900,99b2bedb872ab71e7335d1b403e6d56a834a35b65cae9de542cef8089ec71775,c:\Windows\System32\Windows.Cortana.PAL.Desktop.dll
87,Windows.Cortana.PAL.Desktop.dll,147456,3,1469778072,2016-07-29T07:41:12.000Z,imports,ntdll.dll,NtQueryWnfStateData,9d1698a1ce1fdf608c620db0e446a900,99b2bedb872ab71e7335d1b403e6d56a834a35b65cae9de542cef8089ec71775,c:\Windows\System32\Windows.Cortana.PAL.Desktop.dll
88,Windows.Cortana.PAL.Desktop.dll,147456,3,1469778072,2016-07-29T07:41:12.000Z,imports,ntdll.dll,RtlPublishWnfStateData,9d1698a1ce1fdf608c620db0e446a900,99b2bedb872ab71e7335d1b403e6d56a834a35b65cae9de542cef8089ec71775,c:\Windows\System32\Windows.Cortana.PAL.Desktop.dll
89,Windows.Cortana.PAL.Desktop.dll,147456,3,1469778072,2016-07-29T07:41:12.000Z,imports,api-ms-win-core-synch-l1-2-0.dll,InitOnceBeginInitialize,9d1698a1ce1fdf608c620db0e446a900,99b2bedb872ab71e7335d1b403e6d56a834a35b65cae9de542cef8089ec71775,c:\Windows\System32\Windows.Cortana.PAL.Desktop.dll
90,Windows.Cortana.PAL.Desktop.dll,147456,3,1469778072,2016-07-29T07:41:12.000Z,imports,api-ms-win-core-synch-l1-2-0.dll,InitOnceComplete,9d1698a1ce1fdf608c620db0e446a900,99b2bedb872ab71e7335d1b403e6d56a834a35b65cae9de542cef8089ec71775,c:\Windows\System32\Windows.Cortana.PAL.Desktop.dll
91,Windows.Cortana.PAL.Desktop.dll,147456,3,1469778072,2016-07-29T07:41:12.000Z,imports,api-ms-win-core-synch-l1-2-0.dll,Sleep,9d1698a1ce1fdf608c620db0e446a900,99b2bedb872ab71e7335d1b403e6d56a834a35b65cae9de542cef8089ec71775,c:\Windows\System32\Windows.Cortana.PAL.Desktop.dll
92,Windows.Cortana.PAL.Desktop.dll,147456,3,1469778072,2016-07-29T07:41:12.000Z,imports,api-ms-win-core-synch-l1-2-0.dll,SleepConditionVariableSRW,9d1698a1ce1fdf608c620db0e446a900,99b2bedb872ab71e7335d1b403e6d56a834a35b65cae9de542cef8089ec71775,c:\Windows\System32\Windows.Cortana.PAL.Desktop.dll
93,Windows.Cortana.PAL.Desktop.dll,147456,3,1469778072,2016-07-29T07:41:12.000Z,imports,api-ms-win-core-synch-l1-2-0.dll,WakeAllConditionVariable,9d1698a1ce1fdf608c620db0e446a900,99b2bedb872ab71e7335d1b403e6d56a834a35b65cae9de542cef8089ec71775,c:\Windows\System32\Windows.Cortana.PAL.Desktop.dll
94,Windows.Cortana.PAL.Desktop.dll,147456,3,1469778072,2016-07-29T07:41:12.000Z,imports,api-ms-win-core-winrt-l1-1-0.dll,RoGetActivationFactory,9d1698a1ce1fdf608c620db0e446a900,99b2bedb872ab71e7335d1b403e6d56a834a35b65cae9de542cef8089ec71775,c:\Windows\System32\Windows.Cortana.PAL.Desktop.dll
95,Windows.Cortana.PAL.Desktop.dll,147456,3,1469778072,2016-07-29T07:41:12.000Z,imports,api-ms-win-core-util-l1-1-0.dll,DecodePointer,9d1698a1ce1fdf608c620db0e446a900,99b2bedb872ab71e7335d1b403e6d56a834a35b65cae9de542cef8089ec71775,c:\Windows\System32\Windows.Cortana.PAL.Desktop.dll
96,Windows.Cortana.PAL.Desktop.dll,147456,3,1469778072,2016-07-29T07:41:12.000Z,imports,api-ms-win-core-util-l1-1-0.dll,EncodePointer,9d1698a1ce1fdf608c620db0e446a900,99b2bedb872ab71e7335d1b403e6d56a834a35b65cae9de542cef8089ec71775,c:\Windows\System32\Windows.Cortana.PAL.Desktop.dll
97,Windows.Cortana.PAL.Desktop.dll,147456,3,1469778072,2016-07-29T07:41:12.000Z,imports,api-ms-win-core-rtlsupport-l1-1-0.dll,RtlCaptureContext,9d1698a1ce1fdf608c620db0e446a900,99b2bedb872ab71e7335d1b403e6d56a834a35b65cae9de542cef8089ec71775,c:\Windows\System32\Windows.Cortana.PAL.Desktop.dll
98,Windows.Cortana.PAL.Desktop.dll,147456,3,1469778072,2016-07-29T07:41:12.000Z,imports,api-ms-win-core-rtlsupport-l1-1-0.dll,RtlLookupFunctionEntry,9d1698a1ce1fdf608c620db0e446a900,99b2bedb872ab71e7335d1b403e6d56a834a35b65cae9de542cef8089ec71775,c:\Windows\System32\Windows.Cortana.PAL.Desktop.dll
99,Windows.Cortana.PAL.Desktop.dll,147456,3,1469778072,2016-07-29T07:41:12.000Z,imports,api-ms-win-core-rtlsupport-l1-1-0.dll,RtlVirtualUnwind,9d1698a1ce1fdf608c620db0e446a900,99b2bedb872ab71e7335d1b403e6d56a834a35b65cae9de542cef8089ec71775,c:\Windows\System32\Windows.Cortana.PAL.Desktop.dll
100,Windows.Cortana.PAL.Desktop.dll,147456,3,1469778072,2016-07-29T07:41:12.000Z,imports,api-ms-win-core-profile-l1-1-0.dll,QueryPerformanceCounter,9d1698a1ce1fdf608c620db0e446a900,99b2bedb872ab71e7335d1b403e6d56a834a35b65cae9de542cef8089ec71775,c:\Windows\System32\Windows.Cortana.PAL.Desktop.dll
101,Windows.Cortana.PAL.Desktop.dll,147456,3,1469778072,2016-07-29T07:41:12.000Z,imports,api-ms-win-core-delayload-l1-1-1.dll,ResolveDelayLoadedAPI,9d1698a1ce1fdf608c620db0e446a900,99b2bedb872ab71e7335d1b403e6d56a834a35b65cae9de542cef8089ec71775,c:\Windows\System32\Windows.Cortana.PAL.Desktop.dll
102,Windows.Cortana.PAL.Desktop.dll,147456,3,1469778072,2016-07-29T07:41:12.000Z,imports,api-ms-win-core-delayload-l1-1-0.dll,DelayLoadFailureHook,9d1698a1ce1fdf608c620db0e446a900,99b2bedb872ab71e7335d1b403e6d56a834a35b65cae9de542cef8089ec71775,c:\Windows\System32\Windows.Cortana.PAL.Desktop.dll
103,Windows.Cortana.PAL.Desktop.dll,147456,3,1469778072,2016-07-29T07:41:12.000Z,exports,Windows.Cortana.PAL.Desktop.dll,DllCanUnloadNow,9d1698a1ce1fdf608c620db0e446a900,99b2bedb872ab71e7335d1b403e6d56a834a35b65cae9de542cef8089ec71775,c:\Windows\System32\Windows.Cortana.PAL.Desktop.dll
104,Windows.Cortana.PAL.Desktop.dll,147456,3,1469778072,2016-07-29T07:41:12.000Z,exports,Windows.Cortana.PAL.Desktop.dll,DllGetActivationFactory,9d1698a1ce1fdf608c620db0e446a900,99b2bedb872ab71e7335d1b403e6d56a834a35b65cae9de542cef8089ec71775,c:\Windows\System32\Windows.Cortana.PAL.Desktop.dll
105,Windows.Cortana.PAL.Desktop.dll,147456,3,1469778072,2016-07-29T07:41:12.000Z,exports,Windows.Cortana.PAL.Desktop.dll,DllGetClassObject,9d1698a1ce1fdf608c620db0e446a900,99b2bedb872ab71e7335d1b403e6d56a834a35b65cae9de542cef8089ec71775,c:\Windows\System32\Windows.Cortana.PAL.Desktop.dll
