,col0,col1,col2,col3,col4,col5,col6,col7
0,access_project_phase,project.phase,model_project_phase,project.group_project_user,1,1,1,0
1,access_project_user_allocation,project.user.allocation,model_project_user_allocation,project.group_project_user,1,0,0,0
2,access_project_phase_manager,project.phase manager,model_project_phase,project.group_project_manager,1,1,1,1
3,access_project_user_allocation_manager,project.user.allocation manager,model_project_user_allocation,project.group_project_manager,1,1,1,1
4,access_resource_resource_user,user.user user,resource.model_resource_resource,project.group_project_user,1,0,0,0
5,access_resource_calendar_leaves_user,user.calendar.leaves user,resource.model_resource_calendar_leaves,project.group_project_user,1,1,1,1
6,access_resource_resource_manager,user.user manager,resource.model_resource_resource,project.group_project_manager,1,1,1,1
7,access_project_user_allocation_manager,project.user.allocation.manager,model_project_user_allocation,project.group_project_manager,1,1,1,1
8,access_project_resource_calendar_attendance,resource.calendar.attendance,resource.model_resource_calendar_attendance,project.group_project_manager,1,0,0,0
