,col0,col1,col2,col3,col4
0,Duplicate Abstraction,Cocktail.Tests.Helpers,EntityManagerProviderFactory,D:\research\architectureSmells\repos\IdeaBlade_Punch\Test Projects\Cocktail.Tests\Helpers\EntityManagerProviderFactory.cs,The tool detected the smell in this class because a set of code clones has been found and at least one of the clones found in this class. List of code clones with start and end line numbers are:  EntityManagerProviderFactory (D:\research\architectureSmells\repos\IdeaBlade_Punch\Test Projects\Cocktail.Tests\Helpers\EntityManagerProviderFactory.cs' [1' 22])' TestEntityManagerDelegate (D:\research\architectureSmells\repos\IdeaBlade_Punch\Test Projects\Cocktail.Tests\Helpers\TestEntityManagerDelegate.cs' [1' 22])
1,Unnecessary Abstraction,Cocktail.Tests.Helpers,GenericExport<T>,D:\research\architectureSmells\repos\IdeaBlade_Punch\Test Projects\Cocktail.Tests\Helpers\GenericExport.cs,The tool detected the smell in this class because the class contains only a few data members without any method implementation' that indicates that the abstraction might not be required. Following fields and properties are declared in this class: 
2,Unnecessary Abstraction,Cocktail.Tests.Helpers,GenericExportWithTypeAndContractName<T>,D:\research\architectureSmells\repos\IdeaBlade_Punch\Test Projects\Cocktail.Tests\Helpers\GenericExport.cs,The tool detected the smell in this class because the class contains only a few data members without any method implementation' that indicates that the abstraction might not be required. Following fields and properties are declared in this class: 
3,Unnecessary Abstraction,Cocktail.Tests.Helpers,NonSharedObject,D:\research\architectureSmells\repos\IdeaBlade_Punch\Test Projects\Cocktail.Tests\Helpers\NonSharedObject.cs,The tool detected the smell in this class because the class contains only a few data members without any method implementation' that indicates that the abstraction might not be required. Following fields and properties are declared in this class: 
4,Unnecessary Abstraction,Cocktail.Tests.Helpers,SharedObject,D:\research\architectureSmells\repos\IdeaBlade_Punch\Test Projects\Cocktail.Tests\Helpers\SharedObject.cs,The tool detected the smell in this class because the class contains only a few data members without any method implementation' that indicates that the abstraction might not be required. Following fields and properties are declared in this class: 
5,Duplicate Abstraction,Cocktail.Tests.Helpers,SharedObject,D:\research\architectureSmells\repos\IdeaBlade_Punch\Test Projects\Cocktail.Tests\Helpers\SharedObject.cs,The tool detected the smell in this class because a set of code clones has been found and at least one of the clones found in this class. List of code clones with start and end line numbers are:  SharedObject (D:\research\architectureSmells\repos\IdeaBlade_Punch\Test Projects\Cocktail.Tests\Helpers\SharedObject.cs' [1' 20])' SyncInterceptor (D:\research\architectureSmells\repos\IdeaBlade_Punch\Test Projects\Cocktail.Tests\Helpers\SyncInterceptor.cs' [1' 20])
6,Unnecessary Abstraction,Cocktail.Tests.Helpers,IMessage,D:\research\architectureSmells\repos\IdeaBlade_Punch\Test Projects\Cocktail.Tests\Helpers\TestEventHandler.cs,The tool detected the smell in this class because the class contains only a few data members without any method implementation' that indicates that the abstraction might not be required. Following fields and properties are declared in this class: 
7,Unnecessary Abstraction,Cocktail.Tests.Helpers,TestMessage,D:\research\architectureSmells\repos\IdeaBlade_Punch\Test Projects\Cocktail.Tests\Helpers\TestEventHandler.cs,The tool detected the smell in this class because the class contains only a few data members without any method implementation' that indicates that the abstraction might not be required. Following fields and properties are declared in this class: 
8,Unutilized Abstraction,Cocktail.Tests.Helpers,ViewModelLocator,D:\research\architectureSmells\repos\IdeaBlade_Punch\Test Projects\Cocktail.Tests\Helpers\ViewModelLocator.cs,The tool detected the smell in this class because this class is potentially unused.   (Please ignore the smell if the reported class is auto-generated and/or used to serve a specific known purpose.)
9,Deficient Encapsulation,Cocktail.Tests.Helpers,TestEntityManagerDelegate,D:\research\architectureSmells\repos\IdeaBlade_Punch\Test Projects\Cocktail.Tests\Helpers\TestEntityManagerDelegate.cs,The tool detected the smell in this class because the class exposes fields belonging to it with public accessibility. Following fields are declared with public accessiblity: QueryingRaised' QueriedRaised' FetchingRaised' SavingRaised' SavedRaised' EntityChangingRaised' EntityChangedRaised' ClearedRaised
10,Insufficient Modularization,Cocktail.Tests,UnitOfWork,D:\research\architectureSmells\repos\IdeaBlade_Punch\Test Projects\Cocktail.Tests\UnitOfWork.cs,The tool detected the smell in this class becuase the class has bloated interface (large number of public methods). Total public methods in the class: 26 public methods
11,Broken Hierarchy,Cocktail.Tests,BusyWatcherUnitTests,D:\research\architectureSmells\repos\IdeaBlade_Punch\Test Projects\Cocktail.Tests\BusyWatcherUnitTests.cs,The tool detected a potential instance of the smell because this type does not implement or override any method from it's supertype(s): Cocktail.Tests.Helpers.CocktailTestBase
12,Unfactored Hierarchy,Cocktail.Tests,CompositionUnitTests,D:\research\architectureSmells\repos\IdeaBlade_Punch\Test Projects\Cocktail.Tests\CompositionUnitTests.cs,The tool detected the smell because a set of code clones has been found where at least one pair of classes belong to the same inheritance hierarchy. List of classes with start and end line numbers where clones has been found are:  CompositionUnitTests (D:\research\architectureSmells\repos\IdeaBlade_Punch\Test Projects\Cocktail.Tests\CompositionUnitTests.cs' [1' 29])' OnlineUnitTests (D:\research\architectureSmells\repos\IdeaBlade_Punch\Test Projects\Cocktail.Tests\OnlineUnitTests.cs' [1' 29])
13,Broken Hierarchy,Cocktail.Tests,CompositionUnitTests,D:\research\architectureSmells\repos\IdeaBlade_Punch\Test Projects\Cocktail.Tests\CompositionUnitTests.cs,The tool detected a potential instance of the smell because this type does not implement or override any method from it's supertype(s): Cocktail.Tests.Helpers.CocktailTestBase
14,Unfactored Hierarchy,Cocktail.Tests,EventHandlerUnitTests,D:\research\architectureSmells\repos\IdeaBlade_Punch\Test Projects\Cocktail.Tests\EventHandlerUnitTests.cs,The tool detected the smell because a set of code clones has been found where at least one pair of classes belong to the same inheritance hierarchy. List of classes with start and end line numbers where clones has been found are:  EventHandlerUnitTests (D:\research\architectureSmells\repos\IdeaBlade_Punch\Test Projects\Cocktail.Tests\EventHandlerUnitTests.cs' [1' 25])' LogFnsTests (D:\research\architectureSmells\repos\IdeaBlade_Punch\Test Projects\Cocktail.Tests\LogFnsTests.cs' [1' 25])
15,Broken Hierarchy,Cocktail.Tests,EventHandlerUnitTests,D:\research\architectureSmells\repos\IdeaBlade_Punch\Test Projects\Cocktail.Tests\EventHandlerUnitTests.cs,The tool detected a potential instance of the smell because this type does not implement or override any method from it's supertype(s): Cocktail.Tests.Helpers.CocktailTestBase
16,Broken Hierarchy,Cocktail.Tests,LogFnsTests,D:\research\architectureSmells\repos\IdeaBlade_Punch\Test Projects\Cocktail.Tests\LogFnsTests.cs,The tool detected a potential instance of the smell because this type does not implement or override any method from it's supertype(s): Cocktail.Tests.Helpers.CocktailTestBase
17,Broken Hierarchy,Cocktail.Tests,OnlineUnitTests,D:\research\architectureSmells\repos\IdeaBlade_Punch\Test Projects\Cocktail.Tests\OnlineUnitTests.cs,The tool detected a potential instance of the smell because this type does not implement or override any method from it's supertype(s): Cocktail.Tests.Helpers.CocktailTestBase
18,Broken Hierarchy,Cocktail.Tests,UnitOfWork,D:\research\architectureSmells\repos\IdeaBlade_Punch\Test Projects\Cocktail.Tests\UnitOfWork.cs,The tool detected a potential instance of the smell because this type does not implement or override any method from it's supertype(s): Cocktail.Tests.Helpers.CocktailTestBase
