,col0,col1,col2,col3,col4,col5
0,"org.joda.time.format.DateTimeParserBucket$SavedField#int#compareTo#?,SavedField#488",0.6831300510639733,0.7337993857053429,0.6932639179922473,"compareReverse(iField.getDurationField(),other.getDurationField())<0",_
1,"org.joda.time.chrono.GJChronology#long#getDateTimeMillis#?,int,int,int,int#338",0.641688947919748,0.641688947919748,0.641688947919748,!(instant < iCutoverMillis),_
2,"org.joda.time.chrono.BasicChronology#int#getWeekOfWeekyear#?,long,int#518",0.5516772843673704,0.5516772843673704,0.5516772843673704,getWeeksInYear(year - 1)>=0,_
3,"org.joda.time.LocalDate#int#get#?,DateTimeFieldType#496",0.5516772843673704,0.5516772843673704,0.5516772843673704,fieldType.getField(getChronology()).get(getLocalMillis())>0,_
4,org.joda.time.LocalDate#String#toString#?#1735,0.6831300510639733,0.0,0.5465040408511787,,_
5,"org.joda.time.LocalDate#boolean#isSupported#?,DateTimeFieldType#512",0.5091750772173156,0.5091750772173156,0.4948779629958772,DATE_DURATION_TYPES.contains(durType) || durType.getField(getChronology()).getUnitMillis() >= getChronology().days().getUnitMillis(),_
6,"org.joda.time.field.BaseDurationField#int#compareTo#?,DurationField#150",0.4677071733467426,0.4677071733467426,0.4677071733467427,0<=0,_
7,"org.joda.time.format.DateTimeFormatter#LocalDateTime#parseLocalDateTime#?,String#803",0.4472135954999579,0.4472135954999579,0.4472135954999579,bucket.getZone() == null,_
8,"org.joda.time.chrono.BasicWeekOfWeekyearDateTimeField#int#getMaximumValueForSet#?,long,int#111",0.43495883620084,0.43495883620084,0.43495883620084,value > 52 ? getMaximumValue(instant) : 52>=0,_
9,"org.joda.time.format.DateTimeFormatter#LocalDate#parseLocalDate#?,String#759",0.5291502622129182,0.0,0.4233202097703346,,_
10,"org.joda.time.chrono.GJChronology$CutoverField#long#roundFloor#?,long#853",0.4183300132670378,0.4751909633114914,0.4183300132670377,!(instant < iCutover),_
11,org.joda.time.LocalDateTime#LocalDate#toLocalDate#?#698,0.5188745216627708,0.0,0.4150996173302167,,_
12,org.joda.time.format.DateTimeParserBucket#int#getOffset#?#173,0.4034732923929645,0.4291975376394761,0.4086181414422668,iOffset<=0,_
13,org.joda.time.chrono.BasicWeekOfWeekyearDateTimeField#int#getMinimumValue#?#79,0.40824829046386296,0.40824829046386296,0.40824829046386296,1>=0,_
14,"org.joda.time.chrono.GJChronology#boolean#equals#?,Object#404",0.5,0.0,0.4,,_
15,org.joda.time.chrono.GJChronology#GJChronology#getInstanceUTC#?#123,0.4913036844405175,0.0,0.393042947552414,,_
16,"org.joda.time.chrono.BasicWeekOfWeekyearDateTimeField#long#roundFloor#?,long#65",0.3535533905932738,0.4605661864718383,0.3749559497689867,super.roundFloor(instant + 3 * DateTimeConstants.MILLIS_PER_DAY) - 3 * DateTimeConstants.MILLIS_PER_DAY>=0,_
17,"org.joda.time.chrono.GJChronology$CutoverField#int#get#?,long#632",0.3668996928526714,0.3668996928526714,0.3668996928526714,iGregorianField.get(instant)>0,_
18,"org.joda.time.LocalDate#boolean#equals#?,Object#575",0.3668996928526714,0.3668996928526714,0.36141285849977256,iChronology.equals(other.iChronology),_
19,"org.joda.time.DateTimeZone#DateTimeZone#fixedOffsetZone#?,String,int#349",0.42365927286816174,0.42365927286816174,0.35573484893129564,offset == 0,_
20,"org.joda.time.format.DateTimeFormat#void#parsePatternTo#?,DateTimeFormatterBuilder,String#530",0.4364357804719848,0.1259881576697424,0.3491486243775879,,_
21,"org.joda.time.DateTimeZone#String#printOffset#?,int#638",0.3360107525161235,0.4183300132670378,0.3482411337598666,offset / DateTimeConstants.MILLIS_PER_HOUR==offset,_
22,"org.joda.time.chrono.BasicChronology#int#getWeeksInYear#?,int#329",0.34444748191358604,0.34444748191358604,0.3444474819135861,(int)((firstWeekMillis2 - firstWeekMillis1) / DateTimeConstants.MILLIS_PER_WEEK)!=0,_
23,org.joda.time.format.ISODateTimeFormat#DateTimeFormatter#yearMonthDay#?#1326,0.3055050463303894,0.43495883620084,0.3313958043044795,!(ymd == null),_
24,"org.joda.time.chrono.GJChronology#Chronology#withZone#?,DateTimeZone#320",0.3333333333333333,0.3333333333333333,0.3272022455782385,zone == getZone(),_
25,"org.joda.time.chrono.BasicWeekOfWeekyearDateTimeField#int#get#?,long#54",0.320844473959874,0.320844473959874,0.320844473959874,iChronology.getWeekOfWeekyear(instant)!=0,_
26,org.joda.time.format.DateTimeParserBucket#DateTimeZone#getZone#?#152,0.3988620176087328,0.0,0.3190896140869863,,_
27,org.joda.time.chrono.GJChronology#int#getMinimumDaysInFirstWeek#?#393,0.303488489333442,0.303488489333442,0.303488489333442,iGregorianChronology.getMinimumDaysInFirstWeek()>0,_
28,"org.joda.time.chrono.GJChronology#GJChronology#getInstance#?,DateTimeZone,ReadableInstant,int#204",0.303488489333442,0.303488489333442,0.303488489333442,--i >= 0,_
29,"org.joda.time.chrono.BasicChronology#long#getFirstWeekOfYearMillis#?,int#344",0.28529870107872785,0.3232299675777271,0.2928849543785277,jan1millis + (8 - jan1dayOfWeek) * (long)DateTimeConstants.MILLIS_PER_DAY>=0,_
30,"org.joda.time.DateTimeZone#DateTimeZone#forOffsetMillis#?,int#283",0.3634218921558155,0.0,0.2907375137246524,,_
31,"org.joda.time.LocalDate#?#LocalDate#?,long,Chronology#285",0.2686353447586677,0.3307189138830738,0.2810520585835489,chronology.dayOfMonth().roundFloor(localMillis)==localMillis,_
32,"org.joda.time.DateTimeFieldType$StandardDateTimeFieldType#DateTimeField#getField#?,Chronology#504",0.3387537429470791,0.0,0.2710029943576633,,_
33,org.joda.time.chrono.GJChronology$CutoverField#DurationField#getRangeDurationField#?#755,0.3360107525161235,0.0,0.2688086020128988,,_
34,org.joda.time.chrono.GJChronology$CutoverField#DurationField#getDurationField#?#751,0.3333333333333333,0.0,0.26666666666666666,,_
35,"org.joda.time.chrono.BasicChronology#int#getWeekOfWeekyear#?,long#508",0.2632620950556105,0.2632620950556105,0.2632620950556105,"getWeekOfWeekyear(instant,getYear(instant))!=0",_
36,org.joda.time.chrono.GJChronology#Chronology#withUTC#?#307,0.3281650616569468,0.0,0.26253204932555746,,_
37,org.joda.time.format.ISODateTimeFormat#DateTimeFormatter#date#?#854,0.3232299675777271,0.0,0.2585839740621817,,_
38,org.joda.time.field.DecoratedDurationField#long#getUnitMillis#?#101,0.25819888974716115,0.25819888974716115,0.25819888974716115,iField.getUnitMillis()!=0,_
39,"org.joda.time.chrono.GJChronology$CutoverField#long#set#?,long,int#724",0.21971768720102056,0.3818813079129867,0.2521504113434138,instant>0,_
40,"org.joda.time.chrono.BasicChronology#int#getWeekyear#?,long#498",0.24743582965269675,0.24743582965269675,0.2474358296526968,getYear(instant - (2 * DateTimeConstants.MILLIS_PER_WEEK))!=0,_
41,"org.joda.time.format.DateTimeParserBucket#int#compareReverse#?,DurationField,DurationField#503",0.19296124624699,0.5773502691896257,0.2467360785007039,-a.compareTo(b)==0,_
42,org.joda.time.chrono.GJChronology#DateTimeZone#getZone#?#293,0.2545875386086578,0.2545875386086578,0.24413586433759074,!((base=getBase()) != null),_
43,org.joda.time.chrono.GJChronology#Instant#getGregorianCutover#?#384,0.303488489333442,0.0,0.2427907914667536,,_
44,org.joda.time.Instant#Instant#toInstant#?#131,0.30151134457776363,0.0,0.2412090756622109,,_
45,"org.joda.time.base.AbstractInstant#boolean#equals#?,Object#260",0.299572344757639,0.299572344757639,0.2396578758061112,,_
46,"org.joda.time.format.DateTimeFormatterBuilder$Composite#void#printTo#?,StringBuffer,ReadablePartial,Locale#2551",0.2385593618068489,0.2385593618068489,0.2385593618068489,locale == null,_
47,"org.joda.time.format.DateTimeFormatterBuilder$PaddedNumber#void#printTo#?,StringBuffer,ReadablePartial,Locale#1427",0.23664319132398465,0.23664319132398465,0.2366431913239847,partial.isSupported(iFieldType),_
48,"org.joda.time.DateTimeUtils#DateTimeZone#getZone#?,DateTimeZone#269",0.24779731389167606,0.24779731389167606,0.2366423321170323,!(zone == null),_
49,"org.joda.time.LocalDateTime#?#LocalDateTime#?,long,Chronology#277",0.2320477404461285,0.2545875386086578,0.2365557000786344,"chronology.getZone().getMillisKeepLocal(DateTimeZone.UTC,instant)<=instant",_
50,org.joda.time.chrono.BasicChronology#int#getMinimumDaysInFirstWeek#?#185,0.2357022603955159,0.2357022603955159,0.2357022603955159,iMinDaysInFirstWeek>=0,_
51,"org.joda.time.format.DateTimeFormatter#void#printTo#?,StringBuffer,ReadablePartial#532",0.23477246481693814,0.23477246481693814,0.23477246481693814,!(partial == null),_
52,"org.joda.time.chrono.BasicWeekyearDateTimeField#long#set#?,long,int#180",0.2672612419124244,0.2672612419124244,0.21380899352993954,,_
53,"org.joda.time.format.DateTimeFormat#DateTimeFormatter#createFormatterForPattern#?,String#674",0.21048467276349228,0.20982172726556325,0.20982172726556325,!(pattern == null || pattern.length() == 0),_
54,org.joda.time.LocalDate#long#getLocalMillis#?#548,0.207231236246068,0.2160246899469287,0.2089899269862401,iLocalMillis>0,_
55,org.joda.time.LocalDateTime#long#getLocalMillis#?#586,0.19451950503185492,0.20659846763533435,0.19693529755255085,iLocalMillis>0,_
56,"org.joda.time.DateTimeZone#long#getMillisKeepLocal#?,DateTimeZone,long#1031",0.18755233775398514,0.20597146021777488,0.1912361622467431,oldInstant>=0,_
57,"org.joda.time.format.DateTimeFormatterBuilder$CharacterLiteral#void#printTo#?,StringBuffer,ReadablePartial,Locale#1161",0.2385593618068489,0.0,0.1908474894454792,,_
58,"org.joda.time.format.DateTimeFormatter#String#print#?,ReadablePartial#612",0.2357022603955159,0.0,0.1885618083164127,,_
59,"org.joda.time.chrono.BasicMonthOfYearDateTimeField#long#roundFloor#?,long#345",0.18661690879115475,0.19451950503185492,0.1881974280392948,"iChronology.getYearMonthMillis(year,month)>0",_
60,"org.joda.time.format.DateTimeFormatter#DateTimeFormatter#withChronology#?,Chronology#255",0.196116135138184,0.196116135138184,0.18493605243484545,!(iChrono == chrono),_
61,"org.joda.time.LocalDate#?#LocalDate#?,int,int,int,Chronology#399",0.2204792759220492,0.0,0.17638342073763938,,_
62,"org.joda.time.chrono.BasicWeekyearDateTimeField#long#roundFloor#?,long#239",0.16198477414681164,0.22237479499833035,0.1740627783171154,instant>=0,_
63,"org.joda.time.format.DateTimeFormat#DateTimeFormatter#forPattern#?,String#170",0.20982172726556325,0.0,0.1678573818124506,,_
64,"org.joda.time.chrono.BasicChronology#long#getDateTimeMillis#?,int,int,int,int#159",0.1578322908294426,0.207231236246068,0.16771207991276768,"getDateMidnightMillis(year,monthOfYear,dayOfMonth) + millisOfDay>0",_
65,org.joda.time.tz.FixedDateTimeZone#int#hashCode#?#102,0.1656833739159028,0.16766767666785626,0.1660802344662935,getID().hashCode() + 37 * iStandardOffset + 31 * iWallOffset>0,_
66,"org.joda.time.format.DateTimeFormatterBuilder$CharacterLiteral#int#parseInto#?,DateTimeParserBucket,String,int#1192",0.16376789481350584,0.16376789481350584,0.16376789481350584,position + 1>=0,_
67,"org.joda.time.format.DateTimeParserBucket$SavedField#long#set#?,long,boolean#473",0.1647172818672541,0.16868694244915794,0.1637591573493518,millis>0,_
68,"org.joda.time.format.DateTimeParserBucket#void#sort#?,SavedField[],int#402",0.16252721107440024,0.16252721107440024,0.16252721107440024,i < high,_
69,"org.joda.time.format.DateTimeParserBucket#long#computeMillis#?,boolean,String#344",0.17483616785299216,0.17483616785299216,0.16252721107440024,"!(compareReverse(first,months) >= 0 && compareReverse(first,days) <= 0)",GT
70,"org.joda.time.chrono.BasicChronology#long#getYearMonthMillis#?,int,int#373",0.1607179464234876,0.16600920190793714,0.16177619752037753,millis>0,_
71,org.joda.time.LocalDate#Chronology#getChronology#?#557,0.1994310088043664,0.0,0.15954480704349314,,_
72,"org.joda.time.format.DateTimeFormatter#Chronology#selectChronology#?,Chronology#917",0.1966571461940076,0.1966571461940076,0.15732571695520609,,_
73,"org.joda.time.format.DateTimeFormatterBuilder$NumberFormatter#int#parseInto#?,DateTimeParserBucket,String,int#1289",0.17521916101261562,0.17521916101261562,0.1572458507346789,c < '0' || c > '9',_
74,"org.joda.time.format.DateTimeParserBucket#void#saveField#?,SavedField#252",0.1548308843213331,0.1548308843213331,0.1548308843213331,!(savedFieldsCount == savedFields.length || iSavedFieldsShared),_
75,"org.joda.time.format.DateTimeFormatterBuilder$Composite#int#parseInto#?,DateTimeParserBucket,String,int#2593",0.15224587990162447,0.15563243006262298,0.15292318993382414,position>0,_
76,org.joda.time.LocalDateTime#Chronology#getChronology#?#595,0.19044534662683013,0.0,0.15235627730146412,,_
77,org.joda.time.format.DateTimeFormatter#DateTimeParser#requireParser#?#901,0.14860019827525398,0.14860019827525398,0.14860019827525398,!(parser == null),_
78,"org.joda.time.field.PreciseDurationDateTimeField#int#getMaximumValueForSet#?,long,int#163",0.136504726557987,0.136504726557987,0.136504726557987,getMaximumValue(instant)!=0,_
79,"org.joda.time.format.FormatUtils#void#appendPaddedInteger#?,StringBuffer,int,int#82",0.13018891098082386,0.13018891098082386,0.130063048543564,value < 10000,_
80,"org.joda.time.chrono.BasicWeekyearDateTimeField#int#get#?,long#60",0.12838814775327387,0.12838814775327387,0.12838814775327387,iChronology.getWeekyear(instant)>=0,_
81,"org.joda.time.format.DateTimeParserBucket$SavedField#?#SavedField#?,DateTimeField,int#453",0.1548308843213331,0.0,0.12386470745706647,,_
82,"org.joda.time.format.DateTimeParserBucket#void#saveField#?,DateTimeFieldType,int#234",0.1548308843213331,0.0,0.12386470745706647,,_
83,org.joda.time.chrono.GJDayOfWeekDateTimeField#int#getMaximumValue#?#112,0.12298800925361815,0.12298800925361815,0.12298800925361815,DateTimeConstants.SUNDAY>=0,_
84,org.joda.time.chrono.GJDayOfWeekDateTimeField#int#getMinimumValue#?#103,0.12227087189088336,0.12227087189088336,0.12227087189088336,DateTimeConstants.MONDAY!=0,_
85,"org.joda.time.format.DateTimeFormatter#?#DateTimeFormatter#?,DateTimePrinter,DateTimeParser,Locale,boolean,Chronology,DateTimeZone,Integer,int#127",0.15124753549550504,0.0,0.12099802839640406,,_
86,"org.joda.time.field.PreciseDurationDateTimeField#long#roundFloor#?,long#93",0.1200137166371826,0.12101384823413865,0.12021374295657382,instant - instant % iUnitMillis!=0,_
87,org.joda.time.format.DateTimeFormatterBuilder$Composite#int#estimatePrintedLength#?#2504,0.11903797917400125,0.11903797917400125,0.11903797917400127,iPrintedLengthEstimate>0,_
88,org.joda.time.field.ImpreciseDateTimeField$LinkedDurationField#long#getUnitMillis#?#160,0.11903797917400125,0.11903797917400125,0.11903797917400127,iUnitMillis>=0,_
89,"org.joda.time.format.DateTimeParserBucket#void#setZone#?,DateTimeZone#162",0.14860019827525398,0.0,0.11888015862020318,,_
90,"org.joda.time.format.DateTimeParserBucket#?#DateTimeParserBucket#?,long,Chronology,Locale,Integer,int#123",0.14860019827525398,0.0,0.11888015862020318,,_
91,"org.joda.time.format.DateTimeFormat#boolean#isNumericToken#?,String#633",0.11664236870396084,0.11527808354084698,0.11527808354084698,tokenLen > 0,_
92,org.joda.time.format.DateTimeFormatter#DateTimePrinter#requirePrinter#?#656,0.11481582730452865,0.11481582730452865,0.11481582730452868,!(printer == null),_
93,"org.joda.time.chrono.BasicChronology#int#getDayOfWeek#?,long#535",0.09978640061050116,0.1729171253112705,0.11441254555065505,instant / DateTimeConstants.MILLIS_PER_DAY==instant,_
94,org.joda.time.chrono.AssembledChronology#DateTimeField#weekOfWeekyear#?#240,0.13944333775567927,0.0,0.11155467020454342,,_
95,org.joda.time.DateTimeFieldType#DateTimeFieldType#millisOfDay#?#173,0.139057601642577,0.0,0.1112460813140616,,_
96,"org.joda.time.format.DateTimeFormatterBuilder#DateTimeFormatterBuilder#appendWeekOfWeekyear#?,int#757",0.1336306209562122,0.0,0.10690449676496976,,_
97,"org.joda.time.field.BaseDateTimeField#int#getMaximumValue#?,long#792",0.1066677201802167,0.1066677201802167,0.10666772018021672,getMaximumValue()>0,_
98,org.joda.time.field.BaseDateTimeField#boolean#isSupported#?#69,0.1324532357065044,0.0,0.10596258856520352,,_
99,org.joda.time.DateTimeFieldType$StandardDateTimeFieldType#DurationFieldType#getDurationType#?#452,0.1298748238863794,0.0,0.10389985910910354,,_
100,"org.joda.time.chrono.BasicYearDateTimeField#long#roundFloor#?,long#123",0.10263160115815707,0.10854507082585142,0.10381429509169596,iChronology.getYearMillis(get(instant))>0,_
101,org.joda.time.field.PreciseDurationField#long#getUnitMillis#?#63,0.10043134635865487,0.10043134635865487,0.10043134635865487,iUnitMillis>0,_
102,"org.joda.time.chrono.BasicGJChronology#long#setYear#?,long,int#179",0.08873565094161139,0.1404218994998819,0.09907290065326547,!(dayOfYear > (31 + 28)),_
103,"org.joda.time.chrono.BasicChronology#int#getDayOfYear#?,long,int#485",0.08438636137290127,0.15352206215727945,0.09821350152977693,getYearMillis(year)>=instant,_
104,"org.joda.time.chrono.BasicMonthOfYearDateTimeField#long#set#?,long,int#296",0.08959644488359914,0.123033250384173,0.09628380598371393,"iChronology.getDayOfMonth(instant,thisYear)==month",_
105,"org.joda.time.DurationFieldType$StandardDurationFieldType#DurationField#getField#?,Chronology#276",0.11964501003116625,0.0,0.09571600802493302,,_
106,"org.joda.time.chrono.BasicChronology#int#getMillisOfDay#?,long#552",0.08606629658238704,0.1311450235388945,0.09508204197368854,(int)(instant % DateTimeConstants.MILLIS_PER_DAY)<=0,_
107,org.joda.time.DateTimeZone#String#getID#?#705,0.1136447497744243,0.0,0.09091579981953946,,_
108,org.joda.time.base.BaseLocal#?#BaseLocal#?#47,0.11354005629317387,0.0,0.09083204503453912,,_
109,"org.joda.time.chrono.BasicChronology#int#getMonthOfYear#?,long#435",0.090748521297303,0.090748521297303,0.09074852129730304,"getMonthOfYear(millis,getYear(millis))>0",_
110,"org.joda.time.chrono.BasicChronology#int#getDayOfMonth#?,long,int#458",0.08959644488359914,0.0904827856717728,0.08977371304123387,"getMonthOfYear(millis,year)<year",_
111,"org.joda.time.field.PreciseDurationDateTimeField#long#set#?,long,int#80",0.08838834764831845,0.09425098795749816,0.0895608757101544,instant + (value - get(instant)) * iUnitMillis>0,_
112,"org.joda.time.chrono.BasicMonthOfYearDateTimeField#int#get#?,long#72",0.08741808392649608,0.08741808392649608,0.0874180839264961,iChronology.getMonthOfYear(instant)>0,_
113,"org.joda.time.chrono.BasicChronology#int#getYear#?,long#407",0.07412493166611013,0.15300774894579094,0.08675054229664593,instant - yearStart==yearStart,_
114,"org.joda.time.format.DateTimeFormat#String#parseToken#?,String,int[]#611",0.086710996952412,0.086710996952412,0.08625907815111407,!inLiteral && (c >= 'A' && c <= 'Z' || c >= 'a' && c <= 'z'),_
115,org.joda.time.field.BaseDurationField#boolean#isSupported#?#66,0.10198621822227172,0.0,0.08158897457781739,,_
116,org.joda.time.DurationFieldType#DurationFieldType#months#?#178,0.10198621822227172,0.0,0.08158897457781739,,_
117,"org.joda.time.chrono.BasicChronology#long#getDateMidnightMillis#?,int,int,int#606",0.07798505058460169,0.08304547985373997,0.07899713643842934,"getYearMonthDayMillis(year,monthOfYear,dayOfMonth)>0",_
118,org.joda.time.chrono.BasicChronology#int#getMaxMonth#?#691,0.07860208477951326,0.07860208477951326,0.07860208477951326,12>0,_
119,org.joda.time.DurationFieldType#DurationFieldType#days#?#151,0.09785664715599476,0.0,0.07828531772479581,,_
120,"org.joda.time.chrono.BasicChronology#long#getYearMillis#?,int#360",0.06775074858941581,0.11976753439510213,0.07815410575055308,getYearInfo(year).iFirstDayMillis==0,_
121,"org.joda.time.chrono.BasicChronology#int#getMaxMonth#?,int#682",0.07791738458436823,0.07791738458436823,0.07791738458436823,getMaxMonth()!=0,_
122,"org.joda.time.field.FieldUtils#void#verifyValueBounds#?,DateTimeFieldType,int,int,int#232",0.0778498944161523,0.07788361756887806,0.07785663904669746,!((value < lowerBound) || (value > upperBound)),_
123,org.joda.time.chrono.AssembledChronology#DurationField#months#?#256,0.09578262852211514,0.0,0.07662610281769211,,_
124,"org.joda.time.chrono.BasicChronology#int#getDayOfMonth#?,long,int,int#468",0.07323922906700686,0.08971226080325131,0.07653383541425576,getYearMillis(year)>=millis,_
125,"org.joda.time.chrono.BasicGJChronology#int#getMonthOfYear#?,long,int#88",0.0728771390079552,0.0906752106890556,0.07643675334417528,(int)((millis - getYearMillis(year)) >> 10)<=year,_
126,"org.joda.time.chrono.BasicGJChronology#long#getTotalMillisByYearMonth#?,int,int#142",0.0744175697234484,0.07649055161009609,0.07483216610077795,MIN_TOTAL_MILLIS_BY_MONTH_ARRAY[month - 1]<=0,_
127,"org.joda.time.chrono.BasicChronology#int#getDayOfMonth#?,long#449",0.07462449087281632,0.0749832645317564,0.07469624560460435,"getMonthOfYear(millis,year)<year",_
128,org.joda.time.chrono.AssembledChronology#DurationField#days#?#220,0.09325048082403138,0.0,0.07460038465922511,,_
129,"org.joda.time.field.FieldUtils#void#verifyValueBounds#?,DateTimeField,int,int,int#214",0.07372097807744858,0.07380698352541325,0.0737381791670415,!((value < lowerBound) || (value > upperBound)),_
130,"org.joda.time.chrono.BasicChronology#long#getYearMonthDayMillis#?,int,int,int#387",0.07235746052924216,0.07653587776836468,0.07319314397706668,millis + (dayOfMonth - 1) * (long)DateTimeConstants.MILLIS_PER_DAY>0,_
131,"org.joda.time.chrono.BasicDayOfMonthDateTimeField#int#get#?,long#47",0.07315519091073815,0.07315519091073815,0.07315519091073815,iChronology.getDayOfMonth(instant)>0,_
132,"org.joda.time.chrono.BasicYearDateTimeField#int#get#?,long#54",0.07276680262521174,0.07309932592289535,0.07283330728474846,iChronology.getYear(instant)>0,_
133,"org.joda.time.format.DateTimeFormatterBuilder#DateTimeFormatterBuilder#appendSignedDecimal#?,DateTimeFieldType,int,int#457",0.07342230982143523,0.07342230982143523,0.07260835110476678,!(minDigits <= 1),_
134,org.joda.time.chrono.GregorianChronology#long#getApproxMillisAtEpochDividedByTwo#?#241,0.07174300539794393,0.07174300539794393,0.07174300539794393,(1970L * MILLIS_PER_YEAR) / 2>=0,_
135,org.joda.time.chrono.GregorianChronology#long#getAverageMillisPerYearDividedByTwo#?#233,0.07174300539794393,0.07174300539794393,0.07174300539794393,MILLIS_PER_YEAR / 2>=0,_
136,org.joda.time.chrono.GregorianChronology#int#getMinYear#?#221,0.07142857142857142,0.07142857142857142,0.07142857142857142,MIN_YEAR!=0,_
137,org.joda.time.chrono.GregorianChronology#int#getMaxYear#?#225,0.07021094974994095,0.07021094974994095,0.07021094974994095,MAX_YEAR>=0,_
138,"org.joda.time.chrono.BasicChronology#YearInfo#getYearInfo#?,int#739",0.06775074858941581,0.06792915771617519,0.06778643041476769,!(info == null || info.iYear != year),_
139,"org.joda.time.chrono.BasicGJChronology#int#getDaysInYearMonth#?,int,int#120",0.07246594253997564,0.044524219762496126,0.06687759798447973,!(isLeapYear(year)),_
140,"org.joda.time.chrono.GregorianChronology#long#calculateFirstDayOfYearMillis#?,int#217",0.06604581866838265,0.07018624063435965,0.06367235808233437,(year * 365L + (leapYears - DAYS_0000_TO_1970)) * DateTimeConstants.MILLIS_PER_DAY>0,_
141,"org.joda.time.DateTimeUtils#Chronology#getChronology#?,Chronology#253",0.07895127390318027,0.07895127390318027,0.06316101912254422,,_
142,org.joda.time.base.AbstractPartial#?#AbstractPartial#?#54,0.07556205923666208,0.0,0.06044964738932965,,_
143,org.joda.time.DateTimeZone#DateTimeZone#getDefault#?#134,0.060130711615104325,0.06028661208836021,0.06016189170975551,!(zone == null),_
144,"org.joda.time.format.DateTimeFormatterBuilder#DateTimeFormatterBuilder#appendMonthOfYear#?,int#779",0.07273929674533079,0.0,0.05819143739626464,,_
145,"org.joda.time.chrono.ISOChronology#ISOChronology#getInstance#?,DateTimeZone#101",0.0586066544098769,0.058592281226482364,0.05798365080259569,chrono != null && chrono.getZone() == zone,_
146,org.joda.time.DateTimeFieldType#DateTimeFieldType#dayOfMonth#?#273,0.0712987719910831,0.0,0.057039017592866476,,_
147,"org.joda.time.format.DateTimeFormatterBuilder#DateTimeFormatterBuilder#appendWeekyear#?,int,int#769",0.06900655593423542,0.0,0.05520524474738834,,_
148,org.joda.time.DateTimeFieldType#DateTimeFieldType#monthOfYear#?#318,0.06863404818790371,0.0,0.05490723855032297,,_
149,org.joda.time.DateTimeFieldType#DateTimeFieldType#year#?#327,0.06851887098275318,0.0,0.05481509678620253,,_
150,"org.joda.time.chrono.GregorianChronology#boolean#isLeapYear#?,int#197",0.06819943394704735,0.0,0.05455954715763788,,_
151,org.joda.time.chrono.AssembledChronology#Chronology#getBase#?#308,0.06565321642986127,0.0,0.05252257314388902,,_
152,org.joda.time.chrono.AssembledChronology#DateTimeField#year#?#268,0.06525264395087049,0.0,0.0522021151606964,,_
153,org.joda.time.chrono.AssembledChronology#DateTimeField#dayOfMonth#?#228,0.06466529947193088,0.0,0.05173223957754471,,_
154,"org.joda.time.chrono.BasicYearDateTimeField#long#set#?,long,int#84",0.0507346289431841,0.05434260972928149,0.05145622510040358,"iChronology.setYear(instant,year)>0",_
155,org.joda.time.chrono.AssembledChronology#DateTimeField#monthOfYear#?#260,0.06420667453901695,0.0,0.051365339631213563,,_
156,"org.joda.time.format.DateTimeFormatterBuilder#DateTimeFormatterBuilder#appendDecimal#?,DateTimeFieldType,int,int#405",0.05399492471560388,0.05399492471560388,0.05129558202732508,!(minDigits <= 1),_
157,org.joda.time.chrono.ISOChronology#ISOChronology#getInstance#?#86,0.06322749078597699,0.0,0.0505819926287816,,_
158,"org.joda.time.chrono.BasicChronology$YearInfo#?#YearInfo#?,int,long#772",0.05935069411866981,0.0,0.04748055529493585,,_
159,org.joda.time.format.DateTimeFormatterBuilder$PaddedNumber#int#estimatePrintedLength#?#1401,0.04715355210772317,0.04715355210772317,0.04715355210772317,iMaxParsedDigits!=0,_
160,org.joda.time.format.DateTimeFormatterBuilder$CharacterLiteral#int#estimatePrintedLength#?#1145,0.046971139230102085,0.046971139230102085,0.046971139230102085,1!=0,_
161,org.joda.time.format.DateTimeFormatterBuilder$CharacterLiteral#int#estimateParsedLength#?#1169,0.046701446249430435,0.046701446249430435,0.046701446249430435,1!=0,_
162,org.joda.time.format.DateTimeFormatterBuilder$NumberFormatter#int#estimateParsedLength#?#1259,0.046701446249430435,0.046701446249430435,0.046701446249430435,iMaxParsedDigits!=0,_
163,"org.joda.time.format.DateTimeFormatterBuilder$Composite#void#decompose#?,List<Object>,List<Object>,List<Object>#2613",0.04790505047653036,0.04790505047653036,0.04659069026004408,!(element instanceof Composite),_
164,"org.joda.time.format.DateTimeFormatterBuilder$Composite#?#Composite#?,List<Object>#2494",0.0462621002059225,0.0462621002059225,0.0462621002059225,!(i < size),_
165,org.joda.time.chrono.ZonedChronology#DateTimeZone#getZone#?#86,0.05768011960562003,0.0,0.04614409568449602,,_
166,org.joda.time.chrono.AssembledChronology#Object#getParam#?#315,0.057625368649184876,0.0,0.0461002949193479,,_
167,org.joda.time.chrono.AssembledChronology#DateTimeField#weekyear#?#248,0.05474489014513589,0.0,0.04379591211610872,,_
168,"org.joda.time.format.DateTimeFormatterBuilder#boolean#isParser#?,Object#1109",0.04575090108716775,0.04575090108716775,0.04344201859255735,f instanceof Composite,_
169,"org.joda.time.format.DateTimeFormatterBuilder#boolean#isPrinter#?,Object#1099",0.04575090108716775,0.04575090108716775,0.04333228442838658,f instanceof Composite,_
170,org.joda.time.format.DateTimeFormatterBuilder#Object#getFormatter#?#1087,0.04558423058385518,0.04558423058385518,0.043190262916767835,f == null,_
171,org.joda.time.format.DateTimeFormatterBuilder#DateTimeFormatter#toFormatter#?#106,0.0432843655349805,0.0432843655349805,0.04311531248731194,isPrinter(f),_
172,"org.joda.time.chrono.GJDayOfWeekDateTimeField#int#get#?,long#56",0.04294927583955808,0.04294927583955808,0.04294927583955808,iChronology.getDayOfWeek(instant)!=0,_
173,"org.joda.time.format.DateTimeFormatterBuilder$PaddedNumber#?#PaddedNumber#?,DateTimeFieldType,int,boolean,int#1397",0.052164053095730106,0.0,0.041731242476584086,,_
174,org.joda.time.DateTimeFieldType#DateTimeFieldType#weekOfWeekyear#?#291,0.051080944423879684,0.0,0.040864755539103764,,_
175,"org.joda.time.format.DateTimeFormatterBuilder$CharacterLiteral#?#CharacterLiteral#?,char#1140",0.04910286161402363,0.0,0.039282289291218915,,_
176,"org.joda.time.format.DateTimeFormatterBuilder#DateTimeFormatterBuilder#appendLiteral#?,char#359",0.04910286161402363,0.0,0.039282289291218915,,_
177,"org.joda.time.format.DateTimeFormatterBuilder$NumberFormatter#?#NumberFormatter#?,DateTimeFieldType,int,boolean#1252",0.048896978687908085,0.0,0.03911758295032648,,_
178,org.joda.time.format.DateTimeFormatterBuilder$Composite#boolean#isParser#?#2601,0.04575090108716775,0.0,0.0366007208697342,,_
179,org.joda.time.format.DateTimeFormatterBuilder$Composite#boolean#isPrinter#?#2597,0.04575090108716775,0.0,0.0366007208697342,,_
180,"org.joda.time.format.DateTimeFormatterBuilder#DateTimeFormatterBuilder#append0#?,Object#340",0.04525628222014204,0.0,0.036205025776113633,,_
181,"org.joda.time.format.DateTimeFormatter#?#DateTimeFormatter#?,DateTimePrinter,DateTimeParser#109",0.04300329525375306,0.0,0.03440263620300245,,_
182,org.joda.time.format.DateTimeFormatterBuilder#?#DateTimeFormatterBuilder#?#83,0.04252432555625623,0.0,0.03401946044500498,,_
183,org.joda.time.DurationFieldType#DurationFieldType#weekyears#?#169,0.03898405877927252,0.0,0.03118724702341802,,_
184,org.joda.time.DurationFieldType#DurationFieldType#centuries#?#196,0.038778336716474064,0.0,0.03102266937317925,,_
185,"org.joda.time.format.DateTimeFormatterBuilder#DateTimeFormatterBuilder#appendYear#?,int,int#791",0.038376477822666816,0.0,0.03070118225813345,,_
186,org.joda.time.chrono.AssembledChronology#DateTimeField#dayOfWeek#?#224,0.03775452111242116,0.0,0.030203616889936925,,_
187,org.joda.time.DateTimeFieldType#DateTimeFieldType#weekyear#?#300,0.026144349280800103,0.0,0.020915479424640084,,_
188,org.joda.time.DurationFieldType#DurationFieldType#eras#?#205,0.02196873875818734,0.0,0.017574991006549873,,_
189,org.joda.time.DurationFieldType#DurationFieldType#weeks#?#160,0.018666334823663932,0.0,0.01493306785893115,,_
190,org.joda.time.DurationFieldType#DurationFieldType#years#?#187,0.01762268442125603,0.0,0.014098147537004828,,_
191,"org.joda.time.chrono.ZonedChronology$ZonedDateTimeField#?#ZonedDateTimeField#?,DateTimeField,DateTimeZone,DurationField,DurationField,DurationField#390",0.0,0.0,0.0,,_
192,org.joda.time.chrono.AssembledChronology#DateTimeField#weekyearOfCentury#?#252,0.0,0.0,0.0,,_
193,"org.joda.time.chrono.ISOChronology#void#assemble#?,Fields#173",0.0,0.0,0.0,,_
194,org.joda.time.field.ScaledDurationField#int#hashCode#?#148,0.0,0.0,0.0,,_
195,org.joda.time.field.PreciseDurationField#int#hashCode#?#144,0.0,0.0,0.0,,_
196,org.joda.time.field.DividedDateTimeField#DurationField#getDurationField#?#182,0.0,0.0,0.0,,_
197,org.joda.time.field.MillisDurationField#long#getUnitMillis#?#80,0.0,0.0,0.0,,_
198,org.joda.time.DateTimeZone#int#hashCode#?#1209,0.0,0.0,0.0,,_
199,org.joda.time.chrono.AssembledChronology#DateTimeField#clockhourOfDay#?#200,0.0,0.0,0.0,,_
200,org.joda.time.chrono.BaseChronology#DurationField#eras#?#660,0.0,0.0,0.0,,_
201,org.joda.time.field.ZeroIsMaxDateTimeField#DurationField#getLeapDurationField#?#101,0.0,0.0,0.0,,_
202,org.joda.time.chrono.AssembledChronology#DurationField#millis#?#156,0.0,0.0,0.0,,_
203,org.joda.time.field.ImpreciseDateTimeField#DurationField#getDurationField#?#137,0.0,0.0,0.0,,_
204,org.joda.time.chrono.BasicMonthOfYearDateTimeField#DurationField#getRangeDurationField#?#309,0.0,0.0,0.0,,_
205,org.joda.time.chrono.AssembledChronology#DurationField#weeks#?#236,0.0,0.0,0.0,,_
206,org.joda.time.field.PreciseDurationDateTimeField#DurationField#getDurationField#?#141,0.0,0.0,0.0,,_
207,org.joda.time.chrono.AssembledChronology#DurationField#seconds#?#168,0.0,0.0,0.0,,_
208,"org.joda.time.field.BaseDateTimeField#?#BaseDateTimeField#?,DateTimeFieldType#50",0.0,0.0,0.0,,_
209,org.joda.time.field.PreciseDateTimeField#DurationField#getRangeDurationField#?#122,0.0,0.0,0.0,,_
210,org.joda.time.field.BaseDateTimeField#DateTimeFieldType#getType#?#58,0.0,0.0,0.0,,_
211,org.joda.time.chrono.AssembledChronology#DateTimeField#dayOfYear#?#232,0.0,0.0,0.0,,_
212,org.joda.time.chrono.BasicWeekyearDateTimeField#DurationField#getLeapDurationField#?#220,0.0,0.0,0.0,,_
213,org.joda.time.chrono.AssembledChronology#DateTimeField#millisOfSecond#?#160,0.0,0.0,0.0,,_
214,org.joda.time.field.DecoratedDateTimeField#DurationField#getDurationField#?#86,0.0,0.0,0.0,,_
215,"org.joda.time.chrono.ZonedChronology#DurationField#convertField#?,DurationField,HashMap<Object,Object>#201",0.0,0.0,0.0,,_
216,org.joda.time.chrono.AssembledChronology#DateTimeField#centuryOfEra#?#284,0.0,0.0,0.0,,_
217,org.joda.time.DurationFieldType#DurationFieldType#millis#?#105,0.0,0.0,0.0,,_
218,org.joda.time.field.UnsupportedDurationField#boolean#isSupported#?#92,0.0,0.0,0.0,,_
219,org.joda.time.chrono.AssembledChronology#DateTimeField#secondOfDay#?#176,0.0,0.0,0.0,,_
220,org.joda.time.chrono.AssembledChronology#DateTimeField#clockhourOfHalfday#?#212,0.0,0.0,0.0,,_
221,org.joda.time.chrono.BasicYearDateTimeField#DurationField#getLeapDurationField#?#111,0.0,0.0,0.0,,_
222,org.joda.time.field.MillisDurationField#DurationFieldType#getType#?#49,0.0,0.0,0.0,,_
223,org.joda.time.chrono.BasicMonthOfYearDateTimeField#DurationField#getLeapDurationField#?#328,0.0,0.0,0.0,,_
224,org.joda.time.chrono.BasicDayOfYearDateTimeField#DurationField#getRangeDurationField#?#56,0.0,0.0,0.0,,_
225,org.joda.time.chrono.AssembledChronology#DateTimeField#millisOfDay#?#164,0.0,0.0,0.0,,_
226,org.joda.time.chrono.BasicWeekOfWeekyearDateTimeField#DurationField#getRangeDurationField#?#58,0.0,0.0,0.0,,_
227,org.joda.time.chrono.AssembledChronology#DurationField#weekyears#?#244,0.0,0.0,0.0,,_
228,org.joda.time.chrono.AssembledChronology#DurationField#eras#?#288,0.0,0.0,0.0,,_
229,org.joda.time.chrono.AssembledChronology#DateTimeField#yearOfEra#?#272,0.0,0.0,0.0,,_
230,org.joda.time.chrono.BasicWeekyearDateTimeField#DurationField#getRangeDurationField#?#208,0.0,0.0,0.0,,_
231,org.joda.time.chrono.AssembledChronology#DurationField#centuries#?#280,0.0,0.0,0.0,,_
232,org.joda.time.chrono.AssembledChronology#DateTimeField#era#?#292,0.0,0.0,0.0,,_
233,org.joda.time.chrono.GJEraDateTimeField#DurationField#getRangeDurationField#?#131,0.0,0.0,0.0,,_
234,org.joda.time.field.DecoratedDurationField#DurationField#getWrappedField#?#69,0.0,0.0,0.0,,_
235,"org.joda.time.field.UnsupportedDurationField#UnsupportedDurationField#getInstance#?,DurationFieldType#49",0.0,0.0,0.0,,_
236,org.joda.time.chrono.AssembledChronology#DateTimeField#hourOfHalfday#?#208,0.0,0.0,0.0,,_
237,org.joda.time.chrono.AssembledChronology#DateTimeField#minuteOfDay#?#188,0.0,0.0,0.0,,_
238,"org.joda.time.chrono.ZonedChronology$ZonedDurationField#?#ZonedDurationField#?,DurationField,DateTimeZone#290",0.0,0.0,0.0,,_
239,"org.joda.time.chrono.AssembledChronology#?#AssembledChronology#?,Chronology,Object#101",0.0,0.0,0.0,,_
240,org.joda.time.chrono.BaseChronology#?#BaseChronology#?#54,0.0,0.0,0.0,,_
241,org.joda.time.field.UnsupportedDurationField#long#getUnitMillis#?#218,0.0,0.0,0.0,,_
242,"org.joda.time.chrono.ZonedChronology#ZonedChronology#getInstance#?,Chronology,DateTimeZone#59",0.0,0.0,0.0,,_
243,org.joda.time.chrono.AssembledChronology#DateTimeField#yearOfCentury#?#276,0.0,0.0,0.0,,_
244,org.joda.time.chrono.AssembledChronology#DateTimeField#hourOfDay#?#196,0.0,0.0,0.0,,_
245,"org.joda.time.field.BaseDurationField#?#BaseDurationField#?,DurationFieldType#51",0.0,0.0,0.0,,_
246,"org.joda.time.chrono.ISOChronology#?#ISOChronology#?,Chronology#122",0.0,0.0,0.0,,_
247,org.joda.time.field.MillisDurationField#boolean#isSupported#?#62,0.0,0.0,0.0,,_
248,org.joda.time.chrono.ZonedChronology$ZonedDurationField#long#getUnitMillis#?#298,0.0,0.0,0.0,,_
249,org.joda.time.chrono.GJEraDateTimeField#DurationField#getDurationField#?#127,0.0,0.0,0.0,,_
250,"org.joda.time.chrono.AssembledChronology$Fields#void#copyFieldsFrom#?,Chronology#492",0.0,0.0,0.0,,_
251,org.joda.time.chrono.AssembledChronology#DateTimeField#secondOfMinute#?#172,0.0,0.0,0.0,,_
252,org.joda.time.tz.CachedDateTimeZone#int#hashCode#?#131,0.0,0.0,0.0,,_
253,org.joda.time.field.BaseDurationField#DurationFieldType#getType#?#55,0.0,0.0,0.0,,_
254,org.joda.time.chrono.GJDayOfWeekDateTimeField#DurationField#getRangeDurationField#?#94,0.0,0.0,0.0,,_
255,org.joda.time.field.ScaledDurationField#long#getUnitMillis#?#109,0.0,0.0,0.0,,_
256,org.joda.time.field.DecoratedDateTimeField#DurationField#getRangeDurationField#?#90,0.0,0.0,0.0,,_
257,"org.joda.time.chrono.AssembledChronology$Fields#boolean#isSupported#?,DurationField#558",0.0,0.0,0.0,,_
258,org.joda.time.chrono.AssembledChronology#DurationField#hours#?#192,0.0,0.0,0.0,,_
259,"org.joda.time.chrono.AssembledChronology$Fields#boolean#isSupported#?,DateTimeField#562",0.0,0.0,0.0,,_
260,"org.joda.time.chrono.ZonedChronology#DateTimeField#convertField#?,DateTimeField,HashMap<Object,Object>#223",0.0,0.0,0.0,,_
261,org.joda.time.chrono.AssembledChronology#DurationField#minutes#?#180,0.0,0.0,0.0,,_
262,"org.joda.time.chrono.ZonedChronology#?#ZonedChronology#?,Chronology,DateTimeZone#82",0.0,0.0,0.0,,_
263,org.joda.time.chrono.AssembledChronology#DurationField#halfdays#?#204,0.0,0.0,0.0,,_
264,org.joda.time.chrono.AssembledChronology#DateTimeField#halfdayOfDay#?#216,0.0,0.0,0.0,,_
265,org.joda.time.field.BaseDateTimeField#DurationField#getLeapDurationField#?#726,0.0,0.0,0.0,,_
266,org.joda.time.chrono.ISOChronology#Chronology#withUTC#?#133,0.0,0.0,0.0,,_
267,org.joda.time.field.RemainderDateTimeField#DurationField#getRangeDurationField#?#139,0.0,0.0,0.0,,_
268,org.joda.time.chrono.BasicYearDateTimeField#DurationField#getRangeDurationField#?#95,0.0,0.0,0.0,,_
269,org.joda.time.chrono.AssembledChronology#DateTimeField#minuteOfHour#?#184,0.0,0.0,0.0,,_
270,org.joda.time.chrono.BasicDayOfMonthDateTimeField#DurationField#getRangeDurationField#?#51,0.0,0.0,0.0,,_
271,org.joda.time.field.DecoratedDateTimeField#DateTimeField#getWrappedField#?#70,0.0,0.0,0.0,,_
272,"org.joda.time.chrono.ZonedChronology#void#assemble#?,Fields#153",0.0,0.0,0.0,,_
273,org.joda.time.chrono.AssembledChronology#DurationField#years#?#264,0.0,0.0,0.0,,_
274,"org.joda.time.chrono.ZonedChronology#boolean#useTimeArithmetic#?,DurationField#72",0.0,0.0,0.0,,_
275,org.joda.time.chrono.AssembledChronology#void#setFields#?#319,0.0,0.0,0.0,,_
