,col0,col1,col2,col3,col4,col5,col6,col7,col8,col9,col10
0,rtscom.dll,181248,3,163309549,1975-03-06T03:45:49.000Z,imports,msvcrt.dll,?terminate@@YAXXZ,61a4e8538da49e5c3da5b171bb06afa4,0f3ff303f0dfcc2ac3d1fba99e970efc7d4f9517bcb6014652385e671c113fa6,c:\Windows\WinSxS\amd64_microsoft-windows-t..platform-comruntime_31bf3856ad364e35_10.0.18362.1_none_9cedf7d4b447d0b3\rtscom.dll
1,rtscom.dll,181248,3,163309549,1975-03-06T03:45:49.000Z,imports,msvcrt.dll,_CxxThrowException,61a4e8538da49e5c3da5b171bb06afa4,0f3ff303f0dfcc2ac3d1fba99e970efc7d4f9517bcb6014652385e671c113fa6,c:\Windows\WinSxS\amd64_microsoft-windows-t..platform-comruntime_31bf3856ad364e35_10.0.18362.1_none_9cedf7d4b447d0b3\rtscom.dll
2,rtscom.dll,181248,3,163309549,1975-03-06T03:45:49.000Z,imports,msvcrt.dll,_XcptFilter,61a4e8538da49e5c3da5b171bb06afa4,0f3ff303f0dfcc2ac3d1fba99e970efc7d4f9517bcb6014652385e671c113fa6,c:\Windows\WinSxS\amd64_microsoft-windows-t..platform-comruntime_31bf3856ad364e35_10.0.18362.1_none_9cedf7d4b447d0b3\rtscom.dll
3,rtscom.dll,181248,3,163309549,1975-03-06T03:45:49.000Z,imports,msvcrt.dll,__C_specific_handler,61a4e8538da49e5c3da5b171bb06afa4,0f3ff303f0dfcc2ac3d1fba99e970efc7d4f9517bcb6014652385e671c113fa6,c:\Windows\WinSxS\amd64_microsoft-windows-t..platform-comruntime_31bf3856ad364e35_10.0.18362.1_none_9cedf7d4b447d0b3\rtscom.dll
4,rtscom.dll,181248,3,163309549,1975-03-06T03:45:49.000Z,imports,msvcrt.dll,__CxxFrameHandler3,61a4e8538da49e5c3da5b171bb06afa4,0f3ff303f0dfcc2ac3d1fba99e970efc7d4f9517bcb6014652385e671c113fa6,c:\Windows\WinSxS\amd64_microsoft-windows-t..platform-comruntime_31bf3856ad364e35_10.0.18362.1_none_9cedf7d4b447d0b3\rtscom.dll
5,rtscom.dll,181248,3,163309549,1975-03-06T03:45:49.000Z,imports,msvcrt.dll,__dllonexit,61a4e8538da49e5c3da5b171bb06afa4,0f3ff303f0dfcc2ac3d1fba99e970efc7d4f9517bcb6014652385e671c113fa6,c:\Windows\WinSxS\amd64_microsoft-windows-t..platform-comruntime_31bf3856ad364e35_10.0.18362.1_none_9cedf7d4b447d0b3\rtscom.dll
6,rtscom.dll,181248,3,163309549,1975-03-06T03:45:49.000Z,imports,msvcrt.dll,_amsg_exit,61a4e8538da49e5c3da5b171bb06afa4,0f3ff303f0dfcc2ac3d1fba99e970efc7d4f9517bcb6014652385e671c113fa6,c:\Windows\WinSxS\amd64_microsoft-windows-t..platform-comruntime_31bf3856ad364e35_10.0.18362.1_none_9cedf7d4b447d0b3\rtscom.dll
7,rtscom.dll,181248,3,163309549,1975-03-06T03:45:49.000Z,imports,msvcrt.dll,_finite,61a4e8538da49e5c3da5b171bb06afa4,0f3ff303f0dfcc2ac3d1fba99e970efc7d4f9517bcb6014652385e671c113fa6,c:\Windows\WinSxS\amd64_microsoft-windows-t..platform-comruntime_31bf3856ad364e35_10.0.18362.1_none_9cedf7d4b447d0b3\rtscom.dll
8,rtscom.dll,181248,3,163309549,1975-03-06T03:45:49.000Z,imports,msvcrt.dll,_initterm,61a4e8538da49e5c3da5b171bb06afa4,0f3ff303f0dfcc2ac3d1fba99e970efc7d4f9517bcb6014652385e671c113fa6,c:\Windows\WinSxS\amd64_microsoft-windows-t..platform-comruntime_31bf3856ad364e35_10.0.18362.1_none_9cedf7d4b447d0b3\rtscom.dll
9,rtscom.dll,181248,3,163309549,1975-03-06T03:45:49.000Z,imports,msvcrt.dll,_isnan,61a4e8538da49e5c3da5b171bb06afa4,0f3ff303f0dfcc2ac3d1fba99e970efc7d4f9517bcb6014652385e671c113fa6,c:\Windows\WinSxS\amd64_microsoft-windows-t..platform-comruntime_31bf3856ad364e35_10.0.18362.1_none_9cedf7d4b447d0b3\rtscom.dll
10,rtscom.dll,181248,3,163309549,1975-03-06T03:45:49.000Z,imports,msvcrt.dll,_lock,61a4e8538da49e5c3da5b171bb06afa4,0f3ff303f0dfcc2ac3d1fba99e970efc7d4f9517bcb6014652385e671c113fa6,c:\Windows\WinSxS\amd64_microsoft-windows-t..platform-comruntime_31bf3856ad364e35_10.0.18362.1_none_9cedf7d4b447d0b3\rtscom.dll
11,rtscom.dll,181248,3,163309549,1975-03-06T03:45:49.000Z,imports,msvcrt.dll,_onexit,61a4e8538da49e5c3da5b171bb06afa4,0f3ff303f0dfcc2ac3d1fba99e970efc7d4f9517bcb6014652385e671c113fa6,c:\Windows\WinSxS\amd64_microsoft-windows-t..platform-comruntime_31bf3856ad364e35_10.0.18362.1_none_9cedf7d4b447d0b3\rtscom.dll
12,rtscom.dll,181248,3,163309549,1975-03-06T03:45:49.000Z,imports,msvcrt.dll,_purecall,61a4e8538da49e5c3da5b171bb06afa4,0f3ff303f0dfcc2ac3d1fba99e970efc7d4f9517bcb6014652385e671c113fa6,c:\Windows\WinSxS\amd64_microsoft-windows-t..platform-comruntime_31bf3856ad364e35_10.0.18362.1_none_9cedf7d4b447d0b3\rtscom.dll
13,rtscom.dll,181248,3,163309549,1975-03-06T03:45:49.000Z,imports,msvcrt.dll,_unlock,61a4e8538da49e5c3da5b171bb06afa4,0f3ff303f0dfcc2ac3d1fba99e970efc7d4f9517bcb6014652385e671c113fa6,c:\Windows\WinSxS\amd64_microsoft-windows-t..platform-comruntime_31bf3856ad364e35_10.0.18362.1_none_9cedf7d4b447d0b3\rtscom.dll
14,rtscom.dll,181248,3,163309549,1975-03-06T03:45:49.000Z,imports,msvcrt.dll,atan2f,61a4e8538da49e5c3da5b171bb06afa4,0f3ff303f0dfcc2ac3d1fba99e970efc7d4f9517bcb6014652385e671c113fa6,c:\Windows\WinSxS\amd64_microsoft-windows-t..platform-comruntime_31bf3856ad364e35_10.0.18362.1_none_9cedf7d4b447d0b3\rtscom.dll
15,rtscom.dll,181248,3,163309549,1975-03-06T03:45:49.000Z,imports,msvcrt.dll,free,61a4e8538da49e5c3da5b171bb06afa4,0f3ff303f0dfcc2ac3d1fba99e970efc7d4f9517bcb6014652385e671c113fa6,c:\Windows\WinSxS\amd64_microsoft-windows-t..platform-comruntime_31bf3856ad364e35_10.0.18362.1_none_9cedf7d4b447d0b3\rtscom.dll
16,rtscom.dll,181248,3,163309549,1975-03-06T03:45:49.000Z,imports,msvcrt.dll,log,61a4e8538da49e5c3da5b171bb06afa4,0f3ff303f0dfcc2ac3d1fba99e970efc7d4f9517bcb6014652385e671c113fa6,c:\Windows\WinSxS\amd64_microsoft-windows-t..platform-comruntime_31bf3856ad364e35_10.0.18362.1_none_9cedf7d4b447d0b3\rtscom.dll
17,rtscom.dll,181248,3,163309549,1975-03-06T03:45:49.000Z,imports,msvcrt.dll,malloc,61a4e8538da49e5c3da5b171bb06afa4,0f3ff303f0dfcc2ac3d1fba99e970efc7d4f9517bcb6014652385e671c113fa6,c:\Windows\WinSxS\amd64_microsoft-windows-t..platform-comruntime_31bf3856ad364e35_10.0.18362.1_none_9cedf7d4b447d0b3\rtscom.dll
18,rtscom.dll,181248,3,163309549,1975-03-06T03:45:49.000Z,imports,msvcrt.dll,memcmp,61a4e8538da49e5c3da5b171bb06afa4,0f3ff303f0dfcc2ac3d1fba99e970efc7d4f9517bcb6014652385e671c113fa6,c:\Windows\WinSxS\amd64_microsoft-windows-t..platform-comruntime_31bf3856ad364e35_10.0.18362.1_none_9cedf7d4b447d0b3\rtscom.dll
19,rtscom.dll,181248,3,163309549,1975-03-06T03:45:49.000Z,imports,msvcrt.dll,memcpy,61a4e8538da49e5c3da5b171bb06afa4,0f3ff303f0dfcc2ac3d1fba99e970efc7d4f9517bcb6014652385e671c113fa6,c:\Windows\WinSxS\amd64_microsoft-windows-t..platform-comruntime_31bf3856ad364e35_10.0.18362.1_none_9cedf7d4b447d0b3\rtscom.dll
20,rtscom.dll,181248,3,163309549,1975-03-06T03:45:49.000Z,imports,msvcrt.dll,memmove,61a4e8538da49e5c3da5b171bb06afa4,0f3ff303f0dfcc2ac3d1fba99e970efc7d4f9517bcb6014652385e671c113fa6,c:\Windows\WinSxS\amd64_microsoft-windows-t..platform-comruntime_31bf3856ad364e35_10.0.18362.1_none_9cedf7d4b447d0b3\rtscom.dll
21,rtscom.dll,181248,3,163309549,1975-03-06T03:45:49.000Z,imports,msvcrt.dll,memset,61a4e8538da49e5c3da5b171bb06afa4,0f3ff303f0dfcc2ac3d1fba99e970efc7d4f9517bcb6014652385e671c113fa6,c:\Windows\WinSxS\amd64_microsoft-windows-t..platform-comruntime_31bf3856ad364e35_10.0.18362.1_none_9cedf7d4b447d0b3\rtscom.dll
22,rtscom.dll,181248,3,163309549,1975-03-06T03:45:49.000Z,imports,msvcrt.dll,pow,61a4e8538da49e5c3da5b171bb06afa4,0f3ff303f0dfcc2ac3d1fba99e970efc7d4f9517bcb6014652385e671c113fa6,c:\Windows\WinSxS\amd64_microsoft-windows-t..platform-comruntime_31bf3856ad364e35_10.0.18362.1_none_9cedf7d4b447d0b3\rtscom.dll
23,rtscom.dll,181248,3,163309549,1975-03-06T03:45:49.000Z,imports,msvcrt.dll,powf,61a4e8538da49e5c3da5b171bb06afa4,0f3ff303f0dfcc2ac3d1fba99e970efc7d4f9517bcb6014652385e671c113fa6,c:\Windows\WinSxS\amd64_microsoft-windows-t..platform-comruntime_31bf3856ad364e35_10.0.18362.1_none_9cedf7d4b447d0b3\rtscom.dll
24,rtscom.dll,181248,3,163309549,1975-03-06T03:45:49.000Z,imports,msvcrt.dll,realloc,61a4e8538da49e5c3da5b171bb06afa4,0f3ff303f0dfcc2ac3d1fba99e970efc7d4f9517bcb6014652385e671c113fa6,c:\Windows\WinSxS\amd64_microsoft-windows-t..platform-comruntime_31bf3856ad364e35_10.0.18362.1_none_9cedf7d4b447d0b3\rtscom.dll
25,rtscom.dll,181248,3,163309549,1975-03-06T03:45:49.000Z,imports,msvcrt.dll,sqrt,61a4e8538da49e5c3da5b171bb06afa4,0f3ff303f0dfcc2ac3d1fba99e970efc7d4f9517bcb6014652385e671c113fa6,c:\Windows\WinSxS\amd64_microsoft-windows-t..platform-comruntime_31bf3856ad364e35_10.0.18362.1_none_9cedf7d4b447d0b3\rtscom.dll
26,rtscom.dll,181248,3,163309549,1975-03-06T03:45:49.000Z,imports,msvcrt.dll,sqrtf,61a4e8538da49e5c3da5b171bb06afa4,0f3ff303f0dfcc2ac3d1fba99e970efc7d4f9517bcb6014652385e671c113fa6,c:\Windows\WinSxS\amd64_microsoft-windows-t..platform-comruntime_31bf3856ad364e35_10.0.18362.1_none_9cedf7d4b447d0b3\rtscom.dll
27,rtscom.dll,181248,3,163309549,1975-03-06T03:45:49.000Z,imports,msvcrt.dll,wcscat_s,61a4e8538da49e5c3da5b171bb06afa4,0f3ff303f0dfcc2ac3d1fba99e970efc7d4f9517bcb6014652385e671c113fa6,c:\Windows\WinSxS\amd64_microsoft-windows-t..platform-comruntime_31bf3856ad364e35_10.0.18362.1_none_9cedf7d4b447d0b3\rtscom.dll
28,rtscom.dll,181248,3,163309549,1975-03-06T03:45:49.000Z,imports,api-ms-win-core-libraryloader-l1-2-0.dll,DisableThreadLibraryCalls,61a4e8538da49e5c3da5b171bb06afa4,0f3ff303f0dfcc2ac3d1fba99e970efc7d4f9517bcb6014652385e671c113fa6,c:\Windows\WinSxS\amd64_microsoft-windows-t..platform-comruntime_31bf3856ad364e35_10.0.18362.1_none_9cedf7d4b447d0b3\rtscom.dll
29,rtscom.dll,181248,3,163309549,1975-03-06T03:45:49.000Z,imports,api-ms-win-core-libraryloader-l1-2-0.dll,FindResourceExW,61a4e8538da49e5c3da5b171bb06afa4,0f3ff303f0dfcc2ac3d1fba99e970efc7d4f9517bcb6014652385e671c113fa6,c:\Windows\WinSxS\amd64_microsoft-windows-t..platform-comruntime_31bf3856ad364e35_10.0.18362.1_none_9cedf7d4b447d0b3\rtscom.dll
30,rtscom.dll,181248,3,163309549,1975-03-06T03:45:49.000Z,imports,api-ms-win-core-libraryloader-l1-2-0.dll,FreeLibrary,61a4e8538da49e5c3da5b171bb06afa4,0f3ff303f0dfcc2ac3d1fba99e970efc7d4f9517bcb6014652385e671c113fa6,c:\Windows\WinSxS\amd64_microsoft-windows-t..platform-comruntime_31bf3856ad364e35_10.0.18362.1_none_9cedf7d4b447d0b3\rtscom.dll
31,rtscom.dll,181248,3,163309549,1975-03-06T03:45:49.000Z,imports,api-ms-win-core-libraryloader-l1-2-0.dll,GetModuleFileNameW,61a4e8538da49e5c3da5b171bb06afa4,0f3ff303f0dfcc2ac3d1fba99e970efc7d4f9517bcb6014652385e671c113fa6,c:\Windows\WinSxS\amd64_microsoft-windows-t..platform-comruntime_31bf3856ad364e35_10.0.18362.1_none_9cedf7d4b447d0b3\rtscom.dll
32,rtscom.dll,181248,3,163309549,1975-03-06T03:45:49.000Z,imports,api-ms-win-core-libraryloader-l1-2-0.dll,GetModuleHandleW,61a4e8538da49e5c3da5b171bb06afa4,0f3ff303f0dfcc2ac3d1fba99e970efc7d4f9517bcb6014652385e671c113fa6,c:\Windows\WinSxS\amd64_microsoft-windows-t..platform-comruntime_31bf3856ad364e35_10.0.18362.1_none_9cedf7d4b447d0b3\rtscom.dll
33,rtscom.dll,181248,3,163309549,1975-03-06T03:45:49.000Z,imports,api-ms-win-core-libraryloader-l1-2-0.dll,GetProcAddress,61a4e8538da49e5c3da5b171bb06afa4,0f3ff303f0dfcc2ac3d1fba99e970efc7d4f9517bcb6014652385e671c113fa6,c:\Windows\WinSxS\amd64_microsoft-windows-t..platform-comruntime_31bf3856ad364e35_10.0.18362.1_none_9cedf7d4b447d0b3\rtscom.dll
34,rtscom.dll,181248,3,163309549,1975-03-06T03:45:49.000Z,imports,api-ms-win-core-libraryloader-l1-2-0.dll,LoadLibraryExW,61a4e8538da49e5c3da5b171bb06afa4,0f3ff303f0dfcc2ac3d1fba99e970efc7d4f9517bcb6014652385e671c113fa6,c:\Windows\WinSxS\amd64_microsoft-windows-t..platform-comruntime_31bf3856ad364e35_10.0.18362.1_none_9cedf7d4b447d0b3\rtscom.dll
35,rtscom.dll,181248,3,163309549,1975-03-06T03:45:49.000Z,imports,api-ms-win-core-libraryloader-l1-2-0.dll,LoadResource,61a4e8538da49e5c3da5b171bb06afa4,0f3ff303f0dfcc2ac3d1fba99e970efc7d4f9517bcb6014652385e671c113fa6,c:\Windows\WinSxS\amd64_microsoft-windows-t..platform-comruntime_31bf3856ad364e35_10.0.18362.1_none_9cedf7d4b447d0b3\rtscom.dll
36,rtscom.dll,181248,3,163309549,1975-03-06T03:45:49.000Z,imports,api-ms-win-core-libraryloader-l1-2-0.dll,SizeofResource,61a4e8538da49e5c3da5b171bb06afa4,0f3ff303f0dfcc2ac3d1fba99e970efc7d4f9517bcb6014652385e671c113fa6,c:\Windows\WinSxS\amd64_microsoft-windows-t..platform-comruntime_31bf3856ad364e35_10.0.18362.1_none_9cedf7d4b447d0b3\rtscom.dll
37,rtscom.dll,181248,3,163309549,1975-03-06T03:45:49.000Z,imports,api-ms-win-core-string-l2-1-0.dll,CharNextW,61a4e8538da49e5c3da5b171bb06afa4,0f3ff303f0dfcc2ac3d1fba99e970efc7d4f9517bcb6014652385e671c113fa6,c:\Windows\WinSxS\amd64_microsoft-windows-t..platform-comruntime_31bf3856ad364e35_10.0.18362.1_none_9cedf7d4b447d0b3\rtscom.dll
38,rtscom.dll,181248,3,163309549,1975-03-06T03:45:49.000Z,imports,api-ms-win-core-string-l2-1-0.dll,CharPrevW,61a4e8538da49e5c3da5b171bb06afa4,0f3ff303f0dfcc2ac3d1fba99e970efc7d4f9517bcb6014652385e671c113fa6,c:\Windows\WinSxS\amd64_microsoft-windows-t..platform-comruntime_31bf3856ad364e35_10.0.18362.1_none_9cedf7d4b447d0b3\rtscom.dll
39,rtscom.dll,181248,3,163309549,1975-03-06T03:45:49.000Z,imports,api-ms-win-core-errorhandling-l1-1-0.dll,GetLastError,61a4e8538da49e5c3da5b171bb06afa4,0f3ff303f0dfcc2ac3d1fba99e970efc7d4f9517bcb6014652385e671c113fa6,c:\Windows\WinSxS\amd64_microsoft-windows-t..platform-comruntime_31bf3856ad364e35_10.0.18362.1_none_9cedf7d4b447d0b3\rtscom.dll
40,rtscom.dll,181248,3,163309549,1975-03-06T03:45:49.000Z,imports,api-ms-win-core-errorhandling-l1-1-0.dll,SetUnhandledExceptionFilter,61a4e8538da49e5c3da5b171bb06afa4,0f3ff303f0dfcc2ac3d1fba99e970efc7d4f9517bcb6014652385e671c113fa6,c:\Windows\WinSxS\amd64_microsoft-windows-t..platform-comruntime_31bf3856ad364e35_10.0.18362.1_none_9cedf7d4b447d0b3\rtscom.dll
41,rtscom.dll,181248,3,163309549,1975-03-06T03:45:49.000Z,imports,api-ms-win-core-errorhandling-l1-1-0.dll,UnhandledExceptionFilter,61a4e8538da49e5c3da5b171bb06afa4,0f3ff303f0dfcc2ac3d1fba99e970efc7d4f9517bcb6014652385e671c113fa6,c:\Windows\WinSxS\amd64_microsoft-windows-t..platform-comruntime_31bf3856ad364e35_10.0.18362.1_none_9cedf7d4b447d0b3\rtscom.dll
42,rtscom.dll,181248,3,163309549,1975-03-06T03:45:49.000Z,imports,api-ms-win-core-registry-l1-1-0.dll,RegCloseKey,61a4e8538da49e5c3da5b171bb06afa4,0f3ff303f0dfcc2ac3d1fba99e970efc7d4f9517bcb6014652385e671c113fa6,c:\Windows\WinSxS\amd64_microsoft-windows-t..platform-comruntime_31bf3856ad364e35_10.0.18362.1_none_9cedf7d4b447d0b3\rtscom.dll
43,rtscom.dll,181248,3,163309549,1975-03-06T03:45:49.000Z,imports,api-ms-win-core-registry-l1-1-0.dll,RegCreateKeyExW,61a4e8538da49e5c3da5b171bb06afa4,0f3ff303f0dfcc2ac3d1fba99e970efc7d4f9517bcb6014652385e671c113fa6,c:\Windows\WinSxS\amd64_microsoft-windows-t..platform-comruntime_31bf3856ad364e35_10.0.18362.1_none_9cedf7d4b447d0b3\rtscom.dll
44,rtscom.dll,181248,3,163309549,1975-03-06T03:45:49.000Z,imports,api-ms-win-core-registry-l1-1-0.dll,RegDeleteValueW,61a4e8538da49e5c3da5b171bb06afa4,0f3ff303f0dfcc2ac3d1fba99e970efc7d4f9517bcb6014652385e671c113fa6,c:\Windows\WinSxS\amd64_microsoft-windows-t..platform-comruntime_31bf3856ad364e35_10.0.18362.1_none_9cedf7d4b447d0b3\rtscom.dll
45,rtscom.dll,181248,3,163309549,1975-03-06T03:45:49.000Z,imports,api-ms-win-core-registry-l1-1-0.dll,RegEnumKeyExW,61a4e8538da49e5c3da5b171bb06afa4,0f3ff303f0dfcc2ac3d1fba99e970efc7d4f9517bcb6014652385e671c113fa6,c:\Windows\WinSxS\amd64_microsoft-windows-t..platform-comruntime_31bf3856ad364e35_10.0.18362.1_none_9cedf7d4b447d0b3\rtscom.dll
46,rtscom.dll,181248,3,163309549,1975-03-06T03:45:49.000Z,imports,api-ms-win-core-registry-l1-1-0.dll,RegEnumValueW,61a4e8538da49e5c3da5b171bb06afa4,0f3ff303f0dfcc2ac3d1fba99e970efc7d4f9517bcb6014652385e671c113fa6,c:\Windows\WinSxS\amd64_microsoft-windows-t..platform-comruntime_31bf3856ad364e35_10.0.18362.1_none_9cedf7d4b447d0b3\rtscom.dll
47,rtscom.dll,181248,3,163309549,1975-03-06T03:45:49.000Z,imports,api-ms-win-core-registry-l1-1-0.dll,RegOpenKeyExW,61a4e8538da49e5c3da5b171bb06afa4,0f3ff303f0dfcc2ac3d1fba99e970efc7d4f9517bcb6014652385e671c113fa6,c:\Windows\WinSxS\amd64_microsoft-windows-t..platform-comruntime_31bf3856ad364e35_10.0.18362.1_none_9cedf7d4b447d0b3\rtscom.dll
48,rtscom.dll,181248,3,163309549,1975-03-06T03:45:49.000Z,imports,api-ms-win-core-registry-l1-1-0.dll,RegQueryInfoKeyW,61a4e8538da49e5c3da5b171bb06afa4,0f3ff303f0dfcc2ac3d1fba99e970efc7d4f9517bcb6014652385e671c113fa6,c:\Windows\WinSxS\amd64_microsoft-windows-t..platform-comruntime_31bf3856ad364e35_10.0.18362.1_none_9cedf7d4b447d0b3\rtscom.dll
49,rtscom.dll,181248,3,163309549,1975-03-06T03:45:49.000Z,imports,api-ms-win-core-registry-l1-1-0.dll,RegSetValueExW,61a4e8538da49e5c3da5b171bb06afa4,0f3ff303f0dfcc2ac3d1fba99e970efc7d4f9517bcb6014652385e671c113fa6,c:\Windows\WinSxS\amd64_microsoft-windows-t..platform-comruntime_31bf3856ad364e35_10.0.18362.1_none_9cedf7d4b447d0b3\rtscom.dll
50,rtscom.dll,181248,3,163309549,1975-03-06T03:45:49.000Z,imports,api-ms-win-core-memory-l1-1-0.dll,VirtualAlloc,61a4e8538da49e5c3da5b171bb06afa4,0f3ff303f0dfcc2ac3d1fba99e970efc7d4f9517bcb6014652385e671c113fa6,c:\Windows\WinSxS\amd64_microsoft-windows-t..platform-comruntime_31bf3856ad364e35_10.0.18362.1_none_9cedf7d4b447d0b3\rtscom.dll
51,rtscom.dll,181248,3,163309549,1975-03-06T03:45:49.000Z,imports,api-ms-win-core-memory-l1-1-0.dll,VirtualProtect,61a4e8538da49e5c3da5b171bb06afa4,0f3ff303f0dfcc2ac3d1fba99e970efc7d4f9517bcb6014652385e671c113fa6,c:\Windows\WinSxS\amd64_microsoft-windows-t..platform-comruntime_31bf3856ad364e35_10.0.18362.1_none_9cedf7d4b447d0b3\rtscom.dll
52,rtscom.dll,181248,3,163309549,1975-03-06T03:45:49.000Z,imports,api-ms-win-core-memory-l1-1-0.dll,VirtualQuery,61a4e8538da49e5c3da5b171bb06afa4,0f3ff303f0dfcc2ac3d1fba99e970efc7d4f9517bcb6014652385e671c113fa6,c:\Windows\WinSxS\amd64_microsoft-windows-t..platform-comruntime_31bf3856ad364e35_10.0.18362.1_none_9cedf7d4b447d0b3\rtscom.dll
53,rtscom.dll,181248,3,163309549,1975-03-06T03:45:49.000Z,imports,api-ms-win-core-sysinfo-l1-1-0.dll,GetSystemInfo,61a4e8538da49e5c3da5b171bb06afa4,0f3ff303f0dfcc2ac3d1fba99e970efc7d4f9517bcb6014652385e671c113fa6,c:\Windows\WinSxS\amd64_microsoft-windows-t..platform-comruntime_31bf3856ad364e35_10.0.18362.1_none_9cedf7d4b447d0b3\rtscom.dll
54,rtscom.dll,181248,3,163309549,1975-03-06T03:45:49.000Z,imports,api-ms-win-core-sysinfo-l1-1-0.dll,GetSystemTimeAsFileTime,61a4e8538da49e5c3da5b171bb06afa4,0f3ff303f0dfcc2ac3d1fba99e970efc7d4f9517bcb6014652385e671c113fa6,c:\Windows\WinSxS\amd64_microsoft-windows-t..platform-comruntime_31bf3856ad364e35_10.0.18362.1_none_9cedf7d4b447d0b3\rtscom.dll
55,rtscom.dll,181248,3,163309549,1975-03-06T03:45:49.000Z,imports,api-ms-win-core-sysinfo-l1-1-0.dll,GetTickCount,61a4e8538da49e5c3da5b171bb06afa4,0f3ff303f0dfcc2ac3d1fba99e970efc7d4f9517bcb6014652385e671c113fa6,c:\Windows\WinSxS\amd64_microsoft-windows-t..platform-comruntime_31bf3856ad364e35_10.0.18362.1_none_9cedf7d4b447d0b3\rtscom.dll
56,rtscom.dll,181248,3,163309549,1975-03-06T03:45:49.000Z,imports,api-ms-win-core-synch-l1-1-0.dll,AcquireSRWLockExclusive,61a4e8538da49e5c3da5b171bb06afa4,0f3ff303f0dfcc2ac3d1fba99e970efc7d4f9517bcb6014652385e671c113fa6,c:\Windows\WinSxS\amd64_microsoft-windows-t..platform-comruntime_31bf3856ad364e35_10.0.18362.1_none_9cedf7d4b447d0b3\rtscom.dll
57,rtscom.dll,181248,3,163309549,1975-03-06T03:45:49.000Z,imports,api-ms-win-core-synch-l1-1-0.dll,DeleteCriticalSection,61a4e8538da49e5c3da5b171bb06afa4,0f3ff303f0dfcc2ac3d1fba99e970efc7d4f9517bcb6014652385e671c113fa6,c:\Windows\WinSxS\amd64_microsoft-windows-t..platform-comruntime_31bf3856ad364e35_10.0.18362.1_none_9cedf7d4b447d0b3\rtscom.dll
58,rtscom.dll,181248,3,163309549,1975-03-06T03:45:49.000Z,imports,api-ms-win-core-synch-l1-1-0.dll,EnterCriticalSection,61a4e8538da49e5c3da5b171bb06afa4,0f3ff303f0dfcc2ac3d1fba99e970efc7d4f9517bcb6014652385e671c113fa6,c:\Windows\WinSxS\amd64_microsoft-windows-t..platform-comruntime_31bf3856ad364e35_10.0.18362.1_none_9cedf7d4b447d0b3\rtscom.dll
59,rtscom.dll,181248,3,163309549,1975-03-06T03:45:49.000Z,imports,api-ms-win-core-synch-l1-1-0.dll,InitializeCriticalSection,61a4e8538da49e5c3da5b171bb06afa4,0f3ff303f0dfcc2ac3d1fba99e970efc7d4f9517bcb6014652385e671c113fa6,c:\Windows\WinSxS\amd64_microsoft-windows-t..platform-comruntime_31bf3856ad364e35_10.0.18362.1_none_9cedf7d4b447d0b3\rtscom.dll
60,rtscom.dll,181248,3,163309549,1975-03-06T03:45:49.000Z,imports,api-ms-win-core-synch-l1-1-0.dll,InitializeCriticalSectionAndSpinCount,61a4e8538da49e5c3da5b171bb06afa4,0f3ff303f0dfcc2ac3d1fba99e970efc7d4f9517bcb6014652385e671c113fa6,c:\Windows\WinSxS\amd64_microsoft-windows-t..platform-comruntime_31bf3856ad364e35_10.0.18362.1_none_9cedf7d4b447d0b3\rtscom.dll
61,rtscom.dll,181248,3,163309549,1975-03-06T03:45:49.000Z,imports,api-ms-win-core-synch-l1-1-0.dll,LeaveCriticalSection,61a4e8538da49e5c3da5b171bb06afa4,0f3ff303f0dfcc2ac3d1fba99e970efc7d4f9517bcb6014652385e671c113fa6,c:\Windows\WinSxS\amd64_microsoft-windows-t..platform-comruntime_31bf3856ad364e35_10.0.18362.1_none_9cedf7d4b447d0b3\rtscom.dll
62,rtscom.dll,181248,3,163309549,1975-03-06T03:45:49.000Z,imports,api-ms-win-core-synch-l1-1-0.dll,ReleaseSRWLockExclusive,61a4e8538da49e5c3da5b171bb06afa4,0f3ff303f0dfcc2ac3d1fba99e970efc7d4f9517bcb6014652385e671c113fa6,c:\Windows\WinSxS\amd64_microsoft-windows-t..platform-comruntime_31bf3856ad364e35_10.0.18362.1_none_9cedf7d4b447d0b3\rtscom.dll
63,rtscom.dll,181248,3,163309549,1975-03-06T03:45:49.000Z,imports,api-ms-win-core-string-l1-1-0.dll,MultiByteToWideChar,61a4e8538da49e5c3da5b171bb06afa4,0f3ff303f0dfcc2ac3d1fba99e970efc7d4f9517bcb6014652385e671c113fa6,c:\Windows\WinSxS\amd64_microsoft-windows-t..platform-comruntime_31bf3856ad364e35_10.0.18362.1_none_9cedf7d4b447d0b3\rtscom.dll
64,rtscom.dll,181248,3,163309549,1975-03-06T03:45:49.000Z,imports,api-ms-win-core-heap-l1-1-0.dll,HeapAlloc,61a4e8538da49e5c3da5b171bb06afa4,0f3ff303f0dfcc2ac3d1fba99e970efc7d4f9517bcb6014652385e671c113fa6,c:\Windows\WinSxS\amd64_microsoft-windows-t..platform-comruntime_31bf3856ad364e35_10.0.18362.1_none_9cedf7d4b447d0b3\rtscom.dll
65,rtscom.dll,181248,3,163309549,1975-03-06T03:45:49.000Z,imports,api-ms-win-core-heap-l1-1-0.dll,HeapCreate,61a4e8538da49e5c3da5b171bb06afa4,0f3ff303f0dfcc2ac3d1fba99e970efc7d4f9517bcb6014652385e671c113fa6,c:\Windows\WinSxS\amd64_microsoft-windows-t..platform-comruntime_31bf3856ad364e35_10.0.18362.1_none_9cedf7d4b447d0b3\rtscom.dll
66,rtscom.dll,181248,3,163309549,1975-03-06T03:45:49.000Z,imports,api-ms-win-core-heap-l1-1-0.dll,HeapDestroy,61a4e8538da49e5c3da5b171bb06afa4,0f3ff303f0dfcc2ac3d1fba99e970efc7d4f9517bcb6014652385e671c113fa6,c:\Windows\WinSxS\amd64_microsoft-windows-t..platform-comruntime_31bf3856ad364e35_10.0.18362.1_none_9cedf7d4b447d0b3\rtscom.dll
67,rtscom.dll,181248,3,163309549,1975-03-06T03:45:49.000Z,imports,api-ms-win-core-heap-l1-1-0.dll,HeapFree,61a4e8538da49e5c3da5b171bb06afa4,0f3ff303f0dfcc2ac3d1fba99e970efc7d4f9517bcb6014652385e671c113fa6,c:\Windows\WinSxS\amd64_microsoft-windows-t..platform-comruntime_31bf3856ad364e35_10.0.18362.1_none_9cedf7d4b447d0b3\rtscom.dll
68,rtscom.dll,181248,3,163309549,1975-03-06T03:45:49.000Z,imports,api-ms-win-core-heap-l1-1-0.dll,HeapReAlloc,61a4e8538da49e5c3da5b171bb06afa4,0f3ff303f0dfcc2ac3d1fba99e970efc7d4f9517bcb6014652385e671c113fa6,c:\Windows\WinSxS\amd64_microsoft-windows-t..platform-comruntime_31bf3856ad364e35_10.0.18362.1_none_9cedf7d4b447d0b3\rtscom.dll
69,rtscom.dll,181248,3,163309549,1975-03-06T03:45:49.000Z,imports,api-ms-win-core-processthreads-l1-1-0.dll,GetCurrentProcess,61a4e8538da49e5c3da5b171bb06afa4,0f3ff303f0dfcc2ac3d1fba99e970efc7d4f9517bcb6014652385e671c113fa6,c:\Windows\WinSxS\amd64_microsoft-windows-t..platform-comruntime_31bf3856ad364e35_10.0.18362.1_none_9cedf7d4b447d0b3\rtscom.dll
70,rtscom.dll,181248,3,163309549,1975-03-06T03:45:49.000Z,imports,api-ms-win-core-processthreads-l1-1-0.dll,GetCurrentProcessId,61a4e8538da49e5c3da5b171bb06afa4,0f3ff303f0dfcc2ac3d1fba99e970efc7d4f9517bcb6014652385e671c113fa6,c:\Windows\WinSxS\amd64_microsoft-windows-t..platform-comruntime_31bf3856ad364e35_10.0.18362.1_none_9cedf7d4b447d0b3\rtscom.dll
71,rtscom.dll,181248,3,163309549,1975-03-06T03:45:49.000Z,imports,api-ms-win-core-processthreads-l1-1-0.dll,GetCurrentThreadId,61a4e8538da49e5c3da5b171bb06afa4,0f3ff303f0dfcc2ac3d1fba99e970efc7d4f9517bcb6014652385e671c113fa6,c:\Windows\WinSxS\amd64_microsoft-windows-t..platform-comruntime_31bf3856ad364e35_10.0.18362.1_none_9cedf7d4b447d0b3\rtscom.dll
72,rtscom.dll,181248,3,163309549,1975-03-06T03:45:49.000Z,imports,api-ms-win-core-processthreads-l1-1-0.dll,TerminateProcess,61a4e8538da49e5c3da5b171bb06afa4,0f3ff303f0dfcc2ac3d1fba99e970efc7d4f9517bcb6014652385e671c113fa6,c:\Windows\WinSxS\amd64_microsoft-windows-t..platform-comruntime_31bf3856ad364e35_10.0.18362.1_none_9cedf7d4b447d0b3\rtscom.dll
73,rtscom.dll,181248,3,163309549,1975-03-06T03:45:49.000Z,imports,api-ms-win-core-errorhandling-l1-1-1.dll,AddVectoredExceptionHandler,61a4e8538da49e5c3da5b171bb06afa4,0f3ff303f0dfcc2ac3d1fba99e970efc7d4f9517bcb6014652385e671c113fa6,c:\Windows\WinSxS\amd64_microsoft-windows-t..platform-comruntime_31bf3856ad364e35_10.0.18362.1_none_9cedf7d4b447d0b3\rtscom.dll
74,rtscom.dll,181248,3,163309549,1975-03-06T03:45:49.000Z,imports,api-ms-win-core-errorhandling-l1-1-1.dll,RemoveVectoredExceptionHandler,61a4e8538da49e5c3da5b171bb06afa4,0f3ff303f0dfcc2ac3d1fba99e970efc7d4f9517bcb6014652385e671c113fa6,c:\Windows\WinSxS\amd64_microsoft-windows-t..platform-comruntime_31bf3856ad364e35_10.0.18362.1_none_9cedf7d4b447d0b3\rtscom.dll
75,rtscom.dll,181248,3,163309549,1975-03-06T03:45:49.000Z,imports,api-ms-win-core-profile-l1-1-0.dll,QueryPerformanceCounter,61a4e8538da49e5c3da5b171bb06afa4,0f3ff303f0dfcc2ac3d1fba99e970efc7d4f9517bcb6014652385e671c113fa6,c:\Windows\WinSxS\amd64_microsoft-windows-t..platform-comruntime_31bf3856ad364e35_10.0.18362.1_none_9cedf7d4b447d0b3\rtscom.dll
76,rtscom.dll,181248,3,163309549,1975-03-06T03:45:49.000Z,imports,api-ms-win-core-synch-l1-2-0.dll,Sleep,61a4e8538da49e5c3da5b171bb06afa4,0f3ff303f0dfcc2ac3d1fba99e970efc7d4f9517bcb6014652385e671c113fa6,c:\Windows\WinSxS\amd64_microsoft-windows-t..platform-comruntime_31bf3856ad364e35_10.0.18362.1_none_9cedf7d4b447d0b3\rtscom.dll
77,rtscom.dll,181248,3,163309549,1975-03-06T03:45:49.000Z,imports,api-ms-win-core-synch-l1-2-0.dll,SleepConditionVariableSRW,61a4e8538da49e5c3da5b171bb06afa4,0f3ff303f0dfcc2ac3d1fba99e970efc7d4f9517bcb6014652385e671c113fa6,c:\Windows\WinSxS\amd64_microsoft-windows-t..platform-comruntime_31bf3856ad364e35_10.0.18362.1_none_9cedf7d4b447d0b3\rtscom.dll
78,rtscom.dll,181248,3,163309549,1975-03-06T03:45:49.000Z,imports,api-ms-win-core-synch-l1-2-0.dll,WakeAllConditionVariable,61a4e8538da49e5c3da5b171bb06afa4,0f3ff303f0dfcc2ac3d1fba99e970efc7d4f9517bcb6014652385e671c113fa6,c:\Windows\WinSxS\amd64_microsoft-windows-t..platform-comruntime_31bf3856ad364e35_10.0.18362.1_none_9cedf7d4b447d0b3\rtscom.dll
79,rtscom.dll,181248,3,163309549,1975-03-06T03:45:49.000Z,imports,api-ms-win-core-rtlsupport-l1-1-0.dll,RtlCaptureContext,61a4e8538da49e5c3da5b171bb06afa4,0f3ff303f0dfcc2ac3d1fba99e970efc7d4f9517bcb6014652385e671c113fa6,c:\Windows\WinSxS\amd64_microsoft-windows-t..platform-comruntime_31bf3856ad364e35_10.0.18362.1_none_9cedf7d4b447d0b3\rtscom.dll
80,rtscom.dll,181248,3,163309549,1975-03-06T03:45:49.000Z,imports,api-ms-win-core-rtlsupport-l1-1-0.dll,RtlLookupFunctionEntry,61a4e8538da49e5c3da5b171bb06afa4,0f3ff303f0dfcc2ac3d1fba99e970efc7d4f9517bcb6014652385e671c113fa6,c:\Windows\WinSxS\amd64_microsoft-windows-t..platform-comruntime_31bf3856ad364e35_10.0.18362.1_none_9cedf7d4b447d0b3\rtscom.dll
81,rtscom.dll,181248,3,163309549,1975-03-06T03:45:49.000Z,imports,api-ms-win-core-rtlsupport-l1-1-0.dll,RtlVirtualUnwind,61a4e8538da49e5c3da5b171bb06afa4,0f3ff303f0dfcc2ac3d1fba99e970efc7d4f9517bcb6014652385e671c113fa6,c:\Windows\WinSxS\amd64_microsoft-windows-t..platform-comruntime_31bf3856ad364e35_10.0.18362.1_none_9cedf7d4b447d0b3\rtscom.dll
82,rtscom.dll,181248,3,163309549,1975-03-06T03:45:49.000Z,imports,ntdll.dll,EtwEventRegister,61a4e8538da49e5c3da5b171bb06afa4,0f3ff303f0dfcc2ac3d1fba99e970efc7d4f9517bcb6014652385e671c113fa6,c:\Windows\WinSxS\amd64_microsoft-windows-t..platform-comruntime_31bf3856ad364e35_10.0.18362.1_none_9cedf7d4b447d0b3\rtscom.dll
83,rtscom.dll,181248,3,163309549,1975-03-06T03:45:49.000Z,imports,ntdll.dll,EtwEventUnregister,61a4e8538da49e5c3da5b171bb06afa4,0f3ff303f0dfcc2ac3d1fba99e970efc7d4f9517bcb6014652385e671c113fa6,c:\Windows\WinSxS\amd64_microsoft-windows-t..platform-comruntime_31bf3856ad364e35_10.0.18362.1_none_9cedf7d4b447d0b3\rtscom.dll
84,rtscom.dll,181248,3,163309549,1975-03-06T03:45:49.000Z,imports,ntdll.dll,EtwEventWriteTransfer,61a4e8538da49e5c3da5b171bb06afa4,0f3ff303f0dfcc2ac3d1fba99e970efc7d4f9517bcb6014652385e671c113fa6,c:\Windows\WinSxS\amd64_microsoft-windows-t..platform-comruntime_31bf3856ad364e35_10.0.18362.1_none_9cedf7d4b447d0b3\rtscom.dll
85,rtscom.dll,181248,3,163309549,1975-03-06T03:45:49.000Z,imports,ntdll.dll,EtwGetTraceEnableFlags,61a4e8538da49e5c3da5b171bb06afa4,0f3ff303f0dfcc2ac3d1fba99e970efc7d4f9517bcb6014652385e671c113fa6,c:\Windows\WinSxS\amd64_microsoft-windows-t..platform-comruntime_31bf3856ad364e35_10.0.18362.1_none_9cedf7d4b447d0b3\rtscom.dll
86,rtscom.dll,181248,3,163309549,1975-03-06T03:45:49.000Z,imports,ntdll.dll,EtwGetTraceEnableLevel,61a4e8538da49e5c3da5b171bb06afa4,0f3ff303f0dfcc2ac3d1fba99e970efc7d4f9517bcb6014652385e671c113fa6,c:\Windows\WinSxS\amd64_microsoft-windows-t..platform-comruntime_31bf3856ad364e35_10.0.18362.1_none_9cedf7d4b447d0b3\rtscom.dll
87,rtscom.dll,181248,3,163309549,1975-03-06T03:45:49.000Z,imports,ntdll.dll,EtwGetTraceLoggerHandle,61a4e8538da49e5c3da5b171bb06afa4,0f3ff303f0dfcc2ac3d1fba99e970efc7d4f9517bcb6014652385e671c113fa6,c:\Windows\WinSxS\amd64_microsoft-windows-t..platform-comruntime_31bf3856ad364e35_10.0.18362.1_none_9cedf7d4b447d0b3\rtscom.dll
88,rtscom.dll,181248,3,163309549,1975-03-06T03:45:49.000Z,imports,ntdll.dll,EtwRegisterTraceGuidsW,61a4e8538da49e5c3da5b171bb06afa4,0f3ff303f0dfcc2ac3d1fba99e970efc7d4f9517bcb6014652385e671c113fa6,c:\Windows\WinSxS\amd64_microsoft-windows-t..platform-comruntime_31bf3856ad364e35_10.0.18362.1_none_9cedf7d4b447d0b3\rtscom.dll
89,rtscom.dll,181248,3,163309549,1975-03-06T03:45:49.000Z,imports,ntdll.dll,EtwTraceMessage,61a4e8538da49e5c3da5b171bb06afa4,0f3ff303f0dfcc2ac3d1fba99e970efc7d4f9517bcb6014652385e671c113fa6,c:\Windows\WinSxS\amd64_microsoft-windows-t..platform-comruntime_31bf3856ad364e35_10.0.18362.1_none_9cedf7d4b447d0b3\rtscom.dll
90,rtscom.dll,181248,3,163309549,1975-03-06T03:45:49.000Z,imports,ntdll.dll,EtwUnregisterTraceGuids,61a4e8538da49e5c3da5b171bb06afa4,0f3ff303f0dfcc2ac3d1fba99e970efc7d4f9517bcb6014652385e671c113fa6,c:\Windows\WinSxS\amd64_microsoft-windows-t..platform-comruntime_31bf3856ad364e35_10.0.18362.1_none_9cedf7d4b447d0b3\rtscom.dll
91,rtscom.dll,181248,3,163309549,1975-03-06T03:45:49.000Z,imports,ntdll.dll,RtlReportException,61a4e8538da49e5c3da5b171bb06afa4,0f3ff303f0dfcc2ac3d1fba99e970efc7d4f9517bcb6014652385e671c113fa6,c:\Windows\WinSxS\amd64_microsoft-windows-t..platform-comruntime_31bf3856ad364e35_10.0.18362.1_none_9cedf7d4b447d0b3\rtscom.dll
92,rtscom.dll,181248,3,163309549,1975-03-06T03:45:49.000Z,imports,api-ms-win-core-string-obsolete-l1-1-0.dll,lstrcmpiW,61a4e8538da49e5c3da5b171bb06afa4,0f3ff303f0dfcc2ac3d1fba99e970efc7d4f9517bcb6014652385e671c113fa6,c:\Windows\WinSxS\amd64_microsoft-windows-t..platform-comruntime_31bf3856ad364e35_10.0.18362.1_none_9cedf7d4b447d0b3\rtscom.dll
93,rtscom.dll,181248,3,163309549,1975-03-06T03:45:49.000Z,imports,api-ms-win-core-string-obsolete-l1-1-0.dll,lstrcpynW,61a4e8538da49e5c3da5b171bb06afa4,0f3ff303f0dfcc2ac3d1fba99e970efc7d4f9517bcb6014652385e671c113fa6,c:\Windows\WinSxS\amd64_microsoft-windows-t..platform-comruntime_31bf3856ad364e35_10.0.18362.1_none_9cedf7d4b447d0b3\rtscom.dll
94,rtscom.dll,181248,3,163309549,1975-03-06T03:45:49.000Z,imports,api-ms-win-core-delayload-l1-1-1.dll,ResolveDelayLoadedAPI,61a4e8538da49e5c3da5b171bb06afa4,0f3ff303f0dfcc2ac3d1fba99e970efc7d4f9517bcb6014652385e671c113fa6,c:\Windows\WinSxS\amd64_microsoft-windows-t..platform-comruntime_31bf3856ad364e35_10.0.18362.1_none_9cedf7d4b447d0b3\rtscom.dll
95,rtscom.dll,181248,3,163309549,1975-03-06T03:45:49.000Z,imports,api-ms-win-core-delayload-l1-1-0.dll,DelayLoadFailureHook,61a4e8538da49e5c3da5b171bb06afa4,0f3ff303f0dfcc2ac3d1fba99e970efc7d4f9517bcb6014652385e671c113fa6,c:\Windows\WinSxS\amd64_microsoft-windows-t..platform-comruntime_31bf3856ad364e35_10.0.18362.1_none_9cedf7d4b447d0b3\rtscom.dll
96,rtscom.dll,181248,3,163309549,1975-03-06T03:45:49.000Z,exports,rtscom.dll,DllCanUnloadNow,61a4e8538da49e5c3da5b171bb06afa4,0f3ff303f0dfcc2ac3d1fba99e970efc7d4f9517bcb6014652385e671c113fa6,c:\Windows\WinSxS\amd64_microsoft-windows-t..platform-comruntime_31bf3856ad364e35_10.0.18362.1_none_9cedf7d4b447d0b3\rtscom.dll
97,rtscom.dll,181248,3,163309549,1975-03-06T03:45:49.000Z,exports,rtscom.dll,DllGetClassObject,61a4e8538da49e5c3da5b171bb06afa4,0f3ff303f0dfcc2ac3d1fba99e970efc7d4f9517bcb6014652385e671c113fa6,c:\Windows\WinSxS\amd64_microsoft-windows-t..platform-comruntime_31bf3856ad364e35_10.0.18362.1_none_9cedf7d4b447d0b3\rtscom.dll
98,rtscom.dll,181248,3,163309549,1975-03-06T03:45:49.000Z,exports,rtscom.dll,DllRegisterServer,61a4e8538da49e5c3da5b171bb06afa4,0f3ff303f0dfcc2ac3d1fba99e970efc7d4f9517bcb6014652385e671c113fa6,c:\Windows\WinSxS\amd64_microsoft-windows-t..platform-comruntime_31bf3856ad364e35_10.0.18362.1_none_9cedf7d4b447d0b3\rtscom.dll
99,rtscom.dll,181248,3,163309549,1975-03-06T03:45:49.000Z,exports,rtscom.dll,DllUnregisterServer,61a4e8538da49e5c3da5b171bb06afa4,0f3ff303f0dfcc2ac3d1fba99e970efc7d4f9517bcb6014652385e671c113fa6,c:\Windows\WinSxS\amd64_microsoft-windows-t..platform-comruntime_31bf3856ad364e35_10.0.18362.1_none_9cedf7d4b447d0b3\rtscom.dll
