,col0,col1,col2,col3,col4,col5,col6,col7,col8
0,Reservoir,Cutler Reservoir,USU WEAP Model 2017,Volume Elevation Curve_MA,MultiAttributeSeries,0,4213,1,04/23/2018
1,Reservoir,Cutler Reservoir,USU WEAP Model 2017,Volume Elevation Curve_MA,MultiAttributeSeries,7500,4230,2,04/23/2018
2,Reservoir,Cutler Reservoir,USU WEAP Model 2017,Volume Elevation Curve_MA,MultiAttributeSeries,21250,4240,3,04/23/2018
3,Reservoir,Cutler Reservoir,USU WEAP Model 2017,Volume Elevation Curve_MA,MultiAttributeSeries,42500,4250,4,04/23/2018
4,Reservoir,Cutler Reservoir,USU WEAP Model 2017,Volume Elevation Curve_MA,MultiAttributeSeries,70000,4260,5,04/23/2018
5,Reservoir,Cutler Reservoir,USU WEAP Model 2017,Volume Elevation Curve_MA,MultiAttributeSeries,95000,4268,6,04/23/2018
6,Reservoir,Cutler Reservoir,USU WEAP Model 2017,Volume Elevation Curve_MA,MultiAttributeSeries,120000,4275,7,04/23/2018
