,col0,col1,col2,col3,col4,col5,col6,col7,col8,col9,col10
0,KNetPwrDepBroker.sys,30720,1,2879508260,2061-03-31T15:24:20.000Z,imports,ntoskrnl.dll,EtwRegister,ed2d6d44b77b41257ee1823af7d2cba6,bdb5e915ea1e5a2177df475e00f5ebf81022c30a917432e13d6ea5bba1212226,c:\Windows\WinSxS\amd64_microsoft-windows-wwansvc_31bf3856ad364e35_10.0.18362.693_none_f70e8d7bb0da9d8e\KNetPwrDepBroker.sys
1,KNetPwrDepBroker.sys,30720,1,2879508260,2061-03-31T15:24:20.000Z,imports,ntoskrnl.dll,EtwSetInformation,ed2d6d44b77b41257ee1823af7d2cba6,bdb5e915ea1e5a2177df475e00f5ebf81022c30a917432e13d6ea5bba1212226,c:\Windows\WinSxS\amd64_microsoft-windows-wwansvc_31bf3856ad364e35_10.0.18362.693_none_f70e8d7bb0da9d8e\KNetPwrDepBroker.sys
2,KNetPwrDepBroker.sys,30720,1,2879508260,2061-03-31T15:24:20.000Z,imports,ntoskrnl.dll,EtwUnregister,ed2d6d44b77b41257ee1823af7d2cba6,bdb5e915ea1e5a2177df475e00f5ebf81022c30a917432e13d6ea5bba1212226,c:\Windows\WinSxS\amd64_microsoft-windows-wwansvc_31bf3856ad364e35_10.0.18362.693_none_f70e8d7bb0da9d8e\KNetPwrDepBroker.sys
3,KNetPwrDepBroker.sys,30720,1,2879508260,2061-03-31T15:24:20.000Z,imports,ntoskrnl.dll,EtwWriteTransfer,ed2d6d44b77b41257ee1823af7d2cba6,bdb5e915ea1e5a2177df475e00f5ebf81022c30a917432e13d6ea5bba1212226,c:\Windows\WinSxS\amd64_microsoft-windows-wwansvc_31bf3856ad364e35_10.0.18362.693_none_f70e8d7bb0da9d8e\KNetPwrDepBroker.sys
4,KNetPwrDepBroker.sys,30720,1,2879508260,2061-03-31T15:24:20.000Z,imports,ntoskrnl.dll,ExAcquireResourceExclusiveLite,ed2d6d44b77b41257ee1823af7d2cba6,bdb5e915ea1e5a2177df475e00f5ebf81022c30a917432e13d6ea5bba1212226,c:\Windows\WinSxS\amd64_microsoft-windows-wwansvc_31bf3856ad364e35_10.0.18362.693_none_f70e8d7bb0da9d8e\KNetPwrDepBroker.sys
5,KNetPwrDepBroker.sys,30720,1,2879508260,2061-03-31T15:24:20.000Z,imports,ntoskrnl.dll,ExAcquireRundownProtection,ed2d6d44b77b41257ee1823af7d2cba6,bdb5e915ea1e5a2177df475e00f5ebf81022c30a917432e13d6ea5bba1212226,c:\Windows\WinSxS\amd64_microsoft-windows-wwansvc_31bf3856ad364e35_10.0.18362.693_none_f70e8d7bb0da9d8e\KNetPwrDepBroker.sys
6,KNetPwrDepBroker.sys,30720,1,2879508260,2061-03-31T15:24:20.000Z,imports,ntoskrnl.dll,ExAllocatePoolWithTag,ed2d6d44b77b41257ee1823af7d2cba6,bdb5e915ea1e5a2177df475e00f5ebf81022c30a917432e13d6ea5bba1212226,c:\Windows\WinSxS\amd64_microsoft-windows-wwansvc_31bf3856ad364e35_10.0.18362.693_none_f70e8d7bb0da9d8e\KNetPwrDepBroker.sys
7,KNetPwrDepBroker.sys,30720,1,2879508260,2061-03-31T15:24:20.000Z,imports,ntoskrnl.dll,ExDeleteResourceLite,ed2d6d44b77b41257ee1823af7d2cba6,bdb5e915ea1e5a2177df475e00f5ebf81022c30a917432e13d6ea5bba1212226,c:\Windows\WinSxS\amd64_microsoft-windows-wwansvc_31bf3856ad364e35_10.0.18362.693_none_f70e8d7bb0da9d8e\KNetPwrDepBroker.sys
8,KNetPwrDepBroker.sys,30720,1,2879508260,2061-03-31T15:24:20.000Z,imports,ntoskrnl.dll,ExDeleteTimer,ed2d6d44b77b41257ee1823af7d2cba6,bdb5e915ea1e5a2177df475e00f5ebf81022c30a917432e13d6ea5bba1212226,c:\Windows\WinSxS\amd64_microsoft-windows-wwansvc_31bf3856ad364e35_10.0.18362.693_none_f70e8d7bb0da9d8e\KNetPwrDepBroker.sys
9,KNetPwrDepBroker.sys,30720,1,2879508260,2061-03-31T15:24:20.000Z,imports,ntoskrnl.dll,ExFreePoolWithTag,ed2d6d44b77b41257ee1823af7d2cba6,bdb5e915ea1e5a2177df475e00f5ebf81022c30a917432e13d6ea5bba1212226,c:\Windows\WinSxS\amd64_microsoft-windows-wwansvc_31bf3856ad364e35_10.0.18362.693_none_f70e8d7bb0da9d8e\KNetPwrDepBroker.sys
10,KNetPwrDepBroker.sys,30720,1,2879508260,2061-03-31T15:24:20.000Z,imports,ntoskrnl.dll,ExInitializeResourceLite,ed2d6d44b77b41257ee1823af7d2cba6,bdb5e915ea1e5a2177df475e00f5ebf81022c30a917432e13d6ea5bba1212226,c:\Windows\WinSxS\amd64_microsoft-windows-wwansvc_31bf3856ad364e35_10.0.18362.693_none_f70e8d7bb0da9d8e\KNetPwrDepBroker.sys
11,KNetPwrDepBroker.sys,30720,1,2879508260,2061-03-31T15:24:20.000Z,imports,ntoskrnl.dll,ExInitializeRundownProtection,ed2d6d44b77b41257ee1823af7d2cba6,bdb5e915ea1e5a2177df475e00f5ebf81022c30a917432e13d6ea5bba1212226,c:\Windows\WinSxS\amd64_microsoft-windows-wwansvc_31bf3856ad364e35_10.0.18362.693_none_f70e8d7bb0da9d8e\KNetPwrDepBroker.sys
12,KNetPwrDepBroker.sys,30720,1,2879508260,2061-03-31T15:24:20.000Z,imports,ntoskrnl.dll,ExQueueWorkItem,ed2d6d44b77b41257ee1823af7d2cba6,bdb5e915ea1e5a2177df475e00f5ebf81022c30a917432e13d6ea5bba1212226,c:\Windows\WinSxS\amd64_microsoft-windows-wwansvc_31bf3856ad364e35_10.0.18362.693_none_f70e8d7bb0da9d8e\KNetPwrDepBroker.sys
13,KNetPwrDepBroker.sys,30720,1,2879508260,2061-03-31T15:24:20.000Z,imports,ntoskrnl.dll,ExReleaseResourceLite,ed2d6d44b77b41257ee1823af7d2cba6,bdb5e915ea1e5a2177df475e00f5ebf81022c30a917432e13d6ea5bba1212226,c:\Windows\WinSxS\amd64_microsoft-windows-wwansvc_31bf3856ad364e35_10.0.18362.693_none_f70e8d7bb0da9d8e\KNetPwrDepBroker.sys
14,KNetPwrDepBroker.sys,30720,1,2879508260,2061-03-31T15:24:20.000Z,imports,ntoskrnl.dll,ExReleaseRundownProtection,ed2d6d44b77b41257ee1823af7d2cba6,bdb5e915ea1e5a2177df475e00f5ebf81022c30a917432e13d6ea5bba1212226,c:\Windows\WinSxS\amd64_microsoft-windows-wwansvc_31bf3856ad364e35_10.0.18362.693_none_f70e8d7bb0da9d8e\KNetPwrDepBroker.sys
15,KNetPwrDepBroker.sys,30720,1,2879508260,2061-03-31T15:24:20.000Z,imports,ntoskrnl.dll,ExRundownCompleted,ed2d6d44b77b41257ee1823af7d2cba6,bdb5e915ea1e5a2177df475e00f5ebf81022c30a917432e13d6ea5bba1212226,c:\Windows\WinSxS\amd64_microsoft-windows-wwansvc_31bf3856ad364e35_10.0.18362.693_none_f70e8d7bb0da9d8e\KNetPwrDepBroker.sys
16,KNetPwrDepBroker.sys,30720,1,2879508260,2061-03-31T15:24:20.000Z,imports,ntoskrnl.dll,ExSetTimer,ed2d6d44b77b41257ee1823af7d2cba6,bdb5e915ea1e5a2177df475e00f5ebf81022c30a917432e13d6ea5bba1212226,c:\Windows\WinSxS\amd64_microsoft-windows-wwansvc_31bf3856ad364e35_10.0.18362.693_none_f70e8d7bb0da9d8e\KNetPwrDepBroker.sys
17,KNetPwrDepBroker.sys,30720,1,2879508260,2061-03-31T15:24:20.000Z,imports,ntoskrnl.dll,ExWaitForRundownProtectionRelease,ed2d6d44b77b41257ee1823af7d2cba6,bdb5e915ea1e5a2177df475e00f5ebf81022c30a917432e13d6ea5bba1212226,c:\Windows\WinSxS\amd64_microsoft-windows-wwansvc_31bf3856ad364e35_10.0.18362.693_none_f70e8d7bb0da9d8e\KNetPwrDepBroker.sys
18,KNetPwrDepBroker.sys,30720,1,2879508260,2061-03-31T15:24:20.000Z,imports,ntoskrnl.dll,KeAcquireSpinLockRaiseToDpc,ed2d6d44b77b41257ee1823af7d2cba6,bdb5e915ea1e5a2177df475e00f5ebf81022c30a917432e13d6ea5bba1212226,c:\Windows\WinSxS\amd64_microsoft-windows-wwansvc_31bf3856ad364e35_10.0.18362.693_none_f70e8d7bb0da9d8e\KNetPwrDepBroker.sys
19,KNetPwrDepBroker.sys,30720,1,2879508260,2061-03-31T15:24:20.000Z,imports,ntoskrnl.dll,KeCancelTimer,ed2d6d44b77b41257ee1823af7d2cba6,bdb5e915ea1e5a2177df475e00f5ebf81022c30a917432e13d6ea5bba1212226,c:\Windows\WinSxS\amd64_microsoft-windows-wwansvc_31bf3856ad364e35_10.0.18362.693_none_f70e8d7bb0da9d8e\KNetPwrDepBroker.sys
20,KNetPwrDepBroker.sys,30720,1,2879508260,2061-03-31T15:24:20.000Z,imports,ntoskrnl.dll,KeInitializeDpc,ed2d6d44b77b41257ee1823af7d2cba6,bdb5e915ea1e5a2177df475e00f5ebf81022c30a917432e13d6ea5bba1212226,c:\Windows\WinSxS\amd64_microsoft-windows-wwansvc_31bf3856ad364e35_10.0.18362.693_none_f70e8d7bb0da9d8e\KNetPwrDepBroker.sys
21,KNetPwrDepBroker.sys,30720,1,2879508260,2061-03-31T15:24:20.000Z,imports,ntoskrnl.dll,KeInitializeEvent,ed2d6d44b77b41257ee1823af7d2cba6,bdb5e915ea1e5a2177df475e00f5ebf81022c30a917432e13d6ea5bba1212226,c:\Windows\WinSxS\amd64_microsoft-windows-wwansvc_31bf3856ad364e35_10.0.18362.693_none_f70e8d7bb0da9d8e\KNetPwrDepBroker.sys
22,KNetPwrDepBroker.sys,30720,1,2879508260,2061-03-31T15:24:20.000Z,imports,ntoskrnl.dll,KeInitializeMutex,ed2d6d44b77b41257ee1823af7d2cba6,bdb5e915ea1e5a2177df475e00f5ebf81022c30a917432e13d6ea5bba1212226,c:\Windows\WinSxS\amd64_microsoft-windows-wwansvc_31bf3856ad364e35_10.0.18362.693_none_f70e8d7bb0da9d8e\KNetPwrDepBroker.sys
23,KNetPwrDepBroker.sys,30720,1,2879508260,2061-03-31T15:24:20.000Z,imports,ntoskrnl.dll,KeInitializeSpinLock,ed2d6d44b77b41257ee1823af7d2cba6,bdb5e915ea1e5a2177df475e00f5ebf81022c30a917432e13d6ea5bba1212226,c:\Windows\WinSxS\amd64_microsoft-windows-wwansvc_31bf3856ad364e35_10.0.18362.693_none_f70e8d7bb0da9d8e\KNetPwrDepBroker.sys
24,KNetPwrDepBroker.sys,30720,1,2879508260,2061-03-31T15:24:20.000Z,imports,ntoskrnl.dll,KeInitializeTimerEx,ed2d6d44b77b41257ee1823af7d2cba6,bdb5e915ea1e5a2177df475e00f5ebf81022c30a917432e13d6ea5bba1212226,c:\Windows\WinSxS\amd64_microsoft-windows-wwansvc_31bf3856ad364e35_10.0.18362.693_none_f70e8d7bb0da9d8e\KNetPwrDepBroker.sys
25,KNetPwrDepBroker.sys,30720,1,2879508260,2061-03-31T15:24:20.000Z,imports,ntoskrnl.dll,KeQueryTimeIncrement,ed2d6d44b77b41257ee1823af7d2cba6,bdb5e915ea1e5a2177df475e00f5ebf81022c30a917432e13d6ea5bba1212226,c:\Windows\WinSxS\amd64_microsoft-windows-wwansvc_31bf3856ad364e35_10.0.18362.693_none_f70e8d7bb0da9d8e\KNetPwrDepBroker.sys
26,KNetPwrDepBroker.sys,30720,1,2879508260,2061-03-31T15:24:20.000Z,imports,ntoskrnl.dll,KeReleaseMutex,ed2d6d44b77b41257ee1823af7d2cba6,bdb5e915ea1e5a2177df475e00f5ebf81022c30a917432e13d6ea5bba1212226,c:\Windows\WinSxS\amd64_microsoft-windows-wwansvc_31bf3856ad364e35_10.0.18362.693_none_f70e8d7bb0da9d8e\KNetPwrDepBroker.sys
27,KNetPwrDepBroker.sys,30720,1,2879508260,2061-03-31T15:24:20.000Z,imports,ntoskrnl.dll,KeReleaseSpinLock,ed2d6d44b77b41257ee1823af7d2cba6,bdb5e915ea1e5a2177df475e00f5ebf81022c30a917432e13d6ea5bba1212226,c:\Windows\WinSxS\amd64_microsoft-windows-wwansvc_31bf3856ad364e35_10.0.18362.693_none_f70e8d7bb0da9d8e\KNetPwrDepBroker.sys
28,KNetPwrDepBroker.sys,30720,1,2879508260,2061-03-31T15:24:20.000Z,imports,ntoskrnl.dll,KeSetEvent,ed2d6d44b77b41257ee1823af7d2cba6,bdb5e915ea1e5a2177df475e00f5ebf81022c30a917432e13d6ea5bba1212226,c:\Windows\WinSxS\amd64_microsoft-windows-wwansvc_31bf3856ad364e35_10.0.18362.693_none_f70e8d7bb0da9d8e\KNetPwrDepBroker.sys
29,KNetPwrDepBroker.sys,30720,1,2879508260,2061-03-31T15:24:20.000Z,imports,ntoskrnl.dll,KeSetTimerEx,ed2d6d44b77b41257ee1823af7d2cba6,bdb5e915ea1e5a2177df475e00f5ebf81022c30a917432e13d6ea5bba1212226,c:\Windows\WinSxS\amd64_microsoft-windows-wwansvc_31bf3856ad364e35_10.0.18362.693_none_f70e8d7bb0da9d8e\KNetPwrDepBroker.sys
30,KNetPwrDepBroker.sys,30720,1,2879508260,2061-03-31T15:24:20.000Z,imports,ntoskrnl.dll,KeWaitForSingleObject,ed2d6d44b77b41257ee1823af7d2cba6,bdb5e915ea1e5a2177df475e00f5ebf81022c30a917432e13d6ea5bba1212226,c:\Windows\WinSxS\amd64_microsoft-windows-wwansvc_31bf3856ad364e35_10.0.18362.693_none_f70e8d7bb0da9d8e\KNetPwrDepBroker.sys
31,KNetPwrDepBroker.sys,30720,1,2879508260,2061-03-31T15:24:20.000Z,imports,ntoskrnl.dll,RtlFreeAnsiString,ed2d6d44b77b41257ee1823af7d2cba6,bdb5e915ea1e5a2177df475e00f5ebf81022c30a917432e13d6ea5bba1212226,c:\Windows\WinSxS\amd64_microsoft-windows-wwansvc_31bf3856ad364e35_10.0.18362.693_none_f70e8d7bb0da9d8e\KNetPwrDepBroker.sys
32,KNetPwrDepBroker.sys,30720,1,2879508260,2061-03-31T15:24:20.000Z,imports,ntoskrnl.dll,RtlFreeUnicodeString,ed2d6d44b77b41257ee1823af7d2cba6,bdb5e915ea1e5a2177df475e00f5ebf81022c30a917432e13d6ea5bba1212226,c:\Windows\WinSxS\amd64_microsoft-windows-wwansvc_31bf3856ad364e35_10.0.18362.693_none_f70e8d7bb0da9d8e\KNetPwrDepBroker.sys
33,KNetPwrDepBroker.sys,30720,1,2879508260,2061-03-31T15:24:20.000Z,imports,ntoskrnl.dll,RtlInitAnsiString,ed2d6d44b77b41257ee1823af7d2cba6,bdb5e915ea1e5a2177df475e00f5ebf81022c30a917432e13d6ea5bba1212226,c:\Windows\WinSxS\amd64_microsoft-windows-wwansvc_31bf3856ad364e35_10.0.18362.693_none_f70e8d7bb0da9d8e\KNetPwrDepBroker.sys
34,KNetPwrDepBroker.sys,30720,1,2879508260,2061-03-31T15:24:20.000Z,imports,ntoskrnl.dll,RtlInitUnicodeString,ed2d6d44b77b41257ee1823af7d2cba6,bdb5e915ea1e5a2177df475e00f5ebf81022c30a917432e13d6ea5bba1212226,c:\Windows\WinSxS\amd64_microsoft-windows-wwansvc_31bf3856ad364e35_10.0.18362.693_none_f70e8d7bb0da9d8e\KNetPwrDepBroker.sys
35,KNetPwrDepBroker.sys,30720,1,2879508260,2061-03-31T15:24:20.000Z,imports,ntoskrnl.dll,RtlQueryRegistryValuesEx,ed2d6d44b77b41257ee1823af7d2cba6,bdb5e915ea1e5a2177df475e00f5ebf81022c30a917432e13d6ea5bba1212226,c:\Windows\WinSxS\amd64_microsoft-windows-wwansvc_31bf3856ad364e35_10.0.18362.693_none_f70e8d7bb0da9d8e\KNetPwrDepBroker.sys
36,KNetPwrDepBroker.sys,30720,1,2879508260,2061-03-31T15:24:20.000Z,imports,ntoskrnl.dll,RtlUnicodeStringToAnsiString,ed2d6d44b77b41257ee1823af7d2cba6,bdb5e915ea1e5a2177df475e00f5ebf81022c30a917432e13d6ea5bba1212226,c:\Windows\WinSxS\amd64_microsoft-windows-wwansvc_31bf3856ad364e35_10.0.18362.693_none_f70e8d7bb0da9d8e\KNetPwrDepBroker.sys
37,KNetPwrDepBroker.sys,30720,1,2879508260,2061-03-31T15:24:20.000Z,imports,ntoskrnl.dll,ZwPowerInformation,ed2d6d44b77b41257ee1823af7d2cba6,bdb5e915ea1e5a2177df475e00f5ebf81022c30a917432e13d6ea5bba1212226,c:\Windows\WinSxS\amd64_microsoft-windows-wwansvc_31bf3856ad364e35_10.0.18362.693_none_f70e8d7bb0da9d8e\KNetPwrDepBroker.sys
38,KNetPwrDepBroker.sys,30720,1,2879508260,2061-03-31T15:24:20.000Z,exports,KNetPwrDepBroker.sys,DllInitialize,ed2d6d44b77b41257ee1823af7d2cba6,bdb5e915ea1e5a2177df475e00f5ebf81022c30a917432e13d6ea5bba1212226,c:\Windows\WinSxS\amd64_microsoft-windows-wwansvc_31bf3856ad364e35_10.0.18362.693_none_f70e8d7bb0da9d8e\KNetPwrDepBroker.sys
39,KNetPwrDepBroker.sys,30720,1,2879508260,2061-03-31T15:24:20.000Z,exports,KNetPwrDepBroker.sys,DllUnload,ed2d6d44b77b41257ee1823af7d2cba6,bdb5e915ea1e5a2177df475e00f5ebf81022c30a917432e13d6ea5bba1212226,c:\Windows\WinSxS\amd64_microsoft-windows-wwansvc_31bf3856ad364e35_10.0.18362.693_none_f70e8d7bb0da9d8e\KNetPwrDepBroker.sys
40,KNetPwrDepBroker.sys,30720,1,2879508260,2061-03-31T15:24:20.000Z,exports,KNetPwrDepBroker.sys,ImsBrokerKeepAliveCompleted,ed2d6d44b77b41257ee1823af7d2cba6,bdb5e915ea1e5a2177df475e00f5ebf81022c30a917432e13d6ea5bba1212226,c:\Windows\WinSxS\amd64_microsoft-windows-wwansvc_31bf3856ad364e35_10.0.18362.693_none_f70e8d7bb0da9d8e\KNetPwrDepBroker.sys
41,KNetPwrDepBroker.sys,30720,1,2879508260,2061-03-31T15:24:20.000Z,exports,KNetPwrDepBroker.sys,ImsBrokerNetworkActivityCompleted,ed2d6d44b77b41257ee1823af7d2cba6,bdb5e915ea1e5a2177df475e00f5ebf81022c30a917432e13d6ea5bba1212226,c:\Windows\WinSxS\amd64_microsoft-windows-wwansvc_31bf3856ad364e35_10.0.18362.693_none_f70e8d7bb0da9d8e\KNetPwrDepBroker.sys
42,KNetPwrDepBroker.sys,30720,1,2879508260,2061-03-31T15:24:20.000Z,exports,KNetPwrDepBroker.sys,ImsBrokerRecoveryCompleted,ed2d6d44b77b41257ee1823af7d2cba6,bdb5e915ea1e5a2177df475e00f5ebf81022c30a917432e13d6ea5bba1212226,c:\Windows\WinSxS\amd64_microsoft-windows-wwansvc_31bf3856ad364e35_10.0.18362.693_none_f70e8d7bb0da9d8e\KNetPwrDepBroker.sys
43,KNetPwrDepBroker.sys,30720,1,2879508260,2061-03-31T15:24:20.000Z,exports,KNetPwrDepBroker.sys,ImsBrokerRequestKeepAlive,ed2d6d44b77b41257ee1823af7d2cba6,bdb5e915ea1e5a2177df475e00f5ebf81022c30a917432e13d6ea5bba1212226,c:\Windows\WinSxS\amd64_microsoft-windows-wwansvc_31bf3856ad364e35_10.0.18362.693_none_f70e8d7bb0da9d8e\KNetPwrDepBroker.sys
44,KNetPwrDepBroker.sys,30720,1,2879508260,2061-03-31T15:24:20.000Z,exports,KNetPwrDepBroker.sys,ImsBrokerRequestNetworkActivation,ed2d6d44b77b41257ee1823af7d2cba6,bdb5e915ea1e5a2177df475e00f5ebf81022c30a917432e13d6ea5bba1212226,c:\Windows\WinSxS\amd64_microsoft-windows-wwansvc_31bf3856ad364e35_10.0.18362.693_none_f70e8d7bb0da9d8e\KNetPwrDepBroker.sys
45,KNetPwrDepBroker.sys,30720,1,2879508260,2061-03-31T15:24:20.000Z,exports,KNetPwrDepBroker.sys,ImsBrokerRequestRecovery,ed2d6d44b77b41257ee1823af7d2cba6,bdb5e915ea1e5a2177df475e00f5ebf81022c30a917432e13d6ea5bba1212226,c:\Windows\WinSxS\amd64_microsoft-windows-wwansvc_31bf3856ad364e35_10.0.18362.693_none_f70e8d7bb0da9d8e\KNetPwrDepBroker.sys
46,KNetPwrDepBroker.sys,30720,1,2879508260,2061-03-31T15:24:20.000Z,exports,KNetPwrDepBroker.sys,NpdBrokerAcquireWithTimeout,ed2d6d44b77b41257ee1823af7d2cba6,bdb5e915ea1e5a2177df475e00f5ebf81022c30a917432e13d6ea5bba1212226,c:\Windows\WinSxS\amd64_microsoft-windows-wwansvc_31bf3856ad364e35_10.0.18362.693_none_f70e8d7bb0da9d8e\KNetPwrDepBroker.sys
47,KNetPwrDepBroker.sys,30720,1,2879508260,2061-03-31T15:24:20.000Z,exports,KNetPwrDepBroker.sys,NpdBrokerInitialize,ed2d6d44b77b41257ee1823af7d2cba6,bdb5e915ea1e5a2177df475e00f5ebf81022c30a917432e13d6ea5bba1212226,c:\Windows\WinSxS\amd64_microsoft-windows-wwansvc_31bf3856ad364e35_10.0.18362.693_none_f70e8d7bb0da9d8e\KNetPwrDepBroker.sys
48,KNetPwrDepBroker.sys,30720,1,2879508260,2061-03-31T15:24:20.000Z,exports,KNetPwrDepBroker.sys,NpdBrokerUninitialize,ed2d6d44b77b41257ee1823af7d2cba6,bdb5e915ea1e5a2177df475e00f5ebf81022c30a917432e13d6ea5bba1212226,c:\Windows\WinSxS\amd64_microsoft-windows-wwansvc_31bf3856ad364e35_10.0.18362.693_none_f70e8d7bb0da9d8e\KNetPwrDepBroker.sys
