,col0,col1,col2,col3,col4,col5,col6,col7,col8,col9,col10
0,3578820,comment,3577562.0,3577562.0,0,0,readme,,,Great points. I'm going to automatically concur on the grounds that I don't think bureaucracies that produce nothing should have a say in the production of anything.,1328947177
1,3578819,comment,3578076.0,3578080.0,1,0,kfalter,,,I got the same thing...,1328947174
2,3578818,story,,,1,0,ansrikanth,Part II : How to create a blog. A profitable blog.,http://infworm.com/how-to-create-a-blog-a-profitable-one/,,1328947167
3,3578817,comment,3578676.0,3578784.0,1,0,horsehead,,,"Thanks for the tip! I'm trying to get some good online learning courses to look at (learning on one's own can be so directionless). I'll definitely look at it, thanks again!",1328947142
4,3578816,story,,,1,0,paraschopra,Sh*t Dave McClure Says (Cheezburger dedicated site on Dave),http://davemcclure.cheezburger.com/,,1328947116
5,3578815,comment,3576598.0,3578510.0,1,0,vectorjohn,,,"It would be easier to just learn the language.<p>JavaScript I not c. JavaScript is not Java. JavaScript is not python. If it was one of those languages it would be named that and there would be no JavaScript books, just dom and browser books.<p>But it is not those languages. It is different. If people don't learn the language they cannot be expected to write code.<p>People always bring up var for some reason. Why var? Why not closures? Javascript is often the first place programmers come across this concept and it always causes confusion and bugs at first. Should we get rid of them? Of course not!",1328947102
6,3578814,story,,,1,0,ansrikanth,How to reach out to the next generation entrepreneurs,http://infworm.com/reach-out-to-the-next-generation-entrepreneurs/,,1328947060
7,3578813,comment,3578783.0,3578783.0,6,0,X-Istence,,,"I am an adult, at age 23 and I have realized for years how much data leakage there is.<p>None of the apps on my phone get access to Location services save for 1, Google Maps. There is no reason why my status update to ANY service should require my location, and luckily at the moment you can opt-out from ever having to send a location. I am very happy that Apple required the App to ask for permissions first (on an API level) and wish they would implement this further for a few more of the API's (such as Contacts which was brought up here recently).<p>I still find it funny when even adults don't seem to realize that they are advertising their current location to anyone and everyone all around the globe. People continue to use Foursquare to let the world know they are on vacation making them simpler targets for thieves that want to burglar their homes, they make themselves easy to follow around. For some people the FBI need not plant a GPS tracker, the subject themselves accurately documents everything and everything they do.",1328946942
8,3578812,comment,3571805.0,3573398.0,2,0,mdonahoe,,,"To me, Khan Academy represents a break from the traditional educational model. I would rather they focus on innovating than proving themselves as being just like every other school.",1328946823
9,3578811,comment,3577454.0,3578735.0,1,0,csallen,,,"<p><pre><code>  > Piracy is where the consumer side of a transaction takes \n    without permission. That's cheating. It is immoral.\n</code></pre>\nThat's not what piracy is, actually. Piracy is simply ""an infringement of copyright"". And copyright is the exclusive right to copy a work, distribute it for sale to the public, perform it publicly, display it publicly, or create derivatives from it. It's not really comparable to a normal transaction.<p><pre><code>  > It sounds like you believe personal financial gain is\n    inherently immoral. Many people do feel this way. Many\n    people don't.\n</code></pre>\nWell, that's not really what I believe. I do own a company after all. It doesn't get much more financial gain-seeking than that :)<p>The original intention of copyright was as follows: Ideas, expression, and information have no owners. They belong to the public because of free speech and all. However, this discouraged their creation, because if you wrote a book someone could just put their name on it and mass-produce it, giving you no credit. So lawmakers said how about we give authors a <i>limited</i> time to benefit financially from copyright. That will be a great incentive for them to create new works. However, after that time ends, the public should enjoy unrestricted use. That way we don't create monopolies on free speech and expression.<p>My problem is that we're straying from this original intent. The entire purpose was to <i>prevent</i> monopolies* on information. You used to only have copyrights for 28 years, max, before the public got full control over it. Since then, content companies and artists have endlessly lobbied Congress to give them more power, and today copyrights last an entire lifetime PLUS 70 years. Nothing <i>ever</i> enters the public domain.<p>So the real question is: How can you argue that copyright infringers are immoral, when the reality is that copyright holders are the ones who've violated the original intent of the law purely for personal gain? Their actions are ion violation of almost every moral foundation you listed (fairness, liberty, authority, betrayal, degradation).<p><pre><code>  > You should assume the opposite of your bias and form\n    your argument on that basis. It will make for a stronger \n    argument.\n</code></pre>\nThanks for the feedback.",1328946745
10,3578810,comment,3575014.0,3577563.0,3,0,semisight,,,"But to their credit, that's not the point. This is touched upon in the novel--that it's the idea of rebellion that Guy Fawkes has become a symbol of, not what he was fighting for but that he was fighting at all.",1328946704
11,3578809,story,,,1,0,fable2000,Norwegian Cruise Line,http://epicnorwegiancruiseline.azuka.biz,"Information of  Norwegian Cruise Line, Norwegian cruise line ships, cruise line and  Norwegian Cruise Line Reviews. Find great deals, tips and tricks on Cruise Critic to help plan your cruise.",1328946634
12,3578808,comment,3576928.0,3577489.0,1,0,dedward,,,perhaps nothing? perhaps the artists wont sign such acontract?\nif it were anentire industry doing it it would be anantitrust issue......,1328946621
13,3578807,story,,,114,25,GeneralMaximus,The Socratic Method: Teaching by Asking Instead of by Telling,http://www.garlikov.com/Soc_Meth.html,,1328946614
14,3578806,story,,,1,0,racinggames456,Mario Games,http://www.gameseverytime.com/mario-games/11,,1328946589
15,3578805,comment,3577789.0,3577789.0,1,0,abecedarius,,,"Is there a CRT-like terminal for Javascript/HTML? I was just wishing for one to use in a project the other day, but not enough to tackle it myself.",1328946490
16,3578804,comment,3578789.0,3578789.0,1,0,saulrh,,,"I'd assume that ""maintainable"" code is boring code - code that is instantly understandable when you look at it and that is hard to get wrong.<p>He's complaining that that code is <i>boring</i> and <i>not creative</i>, and that as a startup your job is to be interesting and creative. I agree with him.",1328946369
17,3578803,comment,3578407.0,3578407.0,1,0,rhizome,,,"Hah, if I'm lucky! There are very few companies destroying any part of the status quo. There are many trying, but there are just as many that have gotten just a bit bigger before getting co-opted by VC or signing a disruption-calming deal with a partner. Most of the remaining get sandbagged with IP lawsuits if they're at all successful, which leaves a tiny number of companies with names like wikipedia, or khan academy, or beatport (maybe).",1328946368
18,3578802,comment,3578730.0,3578730.0,1,0,vishaldpatel,,,"Gotta love these sensationalist titles.\nNo, you will not perish if you're not people-smart.\nThere are plenty of entrepreneurs that have won by, you know, enterprising in areas where their lack of people skills didn't hold them back. Some of them went on to run social networks..",1328946354
19,3578801,comment,3578720.0,3578720.0,18,0,jsilence,,,"Instead of making devices ultra thin I really wish manufacturers would simply fill up the freed space with batteries.<p>Not only Apple MacBooks, this goes for mobilephones as well. Samsung Galaxy half an inch thick and a runtime of one week please.",1328946349
20,3578800,comment,3576928.0,3577540.0,1,0,dedward,,,"pointing out that the people lobbying the hardest and spendingthe most resources against joe average, throwing grandma in jail for using a torrent can just as easily break the same laws and be obviously guilty of the same crimes is great.<p>if hey can fine joe for everything he has becavuse he downloaded some movies, and seize entire domainsfor merely linking, why SHOULDNT there be some backlash when they are caught doing the same thing.<p>oh, they didntknow, the tech guy did it?  didnt work with all those lawsuits did it, so eat it i say.",1328946188
21,3578799,story,,,2,0,JaguarPaw,Amazon gets clearance for logistics service in India,http://techbiztrends.wordpress.com/2012/02/10/amazon-gets-approval-for-logistics-service-in-india/,,1328946172
22,3578798,comment,3571304.0,3571803.0,1,0,Nick_C,,,"> not using things like strlen() when iterating through a C-string<p>At the risk of making myself look stupid, is that because of O(n) vs O(n^2) (should be testing for \0), or is there another reason I'm not picking up?",1328946067
23,3578797,story,,,1,0,arrowgunz,Why I changed from WordPress to Tumblr,http://blog.mohni.sh/post/17415637831/the-switch,,1328946043
24,3578796,comment,3577669.0,3577669.0,1,0,ISloop,,,"The software claims to replicate the physiological effects of running. If a person combined a consistent exercise regime with this software training, will he/she turn into a genius?",1328946015
25,3578795,comment,3577880.0,3577880.0,1,0,badclient,,,Who is this targeted at?,1328946005
26,3578794,comment,3575449.0,3575449.0,1,0,jc-denton,,,"yes me too, that's why I wait for algo-class to start!",1328945884
27,3578793,story,,,2,0,gnurpreet,Two and a half things I dont like about the new Twitter design,http://changelog.in/2012/02/two-and-a-half-things-i-dont-like-about-the-new-twitter-design/,,1328945854
28,3578792,story,,,1,0,itelldaily,IPhone: how to unlock your iPhone 4S With TPSIM - iOS 5 / 5.0.1 [video],http://itelldaily.com/2012/02/10/iphone-unlock-your-iphone-4s-with-tpsim-ios-5-5-0-1-video/,,1328945847
29,3578791,story,,,1,0,magictor,      11/2/2012,http://www.faceboky.com/vb/t4375.html,      11/2/2012\n      11/2/2012,1328945842
30,3578790,comment,3575612.0,3575612.0,2,0,reuser,,,"I like the part about ego because too much of the programming (sorry, ""engineering,"" no wait I mean ""architecting"") world is focused on a kind of dick-size comparison which is somewhat poisonous and skews things toward self-promotion and away from doing useful things and enjoying yourself.<p>Programming is a joy when I can just let the task take care of itself as I watch. I can do this in amateur or ""hacker"" settings but I see less and less of those these days.<p>It makes me unhappy when programming is a prop or setting for selfish and self-conscious and mean social behavior, as it seem to be more among people who take it as a profession more than a passion.",1328945601
31,3578788,comment,3576819.0,3578708.0,-1,0,Mc_Big_G,,,"Yes, exactly. Now do it again and we'll know it wasn't largely luck.",1328945451
32,3578787,story,,,1,0,asdmap3,Latest Nike Air Max 2012 Running Shoes Cheap Online,http://www.cheapfreeshox.com/nike-air-max-2012-c-10.html,"Latest Nike Air Max 2012 on Sale, Discount Nike Air Max 2012 Running Shoes Online, retail, wholesale, dropship Nike Air Max 2012 Running Sneakers, Fast delivery!",1328945313
33,3578786,story,,,1,0,jodyfosterr33,Home Theater Installation,http://www.nextdayhometheater.com/products/home-theater,"From Surround Sound for home to Multi-Zone Audio for commercial business, call us today for your custom installation. Installation comes with a 1 year warranty",1328945048
34,3578785,story,,,1,0,lakshmi_latha,Messenger software on iPOTT ,http://www.ipott.com/download/messenger-software/59 ,"Messenger software on iPOTT. Messenger Software for office communications,send instant message and offiline message, voice and vidoe chat,very user friendly.",1328945041
35,3578784,comment,3578676.0,3578676.0,3,0,mcplusplus,,,"Python is a great way to start programming. Congrats on starting!\nHowever, I'd suggest following a university course (like stanford's cs106/cs107 etc) and doing the weekly assignments. That way you'll learn concept after concept rather than just random programs like prime factors.",1328945036
36,3578783,story,,,174,41,hodgesmr,It's 2012 and your kids have an iPhone - Do you know where they are? I do.,http://www.hanselman.com/blog/Its2012AndYourKidsHaveAnIPhoneDoYouKnowWhereTheyAreIDo.aspx,,1328944992
37,3578782,story,,,1,0,brightsuntravel,A Trip to New York City Has Something For Everyone,http://www.selfgrowth.com/articles/a-trip-to-new-york-city-has-something-for-everyone,"From the historical tours of museums to a wide range of shopping items and from thrilling nightlife scene to a wonderful culinary treat, there are as many reasons to fall in love with the City of New York as interests. Come and discover what makes this city a world-renowned destination for business persons, leisure seekers, newly-wed couples, artists and sports enthusiasts.",1328944977
38,3578781,story,,,1,0,khurramtanveer4,Create Postcard: Free Postcards Design Download,http://best-graphicdesign.com/2012/02/create-postcard-free-postcards-design-download/#.TzYVS5joQL4.hackernews,,1328944944
39,3578780,story,,,1,0,beniroses,Vintage Tees,http://businessshirt-s.com/vintage-tees,,1328944750
40,3578779,story,,,7,4,blackhole,Don't be a Codemonkey,http://blackhole12.blogspot.com/2012/02/dont-be-codemonkey.html,,1328944727
41,3578778,comment,3573448.0,3577477.0,1,0,arguesalot,,,"As retric says, your assumptions are wrong. Aggression is typically not returned to the rejecting object but to others. The offensive theories also happen to be wrong.<p>For the record, I am not one of those guys (curious, did u use that as an insult?)",1328944642
42,3578777,comment,3574043.0,3576990.0,1,0,glenra,,,"When it comes to face/voice recognition, what makes you think people are doing anything more clever? Our brains seem to have edge and shape detection modules too, do they not? Is it <i>not knowing the algorithm</i> that makes what we do seem ""intelligent?",1328944519
43,3578776,story,,,1,0,pratyushkp,How Guest Posts Can Drive Traffic to Your Website,http://blogoholic.in/2012/02/11/guest-posts-drive-traffic-website/,,1328944306
44,3578775,comment,3576598.0,3576598.0,1,0,marknadal,,,"Could somebody clarify, but I feel like I won't ever use this. Older browsers won't understand these new ""features"", so I still will have to code as I am used to. So I guess in 20 years... I might dabble with them.",1328944278
45,3578774,comment,3576486.0,3576486.0,1,0,prawn,,,"This is going to put Kickstarter well and truly in the public eye and, as a result, bring many more potential wallets browsing the site. Great time to be an entrepreneurial industrial designer in the US.<p>Just wish it was open to those outside the US as well.",1328944275
46,3578773,comment,3574043.0,3575001.0,1,0,glenra,,,"if ""sophisticated symbol shuffling"" is sufficient to beat the world's best chess players, the world's best Jeopardy players, beat the world's best pilots, and safely drive a car while following all the rules of the road, what makes you think it's not sufficient to hold a human-like conversation? I'm pretty sure <i>people</i> are also what you would call ""actually totally stupid behind the scenes"" - the main difference is that we didn't design human brains so we aren't (yet) able to understand much of what they're doing. But understanding isn't even necessary for replication.<p>The fact that people can think proves thinking is possible for mechanical systems; in the worst case we'll re-implement a human brain without understanding it.<p>> At least before the AI winter, we had impressive AI hardware, including the Lisp machines.<p>Oof. You're talking about machines with less processing power than an iPhone. Yeah, my dad programmed Shakey the Robot in Lisp on pretty good hardware for the time. If you told Shakey to ""push the block off the platform"" it could do the task, but would take 20 minutes of thinking about it beforehand. Whereas the Google cars can drive in real time at freeway speeds and robots made by high school kids today can play soccer. How is that not more impressive?<p>Given how pathetic the Lisp machines were compared to what we've got now, what makes them so impressive to you?",1328944096
47,3578772,comment,3573950.0,3578704.0,1,0,lmm,,,"Yes, my point is at the moment I can set -moz-gradient and -webkit-gradient (or whatever the actual property name is) using the different syntax for each, and have my page work in both.",1328944018
48,3578771,comment,3576819.0,3577238.0,4,0,hasenj,,,"It's one of their ideas: pick a fight<p><a href=""http://gettingreal.37signals.com/ch02_Have_an_Enemy.php"" rel=""nofollow"">http://gettingreal.37signals.com/ch02_Have_an_Enemy.php</a>",1328943892
49,3578770,story,,,2,0,cpeterso,Improving the Firefox update experience,https://blog.mozilla.com/futurereleases/2012/02/03/improving-the-firefox-update-experience/,,1328943884
50,3578769,comment,3577263.0,3577879.0,1,0,PerryCox,,,ESPN is not the NFL. They may be off the hook with ESPN but I expect the NFL might be a little more upset.,1328943814
51,3578768,comment,3578686.0,3578686.0,1,0,InclinedPlane,,,"It's sooooo hard to follow the law! Can't we just abandon it? What's more important, centuries of legal protections for individual liberty or protecting obsolete business models and at best bringing small time white collar criminals to justice?",1328943768
