,col0,col1,col2
0,<http://ceur-ws.org/section/vol-1565-bmaw2015_paper4_sec1>," ""1""^^xsd:integer"," ""INTRODUCTION"""
1,<http://ceur-ws.org/section/vol-1565-bmaw2015_paper4_sec2>," ""2""^^xsd:integer"," ""ITEM RESPONSE THEORY FOR CONDITIONAL PROBABILITY TABLES"""
2,<http://ceur-ws.org/section/vol-1565-bmaw2015_paper4_sec3>," ""3""^^xsd:integer"," ""THE PARAMETERIZED NETWORK AND NODE OBJECT MODELS"""
3,<http://ceur-ws.org/section/vol-1565-bmaw2015_paper4_sec4>," ""4""^^xsd:integer"," ""AN EM ALGORITHM FOR ESTIMATING PARAMETERIZED NODE PARAMETERS"""
4,<http://ceur-ws.org/section/vol-1565-bmaw2015_paper4_sec5>," ""5""^^xsd:integer"," ""SOFTWARE AVAILABILITY"""
5,<http://ceur-ws.org/section/vol-1565-bmaw2015_paper4_sec6>," ""6""^^xsd:integer"," ""References"""
