,col0,col1,col2,col3
0,BLToolkit.Demo.2005,BLToolkit.Demo.BusinessLogic.DataAccess,BLToolkit.Demo.BusinessLogic.ManagerBase<T;A>' BLToolkit.Demo.BusinessLogic.PersonManager,BLToolkit.Demo.ObjectModel.BizEntity' BLToolkit.Demo.ObjectModel.BizEntity' BLToolkit.Demo.ObjectModel.Person' BLToolkit.Demo.ObjectModel.Person
1,BLToolkit.Demo.2005,BLToolkit.Demo.BusinessLogic,BLToolkit.Demo.Forms.MainForm,BLToolkit.Demo.BusinessLogic.DataAccess.AccessorBase<T;A>' BLToolkit.Demo.ObjectModel.BizEntity' BLToolkit.Demo.BusinessLogic.DataAccess.AccessorBase<T;A>' BLToolkit.Demo.ObjectModel.BizEntity' BLToolkit.Demo.BusinessLogic.DataAccess.PersonAccessor' BLToolkit.Demo.ObjectModel.Person' BLToolkit.Demo.BusinessLogic.DataAccess.PersonAccessor' BLToolkit.Demo.ObjectModel.Person
2,BLToolkit.Demo.2005,BLToolkit.Demo.Controls,,
3,BLToolkit.Demo.2005,BLToolkit.Demo.Forms,BLToolkit.Demo.Program,BLToolkit.Demo.ObjectModel.BizEntity' BLToolkit.Demo.ObjectModel.BizEntity' BLToolkit.Demo.ObjectModel.Person' BLToolkit.Demo.ObjectModel.Person' BLToolkit.Demo.BusinessLogic.PersonManager' BLToolkit.Demo.BusinessLogic.PersonManager
4,BLToolkit.Demo.2005,BLToolkit.Demo.Forms.ObjectViews,,BLToolkit.Demo.ObjectModel.Person' BLToolkit.Demo.ObjectModel.Person
5,BLToolkit.Demo.2005,BLToolkit.Demo.ObjectModel,BLToolkit.Demo.BusinessLogic.DataAccess.AccessorBase<T;A>' BLToolkit.Demo.BusinessLogic.ManagerBase<T;A>' BLToolkit.Demo.Forms.BizEntityForm<F;T>' BLToolkit.Demo.BusinessLogic.DataAccess.PersonAccessor' BLToolkit.Demo.BusinessLogic.PersonManager' BLToolkit.Demo.Forms.EditPersonForm' BLToolkit.Demo.Forms.ObjectViews.PersonView' BLToolkit.Demo.Forms.MainForm,
6,BLToolkit.Demo.2005,BLToolkit.Demo,,BLToolkit.Demo.Forms.MainForm' BLToolkit.Demo.Forms.MainForm
7,BLToolkit.Demo.2005,BLToolkit.Demo.Properties,,
