,col0,col1,col2,col3,col4,col5
0,Feature Concentration,UnitTests,UnitTests,The tool detected the smell in this component because the component realizes more than one architectural concern/feature. Independent sets of related classes within this component are: [HomeControllerUnitTests]' [TestConts' U2FUnitTests' UtilsUnitTests' MemberShipServiceUnitTests' ProfileControllerUnitTests' UserRepositoryUnitTests]' [RandomChallengeGeneratorUnitTests]. LCC (Lack of Component Cohesion) = 0.38,UnitTests.HomeControllerUnitTests' UnitTests.RandomChallengeGeneratorUnitTests,UnitTests.HomeControllerUnitTests' UnitTests.TestConts' UnitTests.RandomChallengeGeneratorUnitTests' UnitTests.U2FUnitTests' UnitTests.UtilsUnitTests' UnitTests.MemberShipServiceUnitTests' UnitTests.ProfileControllerUnitTests' UnitTests.UserRepositoryUnitTests
1,Feature Concentration,UnitTests,UnitTests.Messages,The tool detected the smell in this component because the component realizes more than one architectural concern/feature. Independent sets of related classes within this component are: [AuthenticateResponseUnitTests]' [DeviceRegistrationUnitTests]' [RawAuthenticateResponseUnitTests]' [RawRegisterResponseUnitTests]' [RegisterResponseUnitTests]' [StartedAuthenticationUnitTests]' [StartedRegistrationUnitTests]. LCC (Lack of Component Cohesion) = 1,UnitTests.Messages.DeviceRegistrationUnitTests' UnitTests.Messages.RawAuthenticateResponseUnitTests' UnitTests.Messages.RawRegisterResponseUnitTests' UnitTests.Messages.RegisterResponseUnitTests' UnitTests.Messages.StartedAuthenticationUnitTests' UnitTests.Messages.StartedRegistrationUnitTests,UnitTests.Messages.AuthenticateResponseUnitTests' UnitTests.Messages.DeviceRegistrationUnitTests' UnitTests.Messages.RawAuthenticateResponseUnitTests' UnitTests.Messages.RawRegisterResponseUnitTests' UnitTests.Messages.RegisterResponseUnitTests' UnitTests.Messages.StartedAuthenticationUnitTests' UnitTests.Messages.StartedRegistrationUnitTests
2,Scattered Functionality,UnitTests,UnitTests,The tool detected the smell in this component because a set of two or more components realizes the same high-level architectural concern. Following components realize the same concern: Services' u2flib.Data,Services.MemberShipService' u2flib.Data.DataObject,Services.MemberShipService' u2flib.Data.DataObject
3,Scattered Functionality,UnitTests,UnitTests.Messages,The tool detected the smell in this component because a set of two or more components realizes the same high-level architectural concern. Following components realize the same concern: u2flib.Data' u2flib.Data.Messages,u2flib.Data.DataObject' u2flib.Data.Messages.AuthenticateResponse' u2flib.Data.Messages.RegisterResponse' u2flib.Data.Messages.StartedAuthentication' u2flib.Data.Messages.StartedRegistration,u2flib.Data.DataObject' u2flib.Data.Messages.AuthenticateResponse' u2flib.Data.Messages.RegisterResponse' u2flib.Data.Messages.StartedAuthentication' u2flib.Data.Messages.StartedRegistration
4,Scattered Functionality,UnitTests,UnitTests.Messages,The tool detected the smell in this component because a set of two or more components realizes the same high-level architectural concern. Following components realize the same concern: u2flib.Data.Messages' u2flib.Crypto,u2flib.Data.Messages.RawAuthenticateResponse' u2flib.Crypto.ICrypto' u2flib.Data.Messages.ClientData' u2flib.Data.Messages.RawRegisterResponse,u2flib.Data.Messages.RawAuthenticateResponse' u2flib.Crypto.ICrypto' u2flib.Data.Messages.ClientData' u2flib.Data.Messages.RawRegisterResponse
