,col0,col1,col2,col3,col4,col5,col6,col7
0,access_account_invoice_user,account.invoice stock user,account.model_account_invoice,stock.group_stock_user,1,1,1,0
1,access_account_invoice_line_user,account.invoice.line stock user,account.model_account_invoice_line,stock.group_stock_user,1,1,1,0
2,access_account_invoice_tax_user,account.invoice.tax stock user,account.model_account_invoice_tax,stock.group_stock_user,1,1,1,0
3,access_account_journal_user,account.journal stock user,account.model_account_journal,stock.group_stock_user,1,0,0,0
4,access_account_fiscalyear,account.fiscalyear stock user,account.model_account_fiscalyear,stock.group_stock_user,1,0,0,0
5,access_account_account_stock_manager,account.account stock manager,account.model_account_account,stock.group_stock_manager,1,0,0,0
6,access_stock_history_stock_manager,stock.history stock manager,model_stock_history,stock.group_stock_manager,1,0,0,0
