,col0,col1,col2,col3,col4,col5,col6,col7,col8,col9,col10,col11,col12,col13
0,European Parliament,European Parliament,178362315106,Facebook,m35_44,male (35-44),CY,Cyprus,19,1,261139,117363,744,127
1,Γραφείο Τύπου και Πληροφοριών - Press and Information Office,PIO Cyprus,620027974738907,Facebook,m35_44,male (35-44),CY,Cyprus,6,1,170307,71905,511,158
2,ΑΚΕΛ - AKEL,ΑΚΕΛ - AKEL,117799504920552,Facebook,m35_44,male (35-44),CY,Cyprus,112,1,156450,37575,1213,14
3,Κίνημα Σοσιαλδημοκρατών ΕΔΕΚ,EDEK,489124984493054,Facebook,m35_44,male (35-44),CY,Cyprus,20,1,156166,59890,350,34
4,Συμμαχία Πολιτών,ΣΥΜΜΑΧΙΑ ΠΟΛΙΤΩΝ,470323203056530,Facebook,m35_44,male (35-44),CY,Cyprus,27,1,127508,27419,401,0
5,Nicos Tornaritis - Νίκος Τορναρίτης,Nicos Tornaritis - Νίκος Τορναρίτης,115653995162093,Facebook,m35_44,male (35-44),CY,Cyprus,15,1,124484,48072,347,40
6,Λευτέρης Χριστοφόρου - Lefteris Christoforou,Λευτέρης Χριστοφόρου - Lefteris Christoforou,832972046731724,Facebook,m35_44,male (35-44),CY,Cyprus,24,1,118060,29587,391,11
7,Costas Mavrides - Κώστας Μαυρίδης,Costas Mavrides - Κώστας Μαυρίδης,197874087030899,Facebook,m35_44,male (35-44),CY,Cyprus,18,1,102772,28265,308,24
8,Κόμμα Δικαιοσύνης - ΟΑΔ,Michael Minas,404386316397983,Facebook,m35_44,male (35-44),CY,Cyprus,14,1,102346,32304,466,64
9,ΛΕΥΤΕΡΗΣ ΔΗΜΗΤΡΙΟΥ,Eleftherios Demetriou,609745702447737,Facebook,m35_44,male (35-44),CY,Cyprus,19,1,86830,20904,283,18
10,Marinos Mousiouttas,Andreas Nikitaras,306684270037168,Facebook,m35_44,male (35-44),CY,Cyprus,35,1,73678,21849,399,12
11,Δρ. ΕΛΕΝΗ ΘΕΟΧΑΡΟΥΣ - Dr. ELENI THEOCHAROUS,Δρ. ΕΛΕΝΗ ΘΕΟΧΑΡΟΥΣ - Dr. ELENI THEOCHAROUS,46620712083,Facebook,m35_44,male (35-44),CY,Cyprus,12,1,66283,17227,190,13
12,Ξαναμπές στο Παιχνίδι - Ευρωεκλογές 2019,,1820884184678798,Facebook,m35_44,male (35-44),CY,Cyprus,31,1,56105,12120,317,0
13,Δημοκρατικός Συναγερμός,Δημοκρατικός Συναγερμός,64330641883,Facebook,m35_44,male (35-44),CY,Cyprus,13,1,42414,18655,272,18
14,Παναγιώτης Σεντώνας - Panayiotis Sentonas,Παναγιώτης Σεντώνας - Panayiotis Sentonas,436419753766608,Facebook,m35_44,male (35-44),CY,Cyprus,11,1,38392,9177,135,0
15,European Commission,European Commission,107898832590939,Facebook,m35_44,male (35-44),CY,Cyprus,19,1,33746,16056,57,15
16,Δημήτρης Παπαδάκης,Δημήτρης Παπαδάκης - Demetris Papadakis,1406872809567447,Facebook,m35_44,male (35-44),CY,Cyprus,8,1,26752,5687,84,0
17,Νικόλας Παπαδόπουλος,Constantinos Georgallides,998046016880140,Facebook,m35_44,male (35-44),CY,Cyprus,6,1,24148,9585,82,0
18,European Greens,European Greens,141366725876424,Facebook,m35_44,male (35-44),CY,Cyprus,3,1,20848,9662,142,28
19,Dr. Eleni Stavrou,Eleni Stavrou,822417261217421,Facebook,m35_44,male (35-44),CY,Cyprus,12,1,14644,3941,195,0
20,Ιακώβου Βάκης,Γιωργος Αλεξανδρου,332523037613071,Facebook,m35_44,male (35-44),CY,Cyprus,4,1,14643,3290,46,0
21,Ψηφίζω Δρ. Μαρδαπήττα Χρύσανθο,,326882297995016,Facebook,m35_44,male (35-44),CY,Cyprus,2,1,13686,4988,19,0
22,Δημοκρατικό Κόμμα,Constantinos Georgallides,293704380825571,Facebook,m35_44,male (35-44),CY,Cyprus,4,1,13445,5336,43,0
23,ΚΩΝΣΤΑΝΤΙΝΟΣ ΟΔΥΣΣΕΩΣ,Κωνσταντινος Οδυσσεως,311289838967373,Facebook,m35_44,male (35-44),CY,Cyprus,4,1,11786,3845,70,0
