,col0,col1,col2,col3,col4,col5,col6,col7,col8,col9,col10
0,cmintegrator.dll,45568,3,1382728104,2013-10-25T19:08:24.000Z,imports,msvcrt.dll,__C_specific_handler,fada5887652412db48daec20613cd533,eb311cceaf61597799f3b66ef518af7fd896a94cbf6da6093c4be9396c56b9d7,c:\Windows\System32\cmintegrator.dll
1,cmintegrator.dll,45568,3,1382728104,2013-10-25T19:08:24.000Z,imports,msvcrt.dll,_amsg_exit,fada5887652412db48daec20613cd533,eb311cceaf61597799f3b66ef518af7fd896a94cbf6da6093c4be9396c56b9d7,c:\Windows\System32\cmintegrator.dll
2,cmintegrator.dll,45568,3,1382728104,2013-10-25T19:08:24.000Z,imports,msvcrt.dll,_initterm,fada5887652412db48daec20613cd533,eb311cceaf61597799f3b66ef518af7fd896a94cbf6da6093c4be9396c56b9d7,c:\Windows\System32\cmintegrator.dll
3,cmintegrator.dll,45568,3,1382728104,2013-10-25T19:08:24.000Z,imports,msvcrt.dll,_wcsicmp,fada5887652412db48daec20613cd533,eb311cceaf61597799f3b66ef518af7fd896a94cbf6da6093c4be9396c56b9d7,c:\Windows\System32\cmintegrator.dll
4,cmintegrator.dll,45568,3,1382728104,2013-10-25T19:08:24.000Z,imports,msvcrt.dll,free,fada5887652412db48daec20613cd533,eb311cceaf61597799f3b66ef518af7fd896a94cbf6da6093c4be9396c56b9d7,c:\Windows\System32\cmintegrator.dll
5,cmintegrator.dll,45568,3,1382728104,2013-10-25T19:08:24.000Z,imports,msvcrt.dll,malloc,fada5887652412db48daec20613cd533,eb311cceaf61597799f3b66ef518af7fd896a94cbf6da6093c4be9396c56b9d7,c:\Windows\System32\cmintegrator.dll
6,cmintegrator.dll,45568,3,1382728104,2013-10-25T19:08:24.000Z,imports,msvcrt.dll,memcpy,fada5887652412db48daec20613cd533,eb311cceaf61597799f3b66ef518af7fd896a94cbf6da6093c4be9396c56b9d7,c:\Windows\System32\cmintegrator.dll
7,cmintegrator.dll,45568,3,1382728104,2013-10-25T19:08:24.000Z,imports,msvcrt.dll,memset,fada5887652412db48daec20613cd533,eb311cceaf61597799f3b66ef518af7fd896a94cbf6da6093c4be9396c56b9d7,c:\Windows\System32\cmintegrator.dll
8,cmintegrator.dll,45568,3,1382728104,2013-10-25T19:08:24.000Z,imports,msvcrt.dll,wcscmp,fada5887652412db48daec20613cd533,eb311cceaf61597799f3b66ef518af7fd896a94cbf6da6093c4be9396c56b9d7,c:\Windows\System32\cmintegrator.dll
9,cmintegrator.dll,45568,3,1382728104,2013-10-25T19:08:24.000Z,imports,api-ms-win-core-misc-l1-1-0.dll,Sleep,fada5887652412db48daec20613cd533,eb311cceaf61597799f3b66ef518af7fd896a94cbf6da6093c4be9396c56b9d7,c:\Windows\System32\cmintegrator.dll
10,cmintegrator.dll,45568,3,1382728104,2013-10-25T19:08:24.000Z,imports,api-ms-win-security-lsalookup-l1-1-0.dll,LookupAccountSidLocalW,fada5887652412db48daec20613cd533,eb311cceaf61597799f3b66ef518af7fd896a94cbf6da6093c4be9396c56b9d7,c:\Windows\System32\cmintegrator.dll
11,cmintegrator.dll,45568,3,1382728104,2013-10-25T19:08:24.000Z,imports,iphlpapi.dll,CloseGetIPPhysicalInterfaceForDestination,fada5887652412db48daec20613cd533,eb311cceaf61597799f3b66ef518af7fd896a94cbf6da6093c4be9396c56b9d7,c:\Windows\System32\cmintegrator.dll
12,cmintegrator.dll,45568,3,1382728104,2013-10-25T19:08:24.000Z,imports,iphlpapi.dll,ConvertInterfaceGuidToLuid,fada5887652412db48daec20613cd533,eb311cceaf61597799f3b66ef518af7fd896a94cbf6da6093c4be9396c56b9d7,c:\Windows\System32\cmintegrator.dll
13,cmintegrator.dll,45568,3,1382728104,2013-10-25T19:08:24.000Z,imports,iphlpapi.dll,ConvertInterfaceLuidToIndex,fada5887652412db48daec20613cd533,eb311cceaf61597799f3b66ef518af7fd896a94cbf6da6093c4be9396c56b9d7,c:\Windows\System32\cmintegrator.dll
14,cmintegrator.dll,45568,3,1382728104,2013-10-25T19:08:24.000Z,imports,iphlpapi.dll,GetBestRoute2,fada5887652412db48daec20613cd533,eb311cceaf61597799f3b66ef518af7fd896a94cbf6da6093c4be9396c56b9d7,c:\Windows\System32\cmintegrator.dll
15,cmintegrator.dll,45568,3,1382728104,2013-10-25T19:08:24.000Z,imports,iphlpapi.dll,InternalGetIPPhysicalInterfaceForDestination,fada5887652412db48daec20613cd533,eb311cceaf61597799f3b66ef518af7fd896a94cbf6da6093c4be9396c56b9d7,c:\Windows\System32\cmintegrator.dll
16,cmintegrator.dll,45568,3,1382728104,2013-10-25T19:08:24.000Z,imports,ntdll.dll,EtwTraceMessage,fada5887652412db48daec20613cd533,eb311cceaf61597799f3b66ef518af7fd896a94cbf6da6093c4be9396c56b9d7,c:\Windows\System32\cmintegrator.dll
17,cmintegrator.dll,45568,3,1382728104,2013-10-25T19:08:24.000Z,imports,ntdll.dll,RtlCaptureContext,fada5887652412db48daec20613cd533,eb311cceaf61597799f3b66ef518af7fd896a94cbf6da6093c4be9396c56b9d7,c:\Windows\System32\cmintegrator.dll
18,cmintegrator.dll,45568,3,1382728104,2013-10-25T19:08:24.000Z,imports,ntdll.dll,RtlLookupFunctionEntry,fada5887652412db48daec20613cd533,eb311cceaf61597799f3b66ef518af7fd896a94cbf6da6093c4be9396c56b9d7,c:\Windows\System32\cmintegrator.dll
19,cmintegrator.dll,45568,3,1382728104,2013-10-25T19:08:24.000Z,imports,ntdll.dll,RtlVirtualUnwind,fada5887652412db48daec20613cd533,eb311cceaf61597799f3b66ef518af7fd896a94cbf6da6093c4be9396c56b9d7,c:\Windows\System32\cmintegrator.dll
20,cmintegrator.dll,45568,3,1382728104,2013-10-25T19:08:24.000Z,imports,api-ms-win-core-string-l1-1-0.dll,CompareStringW,fada5887652412db48daec20613cd533,eb311cceaf61597799f3b66ef518af7fd896a94cbf6da6093c4be9396c56b9d7,c:\Windows\System32\cmintegrator.dll
21,cmintegrator.dll,45568,3,1382728104,2013-10-25T19:08:24.000Z,imports,api-ms-win-eventing-classicprovider-l1-1-0.dll,GetTraceEnableFlags,fada5887652412db48daec20613cd533,eb311cceaf61597799f3b66ef518af7fd896a94cbf6da6093c4be9396c56b9d7,c:\Windows\System32\cmintegrator.dll
22,cmintegrator.dll,45568,3,1382728104,2013-10-25T19:08:24.000Z,imports,api-ms-win-eventing-classicprovider-l1-1-0.dll,GetTraceEnableLevel,fada5887652412db48daec20613cd533,eb311cceaf61597799f3b66ef518af7fd896a94cbf6da6093c4be9396c56b9d7,c:\Windows\System32\cmintegrator.dll
23,cmintegrator.dll,45568,3,1382728104,2013-10-25T19:08:24.000Z,imports,api-ms-win-eventing-classicprovider-l1-1-0.dll,GetTraceLoggerHandle,fada5887652412db48daec20613cd533,eb311cceaf61597799f3b66ef518af7fd896a94cbf6da6093c4be9396c56b9d7,c:\Windows\System32\cmintegrator.dll
24,cmintegrator.dll,45568,3,1382728104,2013-10-25T19:08:24.000Z,imports,api-ms-win-eventing-classicprovider-l1-1-0.dll,RegisterTraceGuidsW,fada5887652412db48daec20613cd533,eb311cceaf61597799f3b66ef518af7fd896a94cbf6da6093c4be9396c56b9d7,c:\Windows\System32\cmintegrator.dll
25,cmintegrator.dll,45568,3,1382728104,2013-10-25T19:08:24.000Z,imports,api-ms-win-eventing-classicprovider-l1-1-0.dll,TraceMessage,fada5887652412db48daec20613cd533,eb311cceaf61597799f3b66ef518af7fd896a94cbf6da6093c4be9396c56b9d7,c:\Windows\System32\cmintegrator.dll
26,cmintegrator.dll,45568,3,1382728104,2013-10-25T19:08:24.000Z,imports,api-ms-win-eventing-classicprovider-l1-1-0.dll,UnregisterTraceGuids,fada5887652412db48daec20613cd533,eb311cceaf61597799f3b66ef518af7fd896a94cbf6da6093c4be9396c56b9d7,c:\Windows\System32\cmintegrator.dll
27,cmintegrator.dll,45568,3,1382728104,2013-10-25T19:08:24.000Z,imports,ws2_32.dll,FreeAddrInfoW,fada5887652412db48daec20613cd533,eb311cceaf61597799f3b66ef518af7fd896a94cbf6da6093c4be9396c56b9d7,c:\Windows\System32\cmintegrator.dll
28,cmintegrator.dll,45568,3,1382728104,2013-10-25T19:08:24.000Z,imports,ws2_32.dll,GetAddrInfoW,fada5887652412db48daec20613cd533,eb311cceaf61597799f3b66ef518af7fd896a94cbf6da6093c4be9396c56b9d7,c:\Windows\System32\cmintegrator.dll
29,cmintegrator.dll,45568,3,1382728104,2013-10-25T19:08:24.000Z,imports,api-ms-win-core-synch-l1-1-0.dll,AcquireSRWLockExclusive,fada5887652412db48daec20613cd533,eb311cceaf61597799f3b66ef518af7fd896a94cbf6da6093c4be9396c56b9d7,c:\Windows\System32\cmintegrator.dll
30,cmintegrator.dll,45568,3,1382728104,2013-10-25T19:08:24.000Z,imports,api-ms-win-core-synch-l1-1-0.dll,AcquireSRWLockShared,fada5887652412db48daec20613cd533,eb311cceaf61597799f3b66ef518af7fd896a94cbf6da6093c4be9396c56b9d7,c:\Windows\System32\cmintegrator.dll
31,cmintegrator.dll,45568,3,1382728104,2013-10-25T19:08:24.000Z,imports,api-ms-win-core-synch-l1-1-0.dll,CreateEventW,fada5887652412db48daec20613cd533,eb311cceaf61597799f3b66ef518af7fd896a94cbf6da6093c4be9396c56b9d7,c:\Windows\System32\cmintegrator.dll
32,cmintegrator.dll,45568,3,1382728104,2013-10-25T19:08:24.000Z,imports,api-ms-win-core-synch-l1-1-0.dll,DeleteCriticalSection,fada5887652412db48daec20613cd533,eb311cceaf61597799f3b66ef518af7fd896a94cbf6da6093c4be9396c56b9d7,c:\Windows\System32\cmintegrator.dll
33,cmintegrator.dll,45568,3,1382728104,2013-10-25T19:08:24.000Z,imports,api-ms-win-core-synch-l1-1-0.dll,EnterCriticalSection,fada5887652412db48daec20613cd533,eb311cceaf61597799f3b66ef518af7fd896a94cbf6da6093c4be9396c56b9d7,c:\Windows\System32\cmintegrator.dll
34,cmintegrator.dll,45568,3,1382728104,2013-10-25T19:08:24.000Z,imports,api-ms-win-core-synch-l1-1-0.dll,InitializeCriticalSectionAndSpinCount,fada5887652412db48daec20613cd533,eb311cceaf61597799f3b66ef518af7fd896a94cbf6da6093c4be9396c56b9d7,c:\Windows\System32\cmintegrator.dll
35,cmintegrator.dll,45568,3,1382728104,2013-10-25T19:08:24.000Z,imports,api-ms-win-core-synch-l1-1-0.dll,LeaveCriticalSection,fada5887652412db48daec20613cd533,eb311cceaf61597799f3b66ef518af7fd896a94cbf6da6093c4be9396c56b9d7,c:\Windows\System32\cmintegrator.dll
36,cmintegrator.dll,45568,3,1382728104,2013-10-25T19:08:24.000Z,imports,api-ms-win-core-synch-l1-1-0.dll,ReleaseSRWLockExclusive,fada5887652412db48daec20613cd533,eb311cceaf61597799f3b66ef518af7fd896a94cbf6da6093c4be9396c56b9d7,c:\Windows\System32\cmintegrator.dll
37,cmintegrator.dll,45568,3,1382728104,2013-10-25T19:08:24.000Z,imports,api-ms-win-core-synch-l1-1-0.dll,ReleaseSRWLockShared,fada5887652412db48daec20613cd533,eb311cceaf61597799f3b66ef518af7fd896a94cbf6da6093c4be9396c56b9d7,c:\Windows\System32\cmintegrator.dll
38,cmintegrator.dll,45568,3,1382728104,2013-10-25T19:08:24.000Z,imports,api-ms-win-core-synch-l1-1-0.dll,ResetEvent,fada5887652412db48daec20613cd533,eb311cceaf61597799f3b66ef518af7fd896a94cbf6da6093c4be9396c56b9d7,c:\Windows\System32\cmintegrator.dll
39,cmintegrator.dll,45568,3,1382728104,2013-10-25T19:08:24.000Z,imports,api-ms-win-core-synch-l1-1-0.dll,SetEvent,fada5887652412db48daec20613cd533,eb311cceaf61597799f3b66ef518af7fd896a94cbf6da6093c4be9396c56b9d7,c:\Windows\System32\cmintegrator.dll
40,cmintegrator.dll,45568,3,1382728104,2013-10-25T19:08:24.000Z,imports,api-ms-win-core-synch-l1-1-0.dll,WaitForMultipleObjectsEx,fada5887652412db48daec20613cd533,eb311cceaf61597799f3b66ef518af7fd896a94cbf6da6093c4be9396c56b9d7,c:\Windows\System32\cmintegrator.dll
41,cmintegrator.dll,45568,3,1382728104,2013-10-25T19:08:24.000Z,imports,api-ms-win-core-synch-l1-1-0.dll,WaitForSingleObject,fada5887652412db48daec20613cd533,eb311cceaf61597799f3b66ef518af7fd896a94cbf6da6093c4be9396c56b9d7,c:\Windows\System32\cmintegrator.dll
42,cmintegrator.dll,45568,3,1382728104,2013-10-25T19:08:24.000Z,imports,api-ms-win-core-errorhandling-l1-1-0.dll,GetLastError,fada5887652412db48daec20613cd533,eb311cceaf61597799f3b66ef518af7fd896a94cbf6da6093c4be9396c56b9d7,c:\Windows\System32\cmintegrator.dll
43,cmintegrator.dll,45568,3,1382728104,2013-10-25T19:08:24.000Z,imports,api-ms-win-core-errorhandling-l1-1-0.dll,SetLastError,fada5887652412db48daec20613cd533,eb311cceaf61597799f3b66ef518af7fd896a94cbf6da6093c4be9396c56b9d7,c:\Windows\System32\cmintegrator.dll
44,cmintegrator.dll,45568,3,1382728104,2013-10-25T19:08:24.000Z,imports,api-ms-win-core-errorhandling-l1-1-0.dll,SetUnhandledExceptionFilter,fada5887652412db48daec20613cd533,eb311cceaf61597799f3b66ef518af7fd896a94cbf6da6093c4be9396c56b9d7,c:\Windows\System32\cmintegrator.dll
45,cmintegrator.dll,45568,3,1382728104,2013-10-25T19:08:24.000Z,imports,api-ms-win-core-errorhandling-l1-1-0.dll,UnhandledExceptionFilter,fada5887652412db48daec20613cd533,eb311cceaf61597799f3b66ef518af7fd896a94cbf6da6093c4be9396c56b9d7,c:\Windows\System32\cmintegrator.dll
46,cmintegrator.dll,45568,3,1382728104,2013-10-25T19:08:24.000Z,imports,api-ms-win-core-libraryloader-l1-2-0.dll,DisableThreadLibraryCalls,fada5887652412db48daec20613cd533,eb311cceaf61597799f3b66ef518af7fd896a94cbf6da6093c4be9396c56b9d7,c:\Windows\System32\cmintegrator.dll
47,cmintegrator.dll,45568,3,1382728104,2013-10-25T19:08:24.000Z,imports,rpcrt4.dll,NdrClientCall3,fada5887652412db48daec20613cd533,eb311cceaf61597799f3b66ef518af7fd896a94cbf6da6093c4be9396c56b9d7,c:\Windows\System32\cmintegrator.dll
48,cmintegrator.dll,45568,3,1382728104,2013-10-25T19:08:24.000Z,imports,rpcrt4.dll,RpcBindingFree,fada5887652412db48daec20613cd533,eb311cceaf61597799f3b66ef518af7fd896a94cbf6da6093c4be9396c56b9d7,c:\Windows\System32\cmintegrator.dll
49,cmintegrator.dll,45568,3,1382728104,2013-10-25T19:08:24.000Z,imports,rpcrt4.dll,RpcBindingFromStringBindingW,fada5887652412db48daec20613cd533,eb311cceaf61597799f3b66ef518af7fd896a94cbf6da6093c4be9396c56b9d7,c:\Windows\System32\cmintegrator.dll
50,cmintegrator.dll,45568,3,1382728104,2013-10-25T19:08:24.000Z,imports,rpcrt4.dll,RpcBindingSetAuthInfoExW,fada5887652412db48daec20613cd533,eb311cceaf61597799f3b66ef518af7fd896a94cbf6da6093c4be9396c56b9d7,c:\Windows\System32\cmintegrator.dll
51,cmintegrator.dll,45568,3,1382728104,2013-10-25T19:08:24.000Z,imports,rpcrt4.dll,RpcBindingSetOption,fada5887652412db48daec20613cd533,eb311cceaf61597799f3b66ef518af7fd896a94cbf6da6093c4be9396c56b9d7,c:\Windows\System32\cmintegrator.dll
52,cmintegrator.dll,45568,3,1382728104,2013-10-25T19:08:24.000Z,imports,rpcrt4.dll,RpcImpersonateClient,fada5887652412db48daec20613cd533,eb311cceaf61597799f3b66ef518af7fd896a94cbf6da6093c4be9396c56b9d7,c:\Windows\System32\cmintegrator.dll
53,cmintegrator.dll,45568,3,1382728104,2013-10-25T19:08:24.000Z,imports,rpcrt4.dll,RpcRevertToSelf,fada5887652412db48daec20613cd533,eb311cceaf61597799f3b66ef518af7fd896a94cbf6da6093c4be9396c56b9d7,c:\Windows\System32\cmintegrator.dll
54,cmintegrator.dll,45568,3,1382728104,2013-10-25T19:08:24.000Z,imports,rpcrt4.dll,RpcStringBindingComposeW,fada5887652412db48daec20613cd533,eb311cceaf61597799f3b66ef518af7fd896a94cbf6da6093c4be9396c56b9d7,c:\Windows\System32\cmintegrator.dll
55,cmintegrator.dll,45568,3,1382728104,2013-10-25T19:08:24.000Z,imports,rpcrt4.dll,RpcStringFreeW,fada5887652412db48daec20613cd533,eb311cceaf61597799f3b66ef518af7fd896a94cbf6da6093c4be9396c56b9d7,c:\Windows\System32\cmintegrator.dll
56,cmintegrator.dll,45568,3,1382728104,2013-10-25T19:08:24.000Z,imports,api-ms-win-core-handle-l1-1-0.dll,CloseHandle,fada5887652412db48daec20613cd533,eb311cceaf61597799f3b66ef518af7fd896a94cbf6da6093c4be9396c56b9d7,c:\Windows\System32\cmintegrator.dll
57,cmintegrator.dll,45568,3,1382728104,2013-10-25T19:08:24.000Z,imports,api-ms-win-core-processthreads-l1-1-0.dll,CreateThread,fada5887652412db48daec20613cd533,eb311cceaf61597799f3b66ef518af7fd896a94cbf6da6093c4be9396c56b9d7,c:\Windows\System32\cmintegrator.dll
58,cmintegrator.dll,45568,3,1382728104,2013-10-25T19:08:24.000Z,imports,api-ms-win-core-processthreads-l1-1-0.dll,GetCurrentProcess,fada5887652412db48daec20613cd533,eb311cceaf61597799f3b66ef518af7fd896a94cbf6da6093c4be9396c56b9d7,c:\Windows\System32\cmintegrator.dll
59,cmintegrator.dll,45568,3,1382728104,2013-10-25T19:08:24.000Z,imports,api-ms-win-core-processthreads-l1-1-0.dll,GetCurrentProcessId,fada5887652412db48daec20613cd533,eb311cceaf61597799f3b66ef518af7fd896a94cbf6da6093c4be9396c56b9d7,c:\Windows\System32\cmintegrator.dll
60,cmintegrator.dll,45568,3,1382728104,2013-10-25T19:08:24.000Z,imports,api-ms-win-core-processthreads-l1-1-0.dll,GetCurrentThreadId,fada5887652412db48daec20613cd533,eb311cceaf61597799f3b66ef518af7fd896a94cbf6da6093c4be9396c56b9d7,c:\Windows\System32\cmintegrator.dll
61,cmintegrator.dll,45568,3,1382728104,2013-10-25T19:08:24.000Z,imports,api-ms-win-core-processthreads-l1-1-0.dll,TerminateProcess,fada5887652412db48daec20613cd533,eb311cceaf61597799f3b66ef518af7fd896a94cbf6da6093c4be9396c56b9d7,c:\Windows\System32\cmintegrator.dll
62,cmintegrator.dll,45568,3,1382728104,2013-10-25T19:08:24.000Z,imports,api-ms-win-security-base-l1-1-0.dll,CreateWellKnownSid,fada5887652412db48daec20613cd533,eb311cceaf61597799f3b66ef518af7fd896a94cbf6da6093c4be9396c56b9d7,c:\Windows\System32\cmintegrator.dll
63,cmintegrator.dll,45568,3,1382728104,2013-10-25T19:08:24.000Z,imports,api-ms-win-core-sysinfo-l1-1-0.dll,GetSystemTimeAsFileTime,fada5887652412db48daec20613cd533,eb311cceaf61597799f3b66ef518af7fd896a94cbf6da6093c4be9396c56b9d7,c:\Windows\System32\cmintegrator.dll
64,cmintegrator.dll,45568,3,1382728104,2013-10-25T19:08:24.000Z,imports,api-ms-win-core-sysinfo-l1-1-0.dll,GetTickCount,fada5887652412db48daec20613cd533,eb311cceaf61597799f3b66ef518af7fd896a94cbf6da6093c4be9396c56b9d7,c:\Windows\System32\cmintegrator.dll
65,cmintegrator.dll,45568,3,1382728104,2013-10-25T19:08:24.000Z,imports,api-ms-win-core-heap-l1-1-0.dll,GetProcessHeap,fada5887652412db48daec20613cd533,eb311cceaf61597799f3b66ef518af7fd896a94cbf6da6093c4be9396c56b9d7,c:\Windows\System32\cmintegrator.dll
66,cmintegrator.dll,45568,3,1382728104,2013-10-25T19:08:24.000Z,imports,api-ms-win-core-heap-l1-1-0.dll,HeapAlloc,fada5887652412db48daec20613cd533,eb311cceaf61597799f3b66ef518af7fd896a94cbf6da6093c4be9396c56b9d7,c:\Windows\System32\cmintegrator.dll
67,cmintegrator.dll,45568,3,1382728104,2013-10-25T19:08:24.000Z,imports,api-ms-win-core-heap-l1-1-0.dll,HeapFree,fada5887652412db48daec20613cd533,eb311cceaf61597799f3b66ef518af7fd896a94cbf6da6093c4be9396c56b9d7,c:\Windows\System32\cmintegrator.dll
68,cmintegrator.dll,45568,3,1382728104,2013-10-25T19:08:24.000Z,imports,api-ms-win-core-profile-l1-1-0.dll,QueryPerformanceCounter,fada5887652412db48daec20613cd533,eb311cceaf61597799f3b66ef518af7fd896a94cbf6da6093c4be9396c56b9d7,c:\Windows\System32\cmintegrator.dll
69,cmintegrator.dll,45568,3,1382728104,2013-10-25T19:08:24.000Z,imports,api-ms-win-security-capability-l1-1-0.dll,CapabilityCheck,fada5887652412db48daec20613cd533,eb311cceaf61597799f3b66ef518af7fd896a94cbf6da6093c4be9396c56b9d7,c:\Windows\System32\cmintegrator.dll
70,cmintegrator.dll,45568,3,1382728104,2013-10-25T19:08:24.000Z,imports,api-ms-win-core-apiquery-l1-1-0.dll,ApiSetQueryApiSetPresence,fada5887652412db48daec20613cd533,eb311cceaf61597799f3b66ef518af7fd896a94cbf6da6093c4be9396c56b9d7,c:\Windows\System32\cmintegrator.dll
71,cmintegrator.dll,45568,3,1382728104,2013-10-25T19:08:24.000Z,imports,api-ms-win-core-delayload-l1-1-1.dll,ResolveDelayLoadedAPI,fada5887652412db48daec20613cd533,eb311cceaf61597799f3b66ef518af7fd896a94cbf6da6093c4be9396c56b9d7,c:\Windows\System32\cmintegrator.dll
72,cmintegrator.dll,45568,3,1382728104,2013-10-25T19:08:24.000Z,imports,api-ms-win-core-delayload-l1-1-0.dll,DelayLoadFailureHook,fada5887652412db48daec20613cd533,eb311cceaf61597799f3b66ef518af7fd896a94cbf6da6093c4be9396c56b9d7,c:\Windows\System32\cmintegrator.dll
73,cmintegrator.dll,45568,3,1382728104,2013-10-25T19:08:24.000Z,exports,cmintegrator.dll,VpnCmOracleCheckVpnAvailability,fada5887652412db48daec20613cd533,eb311cceaf61597799f3b66ef518af7fd896a94cbf6da6093c4be9396c56b9d7,c:\Windows\System32\cmintegrator.dll
74,cmintegrator.dll,45568,3,1382728104,2013-10-25T19:08:24.000Z,exports,cmintegrator.dll,VpnCmOracleInitialize,fada5887652412db48daec20613cd533,eb311cceaf61597799f3b66ef518af7fd896a94cbf6da6093c4be9396c56b9d7,c:\Windows\System32\cmintegrator.dll
75,cmintegrator.dll,45568,3,1382728104,2013-10-25T19:08:24.000Z,exports,cmintegrator.dll,VpnCmOracleShutdown,fada5887652412db48daec20613cd533,eb311cceaf61597799f3b66ef518af7fd896a94cbf6da6093c4be9396c56b9d7,c:\Windows\System32\cmintegrator.dll
