,col0,col1,col2,col3,col4,col5
0,"com.google.javascript.rhino.Node$NumberNode#void#setDouble#?,double#170",0.02564102564102566,0.0,0.02564102564102566,,_
1,"com.google.javascript.jscomp.parsing.IRFactory$TransformDispatcher#Node#processUnaryExpression#?,UnaryExpression#974",0.001912045889101321,0.0,0.001912045889101321,,_
2,"com.google.javascript.jscomp.Compiler#Node#parseTestCode#?,String#1467",0.001360544217687054,0.0,0.001360544217687054,,_
3,"com.google.javascript.jscomp.ComposeWarningsGuard#boolean#disables#?,DiagnosticGroup#116",0.0009276437847866026,0.0,0.0009276437847866026,,_
4,"com.google.javascript.jscomp.DiagnosticGroup#DiagnosticGroup#forType#?,DiagnosticType#71",0.0009276437847866026,0.0,0.0009276437847866026,,_
5,"com.google.javascript.jscomp.CompilerOptions#boolean#disables#?,DiagnosticGroup#1024",0.0009276437847866026,0.0,0.0009276437847866026,,_
6,"com.google.javascript.jscomp.DiagnosticGroup#boolean#isSubGroup#?,DiagnosticGroup#117",0.0009090909090908593,0.0,0.0009090909090908593,,_
7,com.google.javascript.rhino.Node#boolean#isNumber#?#2296,0.0006273525721455231,0.0,0.0006273525721455231,,_
8,"com.google.javascript.jscomp.CodeConsumer#boolean#isNegativeZero#?,double#269",0.0006009615384615642,0.0,0.0006009615384615642,,_
9,"com.google.javascript.jscomp.CodeConsumer#void#addNumber#?,double#240",0.0006009615384615642,0.0,0.0006009615384615642,,GT
10,com.google.javascript.rhino.Node$NumberNode#double#getDouble#?#165,0.000515729757607053,0.0,0.000515729757607053,,_
11,com.google.javascript.jscomp.DiagnosticType#int#hashCode#?#120,0.0004442470013327205,0.0,0.0004442470013327205,,_
12,"com.google.javascript.jscomp.WarningsGuard#boolean#disables#?,DiagnosticGroup#94",0.00037495313085866844,0.0,0.00037495313085866844,,_
13,"com.google.javascript.jscomp.WarningsGuard#boolean#enables#?,DiagnosticGroup#105",0.00037495313085866844,0.0,0.00037495313085866844,,_
14,"com.google.javascript.jscomp.CodeConsumer#void#appendOp#?,String,boolean#206",0.0003729951510630381,0.0,0.0003729951510630381,,_
15,"com.google.javascript.jscomp.CodeConsumer#void#addOp#?,String,boolean#210",0.0003679175864605977,0.0,0.0003679175864605977,,_
16,"com.google.javascript.jscomp.CodeGenerator#Context#getContextForNoInOperator#?,Context#1165",0.0003610108303249149,0.0,0.0003610108303249149,,_
17,"com.google.javascript.jscomp.parsing.IRFactory#Node#newNumberNode#?,Double#1315",0.00035360678925033806,0.0,0.00035360678925033806,,_
18,"com.google.javascript.jscomp.parsing.IRFactory$TransformDispatcher#Node#processNumberLiteral#?,NumberLiteral#762",0.00035360678925033806,0.0,0.00035360678925033806,,_
19,"com.google.javascript.jscomp.DiagnosticGroupWarningsGuard#boolean#disables#?,DiagnosticGroup#44",0.0003471017007983246,0.0,0.0003471017007983246,,_
20,"com.google.javascript.rhino.IR#Node#number#?,double#417",0.00033909799932185786,0.0,0.00033909799932185786,,_
21,"com.google.javascript.rhino.Node$NumberNode#?#NumberNode#?,double#154",0.0003371544167228846,0.0,0.0003371544167228846,,_
22,"com.google.javascript.rhino.Node#Node#newNumber#?,double#503",0.0003371544167228846,0.0,0.0003371544167228846,,_
23,com.google.javascript.jscomp.CodePrinter$CompactCodePrinter#void#maybeCutLine#?#490,0.000311138767890462,0.0,0.000311138767890462,,_
24,"com.google.javascript.jscomp.CodeGenerator#void#addExpr#?,Node,int,Context#873",0.00029779630732573725,0.0,0.00029779630732573725,,_
25,"com.google.javascript.jscomp.NodeUtil#int#precedence#?,int#1161",0.0002977076510866094,0.0,0.0002977076510866094,,_
26,com.google.javascript.jscomp.CodeConsumer#void#endStatement#?#134,0.0002920560747663448,0.0,0.0002920560747663448,,_
27,"com.google.javascript.jscomp.CodeConsumer#void#addIdentifier#?,String#61",0.00029197080291976096,0.0,0.00029197080291976096,,_
28,"com.google.javascript.jscomp.CodeGenerator#void#addIdentifier#?,String#77",0.00029171528588101125,0.0,0.00029171528588101125,,_
29,"com.google.javascript.jscomp.CodeGenerator#String#identifierEscape#?,String#1087",0.00029171528588101125,0.0,0.00029171528588101125,,_
30,"com.google.javascript.jscomp.NodeUtil#boolean#isLatin#?,String#2399",0.00029078220412914746,0.0,0.00029078220412914746,,_
31,com.google.javascript.jscomp.CodePrinter$CompactCodePrinter#void#notePreferredLineBreak#?#509,0.00028935185185186013,0.0,0.00028935185185186013,,_
32,"com.google.javascript.jscomp.CodePrinter$CompactCodePrinter#void#append#?,String#443",0.0002891008962128128,0.0,0.0002891008962128128,,_
33,"com.google.javascript.jscomp.CodeConsumer#void#endStatement#?,boolean#138",0.00028885037550552273,0.0,0.00028885037550552273,,_
34,com.google.javascript.jscomp.CodePrinter$MappedCodePrinter#char#getLastChar#?#206,0.0002858776443681599,0.0,0.0002858776443681599,,_
35,"com.google.javascript.jscomp.CodeConsumer#boolean#isWordChar#?,char#273",0.00028538812785383616,0.0,0.00028538812785383616,,_
36,"com.google.javascript.jscomp.CodeConsumer#void#add#?,String#181",0.00028538812785383616,0.0,0.00028538812785383616,,_
37,com.google.javascript.jscomp.CodeConsumer#void#maybeEndStatement#?#152,0.00028538812785383616,0.0,0.00028538812785383616,,_
38,"com.google.javascript.jscomp.CodePrinter$Builder#Builder#setLineLengthThreshold#?,int#613",0.0002801120448179262,0.0,0.0002801120448179262,,_
39,com.google.javascript.jscomp.CodeConsumer#void#endFile#?#299,0.0002783189535207065,0.0,0.0002783189535207065,,_
40,com.google.javascript.jscomp.CodePrinter$CompactCodePrinter#void#endFile#?#514,0.0002783189535207065,0.0,0.0002783189535207065,,_
41,"com.google.javascript.jscomp.CodePrinter$CompactCodePrinter#?#CompactCodePrinter#?,boolean,boolean,int,boolean,SourceMap.DetailLevel#433",0.0002783189535207065,0.0,0.0002783189535207065,,_
42,"com.google.javascript.jscomp.CompilerOptions#void#setLanguageIn#?,LanguageMode#1345",0.0002766251728907321,0.0,0.0002766251728907321,,_
43,"com.google.javascript.jscomp.CodePrinter$Builder#Builder#setPrettyPrint#?,boolean#573",0.0002754062241806521,0.0,0.0002754062241806521,,_
44,"com.google.javascript.jscomp.CodePrinter$Builder#?#Builder#?,Node#565",0.0002748763056624748,0.0,0.0002748763056624748,,_
45,com.google.javascript.jscomp.CodePrinter$Builder#String#build#?#658,0.0002748763056624748,0.0,0.0002748763056624748,,_
46,"com.google.javascript.jscomp.CodePrinter#String#toSource#?,Node,Format,boolean,boolean,int,SourceMap,SourceMap.DetailLevel,Charset,boolean#691",0.0002748763056624748,0.0,0.0002748763056624748,,_
47,com.google.javascript.jscomp.CodePrinter$MappedCodePrinter#String#getCode#?#201,0.0002748763056624748,0.0,0.0002748763056624748,,_
48,"com.google.javascript.jscomp.CodePrinter$MappedCodePrinter#?#MappedCodePrinter#?,int,boolean,SourceMap.DetailLevel#60",0.0002748763056624748,0.0,0.0002748763056624748,,_
49,"com.google.javascript.jscomp.CodeGenerator#void#add#?,Node#81",0.0002748763056624748,0.0,0.0002748763056624748,,_
50,"com.google.javascript.jscomp.CodePrinter$MappedCodePrinter#void#startSourceMapping#?,Node#90",0.0002748763056624748,0.0,0.0002748763056624748,,_
51,"com.google.javascript.jscomp.CodeGenerator#void#add#?,Node,Context#85",0.0002748763056624748,0.0,0.0002748763056624748,,_
52,com.google.javascript.jscomp.CodeConsumer#boolean#continueProcessing#?#52,0.0002748763056624748,0.0,0.0002748763056624748,,_
53,"com.google.javascript.jscomp.CodeGenerator#?#CodeGenerator#?,CodeConsumer,Charset#49",0.0002748763056624748,0.0,0.0002748763056624748,,_
54,"com.google.javascript.jscomp.CodePrinter$MappedCodePrinter#void#endSourceMapping#?,Node#113",0.0002748763056624748,0.0,0.0002748763056624748,,_
55,"com.google.javascript.jscomp.NodeUtil#String#opToStr#?,int#2123",0.00027412280701755165,0.0,0.00027412280701755165,,_
56,com.google.javascript.jscomp.Compiler#void#initCompilerOptionsIfTesting#?#1452,0.000241779497098693,0.0,0.000241779497098693,,_
57,"com.google.javascript.jscomp.LoggerErrorManager#?#LoggerErrorManager#?,MessageFormatter,Logger#37",0.00023419203747077066,0.0,0.00023419203747077066,,_
58,com.google.javascript.jscomp.Compiler#?#Compiler#?#186,0.00023408239700373199,0.0,0.00023408239700373199,,_
59,"com.google.javascript.jscomp.ComposeWarningsGuard#?#ComposeWarningsGuard#?,WarningsGuard#82",0.00023174971031281186,0.0,0.00023174971031281186,,_
60,com.google.javascript.jscomp.CompilerOptions#?#CompilerOptions#?#765,0.00023174971031281186,0.0,0.00023174971031281186,,_
61,"com.google.javascript.jscomp.CompilerOptions#void#setWarningLevel#?,DiagnosticGroup,CheckLevel#1031",0.00023078698361411742,0.0,0.00023078698361411742,,_
62,"com.google.javascript.jscomp.CompilerOptions#void#addWarningsGuard#?,WarningsGuard#1057",0.00023078698361411742,0.0,0.00023078698361411742,,_
63,com.google.javascript.jscomp.Compiler#MessageFormatter#createMessageFormatter#?#222,0.0002294104152328336,0.0,0.0002294104152328336,,_
64,"com.google.javascript.jscomp.AbstractMessageFormatter#void#setColorize#?,boolean#36",0.0002294104152328336,0.0,0.0002294104152328336,,_
65,com.google.javascript.jscomp.CompilerOptions#boolean#shouldColorizeErrorOutput#?#1218,0.0002294104152328336,0.0,0.0002294104152328336,,_
66,"com.google.javascript.jscomp.Compiler#void#setErrorManager#?,ErrorManager#212",0.00022930520522812525,0.0,0.00022930520522812525,,_
67,"com.google.javascript.jscomp.RhinoErrorReporter$NewRhinoErrorReporter#?#NewRhinoErrorReporter#?,AbstractCompiler#150",0.0002292526364052749,0.0,0.0002292526364052749,,_
68,"com.google.javascript.jscomp.RhinoErrorReporter$OldRhinoErrorReporter#?#OldRhinoErrorReporter#?,AbstractCompiler#142",0.0002292526364052749,0.0,0.0002292526364052749,,_
69,"com.google.javascript.jscomp.Compiler#?#Compiler#?,PrintStream#194",0.0002292526364052749,0.0,0.0002292526364052749,,_
70,"com.google.javascript.jscomp.RhinoErrorReporter#?#RhinoErrorReporter#?,AbstractCompiler#72",0.0002292526364052749,0.0,0.0002292526364052749,,_
71,"com.google.javascript.jscomp.RhinoErrorReporter#ErrorReporter#forOldRhino#?,AbstractCompiler#107",0.0002292526364052749,0.0,0.0002292526364052749,,_
72,"com.google.javascript.jscomp.RhinoErrorReporter#Pattern#replacePlaceHolders#?,String#67",0.0002292526364052749,0.0,0.0002292526364052749,,_
73,"com.google.javascript.jscomp.Compiler#void#addChangeHandler#?,CodeChangeHandler#1859",0.0002292526364052749,0.0,0.0002292526364052749,,_
74,"com.google.javascript.jscomp.RhinoErrorReporter#com.google.javascript.rhino.head.ErrorReporter#forNewRhino#?,AbstractCompiler#103",0.0002292526364052749,0.0,0.0002292526364052749,,_
75,"com.google.javascript.jscomp.LightweightMessageFormatter#?#LightweightMessageFormatter#?,SourceExcerptProvider#44",0.0002292000916800374,0.0,0.0002292000916800374,,_
76,"com.google.javascript.jscomp.AbstractMessageFormatter#?#AbstractMessageFormatter#?,SourceExcerptProvider#32",0.0002292000916800374,0.0,0.0002292000916800374,,_
77,"com.google.javascript.jscomp.LightweightMessageFormatter#?#LightweightMessageFormatter#?,SourceExcerptProvider,SourceExcerpt#49",0.0002292000916800374,0.0,0.0002292000916800374,,_
78,"com.google.javascript.jscomp.PassFactory#?#PassFactory#?,String,boolean#42",0.0002285191956123977,0.0,0.0002285191956123977,,_
79,com.google.javascript.jscomp.ClosureCodingConvention#?#ClosureCodingConvention#?#45,0.0002279462046956837,0.0,0.0002279462046956837,,_
80,"com.google.javascript.jscomp.CodingConventions$Proxy#?#Proxy#?,CodingConvention#55",0.0002279462046956837,0.0,0.0002279462046956837,,_
81,"com.google.javascript.jscomp.ClosureCodingConvention#?#ClosureCodingConvention#?,CodingConvention#49",0.0002279462046956837,0.0,0.0002279462046956837,,_
82,com.google.javascript.jscomp.CodingConventions#CodingConvention#getDefault#?#37,0.00022779043280185543,0.0,0.00022779043280185543,,_
83,"com.google.javascript.rhino.ScriptRuntime#String#getMessage0#?,String#366",0.00022271714922050825,0.0,0.00022271714922050825,,_
84,"com.google.javascript.rhino.ScriptRuntime#String#getMessage#?,String,Object[]#379",0.00022237046920170478,0.0,0.00022237046920170478,,_
85,"com.google.javascript.jscomp.parsing.IRFactory$TransformDispatcher#Node#processInfixExpression#?,InfixExpression#684",0.00021602937999565253,0.0,0.00021602937999565253,,_
86,"com.google.javascript.jscomp.NodeUtil#boolean#isAssignmentOp#?,Node#1436",0.00020605810838658645,0.0,0.00020605810838658645,,_
87,com.google.javascript.rhino.Node#boolean#isString#?#2328,0.0001927525057825452,0.0,0.0001927525057825452,,_
88,"com.google.javascript.jscomp.parsing.IRFactory#Node#newNode#?,int,Node,Node#1299",0.000190512478567384,0.0,0.000190512478567384,,_
89,"com.google.javascript.rhino.Node#?#Node#?,int,Node,Node#380",0.00018839487565935897,0.0,0.00018839487565935897,,_
90,com.google.javascript.jscomp.BasicErrorManager#JSError[]#getWarnings#?#90,0.00018395879323029882,0.0,0.00018395879323029882,,_
91,com.google.javascript.jscomp.Compiler#JSError[]#getWarnings#?#931,0.00018395879323029882,0.0,0.00018395879323029882,,_
92,"com.google.javascript.jscomp.parsing.IRFactory$TransformDispatcher#Node#processExpressionStatement#?,ExpressionStatement#560",0.00017646020822303934,0.0,0.00017646020822303934,,_
93,com.google.javascript.jscomp.Compiler#JSError[]#getErrors#?#924,0.00017349063150584598,0.0,0.00017349063150584598,,_
94,com.google.javascript.jscomp.BasicErrorManager#JSError[]#getErrors#?#85,0.00017349063150584598,0.0,0.00017349063150584598,,_
95,"com.google.javascript.jscomp.BasicErrorManager#JSError[]#toArray#?,CheckLevel#104",0.0001731002250302538,0.0,0.0001731002250302538,,_
96,com.google.javascript.rhino.Node#boolean#isVar#?#2356,0.00016886187098952288,0.0,0.00016886187098952288,,_
97,"com.google.javascript.jscomp.DiagnosticGroupWarningsGuard#boolean#enables#?,DiagnosticGroup#49",0.00016655562958023395,0.0,0.00016655562958023395,,_
98,com.google.javascript.jscomp.WarningsGuard#int#getPriority#?#83,0.00016619577862719837,0.0,0.00016619577862719837,,_
99,com.google.javascript.jscomp.SuppressDocWarningsGuard#int#getPriority#?#96,0.00016567263088140827,0.0,0.00016567263088140827,,_
100,"com.google.javascript.jscomp.ComposeWarningsGuard#boolean#enables#?,DiagnosticGroup#140",0.00016567263088140827,0.0,0.00016567263088140827,,_
101,"com.google.javascript.jscomp.Compiler#void#initOptions#?,CompilerOptions#231",0.00016567263088140827,0.0,0.00016567263088140827,,_
102,com.google.javascript.jscomp.CompilerOptions#WarningsGuard#getWarningsGuard#?#1035,0.00016567263088140827,0.0,0.00016567263088140827,,_
103,"com.google.javascript.jscomp.CompilerOptions#boolean#enables#?,DiagnosticGroup#1016",0.00016567263088140827,0.0,0.00016567263088140827,,_
104,com.google.javascript.jscomp.DiagnosticGroup#Collection<DiagnosticType>#getTypes#?#129,0.00016567263088140827,0.0,0.00016567263088140827,,_
105,"com.google.javascript.jscomp.SuppressDocWarningsGuard#?#SuppressDocWarningsGuard#?,Map<String,DiagnosticGroup>#40",0.00016567263088140827,0.0,0.00016567263088140827,,_
106,"com.google.javascript.jscomp.DiagnosticGroups#Map<String,DiagnosticGroup>#getRegisteredGroups#?#57",0.00016567263088140827,0.0,0.00016567263088140827,,_
107,"com.google.javascript.jscomp.DiagnosticGroupWarningsGuard#?#DiagnosticGroupWarningsGuard#?,DiagnosticGroup,CheckLevel#33",0.00016564518800732395,0.0,0.00016564518800732395,,_
108,"com.google.javascript.jscomp.ComposeWarningsGuard#void#addGuard#?,WarningsGuard#86",0.00016564518800732395,0.0,0.00016564518800732395,,_
109,com.google.javascript.jscomp.Compiler#DiagnosticGroups#getDiagnosticGroups#?#1952,0.00016564518800732395,0.0,0.00016564518800732395,,_
110,"com.google.javascript.jscomp.ComposeWarningsGuard$GuardComparator#int#compare#?,WarningsGuard,WarningsGuard#61",0.00016564518800732395,0.0,0.00016564518800732395,,_
111,com.google.javascript.jscomp.DiagnosticGroups#?#DiagnosticGroups#?#31,0.00016561775422330172,0.0,0.00016561775422330172,,_
112,"com.google.javascript.jscomp.ComposeWarningsGuard$GuardComparator#?#GuardComparator#?,Map<WarningsGuard,Integer>#56",0.00016561775422330172,0.0,0.00016561775422330172,,_
113,"com.google.javascript.jscomp.ComposeWarningsGuard#void#addGuards#?,Iterable<WarningsGuard>#98",0.00016561775422330172,0.0,0.00016561775422330172,,_
114,"com.google.javascript.jscomp.ComposeWarningsGuard#?#ComposeWarningsGuard#?,List<WarningsGuard>#78",0.00016561775422330172,0.0,0.00016561775422330172,,_
115,"com.google.javascript.jscomp.DiagnosticGroup#boolean#matches#?,DiagnosticType#110",0.00016515276630879594,0.0,0.00016515276630879594,,_
116,"com.google.javascript.jscomp.DiagnosticType#boolean#equals#?,Object#114",0.00016512549537650578,0.0,0.00016512549537650578,,_
117,com.google.javascript.rhino.Node#boolean#isFunction#?#2232,0.0001637465203864208,0.0,0.0001637465203864208,,_
118,com.google.javascript.jscomp.Compiler#int#getErrorCount#?#1997,0.00016371971185336065,0.0,0.00016371971185336065,,_
119,"com.google.javascript.jscomp.CompilerInput#Node#getAstRoot#?,AbstractCompiler#118",0.00016210082671419546,0.0,0.00016210082671419546,,_
120,com.google.javascript.jscomp.CompilerInput#InputId#getInputId#?#96,0.00016178611875106164,0.0,0.00016178611875106164,,_
121,com.google.javascript.jscomp.JsAst#InputId#getInputId#?#68,0.00016170763260026091,0.0,0.00016170763260026091,,_
122,"com.google.javascript.jscomp.CompilerInput#?#CompilerInput#?,JSSourceFile#86",0.00016170763260026091,0.0,0.00016170763260026091,,_
123,"com.google.javascript.jscomp.CompilerInput#?#CompilerInput#?,JSSourceFile,boolean#90",0.00016170763260026091,0.0,0.00016170763260026091,,_
124,"com.google.javascript.jscomp.SourceFile#void#setIsExtern#?,boolean#193",0.00016170763260026091,0.0,0.00016170763260026091,,_
125,"com.google.javascript.jscomp.CompilerInput#?#CompilerInput#?,SourceAst,boolean#67",0.00016170763260026091,0.0,0.00016170763260026091,,_
126,"com.google.javascript.jscomp.CompilerInput#?#CompilerInput#?,SourceAst,InputId,boolean#75",0.00016168148746964484,0.0,0.00016168148746964484,,_
127,com.google.javascript.rhino.InputId#int#hashCode#?#60,0.00016157699143637405,0.0,0.00016157699143637405,,_
128,com.google.javascript.jscomp.JsAst#SourceFile#getSourceFile#?#73,0.00016157699143637405,0.0,0.00016157699143637405,,_
129,com.google.javascript.rhino.Node#int#getChildCount#?#1387,0.00016157699143637405,0.0,0.00016157699143637405,,_
130,"com.google.javascript.jscomp.parsing.IRFactory#int#transformTokenType#?,int#1108",0.00016147263038912563,0.0,0.00016147263038912563,,_
131,"com.google.javascript.jscomp.PrepareAst$PrepareAnnotations#?#PrepareAnnotations#?,AbstractCompiler#125",0.00016110842597072406,0.0,0.00016110842597072406,,_
132,"com.google.javascript.jscomp.PrepareAst#?#PrepareAst#?,AbstractCompiler#41",0.00016110842597072406,0.0,0.00016110842597072406,,_
133,"com.google.javascript.jscomp.PrepareAst$PrepareAnnotations#boolean#shouldTraverse#?,NodeTraversal,Node,Node#130",0.00016110842597072406,0.0,0.00016110842597072406,,_
134,"com.google.javascript.jscomp.Compiler#void#prepareAst#?,Node#1832",0.00016110842597072406,0.0,0.00016110842597072406,,_
135,"com.google.javascript.jscomp.PrepareAst#?#PrepareAst#?,AbstractCompiler,boolean#45",0.00016110842597072406,0.0,0.00016110842597072406,,_
136,"com.google.javascript.jscomp.PrepareAst#void#process#?,Node,Node#57",0.00016110842597072406,0.0,0.00016110842597072406,,_
137,"com.google.javascript.jscomp.PrepareAst$PrepareAnnotations#void#visit#?,NodeTraversal,Node,Node#138",0.00016110842597072406,0.0,0.00016110842597072406,,_
138,"com.google.javascript.rhino.Node$IntPropListItem#PropListItem#chain#?,PropListItem#355",0.00016108247422685906,0.0,0.00016108247422685906,,_
139,com.google.javascript.rhino.Node#boolean#isObjectLit#?#2300,0.00016103059581318302,0.0,0.00016103059581318302,,_
140,"com.google.javascript.jscomp.JsAst#Node#getAstRoot#?,AbstractCompiler#50",0.00016079755587716793,0.0,0.00016079755587716793,,_
141,com.google.javascript.jscomp.Compiler#boolean#acceptConstKeyword#?#1907,0.00016079755587716793,0.0,0.00016079755587716793,,_
142,com.google.javascript.jscomp.Compiler#Config#getParserConfig#?#1912,0.00016079755587716793,0.0,0.00016079755587716793,,_
143,com.google.javascript.jscomp.Compiler#ErrorReporter#getDefaultErrorReporter#?#1479,0.00016079755587716793,0.0,0.00016079755587716793,,_
144,"com.google.javascript.jscomp.JsAst#void#parse#?,AbstractCompiler#83",0.00016079755587716793,0.0,0.00016079755587716793,,_
145,"com.google.javascript.jscomp.NodeTraversal#String#getSourceName#?,Node#653",0.00016074586079406483,0.0,0.00016074586079406483,,_
146,com.google.javascript.jscomp.Compiler#boolean#hasHaltingErrors#?#2009,0.00016069419893938175,0.0,0.00016069419893938175,,_
147,"com.google.javascript.jscomp.JsAst#?#JsAst#?,SourceFile#43",0.00016064257028114426,0.0,0.00016064257028114426,,_
148,"com.google.javascript.jscomp.JSSourceFile#JSSourceFile#fromCode#?,String,String#55",0.0001606167683906312,0.0,0.0001606167683906312,,_
149,"com.google.javascript.jscomp.JSSourceFile#?#JSSourceFile#?,SourceFile#72",0.0001606167683906312,0.0,0.0001606167683906312,,_
150,com.google.javascript.jscomp.CompilerOptions#CodingConvention#getCodingConvention#?#1259,0.00016053941242577532,0.0,0.00016053941242577532,,_
151,com.google.javascript.jscomp.SourceFile#String#getCode#?#139,0.00016053941242577532,0.0,0.00016053941242577532,,_
152,com.google.javascript.jscomp.Compiler#CodingConvention#getCodingConvention#?#1881,0.00016053941242577532,0.0,0.00016053941242577532,,_
153,com.google.javascript.jscomp.JSSourceFile#String#getCode#?#78,0.00016053941242577532,0.0,0.00016053941242577532,,_
154,com.google.javascript.rhino.Node#String#getSourceFileName#?#1090,0.0001605136436597654,0.0,0.0001605136436597654,,_
155,com.google.javascript.jscomp.CompilerOptions#LanguageMode#getLanguageIn#?#1350,0.00016046213093712236,0.0,0.00016046213093712236,,_
156,com.google.javascript.jscomp.Compiler#boolean#isIdeMode#?#1888,0.00016041065126726206,0.0,0.00016041065126726206,,_
157,com.google.javascript.rhino.Node#InputId#getInputId#?#1110,0.0001603077909586581,0.0,0.0001603077909586581,,_
158,com.google.javascript.jscomp.NodeTraversal#void#popScope#?#582,0.00016028209648977218,0.0,0.00016028209648977218,,_
159,"com.google.javascript.jscomp.NodeUtil#InputId#getInputId#?,Node#2859",0.00016028209648977218,0.0,0.00016028209648977218,,_
160,"com.google.javascript.jscomp.NodeTraversal#void#traverse#?,AbstractCompiler,Node,Callback#453",0.00016028209648977218,0.0,0.00016028209648977218,,_
161,"com.google.javascript.jscomp.NodeTraversal#void#traverse#?,Node#271",0.00016028209648977218,0.0,0.00016028209648977218,,_
162,"com.google.javascript.jscomp.NodeTraversal#void#pushScope#?,Node#562",0.00016028209648977218,0.0,0.00016028209648977218,,_
163,"com.google.javascript.jscomp.NodeTraversal#void#traverseBranch#?,Node,Node#477",0.00016028209648977218,0.0,0.00016028209648977218,,_
164,"com.google.javascript.jscomp.NodeTraversal#?#NodeTraversal#?,AbstractCompiler,Callback,ScopeCreator#230",0.0001602564102564097,0.0,0.0001602564102564097,,_
165,"com.google.javascript.jscomp.NodeTraversal#?#NodeTraversal#?,AbstractCompiler,Callback#221",0.0001602564102564097,0.0,0.0001602564102564097,,_
166,"com.google.javascript.jscomp.SyntacticScopeCreator#?#SyntacticScopeCreator#?,AbstractCompiler#56",0.0001602050624799345,0.0,0.0001602050624799345,,_
167,com.google.javascript.jscomp.BasicErrorManager#int#getErrorCount#?#75,0.00016017940092905025,0.0,0.00016017940092905025,,_
168,com.google.javascript.rhino.Node#boolean#isScript#?#2320,0.0001598721023181593,0.0,0.0001598721023181593,,_
169,com.google.javascript.rhino.Node#Node#getLastChild#?#543,0.00015961691939347933,0.0,0.00015961691939347933,,_
170,"com.google.javascript.jscomp.SourceFile#SourceFile#fromCode#?,String,String#324",0.00015928639694173796,0.0,0.00015928639694173796,,_
171,"com.google.javascript.jscomp.SourceFile#void#setCode#?,String#155",0.00015928639694173796,0.0,0.00015928639694173796,,_
172,com.google.javascript.jscomp.SourceFile#Builder#builder#?#356,0.00015928639694173796,0.0,0.00015928639694173796,,_
173,"com.google.javascript.jscomp.SourceFile$Builder#SourceFile#buildFromCode#?,String,String#392",0.00015928639694173796,0.0,0.00015928639694173796,,_
174,"com.google.javascript.jscomp.SourceFile#void#setOriginalPath#?,String#163",0.00015928639694173796,0.0,0.00015928639694173796,,_
175,"com.google.javascript.jscomp.SourceFile$Preloaded#?#Preloaded#?,String,String,String#423",0.00015928639694173796,0.0,0.00015928639694173796,,_
176,com.google.javascript.jscomp.SourceFile$Builder#?#Builder#?#370,0.00015928639694173796,0.0,0.00015928639694173796,,_
177,"com.google.javascript.jscomp.SourceFile#?#SourceFile#?,String#86",0.00015926102882624082,0.0,0.00015926102882624082,,_
178,com.google.javascript.jscomp.SourceFile#String#getName#?#182,0.00015926102882624082,0.0,0.00015926102882624082,,_
179,"com.google.javascript.jscomp.parsing.IRFactory$TransformDispatcher#Node#processName#?,Name#731",0.00015923566878983664,0.0,0.00015923566878983664,,_
180,"com.google.javascript.jscomp.parsing.IRFactory$TransformDispatcher#boolean#isReservedKeyword#?,String#752",0.00015923566878983664,0.0,0.00015923566878983664,,_
181,"com.google.javascript.jscomp.parsing.IRFactory$TransformDispatcher#Node#processName#?,Name,boolean#735",0.00015910898965787457,0.0,0.00015910898965787457,,_
182,"com.google.javascript.jscomp.parsing.IRFactory#Node#newStringNode#?,int,String#1311",0.00015908367801464873,0.0,0.00015908367801464873,,_
183,"com.google.javascript.jscomp.parsing.ParserRunner#Node#parse#?,StaticSourceFile,String,Config,ErrorReporter,Logger#108",0.00015835312747425334,0.0,0.00015835312747425334,,_
184,"com.google.javascript.rhino.Node#void#setIsSyntheticBlock#?,boolean#1901",0.00015830299192653996,0.0,0.00015830299192653996,,_
185,"com.google.javascript.jscomp.parsing.IRFactory#?#IRFactory#?,String,StaticSourceFile,Config,ErrorReporter#126",0.00015762925598994393,0.0,0.00015762925598994393,,_
186,"com.google.javascript.rhino.Node#void#setCharno#?,int#1154",0.00015762925598994393,0.0,0.00015762925598994393,,_
187,"com.google.javascript.jscomp.parsing.IRFactory#int#position2charno#?,int#365",0.00015762925598994393,0.0,0.00015762925598994393,,_
188,"com.google.javascript.jscomp.parsing.IRFactory$TransformDispatcher#boolean#isDirective#?,Node#476",0.00015762925598994393,0.0,0.00015762925598994393,,_
189,"com.google.javascript.jscomp.parsing.IRFactory$TransformDispatcher#Node#processAstRoot#?,AstRoot#441",0.00015762925598994393,0.0,0.00015762925598994393,,_
190,"com.google.javascript.jscomp.parsing.IRFactory#Node#transformTree#?,AstRoot,StaticSourceFile,String,Config,ErrorReporter#169",0.00015762925598994393,0.0,0.00015762925598994393,,_
191,"com.google.javascript.jscomp.parsing.TypeSafeDispatcher#T#process#?,AstNode#118",0.00015762925598994393,0.0,0.00015762925598994393,,_
192,"com.google.javascript.jscomp.parsing.IRFactory$TransformDispatcher#void#parseDirectives#?,Node#459",0.00015762925598994393,0.0,0.00015762925598994393,,_
193,"com.google.javascript.jscomp.parsing.IRFactory#Node#newNode#?,int#1291",0.00015762925598994393,0.0,0.00015762925598994393,,_
194,"com.google.javascript.jscomp.parsing.IRFactory#Node#justTransform#?,AstNode#375",0.00015762925598994393,0.0,0.00015762925598994393,,_
195,"com.google.javascript.jscomp.parsing.IRFactory#void#setFileOverviewJsDoc#?,Node#190",0.00015762925598994393,0.0,0.00015762925598994393,,_
196,com.google.javascript.jscomp.parsing.IRFactory#Node#createTemplateNode#?#158,0.00015762925598994393,0.0,0.00015762925598994393,,_
197,"com.google.javascript.jscomp.parsing.IRFactory#void#setSourceInfo#?,Node,AstNode#312",0.00015762925598994393,0.0,0.00015762925598994393,,_
198,"com.google.javascript.jscomp.parsing.IRFactory#void#maybeSetLengthFrom#?,Node,AstNode#359",0.00015762925598994393,0.0,0.00015762925598994393,,_
199,"com.google.javascript.jscomp.parsing.IRFactory#Node#transform#?,AstNode#271",0.00015762925598994393,0.0,0.00015762925598994393,,_
200,"com.google.javascript.jscomp.parsing.IRFactory#JSDocInfo#handleJsDoc#?,AstNode,Node#259",0.00015762925598994393,0.0,0.00015762925598994393,,_
201,"com.google.javascript.rhino.Node#void#setLineno#?,int#1146",0.0001576044129235621,0.0,0.0001576044129235621,,_
202,com.google.javascript.rhino.Node#FileLevelJsDocBuilder#getJsDocBuilderForNode#?#1816,0.00015752993068685048,0.0,0.00015752993068685048,,_
203,com.google.javascript.jscomp.parsing.ParserRunner#void#initResourceConfig#?#76,0.00015705983979896754,0.0,0.00015705983979896754,,_
204,"com.google.javascript.jscomp.parsing.ParserRunner#Config#createConfig#?,boolean,LanguageMode,boolean,Set<String>#63",0.00015705983979896754,0.0,0.00015705983979896754,,_
205,com.google.javascript.rhino.Node$StringNode#String#getString#?#216,0.00015688735487917604,0.0,0.00015688735487917604,,_
206,com.google.javascript.rhino.Node#JSDocInfo#getJSDocInfo#?#1850,0.00015617679212864832,0.0,0.00015617679212864832,,_
207,"com.google.javascript.rhino.Node#void#putBooleanProp#?,int,boolean#845",0.00015610365282547892,0.0,0.00015610365282547892,,_
208,com.google.javascript.rhino.Node#Node#getNext#?#547,0.00015603058199409323,0.0,0.00015603058199409323,,_
209,"com.google.javascript.rhino.Node#Node#newString#?,int,String#515",0.00015475085112970358,0.0,0.00015475085112970358,,_
210,"com.google.javascript.rhino.Node$StringNode#?#StringNode#?,int,String#195",0.00015424957581366971,0.0,0.00015424957581366971,,_
211,com.google.javascript.rhino.Node#int#getCharno#?#1131,0.00015370427297878295,0.0,0.00015370427297878295,,_
212,com.google.javascript.rhino.Node#int#getLineno#?#1127,0.00015370427297878295,0.0,0.00015370427297878295,,_
213,"com.google.javascript.rhino.Node#int#extractCharno#?,int#1203",0.00015363343063445892,0.0,0.00015363343063445892,,_
214,"com.google.javascript.rhino.Node#int#extractLineno#?,int#1191",0.00015363343063445892,0.0,0.00015363343063445892,,_
215,"com.google.javascript.rhino.Node#void#addChildToBack#?,Node#607",0.00015267175572519776,0.0,0.00015267175572519776,,_
216,"com.google.javascript.rhino.Node#void#setInputId#?,InputId#1103",0.00015204500532162155,0.0,0.00015204500532162155,,_
217,"com.google.javascript.rhino.InputId#?#InputId#?,String#51",0.00015174506828530276,0.0,0.00015174506828530276,,_
218,com.google.javascript.rhino.Node#Node#getFirstChild#?#539,0.0001513775355737046,0.0,0.0001513775355737046,,_
219,com.google.javascript.rhino.Node#StaticSourceFile#getStaticSourceFile#?#1096,0.00015126304643775512,0.0,0.00015126304643775512,,_
220,"com.google.javascript.rhino.Node#Node#clonePropsFrom#?,Node#761",0.00015121729925904326,0.0,0.00015121729925904326,,_
221,"com.google.javascript.rhino.Node#int#mergeLineCharNo#?,int,int#1177",0.00015110305228160922,0.0,0.00015110305228160922,,_
222,com.google.javascript.rhino.Node$ObjectPropListItem#Object#getObjectValue#?#313,0.00015105740181264868,0.0,0.00015105740181264868,,_
223,com.google.javascript.rhino.Node#int#getType#?#527,0.00015067048365224878,0.0,0.00015067048365224878,,_
224,"com.google.javascript.rhino.Node$IntPropListItem#?#IntPropListItem#?,int,int,PropListItem#334",0.00014988009592331597,0.0,0.00014988009592331597,,_
225,"com.google.javascript.rhino.Node#PropListItem#createProp#?,int,int,PropListItem#860",0.00014988009592331597,0.0,0.00014988009592331597,,_
226,"com.google.javascript.rhino.Node#void#putIntProp#?,int,int#849",0.00014985763524655304,0.0,0.00014985763524655304,,_
227,"com.google.javascript.rhino.Node$ObjectPropListItem#?#ObjectPropListItem#?,int,Object,PropListItem#302",0.00014883167137969,0.0,0.00014883167137969,,_
228,"com.google.javascript.rhino.Node#PropListItem#createProp#?,int,Object,PropListItem#856",0.00014883167137969,0.0,0.00014883167137969,,_
229,"com.google.javascript.rhino.Node#void#setStaticSourceFile#?,StaticSourceFile#1081",0.0001484119916889126,0.0,0.0001484119916889126,,_
230,"com.google.javascript.jscomp.parsing.Config#?#Config#?,Set<String>,Set<String>,boolean,LanguageMode,boolean#75",0.00014817009927392544,0.0,0.00014817009927392544,,_
231,"com.google.javascript.jscomp.parsing.Config#Map<String,Annotation>#buildAnnotationNames#?,Set<String>#89",0.00014817009927392544,0.0,0.00014817009927392544,,_
232,"com.google.javascript.rhino.Node#void#putProp#?,int,Object#832",0.00014803849000744052,0.0,0.00014803849000744052,,_
233,"com.google.javascript.rhino.Node#Object#getProp#?,int#796",0.00014773230905595902,0.0,0.00014773230905595902,,_
234,com.google.javascript.rhino.Node$AbstractPropListItem#PropListItem#getNext#?#287,0.00014768867227887839,0.0,0.00014768867227887839,,_
235,com.google.javascript.rhino.Node$AbstractPropListItem#int#getType#?#282,0.00014697236919458678,0.0,0.00014697236919458678,,_
236,"com.google.javascript.rhino.Node$AbstractPropListItem#?#AbstractPropListItem#?,int,PropListItem#276",0.00014679976512033122,0.0,0.00014679976512033122,,_
237,"com.google.javascript.rhino.Node#void#removeProp#?,int#768",0.00014667057788209092,0.0,0.00014667057788209092,,_
238,"com.google.javascript.rhino.Node#PropListItem#removeProp#?,PropListItem,int#781",0.00014667057788209092,0.0,0.00014667057788209092,,_
239,"com.google.javascript.rhino.Node#PropListItem#lookupProperty#?,int#746",0.00014649868151184187,0.0,0.00014649868151184187,,_
240,"com.google.javascript.rhino.Node#?#Node#?,int#360",0.00014452955629429276,0.0,0.00014452955629429276,,_
241,"com.google.javascript.jscomp.DiagnosticType#DiagnosticType#error#?,String,String#53",0.0,0.0,0.0,,_
242,"com.google.javascript.jscomp.DiagnosticType#DiagnosticType#make#?,String,CheckLevel,String#89",0.0,0.0,0.0,,_
243,"com.google.javascript.jscomp.ProcessTweaks$TweakFunction#?#TweakFunction#?,String,String,int#128",0.0,0.0,0.0,,_
244,"com.google.javascript.jscomp.DiagnosticGroup#?#DiagnosticGroup#?,DiagnosticType#54",0.0,0.0,0.0,,_
245,"com.google.javascript.jscomp.ProcessTweaks$TweakFunction#?#TweakFunction#?,String#123",0.0,0.0,0.0,,_
246,"com.google.javascript.jscomp.ProcessTweaks$TweakFunction#?#TweakFunction#?,String,String,int,int,TweakFunction#143",0.0,0.0,0.0,,_
247,com.google.javascript.jscomp.ProcessTweaks$TweakFunction#String#getName#?#164,0.0,0.0,0.0,,_
248,"com.google.javascript.rhino.jstype.ObjectType#String#createDelegateSuffix#?,String#224",0.0,0.0,0.0,,_
249,"com.google.javascript.jscomp.DiagnosticGroup#?#DiagnosticGroup#?,String,DiagnosticType#46",0.0,0.0,0.0,,_
250,"com.google.javascript.jscomp.DiagnosticGroups#DiagnosticGroup#registerGroup#?,String,DiagnosticGroup#50",0.0,0.0,0.0,,_
251,"com.google.javascript.jscomp.ProcessTweaks$TweakFunction#?#TweakFunction#?,String,TweakFunction#137",0.0,0.0,0.0,,_
252,"com.google.javascript.jscomp.DiagnosticGroup#?#DiagnosticGroup#?,String,DiagnosticGroup#88",0.0,0.0,0.0,,_
253,"com.google.javascript.jscomp.parsing.ParserRunner#Set<String>#extractList#?,String#86",0.0,0.0,0.0,,_
254,"com.google.javascript.jscomp.DiagnosticType#?#DiagnosticType#?,String,CheckLevel,MessageFormat#97",0.0,0.0,0.0,,_
255,"com.google.javascript.jscomp.DiagnosticType#DiagnosticType#disabled#?,String,String#76",0.0,0.0,0.0,,_
256,"com.google.javascript.jscomp.WarningsGuard$Priority#?#Priority#?,int#58",0.0,0.0,0.0,,_
257,"com.google.javascript.jscomp.DiagnosticGroups#DiagnosticGroup#registerGroup#?,String,DiagnosticType#43",0.0,0.0,0.0,,_
258,"com.google.javascript.jscomp.ProcessTweaks$TweakFunction#?#TweakFunction#?,String,String,int,int#133",0.0,0.0,0.0,,_
259,"com.google.javascript.jscomp.DiagnosticType#DiagnosticType#warning#?,String,String#64",0.0,0.0,0.0,,_
