,col0,col1,col2,col3,col4,col5,col6,col7,col8,col9,col10,col11,col12,col13,col14,col15,col16,col17,col18,col19
0,e5c07748-8fd1-11eb-924d-9cd76263cbd0,genus,Lepionurus,,,Blume,Q76816,,,Bijdr. Fl. Ned. Ind. 1148. 1826.,,,,,,28216-1,wfo-4000021163,7321367,,
1,681ad716-8fcc-11eb-924d-9cd76263cbd0,species,javanicus,Lepionurus,,G.Don,Q1381245,1832.0,,Gen. Hist. 2: 16 1832,,,,,,607982-1,wfo-0000443484,3658948,,
2,681ab5ce-8fcc-11eb-924d-9cd76263cbd0,species,latisquamus,Lepionurus,,Gagnep.,Q599122,1910.0,,Notul. Syst. (Paris) 1: 201 1910,,,,,,614480-1,wfo-0000443483,3658933,,
3,68182e1c-8fcc-11eb-924d-9cd76263cbd0,species,longipes,Lepionurus,,Gagnep.,Q599122,1947.0,,Notul. Syst. (Paris) 13: 135 1947,,,,,,614481-1,wfo-0000443465,3658922,,
4,681af520-8fcc-11eb-924d-9cd76263cbd0,species,macrostachyus,Lepionurus,,Gagnep.,Q599122,1910.0,,Notul. Syst. (Paris) 1: 202 1910,,,,,,614482-1,wfo-0000443485,3658912,,
5,6818c692-8fcc-11eb-924d-9cd76263cbd0,species,oblongifolius,Lepionurus,,(Griff.) Mast.,"Q11705310,Q787355",1875.0,,Fl. Brit. India 1: 583 1875,,,,,,607983-1,wfo-0000443470,3658901,,
6,14bf2c06-8fcd-11eb-924d-9cd76263cbd0,variety,angustifolius,Lepionurus,oblongifolius,Ridl.,Q733709,1924.0,,Fl. Malay Penins. 3: 173 1924,,,,,,,wfo-0000735807,7619128,,
7,68176022-8fcc-11eb-924d-9cd76263cbd0,species,oxylepis,Lepionurus,,Gagnep.,Q599122,1947.0,,Notul. Syst. (Paris) 13: 135 1947,,,,,,614483-1,wfo-0000443458,3658892,,
8,6817366a-8fcc-11eb-924d-9cd76263cbd0,species,pubescens,Lepionurus,,Ridl.,Q733709,1916.0,,"Trans. Linn. Soc. London, Bot. 9: 27 1916",,Q54635235,,,,614484-1,wfo-0000443457,3658937,,
9,6816f9de-8fcc-11eb-924d-9cd76263cbd0,species,sylvestris,Lepionurus,,Blume,Q76816,,,Bijdr. 1148 1827,,,,,,607984-1,wfo-0000443456,3658877,,
10,14bf0fe6-8fcd-11eb-924d-9cd76263cbd0,variety,lanceolatus,Lepionurus,sylvestris,Valeton,Q2335410,1886.0,,Crit. Overz. Olacin. 153 1886,,,,,,,wfo-0000735806,8403404,,
