,col0,col1,col2,col3,col4,col5,col6,col7,col8,col9,col10
0,2744888,story,,,1,0,stevecarl,Best residential locksmith Jacksonville,http://www.locksmithjacksonville.mobi/,"If you need security services in property management for 24 hours with security cameras and emergency locksmith services, then Locksmith Jacksonville provide Emergency car locksmith and more professional locksmith services at the best price. For more information about house rekey Jacksonville, Visit at locksmithjacksonville.mobi/",1310180391
1,2744887,comment,2743822.0,2743822.0,1,0,coliveira,,,"This looks terrible in terms of usability. Everything is so white, there is no contrast at all. I find it really hard to see the difference between elements, and the ""highlight"" is barely visible. I guess one can get used to it, but would be much better with at least some contrast.",1310180377
2,2744886,comment,2743622.0,2744091.0,8,0,hvs,,,Not as humorously.,1310180327
3,2744885,story,,,1,0,princeverma,Phononic Devicess Chips Convert Waste Heat into Electricity,http://www.bloomberg.com/news/2011-06-29/phononic-devices-s-chips-convert-waste-heat-into-electricity.html,,1310180220
4,2744884,comment,2741787.0,2743392.0,1,0,sofuture,,,"a.{~(/:a+c=:_29 14 _60 12 8 0 _2 5 3 2 11 6 14 _1 8 13){+/\a=:(#.1,5$0),1,(#.1,6$0),0,(2$2),(#:20),~(3*1 1r3,|.i.3)",1310180208
5,2744883,comment,2743894.0,2744233.0,1,0,hvs,,,Maybe the point is to find hard-to-test code in <i>other</i> people's code.,1310180163
6,2744882,comment,2738776.0,2741411.0,1,0,kijinbear,,,You'll probably need to win the lawsuit before the judge can order something like that.,1310180126
7,2744881,comment,2743084.0,2743865.0,1,0,junkbit,,,"I think most of the world's debt is privately held.  For instance the UK is the third largest owner of US debt after China and Japan, but we ourselves have a massive public debt.",1310180088
8,2744880,comment,2744702.0,2744702.0,2,0,bobthebee,,,"Seems like a very poor choice for Eric to appear in front of Congress. Can only result in bad PR for Google and hightened scrunity of Google.<p>My favority Schmidt gaffe thus far was his comment on user privacy ""If you have something to hide, maybe you shouldn't be doing it""",1310180064
9,2744879,comment,2744688.0,2744842.0,4,0,jdhopeunique,,,"Certainly the export of strong encryption technology was illegal, but the domestic use was not as far as I'm aware.  Which law made strong encryption illegal?",1310180015
10,2744878,comment,2744703.0,2744703.0,0,0,gasull,,,I miss something like the Principle of Least Astonishment for design.<p>Why every time there's a revamp of a website the new design is more astonishing and less clear?  Why the search button in Google Calendar is now blue?<p>Why new design is usually a tease on our muscle memory?,1310180000
11,2744877,story,,,2,0,xal,Entrepreneur's Checklist ,http://blog.xero.com/2011/07/entrepreneurs-checklist/?utm_source=twitterfeed&utm_medium=twitter&utm_campaign=Feed%3A+xerolive+%28Xero+News%29,,1310179967
12,2744876,comment,2744408.0,2744508.0,1,0,aorshan,,,"Have you considered taking out ads in popular research magazines? Everybody reads Nature, and I'm sure a well written ad would do wonders for you guys. Love the idea by the way. As a sciences student I totally see how useful this can be in labs.",1310179936
13,2744875,comment,2744190.0,2744664.0,2,0,Terretta,,,"I found Google Refine saves some programming:<p><a href=""http://google-opensource.blogspot.com/2010/11/announcing-google-refine-20-power-tool.html"" rel=""nofollow"">http://google-opensource.blogspot.com/2010/11/announcing-goo...</a>",1310179911
14,2744874,comment,2744703.0,2744703.0,3,0,anonymoushn,,,"For extra fun....<p><pre><code>  a = 5\n  def print_a():\n      print a\n  # Prints 5\n  print_a()\n  \n  def print_and_assign_a():\n      print a\n      a = 2\n  # raises UnboundLocalError\n  print_and_assign_a()\n  \n  class PrintOnInitSet(set):\n      def __init__(self, *args, **kwargs):\n          print ""init!""\n          set.__init__(self, *args, **kwargs)\n  # Creates a PrintOnInitSet and prints ""init!""\n  a = PrintOnInitSet([1,2])\n  # Creates a PrintOnInitSet and prints ""init!""\n  b = PrintOnInitSet([3,4])\n  # Creates a PrintOnInitSet and prints nothing\n  c = a | b</code></pre>",1310179874
15,2744872,comment,2744739.0,2744848.0,1,0,bumped,,,"As inhumane as the treatment of animals has been, you should see how we've treated each other. That being said, let's not question the importance of deaths that are relative to one's background or focus. Death should never be devalued no matter how ""freak"" or ""accidental"".",1310179859
16,2744871,comment,2743292.0,2743292.0,6,0,tung,,,"The correct title for this is ""Lua/APR: Apache Portable Runtime binding for Lua"". I'm pointing this out because I'm tired of seeing submission titles used to make a point instead of describing what's behind the link. This mightn't be a big deal for other people, but personally, I don't like having opinions[#] forced on me like this.<p>[#] The opinion here is that Lua needs a standard library. Maybe it does, maybe it doesn't, but I want to come to that conclusion myself, that's all.",1310179763
17,2744870,comment,2741425.0,2742843.0,2,0,jfager,,,"<i>Advertising uses this not because it is ""sexualized"", but because men will buy toxic waste by the barrel if you draw nice titties on it.</i><p>This statement makes no sense.  Associating sex with non-sexual things is the <i>definition</i> of sexualization.<p>And I know <i>why</i> advertisers do it, it's not rocket surgery to figure it out.  Their motivation doesn't change the fact that the action itself objectifies and degrades women (and to a lesser extent, men).<p><i>Watch an advertiser sell SUVs to women: they have a big, hulking, strong look and are advertised as serving and protecting the kids. That is the masculine face of advertising.</i><p>You quote me stating that men are sexualized, and respond by explaining how men are sexualized?  What's your point?",1310179751
18,2744869,comment,2744190.0,2744697.0,10,0,Terretta,,,"I think the children's puzzler ""Fuzzy Wuzzy was a bear, but Fuzzy Wuzzy had no hair. So Fuzzy Wuzzy wasn't fuzzy was he?"" is better known despite the Urban Dctionary selection biased votes.",1310179742
19,2744868,comment,2744682.0,2744854.0,2,0,sjs,,,"That's a really cool thought, that some of us ""star dust"" creatures went back out into the stars. They are 5 billion years ahead of the rest of us :)",1310179730
20,2744867,comment,2743257.0,2743257.0,1,0,anactofgod,,,"Here is a NASA page with more info about the Sphere project...\n  <a href=""http://www.nasa.gov/mission_pages/station/main/spheres_smartphone.html"" rel=""nofollow"">http://www.nasa.gov/mission_pages/station/main/spheres_smart...</a>",1310179694
21,2744866,comment,2744578.0,2744578.0,-2,0,veyron,,,Old news.  This has been in place for years.,1310179684
22,2744865,comment,2744688.0,2744688.0,6,0,teeray,,,"Encryption is not like a safe. In a safe, you close the door, lock it, and the contents remain unaffected. Cutting through the back of the safe would yield the same contents. In this way, safes are more like BIOS passwords. The password is written to the hard drive and the BIOS acts as a gatekeeper. However, there's no reason you couldn't use a BIOS designed to ignore the presence of a password.<p>If we were to design a physical analog to encryption, it would be more like a matter scrambler. You place your diamonds, jewels, insurance papers, etc. (or, in this case, incriminating evidence) onto a platform and enter a password. The contents of the platform are TRANSFORMED into a pile of pebbles, dirt, and dust which you sweep into a bag. The bag's contents are indistinguishable from anything else in your yard (Remember, GOOD encryption is indistinguishable from randomness as both encrypted data and random numbers do not compress well). The proper password will cause the matter scrambler to reproduce the valuables but otherwise will just yield more dirt, dust, and pebbles.<p>It is therefore an ACTIVE process to reproduce incriminating evidence in a case by decrypting data. One is not providing access to already existing evidence, one is PRODUCING it from pure garbage.<p>Ordo ad chao ac ordo ab chao.",1310179658
23,2744864,comment,2744688.0,2744760.0,1,0,jdhopeunique,,,"One could also say an encrypted hard drive is like the GPS location of a coffin containing a dead body.  Can the authorities compel you to reveal the GPS coordinates of the body?  If you deny any knowledge or reveal that you ""forgot"" the coordinates, could you be compelled to provide access to the evidence?  What about GPS coordinates to a stash of drugs?  At what point does revealing incriminating information become protected by the 5th amendment?",1310179632
24,2744863,comment,2744047.0,2744047.0,1,0,deerparkwater,,,"Very cool, this is a great idea. Keep going I think you have something here. (srs)",1310179623
25,2744862,story,,,4,0,ChrisNorstrom,10 Technical and Psychological Reasons Why We Don't Use Video Chat More Often,http://www.chrisnorstrom.com/2011/07/10-reasons-we-dont-use-video-chat-and-how-to-fix-some-of-them/,,1310179578
26,2744861,comment,2744678.0,2744678.0,4,0,Duff,,,"Somehow I don't buy the $0.50 thing. I remember that my dad laid out some serious coin to ""upgrade"" from an old TV to a proper monitor.",1310179553
27,2744860,comment,2742985.0,2743216.0,2,0,j_baker,,,"You're not necessarily wrong.  You're just damning the article with faint praise.  The point of the article wasn't ""Do you want to start a business?  Yes you do.  Go start one now.""<p>It's more ""Do you want to start a business?  Yes?  Go do it!  No?  No sweat!  Just make sure you're making yourself happy and not just toiling away to make someone else happy.""<p>The ultimate theme behind this blog post is to make sure your life is about <i>you</i> and your relation to other people.  Otherwise, you get trapped into believing a lot of shoulds:  you should get a bachelor's degree, you should get married, you should work long hours for terrible salary, etc.",1310179549
28,2744859,comment,2743954.0,2743954.0,1,0,phlux,,,"Does this mean that the words in the articles, and the grammar used therein will be checked for errors? Or that they put a new skin on their poorly written bullshit?",1310179536
29,2744858,comment,2744190.0,2744190.0,2,0,saygt,,,Awesome! I was just about to start searching for something like this. Thank you HN,1310179472
30,2744857,comment,2744578.0,2744809.0,3,0,Tanner,,,I'm reading Operating Systems: Design and Implementation by Tanenbaum right now. He's damned clever and turns what could easily be very dry material into something quite readable and occasionally very funny.,1310179460
31,2744856,comment,2743703.0,2744851.0,1,0,daeken,,,"AMD only released docs on the 2d side of things.  3D is still undocumented, AFAIK.",1310179322
32,2744855,comment,2744682.0,2744839.0,4,0,tesseract,,,"I would guess that the secret aircraft of today, likely as not don't have people in them.",1310179308
33,2744854,comment,2744682.0,2744682.0,3,0,dlokshin,,,"More specifically, this is the number of <i>live</i> people in space. I'd be curious to know how many dead people are in space as well (the ones who had their body's launched upon passing).",1310179219
34,2744853,comment,2743695.0,2743695.0,1,0,joebasirico,,,"Hey, submitter of the above link here. I had a hard time coming up with a non-spammy sounding title for this submission, but my company, Security Innovation, does a lot of application security work and has created some very cool eLearning.<p>If you're interested in learning about security this is a great (free) place to start. There are six courses that will be given away for free. I encourage you to check them out.",1310179208
35,2744852,comment,2744578.0,2744809.0,5,0,sjwright,,,"Terrible ping times, though.",1310179178
36,2744851,comment,2743703.0,2744743.0,2,0,binarycrusader,,,"AMD properly documents their GPU hardware now, and has for at least the last three years.<p>The real issue at hand is that the open source drivers are incredibly horrid.  It's hard to write drivers, surprise!",1310179159
37,2744850,comment,2743622.0,2743622.0,2,0,Lost_BiomedE,,,"My favorite version is during the decline of communist Russia. One example was quotas on furniture factories enforced by the pound, resulted in 2000lb sofas. Another was number of military boots made, resulting in all the leather and soles made but not assembled into an actual boot.",1310179135
38,2744849,comment,2744835.0,2744835.0,3,0,Stythys,,,lolololol,1310179135
39,2744848,comment,2744739.0,2744739.0,2,0,blackboxxx,,,"In a world with urban sprawl and animal cruelty, depleting natural resources, and families living on the streets, you're going to focus on a stupid freak accident?",1310179111
40,2744847,comment,2741787.0,2743794.0,3,0,chamakits,,,"Both of these (the signature, and the post) are amazing!<p>....<i>jealous</i>",1310179059
41,2744846,comment,2742596.0,2744833.0,2,0,klbarry,,,"Very interesting! I had never read anything like that before. Truthfully though, it makes me like the KIPP program even more, as I am glad that tools of mass persuasion can finally be used for good.",1310179050
42,2744845,comment,2744293.0,2744293.0,2,0,phlux,,,"Padmapper.com -- If you have bad credit, but have cash, you can offer more than just first and last to get around that typically.",1310178985
43,2744844,comment,2741780.0,2741780.0,2,0,linuxhansl,,,"No you can't.<p>HTML is a Context Free Language (Type 2 in the Chomsky hierarchy) that is defined by a Context Free Grammar, and parsed by a stack machine.<p>Regular expressions can describe regular (Type 3) languages. They do not have a stack.<p>Note that there is a loop in the code, so it's not just regular expressions.",1310178977
44,2744843,comment,2744703.0,2744776.0,6,0,lucian1900,,,"I'm not sure about different namespaces for special methods. Python's object system is so self-referential and so transparent that it'd be surprising.<p>Go devs are of the opinion that what behaves like a function should be a function, with no exception. It's also the reason they don't do operator overloading, which I think is just dumb.",1310178970
45,2744842,comment,2744688.0,2744783.0,2,0,ajross,,,"Illegal strong encryption was, in fact, the law for many years.  It was changed only when it was realized that the lack of robust security was harming the emerging ""e-commerce"" markets.  Certainly it wasn't due to a concern about 4th and 5th amendment rights.",1310178952
46,2744841,comment,2741787.0,2743593.0,2,0,icebraining,,,",[.,] doesn't actually concatenate files, though.<p>Personally, I think that using golf handicapped languages is the only way to keep it interesting. If you can choose the language, it gets too easy.\nOne could even implement 'cat' as a single character, provided his language of choice.",1310178942
47,2744840,comment,2744531.0,2744531.0,1,0,steventruong,,,Works fine on Google Reader for me,1310178929
48,2744839,comment,2744682.0,2744758.0,2,0,savrajsingh,,,The SR71 was a secret for a long time. Now it's in museums. What secret aircraft/spacecraft do we have now? Beyond the x37? The military budget is orders of mag greater than NASAs. That's what I meant.,1310178839
49,2744838,story,,,1,0,darklighter3,Googles Deal-Making Math,http://dealbook.nytimes.com/2011/07/08/googles-deal-making-math/,,1310178817
50,2744837,comment,2744047.0,2744047.0,1,0,dfischer,,,This is pretty awesome. Especially since we use a digital team methodology.,1310178757
51,2744836,comment,2744047.0,2744047.0,4,0,wizard_2,,,"I'll save judgement for when I could try it, but why on earth do you need full access to my git hub account? I don't want to give you access to my private repo's unless I'm coding on them.",1310178673
52,2744835,story,,,5,3,sajid,I have a billion dollar idea. Which investors should I speak with?,http://www.quora.com/I-have-a-billion-dollar-business-idea-Which-investors-should-I-speak-with,,1310178591
53,2744834,comment,2744578.0,2744578.0,7,0,kylec,,,"There are several backup solutions (Arq, JungleDisk, etc) that will store your data on Amazon's S3 service. However, the restore process is fairly painful as it requires downloading potentially hundreds of GB which takes a long time. I'm aware of the hard drive service that Amazon offers, but AFAIK you're required to mail a drive to Amazon and they will put the data you want on it and mail it back. However, I've often thought that since Amazon also sells hard drives, they could skip a step and allow someone to purchase the disk, have Amazon can put the data on it, and mail it to the buyer. For people replacing a failed hard drive, it's likely that they will buy one from Amazon anyway, and this would save them a lot of time.",1310178556
54,2744833,comment,2742596.0,2743980.0,3,0,gnosis,,,Do a Google search for: KIPP brainwashing,1310178415
55,2744832,story,,,3,0,mjurek,HDMI Org Demands Ban On Mini Displayport to HDMI Cable,http://www.tekgoblin.com/2011/07/08/hdmi-org-demands-ban-on-mini-displayport-to-hdmi-cable/,,1310178413
56,2744831,comment,2744688.0,2744781.0,6,0,karzeem,,,"That would probably be the best defense. If the destruction was carried out as part of a regularly scheduled program instead of as a specific response to law enforcement's demand for the data, you might be alright.<p>Lots of companies automatically delete all email older than six months for this exact reason, actually.",1310178297
57,2744830,comment,2744688.0,2744688.0,5,0,linuxhansl,,,"I am somewhat on the fence with this one.\nIf the police comes to your house with a warrant, they have the right to search your house.\nYou cannot actively stop them, but do you have to help them searching your place?\nI.e. do you have to open the door or hand over the keys to the house? Or - maybe more to the point - show them where your hiding places are?<p>IANAL, but my gut reaction would be that on ethical grounds you do not have to help in the collection of evidence against you.\nIf the police cannot decrypt your drive that is their problem, not yours.",1310178284
58,2744829,comment,2744688.0,2744688.0,6,0,hncommenter13,,,"I am not a lawyer, but note that the original article (describing an amicus brief filed by the EFF, which is essentially an argument submitted by a party not involved directly in the case) is talking about 5th amendment rights, not 4th amendment.<p>The 4th amendment covers search and seizure (the case of a locked file cabinet inside a home for which a proper search warrant has been obtained), while the brief is focused on the 5th amendment question--is providing a password testimonial?  The key question is not whether the information on the laptop must be disclosed to the government (we assume the subpoena is proper and if the laptop were unencrypted, the government would have the right to use it at trial), but whether the act of providing the password demonstrates a key element of the crime: that the defendant had control over the laptop and can therefore be assumed to been aware of/responsible for the creation of its contents.<p>In other words, is providing the password a neutral fact--as in Hiibel vs. 6th Judicial District of Nevada, where the Supreme Court found a law requiring individuals to provide a name when stopped legally by law enforcement--or is it self-incriminatory?<p>The Supreme Court has ruled on similar questions in several instances.  See <a href=""http://volokh.com/posts/1197763604.shtml"" rel=""nofollow"">http://volokh.com/posts/1197763604.shtml</a> for a discussion from a law professor who specializes in 4th/5th amendment issues.",1310178269
59,2744828,comment,2744514.0,2744807.0,2,0,tomp,,,"This was my question exactly...<p>From what I understand, Tor is an anonymizing service for web browsing (and other web activities). I2P is an anonymizing layer above the regular internet. I.e., you can use Tor to view pages/use services on the regular internet, while with I2P you can only use services that are part of I2P. On the other hand, I2P is less vulnerable - it is fully decentralized & distributed, with everyone being an equal peer in the network, while Tor relies on exit nodes to function, and normal clients don't help the network at all.<p>See:\n<a href=""http://www.i2p2.de/faq.html#outproxy"" rel=""nofollow"">http://www.i2p2.de/faq.html#outproxy</a>\n<a href=""http://www.i2p2.de/how_networkcomparisons"" rel=""nofollow"">http://www.i2p2.de/how_networkcomparisons</a>",1310178199
60,2744827,comment,2744688.0,2744688.0,3,0,vonSeckendorff,,,"I was under the impression that previous rulings with regards to safes and keys did not carry over to combinations, i.e. one could be compelled to surrender a key but not the combination to a safe. Whatever the case, I think it's foolish to argue by analog.<p>Do you think the government ought to have the right to invade a person's mind and analyze its contents? I find that idea repugnant - under no circumstance should the mind be available to third party scrutiny. Personally, I consider my laptop as an extension of my mind. Much in the same way I don't go around sharing every errant thought I have with the world, I have password protected my laptop and encrypted its contents.<p>I concede that my personal feelings do not make for a convincing argument, so instead consider this: In the future, probably in the very near future, computers will directly interface with the brain and will provide all sorts of computational assistance - information search, number crunching, memory storage and lookup, communication we can hardly dream of... Cybernetic implants would indeed be an extension of one's mind, and I think most of you here would argue for its protection. The users of these devices would be living in a dystopia if they had to censor their thoughts and usage of their cybernetic brains!<p>And well, frankly, I don't see much of a difference between a neural interface and a digital (fingers) interface.",1310178176
61,2744826,comment,2744514.0,2744729.0,8,0,a3_nm,,,"I2P is built on top on existing networks. Apparently, the darknet plan would also like a real mesh infrastructure.",1310178149
62,2744825,story,,,1,0,iandroid91,Falling Skies Season 1 Episode 5 Silent Kill,http://xsucker.blogspot.com/2011/07/falling-skies-season-1-episode-5-silent.html,"Falling Skies Season 1 Episode 5 - Silent Kill : hi guys back again, Apakabar you and your family there, I expect fine and always be the best and healthy Physically and spiritually, I am here asking for your help before going here because I'm wandering and looking for a bite of rice so I'm here exchange information with you about the Falling Skies TV series",1310178093
63,2744824,story,,,3,0,justyle,Zerply: The Inner Workings of Our Beta,http://www.zerply.com/infographics/2,,1310178032
64,2744823,comment,2744759.0,2744759.0,1,0,blackboxxx,,,Dumb question. Dumb answer.,1310178030
65,2744822,comment,2744682.0,2744810.0,-4,0,iamdave,,,Extraterrestrial life = people?<p>Then who was soylent green?,1310178025
66,2744821,comment,2744813.0,2744813.0,1,0,yuhong,,,"If you hasn't guessed it, this I found when I was trying to figure out the history of Hollywood Accounting.",1310178018
67,2744820,comment,2711761.0,2711761.0,1,0,bartmcpherson,,,Getting companies to develop software for your OS would be very hard. Your OS would have to have hooks into the outside software to know what the program wanted to do with a file handle. Create a new mp3? Change the info of the mp3?  Add album art?  Play the Mp3?  Delete it?  What about future features that haven't been thought of yet?<p>The outside company just wants the ability to access a file. What it does with it is not up to the OS.,1310178006
68,2744819,comment,2743838.0,2744657.0,1,0,earbitscom,,,"The ability of an artist to make successful and popular music for the whole of their lives is next to impossible, as cultures change and the older generations don't necessarily adapt to what's popular.  Why should they?  Do you want your Grandma making Hip Hop videos?  Meanwhile, some artists created a product during their professional lives that continues to generate revenue into their golden years.  Why should we tell them - yeah, people still buy your albums but they're public property now.  What about your ability to make money?  Hmmm...See if people will buy the new version WITHOUT John Bonham.  They won't buy it?  Oh, then here is your Social Security check.<p>The Birthday Song, on the other hand, I agree with.  It's like the Q-Tip/Kleenex trademarks.  It should be deemed too damn popular to prevent its use in things like TV shows or restaurants.  I know...I'm a contradicting hypocrite.  Sue me.",1310177987
69,2744818,comment,2744682.0,2744682.0,11,0,a3_nm,,,"According to an unsourced claim on Wikipedia (<a href=""http://en.wikipedia.org/wiki/Human"" rel=""nofollow"">http://en.wikipedia.org/wiki/Human</a>), the largest value ever reached for this number was 13 (which is surprisingly low).",1310177938
70,2744817,comment,2742630.0,2742630.0,1,0,bane,,,"A <i>big</i> problem with the future of mobile gaming in my opinion is the incredibly low software prices. Making a AAA title, then selling it for $2.99 is going to be very difficult. Raising the floor of mobile software pricing to something more akin to today's console pricing would be even harder.",1310177862
71,2744816,comment,2744759.0,2744759.0,4,0,damoncali,,,"There is so much wrong with Thiel's logic it's not even worth commenting on. It's soundbite material, nothing more.",1310177839
72,2744815,comment,2743132.0,2743132.0,3,0,redthrowaway,,,"I find it interesting that everyone ignores the obvious, and most common, method of making electricity from sunlight: fossil fuels.  It strikes me as odd that there's such a disconnect between what we say and what we mean that the oldest and most prevalent form of solar-generated electricity gets ignored.",1310177832
73,2744814,comment,2742367.0,2744496.0,0,0,celoyd,,,"The best man for the job is an idiom. Even then, I dont see any plausible advantage it has in most contexts over the best person for the job.<p>This isnt meant as prudery. Would you develop that argument? Im curious why Im being downvoted and would like a chance to engage.",1310177828
74,2744813,story,,,1,1,yuhong,Author's Heirs Challenge Hollywood's Accounting [1995],http://www.nytimes.com/1995/11/20/business/author-s-heirs-challenge-hollywood-s-accounting.html,,1310177790
75,2744812,comment,2711156.0,2711702.0,3,0,commutant,,,"Criticizing Khan's videos on history is shooting fish in a barrel; the videos are short and concise and history is long and complicated.  I could write many paragraphs of what is neglected or biased in just about any introductory books on mathematics, but I wouldn't really be making a statement about their quality.  Quality would be determined by evaluating these resources by their effectiveness at fulfilling their purpose.<p>This is actually the root of the controversy in my opinion: the real purpose of all this online educational material (Khan academy, various youtube channels, MIT OCW, etc) is still pretty multifaceted and ill-defined.<p>I'm making my videos because I think that well-crafted videos make material more appealing and accessible to a lot of people on the internet.  My hope is that people who are already learning the material will supplement with my videos and people who are introduced through my videos will get interested and seek out other sources. In this sense I would hope that they provide a window OUT of the ""Skinner box"",  as would any other reasonable piece of educational material that stokes the desire to learn.",1310177766
76,2744811,comment,2742533.0,2743026.0,1,0,JabavuAdams,,,"> Nobody wants to pay taxes.<p>See, this just isn't true. The fact that this idea is taken for granted gets at the root of the problem.<p>I'm happy to pay my taxes, although I don't pay more than I legally need to.",1310177694
77,2744810,comment,2744682.0,2744758.0,-4,0,spicyj,,,I think the grandparent was referring to extraterrestrial life that we haven't discovered.,1310177664
78,2744809,comment,2744578.0,2744578.0,11,0,eck,,,"""Never underestimate the bandwidth of a station wagon full of tapes hurtling down the highway.""<p><a href=""http://en.wikiquote.org/wiki/Andrew_S._Tanenbaum"" rel=""nofollow"">http://en.wikiquote.org/wiki/Andrew_S._Tanenbaum</a>",1310177640
79,2744808,comment,2742533.0,2743349.0,1,0,yummyfajitas,,,"Such things actually make up a fairly small portion of government spending.<p><a href=""http://usgovernmentspending.com/piechart_2009_US_total"" rel=""nofollow"">http://usgovernmentspending.com/piechart_2009_US_total</a><p>Further, ask yourself who makes a <i>profit</i> on public service - the child who is poorly educated by a failing school, or the teacher who is overpaid to provide that service?",1310177622
80,2744807,comment,2744514.0,2744729.0,6,0,tectonic,,,How does it compare to Tor?,1310177611
81,2744806,comment,2741207.0,2743401.0,1,0,nandemo,,,"Sorry, I didn't mean to put words in your mouth. My intention was to complement your comment, not to argue that you were wrong.",1310177534
82,2744805,comment,2744191.0,2744191.0,1,0,geekfactor,,,"<i>Its been a great week for 500 Startups, which has now sold a company to Twitter (BackType), LinkedIn (CardMunch) and Google.</i><p>Isn't the CardMunch deal months old?",1310177523
83,2744804,comment,2742985.0,2743797.0,0,0,ericlavigne,,,Someone's been playing Pokemon :-),1310177519
84,2744803,comment,2744688.0,2744766.0,22,0,tlb,,,"The difference is that any safe can be opened anyway in a few hours. A judge faced with a defendant unwilling to reveal the combination to a safe would figure he was just making things difficult, order a locksmith and find him in contempt. Requiring people to reveal safe combinations doesn't change their legal rights, it just saves time and mess.<p>A properly encrypted disk is undecryptable by anyone, and owners have a genuine expectation of privacy for things on it. So revealing the key materially affects the evidence. It is clearly something the 5th amendment was meant to protect against.",1310177477
85,2744802,comment,2741780.0,2743967.0,1,0,nandemo,,,"That's basically the standard definition of regular grammar: a grammar that describes a regular language.<p>All this subthread is fairly confusing because people are using the term ""recursive"" in a non-stardard way. Recursive languages are the languages decidable by a Turing machine. They're a strict superset of regular languages, i.e., not all regular languages can be described by regular grammars, but <i>all</i> regular grammars describe recursive languages.<p>Now, some regular grammars are left-recursive or right-recursive, which means sometimes the same symbol appears on both sides of a rule. It doesn't mean they the have the power of full recursion that we find in full-blown programming languages, since they don't have the equivalent of a stack.",1310177439
86,2744801,story,,,1,0,mahmutcigsar,Yaam nerisi | Dolu Dolu Yaam..,http://www.yasamonerisi.com/#.ThOc_cTKtGI.hackernews,,1310177419
87,2744800,comment,2744739.0,2744739.0,3,0,benologist,,,"You don't, death just sucks.",1310177406
88,2744799,comment,2744507.0,2744790.0,1,0,Brewer,,,The site cloning idea sounds pretty neat. Maybe I will try to clone HN.,1310177352
89,2744798,story,,,2,1,laurenceputra,Tech Gadgets Vending Machine,http://blog.geeksphere.net/2011/07/09/tech-gadgets-vending-machine/,,1310177284
90,2744797,comment,2744688.0,2744766.0,5,0,SageRaven,,,"According to a post I read a while back on the Cybercrime Blog, you cannot prevent authorities from opening the safe or refuse to hand over a physical key (with a lawful warrant, at least), but you are under no obligation to provide a combination.  I'm pretty sure the combination thing was SCOTUS precedent, but I'm not 100% certain.",1310177237
91,2744796,comment,2743874.0,2744423.0,1,0,OstiaAntica,,,The players' agents have a role and responsibility here too.  ESPN should put together a list of the destitute players and who represented them.,1310177166
92,2744795,comment,2744688.0,2744766.0,1,0,lurchpop,,,i think they could argue obstruction/destruction of evidence with the dead-man's switch thing. although a legit counter argument is the wipe is a general security measure to protect the data. if we saw phones as if they were our credit/debit cards that would be a perfectly reasonable security measure to prevent against theft.,1310177107
93,2744794,comment,2743894.0,2744163.0,2,0,GlennS,,,"Dependency injection frameworks/IOC containers (pick your stupid name of choice) avoid at least one of the problems of singletons: if you decide that you don't want it to be a singleton any more, you can trivially change the lifecycle to 'instance'.<p>By contrast, using singletons in plain old Java, you'd have to go through and find every usage of SingletonClass.instance().everyMethodCallOnThisClass() and push it up to the constructor. Since you now have a new dependency you have to pass all the way down your callstack, it can get painful quickly.<p>You still have the issue of global state, but I think that's altogether more complicated. Sometimes state really is global to your program and exposing it everything makes a certain amount of sense. It may well be ok for managing system resources (thread pools, network connections, IO in general). I think often you can get away with a boolean flag or two shared across a whole app. If it's read-only it's not a problem at all.<p>You need to be aware that every bit of shared state you make available or continue to use is a potential source of bugs and maintenance. Every bit of this that you expose needs serious thought. Don't let it snowball. Even if it means you have to make a few extra types of object or pass a stupid number of arguments all the way down the callstack, that's usually preferable because at least then you can reason about what's going on.",1310177106
94,2744793,story,,,1,0,virtualvillagde,Police arrest PM's former aide in UK phone hacking scandal,http://www.shanghaidaily.com/nsp/World/2011/07/09/Police%2Barrest%2BPMs%2Bformer%2Baide%2Bin%2BUK%2Bphone%2Bhacking%2Bscandal/,,1310177106
95,2744792,comment,2744408.0,2744457.0,2,0,kayhi,,,"Hey jayzee,<p>I actually work on a start up in this space with a slightly different approach - aggregating the best deals on supplies directly from vendors.<p>If you ever want to bounce ideas around feel free to contact me (email in profile).",1310177105
96,2744791,comment,2743646.0,2744506.0,1,0,keeptrying,,,I'd like to add Kiteboarding or surfing big waves to the list of things that would give you the feeling that you describe.<p>The fastest thing on water is a Kiteboard. In high winds it has everything you described above - but it is plenty dangerous too so be careful. It's something I intensely love to do.,1310177010
97,2744790,comment,2744507.0,2744529.0,1,0,glassx,,,"If you just want to practice programming, a Blog is a great idea, as invertedlambda suggested!<p>You can also try cloning sites you like, such as Twitter, Facebook, Hacker News. Or maybe a text-mode game. Anything that you might think is cool.<p>Or a tool for reading from some API you like. What about a command-line tool for getting the weather report based on your IP?",1310176990
98,2744789,comment,2743874.0,2744651.0,2,0,nh,,,">This is completely untrue. Players that go to the NBA one year out of college are the exception and not the rule.<p>This years first top 10 picks:<p>4 Freshman\n3 Internation players (ages 18, 19, 21)\n1 Sophmore\n1 Junior\n1 Senior<p>If you are any good or hyped, you are draft in the first year..",1310176957
99,2744788,comment,2741787.0,2743786.0,-2,0,CPlatypus,,,"Well played, sir.  Brief in text as well as code.  :)",1310176904
100,2744785,comment,2744554.0,2744736.0,1,0,bobfunk,,,"In our case the documents we move to the garbage collection already have a _type property that stores the class name and we do add a ""deleted_at"" property to the new document in the garbage collection.<p>But in the end, there's no other way to do the move than creating a copy and then deleting the original. This is also neither atomic nor transactional, but since we create the copy in the garbage collection before deleting we won't loose data no matter what...",1310176808
