,col0,col1,col2,col3,col4,col5,col6,col7,col8,col9,col10
0,luainstall.dll,68408,2,3423917095,2078-07-01T16:04:55.000Z,imports,msvcrt.dll,??0exception@@QEAA@AEBQEBDH@Z,c4c4647b86c756ddf67cd4ff0974f591,dc15585a560323fd7813ed17e22d88c1d54cee7999f79af573223d19dc9a43d3,c:\Windows\WinSxS\amd64_microsoft-windows-s..-installers-onecore_31bf3856ad364e35_10.0.18362.411_none_41b0e22336eb7941\luainstall.dll
1,luainstall.dll,68408,2,3423917095,2078-07-01T16:04:55.000Z,imports,msvcrt.dll,??0exception@@QEAA@AEBV0@@Z,c4c4647b86c756ddf67cd4ff0974f591,dc15585a560323fd7813ed17e22d88c1d54cee7999f79af573223d19dc9a43d3,c:\Windows\WinSxS\amd64_microsoft-windows-s..-installers-onecore_31bf3856ad364e35_10.0.18362.411_none_41b0e22336eb7941\luainstall.dll
2,luainstall.dll,68408,2,3423917095,2078-07-01T16:04:55.000Z,imports,msvcrt.dll,??1exception@@UEAA@XZ,c4c4647b86c756ddf67cd4ff0974f591,dc15585a560323fd7813ed17e22d88c1d54cee7999f79af573223d19dc9a43d3,c:\Windows\WinSxS\amd64_microsoft-windows-s..-installers-onecore_31bf3856ad364e35_10.0.18362.411_none_41b0e22336eb7941\luainstall.dll
3,luainstall.dll,68408,2,3423917095,2078-07-01T16:04:55.000Z,imports,msvcrt.dll,??1type_info@@UEAA@XZ,c4c4647b86c756ddf67cd4ff0974f591,dc15585a560323fd7813ed17e22d88c1d54cee7999f79af573223d19dc9a43d3,c:\Windows\WinSxS\amd64_microsoft-windows-s..-installers-onecore_31bf3856ad364e35_10.0.18362.411_none_41b0e22336eb7941\luainstall.dll
4,luainstall.dll,68408,2,3423917095,2078-07-01T16:04:55.000Z,imports,msvcrt.dll,??3@YAXPEAX@Z,c4c4647b86c756ddf67cd4ff0974f591,dc15585a560323fd7813ed17e22d88c1d54cee7999f79af573223d19dc9a43d3,c:\Windows\WinSxS\amd64_microsoft-windows-s..-installers-onecore_31bf3856ad364e35_10.0.18362.411_none_41b0e22336eb7941\luainstall.dll
5,luainstall.dll,68408,2,3423917095,2078-07-01T16:04:55.000Z,imports,msvcrt.dll,??_V@YAXPEAX@Z,c4c4647b86c756ddf67cd4ff0974f591,dc15585a560323fd7813ed17e22d88c1d54cee7999f79af573223d19dc9a43d3,c:\Windows\WinSxS\amd64_microsoft-windows-s..-installers-onecore_31bf3856ad364e35_10.0.18362.411_none_41b0e22336eb7941\luainstall.dll
6,luainstall.dll,68408,2,3423917095,2078-07-01T16:04:55.000Z,imports,msvcrt.dll,?terminate@@YAXXZ,c4c4647b86c756ddf67cd4ff0974f591,dc15585a560323fd7813ed17e22d88c1d54cee7999f79af573223d19dc9a43d3,c:\Windows\WinSxS\amd64_microsoft-windows-s..-installers-onecore_31bf3856ad364e35_10.0.18362.411_none_41b0e22336eb7941\luainstall.dll
7,luainstall.dll,68408,2,3423917095,2078-07-01T16:04:55.000Z,imports,msvcrt.dll,?what@exception@@UEBAPEBDXZ,c4c4647b86c756ddf67cd4ff0974f591,dc15585a560323fd7813ed17e22d88c1d54cee7999f79af573223d19dc9a43d3,c:\Windows\WinSxS\amd64_microsoft-windows-s..-installers-onecore_31bf3856ad364e35_10.0.18362.411_none_41b0e22336eb7941\luainstall.dll
8,luainstall.dll,68408,2,3423917095,2078-07-01T16:04:55.000Z,imports,msvcrt.dll,_CxxThrowException,c4c4647b86c756ddf67cd4ff0974f591,dc15585a560323fd7813ed17e22d88c1d54cee7999f79af573223d19dc9a43d3,c:\Windows\WinSxS\amd64_microsoft-windows-s..-installers-onecore_31bf3856ad364e35_10.0.18362.411_none_41b0e22336eb7941\luainstall.dll
9,luainstall.dll,68408,2,3423917095,2078-07-01T16:04:55.000Z,imports,msvcrt.dll,_XcptFilter,c4c4647b86c756ddf67cd4ff0974f591,dc15585a560323fd7813ed17e22d88c1d54cee7999f79af573223d19dc9a43d3,c:\Windows\WinSxS\amd64_microsoft-windows-s..-installers-onecore_31bf3856ad364e35_10.0.18362.411_none_41b0e22336eb7941\luainstall.dll
10,luainstall.dll,68408,2,3423917095,2078-07-01T16:04:55.000Z,imports,msvcrt.dll,__C_specific_handler,c4c4647b86c756ddf67cd4ff0974f591,dc15585a560323fd7813ed17e22d88c1d54cee7999f79af573223d19dc9a43d3,c:\Windows\WinSxS\amd64_microsoft-windows-s..-installers-onecore_31bf3856ad364e35_10.0.18362.411_none_41b0e22336eb7941\luainstall.dll
11,luainstall.dll,68408,2,3423917095,2078-07-01T16:04:55.000Z,imports,msvcrt.dll,__CxxFrameHandler3,c4c4647b86c756ddf67cd4ff0974f591,dc15585a560323fd7813ed17e22d88c1d54cee7999f79af573223d19dc9a43d3,c:\Windows\WinSxS\amd64_microsoft-windows-s..-installers-onecore_31bf3856ad364e35_10.0.18362.411_none_41b0e22336eb7941\luainstall.dll
12,luainstall.dll,68408,2,3423917095,2078-07-01T16:04:55.000Z,imports,msvcrt.dll,__dllonexit,c4c4647b86c756ddf67cd4ff0974f591,dc15585a560323fd7813ed17e22d88c1d54cee7999f79af573223d19dc9a43d3,c:\Windows\WinSxS\amd64_microsoft-windows-s..-installers-onecore_31bf3856ad364e35_10.0.18362.411_none_41b0e22336eb7941\luainstall.dll
13,luainstall.dll,68408,2,3423917095,2078-07-01T16:04:55.000Z,imports,msvcrt.dll,_amsg_exit,c4c4647b86c756ddf67cd4ff0974f591,dc15585a560323fd7813ed17e22d88c1d54cee7999f79af573223d19dc9a43d3,c:\Windows\WinSxS\amd64_microsoft-windows-s..-installers-onecore_31bf3856ad364e35_10.0.18362.411_none_41b0e22336eb7941\luainstall.dll
14,luainstall.dll,68408,2,3423917095,2078-07-01T16:04:55.000Z,imports,msvcrt.dll,_callnewh,c4c4647b86c756ddf67cd4ff0974f591,dc15585a560323fd7813ed17e22d88c1d54cee7999f79af573223d19dc9a43d3,c:\Windows\WinSxS\amd64_microsoft-windows-s..-installers-onecore_31bf3856ad364e35_10.0.18362.411_none_41b0e22336eb7941\luainstall.dll
15,luainstall.dll,68408,2,3423917095,2078-07-01T16:04:55.000Z,imports,msvcrt.dll,_errno,c4c4647b86c756ddf67cd4ff0974f591,dc15585a560323fd7813ed17e22d88c1d54cee7999f79af573223d19dc9a43d3,c:\Windows\WinSxS\amd64_microsoft-windows-s..-installers-onecore_31bf3856ad364e35_10.0.18362.411_none_41b0e22336eb7941\luainstall.dll
16,luainstall.dll,68408,2,3423917095,2078-07-01T16:04:55.000Z,imports,msvcrt.dll,_initterm,c4c4647b86c756ddf67cd4ff0974f591,dc15585a560323fd7813ed17e22d88c1d54cee7999f79af573223d19dc9a43d3,c:\Windows\WinSxS\amd64_microsoft-windows-s..-installers-onecore_31bf3856ad364e35_10.0.18362.411_none_41b0e22336eb7941\luainstall.dll
17,luainstall.dll,68408,2,3423917095,2078-07-01T16:04:55.000Z,imports,msvcrt.dll,_lock,c4c4647b86c756ddf67cd4ff0974f591,dc15585a560323fd7813ed17e22d88c1d54cee7999f79af573223d19dc9a43d3,c:\Windows\WinSxS\amd64_microsoft-windows-s..-installers-onecore_31bf3856ad364e35_10.0.18362.411_none_41b0e22336eb7941\luainstall.dll
18,luainstall.dll,68408,2,3423917095,2078-07-01T16:04:55.000Z,imports,msvcrt.dll,_onexit,c4c4647b86c756ddf67cd4ff0974f591,dc15585a560323fd7813ed17e22d88c1d54cee7999f79af573223d19dc9a43d3,c:\Windows\WinSxS\amd64_microsoft-windows-s..-installers-onecore_31bf3856ad364e35_10.0.18362.411_none_41b0e22336eb7941\luainstall.dll
19,luainstall.dll,68408,2,3423917095,2078-07-01T16:04:55.000Z,imports,msvcrt.dll,_purecall,c4c4647b86c756ddf67cd4ff0974f591,dc15585a560323fd7813ed17e22d88c1d54cee7999f79af573223d19dc9a43d3,c:\Windows\WinSxS\amd64_microsoft-windows-s..-installers-onecore_31bf3856ad364e35_10.0.18362.411_none_41b0e22336eb7941\luainstall.dll
20,luainstall.dll,68408,2,3423917095,2078-07-01T16:04:55.000Z,imports,msvcrt.dll,_unlock,c4c4647b86c756ddf67cd4ff0974f591,dc15585a560323fd7813ed17e22d88c1d54cee7999f79af573223d19dc9a43d3,c:\Windows\WinSxS\amd64_microsoft-windows-s..-installers-onecore_31bf3856ad364e35_10.0.18362.411_none_41b0e22336eb7941\luainstall.dll
21,luainstall.dll,68408,2,3423917095,2078-07-01T16:04:55.000Z,imports,msvcrt.dll,_vsnprintf,c4c4647b86c756ddf67cd4ff0974f591,dc15585a560323fd7813ed17e22d88c1d54cee7999f79af573223d19dc9a43d3,c:\Windows\WinSxS\amd64_microsoft-windows-s..-installers-onecore_31bf3856ad364e35_10.0.18362.411_none_41b0e22336eb7941\luainstall.dll
22,luainstall.dll,68408,2,3423917095,2078-07-01T16:04:55.000Z,imports,msvcrt.dll,_wcsnicmp,c4c4647b86c756ddf67cd4ff0974f591,dc15585a560323fd7813ed17e22d88c1d54cee7999f79af573223d19dc9a43d3,c:\Windows\WinSxS\amd64_microsoft-windows-s..-installers-onecore_31bf3856ad364e35_10.0.18362.411_none_41b0e22336eb7941\luainstall.dll
23,luainstall.dll,68408,2,3423917095,2078-07-01T16:04:55.000Z,imports,msvcrt.dll,free,c4c4647b86c756ddf67cd4ff0974f591,dc15585a560323fd7813ed17e22d88c1d54cee7999f79af573223d19dc9a43d3,c:\Windows\WinSxS\amd64_microsoft-windows-s..-installers-onecore_31bf3856ad364e35_10.0.18362.411_none_41b0e22336eb7941\luainstall.dll
24,luainstall.dll,68408,2,3423917095,2078-07-01T16:04:55.000Z,imports,msvcrt.dll,malloc,c4c4647b86c756ddf67cd4ff0974f591,dc15585a560323fd7813ed17e22d88c1d54cee7999f79af573223d19dc9a43d3,c:\Windows\WinSxS\amd64_microsoft-windows-s..-installers-onecore_31bf3856ad364e35_10.0.18362.411_none_41b0e22336eb7941\luainstall.dll
25,luainstall.dll,68408,2,3423917095,2078-07-01T16:04:55.000Z,imports,msvcrt.dll,memcmp,c4c4647b86c756ddf67cd4ff0974f591,dc15585a560323fd7813ed17e22d88c1d54cee7999f79af573223d19dc9a43d3,c:\Windows\WinSxS\amd64_microsoft-windows-s..-installers-onecore_31bf3856ad364e35_10.0.18362.411_none_41b0e22336eb7941\luainstall.dll
26,luainstall.dll,68408,2,3423917095,2078-07-01T16:04:55.000Z,imports,msvcrt.dll,memcpy,c4c4647b86c756ddf67cd4ff0974f591,dc15585a560323fd7813ed17e22d88c1d54cee7999f79af573223d19dc9a43d3,c:\Windows\WinSxS\amd64_microsoft-windows-s..-installers-onecore_31bf3856ad364e35_10.0.18362.411_none_41b0e22336eb7941\luainstall.dll
27,luainstall.dll,68408,2,3423917095,2078-07-01T16:04:55.000Z,imports,msvcrt.dll,memcpy_s,c4c4647b86c756ddf67cd4ff0974f591,dc15585a560323fd7813ed17e22d88c1d54cee7999f79af573223d19dc9a43d3,c:\Windows\WinSxS\amd64_microsoft-windows-s..-installers-onecore_31bf3856ad364e35_10.0.18362.411_none_41b0e22336eb7941\luainstall.dll
28,luainstall.dll,68408,2,3423917095,2078-07-01T16:04:55.000Z,imports,msvcrt.dll,memmove,c4c4647b86c756ddf67cd4ff0974f591,dc15585a560323fd7813ed17e22d88c1d54cee7999f79af573223d19dc9a43d3,c:\Windows\WinSxS\amd64_microsoft-windows-s..-installers-onecore_31bf3856ad364e35_10.0.18362.411_none_41b0e22336eb7941\luainstall.dll
29,luainstall.dll,68408,2,3423917095,2078-07-01T16:04:55.000Z,imports,msvcrt.dll,memset,c4c4647b86c756ddf67cd4ff0974f591,dc15585a560323fd7813ed17e22d88c1d54cee7999f79af573223d19dc9a43d3,c:\Windows\WinSxS\amd64_microsoft-windows-s..-installers-onecore_31bf3856ad364e35_10.0.18362.411_none_41b0e22336eb7941\luainstall.dll
30,luainstall.dll,68408,2,3423917095,2078-07-01T16:04:55.000Z,imports,msvcrt.dll,realloc,c4c4647b86c756ddf67cd4ff0974f591,dc15585a560323fd7813ed17e22d88c1d54cee7999f79af573223d19dc9a43d3,c:\Windows\WinSxS\amd64_microsoft-windows-s..-installers-onecore_31bf3856ad364e35_10.0.18362.411_none_41b0e22336eb7941\luainstall.dll
31,luainstall.dll,68408,2,3423917095,2078-07-01T16:04:55.000Z,imports,msvcrt.dll,wcscmp,c4c4647b86c756ddf67cd4ff0974f591,dc15585a560323fd7813ed17e22d88c1d54cee7999f79af573223d19dc9a43d3,c:\Windows\WinSxS\amd64_microsoft-windows-s..-installers-onecore_31bf3856ad364e35_10.0.18362.411_none_41b0e22336eb7941\luainstall.dll
32,luainstall.dll,68408,2,3423917095,2078-07-01T16:04:55.000Z,imports,msvcrt.dll,wcsncpy_s,c4c4647b86c756ddf67cd4ff0974f591,dc15585a560323fd7813ed17e22d88c1d54cee7999f79af573223d19dc9a43d3,c:\Windows\WinSxS\amd64_microsoft-windows-s..-installers-onecore_31bf3856ad364e35_10.0.18362.411_none_41b0e22336eb7941\luainstall.dll
33,luainstall.dll,68408,2,3423917095,2078-07-01T16:04:55.000Z,imports,msvcrt.dll,wcsstr,c4c4647b86c756ddf67cd4ff0974f591,dc15585a560323fd7813ed17e22d88c1d54cee7999f79af573223d19dc9a43d3,c:\Windows\WinSxS\amd64_microsoft-windows-s..-installers-onecore_31bf3856ad364e35_10.0.18362.411_none_41b0e22336eb7941\luainstall.dll
34,luainstall.dll,68408,2,3423917095,2078-07-01T16:04:55.000Z,imports,api-ms-win-core-libraryloader-l1-1-0.dll,DisableThreadLibraryCalls,c4c4647b86c756ddf67cd4ff0974f591,dc15585a560323fd7813ed17e22d88c1d54cee7999f79af573223d19dc9a43d3,c:\Windows\WinSxS\amd64_microsoft-windows-s..-installers-onecore_31bf3856ad364e35_10.0.18362.411_none_41b0e22336eb7941\luainstall.dll
35,luainstall.dll,68408,2,3423917095,2078-07-01T16:04:55.000Z,imports,api-ms-win-core-libraryloader-l1-1-0.dll,FindResourceExW,c4c4647b86c756ddf67cd4ff0974f591,dc15585a560323fd7813ed17e22d88c1d54cee7999f79af573223d19dc9a43d3,c:\Windows\WinSxS\amd64_microsoft-windows-s..-installers-onecore_31bf3856ad364e35_10.0.18362.411_none_41b0e22336eb7941\luainstall.dll
36,luainstall.dll,68408,2,3423917095,2078-07-01T16:04:55.000Z,imports,api-ms-win-core-libraryloader-l1-1-0.dll,FreeLibrary,c4c4647b86c756ddf67cd4ff0974f591,dc15585a560323fd7813ed17e22d88c1d54cee7999f79af573223d19dc9a43d3,c:\Windows\WinSxS\amd64_microsoft-windows-s..-installers-onecore_31bf3856ad364e35_10.0.18362.411_none_41b0e22336eb7941\luainstall.dll
37,luainstall.dll,68408,2,3423917095,2078-07-01T16:04:55.000Z,imports,api-ms-win-core-libraryloader-l1-1-0.dll,GetModuleFileNameW,c4c4647b86c756ddf67cd4ff0974f591,dc15585a560323fd7813ed17e22d88c1d54cee7999f79af573223d19dc9a43d3,c:\Windows\WinSxS\amd64_microsoft-windows-s..-installers-onecore_31bf3856ad364e35_10.0.18362.411_none_41b0e22336eb7941\luainstall.dll
38,luainstall.dll,68408,2,3423917095,2078-07-01T16:04:55.000Z,imports,api-ms-win-core-libraryloader-l1-1-0.dll,GetModuleHandleW,c4c4647b86c756ddf67cd4ff0974f591,dc15585a560323fd7813ed17e22d88c1d54cee7999f79af573223d19dc9a43d3,c:\Windows\WinSxS\amd64_microsoft-windows-s..-installers-onecore_31bf3856ad364e35_10.0.18362.411_none_41b0e22336eb7941\luainstall.dll
39,luainstall.dll,68408,2,3423917095,2078-07-01T16:04:55.000Z,imports,api-ms-win-core-libraryloader-l1-1-0.dll,GetProcAddress,c4c4647b86c756ddf67cd4ff0974f591,dc15585a560323fd7813ed17e22d88c1d54cee7999f79af573223d19dc9a43d3,c:\Windows\WinSxS\amd64_microsoft-windows-s..-installers-onecore_31bf3856ad364e35_10.0.18362.411_none_41b0e22336eb7941\luainstall.dll
40,luainstall.dll,68408,2,3423917095,2078-07-01T16:04:55.000Z,imports,api-ms-win-core-libraryloader-l1-1-0.dll,LoadLibraryExW,c4c4647b86c756ddf67cd4ff0974f591,dc15585a560323fd7813ed17e22d88c1d54cee7999f79af573223d19dc9a43d3,c:\Windows\WinSxS\amd64_microsoft-windows-s..-installers-onecore_31bf3856ad364e35_10.0.18362.411_none_41b0e22336eb7941\luainstall.dll
41,luainstall.dll,68408,2,3423917095,2078-07-01T16:04:55.000Z,imports,api-ms-win-core-libraryloader-l1-1-0.dll,LoadResource,c4c4647b86c756ddf67cd4ff0974f591,dc15585a560323fd7813ed17e22d88c1d54cee7999f79af573223d19dc9a43d3,c:\Windows\WinSxS\amd64_microsoft-windows-s..-installers-onecore_31bf3856ad364e35_10.0.18362.411_none_41b0e22336eb7941\luainstall.dll
42,luainstall.dll,68408,2,3423917095,2078-07-01T16:04:55.000Z,imports,api-ms-win-core-libraryloader-l1-1-0.dll,SizeofResource,c4c4647b86c756ddf67cd4ff0974f591,dc15585a560323fd7813ed17e22d88c1d54cee7999f79af573223d19dc9a43d3,c:\Windows\WinSxS\amd64_microsoft-windows-s..-installers-onecore_31bf3856ad364e35_10.0.18362.411_none_41b0e22336eb7941\luainstall.dll
43,luainstall.dll,68408,2,3423917095,2078-07-01T16:04:55.000Z,imports,api-ms-win-core-com-l1-1-0.dll,CoCreateInstance,c4c4647b86c756ddf67cd4ff0974f591,dc15585a560323fd7813ed17e22d88c1d54cee7999f79af573223d19dc9a43d3,c:\Windows\WinSxS\amd64_microsoft-windows-s..-installers-onecore_31bf3856ad364e35_10.0.18362.411_none_41b0e22336eb7941\luainstall.dll
44,luainstall.dll,68408,2,3423917095,2078-07-01T16:04:55.000Z,imports,api-ms-win-core-com-l1-1-0.dll,CoTaskMemAlloc,c4c4647b86c756ddf67cd4ff0974f591,dc15585a560323fd7813ed17e22d88c1d54cee7999f79af573223d19dc9a43d3,c:\Windows\WinSxS\amd64_microsoft-windows-s..-installers-onecore_31bf3856ad364e35_10.0.18362.411_none_41b0e22336eb7941\luainstall.dll
45,luainstall.dll,68408,2,3423917095,2078-07-01T16:04:55.000Z,imports,api-ms-win-core-com-l1-1-0.dll,CoTaskMemFree,c4c4647b86c756ddf67cd4ff0974f591,dc15585a560323fd7813ed17e22d88c1d54cee7999f79af573223d19dc9a43d3,c:\Windows\WinSxS\amd64_microsoft-windows-s..-installers-onecore_31bf3856ad364e35_10.0.18362.411_none_41b0e22336eb7941\luainstall.dll
46,luainstall.dll,68408,2,3423917095,2078-07-01T16:04:55.000Z,imports,api-ms-win-core-com-l1-1-0.dll,CoTaskMemRealloc,c4c4647b86c756ddf67cd4ff0974f591,dc15585a560323fd7813ed17e22d88c1d54cee7999f79af573223d19dc9a43d3,c:\Windows\WinSxS\amd64_microsoft-windows-s..-installers-onecore_31bf3856ad364e35_10.0.18362.411_none_41b0e22336eb7941\luainstall.dll
47,luainstall.dll,68408,2,3423917095,2078-07-01T16:04:55.000Z,imports,api-ms-win-core-string-l2-1-0.dll,CharNextW,c4c4647b86c756ddf67cd4ff0974f591,dc15585a560323fd7813ed17e22d88c1d54cee7999f79af573223d19dc9a43d3,c:\Windows\WinSxS\amd64_microsoft-windows-s..-installers-onecore_31bf3856ad364e35_10.0.18362.411_none_41b0e22336eb7941\luainstall.dll
48,luainstall.dll,68408,2,3423917095,2078-07-01T16:04:55.000Z,imports,api-ms-win-core-errorhandling-l1-1-0.dll,GetLastError,c4c4647b86c756ddf67cd4ff0974f591,dc15585a560323fd7813ed17e22d88c1d54cee7999f79af573223d19dc9a43d3,c:\Windows\WinSxS\amd64_microsoft-windows-s..-installers-onecore_31bf3856ad364e35_10.0.18362.411_none_41b0e22336eb7941\luainstall.dll
49,luainstall.dll,68408,2,3423917095,2078-07-01T16:04:55.000Z,imports,api-ms-win-core-errorhandling-l1-1-0.dll,RaiseException,c4c4647b86c756ddf67cd4ff0974f591,dc15585a560323fd7813ed17e22d88c1d54cee7999f79af573223d19dc9a43d3,c:\Windows\WinSxS\amd64_microsoft-windows-s..-installers-onecore_31bf3856ad364e35_10.0.18362.411_none_41b0e22336eb7941\luainstall.dll
50,luainstall.dll,68408,2,3423917095,2078-07-01T16:04:55.000Z,imports,api-ms-win-core-errorhandling-l1-1-0.dll,SetLastError,c4c4647b86c756ddf67cd4ff0974f591,dc15585a560323fd7813ed17e22d88c1d54cee7999f79af573223d19dc9a43d3,c:\Windows\WinSxS\amd64_microsoft-windows-s..-installers-onecore_31bf3856ad364e35_10.0.18362.411_none_41b0e22336eb7941\luainstall.dll
51,luainstall.dll,68408,2,3423917095,2078-07-01T16:04:55.000Z,imports,api-ms-win-core-errorhandling-l1-1-0.dll,SetUnhandledExceptionFilter,c4c4647b86c756ddf67cd4ff0974f591,dc15585a560323fd7813ed17e22d88c1d54cee7999f79af573223d19dc9a43d3,c:\Windows\WinSxS\amd64_microsoft-windows-s..-installers-onecore_31bf3856ad364e35_10.0.18362.411_none_41b0e22336eb7941\luainstall.dll
52,luainstall.dll,68408,2,3423917095,2078-07-01T16:04:55.000Z,imports,api-ms-win-core-errorhandling-l1-1-0.dll,UnhandledExceptionFilter,c4c4647b86c756ddf67cd4ff0974f591,dc15585a560323fd7813ed17e22d88c1d54cee7999f79af573223d19dc9a43d3,c:\Windows\WinSxS\amd64_microsoft-windows-s..-installers-onecore_31bf3856ad364e35_10.0.18362.411_none_41b0e22336eb7941\luainstall.dll
53,luainstall.dll,68408,2,3423917095,2078-07-01T16:04:55.000Z,imports,api-ms-win-core-registry-l1-1-0.dll,RegCloseKey,c4c4647b86c756ddf67cd4ff0974f591,dc15585a560323fd7813ed17e22d88c1d54cee7999f79af573223d19dc9a43d3,c:\Windows\WinSxS\amd64_microsoft-windows-s..-installers-onecore_31bf3856ad364e35_10.0.18362.411_none_41b0e22336eb7941\luainstall.dll
54,luainstall.dll,68408,2,3423917095,2078-07-01T16:04:55.000Z,imports,api-ms-win-core-registry-l1-1-0.dll,RegCreateKeyExW,c4c4647b86c756ddf67cd4ff0974f591,dc15585a560323fd7813ed17e22d88c1d54cee7999f79af573223d19dc9a43d3,c:\Windows\WinSxS\amd64_microsoft-windows-s..-installers-onecore_31bf3856ad364e35_10.0.18362.411_none_41b0e22336eb7941\luainstall.dll
55,luainstall.dll,68408,2,3423917095,2078-07-01T16:04:55.000Z,imports,api-ms-win-core-registry-l1-1-0.dll,RegDeleteValueW,c4c4647b86c756ddf67cd4ff0974f591,dc15585a560323fd7813ed17e22d88c1d54cee7999f79af573223d19dc9a43d3,c:\Windows\WinSxS\amd64_microsoft-windows-s..-installers-onecore_31bf3856ad364e35_10.0.18362.411_none_41b0e22336eb7941\luainstall.dll
56,luainstall.dll,68408,2,3423917095,2078-07-01T16:04:55.000Z,imports,api-ms-win-core-registry-l1-1-0.dll,RegEnumKeyExW,c4c4647b86c756ddf67cd4ff0974f591,dc15585a560323fd7813ed17e22d88c1d54cee7999f79af573223d19dc9a43d3,c:\Windows\WinSxS\amd64_microsoft-windows-s..-installers-onecore_31bf3856ad364e35_10.0.18362.411_none_41b0e22336eb7941\luainstall.dll
57,luainstall.dll,68408,2,3423917095,2078-07-01T16:04:55.000Z,imports,api-ms-win-core-registry-l1-1-0.dll,RegOpenKeyExW,c4c4647b86c756ddf67cd4ff0974f591,dc15585a560323fd7813ed17e22d88c1d54cee7999f79af573223d19dc9a43d3,c:\Windows\WinSxS\amd64_microsoft-windows-s..-installers-onecore_31bf3856ad364e35_10.0.18362.411_none_41b0e22336eb7941\luainstall.dll
58,luainstall.dll,68408,2,3423917095,2078-07-01T16:04:55.000Z,imports,api-ms-win-core-registry-l1-1-0.dll,RegQueryInfoKeyW,c4c4647b86c756ddf67cd4ff0974f591,dc15585a560323fd7813ed17e22d88c1d54cee7999f79af573223d19dc9a43d3,c:\Windows\WinSxS\amd64_microsoft-windows-s..-installers-onecore_31bf3856ad364e35_10.0.18362.411_none_41b0e22336eb7941\luainstall.dll
59,luainstall.dll,68408,2,3423917095,2078-07-01T16:04:55.000Z,imports,api-ms-win-core-registry-l1-1-0.dll,RegSetValueExW,c4c4647b86c756ddf67cd4ff0974f591,dc15585a560323fd7813ed17e22d88c1d54cee7999f79af573223d19dc9a43d3,c:\Windows\WinSxS\amd64_microsoft-windows-s..-installers-onecore_31bf3856ad364e35_10.0.18362.411_none_41b0e22336eb7941\luainstall.dll
60,luainstall.dll,68408,2,3423917095,2078-07-01T16:04:55.000Z,imports,api-ms-win-core-string-obsolete-l1-1-0.dll,lstrcmpW,c4c4647b86c756ddf67cd4ff0974f591,dc15585a560323fd7813ed17e22d88c1d54cee7999f79af573223d19dc9a43d3,c:\Windows\WinSxS\amd64_microsoft-windows-s..-installers-onecore_31bf3856ad364e35_10.0.18362.411_none_41b0e22336eb7941\luainstall.dll
61,luainstall.dll,68408,2,3423917095,2078-07-01T16:04:55.000Z,imports,api-ms-win-core-string-obsolete-l1-1-0.dll,lstrcmpiW,c4c4647b86c756ddf67cd4ff0974f591,dc15585a560323fd7813ed17e22d88c1d54cee7999f79af573223d19dc9a43d3,c:\Windows\WinSxS\amd64_microsoft-windows-s..-installers-onecore_31bf3856ad364e35_10.0.18362.411_none_41b0e22336eb7941\luainstall.dll
62,luainstall.dll,68408,2,3423917095,2078-07-01T16:04:55.000Z,imports,api-ms-win-core-synch-l1-1-0.dll,DeleteCriticalSection,c4c4647b86c756ddf67cd4ff0974f591,dc15585a560323fd7813ed17e22d88c1d54cee7999f79af573223d19dc9a43d3,c:\Windows\WinSxS\amd64_microsoft-windows-s..-installers-onecore_31bf3856ad364e35_10.0.18362.411_none_41b0e22336eb7941\luainstall.dll
63,luainstall.dll,68408,2,3423917095,2078-07-01T16:04:55.000Z,imports,api-ms-win-core-synch-l1-1-0.dll,EnterCriticalSection,c4c4647b86c756ddf67cd4ff0974f591,dc15585a560323fd7813ed17e22d88c1d54cee7999f79af573223d19dc9a43d3,c:\Windows\WinSxS\amd64_microsoft-windows-s..-installers-onecore_31bf3856ad364e35_10.0.18362.411_none_41b0e22336eb7941\luainstall.dll
64,luainstall.dll,68408,2,3423917095,2078-07-01T16:04:55.000Z,imports,api-ms-win-core-synch-l1-1-0.dll,InitializeCriticalSection,c4c4647b86c756ddf67cd4ff0974f591,dc15585a560323fd7813ed17e22d88c1d54cee7999f79af573223d19dc9a43d3,c:\Windows\WinSxS\amd64_microsoft-windows-s..-installers-onecore_31bf3856ad364e35_10.0.18362.411_none_41b0e22336eb7941\luainstall.dll
65,luainstall.dll,68408,2,3423917095,2078-07-01T16:04:55.000Z,imports,api-ms-win-core-synch-l1-1-0.dll,LeaveCriticalSection,c4c4647b86c756ddf67cd4ff0974f591,dc15585a560323fd7813ed17e22d88c1d54cee7999f79af573223d19dc9a43d3,c:\Windows\WinSxS\amd64_microsoft-windows-s..-installers-onecore_31bf3856ad364e35_10.0.18362.411_none_41b0e22336eb7941\luainstall.dll
66,luainstall.dll,68408,2,3423917095,2078-07-01T16:04:55.000Z,imports,api-ms-win-core-string-l1-1-0.dll,MultiByteToWideChar,c4c4647b86c756ddf67cd4ff0974f591,dc15585a560323fd7813ed17e22d88c1d54cee7999f79af573223d19dc9a43d3,c:\Windows\WinSxS\amd64_microsoft-windows-s..-installers-onecore_31bf3856ad364e35_10.0.18362.411_none_41b0e22336eb7941\luainstall.dll
67,luainstall.dll,68408,2,3423917095,2078-07-01T16:04:55.000Z,imports,api-ms-win-core-sysinfo-l1-1-0.dll,GetSystemTimeAsFileTime,c4c4647b86c756ddf67cd4ff0974f591,dc15585a560323fd7813ed17e22d88c1d54cee7999f79af573223d19dc9a43d3,c:\Windows\WinSxS\amd64_microsoft-windows-s..-installers-onecore_31bf3856ad364e35_10.0.18362.411_none_41b0e22336eb7941\luainstall.dll
68,luainstall.dll,68408,2,3423917095,2078-07-01T16:04:55.000Z,imports,api-ms-win-core-sysinfo-l1-1-0.dll,GetTickCount,c4c4647b86c756ddf67cd4ff0974f591,dc15585a560323fd7813ed17e22d88c1d54cee7999f79af573223d19dc9a43d3,c:\Windows\WinSxS\amd64_microsoft-windows-s..-installers-onecore_31bf3856ad364e35_10.0.18362.411_none_41b0e22336eb7941\luainstall.dll
69,luainstall.dll,68408,2,3423917095,2078-07-01T16:04:55.000Z,imports,api-ms-win-core-heap-obsolete-l1-1-0.dll,LocalAlloc,c4c4647b86c756ddf67cd4ff0974f591,dc15585a560323fd7813ed17e22d88c1d54cee7999f79af573223d19dc9a43d3,c:\Windows\WinSxS\amd64_microsoft-windows-s..-installers-onecore_31bf3856ad364e35_10.0.18362.411_none_41b0e22336eb7941\luainstall.dll
70,luainstall.dll,68408,2,3423917095,2078-07-01T16:04:55.000Z,imports,api-ms-win-core-heap-obsolete-l1-1-0.dll,LocalFree,c4c4647b86c756ddf67cd4ff0974f591,dc15585a560323fd7813ed17e22d88c1d54cee7999f79af573223d19dc9a43d3,c:\Windows\WinSxS\amd64_microsoft-windows-s..-installers-onecore_31bf3856ad364e35_10.0.18362.411_none_41b0e22336eb7941\luainstall.dll
71,luainstall.dll,68408,2,3423917095,2078-07-01T16:04:55.000Z,imports,api-ms-win-core-synch-l1-2-0.dll,Sleep,c4c4647b86c756ddf67cd4ff0974f591,dc15585a560323fd7813ed17e22d88c1d54cee7999f79af573223d19dc9a43d3,c:\Windows\WinSxS\amd64_microsoft-windows-s..-installers-onecore_31bf3856ad364e35_10.0.18362.411_none_41b0e22336eb7941\luainstall.dll
72,luainstall.dll,68408,2,3423917095,2078-07-01T16:04:55.000Z,imports,api-ms-win-core-rtlsupport-l1-1-0.dll,RtlCaptureContext,c4c4647b86c756ddf67cd4ff0974f591,dc15585a560323fd7813ed17e22d88c1d54cee7999f79af573223d19dc9a43d3,c:\Windows\WinSxS\amd64_microsoft-windows-s..-installers-onecore_31bf3856ad364e35_10.0.18362.411_none_41b0e22336eb7941\luainstall.dll
73,luainstall.dll,68408,2,3423917095,2078-07-01T16:04:55.000Z,imports,api-ms-win-core-rtlsupport-l1-1-0.dll,RtlLookupFunctionEntry,c4c4647b86c756ddf67cd4ff0974f591,dc15585a560323fd7813ed17e22d88c1d54cee7999f79af573223d19dc9a43d3,c:\Windows\WinSxS\amd64_microsoft-windows-s..-installers-onecore_31bf3856ad364e35_10.0.18362.411_none_41b0e22336eb7941\luainstall.dll
74,luainstall.dll,68408,2,3423917095,2078-07-01T16:04:55.000Z,imports,api-ms-win-core-rtlsupport-l1-1-0.dll,RtlVirtualUnwind,c4c4647b86c756ddf67cd4ff0974f591,dc15585a560323fd7813ed17e22d88c1d54cee7999f79af573223d19dc9a43d3,c:\Windows\WinSxS\amd64_microsoft-windows-s..-installers-onecore_31bf3856ad364e35_10.0.18362.411_none_41b0e22336eb7941\luainstall.dll
75,luainstall.dll,68408,2,3423917095,2078-07-01T16:04:55.000Z,imports,api-ms-win-core-processthreads-l1-1-0.dll,GetCurrentProcess,c4c4647b86c756ddf67cd4ff0974f591,dc15585a560323fd7813ed17e22d88c1d54cee7999f79af573223d19dc9a43d3,c:\Windows\WinSxS\amd64_microsoft-windows-s..-installers-onecore_31bf3856ad364e35_10.0.18362.411_none_41b0e22336eb7941\luainstall.dll
76,luainstall.dll,68408,2,3423917095,2078-07-01T16:04:55.000Z,imports,api-ms-win-core-processthreads-l1-1-0.dll,GetCurrentProcessId,c4c4647b86c756ddf67cd4ff0974f591,dc15585a560323fd7813ed17e22d88c1d54cee7999f79af573223d19dc9a43d3,c:\Windows\WinSxS\amd64_microsoft-windows-s..-installers-onecore_31bf3856ad364e35_10.0.18362.411_none_41b0e22336eb7941\luainstall.dll
77,luainstall.dll,68408,2,3423917095,2078-07-01T16:04:55.000Z,imports,api-ms-win-core-processthreads-l1-1-0.dll,GetCurrentThreadId,c4c4647b86c756ddf67cd4ff0974f591,dc15585a560323fd7813ed17e22d88c1d54cee7999f79af573223d19dc9a43d3,c:\Windows\WinSxS\amd64_microsoft-windows-s..-installers-onecore_31bf3856ad364e35_10.0.18362.411_none_41b0e22336eb7941\luainstall.dll
78,luainstall.dll,68408,2,3423917095,2078-07-01T16:04:55.000Z,imports,api-ms-win-core-processthreads-l1-1-0.dll,TerminateProcess,c4c4647b86c756ddf67cd4ff0974f591,dc15585a560323fd7813ed17e22d88c1d54cee7999f79af573223d19dc9a43d3,c:\Windows\WinSxS\amd64_microsoft-windows-s..-installers-onecore_31bf3856ad364e35_10.0.18362.411_none_41b0e22336eb7941\luainstall.dll
79,luainstall.dll,68408,2,3423917095,2078-07-01T16:04:55.000Z,imports,api-ms-win-core-profile-l1-1-0.dll,QueryPerformanceCounter,c4c4647b86c756ddf67cd4ff0974f591,dc15585a560323fd7813ed17e22d88c1d54cee7999f79af573223d19dc9a43d3,c:\Windows\WinSxS\amd64_microsoft-windows-s..-installers-onecore_31bf3856ad364e35_10.0.18362.411_none_41b0e22336eb7941\luainstall.dll
80,luainstall.dll,68408,2,3423917095,2078-07-01T16:04:55.000Z,imports,api-ms-win-core-debug-l1-1-0.dll,OutputDebugStringA,c4c4647b86c756ddf67cd4ff0974f591,dc15585a560323fd7813ed17e22d88c1d54cee7999f79af573223d19dc9a43d3,c:\Windows\WinSxS\amd64_microsoft-windows-s..-installers-onecore_31bf3856ad364e35_10.0.18362.411_none_41b0e22336eb7941\luainstall.dll
81,luainstall.dll,68408,2,3423917095,2078-07-01T16:04:55.000Z,imports,ntdll.dll,NtQueryKey,c4c4647b86c756ddf67cd4ff0974f591,dc15585a560323fd7813ed17e22d88c1d54cee7999f79af573223d19dc9a43d3,c:\Windows\WinSxS\amd64_microsoft-windows-s..-installers-onecore_31bf3856ad364e35_10.0.18362.411_none_41b0e22336eb7941\luainstall.dll
82,luainstall.dll,68408,2,3423917095,2078-07-01T16:04:55.000Z,imports,ntdll.dll,NtSetInformationKey,c4c4647b86c756ddf67cd4ff0974f591,dc15585a560323fd7813ed17e22d88c1d54cee7999f79af573223d19dc9a43d3,c:\Windows\WinSxS\amd64_microsoft-windows-s..-installers-onecore_31bf3856ad364e35_10.0.18362.411_none_41b0e22336eb7941\luainstall.dll
83,luainstall.dll,68408,2,3423917095,2078-07-01T16:04:55.000Z,imports,ntdll.dll,RtlNtStatusToDosError,c4c4647b86c756ddf67cd4ff0974f591,dc15585a560323fd7813ed17e22d88c1d54cee7999f79af573223d19dc9a43d3,c:\Windows\WinSxS\amd64_microsoft-windows-s..-installers-onecore_31bf3856ad364e35_10.0.18362.411_none_41b0e22336eb7941\luainstall.dll
84,luainstall.dll,68408,2,3423917095,2078-07-01T16:04:55.000Z,exports,luainstall.dll,DllCanUnloadNow,c4c4647b86c756ddf67cd4ff0974f591,dc15585a560323fd7813ed17e22d88c1d54cee7999f79af573223d19dc9a43d3,c:\Windows\WinSxS\amd64_microsoft-windows-s..-installers-onecore_31bf3856ad364e35_10.0.18362.411_none_41b0e22336eb7941\luainstall.dll
85,luainstall.dll,68408,2,3423917095,2078-07-01T16:04:55.000Z,exports,luainstall.dll,DllGetClassObject,c4c4647b86c756ddf67cd4ff0974f591,dc15585a560323fd7813ed17e22d88c1d54cee7999f79af573223d19dc9a43d3,c:\Windows\WinSxS\amd64_microsoft-windows-s..-installers-onecore_31bf3856ad364e35_10.0.18362.411_none_41b0e22336eb7941\luainstall.dll
