,col0,col1,col2,col3,col4,col5,col6,col7,col8,col9,col10,col11,col12,col13,col14,col15,col16,col17,col18,col19,col20,col21,col22,col23,col24,col25,col26,col27,col28,col29,col30,col31,col32,col33,col34
0,17,alternative lifestyle,lifestyle,Stockholm,SE,1456764720000,"<p>Vi är en kunskapsgrupp som samlar människor i alla åldrar som vill verka för ett ålderslöst arbetsliv.&nbsp;</p>
<p>Dagens pensioneringsregler är förlegade. Sverige behöver ett flexiblare arbetsliv där alla, oavsett ålder, kan arbeta utifrån sina förutsättningar. Det skulle stärka Sveriges konkurrenskraft och nationalekonomi.&nbsp;</p>
<p>Vi bemöter myter och fördomar om åldrandet med fakta och verkar för att äldre ska ses en möjlighet för samhället, inte som en utmaning.</p>",,,,,,,19642626,approval,59.33000183105469,https://www.meetup.com/Det-Alderslosa-Arbetslivet-Meetup/,18.06999969482422,10,Det Ålderslösa Arbetslivet Meetup,8551235,Henrik Ahlen,https://secure.meetupstatic.com,https://secure.meetupstatic.com/photos/member/2/2/4/4/highres_191468772.jpeg,191468772.0,https://secure.meetupstatic.com/photos/member/2/2/4/4/member_191468772.jpeg,https://secure.meetupstatic.com/photos/member/2/2/4/4/thumb_191468772.jpeg,member,0,Europe/Stockholm,"[{'urlkey': 'seniors', 'name': 'Seniors', 'id': 4107}, {'urlkey': 'self-empowerment', 'name': 'Self-Empowerment', 'id': 38757}, {'urlkey': 'senior-resources', 'name': 'Senior Resources', 'id': 45555}, {'urlkey': 'empowering-seniors', 'name': 'Empowering Seniors', 'id': 77666}, {'urlkey': 'active-seniors', 'name': 'Active Seniors', 'id': 87006}]",Det-Alderslosa-Arbetslivet-Meetup,3600000,public,Medlemmar
1,17,alternative lifestyle,lifestyle,Copenhagen,DK,1487179980000,"<p>What is Orgasmic Meditation? OM stands for Orgasmic Meditation. It’s a practice (think of yoga, running, violin, etc) that is a gateway to more vitality, connection and turn on. It’s deliberate and structured with repeatable results. It’s a meditation, equally powerful for both partners — only the object of focus is the clitoris. OM is a source of power — a well from which to draw energy. It’s profound, yet simple and you can have it whether you’re single or coupled.</p>
<p>We believe Orgasm is so much more than the 10 second party you’ve gotten used to chasing. Available in all shapes and sizes. Not binary, but expansive. Complex, as is the way we experience life. Not accurately represented by society’s pornstar definition of how we are “supposed to” climax. The single most impactful power source we have, potent enough to bring about many kinds of change in our bodies, relationships, and lives. Capable of increasing your vitality, confidence, energy, intimacy, and more.</p>
<p>TurnON Denmark is a community of open-minded, fun people who gather together to have honest conversations about desire, relationship, sex, intimacy and Orgasm. We promote health, vitality, and connection through the innovative practice of Orgasmic Meditation. You can participate at whatever level feels good to you!</p>",https://secure.meetupstatic.com,https://secure.meetupstatic.com/photos/event/1/1/6/6/highres_461764454.jpeg,461764454.0,https://secure.meetupstatic.com/photos/event/1/1/6/6/600_461764454.jpeg,https://secure.meetupstatic.com/photos/event/1/1/6/6/thumb_461764454.jpeg,event,22404218,open,55.68000030517578,https://www.meetup.com/TurnON-Denmark/,12.56999969482422,206,TurnON Denmark,236995853,Anne L.,,,,,,,5,Europe/Copenhagen,"[{'urlkey': 'yoga', 'name': 'Yoga', 'id': 244}, {'urlkey': 'meditation', 'name': 'Meditation', 'id': 1322}, {'urlkey': 'tantric', 'name': 'Tantra', 'id': 10146}, {'urlkey': 'spirituality', 'name': 'Spirituality', 'id': 10290}, {'urlkey': 'intimacy', 'name': 'Intimacy', 'id': 15187}, {'urlkey': 'mindfulness', 'name': 'Mindfulness', 'id': 15920}, {'urlkey': 'personal-development', 'name': 'Personal Development', 'id': 16468}, {'urlkey': 'dating-and-relationships', 'name': 'Dating and Relationships', 'id': 20246}, {'urlkey': 'guided-meditation', 'name': 'Guided Meditation', 'id': 21628}, {'urlkey': 'womens-sexuality', 'name': ""Women's Sexuality"", 'id': 26430}, {'urlkey': 'connection', 'name': 'Connection', 'id': 37656}, {'urlkey': 'self-empowerment', 'name': 'Self-Empowerment', 'id': 38757}, {'urlkey': 'young-professional-singles', 'name': 'Young Professional Singles', 'id': 58259}, {'urlkey': 'personal-growth-empowerment-for-women', 'name': 'Personal Growth & Empowerment  for Women', 'id': 69990}, {'urlkey': 'orgasmic-meditation', 'name': 'Orgasmic Meditation', 'id': 364551}]",TurnON-Denmark,3600000,public,TurnedON People
2,17,alternative lifestyle,lifestyle,Copenhagen,DK,1487179980000,"<p>What is Orgasmic Meditation? OM stands for Orgasmic Meditation. It’s a practice (think of yoga, running, violin, etc) that is a gateway to more vitality, connection and turn on. It’s deliberate and structured with repeatable results. It’s a meditation, equally powerful for both partners — only the object of focus is the clitoris. OM is a source of power — a well from which to draw energy. It’s profound, yet simple and you can have it whether you’re single or coupled.</p>
<p>We believe Orgasm is so much more than the 10 second party you’ve gotten used to chasing. Available in all shapes and sizes. Not binary, but expansive. Complex, as is the way we experience life. Not accurately represented by society’s pornstar definition of how we are “supposed to” climax. The single most impactful power source we have, potent enough to bring about many kinds of change in our bodies, relationships, and lives. Capable of increasing your vitality, confidence, energy, intimacy, and more.</p>
<p>TurnON Denmark is a community of open-minded, fun people who gather together to have honest conversations about desire, relationship, sex, intimacy and Orgasm. We promote health, vitality, and connection through the innovative practice of Orgasmic Meditation. You can participate at whatever level feels good to you!</p>",https://secure.meetupstatic.com,https://secure.meetupstatic.com/photos/event/1/1/6/6/highres_461764454.jpeg,461764454.0,https://secure.meetupstatic.com/photos/event/1/1/6/6/600_461764454.jpeg,https://secure.meetupstatic.com/photos/event/1/1/6/6/thumb_461764454.jpeg,event,22404218,open,55.68000030517578,https://www.meetup.com/TurnON-Denmark/,12.56999969482422,206,TurnON Denmark,236995853,Anne L.,,,,,,,5,Europe/Copenhagen,"[{'urlkey': 'yoga', 'name': 'Yoga', 'id': 244}, {'urlkey': 'meditation', 'name': 'Meditation', 'id': 1322}, {'urlkey': 'tantric', 'name': 'Tantra', 'id': 10146}, {'urlkey': 'spirituality', 'name': 'Spirituality', 'id': 10290}, {'urlkey': 'intimacy', 'name': 'Intimacy', 'id': 15187}, {'urlkey': 'mindfulness', 'name': 'Mindfulness', 'id': 15920}, {'urlkey': 'personal-development', 'name': 'Personal Development', 'id': 16468}, {'urlkey': 'dating-and-relationships', 'name': 'Dating and Relationships', 'id': 20246}, {'urlkey': 'guided-meditation', 'name': 'Guided Meditation', 'id': 21628}, {'urlkey': 'womens-sexuality', 'name': ""Women's Sexuality"", 'id': 26430}, {'urlkey': 'connection', 'name': 'Connection', 'id': 37656}, {'urlkey': 'self-empowerment', 'name': 'Self-Empowerment', 'id': 38757}, {'urlkey': 'young-professional-singles', 'name': 'Young Professional Singles', 'id': 58259}, {'urlkey': 'personal-growth-empowerment-for-women', 'name': 'Personal Growth & Empowerment  for Women', 'id': 69990}, {'urlkey': 'orgasmic-meditation', 'name': 'Orgasmic Meditation', 'id': 364551}]",TurnON-Denmark,3600000,public,TurnedON People
3,17,alternative lifestyle,lifestyle,Stockholm,SE,1456764720000,"<p>Vi är en kunskapsgrupp som samlar människor i alla åldrar som vill verka för ett ålderslöst arbetsliv.&nbsp;</p>
<p>Dagens pensioneringsregler är förlegade. Sverige behöver ett flexiblare arbetsliv där alla, oavsett ålder, kan arbeta utifrån sina förutsättningar. Det skulle stärka Sveriges konkurrenskraft och nationalekonomi.&nbsp;</p>
<p>Vi bemöter myter och fördomar om åldrandet med fakta och verkar för att äldre ska ses en möjlighet för samhället, inte som en utmaning.</p>",,,,,,,19642626,approval,59.33000183105469,https://www.meetup.com/Det-Alderslosa-Arbetslivet-Meetup/,18.06999969482422,10,Det Ålderslösa Arbetslivet Meetup,8551235,Henrik Ahlen,https://secure.meetupstatic.com,https://secure.meetupstatic.com/photos/member/2/2/4/4/highres_191468772.jpeg,191468772.0,https://secure.meetupstatic.com/photos/member/2/2/4/4/member_191468772.jpeg,https://secure.meetupstatic.com/photos/member/2/2/4/4/thumb_191468772.jpeg,member,0,Europe/Stockholm,"[{'urlkey': 'seniors', 'name': 'Seniors', 'id': 4107}, {'urlkey': 'self-empowerment', 'name': 'Self-Empowerment', 'id': 38757}, {'urlkey': 'senior-resources', 'name': 'Senior Resources', 'id': 45555}, {'urlkey': 'empowering-seniors', 'name': 'Empowering Seniors', 'id': 77666}, {'urlkey': 'active-seniors', 'name': 'Active Seniors', 'id': 87006}]",Det-Alderslosa-Arbetslivet-Meetup,3600000,public,Medlemmar
4,17,alternative lifestyle,lifestyle,Stockholm,SE,1456764720000,"<p>Vi är en kunskapsgrupp som samlar människor i alla åldrar som vill verka för ett ålderslöst arbetsliv.&nbsp;</p>
<p>Dagens pensioneringsregler är förlegade. Sverige behöver ett flexiblare arbetsliv där alla, oavsett ålder, kan arbeta utifrån sina förutsättningar. Det skulle stärka Sveriges konkurrenskraft och nationalekonomi.&nbsp;</p>
<p>Vi bemöter myter och fördomar om åldrandet med fakta och verkar för att äldre ska ses en möjlighet för samhället, inte som en utmaning.</p>",,,,,,,19642626,approval,59.33000183105469,https://www.meetup.com/Det-Alderslosa-Arbetslivet-Meetup/,18.06999969482422,10,Det Ålderslösa Arbetslivet Meetup,8551235,Henrik Ahlen,https://secure.meetupstatic.com,https://secure.meetupstatic.com/photos/member/2/2/4/4/highres_191468772.jpeg,191468772.0,https://secure.meetupstatic.com/photos/member/2/2/4/4/member_191468772.jpeg,https://secure.meetupstatic.com/photos/member/2/2/4/4/thumb_191468772.jpeg,member,0,Europe/Stockholm,"[{'urlkey': 'seniors', 'name': 'Seniors', 'id': 4107}, {'urlkey': 'self-empowerment', 'name': 'Self-Empowerment', 'id': 38757}, {'urlkey': 'senior-resources', 'name': 'Senior Resources', 'id': 45555}, {'urlkey': 'empowering-seniors', 'name': 'Empowering Seniors', 'id': 77666}, {'urlkey': 'active-seniors', 'name': 'Active Seniors', 'id': 87006}]",Det-Alderslosa-Arbetslivet-Meetup,3600000,public,Medlemmar
5,17,alternative lifestyle,lifestyle,Stockholm,SE,1456764720000,"<p>Vi är en kunskapsgrupp som samlar människor i alla åldrar som vill verka för ett ålderslöst arbetsliv.&nbsp;</p>
<p>Dagens pensioneringsregler är förlegade. Sverige behöver ett flexiblare arbetsliv där alla, oavsett ålder, kan arbeta utifrån sina förutsättningar. Det skulle stärka Sveriges konkurrenskraft och nationalekonomi.&nbsp;</p>
<p>Vi bemöter myter och fördomar om åldrandet med fakta och verkar för att äldre ska ses en möjlighet för samhället, inte som en utmaning.</p>",,,,,,,19642626,approval,59.33000183105469,https://www.meetup.com/Det-Alderslosa-Arbetslivet-Meetup/,18.06999969482422,10,Det Ålderslösa Arbetslivet Meetup,8551235,Henrik Ahlen,https://secure.meetupstatic.com,https://secure.meetupstatic.com/photos/member/2/2/4/4/highres_191468772.jpeg,191468772.0,https://secure.meetupstatic.com/photos/member/2/2/4/4/member_191468772.jpeg,https://secure.meetupstatic.com/photos/member/2/2/4/4/thumb_191468772.jpeg,member,0,Europe/Stockholm,"[{'urlkey': 'seniors', 'name': 'Seniors', 'id': 4107}, {'urlkey': 'self-empowerment', 'name': 'Self-Empowerment', 'id': 38757}, {'urlkey': 'senior-resources', 'name': 'Senior Resources', 'id': 45555}, {'urlkey': 'empowering-seniors', 'name': 'Empowering Seniors', 'id': 77666}, {'urlkey': 'active-seniors', 'name': 'Active Seniors', 'id': 87006}]",Det-Alderslosa-Arbetslivet-Meetup,3600000,public,Medlemmar
6,17,alternative lifestyle,lifestyle,Stockholm,SE,1456764720000,"<p>Vi är en kunskapsgrupp som samlar människor i alla åldrar som vill verka för ett ålderslöst arbetsliv.&nbsp;</p>
<p>Dagens pensioneringsregler är förlegade. Sverige behöver ett flexiblare arbetsliv där alla, oavsett ålder, kan arbeta utifrån sina förutsättningar. Det skulle stärka Sveriges konkurrenskraft och nationalekonomi.&nbsp;</p>
<p>Vi bemöter myter och fördomar om åldrandet med fakta och verkar för att äldre ska ses en möjlighet för samhället, inte som en utmaning.</p>",,,,,,,19642626,approval,59.33000183105469,https://www.meetup.com/Det-Alderslosa-Arbetslivet-Meetup/,18.06999969482422,10,Det Ålderslösa Arbetslivet Meetup,8551235,Henrik Ahlen,https://secure.meetupstatic.com,https://secure.meetupstatic.com/photos/member/2/2/4/4/highres_191468772.jpeg,191468772.0,https://secure.meetupstatic.com/photos/member/2/2/4/4/member_191468772.jpeg,https://secure.meetupstatic.com/photos/member/2/2/4/4/thumb_191468772.jpeg,member,0,Europe/Stockholm,"[{'urlkey': 'seniors', 'name': 'Seniors', 'id': 4107}, {'urlkey': 'self-empowerment', 'name': 'Self-Empowerment', 'id': 38757}, {'urlkey': 'senior-resources', 'name': 'Senior Resources', 'id': 45555}, {'urlkey': 'empowering-seniors', 'name': 'Empowering Seniors', 'id': 77666}, {'urlkey': 'active-seniors', 'name': 'Active Seniors', 'id': 87006}]",Det-Alderslosa-Arbetslivet-Meetup,3600000,public,Medlemmar
7,17,alternative lifestyle,lifestyle,Copenhagen,DK,1487179980000,"<p>What is Orgasmic Meditation? OM stands for Orgasmic Meditation. It’s a practice (think of yoga, running, violin, etc) that is a gateway to more vitality, connection and turn on. It’s deliberate and structured with repeatable results. It’s a meditation, equally powerful for both partners — only the object of focus is the clitoris. OM is a source of power — a well from which to draw energy. It’s profound, yet simple and you can have it whether you’re single or coupled.</p>
<p>We believe Orgasm is so much more than the 10 second party you’ve gotten used to chasing. Available in all shapes and sizes. Not binary, but expansive. Complex, as is the way we experience life. Not accurately represented by society’s pornstar definition of how we are “supposed to” climax. The single most impactful power source we have, potent enough to bring about many kinds of change in our bodies, relationships, and lives. Capable of increasing your vitality, confidence, energy, intimacy, and more.</p>
<p>TurnON Denmark is a community of open-minded, fun people who gather together to have honest conversations about desire, relationship, sex, intimacy and Orgasm. We promote health, vitality, and connection through the innovative practice of Orgasmic Meditation. You can participate at whatever level feels good to you!</p>",https://secure.meetupstatic.com,https://secure.meetupstatic.com/photos/event/1/1/6/6/highres_461764454.jpeg,461764454.0,https://secure.meetupstatic.com/photos/event/1/1/6/6/600_461764454.jpeg,https://secure.meetupstatic.com/photos/event/1/1/6/6/thumb_461764454.jpeg,event,22404218,open,55.68000030517578,https://www.meetup.com/TurnON-Denmark/,12.56999969482422,206,TurnON Denmark,236995853,Anne L.,,,,,,,5,Europe/Copenhagen,"[{'urlkey': 'yoga', 'name': 'Yoga', 'id': 244}, {'urlkey': 'meditation', 'name': 'Meditation', 'id': 1322}, {'urlkey': 'tantric', 'name': 'Tantra', 'id': 10146}, {'urlkey': 'spirituality', 'name': 'Spirituality', 'id': 10290}, {'urlkey': 'intimacy', 'name': 'Intimacy', 'id': 15187}, {'urlkey': 'mindfulness', 'name': 'Mindfulness', 'id': 15920}, {'urlkey': 'personal-development', 'name': 'Personal Development', 'id': 16468}, {'urlkey': 'dating-and-relationships', 'name': 'Dating and Relationships', 'id': 20246}, {'urlkey': 'guided-meditation', 'name': 'Guided Meditation', 'id': 21628}, {'urlkey': 'womens-sexuality', 'name': ""Women's Sexuality"", 'id': 26430}, {'urlkey': 'connection', 'name': 'Connection', 'id': 37656}, {'urlkey': 'self-empowerment', 'name': 'Self-Empowerment', 'id': 38757}, {'urlkey': 'young-professional-singles', 'name': 'Young Professional Singles', 'id': 58259}, {'urlkey': 'personal-growth-empowerment-for-women', 'name': 'Personal Growth & Empowerment  for Women', 'id': 69990}, {'urlkey': 'orgasmic-meditation', 'name': 'Orgasmic Meditation', 'id': 364551}]",TurnON-Denmark,3600000,public,TurnedON People
8,17,alternative lifestyle,lifestyle,Stockholm,SE,1456764720000,"<p>Vi är en kunskapsgrupp som samlar människor i alla åldrar som vill verka för ett ålderslöst arbetsliv.&nbsp;</p>
<p>Dagens pensioneringsregler är förlegade. Sverige behöver ett flexiblare arbetsliv där alla, oavsett ålder, kan arbeta utifrån sina förutsättningar. Det skulle stärka Sveriges konkurrenskraft och nationalekonomi.&nbsp;</p>
<p>Vi bemöter myter och fördomar om åldrandet med fakta och verkar för att äldre ska ses en möjlighet för samhället, inte som en utmaning.</p>",,,,,,,19642626,approval,59.33000183105469,https://www.meetup.com/Det-Alderslosa-Arbetslivet-Meetup/,18.06999969482422,10,Det Ålderslösa Arbetslivet Meetup,8551235,Henrik Ahlen,https://secure.meetupstatic.com,https://secure.meetupstatic.com/photos/member/2/2/4/4/highres_191468772.jpeg,191468772.0,https://secure.meetupstatic.com/photos/member/2/2/4/4/member_191468772.jpeg,https://secure.meetupstatic.com/photos/member/2/2/4/4/thumb_191468772.jpeg,member,0,Europe/Stockholm,"[{'urlkey': 'seniors', 'name': 'Seniors', 'id': 4107}, {'urlkey': 'self-empowerment', 'name': 'Self-Empowerment', 'id': 38757}, {'urlkey': 'senior-resources', 'name': 'Senior Resources', 'id': 45555}, {'urlkey': 'empowering-seniors', 'name': 'Empowering Seniors', 'id': 77666}, {'urlkey': 'active-seniors', 'name': 'Active Seniors', 'id': 87006}]",Det-Alderslosa-Arbetslivet-Meetup,3600000,public,Medlemmar
9,17,alternative lifestyle,lifestyle,Copenhagen,DK,1487179980000,"<p>What is Orgasmic Meditation? OM stands for Orgasmic Meditation. It’s a practice (think of yoga, running, violin, etc) that is a gateway to more vitality, connection and turn on. It’s deliberate and structured with repeatable results. It’s a meditation, equally powerful for both partners — only the object of focus is the clitoris. OM is a source of power — a well from which to draw energy. It’s profound, yet simple and you can have it whether you’re single or coupled.</p>
<p>We believe Orgasm is so much more than the 10 second party you’ve gotten used to chasing. Available in all shapes and sizes. Not binary, but expansive. Complex, as is the way we experience life. Not accurately represented by society’s pornstar definition of how we are “supposed to” climax. The single most impactful power source we have, potent enough to bring about many kinds of change in our bodies, relationships, and lives. Capable of increasing your vitality, confidence, energy, intimacy, and more.</p>
<p>TurnON Denmark is a community of open-minded, fun people who gather together to have honest conversations about desire, relationship, sex, intimacy and Orgasm. We promote health, vitality, and connection through the innovative practice of Orgasmic Meditation. You can participate at whatever level feels good to you!</p>",https://secure.meetupstatic.com,https://secure.meetupstatic.com/photos/event/1/1/6/6/highres_461764454.jpeg,461764454.0,https://secure.meetupstatic.com/photos/event/1/1/6/6/600_461764454.jpeg,https://secure.meetupstatic.com/photos/event/1/1/6/6/thumb_461764454.jpeg,event,22404218,open,55.68000030517578,https://www.meetup.com/TurnON-Denmark/,12.56999969482422,206,TurnON Denmark,236995853,Anne L.,,,,,,,5,Europe/Copenhagen,"[{'urlkey': 'yoga', 'name': 'Yoga', 'id': 244}, {'urlkey': 'meditation', 'name': 'Meditation', 'id': 1322}, {'urlkey': 'tantric', 'name': 'Tantra', 'id': 10146}, {'urlkey': 'spirituality', 'name': 'Spirituality', 'id': 10290}, {'urlkey': 'intimacy', 'name': 'Intimacy', 'id': 15187}, {'urlkey': 'mindfulness', 'name': 'Mindfulness', 'id': 15920}, {'urlkey': 'personal-development', 'name': 'Personal Development', 'id': 16468}, {'urlkey': 'dating-and-relationships', 'name': 'Dating and Relationships', 'id': 20246}, {'urlkey': 'guided-meditation', 'name': 'Guided Meditation', 'id': 21628}, {'urlkey': 'womens-sexuality', 'name': ""Women's Sexuality"", 'id': 26430}, {'urlkey': 'connection', 'name': 'Connection', 'id': 37656}, {'urlkey': 'self-empowerment', 'name': 'Self-Empowerment', 'id': 38757}, {'urlkey': 'young-professional-singles', 'name': 'Young Professional Singles', 'id': 58259}, {'urlkey': 'personal-growth-empowerment-for-women', 'name': 'Personal Growth & Empowerment  for Women', 'id': 69990}, {'urlkey': 'orgasmic-meditation', 'name': 'Orgasmic Meditation', 'id': 364551}]",TurnON-Denmark,3600000,public,TurnedON People
10,17,alternative lifestyle,lifestyle,Stockholm,SE,1456764720000,"<p>Vi är en kunskapsgrupp som samlar människor i alla åldrar som vill verka för ett ålderslöst arbetsliv.&nbsp;</p>
<p>Dagens pensioneringsregler är förlegade. Sverige behöver ett flexiblare arbetsliv där alla, oavsett ålder, kan arbeta utifrån sina förutsättningar. Det skulle stärka Sveriges konkurrenskraft och nationalekonomi.&nbsp;</p>
<p>Vi bemöter myter och fördomar om åldrandet med fakta och verkar för att äldre ska ses en möjlighet för samhället, inte som en utmaning.</p>",,,,,,,19642626,approval,59.33000183105469,https://www.meetup.com/Det-Alderslosa-Arbetslivet-Meetup/,18.06999969482422,10,Det Ålderslösa Arbetslivet Meetup,8551235,Henrik Ahlen,https://secure.meetupstatic.com,https://secure.meetupstatic.com/photos/member/2/2/4/4/highres_191468772.jpeg,191468772.0,https://secure.meetupstatic.com/photos/member/2/2/4/4/member_191468772.jpeg,https://secure.meetupstatic.com/photos/member/2/2/4/4/thumb_191468772.jpeg,member,0,Europe/Stockholm,"[{'urlkey': 'seniors', 'name': 'Seniors', 'id': 4107}, {'urlkey': 'self-empowerment', 'name': 'Self-Empowerment', 'id': 38757}, {'urlkey': 'senior-resources', 'name': 'Senior Resources', 'id': 45555}, {'urlkey': 'empowering-seniors', 'name': 'Empowering Seniors', 'id': 77666}, {'urlkey': 'active-seniors', 'name': 'Active Seniors', 'id': 87006}]",Det-Alderslosa-Arbetslivet-Meetup,3600000,public,Medlemmar
11,17,alternative lifestyle,lifestyle,Stockholm,SE,1456764720000,"<p>Vi är en kunskapsgrupp som samlar människor i alla åldrar som vill verka för ett ålderslöst arbetsliv.&nbsp;</p>
<p>Dagens pensioneringsregler är förlegade. Sverige behöver ett flexiblare arbetsliv där alla, oavsett ålder, kan arbeta utifrån sina förutsättningar. Det skulle stärka Sveriges konkurrenskraft och nationalekonomi.&nbsp;</p>
<p>Vi bemöter myter och fördomar om åldrandet med fakta och verkar för att äldre ska ses en möjlighet för samhället, inte som en utmaning.</p>",,,,,,,19642626,approval,59.33000183105469,https://www.meetup.com/Det-Alderslosa-Arbetslivet-Meetup/,18.06999969482422,10,Det Ålderslösa Arbetslivet Meetup,8551235,Henrik Ahlen,https://secure.meetupstatic.com,https://secure.meetupstatic.com/photos/member/2/2/4/4/highres_191468772.jpeg,191468772.0,https://secure.meetupstatic.com/photos/member/2/2/4/4/member_191468772.jpeg,https://secure.meetupstatic.com/photos/member/2/2/4/4/thumb_191468772.jpeg,member,0,Europe/Stockholm,"[{'urlkey': 'seniors', 'name': 'Seniors', 'id': 4107}, {'urlkey': 'self-empowerment', 'name': 'Self-Empowerment', 'id': 38757}, {'urlkey': 'senior-resources', 'name': 'Senior Resources', 'id': 45555}, {'urlkey': 'empowering-seniors', 'name': 'Empowering Seniors', 'id': 77666}, {'urlkey': 'active-seniors', 'name': 'Active Seniors', 'id': 87006}]",Det-Alderslosa-Arbetslivet-Meetup,3600000,public,Medlemmar
12,17,alternative lifestyle,lifestyle,Stockholm,SE,1456764720000,"<p>Vi är en kunskapsgrupp som samlar människor i alla åldrar som vill verka för ett ålderslöst arbetsliv.&nbsp;</p>
<p>Dagens pensioneringsregler är förlegade. Sverige behöver ett flexiblare arbetsliv där alla, oavsett ålder, kan arbeta utifrån sina förutsättningar. Det skulle stärka Sveriges konkurrenskraft och nationalekonomi.&nbsp;</p>
<p>Vi bemöter myter och fördomar om åldrandet med fakta och verkar för att äldre ska ses en möjlighet för samhället, inte som en utmaning.</p>",,,,,,,19642626,approval,59.33000183105469,https://www.meetup.com/Det-Alderslosa-Arbetslivet-Meetup/,18.06999969482422,10,Det Ålderslösa Arbetslivet Meetup,8551235,Henrik Ahlen,https://secure.meetupstatic.com,https://secure.meetupstatic.com/photos/member/2/2/4/4/highres_191468772.jpeg,191468772.0,https://secure.meetupstatic.com/photos/member/2/2/4/4/member_191468772.jpeg,https://secure.meetupstatic.com/photos/member/2/2/4/4/thumb_191468772.jpeg,member,0,Europe/Stockholm,"[{'urlkey': 'seniors', 'name': 'Seniors', 'id': 4107}, {'urlkey': 'self-empowerment', 'name': 'Self-Empowerment', 'id': 38757}, {'urlkey': 'senior-resources', 'name': 'Senior Resources', 'id': 45555}, {'urlkey': 'empowering-seniors', 'name': 'Empowering Seniors', 'id': 77666}, {'urlkey': 'active-seniors', 'name': 'Active Seniors', 'id': 87006}]",Det-Alderslosa-Arbetslivet-Meetup,3600000,public,Medlemmar
13,17,alternative lifestyle,lifestyle,Stockholm,SE,1456764720000,"<p>Vi är en kunskapsgrupp som samlar människor i alla åldrar som vill verka för ett ålderslöst arbetsliv.&nbsp;</p>
<p>Dagens pensioneringsregler är förlegade. Sverige behöver ett flexiblare arbetsliv där alla, oavsett ålder, kan arbeta utifrån sina förutsättningar. Det skulle stärka Sveriges konkurrenskraft och nationalekonomi.&nbsp;</p>
<p>Vi bemöter myter och fördomar om åldrandet med fakta och verkar för att äldre ska ses en möjlighet för samhället, inte som en utmaning.</p>",,,,,,,19642626,approval,59.33000183105469,https://www.meetup.com/Det-Alderslosa-Arbetslivet-Meetup/,18.06999969482422,10,Det Ålderslösa Arbetslivet Meetup,8551235,Henrik Ahlen,https://secure.meetupstatic.com,https://secure.meetupstatic.com/photos/member/2/2/4/4/highres_191468772.jpeg,191468772.0,https://secure.meetupstatic.com/photos/member/2/2/4/4/member_191468772.jpeg,https://secure.meetupstatic.com/photos/member/2/2/4/4/thumb_191468772.jpeg,member,0,Europe/Stockholm,"[{'urlkey': 'seniors', 'name': 'Seniors', 'id': 4107}, {'urlkey': 'self-empowerment', 'name': 'Self-Empowerment', 'id': 38757}, {'urlkey': 'senior-resources', 'name': 'Senior Resources', 'id': 45555}, {'urlkey': 'empowering-seniors', 'name': 'Empowering Seniors', 'id': 77666}, {'urlkey': 'active-seniors', 'name': 'Active Seniors', 'id': 87006}]",Det-Alderslosa-Arbetslivet-Meetup,3600000,public,Medlemmar
14,17,alternative lifestyle,lifestyle,Stockholm,SE,1456764720000,"<p>Vi är en kunskapsgrupp som samlar människor i alla åldrar som vill verka för ett ålderslöst arbetsliv.&nbsp;</p>
<p>Dagens pensioneringsregler är förlegade. Sverige behöver ett flexiblare arbetsliv där alla, oavsett ålder, kan arbeta utifrån sina förutsättningar. Det skulle stärka Sveriges konkurrenskraft och nationalekonomi.&nbsp;</p>
<p>Vi bemöter myter och fördomar om åldrandet med fakta och verkar för att äldre ska ses en möjlighet för samhället, inte som en utmaning.</p>",,,,,,,19642626,approval,59.33000183105469,https://www.meetup.com/Det-Alderslosa-Arbetslivet-Meetup/,18.06999969482422,10,Det Ålderslösa Arbetslivet Meetup,8551235,Henrik Ahlen,https://secure.meetupstatic.com,https://secure.meetupstatic.com/photos/member/2/2/4/4/highres_191468772.jpeg,191468772.0,https://secure.meetupstatic.com/photos/member/2/2/4/4/member_191468772.jpeg,https://secure.meetupstatic.com/photos/member/2/2/4/4/thumb_191468772.jpeg,member,0,Europe/Stockholm,"[{'urlkey': 'seniors', 'name': 'Seniors', 'id': 4107}, {'urlkey': 'self-empowerment', 'name': 'Self-Empowerment', 'id': 38757}, {'urlkey': 'senior-resources', 'name': 'Senior Resources', 'id': 45555}, {'urlkey': 'empowering-seniors', 'name': 'Empowering Seniors', 'id': 77666}, {'urlkey': 'active-seniors', 'name': 'Active Seniors', 'id': 87006}]",Det-Alderslosa-Arbetslivet-Meetup,3600000,public,Medlemmar
15,17,alternative lifestyle,lifestyle,Stockholm,SE,1456764720000,"<p>Vi är en kunskapsgrupp som samlar människor i alla åldrar som vill verka för ett ålderslöst arbetsliv.&nbsp;</p>
<p>Dagens pensioneringsregler är förlegade. Sverige behöver ett flexiblare arbetsliv där alla, oavsett ålder, kan arbeta utifrån sina förutsättningar. Det skulle stärka Sveriges konkurrenskraft och nationalekonomi.&nbsp;</p>
<p>Vi bemöter myter och fördomar om åldrandet med fakta och verkar för att äldre ska ses en möjlighet för samhället, inte som en utmaning.</p>",,,,,,,19642626,approval,59.33000183105469,https://www.meetup.com/Det-Alderslosa-Arbetslivet-Meetup/,18.06999969482422,10,Det Ålderslösa Arbetslivet Meetup,8551235,Henrik Ahlen,https://secure.meetupstatic.com,https://secure.meetupstatic.com/photos/member/2/2/4/4/highres_191468772.jpeg,191468772.0,https://secure.meetupstatic.com/photos/member/2/2/4/4/member_191468772.jpeg,https://secure.meetupstatic.com/photos/member/2/2/4/4/thumb_191468772.jpeg,member,0,Europe/Stockholm,"[{'urlkey': 'seniors', 'name': 'Seniors', 'id': 4107}, {'urlkey': 'self-empowerment', 'name': 'Self-Empowerment', 'id': 38757}, {'urlkey': 'senior-resources', 'name': 'Senior Resources', 'id': 45555}, {'urlkey': 'empowering-seniors', 'name': 'Empowering Seniors', 'id': 77666}, {'urlkey': 'active-seniors', 'name': 'Active Seniors', 'id': 87006}]",Det-Alderslosa-Arbetslivet-Meetup,3600000,public,Medlemmar
16,17,alternative lifestyle,lifestyle,Stockholm,SE,1456764720000,"<p>Vi är en kunskapsgrupp som samlar människor i alla åldrar som vill verka för ett ålderslöst arbetsliv.&nbsp;</p>
<p>Dagens pensioneringsregler är förlegade. Sverige behöver ett flexiblare arbetsliv där alla, oavsett ålder, kan arbeta utifrån sina förutsättningar. Det skulle stärka Sveriges konkurrenskraft och nationalekonomi.&nbsp;</p>
<p>Vi bemöter myter och fördomar om åldrandet med fakta och verkar för att äldre ska ses en möjlighet för samhället, inte som en utmaning.</p>",,,,,,,19642626,approval,59.33000183105469,https://www.meetup.com/Det-Alderslosa-Arbetslivet-Meetup/,18.06999969482422,10,Det Ålderslösa Arbetslivet Meetup,8551235,Henrik Ahlen,https://secure.meetupstatic.com,https://secure.meetupstatic.com/photos/member/2/2/4/4/highres_191468772.jpeg,191468772.0,https://secure.meetupstatic.com/photos/member/2/2/4/4/member_191468772.jpeg,https://secure.meetupstatic.com/photos/member/2/2/4/4/thumb_191468772.jpeg,member,0,Europe/Stockholm,"[{'urlkey': 'seniors', 'name': 'Seniors', 'id': 4107}, {'urlkey': 'self-empowerment', 'name': 'Self-Empowerment', 'id': 38757}, {'urlkey': 'senior-resources', 'name': 'Senior Resources', 'id': 45555}, {'urlkey': 'empowering-seniors', 'name': 'Empowering Seniors', 'id': 77666}, {'urlkey': 'active-seniors', 'name': 'Active Seniors', 'id': 87006}]",Det-Alderslosa-Arbetslivet-Meetup,3600000,public,Medlemmar
17,17,alternative lifestyle,lifestyle,Copenhagen,DK,1487179980000,"<p>What is Orgasmic Meditation? OM stands for Orgasmic Meditation. It’s a practice (think of yoga, running, violin, etc) that is a gateway to more vitality, connection and turn on. It’s deliberate and structured with repeatable results. It’s a meditation, equally powerful for both partners — only the object of focus is the clitoris. OM is a source of power — a well from which to draw energy. It’s profound, yet simple and you can have it whether you’re single or coupled.</p>
<p>We believe Orgasm is so much more than the 10 second party you’ve gotten used to chasing. Available in all shapes and sizes. Not binary, but expansive. Complex, as is the way we experience life. Not accurately represented by society’s pornstar definition of how we are “supposed to” climax. The single most impactful power source we have, potent enough to bring about many kinds of change in our bodies, relationships, and lives. Capable of increasing your vitality, confidence, energy, intimacy, and more.</p>
<p>TurnON Denmark is a community of open-minded, fun people who gather together to have honest conversations about desire, relationship, sex, intimacy and Orgasm. We promote health, vitality, and connection through the innovative practice of Orgasmic Meditation. You can participate at whatever level feels good to you!</p>",https://secure.meetupstatic.com,https://secure.meetupstatic.com/photos/event/1/1/6/6/highres_461764454.jpeg,461764454.0,https://secure.meetupstatic.com/photos/event/1/1/6/6/600_461764454.jpeg,https://secure.meetupstatic.com/photos/event/1/1/6/6/thumb_461764454.jpeg,event,22404218,open,55.68000030517578,https://www.meetup.com/TurnON-Denmark/,12.56999969482422,206,TurnON Denmark,236995853,Anne L.,,,,,,,5,Europe/Copenhagen,"[{'urlkey': 'yoga', 'name': 'Yoga', 'id': 244}, {'urlkey': 'meditation', 'name': 'Meditation', 'id': 1322}, {'urlkey': 'tantric', 'name': 'Tantra', 'id': 10146}, {'urlkey': 'spirituality', 'name': 'Spirituality', 'id': 10290}, {'urlkey': 'intimacy', 'name': 'Intimacy', 'id': 15187}, {'urlkey': 'mindfulness', 'name': 'Mindfulness', 'id': 15920}, {'urlkey': 'personal-development', 'name': 'Personal Development', 'id': 16468}, {'urlkey': 'dating-and-relationships', 'name': 'Dating and Relationships', 'id': 20246}, {'urlkey': 'guided-meditation', 'name': 'Guided Meditation', 'id': 21628}, {'urlkey': 'womens-sexuality', 'name': ""Women's Sexuality"", 'id': 26430}, {'urlkey': 'connection', 'name': 'Connection', 'id': 37656}, {'urlkey': 'self-empowerment', 'name': 'Self-Empowerment', 'id': 38757}, {'urlkey': 'young-professional-singles', 'name': 'Young Professional Singles', 'id': 58259}, {'urlkey': 'personal-growth-empowerment-for-women', 'name': 'Personal Growth & Empowerment  for Women', 'id': 69990}, {'urlkey': 'orgasmic-meditation', 'name': 'Orgasmic Meditation', 'id': 364551}]",TurnON-Denmark,3600000,public,TurnedON People
