,col0,col1,col2,col3,col4,col5
0,Spring.Caching,AspNetCache,AspNetCache,2,1,0
1,Spring.Caching,AspNetCache,AspNetCache,5,1,1
2,Spring.Caching,AspNetCache,Get,3,1,1
3,Spring.Caching,AspNetCache,Remove,7,3,1
4,Spring.Caching,AspNetCache,DoInsert,3,1,3
5,Spring.Caching,AspNetCache,Insert,3,1,4
6,Spring.Caching,AspNetCache,Insert,22,4,5
7,Spring.Caching,AspNetCache,GenerateKey,3,1,1
8,Spring.Caching,IRuntimeCache,Insert,0,1,7
9,Spring.Caching,IRuntimeCache,Remove,0,1,1
10,Spring.Caching,IRuntimeCache,Get,0,1,1
11,Spring.Caching,RuntimeCache,Remove,3,1,1
12,Spring.Caching,RuntimeCache,Insert,3,1,7
13,Spring.Caching,RuntimeCache,Get,3,1,1
14,Spring.Caching,RuntimeCache,GetEnumerator,3,1,0
15,Spring.Context.Support,HttpApplicationConfigurer,Configure,26,4,2
16,Spring.Context.Support,ModuleDefinitionsTable,Add,6,1,2
17,Spring.Context.Support,ModuleDefinitionsTable,Add,5,1,2
18,Spring.Context.Support,WebApplicationContext,WebApplicationContext,2,1,1
19,Spring.Context.Support,WebApplicationContext,WebApplicationContext,2,1,3
20,Spring.Context.Support,WebApplicationContext,WebApplicationContext,2,1,4
21,Spring.Context.Support,WebApplicationContext,WebApplicationContext,1,1,4
22,Spring.Context.Support,WebApplicationContext,WebApplicationContext,13,2,1
23,Spring.Context.Support,WebApplicationContext,ToString,4,1,0
24,Spring.Context.Support,WebApplicationContext,WebApplicationContext,43,3,0
25,Spring.Context.Support,WebApplicationContext,OnContextRegistryCleared,11,2,2
26,Spring.Context.Support,WebApplicationContext,GetRootContext,3,1,0
27,Spring.Context.Support,WebApplicationContext,GetContext,3,1,1
28,Spring.Context.Support,WebApplicationContext,GetContextInternal,106,17,1
29,Spring.Context.Support,WebApplicationContext,InitObjectDefinitionReader,3,1,1
30,Spring.Context.Support,WebApplicationContext,CreateObjectFactory,4,1,0
31,Spring.Context.Support,WebApplicationContext,GetContextPathWithTrailingSlash,12,2,0
32,Spring.Context.Support,WebApplicationContext,CreateXmlObjectDefinitionReader,3,1,1
33,Spring.Context.Support,WebApplicationContextArgs,WebApplicationContextArgs,3,1,0
34,Spring.Context.Support,WebApplicationContextArgs,WebApplicationContextArgs,1,1,4
35,Spring.Context.Support,WebApplicationContextArgs,WebApplicationContextArgs,8,1,5
36,Spring.Context.Support,WebContextHandler,GetContextName,9,2,2
37,Spring.Context.Support,WebContextHandler,CreateChildContexts,8,2,3
38,Spring.Context.Support,WebContextHandler,InstantiateContext,23,4,6
39,Spring.Context.Support,WebContextHandler,GetVirtualPath,8,2,1
40,Spring.Context.Support,WebSupportModule,WebSupportModule,24,1,0
41,Spring.Context.Support,WebSupportModule,Init,48,6,1
42,Spring.Context.Support,WebSupportModule,OnConfigureHandler,25,3,2
43,Spring.Context.Support,WebSupportModule,IsPageWithRouteHandler,3,1,1
44,Spring.Context.Support,WebSupportModule,ConfigureHandler,15,2,5
45,Spring.Context.Support,WebSupportModule,SetCurrentHandlerConfiguration,3,1,3
46,Spring.Context.Support,WebSupportModule,ConfigureHandlerNow,15,2,4
47,Spring.Context.Support,WebSupportModule,Dispose,3,1,0
48,Spring.Context.Support,WebSupportModule,OnCacheItemRemoved,29,1,3
49,Spring.Context.Support,WebSupportModule,HookSessionEvent,11,2,1
50,Spring.Context.Support,WebSupportModule,CreateSessionState,30,1,2
51,Spring.Context.Support,HandlerConfigurationMetaData,HandlerConfigurationMetaData,5,1,3
52,Spring.Core.IO,WebResource,WebResource,2,1,1
53,Spring.Core.IO,WebResource,ResolveFileHandle,14,3,1
54,Spring.Core.IO,WebResource,ResolveRootLocation,3,1,1
55,Spring.Core.IO,WebResource,ResolveResourcePath,13,2,1
56,Spring.Core.IO,WebResource,ResolveBasePathPlaceHolder,8,2,2
57,Spring.Core.IO,WebResource,IsRelativeResource,5,1,1
58,Spring.Core.IO,WebResource,CreateResourceInstance,3,1,1
59,Spring.Core.IO,WebResource,GetResourceLoader,3,1,0
60,Spring.DataBinding,DataSourceItemFormatter,DataSourceItemFormatter,8,2,2
61,Spring.DataBinding,DataSourceItemFormatter,SetBindingContext,7,1,4
62,Spring.DataBinding,DataSourceItemFormatter,ClearBindingContext,4,1,0
63,Spring.DataBinding,DataSourceItemFormatter,Initialize,19,4,3
64,Spring.DataBinding,DataSourceItemFormatter,Format,3,1,1
65,Spring.DataBinding,DataSourceItemFormatter,Parse,8,2,1
66,Spring.DataBinding,HttpRequestListBindingContainer,HttpRequestListBindingContainer,11,2,3
67,Spring.DataBinding,HttpRequestListBindingContainer,AddBinding,4,1,4
68,Spring.DataBinding,HttpRequestListBindingContainer,BindSourceToTarget,43,8,4
69,Spring.DataBinding,HttpRequestListBindingContainer,BindTargetToSource,3,1,4
70,Spring.DataBinding,IBindingAwareFormatter,SetBindingContext,0,1,4
71,Spring.DataBinding,IBindingAwareFormatter,ClearBindingContext,0,1,0
72,Spring.DataBinding,MultipleSelectionListControlBinding,MultipleSelectionListControlBinding,7,2,4
73,Spring.DataBinding,MultipleSelectionListControlBinding,DoBindSourceToTarget,45,6,3
74,Spring.DataBinding,MultipleSelectionListControlBinding,DoBindTargetToSource,49,6,3
75,Spring.DataBinding,MultipleSelectionListControlBinding,SetSourceValue,3,1,3
76,Spring.DataBinding,MultipleSelectionListControlBinding,SetTargetValue,3,1,3
77,Spring.Globalization,AspNetResourceCache,GetResources,3,1,1
78,Spring.Globalization,AspNetResourceCache,PutResources,3,1,2
79,Spring.Globalization.Resolvers,CookieCultureResolver,ResolveCulture,11,2,0
80,Spring.Globalization.Resolvers,CookieCultureResolver,SetCulture,5,1,1
81,Spring.Globalization.Resolvers,CookieCultureResolver,CreateCookie,7,1,1
82,Spring.Globalization.Resolvers,DefaultWebCultureResolver,GetDefaultLocale,12,3,0
83,Spring.Globalization.Resolvers,DefaultWebCultureResolver,GetRequestLanguage,8,2,0
84,Spring.Globalization.Resolvers,DefaultWebCultureResolver,GetCulture,4,1,1
85,Spring.Globalization.Resolvers,DefaultWebCultureResolver,ResolveCulture,3,1,0
86,Spring.Globalization.Resolvers,DefaultWebCultureResolver,SetCulture,3,1,1
87,Spring.Globalization.Resolvers,RequestCultureResolver,ResolveCulture,13,3,0
88,Spring.Globalization.Resolvers,RequestCultureResolver,SetCulture,3,1,1
89,Spring.Globalization.Resolvers,SessionCultureResolver,ResolveCulture,11,2,0
90,Spring.Globalization.Resolvers,SessionCultureResolver,SetCulture,3,1,1
91,Spring.Objects.Factory.Support,ChildWebObjectDefinition,ChildWebObjectDefinition,1,1,4
92,Spring.Objects.Factory.Support,ChildWebObjectDefinition,ChildWebObjectDefinition,1,1,4
93,Spring.Objects.Factory.Support,ChildWebObjectDefinition,ChildWebObjectDefinition,3,1,3
94,Spring.Objects.Factory.Support,ChildWebObjectDefinition,OverrideFrom,8,2,1
95,Spring.Objects.Factory.Support,ChildWebObjectDefinition,ToString,7,1,0
96,Spring.Objects.Factory.Support,IWebObjectNameGenerator,CreatePageDefinitionName,0,1,1
97,Spring.Objects.Factory.Support,IWebObjectNameGenerator,CreateControlDefinitionName,0,1,1
98,Spring.Objects.Factory.Support,RootWebObjectDefinition,RootWebObjectDefinition,1,1,3
99,Spring.Objects.Factory.Support,RootWebObjectDefinition,RootWebObjectDefinition,1,1,3
100,Spring.Objects.Factory.Support,RootWebObjectDefinition,RootWebObjectDefinition,3,1,2
101,Spring.Objects.Factory.Support,RootWebObjectDefinition,RootWebObjectDefinition,7,2,1
102,Spring.Objects.Factory.Support,RootWebObjectDefinition,OverrideFrom,8,2,1
103,Spring.Objects.Factory.Support,RootWebObjectDefinition,ToString,7,1,0
104,Spring.Objects.Factory.Support,WebInstantiationStrategy,WebInstantiationStrategy,1,1,0
105,Spring.Objects.Factory.Support,WebInstantiationStrategy,Instantiate,10,2,3
106,Spring.Objects.Factory.Support,WebObjectDefinitionFactory,CreateObjectDefinition,46,7,3
107,Spring.Objects.Factory.Support,WebObjectFactory,WebObjectFactory,3,1,0
108,Spring.Objects.Factory.Support,WebObjectFactory,EnsureEventHandlersRegistered,13,4,0
109,Spring.Objects.Factory.Support,WebObjectFactory,WebObjectFactory,2,1,2
110,Spring.Objects.Factory.Support,WebObjectFactory,WebObjectFactory,7,1,3
111,Spring.Objects.Factory.Support,WebObjectFactory,CreateObjectDictionary,3,1,0
112,Spring.Objects.Factory.Support,WebObjectFactory,CreateRootObjectDefinition,3,1,1
113,Spring.Objects.Factory.Support,WebObjectFactory,GetSingleton,9,3,1
114,Spring.Objects.Factory.Support,WebObjectFactory,GetScopedSingleton,12,3,2
115,Spring.Objects.Factory.Support,WebObjectFactory,CreateAndCacheSingletonInstance,28,6,3
116,Spring.Objects.Factory.Support,WebObjectFactory,CreateAndCacheScopedSingletonInstance,28,3,4
117,Spring.Objects.Factory.Support,WebObjectFactory,RegisterDisposableObjectIfNecessary,6,2,3
118,Spring.Objects.Factory.Support,WebObjectFactory,AddEagerlyCachedSingleton,22,4,3
119,Spring.Objects.Factory.Support,WebObjectFactory,RemoveEagerlyCachedSingleton,22,4,2
120,Spring.Objects.Factory.Support,WebObjectFactory,IsWebScopedSingleton,9,2,1
121,Spring.Objects.Factory.Support,WebObjectFactory,GetObjectScope,8,2,1
122,Spring.Objects.Factory.Support,WebObjectFactory,ConfigureObject,7,1,3
123,Spring.Objects.Factory.Support,WebObjectFactory,OnEndRequest,16,4,1
124,Spring.Objects.Factory.Support,WebObjectFactory,OnEndSession,33,4,2
125,Spring.Objects.Factory.Support,WebObjectFactory,CreateCaseInsensitiveDictionary,3,1,0
126,Spring.Objects.Factory.Support,WebObjectFactory,CreateCaseSensitiveDictionary,3,1,0
127,Spring.Objects.Factory.Support,WebObjectUtils,WebObjectUtils,1,1,0
128,Spring.Objects.Factory.Support,WebObjectUtils,CreatePageInstance,35,2,1
129,Spring.Objects.Factory.Support,WebObjectUtils,CreateHandler,3,1,1
130,Spring.Objects.Factory.Support,WebObjectUtils,GetPageType,19,1,1
131,Spring.Objects.Factory.Support,WebObjectUtils,GetCompiledPageType,17,4,1
132,Spring.Objects.Factory.Support,WebObjectUtils,GetControlType,36,4,1
133,Spring.Objects.Factory.Xml,WebObjectDefinitionDocumentReader,WebObjectDefinitionDocumentReader,4,1,1
134,Spring.Objects.Factory.Xml,WebObjectDefinitionDocumentReader,CreateHelper,3,1,2
135,Spring.Objects.Factory.Xml,WebObjectDefinitionParserHelper,WebObjectDefinitionParserHelper,4,1,3
136,Spring.Objects.Factory.Xml,WebObjectDefinitionParserHelper,PostProcessObjectNameAndAliases,33,7,4
137,Spring.Objects.Factory.Xml,WebObjectDefinitionParserHelper,CreateObjectDefinitionHolder,25,5,4
138,Spring.Objects.Factory.Xml,WebObjectDefinitionParserHelper,GetScope,21,2,1
139,Spring.Objects.Factory.Xml,WebObjectDefinitionReader,WebObjectDefinitionReader,3,1,3
140,Spring.Objects.Factory.Xml,WebObjectDefinitionReader,CreateObjectDefinitionDocumentReader,3,1,0
141,Spring.Objects.Factory.Xml,WebObjectDefinitionReader,CreatePageDefinitionName,3,1,1
142,Spring.Objects.Factory.Xml,WebObjectDefinitionReader,CreateControlDefinitionName,3,1,1
143,Spring.Objects.Factory.Xml,WebObjectDefinitionReader,CreateControlDefinitionName,5,1,1
144,Spring.Objects.Factory.Xml,WebObjectDefinitionReader,CreatePageDefinitionName,10,2,1
145,Spring.Threading,HttpContextStorage,GetData,3,1,1
146,Spring.Threading,HttpContextStorage,SetData,3,1,2
147,Spring.Threading,HttpContextStorage,FreeNamedDataSlot,3,1,1
148,Spring.Threading,HybridContextStorage,GetData,11,2,1
149,Spring.Threading,HybridContextStorage,SetData,11,2,2
150,Spring.Threading,HybridContextStorage,FreeNamedDataSlot,11,2,1
151,Spring.Util,HttpContextSwitch,HttpContextSwitch,3,1,1
152,Spring.Util,HttpContextSwitch,Dispose,3,1,0
153,Spring.Util,ISessionState,Abandon,0,1,0
154,Spring.Util,IVirtualEnvironment,MapPath,0,1,1
155,Spring.Util,IVirtualEnvironment,RewritePath,0,1,2
156,Spring.Util,IVirtualEnvironment,GetCompiledType,0,1,1
157,Spring.Util,IVirtualEnvironment,CreateInstanceFromVirtualPath,0,1,2
158,Spring.Util,SecurityCritical,ExecutePrivileged,11,1,2
159,Spring.Util,VirtualEnvironment,SetInstance,5,1,1
160,Spring.Util,VirtualEnvironment,MapPath,3,1,1
161,Spring.Util,VirtualEnvironment,RewritePath,3,1,2
162,Spring.Util,VirtualEnvironment,CreateInstanceFromVirtualPath,4,1,2
163,Spring.Util,VirtualEnvironment,GetCompiledType,4,1,1
164,Spring.Util,VirtualEnvironment,RaiseEndRequest,8,2,2
165,Spring.Util,VirtualEnvironment,RaiseEndSession,8,2,2
166,Spring.Util,VirtualEnvironment,SetInitialized,3,1,0
167,Spring.Util,VirtualEnvironment,AssertInitialized,10,2,0
168,Spring.Util,HttpRuntimeEnvironment,MapPath,18,4,1
169,Spring.Util,HttpRuntimeEnvironment,RewritePath,3,1,2
170,Spring.Util,HttpRuntimeEnvironment,GetCompiledType,5,1,1
171,Spring.Util,HttpRuntimeEnvironment,CreateInstanceFromVirtualPath,9,2,2
172,Spring.Util,SessionDictionaryAdapter,SessionDictionaryAdapter,3,1,1
173,Spring.Util,SessionDictionaryAdapter,Contains,8,3,1
174,Spring.Util,SessionDictionaryAdapter,Add,3,1,2
175,Spring.Util,SessionDictionaryAdapter,Clear,3,1,0
176,Spring.Util,SessionDictionaryAdapter,GetEnumerator,9,2,0
177,Spring.Util,SessionDictionaryAdapter,Remove,3,1,1
178,Spring.Util,SessionDictionaryAdapter,GetEnumerator,3,1,0
179,Spring.Util,SessionDictionaryAdapter,CopyTo,3,1,2
180,Spring.Util,SessionDictionaryAdapter,Abandon,3,1,0
181,Spring.Util,RewriteContext,RewriteContext,23,4,2
182,Spring.Util,RewriteContext,Dispose,10,3,0
183,Spring.Util,WebUtils,WebUtils,1,1,0
184,Spring.Util,WebUtils,GetPageName,15,3,1
185,Spring.Util,WebUtils,GetVirtualDirectory,27,6,1
186,Spring.Util,WebUtils,CreateAbsolutePath,19,5,2
187,Spring.Util,WebUtils,CombineVirtualPaths,18,4,2
188,Spring.Util,WebUtils,GetAppRelativePath,4,1,1
189,Spring.Util,WebUtils,GetNormalizedVirtualPath,7,2,1
190,Spring.Util,WebUtils,GetRelativePath,10,2,2
191,Spring.Util,WebUtils,GetLogicalParent,23,4,1
192,Spring.Util,WebUtils,IsMaster,3,1,1
193,Spring.Util,WebUtils,UrlEncode,4,1,1
194,Spring.Web.Providers,ConfigurableSqlMembershipProvider,Initialize,16,4,2
195,Spring.Web.Providers,ConfigurableSqlProfileProvider,Initialize,16,4,2
196,Spring.Web.Providers,ConfigurableSqlRoleProvider,Initialize,16,4,2
197,Spring.Web.Providers,ConfigurableXmlSiteMapProvider,Initialize,16,4,2
198,Spring.Web.Providers,IMembershipProvider,Initialize,0,1,2
199,Spring.Web.Providers,IMembershipProvider,CreateUser,0,1,8
200,Spring.Web.Providers,IMembershipProvider,ChangePasswordQuestionAndAnswer,0,1,4
201,Spring.Web.Providers,IMembershipProvider,GetPassword,0,1,2
202,Spring.Web.Providers,IMembershipProvider,ChangePassword,0,1,3
203,Spring.Web.Providers,IMembershipProvider,ResetPassword,0,1,2
204,Spring.Web.Providers,IMembershipProvider,UpdateUser,0,1,1
205,Spring.Web.Providers,IMembershipProvider,ValidateUser,0,1,2
206,Spring.Web.Providers,IMembershipProvider,UnlockUser,0,1,1
207,Spring.Web.Providers,IMembershipProvider,GetUser,0,1,2
208,Spring.Web.Providers,IMembershipProvider,GetUser,0,1,2
209,Spring.Web.Providers,IMembershipProvider,GetUserNameByEmail,0,1,1
210,Spring.Web.Providers,IMembershipProvider,DeleteUser,0,1,2
211,Spring.Web.Providers,IMembershipProvider,GetAllUsers,0,1,3
212,Spring.Web.Providers,IMembershipProvider,GetNumberOfUsersOnline,0,1,0
213,Spring.Web.Providers,IMembershipProvider,FindUsersByName,0,1,4
214,Spring.Web.Providers,IMembershipProvider,FindUsersByEmail,0,1,4
215,Spring.Web.Providers,IProfileProvider,Initialize,0,1,2
216,Spring.Web.Providers,IProfileProvider,GetPropertyValues,0,1,2
217,Spring.Web.Providers,IProfileProvider,SetPropertyValues,0,1,2
218,Spring.Web.Providers,IProfileProvider,DeleteProfiles,0,1,1
219,Spring.Web.Providers,IProfileProvider,DeleteProfiles,0,1,1
220,Spring.Web.Providers,IProfileProvider,DeleteInactiveProfiles,0,1,2
221,Spring.Web.Providers,IProfileProvider,GetNumberOfInactiveProfiles,0,1,2
222,Spring.Web.Providers,IProfileProvider,GetAllProfiles,0,1,4
223,Spring.Web.Providers,IProfileProvider,GetAllInactiveProfiles,0,1,5
224,Spring.Web.Providers,IProfileProvider,FindProfilesByUserName,0,1,5
225,Spring.Web.Providers,IProfileProvider,FindInactiveProfilesByUserName,0,1,6
226,Spring.Web.Providers,IRoleProvider,Initialize,0,1,2
227,Spring.Web.Providers,IRoleProvider,IsUserInRole,0,1,2
228,Spring.Web.Providers,IRoleProvider,GetRolesForUser,0,1,1
229,Spring.Web.Providers,IRoleProvider,CreateRole,0,1,1
230,Spring.Web.Providers,IRoleProvider,DeleteRole,0,1,2
231,Spring.Web.Providers,IRoleProvider,RoleExists,0,1,1
232,Spring.Web.Providers,IRoleProvider,AddUsersToRoles,0,1,2
233,Spring.Web.Providers,IRoleProvider,RemoveUsersFromRoles,0,1,2
234,Spring.Web.Providers,IRoleProvider,GetUsersInRole,0,1,1
235,Spring.Web.Providers,IRoleProvider,GetAllRoles,0,1,0
236,Spring.Web.Providers,IRoleProvider,FindUsersInRole,0,1,2
237,Spring.Web.Providers,ISiteMapProvider,Initialize,0,1,2
238,Spring.Web.Providers,ISiteMapProvider,FindSiteMapNode,0,1,1
239,Spring.Web.Providers,ISiteMapProvider,FindSiteMapNodeFromKey,0,1,1
240,Spring.Web.Providers,ISiteMapProvider,FindSiteMapNode,0,1,1
241,Spring.Web.Providers,ISiteMapProvider,GetChildNodes,0,1,1
242,Spring.Web.Providers,ISiteMapProvider,GetCurrentNodeAndHintAncestorNodes,0,1,1
243,Spring.Web.Providers,ISiteMapProvider,GetCurrentNodeAndHintNeighborhoodNodes,0,1,2
244,Spring.Web.Providers,ISiteMapProvider,GetParentNode,0,1,1
245,Spring.Web.Providers,ISiteMapProvider,GetParentNodeRelativeToCurrentNodeAndHintDownFromParent,0,1,2
246,Spring.Web.Providers,ISiteMapProvider,GetParentNodeRelativeToNodeAndHintDownFromParent,0,1,3
247,Spring.Web.Providers,ISiteMapProvider,HintAncestorNodes,0,1,2
248,Spring.Web.Providers,ISiteMapProvider,HintNeighborhoodNodes,0,1,3
249,Spring.Web.Providers,ISiteMapProvider,IsAccessibleToUser,0,1,2
250,Spring.Web.Providers,MembershipProviderAdapter,Initialize,12,3,2
251,Spring.Web.Providers,MembershipProviderAdapter,CreateUser,4,1,8
252,Spring.Web.Providers,MembershipProviderAdapter,ChangePasswordQuestionAndAnswer,3,1,4
253,Spring.Web.Providers,MembershipProviderAdapter,GetPassword,3,1,2
254,Spring.Web.Providers,MembershipProviderAdapter,ChangePassword,3,1,3
255,Spring.Web.Providers,MembershipProviderAdapter,ResetPassword,3,1,2
256,Spring.Web.Providers,MembershipProviderAdapter,UpdateUser,3,1,1
257,Spring.Web.Providers,MembershipProviderAdapter,ValidateUser,3,1,2
258,Spring.Web.Providers,MembershipProviderAdapter,UnlockUser,3,1,1
259,Spring.Web.Providers,MembershipProviderAdapter,GetUser,3,1,2
260,Spring.Web.Providers,MembershipProviderAdapter,GetUser,3,1,2
261,Spring.Web.Providers,MembershipProviderAdapter,GetUserNameByEmail,3,1,1
262,Spring.Web.Providers,MembershipProviderAdapter,DeleteUser,3,1,2
263,Spring.Web.Providers,MembershipProviderAdapter,GetAllUsers,3,1,3
264,Spring.Web.Providers,MembershipProviderAdapter,GetNumberOfUsersOnline,3,1,0
265,Spring.Web.Providers,MembershipProviderAdapter,FindUsersByName,3,1,4
266,Spring.Web.Providers,MembershipProviderAdapter,FindUsersByEmail,3,1,4
267,Spring.Web.Providers,ProfileProviderAdapter,Initialize,12,3,2
268,Spring.Web.Providers,ProfileProviderAdapter,GetPropertyValues,3,1,2
269,Spring.Web.Providers,ProfileProviderAdapter,SetPropertyValues,3,1,2
270,Spring.Web.Providers,ProfileProviderAdapter,DeleteProfiles,3,1,1
271,Spring.Web.Providers,ProfileProviderAdapter,DeleteProfiles,3,1,1
272,Spring.Web.Providers,ProfileProviderAdapter,DeleteInactiveProfiles,3,1,2
273,Spring.Web.Providers,ProfileProviderAdapter,GetNumberOfInactiveProfiles,3,1,2
274,Spring.Web.Providers,ProfileProviderAdapter,GetAllProfiles,3,1,4
275,Spring.Web.Providers,ProfileProviderAdapter,GetAllInactiveProfiles,5,1,5
276,Spring.Web.Providers,ProfileProviderAdapter,FindProfilesByUserName,5,1,5
277,Spring.Web.Providers,ProfileProviderAdapter,FindInactiveProfilesByUserName,4,1,6
278,Spring.Web.Providers,RoleProviderAdapter,Initialize,13,3,2
279,Spring.Web.Providers,RoleProviderAdapter,IsUserInRole,3,1,2
280,Spring.Web.Providers,RoleProviderAdapter,GetRolesForUser,3,1,1
281,Spring.Web.Providers,RoleProviderAdapter,CreateRole,3,1,1
282,Spring.Web.Providers,RoleProviderAdapter,DeleteRole,3,1,2
283,Spring.Web.Providers,RoleProviderAdapter,RoleExists,3,1,1
284,Spring.Web.Providers,RoleProviderAdapter,AddUsersToRoles,3,1,2
285,Spring.Web.Providers,RoleProviderAdapter,RemoveUsersFromRoles,3,1,2
286,Spring.Web.Providers,RoleProviderAdapter,GetUsersInRole,3,1,1
287,Spring.Web.Providers,RoleProviderAdapter,GetAllRoles,3,1,0
288,Spring.Web.Providers,RoleProviderAdapter,FindUsersInRole,3,1,2
289,Spring.Web.Providers,SiteMapProviderAdapter,Initialize,10,3,2
290,Spring.Web.Providers,SiteMapProviderAdapter,FindSiteMapNode,3,1,1
291,Spring.Web.Providers,SiteMapProviderAdapter,FindSiteMapNodeFromKey,3,1,1
292,Spring.Web.Providers,SiteMapProviderAdapter,FindSiteMapNode,3,1,1
293,Spring.Web.Providers,SiteMapProviderAdapter,GetChildNodes,3,1,1
294,Spring.Web.Providers,SiteMapProviderAdapter,GetCurrentNodeAndHintAncestorNodes,3,1,1
295,Spring.Web.Providers,SiteMapProviderAdapter,GetCurrentNodeAndHintNeighborhoodNodes,3,1,2
296,Spring.Web.Providers,SiteMapProviderAdapter,GetParentNode,3,1,1
297,Spring.Web.Providers,SiteMapProviderAdapter,GetParentNodeRelativeToCurrentNodeAndHintDownFromParent,3,1,2
298,Spring.Web.Providers,SiteMapProviderAdapter,GetParentNodeRelativeToNodeAndHintDownFromParent,3,1,3
299,Spring.Web.Providers,SiteMapProviderAdapter,GetRootNodeCore,3,1,0
300,Spring.Web.Providers,SiteMapProviderAdapter,HintAncestorNodes,3,1,2
301,Spring.Web.Providers,SiteMapProviderAdapter,HintNeighborhoodNodes,3,1,3
302,Spring.Web.Providers,SiteMapProviderAdapter,IsAccessibleToUser,3,1,2
303,Spring.Web.Services,WebServiceExporter,GetTarget,17,3,1
304,Spring.Web.Services,WebServiceExporter,WebServiceExporter,6,1,0
305,Spring.Web.Services,WebServiceExporter,Dispose,4,1,0
306,Spring.Web.Services,WebServiceExporter,Dispose,10,2,1
307,Spring.Web.Services,WebServiceExporter,AfterPropertiesSet,4,1,0
308,Spring.Web.Services,WebServiceExporter,GetExportedType,3,1,0
309,Spring.Web.Services,WebServiceExporter,ValidateConfiguration,6,2,0
310,Spring.Web.Services,WebServiceExporter,GenerateProxy,13,2,0
311,Spring.Web.Services,WebServiceExporter,GetTargetInstance,3,1,0
312,Spring.Web.Services,WebServiceProxyTypeBuilder,WebServiceProxyTypeBuilder,5,1,4
313,Spring.Web.Services,WebServiceProxyTypeBuilder,WebServiceProxyTypeBuilder,7,1,5
314,Spring.Web.Services,WebServiceProxyTypeBuilder,CreateWebServiceBindingAttribute,9,2,1
315,Spring.Web.Services,WebServiceProxyTypeBuilder,CreateWebServiceAttribute,17,4,3
316,Spring.Web.Services,WebServiceProxyTypeBuilder,ImplementConstructors,13,1,1
317,Spring.Web.Services,WebServiceProxyTypeBuilder,GetTypeAttributes,29,6,1
318,Spring.Web.Services,WebServiceProxyTypeBuilder,GetMethodAttributes,18,4,1
319,Spring.Web.Services,WebServiceProxyTypeBuilder,CreateTypeBuilder,3,1,2
320,Spring.Web.Services,WebServiceHandlerFactory,GetHandler,70,6,4
321,Spring.Web.Support,AbstractHandlerFactory,AbstractHandlerFactory,5,1,0
322,Spring.Web.Support,AbstractHandlerFactory,AbstractHandlerFactory,3,1,0
323,Spring.Web.Support,AbstractHandlerFactory,GetHandler,37,6,4
324,Spring.Web.Support,AbstractHandlerFactory,ReleaseHandler,1,1,1
325,Spring.Web.Support,AbstractHandlerFactory,CreateHandlerInstance,0,1,5
326,Spring.Web.Support,AbstractHandlerFactory,GetCheckedApplicationContext,12,3,1
327,Spring.Web.Support,AbstractHandlerFactory,GetContext,3,1,1
328,Spring.Web.Support,AbstractHandlerFactory,FindWebObjectDefinition,43,9,2
329,Spring.Web.Support,AbstractHandlerFactory,ApplyDependencyInjectionInfrastructure,14,3,2
330,Spring.Web.Support,NamedObjectDefinition,NamedObjectDefinition,4,1,2
331,Spring.Web.Support,PrivilegedCommand,Execute,4,1,0
332,Spring.Web.Support,ContextMonitor,ContextMonitor,1,1,0
333,Spring.Web.Support,ContextMonitor,ProcessRequest,17,3,1
334,Spring.Web.Support,ContextMonitor,RenderHeader,17,1,2
335,Spring.Web.Support,ContextMonitor,RenderHeaderCell,3,1,2
336,Spring.Web.Support,ContextMonitor,RenderObjectDefinition,11,1,3
337,Spring.Web.Support,ContextMonitor,RenderCell,3,1,2
338,Spring.Web.Support,ContextMonitor,RenderFooter,5,1,1
339,Spring.Web.Support,ControlAccessor,ControlAccessor,26,1,0
340,Spring.Web.Support,ControlAccessor,GetMethod,3,1,1
341,Spring.Web.Support,ControlAccessor,GetField,3,1,1
342,Spring.Web.Support,ControlAccessor,ControlAccessor,3,1,1
343,Spring.Web.Support,ControlAccessor,GetTarget,3,1,0
344,Spring.Web.Support,ControlAccessor,AddedControl,3,1,2
345,Spring.Web.Support,ControlAccessor,RemovedControl,18,4,1
346,Spring.Web.Support,ControlAccessor,SetControlAt,4,1,2
347,Spring.Web.Support,ControlAccessor,GetChildControlCollection,3,1,0
348,Spring.Web.Support,ControlAccessor,SetChildControlCollection,3,1,1
349,Spring.Web.Support,ControlAccessor,GetGetControlsDelegate,14,1,0
350,Spring.Web.Support,ControlAccessor,GetSetControlsDelegate,27,1,0
351,Spring.Web.Support,ControlCollectionAccessor,ControlCollectionAccessor,12,1,0
352,Spring.Web.Support,ControlCollectionAccessor,GetTarget,3,1,0
353,Spring.Web.Support,ControlCollectionAccessor,GetTargetType,3,1,0
354,Spring.Web.Support,ControlCollectionAccessor,ControlCollectionAccessor,4,1,1
355,Spring.Web.Support,ControlInterceptor,ControlInterceptor,3,1,0
356,Spring.Web.Support,ControlInterceptor,ControlInterceptor,2,1,0
357,Spring.Web.Support,ControlInterceptor,EnsureControlIntercepted,13,3,2
358,Spring.Web.Support,ControlInterceptor,EnsureControlCollectionIntercepted,65,11,2
359,Spring.Web.Support,ControlInterceptor,IsDependencyInjectionAware,13,3,2
360,Spring.Web.Support,NoOpInterceptionStrategy,Intercept,3,1,3
361,Spring.Web.Support,DefaultHandlerFactory,DefaultHandlerFactory,1,1,0
362,Spring.Web.Support,DefaultHandlerFactory,DefaultHandlerFactory,2,1,1
363,Spring.Web.Support,DefaultHandlerFactory,DefaultHandlerFactory,4,1,1
364,Spring.Web.Support,DefaultHandlerFactory,CreateHandlerInstance,9,1,5
365,Spring.Web.Support,DefaultHandlerFactory,ReleaseHandler,3,1,1
366,Spring.Web.Support,DefaultResultFactory,CreateResult,3,1,2
367,Spring.Web.Support,DefaultResultWebNavigator,DefaultResultWebNavigator,1,1,0
368,Spring.Web.Support,DefaultResultWebNavigator,DefaultResultWebNavigator,5,1,3
369,Spring.Web.Support,DefaultResultWebNavigator,CreateResultsDictionary,11,3,1
370,Spring.Web.Support,DefaultResultWebNavigator,CanNavigateTo,7,2,1
371,Spring.Web.Support,DefaultResultWebNavigator,NavigateTo,19,4,3
372,Spring.Web.Support,DefaultResultWebNavigator,GetResultUri,17,4,3
373,Spring.Web.Support,DefaultResultWebNavigator,GetResult,16,4,1
374,Spring.Web.Support,DefaultResultWebNavigator,HandleUnknownResultType,3,1,2
375,Spring.Web.Support,DefaultResultWebNavigator,HandleUnknownDestination,3,1,3
376,Spring.Web.Support,HandlerMap,Add,3,1,2
377,Spring.Web.Support,HandlerMap,Add,3,1,2
378,Spring.Web.Support,HandlerMap,MapPath,14,6,1
379,Spring.Web.Support,HandlerMap,Add,3,1,2
380,Spring.Web.Support,HandlerMap,Clear,3,1,0
381,Spring.Web.Support,HandlerMap,CopyTo,3,1,2
382,Spring.Web.Support,HandlerMap,GetEnumerator,3,1,0
383,Spring.Web.Support,HandlerMap,Contains,3,1,1
384,Spring.Web.Support,HandlerMap,GetEnumerator,3,1,0
385,Spring.Web.Support,HandlerMap,Remove,3,1,1
386,Spring.Web.Support,HandlerMapEntry,HandlerMapEntry,6,1,2
387,Spring.Web.Support,HandlerMapEntry,HandlerMapEntry,6,1,2
388,Spring.Web.Support,HandlerMapEntry,ToString,3,1,0
389,Spring.Web.Support,IInterceptionStrategy,Intercept,0,1,3
390,Spring.Web.Support,InterceptControlCollectionOwnerStrategy,Intercept,7,1,3
391,Spring.Web.Support,InterceptControlCollectionStrategy,Intercept,22,2,3
392,Spring.Web.Support,InterceptControlCollectionStrategy,InterceptCollection,6,1,2
393,Spring.Web.Support,InterceptControlCollectionStrategy,TryCreateCollection,8,2,1
394,Spring.Web.Support,InterceptControlCollectionStrategy,GetInterceptedCollectionFactory,28,3,2
395,Spring.Web.Support,InterceptControlCollectionStrategy,GetInterceptedCollectionType,20,3,2
396,Spring.Web.Support,IResult,Navigate,0,1,1
397,Spring.Web.Support,IResult,GetRedirectUri,0,1,1
398,Spring.Web.Support,IResultFactory,CreateResult,0,1,2
399,Spring.Web.Support,IWebNavigator,CanNavigateTo,0,1,1
400,Spring.Web.Support,IWebNavigator,NavigateTo,0,1,3
401,Spring.Web.Support,IWebNavigator,GetResultUri,0,1,3
402,Spring.Web.Support,LocalResourceManager,LocalResourceManager,16,1,0
403,Spring.Web.Support,LocalResourceManager,GetLocalResourceManager,20,4,1
404,Spring.Web.Support,LocalResourceManager,GetLocalResourceProvider,4,1,1
405,Spring.Web.Support,LocalResourceManager,GetLocalResourceAssembly,5,1,1
406,Spring.Web.Support,ResourceProviderResourceManager,ResourceProviderResourceManager,3,1,1
407,Spring.Web.Support,ResourceProviderResourceManager,GetObject,3,1,1
408,Spring.Web.Support,ResourceProviderResourceManager,GetObject,13,2,2
409,Spring.Web.Support,ResourceProviderResourceManager,GetResourceSet,8,2,3
410,Spring.Web.Support,LocalResXAssemblyResourceManager,LocalResXAssemblyResourceManager,4,1,2
411,Spring.Web.Support,LocalResXAssemblyResourceManager,GetObject,3,1,1
412,Spring.Web.Support,LocalResXAssemblyResourceManager,GetObject,13,2,2
413,Spring.Web.Support,MappingHandlerFactory,CreateHandlerInstance,3,1,5
414,Spring.Web.Support,MappingHandlerFactory,MapHandlerInstance,25,4,7
415,Spring.Web.Support,MappingHandlerFactory,ReleaseHandler,3,1,1
416,Spring.Web.Support,MappingHandlerFactory,ReleaseHandler,11,2,2
417,Spring.Web.Support,MimeMediaType,Parse,16,3,1
418,Spring.Web.Support,MimeMediaType,MimeMediaType,2,1,0
419,Spring.Web.Support,MimeMediaType,MimeMediaType,2,1,1
420,Spring.Web.Support,MimeMediaType,MimeMediaType,8,2,2
421,Spring.Web.Support,MimeMediaType,ToString,3,1,0
422,Spring.Web.Support,MimeMediaType,Equals,4,2,1
423,Spring.Web.Support,MimeMediaType,Equals,4,2,1
424,Spring.Web.Support,MimeMediaType,GetHashCode,3,1,0
425,Spring.Web.Support,PageHandlerFactory,GetHandler,3,1,4
426,Spring.Web.Support,PageHandlerFactory,CreateHandlerInstance,28,3,5
427,Spring.Web.Support,Result,Result,1,1,0
428,Spring.Web.Support,Result,Result,11,2,1
429,Spring.Web.Support,Result,Result,12,2,2
430,Spring.Web.Support,Result,Navigate,15,3,1
431,Spring.Web.Support,Result,DoTransfer,5,1,1
432,Spring.Web.Support,Result,SetTransferParameters,17,4,2
433,Spring.Web.Support,Result,DoRedirect,3,1,1
434,Spring.Web.Support,Result,GetRedirectUri,15,3,1
435,Spring.Web.Support,Result,BuildUrl,15,3,2
436,Spring.Web.Support,Result,BuildUrlParameter,6,1,3
437,Spring.Web.Support,Result,ResolveValueIfNecessary,3,1,2
438,Spring.Web.Support,Result,IsSpELRuntimeExpression,4,1,1
439,Spring.Web.Support,Result,ResolveSpELRuntimeExpressionIfNecessary,8,2,2
440,Spring.Web.Support,Result,ExtractAndSetResultMode,10,2,1
441,Spring.Web.Support,Result,SetResultMode,13,2,1
442,Spring.Web.Support,Result,GetResolvedTargetPage,3,1,1
443,Spring.Web.Support,Result,ParseParameters,17,4,1
444,Spring.Web.Support,ResultFactoryRegistry,ResultFactoryRegistry,3,1,0
445,Spring.Web.Support,ResultFactoryRegistry,Reset,9,2,0
446,Spring.Web.Support,ResultFactoryRegistry,SetDefaultFactory,6,1,1
447,Spring.Web.Support,ResultFactoryRegistry,RegisterResultMode,10,1,2
448,Spring.Web.Support,ResultFactoryRegistry,CreateResult,19,3,1
449,Spring.Web.Support,Script,Script,3,1,1
450,Spring.Web.Support,Script,Script,3,1,1
451,Spring.Web.Support,ScriptBlock,ScriptBlock,3,1,2
452,Spring.Web.Support,ScriptBlock,ScriptBlock,3,1,2
453,Spring.Web.Support,ScriptFile,ScriptFile,3,1,2
454,Spring.Web.Support,ScriptFile,ScriptFile,3,1,2
455,Spring.Web.Support,ScriptEvent,ScriptEvent,4,1,4
456,Spring.Web.Support,ScriptEvent,ScriptEvent,4,1,4
457,Spring.Web.Support,SharedStateResourceCache,SharedStateResourceCache,4,1,1
458,Spring.Web.Support,SharedStateResourceCache,GetResources,3,1,1
459,Spring.Web.Support,SharedStateResourceCache,PutResources,3,1,2
460,Spring.Web.Support,SupportsWebDependencyInjectionMethodBuilder,SupportsWebDependencyInjectionMethodBuilder,4,1,4
461,Spring.Web.Support,SupportsWebDependencyInjectionMethodBuilder,GenerateMethod,4,1,3
462,Spring.Web.Support,SupportsWebDependencyInjectionMethodBuilder,GenerateCallbackMethodCall,35,6,3
463,Spring.Web.Support,SupportsWebDependencyInjectionOwnerProxy,SupportsWebDependencyInjectionOwnerProxy,4,1,2
464,Spring.Web.Support,SupportsWebDependencyInjectionOwnerProxy,AddedControl,9,2,2
465,Spring.Web.Support,SupportsWebDependencyInjectionOwnerProxy,RemovedControl,3,1,1
466,Spring.Web.Support,NamingContainerSupportsWebDependencyInjectionOwnerProxy,NamingContainerSupportsWebDependencyInjectionOwnerProxy,8,1,0
467,Spring.Web.Support,NamingContainerSupportsWebDependencyInjectionOwnerProxy,NamingContainerSupportsWebDependencyInjectionOwnerProxy,4,1,2
468,Spring.Web.Support,SupportsWebDependencyInjectionTypeBuilder,SupportsWebDependencyInjectionTypeBuilder,16,3,3
469,Spring.Web.Support,SupportsWebDependencyInjectionTypeBuilder,BuildProxyType,27,4,0
470,Spring.Web.Support,SupportsWebDependencyInjectionTypeBuilder,ImplementIDependencyInjectionAware,42,1,3
471,Spring.Web.Support,SupportsWebDependencyInjectionTypeBuilder,DeclareApplicationContextInstanceField,6,1,1
472,Spring.Web.Support,SupportsWebDependencyInjectionTypeBuilder,IsSpringAwareControlProxy,3,1,1
473,Spring.Web.Support,WebDependencyInjectionUtils,InjectDependenciesRecursive,7,2,2
474,Spring.Web.Support,WebDependencyInjectionUtils,InjectDependenciesRecursiveInternal,42,9,2
475,Spring.Web.Support,WebDependencyInjectionUtils,GetControlApplicationContext,13,3,2
476,Spring.Web.Support,WebFormsResultWebNavigator,FindNavigableParent,24,6,3
477,Spring.Web.Support,WebFormsResultWebNavigator,WebFormsResultWebNavigator,4,1,4
478,Spring.Web.Support,WebFormsResultWebNavigator,CanNavigateTo,3,1,1
479,Spring.Web.Support,WebFormsResultWebNavigator,CheckCanNavigate,19,4,2
480,Spring.Web.Support,WebFormsResultWebNavigator,GetResultUri,14,3,3
481,Spring.Web.Support,WebFormsResultWebNavigator,NavigateTo,16,3,3
482,Spring.Web.Support,NavigableControlInfo,NavigableControlInfo,12,3,1
483,Spring.Web.Support,WebNavigableWebNavigatorAdapter,WebNavigableWebNavigatorAdapter,3,1,1
484,Spring.Web.UI,AbstractWizard,Previous,6,2,0
485,Spring.Web.UI,AbstractWizard,Next,6,2,0
486,Spring.Web.UI,AbstractWizard,OnInit,4,1,1
487,Spring.Web.UI,AbstractWizard,OnLoad,3,1,1
488,Spring.Web.UI,AbstractWizard,OnPreRender,7,2,1
489,Spring.Web.UI,AbstractWizard,InitializeSteps,7,2,1
490,Spring.Web.UI,AbstractWizard,LoadStep,7,1,1
491,Spring.Web.UI,IModelPersistenceMedium,LoadFromMedium,0,1,1
492,Spring.Web.UI,IModelPersistenceMedium,SaveToMedium,0,1,2
493,Spring.Web.UI,MasterPage,MasterPage,3,1,0
494,Spring.Web.UI,MasterPage,OnInit,7,1,1
495,Spring.Web.UI,MasterPage,OnPreRender,11,3,1
496,Spring.Web.UI,MasterPage,OnInitializeControls,6,2,1
497,Spring.Web.UI,MasterPage,LoadControl,5,1,1
498,Spring.Web.UI,MasterPage,LoadControl,5,1,2
499,Spring.Web.UI,MasterPage,OnDataBound,6,2,1
500,Spring.Web.UI,MasterPage,OnDataUnbound,6,2,1
501,Spring.Web.UI,MasterPage,InitializeMessageSource,18,4,0
502,Spring.Web.UI,MasterPage,GetLocalResourceManager,3,1,0
503,Spring.Web.UI,MasterPage,GetMessage,3,1,1
504,Spring.Web.UI,MasterPage,GetMessage,3,1,2
505,Spring.Web.UI,MasterPage,GetResourceObject,3,1,1
506,Spring.Web.UI,MasterPage,InitializeNavigationSupport,3,1,0
507,Spring.Web.UI,MasterPage,SetResult,3,1,1
508,Spring.Web.UI,MasterPage,SetResult,3,1,2
509,Spring.Web.UI,MasterPage,GetResultUrl,3,1,1
510,Spring.Web.UI,MasterPage,GetResultUrl,3,1,2
511,Spring.Web.UI,MasterPage,Validate,13,3,2
512,Spring.Web.UI,MasterPage,CreateValidatorParameters,11,1,0
513,Spring.Web.UI,MasterPage,AddedControl,4,1,2
514,Spring.Web.UI,Page,Page,3,1,0
515,Spring.Web.UI,Page,OnPreInit,9,2,1
516,Spring.Web.UI,Page,InitializeCulture,12,2,0
517,Spring.Web.UI,Page,OnInit,15,2,1
518,Spring.Web.UI,Page,OnPreLoadViewState,7,2,1
519,Spring.Web.UI,Page,RaisePreLoadViewStateEvent,7,2,0
520,Spring.Web.UI,Page,PreLoadViewStateRecursive,14,4,1
521,Spring.Web.UI,Page,LoadPageStateFromPersistenceMedium,7,1,0
522,Spring.Web.UI,Page,BindFormDataIfNecessary,6,2,0
523,Spring.Web.UI,Page,BindFormDataRecursive,7,2,0
524,Spring.Web.UI,Page,BindFormDataRecursive,14,4,1
525,Spring.Web.UI,Page,LoadPageStateFromPersistenceMediumBase,3,1,0
526,Spring.Web.UI,Page,OnLoad,19,2,1
527,Spring.Web.UI,Page,OnPreRender,15,3,1
528,Spring.Web.UI,Page,OnInitializeControls,7,2,1
529,Spring.Web.UI,Page,LoadControl,5,1,1
530,Spring.Web.UI,Page,LoadControl,5,1,2
531,Spring.Web.UI,Page,LoadModelFromPersistenceMedium,4,1,0
532,Spring.Web.UI,Page,SaveModelToPersistenceMedium,4,1,1
533,Spring.Web.UI,Page,InitializeModel,2,1,0
534,Spring.Web.UI,Page,LoadModel,2,1,1
535,Spring.Web.UI,Page,SaveModel,3,1,0
536,Spring.Web.UI,Page,SetController,3,1,1
537,Spring.Web.UI,Page,GetController,7,2,0
538,Spring.Web.UI,Page,RegisterStyle,3,1,2
539,Spring.Web.UI,Page,IsStyleRegistered,3,1,1
540,Spring.Web.UI,Page,RegisterStyleFile,3,1,2
541,Spring.Web.UI,Page,IsStyleFileRegistered,3,1,1
542,Spring.Web.UI,Page,RegisterHeadScriptBlock,3,1,2
543,Spring.Web.UI,Page,RegisterHeadScriptBlock,3,1,3
544,Spring.Web.UI,Page,RegisterHeadScriptFile,3,1,2
545,Spring.Web.UI,Page,RegisterHeadScriptFile,3,1,3
546,Spring.Web.UI,Page,RegisterHeadScriptEvent,3,1,4
547,Spring.Web.UI,Page,RegisterHeadScriptEvent,3,1,5
548,Spring.Web.UI,Page,IsHeadScriptRegistered,3,1,1
549,Spring.Web.UI,Page,InitializeNavigationSupport,3,1,0
550,Spring.Web.UI,Page,SetResult,3,1,1
551,Spring.Web.UI,Page,SetResult,3,1,2
552,Spring.Web.UI,Page,GetResultUrl,3,1,1
553,Spring.Web.UI,Page,GetResultUrl,3,1,2
554,Spring.Web.UI,Page,Validate,3,1,0
555,Spring.Web.UI,Page,Validate,3,1,1
556,Spring.Web.UI,Page,Validate,13,3,2
557,Spring.Web.UI,Page,CreateValidatorParameters,10,1,0
558,Spring.Web.UI,Page,InitializeDataBindings,2,1,0
559,Spring.Web.UI,Page,GetBindingManagerKey,3,1,0
560,Spring.Web.UI,Page,CreateBindingManager,3,1,0
561,Spring.Web.UI,Page,InitializeBindingManager,26,4,0
562,Spring.Web.UI,Page,OnDataBindingsInitialized,7,2,1
563,Spring.Web.UI,Page,BindFormData,8,2,0
564,Spring.Web.UI,Page,UnbindFormData,8,2,0
565,Spring.Web.UI,Page,OnDataBound,7,2,1
566,Spring.Web.UI,Page,OnDataUnbound,7,2,1
567,Spring.Web.UI,Page,InitializeMessageSource,24,5,0
568,Spring.Web.UI,Page,GetLocalResourceManager,3,1,0
569,Spring.Web.UI,Page,GetMessage,3,1,1
570,Spring.Web.UI,Page,GetMessage,3,1,2
571,Spring.Web.UI,Page,GetResourceObject,3,1,1
572,Spring.Web.UI,Page,OnUserCultureChanged,6,2,1
573,Spring.Web.UI,Page,CreateSharedStateKey,3,1,1
574,Spring.Web.UI,Page,AddedControl,4,1,2
575,Spring.Web.UI,SessionModelPersistenceMedium,LoadFromMedium,3,1,1
576,Spring.Web.UI,SessionModelPersistenceMedium,SaveToMedium,3,1,2
577,Spring.Web.UI,SessionModelPersistenceMedium,GetKey,3,1,1
578,Spring.Web.UI,SessionModelPersistenceMedium,GetItem,3,1,2
579,Spring.Web.UI,SessionModelPersistenceMedium,SetItem,3,1,3
580,Spring.Web.UI,UserControl,UserControl,3,1,0
581,Spring.Web.UI,UserControl,OnInit,14,2,1
582,Spring.Web.UI,UserControl,OnPreLoadViewState,7,2,1
583,Spring.Web.UI,UserControl,LoadPostData,3,1,2
584,Spring.Web.UI,UserControl,LoadPostData,5,1,2
585,Spring.Web.UI,UserControl,RaisePostDataChangedEvent,3,1,0
586,Spring.Web.UI,UserControl,RaisePostDataChangedEvent,3,1,0
587,Spring.Web.UI,UserControl,OnLoad,8,2,1
588,Spring.Web.UI,UserControl,OnPreRender,23,5,1
589,Spring.Web.UI,UserControl,OnInitializeControls,6,2,1
590,Spring.Web.UI,UserControl,LoadControl,5,1,1
591,Spring.Web.UI,UserControl,LoadControl,5,1,2
592,Spring.Web.UI,UserControl,LoadModelFromPersistenceMedium,4,1,0
593,Spring.Web.UI,UserControl,SaveModelToPersistenceMedium,4,1,1
594,Spring.Web.UI,UserControl,InitializeModel,2,1,0
595,Spring.Web.UI,UserControl,LoadModel,2,1,1
596,Spring.Web.UI,UserControl,SaveModel,3,1,0
597,Spring.Web.UI,UserControl,SetController,3,1,1
598,Spring.Web.UI,UserControl,GetController,7,2,0
599,Spring.Web.UI,UserControl,InitializeNavigationSupport,3,1,0
600,Spring.Web.UI,UserControl,SetResult,3,1,1
601,Spring.Web.UI,UserControl,SetResult,3,1,2
602,Spring.Web.UI,UserControl,GetResultUrl,3,1,1
603,Spring.Web.UI,UserControl,GetResultUrl,3,1,2
604,Spring.Web.UI,UserControl,Validate,13,3,2
605,Spring.Web.UI,UserControl,CreateValidatorParameters,11,1,0
606,Spring.Web.UI,UserControl,InitializeDataBindings,1,1,0
607,Spring.Web.UI,UserControl,GetBindingManagerKey,3,1,0
608,Spring.Web.UI,UserControl,CreateBindingManager,3,1,0
609,Spring.Web.UI,UserControl,InitializeBindingManager,32,4,0
610,Spring.Web.UI,UserControl,OnDataBindingsInitialized,7,2,1
611,Spring.Web.UI,UserControl,BindFormData,7,2,0
612,Spring.Web.UI,UserControl,UnbindFormData,7,2,0
613,Spring.Web.UI,UserControl,OnDataBound,7,2,1
614,Spring.Web.UI,UserControl,OnDataUnbound,7,2,1
615,Spring.Web.UI,UserControl,InitializeMessageSource,28,5,0
616,Spring.Web.UI,UserControl,GetLocalResourceManager,3,1,0
617,Spring.Web.UI,UserControl,GetMessage,3,1,1
618,Spring.Web.UI,UserControl,GetMessage,3,1,2
619,Spring.Web.UI,UserControl,GetResourceObject,3,1,1
620,Spring.Web.UI,UserControl,CreateSharedStateKey,3,1,1
621,Spring.Web.UI,UserControl,AddedControl,4,1,2
622,Spring.Web.UI.Controls,AbstractBaseValidator,RegisterClientScriptBlock,17,1,3
623,Spring.Web.UI.Controls,AbstractBaseValidator,IsClientScriptBlockRegistered,3,1,2
624,Spring.Web.UI.Controls,AbstractBaseValidator,AddExpandoAttribute,10,1,5
625,Spring.Web.UI.Controls,AbstractValidationControl,CreateValidationErrorsRenderer,0,1,0
626,Spring.Web.UI.Controls,AbstractValidationControl,ResolveMessageSource,11,2,0
627,Spring.Web.UI.Controls,AbstractValidationControl,ResolveValidationErrors,12,3,0
628,Spring.Web.UI.Controls,AbstractValidationControl,FindValidationContainer,37,7,0
629,Spring.Web.UI.Controls,AbstractValidationControl,ResolveErrorMessages,17,3,0
630,Spring.Web.UI.Controls,AbstractValidationControl,Render,4,1,1
631,Spring.Web.UI.Controls,Calendar,OnPreRender,9,2,1
632,Spring.Web.UI.Controls,Calendar,Render,18,2,1
633,Spring.Web.UI.Controls,Calendar,RenderTextBox,13,2,1
634,Spring.Web.UI.Controls,Calendar,RenderButton,7,1,1
635,Spring.Web.UI.Controls,Calendar,RenderSetupScript,9,1,1
636,Spring.Web.UI.Controls,Calendar,RaisePostDataChangedEvent,3,1,0
637,Spring.Web.UI.Controls,Calendar,LoadPostData,25,3,2
638,Spring.Web.UI.Controls,Calendar,OnDateChanged,7,2,1
639,Spring.Web.UI.Controls,RequiredCheckBoxValidator,ControlPropertiesValid,8,2,0
640,Spring.Web.UI.Controls,RequiredCheckBoxValidator,EvaluateIsValid,8,2,0
641,Spring.Web.UI.Controls,RequiredCheckBoxValidator,AddAttributesToRender,10,2,1
642,Spring.Web.UI.Controls,RequiredCheckBoxValidator,OnPreRender,21,2,1
643,Spring.Web.UI.Controls,ContentReplacer,OnPreRender,26,4,1
644,Spring.Web.UI.Controls,ContentReplacer,RenderChildControls,9,3,2
645,Spring.Web.UI.Controls,ContentReplacer,RenderNothing,3,1,2
646,Spring.Web.UI.Controls,ContentReplacer,GetRenderMethod,5,1,0
647,Spring.Web.UI.Controls,DataBindingAdapter,AddParsedSubObject,12,3,1
648,Spring.Web.UI.Controls,DataBindingAdapter,Render,6,2,1
649,Spring.Web.UI.Controls,DataBindingPanel,OnInit,4,1,1
650,Spring.Web.UI.Controls,DataBindingPanel,OnPreRender,8,2,1
651,Spring.Web.UI.Controls,DataBindingPanel,Render,3,1,1
652,Spring.Web.UI.Controls,DataBindingPanel,BindingOwner_DataBindingsInitialized,7,2,2
653,Spring.Web.UI.Controls,DataBindingPanel,TraverseControls,37,6,3
654,Spring.Web.UI.Controls,DataBindingPanel,BindControl,89,11,2
655,Spring.Web.UI.Controls,DataBindingPanel,RemoveBindingAttributes,8,1,2
656,Spring.Web.UI.Controls,DataBindingPanel,AutoProbeBindingType,7,2,1
657,Spring.Web.UI.Controls,DataBindingPanel,AutoProbeSourceProperty,35,9,1
658,Spring.Web.UI.Controls,DataBindingPanel,CreateBindingInstance,14,2,5
659,Spring.Web.UI.Controls,DataBindingPanel,RegisterDataControl,3,1,2
660,Spring.Web.UI.Controls,DataBindingPanel,GetBindingContainerControl,12,3,1
661,Spring.Web.UI.Controls,Form,RenderAttributes,8,2,1
662,Spring.Web.UI.Controls,ActionSupressingHtmlTextWriter,ActionSupressingHtmlTextWriter,2,1,1
663,Spring.Web.UI.Controls,ActionSupressingHtmlTextWriter,WriteAttribute,6,2,3
664,Spring.Web.UI.Controls,Head,Render,16,3,1
665,Spring.Web.UI.Controls,Head,RenderStyleBlocks,12,3,1
666,Spring.Web.UI.Controls,Head,RenderStyleFiles,10,2,1
667,Spring.Web.UI.Controls,Head,RenderHeadScripts,18,5,1
668,Spring.Web.UI.Controls,Head,RenderScriptBlock,6,1,2
669,Spring.Web.UI.Controls,Head,RenderScriptFile,6,1,2
670,Spring.Web.UI.Controls,Head,RenderScriptEvent,8,1,2
671,Spring.Web.UI.Controls,Head,RenderCommonScriptAttributes,7,2,2
672,Spring.Web.UI.Controls,LocalizedImage,OnPreRender,4,1,1
673,Spring.Web.UI.Controls,LocalizedImage,DetermineLocalizedUrl,9,2,0
674,Spring.Web.UI.Controls,LocalizedImage,FileExists,5,1,1
675,Spring.Web.UI.Controls,Panel,OnPreRender,6,1,1
676,Spring.Web.UI.Controls,Panel,RenderBeginTag,6,2,1
677,Spring.Web.UI.Controls,Panel,RenderEndTag,6,2,1
678,Spring.Web.UI.Controls,Panel,OnPreInitRecursive,10,2,1
679,Spring.Web.UI.Controls,Panel,AddedControl,8,2,2
680,Spring.Web.UI.Controls,Panel,CreateControlCollection,13,2,0
681,Spring.Web.UI.Controls,InitRecursiveInterceptingControlsCollection,InitRecursiveInterceptingControlsCollection,2,1,1
682,Spring.Web.UI.Controls,RadioButtonGroup,AddedControl,12,3,2
683,Spring.Web.UI.Controls,RadioButtonGroup,RemovedControl,9,4,1
684,Spring.Web.UI.Controls,RadioButtonGroup,OnPreRender,7,2,1
685,Spring.Web.UI.Controls,RadioButtonGroup,Render,3,1,1
686,Spring.Web.UI.Controls,RadioButtonGroup,LoadPostData,9,2,2
687,Spring.Web.UI.Controls,RadioButtonGroup,RaisePostDataChangedEvent,3,1,0
688,Spring.Web.UI.Controls,RadioButtonGroup,OnSelectionChanged,7,2,1
689,Spring.Web.UI.Controls,TabCommandEventArgs,TabCommandEventArgs,2,1,2
690,Spring.Web.UI.Controls,TabContainer,OnBubbleEvent,9,2,2
691,Spring.Web.UI.Controls,TabContainer,OnTabClickedCommand,7,2,2
692,Spring.Web.UI.Controls,TabContainer,CreateTab,13,1,3
693,Spring.Web.UI.Controls,TabularMultiView,TabularMultiView,2,1,0
694,Spring.Web.UI.Controls,TabularMultiView,TabularMultiView,2,1,1
695,Spring.Web.UI.Controls,TabularMultiView,CreateTabContainer,3,1,0
696,Spring.Web.UI.Controls,TabularMultiView,CreateContent,12,1,2
697,Spring.Web.UI.Controls,TabularMultiView,OnInit,4,1,1
698,Spring.Web.UI.Controls,TabularMultiView,BuildControlTree,4,1,0
699,Spring.Web.UI.Controls,TabularMultiView,CreateChildControls,21,3,0
700,Spring.Web.UI.Controls,TabularMultiView,AddParsedSubObject,12,3,1
701,Spring.Web.UI.Controls,TabularMultiView,RebuildTabs,9,2,0
702,Spring.Web.UI.Controls,TabularMultiView,OnSelectTabCommand,9,2,2
703,Spring.Web.UI.Controls,TabularMultiView,OnActiveViewChanged,7,2,2
704,Spring.Web.UI.Controls,TabularViewCollection,TabularViewCollection,2,1,1
705,Spring.Web.UI.Controls,TabularViewCollection,Add,7,2,1
706,Spring.Web.UI.Controls,TabularViewCollection,AddAt,7,2,2
707,Spring.Web.UI.Controls,ValidationError,CreateValidationErrorsRenderer,3,1,0
708,Spring.Web.UI.Controls,ValidationSummary,CreateValidationErrorsRenderer,3,1,0
709,Spring.Web.UI.Validation,AbstractValidationErrorsRenderer,RenderErrors,0,1,3
710,Spring.Web.UI.Validation,DivValidationErrorsRenderer,RenderErrors,19,4,3
711,Spring.Web.UI.Validation,IconValidationErrorsRenderer,RenderErrors,16,3,3
712,Spring.Web.UI.Validation,IValidationErrorsRenderer,RenderErrors,0,1,3
713,Spring.Web.UI.Validation,SpanValidationErrorsRenderer,RenderErrors,18,4,3
