,col0,col1,col2,col3,col4,col5,col6,col7,col8,col9,col10
0,9869320,comment,9868017.0,9868017.0,0,0,danieltillett,,,Basically the excess profit obtained from a university degree is now being captured by external agents rather than the individual student. We should expect this to happen in any market which has reached maturity after a period of rapid expansion which higher education experienced from 1950 to 2000.,1436612342
1,9869318,comment,9867397.0,9867397.0,0,0,_0ffh,,,And there I expected this to be political commentary...,1436612295
2,9869316,story,,,33,77,paublyrne,Smoking: Quitting is so hard,http://www.economist.com/news/leaders/21657391-everybody-now-knows-how-people-can-be-persuaded-stop-smoking-so-all-countries-should-be-doing,,1436612261
3,9869315,comment,9867497.0,9867497.0,0,0,andersthue,,,"Building a startup (actually others are doing the building, I&#x27;m doing everything else :) I would bring one or two books (Traction, Lean Startup, Smartcuts, etc.) and my iPad.<p>I would use some time reading and some time writing either ideas/notes or blog posts.",1436612261
4,9869314,comment,9866755.0,9869152.0,0,0,Zuider,,,">Doxxing is doxxing.<p>I meant that the reddit admins didn&#x27;t &#x27;deal with&#x27; Violentacrez. Chen doxxed him, destroying his career, despite the full knowledge that Violentacrez had innocent dependants who would also be hurt badly. If Violentacrez deserved to be &#x27;punished&#x27;, then whatever punishment was meted out should have fallen exclusively on him.<p>>It doesn&#x27;t become &#x27;exposure&#x27;.<p>Bad choice of words. I intended the term in a literal sense, not a judgemental one. It was revolting how Chen made Violentacrez crawl in the false hope he could salvage some part of his livelihood.<p>>...when people you like do it.<p>I dislike the people who doxxed Violentacrez very much. I disagree with the use of doxxing as a tactic.",1436612243
5,9869313,comment,9865705.0,9869266.0,0,0,shiven,,,What tuning parameters are you using and where are you making those changes?,1436612191
6,9869312,comment,9866755.0,9869132.0,0,0,growupkids,,,"Perhaps I&#x27;m missing something.  How would you know if someone is an excellent censor (I.e. They only censor &quot;bad&quot; speech, and not &quot;good&quot; speech) if then intent is to shield you from the &quot;bad&quot; speech.  Wouldn&#x27;t you then not know what they censored?<p>Specifically, it seems to me that if you&#x27;re shielded from seeing that they censored, then they could also be censoring &quot;good&quot; speech too.  So the only way it seems you could ensure they weren&#x27;t do this poorly or deliberately would be to allow everyone access to what they&#x27;ve censored.  Which inversely seems to defeat the purpose of having a good censor.  Now essentially nothing in censored.<p>Again, perhaps I&#x27;m missing something but if I&#x27;m not then I don&#x27;t understand how you resolve this conundrum.<p>Edit: Unless you&#x27;re referring to ex post facto censorship, where everyone sees the &quot;bad&quot; speech, and the speaker is banned for violating &quot;community standards&quot; To pre-emptively ban future speech.  But this too still allows &quot;bad&quot; speech, and I suppose you also have the problem of deleting the bad speech.  If it&#x27;s gone, then what substantiates the ban/censorship?  Because again, what if the action was either done in error, or maliciously to ban &quot;good&quot; but unpopular speech/speakers how would you know?",1436612139
7,9869311,comment,9866483.0,9869134.0,0,0,ben0x539,,,"The idea isn&#x27;t that you make a pokemon team of people of all skin colors, sexualities and genders to have all damage types covered. It&#x27;s more that cultural background and experiences made shape thinking, problem-solving approaches, etc, and if your team is 100% straight white affluent men, chances are pretty good they will all have roughly overlapping backgrounds and leave the vast majority of the human experience uncovered.",1436612113
8,9869310,comment,9866330.0,9866330.0,0,0,teaneedz,,,Trees are the best factories to live next to.,1436612089
9,9869309,comment,9866575.0,9866575.0,0,0,louithethrid,,,"Im wondering, if this could be prevented by providing acountability across generations. \nIf we where to store the names of torturing individuals - and generate a civilian resistance- by refusing to employ, buy and sell to those who engage in torture and everyone decending from them, pressure could be applied.<p>&quot;Im not going to the prom with you, cause your father/grandfather was a torturer&quot; - sounds like something that could hit home. And goverment seems to have escaped all (self)controll otherwise.",1436612050
10,9869308,comment,9867680.0,9867680.0,0,0,WalterBright,,,"Looks like they missed a basic aspect of operational security - compartmentalization. Sensitive databases must be compartmentalized so a breach in one is not a breach in all. No login credential, for example, should grant access to all of the database.",1436611978
11,9869307,comment,9867465.0,9869178.0,0,0,IngoBlechschmid,,,"You are right that for a particular formula p, the implication (~p ∨ p) ⇒ (¬¬p ⇔ p) is an intuitionistic tautology and that the reverse implication is not (in general).<p>However the situation is different when you quantify over all formulas. If you have (¬¬p ⇔ p) for _any_ formula p, you also have (~q ∨ q) for any formula q (written with a different letter to not get lost in variable capturing issues).<p>This is because, for any formula q, we have the intuitionistic tautology ~~(~q v q). (Proving this is a fun exercise. If you get stuck, see page 26 of <a href=""https://github.com/iblech/talk-constructive-mathematics/raw/master/negneg-translation-notes.pdf"" rel=""nofollow"">https://github.com/iblech/talk-constructive-mathematics/raw/...</a> or elsewhere on the Internet.) So, if you assume the principle of double negation for all formulas, then in particular you assume that, for any formula q, the implication ~~(~q v q) ⇒ (~q v q) holds. Since the antecedent is unconditionally valid, the consequent is as well. Thus you have the law of excluded middle for q.<p>I highly recommend Andrej Bauer&#x27;s blog for such matters. The post <a href=""http://math.andrej.com/2008/08/13/intuitionistic-mathematics-for-physics/"" rel=""nofollow"">http://math.andrej.com/2008/08/13/intuitionistic-mathematics...</a> is a good starting point.",1436611890
12,9869306,comment,9868908.0,9868908.0,0,0,miralabs,,,"Just saw this awesome documentary from NASA about the New Horizons Mission <a href=""https://www.youtube.com/watch?v=EJxwWpaGoJs"" rel=""nofollow"">https://www.youtube.com/watch?v=EJxwWpaGoJs</a> - it is definitely a good watch.",1436611883
13,9869305,comment,9866613.0,9869254.0,0,0,panic,,,"It&#x27;s not pedantic -- interpolation in linear space makes a major difference!  It doesn&#x27;t look like this shader is meant to show distance directly, though: it&#x27;s taking a fourth root and some other things:<p><pre><code>    // do some soft coloring based on distance\n    d = clamp( 8.0*d/zoo, 0.0, 1.0 );\n    d = pow( d, 0.25 );\n    vec3 col = vec3( d );</code></pre>",1436611874
14,9869304,comment,9868331.0,9869126.0,0,0,sjwright,,,"I think the intent of my original words is sufficiently clear. Aside from not liking my analogy, is there an underlying point you&#x27;re trying to make?",1436611822
15,9869303,comment,9863217.0,9863535.0,0,0,lewisl9029,,,"While I appreciate simplicity as much as the next guy, using this &quot;complicated nodejs pipeline&quot; gives you access to a wide array of language features that can make your <i>entire codebase</i> simpler.<p>I feel this is an excellent trade-off for any non-trivial project.",1436611802
16,9869302,comment,9868352.0,9868352.0,0,0,jagermo,,,"No need to apologize, this is not only an interesting topic and problem, but also a very good discussion.<p>Thanks for bringing that up, might it be ok if I use your question to build around it and see what it is like for non US-websites?",1436611761
17,9869300,comment,9868352.0,9868421.0,0,0,draugadrotten,,," One vendor selling an automatic child porn filter using data from INTERPOL is <a href=""https://www.netclean.com/"" rel=""nofollow"">https://www.netclean.com/</a>\nIt is also using Microsoft photoDNA technology.",1436611720
18,9869299,comment,9868935.0,9868935.0,0,0,paublyrne,,,"I had/have a similar low frequency tinnitus that began in 2009 during a period of stress. It was so loud that it made it coloured every day sound including speech and music, and made sleeping a nightmare.<p>I eventually worked out a correlation to muscle tension in the muscles in my shoulder on the same side as the effected ear.<p>I worked a programme for muscle improvement through strengthening, stretching, and relaxation techniques, which alleviated noise almost completely, although occasionally I still get it a little, at a very low level.",1436611664
19,9869298,comment,9868803.0,9868803.0,0,0,kardos,,,From 2008. Are there any newer states in addition those listed?,1436611641
20,9869297,comment,9869148.0,9869148.0,0,0,v0lta,,,I&#x27;m looking forward using it. Especially function return types and the reported performance improvements are going to be interesting. I think the people behind did a great job with PHP 7.,1436611585
21,9869296,comment,9864824.0,9864824.0,0,0,nobrains,,,"The answer from the post: <a href=""http://strangelyconsistent.org/blog/images/all-the-4x4-mazes.png"" rel=""nofollow"">http://strangelyconsistent.org/blog/images/all-the-4x4-mazes...</a>",1436611583
22,9869295,comment,9864534.0,9867835.0,0,0,marincounty,,,"Personally, I just don&#x27;t like paying for something else monthly, or hourly.  Even if it&#x27;s a slightly better deal; I just don&#x27;t want the hassle of another monthly bill--  looking for errors, new fees, the date the good deal goes away, the trust I hand over when giving out my credit/debit card. I know it doesn&#x27;t make logical sense.  As to a gaming computer, I would rather spend a couple of grand upfront, and know I can patch  it together for the next few years.  Same with an automobile, I don&#x27;t mind driving an older car.(my current car is a POS to some individuals, but it&#x27;s never seen a mechanic, it&#x27;s safe, and it gets me where I need to go.  I do need to thank the engineers at Toyoya though.  They made some pretty indestructible automobiles.)<p>Sometimes, I think about that quote in that movie Office Space, when Peter Gibbons said, &quot;You know, I&#x27;ve never really liked paying bills.&quot;",1436611581
23,9869294,comment,9865338.0,9869258.0,0,0,jdscriven,,,What is ISO-3306?,1436611550
24,9869293,comment,9856334.0,9861084.0,0,0,reinoud,,,"If you have working prototypes and a community to collaborate them, getting funds for actual testing it in silicon is not that hard esp. not if you collaborate with an University. With good performing silicon one can then expand and the folks who designed it are garanteed to have a job updating and enhancing it for the next 10 years or more :) Esp. if other companies sponser their work.<p>Are the Mills creators afraid say Intel will use their ideas and create their own chips excluding them from business?<p>ARM itself is beaten by RISC-V&#x27;s initial Rocket prototypes in power and area and the upcomming BOOMs are a good match for ARM Cortex A15+ (only 64 bit). And they only recently started just with OoO chips. And do you see ARM suddenly creating RISC-V chips? or borrowing their ideas?",1436611472
25,9869292,comment,9868352.0,9868421.0,0,0,UserRights,,,Why does one need to sign in to azure to help fight CP? \nWhy are the the hashes not available via a public API so that any webmaster could just use it right now? \nPlease explain.,1436611459
26,9869291,comment,9867465.0,9869250.0,0,0,YorkshireSeason,,,"This discussion goes way beyond an &quot;absolute layman explanation to homotopy type theory&quot; ...<p>Anyway, I disagree that the  &quot;whole idea of type theory is that things can have more than one proof&quot;. UIP is about identity types and their proofs. Identity types are very special types. It is far from obvious that they should be inhabited by more than one proof.  Indeed, it was a surprising breakthrough when Streicher/Hoffmann discovered that UIP does not hold in general and new axioms like Streicher&#x27;s K or Univalence needed to be formulated to deal with this question.",1436611397
27,9869290,comment,9866755.0,9868819.0,0,0,intopieces,,,">On a side note, I dislike the term &quot;women&#x27;s rights&quot;. Is it so hard to represent &quot;people&#x27;s rights&quot;?<p>I want to pull this quote out and address it directly, because it&#x27;s a valid concern with a real answer. The reason we don&#x27;t represent &quot;people&#x27;s rights&quot; is because all people do not need their rights defended. To use an analogy, think of our system for measuring the level of endangered for animals, from &quot;Critically Endangered&quot; to &quot;Least Concern.&quot; Is it sensible to say, &#x27;Well, aren&#x27;t all species important to the ecosystem? Why do we seek to protect Garrulax courtoisi but not Megascops watsonii?&#x27; This is because the former is nearly extinct, while the latter is ubiquitous. The cause of &quot;social justice&quot; -- the oft-derided &#x27;warriors&#x27; of anti-sexism, anti-homophobia, etc -- is to correct years of disadvantage. It&#x27;s not accurate to call, say, attempts to further women in technology as &#x27;sexist&#x27;. In fact, that&#x27;s co-opting the term to obfuscate the original issue.<p>Overall, your heart is in the right place -- it does seem like our attempts to further minorities comes off as patronizing (like affirmative action). But, in the end, the good that is done outweighs the bad so long as we adequately train the individuals we put forward through these initiatives such that no one believes they only &#x27;got it because of their gender&#x27; (which to me is no different than &#x27;got here through someone she knows&#x27; -- this is how most business seems to be done in the world!)",1436611298
28,9869289,comment,9868352.0,9868895.0,0,0,contingencies,,,"On the other hand, if everyone uses the same non-transparent list of magic hashes to ban hosting images then censorship potentially becomes a concern.",1436611262
29,9869288,comment,9869093.0,9869093.0,0,0,amelius,,,"I don&#x27;t understand why we should use JSON to configure a server, when a much more powerful language exists: Javascript.<p>For example, instead of hardcoding some setting in JSON, a Javascript configuration file could perform queries before configuring, or it could install callback functions as part of the configuration.",1436611251
30,9869287,comment,9865698.0,9867287.0,0,0,keeperofdakeys,,,"Besides debugging, would this help though? A corrupt packet is the same as not receiving the (correct) packet at all. It will be retransmitted when no ACK is received. If the problem is ephemeral, it will be resolved on the retransmission. If it&#x27;s not, timing out the connection is the only course of action.",1436611239
31,9869286,comment,9868863.0,9869253.0,0,0,paublyrne,,,"I can&#x27;t criticise you really for not working very hard at a job you hate. If you have a very clear plan for what you will do with the money you are saving to make the your life closer to the way you want it to be, then go for it. Life is very short. Very short. Don&#x27;t waste it living someone else&#x27;s.<p>There was only one period where I was in a job that I truly, utterly, despised. And it was the my manager, more than the work. He was quite passive aggressive, and constantly made condescending remarks about me, my attitude, my work, and would then make silly jokes like we were good friends. When I eventually spoke up about it I was further rebuked.\nI felt trapped. And my health actually suffered. I slept poorly, woke up with anxiety, and one day I burst into tears in the office. As I cried I felt astonished that I was actually crying in front of people, but I couldn&#x27;t stop. The whole thing was surreal. After I left that job I realised that I had been suffering from depression.<p>Of course we need to keep perspective. Most commenters on hacker News live relatively luxurious and privileged lives. Depression in a wealthy country, though, feels the same as depression in a poor one. So pay attention to your mental health.",1436611222
32,9869285,comment,9868935.0,9868935.0,0,0,gone35,,,"Interesting; that&#x27;s indeed an uncommon form of tinnitus. If you are curious, here are some simulated samples[1].<p>Make sure though you set the volume at a comfortable level first, and listen all of them to get a representative idea (the first half are noisy/low-frequency; the second half are of the high-pitched variety, like my own).<p>[1] <a href=""http://www.hearing.nihr.ac.uk/public/auditory-examples-sounds-of-tinnitus"" rel=""nofollow"">http://www.hearing.nihr.ac.uk/public/auditory-examples-sound...</a>",1436611039
33,9869284,comment,9868935.0,9868935.0,0,0,amelius,,,"FWIW, <a href=""http://www.microtransponder.com/?page_id=118"" rel=""nofollow"">http://www.microtransponder.com/?page_id=118</a>",1436610989
34,9869283,comment,9864534.0,9868630.0,0,0,Nexxxeh,,,"Add another piece of hardware. Cheap off-the-shelf Linux-running hardware. A rebadged Netgear router that&#x27;ll run OpenWRT is £7. Worst case, Raspberry Pi is £45 including case, cheap small SD card, PSU and an extra USB Ethernet adapter.",1436610945
35,9869282,comment,9868908.0,9869047.0,0,0,rodgerd,,,"> I realise that this is probably a troll,<p>I&#x27;m afraid that on HN the combination of &quot;Grar guberment&quot;, &quot;I don&#x27;t understand technology more complex than CRUD applications&quot;, and a bonus racial slur merely invoke Poe&#x27;s Law for me.",1436610913
36,9869281,comment,9868352.0,9868687.0,0,0,zamalek,,,"I was going to suggest a convolutional NN, but you&#x27;d need to go through the gruelling task of creating the training corpus.",1436610910
37,9869280,comment,9866755.0,9868686.0,0,0,bluecalm,,,"They could add something like sub-reddit tags: NSFW, offensive, video games, sports, technical etc.<p>Then on r/all NSW/offensive are disabled by default (the same way NSFW is rigth now - you need to change your account settings).<p>Problem solved, FPH will never make it to people who don&#x27;t want to see offensive staff.",1436610851
38,9869279,comment,9868352.0,9868535.0,0,0,UserRights,,,what company? Please ask for the name. Thanks!,1436610851
39,9869278,comment,9869187.0,9869187.0,0,0,noobie,,,"Instructions to turning the warning off can be found here[0].<p>0.<a href=""https://support.google.com/chrome/answer/99020?hl=en"" rel=""nofollow"">https://support.google.com/chrome/answer/99020?hl=en</a>",1436610845
40,9869277,comment,9866755.0,9869073.0,0,0,dvanduzer,,,And... The fact that /r/CoonTown apparently wasn&#x27;t brigading and therefore was left alone for free speech reasons is... not really badly handled?<p>Pick.,1436610811
41,9869276,comment,9869231.0,9869231.0,0,0,pdkl95,,,"<p><pre><code>    # eXpand anything\n    alias xx=&quot;atool -x&quot;   \n</code></pre>\n( <a href=""http://www.nongnu.org/atool/"" rel=""nofollow"">http://www.nongnu.org/atool/</a> )<p>The incredible amount of time this has saved over the years is great, but the real benefit never having remember either inspect archive files for the initial directory or remember to do this dance:<p><pre><code>    % mkdir foo\n    % cd foo\n    % tar zxvf /path/to/bar.tar.gz  # or &quot;unzip foo.zip&quot; or &quot;7x x foo.7z&quot; etc\n    % mv bar-1.2.3 ..\n    % cd ..\n    % rmdir foo</code></pre>",1436610806
42,9869275,comment,9868352.0,9868895.0,0,0,UserRights,,,Would you like to describe what did not work? What was your experience? Please blog about this!,1436610777
43,9869273,comment,9868983.0,9869084.0,0,0,pavelludiq,,,"In Bulgarian it could be translated as &quot;oops! language&quot;. Really, really unfortunate.",1436610708
44,9869272,comment,9864534.0,9864534.0,0,0,ris,,,I think we have a new winner for the stupid and inefficient ways humanity is going to start using its precious infrastructure and resources.<p>Previous holder of the title was spending terawatts of power bitcoin mining.,1436610663
45,9869271,story,,,1,0,arfrank,Final (YC W15) is hiring back-end engineers – Help build our credit card API,https://getfinal.com/jobs/backend/,,1436610625
46,9869270,comment,9868983.0,9869113.0,0,0,igravious,,,"I want to counter your criticism with this:<p>I think having XHTML as a defined type is a stroke of genius, at the risk of hyperbole. No quoting html fragments?! Damn. Wish I&#x27;d thought of that.<p>I&#x27;d say it&#x27;s because of this requirement that they couldn&#x27;t use Javascript. And inventing a new language over JS is problematic. I won&#x27;t even learn coffeescript and that&#x27;s everywhere. You&#x27;re not going to get me to learn Opa, sorry. Maybe they should have made it a very thin preprocessor where you get to inspect the JS...<p>Object Relational Mapping and Object Document/Graph Mapping is fine so long as they&#x27;re not the same mapping :) and so long as you get to inspect the SQL or MongoDB QL...<p>Not sure what you mean by &quot;and MVC on the server doesn&#x27;t make sense anyway in this scenario&quot; We&#x27;re all familiar with MVC scaffolding from Rails by now, aren&#x27;t we?",1436610612
47,9869269,comment,9866613.0,9866613.0,0,0,krylon,,,"> I didn&#x27;t use C99&#x27;s complex number support because -- continuing to follow the approach Handmade Hero -- I intended to port this code directly into SIMD intrinsics.<p>Which makes me wonder - do GCC and/or Clang compile complex arithmetic so SIMD instructions?<p>A couple of years back, I rewrote a mandelbrot renderer from C89 to C99 and used complex numbers, and I noticed that it ran faster afterwards (not dramatically so, but I noticed the difference). I never checked, though, if the compiler emitted SIMD instructions, and sometime since I lost the source code to a faulty hard disk and was too lazy to write another one.",1436610602
48,9869268,comment,9865705.0,9869146.0,0,0,jsmthrowaway,,,"I finally pulled IPv6 resolvers out of my config for this very reason. I was getting 4+ second lookups against both Comcast and Google v6 resolvers even though direct v6 sockets worked instantly; made worse because HSTS apparently makes Chrome put &quot;establishing secure connection&quot; in the status bar while resolving (maybe?), so I ended up down a rabbit hole of identifying reasons for phantom TLS stalls. Finally cut down to just v4 resolvers and it&#x27;s a brand new computer.<p>Glad to know it&#x27;s not just me.",1436610500
49,9869267,comment,9866755.0,9867973.0,0,0,intopieces,,,"But as the comment you&#x27;re replying to said:<p>>Reddit is a private company and so is not obliged to provide a platform for anyone&#x27;s free speech, that also is a facet of freedom.<p>We must be careful not to confuse commercial viability with government censorship. At some point, advertisers will leave a website that continues to foster vitriol/hate speech/illegal content because they do not want their brand associated with it. This is freedom of speech in action.",1436610482
50,9869266,comment,9865705.0,9865705.0,0,0,vidoc,,,"Interesting, now I am not even sure how much credibility can be given to the networking engineers from Apple: we&#x27;re in 2015 and I still need to manually tune the TCP stack of my mac to get decent download speeds!",1436610465
51,9869265,comment,9866755.0,9868819.0,0,0,__Joker,,,"Thoughtful comments.<p>I have thought much on these as common person, neither in an academic setting nor who has to deal with these issue frequently.<p>Lot of time I would argue with myself why can&#x27;t we have everybody have equal rights ? Why we need to specially fight for rights of women and be feminists or to project the issue to broader sense, where we talk or act about any group. Personally I believe that while the ideal case as it should be is equal rights for everybody, the problem is the inequality created by negative discrimination over the ages. It is more like we are trying to correct the wrong doing over the ages by believing that a positive discrimination for the groups would offset the historical prejudice.<p>These are personal thoughts. Please feel free to correct.",1436610382
52,9869263,comment,9866755.0,9868909.0,0,0,dvanduzer,,,"As a long time enthusiast of HN, and not a total shithead based on karma, I don&#x27;t think there was anything hyperbolic in the original comment.<p>What is even slightly out of sorts about comparing Ellen Pao to Paul Graham?",1436610336
53,9869262,comment,9865705.0,9869031.0,0,0,jsmthrowaway,,,They are interchangeable. It doesn&#x27;t mean what you&#x27;re implying.<p>Source: Former Apple employee who has been involved in multiple &quot;which CoreOS?&quot; conversations.,1436610280
54,9869261,comment,9868983.0,9868983.0,0,0,thomasfoster96,,,"A few impressions:<p>- Seems like the language forgot about objects (they seem to be used as collections or namespaces) - which is surprising given it&#x27;s JavaScript underneath.<p>- It also seems like the database functionality is so embedded within the language that using it would sacrifice a lot of control and would become a huge lock-in liability.<p>- Everything is too abstracted. I must admit my first real programming experience was in PHP, and now that I&#x27;ve done a lot of things in Node.js and other languages I really appreciate being able to do some more things at a lower-level of abstraction (PHP ends up being a glorified templating language usually).<p>- Edit: Oh, and <i>please</i> can someone find a way to nicely get rid of these JSX-esque syntax additions and just start using ES6 template strings instead. All these extra compilation steps make things so much more complicated and third-party reliant than they need be.",1436610170
55,9869260,comment,9817351.0,9818485.0,0,0,rcarmo,,,good call on the .PHONY.,1436610146
56,9869259,comment,9864534.0,9865433.0,0,0,oriphinz,,,"Also interested, im adept in most languages and have a bit of experience setting up scalable aws environments. Email in profile",1436610132
57,9869258,comment,9865338.0,9866692.0,0,0,jalfresi,,,"&quot;if you care about interactivity, responsiveness, and general user experience&quot;<p>A simple web page (no-js) in a browser covers these three things to a highly acceptable standard. It&#x27;s when you start to add the other junk that these three become compromised.<p>For example:<p>Interactivity: Hyperlinks work great from HTML 1.0 onwards<p>Responsiveness: Without additional items like JavaScript or even CSS, web pages are incredibly responsive.<p>General User Experience: The basic web page user experience is EXCELLENT for web pages because it is incredibly basic. Even date pickers can consist of 3 select drop downs (or even a text box; there are plenty of human-date-to-ISO-3306 convertors out there)",1436610122
58,9869257,comment,9868613.0,9868613.0,0,0,allard,,,The name of the language doesn&#x27;t appear until the fifth paragraph?!,1436610024
59,9869256,comment,9864451.0,9867730.0,0,0,icebraining,,,You could probably run it in a cygwin shell (after installing curl and ImageMagick).,1436609999
60,9869255,comment,9867897.0,9867897.0,0,0,omarforgotpwd,,,Perhaps our refusal to curb greenhouse gas emissions will come in handy after all,1436609913
61,9869254,comment,9866613.0,9869185.0,0,0,anon4,,,"A quick, very pedantic note - the images don&#x27;t show colouring based on linear distance. The problem is that your monitor works in non-linear colourspace - sRGB, while the image is generated in linear RGB but not converted to sRGB afterwards. If you want to show proper colours, you need to convert the final value from RGB to sRGB. For people writing shaders, here are two handy functions I keep around:<p><pre><code>    vec3 srgb_from_rgb(vec3 rgb) {\n        vec3 a = vec3(0.055, 0.055, 0.055);\n        vec3 ap1 = vec3(1.0, 1.0, 1.0) + a;\n        vec3 g = vec3(2.4, 2.4, 2.4);\n        vec3 ginv = 1.0 / g;\n        vec3 select = step(vec3(0.0031308, 0.0031308, 0.0031308), rgb);\n        vec3 lo = rgb * 12.92;\n        vec3 hi = ap1 * pow(rgb, ginv) - a;\n        return mix(lo, hi, select);\n    }\n\n    vec3 rgb_from_srgb(vec3 srgb) {\n        vec3 a = vec3(0.055, 0.055, 0.055);\n        vec3 ap1 = vec3(1.0, 1.0, 1.0) + a;\n        vec3 g = vec3(2.4, 2.4, 2.4);\n        vec3 select = step(vec3(0.04045, 0.04045, 0.04045), srgb);\n        vec3 lo = srgb / 12.92;\n        vec3 hi = pow((srgb + a) / ap1, g);\n        return mix(lo, hi, select);\n    }\n</code></pre>\nThey don&#x27;t have any measurable performance impact, as far as I can tell.<p>Edit: comparison between non-colourspace-corrected and colourspace-corrected versions of the shadertoy link <a href=""http://www.screenshotcomparison.com/comparison/134695"" rel=""nofollow"">http://www.screenshotcomparison.com/comparison/134695</a>",1436609853
62,9869253,comment,9868863.0,9868863.0,0,0,whataboutthat,,,"Posting anonymously as my usual account would draw suspicion and is probably in all the company firewall logs.<p>This is actually exactly where I am now. Literally on every point. However the company has been a royal shit to me over the years, undermined all of my technical decisions (I am the technial lead on it supposedly) and fragmented the platform into several piles of mess by hiring outsourcers and numerous technical leads. They hire someone, piss them off after they&#x27;ve built a new monolith and they quit leaving a new completely different wheel everyone has to maintain. Now I get used as a scapegoat but the only part that still works properly is the original port from the pile of cack COM and VB mess that my team wrote. Everyone else has moved on now due to the shitty state of things, leaving me the only person who knows how it works. This isn&#x27;t some small thing either, it&#x27;s about 2 million lines of code written over 5 years by a pile of people.<p>You might think I&#x27;m stupid for hanging around but what am I doing? Well I&#x27;m doing what any logical person would do and slacking the fuck off and pocketing all the cash I can and living my life. That&#x27;s how it works at the top of the company.<p>I know this is contraversial for some people but you know what, fuck it. You live once. I wrote 50 lines of code this week, spent two days out on a beach sending the odd email and shifting work elsewhere. Suck it.<p>Inevitably this will come to an abrupt end but I&#x27;m going to make the most of it before it does rather than hang myself by quitting. I have an exit plan that is deployed when it becomes necessary but I&#x27;m making the most of this situation.<p>For reference, the company does nothing ethical or important. All they do is work out how to top slice some cash off another industry by being a monopoly and then cranking the pricing up and locking your data in. And they know it.",1436609804
63,9869252,comment,9867465.0,9869233.0,0,0,YorkshireSeason,,,"Exactly. Here is an implementation of Cantor&#x27;s diagonal method in Agda which is entirely constructive: <a href=""http://www.playingwithpointers.com/agda-cantor.html"" rel=""nofollow"">http://www.playingwithpointers.com/agda-cantor.html</a>",1436609786
64,9869251,comment,9869231.0,9869231.0,0,0,a3n,,,<p><pre><code>  alias l=&#x27;ls -1F&#x27;</code></pre>,1436609785
65,9869250,comment,9867465.0,9869235.0,0,0,jules,,,"I wouldn&#x27;t call that a proper treatment of equality. It is unsatisfactory in several ways: no proper equality on functions (function extensionality), no proper equality on types (univalence), no quotient types (~= HITs), and since refl is the only proof of equality it doesn&#x27;t even make much sense to talk about equality on equalities. More fundamentally the idea that refl is the only proof of equality just doesn&#x27;t sit well in the philosophy of type theory. The whole idea of type theory is that things can have more than one proof and are not &#x27;just true&#x27; as in conventional mathematics.",1436609771
66,9869249,comment,9864455.0,9866058.0,0,0,gfody,,,"OTOH the other visible salaries make nice &quot;comps&quot; for appraising yourself to justify your raise. If you think about it, the usual reason you would want to negotiate a big raise is because you are significantly underpaid in the first place, and that shouldn&#x27;t happen under this scheme as long as you&#x27;re as transparent as the company is with your expectations and only accept what you believe is fair. Furthermore, if someone disagrees with you getting a big bump then maybe they have a point. You might have something to say if somebody two levels below you started posturing for a leadership role and more pay? This way you can&#x27;t just ignore it and say it&#x27;s none of your business - that&#x27;s the kind of behavior this level of transparency discourages. Everyone&#x27;s an owner.<p>You really should be honest with recruiters about your previous salary. Lying about that is more likely to hurt your chances or get you fired down the road - <a href=""http://bucks.blogs.nytimes.com/2010/06/18/is-it-illegal-to-lie-about-your-pay-in-a-job-interview"" rel=""nofollow"">http://bucks.blogs.nytimes.com/2010/06/18/is-it-illegal-to-l...</a><p>You have a good point about it being risky. If any of these people end up making a great deal of money I hope they do more to obfuscate their identities in the public versions. From the looks of it right now they are all massively under market for their roles.. it&#x27;s clear they&#x27;re doing a startup and are taking startup sacrifices. I wouldn&#x27;t worry about any of them being targeted as a filthy rich mark.",1436609769
67,9869248,comment,9866755.0,9868778.0,0,0,bsder,,,> Imagine managing a professional sports team by popular vote --it&#x27;d be nuts.<p>That&#x27;s a really bad example to cite because managers and coaches quite often <i>do</i> get fired when the fans start getting too angry.,1436609679
68,9869247,comment,9866755.0,9867543.0,0,0,thelamest,,,"They used to ruthlessly remove everything without an academic source, however interesting - these days I feel more and more fluff is getting through.",1436609647
69,9869246,comment,9851505.0,9854180.0,0,0,the_why_of_y,,,"Lazy evaluation performs implicit side effects, which in some cases (and with RT as a premise) allows for better asymptotic complexity than eager evaulation.<p>For an example see this paper:<p>&quot;More haste, less speed: lazy versus eager evaluation&quot; by Richard Bird, Geraint Jones, Oege De Moor<p><a href=""http://journals.cambridge.org/action/displayAbstract?aid=44113"" rel=""nofollow"">http://journals.cambridge.org/action/displayAbstract?aid=441...</a><p>ftp://ftp.comlab.ox.ac.uk/pub/Documents/techpapers/Geraint.Jones/FP-1-96.ps.Z",1436609642
70,9869245,comment,9866632.0,9868976.0,0,0,Sammi,,,The whole point of the article is to educate you on the fact that people most often don&#x27;t think of the consequences when doing crime. That&#x27;s partly why punishment works so badly.,1436609579
71,9869244,comment,9866575.0,9866686.0,0,0,natermer,,,">  Can anyone even point to open, independently verifiable evidence that shows that torture yields good human intelligence?<p>No, of course not.<p>The thing that governments find desirable about torture is that you can make anybody say anything.<p>That way you can get &#x27;proof&#x27; to support your systematic (and highly profitable) murder of people around the world.<p>USA&#x27;s various drone program is ~4000 lives and counting!<p>We are now having entire generations of people across the world whose sole experience of the USA is the image they seen on a regular basis as children is USA drones terrorizing their country. Not through television or images on reddit, but in the skies above their home towns.",1436609487
72,9869243,comment,9866755.0,9868144.0,0,0,jsmthrowaway,,,"The special icon was subreddit CSS added most likely by himself. Give me five minutes and a subreddit and I&#x27;ll make your username 72px. The admins didn&#x27;t bless him with a flag at any time.<p>It&#x27;s a common meme that violentacrez was &quot;special,&quot; had some kind of sway with the admins beyond any other moderator, received instruction from the admins that was unique and not the usual ban threats that many subs get in modmail, and so on. Most people who say these things heard it from someone else, because the <i>actual</i> story is that he was barely tolerated. He even says so himself in your linked thread.<p>I don&#x27;t get the elevation of violentacrez to something special. I see it a lot (friendly with the admins! The admins asked him to help with creepshots! it&#x27;s all over this thread) and I don&#x27;t get it. He was a power mod. So are hundreds of others. There are a bunch of Reddit yarns that put the Kubrick lunar landing to shame; some of them are making an appearance in this thread.",1436609403
73,9869242,comment,9867465.0,9869178.0,0,0,igravious,,,"In other words, what you wrote is that every value when negated twice returns to itself. Here&#x27;s a truth table of 3 values for the negation operator<p><pre><code>     v | 0 | 1 | 2\n    --------------\n    ¬v | 1 | 0 | 2\n</code></pre>\nSo ¬¬0 ⇔ 0 and ¬¬1 ⇔ 1 and ¬¬2 ⇔ 2 which satisfies the principle of double negation but not LEM. Correct?",1436609337
74,9869241,comment,9866648.0,9868349.0,0,0,pdkl95,,,"Thee is a change to <i>western</i> society that has been happening, but it is not the zero-privacy dystopia you are advocating for. The west is rather quickly transforming from a guilt bait&#x27;s social norms from the guilt society[1] into a  face (or shame) society[2].<p>> People will stop lying<p>I don&#x27;t[3]. I already have a hard enough time remembering everything, and lies would only add to the crap I have to remember. Please don&#x27;t assume everybody lies OR that &quot;not lying&quot; is anything close to the same set as &quot;no privacy&quot;. Just because I tell the truth doesn&#x27;t mean I don&#x27;t maintain privacy for a variety of reasons.<p>The zero-privacy society you are advocating for has real world consequences to thing like racism, LGBT issues, and the like. Assuming that people wouldn&#x27;t behave in these antisocial ways is delusional at best, because it presupposes that people act anywhere close to rationally. Wore, you have to remember that modern technology means that anything recorded sticks around ~forever. You are advocating for a society where people dig up ancient skeletons in someone&#x27;s close <i>just because they can</i>. This is not hypothetical - an obvious example are the people in ?chan culture where bored teenagers SWAT[4] people &quot;for the lulz&quot;[5] It is laughable to think that that this kind of behavior will magically go away with more cameras.<p>In a society where every mistake you have ever made is recorded and available for critique is a society with extreme risk-avoidance (ass-covering) policies. The closet thing to this totally-open society we have today are the extreme forms of Calvinism (xian strict predestination) and the perverse incentive it creates to cover up and ignore problems.<p>Above all that, though, is the effect a lack of privacy has on <i>experimentation</i> and <i>innovation</i>: when people know they are being watched, they tend to not take risks or do things that make them stand out too much. This isn&#x27;t just a Human behavior, either, as most mammals have similar reactions. You seem to see this effect as a <i>good</i> thing, while ignoring that <i>private experimentation</i> is a key part of how children grow and learn. Even into adulthood a lack of privacy raise stress and other mental health problems.<p>In a few hundred years, if society has learned to handle race, sexuality, poverty, mental health, and many of the other problems that cause the animosity, hatred, and violence we see today, we might be able to consider a are more open society. Until that time, an &quot;open&quot; society has real consequences for a <i>lot</i> of people. If you want to make such a future happen faster, I suggest you spend your efforts on <i>actually trying to fix</i> some of these problems, instead of assuming that everybody lives in a similar situation to your so you can pretend that hatred, racism, sexism, are just &quot;brainwashing&quot; that will magically go away if we could just get a camera into every bedroom.<p>[1] <a href=""https://en.wikipedia.org/wiki/Guilt_society"" rel=""nofollow"">https://en.wikipedia.org/wiki/Guilt_society</a><p>[2] <a href=""https://en.wikipedia.org/wiki/Shame_society"" rel=""nofollow"">https://en.wikipedia.org/wiki/Shame_society</a><p>[3] I will add that while I have never had to test the extreme limits of &quot;not lying&quot;, I have walked away from a job over a &quot;lie or street&quot; situation ( <a href=""http://c2.com/cgi/wiki?LieOrStreet"" rel=""nofollow"">http://c2.com/cgi/wiki?LieOrStreet</a> ).<p>[4] <a href=""https://www.youtube.com/watch?v=TiW-BVPCbZk"" rel=""nofollow"">https://www.youtube.com/watch?v=TiW-BVPCbZk</a><p>[5] <a href=""http://knowyourmeme.com/memes/i-did-it-for-the-lulz"" rel=""nofollow"">http://knowyourmeme.com/memes/i-did-it-for-the-lulz</a>",1436609285
75,9869240,comment,9867397.0,9867397.0,0,0,roel_v,,,We should go back to calling movies &#x27;movie spectaculars&#x27; and TV shows &#x27;TV spectaculars&#x27;.,1436609242
76,9869239,comment,9866648.0,9868101.0,0,0,icebraining,,,"Yeah, look at the bar. Have the guys behind Prenda Law been disbarred yet?",1436609224
77,9869238,comment,9866575.0,9869012.0,0,0,natermer,,,If his threat worked then it doesn&#x27;t mean he is stupid. The people that were stupid were the ones that took it seriously.,1436609210
78,9869237,comment,9866632.0,9868298.0,0,0,Sammi,,,"I like the idea of basic income, but this does not necessarily need to be basic income. Basic income is a small regular payment to every adult no matter if they have a job or not.<p>A system where you just pay those that don&#x27;t have a job a minor income would be enough to stop desperate people from doing desperate things. The reason it makes sense is because the consequences of these desperate acts are more expensive than the payment to stop them from happening",1436609123
79,9869236,comment,9866726.0,9866726.0,0,0,fla,,,"This guy [1] made an interactive streaming version.<p>It&#x27;s a live feedback loop stream where you can suggest words to influence the dream.<p>Running on Twitch [2] Very cool.<p>[1] <a href=""https://317070.github.io/Dream/"" rel=""nofollow"">https://317070.github.io/Dream/</a><p>[2] <a href=""http://www.twitch.tv/317070"" rel=""nofollow"">http://www.twitch.tv/317070</a>",1436609106
80,9869235,comment,9867465.0,9869186.0,0,0,YorkshireSeason,,,"It is wrong to say that it&#x27;s key novelty is that &quot;Homotopy type theory: extends type theory with proofs of equality in a proper way&quot;.  This was done already with Martin Lof&#x27;s type theory, as used in e.g. Agda. Homotopy type theory adds univalence!",1436609042
81,9869234,comment,9868983.0,9868983.0,0,0,mhaberl,,,"It looks like you put some serious work into this project but I do not really like the end result.. somehow it reminds me of 90&#x27;s PHP code.\nbtw great docs, installation instructions and the landing page",1436609029
82,9869233,comment,9867465.0,9869205.0,0,0,jules,,,"Even though there isn&#x27;t a constructive method of generating uncountable sequences, that doesn&#x27;t mean that this also assumed from within the logic. In conventional mathematics you can also only write down countably many sequences, but the space of all sequences is still uncountable. We don&#x27;t assume that the set of all sequences is the set of sequences which we can actually define. Similarly in constructive mathematics we don&#x27;t say that ALL sequences are generated by some computer program, just that YOU are only allowed to generate sequences in that way.<p>So this doesn&#x27;t contradict in any way that Cantor&#x27;s proof is constructive (which contrary to that wikipedia article, it most definitely is).",1436608999
83,9869232,comment,9861328.0,9865643.0,0,0,th0br0,,,"In that case, this is probably quicker:<p><pre><code>  for(var i in gamePage.resPool.resources) { gamePage.resPool.resources[i].value = 100000000; }</code></pre>",1436608995
84,9869231,story,,,38,73,yanis_t,Ask HN: Share your favourite bash/zsh aliases,,I&#x27;ll start by adding the most essential.<p>alias o=&quot;open&quot;<p>alias x=&quot;exit&quot;<p>alias g=&quot;git&quot;<p>alias gs=&#x27;git status&#x27;<p>alias gd=&#x27;git diff&#x27;<p>alias g-=&#x27;git checkout -&#x27;<p>alias serve=&#x27;python -m SimpleHTTPServer 8000&#x27;<p>alias mem=&#x27;top -l1 | grep PhysMem&#x27;,1436608975
85,9869230,comment,9866632.0,9868298.0,0,0,swombat,,,"It&#x27;s <i>part</i> of the idea behind basic income. There are two major angles I think: economic and moral.<p>Economically, there are a lot of costs that are taken out of the system if we implement basic income, everything from means-tested support (the means testing is very expensive and prone to fraud, etc), to crime that you mention, to the terrible and yet unmeasured opportunity cost of still having the majority of the population working in jobs they hate but need to survive. Imagine a world where everyone is working on something they&#x27;ve chosen to do, which they can feel passionate about (and yes, I do believe people can feel passionate about any job that has a useful purpose, including picking up trash, cleaning the streets, and all those other currently low-status jobs).<p>The moral side is equally important, though. We live in a society where we don&#x27;t need everyone to work, not even close. A great many people today work in jobs whose only purpose is to exist as jobs, which don&#x27;t actually have a net benefit to society other than keeping people out of unemployment. Many others are unable to contribute to society because their skills are not in demand, thanks to automation, outsourcing, etc. Those people are currently made to feel morally guilty for not working, their self-worth as human beings is attacked, debased. This is fundamentally wrong, and is the major challenge of our generation: transforming from a society that liberally distributes shame to people who are not in a position to work for money, to a society that accepts that paid work is just one of the activities a human being might partake in in their life, and neither necessary nor the highest.<p>If we fail at this challenge, the cost will be unrest, perhaps revolution, probably a regression in the progress of mankind.<p>We have a tough few decades ahead.",1436608957
86,9869229,comment,9868352.0,9868352.0,0,0,zitterbewegung,,,Look there is no 100% way to keep child pornography off of your site. The only way to attempt to prevent it is have a reporting button on all images and pay someone to go through the moderation or have an automated system that flags images and removes them for you.,1436608948
87,9869228,comment,9868908.0,9869223.0,0,0,Keyframe,,,"Similar <a href=""https://en.wikipedia.org/wiki/Saturn%27s_hexagon"" rel=""nofollow"">https://en.wikipedia.org/wiki/Saturn%27s_hexagon</a>",1436608922
88,9869227,comment,9868908.0,9869223.0,0,0,Tloewald,,,"If I squint, I kind of see two or three hexagonal shapes (or implied shapes), but right now it&#x27;s little more than a Rorschach test. Let&#x27;s wait until we get some better images.",1436608919
89,9869226,comment,9868983.0,9869084.0,0,0,KMag,,,"&quot;Opa&quot; is very easy to learn to pronounce, and not surprisingly is used in many languages to get the attention of some of the more important people a young child may need help from.  Many many languages use ma and pa/ba for parents, and I&#x27;m not surprised that opa is used for other relatives by many languages.<p>I&#x27;m not Korean, but my understanding is one reading might be &quot;Mister Language&quot;.  Several of my Korean friends address me as &quot;Karl Oppa&quot; or just &quot;Oppa&quot;.  (Yes, &quot;opa&quot; isn&#x27;t the standard Romanization, and the word order isn&#x27;t correct.)<p>In Korean &quot;oppa&quot; is the word for older brother used by a younger sister, and by extension, an honorific used by a younger woman to show respect for an older man.  (When my Korean friends meet someone new, they quickly figure out who&#x27;s older, even by just one year, in order to figure out who&#x27;s supposed to use the honorific addresses.)<p>Imagine if in English, we only used Mr. and Ms. when talking to someone who&#x27;s chronologically older, and had different forms depending on if the speaker is male or female, and furthermore it was considered very rude not to use the title where appropriate.  Oppa is kind of the word for &quot;mister&quot; used by women, but is mandatory in many more cases than would be expected in English.",1436608830
90,9869225,comment,9868908.0,9868998.0,0,0,dEnigma,,,"If you&#x27;re actually interested in pictures produced by the current Mars rover, I can recommend the interactive New York Times website dedicated to its progress[1]<p>[1]<a href=""http://www.nytimes.com/interactive/science/space/mars-curiosity-rover-tracker.html?_r=0#"" rel=""nofollow"">http://www.nytimes.com/interactive/science/space/mars-curios...</a>",1436608824
