,col0,col1,col2,col3,col4,col5,col6,col7,col8,col9,col10
0,2502922,story,,,1,0,erikb,This Guy Traded Up A Red Paper Clip For A House,http://oneredpaperclip.blogspot.com/,,1304251167
1,2502921,story,,,2,1,ssclafani,AMD releases new Catalyst drivers for Win 7 Firefox 4 users,http://www.zdnet.com/blog/hardware/win-7-firefox-4-users-take-note-amd-releases-new-catalyst-drivers/12568,,1304251156
2,2502920,comment,2500427.0,2501994.0,1,0,beaumartinez,,,"In this case (Python's collections.Counter[1]), the argument doesn't do what you suggest: you don't return the most common out of the first <i>n</i> items, you return the <i>n</i> most common items.<p>I don't know anything of the specifics of partial sorting but if the argument did what you suggest I'd guess the code would have a line like:<p><pre><code>    # Deal only with the first n items.\n    items = items[:n]\n</code></pre>\nAs it would make the code much simpler (quoting from The Zen Of Python, ""special cases aren't special enough to break the rules""we don't <i>need</i> a partial sort).<p>[1] <a href=""http://docs.python.org/library/collections.html#counter-objects"" rel=""nofollow"">http://docs.python.org/library/collections.html#counter-obje...</a>",1304251151
3,2502919,comment,2502173.0,2502887.0,5,0,aristidb,,,"The syntax elements that you struggled with are explained here: <a href=""http://learnyouahaskell.com/functors-applicative-functors-and-monoids"" rel=""nofollow"">http://learnyouahaskell.com/functors-applicative-functors-an...</a><p>They are so incredibly general that you can use them in a lot of places, so the investment to learn their meaning pays off quickly. Learn You A Haskell actually explains them _before_ explaining Monads.",1304251147
4,2502918,comment,2500859.0,2500859.0,2,0,nickik,,,I'm not really intressted in the Python interpreter that pypy is but the other part pypy (the toolchain) is maybe the best thing since sliced bread.<p>I have the plan to start working on the scheme implmentation.<p>The thing I don't really like about the project is that it has one name for two things. I can understand how that came about historicly but I think the should make two names out of it.,1304251080
5,2502917,comment,2502567.0,2502890.0,8,0,jacques_chester,,,"It's not as though we in the Commonwealth spell ""Flickr"" as ""Flickur"", you know.",1304251016
6,2502916,comment,2502567.0,2502704.0,4,0,davidw,,,"> French speaking nations<p>OTOH, ""color"" is better for Spanish speaking countries.",1304250982
7,2502915,story,,,3,0,sebkomianos,UnderstandingSociety: The math of social networks,http://understandingsociety.blogspot.com/2011/04/math-of-social-networks.html,,1304250945
8,2502914,story,,,1,0,yousafkh,Need For Speed: THe Run [Teaser Trailer Video],http://itechvision.blogspot.com/2011/05/new-need-for-speed-run-announced.html,,1304250846
9,2502913,comment,2502173.0,2502173.0,9,0,Peaker,,,"The content of Fun is actually the type:  Context -> Value -> (Context, Value).<p>If you flip the arguments, you get: Value -> Context -> (Context, Value).  The (Context -> (Context, Value)) is actually the State type:<p><pre><code>    State s a = s -> (s, a)\n</code></pre>\nI modified your code to use this type. During the process, I encountered some peculiar things (and factored out some things), see comments in code.<p><a href=""https://gist.github.com/950445"" rel=""nofollow"">https://gist.github.com/950445</a><p>Funny that it turns out slightly longer when re-using more code due to syntactic artifacts. Monad comprehensions (recently restored to GHC via an extension) would resolve that.",1304250793
10,2502912,comment,2502791.0,2502853.0,2,0,pm,,,The CEO of which region of Sony? I don't expect an apology is coming from the American or European regions anytime soon.  At least the Japanese region's reaction jibes with the Japanese way of doing business.,1304250709
11,2502911,comment,2501463.0,2501463.0,1,0,known,,,Optimizing == Customizing as per your business needs,1304250396
12,2502910,story,,,1,1,00joe,"AT&T/T-mobile Merger, submit your comments to the FCC, proceeding number 11-65",http://fjallfoss.fcc.gov/ecfs/hotdocket/list,,1304250266
13,2502909,story,,,2,0,callumjones,Newspapers 2.0,http://callumj.com/post/newspapers-20.html,,1304250212
14,2502908,story,,,1,0,saher-team,New Delphi PRISM -   ,http://www.saher-team.com/saher/showthread.php?p=1153#post1153,,1304250136
15,2502907,comment,2491725.0,2502876.0,2,0,bulknews,,,"> while (my $req = CGI::Fast->new) { myApp->run($req); }\n> Is there a handler/wrapper for that?<p>Assuming that while loop is in your bootstrap FastCGI script, you can instead have an app.psgi (or whatever named) file with the content:<p><pre><code>    use CGI::PSGI;\n    my $app = sub { my $req = CGI::PSGI->new(shift); myApp->run_psgi($req) };\n</code></pre>\nNow your new `run_psgi()` method should return the [ $status, $headers, $body ] array reference, instead of printing them to the STDOUT. And then the app.psgi can be run from CGI, FastCGI, mod_perl, Starman, Twiggy or whatever PSGI supported web servers.<p>For most web frameworks, the change should be minimal and straightforward: for example, CGI::Application needed less than 10 lines of code to implement this.\n<a href=""http://search.cpan.org/~markstos/CGI-Application-PSGI-1.00/"" rel=""nofollow"">http://search.cpan.org/~markstos/CGI-Application-PSGI-1.00/</a><p>(I implemented the original code, and markstos, the maintainer of CGI.pm and CGIApp now took it over. As you can see there's a small hack to capture the output - they're working on removing this hack by implementing the PSGI natively inside the CGIApp codebase)<p>>  WebGUI discovered FastCGI via a PSGI implementation but it's FastCGI who brought the speed,<p>No, they got a performance boost with our preforking standalone HTTP server, which is currently called Starman, not just FastCGI.<p>Speaking of FastCGI, although Plack has a FCGI.pm-based FastCGI handler, i've been working on another FastCGI based preforking PSGI server called fastpass. <a href=""https://github.com/miyagawa/fastpass"" rel=""nofollow"">https://github.com/miyagawa/fastpass</a><p>It is XS dependency free (unlike FCGI.pm and CGI::Fast) and the performance is still the same with FCGI.pm, roughly like 4000 requests per second on my laptop, with a simple HelloWorld app via an nginx frontend. I guess we could do even better by doing optional XS parsing with pure perl fallback as well.<p>FWIW for a comparison, with Starman I get 7k and Feersum gets 9k requests per second on the same machine. (Of course the number is not <i>that</i> significant since in the real world, your application does more IOs, templating stuff and database handling, and the qps would be much smaller)<p>Again, the nice thing about all of these things is that your code, and everyone else's code, don't need any line of code change to support this new server, once you get PSGI.<p>> In the meantime, I will try to play with it on my spare time. I guess it will be the easiest way to discover what I might be missing...<p>I'm pretty sure you will :)",1304250124
16,2502906,comment,2501560.0,2501560.0,1,0,known,,,Learn how to accommodate/appreciate adverse/diverse people.,1304250121
17,2502905,comment,2502445.0,2502445.0,1,0,bbaugh,,,"Apparently you also didn't read the article to the end where the author says:\n""Critics of the dollar are having a field day. But when I think about our current monetary arrangements, I am inclined to paraphrase Winston Churchill on democracy: Ours is the worst possible system, except for all the others.""<p>Thus I would read the OPINION piece as a discussion of how one could have a US without a Dollar, NOT a piece espousing this as the way to go.",1304250099
18,2502904,comment,2502623.0,2502810.0,1,0,petercooper,,,"Nope, Julian was right the first time. Entrepreneur's relief was increased to 10m (from 5m) at the last budget: <a href=""http://citywire.co.uk/new-model-adviser/budget-2011-entrepreneurs-relief-lifetime-limit-doubled-to-10m/a481231"" rel=""nofollow"">http://citywire.co.uk/new-model-adviser/budget-2011-entrepre...</a><p>A lot of what's on HMRC's own site is, sadly, stale or poorly dated.",1304250097
19,2502903,comment,2502623.0,2502810.0,3,0,petercooper,,,"Nope, Julian was right the first time. Entrepreneur's relief was increased to 10m (from 5m) at the last budget: <a href=""http://citywire.co.uk/new-model-adviser/budget-2011-entrepreneurs-relief-lifetime-limit-doubled-to-10m/a481231"" rel=""nofollow"">http://citywire.co.uk/new-model-adviser/budget-2011-entrepre...</a><p>A lot of what's on HMRC's own site is, sadly, stale or poorly dated.",1304250048
20,2502902,comment,2501793.0,2501895.0,2,0,edu,,,"Yes, basically that's the unwritten rule. For example in Spanish we've a saying ""quien calla, otorga"" that translates directly to ""silence implies/gives consent"".",1304250031
21,2502901,comment,2502663.0,2502803.0,1,0,zmmmmm,,,"Yes.  While the LHS version has some obvious issues & glitches I found the inconsistent fonts on the right to be annoying and so small that they deemphasized important information such as the times of classes.  Some of the removed formating changed the meaning to me - eg: putting ""PLEASE COME AND VISIT"" in upper case and bold may be tacky but it really emphasizes one of the most important ""calls to action"" on the flyer.  I really couldn't decide which one I liked better at the start.",1304249969
22,2502900,story,,,2,0,shawndumas,Amazon's lengthy cloud outage shows the danger of complexity,http://arstechnica.com/business/news/2011/04/amazons-lengthy-cloud-outage-shows-the-danger-of-complexity.ars,,1304249873
23,2502899,comment,2501793.0,2502363.0,3,0,mdaniel,,,"This attitude comes up again and again when PayPal is in the news for doing something (ignorant/unpopular), but those who utter such statements fail to understand the power of the network effect.<p>If you wish to buy something and the seller only accepts PayPal, then good luck with your boycott. In my experience, the larger the retailer, the more infinitesimal the chance that they will ""listen to reason"" and consider accepting an alternate form of payment.<p>Oh, and did I mention eBay has this affinity for PayPal?",1304249836
24,2502898,comment,2502826.0,2502826.0,1,0,code,,,"Install all that and your browser is gonna crawl like a snail. Only some are worth having, the rest you can live without.",1304249827
25,2502897,comment,2501160.0,2502894.0,1,0,StavrosK,,,Are you saying you can somehow sum numbers without reading all of them?,1304249795
26,2502896,story,,,102,8,worldvoyageur,First Time vs Serial Entrepreneurs,http://www.avc.com/a_vc/2011/05/first-time-vs-serial-entrepreneurs.html,,1304249750
27,2502895,comment,2502784.0,2502784.0,4,0,beaumartinez,,,"Why have you called this ""Crush Notifier"" in the submission? It doesn't call itself that <i>anywhere</i> on the page. It's confusing (the original Crush Notifier[1] was on HN a few weeks ago).<p>[1] <a href=""http://www.crushnotifier.com/"" rel=""nofollow"">http://www.crushnotifier.com/</a>",1304249652
28,2502894,comment,2501160.0,2502753.0,1,0,barrkel,,,"It depends on the commutitvity and associativity of your aggregation operator. With sufficient parallelism,  aggregation may also be logarithmic.",1304249644
29,2502893,comment,2501659.0,2501670.0,2,0,jinushaun,,,"Don't forget that half of downtown Seattle will sink into Puget Sound!<p>I think the West Coast ranks so highly only because earthquakes are so rare. Unlike hurricanes and tornadoes, which seem to claim lives every year in the US.",1304249587
30,2502892,story,,,2,1,dpkendal,Ask HN: Help with programming language design and implementation.,,"I've implemented a very basic Lisp-y programming language, but there are some things which I'm not sure about how to fix/implement.<p>I'm happy with my parser, but the evaluation part is very buggy and in some cases unusable. I'd really like to end up with a usable programming language at the end but I've realised that I'm a bit out of my depth, both in debugging and implementing some features I'd like (continuations being a main example.)<p>Please recommend some sources for help in avoiding common pitfalls and implementing languages. (If anyone with experience wants to help me, also, that would be especially great.)",1304249553
31,2502891,comment,2502456.0,2502456.0,1,0,balu,,,This is awesome. I recently played around with riak and thought about using it in a project. What I really appreciate is the simple key-value interface that riak exposes while staying away from assumptions about your data.<p>It would be awesome if we now could implement strong guarantees like uniqueness using riak_zab in a distributed manner.,1304249504
32,2502890,comment,2502567.0,2502728.0,4,0,jasonkester,,,Flickr?,1304249480
33,2502889,comment,2502623.0,2502690.0,1,0,SriniK,,,"Where are you located? If you are in sv, there are quite a few folks who deal with this kinda stuff on a daily basis. I would definitely take help from them. Even if the acq is small amount, most of them do help you verbally on a good faith basis for repeated business from you.<p>Have you received the LOI yet? <a href=""http://en.wikipedia.org/wiki/Letter_of_intent"" rel=""nofollow"">http://en.wikipedia.org/wiki/Letter_of_intent</a> Good luck.",1304249451
34,2502888,comment,2502103.0,2502723.0,2,0,zoul,,,What would you rather write iOS/Mac applications in if not Objective-C?,1304249426
35,2502887,comment,2502173.0,2502520.0,7,0,snprbob86,,,"I'm familiar with parser combinators, but not the Attoparsec or other libraries. Furthermore, I have limited Haskel experience, so I'm struggling to read this. In particular, the use of symbols and overall terseness are hard to get through. I'm also really uncomfortable with the order of operations of all these operators.<p>Now, I know that Hoogle exists, so I'm able to look these things up, but it's pretty tough to untangle. Particularly when searching for<p><pre><code>  *>\n</code></pre>\nI found something that reads ""This module describes a structure intermediate between a functor and a monad: it provides pure expressions and sequencing, but no binding. (Technically, a strong lax monoidal functor.)"" Which is so full of jargon, my head hurts. And I even know what most of that jargon means!<p>So as far as I can tell, here's what's going on....<p><pre><code>  Foo <$>\n</code></pre>\nDefines a grammar production using the left argument as a constructor on the matched value of the right argument.<p><pre><code>  <|>\n</code></pre>\nSeparates productions as alternatives; in a PEG Grammer style. Both the <$> and <|> operators combine functions to result in a big master function that takes input and has the result type that is the big `one of A, B, C` algebraic type that is defined earlier: ""Value"".<p><pre><code>  char8\n</code></pre>\nMatches a literal character (passed as an argument).<p><pre><code>  char8 '(' *>\n</code></pre>\nReads a parenthesis and throws it out of the result set. Similar for the close parenthesis later on.<p><pre><code>  takeWhile1 isSpace_w8\n</code></pre>\nProduces a parser that consumes whitespace.<p><pre><code>  sepBy value (takeWhile1 isSpace_w8)\n</code></pre>\nCombines to produce a parser which reads a list of values (recursive here) and presumably eliminates the separators from the result.<p><pre><code>  takeWhile1 isDigit_w8\n</code></pre>\nSimilar story, reads an integer.<p><pre><code>  Number . fst . fromJust . B.readInteger\n</code></pre>\nIs a composed constructor that may or may not parse an integer, forcibly assumes it will succeed to parse one (which we know because we're reading digits). That integer parse stops when it hits a non-digit, and the unconsumed characters are returned as the second element of a tuple, so we call fst to take the first element of the tuple, discarding the unread characters (the main parser will consume those).<p><pre><code>  takeWhile1 (inClass ""A-Za-z\\-"")\n</code></pre>\nSimilar story again to the whitespace and numbers.<p>OK, yeah, so.... amazing. Incredibly brilliant little bit of code. But holy hell was that tough to read. And I have no idea if I'd be able to write it in only a few hours. I'm far from certain I'd ever learn to write it as fast or faster than something more verbose.<p>Please let me know if I've misunderstood something....",1304249401
36,2502886,story,,,1,0,zeferinorogelio,Audi All Road Quattro Turbo,http://www.turbochargerpros.com/turboparts/Audi/Allroad_Quattro/Turbocharger.html,All our car parts are tested for the quality to meet the industry standards and hence you can be assured of the best parts for your Audi All Road Quattro Turbo.,1304249324
37,2502884,comment,2501879.0,2501879.0,1,0,jinushaun,,,"Twisted.<p>I'm pragmatic and at the end of the day, it's really all about the product, not the technology. I'd rather spend time iterating on a compelling product and optimizing the user experience, than spend my time on being cutting edge for the sake of being cutting edge. From everything I've read so far about Node.js, it's not ""time to market"" versus ""solid foundation,"" but ""time to market"" versus ""figuring out how to do it with Node."" It's an immature platform that is a moving target and the community is still trying to figure itself out.",1304249040
38,2502883,comment,2502103.0,2502854.0,13,0,schrototo,,,"> Obj-C went with Smalltalk syntax, while the rest of the world went with C++ syntax and ultimately the Java style syntax we know and love today.<p>It's more than just a syntactic difference. Objective-C implements true <i>message passing</i> which is not the same as ""method calling"". You can send messages to a nil object, or have an object dynamically respond at runtime to a message it didn't declare at compile time etc.<p>Some seem to think the brackets are just some kind of whimsy, but it's important that sending a message is not to be confused with calling a function.",1304248984
39,2502882,comment,2501713.0,2501770.0,-1,0,nametoremember,,,Thanks!,1304248750
40,2502881,comment,2502784.0,2502865.0,1,0,Void_,,,How is that evil. Better to end things now than get married have children and get a divorce after two years.,1304248588
41,2502880,comment,2502623.0,2502797.0,2,0,javert,,,"(a) I'm getting a raw deal; I'm putting into taxes far, far more than I get back in ""benefits.""<p>(b) And, any system that sacrifices some people to others is barbaric, and ought to be ended.<p>To elaborate on (b):<p>The whole point of the rule of law (civilization) is to make it so that nobody can take what's mine from me by force, which is the very definition of barbarism (the state of nature).<p>Yes, we need government force to protect us from arbitrary force (the state of nature), but it should not go beyond the minimal necessary application of force. It should not tax me for other people's education, for example. Let them pay it back once they get jobs. The market works in every sector where we've tried it.<p>If I have <i>any</i> duty, it's to oppose continuing such a barbaric system.",1304248563
42,2502879,comment,2502103.0,2502353.0,3,0,Flow,,,"I thought the block syntax was an extension of C, not a part of Obj-C/Cocoa runtime.",1304248558
43,2502878,story,,,2,0,ippisl,Crowdsourcing services landscape,http://crowdsourcingresults.com/images/CrowdsourcingLandscape_v1.jpg,,1304248515
44,2502877,comment,2502785.0,2502785.0,4,0,nrbafna,,,"someone recently posted this on HN, colorapi.com... generated color palettes from flickr image search.<p>also uses node.js :-)",1304248383
45,2502876,comment,2491725.0,2502679.0,1,0,bbbbbbbbb,,,"> That said, a doc patch is always welcome - on github fork or via RT.<p>I would like to but I need to understand how this works to provide any patch whatsoever.\nWhat about porting a CGI::Fast application into the PSGI stack then?<p>while (my $req = CGI::Fast->new) {\n       myApp->run($req);\n}<p>Is there a handler/wrapper for that?<p>I've read all the articles but it did not help much.\nWebGUI discovered FastCGI via a PSGI implementation but \nit's FastCGI who brought the speed, not PSGI per se.\nSo it brings me back to my point...<p>> think Apache + FastCGI + CGI::Fast is the best thing in the world and you absolutely need nothing else<p>I think FastCGI was there to solve indeed a problem and did quite well at doing so. It could be Apache/Nginx/IIS + FastCGI&CGI::Fast, it would work too (Apache/IIS is from experience but Nginx is just an educated guess).<p>I've decided a long time ago that I will never go the mod_perl way (or at least, will not use their low level access API) then switched to FastCGI and been happy since then.<p>I still don't get it but perhaps one day it will hit me.\nI guess when somebody will bring a ""Middleware"" \nthat will meet a need.<p>In the meantime, I will try to play with it on my spare time. I guess it will be the easiest way to discover what I might be missing...<p>If DotCloud does not offer this infrastructure(Nginx+FastCGI), it's ok, I still can use our actual providers and it will work (exactly the WebGUI article example for cheap providers!)<p>Thank you for your time!",1304248334
46,2502875,comment,2502785.0,2502785.0,3,0,wahnfrieden,,,"I'm not totally happy with any I've tried yet (they all have some glaring UI annoyances) but <a href=""http://colorschemedesigner.com/"" rel=""nofollow"">http://colorschemedesigner.com/</a> has been pretty useful for me.",1304248296
47,2502874,comment,2502681.0,2502757.0,1,0,nametoremember,,,Awesome. Can you tell us about it?,1304248292
48,2502873,comment,2502103.0,2502852.0,3,0,cageface,,,"I think it would be difficult. You'd have to get both runtime libraries to play nicely together, but the point is that Obj-C, while quite nice for UI work, isn't good at this kind of thing.",1304248278
49,2502872,comment,2501912.0,2502132.0,1,0,the-kenny,,,Someone could man-in-the-middle the local wireless lan or spy out your passphrase.,1304248183
50,2502870,comment,2501270.0,2502415.0,2,0,kmfrk,,,"There's basically no way of knowing of knowing it, so you're excused. :)",1304248117
51,2502869,comment,2502663.0,2502802.0,2,0,d0m,,,"Clean in the sens: ""Clean is better than an mess"". The article seems to be written for non-designers who know practically nothing about design. And for them, clean is something great; it means they can effectively represent their ideas.",1304248100
52,2502868,story,,,1,0,abahdodi,Ver La Reina del Sur Capitulo 43,http://obat-patah-hati.blogspot.com/2011/04/ver-la-reina-del-sur-capitulo-43.html,"Ver La Reina del Sur Capitulo 43: La Reina del Sur telenovela, starring Kate del Castillo, Humberto Zurita, Rafael Amaya, Ivn Snchez, and Cristina UrgelLa on this night into episode 43.",1304248064
53,2502867,story,,,3,0,franze,How Food Explains the World,"http://www.foreignpolicy.com/articles/2011/04/25/how_food_explains_the_world?page=0,0",,1304248030
54,2502866,comment,2502018.0,2502342.0,1,0,jinushaun,,,This article seems to pop up on HN pretty often.,1304248023
55,2502865,comment,2502784.0,2502850.0,1,0,latch,,,"the website can probably be used for evil...I was thinking you could send a crush notification to your spouse, name 5 of his/her coworkers, and see if he/she tells you about it...",1304247980
56,2502864,comment,2500082.0,2501781.0,0,0,gtirloni,,,"""2 year FULL TIME TEMPORARY""<p>ROFL. Someone has a pretty loose definition of ""temporary"".",1304247960
57,2502863,comment,2500040.0,2500092.0,1,0,drdaeman,,,"> I did check out the source and was... not impressed.<p>Could you please tell us some of your thoughts in more details?<p>(I've cloned a repo, read a bit, but as I've never used Ruby/Rails I just couldn't get any opinion on the code quality)",1304247956
58,2502862,comment,2502018.0,2502092.0,1,0,ippisl,,,"I agree, if you build something great, you can always hire someone later to optimize the code.<p>But programming productivity(one way of defining a better programmer) gives one the ability to try many things to see what is better. This is really an important part of achieving a great product design, even if you are a great product designer.",1304247954
59,2502861,story,,,4,0,dhotson,What is the all-time greatest failed Internet startup?,http://www.quora.com/What-is-the-all-time-greatest-failed-Internet-startup?srid=gT7,,1304247915
60,2502860,comment,2502103.0,2502248.0,2,0,jaes,,,why not just smalltalk? or f-script with inline C? either of these would really just be a more convenient syntax for most of the higher level code written now anyway (given my experience). the runtime is sufficiently flexible that a simple change in syntax with a friendlier IDE would get many people raving about how great the platform is in much the same way as those experienced with it do now.,1304247820
61,2502859,comment,2502784.0,2502837.0,2,0,StavrosK,,,"Ah, weekend projects are fun, and this is no exception (plus it blew up once, so...). It's just that there have been a few in the past few weeks :P",1304247725
62,2502857,story,,,37,8,lionhearted,Deadlines Forces Creativity,http://www.ajkesslerblog.com/deadlines-force-creativity/,,1304247674
63,2502856,comment,2501677.0,2501677.0,1,0,ggchappell,,,"> Why? According to the scientists, the color blue automatically triggers associations with openness and sky, while red makes us think of danger and stop signs. (Such associations are culturally mediated, of course; Chinese, for instance, tend to associate red with prosperity and good luck.)<p>Let's understand that, while the article discusses scientific studies, the above explanations are merely guesses. I would suggest something different: red stands out so much to the human visual system because it is the color of two very important things that did <i>not</i> originate as culturally mediated associations: (1) blood, and (2) many kinds of ripe fruit. I leave it to the reader to speculate how this might translate into accuracy and attention to detail.",1304247669
64,2502855,comment,2502681.0,2502681.0,3,0,Sujan,,,"Whatever your goal with this question is, keep in mind: \nAge ist not an achievement.",1304247631
65,2502854,comment,2502103.0,2502103.0,9,0,jinushaun,,,"Based on the comments, seems like most people's objections of Objective-C are really objections about C: header files, manual memory management, function pointers, strong type system, too low level, no native string object, etc. I grew up with C, so learning Objective-C took maybe 10 minutes because it's basically C with some extra syntax for OOP. In general, one only encounters the ""strange"" syntax when dealing with methods. I personally love the method syntax because it's basically self documenting.<p>Which leads me to wonder, how many programmers both on HN and in general know C? I'm too young to already be a dinosaur in this industry... Where did all the C programmers go? Seems like programmers nowadays started learning how to code with Java or Ruby/Python and expect all other languages to be just as high level. Objective-C <i>is</i> low level, which makes it harder, but doesn't make it suck.<p>As a language, I think Objective-C is a fine one, but I must admit that it is a ""dinosaur"". The real problem is OOP paradigm. Remember, back in the late 70s and early 80s, OOP was new and exciting and C was the dominant language. People were trying to figure out what OOP <i>should</i> look like and how to make C more OO. NextStep (Apple) just happened to bet on the wrong horse. Obj-C went with Smalltalk syntax, while the rest of the world went with C++ syntax and ultimately the Java style syntax we know and love today.Seems like some developers can't wrap their heads around a non-Java syntax for OOP.<p>All that said, Objective-C survives only because Apple hasn't chosen another language to replace it for Mac and iOS programming.",1304247625
66,2502853,comment,2502791.0,2502791.0,2,0,kaerast,,,But clearly this isn't important enough for the CEO to get involved with.,1304247614
67,2502852,comment,2502103.0,2502822.0,2,0,schrototo,,,"I don't have any experience with this, but shouldn't it be possible to compile Haskell code into a static library?",1304247611
