,col0,col1,col2,col3,col4,col5
0,"com.google.javascript.jscomp.graph.LinkedDirectedGraph#DiGraphNode<N,E>#createDirectedGraphNode#?,N#135",0.0,0.0,0.0,node == null,_
1,com.google.javascript.jscomp.NodeTraversal#void#popScope#?#543,0.0,0.0,0.0,!(scopeCallback != null),_
2,"com.google.javascript.jscomp.LinkedFlowScope#?#LinkedFlowScope#?,FlatFlowScopeCache,LinkedFlowScope#65",0.0,0.0,0.0,!(directParent == null),_
3,"com.google.javascript.jscomp.NodeUtil#JSDocInfo#getFunctionInfo#?,Node#2719",0.0,0.0,0.0,parent.getType() == Token.ASSIGN,_
4,"com.google.javascript.jscomp.TypedScopeCreator$AbstractScopeBuilder#void#checkForClassDefiningCalls#?,NodeTraversal,Node,Node#1203",0.0,0.0,0.0,!(objectLiteralCast != null),_
5,"com.google.javascript.rhino.Node#PropListItem#lookupProperty#?,int#742",0.0,0.0,0.0,x != null && propType != x.type,_
6,"com.google.javascript.rhino.jstype.FunctionType#JSType#getPropertyType#?,String#406",0.0,0.0,0.0,"!(""apply"".equals(name))",_
7,"com.google.javascript.rhino.jstype.JSType#boolean#isEquivalentTo#?,JSType#328",0.0,0.0,0.0,!(jsType instanceof ProxyObjectType),_
8,"com.google.javascript.rhino.jstype.JSTypeRegistry#JSType#getType#?,StaticScope<JSType>,String,String,int,int#851",0.0,0.0,0.0,!(type == null),_
9,"com.google.javascript.jscomp.TypeCheck#void#checkNoTypeCheckSection#?,Node,boolean#390",0.0,0.0,0.0,!(info != null && info.isNoTypeCheck()),_
10,"com.google.javascript.jscomp.parsing.IRFactory#boolean#handlePossibleFileOverviewJsDoc#?,JsDocInfoParser#180",0.0,0.0,0.0,!(jsDocParser.getFileOverviewJSDocInfo() != fileOverviewInfo),_
11,"com.google.javascript.rhino.Node#void#setLineno#?,int#1130",0.0,0.0,0.0,!(charno == -1),_
12,"com.google.javascript.jscomp.TypeCheck#void#process#?,Node,Node#341",0.0,0.0,0.0,externsRoot != null,_
13,com.google.javascript.jscomp.Compiler#JSTypeRegistry#getTypeRegistry#?#1002,0.0,0.0,0.0,!(typeRegistry == null),_
14,"com.google.javascript.jscomp.JsAst#Node#getAstRoot#?,AbstractCompiler#49",0.0,0.0,0.0,root == null,_
15,"com.google.javascript.jscomp.Tracer#long#stop#?,int#426",0.0,0.0,0.0,0==0,_
16,"com.google.javascript.jscomp.InferJSDocInfo#void#visit#?,NodeTraversal,Node,Node#88",0.0,0.0,0.0,!(parent == null),_
17,"com.google.javascript.jscomp.TypedScopeCreator$DiscoverEnumsAndTypedefs#void#identifyNameNode#?,Node,Node,JSDocInfo#326",0.0,0.0,0.0,!(valueNode != null && LEGACY_TYPEDEF.equals(valueNode.getQualifiedName())),_
18,"com.google.javascript.jscomp.TypeInference#JSType#getJSType#?,Node#1298",0.0,0.0,0.0,!(jsType == null),_
19,"com.google.javascript.rhino.jstype.PrototypeObjectType#boolean#hasProperty#?,String#142",0.0,0.0,0.0,!(properties.get(propertyName) != null),_
20,"com.google.javascript.jscomp.DataFlowAnalysis#?#DataFlowAnalysis#?,ControlFlowGraph<N>,JoinOp<L>#125",0.0,0.0,0.0,nodeComparator != null,_
21,"com.google.javascript.jscomp.TypeCheck#void#visitGetProp#?,NodeTraversal,Node,Node#1249",0.0,0.0,0.0,"!(!validator.expectNotNullOrUndefined(t,n,childType,childType + "" has no properties"",getNativeType(OBJECT_TYPE)))",_
22,"com.google.javascript.rhino.jstype.JSType#boolean#canAssignTo#?,JSType#442",0.0,0.0,0.0,this.isSubtype(that),_
23,"com.google.javascript.rhino.Node#int#extractCharno#?,int#1173",0.0,0.0,0.0,!(lineCharNo == -1),_
24,"com.google.javascript.jscomp.Scope#Var#getVar#?,String#435",0.0,0.0,0.0,!(var != null),_
25,"com.google.javascript.jscomp.DiagnosticGroupWarningsGuard#boolean#enables#?,DiagnosticGroup#48",0.0,0.0,0.0,level.isOn(),_
26,"com.google.javascript.jscomp.TypeCheck#void#doPercentTypedAccounting#?,NodeTraversal,Node#809",0.0,0.0,0.0,!(type == null),_
27,"com.google.javascript.jscomp.FunctionTypeBuilder#FunctionTypeBuilder#inferThisType#?,JSDocInfo,Node#421",0.0,0.0,0.0,!(info != null && info.hasThisType()),_
28,"com.google.javascript.jscomp.TypedScopeCreator$LocalScopeBuilder#void#visit#?,NodeTraversal,Node,Node#1638",0.0,0.0,0.0,n == scope.getRootNode(),_
29,"com.google.javascript.jscomp.graph.LinkedDirectedGraph#List<DiGraphNode<N,E>>#getDirectedPredNodes#?,DiGraphNode<N,E>#212",0.0,0.0,0.0,!(dNode == null),_
30,"com.google.javascript.jscomp.ClosureCodingConvention#ObjectLiteralCast#getObjectLiteralCast#?,NodeTraversal,Node#309",0.0,0.0,0.0,"!""goog.reflect.object"".equals(callName.getQualifiedName()) || callName.getChildCount() != 2",_
31,"com.google.javascript.jscomp.TypedScopeCreator#JSDocInfo#getBestJSDocInfo#?,Node#1702",0.0,0.0,0.0,!(parentType == Token.NAME),_
32,com.google.javascript.jscomp.SuppressDocWarningsGuard#int#getPriority#?#92,0.0,0.0,0.0,WarningsGuard.Priority.SUPPRESS_DOC.value>0,_
33,"com.google.javascript.rhino.jstype.JSTypeRegistry#JSType#createOptionalType#?,JSType#896",0.0,0.0,0.0,!(type instanceof UnknownType || type.isAllType()),_
34,"com.google.javascript.jscomp.TypeValidator#void#expectCanCast#?,NodeTraversal,Node,JSType,JSType#476",0.0,0.0,0.0,!(!type.canAssignTo(castType) && !castType.canAssignTo(type)),_
35,com.google.javascript.rhino.jstype.PrototypeObjectType#boolean#implicitPrototypeChainIsUnknown#?#470,0.0,0.0,0.0,!(p != null),_
36,"com.google.javascript.rhino.Node$StringNode#?#StringNode#?,int,String,int,int#286",0.0,0.0,0.0,!(null == str),_
37,"com.google.javascript.jscomp.parsing.JsDocTokenStream#boolean#isAlpha#?,int#273",0.0,0.0,0.0,!(c <= 'Z'),_
38,"com.google.javascript.jscomp.DataFlowAnalysis$BranchedForwardDataFlowAnalysis#boolean#flow#?,DiGraphNode<N,Branch>#449",0.0,0.0,0.0,i < outBefore.size(),_
39,"com.google.javascript.jscomp.Scope#?#Scope#?,Scope,Node#295",0.0,0.0,0.0,nodeType != null && nodeType instanceof FunctionType,_
40,com.google.javascript.jscomp.parsing.JsDocTokenStream#int#getChar#?#370,0.0,0.0,0.0,c <= 127,_
41,"com.google.javascript.jscomp.ComposeWarningsGuard#void#addGuard#?,WarningsGuard#56",0.0,0.0,0.0,guard instanceof ComposeWarningsGuard,_
42,"com.google.javascript.rhino.jstype.JSType#JSType#findPropertyType#?,String#417",0.0,0.0,0.0,autoboxObjType != null,_
43,"com.google.javascript.jscomp.Scope$Var#void#resolveType#?,ErrorReporter#236",0.0,0.0,0.0,type != null,_
44,"com.google.javascript.rhino.JSDocInfoBuilder#void#markTypeNode#?,Node,int,int,int,boolean#177",0.0,0.0,0.0,!(currentMarker != null),_
45,"com.google.javascript.jscomp.TypeInference#FlowScope#tightenTypesAfterAssertions#?,FlowScope,Node#823",0.0,0.0,0.0,assertionFunctionSpec == null || firstParam == null,_
46,"com.google.javascript.rhino.jstype.JSTypeRegistry#boolean#canPropertyBeDefined#?,JSType,String#659",0.0,0.0,0.0,typesIndexedByProperty.containsKey(propertyName),_
47,com.google.javascript.rhino.JSDocInfoBuilder#boolean#recordConstructor#?#628,0.0,0.0,0.0,!hasAnySingletonTypeTags() && !currentInfo.isConstructor() && !currentInfo.isInterface(),_
48,"com.google.javascript.jscomp.TypeInference#FlowScope#traverseChildren#?,Node,FlowScope#1017",0.0,0.0,0.0,!(el != null),_
49,com.google.javascript.rhino.JSDocInfo#void#lazyInitInfo#?#486,0.0,0.0,0.0,!(info == null),_
50,"com.google.javascript.rhino.Node#void#setCharno#?,int#1137",0.0,0.0,0.0,"mergeLineCharNo(getLineno(),charno)!=charno",_
51,"com.google.javascript.jscomp.parsing.IRFactory#int#position2charno#?,int#264",0.0,0.0,0.0,"sourceString.lastIndexOf('\n',position)==position",_
52,"com.google.javascript.rhino.jstype.JSTypeRegistry#JSType#createFromTypeNodes#?,Node,String,StaticScope<JSType>,boolean#1348",0.0,0.0,0.0,!(resolveMode == ResolveMode.LAZY_EXPRESSIONS),_
53,"com.google.javascript.jscomp.NodeTraversal#?#NodeTraversal#?,AbstractCompiler,Callback,ScopeCreator#206",0.0,0.0,0.0,!(cb instanceof ScopedCallback),_
54,"com.google.javascript.rhino.jstype.ProxyObjectType#void#setReferencedType#?,JSType#74",0.0,0.0,0.0,referencedType instanceof ObjectType,_
55,"com.google.javascript.jscomp.parsing.JsDocInfoParser#Node#parseTypeName#?,JsDocToken#1659",0.0,0.0,0.0,!(token != JsDocToken.STRING),_
56,"com.google.javascript.jscomp.Compiler#void#initModules#?,List<JSSourceFile>,List<JSModule>,CompilerOptions#309",0.0,0.0,0.0,!(modules.size() > 1),_
57,"com.google.javascript.jscomp.TypedScopeCreator$AbstractScopeBuilder#JSType#getDeclaredPropType#?,NodeTraversal,JSDocInfo,Node,Node#1129",0.0,0.0,0.0,"rValue != null && rValue.getType() == Token.FUNCTION && shouldUseFunctionLiteralType((FunctionType)rValue.getJSType(),info,lValue)",_
58,"com.google.javascript.jscomp.TypedScopeCreator$DiscoverEnumsAndTypedefs#void#visit#?,NodeTraversal,Node,Node#295",0.0,0.0,0.0,child != null,_
59,com.google.javascript.rhino.JSDocInfo#int#getParameterCount#?#859,0.0,0.0,0.0,info == null || info.parameters == null,_
60,"com.google.javascript.rhino.jstype.PrototypeObjectType#boolean#defineProperty#?,String,JSType,boolean,boolean,Node#230",0.0,0.0,0.0,!(hasOwnDeclaredProperty(name)),_
61,"com.google.javascript.jscomp.TypedScopeCreator$AbstractScopeBuilder#void#defineName#?,Node,Node,Node,JSDocInfo#705",0.0,0.0,0.0,type == null,_
62,"com.google.javascript.jscomp.parsing.IRFactory$TransformDispatcher#boolean#isDirective#?,Node#389",0.0,0.0,0.0,!(n == null),_
63,"com.google.javascript.rhino.jstype.FunctionType#JSType#resolveInternal#?,ErrorReporter,StaticScope<JSType>#896",0.0,0.0,0.0,maybeTypeOfThis != null,_
64,"com.google.javascript.jscomp.NodeTraversal#void#traverseFunction#?,Node,Node#479",0.0,0.0,0.0,!isFunctionExpression,_
65,com.google.javascript.jscomp.Compiler#Config#getParserConfig#?#1636,0.0,0.0,0.0,!(parserConfig == null),_
66,"com.google.javascript.jscomp.TypeInference#FlowScope#flowThrough#?,Node,FlowScope#183",0.0,0.0,0.0,!(input == bottomScope),_
67,com.google.javascript.rhino.jstype.FunctionType#void#clearCachedValues#?#850,0.0,0.0,0.0,prototype != null,_
68,"com.google.javascript.jscomp.DataFlowAnalysis#void#analyze#?,int#219",0.0,0.0,0.0,nextNode != cfg.getImplicitReturn(),_
69,com.google.javascript.jscomp.Tracer#ThreadTrace#getThreadTrace#?#968,0.0,0.0,0.0,!(t == null),_
70,"com.google.javascript.jscomp.parsing.JsDocInfoParser#Node#parseAndRecordTypeNode#?,JsDocToken,int,int,boolean,boolean#1089",0.0,0.0,0.0,stream.getCharno()>startCharno,_
71,"com.google.javascript.jscomp.ControlFlowAnalysis#void#connectToPossibleExceptionHandler#?,Node,Node#814",0.0,0.0,0.0,!(mayThrowException(target) && !exceptionHandler.isEmpty()),_
72,"com.google.javascript.jscomp.TypedScopeCreator$AbstractScopeBuilder#boolean#shouldUseFunctionLiteralType#?,FunctionType,JSDocInfo,Node#744",0.0,0.0,0.0,"!(lValue != null && NodeUtil.isObjectLitKey(lValue,lValue.getParent()))",_
73,com.google.javascript.rhino.jstype.InstanceObjectType#int#hashCode#?#169,0.0,0.0,0.0,getReferenceName().hashCode()>=0,_
74,"com.google.javascript.jscomp.FunctionTypeBuilder#FunctionTypeBuilder#inferInheritance#?,JSDocInfo#353",0.0,0.0,0.0,!(info.hasBaseType()),_
75,"com.google.javascript.jscomp.ControlFlowAnalysis#void#prioritizeFromEntryNode#?,DiGraphNode<Node,Branch>#203",0.0,0.0,0.0,!(nodePriorities.containsKey(current)),_
76,"com.google.javascript.jscomp.TypeCheck#void#visitAssign#?,NodeTraversal,Node#904",0.0,0.0,0.0,type != null,_
77,"com.google.javascript.jscomp.FunctionTypeBuilder#FunctionTypeBuilder#inferParameterTypes#?,Node,JSDocInfo#496",0.0,0.0,0.0,info != null && info.hasParameterType(argumentName),_
78,"com.google.javascript.jscomp.ControlFlowAnalysis#Node#computeFollowNode#?,Node,Node,ControlFlowAnalysis#766",0.0,0.0,0.0,!(nextSibling != null),_
79,"com.google.javascript.rhino.Node#void#addChildToBack#?,Node#606",0.0,0.0,0.0,last == null,_
80,"com.google.javascript.jscomp.ControlFlowAnalysis$AstControlFlowGraph#Comparator<DiGraphNode<Node,Branch>>#getOptionalNodeComparator#?,boolean#1012",0.0,0.0,0.0,isForward,_
81,"com.google.javascript.jscomp.LinkedFlowScope#boolean#equals#?,Object#256",0.0,0.0,0.0,!(this.optimize() == that.optimize()),_
82,"com.google.javascript.rhino.jstype.JSTypeRegistry#void#registerPropertyOnType#?,String,JSType#604",0.0,0.0,0.0,typeSet == null,_
83,"com.google.javascript.rhino.jstype.JSTypeRegistry#JSType#getType#?,String#806",0.0,0.0,0.0,!(jsTypeName.equals(templateTypeName)),_
84,com.google.javascript.rhino.JSDocInfo#Set<String>#getParameterNames#?#849,0.0,0.0,0.0,!(info == null || info.parameters == null),_
85,"com.google.javascript.jscomp.TypeInference#?#TypeInference#?,AbstractCompiler,ControlFlowGraph<Node>,ReverseAbstractInterpreter,Scope,Map<String,AssertionFunctionSpec>,Collection<Var>#140",0.0,0.0,0.0,!(varIt.hasNext()),_
86,"com.google.javascript.rhino.jstype.PrototypeObjectType#boolean#isSubtype#?,JSType#436",0.0,0.0,0.0,!(that instanceof RecordType),_
87,"com.google.javascript.jscomp.PrepareAst$PrepareAnnotations#boolean#shouldTraverse#?,NodeTraversal,Node,Node#142",0.0,0.0,0.0,!(n.getType() == Token.OBJECTLIT),_
88,"com.google.javascript.jscomp.TypeInferencePass$TypeInferringCallback#void#enterScope#?,NodeTraversal#123",0.0,0.0,0.0,!(scope.isGlobal()),_
89,com.google.javascript.rhino.jstype.FunctionType#FunctionPrototypeType#getPrototype#?#260,0.0,0.0,0.0,!(prototype == null),_
90,"com.google.javascript.jscomp.TypeCheck#boolean#visitName#?,NodeTraversal,Node,Node#1209",0.0,0.0,0.0,type == null,_
91,"com.google.javascript.rhino.jstype.FunctionType#?#FunctionType#?,JSTypeRegistry,String,Node,ArrowType,ObjectType,String,boolean,boolean#133",0.0,0.0,0.0,isConstructor,_
92,"com.google.javascript.rhino.jstype.ObjectType#boolean#isImplicitPrototype#?,ObjectType#451",0.0,0.0,0.0,current.isEquivalentTo(prototype),_
93,"com.google.javascript.jscomp.Compiler#void#initOptions#?,CompilerOptions#242",0.0,0.0,0.0,warningsGuard != null,_
94,com.google.javascript.jscomp.TypedScopeCreator$AbstractScopeBuilder#void#resolveTypes#?#403,0.0,0.0,0.0,vars.hasNext(),_
95,"com.google.javascript.jscomp.NodeUtil#JSDocInfo#getInfoForNameNode#?,Node#2702",0.0,0.0,0.0,!(info == null && parent != null && ((parent.getType() == Token.VAR && parent.hasOneChild()) || parent.getType() == Token.FUNCTION)),_
96,"com.google.javascript.jscomp.Compiler#void#checkFirstModule#?,List<JSModule>#361",0.0,0.0,0.0,!(modules.isEmpty()),_
97,"com.google.javascript.rhino.jstype.FunctionParamBuilder#boolean#addOptionalParams#?,JSType#80",0.0,0.0,0.0,!(hasVarArgs()),_
98,"com.google.javascript.rhino.JSDocInfo#JSTypeExpression#getType#?,int#966",0.0,0.0,0.0,!((MASK_TYPEFIELD & bitset) == typefield),_
99,"com.google.javascript.rhino.jstype.JSType#boolean#isSubtype#?,JSType,JSType#899",0.0,0.0,0.0,!(thisType.isEquivalentTo(thatType)),_
100,"com.google.javascript.jscomp.TypedScopeCreator$AbstractScopeBuilder#ObjectType#getObjectSlot#?,String#1379",0.0,0.0,0.0,ownerVar != null,_
101,"com.google.javascript.jscomp.parsing.JsDocInfoParser#Node#parseTopLevelTypeExpression#?,JsDocToken#1534",0.0,0.0,0.0,typeExpr != null,_
102,"com.google.javascript.jscomp.Compiler#void#fillEmptyModules#?,List<JSModule>#376",0.0,0.0,0.0,!(module.getInputs().isEmpty()),_
103,"com.google.javascript.jscomp.Compiler#void#stopTracer#?,Tracer,String#843",0.0,0.0,0.0,!(options.tracer.isOn()),_
104,"com.google.javascript.rhino.Node#int#mergeLineCharNo#?,int,int#1147",0.0,0.0,0.0,lineno < 0 || charno < 0,_
105,com.google.javascript.jscomp.parsing.JsDocTokenStream#int#getOffset#?#448,0.0,0.0,0.0,sourceCursor - lineStart - ungetCursor- 1!=0,_
106,"com.google.javascript.rhino.jstype.JSTypeRegistry#boolean#declareType#?,String,JSType#761",0.0,0.0,0.0,!(namesToTypes.containsKey(name)),_
107,com.google.javascript.jscomp.Compiler#void#initBasedOnOptions#?#334,0.0,0.0,0.0,!(options.sourceMapOutputPath != null),_
108,"com.google.javascript.jscomp.ClosureCodingConvention#String#getSingletonGetterClassName#?,Node#269",0.0,0.0,0.0,"!(""goog.addSingletonGetter"".equals(callName) || ""goog$addSingletonGetter"".equals(callName)) || callNode.getChildCount() != 2",_
109,com.google.javascript.rhino.jstype.UnionTypeBuilder#JSType#reduceAlternatesWithoutUnion#?#178,0.0,0.0,0.0,size == 1,_
110,"com.google.javascript.jscomp.parsing.IRFactory$TransformDispatcher#Node#processFunctionNode#?,FunctionNode#516",0.0,0.0,0.0,!(name == null),_
111,"com.google.javascript.rhino.jstype.JSType#JSType#getGreatestSubtype#?,JSType,JSType#645",0.0,0.0,0.0,thisType.isObject() && thatType.isObject(),_
112,com.google.javascript.rhino.jstype.InstanceObjectType#String#toString#?#97,0.0,0.0,0.0,constructor.hasReferenceName(),_
113,com.google.javascript.jscomp.NodeTraversal#Scope#getScope#?#557,0.0,0.0,0.0,scopeRoots.isEmpty(),_
114,"com.google.javascript.rhino.JSDocInfoBuilder#void#populateDefaults#?,JSDocInfo#137",0.0,0.0,0.0,info.getVisibility() == null,_
115,com.google.javascript.rhino.Node#int#getChildCount#?#1349,0.0,0.0,0.0,c!=0,_
116,com.google.javascript.rhino.jstype.ObjectType#boolean#isUnknownType#?#473,0.0,0.0,0.0,implicitProto == null || implicitProto.isNativeObjectType(),_
117,com.google.javascript.jscomp.LinkedFlowScope#LinkedFlowScope#optimize#?#229,0.0,0.0,0.0,current.parent != null && current.lastSlot == current.parent.lastSlot,_
118,"com.google.javascript.rhino.JSDocInfoBuilder#void#markAnnotation#?,String,int,int#149",0.0,0.0,0.0,!(marker != null),_
119,"com.google.javascript.rhino.jstype.JSTypeRegistry#void#addReferenceTypeIndexedByProperty#?,String,JSType#618",0.0,0.0,0.0,type instanceof ObjectType && ((ObjectType)type).hasReferenceName(),_
120,com.google.javascript.jscomp.Compiler#void#initInputsByNameMap#?#436,0.0,0.0,0.0,!inputsByName.containsKey(name),_
121,"com.google.javascript.jscomp.parsing.JsDocInfoParser#Node#parseTypeExpressionAnnotation#?,JsDocToken#1445",0.0,0.0,0.0,!(!match(JsDocToken.RC)),_
122,"com.google.javascript.jscomp.TypeCheck#void#visit#?,NodeTraversal,Node,Node#796",0.0,0.0,0.0,typeable,_
123,"com.google.javascript.jscomp.PrepareAst$PrepareAnnotations#void#annotateDispatchers#?,Node,Node#198",0.0,0.0,0.0,!(parent.getJSDocInfo() != null && parent.getJSDocInfo().isJavaDispatch()),_
124,"com.google.javascript.jscomp.ClosureCodingConvention#SubclassType#typeofClassDefiningName#?,Node#136",0.0,0.0,0.0,!(dollarIndex != -1),_
125,com.google.javascript.jscomp.parsing.JsDocTokenStream#int#getLineno#?#227,0.0,0.0,0.0,lineno>0,_
126,"com.google.javascript.rhino.jstype.FunctionParamBuilder#boolean#addVarArgs#?,JSType#95",0.0,0.0,0.0,!(hasVarArgs()),_
127,"com.google.javascript.jscomp.parsing.JsDocTokenStream#boolean#matchChar#?,int#261",0.0,0.0,0.0,getCharIgnoreLineEnd()==test,_
128,"com.google.javascript.rhino.Node#Object#getProp#?,int#793",0.0,0.0,0.0,item == null,_
129,"com.google.javascript.rhino.jstype.PrototypeObjectType#JSType#resolveInternal#?,ErrorReporter,StaticScope<JSType>#530",0.0,0.0,0.0,implicitPrototype != null,_
130,"com.google.javascript.jscomp.DiagnosticGroup#DiagnosticGroup#forType#?,DiagnosticType#58",0.0,0.0,0.0,!(!singletons.containsKey(type)),_
131,"com.google.javascript.jscomp.FunctionTypeBuilder#boolean#isVarArgsParameter#?,Node,JSDocInfo#557",0.0,0.0,0.0,!(codingConvention.isVarArgsParameter(param)),_
132,"com.google.javascript.rhino.jstype.ArrowType#JSType#resolveInternal#?,ErrorReporter,StaticScope<JSType>#237",0.0,0.0,0.0,!(paramNode != null),_
133,"com.google.javascript.jscomp.parsing.TypeSafeDispatcher#T#process#?,AstNode#171",0.0,0.0,0.0,node instanceof Block,_
134,"com.google.javascript.jscomp.TypedScopeCreator$GlobalScopeBuilder#void#checkForTypedef#?,NodeTraversal,Node,JSDocInfo#1547",0.0,0.0,0.0,info == null || !info.hasTypedefType(),_
135,"com.google.javascript.jscomp.parsing.IRFactory$TransformDispatcher#void#parseDirectives#?,Node#383",0.0,0.0,0.0,!(directives != null),_
136,"com.google.javascript.jscomp.DataFlowAnalysis$BranchedForwardDataFlowAnalysis#void#joinInputs#?,DiGraphNode<N,Branch>#474",0.0,0.0,0.0,!values.isEmpty(),_
137,"com.google.javascript.rhino.jstype.JSTypeRegistry#JSType#createFromTypeNodesInternal#?,Node,String,StaticScope<JSType>,boolean#1437",0.0,0.0,0.0,!((namedType instanceof ObjectType) && !(nonNullableTypeNames.contains(n.getString()))),_
138,com.google.javascript.rhino.Node#int#getCharno#?#863,0.0,0.0,0.0,extractCharno(sourcePosition)!=0,_
139,"com.google.javascript.jscomp.TypeInference#void#redeclare#?,FlowScope,String,JSType#1286",0.0,0.0,0.0,!(unflowableVarNames.contains(varName)),_
140,"com.google.javascript.jscomp.parsing.Config#Map<String,Annotation>#buildAnnotationNames#?,Set<String>#81",0.0,0.0,0.0,!(!Annotation.recognizedAnnotations.containsKey(unrecognizedAnnotation)),_
141,"com.google.javascript.rhino.JSDocInfoBuilder#JSDocInfo#build#?,String#123",0.0,0.0,0.0,populated,_
142,"com.google.javascript.rhino.Node#?#Node#?,int,Node,Node#405",0.0,0.0,0.0,-1!=nodeType,_
143,"com.google.javascript.jscomp.TypedScopeCreator$AbstractScopeBuilder#void#maybeDeclareQualifiedName#?,NodeTraversal,JSDocInfo,Node,Node,Node#1306",0.0,0.0,0.0,!(valueType == null && rhsValue != null),_
144,"com.google.javascript.jscomp.TypedScopeCreator$AbstractScopeBuilder#JSType#getDeclaredTypeInAnnotation#?,String,Node,JSDocInfo#608",0.0,0.0,0.0,info != null,_
145,"com.google.javascript.jscomp.parsing.IRFactory$TransformDispatcher#Node#processVariableInitializer#?,VariableInitializer#866",0.0,0.0,0.0,initializerNode.getInitializer() != null,_
146,"com.google.javascript.jscomp.FunctionTypeBuilder#FunctionTypeBuilder#inferReturnType#?,JSDocInfo#294",0.0,0.0,0.0,!(info != null && info.hasReturnType()),_
147,"com.google.javascript.jscomp.parsing.IRFactory$TransformDispatcher#Node#transformAsString#?,AstNode#300",0.0,0.0,0.0,ret.getType() == Token.NAME,_
148,com.google.javascript.jscomp.Compiler#int#getErrorCount#?#1708,0.0,0.0,0.0,errorManager.getErrorCount()==0,_
149,"com.google.javascript.jscomp.parsing.JsDocTokenStream#void#addToString#?,int#244",0.0,0.0,0.0,!(N == stringBuffer.length),_
150,"com.google.javascript.jscomp.parsing.JsDocInfoParser#Node#parseBasicTypeExpression#?,JsDocToken#1632",0.0,0.0,0.0,!(token == JsDocToken.LC),_
151,"com.google.javascript.rhino.jstype.FunctionType#boolean#defineProperty#?,String,JSType,boolean,boolean,Node#435",0.0,0.0,0.0,"!(""prototype"".equals(name))",_
152,com.google.javascript.jscomp.parsing.ParserRunner#void#initResourceConfig#?#57,0.0,0.0,0.0,annotationNames != null,_
153,com.google.javascript.jscomp.parsing.JsDocTokenStream#JsDocToken#getJsDocToken#?#82,0.0,0.0,0.0,isAlpha(c),_
154,com.google.javascript.jscomp.parsing.JsDocInfoParser#void#skipEOLs#?#2180,0.0,0.0,0.0,match(JsDocToken.STAR),_
155,"com.google.javascript.jscomp.parsing.JsDocTokenStream#boolean#isJSSpace#?,int#311",0.0,0.0,0.0,c <= 127,_
156,com.google.javascript.jscomp.parsing.JsDocTokenStream#int#getCharIgnoreLineEnd#?#394,0.0,0.0,0.0,!(ungetCursor != 0),_
157,"com.google.javascript.rhino.Node#void#putIntProp#?,int,int#836",0.0,0.0,0.0,value != 0,_
158,"com.google.javascript.jscomp.Tracer#?#Tracer#?,String,String#255",0.0,0.0,0.0,!(!extraTracingStatistics.isEmpty()),_
159,"com.google.javascript.rhino.jstype.PrototypeObjectType#boolean#isPropertyTypeDeclared#?,String#165",0.0,0.0,0.0,!(p == null),_
160,"com.google.javascript.jscomp.graph.Graph#T#getNodeOrFail#?,N#209",0.0,0.0,0.0,!(node == null),_
161,com.google.javascript.rhino.Node#int#getType#?#536,0.0,0.0,0.0,type!=0,_
162,"com.google.javascript.rhino.jstype.JSType#JSType#getGreatestSubtype#?,JSType#618",0.0,0.0,0.0,!(that.isRecordType()),_
163,"com.google.javascript.rhino.JSDocInfo#void#setFlag#?,boolean,int#310",0.0,0.0,0.0,value,_
164,"com.google.javascript.rhino.JSDocInfoBuilder#boolean#recordParameter#?,String,JSTypeExpression#231",0.0,0.0,0.0,"!hasAnySingletonTypeTags() && currentInfo.declareParam(type,parameterName)",_
165,"com.google.javascript.jscomp.LinkedFlowScope#StaticSlot<JSType>#getSlot#?,String#142",0.0,0.0,0.0,slot != null,_
166,"com.google.javascript.jscomp.parsing.IRFactory#JSDocInfo#handleJsDoc#?,AstNode#195",0.0,0.0,0.0,comment != null,_
167,"com.google.javascript.jscomp.TypeCheck#JSType#getJSType#?,Node#1708",0.0,0.0,0.0,jsType == null,_
168,"com.google.javascript.jscomp.TypedScopeCreator$AbstractScopeBuilder#void#defineVar#?,Node,Node#644",0.0,0.0,0.0,!(n.hasMoreThanOneChild()),_
169,"com.google.javascript.rhino.jstype.InstanceObjectType#boolean#isEquivalentTo#?,JSType#151",0.0,0.0,0.0,this == that,_
170,"com.google.javascript.jscomp.TypeInference#void#ensurePropertyDeclared#?,Node#602",0.0,0.0,0.0,ownerType != null,_
171,"com.google.javascript.rhino.jstype.JSType#JSType#getLeastSupertype#?,JSType#587",0.0,0.0,0.0,!(that.isUnionType()),_
172,"com.google.javascript.rhino.jstype.ArrowType#boolean#hasEqualParameters#?,ArrowType#149",0.0,0.0,0.0,thisParam != null && otherParam != null,_
173,"com.google.javascript.rhino.Node#void#removeProp#?,int#764",0.0,0.0,0.0,!(result != propListHead),_
174,com.google.javascript.rhino.jstype.JSType#int#hashCode#?#351,0.0,0.0,0.0,System.identityHashCode(this)!=0,_
175,"com.google.javascript.jscomp.parsing.JsDocTokenStream#?#JsDocTokenStream#?,String,int,int#48",0.0,0.0,0.0,lineno<=initCharno,_
176,"com.google.javascript.rhino.jstype.FunctionType#void#appendVarArgsString#?,StringBuilder,JSType#721",0.0,0.0,0.0,!(paramType.isUnionType()),_
177,"com.google.javascript.jscomp.TypeInference#FlowScope#traverseCall#?,Node,FlowScope#808",0.0,0.0,0.0,!(functionType.equals(getNativeType(CHECKED_UNKNOWN_TYPE))),_
178,"com.google.javascript.jscomp.ClosureCodingConvention#String#identifyTypeDefAssign#?,Node#249",0.0,0.0,0.0,!(TYPEDEF_NAME.equals(firstChild.getFirstChild().getQualifiedName())),_
179,com.google.javascript.rhino.JSDocInfo#List<JSTypeExpression>#getImplementedInterfaces#?#1111,0.0,0.0,0.0,info == null || info.implementedInterfaces == null,_
180,"com.google.javascript.rhino.jstype.PrototypeObjectType#void#setPropertyJSDocInfo#?,String,JSDocInfo,boolean#274",0.0,0.0,0.0,property != null,_
181,"com.google.javascript.jscomp.TypeCheck#void#check#?,Node,boolean#374",0.0,0.0,0.0,externs,_
182,com.google.javascript.rhino.JSDocInfo#Marker#addMarker#?#512,0.0,0.0,0.0,!lazyInitDocumentation(),_
183,"com.google.javascript.jscomp.MemoizedScopeCreator#Scope#createScope#?,Node,Scope#52",0.0,0.0,0.0,scope == null,_
184,"com.google.javascript.jscomp.TypedScopeCreator$LocalScopeBuilder#void#handleFunctionInputs#?,Node#1655",0.0,0.0,0.0,!(fnVar == null || (fnVar.getNameNode() != null && fnVar.getInitialValue() != fnNode)),_
185,"com.google.javascript.jscomp.TypedScopeCreator$AbstractScopeBuilder#void#attachLiteralTypes#?,NodeTraversal,Node#483",0.0,0.0,0.0,"!NodeUtil.isObjectLitKey(n,n.getParent())",_
186,"com.google.javascript.jscomp.TypedScopeCreator$LocalScopeBuilder#void#declareArguments#?,Node#1682",0.0,0.0,0.0,jsDocParameter != null,_
187,"com.google.javascript.jscomp.parsing.JsDocInfoParser#Node#parseAndRecordParamTypeNode#?,JsDocToken#1053",0.0,0.0,0.0,stream.getCharno()!=startCharno,_
188,"com.google.javascript.jscomp.parsing.JsDocInfoParser#?#JsDocInfoParser#?,JsDocTokenStream,Comment,String,Config,ErrorReporter#111",0.0,0.0,0.0,commentNode != null,_
189,"com.google.javascript.jscomp.parsing.IRFactory$TransformDispatcher#Node#processAssignment#?,Assignment#343",0.0,0.0,0.0,!(!validAssignmentTarget(target)),_
190,"com.google.javascript.rhino.jstype.ArrowType#boolean#isEquivalentTo#?,JSType#174",0.0,0.0,0.0,!(!(object instanceof ArrowType)),_
191,com.google.javascript.rhino.JSDocInfo#boolean#lazyInitDocumentation#?#496,0.0,0.0,0.0,!includeDocumentation,_
192,"com.google.javascript.jscomp.ControlFlowAnalysis#void#process#?,Node,Node#183",0.0,0.0,0.0,!(!nodePriorities.containsKey(candidate)),_
193,"com.google.javascript.rhino.jstype.FunctionType#boolean#setPrototype#?,FunctionPrototypeType#300",0.0,0.0,0.0,superClass != null,_
194,"com.google.javascript.rhino.jstype.FunctionType#void#addSubType#?,FunctionType#829",0.0,0.0,0.0,!(subTypes == null),_
195,"com.google.javascript.jscomp.ControlFlowAnalysis#boolean#shouldTraverse#?,NodeTraversal,Node,Node#224",0.0,0.0,0.0,!(shouldTraverseFunctions || n == cfg.getEntry().getValue()),_
196,"com.google.javascript.jscomp.TypeValidator#boolean#expectCanAssignToPropertyOf#?,NodeTraversal,Node,JSType,JSType,Node,String#334",0.0,0.0,0.0,!(!leftType.isNoType() && !rightType.canAssignTo(leftType)),_
197,"com.google.javascript.rhino.JSDocInfoBuilder#boolean#recordReturnType#?,JSTypeExpression#408",0.0,0.0,0.0,jsType != null && currentInfo.getReturnType() == null && !hasAnySingletonTypeTags(),_
198,"com.google.javascript.jscomp.TypedScopeCreator#Node#getBestLValue#?,Node#1723",0.0,0.0,0.0,!(parentType == Token.NAME),_
199,"com.google.javascript.jscomp.TypedScopeCreator$AbstractScopeBuilder#boolean#shouldTraverse#?,NodeTraversal,Node,Node#415",0.0,0.0,0.0,n.getType() == Token.FUNCTION || n.getType() == Token.SCRIPT,_
200,com.google.javascript.rhino.jstype.UnionTypeBuilder#JSType#build#?#194,0.0,0.0,0.0,result == null,_
201,"com.google.javascript.rhino.Node#boolean#hasChild#?,Node#1354",0.0,0.0,0.0,n != null,_
202,"com.google.javascript.rhino.JSDocInfo#JSTypeExpression#getParameterType#?,String#815",0.0,0.0,0.0,!(info == null || info.parameters == null),_
203,"com.google.javascript.jscomp.TypeCheck#boolean#shouldTraverse#?,NodeTraversal,Node,Node#419",0.0,0.0,0.0,"!(functionPrivateName != null && functionPrivateName.length() > 0 && outerScope.isDeclared(functionPrivateName,false) && !(outerScope.getVar(functionPrivateName).getType() instanceof FunctionType))",_
204,"com.google.javascript.rhino.Node#void#putProp#?,int,Object#825",0.0,0.0,0.0,!(value != null),_
205,"com.google.javascript.rhino.Node#int#getIntProp#?,int#810",0.0,0.0,0.0,0<=0,_
206,com.google.javascript.rhino.jstype.UnionTypeBuilder#Iterable<JSType>#getAlternates#?#85,0.0,0.0,0.0,!(specialCaseType != null),_
207,"com.google.javascript.rhino.jstype.UnionTypeBuilder#UnionTypeBuilder#addAlternate#?,JSType#110",0.0,0.0,0.0,!(!isAllType && !isNativeUnknownType),_
208,com.google.javascript.jscomp.FunctionTypeBuilder#FunctionType#buildAndRegister#?#653,0.0,0.0,0.0,implementedInterfaces != null,_
209,com.google.javascript.rhino.Node#String#getQualifiedName#?#1731,0.0,0.0,0.0,!(left == null),_
210,"com.google.javascript.jscomp.NodeTraversal#void#pushScope#?,Node#526",0.0,0.0,0.0,!(scopeCallback != null),_
211,"com.google.javascript.jscomp.TypedScopeCreator$GlobalScopeBuilder#void#checkForOldStyleTypedef#?,NodeTraversal,Node#1584",0.0,0.0,0.0,!(typedef != null),_
212,"com.google.javascript.jscomp.graph.Graph#void#connectIfNotFound#?,N,E,N#120",0.0,0.0,0.0,"!isConnected(n1,edge,n2)",_
213,"com.google.javascript.jscomp.FunctionTypeBuilder#FunctionTypeBuilder#inferReturnStatementsAsLastResort#?,Node#335",0.0,0.0,0.0,!hasNonEmptyReturns,_
214,"com.google.javascript.jscomp.FunctionTypeBuilder#FunctionTypeBuilder#inferFromOverriddenFunction#?,FunctionType,Node#239",0.0,0.0,0.0,oldType == null,_
215,"com.google.javascript.jscomp.graph.LinkedDirectedGraph#List<DiGraphNode<N,E>>#getDirectedSuccNodes#?,DiGraphNode<N,E>#225",0.0,0.0,0.0,!(dNode == null),_
216,com.google.javascript.rhino.jstype.PrototypeObjectType#String#toString#?#344,0.0,0.0,0.0,hasReferenceName(),_
217,com.google.javascript.rhino.Node$SiblingNodeIterable#Node#next#?#1248,0.0,0.0,0.0,!(current == null),_
218,"com.google.javascript.rhino.Node$StringNode#?#StringNode#?,int,String#278",0.0,0.0,0.0,!(null == str),_
219,"com.google.javascript.jscomp.NodeTraversal#void#traverseBranch#?,Node,Node#445",0.0,0.0,0.0,"!callback.shouldTraverse(this,n,parent)",_
220,"com.google.javascript.rhino.jstype.PrototypeObjectType#JSType#getPropertyType#?,String#208",0.0,0.0,0.0,implicitPrototype != null,_
221,com.google.javascript.rhino.JSDocInfo#String#getTemplateTypeName#?#1241,0.0,0.0,0.0,!(info == null),_
222,"com.google.javascript.jscomp.LinkedFlowScope$FlatFlowScopeCache#StaticSlot<JSType>#getSlot#?,String#482",0.0,0.0,0.0,!(symbols.containsKey(name)),_
223,"com.google.javascript.jscomp.TypeInferencePass$TypeInferringCallback#void#exitScope#?,NodeTraversal#131",0.0,0.0,0.0,scope.isLocal(),_
224,com.google.javascript.jscomp.DataFlowAnalysis$BranchedForwardDataFlowAnalysis#void#initialize#?#398,0.0,0.0,0.0,i < outEdgeCount,_
225,"com.google.javascript.jscomp.FunctionTypeBuilder#void#maybeSetBaseType#?,FunctionType#663",0.0,0.0,0.0,!(baseType != null),_
226,"com.google.javascript.jscomp.TypeInferencePass#Collection<Var>#getUnflowableVars#?,Scope#96",0.0,0.0,0.0,!(current.isLocal()),_
227,com.google.javascript.rhino.jstype.FunctionType#FunctionType#getSuperClassConstructor#?#605,0.0,0.0,0.0,!(maybeSuperInstanceType == null),_
228,"com.google.javascript.jscomp.FunctionTypeBuilder#boolean#addParameter#?,FunctionParamBuilder,JSType,boolean,boolean,boolean#591",0.0,0.0,0.0,isOptional,_
229,com.google.javascript.rhino.jstype.FunctionType#int#hashCode#?#662,0.0,0.0,0.0,isInterface() ? getReferenceName().hashCode() : call.hashCode()<=0,_
230,"com.google.javascript.rhino.Node#?#Node#?,int#371",0.0,0.0,0.0,-1!=nodeType,_
231,"com.google.javascript.jscomp.parsing.JsDocInfoParser#JsDocToken#eatTokensUntilEOL#?,JsDocToken#2110",0.0,0.0,0.0,!(token == JsDocToken.EOL || token == JsDocToken.EOC || token == JsDocToken.EOF),_
232,"com.google.javascript.jscomp.parsing.IRFactory#void#setFileOverviewJsDoc#?,Node#150",0.0,0.0,0.0,!(fileOverviewInfo != null),_
233,com.google.javascript.rhino.jstype.PrototypeObjectType#String#getReferenceName#?#410,0.0,0.0,0.0,className != null,_
234,"com.google.javascript.jscomp.TypedScopeCreator#Scope#createScope#?,Node,Scope#207",0.0,0.0,0.0,type != null && type instanceof FunctionType,_
235,"com.google.javascript.jscomp.TypeInference#FlowScope#traverse#?,Node,FlowScope#448",0.0,0.0,0.0,n.getType() != Token.FUNCTION,_
236,com.google.javascript.jscomp.Tracer#long#stop#?#453,0.0,0.0,0.0,stop(-1)<=0,_
237,"com.google.javascript.jscomp.graph.LinkedDirectedGraph#boolean#isConnectedInDirection#?,N,Predicate<E>,N#190",0.0,0.0,0.0,!(outEdge.getDestination() == dNode2 && edgeMatcher.apply(outEdge.getValue())),_
238,"com.google.javascript.rhino.JSDocInfo#void#setType#?,JSTypeExpression,int#882",0.0,0.0,0.0,!((bitset & MASK_TYPEFIELD) != 0),_
239,"com.google.javascript.rhino.Node#PropListItem#removeProp#?,PropListItem,int#782",0.0,0.0,0.0,!(result != item.next),_
240,"com.google.javascript.jscomp.PrepareAst$PrepareAnnotations#void#annotateFunctions#?,Node,Node#241",0.0,0.0,0.0,!(arg != null),_
241,"com.google.javascript.jscomp.ControlFlowAnalysis#void#handleStmtList#?,Node#497",0.0,0.0,0.0,child != null && child.getType() == Token.FUNCTION,_
242,"com.google.javascript.jscomp.TypedScopeCreator$GlobalScopeBuilder#void#visit#?,NodeTraversal,Node,Node#1523",0.0,0.0,0.0,n.hasOneChild(),_
243,com.google.javascript.jscomp.Compiler#TypeValidator#getTypeValidator#?#1036,0.0,0.0,0.0,!(typeValidator == null),_
244,"com.google.javascript.rhino.jstype.PrototypeObjectType#boolean#isPropertyTypeInferred#?,String#190",0.0,0.0,0.0,!(p == null),_
245,"com.google.javascript.jscomp.JoinOp$BinaryJoinOp#L#apply#?,List<L>#39",0.0,0.0,0.0,size == 1,_
246,"com.google.javascript.jscomp.TypeInference#void#updateScopeForTypeChange#?,FlowScope,Node,JSType,JSType#533",0.0,0.0,0.0,qualifiedName != null,_
247,com.google.javascript.rhino.jstype.FunctionType#Iterable<ObjectType>#getImplementedInterfaces#?#348,0.0,0.0,0.0,!(superCtor == null),_
248,com.google.javascript.rhino.jstype.ObjectType#JSDocInfo#getJSDocInfo#?#111,0.0,0.0,0.0,!(getImplicitPrototype() != null),_
249,"com.google.javascript.jscomp.InferJSDocInfo#void#process#?,Node,Node#72",0.0,0.0,0.0,!(externs != null),_
250,"com.google.javascript.jscomp.TypeInference#void#ensurePropertyDefined#?,Node,JSType#556",0.0,0.0,0.0,"!(ensurePropertyDeclaredHelper(getprop,objectType))",_
251,"com.google.javascript.rhino.jstype.FunctionType#boolean#isEquivalentTo#?,JSType#653",0.0,0.0,0.0,!(that.isInterface()),_
252,com.google.javascript.jscomp.FunctionTypeBuilder#FunctionType#getOrCreateConstructor#?#694,0.0,0.0,0.0,existingFn.getSource() == null,_
253,"com.google.javascript.jscomp.TypeValidator#void#expectUndeclaredVariable#?,String,Node,Node,Var,String,JSType#500",0.0,0.0,0.0,!(n.getType() == Token.GETPROP),_
254,"com.google.javascript.rhino.jstype.JSType#JSType#filterNoResolvedType#?,JSType#664",0.0,0.0,0.0,!(type instanceof UnionType),_
255,"com.google.javascript.jscomp.parsing.IRFactory#Node#transformTree#?,AstRoot,String,Config,ErrorReporter#134",0.0,0.0,0.0,!(comment.getCommentType() == JSDOC && !comment.isParsed()),_
256,"com.google.javascript.jscomp.PrepareAst#void#process#?,Node,Node#64",0.0,0.0,0.0,!(externs != null),_
257,com.google.javascript.jscomp.FunctionTypeBuilder#Scope#getScopeDeclaredIn#?#745,0.0,0.0,0.0,!(dotIndex != -1),_
258,"com.google.javascript.jscomp.ControlFlowAnalysis$AstControlFlowGraph#int#getPosition#?,DiGraphNode<Node,Branch>#1038",0.0,0.0,0.0,priority!=0,_
259,"com.google.javascript.jscomp.parsing.JsDocInfoParser#Node#parseParamTypeExpressionAnnotation#?,JsDocToken#1494",0.0,0.0,0.0,!(!match(JsDocToken.RC)),_
260,"com.google.javascript.jscomp.TypeCheck#void#visitFunction#?,NodeTraversal,Node#1443",0.0,0.0,0.0,functionType.isConstructor(),_
261,"com.google.javascript.rhino.Node#?#Node#?,int,Node#385",0.0,0.0,0.0,-1<nodeType,_
262,"com.google.javascript.jscomp.LinkedFlowScope#void#inferQualifiedSlot#?,String,JSType,JSType#113",0.0,0.0,0.0,!(functionScope.isLocal()),_
263,com.google.javascript.jscomp.parsing.JsDocInfoParser#boolean#parse#?#162,0.0,0.0,0.0,!(jsdocBuilder.shouldParseDocumentation()),_
264,"com.google.javascript.rhino.Node#?#Node#?,int,int,int#453",0.0,0.0,0.0,nodeType<charno,_
265,com.google.javascript.rhino.jstype.FunctionType#String#toString#?#677,0.0,0.0,0.0,!(this == registry.getNativeType(JSTypeNative.FUNCTION_INSTANCE_TYPE)),_
266,"com.google.javascript.rhino.Node#int#extractLineno#?,int#1164",0.0,0.0,0.0,lineCharNo >>> COLUMN_BITS>=0,_
267,"com.google.javascript.jscomp.TypedScopeCreator$AbstractScopeBuilder#FunctionType#findOverriddenFunction#?,ObjectType,String#881",0.0,0.0,0.0,!(propType instanceof FunctionType),_
268,"com.google.javascript.jscomp.parsing.JsDocInfoParser#Node#parseTypeExpression#?,JsDocToken#1612",0.0,0.0,0.0,!(match(JsDocToken.BANG)),_
269,com.google.javascript.rhino.jstype.FunctionPrototypeType#String#getReferenceName#?#67,0.0,0.0,0.0,!(ownerFunction == null),_
270,"com.google.javascript.jscomp.TypeInference#JSType#getPropertyType#?,JSType,String,Node,FlowScope#1090",0.0,0.0,0.0,!(regType != null),_
271,"com.google.javascript.jscomp.TypeInference#boolean#ensurePropertyDeclaredHelper#?,Node,ObjectType#619",0.0,0.0,0.0,"!(propName.equals(""prototype"") || (!objectType.hasOwnProperty(propName) && (!objectType.isInstanceType() || (var.isExtern() && !objectType.isNativeObjectType()))))",_
272,"com.google.javascript.jscomp.TypeCheck#void#visitCall#?,NodeTraversal,Node#1468",0.0,0.0,0.0,!(childType instanceof FunctionType),_
273,com.google.javascript.rhino.Node#int#getLineno#?#859,0.0,0.0,0.0,extractLineno(sourcePosition)<=0,_
274,"com.google.javascript.rhino.jstype.FunctionParamBuilder#boolean#addRequiredParams#?,JSType#63",0.0,0.0,0.0,!(hasOptionalOrVarArgs()),_
275,"com.google.javascript.jscomp.TypedScopeCreator$AbstractScopeBuilder#void#defineSlot#?,Node,Node,JSType,boolean#1042",0.0,0.0,0.0,inferred,_
276,"com.google.javascript.rhino.JSDocInfo#boolean#declareParam#?,JSTypeExpression,String#755",0.0,0.0,0.0,!(info.parameters == null),_
277,"com.google.javascript.jscomp.FunctionTypeBuilder#FunctionTypeBuilder#inferTemplateTypeName#?,JSDocInfo#570",0.0,0.0,0.0,!(info != null),_
278,com.google.javascript.jscomp.BasicErrorManager#int#getErrorCount#?#73,0.0,0.0,0.0,errorCount<=0,_
279,"com.google.javascript.jscomp.TypedScopeCreator$AbstractScopeBuilder#FunctionType#createFunctionTypeFromNodes#?,Node,String,JSDocInfo,Node#827",0.0,0.0,0.0,ownerType != null,_
280,"com.google.javascript.rhino.jstype.FunctionType#JSType#supAndInfHelper#?,JSType,boolean#495",0.0,0.0,0.0,that instanceof FunctionType,_
281,"com.google.javascript.rhino.Node#?#Node#?,int,Node,int,int#460",0.0,0.0,0.0,"mergeLineCharNo(lineno,charno)>charno",_
282,"com.google.javascript.jscomp.NodeTraversal#void#pushScope#?,Scope#536",0.0,0.0,0.0,!(scopeCallback != null),_
283,"com.google.javascript.rhino.JSDocInfoBuilder#void#recordOriginalCommentString#?,String#77",0.0,0.0,0.0,!(parseDocumentation),_
284,"com.google.javascript.rhino.jstype.JSTypeRegistry#void#resolveTypesInScope#?,StaticScope<JSType>#881",0.0,0.0,0.0,!(windowObjType != null),_
285,"com.google.javascript.jscomp.parsing.IRFactory#int#transformTokenType#?,int#1191",0.0,0.0,0.0,Token.BLOCK!=0,_
286,"com.google.javascript.jscomp.TypeInference#FlowScope#dereferencePointer#?,Node,FlowScope#1051",0.0,0.0,0.0,!(n.getType() == Token.NAME),_
287,"com.google.javascript.jscomp.parsing.IRFactory#JsDocInfoParser#createJsDocInfoParser#?,Comment#244",0.0,0.0,0.0,node.getAbsolutePosition()!=lineno,_
288,"com.google.javascript.rhino.jstype.FunctionType#boolean#isSubtype#?,JSType#740",0.0,0.0,0.0,!(that.isFunctionType()),_
289,"com.google.javascript.rhino.jstype.PrototypeObjectType#?#PrototypeObjectType#?,JSTypeRegistry,String,ObjectType,boolean#114",0.0,0.0,0.0,!(nativeType || implicitPrototype != null),_
290,"com.google.javascript.rhino.jstype.ObjectType#boolean#defineInferredProperty#?,String,JSType,boolean,Node#274",0.0,0.0,0.0,hasProperty(propertyName),_
291,com.google.javascript.jscomp.WarningsGuard#int#getPriority#?#82,0.0,0.0,0.0,Priority.DEFAULT.value!=0,_
292,"com.google.javascript.rhino.jstype.JSType#JSType#resolve#?,ErrorReporter,StaticScope<JSType>#960",0.0,0.0,0.0,!(resolveResult == null),_
293,"com.google.javascript.jscomp.TypeCheck#boolean#propertyIsImplicitCast#?,ObjectType,String#1000",0.0,0.0,0.0,!(type != null),_
294,"com.google.javascript.rhino.JSDocInfoBuilder#void#markName#?,String,int,int#190",0.0,0.0,0.0,!(currentMarker != null),_
295,"com.google.javascript.jscomp.TypeCheck#void#visitVar#?,NodeTraversal,Node#1360",0.0,0.0,0.0,!(info != null && info.hasEnumParameterType()),_
296,com.google.javascript.rhino.Node$SiblingNodeIterable#Iterator<Node>#iterator#?#1229,0.0,0.0,0.0,!used,_
297,"com.google.javascript.jscomp.TypeInference#FlowScope#traverseName#?,Node,FlowScope#661",0.0,0.0,0.0,!unflowable && !nonLocalInferredSlot,_
298,"com.google.javascript.rhino.jstype.UnionType#JSType#resolveInternal#?,ErrorReporter,StaticScope<JSType>#528",0.0,0.0,0.0,!(changed),_
299,com.google.javascript.rhino.jstype.ArrowType#int#hashCode#?#188,0.0,0.0,0.0,returnType != null,_
300,com.google.javascript.jscomp.parsing.JsDocInfoParser#JsDocToken#next#?#2157,0.0,0.0,0.0,unreadToken == NO_UNREAD_TOKEN,_
301,"com.google.javascript.jscomp.TypedScopeCreator$AbstractScopeBuilder#void#visit#?,NodeTraversal,Node,Node#436",0.0,0.0,0.0,t.getInput() == null || !t.getInput().isExtern(),_
302,com.google.javascript.rhino.jstype.UnionType#boolean#isUnknownType#?#260,0.0,0.0,0.0,!(t.isUnknownType()),_
303,"com.google.javascript.jscomp.TypeCheck#void#checkPropertyAccess#?,JSType,String,NodeTraversal,Node#1270",0.0,0.0,0.0,!(objectType instanceof EnumType),_
304,"com.google.javascript.rhino.JSDocInfoBuilder#boolean#recordType#?,JSTypeExpression#379",0.0,0.0,0.0,type != null && !hasAnyTypeRelatedTags(),_
305,"com.google.javascript.rhino.jstype.PrototypeObjectType#JSDocInfo#getOwnPropertyJSDocInfo#?,String#253",0.0,0.0,0.0,p != null,_
306,"com.google.javascript.jscomp.parsing.ParserRunner#Node#parse#?,String,String,Config,ErrorReporter,Logger#113",0.0,0.0,0.0,astRoot != null,_
307,com.google.javascript.jscomp.LinkedFlowScope#FlowScope#createChildFlowScope#?#160,0.0,0.0,0.0,!(depth > MAX_DEPTH),_
308,"com.google.javascript.jscomp.InferJSDocInfo#void#attachJSDocInfoToNominalTypeOrShape#?,ObjectType,JSDocInfo,String#200",0.0,0.0,0.0,objType.isConstructor() || objType.isInterface(),_
309,"com.google.javascript.jscomp.FunctionTypeBuilder#boolean#isOptionalParameter#?,Node,JSDocInfo#542",0.0,0.0,0.0,!(codingConvention.isOptionalParameter(param)),_
310,"com.google.javascript.jscomp.ClosureCodingConvention#SubclassRelationship#getClassesDefinedByCall#?,Node#73",0.0,0.0,0.0,!(type != null),_
311,"com.google.javascript.jscomp.PrepareAst$PrepareAnnotations#void#annotateCalls#?,Node#181",0.0,0.0,0.0,!NodeUtil.isGet(first),_
312,"com.google.javascript.jscomp.Scope#boolean#isDeclared#?,String,boolean#452",0.0,0.0,0.0,!(scope.parent != null && recurse),_
313,"com.google.javascript.jscomp.TypedScopeCreator$AbstractScopeBuilder#void#defineFunctionLiteral#?,Node,Node#679",0.0,0.0,0.0,!(NodeUtil.isFunctionDeclaration(n)),_
314,com.google.javascript.rhino.Node#Iterable<Node>#children#?#1193,0.0,0.0,0.0,first == null,_
315,"com.google.javascript.jscomp.JsAst#void#parse#?,AbstractCompiler,String,String#96",0.0,0.0,0.0,!(root == null || compiler.hasHaltingErrors()),_
316,"com.google.javascript.jscomp.TypeValidator#boolean#expectNotNullOrUndefined#?,NodeTraversal,Node,JSType,String,JSType#235",0.0,0.0,0.0,!(!type.isNoType() && !type.isUnknownType() && type.isSubtype(nullOrUndefined)&& !containsForwardDeclaredUnresolvedName(type)),_
317,"com.google.javascript.jscomp.TypeCheck#void#ensureTyped#?,NodeTraversal,Node,JSType#1791",0.0,0.0,0.0,!(n.getJSType() == null),_
318,"com.google.javascript.jscomp.Compiler#Tracer#newTracer#?,String#835",0.0,0.0,0.0,!(options.tracer.isOn()),_
319,"com.google.javascript.jscomp.parsing.IRFactory#Node#transform#?,AstNode#218",0.0,0.0,0.0,!(irNode.getLineno() == -1),_
320,"com.google.javascript.jscomp.ControlFlowAnalysis#boolean#mayThrowException#?,Node#909",0.0,0.0,0.0,!(!ControlFlowGraph.isEnteringNewCfgNode(c) && mayThrowException(c)),_
321,com.google.javascript.jscomp.parsing.JsDocTokenStream#int#getCharno#?#230,0.0,0.0,0.0,lineno == initLineno ? initCharno + charno : charno>0,_
