,col0,col1,col2,col3,col4,col5,col6,col7,col8,col9,col10
0,TsUsbGD.sys,35328,1,1269569568,2010-03-26T02:12:48.000Z,imports,ntoskrnl.dll,ExFreePool,c26f638642ef8203ec7113464a0cca55,50398a6fb2a333701395107549c4e5ffb567278a89c387088025e49cfa371f92,c:\Windows\System32\DriverStore\FileRepository\tsgenericusbdriver.inf_amd64_feba7a0cc85fc885\TsUsbGD.sys
1,TsUsbGD.sys,35328,1,1269569568,2010-03-26T02:12:48.000Z,imports,ntoskrnl.dll,ExFreePoolWithTag,c26f638642ef8203ec7113464a0cca55,50398a6fb2a333701395107549c4e5ffb567278a89c387088025e49cfa371f92,c:\Windows\System32\DriverStore\FileRepository\tsgenericusbdriver.inf_amd64_feba7a0cc85fc885\TsUsbGD.sys
2,TsUsbGD.sys,35328,1,1269569568,2010-03-26T02:12:48.000Z,imports,ntoskrnl.dll,IoAllocateMdl,c26f638642ef8203ec7113464a0cca55,50398a6fb2a333701395107549c4e5ffb567278a89c387088025e49cfa371f92,c:\Windows\System32\DriverStore\FileRepository\tsgenericusbdriver.inf_amd64_feba7a0cc85fc885\TsUsbGD.sys
3,TsUsbGD.sys,35328,1,1269569568,2010-03-26T02:12:48.000Z,imports,ntoskrnl.dll,IoFileObjectType,c26f638642ef8203ec7113464a0cca55,50398a6fb2a333701395107549c4e5ffb567278a89c387088025e49cfa371f92,c:\Windows\System32\DriverStore\FileRepository\tsgenericusbdriver.inf_amd64_feba7a0cc85fc885\TsUsbGD.sys
4,TsUsbGD.sys,35328,1,1269569568,2010-03-26T02:12:48.000Z,imports,ntoskrnl.dll,IoFreeMdl,c26f638642ef8203ec7113464a0cca55,50398a6fb2a333701395107549c4e5ffb567278a89c387088025e49cfa371f92,c:\Windows\System32\DriverStore\FileRepository\tsgenericusbdriver.inf_amd64_feba7a0cc85fc885\TsUsbGD.sys
5,TsUsbGD.sys,35328,1,1269569568,2010-03-26T02:12:48.000Z,imports,ntoskrnl.dll,IoGetCurrentProcess,c26f638642ef8203ec7113464a0cca55,50398a6fb2a333701395107549c4e5ffb567278a89c387088025e49cfa371f92,c:\Windows\System32\DriverStore\FileRepository\tsgenericusbdriver.inf_amd64_feba7a0cc85fc885\TsUsbGD.sys
6,TsUsbGD.sys,35328,1,1269569568,2010-03-26T02:12:48.000Z,imports,ntoskrnl.dll,IoWMIRegistrationControl,c26f638642ef8203ec7113464a0cca55,50398a6fb2a333701395107549c4e5ffb567278a89c387088025e49cfa371f92,c:\Windows\System32\DriverStore\FileRepository\tsgenericusbdriver.inf_amd64_feba7a0cc85fc885\TsUsbGD.sys
7,TsUsbGD.sys,35328,1,1269569568,2010-03-26T02:12:48.000Z,imports,ntoskrnl.dll,KeBugCheckEx,c26f638642ef8203ec7113464a0cca55,50398a6fb2a333701395107549c4e5ffb567278a89c387088025e49cfa371f92,c:\Windows\System32\DriverStore\FileRepository\tsgenericusbdriver.inf_amd64_feba7a0cc85fc885\TsUsbGD.sys
8,TsUsbGD.sys,35328,1,1269569568,2010-03-26T02:12:48.000Z,imports,ntoskrnl.dll,MmGetSystemRoutineAddress,c26f638642ef8203ec7113464a0cca55,50398a6fb2a333701395107549c4e5ffb567278a89c387088025e49cfa371f92,c:\Windows\System32\DriverStore\FileRepository\tsgenericusbdriver.inf_amd64_feba7a0cc85fc885\TsUsbGD.sys
9,TsUsbGD.sys,35328,1,1269569568,2010-03-26T02:12:48.000Z,imports,ntoskrnl.dll,MmMapLockedPagesSpecifyCache,c26f638642ef8203ec7113464a0cca55,50398a6fb2a333701395107549c4e5ffb567278a89c387088025e49cfa371f92,c:\Windows\System32\DriverStore\FileRepository\tsgenericusbdriver.inf_amd64_feba7a0cc85fc885\TsUsbGD.sys
10,TsUsbGD.sys,35328,1,1269569568,2010-03-26T02:12:48.000Z,imports,ntoskrnl.dll,MmProbeAndLockPages,c26f638642ef8203ec7113464a0cca55,50398a6fb2a333701395107549c4e5ffb567278a89c387088025e49cfa371f92,c:\Windows\System32\DriverStore\FileRepository\tsgenericusbdriver.inf_amd64_feba7a0cc85fc885\TsUsbGD.sys
11,TsUsbGD.sys,35328,1,1269569568,2010-03-26T02:12:48.000Z,imports,ntoskrnl.dll,MmUnlockPages,c26f638642ef8203ec7113464a0cca55,50398a6fb2a333701395107549c4e5ffb567278a89c387088025e49cfa371f92,c:\Windows\System32\DriverStore\FileRepository\tsgenericusbdriver.inf_amd64_feba7a0cc85fc885\TsUsbGD.sys
12,TsUsbGD.sys,35328,1,1269569568,2010-03-26T02:12:48.000Z,imports,ntoskrnl.dll,ObReferenceObjectByHandle,c26f638642ef8203ec7113464a0cca55,50398a6fb2a333701395107549c4e5ffb567278a89c387088025e49cfa371f92,c:\Windows\System32\DriverStore\FileRepository\tsgenericusbdriver.inf_amd64_feba7a0cc85fc885\TsUsbGD.sys
13,TsUsbGD.sys,35328,1,1269569568,2010-03-26T02:12:48.000Z,imports,ntoskrnl.dll,ObfDereferenceObject,c26f638642ef8203ec7113464a0cca55,50398a6fb2a333701395107549c4e5ffb567278a89c387088025e49cfa371f92,c:\Windows\System32\DriverStore\FileRepository\tsgenericusbdriver.inf_amd64_feba7a0cc85fc885\TsUsbGD.sys
14,TsUsbGD.sys,35328,1,1269569568,2010-03-26T02:12:48.000Z,imports,ntoskrnl.dll,RtlCopyUnicodeString,c26f638642ef8203ec7113464a0cca55,50398a6fb2a333701395107549c4e5ffb567278a89c387088025e49cfa371f92,c:\Windows\System32\DriverStore\FileRepository\tsgenericusbdriver.inf_amd64_feba7a0cc85fc885\TsUsbGD.sys
15,TsUsbGD.sys,35328,1,1269569568,2010-03-26T02:12:48.000Z,imports,ntoskrnl.dll,RtlGUIDFromString,c26f638642ef8203ec7113464a0cca55,50398a6fb2a333701395107549c4e5ffb567278a89c387088025e49cfa371f92,c:\Windows\System32\DriverStore\FileRepository\tsgenericusbdriver.inf_amd64_feba7a0cc85fc885\TsUsbGD.sys
16,TsUsbGD.sys,35328,1,1269569568,2010-03-26T02:12:48.000Z,imports,ntoskrnl.dll,RtlInitUnicodeString,c26f638642ef8203ec7113464a0cca55,50398a6fb2a333701395107549c4e5ffb567278a89c387088025e49cfa371f92,c:\Windows\System32\DriverStore\FileRepository\tsgenericusbdriver.inf_amd64_feba7a0cc85fc885\TsUsbGD.sys
17,TsUsbGD.sys,35328,1,1269569568,2010-03-26T02:12:48.000Z,imports,ntoskrnl.dll,__C_specific_handler,c26f638642ef8203ec7113464a0cca55,50398a6fb2a333701395107549c4e5ffb567278a89c387088025e49cfa371f92,c:\Windows\System32\DriverStore\FileRepository\tsgenericusbdriver.inf_amd64_feba7a0cc85fc885\TsUsbGD.sys
18,TsUsbGD.sys,35328,1,1269569568,2010-03-26T02:12:48.000Z,imports,wdfldr.dll,WdfVersionBind,c26f638642ef8203ec7113464a0cca55,50398a6fb2a333701395107549c4e5ffb567278a89c387088025e49cfa371f92,c:\Windows\System32\DriverStore\FileRepository\tsgenericusbdriver.inf_amd64_feba7a0cc85fc885\TsUsbGD.sys
19,TsUsbGD.sys,35328,1,1269569568,2010-03-26T02:12:48.000Z,imports,wdfldr.dll,WdfVersionBindClass,c26f638642ef8203ec7113464a0cca55,50398a6fb2a333701395107549c4e5ffb567278a89c387088025e49cfa371f92,c:\Windows\System32\DriverStore\FileRepository\tsgenericusbdriver.inf_amd64_feba7a0cc85fc885\TsUsbGD.sys
20,TsUsbGD.sys,35328,1,1269569568,2010-03-26T02:12:48.000Z,imports,wdfldr.dll,WdfVersionUnbind,c26f638642ef8203ec7113464a0cca55,50398a6fb2a333701395107549c4e5ffb567278a89c387088025e49cfa371f92,c:\Windows\System32\DriverStore\FileRepository\tsgenericusbdriver.inf_amd64_feba7a0cc85fc885\TsUsbGD.sys
21,TsUsbGD.sys,35328,1,1269569568,2010-03-26T02:12:48.000Z,imports,wdfldr.dll,WdfVersionUnbindClass,c26f638642ef8203ec7113464a0cca55,50398a6fb2a333701395107549c4e5ffb567278a89c387088025e49cfa371f92,c:\Windows\System32\DriverStore\FileRepository\tsgenericusbdriver.inf_amd64_feba7a0cc85fc885\TsUsbGD.sys
