,col0,col1,col2,col3,col4,col5
0,18eec8f0e6bf2571732ad319e9beb0a7ddcfc6c7,If we are at it - rename those interfaces too,RENAME,RENAME	{Interface AxisValueFormatter at MPChartLib/src/main/java/com/github/mikephil/charting/formatter/AxisValueFormatter.java:5}	{Interface IAxisValueFormatter at MPChartLib/src/main/java/com/github/mikephil/charting/formatter/IAxisValueFormatter.java:5}),MPChartLib/src/main/java/com/github/mikephil/charting/formatter/AxisValueFormatter.java:107:833:107:833 InterfaceDeclaration AxisValueFormatter,MPChartLib/src/main/java/com/github/mikephil/charting/formatter/IAxisValueFormatter.java:107:834:107:834 InterfaceDeclaration IAxisValueFormatter
1,18eec8f0e6bf2571732ad319e9beb0a7ddcfc6c7,If we are at it - rename those interfaces too,RENAME,RENAME	{Interface FillFormatter at MPChartLib/src/main/java/com/github/mikephil/charting/formatter/FillFormatter.java:6}	{Interface IFillFormatter at MPChartLib/src/main/java/com/github/mikephil/charting/formatter/IFillFormatter.java:6}),MPChartLib/src/main/java/com/github/mikephil/charting/formatter/FillFormatter.java:198:755:198:755 InterfaceDeclaration FillFormatter,MPChartLib/src/main/java/com/github/mikephil/charting/formatter/IFillFormatter.java:198:756:198:756 InterfaceDeclaration IFillFormatter
2,713f467ba839b9811b631c67db6c8c4bf65e3c71,Renamed Highlighter -> IHighlighter,RENAME,RENAME	{Interface Highlighter at MPChartLib/src/main/java/com/github/mikephil/charting/highlight/Highlighter.java:3}	{Interface IHighlighter at MPChartLib/src/main/java/com/github/mikephil/charting/highlight/IHighlighter.java:3}),MPChartLib/src/main/java/com/github/mikephil/charting/highlight/Highlighter.java:49:339:49:339 InterfaceDeclaration Highlighter,MPChartLib/src/main/java/com/github/mikephil/charting/highlight/IHighlighter.java:49:340:49:340 InterfaceDeclaration IHighlighter
3,99379d7bcffd3247bde40fbe06bab8ec58066586,Renamed `ShapeRenderer` -> `IShapeRenderer`,RENAME,RENAME	{Interface ShapeRenderer at MPChartLib/src/main/java/com/github/mikephil/charting/renderer/scatter/ShapeRenderer.java:11}	{Interface IShapeRenderer at MPChartLib/src/main/java/com/github/mikephil/charting/renderer/scatter/IShapeRenderer.java:11}),MPChartLib/src/main/java/com/github/mikephil/charting/renderer/scatter/ShapeRenderer.java:368:1122:368:1122 InterfaceDeclaration ShapeRenderer,MPChartLib/src/main/java/com/github/mikephil/charting/renderer/scatter/IShapeRenderer.java:368:1123:368:1123 InterfaceDeclaration IShapeRenderer
4,5a15715b25991e3d61d27d552f9eba45975d65e7,New formatters for YAxis and XAxis with greater customizeability.,MOVE_RENAME,MOVE_RENAME	{Interface XValueFormatter at MPChartLib/src/com/github/mikephil/charting/utils/XValueFormatter.java:3}	{Interface XAxisValueFormatter at MPChartLib/src/com/github/mikephil/charting/formatter/XAxisValueFormatter.java:5}),MPChartLib/src/com/github/mikephil/charting/utils/XValueFormatter.java:45:647:45:647 InterfaceDeclaration XValueFormatter,MPChartLib/src/com/github/mikephil/charting/formatter/XAxisValueFormatter.java:109:826:109:826 InterfaceDeclaration XAxisValueFormatter
5,3514aaedf9624222c985cb3abb12df2d9b514b12,Major improvements to stacked bars and bar highlighting.,RENAME,RENAME	{Interface BarLineScatterCandleDataProvider at MPChartLib/src/com/github/mikephil/charting/interfaces/BarLineScatterCandleDataProvider.java:6}	{Interface BarLineScatterCandleBubbleDataProvider at MPChartLib/src/com/github/mikephil/charting/interfaces/BarLineScatterCandleBubbleDataProvider.java:7}),MPChartLib/src/com/github/mikephil/charting/interfaces/BarLineScatterCandleDataProvider.java:175:489:175:489 InterfaceDeclaration BarLineScatterCandleDataProvider,MPChartLib/src/com/github/mikephil/charting/interfaces/BarLineScatterCandleBubbleDataProvider.java:242:610:242:610 InterfaceDeclaration BarLineScatterCandleBubbleDataProvider
6,88a958cc71cd54397bf4a74c9e5c47fd12d3b4d0,Rename HttpCodec to ExchangeCodec,RENAME,RENAME	{Interface HttpCodec at okhttp/src/main/java/okhttp3/internal/http/HttpCodec.java:27}	{Interface ExchangeCodec at okhttp/src/main/java/okhttp3/internal/http/ExchangeCodec.java:27}),okhttp/src/main/java/okhttp3/internal/http/HttpCodec.java:877:2609:877:2609 InterfaceDeclaration HttpCodec,okhttp/src/main/java/okhttp3/internal/http/ExchangeCodec.java:877:2613:877:2613 InterfaceDeclaration ExchangeCodec
7,949439ae5b0c5fd70687d1f946cac80552a5a7f9,Rename NewWebSocket to WebSocket.,RENAME,RENAME	{Interface NewWebSocket at okhttp/src/main/java/okhttp3/NewWebSocket.java:20}	{Interface WebSocket at okhttp/src/main/java/okhttp3/WebSocket.java:20}),okhttp/src/main/java/okhttp3/NewWebSocket.java:644:6433:644:6433 InterfaceDeclaration NewWebSocket,okhttp/src/main/java/okhttp3/WebSocket.java:644:5085:644:5085 InterfaceDeclaration WebSocket
8,3d43a8dba89ccd7333c3ebcf74928e441790d943,Rename FramedConnection to Http2Connection.,RENAME,RENAME	{Interface HttpStream at okhttp/src/main/java/okhttp3/internal/http/HttpStream.java:24}	{Interface HttpCodec at okhttp/src/main/java/okhttp3/internal/http/HttpCodec.java:24}),okhttp/src/main/java/okhttp3/internal/http/HttpStream.java:777:1868:777:1868 InterfaceDeclaration HttpStream,okhttp/src/main/java/okhttp3/internal/http/HttpCodec.java:777:1924:777:1924 InterfaceDeclaration HttpCodec
9,c358656c8799d30fd422448153e99a5dd37e298a,First draft of the new new stream allocations model.,RENAME,RENAME	{Interface Transport at okhttp/src/main/java/com/squareup/okhttp/internal/http/Transport.java:25}	{Interface HttpStream at okhttp/src/main/java/com/squareup/okhttp/internal/http/HttpStream.java:25}),okhttp/src/main/java/com/squareup/okhttp/internal/http/Transport.java:826:2314:826:2314 InterfaceDeclaration Transport,okhttp/src/main/java/com/squareup/okhttp/internal/http/HttpStream.java:826:2158:826:2158 InterfaceDeclaration HttpStream
10,b3ecd1e4e34d191941b152d7e7c4cb08e1c0201e,Clean up HostResolver.,MOVE_RENAME,MOVE_RENAME	{Interface HostResolver at okhttp/src/main/java/com/squareup/okhttp/HostResolver.java:21}	{Interface Network at okhttp/src/main/java/com/squareup/okhttp/internal/Network.java:21}),okhttp/src/main/java/com/squareup/okhttp/HostResolver.java:699:1182:699:1182 InterfaceDeclaration HostResolver,okhttp/src/main/java/com/squareup/okhttp/internal/Network.java:708:1229:708:1229 InterfaceDeclaration Network
11,84f9a172f93b041e482003bd6b5b080513c23c91,Allow callers to pass in a custom host resolver implementation.,MOVE_RENAME,MOVE_RENAME	{Interface Dns at okhttp/src/main/java/com/squareup/okhttp/internal/Dns.java:21}	{Interface HostResolver at okhttp/src/main/java/com/squareup/okhttp/HostResolver.java:21}),okhttp/src/main/java/com/squareup/okhttp/internal/Dns.java:708:1164:708:1164 InterfaceDeclaration Dns,okhttp/src/main/java/com/squareup/okhttp/HostResolver.java:699:1182:699:1182 InterfaceDeclaration HostResolver
12,d111f4cd19d3d69558dd2186d778efb69b90b1e3,Rename OkAuthenticator to Authenticator.,RENAME,RENAME	{Interface OkAuthenticator at okhttp/src/main/java/com/squareup/okhttp/OkAuthenticator.java:21}	{Interface Authenticator at okhttp/src/main/java/com/squareup/okhttp/Authenticator.java:21}),okhttp/src/main/java/com/squareup/okhttp/OkAuthenticator.java:683:2291:683:2291 InterfaceDeclaration OkAuthenticator,okhttp/src/main/java/com/squareup/okhttp/Authenticator.java:683:2289:683:2289 InterfaceDeclaration Authenticator
13,329750f91730982a02e9f0732e5d1d84eaa97db7,Rename HttpResponseCache to Cache.,MOVE_RENAME,MOVE_RENAME	{Interface OkResponseCache at okhttp/src/main/java/com/squareup/okhttp/OkResponseCache.java:21}	{Interface InternalCache at okhttp/src/main/java/com/squareup/okhttp/internal/InternalCache.java:24}),okhttp/src/main/java/com/squareup/okhttp/OkResponseCache.java:690:1765:690:1765 InterfaceDeclaration OkResponseCache,okhttp/src/main/java/com/squareup/okhttp/internal/InternalCache.java:815:1878:815:1878 InterfaceDeclaration InternalCache
14,0b677ac70d37f9064d3a0c0914794f60f66d64be,Introduce Call for async invocations.,RENAME,RENAME	{Interface Receiver at okhttp/src/main/java/com/squareup/okhttp/Response.java:274}	{Interface Callback at okhttp/src/main/java/com/squareup/okhttp/Response.java:274}),okhttp/src/main/java/com/squareup/okhttp/Response.java:8559:9408:8559:9408 InterfaceDeclaration Receiver,okhttp/src/main/java/com/squareup/okhttp/Response.java:8559:9408:8559:9408 InterfaceDeclaration Callback
15,2f31d7122d8806b6c32d2d1e181ca635fb80bba7,Hide more flags from SPDY APIs.,RENAME,RENAME	{Interface SpdyWriter at okhttp-protocols/src/main/java/com/squareup/okhttp/internal/spdy/SpdyWriter.java:23}	{Interface FrameWriter at okhttp-protocols/src/main/java/com/squareup/okhttp/internal/spdy/FrameWriter.java:23}),okhttp-protocols/src/main/java/com/squareup/okhttp/internal/spdy/SpdyWriter.java:743:1842:743:1842 InterfaceDeclaration SpdyWriter,okhttp-protocols/src/main/java/com/squareup/okhttp/internal/spdy/FrameWriter.java:743:1846:743:1846 InterfaceDeclaration FrameWriter
16,2f31d7122d8806b6c32d2d1e181ca635fb80bba7,Hide more flags from SPDY APIs.,RENAME,RENAME	{Interface SpdyReader at okhttp-protocols/src/main/java/com/squareup/okhttp/internal/spdy/SpdyReader.java:24}	{Interface FrameReader at okhttp-protocols/src/main/java/com/squareup/okhttp/internal/spdy/FrameReader.java:24}),okhttp-protocols/src/main/java/com/squareup/okhttp/internal/spdy/SpdyReader.java:771:1723:771:1723 InterfaceDeclaration SpdyReader,okhttp-protocols/src/main/java/com/squareup/okhttp/internal/spdy/FrameReader.java:771:1673:771:1673 InterfaceDeclaration FrameReader
17,78c6624b11d5f33504dae8211b4592383468343e,"Promote Connection, ConnectionPool and Address APIs.",RENAME,RENAME	{Interface ExtendedResponseCache at src/main/java/com/squareup/okhttp/ExtendedResponseCache.java:23}	{Interface OkResponseCache at src/main/java/com/squareup/okhttp/OkResponseCache.java:22}),src/main/java/com/squareup/okhttp/ExtendedResponseCache.java:746:1473:746:1473 InterfaceDeclaration ExtendedResponseCache,src/main/java/com/squareup/okhttp/OkResponseCache.java:745:1466:745:1466 InterfaceDeclaration OkResponseCache
18,4ce7b69ca0bd899ae5c49d05f48880ea54b13432,Add string converter support for all non-body annotation types.,RENAME,RENAME	{Interface Unresolvable at retrofit/src/test/java/retrofit/RetrofitTest.java:61}	{Interface UnresolvableResponseType at retrofit/src/test/java/retrofit/RetrofitTest.java:64}),retrofit/src/test/java/retrofit/RetrofitTest.java:2114:2417:2114:2417 InterfaceDeclaration Unresolvable,retrofit/src/test/java/retrofit/RetrofitTest.java:2286:2601:2286:2601 InterfaceDeclaration UnresolvableResponseType
19,904bf94b7c4cad1bea96fb9e8481ee307e208f65,Rename 'Endpoint' to 'BaseUrl'.,RENAME,RENAME	{Interface Endpoint at retrofit/src/main/java/retrofit/Endpoint.java:5}	{Interface BaseUrl at retrofit/src/main/java/retrofit/BaseUrl.java:5}),retrofit/src/main/java/retrofit/Endpoint.java:56:286:56:286 InterfaceDeclaration Endpoint,retrofit/src/main/java/retrofit/BaseUrl.java:56:304:56:304 InterfaceDeclaration BaseUrl
20,15b306a767d747063a34fc66d24e316630a5151d,Refine the behavior of detecting unresolvable types.,RENAME,RENAME	{Interface BoundsService at retrofit/src/test/java/retrofit/RestAdapterTest.java:43}	{Interface Unresolvable at retrofit/src/test/java/retrofit/RestAdapterTest.java:43}),retrofit/src/test/java/retrofit/RestAdapterTest.java:1304:1484:1304:1484 InterfaceDeclaration BoundsService,retrofit/src/test/java/retrofit/RestAdapterTest.java:1304:1607:1304:1607 InterfaceDeclaration Unresolvable
21,e9cc00a53cf37a730fa675e88e57d9c7e1e36cfc,Changing IServer -> Endpoint and adding factory methods. Deprecating Server and ChangeableServer.,RENAME,RENAME	{Interface IServer at retrofit/src/main/java/retrofit/IServer.java:3}	{Interface Endpoint at retrofit/src/main/java/retrofit/Endpoint.java:3}),retrofit/src/main/java/retrofit/IServer.java:19:435:19:435 InterfaceDeclaration IServer,retrofit/src/main/java/retrofit/Endpoint.java:19:403:19:403 InterfaceDeclaration Endpoint
22,2ef7ca064584f60416581b0793557eb4277136a1,Rewrite annotations to be more descriptive.,RENAME,RENAME	{Interface Headers at retrofit/src/main/java/retrofit/http/Headers.java:7}	{Interface RequestHeaders at retrofit/src/main/java/retrofit/http/RequestHeaders.java:8}),retrofit/src/main/java/retrofit/http/Headers.java:109:535:109:535 InterfaceDeclaration Headers,retrofit/src/main/java/retrofit/http/RequestHeaders.java:145:592:145:592 InterfaceDeclaration RequestHeaders
23,f844530c11dca51bd8d96afc87b6e94d0a20917a,issue #198: rename Header -> HeaderPair to harvest the names for new annotations,RENAME,RENAME	{Interface Headers at retrofit/src/main/java/retrofit/http/Headers.java:7}	{Interface HeaderPairs at retrofit/src/main/java/retrofit/http/HeaderPairs.java:7}),retrofit/src/main/java/retrofit/http/Headers.java:109:535:109:535 InterfaceDeclaration Headers,retrofit/src/main/java/retrofit/http/HeaderPairs.java:109:555:109:555 InterfaceDeclaration HeaderPairs
24,fe43ab0b5c3541fb33b8fddc6a1db60260ff52b3,Break up TypedBytes into TypedInput and TypedOutput.,RENAME,RENAME	{Interface TypedBytes at retrofit/src/main/java/retrofit/io/TypedBytes.java:7}	{Interface TypedOutput at retrofit/src/main/java/retrofit/io/TypedOutput.java:7}),retrofit/src/main/java/retrofit/io/TypedBytes.java:111:443:111:443 InterfaceDeclaration TypedBytes,retrofit/src/main/java/retrofit/io/TypedOutput.java:111:445:111:445 InterfaceDeclaration TypedOutput
25,4d5081891e0d9f3968251842acdef41a45cc2330,Abstract HTTP client behind interfaces.,RENAME,RENAME	{Interface HttpProfiler at retrofit/src/main/java/retrofit/http/HttpProfiler.java:4}	{Interface Profiler at retrofit/src/main/java/retrofit/http/Profiler.java:4}),retrofit/src/main/java/retrofit/http/HttpProfiler.java:62:2486:62:2486 InterfaceDeclaration HttpProfiler,retrofit/src/main/java/retrofit/http/Profiler.java:55:2372:55:2372 InterfaceDeclaration Profiler
26,cb037246324b4795b68c6398893d1db2d1e7f511,"3.x: Widen functional interface throws, replace Callable with Supplier (#6511)",RENAME,RENAME	{Interface ScalarCallable at src/main/java/io/reactivex/internal/fuseable/ScalarCallable.java:17}	{Interface ScalarSupplier at src/main/java/io/reactivex/internal/fuseable/ScalarSupplier.java:17}),src/main/java/io/reactivex/internal/fuseable/ScalarCallable.java:685:1448:685:1448 InterfaceDeclaration ScalarCallable,src/main/java/io/reactivex/internal/fuseable/ScalarSupplier.java:687:1448:687:1448 InterfaceDeclaration ScalarSupplier
27,f59ce00934a65b880cbe5b7e06436f85e73187d9,"2.x: coverage, bugfixes, 9/03-1 (#4468)",RENAME,RENAME	{Interface NbpQueueDrain at src/main/java/io/reactivex/internal/util/NbpQueueDrain.java:18}	{Interface ObservableQueueDrain at src/main/java/io/reactivex/internal/util/ObservableQueueDrain.java:18}),src/main/java/io/reactivex/internal/util/NbpQueueDrain.java:657:1177:657:1177 InterfaceDeclaration NbpQueueDrain,src/main/java/io/reactivex/internal/util/ObservableQueueDrain.java:657:1184:657:1184 InterfaceDeclaration ObservableQueueDrain
28,5ae5478358bca16364e153b498f65f9c4546de4e,"Rename create to unsafeCreate, add """"safe"""" create methods. (#4317)",RENAME,RENAME	{Interface AsyncEmitter at src/main/java/io/reactivex/AsyncEmitter.java:18}	{Interface FlowableEmitter at src/main/java/io/reactivex/FlowableEmitter.java:18}),src/main/java/io/reactivex/AsyncEmitter.java:657:2691:657:2691 InterfaceDeclaration AsyncEmitter,src/main/java/io/reactivex/FlowableEmitter.java:657:2694:657:2694 InterfaceDeclaration FlowableEmitter
29,2de974aa65a226fe10190fa0881f576814459d42,2.x: Rename Observable Base Interface Types for consistency (#4300),MOVE_RENAME,MOVE_RENAME	{Interface Transformer at src/main/java/io/reactivex/Observable.java:48}	{Interface ObservableTransformer at src/main/java/io/reactivex/ObservableTransformer.java:18}),src/main/java/io/reactivex/Observable.java:1729:1869:1729:1869 InterfaceDeclaration Transformer,src/main/java/io/reactivex/ObservableTransformer.java:650:784:650:784 InterfaceDeclaration ObservableTransformer
30,2de974aa65a226fe10190fa0881f576814459d42,2.x: Rename Observable Base Interface Types for consistency (#4300),MOVE_RENAME,MOVE_RENAME	{Interface Operator at src/main/java/io/reactivex/Observable.java:44}	{Interface ObservableOperator at src/main/java/io/reactivex/ObservableOperator.java:18}),src/main/java/io/reactivex/Observable.java:1580:1719:1580:1719 InterfaceDeclaration Operator,src/main/java/io/reactivex/ObservableOperator.java:650:787:650:787 InterfaceDeclaration ObservableOperator
31,2de974aa65a226fe10190fa0881f576814459d42,2.x: Rename Observable Base Interface Types for consistency (#4300),RENAME,RENAME	{Interface ObservableConsumable at src/main/java/io/reactivex/ObservableConsumable.java:15}	{Interface ObservableSource at src/main/java/io/reactivex/ObservableSource.java:15}),src/main/java/io/reactivex/ObservableConsumable.java:611:1033:611:1033 InterfaceDeclaration ObservableConsumable,src/main/java/io/reactivex/ObservableSource.java:611:1025:611:1025 InterfaceDeclaration ObservableSource
32,e81d399fe3cebd47cc4c4f8e8a3fa671eeac454f,2.x: Rename Completable Base Interface Types for consistency (#4302),RENAME,RENAME	{Interface CompletableConsumable at src/main/java/io/reactivex/CompletableConsumable.java:15}	{Interface CompletableSource at src/main/java/io/reactivex/CompletableSource.java:15}),src/main/java/io/reactivex/CompletableConsumable.java:611:998:611:998 InterfaceDeclaration CompletableConsumable,src/main/java/io/reactivex/CompletableSource.java:611:986:611:986 InterfaceDeclaration CompletableSource
33,e81d399fe3cebd47cc4c4f8e8a3fa671eeac454f,2.x: Rename Completable Base Interface Types for consistency (#4302),RENAME,RENAME	{Interface CompletableSubscriber at src/main/java/io/reactivex/CompletableSubscriber.java:18}	{Interface CompletableObserver at src/main/java/io/reactivex/CompletableObserver.java:18}),src/main/java/io/reactivex/CompletableSubscriber.java:657:1350:657:1350 InterfaceDeclaration CompletableSubscriber,src/main/java/io/reactivex/CompletableObserver.java:657:1348:657:1348 InterfaceDeclaration CompletableObserver
34,20373999c6ef718878e40769b27bb787f70c5938,2.x: Rename Flowable Base Interface Types for consistency (#4299),MOVE_RENAME,MOVE_RENAME	{Interface Operator at src/main/java/io/reactivex/Flowable.java:48}	{Interface FlowableOperator at src/main/java/io/reactivex/FlowableOperator.java:20}),src/main/java/io/reactivex/Flowable.java:1841:2195:1841:2195 InterfaceDeclaration Operator,src/main/java/io/reactivex/FlowableOperator.java:690:1024:690:1024 InterfaceDeclaration FlowableOperator
35,20373999c6ef718878e40769b27bb787f70c5938,2.x: Rename Flowable Base Interface Types for consistency (#4299),MOVE_RENAME,MOVE_RENAME	{Interface Transformer at src/main/java/io/reactivex/Flowable.java:58}	{Interface FlowableTransformer at src/main/java/io/reactivex/FlowableTransformer.java:20}),src/main/java/io/reactivex/Flowable.java:2205:2460:2205:2460 InterfaceDeclaration Transformer,src/main/java/io/reactivex/FlowableTransformer.java:689:916:689:916 InterfaceDeclaration FlowableTransformer
36,ed9a2c4b9de311929f2d8d5e37c3e078cb85db07,2.x: Rename Single Base Interface Types for consistency (#4297),RENAME,RENAME	{Interface SingleSubscriber at src/main/java/io/reactivex/SingleSubscriber.java:18}	{Interface SingleObserver at src/main/java/io/reactivex/SingleObserver.java:18}),src/main/java/io/reactivex/SingleSubscriber.java:657:804:657:804 InterfaceDeclaration SingleSubscriber,src/main/java/io/reactivex/SingleObserver.java:657:802:657:802 InterfaceDeclaration SingleObserver
37,ed9a2c4b9de311929f2d8d5e37c3e078cb85db07,2.x: Rename Single Base Interface Types for consistency (#4297),RENAME,RENAME	{Interface SingleConsumable at src/main/java/io/reactivex/SingleConsumable.java:15}	{Interface SingleSource at src/main/java/io/reactivex/SingleSource.java:15}),src/main/java/io/reactivex/SingleConsumable.java:611:1003:611:1003 InterfaceDeclaration SingleConsumable,src/main/java/io/reactivex/SingleSource.java:611:991:611:991 InterfaceDeclaration SingleSource
38,2241a729e74166506ec9b8ae15841b1e3031c4a2,Remove defunct 'Nbp' prefix from Observable interfaces. (#4285),RENAME,RENAME	{Interface NbpTransformer at src/main/java/io/reactivex/Observable.java:47}	{Interface Transformer at src/main/java/io/reactivex/Observable.java:47}),src/main/java/io/reactivex/Observable.java:1673:1816:1673:1816 InterfaceDeclaration NbpTransformer,src/main/java/io/reactivex/Observable.java:1670:1810:1670:1810 InterfaceDeclaration Transformer
39,2241a729e74166506ec9b8ae15841b1e3031c4a2,Remove defunct 'Nbp' prefix from Observable interfaces. (#4285),RENAME,RENAME	{Interface NbpOperator at src/main/java/io/reactivex/Observable.java:43}	{Interface Operator at src/main/java/io/reactivex/Observable.java:43}),src/main/java/io/reactivex/Observable.java:1521:1663:1521:1663 InterfaceDeclaration NbpOperator,src/main/java/io/reactivex/Observable.java:1521:1660:1521:1660 InterfaceDeclaration Operator
40,9e852f1317c6bcb89f73471dec6aa134bb4d7abc,2.x: Single class + operators and test from 1.x + extra operators.,RENAME,RENAME	{Interface SingleCallback at src/main/java/io/reactivex/Single.java:36}	{Interface SingleSubscriber at src/main/java/io/reactivex/Single.java:47}),src/main/java/io/reactivex/Single.java:1177:1356:1177:1356 InterfaceDeclaration SingleCallback,src/main/java/io/reactivex/Single.java:1545:1725:1545:1725 InterfaceDeclaration SingleSubscriber
41,5789894638a62ac17b5276053e3bea8bdd570580,Merge window operator commit to master,RENAME,RENAME	{Interface BufferClosing at rxjava-core/src/main/java/rx/util/BufferClosing.java:18}	{Interface Closing at rxjava-core/src/main/java/rx/util/Closing.java:18}),rxjava-core/src/main/java/rx/util/BufferClosing.java:615:711:615:711 InterfaceDeclaration BufferClosing,rxjava-core/src/main/java/rx/util/Closing.java:615:705:615:705 InterfaceDeclaration Closing
42,5789894638a62ac17b5276053e3bea8bdd570580,Merge window operator commit to master,RENAME,RENAME	{Interface BufferOpening at rxjava-core/src/main/java/rx/util/BufferOpening.java:18}	{Interface Opening at rxjava-core/src/main/java/rx/util/Opening.java:18}),rxjava-core/src/main/java/rx/util/BufferOpening.java:615:710:615:710 InterfaceDeclaration BufferOpening,rxjava-core/src/main/java/rx/util/Opening.java:615:704:615:704 InterfaceDeclaration Opening
43,5789894638a62ac17b5276053e3bea8bdd570580,Merge window operator commit to master,MOVE_RENAME,MOVE_RENAME	{Interface BufferCreator at rxjava-core/src/main/java/rx/operators/OperationBuffer.java:396}	{Interface ChunkCreator at rxjava-core/src/main/java/rx/operators/ChunkedOperation.java:42}),rxjava-core/src/main/java/rx/operators/OperationBuffer.java:21443:21991:21443:21991 InterfaceDeclaration BufferCreator,rxjava-core/src/main/java/rx/operators/ChunkedOperation.java:1336:1822:1336:1822 InterfaceDeclaration ChunkCreator
44,2a4122c11b95eaa3213c2c3e54a93d28b9231eec,Rename to Observer/Observable,RENAME,RENAME	{Interface IDisposable at rxjava-core/src/main/java/org/rx/reactive/IDisposable.java:3}	{Interface Subscription at rxjava-core/src/main/java/org/rx/reactive/Subscription.java:3}),rxjava-core/src/main/java/org/rx/reactive/IDisposable.java:26:349:26:349 InterfaceDeclaration IDisposable,rxjava-core/src/main/java/org/rx/reactive/Subscription.java:26:351:26:351 InterfaceDeclaration Subscription
45,2a4122c11b95eaa3213c2c3e54a93d28b9231eec,Rename to Observer/Observable,RENAME,RENAME	{Interface IObserver at rxjava-core/src/main/java/org/rx/reactive/IObserver.java:3}	{Interface Observer at rxjava-core/src/main/java/org/rx/reactive/Observer.java:3}),rxjava-core/src/main/java/org/rx/reactive/IObserver.java:26:2324:26:2324 InterfaceDeclaration IObserver,rxjava-core/src/main/java/org/rx/reactive/Observer.java:26:2351:26:2351 InterfaceDeclaration Observer
46,e03f822c6d883823f46f4c7d375160923ab48a08,Add support for health indicator groups,RENAME,RENAME	{Interface HealthEndpointSettings at spring-boot-project/spring-boot-actuator/src/main/java/org/springframework/boot/actuate/health/HealthEndpointSettings.java:21}	{Interface HealthEndpointGroup at spring-boot-project/spring-boot-actuator/src/main/java/org/springframework/boot/actuate/health/HealthEndpointGroup.java:21}),spring-boot-project/spring-boot-actuator/src/main/java/org/springframework/boot/actuate/health/HealthEndpointSettings.java:740:1516:740:1516 InterfaceDeclaration HealthEndpointSettings,spring-boot-project/spring-boot-actuator/src/main/java/org/springframework/boot/actuate/health/HealthEndpointGroup.java:740:1835:740:1835 InterfaceDeclaration HealthEndpointGroup
47,0b3015e4ffe7b12db4a44c7bf49e1081f7cb5d90,Polish Binder classes,RENAME,RENAME	{Interface BeanBinder at spring-boot-project/spring-boot/src/main/java/org/springframework/boot/context/properties/bind/BeanBinder.java:22}	{Interface DataObjectBinder at spring-boot-project/spring-boot/src/main/java/org/springframework/boot/context/properties/bind/DataObjectBinder.java:22}),spring-boot-project/spring-boot/src/main/java/org/springframework/boot/context/properties/bind/BeanBinder.java:840:1736:840:1736 InterfaceDeclaration BeanBinder,spring-boot-project/spring-boot/src/main/java/org/springframework/boot/context/properties/bind/DataObjectBinder.java:840:1962:840:1962 InterfaceDeclaration DataObjectBinder
48,0b3015e4ffe7b12db4a44c7bf49e1081f7cb5d90,Polish Binder classes,RENAME,RENAME	{Interface BeanPropertyBinder at spring-boot-project/spring-boot/src/main/java/org/springframework/boot/context/properties/bind/BeanPropertyBinder.java:19}	{Interface DataObjectPropertyBinder at spring-boot-project/spring-boot/src/main/java/org/springframework/boot/context/properties/bind/DataObjectPropertyBinder.java:19}),spring-boot-project/spring-boot/src/main/java/org/springframework/boot/context/properties/bind/BeanPropertyBinder.java:682:1163:682:1163 InterfaceDeclaration BeanPropertyBinder,spring-boot-project/spring-boot/src/main/java/org/springframework/boot/context/properties/bind/DataObjectPropertyBinder.java:682:1174:682:1174 InterfaceDeclaration DataObjectPropertyBinder
49,6ba1f40e595cd18deca470791f354494ac546ada,"Polish """"Allow easy customization of EmbeddedMongo DownloadConfig""""",RENAME,RENAME	{Interface EmbeddedMongoDownloadConfigBuilderCustomizer at spring-boot-project/spring-boot-autoconfigure/src/main/java/org/springframework/boot/autoconfigure/mongo/embedded/EmbeddedMongoDownloadConfigBuilderCustomizer.java:21}	{Interface DownloadConfigBuilderCustomizer at spring-boot-project/spring-boot-autoconfigure/src/main/java/org/springframework/boot/autoconfigure/mongo/embedded/DownloadConfigBuilderCustomizer.java:22}),spring-boot-project/spring-boot-autoconfigure/src/main/java/org/springframework/boot/autoconfigure/mongo/embedded/EmbeddedMongoDownloadConfigBuilderCustomizer.java:750:1276:750:1276 InterfaceDeclaration EmbeddedMongoDownloadConfigBuilderCustomizer,spring-boot-project/spring-boot-autoconfigure/src/main/java/org/springframework/boot/autoconfigure/mongo/embedded/DownloadConfigBuilderCustomizer.java:815:1336:815:1336 InterfaceDeclaration DownloadConfigBuilderCustomizer
50,9a8c182d198e8e339aa6b775ab5ee9bcf1612aec,Only use micrometer composites when necessary,RENAME,RENAME	{Interface MeterRegistryConfigurer at spring-boot-project/spring-boot-actuator-autoconfigure/src/main/java/org/springframework/boot/actuate/autoconfigure/metrics/MeterRegistryConfigurer.java:22}	{Interface MeterRegistryCustomizer at spring-boot-project/spring-boot-actuator-autoconfigure/src/main/java/org/springframework/boot/actuate/autoconfigure/metrics/MeterRegistryCustomizer.java:22}),spring-boot-project/spring-boot-actuator-autoconfigure/src/main/java/org/springframework/boot/actuate/autoconfigure/metrics/MeterRegistryConfigurer.java:784:1272:784:1272 InterfaceDeclaration MeterRegistryConfigurer,spring-boot-project/spring-boot-actuator-autoconfigure/src/main/java/org/springframework/boot/actuate/autoconfigure/metrics/MeterRegistryCustomizer.java:784:1322:784:1322 InterfaceDeclaration MeterRegistryCustomizer
51,340ef52f7814737c41ac13973cd864327938d553,Refactor endpoint path concerns,RENAME,RENAME	{Interface EndpointPathResolver at spring-boot-project/spring-boot-actuator/src/main/java/org/springframework/boot/actuate/endpoint/web/EndpointPathResolver.java:19}	{Interface PathMapper at spring-boot-project/spring-boot-actuator/src/main/java/org/springframework/boot/actuate/endpoint/web/PathMapper.java:19}),spring-boot-project/spring-boot-actuator/src/main/java/org/springframework/boot/actuate/endpoint/web/EndpointPathResolver.java:678:1303:678:1303 InterfaceDeclaration EndpointPathResolver,spring-boot-project/spring-boot-actuator/src/main/java/org/springframework/boot/actuate/endpoint/web/PathMapper.java:678:1374:678:1374 InterfaceDeclaration PathMapper
52,1d39feffeabf4b94e3f900b941b58e0443d5887a,Overhaul actuator endpoint code,MOVE_RENAME,MOVE_RENAME	{Interface ParameterMapper at spring-boot-project/spring-boot-actuator/src/main/java/org/springframework/boot/actuate/endpoint/reflect/ParameterMapper.java:19}	{Interface ParameterValueMapper at spring-boot-project/spring-boot-actuator/src/main/java/org/springframework/boot/actuate/endpoint/invoke/ParameterValueMapper.java:19}),spring-boot-project/spring-boot-actuator/src/main/java/org/springframework/boot/actuate/endpoint/reflect/ParameterMapper.java:682:1254:682:1254 InterfaceDeclaration ParameterMapper,spring-boot-project/spring-boot-actuator/src/main/java/org/springframework/boot/actuate/endpoint/invoke/ParameterValueMapper.java:681:1264:681:1264 InterfaceDeclaration ParameterValueMapper
53,1d39feffeabf4b94e3f900b941b58e0443d5887a,Overhaul actuator endpoint code,MOVE_RENAME,MOVE_RENAME	{Interface OperationMethodInvokerAdvisor at spring-boot-project/spring-boot-actuator/src/main/java/org/springframework/boot/actuate/endpoint/reflect/OperationMethodInvokerAdvisor.java:21}	{Interface OperationInvokerAdvisor at spring-boot-project/spring-boot-actuator/src/main/java/org/springframework/boot/actuate/endpoint/invoke/OperationInvokerAdvisor.java:21}),spring-boot-project/spring-boot-actuator/src/main/java/org/springframework/boot/actuate/endpoint/reflect/OperationMethodInvokerAdvisor.java:750:1409:750:1409 InterfaceDeclaration OperationMethodInvokerAdvisor,spring-boot-project/spring-boot-actuator/src/main/java/org/springframework/boot/actuate/endpoint/invoke/OperationInvokerAdvisor.java:746:1402:746:1402 InterfaceDeclaration OperationInvokerAdvisor
54,44d8e09aac30c6521281328b3d67817edb04eb98,Polish endpoint parameter name discovery,RENAME,RENAME	{Interface OperationParameterMapper at spring-boot-project/spring-boot-actuator/src/main/java/org/springframework/boot/actuate/endpoint/OperationParameterMapper.java:19}	{Interface ParameterMapper at spring-boot-project/spring-boot-actuator/src/main/java/org/springframework/boot/actuate/endpoint/ParameterMapper.java:19}),spring-boot-project/spring-boot-actuator/src/main/java/org/springframework/boot/actuate/endpoint/OperationParameterMapper.java:674:1322:674:1322 InterfaceDeclaration OperationParameterMapper,spring-boot-project/spring-boot-actuator/src/main/java/org/springframework/boot/actuate/endpoint/ParameterMapper.java:674:1246:674:1246 InterfaceDeclaration ParameterMapper
55,07556cda5181f2705cf3fb7a5aae3c5d98bb1a1a,Restructure `boot.test.context` package,MOVE_RENAME,MOVE_RENAME	{Interface AssertProviderApplicationContext at spring-boot-test/src/main/java/org/springframework/boot/test/context/AssertProviderApplicationContext.java:28}	{Interface ApplicationContextAssertProvider at spring-boot-test/src/main/java/org/springframework/boot/test/context/assertj/ApplicationContextAssertProvider.java:28}),spring-boot-test/src/main/java/org/springframework/boot/test/context/AssertProviderApplicationContext.java:906:4432:906:4432 InterfaceDeclaration AssertProviderApplicationContext,spring-boot-test/src/main/java/org/springframework/boot/test/context/assertj/ApplicationContextAssertProvider.java:914:4447:914:4447 InterfaceDeclaration ApplicationContextAssertProvider
56,099e188f9faff14e4b1292ef14e5539d53c6b891,Unify WebServerFactoryCustomizers,MOVE_RENAME,MOVE_RENAME	{Interface ServletWebServerFactoryCustomizer at spring-boot/src/main/java/org/springframework/boot/web/servlet/server/ServletWebServerFactoryCustomizer.java:21}	{Interface WebServerFactoryCustomizer at spring-boot/src/main/java/org/springframework/boot/web/server/WebServerFactoryCustomizer.java:21}),spring-boot/src/main/java/org/springframework/boot/web/servlet/server/ServletWebServerFactoryCustomizer.java:744:1734:744:1734 InterfaceDeclaration ServletWebServerFactoryCustomizer,spring-boot/src/main/java/org/springframework/boot/web/server/WebServerFactoryCustomizer.java:736:1746:736:1746 InterfaceDeclaration WebServerFactoryCustomizer
57,67556ba8eaf22a352b03fe197a0c452f695835a6,Restructure embedded web server packages,MOVE_RENAME,MOVE_RENAME	{Interface ConfigurableEmbeddedServletContainer at spring-boot/src/main/java/org/springframework/boot/context/embedded/ConfigurableEmbeddedServletContainer.java:28}	{Interface ConfigurableServletWebServerFactory at spring-boot/src/main/java/org/springframework/boot/web/servlet/server/ConfigurableServletWebServerFactory.java:30}),spring-boot/src/main/java/org/springframework/boot/context/embedded/ConfigurableEmbeddedServletContainer.java:909:4622:909:4622 InterfaceDeclaration ConfigurableEmbeddedServletContainer,spring-boot/src/main/java/org/springframework/boot/web/servlet/server/ConfigurableServletWebServerFactory.java:1041:4659:1041:4659 InterfaceDeclaration ConfigurableServletWebServerFactory
58,67556ba8eaf22a352b03fe197a0c452f695835a6,Restructure embedded web server packages,MOVE_RENAME,MOVE_RENAME	{Interface EmbeddedServletContainerFactory at spring-boot/src/main/java/org/springframework/boot/context/embedded/EmbeddedServletContainerFactory.java:25}	{Interface ServletWebServerFactory at spring-boot/src/main/java/org/springframework/boot/web/servlet/server/ServletWebServerFactory.java:24}),spring-boot/src/main/java/org/springframework/boot/context/embedded/EmbeddedServletContainerFactory.java:987:2046:987:2046 InterfaceDeclaration EmbeddedServletContainerFactory,spring-boot/src/main/java/org/springframework/boot/web/servlet/server/ServletWebServerFactory.java:855:1596:855:1596 InterfaceDeclaration ServletWebServerFactory
59,67556ba8eaf22a352b03fe197a0c452f695835a6,Restructure embedded web server packages,MOVE_RENAME,MOVE_RENAME	{Interface ConfigurableReactiveWebServer at spring-boot/src/main/java/org/springframework/boot/context/embedded/ConfigurableReactiveWebServer.java:19}	{Interface ConfigurableReactiveWebServerFactory at spring-boot/src/main/java/org/springframework/boot/web/reactive/server/ConfigurableReactiveWebServerFactory.java:21}),spring-boot/src/main/java/org/springframework/boot/context/embedded/ConfigurableReactiveWebServer.java:674:897:674:897 InterfaceDeclaration ConfigurableReactiveWebServer,spring-boot/src/main/java/org/springframework/boot/web/reactive/server/ConfigurableReactiveWebServerFactory.java:751:980:751:980 InterfaceDeclaration ConfigurableReactiveWebServerFactory
60,67556ba8eaf22a352b03fe197a0c452f695835a6,Restructure embedded web server packages,MOVE_RENAME,MOVE_RENAME	{Interface EmbeddedServletContainerCustomizer at spring-boot/src/main/java/org/springframework/boot/context/embedded/EmbeddedServletContainerCustomizer.java:21}	{Interface ServletWebServerFactoryCustomizer at spring-boot/src/main/java/org/springframework/boot/web/servlet/server/ServletWebServerFactoryCustomizer.java:21}),spring-boot/src/main/java/org/springframework/boot/context/embedded/EmbeddedServletContainerCustomizer.java:742:1723:742:1723 InterfaceDeclaration EmbeddedServletContainerCustomizer,spring-boot/src/main/java/org/springframework/boot/web/servlet/server/ServletWebServerFactoryCustomizer.java:744:1734:744:1734 InterfaceDeclaration ServletWebServerFactoryCustomizer
61,67556ba8eaf22a352b03fe197a0c452f695835a6,Restructure embedded web server packages,MOVE_RENAME,MOVE_RENAME	{Interface ConfigurableEmbeddedWebServer at spring-boot/src/main/java/org/springframework/boot/context/embedded/ConfigurableEmbeddedWebServer.java:25}	{Interface ConfigurableWebServerFactory at spring-boot/src/main/java/org/springframework/boot/web/server/ConfigurableWebServerFactory.java:22}),spring-boot/src/main/java/org/springframework/boot/context/embedded/ConfigurableEmbeddedWebServer.java:845:2498:845:2498 InterfaceDeclaration ConfigurableEmbeddedWebServer,spring-boot/src/main/java/org/springframework/boot/web/server/ConfigurableWebServerFactory.java:720:2259:720:2259 InterfaceDeclaration ConfigurableWebServerFactory
62,67556ba8eaf22a352b03fe197a0c452f695835a6,Restructure embedded web server packages,MOVE_RENAME,MOVE_RENAME	{Interface EmbeddedWebServer at spring-boot/src/main/java/org/springframework/boot/context/embedded/EmbeddedWebServer.java:19}	{Interface WebServer at spring-boot/src/main/java/org/springframework/boot/web/server/WebServer.java:19}),spring-boot/src/main/java/org/springframework/boot/context/embedded/EmbeddedWebServer.java:674:1697:674:1697 InterfaceDeclaration EmbeddedWebServer,spring-boot/src/main/java/org/springframework/boot/web/server/WebServer.java:668:1488:668:1488 InterfaceDeclaration WebServer
63,8619d6a2299d1656397d7657744e4d5d93ad77e4,Rename EmbeddedServletContainer -> EmbeddedWebServer,RENAME,RENAME	{Interface EmbeddedServletContainer at spring-boot/src/main/java/org/springframework/boot/context/embedded/EmbeddedServletContainer.java:19}	{Interface EmbeddedWebServer at spring-boot/src/main/java/org/springframework/boot/context/embedded/EmbeddedWebServer.java:19}),spring-boot/src/main/java/org/springframework/boot/context/embedded/EmbeddedServletContainer.java:674:1756:674:1756 InterfaceDeclaration EmbeddedServletContainer,spring-boot/src/main/java/org/springframework/boot/context/embedded/EmbeddedWebServer.java:674:1711:674:1711 InterfaceDeclaration EmbeddedWebServer
64,eb294956d87f8e845bcd3539c1805c19ea1e1348,Allow to customize Cluster.Builder rather than Cluster,RENAME,RENAME	{Interface ClusterCustomizer at spring-boot-autoconfigure/src/main/java/org/springframework/boot/autoconfigure/cassandra/ClusterCustomizer.java:21}	{Interface ClusterBuilderCustomizer at spring-boot-autoconfigure/src/main/java/org/springframework/boot/autoconfigure/cassandra/ClusterBuilderCustomizer.java:21}),spring-boot-autoconfigure/src/main/java/org/springframework/boot/autoconfigure/cassandra/ClusterCustomizer.java:723:1113:723:1113 InterfaceDeclaration ClusterCustomizer,spring-boot-autoconfigure/src/main/java/org/springframework/boot/autoconfigure/cassandra/ClusterBuilderCustomizer.java:723:1144:723:1144 InterfaceDeclaration ClusterBuilderCustomizer
65,1595286e04c307c32ff477f70a4e45a5388ede4f,Prefer @SpringBootApplication-annotated class when finding main class,RENAME,RENAME	{Interface ClassNameCallback at spring-boot-tools/spring-boot-loader-tools/src/main/java/org/springframework/boot/loader/tools/MainClassFinder.java:316}	{Interface MainClassCallback at spring-boot-tools/spring-boot-loader-tools/src/main/java/org/springframework/boot/loader/tools/MainClassFinder.java:366}),spring-boot-tools/spring-boot-loader-tools/src/main/java/org/springframework/boot/loader/tools/MainClassFinder.java:9335:9672:9335:9672 InterfaceDeclaration ClassNameCallback,spring-boot-tools/spring-boot-loader-tools/src/main/java/org/springframework/boot/loader/tools/MainClassFinder.java:11564:11916:11564:11916 InterfaceDeclaration MainClassCallback
66,2c856124e17c1643add12c33603230390d4b5739,Polish ModifiedClassPathRunner,RENAME,RENAME	{Interface FilteredTcclAction at spring-boot-junit-runners/src/main/java/org/springframework/boot/junit/runner/classpath/ModifiedClassPathRunner.java:280}	{Interface ModifiedClassPathTcclAction at spring-boot-junit-runners/src/main/java/org/springframework/boot/junit/runner/classpath/ModifiedClassPathRunner.java:282}),spring-boot-junit-runners/src/main/java/org/springframework/boot/junit/runner/classpath/ModifiedClassPathRunner.java:9953:10171:9953:10171 InterfaceDeclaration FilteredTcclAction,spring-boot-junit-runners/src/main/java/org/springframework/boot/junit/runner/classpath/ModifiedClassPathRunner.java:10096:10332:10096:10332 InterfaceDeclaration ModifiedClassPathTcclAction
67,46540de694615999b2015d28dd51c780b4f0bfcc,Fix typos,RENAME,RENAME	{Interface CentralDirectoryVistor at spring-boot-tools/spring-boot-loader/src/main/java/org/springframework/boot/loader/jar/CentralDirectoryVistor.java:21}	{Interface CentralDirectoryVisitor at spring-boot-tools/spring-boot-loader/src/main/java/org/springframework/boot/loader/jar/CentralDirectoryVisitor.java:21}),spring-boot-tools/spring-boot-loader/src/main/java/org/springframework/boot/loader/jar/CentralDirectoryVistor.java:731:1063:731:1063 InterfaceDeclaration CentralDirectoryVistor,spring-boot-tools/spring-boot-loader/src/main/java/org/springframework/boot/loader/jar/CentralDirectoryVisitor.java:731:1065:731:1065 InterfaceDeclaration CentralDirectoryVisitor
68,105039cdb206718ff020ffc9a52f60395ff223a9,Rename SpringApplicationLifecycle => Admin,RENAME,RENAME	{Interface SpringApplicationLifecycleMXBean at spring-boot-tools/spring-boot-maven-plugin/src/it/start-stop-fork/src/main/java/org/test/SampleApplication.java:54}	{Interface SpringApplicationAdminMXBean at spring-boot-tools/spring-boot-maven-plugin/src/it/start-stop-fork/src/main/java/org/test/SampleApplication.java:54}),spring-boot-tools/spring-boot-maven-plugin/src/it/start-stop-fork/src/main/java/org/test/SampleApplication.java:1600:1697:1600:1697 InterfaceDeclaration SpringApplicationLifecycleMXBean,spring-boot-tools/spring-boot-maven-plugin/src/it/start-stop-fork/src/main/java/org/test/SampleApplication.java:1601:1694:1601:1694 InterfaceDeclaration SpringApplicationAdminMXBean
69,105039cdb206718ff020ffc9a52f60395ff223a9,Rename SpringApplicationLifecycle => Admin,RENAME,RENAME	{Interface SpringApplicationLifecycleMXBean at spring-boot-tools/spring-boot-maven-plugin/src/it/start-stop/src/main/java/org/test/SampleApplication.java:53}	{Interface SpringApplicationAdminMXBean at spring-boot-tools/spring-boot-maven-plugin/src/it/start-stop/src/main/java/org/test/SampleApplication.java:53}),spring-boot-tools/spring-boot-maven-plugin/src/it/start-stop/src/main/java/org/test/SampleApplication.java:1599:1696:1599:1696 InterfaceDeclaration SpringApplicationLifecycleMXBean,spring-boot-tools/spring-boot-maven-plugin/src/it/start-stop/src/main/java/org/test/SampleApplication.java:1600:1693:1600:1693 InterfaceDeclaration SpringApplicationAdminMXBean
70,105039cdb206718ff020ffc9a52f60395ff223a9,Rename SpringApplicationLifecycle => Admin,MOVE_RENAME,MOVE_RENAME	{Interface SpringApplicationLifecycleMXBean at spring-boot/src/main/java/org/springframework/boot/context/SpringApplicationLifecycleMXBean.java:19}	{Interface SpringApplicationAdminMXBean at spring-boot/src/main/java/org/springframework/boot/admin/SpringApplicationAdminMXBean.java:19}),spring-boot/src/main/java/org/springframework/boot/context/SpringApplicationLifecycleMXBean.java:665:1256:665:1256 InterfaceDeclaration SpringApplicationLifecycleMXBean,spring-boot/src/main/java/org/springframework/boot/admin/SpringApplicationAdminMXBean.java:663:1246:663:1246 InterfaceDeclaration SpringApplicationAdminMXBean
71,3784959b6fa4dabbc271cd49bc0f40abcc74b22d,Rename SecurityPrequisite -> SecurityPrerequisite,RENAME,RENAME	{Interface SecurityPrequisite at spring-boot-autoconfigure/src/main/java/org/springframework/boot/autoconfigure/security/SecurityPrequisite.java:19}	{Interface SecurityPrerequisite at spring-boot-autoconfigure/src/main/java/org/springframework/boot/autoconfigure/security/SecurityPrerequisite.java:19}),spring-boot-autoconfigure/src/main/java/org/springframework/boot/autoconfigure/security/SecurityPrequisite.java:680:861:680:861 InterfaceDeclaration SecurityPrequisite,spring-boot-autoconfigure/src/main/java/org/springframework/boot/autoconfigure/security/SecurityPrerequisite.java:680:863:680:863 InterfaceDeclaration SecurityPrerequisite
72,e56be6cf3d329c950bcdd2ec42dbd85dd40bdfa8,DataSourceMetadata -> DataSourcePoolMetadata,RENAME,RENAME	{Interface DataSourceMetadata at spring-boot-autoconfigure/src/main/java/org/springframework/boot/autoconfigure/jdbc/DataSourceMetadata.java:21}	{Interface DataSourcePoolMetadata at spring-boot-autoconfigure/src/main/java/org/springframework/boot/autoconfigure/jdbc/DataSourcePoolMetadata.java:21}),spring-boot-autoconfigure/src/main/java/org/springframework/boot/autoconfigure/jdbc/DataSourceMetadata.java:706:2174:706:2174 InterfaceDeclaration DataSourceMetadata,spring-boot-autoconfigure/src/main/java/org/springframework/boot/autoconfigure/jdbc/DataSourcePoolMetadata.java:706:2163:706:2163 InterfaceDeclaration DataSourcePoolMetadata
73,e56be6cf3d329c950bcdd2ec42dbd85dd40bdfa8,DataSourceMetadata -> DataSourcePoolMetadata,RENAME,RENAME	{Interface DataSourceMetadataProvider at spring-boot-autoconfigure/src/main/java/org/springframework/boot/autoconfigure/jdbc/DataSourceMetadataProvider.java:21}	{Interface DataSourcePoolMetadataProvider at spring-boot-autoconfigure/src/main/java/org/springframework/boot/autoconfigure/jdbc/DataSourcePoolMetadataProvider.java:21}),spring-boot-autoconfigure/src/main/java/org/springframework/boot/autoconfigure/jdbc/DataSourceMetadataProvider.java:706:1122:706:1122 InterfaceDeclaration DataSourceMetadataProvider,spring-boot-autoconfigure/src/main/java/org/springframework/boot/autoconfigure/jdbc/DataSourcePoolMetadataProvider.java:706:1142:706:1142 InterfaceDeclaration DataSourcePoolMetadataProvider
74,99350a221658e2c446d0f5636d751f00747e8b88,Tidy ConfigurableEmbeddedServletContainerFactory,RENAME,RENAME	{Interface ConfigurableEmbeddedServletContainerFactory at spring-boot/src/main/java/org/springframework/boot/context/embedded/ConfigurableEmbeddedServletContainerFactory.java:25}	{Interface ConfigurableEmbeddedServletContainer at spring-boot/src/main/java/org/springframework/boot/context/embedded/ConfigurableEmbeddedServletContainer.java:25}),spring-boot/src/main/java/org/springframework/boot/context/embedded/ConfigurableEmbeddedServletContainerFactory.java:803:5044:803:5044 InterfaceDeclaration ConfigurableEmbeddedServletContainerFactory,spring-boot/src/main/java/org/springframework/boot/context/embedded/ConfigurableEmbeddedServletContainer.java:803:5037:803:5037 InterfaceDeclaration ConfigurableEmbeddedServletContainer
75,23991dd94dd8d129af75d86dbc68595cf6596224,Participant -> Listener,RENAME,RENAME	{Interface SpringApplicationRunParticipant at spring-boot/src/main/java/org/springframework/boot/SpringApplicationRunListener.java:24}	{Interface SpringApplicationRunListener at spring-boot/src/main/java/org/springframework/boot/SpringApplicationRunListener.java:24}),spring-boot/src/main/java/org/springframework/boot/SpringApplicationRunListener.java:907:2471:907:2471 InterfaceDeclaration SpringApplicationRunParticipant,spring-boot/src/main/java/org/springframework/boot/SpringApplicationRunListener.java:907:2486:907:2486 InterfaceDeclaration SpringApplicationRunListener
76,cf4df1befb9dd562d8a9a2ffd51fa7d136e56e9f,Improve Mongo auto-configuration,RENAME,RENAME	{Interface CityRepository at spring-boot-autoconfigure/src/test/java/org/springframework/boot/autoconfigure/data/alt/CityRepository.java:22}	{Interface CityJpaRepository at spring-boot-autoconfigure/src/test/java/org/springframework/boot/autoconfigure/data/alt/CityJpaRepository.java:22}),spring-boot-autoconfigure/src/test/java/org/springframework/boot/autoconfigure/data/alt/CityRepository.java:797:864:797:864 InterfaceDeclaration CityRepository,spring-boot-autoconfigure/src/test/java/org/springframework/boot/autoconfigure/data/alt/CityJpaRepository.java:797:867:797:867 InterfaceDeclaration CityJpaRepository
77,15bc25dc29c104f0a10e71b0c5247ec181e47586,Further re-organization of launcher code,MOVE_RENAME,MOVE_RENAME	{Interface EntryFilter at spring-boot-tools/spring-boot-loader/src/main/java/org/springframework/boot/loader/Archive.java:87}	{Interface EntryRenameFilter at spring-boot-tools/spring-boot-loader/src/main/java/org/springframework/boot/loader/archive/Archive.java:121}),spring-boot-tools/spring-boot-loader/src/main/java/org/springframework/boot/loader/Archive.java:2160:2613:2160:2613 InterfaceDeclaration EntryFilter,spring-boot-tools/spring-boot-loader/src/main/java/org/springframework/boot/loader/archive/Archive.java:3140:3631:3140:3631 InterfaceDeclaration EntryRenameFilter
78,0b863611d9563d6a41ebe219925e68be407e501a,Package restructure,MOVE_RENAME,MOVE_RENAME	{Interface SpringZeroRunnerConfiguration at spring-cli/src/main/java/org/springframework/zero/cli/runner/SpringZeroRunnerConfiguration.java:23}	{Interface SpringApplicationRunnerConfiguration at spring-cli/src/main/java/org/springframework/cli/runner/SpringApplicationRunnerConfiguration.java:23}),spring-cli/src/main/java/org/springframework/zero/cli/runner/SpringZeroRunnerConfiguration.java:776:1277:776:1277 InterfaceDeclaration SpringZeroRunnerConfiguration,spring-cli/src/main/java/org/springframework/cli/runner/SpringApplicationRunnerConfiguration.java:766:1281:766:1281 InterfaceDeclaration SpringApplicationRunnerConfiguration
79,261955c50b8fb44311324d2188bf6e3f92237e0c,Restructure 'bootstrap' to use 'zero',MOVE_RENAME,MOVE_RENAME	{Interface BootstrapRunnerConfiguration at spring-zero-cli/src/main/java/org/springframework/bootstrap/cli/runner/BootstrapRunnerConfiguration.java:23}	{Interface SpringZeroRunnerConfiguration at spring-zero-cli/src/main/java/org/springframework/zero/cli/runner/SpringZeroRunnerConfiguration.java:23}),spring-zero-cli/src/main/java/org/springframework/bootstrap/cli/runner/BootstrapRunnerConfiguration.java:786:1285:786:1285 InterfaceDeclaration BootstrapRunnerConfiguration,spring-zero-cli/src/main/java/org/springframework/zero/cli/runner/SpringZeroRunnerConfiguration.java:776:1277:776:1277 InterfaceDeclaration SpringZeroRunnerConfiguration
