,col0,col1,col2,col3,col4,col5,col6,col7,col8,col9,col10
0,484121,comment,484058.0,484058.0,0,0,adityakothadiya,,,"I had asked same question on HN before, and PG advised me that - the best launch day is when you are ready to launch.<p>Also, I will suggest don't focus on a single launch day. Think every day is a launch day. First launch on forums like HN, then get some feedback, then launch on few mid-size blogs, see if they cover it, see if you can handle traffic, then again launch on bigger blogs, and then keep launching to every single person you meet on each and every day. Once you are ready, every single day is a launch day.",1234846791
1,484120,comment,483824.0,483824.0,0,0,muon,,,"For a new code base, that I will be working on\n- First read documentation\n- On A3 paper, I draw what I understood, to me picture gives more clarity\n- Understand the files/directory/toolchain structure etc.\n- Use ctags and cscope \n- Navigate by functionality<p>For others, I skim through books/blogs/opensource code",1234846665
2,484119,story,,,1,0,merrick33,99Designs Logo Contest (Dictionary.com) has 1800 Submissions and Counting,http://99designs.com/contests/17552,,1234846486
3,484118,comment,482890.0,483692.0,0,0,GeneralMaximus,,,"I do use Cocoa on the Mac, but sometimes I go, ""What if Apple decides to drop this stuff, like what they did with Carbon?"", and I shudder.",1234846356
4,484117,comment,484106.0,484106.0,0,0,wallflower,,,"""People don't care how much you know until they know how much you care""<p>I know you are trying to address a classic problem that excellent networkers solve all the time (e.g. ""You should talk to my friend Joe""). However, they are connecting people they already know. Even if you were able to figure out what businesses should connect, you will probably need who at those particular businesses should be connected. I don't think you can remove the human element from networking. LinkedIn succeeds because they are a powerful tool for managing a professional network and a lesser tool for reputation scoring (other startups are addressing that - check out <a href=""http://anthillz.com"" rel=""nofollow"">http://anthillz.com</a>). They do have a 'people you might want to add as a connection' but they pretty much remain in the background. LinkedIn is going to be hard to beat - they have the data and have gone beyond critical mass.",1234846320
5,484116,story,,,5,0,rishi,JavaScriptMVC 1.5 Released,http://javascriptmvc.com/blog/?p=124,,1234846312
6,484115,comment,483320.0,483971.0,0,0,tptacek,,,"Because you are going to lose your entire database, and everyone's password along with it, to the first SQL Injection vulnerability you miss in your application.",1234846278
7,484114,comment,483207.0,483411.0,0,0,GeneralMaximus,,,"Me and my friends once tried to uncover his real name, with no success. It seems he has registered all his domains with the name _why the lucky stiff (the WHOIS page said ""the lucky stiff, _why"")<p>Maybe that <i>is</i> his real name?",1234846244
8,484113,comment,483320.0,484086.0,0,0,timf,,,"""<i>That counts as obsession to me.</i>""<p>It's a red flag, not an obsession...<p>""<i>financial institutions often need to store in plaintext anyway, for telephone authentication.</i>""<p>Mine doesn't.  And yes, if they did, I would not be their customer.  Just because I may not know exactly what happens behind the scenes somewhere doesn't mean I can't react to the red flags I can see.<p>""<i>If you tell users to set a hard password, and they can recover it later if necessary, they would hopefully tend to use better ones</i>""<p>How is that any different than if the user can <i>reset</i> the password?<p>""<i>What, pray tell, is the difference between sending the password and sending a link to reset the password, if an attacker has access to the victim's email?</i>""<p>There is a big difference.  Anyone who has access to the text of the mail <i>at any point in time</i> now has your password.  It's about mitigating the risks of the crappy vetting channel (email) with a time limited method (a reset URL).<p><i>""Yeah, pity SSL is not an authentication method.  You did know that, right?</i>""<p>For password based things, I am referring to the <i>channel</i> used to avoid the well known problems with digest access authentication such as man in the middle attacks.<p>Besides what I was referring to: used with non-anonymous X509 client certs, yes SSL <i>is</i> in fact used for authentication.  Entire infrastructures are built on it.  All of the clusters I have access to only let me in by virtue of X509 client certificates over SSL.<p><i>""""good thing no-one needs it"" is ridiculous. I, personally, need it, and am very far from alone.</i>""<p>I said good thing no one needs it if SSL is available not that no one needs it...<p>I use it myself in software we release that runs behind a firewall, I'm well aware it's cheaper.<p><i>""I would certainly not avoid a site just because they store in plaintext</i>""<p>I admit it's a little on the reactionary side for me to say that, it was quick snarky comment.<p>But I don't take back that it's a red flag.",1234846172
9,484112,comment,481880.0,481936.0,0,0,c00p3r,,,"OK. I will try to explain.<p>There are big problems with software development - complexity and requirement of the special state of the mind. This is why there are still no programming factories. There are already data-indexing and query processing factories, but you still should think and write.<p>All those methods, form Booch's RUP, Beck's XP, Fowler's Refactoring are an attempts to adapt scientific methods, psychological and human behavior models, and even religious concepts to the process of the writing software.<p>The point is that these common ideas can be also adapted to a business processes.<p>For example, RUP is about planning and circles of iterations - scientific approach. XP is about reuse human behavior - little steps, being sure you hadn't broke anything, look (run tests) at your beloved code 10 times a day. Refactoring is about continuous improvements, little changes, that makes your code easier to understand, which means easier to modify and support. This is, probably, from dictionary and guide-books writing. You're writing the code is for humans, not for compilers.<p>Of course, not one of these methods fits all, but you can make a mix by yourself. Some from there, some from there. It is like cooking. All sources and ingredients available - just try, learn on failures and try again.",1234846153
10,484111,comment,484051.0,484051.0,0,0,sam_in_nyc,,,"I'm not into Twitter at all too much, yet, but it seems like nowadays any link you post is fair game.  URLs in and of themselves have nearly as much value as the content within them, which is what makes social media sites so valuable.  It's now the nature of the web for URLs to get passed around.  It doesn't seem to matter much from where the URL first got popular.. Digg/Reddit/HN/4chan/etc.. if it's good content, the link has value, and is arbitraged across all of the networks.<p>Anybody can repost links found on any of these networks, and claim they found them themselves.  I've long theorized about how since there's values in URLs, one could profit from being able to detect when a URL is ""underrated,"" that is, poised to become extremely popular, and share the link.  Basically, a ""what's about to be really hot across all social media sites"" URL generator.  If I link to it from Twitter before it becomes popular, I'm doing my followers a service.<p>My question for you: what does ""highest-point"" submission mean?  How are points measured?  Where can you view them?",1234846026
11,484110,comment,484007.0,484007.0,0,0,lennysan,,,"A good thread over at Wired around popular social bookmarking alternatives: <a href=""http://blog.wired.com/business/2009/01/magnolia-suffer.html"" rel=""nofollow"">http://blog.wired.com/business/2009/01/magnolia-suffer.html</a>",1234845996
12,484109,comment,483911.0,484001.0,0,0,evdawg,,,"I would barely call some TechCrunch comments ""controversy"". That site has some serious youtube-style lowest-denominator-of-society commenting going on. The troll to constructive comment ratio is like 9:1.",1234845853
13,484108,comment,484031.0,484031.0,0,0,dmolnar,,,"So the problem is that the people on the rotations are too lazy to fill out the review forms? The problem is not that they are afraid the reviews will bite them later?<p>If so, sounds like you could try offering rewards of some type. What I've seen in the past is a raffle for an iPod or similar, you must enter a review to win.<p>Also, if the dean is really serious about wanting this feedback, then he or she could require filling out reviews as part of a successful away rotation. Suggest keeping this as a last resort, since it could lead people to resent your project. Plus then people will do the bare minimum review.<p>On the ""attention supply side,"" can you do something like instead of having one big review at the end, many micro-reviews during the rotation? For example, you could ask them every day ""what was the best thing about your away rotation?"" or you could give them a Twitter account and show the tweets relevant to the away rotation.",1234845846
14,484107,comment,484058.0,484101.0,0,0,sam_in_nyc,,,"I'm precisely so excited about what I've made because it is self-demonstrating.  The landing page has a video of someone using it, and a button to click to try it (no registration.. just click).  I just want as many eyeballs as possible to see it!<p>I'm definitely <i>not</i> expecting PR to ""make or break"" what I've made.  That being said, some PR at launch certainly wouldn't hurt, and if its something that will grow by word of mouth (hence, exponentially), twice as many people initially seeing it means twice as many users at any given point in time thereafter.<p>And I <i>do</i> use what I made, several times a day, and I love it.",1234845832
15,484106,story,,,1,4,wwsculley,Ask HN: How would you identify potential relationships for businesses?,,"Hey HN,<p>I would like your advice on how to assess potential inter-business or inter-institutional relationships for any sort of industry.<p>By relationships, I mean any connection between two businesses. For example, how can you tell a local independent grocer that his business would benefit from initiating a relationship with Business X. Business X could be a supplier, another neighborhood grocer looking for a partnership (why?), a local website that specializes in promoting local grocers, etc.<p>In other words, how does one identify a business's potential for making mutually beneficial connections?<p>If you were to build a one-size-fits-all template to assess this type of potential for any sort of business in order to facilitate these connections, what variables would you look at - size, location, etc.?<p>I have been thinking about these questions for a while now, but hit a wall recently. I thought I would pose this to some other minds.<p>w",1234845517
16,484105,comment,483460.0,483989.0,0,0,asciilifeform,,,How many Canadian or Australian H1Bs have you met?,1234845450
17,484104,comment,484008.0,484008.0,0,0,wallflower,,,"I was at a gallery with $10k+ paintings and sculptures. I asked the owner in a tactful way - why is the painting/sculpture worth $25,000 - who buys these? Her answer was the people who buy these pieces of art are buying them as investments (e.g. they would like them to appreciate in value, like fine wine). Kind of like discovering a cool band before they're hot. It's not totally gambling/investment and it's not solely personal appreciation of the artist's work.",1234845270
18,484103,comment,481383.0,481641.0,0,0,phoenix-bird,,,"Religions attract the people that want to hide something, the best place to hide is right out in the open, they think they can go home pray and ""their God"" forgives them, so yes they use their religion to hide behind.",1234845091
19,484102,comment,483711.0,483792.0,0,0,mechanical_fish,,,"<i>So I guess technically they should have... a reference count.</i><p>Okay, wise guys: Show me the algorithm that finds the snippet of ojbyrne's writing that I've just copied, above, and deletes it when ojbyrne deletes the original message. ;)<p>Now show me the version which correctly identifies my quote as a pretty obvious case of fair use, and therefore allows me to keep the quote even when the original is deleted.<p>No hacker would expect you to be able to do such a thing reliably. But the juries in copyright lawsuits are not composed of hackers.",1234844969
20,484101,comment,484058.0,484085.0,0,0,aristus,,,"""...great ideas will rise above connected people's ideas...""<p>That's a nice way to put it. But truly great ideas tend to be self-demonstrating. If your idea is like that, like the portable water purifying straw, or wheels on luggage, you really don't need to do much.<p>For every other idea you either need to be connected yourself or you need to build a base of support. Perhaps identify the B and C listers, the ones who actually are hungry for a story. Or try to get 1,000 customers / people / whatever your metric is, then give them something in exchange for blogging about it.<p>You have the imagination to invent your thing, right? So why are you not using it? Connected writers are <i>lazy</i>. People come to them all day long. Do you really want your company to hinge on the whim of a lazy, distracted person who has no stake in your success?<p>Figure out what you really need to succeed, and go after that. Chasing PR because it's the default choice is a waste of time.",1234844945
21,484100,comment,481383.0,481614.0,0,0,phoenix-bird,,,"Wow did not know they ran prostitutes thru Craigslist but that makes so  much sense now as to what happens there is so much organized crime hiding right out in the open, I learned the best place for criminals is out in the open...",1234844892
22,484099,comment,483740.0,483796.0,0,0,Silentio,,,This is why bell choirs are either totally awful or completely amazing and never anything in between.,1234844858
23,484098,comment,483824.0,483824.0,0,0,llimllib,,,"You need this book, it's excellent: <a href=""http://www.amazon.com/dp/0201799405"" rel=""nofollow"">http://www.amazon.com/dp/0201799405</a> .",1234844770
24,484097,story,,,1,0,wallflower,Science and the Stradivarius,http://physicsworld.com/cws/article/print/696,,1234844767
25,484096,comment,481383.0,481614.0,0,0,phoenix-bird,,,"Boy am I naive, did not know they ran prostitution thru Craigslists.  I do know if you catch a businessman with a hooker he will go to great lengths to destroy your credibility and your life to protect his reputation and his hooker love. Believe me I accidently saw it and was stalked and harassed for 5 years.!!!",1234844738
26,484095,comment,483460.0,483542.0,0,0,mynameishere,,,"""Labor"" consists of human beings which bring a whole complex of externalities that capital does not. Not one policymaker (Not one) is effected by these externalities. And most of us UMC technocrats aren't either.",1234844536
27,484094,comment,483605.0,483963.0,0,0,kaens,,,"This is exactly the reason that I turned down equity-only offers while I was freelancing after being on the down-and-out for a while. I was not in a financial situation where I <i>could</i> work for equity, I had bills to pay, and barely enough money to do so.<p>I eventually found a very good client with a very good idea, and am <i>now</i> working for a ""pay the bills and save a little as well"" salary + (a fair amount of) equity, which should work out really well - but before that, <i>every</i> offer for equity that I got was from someone that either couldn't afford to pay my bills while waiting for their idea to come to fruition, or just had a ""ooh like a myspace/twitter mashup!!"" flop of an idea.<p>If your idea is good, there are a <i>lot</i> of competent programmers who will work on it if you can keep a roof over their head and food in their stomach. Hell, I would live on someones couch or spare room (hence just food costs) while working on their idea if it was a really good one and I got along with them (I imagine I'm in the minority here).",1234844521
28,484093,story,,,3,1,jasonlbaptiste,What is Qualia? (Explanation to Why Magenta Isn't a Color),http://www.biotele.com/qualia.htm,,1234844468
29,484091,comment,483897.0,483921.0,0,0,wallflower,,,The intersection of the Venn diagram of Perez Hilton's readers and TC+TM's readers is probably small. Perez is probably more influential in calling for a 'boycott' on FaceBook because of his audience.,1234844430
30,484089,comment,483911.0,484075.0,0,0,anuraggoel,,,"On the third-party point, I think that's the reason they say:<p>""<i>(there seems to be no such confirmation found on at least some of the redirected porn sites).</i>""",1234844342
31,484088,comment,483487.0,483487.0,0,0,ewanmcteagle,,,"If you're a mouse, you are all set.  If half this stuff would work in people....",1234844298
32,484087,comment,484045.0,484045.0,0,0,sam_in_nyc,,,From 1.306 to 1.245 is a fall of 25% ?,1234844247
33,484086,comment,483320.0,484025.0,0,0,sho,,,"<i>""Can you point me to something I said that implies this is an obsession or that this is what I think the primary critical issue is with site security?""</i><p>You asked for the financial institution's name so you could avoid them, based solely on the password storage issue. That counts as obsession to me. Oh and I forgot to write it before, but financial institutions often <i>need</i> to store in plaintext anyway, for telephone authentication.<p><i>""Why would I as a user care at all if I could retrieve the actual value of a complex password -- and why would knowing I could recover it make me then choose a more complex one?""</i><p>If people know they have to remember it, they tend to choose simpler passwords, or they write it down. If you tell users to set a hard password, and they can recover it later if necessary, they would hopefully tend to use better ones. I can't really back that up with a study, though, so it could just be my experience.<p><i>""The user should be given an option of resetting the password via a link sent by email.  Sending passwords themselves over the email is a great way to have it revealed for someone else to use later.""</i><p>This is veering off topic, but you either trust the email or you don't. What, pray tell, is the difference between sending the password and sending a link to reset the password, if an attacker has access to the victim's email?<p><i>""Good thing no one needs this mediocre authentication method if SSL is available.""</i><p>Yeah, pity SSL is not an authentication method. You did know that, right?<p>Digest authentication is heavily used in APIs and other non-browser applications, where you need some authentication but the tunnel is not necessary and you don't want to maintain heavy sessions. SSL, apart from NOT being an authentication method, is anyway slow and heavy and requires proper certs, so is mainly used only for user-facing web sites. Not to mention intranets, devices, etc.<p>Anyway, even if HTTP Digest Auth were in fact rare, trying to wave it away with ""good thing no-one needs it"" is ridiculous. I, personally, need it, and am very far from alone.<p>I'd like to mention that I do agree in principle, and am playing devil's advocate to some degree. My point is that password hashing is not a panacea, it is often not even possible, and I would certainly not avoid a site just because they store in plaintext if I otherwise had a good impression of their security practises.<p>I suspect that many companies you know, trust and use have a plaintext copy of your password with them, and you wouldn't even know it.",1234844094
34,484085,comment,484058.0,484077.0,0,0,sam_in_nyc,,,"Thanks for the advice about Fridays before a long holiday.<p>Believe me, I'm well aware that I'm currently an insignificant force on basically all forms of media, which makes me happy to hear you sympathize.<p>How do I go about creating a relationship with sites like TechCrunch, ReadWriteWeb, etc?  What I'm going to launch is something I they really <i>would</i> want to cover, and if they didn't, they'd be doing terrible at their job.  There has to be some hope that great ideas will rise above connected people's ideas, at least in terms of coverage.  This is the internet, after all.",1234844085
35,484084,comment,483605.0,483990.0,0,0,kaens,,,"Well sure, but it seems to me that if someone is already competent in haskell, or has done some serious networking work on their own, then they've already demonstrated that they're worth hiring, and that they'll probably be able to work with whatever you need them to.<p>This is different than looking for someone with 1 year of experience in ruby. The combination of short amount of time and some conflation of ruby and ruby-on-rails in the general populace could lead to a whole lot of incompetent (or inexperienced enough that it would drag the whole project down) devs being attracted to the job.<p>That is not to say that I think that 5 years of experience developing web apps and 3 in ruby is much of a better metric - as you said, (demonstrated) ability, talent, and enthusiasm are much more important than x years in y.",1234844048
36,484083,comment,483594.0,483594.0,0,0,giardini,,,It would make watching professional football more interesting.,1234843979
37,484082,story,,,1,0,twampss,Interview with “Beginning iPhone Development” authors Dave Mark and Jeff LaMarche,http://www.mobileorchard.com/interview-with-beginning-iphone-development-authors-dave-mark-and-jeff-lamarche/,,1234843971
38,484081,story,,,1,0,twampss,Rewriting Parameterized URLs with Nginx,http://lethain.com/entry/2009/feb/16/rewriting-parameterized-urls-with-nginx/,,1234843950
39,484080,story,,,1,0,technologizer,Mobile World Congress: Sixteen New Phones in 24 Hours.,http://technologizer.com/2009/02/16/mobile-world-congress-one-day-sixteen-new-phones/,,1234843796
40,484079,comment,483605.0,483605.0,0,0,motoko,,,"Jay,<p>What people are trying to communicate is that they don't judge that you are offering value. It's a possible and valid answer to your question that you have to consider: that you ad is good, but your opportunity is bad.<p>That doesn't help you launch your business, so how about this:<p>What you seem to need to do is pay a contractor to build you a web application you have designed.<p>Think of this as building out an empty strip mall unit into a cafe for fulfill your dream of owning a coffee house. You have a general idea, and with your good credit, you can lease the space, but you need somebody with skills and experience to do the build out: build a bar, install coffee machines, plumbing, electric, internet, interior design, funishing... etc.<p>Assume you have plenty of cash and some rudimentary experience outfitting commercial real estate. Then this is straightforward: you request bids, hire a contractor, they do everything you want, you pay them, and cafe business is entirely owned by you. When the contractors are done, they are gone, though you are always welcome to repeat the process of you paying them for new work to maintain or expand your business. You will probably learn something about negotiating contracts based on over-optimistic sales projections, but oh well, that's life.<p>So, this will be your general experience if you hire a web application contracting firm.<p>But what if you don't have the money to hire somebody to do the work, and you can't do the work yourself? Now you are in troubled territory for which there is no MBA formula...<p>This seems to be you. Here are some example scenarios, still following the cafe analogy, that could work and have respectable expectations of success:<p>* You work with your family or very best friend who can help you do the work because they love you. They get some equity, but it's ""your"" business, and they respect that. Maybe the cafe goes on to be part of the family business.<p>* You save your money until you can pay somebody to do the work.<p>* You get a small business loan from the bank to do the work. (PS: off-topic, but please do not allow your friends and family to co-sign your small business loan if you really care about them...)<p>Now you can't do any of the above... and now we're getting into shady territory of almost certain failure:<p>* Reminded of stories of people who seemingly helped each other for free (see above), you convince ""some guy / some kid"" who ""worked in construction / seems really handy"" that the two of you will finally Achieve the American Dream and that together you have a shot at making TONS of money by him doing your work. You can't pay him, but you give him some ""equity,"" and ""that's ok, you'll be rich when this gets huge if we all work really hard.""",1234843706
41,484078,comment,483711.0,483784.0,0,0,mechanical_fish,,,"<i>The friend you sent this message to could have ownership of this piece of information - if Facebook wanted to structure it this way. That is actually how email works.</i><p>This is untrue. An email written by you is your copyrighted work, from the moment you type it. Just because it's in my inbox doesn't mean you've relinquished your copyright. Technically, if I republish your email to me, you can sue me. [1]<p>The other day someone was polite enough to ask for <i>permission</i> to republish one of my comments here on HN on their blog. That surprised me for a second, but it shouldn't have. They were doing the correct, legal thing -- my comment was (and is) copyrighted by me; unless they were reproducing it for a fair use -- as I just did, when I quoted your post for the purpose of commenting on it -- they needed my permission to reuse it.<p>Now imagine how useful Facebook would be if every user had to seek a copyright release from every other user anytime they forwarded a message, or cropped a fellow user's photo, or reposted something, lest Facebook later be sued for contributory or vicarious infringement. [2] That's why Facebook has now decided to just have users agree to a waiver in advance.<p>---<p>[1] Not that you would necessarily <i>win</i> such a lawsuit. There are such things as ""implied licenses"": If you send email to a public mailing list there's an implication that you mean for it to be public:<p><a href=""http://www.piercelaw.edu/thomasfield/ipbasics/copyright-on-the-internet.php"" rel=""nofollow"">http://www.piercelaw.edu/thomasfield/ipbasics/copyright-on-t...</a><p>There are also many fair uses. But, especially if I use your writing for some sort of commercial purpose -- as Facebook does, constantly -- you can take me to court and hassle me, because the copyright is still yours. As the Creative Commons website will tell you at great length, under current US copyright law it's actually really hard to <i>throw away</i> the inherent copyright that you hold in your own work, even if you <i>want</i> to throw it away.<p>[2] <a href=""http://digital-law-online.info/lpdi1.0/treatise14.html"" rel=""nofollow"">http://digital-law-online.info/lpdi1.0/treatise14.html</a>",1234843619
42,484077,comment,484058.0,484058.0,0,0,aristus,,,"Govt agencies and others who want to bury data do so on a Friday before a long holiday... like this recent one.<p>So do the opposite: launch next Tuesday, 24 Feb.<p>But, and I say this with love, it doesn't fucking matter when you launch. We launched a beta... 12 days ago? I don't remember precisely because it doesn't matter. The people using are happy and we don't need to see our names in print.<p>I've worked at places that had rock star launches and promptly failed <i>because they didn't make something people wanted</i>. I've worked for nice, profitable businesses you've never heard of, and never will.<p>Anyway -- if you want publicity, it's more than just numerology. You have to build relationships with people beforehand. It's not like you're going to email news@wired.com at exactly 8:13 am on the day before deadline, and boom! you're an internet legend. Give journalists a little credit.",1234843579
43,484076,comment,484057.0,484057.0,0,0,sam_in_nyc,,,"Several years ago, I had the privilege to witness a fireball that lasted nearly 15 seconds from start to finish.  I've never again experienced anything as intense as this, which includes skydiving.<p>I spotted a tiny white moving dot in the sky.  At first, it looked like a satellite in orbit, only it strangely grew in intensity, until appearing to be an airplane.  5 seconds in, it began to flicker, grew brighter, and grabbed the attention of other onlookers.  From there, small fragments began coming off as it increased in brightness and become more of a white-orange color.  The fragmenting pieces themselves also followed suite, breaking off into more white-orange pieces and leaving glittering trails.  The main object then became quite massive, maybe about half the size of a full moon, with equal to or greater brightness then a full moon.  The ground lit up.  The main object was constantly disintegrating as pieces were breaking off and lagging back into the trail, breaking off into even more glittering pieces, and producing more light.  Still, the main object only grew in intensity and become more distinctly orange.  I can't be sure, because at this point it was burning spots into my eyes, which were adjusted for low light, but I believe there was even a trail of smoke.  At this point I remember thinking ""holy crap, it's going to impact way over there!"" but instead, it dimmed a bit, and flew past the horizon.  Suddenly, it was like the whole thing had never happened.  Surprisingly, there was no sound from it.<p>On a related note, did anyone catch the Leonids several years back?  That was also quite amazing.",1234843561
44,484075,comment,483911.0,484053.0,0,0,mattmaroon,,,"I'm not a lawyer, but my guess would be no since it's merely a link to a third party. I'd guess the third party has the responsibility to ask that question.<p>On the other hand, I'm not a lawyer.",1234843368
45,484074,comment,483911.0,484037.0,0,0,mattmaroon,,,I'm going to hope that pun (porn and xxx being fat-fingered) was unintentional.,1234843296
