,col0,col1,col2,col3,col4,col5,col6,col7,col8,col9,col10
0,412576,comment,412440.0,412558.0,0,0,jhancock,,,"I think you understand the point.  Saying things like that on Christmas Eve is a clear attempt to be a lightning rod for criticism.<p>I guess I'm going to have to email Mr. Kay myself if I want to find this so hard to find quote.  Noone on HN seems to know it.  I do recall that when I read it at least 10 years ago, I read it ""offline"".  Maybe the goog doesn't know this one? ;)",1230523194
1,412575,comment,412136.0,412516.0,0,0,kirse,,,"<i>you'd be incorrect. (You'd also be kind of rude.)</i><p>Sounds like someone needs a spine ;)<p>On that note, though, I apologize for accusing you of something you did not do.",1230523190
2,412574,comment,412244.0,412295.0,0,0,spolsky,,,"Where's the sexism? Sexism would be assuming that the whiners were all boys, or using exclusively masculine gender instead of mixing it up a bit.",1230523128
3,412573,comment,412244.0,412349.0,0,0,timr,,,"The argument <i>""X is better than being unemployed""</i> can be made for many values of X.  It isn't spitting on fortune to suggest that some values of X are more desirable than others, and should be pursued strategically over the course of a career.",1230523027
4,412572,comment,412443.0,412527.0,0,0,mattmaroon,,,Can it be an alligator wrestling startup at least?,1230523006
5,412571,comment,412443.0,412550.0,0,0,mattmaroon,,,"The Fed should oversee the loans, and Congress them, just as with anything else. I don't consider myself informed enough to have a strong opinion about the $700 billion one. I don't have any moral objections.",1230522977
6,412570,comment,412136.0,412526.0,0,0,pg,,,"It's funny that you two have taken up the question.  When I first read that comment about lack of killer instinct, there were certain YC founders who immediately popped into my head as people whose faces I'd have liked to hear him say that to...",1230522950
7,412569,comment,412244.0,412295.0,0,0,JabavuAdams,,,"These ""speech macros"" are an interesting phenomenon.<p>How many people who have no problem with homosexuality still use ""gay"" as a derogatory term: ""Oh man, that's so gay.""<p>If they were raised in the US or Canada in the last 30 years, it's just probably something they heard in the school-yard and now don't examine at all.<p>I've said such things, and the subsequent introspection has given me a new insight into those old fogies who say things like ""Nigger brown"", without meaning to be racist.<p>They were socialized in a racist culture, and although their  individual views may be different, they can't fully shake the legacy.",1230522910
8,412568,comment,412474.0,412474.0,0,0,paraschopra,,,"When I vote, the site says:<p>""Element.update(""cat_1"", ""Thanks for voting!"");\nElement.hide(""noms_1"");""<p>Weird. BTW, I am using Chrome. Is the error specific to it?",1230522909
9,412567,comment,412136.0,412557.0,0,0,mattmaroon,,,"And so you think YC startups are failing to negotiate well with IBM? I'm curious beyond some vague idea of ruthlessness, that really just seems like a fairly typical licensing deal magnified in importance by history, if there are any specific examples of a YC company not being ruthless.<p>I still go back to my original comment, which is that when you boil this whole question down, it makes no sense at all.",1230522768
10,412565,comment,412136.0,412495.0,0,0,Retric,,,"Evil is only useful once you step outside of a competitive market.  EX: Cable company's seem to be Evil because they make more money that way, but trying to be more evil than the next pizza delivery company is useless.",1230522730
11,412564,comment,412031.0,412449.0,0,0,timr,,,I have nothing to be defensive about -- it's your article.,1230522721
12,412563,comment,412440.0,412517.0,0,0,tptacek,,,"Now you're being less ""gossipy"" and more ""insulting to everyone's intelligence"", since your original post questions whether DHH is ""delusional"", and asks if it's ""really come to this"". You could have just asked the question you claim to have been asking. But that wouldn't have attracted all this attention, now, would it have?",1230522697
13,412562,comment,412136.0,412553.0,0,0,mattmaroon,,,I don't think asking people to pay for your product is ruthless.,1230522660
14,412561,comment,412443.0,412443.0,0,0,chaostheory,,,whatever the auto makers do it's nothing compared to the f-ups of the bankers. even their loan is miniscule compared to the 2 trillion dollar loan we've already given the banking industry; not to mention the 5 trillion in free money and the complete lack of oversight and transparency for the bankers.<p>More attention should be re-diverted back to the banks...,1230522647
15,412560,comment,412136.0,412317.0,0,0,Zak,,,"If you're two guys, two laptops and a server in an apartment, there aren't many costs to cut. That's the typical YC company. Marketing doesn't seem to do as much for a new company as PR, and simply being YC-funded is a big boost in that area.",1230522641
16,412559,comment,412474.0,412474.0,0,0,aj,,,"Why is this fugly ""award"" so over-hyped?",1230522581
17,412558,comment,412440.0,412549.0,0,0,tptacek,,,"There are really a billion people who (a) read DHH's blog and (b) have the maturity of a middle school student? How sad they must be when their peers turn on ""The Wire"".",1230522570
18,412557,comment,412136.0,412522.0,0,0,villageidiot,,,"QDOS produced by Seattle Computer and purchased by Microsoft after Digital Research dragged their heels on their promises to deliever CP/M to IBM, was a rip-off of CP/M. We can argue about this point but it's documented by Gates' biographers.<p>Gates was hungry for that deal and beat Kildall to the punch, doing what he needed to, bending the rules/law to get his foot in the door at IBM.<p>The essay by pg about ""doing good"" mentioned by someone in this thread might ring true when the valves are open and VC funding is flowing freely but in the new financial reality that we are in, I am arguing that it is the companies that have this kind of ruthlessness that will be the ones who make it, not the ones who want to ""do good"". Microsoft is not an outlier in this practice. It is self-evident that this is the American way of business.<p><a href=""http://books.google.com/books?id=iPWjNoSS9vUC&pg=PA120&lpg=PA120&dq=%22digital+research%22+%22seattle+computer+products%22+microsoft&source=bl&ots=62oRvvfB2g&sig=fBD_sIAB0Ogf3aLfiw_-Vk6pcrA&hl=en&sa=X&oi=book_result&resnum=1&ct=result#PPA120,M1"" rel=""nofollow"">http://books.google.com/books?id=iPWjNoSS9vUC&pg=PA120&#...</a>",1230522551
19,412556,comment,412415.0,412415.0,0,0,aj,,,I would say that Chrome (and Google starting to favor it over firefox) will slow down Mozilla's growth more than the downturn,1230522537
20,412555,comment,412440.0,412484.0,0,0,Hexstream,,,"I have one very related quote, though by Greenspun, not Kay:<p>""We will live in a society where the best educated engineers are not designing anti-lock brakes. They are either managing comparatively poorly educated people who are designing anti-lock brakes, stitching up wounds in people who were injured by faulty anti-lock brakes, or defending companies that got sued for their anti-lock brake systems that didn't work.""<p>from <a href=""http://philip.greenspun.com/school/tuition-free-mit.html"" rel=""nofollow"">http://philip.greenspun.com/school/tuition-free-mit.html</a>",1230522451
21,412554,comment,412474.0,412474.0,0,0,auston,,,"What I don't get is how Rolando, which came out TWO DAYS before nominations closed, landed on there (not to say I don't love it) - <a href=""http://vote.crunchies2008.techcrunch.com/votes/#category_16"" rel=""nofollow"">http://vote.crunchies2008.techcrunch.com/votes/#category_16</a>",1230522397
22,412553,comment,412136.0,412522.0,0,0,brandonkm,,,"Mircosoft was VERY assertive at first.  Without laying out a detailed history, very early on gates had a keen business sense and was quite ruthless.  They may have been 'building something people want', but the seeds of what microsoft would later become were without a doubt being planted.  <a href=""http://en.wikipedia.org/wiki/Open_Letter_to_Hobbyists"" rel=""nofollow"">http://en.wikipedia.org/wiki/Open_Letter_to_Hobbyists</a>",1230522388
23,412552,comment,412184.0,412184.0,0,0,chaostheory,,,I've had a powermac g5 tower dual 1.6 for over two years now and it still works fine (though flash seems to be a lot slower now)<p>My other old mac a G3 (i forget how old it is) is still working well with Tiger (albeit a bit slower compared to everything else),1230522385
24,412551,comment,412440.0,412440.0,0,0,mileszs,,,"The closest thing I found (via quick search) was a quote (apparently) by Paul Krugman:<p>""Meanwhile, how much has our nation's future been damaged by the magnetic pull of quick personal wealth, which for years has drawn many of our best and brightest young people into investment banking, at the expense of science, public service and just about everything else?""",1230522349
25,412550,comment,412443.0,412537.0,0,0,snprbob86,,,"But who oversees the overseers? The American people have proven they can't pick a smart loan, much less manage $700B.<p>I'm opposed to both of the bailouts, with or without oversight.",1230522339
26,412549,comment,412440.0,412529.0,0,0,jhancock,,,"again, I wasn't trying to bash DHH.  Just adding some humor to my search for the very hard to find quote I'm still looking for.<p>But if you wonder why DHH seems to attract character assassins, look no further than how he signed off from his Christmas Eve post <a href=""http://www.loudthinking.com/posts/36-work-on-what-you-use-and-share-the-rest"" rel=""nofollow"">http://www.loudthinking.com/posts/36-work-on-what-you-use-an...</a><p>""So kumbaja motherfuckers and merry christmas!""<p>That's a great way to tick off a billion or so people.",1230522325
27,412548,comment,412447.0,412447.0,0,0,mynameishere,,,"I like pirates of silicon valley better,<p><a href=""http://www.youtube.com/watch?v=xflXMZL2stU"" rel=""nofollow"">http://www.youtube.com/watch?v=xflXMZL2stU</a>",1230522266
28,412547,comment,412244.0,412454.0,0,0,bprater,,,"Ring-a-ding-ding. Totally agree.<p>For those of us that would hack paid or not, I'm thrilled to see someone like this considering getting out of the industry.<p>It opens up a seat for someone that loves programming to take their job.",1230522264
29,412546,comment,412355.0,412355.0,0,0,randomwalker,,,"In a previous life as a math nerd, I used to do memory and mental arithmetic tricks, so this post rings true -- i.e, these calculations are all in fact easy to do with practice, even if they might not appear to be so at first.<p>It appears that the only way to make math cool is by focusing on the least useful part of it, and further, by giving it an aura of mystery by making exaggerated or false claims, when in fact the purpose of math is to clarify. Sad.<p>In this vein, see also my deconstruction of Arthur Benjamin's ""mathemagics"" performance: <a href=""http://arvindn.livejournal.com/82413.html"" rel=""nofollow"">http://arvindn.livejournal.com/82413.html</a>",1230522151
30,412545,comment,412018.0,412373.0,0,0,ricree,,,"I don't necessarily disagree with him about this, but I do take issue with his disdain of academic or hobbyist projects.<p>The internet is increasingly providing free access to very large and very interesting data sets, and so of course we're seeing more and more people take advantage of this to do interesting things with this data.  And as working with these sorts of datasets becomes more and more common, it is silly to think that we should have to reinvent the wheel every time instead of having tools evolve around their uses.<p>Moreover, we're in an age where a couple people can successfully take an idea from a hobby project and turn it into a working business with little more than time, effort, and knowledge.  Given this, I would ask where the line is drawn between ""I need to work with this data"" and ""what sorts of cool things can I do with this data"".  My personal belief is that the line is very fine and blurry, and that the work of ""jerkoff hobbyists"" today is likely to lead to the serious uses of the future.",1230522110
31,412543,comment,410240.0,410674.0,0,0,potatolicious,,,"They are actually - days like these the delivery guys don't get paid enough :)<p>It's not as if the roads are sealed or anything, but there's enough snow out there that most people are ill-equipped and ill-trained to deal with it. Cars are sliding off the roads because of lack of snow tires, and people are getting beached up all over the place. Not a pretty sight. But a good driver with snow tires/chains is not altogether too handicapped.",1230522054
32,412542,comment,412184.0,412184.0,0,0,cubicle67,,,"Every pet I've owned has died (except the current dog)<p>One of our dogs only lasted 17 years, the other failed after just 15. The chooks weren't much good; we only seemed to get about 4 or 5 years from them. The finches are all dead, and so are the budgies. The rabbit died too.<p>My wife had a dog they gave away, but they kept in contact with the new owner, and after 6 years with the new owner, that dog was dead too.",1230522000
33,412541,comment,412184.0,412207.0,0,0,potatolicious,,,"Every Mac I've owned has failed also. But every laptop I've ever owned has also, similarly, failed. Maybe it's me.<p>My point is though: Apple treated me right when my machine fails, the other laptop manufacturers (Dell, Acer) do not, not by a long shot, and for that reason alone I'll keep buying Macs.",1230521940
34,412540,comment,411733.0,412374.0,0,0,tdavis,,,"It's rather unlikely you're doing anything wrong. IIRC, BeautifulSoup docs acknowledge that it is rather slow.<p>Also, if you don't make use of the methods that extract/unravel object trees, they may not be properly GC'd, leading to further slowdowns. I can't remember the method names exactly (might be destroy() and extract()), but they're in the docs.",1230521916
35,412539,story,,,3,2,syntaxfree,Anticresis,http://dayvancowboy.org/?p=49,,1230521891
36,412538,comment,412499.0,412499.0,0,0,mattmaroon,,,"""These very first applications were basically simple implementations of some of the existing behavior/features that existed in facebook. A few that come to my mind are SuperPoke, SuperWall, FunWall, Send Hotness etc""<p>Actually those top apps then (many of which still are) just replicated functionality MySpace already had. The various FunWalls, TopFriends, some of the music apps, etc.<p>It's not a bad strategy really. Look at one, more popular social network, assume that heavily used features there would be in demand on another social network, and build it. If there's ever another platform from a second place competitor that lacks a lot of the functionality of its first place rival, it would be wise to do the same thing.",1230521713
37,412537,comment,412443.0,412524.0,0,0,mattmaroon,,,"I don't think that's logical. I mean, I agree that there should maybe have been far more strings attached to the $700 billion, but that doesn't mean there should have been less oversight of this one. (There's actually pitifully little.)",1230521574
38,412536,comment,412443.0,412443.0,0,0,mhb,,,"<a href=""http://buffalobeast.com/133/bigthree.jpg"" rel=""nofollow"">http://buffalobeast.com/133/bigthree.jpg</a>",1230521547
39,412535,comment,412244.0,412244.0,0,0,noahlt,,,"""Do you know how many people in America go to jobs where you need permission to go to the bathroom?""<p>I am actually quite interested in that statistic.",1230521468
40,412534,comment,412443.0,412532.0,0,0,mattmaroon,,,That has everything to do with the price. They're ugly and crap because of the extra cost.,1230521458
41,412533,comment,412178.0,412340.0,0,0,brandonkm,,,Exactly.  I'm filing this one under 'general networking advice'.,1230521449
42,412532,comment,412443.0,412443.0,0,0,abstractbill,,,"<i>They’re losing because every car costs $2,000 more to build due to higher wages and health care. That’s it. End of story.</i><p>I'd never buy an American car, and it has <i>nothing</i> to do with the price.  They're ugly, and crap.  End of story.",1230521379
43,412531,comment,412184.0,412184.0,0,0,zandorg,,,"I have a thing for second-hand 2001-era HP Omnibook 6100's, which fail after about 2 years (screen hinge, etc), but are QUIET. A recent favourite is Thinkpad T23's, which are titanium cased.",1230521319
44,412530,comment,412014.0,412394.0,0,0,tptacek,,,"Just to be devil's advocate, any credit card is going to do the same thing if your card is stolen; they're legally required to, but they also do a good job on this just as a customer retention measure.<p>My Amex story is about getting fucked over in a legitimate transaction, and Amex making it right even though the problem had nothing to do with my credit card. I was told to expect this of Amex customer service, and they were right.",1230521220
45,412529,comment,412440.0,412486.0,0,0,mechanical_fish,,,"Huh? Here's the relevant section from the page you link to, in full:<p><i>David Heinemeier Hansson: [in response to a question]<p>I try not to predict the future. I’m not a big believer in fortune telling. The best way to predict the future is to implement it.</i><p>Since when was quoting a classic aphorism a source of ""guilt""?  Am I supposed to include a footnote every time I use phrases like <i>premature optimization</i>, or <i>considered harmful</i>, or <i>half-implemented buggy version of half of Common Lisp</i> in casual conversation? Or does the do-not-quote-others rule only apply to DHH, who seems to attract character assassins as honey draws flies?",1230521209
46,412528,comment,412474.0,412474.0,0,0,vaksel,,,"Seems like 1/3 of them are stuff that you never even heard of, 1/3 are big name companies that have no reason to be in this thing at all, and 1/3 are actual startups that deserve to be nominated.<p>So basically a typical techcrunch ""startup"" event",1230521167
47,412527,comment,412443.0,412457.0,0,0,fallentimes,,,Writes/plays poker/cofounded a startup.,1230520980
48,412526,comment,412136.0,412521.0,0,0,mattmaroon,,,"My guess would be that he means, for instance, shipping IE for free and essentially destroying Netscape was ruthless and/or assertive. He's probably forgetting that that occurred in 1995, one decade after Windows first appeared, and two decades after Microsoft was founded.",1230520498
49,412525,comment,411994.0,411994.0,0,0,kungfooey,,,I printed this article out a couple of years ago when I started consulting and it has been an inspiration to me. It's always worthy of a re-read!,1230520493
50,412524,comment,412443.0,412443.0,0,0,ojbyrne,,,"I think the amount of oversight, controversy, and political grandstanding over giving $14 billion to companies that actually make things is just insane giving the $700+ billion given, without any strings attached, to companies that move numbers around on spreadsheets.",1230520479
51,412523,comment,412474.0,412518.0,0,0,fallentimes,,,You're right. Github is certainly the favorite (and deserves to be).,1230520323
52,412522,comment,412136.0,412495.0,0,0,mattmaroon,,,"How ""assertive"" was Microsoft at first? It seems like they spent their first decade toiling along at standardizing programming across the many different OEMs and computer types of the day. It was probably another decade until they did anything that anyone would consider ""ruthless"".<p>They started off trying to build something people want (Basic for the Altair) just like any YC company. I wouldn't say that most YC startups display any less ambition than building a Basic interpreter.",1230520260
53,412521,comment,412136.0,412495.0,0,0,fallentimes,,,"Can you please clarify what you mean by assertive approach? You continually use Microsoft as an example, but I don't really think spending half a decade in courts is assertive.<p>Or maybe you could use some mid sized companies as examples as Google and Microsoft are both anomalies.",1230520100
54,412520,comment,412244.0,412410.0,0,0,mechanical_fish,,,"One problem with discussions like this is that ""programming"" has an absurdly narrow definition. If you aren't actually spending the majority of your day typing code into emacs and fixing Javascript bugs, you are not a ""programmer"": you have ""migrated into management"".<p>A senior law partner who never personally argues a case or drafts a contract, but does nothing but attend meetings all day and supervise younger partners and paralegals, is still ""practicing law"". The chiefs of large hospital departments are still ""doctors"" even when they don't pick up a stethoscope for days at a time. Late in Beethoven's career, when he was almost completely deaf, no longer able to perform or even to critique other performers, he was still a ""musician"".<p>Whereas (e.g.) Joel Spolsky is now a ""manager"". Except when he's working on Arc, PG is more likely to be called a ""manager"" or an ""angel investor"" or a ""venture capitalist"" or a ""technology pundit"" or a ""marketer"" or a ""writer"" or a ""teacher"" or a ""designer"" or a ""strategic consultant"" or an ""executive chef"" (I think he does all of these things!) than a mere <i>programmer</i>. But just because these guys somehow don't fit our hyper-narrow definition of ""programmer"" doesn't necessarily mean that they had a problem with their software careers. It might just mean that there are many opportunities in software -- some quite rewarding or lucrative; many of which are best performed by someone who also knows how to program -- that aren't captured in the scope of the term <i>programmer</i>.<p>Part of the reason why there seem to be so few ""programmers"" in their forties and fifties is that by that time many of them have dreamed up a better job title for themselves, like ""senior member of the technical staff"" or ""chief of QA"" or ""Java architecture consultant"" or even ""co-founder"" or ""CEO"". Spolsky loves to tell the story about his Bill Gates review:<p><a href=""http://www.joelonsoftware.com/items/2006/06/16.html"" rel=""nofollow"">http://www.joelonsoftware.com/items/2006/06/16.html</a><p>At the time of that review, Bill Gates had not been called a <i>programmer</i> for years and years. He was a CEO and a co-founder, and was paid accordingly (and then some). But what was he doing when he reviewed a spec in gory, technical detail? He was <i>programming</i>. At a higher level than the average college intern, yes, but just because you're not touching a keyboard or dealing with individual calls to <i>malloc</i> doesn't mean you're not programming.<p>Unless we decide that it does. But then we shouldn't be surprised to find that <i>programming</i> as a career is something that many people eventually grow out of.  We've defined it that way -- as a term to describe an activity that doesn't scale well and that usually represents only a portion of a well-balanced intellectual or economic diet.",1230520078
55,412519,comment,412474.0,412474.0,0,0,zain,,,Facebook is in a lot of the nominations. Are they really still a startup?,1230519890
56,412518,comment,412474.0,412497.0,0,0,raju,,,"Congrats to you, and all the other YC startups! Though some touch choices there (BackType and GitHub in the same category)",1230519835
57,412517,comment,412440.0,412500.0,0,0,jhancock,,,"I wasn't trying to be too ""gossipy"".  What I really wanted was for someone to help me find the quote I was looking for?\nNot this quote that everyone knows.<p>I wasn't trying to bash DHH, I even said that it doesn't matter if its a mistake or not but that others do not know its a mis-reference is the more poignant issue.",1230519757
58,412516,comment,412136.0,412371.0,0,0,thinkcomp,,,"Sorry, but if you're implying that I was impersonating someone else (in this case, the person whose username is madoff, who I don't know) just to revisit this topic, you'd be incorrect. (You'd also be kind of rude.) I bring up what happened with Facebook when it has some contextual relevance. There's a lot people here who could learn from that series of events, and I think I'm entitled to discuss it just like anyone else. As you'll note, however, I didn't even mention it until you did--and I only noticed that due to a traffic spike.<p>And for the record, I agree. By and large, YC startups do lack spines.",1230519735
59,412515,comment,412440.0,412459.0,0,0,bjclark,,,"It's profoundly saddening to know that this, of all things, makes you profoundly sad.",1230519699
60,412514,comment,412474.0,412497.0,0,0,fallentimes,,,"Done (for all of them), but I'll be honest - I've never really thought of you as a mobile startup.",1230519688
61,412513,comment,411994.0,411994.0,0,0,pkrumins,,,What this document basically means is - You Don't Want To Be A Consulant.,1230519680
62,412512,comment,411831.0,411868.0,0,0,cperciva,,,"I've had problems with inter-distribution linux compatibility in tarsnap due to<p>* varying definitions of off_t (fortunately autoconf fixed this for me).<p>* the linux 2.4 kernel returning EINVAL for the interaction of TCP_NODELAY and TCP_CORK (fixed by avoiding the problematic interaction on all linuxes).<p>* the header files for openssl, zlib, and ext2fs/ext2_fs.h sometimes being installed and sometimes being part of packages with a wide variety of names (which I'm attempting to work around by providing a list of ""the package you need should have a name something like this..."").<p>I think there was a library version issue at one point too, but I can't remember what it was.<p>Yes, I could avoid problems with header files if I only provided binaries; but even leaving aside the question of security, this would mean that I'd have to deal with the problem of packaging binaries in N different ways.",1230519614
63,412511,comment,412158.0,412158.0,0,0,alex_c,,,"I am a big fan of Marc Andreessen's blog (Ning promotion notwithstanding).  I'm not sure how interesting his writing would be for high school students, but you can look around and see if there's anything appropriate.  Maybe this series:<p><a href=""http://blog.pmarca.com/2007/09/the-pmarca-gu-1.html"" rel=""nofollow"">http://blog.pmarca.com/2007/09/the-pmarca-gu-1.html</a>",1230519600
