,col0,col1,col2
0,1,21,org.assertj.core.api.iterable.IterableAssert_filteredOn_notIn_Test:should_filter_iterable_under_test_on_private_field_values
1,2,21,org.assertj.core.api.iterable.IterableAssert_filteredOn_notIn_Test:should_filter_iterable_under_test_on_private_field_values
2,0,21,org.assertj.core.api.iterable.IterableAssert_filteredOn_notIn_Test:should_filter_stream_under_test_on_property_values
3,1,21,org.assertj.core.api.iterable.IterableAssert_filteredOn_notIn_Test:should_filter_stream_under_test_on_property_values
4,2,21,org.assertj.core.api.iterable.IterableAssert_filteredOn_notIn_Test:should_filter_stream_under_test_on_property_values
5,0,21,org.assertj.core.api.iterable.IterableAssert_filteredOn_notIn_Test:should_fail_if_filter_is_on_private_field_and_reading_private_field_is_disabled
6,1,21,org.assertj.core.api.iterable.IterableAssert_filteredOn_notIn_Test:should_fail_if_filter_is_on_private_field_and_reading_private_field_is_disabled
7,2,21,org.assertj.core.api.iterable.IterableAssert_filteredOn_notIn_Test:should_fail_if_filter_is_on_private_field_and_reading_private_field_is_disabled
8,0,21,org.assertj.core.api.iterable.IterableAssert_filteredOn_notIn_Test:should_fail_if_on_of_the_iterable_element_does_not_have_given_property_or_field
9,1,21,org.assertj.core.api.iterable.IterableAssert_filteredOn_notIn_Test:should_fail_if_on_of_the_iterable_element_does_not_have_given_property_or_field
10,2,21,org.assertj.core.api.iterable.IterableAssert_filteredOn_notIn_Test:should_fail_if_on_of_the_iterable_element_does_not_have_given_property_or_field
11,0,21,org.assertj.core.api.iterable.IterableAssert_filteredOn_notIn_Test:should_apply_notIn_filter
12,1,21,org.assertj.core.api.iterable.IterableAssert_filteredOn_notIn_Test:should_apply_notIn_filter
13,2,21,org.assertj.core.api.iterable.IterableAssert_filteredOn_notIn_Test:should_apply_notIn_filter
14,0,21,org.assertj.core.api.iterable.IterableAssert_filteredOn_notIn_Test:should_fail_if_given_property_or_field_name_is_null
15,1,21,org.assertj.core.api.iterable.IterableAssert_filteredOn_notIn_Test:should_fail_if_given_property_or_field_name_is_null
16,2,21,org.assertj.core.api.iterable.IterableAssert_filteredOn_notIn_Test:should_fail_if_given_property_or_field_name_is_null
17,0,21,org.assertj.core.api.iterable.IterableAssert_filteredOn_notIn_Test:should_filter_iterable_under_test_on_public_field_values
18,1,21,org.assertj.core.api.iterable.IterableAssert_filteredOn_notIn_Test:should_filter_iterable_under_test_on_public_field_values
19,2,21,org.assertj.core.api.iterable.IterableAssert_filteredOn_notIn_Test:should_filter_iterable_under_test_on_public_field_values
20,0,21,org.assertj.core.api.iterable.IterableAssert_filteredOn_notIn_Test:should_filter_iterable_under_test_on_property_not_backed_by_a_field_values
21,1,21,org.assertj.core.api.iterable.IterableAssert_filteredOn_notIn_Test:should_filter_iterable_under_test_on_property_not_backed_by_a_field_values
22,2,21,org.assertj.core.api.iterable.IterableAssert_filteredOn_notIn_Test:should_filter_iterable_under_test_on_property_not_backed_by_a_field_values
23,0,21,org.assertj.core.api.iterable.IterableAssert_filteredOn_notIn_Test:should_filter_iterable_under_test_on_nested_mixed_property_and_field_values
24,1,21,org.assertj.core.api.iterable.IterableAssert_filteredOn_notIn_Test:should_filter_iterable_under_test_on_nested_mixed_property_and_field_values
25,2,21,org.assertj.core.api.iterable.IterableAssert_filteredOn_notIn_Test:should_filter_iterable_under_test_on_nested_mixed_property_and_field_values
26,0,21,org.assertj.core.api.iterable.IterableAssert_filteredOn_notIn_Test:should_fail_if_given_property_or_field_name_is_empty
27,1,21,org.assertj.core.api.iterable.IterableAssert_filteredOn_notIn_Test:should_fail_if_given_property_or_field_name_is_empty
28,2,21,org.assertj.core.api.iterable.IterableAssert_filteredOn_notIn_Test:should_fail_if_given_property_or_field_name_is_empty
29,0,21,org.assertj.core.api.iterable.IterableAssert_filteredOn_notIn_Test:should_filter_iterable_under_test_on_nested_property_values
30,1,21,org.assertj.core.api.iterable.IterableAssert_filteredOn_notIn_Test:should_filter_iterable_under_test_on_nested_property_values
31,2,21,org.assertj.core.api.iterable.IterableAssert_filteredOn_notIn_Test:should_filter_iterable_under_test_on_nested_property_values
32,0,21,org.assertj.core.api.iterable.IterableAssert_filteredOn_notIn_Test:should_filter_iterator_under_test_on_property_values
33,1,21,org.assertj.core.api.iterable.IterableAssert_filteredOn_notIn_Test:should_filter_iterator_under_test_on_property_values
34,2,21,org.assertj.core.api.iterable.IterableAssert_filteredOn_notIn_Test:should_filter_iterator_under_test_on_property_values
35,0,21,org.assertj.core.api.iterable.IterableAssert_filteredOn_in_Test:should_filter_iterable_under_test_on_private_field_values
36,1,21,org.assertj.core.api.iterable.IterableAssert_filteredOn_in_Test:should_filter_iterable_under_test_on_private_field_values
37,2,21,org.assertj.core.api.iterable.IterableAssert_filteredOn_in_Test:should_filter_iterable_under_test_on_private_field_values
38,0,21,org.assertj.core.api.iterable.IterableAssert_filteredOn_in_Test:should_filter_stream_under_test_on_property_values
39,1,21,org.assertj.core.api.iterable.IterableAssert_filteredOn_in_Test:should_filter_stream_under_test_on_property_values
40,2,21,org.assertj.core.api.iterable.IterableAssert_filteredOn_in_Test:should_filter_stream_under_test_on_property_values
41,0,21,org.assertj.core.api.iterable.IterableAssert_filteredOn_in_Test:should_fail_if_filter_is_on_private_field_and_reading_private_field_is_disabled
42,1,21,org.assertj.core.api.iterable.IterableAssert_filteredOn_in_Test:should_fail_if_filter_is_on_private_field_and_reading_private_field_is_disabled
43,2,21,org.assertj.core.api.iterable.IterableAssert_filteredOn_in_Test:should_fail_if_filter_is_on_private_field_and_reading_private_field_is_disabled
44,0,21,org.assertj.core.api.iterable.IterableAssert_filteredOn_in_Test:should_fail_if_on_of_the_iterable_element_does_not_have_given_property_or_field
45,1,21,org.assertj.core.api.iterable.IterableAssert_filteredOn_in_Test:should_fail_if_on_of_the_iterable_element_does_not_have_given_property_or_field
46,2,21,org.assertj.core.api.iterable.IterableAssert_filteredOn_in_Test:should_fail_if_on_of_the_iterable_element_does_not_have_given_property_or_field
47,0,21,org.assertj.core.api.iterable.IterableAssert_filteredOn_in_Test:should_fail_if_given_property_or_field_name_is_null
48,1,21,org.assertj.core.api.iterable.IterableAssert_filteredOn_in_Test:should_fail_if_given_property_or_field_name_is_null
49,2,21,org.assertj.core.api.iterable.IterableAssert_filteredOn_in_Test:should_fail_if_given_property_or_field_name_is_null
50,0,21,org.assertj.core.api.iterable.IterableAssert_filteredOn_in_Test:should_filter_iterable_under_test_on_property_not_backed_by_a_field_values
51,1,21,org.assertj.core.api.iterable.IterableAssert_filteredOn_in_Test:should_filter_iterable_under_test_on_property_not_backed_by_a_field_values
52,2,21,org.assertj.core.api.iterable.IterableAssert_filteredOn_in_Test:should_filter_iterable_under_test_on_property_not_backed_by_a_field_values
53,0,21,org.assertj.core.api.iterable.IterableAssert_filteredOn_in_Test:should_filter_iterable_under_test_on_nested_mixed_property_and_field_values
54,1,21,org.assertj.core.api.iterable.IterableAssert_filteredOn_in_Test:should_filter_iterable_under_test_on_nested_mixed_property_and_field_values
55,2,21,org.assertj.core.api.iterable.IterableAssert_filteredOn_in_Test:should_filter_iterable_under_test_on_nested_mixed_property_and_field_values
56,0,21,org.assertj.core.api.iterable.IterableAssert_filteredOn_in_Test:should_apply_in_filter
57,1,21,org.assertj.core.api.iterable.IterableAssert_filteredOn_in_Test:should_apply_in_filter
58,2,21,org.assertj.core.api.iterable.IterableAssert_filteredOn_in_Test:should_apply_in_filter
59,0,21,org.assertj.core.api.iterable.IterableAssert_filteredOn_in_Test:should_fail_if_given_property_or_field_name_is_empty
60,1,21,org.assertj.core.api.iterable.IterableAssert_filteredOn_in_Test:should_fail_if_given_property_or_field_name_is_empty
61,2,21,org.assertj.core.api.iterable.IterableAssert_filteredOn_in_Test:should_fail_if_given_property_or_field_name_is_empty
62,0,21,org.assertj.core.api.iterable.IterableAssert_filteredOn_in_Test:should_filter_iterable_under_test_on_nested_property_values
63,1,21,org.assertj.core.api.iterable.IterableAssert_filteredOn_in_Test:should_filter_iterable_under_test_on_nested_property_values
64,2,21,org.assertj.core.api.iterable.IterableAssert_filteredOn_in_Test:should_filter_iterable_under_test_on_nested_property_values
65,0,21,org.assertj.core.api.iterable.IterableAssert_filteredOn_in_Test:should_filter_iterator_under_test_on_property_values
66,1,21,org.assertj.core.api.iterable.IterableAssert_filteredOn_in_Test:should_filter_iterator_under_test_on_property_values
67,2,21,org.assertj.core.api.iterable.IterableAssert_filteredOn_in_Test:should_filter_iterator_under_test_on_property_values
68,0,21,org.assertj.core.api.objectarray.ObjectArrayAssert_filteredOn_Test:should_fail_if_filter_operators_are_combined
69,1,21,org.assertj.core.api.objectarray.ObjectArrayAssert_filteredOn_Test:should_fail_if_filter_operators_are_combined
70,2,21,org.assertj.core.api.objectarray.ObjectArrayAssert_filteredOn_Test:should_fail_if_filter_operators_are_combined
71,3,22,org.assertj.core.api.objectarray.ObjectArrayAssert_filteredOn_Test:should_fail_if_filter_operators_are_combined
72,0,21,org.assertj.core.api.objectarray.ObjectArrayAssert_filteredOn_Test:should_fail_if_filter_is_on_private_field_and_reading_private_field_is_disabled
73,1,21,org.assertj.core.api.objectarray.ObjectArrayAssert_filteredOn_Test:should_fail_if_filter_is_on_private_field_and_reading_private_field_is_disabled
74,2,21,org.assertj.core.api.objectarray.ObjectArrayAssert_filteredOn_Test:should_fail_if_filter_is_on_private_field_and_reading_private_field_is_disabled
75,3,22,org.assertj.core.api.objectarray.ObjectArrayAssert_filteredOn_Test:should_fail_if_filter_is_on_private_field_and_reading_private_field_is_disabled
76,0,21,org.assertj.core.api.objectarray.ObjectArrayAssert_filteredOn_not_Test:should_apply_not_filter
77,1,21,org.assertj.core.api.objectarray.ObjectArrayAssert_filteredOn_not_Test:should_apply_not_filter
78,2,21,org.assertj.core.api.objectarray.ObjectArrayAssert_filteredOn_not_Test:should_apply_not_filter
79,0,21,org.assertj.core.api.objectarray.ObjectArrayAssert_filteredOn_not_Test:should_filter_object_array_under_test_on_property_not_backed_by_a_field_values
80,1,21,org.assertj.core.api.objectarray.ObjectArrayAssert_filteredOn_not_Test:should_filter_object_array_under_test_on_property_not_backed_by_a_field_values
81,2,21,org.assertj.core.api.objectarray.ObjectArrayAssert_filteredOn_not_Test:should_filter_object_array_under_test_on_property_not_backed_by_a_field_values
82,0,21,org.assertj.core.api.objectarray.ObjectArrayAssert_filteredOn_not_Test:should_filter_object_array_under_test_on_nested_mixed_property_and_field_values
83,1,21,org.assertj.core.api.objectarray.ObjectArrayAssert_filteredOn_not_Test:should_filter_object_array_under_test_on_nested_mixed_property_and_field_values
84,2,21,org.assertj.core.api.objectarray.ObjectArrayAssert_filteredOn_not_Test:should_filter_object_array_under_test_on_nested_mixed_property_and_field_values
85,0,21,org.assertj.core.api.objectarray.ObjectArrayAssert_filteredOn_not_Test:should_fail_if_on_of_the_object_array_element_does_not_have_given_property_or_field
86,1,21,org.assertj.core.api.objectarray.ObjectArrayAssert_filteredOn_not_Test:should_fail_if_on_of_the_object_array_element_does_not_have_given_property_or_field
87,2,21,org.assertj.core.api.objectarray.ObjectArrayAssert_filteredOn_not_Test:should_fail_if_on_of_the_object_array_element_does_not_have_given_property_or_field
88,0,21,org.assertj.core.api.objectarray.ObjectArrayAssert_filteredOn_not_Test:should_filter_object_array_under_test_on_nested_property_values
89,1,21,org.assertj.core.api.objectarray.ObjectArrayAssert_filteredOn_not_Test:should_filter_object_array_under_test_on_nested_property_values
90,2,21,org.assertj.core.api.objectarray.ObjectArrayAssert_filteredOn_not_Test:should_filter_object_array_under_test_on_nested_property_values
91,0,21,org.assertj.core.api.objectarray.ObjectArrayAssert_filteredOn_not_Test:should_fail_if_filter_is_on_private_field_and_reading_private_field_is_disabled
92,1,21,org.assertj.core.api.objectarray.ObjectArrayAssert_filteredOn_not_Test:should_fail_if_filter_is_on_private_field_and_reading_private_field_is_disabled
93,2,21,org.assertj.core.api.objectarray.ObjectArrayAssert_filteredOn_not_Test:should_fail_if_filter_is_on_private_field_and_reading_private_field_is_disabled
94,0,21,org.assertj.core.api.objectarray.ObjectArrayAssert_filteredOn_not_Test:should_filter_object_array_under_test_on_public_field_values
95,1,21,org.assertj.core.api.objectarray.ObjectArrayAssert_filteredOn_not_Test:should_filter_object_array_under_test_on_public_field_values
96,2,21,org.assertj.core.api.objectarray.ObjectArrayAssert_filteredOn_not_Test:should_filter_object_array_under_test_on_public_field_values
97,0,21,org.assertj.core.api.objectarray.ObjectArrayAssert_filteredOn_not_Test:should_fail_if_given_property_or_field_name_is_null
98,1,21,org.assertj.core.api.objectarray.ObjectArrayAssert_filteredOn_not_Test:should_fail_if_given_property_or_field_name_is_null
99,2,21,org.assertj.core.api.objectarray.ObjectArrayAssert_filteredOn_not_Test:should_fail_if_given_property_or_field_name_is_null
100,0,21,org.assertj.core.api.objectarray.ObjectArrayAssert_filteredOn_not_Test:should_filter_object_array_under_test_on_private_field_values
101,1,21,org.assertj.core.api.objectarray.ObjectArrayAssert_filteredOn_not_Test:should_filter_object_array_under_test_on_private_field_values
102,2,21,org.assertj.core.api.objectarray.ObjectArrayAssert_filteredOn_not_Test:should_filter_object_array_under_test_on_private_field_values
103,0,21,org.assertj.core.api.objectarray.ObjectArrayAssert_filteredOn_not_Test:should_fail_if_given_property_or_field_name_is_empty
104,1,21,org.assertj.core.api.objectarray.ObjectArrayAssert_filteredOn_not_Test:should_fail_if_given_property_or_field_name_is_empty
105,2,21,org.assertj.core.api.objectarray.ObjectArrayAssert_filteredOn_not_Test:should_fail_if_given_property_or_field_name_is_empty
106,0,21,org.assertj.core.api.objectarray.ObjectArrayAssert_filteredOn_notIn_Test:should_filter_object_array_under_test_on_property_not_backed_by_a_field_values
107,1,21,org.assertj.core.api.objectarray.ObjectArrayAssert_filteredOn_notIn_Test:should_filter_object_array_under_test_on_property_not_backed_by_a_field_values
108,2,21,org.assertj.core.api.objectarray.ObjectArrayAssert_filteredOn_notIn_Test:should_filter_object_array_under_test_on_property_not_backed_by_a_field_values
109,0,21,org.assertj.core.api.objectarray.ObjectArrayAssert_filteredOn_notIn_Test:should_filter_object_array_under_test_on_nested_mixed_property_and_field_values
110,1,21,org.assertj.core.api.objectarray.ObjectArrayAssert_filteredOn_notIn_Test:should_filter_object_array_under_test_on_nested_mixed_property_and_field_values
111,2,21,org.assertj.core.api.objectarray.ObjectArrayAssert_filteredOn_notIn_Test:should_filter_object_array_under_test_on_nested_mixed_property_and_field_values
112,0,21,org.assertj.core.api.objectarray.ObjectArrayAssert_filteredOn_notIn_Test:should_fail_if_on_of_the_object_array_element_does_not_have_given_property_or_field
113,1,21,org.assertj.core.api.objectarray.ObjectArrayAssert_filteredOn_notIn_Test:should_fail_if_on_of_the_object_array_element_does_not_have_given_property_or_field
114,2,21,org.assertj.core.api.objectarray.ObjectArrayAssert_filteredOn_notIn_Test:should_fail_if_on_of_the_object_array_element_does_not_have_given_property_or_field
115,0,21,org.assertj.core.api.objectarray.ObjectArrayAssert_filteredOn_notIn_Test:should_filter_object_array_under_test_on_nested_property_values
116,1,21,org.assertj.core.api.objectarray.ObjectArrayAssert_filteredOn_notIn_Test:should_filter_object_array_under_test_on_nested_property_values
117,2,21,org.assertj.core.api.objectarray.ObjectArrayAssert_filteredOn_notIn_Test:should_filter_object_array_under_test_on_nested_property_values
118,0,21,org.assertj.core.api.objectarray.ObjectArrayAssert_filteredOn_notIn_Test:should_fail_if_filter_is_on_private_field_and_reading_private_field_is_disabled
119,1,21,org.assertj.core.api.objectarray.ObjectArrayAssert_filteredOn_notIn_Test:should_fail_if_filter_is_on_private_field_and_reading_private_field_is_disabled
120,2,21,org.assertj.core.api.objectarray.ObjectArrayAssert_filteredOn_notIn_Test:should_fail_if_filter_is_on_private_field_and_reading_private_field_is_disabled
121,0,21,org.assertj.core.api.objectarray.ObjectArrayAssert_filteredOn_notIn_Test:should_apply_notIn_filter
122,1,21,org.assertj.core.api.objectarray.ObjectArrayAssert_filteredOn_notIn_Test:should_apply_notIn_filter
123,2,21,org.assertj.core.api.objectarray.ObjectArrayAssert_filteredOn_notIn_Test:should_apply_notIn_filter
124,0,21,org.assertj.core.api.objectarray.ObjectArrayAssert_filteredOn_notIn_Test:should_filter_object_array_under_test_on_public_field_values
125,1,21,org.assertj.core.api.objectarray.ObjectArrayAssert_filteredOn_notIn_Test:should_filter_object_array_under_test_on_public_field_values
126,2,21,org.assertj.core.api.objectarray.ObjectArrayAssert_filteredOn_notIn_Test:should_filter_object_array_under_test_on_public_field_values
127,0,21,org.assertj.core.api.objectarray.ObjectArrayAssert_filteredOn_notIn_Test:should_fail_if_given_property_or_field_name_is_null
128,1,21,org.assertj.core.api.objectarray.ObjectArrayAssert_filteredOn_notIn_Test:should_fail_if_given_property_or_field_name_is_null
129,2,21,org.assertj.core.api.objectarray.ObjectArrayAssert_filteredOn_notIn_Test:should_fail_if_given_property_or_field_name_is_null
130,0,21,org.assertj.core.api.objectarray.ObjectArrayAssert_filteredOn_notIn_Test:should_filter_object_array_under_test_on_private_field_values
131,1,21,org.assertj.core.api.objectarray.ObjectArrayAssert_filteredOn_notIn_Test:should_filter_object_array_under_test_on_private_field_values
132,2,21,org.assertj.core.api.objectarray.ObjectArrayAssert_filteredOn_notIn_Test:should_filter_object_array_under_test_on_private_field_values
133,0,21,org.assertj.core.api.objectarray.ObjectArrayAssert_filteredOn_notIn_Test:should_fail_if_given_property_or_field_name_is_empty
134,1,21,org.assertj.core.api.objectarray.ObjectArrayAssert_filteredOn_notIn_Test:should_fail_if_given_property_or_field_name_is_empty
135,2,21,org.assertj.core.api.objectarray.ObjectArrayAssert_filteredOn_notIn_Test:should_fail_if_given_property_or_field_name_is_empty
136,0,21,org.assertj.core.api.iterable.IterableAssert_filteredOn_not_Test:should_apply_not_filter
137,1,21,org.assertj.core.api.iterable.IterableAssert_filteredOn_not_Test:should_apply_not_filter
138,2,21,org.assertj.core.api.iterable.IterableAssert_filteredOn_not_Test:should_apply_not_filter
139,0,21,org.assertj.core.api.iterable.IterableAssert_filteredOn_not_Test:should_filter_iterable_under_test_on_private_field_values
140,1,21,org.assertj.core.api.iterable.IterableAssert_filteredOn_not_Test:should_filter_iterable_under_test_on_private_field_values
141,2,21,org.assertj.core.api.iterable.IterableAssert_filteredOn_not_Test:should_filter_iterable_under_test_on_private_field_values
142,0,21,org.assertj.core.api.iterable.IterableAssert_filteredOn_not_Test:should_filter_stream_under_test_on_property_values
143,1,21,org.assertj.core.api.iterable.IterableAssert_filteredOn_not_Test:should_filter_stream_under_test_on_property_values
144,2,21,org.assertj.core.api.iterable.IterableAssert_filteredOn_not_Test:should_filter_stream_under_test_on_property_values
145,0,21,org.assertj.core.api.iterable.IterableAssert_filteredOn_not_Test:should_fail_if_filter_is_on_private_field_and_reading_private_field_is_disabled
146,1,21,org.assertj.core.api.iterable.IterableAssert_filteredOn_not_Test:should_fail_if_filter_is_on_private_field_and_reading_private_field_is_disabled
147,2,21,org.assertj.core.api.iterable.IterableAssert_filteredOn_not_Test:should_fail_if_filter_is_on_private_field_and_reading_private_field_is_disabled
148,0,21,org.assertj.core.api.iterable.IterableAssert_filteredOn_not_Test:should_fail_if_on_of_the_iterable_element_does_not_have_given_property_or_field
149,1,21,org.assertj.core.api.iterable.IterableAssert_filteredOn_not_Test:should_fail_if_on_of_the_iterable_element_does_not_have_given_property_or_field
150,2,21,org.assertj.core.api.iterable.IterableAssert_filteredOn_not_Test:should_fail_if_on_of_the_iterable_element_does_not_have_given_property_or_field
151,0,21,org.assertj.core.api.iterable.IterableAssert_filteredOn_not_Test:should_fail_if_given_property_or_field_name_is_null
152,1,21,org.assertj.core.api.iterable.IterableAssert_filteredOn_not_Test:should_fail_if_given_property_or_field_name_is_null
153,2,21,org.assertj.core.api.iterable.IterableAssert_filteredOn_not_Test:should_fail_if_given_property_or_field_name_is_null
154,0,21,org.assertj.core.api.iterable.IterableAssert_filteredOn_not_Test:should_filter_iterable_under_test_on_public_field_values
155,1,21,org.assertj.core.api.iterable.IterableAssert_filteredOn_not_Test:should_filter_iterable_under_test_on_public_field_values
156,2,21,org.assertj.core.api.iterable.IterableAssert_filteredOn_not_Test:should_filter_iterable_under_test_on_public_field_values
157,0,21,org.assertj.core.api.iterable.IterableAssert_filteredOn_not_Test:should_filter_iterable_under_test_on_property_not_backed_by_a_field_values
158,1,21,org.assertj.core.api.iterable.IterableAssert_filteredOn_not_Test:should_filter_iterable_under_test_on_property_not_backed_by_a_field_values
159,2,21,org.assertj.core.api.iterable.IterableAssert_filteredOn_not_Test:should_filter_iterable_under_test_on_property_not_backed_by_a_field_values
160,0,21,org.assertj.core.api.iterable.IterableAssert_filteredOn_not_Test:should_filter_iterable_under_test_on_nested_mixed_property_and_field_values
161,1,21,org.assertj.core.api.iterable.IterableAssert_filteredOn_not_Test:should_filter_iterable_under_test_on_nested_mixed_property_and_field_values
162,2,21,org.assertj.core.api.iterable.IterableAssert_filteredOn_not_Test:should_filter_iterable_under_test_on_nested_mixed_property_and_field_values
163,0,21,org.assertj.core.api.iterable.IterableAssert_filteredOn_not_Test:should_fail_if_given_property_or_field_name_is_empty
164,1,21,org.assertj.core.api.iterable.IterableAssert_filteredOn_not_Test:should_fail_if_given_property_or_field_name_is_empty
165,2,21,org.assertj.core.api.iterable.IterableAssert_filteredOn_not_Test:should_fail_if_given_property_or_field_name_is_empty
166,0,21,org.assertj.core.api.iterable.IterableAssert_filteredOn_not_Test:should_filter_iterable_under_test_on_nested_property_values
167,1,21,org.assertj.core.api.iterable.IterableAssert_filteredOn_not_Test:should_filter_iterable_under_test_on_nested_property_values
168,2,21,org.assertj.core.api.iterable.IterableAssert_filteredOn_not_Test:should_filter_iterable_under_test_on_nested_property_values
169,0,21,org.assertj.core.api.iterable.IterableAssert_filteredOn_not_Test:should_filter_iterator_under_test_on_property_values
170,1,21,org.assertj.core.api.iterable.IterableAssert_filteredOn_not_Test:should_filter_iterator_under_test_on_property_values
171,2,21,org.assertj.core.api.iterable.IterableAssert_filteredOn_not_Test:should_filter_iterator_under_test_on_property_values
172,0,21,org.assertj.core.api.objectarray.ObjectArrayAssert_filteredOn_in_Test:should_filter_object_array_under_test_on_property_not_backed_by_a_field_values
173,1,21,org.assertj.core.api.objectarray.ObjectArrayAssert_filteredOn_in_Test:should_filter_object_array_under_test_on_property_not_backed_by_a_field_values
174,2,21,org.assertj.core.api.objectarray.ObjectArrayAssert_filteredOn_in_Test:should_filter_object_array_under_test_on_property_not_backed_by_a_field_values
175,0,21,org.assertj.core.api.objectarray.ObjectArrayAssert_filteredOn_in_Test:should_filter_object_array_under_test_on_nested_mixed_property_and_field_values
176,1,21,org.assertj.core.api.objectarray.ObjectArrayAssert_filteredOn_in_Test:should_filter_object_array_under_test_on_nested_mixed_property_and_field_values
177,2,21,org.assertj.core.api.objectarray.ObjectArrayAssert_filteredOn_in_Test:should_filter_object_array_under_test_on_nested_mixed_property_and_field_values
178,0,21,org.assertj.core.api.objectarray.ObjectArrayAssert_filteredOn_in_Test:should_fail_if_on_of_the_object_array_element_does_not_have_given_property_or_field
179,1,21,org.assertj.core.api.objectarray.ObjectArrayAssert_filteredOn_in_Test:should_fail_if_on_of_the_object_array_element_does_not_have_given_property_or_field
180,2,21,org.assertj.core.api.objectarray.ObjectArrayAssert_filteredOn_in_Test:should_fail_if_on_of_the_object_array_element_does_not_have_given_property_or_field
181,0,21,org.assertj.core.api.objectarray.ObjectArrayAssert_filteredOn_in_Test:should_filter_object_array_under_test_on_nested_property_values
182,1,21,org.assertj.core.api.objectarray.ObjectArrayAssert_filteredOn_in_Test:should_filter_object_array_under_test_on_nested_property_values
183,2,21,org.assertj.core.api.objectarray.ObjectArrayAssert_filteredOn_in_Test:should_filter_object_array_under_test_on_nested_property_values
184,0,21,org.assertj.core.api.objectarray.ObjectArrayAssert_filteredOn_in_Test:should_fail_if_filter_is_on_private_field_and_reading_private_field_is_disabled
185,1,21,org.assertj.core.api.objectarray.ObjectArrayAssert_filteredOn_in_Test:should_fail_if_filter_is_on_private_field_and_reading_private_field_is_disabled
186,2,21,org.assertj.core.api.objectarray.ObjectArrayAssert_filteredOn_in_Test:should_fail_if_filter_is_on_private_field_and_reading_private_field_is_disabled
187,0,21,org.assertj.core.api.objectarray.ObjectArrayAssert_filteredOn_in_Test:should_fail_if_given_property_or_field_name_is_null
188,1,21,org.assertj.core.api.objectarray.ObjectArrayAssert_filteredOn_in_Test:should_fail_if_given_property_or_field_name_is_null
189,2,21,org.assertj.core.api.objectarray.ObjectArrayAssert_filteredOn_in_Test:should_fail_if_given_property_or_field_name_is_null
190,0,21,org.assertj.core.api.objectarray.ObjectArrayAssert_filteredOn_in_Test:should_filter_object_array_under_test_on_private_field_values
191,1,21,org.assertj.core.api.objectarray.ObjectArrayAssert_filteredOn_in_Test:should_filter_object_array_under_test_on_private_field_values
192,2,21,org.assertj.core.api.objectarray.ObjectArrayAssert_filteredOn_in_Test:should_filter_object_array_under_test_on_private_field_values
193,0,21,org.assertj.core.api.objectarray.ObjectArrayAssert_filteredOn_in_Test:should_apply_in_filter
194,1,21,org.assertj.core.api.objectarray.ObjectArrayAssert_filteredOn_in_Test:should_apply_in_filter
195,2,21,org.assertj.core.api.objectarray.ObjectArrayAssert_filteredOn_in_Test:should_apply_in_filter
196,0,21,org.assertj.core.api.objectarray.ObjectArrayAssert_filteredOn_in_Test:should_fail_if_given_property_or_field_name_is_empty
197,1,21,org.assertj.core.api.objectarray.ObjectArrayAssert_filteredOn_in_Test:should_fail_if_given_property_or_field_name_is_empty
198,2,21,org.assertj.core.api.objectarray.ObjectArrayAssert_filteredOn_in_Test:should_fail_if_given_property_or_field_name_is_empty
199,0,21,org.assertj.core.api.iterable.IterableAssert_filteredOn_Test:should_fail_if_filter_operators_are_combined
200,1,21,org.assertj.core.api.iterable.IterableAssert_filteredOn_Test:should_fail_if_filter_operators_are_combined
201,2,21,org.assertj.core.api.iterable.IterableAssert_filteredOn_Test:should_fail_if_filter_operators_are_combined
202,3,22,org.assertj.core.api.iterable.IterableAssert_filteredOn_Test:should_fail_if_filter_operators_are_combined
203,0,21,org.assertj.core.api.iterable.IterableAssert_filteredOn_Test:should_fail_if_filter_is_on_private_field_and_reading_private_field_is_disabled
204,1,21,org.assertj.core.api.iterable.IterableAssert_filteredOn_Test:should_fail_if_filter_is_on_private_field_and_reading_private_field_is_disabled
205,2,21,org.assertj.core.api.iterable.IterableAssert_filteredOn_Test:should_fail_if_filter_is_on_private_field_and_reading_private_field_is_disabled
206,3,22,org.assertj.core.api.iterable.IterableAssert_filteredOn_Test:should_fail_if_filter_is_on_private_field_and_reading_private_field_is_disabled
