,col0,col1,col2,col3,col4,col5,col6,col7,col8,col9,col10
0,6620957,comment,6619993.0,6620853.0,3,0,dredmorbius,,,"Among the first things I wanted to find when I bought and paid for (yes) Windows NT ... over 15 years ago now.  I&#x27;d heard it was all multi-user and powerful like Unix.<p>The terminal _sucked_.  It was the same crappy DOS box I&#x27;d seen since, well, DOS days and Win3.1.<p>That lead me on an exploration of MKS, UWIN, Cygwin, and finally, Red Hat, over the course of a few months.  And I realized Linux Didn&#x27;t Suck.<p>Another few months and I wiped NT off my hardrives and repartitioned with RH.  Never looked back.",1382853558
1,6620956,comment,6620700.0,6620944.0,1,0,mindcrime,,,"Yeah, it&#x27;s kind of a bummer how rare Gopher clients are becoming.  Since all the major browsers dropped Gopher support (and I think they all have, by now), it appears that ELinks[1] is the best Gopher client remaining, for *nix systems.  And Android has Overbite.  Not sure about iOS.<p>[1]: <a href=""http://en.wikipedia.org/wiki/ELinks"" rel=""nofollow"">http://en.wikipedia.org/wiki/ELinks</a>",1382853535
2,6620955,comment,6617732.0,6618642.0,1,0,wdewind,,,"I agree 10 to 1 is heinous, but it&#x27;s far from unheard of in warfare w/o drones <a href=""http://en.wikipedia.org/wiki/Civilian_casualty_ratio"" rel=""nofollow"">http://en.wikipedia.org/wiki/Civilian_casualty_ratio</a>",1382853400
3,6620954,comment,6619917.0,6620525.0,2,0,mtdewcmu,,,"> Remember, you will be addicted to another drug<p>True, but there is a ceiling to the effects, so your dose can&#x27;t escalate endlessly. It also blocks other opiates, by binding very tightly to the receptor.",1382853343
4,6620953,comment,6617732.0,6620914.0,2,0,wdewind,,,That&#x27;s really interesting to me because it claims the opposite of what most people are arguing re: the detachment of drone pilots.  Thanks for sharing that article.,1382853290
5,6620952,comment,6617732.0,6618722.0,1,0,e12e,,,"> It doesn&#x27;t make it any less real, but it does make it more cowardly.<p>I strongly object to the last few wars both Europe and the US has been involved in, to our foreign policy and to a lot of the policies that surround these conflicts. I still think a comment about &quot;cowardly&quot; tactics and strategies are unwarranted. Bravery is indeed a virtue, but in deadly conflict there isn&#x27;t really such a thing as &quot;fighting cowardly&quot;. There&#x27;s cautious, callous, heinous, smart and stupid -- but not really cowardly.<p>It&#x27;s a little like a front page story a few years back in Norway, when some Norwegian troops stationed in Afghanistan were interviewed, and called the insurgents IED-tactics &quot;cowardly&quot;. Said with a straight face by someone that had the latest equipment, aerial and satellite surveillance, areal and modern artillery support, sniper support, body armour, armoured vehicles, night vision and all other trappings of modern warfare -- fighting poorly equipped peasants that are subject to night raids where parts of entire families are boxed up and shipped across half the world never to be heard from again.<p>Now, I&#x27;m not saying that it wouldn&#x27;t <i>feel</i> cowardly when one of these peasants injured or killed someone with a sneakily placed IED -- but it&#x27;s just good tactics, it isn&#x27;t really <i>cowardly</i>. I mean, there wouldn&#x27;t be any more wars in these areas if the local people tried to fight &quot;fair&quot; whatever that is supposed to mean.",1382853252
6,6620951,comment,6616438.0,6618870.0,2,0,joshAg,,,yes. they meet at Fort Meade.,1382853244
7,6620950,story,,,2,0,naren87,Google WiFi Passport,https://www.google.com/intl/en/get/wifipassport/,,1382853236
8,6620949,comment,6617551.0,6617946.0,1,0,swatkat,,,"Cool! I was experimenting on something similar with BeagleBoneBlack and libVLC. However, the 3.8 kernel doesn&#x27;t have drivers for onboard SGX GPU; and I couldn&#x27;t get decent resolution with software decoding.<p>Are you using OMX libs on Pi? With hardware decoding?",1382853224
9,6620948,comment,6619062.0,6620937.0,2,0,ninetax,,,Thanks! I&#x27;ll take a look!,1382853134
10,6620947,comment,6617551.0,6617551.0,1,0,fiatjaf,,,"DocsBlogger (<a href=""http://www.docsblogger.com/"" rel=""nofollow"">http://www.docsblogger.com/</a>) -- blog from Google Drive.<p>Because:\n* Google Docs is the best WYSIWYG on the internet;\n* blogging can be just about writing on a cool interface, without having to setup blog platforms AND go on their messy interface to write;\n* regular people can use this;\n* the written content stays on Google Drive, so you can delete your blog and keep everything without dealing with strange database backups;\n* almost-compatible with Jekyll-Octopress themes (some changes on the code have to be made, and for now only I can add themes to the pool of themes, but we will see what happens);\n* custom CSS (tomorrow javascript) files (automatically fetches from Google Drive) embedding.",1382853084
11,6620946,comment,6620536.0,6620916.0,3,0,Iftheshoefits,,,"I disagree. I think it is only very narrowly applicable, in particular to companies that are technology-centric (i.e. that have as a primary product something that is technology related, such as a software product), and even then it only applies to a fraction.<p>In most companies, technology-centered or not, the non-engineers have a large amount of power to &quot;create and sustain&quot; something far more important than code or systems: institutional political power. I don&#x27;t care how good a programmer one is, in such organizations institutional politics almost always wins. The old addage, &quot;It&#x27;s not what you know but who&quot;, applies here, as in any other industry. Talent is only good to carry a person so far, within the confines of somebody else&#x27;s business.",1382853044
12,6620945,story,,,1,0,dboles99,The economics of interstellar flight: Starship enterprises,http://www.economist.com/news/science-and-technology/21588350-dismal-scientists-also-speculating-about-space-flight-starship-enterprises?fsrc=scn/tw/te/pe/starshipenterprises,,1382853020
13,6620944,comment,6620700.0,6620700.0,2,0,dps,,,"I guess I shouldn&#x27;t be surprised by this, but I am... my OS X Mavericks system not only has no built in gopher client, but there are zero results for &quot;gopher&quot; in the Mac App Store.",1382853015
14,6620943,comment,6559077.0,6563624.0,1,0,reledi,,,"Note that in the latest version (1.8), the gtk-redshift launcher has been renamed to redshift-gtk.",1382853010
15,6620942,comment,6617551.0,6618585.0,1,0,kordless,,,Wonder if you could do it with OpenStack?,1382853010
16,6620941,comment,6619917.0,6620524.0,3,0,refurb,,,Suboxone still works through the same receptors as morphine or heroin (see the wiki link).<p>One important difference is that it&#x27;s a partial agonist at the mu receptors rather than a full agonist.  That makes the effects someone self limiting.,1382852999
17,6620940,comment,6620696.0,6620936.0,2,0,ANTSANTS,,,"There is a Windows port, but it was a bit buggy the last time I checked (about a year ago).<p><a href=""http://sourceforge.net/projects/trqtw/"" rel=""nofollow"">http://sourceforge.net/projects/trqtw/</a>",1382852983
18,6620939,comment,6620696.0,6620925.0,1,0,asdfaoeu,,,s/included by default/available in the repositories/,1382852899
19,6620938,comment,6617063.0,6617290.0,1,0,wusatiuk,,,"from my perspective, from the usability perspective it is much better than draftin.com",1382852858
20,6620937,comment,6619062.0,6620496.0,3,0,film42,,,"Real quick: I wrote a little json-in-json-out app for working on webapps before the backend is done (first node (express)). Then, later rewrote it in clojure (compojure). They&#x27;re both on heroku and perform about the same. This is by no means a real benchmark, but does show that node can keep up with the JVM for ridiculously simple apps.<p>Node version: <a href=""http://json-mirror.herokuapp.com/"" rel=""nofollow"">http://json-mirror.herokuapp.com/</a>\nClojure version: <a href=""http://mirror-clojure.herokuapp.com/"" rel=""nofollow"">http://mirror-clojure.herokuapp.com/</a><p>Also, ClojureScript is super interesting because a lot of clojure libraries will work (provided they&#x27;re not a Java wrapper library) automatically. Draw backs though? Speed. ClojureScript uses Google Closure to optimize, which brings it close to pure JS speeds, but according to Conrad Barski, the webfui creator, it&#x27;s not quite there. Check out his presentation though here if you&#x27;re interested (demos and speed explanations included): <a href=""http://www.youtube.com/watch?v=HeI5-D7SQe8"" rel=""nofollow"">http://www.youtube.com/watch?v=HeI5-D7SQe8</a><p>CRAP: Should have replied to parent comment, but it&#x27;s fine here as well.",1382852847
21,6620936,comment,6620696.0,6620925.0,1,0,officemonkey,,,This is one of the few apps I really miss now that I&#x27;m on Windows rather than Mac OS.,1382852788
22,6620935,comment,6619690.0,6620484.0,1,0,joeblau,,,Oh I didn&#x27;t know they acted on that.,1382852786
23,6620934,comment,6620598.0,6620598.0,9,0,ballard,,,"The author may not fully appreciate the long game Bezos has been uniquely blessed to play: the sooner Bezos can effectively expand what&#x27;s working, without over-expanding, it&#x27;s bootstrapping on a massive scale: buying speed without diluting ownership to even more money sooner.  It&#x27;s not deficit spending (until it is), it&#x27;s reinvesting profit to grow assets that are the body of the money monster.  (For Starcraft fans out there: It&#x27;s like being broke because of focusing on building SCVs.)<p>On the other side of the gorge of eternal peril: Cash is king, and should not be underestimated.   Or those with the war-chests may try to puke all over Bezos&#x27; cake by mistaking lack of current reserves for an actual weakness.  I&#x27;m sure Bezos is fully aware the ridge-line he&#x27;s walking on.  He probably has aces up both sleeves to clobber anyone that tries to make a move.<p>Long term, I&#x27;d say walmart continues to cash in on the greater unwashed that don&#x27;t know any better for b&m impulse buys while amzn goes after suppliers and logistics, maybe even an Ali Baba and/or Kickstarter to bring in more product pipes.",1382852781
24,6620932,comment,6620536.0,6620748.0,2,0,gknoy,,,"It&#x27;s hard to be short and comprehensive. This is shorter than a book, longer than a magazine article. (55 pages: OK, maybe a short book.)  &quot;Short&quot; is relative. :)<p>His coverage of debugging, and how it&#x27;s critical to overcome fear of breaking things, and of asking the right questions of how things might fail in this way, is a great explanation.",1382852712
25,6620931,comment,6618918.0,6619286.0,1,0,699,,,"Except to, uh, the NSA",1382852696
26,6620930,comment,6616419.0,6616700.0,1,0,ChuckMcM,,,"Apropos of nothing at the time I took it the title was &#x27;Modern Physics&#x27; which basically was the senior physics class and covered a mix of things from some cosmology, relativity, quantum mechanics, and various papers that had come out the summer before.",1382852654
27,6620929,comment,6619993.0,6619993.0,2,0,smcnally,,,"My mom&#x27;s 81. Ubuntu&#x27;s been her primary OS for 3+ years. Started with Windows on a low-end Dell laptop. When any of her 19 grandkids played on it, they&#x27;d leave new toolbars and malware behind.  The machine got so slow, she was happy to see her email and browser on Linux.",1382852636
28,6620928,story,,,1,0,aloha_its_aj,Blogger Parody of Macklemore's Thrift Shop,http://www.youtube.com/watch?v=A70koTSn9Yk,Thrift Shop: Blogger Style - Ashley Jacobs raps a remake of Thrift Shop live at #FinCon13.,1382852581
29,6620927,comment,6620501.0,6620501.0,3,0,gknoy,,,"Thank you for a great writeup! Your examples are excellent, I can see a direct reason why using IPython Notebooks would improve my workflow, AND I am already convinced that pandas could make some of my tasks (e.g. writing Excel reports) easier.",1382852568
30,6620926,comment,6617732.0,6619745.0,1,0,e12e,,,"An to add to this meta-comment: Remember that someone might have read your post and replied, even if you haven&#x27;t seen it yet, because you hit &quot;reply&quot; - saw that you needed to do an obvious edit (because there is no preview).<p>It&#x27;s sometimes frustrating when you&#x27;ve just realized that you&#x27;ve made a bit of a fool of yourself in the heat of the moment (or in your non-idomatic use of English, and come off as more of an ass-hole (or just more rude) than you might have intended, as might be the case for those of us whose native language isn&#x27;t English...) -- and then having to explicitly acknowledge in a &quot;edit: whoops, didn&#x27;t mean to be offensive, sorry&quot;-comment that you did in fact post something a little foolish, rude or just silly.<p>But, with the high rate of view/replies to some hn-threads, it&#x27;s better to be safe than sorry, and add a small &quot;edit:&quot;-comment whenever you edit -- even if it&#x27;s just formatting, grammar or spelling.",1382852561
31,6620925,comment,6620696.0,6620696.0,25,0,beefsack,,,"Undoubtedly many of you know of it already, but Transmission (<a href=""http://www.transmissionbt.com/"" rel=""nofollow"">http://www.transmissionbt.com/</a>) is an amazing, lightweight Bittorrent client which includes a web interface and things like scheduling.  It&#x27;s included by default in many Linux distros.",1382852546
32,6620924,comment,6620696.0,6620696.0,7,0,orik,,,"How does it compare to Deluge? <a href=""http://deluge-torrent.org/"" rel=""nofollow"">http://deluge-torrent.org/</a>",1382852521
33,6620923,story,,,1,0,manojdv,Mobile App Intelligence Engine,http://www.insetlabs.com/admins/sign_up/#/?//#,,1382852503
34,6620922,comment,6619993.0,6619993.0,1,0,tn13,,,Nothing surprising at all my parents are perfectly at ease with Ubuntu.,1382852474
35,6620921,comment,6618931.0,6620351.0,1,0,rustynails77,,,"Let me tell you how that turns out ... first hand (from a real experience).<p>An entity in Australia called DSTO started thrusting women into management positions back in the early 90s - so they could say they had 50% (or as close to 50%) of women in management roles.  I had the misfortune of working with a few of the bad ones.<p>The ones that were capable (ie. competent) were great to work with, but there were some that were REALLY, REALLY bad.  People laughed (or cringed) when the bad ones did their job - and it was obvious they were inept.  It was so bad that I would consider these few women to be the worst I have -ever- seen (in 20+ years of a working career).<p>After a period of time, these women cracked and left because they could not cope with the situation.  If anything, I blame the management for putting the wrong people in these roles and emphasising their inability.  If anything, it may have backfired and created a perception that women just can&#x27;t do the job (which is far from the truth).  I remember them being away frequently on training, so there was no apparent lack of support that I could see.<p>Unfortunately, that&#x27;s what you get when you play numbers games.  You should NEVER, EVER promote anyone because of their race, religion, colour or gender... Nor should you discriminate against someone for those reasons.",1382852465
36,6620920,comment,6617319.0,6620702.0,5,0,gurkendoktor,,,"Germany&#x27;s industrial power is concentrated in the central and southern parts of ex-West Germany. Berlin just doesn&#x27;t manufacture enough cars. :P<p>(Now I&#x27;m wondering if this is like the PRC, where Beijing has the rich history of a capital but bland areas like Shenzhen are where the money is made.)<p>The jokes about Berlin would be mostly about its horrendously mismanaged prestige project - the new airport.",1382852430
37,6620919,comment,6617551.0,6620769.0,1,0,mazumdar,,,"Thanks! The first batch will be produced in either V-Neck or Crew-Neck. When we launch our kickstarter, we will see which one is more popular. But If we exceed our initial funding goal, we will offer both options.<p>As for the musty smell, that&#x27;s a problem I personally face and I&#x27;ve validated that problem with a lot of my friends, peers, and customers. It doesn&#x27;t happen on cotton but it happens mostly on the 100% polyester athletic clothing (which is the majority of all sportswear).<p>You&#x27;re right though. Not everyone has this problem and maybe wrong detergent choice or washing habits play a part in that phenomenon. We just wanted to make sure we have the best anti-odor performance and the silver technology is the best in the industry. If you end up getting a shirt from us though, what you&#x27;ll find to be the best feature is the feel and performance of the material we developed with the anti-stink part being the cherry on the top. That has been the case with 100% of our users so far.",1382852367
38,6620918,story,,,3,0,marveller,"Layer CSS - Build your look on the web, not Twitter's ",http://eiskis.net/layers/,,1382852279
39,6620917,comment,6617551.0,6618180.0,2,0,imtu80,,,"I am working on my private pilot license. I like ICONA5 <a href=""http://www.iconaircraft.com/"" rel=""nofollow"">http://www.iconaircraft.com/</a>",1382852270
40,6620916,comment,6620536.0,6620536.0,2,0,shazzdeeds,,,The last section on organizational chaos and the magic power is key.,1382852164
41,6620915,comment,6616438.0,6620132.0,1,0,duskwuff,,,"If a cryptographic algorithm is fundamentally secure, a small (128 - 256 byte) key will be all it needs to be secure. If an algorithm can&#x27;t be secure with a key that size, giving it a bigger key is likely to only make it marginally better.",1382852156
42,6620914,comment,6617732.0,6618618.0,2,0,e12e,,,"There was a report earlier about stress and drone pilots, that spurred some coverage, like:<p><a href=""http://www.popsci.com/technology/article/2013-08/psychological-toll-drone-warfare"" rel=""nofollow"">http://www.popsci.com/technology/article/2013-08/psychologic...</a><p>partial quote: &quot;The dazzling clarity of the drone&#x27;s optics does have a downside. As a B-1 pilot, Dan wouldn&#x27;t learn details about the effects of his weapons until a post-mission briefing. But flying a drone, he sees the carnage close-up, in real timethe blood and severed body parts, the arrival of emergency responders, the anguish of friends and family. Often he&#x27;s been watching the people he kills for a long time before pulling the trigger. Drone pilots become familiar with their victims. They see them in the ordinary rhythms of their liveswith their wives and friends, with their children. War by remote control turns out to be intimate and disturbing. Pilots are sometimes shaken.&quot;<p>In other words: similar:yes, same:no.",1382852082
43,6620912,comment,6617154.0,6617736.0,1,0,kbd,,,"Relevant: <a href=""http://www.joelonsoftware.com/articles/APIWar.html"" rel=""nofollow"">http://www.joelonsoftware.com/articles/APIWar.html</a><p>See the parts about backwards compatibility. I&#x27;ll grant that Microsoft isn&#x27;t as fanatical about backwards compatibility as they used to be.",1382852052
44,6620911,comment,6619062.0,6620680.0,11,0,cbp,,,It&#x27;s just a small motivational line with no agenda behind it. You have to pick your words perfectly on the internet because everyone is gonna feel compelled to have an opinion about it.,1382852046
45,6620910,story,,,69,35,zdw,Discovering LastPass shared passwords,http://changedmy.name/2013/10/26/discovering-secrets.html,,1382851988
46,6620909,comment,6610655.0,6620398.0,2,0,einhverfr,,,"I am not aware of any ones he has released source for sadly.  For a general idea though see <a href=""http://weitz.de/eclm2013/abcl.pdf"" rel=""nofollow"">http://weitz.de/eclm2013/abcl.pdf</a><p>It includes some code snippets and screen shots of hybrid Java/Lisp programs.  He is also a maintainer of Armed Bear Common Lisp.",1382851987
47,6620908,comment,6620536.0,6620781.0,4,0,MaulingMonkey,,,"Take care not to throw the baby out with the bathwater: fixing the problem can be easier than finding the perfect pink elephant and praying it stays that way.<p>Of course, do take care to throw out the bathwater.",1382851981
48,6620907,comment,6619062.0,6620863.0,2,0,mahyarm,,,"If a newbie knows what a package manager is and has it set up on their system, then they&#x27;re probably not the level of noob this article is going for.",1382851931
49,6620906,comment,6620593.0,6620753.0,1,0,rshm,,,Innovations that might cover their ad avenues all falls as a business processes. Patents on those i think are hard to get.,1382851922
50,6620905,comment,6619469.0,6620331.0,1,0,threeseed,,,"> Probably not going to happen though, older eyes are not the &#x27;fashionable&#x27; eyes.<p>Especially since Apple is pushing for developers to support the text zooming feature which should help usability for older and sight impaired users.",1382851898
51,6620903,comment,6617039.0,6617702.0,1,0,xenophonf,,,"Yeah, that&#x27;s actually a lot more difficult than you make it sound.  See, for instance, <a href=""http://en.wikipedia.org/wiki/Vienna_Standard_Mean_Ocean_Water"" rel=""nofollow"">http://en.wikipedia.org/wiki/Vienna_Standard_Mean_Ocean_Wate...</a>.",1382851888
52,6620902,comment,6617551.0,6619822.0,2,0,kordless,,,Maybe render it so you can do a nice photo.  Wouldn&#x27;t be anything wrong if you put up a video of the prototype and you telling your story...,1382851840
53,6620901,comment,6620593.0,6620753.0,3,0,nonchalance,,,"Twitter may not have much in terms of technical innovation, but I believe that isn&#x27;t Twitter&#x27;s goal.  Their true value lies in the news-making ability (you hear about many news events first reported on twitter and relatively few first reported on facebook or google+ or other social networks).  And in that sense, they have much to offer.",1382851820
54,6620900,story,,,1,0,kineticfocus, Tara Shears - Antimatter: Why the anti-world matters,https://www.youtube.com/watch?v=0Fy6oiIRwJc,,1382851803
55,6620899,comment,6619891.0,6620794.0,1,0,gbog,,,"Yes, it is a side effect of empathy and compassion, I guess.",1382851750
56,6620898,comment,6619469.0,6619699.0,1,0,threeseed,,,I am surprised no one has mentioned the elephant in the room. If they deliberately went back and aimed for feature parity then what does that mean for the iOS and OSX APIs ?<p>Is a future convergence on the horizon or perhaps a layer above that allows for common behaviour and has Apple built it already ? And what does that mean for future iOS hardware that could run OSX apps and vice versa.,1382851724
57,6620897,comment,6620788.0,6620788.0,1,0,roywiggins,,,"I&#x27;m not exactly an expert, but this reads like creepypasta.",1382851703
58,6620896,comment,6617551.0,6617551.0,1,0,dysbulic,,,"I&#x27;m trying to design an alternative to the investment economy. I would like to digitize cost information and use computers to determine fair prices. I want do it by keeping metadata about bitcoin transactions.<p>By making the system of production computer accessible we can run businesses at cost.<p>I&#x27;d like to start with the information systems for the One Acre Cafe. They are a pay-how-you-can restaurant opening in Johnson City, TN. (I wish it was pay-what-you-can rather than volunteer for food, but that&#x27;s something to worry about later.)<p><a href=""http://www.oneacrecafe.org"" rel=""nofollow"">http://www.oneacrecafe.org</a><p>Their initial need is for a volunteer management system. Apart from three people, the entire staff is volunteer. I&#x27;ve not done any coding on it yet, but it will almost certainly be a rails app.<p><a href=""https://github.com/wholcomb/volunteer_schedule"" rel=""nofollow"">https://github.com/wholcomb/volunteer_schedule</a><p>Eventually I&#x27;d like to integrate this with an inventory and pos system, so you get a bill that tells you what the meal cost the cafe to provide based on the accumulated cost information associated with the business.<p>You get a receipt that includes a QR linking to a profile for your server. You are able to give feedback by entering adjectives and ranking them -11.<p>There is also the ability to give a tip in bitcoins. I&#x27;d like to have a service where the money can be conditionally given. I&#x27;m interested particularly in housing.<p>I want people to be able to give specifically for shelter and they get it back if it isn&#x27;t used.<p>Phase two would involve mortgaging a house and then renting the space at cost and payable in bitcoins. What I&#x27;m trying to work toward is the ability to sustainably travel. A chain of restaurants that accepted each others&#x27; electronic work reputations combined with easily accessible housing could allow a new sort of nomadic life.",1382851677
59,6620895,comment,6617551.0,6620731.0,1,0,iambateman,,,Everything I&#x27;ve ever heard about Gumroad has been amazing.,1382851505
60,6620894,story,,,1,0,dhfromkorea,Office Hours at Startup School 2013,http://www.youtube.com/watch?v=syoqjYLDs48,,1382851458
61,6620893,comment,6617551.0,6619288.0,2,0,mahyarm,,,It looks like a picnic!,1382851412
62,6620892,comment,6617551.0,6617806.0,1,0,anandvc,,,Glad you&#x27;re starting early! Keep going!,1382851394
63,6620891,comment,6620788.0,6620788.0,4,0,pudquick,,,"Why is this getting votes here when the same person posts things like this:<p><a href=""https://plus.google.com/103470457057356043365/posts/3reWRqDMbn4"" rel=""nofollow"">https://plus.google.com/103470457057356043365/posts/3reWRqDM...</a><p><i>&quot;So it turns out that annoying high frequency whine in my soundsystem isn&#x27;t crappy electrical noise that has been plaguing my wiring for years. It is actually high frequency ultrasonic transmissions that malware has been using to communicate to airgapped computers [...]&quot;</i><p>This person is either mentally unbalanced or they&#x27;re intentionally trying to troll the paranoid.<p>Case in point regarding this specific post:<p><i>&quot;The tell is still that #badBIOS systems refuse to boot CDs (this is across all oses, including my Macs)&quot;</i><p>Macs don&#x27;t have BIOS - they have a BIOS emulation / compatibility layer. They run on EFI. Additionally, there&#x27;s evidence that Macs contain a hardware Boot ROM which pre-boots before EFI and verifies the firmware cryptographic signature is valid. About the best attack that&#x27;s been done so far is a malicious dongle that needs to stay connected to the machine during boot. If you&#x27;d like more information about how difficult it is to re-program Mac EFI without Apple&#x27;s secret signing keys, by all means read here: <a href=""http://ho.ax/De_Mysteriis_Dom_Jobsivs_Black_Hat_Paper.pdf"" rel=""nofollow"">http://ho.ax/De_Mysteriis_Dom_Jobsivs_Black_Hat_Paper.pdf</a><p>The only value in reading this submission is science fiction entertainment or research into the possible mental problems of the author.",1382851372
64,6620890,story,,,1,0,imd23,Mark Zuckerberg at Startup School 2013,http://www.youtube.com/watch?v=MGsalg2f9js,,1382851372
65,6620889,comment,6620598.0,6620598.0,8,0,krakensden,,,"It&#x27;s worth noting that Yglesias actually knows this[1]. His point is that public companies generally aren&#x27;t allowed by their shareholders to be this ambitious.<p>Which 100% vindicates Eugenewei&#x27;s point about tech companies being wary of capital markets.<p>[1]: <a href=""http://www.slate.com/blogs/moneybox/2013/10/22/amazon_profits_not_there_and_they_re_not_worried.html"" rel=""nofollow"">http://www.slate.com/blogs/moneybox/2013/10/22/amazon_profit...</a>",1382851360
66,6620888,comment,6619993.0,6619993.0,2,0,elwell,,,My Grandma couldn&#x27;t understand the concept when I showed here how to browse the internet. She kept wanting to have what she was seeing be on paper.,1382851352
67,6620887,story,,,2,0,mercurialshark,The Secret Digital Ocean: The Data We Aren't Addressing,http://thoughtly.co/Blog/thesecretdigitalocean,,1382851348
68,6620886,comment,6619917.0,6619917.0,8,0,refurb,,,"As an interesting aside, the company that makes Suboxone attempted to prevent generic companies from entering the market.<p>Apparently there have been a number of poisoning caused by children taking Suboxone tablets.  What Reckitt (the maker of Suboxone) did was create a new dose in the form of a film that dissolves in your mouth.  Each film came in a seal packet that was difficult for children to open.<p>Once the patent for Suboxone was nearing expiration, Reckitt introduced the new film dose form and pulled the tablets off the market.  Once the patent expired, Reckitt asked the FDA to deny approval of any new generic forms of the tablets in the interest of public safety (in essence giving them an additional patent life as the film was a new patent).<p>The FDA didn&#x27;t believe the risk was enough to stop generic versions of Suboxone and two new generic forms were approved earlier this year [1].<p>[1] <a href=""http://www.drugfree.org/join-together/government/fda-approves-two-generic-versions-of-suboxone"" rel=""nofollow"">http://www.drugfree.org/join-together/government/fda-approve...</a>",1382851290
69,6620885,comment,6620598.0,6620598.0,43,0,hristov,,,"There are some issues with this explanation. The main issue is that the rules of accounting have a very good provision to take into account investing into the future. It is called capitalization.<p>Thus, if a company spends money to build or acquire a new asset, it is called capital spending and it is not subtracted from the profits. Thus, for example, if a company had a million dollars of profit and decided to spend these million dollars on a new fulfillment center, they could spend the money for their fulfillment center and still report a million dollars in profit.<p>So it is not quite clear-cut to say that Amazon&#x27;s desire to build fulfillment centers around the world is costing them their profits. Those things should be capitalized and once they are capitalized they should not affect the profits. Amazon did in fact report significant capital spending (as one can see on their cash flow statement).<p>However, things are not that simple. Sometimes some expenses which are about building for the future and investing into new growth are not capitalized. This is the case because for some expenses the benefits are so uncertain and difficult to quantify that the SEC requires that they are reported as ordinary expenses instead of capital spending. These types of expenses tend to involve R&D and may include certain administrative expenses associated with growth initiatives.<p>Therefore, many companies that are trying to grow do report lower profits because they have those expenses that are associated with investment into future growth but are not capitalized. This may be the case for amazon. But it is a question to what extent it is the case for amazon. For example, they do capitalize software and website development for new products and websites. So one cannot simply say that they are showing losses because they are spending all the money on making great new products. But then again, they expense software development for existing products. So perhaps the losses are associated with new growth features that are built into existing software.<p>So all in all it is a big muddle and it is not at all clear whether amazon is an inherently highly profitable company that happens to be investing in the future, or they are wasting money, or their business model is just not that profitable.",1382851289
70,6620884,comment,6614066.0,6614312.0,1,0,galvanist,,,"Maybe something like the Canon Canobeam DT-130 Type SFP: <a href=""http://www.usa.canon.com/cusa/professional/products/free_space_optics/data/dt_130_type_sfp"" rel=""nofollow"">http://www.usa.canon.com/cusa/professional/products/free_spa...</a><p>But, you know, more than one... or something.",1382851268
71,6620882,comment,6619993.0,6620832.0,1,0,jrs99,,,"it&#x27;s a strategy that Ubuntu should use, i think... that &quot;killer app&quot; strategy.",1382851247
72,6620881,comment,6620536.0,6620868.0,2,0,drunkpotato,,,"Hah, no, but I see I didn&#x27;t provide enough context. I was referring to the subsections in &quot;Personal Skills&quot;, &quot;Team Skills&quot; and &quot;Serving Your Team&quot;. I also freely admit I am jaded by poor management in the past that has not responded to the kinds of advice given here.",1382851242
73,6620880,comment,6619141.0,6620857.0,1,0,Surio,,,"You make an interesting point. Small observation: Traditionally, even the monospaced fonts from the 70s-90s on terminals and older machines, were of the kerned variety (serif-like appearance).",1382851211
74,6620879,comment,6620700.0,6620700.0,13,0,chrissnell,,,"Gopher is awesome.  It was my first real TCP/IP Internet experience in 1992.  A high school friend and I discovered a terminal server at the local university that would allow telnet out w/o authenticating first.  We would telnet to liberty.uc.wlu.edu, which ran public gopher WAIS clients that anyone could use.  Having never seen anything like this before and not understanding hyperlinks, we assumed that navigating from one gopher server to another actually created connections between all of the servers.  So, as we went from Texas to Virgina to California, Sweden, Japan, etc., we assumed that we were generating thousands of dollars in phone charges and that someone would eventually come looking for us.",1382851154
75,6620878,comment,6617551.0,6620594.0,2,0,mahyarm,,,Really cool! Have you thought of making it a phonegap style app so we can use it on our mobile devices too?  I&#x27;ve been looking for a simple html note taking app that does client side encryption and works on all major desktop and mobile operating systems.,1382851072
76,6620877,comment,6619993.0,6620811.0,1,0,jrs99,,,is it because you got used to using Word or because you found Word better? I&#x27;m pretty dependent on Photoshop and Illustrator. Most likely because I&#x27;ve used them for so long. I get really frustrated using GIMP. I figure that&#x27;s the frustration most people feel when they switch to Linux... that one program that you&#x27;re so productive and &quot;automatic&quot; in is no longer the same.,1382851066
77,6620876,comment,6619734.0,6619973.0,1,0,aabalkan,,,Story also says that it happened a lot time ago.,1382851064
78,6620873,comment,6616924.0,6617253.0,1,0,e12e,,,"Interesting objection.<p>To me it is rather obvious that a <i>text-oriented</i> language would treat any &quot;string&quot; as a) an atomic string <i>and</i> b) a sequence of the &quot;next-lower&quot; logical unit. I do just now realize that &quot;An English sentence.&quot;.length <i>could</i> by this reasoning return 3 or 4 (3 words, one punctuation mark...).",1382850942
79,6620872,comment,6620788.0,6620788.0,2,0,nullc,,,"This seems to be strangely devoid of the kind of concrete evidence that I&#x27;d personally look for before making these sorts of claims about my own computers.<p>Instead it provides a lot of weak correlations and handwaving.  &quot;Suspicious fonts on my system! Better drink my own^w^w^w assume I have malware from the plot of an AI-takeover-thriller.&quot;<p>I hope people are able to get real evidence on this, stuff like information from bus-analyzer or execution inside a in-circuit emulator.",1382850931
80,6620871,comment,6620598.0,6620860.0,7,0,tptacek,,,Yes; everyone investing it would be wasting their money.,1382850927
81,6620870,comment,6619141.0,6619141.0,1,0,Surio,,,"I am also one of those (few?) here, that are very partial to serif over Sans-serif. My browser uses Serif by default, and all my documents use Serif for body (and sans for headings if people want heading to look different)<p>I too find serif fonts more readable, without necessarily being able to give a &quot;scientific&quot;, &quot;why&quot; it is so. As another commenter mentioned the &quot;l&quot; and uppercase &quot;I&quot; is one frequent area of confusion with sans. And maybe serifs with their kernings give a certain visual guidance as the eyes bounce off the words...<p>Having said that I&#x27;ve definitely given &quot;Times New Roman&quot; the boot. I&#x27;ve never found if aesthetically pleasing to the various other font names I used to see mentioned in all those books I read.. Now with proliferation of FOSS fonts like Linux Libertine, PT Serif and so many other more eminently readable fonts, Times New Roman is a distant memory to me :)<p>It is a shame that many new OReilly books are adopting Sans fonts for their paper version as well. I for one am very displeased with this as there are times when I would like to buy a paper version for my bookshelf. Fine, do it for the ebook version, but not for the paper one, please... :(",1382850915
82,6620869,comment,6620696.0,6620696.0,4,0,Kelet,,,"I&#x27;ve been using Baretorrent for a while now. It&#x27;s a great torrent client if you don&#x27;t need a lot of features such as automatic RSS downloading, although technically there is a plugin system if one did want to implement that :). It&#x27;s worth noting that there is a small bug regarding duplicate torrent entries in the current version that may or may not effect you[1]. It is easily avoidable and soon to be fixed. The author of the software is very responsive on his forums if you have feature requests or encounter any bugs.<p>[1] <a href=""http://baretorrent.org/forum/thread.html?id=40"" rel=""nofollow"">http://baretorrent.org/forum/thread.html?id=40</a>",1382850902
83,6620868,comment,6620536.0,6620781.0,1,0,ninetax,,,Wrong thread?,1382850893
84,6620867,comment,6617551.0,6617551.0,1,0,feint,,,"Saved.io (<a href=""http://saved.io"" rel=""nofollow"">http://saved.io</a>)<p>It&#x27;s cool because it&#x27;s solves a problem I was having in a really simple and elegant way.",1382850765
85,6620866,comment,6618547.0,6619116.0,1,0,lotu,,,"You mention measuring of education quality such as test scores.  Interestingly Google recently found GPA and test scores to be uncorrelated to the success of their hires.  (<a href=""http://dailycaller.com/2013/06/20/google-executive-gpa-test-scores-worthless-for-hiring/"" rel=""nofollow"">http://dailycaller.com/2013/06/20/google-executive-gpa-test-...</a> )  The value of standardized tests as predictors of student prerformance in general is questionable just look at the critisim of No Child Left Behind (<a href=""http://en.wikipedia.org/wiki/No_Child_Left_Behind_Act#Criticisms_of_standardized_testing_under_NCLB"" rel=""nofollow"">http://en.wikipedia.org/wiki/No_Child_Left_Behind_Act#Critic...</a>).  Others have pointed South Korea&#x27;s high suicide rate.  If you eduction results in you making a lot of money but being unhappy with your life would call that success?",1382850706
86,6620865,comment,6617551.0,6618180.0,1,0,MAGZine,,,Do you have plans for a two-seater in the future?,1382850676
87,6620864,comment,6620536.0,6620536.0,3,0,ninetax,,,Woah you weren&#x27;t kidding about &quot;Comprehensive&quot;. Yet it really is short and seems to encapsulate every thing it talks about pretty well.<p>Thanks a lot for this!,1382850649
88,6620863,comment,6619062.0,6620597.0,4,0,danneu,,,"I think all noobs should still get lein. (Install it in 1 second with your package manager)<p>That way they can run `lein new <project-name>` to get the app skeleton created. Then open it with Lighttable.<p>In fact, anyone that wants to check out the Clojure version of Sinatra/Flask should run `lein new compojure <project-name>` and it&#x27;ll create it from a template. Then run `lein ring server` from the project root to start the dev server.<p>Someone happened to tell me those incantations my first day with Clojure and I was instantly productive.",1382850600
89,6620862,comment,6620598.0,6620796.0,1,0,Zombieball,,,How did cable companies run out of room to expand?,1382850574
90,6620860,comment,6620598.0,6620598.0,3,0,ars,,,Would it be so terrible if Amazon just stayed as a break-even company forever?,1382850545
91,6620859,comment,6619993.0,6620195.0,2,0,skuunk1,,,"I am a huge Ubuntu fanboy (I am even installing it on my old Vaio as I write this), but I would love to have it running on hardware that was designed from the ground up for Ubuntu instead of having to patch together various drivers and troll through forums looking trying to find out how to get the mic and camera working (etc...).",1382850536
92,6620858,comment,6618758.0,6619602.0,1,0,Randgalt,,,"Yes, they are called &quot;traffic circles&quot; here. <a href=""http://en.wikipedia.org/wiki/Traffic_circle"" rel=""nofollow"">http://en.wikipedia.org/wiki/Traffic_circle</a>",1382850467
93,6620857,comment,6619141.0,6619141.0,4,0,asdfs,,,"On a related note, does anyone know of any studies of monospace vs. proportional fonts on reading speed/comprehension?  I can find a number of examples for reading on older, low-DPI computer screens, but not much for high DPI screens or high-resolution print.",1382850441
94,6620856,comment,6619993.0,6620459.0,2,0,seth_hg,,,"try everpad(<a href=""https://github.com/nvbn/everpad"" rel=""nofollow"">https://github.com/nvbn/everpad</a>). It&#x27;s not perfect but it works.",1382850359
95,6620855,comment,6606250.0,6606837.0,1,0,teddyh,,,"> for a reasonable price.<p>Either the license will be cheap, in which case nobody will get rich from it, or it will be expensive, in which case no product companies will buy the license and nobody will get rich from it.  Basically, nobody will get rich from it.<p>In 20 years, however, when the patent expires, it will be <i>old</i> tech, so probably only a single company will dare to invest research into a new product using this now-old tech.  This company will know what happened last time:  If the license was expensive, they will try to be cheap to avoid the same mistake twice, and it will be <i>good</i> tech, sold cheaply, which will probably sell well and make them a lot of money.  If the license was cheap, they will want to avoid the stigma of the glut of low-quality goods the cheap license allowed back in the day, so the new product will be high-end (probably renamed and re-purposed to another field), which means a high margin, which has a good chance of making them a lot of money.<p>Basically, some company will probably make a lot of money.<p><i>In 20 years, when the patent expires.</i>",1382850346
96,6620854,comment,6618931.0,6620701.0,1,0,agibsonccc,,,"I would have to agree with this. As much as people tend to hate the technical interviews on here, it&#x27;s not an excuse NOT to know the stuff, even in web development.<p>If you&#x27;re only doing to do crud apps the the typical RoR project, you&#x27;re going to be a lot better off with an algorithms background vs codecademy student 25013.<p>I think a practical approach to theory done right has immense potential though.",1382850345
97,6620853,comment,6619993.0,6620602.0,19,0,cyborb,,,"That&#x27;s what drives me craziest about programming in windows, the freak&#x27;n console is awful",1382850321
98,6620852,comment,6620598.0,6620666.0,6,0,yetanotherphd,,,"No, dividends are dollars that leave the company.  Profits are an accounting measure of how much the value of the company increased.  Since these accounting measures don&#x27;t try to fully measure future income, heavy investment will appear unprofitable in accounting statements.",1382850310
99,6620851,comment,6617319.0,6619740.0,3,0,bradleyjg,,,"Come on!<p>Even ignoring north of 96th street (which, check a map, is part of Manhattan) there are plenty of neighborhoods where you can find a two bedroom for $3k or less. Yorkville, Chinatown, far LES, parts of alphabet city, the far west 30s, and probably others I&#x27;m not familiar with.<p>That you could say such a thing says more about you than the rental market.",1382850293
100,6620850,story,,,2,0,Garbage,Google updates reCAPTCHA,http://thenextweb.com/google/2013/10/25/google-updates-recaptcha-test-whether-youre-human-interact-captchas/,,1382850274
101,6620849,comment,6620536.0,6620536.0,2,0,michaelchum,,,"Interesting educational read, wise experience from a programmer, definitively to read for beginner programmers like me!",1382850255
102,6620848,comment,6619062.0,6620534.0,2,0,danneu,,,"From its README:<p><pre><code>    > If your preferred package manager has a relatively \n    > recent version of Leiningen, try that first. \n    > Otherwise you can install by hand:\n</code></pre>\nIt&#x27;s kept up to date: <a href=""https://github.com/mxcl/homebrew/blob/master/Library/Formula/leiningen.rb"" rel=""nofollow"">https://github.com/mxcl/homebrew/blob/master/Library/Formula...</a>",1382850215
103,6620847,comment,6619993.0,6620263.0,3,0,pcx66,,,"My parents are both 50+. My Dad&#x27;s a Sales guy and my mom is a high school teacher in a primarily non-English, government school. They use Ubuntu for all their tasks. Mostly includes Browsing(YouTube, Epapers), talking to my sister in the States (Hangouts), Media (music, photos and videos) and LibreOffice. The stuff they discover sometimes amazes me, all along I&#x27;ve been believing this would be too hard for them.",1382850089
104,6620846,comment,6619993.0,6620808.0,2,0,erichurkman,,,"My reason of interest? Many things on the internet still rely on Flash, but Adobe has historically showed that they are not capable of delivering secure software, based on the number of exploits in Flash, Reader, etc.",1382850050
105,6620845,comment,6617520.0,6619307.0,2,0,Groxx,,,Well sure.  But they wouldn&#x27;t have won the contract.,1382850030
106,6620844,comment,6616019.0,6616760.0,1,0,Nick_C,,,"When you have to use the java applet of the Control Panel in your browser to manage your VPS.  If your sshd is not on port 22, typically the applet won&#x27;t find it and you&#x27;re screwed.",1382850016
