,col0,col1,col2,col3,col4,col5,col6,col7,col8,col9,col10
0,882967,comment,882428.0,882956.0,0,0,DuncanIdaho,,,"Basically you're saying the same as me...<p>We do have SP in our company, we also have lots of other stuff - we use JIRA for issue tracking for example. I also spent quite some time evaluating Confluence. And what I figured out was that getting to integrate whole of our infrastructure and different existing document repositories (they're all over the place technologically and physically) would be way easier and more flexible using Atlassian suite.<p>That's because we work on so many different platforms (.Net, Domino, Java, Oracle, MSSQL,...). And since SP is very typical of MS software (great integration with anything MS - and other stuff does not exist) - for our situation an principal/technology agnostic system is much much better in the long run.<p>But as far as non-geeks go in monolythic MS stack companies - ofcourse SP is AWESOME :)",1255593434
1,882966,comment,882897.0,882930.0,0,0,nbrochu,,,"I don't think it has yet.<p>It's really easy to connect to hosted NOSQL environments though, if that's your cup of tea. AFAIK there are some solutions for most of them: MongoHQ, Couch.io and another one for Redis I can't recall.<p>You could also do it yourself. Basically anything that is also on EC2 shouldn't affect performance too bad.",1255593299
2,882965,comment,882676.0,882676.0,0,0,miked,,,"My claim: Everything that the government does should be posted online, unless it violates one of the following:<p>* true national security concerns<p>* personal confidentiality<p>* any monetary transaction information that might cost the taxpayer money by putting the treasury at a disadvantage in some prospective transaction.<p>Objections? What am I missing?",1255593299
3,882964,comment,882245.0,882425.0,0,0,rw140,,,"Being watched feels kinda creepy.  But being able to find the stuff you want is fun.<p>To a certain extent, this is somewhere where GUIs out-perform command lines - the hierarchical menu system that shows you the functionality available in a way that's fairly easily searchable.  Maybe you could implement some sort of tree-structured help on the CLI?",1255593262
4,882963,comment,882903.0,882903.0,0,0,afed,,,"Good job, now learn a real language.",1255593252
5,882962,comment,881904.0,882335.0,0,0,defied,,,"I am using Rack::Deflater to gzip output, as there is no easy way to do this with lighttpd.",1255593159
6,882961,comment,882480.0,882701.0,0,0,whopa,,,"It still boils down to switching costs. If Google pulls shenanigans often enough, some users will notice, and they switch to Bing or some other search engine with very little effort. Google doesn't want to lose those users, so they have incentive to not be evil.<p>On the other hand, AT&T either has a physical monopoly or is part of a duopoly of broadband in many markets. If AT&T pulls shenanigans often enough, even if users do notice, they can't switch to some other provider easily. So AT&T can be evil, and people have to accept it, because there isn't much other choice.<p>If the capital costs of becoming a broadband provider were as low as being a search engine, regulation wouldn't be necessary. But since the landscape isn't competitive due to physical limitations, and AT&T has a history of being evil, regulation seems necessary.",1255592724
7,882960,comment,882428.0,882428.0,0,0,dankjaergaard,,,"I've been an SP user and was also involved in a few projects.<p>From a users perspective I see SP as no more than the ""My Documents"" folder moved to a browser. Sure, documents are now accessible to others, but SP does not solve the problem of explaining what the status of the document is. So you find someone else's doc, but you still may have to call or email to figure out if the doc was sent to customers, accepted, etc. As a document management platform, SP brings nothing new to the table.<p>Company functions like internal IT support, HR, etc. can easily setup simple workflows, and ticketing systems. In my opinion, this is the single best thing of SP and super valuable.<p>As a tech guy, I would never choose SP. First of all I find it too expensive, and second, the lock-in pitfalls of expensive upgrades and hours and hours of consulting to develop simple changes are just too risky (if it was my money).<p>So I agree with others in these comments, SP tries to do too much (and even more in the 2010 version), and the IE only thing just pisses me off.\n(you can actually use other browsers, but I found that some of the config stuff can only be done in IE)",1255592702
8,882959,comment,882428.0,882428.0,0,0,snagage,,,"Sharepoint does a reasonable job at being a MS-centric document management system, providing team collaboration spaces and being a traditional intranet.<p>But for everything else that it claims to be is just a huge tease.<p>- It can be a CMS, but it's the worst, most inflexible, non-standard compliant one you can imagine.<p>- It can be a development platform for corporate applications. But unless you're doing something that is ultra-simple and very close to out-of-the-box, it's just not worth your time. Plus the whole development process is one big hack (need Windows server, SharePoint, IDE on the same machine, position every object manually, batch job here, keygen there, restart SP/IIS all over the place, etc)<p>- Business users are able to create small business apps and workflows - but they'll be a complete mess and everyone will become frustrated with the bugs, limitations and idiosyncrasies when using them.<p>- You can do workflows - but the out-of-the-box workflows suck, SPD workflows have way too many limitations and custom workflows are a big pain and alot of work.<p>- It is enterprise-y... but it has lots of non-enterprise ""features"". Deleting your workflow history after 3 months, updating everything single document with the latest datestamp when doing a service pack, broken import/export features.",1255592671
9,882958,comment,881825.0,882230.0,0,0,gahahaha,,,"""people who share his beliefs, those who don't"" == Everybody<p>So you're saying nobody  notices the context switches?",1255592663
10,882957,comment,881763.0,882293.0,0,0,raquo,,,"I agree. About 10 years ago, someone gifted me a complete Half-life:Generation collection - with Counter-strike, Opposing Force, etc. I've recently found a Blue Shift CD from this collection and although it did not work, there was a serial on it, which I used to download the complete series from Steam.",1255592633
11,882956,comment,882428.0,882905.0,0,0,swombat,,,"<i>Which does most of the stuff done by SharePoint much better</i><p>Much better according to you. Not according to the hordes of non-geeks in large corporations, who don't even know that there are alternatives.<p>Compared to sharing a spreadsheet by email or via a shared drive with no locking, Sharepoint is pretty good!",1255592549
12,882955,comment,882897.0,882930.0,0,0,tlrobinson,,,"AFAIK there's nothing stopping you from using Amazon's SimpleDB, especially since Heroku is already running on EC2.<p>Also, given the ""SQL Databases Don't Scale"" by Adam I would be very surprised if they don't roll out a more ""scalable"" alternative to Postgres in the near future.",1255592490
13,882954,comment,882903.0,882903.0,0,0,manish,,,"Wow, simply great. It would be nice to open files in your computer and use them. I could not open any file by \n:n filename command. Also record command, which is very useful is missing. I am not sure for what this can be used?",1255592370
14,882953,comment,882864.0,882864.0,0,0,imok20,,,It's beautiful. I think I'm in love!<p>It's a wonderful framework giving me a graceful syntax and some nifty tools. I may just get involved!,1255592317
15,882952,comment,882897.0,882897.0,0,0,jcapote,,,"Awesome! Keep rocking, this is the platform of the future for sure...",1255592310
16,882951,comment,882897.0,882930.0,0,0,technoweenie,,,"It hasn't changed (yet?), but you can always put your NoSQL datastore on your own EC2 instances.  Or you could use it with something like MongoHQ (<a href=""http://mongohq.com"" rel=""nofollow"">http://mongohq.com</a>).",1255592269
17,882950,comment,881802.0,882644.0,0,0,swombat,,,"Sure.<p>Wave is for solving the key problems with email in a corporate environment:<p>1) It's hard to track (will presumably offer an API or be trackable by widgets)<p>2) It's hard to use it to collaborate on a piece of text to be sent out to someone else or included in a document (which is what it's used for half the time...)<p>3) When adding new people, it's hard to ensure that they have a clear view of the beginning of the conversation - often they get a garbled, over-indented mess in reverse chronological order, that's hard to follow.<p>4) When adding new people, often they get dropped again if someone replies to all from the wrong email.<p>5) It's hard to keep multiple conversation branches going. If you're collaborating with 5 people (hardly extraordinary) on a 2-page document, and they each have 1 distinct comment, and each of these comments requires a brief exchange (back and forth 3 times, let's say) before it's sorted out, you'll end up with a fairly messy conversation once it's all flattened out.<p>6) It's hard to attach files (particularly large or numerous files). And when you add extra people to the conversation, they don't see those files anymore. If there were multiple files sent at different time, sending all of them to the new participant is a pain in the ass.<p>7) When discussing, say, a document, correcting even a small typo requires a full email instead of being able to just dive in and correct the typo.<p>There are no doubt more, but this is what I can come up with fresh out of bed.",1255592251
18,882949,comment,882864.0,882864.0,0,0,joss82,,,"For me it looks like a compilable python (with more complex syntax, of course) but with all the libraries of C.<p>The garbage collector without gc_free() means less control and memory leaks in complex programs (my biggest issue with python). I guess one could use malloc() and free() if they really want to (since C headers can be imported).<p>The hello world example is confusing though.",1255592241
19,882948,comment,882897.0,882897.0,0,0,nbrochu,,,Great news! I host a lot of my stuff on Heroku and have had a great experience so far. Deploying with a git push is pretty satisfying!,1255592188
20,882947,comment,882897.0,882945.0,0,0,tlrobinson,,,AppEngine is probably the closest.,1255592139
21,882946,comment,882165.0,882165.0,0,0,santani_krishna,,,bluetooth 3.0 HS (High Speed) standard is going to provide high speed transfer in comparision with Wi-Fi without consuming lot of power. So can't say bye bye to blurtooth so early. Have patience..,1255592009
22,882945,comment,882897.0,882897.0,0,0,abossy,,,Is there a similar platform for Python?,1255591937
23,882944,comment,881802.0,882274.0,0,0,swombat,,,"<i>I'd be interested if you have some examples of communication forms that geeks didn't start using first - email,sms,twitter, were all pretty geek lead...</i><p>Facebook wasn't. Or MySpace. I found out about FB from non-geek friends. I was shocked.",1255591873
24,882943,comment,882768.0,882768.0,0,0,ajborley,,,"The UK cover is a billion times better:\n<a href=""http://www.amazon.co.uk/gp/product/images/0385609345/ref=dp_image_0?ie=UTF8&n=266239&s=books"" rel=""nofollow"">http://www.amazon.co.uk/gp/product/images/0385609345/ref=dp_...</a>",1255591849
25,882941,comment,882480.0,882701.0,0,0,yrb,,,"While both represent walled gardens. One by search ranking the other by latency/bandwidth.<p>It is a lot easier to change/create a search provider since there is nothing that has locked you in as such. But remember you are there because you find their walled garden useful.<p>However you don't have a choice if your packets are going to traverse AT&T. Also on some level creating a new search engine is a less costly task that rolling out new internet infrastructure. If AT&T shaping was opt-in and they didn't unfairly discriminate against those who haven't opted in ;) but that means you have to trust them to be benevolent.<p>They can do good with shaping, just like google does good with ranking. However once you grant them this power, you better hope they don't use it in an anticompetitive way.",1255591706
26,882939,comment,882897.0,882897.0,0,0,swombat,,,"I'm still not quite convinced what need they fulfill, other than making it easy to deploy small/free apps. Sorry, that's just my impression. Anyone think differently? Please do correct this view if you think it's wrong.",1255591637
27,882938,comment,882245.0,882391.0,0,0,RiderOfGiraffes,,,"Ah, simply saying ""parallelize"" put me on the wrong track. I didn't realize you wanted to limit the number running simultaneously.  Cool you discovered that xargs can do it - I didn't know that.<p>I have, however, done this before.  I have a ""load_wait"" command which waits for machine load to drop below a certain level before launching the command.  A simple ""sleep 1"" between instances of that then lets me launch thousands of commands without killing the machine.<p><pre><code>    sleep 1 ; load_wait 3 <command1> &\n    sleep 1 ; load_wait 3 <command2> &\n    sleep 1 ; load_wait 3 <command3> &\n    sleep 1 ; load_wait 3 <command4> &\n     ...\n</code></pre>\nI then launch those via ""system"" from inside awk and I'm done.  The commands tend to be in muscle memory.",1255591539
28,882937,comment,882306.0,882848.0,0,0,litewulf,,,"I'm going to make a prediction that the default will become ""not live typing"", and the feature will disappear altogether later.<p>(And yes, a thousand times yes, sensible defaults. But even more than that, as few preferences/options as possible. I would much prefer people make <i>a</i> design choice, than <i>no</i> design choice.)",1255591532
29,882936,comment,882745.0,882762.0,0,0,metachris,,,"> Wordpress - for a simple blog<p>Well, even for less simple blogs -- for example Techcrunch is built on Wordpress.",1255591507
30,882935,comment,882428.0,882868.0,0,0,netsp,,,"Crappy is certainly a preconceived notion, but 'what does it actually do?' is valid criticism/complaint. Read over these comments. It seems to be pretty hard to explain clearly.",1255591171
31,882934,comment,882619.0,882667.0,0,0,grizzydot,,,And there's also Top Dog if you're looking for a quick bite to eat. It's right across the street (on Durant) from the Asian Ghetto. They sell really good gourmet sausages for about $2.75 per.,1255590958
32,882933,story,,,27,1,raghus,How The Huffington Post uses real-time testing to write better headlines,http://www.niemanlab.org/2009/10/how-the-huffington-post-uses-real-time-testing-to-write-better-headlines/,,1255590904
33,882932,comment,882864.0,882864.0,0,0,henryw,,,"i was going to say that there's already c++ or c#, but the language looks really cool. i guess the keyword there is ""modern"".",1255590865
34,882931,comment,881072.0,882277.0,0,0,blasdel,,,"That guy is a moron -- filling a mounted filesystem with large files of zeroes is not erasing it. To actually do so, dd from /dev/zero onto the full device.",1255590791
35,882930,comment,882897.0,882897.0,0,0,johnnybgoode,,,"A few days ago I posted one potential issue with Heroku: <a href=""http://news.ycombinator.com/item?id=859544"" rel=""nofollow"">http://news.ycombinator.com/item?id=859544</a><p>Does anyone know if this has changed recently?",1255590785
36,882929,story,,,2,0,yarapavan,Stitching Science Together,http://www.nature.com/nature/journal/v461/n7266/full/461881a.html,,1255590571
37,882928,comment,882428.0,882920.0,0,0,gaius,,,"<i>More often than not it is recommended/purchased by the IT department solely, without any other input from management</i><p>Actually the opposite is true with most corporate software. That's why it's so bad.",1255590466
38,882927,comment,882843.0,882843.0,0,0,hristov,,,"Interesting technology but it this is not a black hole -- electromagnetic or not. When i saw the title I thought it would be something much cooler such as concentrating an incredibly strong electrical field at one point so that it sweeps electrically charged particles in that point and creates a singularity. That would have been cool and is the logical thing one thinks of when one mentions an ""electromagnetic black hole.""<p>This is just a cylinder that traps microwave radiation by progressively refracting light to its core. It is cool but badly misnamed.",1255590411
39,882926,comment,882245.0,882425.0,0,0,InclinedPlane,,,"They made such a thing, it's called ""clippy"" in MS office. Wasn't very popular...<p>""I see you're trying to create an implementation of half of common lisp.""",1255590383
40,882925,story,,,10,0,rw,"Portland, Oct 20: Writing Linux Kernel Modules with Haskell",http://www.galois.com/blog/2009/10/13/haskellkernelmodules/,,1255590348
41,882924,story,,,2,0,mattjung,AMI Marketplace?,http://elastic-security.com/2009/10/15/ami-marketplace/,,1255590338
42,882923,comment,881309.0,882142.0,0,0,fauigerzigerk,,,"Absolutely, just what many smokers tell me and they are right. I just think we should at least know about the risks.",1255590231
43,882922,comment,882897.0,882897.0,0,0,drusenko,,,"congrats guys, happy to hear you're continuing to kick ass!",1255590163
44,882921,comment,881485.0,881956.0,0,0,dryicerx,,,"Used to do urban car rallying and was writing a custom mapping app specifically for that (up-to-date street data was pretty important as the city I was in was fast growing and always under construction).<p>Not using for anything now, although this has sparked my interest again :)",1255590041
45,882920,comment,882428.0,882452.0,0,0,taitems,,,"Oops, I meant to reply, not upvote.<p>Sharepoint is only really utilised because it comes as part of Microsoft's enterprise package. More often than not it is recommended/purchased by the IT department solely, without any other input from management. Large companies can expect massive seat-based licensing costs in the millions, year long implementation timelines and poor uptake rates. I will probably get downvoted but I speak the truth. People <i>should</i> be fired for their choice.",1255590038
46,882919,story,,,1,0,edragonu,How To Say No,http://www.dragosroua.com/7-ways-to-say-no/,,1255590023
