,col0,col1,col2,col3,col4,col5
0,"com.google.javascript.jscomp.MakeDeclaredNamesUnique#boolean#shouldTraverse#?,NodeTraversal,Node,Node#117",0.0,0.0,0.0,!(name != null && !name.isEmpty() && parent != null && !NodeUtil.isFunctionDeclaration(n)),_
1,com.google.javascript.rhino.ScriptOrFnNode#int#getEncodedSourceEnd#?#62,0.0,0.0,0.0,encodedSourceEnd<=0,_
2,"com.google.javascript.jscomp.graph.LinkedDirectedGraph#DiGraphNode<N,E>#createDirectedGraphNode#?,N#148",0.0,0.0,0.0,node == null,_
3,com.google.javascript.jscomp.NodeTraversal#void#popScope#?#554,0.0,0.0,0.0,scopeCallback != null,_
4,"com.google.javascript.jscomp.NodeUtil#boolean#checkForStateChangeHelper#?,Node,boolean#474",0.0,0.0,0.0,"!(checkForStateChangeHelper(c,checkForNewObjects))",_
5,"com.google.javascript.rhino.TokenStream#boolean#isJSIdentifier#?,String#299",0.0,0.0,0.0,!(length == 0 || !Character.isJavaIdentifierStart(s.charAt(0))),_
6,"com.google.javascript.rhino.Node#PropListItem#lookupProperty#?,int#720",0.0,0.0,0.0,x != null && propType != x.type,_
7,"com.google.javascript.jscomp.ProcessClosurePrimitives#boolean#verifyArgument#?,NodeTraversal,Node,Node,int#613",0.0,0.0,0.0,!(arg == null),_
8,"com.google.javascript.jscomp.CombinedCompilerPass$CallbackWrapper#void#exitScopeIfActive#?,NodeTraversal#126",0.0,0.0,0.0,!(isActive() && scopedCallback != null),_
9,"com.google.javascript.rhino.Node#void#setLineno#?,int#1096",0.0,0.0,0.0,"mergeLineCharNo(lineno,charno)>=lineno",_
10,com.google.javascript.jscomp.Compiler#JSTypeRegistry#getTypeRegistry#?#929,0.0,0.0,0.0,!(typeRegistry == null),_
11,"com.google.javascript.rhino.Node#Node#getChildBefore#?,Node#539",0.0,0.0,0.0,!(child == first),_
12,"com.google.javascript.jscomp.Tracer#long#stop#?,int#426",0.0,0.0,0.0,!trace.isInitialized(),_
13,"com.google.javascript.jscomp.JsAst#Node#getAstRoot#?,AbstractCompiler#50",0.0,0.0,0.0,root == null,_
14,"com.google.javascript.rhino.Token#String#name#?,int#268",0.0,0.0,0.0,!(!printNames),_
15,"com.google.javascript.rhino.ObjToIntMap#?#ObjToIntMap#?,int#129",0.0,0.0,0.0,!(keyCountHint < 0),_
16,"com.google.javascript.jscomp.CodeGenerator#String#strEscape#?,String,char,String,String,String,CharsetEncoder#877",0.0,0.0,0.0,c > 0x1f && c <= 0x7f,_
17,"com.google.javascript.jscomp.parsing.JsDocInfoParser#ExtractionInfo#extractMultilineTextualBlock#?,JsDocToken,WhitespaceOption#1127",0.0,0.0,0.0,option != WhitespaceOption.PRESERVE,_
18,"com.google.javascript.jscomp.VarCheck$NameRefInExternsCheck#void#visit#?,NodeTraversal,Node,Node#178",0.0,0.0,0.0,!(n.getType() == Token.NAME),_
19,com.google.javascript.jscomp.parsing.JsDocTokenStream#String#getRemainingJSDocLine#?#209,0.0,0.0,0.0,!(peekChar() != '/'),_
20,"com.google.javascript.jscomp.PhaseOptimizer#void#maybeSanityCheck#?,Node,Node#206",0.0,0.0,0.0,!(sanityCheck != null),_
21,"com.google.javascript.rhino.Node#int#extractCharno#?,int#1137",0.0,0.0,0.0,-1!=0,_
22,"com.google.javascript.jscomp.Scope#Var#getVar#?,String#420",0.0,0.0,0.0,var != null,_
23,"com.google.javascript.jscomp.NameGenerator#char[]#reserveCharacters#?,char[],char[]#80",0.0,0.0,0.0,reservedCharacters == null || reservedCharacters.length == 0,_
24,"com.google.javascript.jscomp.DiagnosticGroupWarningsGuard#boolean#enables#?,DiagnosticGroup#48",0.0,0.0,0.0,!(level.isOn()),_
25,"com.google.javascript.jscomp.SyntacticScopeCreator#Scope#createScope#?,Node,Scope#65",0.0,0.0,0.0,parent == null,_
26,"com.google.javascript.jscomp.ProcessClosurePrimitives#void#handleCandidateProvideDefinition#?,NodeTraversal,Node,Node#308",0.0,0.0,0.0,!(n.getType() == Token.ASSIGN && parent.getType() == Token.EXPR_RESULT),_
27,"com.google.javascript.jscomp.CombinedCompilerPass#?#CombinedCompilerPass#?,AbstractCompiler,Callback#60",0.0,0.0,0.0,!(i < callbacks.length),_
28,"com.google.javascript.jscomp.MakeDeclaredNamesUnique$ContextualRenamer#int#incrementNameCount#?,String#448",0.0,0.0,0.0,"nameUsage.add(name,1)<=0",_
29,com.google.javascript.jscomp.Compiler#CompilerInput[]#getAllInputsFromModules#?#373,0.0,0.0,0.0,!(hasErrors()),_
30,"com.google.javascript.jscomp.RemoveUnusedVars#void#markReferencedVar#?,Var#201",0.0,0.0,0.0,!(referenced.contains(var)),_
31,"com.google.javascript.rhino.jstype.JSTypeRegistry#JSType#createOptionalType#?,JSType#749",0.0,0.0,0.0,type instanceof UnknownType || type.isAllType(),_
32,"com.google.javascript.jscomp.GlobalNamespace$BuildGlobalNamespace#void#visit#?,NodeTraversal,Node,Node#235",0.0,0.0,0.0,!(nodeFilter != null && !nodeFilter.apply(n)),_
33,"com.google.javascript.jscomp.CheckSideEffects#void#visit#?,NodeTraversal,Node,Node#59",0.0,0.0,0.0,parent == null,_
34,"com.google.javascript.jscomp.Normalize$PropogateConstantAnnotations#void#visit#?,NodeTraversal,Node,Node#136",0.0,0.0,0.0,var != null,_
35,"com.google.javascript.jscomp.ProcessDefines#Map<String,DefineInfo>#collectDefines#?,Node,GlobalNamespace#160",0.0,0.0,0.0,!(name.refs != null),_
36,com.google.javascript.jscomp.CodePrinter$CompactCodePrinter#void#maybeCutLine#?#469,0.0,0.0,0.0,!(lineLength > lineLengthThreshold),_
37,com.google.javascript.rhino.jstype.PrototypeObjectType#boolean#implicitPrototypeChainIsUnknown#?#408,0.0,0.0,0.0,p != null,_
38,"com.google.javascript.rhino.Node$StringNode#?#StringNode#?,int,String,int,int#287",0.0,0.0,0.0,!(null == str),_
39,"com.google.javascript.jscomp.parsing.JsDocTokenStream#boolean#isAlpha#?,int#274",0.0,0.0,0.0,!(c <= 'Z'),_
40,com.google.javascript.jscomp.Compiler#PassConfig#getPassConfig#?#587,0.0,0.0,0.0,!(passes == null),_
41,"com.google.javascript.jscomp.Scope#?#Scope#?,Scope,Node#280",0.0,0.0,0.0,!(nodeType != null && nodeType instanceof FunctionType),_
42,"com.google.javascript.rhino.jstype.JSTypeRegistry#Node#createParameters#?,boolean,JSType#976",0.0,0.0,0.0,!(i <= max),_
43,"com.google.javascript.jscomp.ComposeWarningsGuard#void#addGuard#?,WarningsGuard#56",0.0,0.0,0.0,!(guard instanceof ComposeWarningsGuard),_
44,com.google.javascript.jscomp.parsing.JsDocTokenStream#int#getChar#?#361,0.0,0.0,0.0,lineEndChar >= 0,_
45,"com.google.javascript.rhino.JSDocInfoBuilder#void#markTypeNode#?,Node,int,int,int,boolean#163",0.0,0.0,0.0,!(currentMarker != null),_
46,"com.google.javascript.jscomp.ComposeWarningsGuard#boolean#enables#?,DiagnosticGroup#111",0.0,0.0,0.0,!(guard.enables(group)),_
47,com.google.javascript.rhino.JSDocInfoBuilder#boolean#recordNoSideEffects#?#734,0.0,0.0,0.0,!currentInfo.isNoSideEffects(),_
48,"com.google.javascript.jscomp.CheckUnreachableCode#boolean#shouldTraverse#?,NodeTraversal,Node,Node#56",0.0,0.0,0.0,!(gNode != null && gNode.getAnnotation() != GraphReachability.REACHABLE),_
49,"com.google.javascript.jscomp.NameGenerator#void#checkPrefix#?,String#92",0.0,0.0,0.0,!(prefix.length() > 0),_
50,com.google.javascript.rhino.JSDocInfoBuilder#boolean#recordConstructor#?#568,0.0,0.0,0.0,!hasAnySingletonTypeTags() && !currentInfo.isConstructor() && !currentInfo.isInterface(),_
51,com.google.javascript.rhino.JSDocInfo#void#lazyInitInfo#?#452,0.0,0.0,0.0,info == null,_
52,"com.google.javascript.jscomp.ProcessClosurePrimitives#boolean#isNamespacePlaceholder#?,Node#867",0.0,0.0,0.0,!(!n.getBooleanProp(Node.IS_NAMESPACE)),_
53,"com.google.javascript.jscomp.MakeDeclaredNamesUnique#String#getReplacementName#?,String#176",0.0,0.0,0.0,!(newName != null),_
54,"com.google.javascript.rhino.Node#void#setCharno#?,int#1100",0.0,0.0,0.0,"mergeLineCharNo(getLineno(),charno)!=charno",_
55,"com.google.javascript.jscomp.PrepareAst#void#normalizeBlocks#?,Node#99",0.0,0.0,0.0,!(NodeUtil.isControlStructure(n) && n.getType() != Token.LABEL && n.getType() != Token.SWITCH),_
56,"com.google.javascript.jscomp.parsing.IRFactory#int#position2charno#?,int#270",0.0,0.0,0.0,"sourceString.lastIndexOf('\n',position)<position",_
57,"com.google.javascript.jscomp.FoldConstants#void#tryFoldAssign#?,NodeTraversal,Node,Node,Node#444",0.0,0.0,0.0,!right.hasChildren() || right.getFirstChild().getNext() != right.getLastChild(),_
58,"com.google.javascript.jscomp.NodeTraversal#?#NodeTraversal#?,AbstractCompiler,Callback,ScopeCreator#210",0.0,0.0,0.0,cb instanceof ScopedCallback,_
59,"com.google.javascript.jscomp.Compiler#Result#compile#?,JSSourceFile[],JSModule[],CompilerOptions#461",0.0,0.0,0.0,!(hasErrors()),_
60,"com.google.javascript.jscomp.parsing.JsDocInfoParser#Node#parseTypeName#?,JsDocToken#1501",0.0,0.0,0.0,!(token != JsDocToken.STRING),_
61,"com.google.javascript.jscomp.Compiler#CompilerInput[]#makeCompilerInput#?,JSSourceFile[],boolean#298",0.0,0.0,0.0,!(i < files.length),_
62,com.google.javascript.rhino.ScriptOrFnNode#int#getEncodedSourceStart#?#60,0.0,0.0,0.0,encodedSourceStart>=0,_
63,com.google.javascript.rhino.JSDocInfo#int#getParameterCount#?#786,0.0,0.0,0.0,info == null || info.parameters == null,_
64,"com.google.javascript.jscomp.CoalesceVariableNames#void#exitScope#?,NodeTraversal#120",0.0,0.0,0.0,t.inGlobalScope(),_
65,"com.google.javascript.jscomp.NodeUtil#int#precedence#?,int#698",0.0,0.0,0.0,15>0,_
66,"com.google.javascript.jscomp.parsing.IRFactory$TransformDispatcher#boolean#isDirective#?,Node#387",0.0,0.0,0.0,!(n == null),_
67,"com.google.javascript.jscomp.NodeTraversal#void#traverseFunction#?,Node,Node#499",0.0,0.0,0.0,!(anonymous),_
68,com.google.javascript.jscomp.Compiler#Config#getParserConfig#?#1454,0.0,0.0,0.0,parserConfig == null,_
69,"com.google.javascript.jscomp.MakeDeclaredNamesUnique#void#enterScope#?,NodeTraversal#68",0.0,0.0,0.0,!(nameStack.isEmpty()),_
70,com.google.javascript.jscomp.DefaultPassConfig#List<PassFactory>#getMainOptimizationLoop#?#573,0.0,0.0,0.0,options.deadAssignmentElimination,_
71,"com.google.javascript.jscomp.CollapseVariableDeclarations#void#process#?,Node,Node#108",0.0,0.0,0.0,!(!collapses.isEmpty()),_
72,"com.google.javascript.jscomp.ReplaceCssNames$Traversal#void#visit#?,NodeTraversal,Node,Node#114",0.0,0.0,0.0,!(n.getType() == Token.CALL && GET_CSS_NAME_FUNCTION.equals(n.getFirstChild().getQualifiedName())),_
73,com.google.javascript.jscomp.Tracer#ThreadTrace#getThreadTrace#?#969,0.0,0.0,0.0,!(t == null),_
74,"com.google.javascript.jscomp.CombinedCompilerPass$CallbackWrapper#void#visitOrMaybeActivate#?,NodeTraversal,Node,Node#106",0.0,0.0,0.0,isActive(),_
75,com.google.javascript.rhino.Node#int[]#getSortedPropTypes#?#809,0.0,0.0,0.0,x != null,_
76,"com.google.javascript.jscomp.parsing.JsDocInfoParser#Node#parseAndRecordTypeNode#?,JsDocToken,int,int,boolean,boolean#938",0.0,0.0,0.0,!(typeNode != null && !matchingLC),_
77,com.google.javascript.jscomp.parsing.ParserRunner#void#initAnnotationNames#?#61,0.0,0.0,0.0,annotationNames != null,_
78,"com.google.javascript.jscomp.ControlFlowAnalysis#void#connectToPossibleExceptionHandler#?,Node,Node#805",0.0,0.0,0.0,!(mayThrowException(target) && !exceptionHandler.isEmpty()),_
79,"com.google.javascript.jscomp.VarCheck#void#visit#?,NodeTraversal,Node,Node#90",0.0,0.0,0.0,!(n.getType() != Token.NAME),_
80,com.google.javascript.rhino.jstype.InstanceObjectType#int#hashCode#?#169,0.0,0.0,0.0,hasReferenceName(),_
81,"com.google.javascript.jscomp.ControlFlowAnalysis#void#prioritizeFromEntryNode#?,DiGraphNode<Node,Branch>#197",0.0,0.0,0.0,!worklist.isEmpty(),_
82,"com.google.javascript.jscomp.MakeDeclaredNamesUnique#void#exitScope#?,NodeTraversal#100",0.0,0.0,0.0,!t.inGlobalScope(),_
83,"com.google.javascript.jscomp.CodeConsumer#void#addOp#?,String,boolean#242",0.0,0.0,0.0,!(Character.isLetter(first) && isWordChar(prev)),_
84,"com.google.javascript.jscomp.VariableNameGenerator#?#VariableNameGenerator#?,Scope#36",0.0,0.0,0.0,i.hasNext(),_
85,"com.google.javascript.jscomp.Denormalize#void#maybeCollapseIntoForStatements#?,Node,Node#68",0.0,0.0,0.0,parent == null || !NodeUtil.isStatementBlock(parent),_
86,"com.google.javascript.rhino.Node#void#addChildToBack#?,Node#583",0.0,0.0,0.0,last == null,_
87,"com.google.javascript.jscomp.CodeGenerator#void#addList#?,Node,boolean,Context#727",0.0,0.0,0.0,isFirst,_
88,"com.google.javascript.jscomp.NodeUtil#boolean#isLabelName#?,Node#1051",0.0,0.0,0.0,n != null && n.getType() == Token.NAME,_
89,"com.google.javascript.jscomp.graph.GraphReachability#boolean#traverseEdge#?,N,E,N#60",0.0,0.0,0.0,graph.getNode(source).getAnnotation() == REACHABLE,_
90,"com.google.javascript.jscomp.GlobalNamespace#Map<String,Name>#getNameIndex#?#101",0.0,0.0,0.0,!generated,_
91,"com.google.javascript.rhino.jstype.PrototypeObjectType#boolean#isSubtype#?,JSType#362",0.0,0.0,0.0,"!(JSType.isSubtype(this,that))",_
92,com.google.javascript.jscomp.NodeTraversal#ControlFlowGraph<Node>#getControlFlowGraph#?#584,0.0,0.0,0.0,cfgs.peek() == null,_
93,com.google.javascript.rhino.jstype.FunctionType#FunctionPrototypeType#getPrototype#?#311,0.0,0.0,0.0,!(prototype == null),_
94,"com.google.javascript.rhino.jstype.ObjectType#boolean#isImplicitPrototype#?,ObjectType#387",0.0,0.0,0.0,!(current.equals(prototype)),_
95,"com.google.javascript.jscomp.ProcessClosurePrimitives#void#processProvideCall#?,NodeTraversal,Node,Node#283",0.0,0.0,0.0,!(providedNames.containsKey(ns)),_
96,"com.google.javascript.rhino.Node#void#copyInformationFromForTree#?,Node#1853",0.0,0.0,0.0,child != null,_
97,"com.google.javascript.jscomp.Compiler#void#initOptions#?,CompilerOptions#223",0.0,0.0,0.0,!(outStream == null),_
98,com.google.javascript.jscomp.CodePrinter$Builder#String#build#?#581,0.0,0.0,0.0,!(root == null),_
99,com.google.javascript.jscomp.PhaseOptimizer$LoopInternal#void#optimizePasses#?#371,0.0,0.0,0.0,pass.name.equals(passName),_
100,"com.google.javascript.jscomp.NodeUtil#JSDocInfo#getInfoForNameNode#?,Node#1963",0.0,0.0,0.0,!(info == null && parent != null && ((parent.getType() == Token.VAR && parent.hasOneChild()) || parent.getType() == Token.FUNCTION)),_
101,"com.google.javascript.rhino.jstype.FunctionParamBuilder#boolean#addOptionalParams#?,JSType#80",0.0,0.0,0.0,!(hasVarArgs()),_
102,"com.google.javascript.jscomp.GlobalNamespace$Name#JSDocInfo#getDocInfoForDeclaration#?,Ref#966",0.0,0.0,0.0,ref.node != null,_
103,"com.google.javascript.jscomp.CodeGenerator#void#addExpr#?,Node,int,Context#704",0.0,0.0,0.0,!((NodeUtil.precedence(n.getType()) < minPrecedence) || ((context == Context.IN_FOR_INIT_CLAUSE) && (n.getType() == Token.IN))),_
104,"com.google.javascript.rhino.JSDocInfo#JSTypeExpression#getType#?,int#893",0.0,0.0,0.0,!((MASK_TYPEFIELD & bitset) == typefield),_
105,com.google.javascript.jscomp.Compiler#void#optimize#?#1338,0.0,0.0,0.0,!(options.devMode == DevMode.EVERY_PASS),_
106,"com.google.javascript.jscomp.ControlFlowAnalysis#Node#computeFollowNode#?,Node,Node#757",0.0,0.0,0.0,!(nextSibling != null),_
107,"com.google.javascript.rhino.jstype.JSType#boolean#isSubtype#?,JSType,JSType#829",0.0,0.0,0.0,!(thatType instanceof NamedType),_
108,"com.google.javascript.jscomp.parsing.JsDocInfoParser#Node#parseTopLevelTypeExpression#?,JsDocToken#1399",0.0,0.0,0.0,!(match(JsDocToken.PIPE)),_
109,"com.google.javascript.rhino.Node#void#removeChild#?,Node#664",0.0,0.0,0.0,child == last,_
110,"com.google.javascript.jscomp.OptimizeArgumentsArray#void#enterScope#?,NodeTraversal#102",0.0,0.0,0.0,!NodeUtil.isFunction(function),_
111,"com.google.javascript.rhino.Node#int#mergeLineCharNo#?,int,int#1111",0.0,0.0,0.0,-1<=0,_
112,"com.google.javascript.jscomp.Compiler#void#stopTracer#?,Tracer,String#785",0.0,0.0,0.0,!(options.tracer.isOn()),_
113,com.google.javascript.jscomp.parsing.JsDocTokenStream#int#getOffset#?#449,0.0,0.0,0.0,sourceCursor - lineStart - ungetCursor- 1==0,_
114,com.google.javascript.jscomp.Compiler#void#initBasedOnOptions#?#290,0.0,0.0,0.0,!(options.sourceMapOutputPath != null),_
115,"com.google.javascript.jscomp.ParallelCompilerPass$Result#void#notifyCompiler#?,AbstractCompiler#101",0.0,0.0,0.0,!(changed),_
116,"com.google.javascript.jscomp.parsing.IRFactory$TransformDispatcher#Node#processObjectLiteral#?,ObjectLiteral#643",0.0,0.0,0.0,!(literalNode.isDestructuring()),_
117,"com.google.javascript.jscomp.parsing.IRFactory$TransformDispatcher#Node#processFunctionNode#?,FunctionNode#514",0.0,0.0,0.0,!(name == null),_
118,com.google.javascript.jscomp.NodeTraversal#Scope#getScope#?#568,0.0,0.0,0.0,!(scopeRoots.isEmpty()),_
119,"com.google.javascript.jscomp.ExtractPrototypeMemberDeclarations#void#process#?,Node,Node#104",0.0,0.0,0.0,!(extractionInfo.shouldExtract()),_
120,"com.google.javascript.rhino.JSDocInfoBuilder#void#populateDefaults#?,JSDocInfo#123",0.0,0.0,0.0,info.getVisibility() == null,_
121,com.google.javascript.rhino.jstype.ObjectType#boolean#isUnknownType#?#407,0.0,0.0,0.0,!(unknown),_
122,com.google.javascript.rhino.Node#int#getChildCount#?#1310,0.0,0.0,0.0,c>=0,_
123,"com.google.javascript.rhino.JSDocInfoBuilder#void#markAnnotation#?,String,int,int#135",0.0,0.0,0.0,!(marker != null),_
124,com.google.javascript.jscomp.Compiler#void#initInputsByNameMap#?#404,0.0,0.0,0.0,!inputsByName.containsKey(name),_
125,"com.google.javascript.jscomp.OptimizeArgumentsArray#void#visit#?,NodeTraversal,Node,Node#161",0.0,0.0,0.0,currentArgumentsAccess == null,_
126,"com.google.javascript.jscomp.parsing.JsDocInfoParser#Node#parseTypeExpressionAnnotation#?,JsDocToken#1308",0.0,0.0,0.0,!(!match(JsDocToken.RC)),_
127,com.google.javascript.jscomp.parsing.JsDocTokenStream#int#getLineno#?#228,0.0,0.0,0.0,lineno>0,_
128,"com.google.javascript.rhino.jstype.FunctionParamBuilder#boolean#addVarArgs#?,JSType#95",0.0,0.0,0.0,!(hasVarArgs()),_
129,"com.google.javascript.jscomp.parsing.JsDocTokenStream#boolean#matchChar#?,int#263",0.0,0.0,0.0,!(c == test),_
130,com.google.javascript.jscomp.NodeTraversal#Node#getScopeRoot#?#595,0.0,0.0,0.0,!(scopeRoots.isEmpty()),_
131,com.google.javascript.jscomp.DefaultPassConfig#List<PassFactory>#getChecks#?#262,0.0,0.0,0.0,!(options.enables(DiagnosticGroups.ACCESS_CONTROLS) && options.checkTypes),_
132,"com.google.javascript.jscomp.CompilerOptions#void#addWarningsGuard#?,WarningsGuard#784",0.0,0.0,0.0,!(warningsGuard == null),_
133,"com.google.javascript.rhino.Node#Object#getProp#?,int#759",0.0,0.0,0.0,!(item == null),_
134,"com.google.javascript.jscomp.ProcessClosurePrimitives$ProvidedName#void#addDefinition#?,Node,JSModule#720",0.0,0.0,0.0,(candidateDefinition == null) || !NodeUtil.isExpressionNode(node),_
135,"com.google.javascript.jscomp.DiagnosticGroup#DiagnosticGroup#forType#?,DiagnosticType#58",0.0,0.0,0.0,!(!singletons.containsKey(type)),_
136,"com.google.javascript.jscomp.parsing.TypeSafeDispatcher#T#process#?,AstNode#172",0.0,0.0,0.0,node instanceof Block,_
137,"com.google.javascript.jscomp.RemoveConstantExpressions$RemoveConstantRValuesCallback#void#trySimplify#?,Node,Node#85",0.0,0.0,0.0,!(node.getType() != Token.EXPR_RESULT),_
138,"com.google.javascript.jscomp.parsing.IRFactory$TransformDispatcher#void#parseDirectives#?,Node#381",0.0,0.0,0.0,!(directives != null),_
139,com.google.javascript.rhino.Node#int#getCharno#?#823,0.0,0.0,0.0,extractCharno(sourcePosition)<0,_
140,com.google.javascript.jscomp.CommandLineRunner#CompilerOptions#createOptions#?#424,0.0,0.0,0.0,!(flags.debug),GT
141,com.google.javascript.jscomp.CodePrinter$CompactCodePrinter#void#maybeLineBreak#?#443,0.0,0.0,0.0,!(lineBreak),_
142,com.google.javascript.jscomp.NodeTraversal#int#getScopeDepth#?#610,0.0,0.0,0.0,scopes.size() + scopeRoots.size()>0,_
143,"com.google.javascript.jscomp.parsing.Config#Map<String,Annotation>#buildAnnotationNames#?,Set<String>#76",0.0,0.0,0.0,!Annotation.recognizedAnnotations.containsKey(unrecognizedAnnotation),_
144,"com.google.javascript.rhino.Node#?#Node#?,int,Node,Node#383",0.0,0.0,0.0,-1!=nodeType,_
145,"com.google.javascript.rhino.JSDocInfoBuilder#JSDocInfo#build#?,String#109",0.0,0.0,0.0,populated,_
146,com.google.javascript.jscomp.Compiler#void#check#?#639,0.0,0.0,0.0,!(hasErrors()),_
147,"com.google.javascript.jscomp.MakeDeclaredNamesUnique$ContextualRenameInverter#void#enterScope#?,NodeTraversal#274",0.0,0.0,0.0,t.inGlobalScope(),_
148,"com.google.javascript.jscomp.RenameVars$ProcessVars#void#visit#?,NodeTraversal,Node,Node#172",0.0,0.0,0.0,n.getType() != Token.NAME,_
149,"com.google.javascript.jscomp.graph.FixedPointGraphTraversal#void#computeFixedPoint#?,DiGraph<N,E>,Set<N>#107",0.0,0.0,0.0,!(!workSet.isEmpty() && cycleCount < maxIterations),_
150,"com.google.javascript.rhino.Node#String#toString#?,boolean,boolean,boolean#880",0.0,0.0,0.0,Token.printTrees,_
151,"com.google.javascript.jscomp.RemoveUnusedVars#void#traverseAndRemoveUnusedReferences#?,Node#105",0.0,0.0,0.0,!(removeGlobals),_
152,com.google.javascript.jscomp.GlobalNamespace#void#process#?#152,0.0,0.0,0.0,!(externsRoot != null),_
153,com.google.javascript.jscomp.Scope$Var#int#hashCode#?#259,0.0,0.0,0.0,nameNode.hashCode()>0,_
154,"com.google.javascript.rhino.Node#void#addChildBefore#?,Node,Node#629",0.0,0.0,0.0,!(first == node),_
155,"com.google.javascript.jscomp.parsing.IRFactory$TransformDispatcher#Node#processVariableInitializer#?,VariableInitializer#803",0.0,0.0,0.0,initializerNode.getInitializer() != null,_
156,"com.google.javascript.jscomp.parsing.IRFactory$TransformDispatcher#Node#transformAsString#?,AstNode#304",0.0,0.0,0.0,!(ret.getType() == Token.STRING),_
157,com.google.javascript.jscomp.Compiler#int#getErrorCount#?#1508,0.0,0.0,0.0,errorManager.getErrorCount()>=0,_
158,"com.google.javascript.jscomp.DeadAssignmentsElimination#void#enterScope#?,NodeTraversal#63",0.0,0.0,0.0,scope.isGlobal(),_
159,"com.google.javascript.jscomp.parsing.JsDocTokenStream#void#addToString#?,int#244",0.0,0.0,0.0,stringBufferTop!=c,_
160,com.google.javascript.jscomp.Compiler#Node#parseInputs#?#1014,0.0,0.0,0.0,!(hasErrors()),_
161,"com.google.javascript.jscomp.parsing.JsDocInfoParser#Node#parseBasicTypeExpression#?,JsDocToken#1485",0.0,0.0,0.0,"!(""null"".equals(string) || ""undefined"".equals(string))",_
162,"com.google.javascript.jscomp.PhaseOptimizer#Tracer#newTracer#?,String#221",0.0,0.0,0.0,!(tracker != null),_
163,com.google.javascript.jscomp.parsing.JsDocTokenStream#JsDocToken#getJsDocToken#?#165,0.0,0.0,0.0,!(!isJSDocString(c2)),_
164,"com.google.javascript.jscomp.parsing.JsDocTokenStream#boolean#isJSSpace#?,int#312",0.0,0.0,0.0,c <= 127,_
165,"com.google.javascript.jscomp.JSModuleGraph#JSModule#getDeepestCommonDependencyInclusive#?,JSModule,JSModule#181",0.0,0.0,0.0,"m2 == m1 || dependsOn(m2,m1)",_
166,"com.google.javascript.rhino.jstype.JSType#boolean#equals#?,Object#310",0.0,0.0,0.0,!(jsType instanceof ProxyObjectType),_
167,com.google.javascript.jscomp.parsing.JsDocTokenStream#int#getCharIgnoreLineEnd#?#398,0.0,0.0,0.0,!(charno == -1),_
168,"com.google.javascript.rhino.Node#void#putIntProp#?,int,int#798",0.0,0.0,0.0,prop!=propType,_
169,"com.google.javascript.jscomp.Tracer#?#Tracer#?,String,String#256",0.0,0.0,0.0,!(!extraTracingStatistics.isEmpty()),_
170,com.google.javascript.jscomp.Compiler#void#compileInternal#?#568,0.0,0.0,0.0,!options.ideMode,_
171,"com.google.javascript.jscomp.Normalize$NormalizeStatements#void#doStatementNormalizations#?,NodeTraversal,Node,Node#344",0.0,0.0,0.0,!(n.getType() == Token.LABEL),_
172,"com.google.javascript.jscomp.ExtractPrototypeMemberDeclarations$GatherExtractionInfo#void#visit#?,NodeTraversal,Node,Node#201",0.0,0.0,0.0,!(cur != null),_
173,"com.google.javascript.rhino.Node#void#toStringTreeHelper#?,Node,int,Appendable#1031",0.0,0.0,0.0,!(cursor != null),_
174,"com.google.javascript.jscomp.SyntacticScopeCreator#void#declareVar#?,String,Node,Node,Node,JSType,Node#233",0.0,0.0,0.0,"!(scope.isDeclared(name,false) || (scope.isLocal() && name.equals(ARGUMENTS)))",_
175,com.google.javascript.rhino.Node#int#getType#?#515,0.0,0.0,0.0,type>=0,_
176,"com.google.javascript.jscomp.NodeUtil#boolean#nodeTypeMayHaveSideEffects#?,Node#549",0.0,0.0,0.0,NodeUtil.isAssignmentOp(n),_
177,"com.google.javascript.rhino.JSDocInfo#void#setFlag#?,boolean,int#306",0.0,0.0,0.0,value,_
178,"com.google.javascript.rhino.JSDocInfoBuilder#boolean#recordParameter#?,String,JSTypeExpression#217",0.0,0.0,0.0,"!hasAnySingletonTypeTags() && currentInfo.declareParam(type,parameterName)",_
179,"com.google.javascript.jscomp.CodeConsumer#void#endStatement#?,boolean#172",0.0,0.0,0.0,statementStarted,_
180,"com.google.javascript.jscomp.GlobalNamespace$BuildGlobalNamespace#boolean#maybeHandlePrototypePrefix#?,NodeTraversal,Node,Node,String#677",0.0,0.0,0.0,"!(name.endsWith("".prototype""))",_
181,com.google.javascript.jscomp.CodePrinter$CompactCodePrinter#char#getLastChar#?#401,0.0,0.0,0.0,(code.length() > 0) ? code.charAt(code.length() - 1) : '\0'>=0,_
182,"com.google.javascript.jscomp.InlineVariables$InliningBehavior#void#collectAliasCandidates#?,NodeTraversal,Map<Var,ReferenceCollection>#171",0.0,0.0,0.0,mode != Mode.CONSTANTS_ONLY,_
183,"com.google.javascript.jscomp.NodeUtil#boolean#isPrototypePropertyDeclaration#?,Node#1675",0.0,0.0,0.0,!NodeUtil.isExprAssign(n),_
184,"com.google.javascript.jscomp.ControlStructureCheck#void#check#?,Node#69",0.0,0.0,0.0,!(bChild != null),_
185,"com.google.javascript.jscomp.ProcessClosurePrimitives#void#visit#?,NodeTraversal,Node,Node#157",0.0,0.0,0.0,left.getType() == Token.GETPROP,_
186,"com.google.javascript.jscomp.ProcessDefines#void#overrideDefines#?,Map<String,DefineInfo>#132",0.0,0.0,0.0,!(changed),_
187,"com.google.javascript.jscomp.JSModuleGraph#?#JSModuleGraph#?,JSModule[]#90",0.0,0.0,0.0,depth == modulesByDepth.size(),_
188,"com.google.javascript.rhino.Node#void#copyInformationFrom#?,Node#1840",0.0,0.0,0.0,getProp(SOURCEFILE_PROP) == null,_
189,"com.google.javascript.rhino.Node#void#removeProp#?,int#746",0.0,0.0,0.0,x == null,_
190,"com.google.javascript.jscomp.GlobalNamespace$Name#Name#addProperty#?,String,boolean#787",0.0,0.0,0.0,props == null,_
191,"com.google.javascript.jscomp.parsing.JsDocTokenStream#?#JsDocTokenStream#?,String,int,int#49",0.0,0.0,0.0,lineno>=initCharno,_
192,com.google.javascript.rhino.jstype.JSType#int#hashCode#?#318,0.0,0.0,0.0,System.identityHashCode(this)!=0,_
193,"com.google.javascript.jscomp.Compiler#void#checkFirstModule#?,JSModule[]#319",0.0,0.0,0.0,!(modules[0].getInputs().isEmpty()),_
194,"com.google.javascript.jscomp.PhaseOptimizer$LoopInternal#void#process#?,Node,Node#341",0.0,0.0,0.0,!(randomizeLoops),_
195,"com.google.javascript.jscomp.CoalesceVariableNames#void#visit#?,NodeTraversal,Node,Node#128",0.0,0.0,0.0,colorings.isEmpty() || !NodeUtil.isName(n) || NodeUtil.isFunction(parent),_
196,"com.google.javascript.jscomp.DefaultPassConfig#Map<String,Node>#getAdditionalReplacements#?,CompilerOptions#1780",0.0,0.0,0.0,options.markAsCompiled || options.closurePass,_
197,"com.google.javascript.jscomp.NodeUtil#Node#newQualifiedNameNode#?,String,int,int#1526",0.0,0.0,0.0,!(endPos != -1),_
198,"com.google.javascript.jscomp.NodeTraversal#void#traverseRoots#?,List<Node>#265",0.0,0.0,0.0,!(roots.isEmpty()),_
199,com.google.javascript.jscomp.ProcessClosurePrimitives$ProvidedName#void#replace#?#801,0.0,0.0,0.0,explicitNode != null,_
200,"com.google.javascript.jscomp.GlobalNamespace$BuildGlobalNamespace#boolean#isConstructorOrEnumDeclaration#?,Node,Node#487",0.0,0.0,0.0,info == null,_
201,com.google.javascript.jscomp.DefaultPassConfig#List<PassFactory>#getOptimizations#?#299,0.0,0.0,0.0,!(options.runtimeTypeCheck),_
202,"com.google.javascript.jscomp.PhaseOptimizer#void#process#?,Node,Node#168",0.0,0.0,0.0,!(hasHaltingErrors()),_
203,com.google.javascript.rhino.JSDocInfo#Marker#addMarker#?#478,0.0,0.0,0.0,!lazyInitDocumentation(),_
204,"com.google.javascript.jscomp.graph.LinkedDirectedGraph#GraphEdge<N,E>#connect#?,N,E,N#55",0.0,0.0,0.0,!(node == null),_
205,"com.google.javascript.jscomp.parsing.JsDocInfoParser#Node#parseAndRecordParamTypeNode#?,JsDocToken#903",0.0,0.0,0.0,stream.getCharno()>=lineno,_
206,"com.google.javascript.rhino.Node#PropListItem#ensureProperty#?,int#729",0.0,0.0,0.0,item == null,_
207,"com.google.javascript.rhino.jstype.JSTypeRegistry#void#registerPropertyOnType#?,String,ObjectType#526",0.0,0.0,0.0,typeSet == null,_
208,"com.google.javascript.jscomp.ControlFlowAnalysis#void#process#?,Node,Node#179",0.0,0.0,0.0,!(!nodePriorities.containsKey(candidate)),_
209,com.google.javascript.jscomp.ProcessClosurePrimitives$ProvidedName#Node#createDeclarationNode#?#813,0.0,0.0,0.0,!(namespace.indexOf('.') == -1),_
210,com.google.javascript.rhino.JSDocInfo#boolean#lazyInitDocumentation#?#462,0.0,0.0,0.0,!includeDocumentation,_
211,"com.google.javascript.rhino.jstype.FunctionType#boolean#setPrototype#?,FunctionPrototypeType#338",0.0,0.0,0.0,!(prototype == null),_
212,com.google.javascript.jscomp.parsing.JsDocTokenStream#int#peekChar#?#335,0.0,0.0,0.0,c>0,_
213,"com.google.javascript.jscomp.CodeConsumer#void#add#?,String#213",0.0,0.0,0.0,!(newcode.length() == 0),_
214,"com.google.javascript.rhino.jstype.FunctionType#void#addSubType#?,FunctionType#802",0.0,0.0,0.0,!(subTypes == null),_
215,"com.google.javascript.jscomp.ControlFlowAnalysis#boolean#shouldTraverse#?,NodeTraversal,Node,Node#246",0.0,0.0,0.0,parent != null,_
216,"com.google.javascript.rhino.JSDocInfoBuilder#boolean#recordReturnType#?,JSTypeExpression#381",0.0,0.0,0.0,jsType != null && currentInfo.getReturnType() == null && !hasAnySingletonTypeTags(),_
217,"com.google.javascript.jscomp.Normalize$NormalizeStatements#void#extractForInitializer#?,Node,Node,Node#407",0.0,0.0,0.0,c != null,_
218,com.google.javascript.rhino.jstype.UnionTypeBuilder#JSType#build#?#137,0.0,0.0,0.0,result == null,_
219,"com.google.javascript.jscomp.GlobalNamespace$Name#void#addRef#?,Ref#798",0.0,0.0,0.0,declaration == null,_
220,"com.google.javascript.jscomp.CodePrinter$MappedCodePrinter#void#startSourceMapping#?,Node#84",0.0,0.0,0.0,!(createSrcMap && node.getProp(Node.SOURCEFILE_PROP) != null && node.getLineno() > 0),_
221,"com.google.javascript.rhino.JSDocInfo#JSTypeExpression#getParameterType#?,String#742",0.0,0.0,0.0,!(info == null || info.parameters == null),_
222,"com.google.javascript.rhino.Node#int#getIntProp#?,int,int#771",0.0,0.0,0.0,item.intValue!=0,_
223,"com.google.javascript.rhino.TokenStream#int#stringToKeyword#?,String#292",0.0,0.0,0.0,id == 0,_
224,"com.google.javascript.jscomp.RemoveUnusedVars#void#traverseNode#?,Node,Node,Scope#140",0.0,0.0,0.0,var != null,_
225,"com.google.javascript.jscomp.ReferenceCollectingCallback#boolean#shouldTraverse#?,NodeTraversal,Node,Node#151",0.0,0.0,0.0,"!(isBlockBoundary(n,parent))",_
226,"com.google.javascript.rhino.Node#void#putProp#?,int,Object#783",0.0,0.0,0.0,prop == null,_
227,"com.google.javascript.jscomp.Normalize#void#process#?,Node,Node#84",0.0,0.0,0.0,MAKE_LOCAL_NAMES_UNIQUE,_
228,"com.google.javascript.rhino.jstype.UnionTypeBuilder#UnionTypeBuilder#addAlternate#?,JSType#88",0.0,0.0,0.0,!(alternate.isNoType()),_
229,"com.google.javascript.jscomp.NodeTraversal#void#pushScope#?,Node#537",0.0,0.0,0.0,!(scopeCallback != null),_
230,com.google.javascript.rhino.Node#String#getQualifiedName#?#1679,0.0,0.0,0.0,!(left == null),_
231,"com.google.javascript.jscomp.CombinedCompilerPass$CallbackWrapper#void#enterScopeIfActive#?,NodeTraversal#120",0.0,0.0,0.0,!(isActive() && scopedCallback != null),_
232,"com.google.javascript.jscomp.graph.Graph#void#connectIfNotFound#?,N,E,N#127",0.0,0.0,0.0,!(node2 == null),_
233,com.google.javascript.jscomp.CodeConsumer#void#maybeEndStatement#?#183,0.0,0.0,0.0,!(statementNeedsEnded),_
234,"com.google.javascript.jscomp.CodeGenerator#String#identifierEscape#?,String#894",0.0,0.0,0.0,NodeUtil.isLatin(s),_
235,"com.google.javascript.rhino.jstype.FunctionType#void#setPrototypeBasedOn#?,ObjectType#323",0.0,0.0,0.0,prototype == null,_
236,"com.google.javascript.jscomp.graph.LinkedDirectedGraph#List<DiGraphNode<N,E>>#getDirectedSuccNodes#?,DiGraphNode<N,E>#239",0.0,0.0,0.0,!(dNode == null),_
237,"com.google.javascript.rhino.jstype.JSTypeRegistry#FunctionType#createFunctionType#?,JSType,boolean,JSType#995",0.0,0.0,0.0,lastVarArgs,_
238,"com.google.javascript.jscomp.parsing.IRFactory#void#attachJsDoc#?,Comment,JSDocInfo#247",0.0,0.0,0.0,!(candidates.isEmpty()),_
239,"com.google.javascript.jscomp.Compiler#T#runInCompilerThread#?,Callable<T>#518",0.0,0.0,0.0,useThreads,_
240,"com.google.javascript.jscomp.FoldConstants#void#visit#?,NodeTraversal,Node,Node#268",0.0,0.0,0.0,!(type == Token.IF || type == Token.HOOK),_
241,"com.google.javascript.jscomp.ProcessClosurePrimitives#boolean#verifyProvide#?,NodeTraversal,Node,Node#581",0.0,0.0,0.0,"!(!verifyArgument(t,methodName,arg))",_
242,"com.google.javascript.jscomp.CodePrinter#String#toSource#?,Node,Format,boolean,int,SourceMap,Charset,boolean#625",0.0,0.0,0.0,!(createSourceMap),_
243,"com.google.javascript.rhino.Node$StringNode#?#StringNode#?,int,String#279",0.0,0.0,0.0,!(null == str),_
244,"com.google.javascript.rhino.Node#void#addChildAfter#?,Node,Node#650",0.0,0.0,0.0,!(last == node),_
245,"com.google.javascript.jscomp.PhaseOptimizer#void#stopTracer#?,Tracer,String#229",0.0,0.0,0.0,!(tracker != null),_
246,"com.google.javascript.jscomp.GlobalNamespace#boolean#isGlobalVarReference#?,String,Scope#196",0.0,0.0,0.0,!(v == null && externsScope != null),_
247,"com.google.javascript.jscomp.NodeTraversal#void#traverseBranch#?,Node,Node#449",0.0,0.0,0.0,"!callback.shouldTraverse(this,n,parent)",_
248,"com.google.javascript.jscomp.NodeUtil#boolean#isPrototypeProperty#?,Node#1683",0.0,0.0,0.0,!(lhsString == null),_
249,"com.google.javascript.jscomp.MakeDeclaredNamesUnique$ContextualRenameInverter#void#exitScope#?,NodeTraversal#287",0.0,0.0,0.0,t.inGlobalScope(),_
250,"com.google.javascript.jscomp.CoalesceVariableNames#void#enterScope#?,NodeTraversal#97",0.0,0.0,0.0,scope.isGlobal(),_
251,"com.google.javascript.rhino.jstype.FunctionType#boolean#defineProperty#?,String,JSType,boolean,boolean#476",0.0,0.0,0.0,!(objType.equals(prototype)),_
252,com.google.javascript.jscomp.DefaultPassConfig#List<PassFactory>#getCodeRemovingPasses#?#605,0.0,0.0,0.0,!(options.removeUnusedPrototypeProperties),_
253,com.google.javascript.rhino.ScriptOrFnNode#int#getBaseLineno#?#69,0.0,0.0,0.0,baseLineno<=0,_
254,com.google.javascript.rhino.jstype.FunctionType#FunctionType#getSuperClassConstructor#?#557,0.0,0.0,0.0,!(maybeSuperInstanceType == null),_
255,"com.google.javascript.jscomp.MakeDeclaredNamesUnique$ContextualRenamer#void#addDeclaredName#?,String#422",0.0,0.0,0.0,!(id != 0),_
256,com.google.javascript.rhino.jstype.FunctionType#int#hashCode#?#641,0.0,0.0,0.0,isInterface() ? getReferenceName().hashCode() : call.hashCode()>0,_
257,"com.google.javascript.rhino.Node#?#Node#?,int#349",0.0,0.0,0.0,-1<nodeType,_
258,"com.google.javascript.jscomp.parsing.JsDocInfoParser#JsDocToken#eatTokensUntilEOL#?,JsDocToken#1933",0.0,0.0,0.0,token == JsDocToken.EOL || token == JsDocToken.EOC || token == JsDocToken.EOF,_
259,com.google.javascript.rhino.jstype.PrototypeObjectType#String#getReferenceName#?#348,0.0,0.0,0.0,className != null,_
260,"com.google.javascript.jscomp.FoldConstants#void#tryFoldGetProp#?,NodeTraversal,Node,Node,Node,Node#1637",0.0,0.0,0.0,"!(right.getType() == Token.STRING && right.getString().equals(""length""))",_
261,"com.google.javascript.jscomp.CombinedCompilerPass$CallbackWrapper#?#CallbackWrapper#?,Callback#94",0.0,0.0,0.0,!(callback instanceof ScopedCallback),_
262,"com.google.javascript.jscomp.CodeGenerator#void#add#?,Node,Context#100",0.0,0.0,0.0,NodeUtil.precedence(type)!=childCount,_
263,"com.google.javascript.jscomp.FoldConstants#void#tryMinimizeCondition#?,NodeTraversal,Node,Node#1946",0.0,0.0,0.0,!(NodeUtil.isLiteralValue(n)),_
264,com.google.javascript.jscomp.Tracer#long#stop#?#454,0.0,0.0,0.0,stop(-1)<=0,_
265,"com.google.javascript.rhino.JSDocInfo#void#setType#?,JSTypeExpression,int#809",0.0,0.0,0.0,!((bitset & MASK_TYPEFIELD) != 0),_
266,"com.google.javascript.jscomp.ControlFlowAnalysis#void#handleStmtList#?,Node#497",0.0,0.0,0.0,child != null,_
267,"com.google.javascript.jscomp.MakeDeclaredNamesUnique#void#visit#?,NodeTraversal,Node,Node#146",0.0,0.0,0.0,!(newName != null),_
268,com.google.javascript.jscomp.NameGenerator#String#generateNextName#?#142,0.0,0.0,0.0,!(TokenStream.isKeyword(name) || reservedNames.contains(name)),_
269,"com.google.javascript.jscomp.CommandLineRunner#void#initConfigFromFlags#?,String[],PrintStream#370",0.0,0.0,0.0,!(quotesMatcher.matches()),_
270,"com.google.javascript.rhino.Node#void#toString#?,StringBuilder,boolean,boolean,boolean#899",0.0,0.0,0.0,!(type == Token.FUNCTION),_
271,"com.google.javascript.jscomp.RenameVars#void#process#?,Node,Node#324",0.0,0.0,0.0,!(changed),_
272,com.google.javascript.jscomp.Compiler#void#initCompilerOptionsIfTesting#?#1067,0.0,0.0,0.0,!(options == null),_
273,com.google.javascript.jscomp.PrintStreamErrorManager#void#printSummary#?#69,0.0,0.0,0.0,!(summaryDetailLevel >= 3 || (summaryDetailLevel >= 1 && getErrorCount() + getWarningCount() > 0) || (summaryDetailLevel >= 2 && getTypedPercent() > 0.0)),_
274,"com.google.javascript.jscomp.RenameLabels$ProcessLabels#boolean#shouldTraverse#?,NodeTraversal,Node,Node#119",0.0,0.0,0.0,!(node.getType() == Token.LABEL),_
275,"com.google.javascript.jscomp.InlineVariables$InliningBehavior#void#doInlinesForScope#?,NodeTraversal,Map<Var,ReferenceCollection>#206",0.0,0.0,0.0,referenceInfo == null || isVarInlineForbidden(v) || staleVars.contains(v),_
276,com.google.javascript.jscomp.BasicErrorManager#int#getWarningCount#?#79,0.0,0.0,0.0,warningCount==0,_
277,"com.google.javascript.jscomp.CodeGenerator#String#jsString#?,String,CharsetEncoder#784",0.0,0.0,0.0,!(i < s.length()),_
278,"com.google.javascript.jscomp.CommandLineRunner$BooleanOptionHandler#int#parseArguments#?,Parameters#302",0.0,0.0,0.0,1!=0,_
279,"com.google.javascript.jscomp.OptimizeArgumentsArray#void#exitScope#?,NodeTraversal#121",0.0,0.0,0.0,currentArgumentsAccess == null,_
280,"com.google.javascript.jscomp.Normalize$NormalizeStatements#void#splitVarDeclarations#?,Node#452",0.0,0.0,0.0,!(assertOnChange && !c.hasChildren()),_
281,"com.google.javascript.jscomp.DiagnosticGroup#boolean#isSubGroup#?,DiagnosticGroup#97",0.0,0.0,0.0,!matches(type),_
282,"com.google.javascript.jscomp.parsing.IRFactory#Node#transformTree#?,AstRoot,String,Config,ErrorReporter#152",0.0,0.0,0.0,!(jsDocParser.getFileOverviewJSDocInfo() != fileOverviewInfo),_
283,"com.google.javascript.jscomp.ProcessClosurePrimitives#void#process#?,Node,Node#132",0.0,0.0,0.0,requiresLevel.isOn(),_
284,"com.google.javascript.jscomp.PrepareAst#void#process#?,Node,Node#62",0.0,0.0,0.0,root != null,_
285,"com.google.javascript.jscomp.PhaseOptimizer#void#consume#?,List<PassFactory>#118",0.0,0.0,0.0,!(isCurrentLoopPopulated),_
286,"com.google.javascript.jscomp.parsing.JsDocInfoParser#Node#parseParamTypeExpressionAnnotation#?,JsDocToken#1357",0.0,0.0,0.0,!(!match(JsDocToken.RC)),_
287,com.google.javascript.rhino.ScriptOrFnNode#int#getEndLineno#?#77,0.0,0.0,0.0,endLineno<0,_
288,"com.google.javascript.jscomp.UnreachableCodeElimination#void#visit#?,NodeTraversal,Node,Node#111",0.0,0.0,0.0,!(gNode == null),_
289,"com.google.javascript.jscomp.ReferenceCollectingCallback#void#visit#?,NodeTraversal,Node,Node#117",0.0,0.0,0.0,!(v != null && varFilter.apply(v)),_
290,"com.google.javascript.rhino.Node#?#Node#?,int,Node#363",0.0,0.0,0.0,-1!=nodeType,_
291,"com.google.javascript.jscomp.ProcessClosurePrimitives$ProvidedName#void#addProvide#?,Node,JSModule,boolean#697",0.0,0.0,0.0,explicit,_
292,com.google.javascript.jscomp.parsing.JsDocInfoParser#boolean#parse#?#152,0.0,0.0,0.0,!(blockInfo.string.length() > 0),_
293,"com.google.javascript.jscomp.RemoveUnusedVars#void#process#?,Node,Node#93",0.0,0.0,0.0,!(numRemoved_ > 0),_
294,"com.google.javascript.rhino.Node#?#Node#?,int,int,int#431",0.0,0.0,0.0,nodeType>charno,_
295,"com.google.javascript.rhino.Node#int#extractLineno#?,int#1127",0.0,0.0,0.0,lineCharNo >>> COLUMN_BITS>0,_
296,com.google.javascript.jscomp.AbstractCommandLineRunner#Charset#getInputCharset#?#643,0.0,0.0,0.0,!(!config.charset.isEmpty()),_
297,"com.google.javascript.jscomp.RenameVars#?#RenameVars#?,AbstractCompiler,String,boolean,boolean,boolean,VariableMap,char[],Set<String>#133",0.0,0.0,0.0,!(reservedNames == null),_
298,"com.google.javascript.jscomp.parsing.JsDocInfoParser#Node#parseTypeExpression#?,JsDocToken#1450",0.0,0.0,0.0,basicTypeExpr != null,_
299,"com.google.javascript.jscomp.GlobalNamespace$BuildGlobalNamespace#void#handleSetFromGlobal#?,NodeTraversal,Node,Node,String,boolean,Name.Type#448",0.0,0.0,0.0,"!(maybeHandlePrototypePrefix(t,n,parent,name))",_
300,"com.google.javascript.jscomp.ExtractPrototypeMemberDeclarations$PrototypeMemberDeclaration#PrototypeMemberDeclaration#extractDeclaration#?,Node#290",0.0,0.0,0.0,!NodeUtil.isPrototypePropertyDeclaration(n),_
301,"com.google.javascript.jscomp.ProcessClosurePrimitives#void#registerAnyProvidedPrefixes#?,String,Node,JSModule#644",0.0,0.0,0.0,providedNames.containsKey(prefixNs),_
302,"com.google.javascript.rhino.Node#String#checkTreeEquals#?,Node#1329",0.0,0.0,0.0,!(diff != null),_
303,com.google.javascript.rhino.Node#int#getLineno#?#819,0.0,0.0,0.0,extractLineno(sourcePosition)!=0,_
304,"com.google.javascript.rhino.jstype.FunctionParamBuilder#boolean#addRequiredParams#?,JSType#63",0.0,0.0,0.0,!(hasOptionalOrVarArgs()),_
305,com.google.javascript.jscomp.PassFactory#PassFactory#makeOneTimePass#?#65,0.0,0.0,0.0,!(isOneTimePass()),_
306,"com.google.javascript.jscomp.PrepareAst$PrepareAnnotations#void#visit#?,NodeTraversal,Node,Node#220",0.0,0.0,0.0,!(n.getJSDocInfo() != null && n.getJSDocInfo().isJavaDispatch()),_
307,"com.google.javascript.jscomp.GlobalNamespace$BuildGlobalNamespace#Name#getOrCreateName#?,String#733",0.0,0.0,0.0,i >= 0,_
308,"com.google.javascript.rhino.JSDocInfo#boolean#declareParam#?,JSTypeExpression,String#682",0.0,0.0,0.0,info.parameters == null,_
309,com.google.javascript.jscomp.BasicErrorManager#int#getErrorCount#?#75,0.0,0.0,0.0,errorCount<=0,_
310,"com.google.javascript.jscomp.CombinedCompilerPass$CallbackWrapper#void#shouldTraverseIfActive#?,NodeTraversal,Node,Node#114",0.0,0.0,0.0,"!(isActive() && !callback.shouldTraverse(t,n,parent))",_
311,"com.google.javascript.rhino.Node#?#Node#?,int,Node,int,int#438",0.0,0.0,0.0,"mergeLineCharNo(lineno,charno)!=lineno",_
312,"com.google.javascript.jscomp.parsing.IRFactory#int#transformTokenType#?,int#1110",0.0,0.0,0.0,Token.EXPR_RESULT>=0,_
313,"com.google.javascript.jscomp.MakeDeclaredNamesUnique#void#findDeclaredNames#?,Node,Node,Renamer#190",0.0,0.0,0.0,!(parent == null || parent.getType() != Token.FUNCTION || n == parent.getFirstChild()),_
314,"com.google.javascript.jscomp.ProcessClosurePrimitives$ProvidedName#void#updateMinimumModule#?,JSModule#727",0.0,0.0,0.0,moduleGraph != null,_
315,"com.google.javascript.jscomp.NodeUtil#boolean#isLatin#?,String#1619",0.0,0.0,0.0,!(c > LARGEST_BASIC_LATIN),_
316,"com.google.javascript.jscomp.SyntacticScopeCreator#void#scanRoot#?,Node,Scope#90",0.0,0.0,0.0,!(!fnName.isEmpty() && NodeUtil.isFunctionAnonymous(n)),_
317,"com.google.javascript.rhino.jstype.PrototypeObjectType#?#PrototypeObjectType#?,JSTypeRegistry,String,ObjectType,boolean#105",0.0,0.0,0.0,!(implicitPrototype == null),_
318,com.google.javascript.jscomp.WarningsGuard#int#getPriority#?#62,0.0,0.0,0.0,50!=0,_
319,"com.google.javascript.rhino.JSDocInfoBuilder#void#markName#?,String,int,int#176",0.0,0.0,0.0,!(currentMarker != null),_
320,"com.google.javascript.rhino.jstype.InstanceObjectType#boolean#equals#?,Object#154",0.0,0.0,0.0,that instanceof JSType && this.isNominalType(),_
321,"com.google.javascript.jscomp.GoogleCodingConvention#boolean#isConstant#?,String#68",0.0,0.0,0.0,!(pos >= 0),_
322,"com.google.javascript.jscomp.AbstractCommandLineRunner#void#setRunOptions#?,B#160",0.0,0.0,0.0,"!(!config.propertyMapInputFile.equals(""""))",_
323,"com.google.javascript.rhino.jstype.FunctionType#?#FunctionType#?,JSTypeRegistry,String,Node,Node,JSType,ObjectType,String,boolean,boolean#196",0.0,0.0,0.0,isConstructor,_
324,com.google.javascript.rhino.jstype.ArrowType#int#hashCode#?#199,0.0,0.0,0.0,paramType != null,_
325,"com.google.javascript.rhino.Node#boolean#isEquivalentTo#?,Node#1564",0.0,0.0,0.0,!(type == Token.INC || type == Token.DEC),_
326,"com.google.javascript.jscomp.CollapseVariableDeclarations$GatherCollapses#void#visit#?,NodeTraversal,Node,Node#373",0.0,0.0,0.0,!(hasNodesToCollapse),_
327,com.google.javascript.jscomp.parsing.JsDocInfoParser#JsDocToken#next#?#1975,0.0,0.0,0.0,unreadToken == NO_UNREAD_TOKEN,_
328,"com.google.javascript.jscomp.GoogleCodeRemoval$FindAbstractMethods#void#visit#?,NodeTraversal,Node,Node#127",0.0,0.0,0.0,!(n.getType() == Token.ASSIGN),_
329,"com.google.javascript.jscomp.CodePrinter$MappedCodePrinter#void#endSourceMapping#?,Node#107",0.0,0.0,0.0,!(createSrcMap && node.getProp(Node.SOURCEFILE_PROP) != null && node.getLineno() > 0),_
330,"com.google.javascript.jscomp.graph.LinkedDirectedGraph#List<DiGraphEdge<N,E>>#getDirectedGraphEdges#?,N,N#176",0.0,0.0,0.0,!(dNode1 == null),_
331,"com.google.javascript.rhino.JSDocInfoBuilder#boolean#recordType#?,JSTypeExpression#352",0.0,0.0,0.0,type != null && !hasAnyTypeRelatedTags(),_
332,"com.google.javascript.jscomp.SyntacticScopeCreator#void#scanVars#?,Node,Node#130",0.0,0.0,0.0,!(NodeUtil.isFunctionAnonymous(n)),_
333,com.google.javascript.jscomp.Compiler#void#maybeSanityCheck#?#695,0.0,0.0,0.0,!(options.devMode == DevMode.EVERY_PASS),_
334,"com.google.javascript.jscomp.FoldConstants#void#tryFoldBlock#?,NodeTraversal,Node,Node#508",0.0,0.0,0.0,!(c != null),_
335,"com.google.javascript.rhino.Node#NodeMismatch#checkTreeEqualsImpl#?,Node#1370",0.0,0.0,0.0,res != null,_
336,"com.google.javascript.jscomp.parsing.ParserRunner#Node#parse#?,String,String,Config,ErrorReporter,Logger#97",0.0,0.0,0.0,!(config.isIdeMode),_
337,"com.google.javascript.jscomp.ProcessDefines$CollectDefines#void#visit#?,NodeTraversal,Node,Node#310",0.0,0.0,0.0,!(n.getType() == Token.CALL),_
338,"com.google.javascript.jscomp.CodeGenerator#?#CodeGenerator#?,CodeConsumer,Charset,boolean#55",0.0,0.0,0.0,outputCharset == null || outputCharset == Charsets.US_ASCII,_
339,"com.google.javascript.jscomp.Scope#boolean#isDeclared#?,String,boolean#434",0.0,0.0,0.0,!(scope.vars.containsKey(name)),_
340,"com.google.javascript.jscomp.CollapseVariableDeclarations$ExploitAssigns#void#collapseAssign#?,NodeTraversal,Node,Node,Node#131",0.0,0.0,0.0,"!(isCollapsibleValue(leftValue,true) && collapseAssignEqualTo(expr,exprParent,leftValue))",_
341,"com.google.javascript.jscomp.JsAst#void#parse#?,AbstractCompiler,String,String#97",0.0,0.0,0.0,!(root == null || compiler.hasHaltingErrors()),_
342,"com.google.javascript.jscomp.CollapseVariableDeclarations$ExploitAssigns#void#visit#?,NodeTraversal,Node,Node#117",0.0,0.0,0.0,!(!NodeUtil.isExprAssign(expr)),_
343,"com.google.javascript.jscomp.ReferenceCollectingCallback#boolean#isBlockBoundary#?,Node,Node#161",0.0,0.0,0.0,!(parent != null),_
344,"com.google.javascript.jscomp.parsing.IRFactory#Node#transform#?,AstNode#186",0.0,0.0,0.0,nodeWithJsDoc != null,_
345,"com.google.javascript.jscomp.Compiler#Tracer#newTracer#?,String#777",0.0,0.0,0.0,!(options.tracer.isOn()),_
346,"com.google.javascript.jscomp.Compiler#void#runCustomPasses#?,CustomPassExecutionTime#733",0.0,0.0,0.0,!(options.customPasses != null),_
347,"com.google.javascript.jscomp.ProcessDefines#void#process#?,Node,Node#108",0.0,0.0,0.0,namespace == null,_
348,"com.google.javascript.jscomp.ControlFlowAnalysis#boolean#mayThrowException#?,Node#899",0.0,0.0,0.0,c != null,_
349,"com.google.javascript.rhino.Node#?#Node#?,int,Node,Node,int,int#443",0.0,0.0,0.0,"mergeLineCharNo(lineno,charno)==lineno",_
350,com.google.javascript.jscomp.parsing.JsDocTokenStream#int#getCharno#?#231,0.0,0.0,0.0,lineno == initLineno ? initCharno + charno : charno>0,_
351,"com.google.javascript.jscomp.MakeDeclaredNamesUnique$ContextualRenameInverter#void#visit#?,NodeTraversal,Node,Node#344",0.0,0.0,0.0,t.inGlobalScope(),_
352,"com.google.javascript.jscomp.PrepareAst#void#normalizeNodeTypes#?,Node#79",0.0,0.0,0.0,n.getType() == Token.FUNCTION,_
