,col0,col1,col2,col3,col4,col5,col6,col7,col8,col9,col10
0,137628,story,,,3,0,hhm,Structure and Interpretation of Classical Mechanics - full book online,http://mitpress.mit.edu/SICM/,,1205603993
1,137627,comment,137491.0,137574.0,0,0,bilbo0s,,,"Of course, MOST of us are going to have a difficult time trying to develop for the 10 000 000 iPhones.  You see, you can download the SDK and do all of the testing you want . . . good luck running your code on an actual iPhone though.  A lot of developers read the fine print, and skipped over the finer print.  To try out your newly developed games, or virtual worlds, against the actual iPhone accelerometer you have to be accepted into the OFFICIAL iPhone Developer's Program.  Guess how many of the 100000 developers who downloaded the SDK were accepted into the program . . . Oh . . . So then you read the article already . . .<p><a href=""http://apple20.blogs.fortune.cnn.com/2008/03/15/apple-to-100000-iphone-developers-dont-call-us-well-call-you/"" rel=""nofollow"">http://apple20.blogs.fortune.cnn.com/2008/03/15/apple-to-100...</a><p>The short version is that Apple is giving its strategic partners a head start, EA, Salesforce, AOL, Epocrates, Sega . . . and Apple quoted a quite a few more the press release Intuit, Namco, Netsuite, PopCap . . . you get the idea.  Good for Apple, its partners, and probably the iPhone . . . Bad for startups who happen to compete with something one of the partners wants to do.  Guess which app will get the splash page billing on the iTunes App store, the startup's or the partner's?<p>There is SOME good news though, if someone is willing to search past the first page of the iTunes app store to look for your app, they will probably be able to find and install it without much trouble.  Of course that is ASSUMING that you are allowed into the OFFICIAL developer's program, which there is no guarantee of either if you are making an app that competes with a strategic partner.<p>Cheers!",1205603969
2,137626,comment,137531.0,137531.0,0,0,ideas101,,,"if u r going to apply to YC (or anyother YC clones) then they suggest/prefer not to inc. this is b'cause they (YC) help you with all these formalities in the best possible way - they have lawyers lined-up to help you.<p>But if u want to write-off ur expenses then its better u meet an accountant, most possibly he/she will suggest to inc.",1205603965
3,137625,story,,,1,0,bdfh42,Anatomy of a flame war,http://www.caffeinatedcoder.com/anatomy-of-a-flame-war/,,1205603619
4,137624,comment,137358.0,137579.0,0,0,Jd,,,"Ideas of people have a history of execution are worthwhile.  Also, these people may vet ideas proposed by others.  This is essentially how YC works -- the prototype is the idea displayed, not executed -- PG is the veter.<p>One can simply move this to an earlier stage.  One must establish oneself (or one's group) as an expert in a specific area, then have persons submit their ideas to your organization. You review them, and offer them to sale to interested parties.<p>This is essentially how VC works but I believe it could be re-encapsulated at an earlier stage, esp. with software engineering projects which are primarily idea drivien.<p>To the doubters out there, this is simply specialization of labor in a growing industry.  Not everyone should attempt to do anything.  Compare journalism.  Editors, Writers, Editoralists, Proof Readers, Managers.  All work to some degree with the text.  We have only one job at the moment - coder/programmer.<p>It is time to take this to the next stage.",1205603586
5,137623,comment,137509.0,137609.0,0,0,hhm,,,"He's an asshole because of the technology he choses to publish his own content? How can you say that? That's a very personal attack against a person that is making a very personal choice to publish his own content. I think you could only attack him if the content he published was of a different nature, say scientific data, government documents or general public stuff. But he can share his own data the way he wishes too, and I don't think you have the right to call him an asshole for that.<p>I understand the sum of personal choices can generate a problem for the general population, but in any case you can't attack the individual choices: you can't either regulate them by law (as in many other cases where individual choices get regulated for society's common well), or just let them be.",1205603311
6,137622,comment,137244.0,137403.0,0,0,gojomo,,,"In my experience, people who disagree can best cooperate if they emphasize accuracy in their statements -- thus quickly finding the areas of agreement and disagreement.<p>That you thought the statement ""good executive function is a better predictor of success in school than a child's IQ"" was the most important part of the article is a valid opinion I can respect. That you found the standing-still experiments an interesting way to measure child self-regulation is also a valid opinion I respect.<p>It is the pairing of the two opinions into the unsupported statement ""Standing Still Predicts School Success Better Than IQ"", and then the promotion of that dubious statement to the key position of headline, that I find objectionable.<p>Alternate approaches I wouldn't have objected to:<p>* contribute article with original headline, but post a first comment with ""I found it interesting that the article suggests ability to stand still for longer may predict executive function, and thus school success, better than IQ.""<p>* contribute article with original headline plus appended pot-stirring question: ""Old-Fashioned Play Builds Serious Skills (Does standing-still predict success better than IQ?)<p>Or, if HN were to someday allow a comment-with-submission or subhead-with-submission, that would be a great place for highlighting an opinionated takeaway from deep in the article, even though the article's main thrust is something else.",1205603227
7,137621,comment,137454.0,137454.0,0,0,chaostheory,,,"having done it myself, I think to do lists are the web's hello world... albeit longer and more complicated (this was the same advice I was told the 1st time I publicized my 1st rails app on YC); you actually have some good ideas though<p>quick suggestions:<p>-for the basic to do ui though I'd check out <a href=""http://todoist.com"" rel=""nofollow"">http://todoist.com</a><p>-instead of the current quick entry ui u have now, why not just make it less clicks to enter any tasks (like an always showing add to do)<p>-it would be nice for projects to have to do lists (a la basecamp)<p>Until you get your UI stuff worked out I'm not sure you can charge yet",1205603073
8,137620,comment,136070.0,137587.0,0,0,byrneseyeview,,,This looks like progress!,1205602947
9,137619,story,,,2,0,secgeek,Orkut under attack,http://secgeeks.com/orkut_under_attack.html,,1205602595
10,137618,comment,137612.0,137612.0,0,0,yummyfajitas,,,"It's hard to summarize traits in the headline.<p>Here is an academic paper describing them:<p><a href=""http://www.iam.unibe.ch/~scg/Archive/Papers/Scha03aTraits.pdf"" rel=""nofollow"">http://www.iam.unibe.ch/~scg/Archive/Papers/Scha03aTraits.pd...</a><p>They were originally built for smalltalk, but apparently there is now a python library. I gave it a try, it's actually pretty nice.<p>Basically, traits provide reusable components of behavior that are not tied to classes. It's pretty sweet. It lets you do things like delegate data members/methods to other objects.<p>For instance:<p><pre><code>    class employee(HasTraits):\n        employer=Trait(company)\n\n    class manager(employee):\n        hire=Delegate('employer','hire')\n</code></pre>\nThis code causes an employee to have an employer data member, which MUST be a company object. So far, just static typing (checked at runtime).<p>The manager subclass of an employee has a ""hire"" method. But a manager doesn't hire employees himself; instead, he hires employees on behalf of his employer. So boss.hire(emp) is delegated to the boss's employer, and is equivalent to boss.employer.hire(emp).<p>It has lots of other cute features like this as well. Take a look.",1205602474
11,137617,comment,137519.0,137519.0,0,0,m0nty,,,"And the ""vote down"" button should be removed until the voter has commented on the post. Getting fed up seeing worthy comments down-modded without explanation.",1205602209
12,137616,story,,,2,0,nickb,Xpra (screen for X11),http://partiwm.org/browser/README.xpra,,1205602208
13,137615,comment,137491.0,137491.0,0,0,tocomment,,,"Kind of speaking of background processing.  If I open multiple pages in Safari on the iPhone, will they load simultaneously, and lead to time saving for me, or do the pages wait to load until you're on them?",1205601867
14,137614,comment,137520.0,137583.0,0,0,caudicus,,,"<a href=""http://en.wikipedia.org/wiki/Moral_hazard"" rel=""nofollow"">http://en.wikipedia.org/wiki/Moral_hazard</a>",1205601804
15,137613,comment,137531.0,137598.0,0,0,kcy,,,Interesting.  Do you deduct those expenses from future revenues or from your personal income?,1205601722
16,137612,story,,,2,1,yummyfajitas,Python traits: improving composability of object oriented programming,http://code.enthought.com/traits/#traitsui,,1205601379
17,137611,comment,137425.0,137593.0,0,0,kradic,,,Can you give an example of a similar ad you think is better?,1205600768
18,137610,comment,137536.0,137605.0,0,0,tim2,,,"Correction, the companies that I have experience with were not US based.<p>I will elaborate on why everyone loses. The workers lose because they are paid less than if they were free to find the highest paying job, and have to invest a large amount of money to get here (points 2 and 3.) America loses because the workers are forced into earning less money than they would if they didn't need to go with these companies to give them more than a remote chance of getting a visa. This undercuts American workers (point 1.)<p>The governments may let these companies do this is because the companies pass off their process as selecting higher quality visa candidates. Immigrants like them because they know they will not be turned down for a visa if they go through the company (and getting turned down causes problems later - what the hell??). Still, bad.",1205600760
19,137609,comment,137509.0,137585.0,0,0,tx,,,"I think he is not being mean enough. Personally I've taken even more radical position towards flash-only web sites: they endanger all of us, because they're going with a closed, proprietary platform over open standards, allowing (ultimately) corporate agendas to dominate the WRL ""web runtime library"". The author of the original flash site is an asshole. Here, I said it.<p>I don't want to live in the world, where I will be forced to install Java(FX), Flash and Silverlight (all fatty runtime downloads) <i>in addition</i> to perfectly fine HTML/CSS/JS.<p>Think of how much pain will it be (already is) to introduce new and innovative web-hardware, like an iPhone. You'll be at mercy of Adobe/Microsoft/Sun to release their stupid players for your architecture. And yes, by the way, Adobe prohibits you from reverse-engineering their player.",1205600621
20,137608,story,,,1,0,kradic,"1,700 Bands, Rocking as the CD Industry Reels",http://www.nytimes.com/2008/03/15/arts/music/15aust.html?ex=1363233600&en=53988209cdb7ef8a&ei=5090&partner=rssuserland&emc=rss&pagewanted=all,,1205600587
21,137607,story,,,1,0,kradic,New Federal Report Urges Changes in Teaching Math,http://www.nytimes.com/2008/03/14/education/14math.html?_r=1&ex=1363147200&en=a4ad670a21303567&ei=5090&partner=rssuserland&emc=rss&pagewanted=all&oref=slogin,,1205600541
